# .PCD v0.7 - Point Cloud Data file format
VERSION 0.7
FIELDS x y z intensity
SIZE 4 4 4 4
TYPE F F F F
COUNT 1 1 1 1
WIDTH 5343
HEIGHT 1
VIEWPOINT 0 0 0 1 0 0 0
POINTS 5343
DATA ascii
-7.2972627 9.2322235 -1.1763973 1
-6.9135871 9.1969652 -0.86103749 2
-7.2852244 9.214097 -0.73347819 1
-6.9511142 9.2392578 -0.65162873 2
4.7501774 1.2420444 -0.51741105 4
4.8739729 1.3398135 -0.56265438 0.5
-1.8203771 4.3650284 -0.50742447 3
-2.6365561 -2.2002926 -0.42677662 45
-2.2448742 -2.2540805 -0.44268537 40
-2.101069 -2.2559681 -0.4439683 44
-1.7005436 -2.2706258 -0.41000962 49
-1.6731176 -2.2500055 -0.45072111 43.333332
-1.5825804 -2.2505839 -0.44959384 0
-3.8528817 -2.150836 -0.42266959 28.5
-3.6092165 -2.1194696 -0.4366897 3
-3.144546 -2.1853509 -0.40932637 55
-3.0793035 -2.1581001 -0.44524062 17
-2.7401881 -2.1592989 -0.43597466 42.5
-2.5707271 -2.1293025 -0.45727503 9
-2.1559472 -2.1499369 -0.46435755 6
-2.0344918 -2.1629691 -0.47135073 5
-3.4149055 -2.0691392 -0.43991661 1
-2.9900832 -2.0353687 -0.42191705 8
-1.9274119 -2.0209272 -0.48017758 5
-1.5860256 -2.0764999 -0.48961318 7
-3.1050162 -1.9325094 -0.42374811 5
-2.8631587 -1.9594836 -0.44099215 6
-2.5519445 -1.9889487 -0.45866603 6
-2.4061334 -1.9671443 -0.45921046 5
-2.0265398 -1.9975446 -0.46958542 5
-2.9550643 -1.8952647 -0.42840087 1
-2.7386696 -1.8391676 -0.44129026 3
-2.3575792 -1.8133768 -0.44920385 4
-1.9065143 -1.8561544 -0.47057801 5
-1.8199486 -1.8778765 -0.48194593 5
-1.4532096 -1.8578427 -0.47070497 7
-1.3622363 -1.8652903 -0.47056013 8
5.0621262 -1.839599 -0.4064306 46
-2.5535254 -1.7109931 -0.44661939 4
-2.2372665 -1.7989615 -0.45275348 4
-1.7858135 -1.7070024 -0.45047104 4.5
-1.3791877 -1.7355701 -0.47368819 8
-1.2938225 -1.7372885 -0.47262359 1
1.2867775 -1.7332157 -0.42075929 1
-2.4037066 -1.6072409 -0.44756025 4
-2.2301502 -1.6980627 -0.45245183 4
-2.1159041 -1.6778439 -0.45338327 4
-1.6622139 -1.6499716 -0.45064893 5
-1.3018525 -1.607234 -0.46937293 9
1.2001826 -1.6028024 -0.43802422 1
-2.4316075 -1.5962784 -0.44755054 4
-2.3142939 -1.5030495 -0.44858259 4
-2.2893379 -1.5130745 -0.44881815 4
-2.1157887 -1.5926857 -0.45375454 4
-2.017343 -1.5787565 -0.45697457 4
-1.6784734 -1.5853372 -0.46153134 7
-1.5615175 -1.5658118 -0.45675036 6.5
-1.2439409 -1.5100138 -0.47067112 8
1.2491428 -1.5702617 -0.42604271 2
-2.209909 -1.4198524 -0.45071906 4
-2.1850078 -1.4259229 -0.44993567 4
-2.0124719 -1.4994321 -0.45603663 4
-1.9143721 -1.4414051 -0.45496884 5
-1.6278296 -1.4706424 -0.4546921 3.5
-1.5446006 -1.4352055 -0.45863187 5.3333335
-1.4486337 -1.4981095 -0.44926518 6
-1.3424087 -1.4271125 -0.45111045 6.5
-1.1853106 -1.4127696 -0.46888947 8
-0.90675288 -1.4403478 -0.47238767 9
-0.61324245 -1.4314011 -0.4759267 3
-0.12773649 -1.4618573 -0.42545944 7
-0.010179901 -1.4401107 -0.43540907 2
0.046807472 -1.4327699 -0.45818442 7
0.21618848 -1.4460899 -0.4364675 10.666667
0.31261215 -1.4156972 -0.46030021 13
0.45816529 -1.4342322 -0.43430135 3.5
0.52740753 -1.4488996 -0.46865636 13
0.78119665 -1.4637678 -0.42647016 2.5
1.1420135 -1.4511311 -0.42553282 18
1.4701219 -1.4272252 -0.43032587 2
-3.5556042 -1.3024951 -0.40349287 5
-3.4075141 -1.3050486 -0.4093827 1
-2.1048837 -1.3366331 -0.44878292 3
-2.090713 -1.3477861 -0.45090526 3
-1.8340402 -1.363272 -0.45715901 6.5
-1.7606193 -1.3165101 -0.45805085 8
-1.5195081 -1.3939559 -0.44965351 3
-1.4567677 -1.3597164 -0.45922685 6
-1.3690532 -1.3126532 -0.45305681 6.6666665
-1.2370681 -1.3481073 -0.44882107 7
-1.1403613 -1.3346014 -0.47025919 1
-1.0831596 -1.3352256 -0.47037047 2
-0.87480444 -1.3612149 -0.47489643 2
-0.65032953 -1.3794744 -0.47796255 2
-0.59751064 -1.3352293 -0.47181559 2
-0.43753248 -1.3085943 -0.47314435 3
-0.3383221 -1.331226 -0.4689745 2
-0.12373848 -1.3863794 -0.43362463 8.5
0.026150106 -1.3389467 -0.4414663 6.6666665
0.22154588 -1.3582776 -0.44705319 4.75
0.32037598 -1.3546666 -0.46125674 1
0.45712617 -1.3447145 -0.44737175 9
0.52009416 -1.3369248 -0.46660662 9.5
0.68222064 -1.3297527 -0.43363059 9.5
0.73510718 -1.3661021 -0.43294096 10.666667
0.92585582 -1.3424351 -0.43602586 20
1.0434635 -1.3555125 -0.43421617 5
2.9418268 -1.3087642 -0.45439947 5
-3.2367897 -1.2933577 -0.41019362 0
-3.1172636 -1.2971988 -0.41729087 0
-2.96101 -1.2806503 -0.41803122 0
-2.8280182 -1.2693413 -0.42110625 0
-2.712754 -1.2612131 -0.42544773 0
-2.5839748 -1.2429349 -0.42574894 3
-2.4734733 -1.2288461 -0.42814165 3
-2.3563788 -1.206681 -0.42783087 3
-2.0130606 -1.2715659 -0.45064417 5
-1.9387215 -1.2094479 -0.45283374 5.5
-1.7542928 -1.2587589 -0.45527071 8
-1.6924398 -1.2464452 -0.45822901 8
-1.4025007 -1.2494409 -0.4635914 8
-1.3412787 -1.2366234 -0.46272981 8
-1.2461975 -1.2614578 -0.44925395 7.5
-1.1455026 -1.2082753 -0.44919923 4
-1.0705448 -1.2480808 -0.46170178 11.333333
-0.82803595 -1.2414768 -0.47174168 2.5
-0.095769517 -1.2173439 -0.43547729 4
0.031951174 -1.2551336 -0.44960466 2
0.19604634 -1.210728 -0.4286375 2
0.21319643 -1.2559669 -0.43725067 8.25
0.32659894 -1.2601209 -0.45910615 7.5
0.44581637 -1.2412142 -0.45482802 2.8333333
0.68171531 -1.2425265 -0.42992687 2.3333333
0.7394793 -1.2602129 -0.43745828 2
0.8456766 -1.2027323 -0.44084692 1
0.94814521 -1.2396139 -0.43181831 2.75
1.030336 -1.2721101 -0.4383359 11.5
2.8309002 -1.2068913 -0.44848126 7
3.0588448 -1.2586607 -0.44714838 5
-2.2602887 -1.1937346 -0.43013132 2
-2.1700311 -1.1798449 -0.43212214 3
-2.0396729 -1.1555603 -0.43536752 2
-1.8724729 -1.1533411 -0.45421097 6
-1.7998059 -1.1003684 -0.45415485 7
-1.6513062 -1.1741538 -0.45931458 6.6666665
-1.5653883 -1.1153167 -0.45536959 7
-1.352239 -1.187229 -0.46536994 1
-1.2815953 -1.1347346 -0.46255279 5.6666665
-1.0339161 -1.1656358 -0.4577308 2.6666667
-0.96802461 -1.1270289 -0.45353431 4.5999999
-0.7629056 -1.1485126 -0.45741621 2.3333333
-0.42896754 -1.1784114 -0.44769567 3
-0.14429435 -1.1159515 -0.45298308 1
0.021409465 -1.1484191 -0.44831401 1.4
0.15304071 -1.155117 -0.44476616 1.5
0.25084394 -1.1647732 -0.46239525 2
0.35549888 -1.14949 -0.4505789 2
0.42933923 -1.159228 -0.44177687 2.5
0.64791501 -1.1587653 -0.43149126 3.25
0.73253262 -1.1201551 -0.44365424 3
0.87466478 -1.1354611 -0.43216604 3
0.92462844 -1.135389 -0.4338235 3
1.0235118 -1.1628876 -0.44941899 4
1.123091 -1.1297834 -0.43293327 1.75
1.6861038 -1.1529638 -0.40155011 9
1.7783128 -1.1006843 -0.43808958 10
1.8678893 -1.1257797 -0.43849927 16.25
1.9278461 -1.1160455 -0.41404739 21.25
2.3470533 -1.1640142 -0.44598413 12
2.5686984 -1.1042669 -0.44413418 5
2.6025 -1.1642289 -0.43600219 8
2.7812817 -1.1404276 -0.45491403 7
2.9996357 -1.1846787 -0.45273358 7
-1.8109158 -1.0960777 -0.45384926 6
-1.7495611 -1.0496342 -0.45627716 6.5
-1.6995058 -1.0018724 -0.45641744 6
-1.5323642 -1.0572308 -0.45691594 7
-1.2276826 -1.0457474 -0.46300068 1.6666666
-1.1740491 -1.001546 -0.46035802 1
-0.94129878 -1.0426083 -0.46044654 1.6
-0.85187477 -1.0459727 -0.44834569 0.66666669
-0.75109231 -1.0474951 -0.46301445 2.2
-0.1379043 -1.0468541 -0.4544653 1.6666666
-0.095559798 -1.0108129 -0.4540534 2
0.046175383 -1.0547363 -0.45513597 2.25
0.16793326 -1.0591662 -0.44449216 2
0.2557587 -1.0607259 -0.46059066 1.5
0.38517886 -1.0467106 -0.43688449 3.25
0.57725793 -1.0278778 -0.43659002 3.5
0.64398038 -1.0672519 -0.43331704 2.8
0.74827129 -1.0414264 -0.44189677 2.4000001
0.84309989 -1.0539972 -0.43978551 3.5
0.91737461 -1.0385019 -0.44221303 3
1.0264473 -1.0348686 -0.44438121 3
1.1237189 -1.0545202 -0.43279362 2.3333333
1.6485138 -1.0383257 -0.43880424 5
1.747633 -1.0753254 -0.4386535 10.333333
1.848212 -1.0473297 -0.46218371 5.5
2.0323827 -1.0378836 -0.41927606 28.5
2.2913816 -1.0569637 -0.46481735 6
2.5140479 -1.0343093 -0.44545352 3
2.6617212 -1.0036749 -0.45737398 4
2.7384303 -1.0798949 -0.46151757 4
2.8590171 -1.0336901 -0.45206237 11
2.900342 -1.0936753 -0.44599515 5
-1.6385086 -0.95568901 -0.4545911 5.75
-1.5834931 -0.91104668 -0.45275664 6
-1.4449518 -0.97359937 -0.45666584 7.5
-1.2163384 -0.92236865 -0.44308519 3
-1.1491486 -0.93123931 -0.45715851 1.6
-0.92392892 -0.95769536 -0.46271944 3
-0.88688642 -0.92802072 -0.46173525 2
-0.7333017 -0.96591365 -0.45663622 2
-0.67744696 -0.92330945 -0.45500311 1.8
-0.54267478 -0.95413697 -0.44576317 2.75
-0.41764042 -0.95577091 -0.44055095 3
-0.32905954 -0.95659733 -0.45466399 3.25
-0.15441172 -0.97366136 -0.46012682 2.5
-0.067526869 -0.9477914 -0.45505682 2
0.070730224 -0.94744396 -0.46112922 3
0.1785797 -0.95626879 -0.44281745 1.8333334
0.36439088 -0.93710357 -0.43704671 3.2
0.4597379 -0.94322348 -0.46887887 0.5
0.56044275 -0.93888474 -0.43204927 4
0.75930339 -0.9469198 -0.44080305 3.2
0.83992147 -0.96629333 -0.44492888 3.3333333
0.96126729 -0.93169194 -0.43854031 2.5999999
1.0424126 -0.97363484 -0.436178 2.75
1.1866384 -0.91390061 -0.43922511 3
1.2575928 -0.94914496 -0.43583268 2.4000001
1.3419074 -0.97422147 -0.41490018 1.1666666
1.4465559 -0.93539518 -0.44359067 1.7142857
1.5402344 -0.98023063 -0.43911719 8
1.6277547 -0.94495821 -0.44355786 5.5
1.7946211 -0.95682663 -0.46174419 10
2.0210838 -0.95947528 -0.44628254 14
2.1847107 -0.92598873 -0.45920545 6
2.2429171 -0.99243641 -0.46415675 7
2.4459462 -0.94186288 -0.44756371 4.5
2.6056194 -0.94025469 -0.45690125 5
2.7609639 -0.91071832 -0.45483005 4
2.8355157 -0.9827019 -0.46084714 9
-2.4073641 -0.80796295 -0.43461394 3
-2.3513453 -0.82290828 -0.43733224 3
-2.2624569 -0.84031177 -0.43867296 3
-2.1364057 -0.85466713 -0.43853337 3.5
-2.0295067 -0.87005568 -0.44176614 4
-1.9461752 -0.87646246 -0.4424172 4
-1.8708934 -0.88238251 -0.44427931 5
-1.7768548 -0.8889029 -0.44746459 3.5
-1.6793464 -0.8884058 -0.44818503 2.5
-1.5013348 -0.83792847 -0.45277554 5
-1.3638256 -0.88896275 -0.45680594 6.5
-1.2894441 -0.81130522 -0.45451358 4
-1.1376817 -0.85689622 -0.44543388 1
-1.064132 -0.83758622 -0.45177698 1.1
-0.95365071 -0.81226462 -0.44675997 1
-0.85372359 -0.85259825 -0.46169227 2.5
-0.65601754 -0.86593699 -0.46019781 2.5555556
-0.54236263 -0.83901435 -0.45829248 4.1666665
-0.40612972 -0.84797752 -0.46156114 4
-0.32529959 -0.83584642 -0.46161747 5
-0.26666525 -0.83256334 -0.44633994 5.3333335
-0.12285773 -0.85963225 -0.45070145 6
-0.036545929 -0.836281 -0.44310975 2
0.068118826 -0.83390033 -0.45024222 1.8
0.17548056 -0.88477641 -0.44842175 1.3333334
0.35203782 -0.83775538 -0.43545115 4.75
0.43876714 -0.85381949 -0.45866928 1.4
0.52388626 -0.84600139 -0.4336637 5.1666665
0.68615949 -0.82492733 -0.43503743 6
0.73706943 -0.85861111 -0.43914801 2.3
0.88337296 -0.81988305 -0.43557087 3.6666667
0.93363214 -0.86539727 -0.43869749 3.3333333
1.0748162 -0.81986856 -0.44151166 3
1.1356066 -0.85757285 -0.44019237 3
1.2505733 -0.84087569 -0.4417747 3.1428571
1.3404937 -0.87805003 -0.44012794 3
1.4032176 -0.8292613 -0.45043024 10
1.5832838 -0.84004045 -0.44488063 7.5
1.7314043 -0.84907061 -0.45879722 9.333333
1.9549717 -0.84805882 -0.4470908 7.5
2.1291332 -0.84703797 -0.46018991 7
2.3697734 -0.8314231 -0.45015517 4.5
2.5393391 -0.85742295 -0.45891815 4.5
2.6754808 -0.80074221 -0.45614225 3
2.714869 -0.85373104 -0.455396 3
-2.7280149 -0.71931332 -0.43112722 4
-2.6356473 -0.7512176 -0.43355533 3
-2.5441115 -0.78112084 -0.43542963 4
-2.4847558 -0.79805833 -0.43677193 4
-1.5466342 -0.70297068 -0.44691446 3.3333333
-1.4405663 -0.78209186 -0.45003021 4
-1.2339152 -0.7484256 -0.45556146 2
-1.0272293 -0.78831929 -0.45485306 1
-0.94068563 -0.77708948 -0.44977674 1
-0.83959037 -0.76155692 -0.45434245 1.3
-0.64985436 -0.77422869 -0.46465462 1.5
-0.51947975 -0.78329825 -0.45867783 3.5
-0.45079485 -0.76489604 -0.46084628 2
-0.34652123 -0.76360422 -0.4639577 2.3333333
-0.25323972 -0.75308436 -0.44695103 4.3333335
-0.19019131 -0.71688497 -0.44618535 4
-0.059183214 -0.75991255 -0.44965851 4.8333335
0.042432044 -0.73638517 -0.44356805 3.2857144
0.27019992 -0.7465871 -0.45559767 1.5
0.3484818 -0.76791674 -0.44517949 1.2857143
0.4635677 -0.74729115 -0.44745585 4.090909
0.50802743 -0.78598034 -0.4354108 6
0.65748346 -0.75039607 -0.43297374 5.6666665
0.78383482 -0.7082175 -0.43385708 5
0.83531761 -0.75600445 -0.43664241 4.4285712
0.96853179 -0.72744077 -0.44047582 4.1666665
1.0483123 -0.74875945 -0.43959451 4.4444447
1.1508038 -0.76427269 -0.44597039 3.4000001
1.2797203 -0.75569248 -0.44785491 4
1.3762958 -0.74901235 -0.45360392 3
1.5402772 -0.74510264 -0.4421699 2
1.6732775 -0.73794997 -0.45973048 6
1.8877679 -0.72764027 -0.44677764 8
1.9137298 -0.77461135 -0.44777703 7
2.0620422 -0.75119412 -0.45935076 7
2.2825119 -0.70648569 -0.44911313 5
2.316062 -0.7544623 -0.44994414 5
2.4554844 -0.75376499 -0.45804775 4.5
2.6118088 -0.72325784 -0.45333213 3.5
-2.9695132 -0.6315825 -0.43091959 3
-2.8628411 -0.67146331 -0.43089905 4
-2.7979224 -0.69739181 -0.43113452 4
-2.2136438 -0.60506457 -0.43430361 3
-2.1310818 -0.62571728 -0.43560147 3
-2.0267196 -0.65014744 -0.43772179 4
-1.9507412 -0.66436672 -0.43886065 5
-1.8581166 -0.68153447 -0.44207141 5.3333335
-1.7341065 -0.69174123 -0.44174322 4.5
-1.6465741 -0.69783485 -0.44354674 3
-1.3286728 -0.67493463 -0.43520632 1
-0.7273075 -0.6844883 -0.44202724 2.125
-0.65442246 -0.64362365 -0.44675145 4.3333335
-0.59946179 -0.60220784 -0.44443196 4
-0.48987681 -0.61616194 -0.47144163 0
-0.34770346 -0.62773019 -0.44627878 3.4285715
-0.23539281 -0.65143424 -0.44881532 4.3333335
-0.14990489 -0.65089238 -0.44616756 4.4000001
-0.057091635 -0.66854095 -0.45148882 3.3333333
0.053129435 -0.65787995 -0.44290829 4.1428571
0.16769241 -0.64278781 -0.44115061 3.625
0.24801019 -0.64391452 -0.45064121 5
0.36958635 -0.65536135 -0.45176172 4.25
0.45009777 -0.65265197 -0.44456297 4.2857141
0.58745128 -0.62620127 -0.43517771 4.5999999
0.61910039 -0.67647821 -0.43204555 5
0.7530514 -0.64528799 -0.43584695 4.3571429
0.8466422 -0.6305148 -0.43687025 4.9166665
0.94263768 -0.64718127 -0.44031692 5.7619047
1.0387743 -0.66665876 -0.44022322 4.75
1.1314532 -0.65142143 -0.4497793 7
1.2498673 -0.6407513 -0.44657478 4
1.3515667 -0.66275626 -0.45961598 4.6666665
1.4934843 -0.61219746 -0.44579333 4
1.5121648 -0.66615838 -0.44402638 3
1.6272321 -0.65536672 -0.4563337 7
1.848125 -0.64636141 -0.44894597 6.3333335
1.9852688 -0.62745118 -0.45968825 7
2.0213778 -0.68659669 -0.46002555 7
2.2459972 -0.64251435 -0.45024079 5
2.3648777 -0.62271506 -0.45973983 5
2.4033449 -0.68430734 -0.45793068 5
2.5582895 -0.63577414 -0.45572498 4
-3.1419525 -0.53075653 -0.42663527 1.5
-3.0739739 -0.58669925 -0.4312413 3
-2.4427624 -0.51289964 -0.42758632 3
-2.3442917 -0.55890071 -0.43153366 3
-2.2540417 -0.58446962 -0.43133891 3
-1.6626606 -0.51566136 -0.44190827 7.5
-1.5398256 -0.55208552 -0.44385168 9
-1.4474936 -0.57152593 -0.44456035 7
-0.85404783 -0.50545537 -0.4538849 0
-0.70253861 -0.53599727 -0.45512691 0
-0.69212282 -0.5134936 -0.45425966 2
-0.58112127 -0.53816181 -0.45172009 3.2857144
-0.46749187 -0.53308553 -0.45021185 5
-0.35903257 -0.54510731 -0.4503836 4.3333335
-0.25242588 -0.54784936 -0.44758457 4.3333335
-0.15236142 -0.56158626 -0.44680128 3.5714285
-0.010733703 -0.50750685 -0.44966352 3
0.075398162 -0.54662067 -0.44168219 4.5999999
0.16240002 -0.54891002 -0.44290012 5
0.2643162 -0.54346055 -0.44685048 5
0.34563312 -0.54465753 -0.44478208 5.125
0.43666989 -0.54763848 -0.45220739 5.25
0.55369771 -0.55501008 -0.43672225 3.4444444
0.67005754 -0.54391325 -0.43915588 4
0.76173073 -0.54647577 -0.44175935 4.5500002
0.84191561 -0.55004185 -0.4392288 4.5925927
0.93297696 -0.5605886 -0.44446194 5.5
1.0369694 -0.54191422 -0.43895233 5.6666665
1.1137171 -0.54891002 -0.45351011 6.75
1.2247194 -0.5411222 -0.44338557 4.6666665
1.3130957 -0.5483399 -0.45852122 4
1.475914 -0.54756862 -0.44853616 3.6666667
1.5783859 -0.55256945 -0.45506406 2.5
1.7967381 -0.53475714 -0.44895166 12
1.8164046 -0.57173824 -0.45070863 1
1.9304844 -0.53679818 -0.4580752 7
2.187542 -0.52657413 -0.45174709 6.5
2.2166197 -0.58355331 -0.45244652 6
2.3166757 -0.54471934 -0.45998803 5.5
2.5080049 -0.55328763 -0.45439962 4.5
-3.6585541 -0.43260697 -0.46861583 5
-3.20928 -0.47093156 -0.4226554 0
-2.6272774 -0.41928449 -0.42449364 3
-2.5501757 -0.46199852 -0.42609411 3
-1.9127959 -0.40381101 -0.43750548 4
-1.8556715 -0.43811402 -0.43977055 4
-1.7599978 -0.48139 -0.44147518 5
-1.6618006 -0.41511789 -0.44297761 7.5
-1.5436966 -0.46009839 -0.44481659 8
-0.96539688 -0.44517827 -0.4517101 2
-0.82236338 -0.46013936 -0.44883457 3.1428571
-0.79525179 -0.41736004 -0.44899878 5
-0.66436273 -0.44638422 -0.45179704 5.5454545
-0.55390507 -0.44193751 -0.44978419 6.5
-0.46432486 -0.46175292 -0.44813189 7.8333335
-0.34911698 -0.47031847 -0.44176638 4.5555553
-0.27327338 -0.4443216 -0.44156742 3.7142856
-0.16356398 -0.42755538 -0.43834758 2.5
-0.01964014 -0.44875112 -0.44542491 3.75
0.063811682 -0.4489252 -0.44327787 4.6666665
0.15583293 -0.4439283 -0.44500276 4.1666665
0.26959279 -0.44837889 -0.44724414 5.0666666
0.36306655 -0.441838 -0.44303745 5.4375
0.43244398 -0.44712913 -0.44678265 4.1111112
0.66039872 -0.43511614 -0.43320397 3
0.75581884 -0.45531231 -0.44317162 4.0645161
0.84789288 -0.44707376 -0.44049498 4.3076925
0.93670362 -0.45203343 -0.44485548 4.8571429
1.0585911 -0.44468182 -0.44282395 5.375
1.1945282 -0.41332227 -0.43754709 6
1.2584267 -0.46111888 -0.45553213 5.5999999
1.4472929 -0.44353142 -0.45003444 3.75
1.5412197 -0.45118245 -0.45828375 2.6666667
1.7621748 -0.45229274 -0.44681993 4.5
1.8845387 -0.4422164 -0.45912918 5.3333335
2.1483078 -0.43893662 -0.45141554 6.3333335
2.2638702 -0.45576677 -0.45850334 6
2.4674916 -0.46146718 -0.45587978 4.3333335
-3.676476 -0.35208529 -0.45863277 8
-2.743041 -0.33645678 -0.42070198 2
-2.6844397 -0.38887236 -0.42478257 3
-2.0328934 -0.32454762 -0.43628958 3.3333333
-1.9607786 -0.37584001 -0.43717057 4
-1.8261935 -0.32013831 -0.43769112 4.3333335
-1.7415428 -0.37046048 -0.43967569 5.6666665
-0.91771382 -0.38702452 -0.44575146 3
-0.8814646 -0.33717424 -0.44353649 4
-0.76307392 -0.34930187 -0.44861698 4.7692308
-0.62443298 -0.34463871 -0.44489014 6.5555553
-0.53018075 -0.35354641 -0.44721001 6.5714288
-0.34751409 -0.36419994 -0.42802316 3.5
-0.28844059 -0.35009289 -0.44157678 5
-0.11449134 -0.33707914 -0.43952072 4.1666665
-0.033945683 -0.3568562 -0.439845 5.1999998
0.051793464 -0.36169848 -0.44245881 4.5
0.1554198 -0.34708413 -0.44437274 4.869565
0.27383295 -0.34907824 -0.44577399 4.6428571
0.3656368 -0.35073105 -0.44325799 5.9230771
0.45330814 -0.34838474 -0.4451856 5.5625
0.54549563 -0.31472382 -0.43359232 4.1999998
0.68819374 -0.37973371 -0.43094698 2
0.76567632 -0.35797298 -0.43611935 4.9166665
0.84788674 -0.34256217 -0.4429045 5
0.92972672 -0.35124651 -0.44692826 4.875
1.0485361 -0.34495229 -0.44479537 4.8000002
1.1866356 -0.34435308 -0.44020751 6
1.2517818 -0.35019985 -0.45163554 6
1.4427471 -0.3371833 -0.45514879 3.8
1.5139885 -0.3717742 -0.45844555 2.6666667
1.7303203 -0.34983143 -0.44698706 2
1.8435231 -0.34254086 -0.45865455 5
2.1175535 -0.34396133 -0.45192012 7
2.2212176 -0.34547228 -0.45999151 6
2.4250612 -0.35847929 -0.45403114 4.3333335
-3.6694329 -0.26852909 -0.44738871 7
-3.5209947 -0.20426267 -0.42219967 0
-2.8517017 -0.24389143 -0.41819301 2
-2.1357982 -0.22959937 -0.43342778 3
-2.0828154 -0.27890444 -0.43407816 3
-1.9309047 -0.23881674 -0.43626711 3
-1.8794259 -0.28114453 -0.43678883 3
-0.83099002 -0.25207677 -0.44627923 4.25
-0.7228002 -0.26104096 -0.44830874 5.1666665
-0.64993244 -0.25209618 -0.44219697 5.75
-0.56693542 -0.24356373 -0.45071474 7.1111112
-0.45589399 -0.24380603 -0.45588142 7.0999999
-0.34358597 -0.21693623 -0.44172606 7
-0.27452213 -0.22248355 -0.44439611 5.5999999
-0.1720527 -0.21379896 -0.42941591 5
-0.077505849 -0.24659766 -0.44677517 5.6666665
0.05866443 -0.2421938 -0.44317353 4.5999999
0.15774824 -0.25284478 -0.44509369 5.0769229
0.27524635 -0.25156161 -0.44430488 4.2352943
0.36552975 -0.25387105 -0.44336262 5.6666665
0.44166306 -0.25581637 -0.44727498 5.6923075
0.54641581 -0.24372393 -0.44223404 5.7058825
0.60184652 -0.20645764 -0.43193325 5
0.78005922 -0.2686919 -0.43230194 5.5
0.84155524 -0.25247163 -0.43500352 5.5
0.92240757 -0.24684948 -0.44296479 5.6666665
1.0432519 -0.24821022 -0.44810635 4.5
1.1768209 -0.24867907 -0.44136199 5
1.2296896 -0.24459729 -0.45045692 5.8000002
1.3963047 -0.22966473 -0.44273821 4
1.4714137 -0.25915211 -0.45824155 3
1.7130847 -0.25785524 -0.44822395 2
1.8111823 -0.23986416 -0.4579106 5.75
2.0940385 -0.21414816 -0.45058513 7
2.1446362 -0.25010997 -0.45541018 6.5
2.2001426 -0.27244827 -0.46032071 6
2.4071898 -0.25057071 -0.45415711 4.75
-3.5057611 -0.15121576 -0.4157618 0
-2.92732 -0.13980776 -0.41339791 1
-2.2118397 -0.1352811 -0.43205726 3
-2.1860127 -0.17795959 -0.43344176 3
-2.0348353 -0.13115802 -0.43578637 2.5
-1.9892194 -0.18115431 -0.43516392 3
-0.80105728 -0.14419056 -0.44569829 4.6666665
-0.76639843 -0.13887616 -0.44487277 4.5
-0.68071175 -0.14948362 -0.44030467 5.8888888
-0.55696261 -0.14994997 -0.45170054 7.0833335
-0.45462468 -0.14458759 -0.45433664 6.8571429
-0.35296762 -0.14745364 -0.43689466 6.375
-0.24801205 -0.14709967 -0.43763733 5.2727275
-0.16068594 -0.13622773 -0.42647484 5
-0.052425027 -0.15301451 -0.44892555 5.7777777
0.054136924 -0.15445001 -0.44862562 5.7777777
0.14978917 -0.14945926 -0.44401705 5.7916665
0.27544534 -0.1400799 -0.443901 4.7692308
0.34039861 -0.14741874 -0.44474861 5.4545455
0.45164198 -0.14005798 -0.44486669 4.6666665
0.56434065 -0.15525496 -0.44459501 5
0.83728218 -0.16487055 -0.4373222 6
0.92320484 -0.15252495 -0.43982589 5.2222223
1.0386322 -0.1499774 -0.44819546 5.4166665
1.1753414 -0.15269384 -0.44443187 5
1.2167804 -0.14972034 -0.4507319 5
1.3930835 -0.14494115 -0.44440883 5.8000002
1.4656117 -0.14987947 -0.46050635 3
1.7432097 -0.14684694 -0.45166954 3.3333333
2.0965767 -0.14631836 -0.45135173 6.6666665
2.1809678 -0.14890656 -0.45942718 5.75
2.4120424 -0.14815235 -0.4554151 4.6666665
-3.5292563 -0.072720498 -0.41226041 0
-3.0088489 -0.030132711 -0.41311443 2
-2.9823437 -0.073867619 -0.41368762 3
-2.2516499 -0.046786398 -0.42948806 3
-2.0780454 -0.049748763 -0.43293011 2
-0.76903707 -0.051062159 -0.44570518 4.4375
-0.65964305 -0.049263988 -0.44045225 5.6666665
-0.5455116 -0.049633462 -0.44691643 6.8461537
-0.44752479 -0.050686561 -0.4446055 6.25
-0.34730867 -0.049210284 -0.4466539 7.6875
-0.24037305 -0.050497003 -0.43407592 5
-0.13405247 -0.055820048 -0.43102804 4.8000002
-0.041075222 -0.053295888 -0.44219404 5.3000002
0.058101255 -0.051280122 -0.44678143 6.3333335
0.15575087 -0.054136276 -0.44603685 5.5789475
0.27066767 -0.043678015 -0.4430573 5
0.34282574 -0.051380027 -0.44608238 5.2222223
0.44303098 -0.04927583 -0.44605902 4.5277777
0.54681009 -0.056398757 -0.44829583 5.4705882
0.85265207 -0.050079014 -0.44564986 7.125
0.92174387 -0.046698585 -0.439062 5.8333335
1.0364258 -0.049908072 -0.44666484 6
1.1795092 -0.052227851 -0.44690832 5
1.2130674 -0.052315969 -0.45263717 4.1666665
1.396264 -0.053088114 -0.44552094 6
1.4503626 -0.042680573 -0.45913938 3.5
1.7553974 -0.043741945 -0.45322117 3.3333333
2.0980995 -0.09265051 -0.44997919 6
2.157599 -0.042602222 -0.45691875 6.1428571
2.4350867 -0.04830756 -0.45578468 4.25
-3.5494514 0.032782234 -0.40926316 0
-3.0295753 0.040609412 -0.41136408 0
-2.2815299 0.060551878 -0.42741105 3
-2.1141055 0.049397599 -0.43106353 2.3333333
-0.75370222 0.05099155 -0.44211465 4.8823528
-0.64719123 0.050419621 -0.4404875 6.5555553
-0.53831458 0.050297506 -0.44543633 6.8461537
-0.44216388 0.045128677 -0.43786415 6.125
-0.34335056 0.048836999 -0.44136295 9
-0.23667601 0.051244039 -0.43442994 5.4000001
-0.14576785 0.056594621 -0.43100673 5.125
-0.054353632 0.049150608 -0.437686 5.2307692
0.060164239 0.052304793 -0.4454481 6.125
0.15785661 0.056139935 -0.4457567 5.4210525
0.26924828 0.051002033 -0.44751665 5.3703704
0.33721781 0.051801514 -0.44718322 5.5454545
0.44080001 0.045609791 -0.44560975 5.147059
0.54287368 0.052658439 -0.4526298 5.375
0.85658377 0.052337661 -0.44955251 7.75
0.92791992 0.057465281 -0.44124964 6.7777777
1.040796 0.050301082 -0.4477002 5.9230771
1.186545 0.045731258 -0.44548994 5
1.2143365 0.050124157 -0.45240748 4.5
1.4395812 0.051277794 -0.45525342 4.5
1.7557038 0.043183137 -0.45195889 3
1.8052423 0.075819075 -0.45737687 5.5
2.1611569 0.046404593 -0.454739 5.8000002
2.2194302 0.071730025 -0.4604533 5.3333335
2.4774446 0.037196826 -0.45787445 4
2.5022559 0.081199609 -0.45901823 3
-3.5774369 0.14226292 -0.41067553 0
-3.0461798 0.13546082 -0.40895432 1.5
-2.2817309 0.15590852 -0.42542005 2.3333333
-2.1184788 0.1533356 -0.42794505 2.5
-0.81173444 0.15445194 -0.44272143 4.25
-0.75508076 0.14822669 -0.44263703 5.375
-0.65841323 0.14293614 -0.43614146 5.7777777
-0.54639727 0.14802057 -0.44669056 7.181818
-0.4446525 0.14757058 -0.44568068 6.875
-0.35551628 0.14222136 -0.44251913 7
-0.24248022 0.15493141 -0.4262549 5.25
-0.16065562 0.14315383 -0.43507075 5.1199999
-0.049648099 0.15017822 -0.43976071 6
0.054308221 0.15589663 -0.44263208 5.5555553
0.15987571 0.15483005 -0.44514379 5.4761906
0.26090166 0.15452866 -0.44898254 5.352941
0.32483903 0.14430138 -0.44835249 4.9333334
0.43556222 0.14303719 -0.44309926 4.8235292
0.54163307 0.15151584 -0.45221084 5.0588236
0.86003172 0.15007439 -0.44467318 7.375
0.93138534 0.15883449 -0.43959895 6.7777777
1.0518532 0.14933673 -0.4493084 6
1.1947157 0.10915545 -0.44461975 5
1.2151686 0.15497537 -0.44943497 5.2222223
1.4584862 0.1468506 -0.45576498 3.6666667
1.7742862 0.14620595 -0.45211917 1.25
1.8259466 0.14403237 -0.45923942 4.25
2.1936445 0.12239607 -0.45644915 6
2.2378459 0.15679245 -0.45823464 4.4000001
2.5400298 0.14120521 -0.45798662 3.3333333
-3.5395195 0.24834055 -0.40642592 0
-3.0469861 0.23047075 -0.40817431 1.5
-2.268163 0.25027254 -0.42506734 2
-2.1100655 0.24210568 -0.42761308 2
-2.0920167 0.28511989 -0.42592454 3
-0.82832146 0.26270783 -0.43607318 4.2307692
-0.75957114 0.24715243 -0.44116694 4.9285712
-0.6667046 0.23980072 -0.43812945 5.8461537
-0.56272674 0.25396654 -0.44285282 7.6666665
-0.45097509 0.2532585 -0.44761166 7.4285712
-0.34667641 0.24536993 -0.42630026 6.5
-0.25469673 0.2556189 -0.43851095 5.625
-0.15142599 0.24582309 -0.44008806 5.625
-0.062631771 0.24127591 -0.44004175 6
0.032467179 0.25251067 -0.43623704 5.5
0.15593572 0.24546814 -0.44720605 5.1578946
0.29328117 0.24642444 -0.44196251 4.1666665
0.34310329 0.25363666 -0.44822159 5.0666666
0.44278711 0.24427694 -0.44622338 5.5
0.55374563 0.24050486 -0.45369354 5.3333335
0.61205119 0.24987042 -0.44631562 2
0.8636024 0.25926125 -0.44310755 7.8888888
0.93995494 0.25033721 -0.44249904 6.4545455
1.0652269 0.24804655 -0.45238513 6
1.232175 0.25116894 -0.44881791 5.6363635
1.4843835 0.23879649 -0.45690835 3
1.5050009 0.28847465 -0.4583239 3
1.8412811 0.2434441 -0.4551062 3.5
2.2762322 0.22293347 -0.4589642 4.5
2.3248031 0.27742305 -0.46172103 4.3333335
2.5917587 0.20421246 -0.45927471 4
2.6338172 0.25371861 -0.4595471 3
-3.5118856 0.35489249 -0.40670317 3
-3.0265801 0.34903613 -0.40789345 2.6666667
-2.2287042 0.34098879 -0.4244701 2.6666667
-2.1832125 0.39637253 -0.42144987 4
-2.0621111 0.35514179 -0.42590412 3.5
-0.90703982 0.38967296 -0.43711615 6
-0.85665119 0.34365904 -0.43602133 4.647059
-0.75523287 0.35150775 -0.43957427 4.6666665
-0.64055812 0.35270464 -0.4384729 6.9000001
-0.55898577 0.33256072 -0.43519086 7
-0.45773283 0.32104158 -0.4469198 8
-0.32308307 0.36000332 -0.4334363 6.6666665
-0.25791857 0.35804591 -0.43741438 6.5714288
-0.12375977 0.34600416 -0.43125772 4.1666665
-0.066981435 0.37048253 -0.43877524 5.5999999
0.047215335 0.37442061 -0.44786012 7
0.15792313 0.35797837 -0.44636464 6.875
0.27423626 0.34472772 -0.450973 6.0714288
0.33221078 0.34636971 -0.44966108 5.818182
0.43741441 0.34530634 -0.44769162 5.625
0.52700275 0.3094314 -0.44522178 2.6666667
0.6750558 0.37781405 -0.45501101 2.6666667
0.70496064 0.39172196 -0.45296395 4
0.85289466 0.35784373 -0.43858859 6.7857141
0.9542076 0.35085088 -0.45104313 6
1.0791436 0.34405097 -0.45176539 5
1.2609687 0.35317296 -0.45212486 6.375
1.497277 0.30080247 -0.45215178 2
1.5216757 0.34787002 -0.45508808 2.5714285
1.8753346 0.32090685 -0.45292488 3
1.9162482 0.36039177 -0.45928293 4
2.3637075 0.33903387 -0.45991501 4.8000002
2.4196062 0.38875005 -0.4621824 4
2.686146 0.30522636 -0.46054715 3
2.7456024 0.36073476 -0.46263748 3
-3.5349233 0.46835473 -0.41688028 8
-2.9784384 0.46271837 -0.40860915 4
-2.1545849 0.4540666 -0.42555666 4
-2.0129232 0.42016855 -0.42501235 4
-1.978618 0.47185364 -0.42724791 5.6666665
-0.92569667 0.44713041 -0.43630838 2.7142856
-0.84922791 0.43406421 -0.4369306 4.2222223
-0.74948382 0.45586565 -0.43954995 5.3333335
-0.6559934 0.42339617 -0.43969718 6.4000001
-0.4484781 0.4722538 -0.43754303 8.1111107
-0.35364759 0.44710976 -0.43632951 7
-0.25943553 0.45592213 -0.4358578 6.8666668
-0.18688014 0.49995655 -0.43410355 3
-0.015281749 0.45252651 -0.43798313 6
0.041905481 0.44633287 -0.44978768 5.7777777
0.15071483 0.44963053 -0.45567903 5.4166665
0.2758719 0.45142648 -0.4507111 5.25
0.32353452 0.44775856 -0.44959876 5.25
0.43356887 0.44754979 -0.44032213 5.375
0.55830431 0.45545086 -0.44537634 2
0.63534838 0.45089534 -0.4512361 5
0.75604075 0.46114263 -0.45434788 4.1333332
0.84603566 0.44796148 -0.44378716 6.8333335
0.96606469 0.44669187 -0.45351663 6.125
1.0948275 0.43664172 -0.44858962 5.75
1.1050383 0.45864335 -0.45676741 6.1666665
1.288908 0.43793264 -0.45483753 6.6666665
1.3101171 0.49253747 -0.45828289 5.5
1.5649554 0.44670367 -0.45492133 2.625
1.961193 0.44146439 -0.45707968 6
2.4526916 0.43413079 -0.4616999 3.75
2.5133042 0.49218619 -0.46407726 4
2.8357215 0.4392482 -0.46422985 3
-3.7504399 0.58750796 -0.45236939 20
-3.4696088 0.59594303 -0.42210209 2
-2.9344189 0.52668464 -0.40884539 3
-2.8876245 0.56418222 -0.40706506 4
-2.1067045 0.50544614 -0.42614672 5
-2.0507219 0.55277675 -0.42709628 5.3333335
-1.945407 0.55263174 -0.42858657 5.3333335
-1.843156 0.57720262 -0.42784655 5.6666665
-0.95591062 0.5223406 -0.44316632 0
-0.82281703 0.51238072 -0.43640801 1
-0.72218347 0.50380415 -0.43809107 4
-0.53089017 0.56470662 -0.43691891 7.4000001
-0.47718838 0.52938104 -0.43468797 6.1111112
-0.35291123 0.54547411 -0.43357328 6.4761906
-0.2594806 0.54450059 -0.43314558 6.75
-0.16652863 0.54322988 -0.43919858 5
0.08636342 0.54821932 -0.46271235 6
0.13610499 0.54638743 -0.45402405 5.3333335
0.25230783 0.54868412 -0.45317364 5
0.30452687 0.54294527 -0.44886249 4.8000002
0.44885859 0.55084401 -0.44589451 6
0.53767747 0.54642791 -0.45682338 4.1666665
0.67388636 0.54505122 -0.45480049 4.2222223
0.73807281 0.563438 -0.45390743 4
0.8513636 0.55029833 -0.45253852 4.6206899
0.97784168 0.54307568 -0.4534404 5.625
1.1252203 0.56004208 -0.4563835 7
1.3333752 0.55752093 -0.46148688 5.5714288
1.5894914 0.51123887 -0.45749599 3
1.6234049 0.55939424 -0.45482874 2.2
2.0404494 0.5503996 -0.4580352 6.7142859
2.567023 0.5502106 -0.46190566 3
2.9406104 0.52526402 -0.465556 3
3.0260727 0.59427714 -0.46545082 3
-3.3153455 0.61917865 -0.40791523 4
-3.2535267 0.65926361 -0.40748033 1
-2.8255 0.62083471 -0.40739417 4
-2.7728264 0.67737806 -0.41098946 4
-1.9288589 0.63519073 -0.43062267 6.3333335
-1.8249614 0.66961813 -0.42772782 7
-1.7564315 0.64382881 -0.42914674 6.75
-1.6500297 0.66792446 -0.43066856 6.3333335
-1.5850219 0.69128227 -0.43268269 5
-0.71045917 0.68364936 -0.43751487 6
-0.65133548 0.65044993 -0.44017392 6
-0.58639205 0.60592842 -0.4372291 6.5
-0.44436514 0.65792871 -0.43956482 5.2222223
-0.37706548 0.6368925 -0.44082841 4
-0.25130185 0.64161795 -0.43882486 4.1666665
-0.14601071 0.64896262 -0.43905979 6
-0.068322651 0.65199369 -0.43845096 4
0.090346642 0.65570372 -0.46261752 4
0.13601969 0.63256186 -0.45566726 3.875
0.26453128 0.64086622 -0.44535178 5.0999999
0.36526892 0.64261597 -0.45533931 5
0.45251423 0.64956665 -0.44857088 5
0.56784737 0.64436674 -0.45941192 4
0.61632246 0.67629385 -0.45603433 4.6666665
0.75749773 0.64601511 -0.45370349 4.7272725
0.85833287 0.64535737 -0.44577312 4.2307692
0.95992661 0.63756508 -0.45539641 3.75
1.0514506 0.6977734 -0.46323651 1
1.1475801 0.65613198 -0.45569456 7.5
1.3728398 0.6611529 -0.46148846 4.5
1.6614211 0.63790405 -0.4589763 2
1.7028521 0.67612278 -0.45544767 2
2.1321731 0.65973616 -0.46116251 5.5
2.6605659 0.63312715 -0.4632453 3
2.7012677 0.663598 -0.46980953 4
3.0815988 0.64128602 -0.46385002 2
3.1580856 0.69529766 -0.46461248 2
-3.2319188 0.73316586 -0.41650683 5
-3.1096191 0.77934134 -0.41221127 6
-2.7308562 0.73480225 -0.41701412 4
-2.621455 0.76895666 -0.41285834 6
-2.5486763 0.78872317 -0.41035351 6
-1.7242899 0.71220076 -0.4323141 7
-1.6488369 0.73176444 -0.43313611 6
-1.5467738 0.73222494 -0.43449837 3.5999999
-1.4797481 0.75989085 -0.43554744 1
-1.3804953 0.70735741 -0.42460829 1
-1.1338274 0.77602953 -0.43668336 0.2
-1.0582409 0.73072505 -0.43451539 0.16666667
-0.95591384 0.75561196 -0.43694595 0.5
-0.84080976 0.77935284 -0.43978506 1
-0.63578737 0.79301667 -0.43187183 4
-0.54295832 0.7517572 -0.4351185 5.8571429
-0.4641194 0.72972107 -0.4368051 5.3333335
-0.32772461 0.75268918 -0.43606257 5.5
-0.26375398 0.75076044 -0.43573189 3.625
-0.12421501 0.76130623 -0.43567687 5.5999999
-0.080071472 0.73140001 -0.43838534 5.3333335
0.081416123 0.76856643 -0.44501811 2
0.12249523 0.71262217 -0.46440387 1
0.27907735 0.75284201 -0.45151132 2.4000001
0.33232898 0.75245035 -0.46171218 4.5
0.45929366 0.74264896 -0.45111454 3.9230769
0.50643021 0.79714769 -0.4558419 5
0.64212275 0.75585151 -0.45655894 4.5
0.84924811 0.73743504 -0.45537499 3.1666667
0.99297339 0.75636154 -0.44737744 2.6666667
1.0454589 0.72341406 -0.45744264 1
1.1572418 0.76370245 -0.46018532 2.6363637
1.3812861 0.73584867 -0.45871249 4
1.4136066 0.76657134 -0.45490494 3.6666667
1.6691226 0.74611121 -0.45565116 5.6666665
1.7419399 0.75810504 -0.4620741 6.75
2.1925585 0.7290135 -0.47065699 6
2.2338142 0.76454133 -0.46603522 6.3333335
2.7625706 0.71691644 -0.46816257 4
2.8194318 0.76713234 -0.46710896 4
3.2528443 0.75730634 -0.46900451 0
-3.0291994 0.80745184 -0.41099876 9
-2.9348905 0.82858664 -0.40705907 24
-2.4543719 0.81870794 -0.40982881 13.5
-2.3192861 0.84962034 -0.40791014 31
-2.2476847 0.87981331 -0.41204092 21
-2.198221 0.89731842 -0.41547841 14
-1.3184941 0.87844431 -0.41841868 1
-1.2265464 0.87764335 -0.42877719 0.66666669
-1.1613013 0.84252006 -0.43117842 1.3333334
-1.0302768 0.85569644 -0.43267995 2.75
-0.97118229 0.83265376 -0.43289033 3
-0.86129886 0.82737839 -0.43040475 3
-0.73079777 0.87870359 -0.42952937 2
-0.6590234 0.8532747 -0.43319994 5.1428571
-0.56926721 0.82354099 -0.43489626 6.6666665
-0.43327805 0.85676092 -0.41832504 15.333333
-0.37096182 0.84510583 -0.42903444 10.857142
-0.20708099 0.86091465 -0.40640497 18
-0.15179285 0.84740788 -0.43078423 10.285714
0.061046191 0.85163605 -0.42789817 11.142858
0.16251962 0.84596711 -0.43236032 11.666667
0.23755784 0.85032618 -0.4350585 15.875
0.35100821 0.84406996 -0.44593221 12.2
0.45655027 0.85197347 -0.43749857 8.25
0.53359956 0.85786384 -0.43043134 15.285714
0.68416417 0.8345266 -0.45635152 6.75
0.73501158 0.86636794 -0.42646751 15.888889
0.84240079 0.85132301 -0.42638981 8
0.95318758 0.85761285 -0.44853961 7.2727275
1.0317457 0.88225615 -0.42268488 8
1.1804025 0.83067912 -0.45534477 1.2
1.2585903 0.85428607 -0.45473576 2.8571429
1.3452586 0.87699121 -0.43721452 4.5
1.4419434 0.86963075 -0.44135362 6.818182
1.5096335 0.88397491 -0.40649882 12
1.7649391 0.85855496 -0.4389888 14
1.8187444 0.86984491 -0.446055 21
2.2480958 0.86773974 -0.43770131 15.857142
2.3216784 0.87952048 -0.44190049 9.666667
2.446182 0.89703822 -0.42645937 13.25
2.5563786 0.89746684 -0.42058966 18.666666
2.7799447 0.87344235 -0.40331194 25
2.8359203 0.83792406 -0.4357478 12.5
2.9137826 0.8497479 -0.46616277 4
3.3547628 0.82232088 -0.47225302 0
-2.3422258 0.96737033 -0.40630811 19
-2.2956679 0.98741663 -0.41240075 33
-2.1398041 0.90892392 -0.41645777 10
-2.0409627 0.91595453 -0.41574508 6.5
-1.9518603 0.9248777 -0.41691646 4
-1.8707989 0.93271309 -0.41927952 2.5
-1.7835407 0.93261808 -0.41971385 1
-1.3012754 0.93961042 -0.42362955 1
-1.2588259 0.95056266 -0.42839503 5.8000002
-1.1520147 0.94462764 -0.42657447 2.5
-1.0603741 0.94631916 -0.42673519 3.6666667
-0.93147588 0.9701429 -0.42776036 4
-0.86341834 0.93396384 -0.42978105 4
-0.73451352 0.96060586 -0.43178642 2.8333333
-0.68778121 0.92507917 -0.43536344 3.5
2.6748402 0.90146524 -0.42217043 21
2.7456737 0.90000409 -0.41604787 22
2.9802692 0.92589206 -0.45566654 9
3.5425782 0.91834432 -0.49172306 1
3.6521688 0.99236047 -0.49249905 4
4.9478016 0.98583937 -0.41121364 21
-2.2382677 1.0004858 -0.41492009 10
-2.1363354 1.0091138 -0.41666406 5.5
-2.0388343 1.0147377 -0.41782439 4
-1.9509156 1.0213423 -0.42157695 3.5
-1.8344188 1.0234823 -0.42586571 1.5
-1.3350402 1.0434002 -0.42624283 6.75
-1.2306859 1.0554595 -0.42610949 2
-1.1445491 1.0613003 -0.42406493 14
-1.0921909 1.0300577 -0.42375475 4
-0.93799138 1.0621656 -0.4219383 4
-0.85349339 1.0318763 -0.43180549 2.25
-0.75379169 1.0554807 -0.42198473 2.75
3.109998 1.0095279 -0.43365526 19
3.3201632 1.054549 -0.4621228 13
3.4439211 1.0609763 -0.46032467 13.5
3.5514853 1.0504127 -0.44499171 14.333333
3.6038585 1.0143609 -0.45987165 10
3.7028389 1.0669273 -0.45403695 13
3.8453968 1.0680017 -0.45071566 12.5
4.7674651 1.0669043 -0.44122833 86
4.84828 1.0255524 -0.42555249 29
-1.4446836 1.1549278 -0.42292491 7
-1.3707029 1.1410347 -0.42253372 7.3333335
-1.2475023 1.1633245 -0.42476919 9
-1.1746169 1.1579859 -0.42416978 3
-1.0260215 1.1543283 -0.42411563 3
-0.93626076 1.1393013 -0.42023772 4
-0.8147397 1.1618153 -0.42213717 2
-0.75755912 1.142222 -0.41696763 2
-0.67415643 1.1675048 -0.43180341 2
4.7588162 1.1636322 -0.48678532 27.666666
4.8617702 1.1537424 -0.46553564 46
-1.5508702 1.2565562 -0.42263401 6
-1.472609 1.2669697 -0.41948161 6
-1.2593402 1.2513555 -0.42028117 11
-1.0519075 1.2839391 -0.4229207 13.5
-0.97151333 1.2112877 -0.41935542 3
-0.84807974 1.2496566 -0.42478698 2
-0.76268917 1.2438403 -0.42773902 8.333333
-1.6232421 1.3441844 -0.41743258 3.5
-1.5465506 1.337938 -0.41969022 5.3333335
-1.3404113 1.3529558 -0.4195784 8
-1.134118 1.3574607 -0.42133963 10
-1.0540664 1.3762566 -0.41765612 11
-0.84280652 1.3315461 -0.42464787 4.75
-0.76172519 1.3694737 -0.44498006 5.5
-1.6578619 1.4175062 -0.41633841 4
-1.5982862 1.4410391 -0.41696608 5
-1.4138294 1.4028921 -0.41626906 7
-1.3885618 1.4798191 -0.41536573 8
-1.1509924 1.473238 -0.4204829 9
-0.91479248 1.4274123 -0.4190549 8
-0.85277849 1.4459828 -0.43291903 9
-1.7490828 1.5228158 -0.41546959 4
-1.678087 1.5379432 -0.41324887 6
-1.4797736 1.5537055 -0.41574669 7
-1.251801 1.5720603 -0.41851637 8
-1.1647036 1.5922165 -0.41644168 8
-0.95342392 1.551924 -0.42975855 8
-0.87393218 1.5120269 -0.41785893 7
-1.8520038 1.6401154 -0.41317916 4
-1.7788389 1.659815 -0.4114525 5
-1.5843037 1.6403897 -0.41716722 5
-1.0134466 1.6557307 -0.43015528 7
-0.91154963 1.6286496 -0.41536257 7
-2.0158472 1.7797561 -0.41194877 3
-1.9409295 1.7869407 -0.41430533 3
-1.6834958 1.7791216 -0.41398838 5
-1.5557185 1.7226868 -0.41236466 6
-1.3258119 1.7058063 -0.41716799 7
-1.2299919 1.7182505 -0.41414094 7
-0.95643538 1.7651988 -0.41253793 6
-3.0515764 1.8639826 -0.42116159 6
-1.905352 1.8106405 -0.41402099 4
-1.6526116 1.8626145 -0.40804848 5
-1.4032898 1.8455719 -0.41115749 6
-1.3018235 1.8562294 -0.40846911 7
-1.0675344 1.8208224 -0.41564655 6
-2.1452098 1.9235476 -0.40598148 3
-2.0544329 1.9525666 -0.40943637 3
-1.8046738 1.9437762 -0.41296759 4
-1.1340985 1.9895751 -0.41084778 4
-1.0085557 1.9266717 -0.41039783 5
-1.7763433 2.0405159 -0.40715337 4
-1.5144659 2.0431669 -0.41264379 4
-1.3982239 2.0391977 -0.40899074 4
-3.2074149 2.105809 -0.41141522 1
-2.3195667 2.1132455 -0.40320066 1
-2.2368169 2.1282787 -0.40662584 1
-2.1800015 2.135314 -0.40206382 1
-1.9324895 2.1184528 -0.40558457 3
-1.066309 2.1011047 -0.40275261 3
-1.7934694 2.2012682 -0.41102704 2
-1.6293806 2.2458012 -0.40647426 5
-1.5051159 2.2421658 -0.40442097 4
-1.2245275 2.2161911 -0.41164577 4
-2.5340207 2.3458645 -0.40215603 0
-2.4316456 2.3508399 -0.40226409 0
-2.1051693 2.3520529 -0.40148577 3
-1.9283873 2.3060482 -0.40430459 3
-1.1492552 2.3522522 -0.40348971 4
-1.3178164 2.4508531 -0.40372133 4
-3.0397277 -2.2456343 -0.32450828 1
-2.2460802 -2.254071 -0.36897624 47.5
-2.0940228 -2.2598724 -0.36957443 54
-1.9604511 -2.2742207 -0.31084207 42.5
-1.8456361 -2.2787185 -0.35595885 47
-1.7307212 -2.2667856 -0.36487937 60.5
-1.6719635 -2.2680039 -0.35816419 62
-1.5662971 -2.2742224 -0.36875132 35.5
-3.1402671 -2.1880348 -0.34142673 70
-2.7634597 -2.1813078 -0.34957373 127.5
-2.6220512 -2.1973734 -0.35396791 55.5
5.0767403 -1.7800083 -0.37429765 90.5
5.1508265 -1.7410207 -0.34851778 41
5.2146392 -1.738266 -0.36804608 24
5.3219399 -1.7197359 -0.33818182 17
5.4034796 -1.7247742 -0.35882294 18
5.7441635 -1.7684243 -0.35223123 21
5.9325099 -1.7502896 -0.33283961 21
6.0756588 -1.7746053 -0.35989568 57
6.1424494 -1.7217263 -0.32376358 15
6.2537336 -1.736184 -0.34849644 6
-3.2034481 -1.6661388 -0.31082582 7
6.3794575 -1.6848314 -0.32590464 17
6.6963234 -1.6801729 -0.31409204 8
6.7258525 -1.6744816 -0.33439153 9
7.0532675 -1.6622443 -0.32275531 8.5
7.4861345 -1.657696 -0.32481143 8.5
7.8507881 -1.6249602 -0.32509601 11.5
10.189181 -1.6805171 -0.3889493 9
7.8777056 -1.510685 -0.31109542 10.5
0.82217127 -1.4356929 -0.39924175 0
1.6682193 -1.3556309 -0.31445053 1
1.9781353 -1.3122725 -0.3604351 13
-4.3085451 -1.28784 -0.38733336 2
-4.087872 -1.2897174 -0.38918662 6
-3.8961878 -1.2958326 -0.39311117 6
-3.7004275 -1.2929033 -0.39626193 7
-1.0079221 -1.2151995 -0.38952857 2
-0.63324863 -1.2774422 -0.31215236 2
1.0894929 -1.2116511 -0.36720884 1
1.4663337 -1.217669 -0.33251348 2
1.8369547 -1.2181485 -0.34850407 2
2.7161827 -1.224843 -0.38163683 3
1.0807338 -1.1406962 -0.37059429 1
1.2855176 -1.173981 -0.37010148 5
1.4178365 -1.1891481 -0.34167963 36
1.7315037 -1.1377929 -0.36177588 7
1.8726666 -1.1692619 -0.33080789 27.25
1.9486291 -1.1170526 -0.35502869 18
2.2621455 -1.1789417 -0.38257205 25
2.4600015 -1.136344 -0.33665326 18.200001
-0.54692 -1.0062029 -0.35912034 3.8
-0.42413044 -1.028933 -0.35049164 2.25
-0.33804587 -1.0132847 -0.3615554 2.5
1.1063317 -1.0100628 -0.37877092 2
1.2587427 -1.059785 -0.3025021 1
1.5641284 -1.0148795 -0.31402692 1
1.9839902 -1.0884141 -0.36966717 12.666667
2.0085211 -1.0671227 -0.36391258 10.5
-0.65819645 -0.97262627 -0.31284249 1.3333334
-0.55458206 -0.98500824 -0.35568717 4.1666665
-0.45064947 -0.98480558 -0.36935464 3
-0.33516222 -0.98036295 -0.38574249 2
1.1435162 -0.98251694 -0.35085699 0.71428573
1.2127471 -0.98241699 -0.31700566 5
1.3633742 -0.97699344 -0.38207906 1
1.4503599 -0.97978985 -0.35340708 0.77777779
-0.35969788 -0.50055796 -0.38882941 4
-0.44149965 -0.27733499 -0.37680745 3
-0.37289488 -0.21057592 -0.37442183 5
-0.17804927 -0.21038675 -0.39362103 2
-0.17487894 -0.12692264 -0.35427046 1
0.26339591 -0.14694028 -0.35879803 3
0.34203067 -0.15781538 -0.37007746 2.1666667
-0.21435139 -0.014150886 -0.39648068 4
-0.1675051 -0.033691559 -0.39439848 4
-0.33504289 0.15496421 -0.36298406 3.8
-0.20730197 0.13991231 -0.35198984 1
0.44186732 0.12839215 -0.36208567 2
-0.29043517 0.28671709 -0.35944179 2
-0.36821839 0.33017641 -0.34956208 2.5
5.1849837 0.69709694 -0.32726523 34
5.2114677 0.64110363 -0.30736095 28
4.9555426 0.75888276 -0.34103006 29
5.0895462 0.76386636 -0.33207187 27
5.1933522 0.7146855 -0.32061493 31
-2.7950423 0.83179581 -0.39635131 27
-2.66435 0.8339901 -0.38670719 31
-2.5511463 0.83815497 -0.37975925 42
-2.4318244 0.83633226 -0.3708826 42
-2.3243446 0.85547632 -0.36977011 73.5
-0.52728069 0.87300855 -0.34265402 17.4
-0.46230918 0.86913204 -0.37056082 19
-0.31308019 0.86684877 -0.31252185 17.666666
-0.25364783 0.86793792 -0.35443857 18.299999
-0.16038609 0.86692023 -0.36450112 18
-0.04789184 0.86936587 -0.34517354 18.666666
0.030740414 0.8636452 -0.36625069 18.5
0.15103029 0.86230087 -0.35006994 16.1
0.24681449 0.86138588 -0.35637736 17.875
0.34808555 0.85895646 -0.34826779 15.8
0.44603238 0.86175901 -0.35174653 17
0.57162678 0.86339104 -0.36903498 17.714285
0.62055933 0.8640604 -0.32748184 17.333334
0.78526014 0.87449443 -0.36218688 20.1
0.83666348 0.87421107 -0.3420634 18.222221
0.96246672 0.87216568 -0.34301001 14.125
1.0604957 0.88166881 -0.35345671 7.7777777
1.1405426 0.88064271 -0.34272787 7.6666665
1.2039218 0.88453346 -0.30637529 8
1.3616412 0.88349664 -0.37431419 7.5999999
1.4463832 0.89172995 -0.32579482 11
1.5646286 0.88253373 -0.36704296 8.25
1.6548951 0.88407952 -0.35163331 9.625
1.7201284 0.87938023 -0.34865603 12
2.0421233 0.8751179 -0.3133468 25
2.1345384 0.87458754 -0.347927 29
2.2041569 0.88429594 -0.34217152 20.5
2.5599384 0.8705098 -0.30713722 25
2.6467321 0.87584543 -0.35799289 24.75
2.7436433 0.8828969 -0.37747052 24.5
4.9403629 0.83951759 -0.35688052 22.333334
-2.3301806 0.91942281 -0.39015442 95
2.1635013 0.90143216 -0.32084602 5
2.6792452 0.9003731 -0.39525303 22
4.9373226 0.92083299 -0.38745618 20
3.3529992 1.0168467 -0.35840774 16.5
-3.2920945 1.6410283 -0.32273066 10
-3.5419443 1.8594072 -0.37583891 22
-3.3812296 1.8449613 -0.38286155 23
-3.2245386 1.819417 -0.3445555 23
-3.0872281 1.8281831 -0.34852064 41
-3.06603 1.9302535 -0.36218145 41
-1.9077555 2.2274232 -0.39891779 4
-2.3715043 2.3590765 -0.39753133 1
-2.082854 2.4499452 -0.39682758 3
-1.7657063 2.4853723 -0.39850083 4
-1.6342841 2.4831283 -0.39781007 4
-2.2799342 2.5898306 -0.39679581 0
-2.3124995 2.6304934 -0.39592883 1
-1.2371824 2.6163797 -0.39465025 3
-2.2986636 2.7761273 -0.38895494 1
-1.7858182 2.768086 -0.38816589 3
-1.4405514 2.7543912 -0.39595601 3
-1.9474851 2.8017781 -0.39119744 3
-1.3479944 2.9482756 -0.38493827 1
-2.608079 3.0256448 -0.39609346 0
-1.9954237 3.1570253 -0.38065854 0
-1.5870916 3.1178589 -0.38375148 1
-2.1888428 3.2209656 -0.38503045 0
-1.8241874 3.7028835 -0.38136342 0
-2.5431571 3.8337288 -0.38249481 0
-1.809315 4.3225021 -0.39795625 10
-3.4729397 -2.2483361 -0.21551654 53
-3.3551326 -2.2472816 -0.24311972 55
-3.2338908 -2.2392495 -0.2707386 48
-3.1046991 -2.2107043 -0.25866306 39
-2.2407141 -2.265285 -0.24611208 38.5
-2.1222153 -2.2807751 -0.25580737 17
-2.0777123 -2.2697535 -0.27267981 46
-1.8372538 -2.2830439 -0.2270484 44
-1.7213949 -2.2637794 -0.26881328 59.666668
-1.6982999 -2.2801075 -0.29901907 56
-3.1835933 -2.1923909 -0.25670195 68.5
-3.0750844 -2.1764069 -0.26512492 73
-2.7780232 -2.1912737 -0.25994855 58
-2.6113358 -2.1991444 -0.25867307 64
-0.36968553 -1.8915831 -0.25112483 3
-3.3592772 -1.5561672 -0.25964773 7
-3.2736061 -1.5770835 -0.2737709 7
-3.1909876 -1.5950013 -0.28706226 10
-3.2342823 -1.4317999 -0.22991773 7
-3.1145513 -1.3154536 -0.20262641 6
-0.65193743 -1.3392973 -0.2693831 2
1.2987607 -1.3484229 -0.22635266 12
1.3289924 -1.3521066 -0.24003123 0.5
-0.63426584 -1.2702652 -0.28014046 1
1.6092474 -1.2460008 -0.27213678 2
1.8931184 -1.1615224 -0.29076433 30
1.9400284 -1.1203429 -0.2651715 12.4
2.3859229 -1.1779227 -0.26643324 5.5
2.4498677 -1.1392454 -0.25459355 6.1999998
-0.90839297 -1.0611625 -0.27645478 0
-0.85321325 -1.0042629 -0.24484749 3
-0.76398134 -1.0515513 -0.24583751 3
-0.53946912 -1.0277143 -0.21568486 2
-0.41379967 -1.0142634 -0.26529551 0.5
-0.35771701 -1.0198165 -0.23376104 4.4000001
0.22611964 -1.0145974 -0.24740247 0
0.38877892 -1.003381 -0.23363581 0
0.55005533 -1.0118072 -0.24928156 0.40000001
0.7496469 -1.0106854 -0.24769433 0
0.96208906 -1.0401226 -0.28312871 0
1.0281981 -1.0415057 -0.23947781 1.6666666
1.2527499 -1.0356809 -0.2638641 2.3333333
1.340644 -1.017567 -0.24352142 1.25
1.4783925 -1.061978 -0.21683952 2
1.9798306 -1.0592769 -0.25724417 2.75
2.4924145 -1.0999759 -0.28708878 7
-3.3254859 -0.913652 -0.27323067 7
-0.74526405 -0.98927605 -0.22870867 6
-0.65784436 -0.96799469 -0.26494774 1.5
-0.54582292 -0.97595739 -0.24316689 1.5
-0.43461224 -0.98667008 -0.2332245 1.0666667
-0.34396872 -0.97610581 -0.26428318 2.4000001
0.017219355 -0.96755987 -0.24362525 0
0.12893055 -0.97108054 -0.24661803 0
0.56017238 -0.99317151 -0.22759779 0.33333334
0.78410584 -0.9994607 -0.22756162 1
0.80066681 -0.99823076 -0.21019244 0
1.052971 -0.98085481 -0.23338912 1.3333334
1.1650965 -0.99064064 -0.21115839 0
1.2481319 -0.985102 -0.25926974 0.83333331
1.3259623 -0.98120272 -0.22514862 4
5.7603621 -0.9885838 -0.21042229 14
-3.3455935 -0.86078817 -0.25777027 10
-3.2206688 -0.7694428 -0.23085615 6
-3.1660194 -0.70082366 -0.2117503 7
-4.5377464 -0.63143128 -0.22471008 11
-3.6221306 -0.62128299 -0.20010573 20
5.9644771 -0.68898731 -0.20000497 0
-4.7094107 -0.57310116 -0.21916229 12
-0.33885115 -0.15589753 -0.22548175 1.8
-0.24974184 -0.13912001 -0.21949571 1
-0.18534292 -0.10697261 -0.26567137 1
0.34557536 -0.16203266 -0.24827537 1
-0.24314673 0.14720123 -0.23728468 1.3333334
0.3750965 0.14355494 -0.25063226 2.3
0.41597584 0.14289729 -0.26836625 1.5
5.1925259 0.14302512 -0.20553643 54.666668
-0.36480486 0.20081159 -0.29663107 2
5.1971869 0.24778874 -0.22227587 24
-0.52259994 0.31257576 -0.24298242 2
5.1979427 0.33387378 -0.23738994 22
5.2016034 0.38223729 -0.24440438 22
5.1943679 0.42236289 -0.25765741 22
5.2025557 0.47079432 -0.26587564 22
5.2075009 0.55415291 -0.28377065 22
-0.52951133 0.86636835 -0.25899902 16.5
-0.43285245 0.87193185 -0.22444403 17.299999
-0.37013468 0.86994642 -0.26241812 17.461538
-0.23710704 0.87028235 -0.20969366 16.666666
-0.15623447 0.87126112 -0.26063305 17.4
-0.040095862 0.87236351 -0.22907273 15.166667
0.04224864 0.87035298 -0.26475245 18.444445
0.15460907 0.87165421 -0.23304626 19.5
0.25321925 0.86306572 -0.28634134 13.5
0.35923937 0.86171651 -0.25283465 19
0.44085056 0.86386716 -0.23887543 18.1
0.54158926 0.86483324 -0.24860814 16.615385
0.66857141 0.8688339 -0.27171203 17
0.74779052 0.87818348 -0.23378108 19.285715
0.86000854 0.88110095 -0.26221982 18.625
0.93472582 0.88108289 -0.2411444 13.785714
1.0573554 0.87706882 -0.24861424 14.777778
1.1428009 0.88250583 -0.26567718 7.5
1.2429973 0.88751835 -0.24858195 7.4444447
1.3587934 0.89325494 -0.23027799 12.5
1.4582815 0.89303958 -0.24977481 11
1.5546544 0.88264066 -0.26359707 5.8000002
1.6265687 0.87918705 -0.22260864 0.5
1.8756137 0.87787277 -0.20558029 6
1.9569902 0.87581587 -0.23620656 12.8
2.0588956 0.88491106 -0.26485512 13.75
2.1907341 0.89856929 -0.2419005 18
2.2663116 0.89858705 -0.2529836 23
2.3533142 0.88784647 -0.24317169 24.200001
2.4626181 0.88012606 -0.24038704 27.333334
2.5372276 0.86785603 -0.26499137 26
2.6003399 0.86885673 -0.29623184 24
2.7727485 0.86929315 -0.2130146 22
2.9169817 0.89830524 -0.25498644 68
0.94983268 0.9000681 -0.20722038 8
1.3122029 0.90071726 -0.25883874 10
2.1480696 0.90215826 -0.2525216 12
2.4632225 0.90138078 -0.23497361 37
2.5767992 0.90143687 -0.24880198 35
2.6582434 0.90401119 -0.23919874 39
2.7409329 0.90467197 -0.22827688 33
2.8893692 0.92767632 -0.22312176 29
3.3500001 1.0656557 -0.24421316 18
3.4753542 1.065537 -0.23089585 18
3.6211762 1.06955 -0.21855423 17
3.7691789 1.0685856 -0.20409617 14
-2.6691275 1.2384129 -0.23735958 5
4.8207102 1.2805356 -0.2115308 32
4.8946247 1.3729026 -0.2453706 28
-3.2772849 1.6283685 -0.23312882 6
-3.3271928 1.7271786 -0.25912374 29
-3.4062829 1.8469136 -0.2909109 16
-2.3455138 3.9230888 -0.20967335 34
-2.2749586 3.9795022 -0.26377279 25
-2.5007224 4.0809526 -0.23175126 14
-1.8193479 4.3377366 -0.29546717 59
-6.3921571 6.4297943 -0.21010906 7
-5.1304173 6.6961989 -0.29115295 10
-6.4487796 6.829401 -0.21257746 4
-6.5100579 7.0912137 -0.22646466 2
-7.0939016 8.9355106 -0.28672633 7
4.6931863 -3.2310486 -0.10982378 10
-3.8838964 -2.2608597 -0.12744156 58
-3.7382193 -2.2576094 -0.15823203 55
-3.6036284 -2.2544572 -0.1875729 58
-3.097899 -2.2001061 -0.17671941 57
-2.6105752 -2.2069285 -0.16424137 67
-2.265712 -2.2569835 -0.13171785 49.5
-2.0672505 -2.2685874 -0.15459915 51.666668
-1.9523472 -2.2798238 -0.16881123 45
-1.720837 -2.2630303 -0.14836024 65.333336
-3.1859581 -2.1933119 -0.14547284 61.333332
-3.0938861 -2.1989286 -0.13119814 62
-2.7540658 -2.1628053 -0.14414729 54.666668
-0.61032546 -1.7967305 -0.10483715 2
-0.62716603 -1.5543884 -0.1616129 6
-0.34599513 -1.5165023 -0.17932922 152
1.5102124 -1.5825379 -0.16186976 2
-0.60815936 -1.4382459 -0.17433806 7
1.3777941 -1.4132349 -0.16559336 25
-0.34822917 -1.3312675 -0.11585344 2
-3.0959997 -1.24933 -0.18413191 6
1.2660129 -1.2648149 -0.16730867 2
1.4749379 -1.2538198 -0.11324352 35
-3.0832844 -1.1601884 -0.16002759 7
-0.7805956 -1.1098722 -0.13732405 0.66666669
1.1932448 -1.1842694 -0.15616658 0
1.2590334 -1.1812015 -0.17384705 1
1.857179 -1.1469128 -0.10338475 2
2.7679253 -1.1614715 -0.13549984 5
-3.0811176 -1.0490371 -0.13015023 8.5
-0.85011798 -1.0037276 -0.16126595 4.6666665
-0.74788988 -1.0366677 -0.18008323 2
-0.53302181 -1.0259951 -0.16844252 0.85714287
-0.42338586 -1.0195439 -0.11444234 2
-0.36554104 -1.030732 -0.13427594 4.0999999
0.56424272 -1.0115409 -0.12090532 23.200001
0.66707873 -1.0135835 -0.12648782 21.6
0.7473911 -1.0143149 -0.11275544 24
0.84242451 -1.0105791 -0.12292891 24.5
0.91520935 -1.0043002 -0.13203992 19.666666
1.0083525 -1.0375552 -0.12679771 2
1.2217767 -1.0325016 -0.13010873 0.71428573
1.3756534 -1.0204982 -0.15155795 6
1.4596739 -1.0102913 -0.15716007 0.5
-3.085876 -0.96894753 -0.11050859 13
-0.85525841 -0.99514991 -0.11619873 5
-0.78252053 -0.98052716 -0.19414298 16.5
-0.64593184 -0.97302496 -0.13490631 1.7142857
-0.56114739 -0.9733178 -0.12935703 1.7142857
-0.45056567 -0.98781282 -0.16675775 1.9
-0.34563723 -0.98000401 -0.13625658 3.1428571
0.34536546 -0.98919314 -0.1341946 3.625
0.46869305 -0.98969305 -0.14443393 12.857142
0.55562574 -0.99427706 -0.1486645 15.333333
0.64128429 -0.98965353 -0.14734778 12.384615
0.76163822 -0.98954499 -0.17174758 6.75
0.84685284 -0.98986119 -0.15058964 9.7777777
0.91994524 -0.98382157 -0.1416207 11.5
1.0516082 -0.98046505 -0.17218596 1.3333334
1.245247 -0.98759115 -0.18817115 2
1.3840135 -0.98323995 -0.17183979 0.33333334
1.4539193 -0.98197716 -0.14728467 2.2
1.5221664 -0.97688508 -0.13023393 1.6666666
1.6150663 -0.99459219 -0.10508421 6
5.2718048 -0.81794941 -0.17806374 1
-3.2978926 -0.61805099 -0.19349924 8
-3.1706171 -0.64681327 -0.1983307 10
4.9741678 -0.69725621 -0.16561592 3.5
5.3094301 -0.67476988 -0.17429408 29.5
-3.8035464 -0.58906746 -0.1985622 1
4.9058361 -0.47968292 -0.15460545 28.5
5.2391915 -0.44322386 -0.16577378 45
-3.7283428 -0.35013241 -0.155249 23.5
5.2357507 -0.34995267 -0.16802078 51
-4.5115976 -0.22990051 -0.16561186 56
-3.733772 -0.25312293 -0.14170645 24
-0.37130636 -0.22673099 -0.15843166 1
5.2221856 -0.24627022 -0.16941293 72.333336
-0.40474111 -0.16212441 -0.14256617 1
-0.34469947 -0.14580294 -0.12617011 1
-0.25775126 -0.12197258 -0.14819638 0.33333334
5.2014928 -0.15347452 -0.17495036 100
-0.25010893 -0.086634614 -0.12728648 0
5.1946669 -0.061687846 -0.18234216 139.5
5.2011313 -0.069325782 -0.18020856 149
-0.23848152 0.08732415 -0.15935859 0
5.1923642 0.03882008 -0.19187558 150
-4.9044008 0.18633445 -0.14949964 38
-0.42126593 0.16305234 -0.13093349 1.8
-0.34004599 0.15722851 -0.12114397 1.2727273
-0.28136769 0.15058391 -0.15394652 0.78947371
-3.623256 0.39019394 -0.107043 35
-4.7378483 0.43604943 -0.14145692 25
-3.6517935 0.4590807 -0.11005788 32
-3.8669472 0.55894095 -0.12022035 17
-3.8087375 0.61951429 -0.12274078 23
-4.4276505 0.81234843 -0.15077196 20
-4.0573297 0.81501997 -0.14387438 25
-3.7291369 0.81327009 -0.13864645 27
-3.4875913 0.82065725 -0.13653296 27
-3.2673788 0.8248294 -0.13566512 28
-3.0801938 0.83067423 -0.13543516 29
-2.903785 0.83241266 -0.13512476 28
-2.7506971 0.83491307 -0.13717197 33
-2.6192708 0.84020102 -0.13909827 40
-2.4813838 0.83755332 -0.14047943 33
-2.3455 0.85286885 -0.14732406 68.5
-0.52775425 0.86668545 -0.15218037 17.23077
-0.44349173 0.86684483 -0.16317633 17.222221
-0.33909535 0.86359179 -0.13686965 15.8
-0.26727852 0.8631016 -0.16198288 15.909091
-0.14819086 0.86719018 -0.13140276 14.1
-0.048119955 0.87303686 -0.14894667 15.6
0.052104183 0.87373203 -0.16522381 18.444445
0.10268986 0.87717181 -0.19399241 19
0.39366844 0.86524296 -0.19153613 18
0.45494464 0.86885679 -0.15358791 18
0.54221261 0.8741858 -0.1459635 18.333334
0.65146512 0.86706382 -0.14083616 16.4
0.75410074 0.87603492 -0.16075298 18.52174
0.83917207 0.87883317 -0.13598529 18.4
0.97090936 0.88214141 -0.15455496 13.888889
1.0412445 0.88447309 -0.15332006 14.153846
1.1501176 0.87815285 -0.14097962 13.875
1.2532834 0.88033628 -0.15747437 14.875
1.3443036 0.88199437 -0.12154891 12.25
1.467285 0.88632238 -0.16512941 6.5
1.5115221 0.88892901 -0.1611625 1
1.8413364 0.87761426 -0.18404144 2
1.9396813 0.88832659 -0.14364392 6.5
2.1699867 0.87615979 -0.1135616 6
2.2605164 0.8740536 -0.1408983 11.4
2.3565352 0.86986482 -0.16614074 16.5
2.57129 0.87028247 -0.12161772 14.5
2.657465 0.87228733 -0.15976168 17
2.7104249 0.8692897 -0.18581268 19
-2.3198938 0.95464075 -0.14931554 39.200001
1.069746 0.9043442 -0.1665884 8
1.2484794 0.90429264 -0.19933605 10
1.9217967 0.90837437 -0.12856309 2
2.5622518 0.90299308 -0.19153944 36
2.6437111 0.90573174 -0.18371771 33
2.7287254 0.90750372 -0.17524408 30
2.8236198 0.91136122 -0.16694486 44
-2.3153541 1.016482 -0.12965053 27
3.324846 1.0666865 -0.18380338 18
3.4466803 1.0677872 -0.17311457 18
3.5777171 1.06897 -0.16187279 17
3.734889 1.0743821 -0.15038069 14
4.7638812 1.0574672 -0.1264091 89
4.9672279 1.037886 -0.10688919 15
4.7686872 1.1618555 -0.16617498 49.5
-2.7242224 1.2735915 -0.17177205 5
4.7708025 1.2255055 -0.12878406 36
4.9262056 1.2029216 -0.11077347 17
4.8438616 1.3130629 -0.15373804 32
4.9415174 1.4108207 -0.18268545 9
-2.4214547 3.8786185 -0.15809058 49
-2.3996572 3.885042 -0.12442215 72
-2.5373952 3.9037952 -0.10797608 42
-1.9858729 4.0738649 -0.13158406 55
-1.8599693 4.4446373 -0.19885096 16
-8.4709911 6.6612134 -0.10188094 32
-5.33426 6.9632702 -0.14486568 1
-5.252058 8.2581902 -0.12095232 20
-5.1674032 8.315114 -0.13927218 19
-4.038722 -2.2651999 -0.097704694 60
-3.0964577 -2.2021732 -0.062152915 61.5
-2.8301635 -2.2140245 -0.017125998 11
-2.7675116 -2.2390263 -0.042141456 22
-2.6404653 -2.221559 -0.056118354 30.5
-2.5992196 -2.2012575 -0.093496799 55
-2.2812099 -2.2613869 -0.038697675 55
-2.1518934 -2.2907989 -0.078158222 14
-2.0699174 -2.256999 -0.071372785 64.5
-1.7326448 -2.2604363 -0.029961936 63
-3.2008111 -2.1976461 -0.012250979 62
-3.1938393 -2.1958642 -0.056814294 55
-2.7642317 -2.161303 -0.034946393 98
-3.229924 -1.7023605 -0.048419911 8
5.0992651 -1.784133 -0.043504134 50
5.1801 -1.7222463 -0.047613811 48
5.3925223 -1.7133167 -0.027168091 30
-3.2442238 -1.6393886 -0.022510771 7
5.5538349 -1.6808242 -0.0059685977 41
-0.54935676 -1.3058417 -0.07824108 9.5
-0.38295966 -1.3006274 -0.0882065 31
2.0988212 -1.3059632 -0.02308831 2
2.1391902 -1.3089817 -0.05281553 0
-0.75854719 -1.2635221 -0.032460354 0.5
-0.54443151 -1.2867674 -0.051008772 3
1.398228 -1.207675 -0.048794109 0
1.4533759 -1.216786 -0.064503759 2.6666667
3.0896142 -1.2036288 -0.067769125 0
3.3218787 -1.201965 -0.039528687 4
-0.76251727 -1.1638724 -0.060582314 0
1.250288 -1.122375 -0.094434217 0
1.3828913 -1.1814886 -0.044686023 0
1.4487423 -1.1825336 -0.020162288 1
2.7849281 -1.1517457 -0.091112226 0
3.1859033 -1.1959269 -0.053434964 1
3.368372 -1.1848161 -0.049299337 1.5
3.4205697 -1.1724972 -0.059412543 1
-0.86124641 -1.0170482 -0.00018894758 7
-0.7707423 -1.0761397 -0.083033174 0
-0.54704607 -1.0266632 -0.04711426 0.80000001
-0.4138318 -1.0286936 -0.088977218 2.6666667
-0.36319301 -1.0076481 -0.033538736 0.5
0.38750505 -1.0060792 -0.091271736 5.5
0.41874248 -1.0044111 -0.060307145 5.25
0.55665761 -1.0135818 -0.062553495 20.23077
0.65048999 -1.0159878 -0.055446427 21.75
0.73681569 -1.0123638 -0.056613147 22
0.84751129 -1.010214 -0.06138308 22.666666
1.0481216 -1.01885 -0.022788014 2
1.2529616 -1.0216333 -0.047613829 0.33333334
1.3910738 -1.0058953 -0.05066419 3
1.4347199 -1.0216341 -0.088258281 3.5
1.5664719 -1.0238967 -0.048094373 1.5
1.6261729 -1.0324751 -0.089957461 0
-3.605969 -0.95686436 -0.089914575 54
-3.4093595 -0.96054649 -0.096799999 29
-3.1021461 -0.92000479 -0.098781332 30
-0.84150785 -0.98710686 -0.042460937 9.5
-0.74039781 -0.96661949 -0.028857188 12
-0.6603266 -0.97371197 -0.075606585 1.6
-0.54514617 -0.97629327 -0.017084617 1.4
-0.43830404 -0.97299981 -0.05107142 2.9166667
-0.33306035 -0.98654842 -0.022901712 0.25
-0.26277399 -0.97651607 -0.045904763 3
0.45212832 -0.99421132 -0.028766233 5.8000002
0.55397397 -0.99371129 -0.031586718 12
0.60781384 -0.99656075 -0.008866109 20.666666
0.77172607 -0.99257451 -0.021225888 20
0.86812782 -0.99722505 -0.048088372 19.5
0.95115203 -0.98268604 -0.049872659 22.200001
1.0480676 -0.97715163 -0.051183932 3.75
1.1139488 -0.98007607 -0.013291793 1
1.2230079 -0.98076487 -0.067647494 0.5
1.3399252 -0.98624897 -0.040251214 2
1.5501618 -0.96570206 -0.050600935 7
1.6269658 -0.97711527 -0.059291683 6
-3.622097 -0.89983284 -0.078171 47
-3.2057147 -0.73398012 -0.057844583 9
-3.431833 -0.61526036 -0.034138102 7
-3.2279656 -0.65744972 -0.044494871 7
-4.4518809 -0.58499521 -0.017068844 11
-3.9890099 -0.58719504 -0.022277456 7
-3.6312513 -0.59258407 -0.027874876 11
-3.7459726 -0.42367336 -0.0070511075 20
-3.6933563 -0.35554221 -0.00062287686 25
-0.3302432 -0.15406512 -0.082046978 1.0416666
-0.26847664 -0.15860516 -0.044819962 9.586957
-0.33017391 0.077149428 -0.049279008 0
-0.4226597 0.1500368 -0.057343449 0.71428573
-0.3633343 0.15472884 -0.035410669 0.94444442
-0.28072786 0.15740021 -0.0038989116 8.1428576
-3.6225765 0.56860471 -0.0027265409 25
-3.6071589 0.62861478 -0.0085865231 27
-4.1863441 0.81154573 -0.018935535 30
-3.8671312 0.81509107 -0.026341226 27
-3.586458 0.81557459 -0.03191347 30
-3.3640394 0.82095087 -0.03810231 36
-3.167418 0.82627743 -0.045018528 36
-2.9932573 0.83056623 -0.051284593 39
-2.8307397 0.83283639 -0.056940246 46
-2.6895869 0.83706254 -0.063904546 46
-2.561465 0.83926666 -0.070529789 52
-2.4250033 0.83449215 -0.07549569 45
-2.3225923 0.86113083 -0.087247968 80.5
-0.53134227 0.86575627 -0.049025819 17.777779
-0.41321847 0.86503625 -0.036966074 16.333334
-0.3412523 0.86757171 -0.057897091 17.071428
-0.23766215 0.86817789 -0.064267032 15.666667
-0.13237408 0.85911506 -0.053746402 9.75
-0.065214738 0.87445068 -0.086294554 13.4
0.49651581 0.87665963 -0.094961733 19
0.55855161 0.88155615 -0.05410631 19
0.65563959 0.87634242 -0.043544374 18
0.74484235 0.87607962 -0.049513403 17.782608
0.85363662 0.87996793 -0.05473078 18.1875
0.94477141 0.88521671 -0.045595732 19.666666
1.0660095 0.8815282 -0.058729168 17.875
1.1530746 0.88352919 -0.051314849 18.083334
1.2518691 0.88716567 -0.044851899 15.571428
1.33114 0.88568187 -0.047388151 10.166667
1.4364297 0.88551509 -0.058529887 9.625
1.6127729 0.87746823 -0.018603962 4
1.7230922 0.86618435 -0.014554982 1
1.853513 0.89743233 -0.049022049 18
1.9915593 0.89592755 -0.098190621 23
2.0889041 0.87346828 -0.071881503 2
2.1549878 0.87537658 -0.075604804 2
2.2152903 0.87388015 -0.080887467 3
2.3674335 0.87227219 -0.020310242 3
2.4365437 0.87427628 -0.052620634 8
2.5113916 0.87728035 -0.087772116 12
5.5572991 0.84911382 -0.017810326 20
1.396104 0.90561116 -0.099905655 11
1.780166 0.90166485 -0.073212788 0
1.8661329 0.90754664 -0.04999188 4
1.9721533 0.9041459 -0.017891269 26.5
2.0461667 0.90031755 -0.083990291 33
2.1309373 0.90442598 -0.061296344 39
2.2473226 0.90476757 -0.028693803 45.5
2.346287 0.90547246 -0.0033176215 45
5.4444418 0.95024264 -0.052941084 24.5
4.7712865 1.0946481 -0.085771188 92
4.8011189 1.036968 -0.066916645 39
5.1118293 1.0417303 -0.051628951 16
5.3612552 1.0525603 -0.089853793 17
5.4416981 1.0426652 -0.034523319 39
5.6728516 1.0127422 -0.015627872 26
-4.5358829 3.3081169 -0.008942944 49
-2.4085293 3.8890893 -0.034870084 70
-1.9898845 4.0704908 -0.034515854 46
-1.8416089 4.3711872 -0.088678166 1
-2.5135865 6.3365755 -0.021090869 77
-6.4766645 6.5042753 -0.063371085 1
-6.5958338 6.9779406 -0.055967044 3
-6.4482398 7.0037823 -0.061182592 4
-5.4902425 8.2745171 -0.012509723 18
-5.2639761 8.2520323 -0.021683183 20
-7.1181846 8.9458008 -0.075163305 22
-3.2682202 -2.2394276 0.089244001 54
-3.1294205 -2.2223771 0.034029067 59
-3.0743957 -2.2197413 0.043937076 57.5
-2.9503891 -2.2371578 0.0083475178 49
-2.6014435 -2.2052708 0.050181169 57
-2.3003485 -2.2616405 0.077564783 62
-2.2871349 -2.2559173 0.03153142 56
-2.0691299 -2.2579353 0.027146103 63.5
-1.7494618 -2.2728398 0.064138919 52.75
-1.6605973 -2.2793372 0.02366177 7
-3.206295 -2.1968076 0.055020548 61.5
-2.7856841 -2.1668005 0.053026401 80.5
5.1681285 -1.7306569 0.0059819175 23
5.4158921 -1.7289189 0.028383417 17
5.6352491 -1.7083654 0.051050778 4
5.9183493 -1.7013882 0.074409254 5
6.2294779 -1.7077792 0.037986748 23
5.8456087 -1.6852006 0.016033947 18
6.4487529 -1.6707797 0.059609126 7
6.8040986 -1.6625937 0.083320461 7
-3.2347963 -1.5631944 0.0029358333 7
2.7198381 -1.5272441 0.072440289 5
-3.1259811 -1.4390712 0.025971748 6
2.690521 -1.4047205 0.055277023 5
2.7026963 -1.4582338 0.093500167 5
-3.1071365 -1.3638034 0.047485586 6
2.0852313 -1.3259296 0.0037128842 3
2.1738749 -1.3552896 0.0483215 13
2.2585049 -1.3672228 0.050451513 10.333333
2.6960146 -1.3325462 0.084585421 12.5
-3.1406853 -1.2489483 0.088279091 49
-3.0786321 -1.2844511 0.067264676 44
-0.66840917 -1.2439842 0.051769406 0
-0.54553843 -1.2686557 0.076789707 3.5
-0.35665986 -1.2865849 0.078001902 8.5
-0.73232597 -1.1800884 0.014260429 0
-0.39391726 -1.1579705 0.085030995 1
-0.85332119 -1.0071599 0.061817594 6.5
-0.55144799 -1.0288795 0.063249767 1
-0.42759556 -1.0233259 0.078935511 2
-0.37246618 -1.0253359 0.077274993 1.3333334
0.52082485 -1.0022928 0.022397645 23
0.65837318 -1.0058793 0.021874776 22.333334
0.7464304 -1.0047082 0.019717546 22.5
0.83905751 -1.0049456 0.0079287132 20
1.0835119 -1.0435925 0.011430446 2
1.1266807 -1.0296832 0.050745003 1.75
1.2007331 -1.0571092 0.093114674 1
1.3487066 -1.0153284 0.011296294 1
1.484035 -1.0571623 0.065856159 2
1.5103055 -1.0680212 0.046317101 0.66666669
-0.83524114 -0.98381984 0.035789534 11.5
-0.74549752 -0.97032166 0.049583431 17.25
-0.6580295 -0.94907773 0.075763248 15.428572
-0.5531311 -0.97087115 0.020595474 2.090909
-0.44360295 -0.97708958 0.045684449 2.5714285
-0.35661042 -0.97904497 0.030545138 2.7894738
-0.27539015 -0.97849184 0.0095991325 1.75
0.49131078 -0.98555148 0.028435504 12.8
0.54269719 -0.98615503 0.0530845 19.210526
0.65247732 -0.98771292 0.047953021 21
0.73259169 -0.98677647 0.076510951 21.375
0.84889168 -0.98683214 0.057862099 21.117647
0.95203763 -0.98859614 0.049693413 23
1.0346966 -0.96609408 0.041980848 16.75
1.1313342 -0.98906708 0.05684346 1.6666666
1.2477336 -0.9800477 0.044337507 0.75
1.3570669 -0.98245704 0.024405124 0.75
1.4463362 -0.96665061 0.060742412 5.5
1.5306164 -0.96557313 0.038182806 10.333333
1.6462728 -0.98661649 0.084869519 10.5
-4.5244594 -0.21093842 0.014085396 77
-4.4816475 -0.28489065 0.0097862398 150
-3.6995318 -0.29452282 0.0044126762 27
-0.32962602 -0.0040403553 0.072259679 0.33590049
-0.2669374 -0.0022940286 0.0066746473 0.17501764
0.59871173 -1.315032e-05 0.0041960571 0
0.60063022 -1.0258883e-05 0.0042145196 0
-0.23988143 8.7844119e-06 0.0032402745 0
0.56509429 0.00099659641 0.0043305047 0.27448535
0.60362661 1.9674737e-05 0.0042418293 0
-4.6936655 0.17885143 0.023398593 19
-0.32739642 0.16029175 0.011405994 1.9565217
-0.28500184 0.150883 0.011025801 6.5714288
-4.6663351 0.25790712 0.022678856 37
-0.34269112 0.20204756 0.012123225 0
-3.6161332 0.380651 0.01079389 30
5.6942763 0.36241338 0.099350169 42
-20.056702 0.44582456 0.096696667 33
-4.7262473 0.42379913 0.017517485 6
-3.6248443 0.44362551 0.0066814898 37
5.6905437 0.45468903 0.090008706 46
-3.6538055 0.50956541 0.0029166965 1
5.6918154 0.53665245 0.074778497 32.5
5.6914916 0.64571595 0.057628248 23.666666
-9.6427679 0.72117352 0.041069653 7
5.7067604 0.75849158 0.024013205 19
-0.53180301 0.87478119 0.0380021 17.857143
-0.41541967 0.86455047 0.053253792 16.6
-0.31987676 0.87053668 0.048413977 18
-0.25661337 0.87075281 0.054827966 18
0.59935713 0.87930995 0.0096961586 19
0.65145814 0.87972969 0.051515736 18.5
0.74371684 0.87722725 0.050363015 17.772728
0.84293145 0.88109338 0.046488445 17.764706
0.94725674 0.88521433 0.050813656 19.214285
1.0371064 0.88889158 0.046703074 19.461538
1.1362669 0.88689727 0.058347784 19.1
1.233593 0.88024628 0.048968989 15.375
1.3529913 0.8846789 0.046983447 11.428572
1.4894295 0.88208002 0.089803688 11
1.543337 0.88005704 0.0404086 9.1999998
1.6607813 0.87561393 0.056744799 6.3333335
1.8262681 0.87334627 0.087206401 6
2.3223879 0.86826944 0.00060653227 2
5.6998057 0.85892695 0.022483211 19
-0.56408119 0.93294609 0.069211118 13.5
1.2658644 0.90217829 0.059162837 17
1.7480246 0.90842295 0.084835306 5.5
2.0709634 0.90415823 0.0086641302 46.5
2.1533997 0.90449941 0.029847503 42
2.2492704 0.90746945 0.052198753 44
2.3452029 0.90644497 0.075979732 42
2.4192047 0.90709591 0.053989794 48
2.5434456 0.90936184 0.04389596 45.5
2.6795905 0.91181368 0.074846961 46
2.7823927 0.91352671 0.096992269 55
5.7023311 0.93889636 0.0044040261 19
-3.0739605 1.82105 0.092064485 64
-3.0656586 1.9395134 0.058132119 46.5
-4.7380185 3.3243821 0.033185352 65
-4.4194236 3.3032966 0.07897824 11
-2.4385939 3.9311314 0.055814456 52
-2.0660591 4.2378178 0.062801242 35
-6.4862304 6.4959159 0.089370742 1
-8.4305239 6.7481775 0.071445443 24
-5.3344049 6.9435215 0.016736209 5
-5.7279987 8.2748556 0.098215692 21
-5.4975986 8.2680674 0.087729007 17
-5.1771207 8.3056011 0.05902344 19
-3.6619823 -2.2558241 0.17906584 55
-3.5145705 -2.2436633 0.14746331 52
-3.3898714 -2.2415445 0.11793247 60
-3.1066837 -2.203244 0.14673819 58.333332
-2.6398458 -2.225816 0.17024398 50
-2.3062348 -2.2536745 0.1472791 73
-2.0718212 -2.2598159 0.1267803 63.5
-1.9402729 -2.2853343 0.14782342 11
-1.8381964 -2.2763164 0.10526142 31
-1.7549621 -2.2726591 0.17106508 57.333332
-1.6469926 -2.283489 0.145172 28.5
-3.2178016 -2.1953654 0.14484221 61
-2.8131788 -2.1726711 0.16355292 27
-2.7972131 -2.1659069 0.11976418 63
6.3750243 -1.7372532 0.10077491 23
6.5247579 -1.6691575 0.122673 8
6.8792224 -1.6506999 0.14722593 8
7.1629043 -1.6443732 0.10763691 5
7.3398876 -1.6455272 0.17477579 0
7.6137609 -1.6363486 0.1332839 4
7.8929744 -1.5768187 0.15592436 12
2.7040193 -1.4031165 0.11441761 11
7.9438882 -1.4632891 0.1722537 5
2.1522477 -1.3850955 0.15394564 34.666668
2.226706 -1.3820295 0.11834422 21
2.7031968 -1.348022 0.13323843 7
-0.60173905 -1.247642 0.13034216 0
-0.55830294 -1.2809628 0.11154237 1.25
-0.4698649 -1.242357 0.14625034 0
2.6989751 -1.2920203 0.15149429 13
2.722842 -1.2500137 0.13822904 7.6666665
2.8225574 -1.2431066 0.17501536 4.5
2.9208529 -1.2310882 0.17709352 5
-3.1248376 -1.1451796 0.11635549 65
-0.42731038 -1.1646893 0.11157873 0.80000001
1.2660165 -1.1195469 0.12256325 2
1.3462973 -1.1320627 0.13152796 0
-33.907776 -1.0519227 0.12190261 11
-3.0780251 -1.0331347 0.14034177 56
-0.84418422 -1.0225377 0.1429998 4.75
-0.3963342 -1.0516994 0.15222467 5
1.1390347 -1.0023398 0.1010932 1
1.2175395 -1.0938101 0.12905531 4
1.7706743 -1.094865 0.13508835 4
-3.1077104 -0.92127544 0.17252576 60
-3.0903804 -0.97618127 0.15655471 59
-0.75241321 -0.98115981 0.14057256 14.454545
-0.65172887 -0.97241545 0.16248745 15.166667
-0.55163229 -0.96083546 0.15517342 17.700001
-0.4559572 -0.95777029 0.14587681 15.714286
-0.36539236 -0.95959228 0.1510179 19
0.46836907 -0.97981161 0.16170387 17.428572
0.55775112 -0.97564024 0.13552018 20.916666
0.64681917 -0.97572976 0.15127195 20.470589
0.75998664 -0.97381598 0.14656331 21
0.82840753 -0.96983987 0.1620876 18.833334
0.94636846 -0.98039073 0.15141818 22.5
1.0208509 -0.98040134 0.14808576 24.6
1.1538748 -0.96328628 0.15928978 18.888889
1.2421958 -0.94774657 0.17199859 16.4
1.3547398 -0.96144474 0.1804789 13
1.4298344 -0.96185017 0.13909179 11
1.5623831 -0.98194665 0.17183222 12.2
1.6134467 -0.98459935 0.14715375 11
-3.1322508 -0.86643714 0.18853801 46
5.3655472 -0.63484156 0.14077672 24
5.4040356 -0.65224171 0.16727488 3
5.5467224 -0.58023787 0.16160515 47.5
-35.137917 -0.46593085 0.14830077 113
4.935041 -0.43547446 0.14368387 25.5
5.7854648 -0.43286023 0.17096388 23.5
5.9712992 -0.3573997 0.17534938 25
5.9627881 -0.2674529 0.17223015 29.5
5.9661636 -0.1537592 0.16556543 29
5.9435368 -0.046086632 0.15981881 45
0.57150537 0.0016908174 0.11387361 0.26968175
0.60903436 0.00020878641 0.11325747 1.5532646
5.7574043 0.040447477 0.14729816 150
-29.685135 0.13380915 0.1376324 20
5.7254987 0.14603393 0.13430883 152
5.6943183 0.2764554 0.11316741 112
5.7340612 0.22249228 0.12799889 150
5.6955481 0.38211647 0.10813049 129
5.7084532 0.30225244 0.11887836 150
-2.4539294 0.83912408 0.19141766 38
-2.3232012 0.86276734 0.16811988 70.5
-0.52889973 0.86932313 0.13972172 17.285715
-0.44089699 0.86353153 0.15559629 15.473684
-0.326074 0.86992198 0.14899907 17.4
-0.26420483 0.86930621 0.14931829 18
0.57351184 0.88053173 0.15312816 19
0.65097749 0.87436897 0.14307986 17.615385
0.75685096 0.88171399 0.14612666 18.038462
0.85326326 0.88512158 0.15572177 18.444445
0.94640601 0.88785654 0.14535451 19.333334
1.0601296 0.88993168 0.14860684 20.1
1.1513935 0.88384342 0.15242139 15
1.2679698 0.88133299 0.15894163 11.6
1.3368995 0.88214004 0.12848829 10
1.446027 0.88883191 0.13841397 10.6
1.5739435 0.88720965 0.1461039 9.666667
1.6331295 0.88534546 0.12316453 11.333333
1.7556494 0.87178004 0.13485155 27
1.8509208 0.87165207 0.13920094 16.666666
1.9237587 0.87488627 0.12170324 7
2.034502 0.87383509 0.18095784 8.666667
-2.3062472 0.98234934 0.14342587 79
-0.58351231 0.99069309 0.12785178 3.5
1.0535042 0.90009046 0.18870516 22
1.1450005 0.90498012 0.17962237 20
1.6392279 0.90396851 0.13503926 9
1.7365924 0.90256768 0.17749344 14
1.8481685 0.90415317 0.13223198 13.666667
1.9481379 0.90790927 0.17444463 15
2.0028577 0.90932095 0.19714987 54
2.5454082 0.91095769 0.11912468 46
2.6845326 0.9138515 0.14778912 42
2.7867413 0.91587472 0.16861808 45
-0.58822143 1.0086763 0.12881814 3
3.2975025 1.0718019 0.14049567 24
3.4491632 1.0768387 0.16984113 20
-2.5341449 1.1542448 0.14709289 4
-3.236562 1.8426301 0.11952578 6
-3.7494452 1.9720852 0.18682139 30
-4.5579176 3.2792203 0.1239163 57
-4.7869654 3.3169453 0.17019409 74
-2.4778903 3.9861727 0.14869379 7
-1.8633987 4.3906851 0.11806446 21
-6.4455376 6.979269 0.10171185 18
-5.3516722 6.9407625 0.1788162 6
-6.6648941 7.0347033 0.10715 3
-5.735086 8.2780991 0.19857335 18
-7.2564197 9.1007633 0.1362032 18
-4.1213288 -2.265419 0.27897528 55
-3.9544983 -2.2592301 0.24402155 54
-3.8044248 -2.2579715 0.2108734 57
-3.2399249 -2.2025578 0.2131786 64
-3.1289573 -2.2074184 0.28932881 58
-2.960243 -2.2329941 0.27850723 75
-2.8831472 -2.2534614 0.24243619 40
-2.769218 -2.2376091 0.20409122 29
-2.6219537 -2.2129745 0.26887596 67
-2.3122039 -2.2370253 0.24005717 75.5
-2.0866795 -2.2717028 0.22786796 53
-1.9128858 -2.2784517 0.29981974 24
-1.8555125 -2.2851419 0.26504755 38
-1.7869295 -2.2730367 0.2466463 54.666668
-1.5622029 -2.2721102 0.23967457 42.5
-3.2419293 -2.1973298 0.25815102 59
-3.1076467 -2.196564 0.24098624 150
-2.8383639 -2.1844461 0.20955203 55
-2.5956342 -1.9656221 0.23818438 150
-3.2256463 -1.6665338 0.23223506 16
7.8535867 -1.636996 0.20378113 8
10.632648 -1.6618849 0.26810977 16
-3.1576252 -1.558298 0.24360739 37
7.8889909 -1.511683 0.21763824 11
-3.1236641 -1.4711362 0.25631744 44
8.287034 -1.4539326 0.241483 3
-3.0857296 -1.3539333 0.27397674 51
2.0887752 -1.384401 0.24305402 26
2.1313555 -1.3974912 0.21625856 44
2.2319355 -1.3389512 0.27649671 2
3.1464834 -1.3118576 0.25745097 0
3.3938203 -1.3623176 0.27431461 33.5
3.5665579 -1.3086338 0.29970163 7
-3.0666242 -1.2487719 0.29231992 57
2.9080644 -1.2464473 0.21885303 4
3.1582994 -1.2977563 0.21278892 4
3.3691041 -1.2825967 0.26488268 7
-0.8069616 -1.0349114 0.28748006 8.5
-0.76678556 -1.0105177 0.26265278 12.833333
-0.65452743 -1.00473 0.25650567 19.799999
-0.57392073 -1.0035943 0.24023807 20.5
-0.49840158 -1.000182 0.2739327 21
-0.35601854 -1.0038441 0.20169653 22
0.38952142 -1.0028936 0.28774601 24
0.41829157 -1.003475 0.23055461 13
0.50089484 -1.0032943 0.25437036 22
0.64172339 -1.0042129 0.26862329 21.4
0.73416728 -1.00238 0.27216581 23
0.95758146 -1.0012798 0.27678561 20
1.1567837 -1.0008397 0.27156985 24
1.373286 -1.0072773 0.26385766 10
1.4663117 -1.0028419 0.29972193 12
1.5291229 -1.0018774 0.27327549 10.333333
1.6238413 -1.0115116 0.277623 4
-0.73084557 -0.99173212 0.23223469 15.6
-0.64999145 -0.99472398 0.24365239 19.25
-0.53413278 -0.98319256 0.24038319 17.4
-0.44004527 -0.98757535 0.24332097 19.9
-0.35774538 -0.97930324 0.2468138 21.1
0.45721579 -0.99097401 0.2641241 15.857142
0.55478555 -0.98307449 0.23678283 18.5
0.68293929 -0.9754926 0.20949033 21
0.7483536 -0.98806876 0.25079402 20.272728
0.85673302 -0.98014438 0.239454 19.357143
0.95182031 -0.99120647 0.26117954 21.333334
1.0585998 -0.98203111 0.23883647 19.636364
1.1422263 -0.98557156 0.26017272 19.571428
1.2763629 -0.9739874 0.24491647 15.8
1.3472428 -0.97982341 0.23497194 9.375
1.4773171 -0.99039018 0.26785564 10.5
1.5367615 -0.99110442 0.22487189 11.5
1.6305851 -0.99253386 0.2454343 1
-3.1487608 -0.81052548 0.2039458 46
-3.2103159 -0.7029748 0.23355183 60
-3.1722119 -0.75468409 0.21800616 62
-3.3862128 -0.61347002 0.27052847 15
-3.2570286 -0.65034693 0.24886493 45
-3.1055551 0.82941782 0.2838352 30
-2.9101632 0.83114785 0.25693285 36
-2.7391689 0.8336612 0.23321599 35
-2.6522884 0.83348542 0.29981938 55
-2.5580883 0.83927631 0.24370745 53.5
-2.3466434 0.84635043 0.24198785 80.5
-0.52903098 0.86441964 0.22667517 18.428572
-0.44051534 0.8614952 0.24024647 17
-0.33172533 0.86095756 0.24970245 17.222221
-0.26893905 0.86536652 0.25338501 17.333334
0.54508311 0.87665159 0.25957233 17.875
0.63623297 0.87695396 0.24405186 17.700001
0.73630482 0.88227063 0.23520508 18.181818
0.85633749 0.8874411 0.25018156 19.272728
0.93449992 0.8899278 0.24679817 19.636364
1.0416725 0.8926211 0.25426203 20.764706
1.1362991 0.88998455 0.24575114 14.285714
1.2326516 0.88226742 0.24979271 14.714286
1.3435963 0.8872267 0.24718596 13
1.4875553 0.88663858 0.28430694 10
1.5212388 0.8847754 0.23321909 11
1.952755 0.87241173 0.24065039 28.5
-2.3160493 0.93178368 0.22014628 71.5
-2.2988968 0.9987371 0.20336941 54
-0.55306119 0.90895873 0.28493586 19
1.2072614 0.90058923 0.23332116 9
1.3820812 0.90162504 0.24164845 2
1.4490409 0.90544373 0.28023502 9.666667
1.556129 0.90223384 0.25375438 14.5
1.6145251 0.90521586 0.28770092 12
1.7996898 0.90177494 0.20358884 14
1.8537695 0.90737444 0.22381051 14
1.9349556 0.91027641 0.25487009 34
2.0360003 0.90848327 0.25289357 54
2.1542139 0.90944695 0.25765646 48
2.260766 0.91122824 0.29815647 54
3.3018405 1.0748652 0.22328353 24
3.4409547 1.0752537 0.25054324 22
3.6041572 1.0784367 0.24072416 20.5
3.7884579 1.0802586 0.23588949 19
-3.0439346 1.2767103 0.20996082 150
-2.6646199 1.237035 0.2268161 5
-3.8025253 1.9066712 0.21123041 101
-4.5304985 2.6431813 0.29530853 38
-4.4561434 2.7131681 0.26058614 87
-5.0290165 2.8383205 0.22478239 4
-5.0427847 3.2268353 0.25939769 20
-4.9387631 3.2908475 0.21684919 64
-2.0943444 4.2630572 0.26790825 9
-2.6063139 6.3254919 0.27521631 28
-2.5367436 6.332335 0.28207517 80
-6.4967809 7.0128336 0.26529178 2
-8.1795797 8.2497215 0.27981099 20
-5.9828033 8.2910509 0.21062747 21
-5.1892643 8.2949114 0.2567926 22
-3.8665123 8.5874825 0.24158722 24
-3.2697597 -2.2009096 0.35105926 56.5
-3.1551437 -2.2166789 0.36137602 62
-3.0626783 -2.2297316 0.31976655 150
-2.9120157 -2.2034805 0.3928141 59
-2.8932896 -2.2058649 0.32422364 64
-2.63621 -2.2152712 0.36850077 63.5
-2.447437 -2.2343976 0.37077177 30
-2.3205695 -2.2198925 0.33160877 74
-2.0956535 -2.2725863 0.33046347 51
-1.9777061 -2.276813 0.33601379 4
-1.8096322 -2.2674265 0.37478912 60
-1.7970824 -2.2647185 0.32570985 58
-1.5767983 -2.2760518 0.35120344 50.666668
2.9769318 -2.2610462 0.36977848 22
-3.2642009 -2.1969006 0.35053161 55
3.5124559 -1.3603529 0.3284345 11
1.2716919 -1.2613088 0.39336753 1
-3.065248 -1.1536603 0.30939114 58
1.3147047 -1.1269548 0.38262811 0
-3.0726445 -1.0325338 0.33216983 66
-0.81776667 -1.0524089 0.32366246 3
-0.77526158 -1.0392609 0.36395106 6.6666665
-0.6736964 -1.00774 0.34312904 17.375
-0.52802855 -1.012153 0.35053125 20.75
-0.42466241 -1.0088335 0.36007726 21
-0.35880885 -1.0046029 0.36262763 18.666666
0.36239827 -1.0105323 0.36590713 23.5
0.4335666 -1.0020527 0.33147937 16
0.56534958 -1.0028976 0.34572685 16.799999
0.64222193 -1.0016943 0.35682774 21
1.1961982 -1.0028439 0.3378529 10
1.2915884 -1.0016239 0.38689333 16
1.3035046 -1.0870669 0.34969732 14
1.4734632 -1.00897 0.35525301 17
1.5598832 -1.0044782 0.34580651 13.4
-3.0859463 -0.94645929 0.34892562 78
-0.72533369 -0.99883914 0.32338241 14
-0.63794881 -0.99364591 0.35540801 10.5
-0.42122403 -0.99696624 0.32168967 20.5
-0.36133215 -0.99792814 0.32720256 22.5
0.37921074 -0.99785936 0.30941144 24
0.44015488 -0.99647093 0.34942961 10.666667
0.68207574 -0.99476886 0.32902765 21
0.78738147 -0.99258488 0.3089498 22.666666
0.93373126 -0.99211901 0.31367621 24
1.0502926 -0.99073458 0.30346301 16
1.1447309 -0.98515683 0.31376213 22.666666
1.2759464 -0.99292183 0.33609149 17.5
1.3212012 -0.99257064 0.32236254 17
1.4238772 -0.99453539 0.34918451 17
1.554454 -0.98057526 0.36922002 10
-3.1183701 -0.86642897 0.36591655 66.5
-3.1677523 -0.75890571 0.38807935 66
-4.1850753 -0.60759723 0.36681747 15
-3.7556744 -0.61376458 0.31476983 9
-3.6893501 -0.45907348 0.32877496 8
-3.653832 -0.34868678 0.33868402 23.5
-3.7155323 -0.2481831 0.35639033 10
-3.6535697 0.35855973 0.37544197 22.5
-3.6459687 0.46663922 0.3734507 33
-3.619724 0.53587586 0.36831656 31
-3.6087387 0.60597199 0.36381975 32
-3.876255 0.8145715 0.38420233 23
-3.5763884 0.81923789 0.34588301 27
-3.3178174 0.82353592 0.3125129 29
-3.1806524 0.82477045 0.39197415 48
-2.9866114 0.83003253 0.35804197 48
-2.8061392 0.8302803 0.32723173 53
-0.4415457 0.85757172 0.34838021 17.333334
-0.34166625 0.85164791 0.34751213 16.555555
-0.26956943 0.8579765 0.34530148 16.25
0.47502109 0.88290387 0.35345963 18.727272
0.5555988 0.88368595 0.35036388 18.299999
0.67129725 0.88617527 0.35026318 18.299999
0.79096866 0.88417494 0.38358784 19
0.83497292 0.88507009 0.33727589 19.166666
0.9652189 0.89459968 0.34623232 20.799999
1.0404812 0.89220697 0.34803537 19
1.1676823 0.88570756 0.35829505 15.428572
1.2547675 0.88328707 0.34204429 14.714286
1.4505311 0.89008236 0.35270879 10
1.8729609 0.87215412 0.30603242 46
-0.57049543 0.97144902 0.33601031 13
0.95537627 0.90611994 0.38665619 22
1.0554575 0.90764838 0.34386253 18
1.1108593 0.90195411 0.39074138 1
1.4001718 0.9103778 0.38499284 6
1.5563045 0.90608448 0.34095359 13.333333
1.6584873 0.90402365 0.34344053 14.333333
1.7591562 0.90442586 0.37440327 15
2.0742381 0.90990722 0.30887145 46
2.1432831 0.91267157 0.33378255 46
2.2493858 0.91384852 0.37288308 48
2.3381917 0.91279662 0.32767466 53
2.4255269 0.91542393 0.35848868 58
2.5213952 0.91811907 0.39344829 55
-0.58231503 1.0049796 0.38363582 6
3.783396 1.0847396 0.31301615 21
4.8355951 1.1882451 0.39372391 71
4.7817874 1.2537849 0.3621999 38
4.8700066 1.3612301 0.34227121 37
-2.1332533 4.1451325 0.37582475 19
-2.0830255 4.2027426 0.35564101 39
-6.5422688 6.5071225 0.39145705 4
-5.4324188 6.867382 0.36507383 7
-5.2241983 6.8934746 0.35508999 30
-5.3567977 6.9190121 0.33998436 5
-4.3979397 6.9166369 0.3958385 13
-4.0958133 6.9108129 0.35152292 5
-5.9775405 8.2821398 0.31279403 21
-8.610467 9.15835 0.32622924 45
-7.3337483 9.1699476 0.35463399 52
-6.835134 9.130187 0.3581847 80
17.781919 -2.5572569 0.4787237 56
-3.4448645 -2.2475708 0.45206854 67
-3.3144295 -2.2249522 0.4487766 61
-3.2946095 -2.2004828 0.44421405 58
-3.1594653 -2.2053449 0.45877457 58
-2.9410267 -2.2081485 0.46349543 61.5
-2.7236879 -2.2415042 0.47760624 64
-2.6474512 -2.2258699 0.46054339 63
-2.5341661 -2.2354281 0.40479133 59
-2.34793 -2.212507 0.44790745 72.666664
-2.1092401 -2.2754722 0.43416244 50.5
-1.8263446 -2.266989 0.44706792 61
-1.7434546 -2.2829592 0.45052224 20.5
-1.6455054 -2.2739596 0.40002635 48
-1.5587883 -2.2749462 0.45239881 54
3.1332591 -2.1354189 0.48544183 2
3.2056582 -1.9537162 0.4868674 1
0.84565622 -1.5475913 0.49285614 19
2.6593108 -1.4570582 0.44877657 3
0.47693494 -1.3345809 0.4944936 2
2.5895858 -1.3338963 0.42700708 3
2.6226153 -1.3614843 0.48920667 3.5
1.0013841 -1.2621782 0.45830065 1
1.1479565 -1.2931514 0.49058256 1
1.3361068 -1.2066143 0.46432394 0
2.5791805 -1.2459128 0.44736266 3.5
0.74974775 -1.1434748 0.44666731 9
1.2765061 -1.1481717 0.40332422 14
1.3404812 -1.1804532 0.43940249 2.6666667
-0.70360726 -1.0095086 0.45114774 14.75
-0.66415763 -1.0108069 0.46838096 18.333334
-0.53833461 -1.0151749 0.44900382 15.75
-0.43094033 -1.0214101 0.44413796 8.25
-0.36404166 -1.0225852 0.45367333 8.1428576
0.29115671 -1.0006315 0.48127371 9
0.35882971 -1.0137222 0.45009917 13.285714
0.55456167 -1.0475488 0.43836415 14.5
0.65039867 -1.007882 0.4541488 14.75
0.71184611 -1.0027788 0.44100589 21.5
1.278008 -1.0278928 0.45900613 8
1.3494761 -1.0353277 0.46184033 9
1.4466814 -1.0117058 0.45742199 17.142857
1.5166337 -1.0119343 0.41858089 16.5
1.6191794 -1.0011227 0.41648677 1
-0.64835429 -0.9923625 0.41319057 10
0.33279896 -0.99552238 0.45497876 13.5
0.62642038 -0.98056829 0.45343143 11
1.2791198 -0.9986738 0.40646482 10
1.3896316 -0.99919808 0.41187137 17
-3.5907047 -0.62891144 0.46998045 15
-3.2505322 -0.656443 0.41343063 47.5
-3.6287694 -0.43085507 0.49175084 22
-3.6067271 -0.36079398 0.49212587 27
-4.5606728 -0.21773691 0.45228449 84
-3.6040616 -0.29275066 0.49591962 21
-4.6739659 -0.13171464 0.47116983 7
-4.6597877 0.23653172 0.4868466 56
-4.6439857 0.32769051 0.48612359 61
-3.617527 0.45128617 0.49384964 64
-3.6095204 0.58926356 0.48392564 67
-3.5968852 0.51830131 0.48676422 68
-3.632421 0.66320693 0.4819364 61
-4.2007251 0.80167711 0.42352459 25
-3.6649339 0.81409478 0.47263035 31
-3.411572 0.82144696 0.43017507 39
-0.45167464 0.86149108 0.45020676 17.875
-0.3476069 0.85875738 0.45027035 16.875
-0.27361733 0.86392921 0.44119033 16.625
0.44580212 0.88458157 0.45751479 19.727272
0.51788914 0.88411486 0.43293968 19.285715
0.63060802 0.88725072 0.44549584 19.6
0.77602822 0.88970786 0.45605236 20.111111
0.80640584 0.89469594 0.41615334 21
0.96422935 0.89215493 0.44839647 21.307692
1.0501639 0.89253289 0.43934241 3.25
1.1655064 0.88309455 0.45549083 17.375
1.2146677 0.87993771 0.41735789 17.333334
1.3919586 0.89196038 0.48001209 11
1.4129024 0.89120668 0.42873976 10
-0.58443189 0.99904484 0.40856501 3
0.97196245 0.90125513 0.40552115 22
1.026608 0.90435094 0.43506956 6.3333335
1.2100444 0.90714645 0.47956529 2
1.3683003 0.90603763 0.44076049 12
1.4526726 0.90556777 0.4469918 13.25
1.5364347 0.91064721 0.49011678 14
1.6795144 0.90725118 0.41009769 14
1.7502592 0.90710557 0.44768566 15
1.8538027 0.9095428 0.45193672 15.666667
1.9506521 0.91097313 0.48031205 57
2.3675811 0.9141556 0.41530478 53
2.4537246 0.91410595 0.44557595 55
2.5533345 0.91720027 0.4791283 44
2.6201069 0.91782868 0.42839271 56
2.737251 0.9206652 0.46876743 49
4.7678175 1.0899183 0.41266602 99
4.9184475 1.0469881 0.45074329 22
4.7836323 1.1526322 0.47620779 92.5
4.795505 1.2696614 0.4500615 40
4.8806405 1.3724266 0.43965942 40
-2.1947896 4.1160336 0.41239074 4
-2.0699675 4.1504602 0.46471986 3
-2.5456042 6.3167386 0.4329218 71
-6.5882163 6.8977256 0.43097028 31
-5.3594561 6.8404465 0.47296733 10
-3.6160283 8.5456133 0.4906013 8
17.929686 -2.9578691 0.55820429 2
17.804615 -2.6295984 0.56960016 36
-3.7457078 -2.262825 0.55123216 69
-3.5962198 -2.2597086 0.50111914 73
-3.3391438 -2.2035079 0.5652765 55.5
-3.1885095 -2.2080467 0.55964351 56
-3.0321167 -2.2396429 0.59388185 68
-2.9569902 -2.2179811 0.55639899 63
-2.8217876 -2.2405496 0.51441091 64
-2.6704924 -2.2169178 0.5476656 55
-2.3891788 -2.223026 0.56753582 46.333332
-2.1220083 -2.2718568 0.53993404 51
-1.849923 -2.2752559 0.53143829 42.333332
-1.6628036 -2.2774186 0.56187165 58
-1.587081 -2.2783639 0.53583437 60.333332
5.374332 -2.1103256 0.55758995 46
3.1501143 -2.024086 0.52631921 3.5
5.3725443 -2.0012069 0.58109719 41
3.24594 -1.9742655 0.58150756 0
5.3621416 -1.9882891 0.50213385 46
1.0596558 -1.8077725 0.50688809 0
5.3652034 -1.8911535 0.52643353 45
0.4808664 -1.7413547 0.52720767 67
0.90694422 -1.7850683 0.51061797 4
1.2132789 -1.7690954 0.51959217 3
1.3410066 -1.7073034 0.51381022 1
5.3668261 -1.7940363 0.54934442 45
5.4359717 -1.7232757 0.57753903 2
-3.1941764 -1.6599936 0.52686763 16
-3.1475952 -1.5565267 0.53785396 38
0.47639397 -1.5454313 0.51744694 9
0.96297377 -1.5491443 0.52575845 3
1.1179016 -1.5529865 0.50380439 0
-3.1051245 -1.4590997 0.5480535 53
0.83555245 -1.4871888 0.52506787 0.5
0.95750827 -1.4855014 0.5397613 2
1.1883593 -1.4895782 0.53835911 0.5
-3.0816741 -1.3738332 0.5603385 53
0.46573287 -1.306458 0.51781893 1
0.86774921 -1.3195189 0.52028579 7.3333335
0.96518373 -1.3169947 0.51984632 1.25
1.0151571 -1.3359038 0.50887859 1
1.1688281 -1.3272842 0.52913433 5.6666665
-3.0598307 -1.2566397 0.57894766 47.5
0.38182202 -1.2801392 0.50245851 0
1.2893407 -1.2034622 0.5553652 0
2.6213136 -1.2708616 0.5102607 1
0.5356741 -1.1409384 0.50850296 2
0.82119071 -1.1322554 0.51571125 1
0.96432388 -1.131302 0.51345366 1
1.0212728 -1.1291151 0.51831031 0.5
1.1616632 -1.1317654 0.51735538 1.3333334
1.2512649 -1.1812636 0.55492955 6.3333335
-0.72924489 -1.0511326 0.56253666 6
-0.68825221 -1.0314655 0.55460244 10.666667
-0.5511229 -1.0203499 0.54953635 19.571428
-0.43829876 -1.0240252 0.54422671 9.5714283
-0.36778173 -1.0263759 0.54684466 9.7142859
0.586869 -1.0099369 0.56598258 12.5
0.65900487 -1.0108211 0.53323805 7.75
1.156217 -1.0156147 0.55569214 14
1.2655754 -1.0576911 0.54915881 4
1.3529274 -1.0078808 0.54282153 15.444445
1.4510905 -1.013852 0.54475719 17
0.33498624 -0.994138 0.50739509 5
0.58694506 -0.9999693 0.56099343 17
0.66877705 -0.99671096 0.55003685 13
1.306748 -0.99842435 0.59399843 19
1.4553685 -0.98943096 0.55382997 15.666667
-3.8959346 -0.61234051 0.51940691 8
-3.738107 -0.51505464 0.50310677 7
-3.6693301 -0.22982754 0.50798798 25
-3.7384815 -0.16490544 0.52144539 8
-3.6658223 0.35273439 0.50646496 44
-3.9687552 0.80866688 0.52244902 30
-2.5436344 0.83618087 0.5859018 44
-2.34532 0.84947699 0.55428541 74.5
-0.4639523 0.86034667 0.55291265 18.25
-0.35512286 0.86201203 0.55463642 17
-0.27880776 0.85925746 0.54040259 16.875
0.37384105 0.89168751 0.55455661 22
0.45515904 0.89010495 0.54793227 21.111111
0.58205003 0.896752 0.56785977 21.200001
0.60418779 0.89446682 0.51253217 21
0.75331134 0.89129114 0.52103883 20.75
0.93404347 0.89530325 0.52267706 22.333334
1.1484467 0.88164997 0.5096429 17.5
1.3773881 0.89001602 0.51366901 14
-2.3173554 0.94731593 0.53432214 41.75
0.47600979 0.90081859 0.53983152 22
0.59365779 0.90312141 0.54406947 22
0.74773163 0.93983996 0.58703637 20
0.94075447 0.9314785 0.57468599 20.25
1.1711959 0.93318409 0.5764963 13.5
1.273167 0.91425258 0.51844877 10.333333
1.3768101 0.93429464 0.57057422 13.5
1.4765638 0.91745758 0.52041322 13
1.5535656 0.92266291 0.55252486 14.666667
1.6509691 0.92216313 0.57311106 15
1.8965986 0.91686791 0.52344286 62
1.97715 0.92983425 0.56363082 50
2.0259509 0.92002159 0.55498338 37.5
2.1057069 0.9281916 0.56041735 63
2.660085 0.91837394 0.51538813 45
2.783855 0.92473382 0.55697882 45
-2.4457054 1.0948609 0.52941805 4
-2.3978262 1.0745863 0.57110453 7
3.2215991 1.0678881 0.5911324 79
4.8197875 1.0490625 0.50569856 36
5.2218089 1.0640323 0.57000047 17
5.3682456 1.0640049 0.52255976 17
-2.5617971 6.3190722 0.58509934 29
-6.5831051 6.5187168 0.54535156 76
-4.1059856 6.8919048 0.51323986 16
-6.6798444 6.965466 0.59902716 39
-6.5508194 7.0097237 0.59272891 56
-3.7624271 8.5486736 0.57658476 3
-7.3706207 9.1802425 0.57208222 83
-4.0649738 -2.2602046 0.65900844 17
-3.9186778 -2.2731237 0.60759187 69
-3.3785133 -2.2045834 0.66366935 48
-3.2362339 -2.2184186 0.66852045 57
-3.1501637 -2.2417064 0.63685054 71
-3.0150247 -2.2081726 0.65460986 56.5
-2.7009296 -2.2217195 0.65440571 55
-2.6841738 -2.2188177 0.60066783 57
-2.5715024 -2.2461469 0.65893221 75
-2.4440649 -2.2268207 0.64830178 62.333332
-2.2070093 -2.2889478 0.68995869 14
-2.1420531 -2.273243 0.64858627 24.5
-1.8503141 -2.2801118 0.64344215 29.5
-1.7603651 -2.2859271 0.62367183 22
-1.6000514 -2.272052 0.63187551 47
-1.5497758 -2.2781403 0.65563422 26
-1.4528702 -2.2822433 0.6359005 15
5.367198 -1.8921193 0.6025247 41
5.3682294 -1.7869982 0.62319219 42
0.41009122 -1.4037192 0.65353781 0
1.2768553 -1.4372741 0.65383768 5
1.2913578 -1.2220771 0.62607038 3
-3.0629718 -1.1535646 0.60113215 38
0.29528269 -1.1090014 0.68707311 2
0.38007081 -1.1175178 0.69652516 2
0.85420573 -1.1135851 0.68760079 1
1.061398 -1.1131328 0.69156057 9
1.2812037 -1.1266093 0.66887277 3
-3.0830967 -1.092658 0.62011194 15
-0.71109509 -1.0635077 0.62562078 7
-0.56099707 -1.021423 0.64864451 17.142857
-0.44528064 -1.0357287 0.64844054 13.285714
-0.37172011 -1.0340357 0.64473385 12.833333
0.1786519 -1.0474427 0.68867445 7.5
0.2797471 -1.0167726 0.68693715 12.666667
0.37638554 -1.0270255 0.69469559 9.5
0.4488228 -1.0069578 0.68092167 17
0.55507255 -1.0134709 0.64998758 14
0.63710839 -1.0038624 0.64842367 16.25
0.72430629 -1.0035692 0.6761905 8
0.83529705 -1.0737127 0.69643837 1
0.95900249 -1.0129969 0.69029331 9
1.1454644 -1.0078669 0.69080389 15.5
1.2932829 -1.0102906 0.67089969 16.666666
1.3272707 -1.0121124 0.64305961 17.799999
1.417909 -1.0210755 0.64938259 16.4
1.5692923 -1.0096216 0.62921184 1
0.55571866 -0.99852562 0.64137256 14
0.80735672 -0.99601305 0.68120289 17
1.3347186 -0.99176556 0.67473197 11.333333
1.5261906 -0.99576217 0.61548388 22
5.0322461 -0.46149799 0.68611407 2
-4.7104139 0.2356998 0.66772437 80
-4.6174488 0.31883442 0.65171826 117
-2.8689907 0.82467711 0.68105114 32
-2.6807041 0.83276665 0.6589911 47.5
-2.5116482 0.83766025 0.63717735 60
-0.50357634 0.86328059 0.69292653 11
-0.47308493 0.87093651 0.65120482 18.799999
-0.36265552 0.85886103 0.65148991 16.166666
-0.28465006 0.8599357 0.64684683 15
0.29594278 0.87927741 0.68799692 8
0.34395158 0.87900758 0.65355313 15.111111
0.428637 0.8847869 0.63651901 17.666666
0.54850745 0.88893163 0.65149736 18
0.94397622 0.93327385 0.60058296 6
1.1400073 0.9291622 0.60173768 6
1.3806694 0.9212054 0.60120696 3
1.415259 0.92687047 0.64210349 10.6
2.1915851 0.93415236 0.63905096 37.5
2.2414944 0.92032737 0.6360352 69
2.3233509 0.91897935 0.67963809 64
3.3693194 1.063949 0.64321989 6
5.6508589 1.0722712 0.6395126 19
5.8803945 1.0784357 0.60357183 19
-2.9062674 1.4039737 0.69721067 14
-6.6107841 6.5123329 0.69848359 82
-3.8145766 8.5365114 0.60927463 13
-7.3958941 9.0972319 0.61210185 34
4.7576723 -3.2107754 0.72887212 10
-3.411469 -2.24986 0.73007917 38
-3.2608552 -2.2104111 0.77011228 49
-3.0601931 -2.2096581 0.75497961 61
-2.7371356 -2.2301338 0.74378419 64
-2.6629343 -2.2436702 0.70571679 75
-2.4615469 -2.2143383 0.76562119 69
-2.3236022 -2.2358952 0.7565546 89
-2.2711012 -2.2699282 0.72539371 51
-1.4447351 -2.2826161 0.74967611 43.5
-3.4104738 -2.19664 0.76318151 35
6.3975821 -2.0431941 0.77740169 13
6.3762531 -1.9246163 0.75281751 11
6.3838491 -1.8278908 0.73454714 13
1.0896069 -1.7301571 0.78855431 2
6.3618164 -1.7080128 0.75141674 20
6.5679007 -1.6529194 0.79636008 6
0.49300548 -1.5504712 0.72937936 3
0.38694331 -1.4524101 0.71032912 24
0.47983566 -1.4845219 0.74196446 2
1.2589293 -1.4739974 0.7712357 2
0.24887365 -1.3601353 0.71336639 1
0.38354081 -1.3674103 0.71160519 2
0.47286129 -1.3446531 0.71877933 1
-3.5296478 -1.1481247 0.74070966 7
0.45136166 -1.1018699 0.70090979 2
0.74603975 -1.1023421 0.70132923 4
0.95223767 -1.1001434 0.70735329 2
1.1735586 -1.1081482 0.70092922 12
-3.5228271 -1.0289745 0.75903231 7
-0.57633162 -1.0393717 0.74460185 9
-0.45242429 -1.031848 0.74820399 12.5
-0.37475228 -1.0325468 0.73699933 15
0.17170417 -1.0118566 0.75188535 5.6666665
0.24387257 -1.0266678 0.73230743 9.8000002
0.35313827 -1.0097368 0.74834037 14
0.44298932 -1.0108411 0.75907677 16.25
0.54056442 -1.0158304 0.75346732 15.25
0.63956612 -1.0126878 0.75054163 12
0.79386187 -1.0137979 0.76484042 15
0.89872456 -1.0115092 0.75602221 14
0.99016052 -1.0115933 0.74741346 16
1.0776201 -1.0367821 0.74762601 9.333333
1.1565868 -1.0223047 0.74123836 12.666667
1.2729466 -1.0400647 0.74099183 9.5
1.354305 -1.0163877 0.75353116 15.555555
-3.5292315 -0.95396274 0.77344662 6
0.7102679 -0.99787194 0.71543819 18
0.80102766 -0.99894804 0.71135491 16
0.90502703 -0.99822378 0.70590818 18
1.169107 -0.99195468 0.75094402 15
1.2343454 -0.99692553 0.76338494 10.75
1.3529214 -0.99534607 0.70979363 14
1.4276565 -0.95933586 0.75873017 15.833333
-3.5165806 -0.8728047 0.78219396 20
-3.5271311 -0.79983288 0.79580522 72
5.5771217 -0.45110109 0.75229526 14
5.6524749 -0.42529005 0.77913696 19
-3.075865 0.82108307 0.74090397 33
-2.8303804 0.82940805 0.74000406 54
-0.46294791 0.85962737 0.70486808 8
-0.37467185 0.8631776 0.72945923 5
-0.28086236 0.86117721 0.72060663 5.3333335
0.28747228 0.86129349 0.70391929 0
0.37877131 0.8777402 0.72903711 2.6666667
0.44973254 0.88274217 0.73809642 7
0.51473153 0.88448256 0.7449494 7.5999999
1.3902137 0.95022434 0.77422094 40.5
1.4093121 0.92904294 0.78465402 14.5
2.253696 0.92116523 0.70776653 53
2.3450673 0.92225772 0.75274777 56
2.4250808 0.92277527 0.73146296 58
2.5296853 0.92360204 0.78610164 53
3.7986565 1.0849639 0.78177553 4
6.1635737 1.0793279 0.7202884 21
6.9327612 1.0505208 0.77898842 30
6.5815654 1.1071125 0.70991623 28
-1.9428054 6.1859789 0.77496564 40
-2.5791061 6.3163991 0.73920023 19
-6.3923483 6.6148877 0.72916073 1
-4.2730575 7.1509666 0.70019376 16
-7.3054953 8.608345 0.70432389 1
-7.4075584 9.1815434 0.79058468 82
-7.3915315 9.1138144 0.72835863 57
4.7317371 -2.9557374 0.80119693 64
-3.6753523 -2.3371248 0.80885547 0
-3.7148895 -2.2630553 0.83591098 11
-3.2942653 -2.2116601 0.852988 45
-3.1167555 -2.2060099 0.88140476 62
-3.0919983 -2.2062721 0.82941335 53
-2.9782751 -2.244638 0.8642357 76
-2.874809 -2.2498927 0.81159347 77
-2.7568057 -2.221884 0.84932005 51
-2.6035295 -2.2439256 0.89556885 72
-2.5119519 -2.2287698 0.87099808 73
-2.4568932 -2.2304108 0.82292378 79
-2.1946425 -2.2923903 0.87553871 23.5
-1.4621396 -2.2792878 0.84797621 50
-3.4522905 -2.1911998 0.86634505 7.5
2.9270318 -2.1289229 0.8472898 4
6.3752642 -1.7861176 0.81312513 9
-3.5364232 -1.6527541 0.86831033 2.5
1.2889813 -1.6842233 0.8733719 1
6.3740048 -1.6620321 0.82877499 19
7.168314 -1.6919746 0.89486188 29
-3.5617955 -1.5371594 0.89215863 7
-3.4562569 -1.4069595 0.87334204 8
-3.4426112 -1.322872 0.87914801 5
-3.4385667 -1.2417655 0.88672405 8
-3.4398661 -1.1657041 0.89538908 7
-0.58831793 -1.0623987 0.80599147 5
-0.45826378 -1.0409207 0.82150126 3
-0.37627634 -1.0413113 0.82109803 5
0.1782382 -1.0186596 0.82725215 2
0.33596411 -1.017524 0.83280325 6.75
0.48681727 -1.0283599 0.8467896 10
0.58507723 -1.0243565 0.83004224 13
0.68208838 -1.02139 0.83768445 13.333333
0.77884954 -1.0282408 0.85402304 13.666667
0.88532275 -1.0229961 0.83778447 13.666667
0.97911263 -1.0243325 0.84485555 14.666667
1.0877676 -1.0231205 0.84690934 11.666667
1.1661502 -1.0293761 0.86363125 21.333334
1.268839 -1.0130914 0.83632404 16.166666
1.3425331 -1.0289947 0.86329013 15.666667
1.2970678 -0.99729884 0.81509167 13
-3.529948 -0.72480381 0.80659616 66
-3.481899 -0.63837963 0.80349714 5
-3.5838547 -0.43004531 0.85443223 19
6.3882365 -0.41923741 0.87523687 22
-3.596657 -0.35510615 0.86471874 22
-3.6382484 -0.28239191 0.88236839 22
6.9744973 0.45124397 0.89603162 86
6.9537263 0.57103413 0.87446243 71
6.9605432 0.69299704 0.85468668 30
-3.3159809 0.81722647 0.80869097 4
-3.2663612 0.82404763 0.87802225 47
-3.0257747 0.82424915 0.80232167 49
-2.3306413 0.85014564 0.88158166 66
-0.44352758 0.85999602 0.88787919 4.5
-0.35575035 0.85600138 0.8592065 2.5
-0.27566326 0.85925728 0.87026334 2
0.1852635 0.87550205 0.89888233 9
0.22938843 0.88074291 0.84607184 5.5999999
0.34202343 0.88355988 0.8619141 4
0.47173163 0.88312507 0.89779705 0
6.9574399 0.81288803 0.8322075 28
-2.3141446 0.93964833 0.88394064 9
-2.2871504 0.98077041 0.85559839 70
0.66102648 0.93442804 0.86297935 7.5
1.398546 0.95284009 0.8782953 43
1.4157348 0.9250102 0.85408688 15
2.4499831 0.92651558 0.80524617 56
2.5656056 0.92989963 0.86250013 49
2.6513326 0.92655087 0.84759974 55
6.9599638 0.93480563 0.80823976 28
7.0578814 0.9092263 0.88914132 32
-2.3162141 1.0085126 0.89471161 81
3.8540635 1.0803753 0.87865907 1
6.9977779 1.0135943 0.86501855 32
3.7638881 1.1193675 0.84194577 12
6.8874106 1.1074635 0.83262831 28
-2.5953217 6.3127346 0.89239419 2
-6.6422772 6.5080276 0.85269994 84
-6.3879428 6.5717731 0.88236392 5
-5.2869868 8.3336821 0.85805792 8
-7.0741916 9.1755199 0.85113698 83
4.7269912 -2.3971462 0.95824271 82
-3.3313823 -2.2124081 0.93804407 39
-3.2278218 -2.2511017 0.98575228 79
-3.1397483 -2.220196 0.94915771 63.666668
-2.8084712 -2.2324438 0.99662197 57
-2.744592 -2.2325816 0.94041204 63.5
-2.5486448 -2.2233396 0.95055395 65
-2.3047171 -2.2377896 0.97944731 65
-2.2305977 -2.2825029 0.94149178 48
-1.4848831 -2.2797527 0.94386524 70.5
4.7271495 -2.291033 0.98541051 99
2.8996229 -2.1330554 0.93567896 66
7.2503161 -1.7731814 0.96916425 19
7.3227267 -1.6526167 0.99388504 36
7.4154243 -1.6254747 0.94610882 26
0.057674251 -1.043183 0.92072827 6
0.15214463 -1.0197788 0.99542522 0
0.46137601 -1.035917 0.92440069 0
0.55984855 -1.0217359 0.91652161 0.5
0.65518028 -1.0261644 0.94368178 3
0.76643652 -1.0363878 0.92805046 9
0.87081051 -1.0298011 0.92305911 23.5
0.97478831 -1.0425142 0.93973684 18.5
1.087472 -1.0479137 0.94342005 6.5
1.1796707 -1.0635968 0.9515121 1
1.2859784 -1.034324 0.92890286 15
-3.5645115 -0.97466856 0.95322496 5
-3.559402 -0.85858691 0.96148276 21.5
-3.5562322 -0.74351817 0.96864277 67
-3.4306586 -0.64334965 0.93666887 7
7.1124034 -0.41957644 0.99636656 29
7.2180576 -0.36006725 0.99972796 32
-3.708385 -0.20890565 0.90598083 19
7.2119575 -0.24111478 0.99722564 49
7.213913 -0.1455029 0.99672896 63
7.2135949 -0.022531295 0.98983252 101
7.2137961 0.086996414 0.97570193 91
7.205646 0.11183902 0.98598886 150
-3.8177209 0.27439967 0.9555192 26
7.1972942 0.21383928 0.9597038 81
7.2072768 0.22884893 0.97982311 106
-3.7473223 0.34985095 0.93763173 39
7.1297874 0.33733425 0.93440986 68
7.2074528 0.34483466 0.9708584 60
-3.6964436 0.42425957 0.92430413 21
7.2061954 0.46280724 0.9619109 48
7.2205009 0.57992303 0.95269334 31
7.2106938 0.69680077 0.93965805 30
-2.5210199 0.83348942 0.9665494 48
-2.4779022 0.83557445 0.98047721 63
-2.3275671 0.86507976 0.90850115 109.5
-0.45958805 0.85782111 0.95683086 14.4
-0.32889038 0.86181653 0.94644296 11
-0.27619851 0.86354905 0.95321107 11
0.16684845 0.88311452 0.96397072 11
0.25578633 0.88646883 0.95599526 11.5
0.31198132 0.89147353 0.93724132 12.5
0.43378392 0.88694948 0.96827859 6.5
7.1703959 0.80836785 0.91940075 30
-0.55694735 0.94341451 0.97785175 1
2.2015233 0.94149774 0.96528578 16
2.6961813 0.93445861 0.92583805 52
2.7836642 0.92858827 0.91534346 37
2.8046341 0.92481196 0.98039579 17
-1.9610914 6.1897893 0.92692375 100
-8.5212326 9.1723061 0.96174836 73
4.725328 -2.4568994 1.0532961 103
4.7207432 -2.3397784 1.0767094 95
-3.6809084 -2.2779996 1.096862 0
-3.3804638 -2.2269919 1.0542444 34
-3.2098367 -2.2102213 1.0457541 40
-2.9197013 -2.243778 1.05205 84
-2.8307054 -2.221014 1.0566186 41
-2.6018932 -2.2247458 1.0611966 60
-2.5737331 -2.2230401 1.0055069 63
-2.4880338 -2.2427523 1.0938289 76
-2.3966305 -2.2432749 1.0362341 83
-2.2577927 -2.2829468 1.0733509 65.333336
-2.1930518 -2.2911661 1.0463294 55
-1.5148753 -2.276154 1.0555596 41
4.7225337 -2.2266288 1.0993669 107
4.7287364 -2.1889112 1.011153 107
4.8416495 -2.1426139 1.0619731 57
0.13337626 -1.0157444 1.037431 2
0.25485143 -1.0185153 1.0882993 1
0.30987734 -1.0236536 1.054294 1
-3.799715 -0.47662035 1.05732 18
-3.712081 -0.38849926 1.0352138 43
-3.617794 -0.3023881 1.0086688 22
7.2249475 -0.29783937 1.0071918 32
-3.7002082 0.46160012 1.0311757 48
-3.6993663 0.53974682 1.0283195 55
-3.6748681 0.65424424 1.0152059 26
-2.6614323 0.82899511 1.047049 51.5
-0.50678205 0.85555428 1.068471 17.5
-0.4174521 0.85394692 1.037358 16
-0.338489 0.85864329 1.0400592 15.75
-0.27801049 0.85892177 1.0578072 15
0.078707173 0.87469822 1.0962404 10
0.13001187 0.87531179 1.0356033 10.25
0.23708209 0.88657379 1.0540072 11.6
0.38461447 0.88400602 1.0600895 11
0.42597857 0.89697903 1.0527048 11.333333
0.61012614 0.89686781 1.0794284 10
-0.5754711 0.98875314 1.0653038 3
0.62222123 0.9197129 1.0474467 9
2.2387724 0.93142676 1.0345635 69
2.3678648 0.92895991 1.084215 59
4.7792106 1.1377891 1.0871445 139
4.7579317 1.2225306 1.0593255 56
4.7989502 1.3266811 1.0462464 0
-1.9806479 6.1926093 1.0817816 101
-2.3849423 6.2512145 1.084235 77
-2.1948056 6.2160683 1.0166159 78
-6.8146868 6.4767537 1.0325356 3
-6.6781001 6.5016313 1.0071164 83
-6.4026785 6.5446148 1.0357673 19
-13.652706 7.5847487 1.0945736 89
-13.647357 7.9303203 1.0103289 96
-5.2990694 8.3039951 1.0559578 20
-5.0337701 8.4619293 1.0131843 49
-7.4455824 9.1818485 1.0099989 78
-7.1163774 9.1778355 1.068229 80
-4.7499666 9.1499224 1.0489377 68
-4.6810327 9.157464 1.0080481 65
-3.6884966 -2.2657568 1.1756659 6.5
-3.4388652 -2.2168093 1.1493959 7
-3.2549837 -2.2078171 1.1290324 28
-3.1622345 -2.2428098 1.1696391 75
-3.0377784 -2.2437935 1.1093187 77
-2.8779218 -2.2278533 1.1543624 27.5
-2.6412077 -2.2217896 1.1454649 50
-2.5857871 -2.2452667 1.1544983 88
-2.4123175 -2.2421455 1.1824982 75
-2.3172238 -2.2371411 1.125038 100
-2.2846682 -2.2872515 1.1600411 59
4.7805209 -2.1461067 1.1364259 56
5.0573249 -2.1412182 1.1393975 56
0.18403745 -1.0220245 1.1557863 2
0.28082585 -1.0105813 1.1345607 1
0.38340732 -1.017622 1.1582923 1
0.48986083 -1.004844 1.1731124 1
0.5012418 -1.0188776 1.1397902 0
0.37188759 -0.99647743 1.1848239 0
-4.6189566 -0.66418159 1.1129389 32
-2.8529263 0.82487369 1.1331043 41
-0.51804316 0.86075199 1.1507931 18
-0.42702499 0.85431242 1.1343946 12
-0.34899491 0.85832608 1.1495426 13.2
-0.27909535 0.85727155 1.1540926 12
0.061534893 0.86850947 1.1544753 8
0.14992429 0.87923652 1.1446649 11.333333
0.23181775 0.8885597 1.1354531 13
0.36614344 0.88627148 1.1529608 12.333333
0.40239593 0.89442796 1.1311247 12
0.57674277 0.88819331 1.1604925 11.2
0.602575 0.89606911 1.1167539 11
2.2847548 0.92584598 1.1089522 57
2.3936107 0.93089634 1.1862686 45
2.4855659 0.93297589 1.1654546 57
4.8189101 1.0551666 1.1189859 41
4.7677708 1.1143399 1.1640265 122
4.7940855 1.2535695 1.1506385 58.5
-2.9538903 1.3926893 1.137476 27
-2.9571035 1.4051805 1.1678568 59
-2.3471646 6.2463045 1.1146672 85
-7.070251 6.4498992 1.1362679 35
-6.7200823 6.4982314 1.1629809 82
-6.4439979 6.5424209 1.1936723 37
-13.658897 7.2401581 1.1757678 84
-8.558423 9.1588974 1.1782975 77
-4.9458604 9.1445951 1.1616638 81.5
-4.2103167 9.1850023 1.1408842 63
-3.7181482 -2.2418919 1.2324135 5
-3.3265743 -2.2267916 1.2466161 35.333332
-2.9138422 -2.2216892 1.2490578 13
-2.7560909 -2.2319396 1.2883639 55
-2.6868763 -2.2333159 1.2258046 57.5
-2.5066121 -2.2391498 1.239351 78
-2.2829051 -2.2681744 1.2626742 63.666668
-2.1853313 -2.2988987 1.2414752 10
4.9977732 -2.139519 1.215948 53
5.2757597 -2.1327951 1.2167449 56
5.3378558 -2.0480368 1.2548981 41
5.3200307 -1.9301353 1.271737 51
-3.4988194 -1.6652594 1.2162815 28
-3.5251553 -1.586362 1.2404466 10
-5.1364512 -0.85529071 1.2344612 9
-3.1119385 0.81890106 1.2289921 35
-3.0373139 0.8223837 1.2377328 48
-2.4200165 0.83105212 1.283432 47
-2.3331854 0.85469633 1.2263066 95.333336
-0.52474821 0.86188638 1.2044128 12
-0.43781486 0.85120463 1.2393659 13
-0.33888182 0.85055399 1.2502781 13
-0.27989841 0.85163498 1.257462 13
0.060246676 0.8872847 1.2168374 8
0.14225809 0.8832581 1.261971 10.333333
0.2047468 0.88542634 1.2022934 13
0.34469792 0.88736486 1.2400613 13.25
0.55735713 0.88839656 1.2631391 13
-2.3168683 0.92917693 1.2180665 49.5
-2.2974694 0.97472185 1.2122099 69
2.1744125 0.9634099 1.2864696 3
2.5196307 0.93895429 1.2746006 61
2.6232288 0.94016498 1.2605665 65
-2.32003 1.0067346 1.2143627 71
4.9312711 1.067143 1.2227865 21
5.3318548 1.0797158 1.2749604 18
-2.0078726 6.2234221 1.2417939 8
-2.5156014 6.3154607 1.2231412 9
-7.3494363 6.4318604 1.2461855 56
-6.9979362 6.4609566 1.2264551 9
-2.5925257 6.4232321 1.2090459 0
-5.3296175 8.2972631 1.2570299 25
-5.0625558 8.4490442 1.2154227 59
-7.4886746 9.1811438 1.2299633 83
-7.154655 9.1661577 1.2866901 83
-5.1447468 9.1416674 1.273532 72
-3.3909762 -2.2118475 1.3407253 1
-2.9299073 -2.2357814 1.3376653 47
-2.7367461 -2.2326782 1.3618851 43.5
-2.6100342 -2.2421508 1.3023468 78
-2.3076057 -2.2367289 1.333781 60
-2.2457433 -2.2761369 1.3627273 45.5
2.7219224 -2.1305995 1.3874815 80.5
5.2313337 -2.1308188 1.300223 54
5.2799783 -2.032372 1.3323361 28
9.6889639 -2.0419166 1.3554281 18
9.9052315 -2.039032 1.3099176 23
5.2340479 -1.8945757 1.3363025 20
5.3686862 -1.829555 1.3909695 18
5.4320755 -1.8629266 1.3204608 32
-3.4540329 -1.6684338 1.3618966 1
-3.4609692 -1.5803713 1.3729588 64
-3.606462 -0.99749076 1.3534729 6
-4.7278986 -0.70156842 1.3306116 9
-3.4379392 -0.70332658 1.3089752 4
-3.5926356 -0.6532324 1.3820714 5
-4.6665363 0.29269898 1.3283093 13
-4.6304889 0.38872996 1.3154196 20
-3.3676155 0.80934399 1.3414067 28
-3.2887416 0.81729513 1.3528681 42
-2.5569439 0.82742798 1.3607312 50
-0.44961134 0.84613824 1.355299 13.5
-0.36178413 0.848849 1.3373375 14
-0.28065374 0.85195601 1.348768 14
0.29365966 0.88625264 1.3206398 12
0.34446117 0.89653862 1.3248558 9
0.54516762 0.89465934 1.3615156 13
-0.54270339 0.91520399 1.3351967 106
2.2191806 0.93542838 1.3525629 76
2.6478345 0.94001311 1.3664337 52
2.7836864 0.94953817 1.3695225 103
5.4118819 1.0843734 1.3696373 20
3.7840245 1.1031405 1.379198 26
-7.6374717 6.411747 1.3572674 51
-7.2436266 6.4229298 1.3323445 39
-6.7661352 6.4938288 1.3194916 79
-6.4914756 6.5412221 1.3530266 51
-6.3752031 6.5881872 1.3500874 1
-5.1086998 8.4882183 1.3565302 45
-3.4019861 8.5220833 1.3815166 21
-5.1900415 8.7820654 1.3575757 19
-8.6139126 9.1584759 1.3972106 67
-5.2226744 9.1292448 1.3189479 105
-4.2383204 9.1783772 1.3663045 71
-3.6764874 -2.301934 1.4116467 12
-2.2497783 -2.3041975 1.4903646 70
-2.1747427 -2.3055139 1.4361485 21
-1.634287 -2.3013833 1.406693 0
-3.0399828 -2.2526562 1.4358407 90
-2.8255196 -2.2371647 1.4315953 80
-2.78494 -2.2178757 1.4170371 1
-2.4503222 -2.2419271 1.4347056 78
-2.346575 -2.2337227 1.4383129 29
-2.2091293 -2.2870412 1.4882672 4
-1.7813181 -2.2919438 1.4430705 26
-1.6521963 -2.2940505 1.4692659 22
-1.206696 -2.2849894 1.4464735 14
-1.1936636 -2.2864425 1.4354984 54
2.8141756 -2.123651 1.4575074 83.5
10.55542 -2.0330937 1.4988637 66
10.564546 -1.9954745 1.422604 74
5.6609921 -1.835389 1.4010838 7
10.569539 -1.8123308 1.4408607 101
10.561002 -1.6253251 1.4558049 100
10.553143 -1.4423269 1.4672173 99
10.558029 -1.2612114 1.4784123 100
10.569275 -1.0810403 1.4887929 65
-5.0331941 -0.85891783 1.4160334 9
-3.4332032 -0.64587235 1.4146173 6
-2.7179191 0.82664484 1.4524387 50
-2.3103096 0.86795998 1.4900781 93.666664
-0.45974278 0.84300393 1.4532995 55
-0.34691033 0.84721994 1.4386767 27.666666
-0.27546108 0.85107875 1.4620271 43.666668
0.49829242 0.88933015 1.4632611 12
0.52681422 0.89254057 1.4252613 13
-2.3175347 0.94876593 1.485589 0
-2.2984965 0.9606567 1.4934946 27
0.78537095 0.96533525 1.4964346 1
1.0784143 0.94898593 1.4933126 20
1.3490763 0.94330311 1.492018 3
1.9370153 0.95610952 1.4831986 26
2.0822504 0.9449805 1.4900174 51.5
2.3190389 0.93354166 1.4405515 52.5
2.7867544 0.94007576 1.4644461 42
-2.3161798 1.0167975 1.4876723 25
5.9028535 1.0937792 1.4501928 20
3.9026682 1.1228776 1.4869187 30
-2.7513561 1.2996968 1.4703841 22
-7.9669561 6.4103026 1.4768027 44
-7.5398746 6.4218292 1.4489294 58
-6.8143535 6.4864321 1.4778305 78
-2.107039 6.5082192 1.4579546 16
-5.3621445 8.2865229 1.4579462 23
-5.203721 8.244791 1.446422 23
-5.1632004 8.3255272 1.4147433 33
-5.0676293 8.3921623 1.4107306 41
-7.5431986 9.1884317 1.453861 83
4.7467108 -3.5990896 1.5262444 76
4.7544713 -3.4598663 1.5637801 102
4.7508345 -3.3168797 1.5945743 104
-2.2548573 -2.3043256 1.5186924 80
-3.9742885 -2.2699683 1.5562723 12
-3.1742973 -2.2563684 1.5173872 94
-3.0828271 -2.2451785 1.5864533 73
-2.9580314 -2.2471788 1.5104512 80
-2.6062148 -2.2485447 1.5460334 87
-2.5486157 -2.2383163 1.5736792 84
-2.4473395 -2.2402506 1.5038539 74
-2.3805335 -2.2425547 1.5901822 77
-2.2913656 -2.245343 1.5336273 84
-1.7862221 -2.2524354 1.5279512 9.5
-1.6646148 -2.2767286 1.5262644 6
-1.2102308 -2.2548494 1.5280532 38.25
2.9107003 -2.1151848 1.5295889 27
10.582727 -1.8358297 1.514526 76
10.573829 -1.631822 1.5213795 75
10.574135 -1.4317638 1.5274407 75
10.553142 -1.2308646 1.526672 95
-3.8688521 0.84529346 1.560176 1
-3.7146368 0.84214377 1.5470409 9
-2.9306347 0.82160395 1.57868 45
-2.7859867 0.82312423 1.5007303 45
-2.3583443 0.83068824 1.5090237 56
-2.2422698 0.88368511 1.5819539 78
-2.1495457 0.87070912 1.5824041 62.666668
-1.8351685 0.86467409 1.5817138 42.5
-1.5123954 0.87511122 1.5727611 50
-1.4376032 0.867459 1.568602 67
-1.1631705 0.87295508 1.5787448 61.333332
-0.9078455 0.87104785 1.5777063 56
-0.81883013 0.86375964 1.583167 20
-0.66587019 0.86675853 1.5757118 105
-0.57661402 0.86480129 1.5853548 74.5
-0.46818537 0.84530008 1.5328547 61
-0.37149334 0.84897995 1.5548381 60
-0.27345657 0.84575963 1.5532596 62.5
0.48507482 0.88945735 1.5266607 54
0.52750129 0.89485359 1.5360329 44
0.77177447 0.89122725 1.5556793 43
1.0468613 0.89236087 1.5532999 35.666668
1.2905216 0.88984632 1.55059 24
1.3551301 0.89521933 1.5407929 22
1.5808611 0.88944888 1.5417017 2
-2.300976 0.97991496 1.5666124 19
-2.2550855 0.93704569 1.5812651 24
-2.1662118 0.93207681 1.5814923 42
-1.8482172 0.93258035 1.5702742 36.5
-1.5266412 0.94352633 1.5664805 16
-1.4586667 0.92545801 1.5797652 76
-1.200153 0.93937737 1.5691333 23
-1.1134667 0.92385787 1.5767291 78
-0.91412598 0.94049197 1.5712118 24
-0.82202607 0.91172093 1.5797493 82
-0.66998339 0.91978621 1.5841213 97
-0.57154745 0.96069044 1.53984 38
0.77620775 0.91448861 1.5141667 62.333332
0.81427622 0.96206367 1.5134416 31.5
1.07298 0.92233104 1.518013 50.666668
1.2943949 0.9017756 1.5182217 30
1.3424757 0.92933226 1.517072 16.5
1.982118 0.93042064 1.535285 64
2.1772985 0.94840586 1.5811425 121
2.4527349 0.94327658 1.5576179 63
-2.2864068 1.0128092 1.5376559 28
3.9705288 1.0627043 1.5268978 35
4.1258807 1.0428489 1.5594498 10
5.9736195 1.097488 1.5419143 20
4.1238422 1.1307362 1.5419493 31
-2.7827504 1.2942262 1.5052825 25
-8.3018932 6.3998175 1.5989006 67
-7.8408098 6.4127274 1.5675153 65
-6.5241046 6.5201344 1.5093805 70
-6.4020314 6.5606203 1.5063716 9
-5.4421806 8.2374191 1.5774062 52
-5.3572884 8.2576551 1.5330107 62
-7.2051611 9.1674757 1.5070686 83
-4.2714171 9.1767321 1.592224 103
4.7492628 -3.177778 1.6245023 106
4.7347641 -3.0318308 1.6475716 99
4.7410769 -2.9046521 1.6766903 94
4.7315993 -2.7696624 1.6975853 92
-4.1315217 -2.2489879 1.6323057 10
-3.3202376 -2.2611399 1.6067262 81
-3.2269988 -2.2521873 1.6730573 79
-2.7088335 -2.24195 1.6192819 83
-2.6601391 -2.2403827 1.6515654 88
-2.4901283 -2.2482734 1.6852627 79
-2.386174 -2.2415278 1.6175755 79
-4.0538025 0.79015946 1.6412584 11
-3.8588815 0.78409177 1.6138771 6
-3.017308 0.81790811 1.6387315 37
-2.5364935 0.82958722 1.6348369 48
-2.4739468 0.82590526 1.6117498 54
-2.3702044 0.8443163 1.6814841 31
-2.276438 0.83966917 1.6109467 67.333336
-2.1738806 0.85052603 1.6388681 4
-1.4639797 0.8454898 1.6175001 12
-1.1166421 0.84292799 1.6117816 23
-0.67158961 0.83687413 1.6064521 33
-0.47999406 0.84175813 1.6543026 56.5
-0.36606655 0.84585416 1.6551203 56.5
-0.27331614 0.84757245 1.6401234 56.5
2.2433019 0.95357454 1.6572189 96.5
2.5846481 0.94401073 1.6729813 65.5
6.6648779 1.1170642 1.6818472 22
-8.1116905 6.3626742 1.6807461 1
-2.1251533 6.4900861 1.6200944 1
-6.9108853 6.5240011 1.6477497 37
-6.5923328 6.5319223 1.6758369 12
-6.4350162 6.5360508 1.6641123 7
-5.4052339 8.290781 1.6638174 35
-5.674552 8.3726273 1.6898243 12
-5.0901699 8.36028 1.6105168 43
-3.4929211 8.6899414 1.6232027 36
-8.6581583 9.1400633 1.6141558 60
-7.5843544 9.1747427 1.6750861 81
4.7426863 -3.6598654 1.7033004 82
4.7373719 -3.5006871 1.7327323 85
4.739141 -3.3484871 1.7607131 91
4.7409363 -3.2022872 1.7887335 99
4.7257195 -2.6396337 1.7191395 98
4.7270064 -2.5165279 1.7420011 97
4.7261434 -2.3944511 1.7627844 98
-3.3800611 -2.2552006 1.7643512 57
-2.9569054 -2.2489297 1.7969444 82
-2.8269217 -2.2434103 1.7053287 87
-2.7752748 -2.2414441 1.7330489 77
-2.5932102 -2.2454958 1.7641079 87.5
2.2552011 -2.2151186 1.7769426 5
4.7216644 -2.2734282 1.7786877 93
4.7251129 -2.1583083 1.7994171 93
6.4827876 -2.1088398 1.7292669 32
-3.4369295 -1.7204902 1.7330351 2
-3.3940344 -1.6012045 1.7189038 8
-3.3470972 -1.3908585 1.7096853 24
-3.2793612 0.80952513 1.7937186 32
-3.1824474 0.814551 1.7274024 40
-2.7265463 0.82248312 1.7698318 45
-2.6666198 0.82213479 1.7499954 44
-2.460556 0.83501023 1.7661083 39.5
-2.3658223 0.83365953 1.7328376 50
-2.2971802 0.86601329 1.734252 31.5
-0.44869965 0.84251857 1.7810879 54
-0.33990857 0.86100936 1.7548325 48
-0.26065353 0.86320937 1.7481854 38.25
2.2850649 0.9431206 1.7080581 52
2.7482762 0.94881189 1.7937189 65
6.6789503 1.1151613 1.7568451 25
-8.6218996 6.3624568 1.7196487 29
-5.7630258 8.3518553 1.7356011 22
-7.2609968 9.1687975 1.7309943 81
4.730567 -3.0482004 1.8076526 95
4.7268009 -2.9051361 1.8300726 92
4.7264266 -2.7679954 1.8503968 93
4.7260346 -2.6308641 1.8693074 97
4.7192454 -2.495784 1.8847715 95
-3.0996218 -2.2574966 1.8982859 93
-2.9042683 -2.2455239 1.8225851 84
-2.7097008 -2.244029 1.8642156 78
-2.6966431 -2.2441356 1.8332796 82
-0.40779197 -2.1920063 1.895265 1
2.5808349 -2.1158102 1.8237858 68
2.674798 -2.1195538 1.869153 83
4.8983574 -2.1272142 1.891577 55
7.2458529 -2.1051781 1.8777426 28
6.8873277 -2.0979638 1.8632135 32
-2.6210914 0.81698799 1.8921891 42
-2.591023 0.83071762 1.8693579 35.5
-2.4372356 0.84180778 1.8582551 30
-2.3607461 0.84186018 1.8221601 31
-0.50406951 0.83362252 1.8861102 56
-0.40550825 0.8609367 1.8825382 49.5
-0.35066733 0.86431497 1.826439 44.666668
-0.27144858 0.85620743 1.8415289 52.333332
-0.12504855 0.88341612 1.8134364 33
-0.045383655 0.8928864 1.8350749 48
2.2644234 0.96070397 1.8529227 35.5
2.3963969 0.94539326 1.8091863 60
2.4088864 0.94656259 1.8360828 58
2.7457635 0.95001853 1.8364546 50
4.7583661 1.1236405 1.8556418 16
-5.11479 8.3263988 1.8111255 48
-3.5998745 8.8996935 1.8824759 57
-3.7327883 8.9809542 1.8276765 62
-7.6387539 9.1690273 1.8980719 82
-4.3036752 9.1681042 1.820274 102
4.7202649 -2.3656652 1.9008839 93
-3.7418225 -2.2754078 1.9789921 9
-3.2352195 -2.2530284 1.9959646 77
-3.044342 -2.2536051 1.9207367 84
-2.8296494 -2.250349 1.9456472 79
-2.4240978 -2.2414303 1.977349 1
-1.3149635 -2.2561591 1.9362699 0
-0.92373341 -2.2492642 1.9371755 2
-0.63548809 -2.2403047 1.994917 1
-0.56482905 -2.2147267 1.9134132 0
-0.43748194 -2.2535374 1.9773173 2
1.1614491 -2.2102084 1.9609113 8
2.14555 -2.2027833 1.9530518 29
4.7127442 -2.2346115 1.9128482 94
-0.71905178 -2.1963649 1.9705609 11
-0.59968889 -2.188637 1.9842756 62
-0.44892859 -2.184617 1.979762 29
0.96951509 -2.1645346 1.9705666 27
1.1362996 -2.1620901 1.9953632 59
1.4262272 -2.1859989 1.9563936 59
1.5809736 -2.1603878 1.9959931 64
1.6050395 -2.1974914 1.9565368 23
1.8265102 -2.1686559 1.9616387 63
1.979445 -2.1765053 1.9656806 57
2.1577516 -2.1644502 1.99137 63
2.2630429 -2.1579854 1.9722733 53.5
2.335077 -2.1205478 1.9811206 80
2.6781752 -2.1108913 1.9115431 65
2.7803843 -2.1183674 1.964227 73
4.7543969 -2.1321988 1.946345 57
-4.6949263 0.85377377 1.9915328 12
-3.5619173 0.82747424 1.9514402 82
-2.9693415 0.82034427 1.9410961 36
-2.8928444 0.81922829 1.9118314 38
-2.7257953 0.83911061 1.9992375 27
-2.5546567 0.84017462 1.969189 28
-2.4769902 0.83905929 1.9333711 26
-2.2084405 0.84914911 1.986451 40
-1.7422948 0.86455548 1.9821702 23
-1.3781196 0.8502636 1.9739387 53
-1.27423 0.87045246 1.9805593 3
-1.0380379 0.85033828 1.9789132 57
-0.92136234 0.85306484 1.9677925 56
-0.74964476 0.87733489 1.9866654 3
-0.63315636 0.86276305 1.9824327 35
-0.42922419 0.85712969 1.9431015 47
-0.35181031 0.86514539 1.959185 47.666668
-0.27331799 0.83908802 1.9233085 55.5
-0.17015064 0.88148987 1.9137818 51
-0.083888821 0.8904115 1.9308003 50
0.092744172 0.8859176 1.9267422 52
0.18168475 0.89687246 1.9013555 49
0.73008209 0.89868742 1.969327 50
1.057727 0.89873832 1.9580281 46
1.3527087 0.89276701 1.9399418 41
1.4386848 0.89659727 1.988625 36
1.5643075 0.89496779 1.9572783 39
1.6699098 0.89333975 1.9553423 29
0.76827544 0.93681753 1.925671 38
0.80543256 0.99100238 1.9237812 0
1.0663913 0.9236995 1.9245806 19
1.1173135 0.91138232 1.9353285 60.5
1.3643619 0.91981304 1.9189296 66
1.4357748 0.91748452 1.923788 68
1.575323 0.92745966 1.9172513 44
1.6698971 0.91771251 1.914763 33.666668
1.7088071 0.93919522 1.9153287 15
2.3224673 0.94445843 1.9206876 56
2.5511231 0.95242345 1.9769011 55
3.470341 1.0673953 1.9355413 10
3.6896012 1.0702007 1.9704994 10
5.0082932 1.0805982 1.9838223 20
4.7614245 1.1051321 1.900352 52
7.4697661 1.11676 1.9971695 16
7.5107546 1.1219397 1.9409407 13
-3.7123275 9.0962496 1.9023727 64
-7.3127532 9.1591225 1.9542921 83
-6.4342737 9.1220694 1.9897827 76
-4.027 -2.2808869 2.0356042 11
-3.927072 -2.2754238 2.0905097 67
-3.3994093 -2.2544656 2.0696886 7
-3.1811397 -2.2506824 2.0166051 73
-2.966666 -2.257638 2.0501733 82.5
-2.6463053 -2.2545052 2.0827496 9
-2.4602532 -2.2330348 2.0533028 11
-1.8445445 -2.247252 2.0425749 20
-1.3464136 -2.2481165 2.0573356 29.5
-0.94004589 -2.2539074 2.0260692 22
-0.64539719 -2.2489498 2.0914505 35
-0.58507282 -2.2459917 2.0826178 4
-0.44152391 -2.2542315 2.0653207 22
-0.77162933 -2.1951802 2.0651536 10
-0.66952652 -2.1909842 2.0498929 49
-0.49436903 -2.1822004 2.0710964 59
0.95528936 -2.1683223 2.0555162 5
1.122485 -2.156786 2.0672903 31
1.4051456 -2.1623354 2.0519428 51
1.5715553 -2.154177 2.0633428 52
1.8212999 -2.1664577 2.0320125 72
1.9650921 -2.1608424 2.0566514 58
2.1477199 -2.1385906 2.0504103 67.599998
2.385901 -2.1141918 2.0786304 79
2.4279101 -2.1202159 2.0764446 85
2.7884181 -2.1128542 2.0104878 74
2.8837843 -2.1091855 2.0557928 118
4.9941096 -2.1223171 2.0700517 52
5.1410022 -2.1213121 2.012958 58
7.3381095 -2.0848944 2.0115166 35
7.6953249 -2.0902457 2.0237384 41
7.8495269 -1.9754913 2.086987 113
5.1927571 -1.8975695 2.0670497 41
7.8226438 -1.8116974 2.0967398 109
7.33534 -0.37950885 2.0512102 1
7.539516 0.13975845 2.0851152 36
7.4747648 0.27905694 2.0609944 37
7.5495358 0.22079273 2.0729227 4
7.5294094 0.37158394 2.0517819 6
7.4796524 0.4191047 2.0554156 86
7.6362166 0.5302335 2.065223 11
-7.0975461 0.7633791 2.0535905 13
-4.9220705 0.8508755 2.0202789 10
-3.6799774 0.82010305 2.032181 50
-3.1425786 0.80822736 2.0906327 35
-2.8247733 0.81437099 2.046082 37.5
-2.649019 0.83843541 2.0769534 29
-2.2861164 0.83553052 2.0788674 31
-2.1794324 0.83942509 2.0234976 32
-1.8224734 0.83772355 2.0540423 50
-1.7468327 0.83973771 2.0494511 43
-1.4170856 0.83265072 2.0588045 55
-1.2884637 0.832461 2.0235627 46
-1.0622395 0.82966483 2.0561101 54
-0.94219238 0.83213317 2.0483532 49
-0.75215632 0.83040744 2.0057302 66
-0.51395679 0.85303438 2.0163317 53.5
-0.46215066 0.87588453 2.0498614 41.5
-0.3459909 0.83463818 2.033247 55
-0.25493971 0.85118151 2.0339844 50.333332
-0.12613383 0.88801074 2.0391355 46
0.060731605 0.88003218 2.0255067 47
0.15291405 0.89848793 2.0071602 49
0.72613007 0.89904773 2.0700963 42
1.0646987 0.89813441 2.047317 42
1.1225047 0.89868701 2.0282934 42
1.3736686 0.89930731 2.0346243 38
1.4565175 0.89775705 2.0686736 38
1.5954009 0.89717495 2.0742717 31
1.6748486 0.89657956 2.0290487 32
1.7122785 0.89817894 2.0405123 29
0.7807523 0.90203261 2.0505762 40.5
2.4495974 0.95169061 2.0644848 61
3.6830308 1.0584902 2.0867302 31
5.121243 1.0904226 2.0719571 25
-6.530118 9.0851202 2.040911 35
-5.9936066 9.1704216 2.058809 64
-4.3388247 9.1584549 2.0470569 97
-4.0206871 9.1485386 2.0037076 92
-3.9442024 9.1260939 2.0524261 88
-5.1941037 -2.2982776 2.1264422 30
-4.4552336 -2.2471025 2.1942856 1
-4.3767352 -2.2483997 2.1018946 2
-4.2300768 -2.2769639 2.1583035 62
-4.1770935 -2.2492445 2.1894772 13
-4.0666976 -2.2432277 2.1989975 10
-3.4484787 -2.2443304 2.1597118 17
-3.3465087 -2.2524867 2.1458261 55
-3.2304103 -2.232445 2.1017797 9
-3.1166835 -2.2596562 2.1749308 73
-3.0974045 -2.2601922 2.1424592 76
-2.6800587 -2.2414384 2.1701174 29
-2.5066233 -2.2335873 2.1424317 26
-1.9986616 -2.2538943 2.1728349 32
-1.8798591 -2.2478316 2.1306906 36
-1.3294998 -2.2466509 2.1563954 33
-0.9291544 -2.2449553 2.1531413 43
-0.89682823 -2.2556031 2.1115398 1
-0.65377414 -2.2456963 2.1810081 61
-0.58864129 -2.2386858 2.1686127 35
-0.42624968 -2.2441168 2.1464317 41.5
-0.3599323 -2.241852 2.1528666 41
-0.72200656 -2.1897731 2.1478543 43
-0.5414713 -2.1797521 2.1682823 75
-0.4078036 -2.1839709 2.193778 72
1.1111465 -2.1564372 2.1481223 1
1.3958024 -2.1644595 2.17501 21
1.566007 -2.154927 2.1413484 39
1.8175712 -2.1660986 2.1455421 48
1.9596286 -2.1571467 2.1617188 42
2.1702921 -2.1488187 2.1279154 55.333332
2.2791343 -2.1170676 2.1897082 72
2.4792247 -2.1093419 2.1748314 76
2.5221779 -2.116878 2.173152 81
2.8978918 -2.1048336 2.1072538 27
5.4078975 -2.1131196 2.1466129 55
7.7730384 -2.0478075 2.1555727 111
7.7431517 -1.8689288 2.158412 95
7.7345762 -1.699917 2.1653099 101
7.8078394 -1.6527838 2.1070001 107
7.7231545 -1.5309279 2.1708274 97
7.7752514 -1.4920608 2.1126249 98
7.7342796 -1.349075 2.1457582 100.5
7.72504 -1.1911186 2.149739 104.5
7.7189856 -1.0341392 2.1533227 98.5
7.7200232 -0.87909693 2.1567924 102.5
7.7188988 -0.72510886 2.1582279 103
7.7241507 -0.57257175 2.1595726 70.5
7.6434474 0.068501517 2.1144502 6
-5.272912 0.78572148 2.1716852 19
-4.9652734 0.78767818 2.1162522 18
-3.8521943 0.79941517 2.123601 28
-3.2356887 0.81119287 2.1293066 31
-2.8662577 0.83441383 2.1222925 26
-2.7545149 0.8336305 2.1948187 26
-2.2867174 0.83257115 2.1475911 26
-1.9062036 0.83226115 2.1779096 36
-1.8323499 0.83381152 2.1774766 33
-1.4813824 0.83022612 2.1884212 57
-1.3438635 0.82829714 2.1543021 37
-1.1029371 0.82418478 2.1798906 48
-0.97855419 0.82822049 2.1787148 39
-0.77735633 0.82585818 2.1249261 56
-0.65152007 0.8330583 2.10991 50
-0.5560171 0.8614319 2.146548 45
-0.42029554 0.83892989 2.1043937 55
-0.36990219 0.85615611 2.1372871 51
-0.27328363 0.84650224 2.1560967 49.666668
-0.17816341 0.8907342 2.170471 47
0.019124439 0.88419002 2.1562259 48
0.12207464 0.89814192 2.1197381 42
0.72194666 0.89843595 2.1784809 44
1.3904613 0.89877945 2.121845 38
1.0761445 0.90164334 2.1552515 40
1.1349686 0.90302545 2.1268215 37
1.4772471 0.90093398 2.1566925 34
1.6254734 0.90381378 2.1731584 34
1.7224036 0.90287066 2.1485324 32.666668
2.7201023 0.95898879 2.1524129 62.5
3.1886284 1.0578135 2.1674788 47
3.9727712 1.0706233 2.1628432 33
-5.4743218 8.8625002 2.1426525 96
-7.7027774 9.1723242 2.1271565 80
-7.3779054 9.1594458 2.181417 83
-6.7147956 9.1161327 2.142386 45
-4.2428093 9.1355715 2.1447275 95
-3.7305605 9.1562824 2.1666887 96
-5.4826941 -2.288348 2.2615023 5
-4.5476499 -2.2487857 2.296494 14
-4.2677274 -2.2540371 2.2968848 16
-4.1428642 -2.2606559 2.2548165 38.5
-3.5319173 -2.2574682 2.2484968 55.333332
-3.3745215 -2.2435699 2.2955904 23
-3.2575479 -2.2622361 2.2745602 75
-2.7418866 -2.2483633 2.2801387 39
-2.5649312 -2.2411158 2.2415516 38
-2.030571 -2.2460041 2.2671549 47
-1.9131068 -2.2444067 2.2179699 58
-1.4136776 -2.2525892 2.2936378 66
-1.3696744 -2.2537534 2.2302737 60
-0.94401991 -2.2476368 2.2517064 70.5
-0.66525722 -2.2503285 2.283406 82
-0.59250921 -2.2413542 2.2696614 57
-0.42860875 -2.2457712 2.2441263 67.5
-0.36078227 -2.245502 2.2512031 64
-0.76513654 -2.1963243 2.2943056 25
-0.5907076 -2.1782827 2.2699943 66
-0.45508647 -2.1838894 2.298625 66
1.559315 -2.1565406 2.2607758 18
1.8124636 -2.1607511 2.2595389 29
1.9580408 -2.1560063 2.2360356 32
2.1559563 -2.1621842 2.2415106 38.5
2.2867789 -2.1154416 2.2160506 74
2.3698707 -2.1125348 2.2900512 68
2.5790279 -2.1054265 2.2787223 79
2.618597 -2.1085317 2.2719326 87
5.2715516 -2.1191447 2.2124536 54
5.3480058 -2.0164909 2.2589784 27
-4.016952 0.79529446 2.2315271 25
-3.0644748 0.81483823 2.2524078 29.666666
-2.8264906 0.83400613 2.222887 26
-2.4058423 0.83306742 2.2135727 30
-1.4413154 0.82983595 2.2978182 42
-0.8047573 0.82036042 2.2569776 52
-0.64777195 0.85266495 2.2672729 41
-0.53845692 0.84839272 2.2431922 47
-0.44261584 0.85862333 2.2477202 48.5
-0.34825858 0.85214359 2.2948685 48.5
-0.26072252 0.82754076 2.295491 51
0.087983824 0.89987868 2.2462473 45
0.78039342 0.90528637 2.2093899 37
1.0853722 0.90012199 2.2610347 38
1.1452032 0.9014858 2.2177827 34
1.4173433 0.9074508 2.2369332 36
1.5023242 0.90613687 2.2566698 37
1.6471492 0.90231442 2.257103 34
1.7600079 0.90601659 2.2555456 31
2.5931454 0.9593724 2.2272222 53
2.6330574 0.96031171 2.2726767 55
3.1814895 1.0598338 2.2142329 41
5.6197782 1.1052657 2.2763712 23
-6.9948654 9.0944366 2.2970042 2
-6.0448437 9.1658115 2.2880886 78
-4.4763546 9.1355991 2.2920389 95
-4.3815451 9.1588078 2.2790983 97
-4.1790133 9.1409121 2.2033741 99
-4.3591213 -2.2794828 2.3474145 57
-4.2391195 -2.2464721 2.3973734 17
-3.7637355 -2.2762771 2.3731413 67
-3.6982319 -2.2679696 2.3802958 70
-3.5970037 -2.2480342 2.3765342 35
-3.4312339 -2.2570798 2.3915353 52
-2.8028941 -2.2522864 2.3922367 50
-2.6178298 -2.2406549 2.3360972 46
-2.0677767 -2.2440104 2.3713019 70
-1.955588 -2.2479374 2.3184917 69
-1.4431721 -2.2541549 2.3943431 75
-1.3745412 -2.2513745 2.3642948 75
-0.99127835 -2.2527821 2.3055258 90
-0.67619485 -2.2569349 2.3908837 93
-0.59862888 -2.2449989 2.3745394 79
-0.43134037 -2.2464132 2.3458014 86.5
-0.3611117 -2.2461295 2.354598 99
-0.64723188 -2.1837568 2.3848853 62
1.8120371 -2.1584663 2.3409626 18
1.9591631 -2.1547818 2.353009 21.5
2.1596122 -2.1601534 2.3568354 30.5
2.3781896 -2.1117342 2.3185625 62
2.4627345 -2.1049945 2.3910549 79
2.6903229 -2.1064107 2.3937905 77
2.7250848 -2.1031511 2.380451 83
-21.069004 0.70466566 2.3020871 120
-3.5930808 0.80899817 2.3828723 31
-3.4722111 0.80490637 2.3263044 31
-2.9579592 0.83071285 2.3641076 24
-2.5477633 0.8336913 2.3713396 30
-2.4292104 0.83175385 2.3067265 28
-2.0083661 0.83190519 2.3271575 37
-1.9327384 0.82789701 2.3262827 29
-1.5554987 0.82788575 2.3372097 51
-1.4126685 0.82807904 2.3119807 39
-1.1567901 0.82483286 2.336555 61
-1.0227097 0.82933921 2.3405077 50
-0.64937234 0.87325156 2.3546634 43
-0.43498629 0.83091277 2.3872213 58
-0.25992078 0.86196512 2.3157771 46.5
-0.026577974 0.88837409 2.3026998 57
0.047714598 0.90374655 2.3952575 49
0.74882185 0.90386844 2.3159022 40
1.1327041 0.9093585 2.37111 41.5
1.4400678 0.90805399 2.3445632 40
1.5251105 0.90633255 2.3544817 36
1.679744 0.90600878 2.3648758 33
1.7869277 0.90606272 2.3480945 29.5
3.4219289 1.062963 2.3707783 42
4.0102119 1.0746378 2.3151259 36
5.7161322 1.1095108 2.3522387 24
8.6017504 1.1360673 2.3401816 12
8.7248201 1.1413562 2.3096278 10
-3.2491369 5.6737485 2.3965404 10
-5.5271215 8.8566284 2.366873 75
-7.7645946 9.1636171 2.3545079 78
-4.4039035 9.125782 2.3491497 96
-3.7676899 9.1526604 2.3993835 94
-4.7243624 -2.2391443 2.4995661 41
-4.6569681 -2.2564561 2.4082685 18
-4.4064884 -2.2265737 2.4923313 46
-4.3310184 -2.2424481 2.446094 35.5
-3.6699095 -2.2428827 2.4865577 60
-3.5149655 -2.2396598 2.4926524 61
-3.4388013 -2.2681456 2.4218724 69
-2.8379102 -2.228219 2.4824955 92
-2.6842937 -2.2501287 2.4475331 61
-2.1016455 -2.2320175 2.4717259 97
-1.9971749 -2.2494564 2.4200892 78
-1.4580927 -2.2228093 2.4661095 118
-1.3942993 -2.2422223 2.463937 115
-1.013998 -2.2342265 2.4399209 106
-0.93047583 -2.2292104 2.437777 102.5
-0.64130712 -2.2251647 2.4630954 116.5
-0.43380085 -2.2460446 2.4500062 129.5
-0.36187506 -2.2377853 2.4508991 131
-4.6230602 -2.135952 2.4980671 38
-4.3177872 -2.1254315 2.4978261 43
-4.2382517 -2.1418786 2.4962614 46
-3.4583852 -2.1454487 2.4962063 56
-2.7899146 -2.1311877 2.4956429 81
-2.6803033 -2.1908176 2.488699 97
-2.0357449 -2.1670861 2.4760554 106
-1.9555125 -2.1165688 2.4815896 95
-1.442093 -2.1316774 2.4721594 105
-1.3797553 -2.1580005 2.4830437 118
-1.0062512 -2.1130266 2.4672308 116
-0.92098862 -2.1154618 2.4774261 110
-0.70166588 -2.1782532 2.495182 64
-0.67773306 -2.1246204 2.4625747 116
-0.55051661 -2.158675 2.4387355 89
-0.43235916 -2.1534932 2.4593987 121
-0.34879622 -2.1587248 2.4744668 104.5
-0.08089795 -2.1776893 2.419925 67
0.58129936 -2.1704192 2.4815001 4
1.8130848 -2.1581528 2.426379 7
1.9608269 -2.1515496 2.4735432 7
2.1140504 -2.1468883 2.4700093 16
2.2067146 -2.1585448 2.4341538 18
2.4731865 -2.1060009 2.4245439 81
-4.5319757 -2.0377696 2.4986937 44
-3.3981876 -2.0492716 2.4930482 62
-2.7380581 -2.0321639 2.4990885 85
-2.6318605 -2.0896702 2.4814718 85
-2.5953367 -2.0004995 2.4842696 70
-2.0326669 -2.0390272 2.4867892 88
-1.9525832 -2.0188317 2.4791226 92
-1.8966025 -2.0208097 2.4827704 107
-1.4247293 -2.0395606 2.4743137 98
-1.3588278 -2.0587745 2.4845967 96
-0.95244688 -2.0196371 2.4734931 113
-0.67362636 -2.0325704 2.4656355 104
-0.59008855 -2.0395186 2.4730275 106
-0.43167451 -2.057478 2.4601779 107.5
-0.36157107 -2.0527229 2.4644456 105
6.0193977 -2.091814 2.4499516 40
-4.0902829 -1.9565018 2.4974751 52
-3.344306 -1.9600914 2.4933753 60
-2.6804361 -1.9281456 2.4940016 75
-2.5574448 -1.9123508 2.4831829 83
-1.9629248 -1.937367 2.4853616 96.5
-1.8690237 -1.9284859 2.4889452 95
-1.4104196 -1.9524559 2.477212 108
-1.3377733 -1.9635507 2.485168 108
-0.98765618 -1.9308734 2.4711797 105
-0.89779276 -1.9262208 2.4779015 101
-0.66897076 -1.9395422 2.4627173 103
-0.58478516 -1.9454699 2.4711931 103
-0.43012875 -1.9669495 2.4630594 108
-0.36128825 -1.9597161 2.4642005 107
-3.2999127 -1.8769058 2.4989016 59
-2.6313038 -1.8331264 2.4942019 71
-2.5241077 -1.829308 2.4856153 87
-1.9364341 -1.8502934 2.4900053 101
-1.8409942 -1.8381735 2.490145 88
-1.3586576 -1.8713803 2.4857407 115.5
-0.97918493 -1.8448098 2.4715919 105
-0.88676983 -1.8371007 2.4796102 100
-0.6645664 -1.850503 2.4628031 110
-0.57993174 -1.8594022 2.4753668 105
-0.42826858 -1.8774059 2.4624667 102
-0.36163217 -1.8677287 2.4598846 104
0.81133968 -1.8858434 2.4993424 73
1.2508646 -1.8420948 2.4971161 18
-3.2488239 -1.79175 2.4969914 62
-2.5807385 -1.7371114 2.4895086 81
-2.4923534 -1.7471719 2.4860115 79
-1.9339973 -1.761042 2.4954171 90
-1.8513713 -1.7601604 2.4924536 92
-1.3505045 -1.75624 2.4838974 101.66666
-0.97061449 -1.7597506 2.4710133 111
-0.87689239 -1.752032 2.4822397 113
-0.66175306 -1.7694448 2.4698002 113
-0.57489455 -1.7743407 2.4775517 105
-0.42654836 -1.7526102 2.4687748 112
-0.36044094 -1.7451782 2.4691744 105.5
-2.5419991 -1.6520933 2.4938269 80
-2.4616745 -1.6680337 2.4873314 87
-1.9051794 -1.6760471 2.4989419 87
-1.8554277 -1.647765 2.4894834 98.5
-1.7889414 -1.66359 2.4932163 98
-1.354484 -1.6221434 2.4817164 107
-1.2771471 -1.6573896 2.4906206 104
-0.96151388 -1.64414 2.4788857 117
-0.867796 -1.6699312 2.4838014 103
-0.65669632 -1.6483903 2.4713359 116
-0.56778622 -1.6522528 2.4808073 117
-0.45013416 -1.6276511 2.4693141 122
-0.37842971 -1.6263337 2.4692044 121
1.1842571 -1.6552087 2.4981949 67
1.5654624 -1.6548411 2.4942389 16
1.7070842 -1.6706375 2.4880958 3
-2.4230151 -1.5558283 2.4931934 84
-1.8516235 -1.5443999 2.4976797 100.66666
-1.7659893 -1.5803273 2.496002 101
-1.3419213 -1.5460601 2.4824989 118
-1.254457 -1.5346426 2.4922638 106
-0.94915181 -1.5225796 2.4729748 121
-0.8548612 -1.5517761 2.4891076 116
-0.65196371 -1.5343212 2.4768834 130
-0.56138468 -1.5331836 2.4809985 120
-0.44913518 -1.5526181 2.4741924 127
-0.37787637 -1.5508106 2.4730511 124.5
1.1487801 -1.5495415 2.4971788 85
1.5236455 -1.5577393 2.4974983 35
1.6553655 -1.553634 2.4991376 27
1.7554181 -1.5120246 2.4917946 19
1.8690523 -1.5656526 2.493633 8
-3.0601363 -1.4416311 2.4958911 71.5
-2.431143 -1.4030492 2.4992945 78
-2.3828034 -1.4446576 2.4931786 85
-1.8146868 -1.4415374 2.4937508 103
-1.7327123 -1.4594574 2.4965777 98.5
-1.3263688 -1.4359338 2.4868999 113.5
-1.2415245 -1.4584905 2.4961951 98
-0.94441158 -1.452494 2.482146 133
-0.84263307 -1.4366392 2.491349 118
-0.64820421 -1.4562995 2.4739351 126
-0.55733871 -1.458128 2.4841311 129
-0.44724128 -1.437104 2.4714949 134
-0.38103437 -1.4488429 2.4712963 134.66667
0.709378 -1.4597123 2.4976068 88.5
1.4810212 -1.4566858 2.4893575 59
1.6275103 -1.4926478 2.4971015 47
1.7642963 -1.4374695 2.4946632 32
-3.0095549 -1.334949 2.4988163 68
-2.3484144 -1.3389854 2.4966786 80.5
-1.7838612 -1.3513677 2.492877 99
-1.6990701 -1.340597 2.4931746 87
-1.3052691 -1.3218741 2.4747238 111
-1.2197115 -1.3412757 2.4912519 123.5
-0.93425828 -1.3414326 2.4790869 133.5
-0.83421403 -1.3605566 2.489857 125
-0.64415288 -1.347748 2.4764256 130
-0.55169415 -1.3460739 2.4822698 130
-0.44593662 -1.3285677 2.4757941 135
-0.36749864 -1.3500657 2.4759157 128
0.68769974 -1.3548882 2.49909 86
1.097731 -1.3830054 2.4999714 86
1.4363439 -1.3366041 2.4946222 79.5
1.5561874 -1.318753 2.4933188 82
1.6873423 -1.3632348 2.4896169 48
1.7636158 -1.3376486 2.4956715 56.5
-2.975528 -1.2648494 2.4974532 75
-2.3136532 -1.2343395 2.496202 80
-1.759634 -1.2457482 2.4914896 97
-1.6809275 -1.2653909 2.4945602 98
-1.3009123 -1.2587571 2.4888654 126
-1.2024927 -1.2320809 2.4939613 115
-0.92313272 -1.2421076 2.493192 97.5
-0.83717585 -1.2631284 2.4928505 97.333336
-0.64016742 -1.2431927 2.479928 141
-0.54535627 -1.2389981 2.4844992 126
-0.44362342 -1.2595366 2.4777987 131
-0.37180963 -1.2582436 2.4802785 136
0.67445558 -1.2850144 2.4951251 95
1.0609449 -1.2513719 2.4928453 82
1.4016986 -1.2449648 2.4885309 85
1.5273112 -1.2382531 2.4957511 90.5
1.6394217 -1.2517276 2.4901323 70.5
1.718087 -1.229147 2.493701 75
-2.9315636 -1.1627569 2.4981911 79
-2.2951436 -1.1692351 2.4995005 89
-1.7376281 -1.1384398 2.4954736 94.333336
-1.6558239 -1.1575984 2.4984765 98
-1.2873862 -1.1566687 2.488596 121.5
-1.1913186 -1.1619545 2.4957483 126
-0.91875088 -1.1384075 2.4866352 130.5
-0.81331658 -1.1473304 2.491066 125
-0.63598001 -1.1411446 2.4814496 129.5
-0.54029906 -1.1389186 2.4906538 125
-0.44190332 -1.1584917 2.483665 129.5
-0.36925906 -1.1569507 2.4847333 130
0.65058273 -1.1542003 2.4983468 79
1.0387616 -1.161557 2.4980128 86
1.3762171 -1.1621907 2.4949665 87.5
1.4912481 -1.1337528 2.498112 89
1.5873363 -1.115774 2.4870982 97
1.6507323 -1.1630719 2.4976721 77
-2.8903723 -1.0646052 2.4998171 78
-2.2625813 -1.06812 2.4958296 91.5
-1.7195531 -1.0465192 2.4930265 98
-1.2739319 -1.0585749 2.4893446 136
-1.1754651 -1.0568368 2.4958661 119
-0.91292852 -1.0423226 2.4932828 127
-0.83829445 -1.0376264 2.4977605 99
-0.78642285 -1.0085303 2.4982371 82
-0.63222241 -1.0440781 2.4879701 128
-0.53531039 -1.0408362 2.4978118 131
-0.44016129 -1.0604467 2.4895422 122
-0.36636752 -1.0586483 2.4912357 131.5
0.64010012 -1.0892973 2.4956706 95
0.76653421 -1.0427741 2.4982581 101
1.0112174 -1.0423129 2.4973931 89
1.3418674 -1.0490389 2.4912448 95.5
1.4586291 -1.0307591 2.4954593 97
1.5635803 -1.0414743 2.4944193 88.5
1.6529056 -1.0496378 2.4919138 86
-2.8384883 -0.9364354 2.4987125 76
-2.2285726 -0.94146001 2.4971495 91.5
-1.6027348 -0.91350478 2.4984593 105
-1.2630514 -0.96199012 2.4908636 129
-1.1603655 -0.95467651 2.4948974 121
-0.9059611 -0.94526589 2.4930015 141
-0.86370301 -0.95152092 2.4961216 80.5
-0.78151947 -0.93450522 2.4982393 85
-0.62836027 -0.94703883 2.4879718 132.5
-0.53200269 -0.97479582 2.4988997 138
-0.43778217 -0.9619236 2.4884467 131
-0.36112365 -0.95565528 2.4912753 127.2
-0.0063974499 -0.95682001 2.4999068 101
0.99250627 -0.95598435 2.4975581 94
1.3133631 -0.94280612 2.4940968 93.5
1.4312694 -0.9327538 2.496922 102
1.5302854 -0.9388057 2.491847 91.5
1.6147029 -0.92812812 2.4911475 87.5
-2.2025487 -0.84686732 2.4939203 85
-1.6739841 -0.85172164 2.4935749 107.5
-1.2523557 -0.83986598 2.4982572 131.5
-1.1480989 -0.85703015 2.4982123 122.5
-0.9005248 -0.85218853 2.4986203 136
-0.88482171 -0.85858977 2.4984009 77
-0.63353592 -0.85449028 2.4959238 111
-0.52155226 -0.88754761 2.4997103 98
-0.43405575 -0.83686846 2.4924121 135.5
-0.35701767 -0.83562106 2.4951453 126
-0.17166075 -0.85405171 2.497581 108
0.60712868 -0.84556001 2.4968688 68
0.73842657 -0.87578905 2.4977601 101
0.97737753 -0.87162435 2.4971852 95.5
1.2886733 -0.83855724 2.4926362 93
1.4365584 -0.82938933 2.4929771 97
1.5633138 -0.84524661 2.4919634 93.333336
-2.1877255 -0.78680062 2.493897 71
-1.6732143 -0.76873016 2.4986825 107
-0.85851067 -0.75215691 2.4977553 80.666664
-0.7569133 -0.71444935 2.4797008 86
-0.62181461 -0.76193404 2.4959311 129.5
-0.51878101 -0.75162309 2.4973729 120.33334
-0.43128085 -0.74235785 2.4873478 133
-0.3549231 -0.73960948 2.4920642 128
-0.17259103 -0.78705585 2.4982424 99
0.59723461 -0.75863302 2.498332 67.5
0.71619034 -0.71678507 2.4989328 97
0.95910323 -0.76179206 2.4970198 101
1.0824076 -0.75901014 2.4984152 107
1.2699018 -0.73872149 2.4972515 93
1.3864915 -0.74324393 2.4951124 99
1.4803553 -0.746315 2.4921346 94
1.5687506 -0.74410552 2.4922574 92
-1.6519227 -0.62009591 2.4997709 107
-1.236401 -0.68626428 2.4959323 139
-0.8501752 -0.64414185 2.4962814 111.75
-0.7570532 -0.66616762 2.4769077 115
-0.62265819 -0.64534879 2.4962435 122.25
-0.51220709 -0.65154094 2.4955683 116.33334
-0.42906561 -0.65330565 2.4942994 142.5
-0.35295391 -0.64336485 2.4945092 133.8
0.58632874 -0.6436674 2.4951737 57.5
0.94823945 -0.68139499 2.4958744 108
1.2528006 -0.64038599 2.497129 100.5
1.366299 -0.63172454 2.4976952 98
1.4604859 -0.65252453 2.4896812 95.5
1.5507737 -0.65509343 2.4915586 88
-1.637279 -0.50401384 2.4984257 107
-0.84274846 -0.54271954 2.4976079 89.333336
-0.75556934 -0.54787827 2.4972525 89
-0.62480778 -0.54921228 2.4987762 111
-0.50859672 -0.54452431 2.4951406 122
-0.42487878 -0.53476453 2.4938068 149
-0.34944981 -0.5327484 2.4937499 145.5
-0.17313235 -0.56355762 2.4985213 106
-0.021433288 -0.52888614 2.4982808 112
0.57908905 -0.53266501 2.4948437 52.5
0.6964407 -0.53726888 2.4956951 101
0.9332884 -0.55003697 2.4939644 98
1.0474914 -0.52199697 2.4958837 105
1.2394831 -0.54301637 2.4960089 103
1.3561287 -0.565216 2.496731 94.5
1.4475445 -0.56269121 2.4935915 99
1.5348059 -0.54790664 2.4939957 90
3.4215004 -0.50622714 2.4978971 109
8.7889738 -0.50472587 2.463908 9
-0.85276765 -0.43945745 2.4981866 93
-0.74929315 -0.44735211 2.4962113 97
-0.6201247 -0.45170826 2.497792 107
-0.50576341 -0.45195931 2.4991469 101.5
-0.42205715 -0.44723272 2.4942908 150
-0.34024021 -0.43297651 2.4981585 133
0.57497418 -0.44970033 2.4946048 52
0.68910813 -0.4387477 2.4974303 114
0.92539215 -0.44860578 2.4942181 107.5
1.0383843 -0.42998192 2.495822 109
1.2305534 -0.44909027 2.4985821 97
1.3432473 -0.45669556 2.4966574 98
1.4347029 -0.45229849 2.4959319 88.666664
1.5245693 -0.44313967 2.4990225 87
3.4235418 -0.41821402 2.4970467 105
-0.84821111 -0.37243506 2.4990785 97
-0.75998718 -0.34826109 2.4964228 94
-0.61672074 -0.35519189 2.4995265 110
-0.50246835 -0.35656711 2.4984787 106
-0.41974634 -0.39019814 2.4973347 147
-0.33814415 -0.34296119 2.4982357 132
-0.025113532 -0.35587159 2.4989955 115
0.57146978 -0.36777255 2.4836166 47
0.92065072 -0.34864348 2.4948382 107
1.0336398 -0.36345893 2.4984121 112
1.2239484 -0.35565859 2.4961705 101
1.332274 -0.32967293 2.4935877 93
1.4252235 -0.34387407 2.4936266 94
1.5172564 -0.36012575 2.4955769 94
3.4263015 -0.3301996 2.4968908 102
8.6599913 -0.33009952 2.426666 18
-0.83870703 -0.24040417 2.4977343 95
-0.73709065 -0.25128812 2.4972925 102
-0.61090469 -0.25967345 2.496304 107
-0.49671978 -0.26154453 2.4950576 99.5
-0.025735522 -0.29886302 2.4995217 113
0.57000619 -0.2612893 2.4818645 45.5
0.6778394 -0.22071648 2.495786 116
0.91784471 -0.24917404 2.4924996 110
1.0284332 -0.25293353 2.4977348 106.66666
1.2205306 -0.26368997 2.4952416 92
1.3306748 -0.24778639 2.4970372 93
1.4232779 -0.25887659 2.4967318 88.5
1.5147772 -0.27860594 2.4971447 93
2.979588 -0.2234588 2.4961772 118
-0.74903995 -0.15421484 2.4971406 99
-0.60627401 -0.13414255 2.4962595 107.5
-0.49346715 -0.16850974 2.4993067 104
-0.34256619 -0.18161327 2.4975815 115
-0.024092579 -0.15837713 2.4940619 115.5
0.57131791 -0.15777174 2.4825099 44
0.67719036 -0.12668851 2.4962456 110
0.91874892 -0.15215492 2.4940946 103.5
1.0260761 -0.14340219 2.497654 103
1.2196388 -0.15037264 2.4911022 98.666664
1.3301227 -0.14625406 2.497761 91
1.4223496 -0.1530614 2.4911582 90.333336
1.5141387 -0.15857992 2.4934845 82
3.4303341 -0.15517692 2.4923601 106
-0.76091224 -0.056813482 2.4968843 101.33334
-0.60328782 -0.040121928 2.4989159 104
-0.33872774 -0.034110229 2.4953327 114
-0.023358749 -0.047866225 2.4932983 114.5
0.57404286 -0.053762704 2.4777465 51.5
0.67680919 -0.056168437 2.4963627 113.5
0.92171168 -0.055628832 2.4939947 104
1.0260373 -0.056388125 2.4935589 105.5
1.2250538 -0.039146818 2.4904478 90
1.3328936 -0.045726258 2.4945176 93
1.4283075 -0.049814738 2.4933753 90
1.5196276 -0.059887469 2.492507 84.333336
2.9885612 -0.062420882 2.494935 113
3.4323754 -0.069163799 2.4915099 108
4.1910949 -0.052224748 2.4984534 88
-0.8219043 0.017645715 2.4951282 96
-0.74679649 0.021338923 2.4950433 97
-0.59849042 0.082882501 2.498431 112
-0.021478536 0.061655454 2.4936314 118
0.57947958 0.047803886 2.48142 55
0.67869455 0.036878176 2.4996667 111
0.92812282 0.039429795 2.4920926 101.5
1.0308048 0.049634159 2.4957459 105.66666
1.2334018 0.048450664 2.4927845 90
1.3407693 0.053313456 2.4953127 86.5
1.4380585 0.052127708 2.4922082 87
1.5333072 0.055482324 2.4944227 80.333336
2.7764277 0.049404144 2.4977474 103.5
2.9951177 0.057107851 2.4941843 109
3.433672 0.017846206 2.4885492 104
4.1902909 0.044787556 2.4948916 90
-0.81414139 0.14567412 2.495188 100
-0.74955636 0.15491177 2.496521 99
-0.59696966 0.14388546 2.4988823 106
-0.47860283 0.13858058 2.4995251 106
-0.33362991 0.14139423 2.4946394 110
-0.14984763 0.18112354 2.4989269 108
-0.018110598 0.17166053 2.4907932 117
0.58734679 0.15085793 2.4762974 59
0.68191946 0.12988526 2.4942107 113
0.93655252 0.1350092 2.4905801 106
1.0382993 0.1560133 2.4958622 105
1.243095 0.13653491 2.4874763 92
1.3479755 0.13283956 2.4925075 92.5
1.4528797 0.15345655 2.4908237 81.5
1.5476556 0.15201145 2.492979 90.5
2.7857821 0.1654501 2.4989138 108
3.0023916 0.17763905 2.4941247 108
3.4364581 0.14805025 2.4851618 110
4.1916442 0.14280117 2.4934132 88
-0.80888462 0.24269232 2.4952407 98
-0.74389076 0.26125616 2.4951875 97
-0.5922972 0.23738229 2.4968104 111.5
-0.33144462 0.2599462 2.4982634 114.5
-0.015259156 0.25417835 2.4906132 113
0.59499949 0.22847393 2.4876175 75
0.65940148 0.2581434 2.4951181 99.333336
0.94836497 0.23062474 2.4900925 102
1.045904 0.24154285 2.4931355 105.5
1.2622485 0.2464105 2.4915311 88
1.36552 0.25139421 2.4933734 93.5
1.4723071 0.25516632 2.4890082 85.666664
1.566011 0.24754171 2.4908295 87.666664
2.7848349 0.25086477 2.4953289 106
3.0029342 0.25864628 2.4903831 103
3.4428356 0.27826107 2.4852395 112
4.195106 0.24081488 2.4911897 91
-0.7326479 0.34143773 2.4981763 106
-0.69998991 0.38594231 2.49404 105
-0.58772516 0.36238885 2.496767 106.5
-0.4642688 0.38466108 2.497319 103
-0.32696208 0.34843862 2.4944043 113
-0.012995267 0.3372184 2.4940214 113.5
0.63898116 0.35225916 2.4954917 98
0.70101637 0.38749847 2.4944713 106
0.96718282 0.35014233 2.4897628 103.33334
1.059749 0.34843293 2.4938231 106
1.2842505 0.35596275 2.4897556 91.5
1.3845497 0.35010862 2.4931161 91.333336
1.4930563 0.33641165 2.4943867 86
1.5598086 0.35388246 2.489176 83
1.6097089 0.38681209 2.4894547 85.5
2.789058 0.35240757 2.4912112 102.66666
3.0034533 0.33865002 2.48523 106
3.445565 0.3662737 2.4836562 108
4.1907043 0.33782488 2.4841526 96
-0.80161512 0.43777537 2.4976413 94.5
-0.75425947 0.45694631 2.4960566 98.5
-0.69940245 0.44996044 2.4986589 102
-0.58198464 0.45587558 2.4924374 116
-0.45895022 0.44568378 2.4942696 114
-0.32497364 0.40844455 2.4939349 116
-0.0082274172 0.41921487 2.4897721 115
0.62467957 0.46175644 2.4894061 94.5
0.70850909 0.45743692 2.4910345 112.5
0.99078453 0.47054192 2.4901919 97
1.0761617 0.45515493 2.4929495 101.5
1.2991557 0.42210603 2.486846 91
1.3117552 0.46624419 2.489454 93
1.405673 0.44898677 2.4903402 94
1.5252123 0.45671371 2.4848473 83.666664
1.6312153 0.45432204 2.4839954 85
2.7951663 0.46205294 2.4914551 108.33334
3.0108991 0.42342663 2.4924035 102
3.4702613 0.45312989 2.4888215 98
4.2070632 0.43784547 2.4916041 90
-0.75160944 0.55495256 2.4969704 105
-0.69130105 0.57999665 2.4978971 107
-0.57929397 0.55087596 2.4921904 109.5
-0.31968904 0.55848849 2.4967792 109
-0.0038053035 0.56230301 2.498311 114
0.64198923 0.5659048 2.4864836 103
0.72076797 0.55291498 2.492497 114
1.0517548 0.55421346 2.4887192 96.25
1.3368849 0.55449277 2.4869177 90
1.4328557 0.54854393 2.4911251 90
1.5584921 0.55756724 2.4821162 85.5
1.6599739 0.55156195 2.4799263 81.800003
2.7982965 0.56580722 2.4874957 98.5
3.012835 0.54692578 2.4856567 100.25
3.453156 0.5423013 2.4811583 102
3.5025175 0.54501265 2.4955153 95
4.2055135 0.53685665 2.4859295 88
-0.79219699 0.63585317 2.4966245 98.5
-0.57698756 0.64689529 2.4950767 106
-0.44631627 0.66727901 2.4984648 106.5
-0.31436035 0.64847153 2.4911005 114
0.0031607808 0.6472984 2.4928691 107
0.6620096 0.67210281 2.4875269 106
0.73418629 0.64996779 2.4923468 107
1.0369947 0.66549402 2.4903674 94
1.1146795 0.65125686 2.4881961 99
1.3731354 0.6658572 2.4851732 82.5
1.4611011 0.64851105 2.4855542 88.5
1.5886214 0.63888502 2.4791727 82.5
1.690927 0.63464838 2.478565 80.666664
1.7205322 0.66860187 2.4751778 84.5
2.8048668 0.64634037 2.4887896 103
3.0223153 0.67248154 2.4869156 104.5
3.4558845 0.63031387 2.479573 105
3.5177979 0.63809764 2.4989252 98
4.2096686 0.63587016 2.4829841 88
-5.7861028 0.78536493 2.4879961 26
-4.3272696 0.79331797 2.40435 22
-0.76320034 0.74390018 2.4910576 101
-0.68544286 0.71101904 2.4971802 109
-0.57281011 0.74388134 2.4916544 111.5
-0.43831778 0.76282209 2.4961119 107
-0.3104614 0.7414946 2.4919193 110
-0.10019168 0.77852631 2.4990406 109
0.0084358882 0.7342791 2.4964361 116.5
0.6785078 0.75325656 2.4880781 108
0.75026214 0.7475211 2.4912291 112
1.064992 0.7642501 2.4858408 95
1.1417627 0.76333964 2.4908171 95
1.3950504 0.73105156 2.476701 92
1.4616475 0.74373031 2.4787016 89.333336
1.5084847 0.78850394 2.4781976 85
1.6324425 0.74185675 2.4782209 89.333336
1.7408822 0.7460314 2.4758966 88
2.8065898 0.74941319 2.4836581 108.33334
3.0270643 0.75649291 2.4850621 105
3.4557106 0.71931875 2.4737926 108
3.5216539 0.73008829 2.4940109 93
4.2152615 0.73588467 2.4814267 89
-3.3995628 0.81057966 2.4889102 46
-3.2229373 0.82816207 2.4299183 27
-2.5839732 0.82895339 2.479845 30
-2.1254003 0.83062935 2.4961283 64
-1.6358831 0.82360685 2.4994876 82
-1.5246705 0.82682019 2.4702079 44
-1.4862742 0.82384074 2.4792924 48
-1.2093279 0.81746918 2.4903734 82
-0.83758467 0.81796032 2.4146206 63
-0.75579786 0.8422848 2.4833136 87.5
-0.68778449 0.83790576 2.4559455 83
-0.55477291 0.8496933 2.444576 71.333336
-0.42353168 0.85284436 2.475956 97
-0.3326093 0.82933199 2.474314 92.5
-0.27894664 0.8485024 2.4696696 70
-0.083975375 0.86356157 2.474617 92
0.018407552 0.85078079 2.4900384 124.5
0.69098735 0.80837238 2.4884012 108
0.74672979 0.8522163 2.4899061 113
1.0880992 0.83795995 2.4817734 97
1.1449826 0.86496121 2.4842758 101.33334
1.44085 0.8450163 2.4760952 92.5
1.5303946 0.84853113 2.4723425 94
1.6809113 0.84487259 2.4755697 90
1.7784357 0.83005613 2.4718647 86
1.8143343 0.87944907 2.471123 90.666664
2.8132317 0.84938467 2.4852734 110.5
3.0321889 0.84201998 2.4849668 101
3.4648833 0.81234235 2.4770389 106
3.5319109 0.82512343 2.4925246 92
4.2251439 0.83890128 2.4826217 93
4.4314766 0.89175385 2.4979055 78
0.74794888 0.91048491 2.4606252 66
1.1799424 0.91335458 2.4646742 49
1.4614409 0.9046374 2.4504571 66
1.5513377 0.90855241 2.4638286 53
1.7067695 0.90361369 2.4634345 75
1.8231895 0.90816534 2.4132938 35
2.7868044 0.96994215 2.4469166 71
2.8129723 0.93038213 2.479954 118
3.0387349 0.92855501 2.4855504 110.5
3.4725308 0.94936562 2.4760044 111
3.5443134 0.92118001 2.4931245 106
4.2271156 0.9399128 2.4761751 90
3.0413275 1.0150478 2.4815979 111.5
3.4285059 1.0692918 2.4306207 73
3.553133 1.0172011 2.4902365 101
4.2400951 1.0447372 2.4787538 103
4.3656816 1.0879693 2.4272478 43
4.4553223 1.0058064 2.4995203 81
-3.7270327 4.8670139 2.4480975 4
-2.8930683 4.8615589 2.4900873 7
-3.5831852 4.9933476 2.4718366 24
-2.8690667 5.0937634 2.4996512 12
-3.3225303 5.2225037 2.4195828 10
-3.2677908 5.2736082 2.4506402 10
-2.9195673 5.2664051 2.4897888 27
-3.3137701 5.4886289 2.4292903 29
-3.2514791 5.5337634 2.456764 27
-3.0407021 5.5968409 2.4794571 29
-3.165911 5.6791449 2.4056456 4
-7.4443116 9.1537762 2.4114523 82
-4.7109776 9.127634 2.441345 95
-2.8967543 9.1584768 2.484369 95
4.5140386 -3.4168639 2.5936761 68
4.4675918 -3.3654304 2.5697553 67
4.4914112 -3.2359486 2.5920072 67
4.4327221 -3.1814253 2.5597007 70
4.4311733 -3.0303001 2.5678391 72
4.3879905 -2.852406 2.5540178 79
4.4339938 -2.882256 2.5754442 67
4.4135265 -2.7193477 2.5717523 68
4.3659492 -2.6963971 2.5494044 81
4.3546486 -2.5503836 2.5523858 83
4.4016457 -2.5693777 2.5722849 72
3.419313 -2.4601598 2.5570152 88
4.3618803 -2.4139166 2.5588589 78
3.4168725 -2.3301673 2.5530052 92
-6.0342751 -2.2154651 2.5212502 5
-4.8913693 -2.2304506 2.5621469 75
-4.6186628 -2.2875133 2.5025373 85
-3.9691358 -2.2800915 2.5210993 93
-3.8788996 -2.2590649 2.5077193 88
-3.5682344 -2.2478848 2.5143714 94
3.4275408 -2.2322383 2.5409358 86
4.3409719 -2.2689717 2.5522768 83
-4.6399674 -2.162472 2.5191905 73
-3.9840755 -2.1631134 2.5372734 80
-3.8944368 -2.1440413 2.5206122 82
-3.6090083 -2.1478024 2.5007555 62
-3.574616 -2.1298723 2.5205872 82
-0.54857105 -2.1646841 2.5033123 95
-0.11291759 -2.1566095 2.5087378 94
0.089391768 -2.137536 2.5166726 102
0.38355845 -2.1718946 2.5087333 98
0.56052351 -2.1092594 2.5156703 38
0.88649321 -2.1601613 2.5101066 4
2.2064693 -2.149477 2.5079787 17
2.5672002 -2.1043715 2.5088682 96
2.847424 -2.1067128 2.5056949 112
3.399189 -2.1781361 2.554991 97
3.4275846 -2.1133819 2.5392821 93
4.3307838 -2.1344633 2.5519581 84.5
5.9081521 -2.1011858 2.5351202 29
-6.0372696 -2.063379 2.5327094 26
-4.6338658 -2.0254147 2.5210614 72
-4.2360539 -2.0273013 2.5027158 48
-4.171813 -2.0526738 2.5027359 48
-3.9782915 -2.0360477 2.539526 76
-3.8930869 -2.0210106 2.5209861 80
-3.5621152 -2.037581 2.514535 70.5
-0.70458883 -2.0843651 2.5100501 7
-0.54790294 -2.0606759 2.5046594 73
-0.34502167 -2.0905745 2.512866 93
-0.11996352 -2.0546651 2.5076225 82
0.078752853 -2.0395739 2.5144873 97
0.36577886 -2.0740342 2.5070009 86
0.541861 -2.0163128 2.5120223 67
0.86117482 -2.0703669 2.5126469 27
2.0631151 -2.0618031 2.5038104 5
2.1594894 -2.0754828 2.5092051 5
2.5811822 -2.0552592 2.527786 112.5
2.8366559 -2.0434251 2.5234263 101.66666
3.4001963 -2.0591264 2.5541756 95
4.2870522 -2.0003443 2.5371237 79
4.3476906 -2.002625 2.5598795 88
-6.0258532 -1.9102924 2.5369344 27
-4.8677182 -1.9441981 2.5726523 72
-4.4522767 -1.9465908 2.5033591 47
-4.1551371 -1.9311799 2.5055327 54
-3.9724793 -1.9129816 2.5417945 72
-3.8961515 -1.9029763 2.525547 78
-3.5749698 -1.9543344 2.5234911 77.5
-3.4661026 -1.9446211 2.5039439 62
-0.546781 -1.9606683 2.5051179 28
-0.34716231 -1.9915745 2.5135605 91
-0.12614357 -1.9547206 2.504705 90
0.067455538 -1.9525573 2.52089 103
0.35025713 -1.979157 2.5052254 84
0.52381212 -1.9323316 2.5142264 94
0.83493191 -1.9716383 2.5004108 53
0.98656654 -1.9144733 2.512675 26
1.0117474 -1.9944459 2.511492 4
2.584991 -1.996197 2.5339985 107
2.610394 -1.9211863 2.5308282 108
2.8642612 -1.9129019 2.5319171 107.5
3.4114697 -1.9672556 2.5427694 99.5
-4.6282964 -1.8933655 2.5221341 72
-4.368063 -1.8544307 2.5023987 51
-4.052918 -1.8551933 2.5048194 55
-3.5636055 -1.8802514 2.5207264 82
-3.3967435 -1.8465654 2.5018117 61
-0.34825483 -1.8461059 2.5089834 77.5
-0.13180715 -1.8597676 2.5031364 87
0.060706526 -1.8566228 2.5128083 101
0.3297773 -1.8448112 2.5049849 85
0.50667304 -1.8503455 2.516866 87
0.79007792 -1.8040193 2.5004649 82
0.9616937 -1.8345251 2.5084805 57
1.3956405 -1.8008852 2.5036387 5
2.5974979 -1.8961571 2.5333152 109
2.6208167 -1.8221573 2.5295856 103
2.8696523 -1.8079 2.5278516 110
3.4122696 -1.8547471 2.5405493 96.5
4.2742405 -1.8733333 2.5344768 81
4.3343811 -1.8686996 2.5548856 86
-6.0188689 -1.7582173 2.5417266 39
-4.830296 -1.795963 2.5631957 68
-4.6193995 -1.761317 2.5209866 72
-4.2962327 -1.7682763 2.5053835 55
-4.0029883 -1.7469647 2.5073276 55
-3.9449532 -1.760686 2.5169306 64
-3.8898053 -1.7799414 2.5225942 79
-3.5756776 -1.7832922 2.5266571 82.5
-3.3377771 -1.7555108 2.5037994 63
-3.2072232 -1.7125889 2.5002804 67
0.051483333 -1.7696449 2.5124505 89
0.30904916 -1.7194483 2.5101533 90
0.49147761 -1.7634202 2.5082436 94
0.77023154 -1.7251762 2.503351 83
0.93966264 -1.759545 2.5100513 84
1.209621 -1.7299666 2.5000355 46
1.3682859 -1.7329029 2.5050509 25
2.6188791 -1.7424508 2.5296156 114.66666
2.8743412 -1.7063923 2.523819 113.5
3.4127254 -1.7437415 2.5386918 99
4.2649765 -1.7513217 2.5324759 85
4.3260751 -1.7417408 2.5519986 89
-5.9952621 -1.6031362 2.5389903 37
-4.8240762 -1.6628743 2.5698833 70
-4.6132488 -1.6352596 2.5229309 69
-4.2221437 -1.6821313 2.5055575 56
-4.1626067 -1.6029875 2.5114965 58
-3.9435575 -1.663844 2.525053 70
-3.864079 -1.6418453 2.5116544 66.5
-3.5687218 -1.6682444 2.5240169 83
-3.2851341 -1.6684554 2.5092559 67
-3.1697674 -1.6364187 2.5052197 72
0.044504233 -1.6856606 2.5120585 58
0.29808867 -1.636537 2.5083132 86
0.46980757 -1.6494334 2.5119286 103.5
0.75159329 -1.6463418 2.5012836 81
0.89912009 -1.6165912 2.5104475 94
0.91896474 -1.6865648 2.5111482 94
1.3403862 -1.6629329 2.5028913 46
1.683645 -1.6166219 2.5002706 14
2.6369572 -1.6215677 2.5299611 102
2.8673303 -1.6101589 2.5315497 109
2.9037025 -1.6105369 2.5219975 112
3.4149823 -1.6367267 2.5385866 103.5
4.248569 -1.6283129 2.526355 82
4.3178062 -1.6175584 2.550261 95
-4.8043108 -1.5257077 2.5698721 71
-4.6107078 -1.5082172 2.524868 74
-4.0953937 -1.5208646 2.5100746 59
-3.9513741 -1.5527732 2.5450261 84
-3.8745632 -1.5597861 2.5151241 69.5
-3.79513 -1.547709 2.5076551 65
-3.5688083 -1.5587149 2.5261145 88
-3.2300601 -1.5814078 2.509907 67
-3.1277995 -1.5582888 2.5045288 75
-2.5075924 -1.5700738 2.5017846 82
0.45026311 -1.5364677 2.5110915 91
0.73361158 -1.5734792 2.5050395 83
0.88066453 -1.5476071 2.5115037 96
1.2922696 -1.5319746 2.5010786 82
1.3170836 -1.5989426 2.5051017 69
1.7932125 -1.5815903 2.504838 6
2.6445055 -1.5290534 2.5266123 104
2.875545 -1.5151277 2.5308523 113
2.9092178 -1.5145196 2.5202684 111
3.4122021 -1.5292432 2.5329018 103
4.2371473 -1.5103025 2.5222704 86
-5.9982409 -1.4560748 2.5468791 28
-4.0322466 -1.4417468 2.5093081 56
-3.9363904 -1.4326687 2.541198 73
-3.8429489 -1.4617264 2.5166981 70
-3.7439845 -1.4400907 2.5094225 60.5
-3.5684657 -1.4511843 2.5279434 82.5
-3.1555014 -1.4558434 2.5111909 77
-2.4716651 -1.4880594 2.5038528 74
0.43814462 -1.4643607 2.5097187 95
0.85413516 -1.4431622 2.5058944 98.5
1.1170371 -1.4488248 2.5001063 88
1.2618825 -1.441973 2.5076456 94.5
1.6053098 -1.437723 2.5020363 61
1.8289186 -1.4806467 2.5002587 25
2.6516933 -1.4365376 2.522917 104.5
2.8830678 -1.422094 2.5308843 117
2.9132724 -1.4195104 2.5157371 112
3.4205067 -1.4523259 2.5237944 108
4.312336 -1.4955894 2.5473771 90
-5.995667 -1.3110114 2.5522795 27
-4.7864575 -1.3925598 2.5687699 70
-4.6009469 -1.3831691 2.5232122 74
-3.9501696 -1.3411102 2.5247171 65.5
-3.8755817 -1.320725 2.5209792 77
-3.6770515 -1.3501086 2.5093534 61.333332
-3.5665922 -1.3446457 2.5293617 79.5
-3.0730066 -1.3292931 2.5021291 70
-2.397119 -1.324037 2.5001957 75
-1.7998165 -1.3480674 2.5001307 93
-0.93047088 -1.3279114 2.5045006 30
-0.80986691 -1.3236384 2.5019805 45
0.42629039 -1.3923867 2.50825 69
0.83093464 -1.3466783 2.5073931 97
1.0792289 -1.3181754 2.5002182 93
1.2311946 -1.3490078 2.5030253 89
1.580598 -1.3787333 2.5003672 75
2.6601028 -1.3476236 2.5208993 110.5
2.8912868 -1.3290627 2.5301981 115
2.9202535 -1.3274847 2.5168202 110
3.4122505 -1.3752303 2.5292563 113
4.2301402 -1.3963903 2.5223069 78
4.3047428 -1.3756334 2.5438273 82
-4.7702432 -1.2624202 2.5687916 72
-4.5975642 -1.258127 2.5246074 74
-3.9201226 -1.2480241 2.5259032 67.5
-3.8722012 -1.2145548 2.5178781 69.5
-3.6167531 -1.2523475 2.5078592 59
-3.5587571 -1.2370969 2.5262012 79
-3.0342104 -1.253256 2.5053885 63
-2.3672574 -1.2479814 2.5007803 76
-1.776713 -1.2720724 2.5001454 99
-0.83251405 -1.2245439 2.5012965 81.5
-0.66084743 -1.2662641 2.5048685 47
-0.53241295 -1.2566023 2.5014622 74
-0.35187626 -1.2236575 2.5006733 44
-0.16398683 -1.2050056 2.5023043 87
0.66241169 -1.2210933 2.5005479 89
0.80895054 -1.2517152 2.5039449 95.5
1.1971116 -1.2350136 2.5067046 101
1.2132769 -1.2920097 2.5055594 98
2.6709194 -1.2625799 2.5221303 108
2.8995335 -1.2390226 2.5309443 106
2.927213 -1.2374625 2.5164931 101
3.4144936 -1.2752125 2.5277674 111
4.2258644 -1.284377 2.5223446 80
4.3049903 -1.2606231 2.5437491 92
-4.7612171 -1.1343217 2.5724409 69
-4.5911136 -1.1370778 2.5251973 80
-3.8455243 -1.1239904 2.5179448 71.5
-3.5542572 -1.1415044 2.5161932 68.333336
-2.9719167 -1.13921 2.5036128 71
-2.3244071 -1.1369643 2.5039279 81.5
-1.755689 -1.1980777 2.5009823 91
-0.91303521 -1.1627083 2.5001688 63
-0.82796472 -1.1465137 2.5043573 84
-0.65488124 -1.1507509 2.5044012 92.5
-0.53170395 -1.1445787 2.5072513 93
-0.35254157 -1.1506393 2.5033054 97
-0.16635492 -1.1310269 2.5011842 103
0.004602334 -1.1577895 2.5027795 57
0.78415465 -1.1327237 2.5062728 92
1.1717707 -1.1490103 2.5024238 94.5
2.6777806 -1.1750618 2.5195231 112.5
2.9209812 -1.1487253 2.5239203 99.5
3.4120965 -1.1752293 2.523159 109.5
4.2566261 -1.1590215 2.5285258 81.5
-6.459074 -1.0597254 2.5945792 43
-5.9927468 -1.0250697 2.5616879 26
-4.7416701 -1.0051653 2.5702407 73
-4.5866046 -1.016044 2.5246773 79
-3.9173398 -1.095474 2.544796 78
-3.7508092 -1.0406946 2.5129464 58.5
-3.5578685 -1.0325315 2.5310173 89
-3.4893496 -1.040606 2.5097485 63.5
-2.915684 -1.0281689 2.5023146 72
-2.8677325 -1.0015088 2.5024848 79
-2.2854526 -1.0289503 2.5057342 89
-1.7187955 -1.0550882 2.504214 97
-1.6326053 -1.0518298 2.5012312 102
-0.90715247 -1.0856696 2.5027652 71
-0.79519922 -1.0865537 2.5041528 84
-0.64847958 -1.0372416 2.5030441 100
-0.52678418 -1.0315702 2.5017581 95
-0.3529689 -1.0431429 2.5025578 107.5
-0.16822135 -1.0600395 2.5014057 104
-0.0021774783 -1.0562905 2.5040512 104
0.63074017 -1.0283563 2.5001383 91
1.1426721 -1.0404952 2.5013003 93.5
2.6918814 -1.0669874 2.519454 120.33334
2.923198 -1.0592234 2.5189166 106.5
3.4137433 -1.0525299 2.5237167 103.66666
4.2520952 -1.0490329 2.5253639 84
-3.9097781 -0.98440093 2.5459995 81
-3.8660436 -0.99261296 2.5212233 80
-3.6840773 -0.93807942 2.5108888 60
-3.5507674 -0.93019342 2.5291686 81.5
-3.4398186 -0.95460957 2.5109012 71.333336
-2.8915248 -0.96113199 2.5123382 77
-2.2614746 -0.95794231 2.5067654 90
-1.7104956 -0.98641688 2.5005405 103
-1.6750441 -0.95155454 2.5019279 98.5
-0.83470935 -0.90138495 2.5004604 80
-0.79612911 -0.94910479 2.5020318 122
-0.64652592 -0.9652282 2.5047495 96
-0.52632493 -0.9351505 2.5019655 117.5
-0.17051946 -0.95655 2.5030797 102
0.61808896 -0.93695855 2.5003157 81
0.75223356 -0.96124619 2.505631 103
1.1188406 -0.93649358 2.5031657 106.5
2.6912951 -0.95608246 2.5168304 110.5
2.7074745 -0.93389863 2.5156727 112
2.9279299 -0.97170383 2.516355 110
3.418184 -0.93469805 2.5188036 100.5
4.2514973 -0.94050133 2.5253506 84.5
-5.9408531 -0.87399393 2.5436954 41
-4.7331767 -0.88007408 2.57307 75
-4.5831909 -0.89800179 2.5261188 77
-3.8820164 -0.88145697 2.5329342 83.5
-3.6291909 -0.8394711 2.5123134 61.5
-3.5514812 -0.8301602 2.5329704 91.5
-3.4195707 -0.89416957 2.5139415 69
-3.3848286 -0.84088445 2.5136275 70.5
-2.8267193 -0.85044622 2.5072889 72.5
-2.2274539 -0.85493183 2.5076427 95.5
-1.5918013 -0.84836501 2.5032623 105
-0.83099419 -0.82835919 2.5030634 95
-0.78470975 -0.85550171 2.5022888 115
-0.5227161 -0.83262384 2.5013118 125.5
-0.012623409 -0.86279559 2.5047932 103.5
0.73050421 -0.82474637 2.5071213 106
1.091978 -0.80899954 2.5019021 101
1.1029394 -0.86098123 2.5071478 101
2.7110362 -0.84441435 2.5182834 113
2.9395981 -0.85725099 2.5127888 107
3.4190197 -0.84020221 2.516645 100.5
4.2498283 -0.83352244 2.5235558 86
-6.404882 -0.74164802 2.5959935 44
-5.9377165 -0.73294759 2.5463486 59
-4.7166324 -0.7569375 2.5717299 76
-4.5767179 -0.78195238 2.5267413 80
-3.859093 -0.77131766 2.5208588 80
-3.5588386 -0.73469967 2.5277383 80.333336
-3.3370292 -0.7587359 2.507046 65.666664
-2.8012216 -0.75406891 2.5108397 66
-2.7772362 -0.75318271 2.5031354 75
-2.2020121 -0.75591952 2.5147998 70
-2.1990759 -0.73659945 2.5276761 42
-1.6464233 -0.74961174 2.504035 105
-1.5727323 -0.74965227 2.5026641 109
-1.2435325 -0.7482872 2.500612 117
-1.1339253 -0.73084843 2.5051293 129.5
-0.89534092 -0.76112533 2.5017123 130.5
-0.77708423 -0.77418852 2.5027885 109
-0.63499278 -0.75321168 2.502614 105
-0.17343777 -0.72405136 2.5011539 95
-0.017277697 -0.73829579 2.5047388 111.5
0.72319305 -0.77075332 2.5057154 110
1.0748308 -0.71199316 2.5024903 104
2.7139578 -0.76141852 2.5125728 109
2.9373989 -0.74442434 2.5136611 108.33334
3.4183936 -0.74770004 2.5116999 104.5
4.2485032 -0.72801691 2.5214319 79
-4.699265 -0.63279688 2.5698299 73
-4.5746861 -0.66491777 2.5279117 77
-3.8465211 -0.66526759 2.5157475 28
-3.5380077 -0.63977587 2.5249543 77.75
-3.3132439 -0.69104451 2.5116446 65
-3.2831976 -0.63362271 2.5082495 71
-2.7576957 -0.65881097 2.5086663 73.5
-2.168541 -0.64851111 2.5094604 64
-1.6452118 -0.66612798 2.5041597 106.5
-1.5590415 -0.6539821 2.5066278 111
-1.2334369 -0.63018972 2.5039501 132
-1.1260238 -0.6382302 2.5130973 111
-0.8715902 -0.64650929 2.5041533 82
-0.77037966 -0.63381267 2.5053749 132
-0.51168025 -0.6025638 2.5025284 140
-0.35083032 -0.67462999 2.5016994 101
-0.17435354 -0.65905541 2.5018225 114
-0.020016322 -0.64785808 2.5039656 115
0.7084226 -0.65054822 2.5431194 81.5
0.94255626 -0.63042289 2.5020876 106
1.0641921 -0.64048743 2.502316 107.5
1.375416 -0.67772156 2.5020053 93
2.7231839 -0.65786308 2.5085495 113.66666
2.9494352 -0.63363189 2.5106952 109
3.4217138 -0.65620339 2.5098593 103.5
4.1957436 -0.64930314 2.5099182 84
-6.3811169 -0.58544081 2.5967236 45
-5.9345746 -0.59290129 2.5490088 61
-4.6954427 -0.51273394 2.5746286 72
-4.5651731 -0.54588574 2.524075 68
-3.8710678 -0.56681454 2.5378609 87.5
-3.5426388 -0.53403282 2.5364938 95
-3.4961665 -0.55489886 2.5210721 76
-3.25579 -0.55515283 2.5123081 64.5
-2.7241733 -0.54965013 2.5095217 73
-2.1426625 -0.5547235 2.5041647 86.5
-1.6213751 -0.55874944 2.5038726 108.66666
-1.543421 -0.55880725 2.5057406 115
-1.2267201 -0.54311436 2.5076363 116.5
-1.1152713 -0.54511732 2.5112729 127
-0.88375372 -0.55200642 2.503871 136
-0.76509243 -0.54423684 2.5095925 132.5
-0.61370903 -0.55290931 2.5009336 143
-0.34953594 -0.54762161 2.5016682 109
-0.021125162 -0.58785987 2.5031428 112
1.0543998 -0.56898659 2.5003288 100
1.3492218 -0.50069571 2.5006032 102
2.7296762 -0.54688734 2.5093966 109.33334
2.9577785 -0.5510906 2.5123379 109.5
3.4248338 -0.56522852 2.5090239 104
4.1935515 -0.54829037 2.5077975 89
4.3014483 -0.59667236 2.5300937 77
-6.3587313 -0.43024531 2.597183 45
-5.9286652 -0.45186633 2.5486083 58
-4.5706158 -0.43184853 2.5302582 74
-3.8656998 -0.46325928 2.538167 96
-3.5431929 -0.43749243 2.5414207 100
-3.4576941 -0.46233362 2.5210805 76.5
-3.2187924 -0.46255434 2.5104158 69.75
-2.7053742 -0.47594529 2.5112934 75
-2.6917017 -0.41591287 2.5142834 75.5
-2.1256826 -0.46393275 2.5058632 88.25
-1.6339011 -0.44696 2.502413 115
-1.5585489 -0.43386394 2.5081918 105.25
-1.2219007 -0.45605546 2.5101395 114
-1.1055043 -0.45301482 2.5093658 126
-0.84121078 -0.45605105 2.5033915 115.75
-0.75795066 -0.45367977 2.5039303 125
-0.61087286 -0.46537292 2.5018783 137
-0.50407898 -0.45397767 2.5032313 142
-0.35462251 -0.46807849 2.5037522 129
-0.1732545 -0.44154024 2.5034275 105.5
-0.025983931 -0.44333303 2.506762 112.5
1.0439637 -0.47697169 2.5007503 111
1.3406575 -0.41567513 2.5020211 98
2.7390361 -0.44483036 2.5061986 111
2.9592998 -0.46809894 2.5073614 113.5
3.4348035 -0.44519001 2.5165224 98
4.1963692 -0.44927529 2.5091255 87
4.3031025 -0.48967597 2.5272264 85
-8.8355484 -0.3873429 2.5843914 34
-5.9219174 -0.31283227 2.5476661 60
-4.6841421 -0.39263302 2.5744195 75
-4.5727339 -0.31681243 2.5342152 74
-3.8611617 -0.36020327 2.5390291 90
-3.5342202 -0.33952564 2.5382204 104
-3.4068708 -0.33976644 2.5170395 66
-3.1821284 -0.34173074 2.5131576 71
-2.6731055 -0.33791313 2.5158682 75.666664
-2.1101282 -0.35755169 2.5056553 87.666664
-2.0925593 -0.30590057 2.5129447 93
-1.6265616 -0.36188745 2.5055952 111
-1.5477676 -0.34181327 2.5110362 106
-1.2164403 -0.36950171 2.511198 120
-1.0979301 -0.36242634 2.5097816 111.5
-0.86452335 -0.33606648 2.5053971 126
-0.75340641 -0.36560029 2.5110984 134.5
-0.60662752 -0.34982705 2.5018449 148
-0.4714478 -0.33632171 2.5047085 145
-0.34640402 -0.35423112 2.5017152 139.5
-0.17174554 -0.34903383 2.5019202 107
0.68253005 -0.3422102 2.5022855 112.5
1.3369792 -0.37266895 2.5002511 97
2.7470467 -0.36779055 2.5082083 106
2.9685299 -0.34540561 2.5075517 107.25
3.4386833 -0.35318992 2.5130231 98
4.1948714 -0.34926274 2.506285 84
4.3083038 -0.38366112 2.5250292 83
-4.6728477 -0.27153218 2.5742073 73
-4.5690312 -0.20077838 2.534282 71
-3.8632789 -0.25667223 2.5443273 91
-3.5322795 -0.24248213 2.5414827 102
-3.3811979 -0.24971232 2.5199392 74
-3.1573024 -0.25143456 2.5142248 73.5
-2.6600077 -0.25347477 2.5175574 73.333336
-2.1047592 -0.23989961 2.5089898 91
-2.0826087 -0.24389954 2.5137625 90
-1.6181984 -0.24931431 2.5071983 116.5
-1.5378318 -0.25051349 2.5125475 109.75
-1.2095778 -0.25565448 2.5107512 119.5
-1.0905646 -0.24381936 2.5151236 121.5
-0.86959451 -0.23633324 2.5093 132.5
-0.76903212 -0.2490668 2.5066228 115.75
-0.60201246 -0.23577222 2.5033572 144.5
-0.44155559 -0.24889819 2.5072229 140.66667
-0.33889532 -0.24459703 2.5036747 137.39999
-0.17031606 -0.26001024 2.5053492 112
-0.027578661 -0.24282517 2.5050037 111
0.67957324 -0.26967442 2.5067124 110
1.3318837 -0.24877927 2.5003614 96.5
1.5154859 -0.21858846 2.5002081 87
2.7556186 -0.25150537 2.5061483 102.25
2.9663546 -0.22281666 2.508919 106
3.4394069 -0.25366828 2.5066175 102.5
4.189106 -0.24825159 2.5021021 94
4.311379 -0.27865916 2.5221586 80
8.8844814 -0.28182825 2.5097003 1
-8.8383017 -0.19331506 2.5870433 35
-5.9270926 -0.1728017 2.5522776 57
-4.6687346 -0.15347221 2.5776255 73
-3.8583179 -0.15412581 2.5449171 90
-3.5263124 -0.14593309 2.5408659 101.5
-3.3557565 -0.15967265 2.5198071 70
-3.1394632 -0.16239083 2.5176878 73.5
-2.6398842 -0.14654911 2.5178232 77.25
-2.0790336 -0.15271612 2.5135782 89.333336
-1.6111423 -0.13676095 2.50667 119
-1.5305114 -0.16022459 2.5153389 111.5
-1.4989551 -0.1012788 2.5195556 113
-1.206196 -0.14257759 2.5164847 118
-1.0850531 -0.15474892 2.5163679 111
-0.84639668 -0.14551196 2.5059998 107
-0.7399888 -0.13139486 2.5115638 132
-0.60062772 -0.15070051 2.514719 149
-0.45868462 -0.14105728 2.5098491 138.2
-0.33382836 -0.12954716 2.5053346 136.2
-0.16695994 -0.14098467 2.5052624 105.5
0.67651254 -0.1736829 2.5005155 111
2.7645731 -0.1352146 2.5058475 102
2.9820492 -0.14259601 2.5055976 107
3.4522107 -0.17412309 2.5130517 100
4.1911793 -0.15023752 2.5013204 92
4.3251424 -0.17457269 2.5255258 87
-8.8424301 -0.0032929927 2.5894485 35
-5.9233899 -0.034772575 2.5521781 60
-4.6654663 -0.033416554 2.581593 75
-4.5694761 -0.087742805 2.537142 72
-3.8521061 -0.052071355 2.5446749 91.5
-3.5208981 -0.049878199 2.5412207 95.5
-3.3289089 -0.040130623 2.5201774 68.5
-3.1206844 -0.056904804 2.5169897 72.666664
-3.0993085 -0.002695828 2.5192921 69
-2.6321371 -0.040711753 2.5213346 78.333336
-2.083276 -0.067162603 2.5160916 91
-1.6093651 -0.052709918 2.5103416 118
-1.5501115 -0.067116469 2.5165422 106
-1.4944258 -0.041228775 2.5177953 100
-1.2040758 -0.02902247 2.5195856 123.5
-1.0812891 -0.066186085 2.5204735 121.5
-0.85239238 -0.058955729 2.5080125 116.33334
-0.73666507 -0.04433874 2.515615 127
-0.59704661 -0.065169923 2.5132267 141.5
-0.4663012 -0.049241975 2.5115807 134.5
-0.32742879 -0.046235465 2.5098875 141.5
-0.16319129 -0.051961333 2.5037143 110
2.7693367 -0.057695672 2.5040154 103
2.9807551 -0.060745027 2.5098372 106
3.4553821 -0.085129961 2.5088749 104
4.3224854 -0.068631433 2.5170634 81
-6.3103647 0.027198544 2.599191 44
-4.6555281 0.083672903 2.5811203 73
-4.569643 0.025284592 2.5386155 69
-3.8485286 0.049489021 2.5467896 83
-3.5195031 0.045669641 2.5454586 98
-3.3168108 0.048399195 2.5233862 67
-3.1112611 0.061032586 2.5174172 76
-3.0903213 0.058309484 2.5188913 69
-2.616575 0.0421956 2.5236053 74.333336
-2.0712891 0.035927907 2.5181246 88
-1.6078997 0.031326413 2.5119748 115.5
-1.5422345 0.053373419 2.518749 104.5
-1.4912158 0.048329994 2.5218735 106.5
-1.2020766 0.054511573 2.5203252 129
-1.0755205 0.051888481 2.5211604 115.5
-0.84909225 0.05842318 2.5112875 116.66666
-0.72829026 0.050771188 2.5119412 121
-0.60262191 0.020889215 2.5011747 113
-0.59337187 0.04787625 2.5141506 145
-0.45555401 0.048297733 2.5120766 133.5
-0.32621416 0.041331075 2.5109255 139.2
-0.15871216 0.034570552 2.5030532 107
2.7698724 0.027229628 2.5026174 103
2.9818461 0.020233355 2.5036676 102
3.4655042 0.048408169 2.507134 96.5
4.3326721 0.034417249 2.516947 82
-8.831872 0.18773912 2.5868237 35
-5.9243951 0.1022535 2.5540326 57
-4.5604353 0.14011763 2.5345891 73
-3.8448076 0.15102878 2.5482168 88.5
-3.5139451 0.1412189 2.5451224 97
-3.3065748 0.13841784 2.5249181 67.5
-3.1073592 0.14806488 2.5218074 79
-3.0806355 0.15032266 2.5214677 73
-2.6200607 0.13464896 2.5239344 77
-2.5977657 0.19409013 2.5279455 74
-2.0677695 0.15444455 2.5210314 91
-1.6076815 0.14337163 2.5148268 119.5
-1.5382206 0.14486603 2.5191102 112
-1.4887502 0.16988108 2.524807 113.5
-1.2009423 0.1400319 2.5194654 126.5
-1.0725461 0.14143439 2.5226851 120
-0.86063898 0.16133823 2.5168715 126
-0.7245391 0.14981431 2.5129983 120.33334
-0.58975196 0.16242421 2.5155649 140
-0.4745602 0.14889686 2.5154667 138
-0.34337726 0.15174834 2.5149741 146.33333
-0.15382332 0.12310235 2.5014801 108
1.3588616 0.19238359 2.500824 95
2.7791657 0.14277725 2.502955 104
2.9917083 0.14061117 2.5019341 105
3.4741919 0.18193214 2.5039978 99
4.3414021 0.13944098 2.5140069 85
-5.9281888 0.24326594 2.5553081 54
-4.6547446 0.20271592 2.58676 75
-4.5664501 0.25814667 2.5399132 68
-3.8379169 0.2535412 2.548173 85.5
-3.5069971 0.2362771 2.5450659 99.5
-3.2979212 0.25893211 2.5266833 66.5
-3.1034951 0.20707241 2.5218308 79
-3.086606 0.25419649 2.5208268 76.5
-2.6311829 0.25145078 2.525053 79
-2.5938189 0.2570883 2.528178 75
-2.0745771 0.26124331 2.5206721 93.333336
-1.6093719 0.25790069 2.51648 118.5
-1.5335774 0.23585875 2.5180218 110
-1.4872149 0.26190868 2.5247197 123
-1.201267 0.25457042 2.5218263 120.5
-1.0720965 0.23247531 2.530009 116
-0.86005503 0.24724524 2.5195744 137
-0.72505188 0.24782993 2.5228009 135
-0.58659488 0.24947134 2.5185447 141
-0.4727253 0.23353626 2.5112326 131
-0.35663468 0.26571155 2.5167291 149.25
-0.29721034 0.27000955 2.5142176 148.5
-0.14588903 0.26967674 2.5052047 110
0.68896616 0.24746275 2.5003896 123
3.0012574 0.26315603 2.5017521 95
3.4809196 0.2729511 2.5018799 97
4.3437052 0.24440622 2.506197 87
-8.8531914 0.37873113 2.5923121 40
-5.9353032 0.38328215 2.5588129 56
-4.6462073 0.32179382 2.5860057 69
-4.5641313 0.37317318 2.5397098 70
-3.8350382 0.35658738 2.5501432 95
-3.5043557 0.33232936 2.5484681 101.5
-3.2924457 0.35042855 2.5252786 63
-3.108496 0.35509479 2.5286024 77
-3.0715053 0.33732316 2.5232003 69.5
-2.6391447 0.36797068 2.5311236 73
-2.5930099 0.35158312 2.5295844 75.5
-2.0584476 0.34631121 2.5230565 91.333336
-1.6142645 0.34543145 2.5215144 116
-1.5339293 0.35984871 2.5225244 119
-1.4860964 0.35442847 2.5235915 115
-1.2055565 0.34261966 2.5304871 132
-1.0696037 0.35298228 2.5269089 121.5
-0.84180903 0.33642635 2.514905 121.33334
-0.72239411 0.33686459 2.5227718 127
-0.58405924 0.33599687 2.5174508 145
-0.46634069 0.34322485 2.5127029 130.66667
-0.35150266 0.35300648 2.516428 145
-0.29213178 0.35806453 2.5169308 150
-0.13900623 0.35822117 2.5029125 109
3.0073686 0.34517804 2.500453 97
3.4890835 0.36298433 2.5011644 97
4.3602905 0.34950379 2.5095236 83
-4.6371136 0.44087893 2.5860822 76
-4.557652 0.48819834 2.536732 70
-3.8289642 0.45864677 2.5505927 94
-3.5002732 0.4392612 2.5460284 100
-3.4920554 0.4175218 2.5491207 99
-3.2974195 0.44342649 2.528461 70.5
-3.1064155 0.44407728 2.5252907 74
-3.0770621 0.46431708 2.527338 71
-2.6412354 0.45645171 2.5288692 76
-2.5929348 0.44707131 2.5279143 79
-2.1035066 0.47184473 2.5245836 94
-2.0718179 0.42543769 2.5244701 92.5
-1.618529 0.43359852 2.5231009 114.5
-1.5343095 0.45384172 2.5215008 107
-1.4884168 0.44892728 2.5271804 110
-1.2064731 0.43113154 2.5299187 124
-1.0692178 0.44548005 2.5282183 115
-0.85876554 0.45282006 2.5247884 130.5
-0.71907645 0.45741048 2.52321 126.5
-0.58069712 0.45505393 2.521332 140.5
-0.46128964 0.44104999 2.5167112 150
-0.34270471 0.44773561 2.5176883 140.8
-0.28632522 0.44561619 2.5172009 144.5
-0.13313776 0.44727427 2.5051165 112
-0.0085926894 0.47829896 2.5014575 113
4.3711224 0.4565309 2.5058374 75
-5.9357729 0.52529085 2.5578594 55
-4.6319065 0.56093985 2.5875492 74
-3.8220639 0.56170535 2.5504835 86.5
-3.4875619 0.52545369 2.5463984 102.5
-3.3021297 0.53741139 2.528652 75
-3.1154466 0.53557938 2.5264187 70.5
-3.0839489 0.56130713 2.5299463 76
-2.6282697 0.54625392 2.5335431 81.25
-2.1113198 0.56132579 2.5237837 93
-2.0471811 0.53453892 2.527277 88
-1.6231272 0.55174935 2.5214522 113.5
-1.539371 0.55033398 2.5280995 110.5
-1.4921126 0.54440635 2.5291429 115.5
-1.2088847 0.54963183 2.5275388 132
-1.0702298 0.53948319 2.5288837 125
-0.85964483 0.54435045 2.5283072 131
-0.75891173 0.54390222 2.5164082 111
-0.69749624 0.51598489 2.5027933 108
-0.57815731 0.54660118 2.5252399 137
-0.45605719 0.53692532 2.5113621 118.5
-0.33948368 0.56336868 2.5236676 144.25
-0.27764463 0.56620705 2.521651 144.5
-0.12182004 0.56635714 2.5010376 109.5
4.391221 0.56463724 2.5083928 74
-5.9306903 0.66530186 2.5544174 55
-4.6233754 0.68101764 2.586791 80
-4.5611677 0.60622662 2.5403917 67
-3.8168333 0.66625649 2.551475 93.5
-3.4846473 0.622509 2.550211 101
-3.3141704 0.63389802 2.532198 68.5
-3.131743 0.66007251 2.5292196 72
-3.090395 0.65828139 2.527576 70.5
-2.6353512 0.64073157 2.5320284 80.5
-2.1235821 0.65282208 2.5275805 99
-2.0550151 0.63303238 2.5305307 95
-1.633697 0.64476627 2.5279238 107
-1.5417426 0.64682716 2.5269039 113
-1.4968257 0.64187443 2.5310128 106
-1.2142243 0.64264578 2.53105 110
-1.071424 0.6344915 2.5315378 115
-0.86033702 0.63587201 2.5298338 133
-0.73354965 0.6499778 2.5154052 114.25
-0.69116116 0.64701599 2.5034075 98
-0.57612109 0.63914508 2.5290968 134.5
-0.45089743 0.65669453 2.5244687 137.5
-0.37119913 0.65428638 2.5185621 138
-0.28408903 0.65462935 2.5183082 140.5
-0.11309963 0.65643358 2.5007107 103
4.4048948 0.67268509 2.506079 75
-6.1464381 0.7733891 2.5512767 28
-4.5561876 0.75483608 2.5450487 61.5
-3.8156617 0.75705653 2.5390046 97
-3.7947679 0.780608 2.5562344 99
-3.4592202 0.74567574 2.5408051 103.66666
-3.3247714 0.73036534 2.5308535 69
-3.1256368 0.75764549 2.5291929 75.5
-2.6505713 0.73920316 2.5345509 85
-2.1362593 0.74680972 2.5303187 100
-2.064755 0.73352402 2.532613 94
-1.6428111 0.73875701 2.5295026 113
-1.5260192 0.74382126 2.5312746 113.75
-1.2167749 0.73462486 2.5262895 128.5
-1.0733849 0.73248154 2.5311062 131.5
-0.86181366 0.76239896 2.5321307 138.5
-0.7143966 0.74101067 2.5303156 133
-0.68355048 0.77904338 2.5013068 105
-0.57195902 0.7640022 2.5278697 143.5
-0.44697809 0.75224882 2.5270193 133
-0.36499783 0.75036621 2.5253513 145.5
-0.27691501 0.74995476 2.5221934 144.5
-0.10685819 0.71747994 2.5003281 112
4.4221039 0.78275144 2.504415 80
-3.3470893 0.80043596 2.5394628 88
-3.1253877 0.82009733 2.5194137 66
-2.6775148 0.8222726 2.5172379 66
-2.0593586 0.82800227 2.5109315 51
-1.0705701 0.82445055 2.511029 82
-0.71383137 0.8060146 2.5281663 135
-0.44337302 0.81335592 2.5190501 146
-2.7088919 1.1439568 2.5506399 0
-1.0934879 1.186348 2.5361798 0
-2.7364426 1.2584218 2.5490282 0.5
-1.0979518 1.2612988 2.5325809 0
-1.6387844 1.7185727 2.5644071 84
-1.6657202 1.8273623 2.5839074 8
-1.7064537 2.0289688 2.5889475 15
-1.7144004 2.1507516 2.5438063 47.5
-1.7377088 2.2974508 2.5223746 11
-4.5111217 2.3494391 2.5314417 16.5
-4.5149064 2.4863315 2.5541103 13
-1.4473941 2.4940364 2.5964978 12
-4.5226111 2.5115099 2.5175004 24
-1.4448611 2.5627522 2.5441225 18
-4.5340614 2.6574166 2.5439849 18.5
-4.2145987 2.6120005 2.5913458 11
-4.5154619 2.789367 2.5554419 16
-4.256547 2.7128 2.5641165 4
-4.5449228 2.8255212 2.5270588 22
-4.3981848 2.8846784 2.5949893 0
-4.5474825 4.440371 2.528883 3.5
-4.34201 4.4374886 2.5940571 26
-4.481369 4.6733518 2.5784571 68
-4.527669 4.873436 2.5430665 9
-3.6040635 4.9424348 2.5955057 7
-2.819366 4.9799275 2.5069351 21
-2.883214 5.0806499 2.5332458 4
-4.5346074 5.1182475 2.5422192 6
-2.9041576 5.4218082 2.5898871 1
-2.891191 5.437973 2.5557227 1
-7.0386653 7.3389311 2.5549741 4
-5.592135 8.8667288 2.59639 74
-11.905836 9.0409632 2.5730855 71
-9.6592712 9.1508608 2.5047362 71
-9.193737 9.1497488 2.5411735 72
-8.9765654 9.1543827 2.5244174 72
-7.8400192 9.163909 2.5875962 72
-6.1037211 9.1692162 2.5236416 80
-4.9583998 9.1296568 2.5966854 102
-4.6410942 9.1255846 2.5018263 100
-4.4271002 9.161375 2.5158994 96
6.3947272 -2.0833385 2.6339371 33
-6.4474478 -0.9029718 2.6030936 30
-10.244275 -0.37162039 2.6564155 33
-6.3463058 -0.27711526 2.6007245 45
-18.259764 -0.1264091 2.6986668 15
-10.199161 -0.13918494 2.6574321 33
-6.3311062 -0.12497504 2.6012125 44
-10.174787 0.088079855 2.6616237 32
-6.3092947 0.1792514 2.6055369 45
-10.210287 0.31987637 2.680794 32
-6.295198 0.33037698 2.6043668 43
-6.2858272 0.4834733 2.6051421 42
-18.263876 0.59765506 2.6999891 17
-10.136074 0.54650474 2.6658823 33
-6.2808909 0.63653773 2.6064827 46
6.3749304 1.1270312 2.6379793 27
6.4529791 1.1272823 2.6970801 27
-1.6545649 1.6695973 2.6253965 0
-1.6997048 1.9481121 2.6138129 7
-4.2032552 2.5312188 2.634845 2
-6.7278686 4.4474735 2.6789715 70
-1.5143032 4.4008179 2.6476614 22
-1.5342617 4.5784736 2.6022909 38
-6.7834506 4.7180872 2.6825204 119
-1.5855348 4.8790255 2.614104 39
-6.8151598 4.9828439 2.6749399 113
-2.8288734 4.9156494 2.6229565 22
-6.7769046 5.1434932 2.6752157 5
-6.8851242 5.2853575 2.6806242 149
-1.6396793 5.2025347 2.6215911 54
-6.7535625 5.3703499 2.6395431 49
-6.8316793 5.5016255 2.6344671 56
-1.697721 5.551991 2.624656 94
-4.2127728 5.6467676 2.6603904 1
-2.9030774 5.7460122 2.6271999 21
-6.9919753 6.0988498 2.6792519 1
-4.1910081 6.1042571 2.6446855 4
-2.845679 6.1378422 2.6378865 0
-5.5507498 6.251699 2.676533 0
-2.947561 6.2624803 2.6951244 6
-5.8527279 6.3538957 2.6657536 1
-7.0787396 7.0631528 2.610692 2
-6.9188328 7.8709083 2.6430831 58
-6.9376898 8.3235302 2.6288388 17
-12.631111 9.0051298 2.6256065 71
-7.5168724 9.151104 2.6429505 81
-4.8871427 9.1243391 2.6592388 94
-3.8115015 9.1589899 2.6385033 99
6.2744308 -2.0863404 2.7195442 32
6.6754394 -2.0279708 2.7756507 120
6.6526284 -1.8671757 2.7783101 113
6.6391129 -1.7102741 2.784348 115
6.6285024 -1.5583385 2.7917659 115
6.6149859 -1.4064469 2.7949936 115
6.6071701 -1.2564927 2.7995381 113
-18.29777 -0.49052206 2.7002313 20
-18.273321 0.23661599 2.7028248 18
10.262509 1.1469985 2.7737236 74
-6.7237763 4.1960263 2.7384114 3
-6.8898611 4.329514 2.7633033 8
-6.7189565 4.4089127 2.7164462 5
-3.9289637 4.4018488 2.7949662 2
-5.6862564 4.9484673 2.7935331 8
-5.2945714 5.4702759 2.7782559 34
-5.2635784 5.7341318 2.7948873 40
-5.5316944 5.817574 2.777612 31
-3.0230737 6.0612149 2.7255769 13
-6.726388 6.1445808 2.7198679 2
-5.5202456 6.1259332 2.7988427 40
-2.9860823 6.2991323 2.7557733 8
-2.2795286 6.3270898 2.7727747 3
-2.9145269 6.5571351 2.7200046 4
-6.6681209 7.4821024 2.7164381 22
-12.400329 7.654593 2.7753456 58
-6.6649046 7.8868709 2.7046502 23
-12.604635 8.17379 2.759526 56
-12.375459 9.0037851 2.7543633 79
-9.7489958 9.1427078 2.7346661 66
-9.2901287 9.1538601 2.7754066 71
-9.063345 9.1489716 2.7566452 74
-6.1624784 9.1636152 2.758261 80
-5.2066174 9.1226778 2.7526398 96
-4.4731445 9.1557426 2.751688 98
-3.4043169 9.1542349 2.7160225 98
-3.2766168 9.1348753 2.7155895 97
-2.9296691 9.1456928 2.7184224 96
6.5579762 -2.0241342 2.8622017 117
6.5416708 -1.857191 2.8627279 112
6.5324693 -1.6942073 2.8646116 111
6.5325022 -1.535169 2.8685343 112
6.5282626 -1.3771679 2.8696866 110
6.5126262 -1.2192631 2.8639021 108
6.603663 -1.11049 2.8054316 119
6.5190339 -1.0652012 2.8670781 109
6.5570679 -0.93788207 2.8366466 114
6.5912199 -0.81916332 2.8104973 114
6.5239806 -0.76117146 2.8643579 107
6.5558 -0.64318371 2.8367267 113
6.590498 -0.53411585 2.8158388 67
10.286 0.78360134 2.8746188 75
10.279906 0.95890069 2.833158 74.5
10.264704 1.1741337 2.8397381 72
-2.6875501 4.3027873 2.8619068 0
-2.3445573 4.3003249 2.8204198 1
-1.5465541 4.423058 2.8084259 1
-5.2100539 5.2909923 2.8493087 38
-5.2049222 5.5753016 2.8869512 61
-2.7629104 5.7392378 2.8096201 0
-5.2633257 5.9601498 2.8934686 25
-11.186488 6.1164222 2.8285244 8
-7.3972945 6.2650647 2.8346131 3
-5.8468742 6.2608175 2.803405 11
-2.9465427 6.2865968 2.8807688 11
-4.6438031 6.3652477 2.804816 5
-1.8585767 6.3430552 2.8003151 19
-12.423916 6.9257498 2.8913546 3
-12.321852 7.2333884 2.8146882 49
-5.2293725 7.4274774 2.8454163 6
-5.3202353 7.6409411 2.8771856 1
-5.4695129 7.8903556 2.8042307 22
-5.295537 7.98488 2.8490734 29
-5.3100524 8.1950045 2.8393488 29
-5.6420312 8.8468761 2.8218784 77
-13.257179 9.0314283 2.8349707 93
-7.9114361 9.1552172 2.8211038 71
-5.1410112 9.1320591 2.8230128 74
-3.8543639 9.1533337 2.8797421 105
-3.6223705 9.1421299 2.8649476 106
-3.4979692 9.1410198 2.8704178 102
-27.513144 -0.22135434 2.9660735 6
10.307009 -0.20017816 2.9169297 102
10.296252 -0.11712636 2.920572 98
10.305712 -0.0031787679 2.9126568 102
-26.765095 0.34153584 2.9127839 8
-5.2214503 3.4481506 2.9533024 97.5
-5.2241859 3.6381512 2.9534183 96.5
-5.2239423 3.8315685 2.9501042 96
-5.2303734 4.0365486 2.9519577 95
-5.2312679 4.2440581 2.9494777 94
-5.2266469 4.4555731 2.9444883 48
-5.2139173 4.6698895 2.969111 36
-5.2597136 4.7032423 2.9232447 35
-5.2388396 4.9205513 2.9430208 77
-7.3366723 5.0774379 2.9536152 53
-4.106153 5.0950785 2.9569628 22
-3.8134916 5.0686555 2.9795651 53
-2.609597 5.0833268 2.9750209 73
-5.1982927 5.1907253 2.9554169 36
-4.0210338 5.1116219 2.9750068 21
-3.0159523 5.1908607 2.9242053 20
-3.8591304 5.2305789 2.9041941 4
-7.3967295 5.3732638 2.9550107 54
-6.5534625 5.3345289 2.9832017 7
-6.2175179 5.3143587 2.9929276 7
-4.1544032 5.3011494 2.9793029 32
-2.0955963 5.3141508 2.980418 51
-5.2438874 5.4195271 2.9370899 67.5
-2.7085512 5.4113622 2.9877629 41
-6.7280507 5.5770321 2.9425926 19
-6.3602953 5.5347357 2.9437728 1
-4.263484 5.544518 2.9425731 36
-5.2700286 5.6931763 2.9052448 42
-7.5307379 6.2956724 2.9256241 15
-5.2368193 6.2606387 2.9576867 11
-7.4192443 6.3759274 2.974215 7
-6.8879108 6.3584847 2.9856029 1
-2.3196194 6.3430114 2.9638057 4
-4.4440861 6.4033995 2.9535394 7
-5.205111 7.9181309 2.9601367 58
-5.2706733 8.0374403 2.9360709 7
-12.864726 8.956604 2.9440689 78
-6.0624423 8.9050426 2.9157586 48
-3.8005273 9.0239935 2.9798861 71
-9.849309 9.1375637 2.97067 73
-9.1657801 9.1525631 2.9954967 84
-4.5213666 9.1501122 2.9892819 106
-2.9685638 9.1469336 2.9618826 103
7.3242283 1.1452712 3.0913992 18
-5.1747241 5.0774412 3.0536454 21
-4.2716508 5.058989 3.071099 49
-4.1751766 5.0629997 3.0806706 60
-4.058712 5.079752 3.0186744 48
-3.0033724 5.0725493 3.0215294 90
-2.050761 5.0725226 3.009053 95
-7.1337495 6.4404073 3.0309927 1
-13.112053 8.7267094 3.0730805 75
-9.607933 8.8025541 3.097887 72
-3.9452672 8.8208389 3.0673587 99
-3.8206084 8.8206654 3.0751793 93
-2.9162092 8.826973 3.0971303 88
-3.8278637 8.9641924 3.0611641 67
-8.4522362 9.0479689 3.0475028 20
-9.3805122 9.1439905 3.0102565 74
-3.7076921 9.1081991 3.0154185 95
7.4230571 1.1528317 3.1514339 22
-7.6883402 4.1157103 3.1474569 1
-5.2329731 5.0452213 3.1981401 0
-5.0197392 5.0868535 3.1257572 9
-4.1260076 5.0776334 3.1821961 18
-3.8101425 5.0405402 3.1914406 9
-3.676158 5.0654459 3.1252143 6
-3.0592897 5.0794239 3.1900325 20
-2.6436222 5.0604687 3.1277268 37
-2.0801532 5.0512738 3.1631181 62
-13.267839 7.0253119 3.1467233 19
-5.2033525 7.806262 3.1350093 58
-13.282722 8.4419098 3.1836812 106
-8.9271059 8.799243 3.1179214 73
-8.5627899 8.767417 3.1373012 53
-9.1570911 8.8142452 3.1375098 70
-4.42487 8.8233967 3.1238444 94
-3.1501193 8.808012 3.1517332 104
-5.1012821 5.0750666 3.2882397 4
-4.3589106 5.0442786 3.2106309 38
-3.8489661 5.0559592 3.2536178 5
-13.274564 8.0433197 3.2488315 99
-7.5024467 8.8141289 3.2469311 76
-4.1683202 8.8097267 3.2195997 97
-4.0368195 8.8048248 3.2267704 103
-3.819896 8.8208971 3.2539244 96
-3.1772003 8.8062344 3.2048631 97
7.5632944 -0.54230225 3.3535786 16
-5.1995564 3.086602 3.3480461 42
-5.183846 3.5387294 3.3202982 10
-5.2173328 3.7177649 3.3506746 1
-8.3121462 4.9898305 3.3783793 40
-4.6851392 5.0562792 3.3591182 57
-4.5716538 5.0514493 3.3621297 51
-4.2109041 5.0913429 3.3606176 4
-4.024148 5.0593596 3.3706141 38.5
-2.1200285 5.0562863 3.3349335 85
-1.7534776 5.075036 3.3809807 70
-13.301156 7.6776576 3.3177364 68
-9.7211123 8.7993822 3.331737 69
-8.9129639 8.7303638 3.316911 69
-9.2636967 8.8103485 3.3738832 74
-9.0457516 8.8088217 3.3583379 70
-4.4412813 8.8161802 3.3719015 100
-4.2661614 8.8039408 3.3894002 99
-3.3786123 8.8106585 3.3346047 98
-2.9546859 8.81919 3.3366606 97
-2.3681016 8.8260937 3.3587918 97
7.8754959 -0.4758229 3.4141667 1
-5.1898971 2.8921225 3.4581165 66
-5.1954045 2.9908695 3.4050219 52
-5.1964216 3.3605425 3.4689724 29
-5.2010717 3.4581687 3.4025092 20
-5.2010016 3.5092182 3.4872 17
-5.188993 3.5999799 3.4067025 11
-8.3371201 4.981287 3.443753 62
-4.1923327 5.0429921 3.4782329 98
-9.0741129 8.7368774 3.4213855 68
-7.9014835 8.8228474 3.4227874 73
-3.8654261 8.8012037 3.4929588 91
-3.5786347 8.8053389 3.4610078 94
-5.1935 2.7504971 3.5411954 76.5
-5.1899066 3.1632764 3.5920939 56
-5.1873636 3.2579057 3.5275624 45
-5.2094903 3.4144442 3.5619981 29
-8.728961 4.9703145 3.5736351 44
-4.9021077 5.0481477 3.5096495 94
-4.7801299 5.0426359 3.5109196 84
-4.2145329 5.0329375 3.5273542 93
-4.0369411 5.0769849 3.5009923 1
-2.1613357 5.0540962 3.5078671 50
-1.7883188 5.0753207 3.5626588 22
-9.3238974 8.7399368 3.5211813 74
-3.6024802 8.7900419 3.5135009 91
-9.1584015 8.8034124 3.5993273 74
-7.6283808 8.8494654 3.5027938 7
-4.6430955 8.80651 3.5477991 68
-4.5068989 8.8070049 3.558398 70
-2.9997454 8.8214054 3.5815463 65
-5.1888781 2.5186682 3.65201 82
-5.2040935 2.6328988 3.6008458 104
-5.189549 2.6462798 3.6375446 93
-5.2071471 2.8109734 3.6108513 103
-5.1890264 2.8697925 3.6719108 104
-5.2088237 2.9910562 3.6211216 103
-5.1865931 3.056246 3.6653652 88.5
-5.2102394 3.175132 3.6299796 98
-5.1819777 3.1918421 3.6744614 55
-5.2109013 3.3394356 3.6355424 66.5
-5.2217937 3.568306 3.6580739 96
-5.2235765 3.7713883 3.6681991 99
-5.225111 3.9804854 3.6805053 102
-5.2233343 4.1935854 3.6905689 98
-8.7681732 4.9731913 3.6500635 59
-5.1243291 5.0360179 3.664917 93
-4.9982705 5.0277762 3.6650088 43
-4.4179201 5.0333796 3.6820488 100
-4.3873787 5.0307059 3.6237791 105
-2.203192 5.0499372 3.6867864 14
-9.4535532 8.7168779 3.6149709 74
-9.3754568 8.80445 3.6118126 68
-4.5357404 8.8160954 3.6026864 46
-2.4023085 8.815608 3.6037943 82
8.6595917 1.1734369 3.7262383 15
8.7384024 1.1814877 3.7662823 15
-4.9288425 2.2921844 3.7853062 93
-1.5045047 2.3886223 3.7661157 132
-1.1637747 2.3971291 3.7689347 137
-5.0182996 2.470803 3.7809243 73
-4.9136505 2.4309411 3.7855439 83.5
-4.8914285 2.408865 3.7943311 96
-4.2482729 2.4569163 3.7706728 85
-4.1283989 2.4507933 3.7781746 80
-3.3576839 2.4800525 3.7635906 93
-3.2065594 2.4235237 3.7744486 83
-2.5287797 2.4734523 3.7759826 114
-1.7959017 2.47317 3.7763472 124
-0.89578754 2.4469666 3.763308 131
-4.9754462 2.5475132 3.78987 76
-4.8751874 2.5669918 3.7941544 97
-4.2901716 2.5807407 3.7630708 85
-4.1777344 2.586746 3.7786477 81
-3.2393742 2.554502 3.7704799 89
-1.5188637 2.5265284 3.7765477 107
-1.1711326 2.5281343 3.7746708 120
-5.0606484 2.6460471 3.7881899 73
-4.8961449 2.6114168 3.7847128 92
-3.3996012 2.6099303 3.7659037 91
-2.5588353 2.6053615 3.7793922 101
-1.8151237 2.607121 3.7808409 124
-1.5339031 2.6674135 3.7828975 132
-1.1784251 2.6641352 3.7793856 123
-5.1512456 2.7425222 3.7885866 83
-4.8685632 2.7523377 3.7904229 95
-4.3558445 2.7216129 3.7732797 81
-4.2332277 2.7296958 3.7805767 83
-3.4548116 2.7558479 3.7809451 100
-3.2887092 2.7034869 3.7831204 84
-2.5871532 2.7372258 3.7749286 110
-1.8343652 2.7450719 3.7853098 121
-5.1459379 2.8473048 3.7771733 88.5
-4.8361068 2.8932822 3.792923 96
-4.4253616 2.867475 3.7832007 76
-4.273016 2.8616264 3.7638283 73
-3.5015559 2.8946912 3.7807448 99
-3.3353529 2.8514671 3.7879672 96
-2.6212285 2.8781157 3.7779071 99
-1.8554307 2.887001 3.7875769 113
-1.5474275 2.8082933 3.7833557 123
-1.1870377 2.8081434 3.7869523 136
-5.174778 2.9670827 3.7435336 88.5
-4.8548818 2.9376783 3.7807555 96
-3.378222 2.9994421 3.784112 92
-1.5619315 2.9561598 3.782707 108
-1.195151 2.9521563 3.7895224 122
-5.1875858 3.0910437 3.7394955 70
-4.8215218 3.0641501 3.7962174 93
-4.493587 3.015305 3.7881162 66
-4.362771 3.033591 3.7898068 76
-3.5534921 3.0415258 3.7820222 93
-2.6535666 3.0189605 3.7730131 110
-1.875044 3.0309083 3.7849462 115
-1.2026546 3.09811 3.7851286 112
-4.8461037 3.1117992 3.7889688 92
-4.5634508 3.1661024 3.7888486 79
-4.4301414 3.1915286 3.7896686 71
-3.611886 3.1973698 3.7876787 93
-3.436265 3.1634216 3.7929695 82
-2.683167 3.1587653 3.760345 119
-1.8980511 3.1818209 3.7859762 121
-1.5759929 3.1030135 3.7770798 125
-5.1976647 3.2468965 3.7008626 92
-4.816772 3.2611163 3.795331 89
-1.5978059 3.2718513 3.7887902 108
-1.2133467 3.2581055 3.792424 106
-4.6340466 3.3198771 3.786484 69
-4.5090027 3.360466 3.7945278 60
-3.6652813 3.3501494 3.7827647 87
-3.4885564 3.3234708 3.7901418 87
-2.7314117 3.3266661 3.7738874 129
-1.9242862 3.3437276 3.7886517 119
-5.2020259 3.4419482 3.715312 75
-4.807466 3.4620743 3.790144 88
-4.7480335 3.446043 3.7925129 70
-3.5468149 3.4944425 3.7899356 76
-2.7816217 3.498378 3.7821758 112
-1.6165495 3.4386861 3.788718 96
-1.2231059 3.4180555 3.789762 120
-4.7536831 3.583626 3.7921438 87
-4.5906816 3.5353971 3.7971234 44
-3.7248635 3.5109165 3.7792366 72
-1.9491616 3.507618 3.7874253 94
-1.2330033 3.58601 3.7880538 86
-5.2047577 3.6420069 3.7286305 104
-4.7862263 3.6412182 3.7900164 91
-3.7997448 3.691715 3.7882261 51
-3.6133957 3.6754134 3.7930095 52
-2.8297791 3.6712034 3.7836363 63
-1.6374707 3.6134951 3.7894473 97
-5.2000227 3.8450963 3.7369406 102
-4.902781 3.8421428 3.7959185 23
-4.7686467 3.8303616 3.7934361 93
-3.8728032 3.8724589 3.788347 24
-3.6850471 3.8653834 3.7966371 26
-2.8798695 3.8520124 3.7838621 23
-1.6623273 3.8052962 3.7988241 80
-1.6862429 3.9980683 3.7972381 43
-5.2006087 4.0561686 3.7499356 103
-5.0039034 4.0318475 3.796577 7
-4.7480211 4.0205169 3.7960196 81
-3.9485984 4.0601707 3.7851572 4
-3.7528367 4.0563469 3.7905653 15
-2.931401 4.0357661 3.7779245 2
-1.7080654 4.1848192 3.7838044 6
-5.1990361 4.2762542 3.7626157 107
-4.7179489 4.208683 3.791131 81
-5.2215996 4.4156847 3.7005761 96
-4.6934967 4.4098516 3.7922685 80
-5.2030773 4.5077829 3.7784803 111
-4.6352625 4.546494 3.7974083 79
-5.23634 4.6597867 3.7237504 101
-4.6648817 4.6110272 3.7906342 72
-5.2052035 4.744863 3.7946911 106
-4.6377258 4.825213 3.7922554 83
-5.2366433 4.9018917 3.7361271 112
-4.5767941 4.9689078 3.7968442 96
-4.5804272 5.0084147 3.7668848 109
-9.7293577 8.7225447 3.7244322 56
-4.8172793 3.6684284 3.8007667 32
-2.4984944 3.6906784 3.8025055 89
-4.7459931 3.7767317 3.8045614 89
-4.6825914 3.7203243 3.8018177 30
-2.541105 3.8773971 3.8012364 56
-4.7478094 3.9370785 3.80269 50.5
-2.5883574 4.0759172 3.8006976 21
-4.8789411 4.1121588 3.8050556 7
-4.6939001 4.1520948 3.801445 89
-5.1412549 4.2565885 3.818821 0
-4.6712513 4.3512735 3.803853 86
-4.6121378 4.7586794 3.8005869 76
-9.0850143 4.8841419 3.8060424 62
-5.1970901 4.9849787 3.8028417 124
-8.159668 7.3495674 3.8752465 19
-2.7352812 7.3863564 3.8764091 47
-3.5680616 7.5405116 3.8900871 48
-8.6745491 7.7765694 3.8660512 22
-8.5043526 7.7981033 3.8716621 30
-9.2112904 7.8607006 3.8747437 21
-2.8422465 7.8669124 3.8858387 49
10.285385 3.7183697 4.2362309 1
10.301681 2.7808428 4.3623681 1
10.262506 1.1706595 4.4858637 79.5
10.358234 -0.40728447 4.5694757 83
10.335262 0.27549657 4.5490351 13
10.284782 0.94146025 4.5153093 82.5
10.355721 -0.51314288 4.6777492 25
10.338476 0.21476218 4.6228523 77
