# .PCD v0.7 - Point Cloud Data file format
VERSION 0.7
FIELDS x y z intensity
SIZE 4 4 4 4
TYPE F F F F
COUNT 1 1 1 1
WIDTH 5314
HEIGHT 1
VIEWPOINT 0 0 0 1 0 0 0
POINTS 5314
DATA ascii
-37.674816 -2.2060943 -1.0962977 11
-7.1419392 -0.61854446 -1.0867844 0
2.6491399 -7.9103026 -0.66087919 11
-4.9369063 0.4790386 -0.67113715 8
-7.0669198 -2.1132631 -0.54871768 1
-3.7162337 0.048959769 -0.50293624 8
-4.0697098 0.15426794 -0.54863262 5
2.3129358 1.7942755 -0.50832039 4
2.4478996 1.8854928 -0.50728172 4
2.587873 1.9767244 -0.50279337 1
2.7947378 2.125041 -0.51017404 0
2.3267698 -3.6070275 -0.40295249 9
-1.0942791 -2.2783928 -0.42495808 10
1.3499689 -2.228317 -0.40473071 3
1.3069119 -2.0224383 -0.40536457 4
1.7363082 -2.0459983 -0.40228593 4
2.2289186 -1.9883744 -0.40767264 3
1.2710885 -1.8505459 -0.40679094 6
1.6660215 -1.8622015 -0.40130961 6
-6.5707626 -1.7104467 -0.43716988 3
-6.179378 -1.7210345 -0.44249475 2
-2.6419036 -1.719014 -0.44373626 4
-2.4486666 -1.730037 -0.44297439 4
1.2420491 -1.7056345 -0.40815741 8
1.6082952 -1.7093866 -0.40304518 8
-2.5085187 -1.613605 -0.44589096 4
-2.4005039 -1.688557 -0.44447112 5
-2.3292325 -1.6256626 -0.44644439 4
-1.8965985 -1.6135066 -0.4385457 6
-1.6225854 -1.6952072 -0.4286007 5
-1.5362531 -1.6399375 -0.43271768 6
-2.3745124 -1.5091645 -0.4439621 4
-2.2437057 -1.5532287 -0.44575104 4
-1.8218001 -1.5288881 -0.44241366 5
-1.4380561 -1.5562143 -0.43835568 7.5
0.27799591 -1.5003178 -0.40021849 2
0.39413413 -1.5436883 -0.42447272 18
0.46193951 -1.5485892 -0.42868644 18.5
1.2179732 -1.5827154 -0.41035828 9
1.5631622 -1.5835377 -0.40528598 8
-3.5752454 -1.4062061 -0.43321955 0
-2.8445163 -1.4417111 -0.45754153 5
-2.7045527 -1.4171934 -0.4583323 3
-2.2603724 -1.4187999 -0.44381785 3
-2.131175 -1.4553659 -0.44481122 4
-1.7386611 -1.4371392 -0.4437277 5.5
-1.3676865 -1.4710553 -0.40405065 7
-1.1053082 -1.4527962 -0.42811 8
-1.0499711 -1.4535961 -0.43211621 6.5
-0.90590221 -1.4444389 -0.44522738 13
-0.8984198 -1.4264246 -0.40442938 7
-0.7432698 -1.4396795 -0.4209747 5.25
-0.33456564 -1.4202484 -0.41979831 16
-0.25786442 -1.4017533 -0.43058249 3
0.048596293 -1.4839973 -0.40343744 1
0.25946596 -1.4577254 -0.42184055 3.6666667
0.39813954 -1.4696891 -0.42743698 1
0.44489303 -1.4666483 -0.43007657 12
0.64178318 -1.478363 -0.41071847 9
0.73450309 -1.4370022 -0.40813026 13
1.1943973 -1.468785 -0.41116145 8
1.5225403 -1.4706751 -0.40752348 5
3.2334023 -1.4352255 -0.40153152 0
-3.2419977 -1.3770807 -0.42670512 0
-2.9829407 -1.3091011 -0.40730268 5
-2.8386874 -1.3345071 -0.41577512 5
-2.7957916 -1.3697063 -0.43618247 4
-2.6644189 -1.3462625 -0.43361145 3
-2.5462141 -1.3512071 -0.44208366 1
-2.4386475 -1.3095436 -0.4301444 2
-2.3829298 -1.3258833 -0.4460426 2
-2.2751281 -1.3034974 -0.44825917 2
-2.1456141 -1.3284038 -0.43959728 3
-2.0253315 -1.3635113 -0.44195196 4
-1.9503797 -1.30518 -0.43966481 5
-1.6544101 -1.3448535 -0.44092113 5.5
-1.3064946 -1.3626775 -0.40253282 7
-1.0040473 -1.3765079 -0.4312551 1
-0.97583139 -1.3392824 -0.44255427 10
-0.87337273 -1.3674266 -0.45043057 2
-0.75613534 -1.3786204 -0.4594202 3
-0.6373837 -1.3536959 -0.42932263 6.4000001
-0.34896398 -1.3337888 -0.43266514 4
-0.26479885 -1.3599968 -0.43550611 13.666667
-0.091180854 -1.3216059 -0.41198999 14
0.05444926 -1.3060122 -0.40834445 1
0.24393226 -1.3392363 -0.4103705 3.25
0.37701249 -1.3420373 -0.4140228 5.3333335
0.44685635 -1.3519474 -0.42384246 8.666667
0.65418291 -1.3582522 -0.40321937 12
0.74263304 -1.3520014 -0.41156408 1.5
0.92936385 -1.3716481 -0.40925223 1
1.0750794 -1.3474361 -0.40433553 11
1.1731311 -1.364832 -0.40970185 10
1.3282232 -1.3258897 -0.40051681 11
1.4873358 -1.3717933 -0.40932128 3
2.8394916 -1.3509356 -0.40437904 0
3.1319234 -1.3346115 -0.4039247 0
-2.3399723 -1.2942209 -0.42979363 3
-2.2299714 -1.2668216 -0.42507133 3
-2.1549511 -1.2648057 -0.43705004 2
-2.0684652 -1.2537491 -0.43524414 2.5
-1.9164032 -1.2602378 -0.44100088 4
-1.8721849 -1.2369543 -0.44076908 5
-1.6074318 -1.28169 -0.44320756 7
-1.5453788 -1.2234628 -0.43596905 7
-1.2092507 -1.2131084 -0.42362964 5.75
-1.063565 -1.2857277 -0.43169814 6
-0.95199376 -1.2480347 -0.43902552 4.25
-0.8336736 -1.2434609 -0.43837681 5
-0.71999252 -1.2504402 -0.45492452 3
-0.60182071 -1.2266306 -0.44696009 3
-0.54704225 -1.2549627 -0.43126312 4.8000002
-0.43855891 -1.2239351 -0.4245629 6.3333335
-0.36545244 -1.2474457 -0.4405674 4.6666665
-0.27403897 -1.2692277 -0.4446848 3
-0.13019186 -1.2989143 -0.41246235 7
-0.055935543 -1.2450609 -0.41787758 4.3333335
0.041591257 -1.2350383 -0.42143247 1.6666666
0.12161692 -1.2379848 -0.40813917 1.5
0.24279983 -1.2580295 -0.41627932 5.6666665
0.32050523 -1.2702054 -0.42194167 6
0.43823344 -1.2448392 -0.4330377 6.1999998
0.58966273 -1.2489325 -0.4013637 3
0.61643541 -1.236316 -0.40742418 2
0.76356423 -1.2009116 -0.41326275 1
0.87290281 -1.208288 -0.40545738 2
0.91760516 -1.2535424 -0.40908146 6.3333335
1.0654578 -1.265467 -0.40591773 3
1.1547995 -1.2509325 -0.41687363 7
1.3095794 -1.2479739 -0.40431359 13
2.7514982 -1.2542446 -0.4047479 2
-7.0703201 -1.1908827 -0.48410267 14
-5.8360333 -1.1664813 -0.42759469 0
-1.9764007 -1.1928642 -0.43956912 4
-1.8675109 -1.1592784 -0.43829805 4.5
-1.7646395 -1.1366528 -0.43905306 6.3333335
-1.5033538 -1.1884183 -0.438517 7
-1.4631376 -1.1312335 -0.43837875 7.5
-1.1703777 -1.1434332 -0.44516706 2.3333333
-1.005169 -1.1098403 -0.4437533 2
-0.91632181 -1.1593854 -0.45185181 3
-0.87580687 -1.1355672 -0.43364504 1
-0.7577461 -1.1559069 -0.43454218 2
-0.68688351 -1.1224194 -0.44206056 2.5
-0.53796613 -1.1539916 -0.44790888 3.6666667
-0.46357927 -1.1401744 -0.43570223 3
-0.34945327 -1.161185 -0.44534907 3.5
-0.27876666 -1.173359 -0.44453967 3
-0.033956364 -1.1459643 -0.426404 1.25
0.056277305 -1.1399995 -0.42153978 2.3333333
0.12125813 -1.1355058 -0.41104889 2
0.24591058 -1.1501384 -0.41565913 1.75
0.3270309 -1.1653731 -0.41891998 2.25
0.43541363 -1.1396414 -0.43411779 3.25
0.5684014 -1.1546563 -0.40678456 3
0.76176625 -1.1415063 -0.41046429 2.3333333
0.8217721 -1.1353005 -0.40499464 3
1.0517495 -1.1545067 -0.40734315 9
1.1450289 -1.1623793 -0.40954539 3
1.2832522 -1.1445836 -0.40859005 2.5
2.1997542 -1.1543562 -0.41091144 2
2.3810523 -1.1598555 -0.40203017 2
2.6840713 -1.174508 -0.40851912 3
2.8382761 -1.1894501 -0.40314683 3
-5.9078665 -1.0836339 -0.41669181 2
-1.8323022 -1.0753987 -0.43878174 5
-1.7374368 -1.0473481 -0.43779707 6.5
-1.639048 -1.0249144 -0.43697235 7
-1.4160111 -1.0765936 -0.43982524 4
-1.3566189 -1.021927 -0.44171795 3.6666667
-1.2416 -1.0286529 -0.43068925 5
-1.1208978 -1.0697212 -0.44339523 3
-1.0854919 -1.0151114 -0.44295186 3
-0.97294718 -1.0548451 -0.44494373 3
-0.84830499 -1.0552331 -0.444538 3
-0.74698305 -1.0384258 -0.43924069 2.8
-0.65247464 -1.0572978 -0.44165152 2.5
-0.55586827 -1.0569103 -0.44501117 3.75
-0.42233288 -1.0556735 -0.43935823 2.6666667
-0.34372339 -1.0696651 -0.44566566 4
-0.28844929 -1.043125 -0.44555122 4
-0.0068344562 -1.0612655 -0.43042707 2
0.056899946 -1.0502431 -0.42429519 2.4000001
0.12093559 -1.0475373 -0.41526133 2
0.24448511 -1.0459168 -0.41926807 2
0.32293928 -1.063681 -0.42302224 2.25
0.45700502 -1.087574 -0.42910582 2
0.54125381 -1.053805 -0.41457859 3.2
0.76635587 -1.0473472 -0.41639113 3.375
0.87483823 -1.0523114 -0.40916747 2.5
0.94076008 -1.0466046 -0.4137418 3
1.0427802 -1.054428 -0.40849614 3.3333333
1.2911546 -1.0069872 -0.40335551 2
1.3322532 -1.034904 -0.40112749 2
1.689193 -1.0121131 -0.41208774 4
1.7229338 -1.0790068 -0.4122645 1
1.8741685 -1.0516793 -0.40373254 2
2.0986395 -1.0097032 -0.41224629 4
2.1413724 -1.0755466 -0.41035503 3
2.2820754 -1.0272732 -0.40790507 4
2.3186116 -1.0840892 -0.40232816 3
2.5605252 -1.0269619 -0.41171736 3
2.6166916 -1.095754 -0.41004711 3
-6.2985158 -0.94987875 -0.41425419 24
-1.7171932 -0.98002946 -0.43857864 6
-1.6274564 -0.95147926 -0.43657744 6.5
-1.5522344 -0.95396841 -0.4365395 7
-1.3200811 -0.95940584 -0.43884134 3.3333333
-1.2671072 -0.92277521 -0.44015098 1
-1.1476451 -0.96700865 -0.4359172 2
-1.0462601 -0.93971407 -0.43632194 1.875
-0.94256389 -0.94404888 -0.43656975 2
-0.84334105 -0.92829657 -0.44743499 3.6666667
-0.71326268 -0.97635961 -0.44755882 4
-0.65206492 -0.94324827 -0.44353214 3
-0.54295766 -0.96933812 -0.43840486 3
-0.46356949 -0.95471883 -0.44508266 4
-0.34850997 -0.95149601 -0.4445675 4
-0.26332816 -0.93604565 -0.43974376 3
-0.14546619 -0.94645125 -0.43197164 2
0.057578433 -0.95835483 -0.42777416 1.5714285
0.11193532 -0.94048089 -0.42512339 2
0.25191504 -0.94836247 -0.41953269 2
0.31732458 -0.98745966 -0.42214411 1.5
0.48948079 -0.93137145 -0.41136551 4
0.51274586 -0.94733387 -0.41460943 4
0.69051731 -0.9277665 -0.40911752 4
0.74973661 -0.95047754 -0.4199211 3.25
0.88020182 -0.96283931 -0.42017186 3.5
0.94031417 -0.95887887 -0.41162401 2.7142856
1.0327219 -0.9586038 -0.41718954 1
1.1603223 -0.92430061 -0.40511635 2
1.2228073 -0.96411496 -0.40412819 2.3333333
1.4787067 -0.91160238 -0.41619882 4
1.6506271 -0.92826456 -0.41596624 4.5
1.8219507 -0.96288466 -0.40594447 4.5
2.0577261 -0.94784689 -0.41324875 5
2.1868427 -0.9056232 -0.4074983 5
2.2259915 -0.96045709 -0.40512246 4
2.516854 -0.96614838 -0.4162544 5
2.6288671 -0.95079148 -0.41014218 4.5
2.7844081 -0.97540641 -0.40870249 4
-1.606431 -0.88864791 -0.43474177 6
-1.5349963 -0.86916739 -0.43541694 7
-1.4501371 -0.84566379 -0.43876785 6.5
-1.3868588 -0.80149108 -0.43900943 5
-1.2397162 -0.8599326 -0.4393034 2
-1.194308 -0.83755618 -0.43788603 2
-1.0253437 -0.88211602 -0.4418354 2
-0.9569574 -0.85297352 -0.44014648 2.125
-0.85344183 -0.84581637 -0.43796211 2.25
-0.77411997 -0.83045894 -0.44249463 3
-0.63316101 -0.85151041 -0.44934887 3.8
-0.53578568 -0.8469345 -0.43571159 5.1666665
-0.47719297 -0.82712477 -0.44297537 4
-0.35951352 -0.86118567 -0.44166231 4.1999998
-0.29122481 -0.83846492 -0.4400185 5.6666665
-0.15188968 -0.8495307 -0.42813069 4.1999998
-0.061235331 -0.83563226 -0.42632127 5
0.053328086 -0.846416 -0.42753565 2.6666667
0.11113004 -0.83335447 -0.42782128 4.3333335
0.24930179 -0.84637076 -0.42069137 1.8333334
0.46159753 -0.84247822 -0.42614448 2.6363637
0.66084641 -0.84502715 -0.41433176 5.3333335
0.78914946 -0.86272275 -0.42689425 3.5
0.85443324 -0.84607452 -0.41131184 3.1428571
0.90288001 -0.88795459 -0.41354629 2
1.0568191 -0.82805544 -0.41145411 1.8333334
1.1188513 -0.88172215 -0.40864241 2.6666667
1.2482467 -0.82361442 -0.40633714 2.6666667
1.3330795 -0.84552002 -0.40790564 2.5555556
1.4419233 -0.85061157 -0.40833196 1.75
1.6088793 -0.82942951 -0.42034003 5.5
1.7716303 -0.86512518 -0.4123154 8.5
1.9843847 -0.83410144 -0.41446045 6
2.0176609 -0.887986 -0.41381502 6
2.1366596 -0.83033413 -0.41027963 6.5
2.4437284 -0.84321594 -0.40843689 4
2.5311129 -0.85362154 -0.40521386 3
2.6715505 -0.83335894 -0.41455257 3
2.7294161 -0.89416492 -0.41654357 4
-6.9619775 -0.70999581 -0.41777867 9
-1.9290982 -0.70073748 -0.44463861 3
-1.8573638 -0.71348983 -0.44768021 4
-1.7536237 -0.72160482 -0.4485935 4.5
-1.6493621 -0.72269785 -0.44692484 5.5
-1.5539832 -0.72132993 -0.44599169 2.5
-1.4523215 -0.72601128 -0.43450582 3.5
-1.3382019 -0.72129279 -0.43818867 4
-1.1488782 -0.75957221 -0.43968222 1.1666666
-0.93362457 -0.76085472 -0.44532618 2.2
-0.84431702 -0.7607699 -0.44167176 1.3333334
-0.75730062 -0.74750906 -0.43734241 2.8333333
-0.64673412 -0.7397207 -0.43368492 4.1999998
-0.58427984 -0.73607653 -0.44385138 2
-0.476408 -0.75896496 -0.44262806 3.2857144
-0.36376351 -0.76871073 -0.44176906 3.2
-0.27398291 -0.75266629 -0.43695778 4.2857141
-0.11589128 -0.73886061 -0.42762393 5
-0.040327072 -0.75153798 -0.42687711 4.8000002
0.048783768 -0.74133074 -0.42454082 3
0.12538646 -0.71154541 -0.42002547 2
0.27821159 -0.75823343 -0.4261595 0.5
0.36978996 -0.7545526 -0.43878576 0.33333334
0.44508532 -0.74336153 -0.42915058 3.75
0.58969337 -0.71267486 -0.41162395 5
0.62043494 -0.75452977 -0.41544205 5.5999999
0.77685928 -0.74084562 -0.41467634 4.1428571
0.82427001 -0.78306174 -0.4137097 4
0.94854742 -0.73688537 -0.41330674 3.625
1.0562398 -0.73599797 -0.41896066 3.4000001
1.1580948 -0.74898952 -0.41176382 3.4166667
1.2530056 -0.76424503 -0.41493037 3.1666667
1.4129502 -0.74980152 -0.41541225 2.5
1.5650015 -0.73556805 -0.42016134 7
1.6872349 -0.71044379 -0.41426891 1
1.7236429 -0.77432477 -0.41531384 5
1.9483097 -0.76525337 -0.41874284 7
2.0810342 -0.74157959 -0.41463703 8
2.340085 -0.75721949 -0.41083112 6.5
2.4269156 -0.72700918 -0.40464205 8.5
2.6141651 -0.77454084 -0.41121328 5
-7.0671511 -0.60530603 -0.41375554 9
-2.4211185 -0.60261363 -0.44696367 2
-2.3583791 -0.62137222 -0.44637704 2
-2.2635846 -0.64602053 -0.44718626 3
-2.1435485 -0.67307281 -0.44791073 3
-2.0488796 -0.64452356 -0.44018033 3
-1.9624156 -0.64161921 -0.43519402 3.5
-1.8477049 -0.65015328 -0.43202901 4.5
-1.7451223 -0.6691429 -0.43149462 5
-1.6402771 -0.6804378 -0.42957193 6
-1.5527979 -0.69349217 -0.43210992 1.6666666
-1.4686161 -0.69083804 -0.42760915 4
-1.3412127 -0.68688607 -0.42682606 1
-1.112449 -0.68888766 -0.43858108 0
-1.0177011 -0.66877884 -0.4309653 0.5
-0.94672477 -0.65637076 -0.43852988 1.75
-0.84858131 -0.62114596 -0.42655623 2.6666667
-0.7741487 -0.60877776 -0.43045601 3.6666667
-0.63673216 -0.67321259 -0.44025356 4.5
-0.55928379 -0.65198392 -0.43159482 4.8333335
-0.34791726 -0.62096167 -0.45069265 0
-0.2520057 -0.65522557 -0.4261381 4.1428571
-0.17762038 -0.63096499 -0.43018252 4
-0.059325133 -0.65946329 -0.42796957 4.3333335
0.05708424 -0.65091324 -0.42391887 4.8000002
0.14558806 -0.63112515 -0.42393586 3.6666667
0.27804211 -0.63481772 -0.42186242 3.4000001
0.3795034 -0.65038157 -0.4387596 2.75
0.43720332 -0.65490168 -0.43120766 3.6363637
0.56843668 -0.64557493 -0.42072651 4.6666665
0.68873829 -0.61550593 -0.41364372 4
0.72438294 -0.65469468 -0.41451493 4.8571429
0.8609786 -0.63721812 -0.41726962 4.75
0.96750695 -0.64348894 -0.41354844 5.1666665
1.0392905 -0.65655601 -0.41748407 4.818182
1.1517018 -0.66476595 -0.41907334 6.25
1.2637113 -0.64859599 -0.42825785 3.6666667
1.3798323 -0.65826184 -0.41780615 2.6666667
1.5261422 -0.63703883 -0.42205611 2.3333333
1.6539435 -0.63766402 -0.41742349 5.3333335
1.8741007 -0.63400453 -0.41938996 7.5
1.9503565 -0.64890593 -0.41751111 7.5
2.0264001 -0.65828842 -0.41516495 8
2.2708166 -0.64665031 -0.41420555 8.666667
2.3357985 -0.61432463 -0.40108293 18
-2.6530147 -0.52258623 -0.44788846 2
-2.5498581 -0.55918688 -0.44691682 2
-2.4821115 -0.58192253 -0.44600725 2
-2.2284956 -0.52192444 -0.43018195 3
-2.1451845 -0.55914819 -0.43111208 3
-2.0663731 -0.57885712 -0.42802468 3
-0.81691909 -0.54782224 -0.4384591 1
-0.71970683 -0.58858234 -0.42920217 5
-0.65344214 -0.5459488 -0.43266571 2.8888888
-0.55437213 -0.53699738 -0.43575281 2.7777777
-0.42602921 -0.527242 -0.43793902 3.8
-0.33286726 -0.54054797 -0.43474534 3.625
-0.25049067 -0.5489701 -0.43448645 4.3333335
-0.1571914 -0.54416305 -0.43059406 3.5
0.0555951 -0.54612762 -0.42532393 5.1111112
0.15230219 -0.5422107 -0.42700073 4.5294118
0.26682931 -0.55416894 -0.42433655 4.7777777
0.38711756 -0.5376693 -0.4343546 4.1999998
0.43994072 -0.5448969 -0.43632424 4.625
0.53625029 -0.56853724 -0.42337126 2.8
0.66411489 -0.55917668 -0.41941744 4
0.76884335 -0.5441305 -0.4206256 3.9375
0.85605741 -0.54710311 -0.42027825 4.3666668
0.94748449 -0.56598151 -0.41527632 4.7857141
1.0369301 -0.54803896 -0.42219165 5.75
1.144996 -0.55133551 -0.42280909 6.5
1.2379555 -0.54833841 -0.42816916 4
1.3516598 -0.55359328 -0.42581803 3
1.4853404 -0.51986063 -0.425542 3.5
1.5490032 -0.53834182 -0.42186609 2.5
1.6144555 -0.5538103 -0.41838211 2
1.8327812 -0.54265982 -0.4218761 4
1.9549071 -0.53323954 -0.41699326 7.6666665
2.2452343 -0.5363071 -0.41545114 8.333333
2.3467739 -0.54437321 -0.40651727 13.333333
-2.8541241 -0.4323605 -0.44925588 0
-2.7520359 -0.47996366 -0.44806355 0
-2.4212627 -0.42209065 -0.43162066 3
-2.3508592 -0.45633468 -0.42941049 3
-2.2907088 -0.49163452 -0.42998734 3
-1.7466041 -0.41370037 -0.43864197 5
-1.6543127 -0.43840656 -0.4384383 6.25
-1.5479633 -0.46871683 -0.43680391 7.3333335
-0.92884982 -0.44574419 -0.43688792 0.60000002
-0.87691474 -0.42890435 -0.43412936 3.5
-0.76160204 -0.45035622 -0.43545854 3.3333333
-0.63687569 -0.44243515 -0.43712014 4.181818
-0.51733941 -0.44881001 -0.43892106 5.5
-0.41804713 -0.46316433 -0.43564057 6.4000001
-0.30959159 -0.47658387 -0.43041727 4
-0.24454302 -0.44185373 -0.42931911 3.7777777
-0.16925612 -0.49488178 -0.42640111 3
-0.0032948419 -0.46926889 -0.42714792 2.5
0.048156805 -0.4443498 -0.42964089 4.352941
0.1644261 -0.45024908 -0.43179142 4.1666665
0.25884941 -0.46302694 -0.43022114 4.4285712
0.36762062 -0.45110437 -0.43091124 4.8666668
0.45344836 -0.44074997 -0.43519884 4.5999999
0.64909744 -0.44734916 -0.41131034 2.6666667
0.75510478 -0.45315352 -0.42733422 3.9545455
0.84339321 -0.46436024 -0.42579514 4.3571429
0.98380017 -0.44425839 -0.42503893 5
1.0276685 -0.44558901 -0.42610896 5
1.1258743 -0.44765118 -0.42420459 5.75
1.2106544 -0.44572514 -0.42434418 6.25
1.3124138 -0.44017544 -0.42180172 4.75
1.4671868 -0.44727424 -0.42870149 3
1.5729767 -0.44150227 -0.42320731 2.25
1.7850955 -0.42782205 -0.42255139 7.5
1.8516877 -0.44378603 -0.421473 5
1.9163048 -0.45523247 -0.41854927 4.5
2.1818459 -0.46033975 -0.42076823 8
2.26475 -0.44567311 -0.41292882 7.6666665
2.3857076 -0.43933991 -0.40908551 21.666666
-3.1214943 -0.30545262 -0.45926362 0
-3.0273561 -0.34304628 -0.45290011 0
-2.96454 -0.38180208 -0.4521572 0
-2.5440183 -0.32199413 -0.42972678 2.5
-2.4812903 -0.38179597 -0.43177521 3
-1.9435443 -0.31294233 -0.44102812 4
-1.8531383 -0.34212333 -0.43739796 4
-1.7796544 -0.36750391 -0.43523425 5
-0.90612334 -0.39513376 -0.4361476 3
-0.84636229 -0.34131333 -0.43207231 3.9166667
-0.73608446 -0.35117671 -0.43861809 4.3333335
-0.61157823 -0.37011716 -0.43790394 5.5999999
-0.55780888 -0.34773296 -0.43727851 5.8000002
-0.49319005 -0.34885296 -0.43673635 6.8333335
-0.3192994 -0.38879704 -0.42639536 4.5
-0.29930711 -0.36472735 -0.42793706 4
-0.10899099 -0.37265235 -0.42079121 2
-0.073699303 -0.34972432 -0.42698404 4.25
0.061365236 -0.35731506 -0.43249634 4.0833335
0.17619251 -0.35596979 -0.43498057 4.5
0.2387743 -0.35834858 -0.42977753 5.25
0.3391315 -0.35174188 -0.43203461 4.9166665
0.44288361 -0.35142782 -0.43455493 5.2173915
0.54773086 -0.33865625 -0.42971516 4.1999998
0.75973904 -0.37527406 -0.42441827 3.5555556
0.85856771 -0.35290298 -0.43063912 4.9523811
0.97876054 -0.34997597 -0.42692262 5
1.0191725 -0.34457201 -0.42799574 4.8000002
1.1469369 -0.34739935 -0.42482519 5.4444447
1.2895105 -0.34726116 -0.42342091 6
1.4502784 -0.35603496 -0.43433607 3.25
1.5467453 -0.34364599 -0.42844597 2.5
1.7608786 -0.34191656 -0.42462707 4.75
1.8770765 -0.34516498 -0.42221028 5.75
2.148371 -0.3489818 -0.42455572 8.25
2.2265549 -0.35349083 -0.41395953 7.3333335
2.3763001 -0.34710369 -0.41782203 14.333333
-2.6325948 -0.24213944 -0.43112096 1.3333334
-2.038655 -0.23377872 -0.43933979 3.3333333
-1.9531466 -0.24611488 -0.43650684 4.1999998
-1.8800699 -0.28875321 -0.43400976 3
-0.82748038 -0.25197938 -0.43415055 3.7142856
-0.75829333 -0.24893384 -0.43020147 5.1428571
-0.68783826 -0.23058884 -0.42953762 5
-0.5726642 -0.25179517 -0.43149269 5.375
-0.47324684 -0.24657603 -0.44209066 7.125
-0.36289334 -0.23361833 -0.44042975 6.8888888
-0.22664712 -0.22626473 -0.42827886 4.8571429
-0.13357092 -0.21805231 -0.42607653 5
-0.039387774 -0.25132459 -0.43395382 5.6666665
0.068962663 -0.24359943 -0.4328348 4.9230771
0.18003231 -0.24742632 -0.43415967 5
0.21022364 -0.25525361 -0.43823117 4.5999999
0.33151811 -0.24965836 -0.43423212 4.5384617
0.42483598 -0.24620301 -0.43637827 5.4444447
0.54786927 -0.24432571 -0.43266028 5.6111112
0.62664098 -0.21967156 -0.42307219 5
0.85447294 -0.25765225 -0.42734241 5
0.97491986 -0.24945962 -0.4291203 4.8333335
1.0507138 -0.24343067 -0.42742306 4
1.1686462 -0.25647071 -0.42603064 5
1.2725716 -0.25493872 -0.42603406 5.8000002
1.4261379 -0.25658652 -0.43113524 3.75
1.523002 -0.24265663 -0.43115681 2.5999999
1.7440778 -0.23699507 -0.42800125 2
1.8457444 -0.244295 -0.4225961 6.5
2.1335003 -0.24655373 -0.42774352 9.666667
2.2102022 -0.25566646 -0.41810328 8
2.3681781 -0.25749609 -0.42223898 9.333333
-2.7364206 -0.11917876 -0.43361583 2
-2.6990867 -0.17404866 -0.43325794 2
-2.1371732 -0.13014454 -0.43983808 2.3333333
-2.0421889 -0.15243374 -0.4364484 3
-0.81748998 -0.13516022 -0.43384534 4.1999998
-0.75721002 -0.14543849 -0.42960316 4.7777777
-0.66801703 -0.14978531 -0.43218058 4.25
-0.55116224 -0.15030199 -0.43767971 6.25
-0.45697317 -0.14435601 -0.43334836 6.5714288
-0.3478111 -0.14805859 -0.43607581 6.4000001
-0.25782636 -0.15712526 -0.43769708 6.1999998
-0.15561384 -0.14690004 -0.42566216 4.3888888
-0.015469208 -0.14645883 -0.43504161 5.6999998
0.08656396 -0.14518416 -0.43633187 5.5555553
0.14518951 -0.14947014 -0.43644926 6.2727275
0.21469533 -0.14866266 -0.435651 4.875
0.32078362 -0.14719413 -0.43342379 3.875
0.45010453 -0.14893395 -0.4349885 5
0.56230158 -0.14388706 -0.43524283 5.2777777
0.61450523 -0.16308779 -0.43225521 5.3846154
0.86188233 -0.15276544 -0.43056551 4.8235292
0.95782262 -0.14180489 -0.42799124 5.1666665
1.0546284 -0.15184577 -0.43215576 4.5
1.1798525 -0.1530548 -0.43032295 5
1.2598852 -0.15239356 -0.42812237 5
1.4158456 -0.15651444 -0.43080458 3.8
1.5122449 -0.1407377 -0.43537384 3
1.7411908 -0.13851511 -0.43002659 1.75
1.8345319 -0.15189867 -0.42504328 6.5
2.1331458 -0.14956079 -0.42916059 8
2.2072225 -0.15045272 -0.42155784 9.5
2.3657262 -0.15700394 -0.42282459 9.75
-3.6206305 -0.011597823 -0.49251419 8
-2.7748008 -0.041782498 -0.43355882 1
-2.2060685 -0.012396982 -0.43972522 3
-2.1834502 -0.05831489 -0.43986583 2
-2.0792816 -0.05379669 -0.43417549 3
-0.80563045 -0.079706326 -0.43266377 4
-0.76844251 -0.041494031 -0.4310835 4.4285712
-0.66474891 -0.045777742 -0.42554659 5.125
-0.53980201 -0.049986497 -0.44182003 6.6666665
-0.44372499 -0.048659112 -0.43157253 6.3333335
-0.35320625 -0.048284587 -0.43968689 7.0833335
-0.25568756 -0.048015911 -0.42770043 6.5999999
-0.16874461 -0.04927988 -0.42629081 4.2142859
-0.055946358 -0.045226175 -0.43054947 4.9499998
0.078738444 -0.056614198 -0.43418747 5.3076925
0.14716418 -0.058887206 -0.43925014 5.875
0.21805711 -0.045545407 -0.43492344 3.7857144
0.32549399 -0.048322741 -0.43887979 4.9333334
0.44493467 -0.050044443 -0.43876237 4.4516129
0.57278049 -0.050384261 -0.43695319 12.538462
0.86479282 -0.052307576 -0.4366262 6.6666665
0.94840604 -0.052225504 -0.42848381 5.8571429
1.0597852 -0.046876639 -0.43966225 4.25
1.1723883 -0.056142978 -0.43458924 5.1428571
1.2559807 -0.047925841 -0.43087813 5
1.4211568 -0.052314363 -0.43356544 4.5999999
1.5113175 -0.043769784 -0.43882459 3
1.7561769 -0.043733619 -0.43358925 1.75
1.8396184 -0.052977782 -0.42919779 3.2
2.1589267 -0.041989561 -0.43251362 8.75
2.2171619 -0.047920235 -0.42244589 8.25
2.3742673 -0.044442043 -0.41972879 16.25
-2.8157961 0.076065212 -0.43509781 1
-2.7924528 0.015659457 -0.43320164 0
-2.2259655 0.048867479 -0.43914273 3
-2.1173806 0.042651948 -0.43498158 2.75
-0.76442277 0.05058898 -0.42895308 5.0625
-0.66278446 0.048532672 -0.42793134 6.3333335
-0.53211743 0.047317319 -0.44080806 6.875
-0.44091851 0.058186211 -0.41613907 6
-0.35213962 0.051486269 -0.43924114 8.1538458
-0.24916176 0.051854249 -0.4254345 6.4285712
-0.17141502 0.049524087 -0.42093867 4.25
-0.051690072 0.045884382 -0.43137801 4.7647057
0.078938581 0.05052175 -0.43850297 5.4000001
0.12837887 0.052161586 -0.44164363 6
0.22277281 0.050669555 -0.43813264 3.8125
0.33295268 0.050427578 -0.44492534 5.1428571
0.44976228 0.04512639 -0.44032314 4.9000001
0.5593037 0.04692487 -0.43863624 5.4499998
0.60454482 0.067477353 -0.4406383 5
0.85053164 0.039386995 -0.44017363 7.25
0.93569374 0.056735493 -0.43251848 6.3846154
1.0615691 0.047314581 -0.44073048 5.3636365
1.1750668 0.048968501 -0.43603605 4.8000002
1.2531374 0.057652682 -0.43465355 5
1.4410286 0.050523888 -0.43759188 3.2
1.5202968 0.05143116 -0.44162068 3
1.7761598 0.050591096 -0.4332532 1.5
1.8557179 0.055858482 -0.43036374 6.4000001
2.1874914 0.038602278 -0.43349171 7.5
2.2432468 0.05849231 -0.42646846 7.8000002
2.3781869 0.051321637 -0.40977731 19
-2.8235369 0.15752964 -0.4361518 2
-2.2394018 0.1445 -0.43842962 3
-2.1219592 0.15714906 -0.43400243 3
-0.83618557 0.19360086 -0.4274855 4.5
-0.76567829 0.14897619 -0.42821068 4.9285712
-0.67209017 0.15045825 -0.42744049 6.4444447
-0.53482109 0.144679 -0.43914038 7
-0.44210261 0.15904894 -0.42724836 6.625
-0.34546492 0.14569679 -0.43320084 6.4000001
-0.22849539 0.13217863 -0.42604446 4.8125
-0.15781319 0.15140705 -0.4278751 4.8571429
-0.04125452 0.14165507 -0.43240899 5.1333332
0.087674074 0.15884534 -0.44572338 6.3333335
0.13655236 0.15336876 -0.44432679 6.1176472
0.2328186 0.14814505 -0.44349772 4.4375
0.34019595 0.14381215 -0.44341487 4.7692308
0.44737077 0.13675188 -0.44129619 4.9375
0.56281245 0.15574448 -0.44025046 4.75
0.60723084 0.18482336 -0.44609839 5
0.84091848 0.15382351 -0.43881559 7
0.94212878 0.15138119 -0.43632981 6.5454545
1.0446471 0.15362638 -0.44219735 4.3333335
1.1070224 0.14902683 -0.44432092 5.3333335
1.2432652 0.14509866 -0.4371748 5.3000002
1.477976 0.14823513 -0.44603735 3
1.5359365 0.14967731 -0.4421795 3
1.7930176 0.11116307 -0.43170249 1
1.8553662 0.15392156 -0.43459693 3.5
1.9000795 0.19098999 -0.43226743 10
2.262048 0.14498761 -0.43153167 7.5
2.3312235 0.15852863 -0.41512147 10.666667
-2.8126972 0.23906341 -0.43633616 3
-2.7924953 0.29763371 -0.43590993 3
-2.2275584 0.23988706 -0.43765819 3.3333333
-2.1099539 0.25742885 -0.43535864 4
-0.84285784 0.25520822 -0.42866406 4.5789475
-0.76483971 0.25127685 -0.4295809 5.5
-0.6832239 0.24704228 -0.42599401 6.7272725
-0.54993367 0.25498962 -0.43640462 8
-0.44924152 0.25460851 -0.42683187 7.6666665
-0.35278857 0.24381083 -0.4337045 7.181818
-0.25034943 0.2370206 -0.43025213 5.8571429
-0.15582702 0.23710412 -0.42921659 5.2727275
-0.02155442 0.24602541 -0.43060297 5.5
0.085147321 0.24736057 -0.44050261 5.3333335
0.12933756 0.22584383 -0.44337696 4.3333335
0.22866051 0.24451768 -0.4445549 4.0833335
0.34899318 0.25636619 -0.4387708 4.125
0.46034923 0.25106198 -0.44550705 5.3888888
0.55268055 0.25170705 -0.44961354 5
0.6252715 0.24115655 -0.44533971 3.75
0.84648341 0.25587443 -0.43532506 6.3333335
0.94515139 0.25295156 -0.43852386 6.125
1.0626329 0.25469345 -0.44353858 4.4000001
1.1174688 0.25273624 -0.44398865 5
1.266391 0.24224702 -0.44064426 5.8000002
1.4967353 0.20505236 -0.44549441 3
1.5431209 0.25264239 -0.44313243 2.875
1.8741903 0.24305205 -0.43968722 6
1.9289688 0.26261616 -0.43638062 3.2
2.2940652 0.22499204 -0.43322462 7
2.346067 0.26242003 -0.42691046 9.3999996
-2.7702117 0.3567006 -0.43687016 3
-2.2084022 0.31811637 -0.43854386 4
-2.1779509 0.37772429 -0.43893301 4
-2.0619001 0.35209906 -0.43497086 5
-0.90562046 0.37915498 -0.4247652 4.8000002
-0.84420079 0.34017566 -0.42516285 4.6666665
-0.72006047 0.35541362 -0.42995492 5.8000002
-0.68887323 0.31451258 -0.42123574 7
-0.56235552 0.34696844 -0.4273341 7
-0.46991599 0.31952935 -0.43211758 7.75
-0.24315466 0.38818717 -0.43625364 7.3333335
-0.1395057 0.33034098 -0.43347928 4.3333335
-0.053790189 0.36012608 -0.43549651 6.5999999
0.076360129 0.35988691 -0.44492775 6
0.16261508 0.36532322 -0.44656932 5.5555553
0.23803906 0.3453857 -0.44418043 4.5
0.36004382 0.34479454 -0.44401273 5
0.46833774 0.34781247 -0.44524843 5.4285712
0.54016691 0.33037877 -0.44768456 3
0.6971643 0.38678339 -0.44454259 3
0.74410468 0.36740932 -0.446179 2.6666667
0.85638839 0.36574858 -0.44398671 4.5999999
0.93693334 0.34784174 -0.44449937 4.909091
1.0420079 0.35360551 -0.44509923 5
1.1340635 0.35906482 -0.44647932 5.4000001
1.2748519 0.34335235 -0.44446272 6
1.3189826 0.344879 -0.44447249 6
1.5669378 0.33793914 -0.44585183 2.1666667
1.6091936 0.37940824 -0.44398454 3
1.9668236 0.3499122 -0.44128624 4.1999998
2.0002968 0.37139115 -0.4365842 7
2.3655374 0.33771229 -0.41625428 15.8
-3.3813534 0.46013808 -0.4519574 0
-2.7302868 0.45247433 -0.44029367 3.6666667
-2.1351492 0.4498671 -0.44063726 5
-2.0180387 0.43022972 -0.43783832 6.5
-1.981714 0.47933817 -0.44021899 6.5
-0.93227148 0.44802958 -0.42378163 2.1428571
-0.86327636 0.44034612 -0.42503318 3.375
-0.75591832 0.45064706 -0.42824304 4.818182
-0.6171267 0.44652241 -0.42893505 6.1999998
-0.54796237 0.40999573 -0.4246617 6
-0.4383049 0.47861186 -0.4225384 7
-0.33524033 0.4639158 -0.43288401 6.4666667
-0.23532295 0.46024778 -0.43471789 5.4117646
-0.052641369 0.40846097 -0.43501651 5
0.072131522 0.45017606 -0.44804192 5.1999998
0.16754457 0.44635817 -0.45761114 5.0666666
0.22736017 0.45324263 -0.44770765 5.5
0.35539234 0.45303822 -0.44936088 4.909091
0.47368473 0.44103009 -0.44349331 5
0.57061231 0.47927493 -0.44999564 3
0.64773977 0.4587304 -0.45409012 3
0.74215543 0.46308574 -0.45479932 3.3
0.85283673 0.45043188 -0.44851527 4.2380953
0.94085979 0.44522715 -0.44646785 4.625
1.0418283 0.43640307 -0.44920358 5
1.1308309 0.45956838 -0.44583175 5.8333335
1.2992444 0.40541103 -0.44708371 6
1.3434775 0.45718262 -0.45212039 4.8571429
1.5797834 0.40536016 -0.44149703 2
1.6274716 0.44778934 -0.44554004 2
2.0479839 0.45342222 -0.44266114 6.8571429
-3.3002844 0.5309993 -0.44647288 5
-2.9750271 0.52456647 -0.4028562 21
-2.6644907 0.521038 -0.43901834 6
-2.5735955 0.54042208 -0.42871746 25
-2.4527202 0.54894835 -0.41300228 24
-2.0557015 0.52515817 -0.44047269 7.3333335
-1.9524595 0.55302906 -0.43692794 14.333333
-1.8543954 0.56854892 -0.43243048 15.833333
-1.7319361 0.59174585 -0.4200761 26
-1.6796286 0.59884286 -0.40017837 34
-0.93206614 0.53693318 -0.44428039 0
-0.79785931 0.52569658 -0.42911816 1
-0.64369583 0.52538693 -0.43455946 2
-0.51123089 0.54824811 -0.43847308 4
-0.44848785 0.55299848 -0.43851236 5.7857141
-0.35041627 0.53774315 -0.43588433 6.5833335
-0.24675769 0.54356933 -0.43680003 6.1363635
-0.13432249 0.55857229 -0.44201523 3.8
0.076097585 0.53022552 -0.44612217 4.5999999
0.1526788 0.54717261 -0.4530279 5.4666667
0.21484603 0.55967903 -0.45121282 5.3333335
0.34030664 0.54538703 -0.44177246 5.75
0.48079312 0.55052823 -0.44702929 5.375
0.53301466 0.5571388 -0.45266157 4
0.65216058 0.56369781 -0.45675951 4.1428571
0.7738691 0.53311652 -0.45390725 4
0.854765 0.5528385 -0.45209089 4.7058825
0.95167553 0.54162955 -0.44799393 5.375
1.0207322 0.53950882 -0.44722533 5.5
1.159508 0.54783934 -0.45376563 6.8571429
1.377668 0.55018562 -0.45561481 3.3333333
1.6733093 0.53353673 -0.4484413 2
1.7145054 0.59225088 -0.44943935 2
2.094348 0.53411192 -0.44493389 7
2.1382606 0.56519127 -0.44329071 7.5
-1.634611 0.60275364 -0.4173407 7
-1.545333 0.6121273 -0.409446 7.5
-0.95017642 0.64434111 -0.41385683 7.1666665
-0.85358518 0.64035708 -0.4173812 10.166667
-0.68809247 0.66743892 -0.40819198 0
-0.52422732 0.64418215 -0.42848328 9.8571424
-0.44882363 0.64823282 -0.42822641 8.8571424
-0.35058391 0.65770489 -0.4346596 9.090909
-0.23856124 0.64854872 -0.43398362 7.625
-0.15814164 0.64134097 -0.43771958 6.4000001
-0.027498042 0.67571998 -0.43000904 9
0.0062203766 0.67588603 -0.41667247 0
0.12500197 0.64905602 -0.45324305 3.5555556
0.21356384 0.62626761 -0.45058411 2.8
0.34616101 0.65610886 -0.44665441 4.8333335
0.47641367 0.63895804 -0.4510062 5
0.54093575 0.66602391 -0.45556673 3.8888888
0.66830605 0.63885772 -0.45408291 4.5
0.72080487 0.64971179 -0.4596096 4.8333335
0.8698436 0.63689148 -0.45570827 4.0588236
0.940229 0.64837432 -0.45432642 4.6666665
1.0250779 0.64604831 -0.44949213 6
1.1809542 0.63388497 -0.45779973 7.5
1.2055072 0.67337763 -0.46116889 8
1.3921244 0.6166563 -0.45407367 3
1.4193758 0.65063596 -0.4559567 3.5999999
1.7443237 0.64922619 -0.452528 6
2.1841607 0.6267013 -0.44506839 8
2.2144949 0.66582459 -0.44309658 6.5
0.24556342 0.75075692 -0.43503991 11.3
0.35212857 0.7529251 -0.44539312 4.2857141
0.45807478 0.75157851 -0.45868945 4.25
0.53772509 0.7414943 -0.45057043 3.5555556
0.62174708 0.76669079 -0.46056271 4.3333335
0.75784361 0.73880959 -0.46172312 4.4285712
0.85945153 0.73755735 -0.45976043 1.3333334
0.9594897 0.72386682 -0.46299323 1.875
1.0332204 0.75812972 -0.46354717 2.5999999
1.1897194 0.70093048 -0.46311712 8
1.2312183 0.74345005 -0.46430105 3.25
1.3254336 0.77444136 -0.46465874 1
1.4567283 0.74355483 -0.45643768 3.2
1.6387496 0.7537303 -0.45595932 4
1.7806559 0.74216014 -0.4539932 3.6666667
1.830551 0.77405858 -0.45930886 4
2.2661645 0.72511053 -0.44232035 6
2.3125529 0.77817714 -0.44267637 9
0.38922295 0.84188294 -0.47435862 7
0.45405206 0.84592944 -0.42887527 11.1
0.53191584 0.84151185 -0.44054347 7.4000001
0.65091062 0.85609192 -0.44032088 10.666667
0.74838305 0.8351813 -0.43223682 9
0.86117083 0.86229634 -0.4445453 6.6842103
0.91230893 0.86744189 -0.41988987 11.5
1.0724941 0.81948924 -0.4658508 0.75
1.158036 0.87918651 -0.46115249 2.2
1.232512 0.86915922 -0.44268811 2.375
1.37279 0.80003941 -0.4641062 1
1.4638894 0.83172739 -0.46219578 2
1.5164226 0.87051004 -0.46117902 2
1.8718306 0.84555072 -0.45731393 10.333333
1.9077919 0.88534582 -0.45566618 8
2.3332353 0.84536493 -0.42358619 10.727273
1.2551488 0.90480804 -0.41365179 2.6666667
1.5501969 0.93124169 -0.46119696 3.4000001
1.645856 0.94358063 -0.46729547 4
1.7301902 0.95178694 -0.46655634 4
1.8484864 0.95723891 -0.46203688 2.5
1.9286633 0.95046222 -0.45559728 5.75
1.4325988 1.075379 -0.46741611 0
1.7860923 1.0118554 -0.46947002 5
1.846179 1.0389794 -0.4684248 3
1.9676009 1.0369487 -0.46261787 3.6666667
2.0422962 1.0860107 -0.46144876 3.5
1.4854585 1.1145211 -0.47195768 4
1.560625 1.1627884 -0.47155112 2
1.9846747 1.1002533 -0.46948743 1
2.0748127 1.160369 -0.4631905 2
2.1268325 1.161996 -0.46613902 3
1.6301587 1.2416373 -0.47871366 3
1.7432196 1.2799456 -0.47533315 5
2.1776857 1.2341938 -0.4623279 2
1.6880628 1.324311 -0.48888576 2
1.759432 1.377427 -0.48809421 2
1.8459014 1.3428004 -0.47608912 4
1.9144053 1.3800642 -0.47372186 5
1.8497773 1.4475635 -0.49261254 3
2.0473959 1.4604945 -0.47783181 4
1.9352756 1.5077014 -0.49207753 3
2.0446999 1.5918688 -0.49624377 3
2.1825793 1.5369798 -0.47698194 4
2.1591117 1.6750479 -0.4983722 4
2.3088183 1.615358 -0.4841724 4
2.4539981 1.6854383 -0.47701851 3.5
2.0367839 1.8075008 -0.48245889 4
3.7088547 3.9616134 -0.40656582 2
2.5075698 -6.4502897 -0.32476214 0
2.2375782 -4.4166765 -0.33259818 0
2.0286469 -3.7273941 -0.34520024 0
2.3027771 -3.7064698 -0.37501961 4
2.30931 -3.5688732 -0.30333647 28
2.2496758 -3.4400914 -0.34843573 37
2.3046267 -3.4140117 -0.32696024 11
1.8632894 -3.1879125 -0.34949192 0
2.1730266 -3.1825895 -0.38633257 6
1.5083129 -3.0256937 -0.37794983 0
1.8474369 -2.8488295 -0.33217579 1
1.7466062 -2.7973111 -0.35634643 4
1.8468477 -2.7194161 -0.34591341 1
1.9978576 -2.7500825 -0.38235962 4
1.4374795 -2.6859362 -0.38481557 5
1.67688 -2.5595858 -0.35621071 4.5
1.7014761 -2.5095477 -0.35824549 4
2.2180152 -2.5875885 -0.34501752 28
1.3949745 -2.4521508 -0.39863712 4
1.5641452 -2.4181094 -0.35973421 4
1.8895512 -2.4644518 -0.38895762 5
2.1734855 -2.4499996 -0.37721416 8
1.1736513 -2.3387854 -0.33027476 1
1.2022568 -2.3360226 -0.38427502 4
1.5794792 -2.3356586 -0.3702746 4
2.1691484 -2.3197796 -0.37423497 6
2.2477188 -2.3194664 -0.32234529 52.5
1.4495549 -2.2376032 -0.36784047 4
1.6052109 -2.2969105 -0.3783156 4
1.8063223 -2.2367408 -0.39560238 4
2.0942762 -2.2654092 -0.3929131 6
2.1628544 -2.210027 -0.38600388 6
2.264452 -2.2748477 -0.36433539 10
2.3254662 -2.2845645 -0.32491696 54.5
1.1712554 -2.1141095 -0.3865878 5
1.4632598 -2.1547616 -0.37533784 3
1.5503374 -2.1021388 -0.38671196 6
2.0257144 -2.1813872 -0.38384107 6
2.262434 -2.1467979 -0.34320739 8
2.5512526 -2.1229365 -0.36441717 16
1.3442209 -2.0650346 -0.37243739 3
2.0115662 -2.0740032 -0.39597297 5.5
2.2534642 -2.0770867 -0.37888023 15
2.504751 -2.0203424 -0.38947409 3
4.6090603 -2.0417099 -0.32810247 11
1.1488286 -1.9371833 -0.39019558 8
1.2573808 -1.9213965 -0.37698299 5
1.3633363 -1.9998502 -0.37997538 3
1.4952267 -1.9153031 -0.38742605 7
1.2797074 -1.8689247 -0.38418797 4
1.7972587 -1.899009 -0.36130056 4
1.8485508 -1.8407707 -0.38064533 6
2.3855731 -1.8179187 -0.38298106 6
2.5434027 -1.8596363 -0.36560249 9.333333
2.6302466 -1.8544307 -0.33983254 19
2.7635527 -1.8485274 -0.32598585 6.5
3.5349493 -1.8654464 -0.31188384 0
1.1531794 -1.7854857 -0.38691491 7.5
1.2066861 -1.7559903 -0.3892906 5
1.4553109 -1.7734721 -0.39394066 9
1.687909 -1.7874558 -0.36678824 4
1.7061872 -1.733677 -0.37801602 5
2.2522967 -1.7344248 -0.3878471 6
2.3470008 -1.720011 -0.39865962 6
2.4491003 -1.764789 -0.38749963 5
3.8510299 -1.7840543 -0.31813794 6
3.9537711 -1.7735509 -0.30052555 1
4.1792541 -1.7577361 -0.32952955 7
-0.83253795 -1.6268722 -0.32027844 8
1.121632 -1.6597776 -0.39114574 7.3333335
1.4159994 -1.6365902 -0.39460945 10
1.5963011 -1.6958451 -0.37299401 3
1.6077188 -1.6358225 -0.37997717 6
1.8148446 -1.6972655 -0.3890647 7
-0.76768619 -1.5520538 -0.34659958 10
-0.27090302 -1.5641181 -0.3015047 1
0.095868491 -1.5194949 -0.35274911 7
0.1338127 -1.5410906 -0.31196696 18
0.34260702 -1.5258377 -0.38596529 4.5
0.69753331 -1.5454054 -0.38381723 2
0.72494894 -1.5229402 -0.39161509 0.5
1.08768 -1.5392268 -0.39486361 7
1.3847394 -1.5227073 -0.3979612 9
1.4280173 -1.5165128 -0.37916651 5
1.5175725 -1.5800703 -0.3807537 5.5
1.7620381 -1.5794827 -0.39395836 5
2.0539618 -1.5729409 -0.3714734 3
2.1475432 -1.5713465 -0.38441926 4
-1.7448157 -1.4594518 -0.35123271 5
-0.9152934 -1.4644166 -0.348685 3
-0.86166447 -1.4250749 -0.33559218 4.3333335
-0.78000551 -1.4574257 -0.37914911 5
-0.65177542 -1.4114835 -0.33790937 8
-0.3424561 -1.4094768 -0.33070177 7
-0.25011173 -1.4341671 -0.36802742 8
0.045577172 -1.4285015 -0.33555976 22
0.14596923 -1.4591662 -0.37696996 10.666667
0.25333193 -1.4136739 -0.32365125 2.8
0.33899555 -1.4111543 -0.35307869 1.1666666
0.43374604 -1.4288877 -0.32800364 2
0.64738643 -1.4405932 -0.36840564 8
0.70643985 -1.4927863 -0.39907184 12
1.0432649 -1.4518842 -0.38338909 8.333333
1.3642164 -1.4222537 -0.3903335 7.6666665
1.4524965 -1.4840584 -0.38810137 5
1.7097754 -1.4656624 -0.39524424 3
1.8462616 -1.4316919 -0.37529933 4
1.9261917 -1.4555603 -0.37693977 4
2.0039208 -1.4695967 -0.37735125 4
-3.0611107 -1.3229297 -0.38816079 3
-2.9385226 -1.3215313 -0.39517081 5
-0.96622127 -1.3120297 -0.31586963 99
-0.76583999 -1.3970125 -0.3561832 4.5
-0.64187926 -1.390071 -0.34862447 8
-0.56878698 -1.3343782 -0.35594344 8.5
-0.4326154 -1.3222021 -0.32329541 9
-0.38428983 -1.3575448 -0.34748676 9
-0.28090027 -1.3932494 -0.35627997 12.166667
-0.10769217 -1.3775887 -0.37746531 24
-0.021382712 -1.3481606 -0.37301219 7.6666665
0.065311693 -1.3518829 -0.39468288 16
0.15668784 -1.3646667 -0.3797853 1.5
0.25120521 -1.3710479 -0.38270444 20.5
0.34218061 -1.3910785 -0.35210228 8
0.64527512 -1.3729303 -0.36481944 4.1999998
0.72774875 -1.399823 -0.32347459 1
0.88879204 -1.3551893 -0.33339965 0
0.94383025 -1.3600911 -0.38415715 3.1666667
1.2699983 -1.3466671 -0.38783923 6.5
1.3213899 -1.3512555 -0.3937887 6
1.6739063 -1.3435662 -0.38899004 3.5
1.7508017 -1.3415606 -0.38192081 5.5
1.8254043 -1.3629503 -0.38457605 6
-1.5194465 -1.2223198 -0.30368599 0
-1.2225132 -1.2441149 -0.36197609 2.75
-1.1831603 -1.2679899 -0.36238801 3
-1.0548263 -1.2487582 -0.35879987 5
-0.52466238 -1.2475691 -0.35152176 8.5
-0.46536446 -1.2570478 -0.36912823 8.25
0.85932076 -1.2415385 -0.39835536 2.5
1.1677182 -1.2345972 -0.39411527 1
1.2395395 -1.2653779 -0.39708412 4.5
1.5704368 -1.2181065 -0.38700205 6.5
1.6402317 -1.266917 -0.38591883 6.5
2.0437367 -1.2214186 -0.37726355 2.5
2.9115322 -1.2701498 -0.39990398 0
-7.0651999 -1.1842396 -0.31730407 30
0.87043357 -1.1977879 -0.39975518 0
1.0792916 -1.130949 -0.39728242 2
1.3804046 -1.1054713 -0.39338034 2
1.4562948 -1.1411656 -0.39273846 4.5
1.5406617 -1.1795044 -0.3930724 8
1.795086 -1.1183172 -0.38762802 6
1.8612169 -1.1233276 -0.38450798 5.3333335
1.9487983 -1.16451 -0.38154334 3
2.0366099 -1.1770113 -0.37729236 2
-7.3483768 -1.0972178 -0.30509859 4
-4.790452 -1.0256155 -0.36092934 3
-4.3862123 -1.0772841 -0.35756782 0
1.2874922 -1.0348351 -0.39790154 2
1.3545331 -1.0677345 -0.39713106 2
1.5584953 -1.0021231 -0.39261958 10
1.6435165 -1.0362238 -0.39164087 3.3333333
1.7294903 -1.0650285 -0.38811699 7.6666665
1.8352368 -1.025319 -0.38919717 4
1.9304608 -1.0580343 -0.38716257 2
2.7730052 -1.0287508 -0.38279217 4
1.2420399 -0.9969759 -0.39766875 2
1.3785164 -0.90676469 -0.39959055 2
1.4473664 -0.93209565 -0.39802033 2
1.558946 -0.96058369 -0.39695469 3.4000001
1.6709312 -0.96633124 -0.39571494 5.5
1.7491945 -0.99458319 -0.39205033 7
2.4768345 -0.94274521 -0.31790355 3
2.5157547 -0.94933259 -0.35988361 3
-6.2862468 -0.84468234 -0.39943051 44
1.4999259 -0.89333725 -0.3990632 2
-6.3148718 -0.74369574 -0.38857949 64
2.3404047 -0.63114661 -0.36715183 21.333334
2.3957598 -0.56514686 -0.38802242 21.333334
-0.45600903 -0.44463086 -0.33348474 3
-0.38676846 -0.24965951 -0.3499648 4
-0.25606921 -0.20094317 -0.33279759 1
0.29534185 -0.20552878 -0.35142586 2
-0.325804 -0.1854817 -0.31121165 2
-0.20339137 -0.15625715 -0.39820662 4
-0.13640684 -0.12575909 -0.35970965 2.25
0.3508265 -0.12314133 -0.37076542 2
-0.21498697 -0.05645901 -0.39094242 3.6666667
-0.1641781 -0.02600209 -0.39850479 4
-0.41577125 0.019760495 -0.39361265 6
-0.24984056 0.050935853 -0.39764896 5
-0.16276707 0.040669881 -0.39163971 4
-0.2375235 0.15660398 -0.36138245 2.5555556
-0.19938105 0.16535904 -0.35373729 1
0.45777485 0.13700598 -0.32938439 1.4285715
0.51950473 0.11891639 -0.38119325 2.2
2.3720644 0.15812658 -0.38814226 17
-0.25333476 0.22910698 -0.39190522 3.3333333
2.3611467 0.24821033 -0.36205357 17.25
-5.8544784 0.36734816 -0.31104285 19
-0.26168987 0.32206652 -0.37415361 3
2.3513198 0.35541913 -0.34799588 17.166666
-0.50090551 0.48180351 -0.37026629 4
-0.41740853 0.43590823 -0.39276928 3
2.3504803 0.43956318 -0.36424112 16.777779
-2.7829101 0.5344764 -0.37913039 26
-2.6110194 0.54128379 -0.3587622 25
-2.4671793 0.54995608 -0.34264183 28
-2.3412941 0.55748641 -0.36359698 29.5
-2.234971 0.56495214 -0.35258603 32
-2.1351609 0.57089496 -0.34144062 33.5
-2.0485218 0.57776964 -0.33296913 33
-1.9422947 0.58312178 -0.35300034 33
-1.8330876 0.58757883 -0.34212181 42
-1.7411675 0.59444356 -0.33477521 40.5
2.3381424 0.54228175 -0.32501099 14.875
2.5347211 0.54404247 -0.30700114 5
-1.6329421 0.60392261 -0.35044274 9.666667
-1.5406222 0.60708833 -0.35359329 9.75
-1.4432745 0.61328107 -0.36646 8.2857141
-1.347791 0.61851764 -0.35871115 4.75
-1.2637122 0.61948574 -0.35046139 1.2
-1.0296837 0.64181554 -0.35868606 3.2941177
-0.94727343 0.64368534 -0.3534005 6.5454545
-0.84213293 0.64868778 -0.34898904 11.523809
-0.65066868 0.66163701 -0.3537741 8.666667
-0.55212158 0.66262954 -0.33956525 11.5
-0.45236945 0.67088717 -0.34830391 12.941176
-0.34440762 0.67012709 -0.33570334 13.125
-0.25876817 0.67312604 -0.35656258 13.090909
-0.1443921 0.67971373 -0.33689609 13
-0.058801673 0.68014306 -0.36047232 13.375
0.051602568 0.68724912 -0.34760025 11
0.19465309 0.68217164 -0.37970844 1
0.22216852 0.68216872 -0.35548732 8.5
2.3233085 0.66684467 -0.31600705 13.5
2.4781179 0.67199439 -0.31036955 5.5
2.5890996 0.63500613 -0.30521637 12
-5.2214179 0.7614612 -0.30056486 24
0.25696927 0.7698983 -0.34850827 16
0.34625053 0.7837972 -0.33893082 15.25
2.3230727 0.74620169 -0.34671646 12.571428
2.4281948 0.74751061 -0.311838 8
2.5693104 0.75587004 -0.31085327 9.666667
-5.430337 0.88562495 -0.32267693 18
0.38879925 0.84720653 -0.313793 17
0.46103069 0.84677982 -0.36733952 12
0.54793036 0.85476667 -0.33807263 15
0.66373026 0.86074275 -0.36146545 14
0.74572831 0.86786222 -0.33854395 14.1
0.83873838 0.86074877 -0.3434276 13.214286
0.95263392 0.87490094 -0.36485189 9
1.0123166 0.88899058 -0.32535172 7.1666665
1.1351776 0.86791754 -0.30397955 0
1.251844 0.89778304 -0.39568794 3
2.1814816 0.87384433 -0.31684369 33.333332
2.2507739 0.87652701 -0.35346803 19.666666
2.3217542 0.85511225 -0.34256047 10.5
2.4029398 0.89066696 -0.30453622 8
0.98138833 0.90622795 -0.36169359 8
1.2704509 0.90083605 -0.383284 1
2.4297228 1.7266774 -0.38855943 0
2.7675009 2.3511336 -0.32734883 10
2.9087882 2.4479451 -0.39630181 8
2.6561031 2.5198407 -0.35281 3.5
6.6716256 5.0915813 -0.32633978 0
2.4685931 -5.9452796 -0.20108339 16
2.4051309 -5.0397768 -0.28466094 79
2.2633419 -3.6871021 -0.21540916 43
2.2553337 -3.5596163 -0.28416425 42
2.3122635 -3.4323294 -0.23655969 46
2.3077836 -3.2809789 -0.26271299 49
2.2974546 -3.1309583 -0.20035282 46
2.2305567 -2.7475941 -0.24928418 42
2.2255962 -2.6691029 -0.29873168 41
2.2686119 -2.3358684 -0.21847782 76
2.3134944 -2.3151417 -0.26922449 75.5
2.3622174 -2.2676389 -0.26307631 11.5
2.3178949 -2.1225941 -0.2473321 17
2.2831213 -2.0115795 -0.20443392 27
2.3590081 -2.0107753 -0.24534051 19.666666
2.5786023 -1.9167888 -0.23726928 17
2.63345 -1.8755548 -0.28737944 14.5
2.7389641 -1.8419424 -0.25722364 9
4.2304044 -1.7452364 -0.25748858 11.5
-0.7334919 -1.6636041 -0.20833167 6
-0.7875368 -1.5232142 -0.26448539 13.666667
-0.41088825 -1.5287815 -0.20273373 3
-0.32651123 -1.5290859 -0.24121176 5.5714288
-0.27178586 -1.5332447 -0.24133104 10.5
0.068533331 -1.5138028 -0.22803071 7.5
0.1090003 -1.5589113 -0.21905401 7
-0.81632215 -1.4112923 -0.24777475 25
-0.40530303 -1.4236319 -0.24746531 7.5
-0.34474519 -1.4243383 -0.2800279 14.666667
-0.26375353 -1.4168549 -0.2958228 10.5
0.061561018 -1.4616979 -0.25451455 21.5
0.24528256 -1.4254223 -0.24912255 2.8
0.33937991 -1.4363072 -0.25407282 0.5
0.46989152 -1.4220337 -0.2560761 2.3333333
0.5625385 -1.4077793 -0.23619398 3.2
0.79482627 -1.4007399 -0.27616858 1
-0.83711362 -1.3268052 -0.25528765 31
-0.65535992 -1.3892244 -0.25216457 9
-0.53544617 -1.3092073 -0.21813542 6
-0.4606756 -1.3365355 -0.24799803 6.5555553
0.66827804 -1.3788974 -0.24534762 2.75
0.76532185 -1.3924143 -0.27057129 1.6
0.83541077 -1.3823485 -0.23509756 1.2
-1.8623415 -1.2513869 -0.22479922 2
-1.5248365 -1.234712 -0.23411377 4.8000002
-1.4232655 -1.2539626 -0.24408974 1.3333334
-1.3750038 -1.2749426 -0.28690338 3
-1.230408 -1.2381251 -0.25715506 3.1111112
-1.1693561 -1.2230999 -0.28023329 4.5
-0.92022949 -1.2278845 -0.23307663 15.666667
-0.85314465 -1.2658752 -0.22399803 14.8
-0.52809072 -1.2789928 -0.24558425 8.3999996
-0.45932341 -1.2977443 -0.29646888 7
-5.9079442 -1.091651 -0.2849586 7
-4.4301577 -1.0479925 -0.26689929 53
3.1590953 -1.031345 -0.23515171 79.5
-4.7943721 -0.96418339 -0.24798721 8
-4.5122294 -0.98516363 -0.25147629 25
2.4102223 -0.92221665 -0.27146301 3
3.2933583 -0.96683693 -0.21272394 0
-6.3069606 -0.81976509 -0.23970646 23
2.431654 -0.87228036 -0.21471436 4
2.565392 -0.8818596 -0.21023175 0
2.6474814 -0.88158756 -0.2057744 2
-6.3833733 -0.71291935 -0.22491711 20
-7.1301513 -0.66776669 -0.23250231 77
-7.1406469 -0.53666008 -0.21612743 29
-0.33238357 -0.31695119 -0.25430474 2
-0.2789399 -0.2327653 -0.29794195 2
-0.25308532 -0.13255721 -0.2071646 1
-0.19547132 -0.13102195 -0.22604264 1
0.32855794 -0.15156059 -0.23239538 2.5555556
-9.4283447 0.16688 -0.21233106 5
-4.0433307 0.11794444 -0.20761621 25
-3.9949918 0.18111506 -0.20549604 20
-0.34072256 0.18894884 -0.22923604 2.5
-0.25558078 0.140668 -0.2449584 1
0.35707209 0.14746441 -0.22645424 1.5833334
0.43765664 0.14761086 -0.26709121 1.2
-0.31754145 0.22751522 -0.21689883 1
-5.1707149 0.40781024 -0.27566627 16
-4.9307365 0.4696601 -0.2651335 94
2.3635721 0.449027 -0.29153371 9.5
2.5905509 0.46248078 -0.21353661 22
-4.9351425 0.55160803 -0.27018568 39
-1.9456822 0.5833143 -0.2927075 32
-1.8752643 0.5906179 -0.28786299 37
-1.7629609 0.59560651 -0.27956244 40
2.594945 0.53937268 -0.22857659 21
2.6014733 0.57761872 -0.26343682 20.5
-5.0305548 0.6482119 -0.28217334 25
-1.6440079 0.60559964 -0.27391794 10.5
-1.5275242 0.6085825 -0.26836514 10
-1.4347601 0.61594391 -0.26693034 10
-1.3521092 0.62175387 -0.26717466 9.5
-1.2614063 0.62907833 -0.26999807 5
-1.1856557 0.62737006 -0.27024797 1
-1.0071987 0.64745212 -0.29096797 10
-0.94266152 0.64340603 -0.24582343 11.875
-0.83033586 0.65079427 -0.2498989 15.909091
-0.76672822 0.65501595 -0.24852638 15.058824
-0.65571886 0.66111678 -0.24545552 13.75
-0.56045383 0.6661135 -0.24687386 13.2
-0.44161284 0.67638087 -0.25371441 13
-0.35006875 0.67395848 -0.2582216 12.857142
-0.24700835 0.67879528 -0.238594 12.538462
-0.15465108 0.681005 -0.24565396 12.25
-0.053970411 0.68596572 -0.25252506 12.909091
0.035047494 0.68776274 -0.24948598 13
0.15160702 0.69539684 -0.24983309 8.4285717
2.3544853 0.6236527 -0.2956208 7.5
2.5900075 0.65426749 -0.2573626 20.666666
2.6012242 0.6349768 -0.28252503 20.333334
0.14406602 0.70262927 -0.20619957 13.666667
0.29281765 0.78007358 -0.28895172 17
0.34401581 0.7900036 -0.24951796 16.583334
2.5824695 0.74966651 -0.24017426 20.375
0.38981566 0.84576094 -0.24847704 15.5
0.44498387 0.85267895 -0.24758184 16.833334
0.55880088 0.85746264 -0.25222328 15.090909
0.6487844 0.86719555 -0.24329323 15.363636
0.78006917 0.86797917 -0.2540248 15.928572
0.83564585 0.86958408 -0.24899456 13.45
0.93603384 0.86495906 -0.25225419 11.1
1.0678867 0.88492942 -0.26023287 6.0833335
1.1254148 0.89275205 -0.24541707 4.5999999
2.1625791 0.88458878 -0.28392744 43
2.2302012 0.89652753 -0.22886771 23
2.4826984 0.89038002 -0.25000155 10.5
2.5824676 0.85943615 -0.25761551 17.5
2.6003723 0.81323034 -0.29122409 16
0.876275 0.90268809 -0.20863494 8
1.1458869 0.90361619 -0.22308058 3.3333333
2.1637044 0.94192487 -0.25828889 11.909091
2.3575063 0.90434682 -0.20729911 27.5
2.5543725 0.90525675 -0.29539779 16
2.1542284 1.0027072 -0.23015597 1
2.8486533 2.2839553 -0.25815278 9.5
2.6828318 2.3349347 -0.22416374 20
2.7544322 2.3904946 -0.28631151 15
2.6891441 2.4514551 -0.29425174 17
2.7580392 2.4589739 -0.26321721 15
2.6192889 2.5007715 -0.21447399 80
6.5572996 5.097013 -0.23016328 7
2.4828167 -6.2744818 -0.19151759 8
2.34655 -5.0469961 -0.17396836 78
2.2701228 -3.8195562 -0.14167285 44
2.3009758 -3.2768617 -0.17262368 48
2.2903812 -3.1304307 -0.113572 44
2.2627463 -2.9492166 -0.14250059 46
2.2288909 -2.8190615 -0.19528025 40
-0.71829963 -2.4146104 -0.12680483 134
1.2408838 -2.3204432 -0.128352 26
2.1982822 -2.3593326 -0.11446576 60
2.2012122 -2.3026628 -0.16101539 55
2.3436394 -2.188355 -0.18833497 11
-0.86158258 -2.0886648 -0.10388026 150
2.2559402 -2.0108862 -0.13563347 53
2.2828884 -1.9808751 -0.11032017 63
2.3464882 -1.9834137 -0.15711446 51
2.4469757 -1.9621994 -0.11091853 49.5
2.5340805 -1.9479667 -0.17464608 32.5
0.041776784 -1.8494883 -0.15207087 126
2.6450901 -1.8669647 -0.12644504 25
2.7020023 -1.8507601 -0.18588273 5
3.5790329 -1.8278477 -0.10395259 27
-0.76027554 -1.725571 -0.10726368 0
3.2918277 -1.7805177 -0.14671654 5
3.4152679 -1.7942193 -0.12467231 7
-0.74223548 -1.6407434 -0.16592447 36.666668
-0.41874826 -1.6426724 -0.18830889 119
-0.38021418 -1.6267229 -0.17434451 108.5
-0.77368218 -1.5173316 -0.15903185 26
-0.41241509 -1.5359212 -0.13275425 2
-0.32097849 -1.5325756 -0.15278672 5.75
-0.26035056 -1.5301605 -0.13625413 8.8571424
0.12450169 -1.551548 -0.16709687 19.5
-0.62890148 -1.4490558 -0.14095981 6.3333335
-0.460343 -1.4330506 -0.1233837 27
-0.34731749 -1.4771152 -0.15661737 16
0.071226932 -1.4467067 -0.19633654 29
0.28202572 -1.4286282 -0.16935879 1
0.3440457 -1.4204571 -0.14222142 2.5
0.4583911 -1.4167938 -0.15507622 0.33333334
0.55454737 -1.4093776 -0.15066838 1.5
0.63043636 -1.4028759 -0.17918983 3
0.79571229 -1.4000355 -0.14599673 0
-0.73776561 -1.3717798 -0.10512194 4
-0.63381958 -1.3877764 -0.18625882 6.5
-0.54145467 -1.3434078 -0.1637906 6.8571429
-0.48357987 -1.3839384 -0.18307614 6
0.27177891 -1.3577719 -0.18533221 5
0.56475109 -1.3908296 -0.13329719 4.25
0.62700737 -1.3949515 -0.1450372 2.5999999
0.74809188 -1.3736387 -0.12045392 2.6666667
0.85454106 -1.3825493 -0.16796796 1
0.91822988 -1.3679849 -0.1265226 2
-2.0048645 -1.2575995 -0.11535092 49
-1.9662704 -1.2644405 -0.12374272 34.599998
-1.8416026 -1.2521408 -0.12778649 41.625
-1.7760091 -1.2623744 -0.14104646 10.5
-1.6948749 -1.2435514 -0.1452401 0
-1.5118303 -1.226967 -0.15923266 4.1666665
-1.4863098 -1.2197487 -0.11271662 4
-1.2196114 -1.2504281 -0.14965518 3.2
-1.1749234 -1.2593157 -0.13960224 7.25
-1.0404022 -1.2536204 -0.12441827 2.5
-0.93846279 -1.234599 -0.14593266 9.272727
-0.84109968 -1.2536172 -0.1611605 16.285715
3.174829 -1.0660118 -0.16670942 154
2.4105585 -0.83153456 -0.13236213 6.3333335
2.6684139 -0.89614087 -0.14559396 3
2.7174239 -0.81686413 -0.11845408 40.5
2.9856329 -0.89855886 -0.19927812 4
3.3521447 -0.84642553 -0.18262599 6
2.757127 -0.7726841 -0.10443528 57
2.3526874 -0.58433867 -0.12492472 30
2.6427147 -0.55929673 -0.12052449 20.666666
2.6662524 -0.496806 -0.1100072 11
2.7750993 -0.48750263 -0.11167541 16
2.8855455 -0.43848649 -0.10870687 27.333334
2.8946838 -0.34906158 -0.10206971 29
-0.32545981 -0.1432263 -0.12914978 1
-0.26547596 -0.13412809 -0.15347549 0.73333335
2.8922796 -0.13552505 -0.10113555 31
-3.7606635 -0.040547065 -0.19454291 17.5
-0.27353519 -0.092351511 -0.13127404 0
2.8794453 -0.048084885 -0.10607726 30.666666
-3.7968574 0.04983801 -0.19416919 31
-0.28192097 0.095040783 -0.12382571 0
2.8744175 0.052632332 -0.11738199 41.666668
-0.34226668 0.15629777 -0.13616191 1.1346154
-0.28517917 0.15546811 -0.17554198 0.75
0.35549498 0.12939778 -0.19787404 1
2.6556084 0.18380763 -0.1302003 113.5
2.8551996 0.13489002 -0.12989524 61.5
-0.44079113 0.25001276 -0.19243568 1
2.5948477 0.25036323 -0.14375468 59
2.8604724 0.27770573 -0.10447469 28
-5.4182792 0.39471179 -0.11050437 16
2.5912416 0.35941368 -0.16582577 24
2.8583412 0.34627363 -0.12343613 32.333332
2.5846822 0.44670954 -0.16892901 24.5
2.7810817 0.40133324 -0.13998133 11
-3.0306065 0.52342743 -0.17682028 37
-2.8428776 0.53507632 -0.17073047 41
-2.6731639 0.54266721 -0.16464457 42
-2.5112045 0.54722703 -0.15938297 41
-2.3911374 0.55762655 -0.15757136 41
-2.2705793 0.56304753 -0.15487164 41
-2.1676974 0.57038707 -0.15362492 41
-2.0761819 0.57668382 -0.15322383 37
-1.9465296 0.58410656 -0.15234418 43
-1.837401 0.59244859 -0.15345129 52
-1.7644502 0.59367949 -0.1538797 42
-0.50041598 0.59946215 -0.1235698 10
2.5840418 0.53058767 -0.18997064 21
2.6154723 0.59993428 -0.14329375 9
2.8499892 0.53534198 -0.11140586 23.666666
-5.4523149 0.60258633 -0.11174059 34
-5.0281324 0.64722139 -0.10577555 23
-1.7120451 0.6028294 -0.1563465 10
-1.6518569 0.60601085 -0.15792258 10
-1.5628107 0.6067853 -0.15942746 11
-1.4437807 0.61612117 -0.14957327 10.75
-1.3503125 0.62707061 -0.1364084 10
-1.2547965 0.63192016 -0.15795866 8.8000002
-1.1642601 0.63496292 -0.15605822 5.8000002
-1.0916245 0.63956994 -0.14196554 1
-0.95168084 0.64613628 -0.15815338 13.357142
-0.87293887 0.65091312 -0.14573506 13.894737
-0.76125294 0.65330654 -0.1502063 14.105263
-0.65309423 0.6588043 -0.15320775 13.2
-0.55913895 0.66918832 -0.14183271 12.444445
-0.44425952 0.67808193 -0.14953417 11.545455
-0.35446543 0.67796147 -0.17045027 12.25
-0.26426366 0.67999178 -0.16018757 12.454545
-0.16077648 0.68163151 -0.15930369 12.090909
-0.053827494 0.68790287 -0.16696167 12.142858
0.05169386 0.69378781 -0.14554448 13
0.1160616 0.69424605 -0.18661337 13.5
2.5735385 0.64626527 -0.16392566 18.666666
2.8234191 0.61115777 -0.13912955 20.5
-5.2341032 0.77538705 -0.11443786 22
-0.0076037585 0.70240933 -0.1079518 13
0.043928161 0.70235437 -0.13600922 13.5
0.11102233 0.70309567 -0.17733002 15
0.3814601 0.79948646 -0.19808114 15
2.5801802 0.74223423 -0.19319406 19.5
0.39167589 0.85208285 -0.1890232 16.5
0.45249459 0.85840762 -0.15117453 16.428572
0.54540938 0.85993534 -0.14504403 16.09091
0.65079445 0.86602598 -0.15569259 14.909091
0.74986446 0.87374431 -0.14762333 15.90625
0.87337017 0.86915368 -0.15575604 13.916667
0.9427011 0.88040757 -0.14736409 7.75
1.0361837 0.87614381 -0.1512305 12.5
1.1724966 0.89827478 -0.18685412 4
1.2466158 0.89566714 -0.14557929 8
2.2867031 0.87876588 -0.10625648 7
2.3587065 0.87644732 -0.13546064 11.75
2.4574111 0.87765533 -0.18201005 13.666667
2.5796611 0.85748833 -0.14771555 12.333333
2.8259635 0.87406027 -0.11238702 21
-5.4828405 0.91936874 -0.12608577 17
0.93894601 0.90153873 -0.16465823 8
1.0003633 0.9009307 -0.10796118 8
1.1924009 0.90447098 -0.18614098 8
1.2384156 0.9076966 -0.14897162 6.8888888
2.15364 0.95931292 -0.11209873 40
2.456466 0.90709752 -0.18949103 27
2.540102 0.91329789 -0.17816029 46
2.7017827 0.91669565 -0.15255006 11
2.8172359 0.92795897 -0.14105392 26
2.147238 1.0309116 -0.15227996 4
2.7854614 1.4057804 -0.19380292 11
2.7522957 2.2965772 -0.13241941 30
2.822298 2.3441269 -0.17633159 9
2.6669171 2.4350939 -0.16043332 39
3.5419164 2.4246285 -0.14099126 0
2.6886425 2.5270166 -0.10957307 23
6.4813027 5.1315699 -0.13593002 3
2.4406505 -5.5222688 -0.094561949 23
2.3437629 -5.2170997 -0.069022432 26
2.4152977 -5.144259 -0.0022252323 37
2.2698092 -3.9359922 -0.062541924 44
0.88075334 -3.2131836 -0.054434646 150
0.46421641 -3.0279047 -0.071702376 63
2.2457356 -3.0742872 -0.022627395 41
2.260118 -2.9904704 -0.071123138 43
2.2767463 -2.865294 -0.050664186 52.5
0.41666633 -2.7298172 -0.0086511122 4
2.2673888 -2.730907 -0.042972904 59
-0.73464966 -2.4181216 -0.037093397 132.66667
-0.67596507 -2.4211287 -0.081096813 128
2.2040663 -2.4602809 -0.041372389 57.5
-0.87930793 -2.1186321 -0.015084003 16
-0.098175578 -2.0058403 -0.033354264 8
2.1721878 -2.0219302 -0.02346715 83
2.202563 -2.0152466 -0.066692591 72
-0.82745498 -1.9456011 -0.047780048 4
2.3675604 -1.9667281 -0.049993545 68.666664
2.443867 -1.9548708 -0.055452425 48.333332
2.5623176 -1.9275755 -0.033471152 23.333334
-0.14698061 -1.8527884 -0.046780717 5
2.590405 -1.8811619 -0.067070052 47
2.7490177 -1.8438164 -0.020805869 17.5
2.8577085 -1.8448565 -0.04247972 6.5
2.9762511 -1.8451903 -0.029335335 4.5
3.3754675 -1.8051866 -0.047339398 6
3.4768865 -1.804587 -0.022404727 15
3.675313 -1.8163232 -0.077686444 5
3.7803426 -1.8050393 -0.053975482 8
-0.86082828 -1.7786567 -0.027419277 6
3.8528321 -1.7728126 -0.028375108 18
3.9217668 -1.7365942 -0.0034352513 10
-0.81425107 -1.6248091 -0.070342347 1
-0.5281626 -1.6134553 -0.064270377 5
-0.15544745 -1.6659399 -0.024444249 4
0.54949713 -1.6608975 -0.025323581 22
1.0102813 -1.697396 -0.0067437785 23
-0.77892989 -1.5679754 -0.075646915 6
-0.5389874 -1.5613791 -0.072935365 4
-0.4403837 -1.5153464 -0.0545232 3.3333333
-0.33750182 -1.5111619 -0.034423996 4
-0.26857233 -1.5311677 -0.05773453 5
-0.19082308 -1.5639076 -0.019772004 5.5
-1.4192381 -1.4613701 -0.02084529 2
-0.76864934 -1.4312142 -0.070463784 17.666666
-0.40958875 -1.4566561 -0.089805722 14
-0.36840528 -1.447275 -0.092518926 16
-0.29697412 -1.4937141 -0.011112255 1
0.3372559 -1.4193217 -0.047327023 2
0.45033997 -1.4080733 -0.035728455 1.25
0.57580066 -1.4026219 -0.080860354 3
0.61152077 -1.4027531 -0.044455703 4
-2.4551492 -1.3039541 -0.016609933 27.5
-2.3232479 -1.3047659 -0.034727208 66.5
-2.2320049 -1.3046911 -0.050003525 50
-2.1654341 -1.3025202 -0.066492923 10
-1.317343 -1.3733052 -0.027869307 2
-1.2432135 -1.3408886 -0.050882693 1.3333334
-0.77738434 -1.3328673 -0.024725026 10
-0.65059334 -1.3447046 -0.08784771 37.333332
-0.45921278 -1.3209395 -0.084861182 3
0.27227521 -1.3732588 -0.057583105 3
0.44346505 -1.3988323 -0.078415886 4
0.54976016 -1.3819332 -0.054901876 2.5714285
0.6570822 -1.3912627 -0.062223297 5.5999999
0.7335211 -1.3901981 -0.052479792 3.5999999
0.88164639 -1.3798287 -0.039627582 3.5
0.92439789 -1.3562769 -0.058408167 0.66666669
1.0171053 -1.3763385 -0.011957665 0
-2.3823607 -1.2938554 -0.012405065 27
-2.2436571 -1.2975577 -0.051510405 49
-2.1041245 -1.2983221 -0.078164279 10
-2.0308988 -1.2785827 -0.082180329 29.25
-1.9873732 -1.2453892 -0.024384413 21
-1.8535058 -1.2567338 -0.048361059 56.875
-1.539151 -1.2362667 -0.060676038 7.5
-1.4862199 -1.223683 -0.060446795 3
-1.2083379 -1.2462461 -0.081339821 2
-1.1669555 -1.2207791 -0.03438288 1.75
-1.0319449 -1.2291665 -0.080408268 2
-0.85399562 -1.2269207 -0.041181762 19.4
-0.78421849 -1.2952712 -0.036654558 12
-0.52925724 -1.2710639 -0.093296245 2
2.6977315 -0.87262011 -0.099545911 29
2.7398829 -0.83232689 -0.083868414 5.5
2.8563056 -0.81683558 -0.07250078 3
3.2521298 -0.81291413 -0.075544618 49.5
2.4153714 -0.78949541 -0.095797062 8
3.3403974 -0.7596367 -0.087703526 2
3.4415429 -0.78062141 -0.037762161 6
2.3991752 -0.61907011 -0.048358653 130
2.3454654 -0.58184546 -0.057970464 32.5
2.4063966 -0.58135712 -0.07168521 23
2.525197 -0.56249595 -0.029480454 3
2.895874 -0.55383104 -0.016670901 27.666666
2.9064608 -0.55854309 -0.060439713 24.5
2.8927798 -0.45701623 -0.03082642 23.200001
2.8901651 -0.33994028 -0.040563617 24.666666
2.8890958 -0.25298661 -0.07449346 28.6
-0.31175816 -0.1504572 -0.077776842 0.84615386
-0.25934106 -0.15136114 -0.048598807 5.0784316
2.8808172 -0.15995964 -0.055135299 24
-3.761795 -0.036926031 -0.085815102 20
-0.26935694 -0.065834522 -0.084966436 0
2.8704364 -0.040335931 -0.047992054 23.333334
-0.36031204 0.099432513 -0.065791309 0
-0.27327916 0.061946429 -0.092858359 0
2.8585773 0.05810722 -0.027163174 31.200001
-3.8614373 0.13476908 -0.079099655 19
-0.4050073 0.15228128 -0.087413147 1
-0.34729767 0.15548463 -0.056938816 1.4782609
-0.26965833 0.15713121 -0.013973092 8.8064518
2.8568583 0.15184295 -0.046569858 26
-3.8328462 0.20390584 -0.076013669 25
2.8533516 0.2379899 -0.063139461 24.25
2.8418083 0.3338581 -0.053478707 24.666666
-4.9259152 0.44964439 -0.099504367 95
2.8476918 0.43495926 -0.080464713 23.333334
-2.9567337 0.52925724 -0.068213448 30
-2.760679 0.54099345 -0.067670032 31
-2.5709839 0.54770106 -0.067651749 34
-2.4145751 0.55528879 -0.067148089 30
-2.2845187 0.56476355 -0.068373561 32
-2.1694338 0.57317513 -0.070450172 33
-2.0649509 0.58055443 -0.072439298 32
-1.9628836 0.58391875 -0.074228197 33
-1.8400261 0.5933342 -0.079083174 40
-1.7265921 0.60071671 -0.083660707 38
-1.6360466 0.61050522 -0.08927042 9.5
-1.5313144 0.6083588 -0.093367204 10
-1.4813917 0.61350644 -0.097761407 10
-1.3245875 0.63052982 -0.00093977613 10
-1.2617931 0.63014936 -0.012051675 13
-1.1507077 0.6303404 -0.033624589 11.5
-1.0813383 0.63891804 -0.052150782 2
-0.95008236 0.64995915 -0.047350552 14
-0.87113911 0.65124297 -0.052470464 13.846154
-0.76018578 0.65329307 -0.051510416 13.363636
-0.64175445 0.6602937 -0.049105611 12.5
-0.54775703 0.66794264 -0.045433007 12.047619
-0.44488212 0.67192525 -0.039205793 11.666667
-0.3542245 0.67791414 -0.055894256 11.714286
-0.2699388 0.68485898 -0.053087898 12.142858
-0.02925483 0.68583798 -0.088264696 11.333333
2.8272915 0.64492261 -0.011210468 33.5
2.8212814 0.73822927 -0.050243676 20.333334
0.48728609 0.86257225 -0.09002535 17
0.55216146 0.87012702 -0.056338303 17.733334
0.66017276 0.87472594 -0.045842879 16.299999
0.73224086 0.87717277 -0.05399384 16.291666
0.83735847 0.87689 -0.049257547 15.791667
0.96615267 0.8697294 -0.04526443 13.9
1.0527407 0.89002341 -0.060148858 10.75
1.1453545 0.89106423 -0.032376461 10.444445
1.2168018 0.89490229 -0.070880853 9
2.170033 0.87577438 -0.036191329 1.5
2.2438941 0.87713593 -0.073368244 5.8000002
2.3735104 0.87965095 -0.027105853 5.5
2.469692 0.8821665 -0.071038522 11
2.8240845 0.81513816 -0.08423768 19
1.0494622 0.9089306 -0.06509088 8.1999998
1.1923525 0.90011317 -0.031664077 10
2.1706438 0.90953612 -0.083330944 51.5
2.2476199 0.90698463 -0.064799361 34
2.3457801 0.91250396 -0.046603326 38.5
2.4510353 0.91606104 -0.02706014 43
2.5296943 0.92047012 -0.013211724 41
2.1389275 1.0381457 -0.041825555 10.75
2.524857 1.5060049 -0.0024426887 0
2.6304827 1.6437061 -0.089742243 0
2.6912019 2.2989323 -0.04375362 31
2.722374 2.2629831 -0.003971708 19
2.6982417 2.3500218 -0.060282379 27.5
2.7659945 2.3539593 -0.087497994 16
2.6249275 2.5557318 -0.014977795 30
2.705471 2.6014993 -0.066866755 8
6.5947256 5.3317823 -0.047080476 17
2.3524015 -5.4331288 0.040524639 20
2.464828 -5.0052295 0.081751987 131
2.2718639 -4.0663896 0.02111572 40
2.2447798 -3.1536496 0.041728429 40
2.2634895 -2.7463367 0.03639809 58
2.2416975 -2.6252007 0.057343978 57.666668
2.2293251 -2.5314853 0.039571639 61
-0.72122991 -2.415185 0.032675974 136.5
-0.65846276 -2.4134879 0.040369593 136
-0.80302119 -2.3938425 0.01475432 134
0.29989588 -2.3620737 0.079244018 32
2.2395 -2.392756 0.080570422 74
0.56161892 -2.2323754 0.061936744 69
2.1380763 -2.0449262 0.040796749 47.5
3.0980933 -2.0458672 0.09925238 1
-0.7403037 -1.9575077 0.038883615 99
2.331069 -1.9705169 0.041790985 69
2.4928923 -1.9525914 0.052118409 37
2.5614398 -1.9581213 0.034788046 30.666666
2.6014116 -1.9290479 0.075421728 4
2.7299654 -1.936637 0.076458901 5
2.9522164 -1.9864191 0.067851119 20
-0.80137575 -1.8015076 0.077871844 7
-0.76117468 -1.8994045 0.063241974 4
2.7182925 -1.8829776 0.037355311 24
2.8401434 -1.8511027 0.033620875 13
2.9687092 -1.875772 0.042733565 7.5
3.691731 -1.8359525 0.017026864 17.5
-0.76110005 -1.7213755 0.062755987 5.5
3.7598786 -1.7728176 0.05661156 34
3.8471036 -1.7522517 0.082940467 22
4.037405 -1.7212859 0.020796087 29
4.1926885 -1.7208968 0.045832507 11
4.3217649 -1.7025591 0.070540816 12
-0.53909856 -1.6433649 0.0040640114 4
-0.46690089 -1.6029105 0.061787821 24
-0.35641718 -1.6075051 0.060663432 11.5
-0.27671242 -1.6243745 0.03421475 1.3333334
0.35367361 -1.6357795 0.072929576 0
0.51237452 -1.6036253 0.0070238328 75
4.4805765 -1.6931593 0.096200056 12
-0.77716935 -1.5007949 0.040789247 12
-0.42254797 -1.5696697 0.037560683 16
-0.34509662 -1.570904 0.056155089 16.571428
-0.25429413 -1.5545678 0.028600313 19.25
-0.188876 -1.5719047 0.014902494 4
0.3370955 -1.553521 0.029704487 9.333333
0.42971021 -1.5481751 0.022827085 16
0.58978504 -1.547182 0.07121364 0
0.6840632 -1.5163438 0.014633995 14
0.36322182 -1.4882517 0.077450775 4.5
0.4581731 -1.4505879 0.05239312 11.4
0.52638251 -1.4669113 0.061271463 12.5
0.64687151 -1.4247092 0.078475274 11.333333
0.754116 -1.4747766 0.040113006 11
0.8375138 -1.4596778 0.067748733 5
0.93326712 -1.4692513 0.042800926 0
-3.1584854 -1.302346 0.089208655 36
-3.0444481 -1.3111266 0.07116577 5
-2.9470799 -1.3163995 0.074623309 5
-2.7986913 -1.306625 0.036338314 5
-2.4951961 -1.306059 0.0076612933 20
0.29790315 -1.3764771 0.010151218 16
0.36034027 -1.387414 0.0027154787 0
0.45851725 -1.3968419 0.0074776849 2
0.6557467 -1.3672779 0.0029040528 1
0.75660694 -1.3650949 0.0096017895 1
0.87673008 -1.381361 0.042125061 11
1.0334712 -1.3470994 0.010995875 3
-2.7501905 -1.2723453 0.070268668 30
-2.6502039 -1.2812487 0.034258813 73
-2.5704207 -1.2931422 0.016124401 60
-1.983351 -1.2390723 0.052540287 51.5
-1.8398598 -1.238075 0.049219757 58.57143
-1.5272093 -1.2227262 0.041867372 43
-1.4706163 -1.2096655 0.085602798 43
-1.2287004 -1.2408197 0.063551992 3
-1.171625 -1.2241894 0.032460168 3
-0.92420965 -1.2127209 0.084497347 14.142858
-0.85716194 -1.2260292 0.044620752 16.76923
-0.79981995 -1.2769785 0.013345613 12
2.4931922 -0.74713039 0.070294894 1
2.5123622 -0.71605957 0.079088539 6
2.5506668 -0.68994516 0.089702882 7
2.3488662 -0.58334315 0.087766036 35
2.4013028 -0.56520587 0.096756063 16
2.8811243 -0.36232224 0.0036720822 25.333334
2.8692648 -0.25162911 0.0086937882 26
2.8634796 -0.14429565 0.008947256 33.333332
-0.30049932 -2.4886172e-06 0.094681151 0
-0.26265815 -2.9840186e-05 0.034231205 0
2.8545597 -0.038357701 0.0038313621 36.333332
-0.32273763 0.0014715549 0.093184106 0.32833877
-0.26998729 0.00098370912 0.0059685605 0.19854721
0.57649577 0.0035176401 0.0075484989 0.27500001
0.60200894 0.00035044472 0.0042387787 0
-0.31053728 0.1039223 0.0074522523 0
-0.25738391 0.16102542 0.0083522825 6.1333332
3.10116 0.44321814 0.078599155 26
-1.9773496 0.58725226 0.099197246 45
-1.8565483 0.59650671 0.083115339 54
-1.7379476 0.5997566 0.067350313 46
3.0958147 0.55012566 0.047596209 26
-1.6409941 0.60645258 0.053325277 11
-1.5520782 0.61112779 0.039855391 12
-1.4486139 0.61989909 0.041093983 10.75
-1.3604239 0.62634683 0.055473775 10
-1.2505016 0.63492864 0.055841196 9
-1.1428916 0.6325869 0.033065017 10
-1.0479174 0.640499 0.04291451 10.2
-0.94768101 0.650168 0.050947051 14.230769
-0.86319369 0.64936322 0.041358948 14
-0.75758576 0.66146237 0.054692138 13.0625
-0.65377623 0.66251987 0.041472778 12.666667
-0.55068976 0.66648227 0.05271681 11.8
-0.4445478 0.67270207 0.052010816 11.444445
-0.36347631 0.67856067 0.046913758 12.818182
-0.27861702 0.68363082 0.039722383 12.25
3.0654635 0.62798578 0.018860474 53.5
0.57990646 0.87404025 0.006873955 17.5
0.65538192 0.87444657 0.048782889 16.972221
0.75802797 0.87932777 0.049831532 16.043478
0.84389836 0.87730604 0.061410714 15.083333
0.93473363 0.88159633 0.041409999 14.238095
1.0485268 0.88637495 0.069336317 12.125
1.1362042 0.89039218 0.030632416 10.888889
2.2517855 0.86859673 0.024098404 0
2.3045845 0.87563509 0.003785084 2
3.065176 0.87039465 0.096002877 25
1.1810488 0.90400934 0.039170075 11.333333
1.2350203 0.91991073 0.062471002 9.6000004
2.1632836 0.93571943 0.024007125 66
2.2450759 0.91388977 0.060800321 44
2.32111 0.9200303 0.081385687 46
2.6274352 0.92995006 0.0010634951 37
2.7153018 0.93239689 0.015525888 28
2.8265059 0.94094282 0.031767942 23
2.9483209 0.95053118 0.048577599 22
3.0653872 0.93368703 0.074182898 32
2.3994246 1.4346673 0.09966509 3
2.5998254 1.5924751 0.024931889 3
2.6543353 1.6649027 0.055950232 4
2.7528269 2.2260323 0.035116341 1
2.6591845 2.3415389 0.037289646 52.5
2.5959685 2.5710962 0.032022122 17
6.5945902 5.4326429 0.04946873 20
7.8838105 5.9447241 0.021119807 20
1.2374362 -6.1645088 0.19119953 3
2.4404883 -5.0409975 0.14439717 85.5
2.6001639 -5.0037975 0.10718048 5
2.5589466 -4.9901867 0.16566762 76
2.2529886 -3.3332481 0.17981017 38
2.2443559 -3.2339742 0.10966034 42
0.45825034 -2.7742045 0.10034419 9
2.2139318 -2.698364 0.14850412 56
2.2492967 -2.5277386 0.11825564 65
-0.73322141 -2.4156656 0.15433837 128.5
-0.66963112 -2.4146476 0.14880134 134
2.2258296 -2.3578968 0.17230172 81.5
-1.0124502 -2.2311749 0.15561418 26.5
-0.95570415 -2.2203712 0.15007296 73.5
2.1772232 -2.2150235 0.13194324 53.5
-0.91926032 -2.181571 0.16813964 97
2.1563406 -2.1212978 0.12478796 38
3.0072155 -2.1662447 0.19478039 36
-0.95543641 -2.0785768 0.15770483 147
2.1807711 -2.0587506 0.17556232 50
2.2406652 -2.0216987 0.19068585 50
2.7624564 -2.0102031 0.11668098 8
3.0458097 -2.0839717 0.14388262 6
-0.83786529 -1.9155207 0.11790124 5
2.2692747 -1.9895855 0.1265817 63.5
2.448091 -1.96684 0.15101969 50.5
2.6862245 -1.9831541 0.15777376 5
2.8630192 -1.995142 0.14836872 14
-0.88226968 -1.8330359 0.18998505 3
3.1188045 -1.8997113 0.19965652 7
3.9413989 -1.7316622 0.10918344 10
4.0732484 -1.7269254 0.13724773 11
4.1987014 -1.7152172 0.16461508 11
4.3362036 -1.7044476 0.19396779 11
-0.44003373 -1.640227 0.1474373 60.200001
-0.35749662 -1.6274623 0.15369342 73.5
4.6521363 -1.68273 0.1230606 10
-0.44791111 -1.5962909 0.16600233 33
-0.32627374 -1.5884322 0.13730317 14.5
0.57783276 -1.5071295 0.19981299 1
-0.80671197 -1.4288394 0.1681862 1
0.37340078 -1.4415808 0.19407944 7
0.46436852 -1.4628041 0.1445144 6.5714288
0.5628643 -1.4473156 0.14433791 21.75
0.64249384 -1.4312221 0.14043917 26.200001
0.76816732 -1.4576589 0.15595825 3.8
0.85750586 -1.4460933 0.14054589 10.75
0.92814195 -1.4132453 0.16882876 12
1.0216964 -1.4110498 0.15726398 5.3333335
1.1173781 -1.4138236 0.16158327 16
-3.2225482 -1.3053154 0.14587301 9
-3.0863533 -1.3100736 0.12126599 16
-1.280938 -1.3816115 0.11528219 7
-0.8002575 -1.3377613 0.17755355 1
-1.9857591 -1.2305918 0.15495563 51
-1.8385873 -1.2293949 0.14646564 57.25
-1.7522237 -1.2485399 0.19004884 58.5
-1.6685505 -1.2475426 0.16008745 49.5
-1.5589646 -1.2308223 0.13164024 38.5
-1.4811178 -1.2170237 0.15262693 42.666668
-1.2457111 -1.2192874 0.17340741 7
-1.1448702 -1.206836 0.17974775 20
-1.0498857 -1.2067437 0.15359333 11.5
-0.94644433 -1.2111112 0.13382174 15.5
-0.84441662 -1.2490908 0.15998355 32.25
-1.2270757 -1.1937504 0.17196712 61
-1.1589432 -1.1987753 0.16573748 14
-1.0690386 -1.1984384 0.16634151 11
2.7982912 -0.78690386 0.17400743 9
2.6698747 -0.62320077 0.18742584 150
2.8135049 -0.65129989 0.12417791 79
3.0883212 -0.68267936 0.14662753 29
3.4084384 -0.66293138 0.1780875 34
2.3602955 -0.59666771 0.14776537 60
2.4268601 -0.58431792 0.15957445 155
2.7908649 -0.55929524 0.13560472 10
3.09325 -0.54059303 0.1638217 35
3.1463203 -0.50345862 0.17062184 27
3.1441116 -0.43193853 0.17469481 29.5
3.1499887 -0.33789781 0.1789213 52.5
3.1570125 -0.24547082 0.17906958 69
3.148623 -0.15198201 0.17575777 103.5
3.127799 -0.060029432 0.16876373 121
0.57959569 0.0049995296 0.1175587 0.028106509
0.6090095 0.0011805441 0.11356512 0.011131725
3.1110828 0.051417381 0.15622066 142
3.1077595 0.16138144 0.14086446 111.5
3.0968096 0.22633287 0.12882957 33
3.1015317 0.27032441 0.12084093 26
3.1018472 0.33528823 0.10578896 27
-2.7584639 0.54649925 0.18854573 43
-2.5734453 0.55292535 0.16885324 40
-2.4222724 0.56027097 0.15242299 45
-2.2907932 0.56756371 0.1370679 41
-2.174849 0.5748226 0.12362743 40
-2.0713844 0.58105099 0.11128185 43
-1.9417874 0.59175581 0.18603696 34
-1.8486024 0.59793741 0.1707561 46
-1.7634536 0.6020959 0.15604645 34
-1.6557111 0.611287 0.13644224 10
-1.5459995 0.61249578 0.11802402 10
-1.4830329 0.61460239 0.10609874 10
-1.338847 0.63134414 0.19043799 10
-1.2468861 0.63107908 0.16378152 12.666667
-1.1285213 0.62966418 0.15270963 11.666667
-1.0633595 0.63350523 0.14226574 12.75
-0.95828199 0.64977789 0.14814436 14.736842
-0.88859457 0.6514284 0.14790034 14.071428
-0.77079082 0.65482855 0.14578348 12.705882
-0.65020514 0.66217208 0.14755341 12.625
-0.55285561 0.66921532 0.15355194 12.65
-0.45013216 0.67378169 0.15072091 12.541667
-0.35335556 0.67928511 0.13850322 12
-0.26735544 0.68403894 0.14758344 12.142858
3.1324775 0.67827958 0.16419223 82
3.2345901 0.66080213 0.1815009 148
3.3303626 0.6393103 0.19963194 35
3.0694227 0.74512643 0.13627343 26.666666
0.58123845 0.87773424 0.16514193 18.428572
0.63824433 0.87724578 0.14449733 17.142857
0.74489135 0.87985271 0.14579394 16.304348
0.85355467 0.87835664 0.15077728 14.761905
0.94884044 0.8872202 0.16702047 14
1.0495921 0.88673168 0.13818015 12.875
1.1106614 0.89359814 0.14524752 11.333333
3.0676181 0.82853478 0.10980794 25
1.0916054 0.90096682 0.17838019 13
1.1353401 0.90891242 0.19472703 10.5
1.244637 0.90908694 0.1456434 8
2.157465 0.9825651 0.19507121 87
2.399281 0.92417461 0.1026437 48
2.48172 0.92732686 0.12524283 51
2.5790374 0.93450367 0.14969735 46
2.6848648 0.94069445 0.17541875 42
2.138082 1.0472707 0.15328133 14
2.1795835 1.1247787 0.14537282 10.5
2.2349596 1.1647785 0.17498173 7
2.2541499 1.2186961 0.16281289 9.5
2.3108943 1.3224579 0.1142586 7
2.6361406 2.3749969 0.10862031 50
2.6271904 2.4043324 0.15733513 46
3.3976417 2.5915265 0.13225697 1
3.4337082 2.6740947 0.18083981 33
7.2863321 5.5515919 0.14242302 22
2.5601907 -4.9645815 0.2699528 85
2.6466837 -4.9551454 0.24898556 85
2.3441184 -4.0172238 0.27116111 42
2.2568099 -3.4274831 0.25538883 39
2.2213185 -2.8454361 0.27245152 48
-7.0172629 -2.7638378 0.26941177 31
-6.6528025 -2.750041 0.22529335 30
2.2180352 -2.7729135 0.20846425 52
-0.81088006 -2.4219048 0.24949974 128
-0.73123777 -2.4150283 0.23768547 128.25
-0.67505926 -2.4135597 0.26577112 132.66667
-0.85006303 -2.3711021 0.24246545 3
2.2055838 -2.3269091 0.22551194 69
2.2791767 -2.2616239 0.24458188 131.5
3.0570734 -2.2790108 0.2662642 84.5
3.1541605 -2.2539606 0.25567544 86.5
-5.7596817 -2.132184 0.24347639 17
2.801264 -2.1363931 0.20457339 15
2.1830759 -2.0197494 0.27400708 37
2.2713346 -2.0966449 0.21569297 66
-5.6747251 -1.9857886 0.26253855 56
2.1651809 -1.9695245 0.26742318 43.666668
2.2293878 -1.9306579 0.25174284 24
2.3368521 -1.9427552 0.24914622 46.333332
2.5464542 -1.949883 0.25664648 58.5
3.2403963 -1.9154708 0.23647137 25
3.4357331 -1.9781104 0.28055662 15
-5.6420093 -1.8624817 0.28282121 62
0.51797676 -1.7139772 0.25425535 1
-0.51520073 -1.6069461 0.22925881 7
-0.41995999 -1.650601 0.21187529 57
-0.32523227 -1.6415714 0.20262288 13
4.4751053 -1.6896732 0.22326499 12
4.6274533 -1.6758468 0.25311646 13
4.7840457 -1.6579922 0.28429216 4
-0.41845059 -1.5923896 0.24333361 27.5
-0.3229177 -1.580616 0.24385333 9
0.32931575 -1.5085856 0.26511645 8
0.41363353 -1.5179011 0.28976285 3
0.55367607 -1.5110145 0.24915475 4.5
0.61572081 -1.5026548 0.23643658 10
0.84215957 -1.5060853 0.23993643 0
0.966003 -1.502275 0.29347101 8
-0.80927038 -1.4020803 0.27623567 1
0.36043587 -1.4771624 0.26457155 6
0.44097632 -1.4735662 0.22686231 2.8
0.57529175 -1.4948106 0.25471187 6
0.75016093 -1.4520614 0.2437371 2.75
0.85696608 -1.4472795 0.23383121 2.75
0.97354698 -1.4340101 0.2413895 5.6666665
1.0750932 -1.4782965 0.2713275 13.25
1.1054809 -1.4505101 0.21039949 3
-0.82707667 -1.3320806 0.29185563 31
-4.5076246 -1.210148 0.26650035 52
-2.1068938 -1.2730517 0.29152897 56
-2.0314176 -1.2552857 0.25395349 30.75
-1.9320995 -1.2554613 0.25934419 60.166668
-1.8442061 -1.2448097 0.2357544 56.125
-1.6119665 -1.2442954 0.25967029 60.666668
-1.5346029 -1.2394514 0.25085104 62.75
-1.499657 -1.2303354 0.20754625 61
-1.2742305 -1.2322308 0.25287473 13.666667
-1.1850178 -1.2288026 0.24155581 10.5
-0.92237544 -1.2400438 0.25360063 17.333334
-0.87013721 -1.2607957 0.23679356 15.142858
-4.4968061 -1.1230267 0.27892649 67
-4.4155817 -1.0187349 0.28524956 43
-4.3992062 -0.93361455 0.29520351 69
2.8887329 -0.62515068 0.2166293 129.5
3.1656644 -0.62983572 0.25222984 16
3.0331681 -0.5533759 0.24519233 35
3.1032169 -0.52400774 0.25750038 33
3.3971281 -0.5346517 0.29152513 26
3.3856018 -0.4586336 0.29659581 27
3.3641658 -0.0016438818 0.29815245 29
3.3550129 0.06728103 0.29301047 32.5
3.352448 0.16019689 0.28437752 36
3.3480911 0.25158238 0.27330631 33
3.3451192 0.34395152 0.26008725 30
3.339292 0.43428326 0.24409413 28.5
-3.1115084 0.5106886 0.22646242 9
-2.9440167 0.53406578 0.20744875 49
-2.6093307 0.55336452 0.28628749 28
-2.4407134 0.56272191 0.26157519 33
-2.2959533 0.57303262 0.24072768 31
-2.1539452 0.57732785 0.21938129 33
-2.0452349 0.58554584 0.20214601 32
3.3453305 0.54989952 0.22128069 26.333334
-1.6696068 0.60811841 0.28907308 11
-1.5651284 0.6111998 0.25926995 11.5
-1.455389 0.62077445 0.22651608 11
-1.3644419 0.62815332 0.25625598 10.333333
-1.2641184 0.63854635 0.24960309 9.5
-1.1609746 0.63873798 0.24325055 11
-1.0296816 0.63725501 0.26438534 15.666667
-0.94728124 0.64979029 0.24747351 16.222221
-0.82181519 0.65219522 0.2655215 13.222222
-0.76972342 0.65376687 0.22287843 11.555555
-0.6516661 0.6640076 0.24783233 10.666667
-0.56336194 0.66988844 0.25314969 13.434783
-0.47257599 0.67284542 0.23807085 12.5
-0.35671091 0.67942905 0.24923629 12
-0.27055579 0.68430173 0.24267752 12
0.56965894 0.87719971 0.24934693 16.75
0.65785766 0.87748736 0.25111592 15.909091
0.76538199 0.87747067 0.24247336 16
0.84844106 0.88194716 0.24297537 15.470589
0.94239873 0.88587898 0.25189513 14.75
1.0281088 0.88680917 0.24787624 13.142858
1.1554854 0.89466822 0.2593368 11
1.0721467 0.91632575 0.29564521 8
1.1576838 0.90440255 0.22407162 9.666667
1.2414268 0.90676904 0.24832104 7.1666665
2.1561084 0.92922282 0.21426868 69
2.2303607 0.91824502 0.24292649 41
2.3445766 0.92447591 0.27844673 44
2.8062899 0.9509117 0.20369011 41
2.9504073 0.96516776 0.23580173 43
3.0938406 0.97242314 0.26864266 33
2.1462338 1.0446736 0.26235789 37.5
2.1934388 1.1087427 0.21765825 6
2.2295964 1.1776718 0.2587018 10.666667
2.2888918 1.2651839 0.27675241 10
2.3111608 1.2614479 0.22279659 9
2.3741689 1.3400252 0.2647199 10.5
2.3947515 1.4317551 0.24925041 7
2.4728847 1.5468309 0.23575851 2
2.5785484 2.4504511 0.25231835 20.666666
2.6146884 2.4286599 0.20660575 37
2.5653498 2.5712924 0.20028953 8
3.4225144 2.7124882 0.22945042 10
7.0901704 5.4787679 0.25332361 4
2.6564207 -4.9565721 0.35454085 84
2.331157 -3.9857247 0.35645878 38
2.3293953 -3.7972162 0.32231089 40
2.3202596 -3.6012073 0.36912194 48
2.2625048 -3.5256815 0.33409542 39
2.223747 -2.9189482 0.33825228 48
-6.9061856 -2.7782667 0.3690984 32
-0.94423121 -2.4106057 0.38337067 0
-0.8279804 -2.4185109 0.35625127 125
-0.73320973 -2.414027 0.35760927 129
-0.69505262 -2.4117703 0.36498284 129.75
2.207278 -2.4268861 0.33113074 47.5
-0.89064044 -2.3856435 0.34479365 4
-0.32885909 -2.3378718 0.3971782 150
-0.45445126 -2.2181711 0.34639987 5
2.9060776 -2.2026193 0.32628316 150
3.0614309 -2.2392943 0.32110271 150
3.5437424 -2.2160802 0.35876873 10
-5.7129846 -2.1543279 0.33588296 7
-0.46381482 -2.1389046 0.37475419 18.333334
-0.28687647 -2.1346004 0.3805587 85
0.59544164 -2.1895924 0.38830444 4
0.61929727 -2.1888471 0.35706875 4.5
0.73833472 -2.1556256 0.3430002 6
2.8292954 -2.1085875 0.39257997 27
3.6218374 -2.192451 0.3973555 27
-5.6749177 -2.0168955 0.36540329 50
0.76184666 -2.0113225 0.39861923 2
2.15627 -2.0633273 0.34233528 33.5
2.8278112 -2.0669498 0.34621093 31
3.7034388 -2.0796275 0.33475396 31
2.2497282 -1.9281604 0.3483935 34.5
2.3447318 -1.9125056 0.34599382 22.5
2.4490056 -1.9281361 0.33308575 45.5
2.5554004 -1.9232025 0.35703844 47
3.654835 -1.9636582 0.35595676 11
-5.6299162 -1.8794597 0.39270619 33
3.2320688 -1.8410953 0.37219238 16
3.5345566 -1.8088107 0.36632761 24
-5.6049547 -1.7412441 0.30031726 64
-0.79039502 -1.7515814 0.30513415 2
-5.6047516 -1.6321145 0.31839094 70
-0.79444897 -1.6555576 0.31334192 2
0.48945767 -1.6146544 0.38494474 2
0.52998871 -1.6341896 0.37294215 13
0.64579749 -1.6222559 0.37072217 11.5
0.75750959 -1.6187084 0.39358124 13
0.87843198 -1.6159743 0.35882628 5
1.078334 -1.6172674 0.39555639 9
4.9746218 -1.6480094 0.31654811 10
0.25992912 -1.5738106 0.3746002 6
0.3614364 -1.5030138 0.36806193 7
0.56950229 -1.5999187 0.35128573 24
0.65118015 -1.5987504 0.36647853 23.5
0.73939562 -1.5631022 0.35261321 10.5
0.80585849 -1.5917995 0.36112407 25.5
0.94964343 -1.5619489 0.35795379 19.333334
1.0646743 -1.5403396 0.34189701 12.666667
1.1667106 -1.5578375 0.36989266 33
-1.8506411 -1.4484078 0.38016665 4
-0.81366831 -1.4355017 0.33828118 1
0.34448567 -1.4883256 0.32788566 10.333333
0.44344586 -1.4782579 0.35767466 16
0.80433118 -1.4647548 0.30034301 6
0.99168015 -1.4900175 0.31857002 15
1.1094892 -1.4903795 0.32607707 12
-2.3989654 -1.3012862 0.37417325 57
-0.83190763 -1.3659763 0.35497656 1
-2.3432896 -1.2982419 0.39697215 70
-2.2612038 -1.2872088 0.35303944 53
-2.1492522 -1.2795407 0.34694925 28
-2.0712357 -1.2680019 0.32560983 31.5
-1.9598545 -1.2483032 0.35753876 56
-1.8718938 -1.2501422 0.35803509 62.333332
-1.6289746 -1.2442917 0.31229815 53
-1.5348046 -1.2485604 0.32487354 22
-1.4409915 -1.2523154 0.33733156 14
-1.3963155 -1.2523549 0.3160502 16
-1.2280993 -1.2427789 0.34446877 15.6
-1.0603234 -1.2358849 0.36739752 6.6666665
-0.9466837 -1.2460943 0.35697055 16.200001
-0.87499297 -1.2680758 0.34047779 31
-4.4563394 -1.1894851 0.36940828 47
-4.4120431 -1.0861852 0.38315794 61
-4.387413 -0.9899438 0.39807689 51
-4.485671 -0.8707636 0.31124115 3
2.3452926 -0.56953877 0.33015937 33
2.5506809 -0.55028296 0.37797695 14
3.3835506 -0.36057293 0.30240229 26.5
3.3733211 -0.26257813 0.30441934 26.5
-3.8061323 -0.11774422 0.3056024 8
3.3715568 -0.16657588 0.30423194 27
-3.7647226 -0.049640119 0.30268669 34
3.3655207 -0.072115831 0.30128291 28
-3.7899795 0.050304737 0.30594307 36
-3.7811177 0.15132004 0.30453601 41
-3.8171024 0.22122122 0.30618787 31
-4.9376731 0.47244403 0.3950654 115
-4.9405689 0.56325841 0.39150852 28
-3.0513968 0.53139675 0.34790787 27
-2.8126144 0.54292196 0.3148804 33
-2.0113115 0.58878756 0.38182893 46
-1.9092027 0.59288359 0.35478839 48
-1.8184705 0.59696704 0.3305026 52
-5.0535045 0.67193371 0.39468411 26
-1.7375817 0.60206127 0.30786425 46
-1.6410382 0.61301011 0.37612838 42
-1.577845 0.62201411 0.35544237 10
-1.4649593 0.62007666 0.31907165 10.5
-1.3363147 0.63127136 0.38026085 10.5
-1.2423568 0.63521791 0.34002906 13
-1.1450876 0.63825554 0.35774302 12
-1.0280544 0.64091766 0.33989584 14.75
-0.95582843 0.6478563 0.34352025 16.166666
-0.83749276 0.6557855 0.35920823 16.235294
-0.73379409 0.65438449 0.35726467 8.1428576
-0.64233667 0.66499335 0.33531979 11.916667
-0.55861014 0.67066079 0.35236201 12.8
-0.449624 0.67442876 0.35040468 12.875
-0.35913578 0.67724419 0.350196 12.8
-0.27927873 0.68591923 0.35424006 13
0.49473074 0.87378019 0.38659862 17
0.53936774 0.87733334 0.3487362 16.82353
0.64532208 0.87363178 0.34178534 15.444445
0.75495827 0.87514383 0.35745302 15.125
0.85860831 0.88021821 0.33859247 14.777778
0.95523554 0.88552463 0.34055761 14.352942
1.0861149 0.89463758 0.37204695 12.5
1.1160512 0.89675665 0.32316592 12
1.034934 0.9086262 0.3683404 7.5999999
1.1355314 0.9049595 0.33825099 5.75
1.2200439 0.90345728 0.34303492 9.6000004
2.1588175 0.95686537 0.33909819 77.666664
2.2422585 0.92562944 0.388073 55
2.4786232 0.93381536 0.31797689 44
2.5715463 0.93840247 0.34595677 42
2.6814578 0.9460755 0.37656203 42
3.2458105 0.97769439 0.30416572 21
3.4523592 0.99705786 0.34790683 21
3.5611811 0.97525942 0.38068688 31
2.161346 1.0734557 0.30651248 11
2.1992996 1.1148046 0.33318871 11
2.2453911 1.1453847 0.35751835 31
2.333286 1.2781113 0.32856312 10
2.3831968 1.3421547 0.37517422 11
2.4709289 1.4578881 0.3271786 10.5
2.5554709 1.5586247 0.3795045 10
2.5798814 2.4642818 0.30499309 4
6.9149532 5.4159989 0.36194316 18
2.3268404 -3.7933457 0.40592134 36
2.2683189 -3.6288342 0.41732267 38
2.3095162 -3.5880749 0.44833568 40
2.3034201 -3.410996 0.44956529 44
2.2953699 -3.2381938 0.44801199 47
2.2573509 -3.0735378 0.48113894 45
0.45566508 -2.9147394 0.46106109 6
2.227607 -2.9954264 0.40807211 44
2.2120919 -2.5347698 0.44548059 47.5
-0.92426246 -2.40938 0.47952092 34.5
-0.85854793 -2.4226601 0.46135816 123.33334
-0.74483538 -2.4148297 0.45227283 125.57143
-0.33948582 -2.4001346 0.47032395 136
-0.33432657 -2.3946166 0.43685579 122.5
-0.95212799 -2.2583921 0.49820933 0
-0.33741701 -2.2511692 0.4932622 20.5
-0.29024079 -2.1555085 0.45730639 69.5
0.6388669 -2.1808848 0.42424107 5
0.81627351 -2.173821 0.42317998 3
2.158709 -2.1500764 0.44090694 34.5
2.6085098 -2.1940029 0.47315288 150
2.8381686 -2.1958101 0.48926026 29
-0.45872149 -2.0299714 0.44394439 41.75
2.1977484 -1.9276371 0.40330023 40
2.2197838 -1.9881362 0.45166457 158
2.5334284 -1.9543123 0.41876081 150
2.6278167 -1.9551779 0.4109498 150
3.3151085 -1.8264792 0.40727192 25
3.4059596 -1.8148166 0.44441822 22
-5.6084495 -1.7531172 0.4189955 13
3.6440747 -1.7965853 0.40260622 26
3.7755845 -1.7933221 0.44205138 23
3.8574317 -1.7571409 0.47524104 21
-5.6033239 -1.6328429 0.4442265 21
0.26076737 -1.6204392 0.4383148 5
0.33071893 -1.6148975 0.44862187 3
0.67689627 -1.6310478 0.41404811 24.333334
0.75068164 -1.6369346 0.42989323 0
0.83716422 -1.61087 0.4060975 12
0.94993359 -1.6061971 0.41163599 11.5
0.23374575 -1.514583 0.45835885 7.5
0.33572951 -1.5878973 0.44378632 9.5
0.4633877 -1.5204927 0.43986657 4
1.0882639 -1.5971335 0.40253937 9
-1.8353512 -1.4313098 0.45375958 2.4000001
-1.7938281 -1.4987453 0.48906997 14
-0.84199619 -1.4167897 0.447115 0.5
0.44801891 -1.4994059 0.47017115 111
-2.7315941 -1.3135555 0.46800536 42
-2.6175666 -1.3114659 0.43545344 106
-2.5406537 -1.3108119 0.43870884 67
-2.4580228 -1.3082517 0.43411067 71
-2.2553906 -1.372334 0.44729233 5
-1.8327309 -1.3778954 0.49389684 3
-0.86489213 -1.3508204 0.46658644 19.428572
-2.1640954 -1.2933667 0.47196531 1.5
-2.0131321 -1.2519101 0.47003707 3.5
-1.9415883 -1.2567095 0.4529734 26.666666
-1.8983454 -1.2567799 0.4185178 71
-1.2364961 -1.2500898 0.46143639 15.666667
-1.0196199 -1.2427168 0.45716679 2.5
-0.93665755 -1.2664876 0.45410702 17.384615
-0.88757139 -1.2943535 0.45144969 21
-5.9854531 -1.071449 0.43405852 17
-4.4292922 -0.90989089 0.41784278 56
-6.2281952 -0.88589829 0.47473374 18
-4.4997215 -0.83491695 0.43986648 10
-6.1345496 -0.75960374 0.47620457 20
-6.2438769 -0.65881103 0.49387026 19
2.3441978 -0.58093214 0.41196203 25.5
2.866565 -0.58871704 0.44253874 4
3.0645931 -0.53434038 0.48923254 15
-3.7863719 -0.054864287 0.43497851 65.5
-3.7641411 0.056757573 0.4380942 58
-3.767622 0.13172568 0.44154757 57
-3.8097656 0.20965123 0.44828913 56
-5.3031082 0.41158769 0.43064865 18
-2.3789289 0.56742805 0.47733659 49
-2.2404821 0.57456619 0.44173652 49
-2.1178496 0.58168298 0.40943864 54
-2.0161273 0.59093463 0.49354899 34
-1.9132856 0.59996212 0.46199942 40
-1.8140366 0.60497767 0.43049327 38
-1.7194937 0.607997 0.40095347 34
-1.5598731 0.61490357 0.47667783 12
-1.4398379 0.62333393 0.42508334 11.5
-1.3554358 0.63453424 0.49032706 11
-1.2515482 0.64075619 0.43992677 10.333333
-1.1105082 0.64508069 0.47551253 1.25
-1.0456871 0.65011936 0.44542116 8.1333332
-0.95706952 0.64268893 0.42850277 15.222222
-0.86055577 0.65142584 0.45284733 12.722222
-0.74641186 0.65812278 0.43276146 12.818182
-0.62297231 0.66304684 0.45663425 13.888889
-0.52982122 0.66608316 0.43764424 13.166667
-0.45093897 0.67366827 0.44995034 13.333333
-0.35293794 0.68179852 0.45625809 13.75
-0.2813485 0.68484241 0.44927147 13.555555
3.6287298 0.75544292 0.46114206 62
-5.2669163 0.80035591 0.40558362 24
0.46938831 0.86561847 0.45608142 15.545455
0.53950197 0.86976892 0.44065231 16.222221
0.65033394 0.86952478 0.45186883 15.3
0.75520515 0.86917263 0.43653622 14.166667
0.84410143 0.88102144 0.45163283 14.166667
0.9420253 0.87752402 0.44778457 13.571428
1.0476873 0.89738369 0.45058888 12
1.1609809 0.89989829 0.48102456 10
3.5689545 0.82981801 0.42707813 32
0.98218769 0.9068144 0.43701971 8
1.0338079 0.90398186 0.42718032 1.6666666
1.1786424 0.90187883 0.43738097 8.5
1.2698512 0.90279222 0.47924888 4
2.3281503 0.9318819 0.42260706 46
2.424319 0.93999797 0.46119577 52
2.7984765 0.95179898 0.40993857 36
2.9445174 0.96668255 0.44929847 39
3.0870605 0.97355998 0.48947033 36
3.5679998 0.91829133 0.40115741 28
2.1110342 1.0636401 0.47646147 67
2.1510687 1.1337924 0.47624803 17
2.2575021 1.2299763 0.45119128 14
2.3141689 1.2611073 0.44567931 11
2.3486409 1.3024819 0.47734341 11
2.4506679 1.4284248 0.44273996 10.5
2.621258 1.6597854 0.45223579 4.3333335
4.8849368 2.7702413 0.48104167 33
6.8293815 5.4275317 0.46955955 3
6.7579513 6.0040307 0.47236854 25
0.52955031 -3.969955 0.53522253 1
2.273525 -3.8280263 0.59727448 31
2.2706554 -3.7279489 0.50551051 33
0.44193918 -3.3192673 0.52193296 19
2.2877388 -3.2415614 0.52363843 46
2.2296381 -3.1423483 0.55493772 47
2.2789948 -3.0873346 0.55646718 44
2.2727327 -2.935159 0.54995596 48.5
2.2686141 -2.7921731 0.54318821 48
2.2347112 -2.6342788 0.55236125 52
2.2467487 -2.5301626 0.59162641 59
-0.9529627 -2.4602764 0.58173269 10
-0.86863703 -2.423234 0.51993239 119.5
-0.91718429 -2.3618226 0.51735103 4
2.2191172 -2.3194623 0.56199682 80
2.4288929 -2.301322 0.57473695 78
-0.93009466 -2.2202725 0.55859137 2
-0.71477711 -2.2663026 0.51660347 48
-0.68770057 -2.2388265 0.50976813 29
0.70951366 -2.21034 0.57616532 8
2.6462903 -2.2957172 0.55819142 74.5
2.7882581 -2.2882826 0.55868727 72
2.8340008 -2.265306 0.54884553 48.333332
-0.68930107 -2.1563721 0.54438442 28.5
-0.33668518 -2.1093562 0.51184523 27
-0.29485258 -2.1302836 0.55166781 43.5
0.70976502 -2.1900225 0.5839678 3
-0.94000179 -2.0393841 0.56582159 8
-0.67989582 -2.0786736 0.57647574 15
-0.46747631 -2.0623481 0.54501939 66.75
-0.33969298 -2.0846882 0.54635257 55.666668
2.8635597 -2.045887 0.55309892 9
3.8510504 -2.0183558 0.53844845 15
-0.95079559 -1.9803958 0.55832398 5
2.8533816 -1.916869 0.58435065 29
3.8510118 -1.9371355 0.56319928 20
3.8076491 -1.8321524 0.57901019 14
3.9314544 -1.7139736 0.5064351 10
4.057281 -1.6927165 0.54595286 19
4.2313337 -1.6903771 0.59173167 11
-1.6082033 -1.5961423 0.50857395 3
0.17905298 -1.5455854 0.55920726 5
0.24910899 -1.5628841 0.5381785 9.8000002
0.30559054 -1.5588951 0.51194274 7
-1.8225523 -1.4866605 0.55128741 6.3333335
-3.1821041 -1.3389667 0.58864009 7
-3.0400419 -1.3408448 0.54950738 60
-2.8695335 -1.3314974 0.53483844 41
-2.6963978 -1.3162541 0.51299691 31
-2.315094 -1.384793 0.54819214 5
-1.8286203 -1.3572928 0.53270525 4.5
-1.9549528 -1.2752634 0.5507654 22.5
-1.8543372 -1.2858733 0.54847437 31
-1.3840709 -1.2565802 0.57030869 35.666668
-1.2669261 -1.2550458 0.55534774 22.666666
-1.1922774 -1.2600551 0.52506888 2
-0.9685185 -1.2685043 0.53901488 13.636364
-0.88226861 -1.2942686 0.50158435 79
-6.7152338 -1.0831907 0.50110382 3
-7.1948605 -0.63108796 0.58021629 83
2.2648492 -0.56387532 0.59035009 9.5
2.8145416 -0.52802175 0.54631752 4
-7.2091331 -0.49908197 0.58728296 90
3.8470635 0.35912967 0.59177119 64
-4.937613 0.47908968 0.59206098 122
3.8402166 0.45510602 0.57336509 51.5
-4.9260235 0.5791145 0.58918124 69
-2.7296205 0.55007815 0.56757343 44
-2.5326281 0.55727637 0.51709336 45
-2.2881699 0.57890981 0.57590079 38
-2.1409576 0.5839538 0.53157121 41
3.8425465 0.55209458 0.55408889 41
-1.7827677 0.618496 0.56767762 94
-1.6642226 0.60745448 0.52024734 50
-1.4521296 0.63263154 0.53647149 42
-1.1375357 0.65050262 0.55704749 12.5
-1.0408657 0.64942896 0.53664261 14.666667
-0.93966085 0.65292919 0.54623979 10.8
-0.89235926 0.65025592 0.51174235 15
-0.75427043 0.65037578 0.51489794 4
-0.64666289 0.66032308 0.53238308 7
-0.53585052 0.66424721 0.52643377 13
-0.45395127 0.67355269 0.53430593 13.2
-0.34530887 0.68055463 0.54805166 11.727273
-0.27496853 0.6796037 0.53765935 13.8
3.8368649 0.64694858 0.53236967 32.5
3.8382273 0.74381208 0.50911629 30
0.44171444 0.86109251 0.54956144 14.5
0.55375701 0.86561364 0.5419445 13.555555
0.63987213 0.87365174 0.54877603 15.25
0.75214684 0.87427193 0.54908627 12.857142
0.81204283 0.88160813 0.52770424 13.5
0.93169415 0.88512754 0.55275214 13
1.0154023 0.89839816 0.52375758 12
1.136061 0.89635104 0.55222195 8
1.2333114 0.89417756 0.53551966 0
0.99992406 0.9170174 0.59145528 10
1.1368257 0.90969181 0.54818422 7.375
1.2331641 0.90996468 0.55529487 4.5999999
2.145561 0.9421345 0.52410501 79.5
2.2199199 0.92372483 0.56421 44
2.5290244 0.9461239 0.50246221 51
2.6515129 0.95727092 0.54977232 44
3.253515 0.98456705 0.53522116 35
3.441407 0.99670541 0.58619905 34
2.1511862 1.0070527 0.51046634 97
2.2655351 1.1236814 0.53535831 61
2.3543451 1.351267 0.50582457 12
2.4141028 1.3852568 0.5456596 9
2.4429502 1.4624345 0.54854631 10.5
2.5404286 1.5343611 0.52134645 11
2.5852079 1.6354568 0.55837369 15.5
0.53488421 -3.9612 0.64298129 9
2.2762413 -3.9330747 0.69433922 22
0.49349639 -3.6093919 0.6326462 7
2.2365417 -3.2277291 0.63508815 42
0.9345687 -2.8088524 0.6546517 4
2.2615263 -2.8059459 0.61384851 46
2.2206366 -2.7270949 0.66904938 42
2.2340286 -2.6722751 0.61969864 50
0.69845247 -2.5026264 0.69506884 16
2.2412262 -2.5526543 0.66016042 53
2.2391109 -2.4293294 0.64813781 53
2.1957374 -2.3504386 0.64186782 58
2.238266 -2.3131485 0.6362986 26
2.3694727 -2.302248 0.66831124 77
-0.30026799 -2.2012019 0.69825077 153
2.2777934 -2.2731259 0.67307818 13
2.5756178 -2.2937517 0.65081036 78
2.6844094 -2.2896254 0.69533855 72
2.7521265 -2.2907984 0.6468628 73
2.8127437 -2.2857451 0.63941026 66
-0.47860217 -2.104773 0.6783278 61
-0.34554788 -2.1124637 0.66778398 68
-0.29862726 -2.1017795 0.62037253 60
-0.96263331 -2.0348468 0.63920844 4
-0.68366778 -2.0603054 0.64488453 44.5
-0.47416937 -2.0851159 0.62287962 57.5
-0.34307775 -2.0913465 0.61165512 70.5
2.8474214 -1.9681265 0.67397672 10
2.8469474 -1.863423 0.64937782 28.5
2.9414263 -1.8327392 0.64852345 18
3.8526058 -1.7401427 0.61771125 20.5
4.0154037 -1.7064961 0.67974079 24
-2.5309923 -1.6192309 0.637537 14
4.4053998 -1.6800345 0.63891339 12
4.5801754 -1.6636889 0.68678141 12
-2.5314789 -1.5248634 0.63213176 9
-1.8302102 -1.4806525 0.64301646 12
-3.1437805 -1.3302969 0.65712088 7
-3.0137312 -1.342314 0.61241102 64
-2.0646591 -1.3154494 0.67134094 2
-1.8420228 -1.3256413 0.62911063 4
-1.3480337 -1.3379645 0.68064535 2.5
-2.2462928 -1.27764 0.67651331 8
-2.1647992 -1.2828217 0.68292046 16
-2.034518 -1.2792017 0.69101787 15
-1.9693661 -1.2758752 0.61438417 45
-1.8243635 -1.2812616 0.67465901 16
-1.6677572 -1.2752242 0.69010586 23
-1.4531808 -1.2643237 0.69652891 64
-1.2281017 -1.2649692 0.66270083 38
-1.1418639 -1.263598 0.64747095 20
-1.0083835 -1.2931848 0.67215186 20
-0.98931336 -1.2861438 0.62551183 17.666666
-6.2712746 -1.0542129 0.64222008 3
-6.1813455 -0.91280168 0.65035295 16
-6.1870513 -0.78663331 0.66830677 20
-6.271771 -0.66968668 0.69214785 23
2.366328 -0.53124833 0.63201785 16
2.4795158 -0.51911277 0.67454511 11
3.0755057 -0.53846425 0.61442739 30
3.0966363 -0.49230427 0.62371659 4
3.3731544 -0.49065462 0.69580621 4
3.8126137 -0.49197757 0.64445895 31
4.1205368 -0.10437525 0.69726819 34
4.1260004 -0.033362523 0.69283205 42
4.0683084 0.036537088 0.67606133 116
3.9398685 0.13530684 0.64032781 153.5
3.8588233 0.26215684 0.60797024 156
-5.3301272 0.4091748 0.64166695 17
-2.9438021 0.53885299 0.62110472 44
-2.6499424 0.56179702 0.6844064 36
-2.4492276 0.56886482 0.62473488 32
-2.0480413 0.587623 0.67814189 51
-2.0084262 0.61959034 0.65993971 93
-1.961027 0.64655799 0.63901395 42
-1.6278707 0.66078067 0.61723471 12
-1.1711718 0.6600967 0.68299246 1.5
-1.024804 0.66165227 0.60798877 13
-0.40302676 0.68082833 0.68699807 4
-0.32558739 0.68200576 0.64963806 3
-5.1106339 0.70868766 0.61091191 21
-5.3724227 0.85905552 0.63935053 17
0.3776142 0.83097351 0.6303575 8.333333
0.44181016 0.87081194 0.64838332 9.8571424
0.55779779 0.86152339 0.62088102 10
0.6121906 0.87282944 0.61339271 14
0.75124985 0.87862337 0.61945927 10.6
0.89670801 0.88803482 0.63436967 9
0.93837988 0.88649821 0.60915697 12
1.1110505 0.89397109 0.64667714 7
0.98134643 0.90681112 0.62753224 7
1.1648688 0.9150188 0.64663595 9.4444447
1.2174926 0.91836202 0.64499176 9
2.1445785 0.95828176 0.6736089 77
2.3072643 0.9283601 0.60366064 48
2.4094849 0.93808877 0.64788187 46
2.5166991 0.94486332 0.69561493 42
2.7910683 0.97043788 0.60243398 54
2.9384677 0.98061395 0.6584934 50
2.1582978 1.0802954 0.64798743 111.66666
3.6604757 1.011018 0.64390635 26
2.1857407 1.1963158 0.63143653 15
2.4886541 1.4751332 0.62269062 10
2.6292219 1.6513669 0.66752267 9.5
2.2816489 -4.0450315 0.79734844 33
2.2411671 -3.3110962 0.71970528 42
0.91012359 -2.839412 0.72515327 6
2.2236395 -2.78142 0.73840278 39
0.81964797 -2.6567457 0.72184283 6
0.77725762 -2.5318305 0.72013503 5
0.85847986 -2.5590734 0.76020312 52.75
0.92643982 -2.5530901 0.7369566 32.5
0.81619912 -2.462512 0.74680829 18
2.2020469 -2.4454896 0.76502764 52
0.32242441 -2.3401036 0.75271976 112
0.77865672 -2.3264041 0.77595872 13
2.1984148 -2.3969758 0.70210779 54
2.230922 -2.3363583 0.70242149 48
2.3138747 -2.3021507 0.76314092 86
-0.34780782 -2.20452 0.75190169 4
0.6189571 -2.2122493 0.7834298 12
2.2543209 -2.2750289 0.73354417 51
2.3219478 -2.2713962 0.78308028 9
2.4969182 -2.2941306 0.76731181 75
2.5268741 -2.2933848 0.72064692 80
2.6403425 -2.2932596 0.7646541 76.5
2.730639 -2.2901611 0.75376099 73.5
-0.70358431 -2.1018119 0.7855038 70
-0.48544282 -2.1222696 0.7603898 56.75
-0.35091519 -2.128444 0.71740764 21
0.74353158 -2.1774344 0.78497595 12
-1.0085299 -2.0987732 0.79083323 5
-0.98664927 -2.0772924 0.73940521 3
-0.70330805 -2.0984423 0.77725244 79
-0.69486195 -2.0824084 0.72481668 68
2.8756824 -1.8416318 0.72364515 31
-1.8152939 -1.7435166 0.79240841 3
4.1572628 -1.6945641 0.72626221 11
4.3282537 -1.6894175 0.7803598 11
4.7854457 -1.6522897 0.73907679 15
4.9821873 -1.6279042 0.79008722 10
-2.3441186 -1.4068995 0.71669525 0
-2.2012303 -1.4060249 0.71410912 3
-2.3968143 -1.3147875 0.75086343 60
-2.266185 -1.3079795 0.7526719 42.666668
-2.1474593 -1.3059299 0.70589769 35
-1.6200286 -1.3715589 0.7125082 0
-1.5098552 -1.3530717 0.71761864 2
-1.4905211 -1.3910726 0.70337284 2
-2.3294711 -1.2966807 0.77623951 3
-2.2463675 -1.2859612 0.73465049 7.5
-2.1902616 -1.2856419 0.71869814 14
-2.0712011 -1.2853844 0.74985683 8
-1.8601426 -1.2785414 0.7415635 25
-1.7079444 -1.279301 0.77912176 69
-1.6579541 -1.275575 0.75317287 42.75
-1.5659688 -1.2763054 0.72326684 48.5
-1.4644212 -1.2705349 0.74693692 51
-1.326764 -1.2698698 0.74220598 59.42857
-1.2480025 -1.2639258 0.75187284 69.25
-1.1765155 -1.2595644 0.71783668 57.666668
-1.0155611 -1.2749901 0.73901874 11.6
4.1553736 -0.47135553 0.71412897 27
4.1452427 -0.35935742 0.71132708 28.5
4.1365032 -0.24935947 0.70708805 30
4.1292386 -0.1763652 0.70287251 31
-2.8711553 0.54871482 0.74943262 29
-2.3200054 0.57273662 0.78930837 54
-2.1818109 0.58268344 0.73343259 48
-2.0057218 0.63712943 0.79361349 89
-1.9747943 0.67509323 0.77853513 5
-1.2040259 0.6519075 0.74069959 1
-1.1782197 0.64862692 0.73738056 42.5
-0.4113768 0.68642473 0.75413507 16.666666
-0.33433834 0.68346572 0.75277203 8.5
-0.27774262 0.68677813 0.75522953 6.6666665
0.29927275 0.8132233 0.78601372 4.5
0.35916665 0.83293778 0.75516409 1
0.4292275 0.87862968 0.72274727 4.6666665
1.1663263 0.90862751 0.74827945 7.75
1.2367073 0.9221741 0.71281743 11
2.2151315 0.93231899 0.72222787 57
2.3165841 0.9423753 0.77983713 53
2.6402247 0.95474762 0.74953502 40
3.0965641 0.98680288 0.71931446 44
4.0587902 0.93657082 0.76837993 31
3.2944949 1.0030392 0.79356164 45
3.9326839 1.0336392 0.71442783 25
4.0449352 1.0003773 0.75172454 35
2.590349 1.6905574 0.73163015 45
2.6322649 1.6404063 0.76057005 20
0.46575585 -3.6451666 0.89710987 26
2.2461154 -3.4747784 0.89794904 40
2.2445011 -3.3934476 0.80702448 41
0.44170743 -3.2402954 0.88649595 29
0.42049971 -2.9613132 0.89019293 19
2.2255788 -2.8638654 0.84786451 42.5
0.40748504 -2.6574733 0.87425601 16
0.87691402 -2.595675 0.83626139 16
0.94262141 -2.5106146 0.82771206 0
2.2053783 -2.5354862 0.89670658 49
-0.3029269 -2.445044 0.85439783 134.5
2.1993673 -2.484031 0.82710189 52
-0.12423091 -2.3629532 0.89714658 46
-0.08737158 -2.3653238 0.8462466 53.5
0.056560289 -2.3618319 0.86508369 105.66666
0.26817468 -2.3462653 0.86871523 99
0.39780211 -2.3746603 0.85130143 67
2.264585 -2.3045151 0.85987723 81
2.4558187 -2.2972255 0.83859122 73.5
2.5794358 -2.2917895 0.85705519 71.5
2.6695702 -2.291671 0.84598613 79
-0.71585727 -2.1203284 0.85660106 62
-0.49795598 -2.1438909 0.83814031 25
3.5221298 -2.1920986 0.83209628 13
3.6376841 -2.1819525 0.88802606 11
-1.0074629 -2.0817528 0.85456181 16.25
3.110312 -1.949023 0.81702459 8
4.4864154 -1.6743853 0.83162969 11
4.6502261 -1.6533207 0.88420349 12
5.212997 -1.6094563 0.84758627 5
-2.6454158 -1.3326852 0.85376495 49
-2.5172274 -1.3247362 0.80094123 46
-2.4806488 -1.3275698 0.86439019 61
-2.3621016 -1.3216999 0.80776292 61
-1.7715795 -1.3030792 0.8821165 57
-1.0683832 -1.3266226 0.84976989 15.75
-2.2730937 -1.2940905 0.83044344 0
-2.1038246 -1.2865584 0.80804068 2
-1.9212096 -1.2858744 0.83376849 4
-1.8628997 -1.2931097 0.87482208 53
-1.7542363 -1.2869935 0.82928163 22.333334
-1.6947401 -1.2960762 0.83510369 59
-1.5356314 -1.2838011 0.85282725 25.25
-1.4516445 -1.2850949 0.83723831 59.333332
-1.3566816 -1.2767479 0.84664392 34.200001
-1.2939838 -1.2694678 0.81198376 60
-7.2257485 -0.62883145 0.81657565 96
2.6640973 -0.54538411 0.85419536 0
2.7456553 -0.5157814 0.89209235 8
3.0774956 -0.50340796 0.8958171 36
3.7943425 -0.50116265 0.80327761 21
-7.239296 -0.48069781 0.83348531 76
3.8593829 -0.44675866 0.82194424 8
-3.9633393 -0.13415477 0.88306558 83
-3.8645096 -0.053041101 0.85989785 6
-3.0937219 0.525626 0.81428158 14
-2.501229 0.56779963 0.86171806 60
-2.1737685 0.59028459 0.87177664 43
-2.0297091 0.59516805 0.80648947 46
4.3245668 0.57264018 0.89455175 43
-0.42158806 0.68873632 0.84237498 11.5
-0.34178701 0.6762085 0.84820199 14.166667
-0.26731944 0.67980343 0.84343332 16.166666
4.3178115 0.64452034 0.88340843 40
4.3175931 0.75188887 0.86801046 35
0.26531163 0.81743622 0.85291511 11.333333
0.34277266 0.81928921 0.85817945 11.5
4.2592802 0.8469131 0.83776337 31
1.1482995 0.91647512 0.84695309 1.25
2.158531 0.95327109 0.84886169 70
2.4358726 0.95644164 0.84632325 31
2.7829027 0.96776301 0.81102931 45
2.9277413 0.9758029 0.87466347 41
4.2000966 0.90346968 0.81173897 32
2.1104999 1.0640596 0.80084097 70
3.5208826 1.0193086 0.8772012 36
2.1456707 1.1372606 0.80983454 31
2.2631841 1.1172916 0.88736266 51
2.6166098 1.6713123 0.84189659 7.5
2.2722049 -4.1250315 0.90082693 5
2.2518871 -3.5640569 0.9942168 40
0.67541301 -3.1415753 0.95315099 56
2.2280884 -2.9462545 0.96312779 40
2.2059398 -2.57798 0.96366704 53
-0.30652252 -2.441385 0.94438291 135
-0.13619266 -2.3634274 0.94937557 64
-0.028431974 -2.3570848 0.96071315 99.5
0.034049116 -2.3628967 0.95247781 117
0.22753409 -2.3460011 0.95792818 105
0.36220104 -2.3486586 0.93056059 105.5
2.2197909 -2.3078556 0.95764911 73
2.3901718 -2.2980275 0.95908976 75
2.4033904 -2.2823937 0.90548009 29
2.5499709 -2.2918606 0.95507914 77.666664
2.6354849 -2.2691565 0.92178464 46.5
2.7216957 -2.2329669 0.98066878 43
-1.0350597 -2.1089013 0.97217929 44.5
-0.72588086 -2.143419 0.94132358 62.666668
3.7731421 -2.1787841 0.94926107 11
-1.0236106 -2.095283 0.92791039 24
2.6865427 -2.0149627 0.99681348 54
3.3868942 -2.0741212 0.92782468 11
4.833189 -1.635144 0.94155502 4
-2.7985651 -1.3466303 0.9160229 12
-2.6163599 -1.3384339 0.92775768 19
-1.6599926 -1.3228166 0.97842067 11
-1.5363765 -1.3107686 0.94815397 28.5
-1.488591 -1.3125588 0.96150541 36
-1.5960349 -1.290995 0.91427362 48
-1.4252557 -1.2847029 0.90596765 48
-1.3912234 -1.284839 0.91068101 1
-4.6125407 -1.1932195 0.97930819 52
-4.5931349 -1.0921266 0.98470533 20
-4.5770502 -0.99305332 0.98872519 104
-4.5626173 -0.84945881 0.99643958 71
2.8847306 -0.49579495 0.95144349 12
4.3875775 -0.44464156 0.95578283 45
4.3795104 -0.36866868 0.95592856 54
4.3832107 -0.25811017 0.95790994 67
4.3774681 -0.14663999 0.95666659 75
4.3743362 -0.072667569 0.95465547 103
4.3664322 0.035751946 0.94851327 120
4.3613563 0.14418176 0.94234258 147
4.3502316 0.25205603 0.93235123 148.5
4.3348393 0.35889047 0.9195857 74
4.3337841 0.4308278 0.9126243 59
-2.6943719 0.55687284 0.93970042 53
-2.332221 0.58141905 0.94434345 47
4.3291759 0.50173396 0.9035877 48
-1.1747478 0.65462106 0.95065022 25
-0.43109953 0.69988227 0.91218394 1
-0.34969661 0.68239671 0.95324051 14
-0.26943547 0.68100613 0.9408735 15.75
0.1933212 0.73341829 0.97461027 10
0.22373351 0.74772561 0.93497002 7
0.25118038 0.8143037 0.93962985 13.666667
0.31546098 0.82277298 0.93721151 12.75
0.4609665 0.88498372 0.96102589 3.75
2.2961721 0.93679363 0.9372493 54
2.5409019 0.95749903 0.90599322 51
2.6894641 0.9745816 0.98822671 58
3.1037779 0.98904604 0.94927841 37
3.7935116 1.0396324 0.97627747 26
2.6176353 1.7444723 0.99859643 6
7.9260569 6.6649451 0.93933386 7
7.8883429 7.4814835 0.95263708 32
7.6262522 8.7779503 0.95576078 36
2.2527838 -3.6473277 1.0936688 41
2.2272711 -2.9964962 1.0428106 44
2.2075033 -2.6234331 1.0355507 48
-0.30938628 -2.4392037 1.037457 133
-0.22716188 -2.375891 1.0896815 66
-0.18029965 -2.361793 1.0291092 60.5
-0.049097203 -2.3546808 1.0637068 102
0.0039802999 -2.3628957 1.0145941 103
0.18555754 -2.343236 1.0476129 97.5
0.29633969 -2.3502035 1.0808734 102
0.3224321 -2.3515821 1.0213052 107
2.1959457 -2.3222637 1.0383207 60
2.3514986 -2.2941179 1.02982 72
2.4806418 -2.2961953 1.0488657 73.5
2.5588999 -2.2911191 1.0342119 72
2.7091672 -2.2618403 1.057938 4
2.8168304 -2.2339227 1.0419337 78
-1.0545217 -2.1346457 1.053905 52.666668
-0.74467158 -2.1541691 1.0105741 42
3.6634362 -2.1852095 1.0399309 14
3.7486277 -2.1515005 1.0897822 11
3.8723269 -2.1476538 1.0005229 16
2.7052288 -2.0766134 1.0883574 99
3.8611853 -2.0406449 1.0162375 16
3.8515632 -1.9397794 1.0317801 16
3.8482237 -1.8437631 1.0480707 8
5.1616158 -1.6621511 1.0310272 12
-1.8265858 -1.3148607 1.0803195 107
3.0230789 -0.46880618 1.0114546 0
-3.7876904 0.066181362 1.0093949 35
-2.9291451 0.54596204 1.0345337 42
-2.5272436 0.57358867 1.0341873 49
-2.0059454 0.59195244 1.0907409 74
-2.007848 0.61468583 1.0898211 81
-1.9701446 0.64279652 1.0678191 68
-0.35681531 0.68928111 1.0537027 14
-0.27099967 0.68988717 1.0423739 13.75
0.18531829 0.71735227 1.0059953 7.5
0.27263817 0.82533586 1.0432706 11.6
0.44125596 0.88778257 1.0505376 9
2.4158933 0.94880325 1.0095794 44
2.5424571 0.9588508 1.0846674 42
2.8437345 0.98566675 1.0731895 47
3.3060858 1.0034796 1.0356588 34
4.097477 1.0589935 1.0875241 30
7.8740048 6.7098007 1.0737636 28
7.8364248 7.5535517 1.0912002 31
2.5650105 -4.9674497 1.1664802 70
2.3193829 -3.8918447 1.1378342 39
2.3059843 -3.6727991 1.1489834 43
2.2976487 -3.4797187 1.1624075 45
2.2814496 -3.283726 1.1681064 48
2.2710104 -3.1127017 1.1753587 53
2.2329254 -3.0606434 1.1300933 43
2.2656226 -2.9606318 1.1862456 50
2.2552242 -2.808629 1.1908171 39
2.2162032 -2.7202506 1.1886458 46
2.2325728 -2.6757019 1.1560113 34
-0.31380326 -2.4367785 1.1645176 112
-0.27594829 -2.4387727 1.1919841 64.5
-0.20711079 -2.3646727 1.1030253 71
-0.12250762 -2.3523431 1.148043 93.5
-0.055673577 -2.3588941 1.1401558 108
0.14230877 -2.340462 1.1400145 90
0.26944524 -2.3527966 1.1445136 115
2.1969318 -2.3684375 1.1359874 49.5
2.2987163 -2.2968314 1.1558962 74
2.3187346 -2.2951572 1.1044984 75
2.4339502 -2.2936251 1.1456943 74.5
2.5118718 -2.2910538 1.1310569 78
2.7738848 -2.2362185 1.1073306 35
-1.0827001 -2.1595259 1.1517755 62
2.8729968 -2.1008835 1.1017427 34
3.8565629 -2.1276412 1.1479815 16
2.7642272 -2.0450456 1.133515 55
2.856734 -2.0422187 1.1962558 34
3.8535483 -2.0325029 1.1670741 18
2.8617973 -1.9988787 1.1104105 33
3.8505242 -1.9383754 1.1847601 19
2.8553221 -1.8613681 1.1271217 31
3.8090954 -1.8245118 1.1870983 11
4.0761781 -1.8734981 1.1387805 23
4.0948763 -1.7864575 1.1610451 36
-1.8247046 -1.3127748 1.1166821 61
-4.4859247 -1.1122504 1.1044288 13
-4.4584484 -1.0041275 1.1107846 42
-4.5291204 -0.92004871 1.1413968 7
3.8312497 -0.46402198 1.1680377 6.5
-4.9576521 0.4306697 1.1158308 57
-4.9490523 0.53265303 1.1103901 150
-3.1300106 0.51703691 1.1154113 4
-2.7433138 0.56176388 1.1321588 44
-2.1344075 0.59038377 1.1677105 44.5
-4.950995 0.63462198 1.1071508 22
-0.35298279 0.69130784 1.1498901 13
-0.27934825 0.69146651 1.1595172 11.666667
-0.25275785 0.7000379 1.121945 14
0.23401289 0.81622827 1.1318454 11.5
0.38605732 0.86219019 1.186862 9.5
0.40959689 0.88507211 1.1402289 10
2.1478646 0.95448351 1.1700664 71.666664
2.6931953 0.97310585 1.1750498 42
3.0244508 0.99976695 1.1739494 47
2.1623466 1.0537821 1.1785746 139
3.5254371 1.016031 1.128965 26
2.1392834 1.1092619 1.1441898 65.666664
2.3637638 -5.9052792 1.2577971 19
2.5388122 -4.944869 1.2582352 73.5
2.2606146 -3.7455111 1.2020385 39
0.59335452 -3.5861902 1.2853512 84
2.2299562 -3.1078506 1.2142651 42
2.2151704 -2.7596719 1.2659025 45
2.2545595 -2.5634525 1.2129531 4
-0.31417066 -2.4239478 1.2514102 68.5
-0.29228756 -2.4076803 1.2575165 69
2.1966259 -2.4135942 1.2363548 42
-0.14581126 -2.3520541 1.2591729 99.5
-0.087432556 -2.3558934 1.2058975 94
0.081745103 -2.342067 1.2718118 99
0.11395041 -2.3352723 1.202932 94
0.22818175 -2.3496912 1.2394927 99.5
2.2662711 -2.2933717 1.231851 75.5
2.3799582 -2.2883661 1.2705998 72
2.4443817 -2.2888653 1.2261796 73.666664
-1.1073672 -2.180665 1.2706878 31.5
-1.0866555 -2.1736116 1.2250233 46
-6.1771827 -2.0284176 1.2903724 0
-5.9705734 -2.0882702 1.2293038 37
2.8472674 -1.9471848 1.2047999 34
7.0673161 -1.9660609 1.224665 33
2.838526 -1.8551425 1.2140676 31
2.9061801 -1.8255148 1.2619942 34
3.065244 -1.8077639 1.2623771 22
4.1968236 -1.7393272 1.2094194 42
-3.0147896 0.54898345 1.2552363 31
-2.310205 0.58497947 1.2745757 49.5
-1.9556562 0.65743589 1.2826201 33
-0.40442818 0.69343239 1.226089 11.5
-0.33719051 0.68622661 1.2698424 12
-0.27502966 0.68808663 1.2596375 11.5
0.37627465 0.84163523 1.2313344 10
2.1744547 0.93497801 1.2175671 58
2.2942979 0.94827688 1.2749933 45
2.849649 0.9824146 1.2696589 40
3.2344155 1.0158832 1.2890428 39
3.8107269 1.039044 1.2491434 25
4.5166912 1.0954913 1.2377189 24
7.7630944 7.6025319 1.2286295 17
2.3827906 -5.1315804 1.3679154 33
2.6757557 -4.9350352 1.3405243 72
2.309875 -3.9416547 1.3772784 40
2.2621739 -3.8317046 1.3117869 38
2.2980151 -3.715657 1.3799212 38
0.82183194 -3.5914931 1.3032266 74
2.2854671 -3.505677 1.3805716 41
2.2750943 -3.3136852 1.3820436 43
2.2507021 -3.1548154 1.3454533 37.5
2.2601254 -2.9766867 1.385286 13
2.2178628 -2.8060336 1.3494005 42
0.40765327 -2.5048778 1.3929253 17
-0.33100024 -2.4166861 1.3221164 38.333332
2.1973245 -2.4561973 1.3427185 42.5
-0.21115443 -2.3591225 1.320256 103
-0.15348482 -2.3578918 1.3428195 98
0.052114412 -2.3368678 1.3374462 96
0.18696362 -2.3465686 1.3367072 98
0.39514497 -2.3292046 1.3704083 66
2.2245865 -2.2904189 1.3497448 52
2.3555603 -2.2908392 1.3509345 75.5
2.4288924 -2.2776968 1.3490747 60
-1.1336117 -2.1892052 1.3168331 31
3.2306626 -2.0237083 1.3344598 6
4.2198873 -1.957669 1.3539761 35
3.0021992 -1.8146698 1.3253467 45
3.2038944 -1.8166996 1.344798 20
4.2857995 -1.8940934 1.3960003 40
3.2811551 -1.7786592 1.3957621 24
4.4938064 -1.7769833 1.3236505 14
7.2599902 -1.5879809 1.3029286 17
3.7876666 -0.46944395 1.3302544 23
-5.0569658 0.42870206 1.3796563 19
-4.9322371 0.52877271 1.3444108 22
-2.5035596 0.56091511 1.3938352 46
-2.4972003 0.58425677 1.3872267 47
-2.1019707 0.59557492 1.3859726 50
-2.0251131 0.58920163 1.3265973 57
-4.9733634 0.64676332 1.3560698 16
-2.0098019 0.6224668 1.320407 84
-1.983984 0.64451218 1.3586555 47.799999
-1.2022378 0.64945871 1.3723595 18
-1.1693999 0.65810919 1.3121381 21
-0.41658852 0.6863153 1.344949 7.5
-0.34217036 0.68317848 1.36733 13
-0.27680758 0.68496871 1.3546259 11.5
2.2914078 0.94600171 1.3124381 50
2.4346092 0.96461606 1.3831165 51
3.0423365 0.99801266 1.3843812 38
4.1443157 1.0653858 1.3886406 32
4.9651184 1.1210225 1.3994204 17
7.8588991 7.8324318 1.3984692 2
7.6014967 9.1012383 1.3686942 11
2.3680003 -6.1299925 1.4360312 20
2.4923494 -5.0333424 1.4014717 64
2.4353538 -4.9829898 1.4270543 137
2.2624936 -3.9188659 1.4264876 40
0.55277014 -3.8351793 1.4620088 100
0.79922384 -3.7964039 1.463088 64
2.2375274 -3.2290196 1.4036015 42
2.2192123 -2.8493965 1.4333495 47
0.41884971 -2.7475691 1.4402514 19
2.2008364 -2.5027425 1.4548742 46
-0.31437334 -2.423502 1.4543372 76.333336
-0.26395059 -2.4070051 1.4170829 150
-0.18862355 -2.3578911 1.4158121 92
-0.01311616 -2.33744 1.4792016 89
0.019533848 -2.3396499 1.4094514 84
0.14383781 -2.3434119 1.4391043 95
0.36978689 -2.3138757 1.4313642 91
2.199712 -2.3076887 1.4821671 63
2.2096865 -2.3001208 1.4215268 71
2.2742877 -2.2572885 1.4291511 53
2.3469069 -2.2804294 1.4708371 79
2.4036551 -2.2882721 1.4118128 76
2.5025237 -2.2427521 1.4449604 61
-5.9721346 -2.0592306 1.4068372 34
3.4540689 -1.79658 1.4959671 18
4.7744207 -1.7946548 1.4332153 40
4.8436103 -1.7125571 1.4708438 81
8.0471106 -1.4575232 1.4764515 102
8.0271149 -1.2965261 1.4794159 104
4.5379992 -0.42669362 1.4212947 24
-2.1952591 0.58312607 1.4498961 46
-2.0462217 0.59122646 1.4733843 43
-2.035944 0.61652988 1.4444315 57.599998
-1.9815029 0.62459183 1.4284165 65
-0.98460585 0.66889417 1.4999057 5
-0.3243874 0.68304396 1.442863 11.5
-0.25479582 0.68778634 1.4200854 12
-0.13769034 0.71759021 1.4941988 45
-0.052019723 0.72013301 1.4723883 24
-5.2738605 0.80863905 1.4419545 13
0.55038434 0.89087832 1.4615954 33
0.56838483 0.9122569 1.4275175 24.666666
0.82684475 0.92032194 1.4456358 27.5
1.0949743 0.92847884 1.4536862 13.5
1.1056701 0.92859769 1.447436 23.5
2.1287313 0.97617471 1.4645175 85.5
2.4347317 0.9622584 1.4289154 56
2.5756693 0.97497463 1.4934008 41
2.0987153 1.082378 1.4508457 56
2.1589563 1.0738611 1.4593363 150
3.481493 1.0350198 1.4232807 25
2.1361649 1.1485896 1.4338852 21
2.5666695 1.6499847 1.4216075 12
2.5953195 1.7507275 1.4324036 6
2.6289468 1.7788649 1.4526688 5
2.441618 -5.0244112 1.5112733 15
2.5280714 -4.9370818 1.5148462 63
2.2707088 -4.0249171 1.5528001 36
0.5124436 -3.8546247 1.564732 45
0.45096263 -3.3917241 1.5678688 16
2.2416434 -3.2890549 1.5034009 43
0.43277591 -3.0501685 1.5013078 20
-7.5382266 -2.836436 1.5463849 107
2.2178738 -2.8857617 1.5181931 49
2.202929 -2.5320835 1.5324678 44
-1.7178776 -2.453306 1.578499 31
-1.221365 -2.4410894 1.5405921 62.666668
-0.83197784 -2.4364908 1.5327147 48
-0.56741172 -2.4263775 1.5399145 62.666668
-0.44908112 -2.4126961 1.5562332 21
-0.36357629 -2.4217389 1.5318713 118.33334
-0.53186077 -2.3989167 1.5440966 113
-0.40036929 -2.3917091 1.5743368 113
-0.34402481 -2.3870709 1.5807724 73
-0.25011426 -2.37889 1.5394118 100
-0.045712836 -2.33322 1.5511793 82
0.099051937 -2.3442149 1.5473803 91
0.32867688 -2.3182797 1.540271 92.5
2.194314 -2.3202066 1.5472294 57
2.2860165 -2.2851963 1.598029 68
2.3437831 -2.2874224 1.5467528 70.666664
2.4362228 -2.2458022 1.5695217 89
2.5823259 -2.2319477 1.5119894 85
2.666398 -2.2211063 1.5818052 36
4.6047997 -1.95083 1.5327443 36
7.1515307 -1.9663705 1.5398923 30
4.9810977 -1.6533842 1.5298915 17
-7.0740714 -1.1267836 1.5946088 0
-6.0630822 -1.1139096 1.5665059 1
-4.2612677 0.52939355 1.5630761 34
-3.6584816 0.5864957 1.5466121 32
-2.727829 0.55973184 1.5279998 40.5
-2.3789327 0.5730443 1.5835366 46
-2.2891839 0.59169096 1.5215459 51
-2.169873 0.59482229 1.5622324 36
-1.9444392 0.64137375 1.5394785 45
-1.640862 0.64609069 1.5583451 32.75
-1.5904657 0.65317273 1.539696 62.5
-1.306417 0.66740191 1.5421083 59
-1.1097869 0.64499044 1.5519849 68
-1.0500576 0.65960407 1.5337367 37.5
-0.83875382 0.66403651 1.5349797 50
-0.7365219 0.66774631 1.5396692 44.5
-0.61843961 0.67341584 1.5459698 77
-0.51454157 0.67639226 1.5343755 69
-0.43563747 0.6828934 1.535973 67
-0.32735687 0.68211502 1.5254407 50
-0.2538307 0.69160551 1.5085022 11
-1.6030064 0.71462029 1.5375547 1
-0.20692611 0.71787333 1.5900248 44
-0.14926369 0.71986079 1.5418882 43.666668
-0.086549006 0.72023642 1.5752089 49
0.06149397 0.72609907 1.5638472 49
0.53652406 0.86787963 1.5366211 63.5
0.7928012 0.85029882 1.5378436 50
0.80761045 0.87593919 1.5348684 59.666668
1.078316 0.87324911 1.5444953 43.75
1.3381073 0.88329685 1.5409744 26.5
1.5111462 0.88228798 1.5449601 6
0.555251 0.912278 1.5139737 54
0.8200525 0.91444069 1.5188818 47
1.0917487 0.91049492 1.5236667 45.5
1.1064153 0.92781305 1.5241295 47
1.3727996 0.93808699 1.5305858 11.75
1.9657253 0.9530853 1.53658 63.25
2.0243995 0.93562829 1.5575024 27
2.177057 0.94770175 1.5140986 52.5
2.590194 0.97562641 1.5558959 53
1.9441762 1.0161321 1.5326374 44.5
2.005415 1.0393838 1.5328795 28
2.2087405 1.0964934 1.5613285 150
3.2762413 1.0199455 1.5227047 32
3.8056715 1.0671999 1.5985838 28
4.5467553 1.0942076 1.5564635 28
2.1683314 1.1930083 1.5101169 13
2.2483568 1.2957137 1.5306476 3
7.7267017 5.9814062 1.5209942 20
7.8579969 6.9640627 1.5042247 23
7.625947 8.8292646 1.5020071 18
2.3784862 -6.3825612 1.6317867 11
2.3890533 -5.0084953 1.6201518 128
2.6351457 -4.9290509 1.6140929 76
2.2712593 -4.113996 1.6786928 42
0.77085924 -3.9862943 1.627877 115
0.47201303 -3.8560827 1.6651065 13
2.2479975 -3.3559358 1.610857 43
2.2188797 -2.9280856 1.6075087 44
2.2004187 -2.5661259 1.6477678 43
-0.87517601 -2.4225302 1.6017416 8
-0.47004473 -2.366693 1.6082509 3
-0.35731208 -2.346741 1.6096407 1
-0.29917127 -2.3558888 1.6434315 1
-0.080420487 -2.3329866 1.6277007 37
0.053581439 -2.3380179 1.6558409 87
0.28670627 -2.3186724 1.6509634 87
2.1976864 -2.35285 1.6570064 46.5
2.2242894 -2.3502591 1.6833774 21
2.2545009 -2.2684751 1.6738868 70.5
2.3389254 -2.2840617 1.6628609 69
2.5182621 -2.2370429 1.6414405 81
2.7211332 -2.1765499 1.6283059 28
3.5792835 -2.1430225 1.6519393 4
2.6743784 -2.0319321 1.6000504 32
7.5258784 -1.9340619 1.6460617 32
4.5378003 -0.40218255 1.6430098 34
-5.8971415 0.37129456 1.6184012 5
-3.8455958 0.52464247 1.6305026 29
-2.4813573 0.57881027 1.6605006 46
-2.3145442 0.5928846 1.6912433 34
-2.2587051 0.59122193 1.6335418 39
-2.073741 0.60093588 1.6559823 29
-1.9884447 0.61119151 1.6210608 62
-1.3458716 0.63182533 1.6149585 2
-1.1381912 0.62998968 1.6127455 2
-1.0295554 0.63261044 1.6144224 1
-0.8658089 0.63904649 1.6209673 2
-0.62945193 0.65647638 1.603247 5
-0.52597642 0.66909045 1.613726 6
-0.44377559 0.67207175 1.6055496 7
-0.33134305 0.68785226 1.6299645 53.5
-0.24369884 0.6920681 1.6363515 49.666668
-0.25009948 0.71673894 1.6807202 48
-0.14489309 0.72332591 1.6546872 46.5
0.023041708 0.7309618 1.6337037 47.5
2.1530359 0.9560765 1.6960664 61
2.2886081 0.95940202 1.6555673 54
2.3289793 0.9637289 1.62786 50
2.752912 0.9888531 1.6589618 47
5.5646663 0.93572259 1.6540172 36
3.5407357 1.0411366 1.6798356 28
5.5464015 1.0447061 1.6281135 30
5.5259786 1.1526861 1.6001265 30
7.7126336 6.0542817 1.6378298 19
2.3184304 -4.9368258 1.7100968 27
2.296423 -3.6771805 1.7961361 46
2.267417 -3.4381356 1.7476296 41
2.2806439 -3.2804415 1.7677765 28
2.2800241 -3.1154819 1.7622679 9
2.2238264 -3.013629 1.7986131 41
2.2226937 -2.9733562 1.7026061 45
-7.5492997 -2.8089578 1.7629191 30
2.2020981 -2.6040905 1.7706212 40
-0.11639797 -2.3337443 1.7069432 1
0.0035145492 -2.3437238 1.7787987 45
0.25736955 -2.3202362 1.7300195 56
2.1974664 -2.3785019 1.7672468 44
2.2614479 -2.2886107 1.7508385 70
2.3187037 -2.266124 1.7588196 80
2.653224 -2.2228227 1.7572793 64
2.6855001 -1.9954822 1.7898611 35
7.9335299 -1.8955536 1.7610273 36
-3.0174477 0.54639643 1.7048507 33
-2.6009991 0.55894524 1.7443037 39
-2.425751 0.58334404 1.7761345 30.666666
-2.3364544 0.58307278 1.7069484 47
-2.1999006 0.5984382 1.7786258 27
-2.0708573 0.60159141 1.7067505 32
-0.33563295 0.68708038 1.7324944 37.5
-0.25342384 0.69339705 1.7023202 51
5.8306155 0.63101542 1.7951214 44
-0.31215161 0.71575183 1.7902576 43
-0.20982665 0.72555792 1.7410213 46
-0.18364573 0.71823168 1.7693571 47
-0.016088011 0.7314415 1.7307936 46.5
0.21381347 0.76267481 1.7399002 31
5.8181019 0.74700928 1.7747711 33
0.22073919 0.81960016 1.7903843 25
5.703114 0.84688014 1.7180711 24
2.134331 0.95844692 1.7230729 72
2.4516096 0.97254562 1.7801991 49.5
2.9446466 1.0064992 1.7781025 37
4.1626997 1.0933974 1.7916944 31
5.023016 1.1255442 1.7546861 18
7.6192455 6.0688381 1.7888806 29
7.6865191 6.1181111 1.7545245 17
7.5824385 6.255095 1.7100124 28
2.172936 -10.310264 1.8600622 9
2.4851146 -8.6877699 1.8884733 18
2.3898768 -6.6579885 1.8469244 21
2.3286209 -5.0941143 1.8787651 21
2.3673687 -4.7931237 1.898232 33
2.3472238 -4.4704704 1.8689276 34
2.2778854 -4.2179775 1.8153098 29
2.3355002 -4.1956429 1.8506607 41
2.3137486 -3.9199467 1.8197576 42
2.2480164 -3.4628835 1.8252718 41
2.2260191 -3.0548587 1.8973241 40
2.2297595 -2.707134 1.8918869 7
2.2006729 -2.6234052 1.8531196 46
2.2263987 -2.5662398 1.8781543 26
2.2194772 -2.4293809 1.8609521 45
-0.029782409 -2.3412135 1.8581865 13
0.22808845 -2.3217847 1.8113109 22
0.38021523 -2.3357272 1.8421054 58
2.1999667 -2.3978863 1.8460741 43
2.2389953 -2.2776775 1.8587331 68.666664
2.3372011 -2.2676613 1.843901 75
2.7815754 -2.192647 1.8681545 39
2.9428053 -2.1843679 1.8079569 150
4.1567631 -2.1222842 1.8754212 65
5.8000226 -1.3093618 1.864476 101
5.7907372 -1.1803511 1.8667068 112
5.7720942 -0.92733198 1.8669269 106
5.9456124 0.28012016 1.8767083 54
5.8541822 0.39502397 1.8330195 150
-4.9111781 0.50260442 1.8209943 11
-2.7365839 0.56896919 1.8454669 36
-2.5594726 0.57709372 1.8822279 31
-2.1875422 0.59913659 1.825309 35
5.8317451 0.51200771 1.811433 70
-0.31455839 0.6837759 1.8359208 48
-0.24534719 0.69316733 1.817347 46
-0.25513029 0.72047037 1.8697395 43
-0.05846677 0.73048705 1.8357854 48.5
0.16907647 0.75102299 1.8564856 46
0.20917864 0.73766309 1.8041948 31
2.2505386 0.96313745 1.8578848 50.666668
2.9724069 1.0059708 1.8656589 50
3.8443456 1.0616496 1.8599349 32
7.7979999 8.1495457 1.8738859 59
2.4166982 -5.5734291 1.9695413 26
2.3908775 -5.1587892 1.9326482 32
2.2851875 -4.3288813 1.9622524 28
2.2451408 -3.5078452 1.9349183 36
2.2258942 -3.0910978 1.998246 40
-5.5069451 -2.659373 1.9182382 45
-5.1685181 -2.6436207 1.9504567 54
0.40242741 -2.6161225 1.9179676 18
2.1965151 -2.6367419 1.9342794 41
-3.1645675 -2.5492148 1.989229 22
-3.0475788 -2.561347 1.9745394 27
-2.8006542 -2.5079131 1.9520471 83
-2.7421689 -2.5181258 1.9292399 91
2.2020311 -2.4152656 1.9257886 40
-0.47045308 -2.3628559 1.9940469 1
0.34149128 -2.3210201 1.953719 33
2.2553027 -2.2820227 1.9401554 64.666664
2.3417165 -2.2402258 1.9714345 87
2.4772274 -2.2265766 1.921055 91
3.0661216 -2.1901538 1.9079298 84
3.178679 -2.1780496 1.9986742 92
4.0480795 -2.1339798 1.9507736 80
4.3382769 -2.1101978 1.9825411 66
5.5780945 -1.7916037 1.9869024 7
6.0569715 -0.46493295 1.9655772 24
5.2710133 -0.37307006 1.9449039 20
6.1350417 -0.3428266 1.988167 49
6.1248312 -0.21482229 1.9783859 24
6.1096349 -0.087823965 1.966572 24
6.0971498 0.037273213 1.9519211 24
6.0740619 0.16225962 1.9338806 24
-5.287446 0.42264268 1.9721344 19
-4.5575867 0.51619911 1.9512688 8
-3.4516013 0.54112566 1.9687252 31.5
-2.8716764 0.54482448 1.9402986 27
-2.6545017 0.56195676 1.9539164 36
-2.5837431 0.57975876 1.925011 27
-2.3166671 0.59080935 1.9229655 26.5
-1.9537989 0.64579636 1.9666998 45
-1.5618887 0.64123237 1.9639316 36.5
-1.3197408 0.64994979 1.9673822 54
-1.1750785 0.66364223 1.9478791 78
-0.98857433 0.65957862 1.9756551 64
-0.84802479 0.67079043 1.9534465 99
-0.70499146 0.65983558 1.9620299 85
-0.57752055 0.66723555 1.9705107 60
-0.48073232 0.67396379 1.9556407 90
-0.34512058 0.6811893 1.9646292 57
-0.24511544 0.69112968 1.9368688 42.5
-1.1767751 0.71459353 1.9423171 2
-0.85086554 0.72584176 1.9597725 2
-0.70165503 0.70481461 1.9462109 24
-0.57195586 0.70899427 1.9415236 54
-0.47793067 0.72092962 1.9457365 12
-0.36974582 0.71850574 1.937004 67
-0.11991807 0.73428088 1.9328468 43
-0.09516912 0.72790039 1.9821188 42
0.15648326 0.74756581 1.9487191 40.5
0.79304105 0.87161708 1.9672974 49.333332
1.1181952 0.88046628 1.9515935 60
1.395408 0.88683432 1.9471502 51
1.426524 0.88887393 1.9640341 31
1.5989711 0.89311683 1.9568858 34
1.6195879 0.89242631 1.9822837 43
0.79868758 0.90159607 1.9252065 5
0.80852681 0.92436928 1.9511956 0
1.4134878 0.92084914 1.9411606 5
2.4204247 0.97411156 1.9874061 43
2.5936933 0.98147899 1.9598464 47
2.6451411 0.99109131 1.9264735 41
3.1768677 1.0257242 1.958151 35
7.8813381 6.3712311 1.9275789 39
7.8388748 7.2014737 1.9554527 56
2.4002266 -6.9403191 2.076 21
2.476862 -6.5835838 2.0566633 29
2.4463072 -6.0470171 2.0118029 27
2.3289487 -5.2314162 2.0492492 21
2.3169291 -4.1355739 2.077594 40
2.3024547 -3.8778419 2.0454366 33
2.294539 -3.6560242 2.0226693 14
2.2506542 -3.5706539 2.0575299 37
0.41588539 -2.9202526 2.033546 18
-5.8329115 -2.6741192 2.0532296 38
2.2015626 -2.6637888 2.0274947 44
-3.1724241 -2.5513999 2.0648386 71
-2.92856 -2.5149198 2.0503178 83
-2.8683546 -2.5231848 2.0264735 79
2.1987166 -2.4283972 2.0400183 39.5
-0.71598673 -2.3656049 2.036727 15.5
-0.55028987 -2.3550086 2.0692897 37
-0.27317783 -2.3338423 2.0562694 12
0.31339729 -2.3304279 2.0456116 1
2.2184627 -2.3778696 2.0704567 52
2.2532976 -2.2714291 2.0420709 67.5
2.4238451 -2.2273979 2.0532253 87
2.5728705 -2.2245548 2.0120211 90
2.6598904 -2.2066276 2.0944641 89
3.0205581 -2.194495 2.0700545 72
4.2116432 -2.1195793 2.0537624 76
2.6719534 -2.0025532 2.098429 40
4.5254946 -2.0901084 2.0923877 57
5.6068959 -1.680299 2.0119355 105
5.5909119 -1.5533093 2.0181761 110
5.5777578 -1.4303198 2.0230072 113
5.5005822 -0.83354563 2.030442 102
5.4827452 -0.60861111 2.0302896 105
-7.3386264 0.29860097 2.0283418 5
-3.033 0.55315542 2.0605791 28
-2.8276076 0.55804861 2.0947249 28
-2.7248054 0.57042313 2.0343356 24.5
-2.468272 0.58492291 2.071357 26.5
-2.0669067 0.60198623 2.0645201 25
-1.1974989 0.63100111 2.0052497 40
-0.87121779 0.64840621 2.039819 47
-0.73294151 0.65497357 2.0981193 50
-0.49441743 0.66830301 2.0879605 45
-0.24383977 0.69281179 2.0835667 46.5
-0.45927736 0.71328491 2.050458 37
-0.30742145 0.7162267 2.0183706 42
-0.17807391 0.73574096 2.0712397 58
0.15039888 0.74220121 2.0375099 35
0.7902211 0.86966473 2.0804152 42.5
1.1240876 0.87754822 2.0399179 41
1.4301813 0.88742077 2.0502672 35
1.6284891 0.89341283 2.0434663 28.5
2.3741107 0.97050464 2.0274396 49.5
3.2113037 1.0230693 2.0603359 30
4.2424741 1.0939249 2.093493 31
4.6040373 1.1236055 2.0314224 23
5.6277432 1.1647787 2.0060885 22
7.8602896 6.4381447 2.0521998 56
7.7846069 8.2610378 2.042598 51
2.5460582 -7.9135857 2.1610179 22
2.5127447 -7.2070708 2.1099215 23
2.3476133 -4.7349687 2.1509945 30
2.2856832 -4.4228225 2.1069691 26
2.3329449 -4.4232697 2.1141989 34
2.2447667 -3.6115673 2.1734636 36
0.43252605 -3.2792494 2.1664608 11
2.2303975 -3.1342716 2.1058388 39
-8.6731586 -2.8262668 2.1043313 21
2.2441163 -2.8261726 2.1534784 7
-5.4884229 -2.6633294 2.1000559 42
2.2172651 -2.6727395 2.1191843 34.5
-3.0697131 -2.5239215 2.16114 78
-2.9997847 -2.5272453 2.1284511 79
2.2298501 -2.5226107 2.1004238 45
-1.9647158 -2.4812641 2.1383965 1
-1.4191184 -2.4540272 2.1895006 20
-0.97714192 -2.4338825 2.1950574 26
-0.64604032 -2.4083111 2.180099 22
2.198684 -2.4444628 2.1613634 47
-0.77006137 -2.3655868 2.136204 21
-0.63712215 -2.3530266 2.1523182 63
-0.56191194 -2.352855 2.1831179 54
-0.42786902 -2.3927515 2.1625657 12
-0.32589453 -2.363821 2.1728196 23
2.2138519 -2.3451366 2.1803043 46
2.2492287 -2.2647223 2.1525247 71.800003
2.5181546 -2.2224383 2.1483836 85
2.7605116 -2.1985519 2.1902843 91
3.1432512 -2.1873813 2.1747992 76
3.3062296 -2.1737995 2.101356 90
4.3987002 -2.1099784 2.1714156 73
-4.9929109 0.44653365 2.1462212 17
-3.8187523 0.48689368 2.1942072 24
-3.8091576 0.51976591 2.1817389 23
-3.1898601 0.52168196 2.1695764 27
-2.9211371 0.55399311 2.1747241 24
-2.0166924 0.60787058 2.1019132 33
-1.6747136 0.61774743 2.1472268 41
-1.3935895 0.62294745 2.117533 47
-1.2732575 0.63005066 2.1778402 37
-1.0470864 0.63909477 2.1462324 46
-0.60071629 0.66966045 2.1320376 43
-0.35107476 0.68480694 2.124218 47.5
-0.41710901 0.72407258 2.1354227 41
-0.39264053 0.7222237 2.1893735 44
-0.14776295 0.72883391 2.1231899 44
0.09106607 0.75649345 2.1169903 50
0.11692678 0.74309826 2.1732712 41
0.78973234 0.87163872 2.1924653 39
1.1359551 0.87991965 2.1385102 34
1.451465 0.89073193 2.1428592 32
1.6433182 0.89955688 2.1219308 32
1.6690878 0.90089405 2.1485596 31
2.5770621 0.98860914 2.1886034 40
2.7901607 0.99745458 2.154983 45
2.8471138 1.0082407 2.1173949 37
3.4589255 1.0494083 2.1744542 31
7.8523159 6.5161662 2.1840811 37
7.8511081 7.2967424 2.1146138 58
2.5141215 -9.2368927 2.2089462 18
2.4003699 -5.5230608 2.2580857 27
2.3396988 -5.4024792 2.2404108 23
2.3724701 -5.1035457 2.2008326 25
2.2891479 -4.5276632 2.2642317 27
2.2363725 -3.1793931 2.2196796 36
-6.229413 -2.7039747 2.2136714 31
2.2373416 -2.7914157 2.2723863 30
-5.835206 -2.6810193 2.2616308 30
-3.5444076 -2.6024446 2.2923162 0
2.2174857 -2.6674414 2.2264295 43.5
-3.2130938 -2.5269275 2.2722378 73
-3.1463966 -2.5373132 2.2418923 72
-3.0344319 -2.5196693 2.2297449 1
-1.9952813 -2.4732592 2.2240565 16
-1.4443715 -2.452009 2.2836573 42
-0.99186713 -2.4237885 2.2830863 52
-0.65697908 -2.4140575 2.2815301 49
2.1962352 -2.4498575 2.2410734 41
2.2177982 -2.4429884 2.2384067 43.5
-0.82624853 -2.3640676 2.2402129 21
-0.65044206 -2.3498743 2.2697616 65.5
-0.43183011 -2.3993027 2.263623 37
-0.35898152 -2.3713036 2.2760668 34.333332
0.070315249 -2.3053396 2.2487638 15
2.2443414 -2.272284 2.249033 54.25
2.3457012 -2.2321784 2.249685 86
2.6138651 -2.2124753 2.24349 84
3.2701917 -2.1762466 2.2808828 71
3.437315 -2.1635208 2.2060783 77
4.5814433 -2.0884156 2.2861874 60
4.7455616 -2.0790043 2.2200437 57
6.0616312 -0.31354344 2.2721872 25
-2.9334776 0.56186384 2.2245154 21
-2.6336441 0.57510865 2.2320433 26.5
-2.2153087 0.59583288 2.2413037 27
-2.1445701 0.60178393 2.2646453 33
-1.4807229 0.61894423 2.2876 47
-0.91727453 0.64660347 2.2072325 37
-0.7696088 0.65399963 2.2685983 47
-0.5125376 0.66873896 2.2590253 46
-0.32767797 0.68464911 2.2875223 44
-0.24273485 0.69314718 2.2488337 43.5
-0.56122398 0.71880698 2.2302153 39.5
-0.23016177 0.73662466 2.2656136 48
0.046132825 0.75735474 2.2693245 52
1.150027 0.88288081 2.2464442 35.5
1.477515 0.8976838 2.2509844 35.5
1.6820569 0.9025079 2.2244229 30.5
2.5308607 0.98370969 2.2435699 37
7.8468142 7.3719373 2.2715733 50
7.7788868 8.3816023 2.2159874 52
2.4022999 -7.2115836 2.3176868 19
2.4548907 -6.5080533 2.37994 28
2.4222856 -5.9676361 2.3105388 27
2.3194034 -4.1141257 2.3978915 28
0.45154932 -3.8235676 2.3923879 17
2.3096545 -3.8604717 2.3550668 16
2.2486479 -3.6703062 2.304122 33
2.2346022 -3.210577 2.3286467 34
2.248847 -2.9651184 2.309587 11
-9.4800587 -2.8715615 2.3424215 17
2.2427087 -2.8711998 2.3758047 17
-6.6428752 -2.7228098 2.3828788 34
2.2180591 -2.7099707 2.3215771 36
-4.8498592 -2.6167235 2.3715906 0
-4.4598446 -2.595634 2.3827662 4
-4.0314617 -2.5590339 2.3723178 4
-3.5609715 -2.5639057 2.3698125 11
-3.303185 -2.5453956 2.3634076 66
-3.0938902 -2.5210783 2.3275893 9
-2.6936533 -2.5242219 2.3748078 17
2.22683 -2.5517638 2.3043284 42
-2.0361998 -2.4782555 2.3248756 38
-1.9494227 -2.4893575 2.3331616 1
-1.4732169 -2.4529917 2.3845284 62
-1.011039 -2.4286783 2.3878105 79
-0.89866716 -2.4233341 2.3520398 32
-0.66667253 -2.4118111 2.380038 78
-0.5666582 -2.4022727 2.3253047 4
2.199784 -2.4601662 2.3292027 37
-0.74645633 -2.3507473 2.3628607 59
-0.42147726 -2.3623962 2.3599033 70.5
-0.35836792 -2.3875079 2.3867059 61.5
-0.21798277 -2.346159 2.3290584 26
0.034036584 -2.3067436 2.3543863 44
2.2541351 -2.2589209 2.3341296 59.666668
2.4345493 -2.2217355 2.3451927 82
2.7153056 -2.2024448 2.3456085 79
2.7736907 -2.1448843 2.3997355 57
3.4021254 -2.1620617 2.3918414 71
3.573384 -2.1491866 2.3156705 78
4.9627709 -2.0548999 2.3463326 106
4.9600186 -1.9208877 2.3534284 131
4.9508157 -1.7878783 2.3556871 121
4.9480143 -1.6588664 2.3599553 120
4.9273486 -1.5258623 2.3539293 122
4.9222193 -1.401462 2.3559911 118
4.9193611 -1.2784507 2.3574278 125
4.9043446 -1.1544459 2.3513 120
4.9021559 -1.0344348 2.3506033 123
4.9006867 -0.91742331 2.3506021 128
4.8949003 -0.80041438 2.3464332 112
4.8876748 -0.68340635 2.3408754 125
4.8882895 -0.56939447 2.3387151 96
-3.4073882 0.53238833 2.331778 30
-3.1276178 0.542395 2.3446119 24
-1.7883952 0.60974222 2.328315 36
-1.3617287 0.62926823 2.3783481 41
-1.11265 0.64011157 2.3342564 66
-0.62686116 0.67026871 2.3143976 47
-0.3887828 0.68535882 2.30704 44
-0.51671624 0.72934401 2.3250787 44
-0.48558539 0.72423768 2.376693 41
0.078058705 0.74413109 2.3297174 41
0.79025489 0.87575078 2.3210285 41.5
1.15082 0.89660954 2.344229 43
1.5232103 0.89779466 2.3637478 38
1.4825724 0.90345949 2.3527718 38
1.6974603 0.90521592 2.3114173 33
1.7222413 0.90447778 2.327764 33
3.0546317 1.0232918 2.3652334 31
3.5221858 1.0507834 2.3114607 30
4.6989474 1.1226958 2.3632939 17
5.1631036 1.1629103 2.3319893 20
6.4134378 1.2142591 2.3299577 12
6.4191499 5.077909 2.392519 35
6.5842657 5.1741257 2.3442533 2
7.8962965 6.0665026 2.3008878 49
6.7486539 6.4578671 2.3660812 1
7.8587446 6.606298 2.322741 51
7.7035937 6.7545509 2.3561141 30
6.7062268 7.4621763 2.3811426 56
7.7634487 8.4931726 2.3936863 47
2.4841211 -7.1034737 2.4504879 19
2.3428833 -5.5565262 2.4356019 23
2.300175 -4.6533556 2.4384949 21
2.3372364 -4.4106302 2.4572225 40
2.2549732 -3.733952 2.4437215 32
2.2360661 -3.2437139 2.4424851 36
2.2541904 -3.0548751 2.4201365 6
-6.2418075 -2.7076738 2.4489458 33
2.2030525 -2.7317238 2.4494152 40.5
-4.622272 -2.604336 2.4620669 8
-4.3745871 -2.6222365 2.4198737 9
-4.9063601 -2.5972695 2.458518 6
-4.8669667 -2.5218859 2.4958756 14
-4.5407786 -2.5920651 2.4945917 19
-4.1317849 -2.5734675 2.4884856 17
-3.812681 -2.5648291 2.4589677 73
-3.6513371 -2.5694566 2.4529915 24
-3.3788278 -2.5409305 2.4020538 72
-3.1600621 -2.5274484 2.4328711 19
-2.7335279 -2.5115659 2.4754145 53
-4.4371543 -2.4736876 2.4985564 26
-2.6894226 -2.4092693 2.4929223 63
-2.0760367 -2.4782517 2.4247847 55
-1.9740837 -2.4464865 2.4580669 68.5
-1.4999875 -2.4489729 2.4845746 125
-1.3759499 -2.4304237 2.4461937 62.5
-1.0287209 -2.4204369 2.4847524 119
-0.90939337 -2.4204252 2.4554825 67
-0.67663485 -2.406558 2.4815259 113
2.1973658 -2.4615438 2.4111176 35
-4.6586394 -2.301281 2.4939756 27
-2.0592527 -2.3382316 2.4964886 97
-1.9325901 -2.3021202 2.4850733 91
-1.4830015 -2.3539579 2.4960442 96
-1.3558338 -2.3031847 2.4847379 107
-1.0187597 -2.3244169 2.495523 115
-0.90414244 -2.3470557 2.4925163 90
-0.80484992 -2.3451624 2.4752722 32
-0.67222691 -2.3381882 2.4517107 87.5
-0.57061148 -2.3774478 2.459784 80
-0.44599596 -2.3464324 2.4764709 91.666664
-0.35915121 -2.3831568 2.4895101 116.5
-0.25721309 -2.3365343 2.4255109 56
-0.0026727258 -2.3061411 2.4609015 69
-4.7536173 -2.2393396 2.4997504 30
-2.6338794 -2.2970479 2.4953747 89
-2.0249774 -2.2362189 2.4944441 103
-1.3347638 -2.2030411 2.4910011 104
-0.89165169 -2.241982 2.4937932 105
-0.66733676 -2.2125292 2.4968586 111
-0.5650751 -2.2545428 2.4977841 97
-0.43921977 -2.2142959 2.4989874 103
2.2361009 -2.2711515 2.4503777 38.333332
2.3604434 -2.2236245 2.4030964 72
2.4936726 -2.2142043 2.4734693 80
2.5626924 -2.2082019 2.4199207 88
-4.6524429 -2.1350269 2.4985638 38
-4.5677681 -2.1999979 2.4958477 36
-4.4826379 -2.1028051 2.4971428 42
-1.9961146 -2.1422074 2.4969475 100
-1.8981303 -2.1969697 2.4875882 92
-1.4443128 -2.1559322 2.4993172 105
-1.3133146 -2.1029279 2.4932818 96
-0.99619383 -2.1264014 2.4982176 112
-0.87806064 -2.1399124 2.4941943 108
-0.66252762 -2.1145358 2.497009 108
2.988189 -2.1861126 2.4078553 95
3.7208381 -2.1357584 2.4322307 75
-4.5479112 -2.0287304 2.4936635 45
-2.5259025 -2.0776885 2.4909792 75
-1.9692875 -2.0502136 2.4993279 79
-1.8635682 -2.0938268 2.4891231 90
-1.4253749 -2.0619206 2.499917 94
-1.2915809 -2.0028381 2.4925749 92
-0.9863537 -2.032397 2.4989445 113
-0.86671251 -2.0458252 2.4974666 106
-0.65619618 -2.0155561 2.4912691 102
-0.4366594 -2.0183363 2.4983008 98
4.8061876 -2.079509 2.4254081 93
-2.4802678 -1.9785098 2.4925835 85
-1.9411603 -1.9602025 2.4987552 87
-1.818841 -1.9506283 2.4928398 96.5
-1.2718196 -1.907757 2.4917183 109
-0.97499579 -1.9373988 2.4937811 101
-0.85490304 -1.9497818 2.4957418 100
-0.65288913 -1.9285489 2.4973419 110
-0.43442738 -1.9243773 2.4930429 100
-0.37179887 -1.9905274 2.4987998 96
4.8321843 -1.9662055 2.4518576 129
-4.3841352 -1.8432093 2.4987869 54
-2.4366128 -1.8823395 2.4940212 93
-1.7769901 -1.8114501 2.4953067 91
-1.2529436 -1.8166883 2.4898033 106
-0.96523196 -1.8503928 2.4955161 115
-0.84435183 -1.8587165 2.4969547 101
-0.6479739 -1.8395581 2.4965253 104
-0.43306208 -1.8393737 2.4977889 110
-0.34623322 -1.8404878 2.4989405 104
4.8125887 -1.8342861 2.4503102 131
-2.3957474 -1.7881968 2.4931989 92
-1.7478844 -1.71937 2.4913793 90
-1.2376949 -1.7315786 2.4946203 113
-0.95494682 -1.7623948 2.4912729 108
-0.83341855 -1.7696859 2.4942024 114
-0.64339685 -1.757557 2.4997139 106
-0.53233105 -1.7013747 2.4995215 100
-0.43125713 -1.7523925 2.4975469 116
4.8015366 -1.7073029 2.4529631 134
-1.7256655 -1.6372428 2.4969132 102
-1.2196136 -1.6435297 2.4906425 98
-0.94340199 -1.6438887 2.4951284 113
-0.81958741 -1.6445919 2.4964333 110.5
-0.52653462 -1.6104716 2.4871333 121
-2.6994264 -1.5038102 2.4989495 77
-2.2887638 -1.5277739 2.4974432 88
-1.6948951 -1.5462095 2.4861205 90
-1.205057 -1.5634475 2.4924178 94
-0.93150669 -1.526388 2.4950018 102
-0.80528039 -1.5215415 2.4937029 119
-0.63226867 -1.5514555 2.4926863 121.5
-0.42688391 -1.5509303 2.4990156 123.5
4.7911997 -1.5843225 2.4549327 138
-1.787768 -1.4031411 2.4989955 92
-1.6781027 -1.4710675 2.4962096 91
-1.1847987 -1.4463232 2.4959567 99
-0.92497104 -1.4533831 2.4994876 128
-0.79675871 -1.4454758 2.495856 115
-0.62696451 -1.439454 2.4983635 134
-0.51944065 -1.4623432 2.4983926 121
4.7815676 -1.462345 2.4561963 130
-1.6458067 -1.3514506 2.4934134 100
-1.1652478 -1.3302265 2.4964213 124
-0.91367257 -1.3403898 2.4948001 119.5
-0.78867435 -1.3684669 2.4919322 119
-0.62275445 -1.3644732 2.4945118 118
-0.50985396 -1.3123149 2.4968357 124
-0.3277564 -1.3370801 2.4985359 132
4.7655277 -1.3414289 2.452579 127
-2.1975412 -1.2874267 2.4993289 87
-1.6189277 -1.2398273 2.49616 94
-1.2844011 -1.2638545 2.4987772 116
-1.1511939 -1.2551875 2.4931624 111
-0.90522105 -1.238387 2.499917 132
-0.7779544 -1.2603681 2.4960222 128
-0.61817098 -1.2579818 2.4971323 117.5
4.760891 -1.2264166 2.4559708 137
-3.2146068 -1.1338166 2.4987788 72
-1.6001891 -1.1647543 2.4963901 93
-1.1345043 -1.1471119 2.4924102 123.5
-0.89316911 -1.1013945 2.4977751 135
-0.76812166 -1.1562824 2.499058 127
-0.61240751 -1.1554935 2.4978614 123
-0.49791235 -1.1042273 2.4999611 133
-0.33573735 -1.1258392 2.4992821 133.5
4.7491226 -1.1094741 2.453758 116
-3.3021147 -1.002148 2.462044 73
-2.1200085 -1.0631541 2.4980202 99
-1.5748565 -1.0576727 2.4945021 102
-1.1193597 -1.0439942 2.4975755 128
-0.76137787 -1.0872427 2.4990931 116
-3.3012486 -0.94391131 2.4928432 68
-3.1249526 -0.93856686 2.4998465 73
-2.08847 -0.95802557 2.4997416 93
-0.41905475 -0.95436001 2.434823 148
4.743042 -0.99749982 2.452944 118
-3.0834131 -0.84396791 2.4980822 78.5
-2.057734 -0.85391611 2.4993854 86
-1.5321474 -0.85250211 2.4955578 110
-0.40477157 -0.84140414 2.4091752 73
4.7433805 -0.88746399 2.4570339 120
-3.0481246 -0.75136858 2.4987545 76
-1.0835286 -0.78079051 2.4999521 127
-0.40531531 -0.73646402 2.4550204 82.5
-0.39942247 -0.77187693 2.4007428 36
4.732317 -0.77553517 2.4527321 124
-3.1783905 -0.6734454 2.4995317 74
-0.4167524 -0.6556592 2.4508095 33
4.7305083 -0.66753435 2.4533219 116
4.7336688 -0.55949926 2.455986 90
-0.64801478 0.04739086 2.4987454 103
-0.75543702 0.15007342 2.4974501 106
-0.64063472 0.14441955 2.4976373 105
-0.73973233 0.26022601 2.4980214 98.333336
-0.63418663 0.23894289 2.4949925 107.5
-0.062370546 0.29830787 2.492543 106
0.0091025438 0.24113095 2.4980881 116
0.66106582 0.23928815 2.4970336 99.5
-0.72907227 0.34730339 2.4957561 101
-0.62363595 0.36497223 2.4892497 100
-0.56170058 0.34772384 2.498956 112.5
-0.39014465 0.32798907 2.4999781 103
-0.058018006 0.35635594 2.4942853 95
0.01367644 0.35013855 2.4962988 114
1.0255988 0.36869094 2.4988513 95
1.5615236 0.38718837 2.4968832 81
-0.72356009 0.44355708 2.4949646 98.75
-0.61954427 0.45850065 2.4904704 107
-0.55729884 0.44122681 2.497705 104
-0.38072586 0.44903716 2.4951634 104
-0.048950188 0.47443259 2.4946132 103
0.016267216 0.40517256 2.4994199 108
0.68868494 0.44540697 2.498358 107
0.73510152 0.45512223 2.4991627 106
1.1007507 0.47982705 2.4965231 99
1.4053817 0.44744131 2.4997413 89.5
1.5798981 0.44426662 2.4980903 88.5
-3.3309619 0.52865702 2.4889262 76
-3.1453369 0.54852223 2.4044461 20
-2.8348641 0.5659346 2.4264922 29
-2.3440869 0.59184718 2.4534211 45.5
-0.71599382 0.53981781 2.4896474 99
-0.60986531 0.55351877 2.4832602 106
-0.55202234 0.53622997 2.4957581 116.5
-0.37171382 0.54106712 2.4891448 109.5
-0.29403815 0.5572688 2.4965093 117
-0.040087938 0.56197852 2.492239 115.5
0.024107268 0.54368925 2.4973469 115.5
0.7309128 0.54826319 2.4963698 104.8
1.0611255 0.5357725 2.4967899 88.5
1.3862488 0.57727933 2.4977489 93
1.4316103 0.54551601 2.4977903 91
1.5874803 0.54822141 2.4970436 84
1.6176746 0.55939198 2.4960036 81
-1.5809889 0.61394036 2.481616 88
-0.97803837 0.65014577 2.4234324 51
-0.8159194 0.65920579 2.4883974 86
-0.71626806 0.6262722 2.4889736 103.66666
-0.65152341 0.66264224 2.4900315 114
-0.54026204 0.66659337 2.4862421 105
-0.35184908 0.67323709 2.4892132 109.66666
-0.26983339 0.66401035 2.4838326 100
-0.029901365 0.65152484 2.4893692 112
0.031360969 0.65570545 2.4957039 111.5
0.74583721 0.65958476 2.493197 103.25
1.086027 0.63285232 2.4973886 90.5
1.1375065 0.65162706 2.4959805 99.333336
1.4428535 0.64316231 2.4937427 88
1.6397082 0.65175176 2.4927628 84.833336
-0.67276192 0.71933317 2.427017 50.5
-0.59887713 0.71456063 2.4798713 112
-0.33419752 0.74494797 2.4353664 77
-0.26531124 0.71823996 2.4723136 88
-0.017058382 0.73801017 2.476161 105.5
0.039255463 0.73818046 2.4884503 103
0.76587963 0.76191592 2.4953403 107.25
1.1385524 0.74471617 2.4939833 95
1.4676101 0.73829114 2.4908626 85.75
1.5077108 0.78269088 2.4866178 87
1.6738974 0.74350768 2.4887254 84.333336
1.7035517 0.77166623 2.4902043 91
0.7813279 0.85512692 2.486048 97
0.80327088 0.87408155 2.4638507 48
1.1693372 0.85575056 2.4753046 84
1.4849465 0.84353411 2.4883275 87
1.5381862 0.86175281 2.4810786 87
1.6977032 0.81058538 2.4892874 83
1.7362325 0.85834491 2.4872577 89
1.5089658 0.90548062 2.4717109 65
1.7435095 0.9093188 2.4291649 33
-1.0044371 1.0015568 2.4925108 0
2.7453957 1.00318 2.4512081 38
2.8085756 1.0105021 2.4082129 37
3.7965658 1.0756376 2.4354579 34
0.89253056 1.2465396 2.4852605 0
0.91727108 1.3341885 2.4948554 0
2.7424426 1.7523865 2.4511452 9.5
2.8148062 1.7346029 2.4366686 8
2.7322979 1.8887339 2.4343483 10
2.7333791 1.9887223 2.4321971 10
2.7422984 2.0998006 2.4390781 11
3.2796781 2.686142 2.4669201 68
3.3185778 2.6805975 2.4735215 52
3.3707321 2.7328899 2.4624145 42
3.2863152 2.8151042 2.458822 66
3.3018208 2.8033044 2.4392741 70
3.4968195 2.8351359 2.4737036 21.5
3.5583277 2.8826656 2.4484279 20
3.2882242 2.9300623 2.4322844 43
3.6407754 2.9245849 2.4494412 1
5.518549 3.7207584 2.4942601 1
5.5219336 3.8825574 2.4660935 16
5.530241 4.0533791 2.4385169 1
6.1980886 4.7653008 2.4674342 33
4.2973752 4.8731623 2.4037483 3
6.0100007 4.8038249 2.4420254 37
6.4052162 4.8939137 2.4467607 41
6.2494636 4.9726243 2.4342349 73
5.8342505 5.0405002 2.4356921 78
6.6598949 5.0578094 2.4396524 45
7.9098463 6.1385927 2.4342566 30
7.6839423 6.4915419 2.4357495 9
7.8540354 6.6863904 2.4616978 43
7.837677 7.4431405 2.4317896 42
2.5329642 -9.7838335 2.5533621 24
2.5165756 -7.8038096 2.5316737 24
2.3812709 -5.1194568 2.5971782 37
2.2918918 -4.7282352 2.5944304 61
2.3580768 -4.744082 2.5224581 35
0.52465069 -4.6189742 2.5974498 74
1.3774 -4.6667905 2.573524 79
0.48169029 -4.3681655 2.5866466 60
1.168933 -4.0652595 2.5939426 63
2.3176258 -4.0861769 2.555284 10
1.8895365 -3.9325032 2.5956976 63
1.1074003 -3.8694835 2.5879483 71
1.8047748 -3.756815 2.5898311 70
2.2595675 -3.7925706 2.5868876 51
1.0512909 -3.6896882 2.5824084 72
0.99877399 -3.5178857 2.5764067 82
1.7272295 -3.5920947 2.5852435 77
1.6550398 -3.4353704 2.5788188 71
2.0928137 -3.499063 2.5974569 63
0.69975942 -3.3657484 2.5940669 67
0.95182765 -3.3660152 2.577594 76
2.0130701 -3.3513706 2.5950503 66
0.66386706 -3.2098687 2.5904436 46
0.9074108 -3.2141917 2.5711267 74
1.3379155 -3.2960992 2.59992 70
1.5894234 -3.2915626 2.577764 79
1.9382502 -3.21067 2.5917113 73
2.2362356 -3.2748344 2.5590179 62
1.2846128 -3.1522896 2.5979128 75
1.5299586 -3.159754 2.5775287 75
2.1695936 -3.1719255 2.5765493 76
0.63174844 -3.0689228 2.5931225 20
0.86573124 -3.0713506 2.566011 87
1.2339336 -3.0125027 2.5927539 69
1.471253 -3.0249891 2.5709939 83
1.8664325 -3.0720196 2.5820651 65
2.0925272 -3.0422401 2.5690341 66
0.8281213 -2.9374912 2.5617731 57
1.8038568 -2.9502304 2.5835681 72
2.0245903 -2.9284742 2.5681689 88
-10.131672 -2.8366969 2.5443015 31
0.79234231 -2.8116198 2.5584509 28
1.1867831 -2.8767319 2.5848696 41
1.4175217 -2.8991985 2.5657687 78
1.7414995 -2.823535 2.5751777 64
1.9629991 -2.8216636 2.5703621 80
-7.0439191 -2.7156491 2.5471964 39
0.76152551 -2.7135885 2.5753598 0
1.1437069 -2.7499387 2.577877 15
1.3678582 -2.7813888 2.5614152 66
1.6855627 -2.7097664 2.5721431 54
1.8994006 -2.7079346 2.5627017 71
2.1838844 -2.7132921 2.5686255 86
-6.4597387 -2.6333878 2.5617282 49
-4.5694618 -2.6032426 2.5404689 94
1.1028794 -2.6271386 2.5708723 0
1.321398 -2.6695495 2.5597265 41
1.6346453 -2.6029463 2.5726471 36
1.8399187 -2.603168 2.5581601 55
2.1194541 -2.6085675 2.564992 63
-7.0382934 -2.5385525 2.5586352 38
-5.0990438 -2.5834236 2.501565 14
-4.7431097 -2.53315 2.5438092 75
-3.9277987 -2.5147524 2.5457716 84
-3.8275726 -2.5586803 2.5348382 90
-3.5572762 -2.5519347 2.5416348 92
-3.4820919 -2.5634787 2.502281 74
1.2809175 -2.5706453 2.5642762 19
1.7876887 -2.5063505 2.5571134 39
2.0553596 -2.502887 2.5559764 50
-6.3904419 -2.436259 2.5529585 43
-4.9789948 -2.4660387 2.5020759 19
-4.7777534 -2.4195585 2.5046148 19
-4.5619717 -2.4592352 2.5426338 77
-4.0713162 -2.4771311 2.5026135 22
-3.840065 -2.4346802 2.5467904 81
-3.5639784 -2.460108 2.5375488 70
-3.1872897 -2.4959536 2.5074036 49
-2.0966878 -2.448245 2.5002658 102
0.50141495 -2.4155385 2.5570066 1
1.5830977 -2.4932058 2.5650847 15
1.7395688 -2.4164963 2.5591698 26
2.0032568 -2.4160383 2.5616434 37
2.1744714 -2.4305565 2.5495427 49
2.2037663 -2.4747808 2.5072651 39
-7.0074329 -2.3534701 2.5592389 38
-4.868082 -2.3526742 2.5037582 21
-4.7249041 -2.3800926 2.5472081 71
-4.5448022 -2.3132269 2.5394759 72
-4.3396788 -2.3593199 2.5039744 36
-3.9534528 -2.372828 2.523231 54
-3.8365445 -2.3036728 2.5467222 77
-3.5500937 -2.3257217 2.5484967 77
-3.4893045 -2.3426151 2.5045822 51
-3.1292472 -2.3868189 2.5060534 60
-0.72333342 -2.3508539 2.5128005 85
-0.29891354 -2.3318408 2.5318918 101
0.1633427 -2.3253481 2.5245678 28
0.48070586 -2.3155198 2.5642371 31
1.6959848 -2.3326101 2.5634184 8
1.948661 -2.3202937 2.5561011 20
2.1279485 -2.3566184 2.5624046 37
-6.336904 -2.2501183 2.5512564 40
-4.7006049 -2.2300529 2.5453393 73
-4.241724 -2.2469876 2.5044305 41
-3.9208901 -2.2607071 2.5298374 60.5
-3.5368586 -2.2255061 2.5482759 81
-3.4188936 -2.2343304 2.5094779 63
-3.0753582 -2.2846823 2.5063717 64
-1.4644147 -2.2559443 2.5006266 104
-1.0083628 -2.228404 2.5013137 105
-0.72045392 -2.2448516 2.520767 4
-0.49090302 -2.292331 2.5494697 91
-0.34124759 -2.269598 2.5155067 93
-0.036628656 -2.2866132 2.5542517 95
0.14566746 -2.243232 2.54669 62
0.46145788 -2.2076073 2.5588348 64
1.902384 -2.2394276 2.5612559 8
2.0665007 -2.2599411 2.5480969 22
2.2468238 -2.2640269 2.5479827 29
2.4526799 -2.213589 2.5060301 72
2.5944979 -2.2051075 2.5847979 85
2.6663077 -2.201046 2.5298429 83
-6.9577031 -2.1673954 2.5521004 37
-4.5353827 -2.1722195 2.5391345 75
-4.1549802 -2.1416779 2.5068855 48
-3.8584673 -2.1516311 2.5309408 66.333336
-3.5523193 -2.1749365 2.5454755 75
-3.3491902 -2.1270716 2.5113003 65
-3.0244429 -2.1875551 2.5064459 73
-2.5857506 -2.1928194 2.5022016 100
-0.55887139 -2.1574683 2.5024481 106
-0.46296516 -2.1488104 2.5238113 106
-0.34116092 -2.1679232 2.5171325 101
-0.045320861 -2.1835895 2.5574048 86
0.13281529 -2.1422794 2.5444202 83
0.44244304 -2.1054816 2.554975 79
0.62689251 -2.1642394 2.5392005 5
0.94120812 -2.112761 2.5600295 9
1.9799591 -2.1171288 2.5625503 4
2.0235159 -2.1900117 2.5582373 8
2.1436946 -2.1564317 2.5440476 13
2.9396079 -2.183181 2.5694277 106
3.108784 -2.1758304 2.5218463 83
3.5468895 -2.1477697 2.5125656 65
3.8875549 -2.1261365 2.5648987 81
-6.2947087 -2.0709882 2.552418 43
-4.6760244 -2.0830214 2.542105 71
-4.5309358 -2.0382125 2.5421486 75
-4.4091311 -2.012548 2.5024703 46
-4.064784 -2.0343916 2.5046318 55
-3.8253541 -2.0476563 2.5437901 83
-3.7910163 -2.0803134 2.509234 55
-3.5399103 -2.0777187 2.5458186 75.5
-3.2844505 -2.0238335 2.5126801 66
-2.9574833 -2.0488567 2.5107417 77.5
-0.55311489 -2.0594561 2.5010359 116
-0.48789942 -2.0743012 2.5458755 76
-0.34040833 -2.0660374 2.5130758 100.33334
-0.052859418 -2.0776088 2.55335 76
0.12135494 -2.0463102 2.5439484 94
0.42648485 -2.0115161 2.5545287 87
0.60520375 -2.0752845 2.5416768 34
0.91442561 -2.0208805 2.5565908 30
2.12502 -2.0764203 2.5542464 6.5
-6.9101763 -1.9873244 2.5452807 45
-4.6483917 -1.9369869 2.5380378 71
-4.518199 -1.9012047 2.5395713 79
-4.4755635 -1.9404715 2.5028574 49
-4.3353415 -1.9223113 2.5048115 49
-3.9955859 -1.9410995 2.5125389 56
-3.8549657 -1.9551811 2.5444672 78
-3.7226288 -1.9851569 2.5049827 58
-3.5311594 -1.9553101 2.5415699 74.5
-3.2150695 -1.9196301 2.5074625 67
-2.8876834 -1.9112175 2.506274 89
-1.4086844 -1.9729097 2.5033357 99
-0.54743999 -1.9644338 2.5006487 100
-0.48506004 -1.9692851 2.5436094 38
-0.34115112 -1.9410434 2.5139301 95.666664
-0.058996342 -1.977613 2.5510864 82
0.1102812 -1.9513626 2.5403447 93
0.41089511 -1.9165777 2.5509317 84
0.58475411 -1.9853615 2.5392008 65
0.88945854 -1.930985 2.5540252 60
1.0416704 -1.9216013 2.5365243 10
2.6695776 -1.9721942 2.5082934 34
-6.8903761 -1.8162603 2.5473597 36
-6.2458553 -1.8958757 2.5491626 44
-4.2550163 -1.831094 2.5017376 55
-3.9143233 -1.8418492 2.5094943 59
-3.8466759 -1.8326731 2.5433326 79.5
-3.6379271 -1.8549063 2.5075498 60.5
-3.5315733 -1.84181 2.5445838 78
-3.1573656 -1.8244137 2.5092361 68
-2.845515 -1.8241338 2.5035875 84
-1.9173638 -1.8751923 2.5018206 88
-1.3928136 -1.8869004 2.5046768 106
-0.54283559 -1.8744061 2.5012152 106
-0.31785807 -1.8337154 2.5366433 86
-0.065125696 -1.8806171 2.5488403 84
0.10059941 -1.861398 2.5385385 95
0.39664799 -1.8256392 2.5468895 78
0.55678856 -1.8574675 2.5357063 86
0.86674023 -1.8450824 2.5514479 76
1.0162923 -1.8417088 2.5328627 42
1.3177245 -1.863227 2.5494843 11
-6.2064128 -1.7237586 2.5498409 44
-4.627665 -1.7989565 2.5362642 71
-4.5090942 -1.7712712 2.5406933 80
-4.317883 -1.7579415 2.5064771 55
-4.1880865 -1.7458894 2.5024598 54
-3.855731 -1.743655 2.5260229 70.5
-3.536144 -1.7274338 2.530504 70.333336
-3.1047204 -1.7332103 2.5115626 66
-2.8077843 -1.743026 2.505548 76
-2.366123 -1.7059937 2.5054569 84
-1.8835287 -1.7516782 2.5047519 83.5
-1.3681624 -1.7573881 2.502748 109
-0.53713661 -1.7863835 2.5008974 105
-0.35005426 -1.7292268 2.5034177 105.5
0.089641884 -1.7754173 2.5394716 95
0.38348874 -1.7416338 2.5500407 84
0.53122735 -1.740518 2.5389526 93
0.84535956 -1.7611802 2.5484128 80
0.99340928 -1.7727262 2.5404141 67
1.2746994 -1.7459334 2.5447981 37.5
1.4301554 -1.7696857 2.5388916 4
-6.8564215 -1.6452022 2.543637 46
-4.6072102 -1.660918 2.5358806 73
-4.4996748 -1.6432637 2.5403523 80
-4.2364831 -1.6677104 2.5025098 54
-4.1274958 -1.6646791 2.5066276 56
-3.8263278 -1.6491623 2.5367849 76
-3.7719526 -1.657397 2.5075507 61
-3.5074468 -1.6415229 2.5215268 67.5
-3.0474372 -1.6400418 2.5072839 80
-2.7674136 -1.6579633 2.5006974 73
-2.3258586 -1.6158847 2.5005894 89
-1.8528534 -1.6341649 2.5094159 97
-1.3465793 -1.6348782 2.5015593 92
-0.63986474 -1.6754193 2.5018988 109
-0.42970204 -1.672398 2.5003273 120
-0.3482812 -1.6496949 2.5084476 115.5
0.080931403 -1.6934304 2.5403883 74
0.37106979 -1.656682 2.546901 89
0.5156095 -1.6576194 2.5310621 91
0.81605411 -1.6432931 2.5463371 81.5
0.95912355 -1.6593902 2.5328808 91
1.2357867 -1.634596 2.5432129 71
1.3863918 -1.664896 2.5346804 33
1.5964799 -1.6267346 2.5469327 22
1.6276755 -1.696586 2.5500357 6
1.7132679 -1.6221501 2.5478463 6
-11.08406 -1.5603056 2.5479596 32
-9.5810623 -1.5689077 2.5391428 19
-6.1594787 -1.556661 2.5455534 44
-4.5936666 -1.5288837 2.5377779 73
-4.4924707 -1.5172564 2.5403006 84
-4.1393681 -1.5448723 2.5063322 56.5
-4.0318251 -1.5429072 2.5047939 54
-3.8023858 -1.5676229 2.5387678 81
-3.7100389 -1.5701857 2.5077775 56
-3.5150542 -1.5563049 2.5388148 79
-3.4579284 -1.568426 2.5059683 59
-2.9953034 -1.5518793 2.5045612 70
-2.7357357 -1.5828675 2.5031347 76
-1.8304378 -1.5541569 2.5053353 99
-1.3338602 -1.5588714 2.5046396 94
-0.52363503 -1.5423098 2.5037932 111
-0.34661275 -1.5667455 2.5034025 126
0.35919929 -1.5766966 2.5473714 70
0.4862754 -1.5156425 2.539571 88
0.50105458 -1.5826662 2.530365 97
0.78893954 -1.5274217 2.5419943 80
0.9281401 -1.5549914 2.5325043 93
1.2123054 -1.5656703 2.5448399 77
1.3369021 -1.5380638 2.5386934 75
1.5647135 -1.5549344 2.5380096 31
1.6797436 -1.5553406 2.5381432 22
1.7914097 -1.5307891 2.5365858 15
1.8416744 -1.5669107 2.536588 6.3333335
-6.8277307 -1.4771495 2.5410383 46
-4.0406938 -1.4210719 2.5042682 57
-3.9463792 -1.426151 2.5050404 56
-3.8367152 -1.4966888 2.5334153 75
-3.7880781 -1.4506108 2.5314322 78
-3.6502008 -1.4859751 2.5088325 60
-3.5379343 -1.4334625 2.5278952 74
-3.4162152 -1.4942949 2.5083833 68
-3.3743143 -1.4201777 2.5088069 66
-2.950598 -1.4677091 2.5061839 70
-2.6761711 -1.4337033 2.5056498 85
-2.2582777 -1.447637 2.5007579 92
-1.8103598 -1.4791489 2.5050673 97
-1.3147581 -1.4458642 2.5032406 104.5
-0.42431313 -1.4374493 2.5007317 133
-0.34403551 -1.4507589 2.5036898 124.5
0.47344005 -1.44171 2.5352681 96
0.77313405 -1.45743 2.5461283 85
0.8914488 -1.4221194 2.5309136 97
0.90907866 -1.4870725 2.5296996 94
1.179701 -1.462803 2.5440974 80
1.3015881 -1.4422212 2.5335205 88
1.5286818 -1.4630315 2.543539 54.5
1.6379831 -1.4635098 2.5348926 43.5
1.7590891 -1.4289112 2.5340054 31.666666
1.8091512 -1.4666643 2.5383489 24
-11.015487 -1.3183223 2.5434821 32
-9.4794731 -1.3366065 2.5334258 37
-6.8190036 -1.3151044 2.5445547 46
-6.1200171 -1.393574 2.5427077 48
-4.5687709 -1.3968598 2.5332625 72
-4.476418 -1.3902484 2.535486 81
-3.9807281 -1.3428792 2.5043802 59
-3.8573203 -1.3663405 2.5167902 66.5
-3.7889524 -1.3416053 2.535558 79
-3.5275207 -1.3478609 2.523632 72
-3.4938884 -1.3074859 2.5321202 79
-3.331135 -1.3460782 2.5063386 62
-2.9021521 -1.382585 2.5001187 73
-2.8634934 -1.3044323 2.5022144 74
-2.6495523 -1.3636161 2.5086513 82
-2.2275066 -1.3675224 2.5010865 86
-1.7741867 -1.3341347 2.5041838 97
-1.3003273 -1.3398577 2.509469 107
-0.86725909 -1.3173988 2.5182261 45.5
-0.74880338 -1.3108312 2.5188098 57
-0.65936887 -1.3008292 2.5217073 37
-0.51496589 -1.3882954 2.5011091 141
-0.4225654 -1.3634636 2.5015531 122
-0.35460305 -1.338505 2.5035012 124
0.45662838 -1.3353152 2.5272317 70.5
0.75094348 -1.3495518 2.5408585 82.5
0.87424839 -1.3571718 2.5312247 94
1.1467915 -1.3550652 2.5298958 86
1.2685454 -1.3503625 2.5294518 97
1.4784462 -1.3353655 2.5360801 72.5
1.5763369 -1.3187543 2.5307252 78
1.6003257 -1.3766409 2.5347311 68
1.7314095 -1.3505177 2.5320535 50
-6.0811024 -1.2334957 2.5390589 52
-4.5474725 -1.2678454 2.5287795 76
-4.4694829 -1.2682412 2.5368237 80
-3.9289975 -1.2686963 2.5067532 61
-3.8241401 -1.2721981 2.5137401 66.5
-3.7943547 -1.2206485 2.5232439 69
-3.493763 -1.237342 2.5248251 73.666664
-3.2757821 -1.2404244 2.5068064 75.5
-2.8279133 -1.2272847 2.5050292 77
-2.6172106 -1.2905715 2.5041358 73
-2.5911169 -1.2205241 2.5020649 83
-2.1730068 -1.2133155 2.502121 89
-1.756012 -1.2641279 2.5027466 101
-0.85911357 -1.234879 2.5181856 75.5
-0.74569941 -1.2318027 2.5234618 81
-0.6510573 -1.218827 2.5156567 95
-0.50699461 -1.245204 2.5064998 120
-0.43475735 -1.2560412 2.511086 110.33334
-0.33409297 -1.2594728 2.5070419 80.666664
-0.09375497 -1.2068312 2.5264072 88
0.7310527 -1.2456439 2.537812 81
0.8519839 -1.2637589 2.5289664 93.5
1.1220326 -1.2645814 2.5385008 85.5
1.2319674 -1.2364714 2.5313244 93.5
1.4477882 -1.2475431 2.5381894 82
1.5452149 -1.2378514 2.5320477 79
1.6751759 -1.2682395 2.5334315 65
1.7193369 -1.2690135 2.5342991 64.5
-9.3994942 -1.1093407 2.531389 36
-6.7656078 -1.1480728 2.5303552 44
-4.5264421 -1.1408229 2.5256989 74
-4.4622774 -1.146234 2.5367727 81
-3.832618 -1.1568145 2.5117338 65
-3.7609093 -1.1285794 2.5176144 68.5
-3.4764512 -1.1432883 2.5255072 74.333336
-2.7898054 -1.1511661 2.503052 79
-2.5696545 -1.1544383 2.5066178 83
-2.1460097 -1.1382326 2.500118 88
-1.7340767 -1.1631188 2.5041413 100
-1.2730786 -1.1658999 2.5072174 117.5
-0.86679977 -1.1590414 2.5108483 90.333336
-0.73619443 -1.1497895 2.5167503 80
-0.6491437 -1.1428249 2.5209665 98
-0.50168824 -1.1722424 2.5002644 128
-0.44735241 -1.1437429 2.5186665 105.66666
-0.33238265 -1.1677983 2.5120046 112.25
-0.097471796 -1.1348006 2.528728 101
0.037890546 -1.157737 2.5144987 20
0.71317184 -1.1457362 2.5340891 87
0.82414734 -1.1433489 2.5266268 91.5
1.0899032 -1.1387637 2.5328331 86.5
1.2041984 -1.1476345 2.5220301 91
1.4449042 -1.1411477 2.5319748 90.333336
1.5130032 -1.1540244 2.5239754 96
1.6551235 -1.1607856 2.5328336 79.5
-10.983149 -1.0842129 2.5462728 35
-6.0546384 -1.0794147 2.5402086 50
-4.5123234 -1.0188044 2.5248928 78
-4.4517555 -1.0272266 2.5344853 79
-3.7627082 -1.0444462 2.5172396 71
-3.6675694 -1.0003262 2.5043695 61
-3.4479897 -1.0761149 2.5227962 78.5
-3.1694245 -1.0356796 2.5008492 69
-2.7466483 -1.042964 2.509371 72.5
-2.5348182 -1.0552891 2.5051994 83.5
-1.7077084 -1.032608 2.5064204 101
-1.2539437 -1.0329084 2.505312 126.5
-0.85578763 -1.0475485 2.5091918 87.75
-0.74349904 -1.0464876 2.509861 106
-0.62117624 -1.061265 2.5118778 115.66666
-0.4409152 -1.0477108 2.5056489 128
-0.33158931 -1.0527831 2.5121021 120.66666
-0.099068306 -1.0617934 2.5265145 106
0.028198516 -1.0616866 2.5242786 85.5
0.69814867 -1.0497823 2.5339127 82
0.79481459 -1.0004489 2.5257087 93
0.80575651 -1.0574061 2.5268061 90
1.0691894 -1.0493584 2.5317461 91
1.1823221 -1.0696776 2.5261211 102.5
1.3847117 -1.0478504 2.5323968 88.5
1.4730787 -1.0291215 2.5291538 99
1.5867093 -1.0266025 2.5281143 86
1.6262903 -1.0647459 2.5281951 88.666664
-21.08499 -0.9971211 2.5192389 8
-6.7637973 -0.99402934 2.5361395 47
-6.0240178 -0.92634481 2.5385852 56
-4.452569 -0.91121995 2.53864 75
-3.7615478 -0.94239432 2.5205767 76.333336
-3.6577315 -0.92108202 2.5033202 64.5
-3.4788511 -0.97479057 2.5292556 87
-2.6997471 -0.93480796 2.5080099 82
-2.5050852 -0.95921069 2.5062919 90
-1.6926798 -0.93910086 2.512233 98
-1.5554299 -0.95653981 2.5021396 107
-1.2419773 -0.93691331 2.5053077 127
-1.1060507 -0.94439679 2.5010858 118.5
-0.8484419 -0.94401109 2.5125747 101
-0.73128462 -0.95754194 2.5111992 101
-0.62669188 -0.95737821 2.5157645 106
-0.4632183 -0.94608164 2.5068052 131.33333
-0.33034033 -0.96478158 2.5116706 125.4
-0.10081861 -0.95682085 2.5229385 100.5
0.022220721 -0.96173412 2.5191927 92
0.68473566 -0.95927787 2.5384579 96.5
0.78439784 -0.94546378 2.5281944 101
1.0507178 -0.96194541 2.5306315 87.5
1.1560514 -0.96525657 2.5274143 102
1.3548925 -0.93801153 2.5280414 94
1.4424407 -0.92876244 2.5244999 95
1.5758429 -0.94593287 2.5306559 90
1.6144888 -0.98539555 2.5325522 86
-10.934988 -0.85110825 2.5421634 33
-9.3258715 -0.88910121 2.5288746 35
-6.7483964 -0.83599925 2.53526 46
-4.4951591 -0.89578325 2.5232408 77
-3.7651772 -0.81808329 2.5257092 91
-3.6521685 -0.84282309 2.5048847 64
-3.5734644 -0.83606642 2.5015898 62
-3.4781299 -0.87628984 2.5321569 90
-3.2592862 -0.84320557 2.5016208 65
-2.6718228 -0.86471528 2.5071342 74
-2.4789233 -0.86613607 2.5080738 85.5
-1.6720808 -0.84409386 2.5059845 104.5
-1.2329744 -0.84490383 2.5105724 119
-1.093915 -0.84778821 2.5065153 116
-0.83951163 -0.84867972 2.5127187 97.666664
-0.73226184 -0.85527277 2.509877 110.33334
-0.61418521 -0.87066507 2.508812 125
-0.59877831 -0.83452451 2.5072291 132
-0.43280935 -0.85372776 2.5058236 107
-0.32738417 -0.84594983 2.5142968 124.5
-0.10241514 -0.85578078 2.5238976 104
0.01615732 -0.86723769 2.5201879 108
0.66908091 -0.83492476 2.5284002 89.5
0.77087593 -0.86352879 2.5251749 104.5
1.0289795 -0.84906459 2.5277781 88.5
1.1317197 -0.86285949 2.5246587 113
1.3309884 -0.83411777 2.5276458 94
1.4172843 -0.83384693 2.5247016 100
1.5559365 -0.85695267 2.5247805 92.25
-5.9931197 -0.77428561 2.5355859 53
-4.4673462 -0.78648365 2.5333159 76.5
-3.7672017 -0.72951269 2.5234883 91
-3.621599 -0.77769971 2.5083282 62
-3.557282 -0.72624838 2.5064504 61.5
-3.4700866 -0.77478439 2.5307164 93
-3.2126815 -0.74153006 2.5038016 67
-2.6357803 -0.76256984 2.5093045 81
-2.4474945 -0.74453628 2.5116491 88
-2.0332394 -0.75431037 2.5014811 86
-1.6606672 -0.75408792 2.5129883 109
-1.5159526 -0.75540298 2.5004048 120
-1.2201163 -0.75189489 2.506135 127
-1.078522 -0.7196936 2.5079911 126
-0.83934134 -0.7558912 2.5119157 99.800003
-0.71894753 -0.73682463 2.5116472 109.75
-0.62326956 -0.74131203 2.5148554 98.5
-0.59448791 -0.74203956 2.5078623 131
-0.45309058 -0.73638278 2.5091457 125.66666
-0.32469913 -0.7504468 2.5132325 123
-0.10279422 -0.75476944 2.5199027 109.5
0.010221643 -0.74374378 2.5205193 108.5
0.65895593 -0.74794334 2.5295506 82
0.75398588 -0.75758076 2.5254002 104
1.0194056 -0.75172746 2.5684304 82
1.1119857 -0.76490557 2.5274374 103
1.3363819 -0.72698504 2.5228236 97
1.400687 -0.76341218 2.5235839 95
1.5335621 -0.75057763 2.5243554 93.199997
-10.904849 -0.62202907 2.5416591 32
-9.2660971 -0.67389917 2.5272589 36
-6.7396431 -0.68198061 2.5352321 45
-5.9793854 -0.62722188 2.5393295 51
-4.4517031 -0.66797328 2.5295453 75.5
-3.7537684 -0.66157752 2.5246918 89.5
-3.5296373 -0.6636436 2.5091329 68.5
-3.4664514 -0.64268827 2.5248544 87.25
-3.1558883 -0.60934037 2.5032122 65
-3.0186522 -0.66173923 2.5019269 81
-2.5971746 -0.66146004 2.5056989 83
-2.4207146 -0.65400928 2.5069795 93
-2.0074644 -0.65472239 2.5006855 88
-1.6454381 -0.66408223 2.5107889 106
-1.5053307 -0.69035047 2.5019426 109
-1.4944197 -0.62632006 2.5005023 116
-1.214942 -0.66438746 2.5150843 118.5
-1.0734243 -0.65760458 2.5150259 125
-0.84780711 -0.63801241 2.5124595 114.33334
-0.76871473 -0.65569872 2.5140808 104.66666
-0.6578728 -0.63823068 2.5121369 100
-0.58993322 -0.64956242 2.5055091 137
-0.44636479 -0.62788349 2.5105419 130.75
-0.32236484 -0.65729207 2.5126674 128.16667
-0.10347315 -0.65872413 2.5213137 106
0.0053117336 -0.65373594 2.5226419 117
0.65192127 -0.66146994 2.5288463 80
0.74005389 -0.65510881 2.5276051 109
0.9948684 -0.60575396 2.5241687 109
1.0630422 -0.6649093 2.5232372 98.666664
1.2946227 -0.63378358 2.5273638 99.5
1.3769734 -0.64950931 2.5215955 99.5
1.494375 -0.66195536 2.5257182 88.5
1.5241117 -0.63529563 2.5217302 92
-6.7372761 -0.52695626 2.5382376 46
-4.4436874 -0.55194128 2.5296931 71.5
-3.7458611 -0.55857146 2.5238867 93
-3.5303154 -0.58337504 2.5125985 71
-3.4637842 -0.53437757 2.5182524 81.75
-3.1289346 -0.54425508 2.5022857 75
-2.983778 -0.543594 2.5054073 77.5
-2.5719485 -0.56382895 2.510891 80.5
-2.4090016 -0.59497046 2.5086534 97
-2.3994634 -0.5379234 2.5121453 97
-1.9898021 -0.55961537 2.5061808 91.5
-1.6294779 -0.54757547 2.5116606 114
-1.4800622 -0.53224063 2.5036893 112
-1.2034869 -0.54637831 2.5150328 129
-1.0612841 -0.56258231 2.5099168 128.5
-0.82567531 -0.5402022 2.5089509 108
-0.73736519 -0.55143023 2.510525 127.33334
-0.65086704 -0.53621346 2.5109224 98
-0.58589709 -0.56156987 2.5091469 143
-0.45329937 -0.54020584 2.5100148 123
-0.33828366 -0.54038543 2.5108225 135.875
-0.10330185 -0.5631882 2.5209143 104.5
0.0031920657 -0.56426311 2.5188961 105
0.64316392 -0.54852808 2.525456 79
0.72838998 -0.55169874 2.5203643 109
0.98763311 -0.52829242 2.5240326 101
1.0774312 -0.55204678 2.5243447 109
1.2804767 -0.53639764 2.5216885 89
1.3630757 -0.56203115 2.5249875 97
1.4748459 -0.54772311 2.5214779 91.666664
1.5094582 -0.54785168 2.5208828 84.5
-9.2107582 -0.45970631 2.5262122 33
-5.9529104 -0.47917122 2.5369346 52
-4.4373055 -0.43793005 2.5309753 73.5
-3.7441711 -0.45806307 2.5272768 87.5
-3.4489534 -0.45558426 2.5184708 83.25
-3.3993881 -0.43552759 2.5047383 65
-3.1028819 -0.47918105 2.5002687 73
-3.0864439 -0.41609299 2.5043843 73
-2.9607041 -0.45601508 2.5079725 74
-2.5351713 -0.43470758 2.5094132 78.5
-2.3798807 -0.45040059 2.5093298 94.5
-1.9659455 -0.4325102 2.508512 90.5
-1.6165966 -0.43257499 2.5127869 115.5
-1.4673117 -0.43919936 2.5027122 106
-1.1970757 -0.43087119 2.5210681 111
-1.0489254 -0.44014055 2.5090923 119
-0.83497429 -0.4517535 2.5137129 109.66666
-0.75204712 -0.45796809 2.513252 108.33334
-0.64473426 -0.43669757 2.510406 103
-0.58118808 -0.44459134 2.5102601 144.5
-0.44837567 -0.44766393 2.5101371 121.5
-0.35794696 -0.44138128 2.5123105 139.75
-0.29975381 -0.44717476 2.509537 150
-0.10148942 -0.43915284 2.5178251 112
-0.00080569979 -0.42076814 2.5183702 103
0.00074262026 -0.47775191 2.5205467 107
0.63745093 -0.43761653 2.5179906 74
0.71935093 -0.45372638 2.5204918 111
0.97913384 -0.42712712 2.5224416 100
1.063031 -0.43665004 2.5171938 106.5
1.2711389 -0.44195151 2.5210872 97
1.3490038 -0.45392987 2.5226319 97.333336
1.4746803 -0.43867683 2.5234377 88.666664
1.5006988 -0.48389012 2.5196574 96
-6.7235265 -0.37294912 2.5348899 45
-5.9214449 -0.33313343 2.5312176 51
-4.4252553 -0.32291853 2.5290351 75
-3.7336392 -0.35655415 2.5241065 92.5
-3.4339848 -0.35044163 2.5138793 79.75
-3.3669477 -0.34642261 2.5026937 67.5
-3.0710959 -0.35300183 2.5094013 72
-2.9394779 -0.36945349 2.5088634 71.5
-2.5114555 -0.33912307 2.5094535 81
-2.3578272 -0.33537698 2.506042 84.5
-1.9503907 -0.33844313 2.5097964 87
-1.6065257 -0.34607589 2.5116639 109
-1.4575675 -0.34762889 2.5069842 105
-1.19075 -0.3448658 2.5225902 114
-1.041504 -0.35057378 2.5116158 112
-0.84471583 -0.34517029 2.5161076 133.5
-0.75293154 -0.35320213 2.5102513 112
-0.65177852 -0.34874043 2.5086231 100.33334
-0.58320671 -0.32300869 2.5101678 130
-0.44619212 -0.33906177 2.508749 135.66667
-0.33492368 -0.35526487 2.5118396 132.8
-0.29616851 -0.35922354 2.5057547 142
-0.050373726 -0.32770211 2.5156846 113
0.00026254955 -0.36280033 2.5130019 113
0.63469344 -0.33058202 2.5219045 76
0.71220028 -0.3562941 2.5143235 111.5
0.97391647 -0.32621726 2.5164623 102.5
1.0566466 -0.34811935 2.5213509 103
1.2668204 -0.34944832 2.5251007 98
1.3387218 -0.3476561 2.5193219 102.5
1.4773074 -0.35557669 2.5231636 90
-9.1554089 -0.24954939 2.5215993 35
-6.7114358 -0.22093806 2.5326648 45
-4.4134822 -0.22317785 2.5375361 71
-3.7264214 -0.25555012 2.5231738 91
-3.4239228 -0.25317904 2.5199516 86.666664
-3.3599186 -0.23364648 2.5026426 62
-3.0426474 -0.25891867 2.5074005 73
-2.9131598 -0.25439173 2.5080252 77.5
-2.4934001 -0.24504681 2.5109751 89
-2.3488989 -0.25083154 2.5097752 86
-1.9362307 -0.24538992 2.5099509 86.5
-1.6027256 -0.29007357 2.5139935 109
-1.5987514 -0.2350715 2.5143311 111
-1.4487236 -0.2560702 2.5101655 110
-1.1844444 -0.25936264 2.51859 114.5
-1.0338477 -0.26052648 2.5116453 111.5
-0.83910686 -0.23068067 2.513453 124
-0.76764631 -0.25200441 2.5096242 95.666664
-0.6860463 -0.24639027 2.50646 125
-0.58361423 -0.24471295 2.5109758 123.5
-0.43395194 -0.25214559 2.5099618 116.66666
-0.33991194 -0.24723656 2.5139496 131.33333
-0.29087144 -0.24522345 2.5099869 144.5
-0.064944334 -0.25465599 2.5140331 108.33334
0.63349003 -0.25018814 2.5112867 72
0.70723414 -0.26079446 2.5164013 109.5
0.97236979 -0.22775714 2.5144558 101.5
1.0501361 -0.25970703 2.5127568 108
1.26299 -0.25701958 2.5199368 100
1.3326192 -0.24403614 2.5158007 95.333336
1.4657751 -0.24806368 2.5189853 94.400002
-5.8993931 -0.18909128 2.5294261 52
-4.4125042 -0.15341239 2.5272362 70
-3.7189226 -0.15604281 2.5226583 94
-3.4281268 -0.14924374 2.5262635 94.5
-3.3348472 -0.16281112 2.5043325 65.333336
-3.0113592 -0.13382092 2.5059462 71.5
-2.8935461 -0.14033478 2.5090711 77.5
-2.4762449 -0.15098208 2.5114062 81
-2.3408723 -0.16629672 2.5124192 83.5
-1.9181348 -0.15239751 2.5004354 101
-1.5927031 -0.15056854 2.5138407 113.5
-1.4408259 -0.16501956 2.512758 98.5
-1.1791763 -0.14635825 2.5205126 114
-1.0259817 -0.14145762 2.5134768 116
-0.8363902 -0.14468543 2.5155995 122
-0.76964277 -0.14644907 2.5066507 99.666664
-0.67575377 -0.1381627 2.5072315 115.75
-0.57908809 -0.15466388 2.5107117 122
-0.43746653 -0.16263282 2.5122073 122.66666
-0.33808094 -0.14074804 2.5126216 137.60001
-0.28475535 -0.131707 2.5163078 150
-0.046924662 -0.15267017 2.5119328 110
0.634646 -0.17163756 2.5156205 74.5
0.70418191 -0.16682662 2.5133076 112.5
0.97401452 -0.13076104 2.5150814 101
1.0475951 -0.15155466 2.5122097 102.66666
1.2632773 -0.16704068 2.5189624 96
1.331382 -0.14222753 2.5129442 96.5
1.4719112 -0.14784418 2.5158286 90.599998
-9.1130867 -0.040396761 2.5208948 34
-6.7140598 -0.06692902 2.5353935 46
-5.8826113 -0.0440556 2.5287511 54
-4.4061198 -0.040399887 2.528523 68.5
-3.7134972 -0.056037631 2.5235391 87.5
-3.4207549 -0.054738387 2.5265059 96.5
-3.347405 -0.058821764 2.5056815 63.5
-3.2947738 -0.052701645 2.5039685 68
-3.0013189 -0.04173303 2.5127583 70
-2.879643 -0.054809574 2.5077708 75
-2.4630685 -0.057934046 2.5114665 85
-2.3312776 -0.053771719 2.5134976 84
-1.9114604 -0.060833953 2.5054119 104
-1.5895846 -0.038565487 2.5181093 114
-1.4294313 -0.044005036 2.5089331 106
-1.1754012 -0.033855248 2.5223055 113.5
-1.0195302 -0.052440427 2.5103836 113
-0.83304173 -0.060691118 2.5162983 127.5
-0.75175595 -0.056648564 2.5041406 101
-0.6692217 -0.046650577 2.5032873 116
-0.57145619 -0.048898101 2.5125449 126.66666
-0.42799234 -0.058006264 2.5105078 119
-0.3378379 -0.046642918 2.5148275 128.8
-0.2803449 -0.046239235 2.5146322 147
-0.044117503 -0.06716539 2.5083609 111.5
0.00098150084 -0.029818725 2.5069602 114
0.63775897 -0.067160204 2.5118222 74
0.70377094 -0.050505996 2.5117114 110.66666
0.97756422 -0.034306455 2.5105295 101.5
1.0475438 -0.044746142 2.5091631 103.5
1.2670273 -0.055578902 2.516958 92.333336
1.3343493 -0.041727912 2.5113566 99.333336
1.4733829 -0.055557556 2.5139692 87.75
-6.7039046 0.083068691 2.5320714 45
-5.8672042 0.096973777 2.5278385 53
-4.3932242 0.032367084 2.5149586 69
-3.7076585 0.042971775 2.5241389 93.5
-3.4106264 0.038768478 2.5236816 98.5
-3.328001 0.061759971 2.5081768 62.5
-3.2794094 0.06336534 2.5071275 68.5
-2.9872427 0.050321285 2.5129685 70.5
-2.876446 0.02973723 2.5135002 79.5
-2.4523623 0.0651334 2.5150867 82
-2.3257103 0.057743926 2.5147052 85.5
-1.9037517 0.060720924 2.5087566 104.5
-1.5871955 0.044936508 2.5193079 121
-1.4235394 0.044997882 2.5063262 107
-1.1728398 0.05014573 2.5209925 123
-1.0143528 0.035095658 2.5101929 124.5
-0.82998502 0.05130266 2.5199523 127
-0.74845636 0.058767814 2.5022166 101.25
-0.67971015 0.038913794 2.5109639 138
-0.56931734 0.051869802 2.5098476 125
-0.42090824 0.059543863 2.5098219 122.75
-0.33401969 0.055089772 2.5118551 124
-0.28507379 0.039980032 2.5141079 144.5
-0.082991309 0.038023695 2.5063877 112.5
0.0026935772 0.050666086 2.5034258 117
0.64282429 0.035294473 2.5050919 82.5
0.70490849 0.064054236 2.503093 113
0.98480624 0.060208805 2.5110641 102
1.0506209 0.03926583 2.5095828 103
1.2752516 0.054049514 2.5106163 89.5
1.3399824 0.05576586 2.5081017 92
1.4793625 0.036951512 2.512917 86.599998
1.5001532 0.080035485 2.5071943 86
-4.4032063 0.11284234 2.5402274 72
-4.3849006 0.14437212 2.5145288 73
-3.7103662 0.10842661 2.529685 86
-3.6858017 0.17652896 2.5147774 93
-3.4033988 0.13227327 2.5228167 99.5
-3.3535807 0.17661923 2.513535 89.5
-3.2658911 0.15188411 2.5042763 68
-2.9771388 0.14436388 2.5137463 66
-2.8677368 0.1437526 2.5130134 78.5
-2.4469879 0.15917568 2.5179129 88
-2.3225417 0.17074403 2.5146713 84.5
-1.8980504 0.15273735 2.508112 105
-1.585174 0.12943815 2.5189686 114
-1.4221544 0.13606837 2.5133343 102.5
-1.1721628 0.1351468 2.5240321 118.5
-1.0093762 0.15364321 2.5107446 119.5
-0.82673311 0.16578688 2.5155914 123.5
-0.72712296 0.15948547 2.5004017 100
-0.67478639 0.15447375 2.5124123 135.5
-0.5666157 0.15831137 2.5055573 120.33334
-0.41561002 0.14807376 2.5084515 121
-0.34852257 0.13789563 2.5113454 132.66667
-0.27826026 0.15345298 2.5123422 143.75
-0.074604273 0.1534168 2.5013978 109
0.0049647302 0.16015111 2.5032406 118.5
0.65070581 0.13731594 2.5041184 92
0.7096101 0.15609804 2.5070179 110.5
0.99390256 0.15516162 2.5041766 99
1.0572033 0.14442717 2.5061939 103
1.2867489 0.14107841 2.5105824 82
1.3499061 0.15426409 2.5035603 97.333336
1.4823477 0.14740327 2.5091343 84.5
1.5122374 0.15740161 2.5054586 83.666664
-6.6965308 0.23605478 2.528168 45
-5.845984 0.23898812 2.5230222 55
-4.3887777 0.24111897 2.5288086 72
-3.7048709 0.20843527 2.5307274 94
-3.6746347 0.27552962 2.5115948 99
-3.3500595 0.2590521 2.5157809 83.25
-3.2624428 0.24041271 2.5070004 71.5
-2.9687407 0.23787685 2.5113513 68.5
-2.8640571 0.2592541 2.5125432 75
-2.4427748 0.25318596 2.5171125 87.5
-2.3251629 0.25725916 2.5183041 96
-1.8932056 0.24573833 2.5058713 106.5
-1.5840657 0.24243969 2.5175414 114.5
-1.4199529 0.25760627 2.5156736 102
-1.1716599 0.24963729 2.5249891 128.5
-1.0083547 0.24371803 2.517168 119
-0.8253153 0.25228438 2.5211406 136
-0.7257297 0.2234894 2.5043654 109
-0.67011356 0.24146293 2.5070579 136
-0.55799502 0.24406017 2.5086677 130
-0.42368266 0.23825718 2.5135009 142.5
-0.35506019 0.23929493 2.5066955 118.33334
-0.27083859 0.26819134 2.5121307 146.25
-0.070380233 0.24134652 2.5056469 112
0.010792604 0.29515931 2.5007875 114
0.71534002 0.24811228 2.5064495 113.5
1.0363826 0.24946512 2.5021145 103.25
1.2964633 0.20707138 2.506505 82
1.3367252 0.26196718 2.5059142 93.25
1.493263 0.20793295 2.5073333 82
1.5189984 0.26081264 2.5063648 86.25
-6.6550159 0.38604319 2.5124168 27
-5.809247 0.38100255 2.5126226 55
-4.3804617 0.3546249 2.527595 71
-3.6834974 0.34148979 2.5214858 101.5
-3.3452034 0.36806405 2.5164235 87
-3.2604339 0.35942328 2.5078702 69
-2.9663956 0.36390233 2.5131676 73.5
-2.8654222 0.3462519 2.5133045 82
-2.4440165 0.34821197 2.5208085 87
-2.3263021 0.34325516 2.516561 92.5
-1.8902568 0.33872324 2.5024459 107
-1.5896306 0.35844028 2.523562 116
-1.416559 0.34909794 2.51281 112
-1.1728175 0.36513585 2.5258529 129.5
-1.0054401 0.33422318 2.5142241 121.5
-0.82369792 0.3377724 2.5186787 133
-0.66650832 0.33100277 2.507606 139.5
-0.54933727 0.35445204 2.511538 143.5
-0.41701034 0.35477895 2.5124934 147.5
-0.34033611 0.36377123 2.5057554 127.8
-0.26556194 0.35465479 2.5089331 143
0.67393625 0.34289062 2.5021772 103
0.72279 0.33910561 2.5022757 109
1.0654763 0.34604704 2.5042965 103.75
1.3603199 0.35307685 2.502178 91.599998
1.5379187 0.3393791 2.5054951 82.75
-4.3577509 0.46611705 2.5173271 69
-3.6747537 0.44149756 2.5201354 97
-3.3494656 0.46166673 2.5157599 97.333336
-3.2644117 0.44992089 2.5093758 73
-2.9650204 0.45939046 2.5105937 73
-2.8670526 0.43423033 2.5115223 77.5
-2.4423587 0.44366693 2.5171638 89.5
-2.3281937 0.4592042 2.5115075 87.5
-1.900061 0.40380993 2.5181029 94
-1.8976208 0.46576297 2.5108421 90
-1.5901614 0.44494039 2.5179815 107
-1.4151142 0.44207692 2.5092466 112
-1.1732852 0.45313448 2.5247791 120
-1.0027719 0.45524371 2.5125222 119
-0.82220244 0.45475769 2.5171771 126.5
-0.66121083 0.45090008 2.5080247 133.5
-0.54613107 0.44142222 2.5075879 134
-0.4123283 0.44224769 2.5070624 150
-0.3243615 0.44443831 2.5050974 133
-0.26690915 0.45358497 2.5081975 139.39999
-0.055794545 0.41642779 2.5005403 110
0.018380901 0.46119544 2.5012016 117
0.73035622 0.40911677 2.5004909 111
1.0588032 0.44013199 2.5027809 98.333336
1.3482015 0.44570029 2.5031259 90
1.5550036 0.44813159 2.5017321 85
-3.6500044 0.50247705 2.5031266 72
-3.3038321 0.52432185 2.5051913 72
-3.2664826 0.51090217 2.5077515 69
-2.9694011 0.52438623 2.5117133 92
-2.8739488 0.52421242 2.5122418 86
-2.4530001 0.54218799 2.5244589 95
-2.3388355 0.54919666 2.5148594 106
-1.9016304 0.5622564 2.5117493 95
-1.5965436 0.53444016 2.5219276 117.5
-1.41704 0.53607184 2.5093722 116
-1.1751604 0.54163158 2.522579 134.5
-1.002045 0.54775536 2.5113611 133
-0.82212722 0.54424411 2.51508 136
-0.65888357 0.54196233 2.5114367 139
-0.54398644 0.53242254 2.515583 142.5
-0.40694162 0.53230417 2.5102077 145.5
-0.34220329 0.54009759 2.5106697 146
-0.25072676 0.56112289 2.5066893 150
1.1147552 0.54542387 2.5033524 98
1.3671808 0.51226848 2.5040097 87
1.4327908 0.5465458 2.5011139 89
1.5996454 0.5023635 2.5010519 78
-1.4207395 0.60209119 2.5135536 124
-1.1729182 0.62912732 2.5076888 117
-1.0011703 0.61075932 2.5099435 128
-0.82110989 0.60423684 2.5141013 133
-0.65652454 0.60292584 2.5050793 138
-0.5406971 0.62239027 2.510633 138
-0.40172392 0.62227011 2.5042989 149
-0.36806911 0.65742815 2.5063567 141
-0.24424464 0.65172362 2.5055561 149
1.4263176 0.68943197 2.5000947 89
-2.4951842 0.94799435 2.5174236 0
-2.5574839 1.2447664 2.5153122 0
-1.4778378 1.2360566 2.5355606 0
-1.0251566 1.2358327 2.5308843 0
-2.5667386 1.3176469 2.5038431 0
-1.0240692 1.3047303 2.5163791 0
-2.6116223 1.4126785 2.5279953 0
2.9480672 1.9264107 2.5467095 7
2.9779739 2.1611671 2.5687232 11.5
3.3388069 2.1631548 2.584729 12
2.8452599 2.2512357 2.57897 3.6666667
2.8702953 2.3332026 2.577502 21
3.026212 2.3025956 2.5894508 9
2.670855 2.4975629 2.5641844 2
2.6651337 2.5642743 2.5703044 10
2.7411942 2.5708041 2.5617905 3
2.7274756 2.6364753 2.5685153 6
2.8233104 2.6571698 2.5693498 1
2.7938423 2.713696 2.5675027 6
2.8460338 2.7717233 2.547684 2
3.3594966 2.7472408 2.5631588 1
5.903295 4.913311 2.5081553 12
7.5275664 5.9322462 2.5659108 29
7.8772249 6.1724248 2.5558548 40
7.7459936 6.307579 2.5386686 66
7.7717314 6.693995 2.5763564 32
7.8249507 7.507319 2.5903418 29
7.6462116 8.4810677 2.5384028 29
2.5754657 -8.7137909 2.6523139 24
2.4363911 -7.6273241 2.6197145 30
2.2737064 -7.2375116 2.6608737 38
2.0943916 -6.7401428 2.6470151 35
1.5269911 -6.5766916 2.6909935 34
1.9408722 -6.3116617 2.6380568 41
0.82459819 -6.2299142 2.6331146 44
1.4084668 -6.1341953 2.6707826 54
2.3432057 -6.1498704 2.6958327 55
1.8040998 -5.9321117 2.6317997 42
2.1719093 -5.9626589 2.6933913 54
0.75047278 -5.8451681 2.6255426 52
2.3796484 -5.8437681 2.6924541 74
1.3080869 -5.7744808 2.6696429 52
2.0519121 -5.7896209 2.6882958 40
2.3524158 -5.7353559 2.650579 36
2.2120152 -5.6675606 2.6894312 57
1.6839987 -5.5915089 2.6259363 51
2.3959308 -5.5059214 2.6635826 61
0.6844759 -5.4914021 2.6175847 64
1.2135506 -5.4138985 2.6513498 54
2.0912106 -5.4995651 2.6779933 45
2.2211401 -5.449667 2.6614807 53
2.2479267 -5.3934836 2.684252 64
1.5746237 -5.2729001 2.6164377 52
2.1313825 -5.2414603 2.6742797 49
0.62570983 -5.1706223 2.6088271 63
1.1329346 -5.1131573 2.6466625 64
2.0906739 -5.147182 2.6516149 55
2.2767305 -5.1264687 2.6735394 63
1.4761976 -4.9902205 2.6123466 62
2.1680322 -4.994381 2.6685617 52
0.57209474 -4.8897858 2.6060719 70
1.0590285 -4.8314171 2.6397388 65
1.9733516 -4.8766236 2.6448975 63
2.3049021 -4.8774395 2.6650856 69
2.1990378 -4.7603397 2.6601679 57
1.8677508 -4.6260152 2.6394513 65
2.3252313 -4.6334887 2.6489699 62
0.99176872 -4.5656958 2.6283183 69
2.183187 -4.5235138 2.6035893 66
2.2329955 -4.5472479 2.6575544 56
1.3081386 -4.491786 2.6027272 69
0.93250674 -4.3378491 2.6286666 67
1.7701887 -4.391408 2.6312957 66
2.0782909 -4.3158555 2.6023619 69
2.2583992 -4.3352332 2.6479652 40
2.325387 -4.3567905 2.6059549 29
1.2368404 -4.2779937 2.6030619 66
0.8776406 -4.1210289 2.6245289 63
1.6831371 -4.181705 2.6294105 65
1.9805697 -4.1201811 2.6001852 67
2.2875001 -4.1491504 2.646306 19
0.82618392 -3.9062617 2.6131661 69
1.6032063 -3.9840102 2.6243494 64
0.78070366 -3.7134416 2.6058762 69
1.5281413 -3.7923317 2.6161044 64
1.4585527 -3.6156087 2.6105673 62
2.1788638 -3.6547258 2.6007004 60
0.73894608 -3.5365751 2.6026611 67
1.3942598 -3.4459095 2.6009521 67
2.2724619 -2.2453008 2.6300378 15
2.5549548 -2.2064304 2.6216109 71
2.7785251 -2.1947789 2.6509998 85
3.0653389 -2.1729088 2.6953349 79
3.2358057 -2.1614673 2.6435211 75
3.7059352 -2.1363449 2.6458919 68
-30.915247 -1.6266949 2.6174638 5
5.402348 -0.51210946 2.6153204 22
3.0282884 1.0276537 2.6871991 31.5
3.3491707 1.0498418 2.6509178 33
3.9065149 1.0821384 2.6219006 33
2.5080094 2.3704717 2.666157 0
2.9087832 2.3239899 2.6137311 2
3.001646 2.3044276 2.6116428 11
3.4419169 2.3415341 2.6352804 8.5
2.5732908 2.4527953 2.678993 0
2.6331861 2.464561 2.6427672 0.5
3.0572171 2.4615631 2.6663642 3.75
3.4661651 2.4941928 2.6771212 9
2.6340737 2.5282378 2.6443322 3.5
2.9347823 2.516897 2.6455154 8
3.1166468 2.517839 2.6795092 2.5
3.5199599 2.5107403 2.6656396 10
3.0856514 2.6232257 2.6869597 9
3.1030252 2.6163981 2.6634207 3
3.4827831 2.6312542 2.6787593 3
3.5258687 2.6397483 2.6638856 2
7.4815898 6.5042148 2.6165819 47
2.5357389 -10.235475 2.716949 114
2.4320831 -9.7512331 2.7698624 37
2.6175215 -9.7088871 2.7638538 37
2.1935451 -8.9290657 2.7523358 37
2.0640948 -8.8312893 2.7781267 45
1.9879447 -8.2088051 2.7344537 41
2.1251793 -8.2601595 2.7612946 43
1.7028131 -8.1392736 2.7578492 38
1.9266551 -7.955996 2.7555807 45
2.1814687 -7.7710333 2.7513885 46
1.7789776 -7.6541042 2.7464492 41
1.8142785 -7.6016316 2.7206707 39
1.9881506 -7.4958644 2.7466719 43
2.2285724 -7.3029847 2.7353687 44
1.8439329 -7.2109885 2.7326431 39
1.6630803 -7.0721488 2.7098954 38
2.0433209 -7.0607758 2.7344737 41
1.9055309 -6.8128562 2.7227361 37
2.2716351 -6.8869262 2.7226098 42
2.0900643 -6.6597414 2.7183652 39
2.3113196 -6.5118623 2.7123151 50
1.9579893 -6.4427776 2.7095921 36
2.1319783 -6.2917056 2.7046664 47
2.0085006 -6.1116676 2.7017028 35
2.6622477 -2.2002101 2.7435112 77
2.7075181 -2.2028692 2.7109001 80
3.3721037 -2.1490142 2.7728972 76
3.8821008 -2.1257699 2.7931893 65
4.0620975 -2.1124384 2.7038229 71
2.6647096 -1.964434 2.711354 38
4.163147 -1.4463531 2.795933 146
4.1578622 -1.328365 2.7929785 149
4.1503177 -1.2134402 2.7864959 141
4.1484942 -1.1014515 2.7856381 143
4.1452508 -0.99147868 2.7833955 145
4.1455564 -0.883488 2.7818413 148
4.1401749 -0.77453911 2.7775061 146
4.1404881 -0.66854829 2.7759676 140
4.1529217 -0.56544375 2.7835271 87
2.9766207 1.0238338 2.759882 30
4.2195659 1.1076406 2.760617 30
5.3387966 1.1729599 2.7386672 23
5.8571558 1.203289 2.7072537 14
4.7815557 5.2885299 2.745142 38
5.2959476 5.2959104 2.7674167 26
5.7403083 5.2638721 2.7859781 24
6.541451 5.3154192 2.7859411 37
5.509366 5.493576 2.7580962 20
5.9966731 5.4659681 2.7886887 19
5.6560106 5.6106844 2.7064323 3
6.2404518 5.6508083 2.7784624 11
7.4746847 6.5743022 2.7556632 52
7.4528961 7.2644792 2.782517 47
7.1522398 8.1249866 2.7271416 19
2.7702153 -2.1859937 2.8646395 72
2.8111484 -2.1807549 2.8235199 77
3.1997156 -2.1635518 2.8296366 72
4.1980424 -2.0671172 2.8117597 150
4.1926308 -1.9381361 2.8115115 140
4.187202 -1.8121767 2.8084583 132
4.0157442 -1.6976094 2.898134 141
4.1760855 -1.6852592 2.8026245 129
4.012547 -1.5746517 2.8929837 150
4.1713924 -1.5652918 2.8003182 148
4.0143294 -1.4546655 2.8899252 145
4.0040083 -1.3337686 2.8792067 143
4.009376 -1.2187465 2.879684 141
4.0054712 -1.1038067 2.8724799 140
4.0015535 -0.9898777 2.8638685 143
4.0062199 -0.87986261 2.8636835 138
4.0058861 -0.76989764 2.8586009 141
4.0026813 -0.66097218 2.8493128 141
4.0605769 -0.56146723 2.8918157 42
5.3764019 -0.52320105 2.8342712 24
7.6462193 0.68924123 2.8888049 114
7.6277776 0.84302926 2.8701172 115
7.6178484 0.99687076 2.8541775 113
7.6071978 1.148693 2.8361402 112
7.5830507 1.3014162 2.8118577 87
3.3037434 2.0838001 2.8987145 2
5.1567369 5.178761 2.8104355 36
5.6178317 5.1918759 2.8443649 39
4.9698324 5.2757783 2.8403711 66
6.3771625 5.2101703 2.828011 32
6.6122179 5.2109551 2.8679199 40
6.727531 5.2628899 2.8039963 28
6.625948 5.362946 2.8916357 53
7.4691935 6.6464281 2.8987253 52
7.2927256 7.4842958 2.8715489 39
7.2832971 7.7537222 2.8009431 2
2.9298542 -2.1684599 2.9551482 62
3.0128994 -2.1681507 2.9015925 77
3.3447332 -2.1520877 2.9744277 71
3.5241475 -2.1373787 2.9176934 73
4.0246358 -2.0835106 2.9101861 135
4.0235782 -1.9535209 2.9084961 134
4.0217948 -1.8245491 2.9046998 136
6.0577369 -0.437747 2.9658003 13
7.7154627 -0.24901043 2.9533613 116
7.710567 -0.091068678 2.9479485 115
7.6872144 0.064738959 2.9342396 116
7.6801815 0.22165644 2.9267337 118
7.6788082 0.37759504 2.9191818 118
7.6547065 0.53236187 2.9005394 112
3.7456076 1.0867946 2.9656734 36
-7.809226 1.1813916 2.9536474 106
3.3573537 2.3758197 2.9751875 9
5.1090012 5.1613178 2.9041069 55
5.5674114 5.1914592 2.9410343 39
6.3207874 5.1986575 2.916431 41
5.1831546 5.2891273 2.9626117 69
6.5592432 5.2104139 2.9578874 40
7.3049455 7.2208691 2.9406676 66
7.4599466 7.3427796 2.9481738 56
3.146524 -2.155658 3.0437007 78
3.6882942 -2.1246214 3.0743701 105
3.7099779 -2.0114305 3.0895476 139
3.710923 -1.8854554 3.0857391 143
3.7061415 -1.7595536 3.0749164 150
3.7028193 -1.638625 3.066946 141
3.7023466 -1.5196761 3.0603771 141
3.699049 -1.4057473 3.0524609 141
3.6978755 -1.2908059 3.0452228 149
3.6981623 -1.1808381 3.040837 150
3.705586 -1.0738029 3.0420609 146
3.7037301 -0.96385843 3.0355759 150
3.704741 -0.85688263 3.0319138 150
3.7071698 -0.75090206 3.0282452 149
3.5809178 -0.67350399 3.0954094 148
3.702472 -0.64498854 3.0189908 150
3.3525667 1.0622816 3.0460467 34
3.6910281 1.0785222 3.0508881 38
4.3906536 1.1223562 3.0118482 20
5.079309 5.1620193 3.0084643 53
5.5192666 5.1920691 3.0398879 39
5.1275945 5.2770758 3.0297692 87
6.2864923 5.2053137 3.016355 39
6.513207 5.213975 3.0522435 41
7.3270698 6.719923 3.0681169 70
7.4633174 6.7185783 3.0449257 51
7.3185062 6.9704242 3.0068431 71
6.9809303 8.1421175 3.0274217 7
3.0463834 -2.1670232 3.1316156 71
3.5033453 -2.1424778 3.1339414 82
3.5580356 -2.0509746 3.1814916 145
3.5611422 -1.9230164 3.1741502 150
3.5521102 -1.7921685 3.156306 139
3.5595281 -1.6731671 3.1532285 139
3.5619807 -1.5561947 3.1480961 141
3.5622549 -1.4372644 3.1380217 145
3.5668471 -1.324281 3.1336033 150
3.5693159 -1.2133082 3.1285145 149
3.5688932 -1.1003851 3.1177843 146
3.573514 -0.99239093 3.1148162 150
3.5752654 -0.88543576 3.1076429 150
3.4091337 -0.71672517 3.1886733 150
3.5777316 -0.7784735 3.1011689 150
3.4108474 -0.61477321 3.1815288 135
3.6377451 -0.57898009 3.1450346 39
3.8913629 -0.5750069 3.1940768 19
5.8688865 -0.44114691 3.1238155 4
3.299288 1.0585402 3.1332362 36
4.7893796 1.157068 3.1988046 23
5.047822 5.1597085 3.1119857 53
5.4747276 5.1947069 3.140445 39
6.2468004 5.2059312 3.1137476 39
6.4573112 5.2094798 3.1441691 39
5.3807974 5.3019433 3.1337147 83
7.457963 6.7897606 3.1947019 52
7.4535999 7.4030199 3.1119981 57
3.2505686 -2.1482058 3.2340403 80
3.3771241 -2.0801029 3.2861872 150
3.377991 -1.9511912 3.2738976 149
3.3788743 -1.8272793 3.2616456 148
3.3840671 -1.7063113 3.2550297 136
3.2988148 -1.5888848 3.297194 145
3.3842702 -1.5883963 3.2435369 140
3.346417 -1.4741743 3.263463 150
3.3491416 -1.3597367 3.2537532 149
3.3543892 -1.250267 3.2472372 150
3.2613263 -1.1413616 3.2911167 150
3.3104882 -1.1381379 3.2563369 150
3.4030821 -1.1425037 3.2209144 150
3.2687404 -1.03536 3.2881448 150
3.3599167 -1.0323603 3.232141 150
3.2737989 -0.93046069 3.2816358 150
3.3282204 -0.92910534 3.2532289 150
3.4086008 -0.92758816 3.2072282 148
3.2762065 -0.82652044 3.272367 150
3.3270631 -0.82219929 3.2404468 150
3.4103045 -0.82263631 3.2000613 150
3.2800572 -0.72255528 3.2659123 150
3.330219 -0.71924007 3.2333059 150
3.2831998 -0.62059736 3.2587724 133
3.3355181 -0.61625952 3.2282641 127
6.1869531 1.2369337 3.2357008 12
5.0154452 5.1533914 3.2151089 52
5.4275312 5.195343 3.2419648 39
6.2134194 5.2095938 3.2141242 38
6.4121852 5.2110467 3.23897 40
5.3448586 5.3091974 3.2034953 85
7.4522281 7.4673038 3.2792714 56
3.1593113 -2.1525655 3.3073325 81
3.2559752 -2.0772557 3.3575697 150
3.2579072 -1.9488473 3.3428254 144.5
3.2630947 -1.826897 3.333401 140
3.264343 -1.703992 3.3194134 142.5
3.2418516 -1.5861826 3.3242679 147
3.2499466 -1.4741842 3.3205376 150
3.2515807 -1.3612721 3.3076742 149
3.2589536 -1.2512913 3.3018448 150
4.8311315 -0.54897845 3.3057811 23
7.1550436 1.3320005 3.3971305 19
4.9993496 5.1652231 3.3302946 53
5.3789821 5.1899614 3.3417699 39
6.1697111 5.2031908 3.3107557 39
6.3639393 5.2075996 3.3334231 37
5.5756774 5.3185902 3.3463383 79
4.8015447 -0.55098069 3.4928801 24
3.7900453 1.1036325 3.4760141 37
4.2266068 1.1299127 3.4202302 28
4.9733176 5.1649685 3.4386129 54
5.3390512 5.1916723 3.4489555 40
6.1336379 5.2018342 3.4098821 40
6.3197632 5.2081909 3.430897 39
7.4500079 7.5285988 3.448374 54
3.699949 1.0981438 3.5969784 37
3.7159834 1.0938985 3.5026171 37
4.1561079 1.1172019 3.5131989 22
5.0480614 1.1760887 3.5420251 27
5.6191874 3.9741344 3.5888686 11
4.6565824 4.996778 3.5914056 82
4.9432297 5.1556768 3.5439503 59
5.2909842 5.1843038 3.5501103 52
5.8025899 5.1358767 3.5971255 64
4.6666241 5.2389727 3.5807734 15.5
6.1115842 5.2126055 3.5189281 43
6.2823653 5.2128406 3.5326805 40
5.7653766 5.3173394 3.5444489 95
5.8252659 5.3380046 3.515635 76
3.8605406 -0.59365815 3.6725454 19
7.6363573 1.0682402 3.692081 115
7.6251502 1.2472481 3.6632359 111
3.320909 3.3057692 3.6638243 0
4.1689615 3.5717165 3.6609819 25
4.2144904 3.5831439 3.6655529 24
3.8318968 3.6358759 3.6373014 108
4.2578602 3.655931 3.647403 35
4.3241854 3.6805601 3.6662455 26
3.8227696 3.7987487 3.6234844 101
3.9932563 3.7337687 3.6383369 86
4.0341749 3.7446268 3.6299746 88
4.3666949 3.7573423 3.6498504 37
4.4373932 3.7809677 3.6641622 27
4.567616 3.776386 3.6462107 82
4.6206794 3.7889018 3.6328321 85
5.6197929 3.7833245 3.6216588 10
4.4763441 3.8587253 3.648257 36
4.547359 3.8743083 3.6550403 28
3.8243082 3.9777305 3.6200488 96
3.9544024 3.921308 3.6359415 68.5
4.0292697 3.9195399 3.6202385 89
5.6202054 3.9571097 3.6020989 11
4.0398493 4.0564036 3.6468093 54
3.9620171 4.1239309 3.6272137 61
4.0210075 4.1086798 3.6278334 85.5
4.1660128 4.1808953 3.6496348 50
4.0397754 4.2818689 3.6232936 77.666664
4.2856736 4.2952504 3.6383567 46
4.191534 4.3777251 3.6274297 55
4.0182433 4.4890451 3.6095123 15
4.4256492 4.4277859 3.6399567 46
4.3186116 4.5171876 3.6305523 50
4.5637441 4.5572715 3.6362522 46
4.6438847 4.581172 3.6181421 85.5
5.2412581 4.5263519 3.6316645 35
5.3628259 4.5432701 3.6438544 34
4.4441977 4.6515803 3.6252444 47
5.395134 4.6559091 3.632117 35
5.5215654 4.666842 3.641155 36
5.7655492 4.6789351 3.6229689 74
5.8081965 4.6917982 3.6269372 65
4.582386 4.7980618 3.6258569 49
4.6509109 4.791111 3.6065869 85
4.7193708 4.7008815 3.6396987 46
5.5493608 4.7834263 3.6272111 36
5.6896982 4.7964573 3.6395683 37
4.8717074 4.8384047 3.6338665 35
4.7236209 4.9455228 3.6223757 48
5.0460734 4.9950862 3.6372938 37
5.7484756 4.9109445 3.6166034 52
5.8538399 4.9289331 3.624826 49
4.6677504 5.031373 3.6026173 78
4.8619947 5.0858951 3.6087174 56
5.8900275 5.0596085 3.6215239 40
6.0469036 5.0667486 3.6341131 35
5.2040462 5.1305556 3.621979 39
5.9001374 5.19491 3.6093216 49
6.0493774 5.184042 3.6035693 42
6.2206383 5.1922936 3.6208189 43
3.8199079 -0.60489142 3.7768731 25
4.5230689 -0.55427283 3.7936897 34
7.6751223 0.3482005 3.7849352 116
7.6669211 0.529212 3.765939 115
7.6615219 0.7092244 3.7454786 109
7.6482329 0.88923204 3.718792 113
5.5643163 1.222438 3.7932839 27
3.7712889 -0.61195809 3.8279183 24
4.3008776 -0.57627773 3.8085065 23
7.7349167 -0.38683346 3.8675144 103
7.716073 -0.19982655 3.8465853 113
7.6993632 -0.015818715 3.8263247 110
7.6940417 0.16519478 3.8101065 106
4.2106614 -0.52669871 4.0517869 11
7.6102705 1.0128025 4.0922685 111
4.2557425 1.1398995 4.0467701 23.5
4.8481946 1.1825218 4.0069747 27
7.6045246 1.1916714 4.0774927 119
7.554008 1.3601656 4.035646 46
4.0529752 -0.53675163 4.1497746 9
4.1187177 -0.53161013 4.1084409 6
7.694252 -0.41313222 4.1945109 109
7.6900067 -0.23218128 4.1896062 109
7.6814861 -0.05327861 4.1805143 111
7.6651373 0.12655747 4.1665392 110
7.6530385 0.30440894 4.1525397 119
7.6437807 0.48228163 4.1399274 108
7.6359344 0.6611594 4.1272936 110
7.6209736 0.83696777 4.1090941 116
4.1850829 1.135731 4.1602855 24
4.8118954 1.1787899 4.1635828 28
6.0120101 1.2634703 4.3162537 32
6.5472918 1.2897943 4.5483775 22
4.9240923 1.1982399 4.8633571 28
5.0188832 1.2075779 4.814199 29
5.760211 1.2642132 4.8671179 31
4.8834281 1.1957767 4.9715781 28
5.6663136 1.2453753 5.0112839 21
7.6010957 1.1129354 5.3725805 103
7.5995507 1.3138274 5.359004 93
7.6765151 -0.30090189 5.4903841 19
7.7238965 0.51631814 5.4955606 1
7.5270653 1.4046351 5.5319571 55
5.3786449 -0.21863349 5.6684003 38
5.4015493 -0.043486606 5.6789112 37
5.4323516 0.12776108 5.6999769 35
7.6247993 1.0008 5.6535726 24
7.5905495 1.2053483 5.6049681 89
5.4645572 0.30301288 5.7209997 36
7.6733236 0.36963153 5.7491703 30
5.4896212 0.4822019 5.7364092 36
5.5289655 0.66353655 5.7658005 37
5.5604644 0.84580117 5.7889013 37
5.7131796 -0.21511976 5.8872499 40
7.7097268 -0.27566987 5.8315616 33
5.5976658 1.0321239 5.8175721 36
5.6377296 1.221486 5.8504338 39
5.754684 -0.033775806 5.9173322 40
5.7797284 0.14738365 5.9284925 36
5.8169141 0.33467439 5.95292 35
5.8627 0.52307105 5.9885635 36
5.8984513 0.71234739 6.0115762 35
5.9413424 0.90870506 6.0429492 35
5.9806614 1.105027 6.0708227 37
5.993515 1.2970545 6.068594 41
6.1140065 1.3110106 6.0073581 21
6.2129936 -0.026167527 6.2079782 34
6.2486849 0.17013881 6.2337308 31
6.2922297 0.36752784 6.2671747 34
5.977932 -0.44153789 6.3908396 95
6.1434054 -0.43419006 6.3977757 89
6.3039031 -0.22501457 6.3231049 52
7.312901 0.34908557 6.3918405 102
6.3364725 0.56992412 6.3012815 31
7.3241878 0.56411606 6.3907828 101
6.3749986 0.77326006 6.3297825 33
7.0038733 0.72024691 6.3993201 102
7.3376651 0.78425819 6.391839 101
6.4099398 0.97654778 6.3533702 46
7.0180888 0.93525308 6.3940449 102
7.3510871 1.001312 6.3928657 104
6.4470215 1.1848683 6.380434 51
7.0380187 1.150316 6.3943667 109
7.3480916 1.2161869 6.3778076 110
7.0543604 1.366333 6.3897681 62
7.3236876 1.4268281 6.3417792 52
6.9098554 -0.76678783 6.436049 78
7.2899961 -0.72773379 6.4258046 91
5.9737382 -0.63744235 6.4057469 116
6.1470671 -0.63401264 6.4218102 105
6.3570476 -0.63216871 6.4132977 93
6.9348063 -0.55366451 6.442698 60
7.2998676 -0.51270795 6.4247603 93
6.3626614 -0.42922115 6.4039454 97
6.9347377 -0.34080046 6.4234433 74
7.2983041 -0.29480681 6.4124923 92
6.9475446 -0.12779804 6.4181972 77
7.299593 -0.079885229 6.4016337 97
6.9617877 0.082218669 6.4143715 104
7.3137426 0.13317649 6.4033914 107
6.9724431 0.29318932 6.4056263 100
6.9932113 0.50726575 6.4066648 108
