# .PCD v0.7 - Point Cloud Data file format
VERSION 0.7
FIELDS x y z intensity
SIZE 4 4 4 4
TYPE F F F F
COUNT 1 1 1 1
WIDTH 5370
HEIGHT 1
VIEWPOINT 0 0 0 1 0 0 0
POINTS 5370
DATA ascii
0.65302104 -2.2108223 -0.70492214 13
0.67365646 -2.1190798 -0.72385341 12
0.577604 -2.0653722 -0.70245779 11
0.60709947 -2.3343306 -0.6366843 35
0.63123965 -2.2882972 -0.67726356 30
0.83675611 -2.2135777 -0.60722262 0
0.53785521 -2.174176 -0.66547728 28.799999
0.2861633 -1.5915002 -0.60939956 6
0.24987003 1.8554475 -0.61059588 8
0.22177845 1.9212437 -0.60047537 6.5
0.89658457 -2.2348788 -0.57193106 0
0.39895236 -2.1515241 -0.55152309 13
0.47372273 -2.1451373 -0.55140841 47.5
0.545982 -2.1577306 -0.5553025 64.5
0.11369019 -2.001251 -0.50235355 1
0.11224813 -1.8610488 -0.50190926 9
0.20963769 -1.845968 -0.59377831 8
0.14525028 -1.7217286 -0.55486274 4
0.25146723 -1.7066349 -0.55517226 2
0.10350181 -1.6496378 -0.50954127 2
0.18852542 -1.5648645 -0.56660181 7
0.2274545 -1.5516853 -0.56101775 9.5
0.23015438 -1.4435058 -0.58327138 8
0.18974163 -1.2007968 -0.51667219 1
0.25363427 -1.2230587 -0.57196206 1
0.21946421 -1.1794846 -0.51948351 4
0.019535637 0.29836228 -0.50875062 4
0.028894298 0.38085896 -0.50721622 5
0.067903236 0.76616204 -0.5000999 7
0.19363932 1.9998026 -0.59264386 6
0.17061174 2.0742266 -0.58029187 6.5
0.20251796 2.0000579 -0.59070116 7
0.14101462 2.147573 -0.56683409 6.5
0.1110473 2.2369218 -0.55547023 5.5
0.07830672 2.3273671 -0.54280311 5.5
0.042920459 2.4249129 -0.52889121 5
-0.0055719553 2.5086346 -0.51318574 4
0.016241958 2.55725 -0.51715291 5
-0.024419168 2.6724746 -0.50099558 5
0.11920846 2.6944389 -0.52418441 0
0.13558146 2.7319767 -0.52833068 3
0.61070412 2.767314 -0.56972772 8
0.56825632 2.8810816 -0.54881692 35.5
0.18863067 3.1434641 -0.54502785 3.5
0.25430474 3.6730494 -0.56236303 1
0.28292671 3.7462509 -0.57064509 0
2.0287576 -2.3652041 -0.44818658 11
0.75541806 -2.2589509 -0.43229228 34.5
0.25958848 -2.1183252 -0.44896758 21
0.33889145 -2.1220429 -0.49879283 14
0.54482263 -2.1216779 -0.44504118 72.25
0.82093531 -2.1691139 -0.47245359 0
-0.28002661 -2.0036747 -0.42197329 39
-0.11009898 -2.016448 -0.40054783 69
-0.05114834 -2.0345907 -0.44511992 40
0.27876011 -2.0630553 -0.45573068 69
0.39569229 -2.0654814 -0.42781988 64.5
0.45313969 -2.0896027 -0.43949273 62.75
-0.39627171 -1.9679033 -0.40070897 8
-0.25600365 -1.9645592 -0.42998695 39.5
-0.2559064 -1.861582 -0.44856805 9.5
-0.27399284 -1.7757299 -0.44661635 14.5
-0.26151529 -1.6262836 -0.43953606 2.6666667
-0.13857639 -1.6231383 -0.41102508 1
-0.23985657 -1.5204127 -0.44134647 13
-0.11906274 -1.5066345 -0.41217422 31
0.11105793 -1.5216316 -0.49997556 12
-0.2612792 -1.4539372 -0.43056801 6
-0.2436907 -1.3593518 -0.4158597 4.2857141
-0.17310925 -1.3328518 -0.41708437 6.6666665
-0.15749767 -1.2353885 -0.44056493 0.80000001
-0.11984909 -1.1480408 -0.4453679 1
-0.10156079 -0.95373088 -0.40937519 2
-0.25427705 -0.80818319 -0.40311807 5.5
-0.22764617 -0.75883508 -0.41109836 5.125
-0.1696329 -0.71899199 -0.42936832 5.25
-0.26387927 -0.67763489 -0.41424981 0.33333334
-0.14757404 -0.65415549 -0.42794424 5.4000001
-0.25829601 -0.52150005 -0.4044567 4.1428571
-0.11565989 -0.55684823 -0.42076325 3.5
0.16151649 -0.52962863 -0.40479058 3
-0.23911209 -0.46309054 -0.40860677 4.1875
-0.19507724 -0.44313237 -0.41626745 2.5
0.17358316 -0.45134044 -0.40611279 3.8333333
-0.11687753 -0.34745327 -0.43928137 3.25
-0.090438552 -0.3328262 -0.45577952 4.5
0.18588085 -0.37138888 -0.40799594 3
-0.16007759 -0.2467611 -0.42805541 4.6363635
-0.072936185 -0.24491575 -0.44982648 3.7142856
0.21166727 -0.23323953 -0.41917306 3
-0.22465535 -0.12453127 -0.41328952 5.3333335
-0.13994275 -0.14238811 -0.43609518 4.7142859
-0.050531983 -0.15261105 -0.44532695 4.4000001
0.14668281 -0.15057909 -0.40157464 5.1428571
0.21510166 -0.15016587 -0.41705418 3
-0.240895 -0.053992413 -0.40618253 4.75
-0.15285671 -0.057130892 -0.43223339 4.5714288
-0.054384563 -0.049828656 -0.44587994 4.6666665
0.15972622 -0.032057177 -0.40563121 5
0.22100484 -0.045199979 -0.41783896 2.6666667
-0.14434253 0.057830609 -0.43299994 4.5294118
-0.042003669 0.04855106 -0.45132723 4.8000002
0.16867222 0.054752111 -0.41105071 4.5833335
0.24360685 0.055455517 -0.42584398 3.2857144
-0.21704085 0.15497322 -0.41769484 4.7142859
-0.16430636 0.14443941 -0.43491364 4.7894735
-0.054638702 0.14797375 -0.46341577 5.5
0.01047614 0.16119914 -0.43602538 3.2857144
0.17436425 0.14626926 -0.41431683 4.818182
0.23437186 0.14645383 -0.42698848 3.9333334
0.30094567 0.16875893 -0.40736824 4.75
0.57103014 0.18803601 -0.40673423 4.5
-0.23506927 0.21776915 -0.41128725 3.75
-0.15447593 0.24859987 -0.437971 4.9166665
-0.082065493 0.23757344 -0.4614802 5.5
0.018152555 0.24842574 -0.46736795 3
0.16328508 0.22368382 -0.41191083 6.25
0.22286636 0.24285237 -0.43131793 3.1666667
0.3135567 0.25871879 -0.40960515 4
0.58755344 0.22381133 -0.40367323 3.25
0.602153 0.25722837 -0.40566024 2
-0.14497812 0.3470037 -0.43575796 3.5
-0.02008527 0.38633811 -0.47695661 3
0.035698455 0.37442368 -0.45074895 3
0.17413689 0.38566673 -0.42075762 4.6666665
0.22458416 0.35494977 -0.43703982 3.5555556
0.32918796 0.35535896 -0.4125644 4.75
0.58381402 0.38707486 -0.40760103 2
-0.21509831 0.47030634 -0.42285603 4.5555553
-0.18692687 0.44507217 -0.43205044 4.2857141
-0.019755559 0.43823585 -0.48655716 3.1666667
0.047368176 0.43962961 -0.43969095 3.125
0.18051112 0.45079628 -0.42368343 3.8571429
0.23366417 0.45586917 -0.44434446 3.3571429
0.34269363 0.45298222 -0.41969997 5
0.59872407 0.42498255 -0.41977292 3
0.62186497 0.47147238 -0.42145374 3
-0.24301583 0.54680341 -0.4148632 4.4583335
-0.084745124 0.59677392 -0.4724631 3.5
0.068091512 0.51784164 -0.45510891 2
0.18399307 0.5430001 -0.42450953 4.4000001
0.23830128 0.54352784 -0.44610971 3.2
0.36008951 0.55537629 -0.42968449 6
0.55717105 0.58330929 -0.40074262 3
0.65043736 0.5205698 -0.42556828 3
-0.12729141 0.65618956 -0.45604697 4.6999998
-0.089683123 0.62447739 -0.47096914 5
0.18562557 0.61512393 -0.42982626 1.5
0.22257584 0.62276697 -0.44747901 2.25
0.35682273 0.67202431 -0.43046775 8.5555553
0.58157712 0.63893962 -0.40337533 4
-0.22766076 0.76687437 -0.42068005 4.5
-0.1810309 0.73731554 -0.43690053 3.7
-0.02073534 0.78514642 -0.42731348 17.200001
0.027539227 0.76445907 -0.46901253 14.428572
0.26065728 0.7058295 -0.41719943 3
0.35667181 0.7073099 -0.42454115 16
-0.26284307 0.82709521 -0.40876761 4.8571429
-0.18708387 0.84102553 -0.43107718 2.8
-0.03494107 0.83753878 -0.43424469 6
-0.036460709 0.92517185 -0.45444381 9
-0.040840708 1.0517958 -0.48780739 4
-0.10699018 1.1972239 -0.47419518 2
-0.071946241 1.1363753 -0.4862709 2.3333333
-0.14289623 1.2498785 -0.46160945 2
-0.21869875 1.3696591 -0.43700925 9
-0.1887265 1.3225698 -0.44698355 2
-0.30929473 1.4715861 -0.40329221 1
-0.26630127 1.4460227 -0.41536656 6
-0.31229863 1.5065502 -0.40236062 1
-0.25980645 1.7715307 -0.40011972 8
-0.061149754 2.1131446 -0.46341676 5
-0.082332216 2.2159724 -0.45785499 7
-0.039582856 2.3380041 -0.46336943 10
-0.060579367 2.495961 -0.46408415 6
-0.13452783 2.590039 -0.40893093 12
-0.02804824 2.6417975 -0.48558164 5
-0.081891984 2.7594881 -0.4812898 5
-0.1439659 2.8542566 -0.46165752 4
-0.033901401 2.8339474 -0.46890086 5
0.37633654 2.8497732 -0.41249919 86
0.45010138 2.8442662 -0.46916401 82.333336
0.50971174 2.8417585 -0.49550319 92
0.028478688 3.0375171 -0.47707999 5
0.0022436739 3.3019276 -0.47795594 4
0.082526222 3.5831182 -0.49144679 4
0.057564385 3.991895 -0.49846441 0
1.494459 5.763577 -0.40865836 4
1.6564257 5.740315 -0.40389988 15
1.7814144 5.735549 -0.4902578 4
1.8605175 -2.3174572 -0.36734164 18.5
1.9559619 -2.345499 -0.36033705 11.5
-0.30455628 -2.2217689 -0.3029179 42
0.78000551 -2.2831185 -0.39660349 60
1.4282115 -2.2539711 -0.37443838 1
-0.64795703 -2.1857793 -0.34517488 15.666667
-0.40639797 -2.1307311 -0.3673479 56.5
-0.28836671 -2.141845 -0.32254875 34
0.23950599 -2.1238654 -0.37719351 17
0.49805319 -2.1269491 -0.32170209 11
0.54039001 -2.1174886 -0.36539075 80.666664
0.6292336 -2.1541128 -0.36335772 18
0.73004663 -2.1557736 -0.32593688 35.5
-0.60621983 -2.0863974 -0.33564678 8
-0.25619948 -2.0283182 -0.33726975 54.857143
-0.14757209 -2.0078323 -0.37252569 72.75
0.062773958 -2.0211709 -0.30914155 14
0.34720394 -2.0600243 -0.39613873 63
0.47309339 -2.0949073 -0.36847046 89
-0.58166492 -1.9166701 -0.34427997 8
-0.24164146 -1.9982688 -0.36814612 95
-0.18077865 -1.9965525 -0.34111789 83
-0.54232246 -1.7286649 -0.31567639 6.6666665
-0.38702244 -1.7889619 -0.3985787 6
-0.53638643 -1.6674371 -0.31721267 6.6666665
-0.45770833 -1.6247932 -0.33293656 7
-0.37825817 -1.6280049 -0.39240828 7
-0.54682672 -1.5716463 -0.331985 7
-0.42722568 -1.5637851 -0.34740877 7
-0.3799108 -1.5341438 -0.36989397 7.5
-0.53031635 -1.4687347 -0.33903188 1.5
-0.33788037 -1.4642369 -0.38542461 4
-0.28968614 -1.4223104 -0.39600271 0.5
-0.51473236 -1.3477869 -0.34482256 3.6666667
-0.36057091 -1.3091316 -0.39409128 1
-0.48949963 -1.2715963 -0.34707582 2
-0.35592568 -1.2271626 -0.39399913 2
0.052994251 -1.2801676 -0.35366189 1
-0.47302499 -1.1542662 -0.34966016 2
0.072140634 -1.1747037 -0.34826639 1
0.15709676 -1.1238555 -0.32492003 0
-0.60892892 -1.0698643 -0.30193919 2
-0.55327904 -1.0308125 -0.30877554 2.5999999
-0.46749294 -1.0270081 -0.34104717 3
0.15480189 -1.0240258 -0.32146558 0.33333334
0.21788639 -1.044835 -0.3147943 3
-0.54669571 -0.97760987 -0.31307745 2.5
-0.44130194 -0.96746963 -0.34299374 2.3333333
-0.37940556 -0.92518497 -0.36203951 3.5
-0.55761671 -0.8568204 -0.31167862 3.3333333
-0.32953596 -0.87332588 -0.37484273 5.7142859
-0.28196672 -0.8306182 -0.39166617 5.5999999
0.38080323 -0.82319164 -0.31496763 2
0.42195275 -0.82716143 -0.32245836 5
-0.53329241 -0.73255324 -0.3112247 4.75
-0.41392285 -0.70171636 -0.35959482 5
-0.11940556 -0.71097016 -0.31569037 2
0.097091243 -0.78934163 -0.38273335 1
0.12884904 -0.75401556 -0.34924853 1.75
0.3810001 -0.74365342 -0.30821699 4.5
0.40999168 -0.74900711 -0.32214177 4
-0.51498914 -0.6710372 -0.30815241 4.25
-0.44286767 -0.65116364 -0.33823815 4.0588236
-0.37979487 -0.61114383 -0.35921702 4
-0.14942165 -0.68334281 -0.34886551 3.5
-0.070607424 -0.62530178 -0.31866324 2
0.092065081 -0.61383367 -0.35796762 4.5
0.15490742 -0.62358987 -0.35972601 2
0.37858295 -0.64851469 -0.31070378 4
0.40220976 -0.67497301 -0.31835538 4
-0.52737945 -0.50595117 -0.31243065 4
-0.32912391 -0.57108825 -0.37709737 3.75
-0.28727096 -0.5415383 -0.39064464 5.5999999
-0.11398881 -0.54073095 -0.39461184 2.75
-0.062221508 -0.55805439 -0.31992805 2
0.095560998 -0.54748672 -0.36397025 5
0.17523013 -0.53973174 -0.34616184 3.7857144
0.39133075 -0.58589101 -0.31616619 3
0.47275281 -0.55590105 -0.34395802 3.5
-0.51396394 -0.47528753 -0.30962145 4.3333335
-0.44987562 -0.4595561 -0.33217949 5.5454545
-0.36139661 -0.44821733 -0.37023893 5.5714288
-0.23796642 -0.49533424 -0.39735413 5
-0.0067251562 -0.40400246 -0.34039587 2
0.057774659 -0.44137621 -0.36718953 3
0.16431637 -0.45996797 -0.35655382 4.1666665
0.20499153 -0.43153802 -0.34513631 4.4285712
0.35965699 -0.42405692 -0.30319017 3
0.77027053 -0.44410333 -0.30212083 4
-0.32950816 -0.38909507 -0.363455 5
-0.2731376 -0.33783531 -0.37857535 3
-0.068185531 -0.3300195 -0.35394239 2.3333333
0.054247253 -0.35035127 -0.36390799 2.5999999
0.11305901 -0.34678355 -0.38033757 3.8333333
0.2126943 -0.3684881 -0.34310806 4.909091
0.3635385 -0.34993553 -0.30728027 4.1428571
0.45215586 -0.34085521 -0.34295294 4.4545455
0.77596962 -0.3638941 -0.30231863 2.75
-0.52441198 -0.25257891 -0.31940871 6
-0.44625178 -0.24564974 -0.34513676 6
-0.35309717 -0.23587258 -0.37163472 5.6666665
-0.27481124 -0.2899619 -0.32725814 2
-0.054732535 -0.23725697 -0.33332628 2
0.048914261 -0.26472643 -0.35675898 2.25
0.13852532 -0.24842519 -0.37168261 4.0666666
0.22877045 -0.24244668 -0.35777408 5.1428571
0.35529059 -0.2500245 -0.30991492 4.25
0.44994316 -0.25023407 -0.34100518 4.2352943
0.52906644 -0.21999958 -0.35957018 2.8
-0.547481 -0.14816993 -0.31001538 5.181818
-0.44897276 -0.1486638 -0.34279296 5.2142859
-0.35979134 -0.15243381 -0.37811396 5.3333335
-0.2564027 -0.13489643 -0.3758558 4.5
-0.19295754 -0.1151332 -0.38486791 4
-0.028677111 -0.15328988 -0.34344268 2.5
0.047744699 -0.13262354 -0.36016762 3.25
0.14164481 -0.14303781 -0.3943904 3.4285715
0.24238621 -0.15784691 -0.3615697 5.2307692
0.35550693 -0.14578559 -0.3089202 3.909091
0.44030666 -0.14928891 -0.33755875 4
0.51629883 -0.14814447 -0.37065873 4
0.75050485 -0.13521701 -0.30125284 4
-0.54291886 -0.054162789 -0.31095722 5
-0.4472951 -0.045409981 -0.34590444 5.0526314
-0.35583097 -0.046099279 -0.37830439 5.0999999
-0.28746155 -0.053787559 -0.3952519 5.8333335
-0.18394981 -0.033796914 -0.38480666 4
-0.018555159 -0.045208633 -0.34700596 4.1666665
0.025989378 -0.072329961 -0.35455433 9.1999998
0.14089659 -0.059465986 -0.39685047 4.25
0.26489809 -0.030952254 -0.36470675 4
0.3543379 -0.043492556 -0.3108806 3.9166667
0.43653241 -0.047762152 -0.3398352 7.1599998
0.51958919 -0.043294873 -0.36768758 3.6470587
0.7624284 -0.022235855 -0.30685562 4
0.80604672 -0.053138055 -0.31618458 4.75
-0.54135388 0.050739575 -0.3102769 5
-0.44284475 0.049789678 -0.34287709 6.9473686
-0.34753293 0.05101547 -0.37851769 5
-0.26766059 0.051762216 -0.3841095 5.3333335
-0.18143074 0.05397116 -0.38984811 4
-0.0068030418 0.045701806 -0.37287459 3.5
0.03048861 0.050734427 -0.34947336 2.8333333
0.14360604 0.020264866 -0.39767992 6
0.27890867 0.047463156 -0.36784184 4.2666669
0.35691488 0.051177491 -0.31430301 3.75
0.4454495 0.051238101 -0.34218964 4.6153846
0.53515047 0.046854626 -0.37181973 3.3529413
0.77240586 0.052789461 -0.31385407 4.6666665
0.82230794 0.047863774 -0.32677341 4.8000002
-0.53856897 0.11893799 -0.30876449 5
-0.4419761 0.14861445 -0.34469137 5.5789475
-0.34248501 0.14760974 -0.37583321 5.1111112
-0.27182701 0.15408789 -0.37562928 5.4285712
-0.19819635 0.13035744 -0.39422107 4
0.031654604 0.13823418 -0.34322262 2.2
0.29124674 0.12915054 -0.36780909 4.5714288
0.33603805 0.14632766 -0.34094089 3.7692308
0.47657394 0.13701044 -0.34916326 3.5454545
0.54096478 0.15719301 -0.38281298 4
0.78255898 0.14457075 -0.3152836 5
0.84661072 0.1545756 -0.3228997 3.75
-0.55078346 0.24321841 -0.30318001 5.75
-0.442357 0.24567501 -0.3304235 5.6875
-0.33910665 0.25102958 -0.38063869 6
-0.26224792 0.24211098 -0.35486031 3.125
-0.18780923 0.25978068 -0.39307368 2
0.04036013 0.25971469 -0.35153034 2
0.27681306 0.23829602 -0.34622541 3
0.34856761 0.24299267 -0.35327169 3.875
0.44878283 0.25390273 -0.35183406 4.5999999
0.52398938 0.24411631 -0.37516508 4.1428571
0.78590137 0.25370613 -0.31110746 3.4000001
0.87022734 0.24543667 -0.32911664 3
-0.50774097 0.37149024 -0.31980735 6.5
-0.44828174 0.34631699 -0.33805096 6.5454545
-0.34766889 0.36061311 -0.37036666 5.7272725
-0.29026139 0.32183832 -0.38123143 4
0.052591834 0.38404548 -0.38926357 3
0.20670944 0.31314167 -0.38868621 4
0.34466892 0.33446482 -0.35656643 4
0.43607712 0.33045363 -0.34393144 2.5714285
0.64365071 0.38049459 -0.30018514 2
0.76456684 0.36966634 -0.31234652 2.25
0.85319668 0.36144957 -0.34013954 3
0.90828627 0.3595258 -0.32553229 2.8
-0.51585865 0.41372478 -0.30976138 3
-0.44815531 0.40821233 -0.33090049 4.6666665
-0.36103418 0.43562523 -0.37129596 6
0.35635811 0.45256644 -0.35426635 5
0.53795671 0.44927967 -0.3833729 2.75
0.75084275 0.45750469 -0.31190616 2
0.83493036 0.44603607 -0.33934286 2.7272727
0.92237329 0.44693223 -0.34309018 3.3333333
-0.31580588 0.57349223 -0.38889107 4.8333335
-0.27664948 0.51963085 -0.38464087 4
0.37542951 0.55100495 -0.357474 5.6666665
0.4462733 0.54601032 -0.35934195 3.125
0.54482609 0.54533875 -0.39330941 3.25
0.76628202 0.56626427 -0.32170326 2.5999999
0.87874222 0.53429121 -0.36245033 1.2
0.9360553 0.56074226 -0.35462976 2.4117646
1.1654077 0.55871314 -0.32257932 1.8333334
1.2202612 0.55553931 -0.32006988 4.4000001
-0.54177344 0.65675873 -0.30283591 4
-0.43187103 0.68100178 -0.34931749 4.9000001
-0.35749841 0.6356163 -0.37754574 4.818182
0.39066052 0.67337632 -0.34770739 8.666667
0.4782871 0.66497648 -0.36526668 7.8888888
0.53824836 0.67949778 -0.33064458 12.333333
0.63712305 0.66267329 -0.35165852 12.777778
0.78729397 0.61944139 -0.32178462 6.6666665
0.8204 0.63101715 -0.32075799 10.363636
0.93443406 0.60977811 -0.35252494 3
-0.52600932 0.72222185 -0.3134892 4.6666665
-0.48057646 0.70981318 -0.33267856 5
0.057133555 0.77284002 -0.32994717 16.555555
0.12911384 0.74874735 -0.36359277 10.166667
0.26395261 0.71568435 -0.36153057 9.363636
0.33832812 0.70968175 -0.3574706 12.705882
0.41108656 0.70252419 -0.31425089 14
-0.50707763 0.82481158 -0.30939323 4.5
-0.44680223 0.84427899 -0.33311391 4.5
-0.32177609 0.87994766 -0.38571388 6
-0.29992631 0.8581323 -0.39477 6
0.018153599 0.88345051 -0.31172061 6
-0.52924943 0.92768359 -0.30782461 2.5
-0.44176644 0.97396851 -0.34587154 3
-0.37512264 0.93359184 -0.37027431 5.3333335
0.015163993 0.90695941 -0.31162703 2
-0.53236544 1.057206 -0.3185477 2.8333333
-0.46345118 1.0459287 -0.33747983 2.8333333
-0.44888628 1.1546865 -0.3337732 2.5
-0.31835282 1.1251044 -0.38360819 3
-0.44807962 1.2552619 -0.33252785 5.6666665
-0.31856361 1.2428415 -0.38339171 3
-0.50582522 1.3116871 -0.30834943 13
-0.31872562 1.3806236 -0.3827292 3
-0.52097023 1.4286343 -0.30945653 1
-0.43860173 1.4056906 -0.33372653 1
-0.31936052 1.4968187 -0.38500291 9
-0.53609008 1.5367609 -0.30230606 7
-0.42872709 1.5550541 -0.3496722 8
-0.35808048 1.5463462 -0.38552907 9.75
-0.44886392 1.6476698 -0.34822536 8.6000004
-0.31902456 1.6180903 -0.38234824 9
-0.26125577 1.619535 -0.39964974 7
-0.54057014 1.7286696 -0.32062113 8.5
-0.48245698 1.7629764 -0.32910866 8.5
-0.32029089 1.7634509 -0.38146538 8
-0.49730837 1.9735484 -0.30807087 7
-0.32103807 1.9079545 -0.37351194 8
-0.25880706 1.9295493 -0.39463013 9
-0.32176104 2.1183853 -0.37340873 7
-0.25625843 2.1275489 -0.3911722 7
-0.32409376 2.3480339 -0.36689553 8
-0.24658808 2.3901887 -0.31287125 40.5
-0.23870011 2.4396503 -0.36599198 24.333334
-0.18920654 2.4604199 -0.35244265 47
0.13782167 2.8910122 -0.34911782 37.5
0.30431122 2.8634508 -0.37425277 77
0.25191516 2.9015739 -0.33764815 49
0.32183236 2.951689 -0.35921165 60.5
0.25152332 3.0662904 -0.30670246 124
0.22467728 3.1156385 -0.31801513 36
0.055948555 3.3876374 -0.37454599 7
1.3750845 5.7705202 -0.32324794 15
1.5390425 5.7586346 -0.32029572 11
-0.9114458 -3.5944757 -0.2192395 10
-0.8223725 -3.0811069 -0.24146846 11
-0.75594509 -2.699594 -0.25931525 15
-0.7015447 -2.3833699 -0.27102295 46
-0.64624214 -2.3597565 -0.2576645 109.5
0.99718338 -2.3811138 -0.25110227 3
1.0032032 -2.3117964 -0.27150896 4
1.7994365 -2.3023584 -0.28550452 18
1.865674 -2.3208518 -0.24814498 14.5
-0.91530973 -2.2025664 -0.21272585 3
-0.67599171 -2.243258 -0.29951012 8
-0.32650313 -2.2142737 -0.25168052 44.666668
-0.29173815 -2.2146585 -0.27535558 44.666668
1.0256463 -2.2796144 -0.28373384 50
1.3271747 -2.2176781 -0.21420006 18
1.7638516 -2.2979958 -0.23257294 18
-0.92613143 -2.1981668 -0.20277542 3
-0.2875683 -2.1310709 -0.20374182 114
0.56269807 -2.1150942 -0.28017506 67
0.61692888 -2.1017845 -0.22386158 14
0.77862477 -2.1960297 -0.22566047 35
1.252552 -2.1971607 -0.23502173 31.5
-0.40976295 -2.0643961 -0.24052393 32.666668
-0.37061852 -2.0682764 -0.22276822 33
-0.25031957 -2.0607879 -0.27368996 34
-0.051110592 -2.015847 -0.25103948 60
0.06128649 -2.0090454 -0.25095999 55.5
0.39256474 -2.0789964 -0.22366378 60
0.45934758 -2.0717428 -0.21751022 14
0.72021604 -2.0951149 -0.25896123 42
-0.8632037 -1.994355 -0.2238573 4.5
-0.055153742 -1.9964426 -0.22175029 88
0.0027312399 -1.99798 -0.25621751 79
-0.81611013 -1.8254898 -0.23762736 6.5
-0.70776391 -1.8100414 -0.24399191 6
-0.6183905 -1.8359334 -0.26898867 4
-0.58758485 -1.8471402 -0.29469097 7
-0.64533257 -1.7635411 -0.26866364 6.5
-0.5852887 -1.7107251 -0.29048619 6
-0.77708054 -1.6853533 -0.25048721 6
-0.74355835 -1.5645745 -0.26114988 6.5
-0.71587044 -1.4640851 -0.27227905 4.5
-0.68874133 -1.3655252 -0.27929258 1.5
-0.86632293 -1.2565491 -0.20840089 2
-0.6567499 -1.2511798 -0.28656939 2
-0.82296419 -1.1544036 -0.22368526 2.25
-0.62786728 -1.1420186 -0.28633338 2
-0.58393276 -1.1027399 -0.28902215 3
0.1052412 -1.1368333 -0.26314187 0
0.34468362 -1.1108866 -0.25422102 0
-0.77393198 -1.0465885 -0.23936856 2.3333333
-0.63679361 -1.0596809 -0.27015537 2
-0.56377298 -1.0478514 -0.29677293 2
0.15940301 -1.0690393 -0.24845128 2.4000001
0.23212935 -1.0613599 -0.23662257 5
0.37303537 -1.0733041 -0.22618955 0
0.49559626 -1.048921 -0.2182937 1
0.72082281 -1.0602953 -0.20721522 0
1.0096326 -1.0291399 -0.2227028 1
-0.73923266 -0.94884443 -0.25151062 3.2
-0.12158068 -0.95413643 -0.23108777 0.5
0.25672933 -0.99238402 -0.27941453 9
0.30759621 -0.9855845 -0.22835045 2
0.94137555 -0.91103917 -0.20968306 1
-0.86155659 -0.83913612 -0.20675921 3
-0.70994401 -0.85532129 -0.2571404 3
-0.68889469 -0.84072584 -0.26462191 3.3333333
0.16784383 -0.8592627 -0.25029963 2
0.21990784 -0.80126816 -0.25169212 2
0.30468965 -0.82572049 -0.29254732 2.5
0.52981824 -0.81755286 -0.20409393 1
0.64374632 -0.84930545 -0.24137516 2.1666667
0.71688032 -0.84684765 -0.21767928 2
0.99268407 -0.8201592 -0.21122663 3.3333333
-0.83115464 -0.76388967 -0.21165293 3
-0.7896331 -0.73355186 -0.22704636 4
-0.65473235 -0.75549287 -0.27230576 3.5999999
-0.5733251 -0.7253558 -0.29017437 5
0.19247754 -0.7563107 -0.24399707 1.5
0.254448 -0.74654591 -0.26565996 2.4000001
0.30963916 -0.7246995 -0.28667307 4
0.46318334 -0.71309328 -0.21297076 1
0.55553484 -0.73128629 -0.21567439 2
0.64309323 -0.7494415 -0.25539061 2.5714285
0.7305218 -0.73017865 -0.2549614 3.25
0.97503376 -0.74240732 -0.21530138 1.25
1.0105959 -0.75463992 -0.21661031 3
-0.80001658 -0.69593066 -0.22030893 3
-0.75280613 -0.64399582 -0.23651674 4.1428571
-0.62683046 -0.67162168 -0.27764061 4.1999998
-0.56772184 -0.6772204 -0.28776073 4.5
-0.14891738 -0.68853354 -0.27699584 3.5
0.2452458 -0.66731924 -0.26428416 1.3333334
0.31049314 -0.63361937 -0.28591871 3.6666667
0.56188452 -0.6447686 -0.2210695 2.5
0.66915262 -0.65550178 -0.26461539 2.2857144
0.73916668 -0.66864705 -0.23333274 3
0.94624525 -0.66101831 -0.20889406 1
1.0371341 -0.61150455 -0.21796067 4
-0.8253845 -0.53843749 -0.20812325 4.5999999
-0.73543864 -0.54475325 -0.2425593 4.3333335
-0.57303649 -0.52845263 -0.28146699 3.5
0.31325802 -0.56759 -0.28243303 1
0.56808913 -0.55047119 -0.22212458 2.25
0.65370417 -0.55223584 -0.25288546 2.5
0.75686991 -0.54408818 -0.25584835 2.9285715
0.95299369 -0.53237504 -0.20734227 1
1.0469836 -0.53446132 -0.22133961 3.375
-0.81026077 -0.47201779 -0.21275024 4
-0.7701062 -0.45317867 -0.22119789 2.5714285
-0.68610656 -0.48096061 -0.25462279 2
-0.54662549 -0.46005028 -0.2786907 4
0.2636129 -0.45695218 -0.26995522 2.2
0.31227589 -0.43144685 -0.28546184 2
0.55901361 -0.42882016 -0.21661687 2.1666667
0.6608789 -0.45599157 -0.25944147 2.090909
0.75086886 -0.44192514 -0.27222219 2.5
0.99592835 -0.44000533 -0.22071013 1
1.0533037 -0.45998645 -0.22330916 3.4736843
-0.65412664 -0.33445022 -0.2616874 2.5
0.25525242 -0.36188126 -0.27056661 2
0.31021747 -0.3491407 -0.28909993 4.75
0.57691389 -0.34608456 -0.22251248 2
0.64264119 -0.34242204 -0.24915673 2.4285715
0.75965637 -0.34885004 -0.27914789 3.0645161
0.80673462 -0.33527035 -0.22287086 3.7777777
1.0431244 -0.35007513 -0.23555321 3
1.3871825 -0.34192383 -0.20352125 6.5
-0.71403533 -0.24017777 -0.24438421 4.3333335
-0.6544826 -0.24185146 -0.26840749 5.4545455
-0.57489365 -0.24459766 -0.29267576 6
-0.417059 -0.24559824 -0.29377577 5
-0.30691653 -0.28716025 -0.29394537 2
0.1498585 -0.25514555 -0.28313062 6
0.25926095 -0.29870152 -0.27482575 2
0.31145063 -0.23939914 -0.29155356 4
0.5696286 -0.28888524 -0.20436132 1
0.67040384 -0.25931597 -0.25423181 1.7272727
0.73426008 -0.257395 -0.28643855 3.5714285
0.81162477 -0.25013125 -0.22939631 3.5555556
0.98164564 -0.25200337 -0.21277425 2
1.0482813 -0.25839335 -0.22505565 3
-0.64450103 -0.1533791 -0.27541247 5.6923075
-0.56985182 -0.12609765 -0.29570371 5
-0.27523851 -0.14608362 -0.2532981 1
0.29684076 -0.10417383 -0.29250121 3
0.31180075 -0.14354093 -0.28859404 2.6666667
0.57639879 -0.14349981 -0.22763769 1.1111112
0.61672729 -0.12079822 -0.23334663 2
0.74971086 -0.14643309 -0.29442731 4
0.8277427 -0.15139262 -0.24290521 3.4000001
0.95351231 -0.15502085 -0.20214146 2
1.0156746 -0.16350202 -0.227652 2
1.1099359 -0.14883591 -0.22987099 5.1666665
-0.62118316 -0.052967299 -0.28308946 5
-0.56206 -0.067935251 -0.29371968 5
0.31443343 -0.060344107 -0.29397967 3.8571429
0.58058369 -0.057918392 -0.24368592 1.2
0.60660553 -0.053719692 -0.23814265 1.8846154
0.74869621 -0.070951045 -0.28824866 4
0.84471655 -0.043468505 -0.25635567 3.5
0.94712466 -0.033891678 -0.20473629 2
1.0297124 -0.051491786 -0.23615122 2
1.1286796 -0.039635342 -0.24101686 5.1666665
-0.62705904 0.055857316 -0.27725014 5
-0.59376323 0.054999687 -0.27578849 5
0.32481831 0.033231348 -0.29832816 4.6666665
0.46852088 0.089939371 -0.25368422 1
0.59175718 0.053299524 -0.26594061 0.60000002
0.60852951 0.050346129 -0.24822934 1.6428572
0.86380869 0.04996378 -0.25018486 3.6153846
0.95739043 0.051576637 -0.21047211 2
1.0763742 0.047187202 -0.25910002 2
1.1457922 0.050008155 -0.25557089 4.0999999
1.4396455 0.059622936 -0.22553876 5.1999998
-0.63173866 0.14680043 -0.26353124 5.1875
-0.56489128 0.15270291 -0.28221065 5
-0.25620121 0.19309853 -0.20038015 1
-0.051271398 0.17689608 -0.25138083 1
0.3771708 0.13003159 -0.21607427 2
0.44047007 0.12252227 -0.24244261 1.9230769
0.63811564 0.13736084 -0.25039878 1.2
0.880265 0.14308618 -0.25620887 3.6666667
0.97142446 0.14480895 -0.21195096 2
1.1482545 0.14491503 -0.26497126 2.5714285
1.4528906 0.1349846 -0.20996538 6
-0.70507532 0.29891878 -0.23843589 5
-0.65204322 0.24645804 -0.25924358 6.04
-0.55141115 0.23983113 -0.29677182 5.8000002
-0.25821477 0.21696548 -0.2299509 1.5
0.66662604 0.24774595 -0.26671329 1
0.72143966 0.23634034 -0.28362888 1.125
0.89641076 0.23916461 -0.25799352 2.75
0.93139505 0.25167915 -0.22414126 2.8571429
1.0104305 0.2521126 -0.22779554 2
1.1845069 0.24815366 -0.26624566 3.5384614
-0.65392488 0.33741212 -0.25177324 4.090909
-0.56830943 0.35306522 -0.28670341 4.5
-0.3354038 0.38910377 -0.28222066 2
0.6580863 0.37423897 -0.27196437 1
0.72071391 0.3276431 -0.28407422 1.6666666
0.91713345 0.35177025 -0.24974582 2.1666667
1.0510074 0.35096785 -0.24814168 2.5999999
1.1987991 0.31556514 -0.23893756 4
1.2100294 0.35367996 -0.25163263 4.3000002
1.3906425 0.36727712 -0.21560231 0
1.4460921 0.35014004 -0.23048232 2
1.5079288 0.39993134 -0.24632764 4
-0.80089062 0.48985633 -0.20486075 1
-0.7328741 0.4530094 -0.22817653 1.8888888
-0.66289848 0.46804842 -0.26256946 3.5555556
-0.57697618 0.42367983 -0.28892255 3.75
0.67120099 0.40964913 -0.28986275 2
0.70039374 0.45465821 -0.2949847 2
0.93545741 0.4255487 -0.26077351 2
1.0870175 0.44396487 -0.26550102 1.8
1.1274533 0.48378715 -0.27946445 1
1.2314799 0.45498031 -0.22816305 4.5999999
1.5204269 0.45843437 -0.23719701 4.125
-0.81556088 0.54901367 -0.20596845 2.8571429
-0.74861962 0.55247205 -0.22901081 3.3333333
-0.66274995 0.56181616 -0.25522172 2.8571429
-0.55845672 0.57676816 -0.28143108 3
0.9430027 0.5217641 -0.28406048 1
1.0800062 0.59036446 -0.25565735 4.1999998
1.1455232 0.57634103 -0.24667683 7.0666666
1.2337612 0.54508173 -0.24236922 6.6666665
1.533621 0.51707113 -0.2170625 7.5
-0.80608493 0.64718229 -0.20082539 4
-0.75777549 0.64635205 -0.22421496 4.5
-0.66359192 0.6361019 -0.25613034 4.3333335
-0.57428062 0.65670377 -0.2902635 4.75
0.46290341 0.69634879 -0.26046932 13.9
0.55249643 0.68441361 -0.24085276 13.25
0.64689499 0.67230684 -0.24077322 12.666667
0.75615311 0.65111625 -0.24391885 13.636364
0.86033547 0.63337481 -0.26254022 11.8
0.93089557 0.62808251 -0.22257456 8.818182
1.1248995 0.60463804 -0.24721105 7.6666665
-0.812985 0.73814791 -0.20308375 4
-0.74987876 0.75240916 -0.22565103 4
-0.64138812 0.73445463 -0.26582199 4.5999999
-0.56424803 0.75383234 -0.29478148 4
0.046573639 0.78349382 -0.24289259 13.75
0.14749679 0.75924617 -0.25663897 14.769231
0.22507358 0.74269491 -0.23882605 8.5
0.36901781 0.7084381 -0.2661759 14.5
0.43178684 0.70512807 -0.23085682 14
-0.81832153 0.83377934 -0.20351951 5.5
-0.74605387 0.83479041 -0.22747286 3.6666667
-0.65064168 0.84811574 -0.26373872 4
-0.58933169 0.854684 -0.28750205 4.5
-0.82860214 0.91634291 -0.20217311 3
-0.75624454 0.96273458 -0.22661228 3.25
-0.63369018 0.93822461 -0.26779953 4
-0.54545909 0.99998903 -0.29905996 1
0.05841542 0.91872329 -0.20346303 7
-0.81491148 1.0500164 -0.20040968 3
-0.72866344 1.0640271 -0.2331392 3
-0.63241893 1.0674956 -0.27438602 2.3333333
-0.57283056 1.0677543 -0.29625654 1.5
-0.76087141 1.1522607 -0.21845818 3
-0.66753113 1.1495674 -0.2566531 2
-0.58137226 1.1571374 -0.28541023 1
-0.74784553 1.2576139 -0.22259192 9
-0.64586115 1.2410487 -0.26008186 7
-0.62632895 1.3524631 -0.26471242 1
-0.7514056 1.4480076 -0.22430569 5
-0.6514439 1.4579039 -0.2573902 7
-0.67974198 1.5762985 -0.24735647 8
-0.75412738 1.6534317 -0.21775223 8
-0.55417663 1.6660806 -0.29491374 7
-0.60588658 1.7936193 -0.29743895 0
-0.7428233 1.8344536 -0.21498483 8
-0.57304847 1.8045435 -0.28380862 8
-0.59528321 1.9602865 -0.26937482 8
-0.6117565 2.0710294 -0.23932812 20
-0.50942391 2.0599923 -0.22417286 35
-0.51836455 2.163871 -0.29362947 8
-0.34610283 2.2675412 -0.24493146 38.25
-0.30100664 2.3412237 -0.27951431 41
-0.26942191 2.3544538 -0.24848783 30
0.13261056 2.8896658 -0.2768091 90
-0.022352412 2.9032106 -0.25112504 113
0.16815104 2.9302735 -0.24961057 11
0.62403667 2.9227889 -0.26981056 11
0.15100886 3.0440753 -0.23711435 18.666666
0.58611828 3.0084493 -0.23449472 7
0.1021511 3.1509335 -0.23162156 38
1.1369681 5.798491 -0.29753613 1
-1.1666714 -5.054502 -0.12804805 26
-1.00326 -4.1161819 -0.17589687 2
-1.1703422 -3.1318266 -0.13534412 0
-0.72886503 -2.9154823 -0.11392269 14
-1.0599068 -2.730437 -0.16613495 4
-1.0693364 -2.6891158 -0.15113136 1
-0.98545545 -2.4295635 -0.185774 3.5
-0.64539498 -2.34852 -0.17735837 69
-0.56919241 -2.3456602 -0.15033695 58
0.87111264 -2.3250864 -0.16418189 5
1.8053994 -2.3066654 -0.16764435 16
2.0568368 -2.3174789 -0.17959999 14
2.1666796 -2.3359799 -0.12558465 12
2.3820605 -2.3949685 -0.1479996 21
1.1526726 -2.2353311 -0.16546717 11
1.2824569 -2.2074401 -0.16614313 5
1.3190473 -2.2224512 -0.175007 7.5
1.6891369 -2.2762501 -0.12843019 17
1.7411015 -2.2849288 -0.14673625 34.5
1.8050406 -2.2771842 -0.11767444 16
-0.6121785 -2.1196303 -0.1032088 103
0.81584966 -2.1839294 -0.18902226 80
1.1751179 -2.171505 -0.12595542 23
-0.44152176 -2.0612791 -0.166062 44.5
-0.33798084 -2.0558565 -0.14813364 64.333336
-0.25821313 -2.061182 -0.13685629 80.833336
-0.15586714 -2.0171411 -0.15216449 50
-0.050488077 -2.0007811 -0.15188433 64
0.32079393 -2.0521693 -0.16530526 15
0.44797233 -2.0631514 -0.16910729 40.5
-1.1683077 -1.9496224 -0.11360618 3.5
-0.10629868 -1.9968446 -0.17656679 62
-0.045357093 -1.9853932 -0.12411739 85
0.031049147 -1.9910703 -0.17760193 83
-1.0971723 -1.7871933 -0.13509965 4.5
-1.033621 -1.6434112 -0.15364978 6.5
-0.98482549 -1.5317812 -0.17062786 4
-1.1074578 -1.4075409 -0.10036147 5
-0.93932688 -1.4269062 -0.18446487 7
-0.9045732 -1.3456932 -0.19872507 1.5
-1.1245342 -1.2597805 -0.11314645 4.5
-1.0863314 -1.2204596 -0.13093223 1
-1.062129 -1.1517515 -0.12922858 3
-1.0055138 -1.0696648 -0.15452436 2
-0.97435039 -1.0178442 -0.16613156 2
0.19257092 -1.0923257 -0.18883194 2
0.26858601 -1.0736222 -0.17102881 9.333333
0.34342536 -1.0438132 -0.13125229 23
0.43539566 -1.0325301 -0.1616706 3
0.61894155 -1.0127387 -0.15111259 2
0.82642853 -1.0136943 -0.15728307 8.25
0.97067773 -1.0301151 -0.18829417 3
1.0104923 -1.0240279 -0.15052053 5.5999999
-1.1415921 -0.91926664 -0.10298888 2
-0.93107671 -0.94695657 -0.18065999 2.5
-0.88887316 -0.901591 -0.19856641 3
-0.095410429 -0.92626488 -0.14710912 0
0.3647697 -0.94422537 -0.17421298 0.33333334
0.43445721 -0.96978492 -0.12346105 0.33333334
0.63543266 -0.9920516 -0.13158998 18
0.71873629 -0.97608936 -0.17264874 0
0.81889564 -0.99074012 -0.12682804 10.6
0.98925954 -0.92474729 -0.17162067 5
1.0048162 -0.95365959 -0.13778551 4
-1.1048443 -0.87555856 -0.11345478 2
-1.0679814 -0.83923596 -0.12980834 2.3333333
-0.96715772 -0.82547522 -0.14944071 0
-0.89753503 -0.8661319 -0.19023015 3
0.49898803 -0.84872526 -0.19156104 2
0.66861314 -0.83650953 -0.1735338 4.6666665
0.73482406 -0.85804564 -0.15755133 1.5714285
0.80463868 -0.85764521 -0.14823911 1
0.98744541 -0.86543876 -0.18877432 6
1.0118344 -0.86263567 -0.13229433 4.75
1.2967565 -0.83635139 -0.11889324 4
1.3091471 -0.83568203 -0.12057716 3.5
-1.0292317 -0.77292585 -0.14354707 2.75
-0.97451025 -0.72806329 -0.16034898 2.5
-0.10689577 -0.70092016 -0.12663108 3
0.49012399 -0.75198734 -0.18889287 1
0.51323992 -0.70455068 -0.19933924 1
0.75346458 -0.7639066 -0.15983425 2.1428571
0.83187318 -0.72286093 -0.17185904 1
1.0241748 -0.72788268 -0.17526747 4.7142859
1.184165 -0.7077086 -0.11168225 2
1.3137929 -0.79908216 -0.10696857 2
-1.1221961 -0.68665522 -0.11015894 2
-1.0663847 -0.63501424 -0.12455795 4.6666665
-0.93199956 -0.65931773 -0.17215869 3.5
-0.87495989 -0.61481881 -0.19482747 5
-0.11508846 -0.69313747 -0.16904421 4.3333335
0.48136628 -0.68028426 -0.18957818 0
0.50039643 -0.61678612 -0.19634688 1
0.76598161 -0.64387143 -0.17234482 2.5999999
0.8036381 -0.65099323 -0.15006264 1.5
0.9109298 -0.64404714 -0.19471741 1
1.0450935 -0.65988648 -0.12979269 3.8125
1.3374574 -0.66231084 -0.10946734 1.5
-1.0182005 -0.59008062 -0.13870172 5
-0.97491306 -0.54626751 -0.15626532 5
-0.86444241 -0.54899049 -0.19235176 4.5
0.77874988 -0.55198359 -0.15293404 2.1428571
1.0664724 -0.54397553 -0.14967088 3.9166667
1.2288265 -0.59138554 -0.10789905 2
1.3448949 -0.52975178 -0.1376676 5.125
-1.1153781 -0.45399028 -0.10530268 1.5
-1.0491873 -0.48085064 -0.12677749 1.6
-0.93603438 -0.46383691 -0.16734652 2.8333333
-0.86776704 -0.43443757 -0.19290891 2.75
0.79092497 -0.45976731 -0.17868547 2.6666667
0.85057157 -0.44471103 -0.16862376 1.7142857
1.0817297 -0.43982533 -0.15137683 3.7083333
1.3571297 -0.44281578 -0.14149646 5
-1.031538 -0.32906681 -0.12628658 4.1999998
-0.95617676 -0.35354349 -0.15493096 4.2222223
-0.87994099 -0.33438754 -0.1867235 3.5999999
0.79529727 -0.3721185 -0.19223095 3.5
0.83493418 -0.33152404 -0.17585835 2.1578948
1.089654 -0.36596224 -0.14461111 3.8235295
1.164065 -0.31632811 -0.12400168 2
1.3738372 -0.3489919 -0.13311327 5.1363635
-1.0518516 -0.25114867 -0.12029842 4
-0.95595539 -0.25383115 -0.15643746 3.75
-0.85880446 -0.25247729 -0.18213896 2.7272727
-0.30797952 -0.21215883 -0.18455851 2
0.55977786 -0.24205042 -0.17506921 1
0.84004378 -0.261962 -0.17611624 2.1818182
1.0899577 -0.27164572 -0.19157712 5
1.109781 -0.24875683 -0.14016253 5
1.2982321 -0.2527563 -0.17798111 4
1.3891655 -0.25499573 -0.14893153 5.652174
1.4019246 -0.20430417 -0.14645788 6
-1.0738344 -0.14812036 -0.1173225 3.75
-0.94668674 -0.14153965 -0.15380336 3.8
-0.33252811 -0.14657015 -0.1351077 1.52
-0.28197399 -0.15645432 -0.16047345 0.5
0.57104969 -0.14162007 -0.16302082 0.5
0.64924598 -0.14965069 -0.16895677 0.5
0.8454504 -0.14729582 -0.17038991 2.4545455
0.94523543 -0.10142224 -0.19969273 2
1.1274008 -0.15634203 -0.15290368 9.6875
1.3994805 -0.18138573 -0.18386692 6
1.4137232 -0.15082295 -0.16569199 5.5882354
-1.1155838 -0.073204331 -0.10418674 2.6666667
-1.0121182 -0.028659111 -0.13469085 3.8
-0.97625136 -0.056373235 -0.14560293 4
-0.25438637 -0.077626571 -0.14657512 0
0.85692024 -0.05103397 -0.18437721 3.3636363
0.94097519 -0.080373511 -0.1973868 2
1.1426786 -0.058441106 -0.15756226 5.7142859
1.4203663 -0.05540891 -0.18225028 4.4615383
-1.0153826 0.048614491 -0.13357815 4
-0.97611976 0.060806777 -0.1452869 3.6666667
0.87522709 0.053692736 -0.18106799 1
1.1540767 0.047694337 -0.17717683 4.4166665
1.4406874 0.049893025 -0.19135582 5.5714288
-1.0130546 0.14596657 -0.13416946 4
-0.96517515 0.15272556 -0.14988559 4
-0.35051775 0.19209255 -0.12121701 1.0952381
-0.27646115 0.18367323 -0.15188119 1
0.38919991 0.13537458 -0.19362485 2
0.89137781 0.12294932 -0.18076006 1
0.9203006 0.17626601 -0.19525716 1.5
1.1826204 0.15356997 -0.16788754 3.3076923
1.4640182 0.15820225 -0.18094125 6
-1.1205927 0.26887366 -0.10438082 2
-1.0004668 0.20828953 -0.13924399 4
-0.95328635 0.25352067 -0.15727498 4
-0.8989349 0.29482257 -0.1792146 4
-0.65490746 0.29162246 -0.19469252 2.5
-0.41260862 0.22381549 -0.13083768 1
-0.32902929 0.20904888 -0.13486618 1.5333333
-0.28238574 0.20987342 -0.17739619 1.8333334
1.1963999 0.22365808 -0.15634978 2.5999999
1.2028456 0.22643077 -0.15038471 2
1.4833964 0.25171643 -0.16260186 6
-1.1049558 0.35842296 -0.10631356 3
-1.0619004 0.36053005 -0.1212438 4.5714288
-0.9227671 0.33104837 -0.16854306 4
-0.8735708 0.35326764 -0.18702631 3.5
1.4965696 0.30610394 -0.1443841 6
1.5131114 0.35662046 -0.12434225 4.1875
1.6880012 0.36101174 -0.10889098 3
1.7884972 0.36790258 -0.10803096 5
-1.0394721 0.43738019 -0.12833238 4.818182
-0.96826386 0.47020364 -0.15486063 2.6666667
-0.58111298 0.43736175 -0.1874036 3
1.5286449 0.44347841 -0.15183891 1.6666666
1.6617351 0.47140613 -0.13243768 2.3333333
1.7478976 0.49603319 -0.12810627 8
1.8175792 0.47962219 -0.10722321 7
-0.95951968 0.50475812 -0.15907578 0.75
-0.83981097 0.56939524 -0.19281849 3.5
1.0578799 0.5971725 -0.144251 9.5
1.1694914 0.58434749 -0.18304747 13.333333
1.2475568 0.5679428 -0.16524555 8.3999996
1.3061981 0.57260638 -0.13784416 0.66666669
1.4573752 0.53930175 -0.14821643 4.7777777
1.5078855 0.52713442 -0.19296366 9
1.6742882 0.5058046 -0.11566295 5.3333335
1.7235144 0.50294286 -0.12606159 7
-1.1106949 0.69693208 -0.10217741 0
-0.9165355 0.67543811 -0.16699494 3
-0.86817515 0.64627343 -0.18361674 3.1111112
0.56187844 0.69338751 -0.160908 13.083333
0.65129942 0.67566842 -0.15168341 13
0.74312687 0.66464299 -0.14993784 14.25
0.83976281 0.65092599 -0.14552973 12.24
0.94598287 0.62563097 -0.15838942 9.173913
1.0443357 0.61668837 -0.13363747 10.833333
1.1036861 0.6155017 -0.10689479 14
-1.0032141 0.77571821 -0.14197049 3
-0.94214338 0.75104481 -0.15983047 2.7272727
-0.86363554 0.75886583 -0.18705867 4.2857141
0.070369698 0.78311563 -0.15730838 16
0.13373297 0.76776284 -0.17437764 14.75
0.46727821 0.70373935 -0.17208575 14
0.51400119 0.70456171 -0.12803604 13
-1.0385406 0.85526574 -0.1254769 3
-0.94480777 0.83171177 -0.16405188 2.5
-0.8754757 0.83500731 -0.18688697 4.1999998
0.057108264 0.83174801 -0.17355005 5
-1.0635898 0.95124787 -0.1131378 2.5
-0.9527505 0.94551808 -0.1577975 3
-0.8638317 0.9881795 -0.13072644 7.25
0.092352241 0.92259222 -0.12951857 6
-1.049556 1.0206056 -0.11459822 4
-0.97633612 1.0252147 -0.13226107 7
-0.87193823 1.0164801 -0.14151299 7.1999998
-0.85422546 1.1407247 -0.18475211 2
-0.93330288 1.238664 -0.16828701 5.4000001
-0.88527685 1.2434726 -0.18746771 2
-0.94387835 1.3410981 -0.15616179 2
-0.83962226 1.3544848 -0.19199902 5
-0.98158723 1.4252627 -0.13873409 9
-0.89410192 1.4962095 -0.16906334 8
-1.0276864 1.5258449 -0.12027653 9
-0.94055825 1.6122367 -0.15177754 8
-0.9902609 1.7363594 -0.12981045 8
-0.83875161 1.7465085 -0.18716799 10
-1.053532 1.8937582 -0.10622761 8
-0.88081986 1.8862375 -0.16549146 9
-0.93246967 2.0605361 -0.14133275 4
-0.79138458 2.0313005 -0.1991092 8
-0.61261648 2.0718699 -0.16372481 46.5
-0.51408088 2.0683043 -0.15033993 46.5
-0.42672306 2.1879303 -0.17155549 2
-1.0567772 2.2546897 -0.11778687 4
-0.99412256 2.263464 -0.1125619 5
-0.84151715 2.2342081 -0.17537303 8
-0.32990095 2.2789025 -0.15586269 46
-0.8640967 2.3177693 -0.13058323 44
-0.26617742 2.3744099 -0.15311904 49
-0.048667945 2.9200351 -0.19522753 39
-0.035206348 3.0731514 -0.13768889 55.5
0.019590653 3.0403266 -0.17871292 45.5
0.14245772 3.0268829 -0.14680567 13.5
0.012287309 3.1107075 -0.10734095 69
0.55301607 3.1241241 -0.19865334 6
-0.081542455 3.2633832 -0.10389364 85
0.64101344 6.7347374 -0.11976561 4
-1.4534228 -6.7066069 -0.057349402 11
-0.86242491 -3.8158069 -0.0092402669 12
-0.78796458 -3.3157463 -0.069158778 9
3.9930563 -3.142921 -0.029223289 41
4.1657276 -3.1839857 -0.001734984 29
2.992749 -2.7663994 -0.0015424386 80
-1.4477804 -2.5762508 -0.011107572 3
0.1876016 -2.4810927 -0.017221157 21
0.20075659 -2.469883 -0.014872414 14
-1.3476095 -2.3530157 -0.053441484 4
-0.15798041 -2.3284407 -0.033783395 107
0.78358006 -2.3863368 -0.095403492 8
0.90699786 -2.3493924 -0.0675724 153
2.1318822 -2.3333507 -0.035957012 14
2.2668827 -2.358628 -0.06291344 5.5
2.3314915 -2.3847799 -0.094309151 11
0.25118431 -2.2110815 -0.045586538 2
0.87219274 -2.2195613 -0.029417951 96
1.4725769 -2.2192149 -0.067893527 19.5
1.5410085 -2.2199216 -0.016736526 20
1.6557415 -2.2689059 -0.077807605 2
1.7259161 -2.2863293 -0.063890681 2
1.8565937 -2.2817867 -0.081921577 18
1.9367795 -2.2887273 -0.026936129 18.5
-1.2501316 -2.1336274 -0.086508796 3
0.11606203 -2.1434026 -0.00080225704 9
0.4426004 -2.1068194 -0.045186572 6.5
0.86276853 -2.1944296 -0.0074117528 38
1.195948 -2.1778312 -0.017843168 16
1.2454867 -2.1832588 -0.05091913 19.333334
-0.41023192 -2.03705 -0.047690585 93.333336
-0.31831399 -2.047457 -0.042171512 89.666664
-0.26122564 -2.0541551 -0.038979553 91.375
-0.14700113 -2.0454462 -0.054166824 78.333336
0.091175675 -2.0252597 -0.014022713 44
-0.10025387 -1.9972656 -0.085260488 83
-1.4867458 -1.8254509 -0.0046349885 3.5
-1.4044271 -1.7151325 -0.033749614 3
-1.3627069 -1.6178218 -0.030992713 3
-1.3409789 -1.5442798 -0.030488685 3.5
-1.2922326 -1.5063944 -0.056316588 5
-1.3135512 -1.4979337 -0.027299944 3
-1.2317237 -1.4464338 -0.066570595 4.25
-1.158262 -1.4341487 -0.08410047 4
-1.1678798 -1.3285756 -0.094102874 3
-1.4230868 -1.2418058 -0.0058286125 5
-1.3114023 -1.2144357 -0.027371798 2
-1.1624709 -1.202998 -0.082042187 7
-1.3451481 -1.1596564 -0.032238867 2
-1.2246549 -1.1961682 -0.054608811 6
-1.156994 -1.194679 -0.080906227 0
-1.3093143 -1.0942149 -0.043683935 6
-1.2467731 -1.0479726 -0.066526547 1
1.5604298 -1.0166981 -0.014705476 4
-1.3899683 -0.9227376 -0.013314654 6
-1.2191645 -0.9905225 -0.075676054 1
-1.1755159 -0.95844942 -0.089289241 1.5
0.38610297 -0.92219913 -0.036072787 4
0.41453212 -0.91072214 -0.030473605 16.5
0.59263599 -0.91974819 -0.0052158209 3
0.62309974 -0.94403285 -0.054946151 11.333333
0.74968988 -0.96365619 -0.073404081 6.5
0.9327032 -0.96643645 -0.07029932 0.33333334
1.2939298 -0.95488393 -0.034933548 4
1.3001608 -0.90544122 -0.025416832 2
1.5634116 -0.9507122 -0.034272868 2
-1.3703423 -0.85306406 -0.013733868 3.25
-1.2805843 -0.82849145 -0.047944289 1
0.36672181 -0.83603233 -0.067994162 3.5
0.46304035 -0.83056992 -0.035684336 7.6666665
0.56373495 -0.81997663 -0.030531153 4.6666665
0.65285701 -0.84973609 -0.022685297 6.25
0.72661644 -0.83820814 -0.015112443 6.5
1.0192484 -0.85744786 -0.083476163 3.6666667
1.2833151 -0.87249309 -0.078596026 4.75
1.3098578 -0.85212666 -0.062927097 4.25
1.4157711 -0.82985008 -0.025885832 0.5
1.6051824 -0.82980084 -0.030227832 0.5
-1.2215874 -0.77667952 -0.073811211 1
-1.1603419 -0.72186214 -0.094567746 2
0.37734458 -0.79679984 -0.064794794 8
0.41134903 -0.79033273 -0.06829977 8
1.0372126 -0.73766923 -0.086583018 2.25
1.3276945 -0.78044778 -0.067184724 1.3333334
1.6250395 -0.76420468 -0.031114953 2.3333333
-1.2189916 -0.61202818 -0.060889404 1.3333334
-1.1626318 -0.63035464 -0.077529624 0.5
1.0520792 -0.65172446 -0.088445336 2
1.3446695 -0.63933879 -0.093054071 0
1.5757272 -0.63484806 -0.046225004 0.5
1.6410456 -0.63938791 -0.01186423 4.3333335
-1.338614 -0.53172785 -0.016729936 2
-1.2736455 -0.57719749 -0.040238321 1.6666666
1.3669291 -0.51024246 -0.04068758 0
-1.3786213 -0.49338225 -0.00061654387 2
-1.168262 -0.42205334 -0.086485811 2
1.0881815 -0.48216584 -0.095912993 2
1.367659 -0.44124424 -0.076411583 3.7916667
1.6686299 -0.40686116 -0.049126875 6
-1.3092113 -0.3024939 -0.036491681 2
-1.2551669 -0.35751852 -0.056511879 2
1.3847268 -0.36485192 -0.073246554 4.9000001
1.4098631 -0.32737395 -0.054568943 5
1.5161672 -0.36595932 -0.046282735 5
1.6739352 -0.35865983 -0.039713271 9.8999996
1.7084794 -0.33457994 -0.034161802 10
-1.3526641 -0.24894483 -0.020524044 1.6
-1.1213189 -0.22481681 -0.095276549 2
1.3979925 -0.28332925 -0.06310346 9
1.4180154 -0.26470071 -0.058982939 9.6000004
1.5136038 -0.24662447 -0.056156222 7
1.6718476 -0.26269132 -0.061945014 8.5
1.7122411 -0.2431245 -0.027429193 11
-1.4021038 -0.1703302 -0.001820349 1
-1.3876995 -0.19051017 -0.00685737 1
-1.1650237 -0.15293707 -0.081327744 2
-0.41586721 -0.14323939 -0.047886513 0.75
-0.35069767 -0.13880882 -0.041939843 0.86666667
-0.27224979 -0.16281061 -0.0075988057 22.5
0.56768775 -0.10126974 -0.097348556 0
1.7229186 -0.14895061 -0.026917655 17.647058
-1.2046325 -0.027065566 -0.066893153 2
-1.1603298 -0.054094568 -0.08488857 2
-0.32088578 -0.091244802 -0.036512323 0
0.57510751 -0.026726255 -0.0023857888 0
0.6200068 -0.079696283 -0.084801815 0
1.7463325 -0.054524913 -0.024424588 7.8666668
-1.214429 0.051559672 -0.06406597 2
-1.1423161 0.050340336 -0.093357168 2.2857144
-0.28111431 0.081167981 -0.0077825757 0
1.7596565 0.05066891 -0.025198178 5.3333335
-1.2105179 0.14820147 -0.066313334 2
-1.1456701 0.15645935 -0.094063021 2.5
-0.34508339 0.18061373 -0.044032067 0.92000002
-0.28295907 0.17078666 -0.014590177 1.75
1.7740072 0.14920521 -0.04493808 5.9000001
-1.17266 0.24374267 -0.081381604 2
-0.40268242 0.21507089 -0.095813781 1
-0.34681556 0.21994865 -0.028315416 0.16666667
1.7864269 0.240603 -0.069403589 5.0999999
-1.1363436 0.33621913 -0.091824874 3.2
1.5358783 0.32298532 -0.099468485 2
1.7963562 0.32643902 -0.090858482 4.6666665
2.0939586 0.3942574 -0.029223327 18
2.1144972 0.37350541 -0.01818822 2
2.2055297 0.36961508 -0.0066306563 88
-1.3813081 0.46092069 -0.0063749054 1
1.8445996 0.43492743 -0.078375086 3.3333333
2.0766931 0.45457163 -0.058516338 11
2.1109097 0.42604107 -0.040638279 5
-1.3317775 0.531151 -0.024327341 1.25
-1.284605 0.58625019 -0.042766117 2
1.1693387 0.59116244 -0.054250553 10.888889
1.2336476 0.59425628 -0.031611081 0
1.3096864 0.57655269 -0.012288828 0
1.485196 0.55931592 -0.058676243 3.5
1.5580406 0.53835088 -0.058453631 3.9000001
1.6381433 0.52144492 -0.068040647 5.125
1.7498894 0.52314466 -0.022306452 9.333333
1.8163575 0.51131386 -0.0058938684 10
-1.3429101 0.65919095 -0.017019073 1
-1.2418642 0.6455009 -0.057718765 1.8
-1.1618043 0.68126029 -0.088136204 1
0.57907826 0.6987654 -0.064723499 13
0.66498595 0.68686724 -0.046015829 13.368421
0.74670666 0.67289609 -0.050420642 13.423077
0.85925168 0.65589136 -0.048124205 13.333333
0.9539482 0.64027804 -0.04499134 13.25
1.0349365 0.61844349 -0.069549248 13.833333
1.1412263 0.60872811 -0.045653656 14.375
1.2236799 0.60233921 -0.039925609 2
-1.2381852 0.72550499 -0.056660321 1.75
-1.1726249 0.74400848 -0.076936498 0
0.56469285 0.70072711 -0.086938925 13
0.60017443 0.70070249 -0.054578636 13
-1.1380529 0.95464516 -0.086792104 2.25
-0.86626226 0.99937159 -0.054943513 12
-1.2198409 1.0623065 -0.03634043 6.5
-1.1385915 1.0395077 -0.046265867 5
-1.0509125 1.0312054 -0.045745268 8.5555553
-0.96097875 1.0218484 -0.063510112 9.727273
-0.87799233 1.0053372 -0.064830266 10.5
-1.0840827 1.6479733 -0.099039227 1
-1.2160441 2.0953362 -0.020056915 34
-1.1231073 2.0643234 -0.076251432 7
-0.61798632 2.0989153 -0.091120496 41
-0.52079368 2.0847301 -0.051125795 52
-1.1764519 2.1834221 -0.047935948 20.75
-0.62221158 2.1173122 -0.042768937 47
-1.0007306 2.2830005 -0.060370181 34
-0.99623626 2.2650082 -0.0054710852 6
-0.33407322 2.2913585 -0.045720294 42.5
-0.87598073 2.3503256 -0.048983358 31
-0.27088776 2.3832269 -0.067244269 41.5
-0.16729909 2.5425923 -0.046059605 4
0.14794113 3.0439942 -0.071506634 8
-0.029264236 3.2810655 -0.07021831 96
0.16011177 3.248981 -0.087067515 29
0.027848562 3.3038058 -0.039447788 88
-2.0594521 -10.200366 0.082461707 59
-1.0420587 -5.0317464 0.067716613 121
-1.9677223 -3.7580132 0.01995305 0
-1.9015235 -3.6461513 0.092566177 11
3.8503487 -3.1069703 0.066926017 54.5
4.0583839 -3.1560709 0.062976129 42
-1.6185818 -2.9594653 0.034731306 0
2.6586797 -2.5131059 0.055026885 7
2.7647533 -2.5565779 0.059643041 55
-1.6343081 -2.4382651 0.096694492 14
-1.5763617 -2.4380715 0.066131018 3
0.28482619 -2.4863243 0.046994478 24
-1.4883231 -2.3789954 0.035856191 3
0.15966764 -2.3167803 0.077634342 23
0.83398235 -2.3507318 0.087321132 49
2.19291 -2.3556876 0.059578069 1
2.2343316 -2.3615627 0.0093090897 1
2.4691839 -2.3717523 0.017393373 7
0.5290767 -2.2839496 0.046444368 5
1.1689336 -2.2331581 0.069613814 31.5
1.3890855 -2.201308 0.053534217 4
1.5764929 -2.2325737 0.036462415 17.666666
1.6423721 -2.258239 0.057168026 17
1.7042124 -2.2635896 0.087914139 4
2.0470331 -2.2955296 0.04653617 16.5
0.1220746 -2.1350236 0.040000405 9
0.49442852 -2.1844699 0.0089045344 65
0.83447629 -2.1770899 0.043895841 36
0.92118537 -2.1949713 0.058471311 12
1.2040097 -2.1983774 0.034447432 15
1.3418523 -2.1886756 0.016283404 21
-1.6461619 -2.0672812 0.071667388 7
-1.5986565 -2.0101485 0.030562272 4
-0.41247699 -2.0163441 0.066294439 102
-0.31264204 -2.032259 0.057806972 99.25
-0.26368153 -2.0357072 0.05070211 69
-1.5818261 -1.9570745 0.027350157 4
-1.6529047 -1.5104513 0.071251176 7
-1.4655151 -1.5587504 0.027249234 1.5
-1.6557678 -1.4839085 0.070725709 7
-1.5720268 -1.4223403 0.042844795 5
-1.5669361 -1.3851942 0.041653961 5
-1.4881979 -1.33029 0.017560937 5
-1.4892554 -1.2996413 0.016300462 5
-1.6426573 -1.1261067 0.076924443 8.666667
-1.6212289 -1.0925792 0.065396771 6
-1.5427272 -1.0380447 0.041412525 2.5
1.5536261 -1.0106027 0.046178006 2
1.8402425 -1.0493923 0.055485982 5.1666665
-1.6595018 -0.95083594 0.08431372 4
-1.5988953 -0.91260231 0.066422656 5
-1.4566014 -0.97927475 0.011598377 2.5
0.45445299 -0.95990527 0.031352978 6
0.54440337 -0.90550894 0.031731687 15.5
0.61238045 -0.91420913 0.013707791 15
1.1810474 -0.91118354 0.084272973 3
1.4854058 -0.97606027 0.050932653 11.8
1.5711908 -0.97267383 0.0098884208 1.6666666
-1.5374184 -0.86556661 0.038825832 6
-1.4454364 -0.80782574 0.01275304 7.5
0.49105269 -0.87984693 0.020153377 10
0.55662471 -0.87900752 0.049297392 11.166667
0.73595119 -0.83450651 0.023652069 5.5
0.93358207 -0.8786999 0.045484606 5.5
1.0526272 -0.88906771 0.061158836 4.6666665
1.5828867 -0.87312692 0.038322218 1
1.9071586 -0.80180299 0.044940088 6
-1.6558656 -0.72977728 0.093596339 5.5
-1.5479302 -0.77104378 0.054195125 3.25
-1.4393556 -0.79181409 0.012865815 3.5
0.55576706 -0.77044863 0.04585892 4
1.6425029 -0.72818381 0.012228787 4.3333335
1.8336443 -0.7898953 0.033819254 5
1.9330884 -0.73520386 0.06490761 5.25
2.0752404 -0.72214311 0.089360774 118
0.57383376 -0.65253156 0.087941229 1.3333334
1.6593397 -0.60385269 0.0053563332 7
1.9344765 -0.62012202 0.052350234 6
0.54845029 -0.59444857 0.03043955 2
0.63232803 -0.56456912 0.030963775 2
1.6654139 -0.56221694 0.021855617 7.6666665
1.8008908 -0.58300817 0.040007818 5
1.9478889 -0.55922234 0.071184099 5.75
2.0166767 -0.51879191 0.091467418 4
-1.4373403 -0.4350746 0.020990856 1.75
-1.3937064 -0.4757672 0.0063052429 2
-1.5167049 -0.33040681 0.050294906 1
-1.4855456 -0.38080788 0.037685975 2
-1.5619966 -0.25606707 0.066270515 1
-1.6140668 -0.11528859 0.086006522 0.5
-1.590145 -0.17485981 0.078745179 1
-1.4205431 -0.12710702 0.005666872 1
-0.33817819 -0.15182139 0.017516959 1
-0.27818659 -0.15989812 0.013514347 13.0625
-1.6316754 -0.040623039 0.091747031 3
-1.4446532 -0.047825616 0.016475044 1
-0.3834607 -0.07664787 0.032972049 0
-0.29078454 -5.3028496e-05 0.087854214 0
0.58891547 -0.011945089 0.0032324772 0.040971167
0.60199839 -0.0010292755 0.0039148596 0.77021277
-1.6412041 0.06072823 0.095133692 3.75
-1.4650426 0.046641961 0.02443029 1
-0.30497012 0.0067006373 0.097242162 0
-0.26165095 0.0088224187 0.021212572 0.17949887
0.60444564 1.1365335e-05 0.004399824 0
-1.6375047 0.15002818 0.093957253 4
-1.470194 0.14365537 0.027196638 1
-0.32702106 0.14857444 0.0077691628 0
-0.27340719 0.1785052 0.015539564 5.25
2.6323872 0.1661415 0.094546363 25
-1.621575 0.23955965 0.087783538 3.25
-1.4618623 0.24223368 0.023543142 1
-0.3205702 0.21442834 0.0089286659 0.5
2.3688319 0.26799947 0.044631243 18
2.4328938 0.22923194 0.061394706 35
2.6145873 0.21932289 0.078902446 34
-1.6043315 0.31509885 0.079753786 3.5
-1.5731665 0.37340856 0.07038144 2
-1.4367261 0.35035819 0.013364559 1
2.3749635 0.34754434 0.016908964 17.333334
-1.5307717 0.45298907 0.054209415 3.5
-1.4032989 0.4169043 0.0030944487 1
1.963889 0.49218172 0.02380342 9.5
2.0698988 0.48085657 0.042622477 7
2.170887 0.46107915 0.061564587 8.5
2.2616088 0.44687447 0.077509262 30
2.3310356 0.43732706 0.087492436 23
2.4004648 0.42478523 0.09889885 23
-1.4603431 0.54498994 0.028308252 1
1.2662677 0.58495641 0.043958098 11.833333
1.3491266 0.58096093 0.022757059 4.5999999
1.4390393 0.56931162 0.073500454 9.333333
1.5507611 0.55714506 0.035607737 10.666667
1.6484774 0.54311293 0.040715832 10.333333
1.7550597 0.52543849 0.082422607 11.333333
1.8631665 0.508946 0.0016824669 10
1.9050144 0.50362468 0.010071962 10
-1.4076864 0.60094088 0.0090841157 1
-1.3900269 0.61824238 0.0018627524 1
0.669429 0.69296122 0.030690452 13.714286
0.74570721 0.68392676 0.056691065 13.185185
0.84174275 0.6669994 0.047834076 13.529411
0.94749027 0.65056992 0.052636519 13.869565
1.0616667 0.62665749 0.055489071 14
1.1292611 0.61691636 0.037523944 11
1.236047 0.60362089 0.07515727 16.25
0.63380444 0.70259297 0.076428838 14
-0.81118608 0.99222839 0.061351493 10
-0.7804907 0.99030095 0.077847227 11.333333
-1.5002613 1.0998721 0.071964517 17
-1.4419067 1.0942874 0.0565609 9
-1.3901414 1.0893114 0.062938161 3.5
-1.2288172 1.0725062 0.045812227 10.375
-1.1489025 1.0622485 0.049351044 10.2
-1.06595 1.0475887 0.045078035 10
-0.96105039 1.0321435 0.063247815 9.8000002
-0.85935509 1.0112077 0.057423241 10.444445
-0.78961009 1.0263041 0.032245234 5.25
-1.5767839 1.1196258 0.088849813 26
-1.2344904 1.957767 0.04495535 8.5
-1.2178907 2.0236104 0.018696604 38
-0.52599007 2.0930512 0.023162961 45
-1.1742646 2.1379101 0.027634883 42.666668
-0.6278643 2.1419301 0.032388225 42
-0.52994454 2.1082695 0.071935795 56
-1.018575 2.3323457 0.045445763 4
-0.88707381 2.3748746 0.033731401 121
-0.33882049 2.310842 0.06368988 43.5
-0.27559781 2.3920438 0.018630516 43
-0.91901368 2.4926314 0.088577256 150
-0.27840146 2.4042547 0.076553315 46
-0.089641921 2.6561499 0.089329995 0
-0.8917256 3.0351274 0.066480145 9
-0.031021023 3.333092 0.0078916764 118
0.028509131 3.3610346 0.039691366 4
0.76418459 7.3926334 0.046730284 93
0.7355988 7.5027366 0.038615175 99
-1.9180251 -3.6241412 0.14108479 150
3.8639939 -3.1077163 0.18864238 56
3.9589803 -3.1323354 0.12700586 54
4.0735674 -3.1147764 0.17554542 30
4.1816368 -3.1451175 0.11454385 26
-1.7681215 -3.0586171 0.16448817 11
-1.6993778 -3.0550275 0.1215664 6
3.2229092 -3.009639 0.16342632 12
3.7266324 -3.0813107 0.15985253 63
2.7007916 -2.5326915 0.11247715 4
0.091461465 -2.4630699 0.19993426 64
0.13805848 -2.4084067 0.14705844 54
0.21306261 -2.4503827 0.17750475 62
-1.6493378 -2.3621316 0.12365041 5
0.17331427 -2.3354044 0.13398281 32.666668
0.81315589 -2.3571937 0.11641236 64
1.9985263 -2.3054514 0.13612247 14
2.0994425 -2.3226323 0.15801698 20
2.1678848 -2.3069749 0.12263775 11.5
2.2796533 -2.3388484 0.1827269 40
0.78748488 -2.2687361 0.16459255 25.666666
1.1548131 -2.2291844 0.14089349 24.25
1.2227823 -2.2266185 0.16655309 38
1.4904151 -2.2072124 0.16490041 15
1.5566581 -2.2360842 0.14370507 16
1.961068 -2.294987 0.18372811 17
-1.7061638 -2.1466436 0.16528651 21
-1.680712 -2.1412401 0.15340436 14.8
-1.5662967 -2.130882 0.13977383 13
0.29548416 -2.101687 0.19776715 24
0.4011398 -2.101095 0.17723292 48
-0.41558903 -2.0310585 0.15489767 84.5
-0.3181673 -2.0453398 0.14769174 99.5
-0.27736464 -2.0571184 0.15274164 92.5
-1.7697964 -1.6224556 0.14797498 18
-1.7450215 -1.5835685 0.10478792 8
-1.9089953 -1.1217482 0.17981768 6.5
-1.8391994 -1.1119893 0.17756985 10.5
-1.7759007 -1.1317888 0.153529 10
-1.6554286 -1.1256036 0.14045447 4.6363635
-1.8407329 -1.0759089 0.15255183 8.5
-1.7661128 -1.025872 0.1208889 5
1.4822135 -1.0000907 0.10903382 3
-1.7232728 -0.99224079 0.1047802 5
1.3643384 -0.93033135 0.13717137 1.75
1.5492524 -0.96977013 0.17970788 6
1.6311667 -0.98496246 0.19038844 17
1.866219 -0.97241628 0.13253544 0
0.6478765 -0.82134473 0.14992809 9.5
0.77291161 -0.82936579 0.17427896 5.3333335
-1.7085607 -0.7042371 0.11430223 4
0.48405629 -0.7904914 0.11464986 3.5
0.56398356 -0.77236235 0.14381462 1.5
2.1994507 -0.74284351 0.10406592 30
2.2128468 -0.7123903 0.11126281 32
-1.8593591 -0.62571412 0.16725297 4.6666665
-1.7668023 -0.67764938 0.13393763 5
0.59744447 -0.66754192 0.12383745 1
0.60883862 -0.65764487 0.10712694 1
2.2262135 -0.66439986 0.11912136 31
2.34041 -0.63291228 0.13627051 110.5
2.482126 -0.62249959 0.15372537 35
-1.9269036 -0.57603377 0.19266626 4
2.1448038 -0.53586388 0.10527281 81
2.233623 -0.52060747 0.12046218 29.5
2.5171158 -0.55355918 0.1609567 29
2.2491608 -0.46474591 0.1320191 47
2.3111548 -0.43527454 0.14344937 97
2.4111824 -0.42811722 0.15632044 131
2.5490806 -0.4504064 0.16802502 45.666668
2.6004612 -0.41453838 0.17124932 140
2.5497684 -0.35567775 0.17768021 75.666664
2.632911 -0.34179723 0.17098181 150.33333
2.5721266 -0.29122692 0.18459924 150
2.6394949 -0.24781087 0.1934084 146
2.7509789 -0.25709486 0.1739777 130.5
2.7903953 -0.15841748 0.16638631 73.5
2.8028445 -0.15859573 0.16759787 58
0.59206146 -0.020859439 0.10877685 0
0.60685688 -0.0053414223 0.11289242 2.3159175
2.6840265 -0.036340028 0.14183705 41
2.7452357 -0.076614372 0.15203215 68
-0.31494904 0.017579764 0.10479417 0.55180442
2.6265745 0.037895858 0.12384427 20.666666
2.6279955 0.11115912 0.10769496 24
2.9207215 0.1655001 0.19978075 20
2.9313316 0.24332409 0.18968081 21
2.6831245 0.38854411 0.13802217 32
2.769474 0.36851138 0.15194023 30
2.8905804 0.35253018 0.16729411 48
2.9343576 0.32020834 0.17784609 27
1.9584047 0.49264053 0.15343955 13.5
2.0533049 0.48325971 0.18151975 13
2.4883285 0.41508937 0.11135032 27
2.579706 0.4013668 0.12445186 24
1.2476276 0.59916484 0.11042994 16
1.3508599 0.58478844 0.16125885 14.461538
1.4350917 0.57540447 0.15006918 12.2
1.5584726 0.55795884 0.10566143 12.5
1.6552709 0.55746311 0.13651444 10.333333
1.7542955 0.53746992 0.17233483 11.333333
1.8493601 0.51299375 0.14630525 12.333333
0.69463885 0.6989063 0.14980976 13.5
0.75849485 0.68845773 0.14683641 13.588235
0.84573823 0.67461514 0.14425807 13.684211
0.94389033 0.65761006 0.15272106 14.238095
1.0414376 0.63471371 0.1392947 13.428572
1.1612022 0.61997032 0.15834214 13.9
1.2231944 0.6067667 0.14308819 14.666667
1.3065909 0.62087095 0.1533138 7
0.59357589 0.71666706 0.16564913 14.5
0.64130116 0.71080649 0.13944148 13.9375
-0.7810238 0.99452668 0.14288388 11
-1.9104477 1.0260861 0.19872829 20
-1.8499817 1.0609432 0.17597446 39
-1.7523277 1.0899328 0.14491273 33.5
-1.6995119 1.090807 0.18408035 57
-1.2448046 1.0811608 0.1415273 11
-1.1639296 1.0701255 0.15696219 10.25
-1.0807381 1.0561244 0.13985698 10.5
-0.96601158 1.0313908 0.13758619 8.4444447
-0.88509226 1.0125719 0.14496471 11.4
-0.76990223 1.0045542 0.1915179 10
-1.6682235 1.1285725 0.13829334 51.25
-1.5443335 1.1205583 0.12650287 34
-1.4475986 1.100013 0.10057303 19
-1.1408265 2.0673378 0.16403784 47
-1.1492687 2.1021671 0.11590313 50
-0.64027923 2.1860676 0.16072717 19
-0.53601092 2.1207559 0.14910552 56
-0.63970572 2.2039425 0.10814699 85
-1.0298769 2.3621805 0.10006744 6
-0.93305945 2.3397636 0.15941387 42
-0.89152211 2.3482957 0.14804423 113.5
-0.34323406 2.3246498 0.14671996 43
-1.0587802 2.4480011 0.15708897 2
-0.28319746 2.4164839 0.1343061 47
-1.0760193 2.6612432 0.19079092 0
-0.96556097 3.0832689 0.1088497 148
-1.0458628 3.1467817 0.15467596 10
0.45686066 7.8345575 0.15293364 75
-1.2874591 -6.6788287 0.20505372 100
-1.9222542 -3.5925844 0.25903735 150
-1.8975157 -3.5796146 0.25945279 150
3.9990439 -3.1100552 0.23696521 38
3.6419325 -3.0588431 0.21961454 13
3.7664154 -3.0770454 0.24897555 13
3.9143133 -3.092737 0.29547778 9
-1.7811949 -2.9504797 0.20119429 15
-1.7373523 -2.62657 0.25748464 7
-1.6070856 -2.5052779 0.2080134 20
0.44132859 -2.5166121 0.28042772 2.5
0.9210344 -2.5119815 0.2755481 105
1.1553807 -2.5274897 0.23726398 33
1.2095821 -2.555274 0.28291008 5
2.6946728 -2.5066903 0.25720057 123
0.073725313 -2.4531004 0.25530505 79.5
0.10150902 -2.4631534 0.20259067 91
0.26516694 -2.4404757 0.20513572 150
0.87031257 -2.4688151 0.22832412 83
2.1300344 -2.4505868 0.23744109 48
2.478653 -2.4739079 0.25626558 8
2.5397563 -2.4824078 0.26341534 43
0.77020067 -2.3103461 0.27998379 136
1.9418082 -2.3391128 0.25891384 57.5
2.0618618 -2.3990231 0.2862528 50
-1.6410753 -2.2587736 0.29151729 17
0.73609257 -2.2811906 0.28775093 33
1.2671374 -2.2298675 0.20392063 30
1.4975672 -2.2185106 0.27452883 15
1.5452151 -2.2103639 0.21390264 27
1.6439812 -2.2114677 0.25878006 19
-1.7561312 -2.1444674 0.23327547 70
-1.6925534 -2.1173124 0.24360339 108.33334
-1.5392525 -2.1845162 0.24805795 13
-0.42331958 -2.1397779 0.22991161 46
0.43812916 -2.100692 0.21233773 50
1.295957 -2.1824555 0.23589534 12
1.3359829 -2.1705363 0.27099529 20
1.4495511 -2.1967649 0.23519692 16
-1.6665595 -2.0305743 0.21404207 0
-0.32815909 -2.0159643 0.22782327 70.333336
-0.28330243 -2.0124269 0.24143822 65
0.25242501 -2.0778639 0.24142978 153
0.35469732 -2.0870116 0.22880954 38
-0.416197 -1.9947256 0.26610327 57
-0.32646289 -1.9958386 0.28038567 70
-1.9305836 -1.7892944 0.26055714 10
-1.8989352 -1.7456357 0.26469317 11
-1.7913512 -1.6357893 0.21431169 28
-2.0051608 -1.1849737 0.22380611 5.5
-1.9704384 -1.1596913 0.22089258 5
-1.732181 -1.1351272 0.28595436 1
-1.6626123 -1.124449 0.24997294 0.89999998
-2.1399186 -1.0067137 0.28688133 11
-2.0611618 -1.0311408 0.25998324 12.5
-1.9438244 -1.0723075 0.21791108 12
-1.8826571 -1.0879511 0.27032301 0.80000001
1.5644186 -1.0081992 0.28885585 5
1.874513 -1.0072778 0.21366952 2
1.936746 -1.0121154 0.23450561 7
2.0128357 -1.0246457 0.25775787 12
2.1339102 -1.0573232 0.2447277 5.5
2.3286638 -1.0743783 0.26159877 38.5
0.51619375 -0.93958759 0.24678361 1
1.548975 -0.97775382 0.23142461 11.166667
0.81200856 -0.84219784 0.25183764 2
0.92749321 -0.8651033 0.21284649 4
1.0563813 -0.88249719 0.23222145 4
1.1006114 -0.89316547 0.23972128 2
0.50537753 -0.76508045 0.2841897 4
-1.9814112 -0.53548753 0.21223092 3.5
-2.0611918 -0.45902458 0.24260128 3
-2.1589646 -0.35805866 0.27779439 3
-2.2108731 -0.28221849 0.29792488 3
2.8314681 -0.21343145 0.21253239 44
2.8658588 -0.14010176 0.2156532 35
2.8760471 -0.04492832 0.21329115 31
2.8899086 0.010905216 0.21073553 25
2.90379 0.0687382 0.20817368 21
2.9133754 0.12659957 0.20286682 22
2.0688407 0.49353576 0.27184016 12.5
2.1564627 0.47313711 0.24121682 12.333333
2.2677026 0.45437831 0.24607334 48
2.345901 0.44077906 0.26999202 41
2.4434566 0.42921546 0.29658988 44
1.2899191 0.59473974 0.23146781 16
1.3069131 0.59140909 0.21015424 16
1.4457806 0.58432198 0.23279881 14.75
1.5337472 0.56837046 0.24321029 13.25
1.6402564 0.56335831 0.25938043 11
1.720142 0.55265808 0.29989901 11
1.8791438 0.51820034 0.21400659 12
1.9537463 0.50783396 0.23730719 12.5
0.68411887 0.69922596 0.21736604 14
0.76422137 0.69382346 0.2362134 13.6
0.86370051 0.68202364 0.24000554 14.4
0.9456203 0.6673944 0.25189716 13.423077
1.0307542 0.64355475 0.25187424 12.230769
1.1559484 0.62722182 0.24164091 13.5625
1.2605674 0.61296386 0.26192293 14.181818
1.3275317 0.60899848 0.28200644 15.5
0.56164169 0.72869354 0.25683641 15.125
0.63580674 0.71950263 0.25538394 14.166667
0.73472404 0.70682126 0.27089113 14
0.80552578 0.70139897 0.29760459 14
-2.1592934 0.86175257 0.28106636 5
-2.1055417 0.93682718 0.25814924 6
-2.074816 0.97149503 0.24588433 8
-0.73277122 0.99390948 0.2579577 11.25
-2.0352778 1.0000812 0.23246171 7
-1.9769769 1.0322229 0.24505755 26.5
-1.8487659 1.0595603 0.23510081 70.333336
-1.322017 1.0942347 0.27489167 18
-1.2594053 1.0860481 0.2478411 8.416667
-1.1472667 1.0733206 0.24652117 10.166667
-1.0287352 1.053493 0.24479282 10.25
-0.93347847 1.0424325 0.24529882 10
-0.83506948 1.0136151 0.26217276 8.875
-0.76473016 1.011956 0.21860519 9.7142859
-1.7761928 1.1010118 0.204528 52
-1.4033678 1.1024646 0.29638472 30
-1.1255089 2.026396 0.25377342 28
-1.0870352 2.1250739 0.2828964 37
-0.54107815 2.126231 0.22538708 50
-0.64740372 2.2127349 0.21368271 3
-0.56159085 2.2999434 0.25640383 78
-1.1281128 2.3696175 0.28017816 93.5
-0.89528441 2.3508875 0.22884589 108
-0.60937792 2.3109648 0.29012749 82
-0.54230475 2.3185387 0.25996459 52.5
-1.0775774 2.4963405 0.21675052 4
-0.28625327 2.6958494 0.23632306 16
-1.168494 2.7386322 0.29235476 0
-0.35227185 2.756566 0.25389671 53
0.73886001 7.4464931 0.22190285 38
0.29682007 7.8090053 0.26873296 1
-2.0797279 -10.241274 0.30557892 140
-1.3042554 -6.7711911 0.35653439 1
-1.8392135 -3.3839171 0.32507762 28
-1.7754564 -3.2703798 0.36705816 66.333336
-1.6778997 -3.2867122 0.39984459 75
3.8527718 -3.0411847 0.39597136 2
0.88244218 -2.5619156 0.39763889 28
0.97708857 -2.5843134 0.32664013 27
1.0251285 -2.5854006 0.37039405 26
1.2586174 -2.5579569 0.32707354 8
0.03697598 -2.4429355 0.33683926 75
0.13968298 -2.4569743 0.37666494 128
0.38678035 -2.4896457 0.33457237 1
2.0733719 -2.438921 0.31305566 41
2.1342993 -2.4126852 0.32828966 47
2.2088821 -2.4264402 0.37095135 44
2.4660892 -2.457351 0.33599707 42.5
2.5839493 -2.4707563 0.35432282 36
2.6386485 -2.4887044 0.30600864 35
-1.9960607 -2.3173413 0.30673918 6
0.39782694 -2.3154144 0.35545364 7
0.40922025 -2.3130369 0.36446294 9
0.69106686 -2.3676004 0.37626952 46
0.71961129 -2.399509 0.35043472 65
0.81021386 -2.3009155 0.31784394 60
1.8506998 -2.3328812 0.37730727 32
1.9066777 -2.3540959 0.33314347 57
2.0133183 -2.3915286 0.3581461 52
-2.3730156 -2.2673526 0.3595472 9.5
0.19486031 -2.2889628 0.30614901 151
0.71192873 -2.2797246 0.31516403 37
1.2560788 -2.2205667 0.36188409 26.333334
1.4720892 -2.2169454 0.3211748 10
1.7249234 -2.2245684 0.31865162 15
-1.6293066 -2.1507926 0.31140536 34
1.3686941 -2.1677823 0.35140979 17.5
1.4391667 -2.1794932 0.3448188 12.666667
-1.6892761 -2.0942657 0.30306488 9
-0.41702783 -1.9785289 0.33070028 62
-0.32676262 -1.9840384 0.35576385 64.800003
-0.28968263 -1.978363 0.35052577 77
-1.9031318 -1.1147771 0.35954615 2
-1.8354019 -1.1163063 0.33297902 0
-1.7826829 -1.1257243 0.30931985 0
-1.6686642 -1.1156608 0.34493569 0
-1.5940721 -1.1524528 0.37235704 1
-1.9133602 -1.0811484 0.38597524 1
-1.8935084 -1.083796 0.3381778 0.83333331
2.2029359 -1.0615761 0.31141809 4
2.3815544 -1.0738982 0.36360142 38
-2.3481045 -0.91965562 0.35791805 13
-2.2564926 -0.94810116 0.32875824 8.5
-2.1898713 -0.98652607 0.30469629 12
1.4529178 -0.93590659 0.33004075 2
1.5397364 -0.9432807 0.331541 2.5
1.6208634 -0.93936783 0.37355649 17.5
-2.4412382 -0.86057127 0.39142919 8
-2.3969388 -0.89152241 0.37501967 13
0.72108763 -0.81611222 0.3354713 5.6666665
0.83496022 -0.82462907 0.35674289 4.5555553
0.96405411 -0.84926111 0.39527816 7
0.59057492 -0.78247422 0.30599508 7
-2.241267 -0.22242609 0.31086895 3
-2.2836165 -0.13902342 0.32715976 3
-2.3210945 -0.051175863 0.34076527 2.5
-2.3548794 0.038300581 0.35250598 2
-2.3778124 0.13148835 0.35988364 3
-2.3808563 0.24996978 0.36291921 3
-2.3852987 0.37045366 0.36267751 3
2.6603899 0.39808571 0.35683179 47
2.7948332 0.38075423 0.39191547 42
-2.3686728 0.46424139 0.35713413 3
2.2321811 0.46932885 0.31959978 46
2.355392 0.45403165 0.35362858 43
2.4892302 0.43462428 0.39099559 42
2.5422685 0.41361511 0.32464048 45
-2.3441782 0.55744785 0.34806609 3
1.3931844 0.59898955 0.32864821 15
1.4535786 0.5914467 0.37024021 14.333333
1.5947232 0.5721578 0.30458379 13
1.6575069 0.56836236 0.33372843 11
1.7430218 0.55092138 0.35394037 11.666667
1.8329625 0.53308237 0.35618681 13.5
1.9135785 0.52195108 0.39466825 14
-2.3157818 0.623128 0.33808163 3
-2.2938173 0.66588521 0.33057347 3
0.74112737 0.69775677 0.36391446 13.25
0.86086661 0.67847657 0.34958416 13.875
0.95126873 0.66805881 0.33854958 12.444445
1.0608964 0.65577388 0.35076112 11.818182
1.1498812 0.63958395 0.34308332 14.357142
1.2246933 0.62325418 0.35561022 15.142858
1.355788 0.61025077 0.33693424 15.6
1.4196354 0.60043055 0.38744891 16
-2.2477157 0.74870652 0.31286785 3.3333333
0.49423066 0.73934203 0.37930846 15
0.54964954 0.73447287 0.34505761 14.85
0.653198 0.72395712 0.3500995 14.545455
0.76467425 0.70548058 0.34691122 14.142858
0.800632 0.70647246 0.31294683 14
-0.72622967 0.99264878 0.32864705 11
-0.69655645 0.9881469 0.32939607 11
-2.4342556 1.0926371 0.3874146 7
-2.2260461 1.0909517 0.33293486 29
-2.0882785 1.0642816 0.30159599 36
-1.6163496 1.0900899 0.38508192 84
-1.3280742 1.0981436 0.31944174 10
-1.2520553 1.0933732 0.34726065 10
-1.1322181 1.0717804 0.35136244 8.3999996
-1.0317955 1.0595134 0.34836242 10
-0.9448446 1.0489674 0.3568846 10
-0.81473935 1.0133626 0.35354945 10.8
-0.75663275 1.0078338 0.37167194 9.1428576
-0.68165135 1.0285231 0.34643319 9
-2.3607552 1.1095315 0.36573803 22
-1.6070001 1.1339893 0.37518218 87
-1.5317922 1.1294088 0.36818135 36
-1.4611127 1.1144588 0.34017748 39.5
-1.3416941 1.1078694 0.35338646 16
-1.1389925 1.9705554 0.31395152 50
-1.1056777 2.0916045 0.31672761 12
-1.1922266 2.1774225 0.36227083 1
-1.0576824 2.3859806 0.38132223 124
-0.90291542 2.3493927 0.31350422 13
-0.74037445 2.3692827 0.38227656 96.5
-0.68150347 2.3629408 0.39089534 134
-0.57138628 2.312063 0.34943891 101
-1.0812376 2.4781523 0.33326933 4
-0.81377608 2.4291773 0.39791867 150
-0.36258197 2.6252925 0.38823903 13
-0.29616022 2.6074281 0.39038119 18
-0.29255405 2.7142265 0.33607495 21
-0.35850716 2.8286531 0.3602457 5
-0.89097875 3.7997725 0.38092801 20
0.69147068 7.3583803 0.39531708 95
0.43837622 7.7552271 0.34030426 92
-3.2262647 -10.063609 0.46600851 57
-3.0967979 -10.073473 0.46183282 110
-2.0000207 -4.5002279 0.42251536 10
-1.8666106 -3.9305303 0.42284626 26
-1.8073058 -3.3520279 0.47602624 55
-1.8044009 -3.2508206 0.47207054 81.5
-1.7435066 -3.2678721 0.44234604 67
-2.3324184 -3.096549 0.40543765 60
3.769774 -3.0734169 0.41363904 11
3.9986024 -3.0567455 0.44820979 20
-2.194231 -2.9067886 0.46511063 9
3.3669472 -2.9999263 0.45326227 64
-2.1806498 -2.8340294 0.45851627 19.666666
3.9329748 -2.8854523 0.4719741 28
3.8683259 -2.7202849 0.49299976 40
-1.6590402 -2.6622696 0.47610852 21
1.0878674 -2.6035769 0.40896994 19
1.1193866 -2.6150868 0.45158562 12.666667
4.2245359 -2.6664238 0.40640292 28
0.67383415 -2.533561 0.46381992 23.5
0.70194685 -2.5446556 0.42123178 23
0.95382214 -2.573925 0.46676379 14.5
1.0674562 -2.5949426 0.44036412 23
4.1545296 -2.5195813 0.43138969 42
-0.016289828 -2.4235013 0.45442566 71.333336
0.049589969 -2.4339318 0.45242381 97
0.11729009 -2.4436703 0.430767 116
0.35878009 -2.4873414 0.42944825 17
0.50096363 -2.4732931 0.482804 2
2.3503153 -2.4566395 0.44665822 25.666666
2.4456937 -2.4384167 0.45199099 46
2.5297709 -2.4488292 0.4016825 40
-2.4490623 -2.3417144 0.42103708 4
-1.6079371 -2.3399141 0.49002323 5
1.4179037 -2.3370926 0.47506732 5.5
1.5895494 -2.3195906 0.44938666 57
1.879537 -2.3157713 0.41483027 50
1.9448509 -2.3273833 0.4290216 32
1.3405726 -2.227509 0.47054857 33.5
1.6329179 -2.298763 0.4870142 80
1.9813522 -2.2941206 0.49670571 53
4.0127616 -2.2419002 0.47295913 63
-1.4487724 -2.1562569 0.4206996 19
-0.43134338 -2.1629884 0.47618729 150
1.4113371 -2.1825092 0.41127548 16
-2.1883974 -2.0475006 0.43635866 0
-0.42259914 -2.0412571 0.40823522 10
0.36574972 -2.0802698 0.44829735 39.5
-0.3417052 -1.9736313 0.44901803 100.66666
-0.29385662 -1.9815079 0.44216144 146
-1.5315892 -1.2721717 0.46444774 1.5
-1.4900202 -1.2522798 0.45934752 2
3.1952574 -1.2076772 0.49519929 126
-1.7121152 -1.1093249 0.42358097 0.66666669
-1.6905268 -1.1200675 0.41711172 1.3333334
-1.5371206 -1.1389824 0.48401403 0
-1.480776 -1.1833102 0.4446266 2
-2.2202861 -1.049289 0.49482727 5
-1.9085257 -1.0706049 0.4308508 1.2
1.9710644 -1.0054865 0.43601498 7
2.0282016 -1.0042051 0.46313947 8
1.2828918 -0.90479404 0.44801432 3
1.3402588 -0.91458523 0.46118027 2.5
1.405234 -0.91245437 0.48692161 5
-2.5649576 -0.83184481 0.42523313 4
0.87481827 -0.83859795 0.44333217 2
1.1500541 -0.88964945 0.42125559 3
-2.7434413 -0.73267031 0.48120767 5
-2.6637511 -0.78811532 0.45524102 5
0.3549183 -0.75626165 0.40735236 5
0.52933705 -0.778804 0.4435741 2
-2.7620618 -0.65671426 0.49536744 4
2.8385012 0.38792834 0.48323262 37
2.9405818 0.35990909 0.43084896 39
3.1176476 0.3361131 0.47524726 39
2.5893307 0.4205685 0.41805249 38
2.7043233 0.4043515 0.44835705 43
1.4654353 0.59428799 0.41690385 14.5
1.5508392 0.59226739 0.45076683 12.5
1.6196223 0.58679706 0.47702897 12
1.8292295 0.54219621 0.41448849 12.5
1.9505911 0.52367646 0.44997665 13.666667
2.054996 0.51036626 0.4580183 13
2.128016 0.5004788 0.4907521 12
0.71723461 0.69856119 0.40466121 14
0.85788214 0.68984056 0.44318822 14.727273
0.97108352 0.67243451 0.45023075 15.714286
1.0531108 0.66762 0.44698957 13.5
1.148203 0.64634204 0.45370767 15.521739
1.269577 0.63187492 0.42620072 16.6
1.3357645 0.62185675 0.47731513 15.6
0.46342427 0.75464535 0.44737792 16.4
0.53483409 0.74621409 0.4571414 15.454545
0.62581939 0.72653711 0.43969592 14.6
0.73151755 0.70889008 0.4432449 14.444445
0.82204366 0.70083582 0.49411607 16
-2.7318435 0.82113612 0.49910316 3
-2.6894541 0.86430079 0.4834125 3
-2.6378579 0.93004113 0.46272743 3.5
-2.5845773 0.99414003 0.4410778 4
-0.66074574 0.993999 0.45513177 10.4
-2.5433738 1.0602584 0.42030424 4
-1.807516 1.0255761 0.46738634 30
-1.7596579 1.0713072 0.46127126 93
-1.6695509 1.0928109 0.43083334 52
-1.5938685 1.0947422 0.42366311 87
-1.2381154 1.0926964 0.47796893 15
-1.163141 1.0794157 0.43547869 8
-1.0689006 1.0699294 0.45601392 9.5
-0.97715592 1.057981 0.45283866 10
-0.84462851 1.0319517 0.44076064 6.6666665
-0.76035154 1.0187442 0.46630678 6.5999999
-0.66898137 1.011398 0.44223467 7.5999999
-1.7328107 1.1036911 0.48111343 81
-1.5884523 1.1383706 0.41417205 77
-1.3665589 1.1242028 0.44498411 14.833333
-1.260373 1.1004077 0.44035664 9.5
-1.346351 2.3988888 0.434468 24
-1.0664384 2.3873858 0.46792451 117.5
-0.93328065 2.3835411 0.48299563 46.333332
-0.82686245 2.3419085 0.42421407 97.5
-0.69168192 2.4010105 0.45337203 3
-0.59408557 2.4636295 0.42611769 2
-0.35868043 2.5932591 0.40187165 20
-0.42095506 2.7306981 0.44306037 5
-0.86624092 2.918298 0.43463716 61
-0.76577932 2.9468448 0.40957692 86
-0.85283381 3.1692581 0.42681977 25
-0.81507766 3.2629681 0.42127827 107
-1.1732308 3.3764842 0.48964554 150
0.73811257 7.3464832 0.40208259 81
-2.1024559 -10.256382 0.53409857 40
-2.1721721 -5.7563925 0.55787522 3
-1.9634744 -4.5736747 0.57756984 17
-1.8682098 -3.4291031 0.55939436 19
-1.7587858 -3.4402168 0.59029871 60
-1.6940148 -3.4654367 0.54167604 18
-1.8727294 -3.2223055 0.52603072 40
3.4102054 -3.0018735 0.54048866 66
-2.2709472 -2.9013321 0.51222771 8
3.3286073 -2.9879541 0.55331469 70.5
-2.2057056 -2.8338139 0.56101573 20
-2.182817 -2.8450434 0.54473913 19.5
1.0618415 -2.6043658 0.55787069 17.5
0.63771558 -2.5163021 0.55652422 25.200001
0.71734059 -2.5284328 0.55725098 26
0.84669244 -2.5485559 0.57402861 22.5
1.0189974 -2.5815289 0.5489493 21
3.8106101 -2.5695586 0.51192611 54
-0.047897041 -2.4140658 0.52794957 71
0.054542907 -2.434011 0.57062984 74.5
2.3525429 -2.4605429 0.5105148 6
2.4260206 -2.4387496 0.52497816 3
2.6825805 -2.419255 0.57661998 2
2.7626178 -2.4306111 0.5419898 19.5
-0.3202382 -2.3748364 0.56596643 127
-0.2960664 -2.3781958 0.56645632 136
-0.067323178 -2.3862524 0.57987154 5
0.68230146 -2.3118637 0.5895462 38
1.4306195 -2.3442359 0.52041423 3
1.758213 -2.3181014 0.57275838 88
1.8585228 -2.3144836 0.54295325 27
2.0881212 -2.3696716 0.55775303 19
-1.6430696 -2.2957551 0.51631027 3
0.5937224 -2.2551353 0.56681561 17
0.60242873 -2.2883065 0.5966596 60
1.3385522 -2.2338479 0.55498302 29.5
1.6848127 -2.2952733 0.52821201 61
1.7554607 -2.294136 0.54405099 32
-1.507519 -2.1669321 0.58725566 18
-1.4550886 -2.1711018 0.55060291 4
-1.3932067 -2.1563017 0.50997806 14
0.33151248 -2.1203196 0.53177726 11.5
0.57235157 -2.1470506 0.59413344 5
3.8317609 -1.8807343 0.52000308 66
3.7844093 -1.7761806 0.53406018 65
3.7369587 -1.6756344 0.54530215 76
3.7133112 -1.5538392 0.56803066 115
-1.2336254 -1.3357347 0.58891171 3
-1.5242916 -1.24314 0.52007514 4.75
-1.4740083 -1.2198392 0.54626864 8
-1.3363965 -1.2204795 0.58883572 32
-1.2625166 -1.2577813 0.56135011 18.75
3.2318006 -1.218228 0.58569968 56
-2.4545701 -1.1144968 0.56525934 150
-1.731106 -1.1047587 0.51510739 2
-1.6778466 -1.1591918 0.55633044 2
-1.5297452 -1.175148 0.56525087 18.25
3.2159414 -1.1578902 0.51161081 1
-2.4769783 -1.0363014 0.59085011 150
-1.7232934 -1.0752498 0.52911443 1
-2.4463789 -0.93551666 0.59989578 71
1.4416347 -0.91058761 0.51243895 0
1.6704168 -0.93990064 0.5518685 10.5
0.78632247 -0.82205266 0.50189763 4
0.9262411 -0.82748967 0.55011809 3.1666667
1.061607 -0.85489446 0.57145143 0
1.1655911 -0.86220658 0.5836032 0
0.36336452 -0.73146838 0.54110032 9.6000004
0.47664669 -0.73086071 0.5688256 7.5
0.5956955 -0.74029934 0.59362745 9
0.60625094 -0.76637059 0.58152097 5.6666665
-2.7651994 -0.6044594 0.50284219 3
0.29593104 -0.69418567 0.54820406 5
0.35089219 -0.6946643 0.55165029 4.6666665
-2.8214018 -0.50994724 0.52559602 3
-2.7778304 -0.55384105 0.51080799 3
-2.8626859 -0.43561625 0.54147702 3
-2.9220617 -0.30748352 0.56426924 0
-2.8911247 -0.35781521 0.55455244 0
-2.9555411 -0.22832479 0.57602024 0
-2.9814286 -0.14619675 0.58551824 0
-2.9931536 -0.061667901 0.59068155 0
-3.0086412 0.052008875 0.59625435 0
-3.0059237 0.1654184 0.59649003 0
-3.0101829 0.25208139 0.59648561 0
3.5326288 0.27643618 0.58083469 35
-2.9841623 0.3355009 0.58943534 0
2.9761698 0.36646903 0.51876199 32
3.142977 0.34469718 0.56149441 31
3.3059356 0.30820173 0.52385342 31
-2.9472489 0.44592446 0.57686448 0
2.1847286 0.49964726 0.57005858 48
2.2060146 0.48841888 0.5268755 49
2.3013227 0.47861278 0.56793112 47
-2.9182782 0.55564284 0.56432295 0
1.6560142 0.58348256 0.52513993 12
1.7337779 0.57051951 0.56225663 13
1.8047038 0.55890977 0.59892613 14
2.0308311 0.51562375 0.50383121 14
2.1085165 0.50962394 0.53692186 14
-2.8515451 0.65579277 0.54192543 1
0.8621186 0.69818294 0.50564706 16
0.96251577 0.68383074 0.55873871 17
1.0348427 0.67193633 0.55220449 16.857143
1.1403965 0.65080494 0.54361659 15.277778
1.2384524 0.64652783 0.54664111 19.333334
1.3838408 0.6135484 0.51865792 14
1.4424284 0.61430252 0.56482321 13
-2.809386 0.73045313 0.52542746 2
-2.777549 0.77907258 0.51345301 3
0.38958627 0.78506303 0.58815342 7
0.45313331 0.76905447 0.54620594 15.9375
0.57337725 0.75319606 0.55559206 16.625
0.673343 0.73308367 0.54614091 16.285715
0.7116394 0.72713447 0.54000384 15.75
0.82907116 0.70795459 0.55341029 16
-0.71739817 0.99640709 0.50032276 0
-0.67218888 0.99721444 0.53346831 11
-2.0559239 1.0724128 0.55479282 36
-1.9506152 1.0562937 0.54877591 39
-1.8611077 1.0428536 0.54307443 47
-1.7590384 1.0251067 0.50357533 73
-1.2172402 1.0954336 0.52534324 10
-1.112717 1.0823555 0.55842835 9
-1.0345069 1.0639733 0.55691487 7.1666665
-0.98782176 1.0454769 0.50615072 5.5
-0.87031478 1.0447644 0.56795329 8.3999996
-0.79547417 1.0315487 0.53220558 9.5
-0.63486576 1.0126317 0.56354129 8.75
-1.4370679 1.1372699 0.5551784 26.142857
-1.3491697 1.1184704 0.54082125 30.75
-1.2604159 1.1106371 0.55724961 9.333333
-1.0844232 2.4113581 0.55834454 90
-0.75788063 2.7829666 0.57718468 95
-0.63978457 2.8046334 0.54114497 0
-1.1801339 3.367959 0.57038975 124
0.42743772 7.7468462 0.52706724 15
0.38297704 9.1540403 0.52064681 150
-3.249305 -10.064089 0.68703121 12
-2.8220117 -8.1806107 0.67683953 3
-2.1977868 -5.4980135 0.61267346 3
-2.1308129 -4.7521305 0.67014617 15
-1.9027644 -3.421329 0.66341734 4.5
-1.8589379 -3.4453056 0.64386785 9
-1.6521116 -2.9215949 0.67034888 21
3.3743677 -2.9365864 0.68323731 56
-2.2368135 -2.8497834 0.66050911 17
-2.1754615 -2.8189991 0.63905984 26
1.3858687 -2.603272 0.69779891 15
0.63148856 -2.5164356 0.62191308 21
0.76304334 -2.5291569 0.60203964 25
0.8329246 -2.534765 0.67065299 24.5
0.95946008 -2.544523 0.66638124 19
1.0218657 -2.5874701 0.64028782 19
1.1421254 -2.5501227 0.64415938 17
1.8360262 -2.5265419 0.66769058 48
2.3544581 -2.5502341 0.62794459 64
2.4048088 -2.5044532 0.66132796 29
-0.37551093 -2.461684 0.62602454 133
0.26072243 -2.4682274 0.65567255 13
0.67498153 -2.4682293 0.65295094 14
0.73460358 -2.4873738 0.67909592 19
1.3566868 -2.4449387 0.64325106 3
1.8706901 -2.4322829 0.66704047 34
1.9107351 -2.4590895 0.62110347 21
2.3071547 -2.4988282 0.6873942 6
-0.31541193 -2.3663976 0.65547401 130.66667
-0.29865029 -2.3700821 0.6204043 141
-0.12341952 -2.3895326 0.69483393 67
-0.090713672 -2.3898959 0.63810217 24
2.1624851 -2.384706 0.60857391 36
1.3403584 -2.226043 0.64829594 19.666666
-1.8086448 -2.1644254 0.65243143 9
-1.7571721 -2.1596365 0.64298725 17
-1.617909 -2.1575789 0.66309059 8
-1.5449431 -2.1338098 0.61738986 35
0.58083206 -2.1848454 0.62494016 3
3.6185222 -1.8753275 0.60023367 103
3.6236029 -1.7117008 0.62965846 123
3.6193907 -1.6280956 0.64142972 108
3.6185193 -1.5476919 0.65242219 117
3.6209879 -1.47049 0.66263551 124
-2.0526514 -1.3401165 0.65395838 6
-1.2476797 -1.3218945 0.66816568 18.75
-1.632306 -1.2042514 0.64454347 7
-1.5807638 -1.2101487 0.61570781 9
-1.4169586 -1.2032343 0.64450401 31
-1.3665833 -1.2376866 0.6502732 21.5
-1.2351036 -1.2868409 0.61393166 18.5
-1.8429357 -1.1130627 0.67806411 5
-1.7604132 -1.1267378 0.65875089 3.25
-1.6782993 -1.1916248 0.67200178 8
-1.5339422 -1.1763772 0.65982664 12
-1.4780897 -1.1836497 0.65294915 17.6
-2.1503997 -1.0282792 0.62331855 6.5
-2.051662 -1.0854383 0.67745769 1
2.1978581 -1.0253249 0.63675064 4
2.2969129 -1.0322965 0.6797027 3
2.4649796 -1.0682392 0.65146035 11.5
-2.5227871 -0.90992594 0.63117236 150
1.7203238 -0.94864714 0.69191235 25
0.75312835 -0.80327004 0.61955273 6
0.88833946 -0.81107855 0.64250219 6
0.91750848 -0.83051944 0.63738871 2.75
1.0584995 -0.83474928 0.68622631 5.2857141
1.2841636 -0.87658024 0.60771906 3
1.3128098 -0.86927164 0.63142508 8
1.473632 -0.89456177 0.65478766 15
0.58736825 -0.72740716 0.60318011 9
0.73479438 -0.76906651 0.62527382 9.25
0.88172841 -0.79570836 0.66925669 7
3.536835 0.28850827 0.66065663 33
3.8040602 0.23852122 0.64809853 30
3.3210926 0.31780556 0.60684758 34
2.2659175 0.48860633 0.60521924 44
2.3799732 0.47109735 0.62846124 46
2.4653287 0.46503484 0.68893296 52
2.5153484 0.45108563 0.66132295 52
1.5972931 0.59828669 0.68800575 12
1.7968274 0.56502426 0.61919528 13
1.8556148 0.55371177 0.64331943 14
1.9308679 0.55085182 0.68812662 14
0.96110582 0.68138915 0.64208972 16.200001
1.0933235 0.65406597 0.64337474 16.200001
1.1336595 0.65099359 0.65280807 13
1.2482965 0.64789867 0.64436662 14.714286
1.3464509 0.6377942 0.63909388 13.666667
1.4992696 0.62160879 0.61120588 11
1.5481156 0.61150998 0.64735925 12
0.3865613 0.7782523 0.60752493 2
0.4411369 0.77297378 0.63179624 5.8000002
0.54647791 0.75249195 0.62615424 8.1999998
0.66805124 0.74040055 0.64717364 13.375
0.79181498 0.71019053 0.65072852 14
0.82233769 0.71268153 0.63959277 16.666666
-2.1537094 1.0929247 0.62172651 37
-1.6797328 1.0638504 0.69581175 89
-1.5310237 1.0893853 0.63811111 62
-1.4890708 1.0924631 0.69744825 11
-1.2420391 1.0963508 0.67622185 34
-1.1582084 1.0908122 0.64192891 15.833333
-1.0480212 1.073265 0.64773029 9.5
-0.92874497 1.0537291 0.64959174 9.166667
-0.84583217 1.0378489 0.63546211 7.8000002
-0.70822138 1.02396 0.66272992 9.5
-0.65066218 1.0117027 0.63950825 9
-2.3786802 1.1327926 0.66600823 35
-2.2485328 1.1118677 0.69263697 45
-1.6135545 1.1043415 0.6816299 52
-1.5105867 1.1374558 0.62891203 74.333336
-1.476108 1.1391525 0.65163475 35.57143
-1.3500357 1.1315682 0.65950137 13.6
-1.2389786 1.1084754 0.65151167 20.5
-0.76420575 2.7869549 0.64683896 4
-0.64051384 2.759855 0.60250008 1
-0.38433444 3.8688934 0.64236528 10
-0.35943997 3.916364 0.65454829 8
-0.29997805 3.9933345 0.6465643 12
0.7642715 7.7931652 0.60566509 80.5
-1.8220879 -10.237816 0.71591455 150
-0.51378739 -3.4924169 0.79026103 10
-2.2088909 -3.1057208 0.74075639 5
-2.2487843 -2.9169812 0.7271629 6
-1.5824457 -2.925863 0.7485739 22
-2.1169221 -2.8329039 0.72308421 23
2.4659562 -2.804733 0.7940501 31
2.4703162 -2.7659702 0.72848433 5
1.3838695 -2.6158524 0.73955369 1
1.8712994 -2.6526289 0.75111794 150
3.4295475 -2.618741 0.74812096 5
0.75740218 -2.5215802 0.73481441 22.666666
0.93688196 -2.5398481 0.75467956 9.75
1.0653099 -2.5666277 0.78849411 25
1.227668 -2.591836 0.72770023 4
1.4100618 -2.5107191 0.72090632 5
3.4223244 -2.5135646 0.77406204 37
-0.32529196 -2.4063437 0.74125546 115
-0.0075729578 -2.4113636 0.71020377 113
0.53264588 -2.4240215 0.79622477 10
0.81473738 -2.452322 0.77073216 15
1.0018665 -2.4853892 0.71767914 12
1.6788867 -2.4247606 0.70967329 156
1.870694 -2.4784827 0.72982836 26
3.4086988 -2.406311 0.79658854 80
-0.30411085 -2.3638496 0.73130965 134
-0.14777158 -2.3768895 0.75025684 57.5
-0.03026549 -2.3960166 0.76517713 112
2.5632734 -2.3890254 0.75137472 0
2.7140212 -2.3818796 0.7606926 0
0.25106028 -2.2015305 0.70077497 39
1.435119 -2.2175202 0.74478883 54.5
-1.8135147 -2.1541615 0.70094472 22
-1.495311 -2.1354368 0.73181909 67
0.23477183 -2.1867664 0.73783821 35.333332
0.50458241 -2.1466911 0.7468437 4
0.48666188 -2.0626156 0.77140892 38
0.50052905 -2.0724294 0.79660237 38
4.0765905 -1.5100356 0.78229249 30
4.2916512 -1.549558 0.7369023 25
-1.1917431 -1.43578 0.74367869 1
-1.3191845 -1.326304 0.72558606 17.5
-1.2797114 -1.3403364 0.72402239 16
4.3864441 -1.3425653 0.79874748 22
-2.0099049 -1.2473425 0.715864 3
-1.4539165 -1.2603694 0.74898309 18.666666
-1.3218575 -1.2991382 0.74536103 13
4.0430269 -1.2948428 0.71488178 24
-2.6101954 -1.1224196 0.79307729 11
-2.5914872 -1.1754283 0.77839917 9
-2.1373847 -1.1090872 0.74553555 0
-2.051496 -1.1336005 0.75677741 9.5
-1.917221 -1.1253959 0.782166 3
-1.8879169 -1.1335837 0.76242495 16
-1.775658 -1.1215588 0.72083622 6.3333335
-1.5480757 -1.1868829 0.72650737 6.6666665
2.5265865 -1.0494899 0.78000033 61
-2.8345068 -0.90453297 0.73969162 60
-2.7787046 -0.94796336 0.71388942 50
1.7692817 -0.94022924 0.72320437 7
2.0506473 -0.98466593 0.78188694 9
-2.8675408 -0.85127515 0.75974947 36
1.0473602 -0.8160755 0.70131385 7
1.1617773 -0.8394624 0.71653587 6.4444447
1.2283415 -0.84464651 0.73737389 4.4444447
1.3575047 -0.85368794 0.76110512 13.333333
1.490584 -0.88329428 0.77808374 5
-2.8936324 -0.79407167 0.77752572 45
4.1136298 0.19176358 0.72386009 26
3.7901571 0.25280666 0.72293484 26
4.0746713 0.20977412 0.79310465 27
2.5770862 0.44859225 0.7355122 49
2.6449411 0.43589628 0.71671563 49
2.7469687 0.42463958 0.78419542 46
1.6689838 0.59329796 0.74542159 13.666667
1.7168616 0.59042746 0.77968973 14
1.9921103 0.54619974 0.73457617 14
2.0576406 0.53695589 0.76265955 37
0.95840985 0.69143045 0.74825138 8.2857141
1.0940813 0.66232038 0.72313052 13.666667
1.1245002 0.672306 0.7643401 9.666667
1.3572929 0.65256691 0.75779557 12.2
1.4612929 0.63452202 0.74781996 12.166667
1.6228428 0.60580808 0.70748508 13
0.3991265 0.79161686 0.75409108 1
0.65824652 0.75045407 0.71528906 7
0.79033589 0.72205395 0.7304191 3.3333333
0.80778658 0.71630061 0.72285146 10.5
0.93993151 0.70279449 0.75998759 5
-0.53664291 0.99159658 0.73582697 6
-1.8652018 1.0532848 0.79294515 39
-1.7294613 1.0310318 0.74698257 49.5
-1.6542282 1.0686666 0.72839344 92
-1.5132713 1.0992799 0.7798906 2
-1.1154652 1.0905148 0.76279122 14
-1.0594227 1.0787476 0.73567384 12.8
-0.95656842 1.0618027 0.73723471 9.5
-0.86698085 1.0483152 0.74824423 6
-0.72652817 1.0288875 0.72956491 7.5
-0.65931523 1.0112308 0.74867934 5
-0.53531671 1.0141157 0.71725917 7
-2.5660503 1.1641778 0.73137331 34
-2.4346561 1.150514 0.76399952 43
-1.5248063 1.1053158 0.73765826 5
-1.4542602 1.1239194 0.74964327 7.8333335
-1.3481482 1.1271447 0.7576248 30.166666
-1.2306159 1.1048508 0.73348624 23.5
-1.1878942 1.1037258 0.75837064 24.5
-1.3526763 2.9875805 0.76450598 0
-1.3020116 3.013624 0.78254282 0
-1.295735 3.0399051 0.75266087 0
-0.63597423 3.8309245 0.72633582 9
-0.33934832 3.9145098 0.73109376 35
0.74907923 7.7595901 0.79309535 68
0.36937889 9.1731224 0.74626774 150
-2.2254691 -4.281754 0.80062056 18
-2.181982 -4.0048552 0.80987257 14
-1.7822361 -3.9801269 0.82816827 14
-2.2096274 -3.8607635 0.84672356 25
-1.7789536 -3.7547617 0.83824152 17
-1.8011928 -3.6029932 0.8605414 150
-0.39839751 -2.9955051 0.8122344 16
2.4327738 -2.8001859 0.85139644 69
1.8706676 -2.7044225 0.82286799 86
1.9725963 -2.7281547 0.84996593 72
2.1721547 -2.724659 0.83664823 95
1.8485727 -2.6862569 0.85768604 93
1.9210703 -2.6764672 0.89126968 124
-2.0402935 -2.5603135 0.83838421 9
0.86901844 -2.5305812 0.84278274 23
0.92420322 -2.5348222 0.8792994 23
1.025244 -2.5472276 0.86300373 24
1.1405227 -2.5661933 0.86250782 25.5
1.3888737 -2.5971658 0.87875974 26
2.3599288 -2.5634718 0.83137697 1
-0.30665553 -2.4246969 0.80549496 150
0.1552487 -2.4108422 0.88288713 115
2.496104 -2.4114175 0.86281186 0
2.5811133 -2.4237959 0.86479121 4
-0.20630428 -2.3599515 0.86418885 43
-0.18241067 -2.3668377 0.82727528 60
-0.068472996 -2.3837287 0.85118914 103
0.16927689 -2.3925366 0.87157398 130
0.50992852 -2.3762736 0.84026569 26
2.5117667 -2.3968465 0.81037718 3
3.3999107 -2.3061285 0.8183341 116
1.3443135 -2.2955825 0.82269329 5
3.3931615 -2.2109773 0.83934844 128
1.1524827 -2.1776888 0.86107695 18.25
1.2135131 -2.1812859 0.88481081 10
1.3575451 -2.1907916 0.83063656 31
3.3940928 -2.1239326 0.86094242 122
0.47383296 -2.0566401 0.83170795 38.5
-2.5056069 -1.7064253 0.83618629 5
-2.5275717 -1.6571543 0.86297965 5.5
-2.4909174 -1.6626968 0.89751941 11
4.3783174 -1.5443962 0.85807914 12
-1.3328179 -1.411334 0.8140766 8
-2.2037568 -1.3232665 0.80478233 0
-1.6723077 -1.3037508 0.88598114 3
-1.4380593 -1.3634907 0.84710044 18.333334
-1.372157 -1.3712704 0.80278301 10
4.0947652 -1.3453828 0.80051154 10
4.3796573 -1.3615668 0.87193149 22
-1.7031195 -1.254101 0.8270998 4
-1.5697403 -1.2376781 0.82872391 12
-2.1549137 -1.1124338 0.81297761 12
-1.9518138 -1.1301867 0.82755393 9
-1.6146497 -1.1932105 0.80251968 5
-2.8221877 -1.02449 0.88695085 5
-2.6580782 -1.0510678 0.82109064 6
-2.1809282 -1.0692995 0.83302468 155
-2.0581474 -1.0881296 0.89023477 12
-1.9771813 -1.0926558 0.84569627 21
1.6856887 -0.91374326 0.81902629 19
2.0177937 -0.96940762 0.87812781 9
1.5471632 -0.86766315 0.82409316 4
1.7473243 -0.89466643 0.8669498 11.5
-3.1643772 -0.73339128 0.87775373 91
-2.9791741 -0.75378585 0.81265116 150
-3.1749153 -0.66531444 0.88983703 92
4.4294248 0.15998231 0.87816978 21
4.5121593 0.13575466 0.82084864 17
2.9626999 0.39615962 0.85229075 51
2.8483381 0.41208702 0.84821767 43
1.7655959 0.58431196 0.82114089 14
1.8353834 0.58186126 0.87539381 14
2.1656318 0.52480537 0.8315841 45.5
2.2592707 0.51307321 0.8880595 53.5
1.0964371 0.66767567 0.80984229 7
1.1210968 0.67147154 0.83068144 2
1.4443783 0.64259326 0.85362136 12.4
1.5645506 0.6217618 0.84667075 13.5
0.46527684 0.79120731 0.86369854 12.333333
0.60889131 0.77001226 0.8744024 5
0.76331198 0.73555088 0.89357728 0
-1.9723136 1.0798978 0.87438548 46.5
-1.8281256 1.0589015 0.8238374 49
-1.5279288 1.0991499 0.86215436 47
-1.4523566 1.0916711 0.82917142 82.5
-1.1256391 1.0925037 0.82360488 40
-2.6270347 1.1844406 0.83723927 47
-1.5283508 1.1065104 0.89739263 58
-1.445272 1.1404278 0.82574093 81
-1.2523528 1.1150136 0.85628575 44.333332
-1.1572517 1.1023415 0.86169267 31
-2.7959936 1.2038683 0.80867857 29
-1.2966003 3.0114598 0.82050622 0
-0.63320071 3.9513278 0.86372465 0
-0.30045691 4.6755705 0.80303389 1
0.54733413 9.1459465 0.83046591 143
-1.8322514 -10.249526 0.94446796 120
-2.0616865 -5.320797 0.9470827 0
-1.9607939 -4.7176795 0.90991372 10
-1.8605281 -4.6928697 0.99774009 0
-1.7341269 -4.0759606 0.93056339 7
-0.54627907 -3.9925878 0.98405671 6
-1.7336688 -3.8499761 0.93991232 44
-2.0388808 -3.6915703 0.96111906 6
-1.9551162 -3.6092739 0.92282212 18
-1.9615387 -3.4234614 0.96368861 5
-1.6665477 -3.4770298 0.90669644 144
-1.8441067 -3.2536139 0.94986796 8.5
-1.9539305 -3.0787132 0.99127293 0
-0.33152872 -2.8098373 0.91865039 18
3.1140914 -2.8712189 0.95117599 10
-2.2577612 -2.7733917 0.93575114 6
1.9268486 -2.713182 0.93319452 50
2.2645831 -2.7505791 0.90100294 31
2.3820968 -2.7873609 0.9347409 77.5
2.4906366 -2.7965946 0.95577586 60
1.6902205 -2.6383021 0.96736526 105
1.8186104 -2.6996226 0.93982172 24
1.9936459 -2.6875248 0.95120835 100
0.86170995 -2.5267863 0.94787699 25
0.94661808 -2.5348749 0.92836207 23.666666
1.0212625 -2.5346189 0.97896296 30
1.1005863 -2.5483634 0.93769348 27
1.217994 -2.5628335 0.93710572 19
0.12705137 -2.4053581 0.9587155 107.66666
1.0538175 -2.4464774 0.99290669 1
1.1402839 -2.4970763 0.96789765 11
-0.22860239 -2.3523593 0.92376947 57
-0.12037104 -2.3640876 0.96749556 40
0.10071345 -2.3937895 0.99982482 107
1.1532317 -2.2427809 0.96008146 73
1.2277626 -2.2516108 0.91688806 120
1.4401807 -2.2799704 0.91218621 1
3.2533143 -2.2192507 0.98302233 113
0.45615804 -2.1463153 0.92797381 155
0.78030151 -2.1111214 0.96330023 19
3.2523353 -2.1227684 0.99728876 111
0.72795612 -2.0881219 0.9842428 33
3.3719399 -1.8565006 0.91135204 127
-2.5352416 -1.7734649 0.90088457 9
3.3670242 -1.7733997 0.92600381 116
3.3684452 -1.6953807 0.94266623 118
3.359694 -1.4641876 0.98019445 130
-1.8046229 -1.3125701 0.99237168 0
-1.7736676 -1.3318105 0.93784082 27.5
-1.6005452 -1.3680233 0.94909054 4
-1.5408952 -1.3680438 0.90522271 12
3.3545885 -1.3891002 0.99063259 137
-1.8423195 -1.2631122 0.96321213 32.5
-1.7822981 -1.2977952 0.9603647 12.5
-2.5285087 -1.1610177 0.99638569 68
-2.1840758 -1.1061757 0.956267 4
-1.9327806 -1.1423922 0.98840088 7
-1.8499799 -1.1867731 0.95979363 23
-3.0926619 -1.0630922 0.98829228 18
2.3594468 -1.0221139 0.96353638 4
-3.0396385 -0.94028044 0.97985673 114.5
2.0652089 -0.94792628 0.90850443 14
2.1718407 -0.95945114 0.97416699 1
2.4009125 -0.99069798 0.9914676 13
-3.2322774 -0.60588413 0.91671479 27
4.9140882 0.098794386 0.99393594 14
5.0615973 0.066478208 0.95140469 15
3.0270636 0.39276546 0.92031235 47
3.1493485 0.37065709 0.93113863 46
3.2149863 0.36600214 0.99709743 40
2.3893008 0.49785066 0.96304762 55
1.8985472 0.5761764 0.93193567 14
1.9631013 0.57165879 0.97265464 37.333332
2.342447 0.50412101 0.94077241 49
1.5439109 0.6327067 0.95899886 14
1.6583551 0.61425287 0.93121547 14.333333
1.7017471 0.61077398 0.99110776 15
0.44865626 0.78743261 0.904899 10
0.59338754 0.7810815 0.95862478 9.666667
0.75998199 0.74759698 0.9503566 5
-0.51790041 0.99449408 0.95907199 0
-1.6321529 1.0423018 0.9505046 37
-1.5776888 1.0653969 0.94936085 49
-1.4436288 1.0930674 0.98670703 56
-2.1408603 1.1026417 0.93121064 36
-2.0919328 1.1106684 0.96637243 48
-1.5799515 1.1012225 0.94442105 52.5
-1.404398 1.114049 0.95903563 98
-1.3675822 1.1298379 0.95508307 55.333332
-1.2580309 1.1218096 0.94223911 39
-3.0753748 1.2559252 0.90378761 27
-2.8590779 1.2261919 0.92474461 39
-1.3961737 3.2789886 0.9663921 12
-0.97147286 3.9758801 0.98437738 24
-0.85196918 4.0153036 0.93645167 5
-0.88655335 4.5147891 0.98670608 14
-0.79911876 4.5560322 0.92785645 14
0.73030376 7.9091945 0.99682736 101
0.35478669 9.1932068 0.97180134 133
-0.42490453 -3.5852892 1.0393319 12
-1.6552877 -2.9269583 1.0731243 19.5
-2.319675 -2.8357728 1.022288 1
-2.2772517 -2.8905654 1.0073688 2
-2.06634 -2.8580647 1.0790741 0
-1.9916657 -2.8658185 1.0276331 8
-0.31105283 -2.8952708 1.01396 19
2.4665959 -2.8023238 1.0153261 77
2.8006232 -2.8372633 1.0546927 9
2.9035549 -2.8740864 1.0927124 59
3.0659471 -2.875814 1.0386615 68
2.1432431 -2.7047012 1.0751858 82
2.335026 -2.776571 1.019774 21
2.4321108 -2.7898304 1.0696907 18
1.7581549 -2.6578021 1.0376945 91.5
1.8396585 -2.6700392 1.0790519 89.5
2.0676892 -2.6976027 1.0125191 99
0.79868549 -2.5053194 1.0332311 32
0.8499012 -2.5182707 1.0358018 17
0.38428235 -2.4349625 1.0754619 117
0.41277757 -2.4131269 1.0048248 150
0.76943463 -2.4191241 1.0611824 9
0.079144187 -2.396863 1.0604904 26
1.2376277 -2.3536017 1.0079355 16
1.1370552 -2.2498243 1.0557564 45.5
0.75268668 -2.10724 1.041834 11
1.1713074 -2.1893809 1.0617107 6.5
0.70809335 -2.0918994 1.041205 10
3.2477415 -2.0251837 1.0081342 120
5.8579006 -2.0885465 1.068202 66
3.2498443 -1.9350371 1.0202112 116
3.2532377 -1.8488342 1.032396 119
3.2523375 -1.7614777 1.0418936 125
-1.6247944 -1.6826425 1.0048862 5
3.2565801 -1.5138545 1.0668745 150
3.2678096 -1.3598859 1.0829579 119
3.4846294 -1.3787471 1.0487716 40
-2.6371331 -1.112962 1.058461 54
-2.036 -1.1205719 1.0569707 4
-1.8238121 -1.1421674 1.0038807 29
3.3737664 -1.1843055 1.0276818 31
-2.0506575 -1.0410414 1.0741313 4
-2.0485337 -0.98205984 1.078738 0
-3.0761011 -0.8494097 1.0029469 138
-3.087471 -0.75070214 1.0159543 108.5
-3.1072347 -0.65462965 1.031123 99
-3.7023921 -0.53735805 1.0794743 4
-3.4910657 -0.58194149 1.0050952 4
-3.1628451 -0.59899765 1.0556591 69
3.3832519 0.3412109 1.0280277 35
3.4556432 0.33884981 1.0941162 35
2.4647248 0.49233523 1.011019 51
2.5514789 0.47915441 1.0617788 50.5
2.0703762 0.56047559 1.0588131 44
1.6459178 0.62810087 1.0636363 14.666667
1.7644615 0.60790813 1.0356789 14.5
1.8244866 0.60248876 1.0757962 52
0.57438785 0.79307014 1.0497421 11.2
0.75625551 0.7579385 1.0516509 9.3999996
0.94654512 0.72889072 1.0774422 5
-0.52907681 0.99538112 1.0258598 23
-0.41772985 0.98519146 1.075531 10
-1.8873614 1.0751659 1.0929593 44
-1.7443858 1.0626305 1.0505152 30.5
-1.6769848 1.0580825 1.0144941 7.5
-1.5456604 1.0539091 1.0668715 49
-1.422542 1.0957879 1.0602201 57.666668
-1.3637295 1.0974562 1.039937 95
-0.41406029 1.0033432 1.0481859 6
-2.3256288 1.1405488 1.0236615 40
-2.2655427 1.149366 1.0590395 48
-1.5191159 1.1136383 1.0557383 49.333332
-1.3623114 1.1272057 1.0443082 37.25
-1.2874031 1.1431258 1.0736402 3
-1.1101687 1.1071345 1.0924768 0
-1.0940584 1.1135458 1.0523156 3
-3.1438217 1.2803833 1.0319713 43
-3.3923848 1.308259 1.0111002 30
-1.3087479 3.6302295 1.0618 51
-1.0592039 3.9622006 1.0480484 105
-0.97712284 3.9871109 1.0800462 34
-0.78435034 4.5883422 1.0692712 13
-0.32103512 4.5258594 1.0591762 19
-0.66916788 4.6623344 1.0731266 9
0.78163451 7.8767552 1.0003994 102
0.53642905 9.1516724 1.0533108 125
-1.8414751 -10.273694 1.1806145 6
-1.8503538 -3.9204276 1.1724523 15
-1.7604742 -3.9136391 1.1064357 4
-2.1056097 -3.8974488 1.1780487 15
-2.0824082 -3.8428478 1.1969378 21
-1.7148479 -3.8636963 1.1569643 27
-2.2074363 -3.7182386 1.1281495 150
-1.9520005 -3.3979373 1.1198138 8
-1.7057596 -3.2493567 1.1484832 11
-0.33964014 -3.2822104 1.1372536 14
-1.6889958 -2.9307466 1.1299031 16
-1.8438646 -2.8601596 1.1732383 26
-1.7568789 -2.8723531 1.1695867 24.5
-1.684217 -2.884346 1.1311454 27
2.7777064 -2.8456893 1.1158274 15
2.8622625 -2.859709 1.1472493 18
2.9702053 -2.8562348 1.1777021 23
3.009886 -2.8673007 1.1223476 106
-1.7219077 -2.757494 1.1847641 7
-1.6332089 -2.7875865 1.1516228 6
2.229733 -2.7239032 1.1622533 59.5
2.3671722 -2.7689106 1.1814517 75
1.6623849 -2.6253781 1.136691 67.5
1.7211261 -2.6576793 1.1374266 86.5
1.8431849 -2.6699438 1.1554872 78.333336
3.0529704 -2.6913981 1.1624874 5
-1.5346885 -2.5593412 1.135198 9
1.2798656 -2.5838497 1.1581763 58
3.0524693 -2.5812886 1.1817241 47
-1.5003523 -2.4657874 1.1634947 7
0.41181025 -2.4445875 1.1063117 28
3.0448329 -2.4680843 1.1954389 96
-1.5500866 -2.3602073 1.1534311 21
-1.4702231 -2.3801591 1.192499 8
0.02735047 -2.3660073 1.176434 98
0.3635506 -2.3728597 1.1131102 21
0.32216826 -2.2696462 1.1929052 35
1.1423217 -2.2310448 1.1201735 4.6666665
0.36243573 -2.1970415 1.1817322 39
-2.2978618 -1.9557304 1.150404 43
-1.7122167 -1.9138664 1.1253265 3
-2.3265815 -1.8828894 1.1443466 38
-2.3431222 -1.7220047 1.1969029 17
5.9413943 -1.7784251 1.1426841 103
5.9684658 -1.67472 1.1644604 108
5.9962325 -1.5710261 1.1855153 102
3.7570548 -1.4272184 1.158686 16
-1.8407725 -1.3369517 1.1292751 6
3.4264402 -1.3572309 1.1516631 22
-2.5084691 -1.2274209 1.1211846 50
-2.0459473 -1.2433635 1.1480913 4
-1.8744042 -1.2679608 1.1579977 9.5
-2.5041471 -1.158488 1.1249496 49
-2.0332291 -1.1409564 1.1445727 7.5
3.4256163 -1.1958915 1.157442 27
-2.7594807 -1.0973374 1.1219574 32
-2.5966601 -1.0711602 1.1808363 19
-2.4965107 -1.0887506 1.1264007 49
-2.0594709 -1.055238 1.1678818 6.3333335
-3.9986849 -0.49414077 1.1800036 1
5.7471271 -0.026334325 1.1135507 18
5.5300064 0.020198433 1.1403949 18
3.6564631 0.30617556 1.1411836 25
3.7132764 0.30247656 1.197896 26
2.6578808 0.4660157 1.1272403 51
2.747828 0.46020654 1.1747661 55
1.8334752 0.5990141 1.1193924 51
1.9069743 0.59484673 1.1714892 46
2.162324 0.54959232 1.1309528 47.5
1.1402162 0.69671035 1.1478065 7
1.2987015 0.67264903 1.1457479 0
1.3038751 0.66952133 1.1660653 2.6666667
1.6852137 0.62322605 1.1221378 15
1.7520547 0.62080538 1.1808138 53.5
0.55447584 0.79784805 1.1437479 10.333333
0.74787825 0.76519835 1.1495819 10.5
0.94960785 0.73105359 1.1460708 9
1.1512768 0.70177251 1.1221182 0
0.5459888 0.80717444 1.1689817 12
-0.42677015 0.98806107 1.151073 9.5
-0.37878591 0.98465276 1.1926141 9
-1.8712587 1.0923805 1.1582417 39
-1.783183 1.0817664 1.1274037 16
-1.6543037 1.0521996 1.149503 35.75
-1.538702 1.0440702 1.1605202 54.166668
-1.3324462 1.0992024 1.1848555 30
-0.37644279 1.0116143 1.1686262 4
-2.5302939 1.1795549 1.1259557 33
-2.4489872 1.1826153 1.15732 47
-2.031502 1.1025637 1.186741 39
-1.458205 1.1043224 1.1433976 62
-1.3211339 1.1350254 1.1412346 28
-3.8105335 1.3823297 1.1507171 24
-3.456207 1.332837 1.1486727 30
-1.374005 3.0921021 1.1814482 17
-1.3434864 3.2255559 1.1737711 64
-1.3164557 3.380342 1.1712757 70
-1.2906119 3.4645686 1.1987239 51
-1.294029 3.548255 1.150782 59
-1.2569464 3.7357485 1.1679053 60
-1.2221923 3.9281721 1.1640942 51
-1.1865835 4.1516819 1.1637417 56
-0.42537493 4.539835 1.1904035 22
-0.32856295 4.5042763 1.1690154 22
0.33919322 9.2012939 1.197252 139
-2.1091766 -5.8199549 1.2257177 2
-1.9007396 -4.8373837 1.2082741 18
-1.8729728 -4.848608 1.2856716 14
-1.9809188 -4.7727289 1.2671448 17
-2.2531435 -4.6537132 1.2879945 16
-2.2405074 -4.38974 1.2903315 15
-1.9412653 -3.8164597 1.2400448 23.5
-1.7768204 -3.806025 1.2055955 11
-2.160816 -3.7864854 1.2113199 25
-2.0658026 -3.7858088 1.2407789 23
-1.8193802 -3.7007146 1.2386556 12
-2.0805261 -3.5835855 1.2382631 11
-1.9953617 -3.45965 1.2812126 11
-1.977616 -3.3382676 1.2425166 11
-0.31664681 -3.3977695 1.2585256 11
-1.9570159 -3.2199059 1.2547604 11
-1.8427705 -2.9056931 1.2559078 9
-1.9430271 -2.8308311 1.2474897 14
-1.8615414 -2.8021388 1.2707746 15
2.6735044 -2.810189 1.2808008 78
2.8797264 -2.8119552 1.2774531 103
2.2172494 -2.7405393 1.248217 77
2.3154335 -2.7395465 1.2453952 50.666668
2.7211206 -2.7852597 1.2219731 1
2.8314531 -2.7997541 1.2967747 28
-1.8649451 -2.6756747 1.2738149 8
-1.6998954 -2.682569 1.2253082 7
1.6728096 -2.6409018 1.2560263 87.5
1.7795714 -2.663094 1.2463132 80
1.9700505 -2.6648529 1.2106698 6
1.5690453 -2.5950239 1.2815464 107
-1.5488288 -2.3301358 1.2018194 23
-0.013119111 -2.3536708 1.2391998 103
0.010763114 -2.3656502 1.2414868 107
0.28794497 -2.3254349 1.2852247 125
3.0497463 -2.3720715 1.2146301 114
-1.5448215 -2.2902806 1.246121 13
0.67140228 -2.2183206 1.2166055 84
0.72223228 -2.2332056 1.21566 87
3.0497081 -2.2719908 1.230369 32
0.6735152 -2.1665545 1.2457571 34
-2.3094769 -1.942108 1.2052294 17
3.0413396 -1.9866629 1.267226 117
3.0410752 -1.8552594 1.283867 129.5
6.0049043 -1.8027289 1.2527457 108
3.037606 -1.7261372 1.2977593 124
6.0245624 -1.6824199 1.2619803 95
6.0603857 -1.566909 1.274178 99
3.7508297 -1.4193996 1.2866975 13
6.0505419 -1.4560242 1.2421657 99
6.0438662 -1.3615732 1.2199953 102
6.1050181 -1.3287203 1.286808 97
-1.9489368 -1.228949 1.2155229 4
6.0687513 -1.2558609 1.2368568 100
6.1328707 -1.2109628 1.2915021 95
-2.0483065 -1.1699364 1.2934231 4
-1.9839762 -1.1899499 1.2439886 6
3.5425761 -1.1625555 1.207316 6
6.0914645 -1.1511308 1.2516429 105
-3.1068525 -1.0905672 1.2954872 4
-2.7281771 -1.0618286 1.2522712 3
-2.0806966 -1.0819103 1.2111412 3
6.1356664 -1.0691819 1.2796273 97.5
6.1544776 -0.95661372 1.2854036 94.5
6.1785765 -0.84488285 1.2905822 92.5
6.1870565 -0.72931397 1.2972432 102
6.2154155 -0.7358405 1.2915729 89
6.2286973 -0.61756486 1.2855384 91
-3.5584757 -0.52777183 1.207222 1
-3.7737477 -0.48083994 1.2903689 48
6.2462077 -0.49855247 1.2778928 85
6.2615213 -0.38043907 1.2696506 88
6.2738976 -0.26223412 1.2586981 86
6.2905092 -0.14426015 1.2475711 100
3.999856 0.26429337 1.2828658 26
2.8265727 0.44710442 1.2301162 47
2.920069 0.43868896 1.2736813 51
1.9896202 0.58637434 1.2506011 53
2.2724109 0.54027873 1.2159572 53.5
2.405381 0.52703404 1.2987037 47
1.351982 0.6679275 1.2411726 10
1.73498 0.62430704 1.220042 48
1.8170284 0.61617893 1.2714087 50.333332
0.73941505 0.7720356 1.2475908 11
0.95144773 0.73449647 1.2326874 10.5
1.1613181 0.70759439 1.250489 7.5999999
-0.43990868 0.99099213 1.2604411 9
-0.38514858 0.99191743 1.2562762 10
-1.8350171 1.0942295 1.2036762 25
-1.7623639 1.0743555 1.2462674 43.333332
-1.6526219 1.0588253 1.2648172 40.666668
-1.4781402 1.0520473 1.2617531 63.333332
-2.0232644 1.113097 1.2305989 46
-1.9137353 1.1110435 1.2594345 25.5
-1.4707226 1.1085835 1.2166131 71
-1.369362 1.10561 1.2460163 34
-1.2046874 1.1413817 1.2756652 30
-1.1799175 1.1411101 1.2222236 31
-2.7747347 1.2257558 1.2479256 29
-2.676856 1.2293279 1.2783 37
-1.3438087 3.0489485 1.2743547 12
-1.3171582 3.1883616 1.2717544 63
-1.2852347 3.3588376 1.2664182 60.5
-1.2589668 3.5016003 1.2720203 60
-1.2287905 3.6893039 1.2755678 59
-1.1928804 3.877579 1.2750248 55
-1.1531004 4.0846691 1.2744762 49
-1.1111326 4.3137393 1.2764038 51
-1.0551175 4.383718 1.2889105 46
-1.0649529 4.5676136 1.278177 44
-0.33721781 4.5226798 1.290695 28
-0.90615231 4.7424531 1.2063563 14
-1.0114282 4.8400116 1.2762269 39
-0.91411561 4.8567004 1.2056851 16
-0.31663138 5.9363513 1.2095803 16
0.78631794 7.9802494 1.2092401 71
0.7364611 8.0475035 1.2088646 29
0.52627677 9.1714048 1.280185 129
-3.3137314 -10.028648 1.3533877 30
-2.7026992 -8.525548 1.3603042 2
-2.8657165 -8.4480934 1.3459253 2
-2.1112275 -5.8293839 1.361393 20
-0.61653268 -5.0729713 1.3433992 55
-1.9254996 -4.7065258 1.3251472 9
-2.2369857 -3.7748041 1.3145057 3
-2.0217326 -3.7001901 1.3003976 17
2.737299 -2.8177977 1.339551 85
2.177912 -2.7253246 1.3356924 75.5
2.2803848 -2.7367723 1.351169 70
2.6257291 -2.7921565 1.3654126 84.5
2.7982056 -2.7708228 1.3791736 93
2.8703678 -2.7768278 1.3383723 60
1.6374524 -2.6186028 1.3479912 57
1.744053 -2.6483564 1.333638 78.5
1.894448 -2.63322 1.3539602 60
1.3521374 -2.5588024 1.351889 81.333336
1.4028039 -2.563617 1.3768301 89
-1.5718315 -2.3102717 1.3210415 6
-0.043967217 -2.3454769 1.3365277 83.5
0.25118649 -2.383209 1.382988 103
0.32102153 -2.3479803 1.3221179 136
2.8967404 -2.2974362 1.3813052 106
-2.0059662 -2.1344967 1.3355713 65.5
2.9030912 -2.199405 1.3918494 120
-1.9811292 -2.0711994 1.3783633 37
2.9044137 -2.0992441 1.3975803 129
-2.0407271 -1.9856371 1.331929 106.5
-1.9883555 -1.9981019 1.3788964 86
3.0492988 -1.5722291 1.3221512 123
3.0458741 -1.4921468 1.3281639 123
3.0708644 -1.2784301 1.3625474 75
4.2530732 -1.289135 1.3833272 9
-3.0621307 -0.65884781 1.3203726 50
6.2032871 -0.62253565 1.3043704 103
6.228004 -0.51585698 1.3113296 97
-4.3505301 -0.44250539 1.3000575 0
6.2429066 -0.40724173 1.3157152 100
6.2647405 -0.29953659 1.3199003 94
6.2744613 -0.19170755 1.3193738 97
6.2728176 -0.083755895 1.3162435 67
4.0464034 0.26010787 1.3312702 28
3.0333183 0.42622134 1.3538661 48
3.124517 0.41569912 1.3909966 44
2.0853803 0.5786196 1.3406129 52
2.3731639 0.52551746 1.3148521 59
-4.4693179 0.65810347 1.3906803 39
1.3437573 0.67722589 1.355265 24.666666
1.4143879 0.66718698 1.3507152 21.5
1.8929402 0.60866672 1.3555254 46
0.7319352 0.78276747 1.3527107 10.666667
0.95827717 0.74528414 1.342329 10.75
1.1745857 0.71096522 1.3551711 9.5
-4.385622 0.85039771 1.3620512 21
-4.3526273 0.94711202 1.3507134 19
-0.3938767 0.99731153 1.3533661 25
-1.8470343 1.097628 1.3359648 41.5
-1.7575426 1.0838132 1.3613292 42.333332
-1.545149 1.046327 1.3660144 38
-1.4261281 1.0723169 1.3581364 77
-1.2521867 1.0961075 1.3968446 50
-2.2159882 1.1543067 1.3336705 44.5
-2.0027306 1.1317276 1.3224605 28
-1.9584906 1.1159939 1.3521006 39.5
-1.8787364 1.1117512 1.384995 35
-1.4138297 1.1152561 1.3145583 54
-1.237247 1.1309025 1.3478866 73
-1.1407073 1.1291015 1.3788606 43
-3.0661366 1.2791876 1.3932267 29
-4.3124499 1.4670168 1.3181039 20
-3.8922338 1.4160106 1.3114655 25
-1.2975212 3.1897461 1.3100764 59
-1.2680982 3.2245834 1.3863409 11
-1.2718031 3.321929 1.3187258 59.5
-1.2378458 3.5061164 1.31382 55
-1.208066 3.7000337 1.3224387 53
-1.1700213 3.8872826 1.3225744 53
-1.1293395 4.0955071 1.3260411 50
-1.0513405 4.2883949 1.3739114 48
-1.0841258 4.3164659 1.3276942 49
-0.34549844 4.473084 1.3945574 23
-1.0361148 4.5764256 1.332821 44
-0.43463027 4.5381875 1.3061379 28
-0.98142177 4.8479939 1.3358165 36
-0.94448954 4.9415565 1.3798422 47
-0.92167348 5.1594348 1.3419197 26
-0.85412425 5.5206027 1.350546 21
-0.58929205 6.9566689 1.3887619 4
-0.45576936 7.4782376 1.3291501 25
-0.15519199 8.945508 1.3964554 4
-2.7529404 -8.845273 1.4779409 1
-2.7128952 -8.1353188 1.4774824 1
-2.7674446 -8.0497465 1.4683661 3
-2.2478464 -6.214016 1.4433261 0
-0.34903747 -3.8583395 1.4174213 10
2.1299291 -2.7089095 1.4560826 47.5
2.2437243 -2.7243395 1.439182 75
2.5860035 -2.7822266 1.4538369 89
2.6744175 -2.7944317 1.4522555 89.5
2.7414191 -2.740799 1.4555537 102.5
1.728454 -2.618907 1.4389559 22.666666
1.9709129 -2.643321 1.42576 22
1.0967753 -2.5240493 1.4537573 97
1.1720039 -2.5444553 1.4618411 85
1.4555397 -2.5688195 1.4544709 49
1.6217774 -2.593406 1.4684423 89
0.6603452 -2.4308362 1.4531074 42
-0.073126666 -2.3456666 1.441089 25
0.25865778 -2.3925893 1.4530015 50.666668
-1.9655534 -2.1756446 1.4728794 17
-1.9713305 -2.015178 1.420612 22
2.9166956 -2.0124536 1.410252 29
-2.3532906 -1.9396148 1.4823284 56
-2.2418418 -1.9482663 1.4420969 85.5
-2.1319444 -1.9641165 1.4480103 87.5
-2.0513413 -1.9793948 1.4301041 89
-1.9741799 -1.9870631 1.4658118 11
-2.2791471 -1.7856805 1.4347122 13
2.9215329 -1.7380782 1.4258008 139
2.9284663 -1.6551784 1.4323732 129
4.3755174 -1.5141025 1.4088037 15
2.9482934 -1.3344327 1.4492512 132
3.273114 -1.3033518 1.4792413 37
2.9568629 -1.2606633 1.453818 95
-3.051616 -0.63678145 1.4507811 52
-3.2569242 -0.58686984 1.4226594 60
-4.1130047 -0.43925247 1.4183003 18
-4.6554804 -0.37122831 1.4052852 0
-4.6940312 -0.2689572 1.4255219 54
-4.8452754 -0.059865043 1.4884434 7
4.4472818 0.20931678 1.4779464 19
3.2592912 0.39772224 1.4905093 45
1.9932004 0.5998956 1.4598118 52
2.1828532 0.57006782 1.4051989 50
2.2062674 0.56823039 1.4843585 51
2.5408955 0.51459551 1.4235079 59.5
1.3645211 0.68081659 1.4407407 29.25
1.4386806 0.66937715 1.4439029 25.5
1.9808598 0.60334456 1.453432 49.5
-4.4971056 0.76727122 1.4000032 13
0.72626781 0.79373556 1.4501005 11
0.96331042 0.75171584 1.4467322 19.333334
1.1867112 0.71207929 1.4416752 42.333332
-4.3064337 0.86360663 1.4988134 36
0.49918157 0.8780477 1.4247531 15
0.52115655 0.89771444 1.4168135 64
-4.3018265 0.96234024 1.4927818 19
-0.29846817 0.98882449 1.4498708 46
0.51026374 0.9119724 1.4153991 26
-1.6060454 1.0594766 1.4454368 47
-1.5077536 1.0504519 1.4992588 37
-1.4456109 1.0342369 1.4091424 36
-0.40335947 1.0037413 1.4594203 1
-0.29520336 1.0017948 1.4009676 24
-2.4293773 1.1926585 1.4459519 36
-2.106108 1.1628319 1.4164531 0
-2.0657933 1.148138 1.4700594 7
-1.9420615 1.1227996 1.4774029 46
-1.8605379 1.1169993 1.4986529 27
-1.7848371 1.1009353 1.4115334 34
-1.2899212 1.1023366 1.4673001 51
-1.176931 1.137364 1.4550757 32
-2.9495697 1.2855507 1.4234563 35
-2.4171567 1.2068287 1.4976211 15
-1.0457312 4.1797786 1.451369 48
-0.44185549 4.5122566 1.4166601 23
-0.93976825 4.8048038 1.4701691 46
-0.46223277 7.1933379 1.4619656 24
0.3241657 9.2143841 1.4277689 130
-0.48707795 -5.0537968 1.5482179 131
-1.7361889 -2.8960724 1.5108877 77
2.208885 -2.7119417 1.5280259 20
2.3925164 -2.7058628 1.5719934 12
2.5505991 -2.7728486 1.5448165 53.5
2.6205399 -2.775223 1.5691652 65
2.6639388 -2.69012 1.5527616 54
2.7219675 -2.6929297 1.5453254 29
1.0645419 -2.5100698 1.550637 91
1.141618 -2.5329223 1.5575655 87
1.6851101 -2.5893865 1.5325077 47
2.7238758 -2.5768936 1.5536063 83
0.63755506 -2.4316449 1.5242553 15.5
2.7362137 -2.4780188 1.5695521 104
2.7323418 -2.3619058 1.5723046 123
2.7416959 -2.2660024 1.584095 33
-1.9531127 -2.1286163 1.5156058 3
2.7426186 -2.0649254 1.5945766 118
-2.3752358 -1.9187769 1.5885119 88
-2.294991 -1.9343864 1.5266241 77
-2.1911764 -1.947939 1.5447421 87
-2.0018792 -1.9883839 1.5321101 0
3.1452003 -1.2739123 1.5681711 18
-3.4656904 -0.54381883 1.5277468 50
-3.2539868 -0.56712705 1.5610268 59
-4.4491401 -0.38081914 1.544202 25
3.3732541 0.38705432 1.5328367 36
2.680495 0.4962765 1.5609143 52
2.7143509 0.49741098 1.5307813 49
2.0939116 0.59327078 1.5495093 50.5
2.3086393 0.5611645 1.520949 47
-4.4103422 0.68543804 1.5416027 46
1.3875475 0.68363923 1.5369254 31.666666
1.4461325 0.67515022 1.5617481 29.333334
-4.4313879 0.78939843 1.5473745 9
0.72384423 0.79517686 1.5192163 43
0.96973962 0.75698406 1.5404586 44.333332
1.196745 0.71352714 1.5045441 45
1.2072052 0.71598911 1.5587988 36.666668
0.71855646 0.80253553 1.5775225 44.5
-0.30207559 0.99286509 1.5258396 39
-0.25673008 0.9855864 1.5401462 35
-1.6720059 1.0756948 1.5325797 38
-1.5765997 1.0668939 1.5978607 33
-1.3408101 1.0620949 1.5826113 78
-1.2001871 1.0853916 1.5308669 47
-0.25424254 1.0084472 1.5011342 25
-1.9282621 1.1229742 1.5196759 54
-1.3330499 1.1119759 1.5453236 73
-1.1930341 1.1180151 1.5000713 75
-3.4097652 1.3388736 1.5630072 25
-3.2642105 1.3431022 1.5906637 28
-4.9150319 1.5594453 1.5186635 1
-4.4337234 1.5160413 1.512458 21
-1.0347238 3.9602239 1.5923012 48
-1.0390292 4.0629106 1.5211002 45
-0.352732 4.4845362 1.5163355 29
-0.45128316 4.5096679 1.5344149 24
-0.93559235 4.6730919 1.5564779 46
-0.46930647 6.921217 1.583364 28
0.51580769 9.1821499 1.5100746 124
0.86546171 9.1417665 1.5861937 98
0.93199772 9.1345406 1.5957682 67
-2.982362 -8.4561758 1.66292 23
-0.32499033 -4.1690068 1.6299369 14
2.4877102 -2.7284639 1.6733406 73.5
2.5354986 -2.7147133 1.6968645 106
2.0642619 -2.6820915 1.6409487 76
2.1666217 -2.694473 1.6502037 73
2.5684133 -2.6175067 1.6683208 102
1.0342607 -2.5050805 1.6550896 18
1.1135427 -2.5243979 1.6577182 25
1.5349663 -2.5849769 1.6619347 86
1.7554305 -2.5964634 1.6050026 2
-2.3476765 -1.9182645 1.6724262 90
-2.2728348 -1.9378802 1.6103266 91
2.7503538 -1.9760116 1.6036236 117
-2.45278 -1.8983457 1.6485481 85
2.7594535 -1.8911163 1.6140825 29
2.7698584 -1.5501884 1.6310363 129
2.7773211 -1.4732826 1.6387575 136
2.7816687 -1.3568327 1.6437693 134.5
3.5963171 -1.3720227 1.6642755 27
2.7902215 -1.2454504 1.6515478 140
-3.7197719 -0.49653861 1.6550522 22
-4.6229968 -0.29677108 1.6122479 32
-4.6253347 -0.19656765 1.6171499 52
-4.7744379 -0.09868332 1.6741821 10
-4.7678552 0.0050816382 1.6741247 57
3.5516667 0.36599004 1.6658221 41
3.6605639 0.3528432 1.6964978 42
2.9003246 0.47561252 1.6687714 45
2.0782151 0.59911484 1.607834 49
2.2064791 0.5846709 1.6469843 41
2.3263402 0.55574191 1.6031197 44
2.4583254 0.55289155 1.658016 48
1.4360107 0.68106025 1.6519279 31.5
1.5087992 0.67179132 1.695824 31
0.97829026 0.76450616 1.6551746 37.666668
1.222682 0.71849823 1.6443094 38
0.7143203 0.80936009 1.6602056 22
-0.25854501 0.9868446 1.6202782 36
-0.18414876 0.96203226 1.6881055 92
-1.7507802 1.0966589 1.6327337 34
-1.3773855 1.037408 1.6604218 52
-0.45906678 1.0388942 1.6790653 24
-0.30663568 1.0009111 1.6127652 39
-0.18919338 1.0089252 1.6783028 27
-1.9639999 1.1471088 1.6114839 23
-1.2511761 1.1021075 1.6298771 43
-1.0368818 1.1262743 1.6202874 40
-2.699122 1.2565113 1.6213307 1
-1.0301003 3.8574033 1.6585149 51
-0.9297269 4.5262794 1.6318822 49
-0.36295938 4.5801229 1.6706486 15
0.30996719 9.2364769 1.6603621 142
-0.49960577 -5.1576643 1.7027845 3
-1.938769 -3.2727396 1.7879537 150
-1.9516808 -2.9755435 1.7516997 58
2.462806 -2.7292309 1.7522582 99
2.0309169 -2.6619277 1.7322586 72
2.1368833 -2.6816494 1.7435604 74
2.4794841 -2.6656547 1.7663035 102
2.5669541 -2.6900284 1.7181872 126
1.5177984 -2.5816152 1.732228 20
2.5421424 -2.5816145 1.7371302 72.666664
2.6030679 -2.2532682 1.7371249 121
0.56212962 -2.1843915 1.7136106 35
2.609993 -2.1523998 1.7408266 112
2.6258395 -2.0637748 1.7508171 23
-2.582612 -1.9153513 1.7475544 72
-2.428266 -1.8992381 1.738603 84
2.6520925 -1.6539342 1.7556341 123.5
-2.8297293 -1.5093772 1.7233139 13
2.6599331 -1.5276505 1.7560267 116
-2.9635367 -1.4525328 1.7678927 7.5
-2.8752146 -1.4993106 1.7948114 22
2.6688364 -1.4479001 1.7586031 130
-3.1668606 -1.3463907 1.7532282 6.25
2.6805017 -1.3722097 1.763989 124
3.5153666 -1.36124 1.7933888 9
-3.138104 -1.2497947 1.7556589 13.8
2.6883011 -1.2554502 1.7634799 122.5
2.8715565 -1.2136778 1.7130504 44
-3.0888286 -1.1127723 1.7348384 20
-3.0728173 -1.0218449 1.7312663 18
-3.0609617 -0.93590361 1.7305022 18
-3.0457952 -0.85097301 1.7275001 17
-3.0397508 -0.76901221 1.7306634 6
-3.0688736 -0.61796284 1.7600169 70
-2.9950187 -0.67917627 1.708884 80
-3.9843082 -0.43820775 1.7882302 23
5.0393887 0.14423287 1.7145908 16
2.8783479 0.47793996 1.7178634 48
2.1933572 0.5893681 1.737703 46
2.2150905 0.58306086 1.7037774 42
2.3460662 0.57655787 1.7946881 49
2.4792507 0.54451662 1.7512256 51
2.6121068 0.53455955 1.7993261 45
1.4499215 0.68822581 1.7616266 33
1.5331637 0.67483664 1.7697526 31
0.98512053 0.76880002 1.7535828 37.5
1.2447016 0.72241366 1.7581208 37.25
0.71108079 0.8279258 1.7734071 55
-0.31608623 0.95649934 1.755495 53
-0.23362195 0.95952868 1.7139332 57.5
-0.18778759 0.92713034 1.7170017 58
-1.6554526 1.0876805 1.7096536 32
-1.4403012 1.0545839 1.767988 46
-1.3098285 1.0283616 1.7771984 43
-1.2948799 1.0607625 1.7370098 81
-1.0999942 1.0843728 1.7986586 68
-0.675623 1.0584797 1.7743475 44
-0.50734907 1.0379472 1.7832547 38
-0.43128106 1.0114248 1.7465602 62
-0.31028906 1.0039579 1.7007757 40
-1.8447558 1.1235709 1.7517174 48
-1.2911978 1.1025048 1.7138758 87
-1.0803068 1.1260326 1.7362211 64.5
-0.9841128 1.1120461 1.7898736 46
-0.77848846 1.1041603 1.7960956 18
-2.7539024 1.3070116 1.7269671 10
-1.0221978 3.6556678 1.7837359 50
-1.0253265 3.7524784 1.720786 48
-0.92234129 4.2767086 1.7811247 49
-0.92562777 4.39749 1.707057 48
0.50517589 9.193902 1.7419542 122
-3.1334763 -10.019044 1.8119336 59
-0.36341053 -4.7940807 1.8557863 3
-1.658211 -3.8938179 1.8061254 1
-1.9557339 -3.2689955 1.8838097 60
-1.950693 -2.932133 1.8137493 56
-1.9447178 -2.8781147 1.8688303 46
2.4311924 -2.703553 1.8045818 106
2.0182593 -2.6625597 1.8046707 21
2.1090181 -2.666862 1.8377249 19
2.4211535 -2.656888 1.8525608 25
2.4674771 -2.5281825 1.8426932 69
2.4738331 -2.4107018 1.878324 124
0.13511755 -2.3401923 1.8362602 63
0.48324803 -2.3858535 1.8886755 42
2.4826863 -2.3058679 1.8807119 27
-2.5550179 -1.9158448 1.8420026 46
2.5145705 -1.916472 1.8891867 118
2.521641 -1.8266139 1.89033 130
2.5279434 -1.7387452 1.890801 131
2.5334775 -1.6528656 1.8906 115
-3.1710365 -1.5480472 1.8876464 4
-2.8655348 -1.5175697 1.8846204 44
-2.7506325 -1.5585668 1.8423501 41.5
2.5432415 -1.5720463 1.8945836 127
-3.0285671 -1.4343469 1.8635194 7
-2.9252102 -1.4910547 1.8719999 29
2.5543585 -1.451616 1.8971329 125.5
3.894953 -1.4123436 1.8348352 24
2.5632429 -1.3331534 1.8976411 126
-3.1507943 -1.2654471 1.8220854 5
-3.1345084 -1.1693832 1.8228863 4
2.7814229 -1.1857793 1.833186 42
-3.1473424 -1.0064778 1.8977906 0
-3.1386795 -0.8357054 1.8996992 0
-3.0177536 -0.64296114 1.8277308 26
-3.8810709 -0.55075169 1.8929404 4.5
-3.2131968 -0.56652665 1.8551592 28
-3.0268757 -0.56724364 1.837431 104
3.9139187 0.32693639 1.8832978 30
3.1417725 0.45498371 1.8485975 47
2.3450806 0.57743692 1.8780342 47
1.4766922 0.69009644 1.8610644 33
1.5551615 0.67491168 1.8415396 31
0.99237508 0.77139437 1.8410159 35
1.2759317 0.72880542 1.8826606 32
0.69787085 0.82649982 1.8429607 48
0.71081352 0.82114738 1.8582728 39
-0.52055603 0.97653621 1.8623519 8
-0.43948483 0.9722423 1.8207866 10
-1.5121924 1.0744979 1.8909144 49
-0.7957052 1.0927581 1.8674886 41
-0.69773138 1.0376663 1.8839631 70
-0.51200819 1.0008084 1.8100721 90
-1.9293543 1.1399252 1.8605747 4
-1.7487597 1.1139612 1.8402853 35
-3.8920093 1.4342383 1.8024582 22
-3.6806302 1.4263182 1.8110923 33
-1.0133842 3.4515061 1.8930444 47
-1.0169564 3.5485046 1.8370765 44
-0.92100662 4.165956 1.8559859 50
0.85363936 9.1501598 1.8169726 92
0.92163277 9.1341505 1.8226815 82
0.29484376 9.2285709 1.8918825 106
-2.0538838 -5.2367935 1.9866927 2
-1.7181151 -4.0190353 1.9671211 33
-1.6648145 -3.8113198 1.9758034 31
-1.9807597 -3.2800717 1.9891241 49
-1.9218327 -2.793366 1.9031608 33
-1.8977736 -2.7077188 1.935541 16
-1.8721143 -2.6193068 1.9609375 4
1.9623276 -2.6136689 1.9718983 19
2.0707612 -2.6312783 1.9316339 9
2.2548563 -2.6463642 1.9553109 76
0.95236075 -2.4637465 1.9388084 87
0.10825982 -2.3277316 1.9115152 32
0.4569481 -2.3805373 1.9690704 12
0.53696191 -2.3746834 1.9348584 114
-2.0319073 -1.9713651 1.9567709 27
-2.818193 -1.5362178 1.9411281 41
2.4439962 -1.5493366 1.9991497 123
-3.1129644 -1.4018546 1.9910153 8
-3.078316 -1.4232305 1.9318405 8
-2.9708614 -1.481216 1.955616 39
-3.2293611 -1.3018799 1.9387798 0
2.4708891 -1.3522346 1.9998496 125.5
3.7460768 -1.3657464 1.9315976 32
4.0637774 -1.385781 1.9335824 17
-3.2380643 -1.2209725 1.9494448 0
2.5728004 -1.2593435 1.9002842 135
3.1852081 -1.2924261 1.9482013 8
-3.2427409 -1.1573105 1.9398985 0
-3.1838994 -1.105366 1.9175297 0
2.489542 -1.1609546 1.9931252 120
2.5774302 -1.182438 1.9008965 126
2.6591301 -1.1506582 1.9721777 46
-3.1184399 -1.0543875 1.9794126 1
-3.1355419 -0.94781518 1.9378152 4
-3.0984962 -0.92412937 1.9872911 5
-3.9530606 -0.42006731 1.9360995 11
-4.390101 -0.37916145 1.9892361 28
5.7290807 0.054991383 1.9963446 22
4.0444274 0.31220639 1.9139562 33
3.1160996 0.45653227 1.9067445 48
-4.2662749 0.57137555 1.9769568 7
2.4986098 0.56324863 1.9562527 43
2.6525011 0.52987725 1.919962 49
2.8122387 0.51750946 1.9818915 38
-4.1727462 0.66388541 1.934222 68
1.4931563 0.69111514 1.9432063 35
1.5453166 0.68363905 1.9354243 32.5
-4.1157045 0.7575742 1.9089352 79
0.99706995 0.78041941 1.9399303 37
1.006701 0.77775007 1.952992 29
1.2823176 0.72975707 1.9531497 35
-4.1083922 0.86150324 1.9064378 61
0.69150239 0.83589578 1.9590011 44
0.70823109 0.82999724 1.9665766 32
-0.072398625 0.98784447 1.9457536 6
0.069301888 0.95981532 1.9932479 32
0.14177795 0.93597484 1.970292 70
-1.3774508 1.0466343 1.9079407 39
-1.1793884 1.0918314 1.9997356 83
-1.034903 1.0886496 1.9483165 74
-0.81371987 1.0529968 1.9446156 59.5
-1.8598324 1.1458445 1.9935 18
-1.1472338 1.1003519 1.9154232 53
-1.0298489 1.1344157 1.9203691 46
-2.6872532 1.2708045 1.9991561 6
-1.0114604 3.3575225 1.945819 47
-0.91591758 3.9303565 1.986912 54
-0.91791242 4.0421433 1.9200168 55
0.49538457 9.207655 1.9759058 124
-1.861333 -10.203629 2.0988684 12
-3.131259 -9.9652739 2.0325835 128
-2.8765707 -8.42945 2.0833762 14
-2.8703263 -8.1456041 2.0467515 23
-1.6362294 -3.6777401 2.0130208 44
-1.6209013 -3.5851142 2.0675621 89
-1.949452 -3.1774032 2.0311675 44
-1.9154869 -3.069814 2.0663786 31
1.9418566 -2.6098833 2.0014715 8
2.0419657 -2.6131268 2.0550811 8
2.1487744 -2.621501 2.0093839 41
2.3225448 -2.6118386 2.0169456 135
1.4351598 -2.5417976 2.0938258 75
1.5329304 -2.550436 2.0774071 75
2.3381479 -2.5023499 2.0174208 29
0.92283523 -2.4496984 2.0539379 61
1.0106523 -2.4703612 2.0399866 79.5
2.2486942 -2.4480314 2.0786638 91
0.51481807 -2.3842127 2.0272682 56
2.2786453 -2.32372 2.0558977 87
2.30937 -2.3615429 2.0166454 88
2.2496669 -2.2859371 2.0937517 85
2.3137841 -2.0528173 2.0921454 118
-2.2127316 -1.916092 2.0762007 35
-2.1842639 -1.9289349 2.0042922 21
-2.0515308 -1.9515039 2.0292015 51
2.3642104 -1.9507846 2.049669 121.5
2.3439236 -1.8235366 2.0890388 125
2.4099197 -1.8503625 2.0054579 123
2.3527102 -1.7337958 2.0856481 123
2.4242501 -1.7163848 2.002007 117
2.3678157 -1.6531403 2.0899734 125
2.4345896 -1.6327331 2.0016627 114
-2.9168904 -1.5042773 2.0187149 46
2.3721607 -1.565345 2.0810616 129
-3.0419323 -1.4627228 2.05828 29
2.3897066 -1.44578 2.0827465 134.5
2.4578056 -1.4707617 2.0023084 119
-3.1819739 -1.3957559 2.0730829 9
2.402848 -1.3281443 2.0803242 123
3.9801371 -1.3605134 2.0722101 5
2.4497662 -1.2455621 2.0414667 128.5
3.031055 -1.2298895 2.0352802 26
3.3731241 -1.2922721 2.0887866 18
2.4275665 -1.1412811 2.0806742 115
2.5918877 -1.1381718 2.0891895 38
-3.1112077 -1.009249 2.0072799 3
-3.0647569 -1.0821158 2.0577488 6
-3.4791203 -0.52646041 2.02774 38
-3.319659 -0.54374141 2.0351768 27
-4.4468489 -0.27589554 2.0240648 71
-4.393271 -0.16519105 2.0059638 68
-4.4345469 -0.060008869 2.0315285 70
-4.5139537 0.049366184 2.0756559 40
5.7651539 0.050672576 2.0007701 21
3.4363749 0.42855638 2.0682483 48
2.4967299 0.56977004 2.0802612 52
2.5129278 0.56091905 2.031826 51
-4.1686163 0.65804219 2.0744188 47
1.5284753 0.69231689 2.0368135 30.5
1.6079282 0.67603993 2.0067494 31
-4.0974689 0.74615443 2.0376565 93
1.0122256 0.78530037 2.0583873 34
1.316753 0.73392582 2.0682106 27
-4.0663404 0.84150124 2.0217462 79
0.68406117 0.84432721 2.0844715 42
0.70514905 0.83803713 2.0856555 29
-4.0900793 0.94988799 2.0345492 55
-0.11333223 0.98481292 2.0448742 66
0.034441598 0.95207262 2.0895548 50
0.1083869 0.93830776 2.081346 40
-1.4610991 1.0724058 2.0643921 43
-1.2119915 1.0285844 2.0974715 48
-1.1839825 1.0465099 2.0216627 74
-1.0756842 1.0928746 2.0642848 37
-1.5982717 1.1015097 2.0347536 47
-4.4798098 1.5401201 2.0928211 16
-4.1986842 1.5261341 2.0857251 16
-6.6105733 1.9568359 2.0759051 96
-1.0121979 3.2788537 2.005028 11
-0.91344279 3.8165429 2.0478368 56
-0.50119323 5.7693124 2.0885525 25
0.25772259 8.8996563 2.0513468 82
0.84364945 9.1625528 2.0499101 91
0.91372991 9.1487684 2.0567887 81
-2.2249882 -10.158 2.1281614 48
-2.9656947 -10.032395 2.1648836 3
-3.1266019 -9.6901627 2.1030242 26
-2.7991226 -7.8372383 2.1579523 14
-0.3377049 -5.320857 2.1895344 0
-1.885728 -2.9701514 2.1022952 6
1.9417317 -2.6175981 2.1535621 86
2.0374734 -2.6229925 2.1776257 81
2.2422504 -2.6339231 2.1067843 22
1.4195836 -2.5314288 2.1703162 80
1.5220432 -2.5490248 2.1570299 75
0.89392579 -2.4356399 2.1748657 17
0.98511499 -2.459147 2.1565638 63
2.1761706 -2.4122775 2.1683257 101
2.2051821 -2.4518845 2.1259775 87
0.49191746 -2.3847935 2.1146405 5
2.1815486 -2.3272829 2.1750054 81
2.2125061 -2.3712869 2.1394057 85
2.1944046 -2.2084234 2.1684666 75
2.2235022 -2.2417746 2.1547198 96
2.226192 -2.1290164 2.1831684 113.5
6.2086763 -2.1098826 2.1053004 82
-1.7108498 -2.0264232 2.1285076 42
2.2406373 -2.0339847 2.1806705 105
-2.244576 -1.9039928 2.15291 53
-2.083663 -1.943294 2.11676 57
2.2532663 -1.9384289 2.1757398 105
2.2668219 -1.8488717 2.1733456 114.5
6.2728162 -1.8597016 2.1581898 72
2.2782021 -1.759274 2.1688893 126
6.2949152 -1.7309904 2.1784577 94
2.2776475 -1.6691997 2.1766584 128
2.300638 -1.6761148 2.153023 128
6.3254848 -1.605399 2.1999774 89
-2.9248791 -1.5224371 2.1597075 46
2.2886884 -1.5845696 2.1723838 116
2.3136327 -1.536477 2.1582749 123.66666
-3.141474 -1.4217597 2.162792 22
-3.0755036 -1.4492366 2.1051099 34
2.3269658 -1.4298482 2.1616318 127
-3.2704647 -1.3966303 2.1709273 11
2.3334053 -1.3481369 2.1542444 131
2.3516982 -1.2481149 2.1490448 125.33334
2.3593957 -1.1472144 2.1558959 130.33333
2.8625774 -1.1766089 2.1598334 58
-3.1008863 -0.66424793 2.1074314 25
-4.4357939 -0.26306027 2.1951525 133
-4.3493295 -0.1537095 2.1539819 128
-4.3577957 -0.049126748 2.1609361 114
-4.4258313 0.054775566 2.1998353 42
4.4342728 0.2815499 2.1920407 30
4.5305004 0.26006764 2.1893625 33
3.4081833 0.42867866 2.139858 47
2.6911845 0.54932821 2.1598904 45
2.8709948 0.51428354 2.1325407 39
1.560859 0.69593203 2.1435807 28.5
1.6410955 0.67807722 2.104563 28
1.0244509 0.79260683 2.1854501 30.5
1.3264118 0.73732626 2.1461332 29.5
-0.3348648 0.97822243 2.178441 77
-0.22659297 0.96202928 2.1692345 40.333332
-0.17667043 0.96859074 2.1593578 39
-0.43686944 1.0420784 2.1943669 49
-0.34850991 1.0281535 2.1646683 54
-0.26362616 1.0146013 2.1488278 51
-1.6805167 1.1172426 2.1741183 48
-1.1229876 1.100294 2.1987538 97
-2.6210532 1.3113178 2.124866 7
-3.4922724 1.4450005 2.1345272 105
-0.91083974 3.5999267 2.1634185 54
-0.91268307 3.7047412 2.105597 55
-0.50641358 5.5571556 2.1673067 34
-3.1302786 -9.916481 2.2551613 48
-3.0490003 -9.6226349 2.2253175 23
-2.6857657 -7.3981247 2.2180889 22
-2.5869682 -7.0103817 2.2757225 28
-1.6923658 -3.7271383 2.2543473 13
1.9293495 -2.610919 2.2300117 85
2.0272791 -2.6178794 2.2531297 92
1.4054108 -2.5200672 2.2485521 59
1.5085297 -2.5386076 2.2308209 71
0.87583899 -2.427284 2.2590411 0
0.96838057 -2.4463596 2.2331493 46
-1.6888274 -2.3017027 2.2797499 27
2.1319318 -2.3478708 2.2276006 80.5
2.0867274 -2.2784684 2.2819641 65
2.1462226 -2.2414825 2.238946 68.25
2.1578929 -2.1518693 2.2256951 57
2.119518 -2.0903111 2.2775841 34
-2.1318698 -1.9249723 2.2495489 74
-1.738268 -1.9975679 2.2371929 74
-2.2741768 -1.8880135 2.2286735 67
-3.1947784 -1.4160689 2.2797909 34
-3.0308633 -1.4874496 2.2490602 46
6.3489594 -1.4777147 2.2188044 91
-3.3524179 -1.3908204 2.2650945 11
-3.2456908 -1.3963436 2.2775726 15
6.3866186 -1.3532234 2.2415953 92
3.3255079 -1.2791097 2.2727997 10
6.4143124 -1.2256081 2.2589192 92
2.4783177 -1.1044202 2.2448952 39
2.5837376 -1.1101738 2.2406037 23
2.4475219 -1.0950688 2.2624581 38
6.4434075 -1.0990143 2.276217 91
6.4767475 -0.97248369 2.2934277 91
-3.5926604 -0.50047892 2.2192178 31
-3.8054996 -0.48143137 2.2374985 23
-4.4930644 -0.37604111 2.2207234 2
2.7132225 0.54720044 2.2520859 46
3.0681763 0.50161612 2.2160854 42
1.6844001 0.6830641 2.2235076 33
1.3361076 0.73919493 2.2367549 32
1.5939071 0.70107359 2.2761128 30
1.6090137 0.70195639 2.2607331 28
0.6764639 0.85683143 2.2340951 36
0.70188564 0.84933019 2.2199123 28
-0.025621513 0.97954768 2.2710819 48
0.066391423 0.95304227 2.2305267 38
-1.5474718 1.0942897 2.2286804 43
-1.2868509 1.0552871 2.2742879 59
-1.12554 1.0444541 2.2189453 77
-0.90248257 1.0833936 2.2870054 66
-0.57888198 1.0143538 2.2877252 58
-0.47133279 1.0275278 2.2162197 55
-3.7472188 1.4458188 2.2984061 33
-3.4561615 1.4600902 2.20294 117
-6.5188866 1.9483455 2.2811875 150
-0.90950423 3.3943045 2.2718217 50
-0.91086799 3.4981327 2.2200651 56
-0.5141263 5.376019 2.2471709 36
0.24312308 8.8957539 2.27689 126
0.83508289 9.1869555 2.2899752 88
0.90753073 9.1743889 2.2950246 59
0.48636952 9.2264128 2.2129171 128
-2.2382588 -10.114645 2.3525927 63
-2.9571233 -9.2575636 2.3317266 23
-2.4939997 -6.647553 2.3256614 26
1.9197034 -2.6045492 2.3103678 82
2.0175793 -2.6097875 2.3276899 96
1.391772 -2.5106993 2.3303571 40
1.4908423 -2.5264378 2.3492165 52.5
1.9477232 -2.5773351 2.3787665 84
0.95172966 -2.4414361 2.3187973 24
0.32709065 -2.3218994 2.391506 16
-1.6683359 -2.2189519 2.3029745 36
2.0621371 -2.2379341 2.3219366 45
-1.6468669 -2.137217 2.3262897 43
2.0445626 -2.1566608 2.3600144 30
-1.6247665 -2.0525274 2.3426158 47
2.0669937 -2.0465286 2.3521812 19.666666
6.3285251 -2.0765491 2.3441918 83
-2.3536417 -1.9166372 2.3582919 73
-2.1836228 -1.9055382 2.3890607 79
-1.7631313 -1.983457 2.3193777 76
2.0526061 -1.9683701 2.3814986 6
6.359726 -1.9336175 2.3590078 87
6.3837008 -1.7894487 2.3684185 85
6.4225445 -1.6489246 2.3822737 85
6.4463654 -1.5058153 2.3888791 62
-3.2748973 -1.403746 2.3836374 11
-3.1477094 -1.4526545 2.3473577 48
-3.4116514 -1.3234861 2.3816519 15
-3.3905618 -1.3633059 2.3599043 29
3.6568363 -1.3235697 2.3009262 39
6.4850559 -1.3663509 2.3999281 28
3.1099691 -1.2111945 2.3882239 30
2.8521068 -1.1926101 2.3484635 24
6.5050845 -0.84489393 2.3071988 90
6.5348387 -0.71732575 2.32094 90
6.5546565 -0.58662748 2.3306282 93
6.5979199 -0.4572522 2.3462055 86
6.6390829 -0.34589893 2.3753777 84.5
0.57672262 -0.26023406 2.3702512 6
6.6809068 -0.22225308 2.3902991 85
6.640975 -0.19593509 2.3591409 85
6.6577301 -0.071128041 2.3627722 63
0.60236573 0.24332257 2.3681808 5
3.80353 0.39602685 2.3407094 34
3.1375761 0.49470004 2.3931682 41
2.6943512 0.55677158 2.3033381 49
0.65578097 0.63514209 2.3551612 52.5
1.7234098 0.68309617 2.3372538 26
0.67416662 0.7318958 2.3566256 54.5
1.0465614 0.79865271 2.316448 29
1.3727783 0.74779463 2.3528752 29
1.6450571 0.7011919 2.3740776 27
0.6769942 0.83011591 2.3628483 74.5
1.0304065 0.80257386 2.3366239 32
-0.34125656 0.97729349 2.3093779 44
-0.23973413 0.967116 2.3585029 55
-0.17713839 0.95682502 2.3561375 54
-1.1615657 1.0285484 2.3223901 34
-0.79859251 1.0661907 2.3610094 69
-0.54607856 1.0691559 2.3806789 36.5
-0.46201536 1.0283093 2.3556292 43
-0.34504735 1.0367613 2.3260036 43
-0.2425192 1.0226721 2.3702762 37
-1.7619652 1.1269183 2.3126841 8
-2.1355228 1.2224456 2.369709 28
-3.7385449 1.4747218 2.3919132 32
-7.391119 2.0115316 2.3367567 9
-6.732862 2.1770797 2.3491609 48
-0.91027361 3.2995145 2.3263681 23
-0.52698624 5.0226712 2.3925228 41
-0.52051431 5.1887817 2.3181388 37
-0.39432877 6.0475817 2.3406763 27
-2.8498135 -8.8272247 2.4385154 31
-2.340281 -6.0405178 2.4242992 25
-2.2765861 -5.7773299 2.4721978 27
1.3805197 -2.5063331 2.4188168 19
1.4728569 -2.5102522 2.4684682 34
1.8953851 -2.5757799 2.4608915 76
1.9576696 -2.5132604 2.410295 72
1.9160664 -2.4404624 2.4710054 46
0.29946065 -2.3105357 2.4866903 43
1.9895359 -2.1076803 2.4360511 8
-1.6305031 -2.0121384 2.4070749 76
2.00442 -2.0321023 2.423856 6
-2.3932364 -1.9029377 2.4464641 79
-1.7964332 -1.9796284 2.4153142 77
-3.0773387 -1.8031572 2.4691665 10
-2.3952086 -1.8538393 2.4922066 73
-2.2090824 -1.8784902 2.47299 23
-3.2695069 -1.4144697 2.4504488 32
-3.3638015 -1.3920811 2.4968331 57
3.5742824 -1.2882378 2.4707737 41
6.5287671 -1.226125 2.411469 16
2.7067237 -1.1453707 2.4989197 21
6.5802283 -1.0882472 2.424876 61
6.7588224 -0.9676078 2.4874222 33
0.59410977 -0.71993709 2.4451616 8
6.8515005 -0.52578425 2.4877024 12
-7.9141493 0.26307598 2.4976249 1
3.7800095 0.39562818 2.4339883 33
-7.847044 0.44452721 2.4838486 10
3.3484461 0.47336388 2.4738398 32
2.9354403 0.53462112 2.4180212 46
-7.7946496 0.62308007 2.4715765 4
-4.093049 0.66115421 2.4850473 47
1.772648 0.68709153 2.474359 26
-4.0323057 0.75893056 2.4512358 72
1.4060793 0.75000298 2.4424062 28
1.6338124 0.70306003 2.4091158 29
-4.0019336 0.86380291 2.4367476 57
1.0651655 0.80823886 2.4695892 30
-3.973227 0.96568102 2.423384 50
0.011448165 0.98077822 2.4230998 44
-1.363325 1.076178 2.4561615 54
-0.94429976 1.093395 2.445473 45
-0.6033386 1.0312743 2.4711857 51
-0.093217961 1.0040737 2.4711716 47
-1.6478101 1.1186204 2.4168847 27
-3.365386 1.4616011 2.4471862 57
-0.53316718 4.8472157 2.4541566 40
-0.40255672 5.8429241 2.4270844 27
0.45905831 6.4472828 2.4880931 1
0.46997094 9.1701813 2.4365144 61
-1.8715478 -10.158063 2.5684664 6
-2.7147632 -8.3088427 2.5045052 17
-2.615175 -7.9079423 2.5791259 16
1.8664836 -2.5262814 2.5076885 51
1.4605693 -2.4948075 2.5470736 14
1.826642 -2.4510846 2.5750923 19.5
1.867769 -2.3496954 2.556833 16.5
0.27730247 -2.2642758 2.5489748 67
0.26221603 -2.1661875 2.5536666 66
0.3432436 -2.1723416 2.5978117 13
-1.6578439 -2.0012121 2.5080497 88
0.24892686 -2.0721054 2.5592101 69
0.33769071 -2.013351 2.5207169 62
-1.8213631 -1.9614214 2.5013967 76
0.23778537 -1.9770576 2.5602019 69
0.32630485 -1.9268005 2.5224838 89
0.22574249 -1.8869876 2.5630333 73
0.31493515 -1.8471347 2.531076 79
-3.0896571 -1.7607059 2.5224888 38
0.21031168 -1.7573966 2.5663209 64.5
0.30429345 -1.7675682 2.5356097 77
0.29057783 -1.6474117 2.5362587 81
1.9179531 -1.6574491 2.5859218 6
0.27846232 -1.533304 2.5378327 59
3.0943265 -1.2187389 2.5851882 19
0.15488736 -1.1400418 2.5797276 27.5
2.6901226 -1.1447453 2.540611 23
2.8932753 -1.1857473 2.574168 16
0.148261 -1.0364937 2.5816963 53
0.14401329 -0.93396318 2.5809131 53
0.13945304 -0.83641785 2.5855186 51
0.60363883 -0.87040484 2.5704966 11
0.13672984 -0.7378968 2.5838041 53.5
0.59808576 -0.79411429 2.5096359 9
0.13454062 -0.64336926 2.5856624 58
0.13445675 -0.54936302 2.5829854 57.5
-4.3012061 -0.43685937 2.5556791 1
-3.6368568 -0.4920539 2.519717 45
0.1344302 -0.45735142 2.5825481 57
-4.2409401 -0.31908539 2.5246055 65
0.13533847 -0.36684048 2.5836523 62.5
-4.2480922 -0.20909294 2.536689 100
0.13878918 -0.24694628 2.5807912 60.5
0.14365086 -0.15847801 2.5721676 56
0.22941767 -0.15253094 2.5120602 7
-4.3190646 -0.0998974 2.5882905 78
0.14758742 -0.070988849 2.5702834 60.5
0.23227847 -0.047372632 2.5200744 7.5
0.15512007 0.043977428 2.5644269 62
0.2382239 0.058437735 2.5151882 7
0.16479163 0.15842476 2.5551524 58
5.1229086 0.18836121 2.5240874 22
0.17309622 0.24338402 2.5497892 59
4.9990563 0.20972098 2.5301163 21
2.9574187 0.53734338 2.5594578 40.5
-3.9482255 0.78170973 2.5074768 50
1.4218794 0.75212872 2.5676847 28
1.6881933 0.70721459 2.54056 26
1.0480876 0.81598806 2.5221865 39
-0.34955519 0.99639517 2.5083966 58
-0.24034701 0.97656095 2.541595 53.5
-0.17335942 0.96527827 2.5350873 53
-1.2355056 1.0507298 2.5257854 34
-0.97707713 1.0473585 2.570909 71
-0.83217388 1.0702016 2.5207226 43
-0.52805984 1.0546246 2.5660717 44
-0.44883883 1.0709652 2.5512156 51
-0.32966864 1.0543765 2.5908628 41
-2.4626131 1.2662145 2.5222895 26
-3.5521154 1.4346731 2.5852268 29
-3.4045696 1.4221232 2.5695364 58
-3.32916 1.4775892 2.5165739 39.666668
-3.2941017 1.4754145 2.5621021 56
-0.54544359 4.5363965 2.5783193 44
-0.53884292 4.6786923 2.5136247 42
0.28175658 4.7349348 2.5410619 19
0.31214672 4.9486885 2.5019095 5
-0.41920537 5.4074993 2.5638566 48
-0.41182119 5.6232362 2.5004158 33
0.43492028 8.8698645 2.5891242 93
0.22874728 8.9058552 2.5114815 137
0.86099911 9.185194 2.5299363 72.5
-2.5299182 -7.5628247 2.6598415 21
-0.39051181 -6.6066756 2.6933286 35
-0.36905548 -6.1672764 2.6836522 56
-0.36901388 -5.8132691 2.6896877 59
-0.35298127 -5.4748368 2.6893561 66
-0.35472816 -5.1878242 2.6975608 69
-1.9017125 -4.2340055 2.6709323 33
-1.8637902 -4.0681152 2.6978326 28
-0.14087516 -2.6416662 2.6983218 1
-0.15129468 -2.406039 2.6961708 62
0.35232526 -2.3188832 2.6508303 17
-1.8705729 -1.9446068 2.649569 76.5
-1.6852032 -1.9862821 2.6100008 83
-3.0018756 -1.7991896 2.6652305 51
1.8452431 -1.7345409 2.6583641 10
1.8622452 -1.6321546 2.6512892 22
1.87765 -1.5407319 2.6475916 33
1.8575915 -1.4715745 2.6851802 54
-0.17932028 -1.2260225 2.6957135 43
3.4000196 -1.2473977 2.6559026 93
-0.17912683 -1.1509881 2.6931117 79
-0.18035951 -1.0076684 2.6983843 89
0.61635876 -1.0369303 2.6999619 15
-0.17890185 -0.93665355 2.6975849 92
0.60961092 -0.95165634 2.6349921 13
-0.1771673 -0.86670828 2.6936574 100
-0.17576361 -0.7646327 2.6939065 99
-0.17482728 -0.66648281 2.6973736 96
-0.16921119 -0.56577098 2.6869435 101.5
-0.16520028 -0.43776888 2.6868663 104.5
-0.15992105 -0.34299794 2.6792326 97
-0.15658671 -0.25045797 2.6801009 103.5
-0.15064299 -0.1586563 2.675633 98
-4.2137375 -0.051087014 2.6522174 53
-0.14637738 -0.066742681 2.6736941 107
-4.4041128 0.013342552 2.6494069 74
-0.13828149 0.054050572 2.6713324 100
-0.1321525 0.14385548 2.6675558 104
-0.12510782 0.23363191 2.6641867 100.5
-0.23407084 0.36370701 2.6976974 90
-0.11449691 0.3542456 2.6574614 104.5
4.2632952 0.35110572 2.6825364 37
-0.2240738 0.46019322 2.6932321 94
-0.10596689 0.44392505 2.6520128 99
-0.21617982 0.55769277 2.6932979 91
-0.096411251 0.53352183 2.6442819 95.5
-0.20604649 0.62065828 2.6812749 88
-0.19999421 0.68565798 2.682786 86
-0.084904693 0.65615761 2.6406107 99
1.8272586 0.69008231 2.6260641 25
-0.19196105 0.7506367 2.6752927 94
-0.074673422 0.74877405 2.6352587 106
1.7492303 0.71267086 2.6801078 26
-0.18018274 0.86299682 2.681469 107.66666
-0.064799659 0.84144163 2.6319332 106
1.0835174 0.81493753 2.6303864 27
-0.16584554 0.94757903 2.6603534 98
-0.050526552 0.96793067 2.6260576 96
-8.1963835 1.0419654 2.6114733 23
-0.63085991 1.0467556 2.6705375 52
-0.15599233 1.0135534 2.6536994 88
-1.453806 1.1025085 2.6710539 38
-0.67215419 1.1097951 2.6202533 31
-3.3634055 1.4396758 2.6406333 34
-3.2856941 1.4481087 2.6837609 136
-4.3215075 1.5536296 2.669699 17
-7.39468 2.0398538 2.6087489 10
0.056801982 2.0278695 2.6986294 7
-0.036448933 2.5639479 2.6741204 55
0.00044386688 2.5605807 2.6748483 57
-0.021765197 2.6979091 2.6821797 29
-0.0054849773 2.8318551 2.683352 6
0.034237273 2.8384521 2.6930106 0
-0.55882508 4.2565985 2.6985457 45
-0.55275029 4.3960667 2.63991 45
-0.42783779 5.2478418 2.6480474 81
0.022554418 6.3599558 2.6804407 13
0.20461486 6.4614615 2.6080101 1
0.20078637 8.6969442 2.6817391 19
-0.62427384 -7.9626403 2.7725852 45
-0.61459762 -7.415669 2.7738831 40
-2.4397709 -7.2018471 2.720824 20
-0.60628235 -6.9406929 2.7781453 38
-2.3575568 -6.8677812 2.7762554 23
-0.59939021 -6.5207129 2.7863543 52
-0.59031153 -6.1127462 2.7807157 59
-0.70880038 -6.0408988 2.7993636 58
-0.58427131 -5.7707667 2.7859178 65
-0.68892163 -5.694056 2.7987564 61
-0.57738453 -5.439796 2.7811689 70
-0.38404757 -5.498693 2.7003155 67
-0.67003095 -5.3643117 2.7920146 65
-0.38187981 -5.2036929 2.7055635 65
-0.57242769 -5.1568151 2.7863369 70
-0.65335643 -5.0704522 2.7883255 71
-0.36745399 -4.9207611 2.705878 70
-0.63850868 -4.8055582 2.7916141 69
-0.56614918 -4.8868394 2.7876186 72
-0.5608114 -4.6378627 2.7878363 77
-0.36672795 -4.6637745 2.7047195 73.5
-0.62496859 -4.5686517 2.7958992 73
-0.5566752 -4.4108834 2.7899787 73
-0.36627308 -4.4357696 2.7111442 72
-0.61168778 -4.3347697 2.791141 80
-0.55309135 -4.2068982 2.7981186 48
-0.36558104 -4.2212744 2.7141137 70.5
-0.60068059 -4.1328349 2.7983513 67
-0.54807788 -4.0026994 2.7976255 22
-0.3642818 -4.0257721 2.7207026 61
-1.8268718 -3.9082985 2.7198255 16
-0.59022635 -3.9389143 2.7995229 44
-0.36292571 -3.8232989 2.7152343 33
-1.7960993 -3.7640629 2.7468698 7
-0.36156622 -3.6587901 2.7254262 9.5
-0.52516961 -3.0178339 2.7925737 42
-0.53422654 -2.9434335 2.775496 24
-0.25724307 -2.9987779 2.7554591 11
-0.52396208 -2.8416872 2.7771754 61.5
-0.35431585 -2.8863904 2.7158301 36
-0.26567724 -2.8647316 2.7622325 44
-0.51693332 -2.7458856 2.7829754 95
-0.35255343 -2.7609005 2.7191434 65
-0.27000743 -2.7257156 2.7554593 68
-0.51630688 -2.6542363 2.7774773 88.5
-0.350633 -2.6384161 2.7204714 89.5
-0.51119912 -2.533778 2.7771237 98.5
-0.34923866 -2.5219302 2.7217708 103
-0.2733832 -2.593698 2.751353 76
-0.14777181 -2.5261998 2.7020581 35
-0.50497937 -2.4466813 2.7721245 106
-0.347242 -2.4099481 2.7216315 93.5
-0.28016555 -2.475661 2.7545199 77
-0.50789952 -2.3999429 2.788429 100
-0.49947816 -2.3397145 2.7762096 93
-0.34511554 -2.3044591 2.725534 97.5
-0.2822372 -2.3546474 2.7499425 73
-0.15892127 -2.3083718 2.7100847 76
0.78141481 -2.3743427 2.7242985 13
-0.50475538 -2.2909632 2.7885931 106
-0.49319035 -2.2297809 2.771318 101
-0.34613723 -2.2000122 2.7253466 100
-0.28685722 -2.2416193 2.7508166 83
-0.50162041 -2.1879835 2.788763 107
-0.48722184 -2.1278358 2.7694402 105
-0.34060293 -2.1980619 2.7233148 107
-0.2922807 -2.1385829 2.755754 68
-0.16053572 -2.1943321 2.7019789 75
-0.49014506 -2.0594375 2.7812448 108
-0.34081048 -2.0503151 2.725141 101
-0.29311329 -2.0295765 2.7484715 60
-0.16422907 -2.0944855 2.7027979 77
-1.7165372 -1.9752351 2.722683 85
-0.48571017 -1.9634727 2.7813995 95.5
-0.33742118 -1.9095929 2.7275522 109
-0.169377 -1.948107 2.7034955 75
1.694351 -1.951745 2.7983601 4
-0.4845399 -1.84869 2.7838089 106
-0.33521271 -1.8211107 2.7295041 112.5
-0.17388102 -1.8087502 2.7047296 44
-3.2130885 -1.7293626 2.7173929 2
-3.0049477 -1.7406532 2.7194703 41
-0.47623652 -1.7345464 2.7807369 118
-0.33324248 -1.7311336 2.7284226 101.5
-0.47162676 -1.6455489 2.776932 104
-0.33087811 -1.6456568 2.7283897 101.5
1.7896215 -1.6172589 2.7347627 40
1.8087224 -1.6706589 2.7133551 29
-0.46855319 -1.5640709 2.7805166 107.5
-0.32812876 -1.5596905 2.7238736 105.5
1.7668757 -1.5392327 2.7707272 57
1.814158 -1.5491034 2.7227364 51
-0.45822811 -1.4594399 2.7748985 105.66666
-0.32780805 -1.4561944 2.7291746 111
1.786401 -1.4525086 2.7691813 70.5
1.842574 -1.4211534 2.7028072 69
-0.46280137 -1.3435024 2.7797296 103
-0.31633064 -1.3583529 2.7312398 90.75
1.8249118 -1.3510578 2.7376251 78
-0.45281231 -1.2455955 2.7771578 104.5
-0.31167325 -1.2556928 2.7383633 96.75
0.56855798 -1.2629197 2.7271218 8
1.796532 -1.2286661 2.7832038 86
1.8056616 -1.2760023 2.7617235 89
3.3083479 -1.2173111 2.7912157 43
-0.4419322 -1.1505113 2.7724497 106.33334
-0.31531671 -1.1486151 2.7315514 108.5
0.62458682 -1.1330564 2.7780094 17
2.9516225 -1.1756076 2.7706678 21
-0.44935295 -1.0434698 2.7747042 121
-0.30827665 -1.056664 2.7291021 111.75
-0.18088725 -1.0806719 2.7018631 84
-0.43832755 -0.95471132 2.775712 119.5
-0.30559903 -0.95397681 2.7307432 104.5
-0.43314382 -0.84976143 2.7734022 121
-0.31359506 -0.86034632 2.7281096 123.5
-0.29705232 -0.85049629 2.7260973 111.33334
-0.42743084 -0.74681133 2.7706432 124.5
-0.3096047 -0.75976646 2.7270908 131
-0.29474983 -0.76102394 2.730505 104.5
-0.40134019 -0.69547725 2.7714806 93
-0.33601633 -0.65202242 2.7480536 118
-0.29020378 -0.65829664 2.7259462 110
-0.44183463 -0.53619438 2.7824442 116
-0.34684235 -0.56270587 2.7455602 123
-0.28698638 -0.52889544 2.724968 120
-0.43766537 -0.44021982 2.7877402 130
-0.38638833 -0.46362692 2.7638674 128.5
-0.28707179 -0.44438362 2.7300355 110.25
-0.4338876 -0.34424981 2.7859766 126
-0.37815857 -0.33520502 2.7610831 123.5
-0.28035003 -0.34408534 2.7274804 126.8
-0.42924583 -0.2482796 2.7857957 133
-0.37194598 -0.24075694 2.7612638 126
-0.27730983 -0.24938491 2.7275157 115.25
-0.42443252 -0.15231092 2.7836235 132
-0.3656638 -0.14629407 2.766469 130
-0.26961365 -0.15454616 2.7271109 129.2
-0.42001313 -0.057838507 2.7859364 126
-0.35961479 -0.051856592 2.7626221 137
-0.2638208 -0.038903523 2.7266264 125.33334
-0.43832669 0.077579282 2.7878704 117.33334
-0.35297433 0.041999459 2.7583053 125
-0.25710252 0.054558635 2.721101 113.66666
-7.5615382 0.16802706 2.706459 40
-0.44573078 0.16449925 2.7895832 105.5
-0.34460342 0.16742885 2.7590623 124.5
-0.25044975 0.14852883 2.7201736 119.66666
-0.42782688 0.24941556 2.7851169 113.66666
-0.33799744 0.26287562 2.7602806 123
-0.24390483 0.24216384 2.7179203 118
-7.5409217 0.33515826 2.7008221 11
-0.4689028 0.3339901 2.7922978 86
-0.35356703 0.35610771 2.7644978 136.33333
-0.23725152 0.33110589 2.7169383 132.2
-0.45703334 0.43439847 2.7824323 82
-0.37053296 0.45203805 2.7724755 126
-0.2269147 0.46513572 2.7184613 129
3.4615591 0.46790087 2.7093828 33
-0.44801778 0.53457272 2.7789707 82.5
-0.34087482 0.55033469 2.7604001 132
-0.21983349 0.56083655 2.7160742 131
3.2166202 0.51235604 2.715565 34
-0.43773818 0.63563138 2.7727451 91
-0.35845733 0.64895642 2.7668607 123
-0.21729083 0.64741069 2.7131259 136
-0.196118 0.68887436 2.7035847 138
-3.8147404 0.74858344 2.7325108 0
-0.42771524 0.73714888 2.7669621 94
-0.34125924 0.73357952 2.76124 134.5
-0.25854415 0.77215081 2.7307858 129.5
-0.18931991 0.75684774 2.7099843 125
1.4671165 0.761141 2.7545152 28.5
1.74275 0.71389538 2.7457852 29
-0.41947919 0.84189594 2.7679162 91
-0.3708694 0.85457528 2.7751102 124.5
-0.23773283 0.85898918 2.7259128 136
-0.18424639 0.82179028 2.7011912 130
1.0668349 0.82541424 2.7148874 40
-0.40677983 0.94576299 2.7577169 83.5
-0.36452514 0.95954603 2.7721035 122
-0.25806794 0.95881766 2.729037 129.33333
-0.17153347 0.95870781 2.7008667 143
-1.3260802 1.0783906 2.7729104 29
-1.0386504 1.0335155 2.7989395 61
-0.88270241 1.0956895 2.753166 50
-0.53223687 1.0341572 2.7741206 73
-0.37766472 1.0286951 2.7286081 72
-1.8150169 1.1840799 2.7196414 65
-0.56186205 1.1031861 2.7986059 77
-3.5890067 1.4889374 2.7578142 20
-3.2583129 1.4699435 2.7642961 105
-2.9878511 1.4247717 2.7057447 35
-4.2842245 1.5769391 2.7608874 17
-3.2614839 1.5397439 2.7465549 1
-0.058221765 1.9570765 2.7396698 6.5
-0.063783623 2.0052476 2.7983954 11
-0.041510142 2.109426 2.7586989 8
0.019538214 2.7185619 2.7061424 4
-0.57175946 3.9772143 2.7957399 21
-0.56542355 4.1190138 2.7510848 39
-0.4423703 4.9043918 2.781631 40
-0.43526846 5.0721231 2.7163463 37
0.42806238 6.3028564 2.7857306 5
0.47707888 6.662663 2.7511966 2
0.54191506 6.6832743 2.7685411 4
0.15961604 8.232872 2.7640829 35
0.41607189 8.7655849 2.7906024 34
0.85191905 9.1922188 2.770494 72.5
-1.8783633 -10.135255 2.8056288 125
-2.2762885 -10.071964 2.8180428 21
-0.88696462 -9.2404842 2.812211 40
-0.84681898 -8.5208015 2.8089247 40
-0.812859 -7.9060616 2.8095183 44
-0.78176546 -7.348321 2.803056 40
-0.75509131 -6.87152 2.8055522 37
-2.2804408 -6.5536547 2.8293509 23
-0.72999674 -6.4267316 2.8000047 49
-2.2148895 -6.2763691 2.8826575 24
-0.54531872 -3.8417058 2.8147583 6
-0.58004808 -3.7579856 2.8027267 12
-1.5779155 -2.804394 2.8204861 23
-1.5507464 -2.6825912 2.8228681 37
-1.5290389 -2.5762851 2.8353519 48
-0.84641594 -2.5666292 2.8965824 98
-1.5044584 -2.4643352 2.8388441 47
-0.83180851 -2.4457998 2.8933117 101
-0.68290073 -2.4209716 2.8924661 76
-1.4833127 -2.3581672 2.8442824 61
-0.81826353 -2.3309593 2.8899753 106
0.76308453 -2.3649187 2.8304014 37
-1.4597983 -2.2522638 2.8438649 48
-0.80633253 -2.2260835 2.8925641 100
-0.67266244 -2.2964268 2.8842747 73
-1.4404259 -2.1566505 2.851737 56
-0.79359758 -2.117244 2.8861735 102
-0.66615689 -2.1825697 2.88362 74
-1.421719 -2.0614176 2.8553116 48
-0.78218991 -2.0153816 2.8827095 108
-0.65461618 -2.0632117 2.8696444 3
1.6384552 -2.0154686 2.8350973 11
-1.9208628 -1.9226239 2.8025472 73
-1.750333 -1.9621203 2.8411665 87
-0.77108133 -1.9175065 2.8822474 96
1.6493533 -1.9325081 2.8543129 22
-2.413682 -1.8966861 2.893697 10
-0.76100284 -1.8226206 2.8817103 100
1.662323 -1.8520616 2.8682878 32
-3.2647769 -1.7037352 2.8063323 48
-0.7505973 -1.7287507 2.8771908 105
1.6426911 -1.7942729 2.8898716 45
-0.74041617 -1.6398722 2.8746805 103
-4.0547037 -1.5426894 2.8970037 40
-0.73114842 -1.5509872 2.8710887 106
-0.72255039 -1.4690733 2.8744943 112
1.7397215 -1.4365808 2.8181386 74
-0.70983064 -1.3417478 2.8645153 97
0.57826436 -1.377748 2.8094695 12
1.7388653 -1.3435085 2.8365567 81.5
-0.65169036 -1.2609998 2.8581517 75.5
-0.5974279 -1.2129806 2.8482766 78
0.63466555 -1.2361306 2.8636925 18
1.698499 -1.2520808 2.8900404 79
1.7403467 -1.2556605 2.8476148 86
3.1279287 -1.2032465 2.8234618 24
-0.68879801 -1.1439677 2.8557773 104
-0.59106672 -1.1302001 2.8455236 77
1.7528172 -1.157274 2.8490739 86.5
2.9202793 -1.170262 2.8018126 21
-0.68064326 -1.0671002 2.8511152 104
-0.58479315 -1.0494174 2.8428116 75
1.7664318 -1.0591197 2.8437529 91
-0.73399073 -0.9497605 2.8930807 67
-0.67211616 -0.95867091 2.8579307 104
-0.57816941 -0.96771616 2.836931 79
1.7527391 -0.98223209 2.8582571 74
-0.73130614 -0.86911207 2.8967667 71
-0.66191584 -0.85028279 2.8568606 99
-0.5696336 -0.85138774 2.8350625 84
-4.06987 -0.77774143 2.8275888 37
-0.72071707 -0.74859536 2.8883801 72
-0.65251809 -0.74339449 2.853219 119
-0.56010664 -0.73774678 2.8302183 75
-0.71272397 -0.6310755 2.8831966 71
-0.64332289 -0.63949782 2.8515797 128
-0.55658931 -0.66473055 2.8331418 81
-0.44735956 -0.64064747 2.804141 63
-0.70650882 -0.55406326 2.8794181 75
-0.63509995 -0.5370931 2.8493624 118
-0.54481095 -0.55433488 2.8217604 81
-0.67380697 -0.4395965 2.8641875 89.666664
-0.53675354 -0.44755137 2.8209174 79
-0.64325666 -0.33385813 2.8546276 110
-0.52719057 -0.34243917 2.8153338 83
-0.64872456 -0.2474288 2.8589268 98
-0.5184797 -0.23825036 2.8115966 85
-0.64085203 -0.14345881 2.8563733 96.75
-0.51005757 -0.13604058 2.808357 84
-0.6668573 -0.040974893 2.8588839 75
-0.54924911 -0.036959901 2.8236675 101.5
-0.66281223 0.030039316 2.8573997 79
-0.59155083 0.057914529 2.8421717 121.5
-0.49629796 0.034000672 2.8035703 85
-0.65393621 0.13605641 2.8515158 77.5
-0.58468652 0.15584438 2.8433709 113
-0.77114165 0.25215918 2.8963497 82
-0.64668554 0.2420775 2.8514922 77
-0.57901275 0.25477493 2.8409531 115
-0.75648814 0.39720032 2.8899062 81
-0.63777381 0.34859467 2.8467228 78.5
-0.57243019 0.35370004 2.8396165 118
4.2634592 0.35158649 2.8178594 35
-0.72715449 0.45072776 2.8932638 94
-0.62843853 0.4541108 2.8410463 70
-0.56687438 0.45468396 2.8386939 120
3.751848 0.44722417 2.8430488 35
-7.900712 0.53067172 2.8333561 18
-0.74271291 0.54170328 2.8863282 75
-0.61801308 0.5611251 2.8342192 75.5
-0.5610581 0.55565578 2.8347819 107
3.2637749 0.5096212 2.8570421 33
-0.73040164 0.65113699 2.879272 80
-0.64956117 0.65107518 2.8640664 102.5
-0.55654484 0.66062427 2.8407717 119.5
1.8929658 0.69502181 2.8015599 27
-7.928422 0.71097559 2.8431737 10
-0.7200048 0.76276863 2.8767405 79
-0.65443653 0.73667413 2.8661578 108.33334
-0.55119461 0.76455355 2.8368008 117
1.8061275 0.71596766 2.8513277 25
-0.71243167 0.83645666 2.873543 77
-0.67593211 0.84252453 2.8970425 112
-0.57589841 0.84428149 2.8244028 93.333336
1.1079389 0.8269816 2.8289268 33
-0.70132685 0.90778476 2.8621614 75
-0.67882496 0.96248484 2.8861554 98
-0.5554499 0.94969624 2.8295984 109
-8.0328321 1.0896795 2.8791525 26
-0.89854997 1.0468913 2.8243167 63
-0.67695177 1.0612748 2.8769047 96.5
-0.57195836 1.0311834 2.8083198 90
-0.80268788 1.1518674 2.8966985 73
-0.67644179 1.1335926 2.8456454 71
-2.0769992 1.2656248 2.8189673 21.5
-0.64624226 1.3686138 2.8920996 0
-0.11722695 1.8305117 2.8220057 14
-0.083612822 1.8193877 2.8092766 13
-0.10784193 1.9254701 2.8206382 13
-0.074029483 1.9143293 2.8078158 12
-0.098114274 2.0204215 2.8152857 14
-0.082445882 2.1674554 2.8705733 13
-0.070462726 2.2784157 2.8744216 13
-0.70528173 3.2415259 2.8840895 50
-0.68480402 3.355998 2.8559921 42
-0.66843355 3.4808288 2.8332596 20
-0.62642336 3.5368702 2.8975997 19
-0.57948124 3.8690188 2.8594189 2
-0.45626694 4.5728817 2.8971581 44
-0.44964361 4.7256284 2.8359051 39
-0.047950067 5.5370846 2.829107 87
-0.017342875 5.9820681 2.871783 29
0.011282271 6.3500333 2.8560994 31
0.08204937 7.2929673 2.8549557 35
0.3080121 7.6685324 2.8665116 27
0.11968096 7.753922 2.8169484 37
0.65235174 8.0213442 2.8522625 45
0.35210106 8.1120625 2.8075027 26
-2.1460035 -5.993185 2.9211664 21
-2.0831826 -5.7279267 2.9572468 25
-2.0207446 -5.4666924 2.9852891 23
-1.1915865 -5.1918826 2.9912605 69
-1.1517224 -4.9083309 2.9824486 73
-1.1185093 -4.6556983 2.9772115 74
-1.0835518 -4.4041123 2.9630957 68
-1.055181 -4.1914148 2.9626291 45
-1.0324835 -4.0033798 2.9689908 10
-0.78854132 -4.0507984 2.9583492 31
-0.77951533 -3.8529301 2.9586744 11
-0.88683373 -3.3610854 2.990212 44
-0.91295248 -3.1058428 2.9152303 10
-0.87797993 -3.1940691 2.9854791 65
-0.86743611 -3.0330541 2.9771202 73
-0.89620262 -2.9640329 2.9130578 51
-0.71937466 -2.9676507 2.9138472 21
-0.86816317 -2.852633 2.9393346 70
-0.7116347 -2.8258264 2.9126108 51
-1.1083542 -2.7898233 2.9994519 105
-0.85063738 -2.7370222 2.9672327 62
-1.0891682 -2.6627431 2.9970114 113
-0.85243809 -2.6467228 2.9330454 71
-0.70276397 -2.6861122 2.9086747 77
-1.067873 -2.5300934 2.9815137 97
-0.6946972 -2.5553498 2.9058399 73
-1.0517111 -2.4177899 2.9823163 98
0.74495786 -2.354476 2.9432065 59
0.84103751 -2.3632574 2.9711883 13
-1.032274 -2.2969773 2.9700489 114
-1.01622 -2.1897476 2.9679828 97
-1.4275002 -2.0124698 2.9217532 86
-1.0027392 -2.0882847 2.9699347 110
-1.9609348 -1.9100571 2.9158537 75
-1.7864404 -1.9479506 2.9634638 87
-0.98790163 -1.9880707 2.9649882 106
1.6007078 -1.9037849 2.9047909 40
-2.4218738 -1.8391206 2.9577115 78
-0.97283071 -1.8869423 2.9570239 110
1.5840896 -1.8464705 2.9395661 52
-0.95282012 -1.7464345 2.9527545 105
1.5580558 -1.7580117 2.9834769 72.5
1.6262854 -1.7395142 2.9162939 59
-0.93450052 -1.6137444 2.9526134 101
1.5942551 -1.6290612 2.965071 83
1.6107646 -1.6857736 2.9431419 76
-3.8894384 -1.5807555 2.9594901 57.5
-0.9238078 -1.528196 2.9528446 111
-0.77559775 -1.5728679 2.9180453 11
0.58830959 -1.5164856 2.9240839 15
1.5806463 -1.5743216 2.9897518 81
-0.94598186 -1.4346111 2.9666057 67
-0.7681365 -1.4758536 2.9115613 53
-0.93512118 -1.3470542 2.9655597 86
-0.76405615 -1.3848361 2.9123292 68
0.64585465 -1.3539615 2.9678953 17
-0.95935446 -1.2413368 2.982965 67
-0.88421297 -1.2409875 2.9417479 111.5
-0.75539947 -1.2503126 2.9080417 71
-0.94321972 -1.147262 2.9695494 64
-0.86816579 -1.121887 2.9338343 103
-0.74674159 -1.1187892 2.9037535 66
1.6861684 -1.1747262 2.9225497 81.5
3.1530192 -1.1701642 2.9887099 33
-0.93145281 -1.0597757 2.9654336 70
-0.85896796 -1.0473192 2.9322798 101
-0.74187618 -1.0347736 2.9004722 70
1.6667697 -1.0652817 2.9486585 82
1.7073221 -1.059154 2.9204497 85.5
-0.92613906 -0.97577143 2.9706554 71
-0.84971207 -0.97277927 2.9297278 106
1.6844066 -0.97069502 2.9644816 73.666664
1.788022 -0.96612734 2.9711149 27
-0.906012 -0.84682417 2.9574649 68.5
-0.83664519 -0.86489189 2.9274659 104.5
-1.0393206 -0.70457482 2.9930136 107
-0.85617191 -0.74083734 2.9364457 87.5
-1.0313939 -0.63169444 2.9933445 102
-0.83429259 -0.65068388 2.9317176 96.666664
-1.0297604 -0.54484355 2.9966981 83.5
-0.87072212 -0.56537265 2.9431615 72
-0.79702276 -0.54860598 2.9068887 127
-1.0215194 -0.4502281 2.9909959 85.5
-0.85600698 -0.44901443 2.937423 71.5
-0.78750658 -0.44982386 2.9131927 119
-1.0156195 -0.36199966 2.9938748 78.333336
-0.83897811 -0.33294365 2.9239638 79
-0.77793407 -0.35106945 2.9184992 109
-1.0113627 -0.26607117 2.9920375 70.333336
-0.98922133 -0.22993888 2.9827197 84.666664
-0.83292204 -0.2590476 2.9266617 78
-0.76765001 -0.25162473 2.9128065 118
-1.0002426 -0.13870677 2.9881835 73
-0.98006237 -0.13409935 2.9816895 81.5
-0.81829655 -0.14675069 2.9183187 76
-0.75766152 -0.15409184 2.9101574 103
-0.97709537 -0.061423365 2.9791784 78
-0.80537647 -0.036290266 2.913677 72
-0.74829721 -0.055962145 2.9099603 107.5
-0.96395963 0.049830895 2.9745989 80.166664
-0.76842487 0.038784817 2.9101462 92
-0.95111364 0.15907842 2.9697273 82
-0.75779295 0.14128366 2.9050879 97.25
0.96036685 0.19333139 2.9833312 21
-0.94546032 0.24663118 2.9696469 86
-0.72233492 0.23635823 2.9062631 109
0.96784353 0.25123075 2.9753418 21
-0.92657644 0.35462084 2.9578075 77.400002
-0.73102242 0.33051589 2.90084 100
0.97826302 0.33655173 2.9519768 20
-0.9337855 0.44832957 2.9675555 84
-0.89225286 0.46649316 2.9404316 72
-0.69969451 0.49937057 2.9002345 118
0.99167991 0.42287543 2.9388108 21
1.0022936 0.47974524 2.9311793 20
-0.93202138 0.53942156 2.9702041 89.333336
-0.88433391 0.54220486 2.9401727 70
-0.69509953 0.56623244 2.9006374 117
1.021013 0.568578 2.9375355 20
3.2494025 0.52236283 2.9311268 32
-0.92045236 0.63280463 2.9630811 84.5
-0.8763659 0.66760212 2.9341104 68.666664
1.0418375 0.65737617 2.9393554 19
1.9626801 0.69698584 2.9921596 26
-0.93706083 0.75800687 2.9814286 105
-0.86915457 0.76921618 2.931221 72.5
1.0659653 0.75017917 2.9531469 20.5
1.4950463 0.76664841 2.9504869 29
1.5377443 0.77182233 2.9744499 26
1.8061018 0.71680146 2.9424932 26
-0.93391615 0.87093157 2.9786725 104
-0.86054915 0.84632635 2.9280109 72.5
1.0851074 0.83189225 2.922823 43
-9.1859026 0.95242065 2.93136 1
-8.2663937 0.92948014 2.9668114 9
-0.93434459 0.94893646 2.9833002 110
-0.8428545 0.9483335 2.9202156 70.333336
-0.92710274 1.0187303 2.9554982 66
-0.84417421 1.0564681 2.9233553 84.333336
-1.9218105 1.1916435 2.9215088 28
-1.5718759 1.1415846 2.9469497 33
-0.83536011 1.1572009 2.9037967 96
-3.6390257 1.4947962 2.9823992 26
-3.3870318 1.4613736 2.900521 22
-3.2028244 1.4602131 2.9361219 68
-0.93328661 1.4410759 2.9741118 5
-0.8143875 1.4979272 2.9112375 0
-0.64604384 1.4696662 2.9283669 0
-3.6802974 1.5114802 2.9261181 19
-0.93261105 1.5260257 2.966759 1
-6.2487383 2.0087392 2.9652874 80
-0.95309991 2.0303235 2.9978716 0
-0.19833496 2.1313241 2.9250219 12
-0.28833294 2.2943418 2.9418597 14
-0.18911529 2.234237 2.9194183 13
-0.039778672 2.2174821 2.9393456 9
-0.34581602 2.3607955 2.9066415 9
-0.043481149 2.3230643 2.9159935 8.5
-0.65221739 2.4158001 2.9684877 9
-0.33366179 2.4632514 2.9000602 9
-0.27989247 2.4075246 2.9404144 14
-0.052776478 2.4494641 2.9418864 8
0.031695552 2.4329739 2.953403 9
-0.65100533 2.5422552 2.9819717 54
-0.77975887 2.6735663 2.976464 29
-0.64772749 2.6695061 2.9908595 48
0.014216101 2.682169 2.9305983 11
-0.76508212 2.7795641 2.9582517 51
-0.63950616 2.7902374 2.9879951 46
-0.75123882 2.892678 2.9426184 49
-0.71920329 2.9333472 2.9994192 57
-0.63032925 2.9138825 2.9832323 44
-0.7191596 3.0279384 2.9533868 50.5
-0.61989224 3.0384042 2.9757023 49
-0.71908826 3.1194327 2.9012566 49
-0.64747369 3.1695161 2.9666054 54.5
-0.66899639 3.2960534 2.9499018 54
-0.46712559 3.2705534 2.9946213 12
-0.60100263 3.3127356 2.9673853 56
-0.48757499 3.3124812 2.9977815 1
-0.64708418 3.413378 2.9219918 42
-0.58760023 3.4479961 2.9541144 48
-0.57531369 3.5934045 2.944272 23
-0.46960229 4.2543135 2.9956224 37
-0.46304226 4.4111013 2.9473944 53
-0.084952109 5.1441774 2.9524634 83
0.33133936 5.1636696 2.9224269 20
0.28074491 5.2055364 2.9385209 39
-0.066005759 5.3681369 2.9088805 74
0.31654 5.4723916 2.9150486 26
0.84376395 8.8882465 2.920593 53
0.7673707 8.9021378 2.9168515 59
-1.8863038 -10.116433 3.0437157 124
-2.2958641 -10.054976 3.0558677 117
-1.777391 -9.3525524 3.0498421 65
-1.5368171 -7.6449518 3.0883796 44
-1.4617829 -7.1207843 3.0735426 40
-1.3934486 -6.6415772 3.0492878 49
-1.3345174 -6.2242455 3.0335193 52
-1.2835667 -5.8528132 3.0232821 58
-1.2353048 -5.5083761 3.0059018 70
-1.970879 -5.2482457 3.0245249 24
-1.9167811 -5.0189037 3.0510206 23
-1.8664175 -4.8015304 3.0722444 23
-1.4400069 -4.8342919 3.099483 66
-1.3968326 -4.5776281 3.0847943 60
-1.3565618 -4.3368225 3.0703809 34
-1.3254313 -4.1351891 3.0715573 14
-1.2949841 -3.9455321 3.0730317 0
-0.89955443 -3.5450995 3.0008688 14
-1.2221675 -3.0438371 3.0937867 62
-1.1511495 -3.0646658 3.0086603 34
-1.1302271 -2.9246662 3.0059586 59
-1.1962792 -2.8801026 3.0816383 55
-1.3976488 -2.7281375 3.0977287 120
-1.1780683 -2.7367868 3.0801237 50
-1.3677263 -2.5915921 3.0855579 107
-1.3429068 -2.4689419 3.0840602 116
-1.311077 -2.3334591 3.0610192 107
0.72647631 -2.3440216 3.0591536 68
0.827712 -2.3580828 3.0887413 41
-1.2892019 -2.2197776 3.0573089 105
-1.2657278 -2.1051412 3.0467062 120
-1.2461376 -2.0004227 3.0448539 114
-2.0059135 -1.9010068 3.0399573 77
-1.8255601 -1.934675 3.0975568 88
-1.4533919 -1.9983073 3.0389946 84
-1.2290574 -1.9026544 3.0478401 107
-2.4807382 -1.8230889 3.0911646 72
-1.2113745 -1.8039184 3.0438488 105
-2.6523221 -1.7834294 3.0194702 57
-1.1910697 -1.7022401 3.033042 105
1.1176624 -1.7707925 3.0884593 31
-1.1756315 -1.6094677 3.0308974 96
0.6001181 -1.6632329 3.0395634 17
1.1786215 -1.6524271 3.0861788 31
1.5260134 -1.6369466 3.0375361 77.5
-4.1496077 -1.5220317 3.0109692 47
-3.996181 -1.5482503 3.0962574 46
-1.1791055 -1.5210688 3.0407078 50
1.1578387 -1.5728898 3.0756772 31
1.5366577 -1.5333529 3.0467596 75
-1.2049425 -1.4313599 3.0678904 38
-1.1637354 -1.4255217 3.0368466 73.5
0.65892202 -1.4856391 3.0865459 12
1.140273 -1.4993553 3.0722904 18
1.5507225 -1.439721 3.0520458 81
-1.1610526 -1.3328336 3.042259 74.333336
1.5335321 -1.3568419 3.0839994 85
-1.1426507 -1.2387295 3.0324771 79.666664
-1.3151954 -1.1630185 3.0989628 109
-1.1280937 -1.1472579 3.0270052 80.666664
3.1192222 -1.1623619 3.0224195 37
-1.2887806 -1.0063317 3.0933292 99
-1.1269505 -1.04474 3.0323067 63.5
-1.0862536 -1.0518291 3.0087318 106
-1.2765309 -0.92897588 3.0889769 103
-1.1158271 -0.95714855 3.0330086 58.5
-1.0679744 -0.93212205 3.0006852 100
1.658816 -0.93984669 3.0112617 29
-1.2646924 -0.85450619 3.0886869 113
-1.1096126 -0.87012327 3.0311525 56
-1.0743139 -0.86161238 3.0109131 80
-1.2482343 -0.74383157 3.0841904 108.5
-1.0735977 -0.78165263 3.0123718 77
-1.2328811 -0.63510221 3.0796778 108
-1.0657135 -0.65538007 3.0111089 63
-1.2219627 -0.56265849 3.076381 95
-1.0584788 -0.53260082 3.0116348 70
-1.2090986 -0.45821032 3.07584 95.5
-1.1967986 -0.35244855 3.0733817 91
-1.1837206 -0.24962124 3.0683842 97
-1.1727649 -0.14663726 3.0652542 92
-1.1636446 -0.04445257 3.0665421 93.5
0.94860023 -0.043222405 3.0854578 18
-1.1542128 0.057596713 3.0628428 97
0.95164883 0.047119718 3.0459659 21
6.0407405 0.092863053 3.0420821 26
-1.1448165 0.15965998 3.059644 94
0.95656109 0.13545346 3.0095561 20
5.8651977 0.11673595 3.0429518 25
-1.1364728 0.26077616 3.0564051 95
-1.131339 0.3646903 3.0584021 93
-1.1262088 0.46860459 3.0603998 94
-1.1214542 0.53938556 3.0577662 101
1.0769209 0.53730369 3.0834272 19
-1.1188864 0.6465171 3.0630248 98
1.0906562 0.61776304 3.0708892 19
1.1020764 0.67551726 3.0755191 21
-1.1148944 0.75443363 3.0623391 96
1.1197066 0.75844193 3.0690632 20
1.878134 0.72223914 3.0569108 25
-1.1119616 0.82626069 3.0575595 96
1.1329558 0.83411622 3.0355651 33
-1.1109998 0.94046891 3.0620265 118.5
-1.1074582 1.052281 3.0556967 102
-2.2344775 1.2654314 3.0849028 27
-2.6196151 1.3841228 3.0120924 11
-4.1287971 1.55483 3.0249312 18
-3.9492323 1.5561521 3.0372713 17
-1.1105239 1.5443951 3.058193 0
-6.3708615 1.874388 3.0249479 32
-0.95270866 1.9383948 3.0153782 0
-0.95979351 2.1464405 3.0108328 0
-9.5082617 2.3673179 3.033433 6
-0.59201264 2.3615894 3.0810063 85
-0.58372128 2.4756019 3.0847306 71
-0.56868154 2.5805988 3.073956 52
-0.76532507 2.600312 3.0426924 4
-0.55742842 2.6976042 3.0713313 48
-0.7535969 2.7167161 3.035517 47
-0.73360664 2.8192539 3.0129621 65
-0.53900898 2.8015931 3.0533032 52
-0.51089555 2.9131782 3.0432906 31
-0.13177842 2.9390812 3.0101118 12
-0.50587946 3.0335791 3.0276227 48
-0.49608529 3.0266302 3.0192537 49
-0.48868489 3.1580577 3.0087318 30.5
-0.60991013 3.2444162 3.0543728 3
-0.098033808 5.0592408 3.0677731 42
0.26465604 5.096756 3.0406916 63
0.31884837 5.0860338 3.041003 24
0.069091372 5.1797156 3.0343513 75
0.09603066 5.4654951 3.0235956 64
0.2058052 6.6728249 3.0700221 27
0.23646629 6.9724226 3.004349 24
-1.7219571 -8.9308681 3.1351144 43
-1.6221801 -8.2399912 3.1096544 47
-1.7169685 -6.4870892 3.176265 49
-1.6484956 -6.0877414 3.1550727 54
-1.5872215 -5.7249913 3.1364865 56
-1.5337194 -5.4057417 3.1236713 67
-1.4812506 -5.0956435 3.1030371 69
-1.8268448 -4.6179533 3.1087809 21
-1.7866151 -4.4354143 3.1373515 8
-1.2753601 -3.3902864 3.1171873 16
-1.540853 -3.2945819 3.1994586 16
-1.2496474 -3.2154408 3.1088562 44
-1.5307616 -3.1303422 3.1984417 11
-1.4954842 -3.1665411 3.1274979 47
-1.4589616 -3.0081098 3.1127343 61
-1.4261422 -2.8637183 3.1049998 85
1.3115309 -2.4396133 3.1150479 13
0.70809352 -2.3285606 3.1773219 63
1.384019 -2.3435724 3.1223724 5
1.3501482 -2.2393711 3.1673429 38
-1.4696406 -1.9631931 3.1322167 119
-2.0530162 -1.887738 3.1688228 78
-1.4508181 -1.8680151 3.1337976 108
0.6141212 -1.831941 3.1738284 14
-2.710855 -1.7641968 3.1382983 56
-1.4302138 -1.7701643 3.1253963 103
-1.4111238 -1.6771449 3.1210408 117
-4.0602593 -1.5437255 3.1040959 60
-1.3970206 -1.5906374 3.1265728 100
-4.2466445 -1.4972239 3.1287031 47
-1.3679897 -1.4538333 3.111623 103
1.0485002 -1.4551203 3.1025882 29
1.1353558 -1.4573326 3.1337183 99
1.4857132 -1.4547148 3.1120157 80.5
-1.3452808 -1.3274289 3.1085868 100
1.4628096 -1.3311548 3.1563916 79
1.5236566 -1.3013195 3.1034508 76
-1.3308929 -1.2451305 3.1062365 103
1.4473952 -1.2388709 3.1869998 86
1.5143588 -1.2457699 3.1264606 79
1.4961128 -1.1318837 3.1549816 88
1.505811 -1.1902878 3.1454155 77
-1.3045582 -1.0863664 3.1035469 107
1.4854228 -1.0482566 3.1799736 86.5
1.4745479 -0.96270227 3.1982374 84
1.7338483 -0.93721837 3.1690717 28
1.8415624 -0.96205944 3.129992 27
-1.5834868 -0.65211725 3.1978829 86
-1.5722246 -0.57333428 3.1983092 81
-1.5535874 -0.45523223 3.1900663 88
-1.5399071 -0.33999556 3.1924682 90
-1.528001 -0.26226181 3.1849329 85
-1.5143334 -0.14755391 3.1813214 80
0.94977206 -0.13753383 3.1478782 19
-1.5029291 -0.033794615 3.1805398 86
-1.4977928 0.042092752 3.1814861 85
-1.4900942 0.15516992 3.1818657 84
-1.4818919 0.2692109 3.1762702 86
1.0495648 0.26976505 3.177459 20.5
4.8761001 0.29287452 3.1375875 22
-1.4789332 0.34514317 3.1790543 80
1.0559251 0.35070771 3.1472991 21
-1.4746222 0.46152464 3.179193 88
1.0630982 0.43109852 3.1153231 20
3.5975046 0.4875786 3.1186688 31
3.8890331 0.43591279 3.1256566 29
-1.4725425 0.57895583 3.1821513 83
-1.4699539 0.65786076 3.1778665 84
-1.4698454 0.73783368 3.17939 89
1.8894438 0.7266205 3.1891172 24
-1.4715637 0.85981786 3.1805041 93.5
-1.4730864 0.98378962 3.1796181 100
-1.4748144 1.0687869 3.1799588 98
-1.4521433 1.1290668 3.112252 38
-2.6904945 1.3447282 3.1211698 26
-3.4182699 1.4836956 3.1686335 14
-2.9812081 1.4162285 3.1464493 35
-6.200665 1.9556974 3.144074 113
-6.2007499 2.1227608 3.1421037 31
-0.63025117 2.1826179 3.1296034 4
-0.61697143 2.2826183 3.1202254 50
-0.42502099 2.4238718 3.1119373 12
-0.38039649 3.2365127 3.1818612 57
-0.36398375 3.3673587 3.1688232 58
-0.3448202 3.4962931 3.1511073 50
-0.32250521 3.622925 3.1261232 2
-0.146732 4.4843593 3.1861594 31
-0.13139799 4.6673207 3.1492975 44
-0.11537173 4.8492794 3.1044679 40
0.061691068 5.1602359 3.1903491 99
0.15081823 6.1206021 3.1865258 29
0.17716238 6.3942647 3.1346159 29
-2.3150465 -10.03203 3.2925456 131
-2.0846632 -8.6476431 3.2853286 44
-1.9721321 -7.9946904 3.2485991 45
-1.8778812 -7.4395504 3.2255588 42
-1.7956305 -6.9527831 3.2057314 40
-1.647156 -5.7303724 3.2752142 6
-1.6289814 -3.6860597 3.2308521 6
-1.6054057 -3.4994674 3.2265222 11
-1.5771391 -3.4806669 3.211194 16
-1.5674471 -3.311429 3.2126014 14
1.3017529 -2.4172151 3.2172837 43
0.81379586 -2.3477619 3.2050886 65
1.2760288 -2.3368924 3.2455564 57
1.2544552 -2.2644486 3.2844608 80
1.3203771 -2.1421924 3.2198536 76
1.2824519 -2.0081172 3.2813878 89
1.300794 -2.0751178 3.2519865 90
-1.8742543 -1.9271584 3.2489479 116
1.1737609 -1.9747251 3.2802114 35
-2.538491 -1.8010813 3.2246573 72
-2.1001043 -1.8714237 3.299614 72
-1.8637775 -1.842611 3.2827063 111
-2.7783165 -1.7473118 3.2686076 60
-1.8306276 -1.7332714 3.2676845 94
-3.3341522 -1.6722835 3.2609079 6
-1.8008863 -1.6288558 3.2564261 82
0.67406076 -1.6273237 3.2097337 13
-4.2738361 -1.5026883 3.2835169 60
-4.1037726 -1.5218002 3.2348585 45
-1.7744697 -1.5293708 3.2479341 87
-4.3467374 -1.4682503 3.2491355 48
-1.7479055 -1.4308977 3.2374556 90
-1.7259958 -1.3373137 3.2336454 94
-1.7040379 -1.2457353 3.2288508 92
-1.6852045 -1.1571009 3.2248189 89
1.4355863 -1.1461289 3.2181702 83
-1.6663898 -1.0694661 3.2207937 83
1.423052 -1.0514119 3.2390654 78
-1.6464304 -0.98285937 3.2148652 84
1.4334415 -0.94126779 3.249593 82.333336
-1.6210704 -0.85587227 3.2061133 87
-1.5992867 -0.73379725 3.2031178 77
-1.8291885 -0.65397966 3.296751 84.5
-1.7815052 -0.53009725 3.2340128 41
-1.7734976 -0.45829117 3.2396832 26
-1.7504361 -0.34622288 3.2212398 34
0.95813549 -0.30868939 3.2814405 19
-1.7320215 -0.2377791 3.2096024 37
0.95241523 -0.23784015 3.2165356 19
-1.7509845 -0.17043604 3.2697465 70
-1.7416897 -0.062188905 3.2740543 88.5
-1.7296958 0.046705224 3.268501 96
1.0426528 0.074416108 3.2768011 19
-1.7215827 0.15540673 3.2682109 86
1.042576 0.15872908 3.2222462 19.5
-1.7144521 0.26313111 3.2668803 93
-1.7112018 0.33609453 3.2692065 84
-1.7055428 0.4459126 3.2687297 88.5
3.6456077 0.4809984 3.2781074 33
4.2308416 0.40394017 3.2819731 19
-1.702895 0.55689579 3.2690272 87
-1.7005643 0.63367945 3.2684743 88
-1.7003112 0.74831361 3.2700129 90.5
1.5760771 0.77889097 3.2076626 27
1.9551713 0.7265588 3.2802393 29
2.0469222 0.70089561 3.2158372 23
-1.7042811 0.86526257 3.2762258 85
-1.7056488 0.94442654 3.2770805 86
-1.7080499 1.0256864 3.2798185 94
-1.706817 1.1034992 3.2708566 97
-1.6997409 1.1766694 3.2463622 92
-2.1119034 1.2438723 3.2676528 29
-4.0676684 1.5973125 3.2721736 16
-3.7158184 1.5358357 3.22001 16
-0.43236583 2.8844581 3.2327542 55
-0.41784894 3.0027432 3.2221723 56
-0.3997314 3.1196856 3.203388 59
-0.1611886 4.328403 3.2361374 18
0.26088372 5.1050572 3.212966 54
0.31696394 5.1014929 3.2164209 25
-2.210629 -9.3830547 3.319571 39
-2.3865173 -7.5715775 3.375052 11
-2.2858217 -7.136025 3.3989983 16
-2.2940853 -7.0786939 3.3676686 11
-1.8674539 -7.0605383 3.3738518 40
-2.2154794 -6.6471176 3.3636136 10
-2.1998274 -6.6771946 3.3859382 17
-1.7876357 -6.5704079 3.3395939 38
-1.712678 -6.1251326 3.3051019 35
0.68980765 -2.3240387 3.3165445 61
0.79884571 -2.3392563 3.3309031 77
6.6510968 -2.2432973 3.3808231 5
1.2215564 -2.1500041 3.3323119 86
0.63239348 -2.0385413 3.3554952 15
1.2659022 -1.9421588 3.3116286 87
-2.1229806 -1.8262126 3.3891308 108
1.2458686 -1.8653394 3.323514 111
-2.6078274 -1.7817253 3.3762844 70
-2.0934925 -1.7257626 3.3803866 97
0.6911605 -1.7907211 3.3564308 13
-3.6426992 -1.6544416 3.334342 3
-3.4004512 -1.6321959 3.3832867 49
-2.0640407 -1.627335 3.370692 88
-2.0390368 -1.5326048 3.3648136 110
-4.5655475 -1.4779513 3.301702 21
-4.4835014 -1.4493463 3.399199 44
-4.2211437 -1.4929713 3.3836915 47
-2.0071061 -1.4365032 3.346323 87
-1.9830552 -1.3447976 3.3374567 97
-1.961624 -1.2588562 3.3335829 95
-1.9381763 -1.173088 3.3226802 96
-1.9097829 -1.0490057 3.3157933 97
-1.8824219 -0.9268983 3.3078892 93
-1.8663961 -0.84666961 3.3048444 100
1.454868 -0.87585139 3.3257513 31
-1.8504697 -0.76843762 3.3018458 94
0.96430594 -0.38353884 3.3476856 19
1.7403245 -0.25724143 3.384438 118
1.7400941 -0.16830063 3.3661685 94
1.0475895 -0.043626137 3.3635995 20
1.7505903 -0.052957036 3.362442 97
1.0438753 0.016789326 3.3097124 18
1.7644039 0.05983207 3.3586206 95
1.808393 0.033991672 3.3602197 123
1.7782118 0.14411519 3.3551435 93
1.8177838 0.13962074 3.339282 95.5
1.7926259 0.22887635 3.3491831 90
1.834049 0.24320802 3.3308764 90.5
4.89816 0.28943473 3.3206587 23
1.8373553 0.34384897 3.3377595 98.25
1.8580446 0.44423553 3.3415279 105.33334
1.9068564 0.48348412 3.3692131 150
3.6299818 0.49360058 3.362165 30
1.8791916 0.56443501 3.3362417 88.5
1.9397708 0.56595993 3.3908443 150
1.908339 0.6489889 3.3365388 92
1.9255152 0.7036826 3.3272665 91
-3.1841402 1.4408481 3.3959949 15
-9.3910656 2.3810465 3.3453925 4
0.053485021 5.1317525 3.3432992 83
-2.3742545 -7.6259017 3.4070296 14
0.67138505 -2.3105347 3.4490361 62
0.78499883 -2.3277431 3.459316 68
1.1454718 -1.8409812 3.4408436 101.5
-2.8479078 -1.7272462 3.4027028 60
1.1241263 -1.73462 3.4957588 76
6.7930269 -1.6243215 3.4832621 7
-3.6752732 -1.5997939 3.4100058 51
1.1784823 -1.538097 3.4674435 88
-4.7572155 -1.4075062 3.4540219 19
-4.5038719 -1.4533857 3.479305 54
1.1665801 -1.4694102 3.487623 91
-2.4181767 -0.958 3.4919279 69
1.8523328 -0.96411592 3.4337575 21
1.9425447 -0.98512828 3.4024992 5
-2.3953099 -0.86649269 3.4909992 76
-2.3685744 -0.77378666 3.4818766 75
1.4341373 -0.73734355 3.459043 52
1.5066907 -0.75159979 3.4391339 65.5
-2.3463135 -0.68430835 3.4758804 81
1.4754438 -0.63208878 3.4518168 99
-2.3250706 -0.59581012 3.4698105 76
-2.299005 -0.50647384 3.4540985 72
1.4510556 -0.53915375 3.469826 98
-2.2774782 -0.42000836 3.4440603 78
0.97184426 -0.461483 3.4201682 19
1.4709257 -0.44683704 3.4609127 97.333336
-2.2650297 -0.33527818 3.4463367 77
1.4604493 -0.33676523 3.4662335 97.5
1.7605505 -0.35227269 3.4522274 150
-2.2499344 -0.25065455 3.4408066 72
1.4629257 -0.24329674 3.4647341 99.5
-2.2371819 -0.16695797 3.4391072 75
1.0533845 -0.13780205 3.4413321 19
1.4670744 -0.15160596 3.4643137 99.75
1.8397264 -0.10109442 3.4867451 150
-2.2217999 -0.041820455 3.4392664 77
1.4447944 -0.048979416 3.4747803 93
1.5059419 -0.042478904 3.4555373 97.5
1.8203895 -0.044268567 3.4184444 150
-2.2048714 0.082238868 3.4325426 76
1.4544396 0.045884386 3.4728649 99.5
1.5151644 0.07125932 3.4492426 104.5
-2.1982696 0.166067 3.4323499 76
1.4662203 0.14183617 3.466414 98
1.5257949 0.15650463 3.4481337 104
-2.1928501 0.2489315 3.4340765 81
1.480323 0.23614419 3.4643683 100.5
1.5350413 0.24070708 3.4403708 103.5
-2.1847637 0.33268976 3.4279895 73
1.49807 0.33141193 3.4640007 97
1.5406967 0.36791459 3.4499962 100
-2.1858625 0.41772681 3.4361882 80
1.559616 0.46449283 3.4488764 96.666664
-2.1784415 0.5449748 3.4296725 77.5
1.5620446 0.55206138 3.4477108 91
-2.1788635 0.67444783 3.4335327 81
1.5706559 0.64743108 3.4528325 97
1.6156921 0.63817024 3.4358985 95.5
1.9833391 0.65338171 3.4326494 150
-2.1792758 0.76141608 3.4337513 86
1.5893325 0.71018666 3.4520864 97
1.6303949 0.75755054 3.4301732 105.66666
2.0080752 0.71097934 3.4482911 150
2.1462357 0.70576471 3.4761605 48
-2.1828866 0.8504656 3.4367003 83
-2.1862538 0.93948954 3.4366612 76
-2.1966541 1.0337433 3.4500477 91
-2.2020428 1.1258122 3.4508231 92
-2.209388 1.2199179 3.451422 95
-2.4871964 1.3446302 3.4927585 37
-0.24663508 3.3186736 3.4859807 37
-0.23643905 3.4326303 3.4386511 19
-0.22423849 3.5755954 3.4145715 2
0.018746113 4.794364 3.4649732 16
0.036511041 4.9680777 3.411679 24
0.25953183 5.1383848 3.4044733 41
0.31945559 5.1389837 3.4122229 23
0.77100843 -2.3161027 3.5953424 67
0.65246004 -2.2740908 3.5591102 43
0.71384841 -2.0061736 3.5775115 12
-2.9241147 -1.7056721 3.546335 53
-2.6888494 -1.766013 3.5470488 76
-3.5121431 -1.611051 3.5546165 47
-2.6771309 -1.6780351 3.5833445 72
-3.7760952 -1.5752808 3.5525689 45
-2.630218 -1.5631241 3.56411 68
1.0898035 -1.5426304 3.5539479 82
-4.6083026 -1.420031 3.5418916 43
-4.3677015 -1.4690759 3.5573828 46
-2.5924587 -1.4579563 3.5562494 68
1.0719934 -1.4288602 3.5894995 88
1.1560031 -1.4007699 3.5073047 94
-2.5496924 -1.3509656 3.5367467 68
1.1463726 -1.3342776 3.5295923 85
-2.5114846 -1.2478462 3.5229254 64
1.1370242 -1.2657148 3.5465469 88
-2.4844463 -1.1514258 3.5212884 71
1.1253473 -1.1648813 3.5763898 91
-2.4526038 -1.0551648 3.5100162 73
6.9304533 -1.0013776 3.567344 6
1.8297784 -0.97411281 3.5412757 27
1.4674455 -0.86492455 3.5566401 34
1.5369729 -0.86358583 3.5144422 20
1.8829159 -0.81731731 3.5867152 10
1.0836395 -0.74302298 3.5975285 115.5
1.8362473 -0.75182104 3.5820801 87.666664
-2.661114 -0.66990727 3.5994813 65
0.99413794 -0.63514769 3.5949359 49
1.847836 -0.6584751 3.5800388 87.333336
-2.6311321 -0.54735297 3.5924506 78
0.98297638 -0.54631871 3.5064285 21
1.0752949 -0.57263172 3.5983889 114
1.7949708 -0.5193913 3.5538857 89
1.8377862 -0.55440581 3.5673931 83.666664
1.9704907 -0.53729683 3.5965865 78
-2.5995677 -0.4240396 3.5774908 72
1.7868917 -0.45334366 3.5328279 130
1.8505248 -0.44882408 3.5569613 77
1.9642735 -0.44523451 3.5834522 81.5
-2.5848949 -0.34470382 3.5755107 69
1.0692146 -0.3054314 3.5849566 40
1.8466473 -0.3597998 3.546257 85.5
1.9607646 -0.35421616 3.5715771 81
-2.5708222 -0.26687181 3.5728381 83
1.0629547 -0.23598047 3.5274746 23
1.8457631 -0.24386138 3.5325291 84
1.9612981 -0.26576358 3.5615983 78.5
-2.5540633 -0.14857703 3.5720615 73.5
1.8476558 -0.15796575 3.522321 107
1.9681151 -0.14939447 3.5557089 75
-2.5337033 -0.030632293 3.5625191 79
1.9784141 -0.035605393 3.5481529 75.5
-2.5230334 0.047863018 3.5593052 78
1.9879372 0.049192395 3.541254 71
-2.5144269 0.12647048 3.5569508 76
1.9969997 0.10501319 3.5379117 77
2.0060637 0.1608337 3.5345688 75
-2.5064273 0.24371408 3.5586154 81
2.0220695 0.24450555 3.5279081 76
-2.5003116 0.36201969 3.5591247 75
2.0493147 0.35550421 3.5265172 82.5
-2.4969249 0.44194245 3.5603948 82
2.0786092 0.46592182 3.5194659 82.5
-2.4932666 0.52176791 3.5576763 86
2.1065326 0.54891992 3.5215862 76
-2.4959311 0.6446104 3.5644963 79.5
2.1330986 0.6312784 3.5175705 78.5
-2.4960144 0.76816964 3.5634563 87
-2.5028341 0.85266966 3.5699351 72
-2.5020854 0.93462366 3.5669696 77
-2.5075257 1.0199571 3.5685117 81
-2.5191803 1.1526766 3.5734792 75
-2.5338318 1.2885712 3.5801702 78
-2.9845247 1.4168731 3.5119994 20
-3.7930901 1.5682639 3.558301 15
-4.3541865 1.6661843 3.5978553 20
-0.26734138 3.0697496 3.5495083 48
-0.25662068 3.1927118 3.5192823 49
0.69796187 7.978416 3.5108085 49
-3.8800111 -1.5439712 3.6996334 40
-2.9342473 -1.485003 3.6894794 68
-4.7480745 -1.3899119 3.6975164 9
-2.8970227 -1.3868773 3.6785297 71
1.0621101 -1.3527092 3.6097107 87
-2.8585315 -1.2888935 3.6636612 69
1.0527148 -1.2765585 3.6312499 95
-2.8232841 -1.1947457 3.6496706 68
-2.7926171 -1.104267 3.6414759 71
1.0376706 -1.1539078 3.6360469 110
-2.7664163 -1.0164833 3.6380582 76
1.0254453 -1.0352657 3.6465886 113
1.1149132 -1.0641217 3.6034999 100
-2.7341666 -0.92524546 3.6219342 70
1.0170043 -0.95321721 3.6376588 116
1.1046369 -0.95811182 3.6124094 115.5
2.0298767 -0.99014735 3.6431167 0
-2.7098968 -0.8404417 3.6154535 69
1.0522985 -0.86270213 3.6243224 114
-2.683408 -0.75377756 3.607074 74
1.0029005 -0.75612473 3.6274543 104
1.9943528 -0.75963634 3.625402 86
1.0788225 -0.64168161 3.6062849 126
1.9790522 -0.66144967 3.6046984 81
1.0745571 -0.50742364 3.6083376 116
1.9743165 -0.59936595 3.6004336 84
1.0737669 -0.44124404 3.6160376 125
1.0725862 -0.37420568 3.6125512 98
7.0673013 -0.37010992 3.6327057 38
7.0830464 -0.20940369 3.6356609 71
7.1087966 -0.049846474 3.6440582 66
-7.7230849 0.27860078 3.6426926 3
4.4459429 0.38822663 3.669636 23
-7.6438222 0.46710578 3.6118407 71
4.0727906 0.45139638 3.6240475 19
-4.1172495 1.6273412 3.6080658 18
-7.1021118 2.0598938 3.6213748 4
-0.17892829 3.3924901 3.6865928 3
-0.076673485 3.7936985 3.6801753 17
-0.063451655 3.9384892 3.6426511 2
0.25856772 5.168725 3.6030452 25
0.52945518 7.3089809 3.6417246 16
0.58239007 7.7097764 3.6094632 20
0.75726545 -2.302397 3.7358057 98
0.73840785 -2.2103512 3.7562773 71
6.7796931 -2.2739379 3.7703974 68
-3.0094087 -1.6853743 3.7044187 75
-3.6228971 -1.5819023 3.7289395 46
-2.980562 -1.5904914 3.7110219 69
-4.5014338 -1.4335983 3.7248991 38
1.8959898 -0.96218336 3.7535107 14
1.9504273 -0.98064595 3.7231998 10
-3.2086854 -0.027500192 3.7984493 60
-3.1900437 0.065967001 3.7918596 64
-3.1779113 0.15763466 3.7907867 64
-3.1678088 0.25135729 3.7905331 66
5.7446165 0.2087841 3.7820673 27
-3.1585672 0.34408024 3.7882164 64
-3.1514592 0.43786946 3.787724 68
-3.1481695 0.53045988 3.7874126 65
-3.1439104 0.62529534 3.7847035 61
-3.1451778 0.72131437 3.7885599 66
-3.1472607 0.81833297 3.7903349 64
-3.152555 0.9164483 3.7948499 63
-5.0476613 1.7640731 3.7280488 41
-4.610971 1.727815 3.7517879 17
-5.6712327 1.9470822 3.7024302 11
-5.9775043 2.0048094 3.7444239 45
0.35848159 2.6425805 3.7202415 10
0.41463378 2.6165771 3.7146742 22
-0.23120001 3.1266315 3.7028618 50
-0.20989382 3.2726054 3.7122929 58
-0.1156904 3.380307 3.7867088 45
-0.1034038 3.5090969 3.7471535 44
0.2520667 5.1450315 3.7711282 14
0.68761933 7.9410048 3.7237844 25
6.8715954 -2.1179988 3.8183641 38
6.8779316 -1.9351915 3.8151469 58
6.8927021 -1.7547507 3.8130808 73
-4.0137172 -1.5224475 3.8790021 44
6.9173427 -1.5806253 3.817853 76
6.9505162 -1.4078405 3.8251681 78
-4.8942962 -1.356413 3.8606224 34
6.9779372 -1.2338769 3.8284223 74
7.0189223 -1.063385 3.8390305 71
-3.4931521 -0.90761721 3.8990545 60
-3.4483607 -0.80385 3.8823957 59
7.051228 -0.89163858 3.8428531 72
-3.4134119 -0.70276856 3.8750103 59
7.0813818 -0.71786648 3.8431735 74
-3.3760939 -0.60278624 3.8628137 58
-3.3417106 -0.50374728 3.8493905 60
7.1187091 -0.54534096 3.8474996 72
-3.3105257 -0.40661773 3.8377402 64
-3.2837765 -0.31134212 3.8307717 62
7.1481347 -0.370581 3.8456995 72
-3.2510381 -0.21431108 3.8122284 57
-3.2294829 -0.12090024 3.8068733 61
7.1724014 -0.19765744 3.8405862 73
7.1590314 -0.023516404 3.8113537 43
-7.6091599 0.45990819 3.8789968 23
4.1655016 0.44397989 3.8514409 22
-7.5422645 0.64237398 3.8473577 25
-3.1662982 1.0188103 3.805661 64
-3.1722047 1.1199025 3.8060844 68
-3.1845095 1.2241877 3.8119779 62
-3.2019968 1.3306117 3.8204408 69
-3.2183068 1.4379919 3.8269839 74
-3.5274315 1.519026 3.8087354 18
-4.8989682 1.7816974 3.8930812 17
-4.9893765 1.8124698 3.8347208 24
-3.3191025 1.9044408 3.86796 2
-0.15638483 3.1107731 3.8679187 52.5
-0.12727225 3.2585244 3.8303144 43
0.080816366 3.2522764 3.8820856 150
-0.12673444 3.3547666 3.8578351 81
-0.099923782 3.466208 3.8230243 2
-3.7492321 -1.5532212 3.9220793 55
-4.6652966 -1.4010308 3.9171698 36
-3.7615063 -1.4663832 3.9862864 63
-5.0534129 -1.3468977 3.9452736 38
-3.6967571 -1.3471415 3.9630198 61
-3.640763 -1.2336279 3.9471426 62
-3.5843129 -1.1211799 3.9252965 62
-3.5365951 -1.0134609 3.9108307 61
2.1467645 -1.006209 3.9602554 16
2.016324 -0.96524221 3.9257596 12
-3.7738144 -0.5276317 3.9940391 60
-3.7402787 -0.43618485 3.9804451 62
-3.7186916 -0.34706485 3.9780724 62
-3.689297 -0.25744238 3.9652238 60
-3.6719234 -0.17012608 3.9645929 61
-3.6467426 -0.082307175 3.9534872 60
-3.6194663 0.049447894 3.9430904 59
-3.6029227 0.18079291 3.9419568 59
-3.5936115 0.26641411 3.9407854 61
-3.5862901 0.35413006 3.9404294 60
4.915205 0.35150719 3.9162166 24
-3.580925 0.44292036 3.9399107 61
4.1565089 0.45861414 3.9575157 55
-3.5759761 0.53322941 3.939796 61
-3.567281 0.62079948 3.9345188 58
-3.5756032 0.71333271 3.9449539 62
-3.5790398 0.8505007 3.9457545 63
-8.3451262 0.93644679 3.9706974 29
-3.5843964 0.9897421 3.9463747 61
-7.750802 1.0493001 3.9619739 11
-3.6017191 1.0876729 3.9590576 63
-3.6156216 1.1853625 3.965977 62
-3.6282749 1.283949 3.9699597 61
-3.6493962 1.3870243 3.9822607 62
-3.663753 1.4876196 3.983072 64
-6.2743611 1.9247825 3.9305949 17
-3.4022353 2.1695943 3.9105511 2
0.050829418 3.4567597 3.9225843 150
0.1033763 3.4392283 3.9095783 96
0.069526643 3.6226881 3.9198935 80
-4.143867 -1.4921155 4.0554295 50
-5.0414667 -1.3158269 4.0265179 35
-5.4758768 -1.2849663 4.0039759 6
-4.0198288 -1.1044254 4.0830274 58
-3.9750032 -1.0054083 4.0700774 60
-3.9188299 -0.90313303 4.0408325 63
2.1931293 -0.96813613 4.0976691 23
-3.8749061 -0.80713642 4.024878 64
-3.8362236 -0.71188498 4.0115695 61
-3.8094573 -0.61997992 4.0085039 61
4.1712542 -0.4173111 4.0899329 79
4.1756387 -0.29057407 4.077486 82
4.1720252 -0.16271459 4.0560522 80
4.3009267 -0.17227492 4.0869622 81
4.176322 -0.038976304 4.043644 75
4.3087683 -0.045650292 4.0769453 76
4.1784739 0.085799895 4.0291586 81
4.3167276 0.082994424 4.0683064 80
4.1777849 0.2126264 4.0118957 81
4.3129206 0.21082884 4.0458879 73
4.4909801 0.24623431 4.0849428 78
5.8563757 0.20452417 4.0787277 25
4.1873512 0.33930928 4.0070748 81
4.322228 0.33742335 4.0372367 79
4.4953632 0.37904236 4.076828 94
-4.2711544 1.6738383 4.0549192 17
-4.6033816 1.732573 4.0769172 16
-6.2257156 1.9617354 4.0754318 17
-3.8207581 1.9576567 4.0789642 0
-4.1767502 -1.4184231 4.1316605 61
-4.8227315 -1.3576573 4.1077895 34
-4.1212368 -1.3109034 4.1142812 60
-5.7045693 -1.2155523 4.1115108 17
-5.5909662 -1.2215611 4.1415195 29
-4.0744004 -1.2079258 4.1033931 59
4.156374 -1.0699682 4.170588 57
4.2641253 -1.0958089 4.1881886 40
2.0122442 -0.97839224 4.1092901 11
4.1674275 -0.93736809 4.1628346 95
4.2808495 -0.96338284 4.1848969 93
4.1646008 -0.80456078 4.1391997 80
4.2852659 -0.82773435 4.1684871 81
4.1712089 -0.67488217 4.1273632 85
4.2881656 -0.69503295 4.1521678 78
4.4915586 -0.68437099 4.1934919 76
4.1698503 -0.54308188 4.1065259 87
4.2925253 -0.56236082 4.137218 85
4.4915094 -0.54653603 4.1770082 77
4.2888012 -0.43055016 4.1133285 74
4.4892006 -0.41298354 4.1567168 76
4.2966647 -0.3019484 4.1018682 75
4.4921346 -0.27816832 4.1457973 78
4.4927316 -0.14634977 4.130023 78
4.4905057 -0.014449278 4.1143227 76
4.4940214 0.11633819 4.1027226 77
4.9796295 0.30410466 4.1965976 73
-5.1103845 1.8174168 4.198503 11
-3.8979425 2.2032621 4.1072321 0
-3.9446306 2.3354931 4.1271 0
-3.9792213 2.4609125 4.1289358 0
-5.7402458 -1.2218682 4.2297792 33
-5.3552837 -1.2760864 4.2014561 41
-5.2219062 -1.2784742 4.2201428 28
-5.8925838 -1.166131 4.2980785 31
4.4988513 -1.103976 4.2513008 59
4.4988375 -0.96315819 4.2333722 89
4.498085 -0.82431149 4.2161918 78
4.9436665 -0.69609773 4.2993236 71
4.9439087 -0.54937953 4.2790756 72
4.9484587 -0.4057298 4.2644 71
-4.5714698 -0.20768562 4.2989173 45
4.9463658 -0.2629607 4.2421699 71
-4.5301003 -0.10081306 4.2830272 45
4.9596324 -0.12050141 4.2357197 72
-4.4953403 0.0050706188 4.2712264 48
4.9625716 0.020157678 4.2183118 72
5.3108993 0.088917032 4.2972832 72
-4.4417877 0.10918765 4.2368555 74
4.9685082 0.16275096 4.2036028 69
-4.446888 0.21353684 4.2590628 54
5.3062391 0.23688494 4.2811718 75
-4.4278712 0.31693456 4.2550936 48
-4.4150186 0.42252752 4.2536201 53
-4.4009624 0.52705443 4.2492485 52
-4.389873 0.63265842 4.2446308 50
-4.3884339 0.73961699 4.2482657 47
-4.3877335 0.84755969 4.2488213 45
-4.3912301 0.95664579 4.2520418 49
-4.3945456 1.0667039 4.2532582 50
-4.411603 1.1802443 4.2643824 47
-4.4229746 1.2935332 4.2669306 48
-4.4406142 1.4110419 4.2739449 48
-4.4698195 1.5329528 4.2890191 48
-4.4944925 1.654665 4.2974324 49
-5.1360893 1.811501 4.2641816 20
-8.7688074 2.3691134 4.2059879 69
-5.0257945 -1.3185734 4.3410244 28
-5.8250628 -1.1772276 4.3705578 30
4.944098 -1.1433035 4.3601398 75
4.9459515 -0.99359477 4.3426247 79
4.9492207 -0.84394228 4.3250618 73
-4.825068 -0.75970203 4.3830199 39
-4.7675443 -0.64649749 4.3648853 42
5.3521233 -0.65820396 4.3922858 68
-4.7153463 -0.53410751 4.3503585 42
5.3338394 -0.50502962 4.3644476 66
-4.6585126 -0.42394093 4.3272014 42
-4.6091547 -0.31451041 4.3094864 42
5.3285103 -0.35405186 4.3476272 70
5.3260112 -0.20611435 4.3335919 71
5.3112426 -0.05798978 4.3092437 71
6.5682521 0.077392258 4.3961444 129
-5.6736822 1.8932785 4.3735461 14
6.5464706 -2.3713279 4.4629045 120
6.5448089 -2.1826396 4.4589667 118
6.5487385 -1.9987065 4.4602828 114
6.5367932 -1.8145509 4.4478183 112
6.5405397 -1.6366377 4.4463491 113
6.5385799 -1.4566374 4.4407516 110
-5.4324341 -1.2394717 4.4416256 30
-5.1275291 -1.2442435 4.4844351 49
6.5343361 -1.280618 4.4316964 125
-5.0537028 -1.1214771 4.4664373 40
5.3900876 -1.1314616 4.4628849 74
6.5358415 -1.1066751 4.4281793 122
-4.9664025 -0.9952662 4.4313979 39
5.3777132 -0.97138405 4.4390903 68
6.545826 -0.93787926 4.4287429 123
-4.9017906 -0.87824726 4.413764 39
5.3617334 -0.81224233 4.4132686 69
6.5429459 -0.7648896 4.4196715 124
6.5371141 -0.59486061 4.4078584 123
6.5514174 -0.42613396 4.4111428 123
-5.0935359 -0.21447347 4.484158 41
6.3072276 -0.28188342 4.4919786 122
6.5570254 -0.25829166 4.4061465 122
-5.0515733 -0.11336114 4.4690175 42
6.320653 -0.1135279 4.4819341 122
-5.0212679 -0.012653414 4.4620652 40
6.5626364 -0.090449594 4.4011469 121
-4.991816 0.088050462 4.4530463 41
6.3340335 0.054800592 4.4704738 124
-4.9601598 0.18660007 4.4402289 43
-4.9412622 0.28581929 4.4374986 40
-4.9200106 0.38486144 4.4299312 42
-4.9049945 0.48520747 4.4258947 43
-4.8984241 0.58699298 4.4282346 43
-4.8873992 0.68748701 4.4239087 41
-4.8794012 0.78911161 4.4203424 40
-4.8797774 0.89215434 4.4221549 43
-8.6001215 0.95137608 4.4069033 5
-4.8832145 0.997347 4.4257073 40
-4.884191 1.1013218 4.4224463 40
-4.9031577 1.2112691 4.4347987 40
-4.9149985 1.3221552 4.4399648 39
-4.9346166 1.4350802 4.4491901 40
-4.9634552 1.5514379 4.462688 41
-4.9878349 1.6685208 4.4704847 41
-5.0131021 1.7866163 4.4771924 44
-5.498939 1.8998623 4.4106941 9
-5.9770546 1.918337 4.4334517 12
-4.7826552 2.490449 4.4147201 1
-4.8679948 2.6601686 4.4568348 2
-4.953198 2.8350594 4.4949884 0
6.1628728 -2.1954193 4.5902133 110
6.1778355 -2.0119658 4.5858245 108
6.1841063 -1.8292716 4.5760665 108
6.1952367 -1.6507343 4.5683441 108
6.2049131 -1.4721656 4.5592513 108
-5.7268586 -1.201988 4.5183001 34
6.2188053 -1.2967147 4.5529032 107
-6.1192517 -1.1244081 4.5240574 33.5
-6.0505157 -1.1212126 4.5960541 30
6.2297921 -1.1221749 4.5452476 120
6.2457843 -0.9651497 4.5241008 122
-5.3465152 -0.73627919 4.5651097 40
6.2630229 -0.79385698 4.5188293 121
-5.2881465 -0.62983346 4.5480332 40
6.2736912 -0.62240654 4.5074124 118
-5.2347631 -0.52320123 4.530592 42
-5.1847048 -0.41939127 4.5159793 41
6.2937264 -0.45320949 4.5034947 121
-5.1386743 -0.31643116 4.501092 41
-5.0439162 3.0148854 4.5325217 0
-5.1489253 3.2091846 4.5777612 0
-5.5972557 -1.180523 4.626554 45
-6.5382271 -1.0954373 4.6583433 38
-5.5794258 -1.0767077 4.6547103 33
-5.4987197 -0.96134669 4.6250253 32
-5.4308939 -0.85032618 4.6045241 32
-5.6666288 0.23504454 4.6945758 33
-5.6377301 0.34701729 4.6879053 33
-5.6075001 0.45989561 4.6773114 33
-5.5812912 0.57189375 4.6664271 33
-5.5667048 0.68536371 4.6636567 33
-5.5626378 0.80125839 4.668066 33
-5.555079 0.91595137 4.6657434 33
-5.561152 1.0341891 4.6723504 33
-5.5552559 1.1498759 4.6658759 33
-5.5608912 1.2700311 4.6674724 33
-5.5843444 1.3948958 4.6806679 33
-5.6064668 1.5206649 4.6899409 34
5.6373596 -2.0505452 4.7537742 124
5.6477098 -1.8777894 4.7512498 120
5.6601686 -1.7080634 4.7508197 123
5.6582894 -1.5321351 4.736536 116
5.6404405 -1.3579816 4.7070942 114
-6.372128 -1.059363 4.7565975 30
-5.9230332 -0.33660954 4.7817674 34
-5.8512406 -0.22025421 4.7542272 34
-5.8015876 -0.10502814 4.7400575 34
-5.7475228 0.0089836251 4.7202296 34
-5.9607806 0.1741683 4.7975512 34
-5.7028432 0.1223458 4.704711 33
-5.916729 0.28434393 4.7807012 33
-5.8789182 0.39377674 4.7664099 35
-5.8664856 0.50537825 4.7702408 34
-5.8420496 0.61635512 4.760942 34
-5.8269987 0.728742 4.7569346 34
-5.8128734 0.84114397 4.7518563 33
-5.8113461 0.95511037 4.7548361 33
-5.8169937 1.0723807 4.7612309 34
-5.8344746 1.1749635 4.780467 41.5
-5.8183498 1.3185319 4.7729673 41
-5.8547935 1.4319175 4.7807269 33
-5.7781415 1.4984691 4.7704473 47
-5.8764572 1.5567852 4.7898011 34
-5.7421875 1.6694061 4.7570677 48
-5.6357841 1.6497025 4.7026215 34
-5.6701179 1.7829167 4.7168579 35
-5.7129765 1.8408583 4.7497158 52
-5.7052684 1.9171262 4.7290106 36
-5.5585499 2.7187374 4.7135096 0
5.3511381 -1.936576 4.8595266 145
5.3596926 -1.7620674 4.8442054 127
5.3731661 -1.5936404 4.8351946 127
5.3750043 -1.4220114 4.8123512 114
-6.1496377 -1.117041 4.8778453 40
-6.3348837 -1.0667292 4.869215 37
-6.2538199 -0.8279134 4.8985152 34
-6.1634488 -0.70115864 4.8682222 35
-6.0672731 -0.57539463 4.8298836 34
-6.1185803 -0.40128773 4.8989444 38
-5.9893723 -0.45522425 4.8027434 34
-6.1792989 -0.2758863 4.8760276 34
-6.0763311 -0.22291377 4.8763046 46
-6.1070766 -0.16088052 4.8471427 34
-6.0573606 -0.047361314 4.8531442 42
-6.0079341 0.063113205 4.8151913 34
-6.0216756 0.12808971 4.8570695 46
-5.994925 0.30062723 4.847816 48
-5.9616184 0.4736951 4.8339076 48
-5.9294715 0.64487267 4.8220215 49
-5.9037805 0.81751776 4.8147449 51
-5.8749485 0.98793292 4.8052025 51
-5.9031892 1.6838531 4.8004627 34
-5.9454131 1.8175966 4.8198719 34
-5.9973807 1.959197 4.846735 37
5.0972624 -1.9488951 4.9865417 143
5.1095881 -1.780297 4.977869 150
5.1298251 -1.6158108 4.9782276 150
5.1456852 -1.4522538 4.9744663 150
-6.5892725 -1.0385087 4.9021664 39
-6.6281476 -0.99469829 4.9999743 40
-6.3482103 -0.95554656 4.9285169 36
-6.1961389 -0.94505394 4.928061 40
-6.4910941 -0.75125688 4.9821482 33
-6.1767688 -0.76299727 4.9229803 39
-6.4142313 -0.62928325 4.9614921 32
-6.3317881 -0.5096401 4.932272 34
-6.1484027 -0.58058703 4.9115033 39
-6.2546568 -0.39276978 4.9057198 36
-9.5580215 2.5386777 4.9175401 2
5.0166521 -1.6548411 5.0986323 150
5.0366063 -1.4905304 5.0940409 150
-6.5880423 -0.87533098 5.0153875 35
-6.6534486 1.2255948 5.0900912 42
-6.6400714 1.4182073 5.0940018 42
-6.6007752 1.6079729 5.0758724 42
-6.5624771 1.7988449 5.0597477 42
-6.5326262 1.9893043 5.0507617 43
4.9680018 -1.8157034 5.1335745 150
4.9614863 -1.6479034 5.1624823 150
4.9864058 -1.483927 5.1656528 150
-6.9432869 -0.70614803 5.1969686 44
-6.922195 -0.50513095 5.191864 43
-6.9038072 -0.30893946 5.1886096 43
-6.8648062 -0.11416864 5.1695962 43
-6.8407207 0.081631064 5.1623111 44
-6.802804 0.2714552 5.1439443 42
-6.7707829 0.46271038 5.1309876 42
-6.7487836 0.65467411 5.1263494 41
-6.722816 0.84436554 5.118876 42
-6.6859193 1.035292 5.1024642 41
-6.8567553 3.3251898 5.1944494 1
-6.9727201 -0.90556794 5.2092128 47
-7.1692309 1.2400578 5.2804732 33
-7.125905 1.6528977 5.2765269 47
-7.0791192 1.853808 5.2545877 47
-7.039506 2.0577223 5.2399006 47
-8.0080452 2.3104961 5.2800994 1
-10.832278 2.6492486 5.2209749 6
-7.4242191 -0.19631889 5.3790927 34
-7.4218802 0.010606575 5.389555 44
-7.3700957 0.22050871 5.3642426 42
-7.3257761 0.42541513 5.343967 43
-7.2773147 0.6293205 5.3208971 33
-7.2584081 0.83623999 5.3201809 44
-7.2201695 1.0401512 5.3052144 47
-8.5327559 2.3948855 5.3907857 1
-7.5616584 -0.84602803 5.4405293 51
-7.5217347 -0.63012272 5.424427 49
-7.4953456 -0.40920988 5.4186621 44
-8.8447065 -0.60186577 5.727109 37
-9.1410503 1.1002042 5.991775 36
-9.1015806 1.3471549 5.975234 39
-9.0791197 1.59315 5.9694195 38
-9.015439 2.0889921 5.9458599 39
-8.9959793 2.3411875 5.9422207 40
-9.3563747 -0.38825309 6.0785227 40
-9.3064804 0.10988235 6.0632086 36
-9.2188587 0.35781845 6.0140419 37
-9.2190952 0.60825205 6.0242457 37
-9.1829281 0.8544082 6.0100212 39
-10.001449 1.3968657 6.2797017 35
-10.252041 0.30596936 6.3802438 37
-10.204075 0.58374059 6.3659391 34
-10.121894 0.85440063 6.3272977 36
-10.079212 1.1261874 6.3141499 36
