# .PCD v0.7 - Point Cloud Data file format
VERSION 0.7
FIELDS x y z intensity
SIZE 4 4 4 4
TYPE F F F F
COUNT 1 1 1 1
WIDTH 4881
HEIGHT 1
VIEWPOINT 0 0 0 1 0 0 0
POINTS 4881
DATA ascii
-0.35522431 -2.0326748 -1.1342453 7
1.1077207 -2.676693 -1.0832216 103
-0.35135189 -2.0269599 -1.0555366 15
-0.23595554 -2.0339515 -1.0258765 1
2.616847 -2.8409522 -0.90684849 45
1.8778737 -2.7586641 -0.90090364 81
1.9445943 -2.7742541 -0.95913327 75.5
1.2864418 -2.5365696 -0.94437599 25
1.3364021 -2.5489655 -0.92682487 23
1.2673421 -2.4906096 -0.9894861 1
1.0077087 -2.3846459 -0.95729125 59
-0.55937493 -2.0005667 -0.97523355 5
-0.35526109 -2.0257287 -0.94673759 14.444445
-0.23306744 -2.0335417 -0.94339961 10.333333
-0.56228572 -1.9985628 -0.91926908 70
2.4802649 -2.8234944 -0.86586845 71
2.5505114 -2.8324621 -0.82837558 76
1.8288221 -2.7470365 -0.82664496 81
1.9053496 -2.7656007 -0.86128289 81
2.1826415 -2.7786186 -0.8824212 88
2.2644105 -2.7806668 -0.82030165 54
1.3388897 -2.6910212 -0.85906154 95.333336
1.4371462 -2.6940742 -0.83249986 102.5
1.3401661 -2.593734 -0.8669576 36
0.97411203 -2.3667164 -0.83735311 62.75
1.0229897 -2.3860874 -0.8903873 93
-0.45828307 -2.0143044 -0.84213972 31.333334
-0.37434092 -2.0152798 -0.87312967 13.666667
-0.23186152 -2.0284042 -0.86140174 48
-0.19268477 -2.0295737 -0.84240866 14
0.27937666 -2.078306 -0.82230365 14
0.35052598 -2.0902615 -0.87509686 7
0.42350474 -2.0958004 -0.83130234 1
-1.2016902 -1.978335 -0.81646031 15
-1.1385156 -1.9706192 -0.82579178 16
-1.066963 -1.9560645 -0.8493759 9.25
-0.85124964 -1.9702952 -0.84622508 3
-0.56662494 -1.9910568 -0.83582145 17
2.4527826 -2.817966 -0.77085507 76.5
1.5098585 -2.7037735 -0.76744694 24
1.7815286 -2.736397 -0.75377691 91
1.8286538 -2.7470422 -0.7488749 85.5
2.3580635 -2.7985559 -0.71531218 22
1.2570943 -2.6438677 -0.75283933 131.33333
0.89615536 -2.4194667 -0.75627887 77
0.93813676 -2.4377942 -0.72993368 83.400002
1.1210905 -2.4449065 -0.74155337 75
0.66017085 -2.3240283 -0.73746711 16
0.73093379 -2.3505225 -0.74819034 17
0.81198317 -2.3646588 -0.70205539 50
0.95547092 -2.379508 -0.77788711 37.200001
1.0647393 -2.3660519 -0.75829083 63
0.47952387 -2.1183228 -0.76756132 17
0.53431481 -2.1202233 -0.70697749 20
-1.4986594 -2.0664635 -0.73670042 21
-0.54507816 -2.0036058 -0.771348 16.75
-0.36115786 -2.0069423 -0.76765126 14.5
-0.2330215 -2.0265443 -0.78296608 14
-0.15912507 -2.0496371 -0.78104377 20
-0.076056458 -2.0645781 -0.71207988 15
0.16705878 -2.0628743 -0.73933929 12
0.2609207 -2.0740175 -0.75433075 23
0.35468039 -2.0842557 -0.77406049 14.5
-1.6262045 -1.9294939 -0.75635266 66.5
-1.3565441 -1.9688382 -0.73755807 16.666666
-1.2540233 -1.9826616 -0.75289786 2.5
-1.1835204 -1.9994825 -0.77937585 13
-0.84849286 -1.956255 -0.76366556 11
-0.63306111 -1.992458 -0.7041586 15
-0.58775151 -1.9932337 -0.73840791 15.666667
-1.9101702 -1.680284 -0.70445299 19
-1.8724624 -1.6331724 -0.72527307 8
2.4225821 -2.813375 -0.6769138 18
1.7513083 -2.7400041 -0.66547489 24
0.9032163 -2.6136823 -0.65975177 23
1.1939747 -2.663801 -0.67066854 24
1.2623826 -2.6752434 -0.67678285 25
1.3275326 -2.6723621 -0.65450567 112.5
0.94808537 -2.5316718 -0.6429534 90
1.2325728 -2.5626116 -0.69109857 150
0.87267923 -2.4647501 -0.67714089 62
0.91595984 -2.4686236 -0.67665964 71
1.1600205 -2.4347949 -0.69696653 98
0.67839217 -2.3384132 -0.62979209 4
0.74789953 -2.3689661 -0.6644128 31
0.85408777 -2.3705671 -0.65944141 76.333336
2.4721768 -2.2367637 -0.62345862 32
0.56964952 -2.1201584 -0.66727537 17
0.61929834 -2.1260834 -0.6216687 12
-1.5035906 -2.0009012 -0.69582433 56
-1.4340495 -2.0588198 -0.66785693 31.5
-0.41433364 -2.0389676 -0.63947588 15.5
-0.32865509 -2.0433927 -0.67944968 11
-0.23059024 -2.0417075 -0.63985378 13.25
-0.026718579 -2.0520198 -0.63717443 12.5
0.029975161 -2.0548065 -0.64222068 17
0.15394856 -2.0684059 -0.64903766 13
0.22479281 -2.0676112 -0.66780484 13.5
0.36331081 -2.0883834 -0.63656986 31.333334
0.45545372 -2.0803332 -0.6531595 7.5
0.51185292 -2.0944409 -0.63111836 8
-1.5368907 -1.9158753 -0.63211322 53
-1.4735036 -1.9486849 -0.6286099 53.5
-1.3349665 -1.9919845 -0.6818676 19
-1.2405877 -1.9542167 -0.67887384 34.5
-0.73572135 -1.9781519 -0.62857139 19
-0.66227949 -1.9837197 -0.67391342 17.25
-2.0259361 -1.8439965 -0.64784223 18
-1.5886347 -1.8953403 -0.67205882 60
-1.973106 -1.7654754 -0.66979587 18.5
-1.9154195 -1.6923445 -0.69209987 18
1.6696239 -2.71667 -0.50471866 90
1.7276511 -2.7067933 -0.57151705 101
1.8016596 -2.7024953 -0.50642163 97
1.097494 -2.639065 -0.53406721 115
1.1583692 -2.6527569 -0.54075569 93
1.3965536 -2.670167 -0.58851045 119
1.4683908 -2.6729646 -0.52397645 111
0.79397339 -2.5158045 -0.51306659 135
0.98843509 -2.5166273 -0.59553421 69
1.0455201 -2.5962918 -0.56956786 136
0.83163744 -2.4860091 -0.50529242 86
0.62196052 -2.3500609 -0.50138289 13
0.75493264 -2.3460953 -0.56642443 30.666666
0.83514881 -2.3607678 -0.5875892 5
0.55934817 -2.2595973 -0.53204119 48.666668
0.65123433 -2.2273169 -0.53484321 30.666666
-1.0655676 -2.1538234 -0.52549648 10
0.48175126 -2.1027222 -0.51609474 21
0.55851561 -2.1842239 -0.52425826 20.5
0.63427782 -2.1600208 -0.57768762 49.333332
-1.2143407 -2.023149 -0.50185966 79
-0.34219471 -2.0230019 -0.55907351 32.833332
-0.28172946 -2.0301132 -0.53389108 16.666666
-0.12779744 -2.0406241 -0.55394822 22
-0.066950642 -2.0460162 -0.54445076 34
0.070866056 -2.0529416 -0.54108602 38
0.12258843 -2.0706098 -0.54900014 13.5
0.2617518 -2.0764151 -0.55254209 12.25
0.33895233 -2.0769641 -0.53948438 12.666667
0.43218046 -2.0870614 -0.57489884 25.25
-1.537973 -1.9150301 -0.53614527 41
-1.4656703 -1.9323529 -0.57074296 59
-1.199849 -1.9807948 -0.5344252 17
-0.94055665 -1.9703481 -0.51202774 24.5
-0.84659588 -1.9564819 -0.54048091 19.142857
-0.77547741 -1.9669522 -0.57652831 73
2.2888315 -1.9575645 -0.51993376 6
3.6100185 -1.9736669 -0.52093863 2
-2.0230417 -1.8544621 -0.53358257 15
3.6616137 -1.7295777 -0.50724429 35
3.653605 -1.6704658 -0.5334416 43
-2.1756377 -1.5192034 -0.5440889 15
-2.1618648 -1.4681844 -0.54939425 16
1.6208637 -2.706223 -0.4617117 89
1.8548181 -2.7062616 -0.46360135 97
1.9143951 -2.7209611 -0.42307854 28
0.7666406 -2.6049666 -0.43467012 104.33334
0.96310705 -2.6314707 -0.41153306 31
1.0762743 -2.6343255 -0.44198281 101.5
1.1534452 -2.6434433 -0.45877272 108.75
1.2394977 -2.6586344 -0.40455976 29
1.5698929 -2.6847885 -0.43239078 105.33334
2.1303267 -2.6533492 -0.48242593 150
0.83486319 -2.5273871 -0.46904323 114
0.9045006 -2.5245714 -0.43742839 59
0.809196 -2.4037392 -0.49876302 32
0.56394267 -2.3237901 -0.453614 9.5
0.60055876 -2.3751056 -0.48991144 13
0.564538 -2.2762589 -0.44394615 24
0.60492933 -2.2960939 -0.43856969 26
2.220964 -2.2697082 -0.48683381 75
-1.2702558 -2.1670511 -0.44452012 37
-1.140981 -2.1301589 -0.47571522 4
-1.0538644 -2.1942017 -0.48873729 13
0.41672233 -2.106128 -0.40344724 16
-1.2365625 -2.082562 -0.47109425 25
-1.1640569 -2.0857086 -0.44438046 4
-0.42960852 -2.0008299 -0.46127844 17
-0.22764072 -2.0296693 -0.45751038 28.200001
-0.1776801 -2.0165732 -0.49483961 20
-0.056608398 -2.0468967 -0.4473958 18.4
0.006211652 -2.0489249 -0.46250644 35
0.14843605 -2.0543101 -0.45300063 15
0.23359309 -2.0601468 -0.45400006 14
0.35177985 -2.0769179 -0.46900824 15.666667
0.4352262 -2.084254 -0.44862524 16.666666
-0.94183713 -1.9874147 -0.46846044 12
-0.8922947 -1.9480215 -0.48393047 20
-0.59219235 -1.9780698 -0.42014372 4
-0.39511079 -1.9965717 -0.4869867 16
-2.023298 -1.8389102 -0.45617995 40.333332
-1.9898337 -1.8543766 -0.46010119 56
-1.5377766 -1.8763733 -0.44495043 35.666668
3.6733346 -1.8458903 -0.44800436 11
-2.3534923 -1.7507993 -0.45114255 15.333333
3.6759429 -1.7926369 -0.48036063 22
-2.377502 -1.6697567 -0.43365833 14
-2.3788171 -1.5631313 -0.43092161 13
-2.2209666 -1.492784 -0.47995174 0
3.7639227 -1.4983827 -0.40210882 67
-2.2425725 -1.1322043 -0.46048117 27
-1.4767299 -0.82433599 -0.40523708 12
-0.30891994 -0.74020487 -0.40341958 3.3333333
-0.3041715 -0.67018789 -0.40030605 1
0.28283057 -0.65187699 -0.4080185 0.66666669
-0.26865166 -0.51562393 -0.40905711 2.75
0.28603417 -0.56789392 -0.4081623 2.2857144
0.31173992 -0.52674097 -0.41224879 4
-0.58377004 -0.47050729 -0.40670091 3.6666667
-0.26765499 -0.46146783 -0.41405711 3.3333333
0.040754288 -0.44708791 -0.41375551 3.5999999
0.31407741 -0.45694125 -0.41881046 4.6363635
0.92589712 -0.40920967 -0.40180996 4
1.2131451 -0.44590127 -0.40436736 5.6666665
-0.56846237 -0.35817441 -0.41444859 5.6666665
-0.28011605 -0.37868688 -0.40348265 3
0.054221794 -0.36100805 -0.40658426 4.1666665
0.2995618 -0.36255985 -0.41539899 4
0.32877409 -0.3520892 -0.42401445 5.090909
0.92656505 -0.34849739 -0.40760684 3.7
1.1931914 -0.35227725 -0.40588313 1.75
1.2150745 -0.33961403 -0.40998858 4.4000001
-0.5620364 -0.24595603 -0.41820332 5.7142859
-0.2329217 -0.2078487 -0.42004389 4
0.069385327 -0.22869566 -0.40246901 5
0.34576789 -0.22226447 -0.42614388 5
0.92431796 -0.24897946 -0.4068594 3
1.1832104 -0.27109087 -0.41207775 1.75
1.2176877 -0.24137633 -0.41987967 2
-0.54663634 -0.14978397 -0.42988595 6.2222223
-0.24430907 -0.14197448 -0.41069576 4
0.059875052 -0.14024536 -0.40523881 4
0.35403803 -0.1451783 -0.42373735 4.7727275
0.62749505 -0.16687573 -0.40118155 4
0.9244172 -0.14792131 -0.4062967 3
1.1600084 -0.18526933 -0.40179789 1
1.2275586 -0.1491057 -0.43422684 12.2
-0.53698134 -0.047432337 -0.43541682 6.6666665
-0.2439176 -0.042397711 -0.41205487 4.3333335
0.064522758 -0.064752512 -0.40596136 3.8333333
0.36347416 -0.04977509 -0.42313486 5
0.9268595 -0.047039974 -0.40866297 3
1.2295542 -0.048342634 -0.4343982 5.1666665
-0.53136897 0.05534672 -0.43617356 6.7777777
-0.22732832 0.048244443 -0.41807023 4.090909
-0.19593346 0.071621716 -0.41716281 3
0.094118446 0.040720098 -0.41262546 5
0.3709262 0.046633642 -0.42839274 4.826087
0.40194035 0.045567062 -0.40721515 5
0.93408376 0.051610984 -0.41292197 3
1.2442855 0.051162213 -0.43698558 1.8
-0.5328179 0.15563136 -0.42572173 6.5
-0.2257344 0.14426184 -0.42432868 4.0555553
-0.18126506 0.15878864 -0.42669782 2.8333333
0.079975158 0.1214671 -0.42147434 3.5
0.10274839 0.14788719 -0.42956123 5
0.35321599 0.14974351 -0.43437779 4.8333335
0.40858456 0.14924055 -0.42022926 5.181818
0.62065488 0.15473227 -0.41036621 4
0.94537663 0.1574755 -0.41957811 3
1.2703412 0.14672665 -0.44307795 2.5999999
-0.8407383 0.26233917 -0.41184068 4.0714288
-0.79552293 0.2678583 -0.40200204 4
-0.54064494 0.24892356 -0.41057587 5.8571429
-0.4564234 0.26458547 -0.41895959 7
-0.23073892 0.25163391 -0.4139038 3.5
-0.17375483 0.26892081 -0.41312981 2.6666667
0.09919221 0.29054344 -0.44499028 3
0.11742291 0.25263211 -0.43395579 4.75
0.3623502 0.25393188 -0.43655547 5.2352943
0.41978267 0.25234032 -0.43067697 5.5714288
0.64801538 0.21048601 -0.41608196 2.5
0.95672035 0.25060394 -0.42670587 3
1.1933335 0.28295895 -0.41277623 1
1.2921296 0.24612615 -0.43719998 6
-0.83738708 0.34037265 -0.40957004 4.3000002
-0.78435463 0.35229021 -0.40165353 3
-0.55689645 0.34670383 -0.40137988 5.25
-0.46834585 0.34202066 -0.44480005 5.7142859
-0.24439096 0.35922393 -0.40783006 3
-0.16237614 0.31767902 -0.43359083 2
0.083644763 0.34870118 -0.43838578 2.5714285
0.13935775 0.35697258 -0.42805991 3.5
0.36740416 0.35926789 -0.44053626 5.1999998
0.42763573 0.34831893 -0.43007821 5.2307692
0.67871386 0.39621285 -0.44409525 2
0.73412788 0.32262647 -0.40983471 2
0.95949382 0.34214631 -0.43025154 3.4000001
1.0051167 0.36254257 -0.45380849 4
1.2453281 0.3385849 -0.43523693 2
1.3208934 0.3631402 -0.42520818 6.75
1.6178099 0.34968615 -0.43251413 4.5
-0.83455318 0.44186127 -0.41174421 3
-0.23610474 0.46159399 -0.41651514 3.1052632
0.055134188 0.44135338 -0.42894655 2.5999999
0.1469554 0.46022439 -0.43590498 4
0.35893941 0.44964433 -0.4353646 3.625
0.4307225 0.45580646 -0.43664822 3.7777777
0.64034033 0.44327071 -0.42364064 2.8333333
0.7354784 0.47424924 -0.45189849 2
0.89919913 0.48129594 -0.40173739 4
0.96179646 0.44557762 -0.43247479 3.4000001
1.0205163 0.45153898 -0.45601457 5
1.2817593 0.45311067 -0.46181232 1.25
1.3439817 0.45401776 -0.41090551 7
1.6306906 0.43101755 -0.40924689 4.3333335
-0.47762299 0.56128699 -0.42893469 3
-0.23210977 0.54118818 -0.41664109 3
-0.12846726 0.57407308 -0.44793105 1
0.15743171 0.54500192 -0.43164703 4.2857141
0.35089394 0.51584578 -0.42795005 2
0.43764439 0.55389357 -0.44923854 4.1666665
0.65794581 0.55735201 -0.43685389 3.5
0.88709217 0.57810909 -0.41028234 1
0.94714642 0.56301177 -0.42180642 4.8000002
1.0308225 0.57471406 -0.43683034 6.5
1.2826771 0.56657791 -0.43089604 7.3333335
1.3056083 0.53176153 -0.46469042 1.5
-1.1238029 0.69267565 -0.42269757 0
-0.52833492 0.62563723 -0.41988206 4.8000002
-0.47878158 0.61931151 -0.45151117 5
-0.22164252 0.68298781 -0.4232434 4
-0.16254099 0.65800571 -0.45814952 4.4545455
0.06643112 0.68993604 -0.41342399 0
0.17455773 0.62233865 -0.42355958 1
0.29537591 0.64865041 -0.40089884 4
0.35735375 0.64820057 -0.4314397 5.875
0.43056387 0.64777821 -0.43082073 9.9333334
0.68845385 0.61666268 -0.44535637 7
0.71801972 0.62825322 -0.42366308 12
0.92811471 0.60240698 -0.40104809 9
1.0195122 0.60002929 -0.4087798 15
-1.4677091 0.71469986 -0.40146244 4
-1.1295911 0.73683649 -0.41219023 0.85714287
-0.74938464 0.75094318 -0.4054442 4
-0.50135976 0.75760502 -0.40021166 16
-0.4455989 0.750314 -0.4270649 13.538462
-0.22443223 0.7216081 -0.41648072 5.7142859
-1.1248727 0.81010497 -0.41185865 2
-1.070134 0.8214246 -0.41137272 6
1.0605178 -2.6305897 -0.35244793 101.5
1.5565692 -2.691349 -0.34676492 94
1.6449496 -2.6824675 -0.37496406 27
1.8899 -2.3012297 -0.35005057 115
-1.2571375 -2.2728736 -0.39227998 14
0.32505548 -2.2413731 -0.35164684 14
0.62978572 -2.2533207 -0.39281169 6
-1.2602116 -2.1397769 -0.3496832 44
0.19466129 -2.1320665 -0.30567911 39
0.25109974 -2.13515 -0.35036534 18.5
0.47316927 -2.1542649 -0.34840199 19.5
0.55287725 -2.1904836 -0.34990552 41
1.8742794 -2.1597931 -0.33753994 46
-1.1905754 -2.0012059 -0.31390291 68
-0.2149981 -2.0090055 -0.31779787 36
-0.17988652 -2.0157764 -0.34628597 5
-0.01881882 -2.0328262 -0.35005248 6.3333335
0.069684319 -2.054322 -0.35615501 23.333334
0.11664721 -2.0315304 -0.34207794 0
0.23832977 -2.0763626 -0.39422798 13
1.9640055 -2.0694063 -0.33559388 40
-2.5115852 -1.9174209 -0.33627337 18
-1.5558367 -1.9246498 -0.35072476 8.5
-0.84349686 -1.9412073 -0.32164159 6
-0.5852837 -1.9673867 -0.34334886 28.75
-0.41378942 -1.9910622 -0.33300915 13
2.065357 -1.9902998 -0.39886081 84
-2.5525172 -1.8346248 -0.31373167 7.5
-2.4603214 -1.8624966 -0.38453156 14.5
-2.0138116 -1.8318893 -0.3522867 56
-1.9628506 -1.8454105 -0.35493955 61.666668
3.7405169 -1.8068472 -0.36787418 22
-2.5397573 -1.7597389 -0.33082563 12.5
-2.4555655 -1.7393093 -0.38186303 14
1.9182224 -1.7377762 -0.32386476 70
3.7526824 -1.7477808 -0.34049425 34
-2.5196235 -1.6893321 -0.34809676 13
-2.4553971 -1.6323533 -0.38408595 12
3.7613144 -1.6632339 -0.35554996 48.333332
3.7861497 -1.5738424 -0.34142822 70
3.8024526 -1.5217569 -0.31830904 87
1.8686826 -1.4167293 -0.33534732 7
3.7766893 -1.446314 -0.38108 77
3.7979338 -1.3971913 -0.36161569 88
3.8163188 -1.3470848 -0.34351492 90
3.8396297 -1.2699511 -0.31699455 97
-2.4212048 -0.90704137 -0.36707845 17
-2.3273816 -0.98177677 -0.39451513 10
0.5889104 -0.90967631 -0.36947894 2
0.90301555 -0.91541332 -0.3004953 4
1.0890067 -0.92348957 -0.32554424 0.5
-2.44767 -0.8395412 -0.34376287 21
-2.238317 -0.88517016 -0.3566882 2.5
-1.9473947 -0.86706805 -0.34910402 5
-1.6243713 -0.86450368 -0.35868096 4
-1.465765 -0.81859881 -0.34941822 8.75
-0.28123581 -0.80423528 -0.37273055 1
0.021129211 -0.81649226 -0.34846205 5.5
0.22998323 -0.81564069 -0.33262116 4.5
0.55083376 -0.82931322 -0.354352 2
0.61028922 -0.87771994 -0.33033544 1
0.79136622 -0.87116933 -0.32639226 0
0.87512892 -0.84231585 -0.33894396 2.8571429
0.90492743 -0.83264571 -0.31368226 4.5999999
1.070245 -0.85321361 -0.32123935 0
1.1791791 -0.85245651 -0.33698067 4.6666665
1.4859713 -0.8512311 -0.31182355 5
1.5029552 -0.80003762 -0.30377007 4
-2.5178008 -0.70864993 -0.30482718 20
-2.4904609 -0.75772506 -0.31922659 17.5
-1.8348013 -0.77922398 -0.31417686 29
-1.5095005 -0.76666158 -0.31657645 23
-1.0417246 -0.74844241 -0.34038717 0.60000002
-0.99070638 -0.7060371 -0.33659512 0
-0.41790462 -0.7606023 -0.34281042 2
-0.36689126 -0.74462962 -0.37204269 2.75
-0.27151164 -0.75578964 -0.3681764 1.9
-0.1296633 -0.70981312 -0.32162774 1
0.030792259 -0.74413389 -0.34327403 4.6666665
0.18410277 -0.7722702 -0.31735262 1.6666666
0.22549273 -0.75488085 -0.33853245 1.5
0.31570387 -0.7141304 -0.36426458 0.66666669
0.52449387 -0.74242169 -0.34075049 3.5
0.61615527 -0.71303582 -0.36785784 2.5
0.78661418 -0.73732257 -0.32556969 0.5
0.83970398 -0.7496891 -0.35855469 1.6666666
0.91003335 -0.76135319 -0.33241636 3.1428571
1.1754638 -0.73921746 -0.34939298 4.8333335
1.2079875 -0.72721124 -0.32420555 5
1.4838265 -0.75480902 -0.324426 3.2857144
1.5016698 -0.73228979 -0.31269601 4
1.7793707 -0.75069761 -0.31468108 12.333333
-1.2823006 -0.61027974 -0.34494418 2
-1.0080235 -0.68738043 -0.35045055 3.5
-0.9745872 -0.66013563 -0.36572212 1.875
-0.43417957 -0.62773961 -0.32143563 3.1818182
-0.36560774 -0.65749401 -0.36764014 3
-0.25599444 -0.66415262 -0.3586033 1.8888888
-0.10790434 -0.68598539 -0.3343924 1
-0.060024705 -0.63929206 -0.36568117 1.3333334
0.042619105 -0.65043277 -0.33596978 3.1666667
0.23780657 -0.65910649 -0.37094685 0.33333334
0.32441613 -0.65218347 -0.36883929 5.3333335
0.49040017 -0.63986057 -0.31507912 3.6666667
0.554317 -0.64596105 -0.35624924 3.8333333
0.62995279 -0.63799816 -0.35477006 2.6666667
0.76718426 -0.62750453 -0.30980355 1
0.85169286 -0.63883907 -0.36293674 1
0.92012459 -0.63517064 -0.35059288 4.75
1.0788327 -0.62644881 -0.31462413 1
1.1847341 -0.68151903 -0.36823326 4
1.2130083 -0.65497434 -0.32677555 5.1875
1.4689819 -0.65601242 -0.36261228 6.3333335
1.5057365 -0.6533733 -0.35303405 5
1.6985835 -0.6866231 -0.3071076 4
1.7811551 -0.66663671 -0.32229549 15
-2.1940217 -0.50239044 -0.33077917 14
-1.9199362 -0.53554296 -0.32240507 12
-1.8842169 -0.56867439 -0.33269492 15
-1.6420695 -0.55979836 -0.31794724 6.1999998
-1.5319837 -0.58655381 -0.32813329 2
-1.3309505 -0.56562024 -0.3156271 2.75
-1.2630227 -0.56595147 -0.34232512 2.3333333
-0.43388978 -0.58981872 -0.31546766 3.25
-0.35074806 -0.57449967 -0.36265752 3
-0.26127675 -0.54735523 -0.36479288 2.625
0.19138311 -0.53712749 -0.32583639 3.4000001
0.24896675 -0.52705514 -0.35720667 4
0.33305311 -0.55129546 -0.37286505 5.6999998
0.48116216 -0.54384619 -0.31188947 3
0.55786192 -0.54936308 -0.35832217 3
0.62997407 -0.55955803 -0.36144832 3
0.78960496 -0.54792368 -0.32910386 2
0.85039169 -0.54473764 -0.3660945 1.4
0.92817545 -0.53919542 -0.35821036 4
1.2098422 -0.54833299 -0.36156371 5.7777777
1.4629034 -0.54099691 -0.36079243 8
1.5033393 -0.58943862 -0.37359697 5
2.063467 -0.5472576 -0.30579069 39
-2.4513347 -0.41364011 -0.32936341 18
-2.223294 -0.44073203 -0.31458256 11.666667
-1.9603232 -0.48797911 -0.30714205 10.5
-1.5808953 -0.41484839 -0.34563202 3
-1.4838799 -0.41398147 -0.33156872 2
-1.3238035 -0.43625379 -0.3230066 2.8333333
-1.2651987 -0.49128461 -0.34570923 3.3333333
-1.0248301 -0.45639953 -0.3125484 0.5
-0.71334416 -0.46712255 -0.3148798 3
-0.63495713 -0.47278604 -0.37341893 3.2
-0.5351336 -0.44025347 -0.38039961 2
-0.34237224 -0.46495152 -0.36790279 2.25
-0.25178626 -0.44920048 -0.38285476 2.25
0.072205544 -0.43212977 -0.3256368 4.1999998
0.18797448 -0.45794317 -0.33077765 3.75
0.24960189 -0.46205631 -0.36383763 4.1999998
0.34440398 -0.44622448 -0.38499197 5
0.47571731 -0.47707048 -0.31017685 2
0.55743623 -0.47660124 -0.35581312 2.6666667
0.63976407 -0.45674932 -0.35821229 2.375
0.78304291 -0.43510884 -0.3211762 1.5
0.82518101 -0.45705017 -0.34873033 2.0588236
0.92987829 -0.45100245 -0.36956003 4.0833335
1.2105522 -0.4615846 -0.37872455 6
1.5421305 -0.43156448 -0.30849662 7.3333335
1.8293734 -0.43841499 -0.31088853 7
2.0056269 -0.47713897 -0.30319536 4
-2.5009484 -0.30518284 -0.30785289 18
-2.4832053 -0.36096996 -0.31926376 16.5
-1.6147182 -0.34162498 -0.32465547 2.5
-1.5918006 -0.3870351 -0.33696797 3
-1.3621967 -0.39096016 -0.30635977 2
-0.72272694 -0.33630329 -0.31760439 2.4000001
-0.65518337 -0.35368022 -0.36391029 4
-0.41501522 -0.3397662 -0.32423517 4
-0.33061528 -0.35722631 -0.37021184 4.375
-0.25571257 -0.35206035 -0.36652297 2.4000001
-0.067920692 -0.32309982 -0.34819198 2
0.085008204 -0.34381276 -0.33641681 5.7142859
0.19564429 -0.36458233 -0.33196604 4
0.25955209 -0.35490736 -0.36143702 5.1999998
0.34674945 -0.35038179 -0.38696727 5.5
0.47383136 -0.32526517 -0.32132474 3
0.50928795 -0.30981374 -0.32529223 1.5
0.67821574 -0.33401334 -0.30756542 2.5
0.76939613 -0.36476961 -0.3135958 2
0.80869579 -0.35236877 -0.33381253 2.3076923
0.96270269 -0.35030943 -0.31962714 4.8461537
1.2418959 -0.35322827 -0.342554 5.4000001
1.5503446 -0.34457129 -0.32157868 7.75
1.8337977 -0.34623036 -0.31960076 8
-2.5131648 -0.26731744 -0.30199629 17
-1.865504 -0.25623155 -0.34308711 9.5
-1.7103314 -0.28735083 -0.32411781 33
-1.6166356 -0.2470137 -0.32286167 2
-1.5896137 -0.28069037 -0.33797854 3
-0.71983171 -0.26926431 -0.32414269 3.6666667
-0.65520746 -0.24303325 -0.35380861 5.1666665
-0.59638327 -0.29140696 -0.39744803 5
-0.43631017 -0.24217503 -0.31429824 2.8333333
-0.36458147 -0.24509639 -0.36288753 5.1538463
-0.22075634 -0.21297801 -0.35232627 2
-0.10439628 -0.29755694 -0.32835126 2
-0.054818124 -0.2535249 -0.3592267 2
0.066608325 -0.24847896 -0.37844265 4.5
0.10501233 -0.24714114 -0.3247 6
0.2511557 -0.23946758 -0.36098793 5.25
0.34629759 -0.22864595 -0.36629134 4.5
0.48090056 -0.23898184 -0.31763974 3.8571429
0.54923636 -0.24078254 -0.3538087 3.7333333
0.66205817 -0.28073224 -0.33628216 2
0.70178109 -0.28455165 -0.3015722 2
0.81113058 -0.25569794 -0.33045706 2
0.97018892 -0.24988517 -0.33334288 4.8000002
1.1598063 -0.21027374 -0.39870089 1
1.2676692 -0.24588326 -0.32126576 5
1.5544487 -0.2500217 -0.33754846 8.727273
1.844869 -0.25038606 -0.33707929 13.7
-1.8746318 -0.15434739 -0.33954716 13.285714
-1.6225466 -0.17963767 -0.31494004 1.5
-0.64432323 -0.14916201 -0.36259022 5.5999999
-0.4297677 -0.14898086 -0.31987709 3.0999999
-0.3423709 -0.14677702 -0.37075624 4.875
-0.22411194 -0.15292011 -0.36045173 2.625
-0.16095947 -0.13573503 -0.32043722 2.1176472
-0.041341651 -0.14377475 -0.36651221 2
0.063902728 -0.16459377 -0.38608423 3.6666667
0.11033967 -0.15073535 -0.32292169 5.625
0.24953657 -0.14693946 -0.36420333 5.3888888
0.38218221 -0.15986365 -0.38765237 5.6363635
0.47854668 -0.1530734 -0.31332642 3
0.55389303 -0.14287513 -0.35720989 3.5517242
0.61150616 -0.14141148 -0.38931325 4
0.81864357 -0.16137667 -0.33969441 2
0.97433633 -0.15283386 -0.34645858 5.4444447
1.0879019 -0.11985456 -0.34021538 1
1.1202362 -0.12808979 -0.37041777 2.5
1.2787774 -0.15071771 -0.33236736 5
1.5667671 -0.15157922 -0.35071892 8.3999996
1.8573143 -0.15541817 -0.34379059 21.5
-2.1399398 -0.026246073 -0.35862291 13
-2.0996823 -0.053889323 -0.35333079 19
-1.9220539 -0.087341473 -0.32445782 17
-1.8671719 -0.056734718 -0.3419556 12.5
-0.64512002 -0.051031251 -0.36444598 6.1764708
-0.5997988 -0.023120662 -0.39473557 6.5
-0.4194541 -0.050140835 -0.32496309 5
-0.33676636 -0.051365413 -0.36788109 4.5263157
-0.20558937 -0.057658222 -0.38777861 2
-0.15964361 -0.062031232 -0.32855934 2.652174
-0.060605455 -0.045787115 -0.34851426 2
0.11130512 -0.043661214 -0.34873241 5.909091
0.25275829 -0.047676589 -0.36269644 5
0.37724274 -0.065354161 -0.38838166 5.1999998
0.45983192 -0.043103378 -0.32283932 4.2857141
0.55130744 -0.050464768 -0.36008906 3.2682927
0.60094893 -0.096111111 -0.38497922 4
0.83108467 -0.028617669 -0.35104376 3
0.98444837 -0.052948155 -0.36058486 5.625
1.0519239 -0.035145927 -0.31135187 5
1.1051449 -0.09571176 -0.35854334 18
1.288306 -0.047874909 -0.34444374 5
1.576154 -0.053544793 -0.35790834 6.181818
1.8713232 -0.05040846 -0.35002929 6.6999998
-2.1397505 0.046486825 -0.35431916 12.5
-1.8589518 0.050432809 -0.34805861 17.142857
-0.70262003 0.093404174 -0.31533185 4
-0.64995342 0.050743006 -0.35413387 13.444445
-0.59348154 0.044546731 -0.38071167 6.25
-0.41491294 0.050614756 -0.32207558 4.4000001
-0.33580869 0.042732209 -0.35772336 4.4117646
-0.29873484 0.079404801 -0.37900263 5
-0.15719035 0.046544842 -0.33317819 2.5714285
-0.054353315 0.044367068 -0.35077193 2
0.02643439 0.078129254 -0.37720558 2
0.12731101 0.056222726 -0.34933236 5.5833335
0.24453473 0.056663759 -0.3605476 5.2857141
0.31877211 0.046081096 -0.39443108 4.8333335
0.45398876 0.053724419 -0.33542469 3.7058823
0.55146182 0.046730299 -0.36105087 3.1794872
0.60411566 0.096007146 -0.39578819 4
0.83532113 0.042017292 -0.35229445 3
0.99524933 0.046991024 -0.37000161 6.1428571
1.0444338 0.056620799 -0.32282931 3.4000001
1.2915326 0.047138829 -0.36518383 5
1.3084791 0.054353248 -0.32212177 5
1.588575 0.046348732 -0.3752338 5.1428571
1.6072235 0.052114043 -0.33131215 8
1.8842226 0.045380484 -0.35327116 5
1.9012703 0.035556734 -0.3314113 5
-2.1452119 0.14970623 -0.35375381 29.666666
-1.9169213 0.19782495 -0.33875263 61
-1.8519821 0.14065149 -0.35078233 37.857143
-0.71884894 0.14859806 -0.32419729 3.5
-0.65273166 0.15559134 -0.3495183 5.1666665
-0.59868652 0.14918101 -0.37417173 6
-0.41790888 0.14749807 -0.31618416 3.1111112
-0.34609565 0.14102505 -0.35427961 4.75
-0.2646856 0.16603829 -0.36554191 2.3333333
-0.15625179 0.14374997 -0.35092366 2.4545455
-0.052058324 0.1275765 -0.3581675 2
0.13767663 0.15107635 -0.35433704 5.0999999
0.24702315 0.14524457 -0.36134884 5
0.3106966 0.13892375 -0.39802283 5
0.46279761 0.14767714 -0.34283158 3.5333333
0.55000079 0.14681624 -0.36187437 3.5217392
0.83715534 0.12083986 -0.35344115 3
0.99758226 0.12471551 -0.37490502 5.6666665
1.035385 0.1504849 -0.35680404 3.7857144
1.2971339 0.11750598 -0.36308557 5
1.316399 0.15800188 -0.33455399 4.6363635
1.5960814 0.12629388 -0.37852922 5
1.6180878 0.15672718 -0.33705157 4.6666665
1.893145 0.15119198 -0.35110331 4.1999998
2.1599119 0.16294751 -0.35471463 30
-2.1370268 0.25435108 -0.35677958 24.25
-1.9318231 0.25641206 -0.34468827 55
-1.8149108 0.23876175 -0.36674246 14.25
-0.62956208 0.23831706 -0.35176983 4.9166665
-0.43922722 0.26963875 -0.37725022 4
-0.35336584 0.24190994 -0.34503582 4.5714288
-0.26297259 0.22239022 -0.32928365 1
-0.15462093 0.2321479 -0.36596435 1.8
0.15016283 0.24929295 -0.35974249 4.875
0.25398123 0.25636983 -0.36959758 4.6666665
0.35633168 0.25672162 -0.37792739 4
0.45750651 0.24677031 -0.35348186 3.3333333
0.55590856 0.2356347 -0.36867663 3.2142856
0.60680449 0.2394491 -0.39091626 2.5
0.83400416 0.27230823 -0.34698272 2.5
1.0294381 0.25687891 -0.37559012 4.3636365
1.1524292 0.2323066 -0.38279381 1
1.3242487 0.25176796 -0.34798393 5.5714288
1.6237513 0.24399321 -0.35668638 4.3333335
1.8651922 0.28726482 -0.38508534 3
1.9111235 0.25405377 -0.33363467 4
2.0881455 0.25343564 -0.34216923 64
2.1901784 0.23083168 -0.34668875 18.5
2.2005923 0.27834511 -0.33525327 18.5
-2.1216059 0.35844672 -0.3642973 14.666667
-1.916056 0.32493621 -0.34821302 44.5
-1.8441707 0.3438445 -0.36075637 21.25
-1.7883955 0.37349525 -0.37863699 16.666666
-0.86918533 0.36072129 -0.38738614 3.5384614
-0.64461207 0.35208926 -0.34831741 3.7272727
-0.55248314 0.3302511 -0.39619657 6
-0.33994243 0.37945288 -0.34847584 3.3571429
-0.27249187 0.34703121 -0.38349596 2.5999999
0.16300033 0.35139427 -0.36210096 4.25
0.23904671 0.35190803 -0.36099425 4
0.30345872 0.3515279 -0.39105901 4
0.44278145 0.32549706 -0.39025101 3.6666667
0.74796742 0.31819531 -0.36200905 2
0.84158355 0.3567239 -0.35157624 2.6666667
1.0400729 0.34791389 -0.36863083 4
1.3368818 0.35445505 -0.3421104 6
1.6406807 0.34705633 -0.35087523 4
1.9179815 0.34638026 -0.36012551 10.666667
2.0584569 0.39199394 -0.34768033 2
2.2231243 0.35685819 -0.33368704 17.375
-2.1081896 0.41732779 -0.37038657 13
-2.0950274 0.46095055 -0.37563115 13
-1.8362828 0.44825438 -0.35400325 13.25
-1.7279387 0.40772107 -0.3735702 1
-1.6248969 0.41353551 -0.35577613 24.5
-1.5540488 0.459999 -0.35619742 6.75
-0.86715186 0.42297041 -0.38494107 1.25
-0.64982659 0.40361524 -0.34253752 2
-0.51305366 0.48043948 -0.30215541 4
-0.34449551 0.44309258 -0.3450295 2.7777777
-0.28835985 0.48438913 -0.38385248 3.25
0.1715571 0.44201541 -0.36970386 4
0.23269159 0.44520739 -0.35919598 2.5833333
0.54515731 0.45149803 -0.36940253 2.25
0.76428223 0.45211992 -0.36868849 1.4
0.84192979 0.44624633 -0.35745931 2.4545455
1.0558629 0.44290566 -0.36586824 3.6666667
1.3651738 0.43778741 -0.33728456 2
1.4040129 0.49676454 -0.34643868 2
1.6505972 0.43964648 -0.34688449 2.5
1.7084507 0.48756549 -0.33906445 3
1.8859595 0.49073932 -0.30641818 5
1.9347533 0.4536429 -0.3498717 14.75
2.0688858 0.45196691 -0.32870349 36.666668
2.1426406 0.45976323 -0.35644361 5
2.2214272 0.43405473 -0.31928486 22.5
2.3134189 0.42873725 -0.31643045 21
-2.0470014 0.50998968 -0.37839079 21.5
-1.9351004 0.52102947 -0.3652941 38
-1.8248783 0.54792047 -0.36348078 12.166667
-1.7876976 0.57652462 -0.37841088 14.5
-1.5180484 0.52809823 -0.37284398 2.6666667
-1.4908513 0.57566577 -0.38690418 3
-0.50260329 0.50080663 -0.32726309 4
-0.46874377 0.51321912 -0.36498928 4
-0.34267837 0.52984029 -0.35565454 2.3846154
-0.28757435 0.51390994 -0.3860018 2.75
-0.046534136 0.58682656 -0.36801261 1
0.18363295 0.54756147 -0.35850573 3.6666667
0.55580086 0.54972041 -0.37494636 2.75
0.84418839 0.53945571 -0.36784947 1.8888888
0.94979328 0.59066004 -0.37800553 7
1.0524067 0.57811677 -0.34743527 6.6999998
1.1375762 0.57557577 -0.32834899 7.3636365
1.2254529 0.56761622 -0.37003294 10.5
1.3446902 0.54884326 -0.35361543 8.5714283
1.4234363 0.54656798 -0.34299424 5.6666665
1.5855677 0.52462482 -0.33272028 8
1.6547142 0.51218796 -0.35673413 7
1.7160021 0.51161039 -0.3342756 6
-1.758824 0.63698286 -0.38314715 17.333334
-1.6359596 0.63407308 -0.37256521 26
-1.5290245 0.64810973 -0.36969793 5.875
-1.4701887 0.64526635 -0.39186525 3.25
-1.0111778 0.6730836 -0.37432361 0
-0.94562227 0.64729738 -0.35592484 0.25
-0.56240952 0.61958265 -0.39178699 3
-0.30994904 0.66904819 -0.37227499 2
-0.27339268 0.69933963 -0.3870703 2.5
-0.07085707 0.65189636 -0.36479539 2
0.062200762 0.69233894 -0.37409768 8.25
0.1591273 0.66303098 -0.34484389 1.75
0.26181835 0.67114913 -0.33457899 10.076923
0.35057795 0.66675234 -0.34751832 12.045455
0.44643977 0.66204631 -0.36040857 11.538462
0.56139058 0.6428228 -0.36192855 10.5
0.63166332 0.64182597 -0.33361864 12.5
0.75880474 0.62784463 -0.36444885 12.181818
0.84998715 0.61625481 -0.3488273 9
0.9432354 0.60944557 -0.35071295 8.2222223
1.0840933 0.60020775 -0.35093394 7.5
-2.5018795 0.7239303 -0.30591908 15
-2.4884169 0.7651034 -0.31381193 19
-1.4720024 0.71363682 -0.38994354 1.5
-1.1672492 0.77493209 -0.3923811 2
-0.83141828 0.78087956 -0.34921905 7
-0.7776503 0.7535373 -0.3953881 4
-0.64702439 0.77231818 -0.31627941 15
-0.55421346 0.76296264 -0.36468935 15.5
-0.43500975 0.75606585 -0.36469021 12.666667
-0.34226826 0.74692351 -0.34155637 13.5
-0.25073165 0.72974813 -0.36074117 11.705882
-0.13737302 0.7268157 -0.32976145 14
-0.047941267 0.71972901 -0.33739001 14
0.028057238 0.70974427 -0.33695653 14.166667
-2.4593539 0.84547395 -0.33064201 19.666666
-1.7504666 0.88831013 -0.31443733 26.5
-1.647452 0.87580287 -0.31410617 16.5
-1.5670607 0.87261903 -0.31715512 6
-1.2082758 0.8442961 -0.33302999 9
-1.1577687 0.83341765 -0.35439363 7.5454545
-1.0614257 0.8329823 -0.35680026 9
-0.85768718 0.80860001 -0.32747644 8
-2.5057058 0.94080174 -0.3085143 16
-2.4407079 0.95504278 -0.34293094 17
-2.314292 0.96593612 -0.35790303 51
-2.2403479 0.94970411 -0.3104353 69
-2.1252003 0.9252075 -0.3223747 29.5
-2.0263419 0.91363692 -0.31922102 33.5
-1.9402654 0.90646499 -0.31706774 32
-1.8694948 0.9006719 -0.3315309 24
-2.4675229 1.0144533 -0.33050075 17
0.98354685 -2.6158452 -0.25737327 103
1.0616393 -2.621176 -0.27013543 107.66666
1.1429379 -2.6261332 -0.23499882 126
1.3776741 -2.6482937 -0.27133146 123
1.4614347 -2.6642084 -0.25150666 103.33334
1.5100125 -2.6819236 -0.24752992 86
1.8006351 -2.6800272 -0.24539801 109
3.7201362 -2.5193748 -0.2147949 9
0.21160693 -2.4439678 -0.20484906 150
3.7290523 -2.4175763 -0.22960097 0
0.36595616 -2.3012288 -0.27281669 27
0.21773982 -2.2172189 -0.25610656 41.5
0.7369743 -2.2794437 -0.29743418 154
0.82677811 -2.2939804 -0.20381406 157
-1.4063401 -2.1102576 -0.23047993 31
-1.3416297 -2.1172085 -0.27234089 36.5
-1.2654619 -2.1886637 -0.20746696 55
0.046836495 -2.1476274 -0.23538783 26
0.15304959 -2.1704338 -0.24340111 56.375
0.23993927 -2.1922567 -0.25870031 50
0.44578007 -2.1783934 -0.24314491 38
0.5418635 -2.1755295 -0.24941523 54.666668
0.68759274 -2.1703856 -0.25303811 54
0.74197054 -2.173902 -0.22937699 75.5
-1.5930431 -2.0041244 -0.21358487 69
-0.8668502 -2.0038233 -0.23455554 42.75
-0.26875079 -2.004354 -0.27672833 25.5
-0.13891941 -2.0071299 -0.25916782 37
-0.061439235 -2.0432935 -0.2463247 48
0.022560574 -2.0586307 -0.26807418 23
0.25021097 -2.0788813 -0.28526139 36.5
1.7253001 -2.0655236 -0.2557174 104
-2.7736056 -1.9005239 -0.20670125 9
-2.499135 -1.9126858 -0.29499236 18
-1.6073247 -1.9150687 -0.22485423 17
-1.5681928 -1.9605864 -0.25020656 50
-1.2211078 -1.9665227 -0.25069001 36
-1.1771967 -1.9780531 -0.24430062 34
-0.88792247 -1.9991494 -0.24409512 41
-0.73314995 -1.9481065 -0.2204029 25
-0.64469087 -1.9581763 -0.25087029 35.400002
-0.56242633 -1.9626153 -0.25397035 51.400002
-0.4221015 -1.9816803 -0.25936884 21.75
-0.33910123 -1.9953089 -0.22266747 19
-0.27104154 -1.9948474 -0.23291357 19.666666
-0.19574016 -1.9972035 -0.22268081 82
1.7245992 -1.9663043 -0.25093779 33
-2.7162144 -1.8545889 -0.23738188 9
-2.6381891 -1.8686211 -0.25181389 13
-2.4756274 -1.8995459 -0.23158556 16.5
-2.0030663 -1.8188688 -0.25129488 59.333332
-1.9421281 -1.839314 -0.25252217 67
-1.5260987 -1.8899359 -0.28007737 43
1.8292203 -1.8008461 -0.26476523 38
-2.6193738 -1.7427262 -0.27348089 13.5
-2.5767813 -1.7712407 -0.28192765 11.5
-2.6754041 -1.6629039 -0.2222793 15
1.7346869 -1.6071533 -0.21228513 9
3.8038645 -1.6444986 -0.29185665 60
1.8180127 -1.5577981 -0.2683683 64
3.8322873 -1.5608408 -0.25697321 78.5
3.8517232 -1.4486058 -0.25140411 92.5
1.7459331 -1.3671844 -0.24942613 42
3.8667488 -1.3423866 -0.24919139 89
1.6927 -1.2511359 -0.22830039 16
1.7368245 -1.2281088 -0.26026362 3
1.8105221 -1.2426547 -0.26432264 7
3.8864481 -1.2622781 -0.22255677 97
3.9068806 -1.2121515 -0.20658439 97
1.7682737 -1.1628367 -0.23249534 67
1.8456129 -1.1662763 -0.23240252 43.666668
1.9281136 -1.1404364 -0.24261995 5
2.0514362 -1.1705424 -0.22051835 2
3.8738194 -1.167749 -0.28604946 96.5
-2.6626525 -1.0814972 -0.22294272 6
1.4857655 -1.0001097 -0.25170636 1
1.8489877 -1.0730728 -0.22867405 28
2.2605517 -1.0295194 -0.22630529 2.6666667
3.8995233 -1.0905958 -0.26416689 98
3.909306 -1.0375376 -0.25157025 95
0.92738271 -0.94131804 -0.24767485 1.5
1.0758001 -0.93470252 -0.26018068 3.75
1.1395687 -0.93249875 -0.22818883 5.6666665
1.216948 -0.95382017 -0.24210517 4
1.4916331 -0.9450376 -0.26510492 7
1.5057747 -0.94832802 -0.24309531 5
1.6038989 -0.94593006 -0.23599243 152
1.7833898 -0.92360717 -0.26819932 3
2.0759692 -0.91745555 -0.23605195 6
2.1602778 -0.99871516 -0.23843318 2
3.931807 -0.95949304 -0.23412752 90
0.19969419 -0.81178522 -0.28906664 7
0.2369505 -0.81530803 -0.25911692 6
0.45143878 -0.81966257 -0.2994931 2
0.63545591 -0.81485713 -0.2766507 2
0.92155093 -0.80796599 -0.2904999 4
1.0398147 -0.89295745 -0.27823374 3
1.2136757 -0.83410352 -0.26004627 3.3333333
1.5071145 -0.83800578 -0.27004465 4.5
1.7807423 -0.85230011 -0.26311523 4.25
2.0793087 -0.8493073 -0.24896687 9.666667
2.112957 -0.83882761 -0.201792 1
3.9580743 -0.85492289 -0.21425912 88
-1.4742922 -0.76509202 -0.21131919 9
-1.3614479 -0.75926131 -0.22582144 8
-0.5062927 -0.73715901 -0.28700671 2
-0.21581645 -0.78578454 -0.26962757 0.66666669
0.42590475 -0.74697179 -0.27989331 2.4000001
0.65381348 -0.79490435 -0.24822593 1
0.72240716 -0.72540385 -0.27302435 0.66666669
0.93780613 -0.74577856 -0.26443866 3.3333333
1.2374582 -0.76105547 -0.26728219 4.1999998
1.4889357 -0.7543633 -0.29783583 2
1.522723 -0.75274694 -0.26278871 2
1.670673 -0.79694241 -0.25443184 1
1.788064 -0.76309657 -0.28499162 14
2.0815489 -0.75807577 -0.26111951 17.777779
2.1073804 -0.7593646 -0.21103291 5
3.9786496 -0.77629232 -0.20218828 89
-2.5306118 -0.67286581 -0.29606479 18
-1.4248816 -0.65321809 -0.26644397 9.666667
-0.62424183 -0.69239169 -0.28579518 5
-0.47968212 -0.63208932 -0.29406264 2.7142856
0.42107415 -0.64400899 -0.2808978 2.2
0.66616201 -0.63412929 -0.26373604 2
0.71320021 -0.64551932 -0.28019726 1
0.95625973 -0.63077343 -0.26507363 2.8
1.2353711 -0.64393711 -0.27063021 4.5
1.3007307 -0.6188882 -0.25993904 2
1.5232352 -0.68548346 -0.24846554 0
1.846249 -0.6133039 -0.26054534 3
1.9488876 -0.66032177 -0.27678227 88.5
2.0920794 -0.64873266 -0.28428903 24.25
-2.5746851 -0.54766226 -0.26779282 18.5
-2.4120142 -0.56489331 -0.26247919 122
-2.2738519 -0.56348413 -0.25449461 25
-1.3644582 -0.53127593 -0.29535457 1
-1.0761571 -0.52075195 -0.29724181 0
-0.48673251 -0.5702579 -0.28946599 1
-0.21675482 -0.51109076 -0.29125187 2
0.41231573 -0.55175972 -0.2735877 1.8333334
0.67010343 -0.5678429 -0.27881333 2.75
0.74253404 -0.57158458 -0.29312858 1
0.96188122 -0.53979725 -0.27611798 3.3333333
1.2436757 -0.59324002 -0.25856543 4
1.5448403 -0.54126066 -0.2708458 5.5
1.6616899 -0.56563389 -0.29311553 4
1.8274454 -0.54022551 -0.27385837 9.1999998
1.9203473 -0.59564203 -0.27556169 2
-2.6113763 -0.43773687 -0.24690011 16
-2.5917072 -0.49294147 -0.2567333 18
-0.21050163 -0.47060803 -0.28491646 2
-0.18802239 -0.42101997 -0.27953637 1.5
0.40560368 -0.49610904 -0.25774086 1
0.6818856 -0.43192807 -0.28124461 1.6
0.73233414 -0.45256031 -0.28583491 2
0.966084 -0.46298406 -0.27965045 3.9411764
1.2649544 -0.43372288 -0.27370661 5.4000001
1.5493698 -0.45579678 -0.27868631 7
1.8479322 -0.45548141 -0.28585675 20.333334
-2.6357872 -0.3432804 -0.23294608 16.333334
-0.45741796 -0.32563829 -0.28748128 2
-0.16760144 -0.38337785 -0.28074363 1.6
0.44964164 -0.31428164 -0.294994 2
0.69253761 -0.33603868 -0.27523032 2
0.73205745 -0.35171247 -0.28597376 1.5
1.2696384 -0.35653591 -0.28725669 5.5555553
1.5545419 -0.3742094 -0.29386383 6
1.8509156 -0.36002243 -0.2807892 7.4000001
-2.6544566 -0.24640936 -0.22085531 17.5
-2.527606 -0.22847328 -0.29584241 19
-0.45599663 -0.25609562 -0.28314087 2.25
-0.35986948 -0.24318606 -0.25190884 2
-0.15233028 -0.23523504 -0.28723204 1.6666666
0.285164 -0.23514563 -0.26502708 2
0.3075355 -0.23488396 -0.24934128 1
0.43905526 -0.2454454 -0.28883705 1.625
0.69388378 -0.26058298 -0.27303535 1.2
0.71339387 -0.27972072 -0.27305183 1
1.2734355 -0.27413067 -0.29822361 5
1.8534666 -0.25582379 -0.29021704 11
-2.6746414 -0.14818706 -0.21216273 17
-2.5451374 -0.14967477 -0.28517601 17
-0.31639948 -0.16372044 -0.21083304 1
-0.28538007 -0.17417902 -0.24847125 2.5
-0.16671997 -0.16140471 -0.27905402 1.4166666
0.45257393 -0.14285818 -0.28762731 2.5999999
0.65091705 -0.18478848 -0.20862523 1
-2.6857557 -0.047843289 -0.20577414 16.5
-2.5628572 -0.049370516 -0.27498275 16.5
-0.1715717 -0.033100773 -0.2895897 2.2222223
0.46387619 -0.039351232 -0.29916137 6.5
-2.6890366 0.052951414 -0.20266907 17
-2.5724106 0.052330192 -0.26752618 17
-0.4091059 0.046285704 -0.29482624 3
-0.15845919 0.05749714 -0.28223667 1.25
0.46624517 0.049158528 -0.29744565 3
-2.6886034 0.15514475 -0.20207117 17
-2.5746393 0.15592331 -0.26344031 18
-0.40766543 0.18874493 -0.27709523 2
-0.27554393 0.14764434 -0.24151103 0.80000001
-0.15506458 0.118107 -0.28177425 1
0.28596058 0.17742676 -0.28421247 2.3333333
0.36640486 0.17192893 -0.2806522 1
4.0815506 0.14502697 -0.20969169 82
-2.6780221 0.25780931 -0.20430934 17.333334
-2.5725856 0.2399524 -0.26239797 17
-0.65345103 0.23688966 -0.27161562 3
-0.3451128 0.26805964 -0.2088576 1
-0.14355297 0.24471013 -0.28275195 1
4.0823421 0.24806958 -0.22766276 82.5
-2.6744087 0.3613916 -0.21052749 16.5
-2.5744572 0.34664664 -0.2661438 17
-0.36746439 0.35191542 -0.28125143 2
3.1920433 0.39312926 -0.21957034 25
3.3575881 0.37816921 -0.22246438 26
3.5217755 0.35819814 -0.22392455 25
3.7325742 0.33852354 -0.22902557 22
3.9829581 0.31609914 -0.23623306 24
-2.6633158 0.44356 -0.21783872 15.5
-2.5631251 0.45314202 -0.27298552 17.5
-0.52326363 0.46819365 -0.28256375 3.5
1.8656284 0.4988769 -0.2432919 7.6666665
1.9600452 0.48581234 -0.24141268 24.666666
2.0538936 0.47318473 -0.24989116 23
2.1400857 0.45724064 -0.25935575 29.5
2.2455487 0.4595032 -0.25467521 25.5
2.3519919 0.4668676 -0.22116092 28
2.4613883 0.4560501 -0.21847482 30.5
2.5807016 0.44229463 -0.21596405 30
2.6755536 0.43388769 -0.21479192 33
2.7802849 0.4245443 -0.21520728 27
2.8956397 0.41426682 -0.21510127 26
3.0286629 0.4031013 -0.21601099 24
-2.6437428 0.54675388 -0.22997712 16
-2.5406926 0.55708379 -0.28250745 17.666666
1.0475919 0.5935598 -0.26212209 5.2857141
1.1499288 0.58551824 -0.2578029 11.75
1.2501649 0.57532614 -0.23732246 10.647058
1.3345202 0.56591177 -0.25527069 7.5
1.4711905 0.5516696 -0.23189709 8.5
1.5489163 0.53883761 -0.25151312 8
1.6284794 0.52534157 -0.27604508 7.3333335
1.7571454 0.50820279 -0.22875525 8
1.80709 0.50150484 -0.26021999 7
-2.6114244 0.64593601 -0.24390325 18
-2.5180655 0.66221815 -0.29618695 18
0.09826839 0.69546878 -0.29995817 12
0.16539782 0.69223422 -0.24906239 5.75
0.28355011 0.67308891 -0.27970198 11.8
0.33703494 0.67501807 -0.2456518 13.277778
0.4498322 0.66724175 -0.25688255 12.916667
0.56050122 0.65323913 -0.25864446 12.25
0.66749215 0.64638239 -0.26524913 12
0.76643127 0.63474041 -0.24284421 12.642858
0.85554093 0.624883 -0.24200186 11.421053
0.94112736 0.61391813 -0.23949951 7.3333335
1.0429027 0.60486925 -0.24331652 5.6666665
-2.5834987 0.74678355 -0.26250041 18
-0.83781356 0.79718047 -0.26137838 12.833333
-0.74401438 0.78546774 -0.2769855 15.1
-0.68049735 0.79448628 -0.23724937 16.875
-0.53636485 0.77323467 -0.21814567 14.222222
-0.45395759 0.76254314 -0.26622579 14.666667
-0.33833185 0.75710362 -0.23654568 14.333333
-0.24935019 0.74367684 -0.24580233 13.333333
-0.15634692 0.73078483 -0.24492376 13
-0.054325581 0.71961588 -0.25111729 13.636364
0.051109709 0.7098614 -0.24483743 14.4
0.13472733 0.70671493 -0.22850755 14.285714
0.20546027 0.70687473 -0.20730627 5
-2.5457029 0.84409493 -0.28355521 19.5
-1.8494123 0.89683038 -0.2996414 30
-1.1799904 0.85554296 -0.24636944 10.888889
-1.0578464 0.83199549 -0.24811418 12.333333
-0.83359241 0.80345458 -0.21823311 14.5
-2.5238297 0.90349877 -0.29878044 19
0.94832397 -2.6107326 -0.17731158 59.666668
1.1903555 -2.6270442 -0.19196767 125
1.2618544 -2.6289091 -0.12636642 119.5
1.4540231 -2.6647398 -0.16678575 64.75
1.5265601 -2.6538424 -0.14053147 116
0.26504624 -2.533874 -0.14615402 116.5
0.95042795 -2.5983312 -0.14140004 135
3.7904482 -2.435226 -0.11149184 10
-1.0342563 -2.3846416 -0.11934397 14.666667
-0.96126491 -2.3953381 -0.10048088 6
1.6899039 -2.32828 -0.17643601 40
3.7791409 -2.369004 -0.15677781 2
-2.8755019 -2.1039557 -0.11277042 7
-2.7844191 -2.1041532 -0.14051229 5
-0.017155567 -2.1025398 -0.16896378 74
0.060501475 -2.1525533 -0.17179291 56.857143
0.13475747 -2.1641335 -0.15032504 57.666668
0.22914182 -2.1963911 -0.13117234 90
0.46959332 -2.1657863 -0.1605691 40.857143
0.52945876 -2.1541007 -0.10837002 61
0.65517801 -2.1568727 -0.15868556 47.5
0.70889831 -2.1608949 -0.11289278 89
-0.82262707 -2.0087478 -0.17309931 36
-0.78248882 -2.0087039 -0.11827032 34
-0.23360604 -2.000252 -0.1983538 22
-0.14357099 -2.0845563 -0.15479961 69.333336
-0.062940367 -2.0963414 -0.12201416 78.666664
0.0097989198 -2.0952487 -0.12316151 75.5
1.5981951 -2.04249 -0.1212149 61
-1.6375006 -1.9560839 -0.1893491 38
-1.2218208 -1.9594964 -0.18550123 32
-0.8566584 -1.9990003 -0.14654516 27
-0.75339794 -1.9660579 -0.1674379 31
-0.65185916 -1.9492464 -0.17717786 28.333334
-0.58885139 -1.9588455 -0.1938611 31
-0.43920326 -1.9735756 -0.15062523 32.799999
-0.35551339 -1.9810784 -0.14080107 26
-0.27427846 -1.9926295 -0.18090662 22
3.8117168 -1.9772322 -0.17531998 26
-1.9386452 -1.8433238 -0.19352838 51
1.5751584 -1.8518958 -0.14004283 57
1.6198893 -1.859768 -0.17976816 61.666668
1.6205134 -1.7509837 -0.13616301 69
-2.7186031 -1.6041547 -0.19355971 14
1.6083704 -1.6692592 -0.10370263 74
-2.8717387 -1.4046988 -0.10411164 1
1.6477399 -1.3231573 -0.14160451 38.75
3.8967972 -1.3669788 -0.18521142 98
3.9158771 -1.3108704 -0.16785063 96
1.6441984 -1.2510027 -0.15611461 53.400002
3.9342432 -1.2557657 -0.15118481 96
1.863256 -1.1714401 -0.13396642 18.25
1.9457673 -1.1734823 -0.15457322 5.3333335
3.9445238 -1.1521457 -0.15619074 91.75
-2.6863263 -1.0157958 -0.19616166 4
1.5451111 -1.053596 -0.11369338 11.5
2.295819 -1.0543561 -0.18484841 2
3.9653971 -1.0467781 -0.14090782 91.666664
-2.7577472 -0.94150949 -0.16488069 15
0.81694287 -0.90225047 -0.12609397 6
1.0575765 -0.90191883 -0.11560909 7
1.15466 -0.91024137 -0.13250236 7
1.2680767 -0.91672611 -0.10618401 8
1.411623 -0.98266971 -0.1276048 5
1.6932682 -0.99733996 -0.12337859 1
2.1582599 -0.99898547 -0.10329701 0
3.9818394 -0.94968677 -0.14036387 96
-2.8242853 -0.81022769 -0.1200795 1
0.37141353 -0.82707471 -0.13731803 3.5
0.46879444 -0.83734626 -0.13336034 11
0.6196084 -0.84729862 -0.12958407 4.6666665
0.73196852 -0.85476166 -0.11668782 5
0.95744717 -0.88510454 -0.11747869 7.5
1.0374999 -0.89901781 -0.12935588 0
1.1377487 -0.89570147 -0.17713195 5
3.9943779 -0.89560759 -0.12919484 88
4.0040703 -0.84254616 -0.11939123 91
-2.1439967 -0.75146419 -0.13941979 2
-0.62061799 -0.71347737 -0.14650279 6.5
-0.54855174 -0.71162486 -0.13746068 4
-0.35202113 -0.74268162 -0.14727408 9
-0.25797632 -0.74868917 -0.14012049 6.3333335
-0.11944795 -0.75689125 -0.13793337 6
-0.041615345 -0.76557529 -0.13818724 9
3.9897552 -0.7242204 -0.19527435 89
4.0217857 -0.761989 -0.10714541 87.5
-1.6584065 -0.69234169 -0.1557278 6
-1.4479119 -0.64108407 -0.15505698 3
-1.3818781 -0.65647578 -0.17011252 5
-0.93112075 -0.67433274 -0.15160292 4
-0.77832735 -0.69968373 -0.15871114 8
3.9923584 -0.66920125 -0.18820979 88
4.0097957 -0.61808783 -0.18352805 85
4.0196414 -0.53751773 -0.17763236 84
-0.50175965 -0.43310621 -0.13152492 2
4.0385056 -0.43188584 -0.17258307 81
4.0450912 -0.35183153 -0.17122693 83
-0.35511684 -0.20402652 -0.18224476 2
4.0555248 -0.27225074 -0.17241296 81.5
-0.42601442 -0.18065451 -0.10667759 1
-0.33619288 -0.17007118 -0.12830427 1.081081
-0.2839734 -0.15597306 -0.1580565 0.42857143
4.0643282 -0.16667244 -0.17638043 84.5
-0.28137618 -0.086751133 -0.11212425 0
0.62273282 -0.089147247 -0.10905412 0
4.0720177 -0.061597835 -0.18351039 83.5
-0.28578526 0.078694448 -0.12162013 0
4.0792828 0.041978739 -0.19523033 84.5
-0.41648927 0.14934888 -0.10325141 1.5714285
-0.34694141 0.14124858 -0.13027473 1.3518518
-0.29386485 0.11140651 -0.14755644 0
4.1455622 0.1735514 -0.10340096 81
4.1454787 0.25308636 -0.11530483 83.5
3.2394125 0.39577562 -0.11888792 25.5
3.3742456 0.38209012 -0.12616493 25
3.4670086 0.37770787 -0.10521251 26
3.5539436 0.36343017 -0.12518962 27
3.6659434 0.3557938 -0.10085186 25
3.7556927 0.3418543 -0.12383875 24
4.0189438 0.31971747 -0.12428376 24
1.9990196 0.48083833 -0.17649543 33
2.1795547 0.49573499 -0.16360153 8
2.243264 0.48258579 -0.15507093 32.25
2.3465166 0.47324446 -0.14855546 29.5
2.443959 0.46243075 -0.1430819 28.333334
2.5612805 0.4526484 -0.13590921 30.666666
2.6865296 0.43934768 -0.13186525 32
2.7923708 0.43100294 -0.13420148 30
2.8079834 0.4291068 -0.12147608 31
2.9307845 0.42036104 -0.12481374 26.5
3.0401847 0.40773982 -0.12871175 23
3.1038651 0.40872395 -0.1138263 26
1.0321318 0.59649843 -0.14117967 1
1.2389723 0.5840354 -0.17005007 6.2222223
1.3623396 0.57025307 -0.14115798 2
1.4445132 0.55891597 -0.14731532 5.7777777
1.5513629 0.56033415 -0.12813048 6.3333335
1.6479434 0.53525192 -0.13210319 7.875
1.7438371 0.5168916 -0.16549194 7.8000002
1.8249797 0.50719297 -0.19721675 8
0.37330976 0.67560971 -0.18686479 13
0.44057626 0.67185104 -0.1573365 12.571428
0.54355359 0.66287547 -0.15050469 12.4
0.64952618 0.64933151 -0.14779745 12.111111
0.7529754 0.64632338 -0.1473143 12.9
0.85169071 0.63227957 -0.14323968 12
0.94490647 0.61614227 -0.15115875 8.454545
1.0456599 0.61136854 -0.14503266 11.916667
1.138337 0.60697693 -0.13957369 14.444445
-0.65682721 0.79376698 -0.15830635 16.235294
-0.54570544 0.78159106 -0.16260242 14.384615
-0.42784053 0.76970416 -0.12481792 14.1
-0.34439996 0.76241159 -0.14058928 13.75
-0.24238335 0.75197375 -0.14900388 13.636364
-0.14906508 0.73901451 -0.15141924 13.5
-0.051747136 0.72937775 -0.14521162 13.571428
0.05134099 0.71734118 -0.15289661 14.125
0.13044129 0.70588666 -0.16954261 14
-1.6454462 0.89482176 -0.11418928 43
-1.5329256 0.88419408 -0.11794579 17
-1.4336525 0.8711527 -0.12910444 6.6666665
-1.164269 0.85791427 -0.14765081 13.333333
-1.0480452 0.83829993 -0.1467624 14.2
-0.83017653 0.81306362 -0.14276496 16
-0.69042695 0.8069331 -0.15081441 16
-1.7581065 0.90683067 -0.10385664 38
0.99653989 -2.6032414 -0.098468646 128
1.0901754 -2.6100602 -0.011193921 128
1.3611331 -2.6327322 -0.027882269 110
0.29444373 -2.5229282 -0.0067976089 51
1.5413845 -2.5570202 -0.094204485 77
3.8044853 -2.5024328 -0.064949043 16
-1.1149256 -2.3772879 -0.042265471 27.5
-1.0405762 -2.386132 -0.035485126 21.5
-0.956016 -2.377558 -0.046708446 26
0.33455187 -2.3516335 -0.033910871 151
1.5244416 -2.3904793 -0.048229132 62
-1.8269643 -2.2122209 -0.086478159 21
-1.1338766 -2.2599497 -0.031040199 83
-0.45382917 -2.2718647 -0.0074788751 150
0.2796253 -2.2598991 -0.07685183 154.5
0.37644845 -2.2493362 -0.053743772 152
1.5075011 -2.2359002 -0.0079905959 60
-3.0966749 -2.1538534 -0.027565066 8
-1.3294895 -2.1546435 -0.05237639 32
0.17928123 -2.1648419 -0.055683341 60.333332
0.23349097 -2.1716275 -0.019406382 76
0.39729643 -2.1913981 -0.00088697387 91
0.42364278 -2.1367414 -0.020948503 56
0.56622219 -2.15608 -0.071641862 82
0.6211949 -2.1445222 -0.018474922 87.5
0.76216877 -2.1433468 -0.057947516 89.5
0.81543899 -2.1257985 -0.0030022087 77
0.96054816 -2.1479797 -0.046075542 9
-2.9543049 -2.0486937 -0.06691514 7
-2.0808351 -2.0172603 -0.0023440132 4
-1.2136623 -2.075865 -0.033464435 27
-0.82091886 -2.0017171 -0.094768122 37
-0.41164857 -2.0678954 -0.024152573 93
-0.31255904 -2.0757129 -0.035262264 73.666664
-0.26015925 -2.0738633 -0.050656952 69.125
-0.13801296 -2.0749414 -0.045491491 65.333336
-0.055266246 -2.0810549 -0.074901029 76
3.875196 -2.0457976 -0.041553989 43.5
-3.0259545 -1.9863709 -0.021086391 8
-2.1397791 -1.9428092 -0.031026971 5
-1.6210676 -1.9100118 -0.022272009 23
-1.534096 -1.923329 -0.055666178 21.5
-0.62346876 -1.9474213 -0.063126154 9
-0.56715322 -1.9677038 -0.041532252 38.833332
-0.43766037 -1.9738179 -0.058700189 43.666668
1.5837047 -1.9295117 -0.083525702 64
-2.6129687 -1.8655053 -0.020406131 21
-2.4363728 -1.8785484 -0.031711526 52
-2.0874774 -1.8928217 -0.066606209 4
1.5478027 -1.8577359 -0.072886482 40.400002
3.8791075 -1.8078959 -0.090614155 87
1.5560242 -1.726555 -0.018062655 64
3.9031835 -1.7537643 -0.06547685 98
3.9382031 -1.6690744 -0.028096452 108
1.5947649 -1.5596046 -0.060467318 43.5
-2.9140644 -1.3398921 -0.080192208 13
1.5840067 -1.3253533 -0.059938777 29.666666
-2.9563901 -1.2750851 -0.056272689 12
1.5892899 -1.2906988 -0.06068242 60
1.6218557 -1.2597245 -0.082482792 30
2.1375024 -1.2327409 -0.043633591 1.6666666
1.6436168 -1.1469672 -0.046392836 23.25
1.7540768 -1.1575059 -0.047886446 33
1.8334159 -1.1665989 -0.051666643 21
2.0451145 -1.1999019 -0.021579463 6
2.059092 -1.0034739 -0.055076797 2
2.3656337 -1.0349938 -0.073760442 16.5
3.9969695 -1.028559 -0.094812214 85
1.2280824 -0.92853296 -0.0079552811 7
2.0790446 -0.98039621 -0.039898071 6
4.013392 -0.94045985 -0.077754654 90.5
4.0425124 -0.85629016 -0.063744694 87
-0.5082593 -0.70297539 -0.084229991 5.5
4.0538998 -0.76821661 -0.05155015 85.5
-2.911932 -0.65121949 -0.073827431 16
-1.4593549 -0.68852037 -0.064594723 10.5
-1.3287779 -0.65047932 -0.071313187 6
4.0575161 -0.653225 -0.066168822 83.25
-2.9528027 -0.55464095 -0.050554525 15.5
-2.1806483 -0.55103827 -0.075120345 58
-1.7465521 -0.58487201 -0.0036336901 1
-1.5024985 -0.54098761 -0.016438086 4
-1.4623393 -0.52353096 -0.016390827 0.5
4.0787125 -0.54182923 -0.057084039 80.5
-2.9867873 -0.45399427 -0.029529408 15.5
-1.497559 -0.42030522 -0.068631485 1
4.0797849 -0.44007516 -0.075541534 80
4.1108708 -0.44885528 -0.027369116 83
-3.0188632 -0.35132033 -0.011006565 14
4.0926909 -0.359974 -0.072827339 86
4.1126118 -0.34249988 -0.041913997 77.666664
4.1252317 -0.2477438 -0.043034777 78.333336
-0.4175747 -0.17355353 -0.044659767 0.95238096
-0.36964425 -0.16409707 -0.03319066 0.72727275
4.1238875 -0.16739522 -0.060510125 81
-0.26625535 -0.010881114 -0.0063725398 0.26041666
0.57851434 -0.003 -0.0055224169 0.53431374
0.60612255 -0.077006146 -0.078819603 0
4.1387382 -0.068113811 -0.059334677 77.25
-0.35857818 0.085358299 -0.054324735 0
-0.29915002 0.075468786 -0.074792385 0
4.1468611 0.042467903 -0.069818586 78.25
-0.41169396 0.14047784 -0.046447117 0.81481481
-0.36999601 0.15082377 -0.043272648 0.94444442
-0.27545574 0.14201564 -0.002042338 1
4.1554928 0.14550805 -0.076547824 76
4.1617289 0.27149338 -0.086748362 71.5
3.9200342 0.33218271 -0.097438559 23
1.0976557 0.59219861 -0.069816947 10
1.1444679 0.59345549 -0.058452923 7
1.221603 0.58229107 -0.059793312 1.5
1.4179455 0.5870437 -0.0019892724 5
1.5637257 0.54947531 -0.075896926 4.25
1.6504399 0.5506047 -0.08286152 7.8333335
1.7417092 0.54670256 -0.065013401 10.666667
1.8365149 0.53709441 -0.044109542 11
1.9407285 0.52836955 -0.024637217 11.2
2.0441866 0.52053678 -0.0052212947 10
-0.37210333 0.67256039 -0.017565612 5
0.55588901 0.66238832 -0.045729417 13.166667
0.65739518 0.65705758 -0.045869373 13.857142
0.74923468 0.6482957 -0.050351348 13.083333
0.84425819 0.63894767 -0.057110541 12.5
0.94702882 0.62588412 -0.05221267 12.833333
1.0598472 0.61596781 -0.03391736 13.625
1.134145 0.6083498 -0.059472363 13
-0.67575413 0.79765719 -0.071326397 17
-0.53129166 0.78307337 -0.057783753 14
-0.42198059 0.77507579 -0.05448997 14.142858
-0.32927334 0.76682484 -0.054027367 13.944445
-0.24593519 0.75669897 -0.049077861 13.476191
-0.1596241 0.74784178 -0.052963238 13.538462
-0.052486502 0.73035204 -0.08189074 12.142858
-3.0252476 0.85272396 -0.0024146894 16
-1.6431377 0.89290404 -0.082370549 49
-1.5531049 0.88454813 -0.094957486 11
-1.1569514 0.86219531 -0.053927783 14
-1.0392966 0.84164715 -0.04465837 13.3
-0.83045071 0.82261401 -0.043690573 16.299999
-0.67086589 0.80114359 -0.045655783 17
-3.0066206 0.90792817 -0.011464183 18
-2.9885452 0.96213096 -0.021346826 16
-2.0807114 0.9369846 -0.054990143 22.5
-1.9601852 0.92733765 -0.059437346 43.666668
-1.8576443 0.91840267 -0.077207126 40.5
-1.7470649 0.90409398 -0.068834275 47
-2.9604769 1.0444479 -0.037421834 15
-2.9178183 1.1514225 -0.06098152 14
-2.8754616 1.2584105 -0.088562883 18
-3.0235102 1.3011533 -0.0090391161 17
-2.9900451 1.3476588 -0.024348777 15
3.8092957 -2.7899551 0.022227589 54
1.1621869 -2.6134071 0.0554015 81
1.293522 -2.6272302 0.061876703 95
1.3304834 -2.6378624 0.028196147 98
1.4338932 -2.6305392 0.028010953 113
0.36453906 -2.523222 0.040778514 96
1.457109 -2.5484862 0.070019655 56
-3.3037221 -2.4086084 0.094829552 8
0.34638771 -2.4511757 0.057459328 139.33333
-1.0371399 -2.3824344 0.050027013 31
-0.95671332 -2.3769469 0.031051461 25.5
-0.42562443 -2.3022144 0.06427329 13
-3.2514708 -2.2694075 0.058188256 8
-3.1749661 -2.2131298 0.014214418 8
-1.7647427 -2.2875545 0.066746965 29
-1.8161044 -2.1612411 0.098158248 9
-1.2442936 -2.1467443 0.055219807 60
-1.1456283 -2.1220708 0.013855304 3
-0.43388447 -2.1484404 0.031696536 33
0.26739028 -2.1656978 0.030146515 77.666664
0.32209229 -2.1686368 0.064696051 51.5
0.45909202 -2.1545172 0.022307828 77
0.55567896 -2.1334441 0.045108866 62.200001
0.67614335 -2.1279783 0.036152855 27
0.78630716 -2.1028941 0.072755195 3
0.84671986 -2.1166523 0.041810602 3.8
1.4934542 -2.1002562 0.026410121 84
-2.1097193 -2.0501404 0.062604025 11.5
-1.5925498 -2.0158708 0.0032190299 61
-1.2971363 -2.0655432 0.040299635 74.5
-0.65013957 -2.0254765 0.061020728 11
-0.4502387 -2.0788364 0.090294063 12
-0.3301729 -2.0694854 0.035073057 78.666664
-0.28217411 -2.0639744 0.036285385 71.599998
-0.18943229 -2.0613337 0.0025181388 76
-2.1635234 -1.9592946 0.028131614 27.5
-1.6258562 -1.9044955 0.038042419 26
-0.63513297 -1.9647068 0.0004445641 30
-0.56181765 -1.9467103 0.014383833 33
1.4873977 -1.992525 0.058353256 17
3.9137199 -1.9511049 0.0030277623 69
-2.604326 -1.8547596 0.017591543 17
-2.559798 -1.8155911 0.054975845 5
-2.4272614 -1.8712158 0.047958903 49.5
-2.1071291 -1.8897867 0.089281619 42
1.4597985 -1.8750124 0.051869165 55.666668
3.981432 -1.7578913 0.083253741 100
1.5499268 -1.6455588 0.0095925359 67
1.5416791 -1.5675689 0.035164032 69
3.9802287 -1.5548491 0.018413601 103
1.5285568 -1.457587 0.070000581 17.5
4.0186148 -1.43864 0.060044371 102.5
1.494749 -1.373546 0.085241541 59
1.5073438 -1.3496943 0.068110079 36
4.0485034 -1.3519678 0.088330187 99
1.5351942 -1.2067661 0.061225012 16
2.0641782 -1.2256131 0.045858674 9.5
1.5272251 -1.1150175 0.095070742 14
1.6399126 -1.1404148 0.06490542 12.2
1.7322111 -1.144428 0.02239847 8.1999998
1.8848712 -1.1595149 0.086400658 8
1.5730329 -1.0669676 0.0506984 8
1.8092592 -1.0532691 0.03777007 1
2.0089853 -1.0285386 0.091364838 3
2.3785725 -1.008022 0.017190192 24
1.2590528 -0.92143363 0.027777068 6.6666665
1.3411096 -0.92844397 0.062743716 8
1.7226803 -0.98227596 0.058235839 17
1.8197073 -0.98346013 0.057794679 6
2.434649 -0.99676198 0.032489493 12
0.54594946 -0.83217353 0.033654779 2.6666667
0.62331837 -0.83203894 0.037228201 7.3333335
0.73780686 -0.84688556 0.03918013 3.75
0.83092999 -0.85800314 0.042548455 7
0.93286365 -0.88436627 0.056618929 7
1.0161715 -0.88843417 0.044397276 3.6666667
1.2032307 -0.89343292 0.066933922 7
-3.1762958 -0.76633668 0.078332894 13.5
-0.52965558 -0.70527607 0.023705373 5.5
-0.41647661 -0.70827788 0.039926145 5
-0.34277004 -0.72673488 0.025647487 6.25
-3.2034187 -0.68927401 0.093813494 11
-1.4643214 -0.64881605 0.066460565 22
-1.256198 -0.6394729 0.019865287 4.6666665
-0.93332458 -0.66722083 0.017686578 3
-0.76243651 -0.69001281 0.017609661 3.5
-0.62382948 -0.69778085 0.023161454 2.5
-0.5149492 -0.69422722 0.017209683 7.5
-2.1129642 -0.56235468 0.033485115 43
-1.9601752 -0.56650388 0.020114232 0
-1.8522327 -0.57767403 0.0080750985 10.5
-3.0425253 -0.24506383 0.0048406562 13
-3.0605342 -0.13724598 0.017466603 14
-0.41439074 -0.17448199 0.030874217 0.80000001
-0.33910042 -0.17350748 0.032186605 0.880597
-0.29189265 -0.17179 0.025329852 1
-3.07933 -0.054922003 0.025829911 15
-0.31735742 -0.010039483 0.086195417 0.37855724
-0.25997931 -0.0018218111 0.026339022 0
0.59321529 -7.7916826e-05 0.0010721898 0
0.60431117 -1.0413819e-05 0.004219742 0
-3.0827518 0.027544126 0.031044235 15
-0.2638838 7.9557569e-05 0.043724652 0
0.59795719 2.8462302e-05 0.0027132821 0
0.60209739 4.1607796e-05 0.003807659 0
-3.0919638 0.13996394 0.037109595 14
-0.40815055 0.16469979 0.0048675863 1
-0.33394164 0.16112441 0.016343359 0.82051283
-0.280554 0.15818755 0.018096585 1.9428571
-3.105334 0.28287083 0.039301038 15
-3.0895984 0.22399503 0.038407721 15
-3.1014733 0.36892372 0.038376637 15.5
-3.0906842 0.45404387 0.03518467 15
2.2414174 0.49845898 0.027101973 39
2.340416 0.48913181 0.040880568 34
2.4432549 0.48071536 0.05499769 35
2.5393705 0.47228611 0.067802779 33
2.6482179 0.46344233 0.081784889 34.5
2.7662992 0.4531455 0.096324012 33
-3.0792637 0.53912556 0.030341625 13.5
1.2340555 0.59108227 0.02830993 9.8999996
1.3625704 0.57982785 0.039280631 4
1.4592047 0.5856719 0.031985808 9.8571424
1.5461003 0.57802016 0.065070704 11.6
1.6351628 0.57945782 0.086016119 10
2.1471803 0.50940561 0.011612151 9.5
-3.0625629 0.65327466 0.021286074 14
0.56603545 0.66985583 8.2447259e-05 13
0.66312999 0.66730475 0.049516514 14.2
0.74499172 0.65638387 0.050081622 12.636364
0.855461 0.64419103 0.051155314 12.833333
0.93658805 0.6366629 0.04024725 13.1875
1.0414089 0.61787409 0.048703421 12.826087
1.1616613 0.60911477 0.053478837 12.25
1.2114393 0.60587424 0.075635545 16
-3.0400069 0.76703966 0.0082895933 14
-0.53978842 0.78784651 0.047063801 14.818182
-0.4200924 0.78067607 0.053982541 14.272727
-0.32309556 0.77818471 0.052102245 15
-0.24996844 0.77117038 0.051385801 15
-3.18977 0.87417966 0.092738435 14
-1.4431968 0.88553143 0.086446539 10.5
-1.331249 0.87154341 0.069776446 7.5
-1.2313681 0.86035538 0.033390459 2
-1.1671988 0.87033141 0.043594509 14
-1.0501963 0.84615362 0.042435821 13.090909
-0.83718991 0.82655746 0.060863275 15.615385
-0.74363351 0.81402522 0.078742266 18
-0.67582744 0.80530858 0.048506416 16.636364
-3.1684813 0.95809054 0.077326879 14.5
-3.1273985 1.0653138 0.053415462 16.5
-3.0657012 1.1637869 0.027622387 22.5
-3.0424984 1.2467784 0.0060883379 14
3.7385938 -2.9101605 0.19949597 59
3.8193352 -2.9218671 0.13983415 81
3.8844411 -2.8002267 0.14628322 59
1.2561769 -2.6199124 0.15407398 80
1.3024827 -2.6316648 0.11004062 94
-3.4938233 -2.5457771 0.19739698 6
0.26347032 -2.512995 0.16031332 97
0.34744117 -2.5196028 0.15745328 57
-3.3866518 -2.4690342 0.14423582 7
-3.408232 -2.3830898 0.15483339 8
-3.3293047 -2.3267381 0.10605091 8
-1.4654557 -2.3230333 0.19407691 10
-1.3336663 -2.3459053 0.18002525 26
-1.0438614 -2.3739934 0.12620254 29
-0.94357103 -2.3773651 0.15323965 27.333334
-0.88060629 -2.3832219 0.14554472 13.5
1.4468375 -2.3784912 0.10621337 15
-1.7461102 -2.2538691 0.19064385 14
-1.416782 -2.278722 0.15581045 72
-1.2719631 -2.2089756 0.12615275 72
-0.38586915 -2.2021205 0.1450121 12
-1.7020962 -2.1860251 0.13882609 41
-1.3339911 -2.1708972 0.15482944 52
-1.2587667 -2.1713734 0.1143501 29.5
-0.61946946 -2.1520457 0.1092144 5
-0.56215668 -2.1555233 0.17383181 11.666667
-0.43561253 -2.1635978 0.16839421 24.333334
-0.3813976 -2.1981885 0.15775186 15
0.29015803 -2.18591 0.1041368 14
0.49775785 -2.1718035 0.17789909 1
0.54049671 -2.1334515 0.1403975 11.25
0.62309396 -2.1355426 0.18567663 5
0.76432508 -2.1008995 0.11988111 5
0.8071 -2.1031666 0.11002237 6
-1.7355989 -2.0381496 0.14034298 14
-1.3194193 -2.0935574 0.10610907 36
-0.72680819 -2.0019214 0.11121812 3
-0.63213062 -2.0078385 0.16472274 63.833332
-0.58392787 -2.0132093 0.16992368 60
-0.4629496 -2.0682955 0.12849985 13.666667
-0.30926546 -2.072232 0.1461139 96.800003
-0.26893839 -2.0614779 0.1396282 83.5
0.76274502 -2.0876133 0.16053459 12
0.82051802 -2.0888426 0.17734334 14
-2.0415988 -1.969224 0.1486097 21
1.4171469 -1.9595107 0.18934137 67
-2.4375029 -1.8719634 0.1444741 51
-2.3900235 -1.8872173 0.1116106 11
-2.1062026 -1.8772745 0.14758697 43.5
-1.6436263 -1.8980485 0.17750867 25
1.3821003 -1.8609848 0.18464634 53.5
1.4195417 -1.8683057 0.12507817 55.75
1.4581103 -1.6184946 0.15799369 69
4.0155563 -1.6602184 0.11942674 103
1.4506596 -1.5396928 0.17705123 77
4.051774 -1.5645361 0.15344264 106
1.443957 -1.4668794 0.19534712 18
4.0815363 -1.4648825 0.18332559 96.5
1.4539953 -1.359033 0.15505521 48.375
1.4844886 -1.2117039 0.13222243 15
1.5092155 -1.2946491 0.1183921 16
2.452666 -1.2521397 0.15810665 12
4.0762424 -1.2648089 0.11524221 98.5
1.559242 -1.1228931 0.14275488 14.142858
1.6264319 -1.1374847 0.12981854 9.333333
1.7650129 -1.1473888 0.17220698 5.6666665
1.8370235 -1.1589465 0.11480224 11.5
2.0774868 -1.1868656 0.14943904 3
2.1604323 -1.1825635 0.18301582 8
2.303865 -1.1962562 0.12921336 2
2.4183896 -1.1834706 0.17169629 99
4.109827 -1.1461122 0.14671367 97
1.4752607 -1.0592431 0.19213776 10
4.1388855 -1.0584311 0.16865453 96
1.3354363 -0.92511219 0.16198713 5.6666665
2.1913991 -0.97883111 0.17054999 20.5
4.1544304 -0.96684742 0.18801865 97.5
-1.4467525 -0.88403857 0.16845098 1
0.48005193 -0.81448036 0.17646763 0.5
0.5377084 -0.81836486 0.19759801 4
0.63841689 -0.81915653 0.19862123 5
-1.4485593 -0.73125684 0.14235249 8
-0.51079893 -0.70877182 0.18514571 6
-0.42738312 -0.71012008 0.18759349 4.5
-0.36541218 -0.72741318 0.18660849 10
-3.2183886 -0.63650584 0.1016311 12
-1.5149845 -0.60141081 0.18680704 2
-1.4529626 -0.61401737 0.1684078 2
-1.2214465 -0.63021833 0.10424329 7
-1.1754992 -0.6322754 0.1921238 5
-0.92656022 -0.6614036 0.18632548 1.5
-0.75924939 -0.67180091 0.180898 5
-0.64132571 -0.68244439 0.18845223 4.3333335
-0.52957618 -0.69202465 0.18378589 9
-0.35084188 -0.69785458 0.18716218 1
-3.247488 -0.55793715 0.1142271 12.5
-2.0193541 -0.57248724 0.19982323 38
-1.893325 -0.56844187 0.17744416 16
-3.2631912 -0.44872779 0.12869689 10
-3.2847447 -0.33905259 0.13988084 11
-3.2875948 -0.25463125 0.14681724 12
-3.3087783 -0.14291394 0.15413626 11
-3.2976155 -0.19977424 0.15129544 11
-3.3124733 -0.058972538 0.158023 11.5
0.58823931 -0.0039506913 0.1027372 2.69891
0.60332149 -0.00011463237 0.1096643 0.047297299
-3.3169875 0.053879716 0.16065043 11
0.60890061 7.2194925e-05 0.11166119 0.001572327
-3.3146782 0.16844092 0.1599398 12.5
-3.3110812 0.25402454 0.15769298 12
-3.3061895 0.31111309 0.15571703 12
-3.2988126 0.36824608 0.15206155 12
3.4423652 0.39652944 0.15729477 25
3.6557558 0.37713814 0.17675339 20
-3.2913575 0.45440447 0.14660624 12
2.8758192 0.44626048 0.1174171 32
2.9226968 0.43761861 0.1066133 27
3.0573583 0.43039459 0.12973975 27
3.2367208 0.41695496 0.149214 27
3.4266882 0.40272886 0.18366697 29
-3.269124 0.56778634 0.13604917 13
1.3448702 0.58529025 0.14020719 10.333333
1.4280343 0.59739691 0.18713012 13.5
1.6708517 0.57056117 0.11505784 10.5
1.7478743 0.56420124 0.12941727 11
1.84935 0.55445886 0.1638189 12.25
1.927778 0.54863369 0.18734962 12.5
-3.2619827 0.65498018 0.12658453 14
0.58785439 0.688649 0.18157972 12.333333
0.63892221 0.67711473 0.13955362 12.916667
0.74780142 0.6646691 0.14925455 12.571428
0.84561622 0.65348393 0.15692595 13
0.96736532 0.63652521 0.15210569 13.409091
1.0364656 0.62794501 0.11763118 10.333333
1.1480893 0.61555964 0.15080573 14.882353
1.2694483 0.60873944 0.12430616 6
1.3480213 0.60363853 0.15495409 12.142858
-3.2345529 0.73742461 0.11486297 13.5
-0.60833937 0.79891396 0.11471286 15
-0.54820544 0.79297858 0.15056261 14.846154
-0.43929771 0.79305899 0.15976 14.769231
-0.32926512 0.78307742 0.1515016 14.9
-0.25530344 0.77569962 0.14730814 15
-3.2090716 0.81985766 0.10204452 15
-1.5526921 0.8967824 0.13180076 34.666668
-1.4333253 0.87961757 0.11015321 12
-1.2119815 0.8855629 0.17946482 11
-1.1687068 0.87475318 0.14778246 13.7
-1.0637298 0.85600269 0.14702506 12.777778
-0.84923816 0.83270073 0.15656145 15.25
-0.73233032 0.81774598 0.15367351 16.90909
-0.66380638 0.81532389 0.15360902 16.636364
-0.55094105 0.80745286 0.18014733 16
-0.42590833 0.80283493 0.19758767 15
-1.957395 0.94015253 0.19880049 1
-1.8575748 0.92999804 0.17848508 42
-1.7577496 0.92197567 0.17469774 44.5
-1.654878 0.91029066 0.14558281 47
3.8970983 -2.9289734 0.26534393 69
3.6595733 -2.8954263 0.25779173 62
3.9029119 -2.874481 0.20472701 69
-3.5973027 -2.619509 0.25392017 5
-3.437459 -2.6148162 0.22846873 7
1.1742674 -2.6001837 0.28879839 73
1.2180852 -2.6109107 0.24640729 75.333336
-3.6209166 -2.5355196 0.26429564 8
-3.5528476 -2.5117261 0.29087636 9
-3.4886906 -2.5586929 0.25953406 9
0.19071366 -2.5011859 0.21296391 50
0.2525456 -2.5112221 0.22976218 85.666664
0.39864835 -2.5237124 0.22400215 74
0.44196066 -2.5227013 0.25035435 100.66666
0.50427836 -2.5116284 0.29918209 15
1.0911428 -2.5845518 0.21577445 115
1.139335 -2.588506 0.26232493 127
-3.5084207 -2.4557176 0.20762555 7
-0.57596129 -2.4048789 0.28581455 5
0.16619885 -2.4852464 0.26775026 35
1.3427086 -2.4867029 0.24401665 63
-1.449829 -2.3222537 0.23021352 26
-1.3348761 -2.3424375 0.2577576 24.5
-1.0459404 -2.3729072 0.24666667 25
-0.96048003 -2.3740685 0.23244564 26.333334
-0.57335979 -2.3937688 0.29609483 24
-0.43620598 -2.3867817 0.27393374 29
-0.31772801 -2.3658862 0.27093011 48.5
1.3372893 -2.3199399 0.26806542 67
-1.7383606 -2.2361782 0.23865986 12
-0.51058185 -2.2435787 0.24857739 140
-0.45324561 -2.2687674 0.22754079 30.5
-0.32569119 -2.2043252 0.21583165 72
-1.7045765 -2.1782064 0.28325957 12
-0.69294852 -2.1465704 0.24498579 150
-0.48013291 -2.1524992 0.21871987 26
-0.27341241 -2.1060882 0.23404685 153
0.54990929 -2.1319418 0.28838262 2
0.65128428 -2.1115863 0.25219855 7.3333335
0.72628939 -2.1139922 0.29391694 3.5
1.3298165 -2.1671681 0.28850639 65
-0.6136995 -2.0112391 0.25402358 50
-0.59535962 -2.0097911 0.20982292 83
0.67660248 -2.098356 0.23594853 9
0.74140149 -2.0966647 0.21950366 10
0.8587451 -2.0948021 0.21404797 9
-1.6636442 -1.9020396 0.25706816 60
-2.4389999 -1.8697544 0.24773973 67.5
-2.2474771 -1.8838822 0.27085298 23.5
-2.111573 -1.8594203 0.24348849 41
-1.9835089 -1.8968625 0.22964813 33.5
-1.6491145 -1.8940398 0.21718235 31
1.3438485 -1.854138 0.25543457 35.400002
1.4095514 -1.845515 0.21136078 66
1.4054842 -1.749514 0.23120306 76
1.4028456 -1.6625104 0.25102344 67
-3.5055916 -1.5004518 0.25858065 8
1.3981006 -1.5425079 0.27511269 72
-3.5397778 -1.4367769 0.28392524 8
1.3954612 -1.4355026 0.29704779 17
1.4408313 -1.4030182 0.21139346 17
1.3884412 -1.3788024 0.25817996 14
1.416047 -1.3570027 0.23373654 27.75
4.1201134 -1.3326917 0.22046193 98
1.4374235 -1.2643156 0.24987105 16.5
2.4332631 -1.2045783 0.27344695 7
4.143044 -1.2310783 0.24443319 99
1.4400235 -1.1256183 0.27927819 13.2
1.5391668 -1.1025331 0.20337048 8
1.6628569 -1.1329154 0.28013307 20.5
1.7386723 -1.1427617 0.23418947 17.75
2.2668114 -1.190179 0.2197299 2
2.4411585 -1.1595409 0.28956056 150
4.165637 -1.1659639 0.25959235 97
1.3954294 -1.0664904 0.25659764 10
1.4234741 -1.060851 0.22484429 10
1.563587 -1.0064206 0.22397324 7
1.8085626 -1.0425277 0.27274686 4
2.5524306 -1.0356958 0.26094854 17
4.1870632 -1.0633483 0.27865469 91
1.3218209 -0.91204685 0.21666723 7
1.5781749 -0.96268827 0.22504573 10
2.2521992 -0.97369057 0.2786001 18.5
2.4008801 -0.99881995 0.22779524 13
2.5673184 -0.99861985 0.27581981 17
4.2127151 -0.96271366 0.29623079 89
0.53066081 -0.81212807 0.21178763 4.6666665
0.63055277 -0.82994872 0.20662028 7
0.73660761 -0.83481121 0.20654017 7
0.81670702 -0.85203725 0.20428368 2
0.91360801 -0.85467046 0.21362863 1
1.050246 -0.8758148 0.22355589 7
1.132097 -0.8842814 0.227336 7.5
4.1885548 -0.84812438 0.21029046 91
0.46859547 -0.79952341 0.20204464 9
4.2075429 -0.75800025 0.2239337 91
4.2257938 -0.66737837 0.23617791 94
-2.0124242 -0.53044277 0.20710999 8
-1.9628407 -0.56118071 0.29764336 16
4.2457485 -0.54507589 0.24887598 87
4.2642641 -0.45444012 0.25652882 85
4.2756491 -0.36285263 0.26148444 89
4.2912517 -0.27122849 0.26495063 82
4.3006935 -0.21015072 0.26633626 82
4.3115234 -0.14905837 0.26628289 90
4.3188853 -0.057482854 0.263888 86
4.3295026 0.064627625 0.25938523 87
4.3336124 0.15618803 0.25316107 88
4.3550038 0.25486097 0.26184732 88
3.6662903 0.38280213 0.21068552 22
3.9449046 0.35715097 0.22160751 22
4.1959567 0.32621276 0.22491819 27
4.2914734 0.32760233 0.27778295 31
1.2724661 0.59654641 0.21453489 15
1.4570516 0.59185386 0.21945252 13.5
1.5382907 0.59446913 0.2511366 12.25
1.6256044 0.59634078 0.29060626 11
1.9626859 0.54265106 0.20154499 12
2.0488806 0.53909361 0.22176552 12.25
2.1521909 0.53039467 0.25086129 11
2.2240477 0.52178442 0.27149791 43
2.3086569 0.51474863 0.29403347 40
0.57548118 0.69489759 0.24404615 13.333333
0.65913963 0.68427855 0.25308621 13
0.76424891 0.66925728 0.24007232 13
0.82988232 0.66152531 0.24761131 13.5
0.93882602 0.64606386 0.25001901 11.692307
1.0740229 0.63473767 0.26446381 12.461538
1.1249187 0.62567943 0.22136144 13.75
1.239216 0.615161 0.26087514 14.533334
1.302265 0.62344652 0.2908611 16
1.6022768 0.60293245 0.27003825 10
-0.55305082 0.79452103 0.22259434 15.333333
-0.45360851 0.79198343 0.24824412 15.1
-0.33588538 0.79094088 0.2460791 15
-0.26031932 0.77994382 0.24676999 15
0.55495709 0.70351768 0.26767534 13.833333
-1.3395474 0.88348532 0.28624186 11
-1.2283872 0.88478923 0.25039148 11
-1.1467278 0.87489545 0.22969316 11.714286
-1.0769069 0.86643994 0.25741476 12.2
-0.90556377 0.8540653 0.2602354 18
-0.85201013 0.83468056 0.25236034 11.727273
-0.73377872 0.8241654 0.25183156 14.454545
-0.66212147 0.82221198 0.25170955 17.636364
-0.5552178 0.80843258 0.25393686 16.6
-0.44272056 0.80193442 0.23648754 15.6
-1.860678 0.92805552 0.22037737 34
3.8121853 -2.9101613 0.3220216 61
3.5917957 -2.8875806 0.31570879 66
3.7385118 -2.8982444 0.3783299 13
-3.6710119 -2.6679027 0.31127632 11
1.16163 -2.6028669 0.35884333 39
0.39988238 -2.5171435 0.33149812 30
0.45627415 -2.5237572 0.31783473 44.5
0.9708361 -2.5746012 0.30866876 114
1.0414505 -2.578527 0.37660503 126
1.1882221 -2.5924594 0.30815625 126
1.2500799 -2.5498989 0.37002242 91.5
-3.5972428 -2.4485013 0.31974432 10
-0.32111311 -2.4419627 0.33225238 144
-0.27158365 -2.4531782 0.34061185 140
0.14667745 -2.48281 0.35562468 28
-3.6438189 -2.3883047 0.34887636 16
-1.4597946 -2.3167419 0.30362499 25
-1.0664555 -2.3674824 0.30341333 24
-0.96137398 -2.3653798 0.31637728 26
-0.74231279 -2.3847277 0.31391764 31
-0.43682677 -2.3739057 0.32612732 21
-1.3078696 -2.2696538 0.32740945 13
0.53296399 -2.2450886 0.31332743 2
0.57857263 -2.139884 0.33070034 1.5
0.64845634 -2.1386118 0.33728996 3.25
0.74665451 -2.1369901 0.33946955 11
-2.0804024 -2.0000257 0.30509031 5
1.3275561 -2.0433404 0.30791283 65
1.3260584 -1.9294885 0.32510459 74
-2.4062221 -1.8456769 0.35075924 3
-2.3422251 -1.8611552 0.31846085 42
1.2703801 -1.8381202 0.38158083 47.5
1.3165634 -1.8479881 0.32461452 35
1.324739 -1.7347461 0.35636741 70
1.3263313 -1.6538417 0.37041172 21
1.3235903 -1.5689565 0.38174081 21
-3.6241865 -1.317546 0.33219028 8
-3.5670512 -1.372041 0.30701178 8
1.3515818 -1.354695 0.34181085 23.111111
-3.6498339 -1.2487935 0.35416776 6
1.3892266 -1.1352624 0.34030017 11.5
1.416625 -1.1058526 0.33147711 14
1.5436097 -1.1055313 0.38902748 13
1.6607977 -1.1331202 0.33417058 18.25
1.7406559 -1.1340455 0.31517226 31.666666
2.1365323 -1.1753411 0.39110407 23
1.3712552 -1.0949237 0.37715611 11.6
1.4838642 -1.038756 0.32616794 5.6666665
1.5624286 -1.0673271 0.32939368 11
1.6149914 -1.0866452 0.37610719 3
2.526602 -1.0102032 0.35451397 23
2.6161747 -1.0058781 0.38267455 41
1.2806005 -0.98912376 0.3894029 6
1.364114 -0.90557694 0.3672508 6
1.4233665 -0.9421519 0.34075391 5.8000002
0.466106 -0.80804706 0.35206521 1
0.56723595 -0.80629921 0.34892425 3.5
0.70045394 -0.82816374 0.35047182 2
0.84474868 -0.84804416 0.35812381 6
0.99320757 -0.86477375 0.36852288 7
1.0145613 -0.86552846 0.36481291 7
1.1964926 -0.89740986 0.37272105 6
1.5008665 -0.89570296 0.38693243 6
4.2337122 -0.86109996 0.31070447 88.5
-0.31698743 -0.70860732 0.33902442 1
0.3955346 -0.79080307 0.34893698 7
0.57300937 -0.79196292 0.32986328 7
4.2582068 -0.7594704 0.322997 89
-1.5181545 -0.60098189 0.32563975 17
-1.1496083 -0.63243973 0.33141658 4.6666665
-1.0777386 -0.63425267 0.35669497 3
-0.93694937 -0.64923066 0.33336276 4.5
-0.85061121 -0.65409899 0.34080553 2.5
-0.75523394 -0.66333306 0.33731812 2
-0.65372932 -0.67483425 0.33230615 7
-0.53734469 -0.6907866 0.33458468 7
4.2762747 -0.65736973 0.33186385 86
4.29146 -0.55428213 0.33795163 84
4.3073149 -0.4511914 0.34190661 87.5
4.3224263 -0.34810397 0.34375304 82
4.3307433 -0.24554738 0.34111953 82
4.3455944 -0.14222559 0.33778107 78
4.3577394 -0.03965148 0.33119193 80.5
4.3649025 0.061900288 0.32256687 84
4.3677425 0.16493255 0.30977243 83
2.4968114 0.49555635 0.33939645 36
2.6320269 0.49105257 0.37736288 37
2.7385037 0.47734055 0.39713666 37
1.6705257 0.58804244 0.31418854 11
1.7446878 0.57891744 0.34729379 11.75
1.8261633 0.57480079 0.38313681 13
2.3993857 0.50484127 0.31504861 36
2.4077463 0.50968885 0.32267272 37
2.514245 0.50115943 0.35193801 40
0.650958 0.69019836 0.34414324 13.692307
0.76783246 0.67351788 0.3479495 13.785714
0.88297939 0.65783656 0.34762633 11
0.91002393 0.65114123 0.33313268 14.125
1.051322 0.642851 0.3519735 13.857142
1.1674918 0.63006103 0.35772699 13.6875
1.2339464 0.62120575 0.33328041 15.75
1.3536291 0.61573631 0.33455947 15
1.4259789 0.60765153 0.38227266 13.5
-0.45000106 0.79205829 0.34741631 15.5
-0.34467757 0.79161036 0.34480476 15.7
-0.2648901 0.78843689 0.34643185 15.888889
0.48696995 0.71300429 0.36526591 14.25
0.54528302 0.70762646 0.34896827 14.3125
0.61199701 0.70080483 0.36044461 14
-1.307285 0.89286077 0.39442375 12
-1.2510209 0.89038408 0.34755909 11.363636
-1.1457126 0.88278759 0.33496779 12.1
-1.0574986 0.86869979 0.3637383 9.333333
-0.93855584 0.85310596 0.34979105 11.142858
-0.88076311 0.84672052 0.3543148 14.75
-0.73699731 0.83367121 0.34985039 12.2
-0.64038092 0.8216821 0.34706187 18.125
-0.57884443 0.81521434 0.33804947 16.9
-1.5415487 0.91090178 0.36092782 46
-1.4423934 0.9031812 0.32360512 11
-2.8784554 1.1045679 0.36667433 41
0.79464245 -2.5422201 0.45538926 115
0.85716295 -2.5551662 0.44713336 114
0.90261602 -2.5590453 0.49365252 114
1.1382983 -2.5799127 0.46846837 122.5
-0.4430328 -2.4133351 0.49313393 29
-0.322651 -2.4356577 0.45822296 67.333336
0.061561599 -2.4635112 0.48708892 39
0.13440526 -2.4778202 0.47875944 111
4.1286554 -2.4156635 0.49364415 92
-1.3467345 -2.3321388 0.49217659 6
-0.97118944 -2.3722413 0.47714549 6
-0.76424599 -2.3917549 0.47261795 5
1.2646283 -2.3383791 0.40297857 61
-2.2790337 -2.2015858 0.47668773 8
-1.9491422 -2.2457478 0.45442033 20.5
-1.0599339 -2.274405 0.44352061 6
0.65804726 -2.277998 0.43223655 10
1.2633079 -2.1793756 0.41570744 79
-2.3495619 -2.0398195 0.47360742 1
-1.631258 -2.024226 0.49978963 150
-1.3506339 -2.0389779 0.43213347 38
-0.6093666 -2.009057 0.44302732 26.5
-0.4809871 -2.0259342 0.4264552 6.5
1.2648619 -2.0493696 0.42980525 76
4.1480117 -2.0381839 0.42480636 95
-1.5480613 -1.9058653 0.43072325 8
-0.69617844 -1.992027 0.47559956 34
1.2706766 -1.9433604 0.44383287 17
-2.3379214 -1.8838876 0.49569723 23
-2.2536922 -1.8242389 0.42529806 21.5
1.2372532 -1.8237393 0.43770742 52
1.2115556 -1.7952751 0.48914269 54
1.2701555 -1.6353376 0.46996081 65
1.2745022 -1.5583298 0.47977436 73
1.2752929 -1.4443235 0.49035048 17.5
1.3247802 -1.4301276 0.40473554 19
1.2781996 -1.3554285 0.46104079 13.6
1.3146031 -1.347227 0.41518608 15.25
1.3249112 -1.2483407 0.43162498 16
1.3257536 -1.1689227 0.44284308 12.5
1.4879116 -1.1015245 0.47782785 14
1.5393662 -1.1074653 0.45825458 13.833333
1.9395379 -1.1414263 0.41077098 12
2.036587 -1.1251537 0.46425542 5
2.2985349 -1.1953222 0.46080974 34
1.2892466 -1.0482297 0.45722049 12.5
1.3191805 -1.0864296 0.45538786 11.833333
1.4875187 -1.0880685 0.46438873 12.666667
1.546515 -1.0604162 0.4562282 3.5
2.716392 -1.0025146 0.41277432 9
-3.8251851 -0.91338176 0.45848116 9
-3.7853944 -0.98102814 0.4378117 8
1.151581 -0.90428001 0.4929083 5
1.292271 -0.90629148 0.48796779 4
1.5516058 -0.97917742 0.4986116 9
1.6855357 -0.90882188 0.49934399 4
1.8363981 -0.92667782 0.40892383 7
2.0730658 -0.99699479 0.41015828 87
-3.8439789 -0.83855736 0.47460625 8
0.51714313 -0.80501556 0.46757323 1
0.6414066 -0.821666 0.48000112 6
0.79277736 -0.82695073 0.47869611 6
0.95635492 -0.84181249 0.48299694 5
1.1189195 -0.84965247 0.4871006 5.6666665
1.2570758 -0.86366183 0.48992643 6.6666665
1.3262522 -0.87071031 0.49384046 6
1.5087428 -0.89425212 0.48234835 5
-3.8716254 -0.76580554 0.49188754 9
0.33383179 -0.76421821 0.48054275 6.5
0.4071171 -0.76620388 0.47804475 6.5
0.50756681 -0.76922125 0.48185825 10.4
0.63774741 -0.78267503 0.47443652 7.8333335
0.77776849 -0.79475158 0.4890424 9
-1.3159571 -0.60664743 0.452084 6
-1.2912456 -0.62447429 0.43666947 1
-1.1146986 -0.60730088 0.46334845 8
-1.0522624 -0.63044024 0.4408429 4.4545455
-0.94070202 -0.62948149 0.47223872 8
-0.85685772 -0.62687588 0.4608908 2
-0.74215996 -0.64375556 0.46024254 3.2857144
-0.64707726 -0.65620703 0.45860642 5.5
-0.55106539 -0.65810269 0.4645035 8.166667
-0.44318607 -0.67074603 0.463588 8.5
-0.35212821 -0.67823654 0.46226567 8.9230766
-1.9489282 -0.50300974 0.49096763 1
-1.8644166 -0.53835779 0.45755407 15.5
-1.5101262 -0.55289793 0.49734664 0
-1.4417857 -0.57187903 0.46633333 5.5
-1.3621532 -0.58253986 0.46266496 5.6666665
-1.1664124 -0.59635991 0.49398574 5
2.7892663 0.48317999 0.42431304 37
2.8863263 0.46743664 0.43116719 31
2.9512765 0.4697805 0.46538529 35
3.0646734 0.45676371 0.47100037 29
1.8814578 0.57005072 0.40794823 12.5
1.938174 0.56281316 0.43273336 13.5
2.0554223 0.55986094 0.48190594 13.25
0.57991886 0.69887072 0.45461431 13.666667
0.63217604 0.69052994 0.44317731 13.6
0.73409122 0.68081671 0.44941795 13.666667
0.86985731 0.66686219 0.44964442 14.5
0.98812526 0.65969855 0.45011288 11.125
1.0386283 0.65359575 0.44886276 15.705882
1.1404077 0.63894302 0.45590013 14.857142
1.2602361 0.63368315 0.43477583 15.5
1.3212306 0.62768388 0.48517701 14.666667
1.4810703 0.60733867 0.4166432 13
1.5578753 0.61536402 0.46161354 10.75
1.6149698 0.61205518 0.49696931 11
-0.45860881 0.79900348 0.4051545 16
-0.35309237 0.78767526 0.44330952 16
-0.27156895 0.78014737 0.44277403 16.111111
0.46729818 0.71630502 0.45239311 14.230769
0.53402525 0.70632082 0.44301701 13.777778
0.60782892 0.70374113 0.43179557 14.333333
-1.3288124 0.89707583 0.44448137 12
-1.2547846 0.89281225 0.44599131 11.428572
-1.159273 0.88519686 0.44355682 11.142858
-1.0515095 0.87316239 0.44263339 10.5
-0.94285196 0.86165565 0.45280087 11.333333
-0.75431353 0.83577198 0.44475424 13.545455
-0.6118021 0.82101119 0.45875293 18
-0.58929265 0.82606238 0.43997255 18
-0.46634007 0.80667561 0.45469692 17.166666
-1.7482412 0.93578452 0.43577603 40
-1.6598589 0.92547578 0.40391773 38
-1.5180751 0.92127019 0.48071629 55
-1.435593 0.90330458 0.44561142 49
-1.3437761 0.90014422 0.47587433 12
-3.3806756 1.1603696 0.45829314 13
-3.0969493 1.1257367 0.40797257 15
-2.9033329 1.1061469 0.45151559 26
-2.8105581 1.1284909 0.42505899 18
-3.8246377 1.59887 0.48786691 9
-3.6534035 1.6111518 0.450618 41
-3.6520967 1.7472486 0.42766571 28.5
0.58795696 -2.519938 0.56941712 109
0.6387369 -2.527504 0.52262992 113.66666
0.73472071 -2.5330553 0.5491513 97.5
0.86354995 -2.5491779 0.52511144 120
0.9591248 -2.5566061 0.57368928 83.666664
1.0673875 -2.5756636 0.53639048 98
-0.44603974 -2.4284923 0.5520612 106
-0.3320193 -2.4402113 0.52557516 124.5
-0.28157613 -2.4438791 0.53457391 134
0.055620283 -2.460027 0.57304263 70.25
0.11839864 -2.4668617 0.51891124 111
0.29673201 -2.4912364 0.55483615 118
0.32187879 -2.4944069 0.54670697 119
1.1828337 -2.4623783 0.51361078 61
-1.5103936 -2.3018305 0.56435931 18.5
-1.3493369 -2.3275144 0.5452016 21
-1.1051486 -2.3574824 0.56102765 27
-1.0944651 -2.3524752 0.5077551 25
-0.97265089 -2.3617435 0.55617309 25.5
-0.35172433 -2.3705692 0.54572183 4
1.1907176 -2.3143983 0.52542418 16
-2.2966163 -2.2112451 0.53029293 52
-1.9747238 -2.2442393 0.55156088 95
-1.3015664 -2.2092574 0.57331955 6
-0.50989765 -2.2040491 0.58197308 13
-0.43794447 -2.2574646 0.57136405 2
-0.63419718 -2.1417491 0.59092683 29
-2.3471549 -2.0218108 0.51497662 21
-1.6628565 -2.0629802 0.55595118 42
-0.88061625 -2.0139236 0.55612254 84
-0.62214684 -2.0754387 0.52698582 93
-0.49045599 -2.0529678 0.50141305 0
-1.4518443 -1.9085305 0.58039576 1
-0.87302715 -1.972029 0.5921663 101
-0.70455074 -1.9875593 0.54210955 40
1.2003305 -1.9144305 0.5423395 70
1.1694036 -1.8132429 0.55812538 62.5
1.2022119 -1.8194327 0.52451622 63.5
1.1807506 -1.7821593 0.54450285 54
1.2091349 -1.718443 0.55457717 75
4.2510343 -1.7617477 0.53584379 93
-3.8209324 -1.6062171 0.56484765 1
1.211087 -1.6274512 0.5582028 69
4.2819071 -1.654121 0.57170469 96.5
-3.8320146 -1.5284792 0.58088028 10
1.2160618 -1.5504552 0.56447226 77
1.2262589 -1.4529335 0.5761919 19.5
1.2282913 -1.332101 0.55638158 14.428572
1.253521 -1.2486193 0.5442704 14.75
2.5503099 -1.2047504 0.57132357 36
1.259289 -1.1438611 0.55472589 13.5
1.5454085 -1.1068943 0.5271107 13
1.8456529 -1.1317558 0.55422485 29
2.2419302 -1.1765915 0.55409271 24
2.4318504 -1.1835164 0.52414268 20
2.5743704 -1.1656499 0.59087282 19
1.2783489 -1.0762417 0.53609771 14
1.3037815 -1.0840446 0.50909811 12
1.4609752 -1.0720719 0.53452808 10.333333
1.610899 -1.0850729 0.52237779 13
1.2955241 -0.9330498 0.57428592 5
1.3603413 -0.96266401 0.54347992 4
1.8330827 -0.94207066 0.5826205 150
2.0781114 -0.92000544 0.52569199 22
2.1522415 -0.91979963 0.55977625 3
2.290344 -0.95469767 0.51592106 13
2.3494411 -0.94134057 0.54387927 4
0.77060831 -0.80846751 0.52166861 6
0.93579769 -0.82295448 0.5144363 5.75
1.06409 -0.85605699 0.51180071 4.6666665
1.131387 -0.84631258 0.53020531 4
1.2549992 -0.85409343 0.51512933 5.5714288
1.3722271 -0.85656941 0.51875639 7
1.4471886 -0.89630646 0.57360578 150
1.563841 -0.86680669 0.52311534 10.666667
1.7140495 -0.89171016 0.52013916 6
0.31906334 -0.75909936 0.50531483 6
0.77327079 -0.78642672 0.50047421 10
-3.9338746 -0.61835212 0.52510828 9
-3.8998313 -0.69305563 0.50833941 9
-0.478719 -0.66669434 0.50084645 1
-3.9535332 -0.5415253 0.53819066 9
-3.9687653 -0.46366197 0.55069399 8
-4.00102 -0.30513421 0.57321429 8
-3.9748831 -0.3827199 0.56065464 8
-4.0210023 -0.22430423 0.5840922 8
-4.0376606 -0.14444181 0.59272802 8
-4.0402036 -0.062461801 0.59906596 8
3.1615691 0.45956093 0.51835763 30
3.2523172 0.44115448 0.5141806 27
3.3811154 0.44237453 0.5732947 26
3.477581 0.42483011 0.56444818 31
1.6603606 0.5977506 0.52581531 12
1.7415602 0.59366155 0.57271343 13
2.171658 0.54940587 0.53143167 49
2.2604322 0.54230481 0.56908119 43
0.68891335 0.69540679 0.53107703 15
0.73061144 0.6900984 0.55240524 15.2
0.85214084 0.67931408 0.54985303 15.636364
0.97118133 0.66337293 0.55537981 16
1.0455942 0.65421999 0.53930563 16.799999
1.1309055 0.64341283 0.54969925 13.846154
1.2390547 0.64285088 0.56113583 16.166666
1.3706409 0.62672424 0.52268904 13.333333
1.4317026 0.62931746 0.57040453 12.666667
1.6377 0.60535729 0.51286697 12
1.7390784 0.60379481 0.57652819 13
-0.3659811 0.79797971 0.53022087 17.5
-0.27508405 0.79297346 0.54566735 17
0.38021493 0.7313993 0.57017648 11.333333
0.43669218 0.72913086 0.54538512 14
0.5491963 0.71611762 0.55337453 15.090909
0.65120119 0.70299542 0.54274046 15.142858
-1.2362459 0.89368665 0.54323387 10.5
-1.1409962 0.88586146 0.54246795 12
-1.035159 0.8783744 0.55966753 11
-0.96008033 0.87114513 0.54483175 12.125
-0.83961171 0.85459554 0.55149603 11.6
-0.78566897 0.85757291 0.55984521 16.5
-0.62577516 0.82357591 0.5526489 16.25
-0.48140365 0.81554216 0.54688942 16.75
-0.36207509 0.80411839 0.55508387 18.166666
-4.0325551 0.94981581 0.59615493 10
-1.7367001 0.93017429 0.57866818 1
-1.6741633 0.93720317 0.54977024 47
-1.5867087 0.9252401 0.5113104 58
-1.4327426 0.91454852 0.58144683 29.799999
-1.3589872 0.90698147 0.53816068 9.1428576
-1.2851415 0.90061021 0.55678636 8
-4.0216103 1.0349395 0.58854532 10
-3.9554114 1.1055214 0.57141501 55
-3.8180768 1.1496941 0.54131007 54
-3.4018404 1.1682724 0.56038308 17
-3.1241171 1.1310936 0.50058043 19
-3.7396009 1.2083799 0.52074635 27
-3.8652434 1.6956315 0.59066272 115
-3.8377056 1.7731537 0.57095551 70
-3.8149393 1.854635 0.54965121 91
-3.8415408 1.9634647 0.53640229 81
-3.7449102 -2.8760004 0.60469556 14
-3.5799925 -2.6317761 0.60727596 13
0.56158495 -2.5102136 0.6592682 117
0.61142838 -2.5205646 0.6120528 115
0.9846881 -2.5567439 0.68046892 108
1.0296913 -2.5671873 0.63819343 88.5
-3.494355 -2.4611552 0.62015384 2
-0.33157045 -2.4295576 0.6438607 41.666668
-0.28596476 -2.4354758 0.61853588 107
-0.01987567 -2.4427204 0.65435547 33
0.05776836 -2.455065 0.64517546 109.66666
0.26994249 -2.4799118 0.6351155 114.5
-1.114857 -2.3454776 0.63697231 26
-0.66890341 -2.3613963 0.69844884 25
-0.44478887 -2.3546922 0.64677274 2
-0.28932545 -2.3935342 0.66549087 4
-2.0029521 -2.2322254 0.67306346 86
-1.9906126 -2.2362301 0.62395185 96
-1.5126221 -2.2867079 0.62474239 21.5
-1.3307682 -2.2609529 0.63767564 14
-1.2811779 -2.2747781 0.67219931 4
1.1069498 -2.2212248 0.67679173 62
-1.4818412 -2.1956255 0.67812949 13
-0.75134373 -2.1867013 0.63736957 2
-0.51188725 -2.1740339 0.62601447 10
-1.6670423 -2.0564005 0.60384107 34
1.1151631 -2.0831082 0.67645156 58
4.2771006 -2.0200498 0.65220386 90
-1.3512213 -1.9218593 0.67099625 34.5
-1.0003792 -1.9531431 0.65854228 38
-0.87391114 -1.9553576 0.65895748 27
-0.71651727 -1.9795721 0.63241643 5
1.1237161 -1.9690143 0.67872125 64
1.130107 -1.8569143 0.67747653 66
1.0986513 -1.7694628 0.68918526 65
1.1433495 -1.7773032 0.63223094 32
1.1463497 -1.6747379 0.68162388 22
4.3191538 -1.5494392 0.6067332 101
1.1626906 -1.4395241 0.68408221 18
4.3499527 -1.4422981 0.63835335 94.5
1.1782793 -1.3197602 0.65065581 20.166666
4.3800054 -1.3351555 0.66786724 96
1.1870165 -1.2692416 0.67239267 10
1.2029397 -1.2321284 0.66138715 8
4.3995371 -1.2630595 0.68614089 99
1.1461573 -1.1253514 0.64686298 2
1.20359 -1.1691257 0.65784132 1
2.3645782 -1.1512471 0.61703515 70
1.2174222 -1.0557696 0.67560434 12
1.387746 -1.073633 0.67598522 13.75
1.4535019 -1.0778756 0.6804347 12
1.1358085 -0.94726169 0.6252957 0
-4.0640888 0.019343935 0.6077491 8
-4.0705709 0.14430161 0.61422431 8.5
-4.0820618 0.27122071 0.6204561 9
-4.073278 0.35430765 0.62034726 7
4.0269208 0.3789174 0.68646109 26
-4.0844707 0.44023055 0.62286073 8
3.643985 0.42134854 0.63809729 31
3.7256129 0.4036741 0.61993825 33
-4.0879145 0.52622205 0.62255406 10
1.8572905 0.58913732 0.64533472 14.25
2.3680534 0.5363059 0.6131146 46.5
2.4842298 0.52834904 0.66052926 47
2.6074896 0.51508331 0.6988492 41
-4.0714598 0.65289402 0.61654931 8.5
0.64086306 0.69790399 0.67419857 6
0.74617392 0.69124645 0.65698576 13.285714
0.84617341 0.68108338 0.64117444 15.857142
0.95000041 0.667229 0.65517807 15.2
1.0284975 0.64837229 0.64903039 14.428572
1.1346439 0.64845741 0.63809919 13.25
1.2403256 0.64580262 0.65863621 13.25
1.3379372 0.64312494 0.65383357 13
1.4870145 0.63237751 0.61313164 11
1.5478096 0.62622344 0.66118872 11.75
-4.0666723 0.78247267 0.61117542 9
-0.37541348 0.79807073 0.63831228 13
-0.28101119 0.79473853 0.64716703 12.666667
0.35583821 0.73396617 0.61691958 0
0.45557606 0.72621787 0.61741394 4.25
0.55483186 0.71469122 0.63598293 9.1428576
0.65607917 0.70970893 0.63978761 16.333334
0.70935094 0.70936084 0.68706369 7
-4.0509877 0.86562932 0.60519761 10
-1.2053242 0.89028823 0.66637319 12
-1.1385139 0.88621384 0.63161308 12
-1.0459573 0.88021982 0.6574021 6.625
-0.99051315 0.87921131 0.60219306 9
-0.83214027 0.85942858 0.65322936 7
-0.65234751 0.84051836 0.65464669 8.1999998
-0.50933051 0.83466339 0.65756321 7
-0.49239296 0.81802148 0.63678437 12.5
-0.37236428 0.81339884 0.65278912 14
-0.27581045 0.80629891 0.61844337 19
-1.6644217 0.94045073 0.67910647 16
-1.581933 0.93202752 0.63677186 42
-1.4688715 0.92396629 0.66618729 10.857142
-1.3482265 0.9111293 0.65024191 15.166667
-1.2803097 0.90355533 0.65817982 9.666667
-3.9032149 1.1042125 0.68308532 102
-3.7896621 1.1498455 0.65227199 133
-3.7022221 1.2011312 0.6258378 70
-3.8028641 -3.008321 0.72118658 15
0.53504676 -2.5019414 0.7327382 72
0.95526332 -2.5465219 0.76198989 95.5
-0.45123339 -2.4194756 0.74942309 106.5
-0.34381983 -2.4295211 0.75109053 127
-0.29245117 -2.4296336 0.76104283 127
-0.034969538 -2.4400258 0.75755578 45.75
0.021711824 -2.4501395 0.71768129 99.5
0.19111794 -2.4733257 0.78585672 26
0.2246971 -2.4673045 0.73800826 115.66666
0.53313428 -2.4981091 0.78192163 28
1.0641671 -2.4889567 0.71889967 65
-1.4028956 -2.3023961 0.76158071 28
-1.3626915 -2.3170125 0.73224592 26
-1.1288832 -2.3394833 0.71655375 22
-0.67530286 -2.3876598 0.76304585 81
-0.5446769 -2.3981676 0.79371947 78
1.0757288 -2.3227708 0.71390241 67
-2.02566 -2.2302217 0.74887252 81
-1.8127644 -2.2563798 0.73705781 103
-1.4204199 -2.2339606 0.76862162 8
1.0309075 -2.2423642 0.79974926 56
-0.75808161 -2.1116805 0.76829851 21
1.0852368 -2.1706791 0.70937157 61
-3.4797969 -2.0601759 0.72015136 2
-1.3543011 -2.0153148 0.71911424 4
-0.7471863 -2.0936592 0.71203369 15
1.0615484 -2.0472901 0.76589799 61.666668
-1.3337969 -1.9080862 0.71890593 11.333333
-1.2630128 -1.9288609 0.77795702 3
-1.0072286 -1.9471432 0.70211208 39
1.0536733 -1.9749217 0.78416723 64
1.1052198 -1.9294232 0.70706469 67
1.1139743 -1.8243158 0.7064929 69
1.0667981 -1.7315885 0.75368023 61.333332
1.1236234 -1.7332195 0.70789194 22
1.0875113 -1.6065319 0.7816776 60
1.1326157 -1.6481235 0.70853853 23
4.3724403 -1.6936439 0.75229454 83
4.4036822 -1.6145165 0.77577651 80
1.0954261 -1.5633581 0.77683574 63.5
1.1025652 -1.5181814 0.77130032 70
4.4235282 -1.5324298 0.79521 90
1.1272922 -1.4520535 0.73984081 60.75
1.1577065 -1.3538291 0.70805746 17
-3.1579504 -1.2248158 0.78399485 36
1.0940672 -1.2375128 0.78557241 14
1.1344748 -1.2664802 0.73795503 13.5
4.4270186 -1.1544216 0.71111286 94.5
-4.2900219 -1.0063956 0.75830406 9
1.1876118 -1.044989 0.76750076 15.2
1.2419417 -1.0425291 0.74065018 10.4
1.3585116 -1.0610658 0.74714768 13.8
1.4265484 -1.064865 0.75673455 14
1.687682 -1.0923666 0.73796415 30
4.461586 -1.0477251 0.73594946 89
-4.3307366 -0.93098652 0.77506047 11
4.4861317 -0.93709338 0.75603479 90.5
-4.3966641 -0.85693628 0.79557347 11
4.5134945 -0.8284331 0.77464831 83
4.531466 -0.75432408 0.78589064 78
4.5458889 -0.680242 0.79649097 85
3.965801 0.39754099 0.71674031 25
4.3907328 0.34763455 0.76454395 27
1.9691978 0.58502734 0.71155918 14
2.0467896 0.57930028 0.75717974 50
2.1353714 0.56817639 0.79678798 46
2.6353333 0.52489203 0.73255157 46
2.7571754 0.5060674 0.75684434 35
0.78115642 0.69253755 0.72903681 3
0.8584857 0.69189066 0.74533224 5.3333335
0.94283795 0.67764425 0.73585153 9
1.0363864 0.6622228 0.75784189 9
1.103218 0.65941316 0.73758602 9.333333
1.2815465 0.66136557 0.75167626 12
1.3558747 0.65882397 0.73293781 11
1.4376206 0.64444661 0.74821335 11.75
1.6461321 0.62044609 0.73789358 13.25
0.28104734 0.76566017 0.75807977 5
0.33168212 0.75730681 0.76973641 10
0.4339453 0.74651557 0.75985694 4
0.69935781 0.70087683 0.72530168 0
-1.1400529 0.89191771 0.73217839 12
-1.084667 0.86637419 0.70564324 1
-0.68118417 0.84551877 0.70189422 0
-0.37570345 0.81595361 0.71646863 2
-0.28116792 0.80024135 0.70228833 4
-1.6233855 0.93757653 0.77328759 3
-1.5503684 0.93666148 0.73131067 43
-1.4508922 0.91703451 0.74516869 27.5
-1.3360773 0.91171223 0.74645996 33.333332
-1.2348018 0.90647632 0.76070368 12
-4.3754525 1.0637326 0.7922771 10
-4.2118549 1.1099404 0.75167221 16
-2.7231205 1.1062127 0.76858634 18
-2.643913 1.1388431 0.7379607 9
-3.7546933 -3.3827007 0.87167251 15
-3.9532735 -3.1131878 0.85314715 25.5
-3.6866176 -2.8598444 0.89234132 4
-3.4570708 -2.8668156 0.87068403 6.5
4.0679541 -2.8429949 0.81825238 36
4.2214298 -2.8540545 0.88957906 56
3.6170042 -2.7890353 0.86414695 24
0.97140026 -2.537226 0.82035762 86
-0.55190426 -2.4011931 0.85331964 127
-0.45368516 -2.4111845 0.83457398 124
-0.34797096 -2.4246216 0.83833027 126
-0.2961843 -2.4297297 0.849567 127
-0.028250733 -2.4370801 0.8200047 27
0.18578041 -2.459003 0.8310017 27
1.0117992 -2.4127789 0.81623405 55.5
-4.027185 -2.3014581 0.86955261 26
-1.3503326 -2.3055327 0.83483553 29.333334
-1.2831135 -2.3058405 0.80323082 22.5
-0.67916363 -2.3819635 0.84757471 93
-2.030921 -2.2369123 0.84492242 49.5
-1.8285322 -2.2566981 0.82103342 104
-1.3643177 -2.2396169 0.862023 10.5
1.0197177 -2.2596443 0.81126434 49
-4.0035563 -2.1803021 0.88823539 2
1.0329067 -2.1224177 0.80456936 56
-1.502946 -2.0688808 0.8439706 2
-1.4794173 -2.0685134 0.88814247 15
-1.0847872 -2.0712805 0.89207381 17
-1.2748851 -1.9314384 0.81526756 9.5
1.0244529 -1.716239 0.83577657 14
1.0376322 -1.6984326 0.81892663 15
4.4462013 -1.4503331 0.81459498 87
4.4667163 -1.3682443 0.83189547 89
1.0711377 -1.2157329 0.82987803 14
4.482954 -1.2831707 0.84785402 92
4.5041385 -1.2010798 0.86302167 87
-3.3175006 -1.1355388 0.85428733 13
-3.224134 -1.1763433 0.81525433 14
1.0474524 -1.1883219 0.88014966 14
1.8671435 -1.1037779 0.87452108 16
2.2721119 -1.1586802 0.80766082 23
2.3857596 -1.1501325 0.87630522 28
4.5231624 -1.1179969 0.87610418 89
1.1685532 -1.0360897 0.85110074 13.428572
1.292818 -1.0374718 0.81959981 15
1.3472303 -1.0457439 0.85020512 19.571428
1.4296334 -1.0518824 0.84308797 19.200001
1.6693621 -1.0918771 0.84769249 20
4.5428791 -1.0349116 0.88846773 88
4.5583262 -0.95084155 0.89948994 86
-4.4164357 -0.77326494 0.80783677 8
-4.4318814 -0.64404619 0.82146019 9
4.5581522 -0.60616994 0.80501008 81
-4.4573021 -0.51594037 0.83458322 8
4.5774856 -0.53203905 0.81340086 85
-4.4743423 -0.43020853 0.84379816 8
4.5932436 -0.45792988 0.81973583 80
-4.4894567 -0.34443083 0.85050547 7
4.6087198 -0.34533012 0.82833338 78
-4.4993324 -0.25658083 0.85608912 7
4.6305194 -0.23266958 0.83469546 83
-4.4925928 -0.16849844 0.8576861 7
4.6391129 -0.15660395 0.83692819 87
-4.5027714 -0.079631507 0.86106265 7
4.658174 -0.042955376 0.83987284 81
-4.5046301 0.0083517348 0.86243671 8
-4.4840403 0.095638826 0.85950112 7
4.664597 0.070611455 0.83770061 83
-4.5050335 0.18437789 0.86294669 8
4.6724229 0.14568485 0.83642167 87
-4.4974871 0.2725082 0.86038017 7
4.6858759 0.2608166 0.83271503 86.5
-4.4921808 0.36260951 0.85812378 7
4.3416004 0.36493254 0.80718881 26
-4.4729896 0.44891584 0.85130644 6
2.9424369 0.49829441 0.82691568 36
3.133384 0.48249841 0.89962697 36
-4.4732361 0.53896171 0.84797603 7
2.1426826 0.58107096 0.82597667 47
2.2419162 0.56902385 0.87103081 52
2.8020451 0.51636809 0.80182844 42
3.0029385 0.50694168 0.88466275 38
-4.462935 0.62715274 0.84234273 9
1.0594676 0.66209573 0.81479633 1.25
1.3656734 0.65721446 0.83396667 12
1.4668826 0.64583898 0.84615481 12.5
1.5487387 0.63387835 0.84934127 13.25
1.7420346 0.61434954 0.81688857 14.666667
1.814832 0.60676616 0.85465628 15
-4.4426455 0.71348995 0.83357805 8
0.25983754 0.77067518 0.85373819 9.1999998
0.3372522 0.76035535 0.83886933 13
0.42555797 0.74933016 0.83877093 10.25
0.52054286 0.74229449 0.87508601 7
-4.4268141 0.84681684 0.82125342 9.5
-0.9481917 0.87535429 0.88057816 1
-0.73798931 0.86077762 0.8928439 4
-0.54318273 0.84355557 0.88273478 3.5
-0.39406806 0.82384419 0.85875922 3.75
-0.28869292 0.81641591 0.86245471 5.25
-4.3970962 0.9763487 0.80436802 9
-1.5572187 0.93598115 0.86300486 16
-1.4558274 0.93113327 0.84698361 51.666668
-1.3160729 0.92181623 0.88279504 55.5
-1.2403966 0.90846968 0.84168625 46.666668
-2.9555962 1.1354059 0.84816742 15
-3.6677918 -3.7197468 0.9249379 5
-4.2135725 -3.5997539 0.95537376 1
-3.664923 -2.8231723 0.95082319 9
3.753294 -2.7986579 0.93323505 46
4.3744574 -2.747288 0.99262679 85
0.87329876 -2.5150576 0.96042383 100
-0.45590371 -2.4054623 0.95186424 62
-0.3805747 -2.4068418 0.95679671 25
-0.13754374 -2.4071546 0.96950579 74
-0.090907089 -2.4169488 0.94931304 100.5
0.12156238 -2.4373312 0.95159459 106.5
0.43187115 -2.4728246 0.96435952 113.5
-0.99597079 -2.315927 0.96709079 7
-0.68540847 -2.3778927 0.96552354 62.5
-0.56292617 -2.3892281 0.96680468 30
-4.3178282 -2.2507763 0.98836619 0
-2.0633545 -2.2209272 0.9253484 27
-1.8615037 -2.2473752 0.9929651 21
-1.5131074 -2.1005507 0.95244849 150
-1.4399863 -2.0638635 0.91619182 2
-1.2911468 -2.045398 0.97191846 27
-1.0963871 -2.0732908 0.94426185 71
0.99119169 -1.1170644 0.98521417 13.666667
1.0190566 -1.1551391 0.93370742 14
1.7884569 -1.1007471 0.94606012 15
2.0078132 -1.1113092 0.98072487 13
2.2116649 -1.1408925 0.90950823 33
2.3296232 -1.1326582 0.98456216 30.5
1.1523126 -1.0260113 0.95032924 13.285714
1.2992274 -1.0215566 0.92840713 58
1.319824 -1.0419967 0.95132971 18.1
1.4086896 -1.0365762 0.90876895 3
1.6135511 -1.0868862 0.93687093 23
1.8221605 -1.0767077 0.9744693 6
4.5806756 -0.86835122 0.91030228 85
4.5960641 -0.7842803 0.91849768 86
4.6183887 -0.65767705 0.92797458 78
4.6435194 -0.53206384 0.93598926 73
4.6580963 -0.44701245 0.93920779 77
4.6747994 -0.36293703 0.94172329 75
4.6843796 -0.27788818 0.94153225 70
4.6939311 -0.19183964 0.93992692 70
4.7063179 -0.10778067 0.93827355 71
4.7108583 -0.021751104 0.93321848 70
4.7182345 0.062288884 0.92811537 73
4.7220335 0.14731535 0.9209519 74
4.735033 0.2333758 0.91433758 73
4.7267313 0.31735682 0.90243179 67
3.2209349 0.49256325 0.97427696 35
3.3543441 0.46495908 0.98312461 33
1.9712768 0.59830564 0.97047251 50
2.358813 0.56293595 0.93928385 58.5
2.4850259 0.55000198 0.99026757 45
1.4507927 0.65116578 0.93587428 13.333333
1.5649061 0.64185989 0.94621348 14
1.6548189 0.63139158 0.95269263 14.5
1.8692671 0.61020416 0.90992665 14.5
1.9251045 0.61246067 0.97097057 55
0.18775488 0.77428102 0.93083799 8
0.26061863 0.77684551 0.94192111 9
0.36873412 0.76598787 0.93521982 12
0.41340911 0.75593019 0.93142128 14.5
0.54221332 0.74063587 0.95884591 10.8
0.67255956 0.72483748 0.94116306 6
0.84968537 0.70099723 0.99429947 2
-0.96148217 0.88671762 0.94712645 5.25
-0.74096221 0.86189574 0.94403893 7.75
-0.55617684 0.84859222 0.94786203 9.75
-0.40445018 0.83287299 0.95441133 12.4
-0.29171887 0.81280077 0.93721926 13.5
-1.506235 0.94069678 0.94948781 1
-1.4688414 0.93835711 0.98012996 35
-1.3777541 0.92964506 0.94870883 50.333332
-1.2455071 0.91785282 0.94987208 16.75
-1.170557 0.91309625 0.92569506 3
-2.5683265 1.0969 0.92840546 33
-3.2524078 1.1781055 0.94699657 15
-2.539856 1.1499194 0.91161305 6
-4.0459499 -3.637666 1.0108225 4
-3.6542015 -3.6742072 1.0475457 15.5
-3.4809005 -3.4356794 1.0940286 23
-3.8356857 -3.3756552 1.0974814 16
4.0386934 -2.8068655 1.078259 70
0.83219051 -2.5030401 1.0232798 104
-0.45821851 -2.4036152 1.012911 124
-0.3395983 -2.415221 1.0518124 103.66666
-0.12825662 -2.405843 1.0220187 91
0.071741752 -2.425802 1.0550426 103
0.10270447 -2.4323978 1.0063568 112
0.36957327 -2.4574993 1.0612109 102.5
0.41525775 -2.4619398 1.0459102 110
0.83527917 -2.4777219 1.0467294 74
-1.0054333 -2.3154495 1.0591478 39.5
-0.84324288 -2.3564019 1.0509272 115.5
-0.69089669 -2.3797333 1.0579107 126
-0.57297957 -2.388906 1.0581143 118.5
-0.45949101 -2.397815 1.0729723 122
-0.22284111 -2.3892508 1.0628875 42
-0.16445513 -2.399133 1.0473164 83
-1.8698554 -2.2371454 1.0569646 55.5
-1.6208146 -2.2567079 1.0735154 113
-1.3451442 -2.1242156 1.0931154 42
-1.1134678 -2.0843139 1.0019926 110
-4.2303019 -1.9861459 1.0141695 3
-4.1970658 -1.7639258 1.04658 1
0.93296516 -1.6091769 1.0021557 65
0.89102548 -1.5461161 1.0902181 57.5
0.91549337 -1.578617 1.0422825 59.5
1.7403678 -1.104702 1.0531441 5
2.1127281 -1.1339418 1.0577804 20
0.9594276 -1.0638571 1.0509213 13.555555
1.1403401 -1.0173777 1.0546398 9.5
1.2969522 -1.0270468 1.0951458 19
1.3360928 -1.0348735 1.040892 19.666666
1.550771 -1.0647681 1.0709807 5
3.4745622 0.47328621 1.0788394 25
3.6173422 0.44469956 1.0820934 27
2.0638053 0.59463871 1.0373117 52
2.5006554 0.56283712 1.0425825 49
2.6394596 0.54181278 1.0750185 45
1.0450082 0.67985135 1.0651575 0
1.5557433 0.64758927 1.0503626 15
1.7454311 0.63368034 1.0437034 14.666667
1.8017892 0.62188852 1.073771 56
2.0076094 0.607544 1.0381476 49
0.15551962 0.78793484 1.0411125 8
0.2254367 0.780101 1.0281968 9.666667
0.35061371 0.77561736 1.0463403 10.833333
0.48087978 0.75853568 1.0528504 10.666667
0.54665995 0.75583893 1.0674331 10
0.66037107 0.73392129 1.0565835 9.666667
0.74004054 0.72847933 1.0505859 9
0.85125971 0.70843875 1.0524929 6.5
0.93172264 0.70584869 1.0619487 5
-1.0288095 0.89175522 1.0509362 10
-0.98375863 0.89740539 1.0353516 11
-0.77470845 0.87191677 1.053793 11.8
-0.57625133 0.85651386 1.045007 11.25
-0.4163864 0.84135681 1.0666405 13
-0.29541314 0.8259033 1.0385518 14.75
-1.4455476 0.939363 1.0207994 39.5
-1.3298177 0.93056142 1.0846364 29
-1.2589799 0.92386961 1.038094 23.666666
-3.6483731 1.1520118 1.0839922 106
-3.4924769 1.1852355 1.0293576 109
-2.7889042 1.1278135 1.0216575 20
-2.4578741 1.1034595 1.0771703 57
-3.5998087 1.6955639 1.0266629 110
-3.5991812 1.795604 1.0162866 123
-3.5938349 1.8936812 1.0039382 116
-3.7481313 2.0905442 1.0387005 150
-4.1850147 -3.7416413 1.120122 16
-3.6201499 -3.3046863 1.1984142 11
-3.7631958 -3.2927742 1.1485772 13.5
-3.7259057 -3.1418765 1.162784 15
-3.7621906 -3.0566044 1.1530991 8.333333
-0.34297538 -2.4113195 1.1455593 112.66666
0.035704941 -2.4210801 1.1366541 26
0.35180148 -2.4566226 1.1477108 25.5
0.78231865 -2.4744685 1.1369368 17
0.80978 -2.4225793 1.1017269 14
-1.0194503 -2.3290474 1.158761 100
-0.86111343 -2.3454275 1.1683223 116
-0.6953488 -2.3705587 1.1489265 126
-0.58212209 -2.3864374 1.1506798 125
-0.46196377 -2.3979747 1.1360066 112
-0.23012067 -2.3868527 1.154747 29.5
-0.18285812 -2.3967054 1.133193 57.5
-1.905449 -2.2402425 1.1759758 81
-1.8921863 -2.2456412 1.1158297 75
-1.6437013 -2.2477167 1.1568346 109
-1.2018538 -2.2775042 1.1458316 41
0.87225658 -1.5181226 1.1290058 57.666668
0.84757942 -1.4853951 1.176661 58.666668
1.8749678 -1.1114979 1.1757389 6
2.0639613 -1.1015322 1.1704367 38
2.2248914 -1.125561 1.141665 30
-4.2090044 -1.0714343 1.1662277 10
0.92987955 -1.0126309 1.1068015 1
1.1335485 -1.0082637 1.1394534 9.5
1.3030467 -1.0245696 1.104803 1
1.5056361 -1.0533473 1.1549555 30.5
1.6777129 -1.0548396 1.1830409 14
1.7107322 -1.0571471 1.1503932 4
1.1202631 -0.98938888 1.1845579 1
2.1728458 0.59102064 1.1172795 54
2.2834005 0.58241659 1.1985918 58
2.6707406 0.55717051 1.1443312 45
2.8203287 0.53376323 1.1741279 48
1.0578465 0.68919343 1.1473546 4
1.1271987 0.68894583 1.1544385 7
1.2474828 0.66150999 1.1488204 3
1.3205773 0.65527445 1.1849285 3
1.644717 0.64615941 1.1359984 14.5
1.7325163 0.64167899 1.191101 49
1.874311 0.62658 1.159456 52
2.1087141 0.60464615 1.1177328 58
0.17710496 0.79257846 1.1332983 9.666667
0.29570341 0.77995849 1.135625 8
0.32987598 0.77626801 1.1634271 9
0.45480442 0.76632297 1.1686373 11
0.53085041 0.75865847 1.1356511 11
0.64951771 0.74157739 1.1659865 10.5
0.72761017 0.73584962 1.1632422 10.5
0.85311455 0.71215492 1.1504642 9.666667
0.93183947 0.71039331 1.1655345 10
-0.82618445 0.87224233 1.1628662 11
-0.79787481 0.88097709 1.1560918 13
-0.6058659 0.85664028 1.1562178 12
-0.59422755 0.85867447 1.142706 12.333333
-0.42771333 0.84255195 1.1695623 12.25
-0.30171752 0.82898223 1.1733016 12
-0.29842669 0.82834071 1.1280402 12
-1.334898 0.93956995 1.1519828 40.333332
-1.0487599 0.90760201 1.1427888 11.333333
-3.6901751 1.0756651 1.1015731 76
-3.0532141 1.1667103 1.1323376 19
-2.372577 1.1547357 1.1972892 4
-3.7529759 -3.7471271 1.2054515 4
-3.7384777 -3.5634973 1.2115045 1
-3.5925386 -3.1455064 1.2142682 9
-3.8052189 -2.8328645 1.2438984 15
-3.4140608 -2.8286307 1.2698928 1
3.5498676 -2.7574465 1.2840916 64
-0.31986821 -2.40608 1.2077036 128
-1.0269678 -2.327415 1.2223775 104
-0.5883984 -2.3794589 1.2103685 128
-0.4635576 -2.3941298 1.2001334 110
-0.39641786 -2.3979928 1.2054015 125
-1.8719112 -2.2263463 1.2433767 55
-1.2161541 -2.2765188 1.2058133 36
-3.53775 -1.8958256 1.2404394 9
0.81934702 -1.4338723 1.2328854 47.799999
0.79360741 -1.3896885 1.2841666 15.5
2.1643651 -1.1144285 1.2507402 37
-4.4932055 -1.0456287 1.2638528 3
1.400279 -1.0656158 1.28968 2
1.6150734 -1.0563027 1.2777352 31
1.8416685 -1.0601519 1.2782328 3
1.9912217 -1.0873036 1.2798681 19
2.190165 -1.0703968 1.2729179 12
0.9045366 -0.96989465 1.2826037 5
3.7943985 0.45119753 1.2084324 25
3.9458888 0.42087576 1.2052854 27
2.862258 0.54954547 1.2584423 53
3.0098517 0.51875377 1.2786841 47
1.0746602 0.69781983 1.2562022 8
1.1409643 0.69478154 1.2654786 9
1.2687534 0.67117536 1.2348642 14.5
1.342111 0.66086113 1.2666777 12
1.703822 0.65033448 1.2501587 47.5
1.8147566 0.64070863 1.2772623 49
1.9631903 0.62315941 1.2430539 54
2.2227402 0.6017614 1.2084101 64
0.4688403 0.76711714 1.2562854 11.5
0.5129891 0.76145697 1.2106359 12
0.63941252 0.74355555 1.2600281 10.5
0.71717775 0.73959029 1.2637564 12
0.85600787 0.71789795 1.2638494 10
0.93330562 0.71314573 1.2583392 11.5
-0.84146565 0.88835669 1.2556195 11.666667
-0.62086862 0.86220771 1.2480435 11.666667
-0.43711463 0.84004337 1.2508082 13
-0.30379125 0.82733101 1.2483702 12.75
-1.1263503 0.91783714 1.242 49.5
-1.0851829 0.92378449 1.2407637 57
-4.2379894 1.1434215 1.2828565 18
-3.4445207 1.154548 1.299719 150
-2.4090316 1.1046869 1.2182857 49
-3.3496263 1.204594 1.2562245 74
-3.4533691 1.750083 1.2609122 115.5
-3.4533837 1.897559 1.2475801 133
-3.9481645 -3.9314845 1.3584384 6
-4.0161829 -3.3994892 1.3971251 1
-3.8544693 -2.9873769 1.3856475 1
-3.4244428 -2.8056183 1.331224 11
4.5844102 -2.7253356 1.3637524 81
0.65898985 -2.3034046 1.3781675 56
0.66605645 -2.2378426 1.3839579 53
-1.2075596 -2.06829 1.3993464 0
4.6789923 -1.9683723 1.3091453 53
4.7256012 -1.8871603 1.3440539 70
-3.7156229 -1.3308036 1.372273 2
0.78009009 -1.3649884 1.3128455 2
-3.7491057 -1.2528033 1.392418 8
-3.682689 -1.140762 1.3729219 15
1.3927941 -1.0498815 1.3150545 1
1.8139831 -1.0614579 1.3212272 6
1.940262 -1.0821571 1.3762271 16
2.0855703 -1.096166 1.3664244 44
0.89811891 -0.95779854 1.3518623 31.333334
0.90062332 -0.96285152 1.3182678 16
4.3670397 0.3926709 1.3620951 31
4.1940179 0.42333624 1.3706024 29
2.3618646 0.59990233 1.3191628 58
2.4304261 0.57893991 1.3054318 47
3.0737786 0.53495854 1.3835269 52
1.0872929 0.69908148 1.3464571 10
1.1539283 0.69787568 1.3642027 11
1.2796351 0.67685813 1.3609699 18
1.3340783 0.66686398 1.3374015 23.5
1.7810926 0.6488831 1.3378241 48.5
1.8992158 0.63672745 1.3668898 47
2.0657315 0.61975348 1.3391352 56
-4.4864335 0.78660262 1.3732175 44
0.48703119 0.76715761 1.3254398 7
0.63277018 0.75407875 1.3536028 10
0.70945007 0.74337864 1.3489833 12
0.86119157 0.72561806 1.3485519 10
0.9384591 0.72243232 1.3490438 11
-0.63932204 0.87007427 1.3516035 23.666666
-0.44898376 0.84905279 1.3571969 12.5
-0.3070609 0.82918739 1.3426948 13
-1.1485062 0.9296636 1.3412672 48.666668
-0.88172621 0.90314579 1.3555261 50.5
-3.5222509 1.0945076 1.3364662 111
-2.3103635 1.1003647 1.3520945 11
-4.0092506 -3.2534513 1.4197327 1
3.8354955 -2.7790713 1.457497 14
0.19474475 -2.4080472 1.4762144 96
0.2374687 -2.4162169 1.4618298 104
-0.42313248 -2.3387353 1.4539479 5
-0.34659871 -2.3521647 1.4612646 48.5
-0.11541624 -2.373518 1.4601388 100
0.62445837 -2.2466874 1.4455757 59
0.63215363 -2.1848421 1.4500437 53
4.8821731 -1.8521855 1.4134499 32
4.8962121 -1.3454337 1.493812 50
0.71697867 -1.2257833 1.4464915 5.5
-3.8730769 -1.1118255 1.4554784 8
0.69434452 -1.1677768 1.4966362 41
0.70547163 -1.1950107 1.4695745 23.5
-4.9939699 -1.0524929 1.428104 41
-3.8924479 -1.0248187 1.4697237 11
1.738129 -1.0537305 1.4137537 33
1.8974013 -1.0652478 1.4488298 30
1.916639 -1.0841967 1.4280602 15
2.0452805 -1.069159 1.4776461 27
2.1226048 -1.0611069 1.4000005 4
-4.941885 -0.9290936 1.4263628 26
0.89505899 -0.95196557 1.4419146 49.75
-5.0178351 -0.82967806 1.4616381 124
-5.03407 -0.71780097 1.4782909 241
-4.6149368 0.59557271 1.4146701 35
2.518899 0.59506094 1.4430435 64
2.6082513 0.5765813 1.4336289 48
3.2500839 0.5040186 1.4098761 43
1.1662945 0.69864738 1.4455086 41
1.350323 0.67419523 1.4455013 27.799999
1.8710381 0.64693427 1.4390501 53.5
2.0059764 0.6347723 1.478047 53
2.1655469 0.62415588 1.4635099 58
2.2062311 0.60955805 1.4395373 55
-4.6567135 0.71027148 1.4292461 8
0.62552363 0.76300168 1.456799 10.5
0.70269394 0.75711876 1.4639513 11
0.86519003 0.73029637 1.4359553 10
0.94349957 0.727211 1.4424238 11
1.1050262 0.7027508 1.4518012 24
-0.66531956 0.88308543 1.4569101 52.5
-0.4618451 0.85354185 1.4695139 49
-0.3097451 0.83642465 1.443935 22.666666
-0.23144591 0.83154649 1.4843717 51
-1.5185108 0.98539531 1.4467933 19.5
-1.2183846 0.93154824 1.422893 11
-1.1866283 0.93866444 1.4466777 11
-0.91848069 0.90275675 1.4206197 46
-0.89453942 0.90780646 1.4326915 57
-1.5445696 1.0608886 1.4460158 8
-3.8767705 1.1173661 1.4850701 30
-3.2966557 1.1554844 1.4956145 104
-2.3208461 1.1132588 1.4836991 16
-2.2479856 1.1256241 1.4310869 39
-3.190727 1.2012495 1.4421133 101
-3.3263369 1.6383715 1.4996405 117
-3.319222 1.7354417 1.4933292 112
-3.3118434 1.833515 1.4856303 116
-3.3044767 1.9335884 1.4779335 108
-3.4482746 -3.7345369 1.5898387 13
-3.4423697 -3.5715134 1.5989219 16
-3.3980622 -3.3754385 1.5881071 16
-3.3689723 -3.1442988 1.5669847 16.5
-3.2968471 -2.8692589 1.5674957 12
0.2092706 -2.4074216 1.5292482 99
-1.0662265 -2.305342 1.5584617 15
-0.92845863 -2.3140323 1.5855571 6
-0.72020715 -2.3347621 1.5764427 24
-0.62227553 -2.3535745 1.5377005 20
-0.41152725 -2.3553691 1.5642499 12
-0.36676466 -2.3577032 1.534019 27.333334
-0.15876342 -2.3686583 1.5549134 65.666664
0.17365524 -2.3978429 1.5717237 99
4.8775654 -2.2800498 1.5769973 1
0.57692426 -2.1420527 1.5427278 52.25
4.8697081 -2.1550524 1.5919366 38
0.56877339 -2.0732207 1.5749804 50.5
-4.2034974 -1.6210227 1.5554454 65
4.899107 -1.2464777 1.5062886 75
0.67833507 -1.124133 1.5351249 55.5
4.9947615 -1.1728935 1.5508567 72
0.65787339 -1.0585694 1.5769683 52.25
1.9876152 -1.0722117 1.5425617 41
2.0151992 -1.0281714 1.5686394 0
4.9719439 -1.0681015 1.5525284 77
0.89340693 -0.94340312 1.5496024 47.75
4.9819241 -0.97108382 1.5648664 128
4.982614 -0.87312061 1.5724331 120
4.9740386 -0.77421951 1.5766416 80
-5.1031356 -0.61333096 1.5113161 15
4.9968047 -0.68109763 1.5901399 64
4.7388992 0.39088893 1.5896844 24
4.8922205 0.3561621 1.5565327 30
3.5289352 0.48449096 1.5615288 40
2.6988759 0.5892424 1.5849156 53
2.7862005 0.56421208 1.5631545 46
3.3431859 0.52048552 1.543685 51
1.3360676 0.68098623 1.5415936 31
1.4187249 0.67302668 1.5395105 30
1.9747044 0.64598817 1.5562985 54.5
2.358017 0.60881621 1.5760258 56
0.65587914 0.76685619 1.5721605 45
0.87029684 0.73391581 1.530476 42
0.94831294 0.73096675 1.543413 40
1.1630241 0.70527768 1.5438625 37
-0.68211734 0.88431227 1.5342519 50
-0.47222531 0.86133182 1.5589693 59
-0.31402379 0.84634614 1.552915 59
-0.22820848 0.83440876 1.5511194 56.333332
-1.63159 0.97994268 1.5187911 29
-0.95120388 0.91370267 1.5512798 47.5
-1.6390587 1.0259837 1.5075455 28
-3.3975577 1.1017551 1.5457512 121
-2.3036499 1.115587 1.5109544 27
-2.1817739 1.1204109 1.545809 52
-4.9564891 1.2308589 1.5189489 17
-3.3627429 1.3660558 1.5250547 6
-3.4241352 -3.7415307 1.6918805 10
-3.3839786 -3.543278 1.6870766 2
-3.3262384 -3.0486212 1.6549301 9
-3.2957177 -3.0248628 1.6849191 21
-3.3851166 -2.8223627 1.6209154 54
-3.2818091 -2.8827686 1.6907598 62
-3.4896791 -2.7894876 1.6841297 40
-0.94074458 -2.3100531 1.6567595 5
-0.72676563 -2.3360581 1.6521692 56
-0.63420087 -2.3466158 1.6445789 29.5
-0.44531065 -2.3583159 1.6384697 39.200001
-0.32926142 -2.3783858 1.6546912 54.25
-0.21695021 -2.3528109 1.6787281 2.5
-0.1876232 -2.354681 1.6089463 54
0.13238885 -2.3866601 1.6567712 83
-1.3181909 -2.2765131 1.60247 2
-1.0752312 -2.296741 1.6270075 1
0.52454382 -2.0355844 1.6505362 21.666666
4.8839025 -2.0399942 1.6128658 83
0.51917195 -1.9822682 1.6789355 11
4.8595662 -1.8530352 1.6252363 88.5
-4.0732269 -1.7231715 1.6956359 59
4.8986087 -1.6958995 1.658452 88
4.9063139 -1.5848609 1.6717147 52
4.9204273 -1.4768043 1.68699 2
-3.8012884 -1.2082278 1.6215471 2
0.64312565 -1.0184948 1.6096379 50
1.1708095 -1.0055258 1.6922472 13
1.3665711 -1.0293927 1.6634552 1
1.9384755 -1.0631557 1.6396416 22.75
0.6298365 -0.9590593 1.6365699 50.666668
0.89248139 -0.93666077 1.655336 41.666668
0.61874002 -0.89856923 1.6690218 53
5.0366774 -0.58886439 1.6103891 6
5.1484976 -0.012181131 1.6608483 43
5.1447501 0.083804898 1.6571829 73
5.1609287 0.18291928 1.6616526 72
5.1685271 0.28098956 1.6606191 73
1.3762261 0.68612576 1.6440886 31.666666
1.4534376 0.67395937 1.6582067 33
2.0899117 0.6441322 1.6749928 49
2.1264718 0.63280576 1.6052155 50
2.306571 0.62416339 1.6010799 55
-4.3412547 0.74012089 1.692234 40
0.65107054 0.77332616 1.6582322 39
0.87842989 0.74235201 1.6468801 35
0.95462292 0.73778266 1.6269193 39
1.1404138 0.71175814 1.6448338 31
1.2053118 0.71110445 1.6578685 39
-4.3390851 0.84113699 1.6883373 32
-0.71051097 0.88904625 1.6492301 48
-0.48297358 0.86612177 1.6528966 49
-0.31768185 0.84770858 1.6404322 54.5
-0.22776821 0.83805043 1.6688087 51.5
-1.0147498 0.91735506 1.6864094 38
-0.98612255 0.92270291 1.6876717 50
-3.2407291 1.1617241 1.6895852 128
-3.1176898 1.198881 1.6199157 116
-2.2146282 1.1148518 1.6167897 5
-2.1589763 1.1129465 1.6433468 58.333332
-3.2154641 1.3297851 1.6736491 6
-3.2203236 1.7138259 1.6705608 114
-3.2118618 1.8098464 1.6635679 112
-3.2034006 1.9068669 1.656575 113
-3.633395 -4.0994697 1.7368903 3
-3.5043409 -3.8943388 1.7512022 20
-3.3988688 -3.7202294 1.77148 17
-3.3941517 -2.8594482 1.7676377 80
-0.73105925 -2.3283217 1.7241139 9
-0.64515722 -2.333652 1.7515446 0
-0.45396912 -2.3588071 1.7560107 13.5
-0.33120751 -2.375778 1.7714829 17
0.077642009 -2.3730805 1.7603527 56
0.12057009 -2.3799949 1.7451487 30
-3.6774747 -1.9786007 1.7606826 8
-4.1636219 -1.8758137 1.7209077 10
-4.0959187 -1.6253302 1.7202857 80
4.9927683 -1.2755677 1.7309318 10
1.3704939 -1.0187132 1.7106076 4.5
0.89362717 -0.92582029 1.7504845 37
1.1639483 -0.98629212 1.7210021 11
0.60667366 -0.89133471 1.7348236 47.333332
-5.7580757 -0.17135061 1.7565395 22
5.2304797 0.33028582 1.7891825 60
3.8849583 0.46237758 1.7541538 35
-4.4028959 0.54506636 1.7205791 34
2.9118426 0.57945704 1.7530923 55
3.0185905 0.55504429 1.731293 55
3.6647358 0.50111365 1.7333584 36
-4.3619719 0.64209765 1.7026086 48
1.3792307 0.68806702 1.7385907 31
1.4532315 0.68358821 1.7618287 33.5
2.1015339 0.6449554 1.7124711 49
2.2743359 0.63285744 1.7601849 57
2.4641402 0.62017131 1.7546273 53
2.5242305 0.60310346 1.724929 55
0.64544392 0.78124744 1.7555139 37
0.88682806 0.7497021 1.7722148 33
0.96293306 0.74459332 1.7179753 40
1.163301 0.7173934 1.7592211 29
1.2205478 0.71490043 1.7388809 33
-0.72372192 0.89722842 1.7434429 48
-0.49392897 0.86889994 1.7493148 49
-0.32049888 0.85063303 1.7360516 51
-0.24313824 0.8541345 1.7739064 39.333332
0.066270553 0.84987491 1.7767121 45
0.11856496 0.8406285 1.7789959 37
-1.0270064 0.93263227 1.7985194 55
-3.2948606 1.0926528 1.7201085 130
-3.7373807 1.1223364 1.7145953 26
-3.0006371 1.1961297 1.7978371 107
-2.3570657 1.1561872 1.7835103 1
-4.5138769 1.2031187 1.7494451 16
-3.3412645 -3.6041601 1.8116575 3
-3.307682 -3.5161104 1.8627814 1
4.5052514 -2.8088114 1.8591372 59
3.9475837 -2.7436557 1.8419632 62
2.9396577 -2.6296196 1.8415579 73
-0.55822629 -2.3175302 1.8620963 6
-0.3391034 -2.36602 1.8363361 3
0.046302654 -2.3720894 1.8417337 24
-0.61943567 -2.2912574 1.8269662 0
-3.6348097 -2.0785775 1.8136865 26
-3.7264934 -1.9500911 1.8536373 12
-3.6576123 -1.9647852 1.8113468 48.5
0.41459319 -1.8164511 1.8794708 8
-4.4081106 -1.6415378 1.8742429 49
1.472873 -1.0249939 1.8256466 10
0.89479065 -0.91888618 1.8384187 18
0.59506381 -0.87870282 1.8691678 33
0.60405099 -0.87992263 1.806789 32
-4.8319888 -0.72611034 1.8777202 68
-6.2230248 -0.61096424 1.8737919 0
5.1394129 -0.64206111 1.805964 3
-6.070488 -0.31976849 1.8459742 1
-5.9186974 -0.042574953 1.8150833 1
5.2382617 0.0063010817 1.8195772 35
5.218616 0.11325754 1.8050224 65
5.2352028 0.22231647 1.8004524 68
2.7156806 0.59441817 1.898087 52
-4.0948062 0.60170019 1.8837545 1
-3.9572654 0.68069166 1.8184708 16
1.42958 0.69264948 1.8507544 35
1.5156536 0.68210316 1.8493211 33
2.2405434 0.64511871 1.8576198 51.5
0.63937581 0.78861642 1.8608595 35.5
0.89491934 0.75681257 1.8709335 37
0.97077531 0.7506128 1.8153782 34
1.180427 0.72076052 1.8433267 34
1.2401391 0.71968329 1.8318537 36
-0.74984545 0.89541399 1.8064649 43
-0.50742584 0.87513143 1.8630875 51.5
-0.32098335 0.86643857 1.8498608 51.666668
-0.22652282 0.84282374 1.8777187 51.5
-0.15381074 0.87449247 1.8446057 38.5
0.022131523 0.86085868 1.8973627 40
-1.4657832 0.99867761 1.8749142 13
-1.3996081 0.98541278 1.8475832 39
-1.0577886 0.92724574 1.8002069 39
-0.74930578 0.90217018 1.8516189 50
-3.1166677 1.1546072 1.8702313 118
-2.4475529 1.1629035 1.8540814 6
-2.302242 1.1270722 1.8112561 17
-2.9130809 1.2410731 1.888611 11
-5.8896575 1.3336343 1.8250699 9
-3.132777 1.3483402 1.8876337 5
-3.1099849 1.6305232 1.8810012 112
-3.1011124 1.7265923 1.8771198 114
-3.077785 1.7637771 1.8950826 32
-3.0844922 1.8464406 1.8636833 32.799999
-3.0843413 1.9328943 1.8474603 57.5
-3.2424989 -3.2973666 1.9786828 62
3.4607027 -2.7013421 1.938679 73
4.117805 -2.7493196 1.9521927 56
3.0695336 -2.6474795 1.9489362 77
-0.67243075 -2.3247466 1.9931065 1
-0.56696039 -2.3040905 1.9049958 6
-0.36416829 -2.3226562 1.9936942 21
-3.5855737 -2.2637117 1.9469748 13
-1.4133741 -2.2456193 1.9655471 10
-0.63852388 -2.2902772 1.9524266 17
-0.59781492 -2.2986872 1.9396578 28
-3.5557444 -2.1655393 1.9624444 17
-0.96357471 -2.1320434 1.9097625 6
-3.5463467 -2.03829 1.9447821 115
-3.8365288 -1.9318223 1.9897523 33
-3.7810504 -1.9415377 1.9204212 38.333332
-3.6158121 -1.9697019 1.9962195 83
0.38998628 -1.7441597 1.9289529 41.5
0.412016 -1.7385536 1.9029322 18
0.38038519 -1.6738161 1.9635506 45.333332
-4.4454923 -1.540797 1.903968 48
1.4203063 -1.0125859 1.9635037 5.6666665
1.2077204 -0.99529856 1.9754971 9
0.58794636 -0.87175035 1.953054 30
-4.9526615 -0.6311394 1.9313353 39
-6.2870545 -0.47445074 1.9057326 1
-6.4005766 0.10072657 1.976983 1
-6.4038024 0.24871881 1.9847428 0
-6.4195008 0.39662009 1.9936819 1
4.1177344 0.48199952 1.9999806 32
-4.319253 0.53009105 1.991956 21
3.1821501 0.57072967 1.9655398 57
3.2926157 0.54102367 1.9297298 52
1.4551008 0.69474882 1.9381804 30.5
1.5403039 0.68273348 1.9291544 33
2.4330914 0.6269086 1.926917 54
2.6504824 0.61518061 1.935961 57
0.5938186 0.79982561 1.9560219 24
0.94237798 0.76210105 1.9541221 38
1.1972692 0.72307277 1.9327993 35
1.2580053 0.72144669 1.9262056 38
-0.5243541 0.88242334 1.9823264 46
-0.33177036 0.85458088 1.9125079 49
-0.21544634 0.86718547 1.962333 44.5
0.077144369 0.85130507 1.9031578 45
-1.5113617 0.98655677 1.9622248 35
-1.4598398 0.99134183 1.9617529 42
-1.1061192 0.93899637 1.928617 34
-1.0730188 0.94555283 1.9219664 45
-0.77854896 0.90633291 1.9535257 50
-0.37087855 0.90168631 1.9158105 35
-3.181 1.0892035 1.9101948 114
-1.9152073 1.0606468 1.9623979 14.666667
-3.6630006 1.1252333 1.9272417 27
-2.9779317 1.181935 1.9300081 119
-2.5257437 1.1612594 1.9293036 20.5
-2.4318075 1.1238005 1.9576342 17.5
-2.8339937 1.2129045 1.9768207 36.5
-6.4104619 1.3015842 1.9968791 0
-3.0489626 1.6630384 1.9767513 78.666664
-3.0546937 1.742691 1.9494047 59.25
-4.2457108 1.8778602 1.9561783 0
-3.0068152 1.8769677 1.9784914 122
-2.9834414 1.9663082 1.9914805 15
-3.1742129 -3.5296028 2.0246069 4
-3.1540744 -3.3524816 2.0164964 54
-3.3597386 -3.2756042 2.0588796 60
-3.2341924 -3.2978818 2.0787706 68
3.6056917 -2.7078638 2.0490544 71
4.3051429 -2.7569504 2.0706151 58
-0.68229115 -2.3257806 2.0825927 22
-0.41827703 -2.3176777 2.0847824 27.333334
-0.37613529 -2.3278632 2.0175695 0
-3.5554028 -2.2184563 2.0311193 10
-0.73576045 -2.2710686 2.0441661 9.5
-0.6468178 -2.2815504 2.0484285 45.5
-3.5284195 -2.1356347 2.040699 30
-3.49648 -2.070035 2.0697398 44.5
-3.9571419 -1.9269521 2.0066915 63
-3.8679893 -1.9169846 2.0566125 35
-3.7712805 -1.9476377 2.0985568 70
-3.4722195 -1.9889308 2.089653 52
0.3568942 -1.6195239 2.012413 51.5
0.33500847 -1.5499678 2.060765 49
1.5365893 -1.0312352 2.0658035 14
1.2044401 -0.97095799 2.0153942 4
0.58064383 -0.86179113 2.0396581 23
4.3824677 0.43801337 2.0233269 26
-6.4338317 0.54753083 2.0028949 0
-6.4354324 0.6975432 2.0059319 0
1.4686916 0.69784898 2.0383415 34
1.5370909 0.69254649 2.0297258 30
2.3918645 0.64042342 2.015944 50
2.4086154 0.63996726 2.061074 46
0.67282635 0.79789889 2.0117867 42
0.95257521 0.76796806 2.0719838 39
1.2500042 0.72772646 2.0353858 34.5
-0.51986527 0.8823207 2.0003171 47
-0.33141634 0.86424911 2.0372686 47
-0.22710437 0.87127572 2.0275941 45.5
-0.028108442 0.87584102 2.0405478 45
0.02905733 0.86593008 2.0462925 49
0.58640325 0.80658114 2.0762041 20
-1.1418951 0.95351195 2.0643315 39
-0.81277132 0.91562366 2.0791728 45
-0.48553401 0.92688149 2.068898 36
-0.3989957 0.91221797 2.021301 44
-0.27916664 0.90723592 2.0962968 37
-3.1923568 1.0856509 2.0748324 74
-3.1041715 1.1446778 2.0163672 137
-2.9217515 1.1535814 2.07513 68
-2.894357 1.1866177 2.064976 105
-5.3195224 1.298805 2.0840552 21
-2.9106371 1.200184 2.0380113 96
-2.8286655 1.202933 2.0151803 70
-2.7987111 1.2035596 2.065717 31
-3.0475576 1.374141 2.0912728 1
-2.9607937 1.7877129 2.0900185 70
-2.9699881 1.8488268 2.0597115 49
-2.9822552 1.9109509 2.0311732 34
-3.0692773 2.0288613 2.0275805 150
-3.1840515 2.1720326 2.0906293 3
-3.1407936 -3.7685056 2.19543 42
-3.1308844 -3.5894623 2.1859028 47
-5.4312992 -3.2587867 2.1691067 0
2.5951426 -2.6440928 2.1672671 70
2.9750919 -2.6288486 2.1730628 83
3.3285418 -2.6551971 2.1629949 64
-3.4997327 -2.5868192 2.1700575 18
-3.482621 -2.4487689 2.1618848 106
-3.4704654 -2.3187289 2.1570683 105
-0.76476234 -2.3129361 2.1459181 17
-0.69175929 -2.3168128 2.1670978 52
-0.47124019 -2.3454227 2.1821988 32
-0.34126759 -2.3665423 2.1945429 5
-0.04125125 -2.3371782 2.1552806 13
-1.1526002 -2.2809868 2.1251755 5
-1.0272195 -2.2802937 2.1259704 53
-0.69168591 -2.2686806 2.1362014 57.5
-0.44546515 -2.2909865 2.1691566 66
-3.4516728 -2.1896753 2.1477807 98
-3.458786 -2.0504179 2.1296687 82
-0.73898488 -2.0946338 2.129993 26
-4.1499238 -1.9082202 2.1161237 70
-3.9581158 -1.906249 2.1643329 42
-3.5174088 -1.9711674 2.1692607 47
-3.4579449 -1.9714289 2.1521404 69.5
0.29449722 -1.4324981 2.1415854 35
0.31152222 -1.4635643 2.1177475 49
1.4711714 -1.0142094 2.1785524 11
0.91532469 -0.93467134 2.1766436 2.3333333
-4.7674947 -0.70000941 2.1438575 78
-5.3614192 -0.56227738 2.1032534 19
-5.4321265 -0.32148194 2.1398957 62
-5.4609394 -0.19847453 2.1544671 19
-5.3776727 -0.071421698 2.122401 73
2.9589028 0.5858283 2.1169579 45
3.6362109 0.52425182 2.1784697 30
-4.1240234 0.62863696 2.1854348 102
1.6095501 0.68985987 2.1312454 34
2.6279101 0.62296081 2.1326044 52
2.877852 0.60819191 2.1583052 49
-4.0975866 0.72968102 2.171134 90
1.0031366 0.77188766 2.1791587 37
1.2463566 0.73638314 2.1565685 32
1.3107512 0.734905 2.1659181 35
1.498853 0.70026875 2.139509 30
1.5361871 0.70339602 2.149024 30
-4.1109767 0.83768046 2.1800573 105
-0.53899664 0.88904178 2.1324031 45
-0.32895762 0.86865252 2.1622176 44
-0.22302382 0.85554004 2.1520877 45.5
0.66659939 0.81157768 2.1623054 43
-0.81067002 0.91903269 2.1152611 49
-0.4436627 0.9248535 2.1001818 41
-3.0280704 1.0893472 2.1902919 78
-1.5691384 1.0074172 2.1133904 42.5
-3.5366879 1.1200398 2.1378231 29
-3.0289752 1.1267543 2.1652043 115
-2.9671154 1.1640426 2.1427608 31
-2.8698187 1.1508274 2.153403 94
-2.7453506 1.167421 2.1736488 31
-2.6882706 1.1927577 2.1025596 20
-4.5476799 1.2615913 2.1135707 9
-2.782655 1.2056229 2.1257076 31
-3.0152371 1.3719156 2.1385694 2.5
-2.9399147 1.6576873 2.1620054 111
-2.9242816 1.7503972 2.1558719 101.75
-4.0335269 1.813903 2.1318047 1
-2.9230523 1.8485384 2.1439221 87
-2.8955171 1.847191 2.1932981 110
-2.9261208 1.9351525 2.1307683 85
-2.8885844 1.9512254 2.1968386 128
-3.0651913 2.0807319 2.1840787 32
-3.1449082 2.2047882 2.1985807 12
-3.1476436 -3.8201475 2.2392824 34
-3.1299264 -3.6270602 2.2255797 44
-3.2013097 -3.5126612 2.2392206 62
-3.1745763 -3.518223 2.2601893 62
-3.2797303 -3.4438848 2.2967422 13
-3.401212 -3.3297317 2.2011049 17
3.9301386 -2.7267816 2.2945724 69
-3.4518468 -2.6839068 2.2669513 27
2.5864489 -2.6397274 2.240459 78
5.1057386 -2.6660128 2.2356477 67
-3.4287822 -2.53877 2.2557676 100
5.1586447 -2.5598519 2.2813551 14
-3.4200075 -2.4087074 2.2554703 104
-0.73729366 -2.3100564 2.2481108 70.5
-0.47510865 -2.3370504 2.271729 61.5
-0.33597976 -2.3533897 2.2434001 47
-0.11953931 -2.3211386 2.2587252 20
-0.07639458 -2.3284378 2.2470462 45
-3.4026794 -2.2766008 2.2481961 103
-1.1662471 -2.2705171 2.2124021 54
-1.0453192 -2.2783303 2.2177434 82
-0.75447637 -2.2533562 2.2515676 31
-0.4901351 -2.2824054 2.2644942 78
-3.3889132 -2.1495128 2.2445447 107
-3.3707142 -2.0254021 2.2367096 114
-0.68435943 -2.085737 2.2311189 35
-3.9350696 -1.9206231 2.2064867 74
-3.6108348 -1.9479681 2.2630742 68
-3.5446787 -1.9592161 2.2418594 47
-4.0237198 -1.8932964 2.2481375 47.5
-4.3968706 -1.6654911 2.2690568 26
1.5797147 -1.0241013 2.2314897 24
-4.9738498 -0.9774915 2.2212095 1
1.2495488 -0.9608416 2.2810824 9
1.4766246 -0.99466044 2.2036307 2
1.5795454 -0.99437964 2.2670484 26
-4.9962397 -0.61261487 2.2616956 19
-4.2294974 0.43201709 2.2419496 19
-4.1668344 0.52910876 2.2080464 87
3.486197 0.55203557 2.2064016 32
-0.85644585 0.67047995 2.2864406 65.5
1.6504093 0.694368 2.2473311 30
2.5850375 0.63634837 2.2337489 47
2.608788 0.63695771 2.2900264 46
-0.84820515 0.73575401 2.2814152 72.666664
0.92489374 0.77762139 2.225982 35
1.2716817 0.74047774 2.2775826 28
1.55841 0.70729351 2.2697554 29
-0.84720689 0.83721644 2.2587991 72.5
-0.56091005 0.89828676 2.2832839 43
-0.34329504 0.87043691 2.2026203 45
-0.056573108 0.88715851 2.2093871 46.5
0.57872152 0.81810045 2.2205982 11
-1.2269195 0.96791321 2.243618 41
-1.1820158 0.97136521 2.2135482 58
-0.84369135 0.91831398 2.2334716 77
-0.56833744 0.94801772 2.2712116 35
-0.49999344 0.93803203 2.2092397 39
-0.34407315 0.92549634 2.2584822 46
-3.0356884 1.079334 2.2372916 36
-1.6551223 1.0202961 2.2700953 41
-3.0171766 1.1288851 2.2032969 94
-2.9836516 1.1069517 2.2392817 134
-2.8602843 1.1669354 2.2951899 39
-2.6906211 1.1760428 2.2229326 9
-2.0993071 1.1076499 2.2436464 9
-2.9607544 1.3761333 2.203511 1
-2.8925657 1.6521132 2.2456946 107.5
-2.9035451 1.7210696 2.2113061 88
-2.8708038 1.7423853 2.2464256 117
-2.8592269 1.8414434 2.2480111 105
-2.8562374 1.9474708 2.2565725 134
-3.4166682 -2.7394097 2.3448515 2
-3.3821087 -2.6711051 2.3810582 59.5
2.5791473 -2.6353626 2.3154008 69
-3.3688025 -2.5448239 2.3655372 102
2.6699891 -2.5872006 2.3668401 92
2.7837243 -2.5867872 2.3995857 79
2.8109131 -2.5953131 2.3185451 79
-3.3491004 -2.4197555 2.3778076 104
-0.71223253 -2.3068662 2.3540688 90
-0.4789708 -2.3361986 2.3732867 77
-0.33500108 -2.3484271 2.3603411 75.333336
-0.13295294 -2.3099217 2.3419676 58
-3.3378167 -2.289201 2.3710685 110.5
-1.1825415 -2.2641075 2.3074064 85
-1.062353 -2.271363 2.3086061 93
-0.79522771 -2.2385054 2.3535895 7
-0.5337075 -2.2680471 2.3589444 76
-3.3183911 -2.1586928 2.3576064 102
-0.73642462 -2.1626289 2.3544006 103.5
-3.3225791 -2.0336301 2.3343785 106
-3.2987494 -2.0446706 2.3710039 109
-4.1568928 -1.9100168 2.3739672 6.5
-3.7722943 -1.9232923 2.3742838 70
-3.6369734 -1.938976 2.3721089 53
-3.5670271 -1.9460068 2.30389 52
-3.4525087 -1.9658054 2.3000996 83
-3.3910198 -1.9648148 2.3887973 74
-4.1184759 -1.8957267 2.3264434 12
-4.4757838 -1.576576 2.3185363 24
-1.325652 -1.1492199 2.3917751 83.5
-1.3089372 -1.0511688 2.3872142 75
1.5192308 -1.0124663 2.3422949 23
-1.2926245 -0.95611906 2.3816142 86.5
0.19779207 -0.97092831 2.3870428 17
0.92765486 -0.93883133 2.341598 3.5
1.2494268 -0.95804501 2.3024769 3
1.5154254 -0.99036062 2.3660445 25.5
-1.2719607 -0.83205676 2.3713753 79
-1.2587063 -0.74301511 2.3665109 76
-1.2475669 -0.65697861 2.362967 79.5
-1.2337399 -0.54393327 2.3566461 81.5
-5.9032946 -0.48546314 2.3299649 17
-1.2239125 -0.43489653 2.3559976 80
-1.2144029 -0.32736135 2.3533134 87.5
-1.2590929 -0.25649178 2.3799932 76
-1.2385314 -0.15723592 2.370784 80.5
-1.2649457 -0.031747658 2.3898377 74
-1.1946219 -0.063286796 2.3379705 76
-0.89342386 -0.023320111 2.3883898 65
-1.2586164 0.053380895 2.3839693 78
-1.1944935 0.040750735 2.3455119 86
-0.88648838 0.060332626 2.3759017 61
-1.2552547 0.13894936 2.3833666 77
-1.1940584 0.14578792 2.3495662 88
-0.87620616 0.15476379 2.3816042 68
-1.2546213 0.25447017 2.3882611 82
-1.1955657 0.25279659 2.3524394 88
-0.87027073 0.23659287 2.3657918 68
-1.2518294 0.34056571 2.382591 79
-1.1991987 0.36130041 2.3566313 93.5
-0.86537135 0.34518549 2.3514683 69.5
-1.2386189 0.43574938 2.3826933 82.666664
-0.85978091 0.45279375 2.33218 71.5
4.6807461 0.45309916 2.3297789 18
4.9794178 0.40017447 2.346417 20
-1.2334356 0.54015505 2.3792024 83.25
-0.85571837 0.56244552 2.314286 69.5
3.2567976 0.57533705 2.3842978 28
-3.9466472 0.60445738 2.3784943 150
-1.2157393 0.6452933 2.3717256 86
-0.84738201 0.64492965 2.3027551 68
1.694685 0.69683826 2.3727002 26
2.8760788 0.61804819 2.3924558 45
-1.227438 0.76627928 2.3817329 76
0.94102329 0.79216945 2.3903141 34
1.0190339 0.78059423 2.3344312 34
1.3443909 0.74357855 2.3139868 37
1.5802269 0.70988458 2.3913929 26
-1.2371867 0.86026597 2.3873959 81
-0.55606222 0.89903235 2.3114223 42
-0.34203711 0.87780803 2.3525636 47.5
-0.22098136 0.86286962 2.3174057 43.5
0.57068586 0.82561892 2.3725216 7
0.65931922 0.82123184 2.3222415 37
-1.2449143 0.95375586 2.3872135 84
-2.2674439 1.0972354 2.3604672 26
-2.1673372 1.0926119 2.3440905 30
-3.5813079 1.1248962 2.3441811 7
-3.2602386 1.1120203 2.3620536 33
-2.9172065 1.1356093 2.3652287 97
-2.7619622 1.1504694 2.3078504 98
-3.3698676 -2.7058871 2.4172547 110
3.2364316 -2.6444569 2.4120171 76
-3.3455703 -2.5645599 2.4124994 70.5
2.5299709 -2.5651999 2.4614613 84
2.787606 -2.5951464 2.4883411 85
2.923876 -2.5923183 2.4290199 66
-3.32108 -2.4964702 2.4678936 51
-0.50073284 -2.3302085 2.4750926 89
-0.46598935 -2.3314898 2.4745214 87
-0.34249032 -2.3429582 2.4826035 85
-0.14884046 -2.3029735 2.435113 70
-1.1992664 -2.257725 2.407392 99
-1.080729 -2.2653995 2.4033661 93
-0.57830238 -2.2531714 2.4567871 74
-0.1923157 -2.2961607 2.4454701 67
-1.1876551 -2.1757023 2.4279497 56
5.3699884 -2.1251416 2.4543703 5
-1.5268208 -2.0196981 2.4966619 69
-1.1735685 -2.0896294 2.4427211 59
-0.58430696 -2.058032 2.4888594 17
-3.7142279 -1.9321321 2.4557838 49
-3.6989691 -1.9201683 2.4794333 51
-3.5979631 -1.9405349 2.4101267 67
-3.3559477 -1.968882 2.4189937 85
-1.5018574 -1.9196305 2.4837894 66
-1.1460683 -1.9443514 2.4419296 59
5.3589621 -1.9882975 2.4625962 64
-3.9481192 -1.8986452 2.4963834 53
-1.4779644 -1.8245658 2.471827 75
-1.1228718 -1.8121337 2.4457085 56
5.3572626 -1.8564023 2.475565 102
-1.4552312 -1.7335035 2.461771 74
-1.1088938 -1.7290121 2.4504118 57
5.3748798 -1.7333833 2.4958909 66
-1.43431 -1.6444467 2.449548 66
-1.0943209 -1.6448513 2.4481449 58
-4.6365352 -1.5127656 2.4111562 39
-1.4157121 -1.562395 2.4411373 68
-1.083943 -1.5707985 2.4605136 60
-1.3875458 -1.4418178 2.4255333 67.5
-1.0652964 -1.4536006 2.4602938 66
-1.5106454 -1.3648876 2.4985421 64
-1.3615799 -1.3273227 2.4117196 80
-1.0462964 -1.3373806 2.4560821 75
-1.478279 -1.2449676 2.4841444 61.5
-1.347032 -1.254281 2.4039578 83
-1.0360271 -1.2662797 2.4583833 77
-1.4441334 -1.1259751 2.4608581 69
-1.0202007 -1.1586004 2.4568572 75
-1.4249148 -1.0517219 2.4520166 75
-1.005422 -1.0549347 2.4562197 74
-1.40883 -0.98050809 2.4448898 67
-1.391559 -0.91127157 2.4358428 69
-0.9934395 -0.95581138 2.4593277 73
0.18959315 -0.91701555 2.4110262 20
0.92515653 -0.92156875 2.4244227 0
1.5170151 -0.97120738 2.4042969 21
-1.3775254 -0.84308159 2.4295189 68
-0.98109502 -0.85866565 2.4584391 71
0.18421027 -0.8600719 2.4241984 16
-1.3588092 -0.74584532 2.4243116 70
-0.97023159 -0.76303214 2.4574125 80.5
-1.3420584 -0.65162575 2.418911 76
-0.94332433 -0.64553642 2.4746699 79.75
-1.3257103 -0.55840337 2.4124637 67
-0.92872483 -0.53683227 2.4733429 78.333336
-1.3069501 -0.43663788 2.4044206 72
-0.92829663 -0.4516035 2.4521823 79
-5.3231711 -0.39189833 2.4356921 55
-1.296006 -0.34899619 2.4029839 69
-0.91500729 -0.34773663 2.4498901 83
-5.25594 -0.25740817 2.4116271 124
-0.91118211 -0.24864601 2.4056752 61
-0.89667231 -0.24402997 2.4518735 85.5
-5.2615013 -0.12969972 2.4209659 119
-0.90566319 -0.16355449 2.403616 63.5
-0.88799387 -0.13249221 2.4345765 76.5
-5.3538623 -0.00034018193 2.4732084 19
-0.90005773 -0.078457557 2.4005592 62
-0.88197345 -0.049466055 2.4200552 63
-0.87768114 0.030556176 2.4139142 66
-0.87277955 0.11157871 2.4007998 71
-1.2671942 0.64641339 2.4035063 75
-0.74354815 0.64315724 2.4987631 84
3.1577079 0.60020584 2.4299455 28
-4.0061693 0.72311366 2.421854 24
-1.2733233 0.74287117 2.4071703 76
-0.73234868 0.73968434 2.4870145 100.5
1.3419489 0.74782765 2.4445252 30
1.6205988 0.71255374 2.4133229 28
-1.2840739 0.84324634 2.4174876 81
-0.72763073 0.84119213 2.4843872 82
-1.289086 0.94276118 2.4137378 74.5
-0.71668327 0.94021845 2.4719739 78.5
-0.6185199 0.96781331 2.4276252 47
-0.58510244 0.91319716 2.4779165 53
-0.40962827 0.93725961 2.4215519 44
-0.15776229 0.91679531 2.4060006 43
-0.09695857 0.90694618 2.4224069 51
-2.9337401 1.0840812 2.4004152 58
-2.872117 1.0755962 2.4491084 75
-1.8037531 1.0397167 2.4835215 29
-1.7277706 1.0450271 2.4511943 44
-3.2653275 1.1161171 2.4544463 38.666668
-2.8774862 1.1417011 2.4342887 110
-4.5169129 1.2842723 2.4086628 17
-5.2906518 1.3413156 2.4793851 8
-3.315845 -2.9350276 2.5797596 3
-1.6872721 -2.6111243 2.5809925 59
3.7969968 -2.6768751 2.5459657 58
2.6368182 -2.5651052 2.5797262 77
2.9034057 -2.5904589 2.5218353 76
3.0534079 -2.5993249 2.5568852 71
-3.286624 -2.4124017 2.5017989 61
-1.6495719 -2.4770255 2.5591967 60
-3.2509334 -2.3262954 2.5328181 67
-1.6176052 -2.3559394 2.5459335 60
-0.50359118 -2.3204491 2.5762665 88
-0.47096252 -2.3245373 2.5764887 89
-0.33713475 -2.342237 2.5485048 92.5
-3.2268755 -2.2503741 2.5717697 69
-1.5852803 -2.2378538 2.5286865 61
-1.1050303 -2.2399445 2.5362573 83.5
-0.79877508 -2.2874413 2.5356002 92
-0.62508321 -2.2353249 2.5569153 46.5
-0.23036495 -2.2831724 2.5435853 76
-0.18857941 -2.2932682 2.5390828 71
-1.5538503 -2.1247706 2.5103576 65
-1.0966618 -2.1203969 2.5676234 65
-1.0850343 -2.0273485 2.5686545 58
-0.49175084 -2.0932605 2.5478768 30
-3.7734411 -1.9133486 2.5550098 59.666668
-3.5205343 -1.9428388 2.5186396 67
-1.6881782 -1.9350457 2.5849059 55
-1.0744827 -1.9363037 2.5705943 66
-1.6536065 -1.8306036 2.5696096 57
-1.0609941 -1.8402513 2.5617499 60
-1.6219394 -1.7293558 2.5555253 59
-1.0498153 -1.7532063 2.5567179 60
-1.5924324 -1.6339757 2.541708 65
-1.0387163 -1.6681612 2.5526819 62
5.4025459 -1.6153114 2.5216525 66
-1.5614991 -1.5385517 2.5229938 59
-1.0242549 -1.547101 2.5489454 65
5.4445095 -1.5001572 2.5541999 66
-1.5362488 -1.4512339 2.5127642 60
-1.0121135 -1.4320484 2.5490198 60
-1.0012075 -1.3510065 2.5359318 77
5.4735527 -1.3810626 2.5785308 66
-0.98806405 -1.2419519 2.5305724 72.5
-4.7793298 -1.1868961 2.5058441 25
-0.97815639 -1.1369081 2.52794 79
-4.767025 -1.0618629 2.5046439 18
-0.9698109 -1.0678738 2.5216529 73
-0.96025103 -0.96783185 2.5174835 75
0.92888838 -0.9044323 2.5157542 6
1.2919891 -0.95415294 2.5227876 16.5
-0.94874883 -0.83978009 2.5129855 82.5
-0.94067746 -0.74672067 2.509196 78
0.15572876 -0.77641523 2.5480797 13
-4.7395225 -0.69477689 2.5013714 65
-5.577538 -0.54971129 2.5486712 19
-0.86125273 -0.41316041 2.5958433 78
-0.8497116 -0.34313035 2.5847669 78
-0.84223956 -0.24061358 2.5845246 85.5
-0.83138222 -0.13908736 2.5770328 84
-0.81752872 -0.039552391 2.5643167 87.5
-0.8045187 0.058980361 2.5534129 92
-0.79625034 0.15699914 2.5491245 92.5
-0.78586841 0.2550239 2.5403054 80
-0.76053309 0.35190004 2.5634868 86.5
-0.74045759 0.45948541 2.5639346 78.666664
-0.73618001 0.5474838 2.554028 83.800003
3.9443295 0.54249799 2.5655329 34
4.095942 0.50590652 2.5098901 35
-0.70941687 0.64468604 2.5700061 82.333336
1.7433288 0.6992594 2.5100236 27
2.8465176 0.63375461 2.544745 40.5
-0.7054559 0.71384656 2.5591674 80
-0.69771934 0.76127398 2.556139 84
1.0390224 0.79523492 2.5258429 37
1.3376616 0.75132006 2.5719941 29
1.6449513 0.71359384 2.5449452 28
-0.68880802 0.84342486 2.5474749 94.666664
-0.34803802 0.89052415 2.5578437 46.5
-0.21794893 0.87516761 2.5169492 45.5
0.56164485 0.82318723 2.5105608 5
0.65187204 0.8408013 2.5273843 28
0.95637548 0.80069053 2.5563998 31
-0.67503953 0.94220406 2.5258331 83
-0.57890952 0.91419709 2.5152717 50
-0.46853781 0.95805359 2.5067368 46
-2.4181213 1.1160078 2.5574462 23
-2.3127685 1.1165365 2.5371301 26
-6.3357787 1.4054078 2.5052114 10
-2.6621025 1.9062817 2.5782115 90
-1.7716624 -2.9023461 2.6248004 27
-3.2890043 -2.8499866 2.6162393 15
5.239615 -2.8011067 2.6564038 69
-3.2586536 -2.7609439 2.6470027 35
-1.7313515 -2.7582388 2.6072485 41
-3.2313759 -2.6749039 2.6785014 51
2.5640545 -2.6179607 2.6393721 46
3.1908522 -2.6063313 2.6923921 70
3.5416527 -2.6629798 2.6890235 74
3.9785025 -2.6856861 2.6948826 60
2.3743341 -2.5851271 2.6976075 33
2.7191799 -2.5623631 2.697124 66
-1.8669218 -2.4364221 2.6811059 54
-0.5060454 -2.3127022 2.6844964 90
-0.47555709 -2.3165843 2.6855171 93
-0.33799946 -2.3338609 2.6553588 91.5
-1.8154382 -2.2967346 2.652482 56
-0.80833161 -2.2818639 2.6452219 85
-0.73949546 -2.2459576 2.6157229 150
-0.25203592 -2.2828827 2.6550026 76.5
-3.1950536 -2.1672938 2.6014214 69
-1.7737893 -2.1752112 2.6349175 61
-0.46921855 -2.1525214 2.6149285 38
-3.1501131 -2.0451813 2.6436248 66.5
-1.72716 -2.0495656 2.6057668 61
-0.4697426 -2.0835257 2.651078 26
-3.9578919 -1.9013441 2.6815643 2
-3.8992987 -1.9173449 2.6909227 44
-3.7088609 -1.9197105 2.6331067 67
-3.668819 -1.9260939 2.667161 70
-3.8484507 -1.8906901 2.6715636 53
-4.6096892 -1.7406709 2.6547058 18
-4.5345073 -1.5821968 2.6191797 32
-0.98766905 -1.4464886 2.6569293 16
-0.97600883 -1.3554572 2.6525524 51
-0.96651107 -1.2684324 2.6504722 52
5.5011454 -1.2609713 2.6014826 64
-0.95441633 -1.1813997 2.6451902 54
5.5244079 -1.13989 2.6202798 65
-0.93957806 -1.0568612 2.6384773 63.5
5.5483894 -1.0188071 2.6397724 65
-0.92129105 -0.93431246 2.6267505 67
-0.88676196 -0.95783871 2.6933241 70
1.3279357 -0.96440399 2.6899652 19.5
-0.91056472 -0.85428452 2.6197188 61
-0.87996525 -0.87881732 2.6922235 75
5.5830865 -0.89965993 2.6640022 65
-0.90326947 -0.77826643 2.617702 63
-0.8748138 -0.74259192 2.6585023 70
5.6134524 -0.77952272 2.6840777 65
-5.0515633 -0.61615193 2.6790841 19
-0.85669506 -0.6452865 2.6682529 72.75
-0.85140234 -0.55682606 2.6531727 76
-0.83994377 -0.47101796 2.6511974 77.75
-0.81300038 -0.35956442 2.6617377 77
-0.80812907 -0.25257993 2.6424627 83.5
-0.799793 -0.25552645 2.6598225 77
-1.8108977 -0.19012617 2.6989946 62
-0.79183871 -0.15085459 2.6464753 84
-1.8040131 -0.070101723 2.6985846 62
-0.7846384 -0.048439905 2.6339376 83.666664
-0.7709586 0.050888836 2.6295993 85
-0.76372856 0.15161473 2.6182461 78.666664
-0.7513054 0.25059688 2.6128891 79.333336
-0.73663002 0.34757316 2.6037345 88
-0.73414475 0.41457498 2.6027453 80
-0.61716628 0.65504831 2.694864 73
3.158283 0.60512143 2.690496 33
-0.60844088 0.74397624 2.6871567 74
1.4169637 0.75286222 2.6367857 29
1.674991 0.7162438 2.6880543 28
1.7991798 0.70261443 2.6650441 25
-0.60881382 0.845101 2.6595168 80
-0.59724867 0.86604702 2.6670752 78.5
-0.60531497 0.90512073 2.6397653 79
-0.53231519 0.97158533 2.6888225 75
-0.23995313 0.94276696 2.6413183 44
-0.17555103 0.93332797 2.663904 46
-1.8506233 1.0718833 2.6722968 42
-3.5009997 1.1509813 2.6017699 1
-3.1426866 1.1144139 2.6623681 16
-4.3616357 1.2770356 2.6705449 14
-2.8504586 2.2114711 2.6933928 91
-2.0468969 -2.9107928 2.7773991 34
-1.9833502 -2.7449741 2.7460022 48
5.3460679 -2.7058847 2.7288027 69
2.5605345 -2.6096275 2.7227354 39
3.170187 -2.600724 2.7940962 73
-3.2005863 -2.5868618 2.7042844 64
-3.1751223 -2.503824 2.7336166 70
-1.9293131 -2.5952909 2.7216921 64
2.3745835 -2.5786679 2.7870977 18
2.4054692 -2.5869861 2.7357888 27
2.7508996 -2.5679939 2.7049019 69
3.0306368 -2.5970442 2.7405248 77
5.3831801 -2.5717945 2.7620702 65
-3.1472313 -2.4177852 2.758142 70
5.4181337 -2.4377081 2.7932529 66
-3.1235819 -2.33675 2.7853074 72
-0.33424354 -2.3285511 2.7216249 89
-0.81932509 -2.2753134 2.7597415 96
-0.76030719 -2.281038 2.7745037 88
-0.31183803 -2.2561975 2.7560668 81
-0.26840425 -2.2658644 2.7524045 85
-3.1946657 -1.9836377 2.7638535 52
-3.9499779 -1.8849607 2.7883062 52
-0.3318904 -1.7723291 2.7397399 34.5
-0.33058512 -1.6747892 2.7234685 32
-4.7054219 -1.5162185 2.7329898 30
-0.32841966 -1.5645331 2.7200463 34
-0.94381356 -1.4644121 2.7440243 31
-0.32636413 -1.4486083 2.7136724 30.666666
-0.93267018 -1.3718818 2.737205 73
-0.32013807 -1.3434767 2.7567844 32.333332
-0.91929197 -1.2565473 2.7230799 69.333336
-2.0165126 -1.1894506 2.7954988 61
-1.9970878 -1.1154132 2.7901697 60
-0.90592188 -1.1498075 2.720751 77.5
-1.974974 -1.0393738 2.7770455 59
-0.89216399 -1.0454117 2.7178094 72.333336
-1.9541136 -0.96633554 2.7668233 57
-0.87322825 -0.92264837 2.7121835 71
1.3276336 -0.92417479 2.7327435 21
-1.928188 -0.86178613 2.755537 65.5
-0.86804062 -0.84564024 2.7124596 73
0.94831717 -0.892003 2.7962976 14
-1.8994838 -0.75623477 2.7354598 58
-0.85512811 -0.76561725 2.7008941 75
0.12068029 -0.75360143 2.7172663 9.5
-1.8818001 -0.65924037 2.7319739 61.5
5.6359386 -0.65543354 2.7007935 66
-5.2223225 -0.50734794 2.7784023 36
-1.860171 -0.56024206 2.7177913 62
5.6634049 -0.53330296 2.7181108 66
-1.8452995 -0.4667089 2.7125633 58.5
5.6929955 -0.41015771 2.7361035 67
-5.1190534 -0.37020043 2.7243106 124
-1.9770397 -0.36108857 2.7892814 46.5
-1.8283938 -0.3421694 2.7065072 58
-5.1158867 -0.24217848 2.7256534 114
-1.9621783 -0.25739256 2.7869439 53
-1.8170468 -0.2511422 2.7014718 59
5.7011199 -0.28512087 2.7417829 79
-5.1182542 -0.1131636 2.729521 88
-1.9457091 -0.1546278 2.7777095 54
-1.8104268 -0.13011736 2.7040501 63
5.7292981 -0.15890262 2.757051 107
-1.9347268 -0.052958209 2.7740138 55
-1.8022846 -0.0090916669 2.7007387 62
5.7431064 -0.033822857 2.7640336 123
-5.210495 0.01273993 2.7843313 106
-1.9286088 0.048133537 2.7744091 56
-1.8014615 0.049916655 2.7018099 65
-0.6471411 0.060363069 2.7954383 72
5.7490454 0.091219157 2.7662137 150
-1.9212457 0.15025955 2.771908 59
-1.8006411 0.11092497 2.7028801 62
-1.7985601 0.17093453 2.7010503 62
-0.63720351 0.15771706 2.7856665 68.666664
-1.9190307 0.25182489 2.7709644 58
-1.8019873 0.29394326 2.7037504 56
-1.7997329 0.23293963 2.7019458 64
-0.63494343 0.2515358 2.7716053 69.333336
5.7527962 0.2192561 2.7663352 150
-1.919084 0.35534698 2.7728517 55
-1.8042426 0.3559469 2.7055547 57
-0.62609738 0.34990591 2.7660503 73.25
5.7601123 0.34532124 2.7670841 135
-1.9234407 0.46080422 2.7778959 61
-1.8115083 0.45094731 2.7124379 56
-0.62130624 0.44499913 2.7642481 76.166664
-1.9297131 0.56725258 2.7817791 49
-1.8184249 0.54694736 2.7153358 54
-0.61260223 0.54909939 2.7464337 75.14286
3.5213954 0.59086347 2.7835703 33
3.6374624 0.56197494 2.7271554 35
-1.9393164 0.64110357 2.7926228 60
-1.8327398 0.64693832 2.7281251 57.5
-0.60534906 0.63308877 2.7379193 75.5
-0.59393191 0.66761184 2.763865 80.5
-1.8455347 0.74793035 2.735024 56
-0.58429438 0.7515381 2.7594175 80
1.3765135 0.75705713 2.7445381 28
1.7231824 0.71853679 2.7334573 26
-1.864608 0.85488558 2.749897 59
-0.57496095 0.84067297 2.7454376 81
-0.34547496 0.89926916 2.7520969 54
-0.21528353 0.8829968 2.7330198 52
0.55203974 0.84194601 2.7324781 3
0.64429253 0.8543523 2.742363 19
0.9715932 0.80611205 2.7323029 30
1.0596671 0.80386591 2.723037 34
-1.8902794 0.96683192 2.7712173 64
-0.56854683 0.93077874 2.733309 87.333336
-1.9278908 1.0580921 2.7595425 48
-3.7020242 1.1650282 2.7615225 0
-2.4921927 1.1494443 2.7743714 29
-2.8349841 2.1233537 2.7209835 108
-2.8023579 2.2022784 2.7672272 102
-2.1077535 -3.0775349 2.8009892 11
3.1713283 -2.6029902 2.8870773 70
2.3767743 -2.5722239 2.8819013 10
2.4057305 -2.5817647 2.825295 15
2.5600863 -2.5961211 2.8527946 17.5
-0.33814284 -2.3260345 2.8285313 86.5
5.4580474 -2.3036127 2.825058 67
-3.096422 -2.2527125 2.8067575 71
-0.83083743 -2.2687855 2.8802388 91
-0.77398509 -2.277087 2.8957784 95
-0.3343623 -2.2492051 2.872648 77
-3.0712523 -2.1706772 2.828033 70
5.5015144 -2.1735106 2.8575099 68
-3.0375226 -2.0506277 2.860096 70
5.5406837 -2.0394166 2.8872061 74
-3.9553137 -1.9078336 2.803196 54
-3.2652736 -1.9663486 2.8824091 52
-4.0256748 -1.8591532 2.8874187 25.5
-3.8371568 -1.8967448 2.8022599 69
-2.1977289 -1.7127664 2.8910732 56
-2.1631725 -1.6167067 2.8730154 55
-2.1308603 -1.5266502 2.8577731 55
-4.9495215 -1.4626844 2.8937676 21
-2.1006246 -1.438597 2.8433528 57
-0.32507277 -1.4345287 2.8994327 150
-2.0688655 -1.3515432 2.8230429 63
-2.0427785 -1.2694967 2.8102667 65
-2.172251 -1.0466802 2.8880215 48.5
-2.1266243 -0.92077446 2.8633583 48
-2.0988538 -0.83936024 2.8473916 49
-2.0789447 -0.7641018 2.8417342 48
0.086648777 -0.73432517 2.8918905 9
-2.0527344 -0.65176207 2.8349347 45.5
-0.68702805 -0.60833752 2.8783538 75
-2.0448787 -0.54781115 2.855588 35
-0.71289814 -0.57269877 2.8941011 71
-0.68207288 -0.55139166 2.8782377 68.5
5.5522823 -0.50129884 2.8992641 124
-2.0020411 -0.46798345 2.8047678 53
-0.70786625 -0.49668914 2.8910449 78.5
-0.68313187 -0.4395878 2.8709509 71.333336
-0.68052685 -0.34693235 2.8646684 75
5.5555115 -0.36827716 2.8956306 121
-0.67284995 -0.25595841 2.8511324 76.333336
5.5615683 -0.23525043 2.8919487 123
-0.66522604 -0.15816908 2.8406906 75.666664
5.5626159 -0.10323358 2.8848169 121
-0.65473551 -0.053116679 2.8225193 73.666664
-0.65198469 0.050670166 2.8238633 76.599998
5.5772309 0.027809745 2.8852317 130
-0.64508212 0.15198228 2.819241 83
5.5803876 0.15883024 2.8773563 131
-0.63424206 0.2552661 2.8070765 77.75
5.5942316 0.29087135 2.8742473 136
-0.6240409 0.36515829 2.8022366 78
5.5752144 0.42184779 2.8519015 66
3.1340983 0.62577975 2.8543859 34
-1.9550344 0.7547763 2.8057985 57.5
1.4632465 0.75943238 2.8359394 31
1.7330133 0.72002411 2.8640616 26
1.8594176 0.70392084 2.8320041 23
-1.9680735 0.86853415 2.8111789 53
-1.9863333 0.95125455 2.8283801 58
-0.36534631 0.90015048 2.8060222 53
-2.633872 1.0842677 2.8507147 96
-1.9998251 1.0330869 2.8369503 59
-2.61713 1.150792 2.8126457 46
-4.2821579 1.2385429 2.8308868 13
-3.8883862 1.2139016 2.8101904 10
-5.2523708 1.363438 2.8223698 150
-3.1122386 -3.3253028 2.9671993 14
3.4937711 -2.6163442 2.9890833 67
3.870429 -2.6634669 2.9876819 59
2.3813539 -2.5687861 2.9810939 1
2.4083638 -2.5775585 2.919199 8
2.9735148 -2.5733359 2.9822853 71
3.0058825 -2.575789 2.9893947 70
-0.33831936 -2.3181703 2.9505019 86.5
-0.84131616 -2.2562449 2.9998462 102
-0.51222265 -2.2842197 2.9028907 150
-0.35895032 -2.2435436 2.9982262 63
-2.3810146 -2.1540725 2.9975019 57
-2.3316748 -2.0369897 2.9707005 56
-0.33732575 -2.0435936 2.9866519 31
-3.0618801 -1.9726198 2.9483039 52
-2.281894 -1.9219079 2.9389191 52
-4.6496348 -1.8470541 2.9406092 33
-4.0383663 -1.8615606 2.9253883 39.5
-2.2376065 -1.813834 2.9126799 53
-0.80131721 -1.8518244 2.9999652 52
5.5576911 -1.8983649 2.9038434 96
-4.655158 -1.7892979 2.9686651 5
-0.79136956 -1.7536943 2.9921966 49
5.5646482 -1.7543334 2.9121659 122
-0.80320221 -1.6246061 2.980675 8
-0.78107572 -1.6555487 2.9804425 56
5.5701666 -1.6103047 2.9190989 142
-0.80594677 -1.53563 2.9950619 62
-0.77381694 -1.5674697 2.9814327 54
-2.3425605 -1.4636198 2.9786203 47
-0.77347922 -1.441554 2.9885573 65
5.5670786 -1.4662932 2.919107 136
-2.2958436 -1.3619297 2.9504089 46
-0.76126498 -1.3384521 2.969682 61.799999
5.5632982 -1.3243755 2.918426 125
-2.2602062 -1.2694466 2.935215 52
-0.75632238 -1.2401816 2.9680603 65.25
-2.2175028 -1.1738003 2.9076078 50
-0.74929845 -1.1541307 2.9596996 63.25
5.5523262 -1.1813797 2.912205 128
-0.73525894 -1.0564083 2.9486539 61.799999
5.5463457 -1.0423746 2.9080217 124
-0.72859699 -0.95397723 2.9321725 62.400002
5.5510583 -0.9053492 2.9086053 118
-0.72977924 -0.850411 2.9285336 66
-0.72101092 -0.73936349 2.9137967 71.666664
-0.6941278 -0.74409139 2.9154327 58
5.5514808 -0.76933211 2.9064341 129
-0.72321278 -0.65173423 2.9084811 74.5
-0.69152194 -0.66002405 2.9027069 56
5.550468 -0.63531798 2.9028735 133
-4.9420671 -0.28074491 2.9656422 41
-4.953548 -0.15079476 2.9801948 6
4.7342486 0.48120224 2.9701674 24
3.1731396 0.62794709 2.9337022 34
1.4193321 0.76071137 2.929924 29
1.7883137 0.72391564 2.9325156 26
-0.21726614 0.89638346 2.9783895 44
0.99434102 0.81914324 2.9559379 30
1.0853953 0.81543189 2.9590197 38
-0.34092879 0.97573173 2.926357 59
-0.27125165 0.96257955 2.9514997 60
-2.6274076 1.0783658 2.9773424 82
-2.5897009 1.1313909 2.9133894 105
-6.1896186 1.4179301 2.921488 5
-3.0800726 -3.2193365 3.0140722 43
-3.0474768 -3.1133268 3.055963 58
-3.0114143 -3.0032389 3.0921645 66
4.9913778 -2.7721419 3.0854578 62
3.3214073 -2.6089389 3.044064 75
-2.5520151 -2.5453572 3.088943 48
2.4133606 -2.5733683 3.0175095 1
-2.4946456 -2.4132605 3.0618405 47
-0.49321824 -2.303757 3.057426 88
-0.34146011 -2.3037515 3.0539892 150
-2.4357584 -2.2791631 3.0288489 55
-0.79112363 -2.2426496 3.0549059 71.5
-0.51686358 -2.2915745 3.0490291 91
-0.40363336 -2.2352254 3.0001466 81
-0.33634663 -2.2968457 3.0758617 150
-0.83374172 -2.1642258 3.0199568 57
-0.78745788 -2.1091197 3.086401 55
-0.82296628 -2.056092 3.0133071 46
-0.33397746 -2.0978215 3.0924265 47
-3.3428135 -1.9482179 3.0114162 51
-3.1312318 -1.9556508 3.0636899 50
-0.81215817 -1.9519582 3.0066433 51
-0.77966261 -1.9990772 3.0720706 53
-4.2699385 -1.828289 3.0678091 50
-0.7707696 -1.8920299 3.0568314 50
-2.5053642 -1.7999861 3.0730696 50
-0.7644403 -1.7939938 3.0483906 53
-2.4483984 -1.6831653 3.0408568 54
-0.75441587 -1.647938 3.029753 52
-4.6836691 -1.5850943 3.0109537 2
-2.3888285 -1.5672673 3.0018332 50
-0.80151671 -1.5312475 3.0045907 35
-0.74461675 -1.509883 3.0141032 55
0.9851566 -0.88748956 3.0493515 16
0.051294435 -0.56150138 3.0540881 31
0.046670444 -0.45938408 3.0708122 32
0.044320855 -0.35570768 3.0814424 34
0.044126131 -0.25250918 3.0827436 33.5
0.045500401 -0.14975244 3.0824142 33
0.047518559 -0.047436476 3.0837636 32.5
0.051230107 0.054320287 3.0825808 31.5
0.047322974 0.13929479 3.0893281 29
0.067409009 0.24009229 3.0723159 25.333334
0.059120536 0.34044507 3.0790405 21.666666
0.047390394 0.43949515 3.0881677 19
0.052507624 0.54103148 3.0920429 17
4.5243483 0.52108252 3.0201559 21
-0.41878599 0.65270454 3.0963006 72
-0.39018109 0.64941025 3.0917602 57.5
0.057246089 0.64453518 3.0990779 14
-0.40601516 0.76070881 3.0758023 79.5
-0.37339944 0.77016509 3.0854454 62.5
0.062172204 0.71162152 3.0968413 10
1.5257874 0.77291119 3.090138 57
1.8043805 0.72685122 3.0781786 34
1.9378603 0.71006626 3.0427725 26
-0.37753725 0.85205221 3.0700042 69.666664
-0.20625356 0.898067 3.0243528 46
0.074045822 0.84788001 3.0856168 7
0.53566372 0.85594738 3.0769124 0
0.63600492 0.87975997 3.0320945 19
-0.37179026 0.91912413 3.0393212 73.333336
-2.8238058 1.0942185 3.0964196 23
-3.4915826 1.1801276 3.0662766 10
-2.7636526 -3.014708 3.1989114 47
-2.9749315 -2.8921075 3.1233914 70
-2.6884444 -2.8495829 3.1623287 44
-2.9427295 -2.7860453 3.1582193 75
-2.9179404 -2.6880951 3.1983595 72
-2.6171172 -2.693465 3.124403 47
3.4780293 -2.6108665 3.1073327 66
5.1140308 -2.6917565 3.1813934 134
5.1054926 -2.5338695 3.1856434 124
5.0868516 -2.3739998 3.1801991 125
-0.52149677 -2.2904818 3.1945109 88
-0.47507313 -2.2570281 3.1581304 59
-0.33753178 -2.2313447 3.1188755 133.5
5.0804963 -2.2240858 3.1836393 125
-2.6993866 -2.1827018 3.1734509 47
-2.6213589 -2.0405688 3.1272163 51
5.0748801 -2.0761707 3.1877584 125
-3.4268475 -1.9306933 3.1446412 50
-3.2103329 -1.9406885 3.1872559 52
-2.5629637 -1.9187815 3.1011946 50
5.0599012 -1.9282712 3.1828594 124
-4.5616322 -1.7913703 3.1394691 10
5.0608091 -1.7903217 3.1903143 137
5.0551963 -1.6483834 3.1915596 130
5.0510449 -1.5114307 3.1927385 118
5.0418062 -1.375738 3.1902332 122
5.039845 -1.2427799 3.1934836 123
5.040019 -1.1127948 3.1959629 134
5.0351782 -0.98282921 3.1950014 138
0.97759211 -0.8812443 3.1552899 6
5.0346408 -0.85384512 3.1967804 150
0.042458683 -0.72148418 3.1251428 8.5
0.95882893 -0.70382327 3.19556 58
5.0348172 -0.72684813 3.197824 150
0.037458792 -0.65089774 3.1395216 14
5.0350013 -0.600851 3.1988597 150
-5.2349076 -0.57257205 3.135083 32
0.95875257 -0.55349767 3.1954262 100.5
0.95257962 -0.45700428 3.1877763 100
1.3697377 -0.43086076 3.1932812 89.333336
5.0315847 -0.47485951 3.1964281 150
0.9482339 -0.36247981 3.1768198 96
1.3720192 -0.34428445 3.1923993 86.333336
1.6826572 -0.32390636 3.1982064 81.5
5.0296082 -0.34886578 3.1953843 150
0.93963957 -0.25326899 3.1720486 101.33334
1.3616991 -0.26019165 3.1806028 92
1.6804492 -0.24314184 3.1912296 80
1.8028069 -0.24036905 3.1958289 75.5
5.0218792 -0.22388084 3.1887834 123
-0.47978169 -0.1532688 3.1889749 73
0.94479913 -0.14937021 3.1605062 100
1.3645401 -0.15977135 3.1729465 89.75
1.6814362 -0.14873384 3.1807823 77.666664
1.8047715 -0.1363304 3.1902623 76.5
5.0371094 -0.10081322 3.1987109 150
-0.47445476 -0.040768772 3.1821027 75
0.95552737 -0.041482199 3.1563089 98.666664
1.3675766 -0.047937065 3.1667688 90.25
1.6846149 -0.056792088 3.1762795 80.25
1.8098004 -0.034240238 3.1816874 82
-0.44354588 0.054733269 3.1719642 69
0.94338411 0.043639887 3.1519887 98.666664
1.3739111 0.06190294 3.1593595 93.25
1.6887957 0.030515937 3.170491 80.666664
1.7040225 0.092673317 3.1670051 88
1.8181674 0.065890566 3.171886 80
5.0207825 0.022146851 3.1851838 130
-0.42455339 0.14071549 3.174433 64.25
-0.3971014 0.19879979 3.1833179 60
0.95821792 0.14936458 3.1464553 99.5
1.3758193 0.15782692 3.1526566 95
1.6936165 0.12608224 3.1663904 82.5
1.713873 0.17227048 3.1613691 79
1.832973 0.1665339 3.1683936 73.5
5.0266762 0.1451883 3.1875086 122
-0.43863463 0.25403965 3.147105 69.666664
-0.39313561 0.27185836 3.1778448 61
0.95731407 0.25685069 3.1427572 100
1.3741107 0.26462412 3.1475828 91
1.4111583 0.23914787 3.1483061 85
1.7138512 0.24995282 3.1562605 76.75
1.8495095 0.26571274 3.1623821 77
5.0368438 0.27024797 3.1926 150
-0.41447526 0.35655198 3.1480236 67
-0.38873553 0.34493068 3.1673901 61
0.94423896 0.3497839 3.1340513 98
1.0069017 0.33142093 3.1333823 93
1.3866844 0.36831376 3.1417086 89
1.430957 0.35399583 3.1457758 90.5
1.7357922 0.35129693 3.1492562 75
1.8688579 0.36394608 3.1527057 76
5.0362544 0.39327952 3.1886826 150
-0.41852221 0.45226431 3.1179061 66.5
-0.38794863 0.45277265 3.1653404 67.25
0.56939816 0.49645531 3.1027436 2
0.95343643 0.43536338 3.1346292 104
1.0256081 0.45506889 3.1257806 95
1.3991705 0.44647425 3.1387298 92
1.4375368 0.47732463 3.1368296 87
1.7603034 0.45325512 3.1491714 79.25
1.8928037 0.46218964 3.1473742 76
-0.42524645 0.54320294 3.1020877 75.5
-0.38490662 0.55735224 3.1414824 65.666664
0.96619403 0.54761946 3.1246045 107.5
1.0416362 0.5476808 3.125561 94
1.4453616 0.55201167 3.1366754 86
1.7805305 0.5501684 3.1427782 79
1.8042941 0.56683099 3.1445565 77
1.9238467 0.5614537 3.1481123 74
-0.37203535 0.63805538 3.1420274 67
0.59433407 0.6656006 3.1108172 19
0.98237669 0.66188097 3.1178567 99
1.0608878 0.64083064 3.1207795 89.5
1.4504017 0.62209022 3.1291645 86.333336
1.5032363 0.66658276 3.1306255 87
1.7966208 0.64227867 3.1362889 82
1.8218025 0.65984887 3.1357021 79
1.9549854 0.65938294 3.1416814 83.5
3.59251 0.60426199 3.1463723 40
-0.36267877 0.7397328 3.1400001 69.333336
0.066754699 0.78265506 3.1000171 9
0.61174655 0.76745087 3.1117687 31
0.99564946 0.74756378 3.1153917 98
1.0885627 0.76454747 3.1140506 86.5
1.4568427 0.73417187 3.1294954 81.5
1.5182099 0.7237224 3.1237147 84
1.851638 0.72129917 3.1284466 72
-0.34716237 0.87201691 3.150811 75
0.6236425 0.83353913 3.1066267 44
1.0066551 0.80667746 3.1169872 108
-0.33631492 0.94708008 3.1384747 88
0.078052126 0.9227888 3.1018178 7
-5.0686531 1.3537382 3.1252337 125
-3.0288076 -3.6635311 3.2599781 18
-2.9921992 -3.5354481 3.2862661 47
-2.9329164 -3.3803332 3.2824178 56
-2.8563652 -3.205195 3.2529788 41
3.4764628 -2.6088824 3.2059672 63
-2.8850508 -2.5819633 3.2252152 79
-2.8462913 -2.4696932 3.2415881 87
-2.7814949 -2.3328876 3.2212701 53
-3.5264311 -1.9159975 3.2968099 47
-4.4656663 -1.779837 3.2213471 4
-0.4581185 -1.6573097 3.227489 20
-0.3247242 -1.5207872 3.2307079 64.5
-0.32260931 -1.4362723 3.2405815 72.5
-0.32027969 -1.3552579 3.2539816 71
-0.31818706 -1.2737446 3.2643487 72
-0.31441417 -1.1532799 3.2811751 70.75
-0.30741888 -1.0396603 3.291569 75
1.0046388 -0.87789869 3.2537279 18
1.7361648 -0.80323458 3.2321885 31
1.8565794 -0.81815451 3.2249515 15
-0.52437341 -0.7542721 3.2866812 84
-0.3038196 -0.74373412 3.2912335 101
-0.29709738 -0.75634503 3.2846122 104
1.4058895 -0.74837232 3.2189069 68
1.7255754 -0.74778956 3.2286003 84
1.8459198 -0.73432827 3.2325716 86.5
-0.51412803 -0.62727112 3.2633455 81
-0.45576262 -0.64455092 3.2978666 62
-0.29586348 -0.63139439 3.2845547 110.5
0.96670997 -0.65046453 3.2028017 94.5
1.39173 -0.64678836 3.2129104 85.333336
1.4037443 -0.68649262 3.223516 94
1.7134826 -0.66065449 3.2261992 81
1.832137 -0.6484198 3.2255323 86
-0.5124892 -0.54727221 3.259711 72
-0.46577695 -0.54548466 3.2939415 71.5
-0.29228088 -0.55435878 3.2839971 122.5
1.381279 -0.5495491 3.2111657 86
1.6968225 -0.5364868 3.2124522 84
1.7006552 -0.57044524 3.2138662 86
1.8227687 -0.56490743 3.2221885 79.5
-0.50577873 -0.46627155 3.2452011 75
-0.45062399 -0.45350659 3.2785578 66.5
-0.28714845 -0.45589706 3.2926648 122
1.3859962 -0.49661776 3.2068322 85
1.6887738 -0.44521081 3.2080326 79.666664
1.8106873 -0.45436871 3.2112851 79.5
-2.8455529 -0.34580845 3.2995868 50
-0.46022105 -0.35074046 3.2535295 68.666664
-0.28427339 -0.36478841 3.2935662 122.5
1.6856019 -0.37891126 3.2044487 80
1.8044871 -0.34638631 3.2030687 78
3.4530344 -0.31874537 3.2915511 108
-2.8332009 -0.27079147 3.2956483 47
-0.45279655 -0.24219325 3.242389 70.400002
-0.2787171 -0.25223789 3.2967439 123.5
3.4516768 -0.21565557 3.2826498 110
3.6982749 -0.21913166 3.2927635 96
-2.8126969 -0.15926552 3.2843928 49
-0.43254462 -0.14488426 3.2292624 66
-0.27249619 -0.15275586 3.2944925 135.33333
3.4521511 -0.11307389 3.2768922 110.5
3.6948097 -0.11206461 3.283251 102
-2.8021173 -0.048744883 3.2833102 49
-0.42263252 -0.048113618 3.2202482 65.5
-0.26937994 -0.062647909 3.2968893 132
3.4497242 -0.010986118 3.2669394 104
3.6885009 -0.0060144546 3.272368 101
-2.7946084 0.060659818 3.2814224 50.5
-0.41993305 0.042715386 3.2194233 66.5
-0.25860476 0.042214092 3.2961721 139
3.4491274 0.089599513 3.2594137 104
3.6879628 0.099042557 3.2670259 102
-2.7957313 0.17217384 3.2878468 48
-0.42207441 0.1483556 3.210499 74.5
-0.25199127 0.15578166 3.2924559 130
3.4488921 0.19117905 3.2529519 108
4.845634 0.18836825 3.2996674 137
-2.7890937 0.2461867 3.2803965 49
-0.41311622 0.26389828 3.2029223 71
-0.24563813 0.26934341 3.2917275 124
3.445075 0.29224378 3.2437215 103
3.6867151 0.20309885 3.2609806 101
4.0190625 0.24778703 3.2960916 99
4.2586651 0.21991232 3.295161 87
-2.793659 0.35919839 3.2860174 48.5
-0.24069223 0.34637982 3.2983329 124
3.4283357 0.38577884 3.2371409 113
3.6811728 0.30713642 3.2521863 102
4.0203228 0.35780078 3.2875848 96
4.2545171 0.33295041 3.2878008 88
4.8489108 0.31438649 3.2918108 137
-2.8033793 0.47320694 3.2931948 47
-0.23504943 0.42343152 3.2969685 123
3.4449372 0.44335598 3.2349029 107
3.6727235 0.41118431 3.2392027 109
4.0251784 0.47081435 3.2825513 96
4.2475061 0.44697219 3.2790895 89
4.8607926 0.43941361 3.2908776 144
-2.8099184 0.55121267 3.2986431 49
3.4447141 0.54492891 3.2291467 113.5
3.6772251 0.51624727 3.2387192 106
4.0120745 0.57882875 3.2615645 112
4.1943069 0.55092144 3.2272911 51
-2.7950664 0.69923729 3.2658122 102
3.4615624 0.60402775 3.2251048 123
-0.21271598 0.91115195 3.2920024 110
-6.0898557 1.4284854 3.2940185 5
3.645211 -2.6098099 3.3810439 66
4.8190742 -2.6798058 3.3734322 119
3.2763853 -2.5769153 3.3051507 70.5
4.8153629 -2.5197928 3.371351 122
4.8015776 -2.3557901 3.3595421 134
-0.51536441 -2.2908521 3.3431168 118.5
4.8021636 -2.2057731 3.3602171 129
-0.50379109 -2.1098685 3.3949616 112
-0.50168884 -2.0078485 3.3992422 114
4.7976875 -2.0537615 3.3546135 122
-3.2918069 -1.922302 3.3167388 54
-0.4989841 -1.9038236 3.3965499 120
4.8018498 -1.911741 3.3573492 116
-0.49537998 -1.8039122 3.39486 115
-5.083221 -1.7473112 3.3978572 12
-4.8490882 -1.7667015 3.3572731 48
-0.50379753 -1.7956824 3.3992722 110
4.7988176 -1.7677279 3.3531363 116
-0.49263066 -1.6988834 3.3801279 150
4.8022122 -1.6277086 3.352349 125
-0.49022457 -1.569404 3.381629 143
4.8056321 -1.490689 3.3529758 129
-0.56048214 -1.3552712 3.3850441 88
4.8075886 -1.3536713 3.3507991 128
-5.7032518 -1.2315185 3.3914874 11
-0.55558795 -1.2572718 3.369688 96
-0.47812849 -1.2415602 3.3929446 108
4.8023534 -1.2176609 3.3416748 134
-0.53364933 -1.15797 3.3707957 95
-0.47434425 -1.151011 3.3834023 91
-0.5274927 -1.0624552 3.353416 95
-0.47012904 -1.0634608 3.3748956 82.5
-0.31290898 -1.0288439 3.3055811 83
4.8035927 -1.0846438 3.3388035 118
-3.017698 -0.9029792 3.3889139 47
-0.52296209 -0.97043633 3.3418968 88.5
-0.46606737 -0.9754054 3.362361 78
-0.30777144 -0.9557395 3.3114724 97.5
4.3348222 -0.9594059 3.3901222 91
4.8012104 -0.95163077 3.3310442 120
-2.9806983 -0.81794715 3.3670578 46
-0.51884377 -0.88042659 3.3312824 76
-0.46025574 -0.84832627 3.3442776 64.25
-0.30473882 -0.87420094 3.3053579 97.5
0.9879393 -0.85964555 3.3082194 22
1.0077453 -0.82709503 3.3316052 1
3.4578819 -0.84724009 3.3380883 118.5
3.7242002 -0.88052624 3.3530774 114
4.0285716 -0.88735259 3.3942029 102
4.3255515 -0.83539313 3.3794188 89
4.8110337 -0.82360506 3.3336828 143
-5.6346931 -0.76903397 3.3775203 88
-2.952364 -0.73592031 3.3524735 50
-0.46867117 -0.74367809 3.3289921 67.333336
3.4578891 -0.7396341 3.3292055 117.5
3.7177689 -0.76546341 3.3408689 106
4.0248289 -0.76933831 3.3822489 92
4.3215036 -0.714279 3.3737304 83
-2.9261954 -0.65489471 3.3397071 50
-0.47370282 -0.64826739 3.3147991 74
3.4586401 -0.63303292 3.3217144 114.5
3.712074 -0.65438563 3.3279011 104
4.0253768 -0.65232438 3.3730488 97
4.8136883 -0.69458669 3.3307872 132
-2.9009337 -0.5758701 3.3258576 50
-0.44008422 -0.55473715 3.3019743 62
3.4564981 -0.52643096 3.31074 107.5
3.7071249 -0.54332066 3.3170414 94
4.0216322 -0.53731018 3.3610945 86
4.3086629 -0.5932641 3.3595316 82
4.8177333 -0.56756723 3.3264537 125
-2.8744583 -0.46033967 3.315125 48.5
3.4598291 -0.42283767 3.3070614 108
3.7050931 -0.43326581 3.3103616 100
4.0214591 -0.42229623 3.3511992 94
4.3023133 -0.4732421 3.3515685 87
4.8232393 -0.44054595 3.3249233 135
-0.28668508 -0.32157379 3.3018746 123
3.7016153 -0.32519883 3.3008611 104
4.0220289 -0.30928239 3.3434126 97
4.2931118 -0.35622296 3.340802 85
4.8279772 -0.31352592 3.3198702 132
4.2853413 -0.23820233 3.3314328 90
4.0154047 -0.19626804 3.3286791 88
4.2775841 -0.12416822 3.320612 85
4.8277297 -0.18751082 3.3127813 131
-0.27156973 -0.018436398 3.3036284 136
4.0188255 -0.084254436 3.3222566 95
4.266953 -0.00815049 3.3084488 87
4.8390284 -0.061668709 3.3125515 138
-0.26794106 0.055597816 3.3030467 139
4.0121746 0.025759855 3.306109 97
4.8473415 0.063354768 3.3095589 135
-0.26358974 0.13163385 3.305542 125
4.0213737 0.13777307 3.3066576 94
4.2621121 0.10487367 3.3018084 87
-0.25703341 0.24519303 3.3032632 125
-0.25019023 0.36074725 3.3090422 124
-0.24531975 0.43779132 3.3055599 127
-0.23225391 0.5484215 3.3084273 134
-2.816107 0.62821835 3.3001072 61
-0.22476922 0.66677749 3.3095331 135
-2.8472564 0.79121995 3.3224711 49
-0.21869507 0.74782264 3.3147142 134
-2.8709593 0.87721652 3.3404696 50
-0.21286021 0.8293696 3.3168635 144.5
-2.8922329 0.96321422 3.3536618 50
-0.20194873 0.90171117 3.3078105 129
-2.9134195 1.051212 3.3658574 52
-2.9118834 1.1302208 3.3479221 42
-3.9116988 1.2528117 3.3423271 11
1.971292 -2.4862561 3.4529896 2
-0.51588416 -2.223923 3.4074402 143.5
-0.5197382 -2.1138899 3.4130185 148
-0.5136463 -2.0018027 3.4028337 116
-3.374594 -1.9013332 3.4480145 52
-3.6274035 -1.8963484 3.4529216 49
-0.50918436 -1.8977448 3.4005139 116
-5.1150026 -1.7461163 3.4381888 21
-0.54872644 -1.558563 3.419879 125.5
-0.49040896 -1.5125399 3.4062779 126
-0.54681587 -1.4565636 3.4115639 91.5
-0.48611087 -1.4246562 3.4054627 125.5
-3.2136612 -1.3581514 3.4861925 46
-0.52718103 -1.3557067 3.417002 107
-0.48235458 -1.3336146 3.401942 119
-3.1663618 -1.2611116 3.4612229 46
-0.52484548 -1.2576979 3.4084737 109
4.4515953 -1.2462704 3.4998643 123
-3.1233933 -1.1670747 3.4398894 46
4.4472957 -1.1152531 3.494082 131
-5.7134476 -1.0845582 3.4063225 4
-3.081244 -1.0760387 3.4164767 44
-3.0501003 -0.98900908 3.404146 46
-3.1883094 -0.55092299 3.4928205 47
-3.1575842 -0.46044433 3.4762683 44
-3.1279209 -0.37198442 3.460609 43
-3.1092405 -0.28473008 3.4560354 43
-3.0795212 -0.15526307 3.4412761 42.5
-3.0472736 -0.02772072 3.4206924 44
-3.0377965 0.057423145 3.4183135 43
-3.0271609 0.14209023 3.4119754 41
-3.0261719 0.22710405 3.4148929 43
-3.0229425 0.31316489 3.4150016 43
-3.0311031 0.44403145 3.4261045 43
-3.0422714 0.57687074 3.4369657 44
-3.0550544 0.66667968 3.4477727 44
-3.0722053 0.76041365 3.4622552 31
-3.0835817 0.8522799 3.4681828 43
-3.1036644 0.94899631 3.481436 44
-3.1234889 1.0457418 3.4916999 45
-3.1363807 1.1416476 3.4915111 45
-3.8414159 1.2230719 3.4159691 16
-5.2356582 1.3767017 3.4938912 26
4.4702082 -2.5064402 3.5310576 125
1.9647238 -2.4860733 3.5529747 11
4.4678597 -2.3544228 3.5275474 128
4.4684525 -2.2084017 3.5267563 118
4.4690557 -2.0633805 3.5259566 132
4.468998 -1.9243592 3.5244079 150
-5.2268853 -1.705605 3.5664816 36
-5.1563072 -1.7152996 3.5414166 41
4.4645996 -1.783343 3.5187161 142
-6.0463376 -1.6373259 3.5819426 34
-5.4197078 -1.6936013 3.5145569 47
-3.3930202 -1.6802953 3.587935 45
4.4638519 -1.6473224 3.5164466 136
-3.3330791 -1.5702467 3.556042 45
4.4623938 -1.5123024 3.5134747 135
-3.2740431 -1.4641992 3.5230658 44
4.4530029 -1.3762909 3.5028813 130
-3.3603716 -0.93755209 3.584656 40
-3.2974935 -0.83253282 3.5429142 40
-3.2609167 -0.73800898 3.5279121 40
-3.2208357 -0.64340061 3.507189 40
-4.8387899 1.3864188 3.535866 89
3.5896072 -2.5792618 3.6731274 60
3.6312099 -2.5802588 3.6850741 60
1.973183 -2.4755442 3.6816072 20
2.0056624 -2.4941494 3.63713 13
4.2245893 -2.4503529 3.69203 130
4.2237062 -2.2983382 3.6814423 135
4.2314935 -2.1555059 3.6791592 135
4.2378068 -2.0124919 3.6755183 146
-3.7305999 -1.8707354 3.6109071 46
-3.4785731 -1.8863757 3.6035333 60
4.230453 -1.8674761 3.6586788 130
-3.4614491 -1.7973496 3.6251078 43
4.2389469 -1.7314622 3.6585352 148
-5.3350921 -1.678768 3.6669025 36
4.2459764 -1.5974482 3.6555882 138
4.2479696 -1.4634336 3.6477787 145
4.2521439 -1.3324192 3.6434667 139
-3.5339744 -1.2591676 3.6759775 40
4.2483802 -1.2014039 3.6300995 127
-3.4708474 -1.1482151 3.6423473 40
-3.4174955 -1.0424402 3.6178606 41
4.2625985 -1.0753906 3.6340983 92
-4.7662373 1.3865981 3.6595085 89
-5.9077663 1.4216359 3.6629789 4
-4.7559381 1.4285905 3.6485946 14
2.0097039 -2.4782372 3.7539344 26
4.0367455 -2.3114395 3.7698581 146
4.0443645 -2.1703217 3.7675374 150
4.0498595 -2.03022 3.76454 150
4.0444732 -1.8851178 3.7497704 146
-4.7461085 -1.7991554 3.7192714 2
4.0521917 -1.7510129 3.7487962 150
-5.7602324 -1.6427388 3.7501545 44
-5.4294572 -1.6723813 3.7976224 41
-5.3943872 -1.6791153 3.7359917 28
-3.7607267 -1.6225544 3.7944257 33
4.0599575 -1.6189213 3.7492163 148
-6.3462138 -1.5474753 3.7801785 8
-3.6800294 -1.4973605 3.7534165 35
4.0590339 -1.4848264 3.7399168 150
-3.6055276 -1.3762503 3.714844 34
4.0588727 -1.3547302 3.7312717 150
4.0609083 -1.2256451 3.7261126 150
4.0528617 -1.0965717 3.7112398 123
-9.3895073 0.31202006 3.7820706 5
-4.7665615 1.3635156 3.7018652 67
-4.3307357 1.3101311 3.7452855 20
-3.4637833 1.8815309 3.73036 0
2.4894114 -2.5433459 3.8219695 0
1.986596 -2.4700387 3.8257396 31
2.0191348 -2.4674103 3.8853018 40
3.8379786 -2.286737 3.8848841 149
3.8400035 -2.1556447 3.8910732 146.5
3.8420362 -2.0129824 3.8793097 139.5
-3.8660235 -1.8557687 3.8061609 51
3.8524733 -1.8778234 3.8775742 143
-4.8380785 -1.7281766 3.8384101 33.5
-3.8684807 -1.7652342 3.8600338 34
3.8651121 -1.7460594 3.8800521 138
-5.5120015 -1.653458 3.8405886 28
3.8756046 -1.6149051 3.8789816 143
3.8850577 -1.4862599 3.8775525 146.5
3.8927102 -1.3576195 3.8743877 147
3.8980956 -1.2407137 3.8882427 142
3.9106858 -1.2222663 3.8660305 150
3.9036644 -1.1155851 3.8836856 147
3.9154861 -1.0971349 3.8607457 150
-8.047533 1.6497498 3.8338461 32
2.686661 -2.5464709 3.9190185 1
3.8220477 -2.305897 3.904146 149
-5.5759921 -1.6498976 3.9173625 29
-5.3599391 -1.6733583 3.9168034 40
-5.2939816 -1.6833842 3.9718025 42
-9.7458925 0.09684559 3.925981 1
-9.8110809 0.55688506 3.9565418 4
-9.7812805 0.7879293 3.9436162 27
-4.3776832 1.3083422 3.9437511 19
2.7168355 -2.545321 4.0675831 9
-4.9978585 -1.7128115 4.0327311 27
-5.8004723 -1.6230967 4.0777001 34
-5.7082443 -1.6265079 4.0286813 30
-5.0123048 -1.6877738 4.0173197 34
-6.165225 -1.5905186 4.0315118 35
-5.4982057 1.4192952 4.0320768 10
-5.1182518 1.4016407 4.0272532 14
2.0517619 -2.4569948 4.1873589 54
-5.7557216 -1.6238437 4.1612558 32.5
-5.5285473 1.4459729 4.1983471 11
2.5482788 -2.5053263 4.2285385 24.5
2.7435834 -2.5341516 4.2091599 12
2.0354292 -2.4426143 4.2964115 49
-5.6419492 -1.6317314 4.252038 42
-5.2017245 -1.6629987 4.2179818 28
-5.1936474 -1.6849735 4.2510185 29
-5.9176178 -1.5948226 4.2287388 31
-9.0109425 0.23069948 4.2590766 55
2.0652239 -2.4422941 4.3360977 50
2.5774562 -2.4963379 4.3849249 29.5
-5.993351 -1.5814976 4.3247204 26
-5.5148377 1.459582 4.306047 8
-5.4988341 1.4426417 4.316483 12
-4.9359312 1.4056427 4.3222303 17
2.0528746 -2.4251609 4.4601622 51
-5.406786 -1.6434472 4.4606667 30.5
-6.7760715 -1.5637026 4.4528875 27
-4.8875875 0.20536475 4.4953227 26
-4.8743 0.31856808 4.4916496 25
-4.8704948 0.43162152 4.4931793 25
-4.8740273 0.54656523 4.4981103 25
-9.4530296 0.72262108 4.4941964 23
-6.5822563 1.5590999 4.429039 6
2.8129151 -2.5199308 4.5271473 20
2.0859532 -2.4326892 4.5024772 54
2.6278694 -2.4990187 4.5592675 32
-5.0745773 -0.36372262 4.5965962 26
-5.0198913 -0.24682687 4.5664244 26
-4.9756618 -0.13209072 4.541348 25
-4.9423294 -0.018567089 4.526361 25
-4.9084702 0.094019935 4.5053859 25
-4.882895 0.66241866 4.5066061 26
-4.9012756 0.78112203 4.5203333 25
-4.9283457 0.90266389 4.5413694 26
-4.9616814 1.0271164 4.5649085 27
-4.9991188 1.1545198 4.5891266 26
-5.0282497 1.4023124 4.5852256 25
2.0757504 -2.4117327 4.6407437 36
1.3780446 -2.335057 4.6640863 53
-5.6298919 -1.6042029 4.6683488 31
-6.3823571 -1.5811616 4.6675386 0
-6.0777392 -1.5844214 4.6023378 37
-5.2706671 -0.72888511 4.6992469 26
-5.1886196 -0.60253078 4.6534724 26
-5.127902 -0.48256654 4.6228509 26
-5.0439162 1.2858137 4.6167665 27
-5.8887796 1.5076938 4.6835675 8
2.853575 -2.5118744 4.7005177 32
1.3761657 -2.320035 4.7954965 44
-5.6587071 -1.6197561 4.7586441 33
-6.4581175 -1.5367787 4.7256784 9
-7.219007 -1.4705509 4.7621627 27
-5.3677197 -0.86049372 4.7567215 25
-5.4010358 -0.38735327 4.7898173 29
-5.3451266 -0.27435404 4.7556505 26
-5.3170781 -0.16387658 4.7421331 27
-5.2835941 -0.055292763 4.7240486 26
-5.2628517 0.054066308 4.7139034 27
-5.2582607 0.16311695 4.7164097 28
-5.2502484 0.27225143 4.7141933 29
-5.2518291 0.38321471 4.7181926 29
-5.2587366 0.49408197 4.7257447 27
-5.2729964 0.60783058 4.7367058 28
-5.2838259 0.72066307 4.7429347 28
-5.3263049 0.84074646 4.7755709 29
-5.3552775 0.96025717 4.7933455 27
-9.9040861 1.0104549 4.7227516 21
-7.6591716 1.6469996 4.7899275 19
1.3839436 -2.3209572 4.8622599 50
-6.7903457 -1.5216789 4.8266077 27
-6.534905 -1.5084591 4.8328204 28
-5.5770063 -1.133898 4.8742681 24
-5.4590068 -0.99295932 4.8056512 24
-5.5642958 -0.73415583 4.8765664 26
-5.5036392 -0.61612123 4.8448682 27
-5.446033 -0.50013012 4.81389 27
-10.255951 0.52588719 4.8772216 20
-5.4026356 1.0854163 4.825645 29
-5.4465122 1.2126693 4.8522458 29
-5.5043478 1.3446658 4.8887281 28
-5.5346298 1.4722441 4.8974366 29
2.6865699 -2.4732296 4.9487715 40
2.7036169 -2.4814217 4.9156036 44
-6.6524415 -1.512002 4.9252005 25
-6.5329413 -1.5151838 4.9704857 35
-5.8599758 -1.5641341 4.9088168 31
-6.6757941 -1.4791883 4.9372783 27
-8.1138039 -1.3382034 4.9205427 31
-5.6912012 -1.2787127 4.9341369 26
-5.7185383 -0.97982222 4.9621081 27
-5.6356654 -0.85439253 4.916348 26
-9.0150852 0.25604925 4.9195576 88
-9.0726242 0.72303814 4.9602456 20
2.166368 -2.405432 5.07623 46
2.9473026 -2.4938605 5.0751047 33
1.3875129 -2.3095858 5.0291762 36
2.1408045 -2.3939795 5.0648594 41
-5.9074044 -1.5749819 5.0297613 35
-5.8343387 -1.4340518 5.0164909 24
-5.9084311 -1.2430987 5.0674739 22
-5.8120999 -1.1094539 5.0159349 24
-6.4278798 1.5917686 5.0737176 6
2.744175 -2.4676821 5.1033564 34
-6.0915937 -1.5151275 5.1542616 35
-6.8508134 -1.4648243 5.1262121 28
-7.7780442 -1.3706251 5.1496897 41
-6.0284038 -1.3842001 5.13797 26
2.1775739 -2.3806396 5.2938151 36
2.201055 -2.3951728 5.2932239 35
-6.9998813 -1.4357175 5.2319417 26
2.7929087 -2.457999 5.3887181 26
2.9584563 -2.2979517 5.3593769 89
-7.1527152 -1.4214085 5.3177037 33
-7.059999 -1.4362247 5.3966866 39
-8.806468 -0.74333584 5.3976326 4
-7.2162418 1.6701847 5.3388309 12
2.9421935 -2.2064288 5.4003139 90
2.9254446 -2.1149008 5.4399233 89
2.9123228 -2.0233521 5.4812202 89
-7.1745267 -1.4083476 5.4270988 28
-8.879406 -0.03467856 5.4854746 2
-8.8464184 0.20255783 5.4757185 1
-7.1778584 1.6814076 5.4953251 9
2.8946486 -1.925722 5.5061383 87
2.8841093 -1.8331257 5.544239 89
2.873991 -1.7405189 5.5814338 90
-7.3511181 -1.3847756 5.5494328 23
-8.4034348 -1.2538254 5.5855336 30
2.7954576 -2.2237096 5.6624136 81
2.8141816 -2.2606115 5.6238532 81
2.7968497 -2.1641312 5.6622925 79
2.8654757 -1.6458533 5.6127815 90
2.8583615 -1.5521879 5.6458731 90
-8.4793072 -0.33385006 5.668848 28
-8.4998312 0.13017233 5.6987658 9
-7.1376429 1.674639 5.6472349 10
2.2780702 -2.3669198 5.7628589 36
2.7795732 -2.122118 5.7023621 80
2.7745762 -2.0450778 5.7234421 80
2.7605877 -1.9455028 5.7605524 86
2.7566073 -1.8776051 5.7808323 88
-7.5286756 -1.345408 5.7545447 26
-8.5592613 -0.57503748 5.7159271 20
-8.5623903 -0.10398074 5.7341046 1
-8.506361 0.36319089 5.7112098 1
-7.0952306 1.6903505 5.7055774 9
2.2716124 -2.3601038 5.8262877 27
1.4345497 -2.2604182 5.8323507 25
2.7409983 -1.8142045 5.81213 79
2.7395258 -1.7462898 5.8341322 84.5
2.7276988 -1.6436245 5.8618112 82.5
2.7293386 -1.5858332 5.8856316 88
-7.8176279 -1.3332828 5.8380809 35
-7.6930656 -1.3166766 5.861887 26
-7.3148322 -0.05121544 5.8934908 20
-7.2424402 0.093013227 5.8521276 21
-7.2010903 0.23667903 5.8331728 23
-7.1776333 0.3810544 5.8237214 25
-7.1474986 0.52457684 5.806807 24
-7.1538506 0.67043185 5.8168812 24
-7.1632113 0.81825644 5.8267164 24
-7.178658 0.96800971 5.8370509 20
-7.2416506 1.1258643 5.8855262 19
2.7149913 -1.502106 5.909049 80
-7.6956639 -1.3436872 5.9105291 35
-7.3966837 -0.19759965 5.9400353 21
-7.4604735 0.24102202 5.9889255 23
-7.4273143 0.38359544 5.9712291 22
-7.415555 0.52677804 5.9687533 20
-7.4208012 0.6726647 5.976882 19
-7.4354782 0.82140338 5.9892454 21
-7.3010101 1.2878355 5.9263296 21
-7.3696256 1.4526836 5.969377 17
-7.603456 -0.50007302 6.0564022 19
-7.5062118 -0.347473 6.0052314 20
-7.6335249 -0.19091225 6.0807838 19
-7.5646234 -0.045747656 6.0441198 22
-7.5030293 0.098300815 6.010828 22
-9.6764622 0.4875443 6.0199099 30
-7.480247 0.97358203 6.0241394 19
-7.5181131 1.1279405 6.0486121 19
-7.583941 1.2887808 6.0938239 20
-7.4478855 1.6243646 6.018692 17
1.4565108 -2.2391036 6.1449509 27
-7.9734659 -1.2802389 6.1544809 29
-7.7465701 -0.65949559 6.1396732 20
-7.8189287 -0.48806483 6.1830492 19
-7.7292023 -0.33857319 6.1371899 20
-7.6418819 1.4528112 6.1287103 20
-7.7113423 1.6206622 6.168664 23
-7.7079659 1.7738487 6.1444526 16
-8.6564198 -1.2173001 6.2450686 37
-8.1289282 -1.2493842 6.2505326 28
-7.8688297 -0.82148862 6.2026348 19
-7.9267378 -0.64288354 6.2413435 24
-7.8334169 2.5792201 6.2765989 1
-8.5254488 -1.2132745 6.3933372 36
-8.0542421 -0.99363846 6.3122272 21
-8.0836639 -0.80459976 6.3344646 20
-8.060173 1.655236 6.3861098 32
1.4681718 -2.2297897 6.4513121 30
2.357599 -2.129715 6.4473433 76
2.3441243 -2.0425899 6.4879098 81.5
-8.3723707 -1.1384186 6.4866362 24
-8.2497969 -1.1729212 6.4238777 25
-8.2315407 -0.97010434 6.4162836 18
-8.2091627 1.1936113 6.4721084 31
-8.134532 1.4239243 6.4284148 27
1.4851259 -2.2218599 6.5025411 30
2.3320363 -1.9239812 6.5277157 78.5
2.3226454 -1.8174713 6.5625777 73
2.3193502 -1.79127 6.5679255 81
2.3102708 -1.6837058 6.5985475 83.5
-8.4275255 -1.2305212 6.5036283 34
-8.3854418 0.4798438 6.5663366 32
-8.5969162 0.50427437 6.5305495 5
-8.3370962 0.71906173 6.5427465 28
-8.2660856 0.95736277 6.502676 30
-9.6437893 2.0361958 6.5582991 12
-8.5952072 -0.25901625 6.6898952 32
-8.5262308 -0.011706469 6.6487365 30
-8.4566965 0.23660517 6.6084056 34
-8.7774267 -1.0288522 6.7943892 28
-8.7256327 -0.76860803 6.7671847 29
-8.6624956 -0.51332003 6.7299371 33
1.5163174 -2.1986787 6.890049 28
-9.606658 -1.0796944 6.9671416 31
-9.1092377 1.6040103 6.9915977 29
-9.0239754 1.8562859 6.9419932 30
1.4398103 -1.7046329 7.0173411 25
1.4672662 -1.6205114 7.027463 25
-9.3057795 0.81534553 7.0993438 33
-9.2473621 1.0795479 7.0690117 29
-9.1828728 1.3457665 7.0333776 27
1.5223862 -2.188592 7.1973534 31
-9.4915237 -1.078454 7.150497 38
-9.4612598 0.28183261 7.1921024 31
-9.6194515 -0.26468986 7.2879295 28
-9.5215759 0.009623846 7.2249422 30
-9.739728 -0.82910812 7.3558311 30
-9.6603994 -0.54484528 7.3065276 32
-10.230828 2.0909338 7.6301284 26
-10.823101 -0.91332173 7.8902626 27
-10.566614 1.846332 7.8656492 25
-10.73456 1.2494521 7.954155 20
-10.640218 1.5469403 7.902916 27
-10.883312 0.94971079 8.0481052 29
-11.129343 0.3304632 8.1941385 24
-10.981754 0.64320159 8.1021366 23
-11.309797 -0.30548343 8.292407 27
-11.208388 0.013042273 8.2339249 24
-11.45094 -0.63819522 8.377717 29
-16.486568 2.5689349 11.295469 14
-16.651531 2.1175573 11.392975 14
-16.947989 1.2048632 11.56424 12
-16.852423 1.669109 11.515903 18
-24.433035 1.3510441 13.570734 39
-35.077915 4.7564721 22.395346 39
-35.337948 2.809623 22.466181 20
-35.218281 3.7804847 22.437754 30
