# .PCD v0.7 - Point Cloud Data file format
VERSION 0.7
FIELDS x y z intensity
SIZE 4 4 4 4
TYPE F F F F
COUNT 1 1 1 1
WIDTH 7703
HEIGHT 1
VIEWPOINT 0 0 0 1 0 0 0
POINTS 7703
DATA ascii
-7.6720009 -3.1269004 -1.1182055 0
-7.6522565 -3.2201688 -0.91629225 2
-7.203917 -2.7905807 -0.99042559 150
-7.2532225 -2.6721342 -0.94205439 150
-7.6641917 -3.0842898 -0.8728323 4
-7.7789741 -2.4324663 -0.85007161 1
-7.7745938 -2.286026 -0.80072254 1
-7.2246313 -2.7693782 -0.78060913 160
-7.3668618 -2.0265319 -0.71363699 151
-2.2800229 -3.8924289 -0.63308626 14
-0.32284743 -3.7771552 -0.61262995 29
-1.2525214 -3.3480861 -0.60258806 9
-0.31720978 -3.3171713 -0.60430628 8
-7.761035 -2.4250963 -0.68484008 4
-7.7538023 -2.2870686 -0.65044963 7
-7.8248491 -1.8672394 -0.672535 12
-7.4020782 -1.8989606 -0.6746586 150
-2.3099008 -3.961199 -0.55713296 1
-0.32695079 -3.8624628 -0.54030752 124
-0.21566083 -3.8403482 -0.51962709 98
-1.3645664 -3.7059796 -0.51454097 99
-0.59394032 -3.7216246 -0.5707292 75
-0.22495991 -3.7692454 -0.59041739 58
-0.19810399 -3.7252457 -0.5913865 77
-0.40076631 -3.6460652 -0.58784533 16
-0.21535522 -3.3322489 -0.59113032 11
0.11133586 -3.2370644 -0.5303635 0
-0.38009882 -3.1770663 -0.57196045 6
-2.1125326 -3.0398934 -0.54523671 6
-0.53914493 -3.0543802 -0.59010947 6
0.14034867 -3.000052 -0.53180057 6
-0.22020449 -2.9172788 -0.57387543 6
-1.9451064 -2.8745205 -0.55130023 5
-1.1134052 -2.8571777 -0.56384367 6
-0.33794972 -2.8526587 -0.57077932 6
0.16576518 -2.7880411 -0.53322911 8
-1.1646472 -2.612015 -0.53136706 67.666664
-0.51038706 -2.6914225 -0.57038337 7
-0.23109391 -2.6102734 -0.56192011 8
-1.0554025 -2.5660853 -0.53882343 6
-0.78394544 -2.5634093 -0.55682915 35
-0.32955286 -2.5491724 -0.56040472 8
-0.21688986 -2.588326 -0.56245941 9
0.17326139 -2.5689297 -0.52651554 7
0.48766366 -2.518595 -0.50896341 14
-0.48799145 -2.4064457 -0.55669641 7
0.19220048 -2.4414783 -0.53047782 9
0.20719901 -2.4410226 -0.53579354 9
0.50994033 -2.4202402 -0.52190214 18
-1.0981239 -2.3690901 -0.56725317 12
-0.30509973 -2.3043344 -0.55308014 8
-0.22682676 -2.3283207 -0.54948908 6.5
0.57197207 -2.398751 -0.51965988 19
0.64397466 -2.3949339 -0.5226109 22
5.6380577 -2.3409824 -0.55212331 3.5
-0.95127875 -2.2869041 -0.53558147 8
-0.73090321 -2.2687149 -0.56170112 8
-0.33903688 -2.2560697 -0.53720313 7
0.20432656 -2.2337096 -0.51867336 8.5
0.54261494 -2.2684424 -0.5228138 13.5
0.6459533 -2.2668726 -0.52716649 12
5.6829243 -2.2300127 -0.55659509 5
-1.01639 -2.1140146 -0.54538655 10
-0.23475659 -2.1042986 -0.53473079 108
0.21262731 -2.1062434 -0.51232147 8
0.53608727 -2.1215441 -0.51888621 9
0.6302641 -2.1101072 -0.52142763 10
5.6960874 -2.1450498 -0.52553934 15
-7.3793869 -2.0453453 -0.58684719 150
-2.7747254 -2.0388689 -0.51465333 6
-0.89719194 -2.0941331 -0.53049785 8
-0.69326478 -2.0587029 -0.54956889 9
-0.46282566 -2.0796034 -0.5184167 7
-0.31722051 -2.0812125 -0.53928667 9.5
-0.22548392 -2.0973845 -0.53905684 79
-0.16227162 -2.0713656 -0.51060611 6
0.21576536 -2.0530326 -0.51013577 9
-7.4490337 -1.934834 -0.56391549 114
-2.6020901 -1.9412737 -0.51162934 5
-2.2342453 -1.9204059 -0.50942963 15
-0.95293504 -1.9179354 -0.53075516 10
-0.84629196 -1.9144198 -0.52176142 7
-0.45156825 -1.9375455 -0.52362239 79
-0.30067059 -1.9293671 -0.54118025 10
-0.23145229 -1.9348478 -0.53418028 9.5
-0.1435986 -1.9218414 -0.50622588 6.5
0.22561944 -1.9580526 -0.50896341 8
0.52560246 -1.9792097 -0.51290882 10.5
0.61703354 -1.969306 -0.51601076 11
-7.8151135 -1.8993471 -0.56423986 9
-2.8100655 -1.8811511 -0.51090002 5
-2.6065407 -1.843829 -0.51199889 6
-2.1365736 -1.813833 -0.5176928 9
-1.9271661 -1.8560505 -0.52494103 4
-1.8319021 -1.8077817 -0.52971184 4
-1.5270085 -1.8155298 -0.51698196 16
-0.66043299 -1.8796914 -0.53912705 5
-0.57850069 -1.8866445 -0.51623994 4
-0.32383111 -1.8980713 -0.52782464 10
-0.10507383 -1.8343171 -0.50561762 8
0.23373674 -1.8400002 -0.5044874 8.5
0.51990509 -1.8587935 -0.50934649 10.5
0.60834742 -1.85343 -0.51343447 11
-2.6193836 -1.7326412 -0.50007713 4
-2.4388642 -1.7497492 -0.50444186 5
-2.0335336 -1.702251 -0.51939285 4
-1.956714 -1.7813491 -0.50494295 14
-1.7072935 -1.719521 -0.52266723 6
-1.626803 -1.7624384 -0.50986499 39
-0.63681138 -1.7466403 -0.53691947 12
-0.5599885 -1.7653379 -0.51888025 11
-0.43665659 -1.7426265 -0.50308949 2
-0.31731075 -1.7490723 -0.52222729 11
-0.25514758 -1.7720413 -0.52750045 7.6666665
-0.12769452 -1.7980372 -0.50039768 8
-0.081866018 -1.734298 -0.50311798 8
0.2436443 -1.7409246 -0.50295043 9.5
0.54391295 -1.7517494 -0.50899386 11.666667
-7.9675207 -1.6644042 -0.52173293 11
-2.8755722 -1.6199957 -0.50641328 5
-1.8736163 -1.6874874 -0.51169044 7
-1.6042849 -1.6502887 -0.51927519 8
-1.5680768 -1.6721143 -0.51877671 12
-1.4462607 -1.6915879 -0.51476759 12
-1.1505439 -1.6001287 -0.50033796 76
-0.8735792 -1.6597029 -0.52715117 5
-0.77148843 -1.6463681 -0.51333606 5
-0.61532474 -1.6266093 -0.53300196 12
-0.54124796 -1.638051 -0.51443624 10
-0.42370445 -1.6346385 -0.50796187 3.5
-0.31134927 -1.6330731 -0.52170032 1
-0.25499904 -1.6413864 -0.52316689 10
0.25581849 -1.6826971 -0.5013364 10
0.49513519 -1.6704143 -0.50473732 11
0.55822575 -1.6395645 -0.50607872 10.5
-8.0051079 -1.5356623 -0.50085604 38
-2.3196604 -1.5979899 -0.50262707 5
-1.9011427 -1.5615575 -0.50409138 5
-1.5145721 -1.5910758 -0.51784164 8
-1.4561071 -1.5413328 -0.51296341 9
-1.3707933 -1.5747161 -0.50906962 11
-1.1261268 -1.5428967 -0.51665288 28
-1.0288154 -1.5699203 -0.51035023 71
-0.99955291 -1.5025235 -0.52032238 2
-0.84079462 -1.5546025 -0.52620095 11
-0.74709815 -1.5579982 -0.51862073 1
-0.55997181 -1.5216985 -0.51977706 13
-0.42224103 -1.5724821 -0.52191305 13
-0.34622186 -1.5318676 -0.50938857 7
-0.26590598 -1.524374 -0.51818907 14
0.49209121 -1.5409508 -0.50172597 10
0.57755333 -1.5428934 -0.50113183 11
-8.0013094 -1.470579 -0.57302171 9
-1.8124331 -1.465068 -0.50220776 7
-1.6779269 -1.4675044 -0.50113565 7
-1.4192909 -1.4544992 -0.50828916 10
-1.3282372 -1.4758422 -0.50976765 10
-1.2836576 -1.4335324 -0.51324791 10
-1.0935398 -1.4707092 -0.52404726 15
-0.98102611 -1.4586977 -0.55654049 77.5
-0.80577016 -1.4415706 -0.51693946 9
-0.71546954 -1.443568 -0.50902319 11
-0.54497278 -1.4260795 -0.5166871 3
-0.41449887 -1.4724697 -0.52064496 3
-0.30173081 -1.4020758 -0.50578874 3
-0.26516384 -1.41445 -0.5128969 9
0.54479051 -1.4647667 -0.500808 10.5
-8.0435181 -1.330951 -0.5425182 9
-2.8078363 -1.3395553 -0.50561315 3
-2.7473617 -1.3592538 -0.51985067 5
-1.3586991 -1.3652438 -0.50498235 9
-1.2224911 -1.3588071 -0.50563407 7.6666665
-1.1471677 -1.3282527 -0.50447029 9
-1.0482069 -1.3745862 -0.51800233 17
-0.91569859 -1.3094106 -0.53960174 4
-0.77997196 -1.3594955 -0.51583594 3
-0.69182169 -1.357233 -0.50635082 3
-0.56131399 -1.3185905 -0.51445216 3
-0.45161805 -1.350939 -0.50695407 3.5
-0.29345319 -1.3184729 -0.50802797 3
0.30369702 -1.3440682 -0.50137544 4
-2.3066611 -1.2520986 -0.50057137 4
-1.3031467 -1.2830149 -0.50119442 9
-1.0285237 -1.2777212 -0.51117933 7.5
-0.97037417 -1.2113787 -0.50735682 3
-0.75454479 -1.2744582 -0.51072133 3
-0.6674965 -1.2688978 -0.50058973 4
-0.54696673 -1.2345973 -0.50846452 4
-0.39675394 -1.239017 -0.50465822 4
-0.29187626 -1.2364821 -0.50455552 4
0.28724501 -1.2790067 -0.50157475 9
-7.9296227 -1.1669273 -0.50339407 21
-1.9377588 -1.1779898 -0.50078833 0
-1.2193758 -1.1546415 -0.50045866 3
-0.9388774 -1.1422976 -0.50283062 3
-0.86010987 -1.1807852 -0.50760889 3
-0.72173429 -1.1644053 -0.50470203 3.5
-0.53036332 -1.134572 -0.50565922 4
-0.38861024 -1.1375097 -0.50234187 5
-0.290205 -1.1359851 -0.50250888 4.5
-0.68804038 -1.0493104 -0.50307482 4
-0.51463431 -1.0465401 -0.50403446 4
-0.38476586 -1.0775034 -0.50165194 5
-0.28924102 -1.0504769 -0.50359547 5
-0.65296686 -0.92822307 -0.5002628 5
-0.50600654 -0.99154127 -0.5008046 5
-0.49808294 -0.94551927 -0.50072408 5
-1.2013361 -0.74855095 -0.513951 1
2.8026633 5.2028856 -0.58889002 1
-2.4062676 -4.0767856 -0.40532964 14
-2.2903016 -3.9289079 -0.46566916 88
-0.41690469 -3.9318194 -0.42902577 94.5
-0.33047056 -3.8707833 -0.45428371 130
-0.22208549 -3.8484743 -0.43435982 116
0.039313294 -3.8351407 -0.41304553 123
-1.373219 -3.709342 -0.43501413 96
-0.57435989 -3.7435682 -0.44046372 52.5
-0.44270873 -3.7593961 -0.47803846 16
0.0096408781 -3.7669058 -0.42637253 150
0.0076615573 -3.6073728 -0.45266312 31
-4.3071408 -3.4031894 -0.46673465 30
0.00044184033 -3.4278655 -0.44919389 12
-0.011453966 -3.3514969 -0.48101741 9
-0.48286146 -3.2301724 -0.4624173 1
-0.35082272 -3.1951835 -0.4636789 5.5
-1.226368 -3.0800571 -0.47664267 9
-1.1830027 -3.0724456 -0.47809148 91
-0.87276381 -3.0561142 -0.43928936 150
0.0061141015 -3.0667975 -0.45580107 1
0.011739334 -2.9132576 -0.46977913 6
3.7739587 -2.9683936 -0.47029018 0
-0.42060357 -2.8676772 -0.46374607 4
-0.30682164 -2.8558209 -0.46628821 6
-2.0607133 -2.7453887 -0.4246611 76
0.016969314 -2.7367229 -0.4561916 6
-1.1722739 -2.6236734 -0.42933559 31.5
-0.79050612 -2.6047983 -0.44878927 50.5
0.020755729 -2.6191483 -0.47000861 6
0.35452518 -2.6206737 -0.42630768 25
0.44177967 -2.6102188 -0.45576972 65.199997
-1.2379774 -2.5769022 -0.44393158 34
-1.1806384 -2.5602813 -0.4675315 87
-0.36913067 -2.5722699 -0.46368253 4
-0.26354694 -2.5539746 -0.46506464 5
0.45175856 -2.5573075 -0.4466961 43
0.024688905 -2.4806592 -0.45892793 4
0.40498337 -2.4532363 -0.47019732 11
0.54900265 -2.4134257 -0.4873333 14.5
-0.3257834 -2.3239698 -0.46360284 8
-0.23181506 -2.3157156 -0.46527091 4
0.027476033 -2.3770647 -0.47031701 4
0.38795367 -2.3662462 -0.48384726 5
0.4695347 -2.3469141 -0.43137911 103.25
0.5423336 -2.3110797 -0.4277927 73.800003
0.032598384 -2.2536049 -0.45893443 4
0.55464405 -2.2344482 -0.49693686 7
5.676424 -2.2544541 -0.4696956 19
-3.1092045 -2.125669 -0.41091588 0
-0.24244294 -2.1046941 -0.46489549 5
-0.19775282 -2.1192999 -0.47718203 14
0.037294157 -2.1589568 -0.46786743 4
0.3868677 -2.1823936 -0.45698875 10
5.7068348 -2.1239522 -0.42489821 57
-2.8710296 -2.0866926 -0.41069192 12
0.040010937 -2.0625563 -0.45835161 5
0.36920789 -2.0484631 -0.46091107 7.5
5.7248454 -2.0662262 -0.49748343 19
-2.2276487 -1.9275609 -0.44704753 18
-1.8093226 -1.9680015 -0.40437534 33
-1.7297063 -1.9311751 -0.41398364 75
-1.5494875 -1.9145249 -0.47023204 16
-1.4755574 -1.9058467 -0.49335867 28
-0.25942037 -1.9434398 -0.4635247 5
-0.17574517 -1.9292667 -0.4625932 6
0.04398004 -1.9808811 -0.46617436 5
0.3547011 -1.9156519 -0.45994377 9
5.7492518 -1.9842392 -0.47087979 22
6.4016724 -1.9354552 -0.4455505 142
6.8294568 -1.9719019 -0.45248169 76
-2.0613012 -1.8995668 -0.41896817 21
-1.9670635 -1.818589 -0.46544832 16
-1.6482527 -1.8536508 -0.44169682 62.400002
-1.5764523 -1.8926808 -0.45741129 19
-1.3956443 -1.8461449 -0.4948796 12
-0.5730511 -1.812776 -0.44904321 2
0.049585883 -1.8586617 -0.46082878 6
0.34927315 -1.8655345 -0.45955563 11
0.57625878 -1.8203149 -0.4258894 4
2.2334857 -1.8386151 -0.42582723 7.75
5.7780318 -1.8602629 -0.43366164 55
-1.9593264 -1.7864408 -0.46703297 17
-1.3078921 -1.7663836 -0.48967844 9
-1.2395597 -1.7147839 -0.4907046 9
-1.0066971 -1.7029996 -0.47130179 88
-0.97684139 -1.7108169 -0.49507189 23
-0.22602734 -1.7751825 -0.45857251 5
-0.13667093 -1.7576419 -0.47420254 7.3333335
0.054533333 -1.7484695 -0.45529139 7
0.33573261 -1.7607203 -0.46081036 8.5
0.64535981 -1.7377095 -0.47960627 15
2.1272664 -1.7802674 -0.45315713 4
-2.4798698 -1.6215305 -0.49732298 4
-2.2873812 -1.6673701 -0.4984889 5
-1.1527095 -1.6225404 -0.44341499 128
-1.0664735 -1.6707894 -0.44493875 93.833336
-0.86016065 -1.6311197 -0.47645855 0
-0.77408791 -1.6505191 -0.47542733 1
-0.20649937 -1.6500218 -0.46065003 7
-0.13200662 -1.6374195 -0.45820871 7.5
-0.069266513 -1.6368744 -0.4981423 8
0.05700529 -1.6581014 -0.45995867 7
0.24889059 -1.6170243 -0.49985242 11
0.32407331 -1.630813 -0.45804322 11.5
0.64553404 -1.6821558 -0.46458799 1.5
1.7745396 -1.6626803 -0.46896666 0
1.903402 -1.6127601 -0.45416731 8
2.0061347 -1.6875393 -0.45275247 5
3.4200053 -1.6111953 -0.41474813 4.5
-3.0799246 -1.5674286 -0.47221267 3
-2.9847443 -1.5707721 -0.47876197 1
-2.85922 -1.5539145 -0.47904897 0
-2.3562737 -1.5235465 -0.49514025 7
-2.1796229 -1.5713676 -0.49984723 6
-1.7545344 -1.55529 -0.49977028 7
-1.042545 -1.5404005 -0.48379651 44
-0.13957566 -1.5258141 -0.45826209 8.333333
-0.05033581 -1.5532562 -0.49412081 4.5
0.06312032 -1.5385416 -0.4575848 7.5
0.26240537 -1.5453833 -0.49642459 10
0.31174374 -1.55212 -0.46086067 9
0.61381328 -1.564436 -0.46045071 10
1.694931 -1.5598114 -0.48214656 1
1.7189379 -1.535159 -0.46599346 1
1.8105786 -1.5429578 -0.45577353 8
3.4422357 -1.5660777 -0.44344723 0
-8.0083504 -1.4006839 -0.4787181 17
-3.0180058 -1.4760407 -0.43906963 21
-2.3192973 -1.461218 -0.48249251 4
-2.2485058 -1.4376869 -0.49452239 4
-2.1982424 -1.4932139 -0.4976123 6
-2.0762253 -1.4339011 -0.49307045 5
-0.95858675 -1.4943115 -0.4975279 15
-0.33854055 -1.4396179 -0.49818683 6.5
-0.12106944 -1.4166694 -0.45634356 8
-0.023037586 -1.4473343 -0.49124497 5.75
0.066252515 -1.4410182 -0.45770523 8
0.26778412 -1.444756 -0.49357662 0.5
0.30520245 -1.4568928 -0.45765415 6.6666665
0.48815367 -1.4533055 -0.48984209 5.5
0.58685082 -1.471153 -0.45968106 7
1.6443896 -1.4291313 -0.46657276 6
1.7227415 -1.474156 -0.45534605 8
2.2272019 -1.4202403 -0.44684911 3
2.3242426 -1.4610983 -0.44368958 2
2.9894304 -1.4009645 -0.46458352 0
3.1267533 -1.4198744 -0.46744207 2.5
3.2416427 -1.4393208 -0.42666614 26
-3.3654275 -1.3753058 -0.49531811 0
-3.2037761 -1.3638135 -0.4965505 0
-3.039644 -1.3453304 -0.49578643 0
-2.908772 -1.3369207 -0.49806142 1
-2.1421208 -1.3518441 -0.49001998 4
-2.0049536 -1.3250358 -0.49147964 5
-1.9584333 -1.3753306 -0.48894203 5
-1.8768226 -1.3025753 -0.48787206 6
-1.7270762 -1.3716092 -0.49664062 6
-1.5883871 -1.3666047 -0.49216783 9
-0.3619732 -1.3684473 -0.48519588 6
-0.29759827 -1.3228238 -0.49610496 3
-0.1523197 -1.3365895 -0.45916808 5
-0.058993906 -1.3372537 -0.46617866 9.666667
0.038978275 -1.3369132 -0.47279388 3
0.28161979 -1.3576933 -0.48019919 8.1999998
0.49161226 -1.3267198 -0.49300343 7.5
0.54844725 -1.3550794 -0.47585315 6.1428571
1.5654932 -1.3455172 -0.45343167 11
2.0487854 -1.3385509 -0.45054644 7
2.1337585 -1.3764063 -0.44790667 4
2.9085312 -1.3102367 -0.46633595 1
3.233465 -1.3646171 -0.45863372 0
-8.0426044 -1.2709147 -0.46004409 37
-2.5273089 -1.2877672 -0.49964535 3
-2.4100547 -1.2674242 -0.49872041 3
-2.1405044 -1.2126429 -0.49560642 6.5
-2.0542541 -1.2558165 -0.44385338 19
-1.9407766 -1.2279527 -0.48513108 5
-1.7915486 -1.2267909 -0.48342496 7
-1.6582513 -1.2962291 -0.49574912 7
-1.5625587 -1.2613755 -0.49390152 8.5
-1.472023 -1.2208129 -0.48306343 5.5
-1.254517 -1.2108136 -0.49812764 10
-1.1480832 -1.2251382 -0.49534833 13
-1.0854338 -1.2781299 -0.4999336 0
-0.98707765 -1.2058922 -0.49799943 0
-0.48447365 -1.253198 -0.49701571 4
-0.32084689 -1.2955322 -0.4833681 2
-0.27775544 -1.2390937 -0.48761278 2.8
-0.081268899 -1.251511 -0.4586727 1
0.050210476 -1.2446897 -0.46980783 4
0.28128374 -1.2447933 -0.47292647 11.333333
0.48292392 -1.251575 -0.49146211 2.5
0.52143466 -1.2446449 -0.46006188 3
0.75399971 -1.216563 -0.44822186 8.8000002
0.82211852 -1.2039911 -0.43100402 17.333334
1.3974762 -1.2178446 -0.46194887 2
1.4429013 -1.2487775 -0.45580524 10
1.5038317 -1.2996421 -0.45568734 9
1.847759 -1.2349151 -0.45094156 8
1.9628277 -1.2494042 -0.4535912 7
2.0339949 -1.2310687 -0.45390052 6
2.1515706 -1.2539001 -0.45056286 2.6666667
2.4517498 -1.2557062 -0.43516448 2
2.8459914 -1.2334309 -0.4695434 4
2.9150164 -1.23505 -0.44949704 4
3.1315413 -1.2660753 -0.45615447 2
-7.9026146 -1.1149505 -0.43312314 53
-1.9995729 -1.1812317 -0.49424177 2
-1.864176 -1.1634059 -0.48205906 5.5
-1.7533642 -1.1458914 -0.48361307 7.5
-1.6613261 -1.1065886 -0.48053092 8
-1.5435133 -1.1664625 -0.4942835 8
-1.4385271 -1.1516073 -0.48429236 7
-1.3530976 -1.1493655 -0.48098311 4.3333335
-1.2480781 -1.1302186 -0.47448277 5
-1.1447153 -1.1319649 -0.48498312 7.5
-0.63934779 -1.1630058 -0.49538466 4
-0.50787479 -1.1229064 -0.48306793 1
-0.47005048 -1.1534719 -0.49563447 4.5
-0.25064006 -1.1430966 -0.4862051 3.3333333
-0.0645677 -1.165385 -0.45406422 3.5
0.0605595 -1.1480659 -0.47225404 2.25
0.27315658 -1.1468662 -0.47201568 4.5999999
0.30074507 -1.1381402 -0.48142475 1
0.4875654 -1.1234224 -0.46008933 2.5
0.50323248 -1.1817913 -0.46023241 2.5
0.7420184 -1.1414793 -0.45875239 5.8333335
0.85310799 -1.1696903 -0.44765684 10.166667
0.98563927 -1.1327858 -0.44181487 8
1.0365921 -1.1546041 -0.44079116 12.6
1.2394212 -1.1406546 -0.43583971 7.8000002
1.3373212 -1.1610062 -0.45709598 14
1.6569402 -1.1347487 -0.45470482 10
1.7554693 -1.1501527 -0.45609093 9
1.8586556 -1.138133 -0.45465708 7.6666665
1.9354867 -1.1443913 -0.45267552 4
2.0505629 -1.1788189 -0.45404986 3.5
2.2914853 -1.1327049 -0.47268474 4
2.3381824 -1.1499761 -0.4544104 3.5
2.4015627 -1.1799948 -0.43989369 3
2.7554092 -1.1437958 -0.46481073 4
2.8104296 -1.1366235 -0.44209093 4
2.9680235 -1.1007922 -0.45454216 3
3.0323558 -1.1735306 -0.45243508 3
-7.9360676 -1.024171 -0.47519225 36
-1.8226047 -1.09231 -0.48048991 6
-1.7381086 -1.0540017 -0.47960111 7
-1.6368585 -1.0389762 -0.481581 8
-1.4192222 -1.0262988 -0.48879966 5
-1.3101215 -1.0417769 -0.48435551 12
-1.1530349 -1.0709393 -0.48804283 2.3333333
-1.0551088 -1.0550618 -0.47955245 4.4000001
-0.94660521 -1.0445802 -0.48502946 2.5
-0.85188514 -1.054341 -0.49196634 4
-0.79919761 -1.0370542 -0.49111724 4
-0.60983443 -1.0495799 -0.49503684 4
-0.45571893 -1.0436605 -0.4888258 4.1428571
-0.38000274 -1.0225013 -0.49990588 5
-0.21244475 -1.0794468 -0.47337031 1
-0.17977612 -1.0490999 -0.48090243 2.5999999
0.076008305 -1.0524257 -0.47101304 2
0.27036795 -1.0481182 -0.46870884 2.4000001
0.30597371 -1.0910699 -0.48155785 1
0.46568531 -1.0463351 -0.46050793 3
0.54317796 -1.0273987 -0.4889735 2
0.68610144 -1.0446857 -0.46375918 3.25
0.73873025 -1.0406194 -0.46418697 2
0.86244196 -1.0432441 -0.46993518 2.25
0.93576789 -1.0492344 -0.45995098 3
1.022468 -1.0481594 -0.4733969 1
1.1657306 -1.0103381 -0.45914745 3
1.2255979 -1.0642011 -0.45938706 2.5
1.4724928 -1.0295732 -0.45784914 2
1.5567291 -1.0466251 -0.45823574 6.5
1.6629306 -1.0523138 -0.45811629 8
1.7262449 -1.0497732 -0.45748901 6.5
1.8439037 -1.0589393 -0.45777503 6
2.2639217 -1.0462686 -0.45545065 4.5
2.6537695 -1.0341904 -0.461207 3.5
2.7469404 -1.0629405 -0.44410473 3
2.8979337 -1.0270995 -0.45383048 4
-8.1216583 -0.90084499 -0.45938331 96
-8.0016737 -0.9946177 -0.42194182 58
-1.6499573 -0.96711832 -0.4744204 8.666667
-1.5827132 -0.91720867 -0.47527388 7
-1.4964803 -0.95407003 -0.47519875 8
-1.3340985 -0.95167547 -0.48654199 4.3333335
-1.2492815 -0.9686603 -0.48226586 2.5
-1.1502748 -0.93418866 -0.48770529 2.5999999
-1.0403767 -0.96227121 -0.48757535 4
-0.96308774 -0.92099577 -0.48643404 4.5
-0.85576314 -0.95623159 -0.49749827 4.5
-0.77032059 -0.96713436 -0.49157181 4.5
-0.66494602 -0.97226614 -0.49975455 5
-0.58250678 -0.94619596 -0.49142838 5.5
-0.43467388 -0.93895942 -0.47597107 5.6666665
-0.37244049 -0.93957853 -0.48806053 6
-0.28843728 -0.97752309 -0.4911887 1
-0.13911034 -0.94903582 -0.47644749 4
0.089798748 -0.96728599 -0.47696543 2.2
0.11192197 -0.94331634 -0.47935593 3
0.25045198 -0.95662916 -0.46008608 3
0.45282602 -0.94399929 -0.46841273 2
0.64560562 -0.95704412 -0.46258584 3
0.74880838 -0.94581252 -0.4674193 1.6666666
0.86635441 -0.9520604 -0.46376169 2.3333333
1.0628324 -0.95218319 -0.46463621 2
1.1316895 -0.9804033 -0.46124017 3
1.2997748 -0.91989094 -0.45728666 3
1.3608289 -0.94067043 -0.4573833 3
1.4566865 -0.94808376 -0.45905644 3.2222223
1.5702271 -0.97896254 -0.45846695 2.5
1.7712878 -0.96584648 -0.47232553 8
1.8199048 -0.95258307 -0.45018888 8
2.1687427 -0.96760273 -0.46844625 6
2.2283263 -0.94002497 -0.44267449 5.5
2.5807221 -0.94244391 -0.46202093 3
2.6612179 -0.96238303 -0.44377652 4
2.7869112 -0.9015829 -0.45320177 4
2.8292415 -0.95741385 -0.451388 4
-8.1262436 -0.87345666 -0.41308194 135
-1.4531896 -0.86693293 -0.47791559 7
-1.3459677 -0.80771434 -0.47729862 5
-1.2570251 -0.83526748 -0.48348698 1.3333334
-1.1482303 -0.8446337 -0.48065147 1.5
-1.0379273 -0.86909485 -0.4877812 2.2
-0.96112162 -0.85433251 -0.48466468 2.6666667
-0.84542531 -0.85182053 -0.49050996 4
-0.74211842 -0.84427679 -0.48856896 4.25
-0.62905937 -0.84284359 -0.49695837 3
-0.55167395 -0.83856511 -0.48130846 4.3333335
-0.46057171 -0.84625787 -0.48809773 4.4000001
-0.34230825 -0.84790128 -0.4715957 6
-0.11063861 -0.87336725 -0.4701004 5
-0.069957495 -0.82884783 -0.46546292 4.6666665
0.11904859 -0.84898281 -0.4749442 2.8333333
0.2393349 -0.8634268 -0.46044824 1.5
0.44589987 -0.84455824 -0.46884453 2.6666667
0.58279389 -0.81833345 -0.45852426 6
0.61041051 -0.86838371 -0.45549196 5.5
0.77633548 -0.83560485 -0.45760074 3
0.81515038 -0.88482183 -0.46006545 3
0.9697957 -0.81828195 -0.45939445 4
1.0225782 -0.87315691 -0.46023089 3
1.1815856 -0.83579248 -0.46237928 2.2857144
1.2556572 -0.84673405 -0.46052295 3
1.3368301 -0.86517256 -0.45919704 3
1.4199232 -0.84868926 -0.46231404 6
1.750578 -0.86860073 -0.46253917 7.5
2.080812 -0.83531553 -0.46802431 7
2.1428134 -0.8483687 -0.45245394 7
2.4806361 -0.82683569 -0.45817941 5
2.5471632 -0.85383636 -0.44768015 4.3333335
2.7330072 -0.84182721 -0.45160067 4
-8.1517963 -0.7478767 -0.41857553 129
-2.0487897 -0.71257716 -0.46269724 4
-1.9568677 -0.73354816 -0.46352783 5
-1.849175 -0.75509089 -0.46619487 5.6666665
-1.7399158 -0.7692945 -0.46670753 6
-1.6502585 -0.77316058 -0.4654021 6
-1.5491105 -0.74084562 -0.47184667 4.1666665
-1.4491364 -0.78347737 -0.46883056 3.6666667
-1.1615537 -0.7649489 -0.48175451 2
-1.0531731 -0.74288166 -0.47038817 1
-0.96432263 -0.7412672 -0.47921053 2.8333333
-0.87895137 -0.74479848 -0.47767201 1.6666666
-0.7694236 -0.75598431 -0.48827863 0.5
-0.69271755 -0.77463192 -0.48182207 2
-0.51840466 -0.76023102 -0.47087359 5.8000002
-0.45115885 -0.74137509 -0.47734186 5.1428571
-0.3129428 -0.7896539 -0.4621284 6
-0.2669791 -0.74916387 -0.46868643 4.4444447
-0.038671803 -0.74757338 -0.4613311 5.0714288
0.091445372 -0.75147039 -0.45691842 2.8
0.35862106 -0.74517673 -0.46686396 2.0999999
0.46389523 -0.73958081 -0.47583607 3
0.55550104 -0.74513584 -0.45695224 5.3333335
0.69738495 -0.71813208 -0.4548918 5
0.73167074 -0.75426328 -0.45651677 5.1428571
0.87879407 -0.71601558 -0.45482379 6
0.95120144 -0.74829757 -0.45903677 4.75
1.0534484 -0.72342128 -0.45857301 3.625
1.1577169 -0.76097804 -0.46629679 4.1538463
1.2121724 -0.7838946 -0.46161759 3
1.3876486 -0.73630685 -0.46677271 4
1.4101484 -0.76376075 -0.45620096 3
1.6695797 -0.73781943 -0.46434134 9.25
1.7310501 -0.77407122 -0.45231962 5.5
2.050065 -0.74594504 -0.45937088 7.3333335
2.1104581 -0.75572485 -0.44480383 6
2.4424937 -0.74146891 -0.45336738 6
2.5016503 -0.76220965 -0.44246244 5
2.6631966 -0.74311149 -0.45385385 3
2.7009807 -0.79294634 -0.45413637 3
-2.3329129 -0.62070966 -0.458895 3
-2.2371559 -0.65665984 -0.46045309 3
-2.1482406 -0.65166086 -0.46554485 3.5
-2.0468078 -0.6428144 -0.47134724 4.5
-1.9431521 -0.66355526 -0.47318682 5
-1.8403445 -0.67929661 -0.47440594 5
-1.745738 -0.69145393 -0.47523615 6
-1.6541984 -0.69961309 -0.47699428 7
-1.4539803 -0.69892246 -0.47441727 0
-1.3546888 -0.69353229 -0.45824862 1
-1.295047 -0.67730731 -0.45716727 1
-0.84363288 -0.68652934 -0.46573785 3.6666667
-0.43002367 -0.66698897 -0.46705601 4.875
-0.37200418 -0.62855685 -0.46891156 4.1999998
-0.22484472 -0.65945673 -0.46523017 3.875
-0.18530548 -0.61560738 -0.46472663 4.4000001
-0.016045721 -0.6590082 -0.46123683 4.181818
0.078197382 -0.65713137 -0.45560303 5.5999999
0.14649542 -0.62720054 -0.46379709 3.8571429
0.23048647 -0.62905157 -0.45210537 4
0.33113495 -0.66086882 -0.4700346 4.375
0.47736669 -0.63867074 -0.4725287 3.3333333
0.52239716 -0.65417129 -0.4546628 4.5714288
0.66357845 -0.64683509 -0.45398727 5
0.77219152 -0.63825095 -0.4539811 3.5999999
0.84816265 -0.6426264 -0.45477548 5.1999998
0.97107226 -0.63760847 -0.45966363 5.7647057
1.0330989 -0.67346114 -0.45866832 5.5714288
1.1485407 -0.64398211 -0.46529043 6.3333335
1.3674237 -0.65230697 -0.4660897 4.3333335
1.6376303 -0.6454311 -0.4564566 2
1.9687022 -0.65935332 -0.46403757 7.6666665
2.044445 -0.64410257 -0.4445346 8
2.3562088 -0.64660901 -0.4588646 6.3333335
2.4234478 -0.64660931 -0.44288963 6
2.5712876 -0.62503433 -0.4503395 4.5
2.6151752 -0.69034255 -0.4506402 4
-8.0269957 -0.59796691 -0.40759462 60
-2.5390263 -0.51838541 -0.45573622 3
-2.4519851 -0.55272764 -0.4595485 3
-2.3630257 -0.53946161 -0.4640823 3
-2.2554255 -0.58007169 -0.46661255 3
-1.5499614 -0.51864403 -0.46914712 7.3333335
-1.4859886 -0.54400253 -0.46976638 10
-0.90082771 -0.51353401 -0.47029448 1
-0.84031671 -0.52854574 -0.47757939 0.5
-0.74404281 -0.5246377 -0.46986264 2
-0.66386455 -0.5404855 -0.47257283 2
-0.59288758 -0.50744796 -0.4580754 4
-0.45928624 -0.53530192 -0.47323614 4.4285712
-0.33244976 -0.56979859 -0.46394607 4.7272725
-0.27851468 -0.53206915 -0.46822032 5.3000002
-0.15245612 -0.55444562 -0.46203279 3.8
0.016002232 -0.53578025 -0.45429227 4.375
0.14348406 -0.55051309 -0.45945579 5.125
0.22256565 -0.54663748 -0.45359766 5
0.33841568 -0.5429728 -0.4634617 4.9230771
0.46276963 -0.55478328 -0.46623689 4.125
0.59294212 -0.53871286 -0.44990444 4
0.63287723 -0.56024784 -0.4556621 4.5714288
0.74559993 -0.54541397 -0.45622104 4.9285712
0.86125159 -0.5406208 -0.45801705 4.8800001
0.95127606 -0.56150669 -0.45766804 5.3333335
1.1333648 -0.5515905 -0.46557418 6.8333335
1.3375875 -0.55230123 -0.46490249 5.8333335
1.5715101 -0.55015939 -0.46512917 3
1.6219335 -0.54886585 -0.44478884 3
1.8934523 -0.5179221 -0.46335644 1
1.9459083 -0.54569107 -0.45165133 7.75
2.0092168 -0.58231741 -0.44331014 7
2.2885702 -0.53252548 -0.4582004 8
2.3510413 -0.55053544 -0.44703072 6.75
2.5206532 -0.54376602 -0.44866028 5
-2.7083313 -0.40234208 -0.45294845 3
-2.6429899 -0.44198886 -0.45755294 3
-2.5668952 -0.47214478 -0.4570789 3
-2.4974542 -0.47944713 -0.46090132 3
-1.8211991 -0.40559995 -0.45972556 6
-1.7569551 -0.43595174 -0.46282578 6.3333335
-1.6587381 -0.47477201 -0.4668282 7
-1.5698594 -0.49834871 -0.46980345 8
-0.95821851 -0.44568625 -0.46861753 1.3333334
-0.8465277 -0.45993322 -0.46730122 4.1428571
-0.75237644 -0.4479734 -0.46788216 5.125
-0.65870351 -0.44646731 -0.47197387 5.7142859
-0.57561964 -0.45042175 -0.46341667 6
-0.45609033 -0.4728035 -0.42389405 4
-0.35323772 -0.43494663 -0.46409932 8.333333
-0.25783536 -0.45503238 -0.46093604 6.590909
-0.079909012 -0.40510616 -0.44999528 3
0.038779605 -0.44875103 -0.45706791 4.4761906
0.13409694 -0.45237693 -0.45863152 5.1333332
0.21080916 -0.44731992 -0.45966247 4.6923075
0.33549488 -0.44816619 -0.4603869 5.6500001
0.45512477 -0.44032061 -0.45878533 3.8
0.67911589 -0.4700467 -0.44766915 3.25
0.76790136 -0.44191155 -0.45517993 4.4210525
0.84820837 -0.45974869 -0.45592475 5.7857141
0.97069567 -0.45460421 -0.4573904 5.75
1.1167376 -0.45477903 -0.46204484 6.375
1.2889627 -0.44076109 -0.46177188 6
1.3168254 -0.46509245 -0.4571473 7
1.5521574 -0.44371206 -0.45560789 3.2
1.60149 -0.48501259 -0.44685483 2
1.8581771 -0.45406342 -0.45940557 7
1.9395605 -0.44007722 -0.44038746 6
2.2622619 -0.447568 -0.45315546 6.75
2.3217685 -0.45261696 -0.44323495 6.5
2.4789104 -0.45292723 -0.44977549 5.6666665
-2.7533114 -0.34766525 -0.45448899 3
-2.6630378 -0.39302525 -0.45893711 3
-1.936273 -0.32626095 -0.45842972 4.4000001
-1.8582293 -0.37464717 -0.4608523 5.5
-0.90861392 -0.3745757 -0.4607237 3.5
-0.8544746 -0.35127074 -0.46222728 4.5714288
-0.76490188 -0.34205657 -0.46282312 6
-0.63927019 -0.34788802 -0.45726126 6.8000002
-0.52803552 -0.35187668 -0.45607707 7.1428571
-0.25397593 -0.37709391 -0.4694109 9
-0.1591938 -0.31476551 -0.44228736 3.5
-0.064589716 -0.35635641 -0.45467448 4.8571429
0.0589181 -0.36231786 -0.45865548 6.0666666
0.14889811 -0.35290566 -0.46215066 6.7272725
0.2240493 -0.353091 -0.45707726 4.9285712
0.33817527 -0.35471648 -0.45796159 5.5
0.45361441 -0.349576 -0.45877275 5.7272725
0.52424127 -0.3553336 -0.4529312 4.2857141
0.77614063 -0.36653531 -0.45214796 4.25
0.87065136 -0.35016307 -0.45528525 4.5999999
0.96605361 -0.35530704 -0.45649165 4.5999999
1.0959985 -0.32969636 -0.4554767 5
1.1027532 -0.37937909 -0.45654327 5.25
1.27539 -0.34966147 -0.45552301 6.3333335
1.3033377 -0.3872112 -0.45194161 7
1.4999183 -0.32418299 -0.46634632 3
1.5389713 -0.36182338 -0.45285812 3.5714285
1.8441576 -0.347307 -0.45065916 6.3333335
1.9181808 -0.37787306 -0.44030926 8
2.1912608 -0.32339549 -0.45422375 7
2.2536163 -0.35512993 -0.44765598 6.5999999
2.4369133 -0.35178781 -0.44765759 5.6666665
-2.8518047 -0.25509083 -0.45216894 2.3333333
-2.0331395 -0.24196775 -0.4560729 4.3333335
-1.9831492 -0.28774917 -0.45705652 4
-0.84658146 -0.24648261 -0.45781454 4.1999998
-0.73046809 -0.25733671 -0.44966629 6.4285712
-0.64414233 -0.24691577 -0.45897406 7.8000002
-0.55148005 -0.24880381 -0.46167848 6.8571429
-0.45145756 -0.25776851 -0.46638483 7.8888888
-0.34961119 -0.23996253 -0.46721506 7.5714288
-0.26064473 -0.22960736 -0.45156226 7.5
-0.13054667 -0.25267518 -0.45121449 5.818182
-0.030310869 -0.25287578 -0.45172095 5.3000002
0.075681098 -0.25240737 -0.45285454 5.9000001
0.15156242 -0.23026289 -0.45421362 5.3571429
0.23356891 -0.2405044 -0.45276776 4.2857141
0.35116547 -0.25959039 -0.45647907 4.8000002
0.4598996 -0.25229505 -0.45810378 5.9230771
0.55193508 -0.25723621 -0.45444533 5.7333331
0.6425913 -0.21806145 -0.44657013 5.5
0.79427332 -0.25008544 -0.44188702 5.6666665
0.87105662 -0.25025409 -0.44668978 5.818182
0.96034032 -0.24785243 -0.45177531 5.6666665
1.0876906 -0.25372851 -0.45280021 5.0999999
1.2560521 -0.25102472 -0.44768569 5.818182
1.4714839 -0.25352368 -0.45638674 3.2
1.5417328 -0.25371492 -0.44518769 3
1.7812439 -0.25336099 -0.45298311 2
1.8826027 -0.24934506 -0.43781093 9
2.1748698 -0.25393865 -0.45413554 8.333333
2.2600138 -0.24444747 -0.44114494 7.6666665
2.4204133 -0.2588596 -0.44799057 5.6666665
-2.9442089 -0.14419545 -0.45012292 2.8
-2.1175599 -0.13656296 -0.45195633 4
-2.0795562 -0.18162511 -0.45268235 3.6666667
-0.81091732 -0.16798383 -0.4462204 5
-0.76919025 -0.14321004 -0.44658548 5.2857141
-0.66493702 -0.15113726 -0.44986719 6.625
-0.56368291 -0.14565328 -0.46171081 7.4444447
-0.45213354 -0.14622651 -0.4546183 6.8888888
-0.35539493 -0.15218478 -0.45523188 7
-0.24280681 -0.13392214 -0.45091644 6.6666665
-0.14455563 -0.14472561 -0.43859619 5.2307692
-0.054769646 -0.14130715 -0.45313883 5.4545455
0.046672888 -0.14679866 -0.452997 6.1111112
0.15168461 -0.14727092 -0.45034847 6.0526314
0.24628033 -0.15605195 -0.45276746 5.2142859
0.34466195 -0.14692681 -0.45353478 4.6315789
0.45818105 -0.14699101 -0.44718426 4.5384617
0.54263777 -0.14423037 -0.45223787 4.75
0.62175053 -0.1554186 -0.45445734 5.0625
0.84962714 -0.16097809 -0.44859603 6.7272725
0.95537972 -0.14147381 -0.44517371 6.4545455
1.0823274 -0.15285632 -0.45225295 5
1.2458513 -0.14769641 -0.44533738 5.4000001
1.4520129 -0.15000251 -0.45370293 4
1.5319536 -0.14850724 -0.44470319 3
1.7636471 -0.15024753 -0.4520708 1.8
1.8734252 -0.14465696 -0.43640316 4.75
2.15729 -0.16078582 -0.45105076 7.75
2.255677 -0.14398095 -0.439403 6.75
2.4066808 -0.15603372 -0.44443586 6.75
-3.0243249 -0.024340853 -0.44997773 3.5
-2.9922276 -0.06871821 -0.44928384 3
-2.1647887 -0.049658041 -0.44997221 4
-0.76854235 -0.046322938 -0.44273627 5.3076925
-0.66698205 -0.049135685 -0.44165188 6.0999999
-0.56899369 -0.043861471 -0.45052359 7.125
-0.45514387 -0.049490664 -0.44664776 6.6923075
-0.35248578 -0.051115569 -0.45335215 7
-0.25454131 -0.050395895 -0.45207715 7
-0.16032496 -0.055235595 -0.43731251 4.7777777
-0.058237407 -0.048374288 -0.44224524 5.5
0.056452639 -0.052923433 -0.45071942 6.6666665
0.14217339 -0.048436206 -0.44909045 6.5384617
0.23761843 -0.044985417 -0.44920975 5.75
0.34439856 -0.048006561 -0.44973427 4.5652175
0.45221323 -0.047676861 -0.45097849 4.8333335
0.5486936 -0.049394317 -0.45316035 5.3684211
0.60907525 -0.051057994 -0.4548066 5.4285712
0.84115839 -0.060313441 -0.44859233 6.4285712
0.94709122 -0.044875223 -0.4449816 7.0769229
1.078825 -0.046166025 -0.44870394 5.8461537
1.2419842 -0.05154983 -0.44523171 5.181818
1.4404005 -0.053875733 -0.44895142 4
1.5319432 -0.048962314 -0.44265658 3
1.7577192 -0.0525149 -0.45034873 2
1.8807113 -0.044371147 -0.43519017 5.25
2.1588974 -0.059557315 -0.44898808 7
2.2636168 -0.046127886 -0.43589655 6.3333335
2.4184828 -0.043266967 -0.44088304 5.25
-3.0400562 0.044071749 -0.44743866 1
-2.2027631 0.076653138 -0.44751748 4
-2.1939585 0.030932229 -0.44843614 4
-0.75683147 0.049287144 -0.43964484 5.1428571
-0.66141015 0.056387451 -0.44392502 7.2222223
-0.56256008 0.048902601 -0.44432881 7.125
-0.45099103 0.049310531 -0.43835965 6.4545455
-0.35064337 0.050676234 -0.44699556 8.0769234
-0.2462575 0.052002776 -0.44472092 7.8571429
-0.15780953 0.054540645 -0.43793979 4.9411764
-0.055407122 0.04691539 -0.43692958 5.4000001
0.055430055 0.043579601 -0.44594726 6.125
0.15285791 0.055370849 -0.44640455 6.0833335
0.24303155 0.053400211 -0.44929868 5.5500002
0.34781033 0.053881407 -0.44988042 4.8499999
0.45400679 0.049049634 -0.44899419 5.2380953
0.53577048 0.050907593 -0.45225647 5.5999999
0.60400695 0.036733966 -0.45020691 6.3333335
0.84716469 0.056412041 -0.44885042 7.3333335
0.95224053 0.051446877 -0.44479018 7.2307692
1.0819589 0.051848587 -0.44706246 5.5454545
1.2486743 0.050673213 -0.44327161 5.1666665
1.440277 0.047343656 -0.4458915 5
1.544657 0.048602168 -0.440487 3
1.765785 0.042083327 -0.4488968 1.8
1.8905969 0.015927378 -0.43266031 1
1.9142919 0.067094602 -0.43567798 5.3333335
2.176734 0.03972644 -0.44677025 7
2.2876258 0.0096645076 -0.43702322 6
2.3094475 0.064767189 -0.43587157 6
2.4528654 0.054192364 -0.43904793 4.6666665
-3.0567956 0.13698421 -0.44565022 0
-2.2068343 0.12949535 -0.44529089 3.75
-2.1977885 0.17660046 -0.44496346 3.25
-0.82862675 0.18698692 -0.43214443 4
-0.76050806 0.14770456 -0.43515798 5.6875
-0.66245794 0.1547749 -0.43187609 6.375
-0.56542069 0.14493673 -0.4383961 7.5
-0.47239166 0.14394487 -0.43887192 7
-0.3642281 0.15064172 -0.43416479 6.6153846
-0.22378969 0.14889616 -0.44234267 6.2352943
-0.16479325 0.14617968 -0.42852756 4.9047618
-0.035021845 0.141507 -0.43735695 5.7142859
0.058371965 0.14999995 -0.44475049 5.818182
0.15252739 0.15602753 -0.44487315 6.6875
0.24362558 0.15087608 -0.44869244 6.2666669
0.35021091 0.14494804 -0.43841502 4.2222223
0.45646381 0.14950685 -0.44782189 5.4285712
0.54040647 0.14932251 -0.45257479 5
0.60665375 0.19624533 -0.4587245 5
0.84192038 0.14952758 -0.44379431 6.8571429
0.94095653 0.15620424 -0.44587681 7.4166665
1.0848248 0.13947517 -0.44516292 5.4444447
1.1042818 0.17349888 -0.44305387 4.6666665
1.2547491 0.15094341 -0.44233671 5.4000001
1.3025088 0.19915956 -0.43809459 6
1.4535906 0.15033737 -0.44433433 4
1.5721986 0.14902136 -0.43991828 2.5
1.7846075 0.13875397 -0.44647294 2
1.801253 0.19453922 -0.44588876 2
1.9530461 0.15781802 -0.43491113 4
2.194036 0.10200697 -0.44407481 6
2.2183204 0.15408592 -0.44390738 6.3333335
2.3528278 0.15095629 -0.43286836 4.6666665
2.4814353 0.11096793 -0.43792987 4
2.5147905 0.15610957 -0.43833959 3.5
-3.04386 0.24238884 -0.44400668 0.2
-2.1838932 0.25945839 -0.44315234 3
-0.84728003 0.24774824 -0.43196779 4.6428571
-0.78499627 0.25176591 -0.43499079 5.4666667
-0.67940247 0.25072247 -0.42727593 7.2857141
-0.57792735 0.25358433 -0.4318808 7.6999998
-0.47541499 0.2509318 -0.43700153 7.5999999
-0.36684966 0.23766001 -0.43176314 7.1666665
-0.23289093 0.23188584 -0.42555481 4.9000001
-0.16942054 0.22024338 -0.42229778 5.4000001
-0.024597097 0.2497308 -0.43596011 6.4000001
0.0495984 0.2279992 -0.44226503 5.8333335
0.1512126 0.24129392 -0.44043678 5.8666668
0.25067571 0.25776145 -0.44629708 5.8000002
0.35213408 0.25415382 -0.44747046 5.1578946
0.46192637 0.25534341 -0.44750136 5.7142859
0.55572104 0.24672161 -0.44995964 5.090909
0.62931281 0.23576251 -0.45502308 4.5
0.85503024 0.25409085 -0.43421596 6.375
0.95005089 0.24715102 -0.44238305 6.352941
1.0906185 0.25266445 -0.44792798 5.6666665
1.1177388 0.24841425 -0.44156474 5
1.2430623 0.25122073 -0.44130415 5.8000002
1.3192908 0.25279203 -0.43921131 6
1.4764977 0.2497699 -0.44351706 3
1.590656 0.20688291 -0.43746811 2
1.6115087 0.25601748 -0.43760946 2
1.8206252 0.25181681 -0.44346184 1.5
1.9930134 0.22655353 -0.43570477 1
2.0156279 0.26867902 -0.43355805 7
2.2641025 0.24745221 -0.44001988 6
2.3933597 0.21113084 -0.43225557 5
2.426502 0.25828224 -0.43000922 4.5
2.5631115 0.23191752 -0.4353272 3
2.6246054 0.29744527 -0.43675232 3
-3.0667405 0.33392018 -0.43764475 0
-2.9781775 0.35449624 -0.4451158 0
-2.1341798 0.35316545 -0.4400959 3.4285715
-0.90520376 0.39160478 -0.42534187 4.3333335
-0.84950274 0.34472451 -0.42632014 4.4761906
-0.72620833 0.3467637 -0.42624828 5.3636365
-0.63529867 0.36043373 -0.42134336 6.8333335
-0.57530594 0.34364742 -0.4218066 6.818182
-0.49405819 0.34936142 -0.42821026 7.6666665
-0.36073369 0.35405129 -0.43759459 7.5
-0.23746096 0.37623611 -0.42364869 5
-0.13714933 0.34628367 -0.41998425 2
-0.061965428 0.35731715 -0.42433581 5.1999998
0.029053092 0.36978334 -0.42924863 6.5
0.15973759 0.36282822 -0.44543085 5.8666668
0.24868143 0.35270908 -0.44479701 5.2857141
0.34965879 0.35060611 -0.44035885 5.0625
0.46398965 0.34078526 -0.44607353 6
0.52673757 0.33771402 -0.44241306 3.25
0.64252943 0.39638561 -0.44159484 3
0.73823357 0.37473989 -0.44688675 2.6666667
0.85352945 0.34463745 -0.4337737 6.3000002
0.97035992 0.35157284 -0.44336054 5.7857141
1.0990851 0.32649773 -0.447496 5
1.1247371 0.35909274 -0.43992051 5.125
1.2654082 0.3518607 -0.44232482 6.4000001
1.3500185 0.34403113 -0.43817461 6.25
1.4977417 0.31361273 -0.44395107 3
1.5119737 0.35930395 -0.44359863 3
1.6609471 0.34859303 -0.43893361 1.75
1.8692437 0.35144061 -0.44322756 5
2.0685968 0.34431851 -0.43262967 7
2.3346453 0.34894815 -0.43905473 5.3333335
2.473433 0.30752036 -0.43115804 4
2.5226271 0.36025745 -0.43009645 4
2.658742 0.34604239 -0.43177944 3
-3.0323322 0.45356324 -0.43694529 0
-2.935935 0.43728074 -0.44553283 0
-2.8803811 0.49462879 -0.44334388 0
-2.1033337 0.40332532 -0.4353523 4
-2.0452931 0.45647499 -0.43685028 4
-0.9274857 0.4329361 -0.42393798 2
-0.85369694 0.43294367 -0.42401722 3.1428571
-0.74424881 0.44442606 -0.42418277 4.090909
-0.6253432 0.45227772 -0.42065477 5.6666665
-0.51066476 0.44830024 -0.41867542 6.7777777
-0.41145575 0.47037709 -0.41986418 7.25
-0.32216904 0.44599083 -0.42853683 5.75
-0.24751946 0.45194507 -0.42645258 5.4000001
-0.18035364 0.46202561 -0.4246524 3.25
-0.04442399 0.41155839 -0.42657793 3.5
0.067431197 0.4370881 -0.43692684 4.6999998
0.1513824 0.45068622 -0.44555435 4.4705882
0.25123289 0.44816223 -0.4436326 4.8333335
0.34976146 0.44937682 -0.43822554 5.1666665
0.4567838 0.43780828 -0.44079331 5.25
0.54825753 0.47297326 -0.44096452 1.8571428
0.67110538 0.44494131 -0.44751677 3.6666667
0.7352131 0.47051167 -0.44485512 3.6666667
0.85214466 0.45566306 -0.44017911 4.6875
0.94708055 0.44686908 -0.44248 5.4545455
1.0057248 0.45669842 -0.43671224 5
1.1375006 0.45032501 -0.43754402 5.875
1.2900614 0.4427681 -0.44462252 7
1.3501362 0.4415125 -0.43738738 4.3333335
1.4041162 0.47596067 -0.43794423 3
1.5393016 0.44241634 -0.4398976 3
1.6988815 0.41958737 -0.43680808 1
1.7293476 0.46742493 -0.43794364 1
1.9227053 0.44719598 -0.44210467 5
2.1497517 0.44478917 -0.43177974 6.3333335
2.3752317 0.40938541 -0.43592897 5
2.4191475 0.45952356 -0.43520933 4
2.5838437 0.41606495 -0.43104774 4
2.6322103 0.47177494 -0.42592704 3
2.7409577 0.41988328 -0.43260413 3
2.8211493 0.48123866 -0.4361603 4
-2.9478173 0.56235933 -0.43375808 0
-2.8284104 0.54945982 -0.44297704 1
-2.7477968 0.59612828 -0.43934417 2
-2.0052633 0.50276917 -0.43283972 4
-1.9482034 0.54167628 -0.43552396 4.5
-1.8783919 0.58533293 -0.43706989 5.3333335
-0.63764518 0.5667094 -0.42586461 4.4545455
-0.55214399 0.55305451 -0.42659783 3.9285715
-0.4198193 0.52858329 -0.4189617 5
-0.32662806 0.52945101 -0.42406052 5.75
-0.25255346 0.53875786 -0.42616338 5.3333335
-0.15273267 0.55759686 -0.42774972 4
0.062972821 0.52466202 -0.42073283 3.6666667
0.14769651 0.5385018 -0.44340473 4.6875
0.24114136 0.55248094 -0.43825874 4.4000001
0.34341082 0.53866941 -0.43606609 5.2857141
0.46927923 0.56240076 -0.44178391 3.7777777
0.54817241 0.53544134 -0.44027796 2.5
0.61731911 0.57554412 -0.44490331 4.1999998
0.75749111 0.54978919 -0.44101498 4
0.83628082 0.5495342 -0.43596125 4.6666665
0.93724591 0.54413867 -0.4395057 4.4705882
1.0153553 0.55283421 -0.43391776 5.8000002
1.1520238 0.54758471 -0.440698 6.6666665
1.2018838 0.55629575 -0.44376051 7
1.3198664 0.54547799 -0.44535008 4.3333335
1.4380975 0.55190688 -0.43791652 3
1.5756108 0.53505391 -0.4368985 2.3333333
1.6039788 0.59472466 -0.43663579 2
1.7767284 0.53624642 -0.43934551 5
1.8150592 0.5915041 -0.43904278 7
1.9804925 0.53900862 -0.44104275 5.3333335
2.2508233 0.55837327 -0.43021312 5
2.4599743 0.51063389 -0.43261695 4
2.521266 0.56934565 -0.43358257 3.5
2.7373214 0.55930114 -0.42737097 3
2.8817596 0.52650082 -0.43805921 4
2.9210396 0.56663132 -0.43460277 4
-2.8563967 0.6391679 -0.43000734 1.5
-2.74896 0.6619004 -0.43413013 2.5
-2.642978 0.67429763 -0.44036943 3.5
-1.8258356 0.60885859 -0.43187985 6
-1.7443072 0.64028937 -0.43248916 6
-1.6459086 0.67187929 -0.43251449 6.4000001
-1.564639 0.69184577 -0.43127498 3.75
-1.4957131 0.69841707 -0.43449959 3
-1.0209513 0.68414325 -0.4245699 0
-0.95734334 0.68668848 -0.42895624 1.5
-0.84195387 0.65376645 -0.42604527 2.8888888
-0.74382424 0.64346349 -0.42947587 5.4545455
-0.65497625 0.6436193 -0.42729139 5
-0.56225365 0.63693488 -0.42584375 4.5
-0.24372634 0.64361769 -0.42594546 4.75
-0.1349237 0.6461904 -0.42213255 4.25
-0.063102156 0.65243423 -0.42728081 4.4000001
0.024564778 0.6989345 -0.4206101 0
0.12741868 0.63739067 -0.44978333 3.2857144
0.25416097 0.64539599 -0.43054971 4.5
0.37670201 0.66129607 -0.44236526 4
0.46358088 0.64765984 -0.44235432 4.5555553
0.5218367 0.66339582 -0.43843564 3.5714285
0.66228032 0.64894408 -0.44078016 4.6363635
0.79719824 0.60082859 -0.44151747 4
0.84573704 0.64783049 -0.43953124 4.5
0.91507995 0.65219361 -0.43676907 4.2857141
1.0261068 0.65312451 -0.43777338 6.5
1.1537329 0.6597079 -0.44129711 4.5999999
1.2310338 0.65022594 -0.44219875 7.6666665
1.3498355 0.64692628 -0.44269818 4.25
1.4766984 0.63454741 -0.43565345 3
1.5053191 0.69077951 -0.43608305 2
1.638564 0.66246784 -0.43729353 2.6666667
1.8573833 0.6507895 -0.4390282 3.5
2.0497468 0.64184767 -0.43928945 7
2.3529859 0.66612726 -0.42778227 4
2.5843582 0.63105518 -0.43367055 3
2.6156414 0.6701206 -0.42961046 3
2.8288777 0.63125682 -0.42817178 4
2.9010673 0.68461651 -0.42890006 4
3.1012595 0.64459795 -0.46261841 5
-2.7336702 0.726605 -0.42787707 4
-2.6531038 0.77189702 -0.42731693 3
-2.5498576 0.70936662 -0.43602183 2
-2.4704547 0.74486148 -0.43519124 2
-2.3627844 0.78553319 -0.43506604 3
-1.4333643 0.70617062 -0.4211688 1
-1.1376789 0.74892366 -0.41828465 0.60000002
-1.0396211 0.74248928 -0.42170274 0.77777779
-0.95034158 0.76242054 -0.43177786 1.8
-0.85878301 0.75496715 -0.42614746 2.0833333
-0.74007601 0.73902512 -0.42096749 3.0999999
-0.64527583 0.74434596 -0.42291227 5.3333335
-0.5682956 0.75093722 -0.41954616 3.3333333
-0.44686285 0.75078106 -0.41615036 1.8333334
-0.3313961 0.75584704 -0.41205344 2.5999999
-0.23460512 0.75081807 -0.41840187 2
-0.15196209 0.75409412 -0.42224762 5
-0.092310451 0.71957654 -0.42503336 5
0.040553909 0.76159954 -0.4232316 3.8
0.25269315 0.7475009 -0.4418343 1
0.37535805 0.74295855 -0.44528705 4
0.43714422 0.75839758 -0.43664807 3.7142856
0.54204464 0.74759638 -0.43923917 3.7
0.72732234 0.75030094 -0.4409596 4.125
0.89750075 0.71638441 -0.44906092 2
0.94702274 0.74746954 -0.44166017 2.5
1.0337889 0.74676144 -0.43693122 2.8
1.1651095 0.73704624 -0.4381659 5
1.2505996 0.74129665 -0.44243309 2.5714285
1.3577842 0.76719648 -0.43951127 2.5
1.5388098 0.75355124 -0.43636638 2
1.6846185 0.75389314 -0.43647426 7
1.9225645 0.73822892 -0.4384796 7
2.099736 0.7162872 -0.4357852 6
2.1358132 0.76039797 -0.43724024 6
2.4504356 0.76418579 -0.42506319 3
2.6691439 0.71730602 -0.43048832 3
2.7284377 0.76751584 -0.43192649 3
3.0110629 0.75120401 -0.43702531 4
3.1908329 0.70200092 -0.46730405 6
3.2893279 0.76444149 -0.47214866 6
-2.5536361 0.80722773 -0.42383403 3
-2.449151 0.83557308 -0.4201487 3.5
-2.3479862 0.86091888 -0.41787264 4
-2.2501101 0.8507573 -0.42490712 3.25
-2.1295507 0.84147024 -0.43163079 3.5
-2.0469763 0.85748166 -0.4316754 4
-1.9595129 0.86701858 -0.43074977 4
-1.8607044 0.88363528 -0.43252999 3.5
-1.750037 0.88681453 -0.43194783 2.5
-1.6787646 0.89175713 -0.4329001 1
-1.2316535 0.86173648 -0.41662899 2
-1.1518561 0.84828639 -0.41997486 1.6666666
-1.0619617 0.82628101 -0.42211995 2.1428571
-0.94915903 0.83753443 -0.4208037 3.5
-0.80620128 0.89831775 -0.42936307 2
-0.75857294 0.85147697 -0.42037493 3
-0.63817006 0.85140389 -0.41904381 3.4444444
-0.59303617 0.8210181 -0.41310972 4.5
-0.45928386 0.84353667 -0.40765274 4
-0.33462349 0.84798396 -0.40899312 5
-0.22632125 0.83469993 -0.41160148 4.5
-0.15591998 0.85722762 -0.41964978 6.4000001
-0.012797797 0.83657563 -0.41800946 6
0.066481121 0.84507817 -0.4263247 4.6666665
0.15724002 0.86044121 -0.4485054 2
0.25268587 0.85392123 -0.45048437 3.1666667
0.3853339 0.8490482 -0.44944271 3.3333333
0.4322055 0.84406102 -0.43530104 3.1428571
0.5623765 0.83939755 -0.43553278 3.2857144
0.60937321 0.87782121 -0.44172472 4
0.7811603 0.82752073 -0.4390654 3.5999999
0.82871813 0.88932526 -0.43953675 2.75
0.95981622 0.84247661 -0.43783557 0.5
1.0616726 0.85601288 -0.44366863 1.1666666
1.1506034 0.84652996 -0.43831736 1
1.2859557 0.82904577 -0.43186811 1
1.3911152 0.80061942 -0.43937758 1
1.442222 0.8419469 -0.43756914 1.6
1.5618787 0.85606605 -0.43887317 1.3333334
1.6018363 0.86940956 -0.43575078 11
1.7236103 0.85871601 -0.44106901 5
1.9786584 0.81160855 -0.43846315 7
2.0190263 0.86388052 -0.43775406 6
2.1849082 0.82600999 -0.43460423 5
2.2358055 0.89461988 -0.43109617 4
2.432941 0.88093281 -0.43720901 0
2.5345371 0.87389684 -0.43237758 2.5
2.7930903 0.82274026 -0.43300208 3
2.8510983 0.87592024 -0.43169925 3
3.1172931 0.85464954 -0.42341986 3
3.2095408 0.84933227 -0.46375418 6
3.3666434 0.8411653 -0.46142766 6
-2.1588044 0.9025085 -0.41688347 3
-2.0635619 0.91584218 -0.41553575 4.5
-1.9490573 0.9332701 -0.41681764 3.5
-1.8321621 0.94169831 -0.41735637 2.5
-1.7414478 0.9410193 -0.41668758 2
-1.6879101 0.94122106 -0.41760999 1
-1.3328538 0.98667723 -0.41739559 2
-1.2676942 0.94845712 -0.41483563 8.5
-1.1706995 0.94115883 -0.40975341 3
-1.0214856 0.95980716 -0.41722357 4
-0.95189124 0.94976449 -0.41572353 2.75
-0.83110142 0.94725597 -0.41568282 4
-0.75671017 0.92862672 -0.4165175 3
-0.63378835 0.9585759 -0.40897742 3.3333333
-0.53707111 0.93538678 -0.42380062 3.75
-0.47840732 0.95430547 -0.40908223 3.5999999
-0.33771753 0.94695795 -0.40692252 4
-0.22436137 0.96929568 -0.40795168 4
-0.16118227 0.94104791 -0.41275981 5
-0.036020178 0.94034988 -0.42315581 3
0.040600251 0.96004993 -0.42723837 3
0.15445673 0.94774228 -0.44413501 2.2857144
0.26618949 0.9588899 -0.44236413 2.1666667
0.43276101 0.94847566 -0.44638616 3.2
0.55178607 0.95350224 -0.42060494 2
0.6263352 0.94500482 -0.44354877 3.4000001
0.86096531 0.9526388 -0.43731564 3.2857144
0.92645454 0.95915204 -0.43661687 2.25
1.0424306 0.99837726 -0.43171611 1
1.1486905 0.9316994 -0.43872195 0.40000001
1.2256379 0.95720184 -0.4333005 0
1.4384496 0.9382931 -0.42749077 0.5
1.6455141 0.93094188 -0.43907541 3
1.7604669 0.93717432 -0.44118792 2.5999999
1.8382812 0.96877086 -0.44377971 1.75
1.9288503 0.986148 -0.44536066 1
2.0647407 0.92018861 -0.43668613 6
2.107357 0.9764716 -0.43377379 5
2.2914758 0.95479959 -0.43426013 4
2.5547733 0.90737224 -0.44207048 2.5
2.6548672 0.93329668 -0.43490171 3
2.7768908 0.9340862 -0.43960315 3.5
2.8629405 0.92847455 -0.43623072 3
2.9435589 0.95851213 -0.43563598 3
3.0420935 0.96036112 -0.4400211 3
3.1556149 0.96946824 -0.43954986 3
3.2560902 0.93960881 -0.42946625 1
3.4493608 0.94948345 -0.43016106 11
3.5407095 0.93833601 -0.42127317 16.5
-1.4245746 1.09602 -0.41196129 7
-1.3672229 1.0387988 -0.40969729 6
-1.2420943 1.0334841 -0.41017321 6
-1.0581111 1.0253922 -0.41683877 4.5
-0.98525923 1.000186 -0.42742017 2
-0.64859593 1.0362028 -0.41378894 3.1666667
-0.55269748 1.0590235 -0.41624591 3
-0.49109545 1.048607 -0.40741777 4.3333335
-0.34006906 1.056221 -0.40739045 4
-0.21890518 1.0653123 -0.40903205 4
-0.1390335 1.0538744 -0.41386285 4
-0.069805384 1.0329928 -0.41727042 3
0.010662226 1.0576723 -0.42261508 2.5
0.15315719 1.0489429 -0.4421452 2.6666667
0.2654615 1.0487667 -0.44130525 2.4000001
0.30317721 1.0748873 -0.44770539 2
0.45353609 1.0483738 -0.44621068 3.2
0.66228485 1.0492097 -0.43871942 4.1666665
0.70500737 1.098078 -0.44158435 4
0.84869617 1.05685 -0.42890474 3.5
0.94546807 1.0440392 -0.43531352 3.3333333
1.0482126 1.0523796 -0.43228433 2
1.1243761 1.0532784 -0.42392135 13
1.2477349 1.0398167 -0.43774533 0.66666669
1.3993841 1.0825994 -0.43029281 3
1.6879104 1.0280873 -0.43034396 1
1.839126 1.0347002 -0.43240124 3.5
1.9427545 1.0195334 -0.43597379 1.5
2.1566331 1.0398005 -0.4309684 4
2.3517642 1.0349257 -0.42955649 3
2.7965145 1.0652623 -0.42763317 3
3.0804191 1.0686665 -0.43017319 3
3.278476 1.007175 -0.44696969 3
3.3410351 1.0057683 -0.42667678 1
3.4016025 1.0132571 -0.44349468 0
3.5498202 1.0408324 -0.42479119 3.6666667
-1.4618996 1.14872 -0.408023 7
-1.3424134 1.1498758 -0.41875678 7
-1.2423327 1.1218812 -0.42394972 7.5
-0.71820527 1.1393722 -0.41189563 2
-0.65138716 1.1314789 -0.40823069 2
-0.50932103 1.1366135 -0.40172723 4
-0.49172449 1.1092592 -0.40126774 5
-0.34476945 1.1496366 -0.40278301 4
-0.21447587 1.1623008 -0.40417254 6
-0.12945946 1.1503736 -0.40898043 3.5
-0.017599406 1.1471306 -0.41852576 2.5
0.14861059 1.1449915 -0.43953237 2.4000001
0.26372784 1.1414195 -0.44373456 2.6666667
0.31442827 1.1535029 -0.44552985 3
0.46679577 1.1562741 -0.43473116 3
0.51226377 1.1874735 -0.44001201 3
0.73246878 1.1601976 -0.43916389 3.25
0.84953791 1.1378547 -0.4255954 3
0.95407283 1.1368091 -0.43099222 3.4000001
1.0404783 1.1444341 -0.43373147 3
1.149897 1.1540489 -0.42822981 3
1.2490759 1.1421052 -0.42975357 6
1.4231687 1.1815207 -0.42861968 2
1.880037 1.1152524 -0.42652056 1
2.2555928 1.1544749 -0.43187055 2.5
2.4347274 1.1321449 -0.42842036 2
2.8935518 1.1478292 -0.42740399 3
3.1940978 1.1540833 -0.43440202 3
3.2038307 1.1939342 -0.41505334 9
3.5443106 1.1392789 -0.4287166 12
-1.5425501 1.2369071 -0.41585568 3.3333333
-1.4547569 1.2167941 -0.413077 6.3333335
-1.3540964 1.2673078 -0.41096786 8
-0.91717809 1.2917136 -0.41435277 1
-0.84464139 1.2273221 -0.4152773 6
-0.74761063 1.2665577 -0.40656948 7
-0.47681099 1.248464 -0.4077521 2
-0.11906587 1.2568724 -0.40201521 4
0.1516978 1.2400639 -0.44314522 2.2
0.26526284 1.2450897 -0.43740827 4.75
0.32701206 1.2401328 -0.44335026 3
0.45127282 1.2475014 -0.42268842 3.5
0.52111578 1.2711352 -0.44302151 3
0.77810413 1.2527109 -0.43823969 2.6666667
0.85361624 1.2404122 -0.42609519 3
0.95642078 1.2443755 -0.42907095 3.5
1.0720485 1.2225399 -0.4338496 2.5
1.1598321 1.2698475 -0.4284699 2.6666667
1.2702829 1.2376223 -0.42793012 7.5
1.4432534 1.2375048 -0.43181571 1
1.5310836 1.2283909 -0.43586314 2.5
1.6461145 1.2572131 -0.43272144 3.5
2.3479664 1.2690908 -0.42594582 0
2.5007436 1.2063214 -0.42770991 2
2.9950666 1.2364156 -0.42500341 2
-1.6506023 1.3559177 -0.40512621 6
-1.5226665 1.3367796 -0.40637696 4
-1.4663341 1.3153689 -0.4106971 7
-1.0312104 1.3927602 -0.41492137 0
-0.96971196 1.336272 -0.41338071 9
-0.84776497 1.3579586 -0.40796721 5
-0.52960664 1.3289616 -0.40559173 8
0.072030067 1.3431993 -0.45058858 13
0.14677745 1.3477628 -0.43144381 4.75
0.25493291 1.36172 -0.42900583 4
0.34083492 1.3427787 -0.44256508 2
0.46954438 1.350078 -0.4165903 11.666667
0.54810488 1.356234 -0.44285265 3
0.60087711 1.3642178 -0.40955377 1
0.83198321 1.3475944 -0.43550673 5.5
0.96515703 1.3607078 -0.42889673 9
1.078655 1.3378868 -0.42777875 9
1.163587 1.3344902 -0.43116942 6.3333335
1.2976915 1.3511492 -0.42758781 3
1.4846928 1.3504162 -0.42678869 7
1.572201 1.316934 -0.4393234 2
1.6400018 1.3699872 -0.43759769 2
1.7411176 1.3174332 -0.4313674 4
1.817211 1.3686761 -0.43207145 5
3.0952845 1.3259859 -0.41989189 0
3.1905878 1.3585098 -0.41382948 1.5
-1.5488923 1.4093029 -0.40900815 8
-0.95742917 1.4596801 -0.40422419 8
-0.63105696 1.4779959 -0.40155408 9
-0.58860075 1.4204042 -0.40537709 1
-0.48493385 1.4398011 -0.40327561 9
0.076756619 1.4939777 -0.44862497 13
0.14685649 1.4279913 -0.43454239 11
0.21752243 1.4658928 -0.41077638 9
0.33193594 1.450923 -0.44988683 2.5
0.41185093 1.4482855 -0.40554878 10
0.54869664 1.4530516 -0.43482578 5
0.63473433 1.4429371 -0.40903279 3
0.77831304 1.4485931 -0.42147449 12.5
0.87236094 1.4482899 -0.4361451 1.75
1.0513842 1.4822716 -0.42730454 2.5
1.2232574 1.436322 -0.43160167 1
1.3179247 1.4447498 -0.42299032 6.5
1.5383748 1.4874495 -0.42462751 9
1.6300861 1.4295952 -0.42415652 3
1.7224135 1.4372776 -0.43806937 3
1.8836808 1.4058039 -0.42722836 5
1.9691141 1.4620147 -0.42750639 5
3.2306314 1.4377743 -0.4189423 0
-2.919235 1.5848894 -0.40486389 6
-1.7811003 1.5034949 -0.40135363 4
-1.6280931 1.5068125 -0.40633047 7
-0.54711163 1.5406811 -0.40088856 9
0.059024893 1.5383765 -0.45474994 12
0.15531097 1.5419792 -0.45391116 3.6666667
0.20915109 1.5508864 -0.40872476 8
0.34553728 1.5265245 -0.44622791 9.5
0.41728961 1.5433645 -0.40610176 10
0.5462966 1.5359375 -0.43287826 5.5
0.62865847 1.5645851 -0.42431784 9
0.78181601 1.5918615 -0.42249712 11
0.86220247 1.526024 -0.42176646 10
0.93311065 1.5393157 -0.43263409 7.75
1.0557292 1.5888081 -0.41158748 12.5
1.1006576 1.5483911 -0.421754 10
1.2587316 1.51079 -0.42770994 7
1.3321533 1.514171 -0.42109013 10
1.5825703 1.5948627 -0.42391106 10
1.6635952 1.5166361 -0.42027107 6
1.8139018 1.511712 -0.43930092 3
1.9061897 1.5821456 -0.43701684 3
2.0595105 1.5172331 -0.42716458 3
2.1576834 1.5774664 -0.42620614 4
-3.332366 1.6890482 -0.41745695 0
-3.2011027 1.6849767 -0.42386207 0
-2.9416776 1.6624675 -0.43365538 5
-2.8565333 1.6720932 -0.44438475 4
-1.7231165 1.6254697 -0.40363207 6
0.056175053 1.6433641 -0.45666814 10
0.18702154 1.6027607 -0.44180542 10
0.20042337 1.6478612 -0.40793094 0
0.35671315 1.6316295 -0.44953239 2
0.41989219 1.6423999 -0.40360337 10
0.51713204 1.6509688 -0.41571167 9
0.66084027 1.6235253 -0.41055149 7.5
0.7700057 1.6042835 -0.42083216 12
0.86490732 1.6330615 -0.42066503 11
0.96622527 1.6441486 -0.42722633 10
1.0001699 1.6156231 -0.40900609 7
1.2544338 1.6086015 -0.41679159 10
1.3545377 1.6061919 -0.42646086 5.5
1.708127 1.6227143 -0.42108649 9
2.0110638 1.6617758 -0.43480825 3
2.2699766 1.6457355 -0.42541879 4
-1.831678 1.7588096 -0.40063402 5
0.06334205 1.7281456 -0.45270938 9
0.16875648 1.7122259 -0.45023444 9
0.37224105 1.7297525 -0.44723666 9
0.51907963 1.7509692 -0.41099897 9
0.77241772 1.7342492 -0.41577697 11.666667
0.87050813 1.7561417 -0.42136711 9
0.94609302 1.7949625 -0.41876483 12
1.2879462 1.7389536 -0.4198505 10
1.3854262 1.7352657 -0.41981363 10
1.6263216 1.7072679 -0.42004389 10
1.7487907 1.7297629 -0.41597995 8
2.1722162 1.7993318 -0.44490325 4
2.391438 1.7190329 -0.42545173 3
2.5059466 1.7812726 -0.4197942 0
4.9058404 1.7338756 -0.41827393 2
-2.8449578 1.8119638 -0.4106544 10
0.059870198 1.8586258 -0.45352861 8.5
0.17348611 1.8302653 -0.45001522 7.5
0.36425516 1.8078384 -0.45390207 10
0.41374075 1.8960534 -0.4414233 7
0.52573007 1.8719697 -0.40825143 5
0.87299037 1.8841718 -0.4179751 10
1.1237512 1.8507658 -0.40911359 5.5
1.315017 1.8592211 -0.41386533 9
1.4158055 1.8602918 -0.41639382 11
1.680591 1.8407732 -0.41767755 9
1.7978866 1.8518323 -0.41238841 8
2.6535444 1.8686314 -0.41944355 0
-1.9702128 1.926982 -0.40142348 4
0.063262135 1.9756463 -0.44841477 4.5
0.17622143 1.9757981 -0.45219174 8
0.38198206 1.9339429 -0.45489568 9
0.95232964 1.9469612 -0.42027873 10
1.1931868 1.9854113 -0.4175244 2
1.7445 1.9963689 -0.41500241 7
2.252763 1.9486102 -0.42698768 4
2.3092709 1.9014651 -0.44289112 4
0.07160233 2.0899379 -0.44198442 2
0.16415624 2.0967729 -0.45720935 8
0.41909811 2.0521615 -0.44613534 9
0.87693489 2.036226 -0.41589406 9
0.95603126 2.0989597 -0.41635558 9
1.1587374 2.0604129 -0.41629949 9
1.3623058 2.0387201 -0.4188754 7
1.4505712 2.0053272 -0.41529498 8
1.866915 2.0109549 -0.41367173 6
2.4424202 2.0193853 -0.41457617 0
0.044614561 2.1973062 -0.45774353 2
0.20221169 2.1569388 -0.44308895 6
0.45669991 2.1964991 -0.43626481 7
1.2049375 2.1244476 -0.43681148 5
1.4881008 2.1653593 -0.41066632 6
1.8241411 2.1851189 -0.41568857 6
1.9336231 2.1510634 -0.41603798 2
2.3583817 2.1184516 -0.42325374 5
2.554697 2.1530318 -0.43685067 5
2.6685584 2.1740789 -0.44360065 7
0.069396973 2.2689252 -0.44098198 3
0.16796477 2.2838163 -0.46168268 6
0.42940244 2.2111783 -0.44909716 4
0.88282591 2.2113068 -0.41379333 7
0.96233028 2.292958 -0.41563591 7
1.1793206 2.2354202 -0.41317129 8
1.4035347 2.2142513 -0.41434181 6
2.0688705 2.2684691 -0.42061827 0
2.7525492 2.2012825 -0.41522506 29
0.047814719 2.3573234 -0.45183611 4
0.20559622 2.3609824 -0.44554919 4
0.46945947 2.3985562 -0.44405591 7
0.84179735 2.3492804 -0.43753329 6
1.3791921 2.3361733 -0.42611781 0
1.5441712 2.3804252 -0.41270956 5
1.9077733 2.3878968 -0.41105697 5
2.0149868 2.3721824 -0.40696201 5
2.1987643 2.3907776 -0.41164723 0
2.4993541 2.3355823 -0.42231718 6
2.654021 2.361778 -0.40159401 5
0.88995272 2.4284098 -0.41295636 6
1.4585669 2.4328246 -0.41315687 5
0.050676472 2.5487959 -0.45241785 4
0.17230876 2.5008614 -0.46537089 4
0.21180105 2.5960565 -0.44660246 4
0.53104103 2.5995398 -0.40862423 2
0.9204914 2.5636463 -0.42781428 4.6666665
1.4825188 2.5175307 -0.42378524 0
2.3680212 2.5622549 -0.40850922 1
2.6209593 2.5375385 -0.41076925 6
0.027958756 2.6582203 -0.4660092 6
0.4864929 2.6445265 -0.45609957 5
0.51519346 2.6331213 -0.43663591 4
2.006279 2.6278141 -0.40573955 5
0.17856698 2.7539165 -0.46826923 6
2.5521562 2.7417467 -0.40199426 0
0.042706154 2.8207433 -0.45476019 6
0.02033188 2.9431806 -0.46828556 6
0.20956798 2.9610777 -0.46008682 6
0.18664451 3.0569849 -0.47175276 6
0.0049191178 3.3270967 -0.47457212 0
0.21656759 3.3311698 -0.46303123 7
0.1963992 3.4340668 -0.47575521 7
3.1374605 3.4530141 -0.46135002 1
-3.529043 3.7827401 -0.42249754 2
0.23152553 3.7593338 -0.46169633 2
-0.023715118 3.8691196 -0.49411482 17
0.042638846 3.8652897 -0.42727166 150
0.19608401 4.0501451 -0.4988274 7
2.7433939 5.1761208 -0.45681334 11
-2.3909569 -4.1406126 -0.31418386 77
-2.2329168 -4.1715517 -0.39160508 4
-2.0454111 -4.1337724 -0.31941175 1
-2.4383924 -3.9651933 -0.35225743 21
-2.3018708 -3.9576685 -0.38264799 150
-0.61671716 -3.9469726 -0.34306636 150
-0.34399563 -3.9243054 -0.35869637 122
-2.4685545 -3.8545761 -0.30167612 69
-0.33508039 -3.8751082 -0.3673366 127
-0.22859599 -3.8581018 -0.34809804 121
0.068497367 -3.8257895 -0.36625078 114
-0.45071739 -3.7841635 -0.33768967 64
3.7920854 -2.9709322 -0.32616851 2
-4.4740086 -2.7878039 -0.31897298 25
-0.8182739 -2.7608693 -0.32551667 28
-1.5512544 -2.6970057 -0.33511394 4
-1.2374998 -2.6415815 -0.30655026 24
-1.1634403 -2.6336939 -0.35235438 27
-0.74806601 -2.6306026 -0.30164018 17
0.44474661 -2.6083896 -0.39064094 25
5.6207428 -2.4185779 -0.32269362 83
0.4800998 -2.3526952 -0.33973533 79
0.537651 -2.3435805 -0.33718601 90.833336
2.3296661 -2.1509871 -0.32964519 9
-2.8611348 -2.0406952 -0.34400445 12.5
-2.7807944 -2.023263 -0.30935138 20
-1.7736833 -2.0078866 -0.34242779 3.5
-0.46110022 -2.0177789 -0.31201634 0
5.7221379 -2.0359528 -0.39612228 85
-2.9392555 -1.9993997 -0.3398715 7
-1.9216071 -1.9070679 -0.34120542 3
-1.8617607 -1.933504 -0.37165928 16.5
-1.7509205 -1.9669365 -0.39925918 4
-1.6198578 -1.9541495 -0.32501882 0
-1.5895362 -1.9116745 -0.37870273 12
2.2153292 -1.9336095 -0.35272503 5.5
2.3165627 -1.9748049 -0.33324265 3
5.7458768 -1.9519466 -0.37032759 113
6.4521604 -1.9035214 -0.34041095 36
-2.0195963 -1.8552296 -0.36657479 48
2.2973862 -1.8092511 -0.38895383 8
5.762517 -1.8639436 -0.34581795 100
-2.0191433 -1.7277421 -0.33328363 122
-1.9514219 -1.7806271 -0.31052476 39
-1.0922967 -1.7021875 -0.32509968 246
2.3580697 -1.7657684 -0.33266592 42
5.8024573 -1.7849252 -0.32384875 127
6.380374 -1.7560625 -0.35549217 40.5
-1.1516819 -1.6475122 -0.35121471 199.60001
-1.0869532 -1.6949803 -0.38132077 238.5
-0.55647361 -1.6388596 -0.34109914 1.5
6.3487654 -1.6276286 -0.37468809 55
0.61736 -1.5035251 -0.36295176 4
3.4617517 -1.5762323 -0.38549265 17
6.3228102 -1.525689 -0.35492712 70
-2.0467043 -1.4384508 -0.30486429 38.5
0.58883077 -1.4063742 -0.33589217 2
3.292259 -1.4313548 -0.39597028 14
3.3664672 -1.4336396 -0.35216275 20.333334
3.4362135 -1.4012166 -0.37088153 6
6.3166337 -1.4297217 -0.33694166 113
-2.0776291 -1.3325537 -0.30690286 72
0.63506657 -1.3335633 -0.3444753 14
3.4424095 -1.3972796 -0.31220087 5
6.3655205 -1.348672 -0.32561621 8
7.2484465 -1.3405048 -0.34614784 87
-2.097789 -1.2198094 -0.39101788 50
0.67120486 -1.2492895 -0.33876613 14.166667
0.82710487 -1.204257 -0.39803565 24
6.5684705 -1.2984133 -0.3227331 0
7.2103443 -1.2275661 -0.33250937 87
-2.1188357 -1.1919686 -0.37718779 47
0.78546405 -1.197014 -0.33296791 18.75
0.84904194 -1.1954595 -0.35816288 22.6
0.95325035 -1.1752304 -0.3397021 19.142857
1.0974569 -1.1532314 -0.38184959 22
1.1565307 -1.1452135 -0.33794379 20.214285
7.2139039 -1.1235667 -0.32316053 79
7.2294469 -1.0215474 -0.31614807 89
7.2711153 -0.92348987 -0.31172612 51
7.538908 -0.85312158 -0.31984067 32
8.3494387 -0.83401269 -0.35461777 82
-7.8369226 -0.57944494 -0.3725456 73
-7.8398466 -0.44404948 -0.37027526 106
-7.8554335 -0.31752756 -0.35384741 101
-0.4092018 -0.38963136 -0.35919338 3
-7.8599463 -0.29882643 -0.36105564 92
-0.35682577 -0.22676465 -0.32890338 3
0.29256818 -0.248358 -0.35884571 2
0.60661292 -0.27995694 -0.39622682 2
-8.2594833 -0.17860936 -0.36470756 40.5
-0.22430374 -0.14880815 -0.34132725 2.5
-0.19277275 -0.15147112 -0.39970317 4
0.46480674 -0.12180536 -0.33102584 2
0.51111776 -0.11112233 -0.34179524 1
-8.3042812 -0.056531455 -0.36242491 42
-7.1514254 -0.011185203 -0.30100155 30
0.49540868 -0.092750892 -0.39585778 1
-7.1815114 0.071158156 -0.30879566 2
7.7014031 0.090504669 -0.36800149 1
-0.24497849 0.19610794 -0.32749033 1
-0.131488 0.12749109 -0.3361479 1
-0.097513072 0.15058672 -0.39020446 6
0.29792118 0.173118 -0.35991576 3.5
0.34392706 0.16792659 -0.35977879 2
-8.3564129 0.22518773 -0.35991374 80
-0.27125821 0.24116372 -0.32235411 2.6666667
-0.1448496 0.28114176 -0.36909142 2
0.35881031 0.20795627 -0.3882609 4
6.6295867 0.2530708 -0.33599257 1
7.6251178 0.24669227 -0.30192119 97
-8.394557 0.36996955 -0.36147362 43
6.6546412 0.34213692 -0.35181567 2
-0.49862301 0.44785061 -0.35874707 4
8.0468121 0.48905444 -0.36014095 100
-8.4060545 0.5119344 -0.36265248 41
6.3820319 0.55493039 -0.31568727 2
-8.4370861 0.63500959 -0.3452369 53.5
3.4609079 0.69297695 -0.31293857 120
6.1182613 0.6315645 -0.38477468 2
8.033596 0.60208124 -0.38244998 113
-7.4594941 0.7064625 -0.32820517 3
3.4926686 0.77206647 -0.32009858 71.5
3.500598 0.76360857 -0.34174341 81
-7.2893815 0.81566614 -0.32703671 3
3.4928863 0.84516805 -0.36207509 80.666664
3.5017562 0.86623561 -0.3867541 71
-0.83400744 0.98506701 -0.38183424 7.4000001
3.4811852 0.9162448 -0.38912371 71
-1.2637168 1.0844538 -0.39964205 2
-1.1205037 1.0438983 -0.37962621 25
-1.0641119 1.0661678 -0.3709431 15.272727
-0.95404643 1.0223005 -0.39179745 5
-0.84990883 1.0372922 -0.33371574 7
-1.3137455 1.151958 -0.39826646 9
-1.0776665 1.1047051 -0.3106381 12.5
-0.88894969 1.1440279 -0.34388238 4
-0.67835546 1.1400213 -0.39881283 2.5
-0.51057315 1.1898248 -0.39696383 3.5
3.5873413 1.1557388 -0.36409056 6.3333335
-1.5550259 1.2678254 -0.39525414 7
-1.3650787 1.2214438 -0.3939974 8
-0.7111463 1.2552373 -0.39467975 6
-0.52301979 1.269729 -0.39403155 8
-0.34762287 1.2413599 -0.39756787 4
-0.20932919 1.2672769 -0.39619946 4
3.1879516 1.2541022 -0.38319033 6.5
3.2197862 1.2735988 -0.37358692 3
3.3020873 1.2997113 -0.36884058 6
3.4934332 1.2999597 -0.34665206 24
3.5417483 1.2462513 -0.33876446 21.666666
-3.2926388 1.3665631 -0.31761336 60
-1.6362462 1.3611214 -0.39485845 6
-1.4631445 1.3519719 -0.39056447 8
-0.95603126 1.3124986 -0.38909772 11
-0.74889195 1.3470404 -0.39266896 1
-0.53668284 1.3595859 -0.39069352 2
-0.35067916 1.3288317 -0.39481491 9
-0.2057023 1.3572729 -0.39345041 4
-0.11030605 1.3438724 -0.39921436 3
3.168612 1.3165931 -0.3961792 5
3.2616861 1.3213764 -0.3666347 6.6666665
3.4735596 1.3502852 -0.35636193 25
3.5109117 1.3237982 -0.33578396 22.333334
-3.2842677 1.4601969 -0.34556189 63
-1.7276201 1.4663296 -0.39441296 5
-1.5727792 1.4963787 -0.38318908 7
-0.99670643 1.4079963 -0.38564074 10
-0.77674818 1.4402797 -0.38762176 7
-0.55201632 1.4569342 -0.38593465 9.5
-0.35434192 1.4268012 -0.39154518 7.5
-0.20027223 1.4542626 -0.38850111 12
-0.1000435 1.4438403 -0.39614671 13
-0.071981519 1.4500262 -0.39554703 12.5
-3.2764561 1.5563314 -0.37614274 59.5
-1.8293148 1.5804452 -0.39193192 4
-1.0463201 1.5264242 -0.38967073 7.5
-0.82765913 1.5538433 -0.38573864 8
-0.79566211 1.5590818 -0.3834804 6
-0.67633212 1.540562 -0.39828765 10
-0.56998599 1.5707657 -0.38130692 9
-0.35840884 1.529741 -0.38477719 11
-0.1959472 1.5622458 -0.38259301 10
-0.068365663 1.5606364 -0.39209589 11.666667
-1.8847004 1.6187623 -0.39806429 3
-1.6686405 1.6204321 -0.38106886 6
-1.1539439 1.6388897 -0.3926003 6.3333335
-1.0988742 1.6417347 -0.37656164 8
-0.85029846 1.6841316 -0.3798207 5.5
-0.73122227 1.6240438 -0.39834923 10
-0.61987174 1.6615469 -0.39975432 8
-0.36305717 1.6476814 -0.37847286 9.5
-0.068433903 1.6926606 -0.38932884 10.5
0.64589614 1.6424805 -0.37949589 6.5999999
0.99520516 1.699784 -0.34375873 2
1.0280457 1.6383436 -0.38489109 3.5999999
4.9403625 1.6548458 -0.34204841 23.666666
-3.1036017 1.7629288 -0.369712 3
-2.9498813 1.7394155 -0.37428197 25
-2.7972443 1.7088822 -0.37696666 4
-2.017277 1.7638345 -0.39851922 4
-1.9561256 1.7213485 -0.39181983 4
-1.7798984 1.7623317 -0.37737522 5
-1.1644338 1.7869272 -0.37130684 7
-0.84954447 1.7819126 -0.39158764 9
-0.79000133 1.7074859 -0.39703903 10
-0.6412884 1.7292866 -0.38758093 7
-0.57587421 1.7059971 -0.37947083 8
-0.18825999 1.7042564 -0.38124925 10
-0.017983118 1.706616 -0.39061287 9
0.41756582 1.7353635 -0.39781108 8
0.7347753 1.7438097 -0.35348067 5.3333335
0.98303676 1.7205657 -0.31173769 24
1.0738614 1.7796524 -0.39416134 3
4.9103737 1.738398 -0.37155017 69
-2.0856469 1.8672163 -0.38492501 4
-0.91830343 1.8538342 -0.38315523 7
-0.87689871 1.8419707 -0.37205353 4
-0.73166287 1.8293186 -0.39268363 9
-0.63538086 1.8609842 -0.36944076 8
-0.59683818 1.8526764 -0.37176609 8
-0.3742722 1.8366824 -0.38242278 8.666667
-0.18110922 1.8512391 -0.37390414 9
-0.052533999 1.8386681 -0.38316301 10
0.00021054452 1.8416212 -0.38182735 8
0.41866598 1.8513633 -0.39422387 5
-2.157464 1.9178436 -0.39366284 3
-1.9106025 1.9290383 -0.37248066 4
-1.2365586 1.9490315 -0.36260492 7
-0.98399276 1.9868352 -0.37690219 7.5
-0.79842037 1.9331915 -0.39081553 7
-0.42924422 1.9792459 -0.38453186 11
-0.37568548 1.9840987 -0.37060189 14
-0.17580602 1.9841743 -0.35674566 8
-0.037906811 1.9766579 -0.36809236 8
0.017709723 1.9756163 -0.36507174 5
1.1788166 1.9439174 -0.36846229 3
1.2156022 1.9582528 -0.36198723 2
-2.241473 2.0398579 -0.37850484 3
-0.9234249 2.0023177 -0.3597984 6
-0.87154728 2.0400403 -0.38585156 6
-0.64685309 2.0425551 -0.36466283 7.5
1.3618232 2.0791385 -0.32071322 0
1.4008015 2.0860476 -0.30374303 3
-2.3388493 2.1135707 -0.39169839 3
-2.1224623 2.1120565 -0.39645332 4
-2.0688047 2.1294744 -0.3671397 4
-1.3311546 2.1578696 -0.35590196 6
-1.2559619 2.1597309 -0.3119483 4
-1.0735699 2.153271 -0.34823075 5.3333335
-0.96168882 2.1848798 -0.38619611 4
-0.48108476 2.107707 -0.3808611 9
-0.36642617 2.1773262 -0.36293888 12
0.039338462 2.1436169 -0.34992054 3
2.8059936 2.1949861 -0.38104582 19
-2.4397724 2.2561352 -0.37308073 3
-2.1272602 2.2155383 -0.39633378 5
-1.3532271 2.2074828 -0.31062728 4
-1.1947076 2.2516277 -0.38014919 6
-0.99521202 2.2473609 -0.35766622 4
-0.70783693 2.2606609 -0.35531199 7
-0.65454817 2.244803 -0.3534005 7
-0.539545 2.2501788 -0.3750484 9
-0.40194947 2.2037189 -0.36327326 13
-0.1634759 2.2311988 -0.35613996 2
-0.010562794 2.216681 -0.36729869 3
0.055707484 2.277596 -0.32021111 12
-2.554332 2.3463557 -0.38796917 1
-2.3038979 2.3344717 -0.39206925 1.5
-2.2546878 2.3626344 -0.35936344 4
-1.2832447 2.3395836 -0.36664295 5
-1.0559413 2.3196859 -0.38017964 4
-0.41730851 2.3330705 -0.3820172 8
-1.1657827 2.4814696 -0.37563941 4
-0.60704005 2.4184849 -0.37080666 7
-0.41447973 2.4466171 -0.35165194 10
-0.37335867 2.4202051 -0.35133898 8
-0.15075386 2.4921782 -0.34571049 6
0.016897036 2.4636898 -0.35643756 5
0.57311469 2.499506 -0.35430935 2
2.6990583 2.4698174 -0.37270415 10
-2.71363 2.5547698 -0.37276939 1
-1.0760554 2.5232658 -0.34924623 4
-0.75559723 2.5184321 -0.34424707 5
-0.69665426 2.5291834 -0.34508479 5
-0.47990882 2.5079806 -0.37574634 16
0.57338953 2.5195637 -0.35527468 1.5
0.6137256 2.5125461 -0.3171387 4
0.9638288 2.5234931 -0.36316076 15.333333
2.1020463 2.5853035 -0.39959228 4
2.5090959 2.523747 -0.30282578 45
2.6059523 2.5743256 -0.35900739 11
-2.8318241 2.6434398 -0.38604257 1
-2.5287731 2.6503196 -0.37136391 4.5
-0.68763822 2.6206598 -0.36765638 5
0.88966423 2.6153796 -0.39819127 3
1.0505898 2.6712878 -0.34728622 87
-1.1522945 2.77918 -0.32338488 4
-0.55360198 2.7148306 -0.37036678 17
-0.43200243 2.7675176 -0.34193954 5
-0.3813712 2.7670999 -0.34535065 5
1.0517918 2.7567813 -0.32909977 71
-3.0147765 2.8821521 -0.36297575 1
-0.82140219 2.8751779 -0.33592764 5
-0.76613033 2.8710389 -0.34800416 5
-0.13305348 2.8441737 -0.33640522 6
0.057335608 2.8167152 -0.3513124 5.5
2.2144494 2.8504775 -0.39450645 3
-3.1565027 2.9891868 -0.37752512 1
-2.855969 2.9866443 -0.38515627 1
-0.63312966 2.9097009 -0.35865679 11
2.127146 2.9179399 -0.39940289 4
-2.7916226 3.0303254 -0.33914378 3
-0.90802687 3.1984129 -0.36262026 7
-0.45081449 3.1083207 -0.31814355 7
-0.39211023 3.1319022 -0.32446548 7
1.7366279 3.1826005 -0.39283109 1
2.3536246 3.180692 -0.38767001 4
-3.3885119 3.2858968 -0.34696963 0
0.091598444 3.2618699 -0.34450752 7
0.12182512 3.2586153 -0.33591211 5
2.2830276 3.2893968 -0.39356709 2
-1.3234403 3.3569255 -0.32644141 0
-0.82678044 3.3972867 -0.3244558 15
-0.76053739 3.3585587 -0.36857316 9
-0.1086133 3.3151782 -0.32592329 5
1.6855655 3.3521707 -0.39817348 0
-1.1055591 3.4732723 -0.30290887 28
-1.0280135 3.4491568 -0.34565425 29
-0.92313129 3.4348888 -0.33504835 9
0.096637055 3.4541159 -0.38562107 167
0.33947533 3.4298353 -0.33775851 54.75
-0.85768431 3.5223677 -0.34018797 35
-3.7983074 3.6698048 -0.39595485 3
2.5669615 3.6650729 -0.39077109 1
-3.838665 3.7403049 -0.31878716 76.5
3.1981997 3.7806425 -0.38945046 0
-3.5833998 3.8451848 -0.34219721 79
-0.27109081 3.8640342 -0.33977875 65
0.16077615 3.8978858 -0.33418024 10
1.8080994 3.8424442 -0.39280248 0
2.5268676 3.847703 -0.39885759 2
-0.080212705 3.9031453 -0.3054817 47
0.096696824 3.9273419 -0.37371159 134
0.136657 4.1595812 -0.32945484 80
1.2888668 4.1833029 -0.30349028 23
1.3270741 4.1829581 -0.3905074 12
0.38612598 4.2291679 -0.31728601 59
2.7997642 4.21244 -0.38119987 0
2.6649096 4.3177772 -0.30718189 29
3.1580629 5.0290499 -0.37806123 7
4.2837315 5.1008525 -0.3802858 20
6.2177329 -4.6289582 -0.2256878 3
-2.3141751 -4.3365011 -0.22194919 39
-2.215483 -4.3201857 -0.2776548 34
-0.61839926 -3.9524696 -0.25587115 145
-0.42007965 -3.9380314 -0.28090161 103
-0.34605837 -3.9265823 -0.21075803 103
-0.26964867 -3.9088597 -0.28748637 119
-0.33869004 -3.8814301 -0.28030917 130
-0.23465876 -3.860728 -0.26128343 122
-0.19605869 -3.8869185 -0.21767208 125
-5.2818809 -3.0681129 -0.27248091 28
-0.93441743 -3.0327878 -0.27941594 1
-5.3564978 -2.9856279 -0.22303894 116
-4.7510757 -2.8566778 -0.29087535 15
-1.1286498 -2.8113418 -0.24661604 3
-0.94334835 -2.8249843 -0.22904089 150
-0.83294934 -2.8289611 -0.25845006 106.33334
-1.1761973 -2.6492524 -0.25771046 23
0.25986406 -2.6502352 -0.22102579 91.5
0.3870804 -2.6077361 -0.24719268 40
-0.71640623 -2.5857408 -0.21747565 20
0.41980869 -2.5141084 -0.29045165 150
0.46599957 -2.4332469 -0.21740499 119.5
-0.36620158 -2.3040819 -0.28357446 0
0.46768323 -2.3823619 -0.262366 84
0.56099695 -2.3603756 -0.27256593 85.666664
0.62278295 -2.3763723 -0.23913886 15.5
5.643786 -2.3336623 -0.28880432 99
-0.3708142 -2.2900836 -0.23076767 2
5.673162 -2.2527268 -0.25715908 101
-2.8249569 -2.134768 -0.21525946 0
-1.8040906 -2.1915605 -0.28431824 10
2.3322587 -2.1313426 -0.24118909 8
2.8419945 -2.1745481 -0.24072219 26
5.6911917 -2.165807 -0.22670972 110
-2.8612156 -2.0958648 -0.25756443 24.5
-1.827029 -2.0709445 -0.21532899 16
-1.7855307 -2.0542076 -0.25392202 3.3333333
-1.6369046 -2.0029249 -0.27744272 1.5
-2.9096303 -1.9792199 -0.29475367 38
-2.8964009 -1.9530158 -0.29160678 30
-2.6614261 -1.9991597 -0.2774176 6
-2.194808 -1.9255419 -0.23494919 18.5
-1.6360118 -1.9695609 -0.2236537 0
1.9865887 -1.924126 -0.24191718 74.5
2.0391705 -1.9196525 -0.22888863 51
2.1386175 -1.947594 -0.22549471 34.25
-2.9183211 -1.8982738 -0.26088718 7
-2.1611693 -1.8846797 -0.28930843 22
-2.0604253 -1.8943684 -0.23651759 22.5
-1.9987794 -1.8311584 -0.28310889 61
-1.1084119 -1.7216554 -0.21822482 2
-1.0722097 -1.7193484 -0.25299719 212
-0.98155719 -1.7490852 -0.27392852 40.5
2.4693775 -1.7664512 -0.28618294 0
-1.9844095 -1.6986861 -0.28864363 50
-1.302052 -1.6565846 -0.27567297 13
-1.154711 -1.6590767 -0.27280581 231
-1.0820035 -1.6887106 -0.2036081 24
-0.56763572 -1.6569937 -0.2521812 5.3333335
3.4729681 -1.6096461 -0.27581358 10
6.3453956 -1.6675961 -0.29027939 72
6.3251615 -1.5626101 -0.27075988 71
-2.0475259 -1.4420068 -0.27531651 38
3.3408792 -1.4545643 -0.22804657 36
6.3331609 -1.4656051 -0.25457516 72
-2.0814772 -1.3396339 -0.2666063 23.5
0.59002113 -1.35676 -0.23790576 23
6.3807087 -1.3795741 -0.24192816 22
6.5540414 -1.3194625 -0.2357727 4
7.2581773 -1.3640155 -0.25112811 27
0.68681777 -1.2233752 -0.27018893 22
0.73367667 -1.2143948 -0.23490672 22.799999
7.3014221 -1.2609825 -0.24122056 83
0.76386601 -1.1973134 -0.24979492 18.666666
0.89165545 -1.1810434 -0.21437436 19
0.93924135 -1.1821719 -0.26034895 22.857143
1.0657934 -1.1621976 -0.22122996 20.333334
1.1471666 -1.1448609 -0.27520791 19.333334
1.2496898 -1.1294975 -0.24209481 24.25
1.3385024 -1.1213938 -0.23998179 14.166667
7.2279863 -1.1370211 -0.22993547 90
7.2294521 -1.0290112 -0.22281837 105
7.2916727 -0.92896158 -0.21961296 87
7.5418668 -0.84978968 -0.2254138 31
5.6764536 -0.46762744 -0.23026845 63
8.275692 -0.44801563 -0.25599453 41
5.5950451 -0.38372386 -0.22794381 78
5.7715788 -0.31946811 -0.23799312 11
-0.38126296 -0.26474902 -0.22819057 1
0.28148311 -0.20372908 -0.27883884 2
5.9671574 -0.250182 -0.25048816 42
-0.33774638 -0.17658025 -0.21221495 1.5
-0.24223264 -0.13027069 -0.23128104 0.60000002
0.3655847 -0.13928962 -0.22675005 1.8571428
0.43295115 -0.13764174 -0.26995799 1.8888888
6.1775398 -0.17687099 -0.2653566 25
-0.23183542 -0.097810894 -0.20507884 0
6.3983679 -0.097403839 -0.28249851 24
6.4286861 -0.038773622 -0.25323606 2.5
6.4724503 0.0238382 -0.22646433 0
-7.1764669 0.11967977 -0.29172125 30
-0.24955082 0.15589455 -0.23489317 1.4
-0.16870646 0.13766618 -0.25822219 1
0.33122325 0.16032653 -0.2551626 1.875
7.650929 0.13868119 -0.28690213 95
-7.1868181 0.25260115 -0.28385526 31
-0.41792077 0.2861501 -0.2375119 1
-7.2074394 0.38551572 -0.27873346 34
-0.22682407 0.32684571 -0.26715404 2
6.7894945 0.31213409 -0.28138039 6
3.5922511 0.42790696 -0.22895077 12
3.6398742 0.47402412 -0.21191373 68
3.7175765 0.44559568 -0.23925167 27.5
3.571929 0.56633848 -0.2605764 112.33334
3.6311772 0.54771441 -0.24515641 141
-7.6083045 0.69143569 -0.2870262 1
3.4356213 0.6642825 -0.28397766 90.333336
3.5409107 0.63151169 -0.27713266 71
-7.2787967 0.79632252 -0.27378115 5
-5.5196357 0.70116496 -0.25092995 0
-5.3509016 0.77355725 -0.22562443 43
-5.3084612 0.86281598 -0.2302351 63.5
-5.3056941 0.97098589 -0.20984665 56
-5.2976804 0.94481331 -0.26401094 65
-5.0144587 0.97879702 -0.25946563 20
-3.6597426 0.95220691 -0.2231985 20
-0.91240388 0.99445194 -0.25338826 7
-0.89486188 0.99953431 -0.20448455 7
-5.1677761 1.0424178 -0.2115992 73
-4.8916531 1.058448 -0.23520856 67.5
-3.6820824 1.0240948 -0.2361964 15
-1.0564675 1.067562 -0.22782601 6.4285712
-0.94225901 1.0131956 -0.25051841 7
-0.87730598 1.0489537 -0.25616527 7
3.6391697 1.0376004 -0.21319255 22
-4.8976226 1.1504844 -0.24666017 70.5
-3.7115757 1.1339586 -0.25775313 8.5
-1.0664425 1.1163939 -0.28036976 10
3.7701516 1.1545204 -0.25272989 16.5
-4.9052606 1.2723684 -0.22846079 40
-4.8980479 1.2147326 -0.28907683 51
-3.8039026 1.2704029 -0.28700694 10
-3.6083243 1.2667706 -0.28676993 25
-3.571624 1.2612127 -0.21912903 19
-3.348664 1.2376983 -0.24901609 21.5
-3.296154 1.282042 -0.25980514 61
-0.93668622 1.2284973 -0.29502875 2
3.3275125 1.2525884 -0.22651355 11.666667
3.5586808 1.2619243 -0.27498534 9.666667
-3.2829368 1.3552839 -0.24363676 59
-3.2792859 1.4600327 -0.27007538 58
-4.9181595 1.5717335 -0.27078003 32
-4.6641264 1.5814974 -0.27260005 1
-3.2731438 1.5648025 -0.29818738 62
4.9603682 1.5413605 -0.26635969 42
0.68545187 1.7559452 -0.23561025 44.400002
0.71446979 1.7364625 -0.27818444 44
0.95091069 1.7750131 -0.23606443 39.5
1.0258875 1.752718 -0.24463637 49.5
-1.266481 2.1429856 -0.25034484 3.5
-1.1699361 2.1634865 -0.26038402 3.5
0.033165015 2.1594889 -0.24501884 9
1.339889 2.1310127 -0.27485815 2.6666667
2.9745739 2.1453257 -0.25397038 8
3.1313925 2.1463587 -0.23215896 7
2.5260849 2.3622525 -0.25921667 47.333332
2.5212212 2.4414377 -0.23938596 45
0.65601361 2.5230317 -0.27683893 4
2.5371757 2.5641167 -0.27168959 32.5
2.4896567 2.6858754 -0.23122907 4
4.9450674 2.7958577 -0.224408 15
1.1077099 2.8210065 -0.28348473 122
4.9088445 2.8600721 -0.26720518 12
-2.8288116 3.0768213 -0.27127457 12
0.2817359 3.2995338 -0.20669177 61
0.27455392 3.3303351 -0.20905265 11
-1.3640786 3.4851792 -0.25648212 0
-1.1741221 3.4584696 -0.25632411 30
-0.9952634 3.4909663 -0.24376985 33
-0.93370557 3.5071712 -0.27512923 30
-0.85064465 3.5247116 -0.25281829 30
-0.45526567 3.5847511 -0.26488447 34.333332
-1.3070862 3.6700437 -0.22339886 15
0.16297153 3.6175618 -0.2950877 12
-3.8470986 3.7465715 -0.23267873 81
-3.5860994 3.8439107 -0.25209153 94
-0.2373606 3.8674016 -0.22624454 105
-0.085766725 3.9056799 -0.2085517 103
0.16402942 3.9888523 -0.24551257 150
0.21621053 4.0844994 -0.24484837 150
1.2489712 4.1736302 -0.21735865 12
0.32459009 4.2007475 -0.25516188 98
0.4507924 4.2390857 -0.24344805 29
2.7617354 4.3546762 -0.2386471 42
3.3441057 5.3035278 -0.22846627 83
6.3873806 -4.5636077 -0.13563466 1
7.0374599 -4.3888054 -0.11453387 0
-0.72427261 -3.989157 -0.10389137 141
-0.63434303 -3.9600286 -0.15824637 89
-0.27139735 -3.9071262 -0.14131391 112
-0.34394816 -3.8913941 -0.15173191 127
-0.24112958 -3.8678536 -0.17551315 126
-0.12386229 -3.8684866 -0.14855985 111.5
-6.6444259 -3.2815871 -0.10564676 35
-6.3018837 -3.2484388 -0.15145892 39
-1.125283 -2.8278842 -0.16184491 60
-0.99497336 -2.8086381 -0.19618911 66
-0.85869193 -2.8325577 -0.15036257 22
-1.1170182 -2.7255471 -0.11951907 24
-1.1771224 -2.6563125 -0.14187443 25
-0.80425334 -2.6853468 -0.13582954 17
0.29482302 -2.6399066 -0.189455 80
0.34800625 -2.6270335 -0.14423122 61.166668
0.4037571 -2.6016848 -0.1822768 72
-3.2711036 -2.5040548 -0.11781144 57
-1.9088448 -2.5461926 -0.11805525 7
-0.72345376 -2.5686302 -0.13166861 39
0.43772623 -2.5184791 -0.1187595 150
0.46793255 -2.4249709 -0.16336256 88
-3.0457499 -2.3179152 -0.14872894 11
-0.37855399 -2.2920856 -0.15363841 4
-3.0973773 -2.1239591 -0.10837214 0
-2.8467042 -2.1215005 -0.13907918 12.5
2.2524574 -2.1971209 -0.10121201 67
2.376729 -2.1481161 -0.13956779 74.5
2.4629993 -2.1565616 -0.12643619 65
2.7439334 -2.178638 -0.14592665 41
2.8528073 -2.1810393 -0.13421854 31.5
-2.8585963 -2.0994835 -0.170421 21.5
-2.289048 -2.0340071 -0.10030361 19
-1.8256952 -2.0479198 -0.16828689 8
-1.7567079 -2.0724833 -0.19650456 3
-1.6878355 -2.0333819 -0.12691233 8.5
2.2043176 -2.0283329 -0.1765646 61
5.7127461 -2.0808783 -0.19703376 104
-2.1788566 -1.9172223 -0.15051308 18.5
-2.0739148 -1.9033923 -0.15898892 21
-1.8635267 -1.9387836 -0.13836718 7.5
2.0565314 -1.9520323 -0.15993187 47
2.1471653 -1.961338 -0.14613926 30
5.7492409 -1.955958 -0.15754852 131
5.7850838 -1.8301433 -0.12017013 140
-0.74707699 -1.7089626 -0.10090344 0
-1.2685399 -1.6797287 -0.11388965 2
-0.57749021 -1.6627787 -0.16140196 0
0.62597221 -1.4463983 -0.12239324 14
3.3684914 -1.388129 -0.19749376 41
-2.0725853 -1.2499511 -0.15762392 33
0.68488312 -1.2203567 -0.13996342 21
0.7482329 -1.2122233 -0.16634461 23
0.82872099 -1.2086896 -0.1228163 26
0.72686148 -1.1980115 -0.17363535 19
0.85879815 -1.1885575 -0.15366426 19.285715
1.0539587 -1.1638079 -0.15936384 21.529411
1.1083956 -1.1564525 -0.10668668 24.5
1.2755483 -1.127351 -0.15086421 20
1.343037 -1.1274946 -0.17593268 38.42857
5.6587553 -0.53797859 -0.16209109 5
5.6806016 -0.45895356 -0.16313307 43
5.9010334 -0.39379916 -0.17265755 72
5.5811367 -0.21182872 -0.16979605 17
-0.34661257 -0.15701373 -0.13363397 1.1034483
-0.28020641 -0.14883487 -0.17730923 0.85714287
6.0955009 -0.14746077 -0.19443938 15
-0.24768536 -0.080108225 -0.14011703 0
-0.23657432 0.090607747 -0.13846998 0
-0.32393891 0.14517455 -0.13049272 0.9285714
-0.2733812 0.13777775 -0.16475207 0.94117647
3.6443849 0.42900974 -0.1992985 9
3.547523 0.73795873 -0.10902146 10
3.6029801 0.79713708 -0.1259677 19
3.59589 0.88626665 -0.15727068 34
3.6139283 0.8452279 -0.1414969 49
-1.0327268 0.9727869 -0.14083692 6
3.5765426 0.94325012 -0.14794788 21
-3.7014091 1.0865453 -0.1886034 14
-3.6734109 1.0055137 -0.1766293 12
-1.1049374 1.02772 -0.19585499 4
-1.0269222 1.0464954 -0.15650767 6.2222223
-0.9386481 1.0038283 -0.18887928 7
-0.85654944 1.0711625 -0.14293805 4
3.7130165 1.0146707 -0.19899803 24
3.8945775 1.0552374 -0.15016738 21
3.3203897 1.2670776 -0.16818103 7
3.3149719 1.3240989 -0.16288257 5.6666665
0.66495675 1.7624054 -0.15014136 44.714287
0.74312949 1.7599763 -0.14524318 55.25
0.95726675 1.7587231 -0.15455432 50.25
1.0020452 1.7413783 -0.12312721 45
0.91221279 1.8216772 -0.18518786 7
1.0881953 1.9636692 -0.11047137 3
1.4265006 1.938351 -0.11953422 2
1.5501007 1.9659629 -0.1047224 2
-3.1051641 2.1586392 -0.10964105 1
-1.2841519 2.135411 -0.18949015 2
-0.31978261 2.169888 -0.16167815 45
0.030335993 2.1798933 -0.16692755 3.5
2.533504 2.1991789 -0.11582182 70
2.8726902 2.1574087 -0.13360107 38
2.9491258 2.1538458 -0.14245656 36
3.0585542 2.1521325 -0.16743714 27
2.4971848 2.2590077 -0.1656536 60.5
0.50787634 2.3809805 -0.14202191 0
-0.37256378 2.4022334 -0.14603671 4
0.54043204 2.5478506 -0.10717698 0
0.63426226 2.5139506 -0.16493757 3.25
2.4982367 2.5406654 -0.13557325 46
2.5460987 2.5316381 -0.15415359 44.5
2.5229475 2.6372111 -0.19064218 34
4.9812632 2.7336533 -0.18301044 16
-0.4447673 2.8453739 -0.13548782 25
-0.39893401 2.84513 -0.14571097 15
-2.7881112 3.0229864 -0.15746069 17
5.5862813 3.0119805 -0.16112727 5
0.33784902 3.1817675 -0.1482739 13
0.3421827 3.2158482 -0.15074533 1
-1.332689 3.4926534 -0.16726884 55
-1.2061195 3.4613633 -0.10393336 25
-1.1345309 3.4675653 -0.14982134 30
-1.0662913 3.4837651 -0.19705489 34
6.4604492 3.4239464 -0.13628633 25
-0.94485456 3.5054255 -0.17368439 34
-0.85502666 3.5223596 -0.1658393 31
-0.55769283 3.5610371 -0.12108034 38
-0.48756593 3.5818977 -0.11826687 33
-3.8496242 3.7428837 -0.14451478 76
-3.5896931 3.8416359 -0.16307999 100
-0.31333977 3.8583012 -0.17255658 96
-0.092120312 3.8972211 -0.11375344 111
0.15340851 3.9678097 -0.14706084 140
0.20535816 4.0501943 -0.14348243 150
2.7936144 4.08848 -0.11657961 29
1.2538815 4.1782408 -0.10975727 12
1.3003291 4.188323 -0.19289348 23
2.5626004 4.1540837 -0.12826292 14
0.31968552 4.214622 -0.15316285 48
3.1144075 5.2092819 -0.19467759 79
5.8348541 -4.6557994 -0.043274645 18
6.2790084 -4.5827708 -0.04208469 3
7.1571693 -4.3169312 -0.048151579 16
-1.8786033 -4.251132 -0.0084015625 78
-1.6719611 -4.1728816 -0.046933215 105
-0.62367898 -3.9574568 -0.082618922 142
-0.34836674 -3.9003699 -0.02110837 137
-0.24963355 -3.8772898 -0.046252593 122.75
-0.16228996 -3.8729589 -0.039238114 103
-0.053766914 -3.8545666 -0.080853134 114.5
0.015585145 -3.8371503 -0.013841689 118.5
0.1054345 -3.8037903 -0.00047827599 40
0.21066207 -3.7782834 -0.072428703 142
-7.5797267 -3.4225805 -0.0016215787 95
-6.6830859 -3.1530325 -0.052418228 1
-5.2952356 -3.061002 -0.012718675 38
-4.8469076 -2.9000421 -0.044769276 15
-1.862609 -2.9763629 -0.031549942 63
-1.7726858 -2.9105701 -0.035263371 52.5
-4.5405192 -2.8113275 -0.075013101 15
-1.1710316 -2.8626587 -0.0088028656 86
-1.0404276 -2.8219099 -0.017371584 27
-0.96530741 -2.8432603 -0.075961076 27.5
0.35690331 -2.8897793 -0.026497629 105
0.44570494 -2.8448343 -0.024904754 150
-1.1275952 -2.716099 -0.07993833 23.5
-0.81613404 -2.7458258 -0.080146015 23
-0.63693249 -2.7391279 -0.039240252 156
-1.2123158 -2.6284237 -0.035433482 29
-1.172627 -2.6579709 -0.060860254 20.5
0.27282938 -2.6521351 -0.022946496 0
0.35740715 -2.6589544 -0.080830932 96.75
0.41995203 -2.6403379 -0.059491538 124.5
-2.0542049 -2.5602913 -0.056355961 86
-0.73737365 -2.5976133 -0.050768498 19
0.47861037 -2.553385 -0.0048356475 158
2.9635565 -2.5937295 -0.0017310054 76
-3.2720122 -2.4987361 -0.067666247 150
-2.1181607 -2.4614658 -0.0052553983 13
0.61409199 -2.4565778 -0.01606765 83
-0.38838243 -2.2935867 -0.052596658 23.5
2.1750398 -2.2008145 -0.0041159289 66
2.2139747 -2.2004652 -0.053117756 62
-2.8616257 -2.1041758 -0.061224896 28
2.1259236 -2.1913974 -0.045561869 90
2.4623256 -2.1609087 -0.070588149 45
2.5579255 -2.1541872 -0.056608573 46
2.6553733 -2.1701033 -0.042917073 39.333332
2.7436469 -2.1790161 -0.038167693 46
-2.8559532 -2.0992105 -0.016459268 90
-2.2549658 -2.0839434 -0.054983415 29.5
2.0781446 -2.0742612 -0.082443982 150
-2.2322817 -1.9769146 -0.030330542 22.5
-1.7242006 -1.9651839 -0.011090946 7
-1.6607506 -1.9514873 -0.041450024 83
-1.578818 -1.9539267 -0.069303825 30
-2.0535207 -1.8742861 -0.09765099 16
6.486567 -1.8710045 -0.086310521 55
-1.1653881 -1.7523546 -0.0395118 1
5.843307 -1.7581171 -0.098245963 39
6.3381863 -1.7243569 -0.061982635 71
-1.0925754 -1.627166 -0.0379862 1
-0.52844304 -1.6627727 -0.0043727057 34
6.3227768 -1.6214565 -0.041505989 79
-2.9876792 -1.5356363 -0.093251988 30
-1.0473017 -1.5837204 -0.058320653 2
6.3108673 -1.5195413 -0.023212899 79
6.3109756 -1.423601 -0.0058538886 150
-2.1053946 -1.2579916 -0.047401037 14
0.65636903 -1.2287644 -0.053173803 23
0.75408781 -1.2124296 -0.018158019 23.200001
0.86285728 -1.2032325 -0.078978412 24.25
0.91464812 -1.2009019 -0.043243501 26
0.83413267 -1.1957113 -0.065559573 20.799999
0.96142834 -1.1784586 -0.02790704 21.555555
1.0149583 -1.1655138 -0.083731271 19
1.1658745 -1.1502396 -0.053622827 22.666666
1.2195483 -1.1388211 -0.049541846 20.888889
-0.33393121 -0.15617423 -0.066569485 1.0714285
-0.27394268 -0.17159668 -0.025387855 31.527779
-0.27175158 -0.0075518247 -0.0011111395 0.27295491
-0.23656216 0.058824729 -0.082740188 0
-0.32334292 0.1412771 -0.074232407 0.60000002
-0.25969681 0.15111943 -0.044758134 3.5370371
-0.18660194 0.15890662 -0.02432864 1
3.689996 0.49289507 -0.038272973 75
3.7560065 0.45597211 -0.028949555 7
3.8764591 0.42414907 -0.019822609 7
3.6291389 0.55235469 -0.053595908 58
3.5561972 0.60222673 -0.0057023661 194
3.6116345 0.64836931 -0.058947545 29.333334
3.6271298 0.7328456 -0.064326726 46.333332
8.0090523 0.73560131 -0.006756586 10
3.5711799 0.82768714 -0.083706789 24.5
7.9597135 0.84260362 -0.025963742 39
-1.0004972 0.99324965 -0.090600729 6
-0.98499715 0.96596164 -0.032758191 6.5
-1.0079564 1.0455656 -0.083528385 7
-0.96622968 1.0203751 -0.032656129 6.125
-0.8572014 1.0413307 -0.052013166 6.8888888
-0.85604119 1.1162856 -0.016478907 1.5
-2.7514303 1.6734293 -0.027467918 31
0.68485737 1.729688 -0.0083581628 54
0.72353292 1.7467022 -0.071053617 60.200001
0.94704914 1.7641097 -0.076943405 42.666668
1.0057658 1.7555271 -0.064471424 41
1.151154 1.9419354 -0.080509685 2.3333333
1.2180851 1.9123993 -0.077177018 4
1.4712993 1.9629452 -0.08867307 2
1.5271723 1.9636713 -0.063611582 0
-3.1210511 2.0864425 -0.082085267 31
-3.0861487 2.1519301 -0.0098762335 6
-1.0589888 2.1709478 -0.031615041 2.5
-0.32518461 2.174197 -0.06633018 21
2.5891492 2.19508 -0.085600078 40
2.6455123 2.1909773 -0.054682251 21
2.7512383 2.1758199 -0.03126635 31
2.8575764 2.1524944 -0.053040668 55
2.9389169 2.1534467 -0.061764281 54
1.2450126 2.3913164 -0.040534839 1.6666666
1.3152378 2.3802543 -0.030157275 2
2.4884703 2.3446875 -0.026464909 61
0.58727628 2.4701347 -0.053437598 0
1.2686508 2.4308553 -0.033506792 3.5
2.4962234 2.4624763 -0.089830324 59
-3.9008565 2.555845 -0.070852593 41
0.57155663 2.5376613 -0.062607847 2
0.61724871 2.5206966 -0.047972202 3.3333333
0.86873287 2.6229148 -0.071630709 3
0.93506902 2.6513994 -0.034044411 2.3333333
2.5279675 2.6195056 -0.062192097 26
-0.42624414 2.8534434 -0.030952068 101.66666
1.9600964 2.9349651 -0.043517828 5.3333335
-2.7976401 3.0256701 -0.049356822 10
-5.0894756 3.1286922 -0.012827595 61
0.39473456 3.1281333 -0.09632314 60.5
0.44429481 3.1299281 -0.0461566 91
0.52545273 3.165287 -0.014010605 7
0.17817876 3.2893398 -0.019090753 18
6.7070384 3.4489236 -0.089727655 30
6.9355655 3.454129 -0.039664868 105
-1.2944053 3.5031221 -0.057592127 51
-0.95249313 3.506851 -0.047507949 44.5
-0.86108917 3.5180395 -0.079112858 47
-0.66413879 3.5415797 -0.049404182 64.5
-0.4714824 3.578702 -0.046622191 38.5
-3.8536403 3.7386823 -0.056496628 72.5
-3.593276 3.8373623 -0.074073821 92
-1.4798949 3.8437736 -0.012767975 57
-0.097562216 3.8867574 -0.017880831 111
0.14486459 3.9557679 -0.049427826 123
0.19384955 4.0079112 -0.04354706 150
2.835736 4.0170803 -0.056997944 33
1.1807348 4.180161 -0.028905343 19
2.6126454 4.1035204 -0.058808919 25
3.7700992 4.4502969 -0.056840871 18
3.679929 4.5203996 -0.042497318 53
2.9097724 5.1656628 -0.042704541 74
5.7396178 -4.6699843 0.051046651 87
5.8386955 -4.6242323 0.066024914 32
6.1486082 -4.5790248 0.051219951 9
-1.9743177 -4.2663174 0.040576857 76
-1.676246 -4.1807365 0.044990592 112
-0.62817919 -3.9685092 0.09220022 117
-0.38491637 -3.9033015 0.033408254 2
-0.35190171 -3.8986828 0.064947285 136
-0.25810078 -3.8797235 0.082520418 121
-0.058688737 -3.8598313 0.061433509 91
0.063720882 -3.8146715 0.082548037 42
0.14827619 -3.7912064 0.051674046 93.5
0.21249978 -3.7790034 0.092949472 150
-7.6195369 -3.274039 0.053692102 109
-3.2777519 -3.1601791 0.031181753 7
-3.2378917 -3.0588825 0.082099274 29.5
-0.67126602 -3.0115576 0.069396086 47
-5.3458376 -2.9684746 0.022736713 150
-0.80023068 -2.9149663 0.056152306 64
-0.6107738 -2.9585245 0.028579019 10
-1.7455671 -2.8542984 0.061126884 41
-1.1723945 -2.8695714 0.055242226 62.5
-0.84855884 -2.8755643 0.077502035 79
0.32635367 -2.8963315 0.035318613 22
-1.8860246 -2.6697249 0.0838411 50
-1.5573336 -2.6221938 0.03526685 88.5
-1.4298772 -2.6111293 0.085556284 26
0.23143706 -2.6685314 0.038427666 22.5
3.0067651 -2.6980424 0.049534824 23
3.1057038 -2.6952362 0.070537157 31
-2.0379667 -2.5163493 0.028931271 60.5
-1.363193 -2.5863106 0.054521013 5
0.56209701 -2.5064969 0.091659606 86
-2.1588743 -2.4229147 0.022676412 4
0.54531068 -2.478992 0.048690517 78.400002
-0.4618971 -2.318891 0.058195375 7
-0.39170519 -2.3121185 0.035131432 7.5
-0.40028042 -2.2950149 0.074042894 5
2.6580417 -2.162379 0.032386038 35.333332
2.7277026 -2.1410761 0.010713725 16
-2.6965768 -2.0065451 0.0034565395 10
-2.2249115 -1.9690832 0.033690918 5
-2.1378906 -1.9473474 0.013521704 5
-1.7187831 -1.957062 0.053747047 49
-2.3126202 -1.8571651 0.078987703 17.5
-2.3775215 -1.7161043 0.062212367 51.5
-1.2551564 -1.7445747 0.019008897 2.5
-1.0681041 -1.7069471 0.075412482 3
-0.75758421 -1.7036794 0.013412799 2
-0.62017179 -1.7167559 0.038618255 3.6666667
-1.1150497 -1.6892772 0.0022920882 2
-0.5512172 -1.6688712 0.04970124 3
3.2626235 -1.6642842 0.020457877 29.5
3.332763 -1.6153525 0.058160875 32
-2.9955518 -1.5328565 0.029007006 58
-2.4148436 -1.5952446 0.053973861 49.5
8.021225 -1.5986472 0.030125484 1
0.58443195 -1.4763408 0.064985387 5
8.1089849 -1.4935408 0.046036787 84
6.4150662 -1.3504696 0.010353132 5
0.62340641 -1.2298853 0.053020801 18.5
0.75579047 -1.2188934 0.045278151 37.875
0.80755913 -1.2152128 0.089314714 25.5
7.2294993 -1.2101431 0.052953117 104
0.95598722 -1.1809385 0.040477894 20.923077
1.0355771 -1.1734098 0.075282425 24.4
1.1527352 -1.1506793 0.047628533 18.25
1.2625021 -1.1338688 0.021054994 25
1.3313643 -1.1341999 0.066607028 32.200001
1.4166179 -1.1941209 0.074099369 0
7.2528129 -1.1051333 0.06359797 33
8.4173307 -1.1730957 0.083137043 100
8.3903408 -1.0431644 0.091207325 96
8.3640232 -0.91522324 0.09713833 94
5.8568921 -0.36963984 0.071989045 17
5.555347 -0.27016252 0.067628793 34
6.0439763 -0.21228084 0.071602002 150
-0.25987804 -0.18140148 0.0022623865 11
6.0854883 -0.12718628 0.069138542 17
-0.32369465 -0.0074684597 0.090240218 0.4952741
-0.26435485 -0.0019387535 0.030446453 0
0.58233833 -0.00089618942 0.005109454 0.2044818
0.60209411 -0.00016833932 0.0038367342 0.86255926
8.1747589 -0.058439124 0.087714337 102
0.55478382 0.00025180043 0.0082186908 0
8.1510496 0.057564639 0.079422221 98
-0.22363329 0.1579026 0.00064930232 9
8.1173925 0.17356132 0.068471655 97
8.1015406 0.28645974 0.056224931 90
6.8521729 0.33428746 0.036662497 0
3.7225242 0.47921866 0.03947464 150
4.1061745 0.48024434 0.058226544 150
3.5649703 0.55521971 0.0097007109 174
3.6409192 0.51821905 0.024637103 158
5.3961124 0.57634467 0.097203083 2
8.0404978 0.51149076 0.027813323 108
8.0456438 0.62658095 0.011245909 1
-1.0516473 0.91472018 0.053981975 3.5
-0.96675473 0.94622874 0.048163787 7.090909
-0.99265987 1.0149728 0.027901612 2
-0.82801419 1.0281835 0.059645634 7.6666665
3.3083403 1.251138 0.077375621 32
3.2953012 1.3198056 0.048002183 33
3.3132133 1.377982 0.028309254 14
-3.27613 1.5606961 0.096727505 69
-2.8955576 1.5610679 0.032238688 80
-2.7627645 1.6752342 0.05584465 31
0.68174225 1.6780372 0.064475998 57
0.71703297 1.6806257 0.082936525 16
0.93195194 1.6812143 0.094713554 62
0.65557599 1.7357428 0.034167998 41
0.88070202 1.7479891 0.065053478 41.5
0.90893364 1.7062198 0.069587506 50
0.62660027 1.8031898 0.018127691 3
-1.7249802 2.1066229 0.027848098 1
-1.2180504 2.1422513 0.067889147 3
-1.145545 2.1500931 0.025326645 3
-1.0571753 2.1631863 0.049370904 3.3333333
2.5097477 2.1961963 0.070503749 75
2.672899 2.1536863 0.096721955 58
2.7309206 2.1572034 0.029714568 57
2.825485 2.1523027 0.041272938 63
2.4875815 2.2390108 0.032635998 44
1.1958766 2.3520694 0.092384458 3
1.2595074 2.3718712 0.037467148 3.5
1.3175642 2.3849928 0.065938488 4
1.4249928 2.3838902 0.058447544 4
-3.6773651 2.4953158 0.019466333 13
1.3711728 2.4130599 0.004829484 5
0.50233901 2.6168892 0.0050898148 2
0.97355032 2.6592822 0.017752413 1.5
-0.41525328 2.8471348 0.063715264 116
1.9483901 2.9383039 0.050799262 7
-5.2502794 3.0992441 0.026421033 57
0.17122029 3.2812369 0.060612995 40
0.49113584 3.2905755 0.047381423 150
0.54619449 3.3118868 0.053577654 150
-5.1782885 3.4383898 0.069480531 60
0.53456408 3.4581046 0.059171319 150
0.70588064 3.4769022 0.07694266 70
7.1182179 3.4302158 0.01165172 69
-0.95925564 3.501246 0.077866137 82
-0.8600769 3.5117123 0.055821974 123.33334
-0.77057242 3.5211205 0.022269491 128
-0.66343719 3.5448205 0.084106691 77
-0.59131217 3.5519168 0.035431668 54
-0.49700022 3.5656979 0.055524573 39
0.4861604 3.6485767 0.0016006223 24
-3.8627017 3.7379475 0.031542502 70
-3.6008527 3.8350677 0.014552879 93
-3.4779537 3.8538909 0.0036470173 25
-0.12392865 3.8802538 0.069590226 102.5
-0.065782957 3.8933384 0.011420197 81
3.1852603 3.8703892 0.060166057 41
6.2101417 3.8562398 0.095044032 51
0.024138441 3.9129081 0.06281691 78
0.15742204 3.9341707 0.050237793 135.5
2.6661186 4.0600061 0.0085129989 62
2.9305587 4.0348783 0.0019535115 2
1.1573232 4.1672688 0.048161373 20.666666
1.2513489 4.1862192 0.034825236 25
6.3775301 4.1031389 0.023028158 5
2.9621654 4.4665833 0.084148958 150
3.7163575 4.4686694 0.027395494 33
2.6171675 4.621707 0.066806264 3
3.8505325 5.4206018 0.080422916 81
5.7646976 -4.6610403 0.16132295 74
6.0594745 -4.6040969 0.14385733 33
-1.6749882 -4.2027264 0.14326642 94
-1.6784708 -4.1815782 0.13616332 107
-0.33387387 -3.9054718 0.14429405 123
-0.26357347 -3.8893445 0.1683746 126.5
0.049204361 -3.8235219 0.16436705 64.25
0.15112652 -3.8073339 0.11701638 124
-7.1587219 -3.7036614 0.11993122 45
0.17175421 -3.7967448 0.17639314 113
0.21796775 -3.7879298 0.18157652 127.5
-6.6275878 -3.2720048 0.14829914 14
-7.6075492 -3.1033456 0.10562456 150
-0.75139272 -3.1615987 0.11499774 150
-3.231843 -3.0031211 0.13563164 20
0.35155654 -2.9038119 0.19469054 19
3.7234571 -2.9603589 0.19257271 21
3.8241839 -2.9934719 0.13349777 8
-2.0436566 -2.8110914 0.12838459 23
-1.680415 -2.8838313 0.16394642 57
-1.0349995 -2.8296654 0.19454177 150
-0.96060485 -2.8751254 0.14560109 88
-0.81834 -2.8734038 0.1342331 84.333336
0.34859395 -2.8959653 0.18568249 15
3.1110268 -2.874141 0.1043894 162
-7.2223706 -2.7876525 0.14598912 255
-1.1549467 -2.7557743 0.11078073 17
2.990495 -2.7919888 0.16133276 51
3.0162048 -2.7170553 0.18401764 25
3.3248365 -2.716985 0.10781366 1
-1.6485585 -2.6885006 0.18503495 20
-1.5973176 -2.6809134 0.11858442 121
3.0256009 -2.6678541 0.12668082 56
-2.0584838 -2.5272603 0.10728556 49
-1.6135203 -2.5848284 0.1772262 17
-1.2743421 -2.5664027 0.19631857 23
-1.0909585 -2.5129917 0.16225475 32
-0.79106838 -2.5326321 0.19620883 154
0.5372746 -2.5267677 0.149799 79.666664
0.64927155 -2.5069711 0.16779697 19
-1.1155823 -2.4549601 0.17139257 30
-0.7451179 -2.406867 0.15874016 29.5
0.61951876 -2.4948568 0.13687922 59
-0.61294073 -2.366719 0.19279113 19
-0.54488534 -2.3516617 0.14828935 3.5
-0.44989881 -2.321003 0.15524606 19.428572
-0.36594751 -2.310467 0.12383356 8.333333
-2.3593893 -2.124052 0.17412248 8
-1.689568 -2.0066891 0.18192713 11
-1.5792421 -2.0043569 0.12195214 4
-0.47474676 -2.0496452 0.18247804 18
-1.71703 -1.9681662 0.15465426 16.666666
-1.6514544 -1.9767447 0.14718705 8.5
-1.2467284 -1.8524989 0.19349693 14
-1.0523359 -1.821178 0.1930676 62
-0.89785665 -1.881875 0.19921622 106
-2.3676517 -1.7241794 0.14478196 46.666668
-2.0505073 -1.7806332 0.19485463 140
-1.1704277 -1.7401899 0.14577971 19.666666
-0.88024724 -1.7610782 0.18211702 22.5
-2.3782792 -1.6711872 0.16346125 51.75
-0.62361944 -1.6938789 0.17519066 34.5
-0.54903263 -1.6756669 0.15709653 26
-2.4150591 -1.5841204 0.15117757 48.75
3.2851737 -1.4118448 0.12100838 34
3.3189969 -1.4876486 0.10160354 19
3.3562708 -1.3613747 0.15269996 25
0.67328817 -1.2333273 0.15070532 24.799999
0.71792132 -1.2205805 0.15440468 22.5
0.85234928 -1.2071536 0.14028934 23.714285
0.91700906 -1.201827 0.19010241 26
1.3827219 -1.203197 0.10244419 0
0.88733143 -1.1932249 0.16887267 18.666666
0.90935981 -1.1890192 0.14178604 19
1.0847569 -1.1664261 0.14710391 20.625
1.132803 -1.160002 0.15116096 23
1.2785052 -1.1391091 0.19770199 21
1.3287781 -1.1516205 0.15132871 9.166667
1.4431221 -1.182348 0.12605353 2.1428571
1.5255681 -1.1804395 0.1748497 1.6666666
8.3412333 -0.78927279 0.10229611 100
8.3169584 -0.66430789 0.10323367 99
0.57949084 -0.0009732059 0.1159006 0.0016233766
0.60773993 -0.0010604402 0.11231195 0.03265306
0.56367594 9.8797726e-05 0.11736306 0
5.4535422 0.45983207 0.12412919 0.5
-1.0685648 0.8791461 0.15360634 0.33333334
-0.95060915 0.88640881 0.17807607 8
-1.0787909 0.90013701 0.11214652 0
-0.95565552 0.9356913 0.15124542 6.7777777
-0.8974753 0.99599791 0.18607335 7
-0.92174196 1.0065539 0.13996544 8
-0.83791101 1.0148057 0.14127477 8
3.3468082 1.1925337 0.10640653 30
3.6156073 1.1998576 0.15371783 25
-3.3131213 1.223382 0.17531572 27
-3.2969291 1.2855607 0.16078083 64
3.5748737 1.2378925 0.13412891 33
-3.294049 1.354407 0.14652391 64
-3.2872188 1.4533501 0.14751275 44
-3.2753258 1.5561624 0.17332199 49
0.67436069 1.6767424 0.12592663 45.666668
0.74897963 1.6798044 0.15896063 46.42857
0.95443636 1.6668534 0.16375618 53.666668
1.0123975 1.6983578 0.15352581 31.5
0.6372242 1.7325989 0.11546832 34.5
0.78264266 1.7145698 0.12786931 13
0.84828568 1.7113533 0.13347465 30.5
1.0008919 1.7242968 0.15013498 42
-1.2354237 2.14363 0.17091513 3
-1.1586878 2.1478431 0.12638286 3
-1.0478072 2.1543014 0.13547541 6
-0.32194048 2.1646667 0.1537115 36.5
2.5674443 2.191889 0.11031066 5
2.648279 2.1587698 0.16924547 62.666668
2.7454505 2.1554379 0.12136146 63
-0.26597238 2.2138727 0.15830992 22
0.6184175 2.2774129 0.18208036 2
1.2245314 2.3480594 0.10772301 3
1.3781815 2.3870668 0.12624666 1.5
1.4928021 2.3897805 0.11215945 3
1.2230126 2.4449728 0.15356435 4
1.4504751 2.4202747 0.19006689 3
-0.42076874 2.8438082 0.13148735 106
-5.7343731 2.9808776 0.14300114 26
-5.6837997 3.0883954 0.10676669 53
0.65340424 3.3994648 0.16174053 36
-5.5758862 3.4018228 0.15710659 77
-0.97434646 3.492847 0.16304879 101
0.65814722 3.447577 0.15769798 62.5
-0.91219491 3.5011814 0.11600474 150
-0.84059072 3.5117812 0.17882684 150
-0.73251039 3.5297263 0.13192521 150
-0.5025624 3.5681081 0.14041024 40
0.20990433 3.5891681 0.14369543 150
0.59403729 3.5193257 0.11413689 86
0.45419201 3.640419 0.14837602 94.75
-3.9000149 3.7340822 0.11779058 63
-3.8443937 3.7373345 0.12027531 62
6.2240152 3.7370749 0.16383465 72
-3.6102805 3.8241367 0.14866078 93
-0.30018133 3.8429501 0.16547632 101
-0.22270417 3.853071 0.11419632 104
-0.12011243 3.8768671 0.16882555 103.5
-0.054077767 3.8938973 0.11677932 93
3.1837478 3.864526 0.18353702 12
3.2440035 3.8730934 0.11136188 0
0.15264556 3.9425154 0.14472905 140
3.1100156 3.9079952 0.17523742 11
1.1190736 4.1490073 0.13425712 26
1.2389884 4.1855617 0.12468562 25
3.0235076 4.4211469 0.15917844 84
2.6145759 4.51823 0.103367 45
3.5617454 4.7709718 0.14146043 19
3.8309093 4.9184723 0.14277962 63
2.7920582 5.0551996 0.19830622 150
2.7798998 5.1060672 0.1630473 68
5.9856033 -4.6391053 0.23698261 79
-1.8609213 -4.2470565 0.26274285 90
-1.766991 -4.2248893 0.20175087 96
7.9112778 -4.1517596 0.21005236 48
-0.47284001 -3.9493282 0.23276031 135
-0.35796475 -3.8493006 0.23631503 5
-0.26898918 -3.8554645 0.25327462 128
-0.022871772 -3.8374586 0.250496 42
0.042006068 -3.8181176 0.25883517 93
0.14614053 -3.8075778 0.256473 55
0.13122386 -3.7974803 0.25897956 107
-7.5457053 -3.5811296 0.21095073 108
-7.5726938 -3.4323931 0.25214222 108
-7.6134844 -3.2897727 0.29049417 118
3.6127799 -2.91326 0.24932384 24
3.7390113 -2.9609933 0.26482424 17
3.8116882 -2.9653537 0.20518424 3
-7.7093658 -2.8192329 0.20459025 120
0.37110871 -2.8938437 0.26502025 63
0.43333516 -2.8813851 0.27239162 115.66666
3.0983391 -2.8677297 0.24792111 156
2.9203777 -2.7929401 0.24716991 49
-7.7475462 -2.6686265 0.25158265 117
0.48093319 -2.6019404 0.26153466 105
-7.7776895 -2.515996 0.29800016 120
-1.6583889 -2.5866501 0.2101922 10
0.49592471 -2.564214 0.23660593 71
0.50962639 -2.5494311 0.20254265 79
-0.99218518 -2.4831157 0.20144036 73
-1.9457084 -2.3073325 0.29679468 0
-1.5726357 -2.3196852 0.21805459 5
-1.2555196 -2.3924088 0.21754822 16
-0.80180961 -2.3726399 0.21797355 23
-0.49799669 -2.3160601 0.24612552 3
-2.5004275 -2.2062697 0.21150911 4
-1.9395066 -2.2489817 0.27200085 26
-0.9862147 -2.2980537 0.2144331 16
-0.46435317 -2.288141 0.25749424 23.666666
-0.50643945 -2.1395531 0.21294403 28.5
-1.7903315 -2.0983639 0.23418503 6
-0.76495153 -2.0291049 0.29363248 20
-0.6437422 -2.0282269 0.21585949 51
-2.3110709 -1.945372 0.21218862 35
-1.7398368 -1.9882545 0.20854828 7
-1.4426637 -1.914216 0.22833867 7
-1.3907549 -1.9095908 0.20358174 15
-1.2744379 -1.9274633 0.23580176 2
-0.94507629 -1.921374 0.28127477 22
-0.74705392 -1.9816154 0.21006562 28
-0.62737572 -1.907635 0.29013655 47
-0.5226922 -1.9417932 0.21814355 28.5
-2.3397307 -1.8636901 0.2427434 41.5
-1.1318978 -1.8163153 0.24680331 7
-1.0890768 -1.8122427 0.21909504 18
-0.65223366 -1.8304458 0.27452397 39.666668
-2.4130545 -1.7282395 0.22455737 23
-2.0210822 -1.7814512 0.20114259 139
-1.9604334 -1.7088727 0.23134165 42
-0.96044147 -1.7807488 0.24543412 20
-0.88081712 -1.7438864 0.22398761 5.75
-0.74663585 -1.7166153 0.2311656 27.333334
-2.3449233 -1.662484 0.21714574 150
-1.9599169 -1.6865343 0.25166592 23.666666
-0.6288588 -1.6843078 0.21156509 13
-0.53758436 -1.6704869 0.22013661 18.25
-2.4166481 -1.5747361 0.22411183 72
-2.0387919 -1.4303199 0.24049442 38
0.89758772 -1.4597459 0.27715647 14
0.91026366 -1.4608992 0.26919204 14
-2.3488879 -1.3200774 0.27368039 10.5
-2.1239104 -1.3093309 0.20411408 151
-2.0526049 -1.3399051 0.26527366 41.666668
-1.9986559 -1.3654978 0.27972999 3
0.6140272 -1.3126234 0.23435318 12.666667
1.3364277 -1.3156338 0.29295182 10
-2.1419199 -1.2704439 0.22242855 19
-2.0569735 -1.2668235 0.29054743 20
0.64896238 -1.2610294 0.22511747 19.5
0.75049257 -1.2245637 0.2259564 25.799999
0.85620368 -1.2150451 0.22464386 14
1.3268127 -1.2688417 0.27513668 8
0.86680275 -1.1938152 0.21561179 18
0.9557656 -1.1892799 0.23321888 21.200001
1.0669053 -1.1703582 0.21048537 17.5
1.1824734 -1.1498235 0.20563272 22
1.2468621 -1.147631 0.23774397 19.375
1.3059336 -1.1512566 0.20094724 17
1.4902191 -1.1800086 0.28774208 3
1.537992 -1.1718621 0.23826112 2.875
5.5624871 -0.25275174 0.21874984 5
6.0839877 -0.18470854 0.23579627 20
5.6223888 -0.080727205 0.20850815 17
6.0475631 0.0053122169 0.21733937 31
8.1328602 0.13647008 0.28342208 104
8.1091995 0.26548511 0.26615846 104
6.9490643 0.33241558 0.20936064 3
8.0426512 0.51651436 0.22418991 91
-0.95827156 0.86896515 0.25951326 7
-3.67998 0.99905384 0.2591866 14
-0.95168585 0.91408426 0.2269503 8
-0.86260682 0.99314678 0.28389597 8.5
4.0218992 0.96891868 0.28877842 150
-3.6388884 1.0483643 0.27388611 3
-0.93173105 1.0009311 0.20318435 4
-0.83780783 1.0141094 0.24432044 8.3999996
-0.78866696 1.063859 0.26689881 7.5
3.9037755 1.0809591 0.24088123 150
4.1553602 1.1003247 0.27582973 150
-2.1250255 1.3479288 0.29953107 5
-1.9427408 1.3909507 0.29406941 4
0.74499053 1.6539227 0.24917582 58.222221
0.87392449 1.6694155 0.269021 61
0.94842899 1.6462297 0.25718358 56.099998
0.83460206 1.7113887 0.24811816 76
5.3789687 1.7321079 0.29703042 54
5.8033228 1.9781444 0.29393563 68
-1.0559673 2.1545589 0.21355212 7
-0.32258767 2.1600192 0.28240898 49
2.5692227 2.1582706 0.26527694 64.666664
2.6306014 2.1536479 0.23803279 62
3.2363732 2.142628 0.2513409 18.333334
-1.0813806 2.2109542 0.26999879 21
-0.19947904 2.2222846 0.24416001 16
-1.0601811 2.3426456 0.25740042 12
0.39815074 2.3002071 0.29829726 48
0.43449894 2.3007631 0.29832357 19
0.57784897 2.3356504 0.27733213 65
0.8676815 2.387105 0.25759432 146
0.89979011 2.4343305 0.23119973 90
0.93906718 2.4274573 0.26976025 12
1.2515497 2.4820483 0.27180964 14.5
2.4913051 2.569773 0.27630237 47
2.4841695 2.6470635 0.24245611 25
-0.42933005 2.8388028 0.23613158 150
-0.21817362 2.8915384 0.29867622 7
0.37940273 2.9950268 0.29227421 51
-5.7285447 3.040657 0.26876578 26
0.42350617 3.0036964 0.2933487 75
0.60851628 3.1491261 0.27024493 78
-5.863987 3.269532 0.24170817 55
-5.7500772 3.3570986 0.2005038 58
-1.1235898 3.4542789 0.25601414 39
-1.0536969 3.4712396 0.20971537 60
-0.95728457 3.4885941 0.26122078 98.5
6.2430854 3.4938393 0.295818 84
-0.88027436 3.506537 0.24600914 127.5
-0.51150119 3.5586772 0.26165095 42.5
-0.44355983 3.5708759 0.25103486 34
0.20828359 3.617059 0.23093875 5
0.37436613 3.6661451 0.25819749 117
0.42602682 3.661907 0.2589291 52
6.232172 3.6139307 0.23124701 87
-3.9263682 3.7376399 0.24886934 77.5
-3.8750043 3.7453237 0.253474 65.5
-3.6318042 3.8221371 0.28263324 90
-0.20831192 3.8558741 0.22080939 103
-0.11530166 3.8723884 0.26266775 110
0.15903835 3.85606 0.24114253 150
0.12282638 3.9376423 0.23676562 126
2.9840283 4.0542531 0.28726161 2
2.935972 4.1158428 0.21852583 25
3.6207085 4.6816068 0.23608984 45
2.7522855 5.1296692 0.28106868 93.5
5.8982544 -4.659174 0.33051148 71
-0.49772167 -3.8719952 0.3155483 0
-0.36047173 -3.8656085 0.32239327 119
-0.27459767 -3.859087 0.3406314 112.5
-0.034345217 -3.8392422 0.33884963 65
0.088638477 -3.8092496 0.34381309 110
0.21156561 -3.7891777 0.31962475 53
-7.6440349 -3.1440611 0.32806027 118
-1.8827432 -3.1902568 0.39244449 37
3.6397359 -2.9267588 0.32198164 22
-7.7103782 -2.8526721 0.39706874 121
-7.2148705 -2.8102822 0.34032241 255
0.3956944 -2.8857651 0.3436521 50
0.43605158 -2.8611233 0.36914 102.33334
3.4222512 -2.8369131 0.35835287 27
3.5243597 -2.8783262 0.34070861 24.5
2.982574 -2.7935507 0.30170438 35
0.4641315 -2.6472464 0.30007437 150
0.51828456 -2.6404152 0.32402757 150
0.55233485 -2.5957828 0.35280266 101
-7.8158813 -2.3653631 0.3413828 121
5.6421185 -2.3286705 0.32533708 97
-1.9604846 -2.2704184 0.32511419 27
-0.44790509 -2.2475336 0.3453196 20
5.6706858 -2.2387946 0.35655281 101
5.6978335 -2.1469223 0.38780585 108
-7.3644471 -2.0693595 0.35997158 255
-1.1160433 -2.0148783 0.31788319 53
-0.91416055 -2.0086951 0.32888263 24
-0.80108678 -2.0096633 0.31741276 36
-1.3356694 -1.9076424 0.36381656 2.5
-1.1192364 -1.9169284 0.32783774 82
-0.93439358 -1.8689802 0.35474941 82.333336
-0.84008718 -1.862919 0.34470925 86.666664
-0.74153465 -1.8396393 0.36907333 99.5
-0.6653586 -1.8317094 0.33587557 73.888885
-2.0694294 -1.7728648 0.38969904 1
-2.7643385 -1.4792649 0.35647273 17
-2.0712678 -1.4135554 0.3352966 52.25
0.85606438 -1.4425148 0.31667206 59.833332
-2.3159111 -1.3125397 0.35871291 54
-2.2224627 -1.3951293 0.36496553 4
-2.1685362 -1.3477312 0.38538092 14
-2.0636067 -1.391217 0.3718237 25
1.332189 -1.3386031 0.34857434 20
-2.3134656 -1.2545192 0.36881727 34
-2.1487691 -1.257828 0.3186948 3
1.3425575 -1.2377192 0.30700222 7.6666665
1.365195 -1.1817203 0.33732325 3
1.4483463 -1.1766447 0.3530294 2.8333333
1.501465 -1.1793519 0.3150844 6
1.6213789 -1.1527029 0.36604893 8.333333
8.405797 -1.0906564 0.35220164 95
8.3768063 -0.94664264 0.35341308 94
8.3378677 -0.80462927 0.35196972 94
8.3031454 -0.66461575 0.34903967 90
8.279686 -0.52660137 0.34308407 102
4.1813993 0.55257577 0.39622381 11
-1.0233448 0.8539322 0.3849498 0
-0.96698046 0.86916125 0.35199058 7.0999999
4.0150647 0.87975603 0.31056812 12
-3.6719615 0.96831137 0.31300011 1
-0.92468911 0.98132765 0.31905901 6
-0.85842675 0.98636508 0.34085289 7.25
-0.82544899 1.0127518 0.34826437 8
-0.79375464 1.0295571 0.3061738 9
3.3688691 1.1846428 0.38451084 30
-5.1316886 1.2245157 0.396566 18
-4.8760729 1.2557583 0.36297271 8
3.3215165 1.2515714 0.34552789 31.5
-2.3503444 1.3225625 0.37544301 100
-2.2579589 1.3491786 0.37334079 75
-2.1696947 1.3498551 0.34524226 39.5
-2.0895069 1.3824316 0.34467044 31
-1.9944798 1.3717489 0.31559402 8
3.3416312 1.3495235 0.31315169 26
-1.8065178 1.4669448 0.38076004 96
-1.7702434 1.4579271 0.33836165 42.799999
-1.6455064 1.4884007 0.34316635 55
-1.5875201 1.4787223 0.30566785 11
-1.629459 1.504143 0.38306716 96
-5.172998 1.6503693 0.34189543 1
0.68201435 1.6345342 0.35300326 51.400002
0.71072763 1.630669 0.31110916 57
0.86320734 1.6413969 0.34735519 55.799999
0.93987894 1.6421833 0.33959341 51.142857
-1.9918898 1.7168463 0.30800483 0
-2.7888482 2.0854666 0.35018307 7
6.4137754 2.0039382 0.39240909 46
-5.0755615 2.1747103 0.33497757 38
-0.3496114 2.1601527 0.34184062 29
-0.20766792 2.1857617 0.34869924 54
2.5312328 2.174567 0.34660554 65
3.1761751 2.1295426 0.35560098 48
3.2465355 2.1149473 0.35667059 29.5
-2.626569 2.2254355 0.35345128 4
-0.37139702 2.2821879 0.32949114 14
-0.059238128 2.2104979 0.33766735 59.5
0.0015592785 2.2186127 0.34000245 29
0.3774564 2.2737434 0.34242588 99
0.41436908 2.2763379 0.34377331 21
-0.42015892 2.3253765 0.36744961 8
0.55552381 2.3712366 0.32791802 2
2.4814913 2.308928 0.36245063 0
0.90882659 2.4124224 0.30114272 12
1.2362701 2.4629326 0.36892608 0
1.342693 2.4931633 0.35223377 2.5
2.4917245 2.442348 0.32180536 22.5
-0.25741667 2.536 0.33108613 18
-0.4400714 2.8318164 0.33008698 7
-0.27696922 2.8605857 0.33414635 51
-0.18356951 2.8828883 0.34808034 55
0.02237054 2.9270649 0.34549755 66.5
0.10514916 2.9428201 0.34859547 51
1.9291521 2.9441397 0.31837952 1
2.0615172 3.097214 0.38515061 66
2.4637799 3.0155194 0.36563551 17.333334
2.5307837 3.0773005 0.32885966 14
1.8552462 3.1918936 0.34700274 4
1.8148249 3.2554171 0.30921525 0
2.0137808 3.2686436 0.30281493 8
6.285512 3.3932412 0.35948086 49
-1.195714 3.4382906 0.30258438 33
-1.0495696 3.4674149 0.34776914 34
-0.97794062 3.4890018 0.33014947 100
-0.89325196 3.4981506 0.34872556 150
-0.65720361 3.5287762 0.391321 36
-0.53998315 3.5523367 0.35214925 40.333332
-0.42424244 3.5718379 0.35317513 27
0.15008669 3.5078628 0.31285116 96.5
2.8239088 3.6580827 0.32435709 2
-3.9358053 3.7502024 0.38418072 87.5
-3.6425333 3.8148251 0.37294871 90
-0.11784299 3.8809154 0.3495779 15
0.11173896 3.8965995 0.32914478 150
2.5560598 4.7136383 0.36019534 13
3.9533653 5.0359254 0.30108494 65
4.1070805 5.0857282 0.38284969 32
7.1122103 5.0879908 0.33720759 41
2.6662717 5.1386099 0.34119672 79.5
4.0180483 5.3886061 0.36110058 21
4.1421471 5.4109354 0.31245646 26
5.8243551 -4.6881809 0.42368075 84
-0.34483925 -3.8627253 0.4448911 102.33334
-0.25560436 -3.8773882 0.42639434 137
-0.11018505 -3.8642867 0.42018309 42
-0.046215869 -3.8421125 0.4281038 78
0.045673095 -3.8250268 0.42953831 108
-2.7243681 -3.3938951 0.4668588 14
-1.9060088 -3.1419816 0.40635216 12
-1.8659651 -3.1493664 0.46441934 17.5
-1.8675646 -3.0553443 0.46590027 12
1.716695 -2.9156799 0.49810499 27
3.7466376 -2.9673018 0.45513433 15.5
0.38454008 -2.8900375 0.45748293 94.5
0.45178407 -2.8741889 0.42311835 79.5
0.57805347 -2.8508928 0.45117164 36.333332
0.74255943 -2.8073261 0.45254174 117.33334
1.6890656 -2.8809149 0.45406675 12
3.3424795 -2.8000648 0.48059618 25
3.4302399 -2.835387 0.4290452 23
-7.7392421 -2.7069368 0.42992601 121
3.2431495 -2.7564552 0.45953879 27
3.3297963 -2.795697 0.40924767 28
-7.7641993 -2.5631652 0.46140856 121
-7.8046703 -2.4205253 0.49116266 119
-0.43083507 -2.253978 0.42375734 0
-0.99250525 -2.0283132 0.47580349 0
5.7235236 -2.056036 0.41624883 120
-7.9047308 -1.901329 0.46151331 119
-7.4635992 -1.943867 0.40202957 187
-1.4542053 -1.9403336 0.43478268 15
-1.0349743 -1.9189613 0.44832504 48
-0.98816496 -1.9852481 0.48906419 2
-0.7082237 -1.9658737 0.49564731 4
-0.6904785 -1.9770285 0.4968425 3
5.7484922 -1.9641474 0.444004 114
-2.2047737 -1.8462923 0.49377036 0
-1.3606434 -1.8852516 0.47292483 2
-1.0829 -1.8997689 0.45969072 45
-0.95579958 -1.8888731 0.41731691 2.5
-0.80562735 -1.8691556 0.41502801 69
5.7804966 -1.877224 0.46878678 123
-7.892519 -1.7364955 0.49396738 103
-2.1064301 -1.7883763 0.47246718 1
-2.0939903 -1.7876723 0.43198061 2.5
-1.8734254 -1.7434254 0.46674263 0
3.3108525 -1.7223533 0.40102643 21
5.8018665 -1.7833223 0.49308026 135
3.162606 -1.6530839 0.44992194 17
3.3145044 -1.6661415 0.4604066 18.5
-3.0456512 -1.5700912 0.41786551 1
3.2618392 -1.5501711 0.43593317 75
3.2768836 -1.4540133 0.46581554 79
-2.1867573 -1.3439504 0.4452391 6.3333335
-2.0465841 -1.3589925 0.45551583 26.333334
3.3176308 -1.3724746 0.49826363 71
-2.4454064 -1.2768729 0.40459579 4
-1.0250489 0.87335891 0.44737038 8
-0.98560303 0.87271261 0.43583551 7.6666665
-0.86100686 0.95478559 0.4396337 9.1538458
-5.8585587 1.0641197 0.49157336 62
-0.8068738 1.0262587 0.46335042 4.5
-0.79385573 1.0877677 0.45759743 8
-5.5525985 1.1128018 0.45460498 84
-0.82196033 1.1274874 0.40500328 7
3.4684689 1.1660479 0.4189707 10
3.5772932 1.1465876 0.45547199 21
5.5302248 1.1843345 0.46486592 27
-5.5356627 1.2169963 0.44180632 65
-5.0630517 1.254045 0.44971576 11
-2.6370728 1.2405307 0.47542036 93
-2.5383124 1.2677391 0.47215962 83.5
-2.4671636 1.2917407 0.44751382 82.5
-2.4224193 1.306802 0.40037537 94
-2.3679397 1.3176442 0.44416118 79
-2.2968049 1.337894 0.41921467 85
-1.8152423 1.4542652 0.46677253 88.833336
-1.7405531 1.4719497 0.45714194 58.25
-1.6706383 1.4917543 0.45572042 95.25
-1.6380851 1.5009775 0.42040533 95
0.83561301 1.5995344 0.48353818 95
0.65719604 1.6612895 0.41637936 45
0.85066783 1.6081421 0.44495577 61.599998
0.95322829 1.6579602 0.44353837 56.799999
1.0028421 1.6990007 0.42423382 25
0.64292061 1.7046517 0.45904845 59
-0.2122182 2.1793635 0.4286018 56
3.0768998 2.1537793 0.45633268 36
3.1511407 2.1396174 0.44487643 48.400002
-0.050706964 2.2886331 0.42261004 15.333333
0.0069272574 2.2884822 0.43293983 33.5
2.5278664 2.2396233 0.4370178 54.25
0.29618698 2.3640125 0.49625704 150
-0.43601167 2.4384706 0.42638975 4
-0.059353136 2.4074728 0.47620428 15
0.37560469 2.4845955 0.41483846 2
0.29880774 2.5801396 0.47764021 24
0.33774042 2.5438957 0.44715372 31.5
0.50695652 2.5703144 0.45049229 4
2.4925547 2.6293416 0.48076707 39
-7.7806549 2.8652577 0.46736458 5
-3.5918207 2.9917138 0.40336436 1
2.136796 3.0555115 0.45397544 83
2.3858397 3.0281615 0.4914192 62
2.4174457 3.0218613 0.43859932 53.5
1.8622446 3.2619832 0.40474036 8
1.9090327 3.2032678 0.4164896 2
-1.1567874 3.4462764 0.41951829 29
-0.9583376 3.4828367 0.44896892 61.333332
6.5383849 3.41186 0.43873891 27
-0.76316953 3.5083597 0.461766 36.5
-0.63540435 3.528796 0.49801639 30
-0.52527243 3.5466933 0.48571905 25
6.2900591 3.5702624 0.40921241 10
6.2995739 3.6645517 0.40628007 8
6.3016906 3.637697 0.48061478 17
-3.9479156 3.7717772 0.47907442 3
6.2838683 3.7130282 0.48111242 17
-1.6218889 4.147532 0.48801535 150
-1.5899856 4.2181373 0.48947135 102
-1.4995332 4.2363787 0.43077022 97
7.1347756 5.0089145 0.47113526 26
4.0772305 5.4241877 0.41349971 5
5.7734127 -4.7351108 0.51979625 96
-3.0791452 -3.8002765 0.56990433 10
-0.33985877 -3.8643434 0.54997623 102
-0.24182343 -3.8721707 0.56904078 89.666664
-0.15459734 -3.8702164 0.50640422 41
-0.092996888 -3.8661633 0.51520896 94
0.0031032474 -3.8348026 0.51661295 92
-1.8831867 -3.1067288 0.58362204 1
-1.8686352 -3.0618699 0.51809627 16.666666
0.33668023 -2.9023521 0.55704665 70.5
1.6737385 -2.9359429 0.55785227 47.333332
3.6045108 -2.9134941 0.53451288 21
0.35806695 -2.8873558 0.50866908 82
0.59211665 -2.8465614 0.53732359 60
0.67568803 -2.8331764 0.57101631 87.333336
0.71918482 -2.824826 0.5098356 92
3.5051498 -2.8682759 0.58312529 22
3.1446407 -2.7157917 0.54831737 16.666666
3.2501619 -2.7567561 0.53003311 25
-7.8404188 -2.2778411 0.51899415 121
-2.2230654 -2.2105443 0.55645484 0
-7.8855867 -2.1362391 0.54706305 119
-1.0090902 -2.0097048 0.55399287 0.5
-0.97015649 -2.004082 0.53614801 1.5
-7.9288025 -1.9946152 0.57264388 112
-2.4537134 -1.9199396 0.59644699 0
-1.0317467 -1.9755225 0.54720998 0.66666669
-0.98516554 -1.9946541 0.51595241 0
-0.71867108 -1.9677503 0.56244588 3
-0.69240373 -1.9681319 0.56345963 2.5
-7.8773308 -1.8291514 0.58949006 111
-2.3192821 -1.8785926 0.54201686 0
-2.1610415 -1.8157949 0.56141835 1.6
-2.0705042 -1.8077724 0.54823047 2
-2.1101604 -1.7831376 0.52266252 2
-1.9647917 -1.7715157 0.50571996 2
-7.9282541 -1.5827928 0.52847451 94
3.2495272 -1.5408713 0.51529217 66.5
-7.962615 -1.4290632 0.55964601 72
-2.4138331 -1.4739127 0.58330142 91
3.2837636 -1.4286168 0.55742717 74.5
-2.1849811 -1.3240074 0.50138348 24
3.4237418 -1.3549657 0.53420019 67
-8.0355101 -1.2794392 0.59260374 117
5.3505764 0.57137078 0.54732013 2
5.3445368 0.65143037 0.53663468 1
-1.0251944 0.8797704 0.53083187 10.75
-0.96170741 0.88006824 0.54489243 10.75
-0.89825749 0.89723301 0.55333745 9.5
-5.9870605 0.98046863 0.53780669 26
-1.0704988 0.90283597 0.51112705 9
-0.90300304 0.92087042 0.57139212 10
-0.88423699 0.93923998 0.53931099 8
-5.8122635 1.0785714 0.54165453 22
-0.86077005 1.0377418 0.50150764 0
-5.527688 1.1394984 0.50848395 85
-2.9496059 1.1602421 0.5762701 79.5
-2.8016086 1.1927946 0.53044528 89
5.8797398 1.1768209 0.51643986 6
-2.7426581 1.2084787 0.54022026 80
-2.6862681 1.228545 0.5510034 72
-2.5985162 1.2518456 0.52210921 76
3.3717206 1.2596151 0.58035815 86
-1.9606541 1.3955535 0.57442003 100
3.3678699 1.346823 0.55536681 68.5
-1.9024349 1.4102198 0.5466572 103
-1.843426 1.439554 0.55858493 92
-1.7307104 1.4712054 0.54613334 90.666664
-1.6768193 1.4792924 0.53868997 92.333336
0.78848553 1.5948319 0.5798676 80
0.80934554 1.5991496 0.54978162 82
0.79698586 1.6047843 0.5475716 92
0.81829154 1.6046045 0.51657081 81.5
0.62651932 1.7424965 0.50659722 4
2.7899148 2.1849759 0.58400905 1
2.9969757 2.1342473 0.57811201 51
3.0406063 2.1287403 0.55293298 51.75
3.2268527 2.1659966 0.50420821 8
2.5265889 2.2893038 0.50781846 51
2.5290682 2.3265696 0.5573774 52
0.27100286 2.5509889 0.5798856 71
0.32202774 2.5255127 0.5237211 67
0.47180635 2.5646627 0.52894223 7
2.5002635 2.5493252 0.51797444 14
-7.3151345 3.0100589 0.51842129 55
2.2219341 3.030829 0.52563739 72
2.3687875 3.0313756 0.53834873 51.333332
-0.94906968 3.4752967 0.56075191 38.333332
-0.86930233 3.4768291 0.530913 29
2.066247 3.4249461 0.50550467 132
6.8138747 3.4328179 0.52064365 36
-0.74319321 3.5187726 0.57253063 19
-0.53199816 3.544081 0.57247406 35
6.2878971 3.6880276 0.5520016 22
0.51266378 3.7432833 0.52657908 82
6.2811542 3.7695506 0.55885959 22
-1.7755523 4.183157 0.53143221 138
-1.6761595 4.1909523 0.54539239 101
-1.6521665 4.202805 0.59584439 123
-1.4645759 4.2519355 0.57810968 150
7.1247401 5.0870004 0.56555843 46
7.0226846 5.1775651 0.58142954 26
-4.902379 -4.7231159 0.68106234 5
-3.5638282 -4.5512958 0.6920839 37
-0.64156753 -3.9405029 0.61744696 104
-3.0944157 -3.8079107 0.65779328 38
-0.33658934 -3.8654497 0.65596485 101
-0.25334448 -3.8604643 0.6831516 74
-0.16214383 -3.8802276 0.64770687 90
-0.065029003 -3.8615291 0.64950961 115
1.2514645 -3.4136648 0.63722527 58.5
1.179497 -3.2285604 0.67479771 150
1.6841936 -3.0000868 0.63718122 28
-0.87666386 -2.9230194 0.62945008 3
0.31646886 -2.9048786 0.603746 19
1.6599878 -2.9901609 0.6846981 118
0.66428864 -2.8342505 0.64379346 92.75
0.7723496 -2.807348 0.6446743 105
3.394444 -2.807075 0.62762636 1
0.83821893 -2.7929339 0.67373669 113.5
3.0563648 -2.6806755 0.63627368 35
-1.9856311 -2.2435207 0.6342538 0
7.365027 -2.1877813 0.66681397 33
-1.0298884 -2.00337 0.67383742 0
7.2609076 -2.0281098 0.68153286 19
-2.4216113 -1.9109511 0.69339687 0
-1.0141251 -1.9829968 0.62220109 0
-0.72247744 -1.9750438 0.66483921 2.3333333
-0.69667089 -1.9701924 0.63387245 3
-2.2491052 -1.8463615 0.65089029 1.3333334
-2.1696236 -1.8123822 0.64138663 0
-7.8886929 -1.6802429 0.61077213 102
6.3705821 -1.6487267 0.61063218 25
-7.9413042 -1.5406947 0.63298291 105
-2.3771858 -1.5664287 0.617257 9
-8.0016842 -1.400212 0.65433186 102
-2.4509194 -1.487258 0.62487966 14
3.3790426 -1.3797092 0.60163945 62
3.4316678 -1.3387879 0.6294651 32
-8.045166 -1.2565793 0.67408907 127
-8.072237 -1.114839 0.65582001 115
-8.1043386 -0.96405387 0.64759052 116
-8.0957708 -0.80015385 0.66922855 87
-8.1263008 -0.63835549 0.69183666 83
5.9663758 -0.18406144 0.67739224 9
5.9740124 0.093024366 0.66917628 18
5.8907971 0.36403325 0.63976938 0
-1.0157849 0.85448074 0.62145859 64
-0.9250108 0.89260805 0.65962619 5
-0.90957898 0.91612262 0.65473539 9
-0.89641809 0.93874168 0.6206696 10
-0.55768746 0.95480204 0.63255781 0
-3.3366652 1.065185 0.69288921 64
-3.2147539 1.0944618 0.65652692 81
-0.57483959 1.0805625 0.63550323 1
-3.0941277 1.1204433 0.64844763 69.5
-2.9822125 1.1515548 0.64280093 61
-2.8758976 1.1779051 0.61105901 68
-0.8014698 1.1383042 0.66806108 7
-0.78027326 1.1434048 0.64107418 19
-0.57760495 1.1219671 0.6068964 7
3.4526339 1.174446 0.62717372 75
3.5508413 1.1524317 0.66225415 53
3.4068661 1.2145234 0.60276461 78
-2.2151616 1.3326378 0.69619751 105
-2.1545126 1.3543351 0.6667937 111
-2.048198 1.3767239 0.6424939 87
-1.9711226 1.3933492 0.65647221 81
-1.9083891 1.4187021 0.65089542 90
-1.8682017 1.4302526 0.63783383 86
-1.73745 1.467316 0.65184265 90.599998
-1.6871932 1.4760864 0.60749578 93
0.68962395 1.4304433 0.68350416 2
0.70690036 1.4634949 0.66295981 2
0.94095719 1.4425638 0.68754554 9
0.75417852 1.5552021 0.64567399 33.666668
0.98061514 1.5226744 0.67108482 39
0.76246238 1.6099157 0.6399166 73.666664
1.0225972 1.6287227 0.67566901 48
1.0690331 1.7447784 0.68016654 4
2.8640912 2.1798446 0.62676966 34
2.9485157 2.1403873 0.65726572 54.166668
2.529701 2.3710728 0.62441045 54
2.5315788 2.4075401 0.66189402 53
0.42419338 2.5587821 0.63467789 9
2.4402473 3.2545006 0.63961297 4
-1.0368961 3.462445 0.65831929 29.333334
-0.92055541 3.4794121 0.66362625 32.666668
-0.8498823 3.4997482 0.6450966 23
7.4089937 3.4633613 0.69818813 115
-0.63428181 3.5315468 0.65726 22
-0.54401034 3.5446463 0.6434018 25
-0.48443353 3.5430121 0.66536093 31
7.3591533 3.5838666 0.630409 91
6.2792907 3.7700591 0.66043162 25.5
6.2828984 3.8290935 0.63653493 9
-1.856258 4.1496501 0.66129822 91
-1.7749031 4.1735497 0.61749959 116.5
-1.6493779 4.1930423 0.69672102 106.5
-1.5516104 4.2268214 0.63684148 95
2.5269902 5.0839977 0.67097634 61.5
4.2011333 5.4896927 0.68379492 30
-4.9573383 -4.7478609 0.78417695 2
6.3920169 -4.5096908 0.7417751 11
6.8079858 -4.4207067 0.72999889 40
-3.4155238 -4.3086681 0.75047833 40
-2.2620323 -4.2925086 0.79719955 68
-3.1459749 -3.9005277 0.77194554 32
-0.64557713 -3.9447727 0.75365275 113.5
-0.54031473 -3.9159534 0.75657445 143
-3.1067362 -3.8075342 0.74601519 40
-0.35178739 -3.8777616 0.77279764 113
-0.26227921 -3.8714473 0.77456337 72
-0.13155985 -3.8722377 0.78331065 106
1.1855619 -3.4039578 0.79198235 49
1.1749887 -3.3948431 0.7791627 45
1.2050092 -3.3205934 0.70097721 150
1.7568278 -3.3122878 0.74085921 61.5
1.696651 -3.2513368 0.77787048 28
1.7994151 -3.2879391 0.78079689 99
1.7819431 -3.143121 0.78016669 8
1.7542748 -2.9994135 0.77120757 27
2.1331573 -2.941772 0.73339403 71.5
0.61489421 -2.8447435 0.74180514 96.333336
0.78576869 -2.8032763 0.73112524 96
2.1446106 -2.8924582 0.75475949 53
2.574049 -2.8197188 0.79190379 41
2.604805 -2.8171151 0.73345667 44
0.86940235 -2.7871017 0.7427063 96
2.6473942 -2.7976613 0.76032883 34
-1.0375237 -2.0457735 0.72834527 0
-0.73113376 -2.0066974 0.73909545 2
-2.5636377 -1.9546404 0.75156277 0
-2.3067377 -1.8636428 0.77303672 0
-2.2351229 -1.8362913 0.73490518 0
-1.9652539 -1.7846587 0.78182107 2
-1.8776023 -1.7644935 0.75641012 1
7.2292156 -1.7674899 0.72254133 14
7.4383307 -1.6962605 0.76416165 8
-8.1058178 -0.96006912 0.70457143 126
-8.097743 -0.80797309 0.71539593 97
-8.1315289 -0.65824026 0.72632611 88
-8.1603231 -0.5084644 0.73755354 83
6.7956233 -0.53678364 0.77840757 25
-8.1659851 -0.47757158 0.7133621 85
6.7875886 -0.42680618 0.77995503 27
-8.1945105 -0.33516636 0.73870146 94.5
6.7915878 -0.31880385 0.7820043 28
-8.2340298 -0.20291689 0.75510663 96
-8.2301426 -0.1489125 0.74862778 92
6.7427998 -0.10384768 0.77287447 150
-8.2630787 -0.050128993 0.76050955 95
-8.2723551 0.016903972 0.76464313 97
6.7757788 0.0022301574 0.77374136 70
-8.3048716 0.18575583 0.77897424 87
-8.28965 0.10568306 0.76426339 98
-8.3345385 0.26233733 0.76933128 102
6.8026776 0.21535847 0.76550919 28
-8.3357487 0.35664386 0.78859502 88
6.8058243 0.32141796 0.75837636 24
-8.3552923 0.42120582 0.76923019 60
-8.3621912 0.52854675 0.79764736 82
-8.1034021 0.56043565 0.74245596 46
-7.8714771 0.65706486 0.75275928 23
-8.4101267 0.74183333 0.7670368 46
-0.94219524 0.78606027 0.79270691 0
-0.92222267 0.89858752 0.73608541 0
-8.445344 0.90758574 0.76328272 88
-3.6851375 0.94452453 0.79671156 7
-8.4950066 1.076216 0.75947493 82
-3.6146026 1.0032787 0.77379566 63
-3.4785786 1.0318708 0.75964403 60.5
-3.3510087 1.0643535 0.74987561 52
-3.21977 1.0957792 0.7122137 60
-0.83640194 1.1720117 0.75957394 7
-0.7903356 1.1578701 0.70448011 0
-8.5310736 1.2459669 0.75267267 68
-2.4422381 1.2810458 0.79979533 53
-2.3590341 1.2969931 0.76270026 92
-2.2701354 1.3236893 0.7596643 76
-2.1449721 1.3578827 0.73931241 98
-1.9288572 1.4105628 0.75871575 62.599998
-1.8405887 1.437726 0.75874692 75
-1.7491579 1.4470434 0.75824571 89
-1.6721978 1.4663062 0.72911561 82
0.68201792 1.5992544 0.7873497 105
1.0462139 1.653704 0.72771472 69.333336
0.54116338 1.7740045 0.72312474 38
2.6854639 2.18486 0.78702235 23
2.8707304 2.1327157 0.75683707 56.5
2.9065793 2.1246614 0.701464 57
3.0238285 2.1715715 0.71780598 65
3.1150513 2.1724372 0.76745379 65
2.533308 2.4521673 0.74031842 49.5
0.38727409 2.5551033 0.71562493 2
2.4225206 3.2598977 0.71178973 3
-1.1617677 3.4425998 0.72446394 24
-1.0402772 3.4599445 0.77423573 28
-0.96386403 3.4724104 0.76186883 28
-0.74077082 3.5087993 0.72780848 21.5
-0.63826489 3.5273521 0.73197812 19.5
-0.49209815 3.5415742 0.7550382 30
6.208909 3.8143899 0.77781099 91
6.3029547 3.8731637 0.77546877 6
-2.0429893 4.1131039 0.77895635 90
-1.9489666 4.1343851 0.72027588 90
-1.7635598 4.1754141 0.74403459 109
6.5110402 4.1623917 0.76704335 13
6.7010374 4.1704206 0.75926077 1
6.5966926 4.3720369 0.7230202 3
2.471858 5.0684485 0.76701903 49.5
6.5778441 -4.4858656 0.82749599 37
-2.5162313 -4.3152514 0.84401405 57.5
-2.3830404 -4.3301759 0.86544144 59
7.005403 -4.3809581 0.81403035 44
-1.6860665 -4.1656346 0.83886415 103
-1.0832165 -4.0317984 0.82532084 19
-0.65075374 -3.9510529 0.89175123 97
-0.54924238 -3.9239435 0.84715313 124
-0.3469497 -3.8789394 0.86198521 92
-0.27370858 -3.8747568 0.86730003 94
-0.17705652 -3.8878067 0.87409723 101
-3.1088831 -3.7930994 0.83227807 40
-3.0928681 -3.7962649 0.83466315 19
0.18141162 -3.7957008 0.84669644 87
1.1490729 -3.4167662 0.86584646 119
1.2715378 -3.3519001 0.82435656 107
1.3141758 -3.3619466 0.8563605 54
1.6787564 -3.2927315 0.85867471 150
0.98172474 -3.1246943 0.86932349 69.5
1.282626 -3.1207778 0.82823539 27
1.3176197 -3.1068919 0.85086286 30
1.6760336 -3.1594284 0.80302745 18
1.8620203 -3.1751277 0.84990656 26
1.8622419 -3.0993726 0.8591814 87
1.5533142 -2.9939675 0.85793793 61
2.0679255 -2.9078987 0.86026102 80
2.1336601 -2.9336545 0.82690167 58
0.56795287 -2.8547204 0.84795934 100.33334
2.5637875 -2.8143284 0.8645184 46
2.614028 -2.8009984 0.8186667 47
3.0785868 -2.8414211 0.83741802 154.66667
0.88251358 -2.7776575 0.82798064 93
2.9850838 -2.7949727 0.85036057 47
3.078362 -2.6784801 0.84072053 20
-2.3370545 -1.8743248 0.8563351 0
-2.2660942 -1.852056 0.82180607 0
-2.0747426 -1.8189851 0.86663496 1
-1.9722854 -1.789762 0.83368999 2
7.7445602 -1.64088 0.81755054 6
8.232213 -1.6122013 0.89046979 29
-8.4373016 0.88132858 0.81145597 94
-0.99930924 0.83520746 0.87512589 2
-3.6503229 0.99439472 0.83310872 66
-8.4851408 1.0622132 0.81565404 84
-0.82460028 1.0737859 0.84920311 3
-0.82584476 1.1393898 0.86575216 18.5
-8.5194073 1.2461517 0.81676501 78
-2.5482488 1.2403265 0.84908491 79
-2.4822774 1.2609798 0.89612442 69
-2.3962457 1.2812065 0.85742354 67
3.3276801 1.2666807 0.87262362 76
-2.3240638 1.3064022 0.82324839 83
-1.9670203 1.3944018 0.85817635 43.200001
3.2689278 1.340512 0.82596207 52
-1.8530397 1.4202434 0.84943348 70
-1.7622947 1.4443977 0.86788535 73.25
-1.6310103 1.4848969 0.85033906 89
3.2693858 1.4084568 0.80633718 7
0.68423504 1.6702243 0.8787418 62.5
0.71748412 1.6441472 0.83195776 45.5
0.94729346 1.6389605 0.85662681 57.666668
1.0057557 1.6740581 0.88099414 62
1.0383946 1.733418 0.84986305 75.5
3.2728386 2.0923326 0.84076762 12
2.7786727 2.1440053 0.86737925 53
2.8238449 2.1313591 0.82692057 51.666668
3.2343674 2.1259785 0.86624426 46
2.4757891 2.2499657 0.89053667 11.5
2.5296457 2.4774549 0.81905913 46
2.5342464 2.5341291 0.86179775 43
-1.2108362 3.4296565 0.89339167 28
-1.1403548 3.4526756 0.84585077 25
-1.0237898 3.4504204 0.83985209 30
-0.95317847 3.4703791 0.87132311 25
-0.83370197 3.4963255 0.82776111 21.5
-0.74641603 3.5059252 0.80362552 19
-0.52634561 3.5289598 0.83919483 31
6.2239084 3.5575974 0.87291765 86
6.2171268 3.6859896 0.82605976 89
-2.1387393 4.0967989 0.83875221 23
-1.9149867 4.1413445 0.87602901 99
-1.8166568 4.1638584 0.82592535 108
-1.6751893 4.1928692 0.80357063 123
2.0144083 5.0091453 0.82980007 44
2.2684505 5.0617242 0.83234751 79
2.3933377 5.0372972 0.86376399 85
2.4386034 5.0595431 0.86058301 82
2.9528844 5.2178321 0.86298138 103
6.7387795 -4.4370732 0.9088549 24
-2.61502 -4.3643746 0.99985147 33
-2.5386248 -4.3280191 0.94374454 61
-2.4911399 -4.3336668 0.92855096 65
7.2212725 -4.3439369 0.90072691 39
-0.6551038 -3.9685898 0.98667091 91
-0.55825722 -3.9259329 0.93872768 97
-0.35350269 -3.8766119 0.95296264 75.25
-0.25086483 -3.8905849 0.96431589 110.5
0.1298517 -3.8192134 0.96071208 117
-3.1213286 -3.7858191 0.94452924 18.333334
1.0647383 -3.3125637 0.98946768 150
1.1077862 -3.3636377 0.93064302 23
1.4051124 -3.3727868 0.95968997 83
1.0529894 -3.200583 0.96825653 150
1.4191396 -3.2626686 0.95625347 17
1.6897428 -3.2924767 0.90411419 148
1.9963365 -3.2440739 0.96522313 85
2.0263662 -3.2231314 0.99226916 68
0.97710216 -3.1241767 0.99073696 47
1.1071012 -3.1533663 0.99948412 66
1.4599996 -3.1775527 0.99439985 24
1.931954 -3.1721413 0.91288489 150
1.0323157 -3.0813794 0.9160158 83
1.3964336 -3.0938222 0.94190121 42
1.5312805 -3.0041294 0.94836223 61
1.9806795 -3.048249 0.97073871 24
2.0328612 -3.010952 0.98191804 87
1.5281997 -2.9956384 0.94586754 60.5
3.7766936 -2.9509494 0.95450079 0
0.52567822 -2.8661385 0.94843978 98.666664
2.053139 -2.8953986 0.94156742 71
2.4881146 -2.8275414 0.97021747 50
2.529089 -2.8125203 0.94809061 43.666668
2.6077673 -2.7800293 0.92570341 2
2.9448822 -2.7862294 0.94149202 52
3.0089679 -2.7015233 0.98130774 150
3.0218332 -2.6770089 0.91899037 56
-2.4166198 -1.9010427 0.92605186 0
-2.3223312 -1.8962013 0.98178625 0
-2.1958807 -1.8584211 0.93323958 0
3.3819602 -1.6631351 0.98650634 41
3.3401546 -1.5577028 0.98645884 18
8.2633018 -1.4802392 0.90919268 106
8.2213631 -1.3343878 0.91857803 104
8.3686476 -1.2202237 0.94804382 69
8.3861666 -1.0842458 0.95923883 102
8.3533487 -0.9433412 0.96350229 104
8.326169 -0.80441409 0.96624899 94
-1.0289232 0.85394508 0.95543528 17.666666
-0.99811763 0.87906295 0.94067889 2
-0.81660146 0.88456947 0.96505374 4.3333335
-0.81368262 0.9019717 0.91673225 2
-2.8837819 1.1578368 0.99660343 76
-2.7843146 1.1840378 0.95348996 79
3.5667081 1.1931728 0.9955579 45
-2.6734686 1.2104187 0.94330084 68.5
-2.5738392 1.2387384 0.93734634 66
3.4435599 1.2146088 0.9379642 83
-2.0417836 1.375522 0.95199299 36.166668
-1.9755583 1.3933549 0.95767397 61.5
-1.854205 1.4176307 0.94400185 40
-1.643985 1.4682298 0.96197879 76.25
-1.56208 1.4947894 0.97666323 55
0.65708685 1.6903557 0.93283987 68
0.95234716 1.6729361 0.95271283 43.75
0.64478564 1.7073568 0.99741465 47.5
2.5265708 2.1807845 0.93996781 49
2.6452394 2.1559241 0.99597317 63
2.7456338 2.133451 0.94820398 56.75
2.8435078 2.1795342 0.90023905 68
2.9263792 2.1766272 0.95828766 76
3.1862798 2.1093631 0.98370111 46
3.2186897 2.109334 0.93983012 38.666668
2.5289757 2.5638969 0.95453024 35.666668
2.5081978 2.6078441 0.99278039 6
-1.1376926 3.4292626 0.99433237 25
-1.0494521 3.4455442 0.93634075 26
-0.95728177 3.4616625 0.95254236 25.5
-0.88956481 3.48036 0.90203571 20
6.2398529 3.4352396 0.91898149 86
-0.53402567 3.5219042 0.92783725 31
-2.1037295 4.0980945 0.99857527 115
-2.0089436 4.1192207 0.93702197 109
-1.822701 4.153286 0.93751603 106
-1.6878371 4.1865201 0.90770197 113
-1.4571768 4.2303195 0.95486563 150
6.9262714 4.3593493 0.93319368 2
-0.12331503 4.500042 0.95592588 113
0.14615181 4.5623474 0.93177396 90
0.20903698 4.5721264 0.94344413 83
0.30525917 4.5790415 0.94419289 2
2.1062155 5.0298982 0.92312944 108
2.3676121 5.0548916 0.94550747 90
3.0707493 5.251986 0.96531457 96
6.9863811 -4.4421663 1.0054129 2
7.1970148 -4.4133101 1.095747 1
-2.5594938 -4.3342876 1.0431731 59
-0.65823615 -3.9661062 1.0788041 91
-0.5664506 -3.9349215 1.0323822 112
-0.38420051 -3.904139 1.0401536 109
-0.4278897 -3.8759615 1.041835 21
-0.35490489 -3.8814511 1.0525647 79.5
-0.27300513 -3.8810966 1.0544255 104.5
0.060914308 -3.8346679 1.0823709 105
0.11054967 -3.8245869 1.0239918 112
1.1109322 -3.2435174 1.0246786 150
1.4895673 -3.2010572 1.0392213 150
0.97734612 -3.104239 1.0837353 66.5
1.0062683 -3.1046951 1.0059012 67
1.519803 -3.1603956 1.0519502 151
2.0822065 -3.106319 1.069073 17
2.1137962 -3.1689606 1.077549 150
1.0178037 -3.0879738 1.0241474 64.5
1.4928324 -3.0691032 1.0841943 145
1.5229764 -2.9760704 1.0568126 74.333336
2.0348964 -2.9467106 1.0522906 75.5
0.48647776 -2.8741822 1.0396273 92
2.0727322 -2.8662789 1.0668192 103
2.4615736 -2.8210604 1.058057 58.666668
3.0813346 -2.8209202 1.0764047 162
2.8700778 -2.7898028 1.0623255 43.666668
2.9079731 -2.7816784 1.0351989 44
-2.4638345 -1.9394165 1.0615988 0
-2.3272328 -1.8996288 1.0270731 0
5.7852902 -1.8528141 1.0855522 42
-1.917128 -1.7774446 1.0607079 2
-1.8362151 -1.7411647 1.0114353 0
3.2727294 -1.4822806 1.0425828 35
3.3203778 -1.433401 1.0741897 20
3.4181278 -1.4387336 1.0413098 27
-1.0366879 0.88033932 1.0273819 7
-0.84461886 0.89326334 1.0537275 7.5
-0.85399783 0.9131124 1.0740056 9
3.5944834 1.0583954 1.0387615 25
-3.1174383 1.1050192 1.0973979 63
-2.9896176 1.1295583 1.0427393 62
-2.8856847 1.1661115 1.0753515 47
-2.7694099 1.1882237 1.0245566 68
3.5813074 1.1262898 1.0185695 36
-2.3022945 1.3018365 1.0927444 90
-2.2232759 1.3199123 1.0475944 87
-2.1556995 1.3418345 1.0087906 115
-2.0540965 1.3722434 1.0407318 49.666668
-1.8060596 1.4193494 1.0769395 90
-1.7444773 1.4322466 1.0361506 98
-1.6516609 1.4701085 1.0445466 38
-1.5882304 1.4838254 1.0454359 25.5
0.87571651 1.6718359 1.0700852 14.666667
0.97610831 1.6885688 1.0032082 63
0.96746683 1.7024052 1.0512437 48
2.6566925 2.1425304 1.0512838 64
2.7216053 2.1315565 1.0316558 52
3.0153537 2.1735802 1.0204688 78
3.1366398 2.1203985 1.0519866 48
2.5322154 2.5920105 1.0513557 38
7.6066208 2.5267189 1.0993606 109
-1.2120392 3.4150343 1.0447758 25
-1.1057851 3.4314852 1.048916 23
-1.0392143 3.4452937 1.0077111 25.5
-0.96269745 3.4488213 1.0410914 28
-0.54190803 3.5203414 1.0185127 29.5
-2.2040513 4.0819621 1.0626607 21
-1.8403436 4.1552677 1.0423568 112
-1.700829 4.1770329 1.0119056 110
-1.6391228 4.1896834 1.074191 100
-1.5467324 4.2080235 1.0130029 112
-0.12927896 4.4984798 1.0688671 118
-0.048653819 4.5402689 1.0338771 122
0.032026462 4.5650563 1.0423859 124
0.13811947 4.5582924 1.0465213 106
0.20306967 4.5667858 1.0573734 80
0.30104133 4.5898662 1.0613095 15
7.1633544 4.5882735 1.0540935 22
7.150331 4.6691351 1.0898674 33
2.1980855 5.0456481 1.0178632 103
2.2776465 5.0034986 1.047907 90
2.3440518 5.0263124 1.0545586 87
2.4863222 5.1289468 1.0159022 107
3.1887336 5.2781334 1.0704564 99
-2.5815923 -4.3415766 1.1449876 57.5
-2.3612006 -4.3285227 1.1877064 57
-2.2412977 -4.2883358 1.1045372 67
-2.1258383 -4.267458 1.1653446 84
-0.66162604 -3.9666386 1.1739084 90
-0.57555312 -3.9399097 1.1249532 86
-0.36905259 -3.9025395 1.1427369 102.5
-7.4377723 -3.8439543 1.1223145 107
-0.44614455 -3.8762341 1.1374905 39.5
-0.30674592 -3.8583605 1.1426663 105
-0.28555784 -3.8968694 1.14955 85
0.041054111 -3.8435552 1.1481086 101
-7.4664145 -3.6732335 1.1759964 103
1.1904453 -3.3459675 1.1228646 29
1.2115525 -3.3930442 1.140743 69
1.1069854 -3.2073836 1.1430203 23
1.2350051 -3.2197499 1.1470047 25
1.5699618 -3.250391 1.1219052 25
2.1186416 -3.24405 1.184365 100
0.95124269 -3.1360812 1.167451 77.5
1.5048524 -3.1024468 1.1371611 150
2.1589437 -3.1821606 1.1142669 105
1.6523373 -3.0937734 1.1993806 65
2.1317873 -3.053803 1.1052326 23
0.89673769 -2.9144845 1.1670145 107
1.5856416 -2.9621871 1.1100868 78
2.1771667 -2.925262 1.154542 70
0.4397555 -2.8846629 1.1499239 96.25
0.85986227 -2.8086667 1.1949983 78.5
2.1577175 -2.8428993 1.1470938 69.333336
2.4371107 -2.8182852 1.1491007 56
3.0753503 -2.8524518 1.145232 151
2.7994952 -2.799731 1.1952575 41
2.8372154 -2.7914119 1.14367 40.5
2.9867337 -2.7860649 1.1781126 79
5.8226948 -1.7446927 1.111703 22
-0.86979049 0.85000044 1.152843 15
-0.85130161 0.90349603 1.124639 6
-3.2460377 1.0754689 1.1525977 69
-3.1294022 1.1064937 1.1805619 54
-3.0013168 1.1368175 1.1255664 64
3.5297403 1.1374291 1.1945987 3
-2.4582479 1.2547128 1.1805283 80
-2.3835206 1.2827326 1.1381609 94
-2.2438087 1.3195485 1.1690812 99
-2.1650283 1.33966 1.1231574 86
-1.9341906 1.3904812 1.161819 103
-1.8397665 1.4204206 1.1562968 112
-1.7218921 1.4395733 1.1658765 90.5
-1.6419981 1.4622588 1.1390575 98.5
-1.5783454 1.4724784 1.1469239 96
0.79829687 1.5657293 1.1754429 29
0.82385325 1.5824343 1.1218038 31
3.0730298 2.096252 1.1054476 22
2.6576664 2.1728072 1.1328318 18
2.7377484 2.1646404 1.102838 72
3.0979359 2.1007116 1.1058909 23
7.6654334 2.2541986 1.1969759 111
7.6275826 2.3878281 1.1482304 111
-1.1813536 3.4251275 1.1013185 24
-1.0611807 3.4360976 1.1491795 27.5
-0.97443074 3.4463468 1.1313781 29
-0.58216095 3.4970922 1.1944606 29
-1.339981 3.5838737 1.1546788 12
-0.55017805 3.5087786 1.1080718 29.5
7.3270717 3.7880998 1.1918315 117
7.2954321 3.9214702 1.1390313 107
-1.8387334 4.1441698 1.1712706 113
-1.7231447 4.1704354 1.12652 110.5
-1.529516 4.2135844 1.165102 107
-0.1363177 4.491909 1.1826928 122
-0.05476848 4.5326719 1.1310813 117
0.16454399 4.5588384 1.1668773 101.5
0.2958374 4.5896893 1.1783239 83
7.1741185 4.6618872 1.1477474 41
7.1716986 4.7466416 1.1913977 59
1.9261009 4.989994 1.1276075 102
2.2247667 4.9981012 1.1423429 86
2.2942011 5.0634351 1.1153945 102
2.3011544 5.0197392 1.1514834 88
2.5897114 5.1390324 1.1062062 105
3.4594927 5.2522979 1.1794195 23
3.5310309 5.2772422 1.178352 45
3.3081684 5.3012967 1.175579 89
-2.9855468 -4.4026752 1.2127326 1
-2.6207995 -4.3558817 1.2640377 44
-2.5929601 -4.3449435 1.2339818 56
-2.4675553 -4.3335757 1.2643009 62
-2.2443614 -4.3032975 1.2427443 65
-0.6651808 -3.9721808 1.2709769 72
-0.58374661 -3.9398973 1.2186072 87
-0.37301251 -3.9102418 1.239768 92
-0.5305298 -3.8970976 1.2341826 17
-0.46732205 -3.8846521 1.2372047 52
-0.35668266 -3.8703308 1.2406031 69
-0.28866002 -3.8960519 1.2426562 72
-0.030886838 -3.8577769 1.2745483 106
0.021303257 -3.8511894 1.2138549 106
1.2014453 -3.3898478 1.2763363 51
1.326406 -3.3512444 1.2616652 106
1.2311438 -3.2126 1.2763791 23
1.3700234 -3.2282567 1.2840856 26
1.5075637 -3.2156258 1.2061657 25
1.7543083 -3.2518129 1.2858715 34
2.1193228 -3.2124581 1.2431307 40
1.3442647 -3.1817987 1.2633098 25
1.4945761 -3.1656914 1.2316254 21
0.91248876 -3.0553925 1.2116485 27
1.7329696 -3.0661237 1.2683191 26.5
2.0133133 -3.0618315 1.2256482 19
0.39241534 -2.8941524 1.2638185 94
0.83308268 -2.8099847 1.2658265 97.5
2.2266848 -2.805917 1.2117673 23
2.3703022 -2.8278141 1.244666 32
2.4110239 -2.8131843 1.2394667 43
2.2543805 -2.7922976 1.2330874 36
2.7786355 -2.789438 1.2604159 43
2.8229423 -2.7911067 1.2113081 38
2.9390821 -2.7798824 1.2624598 37.5
3.0289786 -2.7343442 1.2037828 8
3.0417132 -2.6350956 1.2502279 5
5.7772889 -1.8593878 1.263263 48
5.8049526 -1.755524 1.2898811 49
-0.90304238 0.81403148 1.2060139 3
-0.87675291 0.82476127 1.2424139 2
-3.519501 1.0051718 1.2690121 75
-3.377636 1.0408822 1.2086067 73
-3.2652357 1.0741514 1.2383677 56
-2.6534832 1.2150581 1.2906508 69
-2.5452635 1.2315277 1.2297961 79
-2.4127002 1.2753094 1.2673697 44
-2.3225868 1.2964364 1.2150025 83
-2.2523212 1.3364868 1.2691752 5.3333335
-2.068892 1.353515 1.2510899 92
-1.9659805 1.3828511 1.241847 97
-1.8510387 1.4139808 1.2576392 101.5
-1.7640947 1.4323897 1.2572296 111.5
-1.6925654 1.4463933 1.2310139 90
0.77463961 1.5520146 1.2332907 30
0.87184143 1.5706979 1.243081 7.5
0.90127534 1.6445009 1.2276851 4
7.7263246 1.9807312 1.2882067 112
7.6926961 2.1174171 1.2422643 111
2.8534362 2.3481588 1.2584285 26
-1.0778924 3.4263573 1.2846662 28
-0.98789889 3.4548285 1.2275764 27
-0.59062016 3.4993773 1.2891284 30
-0.53446549 3.5143034 1.2069519 29
7.3853331 3.5193875 1.2925438 117
-1.3122431 3.6077089 1.2201854 149
7.3438339 3.6467149 1.2412542 115
-1.91668 4.1216536 1.256887 126
-1.8699974 4.1323233 1.250463 108
-1.7226359 4.1698151 1.2584109 107.5
-1.6199226 4.1916709 1.227304 108
-0.14334914 4.4813366 1.2964987 115
-0.14398599 4.5141768 1.2198583 110
-0.060218446 4.535181 1.2318361 114
0.17094718 4.5675397 1.285411 115.33334
0.28882226 4.581512 1.2931604 76
0.63947356 4.6387653 1.2448469 21
7.1641746 4.7605405 1.2638491 62.5
2.1705737 4.9837022 1.2372327 92
2.0229523 5.0142961 1.2216449 105
2.2596118 5.0151753 1.2501762 94
2.3972688 5.0972829 1.2185562 110
7.0214791 5.0620489 1.2878906 90
2.7043753 5.1701398 1.2035708 105
3.39675 5.2425981 1.2758027 88
3.478822 5.265646 1.2785678 84
3.4325581 5.327507 1.2856175 89
-2.6353731 -4.3652768 1.3551872 40
-2.5910416 -4.3606381 1.3512439 38
-2.4803786 -4.3489571 1.3979028 46
-2.3686817 -4.3422265 1.3239965 53
-3.4335735 -4.1011887 1.3914503 17
-7.4177632 -3.9986887 1.3677802 21
-0.66900176 -3.9767389 1.371039 84
-0.56817764 -3.9223568 1.3314856 53.666668
-0.37738699 -3.9124417 1.3357646 99
-3.327877 -3.8832002 1.3732668 23
-0.40836954 -3.8833296 1.339911 69
-0.29202053 -3.8972394 1.3387471 71
-0.051222764 -3.8659217 1.3427613 102
1.3140309 -3.3031056 1.3809395 134
1.5109595 -3.3319645 1.3455744 88.5
1.4344465 -3.2801704 1.373437 150
1.8448815 -3.2301898 1.3969498 93
2.0620005 -3.2276545 1.3599396 75
-7.6338615 -3.196671 1.3435799 59
1.4216979 -3.140687 1.3229537 112.5
1.3759415 -3.0322971 1.3807561 68.5
1.4078645 -3.0586112 1.3371066 93
1.8305161 -3.0182786 1.3755412 150
1.9320371 -3.0074337 1.3120028 71
1.3653371 -2.9956791 1.3838443 71
1.4871218 -2.9811726 1.3812559 91.5
1.8679625 -2.9269617 1.3759677 42
1.9030282 -2.9231038 1.3418466 52
0.36022386 -2.8994839 1.341481 94
0.80635309 -2.814312 1.3388778 97
2.3609021 -2.8196576 1.3358936 64.333336
2.7255144 -2.8046381 1.3781939 45
2.33214 -2.7902889 1.300932 9
2.7476768 -2.7884042 1.3434324 65
2.9014635 -2.7837076 1.3536711 67
6.8516359 0.45785177 1.3718804 1
6.8190722 0.58347392 1.3478138 11
-3.6699092 0.96335864 1.3327 38
-3.5728641 0.99937797 1.3685727 55
-3.4113009 1.0377829 1.3006569 56
-2.7591045 1.1906223 1.3498311 37
-2.6059165 1.2290361 1.3796641 62
-2.5044703 1.2521793 1.3208543 74
-2.3284161 1.3153815 1.3712568 18.666666
-2.2457533 1.3189406 1.3430971 41
-2.1446486 1.356609 1.3289875 37
-2.0472119 1.3743335 1.3475899 48.5
-1.9336975 1.3897853 1.3538625 94
-1.8457904 1.4143606 1.3547233 64
7.7766404 1.6991353 1.3688933 112
7.7550087 1.8409855 1.3292311 111
2.888984 2.3814886 1.3432428 34
2.8908498 2.4002862 1.399635 25
-1.0901071 3.415518 1.3758594 26
-0.99700528 3.4354029 1.3140188 28
-0.57656634 3.4955077 1.3872943 28
-0.54447937 3.5108125 1.3004121 28
-2.1106336 4.0848327 1.3853306 23
-2.0132527 4.104249 1.3208357 120
-1.8479061 4.1389489 1.3560255 106
-1.7456311 4.1544676 1.3320149 99
-0.15051986 4.5156665 1.3217485 111.5
0.13521768 4.5603361 1.3911452 108.5
0.55497313 4.6519217 1.3378181 107
0.63529074 4.6728067 1.3593876 65
7.1604061 4.7802367 1.3337435 63
7.1429443 4.8463516 1.3844148 62
1.9334708 4.9874039 1.3231775 114
2.1149955 4.9663076 1.330361 90
2.2150023 4.9985886 1.3462216 83
7.0597572 4.9092903 1.3719629 107
2.1233404 5.0416107 1.3177813 109
2.4983439 5.1181097 1.3210026 106
2.8197803 5.1962452 1.3016107 102
3.3313036 5.226902 1.3708805 88
3.4284256 5.2530632 1.3796444 84
3.5626273 5.3537779 1.3984373 91
4.0374312 5.4567127 1.3250294 56
-2.7275164 -4.4057055 1.4457402 17
-2.6513155 -4.3885112 1.4739054 25.666666
-3.597774 -4.2794824 1.4060558 13
-2.1348979 -4.2817268 1.4286082 93.5
-3.6191325 -3.9610708 1.4573618 4
-3.3980362 -3.9302611 1.4808542 60
-3.2660348 -3.903559 1.4157745 2
-0.64022034 -3.9562075 1.4432429 60.666668
-0.58013034 -3.9221828 1.4444531 50
-0.38102549 -3.9161472 1.4348348 93
-0.29455507 -3.9014294 1.4369115 63
-7.4337797 -3.8228664 1.4027221 122
-3.2500012 -3.8293958 1.4035336 40
-0.46008343 -3.8913355 1.4414691 82
-0.12564659 -3.8738921 1.4730729 94
-0.070942439 -3.8758533 1.4122758 101
-7.4774017 -3.6623256 1.4427969 119
-7.5781918 -3.5303643 1.4920255 40
1.3707799 -3.2687366 1.4371127 41
1.4859415 -3.2237778 1.4204888 99
1.5188032 -3.2875795 1.4482924 83
1.8868554 -3.215687 1.4159445 107
-7.7245488 -3.0510736 1.4015722 4
1.4406606 -3.0402164 1.47298 29
1.9110914 -3.0965965 1.4352661 38
0.29613352 -2.9165359 1.4976501 8
0.32685858 -2.9123359 1.4240744 88.5
1.5505915 -2.9787879 1.4486423 8.5
1.8787248 -2.9223843 1.4089286 34
2.3934174 -2.9602001 1.4657103 150
-7.7349434 -2.8732479 1.4429554 87
0.76691192 -2.8263116 1.4553689 92.5
1.8963165 -2.8975801 1.4127749 21
2.7471499 -2.846473 1.4708086 31
3.3811255 -2.7583427 1.4865522 21
3.4034736 -2.768254 1.4537138 19
-7.7478395 -2.697418 1.4823977 110
7.2852683 -2.0763371 1.4384782 7
-3.6749005 0.93811309 1.4119722 6
-2.9986663 1.1393683 1.483335 78
-2.8711035 1.1651011 1.4120358 76
-2.7115047 1.2028863 1.4412683 80
-2.401474 1.2931179 1.4990542 46
-2.3626473 1.2896385 1.4374129 72.333336
7.8753734 1.2761297 1.4805346 111
-2.3547459 1.3026336 1.4413141 34
-2.2399192 1.3286693 1.484812 64
-2.1513245 1.3463511 1.45333 57.25
-2.0528347 1.3647976 1.4411603 71
-1.9503788 1.3866752 1.4234686 90
-1.8454115 1.4281244 1.4673877 26.5
-1.7696553 1.4353236 1.4346516 11
7.8452663 1.4198357 1.4451916 113
7.8067126 1.5594201 1.4070778 111
2.8340456 2.3567264 1.4408894 19.5
2.7976737 2.4132876 1.4162499 33
-1.1059849 3.4206083 1.4738942 3
-1.0098518 3.4279046 1.4061836 27
-0.60849321 3.4869413 1.4782528 29
-0.56285512 3.5018439 1.4914976 32
-2.0007615 4.1145782 1.4890202 117
-1.9049181 4.1259079 1.4436114 110.5
-1.7357241 4.1552715 1.460479 112
-1.6127102 4.1792192 1.4151734 121
-1.5709879 4.1838593 1.4844538 107
-0.24388945 4.4920282 1.4112557 105
-0.1505689 4.4767532 1.4123259 127
-0.15342394 4.5122905 1.4231126 111
0.14791366 4.5592399 1.4454378 104
0.28262949 4.5733318 1.4100765 69
0.54996264 4.6589675 1.4455936 108.5
7.0846758 4.7473598 1.4497558 103
7.1405535 4.8665419 1.4560738 60
1.8415328 4.9644656 1.4045023 104
2.0648377 4.9599152 1.4260633 94
2.1739178 4.9910321 1.4440066 91
2.0260835 5.0041018 1.4228605 109
2.2231057 5.0539207 1.4131749 98
2.6029656 5.1391549 1.4277662 107
2.9401555 5.2253571 1.4031512 100
3.2704816 5.2094378 1.4632517 87
3.3806639 5.2445035 1.4797853 86
4.1948953 5.4895492 1.4344512 27
-2.9023976 -4.5027933 1.5637271 19
-2.7580318 -4.4473763 1.5909798 25.5
-2.6775999 -4.4083042 1.5780778 50
-2.253695 -4.3168321 1.516398 68
-1.7907214 -4.2303729 1.5045714 9
-1.1605905 -4.0771356 1.5117399 52
-3.425148 -3.9387476 1.5044054 27
-0.70168227 -3.9456406 1.5475687 40
-0.6405561 -3.9533556 1.5444182 65.333336
-0.51299441 -3.9063673 1.545714 62
-0.38487679 -3.9248557 1.5363872 88
-0.29768974 -3.9126327 1.5420351 73
-3.6882272 -3.8791876 1.512526 26
-3.4641657 -3.8222868 1.5367435 49
-0.14646529 -3.8818257 1.5448617 100.5
-7.6038537 -3.3596323 1.5249774 44
1.3958209 -3.2141879 1.5367572 2.5
-7.6352816 -3.1949575 1.5581728 68
-7.6747222 -3.0333617 1.5918853 18
1.515148 -3.0707562 1.5600234 8
1.618538 -3.0057464 1.5336159 8
1.6769798 -2.9565268 1.580266 1
2.38732 -2.9591858 1.5496049 163.5
2.4480829 -2.9910603 1.511322 33
0.72637784 -2.8353271 1.5741231 92
2.7342911 -2.8419685 1.5422076 40
4.8811789 -2.8577979 1.5662779 35
5.1037703 -2.8107033 1.5563214 20
-7.7801208 -2.5276392 1.5252317 96
7.9605408 0.83938468 1.5717156 83
7.9318562 0.98608804 1.5434424 111
-3.1846371 1.0468283 1.5864245 3
-3.1122117 1.1038225 1.5466181 36
-2.9431477 1.1435604 1.5734637 16
-2.8361797 1.1807125 1.5121391 64
7.8946815 1.1306741 1.5109911 109
-2.5348949 1.2295946 1.5853884 5.5
-2.466274 1.2687985 1.5460631 32.400002
-2.3569908 1.2749474 1.5703571 28.5
-2.2677429 1.2855747 1.5745625 6
-2.2497001 1.3294007 1.5633327 18
-2.1745479 1.3280902 1.5496354 43.333332
-2.0957787 1.3486527 1.531594 79
-1.9585088 1.3624368 1.5886467 4
-1.845853 1.3902425 1.5958594 9
-1.9383428 1.4103009 1.5280515 25
-1.8331612 1.4194901 1.5549836 46
7.5809994 2.5783405 1.591091 115
-1.0232683 3.4263818 1.5033448 2
-0.61644691 3.4642594 1.5677599 53
-0.57186884 3.4723871 1.5788946 81
-2.0991416 4.0945525 1.557795 112
-1.9298939 4.1141396 1.5761737 110
-1.7910186 4.1397176 1.547022 108
-1.6673265 4.1702113 1.5519794 101
-0.29471797 4.4819355 1.5087627 106
-0.15706268 4.4751539 1.5312433 131
-0.20250013 4.5053034 1.5214924 116
0.063780196 4.5599089 1.5846685 104
0.14531624 4.543715 1.5180895 100
0.27717021 4.5671463 1.5300709 74
0.45604414 4.6377554 1.5288625 107
0.55231452 4.6553912 1.5545228 98
7.1298714 4.6027141 1.5295521 107
7.1351914 4.8875074 1.5230422 61
1.894176 4.9802413 1.5355941 110
1.9404607 4.9959569 1.5077202 104
2.0101714 4.9395242 1.5196054 92
2.1333327 4.9804778 1.5431201 88
7.1201358 4.9460487 1.5835794 62
2.1228988 5.02983 1.5281818 113
2.3318689 5.0927191 1.5177312 108
2.7139015 5.1690774 1.538644 101
3.0634193 5.248467 1.5074624 100
3.214499 5.2057691 1.5617361 90
3.3324628 5.2319427 1.5785862 88
3.7011805 5.3851323 1.5182695 92
4.3644166 5.5313878 1.5501606 6
-3.041635 -4.5308604 1.6612964 4
-2.9385028 -4.5420728 1.6996418 1
-2.7362018 -4.4206409 1.6943268 46.5
-6.0839744 -4.3480048 1.6643445 1
-2.5049279 -4.3676724 1.6878213 23
-2.4824743 -4.3614812 1.6954328 27
-2.3751822 -4.3479824 1.6047447 46.5
-1.8653318 -4.2311902 1.6291964 20
-1.7947086 -4.2082844 1.6038558 64
-3.5391202 -4.1712089 1.6301026 23
-3.4479234 -4.0150909 1.6789076 50
-1.2084366 -4.0904703 1.6115067 88
-1.1393065 -4.0802765 1.6233209 90
-3.4674683 -3.9244783 1.6680695 53
-0.7591396 -3.9518349 1.6541549 31
-0.66641933 -3.9650156 1.6500615 66.666664
-0.56901586 -3.9174535 1.6540518 58
-0.40065074 -3.9293361 1.6276888 81
-0.33961126 -3.9158969 1.6444473 77
-3.5966101 -3.8121049 1.6122789 40
-0.22674012 -3.8990176 1.6851897 107
-0.16587186 -3.8925664 1.6161314 98
3.1972082 -3.2088835 1.6832707 84
3.2197671 -3.2032537 1.6098611 65
1.2970557 -3.0360506 1.6289598 10
3.8096194 -3.0267444 1.6823114 120
2.3559487 -2.9618292 1.6396886 219.33333
0.69601476 -2.8434045 1.6555535 81
0.70288807 -2.8409531 1.6584834 80
4.9452434 -2.7730339 1.6170812 29
-7.8641872 -1.8462918 1.6649951 7
-7.9003897 -1.6784753 1.6983972 83
7.9235349 -1.6212343 1.6425095 20
8.1366186 0.086429052 1.6943604 108
8.0937405 0.23989594 1.671885 105
8.0565329 0.39245 1.649359 83
-3.0241194 1.0914416 1.6196471 0
-2.2143185 1.2846444 1.6160126 2.5
-1.8618416 1.3629518 1.6394367 0
7.664989 2.1757052 1.6977485 114
7.6364546 2.309926 1.6632886 115
7.6086349 2.4451432 1.6295351 115
-0.62661695 3.4674771 1.6703141 40
-0.58221179 3.4658773 1.676325 77
-0.34498858 3.5806198 1.6491373 19
-2.200568 4.0755262 1.6274184 23
-1.9727533 4.1024637 1.6831111 104.5
-1.8502525 4.1243701 1.6507729 107
-1.7604771 4.1495352 1.6173043 104
7.197782 4.296134 1.6779685 113
-0.34505528 4.4678535 1.6053538 98
-0.24967191 4.4883471 1.6184677 97
-0.16454932 4.4715509 1.6500634 133
7.1631331 4.4489121 1.6044714 106
0.018779 4.5460892 1.6816163 102
0.13883892 4.5355029 1.6379824 93.5
0.27179775 4.5609612 1.6490688 68
0.40682489 4.623673 1.6250442 115
1.9582131 4.9261346 1.6144395 92
2.091851 4.9649205 1.639558 87
7.1143737 4.9664965 1.6525673 61
1.9889113 5.0008678 1.6388117 114
2.0387244 5.0204439 1.6102241 108
2.2225444 5.056582 1.6348963 119
2.4415274 5.1180863 1.622983 100
2.8263171 5.1950088 1.6509055 106
3.1526294 5.1881108 1.6562715 87
3.190932 5.2785754 1.616007 93
3.290977 5.2284288 1.6817533 86
3.846067 5.4215541 1.6415966 84
6.9352236 -5.6037841 1.7790554 45
-2.6331306 -4.4145479 1.7949613 13.5
-6.093081 -4.3132114 1.7549788 4
-3.7518685 -4.3329916 1.7275456 15
-1.8560627 -4.2406759 1.7304602 68.5
-1.2298434 -4.1121616 1.7218606 81
-1.1512198 -4.0961747 1.7346127 85
-0.82036769 -3.9681051 1.7665951 22
-0.75614935 -3.9581327 1.7678156 47
-0.64771253 -3.9621313 1.7555984 68.333336
-0.40275574 -3.9336975 1.7319165 62
-0.34312439 -3.9165318 1.7480477 63.5
-0.21575406 -3.9044046 1.7230663 111
-3.4423239 -3.8453093 1.7310621 32
-3.3783395 -3.8881209 1.734521 34
-0.26857817 -3.8650727 1.7749211 109
-3.3667605 -3.703476 1.7639853 17
3.0141239 -3.2527773 1.7270478 90
3.1769412 -3.2165189 1.7588519 91
1.3066082 -3.1597683 1.7367656 171
1.257211 -3.030699 1.7474247 77.333336
3.7932901 -3.0326145 1.7274573 123
2.33813 -2.960779 1.7445678 247
0.67165452 -2.8480415 1.7417223 84
7.5386643 -2.1883438 1.7406951 36
-7.863862 -1.8917423 1.7727774 40
-7.8943701 -1.7310368 1.7945961 92
-7.9374256 -1.5086621 1.7323644 66
8.2679977 -1.5302019 1.7318416 103
-8.0320759 -1.3490053 1.7773803 112
8.2278585 -1.3577656 1.7320321 106
8.3546257 -1.2128841 1.7667952 45
8.3790951 -1.0514894 1.7770143 109
8.3396368 -0.88102102 1.7708286 99
8.3030539 -0.71450436 1.7631913 102
8.2700329 -0.55092615 1.7533938 103
8.2334585 -0.3873958 1.7415043 107
8.2004604 -0.22780378 1.7274511 106
8.1681671 -0.069194019 1.7112672 106
7.7532787 1.7701367 1.7911674 115
7.7262387 1.9063131 1.7623564 115
7.6956377 2.0404971 1.7314616 115
-0.63861793 3.4846239 1.7818447 27
-0.59147936 3.4543834 1.7738341 47
-0.38883841 3.5646827 1.7321866 105
-1.9542989 4.1090469 1.7529223 98
-1.8246814 4.1320605 1.7774212 118
7.228879 4.1423163 1.7479569 110
-0.39629966 4.4567523 1.7037598 104
-0.29955363 4.477344 1.7186399 109
-0.1713081 4.469933 1.7719693 120
-0.027955243 4.5362325 1.7844201 103
0.094476126 4.5249286 1.7514871 108
0.16942252 4.5256524 1.7621894 87
0.26634124 4.5517726 1.7690587 66
0.35452485 4.6105886 1.7231011 107
2.0557153 4.9654016 1.7430813 89
7.1159782 4.9967265 1.7207258 47
2.0885682 5.0295277 1.7469523 113
2.1398253 5.0469446 1.7155375 106
2.3243878 5.0783472 1.74512 107
7.1023707 5.0457301 1.7884624 63
2.5526252 5.1414557 1.7296311 107
3.0952792 5.1754527 1.7529531 87
2.9416583 5.2149601 1.7673745 100
3.2432389 5.2118735 1.7796453 85
3.3248599 5.3056974 1.7280097 85
3.9911203 5.4459682 1.7677222 44
7.1413484 -5.5542402 1.8997988 55
-6.9767742 -4.6024823 1.8680912 37
-2.8110528 -4.4406419 1.8079627 50
-2.7250311 -4.4185438 1.8106031 54
-6.1577115 -4.3169518 1.8622346 1
-1.9256574 -4.2636914 1.8522998 70
-1.8391286 -4.2535834 1.8414632 81
-1.2478932 -4.1138949 1.8265537 102
-1.1623253 -4.1080842 1.8480176 97
-0.69244927 -4.0096655 1.8980147 97
-0.85292083 -3.9820118 1.8846214 35.5
-0.66534674 -3.9722815 1.8598888 66
-0.40546042 -3.9450831 1.8430927 93
-0.34764874 -3.930172 1.8575706 86.5
-0.3180021 -3.8620324 1.8811145 79
-0.26080832 -3.8812115 1.8192093 89
1.4350214 -3.6041327 1.8704549 32
2.9799869 -3.2444351 1.8491181 69.75
3.0091903 -3.2397499 1.8165289 93
3.155756 -3.2211537 1.8340278 80
3.0578663 -3.1888561 1.8962553 46
1.224174 -3.0202584 1.8452399 83.5
2.325654 -2.9624259 1.8592716 202.33333
0.64395869 -2.8569131 1.8297722 85
7.8263159 -2.1253033 1.8351424 39
-7.9268341 -1.5683478 1.8153013 91
-7.9986353 -1.4140627 1.8452681 103
-8.0571623 -1.2536366 1.8700271 122
-8.0760508 -1.1781979 1.809994 107
-8.1075726 -1.0043454 1.8378432 107
-8.0804958 -1.0858454 1.8846747 119
-8.0932713 -0.91894639 1.8971425 104
-8.0942373 -0.82235545 1.8535811 65
-8.1304836 -0.64750385 1.879788 64
7.86624 1.2195373 1.8956934 114
7.8371468 1.3586648 1.8718842 112
7.8087344 1.4958124 1.8459272 114
7.7781863 1.6339599 1.8193052 114
7.2924361 3.8347175 1.8822659 109
7.2613916 3.9875231 1.8165162 108
-2.0498738 4.0833244 1.8198851 94
-1.9767262 4.104907 1.8027529 103
-1.8456839 4.1214309 1.891897 25
-0.44970858 4.4436121 1.8044355 100
-0.35121483 4.4703059 1.8224341 106
-0.17943972 4.4590244 1.8942693 115
-0.073790215 4.5233927 1.8854113 103
0.088564783 4.5198641 1.876457 98
0.16547379 4.5252719 1.8873516 87
0.26053604 4.5435777 1.8930347 64
0.30403531 4.6015053 1.8220054 106
0.4264417 4.6252198 1.8555679 91
2.1890001 5.0521898 1.8571988 109
2.2466185 5.0764709 1.8278822 104
2.43047 5.1041451 1.8595589 107
2.670105 5.1708446 1.8426049 103
3.0397913 5.1667824 1.8527399 87
3.1972892 5.1973319 1.8784028 85
3.0647156 5.2459798 1.8901653 95
3.4658742 5.3408256 1.8456377 57
4.1367664 5.464469 1.8945744 4
6.907609 -5.621798 1.951552 44
-6.8379827 -4.8393402 1.985628 10
-6.9817748 -4.5626554 1.9681689 31
-2.8605821 -4.4675689 1.9286605 58
-2.7663155 -4.4572697 1.9256716 46.5
-1.9719106 -4.3197351 1.9852297 86
-1.8679796 -4.2918701 1.9730753 111
-1.2696791 -4.1296029 1.9399136 123
-1.1811759 -4.1571741 1.9815116 107
-0.40910482 -4.0005503 1.9771116 120
-0.94522721 -3.9836965 1.9960418 21
-0.88182169 -3.9808736 1.999069 49
-0.65184385 -3.9827888 1.9395014 126
-0.35198581 -3.99085 1.9941394 117.5
-0.30615386 -3.8660312 1.9184701 85
0.20312746 -3.8238292 1.9480128 106
2.4251881 -3.6504502 1.9621397 2
1.9370799 -3.4595504 1.9361832 32
2.0089605 -3.4391241 1.9625953 96.666664
2.9622726 -3.2558594 1.9674549 96.5
3.1280918 -3.2281175 1.9509515 86
3.0938179 -3.1893899 1.9246335 20
3.1580648 -3.1688836 1.9824404 76
1.1913602 -3.0054748 1.9354944 87
1.2054671 -3.0198426 1.9154111 84
2.2860949 -2.9898341 1.9580081 255
2.3061001 -2.9658971 1.9292947 255
4.177711 -2.9754338 1.9978421 74
4.2315078 -2.9821284 1.9674007 39
0.61564243 -2.8637886 1.9203084 82.5
5.9617391 -2.5677662 1.9833043 76
8.1331091 -2.0542471 1.9343169 33
-8.1110229 -0.75309551 1.9093108 76
-8.1426659 -0.58538198 1.922261 67
-8.1753731 -0.44416809 1.9196559 68.5
-8.2073984 -0.26989031 1.9367146 77.5
-8.2437277 -0.10991 1.9482094 77
-8.2440042 -0.076294333 1.9569341 79
-8.279233 0.083679438 1.9664613 78
-8.3205652 0.26244074 1.9813502 75.5
-8.3606853 0.44565913 1.9849124 67
8.019949 0.51607096 1.9975933 116
-8.3951778 0.62536192 1.9901053 68
7.9838433 0.65814054 1.9781525 115
-8.4385662 0.8069762 1.9963757 70
7.9548264 0.8012197 1.9600288 112
7.9272079 0.94231522 1.9404531 114
7.8924828 1.0804133 1.9181327 114
7.3354335 3.6870809 1.9486388 114
-2.0013051 4.0957699 1.917902 20
-0.50221068 4.4274907 1.9032965 106
-0.40056759 4.4523144 1.9216827 96
-0.12182008 4.5105205 1.9886787 102
0.080925122 4.5068002 1.9982606 100
0.25439546 4.5824242 1.9190904 98
0.38365835 4.6254783 1.961453 104
2.2958043 5.079895 1.9737663 109
2.3513494 5.0949855 1.9381031 103
2.5387287 5.1259589 1.9760947 104
2.7883289 5.1952333 1.9562663 109
2.9829285 5.1521211 1.9507411 87
3.1589327 5.1948433 1.981963 88
3.6104655 5.3749514 1.9667602 27
7.104342 -5.5722322 2.0722737 55
7.3487864 -5.4966798 2.0219693 84
-6.8922367 -4.6665535 2.0491097 98
-7.0166593 -4.5410757 2.077359 18
-2.9336336 -4.5338459 2.0690362 91
-2.824698 -4.5104074 2.0898023 86
-1.3045846 -4.1986179 2.0828922 105
-0.70232093 -4.064425 2.0333931 117
-0.66712946 -4.0467672 2.0797205 105
-0.410999 -4.0049391 2.0903931 113
-0.74944973 -3.9659498 2.0007198 64
-0.37080878 -3.8945799 2.0234423 80.5
0.15648699 -3.826467 2.0460405 96
2.4897089 -3.5872681 2.0233481 6
1.8625135 -3.4406781 2.002167 55
1.963375 -3.4378479 2.0471776 76.666664
2.0037251 -3.4180527 2.0035944 63
2.0853534 -3.3871279 2.0747662 34
2.9438848 -3.259479 2.0483656 90
3.099072 -3.2300885 2.0683885 74
3.186439 -3.1613829 2.0059159 65
3.2732849 -3.1411309 2.0817504 95
2.2886825 -2.965179 2.005244 255
4.2859836 -2.9296198 2.0775354 94
4.3267732 -2.9190927 2.0381815 90
0.58711481 -2.8681784 2.0124097 88
5.8366609 -2.6092551 2.0840378 78
6.1725497 -2.5140607 2.0821061 75
8.3375578 -1.9482614 2.0070603 120
8.2968264 -1.7774259 2.0140769 109
8.2624788 -1.6095774 2.0216799 110
8.2210035 -1.4447148 2.0251248 115
8.2036457 -1.2848153 2.0324049 93
8.3851891 -1.1577804 2.0915399 126
8.3464842 -0.99587405 2.0906796 113
8.3119764 -0.8369292 2.0869141 110
8.2796144 -0.67998606 2.0837965 113
8.245101 -0.52403146 2.0785832 119
8.2048731 -0.37005836 2.0691979 118
8.1809664 -0.2180658 2.0630853 117
8.1442728 -0.068076029 2.0529079 117
8.1160498 0.078951374 2.0411639 115
8.0871096 0.22598261 2.0287247 116
8.0581703 0.37201387 2.0162787 114
-8.3717422 0.44570094 2.0073271 79
-8.4064045 0.63561028 2.0216467 75
-8.447835 0.82781118 2.0350399 71
-8.4855986 0.99255556 2.0026395 48
-8.5052509 1.0256653 2.0514693 68
-8.5176373 1.1792932 2.0025842 69
-8.5338612 1.225607 2.0605547 68
-8.5585833 1.3689425 2.0036089 64
-8.5716324 1.4275364 2.0685811 69
-8.5948057 1.5586417 2.0027099 67
-8.6144047 1.6334577 2.0763686 65
-8.6741467 1.7633594 2.0097969 76
-8.7120676 1.8562239 2.0958645 79
-8.738555 1.9687765 2.0118711 94
-8.7760086 2.1724734 2.0057259 103
-8.7591772 2.282228 2.0916083 52
-0.590195 4.108541 2.0828292 105
-0.45214319 4.4362845 2.0232141 95
-0.17765801 4.4675364 2.0517397 97.5
0.16053718 4.518888 2.0124099 87
0.22907828 4.5613575 2.0218573 78.5
0.34143284 4.6077547 2.0619223 96
2.4332671 5.1115689 2.0738964 105.5
2.6526256 5.1558132 2.0996702 109
2.9301047 5.1414657 2.0495532 89
3.1184042 5.1843376 2.0855501 87
7.0044003 5.1217098 2.0470388 110
2.9094241 5.2186251 2.0741429 86
3.1857805 5.263978 2.0122411 91
3.757956 5.4010754 2.0906432 6
4.522531 5.4428897 2.0500963 55
7.3017907 -5.5166826 2.1951637 84
7.5689597 -5.4379482 2.1468649 83
-6.8971629 -4.8122067 2.1871338 25
-7.1290698 -4.6191645 2.1667905 47
-7.0526433 -4.5185056 2.1874499 8
-2.9741817 -4.5396504 2.18767 77
-2.0065665 -4.3395796 2.107383 81
-1.894699 -4.3171329 2.1029952 84
-1.1941475 -4.1761632 2.104733 113
-1.0429447 -4.0746698 2.1567867 15
-0.97810322 -4.0709796 2.1593313 55
-0.83505207 -4.043581 2.1541481 86
-0.70638895 -4.0630507 2.1475234 102
-0.67850131 -4.0537467 2.1981926 107
-0.42516193 -3.9645827 2.14556 91
-0.31140587 -3.9837008 2.1029286 104
0.11130702 -3.8354464 2.1606727 98.5
1.9604645 -3.4646926 2.13218 89.5
2.0098 -3.3967309 2.1587532 27
2.1553721 -3.3727679 2.1614797 2
2.924787 -3.2590895 2.1284332 94.5
3.0838253 -3.2337394 2.1497049 80
3.3774896 -3.1141024 2.1710744 98.5
0.54645562 -2.8784466 2.1391165 80
4.43997 -2.8876841 2.1500494 91
6.0281162 -2.5605013 2.1829085 78
6.4082108 -2.4620302 2.189887 67
-8.7601414 2.0741467 2.1012282 81
6.0171728 2.4301472 2.1480932 29
-0.70317483 4.0276642 2.1677134 30
-0.64581537 4.0707598 2.1851926 117.5
-0.50641727 4.4311957 2.1324289 108
-0.19419163 4.4357305 2.1408803 116
0.073843449 4.5037332 2.1251369 95
0.15230763 4.539875 2.1327124 89.5
0.27528614 4.5635967 2.1567564 81
7.0730958 4.7948132 2.1668222 111
7.0412436 4.9592547 2.1086729 109
2.5792089 5.1531034 2.1782343 103
2.874579 5.1238132 2.1470561 87
3.0787377 5.173841 2.1873324 85
3.0404308 5.2500553 2.199028 66
3.3243845 5.3061309 2.1476548 79
4.4584422 5.4349365 2.1491375 60
-6.9091215 -5.4221349 2.2134647 1
7.8133969 -5.3899026 2.2800117 84
-6.9668264 -5.2388368 2.2638612 3
-6.8362117 -4.9167633 2.2478392 88
-6.9372087 -4.7881556 2.2988513 25
-6.8885365 -4.7423997 2.2935231 116
-4.1039729 -4.7607608 2.2357807 55
-3.9016676 -4.7532697 2.2584634 15
-3.7672865 -4.7369108 2.2477057 26
-7.3448839 -4.5457311 2.2799871 109
-2.8578141 -4.5217032 2.2212131 87
-2.0390832 -4.3493843 2.226773 90
-1.9137942 -4.3213034 2.2257702 82
-1.327055 -4.207355 2.2022483 101
-1.2071424 -4.186151 2.2280257 111
-1.1163416 -4.0921826 2.2877836 12
-1.0463396 -4.0785136 2.2862434 41
-0.90014642 -4.0528498 2.2814422 88
-0.71187794 -4.0687051 2.2665071 100
-0.40979061 -4.0073552 2.2175689 104
-0.50502867 -3.9612513 2.2704785 84
-0.31351092 -3.9889181 2.219197 116
0.063834257 -3.8489566 2.2813835 89
1.9399567 -3.468224 2.2269752 93.5
2.0975478 -3.3961725 2.2549317 3
2.6568985 -3.2854092 2.2090082 12
2.7265954 -3.2641273 2.2608156 25.5
2.913507 -3.2677186 2.2165515 88
3.0713465 -3.2394035 2.2345247 79
3.4877489 -3.1058211 2.2641563 94
3.5085578 -3.0953181 2.2817326 101
0.49294075 -2.8876858 2.2996392 71
0.53294349 -2.8787942 2.2167737 57
4.5653214 -2.8670237 2.2726762 95
4.6203322 -2.8518651 2.2338908 87
6.2430615 -2.5137618 2.2920346 76
-0.70186675 4.0841746 2.2896433 93
-0.55917078 4.1941099 2.2423069 150
-0.55925751 4.4131417 2.2366617 109
-0.21020342 4.4618988 2.2361259 100
0.067411311 4.497664 2.2560833 98
7.1490827 4.4761834 2.2834411 115
0.097123221 4.545064 2.2254953 94
0.1509594 4.507093 2.2705848 78
0.2508325 4.5606108 2.2778592 78
7.1052332 4.6315866 2.2246666 111
2.5137765 5.1263299 2.2125101 111
2.7680428 5.1756783 2.2246299 110
2.823199 5.1151423 2.2498684 87
3.0404367 5.1643538 2.2908809 88
3.4574742 5.3322306 2.2802548 30
4.3834906 5.405015 2.2406769 57
4.6676102 5.4930243 2.2026727 53
7.5220184 -5.4711304 2.326124 92
-6.9216866 -4.8891635 2.3659811 11
-4.3300567 -4.8142624 2.3913248 49
-6.9444351 -4.7383585 2.3997548 17
-4.1574111 -4.7739263 2.3772888 53
-4.0853825 -4.7783546 2.3884528 39
-3.9522295 -4.7601023 2.3708582 61
-3.4466274 -4.6596441 2.3760002 14
-7.1609311 -4.5409145 2.3226068 1
-6.9730811 -4.5924182 2.3498471 46
-3.0235288 -4.5555911 2.3154604 80
-2.8953576 -4.5360589 2.3572102 85
-7.3861589 -4.3599019 2.3359387 100
-2.0730622 -4.3602238 2.3510408 89
-1.936483 -4.3325453 2.3551831 83
-1.3472875 -4.2070436 2.3178451 101
-7.425508 -4.1720619 2.3893871 106
-6.3389912 -4.1996913 2.364393 2
-1.2179937 -4.1861162 2.3495839 104
-0.71776444 -4.0754824 2.3893061 99
-0.41331217 -4.0130968 2.3382387 104
-0.48835135 -3.9653175 2.3093426 85
-0.31587902 -3.9921405 2.3384583 102
0.013489267 -3.8549945 2.393594 89
1.2938917 -3.6028194 2.3684413 103
1.2806224 -3.5844696 2.3892508 150
1.920221 -3.4737692 2.3259983 96
2.4801967 -3.3542044 2.3296385 110
2.7935402 -3.2383716 2.308444 40
2.8791838 -3.2685452 2.3700078 76.75
2.9032505 -3.2603285 2.3045168 74
3.0593379 -3.2440739 2.320684 77
-3.4253695 -3.0965283 2.3987548 59
3.6076574 -3.0679984 2.3661389 90
0.50186515 -2.8837044 2.3198178 20
4.75422 -2.8301182 2.3614113 86.5
-3.7361071 -2.6602595 2.3817706 4
6.6551485 -2.40485 2.301832 65
-1.1073304 -2.3402262 2.374212 5
-1.1002095 -2.2551563 2.3913872 33
-6.1048474 -0.48292872 2.3454969 4
-2.4566481 -0.41531149 2.3549337 10
-6.131269 -0.33898699 2.3659983 6
-2.4329157 -0.35415411 2.3454435 43
-2.1823163 -0.35478008 2.3723443 61
-2.414531 -0.2950401 2.3394508 46
-2.3927834 -0.23489262 2.3297672 42
-2.1649246 -0.24753596 2.3673515 54
-1.8848381 -0.23833382 2.3582273 44.5
-1.6906176 -0.25011933 2.3890076 64
-2.3827381 -0.14888032 2.3361681 28.5
-2.1487923 -0.16680451 2.3576272 33
-1.8651065 -0.15018867 2.3482025 63
-1.6843833 -0.1430079 2.3890133 80
-2.3657489 -0.033311974 2.3368497 17
-2.1506276 -0.061317854 2.3698564 23
-1.8557088 -0.064151123 2.3467383 63
-1.6850268 -0.0361774 2.3964148 83.5
-2.3553867 0.052237388 2.3347445 31
-2.1474686 0.044248156 2.3720195 33
-1.8502455 0.04979983 2.354166 65
-2.6750712 0.17702055 2.3850119 10
-2.3555892 0.14018552 2.3431942 33.5
-2.1472197 0.15178424 2.3729024 50
-1.8539529 0.16616146 2.3682904 49.5
6.7280383 0.13442226 2.3985357 28
-2.6825037 0.26046169 2.391063 28.5
-2.3646195 0.25855219 2.3584867 23
-2.154531 0.26072302 2.3790855 40.5
-1.860541 0.25551859 2.3819358 69
-2.6838193 0.37149179 2.3882403 33
-2.3583634 0.34609804 2.3519864 21
-2.1631093 0.37115365 2.3826392 44
-2.6912851 0.45694259 2.3892694 36
-2.360255 0.4365738 2.3517551 48
-2.1690114 0.45461446 2.3823431 57
-1.8719972 0.46733728 2.3950915 41.5
6.7598672 0.42398924 2.387109 24
-2.3787174 0.53089488 2.3670373 47
-2.1862788 0.51525545 2.3969808 45
-1.8699723 0.55739391 2.3864532 68
1.6359622 0.58881146 2.3937371 59
-1.8787483 0.62130368 2.3921661 54
1.6419954 0.66025692 2.3929033 56.666668
1.6611798 0.73314226 2.3839235 51
1.7118943 0.76845467 2.3727624 48
1.5911087 0.82282031 2.3928938 59.5
1.6908486 0.86776435 2.3715267 49
1.7493286 0.84215742 2.3663204 48.333332
1.659582 0.97369957 2.3771546 49.5
1.7553854 0.93919879 2.3687932 38.666668
1.8321338 0.9803077 2.3745079 28
1.5364163 1.0817415 2.3980873 61
1.685357 1.0292586 2.3659086 50
1.740178 1.0405167 2.3677258 36.5
1.8472219 1.0666853 2.3721738 25.75
1.5731525 1.1513903 2.3928943 46.5
1.7612857 1.1580452 2.378952 23
1.8762071 1.1659702 2.3804879 21
1.9370931 1.1403995 2.3776162 21
1.622817 1.2426431 2.3801999 50.5
1.823204 1.2631317 2.3766656 24
1.9543241 1.2387244 2.3834016 17
2.0212727 1.2604287 2.3710504 10.5
1.6736054 1.3251718 2.3933442 39
1.8764848 1.3479991 2.3721576 15.5
1.9789559 1.3135923 2.3664985 17
2.0435362 1.3439441 2.3732889 7
2.0640006 1.4197557 2.3900862 1
-0.75742716 4.0679975 2.392586 107
-0.59341156 4.1124172 2.3115819 107
7.2125955 4.1574035 2.3885205 119
7.1709261 4.309783 2.3332264 112
-0.23808268 4.4486179 2.3537402 97.5
0.060716666 4.4965925 2.3900208 89
0.043315805 4.5369711 2.3338871 95
0.21038952 4.5804887 2.385829 96
2.7703965 5.0954924 2.3486319 87
2.6625984 5.1648798 2.3210623 102
2.8855987 5.1955595 2.3516943 87
3.0043876 5.1578803 2.3966305 87
3.181355 5.2945118 2.3351769 28
4.3226032 5.3960533 2.3423142 58
4.6199222 5.4834938 2.3072898 55
7.7557316 -5.4265623 2.4604194 88
8.0748901 -5.3446326 2.4186642 64
-6.9344659 -4.8454509 2.4844034 5
-3.0749228 -4.5729561 2.4459412 74
-2.9310296 -4.5424199 2.4944572 81
-2.1083796 -4.3740931 2.4791849 79
-1.9604465 -4.340816 2.4875214 82
-1.3725072 -4.2228518 2.4459436 90
-1.230698 -4.1981626 2.4809179 88
-1.1188855 -4.0911336 2.4176908 23
-0.97210532 -4.0732374 2.4164355 64
-0.41683465 -4.0143442 2.458905 100.5
-7.4662418 -3.986223 2.4425581 113
-0.55886936 -3.980386 2.4219155 79.5
-0.3185924 -3.9973698 2.4617004 106
-7.5080895 -3.8033803 2.4940608 115
-3.5429735 -3.8190567 2.4366643 36
0.018667569 -3.8589315 2.4092951 92
-3.480557 -3.7867162 2.4413333 42
-3.5478978 -3.6540971 2.4388535 30
1.268719 -3.6104186 2.4813414 100
-3.442476 -3.575964 2.4122593 56
-3.5218081 -3.4606059 2.4179511 32
-3.4704142 -3.4464464 2.4334164 17
1.8928815 -3.4612501 2.4481401 97
1.9044224 -3.4863741 2.4002697 95
-3.5333147 -3.3170531 2.425818 14
2.4490769 -3.3491585 2.4295228 58
-3.4512362 -3.2710478 2.418294 62
2.8818901 -3.2583611 2.4573724 71.333336
2.9421186 -3.220005 2.490339 98
3.0477998 -3.2477512 2.4081821 78
-3.5355079 -3.1680496 2.4263022 45
2.9872396 -3.1908429 2.496495 95
-3.5513296 -3.038286 2.4383223 41
3.7314811 -3.0453885 2.4711637 93
-3.4517279 -2.9789877 2.4201527 88
-3.505635 -2.8544612 2.4033167 35
-3.477787 -2.8624375 2.4401608 92
-0.98779565 -2.832927 2.4165976 10
-0.89438981 -2.8882658 2.4646895 10
0.46185869 -2.8962061 2.4066372 36
4.8774076 -2.8004439 2.4872496 92
-3.5143437 -2.7428269 2.4395232 81
-0.94240922 -2.7461691 2.4622502 12.5
1.5366725 -2.7204812 2.4132478 71
4.9500575 -2.7792289 2.4498184 78
-3.5496097 -2.6384168 2.4669323 46
-1.0184537 -2.6899459 2.413166 6
-0.97572821 -2.6370261 2.4199386 0
-0.87012309 -2.6089106 2.460072 25
1.4930749 -2.6244605 2.4269049 21
-0.96085769 -2.5300457 2.4311597 12
-0.88010639 -2.5191975 2.494921 33
1.4490056 -2.522603 2.4291852 6
-0.95259315 -2.4472213 2.4606774 5
6.4681363 -2.4611864 2.4049404 76
-0.93852991 -2.3442264 2.469784 22
-0.86893219 -2.3930302 2.4914768 8
6.9282799 -2.3443248 2.42276 58
-0.91644305 -2.214952 2.4446692 23
-1.1010444 -2.1618342 2.4480205 29.5
-0.89304096 -2.078562 2.4046648 70
-6.6512074 -1.7464416 2.480871 79
1.5304184 -1.7047219 2.4786956 3
-6.7222362 -1.6669194 2.4816787 117
-6.6565843 -1.5894814 2.4920163 124
1.4657637 -1.5537198 2.4543221 38
-6.6416607 -1.3237593 2.4882514 101
-3.986321 -1.1864365 2.4663997 61
-3.8868928 -1.1941365 2.4976892 24
-3.831069 -1.0700938 2.4660823 67
-4.0165143 -0.97782642 2.4923697 110
-3.850944 -0.97008878 2.4867504 96
-1.5486807 -0.74886841 2.4796064 3
-3.9814849 -0.6502493 2.4781299 22
-1.3429667 -0.66690749 2.4869871 98
-3.9769711 -0.546161 2.4781499 57
-3.9832869 -0.44322908 2.4853377 86
-1.7600229 -0.40079165 2.486711 1
-1.4841524 -0.401519 2.4616616 49
-2.2136405 -0.30722791 2.4207115 122
-1.9390069 -0.33333397 2.4139049 5
-1.4861726 -0.34372029 2.4821048 140
6.1512141 -0.21010931 2.4284554 9
1.1426866 -0.042528395 2.490536 85.5
1.2135944 -0.041938134 2.485929 64.5
6.1116042 -0.084062956 2.4111075 26
6.7422218 -0.0084600095 2.4128425 32
-1.7027954 0.045035969 2.4296682 122
1.2175937 0.06831383 2.4563913 90
6.1175299 0.040961936 2.4129021 54
-1.7278225 0.10062162 2.4736764 83
0.91993135 0.18440963 2.4449027 81
1.2241991 0.11230268 2.4588578 90
6.104918 0.16402537 2.4036279 25
0.93150759 0.23613438 2.4839056 63
1.1668483 0.26233321 2.4794705 37
6.1165156 0.29005724 2.4067655 25
6.781198 0.28018665 2.4084239 62
-1.886591 0.3501057 2.4209228 109
1.1748143 0.34265348 2.465327 37.666668
6.1430106 0.41610935 2.4132268 46
-2.1998527 0.57509983 2.4059124 31
-1.4468042 0.56538218 2.489501 21
0.85873222 0.52471358 2.4924035 93.5
1.6228473 0.53755927 2.4158115 28.5
6.1638017 0.54416734 2.416959 27
1.602252 0.66052204 2.4194224 30
1.5734539 0.77161366 2.4118297 35
1.6748927 0.74290365 2.4113841 43
1.0667545 0.82392353 2.4733236 54
1.6607108 0.86180085 2.4308891 65.5
1.6620624 0.94308472 2.4474487 70
0.73879659 1.0595798 2.4759138 37
1.52151 1.0454825 2.4227288 30
3.8649023 1.0316242 2.4973197 10
0.98713475 1.1244859 2.4856608 64
1.462303 1.2754605 2.424336 17
1.4769377 1.3135952 2.4071431 60
1.5002438 1.3605072 2.4050534 40
1.7121592 1.3831757 2.4054489 29
0.41487896 1.4559797 2.4801474 4
3.7763016 1.4283936 2.4985132 4
0.66848099 1.5562048 2.4733729 4
1.169824 1.6780068 2.4751766 3
7.6738405 2.1441097 2.4948988 117
7.6386576 2.3008003 2.4475789 106
0.042453878 3.2054012 2.4221523 1
0.055988871 3.3635406 2.4320862 11
3.2687306 3.503267 2.4925902 28
3.2542732 3.6402698 2.4725564 4
7.2781224 3.8436873 2.4872513 123
3.235173 3.9188247 2.4944263 0
7.2443089 3.9990385 2.438241 118
-0.64715695 4.0973468 2.4176288 97
-0.318342 4.4588127 2.4167132 93
0.14649564 4.4996872 2.4017038 82
-0.011817405 4.5228786 2.4427586 96
0.16651519 4.5597353 2.4921362 88
0.24227518 4.525754 2.4124811 60
2.7213643 5.0898051 2.455874 88
2.7495425 5.1798763 2.4730427 81
2.9646485 5.1426015 2.497458 90
2.8163712 5.2025428 2.4309363 72
3.0158145 5.2335382 2.4914145 70
3.3089731 5.3009171 2.459317 8
3.5942118 5.351357 2.4177618 4
4.2625761 5.38311 2.4421093 55
4.57447 5.473978 2.4118671 53
7.8818326 -5.295013 2.5581601 58
8.3057642 -5.2628498 2.5469041 64
7.7029338 -4.9464664 2.5462785 46
8.1646709 -4.9337893 2.5511715 44
-4.409699 -4.8415031 2.5322249 30
-4.2959075 -4.8274512 2.5341132 50
-4.163434 -4.8141413 2.510833 74
-4.2175469 -4.7921729 2.5261679 39
-3.5927725 -4.7030144 2.5328298 26
-7.3405662 -4.623805 2.5042655 146
-6.9681692 -4.6987219 2.5060639 5
-3.6226993 -4.6976285 2.5058701 37
-3.1203554 -4.57585 2.5731556 55
-7.3763967 -4.433238 2.5425584 119
-7.4008865 -4.2375298 2.5745258 92
-1.3991727 -4.2406988 2.5789151 65
-7.3903122 -4.0224013 2.5928016 65
-1.0423822 -4.0846043 2.5523171 49
-0.72537649 -4.0902133 2.5211005 107
-0.41979879 -4.030611 2.5805237 115
-0.32091442 -4.0056109 2.5919974 106
-0.62208182 -3.9969862 2.5584328 63.5
-0.034503311 -3.8735046 2.5322938 90
-7.5449648 -3.6185207 2.5422111 128
1.2431818 -3.6180348 2.5973825 94
1.2541052 -3.5968862 2.5006323 97
-7.5804543 -3.4306595 2.5906367 111
1.88107 -3.4798915 2.5291986 91
2.4525809 -3.3619189 2.5212221 80.5
2.5065212 -3.3141482 2.5370364 36
2.5194983 -3.2988517 2.5188916 21
2.8697267 -3.2841423 2.5797415 72
3.0350838 -3.2537851 2.5449176 70.5
3.0696788 -3.1838388 2.5961947 99
3.8591928 -3.019237 2.578651 90.5
0.42974362 -2.8957314 2.5109859 2
5.1359115 -2.7451758 2.5699763 77
6.7271848 -2.4144661 2.5318148 70
7.230485 -2.2824218 2.55547 40
-7.1074171 -2.1157823 2.5863385 33
1.5177246 -1.7121704 2.5261083 1
1.494352 -1.6553189 2.5396733 6
1.5227563 -1.6752521 2.5350599 8
-6.7209616 -1.5019317 2.5004194 150
-4.9978142 -1.5632979 2.5812895 0
1.4457629 -1.543 2.5138159 24.5
-6.7040534 -1.444021 2.5190632 150
-5.0239921 -1.4662879 2.5478501 3
-3.9265351 -1.4056852 2.5723078 0
7.1093698 -1.4179459 2.5646925 85
-3.8877487 -1.3343241 2.5802689 1
-6.6628375 -1.2795025 2.5101538 106
-3.9451284 -1.2169081 2.5522168 0
-3.6108556 -1.2209743 2.580986 1
7.0694218 -1.250439 2.5549154 71
-6.6884894 -1.1498632 2.5249972 101.5
-3.8921785 -1.1414753 2.5494969 14
-6.7134943 -1.0143929 2.5476582 74
-4.0334201 -1.0910951 2.5005989 32
-3.5191853 -1.0683651 2.5792186 6
-3.1604755 -1.025593 2.5927083 2
7.0302019 -1.0849202 2.5444198 56
-6.7289715 -0.97923094 2.5499532 93
-2.2063284 -0.96658963 2.5891078 1
7.0023904 -0.92524421 2.5352259 48
-6.7420602 -0.82635355 2.5602267 81
-4.0286961 -0.87297899 2.5034251 48
-3.8774505 -0.87208676 2.5118911 92
-3.1142025 -0.89609003 2.599576 5
-2.7922881 -0.80006397 2.5952306 0
-4.0641675 -0.77346826 2.5299118 13
-3.9031277 -0.77108401 2.5364733 93
-1.8702396 -0.78257096 2.5941491 3
-1.1304393 -0.73240483 2.5685496 9
7.0058513 -0.77015907 2.5370708 34
-6.7921228 -0.67834568 2.5853522 30
-3.9271474 -0.6700803 2.5599363 46
-2.1312652 -0.68833572 2.5921409 5
-1.3532686 -0.61814803 2.5243809 67
-1.1224194 -0.63743293 2.5777006 14.5
-0.80748224 -0.61551189 2.5998106 4
-0.75764596 -0.64147043 2.5956123 4
-0.32081899 -0.60202843 2.5928628 3
6.9702487 -0.61357504 2.5215695 27
-1.3569212 -0.53475296 2.5505118 69.5
-0.89670235 -0.52388078 2.5998466 1
-0.75021589 -0.54740757 2.5950034 4
-0.69427395 -0.53632301 2.5888066 4
-0.55079377 -0.5682441 2.5924001 2
-0.47865844 -0.5194816 2.5857952 4
-0.36294001 -0.59495401 2.5903893 4
-0.28182584 -0.59067959 2.5955999 3
-2.3750613 -0.44950539 2.5995281 3
-2.01829 -0.40934861 2.5123754 6
-1.3552872 -0.44824323 2.5631015 25
-0.74341071 -0.48328963 2.585067 3
-0.33615404 -0.47543412 2.5883732 4.5
-0.26596671 -0.43858534 2.5927813 3.5
0.099036336 -0.44315302 2.5713139 9.5
7.0270066 -0.46579093 2.5420394 6
-4.007103 -0.34154961 2.504106 89
-1.7641402 -0.34586534 2.5015929 3
-1.346457 -0.35856408 2.5527902 19
-0.68999207 -0.38673303 2.5929873 9
-0.46768159 -0.33737323 2.583786 9
0.090435088 -0.33273268 2.5978284 14
-4.0376029 -0.23896611 2.5272899 87
-1.5069656 -0.25990415 2.5477691 28.5
-1.3489951 -0.24512911 2.5736318 21.5
-0.32730773 -0.29386085 2.5719552 12
-0.25954106 -0.25701374 2.5827413 10.5
-0.1943129 -0.2229598 2.5877469 4
-4.0617375 -0.13429359 2.5474515 86
-1.4939725 -0.13685295 2.5451012 16
-1.3422624 -0.15798354 2.5646126 41
-4.078083 -0.029505407 2.5612628 51
-1.4829559 -0.044258952 2.537447 39
-1.3360882 -0.069847122 2.5560455 41
-1.4853058 0.046523474 2.5550935 64.5
-1.3418231 0.044053517 2.5735645 67
1.1592202 0.039983809 2.5443482 86
1.2381154 0.025496108 2.5561597 10
-1.7539909 0.16019113 2.5185935 5
-1.4922974 0.14028531 2.5794394 21
-1.3273784 0.15789244 2.5382781 71.5
1.1696614 0.14443003 2.5499423 22.666666
-1.4876304 0.23384814 2.5752277 6
-1.3156946 0.27068439 2.5057333 88
0.94828707 0.29265881 2.5518901 38
1.1805732 0.22919388 2.5578604 4
-1.331861 0.36238053 2.5407336 150
0.96016312 0.36529866 2.5423486 41
0.85599464 0.46957767 2.5545342 157
0.98239833 0.46819574 2.5586619 17.5
-1.4893653 0.52237976 2.5826085 97
1.0024266 0.54804319 2.5820174 7
3.7654164 0.55723727 2.5365121 77
3.8434315 0.53720462 2.5281923 34
0.88442373 0.65414876 2.543596 24.333334
1.0284562 0.6678226 2.5478168 8
1.6533586 0.66328245 2.5784087 4
3.8261158 0.6633414 2.5817392 29
3.9032919 0.64483368 2.5661247 22
0.90598142 0.77384496 2.5440664 20
1.0615374 0.77770907 2.5692835 3.5
1.6112107 0.77333051 2.5394964 5
3.8034737 0.75438797 2.5591309 36
3.9226093 0.74906713 2.5711513 22
6.4640784 0.70608991 2.5393715 34
-2.5981841 0.85693669 2.5735123 0
-2.3819783 0.87772048 2.5821955 1
0.92624009 0.86180782 2.5869915 4
3.8479383 0.8451339 2.5465384 97
-2.0246296 0.94735312 2.5659261 3
-1.8617195 0.97789818 2.5846241 1
0.94659358 0.95551085 2.5673127 4
1.1014224 0.90832126 2.562109 158
3.8463526 0.94305265 2.5384295 64.5
-1.5164957 1.0684521 2.5682368 8
-1.3958175 1.0755904 2.5737796 3
0.96821529 1.0472323 2.5426879 0
3.8334746 1.0531501 2.5672977 13
-1.0643582 1.1171392 2.5716605 3
-0.99694389 1.1375252 2.5843866 5
3.8015816 1.1401943 2.5369878 35
6.5568681 1.1251187 2.5541534 104
-0.77345657 1.2452383 2.5236635 0
-0.66666102 1.2208886 2.5469074 5
3.7824762 1.2322565 2.5150585 95
6.5490808 1.2592438 2.539952 52
-0.37846291 1.3161185 2.5917621 6
-0.24403358 1.3572885 2.5907848 4
-0.16846955 1.3178827 2.5239248 16
6.5554767 1.3983816 2.5298419 28
-4.6631432 1.46825 2.5669067 74
-0.66838479 1.4593809 2.5592833 4
-0.66944253 1.544857 2.5637455 4
-0.36573982 1.528456 2.5468347 5
-0.22595611 1.5693465 2.5442784 4
-0.14485739 1.5649177 2.5441499 5
0.42354241 1.5886614 2.5774257 1
0.65509242 1.5319736 2.5366421 3
0.90091562 1.5768987 2.5052416 3
1.3797255 1.5791194 2.5253313 1
-4.7027583 1.6162148 2.5925095 26
-0.67079073 1.6333424 2.5696926 4.5
-0.3611685 1.6214114 2.5617893 3
-0.21823108 1.6633519 2.5590494 4
-0.13642478 1.6534289 2.5501199 2.5
0.92872089 1.6647867 2.533179 0
1.1545959 1.6378306 2.505357 0
1.4110705 1.6410191 2.524255 0
-0.67234647 1.7258127 2.5776544 4
-0.35743409 1.7094344 2.5635905 3
-0.21045604 1.7523631 2.5617766 3
-0.12777181 1.7424525 2.5535955 1
0.03408666 1.7466817 2.509459 0.5
0.2468223 1.7314749 2.5702398 5
-0.67357528 1.8208016 2.5821495 4.5
-0.45484787 1.8597305 2.519315 0
-0.34553218 1.8172767 2.5533774 2.5
-0.20303088 1.8473722 2.5684907 1
-0.13528988 1.8330269 2.543597 0
-0.092430495 1.8459551 2.5670013 0
0.055046305 1.86569 2.5046189 1
0.26444435 1.8516463 2.5750568 2
7.7434969 1.8277335 2.5845861 119
-0.32913435 1.9078528 2.5239856 1
-0.12772018 1.9250733 2.5465844 2
-0.080434434 1.9489657 2.5782435 4
0.064111464 1.972641 2.5300586 4
0.28210431 1.9838014 2.58884 1
7.6998472 1.9833033 2.5373335 118
-0.11536824 2.0062346 2.5280495 5
0.078437954 2.0636332 2.5347478 4
2.7729712 2.0413349 2.5019541 0
5.5944314 2.4478793 2.5927591 5
0.51438743 3.1882789 2.5617297 0
3.1759667 3.1283388 2.5644882 51
3.4012377 3.1237602 2.5824041 15
-0.072173886 3.2264307 2.5013282 7
0.31118235 3.296701 2.5480423 11
3.2861595 3.2324688 2.5465868 39
0.54294389 3.3165834 2.5574188 6
3.0232677 3.353282 2.5758102 63
3.2930629 3.3822999 2.5210667 38
3.373167 3.3171055 2.5542734 40
0.026060557 3.4744687 2.5693934 1
0.33780017 3.4988337 2.5881851 21
0.5723207 3.4449041 2.5490677 0
2.9849501 3.4721444 2.5661874 37.5
7.3315239 3.5240095 2.5768991 85
2.9744265 3.6161079 2.5516682 32.5
3.0113623 3.6591268 2.5856576 56
7.3105092 3.6863437 2.5348477 121
0.40960127 3.7459605 2.5428162 150
2.9308965 3.745995 2.5463419 39
3.1120203 3.7858078 2.5845237 26
2.9078147 3.8798974 2.5205898 17
3.0290985 3.8374135 2.5603278 14
2.9769225 3.9367285 2.5691218 31
3.0175595 3.9923525 2.5423024 2
3.2143819 3.9155076 2.5797853 32
-0.81607848 4.0567541 2.5018618 74
-0.70085907 4.0762839 2.5214217 72
3.1241696 4.1299129 2.5946555 30
3.2000349 4.2005053 2.5436566 15
-0.37067372 4.4518466 2.5334921 95
-0.2172893 4.4206352 2.53842 101
0.053380191 4.4785218 2.5198786 91
0.14150061 4.4972615 2.5388145 76
-0.066587977 4.5047884 2.5484855 90
0.23622328 4.5025473 2.5394232 57
2.6677175 5.0691466 2.5564444 87
2.9516098 5.2442183 2.5741889 28
4.1994166 5.3671632 2.5415137 56
4.5299134 5.4654665 2.5168779 52
-4.5323963 -4.8905606 2.6984947 70
-4.4937801 -4.8708053 2.6777115 26
-4.3805928 -4.8592629 2.6546929 71
-4.2715702 -4.7993846 2.6736894 28
-3.8145006 -4.743876 2.6461952 70
-3.7689321 -4.7332668 2.6663272 60
-2.9702206 -4.552846 2.6373699 80
-2.1471772 -4.3870249 2.6120195 54
-1.9883567 -4.3581958 2.6304629 88
-1.9674793 -4.2447109 2.6967053 58
-1.2441573 -4.2001848 2.6092544 98
-1.1203582 -4.106113 2.6999416 14
-0.73066878 -4.092916 2.6491542 103
-0.42189687 -4.0266151 2.6015713 83
-0.69442058 -3.9984844 2.672009 23
-7.3788357 -3.8132627 2.6105111 45
-0.085998707 -3.8850579 2.6638398 72
1.2280734 -3.6063046 2.6155875 100
-7.3156586 -3.5815029 2.60711 42
1.8715885 -3.5010557 2.6188335 89
1.8555219 -3.4718621 2.6563337 92
-7.2598295 -3.3628292 2.6050386 44
2.4422903 -3.3560028 2.6253457 57.666668
-7.566709 -3.224678 2.6191437 42
2.5969136 -3.2924712 2.6332138 69
2.6098959 -3.2744124 2.6136975 57
2.8582685 -3.2832942 2.6728535 72
3.0228763 -3.2568409 2.6852422 78
-7.2371325 -3.1615484 2.6141734 59
-7.4741316 -2.9885061 2.6162276 31
-7.2544441 -2.9837413 2.6366954 60
3.9896984 -2.9870625 2.6875525 91
-7.4058976 -2.7703857 2.6200531 32
-7.1915646 -2.7729781 2.6288068 44
5.0491147 -2.76666 2.6035409 79
5.335927 -2.7079601 2.6970949 74
-7.3584094 -2.5653114 2.6306119 72
-7.1639948 -2.5836327 2.632385 45
0.37045956 -2.5918431 2.6060112 4
0.33181286 -2.4550095 2.6147184 20.5
-7.3529868 -2.3763275 2.6538403 44
0.29417679 -2.3313065 2.626224 40
0.333617 -2.3739598 2.6138875 60
6.9776297 -2.3507357 2.6547275 63
0.27667844 -2.2334855 2.6284978 65
0.31743944 -2.2710149 2.617749 74
0.26010171 -2.1376562 2.6311994 73
0.30175117 -2.1720731 2.6229286 73
7.4383941 -2.1767287 2.6495001 5
0.26607871 -2.0599551 2.6282897 74
0.25255546 -1.9660434 2.6279159 76.5
7.3441172 -1.9749488 2.6275499 3
0.24064696 -1.8766246 2.6288369 75
0.23231339 -1.7655681 2.6301126 60.666668
7.2883644 -1.7896633 2.6179574 12
0.19444847 -1.6993041 2.634938 50
1.5051272 -1.6001563 2.6291978 4
7.2660985 -1.6159364 2.6186566 6
-5.0080891 -1.3032837 2.6113126 12
-5.1515937 -1.2399812 2.6261773 4
-3.8778577 -1.2742579 2.6075027 11
-3.9573193 -1.1030897 2.6276615 0
0.12848017 -1.108969 2.6340237 14
-3.9363794 -1.0369377 2.6449213 1
0.12398593 -1.0379944 2.6234937 21
-1.896556 -0.91196126 2.602159 5
0.11286819 -0.94714332 2.641521 28.5
-5.2493219 -0.86623168 2.6911275 13
-2.1737103 -0.82854933 2.6001968 3
-1.4031186 -0.82312757 2.6010542 4
-2.4498363 -0.75849634 2.6183848 5
-1.3958362 -0.76000547 2.6000235 2
-1.0086485 -0.7192328 2.6115899 1
0.097809896 -0.72529513 2.6397219 38
-2.1269581 -0.6244415 2.6080768 4
-1.5962052 -0.68720579 2.6073775 0
-1.0038663 -0.65511972 2.6043224 3
-0.93757635 -0.66178924 2.6046197 1
-0.69898266 -0.63096344 2.6009355 4
0.092255458 -0.63486087 2.6437831 39
-1.1230466 -0.54975307 2.6161256 12
-1.0012836 -0.59408319 2.6098886 3
-0.94512904 -0.56044281 2.6137218 1
-0.80655593 -0.54651725 2.6053488 2
0.087952435 -0.54440427 2.6429017 43
6.6909528 -0.50845903 2.660538 34
-0.95964831 -0.45876768 2.6057386 2.5
-0.84727997 -0.46559095 2.6020532 2.5
-0.55072784 -0.43676206 2.6024232 3.5
-0.92427605 -0.37861669 2.6128404 4
-0.79549772 -0.34028104 2.6048136 5
6.7530932 -0.37348843 2.6892064 30
7.2420802 -0.32309288 2.6212728 1
0.07890828 -0.25245106 2.6493917 46
0.82834393 -0.27687776 2.6593506 1
0.91683048 -0.2680721 2.6703126 4
1.1881287 -0.20337099 2.6930254 4
1.2566531 -0.21659322 2.6904442 11
0.077649772 -0.16797203 2.6526942 43.5
0.82538337 -0.13087064 2.6520424 4
1.2572615 -0.14202303 2.6810246 10
-0.20373982 -0.039099403 2.643295 24
0.076778725 -0.054491483 2.6569352 54
1.5118308 -0.017343663 2.6864557 5
-0.20221189 0.053361587 2.6541228 98
0.078260958 0.058524717 2.6550951 51
0.93349022 0.046797257 2.6775267 4
1.4716421 0.023412818 2.6904891 0
-0.26141122 0.18494849 2.6537511 143.33333
-0.19567978 0.14784704 2.6518424 94
0.079424292 0.14353146 2.65679 47
-5.1629705 0.29622599 2.6683621 0
-1.8345138 0.26085156 2.6528525 0.5
-0.24723946 0.25038943 2.6537051 120.5
-0.18685469 0.2408441 2.6434588 84
0.082135253 0.22855574 2.6575625 50
-1.8313936 0.35095051 2.6404364 3
-1.5084188 0.36688247 2.6239324 7
-0.25334436 0.34012708 2.6720054 123.16666
-0.18089825 0.36730123 2.6542192 101.5
0.088168018 0.34063458 2.6473651 35.5
-1.8342355 0.44294971 2.6374977 5.5
-1.4969592 0.46017689 2.6014087 25
-1.373209 0.43954253 2.6355271 150
-0.24320611 0.45735192 2.6785507 122.2
-0.17484954 0.46377581 2.6588945 103
0.09228076 0.45715496 2.6573381 37.5
-4.1559162 0.51648659 2.6312211 4
-1.8561679 0.54162985 2.6648881 0
-0.30373764 0.55810237 2.6785259 133
-0.24475479 0.54512155 2.6695454 118.5
-0.16686881 0.55925679 2.6606088 98.5
0.096736617 0.54369998 2.6567414 30
-2.3977127 0.69835281 2.6403627 3
-1.8438262 0.62890267 2.6302435 42.5
-0.24978998 0.65622127 2.6781821 119
-0.15768334 0.65474665 2.6573699 102
0.099012509 0.60469776 2.6693327 29
0.10450391 0.66077274 2.6590462 14
1.0191253 0.60683751 2.6124575 14
1.6705537 0.64061481 2.6592197 0
-2.9717295 0.7637161 2.6292386 0
-2.4156568 0.76714379 2.6519153 3
-2.0602596 0.7625975 2.6525156 22
-1.8651329 0.7316097 2.6506765 9
-0.25971195 0.75495058 2.6800346 115.33334
-0.16533758 0.75568789 2.6716182 104.33334
1.6420113 0.76706326 2.6516101 5
-2.6339192 0.8015433 2.6240597 1
-2.0758038 0.83842152 2.6657271 3
-1.8945409 0.80916947 2.6853006 63
-0.25252256 0.85566062 2.6816359 112
-0.17195189 0.85760254 2.6803691 109.33334
6.6954408 0.87283236 2.6340227 9
-2.6680505 0.952281 2.6376183 1
-0.40099066 0.99141091 2.6924303 111
-0.24464111 0.95771402 2.6807082 114.33334
-0.14470404 0.95762342 2.6720088 100
0.95498008 0.97598988 2.6201973 3
-2.7104583 1.0399182 2.6671476 4
-1.5379194 1.0188279 2.6280668 1
-0.23911159 1.0451752 2.6816471 105
-0.14495797 1.0480821 2.6828012 101
1.5750753 1.0838743 2.6217117 3
6.7395515 1.0189338 2.642545 1
-0.66800737 1.186806 2.6191082 0
-0.45892614 1.1917995 2.6680393 24
-0.23028687 1.1645823 2.6736977 89
-0.1099871 1.1316572 2.6729107 92
0.99434423 1.1323223 2.6165988 36
1.4418693 1.1604531 2.6262197 4
-2.1489453 1.229844 2.6931567 4
-1.5751318 1.2614648 2.6550841 18
-0.45395696 1.2697893 2.6715283 83
-0.38551092 1.2915351 2.6944165 74
-0.23977375 1.2464263 2.684782 106.5
-0.14968534 1.238163 2.6906083 111
-0.092886202 1.2763821 2.6758769 75
-2.1655829 1.313737 2.6962926 4
-1.6003729 1.359092 2.6868412 10
-0.44433945 1.3437872 2.6650448 29
-0.22829564 1.3392204 2.678426 54.333332
-0.16820335 1.3214815 2.6755519 115.5
7.8327508 1.3425118 2.6990633 122
-1.616608 1.4479448 2.6972463 7
-1.1206981 1.4987904 2.6956458 6
-0.680426 1.4302614 2.6488886 20.5
-1.6238407 1.5290233 2.6863089 9
-1.0449022 1.5088214 2.6979201 34
-0.37302291 1.5296839 2.6857524 8
-0.22916833 1.5592796 2.661442 6
-0.1686635 1.5654476 2.6848619 8
1.8532522 1.5706735 2.6206305 0
7.808908 1.5053259 2.6643934 122
-1.6323494 1.6120712 2.6782856 5
-1.1343322 1.6767688 2.698066 5
-1.0529252 1.6727861 2.6838436 3
1.8803213 1.6159295 2.6006963 3
7.7701917 1.6659472 2.6234772 117
0.46597153 1.8354224 2.6578405 8.5
0.72699177 1.8774735 2.63519 10
0.49872115 1.9425178 2.6360614 24
0.74730355 1.9536617 2.6353922 11
1.0158451 1.9372525 2.6563115 7
-0.51739573 2.0735509 2.6730473 30
0.29436406 2.0808961 2.6053424 0
0.52114981 2.0335069 2.6447051 21
0.76764929 2.034843 2.6400747 15
1.0597681 2.0404291 2.6356046 1
-0.51904154 2.1815052 2.6831796 71
-0.38384527 2.1327174 2.6862421 50
0.78926563 2.1140444 2.6398113 14
-0.51584572 2.2845404 2.6856084 75
-0.37448144 2.2327108 2.6873913 72
2.6003196 2.265995 2.6405787 0
2.8503826 2.2659767 2.6439741 0
2.9831364 2.2908585 2.6481721 1
-0.51360339 2.3915651 2.6876166 74
-0.36427391 2.3337059 2.6867287 65
2.45946 2.3750865 2.6514845 0
2.6485519 2.3233294 2.6318121 1
2.7107348 2.3933558 2.6363196 1
2.9191055 2.3682222 2.6548166 3.5
3.0582633 2.3583338 2.65975 7.5
5.7235789 2.3652322 2.6876385 1
-0.35491449 2.4406996 2.6878829 72
2.5189743 2.4433515 2.6448481 1
2.7752109 2.4667368 2.6398299 8
2.9980664 2.4085159 2.6565974 6
3.043041 2.4581325 2.6477091 16
3.1216652 2.4225445 2.65418 9
3.4563334 2.4642949 2.6682682 0.5
-0.51006675 2.5016074 2.6891611 70
-0.34591985 2.5546911 2.6921842 76
2.9060199 2.5092397 2.6472785 12
3.034656 2.5748672 2.6455853 30.5
3.1691761 2.5659077 2.6406336 9
5.1997094 2.597651 2.6541672 3
-0.78263199 2.6267216 2.6950109 1
-0.50793684 2.6206257 2.6934373 65
-0.33390653 2.6676867 2.6923757 52
2.9014452 2.6262312 2.6397157 8
3.5258741 2.6330822 2.6684642 0
4.3768668 2.6559253 2.683538 1
-0.78526586 2.7556765 2.6994419 18
-0.5040974 2.740675 2.6941071 68
-0.32443482 2.7936776 2.6980145 2
3.0410442 2.7164006 2.6724041 9
4.3680391 2.7819116 2.6556237 1
-0.50119328 2.8697028 2.6988411 48
4.424705 2.960578 2.6704223 0
5.308042 2.9420006 2.67889 19
3.1289885 3.0917306 2.6127081 14
5.3021555 3.0831971 2.6553121 23
5.8518243 3.0271447 2.6288586 4
3.0539985 3.2486029 2.6135991 12
5.8967719 3.2087841 2.6155119 9
7.4316525 3.2303987 2.6774471 24
7.3177195 3.3466959 2.6030316 42
-0.042578124 3.5773888 2.6325679 8
0.36804396 3.6788208 2.6060166 40
-0.024996916 3.7584076 2.6261537 4
2.921598 3.8948565 2.635052 9
-0.8773703 4.0464616 2.6143203 57
-0.75990033 4.0701089 2.638325 55
-1.4380214 4.1694317 2.6784284 93
-0.42343915 4.4418788 2.6489296 93
-0.22545573 4.4139047 2.6762373 95
-0.12419771 4.4966912 2.6650348 84
0.046076827 4.4784455 2.66079 100
0.13724563 4.4908261 2.6789894 79
0.11951531 4.5589175 2.6115143 84
0.23437914 4.5123134 2.6868594 52
0.57231146 4.6389346 2.6262879 94
0.81061953 4.6981645 2.6682234 86
2.6200285 5.0574689 2.6631718 86
2.9308672 5.1371417 2.6054049 85
2.8706698 5.2036686 2.6078751 48
3.1433444 5.2564898 2.6311314 21
4.141686 5.3532124 2.6434801 59
4.4889655 5.4569745 2.6236134 58
-6.1190243 -5.0668511 2.7192872 3
-6.0358567 -4.8377748 2.7974005 39
-5.9744492 -4.873385 2.751946 0
-5.7307944 -4.8264227 2.7547131 27
-3.9666438 -4.72544 2.7574775 65
-3.891046 -4.6815038 2.7587061 49
-4.1561708 -4.5990791 2.709008 8
-3.9830785 -4.5346713 2.7683084 49
-3.1788635 -4.5959444 2.713105 24
-4.5727677 -4.4459534 2.7901874 55
-3.9120617 -4.4978456 2.7737 52
-2.9325373 -4.4282985 2.7042286 29
-3.1000934 -4.3939414 2.7245207 4
-2.1726522 -4.3677125 2.7271943 19
-2.854944 -4.236042 2.7253051 7
-1.4224844 -4.2384686 2.7052755 49
-2.124752 -4.1700277 2.7336979 3
-1.245128 -4.1489449 2.7090178 75
-1.9194998 -4.0647149 2.7168183 17
-1.4028491 -4.0672045 2.7250857 10
-0.67546695 -4.0087028 2.7138534 46
-0.42464322 -4.0208616 2.7147269 75
-0.32264176 -4.0018368 2.715344 78
-1.2164435 -3.9639311 2.7211475 38
-0.72655177 -3.9942441 2.7143738 56
-1.1936398 -3.8080144 2.7435577 2
-0.71209157 -3.8062031 2.7177749 23
-0.42271766 -3.8448651 2.7253425 24
-0.32263044 -3.8238375 2.7247651 23
-0.13029261 -3.8525138 2.7702522 39.5
-0.42026418 -3.6688662 2.729964 5
-0.32391533 -3.645824 2.7260406 3
1.2096689 -3.6181979 2.7246799 93
1.853793 -3.5008981 2.7275326 91
1.8373325 -3.4741712 2.7640054 90
2.4310317 -3.3701634 2.724545 79.5
2.529741 -3.3035746 2.7246644 45
2.8556592 -3.3024788 2.7807744 79
2.6915753 -3.2687638 2.7350178 93
2.7046459 -3.2520187 2.7141247 78
2.8517771 -3.2744913 2.7663841 68
3.0164113 -3.25755 2.7807043 70
3.1570082 -3.1791925 2.702198 93
3.2475102 -3.1251256 2.749455 102
5.2286444 -2.7288809 2.72472 79
-7.3311954 -2.4646068 2.7099562 60
-7.3929939 -2.3063219 2.7464094 78
-7.4415369 -2.1408784 2.777658 106
-7.4262495 -2.0305479 2.729238 45
1.5369804 -1.6315089 2.7918653 2
-3.9492269 -1.0625457 2.7606509 1
-5.2284913 -0.95252812 2.7663383 0
6.9616947 -0.8236022 2.7704127 10
-5.4040732 -0.75831336 2.7784767 22
6.9028378 -0.67157626 2.7486327 27
-1.1619728 -0.51313454 2.7575538 12
-1.1633991 -0.45034924 2.7831185 4
1.4662648 -0.14678866 2.7055745 3
1.506552 -0.15252882 2.7023509 1
1.476878 -0.018689206 2.7170625 1
1.5974089 -0.0029334852 2.7018588 2
1.604841 0.039115671 2.7046773 0
-0.240834 0.12734242 2.7299302 135
1.5276617 0.17759761 2.7192779 4
1.6475772 0.21021347 2.739846 5
2.8978329 0.23481946 2.7293932 1
2.8999333 0.31885859 2.7252641 0
3.007041 0.32835045 2.7190435 0.5
3.3768847 0.39690709 2.7281213 0
3.3989277 0.49030894 2.7389805 0
3.4073441 0.49487945 2.7582979 0
-5.2690673 0.56655395 2.7287955 6
-1.4189856 0.52360362 2.743988 150
-0.30776384 0.50007248 2.7132764 150
1.6724075 0.57184112 2.7444413 9
-5.0371804 0.63493907 2.7526543 4
7.7815204 0.66139781 2.7632241 112
-5.2987757 0.70218897 2.7465007 3
-5.0328145 0.76796013 2.7558005 0
-4.3625226 0.7795558 2.7795448 13
0.094362788 0.74251354 2.7389922 6
1.6691515 0.75479621 2.7575095 6
-4.2987933 0.88549632 2.7404008 12
-4.1086559 0.86309069 2.7815778 9
-2.5249403 0.8746587 2.7723095 27
1.4906348 0.85995835 2.7000542 5
7.7407274 0.82396597 2.730108 82
-4.0633245 0.96812636 2.755836 3
-3.7563515 0.95980442 2.7550442 11
-3.6557546 0.96281493 2.7577219 12.5
-0.40536213 0.92728901 2.7087622 96
7.7721472 0.99548489 2.7218704 40
-3.6723282 1.0473517 2.7264092 5.3333335
-3.59902 1.0418236 2.7368114 1
-3.3230441 1.067637 2.7056143 8
-3.1727355 1.0945127 2.7624309 6
-2.5343249 1.0431743 2.7413144 6.5
-1.471252 1.0859528 2.7704785 2
-0.39793998 1.0683911 2.7021534 114
-3.6142073 1.1157199 2.731504 1
-3.3502533 1.1494472 2.7123067 7
-3.1756475 1.1638141 2.7462018 2
-2.833708 1.1677544 2.783567 15
-2.5330734 1.1417851 2.7121217 7
-0.39444649 1.1443989 2.7068894 109
-0.23394096 1.144335 2.7021298 110.75
-0.16149932 1.1485189 2.7024314 109.5
7.8297453 1.1713492 2.7226198 44
-3.3663292 1.2273525 2.7080088 7
-2.7803247 1.2143552 2.7065425 9
-2.560096 1.2214775 2.7228315 12
-1.9874336 1.2590133 2.7272506 4
-0.39042222 1.2194397 2.7056422 114
-2.8166261 1.3050734 2.7246215 7
-2.5939269 1.3070769 2.7409394 5
-1.9942287 1.3309778 2.7158134 3
-1.5056287 1.3274747 2.7913022 6
-1.4840506 1.3700058 2.7182164 5
-2.1880865 1.4017295 2.7036636 1
-2.0163374 1.4156951 2.7260518 1
-1.4953111 1.4518664 2.719486 6
-1.1200221 1.4236239 2.7120829 6
-1.0414318 1.4298315 2.7049198 16
-0.70994377 1.4147842 2.7802372 2
-0.37754017 1.4634937 2.7151194 101
-0.17500684 1.4983284 2.712198 104
-1.5065023 1.5357312 2.7197659 6
-1.1295542 1.5897207 2.7027152 6
-1.0504329 1.5947492 2.7008004 10
-0.23523974 1.503245 2.708066 108
-0.12268993 1.5456311 2.7089558 53
0.42836106 1.7910334 2.7680883 1
1.7547975 1.7995791 2.7483742 6
0.71340388 1.8632079 2.7172639 10
0.98647636 1.8956603 2.7592869 1
1.2848425 1.9935329 2.7213917 0
-0.35062253 2.0239322 2.7343328 35
-0.18833834 2.0613158 2.7214499 22
-0.34500515 2.1378975 2.7484703 97
-0.17789337 2.1813214 2.7394803 34
-0.33995736 2.2449446 2.7464564 92
-0.68758881 2.3771999 2.7528129 57
-0.33373135 2.362947 2.7536378 86
2.9639239 2.3325696 2.7165504 7
3.0635228 2.3704548 2.7013321 12
5.3252954 2.3894014 2.7586422 5
7.3983383 2.38908 2.794579 41
-0.68836004 2.4942112 2.7523198 84
-0.32806316 2.4819744 2.7557542 92
5.2538362 2.4904652 2.7028787 11
-0.72157758 2.5071676 2.7661986 24
-0.72486007 2.6321838 2.7668235 80
-0.69079888 2.6231797 2.7567487 53
-0.32213876 2.6050172 2.7549007 83
-0.72861898 2.7701621 2.772521 53
-0.69166481 2.7521942 2.7553017 26
-0.31504413 2.7430158 2.7632625 57
3.1328094 2.7960982 2.7224908 1
-0.78613651 2.88466 2.7024992 42
-0.73329753 2.9118838 2.7743819 15
7.4699545 2.9118245 2.7496293 92
-0.79070407 3.0285785 2.7105856 45
-0.49882501 3.0037277 2.7022552 31
-0.79001999 3.1666021 2.7078249 17
-0.70563322 3.5669913 2.7891779 13
-0.92770988 3.9983945 2.7072299 16
-0.81126678 4.0360928 2.7375665 13
-1.3151041 4.1662884 2.708276 113
-0.47701555 4.4278965 2.7661612 87
-0.17890534 4.4746017 2.7729943 30
0.073882811 4.5481267 2.7259262 89
0.52087772 4.6256957 2.7390599 94
0.77164829 4.6855469 2.7802744 92
6.8371634 4.9325414 2.7768288 108
2.5751038 5.0517797 2.7734382 85
2.8962157 5.1276755 2.712914 89
6.8748312 5.1671715 2.7361035 49
3.0365605 5.2436681 2.7279515 14
4.0889449 5.3462496 2.7489543 57
6.8626523 5.355854 2.7380366 31
6.9544997 5.3791466 2.7470059 42
4.4466529 5.4474773 2.7285824 57
-5.852242 -4.7190814 2.8308215 40
-4.6945152 -4.4476008 2.8465793 61
-0.15553677 -3.7377346 2.8224499 24
-1.2917924 -3.6782491 2.8139865 2
1.1777196 -3.5921898 2.8225374 84
1.1282455 -3.446486 2.8276727 63.5
1.8166006 -3.4555423 2.8302014 75.5
1.0729551 -3.3140419 2.8424678 53
1.7532156 -3.3228638 2.8348489 64.5
2.4149189 -3.3617513 2.820497 73.5
1.0893766 -3.2894387 2.8131771 28
2.354425 -3.2685647 2.8486705 60
2.6244555 -3.2829731 2.8278899 76
2.7912641 -3.2490177 2.8417234 107
2.8226452 -3.2542093 2.8422902 84.333336
2.9951944 -3.2362053 2.8605411 62
1.0305293 -3.1934276 2.8550372 42
1.6829718 -3.1833591 2.8490977 150
2.2788358 -3.1433837 2.8454106 54.5
2.7476382 -3.1513991 2.8558676 57
2.846719 -3.1605787 2.8916247 77
2.9070232 -3.1225786 2.8617129 58
3.267215 -3.1512592 2.8095334 91
1.6219028 -3.0477521 2.8383355 137
2.192771 -3.0028322 2.8248956 50
2.2287934 -3.0545478 2.8697212 53
2.6674635 -3.0392261 2.8554497 54
2.7131855 -3.0783458 2.8975115 53
2.837975 -3.0101871 2.8710818 64
3.3081305 -3.042896 2.8468769 105
2.1693633 -2.9569025 2.8818147 50
2.5748844 -2.9119828 2.8374112 53
2.6054232 -2.9440985 2.8675427 50
2.7283356 -2.9412048 2.8954859 58
3.3259633 -2.9107194 2.8589983 113
3.4056215 -2.9186213 2.8962903 111
4.1352253 -2.961823 2.8090119 93.5
2.7411189 -2.8521194 2.8725693 58.5
2.8651297 -2.8693535 2.8778124 75
3.3488567 -2.7855003 2.8760152 87
3.4133027 -2.7785447 2.8981373 87
4.2370462 -2.7475083 2.8965397 68
3.3473046 -2.6414824 2.8678119 82
3.416014 -2.640485 2.8964829 84
5.4202614 -2.6891005 2.8521311 79
5.5393815 -2.6617048 2.8263295 79
4.2289028 -2.5955751 2.8948243 65
7.2893028 -2.2990367 2.8035288 41
7.3366895 -2.150203 2.841732 10
7.2893219 -1.9713045 2.8384275 12
7.3003411 -1.8124226 2.8581483 7
7.2401166 -1.6374784 2.8450894 7
7.169219 -1.4635262 2.8272223 5
7.1559806 -1.3065864 2.8317125 6
7.1199484 -1.1476226 2.8252308 8
-3.9388719 -1.0777979 2.8344502 1
-7.4704061 -0.95422369 2.8617973 43
7.08603 -0.98964506 2.8180025 8
-5.4140143 -0.84975475 2.8795671 52
-1.0837065 -0.86329579 2.8799288 19
-5.380878 -0.70469308 2.871762 76
-5.5097895 -0.6377275 2.8405228 33
-2.6001642 -0.62467188 2.8484292 8
-5.5309014 -0.5029825 2.8549366 52
-5.3701353 -0.56565994 2.8754501 72
-4.3567319 -0.51125222 2.8727174 73
-4.0630946 -0.53266472 2.8648565 86
-3.9506884 -0.52992165 2.8660033 71
-5.3599491 -0.42759576 2.8783321 67
-4.058053 -0.42155421 2.8644059 94
-3.9366078 -0.41864148 2.8595099 78
-3.8848457 -0.45068789 2.8351793 59
-3.7582798 -0.44528204 2.843235 61
-3.5686829 -0.42421755 2.8835278 33
-5.5700788 -0.36848575 2.8800993 19
-4.3542271 -0.39423397 2.8782861 75
-4.0541272 -0.31046626 2.8658922 78
-3.9355526 -0.31060621 2.8640518 80
-3.8531942 -0.34542066 2.8374972 56.5
-3.7349801 -0.34454608 2.8477576 58.5
-3.4911106 -0.34461877 2.8349988 60
-3.2211404 -0.34115449 2.8631244 67
-5.310235 -0.28651768 2.8593202 6
-4.3492355 -0.27521458 2.8821774 70
-4.0563059 -0.20048462 2.872622 75
-3.9300599 -0.20148629 2.8644531 75
-3.8267035 -0.24119593 2.8413212 60
-3.7168398 -0.24485929 2.8537862 60
-3.4608831 -0.23791248 2.8326871 60.5
-3.1957908 -0.24234779 2.855819 78
-4.3318081 -0.15818956 2.8776777 78
-3.8062277 -0.13751745 2.8450627 58.5
-3.7067745 -0.17775331 2.8579454 59
-3.6911497 -0.11058159 2.8566139 56
-3.4445529 -0.13231273 2.8390725 59
-3.1877997 -0.14474475 2.8618994 77
7.9694195 -0.18458447 2.8984394 32
-4.0515289 -0.090382628 2.873553 77
-3.9301343 -0.092475541 2.8709357 74
-3.7843611 -0.034822114 2.8449185 62
-3.6827841 -0.043485671 2.8575935 58
-3.4341395 -0.061245326 2.8412759 65
-3.1694145 -0.046008352 2.8539183 58
-3.7695622 0.034313552 2.8425009 41
-3.6766009 0.023587575 2.8603711 61
-3.4176707 0.043367814 2.8411436 62
-3.1770039 0.050915144 2.8705435 80.5
-1.1470886 0.08100374 2.8547926 107
-1.047847 0.06851057 2.8768029 100
-3.3920858 0.14906134 2.8298428 7
-3.1662686 0.14907083 2.8638291 29
-1.1430274 0.14905594 2.8527844 106
-1.0273954 0.16203058 2.8581069 93.333336
-0.73713255 0.16495931 2.864702 109.33334
-1.1419083 0.25152281 2.8603711 96
-1.0403881 0.24074207 2.8632491 101.33334
-0.93588227 0.24486108 2.8503101 84.333336
-0.72197676 0.26271999 2.8636129 116
-0.63708556 0.26344955 2.859221 84.5
-0.45037705 0.24957845 2.864677 124
-0.32498267 0.26206204 2.8662238 127
-0.27071172 0.25268814 2.8251133 150
1.5719205 0.25040463 2.8894196 3
1.6213809 0.22131585 2.8855951 5
1.7193743 0.26855025 2.8939576 4
-1.1407049 0.35599893 2.8669786 93
-1.0401541 0.35376635 2.8637588 104.66666
-0.96450353 0.35479236 2.8548648 81.666664
-0.72646201 0.34850204 2.8718281 108
-0.62101847 0.35023734 2.8517888 87.666664
-0.44511455 0.35109186 2.8717341 129
-0.31907466 0.3620798 2.8672941 133
-5.5343189 0.45721135 2.873472 1
-1.1419481 0.46242413 2.8784027 98
-1.0337857 0.45088729 2.8649604 85.333336
-0.94565672 0.44701886 2.8550322 81.5
-0.7241205 0.4517802 2.8749526 114.5
-0.65554225 0.45767176 2.8602252 93
-0.5974046 0.45775047 2.8544092 87
-0.44014177 0.45214835 2.8707292 129
-0.3129921 0.46209854 2.8663714 138
-5.2563624 0.52764022 2.872802 0
-1.1395762 0.56702089 2.8720601 19
-1.0373962 0.54630911 2.8729172 90
-0.98708946 0.54059482 2.8536191 86
-0.89763021 0.53954005 2.8559756 81.5
-0.72236621 0.55554986 2.8790314 113
-0.65072709 0.56424093 2.8556983 88
-0.59297425 0.52874124 2.854326 83
-0.43461913 0.55617857 2.8748066 121
0.6146028 0.56197268 2.8560457 34
-1.0202206 0.6311304 2.8569722 81
-0.98558384 0.61660904 2.8574145 82
-0.89602 0.65155119 2.8589373 84
-0.72081691 0.62508929 2.8776021 150
-0.65110606 0.6372183 2.8616965 99
-0.58687222 0.63872451 2.8589165 91
-0.42909795 0.66120887 2.8788867 80
0.63047892 0.65347046 2.8563461 45
1.3337761 0.68862087 2.8630531 75
1.4592059 0.65506059 2.8909731 49
-4.2542777 0.77501225 2.8786023 4
-0.64627802 0.70728958 2.8568578 94
-0.57660675 0.74571609 2.8522072 24
0.64781308 0.75089872 2.8700638 52.5
1.3539355 0.76326656 2.8686399 79.5
1.477653 0.72740799 2.8649616 71
1.691208 0.73753643 2.8531981 50
-3.8720796 0.88180184 2.8351817 28
0.076794699 0.84309065 2.8642821 4
0.50754195 0.87210423 2.8267648 3
0.66734445 0.84343392 2.8649094 58
1.3811888 0.86098027 2.8672066 73
1.5060136 0.8252998 2.8366966 38
5.5277095 0.80753386 2.805552 1
-3.8284433 0.9094578 2.8767567 1
-3.7100813 0.93459243 2.8553851 11
0.68806434 0.94140863 2.8713875 38
1.4122522 0.9607169 2.8670492 72.5
1.568555 0.96772611 2.8637249 46
5.5790858 0.94717664 2.8203292 0
-3.4243982 1.0297706 2.810204 18
-3.2282708 1.0467944 2.8322701 25
1.4471586 1.0634727 2.8704054 79.5
1.5944916 1.0257213 2.872108 75
1.6183572 1.0788183 2.8684206 67
3.064625 1.0690874 2.8750184 90
-2.064132 1.1795758 2.8963623 1
1.4743357 1.1406779 2.8693819 24
1.6340839 1.1240933 2.8420498 14
3.0723372 1.1661601 2.879349 109
3.1976738 1.1502049 2.884275 104
3.2009094 1.1971921 2.8870111 103
-2.2159634 1.2017115 2.8091919 24
-2.0239053 1.2193283 2.8079693 3
-1.6760377 1.2860677 2.8790634 4
3.0729213 1.263186 2.8766654 103
3.2029891 1.2972549 2.8835247 96.5
3.5764949 1.2227683 2.8918834 86
3.6123517 1.233321 2.8878336 88
-1.1543118 1.3683279 2.8495455 4
3.0829294 1.3651047 2.8831139 100
3.2051198 1.3982593 2.8844934 94
3.5836322 1.3288425 2.8942399 90
3.6204014 1.3414247 2.8858509 86
-1.0707732 1.4159623 2.8336349 5
3.0856228 1.4661443 2.8825409 98
3.2083361 1.4003462 2.880722 94
3.5850639 1.4348981 2.8909857 90
3.6362398 1.4545937 2.891592 98
3.2111669 1.5033582 2.8831024 95
3.5921762 1.5449723 2.8933499 91
3.6449697 1.5657032 2.8903167 95
4.4530621 1.571632 2.8995552 72
3.5935829 1.655028 2.8901031 58
3.6175089 1.6615076 2.8546603 66
5.4273486 1.6334639 2.8990386 21
4.4734464 1.7008957 2.8989749 65
0.6986376 1.8539122 2.8109961 7
1.278808 1.9833438 2.8037856 1
7.4685235 1.9314402 2.8834038 76
7.4534307 2.0866432 2.8581836 114
7.4226894 2.2348661 2.8246305 118
-0.71144646 3.7868478 2.8138299 43
5.7742772 3.7216258 2.8723891 42
-0.76889467 3.8155475 2.8290997 14
5.770359 3.8878596 2.8454382 90
-1.4293791 3.9372346 2.810652 5
-0.54478526 4.0207181 2.8831389 2
-1.4623471 4.157125 2.8147058 74
-1.3433104 4.1813617 2.8623576 93
5.8529344 4.1261201 2.8632586 37
-0.53736019 4.2068243 2.8816688 17
-0.52337891 4.3790593 2.862155 60
5.8730402 4.3193932 2.8447082 44
-0.23651208 4.4363356 2.8560753 91.5
0.039685108 4.4723678 2.8027821 99
0.13304494 4.4879146 2.8238742 69
0.22926819 4.4980865 2.8259435 49
5.8526793 4.4856691 2.8030961 26
0.027434504 4.5333228 2.8421333 92
5.6594439 4.5659037 2.8417685 50
5.7635283 4.5774117 2.8556359 108
0.46877107 4.6244426 2.8603711 91
0.73184514 4.6739135 2.8963683 93
5.8866301 4.654294 2.8151033 23
5.8772006 4.7227569 2.8489027 51
6.8711352 4.7567425 2.8482196 106
2.525619 5.0331063 2.8792806 88
2.8647494 5.1222281 2.8252923 88
6.4266973 5.1246524 2.895781 30
4.0317016 5.3302932 2.852236 59
6.1966629 5.3967156 2.8773832 48
6.8401728 5.3574729 2.8322635 49
4.4066215 5.4369898 2.8357458 60
4.6396685 5.607842 2.820015 11
5.3103633 5.7660685 2.8620136 5
-6.2625136 -4.8071218 2.9371653 44
-4.8193731 -4.4934964 2.9547334 80
-1.4354236 -3.6829121 2.9586217 4
-1.3789947 -3.6981905 2.9693856 15
2.701031 -3.2294748 2.9065626 70
2.8975327 -3.1960955 2.9170551 106
1.6135082 -3.0650244 2.9628043 38
2.9121404 -3.0529811 2.9157805 74
3.4159148 -3.0816581 2.913301 94
2.1709552 -2.9689198 2.9482977 44.5
2.9210258 -2.9068937 2.9088984 75
4.2663059 -2.9156899 2.9186468 102.5
2.5589294 -2.8804286 2.9399252 47.333332
2.7122769 -2.8607335 2.9147983 53
2.8330724 -2.7694867 2.9889698 76
2.9184501 -2.7696071 2.9073396 82
3.0180893 -2.7227683 2.9930129 89
4.2587142 -2.7590635 2.9226201 68
4.2501602 -2.6100514 2.9214902 68
5.5425987 -2.6022804 2.940479 76
5.6962557 -2.5849633 2.9284525 85
4.2584496 -2.4736466 2.9283431 71.5
5.5213976 -2.4413321 2.9414003 69
5.6714296 -2.413238 2.926265 74
5.4837856 -2.276366 2.9319477 63
5.6444888 -2.2435343 2.9219692 72
5.7254882 -2.1250761 2.978225 63
1.5232276 -1.6022 2.9938371 8
-7.6974669 -0.79976976 2.9658096 66
-7.7763686 -0.60005683 2.980366 122
-4.428308 -0.64030319 2.9149532 42
-4.0893006 -0.54650515 2.971843 35
-7.8091874 -0.42140657 2.9975574 119
-0.68120414 0.21574712 2.9023783 73
5.6558514 0.42577401 2.9159429 17
1.3487346 0.66351074 2.9642756 26
-3.2947426 1.0009476 2.911103 1
-2.267741 1.1588141 2.902431 7
3.2208257 1.1102678 2.9128671 83
-1.5533376 1.31041 2.9232574 3
-1.0905862 1.3780289 2.9240978 3
4.4390225 1.4464347 2.9036279 74
4.3025279 1.7809243 2.9002824 44
5.5133829 1.7955449 2.9389014 23
5.9253387 1.725009 2.9197981 46
7.5269399 1.7852471 2.9243672 37
4.4973588 1.8331928 2.9019077 21
5.9551435 1.8794346 2.9135771 47
5.529675 1.9366809 2.9356077 54
5.4990239 2.0608435 2.9044659 5
6.0067902 2.046113 2.9163985 42
6.0909114 2.2281587 2.9359581 5
-1.4402694 3.8742898 2.9105215 0
-0.29742858 4.1524601 2.9446862 42
-0.036782436 4.2853508 2.9380352 18
-0.25874621 4.3684244 2.9514391 74.5
0.64742678 4.3479557 2.9380095 71
-0.01448735 4.478622 2.9358094 56
0.033033796 4.4632883 2.9477611 91
0.12852916 4.4754448 2.9670177 75
0.22480194 4.4878535 2.9691043 44
6.9481091 4.4162655 2.9888344 112
0.41815275 4.5732436 2.9524763 77
0.68970799 4.5493865 2.9429753 57
1.5283263 4.5413904 2.9479051 72
5.6728144 4.5275955 2.9117696 19
6.9071589 4.5849757 2.9174826 110
1.5967425 4.7210407 2.940697 60
2.3426201 4.7573371 2.9540854 68
2.6250288 4.7590437 2.9592016 71
1.6614033 4.8726983 2.9093592 100
2.4659972 4.9854889 2.9713631 68
2.7137036 4.9028139 2.9314396 59
3.7823763 5.0759673 2.93836 42
4.0563784 5.0583715 2.9657168 47
6.3655357 5.0763092 2.9628091 26
2.8296669 5.1077604 2.9314601 88
4.1787481 5.1972613 2.9329011 32
5.3959851 5.2877345 2.9944291 37
6.2441568 5.2283955 2.9398797 46
3.981308 5.3243055 2.9621325 75
4.3423462 5.390377 2.9244924 51
4.7599573 5.3167057 2.9532318 39
6.8318095 5.3633876 2.9310203 48
5.5624232 5.4146147 2.9602368 38
6.8245549 5.4247427 2.9617801 50
4.7380009 5.5138359 2.9140821 29
5.3442369 5.5862732 2.9306014 35
5.8380003 5.6553745 2.9785569 29
-6.2112231 -4.7970028 3.0278797 43
-4.9453726 -4.4907122 3.021863 71
-0.86540204 -3.5837424 3.064682 15
1.5983529 -3.0583098 3.0686469 12
2.163892 -2.9610269 3.0484691 22
2.5685165 -2.8977199 3.0291855 34
2.711076 -2.8543763 3.0084004 38
3.0101318 -2.7442408 3.0246305 91
3.4962521 -2.6362264 3.0143852 83
3.5370555 -2.6101398 3.0129464 87
4.4116669 -2.4328201 3.0540485 77.5
5.600359 -2.1815209 3.0147731 78
-4.0939379 -0.55974919 3.0927236 33
-7.8445649 -0.24695213 3.0406423 112
-7.8837805 -0.061717439 3.0623317 88.5
-7.9173822 0.11844323 3.0471587 104
-1.1463895 0.11363901 3.0361609 26
-0.99917275 0.1446645 3.0186741 33
-7.9477234 0.3011339 3.0590966 116
-8.0017509 0.49054292 3.0806668 107
5.5915475 0.50540364 3.0687346 6
-8.043808 0.67809629 3.0967307 109
1.7497569 0.73914266 3.0395138 26
3.7559752 1.1868404 3.0510559 47.5
1.551272 1.2678796 3.0431175 25
4.5943365 1.3809265 3.0330057 26
-1.3487788 3.9837217 3.0206628 17
-0.26303473 4.0689001 3.0386837 28
-1.3692348 4.1744981 3.0065103 80
-0.35050207 4.1153779 3.0467763 10
0.18311554 4.1706448 3.0583682 9
-0.25195512 4.2959166 3.0458338 51
6.9833798 4.2454982 3.0545714 105
0.11181349 4.3441911 3.0334213 19
0.20575821 4.3457308 3.0274713 18
0.60978884 4.3153753 3.0383728 86
1.4915617 4.5049233 3.041122 80
2.2683277 4.6598816 3.0113909 82
2.5934889 4.74261 3.062619 88
4.0103869 5.028873 3.057745 60
6.3015442 5.0730839 3.0065966 38
3.887747 5.1336751 3.0297649 19
4.1711807 5.1710215 3.0250387 13
5.3376207 5.2766218 3.0928075 38
6.8250985 5.3986311 3.047663 46
5.4180546 5.4529028 3.022301 45
-6.5958662 -4.8466277 3.1295943 73
-5.0974941 -4.5554943 3.1402028 53
-1.45952 -3.801569 3.1971276 5
-1.5427837 -3.7280979 3.1429377 10
-0.31229395 -3.4814456 3.1657031 8
2.1618328 -2.9611728 3.1614761 10
2.5656614 -2.8845413 3.1201057 20.5
2.7168493 -2.8550649 3.1129882 23
2.9413867 -2.7508025 3.1111753 77
3.1273286 -2.7093146 3.1302943 89.5
3.6278522 -2.6091113 3.1427572 83
3.6688125 -2.5807698 3.1413348 87
4.5833969 -2.3924088 3.193716 74
5.8275118 -2.1287413 3.1616535 78
6.034205 -2.0886586 3.1645408 67
0.61287409 -1.8445919 3.185915 12
-4.1473799 -1.1295022 3.1450462 0
-1.2488023 0.015695868 3.1823847 22
-7.9153013 0.12874064 3.1156507 100
-1.1695287 0.1068929 3.1382346 25
-0.77119684 0.19453432 3.1990612 43
-0.47415751 0.1692106 3.1914079 31
-0.33081686 0.21292832 3.1055977 31
-7.9581203 0.32365349 3.1424692 96
-7.9965219 0.51858348 3.1651011 101
1.5283176 0.66376424 3.1720734 22
-8.0562344 0.71846062 3.1972902 97
-8.0911932 0.87058932 3.1138945 106
-8.1372309 1.0681051 3.1277452 74
-8.1707821 1.2667692 3.1369307 88
-8.2135468 1.4703269 3.1485875 97
-8.2663498 1.6777682 3.1632659 87
-8.3102903 1.8883181 3.1732688 96
-8.3520432 2.1018929 3.1830084 84
-1.2486677 2.9017396 3.1016679 9
7.0249677 4.0788093 3.1209738 98
2.2260828 4.6452117 3.1206481 81
2.5682569 4.737216 3.1735437 85
5.2778859 5.2615213 3.1893942 38
4.9658389 5.3548717 3.1232574 65
5.6318512 5.3297291 3.1777084 28
-6.8620563 -4.8190322 3.2912154 103
-6.5649085 -4.8538475 3.2225163 89
-5.2553658 -4.5748515 3.2346246 52
-0.92016548 -3.6041665 3.2586679 30
-0.72948533 -3.6743219 3.2984254 2
-0.94060189 -3.5978405 3.2259986 50
-0.44262493 -3.5909803 3.2165053 1
2.1732538 -2.9797153 3.2523372 0
2.5704145 -2.8837233 3.2291808 12
2.7295918 -2.8617985 3.2285688 13
3.050319 -2.7231085 3.2312689 76
3.2127948 -2.6517859 3.219167 105.5
3.7628968 -2.5762179 3.2747307 81
3.805531 -2.5483797 3.2732267 86
0.71001923 -2.3339207 3.2865367 15
0.68550611 -2.2231066 3.2710404 11
0.66272521 -2.1132717 3.2519336 10
0.64200085 -2.0014036 3.2238472 9
0.58740181 -1.7388825 3.22701 9
0.56338799 -1.6321518 3.2627134 9
6.1641097 -0.12079129 3.2433693 1
-0.76384491 0.1109166 3.2454078 99
0.59016335 0.46839991 3.2424917 4
1.4104289 0.67337167 3.2409565 29
1.8351228 0.75362062 3.2996204 23
1.9118263 0.74392653 3.2826266 25
-8.0921593 0.92239922 3.2182622 82
-8.1322508 1.1273346 3.2384248 67
-8.1800985 1.3372527 3.2614131 75
-8.2224178 1.5521851 3.2818854 73
-4.9078422 2.5231686 3.2943718 0
-0.74913043 2.6765573 3.2366502 12
2.1880956 4.642499 3.2397013 81
2.5408373 4.7258039 3.2844989 85
4.0657573 5.1782327 3.2023659 35
4.3518844 5.2095184 3.2018216 35
5.2226472 5.2505703 3.2897444 38
5.6147575 5.3461833 3.2948442 40
-6.8632507 -4.8469286 3.3897891 91
-6.9005008 -4.6210933 3.3402495 115
-5.4022412 -4.6228738 3.3433101 54
-6.9461312 -4.4261642 3.392925 114
-7.1481142 -3.8452041 3.3774154 8
-1.4923571 -3.8145783 3.3516288 26
-1.0217769 -3.6139457 3.397769 70
-0.43362784 -3.5885651 3.3469355 44
-0.32854646 -3.562921 3.3422379 44
-0.36494067 -3.4879351 3.3152008 21
2.1528773 -2.9479618 3.3107867 0
0.82833117 -2.842047 3.3744524 8
2.5666032 -2.8671849 3.3183866 7
2.7372832 -2.8595307 3.338551 8
0.76854831 -2.6255884 3.389267 13
3.1664085 -2.6963718 3.3612034 84
3.3532476 -2.6409411 3.3729258 92.5
0.73751628 -2.4707582 3.3310142 13
4.7690148 -2.3524287 3.3442106 67.5
6.0817466 -2.0729938 3.326612 73
6.2956204 -2.0207589 3.3230455 65
0.54143965 -1.5324236 3.310446 8
0.52054811 -1.440732 3.37693 3
-1.1781814 -0.5251264 3.3275385 164
-1.3432679 0.039590113 3.3647077 80
-0.88495249 0.16802001 3.3487904 32
-0.27470797 0.14795047 3.3413854 150
0.94143671 0.56968188 3.397203 21
-8.2672482 1.7701194 3.3004341 84
6.1715403 1.7348641 3.3552833 9
-8.3206663 1.995034 3.3223734 79
7.1608739 3.3957376 3.3592212 5
-1.2673217 3.9232707 3.3210452 19
-0.01710842 4.1060529 3.3156619 2
0.173795 4.2191143 3.3631959 1
2.1463406 4.624826 3.3502727 81
3.4812391 4.8923407 3.3990247 61
4.2381854 5.2027683 3.3693025 65
4.5348206 5.2400293 3.3821065 52
5.1670094 5.2354546 3.3893595 38
5.5774298 5.3385663 3.39886 39
5.1932731 5.4001842 3.3082597 62
-6.9054999 -4.6494923 3.4262087 119
-5.5899377 -4.6610012 3.4663813 42
-6.951611 -4.4541068 3.4639945 121
-6.9839535 -4.2423639 3.4664958 119.5
-7.0291171 -4.0422854 3.4890623 115
-2.2829595 -3.9962311 3.430506 2
-7.1600056 -3.7774236 3.4738779 14
-0.99835056 -3.616585 3.4273448 62
-0.73551762 -3.6580563 3.4345498 42
-0.42234719 -3.5975981 3.4966257 67
-0.42452133 -3.4955788 3.4755826 48
0.80275041 -2.80142 3.4644279 17
2.7379954 -2.8462009 3.4397748 1
3.2615638 -2.6437571 3.4637678 109
3.9291472 -2.5269589 3.416223 77
4.9453478 -2.3076754 3.498301 71
6.3480473 -2.0102432 3.4978447 62
3.5420964 1.163077 3.4299777 29
3.6651464 1.1846645 3.4062874 44
3.7124691 1.2016866 3.457845 55
-0.37881517 2.9350002 3.49335 19
-1.3437386 3.9076722 3.4583642 60
1.0160686 4.3985696 3.4875607 61
2.107944 4.6161113 3.4701991 79
2.5183914 4.725419 3.4034326 84
5.1177378 5.2273121 3.4942529 38
-5.7369123 -4.6986828 3.5662534 74
-7.1035571 -4.109292 3.505187 2
-5.9493885 -4.1794024 3.5612016 1
-3.3456137 -4.1830759 3.5525944 11
-7.0537262 -4.0401626 3.5550327 66
-5.8303909 -4.0111589 3.5702076 8
-3.2884943 -4.0153494 3.5637913 25
-6.7041373 -3.9469771 3.5519094 10
-4.4178972 -3.9305971 3.5674696 25
-2.9656529 -3.9177163 3.5384529 21
-2.314616 -3.9672332 3.5571196 66
-7.0823798 -3.870085 3.5548463 115.5
-6.9323077 -3.8518047 3.5907702 10
-5.7257905 -3.8540745 3.5838144 17
-5.3471775 -3.8328028 3.5621948 24
-4.0509043 -3.8371437 3.5446675 27
-3.2219019 -3.8374605 3.5588627 54
-1.5294858 -3.8367026 3.5207412 67
-6.5062604 -3.7466524 3.5394626 27
-4.3119392 -3.7452917 3.5512362 40
-2.9039159 -3.746587 3.549705 57
-2.2768891 -3.7976756 3.5584989 82
-2.0088093 -3.7972915 3.5338252 48
-1.5220449 -3.7096913 3.5592501 100
-7.1356826 -3.680953 3.5731649 74.5
-6.769702 -3.6792831 3.5868835 19
-5.6069832 -3.6888196 3.5847547 27
-5.2189589 -3.6531353 3.5672545 33
-4.9780149 -3.6245933 3.5936167 114
-4.2630014 -3.6157589 3.5805323 59
-3.9654121 -3.6698511 3.5578785 56
-3.1737027 -3.6878519 3.5711355 80
-2.2447646 -3.6452241 3.5683029 100
-1.9721714 -3.6372619 3.5466917 76
-1.1012031 -3.6210513 3.5681527 56
-1.0748707 -3.6209798 3.5946684 53
-0.7382797 -3.6207001 3.5560246 76
-7.0541296 -3.5647449 3.5981901 28
-6.3881574 -3.5949199 3.5653687 39
-5.5087843 -3.5397916 3.5926943 32
-3.8782735 -3.5015063 3.5642228 67
-3.0970457 -3.5007782 3.5441067 106
-2.8392792 -3.5733607 3.5512018 99
-0.45310432 -3.5971715 3.5207634 81
-0.32957405 -3.5732098 3.5037596 78
-6.5759554 -3.4914432 3.5609381 35
-6.281239 -3.4512646 3.593184 35
-5.0695968 -3.4622648 3.5502822 64
-4.1919594 -3.4679155 3.5869133 74
-2.7810237 -3.4131985 3.5570152 93
-2.2143269 -3.4937871 3.5749254 96
-1.9363302 -3.4832156 3.5574198 103
-0.72674 -3.461657 3.5589864 108
-0.43673515 -3.4939871 3.5652313 98
-0.32933736 -3.4796393 3.5718479 100
-6.4438848 -3.3402121 3.5630786 51
-5.3974581 -3.3836067 3.5888641 41
-4.9886289 -3.3219514 3.5787673 66
-4.1181669 -3.3190224 3.5855255 82
-3.8024971 -3.3452408 3.5744383 79
-3.0794532 -3.3936417 3.587415 94
-2.1704166 -3.3230758 3.553798 120
-1.8935825 -3.312953 3.5468311 118
-0.71669453 -3.3166494 3.5677574 110
-0.43377516 -3.3479865 3.5758607 121
-0.32836393 -3.3346345 3.5822549 111
-6.716732 -3.2320485 3.584507 40
-6.1154385 -3.2751536 3.581584 36
-5.3026838 -3.2416053 3.5914271 48
-3.0321193 -3.2490163 3.5885324 89
-2.734761 -3.2681787 3.5736401 92
-2.159332 -3.2110016 3.5895219 100
-0.43128723 -3.2034681 3.5804262 129.5
-5.9936795 -3.126369 3.5907595 37
-4.8982987 -3.1755307 3.5931096 67
-4.0560484 -3.1822844 3.5920084 70
-3.7309501 -3.196013 3.5872223 82
-2.9889531 -3.1124513 3.5922291 88
-2.6810861 -3.1159952 3.5749452 92
-1.8657268 -3.1790345 3.568696 119
-0.70482999 -3.156523 3.5556898 150
-0.32686955 -3.1886189 3.5866849 115
-6.5572882 -3.0727699 3.5752432 55
-5.1925254 -3.0904183 3.5794311 80
-4.8011522 -3.0260394 3.5990791 62
-3.6519063 -3.0396116 3.5836959 92
-2.1325519 -3.0756135 3.5947142 100
-1.8368918 -3.0420132 3.5796311 108
-0.42767259 -3.0514293 3.5720489 145.5
-0.32572642 -3.0325708 3.5720284 131
-5.8724246 -2.978579 3.5948608 46
-5.130229 -2.9722004 3.5988624 76
-3.5922496 -2.9024322 3.5952806 89
-2.9510584 -2.9829628 3.5994074 80
-2.6349745 -2.9758968 3.5824752 101
-2.1064355 -2.9432261 3.5968153 109
-1.8067511 -2.9052248 3.5843983 116
-1.1723242 -2.9961793 3.5854833 113
-0.69139576 -2.9882953 3.5257344 97
-0.42478573 -2.9133925 3.5721231 134.5
0.87480611 -2.9626076 3.5557263 41
-2.5941839 -2.8418503 3.5934794 94
-1.4308133 -2.8642592 3.5972798 121
-1.153826 -2.860122 3.5892186 123
-0.68844944 -2.8985624 3.5817444 125
-0.40130001 -2.8027132 3.5887949 134
-0.32461226 -2.8925433 3.5693843 136
0.8455829 -2.8648691 3.5922883 69
-1.77693 -2.7681007 3.5843854 112
-1.1371291 -2.7290535 3.590745 132
-0.68026763 -2.7715516 3.5892355 118
-0.44328564 -2.7921419 3.599556 121
-0.323084 -2.782567 3.5968347 118
-1.7531219 -2.6450999 3.5957444 120
-0.67190474 -2.6465297 3.5947208 132
-0.39803624 -2.6770415 3.5933189 137
3.4925537 -2.6195862 3.5249436 88
-1.7265254 -2.5180104 3.5983553 127
-0.66327077 -2.5244906 3.5971999 135
-0.3946746 -2.5570281 3.5990894 123
4.0673003 -2.508656 3.5707629 71
-5.4381208 -2.427732 3.5982106 67
-0.39088053 -2.4339962 3.5998876 149
4.1055393 -2.4774597 3.5661342 75
-1.6954318 -2.3847547 3.5843592 131
-1.0873722 -2.3497949 3.5881448 150
4.9866304 -2.3081207 3.509311 66
-5.3401499 -2.2980831 3.5949862 81
-1.675751 -2.2727816 3.5972459 134
6.6146312 -1.956218 3.5142963 39
-4.3706141 -0.6146825 3.5497189 74
-3.9369578 -0.54330659 3.5266478 22
-1.3565286 -0.064738236 3.5213411 150
-1.400417 0.028820947 3.5313547 150
-1.2310761 0.0083279628 3.5962389 150
-0.86520177 0.084435202 3.5574896 150
1.4846847 0.68421161 3.5701945 32
1.6141939 0.67395586 3.5162981 26
7.0456519 1.9104438 3.5544004 95
7.2826071 2.8926959 3.5329959 106
-1.4195933 3.8839114 3.5939219 74
6.9557176 4.3633685 3.5554461 114
1.3721282 4.4779863 3.5191286 59
2.0705698 4.6083741 3.5950255 81
2.494189 4.7190213 3.5214942 82
3.4394319 4.8813529 3.5117989 63
3.6886871 5.0724683 3.5196691 34
4.7432647 5.2857523 3.5876677 69
5.0639186 5.2101955 3.5947015 38
5.5392165 5.3279448 3.5024352 41
5.4404235 5.4573402 3.5104749 47
6.6971426 5.5472131 3.5319772 41
-5.8267007 -4.6451001 3.635782 74
-5.7886944 -4.5203924 3.6042683 67
-5.8112044 -4.4150729 3.6410534 65
-5.7985764 -4.3134985 3.6156108 69
-5.7979231 -4.1940465 3.64661 74
-5.7711916 -4.0850654 3.6021867 107
-5.8071213 -3.9065461 3.6297195 66
-5.7912683 -3.9850235 3.6566358 89
-5.8052335 -3.7064829 3.6333196 74
-5.7763119 -3.7763026 3.6609888 66
-7.1221738 -3.6922185 3.6012769 134
-5.1224995 -3.6901064 3.6122537 92
-7.15488 -3.5006421 3.6302235 129
-5.8029976 -3.5114121 3.6355202 78
-5.763587 -3.574276 3.6657133 71
-5.1183357 -3.5009904 3.6106732 101
-1.1284519 -3.5151012 3.636039 90
-7.1527853 -3.4744549 3.6272769 136
-6.9010162 -3.405535 3.6023779 31
-4.996285 -3.4568951 3.6105049 115
-1.0922462 -3.4923067 3.6373296 92
-0.48369318 -3.4942441 3.6361723 96.5
-7.1790099 -3.3049421 3.6522789 120
-5.800992 -3.3203483 3.6390958 80
-5.7500305 -3.3752489 3.6698766 73
-5.1105084 -3.3148096 3.6054904 110
-1.1265677 -3.3511171 3.6414101 87
-1.0923575 -3.3313215 3.6430757 91
-0.4974997 -3.3458769 3.6485641 90
-7.1906977 -3.2845027 3.6699054 140
-6.38555 -3.2307177 3.6041791 39
-5.0142546 -3.2901874 3.6260045 105
-0.50987989 -3.2135723 3.6578341 95
-7.191205 -3.1080809 3.6688335 91
-5.805274 -3.1373725 3.6456769 75
-5.7362032 -3.1822212 3.672648 76
-5.1147585 -3.1398408 3.6107655 112
-5.0247493 -3.1213434 3.6365454 99
-1.1157532 -3.1781237 3.629987 85
-1.0789076 -3.152091 3.6199918 101
-0.50851345 -3.1815393 3.654927 85
0.9128558 -3.1447611 3.6089003 15
-7.1713958 -3.0724633 3.6811676 67
-6.2654347 -3.0885968 3.6061416 36
-4.0001931 -3.0536282 3.6018763 79
-1.4473019 -3.0025539 3.6020496 131
-1.0771616 -3.0020738 3.6221006 63
-0.51421022 -3.0390887 3.6453354 106.5
-7.1856885 -2.9049771 3.6760395 67
-6.4692044 -2.9501009 3.6001594 56
-6.1511574 -2.9505274 3.6065226 37
-5.8039722 -2.9563198 3.6497762 81
-5.7265167 -2.9951961 3.6782131 79
-5.1247282 -2.9729688 3.6198759 111
-5.0318747 -2.954438 3.6448731 96
-3.9482832 -2.9280171 3.6113515 78
-0.5259034 -2.9167273 3.6479845 118
-7.1250472 -2.852185 3.6774325 58
-6.3670611 -2.8223066 3.6143956 39
-6.0483332 -2.8205712 3.6118004 48
-5.7423487 -2.8250241 3.6448658 67
-5.1396275 -2.8111804 3.6322794 106
-5.0655322 -2.8535297 3.6135159 67
-4.7088652 -2.8805692 3.6035614 67
-3.8948722 -2.8043778 3.6159408 86
-2.9151034 -2.8574989 3.6063824 89
-2.087276 -2.8229716 3.6102467 108
-0.51439321 -2.8685563 3.6317756 113
1.4498936 -2.8013561 3.672883 10
1.5198213 -2.888309 3.6517913 14
-7.1718302 -2.7017567 3.6777287 64
-5.8139749 -2.7824271 3.6601939 80
-5.0279393 -2.7833266 3.6446571 94
-4.9972057 -2.7318087 3.6214969 66
-4.6258736 -2.7431629 3.6111364 68
-3.537014 -2.7713039 3.6114306 96
-2.8810873 -2.7360594 3.6131537 91
-2.5553648 -2.71281 3.6042571 99
-1.4207425 -2.7451224 3.6098807 114
-0.53426135 -2.7707708 3.6614327 95
0.81935346 -2.7902541 3.6555047 106
1.4465106 -2.7375541 3.6714823 43
-7.1021404 -2.6441383 3.6850235 61
-6.2464161 -2.6863449 3.6133676 49
-5.9609451 -2.6987629 3.6215892 53
-5.8164954 -2.6064267 3.6656516 87
-5.7098966 -2.6311471 3.6924024 79
-5.6529012 -2.6981504 3.6028059 48
-5.1572351 -2.6544416 3.6477072 102
-5.0357852 -2.6234357 3.6535118 91
-4.9350767 -2.6161571 3.6318734 69
-4.532711 -2.6006527 3.6066506 71
-3.8476748 -2.6848168 3.6229296 87
-3.4686265 -2.6299651 3.6047845 83
-2.8466601 -2.6166046 3.6159384 90
-2.0652049 -2.6996465 3.6139257 116
-1.407649 -2.6230438 3.6117101 134
-1.1212128 -2.6050537 3.6011806 127
-0.54559493 -2.6559761 3.660495 65
-0.44088143 -2.6691318 3.605885 130
-0.32165065 -2.6585529 3.6022174 128
0.79129851 -2.6643312 3.654146 100
1.439997 -2.6535676 3.6527872 61
3.4091897 -2.6318266 3.6316123 95
3.6301882 -2.600595 3.696553 108
-7.158484 -2.5015411 3.678576 62
-6.1423984 -2.5595229 3.6187413 52
-5.8690047 -2.5759051 3.6257932 58
-5.554915 -2.5665193 3.6096334 53
-3.7970202 -2.5642054 3.6252322 91
-3.4135337 -2.5007792 3.611872 84
-2.8153722 -2.5001945 3.6204171 88
-2.5126588 -2.579669 3.6053891 93
-2.0417528 -2.5762906 3.6137192 110
-1.3966206 -2.5038586 3.6143591 130
-0.43895185 -2.5451179 3.6061499 122
-0.320043 -2.5345349 3.6056066 137
0.76555377 -2.5464146 3.6549258 105
1.3752942 -2.5928786 3.6848474 62
1.4033911 -2.5406721 3.6509337 79
3.6369479 -2.5808625 3.6594915 90
-7.0709414 -2.4390793 3.6870146 57
-6.0359135 -2.431675 3.6193335 51
-5.8159099 -2.4343853 3.6702776 80
-5.7398586 -2.4552617 3.6622262 67
-5.1654305 -2.4945405 3.6556904 100
-5.0438638 -2.4665534 3.6637416 92
-4.8617921 -2.4953675 3.6302841 71
-4.4585328 -2.4722879 3.6123376 68
-3.7414329 -2.4425149 3.6179686 91
-2.4786956 -2.4586351 3.6146452 104
-2.0227325 -2.4620147 3.6190727 107
-1.1066636 -2.4820037 3.6044569 150
-0.65614825 -2.4084868 3.6055326 139
-0.43645662 -2.428107 3.6114774 144
-0.31760389 -2.41852 3.6110597 141
0.74157643 -2.43085 3.6578591 113
1.356006 -2.462461 3.6699562 93.5
2.3771555 -2.4391942 3.6793916 10
-7.1829977 -2.3188438 3.6997619 42
-5.9481354 -2.3139839 3.6271281 58
-5.6797485 -2.3324759 3.620672 57
-5.1755157 -2.3386755 3.6661496 93
-5.0416837 -2.3074801 3.6659725 91
-4.8053994 -2.3837712 3.6380832 71
-4.3914909 -2.3479676 3.6193337 72
-3.6933196 -2.3269241 3.6159887 88
-3.3611271 -2.3755844 3.6156669 79
-2.7894657 -2.3898647 3.6293747 97
-2.4398489 -2.333497 3.614347 115
-2.0033264 -2.3477216 3.6204443 120
-1.384196 -2.3856397 3.6131184 150
-0.43369997 -2.3110943 3.6138158 149
-0.35133463 -2.312746 3.6110687 144
0.71875358 -2.3239639 3.666548 101
1.3235164 -2.3581989 3.6701984 102.5
2.3267729 -2.3362563 3.6667333 19
2.5014095 -2.3626683 3.6855583 8
-5.8180819 -2.2633772 3.6743357 85
-5.6494384 -2.2524555 3.6640759 71
-4.7392116 -2.2690587 3.6377978 72
-4.3209901 -2.2226098 3.6216438 74
-3.6627126 -2.2245748 3.6303542 89
-3.3163116 -2.2574668 3.6257317 86
-2.7587271 -2.2778428 3.6297233 108
-2.4075899 -2.2154417 3.620409 104
-1.9850646 -2.2364504 3.6237006 118
-1.3773351 -2.2835693 3.6303508 141
-1.0803981 -2.2539842 3.6206515 150
-0.64723843 -2.2914307 3.6049922 135
-0.43137348 -2.2020845 3.6211293 146
-0.38321936 -2.209971 3.612448 149
0.6973117 -2.2100058 3.660471 99
1.2761385 -2.2896807 3.6866314 112
1.3110762 -2.229063 3.6621871 96
2.2818041 -2.2517273 3.6833174 32.666668
2.4473219 -2.2627449 3.6686485 14
5.1547451 -2.2615573 3.6690087 76
5.2146349 -2.2638786 3.6920733 82
-5.8493681 -2.1935289 3.6249824 55
-5.5351381 -2.112118 3.632242 65
-5.2826705 -2.1887448 3.6169178 71
-5.1662526 -2.1744812 3.6625614 92
-5.0460939 -2.1535275 3.6725993 91
-4.6854725 -2.161484 3.6423137 75
-4.2597919 -2.1043155 3.6270502 75
-3.628541 -2.1221712 3.6390359 82
-3.264333 -2.1332345 3.6234562 85
-2.7324064 -2.1704953 3.6346943 108
-2.3772187 -2.100383 3.6252675 98
-1.9701716 -2.132241 3.6316242 133
-1.6619192 -2.1699135 3.619559 138
-1.366742 -2.1693747 3.6279087 141
-1.0677197 -2.14293 3.6226583 139
-0.64118224 -2.183434 3.6141858 146
-0.34677374 -2.1482255 3.6200144 133
0.67763901 -2.1081154 3.6695035 98
1.2499508 -2.141701 3.6808147 98.666664
1.8149302 -2.1653621 3.6928823 91
2.2493055 -2.1606095 3.6763918 52
2.3776608 -2.1041229 3.6914263 52
2.4146428 -2.185966 3.6860144 34
-5.8124504 -2.0942633 3.6756437 86
-5.761898 -2.0778248 3.6257093 58
-5.2108412 -2.0732884 3.6251874 66
-5.1735067 -2.0215652 3.6699696 90
-4.6347847 -2.0569429 3.6475298 77
-3.5906475 -2.0167069 3.6400504 84
-3.2221994 -2.0201087 3.6302238 82
-2.7137196 -2.0712645 3.6469328 112
-1.9560801 -2.0280368 3.6374605 119
-1.6443566 -2.0725861 3.6516716 49.666668
-1.3578718 -2.0642374 3.6342983 150
-1.0552162 -2.0328915 3.6266479 146
-0.63403934 -2.0764296 3.6224642 144
-0.42978233 -2.0920734 3.6253669 132
-0.31134984 -2.0864768 3.6282947 137
0.65911269 -2.0041893 3.6713579 102
1.1942793 -2.011234 3.694371 104
1.2592475 -2.0332978 3.6693609 95
1.7831345 -2.0795217 3.6959412 140
1.8091543 -2.0674071 3.6630528 128
2.1870098 -2.0433025 3.6951864 67
2.2122242 -2.0727274 3.6753669 59
2.3391438 -2.0192275 3.6883903 61
-7.1356306 -1.9261278 3.6890295 58
-5.7882648 -1.9216028 3.663414 44
-5.6849294 -1.9662114 3.6314356 60
-5.1430693 -1.9608597 3.6340609 65
-5.0482998 -1.9985386 3.6789601 92
-4.5818152 -1.9523733 3.6499522 76
-4.1973109 -1.9860029 3.6295669 75
-3.5581648 -1.9153161 3.645551 86
-3.1784232 -1.9049298 3.6301305 83
-2.6856313 -1.9638745 3.6440365 107
-2.3466561 -1.9873061 3.6281171 107
-1.9418498 -1.9268283 3.642292 125
-1.6300983 -1.9521127 3.652405 87.666664
-1.465193 -1.9757779 3.6690989 55
-1.3512343 -1.9621435 3.6434715 150
-1.0676157 -1.9535055 3.6527579 80.5
-0.62754399 -1.9698727 3.6233888 145
-0.42719203 -1.9870619 3.629688 146
-0.34304035 -1.9881983 3.6272669 145.5
1.1693947 -1.9183896 3.6896024 103
1.2347622 -1.9363728 3.6675382 91
1.7507417 -1.9431835 3.6799212 115
2.1594865 -1.9515051 3.6847641 74.666664
2.3043015 -1.9373435 3.6892788 70
6.6613693 -1.9495194 3.696769 57
-5.575376 -1.8443033 3.611212 2
-5.1829629 -1.8706942 3.6812456 66
-5.0593214 -1.8464887 3.6587396 60.5
-4.5403204 -1.8529316 3.6572769 76
-4.1495795 -1.8758019 3.6396761 81
-3.5264609 -1.8159299 3.6489596 88
-2.6595786 -1.8605127 3.6419325 101
-2.3169026 -1.8752139 3.6288767 111
-1.9286004 -1.826633 3.6470244 132
-1.6255106 -1.835027 3.6479776 100
-1.5996883 -1.8358951 3.6636958 86
-1.4578494 -1.8566849 3.6715221 99
-1.342831 -1.8599966 3.6447773 150
-1.0653429 -1.8493401 3.6575298 107
-0.62060648 -1.8628196 3.6226237 143
-0.57365304 -1.8631542 3.6698484 46.5
-0.42460078 -1.8830503 3.6340079 148
-0.33927315 -1.8831758 3.6288939 150
0.63465333 -1.8522879 3.6729171 89
1.1465219 -1.8325487 3.6946263 105
1.2131783 -1.8444979 3.6736586 93
1.69384 -1.825938 3.6946998 91
1.7370749 -1.8446782 3.6652148 88.5
2.0922089 -1.8037144 3.6993501 91
2.1181176 -1.8513917 3.6877577 90
2.2717037 -1.8574492 3.690105 86
-5.3134189 -1.7050481 3.6708529 15
-5.1863127 -1.7187167 3.6872776 38
-4.4921026 -1.7514069 3.6572206 78
-4.0873141 -1.7604579 3.634124 75
-3.4957395 -1.717555 3.6522689 84
-3.1412475 -1.7958243 3.6364071 85
-2.6414742 -1.7632794 3.6500871 99
-2.2917483 -1.7691981 3.6361883 107
-1.9164134 -1.7284557 3.6526494 141
-1.6398979 -1.7122178 3.6690445 80
-1.5930557 -1.7318177 3.6572127 112.5
-1.4531178 -1.7416312 3.6748774 98
-1.3360194 -1.7628975 3.6529379 143
-1.0572791 -1.7352719 3.6507187 122.66666
-0.61587703 -1.7658474 3.6356587 150
-0.57798028 -1.7567174 3.6754804 110.5
-0.4211846 -1.7830396 3.6404037 150
-0.3365618 -1.7836683 3.6369376 150
0.61262274 -1.7084132 3.681088 67
1.1590643 -1.7491307 3.6843224 104.5
1.6835494 -1.7299401 3.6798816 92
2.089812 -1.7443589 3.6872795 95
2.228698 -1.7416003 3.6940951 93.5
-6.9503026 -1.6468439 3.6905155 71
-5.0445247 -1.6954051 3.6839206 39
-4.9473248 -1.6296577 3.6448574 47
-4.4338002 -1.6467575 3.6460934 15
-4.0358329 -1.6502055 3.636559 78
-3.4725161 -1.6232795 3.6608672 86
-3.1114891 -1.6907821 3.6469817 92
-2.6241598 -1.6670506 3.6561522 108
-2.2701275 -1.6659271 3.6441247 108
-1.9037448 -1.6302568 3.6532972 138
-1.5808296 -1.6222332 3.6598754 114.5
-1.4453448 -1.6255233 3.6741548 100
-1.3288375 -1.6647794 3.65712 145
-1.0535884 -1.6299529 3.6568582 119.66666
-0.87256509 -1.6266139 3.6450887 150
-0.60797137 -1.6577318 3.623939 125
-0.58109844 -1.6502516 3.675055 117
-0.41828632 -1.6760182 3.6296942 127
-0.33291936 -1.6776148 3.6285186 126
0.60002619 -1.6074157 3.6702507 49
1.1386567 -1.6597252 3.6813571 99
1.6613609 -1.6505606 3.6855161 98
2.0489388 -1.6551719 3.6904051 94
2.1867936 -1.6265333 3.6932638 90
-5.2389784 -1.5993253 3.6602552 54
-5.1835403 -1.5666329 3.6880622 93
-5.0433116 -1.5453551 3.6880569 90
-4.4092917 -1.5565115 3.6638014 76
-4.0070062 -1.5511461 3.6558611 19
-3.4469163 -1.5289679 3.6656764 92
-3.0737457 -1.5826347 3.6472812 96
-2.6031013 -1.5697545 3.6545453 107
-2.2465944 -1.5618794 3.6472471 113
-1.8898598 -1.5340354 3.6520445 150
-1.6300035 -1.5960697 3.6683128 71
-1.5561454 -1.5336449 3.6451972 126
-1.4418249 -1.5164948 3.6801999 103
-1.321093 -1.5656327 3.655333 150
-1.0648016 -1.5220512 3.6558948 114.5
-0.99959785 -1.5156276 3.6346583 129
-0.86933357 -1.5305508 3.6478961 130
-0.60119498 -1.5441897 3.655127 124
-0.56723511 -1.5669191 3.6801145 114
-0.41586304 -1.581008 3.6359987 127
-0.3608188 -1.5908422 3.6347938 122
-0.299411 -1.5733684 3.6363134 126
0.58701909 -1.5165015 3.6768258 39
1.0861048 -1.5769403 3.6925511 107
1.155524 -1.5707126 3.6721473 104
1.5997064 -1.5093541 3.6959431 104
1.6389968 -1.5691383 3.6833405 100
1.9893399 -1.5011147 3.698998 94
2.0246782 -1.5450416 3.6836715 92
2.1603954 -1.5505861 3.6903408 99
-6.9110904 -1.4567717 3.6846695 113
-5.1522198 -1.449492 3.6584988 57.5
-4.8248963 -1.4168472 3.6432159 68
-3.9216218 -1.4295453 3.6183994 83
-3.4165757 -1.4335842 3.6629102 70
-3.0366187 -1.4754633 3.6434999 80
-2.5902672 -1.4795978 3.6661811 118
-2.2215161 -1.4577739 3.6444871 125
-1.8780469 -1.4388458 3.6515913 150
-1.6188031 -1.4808935 3.6648715 87
-1.5593488 -1.463567 3.6591833 121.5
-1.4357214 -1.4074143 3.680831 114
-1.3162086 -1.4725629 3.6632867 150
-1.0559047 -1.4114234 3.6440279 109.5
-0.9927389 -1.4226587 3.6460357 135
-0.8645454 -1.4334419 3.6448314 130
-0.60519046 -1.427008 3.6823637 115
-0.5805949 -1.4618111 3.6516294 121.5
-0.41305071 -1.4880021 3.6493618 134
-0.35697925 -1.4928102 3.6354923 138
-0.29660124 -1.4753461 3.6377418 124
0.57667017 -1.4255776 3.6824372 14
1.0594108 -1.4531035 3.6865244 116
1.139093 -1.4817625 3.6696191 98
1.6373491 -1.4711269 3.6747532 100
1.9800451 -1.4294229 3.6913533 99.5
2.1274772 -1.4416909 3.6940532 98
-7.1180601 -1.3707786 3.6982973 75
-5.3009887 -1.3421266 3.6541095 62
-5.0756669 -1.3037553 3.6587565 57
-4.3407259 -1.3687687 3.6730003 83
-3.9032984 -1.3345641 3.6427069 13
-3.4018207 -1.3454192 3.6766956 68
-2.5733302 -1.3863586 3.6661689 150
-2.2033949 -1.3597876 3.6520801 125
-1.8687452 -1.3477087 3.6569057 150
-1.6151049 -1.3735117 3.6722198 84
-1.5518315 -1.3615615 3.6678157 123
-1.3082396 -1.3754065 3.6595018 150
-1.0672202 -1.3185992 3.6750207 114
-0.98336214 -1.3266404 3.6516349 144
-0.86126369 -1.3403784 3.6476285 132
-0.60849214 -1.3300538 3.6848605 119
-0.57975161 -1.3663201 3.658917 117
-0.40946347 -1.3896216 3.6438501 130
-0.35075653 -1.3507633 3.6370621 133.5
-0.29305145 -1.3813277 3.6422384 130
0.56644064 -1.3315964 3.675982 5
1.0354428 -1.3322505 3.6817851 110
1.1168385 -1.3521583 3.6669168 101
1.5611326 -1.3585055 3.6939225 117
1.610281 -1.3512213 3.6737905 107.5
1.9731557 -1.3577312 3.686347 98
2.0967085 -1.3347552 3.6932302 102
-5.253058 -1.2447418 3.6599977 71
-5.1818056 -1.2685376 3.6945889 92
-5.0381446 -1.2333038 3.6806488 80
-4.7240806 -1.2131897 3.6474943 62
-3.8695745 -1.2352041 3.6493394 86
-3.3571885 -1.2442464 3.6512024 20
-2.9798272 -1.2733043 3.6512904 87
-2.5393319 -1.2018765 3.665144 126
-2.1850865 -1.2627828 3.6576738 64
-1.8602592 -1.2555767 3.660136 150
-1.6081896 -1.2644186 3.6755545 91
-1.5418327 -1.2589865 3.669807 124.5
-1.4296049 -1.2993339 3.681459 107
-1.3013966 -1.282274 3.6575983 134
-1.0651219 -1.2160869 3.6775782 118
-0.97329944 -1.2300296 3.6460676 136
-0.85788506 -1.24731 3.6494298 139
-0.61093295 -1.2330856 3.6855528 129
-0.57717675 -1.2688192 3.6620836 118
-0.40512139 -1.2496011 3.6453223 135
-0.3451364 -1.2137409 3.645586 146
-0.289976 -1.2873002 3.6406696 126
1.060472 -1.242491 3.6809239 103.5
1.5515076 -1.2424824 3.6814301 105.33334
1.9469631 -1.2468178 3.6868443 100
2.0798945 -1.2648183 3.6981091 104
-5.1993937 -1.1453007 3.6584101 67
-4.9893651 -1.1169246 3.6635797 70
-4.6796269 -1.1138989 3.6490498 73
-4.2625461 -1.1818973 3.6660464 69
-3.3510971 -1.1611984 3.6721654 85
-1.5509024 -1.1549412 3.6644032 99.666664
-1.4247404 -1.194279 3.6847858 104
-1.2977027 -1.1952327 3.6684213 136
-1.0630209 -1.115113 3.6812296 114
-0.96528953 -1.1359614 3.6445105 132
-0.85556453 -1.1562622 3.6521239 137
-0.61336333 -1.1371176 3.6862435 133
-0.5730952 -1.1723034 3.6588407 130
-0.40012801 -1.1145824 3.6508629 150
-0.34145695 -1.1237159 3.6482446 150
-0.28522867 -1.1522751 3.6483538 140.5
0.99724519 -1.1035039 3.686872 106
1.048394 -1.1620402 3.6790857 103.5
1.5412101 -1.1474848 3.6763339 108
1.9230201 -1.1398953 3.6872525 97
2.053108 -1.1603475 3.6947186 96.5
-5.1542311 -1.0509344 3.6620138 71
-4.9642558 -1.0276902 3.6762879 75
-4.6426101 -1.0166646 3.6549029 75
-4.2239256 -1.0484746 3.6736917 78.5
-3.8018112 -1.0368954 3.655756 82
-2.931344 -1.0772065 3.6622815 74
-2.5208704 -1.0276351 3.6806605 113
-1.57073 -1.0556419 3.6759419 110
-1.4138873 -1.0861034 3.6754882 104
-1.058553 -1.0146053 3.6799116 114
-0.95815772 -1.0459702 3.6528823 141
-0.85330719 -1.0672189 3.6558058 138
-0.6128189 -1.041096 3.6783819 132
-0.56987828 -1.0547253 3.6598146 138.33333
-0.36697668 -1.028626 3.6510835 131.5
-0.28021777 -1.0192448 3.653044 134
0.98691332 -1.0285728 3.6889699 112
1.0783083 -1.0657312 3.6755714 108
1.4930642 -1.0356476 3.6884489 106.5
1.5538319 -1.0429138 3.6698451 103.5
1.8816056 -1.0809126 3.698976 101
1.909256 -1.067925 3.6859879 109
2.0331867 -1.0598899 3.6978633 96
-5.1433377 -0.96496868 3.681653 88.5
-4.9236851 -0.93629187 3.6744251 76
-4.6021228 -0.9193992 3.6560698 74
-4.1903663 -0.91610479 3.6818485 82
-3.7747219 -0.93978995 3.6618221 79
-3.3233688 -0.98686439 3.6874914 100
-2.5066595 -0.93942529 3.6783543 117
-1.5497999 -0.95915031 3.6883836 39
-1.411595 -0.98509371 3.6819825 103
-1.0573046 -0.91709697 3.6831563 115
-0.85030967 -0.98017484 3.6625628 126
-0.61350453 -0.94709975 3.6754584 127
-0.56426764 -0.9417901 3.6649251 124
-0.36348742 -0.94212568 3.6621134 147
-0.27692044 -0.93123162 3.6605144 150
0.97654784 -0.95463783 3.6888299 110
1.0665591 -0.94630468 3.6760452 107.5
1.4756671 -0.9326033 3.6859529 104
1.5390823 -0.93146777 3.6685078 104
1.8905907 -0.96294558 3.682229 95.5
2.0143137 -0.95990491 3.6976237 102.5
-5.15417 -0.82734686 3.6877999 81
-5.0371218 -0.83989 3.6750436 82.5
-4.8938208 -0.84700221 3.6795561 77
-4.5689759 -0.82418782 3.6605384 75
-4.1695457 -0.8288722 3.6861279 81
-3.745254 -0.84365636 3.6640949 77
-3.308717 -0.89968193 3.6922162 54
-2.4970899 -0.85229146 3.6826282 125
-2.1209555 -0.88171238 3.6701212 76
-0.61535692 -0.85713351 3.6797049 127
-0.55969578 -0.84977555 3.6629968 115.5
0.9627735 -0.84522092 3.6872442 115
1.05566 -0.8278631 3.6747026 106
1.4658679 -0.865628 3.6872141 101
1.5304317 -0.85954762 3.6729352 95
1.8521038 -0.85298699 3.6910341 96.333336
1.9985886 -0.86190814 3.6977489 103
-5.0235596 -0.76685381 3.6603026 66
-4.8670373 -0.75774181 3.6853933 80
-4.544364 -0.73004186 3.6702056 76
-4.1452546 -0.74159527 3.6857202 83
-3.7209482 -0.74855697 3.6678789 82
-3.2731831 -0.7252183 3.6892073 95
-2.868922 -0.79105806 3.6712275 130
-2.4859345 -0.76612234 3.6810236 109
-2.1086035 -0.78872633 3.6751368 148
-1.0500687 -0.72209013 3.6830184 89
-0.61807168 -0.76718134 3.6857562 100
-0.56157124 -0.77708304 3.6743388 120
-0.35599822 -0.76657361 3.66113 138
-0.27032346 -0.75542957 3.6623518 144
0.95124048 -0.73678845 3.6856165 111
1.0514556 -0.75091517 3.6766989 114
1.4533827 -0.76514876 3.6879451 107
1.5210955 -0.75159764 3.6730018 97.5
1.8516016 -0.75701827 3.687423 101.66666
1.9897392 -0.79690063 3.6974957 94
-4.0942268 -0.64999241 3.6577728 110
-2.8502123 -0.69700128 3.6716626 90
-2.4805117 -0.68104523 3.6868973 71
-2.0950685 -0.69671881 3.6782441 118
-0.92622727 -0.60383201 3.6692264 150
-0.84065944 -0.63197631 3.6722846 139
-0.61651927 -0.6771546 3.6805484 91
-0.55472541 -0.67079175 3.674165 102
-0.31623334 -0.60059452 3.6744244 149
0.94442266 -0.66582435 3.6827245 118
1.0466521 -0.67292696 3.6729033 108
1.439344 -0.63365901 3.6881161 105
1.5142657 -0.64450157 3.6752326 90
1.8294061 -0.65867996 3.6896389 98.333336
1.9708123 -0.63631427 3.6889482 95
-1.5020531 -0.54824775 3.6525888 41
-1.4336345 -0.50714892 3.6659365 111
-1.3954691 -0.58677453 3.6890349 104
-1.04301 -0.53206897 3.6833377 117
-0.91963989 -0.51580387 3.6725056 136
-0.5522927 -0.55514914 3.6757801 102.33334
-0.35579833 -0.53752202 3.6765392 145.66667
-0.25951636 -0.54338396 3.6747172 137
0.93727034 -0.56137222 3.6870503 121
1.0433371 -0.56001973 3.6789379 111.5
1.4325483 -0.53665751 3.6932013 109
1.5106122 -0.54006261 3.6784809 96.5
1.8284112 -0.54750407 3.6886957 96.25
1.9678302 -0.54382205 3.6983764 93
-1.5390372 -0.44868523 3.6893272 110.5
-1.4285516 -0.42042983 3.6711483 119
-1.258692 -0.45193413 3.6606927 127
-1.0406268 -0.438095 3.6876454 135.5
-0.91495031 -0.42977187 3.6745951 133
-0.83661646 -0.46188471 3.6755414 147
-0.61705899 -0.45616794 3.6803489 105
-0.55318379 -0.41189486 3.6800542 112
0.93110764 -0.45700422 3.6873183 118
1.0411216 -0.44704142 3.6755526 107
1.4248202 -0.43962404 3.6839874 104.5
1.5087718 -0.43662563 3.6825714 97
1.8315153 -0.43534449 3.6869695 93.666664
1.9620438 -0.45073357 3.6915367 96
-1.5347197 -0.35062385 3.6913428 108.5
-1.4236383 -0.33248109 3.6814582 121
-1.3878001 -0.39268762 3.6934476 110
-1.2478858 -0.32213137 3.6332214 95
-1.0384603 -0.3451007 3.6912997 122.5
-0.90909153 -0.34172267 3.6747947 140
-0.83473676 -0.37886605 3.6841786 137
-0.53150523 -0.35691848 3.6863647 136
-0.33509356 -0.34043434 3.6889477 141
-0.24944252 -0.33133394 3.6840022 137
0.92520279 -0.32003042 3.6863096 111
1.4207882 -0.34358498 3.6809633 109
1.5089022 -0.36661679 3.6800556 93
1.7995654 -0.32087097 3.6929097 96
1.8239036 -0.35897338 3.6899984 93.5
1.9632531 -0.35970175 3.6979537 99
-1.5280066 -0.2530134 3.6895118 112.5
-1.4192712 -0.24448797 3.6866975 121
-1.3755462 -0.29547912 3.6791747 119
-1.2592415 -0.24346161 3.6867528 136
-1.0335356 -0.25256997 3.6879616 123
-0.90493184 -0.2567364 3.6828499 141
-0.83224666 -0.25081652 3.6895847 144
-0.61661488 -0.23917635 3.6828084 125
-0.53477609 -0.23065564 3.6852231 126
-0.36470836 -0.25245848 3.6906097 138
-0.27057812 -0.25284594 3.6920128 137
0.9243328 -0.25203586 3.689569 101
1.0451157 -0.2621845 3.6872907 73
1.4190792 -0.21852139 3.6808784 145
1.8256472 -0.26748484 3.6919932 96
1.9635897 -0.26960829 3.6945386 94
-1.5256271 -0.15649152 3.6944659 111
-1.4149039 -0.15649484 3.691936 125
-1.374042 -0.151987 3.6873653 116
-1.2592003 -0.15846489 3.694196 137
-1.030099 -0.16008109 3.6888912 125
-0.90041894 -0.1707195 3.6869271 129
-0.82953054 -0.12475669 3.6929932 150
-0.61580181 -0.15317266 3.6838689 118
-0.52015424 -0.1443648 3.6965926 136
-0.3601895 -0.16844645 3.6960709 132
-0.26592883 -0.16880882 3.6896267 148
0.92377204 -0.11702187 3.686672 112
1.0473567 -0.1511254 3.6743889 63
1.4210356 -0.15649052 3.6877148 113
1.8305786 -0.14490008 3.691576 94
1.9712241 -0.12043982 3.6918182 92
-1.539917 -0.05244752 3.690959 133
-1.4992466 -0.065334886 3.694782 115
-1.3560469 -0.011178926 3.6657269 124
-1.2546036 -0.075347401 3.6859956 136
-1.0262239 -0.067566574 3.6889305 122
-0.86137962 -0.061698288 3.6918392 139.5
-0.61585122 -0.06718298 3.6867342 122
-0.51533353 -0.058325559 3.697499 137
-0.25845972 -0.042771135 3.6946576 150
0.92467189 -0.050012618 3.6885562 116
1.0547156 -0.042171203 3.6776726 125
1.8349659 -0.083873175 3.6914327 90.5
1.9786264 -0.061927635 3.6954572 98
-1.3243017 0.081412807 3.6130672 36
-1.0297381 0.046623353 3.6929295 124.33334
-0.89050382 0.0013904214 3.6851175 149
-0.61545902 0.017813772 3.6886952 125
-0.51059639 0.02570818 3.6993895 138
-0.2280456 0.04732566 3.6599245 85
0.92733395 0.050513186 3.6897931 130
1.8507481 0.065260068 3.6935682 77.5
-0.99126989 0.13461749 3.6788726 126
-0.61164653 0.14586149 3.6848698 136
0.9307844 0.1500556 3.6847527 112
1.0717723 0.13875893 3.683918 108
1.8713549 0.13792987 3.6934836 95.333336
1.9995369 0.11332568 3.6926458 93
2.0100214 0.17239782 3.695961 97
-4.3518429 0.29121304 3.6936042 76
0.93725181 0.25010765 3.6861446 110.5
1.0779855 0.2108271 3.6730998 110
1.5628082 0.23934792 3.688585 93
1.8393306 0.2077435 3.6978199 92
2.0204213 0.22949967 3.6947908 89
-4.3452573 0.38426307 3.6924851 81
0.56911498 0.37419 3.6559165 0
0.94465327 0.35116157 3.6902049 114
1.5793818 0.33989811 3.6863909 102
1.870042 0.3830238 3.6992478 24
1.9329444 0.34826258 3.6905546 83
-4.3331609 0.47720018 3.6868811 82
0.57851011 0.45604771 3.6807115 6
0.95372188 0.45173949 3.6873016 118.5
1.5992092 0.43941516 3.6890297 95
1.885968 0.46868932 3.6941257 100
1.9553564 0.43985787 3.691088 90
2.0665486 0.43335944 3.6969962 85
-4.3293304 0.57121766 3.6835444 86
0.96509737 0.55332583 3.6888318 135
1.6228092 0.5404529 3.6906958 94.5
1.9897397 0.56298971 3.6931951 91.5
-4.3439789 0.66808808 3.6945052 84
1.5026418 0.64509207 3.6838617 105
1.6472068 0.64052951 3.688309 103
1.931036 0.6435411 3.6979523 94.5
1.9474394 0.75087166 3.654428 59.5
2.0358939 0.71573806 3.6879168 100
2.1610186 0.74961263 3.6877456 89
3.7521954 0.89530915 3.6916437 99
3.7608304 1.1304264 3.6884019 150
4.3789907 1.2922713 3.674433 113
4.4100838 1.2989646 3.6634977 78
-1.57495 3.7565739 3.6042604 28
-1.4559444 3.8099251 3.6756277 3
0.9698056 4.3801193 3.6104164 54
1.3431931 4.4724965 3.6471138 56
2.4709048 4.7106304 3.6399837 77
3.3971612 4.8643765 3.6231961 55
3.8850491 5.00488 3.6106119 56
5.5037079 5.3183312 3.6073055 41
6.6420627 5.5416145 3.6334569 42
6.7695332 5.5364032 3.6425793 47
6.2176895 5.62883 3.6665926 53
3.5034993 -2.5642128 3.732085 117
3.7255247 -2.5014215 3.7487533 104
3.5193577 -2.4260647 3.7321754 108
3.6660318 -2.4772911 3.7233365 108
4.2443213 -2.4496641 3.7213967 104.5
2.3483894 -2.3956127 3.700891 10
3.6760008 -2.3361728 3.7192459 112
3.7373202 -2.3613105 3.7475157 107
4.242826 -2.3231444 3.734426 110
4.3177252 -2.3167439 3.7678216 109
3.5302262 -2.2879488 3.7273555 114
3.6896205 -2.2020319 3.7214787 118
3.7512896 -2.2251916 3.7497883 106
-5.6789112 -2.1090684 3.7029588 87
2.2256444 -2.1311557 3.7007866 54
3.5483432 -2.1607931 3.7337742 114
4.2491121 -2.1780584 3.7339368 109
4.323215 -2.1716616 3.7675412 103
5.2781115 -2.1493545 3.7575197 93
-7.0500102 -2.0490153 3.7117329 40
3.5384145 -2.0128024 3.7029719 139
3.6981983 -2.0649242 3.7159786 128
3.7624025 -2.0900834 3.7478375 110
4.2539606 -2.0329814 3.7306311 114
4.3337197 -2.030565 3.7721527 109
5.2653823 -2.00243 3.7634902 90
-5.6822081 -1.9460492 3.7160704 31
3.7297935 -1.9379447 3.7180181 125
5.2803044 -1.9751859 3.7452083 89
3.572356 -1.8995509 3.7290423 111
3.7583466 -1.8187276 3.7381532 111
4.2545624 -1.8899425 3.7245283 141
4.3334966 -1.8864951 3.7648416 109
5.2710075 -1.8330643 3.754194 90.5
6.7805982 -1.8156503 3.7798822 77
6.9484406 -1.8825079 3.7132251 68
2.0645077 -1.7268323 3.7010961 92
3.5869305 -1.7754176 3.7319486 112
4.2773724 -1.7587163 3.738728 130
4.3232942 -1.7414583 3.7491314 125
7.0253348 -1.7226334 3.763191 73
3.6007912 -1.6512889 3.7341535 105
3.7700655 -1.6916115 3.7389922 115.5
4.2851834 -1.6236175 3.7396226 117
4.3495784 -1.6163157 3.7691109 111
5.2643394 -1.6775556 3.7488732 89
6.7592402 -1.6406363 3.7738397 78
-7.1329989 -1.5560207 3.7008142 63
2.0144935 -1.5760405 3.7049165 97
3.6110835 -1.5281808 3.7314355 114
3.7515352 -1.5583549 3.7262809 113
3.8077857 -1.5726643 3.7505836 119
5.2723274 -1.5294399 3.7550602 90
7.0230265 -1.539624 3.7636704 78
1.5814388 -1.436439 3.7009473 113
3.6271319 -1.40904 3.7371507 132
3.7659745 -1.4352095 3.7306104 118
3.8168366 -1.4465709 3.7493355 109
4.2865658 -1.4875722 3.7342083 117
4.3236742 -1.4693248 3.7379787 110
5.2712493 -1.4037409 3.7752483 83
6.7493019 -1.4706312 3.7746842 79
1.9504651 -1.3597215 3.7054365 102
3.7782831 -1.3130805 3.7328348 121
3.8237617 -1.3224874 3.7459781 115
4.2843614 -1.350554 3.7238755 120
4.3528209 -1.3461734 3.7607524 102
5.2851295 -1.3610147 3.7430124 87
6.739367 -1.3016261 3.7755184 91
7.0043783 -1.356797 3.7550933 72
1.9213634 -1.2528057 3.701746 101.5
3.638895 -1.2889268 3.7386584 117
3.837893 -1.2014334 3.7510562 108
4.2893581 -1.2194786 3.7219584 120
4.3598242 -1.2150908 3.7632296 106
5.279757 -1.2348197 3.7589991 83.5
-5.1861644 -1.1235818 3.7025342 93
-5.0427446 -1.1112633 3.7026167 92
1.8972636 -1.1488768 3.7015243 106
3.6485152 -1.1698252 3.7366459 118
3.7841547 -1.189998 3.7273345 123
5.2604332 -1.1126287 3.7664359 89
6.7408166 -1.1376071 3.7804122 78
7.0142155 -1.180648 3.7604048 78
1.8700844 -1.0149472 3.7017076 107
3.6610603 -1.0528548 3.7388427 116
3.7972136 -1.0708655 3.7316692 116
3.8448484 -1.0793639 3.7490966 113
4.3366637 -1.0891514 3.7474127 109
5.2936807 -1.0648603 3.7429013 87
7.0247893 -1.0064915 3.7664125 56
-5.041729 -0.96622187 3.7081208 92
1.857139 -0.94797361 3.7004426 103
3.6721554 -0.9367485 3.7410572 120
3.8328242 -0.95600492 3.7426143 126
4.3455324 -0.96053666 3.7497849 104.5
5.2660918 -0.9705655 3.7707326 89
5.3040547 -0.92172134 3.7466743 85
6.7315817 -0.97358173 3.7790704 71
3.6761036 -0.81968611 3.7348442 116
3.8371234 -0.83594006 3.7374825 115.5
4.3558354 -0.83442771 3.7528424 100.5
5.2660446 -0.83050001 3.7694168 89
6.7251773 -0.81054449 3.7776833 81
7.0168476 -0.83053547 3.7598517 74
1.9841269 -0.73291099 3.7020872 104
3.6900558 -0.70456111 3.7398624 116
3.8492966 -0.71883082 3.7414751 121.5
4.3365607 -0.7119413 3.7366645 102
5.3116317 -0.7768178 3.7490866 85
3.8805997 -0.60305262 3.7517781 122
4.3800025 -0.69977009 3.7611365 100
5.265996 -0.69043446 3.7680981 87
5.3227239 -0.63466918 3.752142 86
6.7292194 -0.65006703 3.7811301 79
7.0295229 -0.65734309 3.7623045 74
3.6983051 -0.58947301 3.7392688 118
3.8409209 -0.59939742 3.7391703 121
4.3664465 -0.58025682 3.7498517 101.5
5.2745137 -0.55236429 3.7737498 91
3.7044044 -0.4743965 3.7351568 117
3.868639 -0.48363972 3.7438455 119.5
4.3731809 -0.45415831 3.7494016 102
5.273036 -0.41229829 3.7710257 91
5.3252602 -0.49160343 3.7481997 83
6.7171178 -0.48901898 3.7755651 77
7.0151873 -0.48345122 3.7494285 73
3.7133839 -0.36030582 3.7366772 123
3.876297 -0.36703032 3.7443457 121
4.3795838 -0.32956609 3.7500105 104.5
5.3384652 -0.34843159 3.7519481 85
6.7263718 -0.32897294 3.78104 82
7.0591602 -0.31390765 3.7685833 76
-7.0882554 -0.29413223 3.7097795 99
3.7252214 -0.24719644 3.7410016 124
3.8820217 -0.24795642 3.742027 118
4.3702741 -0.21051857 3.7394528 100
5.2793989 -0.27521959 3.7731526 94
5.347404 -0.20629942 3.7514873 86
-7.0979323 -0.11722205 3.718796 118
-6.8791375 -0.19854891 3.7542944 67
-0.57812089 -0.14915277 3.7925115 10
1.9713415 -0.17956284 3.7034905 10
3.7277734 -0.13314511 3.7347941 113
3.8711247 -0.13203676 3.7347515 120
3.9044123 -0.13074194 3.744653 116
4.4024062 -0.19944629 3.7624834 98
5.282186 -0.13713977 3.7717831 87
6.7284966 -0.17191082 3.7809186 74
-6.851831 -0.018496864 3.750423 57
-5.5551562 -0.05473252 3.7464745 92
-0.35593146 -0.083436042 3.7045209 139
-0.2868939 -0.090328254 3.7008839 147
3.7374709 -0.020049505 3.7370141 117
3.8849242 -0.016899439 3.7397819 114
3.914953 -0.01465675 3.7490127 118
4.3831296 -0.08437226 3.7424135 105
4.4051466 -0.074371949 3.7593033 102
5.2871199 -6.0558523e-05 3.772505 92
5.3577428 -0.063150786 3.7510169 85
6.7313237 -0.011851529 3.7815185 80
-7.0992799 0.060804125 3.7222986 104
-5.5454679 0.09729363 3.748405 92
-5.1662555 0.02960516 3.7310464 95
-5.0210757 0.022365859 3.7391076 96
-0.82584721 0.044314742 3.7002273 150
-0.34949592 0.04308581 3.7051528 148.5
-0.27660421 0.078723356 3.7073851 150
3.7443054 0.093029797 3.7350137 121
3.8873088 0.099150509 3.733593 124
4.393889 0.038753722 3.744679 100
4.4093356 0.048702784 3.7589316 99
5.367415 0.076988317 3.7512529 87
7.0958381 0.030621335 3.7733927 62
-6.8499675 0.15752403 3.7588959 62
-5.8206964 0.11735861 3.7439611 93
-5.1728001 0.17151614 3.7428558 94
-5.0186009 0.16342865 3.7448792 95
-4.838469 0.14172475 3.70823 76
-4.7086639 0.12191111 3.724067 77
-0.50586313 0.11174192 3.7012894 150
-0.3424117 0.17060579 3.7098563 150
3.9197848 0.10239934 3.7477622 128
4.3953485 0.16480199 3.7378342 100
4.4149332 0.17278589 3.758549 100
5.2899098 0.13701929 3.7711244 88
6.7284536 0.14521816 3.7779183 74
-7.1315088 0.24141043 3.7426114 111
-5.8104315 0.27254096 3.741087 93
-5.5376935 0.24935669 3.7528341 93
-4.8269582 0.23282921 3.7075584 74
-4.7027135 0.25499967 3.7284951 77
3.7539961 0.2081233 3.7386506 105
3.8961098 0.21624726 3.7351317 116
3.9238985 0.21845429 3.7443941 132
4.4116349 0.2932339 3.7466846 102.5
5.2962613 0.27310571 3.7718213 94
5.3791771 0.21915375 3.7507691 88
7.1226573 0.20398988 3.7771444 41
-6.8431296 0.3345519 3.7640128 60
-5.166594 0.31664479 3.7450147 93
-5.0083199 0.30363658 3.7442966 90
-4.8217068 0.32388559 3.7092931 76
-4.7029343 0.38903061 3.7343364 79
3.9136086 0.3339175 3.7360425 55
5.3930421 0.36334234 3.7509801 83
6.7447829 0.30329451 3.7832804 79
7.1338506 0.37718305 3.772541 68
-5.8096223 0.42758399 3.7456653 84
-5.5354638 0.40237954 3.7597959 94
-5.1639915 0.46070912 3.7507622 94
-5.0027728 0.44375053 3.7492435 103
-4.8184609 0.41692835 3.7108381 74
-4.6994662 0.48009431 3.7318873 77
4.4183588 0.41884288 3.7455225 82
5.3004689 0.41218516 3.7718456 89
6.7490005 0.4643712 3.7824495 91
-6.8280053 0.51359129 3.7635357 3
-5.8196788 0.58447087 3.7574198 86
-5.5293584 0.55440366 3.7653487 89
-5.0064607 0.5876981 3.760272 101
-4.8325043 0.51182854 3.7247751 75
-4.7110896 0.57100534 3.7400305 79
1.9092731 0.55634922 3.7013936 91
2.0928357 0.52100253 3.7041936 92
2.1085615 0.57814205 3.7011168 92
3.7716274 0.5543341 3.7355106 65
3.9211674 0.568012 3.7289567 48.5
5.3025279 0.54927266 3.7683423 81
5.4012256 0.50647455 3.7469938 87
-5.1639037 0.60573149 3.7581673 95
-4.8355041 0.65234089 3.7253265 70.5
-4.714982 0.66299784 3.7408888 70
2.0217657 0.65753114 3.7038214 99
2.1388407 0.66631371 3.7068882 93.5
3.7756009 0.66939276 3.732121 123
3.9211962 0.68556231 3.7217307 111.5
5.3010206 0.68835336 3.7627609 50
5.4335537 0.65384609 3.7612016 81
-5.5221539 0.70742869 3.7689533 87
-5.1568465 0.74987417 3.7597704 88
-4.9878368 0.72805655 3.7541723 87
-4.848959 0.79577357 3.7298937 76
-4.7284279 0.75689656 3.7468534 78
-4.3606296 0.76694679 3.7052805 83
-1.2684913 0.79747796 3.7390461 150
3.7845495 0.78748184 3.7350607 132
4.4455881 0.79909855 3.738636 88
6.7509713 0.78257155 3.771636 88
7.1965914 0.73003906 3.7792785 26
-4.9756303 0.86929071 3.7547095 66
-4.8565874 0.89274436 3.7293882 77
-4.735024 0.84987062 3.7444377 75
-4.3848357 0.86774665 3.7213604 94
-4.0991025 0.82504398 3.7540245 78
-1.8331059 0.81789219 3.7541161 142
-1.3968121 0.83946121 3.7360134 131
-1.2699451 0.88847327 3.7403426 127
-0.86311561 0.89706784 3.729553 138
3.9429514 0.80772305 3.7387352 101
4.4435616 0.80222249 3.7587528 70
-5.8097887 0.90067643 3.761075 75
-4.8508019 0.98683268 3.715107 14
-4.7568521 0.94768959 3.7536178 64
-4.4021077 0.96861172 3.7280664 87
-4.115551 0.91889668 3.7587295 79
-3.6124785 0.95049608 3.7227659 83
-2.0439138 0.96283531 3.7471397 134
-1.8369337 0.90788025 3.7501128 130
-1.5093423 0.92695349 3.708154 105
-1.4589058 0.90701091 3.7030027 111
-1.3719835 0.94463992 3.7219937 113.5
-1.2737073 0.98142487 3.7444391 136
-0.83868498 0.95926964 3.7326031 134
3.9475937 0.928285 3.7367821 115
4.449852 0.92925382 3.7461286 103
6.7458897 0.94168305 3.7617035 40
7.2133989 0.90530789 3.7732203 41
-5.0014191 1.0208237 3.7850988 15
-4.4024987 1.0656251 3.7163017 44
-4.1329083 1.0137424 3.7623446 81
-3.6290572 1.0525739 3.7294619 61
-2.0519469 1.0627381 3.7553861 122
-1.8510073 1.0516875 3.7614257 133.5
-1.5088309 1.0290899 3.7138083 102
-1.431205 1.0221734 3.7303877 123
-1.3459772 1.0547965 3.7118409 111
-1.2789088 1.0783423 3.752434 150
-1.0251865 1.025265 3.7170584 124
-0.9449113 1.0760509 3.7156875 117
-0.83832759 1.0557456 3.7417858 135.5
-0.45707253 1.0511239 3.7334051 150
3.7746732 1.0174825 3.7107451 143
3.9544427 1.0497903 3.7369361 120.5
4.4544163 1.057348 3.7428589 102
-7.1775856 1.1559612 3.7765992 93
-4.9344139 1.1021751 3.7715724 4
-4.8029308 1.1453173 3.7657199 5
-2.0569828 1.1617492 3.7528517 121
-1.8647221 1.1975119 3.7687626 144
-1.5041689 1.1301713 3.7104533 110
-1.4303041 1.123198 3.7325919 126.5
-1.3459898 1.1567817 3.7161472 103
-1.2842207 1.1762549 3.7614272 150
-1.0197736 1.1203418 3.7127175 114
-0.93481761 1.173044 3.7105448 114
-0.83763999 1.1537603 3.7464805 135
-0.44915009 1.1946974 3.7323804 92
3.9558506 1.1738319 3.7318316 123.5
4.4745941 1.1935284 3.7543266 115
6.7842307 1.1077673 3.7774546 55
-6.8286109 1.2396721 3.7944276 64
-4.454493 1.2762424 3.7330868 16
-2.8286304 1.2971855 3.7499771 90
-2.5575633 1.2490567 3.7712293 106
-2.0656648 1.2666864 3.7570691 119
-1.8743125 1.295396 3.7712688 126
-1.4524679 1.2265821 3.7241306 116.33334
-1.3420987 1.256845 3.712326 109
-1.288263 1.2751964 3.767534 150
-1.0165944 1.2183846 3.7106612 123
-0.92732078 1.2710341 3.7086065 123
-0.83647144 1.2507915 3.7466967 130.5
0.4958688 1.2344995 3.7077978 0
6.8075914 1.273874 3.7827806 40
-7.1945868 1.3447856 3.7856095 63
-5.802845 1.3838687 3.7729287 87
-2.5719211 1.3478997 3.7722254 87
-2.0764291 1.3716085 3.7621007 111
-1.8826321 1.3943064 3.7708881 123
-1.5032488 1.3411667 3.7164495 105
-1.4325312 1.3291998 3.7392678 120
-1.3430163 1.3618126 3.7184465 116
-1.2928491 1.3761468 3.768574 150
-1.0146801 1.3173987 3.7135503 111
-0.92223793 1.3730175 3.7165799 115
-0.83724558 1.3562226 3.7618537 150
0.51363897 1.3571517 3.7148275 9.5
0.74331927 1.3539399 3.7063015 111
-5.4877625 1.4905518 3.7916927 84
-5.1380854 1.4962752 3.7905457 63
-1.5012492 1.4471909 3.7185266 104
-1.4337319 1.4356928 3.7444673 124
-1.3413234 1.4678258 3.7213917 111
-1.2977529 1.4790828 3.7726066 150
-1.0119305 1.4184281 3.7146401 115
-0.91552788 1.476005 3.7186933 125
-0.81464309 1.4184573 3.7655079 150
0.53274447 1.4838138 3.7236288 26
0.76382977 1.4399233 3.7120523 108
1.3794891 1.4572077 3.719871 101.5
6.8444562 1.4459757 3.7957656 70
7.3259392 1.4548426 3.7786329 39
-7.2010498 1.5357521 3.7888391 63
-5.802999 1.5498989 3.778085 88
-1.4554367 1.546229 3.7359712 116.66666
-1.3212445 1.5789332 3.7484226 129.5
-1.0118046 1.5224105 3.7211528 128
-0.90586001 1.5769976 3.7144613 117
-0.83713144 1.5117311 3.7693079 150
0.54719013 1.566946 3.7243946 44
0.78656691 1.5299118 3.7177675 105
1.4244028 1.5802522 3.7243717 94
-5.4816542 1.651576 3.7972419 85
-5.1205487 1.6465894 3.7863803 89
-5.0141153 1.6157961 3.7399647 23
-4.9412069 1.6345785 3.7776089 82.5
-1.5004849 1.6681851 3.7245569 101
-1.4416128 1.6392778 3.7162254 97
-1.3387476 1.6860011 3.7246013 116
-1.0081922 1.6264501 3.722682 114
-0.8368445 1.6177455 3.7725084 142
0.56202602 1.6500875 3.7220223 63
1.4565265 1.6652571 3.7313673 95
6.8599339 1.6141118 3.7934217 74
7.356401 1.6417077 3.7731633 64
-7.2133741 1.7286383 3.7959342 64
-5.8090267 1.718845 3.7871103 92
-5.107491 1.7988249 3.786365 91
-5.0677104 1.7344207 3.7561495 71
-4.9657879 1.7698791 3.7885113 88
-1.4720607 1.7676948 3.7272534 84.5
-1.3371476 1.7960199 3.7253218 99
-1.0033292 1.7305185 3.7192688 118
-0.85790557 1.7130851 3.7683036 89
0.5778693 1.7392225 3.7290344 91
0.83512664 1.7054045 3.7136993 103
1.2213453 1.7923099 3.7250459 98
1.4912494 1.7512935 3.7351742 95
1.8596287 1.7737216 3.7205951 81
6.859026 1.7802635 3.780654 69
-5.8099318 1.8891327 3.7937467 69
-5.1153569 1.8521035 3.7628627 71
-5.0271616 1.8955048 3.7840304 69
-4.5547485 1.8096554 3.7011235 60
-1.0032943 1.8415002 3.7258005 22
0.59450275 1.8273755 3.7297685 114
0.87660688 1.8508546 3.7312961 106.5
1.245761 1.8725088 3.7260718 99
1.5225641 1.8304095 3.7273853 90
1.889098 1.8459375 3.7206378 96
7.4041829 1.8343453 3.7753735 77
-5.1339569 1.9643337 3.7816739 81.5
-4.9240203 1.9052907 3.7901247 95
-4.6530232 1.9539183 3.753401 80
-3.8235612 1.9372895 3.7564766 83
-0.8145867 1.9605118 3.7812922 150
0.61243773 1.9145453 3.7277944 113
0.9195506 1.9933753 3.7363153 104
1.2715577 1.9567124 3.7311051 100
1.5605309 1.9204173 3.7360637 98
1.921234 1.9181728 3.7197373 107
-5.207715 2.0915077 3.766536 70
-5.0758476 2.0140965 3.7886479 71
-4.9136887 2.05948 3.7954135 94
-4.6981974 2.0776267 3.7564976 75
-3.8696299 2.0659714 3.7697983 97
0.64095479 2.0533035 3.73175 109.5
0.95061612 2.0894141 3.7360258 117
1.2967545 2.0369284 3.7258551 109
1.5997154 2.0094664 3.7397842 97
1.6387337 2.0965669 3.7367852 97
3.8345494 2.0328875 3.7344708 105
3.9920244 2.0822577 3.7350297 109
4.0113735 2.0914443 3.7387733 103
-7.2227831 2.1196234 3.7988219 99
-5.1209764 2.1337295 3.7875845 70
-5.0890522 2.1141577 3.7949378 94
-3.9030018 2.1887932 3.7662261 92
-2.9822934 2.1034045 3.7798531 82
0.67164737 2.1940858 3.733433 114
0.9836005 2.1904283 3.7410827 101
1.325233 2.1241515 3.7321861 106
1.6818449 2.1876547 3.7368453 102
3.8362274 2.1679296 3.7304232 107
-5.2642808 2.2181337 3.7714005 71
-5.1815643 2.260936 3.7949154 73
-4.8972526 2.2147832 3.795459 92
-4.7408991 2.2013628 3.7548127 76
-3.0178895 2.2341537 3.7906229 88
1.0173748 2.2904661 3.7420888 98
1.3686755 2.2545085 3.7320523 104
1.7254314 2.2807341 3.7382517 66
2.0679271 2.2287011 3.7302754 70
4.0129414 2.2289524 3.7430634 112
4.4928732 2.2901044 3.7419872 83
-5.3237624 2.3487425 3.774987 70
-5.2390761 2.3884625 3.7966852 66
-4.8017359 2.3349638 3.7634649 73
-3.9493184 2.3205087 3.771507 85
-3.0473812 2.3630137 3.7898984 88
1.4161572 2.3898928 3.7349851 95
2.1283941 2.349128 3.7309685 48.5
3.8436041 2.3060045 3.7348194 110
4.0191879 2.371027 3.7443156 112.5
4.5881042 2.3327878 3.7460208 80
-5.378571 2.4773953 3.7719898 66
-4.8579164 2.4686103 3.7655375 69
-3.9999323 2.4581902 3.7794216 81
-3.0800717 2.4978471 3.7909317 88
3.8551748 2.454107 3.7434404 114
4.5068269 2.4432189 3.7486455 108
4.6098223 2.4930222 3.752511 99
5.4356008 2.4810157 3.7701485 87
-4.0466022 2.5949349 3.7776666 81
4.0229106 2.5160863 3.7424109 110
4.51791 2.5993242 3.7525048 99
5.7010245 2.5573192 3.7647376 89
-5.4350104 2.610045 3.7648246 75
-5.3498998 2.6485751 3.7875826 68
-4.9169135 2.6062462 3.7653439 68
-4.8419542 2.6887932 3.7939799 101
-3.1225064 2.6415854 3.7991614 83
3.859633 2.6001632 3.7450438 108
4.031126 2.6654606 3.7454457 109.5
4.6215997 2.6491733 3.7491758 90
5.4502835 2.6461446 3.7708859 88
-5.5307288 2.7629464 3.7840748 60
-4.9515305 2.7310884 3.7423515 79
-4.0985608 2.7366409 3.7784457 80
3.8640654 2.7492194 3.7466519 111
4.5176139 2.7523885 3.7465496 93
5.7370729 2.7397666 3.7676854 84
-5.055593 2.8993826 3.7700574 65
-4.1456752 2.8774102 3.7706461 87
4.0369086 2.8205323 3.7456646 110
4.6439228 2.8184159 3.7549715 91
5.4634976 2.8162816 3.7688324 87
-1.3339407 2.9260199 3.742244 13
3.865602 2.9022586 3.7440462 112
4.0622559 2.9880233 3.7469566 23
4.5222712 2.9094729 3.744096 89
4.6655102 2.9886553 3.7586546 89
5.4774041 2.9904182 3.7674968 74
5.7758594 2.9308703 3.7713947 90
-5.1275139 3.0509489 3.7676647 83
-4.2221761 3.0429268 3.7852731 77
-1.4218525 3.0176041 3.7390938 24
-1.3310846 3.0660765 3.7372115 65
0.51703537 3.0538332 3.7603164 81
4.5417995 3.0816102 3.7549903 20
0.18456805 3.1755798 3.7605793 92
0.55385447 3.1861887 3.7621989 63
0.91638196 3.1703258 3.758733 61
4.6884599 3.1649063 3.7637525 11
5.5040727 3.1745746 3.7745681 92
5.8124714 3.122333 3.7736604 79
-4.3016953 3.2144291 3.7996442 92
-1.499658 3.2161791 3.7436111 51
-1.3388734 3.2279232 3.7539032 73
-0.1672225 3.252218 3.7667062 88
0.95055139 3.2916467 3.7569683 28
-1.5064511 3.3790524 3.7531824 73
-1.3361177 3.3779728 3.7511375 69
-0.43972343 3.3028288 3.755048 92
-0.14032602 3.3852394 3.758601 47
0.20816256 3.3018374 3.7527761 91
0.59167635 3.3202178 3.7638516 48
5.5172191 3.3547187 3.771143 13
5.8447323 3.3187587 3.7703173 81
-0.42880207 3.4569316 3.7659137 100
0.23226665 3.4400811 3.7552726 80
-1.5067027 3.5420549 3.7536893 73
-1.3166053 3.5003552 3.7139959 71
-0.11464553 3.527251 3.7554679 60
0.25728062 3.5893209 3.7649288 58
2.473429 3.5998108 3.7867293 1
2.8291867 3.547965 3.7582786 16
5.8719893 3.5151403 3.7606528 5
-0.41445881 3.6061003 3.7650778 85
-0.087347023 3.6862457 3.7630582 42
0.030296674 3.6914721 3.7993362 45
2.9026704 3.6604733 3.7584956 29
3.4778125 3.6520755 3.7790885 31
3.8456364 3.6747341 3.7703238 24
-1.613205 3.745929 3.7724299 78
-1.5167859 3.7228594 3.7696381 68
-0.38969243 3.7234738 3.726861 93
0.28395647 3.7405896 3.7687445 2
2.5567789 3.7299817 3.7905765 13
2.9801402 3.7750106 3.7573028 45
3.575192 3.7594748 3.7718899 35
3.9329853 3.7703059 3.7605033 56
4.5525422 3.7802529 3.7719505 18
-1.5047413 3.8731229 3.7470703 85
-0.050968565 3.8053303 3.7251444 0
2.0116491 3.8196745 3.7636101 2
2.6412435 3.8552299 3.7849643 21
3.0620747 3.8965743 3.7582784 57
3.6844006 3.8808203 3.7748201 44
4.0370369 3.8839235 3.764297 64
4.4935746 3.8692141 3.7681494 44
4.6605911 3.8758576 3.7653871 42
-0.38594121 3.936413 3.7746596 49
2.0763345 3.9541988 3.7653377 16
2.7307494 3.9894469 3.7851124 42
3.8798425 3.9085169 3.7426465 90
4.027873 3.9873557 3.7359207 84
4.1401234 3.9935539 3.7631736 53
4.5828629 3.979373 3.7564099 86
4.6179008 3.9787438 3.7693901 44
4.7902908 3.963093 3.7793055 37.5
2.1418333 4.0897374 3.7630274 32
3.1516318 4.0281796 3.7640545 67
3.797116 4.0032029 3.774991 41
4.1157403 4.05164 3.7539988 87
4.7462149 4.0893021 3.7692072 43
4.9095707 4.0921159 3.7691815 43
-0.36961955 4.1076064 3.7738354 20
1.8059003 4.1725435 3.7780108 43
2.8283262 4.1316733 3.7869096 56
3.2397277 4.1547918 3.7613492 72
3.8881671 4.1045976 3.7499511 85
3.9124403 4.1246247 3.7719593 45
4.0265222 4.1743765 3.7320085 86
4.2489858 4.1082196 3.7615108 56
4.5802126 4.1664338 3.7470293 87
4.8062844 4.1388674 3.7787256 88
2.211339 4.234303 3.7637894 65
2.9294565 4.2779136 3.7882032 65
3.3391192 4.2953973 3.7674332 69
3.8815935 4.2905822 3.7410955 65
4.0404439 4.2600117 3.7772465 42
4.1251321 4.2517505 3.7542663 86
4.3713498 4.2369308 3.7685881 45
4.8848705 4.20787 3.7728844 42
5.0531554 4.2147884 3.7786024 33
0.92420113 4.3666449 3.7413237 13
1.2590477 4.3014874 3.7776189 5
1.8877089 4.3466158 3.7920597 62
2.2856746 4.3829131 3.7613401 77
4.0293746 4.3734164 3.7337403 88
4.4922347 4.3616652 3.7671804 45
4.5959344 4.3775616 3.7531128 89
4.8266864 4.350111 3.7747154 87
5.039752 4.3394384 3.7843554 35
5.1898813 4.3304863 3.7791746 35
5.6256795 4.3675642 3.7717962 71
1.3124956 4.4579964 3.7719858 31
3.0257039 4.4082828 3.7716045 75
3.4360955 4.4320579 3.7645941 66
3.8813455 4.488606 3.7399859 87
4.1534996 4.4271264 3.7676473 64.5
4.6252637 4.4974437 3.772738 45
5.1863394 4.4590831 3.7829418 35
5.3242135 4.4402294 3.7708118 35
6.0916333 4.4368443 3.7850366 63
1.9723724 4.5167542 3.7952781 83
2.0305481 4.5956278 3.7207899 82
2.3685606 4.5515738 3.7708445 75
3.1531153 4.5884609 3.7899487 63
3.5266216 4.5527067 3.7452929 71
4.0272179 4.5734334 3.7291496 88
4.607358 4.5916762 3.7549939 84
4.8512511 4.5723896 3.774935 84
5.349143 4.5937281 3.7893403 36
5.4932981 4.5809975 3.7847376 36
5.6520677 4.5917578 3.7719798 68
2.4435961 4.6952119 3.7554035 98
3.8767676 4.6916041 3.7332611 93
6.1318078 4.676383 3.7760739 60
3.2688396 4.7467833 3.7860537 52
3.6490061 4.718976 3.7579327 58
4.0207739 4.7764254 3.7217691 94
4.8937192 4.7640767 3.7672386 47
5.5122838 4.7254205 3.7903378 36
5.6487155 4.7067995 3.7831962 37
3.3641303 4.8633218 3.747905 61
3.7809405 4.8978343 3.7742233 64
4.8799787 4.8057046 3.7793844 82
5.6794586 4.8410606 3.7798357 51
5.8220944 4.8456469 3.788074 34
3.8751502 4.9615941 3.7358952 82
5.0521693 4.9199939 3.775069 38
5.8404317 4.9799676 3.7743261 38
5.9899507 4.9765277 3.7836227 36
6.2127118 4.9563527 3.7909105 52
4.8979979 5.0379353 3.7704849 78
5.2163587 5.0799546 3.7801206 39
5.7117772 5.0721655 3.7752583 68
3.8561289 5.106524 3.7086029 89
6.0516362 5.1457286 3.7906291 39
6.1811604 5.1264639 3.7882009 30
6.2393131 5.1977639 3.7686315 103
4.9307051 5.2952948 3.7735336 103
5.0255961 5.2090006 3.7092347 38
5.3795395 5.2359357 3.7780197 41
6.3884821 5.2884569 3.7960992 34
5.4709373 5.3107204 3.7157099 42
5.7465019 5.3303871 3.7783492 52
6.2604232 5.3065557 3.7979999 32
6.468123 5.4624591 3.7959607 41
5.6975656 5.5105047 3.7196391 80
6.3396268 5.5159488 3.7918823 54
6.5840187 5.529501 3.7330728 36
6.754993 5.5575156 3.7642391 51
-4.2091794 1.2199502 3.8027723 15
-6.8295269 1.4266917 3.8023658 62
-6.8173485 1.6102797 3.8014452 58
-4.336503 1.7381828 3.8018839 56
-6.8307199 1.8022934 3.814188 60
-5.4763746 1.8145999 3.8033502 87
-4.3675466 1.8479049 3.8001935 81
-7.2246284 1.9255426 3.8011019 64
-6.8280516 1.9943277 3.8185158 60
-5.4586596 1.9776286 3.8010685 87
-4.4125614 1.9644709 3.8072164 84
-3.5343413 1.9511254 3.8095078 78
-5.8104434 2.0601552 3.8003056 75
-4.451828 2.0811088 3.8067582 83
-3.564472 2.0648208 3.8069673 88
-5.4497929 2.1426542 3.80355 86
-3.6023216 2.1854157 3.8107357 94
-2.7365294 2.1249065 3.8185263 73
-5.8084903 2.2342134 3.8052173 89
-5.0816913 2.2752914 3.8010314 92
-4.5072694 2.2065659 3.8168147 83
-2.7585025 2.2394605 3.8108726 94
-2.0069289 2.299686 3.8089623 97
-7.2446904 2.3243854 3.8097935 64
-5.4420257 2.3116786 3.8079793 85
-4.886982 2.3729715 3.8007615 91
-4.5491748 2.3271863 3.812093 81
-3.6544955 2.3178244 3.8262181 100
-2.7943194 2.3700111 3.8219707 89
-5.8046355 2.4123027 3.8076503 92
-5.4436483 2.4896998 3.8199501 91
-5.069891 2.4375031 3.8029833 92
-4.600791 2.4556992 3.8134859 82
-3.6974094 2.4463646 3.8295226 96
-2.8237612 2.4966769 3.8196042 93
-2.2267275 2.4477353 3.8057644 133
-2.0320947 2.4333284 3.8221695 132
-5.7985592 2.590421 3.809814 90
-5.304996 2.5229113 3.8016756 69
-4.8709197 2.5342648 3.802213 93
-4.6694913 2.5940237 3.8243041 77
-3.7419503 2.5768967 3.8286569 97
-2.2539148 2.5885739 3.813653 113
-2.0479562 2.5581644 3.8131301 72
-1.4966407 2.5267031 3.8109188 119
-1.3720394 2.5384498 3.8174703 130
-5.4182005 2.6557314 3.811244 90
-5.055078 2.6027617 3.8041241 97
-2.8600566 2.6322379 3.8246465 96
-1.5091711 2.6646745 3.8130662 118
-1.3784841 2.6624267 3.80336 105
-5.7978311 2.7734592 3.8166852 79
-5.0355048 2.7657528 3.8019953 95
-4.7203641 2.7255602 3.8177392 85
-3.801019 2.7202356 3.8414984 99
-3.1703217 2.7922742 3.810962 77
-2.8984039 2.7727747 3.8295088 94
-5.4386349 2.8247423 3.8188033 68
-4.8394341 2.8618317 3.807904 96
-4.7961292 2.873817 3.8279009 80
-3.8473268 2.856756 3.8374667 88
-1.5268086 2.8175256 3.8269389 104
-1.3962462 2.8201113 3.8285007 131
-0.84841537 2.8791585 3.8290248 139
7.0537 2.8932197 3.8028817 67
-5.5230789 2.949101 3.8066931 84
-5.0325928 2.9448032 3.8145103 88
-3.2143207 2.9450433 3.8140986 93
-2.9431944 2.9202228 3.8377929 94
-1.5427283 2.9694531 3.8329237 111
-1.4102626 2.9699054 3.8368864 129
-4.8835292 3.0329492 3.8429942 84
-3.9043837 3.004143 3.8394637 87
-3.2611287 3.0998168 3.8149824 101
-2.9889579 3.073662 3.8450007 112
-0.84979671 3.0271459 3.8293386 124
-0.033291943 3.0611832 3.8228986 99
0.043215863 3.0592175 3.8084238 64
7.0902958 3.0944121 3.8047662 68
-3.9734964 3.164376 3.8503835 90
-1.556565 3.1184933 3.8270185 120
-1.4231089 3.1187561 3.8333244 114
-0.88092178 3.1859117 3.8404343 128
-3.3200786 3.271457 3.8269184 90
-3.0424268 3.2399926 3.8575404 102
-1.5756046 3.284404 3.8338525 103
-1.4393059 3.2815201 3.8415594 122
-0.11524829 3.2368495 3.8345938 109
-0.018390173 3.2152362 3.8226848 84
0.063713498 3.2372167 3.8365822 94
-0.88520533 3.3568602 3.8513517 118
-0.00064229366 3.3952162 3.8468955 89
-3.35467 3.4204531 3.8047993 96
-3.0942259 3.4063621 3.863209 112
-1.5983895 3.4632342 3.8484993 97
-1.4536408 3.4443409 3.8409319 146
-0.1002258 3.4078627 3.8460183 113
0.082972847 3.4032457 3.8445349 91
-0.085875712 3.5587056 3.8284042 100
0.016784852 3.5672567 3.8519762 89
0.10239966 3.576278 3.8505044 92
-1.619011 3.6421862 3.8502874 101
-1.4841087 3.7810035 3.8254881 56
-0.070635401 3.7297256 3.8257995 81
0.11879873 3.713376 3.8109794 60
-0.051134638 3.9457314 3.8547075 29
0.0542133 3.9313624 3.8553953 28
0.14574105 3.9433553 3.8568394 28
-0.30932111 4.0366249 3.8346972 19
1.7440434 4.0592413 3.813431 10
0.072206341 4.1104598 3.8424726 6
0.16883524 4.1354027 3.8551228 5
5.6396818 4.1834245 3.800405 35
4.9582143 5.1719189 3.8008857 56
6.6015501 5.4524961 3.8012073 36
