# .PCD v0.7 - Point Cloud Data file format
VERSION 0.7
FIELDS x y z intensity
SIZE 4 4 4 4
TYPE F F F F
COUNT 1 1 1 1
WIDTH 7258
HEIGHT 1
VIEWPOINT 0 0 0 1 0 0 0
POINTS 7258
DATA ascii
0.11635826 1.1770352 -2.6150799 0
0.07576856 1.2310593 -2.6060052 0
0.16611448 1.15904 -2.5925519 0
0.11678167 1.2715166 -2.5685747 1.5
-0.57162279 0.9985584 -2.0400307 2
-0.55331349 1.0457083 -2.0204859 4
-0.76912254 1.0735652 -1.9732271 0
-0.77017021 1.1352966 -1.8039297 2
-0.94010729 1.1470842 -1.7239383 2.5
-0.95939863 1.1580606 -1.6570636 0
-1.0806229 1.1584704 -1.5772269 3
-7.0834928 -10.225484 -0.91507554 2
-9.9710283 -8.5341177 -0.80672026 5
-9.9783258 -8.5717773 -0.77167267 4
-9.9642715 -8.5132618 -0.63241988 4
-5.0097198 -7.6003933 -0.64779586 0
-6.1238413 -6.4552865 -0.68725955 0
2.2855139 1.1670409 -0.65647906 15.5
-6.2332859 -8.9565334 -0.59673864 13
-9.9559584 -8.5588617 -0.59604734 8
-0.11927303 -6.4458108 -0.51258528 57
-6.0071759 -6.3382311 -0.53923434 11
-1.8504487 -5.3545256 -0.56294578 3
1.9616503 0.94805115 -0.50145489 152.5
2.0069911 0.98391175 -0.50292003 154
2.0348973 1.0336022 -0.50139064 150
1.4844091 1.685376 -0.52101594 3
1.5695597 1.8327645 -0.52206749 8.333333
1.6302079 1.8384098 -0.52199048 23
-6.0929732 -9.2776098 -0.42403218 72
-6.3286858 -9.1058121 -0.41486868 75
-9.9064398 -8.5199528 -0.41999334 37
-9.9557991 -8.4871902 -0.45690674 25
-4.0871668 -7.7510686 -0.47484845 0
-4.9874268 -7.5384307 -0.48409206 1
-0.2011331 -6.5507722 -0.41630438 7
-6.0169725 -6.3555746 -0.40865582 8
-1.8512694 -5.3647809 -0.44662899 30
-1.5851191 -5.1542802 -0.43314415 2
1.5812432 -4.2597175 -0.4098314 3
-0.50198859 -4.1436114 -0.47411555 0
-0.22669947 -3.9776103 -0.48201144 0
-0.38365513 -3.8348327 -0.4657777 0
3.4473693 -3.8238151 -0.40259346 83
-1.3715411 -3.7038391 -0.4396618 0
-1.977307 -3.6608083 -0.42908642 0
1.4940057 -3.6833117 -0.42171004 5
-0.83673269 -3.5513031 -0.45061475 1
-0.70966041 -3.5577922 -0.44652086 0
-0.46907097 -3.5076373 -0.46462762 1
-0.18040392 -3.5084696 -0.47171295 1
0.4444592 -3.5329022 -0.4105733 85.5
1.5126796 -3.5979095 -0.42605317 2
-0.13513944 -3.4576411 -0.47310132 1
0.59665823 -3.4555876 -0.40985155 27
0.61025912 -3.4560003 -0.41664281 37
-1.693653 -3.3996227 -0.42339075 0
-0.23344716 -3.3936305 -0.47357392 1
0.45215067 -3.3307698 -0.43118095 7.3333335
0.97593737 -3.3464947 -0.42859918 6.5
4.5236158 -3.3203645 -0.42493144 18
-2.4343836 -3.2148168 -0.42657176 0
-2.2719295 -3.2161782 -0.4237071 0
-0.36331123 -3.2844222 -0.45903391 1
0.13440064 -3.2554133 -0.42704234 0
0.45464876 -3.2477403 -0.41979855 8
0.51834095 -3.2503266 -0.46335736 8
0.62880707 -3.2569418 -0.42814285 7.5
4.5547261 -3.2673838 -0.49238682 1
-1.7419162 -3.1456754 -0.42248791 0
-1.4145427 -3.1835968 -0.4022229 1
-1.2234236 -3.1895399 -0.43552893 1
-1.0630039 -3.1446612 -0.43097347 1
0.64861369 -3.1219227 -0.42137519 4
1.4055175 -3.1569495 -0.41701001 5
-0.76518238 -3.0802505 -0.4463262 4
-0.64751303 -3.0868433 -0.44329923 3
-0.44540745 -3.0529354 -0.45969993 2
-0.17075282 -3.0122323 -0.46387213 2
0.63120663 -3.0320067 -0.41262284 4
1.4237639 -3.0927868 -0.42169896 4
-1.5122848 -2.9727662 -0.42267838 1
-1.264346 -2.938833 -0.40268171 3
-0.23901191 -2.9317827 -0.46367043 3
0.15151502 -2.9410567 -0.42538369 1
-0.34804475 -2.8581138 -0.45094049 3
0.12481987 -2.8668542 -0.42589197 3
0.49489194 -2.8222487 -0.40640366 3
0.57593793 -2.8600919 -0.43246701 6
0.95378572 -2.853229 -0.41354638 5
-2.1472163 -2.7773147 -0.41509411 0
-2.0109608 -2.7970455 -0.41601261 0
-1.5731953 -2.7725565 -0.42128614 4
-1.1224482 -2.7581961 -0.41614005 4
-0.96364194 -2.7604048 -0.4276017 3
-0.70749778 -2.7006032 -0.43963203 4
-0.59920198 -2.7101064 -0.43843639 4
0.47143832 -2.7541444 -0.4206644 4.6666665
1.3513702 -2.7466061 -0.41866389 5
2.8172705 -2.7820458 -0.40739366 2
-1.3646361 -2.6212602 -0.4180494 3
-0.42473382 -2.660336 -0.44926357 4
-0.18219194 -2.6293981 -0.45340344 3.5
0.1563606 -2.65519 -0.42373955 4
0.55839711 -2.609308 -0.43007284 5
0.66465533 -2.6606376 -0.40602916 4
2.3791339 -2.6037283 -0.43959785 4
2.4658263 -2.6803741 -0.44678253 4
-0.33694214 -2.5298882 -0.44538844 4
-0.23762777 -2.5588868 -0.43717349 4
0.45274353 -2.5351992 -0.42845029 4.5
0.53517181 -2.5077736 -0.40551716 3
0.94507623 -2.5408006 -0.41441798 5
-2.5378363 -2.4704623 -0.410907 0
-1.9418212 -2.4645176 -0.41016856 3
-1.8236426 -2.4975078 -0.41602921 3
-1.4338948 -2.4643354 -0.41790003 4
-1.0215715 -2.4866877 -0.42788959 4
-0.88624686 -2.4594276 -0.42530015 4
-0.66493022 -2.4173818 -0.4376899 4
-0.56146353 -2.4205794 -0.43464676 4
0.17051512 -2.4409969 -0.42130291 4
0.5332303 -2.4656644 -0.40586033 3
0.69156283 -2.4095204 -0.41051584 4
1.2945899 -2.4719985 -0.41570762 5
1.313421 -2.4382827 -0.42212337 4
1.7626092 -2.4778209 -0.41591129 52
2.3212273 -2.4034297 -0.44681412 4
2.5252836 -2.4937243 -0.40164044 1
-1.2575876 -2.3661635 -0.42018831 4
-0.41073263 -2.3809202 -0.44589537 4
-0.20381051 -2.3587284 -0.44829577 4
-0.1849023 -2.3312316 -0.4316842 4.5
0.44770697 -2.3387506 -0.42736024 4
0.54329133 -2.3944948 -0.42659393 4
0.67897046 -2.3762007 -0.4063836 4
1.5606207 -2.3776617 -0.4077504 6
1.6294068 -2.3380232 -0.40789321 6
1.7667745 -2.398217 -0.43996051 5
2.2426779 -2.3388712 -0.4391143 5
2.8964915 -2.3475676 -0.46037143 0
-2.8448904 -2.243926 -0.4020884 1
-1.7990047 -2.2427862 -0.41402027 4
-1.6750326 -2.2582901 -0.41554973 4
-1.3339185 -2.2392993 -0.41929007 4
-1.2866323 -2.202363 -0.40122586 5
-0.95250994 -2.2424607 -0.42583838 5
-0.82424414 -2.216646 -0.42244396 5
-0.32701832 -2.2556901 -0.43902811 5
-0.24599749 -2.2898104 -0.44596756 5
0.1841782 -2.2632957 -0.42053998 4.5
0.55429035 -2.2347562 -0.41215611 3.6666667
0.93728721 -2.2788703 -0.41244262 5
1.2661712 -2.2180772 -0.42059505 6
1.6828035 -2.2418869 -0.43430677 8
2.3127546 -2.2901309 -0.4024339 3
-2.7568984 -2.1811903 -0.40696695 3
-1.1691939 -2.1552591 -0.42204547 4
-0.62692684 -2.1663017 -0.43126774 6
-0.52953732 -2.1690929 -0.42841718 5
-0.39666671 -2.1255217 -0.43659669 7
-0.20906973 -2.1137915 -0.44021848 7
-0.15815404 -2.1704443 -0.41584212 5
0.19531572 -2.1141539 -0.42057201 5
0.20028698 -2.1180511 -0.42208964 5
0.4399941 -2.1593423 -0.42432436 7.5
0.69603622 -2.1469138 -0.40552902 5
0.70734233 -2.1803689 -0.41067511 5
1.4256991 -2.1442459 -0.40175539 5
1.6821834 -2.1504397 -0.43469042 6
2.1429319 -2.133379 -0.42450172 4
2.2003863 -2.1704772 -0.44571245 5
2.4222131 -2.1338525 -0.43784133 26
-2.6443245 -2.0626011 -0.4041982 4
-1.6793001 -2.0568223 -0.41599461 4
-1.5572824 -2.0681174 -0.41208681 4
-1.2434841 -2.0375576 -0.4185982 6
-1.1956251 -2.0991595 -0.40739599 3
-0.8957743 -2.0438244 -0.42503536 5
-0.77268946 -2.0149965 -0.42057696 6
-0.3197625 -2.0445447 -0.4360218 11
-0.22474195 -2.0762377 -0.42816037 5
-0.15649883 -2.0616243 -0.4288137 5.5
0.44557622 -2.0327518 -0.42379346 7
0.56806821 -2.049578 -0.41281375 4.6666665
0.93044716 -2.0619302 -0.41142386 7
1.2340438 -2.0185266 -0.42084092 8
1.6065621 -2.0164773 -0.42762196 9
1.969142 -2.0304022 -0.40679798 5
2.3698497 -2.0156839 -0.4602403 5
-1.4508998 -1.9345348 -0.41148579 4.5
-1.0890139 -1.9634433 -0.41964278 6
-0.60026693 -1.9905323 -0.43319139 8
-0.50426346 -1.9777082 -0.42788994 9
-0.38850296 -1.9562701 -0.43920746 8
-0.23164062 -1.9183284 -0.44208771 9
-0.15227409 -1.933719 -0.42499653 7.6666665
0.20728946 -1.9724729 -0.41933411 7
0.43642437 -1.950374 -0.42363465 7
0.51727831 -1.9288048 -0.42519107 8
0.71545899 -1.9729595 -0.40814748 7
0.93563986 -1.9115056 -0.41858479 7
1.6172935 -1.9546089 -0.43359545 6
1.9873279 -1.9757001 -0.40593126 4
2.043129 -1.9454626 -0.44211334 6
2.1049926 -1.9805161 -0.44710237 4
2.6696923 -1.9194545 -0.41880935 5
-1.5686115 -1.8849728 -0.41483065 5
-1.3442875 -1.871317 -0.40211812 5
-1.172696 -1.8794097 -0.41979989 8
-1.0261935 -1.810802 -0.42084959 7
-0.84913725 -1.8764772 -0.42525005 8
-0.73227781 -1.8574868 -0.42277685 7
-0.57487822 -1.8208089 -0.4302333 8
-0.47941417 -1.8218113 -0.41827014 6
-0.34689131 -1.8387239 -0.43752226 8.5
-0.13482296 -1.8761561 -0.41840544 8
-0.076979302 -1.8007668 -0.41853321 7
0.21903151 -1.8598063 -0.42097324 7.5
0.42105168 -1.8550944 -0.42101821 9
0.6129694 -1.877713 -0.40804979 4.5
0.72711909 -1.812804 -0.40882468 8.5
0.91925085 -1.883393 -0.41146904 8
1.2089747 -1.8548031 -0.42315444 10
1.5509814 -1.8446317 -0.42734736 10
1.8495021 -1.877053 -0.40861738 5
2.0186088 -1.8125515 -0.44650513 2
2.49751 -1.8152624 -0.41943732 5
2.5837369 -1.844736 -0.42511228 4
-1.9036697 -1.7483946 -0.41066945 4
-1.7707995 -1.7170343 -0.41333351 5
-1.478772 -1.7440082 -0.41454107 6
-1.3580189 -1.7426955 -0.41478398 8
-1.2593364 -1.796095 -0.40279871 6
-1.1451994 -1.7301817 -0.41185969 6.5
-0.80983555 -1.735343 -0.4252162 8
-0.69864094 -1.7230633 -0.42460802 8
-0.55751318 -1.7012999 -0.43522134 8
-0.43420243 -1.7433224 -0.41362336 8
-0.30769509 -1.7373085 -0.43744761 8
-0.23310785 -1.7708311 -0.44280675 9
-0.15138829 -1.7742445 -0.43000507 9
-0.066936605 -1.7059964 -0.42157665 7.5
0.22835879 -1.7526782 -0.42094052 8
0.43873319 -1.748826 -0.42480049 9
0.50753462 -1.7524208 -0.4243871 9
0.63176489 -1.7349732 -0.40939847 8
0.92497921 -1.7539642 -0.41798213 10
1.178311 -1.7203037 -0.42042121 10
1.2910892 -1.7942224 -0.40016982 8
1.5372329 -1.7491181 -0.43152064 10
1.7233673 -1.7446401 -0.40521663 6
1.9637742 -1.7882898 -0.44287848 7
2.2142243 -1.7841624 -0.44276422 0
2.338166 -1.7148598 -0.41745347 4
2.4018736 -1.7252356 -0.41954151 4
3.594207 -1.7264737 -0.46350449 0
3.7131824 -1.7483273 -0.43136829 3
-1.7918395 -1.619504 -0.40755954 6
-1.6283182 -1.6889111 -0.40425605 3
-1.4022279 -1.623482 -0.41548112 7
-1.2883574 -1.6271216 -0.4184722 8
-1.1068887 -1.653674 -0.40322578 6
-1.0551233 -1.6118475 -0.41847503 9
-0.96760613 -1.6682078 -0.41843286 8
-0.77168345 -1.6012511 -0.42129889 8
-0.66876483 -1.6066874 -0.42680085 1
-0.46770817 -1.6981523 -0.43325374 8
-0.35778657 -1.6448442 -0.43002331 5.6666665
-0.25270635 -1.6348087 -0.44626433 2
-0.044465642 -1.6321062 -0.41478217 7.3333335
0.23790976 -1.6615421 -0.4227224 9.5
0.43652707 -1.6338465 -0.4265703 10
0.50376016 -1.607957 -0.42612004 10
0.64833891 -1.6204411 -0.41119865 8
0.73795974 -1.6826601 -0.41173488 9
0.92113173 -1.6195004 -0.41666326 11.5
1.1778564 -1.6512183 -0.42509156 9.5
1.5256389 -1.6628474 -0.43703222 10
1.6243916 -1.6446443 -0.40621936 7.5
1.8856386 -1.639098 -0.43876559 6
2.2331362 -1.6343546 -0.41887614 4.5
3.5175853 -1.6306663 -0.47781098 1
3.6215773 -1.6273907 -0.46038336 7
-1.7028774 -1.5164096 -0.40852794 5
-1.6681129 -1.5954405 -0.41314688 6
-1.3232814 -1.5008814 -0.41018289 7
-1.2191157 -1.5135583 -0.41718268 8
-1.0407583 -1.5925015 -0.40325791 8
-0.95376325 -1.5530396 -0.41339552 8
-0.53757083 -1.5647399 -0.42886811 9
-0.451123 -1.561902 -0.42755735 9
-0.35298803 -1.5381168 -0.42189226 6.6666665
-0.22614534 -1.5124689 -0.4374553 10
-0.11762308 -1.5783615 -0.400343 6
-0.025778346 -1.5414436 -0.42230657 5
0.2506378 -1.5517926 -0.42239562 6.3333335
0.43357641 -1.5393777 -0.42540014 9.5
0.50034672 -1.5199949 -0.42579463 11
0.65482354 -1.5521872 -0.41016656 8.5
0.74676943 -1.5595438 -0.41123253 10.5
0.92392516 -1.5136024 -0.41985992 15
1.1626601 -1.5749297 -0.41459951 9
1.4787157 -1.5611203 -0.43354961 10
1.5362108 -1.5544388 -0.40741789 7
1.8364474 -1.531225 -0.44265479 4
2.0822945 -1.55303 -0.41737559 6
2.1359558 -1.5578042 -0.41875201 4
3.5579796 -1.5265691 -0.45929024 5.5
3.769135 -1.502319 -0.42364484 9
-1.6208534 -1.4195559 -0.40811196 7
-1.5403922 -1.4437009 -0.41422439 7
-1.2797242 -1.4284395 -0.41817859 8
-1.156853 -1.4100527 -0.41552195 8
-1.0053822 -1.498343 -0.41667801 10
-0.94475502 -1.4451567 -0.41126049 9
-0.87738019 -1.4502906 -0.41911116 9
-0.73171926 -1.4550922 -0.42469782 6
-0.62778401 -1.4431751 -0.42492515 6.5
-0.52287 -1.467315 -0.43117413 3
-0.4390797 -1.4697199 -0.43136707 3
-0.34179568 -1.4370061 -0.4241232 7
-0.27733898 -1.447988 -0.43596834 6
-0.10437038 -1.476343 -0.40406317 6
-0.010796332 -1.4560539 -0.41629705 5.3333335
0.0038704635 -1.4120698 -0.42314708 9
0.16357273 -1.4484626 -0.4026387 7
0.25613275 -1.454304 -0.42277807 10
0.43329889 -1.459378 -0.42591667 5.5
0.66983199 -1.4342586 -0.4116517 10
0.7558217 -1.4607271 -0.40816137 9
0.94390661 -1.4441162 -0.4127892 10.666667
1.0590953 -1.4600368 -0.40328452 7
1.1525213 -1.4814414 -0.42712182 13
1.3733182 -1.4107488 -0.4079048 9
1.4516246 -1.4630208 -0.42157197 9
1.7874599 -1.429352 -0.44431967 2
1.8699268 -1.4114884 -0.4159112 7
1.943002 -1.4460222 -0.41680592 6
2.0288634 -1.4914465 -0.42026275 5
3.043215 -1.406123 -0.45844603 0
3.3748963 -1.4487138 -0.46972704 2
3.6358833 -1.4950975 -0.42981365 8
-2.1675467 -1.3994831 -0.4045198 10
-2.0612783 -1.3153468 -0.40421441 9
-1.4326354 -1.3150781 -0.41508573 8
-1.2263275 -1.3426794 -0.41724142 1
-1.1558589 -1.3561859 -0.41254377 5
-0.93533486 -1.3342115 -0.42293647 2
-0.84658283 -1.3729739 -0.42428318 2
-0.69655287 -1.3250773 -0.42557487 3
-0.5518412 -1.3403428 -0.42767406 3
-0.42573345 -1.3665193 -0.42902103 3
-0.33031717 -1.3457295 -0.42304644 1.6666666
-0.27391404 -1.3371832 -0.42677078 2.5999999
-0.049209222 -1.3635221 -0.40724611 4
0.019181764 -1.3515068 -0.42150798 1.6666666
0.16376628 -1.3584555 -0.40461704 2
0.26459521 -1.349179 -0.42274067 7.5
0.38507131 -1.3222463 -0.40335527 2
0.44480652 -1.352717 -0.4258849 8.3999996
0.76087213 -1.3548594 -0.40993333 0.5
0.94373745 -1.3227752 -0.41039869 4
1.1298221 -1.3535644 -0.42590961 15.333333
1.3236923 -1.3327088 -0.41057047 8.5
1.4118528 -1.3682772 -0.42744628 9.333333
1.7644358 -1.328144 -0.41785634 7.5
1.832513 -1.3622925 -0.42007393 7
2.3394327 -1.3234458 -0.42291763 0
3.2555513 -1.3386966 -0.46783754 4
-1.9729236 -1.2442343 -0.40548265 8
-1.3666142 -1.2184131 -0.40651095 5
-1.1721953 -1.2568974 -0.4132295 9
-1.0589147 -1.2451066 -0.41562265 12
-0.8525455 -1.2618078 -0.41846225 3
-0.77847475 -1.2042902 -0.41897073 3
-0.67563033 -1.2464749 -0.42541113 4
-0.55270362 -1.232653 -0.4174833 3.3333333
-0.45139933 -1.2470949 -0.42826614 3.75
-0.35287946 -1.2612302 -0.43124726 4
-0.25273845 -1.2378752 -0.42377397 2.6666667
-0.060200594 -1.2052879 -0.40824759 7
0.040180963 -1.2509307 -0.41474089 3
0.16662687 -1.2329357 -0.40517074 6.5
0.27250129 -1.2545658 -0.42284822 1
0.37456083 -1.245321 -0.40446395 2
0.44300205 -1.2453437 -0.42310223 6.4000001
0.66250664 -1.2612823 -0.40213871 3.3333333
0.77319217 -1.2056956 -0.41533661 1.5
0.87849486 -1.2146437 -0.40594319 3
0.92872977 -1.2429127 -0.40587616 2.6666667
1.1197106 -1.2399631 -0.42965412 8.666667
1.2428657 -1.2478442 -0.41278893 3.75
1.3691559 -1.2473582 -0.43324274 12
1.4025249 -1.2560542 -0.43955067 2
1.5623389 -1.2034947 -0.41778982 8
1.6505338 -1.2509754 -0.41810989 7
2.0579183 -1.2116694 -0.42446342 5
2.1405115 -1.2427316 -0.42539716 3
2.2250056 -1.2735076 -0.42298859 2
2.8444781 -1.2036641 -0.45609534 3
2.9222009 -1.290109 -0.45331526 0
3.1502347 -1.241204 -0.46679115 4.5
-1.8312138 -1.1421953 -0.40236232 6
-1.3198097 -1.182267 -0.4112854 3
-1.2454602 -1.1350737 -0.40725979 6.6666665
-1.1418002 -1.1395906 -0.41014042 4.6666665
-1.0561492 -1.1520145 -0.4149617 2
-0.98157734 -1.1134863 -0.41659597 3
-0.85450035 -1.1457746 -0.41711277 3.5
-0.75475091 -1.1430486 -0.42178437 3
-0.64791775 -1.144681 -0.42405134 3.5
-0.55150759 -1.1301318 -0.42422125 3.5
-0.47279367 -1.1429124 -0.42190853 3.75
-0.36454287 -1.1564202 -0.43335536 4
-0.24568465 -1.1636475 -0.42749292 2.25
-0.18377841 -1.1345654 -0.42222705 2.3333333
0.050875414 -1.1478051 -0.41702566 2.1428571
0.16602591 -1.1334282 -0.40924126 2
0.24831009 -1.1751726 -0.4158957 2
0.34030533 -1.1496435 -0.41429242 2.3333333
0.43871176 -1.1520652 -0.41965505 6
0.58119023 -1.1313798 -0.40721792 3
0.62433094 -1.160211 -0.40624484 3.6666667
0.77682674 -1.1405771 -0.41767034 3
0.84942293 -1.1341778 -0.40770635 3.3333333
0.91171569 -1.1360548 -0.42196685 3.75
1.0959603 -1.1528162 -0.42798039 4
1.1385062 -1.1386569 -0.4164626 2.5999999
1.3393164 -1.1399329 -0.43551761 1
1.4671195 -1.1250226 -0.42209905 6.5
1.5227354 -1.1634041 -0.42061457 5
1.8648562 -1.1216787 -0.42286694 7.6666665
1.9710026 -1.1707385 -0.42558822 6.5
2.0439658 -1.1975192 -0.42528573 5
2.1470382 -1.1290314 -0.42639723 2
2.3150017 -1.1817213 -0.44309992 1
2.5445819 -1.1734563 -0.45692611 3
2.7664638 -1.1192305 -0.45573455 3
2.9560926 -1.1078228 -0.46731591 5
3.0612893 -1.1538006 -0.46600083 5
-1.3306295 -1.0742925 -0.40587699 0
-1.2535794 -1.037431 -0.41149798 6.5
-1.0486293 -1.0548441 -0.41034585 2
-0.95210767 -1.0255152 -0.41186959 2.25
-0.81110692 -1.0389564 -0.4209139 4
-0.72081721 -1.0572057 -0.42365265 4
-0.61952531 -1.0353591 -0.42711538 4
-0.52969003 -1.0378648 -0.42264563 4
-0.45292425 -1.0553877 -0.42637795 3.75
-0.3782666 -1.0508937 -0.42852017 4.25
-0.28351617 -1.0978463 -0.43422803 4
-0.15078583 -1.0512373 -0.42446804 2.4000001
0.072463788 -1.0651238 -0.42049232 2.1666667
0.14577746 -1.0410448 -0.41767466 2.6666667
0.24488702 -1.0496321 -0.41830063 2.5999999
0.34487653 -1.0503094 -0.41725168 2.8571429
0.43542254 -1.0898206 -0.42935538 2
0.56669062 -1.0421029 -0.41009739 4.3333335
0.60624218 -1.0745682 -0.41306064 5
0.78737164 -1.0559521 -0.4185217 3.2
0.84001303 -1.0698684 -0.4120115 4
0.91102839 -1.0331888 -0.42756173 4
1.0758957 -1.0555531 -0.42113259 3.1428571
1.2946222 -1.0047566 -0.41891488 4
1.3601483 -1.0433263 -0.42067432 2.25
1.4300884 -1.0852116 -0.4230276 2
1.6600122 -1.0285443 -0.42987251 5.1999998
1.7713941 -1.0477509 -0.42816418 6.5
1.8358054 -1.0608146 -0.42618853 8
1.953825 -1.0430561 -0.43387261 5
2.063678 -1.0997586 -0.42564106 2
2.2257628 -1.0633105 -0.4429619 4
2.4479904 -1.0605547 -0.4560782 4
2.6926961 -1.0406585 -0.45459539 4
2.8755488 -1.0301653 -0.46497697 4
3.0321963 -1.0526888 -0.46972424 5
-1.6269133 -0.96379864 -0.40618458 16
-1.5776327 -0.92273748 -0.40787449 9
-1.4292835 -0.95116466 -0.40263194 10
-1.3667637 -0.91016543 -0.41110674 11
-1.2430182 -0.96375728 -0.41145325 2
-1.1573335 -0.93984389 -0.41018644 2.25
-1.0005295 -0.97124076 -0.41433594 3
-0.94833606 -0.96420783 -0.41290125 2.5
-0.86420333 -0.95239198 -0.41496509 2.8
-0.77308822 -0.94520992 -0.42274308 4
-0.65618557 -0.96066755 -0.4273845 4.3333335
-0.53838253 -0.95176411 -0.4278731 4.6666665
-0.44900528 -0.95758784 -0.42710128 4.5999999
-0.36031532 -0.93818283 -0.41954482 5.75
-0.1139518 -0.95988542 -0.4215799 4.4000001
-0.089857779 -0.90725189 -0.42431861 5
0.098030783 -0.99212301 -0.42974269 3
0.14060244 -0.93937218 -0.42241627 3.625
0.24057043 -0.96910292 -0.42037076 1.5
0.34684375 -0.950445 -0.41488472 3
0.54660845 -0.94256103 -0.40664315 4
0.77342826 -0.95486307 -0.41477042 4.5999999
0.94528693 -0.94842494 -0.42240486 3.2857144
1.0345401 -0.98635203 -0.4203527 2.6666667
1.1799436 -0.91562927 -0.42122376 3
1.2431085 -0.95242739 -0.4223879 3
1.4583206 -0.92149854 -0.42574078 2.5
1.5634935 -0.94918114 -0.43190998 2.5714285
1.6463938 -0.95859915 -0.43600893 4.6666665
1.7361441 -0.963772 -0.43550965 7.3333335
1.9159796 -0.94804204 -0.44947368 8
2.1374195 -0.93436563 -0.44554323 7.5
2.3413501 -0.93142545 -0.45470244 7
2.6181529 -0.96411347 -0.45164412 5
2.8454027 -0.93460983 -0.46375883 4
2.9525912 -0.97703278 -0.46697438 5
-1.4766999 -0.83839899 -0.40499249 7
-1.3378217 -0.83860415 -0.40149221 4
-1.1500196 -0.84603739 -0.41252315 2
-1.0551482 -0.86972409 -0.41078591 2.2
-0.94880277 -0.85682714 -0.41534883 3.2
-0.83549511 -0.85381615 -0.4233157 4.5
-0.73472244 -0.84595901 -0.42451596 4.6666665
-0.64041686 -0.84556884 -0.42420077 4.6666665
-0.54572183 -0.84005606 -0.42073035 5.5999999
-0.48192254 -0.83828133 -0.42864168 6
-0.3224971 -0.8674382 -0.41881984 6
-0.28364357 -0.83115739 -0.41884005 6
-0.067365967 -0.84379488 -0.42208934 5.3333335
0.052292541 -0.80149817 -0.41770071 1
0.14066869 -0.8490321 -0.42512292 4.2857141
0.34083 -0.85811377 -0.41281188 5.25
0.45496097 -0.83293438 -0.42385697 2.5
0.52606726 -0.85126942 -0.40945891 4.75
0.68314654 -0.8234055 -0.40918431 6.3333335
0.71594357 -0.8632676 -0.4091382 6.3333335
0.83533937 -0.84788471 -0.42014864 4.1428571
0.91332954 -0.87120837 -0.41999343 2.5
1.082221 -0.82359117 -0.42500371 3
1.1367009 -0.86727989 -0.42426625 3
1.2755338 -0.829041 -0.43150377 2.5999999
1.3587166 -0.85929096 -0.4285101 3
1.4591978 -0.84258449 -0.43120745 6.5
1.5457425 -0.85989892 -0.44115666 5.5
1.6786218 -0.84297693 -0.43972582 7
1.8687241 -0.868729 -0.45050681 9
2.0797153 -0.84786069 -0.44670123 9
2.2770677 -0.84765333 -0.45524633 7
2.5344141 -0.86836874 -0.45045584 6
2.6918509 -0.83750516 -0.46141577 5
2.753144 -0.8997215 -0.46364659 4
2.8297496 -0.847646 -0.46475172 4
-1.4424577 -0.71730942 -0.40046331 8
-1.3588248 -0.72877359 -0.40311119 3.25
-1.281427 -0.77956069 -0.40444553 7
-1.1123934 -0.79673535 -0.4141112 2
-1.0541154 -0.74930769 -0.41541454 1.5
-0.97680551 -0.74046695 -0.41924247 2.5
-0.8815105 -0.75798827 -0.42228723 2
-0.7608881 -0.74766797 -0.42154026 3
-0.66299015 -0.74026346 -0.42351684 2.3333333
-0.56956643 -0.76326913 -0.42502019 3.3333333
-0.45640615 -0.74332958 -0.42121869 5.4545455
-0.23685542 -0.75334924 -0.42060328 5.090909
-0.028510507 -0.74704194 -0.42298737 4.4444447
0.071920507 -0.74667674 -0.41848999 3.8
0.15863448 -0.7635262 -0.42544714 1
0.29551443 -0.72111112 -0.42914096 1
0.33019733 -0.76420009 -0.41955611 2.1428571
0.46025833 -0.74543661 -0.42021948 4.4000001
0.51007473 -0.76428413 -0.40881547 6
0.64653021 -0.74318856 -0.41032842 5.5714288
0.7863543 -0.71190548 -0.40914208 5
0.82839137 -0.76309961 -0.41317949 4.4285712
0.97871554 -0.72570854 -0.41797715 5.1999998
1.0488702 -0.75268489 -0.42428851 3.875
1.1541109 -0.73834729 -0.42635283 3.3333333
1.2440097 -0.7594291 -0.43537802 3.7142856
1.3322618 -0.79578942 -0.43048963 3
1.4807606 -0.75693685 -0.44404501 2
1.5228767 -0.74524778 -0.44512042 3
1.6378267 -0.7514044 -0.44339782 9
1.7849869 -0.71432757 -0.45533907 2
1.8145826 -0.77408922 -0.45177388 10
2.0315108 -0.77102613 -0.44856206 8
2.176585 -0.70619935 -0.45583075 9
2.2249475 -0.77447367 -0.45637742 8.5
2.4510546 -0.75960773 -0.45219097 7
2.5997398 -0.73218352 -0.45961821 6
2.6396999 -0.78202343 -0.4594484 6
2.7464693 -0.76109886 -0.46188837 5
-2.1362746 -0.61390829 -0.40184399 3
-1.4198139 -0.68904763 -0.40275779 9
-1.346262 -0.68990564 -0.40473455 0
-1.2954111 -0.66620809 -0.43722734 0
-0.93464166 -0.67544317 -0.40908614 0.60000002
-0.85974455 -0.65879399 -0.41031331 4
-0.74925113 -0.63600755 -0.40897301 3.5
-0.68067694 -0.61562246 -0.41247535 3.5
-0.58563691 -0.69763184 -0.41907808 2
-0.4238418 -0.67887259 -0.4220427 5
-0.36234608 -0.63182169 -0.42270842 3.7142856
-0.1683291 -0.64953369 -0.42532516 4.3333335
-0.010823086 -0.66254622 -0.42292944 4.6666665
0.053499401 -0.64976025 -0.42222181 4.8000002
0.17773061 -0.64579391 -0.41893432 4.4285712
0.26647151 -0.63656795 -0.42656431 4.5
0.34742174 -0.61833054 -0.42090443 4.3333335
0.44423229 -0.65409267 -0.42399421 4.8571429
0.57856876 -0.62713146 -0.42116055 5.1999998
0.61574078 -0.66404557 -0.41750669 5
0.74685109 -0.64659393 -0.41642052 4.9000001
0.86108392 -0.62982631 -0.41750234 4.7777777
0.93364024 -0.64804602 -0.41829956 5.2222223
1.0460068 -0.64708459 -0.42622074 5.5
1.1575773 -0.66248769 -0.42969412 4.5
1.225057 -0.64023387 -0.44200897 6
1.4570303 -0.64313698 -0.44857049 3.6666667
1.555123 -0.64640266 -0.44467434 3
1.6073366 -0.68529582 -0.44325727 3
1.7501352 -0.65320909 -0.45361137 7
1.9576778 -0.65474516 -0.44735909 8.666667
2.1336882 -0.64335752 -0.45610723 9.5
2.3750541 -0.6611073 -0.45121956 8
2.5318489 -0.64148664 -0.46075174 7.6666665
2.6589117 -0.65867704 -0.45911375 5.5
-2.1135898 -0.59175688 -0.40064928 2
-0.76285112 -0.5252232 -0.42464775 0.5
-0.62671542 -0.54751307 -0.41523108 2.25
-0.32050636 -0.54926348 -0.42251363 5
-0.26450783 -0.53029156 -0.42432481 5.4000001
-0.11869852 -0.55518299 -0.42542177 4.5
-0.088568352 -0.5180378 -0.42705822 2
0.083272904 -0.54063153 -0.42321026 5.6666665
0.17600663 -0.55424106 -0.4243283 5.0769229
0.2524738 -0.54520094 -0.42676422 5.4444447
0.33058044 -0.54909736 -0.42644194 5.5454545
0.442159 -0.54068094 -0.43175787 5.125
0.55876797 -0.55770206 -0.42015874 3.3333333
0.67435777 -0.54189849 -0.42000166 5.4285712
0.76585823 -0.54581964 -0.42202756 4.9230771
0.84076285 -0.55005258 -0.42643738 5
0.92878574 -0.55874962 -0.42549565 4.9565215
1.0286059 -0.55405784 -0.43764532 5.625
1.1869445 -0.54279381 -0.44470963 7
1.2207985 -0.54494852 -0.44646159 6.3333335
1.399525 -0.51130718 -0.45449799 4
1.4449984 -0.55390292 -0.45386487 4.1999998
1.5509526 -0.5409382 -0.44723582 3.6666667
1.6904464 -0.53271413 -0.45379186 3
1.7109632 -0.58020091 -0.45152262 7.5
1.8776261 -0.50183916 -0.4489994 13
1.9083968 -0.55677634 -0.45047694 6
2.0775576 -0.55020571 -0.45731235 8.666667
2.2835379 -0.51511198 -0.45229143 8
2.3229153 -0.5758177 -0.4531475 8
2.4651513 -0.54058921 -0.4619078 8
2.5785503 -0.53203553 -0.46143934 7
2.6088014 -0.59115082 -0.45876372 7
-1.6123316 -0.43491507 -0.40280414 7
-1.5934652 -0.43616056 -0.40114295 7
-0.91656572 -0.4284724 -0.41417998 2
-0.87204885 -0.43952581 -0.41274604 2.4285715
-0.74802458 -0.44459081 -0.41784018 4.0999999
-0.62364352 -0.46012458 -0.41948399 4.5714288
-0.58642948 -0.4272939 -0.41709912 7.25
-0.43614012 -0.46573335 -0.41140619 6.5
-0.3404077 -0.44487315 -0.42492867 7.090909
-0.24730669 -0.46593407 -0.42670965 7.4285712
-0.19161531 -0.40286905 -0.40779328 2
0.074846998 -0.4516868 -0.42879161 5.1578946
0.17913346 -0.45062816 -0.42772424 6.1333332
0.26867113 -0.44596919 -0.428534 6.0833335
0.35297945 -0.45561779 -0.42819965 5.5625
0.43608654 -0.44869962 -0.42861804 5.5
0.51795304 -0.40306318 -0.41075224 1
0.64668602 -0.48880029 -0.42374754 4.5
0.76392394 -0.44999418 -0.42409268 6
0.8367461 -0.45820385 -0.42659983 6.3333335
0.90650082 -0.45308781 -0.43342638 6.0999999
1.0233915 -0.45204151 -0.43962282 6.375
1.1731994 -0.45441523 -0.45013237 6.25
1.2072145 -0.45117033 -0.45064986 6.5
1.3740215 -0.44065708 -0.45114204 5.25
1.4378735 -0.44884849 -0.45460722 4.75
1.5239415 -0.45021155 -0.45241228 5
1.6562166 -0.45733035 -0.45295542 3.5
1.8510476 -0.4366174 -0.450735 6
2.0212824 -0.44972992 -0.45663866 9.666667
2.2524502 -0.44446185 -0.4553242 9
2.3987703 -0.41601452 -0.46438938 8
2.4242647 -0.46727616 -0.4626976 8
2.5229852 -0.43633723 -0.4609839 7
-0.8352927 -0.34792814 -0.41411448 4.7142859
-0.71667427 -0.34712964 -0.41455334 7.4000001
-0.67509896 -0.3681604 -0.41431928 8
-0.57882541 -0.34629259 -0.42351392 7.8333335
-0.47082201 -0.34661126 -0.43192506 8.166667
-0.34777525 -0.33462906 -0.42572504 7.8888888
-0.27138251 -0.35438776 -0.42342323 6.25
-0.11447107 -0.3083905 -0.4213337 3
-0.03308516 -0.36062464 -0.42710775 5.8571429
0.066672646 -0.34976396 -0.43244466 5.9000001
0.17108518 -0.35709015 -0.42690957 6.1333332
0.27335954 -0.35585123 -0.43295482 6
0.36307847 -0.3484658 -0.43276283 5.4666667
0.4584282 -0.35223931 -0.43002522 6.1176472
0.55161494 -0.3398574 -0.42503062 4.5
0.7648989 -0.37756562 -0.42249286 5
0.84976888 -0.34590399 -0.42655623 6.909091
0.9266122 -0.34035209 -0.43047073 6.8888888
1.01527 -0.35745248 -0.4351483 7.375
1.168478 -0.3504965 -0.44721296 5.5555553
1.3479959 -0.34376454 -0.45266289 6
1.4460632 -0.34123999 -0.45298949 5
1.5078304 -0.3937715 -0.45382285 5
1.6200321 -0.35253257 -0.45607319 3.5
1.8141078 -0.3445487 -0.45023367 7
1.984007 -0.34939951 -0.46100736 6.75
2.1924727 -0.31165978 -0.45390165 9
2.2182231 -0.36053276 -0.45703754 8
2.3646517 -0.34934404 -0.46231785 9.333333
2.4788902 -0.33296835 -0.46114042 7.3333335
-0.81103629 -0.2766968 -0.41842809 4.6666665
-0.77155477 -0.23899701 -0.41177502 6
-0.66625059 -0.25535941 -0.42100164 7.875
-0.55601227 -0.25162429 -0.43397173 8
-0.45504254 -0.24949396 -0.43184862 7.4285712
-0.34363255 -0.24726845 -0.42866835 7.6666665
-0.26140347 -0.24659488 -0.42485207 6.9000001
-0.16218689 -0.24208356 -0.42652512 5.3636365
-0.053256474 -0.23994415 -0.42536348 5.9000001
0.061632037 -0.24805541 -0.43316522 6.6666665
0.15196702 -0.25716889 -0.42848608 6.5555553
0.24632202 -0.24692892 -0.4330506 5.3636365
0.35411459 -0.25592777 -0.43279368 6
0.44865128 -0.24946283 -0.43355578 5.7272725
0.55210102 -0.24183339 -0.4339228 6.2727275
0.62179512 -0.23567083 -0.42840615 6
0.84656173 -0.25244126 -0.43741298 7.6666665
0.94246715 -0.25154456 -0.43463516 7.5333333
1.0199641 -0.25485525 -0.43782195 6
1.1572627 -0.25148085 -0.44602457 6.0999999
1.3395501 -0.24598102 -0.45355228 6.3333335
1.4413698 -0.25314334 -0.45407009 5.7142859
1.5921799 -0.23647612 -0.46027899 4
1.607132 -0.29334912 -0.46043974 4
1.7874756 -0.24812022 -0.45065659 2.75
1.948086 -0.24262577 -0.46152717 7.5
2.1770535 -0.25149095 -0.45422995 11.333333
2.3350213 -0.2446216 -0.4640969 8.5
2.4535358 -0.23672819 -0.46151638 8.333333
-0.73832613 -0.15346123 -0.41197076 6.6153846
-0.63994735 -0.15703551 -0.42742816 8
-0.53186876 -0.14827511 -0.42751193 7
-0.44025791 -0.14625798 -0.42763346 6.7777777
-0.34674853 -0.148333 -0.43056571 6.909091
-0.26466623 -0.14880197 -0.43154955 7
-0.15006045 -0.14422934 -0.42759043 5.1999998
-0.066932447 -0.14702186 -0.42686597 5.7272725
0.028338734 -0.14935078 -0.43136969 6.4000001
0.14904366 -0.15183781 -0.43483388 7.3157897
0.2556898 -0.14787525 -0.43319577 6.1999998
0.34087482 -0.14397436 -0.43271819 5.090909
0.44642755 -0.15733734 -0.43307287 5.2352943
0.55093038 -0.15263131 -0.43424302 5.8095236
0.62681341 -0.14789066 -0.43277207 5.4375
0.85577375 -0.14591163 -0.44413406 8
0.94440669 -0.14385654 -0.43813887 7.75
1.014433 -0.15655321 -0.43166247 6.3333335
1.1503991 -0.14940251 -0.44673502 6.5833335
1.2947341 -0.11100216 -0.44305289 6
1.3522568 -0.16102758 -0.45306379 6.375
1.4552883 -0.15037921 -0.45238668 4.8000002
1.5789061 -0.15106033 -0.46280867 4
1.7728059 -0.14635749 -0.45167756 2.5
1.9229864 -0.14406689 -0.45934135 7.75
2.1674285 -0.15121025 -0.45636928 8.5
2.3176305 -0.14514881 -0.463756 8.333333
2.4419029 -0.14607537 -0.46110687 7
-0.71816081 -0.053913176 -0.41734418 7.75
-0.62775797 -0.046965126 -0.42574894 7.909091
-0.5159384 -0.049797766 -0.41546446 6.5555553
-0.43352345 -0.046409439 -0.43356243 7
-0.33635828 -0.051886462 -0.42878944 8.7692308
-0.2607137 -0.048999015 -0.42686784 7.6666665
-0.14696783 -0.045918934 -0.42443994 5
-0.049007129 -0.04866147 -0.43029281 5.909091
0.036950108 -0.045866225 -0.43031251 6.4444447
0.13779266 -0.05215808 -0.43381009 7.5555553
0.25920931 -0.038047072 -0.43389487 5.8333335
0.33361518 -0.045908049 -0.43342829 4.8333335
0.44602299 -0.048889197 -0.43284065 4.7586207
0.54405099 -0.049577773 -0.43462124 4.8947368
0.60671437 -0.050449301 -0.4344905 5.3333335
0.86297232 -0.043786108 -0.44628862 8
0.95380038 -0.05161107 -0.44618863 8.545455
1.0206946 -0.064647064 -0.43702865 7.8000002
1.143615 -0.049213406 -0.44412696 6.909091
1.2938012 -0.029030634 -0.44651926 6
1.3095366 -0.071645983 -0.4577342 6
1.4520526 -0.043963484 -0.45322198 7
1.5684774 -0.058731627 -0.46243301 4
1.7712009 -0.049391363 -0.45193893 2.25
1.9160886 -0.05093943 -0.45980513 8.25
2.1730309 -0.054932728 -0.45773959 8.333333
2.316299 -0.050943583 -0.46347046 8
2.4517817 -0.044453315 -0.46155024 7
-0.71789801 0.047926474 -0.41634312 7.4285712
-0.65130538 0.055566527 -0.42147836 7.6875
-0.51505148 0.050498623 -0.41626012 6.7777777
-0.43398511 0.053300947 -0.43376291 7
-0.33756194 0.046220031 -0.4275479 7.25
-0.25439462 0.047088485 -0.42341441 8.1000004
-0.14258401 0.033893928 -0.42279163 4.8000002
-0.044838384 0.046799242 -0.42868534 6
0.041141264 0.049929548 -0.42912871 6.7777777
0.14559634 0.056878384 -0.43469724 7.375
0.24181128 0.053613704 -0.43507767 6.5833335
0.33308426 0.053426377 -0.43524289 5.1428571
0.44657487 0.052178375 -0.43579048 5.4642859
0.54388648 0.05001799 -0.43702212 5
0.60852343 0.050596025 -0.43618757 5.4285712
0.87068754 0.055678401 -0.44987595 8
0.94753402 0.045706809 -0.44628441 8.833333
1.0215102 0.060955651 -0.4424912 8
1.1513854 0.046424117 -0.44575965 6.1666665
1.2902415 0.044371888 -0.44433102 6
1.3093967 0.059332579 -0.45949423 6
1.4604589 0.049334817 -0.45470542 7
1.5693007 0.049839843 -0.46270549 3.8333333
1.7832125 0.045548096 -0.45224142 2.75
1.924773 0.05090655 -0.46033412 8.6000004
2.1873152 0.027508279 -0.45783249 8.333333
2.2062624 0.081137106 -0.45882297 8
2.3405418 0.05600965 -0.46515489 7.75
2.4769278 0.042787276 -0.46228519 6.5
2.5004299 0.085983038 -0.46446925 7
-0.81308013 0.17857881 -0.41611263 5.6666665
-0.7438457 0.15828203 -0.4109669 6.6315789
-0.64971519 0.15263902 -0.4221932 7.9230771
-0.5269264 0.15907161 -0.42230746 7.2857141
-0.44052136 0.14929909 -0.41681382 6.7777777
-0.33889744 0.14616042 -0.42740127 7
-0.22975057 0.14482784 -0.42876872 6.3333335
-0.15327664 0.1519457 -0.42224869 4.4285712
-0.057467818 0.13961832 -0.42527094 6.1111112
0.053665109 0.14808647 -0.42883891 7.1428571
0.15314609 0.15489422 -0.43848419 7.9000001
0.24206758 0.15247372 -0.4364801 7.0769229
0.33958319 0.14778545 -0.43740159 5.7647057
0.44695607 0.15133998 -0.437177 5.5
0.54601675 0.14831705 -0.43896848 5.3636365
0.61431283 0.15437424 -0.44227123 5.5999999
0.87805516 0.16000681 -0.45358798 8.666667
0.95007473 0.1667999 -0.44310841 8.4444447
1.0273324 0.14461869 -0.44270715 8.333333
1.125232 0.14456835 -0.43930903 7.625
1.2069886 0.157004 -0.45061496 5
1.3131882 0.15280066 -0.45724314 6
1.4813813 0.14482017 -0.45739335 4.5999999
1.5763059 0.14928785 -0.46022046 4
1.8131117 0.14266947 -0.45438439 2.5
1.9542688 0.15489772 -0.46382773 6.5
2.237602 0.15242526 -0.45882094 7.5
2.3775413 0.15124948 -0.46586618 9
2.5272036 0.14543515 -0.46322441 8
-0.82821822 0.25767866 -0.41285199 5.4545455
-0.75044292 0.24373119 -0.4107435 6.5
-0.64677471 0.25075227 -0.41816136 8.2142859
-0.54035491 0.24951977 -0.42519525 8.333333
-0.46252447 0.22578661 -0.42734846 8
-0.30811873 0.27512655 -0.40892726 8
-0.22540255 0.27260056 -0.41775048 6
-0.16304319 0.23616639 -0.41743961 5.625
-0.034916975 0.22364736 -0.41941896 6.3333335
0.080799118 0.24273279 -0.4323073 7.5
0.17655388 0.25210023 -0.43779618 7.9375
0.22158234 0.21609648 -0.43251261 6.6666665
0.34501243 0.25000712 -0.43682423 5.8823528
0.45286694 0.24850905 -0.4383783 5.8823528
0.55108672 0.24426307 -0.44090375 6.1666665
0.63170248 0.25008303 -0.44208694 4.8000002
0.87474662 0.26767001 -0.44781679 9
0.94784623 0.25608143 -0.44249776 8.166667
1.0431335 0.24499898 -0.44474548 7.7142859
1.1274521 0.2535322 -0.4423005 7.8000002
1.2277234 0.24560988 -0.451114 5.5999999
1.3234274 0.25513014 -0.45405364 6.5
1.5446757 0.23555173 -0.45906284 3.8571429
1.6070476 0.27578697 -0.46100783 4
1.8606384 0.24691063 -0.45758432 4.75
1.9839916 0.22819771 -0.46656674 5
2.0041313 0.27823514 -0.46638691 4.5
2.2868819 0.22680603 -0.4620052 7
2.3164556 0.2732836 -0.46239465 8
2.430064 0.25135547 -0.46544045 7.5
2.5798445 0.22332181 -0.46455109 7
2.609561 0.27119547 -0.463772 7
-2.6444132 0.35643604 -0.40040168 9
-0.90693396 0.39353228 -0.40456584 2
-0.83873695 0.34937066 -0.4080357 4.5882354
-0.74663609 0.35058722 -0.41315222 5.7777777
-0.65585357 0.33882383 -0.40880439 7
-0.56830341 0.34891498 -0.41659534 8
-0.33555984 0.35248658 -0.42582673 7.0714288
-0.24985585 0.35744736 -0.42234606 5.9285712
-0.07389684 0.35572246 -0.42159548 5.2857141
0.05533421 0.36799026 -0.43164095 7.75
0.17805946 0.3561444 -0.43269441 7.1428571
0.24439959 0.35777897 -0.44527775 7.625
0.32955071 0.34364742 -0.43816996 6.1333332
0.44582695 0.34572819 -0.43758687 5.1428571
0.53749293 0.32942659 -0.4404372 5.1666665
0.6806649 0.39708084 -0.44190401 2.5
0.74598461 0.36124119 -0.43911442 3.3333333
0.8679046 0.35480461 -0.44181791 9.583333
0.93520164 0.34733704 -0.43940738 8.545455
1.0328596 0.34078172 -0.44118032 7.6999998
1.1373882 0.35850525 -0.45058107 6.6666665
1.2604975 0.34579185 -0.4565236 6.25
1.3452086 0.35794666 -0.45459819 7
1.5467604 0.34429473 -0.4584637 3.75
1.6268561 0.34426966 -0.46023211 3.5
1.8988225 0.31600964 -0.45881772 1
1.9245694 0.36041889 -0.45934811 5.5
2.0393238 0.35692221 -0.46457362 7
2.3716974 0.35353804 -0.46098152 7.3333335
2.4786513 0.32751602 -0.46537703 7
2.5150609 0.37557441 -0.46589756 7
2.6567903 0.32259041 -0.46527016 6
2.7084301 0.37611556 -0.46688968 6
-0.85364318 0.44226837 -0.40517864 2.3333333
-0.76104963 0.43429053 -0.41025558 5
-0.6448189 0.44547367 -0.41107303 6.5
-0.54074526 0.45506462 -0.4130874 7.1666665
-0.44178498 0.45683751 -0.42138112 7
-0.35424137 0.44634208 -0.42708749 7.6999998
-0.23851432 0.4466559 -0.42241639 6.4615383
-0.13222982 0.49906698 -0.42285699 3
0.027656063 0.44413632 -0.42558873 5.6666665
0.16578498 0.447552 -0.43923262 6.3333335
0.24163336 0.44772407 -0.4454653 7.1111112
0.33960423 0.44728947 -0.43977487 5.5625
0.45392346 0.45011556 -0.43586999 1
0.58648318 0.47923815 -0.4433386 4
0.66805059 0.44721675 -0.44214627 6
0.74771905 0.45344856 -0.44662857 4.8888888
0.86124641 0.43973684 -0.43588749 8.2857141
0.94351977 0.44170424 -0.43749681 7.75
1.031404 0.44186562 -0.44439173 8.1999998
1.1482397 0.46200022 -0.46174178 6.4285712
1.2871871 0.43039724 -0.45663488 7
1.3566903 0.45661038 -0.45547056 4.1999998
1.5860616 0.43816105 -0.45728007 3.3333333
1.6520897 0.45320004 -0.45835629 3
1.9746815 0.43835291 -0.45939159 6
2.0861492 0.44242692 -0.46441808 8
2.1219382 0.49039379 -0.46691602 8
2.4620562 0.46048245 -0.46099794 7.3333335
2.5708184 0.44319522 -0.46649131 6.5
2.6239946 0.49874365 -0.46792072 6
2.7563164 0.43102366 -0.4652704 6
2.8235288 0.49186766 -0.46778643 5
-2.3350313 0.59452116 -0.40006852 10
-1.6381565 0.55043298 -0.40210941 1
-1.5352504 0.58189648 -0.40105134 1
-0.82434171 0.57314187 -0.41276368 2.6666667
-0.70122534 0.51953608 -0.41134372 1
-0.55527455 0.51104522 -0.41186163 4
-0.45110452 0.53877664 -0.41929963 6.3076925
-0.34965059 0.54635268 -0.42176819 6.5
-0.28646293 0.51854831 -0.41991055 6.3333335
-0.15825124 0.55174685 -0.42389417 5.6999998
0.15808314 0.55109131 -0.44078571 5.4210525
0.2543855 0.54082888 -0.44642705 4.875
0.3215318 0.54332143 -0.4322007 6
0.4757452 0.55467355 -0.43723661 5
0.5303188 0.55386829 -0.44316679 3.25
0.64874166 0.56183314 -0.45086387 5.375
0.77504134 0.5262236 -0.4464519 4
0.84884959 0.55312687 -0.44618601 5.8823528
0.94737852 0.55152357 -0.4497169 6.5
1.0323004 0.55426484 -0.45443791 6.5
1.1580625 0.55373526 -0.45586759 7
1.3441751 0.53539515 -0.45778155 7.25
1.4100995 0.57134026 -0.46001425 6
1.6606809 0.5497548 -0.45816693 3
1.71908 0.55804539 -0.46238595 3
2.0503902 0.5436874 -0.45994648 8
2.1590924 0.55374974 -0.46413922 7.6666665
2.5572226 0.5604766 -0.46158737 5.5
2.6797111 0.55412853 -0.46830893 5.5
2.9457548 0.56851757 -0.48143226 4.5
-2.3072083 0.62353891 -0.40384331 10
-2.1439056 0.67637855 -0.40066278 8
-1.4709986 0.61800104 -0.40326652 4.3333335
-1.3961376 0.60956371 -0.40021303 4
-1.123667 0.69202286 -0.40342906 1
-1.0367609 0.65439045 -0.40732902 0.5
-0.94803351 0.64118737 -0.41457865 4.5
-0.86261964 0.64669681 -0.41039556 4.6666665
-0.79765552 0.61367249 -0.41085818 4
-0.44810456 0.63396585 -0.42242956 6.1999998
-0.37201861 0.62424904 -0.42692363 5.5
-0.22053064 0.66266054 -0.42607951 5.2857141
-0.18995039 0.61329979 -0.42566124 6.3333335
-0.041472342 0.65905577 -0.42624882 4.375
0.15762737 0.63133395 -0.44351974 3
0.33308423 0.65452981 -0.43450868 5.7272725
0.46492508 0.6620146 -0.44073784 5.1111112
0.53768933 0.65283471 -0.45158336 4.4285712
0.68863875 0.6400066 -0.45034748 5
0.72096986 0.66024053 -0.44877806 5
0.86282861 0.63528985 -0.44599479 4.7142859
0.91879439 0.66210306 -0.44865614 5.0769229
1.0199063 0.653117 -0.44967681 6.5714288
1.16783 0.65375596 -0.45359495 6.6666665
1.2048297 0.67500502 -0.45183498 8
1.3693271 0.64182651 -0.4606801 6
1.4404029 0.66269547 -0.45986557 5.6666665
1.6942805 0.63567287 -0.46024066 2
1.750095 0.64783078 -0.46326071 5.25
2.1306477 0.6436801 -0.46196541 7.5
2.2272153 0.64481759 -0.46584627 7
2.6617293 0.65343773 -0.46497729 5
2.7386899 0.61426896 -0.46809036 5
2.8765173 0.68616873 -0.4933303 5
2.998251 0.63106 -0.47479159 4
3.0514557 0.67963481 -0.47355288 4
-1.1307119 0.76110375 -0.40309131 1
-1.062184 0.73737615 -0.40752834 1.6666666
-0.95854789 0.7359814 -0.41011703 3.6666667
-0.89862543 0.72917247 -0.4113903 2
-0.32996836 0.7587266 -0.41525778 4.5999999
-0.26831222 0.7465477 -0.4260352 5
-0.10588511 0.79464155 -0.42104104 6
-0.076937675 0.74233085 -0.42251158 5.5
0.11647639 0.77390838 -0.42852694 0.5
0.24645808 0.78040975 -0.45329472 5
0.33040795 0.74763721 -0.44169477 2.8888888
0.44479102 0.74777055 -0.44283247 4.5999999
0.54554313 0.74294209 -0.44642591 4.875
0.60810387 0.76072502 -0.44910654 5
0.75820309 0.7358045 -0.45016676 4.7142859
0.8324492 0.73987818 -0.44726959 3
0.96267396 0.73447907 -0.45142251 3.5
1.0322754 0.75516611 -0.45085317 3.4285715
1.1824305 0.73081535 -0.45776311 3.5
1.2339536 0.74669558 -0.45655227 3.5
1.3997952 0.71419704 -0.45997608 5
1.4471899 0.76085699 -0.45952713 4.5
1.7440225 0.75520724 -0.46508226 6
1.8270825 0.75331527 -0.46736339 5.3333335
2.188514 0.71021622 -0.46318406 8
2.2506621 0.73109037 -0.46445712 7
2.3278942 0.76903367 -0.46736601 6.5
2.842272 0.76143032 -0.49286711 5
2.9528291 0.75879288 -0.49313286 5
3.1276362 0.73389906 -0.47697973 4
3.2121558 0.79441023 -0.47973955 14
-1.2107639 0.85330224 -0.40615809 0
-1.1279124 0.82822531 -0.40411329 3.3333333
-1.0474283 0.8256098 -0.40933299 3.5
-0.99359232 0.80766022 -0.41561037 3
-0.32969812 0.81502169 -0.41871786 6.1999998
-0.2491557 0.84346563 -0.41787976 4.75
-0.12539899 0.86085343 -0.42288756 5.6666665
-0.09244173 0.80242789 -0.42420563 6
0.087149441 0.85952985 -0.42566949 5
0.1279234 0.84496117 -0.43868521 2.8333333
0.25597191 0.84576678 -0.45240697 4.5
0.3197611 0.85678673 -0.4517653 3.6666667
0.44293639 0.84953338 -0.4525477 4.5
0.53049397 0.8404811 -0.44345194 3.7142856
0.63159359 0.85604173 -0.45381838 4.5999999
0.7915222 0.80007225 -0.45267451 4
0.83399659 0.84520167 -0.45483312 4.1666665
1.0667714 0.82139158 -0.45736063 1.6666666
1.1479338 0.86264813 -0.45801002 1
1.2423418 0.82279044 -0.45816404 5
1.4721314 0.84134215 -0.45818114 2.6666667
1.5139236 0.86603737 -0.45863879 3.5
1.6953223 0.80899781 -0.46337438 4
1.8709602 0.84329867 -0.48238117 98.5
2.2772233 0.81033754 -0.46439403 6
2.3587916 0.85291052 -0.46742088 6
2.4306605 0.88980937 -0.46962041 6
2.9373264 0.8460753 -0.49196345 5
3.0513301 0.85852492 -0.48882237 8
3.218277 0.86619157 -0.44673285 38.666668
-1.1704805 0.9995476 -0.40375829 18
-0.24673212 0.95278931 -0.42137918 5
-0.1640445 0.95195085 -0.42470211 5.1999998
0.082647614 0.93974185 -0.42924237 3.25
0.14875291 0.92922229 -0.46111929 4
0.24154548 0.93562269 -0.45653132 5.3333335
0.32697132 0.97451985 -0.46053681 3.5
0.46626526 0.94267547 -0.45468697 4
0.50665498 0.92090082 -0.43563786 1.5
0.66427284 0.95901626 -0.45101252 8.7142859
0.87206107 0.94107771 -0.45618227 4.4285712
0.92324907 0.9635601 -0.45809841 4.1999998
1.175683 0.91918832 -0.46170363 0.66666669
1.2309239 0.97849631 -0.46386191 1
1.559588 0.93666327 -0.46843314 1
1.6300507 0.97385013 -0.46856809 9
1.7208768 0.93782806 -0.46386224 9
1.845329 0.98473334 -0.46565059 3
1.904006 0.96239227 -0.46422464 10
2.3846474 0.92511606 -0.46658438 5
2.4533765 0.96035624 -0.4698821 3.6666667
2.5266981 0.96918422 -0.46683636 4
2.6612692 0.98440957 -0.40984699 0
2.701499 0.99630654 -0.47724754 3
2.9998705 0.92163676 -0.47985762 4
3.0888147 0.99258089 -0.48146439 19
3.1515675 0.95138645 -0.43855166 47.166668
-1.3611697 1.0726795 -0.40238175 8
-1.2613417 1.0437834 -0.40809125 6.5
-0.22650978 1.0708148 -0.42476526 3.4285715
-0.17597467 1.0269783 -0.42434677 4.25
0.06614776 1.0355437 -0.43332496 2.75
0.16157921 1.0336746 -0.46351528 3.25
0.27921125 1.0282668 -0.45333624 2.3333333
0.32153302 1.0684866 -0.4456737 1.8
0.46243379 1.0366991 -0.46336484 4
0.51204765 1.0460186 -0.46134755 4
0.68893933 1.0313461 -0.46211654 4
0.72650558 1.064654 -0.46073994 3.6666667
0.86260211 1.0552341 -0.45301872 4.25
0.95379889 1.0422997 -0.45707527 4
1.048887 1.0653632 -0.45732754 2.8
1.6881533 1.006831 -0.47167569 1
1.7338722 1.0265974 -0.46750093 6
1.8382187 1.0828583 -0.47351485 2.5
1.9646974 1.0406804 -0.46630532 6.5
2.0342493 1.0955168 -0.46997148 8
2.5396931 1.0555614 -0.46725398 4.5
2.6422822 1.0691499 -0.47244567 0
2.7247388 1.0631909 -0.456177 0
2.9310429 1.0391523 -0.48685932 5
3.0660555 1.0549634 -0.4431636 39.75
3.1122072 1.0198376 -0.43637708 37.666668
-0.25470173 1.1527368 -0.42076358 3.3333333
-0.15563291 1.1442572 -0.42193741 4
-0.0025725006 1.1544696 -0.40799823 3
0.041873645 1.1495817 -0.43339881 2.4000001
0.15151457 1.1340263 -0.46586466 2.6666667
0.2545298 1.1468385 -0.46654877 3
0.32099399 1.1491251 -0.44551873 2
0.48906189 1.1285305 -0.46479365 3.5
0.5383805 1.1472509 -0.46343535 3.5
0.67531782 1.1526279 -0.44161683 2.5
0.76474768 1.1579614 -0.4642942 2.5
0.86216468 1.1580936 -0.45359817 3.6666667
0.94910711 1.1609415 -0.45318785 4.3333335
1.072632 1.1495931 -0.46032238 3.1428571
1.1078887 1.1989647 -0.46553332 1
1.3106904 1.1893783 -0.45787871 11
1.941309 1.134094 -0.47526407 2
2.0537522 1.1709595 -0.47113949 3.5
2.593277 1.137646 -0.47079867 5
2.6464043 1.1456143 -0.46365738 4
3.0263166 1.1224232 -0.4592002 15
-0.24100485 1.2619572 -0.41802561 4
-0.14908436 1.2193803 -0.42021576 4
-0.0061248778 1.2650318 -0.41032159 0
0.12609687 1.2435975 -0.4723509 3
0.27254099 1.2594368 -0.46181118 2.5
0.32912493 1.243556 -0.45072085 8.1999998
0.53844607 1.2472475 -0.46033838 3
0.79453188 1.2400389 -0.46729368 3
0.84398896 1.2657267 -0.46101341 3.6666667
0.95215291 1.2433889 -0.45351857 4
1.1329159 1.2587731 -0.46285757 2.6666667
1.3353367 1.2674747 -0.46158564 3
2.0959179 1.2384508 -0.46630841 2
2.1322169 1.2549497 -0.46688464 2
2.6907513 1.2732756 -0.43693662 65
2.7130194 1.2740934 -0.44608241 72
2.8479471 1.289001 -0.47321621 29
-0.23882365 1.3595244 -0.41906738 16.5
-0.12999278 1.3199811 -0.42102206 17.5
-0.054412954 1.3400872 -0.42762035 9.5
0.11806098 1.3607053 -0.47278604 7
0.24845032 1.331537 -0.45208886 8
0.33039203 1.3628885 -0.46309566 6.3333335
0.57020885 1.3443409 -0.46061277 4
0.86431623 1.3639011 -0.46572745 2.75
0.96011513 1.3495401 -0.45925531 7
1.1377088 1.3319052 -0.46159744 12.666667
1.2301137 1.3626165 -0.47333407 2.5
1.3646477 1.3398191 -0.45789909 11
-0.23686999 1.4700885 -0.42010093 3.5
-0.1321882 1.419704 -0.42437515 3
-0.035557091 1.4367641 -0.42822152 7.5
0.12683691 1.4797779 -0.47886992 13
0.23766705 1.4352806 -0.45176241 8.75
0.33379343 1.4429755 -0.46441945 5.6666665
0.57253307 1.4474084 -0.45626703 6.1999998
0.61934447 1.4619688 -0.47325307 3
0.86013299 1.4520196 -0.45630264 21.833334
0.93652081 1.4344621 -0.46507153 10
1.1409183 1.4476426 -0.46294817 3
1.2695267 1.4351892 -0.47698444 6
1.3874904 1.4356656 -0.46100974 17
1.4091442 1.4762887 -0.46289998 15
0.11488617 1.5532744 -0.47305119 16
0.27165118 1.5186051 -0.43233484 2
0.34292206 1.5275143 -0.46523938 8
0.54833108 1.526539 -0.42521864 2
0.64704621 1.5449386 -0.45340326 41.25
0.82651079 1.599218 -0.45767534 14
0.95976532 1.528085 -0.46025553 20.25
1.1520996 1.5312622 -0.45938697 12.5
1.3313876 1.5159897 -0.48013443 5
1.4266653 1.5528096 -0.46242487 13
0.33568296 1.6314001 -0.48603517 2
0.40552446 1.6360765 -0.47532588 2
0.66981643 1.677726 -0.47060025 3
0.86405504 1.6492965 -0.46332464 6
0.98613054 1.6998652 -0.46218222 11
1.0154457 1.6547874 -0.47789699 1
1.1574616 1.6522702 -0.4398109 57.666668
1.4450384 1.6554924 -0.47440705 8.666667
2.2600799 1.6119078 -0.47686523 4
2.379148 1.6839675 -0.48100787 46
2.4304984 1.6458058 -0.43484282 33.333332
0.35311142 1.706021 -0.48069197 11
0.42108455 1.7431816 -0.47613078 10
0.69974208 1.722479 -0.44523597 3
0.84971732 1.7452515 -0.46119532 11.666667
0.97640783 1.7296153 -0.46109039 12
1.0671455 1.7339464 -0.46300611 56
1.1874952 1.757715 -0.4617399 10.5
1.497865 1.7800852 -0.4658314 12
0.36960134 1.8086289 -0.47955644 11
0.43802667 1.8592933 -0.47553068 9
0.73510236 1.8869832 -0.48246408 11
0.84526885 1.8670461 -0.46375704 11.5
0.99027169 1.850348 -0.46537405 11.5
1.0962992 1.835596 -0.48243642 9
1.1138924 1.8217468 -0.47522569 7
1.2186731 1.8988788 -0.46506661 11
1.5024118 1.8082575 -0.46889377 13
1.6619835 1.8504946 -0.46280718 58.799999
1.7398298 1.8206832 -0.43630868 202.5
0.3864944 1.9372655 -0.48268974 10
0.48419935 1.9894655 -0.42088526 24
0.51927328 1.9676926 -0.40324748 48
0.74747634 1.9970819 -0.48677844 26
0.85734826 1.9146699 -0.46391672 11
1.0095029 1.9920688 -0.46957231 12
1.5418191 1.9341638 -0.46793851 13
0.43396673 2.0508363 -0.47133788 16.666666
0.77767694 2.0196943 -0.47207829 43
0.84602672 2.021215 -0.46187094 45
0.98375577 2.051414 -0.43517932 22
1.0045968 2.0709884 -0.44606113 14
1.2309364 2.0612497 -0.45464063 12.666667
1.5854256 2.0847096 -0.46585745 8.5
0.78869909 2.1067405 -0.40366668 51
0.84347564 2.1526031 -0.44384503 22.25
0.96248621 2.1204062 -0.40712073 13
1.272477 2.1334453 -0.47792891 5
1.3284386 2.1972234 -0.48217446 3
0.30342004 2.2833021 -0.40559843 13
0.84910679 2.2303832 -0.45125911 15
1.360175 2.2269938 -0.43678203 2.6666667
1.6511674 2.2924948 -0.47351846 12
1.4695814 2.3268213 -0.4304623 0
0.23529722 2.4891269 -0.48397148 5
1.6678061 2.4723535 -0.44426355 7.5
1.7233205 2.5188987 -0.44444728 11.5
-4.1164947 -9.0550461 -0.32104406 4
-4.2120051 -7.6538234 -0.38353837 4
-0.1290763 -6.5220642 -0.37405437 20
-5.9045796 -6.4399128 -0.30542019 67
-0.036417924 -6.3612995 -0.37717968 58
1.7887058 -5.7479782 -0.33646131 127
1.8354156 -5.6904755 -0.35462007 102
-1.1303158 -5.466897 -0.38523343 0
-1.8486067 -5.3569326 -0.32992834 54
-0.94588226 -5.2854238 -0.3637014 0
-1.6007468 -5.1695313 -0.32211715 41
-0.70393598 -5.0810385 -0.34070119 12
0.27448153 -4.1731906 -0.39453739 2
1.653242 -4.1319966 -0.34294775 4
1.5291715 -3.8489089 -0.37634939 11
3.4037063 -3.8623829 -0.31766045 79
1.4648885 -3.6448119 -0.36245763 0
1.615121 -3.6309819 -0.36955914 10
0.36629051 -3.5667033 -0.34040394 48.5
0.44908276 -3.5334287 -0.32456863 50
1.6712288 -3.5984161 -0.30617422 2
-1.5881232 -3.4634833 -0.39919132 0
0.75157219 -3.4136765 -0.30912256 28
0.86973166 -3.4039724 -0.34254432 117
0.69311351 -3.3940287 -0.36534527 23
0.8061136 -3.3249483 -0.39158782 9
0.94080818 -3.3664789 -0.35581464 75.5
-2.1435909 -3.2630641 -0.39424193 0
0.28642306 -3.2902701 -0.36743447 0
0.58263642 -3.2697051 -0.30072597 14
1.3055444 -3.2153587 -0.37264225 1
4.367342 -3.2637413 -0.34129471 22
1.4246747 -3.1513944 -0.37328041 6
4.7523661 -3.1703553 -0.35513061 6
0.42800435 -3.0644653 -0.32702628 13.666667
-1.9026536 -2.9652491 -0.39456081 0
-0.19909987 -2.9584832 -0.37997255 0
2.8462586 -2.9349761 -0.35203263 2
2.9323142 -2.9268887 -0.37165868 3
0.27719682 -2.8573296 -0.36881295 0
1.1730039 -2.8366508 -0.37557018 3
2.7596419 -2.8023145 -0.39770466 3
-1.6992733 -2.709342 -0.39307177 3
0.7232368 -2.7663558 -0.37294528 5
1.2824876 -2.7964344 -0.37732691 5
2.7428927 -2.7275996 -0.38564777 8
2.9009955 -2.7913194 -0.31382042 94
3.0553143 -2.7018187 -0.35389143 35
-0.15434799 -2.614325 -0.38244689 2
-0.050468214 -2.6755247 -0.37066609 1
0.58276033 -2.6988201 -0.38352779 5
0.15732539 -2.5865638 -0.378925 0
0.26649371 -2.5485115 -0.37437108 3
1.0717782 -2.5536332 -0.38127202 4
1.1716563 -2.52158 -0.3827503 5
1.6766914 -2.5463073 -0.39640698 16
1.7331498 -2.515372 -0.34293705 83.199997
2.4791672 -2.5212491 -0.39502168 4
2.7182078 -2.5737355 -0.33736834 24
-2.060488 -2.471427 -0.3887628 0
-1.52855 -2.4922113 -0.39312318 4
-0.25774547 -2.4445376 -0.38273534 3
0.66843855 -2.4749744 -0.37611017 4
1.7683389 -2.4902897 -0.37423608 68.5
1.830019 -2.4656892 -0.31130889 45
2.8532331 -2.419863 -0.36129382 150
-1.9116088 -2.3530216 -0.3928073 3
-1.3982823 -2.3360639 -0.39637661 4
-0.11997627 -2.3402019 -0.38553402 4
-0.026956419 -2.3884845 -0.37416345 3
0.16081358 -2.3225346 -0.38209218 3
0.54435134 -2.3871095 -0.38024119 4
0.98948491 -2.318435 -0.38311353 4
2.2704377 -2.3171771 -0.39639759 4
2.7983162 -2.3031681 -0.39404991 26
-1.7693385 -2.2304292 -0.39370233 3
0.26085523 -2.2815461 -0.37505698 3
0.62344211 -2.2463074 -0.38017845 5
1.0750499 -2.269325 -0.3820948 6
2.4407935 -2.2772334 -0.35988411 117
-1.6500627 -2.1341169 -0.39705256 4
-0.21494225 -2.1974859 -0.3854914 3
-0.047692582 -2.1313405 -0.38167334 3.5
0.16244331 -2.1105144 -0.3860184 3
0.51222897 -2.1743412 -0.38429245 3
0.92023569 -2.115108 -0.38521758 4
2.0918059 -2.1396823 -0.39687407 5
2.4238124 -2.1968153 -0.3984355 67
-2.9778843 -2.0345304 -0.36932266 92
-0.18269852 -2.0004458 -0.38879281 3
0.25130489 -2.0887566 -0.38060099 3
0.58568764 -2.0434208 -0.38226342 8
1.0016052 -2.0854075 -0.3861891 8
1.4729581 -2.0712922 -0.39401531 7
-2.8924096 -1.9664195 -0.39493948 24
-1.9788221 -1.9603708 -0.31455725 11
-0.070547529 -1.9340218 -0.39154789 5
0.0028287829 -1.984139 -0.38282502 5
0.16288096 -1.9405015 -0.38999203 4
0.24394889 -1.917905 -0.38476327 5
0.48532912 -1.9955344 -0.38778177 4
0.86050725 -1.9436888 -0.38681564 5
0.93731749 -1.9232303 -0.38906235 8
1.3416851 -1.9262897 -0.39474177 6
-0.15963623 -1.8444152 -0.39407375 5
0.017200759 -1.8155071 -0.38534918 6
0.4635472 -1.8336927 -0.38926631 6
0.55405909 -1.8763551 -0.38376287 7
0.81242692 -1.811152 -0.39148915 7
1.2293833 -1.8025483 -0.39534813 7
-1.7231709 -1.7433609 -0.39852911 2
-0.14078903 -1.7113895 -0.39929163 5
-0.054876022 -1.7859598 -0.39658639 6
0.16344522 -1.7894903 -0.39258447 5
0.2375191 -1.7740376 -0.38893414 6
0.44271708 -1.7088406 -0.39294708 6
0.52807081 -1.7301182 -0.38466325 8
0.88134533 -1.7778181 -0.38998568 8
3.7581601 -1.7367058 -0.39689633 6.5
-2.5288372 -1.6071589 -0.39444917 5
0.021854809 -1.693257 -0.39190289 6
0.16128908 -1.6684887 -0.39800629 6
0.23431084 -1.6400666 -0.39033103 7
0.50458425 -1.6198149 -0.38986343 9
0.76793563 -1.6725872 -0.38985294 7
0.83381367 -1.6551648 -0.39179808 11
1.1615636 -1.6943405 -0.39836204 7
1.2111253 -1.6653956 -0.39851099 8
3.7666948 -1.6789329 -0.36945567 9
3.8611317 -1.6655232 -0.35233581 5.5
3.9837279 -1.6629418 -0.33820915 2
-2.3984849 -1.5691246 -0.39432457 3
-2.2795081 -1.532093 -0.39497018 3
-0.023275966 -1.5278453 -0.39964536 7
0.034072079 -1.561727 -0.39223477 7
0.16556984 -1.5394647 -0.39716503 6
0.22780579 -1.5352246 -0.39448875 7
0.45517766 -1.5521972 -0.3937971 8
0.76232553 -1.5601261 -0.39390635 9.5
1.0980359 -1.5860835 -0.39862031 8
0.035645239 -1.4716095 -0.39870554 8
0.2243592 -1.4362818 -0.39728528 8
0.43803895 -1.4565275 -0.39658189 5
0.68519592 -1.4398819 -0.39840895 5.5
3.9331357 -1.4293761 -0.38473123 50.5
-1.2380567 -1.3435639 -0.36485267 10.333333
0.047380224 -1.3651134 -0.39759278 9
0.22056212 -1.3473572 -0.39936519 1
0.3984535 -1.3981549 -0.39946678 2
0.44938007 -1.3404444 -0.39797503 2
0.64470303 -1.3167741 -0.39933527 3
0.7241028 -1.3702689 -0.39722902 14
3.4669509 -1.306578 -0.36101711 7
-1.4656272 -1.2436581 -0.38552129 21
-1.2619123 -1.2875602 -0.32105738 18
0.21974617 -1.2613332 -0.39866892 12
3.5929453 -1.2029169 -0.315063 47
-2.0179267 -1.1488669 -0.37479728 24
-1.9639105 -1.1748693 -0.39514545 7
-1.8754438 -1.1534326 -0.39730594 5
-1.3508902 -1.1216923 -0.38011512 4.6666665
3.6583583 -1.1755399 -0.30416232 17
-1.7219296 -1.0439167 -0.39747399 5
-1.3189771 -1.0810945 -0.34445766 1
-1.8356134 -0.97939491 -0.30762649 150
-1.637432 -0.97681075 -0.38904241 20
-1.5516831 -0.99155766 -0.35430747 2
-1.4477524 -0.97629923 -0.3406086 6.8333335
-1.4369175 -0.71351796 -0.39828569 0.5
-1.4265699 -0.66740847 -0.38138962 1.5
-1.3509116 -0.60549986 -0.34504831 1.5
-2.1298215 -0.56424588 -0.38622364 13
-1.3066542 -0.56253481 -0.3203263 0.5
-1.2667274 -0.52460569 -0.30275464 0
-2.1408525 -0.44908312 -0.3550835 68
-0.52316147 -0.44287774 -0.30335736 3
-0.43873364 -0.45393816 -0.36486602 3
-0.19905618 -0.40208527 -0.39554355 3
-2.6556787 -0.31782445 -0.37985829 6
-2.5734742 -0.38748184 -0.38463989 4
-2.4722548 -0.32239211 -0.37175661 6.5
-2.344543 -0.35832268 -0.36134192 18
-2.2357697 -0.35899013 -0.35752684 41.5
-2.1808534 -0.39449364 -0.34610802 61.5
-1.8216486 -0.31344211 -0.39702815 6.5
-1.7613082 -0.3419635 -0.39796448 6.5
-1.5726928 -0.38942632 -0.3787863 1
-0.46696728 -0.34549952 -0.37183264 3
-0.22808449 -0.34046924 -0.36981255 2
-0.18775263 -0.37680015 -0.39029181 1
0.15579306 -0.32441756 -0.38204643 4
0.69082755 -0.39055258 -0.39600194 3
-2.7460327 -0.2423919 -0.37973109 4
-2.5366018 -0.24780689 -0.38561022 4.3333335
-0.15563302 -0.23858677 -0.33085853 2.5
-2.8321075 -0.13881263 -0.37736362 4
-2.612361 -0.1250011 -0.38527071 4
-2.5879688 -0.17920479 -0.38596216 4
0.39443994 -0.18948352 -0.38618991 2
0.4439562 -0.11664665 -0.34664282 2.375
-2.8811655 -0.05021701 -0.37538695 4
-2.6275759 -0.051450003 -0.38338876 4
0.44950876 -0.09861806 -0.36745164 1
-2.907187 0.019033553 -0.37413928 4
-2.6369293 0.0052871974 -0.38264823 4
-0.20541003 0.087846488 -0.30883402 1
-0.16443565 0.069618084 -0.35982394 2.5
-2.6206574 0.19708803 -0.3824957 4
-0.17533956 0.14130984 -0.35813046 2
-0.044970267 0.16956435 -0.39481574 5
0.38276425 0.15552467 -0.32754874 2
0.40659156 0.15788436 -0.33554566 1
-2.8310909 0.20040023 -0.35876805 4
-2.6052964 0.23367396 -0.38286975 4
-2.59552 0.27106324 -0.38431966 4
-0.30967498 0.2990641 -0.3979187 8
-0.27769303 0.27585548 -0.38853836 3.25
-0.17833918 0.24348576 -0.35400939 1.5
-0.055453755 0.22254992 -0.39499977 5
0.37234956 0.20883332 -0.32955393 3
-2.7389541 0.34872195 -0.35242468 28
-2.6293242 0.353966 -0.39785671 10
-1.9394101 0.39193788 -0.39003548 6
-1.8120515 0.39845884 -0.38643217 0
-0.52512133 0.33197618 -0.39948452 7
-0.49739391 0.30310485 -0.33489484 3
-2.6411963 0.4434962 -0.34851751 51.666668
-2.5291648 0.43403256 -0.39375478 10
-2.4643772 0.47780952 -0.39207175 10
-1.9148573 0.41568917 -0.39014727 7
-1.8486484 0.45062202 -0.39045089 7.25
-1.7498345 0.47312081 -0.39474651 9.25
-0.85755259 0.43055984 -0.39287034 2
-2.5331655 0.52989936 -0.34616625 50
-2.4369836 0.54238838 -0.37917471 13
-2.2997098 0.54771674 -0.38418812 6
-1.8159704 0.50233865 -0.39340973 9
-1.7529842 0.5369181 -0.39392534 9
-1.6600797 0.55830038 -0.39561906 9.6000004
-1.5614593 0.56900758 -0.3993741 10.5
-0.72020113 0.53888607 -0.33115631 1
-0.52285337 0.5732522 -0.31312466 5
-2.4340627 0.63190758 -0.35394764 39.5
-2.3154559 0.65789032 -0.34700361 42
-2.2485716 0.65835738 -0.37286359 25.5
-2.1768959 0.65218359 -0.39713532 8
-2.0449488 0.67387784 -0.39015877 6
-1.9629444 0.69029951 -0.38856921 6.5
-1.5592381 0.61911649 -0.39830789 3
-1.3624777 0.64199871 -0.39318866 1
-1.0620699 0.69714707 -0.39792094 0
-0.85272497 0.68159604 -0.34573883 1
-0.44523132 0.64634979 -0.36412039 6.625
3.3978455 0.69276291 -0.30215684 75
-2.3398356 0.76983374 -0.37716633 44.5
-1.9011706 0.71301216 -0.39157423 7
-1.8238986 0.72576201 -0.39092639 8
-1.7336326 0.74347794 -0.39312959 6.5
-1.6490905 0.75798833 -0.39682359 4
-1.5645419 0.76849407 -0.3998237 1.5
-1.2124071 0.76480323 -0.39352134 2
-1.1786294 0.75906348 -0.39997736 2
-0.88969547 0.7204563 -0.33948261 1
-0.35597998 0.74417436 -0.34892428 6.9000001
3.3436756 0.75703579 -0.32804689 72.333336
-2.2436666 0.81570268 -0.38377756 7
-2.1632934 0.84221226 -0.3867557 6
-2.0667562 0.85756719 -0.38704383 6
-1.9402024 0.87130517 -0.38765717 5.5
-1.8595957 0.88519573 -0.3910391 4
-1.7673612 0.88641226 -0.391186 2.5
-1.6919558 0.89314443 -0.39454803 1
-1.2437676 0.86414242 -0.39632824 3.25
-1.1570036 0.84781361 -0.39616209 3
-1.0322847 0.87668872 -0.38799524 3.5
-0.97699112 0.82538241 -0.32257143 2
-0.33444124 0.81234407 -0.39078361 6
1.2838638 0.81339556 -0.30857784 0
3.2495899 0.85875261 -0.35452086 79.5
-1.3537763 0.96282542 -0.39401907 7
-1.2472014 0.96197051 -0.3945123 5.4000001
-1.1980083 0.92075789 -0.39187032 3
2.6332123 0.95654553 -0.30650526 2.6666667
3.1543818 0.96413451 -0.3518455 68.166664
3.2070467 0.90402216 -0.39700183 85
-2.1510496 1.088963 -0.30786207 57
-1.4374535 1.0723839 -0.39526474 6.5
-1.3365477 1.0678353 -0.39153761 12
-1.2856439 1.031535 -0.39134338 3
-1.1984032 1.0311435 -0.30057466 4
2.5808101 1.0069654 -0.33648196 1.5
2.8657415 1.0234441 -0.32120967 5
3.0733607 1.0561726 -0.34388414 70
3.1258752 1.0151809 -0.38454556 69
-2.1065512 1.1511421 -0.33699155 32.5
-2.0931613 1.142121 -0.33373931 29
-1.5536445 1.1837088 -0.38815138 10
-1.4371061 1.1438502 -0.38627836 10
-1.3665886 1.1300457 -0.38857752 11.5
-0.099366419 1.1539863 -0.31950045 5
2.4211667 1.1841586 -0.30429175 152
3.0462439 1.1112829 -0.34281114 75
-2.114979 1.2474275 -0.37830043 2
-1.626141 1.2621281 -0.38418242 10
-1.4686921 1.2511805 -0.38676751 10.5
-0.15914512 1.2072036 -0.31372717 4
-1.7272629 1.3755251 -0.35449395 40
-1.6409069 1.3460633 -0.37479407 17
-1.5478077 1.3391647 -0.3824625 9.333333
-0.24372154 1.3673458 -0.34770334 3
0.23981661 1.3236827 -0.36905992 31
0.31252632 1.383294 -0.30321142 1
2.6692297 1.3166577 -0.38914201 95.5
2.8478785 1.3299618 -0.33222544 36
-1.6567786 1.4343404 -0.37339604 14
0.29878375 1.4212171 -0.37364483 24
0.3425062 1.4443426 -0.32839054 2.6666667
-2.3141365 1.5115421 -0.33646145 2
-1.8645238 1.5176408 -0.35997963 21
-1.7519147 1.5614556 -0.35462207 22
-1.6821988 1.507301 -0.36490977 29
2.1040914 1.5071486 -0.33435851 0
2.4729192 1.5980761 -0.38735422 3
-1.9981791 1.6558837 -0.35914135 26
-1.8590094 1.6828601 -0.34786668 20.5
-1.7913053 1.6347544 -0.36090079 28
1.0804513 1.6241207 -0.35581243 64.5
1.1035744 1.6481757 -0.35209554 119
-1.9183787 1.7813754 -0.35641903 44
1.780488 1.7866135 -0.35355479 255
1.8249106 1.770113 -0.35716477 138.75
2.3976002 1.7074819 -0.32871544 50
2.4060462 1.7626405 -0.36562991 84
1.7420678 1.8478369 -0.36043325 189
2.3930364 1.8384534 -0.30927768 13
0.54764956 1.958105 -0.35606751 28
1.1227214 1.9515475 -0.31506324 13
0.5451386 2.0105066 -0.34409836 12
0.6094386 2.0191495 -0.31281421 20
0.76643819 2.0954306 -0.35564414 23
0.95505244 2.0899446 -0.32563028 15
0.39143232 2.1385336 -0.30768624 0
0.7746008 2.1401384 -0.32277176 13.666667
0.89848536 2.1624453 -0.39877754 17
0.93785363 2.1322341 -0.34921774 16.571428
0.3368085 2.2303615 -0.33648431 5.5
0.8207438 2.2427912 -0.3532196 9
1.458653 2.3258739 -0.37299216 4
1.5577364 2.3852985 -0.35636899 2.6666667
1.6454668 2.4727759 -0.36260703 2.5
1.7357968 2.5620427 -0.33491087 37.5
-6.2217884 -8.9484034 -0.21330899 76
-9.9342279 -8.5475874 -0.24764007 67
-9.9530334 -8.4643459 -0.28295106 93
-9.6484175 -8.1079407 -0.20895839 130
-4.4119315 -7.3720698 -0.20327899 31
-4.2500033 -7.3921418 -0.28718546 14
-0.13659 -6.7072921 -0.23855975 44
-0.029967705 -6.7513652 -0.25622362 31
-0.25154704 -6.6344976 -0.25229019 23.5
-6.0124679 -6.3564215 -0.27577737 49
-0.051206611 -6.3588352 -0.22819287 24
1.7827746 -5.7469287 -0.23156101 76
-2.4015326 -5.6201282 -0.25093693 2
-0.26257479 -5.6560082 -0.29171959 21
-1.134998 -5.4892688 -0.26729053 0
-1.8404971 -5.3299274 -0.21266845 46
-1.6125014 -5.1687326 -0.21172604 43
-0.94602865 -5.1914477 -0.24108946 3
2.2679377 -4.9874616 -0.25933731 36
-1.3299296 -4.8313627 -0.23326507 16
0.23669133 -4.3143954 -0.2544511 51
3.3618197 -3.8998857 -0.23188347 64
1.4570763 -3.7234139 -0.2770716 9
1.4061824 -3.6731184 -0.255162 9
1.6052307 -3.6775668 -0.24399894 1
0.33652583 -3.589143 -0.24950309 63
0.44716746 -3.5609744 -0.21323451 75
1.7125297 -3.5182703 -0.24033907 55
0.81057715 -3.4073219 -0.25074714 112
1.9836674 -3.4708593 -0.2045922 30
4.0186763 -3.429496 -0.2776095 51
4.4097509 -3.454879 -0.21300912 91
0.87666911 -3.3747017 -0.23196435 87
0.94190556 -3.372488 -0.26172981 103.33334
0.55755168 -3.2035966 -0.26044112 6
4.2831049 -3.2651639 -0.26691228 54
4.6724563 -3.228066 -0.24929422 25
0.52999955 -3.1946325 -0.22824621 9
4.8199568 -3.1114054 -0.23130369 9
1.7390178 -2.7584803 -0.20114291 26
1.6938013 -2.654938 -0.22639421 30
1.7106164 -2.6025169 -0.24269536 24
1.9927528 -2.6842835 -0.29551849 34
2.0245423 -2.6782699 -0.22726679 78
1.6830895 -2.5451007 -0.26987588 72
1.7122383 -2.5194745 -0.28917623 79
1.7955749 -2.4779763 -0.26684719 93
1.8414375 -2.4684563 -0.22660476 42
3.1103275 -2.4520659 -0.2241641 59
2.0126638 -2.1444848 -0.26636815 11.5
2.470288 -2.1740117 -0.22720246 79.666664
2.5044904 -2.1409235 -0.20759067 62
-2.9831553 -2.0440347 -0.22321503 82
1.9867642 -2.0985026 -0.22649506 16
-2.0271318 -1.9236879 -0.21620768 50
-1.9590106 -1.9660959 -0.24509978 25.333334
2.6854255 -1.9828296 -0.20785809 5
-2.2284021 -1.7200059 -0.22268662 18.5
-2.3603282 -1.5677245 -0.22972524 5
3.8202331 -1.5202948 -0.29639614 35.5
5.3939815 -1.5267266 -0.21763226 40
3.4883859 -1.3244046 -0.24664938 75
3.5356803 -1.3140481 -0.2460652 119
3.6459644 -1.3407881 -0.23813921 152
4.137054 -1.3423036 -0.21054633 107
4.2796245 -1.3044373 -0.20001194 24
-1.3447437 -1.2238129 -0.22653136 33
3.5655863 -1.2704682 -0.22889465 139
3.6266203 -1.2588763 -0.21577774 125
-5.3806658 -1.113984 -0.26240921 60
-5.1894159 -1.1697558 -0.27477863 9
-3.7276046 -1.1016345 -0.26497701 12
-1.8926569 -1.1218947 -0.26636562 10
-1.3816791 -1.1932322 -0.22198841 50
3.7500539 -1.155615 -0.29584283 25
-3.7582242 -1.049021 -0.26232421 32
-1.5093633 -1.0680295 -0.20426881 41
-1.4706064 -1.0295815 -0.25380087 21
4.9238076 -1.0073804 -0.26582745 40
-1.7033319 -0.95880771 -0.22160482 151
-1.6877373 -0.91478813 -0.20559427 77
-1.5831118 -0.96772629 -0.21864711 21
-1.4334345 -0.98928565 -0.24360904 10
3.2938812 -0.94107854 -0.23831126 27
3.3528209 -0.91410601 -0.22935015 8
3.7494812 -0.96735919 -0.24226612 27.5
3.9105513 -0.93348527 -0.23478746 25
-3.8727732 -0.86298609 -0.24120663 44.5
-1.6287329 -0.82273751 -0.25200126 3
3.8530426 -0.83663857 -0.21323292 24.5
4.7743902 -0.83740741 -0.23556882 58
-3.8856306 -0.76984179 -0.22577542 27
4.7000961 -0.75691324 -0.22221684 61
-1.4289856 -0.6802727 -0.20218471 1
4.5657258 -0.60562783 -0.20283595 62
4.6300545 -0.67932969 -0.2117689 61
-1.2527272 -0.5163908 -0.28959346 0
-1.2771587 -0.47419477 -0.2717073 0
-0.25181699 -0.23418297 -0.27673876 1
-1.4573112 -0.12133431 -0.27586114 9.666667
-0.16205038 -0.18236437 -0.27551571 1
0.37715998 -0.14191093 -0.23235409 2.1666667
0.41707787 -0.14554518 -0.25120395 2.2
0.61981988 -0.18872216 -0.26114839 1
-1.4852984 -0.041630968 -0.2750729 10
-1.5003973 0.095418103 -0.2684074 11
-1.466602 0.045951437 -0.26697648 6.6666665
-0.21005049 0.071272023 -0.25456122 1
-0.18954855 0.050198305 -0.27696586 0.66666669
-1.4851305 0.15132636 -0.27421862 10.7
-0.35440499 0.1456859 -0.25861761 2.5
0.35230964 0.1691612 -0.26154262 3.75
0.40609556 0.14454819 -0.23000924 1
-1.4609292 0.23782669 -0.28241989 6.7142859
3.6197124 0.33554888 -0.20405045 44.5
-0.62250584 0.46738401 -0.2495219 7.9000001
-0.59718657 0.4978503 -0.25917882 5.5
3.5809872 0.48238328 -0.23829025 84
3.6382928 0.42553243 -0.22588481 77.5
-0.7621991 0.59641492 -0.20931399 2
-0.68613076 0.50420588 -0.26908663 1
-0.5432083 0.54848552 -0.24376287 8.6153851
3.4889991 0.59156567 -0.26915345 76
3.5349743 0.53847408 -0.25301334 70.5
-0.82605904 0.65650791 -0.23516989 1.3333334
-0.78808337 0.62111312 -0.25011605 2
-0.44434229 0.63966763 -0.25015789 9.8000002
-0.36642236 0.69959503 -0.24876961 8
3.4381981 0.64996767 -0.25977641 77.666664
-2.159297 0.79978609 -0.20697799 54
-0.93161565 0.7785008 -0.2765533 1
-0.88297695 0.72761512 -0.22172593 2
-0.35078055 0.72853196 -0.25142387 8.875
1.3293511 0.7869761 -0.24927646 0.5
3.3646338 0.73411351 -0.237103 78.333336
-2.1148584 0.86012548 -0.22676818 70.666664
1.2806104 0.82783574 -0.26371205 0.33333334
1.3128048 0.80424637 -0.24771984 0.66666669
3.2562501 0.85596693 -0.25190598 73
3.3088498 0.80145729 -0.26607627 78
-2.1384387 0.95269942 -0.25735158 150
2.6381781 0.96720004 -0.26246625 0.75
3.1612816 0.96858692 -0.26347539 76.333336
3.2077618 0.90889782 -0.23490441 75
-2.2322874 1.0674145 -0.29455143 57
-1.8570338 1.071612 -0.21358907 35.666668
0.081123672 1.0330545 -0.26494867 0
2.6347089 1.0133852 -0.24237037 1
3.0550106 1.0653068 -0.26149818 55.333332
3.1119704 1.0268786 -0.29388332 84
-1.821054 1.106223 -0.22759382 23
-1.7941577 1.1330099 -0.23045793 27
2.2974176 1.1919316 -0.2177338 160.5
2.3213215 1.1585879 -0.26083723 210.60001
2.9526715 1.1767718 -0.25376147 39.5
3.0165725 1.1090695 -0.2139934 33
-1.6238147 1.2911911 -0.22731632 73
-0.24966346 1.2566253 -0.27825785 3.5
0.23282838 1.2522936 -0.29347715 1
2.2868521 1.2227625 -0.21559191 16
2.8921144 1.2731521 -0.28417537 46.5
2.9303064 1.2237139 -0.23162381 44.5
-2.0465746 1.3670272 -0.28817469 6
-1.5612428 1.3632978 -0.2251626 99
0.2827009 1.3271545 -0.24421611 0
-1.5767884 1.4135908 -0.2405571 152
0.36678576 1.4657712 -0.23285677 12.5
0.63658381 1.696292 -0.21207654 152
1.0734464 1.6915662 -0.23142505 68.5
2.1330683 1.6634365 -0.21336564 2
2.4314761 1.66944 -0.28403151 19.5
-1.8492314 1.7156966 -0.21311322 39
0.65931773 1.71428 -0.20884305 154
1.0805889 1.7127283 -0.29824832 117
1.1085869 1.7248981 -0.29542482 94
1.7813464 1.7898377 -0.27704906 255
1.8104742 1.7909585 -0.26543531 255
1.7746035 1.8326889 -0.25053799 208.33333
2.3751602 1.8591512 -0.27085012 13
0.57864594 1.9215447 -0.29943827 56
0.65602261 1.9509856 -0.24226317 76.5
0.99889207 1.9710402 -0.24948168 46
1.0469333 1.9855801 -0.22103244 31.5
1.1058184 1.9742191 -0.2797173 23
1.9529318 1.9142628 -0.23953503 102.5
0.46088424 2.0977187 -0.23261809 9
0.61044884 2.016645 -0.28374442 51
0.70399642 2.0325549 -0.21304658 21
0.9766314 2.0577023 -0.28048912 20.666666
1.9055139 2.0845923 -0.21577916 3
0.37060004 2.1798444 -0.27289683 18
0.41702998 2.1399078 -0.25415048 31
0.73948187 2.1298187 -0.23615925 29.571428
0.91905761 2.1587968 -0.26671472 16
0.34571558 2.2230873 -0.2191436 12
0.87088621 2.2117 -0.22323653 15
2.0057464 2.2802377 -0.29124066 110
1.4956695 2.3190522 -0.24482402 9
1.5494592 2.3544209 -0.26242805 7
1.9763975 2.3189683 -0.22888725 139
1.5975056 2.434767 -0.29467291 2
1.6086531 2.4121904 -0.28864786 4
1.8308778 2.4685571 -0.2211151 99.5
1.6788009 2.5327084 -0.26632285 3
1.7593188 2.5387669 -0.25275266 78
-9.9881887 -8.4716368 -0.11034408 64
-5.0477872 -7.57335 -0.17022991 5
-4.6761994 -7.5205107 -0.12239127 29
-0.21052063 -6.7174363 -0.12956707 28
-0.17033774 -6.758462 -0.11722831 4
-0.039692484 -6.732707 -0.10442147 55
-0.48710561 -6.6948042 -0.15691382 16
-5.9877205 -6.514586 -0.17630967 36
-6.0843868 -6.4379272 -0.14478235 41
-2.6513739 -5.6687131 -0.1023477 11
-2.5118008 -5.6095982 -0.17432417 14
-2.8399961 -5.5585284 -0.10165478 19
-1.1321454 -5.4674335 -0.14548577 0
-1.531181 -5.2699213 -0.1937533 18
-1.6141548 -5.1612415 -0.11508168 43.5
-0.95436925 -5.1645951 -0.1283423 14
2.3529141 -4.9610767 -0.17526595 62
1.4942244 -4.560626 -0.14224841 2
3.1739833 -4.0339999 -0.14455841 78
1.1503556 -3.7052245 -0.12208281 127
0.27077374 -3.6093378 -0.16628519 1
0.27896535 -3.591989 -0.15000403 2
0.35927516 -3.5989203 -0.14938778 55
0.44709736 -3.5259819 -0.10831577 69
1.6712029 -3.5585175 -0.14705577 39
4.3759227 -3.5009449 -0.14009921 70
0.51089674 -3.4957745 -0.14943005 113
1.051231 -3.448261 -0.17184517 29
1.9267544 -3.4400733 -0.12515804 54
0.84466666 -3.3910027 -0.15233476 78
0.92418391 -3.3736432 -0.13388546 115
4.5866747 -3.3149962 -0.10860682 71
-4.6069298 -3.2756627 -0.18116808 70
4.6261497 -3.2706437 -0.17997396 50
-4.4978991 -3.1905184 -0.10934165 205
0.49724889 -3.1781549 -0.15623467 18
0.51821399 -3.1815224 -0.148157 19
2.3994 -3.1679406 -0.13970943 78
4.7691426 -3.1460011 -0.1650352 18
4.8298335 -3.1042068 -0.12305954 17
4.8627787 -3.0541279 -0.18747221 6
1.6800858 -2.7963684 -0.11963883 18
1.7131635 -2.7905982 -0.1813741 18
2.0745091 -2.7017472 -0.16143213 85
5.2207122 -2.7355185 -0.12924176 35
2.8157954 -2.6713464 -0.10649492 14
3.0922172 -2.6405976 -0.13669997 30
3.1384964 -2.6279058 -0.14491743 21
2.1274016 -2.5370879 -0.13465767 97
3.135747 -2.5702143 -0.11104642 19
2.0883582 -2.4099104 -0.17548661 150
2.1194055 -2.4784536 -0.1349231 94
1.9389532 -2.3408966 -0.1631462 33.5
2.474237 -2.2068734 -0.11781345 150
4.0688748 -2.2254412 -0.17301193 6
1.9888468 -2.1748452 -0.19304085 15
2.478457 -2.1454725 -0.16810681 88
2.544874 -2.1180308 -0.15727748 59.333332
4.0484533 -2.1229911 -0.1325649 6.5
4.1344895 -2.1013079 -0.10623375 11
-2.9723392 -2.0619855 -0.15728638 87.5
-2.0254366 -1.9266279 -0.17692548 28
-1.9792532 -1.9511803 -0.14729746 18.666666
-2.2312052 -1.7194219 -0.18614954 50.5
-2.272728 -1.6731985 -0.1807383 50
-2.3640273 -1.5717268 -0.1989291 56
5.41468 -1.5261179 -0.19111824 11
5.2989154 -1.4124454 -0.19337445 15
-1.2347372 -1.3043306 -0.19047281 12
4.270205 -1.3534336 -0.19898149 37
4.3474593 -1.3166475 -0.18333444 12
-1.3505912 -1.2308955 -0.18790708 10
-1.269641 -1.2804347 -0.16874707 15
3.6391284 -1.2279305 -0.19899991 101
-5.2471085 -1.1679058 -0.12659809 64
-1.3777578 -1.1965933 -0.18502362 12.5
3.6551626 -1.1950494 -0.19783124 81
5.0834098 -1.1930526 -0.1246863 17
-1.5013472 -1.0698433 -0.17415334 23
-1.5884608 -0.9777267 -0.16892549 3
3.3508861 -0.92054915 -0.12732652 25.5
3.732415 -0.93771386 -0.10910289 1
3.8878171 -0.92856908 -0.12117462 1
3.928457 -0.94050097 -0.10330395 9
4.9295964 -0.99712813 -0.12128188 59
-1.6887958 -0.88377476 -0.19282353 32
3.8031044 -0.8481096 -0.10699563 0
-1.5422336 -0.76570743 -0.16142905 2
-1.4273196 -0.67265296 -0.13763244 1
-1.2730598 -0.53036237 -0.13487411 0
3.0684495 -0.53285474 -0.14290154 37
4.49861 -0.53398532 -0.19385552 66
-1.314041 -0.44712377 -0.11048836 0
-1.288802 -0.47993565 -0.12457366 0
4.437901 -0.4662092 -0.1871098 63
-4.0411444 -0.35345852 -0.11085816 44.5
4.3479147 -0.36802205 -0.18019384 69.5
-0.3191523 -0.20872489 -0.14478065 1.75
4.2407765 -0.24517339 -0.17402747 67.5
-0.32947996 -0.18656582 -0.1301268 1.375
-0.26394355 -0.1875267 -0.13586813 1.2666667
4.1369257 -0.1307573 -0.1718117 94
4.0623646 -0.049751326 -0.17259662 105
-0.36586145 0.096448019 -0.11539956 1
-0.24011251 0.074625544 -0.16719267 0.44444445
3.8484297 0.097902201 -0.17587927 150
3.9519615 0.052025508 -0.17557728 150
4.0124502 0.00224768 -0.17382428 143
-2.5825367 0.14719751 -0.10685498 0
-0.3280364 0.11204628 -0.15639566 1.8888888
-0.26987591 0.10905604 -0.17097548 1
3.4589703 0.1294608 -0.15931244 154
3.7254593 0.18713877 -0.18158144 46
-3.791399 0.29676592 -0.16710694 38
-0.38827658 0.23005809 -0.16500595 1
3.6765456 0.25216675 -0.18988505 41
3.7959585 0.25819337 -0.10192743 83
-2.7546997 0.33670703 -0.12811556 92
3.6727183 0.39196965 -0.12809074 78
3.7410102 0.32720917 -0.11547649 79.5
-2.6189179 0.4677726 -0.13909468 77.5
-0.6209603 0.47427252 -0.15688197 7.75
-0.5909754 0.49423242 -0.19044501 9.5
3.6196184 0.45501804 -0.14343962 79.5
-2.5483837 0.53840613 -0.14799857 113
-2.4916387 0.58751607 -0.15611899 32
-0.72342426 0.55607951 -0.14284974 3
-0.54010385 0.54996163 -0.14586678 9.181818
-0.48870859 0.58936697 -0.17508715 7
3.4932411 0.59174705 -0.18369105 81
3.5341284 0.54769099 -0.13760459 78.75
-2.4419823 0.63686895 -0.16489047 100
-2.3332641 0.66533923 -0.16956751 67
-2.2875595 0.69002199 -0.1756717 51
-0.82178611 0.6644153 -0.14909878 2
-0.79145962 0.63379335 -0.10402204 2
-0.43763623 0.64494956 -0.13571452 8.7333336
3.4453642 0.64496332 -0.1503163 82
-2.468029 0.79256302 -0.10507935 65
-2.237227 0.73189044 -0.18652388 51
-2.1902277 0.77363759 -0.19874275 58
-0.35252851 0.71813738 -0.1489701 10.1
1.3322827 0.7736131 -0.19118962 0
3.3507624 0.75263661 -0.17020421 80
-2.6063106 0.8949064 -0.12317534 11
1.247823 0.88059223 -0.16284731 2
3.2899096 0.81565374 -0.19403929 77
-2.3221357 0.93641776 -0.12347028 32.666668
-2.2695408 0.97859502 -0.14733301 35
-2.1960623 0.99208993 -0.13788849 72
-2.0752614 0.96905208 -0.16675764 34.5
-1.9596062 0.99326229 -0.18308502 40
1.2257465 0.90118974 -0.1731994 1
1.3855431 0.94739425 -0.11095077 2
-2.7620304 1.0356774 -0.13163322 99.5
-2.1417735 1.030118 -0.15399989 51.5
-2.0244954 1.0301415 -0.16434914 56
-1.9121526 1.0274588 -0.1831218 33.333332
-1.8735803 1.0629568 -0.19256955 55
3.0821104 1.0691557 -0.13179988 88.5
3.1174421 1.0187058 -0.10127889 90
2.2991624 1.1970156 -0.19746634 212
2.3246331 1.1806116 -0.18168354 176
2.9688387 1.1585279 -0.15298533 20.75
3.0262346 1.1307726 -0.1736421 78.5
-1.6237159 1.2941892 -0.19518027 54
-0.26816809 1.257086 -0.15437931 0.5
2.2867656 1.211551 -0.19371268 11
2.8830369 1.2835462 -0.15308703 31.200001
2.9038515 1.2531837 -0.18863226 17
-1.6706313 1.343515 -0.17301512 10
-1.5573545 1.3738524 -0.19535565 89.666664
2.6647592 1.3713449 -0.19596812 67
2.7290661 1.3518934 -0.16921803 50.5
2.8470905 1.3223373 -0.12584691 36.400002
-1.7371488 1.4144778 -0.11630274 150
-1.6460502 1.4727279 -0.1475265 153.39999
-1.5660907 1.4349171 -0.12144934 8
0.37737167 1.4813197 -0.17083454 7
-1.8715006 1.5467305 -0.17375253 12
-1.7288651 1.5827963 -0.11174142 150
-1.8203009 1.6977944 -0.10381036 150
1.0248562 1.6978737 -0.10311937 150
2.1125629 1.67786 -0.18190786 8
-1.9136875 1.759105 -0.19844112 22
0.6739679 1.717101 -0.126454 153
1.051805 1.7488033 -0.1656868 66.5
2.0781295 1.7287276 -0.18515378 1
2.1371975 1.7440614 -0.14443704 4.75
2.2305543 1.7957984 -0.14607696 0
-1.9494675 1.8291922 -0.10001245 66
1.0652485 1.8243808 -0.16074809 150
1.9646341 1.8458591 -0.18671545 8
2.0375299 1.8591039 -0.1433844 3.5
2.1826463 1.8746053 -0.10574965 0
2.2221632 1.8375835 -0.10414861 4
2.3734417 1.8696327 -0.1153032 14
0.47995639 1.982065 -0.12792775 66.5
0.51915056 1.9509186 -0.15408789 90
1.0554401 1.9697311 -0.16616 50.400002
2.1807582 1.9552349 -0.10334593 4
0.39472911 2.0860898 -0.16970524 63
0.44006822 2.0296352 -0.15194114 68.333336
0.56079447 2.0189836 -0.12562384 150
0.72399938 2.0833039 -0.16449562 76
1.1691954 2.0554914 -0.12843139 8.5
0.36163318 2.1265404 -0.13912252 57
0.76066309 2.142343 -0.16739167 73.25
0.82591498 2.1109328 -0.14349411 150
0.90144473 2.1747608 -0.19344327 17
1.4369066 2.2737503 -0.1701033 11.5
2.0036161 2.2917271 -0.19955805 120
1.5158976 2.3366034 -0.15287298 9
1.9451544 2.3488934 -0.13491397 135.8
1.8497708 2.4428525 -0.13351837 107.5
1.7825899 2.521194 -0.16416389 85.5
-6.8662224 -10.420477 -0.052510846 79
-5.8857689 -9.1927433 -0.043855388 43
-6.2616339 -9.0078468 -0.022271838 9
-9.9227781 -8.5360594 -0.072967529 77
-0.14671966 -6.808558 -0.091073737 44
-6.0304942 -6.5380268 -0.041558016 21
-0.35519171 -6.594521 -0.040331926 20
-6.0832491 -6.4378901 -0.0081783282 39
-2.6983671 -5.6616154 -0.046265211 0
-2.7285769 -5.5747256 -0.024807502 50
-1.1402807 -5.5099034 -0.027931873 0
-1.8529586 -5.3334312 -0.052814227 34.5
-1.7610302 -5.3488026 -0.072213724 40
2.3303039 -5.2596273 -0.087938115 110
2.422123 -5.2318115 -0.00038812397 137
-0.96540624 -5.157784 -0.015864972 45
2.5054619 -5.1157665 -0.094063044 129
1.3588432 -4.5639567 -0.073772684 41
1.4336303 -4.5008593 -0.040846031 59
1.4777931 -4.4976735 -0.056510169 60
0.10147471 -4.2569652 -0.073062092 11
0.17138502 -4.0775957 -0.0041106893 45
0.44456068 -3.5410564 -0.052593369 74.400002
-4.3339176 -3.4047148 -0.046999153 38
1.0475866 -3.4238834 -0.019449335 29
-4.421771 -3.3549592 -0.007048999 150
0.63118339 -3.3896384 -0.029975276 22
0.78433084 -3.3940413 -0.061341915 89
0.81111813 -3.3960068 -0.053772461 83
0.98025864 -3.3573053 -0.076856837 114
4.5329418 -3.3468177 -0.035950448 82
4.6853471 -3.2276773 -0.032116134 62
-4.4782915 -3.1719959 -0.043478336 151
0.57450575 -3.1884425 -0.08205469 18
4.7500648 -3.1616633 -0.078265876 34
1.6774595 -2.8831446 -0.043068275 5
1.7259412 -2.8669744 -0.0035340386 0
2.1734269 -2.725405 -0.020561878 14
2.8069592 -2.7206857 -0.051738206 33
2.0794401 -2.5243134 -0.058560546 76.25
3.0291045 -2.5784595 -0.032957021 47
3.1470058 -2.5316432 -0.068382673 16
2.1542165 -2.4609082 -0.042888138 106
3.1711416 -2.4342484 -0.015357386 62
4.158042 -2.0286896 -0.065979764 15
4.3706203 -2.0434744 -0.03026404 57
-1.9794232 -1.941955 -0.065645151 0
4.0691471 -1.9826225 -0.073365271 32
4.3929114 -1.9972017 -0.01661903 64
-2.4364331 -1.5322134 -0.07713671 15
-2.3743086 -1.5466003 -0.098334774 16
-1.229937 -1.311299 -0.037219238 2
-1.2491571 -1.2894808 -0.019844484 11
-2.0047572 -1.1410921 -0.024579849 47
-1.9911736 -1.1767368 -0.041647967 23
-2.0055413 -1.0961154 -0.0078470008 48
4.9390178 -1.0102972 -0.092941344 63
3.9256077 -0.8285234 -0.079794466 16
4.7722654 -0.82648718 -0.082630329 60
-2.4824743 -0.73178571 -0.097773314 9
3.8228369 -0.79771262 -0.098136678 17
4.6840372 -0.73156822 -0.088081822 59
4.7045693 -0.75356692 -0.057402302 60
-4.8436375 -0.65857053 -0.05384722 34
-2.4992983 -0.69405901 -0.088801682 4
4.5676703 -0.60163325 -0.041380513 69
4.6241956 -0.66397738 -0.065116599 67.5
-4.7634606 -0.56550658 -0.04401214 57
-1.2563081 -0.51155651 -0.094992921 0
3.0720665 -0.52831501 -0.052574757 62.5
4.4939322 -0.52828622 -0.035754066 72
4.5419717 -0.57313037 -0.075040013 62
-4.6494455 -0.47243404 -0.034084294 45
-2.6907895 -0.43896753 -0.038078059 4
-1.3290923 -0.42176905 -0.070573814 0
-1.2807592 -0.48054051 -0.082928188 0
4.4407058 -0.461795 -0.055734452 65.333336
-4.5609536 -0.3873702 -0.026237715 24
-2.4139667 -0.35085803 -0.02820323 3
4.3451762 -0.35928658 -0.038071528 70.666664
-4.0576377 -0.24535021 -0.098479673 67
-1.6362363 -0.24568002 -0.050704397 8.8571424
-1.5774906 -0.27424201 -0.068245821 12.5
-0.31641477 -0.20655236 -0.020688243 0
4.2507191 -0.24830951 -0.042279132 71.25
-1.7194484 -0.15113796 -0.061106622 5.6666665
-1.6706887 -0.17780784 -0.069314465 8
-0.32339844 -0.16996467 -0.05935974 0.77499998
-0.26704931 -0.17567381 -0.025204739 10.186047
4.157558 -0.14094152 -0.0502459 67
-1.8236388 -0.068238519 -0.046149626 6.6666665
-1.7689425 -0.096749656 -0.068344325 7
-1.6054597 -0.041787639 -0.059353281 3
-1.5390801 -0.019314211 -0.040264159 1
-0.22876039 -0.076651223 -0.075279608 0
0.61752951 -0.071772851 -0.076530263 0
4.0700855 -0.04367454 -0.046273403 71
4.1120315 -0.091773912 -0.022865798 73
-1.5150244 0.01404298 -0.054780845 0.5
-1.4956472 0.046281669 -0.054768879 3
-0.31482193 0.083749399 -0.075191386 0.40000001
-0.25977913 0.054252654 -0.082146399 0
3.975414 0.063313738 -0.053452514 68.5
4.0211506 0.01073253 -0.049329109 68
-1.6240498 0.17249095 -0.010168227 0.33333334
-1.5508488 0.10754936 -0.02183665 1
-0.32594877 0.11283993 -0.074130781 0.98245615
-0.25519288 0.13776454 -0.028132124 5.169014
-0.18475182 0.12632442 -0.025800819 0.14285715
3.8843846 0.16249496 -0.063479379 72.5
3.9265406 0.11334051 -0.057877846 75.5
-3.8149807 0.25162673 -0.066540986 5
-1.6225221 0.21259168 -0.072811238 2
3.7747512 0.27699733 -0.051882822 74.5
3.8433027 0.21067396 -0.069453821 79.5
-3.6802151 0.37642252 -0.06545525 1
-2.750772 0.34322017 -0.028532524 58
-2.6930373 0.39968598 -0.012538944 115
3.6841772 0.38522282 -0.069987193 74
3.7277133 0.34418505 -0.062318828 81
-2.6395566 0.453329 -0.040827028 122
-0.61721873 0.47180188 -0.058546022 8.666667
-0.59490943 0.49688694 -0.044533744 8
3.6284189 0.44650078 -0.082012095 77
-2.5421977 0.53788763 -0.04648054 69
-2.4984512 0.58282304 -0.035240609 54
-2.3761847 0.57482231 -0.069452211 3
-0.74556965 0.58363426 -0.029340144 1.8
-0.6866315 0.51818186 -0.050224703 2.6666667
-0.54172194 0.54734933 -0.048850834 8.9499998
-0.4885911 0.58130324 -0.054448385 6
3.5734236 0.50479585 -0.094760939 78
-2.4415996 0.63464034 -0.055832159 92.333336
-2.3425617 0.66073573 -0.067491375 84.5
-2.2884274 0.68605685 -0.073466875 47
-0.77480245 0.61630839 -0.075501621 2
-0.44143486 0.64439642 -0.04662326 8.4736843
-0.38858566 0.68298751 -0.028945178 7
-0.36035162 0.71690369 -0.050241601 9.5625
3.2520022 0.86346924 -0.01550765 79.5
-2.8305948 0.95144182 -0.092261739 115.5
3.163703 0.96893978 -0.072003707 79
3.2036397 0.91606599 -0.04332846 80
2.3194394 1.1801846 -0.016966794 255
2.9880769 1.1795293 -0.035765443 107
3.0275698 1.1329132 -0.009316396 103
-0.30783069 1.2803966 -0.010413227 1
-0.28790921 1.2911557 -0.022029225 1
-0.1826292 1.2286594 -0.0065459283 4
2.2812369 1.2298822 -0.061102841 156.66667
2.8856859 1.2661858 -0.018722203 0
2.9289665 1.235128 -0.069618993 57.333332
-1.7103075 1.3874189 -0.078921527 81
-1.7510967 1.4279618 -0.031155743 155.5
-1.7720639 1.572467 -0.096962646 123
0.76538527 1.5619668 -0.072307587 36.5
0.98034251 1.5996871 -0.0612281 59
2.5219693 1.597533 -0.049131624 18.5
0.69725615 1.6545718 -0.074058488 153
0.75737059 1.6317329 -0.073070265 155.5
0.81339931 1.6188326 -0.080843419 152
0.94741195 1.637141 -0.080823064 150
2.4953103 1.6411083 -0.013972011 37
2.5137193 1.6246687 -0.043143447 21
-1.9526687 1.7633882 -0.058512904 127
0.64525682 1.7598066 -0.05468991 121.14286
-1.959275 1.8441951 -0.045736656 60.75
0.62522155 1.8534428 -0.032469485 150
0.83093727 1.8989735 -0.075564638 0
0.9718222 1.8576192 -0.070766285 10
1.0293813 1.891964 -0.053619038 55
0.47967619 1.9855958 -0.059335716 63.5
0.54701728 1.962214 -0.054777306 92.333336
0.64217573 1.9617646 -0.014553271 88
1.1293803 1.9907546 -0.089692876 9
2.2827239 1.9744575 -0.056145247 76.25
2.3149462 1.9378231 -0.0059236409 77
0.43831807 2.0372558 -0.06969934 60.5
0.55357146 2.0361278 -0.099120393 153
0.66731215 2.0291193 -0.037417293 119.66666
0.99163872 2.0750082 -0.050744016 20
1.0393054 2.0179675 -0.024165753 21
1.187078 2.086201 -0.060869981 9
1.8288133 2.0180249 -0.026144553 158
2.2343295 2.0187776 -0.045552138 53.666668
0.77310765 2.1325474 -0.040525973 46
0.86135393 2.1762445 -0.050574191 27.25
0.93237334 2.1270123 -0.016456166 21.666666
1.2743484 2.1426027 -0.031015301 6.3333335
1.3310827 2.1614189 -0.050736483 6
0.84755784 2.2110939 -0.061714839 38
1.3625194 2.2188129 -0.062832594 6
1.4397008 2.2881031 -0.029151026 15
1.3209943 2.383569 -0.098605782 20
1.4709188 2.3103037 -0.077403814 10
1.938894 2.3582442 -0.061510034 136.2
1.8769938 2.4280269 -0.037761062 112.66666
-6.8561993 -10.346803 0.070223875 62
-3.2397745 -9.2340727 0.090244874 10
-4.5315828 -9.1739893 0.078983538 14
-9.9933043 -8.4498167 0.061919425 68
-1.8662132 -7.1086426 0.04167157 65
-0.21582133 -6.8317933 0.017156363 29
-0.15903968 -6.7968454 0.057458274 65
-0.048906617 -6.726038 0.044380374 63
-0.24482143 -6.6233058 0.072930984 20
-5.9815311 -6.4579234 0.093390808 50
-2.8178689 -5.50705 0.018924821 3
-2.6668081 -5.5524049 0.073165871 16
-1.1384102 -5.4820871 0.091806576 0
-1.8379308 -5.3163052 0.018476799 46
-0.98806709 -5.2361498 0.094447426 2
2.4063067 -5.2030745 0.096446291 94
-1.6321988 -5.1460867 0.0084238006 38
2.4511051 -5.1743445 0.055650622 97
2.6640062 -5.0103073 0.077181593 91
1.4492959 -4.6049709 0.041193768 32
1.519518 -4.5477324 0.081261903 67
0.094936311 -4.1390786 0.072233826 8.5
3.344357 -3.9188995 0.079684205 84
1.1476707 -3.6952209 0.041303195 130
2.6261623 -3.6084819 0.01408413 150
0.38394991 -3.5585723 0.049609728 76.5
0.69315076 -3.5146101 0.028353458 41
2.5173888 -3.5034978 0.093557157 83
0.73869294 -3.428592 0.07085672 112.5
2.4669785 -3.4318552 0.079643212 36
2.5295439 -3.4612792 0.0036287708 42
0.54730374 -3.3862467 0.033606291 25
0.77611393 -3.3993778 0.021461438 89
4.490612 -3.3852634 0.036389481 104
-4.4257793 -3.2379746 0.030556697 150
0.60538465 -3.2190294 0.086590916 7
1.1929336 -3.2226915 0.0038988357 1
4.6696339 -3.2422483 0.05568146 71
-4.4773164 -3.1629963 0.053995822 150
1.1605921 -3.1940205 0.074071355 36
4.7341661 -3.1782401 0.0088634146 53
1.6427163 -2.8831406 0.020731902 0
1.7107054 -2.8568578 0.098823644 18
2.8000476 -2.8311067 0.063722834 61
2.793539 -2.7631443 0.0053926921 106
2.3730457 -2.6676548 0.058740716 20
3.0384104 -2.6786659 0.051895227 53
-3.4676995 -2.4054008 0.052937321 23
2.1860802 -2.479902 0.013943209 106
2.2476366 -2.4366734 0.010032735 101
2.9936013 -2.3077002 0.044702683 160
2.7166574 -2.0803242 0.095724121 171
2.7188988 -1.9599364 0.014811857 75
4.4023509 -1.9238553 0.017673876 107
4.4286981 -1.8563067 0.045903631 99
4.4626851 -1.6999037 0.090375975 97
-2.3825102 -1.5384798 0.054657482 16
3.8313379 -1.5077612 0.067253314 165
3.815521 -1.4826658 0.055360764 13
-2.1290314 -1.3067936 0.063181192 68
-1.2479215 -1.3003427 0.091197595 2
-2.1595697 -1.2518697 0.086163439 55
3.5037313 -1.2958189 0.080519721 23
-1.6757481 -0.84674495 0.089947276 37
-1.5821202 -0.80218798 0.0071279174 16
-1.2498491 -0.50960177 0.039004471 1
-1.2490609 -0.48457757 0.046536636 0
-0.26517671 -0.18441463 0.0039505167 17.25
-1.2975582 -0.00039154338 0.0015320583 1
-0.26558217 -0.013022804 0.043781906 0.43990237
-1.4639789 0.042598281 0.0016059607 0
-1.3516445 0.018609453 0.0018266282 0
-0.25703019 0.0074411877 0.031193405 0
0.60265195 0.0043855095 0.0045280554 0.31211752
-0.23151986 0.13711612 0.00436565 1.5714285
-0.60577583 0.47566664 0.037391596 9
-0.59112006 0.48939124 0.051629979 8.3999996
-0.74073315 0.59049034 0.019570556 3.5
-0.68847299 0.52665329 0.014652103 3
-0.53999817 0.53436589 0.051189478 8.5
-0.4882637 0.58496898 0.049208596 9
-0.82266593 0.6883406 0.031918168 2
-0.78061295 0.64446187 0.028826868 3.5
-0.44045791 0.63904917 0.040703148 8.8999996
-0.37696722 0.6851427 0.072628662 9.6000004
3.4456196 0.65353245 0.077751525 90.333336
-0.86750263 0.77582777 0.044161074 2
-0.3490507 0.72023636 0.047139373 9.6428576
3.3519955 0.75269938 0.036900297 81.5
-0.90926272 0.80091608 0.040674862 2
3.3017905 0.80889881 0.010874345 84
-1.0102437 0.93241894 0.052234299 2
-0.96549207 0.91064501 0.05721258 2
3.1607633 0.97040814 0.07044147 92.5
3.2048626 0.92041028 0.092914075 88
-1.1401559 1.0997732 0.071387924 9
-1.0777475 1.0639946 0.077121347 3
3.0796165 1.0695808 0.023247516 99.5
3.1208789 1.0215104 0.04789523 96
2.3104122 1.158062 0.086177915 178.66667
-1.2838818 1.2840477 0.098409168 12
-0.27586392 1.2786909 0.019153999 6.6666665
2.5627186 1.3027732 0.0043732664 152
2.7700229 1.3673053 0.04293875 116.5
2.8463969 1.3418896 0.081597887 125
-2.3725057 1.4733808 0.081966847 34
-1.7784539 1.4529786 0.018734507 157
-1.6927087 1.4773822 0.085671678 158
-2.3260245 1.5036101 0.072208397 35.5
-2.268836 1.5564948 0.043167289 27.25
-1.7407305 1.5323898 0.049350254 156
2.5545251 1.5930749 0.093825042 30
-2.2102745 1.6068449 0.012591599 12
-2.1839557 1.6410002 0.0031543477 3
-2.0279071 1.6981341 0.047976185 150
2.4767966 1.676272 0.051819712 72.5
2.5205762 1.6300837 0.038047563 18.666666
-2.067872 1.7327061 0.088769875 90
-1.92055 1.7263619 0.0045333756 150
0.62866169 1.7902838 0.067097664 65.666664
-1.9576302 1.8359451 0.052519001 117.2
0.63208932 1.8335618 0.042088617 101.33334
1.0135869 1.8956964 0.097977117 77
1.7667704 1.820523 0.015048482 255
1.818154 1.8064402 0.054412842 255
2.371984 1.8824641 0.060974251 4
0.56948835 1.9725546 0.024137555 68
2.3469496 1.914188 0.027467437 28
0.66024452 2.0679829 0.025632598 70.666664
1.0268427 2.0488176 0.016492475 22
2.1906214 2.0904596 0.06521564 128
2.247843 2.0337956 0.038209781 110.5
0.73087668 2.130441 0.031613946 39.5
0.80273873 2.1535673 0.030708443 73
0.94263786 2.1254678 0.020966606 26
1.2692715 2.1250486 0.033687778 6
2.1159437 2.1722634 0.096854463 150
1.29607 2.2200177 0.0067086322 4
1.4107096 2.2679119 0.019042902 4
1.376947 2.3556445 0.04578872 21
1.4325806 2.337476 0.062085509 16.666666
1.5263687 2.3662932 0.073759824 12
1.9412829 2.3637431 0.054130327 115.5
1.016553 2.4841871 0.015885089 25
1.3385835 2.4345002 0.068152122 77
1.4852917 2.4912729 0.0046362272 16
1.8602321 2.4654069 0.033679795 123.5
1.9082428 2.4124382 0.08502721 101
1.0955225 2.68589 0.056897372 13
1.1213995 2.6591642 0.077058792 14.333333
1.0636488 2.7124369 0.061442986 55
0.57173026 3.0974178 0.076550514 76
0.52720088 3.1231773 0.060448602 78
0.54218352 3.2104642 0.054417718 150
0.78004587 3.2351007 0.061774686 78
0.87570536 3.3141634 0.052252393 83
1.1140125 3.3264947 0.042064693 77
-6.886416 -10.400937 0.16460314 85
-7.0242319 -10.170726 0.1850487 53.5
-9.9269819 -8.5351038 0.10131752 79
-4.0159473 -7.7114902 0.17358346 52
-0.22120199 -6.8211255 0.16731264 17
0.042742826 -6.7546797 0.11037395 57
-0.058945723 -6.675374 0.19222875 68
-0.51193875 -5.647058 0.1415257 2
-2.6664834 -5.5145173 0.19071744 34
-2.8041852 -5.4763365 0.13784063 14
-1.0937648 -5.4914227 0.17164671 1
-0.31357294 -5.4658542 0.10479683 1
-1.8299006 -5.2832985 0.1347532 46
-1.5383135 -5.2507968 0.10106292 13
2.3625748 -5.2455945 0.13811392 89
-1.6239339 -5.1292086 0.14440757 46.5
2.7379096 -4.9452238 0.16008759 77
1.674039 -4.8749423 0.16962481 144
1.3925176 -4.7835221 0.13287678 68
0.038458355 -4.23385 0.16388589 10
0.13198818 -4.2520795 0.12090448 12
0.21833099 -4.117878 0.18813373 12
3.4078331 -3.8682325 0.14509541 52
0.7122941 -3.6390915 0.17585753 11
0.35289106 -3.5807209 0.12633879 69.666664
0.43012866 -3.5656376 0.18146238 69
0.68061692 -3.5869482 0.16336684 31
2.4918675 -3.5545454 0.16236024 54
0.66441578 -3.4588335 0.15162417 56
4.425025 -3.4390016 0.14674637 102.5
0.807989 -3.3966455 0.14295241 114
2.1168661 -3.3458924 0.16700234 6
4.5586677 -3.3337266 0.17312412 97
1.1369227 -3.2585375 0.14403985 3
4.5940232 -3.2935748 0.10416263 84
4.6489196 -3.2529736 0.14452051 76
1.1591032 -3.1965084 0.1333186 150
2.8667328 -3.0427094 0.18996839 9
2.9271379 -3.061058 0.12518147 73
2.5332711 -2.8007307 0.1089757 1
2.9865346 -2.7375052 0.17018069 39
3.0628147 -2.7648368 0.11036146 37
2.7348757 -2.1429269 0.14076312 167
2.6406059 -2.088577 0.18374513 150
5.4322538 -2.0456438 0.15026067 115
2.7251682 -1.9633353 0.19534528 5
5.4826279 -1.9921349 0.19108345 114
5.5151763 -1.9593585 0.16873546 100
5.5936995 -1.8880078 0.19710158 101
-1.8468325 -1.554343 0.14704916 41
-1.6091461 -1.4761202 0.10159948 4
-2.0727532 -1.3405725 0.11776749 27
-1.7057024 -1.2267635 0.11395837 152
-1.4119785 -1.2493459 0.15975153 68.375
-1.3958459 -1.2333236 0.16926987 7
-2.1854081 -1.1949303 0.10717912 5
-1.5353627 -1.1388249 0.14952542 111.25
-1.4427897 -1.1895821 0.19846196 62
-1.6345726 -1.0036881 0.16381387 58.25
-1.5502368 -1.0871894 0.16702718 70.75
-2.3430748 -0.94582057 0.10788331 6
3.3585286 -0.91234726 0.16573822 12
-2.3213391 -0.8642478 0.12635578 40.5
-2.5081127 -0.71201855 0.19279626 54
-2.4694636 -0.77404004 0.17247814 30.5
-1.850922 -0.79620308 0.13816026 17
-1.3739576 -0.18310705 0.14413151 6.25
-1.2231163 -0.023015473 0.13306768 13
-1.3426086 0.082535878 0.15258797 8.25
-1.2488018 0.027302617 0.1417636 15.6
0.61368656 0.0044139656 0.11353839 0.034759358
-1.3283166 0.15034224 0.14872187 10.25
-1.4922445 0.27566689 0.15455514 11
-1.3678042 0.22329138 0.15341775 8.333333
3.7769995 0.28550816 0.19026132 75
-1.5622263 0.32029879 0.17389584 8.666667
3.6885793 0.38609117 0.16487952 83
3.734906 0.33683556 0.17824157 80
-0.56831264 0.47469088 0.14653777 7.4375
3.6226733 0.45703322 0.14477593 83
-0.51664752 0.52052617 0.15769042 8.5
-0.44915578 0.57650435 0.15507178 8.6875
3.5428431 0.54825604 0.11642069 81
-0.42303607 0.61776978 0.13751684 9.5
-0.36824423 0.67203683 0.14401351 8.6875
3.43085 0.66458571 0.1889075 91
-0.31872973 0.71541703 0.13488303 8.375
-0.29909164 0.72684121 0.13567467 7
3.3629258 0.74102402 0.16289264 87
3.2632704 0.84940338 0.12146407 88.666664
-2.3231752 0.97208011 0.18754266 103
-2.1157169 0.94673985 0.17699768 48
-2.0855367 0.96701843 0.15596271 78.5
-0.29791245 0.91088998 0.12403458 2
-2.2855713 1.0080702 0.17490596 93
-2.1308527 1.0403957 0.14855652 41.5
-2.2346845 1.1595837 0.15342602 102
-2.1965244 1.1224587 0.13243204 82
2.3120408 1.1736189 0.14630847 214
-1.3089254 1.2918491 0.15444139 24.5
-1.1831899 1.2065582 0.10360534 6
-0.31061754 1.2818135 0.14021358 0.5
2.2938766 1.2220291 0.13955252 235.33333
2.312108 1.2258774 0.16121462 161.5
2.4118724 1.2107397 0.1926759 161
2.9377973 1.2444772 0.15736006 118.66666
-2.461725 1.3637729 0.13727476 50
-1.3006951 1.3009043 0.12910594 69
-1.2769289 1.3279754 0.15361354 71.5
2.8735096 1.3082585 0.10730179 128
-2.4263265 1.426929 0.12065363 34
-2.3678484 1.4704508 0.1019918 36
2.5756624 1.5595751 0.11601898 65
2.6465344 1.5319637 0.16663282 140.5
2.4855535 1.6778075 0.10448841 73
-2.0488756 1.7494107 0.15710647 141.33333
-1.9863786 1.7832704 0.12529321 150
2.4711604 1.7484696 0.14448611 105.6
-1.9632244 1.8275292 0.15095392 150.5
0.6276316 1.8276623 0.15308969 2.5
1.7673823 1.8370637 0.14291348 226.66667
0.72815943 1.9298199 0.18452634 35
0.84623462 1.9568392 0.17620713 24.666666
1.0193708 1.9219717 0.14010605 7
1.9885348 1.9361756 0.1753076 154
2.2182233 2.0680754 0.15745801 88.666664
2.1627142 2.1223204 0.13247459 105.25
1.3877312 2.3905976 0.15762876 33
1.4228362 2.3424034 0.11642609 16.5
1.2964352 2.4765446 0.16146435 20
1.316232 2.4529951 0.11528946 74
1.5894399 2.4101021 0.11086156 9
1.8851845 2.4398313 0.15814643 105.5
1.7519912 2.5667093 0.18281436 77.666664
1.8224657 2.5159311 0.12647676 112
1.0999705 2.6865902 0.10459883 15
1.1335757 2.6397274 0.14635324 15
1.611699 2.6554108 0.18493947 150
1.0910182 2.7179577 0.14865568 21
0.57770938 3.0460145 0.10543245 46
0.68900764 3.1784794 0.14117096 87
0.72151273 3.1797962 0.13333665 74.5
0.53692526 3.2699084 0.13877167 150
0.74150723 3.2265389 0.19472918 88
0.82922512 3.2686129 0.15279219 76.5
0.50672019 3.3690248 0.11842766 103
0.86016726 3.3329651 0.13825361 90.666664
0.90489703 3.3721774 0.19023459 83
1.0846003 3.3659263 0.10592844 82
0.47168735 3.4245501 0.1874017 82
1.0544165 3.4013426 0.17160264 86
-3.5248084 -9.5053539 0.20622969 66
-1.5827994 -8.3432665 0.27239901 20
-4.0871568 -7.5150881 0.27322331 57
-1.3177614 -7.5882416 0.25837719 61
-0.16685569 -7.002089 0.21196011 32
-5.2455006 -6.9518824 0.2981993 2
-0.65586764 -6.7395811 0.21141954 19
0.016595444 -6.6560688 0.27445763 5
-0.38843429 -6.5910096 0.23640624 9
-1.3638561 -6.4271827 0.27894583 29
-2.3837445 -5.5338688 0.2543973 39
-2.7876606 -5.4320149 0.25589466 34
-1.8198379 -5.239224 0.24724093 42
-1.7496766 -5.2880683 0.2463664 43
2.3397961 -5.2700019 0.2318632 88
-1.6499639 -5.1114168 0.22776055 48
1.3649338 -5.0114899 0.27184319 3
2.6487505 -5.0158234 0.25548074 90
-1.197619 -4.9355068 0.27499062 11
1.4129388 -4.9975009 0.25543526 6
1.5122766 -4.9687514 0.22312011 52
-1.0162252 -4.6599655 0.29578382 68
-0.92283922 -4.5751796 0.29299945 44
1.6818221 -4.5325537 0.23676515 36
0.66975391 -4.4570589 0.28049278 9.5
-0.52156204 -4.1825943 0.25875169 8
-0.46235639 -4.1290479 0.2186783 0
-0.24441862 -3.8895154 0.23361225 6.5
-0.16581818 -3.8260131 0.23599452 6
3.3800399 -3.8795362 0.2155683 53
3.484036 -3.8542817 0.24562249 46
0.89302534 -3.730953 0.219312 105
2.2220047 -3.7739952 0.25864315 34
2.3900499 -3.7721355 0.25345418 101
0.72940266 -3.6086097 0.22023414 8
2.4844668 -3.6297896 0.24125564 71
0.49317804 -3.5373361 0.24042614 7
4.5445714 -3.3472633 0.26334226 98.5
2.2222109 -3.2038562 0.28838924 85
4.6057878 -3.2873561 0.21326113 89
0.55748135 -3.1857827 0.27010709 11
2.9421604 -3.0019586 0.21717979 46
2.9010587 -2.9753127 0.27021885 23
2.6807067 -2.8474836 0.24507745 0
2.8239105 -2.7491975 0.24802287 112
2.968502 -2.7741492 0.23067622 35
1.8612368 -2.6655312 0.27819064 0
2.8483357 -2.6873379 0.28539631 150
2.2731245 -2.3327413 0.27100882 4
2.579509 -2.1044204 0.27088964 21
2.6162889 -2.1033297 0.22735712 27
2.6767712 -1.996984 0.28038183 5
2.7079363 -1.9869316 0.23878954 26
5.5579929 -1.9272729 0.222362 105
-3.8801622 -1.8808547 0.28636196 10
5.6452246 -1.8346729 0.23721194 95.5
5.6234808 -1.7616322 0.27589396 54
5.5377116 -1.6668434 0.23975809 49
5.412559 -1.527878 0.2531842 32
5.2853251 -1.3949494 0.26310977 40
-1.4090909 -1.2362721 0.24627414 47.57143
-1.5287038 -1.1086699 0.24935412 65.333336
-1.4787607 -1.1572776 0.2196662 74
-1.6144395 -1.0203896 0.24872696 62
-1.5655633 -1.0711397 0.24931447 65.333336
-2.3671398 -0.95361626 0.20194992 60
-1.6498476 -0.98398089 0.25037867 57
4.1704521 -0.96562976 0.24611859 14
4.2715287 -0.94775331 0.23075505 9
4.7087173 -0.90438545 0.27708933 9
-2.7516403 -0.85161072 0.28885499 150
-2.5776403 -0.8421464 0.26069158 71
-2.4440393 -0.86579847 0.23327583 16
-1.6880784 -0.87898308 0.28731853 35
4.7998977 -0.84382176 0.29109794 35
3.8539038 -0.77668071 0.21377572 1
3.9219027 -0.79639161 0.26048109 7
4.7205534 -0.75010478 0.29243612 62
4.6412334 -0.6593886 0.29235956 61
-2.6433983 -0.56994987 0.24032891 113.5
3.086678 -0.50637174 0.20879082 7
4.5591273 -0.57272053 0.29091603 65
-2.3888671 -0.44185802 0.22644642 150
4.4392023 -0.44916672 0.28551415 65.5
4.3306851 -0.33358374 0.27851489 71
4.2756267 -0.26046515 0.27378505 70
-2.274534 -0.16596404 0.27685443 2.6666667
-1.3027261 -0.14469022 0.29685372 8
-1.256586 -0.11556873 0.28582087 7
4.1528616 -0.12344275 0.26029724 71
4.2092829 -0.19053662 0.26783231 69
-1.220323 -0.059510916 0.28708887 8.833333
4.0943398 -0.058385033 0.2520909 75
-1.2320513 0.025451437 0.28617808 17.333334
3.980231 0.063776329 0.2342145 73
4.0323043 0.0046127154 0.24323702 73
-1.2532085 0.14748265 0.29540247 12.75
3.8761022 0.1781017 0.21334092 74
3.928869 0.12195116 0.22447297 74
3.7917783 0.27154285 0.28645295 84
3.8337445 0.22698984 0.2487772 81
3.7264328 0.34300581 0.27252665 84
-0.57862347 0.44489402 0.20042832 7
3.6381655 0.43492988 0.2516166 84.5
-2.3936539 0.58741665 0.26960051 12.5
-0.42894262 0.58803195 0.20151435 9
3.5414979 0.54316598 0.22394878 84.333336
-2.4316933 0.6468637 0.26824436 96.5
-2.3179443 0.66009891 0.24929377 61
-2.2755003 0.69317782 0.23786266 65.5
3.470238 0.62550181 0.20087379 84
-2.4522824 0.85922492 0.24306694 37.5
-2.8632364 0.96538091 0.27946588 90
-2.3499646 0.98669815 0.21441734 128.5
-2.7500761 1.0521725 0.26714286 110.33334
-2.6955788 1.0857509 0.23210335 51
3.0907702 1.0652355 0.27473757 112
3.1228652 1.0266742 0.29823434 100
2.3175468 1.164951 0.24455616 255
2.992491 1.1728861 0.20498733 111
3.0412812 1.1200559 0.24092934 110
-1.3140455 1.2962477 0.2373178 19
2.3058686 1.2002364 0.29950568 255
-1.287092 1.3275754 0.21847288 71
2.8317447 1.3619951 0.28150308 139
2.7888286 1.4099377 0.25053269 150
2.6646399 1.5421937 0.24980879 68.285713
2.5687733 1.6686615 0.28030035 37
-2.0387852 1.7581841 0.24486724 99
1.831058 1.7841116 0.23450494 232.33333
2.4722636 1.7705759 0.24246056 98
-1.9723936 1.817037 0.24965999 115.8
0.61956769 1.8674452 0.2349844 20
1.7979414 1.8041523 0.29987323 255
1.8350099 1.8146944 0.20702294 169
2.4239643 1.827301 0.23346077 110
0.6909675 1.9157689 0.25200799 71.5
0.7720769 1.9636346 0.24780677 70.25
0.84626448 1.9737492 0.25476879 62.375
0.92258167 1.967294 0.24779382 68.400002
2.1899114 2.0995283 0.2458812 108
2.2160604 2.0626249 0.21020527 61.5
2.1520698 2.1423721 0.28728107 125
1.8464241 2.4781265 0.26990598 107.75
1.7697829 2.563123 0.25660846 107.33334
1.6811959 2.6528792 0.25266594 110.5
1.4996468 2.8907218 0.28174365 76
1.5151088 2.8588719 0.22267078 91
1.3996007 2.9600699 0.28544167 99
1.4071337 2.9928579 0.22842941 85
1.3440188 3.0352609 0.25055915 99.75
0.57343233 3.1130381 0.20232137 78
0.67898875 3.1747751 0.20889008 87
0.54311454 3.2006505 0.27034745 72
0.77011377 3.2337942 0.25388539 94.333336
1.1622164 3.2812507 0.22184926 78
0.50026399 3.3953657 0.20641296 76
0.45067394 3.4509506 0.26788285 77.5
0.95961368 3.4222288 0.23581211 100
1.0206711 3.4136896 0.23871671 87
-7.7366285 -10.83057 0.33108333 58
-6.9066577 -10.375397 0.38172704 91
-7.0443559 -10.166042 0.39934683 80
-3.6752539 -9.3776169 0.31574112 17
-4.2003527 -7.4026232 0.3757664 47
-5.3334718 -6.8074107 0.37661627 1
-0.35398853 -6.6608748 0.35434186 2
-0.28234109 -6.6449523 0.35118511 8
2.0309997 -5.5668454 0.3843756 108
-2.7917995 -5.4333234 0.37296289 23
-2.6590209 -5.4585519 0.3049165 61
-2.5953264 -5.4643927 0.38575491 48
-2.4755785 -5.4634271 0.31823432 51
2.2684751 -5.3178701 0.36922488 77
-1.8497273 -5.2760835 0.31845331 40
2.3113947 -5.283535 0.32666624 88
-1.8070335 -5.1830668 0.35901743 40
-1.6655642 -5.1146669 0.33680314 46
1.6007439 -4.9592047 0.30856267 126
-1.2864873 -4.8944211 0.33348885 2
-1.0667313 -4.7509565 0.38187769 67
-1.0181637 -4.6582236 0.39801115 79
-0.94436133 -4.5836535 0.34908551 46
-0.72360098 -4.4091501 0.35980871 70
-0.57833219 -4.2777982 0.36869034 67.5
-0.52433258 -4.1968431 0.35181162 97
-0.4762364 -4.1645832 0.32192111 55
-0.24827975 -3.9411812 0.32398048 118
0.64040911 -3.9679101 0.35583574 150
-0.16863129 -3.8701611 0.32397342 110
-0.015059331 -3.7104058 0.39484113 40
2.2755311 -3.7135208 0.3193129 41
0.051438168 -3.6060243 0.32416612 1
1.4756703 -3.6661904 0.35664204 0
1.6085862 -3.6505184 0.31682628 2
2.4064381 -3.6420121 0.30830973 68
0.24231169 -3.4815755 0.35815907 56
0.32175511 -3.4572723 0.36111981 6
0.90423781 -3.4509683 0.38993177 68
4.4423618 -3.4344876 0.38658047 109
1.0433192 -3.3440683 0.3679471 13.5
4.4782219 -3.3993165 0.31446752 107
4.5304542 -3.3598058 0.35356447 100
0.46462396 -3.2732084 0.31707492 1
0.54553837 -3.2594867 0.37295523 34.5
0.60762668 -3.2304964 0.35641849 4
1.0726461 -3.2982838 0.35074744 59
2.2570891 -3.1952362 0.32787004 76
4.7577419 -3.1355844 0.3304494 16
3.0329227 -3.0307264 0.33017477 33
4.8794899 -3.0435658 0.39928776 17
2.1890533 -2.9341617 0.35490674 2
1.940874 -2.7382257 0.35667095 10.75
2.0331905 -2.7629321 0.38754669 8
2.9355698 -2.7851999 0.30181092 32
2.0802338 -2.6202357 0.36507088 14
2.8481617 -2.6400151 0.33519858 17.5
2.2600665 -2.3837357 0.34914464 76.5
2.4037085 -2.2397957 0.35283419 38
2.4019568 -2.1938436 0.30093503 15
2.5364494 -2.1265056 0.32907596 27.666666
2.5603118 -2.096782 0.34646776 1
2.6734111 -2.0721588 0.37356934 30
2.7338405 -2.0931478 0.33295912 32
2.7134209 -1.9164112 0.30509797 0
-1.3685415 -1.3052772 0.31782898 1
-1.4302593 -1.2361495 0.30001622 14
-1.3561248 -1.2079227 0.31239524 19.5
-1.2842689 -1.2260158 0.36507982 12.5
-1.1539209 -1.2687612 0.37815511 1.5
-1.3693433 -1.1631094 0.34716642 30
-1.2846152 -1.1305138 0.37828034 9.5
-3.5202448 -1.0417094 0.38788459 150
-1.6367242 -1.006622 0.30973208 62
-1.5241914 -1.0212297 0.3027986 56
-1.494786 -1.0513935 0.31398824 56
-1.36454 -1.0712377 0.37603393 9.333333
-1.6364985 -0.95602155 0.32471696 58
-1.597385 -0.94284737 0.31116828 45
-1.4712535 -0.94907546 0.37178394 7
4.702105 -0.91114241 0.33189312 63
-1.7206005 -0.85654455 0.33395252 81
-1.6607742 -0.87923759 0.34142852 59.5
-1.5379682 -0.87573868 0.37664038 4
-2.7435255 -0.74255538 0.30501631 14
-1.749608 -0.75241441 0.33668613 23
4.7357421 -0.77396411 0.35425407 68
-1.7173331 -0.69846386 0.3630428 10
-1.6751628 -0.6238234 0.33897328 12.5
4.5859017 -0.60556346 0.35718969 71
4.6536679 -0.68693811 0.355147 71
-2.6578724 -0.54225647 0.31764352 58
-1.6209161 -0.54849815 0.33629072 23
-1.5521376 -0.53641456 0.33753416 13.5
-1.4729099 -0.52167672 0.33345193 7
4.5060811 -0.5254817 0.35591036 73
-1.5600102 -0.44349653 0.33472705 15
-1.4554762 -0.45555463 0.33605078 6.6666665
4.4376917 -0.45011917 0.35441926 72
-2.8410382 -0.34665993 0.3645196 16
-1.4143796 -0.35630003 0.33348283 7.3333335
4.3408947 -0.34293407 0.35136306 74
-2.8425407 -0.29464036 0.36791083 6
-1.4065783 -0.28324604 0.3254686 5.5
-1.3675522 -0.21687149 0.31584585 7.6666665
4.2491293 -0.24062318 0.34608811 83
-1.3215771 -0.16925569 0.31304055 9.333333
-1.2614721 -0.12439951 0.30349132 11
4.1418247 -0.1131719 0.33759364 71
4.2007728 -0.17576759 0.3428086 75
-1.2489295 -0.021279575 0.30331337 2
4.0800729 -0.052644402 0.33101138 77
-1.3073263 0.07835798 0.30887467 10
-1.2628151 0.046437465 0.30745935 18.5
3.9793828 0.061969943 0.31884351 70
4.0261574 0.0060748789 0.32499349 76
-1.3218129 0.10777228 0.31839591 10
-1.2638249 0.14944056 0.30588365 11
3.8872936 0.169799 0.30368268 76
3.928391 0.11576182 0.31135133 81
-1.4450512 0.27178007 0.35122347 9.666667
-1.3710036 0.23886436 0.32802418 10
-1.391223 0.30713111 0.33170173 11.5
3.261143 0.86556995 0.38639438 95
-2.7928555 0.92513025 0.30585453 150
3.1727586 0.96785724 0.33168155 96.5
3.2184439 0.90497762 0.36378515 94
-1.8426198 1.0700314 0.38418129 60.75
-1.8215382 1.1410768 0.36285296 49.5
-1.7963179 1.1330882 0.35761371 50
2.3317397 1.1815037 0.36901912 255
2.9504144 1.1528252 0.38368475 77
-1.6275069 1.2767143 0.38455495 53
2.2870603 1.2410115 0.32384026 255
2.3287373 1.2365192 0.34158549 197.66667
2.9315636 1.2427859 0.35140371 122.33334
-1.6377283 1.3482035 0.37460446 152
-1.5668361 1.3265803 0.3790707 59
2.8747144 1.3120524 0.31246921 135
-1.4341551 1.4596958 0.37775111 82.666664
2.559485 1.4954326 0.35252428 151
-2.1257193 1.5822424 0.39169806 72.5
2.634635 1.5827689 0.34287375 85.25
-2.105093 1.6511798 0.36918953 46
-2.0656526 1.667683 0.37783733 86
1.9515697 1.6737119 0.35269463 0
2.5962589 1.6337886 0.3501215 92.5
2.614763 1.6061548 0.34418297 99.666664
-2.0631967 1.7354864 0.33811936 39.285713
-1.9554461 1.7634776 0.3838754 130.5
2.4475341 1.7973208 0.31263793 103
-1.981586 1.8097439 0.33377907 61
1.7713161 1.8163854 0.35051113 255
2.3876696 1.8704412 0.34578305 70.5
2.4328299 1.8197889 0.36627585 88
-1.8208359 1.9251548 0.3761861 72
-1.7711978 1.9610198 0.37286747 63
0.66565937 1.9329615 0.31200993 14
0.96551532 1.9940238 0.30058226 10
1.7903841 1.9182137 0.39235428 161
2.1741719 2.0891376 0.35556513 127
2.2069273 2.0614321 0.39104122 43
2.155472 2.1335495 0.34096503 113
-0.36441234 2.2836661 0.38867176 17
-0.32279697 2.396204 0.37713447 22
1.9326148 2.3656518 0.38324577 130
-0.32183796 2.4173276 0.37271041 35
-0.27474082 2.4689393 0.35016501 44
1.8874865 2.4254515 0.33462867 109
-0.22493911 2.5276349 0.32330817 44
1.7629423 2.5613782 0.35588205 109.33334
1.8285097 2.5160551 0.36015719 99.5
-0.092200778 2.601315 0.38947952 53
1.7267983 2.6343799 0.37122959 91.5
1.4933283 2.7569797 0.39550114 107
1.4512513 2.838098 0.37686485 96.5
1.3830746 2.9349444 0.36022395 96
1.4609104 2.9149485 0.33432448 94.5
0.43823481 3.0652223 0.31244329 59
1.3565416 3.0327961 0.33181202 92.5
0.39410511 3.1154456 0.36880201 4
0.41587794 3.1000493 0.38451281 3
0.51424128 3.1742792 0.3328543 102
-0.025442282 3.3956213 0.39583287 42
-0.18808162 3.4292147 0.35236463 105
-0.004293242 3.577049 0.32474646 101
0.072171763 3.6451457 0.34304976 102
0.14571205 3.7102733 0.3400155 80
-1.2858344 -7.6212969 0.40476623 4
-4.3473711 -7.3549066 0.47786257 34
0.043216445 -7.3278632 0.45582402 5
1.2055297 -6.3118486 0.47749308 24
-1.6492132 -6.0391293 0.48622501 2
1.8567121 -5.7144885 0.45279542 126
-2.8144298 -5.4702039 0.49529976 7
-2.7121227 -5.4523335 0.45244873 43
-2.6572571 -5.412643 0.4165881 68
2.2459428 -5.3473396 0.46609151 75
-1.5608553 -5.2172327 0.48515052 32
-1.7997043 -5.1450682 0.47023693 69
-1.6871431 -5.1389942 0.44829547 72
-1.1745088 -4.8498812 0.45561185 62
-1.020175 -4.6504788 0.49925494 78
-0.93314135 -4.5935578 0.49231571 80
-0.81873149 -4.5033078 0.42456418 73
-0.77065629 -4.4593167 0.47491014 81
-0.66495287 -4.35709 0.43260807 87.5
-0.52746004 -4.2000999 0.44588953 111
-0.48572117 -4.16747 0.45046037 120.5
-0.25693402 -3.9575131 0.43876538 133
-0.17555308 -3.8739231 0.45487523 109.5
0.68258709 -3.8696792 0.46008825 54
-0.038933586 -3.734395 0.46391091 47.333332
0.74190128 -3.6693995 0.49917603 10
0.18315099 -3.5251954 0.43291274 91
0.21910544 -3.5061252 0.44533598 79
4.4540749 -3.4232907 0.49793264 102
0.38553771 -3.3932247 0.41164431 38
0.4457778 -3.3341808 0.46152183 39
0.95790046 -3.3877692 0.44211847 37
1.0504643 -3.3328445 0.43027481 20
4.4872079 -3.3881941 0.42455128 101
0.56947738 -3.2115483 0.45341825 7
0.63290781 -3.2228494 0.47961572 6
1.1512883 -3.2809045 0.47764182 59
0.55831039 -3.1827047 0.4283151 9.5
4.8640389 -3.0345201 0.40539235 55
4.9448757 -2.9740868 0.45133072 71
5.0121846 -2.911124 0.49752712 85
1.8693714 -2.7077858 0.45898902 42.666668
2.0361314 -2.6459229 0.41945487 1
2.1493433 -2.6292806 0.41472778 73
2.0594044 -2.5727193 0.45661816 44
2.1295934 -2.5357354 0.47350806 74.5
2.1940384 -2.491009 0.488359 150
2.222363 -2.4209058 0.45460474 79.5
2.6135499 -2.3019311 0.47457734 9
2.3805149 -2.2761188 0.42913368 76.5
-4.8477955 -2.1685154 0.40999815 13
2.542654 -2.18172 0.41140696 24
2.6495957 -2.0849698 0.41853645 7
2.7677693 -2.0582502 0.42306626 36.5
-1.6890049 -1.5020187 0.49910033 150
-1.4285789 -1.1848413 0.43565091 32
-2.1144285 -1.0321615 0.47055799 72
-1.5122329 -1.0429521 0.40684775 40
-1.4541146 -1.0600971 0.41564763 21
-2.0828724 -0.96598345 0.46965444 91
-1.5313435 -0.90538883 0.48364076 1
-1.9847258 -0.86844808 0.45149809 150
-1.1692768 0.089544587 0.42210269 16
-1.2706952 0.17509392 0.4679721 7.5
-1.1689205 0.1208813 0.42178005 17.5
-1.3225995 0.24065597 0.4904004 7
3.4474976 0.66664195 0.48292702 97
3.3605552 0.75794023 0.4405655 97.5
3.3024569 0.82414114 0.40902692 102
-2.0589414 0.95395488 0.47459683 91.599998
3.1224167 0.97639173 0.47785768 46
-1.9646161 1.0204581 0.43397322 75.75
-1.8769382 1.0386136 0.40370619 67
3.0374627 1.067508 0.4318299 68.5
3.1068671 1.02078 0.4626765 70
2.9779501 1.1155012 0.40222076 85
-1.6384418 1.2393011 0.43800339 64.5
-1.625158 1.3467295 0.46453637 76.199997
-1.5633272 1.3423759 0.44037822 44.666668
-2.1962202 1.4902775 0.43647912 41
-1.4616038 1.4388813 0.45480624 46.166668
2.7804704 1.4300245 0.48591456 124
-2.204376 1.5229928 0.4317995 100
-2.1718054 1.5522177 0.41462865 63
2.6730661 1.5405251 0.45537999 83.666664
-2.0625257 1.6527778 0.41720936 109
2.5781989 1.6535125 0.4566322 89
2.6096964 1.6116554 0.4322592 84
-1.9597507 1.7310009 0.41831684 114.66666
2.4737844 1.761763 0.44594646 87.5
2.5236509 1.7151057 0.48564839 150
-1.8001449 1.8861636 0.4170607 92
2.3987937 1.865553 0.49291998 89
2.4182806 1.8345594 0.42777827 69
2.3425534 1.9269896 0.43929425 92
2.0139854 2.0090899 0.43165046 151
2.1410685 2.1587775 0.41495833 96
2.0397968 2.265718 0.48570985 89
1.9770519 2.3048317 0.43116659 150
-0.22461417 2.483983 0.40376371 12
1.8441515 2.4738722 0.45746255 117.5
1.793568 2.562886 0.48953068 86
1.8060042 2.5399516 0.43683678 106
-0.056673516 2.6393645 0.44403812 26
0.016588202 2.6964271 0.40574941 15
1.564203 2.6672208 0.4691928 105
1.670408 2.636941 0.46963254 94.5
0.01451779 2.705337 0.47285342 23
1.4853982 2.7873485 0.48827714 98
1.5314519 2.7171919 0.43371296 97
1.430421 2.8451252 0.4225235 101
1.431559 2.9081967 0.45632675 62
-0.20336112 3.0826623 0.40190026 57
0.36248279 3.0827618 0.45576212 17
0.57715201 3.054873 0.40208599 48
0.67027444 3.0767398 0.49245381 49
1.3340622 3.0861964 0.40714613 90
0.54436761 3.1213346 0.47005975 6
1.308774 3.1156216 0.46957606 79
1.2105899 3.2026763 0.48046136 105
0.10322804 3.3953395 0.40180013 24
0.87206715 3.3008132 0.48831704 76
1.0664282 3.3881838 0.4975732 59
0.043293022 3.4063828 0.41005868 25
-6.9177866 -10.335779 0.59666771 86
-4.6048045 -7.4946527 0.59420872 31
0.94377792 -6.5210171 0.50726974 3
-2.6714885 -5.4039044 0.53180087 103
2.1993458 -5.4194069 0.56385118 43
2.2211616 -5.3719974 0.56345892 83
-1.8035547 -5.1413951 0.58233887 60
-1.7068291 -5.1552982 0.55996805 87
-1.6496539 -5.1531439 0.54589808 83
-9.1709061 -5.03861 0.59476501 53
-1.2741873 -4.8896518 0.52682322 4
-1.0238622 -4.6968007 0.56413233 70
-0.96311468 -4.6098442 0.59558004 80
-0.85220689 -4.5318794 0.57063067 80
-0.74305123 -4.4296036 0.52539939 87
-0.52957869 -4.2003284 0.53906405 107
-0.49937034 -4.1777148 0.5897842 117
-0.25877565 -3.9581561 0.54633474 130.5
-0.18150005 -3.8766639 0.58586532 129
-0.11218085 -3.7877874 0.56969714 38
-0.099470042 -3.783006 0.58810461 47
0.095661461 -3.5945997 0.59901267 89
0.15883353 -3.5487571 0.52123654 89
4.3608146 -3.4891143 0.53199315 106
4.4176846 -3.4544814 0.57096177 102
1.0397798 -3.3310947 0.52562237 74
0.46597826 -3.2817936 0.59541744 78
0.50321043 -3.2691367 0.51446104 33.5
1.2031024 -3.2371135 0.52903455 16
0.55007362 -3.1754994 0.53492379 7
1.7873886 -2.9914992 0.58536226 134
5.0265656 -2.9061301 0.50307643 31
5.0762787 -2.8414559 0.54457158 17
1.8353406 -2.7228868 0.54195648 40
5.111465 -2.751544 0.58792859 150
2.1515162 -2.5078723 0.54208392 112
2.1964943 -2.4744575 0.58448291 90
2.2066536 -2.4659805 0.53930986 5
4.7712312 -2.4551847 0.565723 139.66667
2.2552755 -2.3852634 0.56306171 101
2.3284385 -2.3144536 0.55814296 85
2.3492529 -2.2997205 0.50519812 87
2.5879648 -2.0950501 0.50661963 5
2.7854512 -2.0770555 0.51470721 4
-3.1396854 -1.8268167 0.55141389 7
3.9546759 -1.7638842 0.52180552 9.666667
3.9884856 -1.6998205 0.53641492 9
4.0185461 -1.654971 0.56593728 8.5
-1.7473226 -1.5298588 0.54645526 16
-1.2400726 -1.3062001 0.57423902 1.5
-1.3099039 -1.2464688 0.56387401 7.5
-1.2832069 -1.2820112 0.56835783 1
-1.5327785 -0.89010638 0.52863395 1
-4.6844063 -0.51881486 0.51504111 7
-4.5650392 -0.41369659 0.51009798 65
-1.1166506 0.086221784 0.53240061 18
-1.2036763 0.19418517 0.5814057 8
-1.1673163 0.14368282 0.56346476 10.333333
-1.3567823 0.28651068 0.50307435 7
-1.2005105 0.27525124 0.58012497 9
-1.1896985 0.23459415 0.57999456 10.6
-1.4321694 0.36987874 0.53797388 9.333333
-1.3765365 0.31301522 0.51334411 8
3.6472023 0.37718013 0.58276623 51
-1.4383794 0.4131676 0.53850174 6.5
3.5751419 0.4581773 0.55394131 63
3.4716468 0.58674592 0.50655985 69
3.5095131 0.53526694 0.5257138 70
-2.2820859 0.67897332 0.57604313 53
-2.2846217 0.79238993 0.57184309 150
3.3532856 0.76476252 0.58047813 103.5
-2.3541164 0.80405647 0.58269 150
-2.2164202 0.80999976 0.54396737 101
-2.177702 0.86220866 0.52411586 69.666664
3.260838 0.86993176 0.53741401 113
3.3004835 0.82893658 0.55501753 103
-2.1545582 0.91762465 0.5152514 24
3.1886666 0.95011395 0.50207531 106
3.2233262 0.90998572 0.51906317 96
-1.7426991 1.2686913 0.54824084 65.666664
2.847605 1.2717654 0.57309902 81
-1.6696169 1.3473406 0.54807532 83
-1.5508856 1.3479928 0.51979011 39.25
2.8455095 1.3847706 0.53287208 141.5
-1.4719194 1.4289035 0.54789191 49
-1.333539 1.5910207 0.59509665 79
2.6604004 1.5703586 0.51318616 94
2.5768247 1.6735023 0.53084385 99.800003
2.6672568 1.6349084 0.56927258 71.599998
-1.1017513 1.7676245 0.55306959 38
2.5520639 1.7258408 0.56044888 62.5
2.3947783 1.8833996 0.53105056 89
-1.064501 1.9576575 0.57490307 69
-0.85183978 1.9436461 0.55942774 46.5
2.3452523 1.9542609 0.54514843 78.333336
-0.58353484 2.0883822 0.55855727 37
-0.48054498 2.1622634 0.54649442 29
2.1165583 2.1858976 0.50106853 97
-0.32880777 2.2764318 0.53464752 34
2.1113203 2.2326815 0.56007934 50
-0.23869118 2.3553078 0.56467366 39
1.9809768 2.3411331 0.57953763 69
2.0172222 2.3072178 0.5190354 112
-0.23340464 2.4315438 0.51824474 83
-0.1033757 2.6330473 0.58933914 25
-0.07059025 2.6361725 0.52910495 34
1.5508829 2.690428 0.56966203 106
1.6298456 2.6556532 0.5524857 73
0.0097164121 2.7011907 0.5396859 22
1.5154933 2.7304616 0.52795553 118
1.3610232 2.9692545 0.58684015 64
1.4125967 2.9230349 0.51592094 54
0.33153805 3.033375 0.53808612 19
0.41686651 3.0820231 0.54727733 29.5
0.64259124 3.0554137 0.55224377 62
1.2960355 3.0905626 0.56456023 105
1.0901628 3.1459644 0.55347449 39
1.2606761 3.1574838 0.55207074 94
0.83593905 3.2621143 0.54834193 72
1.0683219 3.3654618 0.56674623 99
1.0310423 3.4245839 0.56136429 106
-7.0371361 -10.139942 0.6178689 72
-2.3898673 -5.5749946 0.65001798 75
2.029964 -5.5574288 0.63527721 110
-2.6945987 -5.4122572 0.6472044 88
2.1782088 -5.4131222 0.64704871 73.5
2.2796466 -5.3378038 0.64941716 114
-1.885662 -5.2285566 0.68852335 12
-1.7622436 -5.1782961 0.61470133 79
-1.7047286 -5.0903206 0.66365731 54
-9.2285309 -4.8547525 0.65161604 5
-1.136188 -4.8101654 0.6406098 65
-1.0716946 -4.7450938 0.69987142 75
-1.0268897 -4.6728811 0.60597932 80
-0.96129984 -4.6276159 0.66316891 78
-0.53278011 -4.2005849 0.63314795 104
-0.50954115 -4.1888962 0.68423837 105
0.82973808 -4.0784707 0.62524092 2
-0.26278031 -3.9644139 0.65508235 110.66666
-0.16633241 -3.8516977 0.67270088 63.333332
0.0478274 -3.6423695 0.68888468 91
0.13449742 -3.5761483 0.61401343 92
4.3808122 -3.4836874 0.64490104 102
0.42843673 -3.3144829 0.67471969 78
1.2852955 -3.3433764 0.60608989 24
0.46690184 -3.2836835 0.68336123 78
0.50211859 -3.2583041 0.60502553 45
0.61738199 -3.2130561 0.61199582 1
1.1513182 -3.2710476 0.63015938 70
1.7824439 -2.8275793 0.6067124 117
1.8442316 -2.8255947 0.66076386 65
2.9741828 -2.8115649 0.67003012 29
1.7803197 -2.7506418 0.68247378 23
1.8191062 -2.7263441 0.64279014 40.333332
2.9657605 -2.7546482 0.60189068 39
2.1670401 -2.4932079 0.64953476 56
2.2878006 -2.3373353 0.60001808 84
4.844358 -2.3621674 0.61765951 81.5
-1.6214771 -1.7270072 0.68171358 1
-1.8216128 -1.6089555 0.64515382 43
-1.8601347 -1.5902191 0.64190632 12.333333
-1.2629759 -1.3139465 0.6244204 2
-1.7591956 -0.99782801 0.62626576 3
4.0198712 -0.84901947 0.69016308 15
3.9754565 -0.76462811 0.68739122 29
3.9579957 0.043021552 0.6856578 47
-1.138981 0.19676739 0.65501475 9
3.8691037 0.14128001 0.65888911 48
-1.1556481 0.23406333 0.67494357 9
3.7464063 0.26356018 0.61996692 52
3.8027799 0.20334791 0.63880545 51
-1.3143249 0.39760584 0.66381633 3
-1.2594388 0.34923974 0.62232548 5
3.7013958 0.32193777 0.6023497 56
-1.3346769 0.41198081 0.66040105 1
3.5719013 0.45173949 0.67537701 61
3.6280532 0.4021838 0.69337505 55
3.4936743 0.55076033 0.64583629 62
3.5341735 0.50278693 0.66129136 73
-2.3716619 0.6413604 0.61330408 59.5
3.447068 0.65229493 0.62138462 91.666664
-2.5630398 0.70198929 0.65389341 2
-2.4335265 0.7859391 0.61410189 60
-1.8502195 1.1907532 0.6811018 94
2.9480577 1.1549361 0.6540724 56
3.0152895 1.1007068 0.69886553 61
-1.8036425 1.2083298 0.64900774 75
-1.7513722 1.2551459 0.63823634 73.5
2.8963752 1.2153556 0.6132586 78
-1.7521919 1.3654842 0.62676179 80.400002
-1.5003142 1.3850729 0.63539338 57
-1.7265699 1.4013318 0.6076467 150
-1.4646606 1.4129412 0.63387781 48
-1.3367159 1.5668807 0.65047115 100
2.5831602 1.6941198 0.61039591 50
-1.1237421 1.7943349 0.60641414 28
2.5745609 1.7132823 0.66074753 12
-1.0449758 1.8632269 0.65151858 31
-1.464514 1.9985691 0.67889273 48
-1.0564708 1.9169863 0.61562812 153
-0.85681015 1.9314222 0.66892463 49
2.3929181 1.9243079 0.61026758 3
-0.59366393 2.0776873 0.66355276 45.5
-0.79047769 2.1396923 0.66952658 18.5
-0.48745203 2.1338437 0.65117133 38.5
-0.33915401 2.2242162 0.66666424 50
-0.24643585 2.2919044 0.67016792 52
-0.8176831 2.3071198 0.62425721 5
-0.33660561 2.3222823 0.63191426 7
-0.24213114 2.360112 0.6256305 7
1.9720944 2.3408699 0.63083398 24.5
2.0189919 2.3195941 0.65747702 79.5
-0.11504928 2.5472951 0.67047292 32.5
-0.055469625 2.5697393 0.65282029 45
-0.043469824 2.6660817 0.6069839 23
0.00069286529 2.6769075 0.67035091 29
1.5907785 2.6734672 0.63237691 94.5
1.6355265 2.6537783 0.66073537 115
0.0075305612 2.7070961 0.60878015 20
1.4069552 2.8902678 0.67299879 68
1.3674182 2.9572287 0.657754 59.25
0.76016998 3.0736439 0.64478678 76
1.304673 3.0379832 0.61293584 83
0.61600769 3.1080782 0.62508225 44
1.0894482 3.1456168 0.61176914 38
1.1484872 3.1840281 0.61540854 26
0.80010438 3.2304227 0.60746354 71
1.1588457 3.2401886 0.68470693 49
1.2196572 3.2119904 0.67020166 76.5
1.0134976 3.4166818 0.6386829 86
-4.8453078 -7.5830188 0.71412772 18
-2.8129923 -5.4335217 0.73145294 23
-2.7388861 -5.4638362 0.76869416 23
-2.5774925 -5.4517398 0.79779238 13
-2.4536452 -5.4352522 0.71533942 83
2.1236253 -5.4620581 0.72744763 95.5
-1.5400349 -5.2004037 0.70585585 56
2.3626003 -5.2721214 0.73563814 128
-1.818938 -5.178072 0.70128798 57
-1.7481714 -5.1861215 0.78822958 82
-1.6373146 -5.187119 0.77845412 89
-1.2495989 -4.9015403 0.71766526 45
-1.1851423 -4.8628931 0.7847181 76
-1.0460063 -4.7178178 0.75006378 72
-1.0329077 -4.6842284 0.71181816 79
-0.53598356 -4.2078476 0.72921032 105
-0.51684827 -4.1710267 0.77497727 91
-0.27097836 -3.9700735 0.77313077 104
-0.21224466 -3.889895 0.76793873 25
-0.18896979 -3.8929818 0.76587784 78
-0.00011380906 -3.6831405 0.77875865 73
0.069082201 -3.6304421 0.745942 80
4.2650561 -3.5846248 0.75955451 98
4.3578272 -3.5244946 0.72291404 71
0.39092064 -3.3451726 0.75625777 79
0.43096381 -3.3180754 0.76572871 78
1.7971501 -2.8354042 0.74825221 7
1.895452 -2.6648681 0.72919232 31
3.0471997 -2.6731255 0.72530127 7
2.1469839 -2.5048208 0.70510346 6
-1.6568633 -1.6987035 0.70881748 34
-2.2230549 -1.1385338 0.77943844 0
-2.2341053 -1.0857538 0.79342091 9
-2.1320696 -0.86843914 0.77479547 0
4.0508509 -0.88134867 0.74940187 18
3.941169 -0.78522253 0.73527837 42
4.3935952 -0.45738983 0.79136038 49
4.3106914 -0.37055424 0.77368301 46
4.1734295 -0.20847249 0.74349993 46
4.2448983 -0.28847173 0.75995785 48
4.1183281 -0.13323607 0.72888541 42
3.9903862 -0.0015321301 0.7964862 47
4.0526147 -0.060155351 0.71232867 47
3.9431636 0.062262606 0.78471464 49
3.8529193 0.15243736 0.76138854 50.5
-1.2006412 0.29894927 0.70312536 9
-1.1497029 0.24052387 0.75856423 5.5
3.7455845 0.26768401 0.73063314 56.5
-1.2473096 0.34452346 0.74945235 6.3333335
3.6743128 0.35036376 0.70871943 52
3.162636 0.98340005 0.79105449 93
3.062407 1.0332294 0.73657089 46.5
-1.9043263 1.1675276 0.70138204 93
-1.8967172 1.1684456 0.71457356 86
-1.7534056 1.2990023 0.70982993 150
2.8635485 1.2580215 0.76292962 71.666664
-1.8813607 1.3909137 0.79503465 155
-1.8164824 1.4507574 0.71848273 155.5
-1.9894634 1.6328601 0.75499278 150
2.5930851 1.6801738 0.78804225 51
2.6060801 1.6646616 0.74090546 35.5
-2.0742984 1.733686 0.76443559 38
2.5578103 1.7237053 0.75594032 44
-1.4071838 1.8530759 0.73843461 61
-1.3994553 1.8172104 0.77708983 74
-1.1532471 1.8615525 0.78054655 155
-1.4293181 1.9145142 0.70667142 42
-1.2209487 1.9712377 0.73482668 90
-0.88158214 1.921468 0.73732018 52.75
-0.78462029 2.0516164 0.75646579 40.5
-0.60022897 2.0590546 0.74074161 64
-0.50063443 2.1476839 0.79814816 150
-0.49380803 2.1339936 0.73544174 55
-0.34379542 2.1871216 0.71438068 13
-0.34926224 2.2180171 0.78221375 10
-0.25208968 2.2771022 0.75595367 14
2.0756135 2.281774 0.75613898 57.5
-0.059204347 2.5675728 0.71874589 35
-0.0061442642 2.6467185 0.73192161 57
1.5500902 2.7305076 0.75314659 89
1.4516943 2.8415482 0.74561489 82.5
1.3612841 2.9985566 0.7062217 52
1.2792485 3.0501678 0.75085866 148
1.3316159 3.0082998 0.78237164 63
0.57286322 3.184545 0.73666382 50
0.69976747 3.1954916 0.79312974 69
0.73224097 3.180114 0.72649795 76
1.2520771 3.1608663 0.74909985 110
1.2065711 3.2231383 0.73208147 83
0.96725732 3.377229 0.73608637 81
0.42668784 3.4924209 0.72367722 73
0.33272952 3.5879745 0.73060244 77
0.18516114 3.6231437 0.79227078 42
0.21949637 3.6546383 0.72244591 62
-6.9387875 -10.307241 0.81072104 76
-7.0350771 -10.119015 0.83993906 58
-4.0544515 -7.6297259 0.82833236 62
-2.8700552 -5.5354724 0.86758536 94
-2.7385397 -5.4783425 0.88719833 77
2.0891004 -5.4893932 0.85549182 83
2.1270339 -5.4464817 0.8061887 69
2.2032266 -5.4153543 0.8120777 117
2.2840283 -5.331852 0.89635712 122
-1.8451325 -5.2420721 0.82620192 75
-1.7487813 -5.2170906 0.85749179 66
-1.4271051 -5.2587113 0.83976883 4
2.4438863 -5.1994872 0.82047641 127
-1.1604506 -4.8404088 0.83545625 66
-1.0370189 -4.6855502 0.81685466 77
-0.99408156 -4.6473503 0.80461121 83
-0.52831757 -4.2012334 0.87631261 108
-0.53666133 -4.1820307 0.82161361 85
-0.27066445 -3.9524393 0.86566293 67.5
-0.19279698 -3.9051447 0.85787266 92
-0.050123297 -3.7269459 0.87316239 70
4.0764685 -3.7434673 0.89241439 90
-0.00095869001 -3.6937909 0.88559198 77
4.23594 -3.6146076 0.83819443 106
4.2797499 -3.5690365 0.87450707 94
0.37334797 -3.3616781 0.84476238 81
5.602941 -2.3475509 0.86530173 63
5.5219221 -2.2327201 0.83280718 21
5.4301162 -2.1580989 0.86237502 56
5.4070177 -2.0529737 0.86160576 44.5
5.0796061 -1.211745 0.89277804 45
4.7468972 -0.85142994 0.85037947 38
4.664566 -0.74758118 0.83905971 57
4.5551739 -0.6300807 0.86190116 52
4.4677658 -0.53681982 0.84759974 50.5
4.3872089 -0.44116944 0.87627167 52
4.3055005 -0.35929412 0.86232561 49
4.1664829 -0.20800146 0.83539587 45
4.2323809 -0.28118825 0.84821761 48
4.1127257 -0.13738079 0.82446086 45
4.0518761 -0.067947574 0.81082392 48
3.2517416 0.89341331 0.84818441 112
3.3037658 0.84701014 0.87838846 108
3.2195592 0.94405854 0.82329988 95
3.0547137 1.0345125 0.88741142 47
2.9451246 1.1575474 0.81883961 60
3.0069342 1.1002314 0.85653979 64
-2.0859199 1.6921152 0.86318803 103
2.5814934 1.6942255 0.83580959 30
-2.1171169 1.7083528 0.88666809 31
-1.3981407 1.7901566 0.81723464 37
2.5712636 1.7093148 0.88532925 12
-1.9412137 1.8545352 0.89561284 116
-1.5183673 1.8063091 0.80936581 13
-0.62276268 2.1647155 0.83228856 159
-1.2461941 2.3221614 0.86635005 67.5
1.961172 2.3638802 0.84040892 1
2.055932 2.3050671 0.84994817 87
1.6423906 2.6541951 0.86433411 78.5
1.7036467 2.6414752 0.81502199 11
1.5361395 2.7495937 0.84984803 79.25
0.15940967 2.8401492 0.89518017 41
1.3666608 2.9594378 0.86197281 53
1.4028156 2.9122956 0.87936383 53
1.2952714 3.0960143 0.81534737 125
1.3314805 3.0407043 0.84581417 79
0.5033434 3.1367204 0.89264256 50
0.52803552 3.2909791 0.86086124 150
0.66785222 3.242882 0.869138 76
1.1800114 3.2817514 0.80422997 77
0.89295429 3.3134966 0.89641345 77
0.92100161 3.3297811 0.83124048 48
1.1514434 3.3090997 0.87614322 70
0.26637664 3.5511267 0.87376404 52
0.36609906 3.5544233 0.84429431 78.5
0.29437703 3.6284864 0.81446242 70
0.13467085 3.7109289 0.88737386 110
-4.1438217 -7.4524717 0.90735388 61
-4.2364321 -7.2882366 0.98498553 67
1.2246106 -6.2269349 0.99435091 99
1.2835631 -6.1833301 0.97028989 79
1.3558136 -6.154501 0.90716243 95
-2.3598382 -5.5933967 0.96186167 59
2.0442224 -5.5294976 0.98194647 87
2.0828013 -5.4936304 0.93287581 65
-1.8887974 -5.3636022 0.96238893 19
-1.7853432 -5.2566547 0.9123264 56
-1.6235553 -5.2000666 0.97172898 80
-1.4672681 -5.2603817 0.99930471 17
2.3671753 -5.258563 0.98046714 120
-1.5182092 -5.199801 0.90074348 79
2.522228 -5.1249437 0.90253896 126
-1.2641674 -4.8859954 0.9108727 9
-1.0267553 -4.6832771 0.91912401 81
3.3803816 -4.3655095 0.95763296 90
-0.54079795 -4.2254057 0.9515301 98.5
3.454339 -4.2903972 0.92215335 132
3.6198478 -4.1357183 0.99329311 99
-0.32500315 -3.9859505 0.96960199 35.5
-0.28052956 -3.9899313 0.96047771 111
-0.19668657 -3.9143078 0.94987047 104
3.8674417 -3.9399855 0.97498667 70
-0.10467412 -3.7858253 0.97305834 81
-0.050619923 -3.7393918 0.98354155 70
4.1665502 -3.6608946 0.99490672 97
4.2035966 -3.6416836 0.91648054 97
4.249156 -3.5987089 0.9525677 89
0.31143078 -3.4176376 0.92929775 80
4.3825989 -3.4644153 0.92926359 4
0.35652801 -3.3828881 0.93590969 75
4.4627762 -3.3994329 0.98945957 44
5.5375524 -1.9399898 0.91951591 71.5
5.5692129 -1.8943623 0.96495229 110
5.6529784 -1.819657 0.94449639 113
5.5610652 -1.6739359 0.94536787 57
5.3879042 -1.507388 0.92781878 60
5.403439 -1.5256557 0.99330622 55
5.1970167 -1.3450985 0.9042055 48
5.21561 -1.3705893 0.97079283 48
5.1052256 -1.2444738 0.96238887 47
4.8040795 -0.90533322 0.93444711 39
-1.5410701 -0.89751124 0.91406065 1
4.6574049 -0.75265759 0.91542763 52
3.4576373 0.66374815 0.9739657 94
3.3673093 0.77072656 0.91934216 97
-2.4436383 0.80648899 0.97954112 4
3.1476486 0.98308897 0.93445349 61
3.2361465 0.92503381 0.97979903 104.5
-1.9009994 1.00159 0.99893659 67
-1.8391719 1.0614287 0.97078967 54
-1.9031242 1.1836262 0.99840003 44
-1.7969806 1.1164967 0.96333915 52
-2.5008361 1.2209246 0.98199284 61
-2.4849896 1.2815728 0.9891035 52
-1.8391207 1.209713 0.98938543 79
-2.5229871 1.3027939 0.98587084 37
-2.490458 1.3573271 0.97598386 38
-1.5361845 1.3382523 0.97048312 33.5
-1.4829557 1.372762 0.97270441 62
-2.4432397 1.401525 0.95040053 34.5
-2.3915162 1.44133 0.92243075 33.5
-1.9000369 1.447539 0.99263906 21
-1.4470321 1.4213362 0.95458883 51
-1.3919371 1.450807 0.97511888 34
-1.5119519 1.5627673 0.99094218 23
-1.4360883 1.5245548 0.96272588 53
-1.3269374 1.5223002 0.98558003 28.75
-1.2946284 1.547179 0.97639978 4.5
-2.146626 1.6699626 0.9661544 24
-2.0936282 1.6060774 0.99277735 32
-1.4755582 1.6549094 0.99871933 6
-1.1607716 1.6493582 0.98628813 53
-2.1247854 1.7029217 0.91703731 30
-1.9074792 1.7625501 0.99150354 57
-1.1821021 1.7181926 0.97052568 73
-1.0693671 1.7348317 0.96300328 48
2.5646815 1.7215617 0.93678141 17
-1.9426779 1.8533907 0.96227145 41.333332
-1.8549684 1.8291743 0.97667021 48
-0.90510863 1.8736583 0.98125589 47
-1.8620372 1.932815 0.94811106 14.5
-1.6718668 1.9788842 0.99012762 60
-1.2544142 1.9436258 0.99753445 5
-0.79860699 1.9556892 0.97565556 56
-1.7118303 2.0656559 0.96978807 37
-1.5780466 2.0546396 0.98345631 60
-1.2508227 2.0538528 0.99534732 14
-0.94414407 2.028213 0.99418783 150
-1.4490254 2.1760807 0.98280585 37.5
-0.97436577 2.159884 0.98978096 33
-0.63578695 2.1064496 0.98864931 54
-1.4023054 2.2701356 0.95617527 76
-1.3911324 2.2409046 0.97916174 66.5
-1.2159271 2.2308106 0.99675798 16.5
-1.1746246 2.2724013 0.97215867 37.5
-0.64738876 2.2273157 0.97678429 111
-0.52383304 2.2432098 0.98425943 48.5
-1.4104003 2.331167 0.94592619 33
-1.3248473 2.35988 0.92179155 6.5
-1.2711198 2.3532152 0.95675814 55
-0.36282146 2.3617663 0.95593065 51
2.0259223 2.3079731 0.94026655 85
-1.148752 2.4380152 0.97316724 48.5
-0.25796655 2.4431093 0.96790415 52
-0.13252488 2.5463705 0.97111082 49
1.5639395 2.6985795 0.90267295 72
1.6443849 2.658283 0.94034171 61.5
-0.24903917 2.7283568 0.99588346 26
-0.030607492 2.7209675 0.96578777 17
1.5141957 2.7614043 0.99746853 104
0.12506445 2.8271835 0.94810343 110
1.4654727 2.8362508 0.96080691 82.75
1.5018104 2.8189013 0.95197314 58
0.12728886 2.975781 0.92091769 21
0.27012193 2.9214964 0.92873329 55
1.4097586 2.9010055 0.92308354 52
0.31617686 3.0835419 0.90836215 25
1.3100945 3.1299968 0.95631462 76.5
0.23492335 3.2167089 0.94096285 13
0.47275513 3.2042391 0.97872388 82
0.61682725 3.2489047 0.97116256 58
0.86355138 3.2912078 0.95982498 77
1.0804095 3.2725132 0.99928719 18
1.1158849 3.2943048 0.93883604 27
-0.065511607 3.3576953 0.98253798 94
0.11009263 3.3410339 0.95285046 9.5
0.31741926 3.4626057 0.93285877 28
0.11855677 3.541676 0.92781925 45
0.23504977 3.5167255 0.94169939 8
-2.1865463 -8.4403954 1.0245017 21
-5.19943 -6.9458671 1.0854152 0
1.0718724 -6.3961554 1.0895771 101
-2.801122 -5.5037227 1.0131083 77
-2.4645052 -5.547462 1.0309941 105
2.0372236 -5.5298858 1.0593445 75
-1.7632718 -5.3117557 1.0666546 20
-1.8419673 -5.2842045 1.0519979 4
-1.5699643 -5.2529902 1.0744154 15
2.4509349 -5.1910458 1.0646696 122
-1.0493885 -4.7083268 1.0345085 82
-1.0266877 -4.6828823 1.0205286 83
-0.54785573 -4.2396393 1.0522602 100
3.4731185 -4.270359 1.0914112 113
3.5905714 -4.1677532 1.0894449 97
-0.38627011 -4.039793 1.0774968 19
-0.28422964 -3.9970875 1.0555089 112
-0.1998032 -3.922472 1.0449275 115
3.8365736 -3.9650073 1.0617198 96
-0.13123219 -3.8158627 1.081504 41.5
4.0131731 -3.7966523 1.0606503 43
4.144381 -3.694684 1.0778221 94
4.2205005 -3.6276815 1.0325396 94
0.27166066 -3.4403696 1.0153689 90
0.31853473 -3.4163077 1.0250465 82
4.536406 -3.3245265 1.0462365 88
4.5783582 -3.2836134 1.0349559 29
4.6533155 -3.2176023 1.0938181 75
5.6563268 -1.81903 1.003808 109
5.5628171 -1.681473 1.0064324 62
3.6432436 0.39282435 1.0838035 46
3.5896752 0.4542143 1.0564642 54
3.4868271 0.57104498 1.0002939 51
3.544626 0.51470762 1.0303926 65
3.3866012 0.75562322 1.0620608 104
3.4317136 0.70384997 1.0859247 105
-2.0332475 0.88279533 1.0892221 72.666664
3.2958307 0.85315031 1.0136272 101
3.3373103 0.80427474 1.0368541 105
-2.0041897 0.94555223 1.0615475 45
-1.9955791 0.94251007 1.0860394 45
-2.5723538 1.0457089 1.0343771 26
-1.9758228 1.0529534 1.0737805 151
-1.8826519 1.0547839 1.0170033 126
-1.7584864 1.0658116 1.0644873 4
-2.6147995 1.1390214 1.0410258 23
-2.5651321 1.1570034 1.0275985 42.333332
-1.6408468 1.1784344 1.0600623 93
-2.5024521 1.2181511 1.0005085 62
-1.9306718 1.2683794 1.0142164 25
-1.6044202 1.230269 1.0509142 77.5
-1.5822006 1.2748244 1.0380602 50.5
2.8696921 1.2634201 1.0761211 63
-1.9353021 1.3381565 1.0156848 26
-1.8862579 1.3478506 1.0182486 25
-1.6055282 1.3545514 1.0739225 72
-1.5801888 1.3496928 1.025944 92
-1.4515786 1.3768597 1.0782034 30.5
2.8247869 1.3030092 1.0401639 55
-1.9367462 1.4091613 1.0163571 23
-1.8716851 1.4401779 1.0085033 14
-1.7279698 1.4371947 1.0267432 1
-1.5881582 1.4078718 1.0652471 118
-1.4095249 1.415247 1.0423502 26
-1.3517238 1.4578834 1.0266398 31.166666
-2.1117942 1.5866185 1.0463841 8
-2.0985458 1.5971215 1.0124303 15
-1.9310956 1.5592836 1.0271406 21.5
-1.82458 1.5917797 1.0216645 6
-1.7700168 1.5617502 1.0284307 7
-1.6942304 1.5035108 1.0207758 5
-1.4652493 1.5772597 1.0001485 39
-2.1896734 1.6056992 1.0020283 13
-1.9319029 1.6383054 1.0258361 22.5
-1.8937434 1.6924615 1.0268939 12
-1.5197964 1.6526897 1.0005083 8
-1.1892296 1.6575217 1.070662 68
-1.9218754 1.7227235 1.0142678 35
-1.8575305 1.7396475 1.0228202 37.5
-1.5531685 1.7236022 1.0299754 18
-1.452294 1.764141 1.0212001 13
-1.0858898 1.72619 1.0403249 72
-1.8855802 1.8063073 1.0263013 60
-1.6093154 1.831218 1.0323657 14
-1.5115342 1.8874415 1.0256335 13
-0.91907829 1.8644154 1.0613201 78
-1.6595615 1.931893 1.0252159 24
-1.2743186 1.9574089 1.0119425 13
-1.1525395 1.9583987 1.0129819 12
-0.81826079 1.9759339 1.07392 55
-1.5429614 2.0661538 1.0249022 14
-1.3252766 2.0618119 1.0220205 13
-1.2472724 2.0437541 1.0050129 12
-1.4458776 2.1460574 1.0094651 9
-1.2258191 2.1333027 1.0080682 16
-0.84586245 2.1784103 1.0107068 14
-0.64882743 2.1352386 1.0638406 38
-1.37872 2.2013285 1.0216779 32
-1.2639859 2.2862494 1.029852 16
-0.86982399 2.3148336 1.0012139 21
-0.37569708 2.3865206 1.0973881 14
1.9760095 2.3661191 1.0424384 10
2.0082688 2.3288383 1.039391 79
-1.0381514 2.4011428 1.0217873 36
-0.26089969 2.4429095 1.0359126 16
-0.92371291 2.5774009 1.0308508 17
-0.68280011 2.5078535 1.0172929 16
-0.37334263 2.5175824 1.0817488 150
-0.067482032 2.5970347 1.0002153 36
-0.55135888 2.6200545 1.0226517 13
1.5929724 2.6834795 1.081568 81
1.6387711 2.668045 1.0460392 51
-0.36742342 2.7247286 1.0123394 14
-0.011712322 2.7103887 1.0317639 26
1.5489262 2.7290087 1.0500579 93.333336
-0.10608473 2.8908849 1.0122294 13
0.083858505 2.8736029 1.0257318 10.5
1.4734204 2.8576193 1.0489677 54
0.17314793 2.9579122 1.0717021 57
0.2026252 2.9662874 1.0082662 57
0.23988713 3.0057707 1.0505381 57.5
-0.011347139 3.1553595 1.0249274 7
0.040651627 3.1425326 1.0133153 17
0.44295537 3.1988912 1.0475435 54
0.56696129 3.1919458 1.0566097 44
1.2825538 3.1657381 1.0638165 75
-0.080047064 3.2133963 1.0281736 11
0.82057869 3.2552824 1.0549068 79
0.046580371 3.4331768 1.0121601 23.5
-6.1809287 -12.462948 1.1905977 71
-7.5842018 -11.232965 1.1125983 97
-4.3352327 -11.20798 1.1446947 50
-7.7031832 -11.091346 1.1567665 87
-4.499939 -7.4303164 1.1041199 40
0.7791242 -6.6702318 1.1056402 97
1.1765716 -6.306293 1.1866435 99
1.1650803 -6.2732077 1.1404456 100
1.2260989 -6.2248545 1.1154275 97
1.8723199 -5.6957922 1.1322693 81
-2.5813887 -5.5266495 1.104875 70
1.9946501 -5.5689049 1.1511538 87.5
-1.8157891 -5.2341485 1.1405665 150
-1.6719404 -5.238585 1.1489692 48
2.5303242 -5.1135559 1.146136 123
-1.0559053 -4.713726 1.1453406 69
-1.0431006 -4.6991496 1.1294839 80
-0.55457866 -4.2463684 1.1530445 105.5
3.5519843 -4.1967821 1.1736665 92
-0.45900911 -4.0998383 1.1791222 18
-0.28911704 -4.0077705 1.1534383 97
3.6695259 -4.0902662 1.1313913 121
-0.20407894 -3.9256442 1.1399195 103
3.8028843 -3.9841065 1.1494344 98
-0.21640739 -3.8896277 1.1827613 64
-0.15788272 -3.8466899 1.1944029 59
3.9815381 -3.8217452 1.1470045 97
4.1133151 -3.7157276 1.1601053 95
4.1772079 -3.6656525 1.1551956 91.5
0.25314757 -3.4639585 1.1134887 89.5
4.6064634 -3.2476623 1.1023679 122
4.6886597 -3.177649 1.1604096 124
4.7274427 -3.1486077 1.1505783 120
3.83043 0.19496776 1.1745529 38
3.7639806 0.26320538 1.1431953 39
3.7060864 0.32954529 1.1145186 45
3.5671134 0.47357574 1.1581168 52
3.6280229 0.41625232 1.1859285 58
3.4823763 0.5871743 1.115966 52
3.5197687 0.53018081 1.1350119 55
3.4804001 0.65117878 1.1104294 99
-2.1026165 0.81853831 1.1212496 72
-2.07761 0.83434409 1.1348109 53.5
-2.8365817 1.0147461 1.157971 21
-2.7763891 1.0636985 1.1284425 41
-2.161695 1.0971911 1.1725688 64.5
-1.9251684 1.0735376 1.1586125 7
-2.0028796 1.156514 1.1859636 4
-1.8576938 1.1084131 1.1532716 3
-1.7658484 1.1854452 1.1485031 132
2.9699454 1.152823 1.1598461 54.5
-2.0453517 1.217515 1.1892864 2
-1.7326214 1.2028967 1.1574876 10
-1.6478022 1.2479767 1.1540005 110
2.9025421 1.2167093 1.105916 61
-1.6034863 1.3281412 1.1900158 81.5
-1.5381645 1.3777918 1.1422278 68.666664
2.8189063 1.3068284 1.1762855 60
-1.1100222 1.6962198 1.1660758 74
-1.0951004 1.6987709 1.1091647 84
-0.93416679 1.8356369 1.1623285 67.5
-0.8228386 1.9346271 1.145108 41
-0.66168731 2.134016 1.1585737 30.5
-0.54096013 2.2628934 1.1575195 37
-0.53869492 2.3050773 1.1077091 35
-0.26893586 2.3795753 1.147316 0
1.993131 2.3512962 1.1424704 24.5
-0.26525283 2.4357667 1.1016726 80
1.6196843 2.6745083 1.1354283 68
-0.11898565 2.8315942 1.1475155 66
-0.044189863 2.8863804 1.1788359 47
1.4442703 2.8953142 1.1500084 33
0.021297587 2.9704487 1.1497674 65
0.13922645 2.9714828 1.1442291 52
0.18849219 3.0014343 1.1490003 53
0.41362426 3.1955447 1.1176955 51
1.2630919 3.1885579 1.1386453 71
0.77801579 3.2213619 1.1490858 74
0.52852142 3.3312211 1.1690201 106
1.0501273 3.4107873 1.1410739 75
-6.1267977 -12.602603 1.2973148 97
-7.4260192 -11.350652 1.237175 72
0.89091772 -6.5699873 1.2041916 98
1.1049638 -6.326499 1.2928184 100
1.1688085 -6.2763853 1.2650183 100
1.2797078 -6.2144852 1.2794926 103
1.739166 -5.8160634 1.2778194 108
1.9649888 -5.6255898 1.2225255 109
1.9499683 -5.599812 1.2416949 92
-1.8371204 -5.2404757 1.2581351 0
-1.7527598 -5.2027931 1.2729036 15
-1.6633421 -5.2705688 1.210867 20
-1.7668746 -5.1970639 1.2185014 27
2.611836 -5.0380473 1.2268547 120
2.6738384 -4.9793301 1.2526684 97.5
-1.0626062 -4.7273126 1.2511477 75.5
3.2814953 -4.4386148 1.2568951 107
-0.56196713 -4.2606115 1.2572664 89.5
3.5256908 -4.2170377 1.2823575 104
-0.53078949 -4.1748695 1.2996079 18
-0.44357324 -4.1035423 1.2034953 33
3.6227674 -4.1329703 1.2318307 27
-0.29297894 -4.0154319 1.2504609 103
3.7610917 -4.0205584 1.2211843 93
-0.24223788 -3.9477022 1.2669427 80
3.8175313 -3.9600372 1.2696166 3
3.9536307 -3.8480816 1.2340235 93
4.0813146 -3.7357976 1.2419685 91
4.1356993 -3.7025721 1.2786978 92
0.18345027 -3.5219998 1.2074342 80
0.23780119 -3.4771941 1.2110665 87
4.7700629 -3.1036422 1.2163452 120
4.8445258 -3.037895 1.2485852 122
4.1036053 -0.1112253 1.2956939 39
4.0320387 -0.029058388 1.2651345 42
3.9691167 0.047559492 1.237162 40
3.8785386 0.14216512 1.2456167 39
3.7684872 0.26060387 1.2478752 41.5
3.6840076 0.35578933 1.2102892 45
3.1415687 0.9928928 1.291079 58
3.0485139 1.056026 1.2255726 43.5
2.9624319 1.153677 1.2802317 57
-1.6330156 1.2855742 1.2155652 132
2.8687632 1.2691994 1.2106947 73
2.9057794 1.2246367 1.2382052 63
-1.2311689 1.6534761 1.2070301 23
-1.1280613 1.679525 1.2462423 28
-1.2928673 1.7988658 1.2431208 15
-0.95336407 1.7927843 1.2890488 69
2.5543013 1.7414066 1.2426791 92
-0.9450292 1.8109336 1.237617 64
-0.83823895 1.9274132 1.2355821 47.5
-0.6754362 2.0787535 1.2942976 20
-0.67590731 2.1337738 1.2572041 35
-0.54769498 2.2595716 1.2241747 4
2.0240119 2.3463678 1.2660943 14
1.5922737 2.7108731 1.2547977 81.5
-0.12308019 2.8344915 1.2274736 16
1.4165062 2.940033 1.2583985 32
0.13277286 3.1325426 1.2663454 6
0.73682237 3.1909475 1.2450221 78.5
0.3768369 3.2840915 1.2190582 150
1.2343946 3.2197886 1.2522125 71
0.49101025 3.3905082 1.2612821 147
0.99817634 3.3976221 1.2435784 80
-7.606854 -11.194464 1.3445994 96
-7.586812 -11.144224 1.3850172 62
-7.7167153 -11.078943 1.3995337 92
0.74846929 -6.6923046 1.3887106 51
0.99914718 -6.4727507 1.3006811 96
1.1059359 -6.3755155 1.395782 96
1.3803416 -6.131772 1.372394 102
1.8293742 -5.725719 1.3640517 115
1.9261215 -5.6291733 1.3509291 92.5
2.0487833 -5.5276709 1.3051538 126
2.1370397 -5.4556136 1.3898308 116
2.6371303 -5.0093918 1.3699653 93
2.7749076 -4.8970227 1.3868608 137
-1.0758762 -4.7491961 1.3673682 76.5
2.988775 -4.6907563 1.3744589 129
3.2510278 -4.4645982 1.3592622 97
-0.57007545 -4.2798781 1.3654191 91
3.4949362 -4.2431211 1.381229 94
-0.51163864 -4.1663761 1.3215035 39
-0.30337682 -4.035624 1.3675559 95
-0.29111531 -4.0225902 1.339355 101
3.7490931 -4.036953 1.3320698 102
-0.20990801 -3.9529431 1.3381151 109
-0.21389529 -3.8973672 1.3037051 62
3.9289546 -3.8769464 1.3246577 98
4.0595469 -3.7645798 1.3284572 95
4.1040974 -3.7196326 1.3618958 92
0.16547671 -3.5472665 1.3120006 77.5
0.60505033 -3.2145672 1.3585293 3.5
0.56632346 -3.1835401 1.3946227 5
4.95016 -2.9464102 1.3261498 121
5.033155 -2.8712912 1.382762 118
4.346971 -0.38138255 1.392526 43
4.2539287 -0.28547409 1.3566841 39
4.1477995 -0.16529508 1.3566136 39.5
4.0504174 -0.055148982 1.3621919 46
3.9520104 0.056145266 1.3234686 43.5
3.1115339 0.98625398 1.3848183 35
3.248198 0.92789197 1.3634193 105
3.0409527 1.0578165 1.3363285 43
2.5710218 1.7504622 1.3938532 25
-0.85623276 1.9065595 1.3543742 29
1.5748863 2.7367859 1.3548206 67
1.3870981 2.9827101 1.3704107 33
0.69722301 3.21051 1.360679 71
1.2063317 3.2610118 1.3738281 77
0.94260228 3.3488879 1.3340895 77.5
-0.10397466 3.4256928 1.3532728 150
0.33489883 3.4155669 1.3403115 150
0.45019284 3.4817352 1.3688397 63
-0.11132541 3.5001698 1.3914285 130
-2.034457 -8.397768 1.4727051 13
0.86037809 -6.5872197 1.4829535 69
1.0433034 -6.3688197 1.4456818 100
1.1094321 -6.3329363 1.4191331 104
1.2098904 -6.2842865 1.4895117 94
1.4801104 -6.0450854 1.4646002 113
1.8996878 -5.6486859 1.4571042 94
1.9210843 -5.647368 1.4516523 110
2.2243953 -5.3775826 1.4752294 114
2.5964785 -5.0424628 1.4966835 85
2.6056278 -5.0383358 1.4827166 95
2.8556864 -4.8235116 1.4654673 132
-1.0904512 -4.7690983 1.486001 60.5
3.0671952 -4.6211991 1.4522735 127
3.2243502 -4.4944944 1.4655451 96
-0.60385889 -4.2439198 1.42505 19
-0.5735904 -4.257597 1.4452703 65.5
3.4697602 -4.2730083 1.4826334 96
-0.32609546 -4.0327225 1.4438231 67
-0.29386595 -4.0347943 1.4424769 95
3.7195768 -4.0559492 1.4250368 99
-0.24399588 -3.9621048 1.4310621 85.5
3.8990269 -3.8969808 1.4140937 95
4.0562868 -3.7649956 1.4311063 98
0.087565817 -3.6207776 1.4189456 76
0.14734532 -3.5801969 1.4232365 74
0.55538106 -3.2029305 1.4777707 8.5
5.1157408 -2.7936473 1.4376117 119
5.2114549 -2.7225571 1.4967563 123.5
4.5303359 -0.58623707 1.4614201 36
4.4277935 -0.48210064 1.4606102 40
4.2677922 -0.30216053 1.442058 43
4.3637319 -0.39250055 1.4762564 53
4.194046 -0.21619117 1.4152288 41
3.3689585 0.7861082 1.4537489 98
3.4297087 0.7286489 1.4964769 105
3.3186386 0.84352815 1.4172742 95
3.2384381 0.93080789 1.4637747 102
2.7882721 1.5559031 1.4638795 28
2.816184 1.5010616 1.4958382 113
2.6738272 1.6436627 1.4832137 107.5
2.6433301 1.7357646 1.4519504 18
2.4599416 1.8619422 1.4764172 49
-0.89140457 1.9567975 1.4945865 4
2.3654795 1.9744653 1.4759045 55.666668
2.2526398 2.0854089 1.4797465 60.666668
2.2207611 2.141995 1.4557322 64
2.0855501 2.2627399 1.4810715 49
2.1125319 2.28369 1.4793955 11
1.9874567 2.3537154 1.4986733 57
1.9653312 2.4259744 1.4770827 5
-0.15583709 2.5566573 1.4949396 44
-0.016107978 2.6703234 1.4958253 48
1.5591927 2.7626996 1.4594942 56.5
0.23119159 2.8894801 1.4998896 43
1.3675501 3.0131588 1.4488138 40
0.67040861 3.2441974 1.4487145 67
0.85219663 3.2703793 1.4863735 77
1.1856292 3.2768259 1.4513659 80
0.88789123 3.3051717 1.4272634 78
-0.15036461 3.4653287 1.4544902 96.5
0.41103297 3.4959896 1.4522033 47
-0.0014744191 3.6037309 1.4475667 25
0.28352666 3.6139159 1.4950308 113
-7.6407456 -11.16406 1.579616 91
-7.7376499 -10.924569 1.5283816 43
0.97162789 -6.4921355 1.5793254 79
1.0499676 -6.3714881 1.5732784 103
1.3131241 -6.1930585 1.5825472 97
1.576965 -5.9575028 1.554029 105
1.8562016 -5.6805248 1.5541031 96
2.0121148 -5.5720205 1.5399674 115
2.3103883 -5.3025975 1.557824 128
2.9357522 -4.7510033 1.5433778 139
3.1695805 -4.5345755 1.5499109 113.5
-0.66623604 -4.3294005 1.5882267 8
-0.59317023 -4.3114052 1.5058731 13
-0.56347191 -4.2330413 1.5328171 1
3.4354756 -4.2882104 1.581145 94
-0.41042453 -4.0837617 1.540978 59
-0.33880156 -4.0288801 1.5481284 61
3.6979816 -4.0837355 1.5204542 96
-0.25662673 -3.955096 1.5260379 3.5
3.8592186 -3.9298656 1.5505674 92
3.9796262 -3.8243463 1.5892555 104
4.0037994 -3.8034925 1.5004539 94
4.0333595 -3.7725596 1.5545211 48.5
0.067804962 -3.6557312 1.5349228 45.5
0.49800786 -3.2130165 1.5754055 5
0.54555821 -3.1698687 1.538601 6
5.2983518 -2.6425889 1.5532608 118
5.303834 -2.645015 1.5525409 123
4.8577733 -0.94239193 1.5744456 41
4.7302513 -0.81389469 1.5307254 38
4.7108512 -0.79891419 1.5888971 40
4.6314659 -0.69463289 1.5317845 39
4.5309772 -0.58588266 1.5316451 41
3.4857404 0.59210002 1.5462751 49
3.5444016 0.52761894 1.5869095 48
3.486917 0.66815472 1.5371416 103
-2.2009978 0.73199224 1.5993918 56
-2.1683073 0.76847142 1.5742608 49.333332
3.3649919 0.79428107 1.5468811 105
3.4239411 0.73790735 1.5839301 100
-2.1436441 0.83743644 1.5859251 53.25
-2.0796039 0.85279691 1.5758358 45
3.3110576 0.84979808 1.5118614 98
-1.886206 0.99365759 1.5832312 50
-2.8109875 1.0510924 1.5655193 5
-1.9174272 1.0525008 1.5926838 86
-1.8083085 1.0822558 1.560503 42
-1.6207 1.2630818 1.5880847 68.5
2.8658042 1.2732401 1.5713582 66
-2.5000286 1.3680838 1.5892754 17
-2.4674125 1.3471066 1.5665237 18.5
-2.3674507 1.3564066 1.5842648 44.666668
-1.5067958 1.328454 1.5666724 45
2.8378384 1.3671023 1.5348619 101
-2.4101577 1.4193234 1.5853778 15
-2.3814881 1.4577116 1.5620471 11.8
-2.2936788 1.4441111 1.5785499 43
-1.3182046 1.494041 1.5865195 25
2.751411 1.4732411 1.5560308 40
2.8092163 1.421967 1.5036246 117
-2.3075342 1.5240582 1.5513337 29
-2.2748249 1.5564854 1.5718198 28
-2.150399 1.5514852 1.5895205 10
-2.0767622 1.5996411 1.5972322 5
-1.6085391 1.575539 1.5910491 5
-1.3189516 1.5350878 1.5564334 5
2.7000973 1.5494225 1.511724 111
-2.1832621 1.6203523 1.5827899 1
-2.0709367 1.6069107 1.5796194 56
-1.2060611 1.6105897 1.5598692 3
-1.9936537 1.7990893 1.5475093 108
2.4366088 1.8447754 1.5348806 56.200001
2.3196607 1.9756762 1.5289412 49
-0.71144283 2.0439148 1.5550696 23
2.2567711 2.0531654 1.5261482 82.5
-0.57823479 2.1329319 1.588364 23
2.1297231 2.1805382 1.5316837 49.5
-0.73234659 2.2048199 1.5906225 32
-0.5832296 2.2378616 1.5803552 43
-0.41507304 2.2838106 1.553521 49
2.0721684 2.2599673 1.5413358 37.5
2.0128229 2.3194532 1.5307612 30
-0.75879496 2.4705293 1.599798 34
-0.28843293 2.4773359 1.5736457 45
-0.058162451 2.4856772 1.569823 50
1.9464115 2.4171169 1.5304924 18.5
-0.17905803 2.5260031 1.552412 45
-0.062834702 2.5427585 1.5700819 30.5
-0.41662484 2.6188262 1.5920818 39
-0.039721642 2.6434639 1.5507555 34
1.7526445 2.6381993 1.539162 30
-0.18767682 2.7999661 1.5527674 27
-0.075263865 2.7031181 1.5891602 29
1.5422322 2.7886117 1.5668865 52
-0.62016386 2.838099 1.5978203 43
-0.19119659 2.8084497 1.5513735 28
-0.2715255 2.9968629 1.5971849 34
-0.18250284 2.9208176 1.5351266 29
-0.036732405 2.9215469 1.5486035 26.5
0.30637613 2.9529316 1.5222191 42
-0.41320223 3.0719562 1.5650188 42
-0.18767858 3.0979929 1.546049 24
-0.032681834 3.0547702 1.5559521 28.333334
1.3547637 3.0686085 1.5412408 81
-0.4079684 3.1580667 1.5134195 52
-0.26548314 3.1490884 1.5792198 43
-0.19465825 3.1154327 1.5462104 21
0.2333965 3.1214507 1.5319338 21
0.32744148 3.1083775 1.5211592 24
-0.18479228 3.2473187 1.5285345 33
-0.028533302 3.2456961 1.5447068 20.5
0.034248255 3.2709846 1.5933363 30
0.24633162 3.2985556 1.5322832 33
0.64273477 3.2698812 1.5363137 76
0.81776714 3.2446122 1.5494791 73
-0.17352781 3.3862312 1.5116597 79
-0.039444216 3.3772449 1.5257027 33
0.34593645 3.3177445 1.5371915 19
1.1659831 3.3026342 1.5360454 76
-0.18715945 3.424566 1.5174857 98
-0.0057502924 3.401845 1.564281 20
0.027247101 3.4379294 1.5538988 26
0.25911048 3.4956601 1.5326663 24
-0.030416364 3.5403664 1.5077149 95
0.01583924 3.5695295 1.5221421 114.5
0.36559305 3.5821366 1.5675021 67
0.076569892 3.6249375 1.5467116 51
-7.7276354 -11.057453 1.6435655 98
0.98210013 -6.4251404 1.6052415 103
1.0792519 -6.395052 1.6708121 83
1.4120286 -6.0988379 1.6714206 97
1.6723797 -5.8699703 1.6420689 113
1.8135798 -5.7192178 1.6555554 97
2.100208 -5.4906802 1.6241015 111
2.3947616 -5.2216625 1.6404461 125
2.5656447 -5.0714293 1.6114321 95.5
3.0547132 -4.6382422 1.6577944 132.5
3.1639462 -4.5384684 1.680566 88
3.2203197 -4.4801955 1.6016042 136
3.3001246 -4.4105868 1.677978 120
3.4109254 -4.3163476 1.6873354 96
3.6740768 -4.1065888 1.6181803 99
3.8211861 -3.9596915 1.6901222 89
3.9619734 -3.8510158 1.6809999 92
4.0607634 -3.7466164 1.6325784 72
4.2800479 -3.5537519 1.6776034 38
5.387064 -2.5606313 1.6069944 117.5
5.4769292 -2.4758527 1.6620779 116
5.4029794 -2.0381427 1.6911267 102
5.242835 -1.3718629 1.6963453 34
5.1029916 -1.2175101 1.6535574 37
5.0604467 -1.1742122 1.6937528 33
4.9579945 -1.0587856 1.6356564 37
4.8224521 -0.91681808 1.6234778 40
-4.0017076 0.052963831 1.6890999 41
-3.9324462 0.1328024 1.66292 60.5
-3.8546472 0.20653352 1.6295117 69
3.6632025 0.38966984 1.6667283 41
3.5886941 0.46763384 1.6547686 42
3.5237119 0.5405699 1.6518874 53
-2.2572892 0.65552092 1.6568112 66.666664
3.4801784 0.64192188 1.621333 77
-2.2131593 0.7253958 1.6127514 62
-2.1577268 0.75933516 1.6535388 23.25
-2.4546843 0.85866666 1.6434169 10
-2.3005965 0.88030571 1.630641 24
-2.2728066 0.82629448 1.623024 31
-2.1050961 0.82485896 1.6146896 53
-1.9119166 0.84895772 1.6750387 44.333332
-1.8422157 0.89288062 1.699432 55
-2.4379044 0.94143271 1.6288246 32
-2.3518176 0.97059017 1.6284682 26
-2.2175896 0.94973087 1.6292003 24.666666
-2.1748312 0.95663738 1.6184373 33.5
-1.9504668 0.97214842 1.6709418 70
-1.834996 0.95319372 1.6626282 52
-2.4487436 1.0552636 1.6289852 30
-2.3667872 1.0590032 1.6170424 25.333334
-2.2418909 1.0465225 1.6311041 26.25
-2.1716514 1.0554072 1.6090388 28.5
-1.8281786 1.0555412 1.6028501 71
-1.6244075 1.0832998 1.6967446 68
-2.42733 1.1378169 1.625791 27
-2.3527369 1.148349 1.6356231 25.5
-2.2641921 1.1419719 1.6284468 22
-2.16487 1.1474975 1.6142759 28.333334
-2.008882 1.1940057 1.6322005 28
-1.9432303 1.1646516 1.6286117 33.5
-1.6216578 1.142405 1.6604872 83.5
-1.5151871 1.1648889 1.6836736 59
2.9551206 1.174298 1.6552072 55
-2.4509163 1.2409945 1.628696 31
-2.350445 1.251423 1.6271505 24.5
-2.1604073 1.2456533 1.613248 28.333334
-2.019948 1.2429934 1.618292 30
-1.9336652 1.261151 1.6285409 31
-1.5205883 1.2363298 1.6524005 64
2.8591459 1.2817765 1.6523522 63
2.9067669 1.2332656 1.6925051 63
-2.3634462 1.3425447 1.6124907 33.333332
-2.1341207 1.3563347 1.6238708 26.333334
-2.0473185 1.303875 1.6180458 24
-1.9640132 1.3291872 1.6281526 23
-1.6959461 1.398319 1.6320642 38
-1.5678071 1.3534651 1.6708995 78
2.8263834 1.3367708 1.6239532 12
-2.1355405 1.4405135 1.6219485 24.5
-2.016937 1.4374976 1.629459 17
-1.7203225 1.4651638 1.6300995 20
-1.5715306 1.4445157 1.6137606 22
-1.340623 1.4827328 1.6487764 53
-2.1377523 1.5371671 1.6194193 33.75
-2.0739887 1.5526758 1.6294279 5
-1.7299899 1.517145 1.6103095 16
-1.600064 1.5217122 1.6156386 15
-1.2184389 1.5650661 1.6308656 27.5
-1.7783847 1.6107841 1.6283984 4
-1.0928314 2.0788774 1.6276859 2
-0.72418058 2.0437019 1.6312467 8
-1.1088483 2.1697154 1.6154122 10
-0.58632815 2.1235595 1.6608976 0
-0.42490348 2.2611189 1.6575232 46.5
-0.74762678 2.3486276 1.6055722 26
-0.29513526 2.3790243 1.6364313 30.5
-0.59673333 2.4155078 1.6140826 24
-0.41854209 2.4927735 1.6017448 27
-0.10022067 2.4847109 1.6668515 23
-0.075140163 2.4635139 1.6292371 26
-0.605564 2.5583303 1.6159428 28
-0.24578813 2.5363786 1.6652443 5.25
-0.16875544 2.5314605 1.6465371 47
-0.042642348 2.5942955 1.6030115 25
-0.28345627 2.6864548 1.6100159 23
1.7023008 2.6416752 1.6944571 1
-0.61465102 2.7111499 1.6178244 23
-0.14853528 2.7648797 1.6096005 24
-0.41834933 2.8098216 1.6123213 25
-0.27773914 2.8556378 1.6141732 24
1.5331389 2.8085539 1.643194 50
-0.41718972 2.9678655 1.6056557 27
-0.13507679 2.9251504 1.6070689 26
-0.031012729 2.9163289 1.6102982 14.5
0.15587613 2.9785745 1.6958233 51
0.18473364 3.0049059 1.6310871 57
0.25860274 3.0670247 1.6532264 55
-0.11996927 3.121453 1.6127809 26
0.014778128 3.1085479 1.611311 12
0.74983382 3.1890996 1.6738743 71
1.3388127 3.1171308 1.6347675 87
-0.10502367 3.2987549 1.6013765 35
-0.018140445 3.2994821 1.6160868 16
0.78468633 3.2178736 1.6121002 74
0.61428851 3.3045502 1.6302119 73
1.1459771 3.3284378 1.6238666 77
-2.1927326 -8.5033407 1.7057985 79
0.95465261 -6.4592762 1.7532809 100.5
1.1840204 -6.2969704 1.7609352 83
1.5102612 -6.01162 1.7610043 97
1.7662868 -5.7704515 1.7639897 106.5
1.8088857 -5.7312427 1.7377574 98
2.1890521 -5.4153352 1.7089196 117
2.2734909 -5.3240056 1.7895993 119
2.4793139 -5.1467233 1.721652 121
2.5272522 -5.1104999 1.742354 94
2.534158 -5.0944462 1.7288737 91
3.157871 -4.5488577 1.7834072 99.5
3.380408 -4.3396831 1.7728599 105
3.644486 -4.1205907 1.7133933 95
3.8010335 -3.9844072 1.7873399 94
3.9363885 -3.8669138 1.7725302 95
4.0054793 -3.8030927 1.7117902 90
4.1718712 -3.6342318 1.7078626 94
4.2514758 -3.5574803 1.7730469 118
4.3525019 -3.4756579 1.7414539 90
5.5699444 -2.3910489 1.7167566 120.5
5.5563426 -2.2540741 1.7340939 57
5.407114 -2.0820718 1.7099913 85
5.4768629 -1.9911516 1.7548404 120
5.5075426 -1.9538418 1.7445469 117
5.6062779 -1.8616074 1.7938273 115
5.498497 -1.5708184 1.7795608 59
5.3875117 -1.4851 1.7913266 55
5.1811066 -1.3128636 1.7267237 40
-4.2759695 -0.24919282 1.7984359 10
-4.2032447 -0.16323985 1.7825676 8
-4.169704 -0.14381374 1.7555368 9
-4.1160612 -0.0534885 1.7406478 20
-4.0678682 0.029853262 1.7244449 31
3.7814825 0.25303 1.7759147 43
3.7202625 0.32795644 1.7378402 39.5
3.6421411 0.4078272 1.7231195 40
-1.8666316 0.83948684 1.7523336 55.5
-1.6477778 1.0385034 1.7553287 55
3.0623846 1.0384598 1.7567177 40
-1.9674021 1.1068118 1.7635908 150
-1.5470647 1.127775 1.7625535 51.5
2.9757848 1.1564188 1.7488875 59
3.0323138 1.1002868 1.7255161 56
-1.3300034 1.2726303 1.7556325 51.5
-1.7424409 1.3133565 1.7652971 150
-1.3584683 1.4644749 1.7053946 40
-1.2570066 1.5356672 1.76089 54.5
-0.43475485 2.2474253 1.771577 19
-0.30090407 2.359668 1.7477865 14
2.0591314 2.3227503 1.7717345 19
-0.08101175 2.4570973 1.7336133 20.5
-0.15552269 2.5410464 1.7468619 19
1.6878971 2.6551871 1.7673476 30
1.5161531 2.8334644 1.7577443 42.5
0.12572075 2.956229 1.7632855 48
0.19152014 3.006741 1.7780564 43
0.2246045 3.040374 1.7176663 45
0.7174471 3.1993663 1.7570684 75
1.315151 3.1344926 1.7155068 80
0.58497119 3.3332152 1.7236773 70
1.1264591 3.3532419 1.7130151 79
-7.1943884 -11.600193 1.8848276 70
-7.6690178 -11.118388 1.8101726 94
-7.7377315 -11.027934 1.8866944 91
-3.4712994 -10.436445 1.8683071 56
0.92814058 -6.4826412 1.8999386 105
1.2880931 -6.209898 1.8527896 82
1.6084639 -5.9233985 1.8491757 96
1.7629088 -5.7705293 1.8816811 99
1.8582251 -5.7023888 1.8137113 119
1.9501884 -5.6179986 1.8996968 109
2.3616288 -5.2516613 1.8737181 124
2.487289 -5.1295228 1.8660088 90
2.5014307 -5.1294446 1.8576777 92
2.5639594 -5.073781 1.8042711 121
2.6454258 -4.9929404 1.8827015 118
3.2616625 -4.4679074 1.8520794 57
3.4544995 -4.2655301 1.8258705 69
3.6280882 -4.1502519 1.8167162 95
3.7799709 -4.0071526 1.8863721 91
3.9571314 -3.8533108 1.8562101 91
4.334661 -3.4816942 1.8402892 124
4.4234872 -3.3966033 1.8039178 123
4.5089998 -3.3261335 1.8731786 122
5.5681615 -1.9066496 1.8077747 116
5.6477571 -1.8068774 1.8547378 113
5.6256495 -1.7403289 1.8140702 105
5.5761995 -1.6628369 1.8456354 64
-4.4303961 -0.37134141 1.8702259 2
-4.3062882 -0.26805586 1.8270724 8
4.0227904 -0.0081261136 1.896947 35
3.9496751 0.078223795 1.8509321 38
3.8534615 0.17586736 1.8201573 43
3.9106147 0.11122072 1.8812315 35
-1.910004 0.79445261 1.8236943 46
-2.065876 0.84114456 1.8563495 150
-1.6842569 0.97855878 1.8388321 73.5
-1.3306367 0.98135418 1.8964577 61
3.2318127 0.95058018 1.897158 100
-1.5735279 1.056299 1.8427572 60.5
-1.3399298 1.0352817 1.8937587 42
3.0709658 1.0493858 1.8274236 45.5
3.1545579 1.0000752 1.8314112 57
-1.3568522 1.2382482 1.8365227 58
-1.2459072 1.2507459 1.8991599 50
-1.257653 1.3174417 1.8964273 71
-1.4269681 1.4886075 1.8545461 89.5
-1.2656916 1.4528861 1.8396149 63
2.6762788 1.6435304 1.8932903 5
-0.95289689 1.8933015 1.8402805 12
2.3740261 1.9833426 1.8972963 10
-0.30564246 2.3713746 1.8447938 1
2.045001 2.3331585 1.8678864 41
-0.1011964 2.4817438 1.8441215 18.5
-0.064498089 2.4446242 1.8507024 6
1.9393485 2.4978888 1.8997158 4
-0.21483395 2.5958731 1.8944937 1
-0.18246765 2.5662985 1.832149 17.5
0.061923981 2.5945673 1.860707 12
0.082279794 2.6527913 1.8208596 31
1.6726353 2.6666794 1.8398118 40
1.5001967 2.8583753 1.8771869 37
0.07947807 2.9286947 1.8701079 57.5
0.15844014 2.9761088 1.8406829 55
1.293697 3.1668921 1.8073817 81
0.68318141 3.2365859 1.8573227 75
0.55505389 3.3838508 1.8324057 74
1.1057222 3.3820355 1.8071234 78
0.85440731 -6.526896 1.9352424 90
1.3907753 -6.1248245 1.9436481 82
1.7053038 -5.8431826 1.9387758 100
1.7208849 -5.7995515 1.9479139 100
2.0390677 -5.5287147 1.9814904 118
2.4580014 -5.1690993 1.981742 103.66666
2.730953 -4.9235139 1.9641432 124
3.1159322 -4.5961618 1.9099866 96
3.3489323 -4.3752251 1.9132392 50.5
3.5440347 -4.20961 1.9070151 18
3.6026978 -4.1651492 1.9171789 90
3.7540777 -4.0210533 1.9832991 86
3.9005275 -3.9092784 1.9636515 87
3.9453363 -3.8623087 1.9917229 84
4.4177999 -3.4039049 1.9061198 126
4.5009079 -3.3231144 1.9719543 111
4.601028 -3.2594745 1.9444374 142
-4.8828745 -1.8557223 1.9298186 41
-4.8772163 -1.7285447 1.9424001 97
-4.9680076 -1.63448 1.9951251 96
-4.7612877 -0.62298948 1.9931425 40
-4.6220412 -0.50352234 1.9624316 13
-4.5878096 -0.48913068 1.923842 10
4.1073756 -0.10036789 1.9484129 37
4.0600009 -0.055660952 1.9659982 38
3.9845278 0.030258542 1.9236323 41
-1.666585 0.5893997 1.932797 31
-1.9424623 0.64269221 1.9086809 20.5
-1.663336 0.65498042 1.9131608 60.5
-1.5641896 0.68584096 1.9604206 12
-1.981817 0.75695312 1.9247334 53
-1.7079628 0.79113621 1.9417154 44
-1.683702 0.73233646 1.9216074 40
-1.5675336 0.76181817 1.944402 59
-2.1431708 0.83256435 1.9489748 111
-1.7352339 0.85291427 1.9615681 53
-1.5859309 0.84731972 1.948199 45
-1.3448901 0.87772566 1.9627607 78
3.2912292 0.89195776 1.9497691 96
-1.7373655 0.92345905 1.9399691 53
-1.614011 0.94181311 1.9602036 55.5
-1.3317777 0.9353072 1.914323 108
-1.2323741 0.98283929 1.9834719 14
3.2329893 0.9585197 1.9535474 88
-1.6113381 1.0154965 1.9276317 63
-1.2382728 1.0657443 1.9657584 36.5
-1.3750012 1.1414294 1.9220484 37.5
-1.2415338 1.1702769 1.9277923 53
-1.3860976 1.2248619 1.9082167 66
-1.2954006 1.4213091 1.9377761 46
2.7818408 1.4722393 1.9643321 103.5
2.8240428 1.4205253 1.9783602 109
2.6995289 1.5782766 1.9176567 94
2.7508254 1.5318666 1.93064 63.5
-1.0848262 1.6027037 1.9316697 46
2.5119588 1.7702589 1.968397 109
2.4380369 1.872669 1.9495029 62.444443
-1.1516689 1.9618766 1.9465306 5
2.3783863 1.9286461 1.9252263 101.5
2.2950273 2.0302086 1.9576757 57
2.3338039 2.0082226 1.9002742 49
2.2246814 2.1068528 1.9396405 58.5
2.0251865 2.3344216 1.960158 57
1.9160547 2.4680216 1.9402213 65
-0.18230423 2.5340977 1.9590688 15.5
0.03898228 2.5700817 1.9535034 2
0.082896717 2.654155 1.9205794 36
1.6532354 2.6909833 1.9596045 44
1.4894818 2.8733151 1.9593519 42
0.086502105 2.9397371 1.9844304 47
0.11951467 2.9773674 1.9240421 48
1.2714651 3.1962719 1.901065 84
0.65032381 3.2818294 1.9660416 64
1.2492722 3.2266505 1.9969846 80
0.52338231 3.4244783 1.9402716 79
1.085521 3.4138269 1.9047999 85
-7.35466 -11.367497 2.0078933 56
-7.6956272 -11.070919 2.0408463 102
-3.7762589 -10.707875 2.0780513 56
-2.6650443 -9.7140436 2.0876942 62
0.86645681 -6.5342321 2.0684414 99
1.4898229 -6.0297518 2.0296254 83
1.7165642 -5.8068223 2.0287497 99
1.8013873 -5.7599654 2.0262718 106
2.129734 -5.4483705 2.0660877 117
2.5335298 -5.0969849 2.0378072 120
2.8147686 -4.8485761 2.0446513 120
3.0902333 -4.6190529 2.0256474 93
3.339252 -4.3948665 2.015588 98
3.583029 -4.1879015 2.0223925 103
3.7400386 -4.0475702 2.0888472 86
3.8800216 -3.9250369 2.0608561 94
3.9332552 -3.8868272 2.0927103 99
4.5976672 -3.2531934 2.0439036 143
4.6805711 -3.1811671 2.0095727 129
4.7711883 -3.1083364 2.0800056 128
-5.1581044 -2.1018145 2.027003 21
-4.8602037 -1.825303 2.0014102 53
-4.8974257 -1.7165591 2.0262246 104
-4.9768968 -1.620134 2.0687337 105
-5.0503488 -1.5342282 2.0444825 101
-4.9286814 -0.76697832 2.0750308 67
-4.774169 -0.63271445 2.0268686 46
4.3074217 -0.30156493 2.0684681 61
4.2335114 -0.24186616 2.0623226 58
4.1556134 -0.14601006 2.0193071 45
4.2020063 -0.19751625 2.0053561 36
3.4087114 0.76370054 2.0535839 102
3.3493671 0.83452106 2.0313485 97.666664
2.8790472 1.2927076 2.0429356 70
2.8380494 1.345057 2.0254951 82
2.8277092 1.4165608 2.0398967 103
2.6080492 1.5974189 2.0824196 134
2.5495057 1.6683934 2.0480304 114.5
2.4549508 1.7743038 2.0429053 116
2.5313663 1.7386417 2.0264468 129
2.368798 1.8396491 2.0516894 28
2.4322448 1.8459057 2.0335131 62
-1.180481 1.9429278 2.065428 42.5
2.1942263 2.0727096 2.0478961 38
2.2738509 2.0203652 2.0618324 42.5
2.2236228 2.1097665 2.0246778 64
1.9930555 2.3202963 2.0773587 73
2.0148809 2.3360009 2.024873 40
1.886434 2.4412889 2.045217 54
1.9084238 2.4687412 2.003967 62
1.479849 2.8952532 2.0486484 44
0.44031435 3.1917639 2.0714922 44
0.4787662 3.3535557 2.0333304 70.5
0.61444843 3.3210113 2.0743923 64
1.0504944 3.4300244 2.0420861 88
-6.16224 -12.537976 2.1316094 90
-6.1411762 -12.456455 2.1989162 103
-7.5439801 -11.178022 2.1374307 25
-7.7608175 -11.010845 2.1336699 95
1.5896534 -5.947679 2.1191192 81
1.6729741 -5.8474207 2.1420922 101
1.8930998 -5.6687541 2.1081986 108
1.9848956 -5.5875459 2.1929395 105
2.2166586 -5.3641577 2.1472125 118
2.4274378 -5.1925488 2.1264527 92.5
2.6158173 -5.0126557 2.1149783 119
2.7037232 -4.9367442 2.197669 119
2.8970757 -4.771687 2.123771 119
3.0641241 -4.6399608 2.1444538 94
3.3120513 -4.4118171 2.1250887 95
3.5641289 -4.2097783 2.1302464 94
3.7245381 -4.0701337 2.1948822 91
3.8655856 -3.9456265 2.161912 88
3.913115 -3.9005711 2.1890123 94
4.6871371 -3.1713364 2.1103354 125
4.7730384 -3.0875127 2.1761239 127
4.8542285 -3.0279398 2.1457901 126
-5.1380281 -2.0684423 2.1124115 32
-5.0674171 -1.5257919 2.1162961 111
-5.1534901 -1.4308896 2.1319466 110
-5.2405748 -1.3302745 2.1519337 103
-5.1166687 -0.92016113 2.1506195 64.5
4.3906817 -0.40782216 2.1171119 63
4.3437738 -0.34305218 2.1224427 116
-3.8749866 0.15285809 2.171526 66
-3.8090312 0.21596693 2.1663222 52
3.4848099 0.68394518 2.1364975 98
3.5334167 0.62549156 2.1614985 113
3.4352741 0.73885173 2.1149774 96
-1.4204816 0.8662765 2.1222563 9
2.9399917 1.2652197 2.1344547 129.66667
3.0193696 1.2032709 2.1859708 94
2.6889443 1.5745833 2.1714685 90
2.6317005 1.6378186 2.1677146 101.5
2.5391841 1.7198725 2.1400242 114
-1.1910399 1.8772241 2.1426744 150
2.4316943 1.8792182 2.1604452 23
2.2887282 2.0465162 2.178895 29
2.2255602 2.1137631 2.1458709 48
2.0069387 2.3614464 2.1803765 53
1.8999027 2.4778025 2.141439 58
1.6450545 2.7445157 2.1059659 100
1.4831058 2.9591916 2.1693761 70
0.40893358 3.201416 2.1672215 39
1.2267523 3.2610126 2.100522 75
1.0095308 3.4042122 2.1574836 73
-7.739212 -11.02459 2.2724957 46.5
-3.4439785 -10.406489 2.2371943 58
-3.3831148 -10.275554 2.2308545 24
0.79997534 -6.4868026 2.2108364 67
1.6576786 -5.8732672 2.2318125 91
1.7827696 -5.7695336 2.2890356 81
2.0781291 -5.5063324 2.2790701 108
2.3647182 -5.2443237 2.2516773 101.66666
2.7896712 -4.8633804 2.2797086 121
2.9786277 -4.6938224 2.2021964 114
3.0504742 -4.6403694 2.2729392 104.5
3.2891986 -4.4336166 2.2398419 101
3.5434227 -4.2255611 2.2372878 92
3.6866922 -4.0866299 2.2625613 48.5
3.871809 -3.9377737 2.2757168 93
3.9520462 -3.8467336 2.2825305 20
4.8638997 -3.0036383 2.2425332 114
4.9429736 -2.9473784 2.2142997 123
5.0294409 -2.8628771 2.2807336 126
-5.2499247 -1.3251129 2.2111731 105
-5.3353958 -1.2210157 2.2300453 111.5
-5.3137403 -1.0866022 2.2294195 68.5
4.691875 -0.66007459 2.2898018 63
4.5827398 -0.53605723 2.2274849 64
4.6013513 -0.56983882 2.2610426 69
4.4936352 -0.45584163 2.2037368 80
-4.0382185 0.021395233 2.2966468 90
-3.9322195 0.056084819 2.2032921 130
-3.8846788 0.12144153 2.2088227 71
3.6682308 0.47634956 2.2762895 89
3.5752926 0.57574129 2.2122121 92
3.619004 0.52458239 2.2587228 98
3.126096 1.0846779 2.2991455 91
3.061641 1.1586493 2.2531836 94.666664
2.7868521 1.472761 2.2848549 98
2.7311494 1.5303904 2.2556851 86.666664
2.6444397 1.6314547 2.2622035 92.5
2.4322453 1.8770883 2.2447696 10.25
2.2855504 2.0482779 2.2425187 18
2.227459 2.1152737 2.2388797 31.5
2.003114 2.3721652 2.261477 41
1.8971336 2.4867053 2.2533593 58.5
1.638997 2.7811787 2.209523 85
1.4721545 2.9731295 2.2591519 68
0.57860917 3.3821838 2.2006445 67
0.98215407 3.3770101 2.2306759 73
1.2065126 3.3044162 2.2129512 87
-6.4218764 -12.441077 2.3914802 107
-4.1031723 -11.004693 2.3028748 55
-7.7793546 -10.985608 2.3830776 83
-0.32542232 -6.0307674 2.3011224 28
1.6234332 -5.8904328 2.3380978 101
-4.401823 -5.6919842 2.3977294 28
1.8775285 -5.6814609 2.3722575 86
2.1677566 -5.4231267 2.3617315 114
2.3946559 -5.2095852 2.315763 120
2.4834015 -5.1353078 2.3996913 120
2.8763015 -4.7880101 2.3610322 94
3.0137665 -4.6787395 2.387388 88
3.1417029 -4.5380883 2.3576324 76
3.2657826 -4.4514337 2.3555014 90
3.5218179 -4.2393718 2.3461466 98
3.7514021 -4.0106893 2.3010209 47
3.8489192 -3.9460003 2.377404 91.333336
-1.1045437 -3.7520039 2.3684168 35
4.018815 -3.7535062 2.3471162 70
-0.9884792 -3.6469746 2.3524528 66
-1.081651 -3.5626476 2.3627067 12
-0.96614665 -3.4743211 2.3551569 32
-0.64157915 -3.4392803 2.3623669 7
-1.0606363 -3.38732 2.3578126 1
-0.94803613 -3.3288112 2.3684156 8
-0.54838628 -3.3210087 2.34993 21
-0.63458884 -3.2661343 2.3532307 1
-0.54352975 -3.201895 2.3759413 2
-0.96674508 -2.9752798 2.398535 4
4.9633265 -2.920681 2.3130352 117
5.0555472 -2.8317893 2.3794258 122
-0.98773521 -2.7141807 2.3783672 13
5.1223907 -2.7801905 2.3505826 118
4.8815627 -2.0342672 2.3508234 20
1.576018 -1.4040934 2.3767648 23
1.548584 -1.3408045 2.3704617 42
1.6502955 -1.3447849 2.3789923 19
1.2978566 -1.2368329 2.3808432 49
1.3228173 -1.2989883 2.3936343 31
1.4959059 -1.2171587 2.3533161 51
1.5569563 -1.2515385 2.358047 50
1.6206557 -1.2847244 2.3672736 54
1.7428317 -1.2376019 2.3688815 34
1.2704244 -1.1567478 2.3826418 43
1.4652326 -1.1359613 2.3529439 40
1.5606012 -1.1501234 2.3574972 39.5
1.6801085 -1.1199803 2.3544664 49
1.7214624 -1.1546028 2.3600938 57
1.1301572 -1.0557028 2.3831413 50
1.2294631 -1.0421231 2.3610685 56.5
1.4307566 -1.0328689 2.3583002 26.5
1.5211796 -1.0503623 2.3556566 43.5
1.6509097 -1.0312737 2.3569322 42.5
1.1365665 -0.95393515 2.3740237 51.333332
1.2062566 -0.96789151 2.3625309 67
1.3895702 -0.90292025 2.3504586 50
1.4619979 -0.95755845 2.3611338 33.666668
1.5931643 -0.91347253 2.362901 29
1.6254307 -0.94582629 2.3592565 32
1.0807294 -0.85689473 2.3613119 60.5
1.1708112 -0.84255767 2.3519757 69.5
1.372458 -0.83337331 2.3595324 33.5
1.4586437 -0.86605173 2.3604259 36.5
1.5765262 -0.83557129 2.3559477 38.333332
1.6098245 -0.86993086 2.357913 32
4.8338537 -0.82035643 2.3830941 74
1.060657 -0.75387007 2.362237 69
1.1489295 -0.75180924 2.3587432 69
1.3471894 -0.73500574 2.353662 37
1.4246502 -0.75309294 2.3574617 41
1.5580032 -0.75440943 2.3550105 38.25
4.8032231 -0.79207265 2.3527787 57
1.0499624 -0.68164027 2.3742666 93
1.1275855 -0.64319056 2.3728583 59.666668
1.3459759 -0.63343525 2.3451173 29.333334
1.4002415 -0.66483355 2.3530438 28
1.5367472 -0.65741283 2.35778 27.4
4.7207708 -0.69350529 2.323781 77
1.363389 -0.55103141 2.364841 56.75
1.4914246 -0.53267348 2.3507051 62
1.5158978 -0.56426239 2.3514612 38
1.3353436 -0.45528537 2.3762641 68.75
1.4866756 -0.4366554 2.3553221 58.666668
1.5082815 -0.46883389 2.3545651 62.5
1.3570533 -0.38305217 2.37831 70
1.4830838 -0.35119581 2.3674164 53
1.4884739 -0.27500975 2.38114 122
-4.2394724 -0.15101458 2.3813615 74
-4.1406922 -0.063948765 2.3400116 77.5
3.756705 0.38312283 2.3576941 97
-3.5594087 0.45214802 2.3986483 92
3.6932728 0.44990879 2.3167737 86
-3.4499426 0.55298537 2.3476686 95
-2.9765356 0.95615405 2.3605442 71
-2.9156873 1.0230799 2.3649566 72
-2.873033 1.0656424 2.3075635 64
3.1745346 1.0363007 2.3640454 95
2.8855064 1.3629383 2.3989253 89
2.7996159 1.4507066 2.3462021 94
2.8311503 1.4158379 2.3370264 80
2.7117872 1.5505033 2.3415673 91
2.4347029 1.8801471 2.3554347 2.6666667
2.2861423 2.0530491 2.3476496 6
2.2290668 2.1147716 2.3350294 18
1.9988939 2.3818715 2.3434815 33
1.8909938 2.488481 2.3635926 41
1.6281848 2.8017387 2.3051386 70
1.4584904 2.9820654 2.3476577 70
0.35023502 3.138828 2.3105664 20
0.9417221 3.3461995 2.3485129 68.5
1.1811131 3.329711 2.3183489 78
0.54080427 3.4153211 2.3157558 60
-6.1822648 -12.523021 2.413986 104
-6.0879898 -12.590299 2.4722254 88
-3.7578392 -10.688288 2.4518611 58
-3.4136372 -10.310907 2.4769759 54
-4.4387417 -8.6108704 2.4958005 40
-1.6045626 -7.6240091 2.4887841 60
-1.5086344 -7.2742376 2.411659 44
-1.5053464 -6.9011693 2.4274318 4
-2.4278469 -6.7985711 2.4860921 37
0.65457636 -6.6982136 2.469455 90
0.73707873 -6.5944481 2.4061277 102
-0.29808468 -6.1069689 2.447767 3
-4.6493258 -6.09022 2.4008858 25
1.5783112 -5.9214392 2.4559739 97
-0.19100076 -5.6339159 2.4424317 100
1.9716272 -5.6023889 2.4576087 83
-4.3087401 -5.5089226 2.4717205 26
-4.3619671 -5.4364638 2.4292636 31
-0.30468532 -5.4029317 2.4576526 23
-0.34455115 -5.3330407 2.4615378 51
2.2603073 -5.3459148 2.4485767 115
-0.20099363 -5.2920375 2.4415059 39
2.3613358 -5.2515917 2.4024453 96
-0.30728561 -5.1129246 2.4704731 68
-0.34917873 -5.068079 2.480762 74
2.5696023 -5.0511141 2.4801207 114
2.9622471 -4.714644 2.4430718 45
3.2397599 -4.4760008 2.461199 56.5
3.5048902 -4.256063 2.4593444 89
3.6810243 -4.0936632 2.4014783 88
-1.6783692 -3.9765091 2.4825387 21
3.8373075 -3.9611096 2.4793468 88
3.9212162 -3.8545544 2.4510283 112
4.1115284 -3.6874509 2.4274933 103
-1.5768467 -3.5754845 2.4690654 1
1.4846017 -3.3370225 2.4957449 24
-0.92731863 -2.9401014 2.4019561 7
-0.77374113 -2.9346523 2.4194198 20
-0.95115685 -2.8477674 2.429925 10
-0.95312768 -2.7383184 2.4561849 5.5
5.1584687 -2.7437937 2.4505792 116
5.2108698 -2.6916265 2.4176917 116
5.3181124 -2.6105254 2.4929361 121
0.46088806 -1.7332704 2.4956439 65.5
-0.28041553 -1.357193 2.4746921 124
3.9695528 -1.3770835 2.4975243 12
3.8536096 -1.2588716 2.4930205 2
4.9416351 -0.94604343 2.4338293 58.5
0.67046225 -0.40674496 2.4875875 1
-4.3722453 -0.26736185 2.4581976 74
-4.2935066 -0.19669735 2.4412365 71
2.7185233 -0.16480647 2.4589677 39
2.7298088 -0.09078081 2.4644768 90
3.9262071 0.1991958 2.4942722 80
3.8501024 0.28681991 2.4362576 89
3.9015424 0.22383909 2.4740496 79
-3.6579707 0.36695611 2.4656477 83
3.8239772 0.31234539 2.4083681 95
-3.6161749 0.40437576 2.4848998 89
-3.5222735 0.49006766 2.4206612 86
-3.0731258 0.86966932 2.4694474 65
3.2952485 0.89032435 2.4761443 93
-3.0141139 0.92232883 2.4480095 68.5
-2.9603477 0.97844392 2.4231732 68
3.2471268 0.95198601 2.4334078 98.5
2.8521512 1.3965585 2.4032969 85
2.925549 1.3238285 2.4644363 93.5
2.7638984 1.499542 2.4028387 89
2.8138599 1.443578 2.4620228 89
0.64308017 1.8892041 2.4831715 28
1.0251327 1.8804792 2.4654806 70
0.57348919 1.9862539 2.4682751 56
2.2242887 2.0991764 2.45381 1
2.2322838 2.1148431 2.4016039 8
0.23721874 2.3330693 2.4987934 9
0.64925081 2.3095286 2.45274 1
1.9911705 2.3844914 2.4215477 17
0.19463407 2.4036582 2.4653654 33
1.8907672 2.4954758 2.4441252 30
1.6161305 2.8212636 2.4034717 70
-0.69751912 2.9985673 2.4890118 2
1.4501907 3.0069997 2.4530241 66
0.90087414 3.3133879 2.4672534 63
1.1571437 3.3670237 2.4366913 74
0.49995595 3.467386 2.4484038 57
-6.6030192 -12.223661 2.5445471 94
-4.4530249 -11.317916 2.5433407 52
-3.8882465 -9.2206812 2.5355201 25
-4.311039 -8.812892 2.5573528 7
-4.4574132 -8.6754084 2.5087199 43
-5.5245943 -7.3250237 2.5321803 57
-5.4731832 -7.3626733 2.5083995 40
-1.4812073 -7.0416265 2.5104332 0
-2.4575801 -6.7500339 2.5421245 36
-2.2049174 -5.9740472 2.5001175 0
1.5323569 -5.9593596 2.5819285 96
-0.29350004 -5.5113239 2.5651309 66
2.0634987 -5.508316 2.5380564 86
-0.41971803 -5.3262815 2.5991635 87
2.3358841 -5.2766571 2.5411804 104
-0.30081618 -5.1803598 2.5600536 23
-3.9028845 -5.098588 2.5448344 9
-4.0266609 -4.9693704 2.5336761 10.5
-3.9492874 -4.9351115 2.5773778 18
-0.41929579 -4.9902258 2.5834372 81
2.658407 -4.9778323 2.5654628 117
-4.0387836 -4.809978 2.5342195 17
-3.8837495 -4.7638087 2.5504832 39
2.9939203 -4.705512 2.5167494 90
-3.9514327 -4.6756668 2.5739465 39.5
3.2194533 -4.4840474 2.5926197 90
3.4904051 -4.2756977 2.5769436 88
3.6663885 -4.111197 2.5124087 90
-1.6732519 -3.9054964 2.5625992 11
-0.68093252 -3.951045 2.5738862 0
3.7991788 -3.9982402 2.5758038 87
-1.7520534 -3.8319438 2.5208008 9
-0.58584046 -3.871592 2.59937 11
4.0046425 -3.7729926 2.523942 111
-0.37171829 -3.6442173 2.5721169 3
4.1915293 -3.6047976 2.5003238 115
4.2795877 -3.5278842 2.5779576 124
1.4489214 -3.2819643 2.5625498 30
-0.82171583 -2.9074318 2.5142057 1
-0.8617236 -2.8640826 2.5984859 2
-1.0180129 -2.7596593 2.5242026 8
-0.99288076 -2.7130055 2.5703039 2
5.2642503 -2.6567693 2.5230958 120
5.3548479 -2.5548828 2.5852847 121
5.41221 -2.5197937 2.5613594 119
0.52406251 -2.1230826 2.5465834 61
0.49710506 -2.0559709 2.5889568 9
0.51060885 -2.0777907 2.5922008 10
5.369421 -2.082794 2.5888691 70
-3.3596039 -1.9541526 2.5585899 25
0.48852748 -1.9435132 2.550622 29.5
-3.3243661 -1.8489671 2.5910063 10
0.472601 -1.8647203 2.5602994 22
4.0606165 -1.8645124 2.5417593 28
-3.639154 -1.7018129 2.5297301 10
-3.5489941 -1.7372463 2.5759525 45.5
-3.2183824 -1.7302667 2.542284 45
3.8822598 -1.7128172 2.5137222 39
4.0757976 -1.7569381 2.5584774 21
-3.669471 -1.6578403 2.5944805 24
-3.24159 -1.688462 2.598577 43
3.9404116 -1.6284059 2.5595036 26
4.0706735 -1.6420156 2.5614197 23
-3.8015802 -1.5546288 2.5377634 3
3.9524693 -1.5192937 2.5693634 24
4.0298734 -1.512235 2.5360134 39
-3.8835497 -1.4102343 2.5738883 34
-3.7945061 -1.4966087 2.5695908 40
-3.5243542 -1.4293513 2.5788567 38.333332
-3.9849365 -1.3320597 2.5648575 20
-3.8885288 -1.3820415 2.5959914 52
-3.7362678 -1.362385 2.5989726 13
-3.531975 -1.3943272 2.5647233 24
-0.30953476 -1.3169135 2.5033319 21
-0.28001699 -1.3011867 2.5029814 94
3.9249606 -1.3954389 2.5481212 34
-3.6485808 -1.2730314 2.5686126 54
-0.031451531 -1.2273847 2.5462074 20.5
5.2294879 -1.257782 2.584985 59.5
-3.8856091 -1.1568859 2.5866587 24
-0.056339659 -1.1513193 2.5431488 38
5.0728641 -1.1006992 2.5035734 63
-3.8324544 -1.0589284 2.5772059 67
5.0826106 -1.0895393 2.506701 55
-3.9016361 -0.97632283 2.597676 87
0.6868884 -0.61171293 2.5094378 4
0.70732969 -0.64472121 2.5008872 4
1.1574818 -0.60738468 2.5862875 4
1.3695297 -0.57569557 2.5501015 31
-4.5703449 -0.44522369 2.5959053 71
-4.5113258 -0.38977265 2.538111 74
-4.4300566 -0.31742242 2.5178697 72
0.67831004 -0.36844331 2.5125947 4
1.3483958 -0.20234977 2.5834038 0
1.4068166 -0.24636431 2.5768507 2
3.3269043 -0.24072367 2.5953388 19
1.3499947 -0.15729098 2.5892358 0
-1.4101418 -0.050803993 2.5176239 9
-1.1573581 -0.097878203 2.5123663 96
-1.4311359 0.010525837 2.5652556 15
-1.1780367 0.043348677 2.5805821 23
-1.5712638 0.15361924 2.5210505 31.5
-1.1578736 0.12714861 2.5227787 30
2.9719007 0.14995535 2.5831201 29
3.0089865 0.10904039 2.59179 70
3.9891613 0.13140218 2.5466187 83
4.0103302 0.10782669 2.5585055 89
-3.7547958 0.27478293 2.5315218 80
-3.7075009 0.31372681 2.5474603 87
-1.6121085 0.30566439 2.5931039 24
-1.4318349 0.35253602 2.5671842 37
2.8599131 0.30241185 2.5826833 22
-1.901014 0.49573207 2.5266223 5
-3.4158413 0.57614899 2.5595555 85
-1.9187495 0.56521529 2.5454619 23
-1.5952787 0.59297496 2.5309725 83
-3.3529487 0.63514614 2.5886204 67
-3.1769295 0.77715605 2.580723 61
-1.9558951 0.77420253 2.5672412 90
-3.1196127 0.82343495 2.5205383 69
-3.0635765 0.88667387 2.5504363 64
3.353056 0.83520955 2.5399477 96.666664
3.0429709 1.1822165 2.5832787 106
1.993184 1.2413144 2.5756238 129
2.0098524 1.275267 2.5616684 50
2.9752152 1.2612585 2.5201087 101.5
3.0168149 1.2173535 2.5794175 112
2.8631058 1.3866091 2.5205114 93
2.9174125 1.327648 2.5852752 107
1.8426381 1.4493273 2.5814965 13.333333
1.5307699 1.7738627 2.5767384 7
1.0128777 1.8544385 2.5226166 15
0.66738659 2.0107405 2.5322239 17
0.59013432 2.1451874 2.5570512 10
0.69161576 2.1062758 2.5468464 6
0.7171877 2.1648951 2.5153241 5
0.6098153 2.2092853 2.5333285 10
0.62956214 2.3133292 2.5494728 1
1.9889503 2.3942344 2.511102 7
-1.1864669 2.4996367 2.5103424 48
1.8875654 2.4943569 2.519829 13
1.5861073 2.8423061 2.5962873 46
1.6028299 2.8347604 2.5000424 57
-0.73870683 2.9685185 2.5724044 34.5
1.4418949 3.0289352 2.5583889 51
0.87514913 3.2991767 2.5533912 48
1.1319568 3.3993082 2.55551 82
0.45792061 3.5214217 2.5882421 60
0.34702501 3.6144195 2.5373449 41
-5.8413548 -12.524962 2.6826527 58
-6.1978121 -12.490929 2.6968255 87
-4.094245 -10.980357 2.6829998 56
-3.5473237 -10.510826 2.6254387 60
-3.3553946 -10.256588 2.6077888 73
-7.1160583 -9.9007626 2.621289 4
-7.0123525 -9.7002287 2.6547732 1
-3.5660183 -9.3025665 2.6201563 73
-3.5172412 -9.2307444 2.6875422 31
-3.6661792 -9.0320749 2.6908693 28
-6.5228052 -8.944397 2.6241126 15.5
-3.9929461 -8.9659033 2.6067088 72
-4.084537 -8.6969633 2.6689672 63
-4.4074912 -8.5765314 2.6388717 34
-5.4163251 -7.2228518 2.6453319 32
-3.9120317 -7.2738633 2.6296611 14
-3.8476386 -7.2120061 2.6384332 9
-0.80484182 -7.1284704 2.6069086 70
-0.73865545 -6.8992419 2.6148431 34
-0.79166961 -6.7191982 2.6318357 33
-0.7262283 -6.6249781 2.6833098 93
0.67211473 -6.6981173 2.6081932 98
-3.6900854 -6.5959697 2.6784329 4
-1.4022592 -6.4465671 2.6343608 30
-1.445716 -6.1842875 2.647665 44
-1.3466449 -6.0569582 2.6389101 44
1.5297536 -5.9680672 2.6604407 103
-1.406575 -5.8556895 2.6626842 81
-4.5745292 -5.6474972 2.6631827 4
-7.0126624 -5.5640092 2.6531832 41
-4.4149351 -5.5945439 2.6619287 6
-2.1795871 -5.5235128 2.6549878 23
2.155458 -5.4262447 2.62274 87
-7.5628381 -5.3163285 2.6805258 33
2.2896233 -5.3156877 2.6904325 98
2.301861 -5.30373 2.6938703 98
-2.1168082 -5.2477102 2.6670015 44
-2.0276625 -5.2460675 2.6311989 0
-1.3082145 -5.1171708 2.611299 6
-0.35754019 -5.1062984 2.6405773 1
2.4366746 -5.1785035 2.6111243 114
-3.5880899 -5.0429487 2.6246977 2
-1.2076774 -5.0719008 2.636272 1
2.527056 -5.0992937 2.6958897 109
-1.2869284 -4.9038467 2.6426296 1
-4.1179137 -4.8259516 2.6033101 20
2.7447748 -4.8976321 2.6473062 120
-7.6337748 -4.7840576 2.6303289 1
-4.236865 -4.7580156 2.6934986 2
-2.8218367 -4.7606592 2.6807985 25
-1.1686008 -4.7937551 2.6338718 2
2.9697716 -4.7223907 2.6453495 92
-2.9042592 -4.686698 2.6922181 33
-1.2456682 -4.604208 2.6156256 0
-4.0037327 -4.577692 2.6176083 65
-2.7383497 -4.5431228 2.6980152 41
-0.62241638 -4.5898256 2.6444108 0
-2.820385 -4.4608164 2.6940095 17
-1.2264231 -4.4139132 2.6397123 3
-0.70677942 -4.4765658 2.6349874 3
-0.70649654 -4.3375459 2.6854365 0
-0.6109876 -4.3554616 2.6433642 1
-0.3671568 -4.3623204 2.6493227 10
-2.7424188 -4.2499971 2.6962559 15
3.4700611 -4.2824793 2.6898034 94
-0.34266868 -4.1466856 2.6365888 2.5
-0.23830065 -4.1246748 2.6372578 10
3.6478946 -4.1218553 2.6216547 87
3.7831581 -4.0058784 2.6818383 87
-0.31619075 -3.9590011 2.6322901 2
-0.24373886 -3.9077182 2.6253378 3
3.8530524 -3.9569867 2.601382 87
4.0938387 -3.6933935 2.6024084 113
4.1844311 -3.6147799 2.6794333 121
4.3660421 -3.446018 2.654206 121
-0.81832439 -2.9289086 2.6868804 1
-0.90638262 -2.8248088 2.6904964 2
-1.5486622 -2.768966 2.6187065 2
-1.0327468 -2.7428927 2.6203089 6
-2.0293968 -2.6455705 2.6855099 0
-1.5452138 -2.6919422 2.6603045 5
-1.5309515 -2.5937703 2.678798 9
-1.3504344 -2.4110572 2.6585793 1
5.4779015 -2.4396539 2.6407225 124
-1.4726149 -2.3420115 2.6432149 0
5.5920949 -2.3235557 2.6934237 87
-1.3007565 -2.1807661 2.6418731 0
5.4987559 -2.1784146 2.6991889 26
-0.81543446 -1.9423915 2.6430216 6
5.3963122 -1.9893401 2.6523855 44
5.4314713 -1.97396 2.6366794 40
-4.8524251 -1.8245344 2.6940701 56
-0.94789678 -1.8396378 2.6412814 4
5.4736176 -1.8659546 2.6885166 67.5
-4.8424468 -1.7621707 2.676265 99
-0.79494059 -1.7507324 2.6265774 1
-0.60721606 -1.7604512 2.6392198 7
0.44209069 -1.7991109 2.6811867 151
5.4616933 -1.7241387 2.6917276 65.5
-3.609849 -1.6556022 2.6252303 8
-3.6326852 -1.5636184 2.6244264 9.5
-3.5953729 -1.5444739 2.621331 7
-0.78258586 -1.5953755 2.6454015 3
-0.60018533 -1.5883006 2.630085 5
-0.38047951 -1.5398027 2.6490135 5
5.4457536 -1.583214 2.6910672 71.5
-3.7863481 -1.438584 2.6005094 10
-0.596349 -1.4372822 2.6397061 4
-0.47876126 -1.4478642 2.6358039 3
-0.31102249 -1.4581655 2.6251879 2
5.3831854 -1.430468 2.6644347 68.5
-3.9362459 -1.3188312 2.6136315 47
-3.5606215 -1.3262826 2.6186607 57.333332
-0.47325397 -1.3036927 2.647908 5
-0.36141422 -1.3373493 2.6252682 4.3333335
-0.27924442 -1.3002723 2.6425884 10
-3.9614575 -1.2496313 2.6304557 12.666667
-3.6524503 -1.2229044 2.6331394 13
-0.48561126 -1.2499588 2.6570823 1
-0.37718016 -1.2296556 2.6378798 5
-0.27878177 -1.2152164 2.6177537 8
-3.9154248 -1.168419 2.6261225 28
-0.41000026 -1.1964364 2.6679695 1
-0.30642611 -1.1629449 2.6235852 19
-0.27787003 -1.1541929 2.6390731 5
-0.028789723 -1.1866024 2.6072063 4
4.1253181 -1.1147836 2.6255903 12
-3.9130893 -1.0894918 2.6037345 33
-3.8533387 -1.0317904 2.6296804 19
-0.38669798 -1.0574354 2.6316581 18.5
-3.9197435 -0.94939685 2.6397786 102
-0.073795751 -0.95350444 2.6493468 1.5
4.0192137 -0.99367505 2.6163926 10
4.1960154 -0.71015429 2.6915615 69
-4.7118464 -0.58205211 2.6736648 64
-4.6558461 -0.52223861 2.6205359 71
0.68871289 -0.54557568 2.6413012 6.6666665
4.1327171 -0.59357619 2.6687164 74
1.3692118 -0.44296923 2.6093395 3
4.1384525 -0.48991442 2.6715322 70.5
4.1369886 -0.38597578 2.6688194 75
1.4229831 -0.29288331 2.6189184 0
4.1405792 -0.28343201 2.6695971 72
4.1412802 -0.18043178 2.6682572 71.5
-1.1920929 -0.04236038 2.6148257 24
4.1412516 -0.077916719 2.6655145 86.5
-3.9750981 0.077116303 2.6825356 80
-1.4473977 0.07301113 2.6042693 26
4.0782337 0.033975467 2.6191549 81
4.102478 0.01171307 2.627543 98
-3.8659506 0.17943813 2.6082852 83
-1.4455642 0.16761905 2.6033363 13.5
3.4618359 0.13614537 2.668642 80.666664
-3.8186486 0.21890964 2.6234217 76
-1.6237977 0.24850583 2.6180534 16
-1.4543049 0.26388547 2.6195617 2
3.429714 0.26002589 2.6451104 83.333336
-1.6280997 0.36948884 2.6199543 22
3.438046 0.37809122 2.6410942 84.5
-3.602447 0.41096666 2.6862597 89
-3.5108614 0.49373972 2.6297517 90.5
-1.6257623 0.45804894 2.6068051 16
3.441134 0.46950215 2.6396754 86.5
-3.4378805 0.55401731 2.6649969 59
-1.6328236 0.55049908 2.6089039 15
3.0635834 0.55707347 2.6449676 90.5
3.1027365 0.50334603 2.6986761 87
3.44171 0.5599947 2.6358337 91.5
-3.2943575 0.67858928 2.6988318 65
-1.9796218 0.65331995 2.6268904 23
2.972127 0.65557832 2.686336 85
3.0542741 0.63978302 2.6313694 100
3.4440384 0.65105939 2.6330199 91
-3.2297306 0.72789651 2.6352739 67
-3.1693459 0.78480452 2.6764443 58
-1.9702417 0.71568012 2.6018775 23
2.9300389 0.72655427 2.6333842 96
3.0585747 0.74842525 2.630625 101
3.4359806 0.74096 2.6208448 116
-3.1153717 0.83677888 2.6120324 62
2.9375825 0.85708451 2.634057 94
3.0590477 0.85793477 2.6277626 105
2.9379084 0.98460811 2.6263697 100
3.0593536 0.9469465 2.624249 99.5
-2.821558 1.0748231 2.647275 70
2.9419787 1.073627 2.6263666 101
3.0639901 1.0364519 2.6248922 101.5
2.9431715 1.1616428 2.6235855 108
3.0642805 1.1259127 2.6213775 121
2.9457948 1.2536602 2.6221972 120
2.2136273 1.5510237 2.6411235 12.8
2.25933 1.6090118 2.6182158 4
2.0345111 1.738806 2.6727633 6
-1.2068965 2.4798377 2.6128716 87
1.8897134 2.5044405 2.6092391 6
-0.95333976 2.6961493 2.6842744 21
1.4948562 2.676981 2.6299222 1
1.5416524 2.7651603 2.6197898 18
-0.74302602 2.8805697 2.6834805 6
1.3404016 2.8117714 2.6464963 0
-0.78296804 2.9308958 2.6541214 57
0.96060234 2.9943056 2.6341369 10
1.3783896 2.9008219 2.6334245 10
-0.60022414 3.0861852 2.692384 34
1.42023 3.0038722 2.6309917 34
0.8159095 3.151849 2.638936 6
1.0031208 3.1172729 2.6366508 47
0.84827584 3.2659781 2.6279047 33
1.047326 3.2292929 2.6265838 68
1.0940875 3.3513677 2.6200335 66
-6.1341524 -12.56505 2.7432785 107
-6.7919812 -12.016403 2.701807 102
-7.7364268 -10.845167 2.7153881 71
-3.5034356 -10.465741 2.7181194 55
-3.4455633 -10.350316 2.7289798 56
-6.5038977 -8.8920889 2.7917387 1
-4.1940026 -8.4832449 2.7448645 6
-4.4840374 -7.9292331 2.7256131 18
-4.158752 -7.588697 2.7185013 4
-9.640274 -7.3298793 2.7509265 1
-3.6257341 -7.1848936 2.7051377 2
-3.7642753 -7.0862203 2.7394392 8
-3.6820209 -6.9326191 2.7396162 1
-6.8308678 -6.7063427 2.756614 1
-3.7150178 -6.7049398 2.7555058 6
-3.6936245 -6.6127181 2.7397828 1
-1.2221028 -6.6239753 2.7741332 35
-0.79424185 -6.5362291 2.7292881 95
-1.0789713 -6.4655585 2.7569237 43
-1.5094328 -6.3152432 2.7659574 24
-1.1814879 -6.1763005 2.7600155 44
-1.5199255 -6.000104 2.756788 17
-1.4549078 -5.9015923 2.755343 26
-1.3336979 -5.9137568 2.7350261 100
1.4836516 -5.9976096 2.7496476 92
-1.4222658 -5.8159471 2.799902 101
-1.5035828 -5.7138844 2.7917123 27
-7.124002 -5.413847 2.7242551 11
2.2510231 -5.35217 2.7108934 82
2.3415141 -5.2680969 2.7927756 82
-2.0137553 -5.1408262 2.7262285 99
-2.0775502 -5.0472226 2.70593 101
-0.40103304 -5.0454564 2.7854042 0
2.6152701 -5.0180869 2.7785747 88
-3.7061186 -4.9825478 2.7121143 0
-1.0750575 -4.8335285 2.7435741 0
2.8297284 -4.8174815 2.7291753 108
-0.94237334 -4.7041216 2.7127073 20
2.9456089 -4.7362738 2.7761912 97
-4.3525872 -4.68502 2.7814538 2
-4.2602396 -4.6737728 2.7971961 2
3.2033973 -4.5096068 2.721504 92
-2.6785538 -4.3717289 2.7341914 37
-0.60848266 -4.2524943 2.7122698 1
-0.4954294 -4.2345247 2.7209072 5
-0.39590979 -4.2043028 2.7257767 3
3.6322148 -4.1334214 2.7344015 93
-0.37328577 -4.0353799 2.7066922 2
3.7668381 -4.0128779 2.7900133 101
3.836518 -3.963635 2.7060905 88
-3.7949872 -3.7168708 2.747483 5
-3.7773383 -3.6843808 2.7475967 31
0.17695297 -3.6547818 2.7349656 2
-3.8206916 -3.5732236 2.7681632 59
-3.7973187 -3.5366135 2.7621694 59
4.2707071 -3.5301957 2.7551301 120
-3.8171666 -3.4071193 2.7665164 63
-4.1717916 -3.3044169 2.7473836 12
-3.8014333 -3.3766253 2.7647417 62
4.4539418 -3.3651035 2.7304277 123
-3.8124368 -3.245405 2.7643247 64
-3.7918639 -3.2084143 2.7556272 67
0.73762268 -3.2372932 2.7305274 0
-4.2535539 -3.1597564 2.7790811 36
-4.194119 -3.164649 2.76509 50
-3.9663849 -3.1002312 2.7131166 10
-4.2057228 -3.0197518 2.7755339 11
-4.1908283 -3.0408931 2.7347379 0
-3.8057153 -3.0769124 2.7633624 76
-4.2425065 -2.9995022 2.7782288 6
-4.110826 -2.9184282 2.7419815 0
-3.8686533 -2.9732251 2.7621937 70.5
-4.2354984 -2.8453202 2.7801683 6
-4.1931705 -2.8605623 2.7683914 6
-4.0783129 -2.8332751 2.778131 6
-4.5826712 -2.7164345 2.7338078 20
-4.2052093 -2.6787262 2.7650774 27
-0.85169226 -2.6293697 2.793298 9
-4.7686024 -2.5553591 2.7338231 17
-4.477622 -2.5895603 2.7322712 27
-4.2173967 -2.5660567 2.7858181 109
-4.6862946 -2.4500415 2.7411747 21
-4.3779674 -2.4368477 2.7589512 56
-5.0111575 -2.3132222 2.7696927 21
-4.9856458 -2.3090804 2.7307677 21
-4.5772104 -2.3326073 2.728796 29
-4.909668 -2.2149529 2.7444894 31
-4.5166402 -2.2413769 2.7442667 62
-5.0242949 -2.1743183 2.7827208 50
-4.8080535 -2.1077917 2.740381 38
-5.014823 -2.0281892 2.782876 54
-4.734798 -2.0156682 2.7508512 66
-5.021698 -1.9727371 2.7700205 51
-4.8946757 -1.7059227 2.7244277 106
-4.9598556 -1.6318421 2.7604215 106
1.2417319 -1.3137821 2.792165 150
4.3144088 -0.84242898 2.7763851 62
-4.8774667 -0.73035645 2.7654092 28
4.1924591 -0.71140999 2.7403615 62
-4.8074827 -0.66277659 2.7065947 69
-4.0952473 -0.029338298 2.7654378 77
-4.0398736 0.013932064 2.7747989 74
3.5487158 0.018021338 2.7612376 74.5
-3.9322248 0.11987032 2.701067 75
-3.7079968 0.31331164 2.7762761 80
-3.6143889 0.39961514 2.7183721 89
-3.5592303 0.43933606 2.7677939 55
3.157701 0.44583517 2.7542455 88
3.0358694 0.5866217 2.7643678 91
-3.3480544 0.6253261 2.7522941 61
-3.2438145 0.73510033 2.7561474 65
-2.9289377 0.98675132 2.7893131 77
-2.8736827 1.0324036 2.7179284 74
2.2212653 1.5283191 2.750782 27
2.0395646 1.7313604 2.7489004 14.5
-1.226077 2.4540727 2.7144787 93
-0.97171396 2.6778429 2.7930539 52
-0.82565939 2.8887954 2.7337818 64
-0.75606823 2.8579834 2.7936709 38
-0.63996518 3.0523863 2.7593164 38.5
0.41341123 3.5694044 2.7312768 50
-6.1163387 -12.480756 2.8569918 107
-6.0264187 -12.059986 2.8892028 50
-6.9376893 -11.74326 2.8375278 90
-4.8307076 -11.65263 2.8027992 53
-5.9502883 -10.978054 2.8480422 26
-3.8685966 -10.798532 2.8681855 61
-3.3939443 -10.244191 2.8383119 74
-3.3339996 -9.9153023 2.8550515 54
-0.15881997 -7.0779648 2.8608694 96
-0.73216617 -6.6174407 2.8524764 94
-0.80881339 -6.527494 2.8926554 97
-1.0862319 -6.1886997 2.8124909 106
-1.2242864 -6.028986 2.8658333 106
1.4822873 -6.0093746 2.8312581 104
-1.3434703 -5.8963194 2.887836 101
-5.3532925 -5.7457495 2.8008788 10
-1.4757149 -5.7209024 2.8383439 49
-3.2118993 -5.3211288 2.896847 29
2.2644668 -5.3427658 2.8458958 103
-2.0272346 -5.1164618 2.8616791 93
2.4291196 -5.1790247 2.8718832 87
-2.1023028 -5.0296011 2.8362906 96
2.7078259 -4.9438696 2.8654172 61
2.915339 -4.7363052 2.810324 67
-3.961565 -4.6707006 2.8754084 3
2.781714 -4.5156202 2.8938019 46
3.1847255 -4.5262537 2.8482151 96
-2.6853528 -4.318078 2.8402278 6
3.3872945 -4.3137975 2.8406818 15
3.3778775 -4.2123384 2.8696549 87
3.4569468 -4.2990828 2.8113949 96
3.6203558 -4.1488643 2.8510697 96
3.2637689 -4.066453 2.8860269 51
3.5230062 -4.0430541 2.8891048 83
3.6597254 -4.0928745 2.8495905 22
3.7465057 -4.0116382 2.8952827 81
3.7508507 -3.9043813 2.8723106 70
3.8285029 -3.9780481 2.8190527 92
3.6041179 -3.8487098 2.8878176 44
3.6361709 -3.7797248 2.8881786 44
4.3645277 -3.4469838 2.8341351 114
4.543932 -3.2821186 2.8087337 121
-0.67793226 -3.1549022 2.8465161 15
4.6352944 -3.197087 2.8884284 128
-0.67146564 -3.0047679 2.8362916 38
-0.55639488 -3.0470133 2.8362222 27
-3.9099994 -2.9281991 2.8169494 61
-3.8502398 -2.9591429 2.8012109 99
-0.94699675 -2.9107139 2.8551669 62
-0.55132443 -2.9238634 2.8472099 55
-0.38823175 -2.9223895 2.8452632 82
-4.1277428 -2.80667 2.8712554 12
-3.9231801 -2.8765459 2.8556619 107.5
-0.66894484 -2.8907092 2.8547723 101
-0.9352054 -2.7933807 2.8687565 82
-0.66347253 -2.7565942 2.8474455 96
-0.54399878 -2.7846169 2.8393872 80
-0.49433547 -2.750448 2.8965113 74
-0.35432911 -2.7936702 2.8355894 86.5
-0.26911131 -2.7746665 2.8333473 86
-0.91157109 -2.6255925 2.8233705 6
-0.65942895 -2.6335053 2.8470016 92
-0.53896666 -2.6614463 2.839329 94
-0.35426903 -2.6686308 2.8344302 94
-0.27168867 -2.6526828 2.8344493 95
-0.6544165 -2.5194027 2.8486357 82
-0.56354713 -2.525218 2.8714209 93
-0.35438436 -2.5521009 2.8372481 98
-0.27243975 -2.5396674 2.8397028 93
0.0020818771 -2.5429206 2.8708544 12
-4.3027964 -2.4577658 2.8477037 118
-4.2822585 -2.4875262 2.8379562 124
-0.52916563 -2.436136 2.8481367 86
-0.49622369 -2.496459 2.8947215 80
-0.35442823 -2.4415693 2.84056 99.5
-0.27445561 -2.4236698 2.8358176 94
-0.039307974 -2.4659693 2.8880575 82
-4.405179 -2.3577187 2.8657322 79
-4.3590517 -2.3934143 2.8939083 116
-0.49506062 -2.3734396 2.8881695 88
-0.35406935 -2.3365345 2.8463984 93
-0.2754181 -2.321666 2.8460422 88
-0.049839497 -2.3540993 2.8888879 86
-4.5565205 -2.2035697 2.8201575 84
-0.3183533 -2.2407718 2.848809 90
-0.27572003 -2.2176425 2.8482974 97
-0.059401311 -2.2417049 2.8852167 84.5
-5.0971203 -2.1493158 2.8013697 53
-4.5890999 -2.1597319 2.892679 86
-0.069022775 -2.1372914 2.8875828 85.5
-0.05258552 -2.0241816 2.8884003 57
-4.7716742 -1.9411757 2.8500643 83
0.39673516 -1.8165324 2.8880191 58
0.41416925 -1.8662695 2.8650041 114.5
0.399672 -1.7644856 2.8810306 75
0.87949574 -1.7380829 2.8644292 48
0.90087193 -1.7550788 2.8624167 8
0.38730016 -1.6805242 2.8787804 41
0.8668201 -1.6515719 2.8701642 76
-5.0236521 -1.554608 2.8018179 100
0.84775478 -1.5539775 2.8684034 75
-5.1175199 -1.4463873 2.866138 101
-5.0743046 -1.4976414 2.8386033 109
0.81780916 -1.4420158 2.86955 79
1.2772168 -1.4180541 2.8612719 23
0.79013824 -1.3336891 2.8616114 83
0.8138234 -1.3640566 2.8666255 78
0.77722663 -1.2333682 2.8763056 77
0.80047071 -1.2903581 2.8679762 78
-0.38021708 -1.0885315 2.8115978 20
-5.1389437 -0.97514004 2.8954654 82
4.4482775 -0.98621279 2.8743634 55
-5.0525322 -0.89085048 2.8624647 78
-4.9874735 -0.81659847 2.809433 64
4.3198223 -0.85161114 2.8411436 53
-4.226665 -0.14192675 2.8547733 73
-4.1747622 -0.099487029 2.8669689 73
1.4440753 -0.022231907 2.8865316 23
1.6713369 -0.036931951 2.8376987 3
3.6324477 -0.077424332 2.8441896 68
1.5023414 0.0046368362 2.8868263 2
1.657711 0.0058467966 2.8275371 5
-3.8156443 0.21571794 2.8569312 78.5
3.0701609 0.24358732 2.8285773 134
-3.6617839 0.34968808 2.8506563 61
3.2441328 0.3465443 2.8477476 92.333336
3.0782769 0.42062739 2.8257325 114
-3.4392021 0.54238904 2.839087 60.5
3.0837712 0.50964904 2.8257005 136
-3.3364663 0.65021515 2.85725 60.5
-2.987541 0.94128275 2.865417 89
2.1861007 1.4362373 2.8550026 39
2.2320499 1.51288 2.8429215 33
2.0460224 1.723453 2.826787 25
1.6795458 1.9061544 2.8255312 12
1.7694254 2.0685422 2.8487477 1
-1.4496075 2.2697415 2.8204408 150
-0.74122667 2.3512695 2.8852463 72
-1.2479923 2.4332194 2.8228967 92
-0.91979808 2.4273047 2.8877861 42
-0.89853507 2.4249074 2.8829672 45
-0.72889221 2.4494736 2.8696871 58
-0.69577396 2.4019952 2.8710544 64
-0.91571993 2.5363674 2.8805184 65
-0.89641684 2.5379398 2.8802667 68
-0.72530305 2.5655375 2.8722548 63
-0.69597048 2.5179927 2.8738575 61
-0.91168147 2.6524293 2.8754888 57
-0.89311618 2.6529903 2.8726134 57
-0.71919328 2.6826427 2.8693855 72
-0.69406581 2.6350169 2.8721304 65
-0.35337251 2.6973739 2.8914726 77
-0.90773255 2.7704914 2.8682241 57
-0.89330906 2.7769938 2.8722157 52
-0.69086379 2.7550547 2.8699226 69
-0.3385953 2.7772565 2.8707399 68
-0.87292725 2.8501325 2.8196063 60
-0.71359992 2.8017404 2.8651879 67
-0.68770278 2.8790922 2.8677201 71
-0.33366913 2.8738465 2.8661008 79
-0.70710248 2.9269891 2.8623569 58
-0.32136461 2.92099 2.8709035 45
-0.68391752 3.0132542 2.8439264 71
-0.31406388 3.0181465 2.8617649 32
-0.31616244 3.1290252 2.8611259 31
0.37152967 3.5827026 2.8533714 30
0.26055306 3.7533603 2.8562672 11
-6.3040667 -12.243653 2.9883993 83
-5.981473 -12.109642 2.9182043 47
-5.0497723 -11.552462 2.9672697 40
-7.0416794 -11.410266 2.9528217 76
-4.4586649 -11.311767 2.9344981 60
-5.606051 -11.106199 2.9287822 5
-3.8127859 -10.72705 2.9517031 60
-6.0329018 -10.617866 2.9224789 53
-3.3101537 -9.8301725 2.9568045 65
-9.6661825 -7.279099 2.9073696 6
-9.3327827 -6.9499111 2.9500399 1
-1.1471711 -6.1084619 2.9489303 98
1.4340132 -6.0288835 2.9214222 106
-1.2858973 -5.9509788 2.9976656 103
1.4075072 -5.8476691 2.908205 55
1.337679 -5.7029123 2.9552865 75.5
-1.5414227 -5.6657853 2.9779618 22
2.1731083 -5.2018232 2.9014575 73
2.1836243 -5.1808357 2.9061744 67
2.0913236 -5.0528517 2.9538021 94
2.1032476 -5.0387888 2.9675934 94
2.5115914 -5.0719538 2.9418967 73
-2.1225801 -4.9949169 2.9590433 82
2.5511203 -4.8679023 2.9497738 25
2.7836344 -4.8356824 2.9320934 3
2.9175024 -4.7402463 2.9031303 90
-7.9422617 -4.6173925 2.9836848 1
-3.9653506 -4.6620111 2.9032187 2
3.0102072 -4.6708016 2.9026346 24
3.0935745 -4.5867014 2.9831133 0
2.7374425 -4.4769392 2.9939601 88
3.0978506 -4.4202495 2.9010937 81
2.9858968 -4.2661095 2.9188306 78
3.4688101 -4.2264385 2.9171667 63
3.2338743 -4.0474658 2.9871089 89
3.4950988 -4.0592957 2.9367762 73
3.7364416 -4.0011535 2.9224377 76
3.4083266 -3.9077954 2.9030066 73
3.5025465 -3.8742268 2.9369488 65
3.7476413 -3.8276358 2.9334922 96
3.555865 -3.7516696 2.9580717 91.666664
3.7545826 -3.6552653 2.9417944 64
3.7879887 -3.5200057 2.9729714 111
4.4463983 -3.3534305 2.9042659 130
4.4589252 -3.1963208 2.9205601 87
-0.93422776 -3.0323112 2.9113948 85
-0.59419364 -3.0532157 2.9099169 20
4.4664621 -3.0422437 2.9334011 68
4.6566916 -3.0572896 2.9163551 117
-1.1012532 -2.9129746 2.9011126 54
-1.0265192 -2.9177673 2.9107106 54
-0.59256566 -2.9011705 2.9031374 69
4.4876924 -2.9010758 2.9551735 110
4.6553679 -2.9032197 2.9270134 68
-4.0533438 -2.828423 2.9579673 13.5
-3.945796 -2.8904085 2.9133382 69
-0.92489487 -2.8832211 2.9099784 83
-0.49362159 -2.8914518 2.9016407 60
-0.59608501 -2.7692232 2.9081314 75
4.6512227 -2.7502425 2.9363074 109
-4.1263385 -2.6777844 2.9850984 6
-0.59332573 -2.6301601 2.9017718 75
-0.49858248 -2.6294925 2.9039752 85
-0.67013615 -2.535687 2.9957979 49
-0.53303981 -2.4174254 2.9562893 52
-4.4515476 -2.3183165 2.9551713 83
-4.3804369 -2.3640902 2.9085701 107
-0.56355816 -2.3590195 2.94115 47.5
-4.4441209 -2.2803159 2.9576952 114.5
-0.35489851 -2.2641973 2.9539251 57
-4.6225948 -2.1138949 2.9641197 82
-0.27608228 -2.1937168 2.9497204 53
-4.8297734 -1.8717096 2.962476 84
-5.2197351 -1.3353285 2.9360483 109
-5.1758928 -1.3896184 2.904222 113
-5.2735882 -1.2439966 2.9714065 116
-0.11292293 -1.2545698 2.9163375 20
-5.3030171 -1.1468074 2.9876511 134
0.78009129 -1.187997 2.963505 36
4.5846119 -1.1409231 2.9715877 52
-5.2301979 -1.0603987 2.9589741 86
4.4623051 -1.0027128 2.9522493 50
-4.4284034 -0.87052655 2.9774597 66
-4.3854399 -0.82351202 2.9846315 66
-4.4291706 -0.75050122 2.982013 65
-4.3850098 -0.70345026 2.9902005 66
-4.4271908 -0.62944216 2.9835026 72
-4.4279547 -0.50941688 2.9880567 67
-4.3821077 -0.58234495 2.9940932 69
-4.0164223 -0.55808753 2.9771109 61.333332
-4.3734002 -0.46113765 2.9940741 72
-4.0231519 -0.43798071 2.9791934 68
-3.968564 -0.44975939 2.9632561 57
-4.4176798 -0.3882598 2.9839566 81
-4.3613739 -0.33987224 2.9918196 79
-4.0157523 -0.32584479 2.9780977 65
-3.9585142 -0.34046942 2.9708204 62
3.8058455 -0.39496148 2.981344 31
-4.3384438 -0.24227256 2.9553862 84
-4.0083647 -0.2127091 2.9770026 72
-3.9483411 -0.24843225 2.9744124 64.5
-3.8936276 -0.20134652 2.9687281 57
-3.6454368 -0.25888705 2.957417 61.5
3.8050413 -0.29189655 2.9784868 37
-4.0034494 -0.10060686 2.9775844 76
-3.9800134 -0.11326164 2.9818745 74
-3.8281651 -0.12925376 2.9313064 66
-3.622683 -0.15721518 2.9580605 56
3.7282121 -0.1806336 2.9385896 65.5
-3.933857 -0.0035023042 2.9508862 97
-3.8552523 -0.060234576 2.9650936 66
-3.6092272 -0.05512042 2.9613962 60.5
-3.4269383 -0.03487283 2.9607418 58
-3.977519 0.010778162 2.9628062 87
-3.8422949 0.04409124 2.9712925 57.5
-3.5988414 0.045963667 2.9654663 60
-3.4149981 0.038620234 2.9549768 58
-3.942575 0.11384302 2.9518256 103
-3.8267405 0.15042092 2.9706945 61
-3.5837779 0.14857149 2.9619145 55.5
-3.4137464 0.14813247 2.9589264 59
-3.7671015 0.25353548 2.9307642 66.5
-3.582448 0.25212717 2.9662008 56
-3.4121029 0.25865912 2.9578936 58
3.3409128 0.24168512 2.9617019 99.5
-3.5814412 0.35618436 2.9684515 64.5
-3.4159491 0.33359006 2.9597948 59
-3.0016947 0.33080468 2.948173 67
-3.5387399 0.45541865 2.930161 66
-3.4257166 0.44634384 2.962301 56.5
-3.017993 0.43523717 2.9620392 84
-3.4252744 0.55846113 2.9516397 78
-3.0274441 0.53972292 2.9664638 76
-2.8108375 0.54775035 2.9476929 70.5
-3.0397182 0.6461978 2.9686389 77.5
-2.8250191 0.66299105 2.9493406 73
-3.0517347 0.75367939 2.9678268 81
-2.8345993 0.74072987 2.9487784 78
-2.4406333 0.78472829 2.9990423 75
-3.0512128 0.85825694 2.950032 91.5
-2.8484011 0.82032746 2.9498632 82
-2.4123812 0.84405136 2.946439 91
-2.8610666 0.9009648 2.9490433 73
-2.2041962 0.96833056 2.9209604 150
-1.7135651 1.4210453 2.9825561 72
2.23949 1.5064619 2.9082382 35
-1.417253 1.6788845 2.9857755 80
-1.4107249 1.7440133 2.9372847 105
2.0528665 1.7145288 2.9086947 31
-1.4256096 1.8438473 2.9452035 102
-1.2135645 1.8676353 2.9518039 85
-1.4360366 1.9377463 2.9374406 120
-1.2204459 1.9645089 2.9426117 90
-1.4490485 2.037611 2.9354858 114
-1.2306834 2.0652854 2.936157 104
-0.95215136 2.0839589 2.9132767 128
1.7590744 2.0490935 2.9241719 9
-1.4630026 2.1404657 2.9324501 118
-1.2423968 2.1740179 2.932622 113
1.7008286 2.1122842 2.9483042 11
-1.4741416 2.2403607 2.9206216 128
-1.2568407 2.2906656 2.9349089 111
-0.96333581 2.2038171 2.9305561 115
-0.74994326 2.2476611 2.9511242 89
-1.2652972 2.3945136 2.9185855 117
-0.96974176 2.314748 2.9291677 117
-0.75617713 2.3369386 2.9478366 75.666664
-0.97729832 2.4306631 2.9286902 113
-0.75605714 2.4686308 2.9334838 109
-0.54184246 2.4474185 2.9279747 101
-0.986121 2.5535607 2.93012 113
-0.76151186 2.5965366 2.9355724 104
-0.54023445 2.5644643 2.9232893 111
-0.99240655 2.6664991 2.9156954 128
-0.53914797 2.6925025 2.9225914 92
-0.37025467 2.6461308 2.9399936 76.666664
-0.76723218 2.7314358 2.9386723 122
-0.34985232 2.7293739 2.9325078 121
-0.20774084 2.7332842 2.9937243 71
-0.77035648 2.8464458 2.9178197 106
-0.5382632 2.835536 2.9329429 60
-0.34514588 2.8675342 2.9334497 74
-0.20039806 2.8044546 2.9302557 70
-0.08671733 2.8291752 2.9738231 53
-0.53706664 2.9735775 2.9292595 20
-0.19066083 2.9326589 2.9193068 35
-0.052092873 2.9320722 2.9290514 42
-0.34011394 3.0067096 2.9304082 38
-0.17927793 3.0888898 2.929637 1
-0.038880676 3.0768867 2.9275982 9.5
-0.33473998 3.1588888 2.9314616 6
-7.2069254 -11.185515 3.0938809 40
-6.1897016 -10.401421 3.0331824 5
-3.3398361 -9.8578873 3.0766332 58
-0.30271748 -7.1141486 3.0211356 76
-0.35022956 -7.0396981 3.034724 8
-0.44877547 -6.9432325 3.0162995 38
-0.60966969 -6.7421055 3.074204 64
-0.73843771 -6.6069155 3.024637 96
-0.82373893 -6.5077634 3.0580168 98
-1.2102077 -6.0401669 3.0888577 98
1.2905664 -5.7330971 3.0928094 91
-7.7013617 -5.3642268 3.010004 3
-2.0439913 -5.0941978 3.0008512 92
-2.1451986 -4.9602652 3.0856061 47
2.9754238 -4.2554598 3.0554819 46.5
3.1849883 -4.0719838 3.0348215 2
3.3935764 -3.9093242 3.0130391 86
3.5608933 -3.7618389 3.0669405 85
3.6300149 -3.6626408 3.0517168 107
-3.5050802 -3.4176037 3.0026371 14
3.8715529 -3.4390516 3.0520623 111
-7.3016591 -3.17293 3.0281985 25
-1.1340861 -2.9474933 3.0628028 43
-3.9808187 -2.8485899 3.0108113 82
4.5745502 -2.8084831 3.0273356 118
-4.1387267 -2.7421498 3.0255332 10
-4.1615725 -2.619796 3.0521424 97
4.738399 -2.661166 3.0095482 122
4.83319 -2.5730333 3.0884731 119
-0.39671648 -2.3024554 3.0847216 56
-4.5204225 -2.2002814 3.0122375 120
-4.4833674 -2.2663863 3.0338676 83
-4.5416045 -2.1718385 3.0342157 104
-0.27545029 -2.194808 3.09132 50
-4.6294742 -2.0795262 3.0709038 100
-4.8700552 -1.820997 3.0373881 95
-4.8650751 -1.7529558 3.0830245 78
0.76434839 -1.2108002 3.0493517 33
-0.38594675 -1.1037145 3.0509882 19
-4.5210433 -1.0146644 3.0396619 61
-4.4527183 -0.96175426 3.0279257 61
-4.2091498 -0.73189205 3.068469 42
-4.1584992 -0.70384789 3.097173 59
-4.1286168 -0.6647265 3.0437834 51.5
-3.7871766 -0.37449756 3.0558078 49
-3.5447695 -0.14817607 3.0570626 51.5
-3.1214204 0.20488682 3.0739837 53
-3.0522251 0.2684122 3.0018547 58
-2.8548338 0.44416416 3.0082567 63
-2.4993324 0.73511171 3.0891652 67
-1.7517462 1.3817037 3.0884824 72
-1.4497159 1.649403 3.0963039 89
-1.2338234 1.8278477 3.0472314 80
-0.96832567 2.0486848 3.0111799 124
-0.833731 2.2707729 3.0577452 21
-0.76458406 2.2250195 3.0682013 75
-0.77879554 2.3169301 3.036027 43
-0.55188382 2.419224 3.0354624 86
-0.36023986 2.5768528 3.0464573 76
-0.42766762 2.6258347 3.0529861 71
-0.032851256 2.8784845 3.0049624 41
-5.3778 -11.705259 3.1996193 49
-1.8201246 -8.5290928 3.1871445 43
-1.545485 -8.1832647 3.1820655 48
-10.128647 -8.0833492 3.156533 2
-1.3973763 -8.0761948 3.1994762 50
-9.3812103 -7.5706458 3.1707513 3
-0.74384922 -6.5943704 3.1978848 96
-8.1922941 -5.9809937 3.1778822 2
-1.3458347 -5.8679457 3.1281099 109
1.2912066 -5.7352872 3.1598196 97
2.0672808 -5.0678186 3.1120386 95.5
2.7236395 -4.4985847 3.1361344 90
2.9466748 -4.2774577 3.1651235 94
3.0718775 -4.1658611 3.1533825 41
3.2232842 -4.0570006 3.1099813 86
3.2610121 -3.9841425 3.1083553 37
3.361814 -3.9079406 3.1569338 80.5
3.5560424 -3.7676291 3.1820621 86.5
-3.4014254 -3.512918 3.1098511 2
3.7115192 -3.5792749 3.1267812 109
-3.5533481 -3.3596816 3.1476281 45.5
3.9587913 -3.3609707 3.1332097 114
-4.0210972 -2.8089528 3.1118364 87
-0.97225744 -2.815968 3.1625593 43
4.6728897 -2.7218113 3.1063573 118
4.7690477 -2.6291535 3.1847196 121
-4.2263198 -2.5423205 3.1220055 99.333336
-0.68797916 -2.567014 3.1698525 53
-4.3167706 -2.4201322 3.1683702 109
-0.69163311 -2.4479721 3.1244893 10
-0.54105771 -2.4299119 3.1091244 48
4.9234581 -2.4780416 3.1646521 120
-4.521522 -2.2166836 3.1170256 79
-0.31860974 -2.235286 3.1167581 52
-4.6964402 -2.017267 3.1125102 80
-4.7018933 -1.9655648 3.1615233 107
-4.6831036 -1.9968596 3.1325319 109
-4.7735181 -1.8939009 3.1988301 107
4.9002604 -1.4919851 3.1977811 34
4.7640915 -1.3438168 3.1889529 50
0.77918422 -1.1903795 3.1550064 29
-4.4162722 -0.91615397 3.1657398 39
-4.3133087 -0.82954574 3.1571217 49.5
1.1808118 -0.83785713 3.1036711 121
-3.9825654 -0.5393337 3.184077 45
-3.883925 -0.45491254 3.1205299 47
1.604721 -0.46319807 3.1507704 37
3.9338043 -0.40510729 3.1797266 61
1.7754002 -0.31644112 3.1860418 31
-3.6825271 -0.27019727 3.166683 56
1.7971407 -0.29718742 3.1634333 33
3.4944704 0.083064482 3.160712 70
3.5473912 0.031451296 3.1748157 67
-3.1905115 0.13836251 3.1451111 56
-3.011097 0.31173089 3.1929798 55
-2.9342179 0.38040638 3.1025255 56
-2.5614235 0.6814605 3.1840019 68
-1.9531413 1.205894 3.103348 74
-1.7906594 1.3363398 3.193315 70
2.2766364 1.4688545 3.1418006 42
2.0801923 1.6955789 3.1345406 53.5
-1.2602165 1.7968477 3.1642494 80
-0.98585957 2.0143902 3.1129806 111
1.7666801 2.0577843 3.1561682 38
1.7105658 2.107631 3.1457915 36
-0.56484693 2.4019794 3.1627886 71
-0.48117363 2.5775719 3.1691015 71
-0.36768198 2.5723989 3.1903453 73
-0.21240705 2.7192264 3.1207359 65
-0.061237432 2.8456569 3.1222568 55
-6.0981474 -12.227156 3.2199268 65
-3.3694019 -9.8820505 3.2034676 63
-1.7351186 -8.468318 3.2158358 52
-10.018084 -7.922174 3.2960966 6
-5.3344769 -6.5614381 3.2502189 19
0.30647451 -6.5716124 3.2814279 76
-0.83726007 -6.4700055 3.2155013 96
0.40717286 -6.4914565 3.2059627 92
-1.268177 -5.9538937 3.2211978 106
1.2419559 -5.764359 3.2694781 85
2.0326846 -5.1029086 3.2595835 94
2.0429752 -5.0787544 3.2765424 93
-7.9396992 -4.5669498 3.2047007 1
2.7059808 -4.5113235 3.2766395 92
3.1550663 -4.0846591 3.2326241 75
3.2111998 -4.0605764 3.2333515 87
3.3717415 -3.9171338 3.2454181 86
3.4266059 -3.8239748 3.269336 115
3.5219271 -3.7987323 3.2937522 88
-1.8765942 -3.5754116 3.2158661 23
-3.4388564 -3.4812005 3.2281723 55
-1.6913584 -3.4161913 3.2608459 13
3.7966259 -3.4968932 3.2053158 107
3.8903956 -3.4194746 3.2921741 108
-3.5961907 -3.2917068 3.2870936 77
4.0429688 -3.2769904 3.2129951 109
4.1337223 -3.1957839 3.2990274 118
-1.1690122 -2.9850461 3.2373538 41
-4.0584192 -2.7632103 3.2111311 40
4.8528786 -2.52457 3.2512958 97
-0.64421278 -2.4321799 3.2541382 21
-0.5498938 -2.4534678 3.2859347 55
-4.4063025 -2.318547 3.236594 101
-4.386991 -2.3269727 3.228852 108
-0.40166765 -2.3135986 3.2458906 56
-0.31923431 -2.2405148 3.2742908 54
-0.27542859 -2.2029288 3.2529244 53
-4.7989726 -1.8662256 3.2366312 104
-4.7388768 -1.2155662 3.2990475 58
0.76147813 -1.2158799 3.237772 34
-4.6416578 -1.115437 3.2654216 33
-4.5259352 -1.0132923 3.2153449 36
-4.3310852 -0.85757089 3.2294526 54
1.2043655 -0.81760448 3.277076 33
1.3044848 -0.72309494 3.2936685 35
-4.0756092 -0.62573123 3.2410822 45
1.5649278 -0.50198376 3.2753084 30
4.0502019 -0.53459775 3.253669 55
1.6402317 -0.42804083 3.2781653 31
-3.7771723 -0.35664967 3.2395046 45
1.8397154 -0.25489399 3.2776723 32
3.5895092 -0.015762387 3.2741606 66
3.6385455 -0.071345642 3.2758038 62
-3.2693324 0.068770491 3.2244184 54
3.4089611 0.17787439 3.2249558 64
-3.086586 0.23910055 3.28053 52
-2.6279178 0.62576735 3.2834687 70
-1.9965745 1.1613317 3.202843 72
2.2920814 1.4551854 3.2303934 43.5
-1.4796674 1.6129543 3.2020209 88
2.0910389 1.6842773 3.2293062 44.5
-1.2917435 1.7666785 3.2938752 77
-1.0154092 2.0089114 3.2669759 98
1.7732221 2.0616813 3.2817082 44
1.7207987 2.112004 3.2609313 42
-0.78182131 2.2072763 3.2021382 73
-0.52391207 2.5399179 3.264194 67.5
1.3535578 2.5573556 3.2376447 10
1.2211039 2.6733162 3.2197075 14
-0.21793896 2.7050748 3.2547433 61
-0.062880695 2.8419681 3.2676654 54
0.043945946 3.0375028 3.2132092 63
-4.302146 -10.766804 3.309396 52
-7.8109574 -10.635679 3.3869491 93
-3.3736286 -9.8908806 3.3306069 51
-0.75064147 -6.5838685 3.3760228 87
-0.8540377 -6.4623089 3.3927264 97
-4.6316471 -6.0393777 3.3937361 22
1.2444032 -5.7726297 3.3386724 86
-1.7118551 -5.421092 3.359004 1
-8.1846857 -4.241756 3.3497972 25
2.9665813 -4.2686334 3.3173633 56
3.224925 -4.0421991 3.3416562 95.5
3.3451173 -3.9253006 3.3827219 99.5
3.5461645 -3.7439489 3.3283572 95.5
-3.4648664 -3.4340978 3.3365009 72
3.9805367 -3.3370695 3.3755698 113
-3.6259391 -3.2440689 3.3819804 88
4.2221532 -3.1106532 3.3815644 114
-0.99569207 -2.8399496 3.3350766 42
-4.1464558 -2.7502294 3.352087 2
-0.70559537 -2.5853341 3.3389297 51
4.9763193 -2.4407287 3.3489635 116
5.0833468 -1.6952612 3.3273859 46
4.9499373 -1.5426399 3.3317485 37
0.77917027 -1.1917726 3.3634841 35
-4.5285559 -1.0286835 3.3798785 56
-4.4979687 -1.0025659 3.3352203 53
-4.2727046 -0.80956548 3.3551183 42
-4.1791191 -0.71716911 3.3031893 43
4.1711693 -0.67056215 3.3228202 51
-3.8887792 -0.44871172 3.324888 45
1.8220036 -0.27326694 3.3131785 32
3.6787949 -0.12260176 3.3806291 62
3.7415459 -0.18172044 3.3907294 65
-3.4339771 -0.080456115 3.3834043 48
-3.3533773 -0.0038554666 3.3062751 53
3.5038569 0.080939561 3.3427322 68
-3.1741037 0.1620575 3.381074 55
-2.6908643 0.56510979 3.3772099 71
-2.0482965 1.1176709 3.3166726 67
-1.8384176 1.2956824 3.3174767 62
2.3115392 1.4421182 3.3269284 45.5
-1.5162072 1.579414 3.3252339 71
2.1065531 1.6756101 3.3340068 45.5
-0.79866916 2.1845477 3.3330758 71
1.7266655 2.1082125 3.3694916 44
-0.57932872 2.3997059 3.3161063 79
-0.56681824 2.4991961 3.3864918 50
-0.57251084 2.506217 3.3447559 73
-0.37447554 2.5589664 3.3292353 73
1.3404412 2.5587995 3.3628287 33
1.2132462 2.6912394 3.3572707 35
-0.09223073 2.8084919 3.3969102 57
0.041124769 3.0377064 3.3484178 50
-3.4375587 -9.9570475 3.4633617 65
-9.482233 -8.6263847 3.4938576 71
-1.8611284 -8.5877542 3.422363 54
-8.1955004 -7.6682124 3.482703 1
-0.17353612 -7.1277947 3.4507632 101
-0.6475836 -6.6813993 3.4588895 56
0.23128715 -6.6232529 3.4896834 59
0.33680862 -6.5531669 3.4145072 91
-4.6345334 -6.0314684 3.4335845 27
1.1943922 -5.8076181 3.4586372 84
2.0081377 -5.1123343 3.4294596 92.5
2.6877978 -4.5200763 3.4180596 90
2.9241891 -4.3082199 3.4409449 92
3.0805047 -4.1554222 3.4103038 51
3.1818757 -4.0748796 3.4930663 80
3.3569503 -3.923713 3.4910212 90
3.4205863 -3.8560164 3.4898479 100
3.5455406 -3.7707355 3.4170294 87.5
3.6002049 -3.6655104 3.4393668 115
-3.4995766 -3.3912866 3.4540963 88
-3.6621466 -3.2014906 3.4823146 96
4.0778904 -3.2576332 3.4659042 104
-1.2082864 -3.0256667 3.4275799 30
4.3200727 -3.0291958 3.4731245 109
-4.1290541 -2.6595802 3.4050908 79
-0.55861348 -2.4640067 3.4577892 49
-0.40764731 -2.3337708 3.4320478 55
-0.31873724 -2.2557545 3.4559793 59
-0.2742016 -2.2110317 3.4236696 55
0.75927061 -1.2149633 3.4342294 40
-4.6923251 -1.1842445 3.4833877 77
-4.5205803 -1.0166025 3.4998238 39
-4.3865833 -0.90904415 3.4213276 40
4.3088613 -0.81892747 3.4519398 53
1.2315065 -0.79529691 3.4687269 33
-4.1063662 -0.64464724 3.4820569 43
1.3327323 -0.69903249 3.4704695 37
4.1789165 -0.67212719 3.4295108 57
-3.9946074 -0.54357094 3.4027355 43
1.6060313 -0.46213549 3.4240861 30
1.8787003 -0.21889555 3.4231744 33.5
-3.5221405 -0.16011006 3.4668937 48
3.5944448 -0.022000391 3.4563375 64
-3.2633915 0.080952756 3.4804468 49
-2.766139 0.50259125 3.4869561 63
-2.1010633 1.0699985 3.4314055 64
-1.8907908 1.252874 3.4492595 56
2.3315723 1.4280677 3.4270248 47.5
-1.5549895 1.5448451 3.4512601 78
2.1242743 1.6674877 3.4458075 50.5
-1.3220768 1.7325426 3.4225826 82
-1.0418234 1.9904784 3.4101834 75
1.7781191 2.0615306 3.4086308 54
-0.8200438 2.1726511 3.4897656 81
1.7331245 2.1014404 3.4793808 51
-0.59281057 2.3764505 3.4504039 70
-0.6140722 2.4600272 3.4632168 29.5
-0.38324326 2.5464664 3.4789987 60
-0.22321576 2.6999228 3.4068599 62
-0.036177315 2.860069 3.4352934 57
-0.027037287 2.9737546 3.4137111 70
0.032933183 3.0283911 3.4819889 56
-7.0769601 -11.414316 3.5195239 2
-4.7221193 -11.147861 3.5104792 54
-4.6822777 -11.107093 3.5973868 48
-9.2815952 -8.9236689 3.5970712 73
-2.2349706 -8.7723799 3.5300174 19.5
-0.31408507 -7.1031928 3.5944173 103
-0.31673843 -6.7161412 3.594517 98
-0.75668466 -6.5703511 3.5562463 89
-0.84119439 -6.4586859 3.5350866 88.5
-4.8830924 -6.098268 3.5866077 5
-1.3905257 -5.8448691 3.5384529 6
1.1972989 -5.8089819 3.5229027 90
1.9740506 -5.1449733 3.5819182 91
2.6740654 -4.5347376 3.5691895 85
2.9090335 -4.3147345 3.5782847 94
3.2551644 -3.9952676 3.577723 76
3.5301275 -3.7709236 3.5490105 90.666664
-1.7632545 -3.5127275 3.5061157 15
3.6918476 -3.5901027 3.5303092 110
-3.5375006 -3.3495822 3.5744207 85
-3.7004635 -3.1549296 3.5834777 87
4.1694078 -3.1692171 3.5492854 106
4.4081883 -2.9350672 3.5556622 117
-1.022752 -2.8710725 3.5283267 45
-4.1729507 -2.6090603 3.5088499 81
-0.72342682 -2.604661 3.5220399 46
-4.7002449 -1.2053999 3.5093758 73
-4.6392388 -1.1240973 3.5635958 37
0.77841586 -1.1872026 3.5827274 36
4.458478 -0.97889018 3.592164 55
4.3116469 -0.82059711 3.564805 54
-4.2166748 -0.74867511 3.5574799 40
1.6535021 -0.42015553 3.5946109 35
3.8398335 -0.30127341 3.5007956 56
-3.6189396 -0.24482486 3.5576503 49
3.7904949 -0.23839572 3.5128531 57
1.9347241 -0.16984719 3.5674815 31.5
-3.3554976 -0.0052498737 3.5795569 48
-2.8322854 0.43490821 3.5834134 63
2.0216932 0.58483154 3.5495553 150
-2.1503487 1.0163647 3.5414109 149
-1.9456416 1.2059783 3.5878356 60
2.3510509 1.410493 3.5273595 48.5
-1.5954198 1.5062498 3.585165 81
2.140317 1.6548178 3.5567572 51
-1.3592561 1.7031771 3.5707932 82
-1.2962601 1.8838364 3.5425711 7
-1.069616 1.968024 3.5582824 83
1.7835996 2.0593982 3.5391123 53
-0.60739112 2.3561752 3.5966561 66
1.3326724 2.5773203 3.5183074 38
-0.22866598 2.6897657 3.5619631 63
-0.065303706 2.8280895 3.5730948 58.5
-0.063309334 2.94137 3.5180092 63
-0.011701265 3.001415 3.5977156 51
-6.0449686 -11.853757 3.6894462 31
-3.3073828 -9.5045748 3.6803749 56
-9.6641188 -8.4357958 3.607554 104
-0.17825866 -7.1010451 3.6351488 107
-10.928151 -7.0116453 3.6129766 2
-0.38613892 -6.7535305 3.6546125 37
-0.19021091 -6.676168 3.6142035 64
0.26471132 -6.6058931 3.6266928 75
-0.88188535 -6.4019284 3.657702 78
-0.35533345 -6.4263697 3.6491461 48
-0.19874856 -6.3742905 3.6403987 80
-0.32084304 -6.1101127 3.6354001 64
-4.8806834 -6.0808406 3.6203358 10
-0.20709676 -6.0703959 3.6525605 90
1.1440614 -5.8429394 3.6510088 85
1.9890786 -5.1396408 3.6201878 89
-8.8992815 -4.8772359 3.6276474 28
-0.41383374 -4.1714306 3.683717 17
3.1916244 -4.0789027 3.6320639 90
-0.41435194 -3.9703875 3.6700332 52
-0.32767731 -3.9996617 3.6671591 25
-0.25512329 -3.9638317 3.6702647 41
3.3473301 -3.9208355 3.6408241 83
-0.32738829 -3.8336172 3.6787961 66
-0.2574864 -3.7998421 3.6815541 77
3.5405555 -3.769186 3.6623578 82.5
3.5955954 -3.688585 3.6580873 110
3.7820151 -3.5094547 3.6203728 111
-3.5745649 -3.3018966 3.6948564 98
-3.744504 -3.1134274 3.6931643 95
-1.2507838 -3.0724649 3.6355777 16
4.2609072 -3.0777998 3.6326721 103
-1.0444027 -2.8739908 3.6970768 142
4.5095377 -2.8494854 3.6492801 111
-1.6413137 -2.666621 3.6992173 121
-4.2170162 -2.5535431 3.6126113 82
-0.56949449 -2.4856551 3.6575162 77
-0.56679469 -2.3876143 3.6912792 133
-0.41349733 -2.3419363 3.6142247 53
-4.4375963 -2.2928631 3.6664937 84
-0.56196725 -2.2734604 3.696183 121
-0.41443706 -2.2589462 3.6645052 124
-0.31883213 -2.2640123 3.6426587 74
-0.27308786 -2.2161458 3.6064584 56
-0.31821331 -2.1730177 3.6811705 148
-0.27319711 -2.1431732 3.6708872 147
-4.9730864 -1.6194723 3.6341014 78
-4.8839159 -1.6854129 3.6391423 93
-0.30916384 -1.5496018 3.6941264 130
-0.26964664 -1.528927 3.6948822 133
3.6670837 -1.5277084 3.6962306 128
3.8208389 -1.5524744 3.6675019 51
-4.9251113 -1.4099469 3.6810083 59
-0.26879677 -1.4318806 3.6972153 137
-4.8827758 -1.3634819 3.6574085 51
-0.26748857 -1.3358214 3.6945667 126
3.8670039 -1.3185595 3.6953323 101
4.4184408 -1.3713189 3.6970615 103
-4.7532969 -1.2335716 3.6207385 29
-0.40367383 -1.2432721 3.6805878 150
-0.26624623 -1.2407645 3.6929133 138
0.75859541 -1.2210616 3.6700115 77
3.6821322 -1.2846541 3.6847725 116
-0.30175087 -1.1602567 3.6709979 137
-0.26453784 -1.1497046 3.6983171 150
0.74852598 -1.1490902 3.6962569 119
-0.4005326 -1.0611712 3.6872432 146
-0.2808575 -1.0669156 3.6946537 138
-0.39561343 -0.99791366 3.6918154 110
-0.26099715 -0.96657211 3.6960864 150
4.4408374 -0.97908437 3.6966095 110
-4.3512034 -0.86257523 3.6498413 36
-0.29503873 -0.89704442 3.6995754 139
-0.25644445 -0.7455312 3.6975336 149
1.2617869 -0.76994753 3.6795318 68
0.73015839 -0.64343727 3.6996908 73
1.2520136 -0.65765798 3.6815255 110
1.3638701 -0.64183271 3.6811547 104
1.235734 -0.53842771 3.6331549 80
3.7450874 -0.58797693 3.6824324 150
0.72172123 -0.40457615 3.6988707 95
1.2375134 -0.47041804 3.6636212 103
1.3449922 -0.44483972 3.691083 118.5
3.7692406 -0.47693345 3.6990533 125
3.9400997 -0.45559293 3.6551318 100
-3.7032011 -0.33244395 3.6314242 48
1.2361305 -0.36243114 3.6738753 104
1.3369579 -0.34654379 3.6900795 106
1.6787406 -0.3636224 3.6888266 116
3.7760694 -0.36290526 3.6961806 123
3.9058459 -0.36218441 3.6499527 64
1.2370681 -0.25538924 3.6863003 110
1.3320594 -0.24963534 3.6954761 109
1.7598 -0.2691009 3.6865833 80
-1.3464403 -0.13439825 3.6840484 150
0.68682784 -0.10731295 3.6969655 85
0.720954 -0.17050296 3.6982918 94
1.2385721 -0.14730954 3.6879735 105
1.3283004 -0.15268688 3.6936827 113
1.6780077 -0.16252045 3.6859858 100
1.7573403 -0.14808163 3.6879463 104
1.9765159 -0.1151462 3.6732678 93
0.72447366 -0.054890506 3.699229 92.5
1.2422721 -0.040168472 3.6873474 116
1.3256606 -0.056698997 3.6907399 115.5
1.6802267 -0.096422479 3.6869071 101
1.7573639 -0.058002736 3.6850011 101
1.9641813 -0.058580447 3.6771584 98
0.68910247 0.033673003 3.6871176 84
0.72873598 0.059751403 3.693881 99
1.2463863 0.029958449 3.6913562 107
1.3243566 0.037335299 3.6850774 115
1.6881546 0.033880327 3.6837273 115
1.7618587 0.061165038 3.6879768 10
1.9725982 0.061764553 3.6730144 95
2.0030088 0.064931639 3.6730912 99
-1.39706 0.13226469 3.6873782 150
-1.2606459 0.10964464 3.689595 150
0.69310504 0.13966034 3.6901832 90
0.73359561 0.13688809 3.69384 104
1.253247 0.13719591 3.6839309 111.5
1.3276819 0.13303828 3.6871123 115
1.6939331 0.10007843 3.6841009 99
1.7434468 0.15500051 3.6807477 101
1.9833832 0.15314651 3.6750383 96
2.0149267 0.1523838 3.6794784 99
0.74205506 0.25161901 3.6948638 104.5
1.2640421 0.24450819 3.6893704 116
1.334233 0.26088616 3.6939411 107.5
1.7443595 0.26576614 3.6817162 99.75
1.9953985 0.2435735 3.6721044 95
2.0278335 0.26790553 3.6735373 96.5
0.72741628 0.34151089 3.6973934 96
1.2756937 0.35044637 3.6847072 112.5
1.339892 0.3561725 3.690989 103
1.7569244 0.35972083 3.6824112 101.5
2.0207975 0.34086052 3.6723087 96.333336
0.73639178 0.45112097 3.6938689 107.5
1.2915992 0.45747745 3.689769 113
1.3466903 0.44980985 3.684659 112.5
1.7601452 0.44463864 3.6784604 95
1.8034922 0.47494426 3.6798775 94
2.0445185 0.44715694 3.6674218 100.75
0.7557447 0.54852766 3.688755 115
1.3230168 0.55719638 3.6802318 99.666664
1.7643168 0.55731255 3.6796021 100
1.8166844 0.56297255 3.674762 91
2.0691824 0.55067939 3.6603768 105.66666
-2.6178353 0.63462901 3.6224115 52
0.75035429 0.64954978 3.6953344 112
1.3552761 0.65169424 3.6866071 106
1.7865968 0.65449536 3.6770921 101
1.8354303 0.65318757 3.6788845 111
2.0896041 0.6627717 3.6359854 135.66667
0.74204761 0.74362814 3.6882141 116
0.80186677 0.75369883 3.6895726 109
1.3613187 0.73986429 3.6814837 103
1.8355852 0.74272507 3.6634452 105.33334
2.1234519 0.75697869 3.6725399 100
0.75626963 0.85212862 3.6894417 120.5
0.81378055 0.83101255 3.6862061 119
1.3741401 0.8344726 3.6806118 101
1.4022967 0.86667186 3.6810644 103
1.8577332 0.8535381 3.6642382 104
2.1624801 0.84781855 3.6805375 90.666664
-2.2137835 0.96456385 3.6752782 57
-0.32832503 0.96170598 3.699779 110
0.77181715 0.96163124 3.6901865 118
0.83497703 0.94954669 3.6904631 117
1.3903993 0.95830417 3.6756244 98
1.4216127 0.96545315 3.6828718 99
1.8666947 0.94711936 3.6602774 97
1.901845 0.94671726 3.65941 96
2.1860812 0.9376834 3.6765671 92.333336
2.2189722 0.99268901 3.6769581 87
-0.31985399 1.0518814 3.6991227 108
-0.1789875 1.0276051 3.6922534 148
0.78338689 1.0366342 3.6912479 114
0.8577739 1.0691311 3.6888611 108
1.4268517 1.049072 3.6836941 102.5
1.893751 1.0178809 3.6739295 108
1.9302982 1.0581709 3.679776 106
2.2329261 1.0582205 3.6759598 89
-1.3604877 1.1057131 3.6863592 105
-0.26223588 1.1629257 3.6902282 124.66666
0.79489511 1.1106385 3.6900744 124
0.84064567 1.1661038 3.6851144 115.5
1.4509808 1.151381 3.6714065 106
1.9639965 1.162022 3.6783669 94.666664
2.2719362 1.143926 3.6717815 90.333336
-1.1292093 1.2356223 3.6959481 117
-0.28926921 1.2557387 3.6875854 121.5
0.85705256 1.2438993 3.6822481 113
1.4787848 1.2568033 3.6663961 104.5
1.9849912 1.2565446 3.6775045 95.5
2.0067255 1.2595601 3.6791093 91
2.2980678 1.2177527 3.6780038 87
2.3274662 1.2663422 3.6756461 90.333336
-0.28935438 1.3275163 3.6907549 125
0.83572578 1.3377731 3.6849968 122
0.9223578 1.3522768 3.682951 113.5
1.4984552 1.3264318 3.6622825 101
1.52017 1.398379 3.668653 118
2.0365837 1.3554732 3.6784382 95.666664
2.3666859 1.3677567 3.6506042 82
0.85881591 1.4537852 3.6837482 116
0.95374769 1.4785697 3.6826866 102
1.5425243 1.4570919 3.6820152 102.66666
2.0678046 1.4382839 3.6768131 94.5
-0.80638289 1.5307832 3.6992102 133
-0.73153734 1.5514755 3.6748543 121
0.88443786 1.5767951 3.693619 117
0.97705036 1.5661465 3.6901898 111
1.574295 1.5563648 3.6845851 103
2.0911744 1.5006379 3.6770873 98
2.1182849 1.5520533 3.6739511 97
-0.79671323 1.629966 3.6935701 117
0.90270418 1.6578062 3.6945002 120
1.0013344 1.651757 3.6882811 120
1.5856935 1.6159313 3.6840148 107
1.6120157 1.6686634 3.684617 102.5
2.15256 1.6345419 3.6597548 84.5
0.92120892 1.7378213 3.6877694 118
1.0254419 1.7343796 3.6774263 114
1.6380162 1.7424917 3.679656 103
-1.3443344 1.8330262 3.6544054 57.5
-0.74943006 1.8219501 3.682992 77
0.4161661 1.8875767 3.6869984 6
0.95038307 1.858845 3.6805439 117.5
1.0518724 1.8210469 3.6732225 115
1.6678541 1.8209479 3.6815193 106.5
1.7122873 1.8831576 3.6710503 101
0.43701613 1.9910394 3.6990356 43
0.98214883 1.981874 3.6701169 140
1.081175 1.9167587 3.6837146 118
1.6819184 1.9096572 3.6796358 99
1.7309146 1.9794749 3.6802292 108.5
0.46024337 2.0905735 3.6966891 96
1.0071635 2.0798852 3.6896136 134
1.1116912 2.0095127 3.6870115 104
1.7569956 2.0718963 3.6519668 84
-0.83987755 2.1497962 3.6435299 81
0.48516393 2.1871529 3.6884785 112
1.0316926 2.171905 3.6912255 113
1.1588049 2.1491914 3.6843147 111
0.51046139 2.2857428 3.6793644 123
1.0577284 2.2679236 3.6990621 106
1.2103506 2.2929745 3.6837378 97
0.41791451 2.350136 3.6907673 128
0.53721488 2.3923523 3.680954 120
1.0838844 2.3589487 3.6948142 115
1.2459691 2.3918626 3.6828752 106
-0.13522336 2.4648182 3.693531 30
0.43882239 2.4492099 3.6831591 117
1.1108238 2.4489777 3.6865187 118
1.2832987 2.489799 3.6783848 111
-0.3911317 2.5369654 3.6408958 64
-0.13575469 2.5878997 3.6895158 82
0.45921826 2.5522287 3.6787369 119
0.56487966 2.5069749 3.6896832 116
1.1411983 2.549005 3.6897655 113
1.3218281 2.5827813 3.6644604 92
-0.094482802 2.6956642 3.6839848 99
0.48058447 2.6563046 3.672467 121
0.5944531 2.6086679 3.675982 118
1.1719321 2.649035 3.6898718 113
-0.14229554 2.7116411 3.6853611 115
0.50303745 2.7823491 3.6921434 120
0.62450361 2.7133675 3.6658487 97
-0.12895638 2.8386996 3.6932478 113
-0.073680706 2.8180943 3.6838994 108
0.52671754 2.898428 3.6902995 102
-0.10164257 2.9109626 3.6290786 68
-0.051973291 2.9465401 3.6887121 100
-6.1101866 -11.97777 3.705235 44
-5.7721272 -11.15027 3.7154799 49
-5.6946759 -11.046092 3.7183022 37
-3.332458 -9.3358154 3.7095616 61
-9.312665 -8.8540955 3.7872601 62
-4.7637687 -8.6388206 3.7407496 45
-4.5868907 -8.4632416 3.7432511 63
-9.8332424 -8.224576 3.7153571 107
-4.5649509 -8.1421518 3.7371752 54
-4.3716974 -7.9546514 3.7410307 55
-8.5049391 -7.8743854 3.7745042 31
-8.0541706 -7.7199116 3.7883024 15
-4.3918653 -7.7003355 3.7381916 50
-8.1918411 -7.4765768 3.7846057 21
-4.1840754 -7.4999003 3.7391975 52
-4.2356791 -7.2956991 3.7416666 45
-7.8597622 -7.0706286 3.7722871 32
-4.0074267 -7.0754843 3.7352777 49
0.15202141 -6.704 3.7244394 80
-5.5440707 -6.5458283 3.7740273 5
-0.77871895 -6.5128393 3.7549436 109
0.19877744 -6.534483 3.7771633 61
0.094629921 -6.4841461 3.7958071 55
-5.2260652 -6.3710327 3.7650394 2
-0.9477399 -6.3081288 3.7976916 109
-0.80113262 -6.2320552 3.79002 52
0.050714247 -6.1449518 3.790777 59
0.15392666 -6.1956921 3.7686484 80
0.011312013 -5.8326731 3.7842786 78
0.11340022 -5.8658681 3.7532887 98
1.1515088 -5.8583479 3.7209513 111
1.0840143 -5.7503524 3.7685635 76
-1.5248601 -5.6640925 3.790539 22
0.072032273 -5.6171117 3.7736161 81
1.0801359 -5.6325841 3.7500083 75
-0.025509769 -5.550355 3.7853129 66
1.0085268 -5.4388714 3.7390385 101
0.035470881 -5.3543015 3.7763841 80
1.0131186 -5.3927865 3.7601712 85
0.94648838 -5.2352037 3.7730567 79
0.94983673 -5.152967 3.7599421 80
1.9408011 -5.1510086 3.738498 109
0.88763803 -4.9633079 3.7674558 79.5
1.8545005 -4.9400411 3.7413194 76
0.83302259 -4.7400455 3.7640734 53
1.7744844 -4.7420731 3.7448635 88
1.7719609 -4.6728549 3.7532825 82
0.77761132 -4.5659351 3.7767797 5
1.6980321 -4.5511045 3.7478631 91
2.6607769 -4.5453939 3.723892 113
1.6936128 -4.4676342 3.7480614 68
1.6287086 -4.3701339 3.7497723 73
2.5628457 -4.3688474 3.7282066 72
2.8975642 -4.3211169 3.7195482 99
-0.96924907 -4.2052817 3.7822614 47
1.6231536 -4.2842484 3.7506516 36
-6.6213722 -4.1733885 3.7939885 24
-0.83178228 -4.1654501 3.765758 4
1.5623409 -4.1901627 3.7453384 55
2.4686818 -4.1913667 3.7234893 77
2.8136091 -4.190999 3.7477112 82
-6.9582181 -4.0564442 3.7631209 8
1.5031143 -4.035192 3.7563648 19
2.3855994 -4.0324435 3.7300496 61
2.7082441 -4.0126166 3.7281027 79
3.1583102 -4.0369945 3.7296932 86
-7.535336 -3.9056323 3.796978 10
-3.0158858 -3.9458447 3.7299755 3
-0.83698219 -3.9784992 3.7720096 45
-0.21253297 -3.9668081 3.7753806 19
3.3381343 -3.9148583 3.7383728 91
-6.7854524 -3.8707721 3.7544017 19
-2.7876844 -3.8813679 3.7295692 9
2.3056076 -3.8764353 3.7324936 32
2.6303866 -3.8842854 3.7480438 62
3.0573246 -3.8837085 3.7269156 66
3.423656 -3.8222463 3.7397826 104
-7.3053637 -3.7022898 3.770015 29
-6.6892371 -3.7334187 3.7851052 21
-2.9714272 -3.7913861 3.7432261 88
-0.22980943 -3.7791202 3.769165 72
2.233743 -3.733238 3.7418513 14
2.5507934 -3.7450106 3.7519152 40
2.9647708 -3.7402017 3.727915 61
3.2350621 -3.7691875 3.7313681 55
3.4595795 -3.7302055 3.7246487 57
-2.925545 -3.6359079 3.7515848 94
-0.24793938 -3.6064575 3.7701285 86
-0.16082132 -3.6812811 3.7567151 25
0.56508332 -3.6183417 3.7447357 4
2.4720507 -3.6077082 3.7517378 19
2.8782687 -3.6035342 3.7305248 31
3.133224 -3.6244748 3.7194076 56
3.4627464 -3.6711972 3.7596667 78
3.5174849 -3.6714125 3.7247736 57
-7.1600342 -3.546062 3.7818053 38
-2.6847203 -3.551193 3.7499614 95
-1.814738 -3.5485768 3.7052498 89
-0.17978618 -3.5223923 3.7628593 69
3.058486 -3.513895 3.7393606 31
3.3588004 -3.5930805 3.7218027 50
3.4251361 -3.5492654 3.7300792 46
3.6743479 -3.5903828 3.73036 126
-2.8768058 -3.4793892 3.7501574 93
-1.993512 -3.4671381 3.7087166 122
-0.26194397 -3.4317045 3.7597964 85
0.53177989 -3.4700577 3.7573755 39
2.3951156 -3.4681048 3.7457817 6
2.8026416 -3.4795883 3.741313 18
3.2712402 -3.4715889 3.7270706 38
3.3261685 -3.4153082 3.720361 36
3.4772203 -3.4971616 3.7488787 79
3.7146816 -3.4502573 3.7588191 110
3.8688598 -3.4212282 3.7057359 117
-7.0310669 -3.3988559 3.7971783 32
-2.8333902 -3.3319314 3.7532644 92
-2.628969 -3.3824508 3.7444839 87
0.49924365 -3.3157351 3.7538934 69
0.51778895 -3.3221471 3.7453175 16
2.7202632 -3.341784 3.7326233 9
2.9770834 -3.3925235 3.7420473 19
3.1853364 -3.3490424 3.7287133 20
3.2507625 -3.3106434 3.7354772 20
3.4859331 -3.32113 3.7325366 109
3.9339042 -3.3097737 3.7667201 122
-3.5719283 -3.211818 3.7696965 97
-2.5770485 -3.2218275 3.7396433 93
-1.7584289 -3.2519238 3.7255273 103
2.8968148 -3.2691109 3.7397795 11
3.1049819 -3.2323368 3.7306416 14
3.728132 -3.2811806 3.7531431 97
-2.7862098 -3.1834254 3.7476687 88
-1.9486605 -3.1935816 3.7322195 109
1.2356669 -3.1720748 3.7419777 12
3.0257697 -3.1135886 3.7276177 4
3.1678004 -3.1931973 3.7351487 16
3.5214851 -3.1830835 3.7517717 102
3.7300591 -3.1101301 3.7363596 130
3.9487419 -3.1491027 3.7712824 106
-3.7587516 -3.0416353 3.7693841 99
-3.5077455 -3.0616596 3.7728112 79
-2.74652 -3.0440035 3.7484257 91
-2.5325205 -3.0734427 3.7431428 93
1.1782613 -3.0252023 3.734395 27.5
2.9628649 -3.0144022 3.7429075 0
3.0627241 -3.0374374 3.7477531 2.5
3.5382354 -3.0300486 3.7487152 95
-3.7036674 -2.9091747 3.7704873 80
-3.4452825 -2.914557 3.7737582 87
-2.7052889 -2.9065597 3.7432902 97
-2.4839981 -2.9209166 3.733958 110
-1.9022661 -2.9239955 3.7387862 110
-1.6985683 -2.9543953 3.7220623 109
-1.2571496 -2.9935634 3.7064204 119
1.1537038 -2.9059377 3.7391641 65
3.7573652 -2.9650288 3.7495003 114
3.9443221 -2.9751196 3.7549636 120
4.3588862 -2.987354 3.7223065 119
-1.6792284 -2.8278272 3.7363555 28
-1.2480998 -2.8704174 3.7204664 134
1.1268474 -2.8953958 3.7323182 51
3.5578914 -2.8810117 3.74985 100
3.7702007 -2.8129568 3.7459357 104
3.9499133 -2.817785 3.7505 120
4.3997226 -2.8511417 3.7557509 117
-3.6493878 -2.7787178 3.7695079 92
-3.3909259 -2.7767251 3.7789867 87
-2.6671684 -2.7741501 3.7398801 115
-2.4551942 -2.7960351 3.7530563 96
-1.8799096 -2.7947128 3.7409823 117
-1.2346388 -2.7362015 3.7168489 129
1.0922587 -2.7744184 3.7283568 77
1.1138039 -2.7617974 3.713582 94
3.5674455 -2.7299817 3.7398489 97
4.6053882 -2.7543268 3.7379966 126
-3.600214 -2.6543045 3.7700763 90
-3.3307347 -2.6356945 3.7736924 81
-2.6412702 -2.6579411 3.7524343 99
-2.4160225 -2.6598091 3.7530282 93
-1.8581973 -2.6654344 3.7391069 126
-1.019951 -2.6192601 3.7083578 142
-0.74215364 -2.6140006 3.7020764 150
1.0705602 -2.6539936 3.7264028 100.5
1.7640597 -2.6788194 3.7210503 32
1.9772426 -2.6373799 3.7239192 1
3.7852402 -2.6668813 3.7458601 109
3.9652638 -2.6701028 3.7578907 108
4.3942647 -2.6831164 3.7419825 91
4.6210003 -2.6046627 3.7525129 93
-3.5552452 -2.5349288 3.7732775 92
-2.6092873 -2.5355966 3.7514768 91
-2.3829637 -2.5307732 3.7564538 95
-1.8313226 -2.5320845 3.7236383 133
-1.6277144 -2.5562479 3.7269928 126
1.0403917 -2.5420446 3.7290902 97
1.7240665 -2.5748239 3.730361 56
1.9331135 -2.5388775 3.7281792 25
3.5791588 -2.5819497 3.7319307 98
3.8003099 -2.5228076 3.7471962 113
3.9740775 -2.5216568 3.7576184 107
4.3832421 -2.5148401 3.7240736 134
-4.2634649 -2.4535813 3.7494383 78.5
-3.5054438 -2.4125004 3.7668698 84
-3.2743094 -2.4987867 3.7670524 85
-2.58289 -2.4223187 3.7580426 102
-2.3484454 -2.4026866 3.7549837 90
-1.8152074 -2.4168811 3.7302809 142
-1.6059906 -2.4295812 3.7254336 126
-1.2119972 -2.4898362 3.7162285 126
1.0103998 -2.4264107 3.723062 106
1.6822159 -2.4648473 3.7267578 68
1.8919063 -2.444273 3.7359412 54
3.5959969 -2.4459157 3.7331109 102
4.614615 -2.4437492 3.7462046 97
-3.2262826 -2.3701608 3.767684 87
-2.5527587 -2.3049924 3.7559092 97
-1.7988684 -2.3056741 3.7349284 121
-1.5852084 -2.3079445 3.7247739 123
-1.2041179 -2.3747053 3.7221279 101
-0.99658126 -2.3725448 3.7114787 109
-0.73314732 -2.3728099 3.7032688 136
1.6430198 -2.3548009 3.7221861 84
1.8486834 -2.3427386 3.7285397 67
2.1859252 -2.3304172 3.7099895 37
2.3448405 -2.3158207 3.7056937 1
3.6063025 -2.3058851 3.7252152 101
3.8023558 -2.3737597 3.7332132 101
3.9763544 -2.372447 3.7496831 107
4.4089074 -2.3756855 3.741528 116
-4.489336 -2.2392714 3.7614837 103
-4.2094307 -2.2881279 3.7908163 78
-3.4620056 -2.2961297 3.7649112 85
-3.1789804 -2.2445586 3.7662334 89
-2.3192167 -2.281769 3.7590466 109
-1.1935582 -2.2585337 3.7202337 134
1.6068091 -2.2526884 3.7210991 102
1.809458 -2.2480652 3.7272975 96
2.3076465 -2.2350082 3.7205763 39
3.813118 -2.2336955 3.7303784 101
3.9810178 -2.2281532 3.7466588 112
4.4136419 -2.2266197 3.7388628 98
4.5789347 -2.268837 3.7121296 126
-4.4630647 -2.1441324 3.7880769 82
-4.1460848 -2.1618755 3.7866993 76
-3.4238479 -2.185807 3.7664931 92
-3.1301618 -2.1189027 3.758893 90
-2.528059 -2.1947284 3.7593083 107
-2.2873056 -2.1577559 3.7543218 99
-1.7810427 -2.1914449 3.7336893 123
-1.5676465 -2.1904075 3.7278314 119
-1.4090806 -2.1090047 3.7435844 8
-1.1841991 -2.1463809 3.7212386 150
-0.9767676 -2.1419282 3.7142189 127
-0.72589344 -2.1457295 3.7062883 115
-0.55814797 -2.1623337 3.7019899 131
1.5733414 -2.1515086 3.7212768 92
1.7721146 -2.1553261 3.7268994 107
2.4434483 -2.1085598 3.7072935 41
2.5063703 -2.1024272 3.7150252 32
3.6238866 -2.1748507 3.7285025 103
4.5970802 -2.1300914 3.7287242 83
-4.4050384 -2.0327652 3.7833426 80
-4.0931997 -2.0439878 3.7906799 79
-3.3844235 -2.0764699 3.765172 84
-3.1007488 -2.0068977 3.7719011 83
-2.5054941 -2.0874884 3.7645228 120
-2.2514846 -2.0326083 3.7388999 119
-1.7664822 -2.0832582 3.7361679 121
-1.6306119 -2.0180924 3.7581317 58
-1.5511131 -2.0779049 3.7327847 136
-1.175645 -2.035239 3.7201636 144
-0.96275461 -2.0262012 3.7304063 70.5
-0.41365755 -2.0598862 3.7051404 148
1.5406795 -2.0513003 3.7174041 92
3.6356876 -2.0428202 3.7248213 105
3.8274984 -2.099623 3.7310073 106
3.984324 -2.086911 3.7408316 105
4.3952513 -2.0656495 3.712584 98
-4.3641973 -1.9315166 3.7921457 77
-4.0442615 -1.9272352 3.7943151 79
-3.3357711 -1.9610381 3.749613 115
-2.4767668 -1.9761702 3.7562313 101
-2.2283642 -1.9218844 3.7474084 121
-1.7529681 -1.9780847 3.7395537 135
-1.5545616 -1.9775469 3.7446208 91.5
-1.4054141 -1.9879454 3.7506261 73
-1.2857784 -1.9729522 3.7487111 53
-1.168498 -1.93212 3.7249749 132
-0.95711988 -1.91153 3.7302899 102.5
-0.71874344 -1.9295725 3.7102876 150
-0.55030394 -1.9437715 3.7076683 135
1.5129147 -1.9579873 3.7223334 95
3.6467693 -1.9127896 3.7204449 114
3.8303487 -1.9615768 3.7205327 103
3.9847398 -1.9447724 3.7336411 102
4.4036274 -1.9245682 3.713377 100
4.6086106 -1.9875712 3.7390716 107
-4.8422894 -1.8069952 3.7267954 85
-4.3187785 -1.827232 3.7943275 81
-3.9960427 -1.813509 3.7958703 83
-3.3213832 -1.8689368 3.7721663 95
-3.0677421 -1.894771 3.7781956 83
-2.4514117 -1.8698922 3.7526534 116
-2.2076914 -1.8144858 3.7537398 105
-1.7392893 -1.8719079 3.7409477 123
-1.6172472 -1.8909076 3.754199 76
-1.5433661 -1.8622777 3.7486782 111.5
-1.3987883 -1.866838 3.7513249 101
-1.2814683 -1.853915 3.7514107 103
-1.1625067 -1.8300183 3.7316906 150
-0.94984406 -1.8160928 3.7220116 141
-0.84150022 -1.811505 3.7423811 91
-0.71594465 -1.8285086 3.7167246 147
-0.41203219 -1.8478059 3.7107282 143
3.8469272 -1.8325006 3.7246528 105
3.9912584 -1.8114182 3.7334194 104
4.608561 -1.8434494 3.7383108 115
-4.838171 -1.7177567 3.7695794 90
-4.2751651 -1.7249544 3.7943399 79
-3.2912924 -1.767681 3.7750311 89
-3.0344422 -1.7836331 3.7815006 84
-2.4221382 -1.7605619 3.7383828 133
-2.1801021 -1.7015935 3.7445745 100
-1.7265577 -1.7697428 3.7422519 134
-1.6059901 -1.7687531 3.7525597 77
-1.5281862 -1.7454374 3.7436142 113
-1.3946396 -1.749771 3.7574592 99
-1.2732863 -1.7358327 3.7481875 103
-1.1535861 -1.725871 3.7276249 141
-0.94268936 -1.7128632 3.7240927 134
-0.712349 -1.722429 3.7132013 142
-0.54260325 -1.7345078 3.7111919 145
-0.3123233 -1.7547603 3.7021866 141
3.6542504 -1.781762 3.7125974 113
3.856308 -1.7034408 3.7218294 123
4.4221172 -1.7904433 3.7238789 67
-4.8053493 -1.615485 3.7887979 79
-4.1878848 -1.6063683 3.7530208 84
-3.9442978 -1.6976596 3.7907124 76
-3.259769 -1.6664064 3.7730019 85
-2.9963036 -1.6693285 3.7741961 83
-2.412581 -1.6694702 3.7564785 112
-2.1652136 -1.6001229 3.7583489 118
-1.7138649 -1.6715796 3.7445495 148
-1.5673766 -1.6349456 3.7481422 84
-1.490222 -1.6430163 3.7370181 139
-1.3833486 -1.6295872 3.7481906 97
-1.2668289 -1.6207688 3.7463493 106
-1.1467893 -1.6247549 3.7253749 131
-0.94382381 -1.6396154 3.7319074 128
-0.70941079 -1.6243633 3.7186418 150
-0.53829366 -1.6353705 3.7149787 150
-0.4093824 -1.6387032 3.7053568 130
-0.38981563 -1.6138791 3.7380805 150
3.6740491 -1.6617267 3.7207935 107
4.000041 -1.6809835 3.7352805 110
4.4398851 -1.6563214 3.7336869 116
4.5925107 -1.6948767 3.7222776 79
-5.0132294 -1.5585742 3.7164502 101
-4.9798265 -1.5738521 3.7195158 106
-4.7453761 -1.5052394 3.7812908 85
-4.1798282 -1.5213358 3.7820184 95
-3.8986149 -1.587021 3.788022 81
-3.2336366 -1.5681816 3.7755141 85
-2.9689012 -1.5633839 3.7779744 87
-2.3921423 -1.569242 3.7524586 109
-1.7018406 -1.5714209 3.7427769 136
-1.5608641 -1.5213664 3.752475 94.5
-1.4758693 -1.5375632 3.7347245 138
-1.3772922 -1.5142238 3.7497787 96
-1.2578473 -1.504673 3.7390742 108
-1.1404742 -1.5266482 3.7291009 150
-0.93941826 -1.5344932 3.7332788 122
-0.84129566 -1.5925105 3.7436054 121
-0.70587361 -1.5252862 3.7171094 150
-0.53450614 -1.5342337 3.7127049 150
-0.36192468 -1.5135217 3.7340603 83
3.9817252 -1.5395246 3.7086232 121
4.440351 -1.5172733 3.7268379 113
4.584579 -1.5520275 3.7138791 110
-5.0598865 -1.4858338 3.7843435 66
-4.7077031 -1.402796 3.7908943 75
-4.1575561 -1.4292024 3.7972131 106
-3.8574033 -1.477312 3.7858818 79
-3.2073584 -1.4718168 3.7760341 85
-2.9391918 -1.4563615 3.7779427 99
-2.3775818 -1.4750863 3.7589533 122
-2.1428554 -1.4933966 3.7537229 116
-1.6921868 -1.4764014 3.7468209 141
-1.5760106 -1.4173424 3.7490835 85
-1.4675412 -1.4413114 3.746923 140
-1.3697256 -1.4021025 3.746429 100
-1.1347015 -1.4295474 3.7277582 150
-0.93436676 -1.4303446 3.7311618 130
-0.70159471 -1.4231946 3.7066126 129
-0.53066903 -1.4350965 3.710427 136
-0.35231438 -1.4302738 3.720099 104.5
3.6962926 -1.4156668 3.7162809 129
3.8749437 -1.4495831 3.7176485 129
3.993623 -1.4149805 3.7146754 125
4.6000452 -1.419377 3.7276933 105
-4.6708155 -1.3013824 3.7984192 68
-4.1131344 -1.3309075 3.7882519 89
-3.80461 -1.3654476 3.770772 96
-3.1807685 -1.3755821 3.7735629 88
-2.9079673 -1.3492852 3.7720199 88
-2.361511 -1.3799083 3.7595594 120
-2.123826 -1.3897791 3.7538137 116
-1.6798714 -1.3792363 3.7420557 132
-1.544667 -1.3496526 3.7473786 93
-1.4524388 -1.3378217 3.7366555 139
-1.2551197 -1.3976561 3.7453814 109
-1.1293231 -1.3354546 3.7313952 150
-0.92949188 -1.3255825 3.7275047 120
-0.84146041 -1.3815205 3.7457213 123
-0.6998136 -1.3311493 3.7149529 141
-0.52686906 -1.3379627 3.7091415 133
-0.32161492 -1.3413036 3.7187383 132.5
-4.0772672 -1.2366705 3.7855632 91
-3.7710259 -1.2622418 3.7720332 94
-3.1618154 -1.2834189 3.7784462 95
-2.8752267 -1.2421547 3.7602069 102
-2.3440936 -1.2847122 3.7562683 117
-2.1080105 -1.2902651 3.757623 115
-1.6726279 -1.2861418 3.7498882 136
-1.5127107 -1.2819748 3.7425826 98
-1.4423034 -1.2394985 3.7389827 144
-1.3629599 -1.2929945 3.7448902 115
-1.252455 -1.2906365 3.7494533 106
-1.1239154 -1.2433616 3.7350318 150
-0.92647922 -1.226984 3.7321181 120.5
-0.83794433 -1.2774854 3.7390718 115
-0.69729084 -1.2360897 3.7143285 139
-0.52319318 -1.2428362 3.7098444 130
-0.4033851 -1.204114 3.7335951 116
-0.3204515 -1.2442486 3.7100804 79
3.8937793 -1.2014666 3.7133985 107
4.0114069 -1.2932242 3.7276959 117
4.4470506 -1.2461499 3.7172697 103
4.5973887 -1.2833495 3.7241514 115
-4.0444732 -1.142452 3.7836101 84
-3.7305818 -1.1567996 3.7628565 90
-3.1406076 -1.1912339 3.7805145 98
-2.8614249 -1.1456629 3.773813 88
-2.3235059 -1.1469821 3.757863 117.5
-2.0906224 -1.189692 3.7545476 117
-1.6623536 -1.1920021 3.7459428 145
-1.5298445 -1.1839659 3.7421212 88
-1.4343932 -1.1452467 3.7451136 150
-1.356619 -1.1838932 3.7442572 109
-1.245505 -1.1835666 3.7466965 109
-1.1164134 -1.1482341 3.7258072 136
-0.92272633 -1.128382 3.7348888 132
-0.83905953 -1.1784248 3.7446072 119
-0.69372207 -1.1440135 3.7137909 127
-0.51882166 -1.1476781 3.7025769 134
-0.4034518 -1.1316817 3.7168691 130.5
-0.34343964 -1.1321748 3.7250812 136
0.77406931 -1.1435273 3.7059295 98
3.7149611 -1.17361 3.7097104 145
4.0080271 -1.1652321 3.7177532 124
4.4497104 -1.1140922 3.7124922 102
4.5882206 -1.1465466 3.7143619 136
-4.0016766 -1.0471606 3.7704847 56
-3.7118909 -1.0591035 3.7758558 86
-3.1145523 -1.097996 3.7729707 107
-3.0837438 -1.0027076 3.7568119 134
-2.8349276 -1.0437405 3.7664583 82
-2.3059707 -1.0112836 3.7601912 109
-2.0754247 -1.0911899 3.7542846 116
-1.6499386 -1.0558337 3.7462776 140
-1.5480648 -1.0859594 3.7434237 94
-1.4617517 -1.0583746 3.7446828 121.5
-1.3523169 -1.0798254 3.7481537 95
-1.2394341 -1.0795046 3.7435126 110
-1.1114732 -1.0561455 3.7233791 135
-0.94174618 -1.0344214 3.739419 109
-0.8658269 -1.0517325 3.7315125 126.5
-0.69121933 -1.0529549 3.7141621 137
-0.51533115 -1.0555629 3.7062624 138
-0.34404188 -1.0381765 3.7207723 128
0.7517128 -1.0664358 3.7076826 111
3.7239618 -1.0555824 3.7074912 128
3.9039378 -1.0804074 3.7126713 119
4.016396 -1.0428166 3.7203331 119
-4.4971247 -0.98388839 3.7492206 45
-3.9948235 -0.96212065 3.7903423 83
-3.6773705 -0.95786357 3.7671545 83
-3.0753884 -0.91763854 3.7687848 96
-2.8160486 -0.94607329 3.7674606 91
-2.2937307 -0.92214328 3.7594464 123
-2.0658937 -0.9958719 3.7625508 115
-1.6384931 -0.92167711 3.7465241 136
-1.538425 -0.978827 3.740931 88
-1.4494145 -0.95507991 3.7337661 118
-1.3459767 -0.97472376 3.7452846 100
-1.2350457 -0.9764635 3.7439528 111
-1.1084492 -0.96708846 3.7318206 149
-0.94121629 -0.93440956 3.7416263 114
-0.86024702 -0.95561326 3.7268605 123
-0.68720931 -0.96087062 3.7086444 143
-0.51261365 -0.96546304 3.7078645 140
-0.40540349 -0.91212642 3.723412 122
-0.3726086 -0.9611547 3.7107058 139
-0.29716492 -0.98812896 3.7010903 146
0.73022747 -0.99312866 3.7021759 103
3.7365594 -0.93855166 3.7087448 122
3.9112153 -0.95935464 3.709167 119
4.0146208 -0.91876847 3.7131925 125
-3.9669027 -0.87092727 3.7869534 84
-3.6648431 -0.86237746 3.7826231 81
-3.0623746 -0.82952124 3.7731407 103
-2.8035975 -0.85061896 3.7739203 96
-2.2836456 -0.83402687 3.7605188 123
-2.0458174 -0.85269868 3.760396 111
-1.631655 -0.83358365 3.7482898 144
-1.5309973 -0.87357384 3.7407289 102
-1.4436829 -0.85793996 3.7382207 114
-1.335288 -0.86955273 3.7378247 109
-1.2302265 -0.87441707 3.7434845 105
-1.1031277 -0.87699342 3.7254071 139
-0.9355703 -0.83330381 3.7351959 101
-0.85748768 -0.86202407 3.7286706 136
-0.68617725 -0.87283778 3.7149038 145
-0.50866258 -0.87432778 3.7065663 145
-0.40565038 -0.81712079 3.7176201 114
-0.37238982 -0.87113273 3.7086506 131
-0.27565229 -0.84429133 3.7017994 145.5
0.74352741 -0.84868211 3.7060087 114
3.7441452 -0.8225258 3.7065508 116
3.9170816 -0.83930701 3.7056873 118
-3.9487934 -0.78380287 3.7927387 85
-3.6475008 -0.76572442 3.7884765 81
-3.048095 -0.74238962 3.7745931 106
-2.7819786 -0.75185508 3.7661316 99
-2.2733746 -0.74690634 3.7595975 117
-2.0287259 -0.7096135 3.7579823 114
-1.6254737 -0.7444948 3.7459848 144
-1.5252223 -0.7704972 3.74192 94
-1.4771936 -0.75356197 3.7437043 98
-1.3645067 -0.7677635 3.7387092 115.5
-1.2262251 -0.77538103 3.7448246 107
-1.0964382 -0.74437308 3.7252064 134
-0.93281549 -0.73625195 3.7351072 114
-0.85496837 -0.76894319 3.7294848 125.5
-0.68271351 -0.78476459 3.7163587 150
-0.50615472 -0.78623933 3.7111528 147
-0.4052546 -0.72410691 3.7176268 113
-0.37950096 -0.75906247 3.7123156 140.66667
-0.28948352 -0.72286272 3.7066693 150
3.7505674 -0.7059955 3.7013526 113
3.9243631 -0.720254 3.7021813 129
4.0194621 -0.79848242 3.7123005 116
-3.9124086 -0.65147901 3.7881567 82
-3.629864 -0.67006075 3.7913404 73
-3.0346365 -0.65526104 3.7739663 105
-2.7691786 -0.65638602 3.7686071 99
-2.2676103 -0.65983766 3.7643054 121
-2.0195787 -0.61729801 3.7601807 108
-1.6208636 -0.65843034 3.7505634 146
-1.5159911 -0.6683709 3.7380967 101
-1.4699087 -0.65247577 3.7422199 101
-1.3578405 -0.67109668 3.7368083 111
-1.2213804 -0.67633432 3.7443516 107
-1.0905857 -0.61387914 3.7239249 138
-0.93007976 -0.63820028 3.735019 116
-0.85080564 -0.67735142 3.7257204 135.5
-0.67903316 -0.65217793 3.7128863 144.5
-0.50271237 -0.69913077 3.7168202 144
-0.45174149 -0.62053311 3.7093608 123.5
-0.37015349 -0.65055305 3.7090445 128.5
-0.26988953 -0.62509549 3.7039409 140
0.70413262 -0.69019461 3.7056746 102
3.93383 -0.60219789 3.7021713 134
4.0199389 -0.67635334 3.7086558 150
-3.8899674 -0.52181077 3.793411 113
-3.6088731 -0.57228136 3.789484 79
-3.0098393 -0.56602091 3.7582731 105
-2.7559867 -0.55743039 3.767885 97
-2.258323 -0.57372701 3.7632964 120
-2.0100274 -0.52396142 3.7573996 106
-1.6107301 -0.56928629 3.7375631 119
-1.5106285 -0.56630021 3.7401931 99
-1.4630482 -0.55139518 3.741641 110
-1.3530773 -0.5764727 3.7395737 112
-1.212321 -0.57623458 3.7348166 107
-1.088153 -0.52882922 3.7282922 134
-0.92729229 -0.54314798 3.73493 112
-0.8378858 -0.55859572 3.723767 132.66667
-0.67633748 -0.52361071 3.7213671 150
-0.44997296 -0.53138995 3.7113285 123
-0.36325017 -0.54442835 3.7101648 133.66667
-0.26732212 -0.53901041 3.7054243 149
1.3564852 -0.54501164 3.7013872 121
4.0241189 -0.55709147 3.7084827 134
-3.8303423 -0.42937264 3.74862 55
-3.5897193 -0.47656432 3.7864578 81
-2.9993594 -0.4799149 3.7573845 95
-2.74367 -0.46300754 3.7673523 99
-2.2467546 -0.44408241 3.7600718 128.5
-2.0041244 -0.43174684 3.7623279 115
-1.6081849 -0.48424715 3.7429631 130
-1.504817 -0.46622312 3.7413826 103
-1.4536409 -0.45128018 3.7356243 104
-1.3558339 -0.45539585 3.7361708 112
-1.2100564 -0.47921696 3.7375426 109
-1.0865541 -0.44279012 3.7305799 145
-0.91235369 -0.44486985 3.7063298 110
-0.84275419 -0.44917133 3.7224503 134
-0.67321849 -0.43754193 3.7157609 133
-0.44903126 -0.44434959 3.7144809 130.5
-0.36872184 -0.43550509 3.7120168 136.5
-0.26525009 -0.45293707 3.7068641 150
0.69181442 -0.46725896 3.7034023 92
0.723822 -0.48455894 3.7054267 92
-3.5758882 -0.38102779 3.7869847 86
-2.9920876 -0.35333842 3.7668524 95
-2.737988 -0.36979538 3.7742698 109
-2.2408528 -0.31607431 3.7654247 126
-1.997758 -0.34051022 3.7622733 117
-1.6027571 -0.35666397 3.7441773 128.5
-1.4703536 -0.35863456 3.733371 108
-1.3392065 -0.34219542 3.7374034 108
-1.2064546 -0.3831858 3.739784 113
-1.0826111 -0.35671663 3.7290585 146
-0.92002982 -0.35301211 3.731128 116
-0.84711486 -0.34370399 3.7280169 138
-0.67053652 -0.35148144 3.7151351 134
-0.44583386 -0.35575658 3.711112 135.5
-0.36728299 -0.35043103 3.7144372 133.5
-0.26201892 -0.36791766 3.712913 150
0.68875563 -0.35827672 3.7015133 89
0.7203964 -0.32656884 3.7048306 87
-3.564014 -0.28655753 3.7873383 81
-2.9868057 -0.22677693 3.7761469 104
-2.7171431 -0.2750895 3.7564106 114
-2.2331727 -0.23097651 3.7602613 121
-1.9924163 -0.24830332 3.7621348 123
-1.6008393 -0.22912693 3.7511072 144
-1.4642812 -0.25964022 3.7330003 108
-1.3340681 -0.24906293 3.7362738 108.5
-1.201648 -0.28713623 3.7370701 106
-1.0776155 -0.27062383 3.7155831 139
-0.91636509 -0.25994378 3.7292266 126
-0.83436638 -0.22696839 3.7230108 129
-0.66935909 -0.2664468 3.7203987 140
-0.44465396 -0.26921403 3.7165442 132
-0.36649269 -0.26440766 3.7132077 131
-0.26358593 -0.25736806 3.7162507 142.66667
0.6872707 -0.25129655 3.7080812 86
0.72070676 -0.24853727 3.7026789 90
-3.551965 -0.19208056 3.7856991 81
-2.9813879 -0.14071056 3.7758205 98
-2.7121656 -0.18289363 3.7602518 103
-2.2311592 -0.14694335 3.7626309 121
-1.988212 -0.15713392 3.7639005 120
-1.4595058 -0.16107932 3.7331197 107
-1.2974949 -0.17594942 3.7331283 115
-1.1993784 -0.19111843 3.7397943 117
-1.076704 -0.14358887 3.7249038 143
-0.90800709 -0.1657891 3.719593 115
-0.83133292 -0.13838977 3.719017 121
-0.66674602 -0.1813879 3.7207694 140
-0.48541963 -0.17950697 3.7214031 149
-0.37604442 -0.16375592 3.7172625 128.75
-0.24845122 -0.13776819 3.7196629 142.66667
0.68659568 -0.17830513 3.7023122 84
-3.4684625 -0.096166298 3.7009318 47
-2.9770443 -0.055653926 3.776402 94
-2.7161036 -0.090980388 3.7743602 105
-2.2301602 -0.060919743 3.7649164 123
-1.4410365 -0.063330203 3.7098293 146
-1.3599319 -0.047854342 3.742491 113
-1.2901814 -0.079832077 3.7284434 113
-1.1859609 -0.049469244 3.724813 117
-1.0739914 -0.017525369 3.7253466 128
-0.90638202 -0.073759273 3.7244575 123
-0.82951742 -0.049850531 3.7244744 128
-0.66390765 -0.053817295 3.7222335 142
-0.4809269 -0.051845644 3.7212982 142.5
-0.37705374 -0.051973552 3.7128305 122
-0.24944308 -0.026538126 3.7220483 146.5
0.68730414 -0.036324412 3.7005599 88
-2.9748576 0.028383272 3.7788005 94
-2.7074881 0.048861705 3.7721987 96
-2.2281439 0.02311334 3.7672865 125
-1.4486227 0.033059839 3.7317553 111
-1.351426 0.040470954 3.7205412 150
-1.2832609 0.014278736 3.7246644 119
-1.1831621 0.091049932 3.7302525 121
-1.0735557 0.068496332 3.7295396 137
-0.90141696 0.017333088 3.7198372 120
-0.82667285 0.037230752 3.7205095 119
-0.6608904 0.074007727 3.7227063 148
-0.47572017 0.076827161 3.7242703 150
-0.36315712 0.056185156 3.7163565 129.25
-0.24587628 0.057566348 3.7241139 146.5
-2.971875 0.15694115 3.7798693 108
-2.7052205 0.1895097 3.7735062 105
-2.2243657 0.1091754 3.760781 127
-1.4572846 0.1254292 3.7168596 150
-1.3556529 0.13035436 3.7406561 128
-1.1787661 0.18509459 3.728441 117
-1.0713063 0.15254667 3.7248542 137
-0.84734505 0.1206758 3.7170393 121.33334
-0.6579808 0.15907051 3.7200909 142
-0.47381526 0.1630135 3.7247736 150
-0.36492738 0.16070218 3.7157536 131
-0.24248646 0.14316982 3.7221522 147
-2.9753089 0.2864432 3.7853994 126
-2.7050724 0.28256661 3.7749257 113
-1.5911623 0.2810716 3.7448771 141
-1.4365007 0.22671878 3.7265532 115
-1.3541669 0.22043778 3.7411923 119
-1.2750466 0.20641027 3.7266502 109
-1.1731037 0.27915525 3.7239099 113
-1.0706053 0.23857318 3.7260587 135
-0.85714525 0.23124889 3.7221847 128.75
-0.65679866 0.24610421 3.7253575 138
-0.47009301 0.25013328 3.7274492 147
-0.36169329 0.2457567 3.7131298 128.66667
-0.23845652 0.22828852 3.718739 150
0.69825703 0.24564472 3.7026136 95
-2.9164324 0.36405089 3.7023847 62
-2.704607 0.37664035 3.7723627 108
-1.5922507 0.36707121 3.7459466 131
-1.4312851 0.32328451 3.7257638 109
-1.353199 0.35503316 3.7393754 121
-1.2668717 0.34904194 3.7232761 113
-1.1703968 0.3731814 3.725724 119
-1.0716139 0.32557276 3.7351458 146
-0.85595536 0.35903737 3.7255714 128.66667
-0.79409897 0.35041869 3.7128043 115
-0.65416527 0.33216184 3.7257307 139
-0.46755636 0.33624142 3.7209826 141
-0.35793856 0.33215418 3.7130325 130
-0.23909676 0.3410441 3.7182245 149.66667
0.70747036 0.38763449 3.7015276 94
-2.7098701 0.47253191 3.7773414 111
-1.5946196 0.45505354 3.7499194 131
-1.4263241 0.42085028 3.7243109 109
-1.354708 0.4915503 3.7423713 126
-1.2552557 0.49172929 3.7148886 112
-1.1664981 0.46822321 3.7225838 116
-1.070574 0.4546144 3.7314301 139.5
-0.85925388 0.47820985 3.7227049 126.5
-0.79139906 0.48492607 3.7180762 126
-0.65280521 0.41919875 3.7290053 136
-0.46465397 0.42334533 3.7215784 138
-0.35387811 0.43593401 3.7153878 131
-0.22201334 0.46199036 3.7193077 149
-2.6996191 0.56392807 3.7555401 84
-1.5940219 0.54207957 3.7431085 124
-1.4406878 0.51364934 3.7195542 102
-1.376148 0.55192274 3.7294178 117
-1.2526655 0.58777106 3.7179346 122
-1.1612526 0.56127876 3.7189569 118
-1.0712706 0.58662891 3.7355978 136
-0.85568732 0.56880683 3.722023 128
-0.78937054 0.57593638 3.7194982 122
-0.64992964 0.55076838 3.7299767 141.5
-0.46123469 0.5124445 3.7272432 150
-0.34272856 0.5469709 3.7120447 131
-0.22192426 0.57675242 3.7272267 150
-1.9838847 0.67326087 3.7568486 130
-1.601127 0.63190895 3.753674 150
-1.4375367 0.61269033 3.7217081 108
-1.3749931 0.6469357 3.729794 117.5
-1.2488077 0.68383354 3.7182624 124
-1.1602734 0.65828103 3.7243986 115
-1.0714993 0.67464286 3.7357202 142
-0.85305589 0.66187274 3.7241693 124.5
-0.78352708 0.66498935 3.7127588 122
-0.64680415 0.68334264 3.7279601 141
-0.4572531 0.64608991 3.7316275 149
-0.34497854 0.65958774 3.7101021 127
-0.23510975 0.65671057 3.7240431 147
-0.19960302 0.67205721 3.7216814 150
-1.9927014 0.77103311 3.7675514 130
-1.59782 0.71697307 3.7390654 150
-1.4314125 0.71077508 3.717519 112
-1.3755109 0.74391007 3.7338133 118
-1.244077 0.78191012 3.7190135 109
-1.1555341 0.75333369 3.7194448 114
-1.0713904 0.76366329 3.7318583 133
-0.84945613 0.75346613 3.721468 131.5
-0.78229189 0.75698692 3.7182307 135
-0.645486 0.77337915 3.7312357 150
-0.45196694 0.7797941 3.7210674 144
-0.33490846 0.76618296 3.7105052 123.66666
-0.23084381 0.74584222 3.7216988 149
-0.19522938 0.76117426 3.7202802 148
-1.9974633 0.86794561 3.7665577 118
-1.6021205 0.80693382 3.741868 150
-1.4265586 0.80884123 3.716048 107
-1.37392 0.83897579 3.7293534 124
-1.2379334 0.87924248 3.7148263 111
-1.150735 0.84838402 3.7167261 112
-1.0746424 0.85663128 3.7427649 137
-0.84797502 0.84745181 3.7263827 130
-0.77853155 0.85001284 3.7182651 129
-0.64355284 0.86342698 3.7275386 143
-0.44998318 0.87286365 3.7306385 146
-0.32915959 0.8546055 3.7115345 127.33334
-0.22577691 0.83598894 3.7214351 150
-0.18950897 0.85032111 3.7149818 150
-2.006871 0.96670997 3.7721953 136
-1.6153963 0.94878364 3.7600417 142.5
-1.4252195 0.91185713 3.7195923 110
-1.3732228 0.93650568 3.7268939 121
-1.2349403 0.97729063 3.7169676 108
-1.1511089 0.94737273 3.7226524 104
-1.0760207 0.94962931 3.7437978 142
-0.84416074 0.94205093 3.7238519 126.5
-0.77434295 0.94204366 3.7173913 119
-0.64100438 0.95548368 3.7279141 136
-0.44675899 0.96498835 3.7262602 138
-0.32097107 0.93520266 3.7134378 132
-0.22073081 0.92713541 3.7211723 150
-0.18370503 0.94146222 3.719733 145
-2.01371 1.0665629 3.7710347 130
-1.6231873 1.0897118 3.7616303 141
-1.4113841 1.0070547 3.7013266 111
-1.3782767 1.0388411 3.7414117 129.5
-1.2268124 1.0754212 3.7104712 112
-1.1459098 1.0444283 3.7190292 112
-1.0771209 1.0416322 3.741842 138
-0.84211218 1.0380938 3.7276683 125
-0.7692591 1.0351398 3.7124844 119
-0.64028633 1.0505096 3.7371683 138
-0.44347709 1.0600965 3.7319357 136
-0.31637853 1.0242645 3.7124014 142
-0.21650526 1.0182664 3.7188299 150
-2.0011086 1.1520649 3.7243204 77
-1.6303661 1.1856411 3.7621849 135
-1.4113175 1.110052 3.7075896 107
-1.3766092 1.161224 3.759562 147
-1.2191246 1.1745452 3.7048807 126
-1.141638 1.1434757 3.7149854 117
-1.0763335 1.1326654 3.7300122 150
-0.83887339 1.135173 3.7290819 130
-0.76628619 1.1291529 3.7165689 116
-0.63841188 1.1445569 3.7334723 133
-0.44047147 1.1542127 3.7295527 136
-0.31821257 1.1363413 3.71608 126.5
-0.21070117 1.1124272 3.7206497 148
-0.17268458 1.1297382 3.7231753 147
-1.6363723 1.2815857 3.7608347 140
-1.4099969 1.2140679 3.7111342 115
-1.3795513 1.2413018 3.7404556 129
-1.2144908 1.2756205 3.7033985 131
-1.0818446 1.2326018 3.7427392 150
-0.83617604 1.232744 3.7289121 128
-0.76047397 1.2222056 3.709836 119
-0.63628799 1.2416064 3.7378342 130
-0.43759012 1.2553074 3.7382276 137
-0.32045329 1.2217344 3.7257931 150
-0.16599283 1.2267734 3.7270479 142
-1.6473815 1.3824636 3.770097 141
-1.4117129 1.3190401 3.7187865 103
-1.3820155 1.3457406 3.7440982 123.5
-1.2153914 1.3826064 3.7159321 110
-1.1304932 1.3406003 3.7036936 121
-1.0863862 1.334552 3.7555549 150
-0.83276224 1.3318262 3.7279305 136
-0.75880843 1.3212044 3.7166486 115
-0.63609844 1.3406259 3.7410254 141
-0.43456626 1.3524266 3.7348533 145
-0.31517401 1.3148551 3.7153919 144
-0.27772495 1.3761195 3.7021735 124
-0.17959192 1.3153355 3.7260587 137.5
-1.6396246 1.467603 3.7277734 93
-1.4035538 1.422156 3.710068 105
-1.3820901 1.4487154 3.7398901 124.5
-1.2095228 1.4857022 3.7117317 115
-1.1325823 1.4475651 3.7154894 117
-1.0902251 1.4365152 3.7604015 146
-0.8284483 1.4309313 3.7222691 131.5
-0.7529676 1.4182539 3.7121577 124
-0.63570648 1.4456472 3.752275 150
-0.43124807 1.4535407 3.7385459 150
-0.31021863 1.4199637 3.7290776 130
-0.27651691 1.4483995 3.7048576 118.5
-0.17262295 1.4155086 3.7314749 133
-1.4025171 1.5554798 3.7410114 128
-1.3710114 1.5355687 3.7217119 105
-1.2036271 1.5907981 3.7097666 117
-1.130489 1.5525856 3.7159839 118
-1.0934627 1.537529 3.7592745 148
-0.84368485 1.538208 3.7519591 150
-0.63099957 1.5327461 3.7176969 150
-0.42861575 1.5616295 3.7482285 150
-0.30428365 1.5260899 3.7428515 150
-0.26660895 1.5425403 3.702435 117.5
-0.16562076 1.5211794 3.7409258 150
-1.4000474 1.6403366 3.7153602 111
-1.3817772 1.6557779 3.7226129 105.5
-1.1624434 1.6777596 3.7107816 118
-1.0971615 1.6424953 3.7621303 143
-0.84593803 1.6471843 3.7572565 140
-0.63041919 1.644769 3.7370055 150
-0.42465651 1.6597911 3.7338963 150
-0.27060282 1.635234 3.7160988 127.66666
-0.1587639 1.6238563 3.7413197 150
-1.3790281 1.75054 3.7132583 114.5
-1.1116738 1.7570655 3.7381096 130.5
-0.84786934 1.7571777 3.7585709 141
-0.76507294 1.729203 3.7059419 123
-0.63051379 1.7587825 3.7522426 150
-0.42083615 1.7709142 3.7406819 150
-0.26175094 1.7366432 3.7167366 123.33334
-0.15113342 1.7310499 3.7432988 144.5
-1.1372724 1.8430616 3.7211025 112.33334
-0.84953922 1.8671843 3.756897 141
-0.62774831 1.8658452 3.7476425 148
-0.4181444 1.8840092 3.7483802 138
-0.26173952 1.8442969 3.7166963 110.5
-0.14383151 1.8399711 3.7451589 137
-1.1518569 1.9504014 3.7059383 15
-1.0988007 1.9425477 3.7112737 93
-0.84849817 1.9712967 3.7373648 149
-0.62705076 1.9798737 3.7539141 150
-0.41404486 1.998147 3.7511852 150
-0.28006455 1.9566207 3.745796 132
-0.13639355 1.9411752 3.7280259 148
-0.6258567 2.0959115 3.75421 140
-0.2742275 2.0717502 3.7475305 133
-0.12696517 2.0623956 3.7407365 146.5
-0.85463983 2.1001456 3.7584708 150
-0.41083717 2.1152682 3.7519159 137
-0.2662394 2.1879187 3.7474482 141
-0.14206538 2.1717455 3.743926 145
-0.094116561 2.1894832 3.742774 137
0.38175243 2.1570146 3.7009125 34
-0.62312341 2.2109747 3.7486162 144
-0.40712166 2.2383955 3.7567296 139
-0.1334469 2.2919748 3.7420442 130
0.39886278 2.2560644 3.7014618 96
-0.621741 2.3320169 3.7459249 130
-0.40255171 2.3585584 3.7525709 126
-0.25965133 2.312062 3.7502692 139
-0.08463528 2.3097048 3.7449067 131
-0.39851725 2.4867036 3.7524114 143
-0.25169721 2.4352312 3.7491927 133
-0.12390181 2.4212139 3.7503095 139
-0.073993988 2.4349525 3.7441413 130
-0.24363744 2.5624032 3.7461252 129
-0.11441433 2.5474632 3.7485211 133
-0.062589414 2.5632141 3.7454576 120
-0.23492202 2.6805911 3.7260323 109
-0.10425543 2.6807261 3.7488213 112
-0.050434075 2.6994915 3.7478631 112
-0.094360702 2.7970133 3.7219403 81
-0.038815729 2.8347614 3.7451994 115
-6.2617059 -11.799498 3.8401644 86
-5.1328683 -11.506303 3.8233302 67
-5.7648706 -11.250385 3.8323915 47
-5.0056152 -11.255569 3.8393993 61
-5.1596017 -10.962614 3.835772 54
-5.0318351 -10.718837 3.8438721 57
-5.1966438 -10.484094 3.8582366 42
-2.4329491 -8.9331465 3.8007169 25
-8.9030619 -8.7425919 3.8005564 46
-8.4720383 -8.2215214 3.8015563 21
-7.7317791 -7.5388317 3.8986266 53
-7.2657609 -7.5578599 3.8655965 53
-7.776619 -7.3581944 3.8266435 8
-7.2395792 -7.2095594 3.8703728 52
-7.5086713 -7.0108137 3.8540654 1
-7.2198973 -6.8773208 3.8759954 62
-7.6422453 -6.7753992 3.8029425 6
-7.1879902 -6.5509605 3.8746097 62
-7.5396876 -6.4416318 3.8999755 57
-7.4217696 -6.4811387 3.8228111 1
-7.1710706 -6.2487502 3.8810399 63
-5.9333253 -6.1972003 3.8625669 53
-5.7720857 -6.1441126 3.8505595 53
-7.1296563 -5.9342942 3.8720982 63
-5.9069691 -5.9006414 3.8558462 52
-5.1674085 -5.9075975 3.8063178 101
-5.7571669 -5.8558755 3.8421197 53
-5.1454158 -5.8636465 3.8186591 63
-7.3936701 -5.7664804 3.8810515 11
-7.1152935 -5.655108 3.8779576 35
-5.881464 -5.6181002 3.8510675 51
-5.2037058 -5.6870966 3.834554 64
-5.1563044 -5.6137328 3.8237915 64
-5.7413125 -5.5766273 3.8331132 53
-7.3333287 -5.4531636 3.8762152 6
-5.2067647 -5.4350743 3.8376722 60
-7.0862832 -5.3747764 3.87514 15
-5.8368225 -5.3232193 3.832052 70
-5.723659 -5.3093596 3.8229792 87
-5.164607 -5.3707843 3.827245 59
-7.0635309 -5.1055069 3.8753939 4
-5.8349795 -5.0791025 3.8412492 74
-5.7471766 -5.0905919 3.8421419 69
-5.8231654 -4.8358102 3.84374 64
-5.7375317 -4.8474221 3.8375783 64
-7.2213087 -4.6356177 3.8880539 48
-5.8152838 -4.6045895 3.8490207 64
-7.1929879 -4.3829532 3.8947141 53
-6.9876013 -4.3452086 3.8666313 52
-7.2061014 -4.2904253 3.8063676 0
-7.112289 -4.1072354 3.8706102 53
-7.7414837 -4.0989423 3.8039427 2
-6.9277425 -4.0845647 3.8430908 73
-6.4782081 -3.9940994 3.8059573 22
-7.0396204 -3.8456802 3.8484793 104
-6.8942051 -3.8481841 3.8338077 116
-7.0166388 -3.6171277 3.855428 108
-6.9087696 -3.6432838 3.8510952 70
-7.0354428 -3.416415 3.8836527 46
-6.9161305 -3.4393127 3.8647361 49
-6.9497819 -3.1686037 3.851738 45
-4.6346626 -1.1999958 3.8028693 54
-4.5940065 -1.0984491 3.8016884 90
-7.6791835 -7.1676621 3.9091237 54
-7.6015797 -6.7889862 3.9014685 55
-7.4892521 -6.1165118 3.904074 59
-9.741231 -5.9247246 3.9263086 49
