# .PCD v0.7 - Point Cloud Data file format
VERSION 0.7
FIELDS x y z intensity
SIZE 4 4 4 4
TYPE F F F F
COUNT 1 1 1 1
WIDTH 6152
HEIGHT 1
VIEWPOINT 0 0 0 1 0 0 0
POINTS 6152
DATA ascii
37.721626 -5.2550755 -14.809634 14
37.77002 -4.5556626 -14.827566 13
37.558239 -6.6447115 -14.702472 16
37.443535 -7.337038 -14.618576 14
36.276901 -5.7310987 -14.214292 15
31.906803 -6.8403177 -12.363522 103
32.239025 -5.0310664 -12.144763 97
32.291096 -4.5000868 -12.194399 43
32.14867 -6.1028957 -12.025551 73
32.207508 -5.5662518 -12.094228 70
32.099388 -6.6375642 -11.951316 83
32.074642 -7.1814699 -11.875314 99
32.053131 -7.7224598 -11.794026 66
32.011009 -8.2659016 -11.697494 62
26.868116 -2.722296 -10.441333 8
15.72219 -4.3140459 -7.685133 4
15.583994 -3.9702694 -7.6586366 12
14.031307 -4.3098412 -7.1035237 3
14.379313 -4.2121348 -6.9475894 4
17.201845 -4.6026754 -6.4030252 64
17.530809 -1.5425824 -6.4860291 52
13.200709 -4.1098771 -6.2986164 2
17.352913 -4.7032042 -6.1401443 10
12.244874 -4.0391922 -5.7665491 56
18.611502 -3.2185159 -5.6451268 11
18.64678 -2.9192796 -5.6729279 10
18.656996 -2.6154726 -5.6849751 8
18.667694 -2.3156102 -5.6933846 14
18.582348 -2.0059524 -5.6642523 12
18.568462 -1.7064649 -5.6532516 16
14.871759 -1.2062374 -5.6185865 20
15.247288 -4.3519959 -5.5967059 12
18.408422 -3.7914226 -5.5329986 12
18.464716 -3.4967239 -5.5773563 13
11.466787 -3.9943666 -5.328433 6
17.975962 -3.9984574 -5.3645558 7
17.946062 -2.8349819 -5.3459902 14
17.983162 -2.5616634 -5.3706322 13
18.001778 -2.2849638 -5.3841343 13
18.014681 -2.0101225 -5.3925452 10
17.932362 -1.7266507 -5.3652053 13
17.780031 -1.4409748 -5.3111339 4
17.885044 -4.2783561 -5.2981129 6
17.742846 -3.3592882 -5.240644 15
17.815153 -3.0926914 -5.2861829 14
17.650869 -4.5176849 -5.1827502 17
14.842787 -4.25001 -5.1590014 56
17.542662 -3.5967441 -5.1508088 14
17.478149 -3.8613231 -5.0983272 10
17.172396 -4.3424077 -4.9248877 19
13.677676 -4.1459932 -4.9422073 9
17.239721 -4.0830259 -4.9881039 12
10.257298 -3.7870462 -4.9749174 12
16.035797 -4.3589783 -4.6388674 10
16.34067 -4.3864341 -4.6274543 12
13.537978 -4.0919027 -4.6313906 9
10.26619 -3.7548907 -4.6832705 21
9.6265707 -0.59980315 -4.6933045 1
9.3975782 -3.6625633 -4.4847436 18
12.856194 -4.0955915 -4.3328609 54
9.5594997 -3.6672621 -4.2885771 21
14.885339 -4.2198291 -4.145843 14
14.504041 -4.1717496 -4.1239042 9
8.6784544 -3.5585036 -4.0705361 21
8.9207411 -3.5817575 -3.9326496 22
8.1207418 -0.3523137 -3.8922794 5
8.9020138 -5.1090274 -3.7870884 70
13.549716 -4.044878 -3.7029159 16
8.0602512 -3.4689105 -3.7113092 24
10.255138 -0.63242596 -3.7599287 26
13.232491 -4.0140796 -3.6926763 13
11.223306 -3.7404637 -3.6979198 1
12.5405 -0.81286281 -3.6532111 44
10.340543 -0.72135466 -3.6854887 9
10.20953 -0.5511443 -3.6309106 40
9.177762 -5.1783586 -3.5758355 24
10.45492 -3.7199204 -3.5799451 19
8.302906 -3.4785864 -3.5881858 24
10.665703 -3.7271783 -3.4518604 15
7.5560708 -3.4051018 -3.4138598 27
7.0901141 -0.16414344 -3.424149 74
12.316559 -3.9315939 -3.3722613 18
12.452575 -3.902787 -3.3351102 12
9.84863 -3.6812403 -3.3097851 71
7.8700767 -3.4383492 -3.3369536 24
9.3136635 -0.40828282 -3.3722582 48
7.1252584 -0.17908214 -3.3596098 83
5.8282514 -3.2929287 -3.273603 1
9.9611292 -3.6366532 -3.1580799 54
7.0819974 -3.3340359 -3.1334124 26
11.217198 -3.7514882 -3.0013514 19
7.4219599 -3.3719003 -3.0811925 26
11.447771 -3.7562237 -2.9991505 15
6.8566046 -3.3738718 -2.9784684 27
6.4327922 -0.047770813 -2.9877279 2
10.084731 -5.3608055 -2.8790734 78
7.0206051 -3.3121984 -2.8497562 40
8.3206549 -0.31382209 -2.8919585 2
10.415557 -3.6441047 -2.7217379 24
10.712256 -3.6759553 -2.7430418 17
6.8385296 -3.3538918 -2.7213156 21
6.4439569 -3.2973182 -2.7323117 20
9.6422634 -0.44223642 -2.7513988 25
10.193146 -5.3398523 -2.660924 77
7.5004888 -0.19377728 -2.6389964 49
10.216764 -3.6614895 -2.5562346 7
9.816226 -3.5882108 -2.5039403 1
6.1332669 -3.262207 -2.5388048 47
6.4972062 -3.2991493 -2.52126 21
4.9245963 -3.0761218 -2.5788262 7
7.5046759 -0.16666599 -2.5698395 82
5.4537039 -0.015293193 -2.5269387 1
7.9643407 -3.3860884 -2.4881084 25
8.2388973 -3.3893361 -2.4304595 23
4.70684 -3.036236 -2.404388 18
6.2373524 -3.2776825 -2.3608174 30
4.354959 -3.0092211 -2.383796 1
8.4937973 -0.28998607 -2.3641644 2
5.2011766 0.051255338 -2.3293862 17
9.1680498 -3.4915011 -2.2735474 9
7.5339766 -3.3313665 -2.2911065 26
7.8560352 -3.3538909 -2.2574105 26
5.7101645 -3.2746439 -2.2497993 8
4.5381894 -3.0211465 -2.2617431 42
4.1538148 -2.9677629 -2.2142234 3
6.6402249 -0.05934703 -2.2860923 2
6.77707 -0.046915364 -2.2808199 2
4.9575777 0.081940949 -2.2487111 16
8.972724 -3.4777052 -2.1223757 1
5.8868508 -3.3083262 -2.1160936 7
7.2854609 -3.3528183 -2.1597295 6
4.3533821 -2.98581 -2.1104279 42
7.7386885 -0.20736723 -2.1542282 24
7.7212896 -0.1513247 -2.1133897 76
7.6778126 -0.093047641 -2.1224196 37
10.45338 -5.4750085 -2.0609167 62
10.48989 -5.3363271 -2.0341382 67
8.6075659 -3.4093411 -2.0723546 17
7.4525056 -3.2951601 -2.0801477 34
3.9462855 -2.9061677 -2.042701 4
4.6785946 0.12477569 -2.0490837 15
7.3065186 -3.3503423 -1.9863559 4
8.1785545 -3.3654127 -1.9090917 22
8.4241304 -3.3875196 -1.9300288 22
5.1752615 -3.0505545 -1.9612197 33
3.828501 -2.9151199 -1.9308839 40
4.1944404 -2.9619002 -1.9766172 46
4.4156475 0.15526332 -1.94604 13
10.051075 -5.4281964 -1.8862633 1
4.9686151 -3.0269892 -1.8246217 41
5.3330173 -3.070281 -1.838387 34
4.046031 -2.9381759 -1.8511149 47
3.6882272 -2.8944244 -1.8039565 49
6.8467956 -0.037041057 -1.8315827 27
5.6214013 0.044964816 -1.8499242 17
4.2504148 0.18178546 -1.8169665 12
7.7567639 -3.3096247 -1.7493366 25
8.0004091 -3.3333061 -1.7733002 25
5.1376371 -3.045773 -1.7140169 36
3.9095042 -2.9186294 -1.7321196 51
4.0002122 0.21250075 -1.7128202 15
6.3873801 -3.3933899 -1.6665114 46
7.5348506 -3.3351867 -1.6441247 61
6.643786 -3.2481754 -1.6874852 16
7.6104021 -3.2816372 -1.6271989 34
4.7563491 -2.9893394 -1.6877334 43
3.5510507 -2.8688614 -1.6812389 52
3.776896 -2.8951821 -1.6190788 42
3.0936911 -1.75705 -1.622987 0
3.1432021 -1.0046102 -1.677778 0
3.0317514 -0.74801904 -1.6313363 0
2.9849484 -0.64531517 -1.6084982 0
2.9770312 -0.58521342 -1.607617 0
2.9614971 -0.018967597 -1.6169401 0
2.9618783 0.064585105 -1.6147156 0.5
2.9811988 0.14783695 -1.6245799 1
5.0419002 0.11654463 -1.6154144 13.5
3.0430624 0.23834898 -1.6631193 3.5
3.9082322 0.22838601 -1.6315604 16
2.9929442 0.31629297 -1.6193228 15
2.4918196 2.3005981 -1.6278099 0
6.4882574 -3.3895593 -1.5412796 22
7.4446964 -3.3254228 -1.5383888 22
4.940537 -3.0122569 -1.5906128 41
4.5701866 -2.9611876 -1.563959 44
3.4248331 -2.8475978 -1.5654069 50
3.654423 -2.8748822 -1.5111717 29
-2.1017547 -2.2804754 -1.5296104 2
3.0031726 -1.6168358 -1.5800117 0
2.9474993 -1.5055982 -1.5596226 0
2.8652289 -1.3815264 -1.5178345 0
2.823961 -1.2875956 -1.5023379 1
2.9497833 -0.52079594 -1.5937842 0
2.943377 -0.43473104 -1.5959039 0
2.9216585 -0.34737742 -1.5842416 0
2.9238706 -0.26442358 -1.5894425 0
2.92505 -0.15442346 -1.5922246 0
2.9306314 -0.072487824 -1.5963749 1
5.8240075 0.017322579 -1.5293835 15
2.7491868 0.14410122 -1.5032841 2
2.7924023 0.20403804 -1.5266774 3
2.8911128 0.27134976 -1.5905168 3
3.6671681 0.25871041 -1.5256979 17
2.8736744 0.32812127 -1.5671635 11
2.5171442 2.267319 -1.552707 3
2.5727613 3.0271311 -1.5376332 6
7.1212072 -3.2838063 -1.4116557 16
4.4063396 -2.9406667 -1.450274 42
4.7597404 -2.9820137 -1.4760661 36
3.3186839 -2.8379288 -1.4641283 39
3.5459952 -2.8608057 -1.4120388 11
2.663363 -2.7402823 -1.4119686 9
2.8455398 -2.7532463 -1.4982058 9
2.9426308 -2.7665558 -1.4510423 37.5
3.0425689 -2.7768841 -1.4039402 70
-0.2085188 -2.4840136 -1.4400666 23
-2.0924823 -2.287477 -1.4635444 38
-3.167769 -2.1690292 -1.4079061 34
-2.9260406 -2.1948419 -1.4005626 26
2.7521996 -1.1478641 -1.4698757 0.5
2.7066252 -1.0278406 -1.4532803 2
2.6832342 -0.95432395 -1.4453764 2
2.653554 -0.8505547 -1.4353625 2
2.6105869 -0.74446458 -1.4138149 2
2.5992482 -0.62528628 -1.414804 2
2.6095121 -0.68552297 -1.4182111 3
2.5874979 -0.50903261 -1.4125853 2
2.6056209 -0.57053596 -1.4233171 2
2.5860126 -0.45301551 -1.4137739 2
2.5910726 -0.37114453 -1.418148 2.5
2.6055183 -0.26401296 -1.4282247 3
2.6290555 -0.15756574 -1.4411922 2
2.6631918 -0.050393015 -1.4602497 2
2.7110879 0.058971647 -1.4850599 2
5.4464855 0.093079671 -1.400134 15
5.7774444 0.048349801 -1.4904637 18
4.5454674 0.17907761 -1.4281757 12
4.6382217 0.16850749 -1.4356996 12
3.6242959 0.26705238 -1.4761125 21
2.7222536 0.36179623 -1.4469582 23
2.8157034 0.34529847 -1.4864619 20
2.3910546 1.0529747 -1.44917 5
2.4752505 1.7594403 -1.4164947 9.5
2.4706244 1.8173923 -1.4516554 4.5
2.5193014 1.8126123 -1.4310848 20
2.5314183 1.9326864 -1.4389436 26
2.4777012 2.08898 -1.4912585 0
2.534857 2.0592353 -1.4413964 21.666666
2.5784035 2.1510868 -1.4162323 42.5
2.5600002 2.2320304 -1.4626396 19.5
2.6229355 2.7784119 -1.4453061 21
2.5977352 2.8150086 -1.4998301 19
2.6438093 3.0256076 -1.4665258 21
1.1251506 -10.6692 -1.363886 1
6.7538662 -3.3030176 -1.3033259 0
5.6466279 -3.0679183 -1.3926105 34
4.243845 -2.9142206 -1.3394313 38
4.5992632 -2.9580731 -1.369542 30
3.2034905 -2.812016 -1.3576176 16
2.7454717 -2.7396779 -1.3558533 42.5
2.8373477 -2.7476778 -1.30476 81.5
3.1488204 -2.7902679 -1.3590287 74
3.2537489 -2.795624 -1.311325 74
-0.2163807 -2.4819376 -1.3640023 25
-0.15933424 -2.4746928 -1.3541708 74
-2.539094 -2.2422094 -1.3432286 16
-2.0718594 -2.2884805 -1.3608468 68
-3.1411369 -2.1711178 -1.3472209 40
-2.9068487 -2.1945345 -1.3355532 35
5.2779942 0.11553538 -1.3276083 15
3.4108765 0.298071 -1.379699 24
2.5751016 0.38831335 -1.3311756 28
2.6687605 0.37079623 -1.3757755 25
3.3977289 0.3007887 -1.3510851 21
2.2419708 1.2249688 -1.3082876 5
2.2731245 1.346042 -1.3217505 5
2.358814 1.4202485 -1.3629 5
2.3410153 1.5373437 -1.3505991 5.5
2.4018629 1.5104574 -1.3740045 5
2.3995364 1.6782404 -1.3718026 6
2.4480495 1.6641941 -1.3700225 15.25
2.5320435 1.7850862 -1.3782228 42
2.5517516 1.8784013 -1.3826807 62
2.5698552 1.9576055 -1.364292 53
2.5828674 2.0335846 -1.352684 34.5
2.5866663 2.1982226 -1.3925055 33
2.6059637 2.1486902 -1.3360816 29
2.6053975 2.2885725 -1.3986034 30
2.6265805 2.3865421 -1.3865347 8
2.6553965 2.7200608 -1.3637576 20.5
2.2648668 2.9668205 -1.3290143 9
2.6754496 2.9632721 -1.3692282 21
2.7009723 2.9293549 -1.3093983 17
6.8199081 -3.2425516 -1.2921693 20
5.4295859 -3.0401025 -1.2808313 23
5.7424383 -3.0580471 -1.2869058 15
4.4440732 -2.9322364 -1.2671975 23
3.4414198 -2.8038297 -1.2361326 65.5
4.0998521 -2.8932009 -1.237432 22
2.8991628 -2.7568583 -1.2699884 77
2.948385 -2.7580135 -1.2514197 73
3.0359025 -2.7637744 -1.2070545 72
3.3248909 -2.7968707 -1.2797915 67
2.188844 -2.6885283 -1.2243986 8
-1.0938182 -2.4052186 -1.2016555 18
-1.9147071 -2.3039451 -1.2242768 54
-2.5185261 -2.2443113 -1.2820977 70
-2.4951017 -2.2424076 -1.2187803 76
-2.0446095 -2.276485 -1.2535543 71
-3.1115692 -2.1702187 -1.2853316 46
-3.0828948 -2.1683311 -1.2245488 54
-2.8730507 -2.1886225 -1.2372208 45.5
2.3633873 -2.097733 -1.2628884 0
2.3085918 -1.9621016 -1.244028 3
2.2489927 -1.8283813 -1.2196634 3
4.923099 0.15233658 -1.2263191 38
4.1661062 0.22680703 -1.2693819 14
4.2825217 0.21427689 -1.2920874 11
2.5398269 0.39299917 -1.2775717 24
3.1923838 0.32936794 -1.2457014 22
2.4365885 0.4326506 -1.2162385 60
2.4472182 0.50475204 -1.2066587 80
2.0871823 1.0529301 -1.2102759 7
2.1657753 1.0725415 -1.281122 5
2.1248438 1.1274736 -1.2310739 7
2.2053885 1.1486884 -1.2967541 5
2.1700218 1.2109022 -1.2583948 6
2.4861243 1.6573092 -1.2675437 21
2.5514402 1.6496264 -1.2285178 30.75
2.5073855 1.7106184 -1.2838694 18
2.6169353 1.9652205 -1.2554154 39
2.6482403 2.0947585 -1.2090654 39
2.6262321 2.1350577 -1.2768159 35.5
2.6906614 2.6656351 -1.2865385 23
2.7094026 2.6240556 -1.2354022 25
2.7272532 2.8952873 -1.2504289 16
2.1219153 -4.1908441 -1.1116855 21
6.6848831 -3.3910508 -1.1591423 2
2.0609558 -3.2658687 -1.1149771 10
5.2276001 -3.012589 -1.1752341 21
5.5663204 -3.0488679 -1.1919119 23
4.318831 -2.9238532 -1.1769968 13
3.5642955 -2.8118348 -1.1932645 63
3.6572001 -2.8232677 -1.1683373 59
3.7389627 -2.8205893 -1.1376907 54
3.8361218 -2.8300505 -1.1128377 44
3.9699464 -2.8775012 -1.1419324 12
3.0963261 -2.7675173 -1.1715672 76
3.1554482 -2.7696514 -1.1540989 75.333336
3.2538581 -2.778028 -1.1128091 74.5
2.2395031 -2.6714203 -1.164156 18.666666
2.3308001 -2.6953745 -1.1203352 76
-0.41842222 -2.4593925 -1.1026517 14
-0.33928984 -2.4643068 -1.1250951 96.5
-0.27589235 -2.4744458 -1.1873994 24
-1.8964256 -2.3000894 -1.1594422 78
-1.5108056 -2.3365989 -1.1295868 47
-1.3904322 -2.3396924 -1.1196109 4
-1.221952 -2.383538 -1.1148767 82
-1.1552722 -2.3883412 -1.1552885 85
-1.0431225 -2.3959301 -1.1038113 17
-2.469738 -2.2375069 -1.1543431 71
-2.0312867 -2.2799344 -1.1600442 75
-3.0465844 -2.1690006 -1.1374179 62
-2.8535912 -2.1917355 -1.1479965 48
2.1329756 -2.0965161 -1.107818 0
2.2591197 -2.0891836 -1.1648204 0
2.1928873 -1.7036942 -1.1957461 3
2.144927 -1.5922223 -1.1754305 4
2.0715544 -1.4053404 -1.1472054 4
2.1084344 -1.4977976 -1.1628981 4
2.0346341 -1.3178835 -1.1314641 3
1.9990743 -1.233421 -1.113938 3
1.9730483 -1.1611165 -1.1050299 4
4.8943257 0.17086791 -1.1996125 50
3.8756914 0.26773876 -1.1471028 19
3.9838841 0.25112402 -1.1712196 17
3.0157356 0.35605684 -1.145839 21
2.4401913 0.43676299 -1.1968601 71
1.8865337 0.561948 -1.1052321 8
2.4589951 0.55095726 -1.1948392 72.5
1.8834177 0.68530953 -1.1009097 6
1.9102849 0.63100946 -1.1168702 7
2.4814193 0.6491158 -1.1924968 80.5
1.9392405 0.75038087 -1.1314278 7.25
2.4961407 0.70761847 -1.1872122 85
2.5065253 0.7615208 -1.181933 81.333336
1.9796611 0.83559144 -1.1510146 6
2.0030928 0.86491513 -1.1667877 7
2.5215621 0.84765655 -1.1677418 74.75
2.0351973 0.94759226 -1.1811786 6.3333335
2.5464678 0.95191181 -1.1541548 73
2.5674925 1.0565656 -1.1346575 76.25
2.5864522 1.157436 -1.1209552 75.333336
2.5989337 1.2505112 -1.1165646 72
2.6094842 1.3064092 -1.1059222 72
2.6330481 1.5832683 -1.1229068 55
2.5606809 1.6520629 -1.1686103 27.5
2.6257298 1.633451 -1.1500031 50.25
2.6567822 1.8835123 -1.1434247 50.5
2.6396995 1.9265903 -1.1998355 48
2.6765678 2.06041 -1.1463814 40.5
2.7293336 2.5532815 -1.1567174 27.5
2.7637095 2.8409109 -1.1638291 15
2.8090258 2.909178 -1.1244773 30
2.3882556 3.1927133 -1.1083033 0
1.6304979 -8.1774015 -1.057156 1
1.882717 -7.195776 -1.0101177 4
2.1254268 -4.8144135 -1.0887387 17
2.1553965 -4.7023301 -1.0418518 14
2.135082 -4.5781393 -1.0060488 49
2.1336434 -4.3945785 -1.0651776 37
2.0296814 -3.786974 -1.0866654 3
2.1045408 -3.236537 -1.0537205 28
2.0790927 -3.1852276 -1.0635282 9
2.1350272 -3.1782835 -1.0120347 57
5.3712268 -3.0224416 -1.0940058 20
4.1953936 -2.9105036 -1.0882448 3
4.4398227 -2.9129467 -1.0065064 3
5.0411134 -2.9883578 -1.0744312 18
3.9326365 -2.8344929 -1.0858891 37
4.0319653 -2.8379643 -1.060402 25
4.1498442 -2.8532939 -1.0381466 15
4.2597561 -2.8588357 -1.0135045 13
2.1664221 -2.7712729 -1.0372376 17
2.3866262 -2.7036762 -1.0735601 78
2.4107304 -2.7094543 -1.0744365 4
3.3323779 -2.7843227 -1.0824097 74
3.4363203 -2.7908077 -1.0417919 66.666664
3.5065777 -2.7897344 -1.0243047 67
2.4388866 -2.6972034 -1.0440849 81
-0.50896937 -2.4394319 -1.0302525 90
-0.43679008 -2.453881 -1.0539585 67.333336
-1.5016693 -2.3275721 -1.0625246 87
-1.3588892 -2.3599758 -1.0408324 84.75
-1.2642087 -2.3753357 -1.0866663 86
-1.1447337 -2.3870239 -1.0231123 90.5
-1.0851934 -2.396174 -1.0732026 93
-2.4439983 -2.2401857 -1.0671344 68.5
-2.014976 -2.2763832 -1.0662725 68
-1.8722703 -2.2948153 -1.0649869 81
-3.0140004 -2.1706932 -1.0536138 73
-2.8320246 -2.1898875 -1.0592097 56.5
2.1230669 -2.0753393 -1.099735 0
-3.745785 -1.9594686 -1.0601526 7
1.9572889 -1.905519 -1.0348384 0
2.0809791 -1.9115357 -1.0920687 0
-3.7337468 -1.8839713 -1.0157611 7
1.953022 -1.8792015 -1.0516167 1
1.9155948 -1.7440749 -1.0405018 1.5
1.8796476 -1.6352572 -1.0479558 4
1.8486439 -1.5345764 -1.0378069 3
1.8120296 -1.4316568 -1.020411 4
1.7796972 -1.3388458 -1.0051316 5
1.9310035 -1.0560766 -1.0852983 4
1.8760518 -0.90188235 -1.0612323 5
1.9007195 -0.96421283 -1.0742291 4
1.8653349 -0.85176605 -1.0591981 5
1.8372518 -0.77090013 -1.0458404 5
1.7986338 -0.61093313 -1.0329517 6
1.8149369 -0.67763376 -1.0387748 5.5
1.78738 -0.54829645 -1.0296731 6
1.7705113 -0.44958565 -1.0243491 5.3333335
1.7545649 -0.33771333 -1.0193129 6.6666665
1.7475017 -0.24941197 -1.0180489 6
1.7452869 -0.16404195 -1.0189228 6.3333335
1.7508898 -0.063779898 -1.0253382 6.3333335
1.7597545 0.036450636 -1.0324254 6.6666665
1.7796332 0.13919002 -1.0472556 7.3333335
1.6961775 0.27984005 -1.0036848 7
1.7918141 0.20904902 -1.054592 7
1.8037181 0.26340565 -1.0618558 7.5
3.735285 0.28416929 -1.0698621 22
1.7261435 0.35845628 -1.0191351 6.3333335
1.824802 0.35666981 -1.0726722 8
2.8562675 0.37741548 -1.0543592 23.5
3.6135352 0.30011082 -1.0356506 21
1.7771403 0.46533808 -1.0478054 6
1.8562692 0.45678419 -1.091033 8.5
1.8349792 0.5436511 -1.0768881 7.3333335
1.8521763 0.63008243 -1.0841588 6
1.6714728 1.1341877 -1.0167177 2
1.716199 1.1570072 -1.0345122 2
2.6023238 1.1866522 -1.0856644 69
1.7707614 1.2240241 -1.0667988 2
1.8002044 1.2241037 -1.0779535 0
2.6182206 1.2447646 -1.0721 76
1.6450341 1.3209703 -1.0099736 0.5
2.637769 1.3447657 -1.0655833 73.333336
2.663379 1.462507 -1.0384625 63.200001
2.663146 1.548928 -1.0529703 53.200001
2.6692433 1.6211874 -1.0496007 52
2.664479 1.7563226 -1.0040126 128
2.6828218 1.8290062 -1.0725297 58
2.7292192 1.809604 -1.0039937 46
2.7229004 1.9787526 -1.0218753 50.5
2.7013328 2.022074 -1.0843378 44
2.7663713 2.4729657 -1.0627162 35.5
2.7937858 2.7775559 -1.0764062 19
2.8199215 2.7436206 -1.0229502 24
2.550189 2.9158995 -1.0722363 6
2.8180289 2.9961004 -1.0796312 38
2.9114487 3.2772129 -1.0207577 18
1.6063882 -8.771615 -0.94605458 1
1.9931159 -6.1352506 -0.90698367 26
2.1577036 -4.7476397 -0.96600044 44
2.2114027 -4.6253319 -0.95015311 57
1.8737994 -3.2461355 -0.99584723 2
2.1617043 -3.1559734 -0.95484251 81
2.167346 -3.0756218 -0.91411924 70
5.7331753 -3.0442941 -0.92779082 17
5.9468403 -3.075464 -0.95658267 8
1.8207985 -2.9936767 -0.98714423 5
2.1655746 -2.9695201 -0.9567188 64
4.8612723 -2.9602959 -0.97833896 13
5.0214052 -2.9721954 -0.91122174 10
5.1863708 -2.9941635 -0.99905872 16
2.1651337 -2.8673952 -0.99747169 35
3.6534054 -2.8009593 -0.95997751 53
3.7453034 -2.8096077 -0.94798762 47.333332
3.8708029 -2.8178587 -0.90971017 33.5
1.7523484 -2.7209427 -0.95719492 6
2.3491194 -2.7012482 -0.99739885 31
2.4927061 -2.7006102 -0.99608421 79
2.5688524 -2.7039967 -0.95896888 87.5
2.6277201 -2.7036042 -0.92198527 84.5
3.5688405 -2.7995758 -0.99060762 61
3.6006923 -2.799675 -0.99770772 63
2.2901614 -2.6940706 -0.92131084 58
2.5252497 -2.6981184 -0.99376118 88
1.729178 -2.5472479 -0.92252612 2.5
-0.66388834 -2.4272146 -0.92064154 72.5
-0.54927474 -2.4405205 -0.95703608 89
-0.48478693 -2.445775 -0.98975062 105
-1.5534368 -2.3392911 -0.92340052 81
-1.4741244 -2.3425729 -0.98094827 87.666664
-1.3682332 -2.3371682 -0.96502519 103
-1.246289 -2.3721228 -0.9424842 88.666664
-1.0632954 -2.3694589 -0.95262778 104
-0.96460754 -2.3883884 -0.91073388 20
1.6542268 -2.3079281 -0.91956848 5
-1.8508447 -2.2905643 -0.97377288 82
-3.8285174 -2.1249387 -0.92709196 26
-3.7358201 -2.1393557 -0.93729168 28
-3.6397526 -2.1507878 -0.94617665 1
1.6224105 -2.1546321 -0.91194159 4
-3.9055147 -2.0986154 -0.91191697 17
1.5944532 -2.0203738 -0.90560126 3
1.6867862 -1.915657 -0.90423644 1
1.7322202 -1.9618301 -0.92167389 4
-3.7817426 -1.8410858 -0.98990119 10
-3.8624978 -1.7782075 -0.9542588 11
1.800256 -1.7279426 -0.96461397 2
-3.9050088 -1.6946322 -0.9106797 14
1.7800723 -1.6016936 -0.96047795 2
1.6776485 -1.5928819 -0.91244137 2.5
1.663489 -1.4805924 -0.9094314 3
1.7568052 -1.2603557 -0.9982655 5
1.7200164 -1.1454772 -0.9817608 5.5
1.69057 -1.0427885 -0.9691968 8
1.665485 -0.95168185 -0.95876044 7
1.6416881 -0.8441453 -0.95095879 8
1.62222 -0.74519324 -0.94418871 7.5
1.5970724 -0.62954271 -0.93228143 7
1.606637 -0.67378211 -0.93645096 7
1.589273 -0.54939193 -0.93163896 7
1.577556 -0.45209765 -0.92725426 3.5
1.5748286 -0.36305842 -0.92872047 3
1.5755993 -0.26076913 -0.93205613 5.3333335
1.5835656 -0.16163988 -0.93817967 3.3333333
1.5929729 -0.080578677 -0.94394076 4
1.6013547 -0.031801023 -0.94970489 7
1.6190122 0.033734839 -0.9609893 2.6666667
1.6473433 0.13535793 -0.97751075 4.3333335
1.6750932 0.22436076 -0.99209553 6
4.1103878 0.29243422 -0.93776965 72.5
2.7538395 0.39546055 -0.99110675 26
3.3664222 0.33214247 -0.923684 22.5
3.5265412 0.31159237 -0.98282135 23
4.1253519 0.3464402 -0.93022561 0.5
2.5938363 0.42361915 -0.90267056 48
2.6553738 0.40437418 -0.93933189 25.5
1.4688189 0.96353555 -0.91020501 7.5
1.4935524 1.0417533 -0.92436504 8
1.5555311 1.0394018 -0.96018344 2
1.4848554 1.1848663 -0.92921472 2
1.5216978 1.1462929 -0.9422847 6.5999999
1.6190732 1.1003362 -0.99105072 2
1.5613401 1.2559756 -0.96342409 5.5999999
1.5912963 1.355968 -0.97524315 6
1.3974475 1.4045372 -0.9000842 2
1.5973816 1.4509958 -0.97604334 4
1.6285682 1.4151709 -0.99049175 2
2.6881411 1.4729469 -0.97443867 31
2.705837 1.440166 -0.93304968 21.5
1.4757323 1.5276966 -0.93745852 1
1.6257775 1.545697 -0.99350142 2
2.6953688 1.5501049 -0.98528349 54.5
2.7108979 1.5230639 -0.93693459 28
2.6497734 1.6750025 -0.93738997 41.75
2.7182593 1.6347671 -0.95099783 51
2.748147 1.8796372 -0.98728287 32
2.7592974 1.9338626 -0.95230895 43.333332
2.780751 2.0217931 -0.94972634 4
2.8109975 2.3450661 -0.92689478 50.5
2.7901213 2.4099817 -0.99383163 42
2.8446221 2.6747713 -0.93932605 36
2.4519584 2.9299781 -0.9477005 17
2.695086 2.9032547 -0.9667263 7
2.9360621 3.3929353 -0.97604096 50
2.9295805 3.4546988 -0.92845613 13
2.6749804 3.6382403 -0.94587123 0
1.5732622 -9.3886461 -0.81356514 1
1.9702595 -7.0156317 -0.8668645 6
1.9914049 -6.4630718 -0.81352192 4
2.1491921 -5.2286687 -0.80081737 41
2.1407244 -4.9841599 -0.87278503 45
2.229022 -4.6360774 -0.89624816 56
2.270932 -4.539835 -0.83270001 56.5
1.7114006 -3.5503809 -0.84298819 0
2.1764359 -3.3148074 -0.8244254 66
2.1724949 -3.1957786 -0.87173599 62
2.2137854 -3.1093049 -0.8679961 75
1.5137402 -3.0314367 -0.83236766 1
2.2332306 -3.0667667 -0.84334493 77
5.5294547 -3.0172985 -0.83732939 13
5.7240238 -3.0404954 -0.86307663 15
4.7110128 -2.9457736 -0.89122206 8
4.8686805 -2.9548676 -0.82693571 2
3.9684358 -2.8192735 -0.88033038 21.5
4.097662 -2.863528 -0.86181396 1
4.1846113 -2.8919561 -0.87690449 14
1.4755347 -2.7806172 -0.8249948 4
2.249197 -2.7529652 -0.83698678 67.5
2.6681511 -2.7059875 -0.88679761 78
2.7553995 -2.7110622 -0.851457 81.5
2.8687329 -2.7232232 -0.81016076 43
1.434744 -2.535573 -0.80981159 4
-0.81672019 -2.4040911 -0.81378758 95
-0.75211096 -2.4180822 -0.86047488 90
-0.67055488 -2.4261789 -0.82922858 58.5
-0.12424171 -2.4687777 -0.80859041 90
-0.064382724 -2.4805362 -0.85856581 42
-1.7426289 -2.3176911 -0.83119822 41.5
-1.6445291 -2.3260021 -0.87576902 84
-1.4160385 -2.3520896 -0.81918496 80
-1.3521034 -2.3461554 -0.85502088 47.5
-0.96008617 -2.3836038 -0.84914505 20
1.4041717 -2.3438866 -0.80253208 4
1.6248672 -2.3933842 -0.85616618 0
-2.3703432 -2.2307625 -0.83629537 46
-1.9843081 -2.2693925 -0.8316887 17
-1.8190629 -2.2911291 -0.80233413 23
1.5821676 -2.2914097 -0.83649963 2
-2.9332283 -2.1672444 -0.83554828 65
-2.7840447 -2.1826375 -0.83508897 38.5
-3.9506049 -2.0515444 -0.88950211 12
-3.9423161 -1.9758993 -0.85507733 11
-3.9024553 -1.8835489 -0.81554401 11
1.5760119 -1.76103 -0.85670805 3
-3.9027557 -1.6241587 -0.87534422 11
1.4710759 -1.6220769 -0.81477177 3
-3.8616152 -1.5378765 -0.8325491 10
-3.8616209 -1.4704244 -0.80049545 8
1.5715427 -1.475912 -0.86785722 2.5
1.4773401 -1.3690581 -0.82618463 3
1.5705774 -1.3857417 -0.87268716 3
1.4364833 -1.2587553 -0.82808548 4.5
1.3983151 -1.1041603 -0.82929456 8
1.410275 -1.1672876 -0.83402616 8
1.3846463 -1.041994 -0.82093483 8
1.3740251 -0.96640235 -0.82013142 9
1.3560377 -0.84839314 -0.81588936 4.6666665
1.3381513 -0.73902416 -0.80800295 7
1.326604 -0.64407051 -0.80507964 2.6666667
1.3169438 -0.5722878 -0.80046082 2
1.3078814 -0.44576579 -0.80163777 2.5
1.3030972 -0.33955121 -0.80320686 2
1.2994391 -0.24716952 -0.80335444 2
1.3008991 -0.22119409 -0.80626523 2
1.2973363 -0.15487164 -0.80230397 2.5
1.3026129 -0.052927118 -0.8091644 3.25
1.3082598 0.048281837 -0.81393331 2.75
1.3164157 0.15200762 -0.81865996 3
1.3288574 0.24699938 -0.82826543 3
1.2730935 0.35646179 -0.80609989 2
1.343223 0.34678972 -0.83655107 2.75
3.1736069 0.35637766 -0.83567798 23
3.227783 0.35508794 -0.86787659 23
3.7097127 0.35121688 -0.80072504 6
1.2919176 0.43369445 -0.81473041 2
1.3494213 0.46256393 -0.84328282 2.25
2.5945666 0.46177793 -0.89168286 68.333336
1.3532215 0.55503339 -0.84552145 2
2.613775 0.55479163 -0.87671155 69.166664
1.3688879 0.64375073 -0.85418659 4.6666665
1.406233 0.66792619 -0.87544775 15
2.6348572 0.65924335 -0.85623127 68.25
1.3853618 0.74032909 -0.86476272 5.5
1.4277996 0.75303632 -0.88938862 5.6666665
2.6680236 0.74903059 -0.84458828 77.25
1.4338051 0.84897006 -0.8906433 6.75
2.6843975 0.82674891 -0.83106828 77
2.7036843 0.88164818 -0.81544822 68.5
1.2987539 0.98911309 -0.82532579 2
1.3974671 0.91720396 -0.882173 2
1.4464253 0.91577637 -0.89724451 8
2.7088368 0.93803847 -0.81589293 67
1.3337957 1.0132161 -0.85761702 3
1.2078613 1.1733294 -0.80351031 4
1.2601548 1.2679783 -0.82727599 3
1.3267944 1.3385983 -0.86367095 2
2.7472885 1.3609766 -0.84046674 4
1.3912871 1.4444063 -0.89328796 2
2.7472794 1.4474127 -0.85727865 11.2
2.7855284 1.5922226 -0.80411935 20
2.6680264 1.6704398 -0.8816995 38
2.7570684 1.6442127 -0.86151642 32.666668
2.7786467 1.8437227 -0.87564975 38.333332
2.8055182 1.8208174 -0.8098799 38
2.839735 2.2622766 -0.84288955 49
2.8819931 2.6208632 -0.86299884 38
2.4464517 3.0063066 -0.8955217 14
2.8354857 3.3642418 -0.84451318 43
2.7225697 3.6102383 -0.88292271 1
2.0507526 -6.8264885 -0.72930002 5
2.1542404 -5.4750943 -0.72159111 4
2.3204808 -4.4544983 -0.74528211 58.5
2.3439608 -4.0593257 -0.7362721 55
2.3340044 -3.9004929 -0.79640794 61
2.1855242 -3.4508946 -0.77641213 59
8.5772839 -3.2067592 -0.72128183 44
7.4031215 -3.1042743 -0.73843133 27
7.7699986 -3.1406002 -0.73140532 26
8.1425943 -3.1669664 -0.72453094 29
2.2800317 -3.014487 -0.74986553 79
5.5206909 -3.0098438 -0.77579808 8
6.2913051 -3.02442 -0.78815478 4
7.0736747 -3.0731986 -0.74666488 14
1.4810718 -2.9809055 -0.75579667 0
2.2696617 -2.9961636 -0.75303274 75.5
2.3126214 -2.9531705 -0.71670628 90
5.3386106 -2.9905226 -0.75075984 5
2.2596891 -2.899514 -0.77814865 64
1.3800054 -2.7843919 -0.72317082 1
2.6029937 -2.7085524 -0.75643921 15
2.8477025 -2.7251463 -0.75944287 53.5
2.9423723 -2.7129805 -0.75684744 92.666664
3.0336189 -2.7199574 -0.71130598 86
1.3310821 -2.6256061 -0.70854485 0
-0.81147903 -2.4033606 -0.7096076 93
-0.75196636 -2.416852 -0.76146907 92.5
-0.63919604 -2.414145 -0.73553163 26
-0.46333337 -2.4277587 -0.71977472 75
-0.23622219 -2.4547861 -0.72857863 85.666664
-0.17016239 -2.4652019 -0.77305651 91
-1.5252156 -2.3351889 -0.74369222 83
-1.4760867 -2.3270557 -0.75454307 70
-1.3391654 -2.3315532 -0.73054802 103.5
-1.0666093 -2.3676994 -0.74662066 62
-0.94948471 -2.3890319 -0.73133945 83.75
-0.86042351 -2.3998306 -0.7857784 97
-0.72627395 -2.399555 -0.70552868 27
-2.3463829 -2.2320552 -0.72919846 76.5
-1.9755149 -2.2653966 -0.74860048 74.5
-1.8062057 -2.2863255 -0.74403101 97
-2.9100966 -2.1679535 -0.75814205 69.5
-2.7670283 -2.1793165 -0.72917908 62.5
1.374882 -2.1631191 -0.79099095 4
1.4694041 -2.1160583 -0.79151106 2
1.3513048 -2.0115714 -0.784697 5
1.4415706 -2.0459087 -0.77901143 3
1.3518353 -1.9113547 -0.74703169 3
1.332369 -1.86728 -0.75783062 3
-3.8698916 -1.7971798 -0.77946961 7
1.249613 -1.723592 -0.70702529 3
1.3132825 -1.7556447 -0.77297604 0
1.3978869 -1.5211172 -0.78525746 3
-3.8897767 -1.4137731 -0.77598685 10
1.3409314 -1.4475646 -0.76117504 3
-3.956676 -1.3381264 -0.74610448 10
1.2660522 -1.3448403 -0.72936165 4.5
-4.0227017 -1.258498 -0.71683443 11
1.2349797 -1.2694637 -0.73855621 3.6666667
1.3335581 -1.2062532 -0.76651108 4
1.4029639 -1.2868922 -0.79773927 3
1.2548975 -1.1389183 -0.73958129 6.3333335
1.3449366 -1.1467068 -0.77556914 5
1.2334095 -1.0675043 -0.73527455 3.3333333
1.1865048 -0.97421432 -0.70872861 1
1.2074416 -0.96310353 -0.742342 6
1.194997 -0.86271244 -0.73530328 8
1.1852072 -0.75614929 -0.7334742 3
1.1807839 -0.64678431 -0.73676306 3
1.1771516 -0.5467332 -0.73865062 3
1.3111026 -0.52121997 -0.79823899 2.5
1.1759014 -0.44142249 -0.74224758 3
1.3052917 -0.44322389 -0.79846275 2
1.17813 -0.34422088 -0.74819136 3
1.3018557 -0.35718933 -0.79991472 3
1.1785988 -0.25099868 -0.74747109 2.25
1.2975534 -0.27313519 -0.79953837 2
1.1854203 -0.15069865 -0.75374639 2.25
1.0827246 -0.017701812 -0.70259547 6
1.1956755 -0.064666048 -0.76192021 3
1.2021126 -0.015181646 -0.76669669 3
1.0850379 0.052973002 -0.70236474 6
1.2096434 0.045411967 -0.77001309 3
1.090652 0.14378817 -0.70550501 6
1.2260783 0.1472683 -0.7795701 3
1.095834 0.21126413 -0.70905238 6
1.1026859 0.27121529 -0.71581203 6.3333335
1.2478944 0.25453356 -0.79150516 3
1.1098342 0.35718146 -0.72030115 6.25
2.917572 0.39451545 -0.72871113 23.5
3.0517492 0.37654215 -0.78738165 21
3.4307272 0.36314198 -0.70772636 20
1.1240215 0.45506981 -0.73500013 4
1.0860269 0.54850888 -0.71447563 3
1.128973 0.53897887 -0.73510647 3
1.0966376 0.64150846 -0.71589375 2
1.1301306 0.64916319 -0.73612702 2.75
1.1360947 0.74469006 -0.73938882 2.2
1.1432942 0.83488572 -0.74279225 2
1.0440379 0.96579188 -0.71602958 1
1.1615591 0.94079638 -0.75525814 3.8
2.7259824 0.93806863 -0.78205425 70
1.0726455 1.0088074 -0.72911477 1
1.1464587 1.0465965 -0.75744474 1.6
2.7433531 1.0400639 -0.76935327 68
1.1675279 1.1082685 -0.76810062 3
1.2051805 1.1922225 -0.79799265 0
2.7710021 1.1347924 -0.74048865 62.75
1.1993086 1.2045411 -0.77204585 1
2.7819734 1.234906 -0.73621154 59
2.8044868 1.3104684 -0.71529078 61
2.7941773 1.5614358 -0.77564877 14
2.81919 1.5241232 -0.73673785 3.5
2.7378213 1.6845526 -0.70580292 13
2.7466145 1.7313343 -0.74784732 14
2.5290985 2.7844238 -0.71248049 8
3.078469 3.8557267 -0.76428658 15
1.5381404 -10.11256 -0.66337997 23
2.3723497 -4.3797245 -0.66311002 64.5
2.3534794 -4.2270293 -0.6705575 57
2.4117873 -4.2823224 -0.60636204 72
2.2756708 -3.2063808 -0.64052993 62
2.2673936 -3.0957494 -0.68790138 71
8.5689135 -3.0624301 -0.67831534 47
2.3275042 -2.9444211 -0.66688186 82
5.3563514 -2.9947612 -0.69639683 3
5.4732304 -2.9411445 -0.64187771 1
5.5236378 -2.9489999 -0.60585088 1
5.6658692 -2.9499681 -0.61771619 5
2.3547397 -2.8711267 -0.63297015 85.5
8.4498644 -2.8783453 -0.62909096 45
2.7550056 -2.7121997 -0.66342783 47
3.0761318 -2.7223437 -0.67818654 84
3.1477842 -2.724865 -0.66091645 84.5
3.2309728 -2.7296538 -0.62671864 81
3.3174543 -2.7385647 -0.61109471 81
2.4663646 -2.6814961 -0.61138648 59
2.5333488 -2.6949961 -0.68343353 35
-0.85296994 -2.4007177 -0.67820221 107
-0.73037982 -2.4004116 -0.64867383 114
-0.63777101 -2.408546 -0.6451149 72
-0.42834559 -2.4319954 -0.65107965 84
-0.34085926 -2.4415772 -0.65021205 87
-0.26280364 -2.4470499 -0.64899457 80
-0.17636311 -2.4499917 -0.6486389 20
1.2408057 -2.4412253 -0.67411387 3
-1.6391213 -2.3192675 -0.66983992 3
-1.5929531 -2.3260431 -0.69954407 75
-1.4835316 -2.31738 -0.6543352 99
-1.3326231 -2.3334122 -0.64759547 104
-1.1230834 -2.3653758 -0.62236792 93
-1.0642071 -2.3718994 -0.64875513 106.75
-0.94472146 -2.3827219 -0.63355345 111.66666
-0.89471048 -2.3950596 -0.64543909 100
-2.3255982 -2.2287862 -0.64757603 73
-1.9693102 -2.2644022 -0.64164597 74
-1.7925441 -2.2836366 -0.66152453 92
1.1607368 -2.2531252 -0.66417682 3.5
-3.1944478 -2.181766 -0.63547593 5
-2.8811796 -2.1672235 -0.65564603 68
-2.7538531 -2.1754656 -0.62655646 62
1.1251115 -2.1433651 -0.62903374 3
1.1080787 -2.0554931 -0.645455 4
1.0407434 -1.9350839 -0.60159802 3
1.1079974 -1.9318126 -0.67157406 5
1.1033047 -1.8147832 -0.6726107 6
1.0985371 -1.7107533 -0.67356712 8
1.0942141 -1.6127179 -0.67315537 8
1.092837 -1.529724 -0.6767512 8
1.168658 -1.5783265 -0.67401379 3.5
1.0933859 -1.4436914 -0.66015208 6
1.1036844 -1.4707266 -0.65048027 4
0.93297881 -1.3289329 -0.60354477 11
1.0571537 -1.3590168 -0.6419031 5.3333335
0.97419262 -1.2637984 -0.60583711 0.66666669
1.0758195 -1.2825325 -0.66484141 1
1.1832724 -1.2270054 -0.69325352 5
0.93619287 -1.1939348 -0.60322291 4
1.1330708 -1.1621226 -0.67482728 2.3333333
-3.9787765 -1.0418206 -0.63456589 13
1.0553452 -1.038501 -0.64703619 2.5999999
1.167165 -1.0122278 -0.69504869 6
-3.9406872 -0.96482319 -0.6052323 13
0.97064298 -0.93443465 -0.61209863 1.6666666
1.0645075 -0.94126594 -0.6613034 1.2
1.1334697 -0.95490903 -0.6851539 1
0.96819723 -0.84045982 -0.62260222 2
1.0506688 -0.85283905 -0.65781158 1.875
1.1069303 -0.88547826 -0.67708713 1
0.94637638 -0.74660492 -0.61782366 2.4166667
1.0546999 -0.7672925 -0.67107522 2.75
0.94400603 -0.64922202 -0.6229642 4.5
1.072749 -0.64985001 -0.69070148 3
0.94177109 -0.5419572 -0.62355298 6
1.0688677 -0.53655952 -0.68457502 3.3333333
0.95179439 -0.4466036 -0.62907124 6
1.0717026 -0.44333261 -0.69080621 3.75
0.96124947 -0.347323 -0.63454801 5.2222223
1.0727518 -0.34207323 -0.6924032 5.25
0.89695632 -0.24454525 -0.60509366 5
0.96334338 -0.25148809 -0.63702595 4.1111112
1.0738721 -0.24756511 -0.69419074 6
0.94002372 -0.15657334 -0.62549263 4.3571429
1.0554972 -0.14053838 -0.68603003 5.4285712
0.93896657 -0.048811734 -0.6291998 5
1.0342361 -0.055584669 -0.67515993 5.375
0.94420534 0.053749528 -0.63463521 5
1.0346739 0.04411339 -0.6743595 5.2857141
0.95308048 0.15609662 -0.63936359 5
1.0285439 0.15241519 -0.67364132 5.1999998
0.95850301 0.24713731 -0.6406759 5.25
1.0405135 0.25276256 -0.68116212 6
-3.2416875 0.39319706 -0.60200828 32
0.96396351 0.34505466 -0.64308989 5.6999998
1.0528053 0.3480143 -0.68770939 6
3.1990473 0.37298933 -0.62564945 20
3.2014384 0.37419176 -0.63114333 22
-3.2251959 0.44916683 -0.60573238 24.5
0.97209716 0.45433342 -0.6499002 6
1.0660992 0.44001225 -0.69624877 3.3333333
2.7427022 0.44447023 -0.64289016 50.857143
-3.2278438 0.55879831 -0.61544001 20.5
-3.1700203 0.5525918 -0.60559398 17.333334
0.85763443 0.53252435 -0.61678016 4
0.96681136 0.55278522 -0.65182209 4.75
2.7404201 0.53780228 -0.61083996 67
-3.2059608 0.62753814 -0.62029266 15
-3.141161 0.66184556 -0.61474031 14
0.83034849 0.66899246 -0.60394925 2
0.98349613 0.63966632 -0.667588 3
1.0021791 0.66244262 -0.67780119 4
-2.9167433 0.79230809 -0.60284126 14
0.86597586 0.72417033 -0.6258871 1.6
0.94879597 0.76698226 -0.658813 1.6666666
1.0036217 0.74778825 -0.67888212 2.6666667
-2.8655939 0.8227067 -0.60133481 13
0.97200745 0.85456997 -0.67111874 1.2857143
1.0061811 0.85612631 -0.67826515 2
0.99909854 0.9292503 -0.68591297 0.5
1.007129 0.9257766 -0.68758178 1
2.8162334 1.2486477 -0.66680568 58.333332
2.8431833 1.368945 -0.64187068 47.333332
2.8378434 1.4356968 -0.67352498 45
2.8742146 1.5457954 -0.63948214 26.5
2.7770422 1.6744965 -0.68015623 5
2.8695307 1.6545486 -0.63602966 4.5
2.5485487 1.8750159 -0.656394 32
2.6438985 1.870162 -0.61313832 27.5
2.4783816 2.0797029 -0.63787425 17
2.5124578 2.1407211 -0.61997682 3
2.803334 2.2428892 -0.60879534 0
2.5462048 2.7268982 -0.66247028 8
2.7399611 2.8682613 -0.64125383 10
2.9421175 2.8226881 -0.65900737 12
3.1179073 3.6928592 -0.61688232 39
3.095032 3.7678025 -0.68805164 30
2.1288669 -6.6504316 -0.59929228 5
2.3758729 -4.5947185 -0.52198619 57
2.3629181 -4.4062238 -0.59675533 59
2.4255087 -4.3024879 -0.55700296 68
2.4598083 -4.2033248 -0.52797747 71
0.84197211 -3.8838634 -0.51224983 0
2.4530861 -3.8798048 -0.5293439 55
2.2915177 -3.4365337 -0.53494602 57
2.2835522 -3.3199787 -0.58998829 63
6.6221213 -3.0152035 -0.53138173 11
6.9206967 -3.0405569 -0.51149553 30
5.7021761 -2.9521477 -0.58009541 7
5.8874178 -2.9689412 -0.59604615 11
5.9123874 -2.9675739 -0.55822337 16
2.372854 -2.8713598 -0.58602637 78
2.4048085 -2.8150792 -0.54590183 82
2.4308751 -2.7470891 -0.5038476 89
2.6931739 -2.7058864 -0.59532005 61
3.2134542 -2.7494521 -0.56349134 1
3.3178806 -2.7343833 -0.57686275 69
3.4134827 -2.7478943 -0.56199682 59.5
3.5290186 -2.7753825 -0.5323956 16
8.3412848 -2.7043626 -0.58489859 43
2.4099021 -2.6772194 -0.54297352 70
2.629586 -2.6935661 -0.52813047 66
8.230258 -2.5360923 -0.54419625 42
-0.63706207 -2.4019785 -0.55778831 116
-0.50380969 -2.4140315 -0.5553683 23
-0.44461423 -2.423408 -0.56317031 108
-0.32783887 -2.4350057 -0.55376631 114
-0.27716899 -2.4359736 -0.50929224 29
-1.4811904 -2.3103423 -0.57281506 100.5
-1.3191756 -2.337338 -0.54968864 81.333336
-1.0720922 -2.3589518 -0.5498541 113
-0.95346648 -2.3731709 -0.54629225 88.333336
-0.73570585 -2.3962932 -0.56349421 121
-0.54750669 -2.3996122 -0.52390176 6
8.142004 -2.378264 -0.50801611 41
-2.3075767 -2.2255371 -0.56871313 73.5
-1.9599832 -2.255909 -0.53592455 89.5
-1.7752109 -2.2780619 -0.55263448 99.5
-3.7877269 -2.1121213 -0.50068653 59
-3.6766975 -2.1245167 -0.52326423 64
-3.5608888 -2.1309402 -0.54426682 10
-2.8575215 -2.1669908 -0.55612445 69.5
-2.7477884 -2.1751597 -0.52759129 61
1.0258261 -1.8639823 -0.59562093 3
0.96506411 -1.7299199 -0.57515538 4
0.91050422 -1.6080813 -0.55740106 6
0.9150697 -1.5593321 -0.57395226 8.5
0.8592872 -1.4569504 -0.53603125 5.5
0.92637628 -1.4709278 -0.59661508 8
0.82755071 -1.3559784 -0.53417796 3.3333333
0.92992097 -1.3959304 -0.59941649 9
0.77949071 -1.2421869 -0.502123 8.5
0.85551536 -1.2652993 -0.56421614 6
0.76916748 -1.1995447 -0.51543403 0
0.86573082 -1.1513664 -0.57119727 5
0.92961383 -1.1461196 -0.58061087 2.75
-4.0359974 -1.0399923 -0.53079021 9.5
0.79142523 -1.0565895 -0.53357351 1
0.87433809 -1.0550532 -0.56486583 1.3333334
-4.0780778 -0.95446795 -0.51336133 10
0.83235359 -0.96699232 -0.54510117 2.25
0.77177817 -0.85137504 -0.52309495 2.6666667
0.89340037 -0.82161158 -0.58542579 2
0.92739469 -0.87068605 -0.59569311 2.6666667
-3.6460466 -0.70358193 -0.50228345 12
0.72311187 -0.75502336 -0.50484681 2
0.84373093 -0.75096577 -0.56870568 2.7
0.91042042 -0.73639536 -0.59813732 2
0.77290058 -0.6315183 -0.5337519 4.3333335
0.85685086 -0.64338642 -0.5741927 3.8666666
0.90769762 -0.65911496 -0.59996265 6
0.74881482 -0.53785479 -0.5257327 3.4615386
0.83766001 -0.55860728 -0.57063085 4.75
0.77140862 -0.48925349 -0.53458428 1
0.87393087 -0.45350403 -0.59236354 5
0.88468629 -0.35457277 -0.59741855 5
-2.7031152 -0.22102815 -0.52076328 13.5
-2.6201901 -0.26689637 -0.51206517 12
-2.4125443 -0.29251572 -0.50112659 12
0.89015669 -0.29178059 -0.5971626 5
-2.725235 -0.13295634 -0.51799947 18.666666
-2.6924212 -0.158554 -0.52846378 13
-2.9791203 -0.041697655 -0.55312258 20.5
-2.8322091 -0.097574413 -0.52943146 13
-2.7313762 -0.041473091 -0.51945925 19
-2.379065 -0.025773879 -0.51803327 12
-2.9833992 0.04086883 -0.55527353 24.75
-2.3826818 0.054047465 -0.5119037 20.666666
-3.2421412 0.1582844 -0.59560776 13
-3.0501022 0.15253423 -0.56294507 83.5
-2.9893494 0.12940843 -0.55787778 42
-2.4008229 0.1866186 -0.51135093 65
-2.3959012 0.1360583 -0.51119286 97
-3.2443867 0.25163317 -0.59709758 68.666664
-3.0668926 0.24860603 -0.57057893 150
-2.4021463 0.27060151 -0.51361275 29
-2.3976409 0.2195821 -0.51136738 40
0.66274965 0.27831405 -0.51297659 2
-3.2447693 0.34627604 -0.59944671 41
-3.1722226 0.32999188 -0.59207153 55
-2.4022045 0.32255745 -0.5164398 25
-2.3881452 0.37186652 -0.51787007 19
3.0663023 0.38994604 -0.579512 23
-2.3801346 0.45680332 -0.52599108 17.666666
0.68259853 0.46072549 -0.52475035 2
0.7377575 0.46565422 -0.54805785 2.3333333
0.81088078 0.47641423 -0.58871043 3.5
2.9541152 0.40742385 -0.53811222 24.5
-2.3573472 0.55735427 -0.53861862 13.666667
0.6356504 0.55813724 -0.50452113 4.6666665
0.76252741 0.56389993 -0.56722504 3.8571429
2.7547112 0.58419067 -0.59509516 65
-3.0529072 0.66501838 -0.59886509 15.666667
-2.3398395 0.62432075 -0.54897779 12
-2.2730539 0.6396727 -0.53970104 12
-2.143353 0.6484586 -0.51896089 17
-2.0805829 0.67674899 -0.51613253 14
0.67260659 0.64360875 -0.51835412 7.4444447
0.72655344 0.65639126 -0.53035414 7.5
0.81048042 0.63280803 -0.59091228 1.6666666
2.7722957 0.64012438 -0.5860582 66.800003
-2.9524379 0.74329096 -0.59561288 14.8
-2.0446472 0.7284711 -0.52662152 11.666667
-1.94236 0.75102884 -0.51912332 41
-1.8539401 0.7422213 -0.50366235 30
-1.7603543 0.77306223 -0.5052464 10
2.7979832 0.70716119 -0.56785321 69
2.8134341 0.76331234 -0.54910117 69
-2.8788047 0.82598865 -0.59967375 12
-2.7471235 0.84602183 -0.58584696 12.333333
-2.6511805 0.87152964 -0.58138162 12.666667
-2.3685622 0.89740795 -0.55606967 13
-1.8513418 0.89985049 -0.51029551 18
-1.7604657 0.85035372 -0.51061279 10.5
2.8405037 0.85164481 -0.52193868 60.200001
-2.6142154 0.92124069 -0.58516806 12
-2.5553319 0.92166036 -0.58389729 17
-2.3565366 0.92717117 -0.55856538 16.333334
-2.2801132 0.94452035 -0.55843151 30
-2.1538193 0.92435133 -0.53815055 31
-2.0511923 0.91983396 -0.52930981 23
-1.9470822 0.92065924 -0.51748401 24.333334
-1.7466897 0.90461135 -0.50704414 13
-1.6917875 0.90198427 -0.5040819 9
2.8536339 0.96150374 -0.507653 56
2.8315892 1.0570778 -0.5636518 19
2.8592434 1.1440593 -0.53958476 13.333333
2.8830168 1.4520631 -0.57788783 28
2.9145348 1.5334617 -0.54094636 13
2.8842254 1.6614792 -0.5786835 0
2.745955 1.864743 -0.57032734 14.5
2.8518872 1.8572925 -0.52719629 3.5
2.5390863 2.041687 -0.56681514 14.5
2.5486925 2.2366397 -0.59992671 6
2.6208704 2.3781426 -0.59017617 27
2.899224 2.3929656 -0.59560376 7
2.9650962 2.514745 -0.56808519 11
3.0595281 2.6710677 -0.54470038 8
3.0963402 2.7685461 -0.50251722 9
2.8676658 2.8511269 -0.56843567 13
2.9627838 2.8617468 -0.51032794 15
3.1435776 3.6229064 -0.54859197 39
1.4707539 -10.636023 -0.47155285 106
1.9972925 -7.710269 -0.47107029 4
2.3836815 -4.7819395 -0.43861881 52
2.4671974 -4.2118416 -0.47819495 68
2.5106664 -4.1293478 -0.42826515 72
2.4690628 -4.0333223 -0.46340895 54
0.6768955 -3.1024756 -0.42787087 3
7.5912633 -3.1013701 -0.42910677 36
7.9672809 -3.1246817 -0.43176645 38.5
6.6462197 -3.0236349 -0.49117869 26
6.9447055 -3.0517578 -0.47117311 33
7.2397871 -3.0659184 -0.47015491 33
7.605473 -3.0966997 -0.47437227 36
8.0223494 -2.996706 -0.41692135 43
0.70342672 -2.8596799 -0.45008808 4
2.4213512 -2.8533268 -0.44852507 67
2.4437099 -2.7431159 -0.4689219 77
3.061722 -2.7345779 -0.42626461 36
3.1369102 -2.7430015 -0.49461681 13
0.72509474 -2.6548758 -0.46959656 5
2.4982388 -2.6610975 -0.41094607 103
2.5752201 -2.691365 -0.46418577 73
-0.56079686 -2.4065707 -0.43620273 67.5
-0.45040682 -2.4192328 -0.46425462 123.75
-0.31418198 -2.4309826 -0.45048016 131
-0.28061977 -2.4333897 -0.45124507 129
0.7431227 -2.4600091 -0.48337531 4
-1.4834126 -2.3097894 -0.46810246 98
-1.3458495 -2.3309453 -0.46905431 95.75
-1.1472435 -2.3610494 -0.45590663 75.333336
-1.075794 -2.356849 -0.46887121 114
-0.93924814 -2.3683381 -0.4467755 119
-0.7377004 -2.3894584 -0.43924853 119.66666
-0.65165895 -2.3961618 -0.46142635 94
0.60010308 -2.3962607 -0.42069247 5
-2.2862484 -2.2198677 -0.46500421 76.5
-1.9577781 -2.2524157 -0.43484247 79.5
-1.761627 -2.2754998 -0.44704306 97.5
0.62456423 -2.2313039 -0.43487442 5
0.76010036 -2.2971392 -0.49744231 4
8.0557756 -2.2244849 -0.47678792 40
-3.2237453 -2.1165035 -0.47420838 59.5
-3.0861993 -2.1756613 -0.40756935 8
-2.8328562 -2.1632447 -0.45701107 68.5
-2.7375517 -2.1679301 -0.42942822 64.5
-4.2623539 -2.0352101 -0.40815479 9
-4.1531744 -2.0656147 -0.43299249 40
-4.0319557 -2.0851207 -0.45633602 55
-3.903163 -2.0966752 -0.47758234 55
7.9899554 -2.0808585 -0.44790125 39
7.9148941 -1.9371952 -0.42241976 38
0.64748269 -1.7151793 -0.45541 7
0.65723604 -1.6588035 -0.45228717 5.3333335
0.63767248 -1.5721093 -0.45549178 7
0.62133038 -1.4170108 -0.42580476 1
0.59645653 -1.3136163 -0.41917056 2
0.6082688 -1.3105713 -0.42503786 1
0.58118963 -1.2158927 -0.41404694 2
0.73960334 -1.1499993 -0.49289295 1.3333334
0.54331607 -1.0439008 -0.40386716 4
0.6949445 -1.0406996 -0.47909784 2
0.71374857 -1.0648607 -0.48268518 2
0.67048424 -0.95055723 -0.46442842 2.3333333
0.019543936 -0.89994866 -0.40089145 8
0.63909316 -0.83893842 -0.43879893 6.3333335
-4.1155167 -0.77115381 -0.47611499 10
0.58626896 -0.71999842 -0.43553066 5
0.61289668 -0.78137648 -0.43562847 5.8000002
0.70281196 -0.71133798 -0.49760085 2
-4.074563 -0.63604659 -0.44747913 11
-3.0922673 -0.66226375 -0.44333324 24.5
0.56306821 -0.64545327 -0.42610845 4.5
0.67367667 -0.64906132 -0.48358241 4
-4.2226644 -0.53005201 -0.4446246 10
-4.0456228 -0.56812096 -0.43402305 22
-1.8339672 -0.51903516 -0.44891605 8.5
-1.6933892 -0.50477242 -0.42293778 51
-1.5429621 -0.53093916 -0.41806728 7.1999998
-1.4144393 -0.53189784 -0.40624297 1
0.53599399 -0.55934966 -0.4173415 3
0.63564968 -0.55723691 -0.46257758 3
-3.6656022 -0.40543315 -0.43458164 12
-3.3359067 -0.41957942 -0.40384516 4
-2.128834 -0.43350193 -0.46399689 12.666667
-2.0060349 -0.40056744 -0.45859349 29
-1.9976038 -0.45451507 -0.44943303 28
-1.8534323 -0.45222414 -0.43952003 10.166667
-1.7819095 -0.46803516 -0.45062435 23
-1.5864739 -0.46720582 -0.40768051 6.5
-0.87255007 -0.43135634 -0.42549348 0.66666669
-0.22325504 -0.44456798 -0.4025622 3
-4.266705 -0.33902329 -0.42471424 10
-4.1888032 -0.33033356 -0.47568613 10
-3.9819112 -0.37681633 -0.43222731 22.5
-2.4289417 -0.32532468 -0.48857838 13.5
-2.3719547 -0.34228656 -0.49377179 11.5
-2.245651 -0.37177333 -0.46698499 18
-2.1421671 -0.36247262 -0.46542516 12.4
-1.8337293 -0.34573463 -0.4503378 11.25
-0.91095775 -0.3930575 -0.40465382 2
-0.8677265 -0.35151118 -0.42195639 4.5
-0.5465157 -0.34819284 -0.41341403 4.8333335
0.47561422 -0.35277942 -0.40348104 6.1666665
0.545874 -0.33146423 -0.43436211 3.5999999
0.60678339 -0.30760437 -0.45999819 4
-4.3115845 -0.20927475 -0.41792047 10
-4.242888 -0.26838481 -0.44369507 9
-2.4402449 -0.25557089 -0.48986641 14.333333
-2.1071308 -0.20146877 -0.48326987 9
-2.0960302 -0.22760427 -0.48695958 11
-1.9846016 -0.23755442 -0.46405751 32
-1.8515829 -0.26544544 -0.44182387 11
-0.84086937 -0.26780537 -0.43939152 4.25
-0.52531177 -0.25861341 -0.41837248 5
-0.49907404 -0.21411674 -0.42511642 5
-0.20250612 -0.22839342 -0.40859449 3
-0.19651175 -0.2113869 -0.40550801 2
0.4586266 -0.29614416 -0.40421823 6
0.55302554 -0.24623442 -0.44207579 5.3888888
0.62712055 -0.23064072 -0.47261563 6
-4.3140211 -0.14213718 -0.41351494 10
-4.2376084 -0.1575464 -0.45676813 9.5
-2.4734919 -0.19565824 -0.49108952 12
-2.1227992 -0.14714503 -0.47565851 14.333333
-0.54278332 -0.15023617 -0.41836664 6.1428571
-0.48863387 -0.15190735 -0.43703198 5.25
-0.21448874 -0.12115455 -0.40928149 3.8
0.49753472 -0.11778021 -0.41983661 5
0.54473215 -0.15086235 -0.44473377 5.9499998
0.61365366 -0.16040048 -0.47332969 6.5714288
-4.315608 -0.041987281 -0.40828604 10
-4.2422347 -0.051341265 -0.44534528 9
-2.1559124 -0.078670122 -0.4715257 20.5
-0.54368323 -0.056405798 -0.42211831 9.75
-0.47775429 -0.054157823 -0.4542219 6.5
-0.20502003 -0.084432364 -0.41711712 3
-0.18997727 -0.050855797 -0.42078394 3.2
0.49369359 -0.052509785 -0.42526898 5
0.57198232 -0.051088586 -0.45681167 5.6799998
-4.2239952 0.05462224 -0.43481165 80.5
-0.80898702 0.074767634 -0.45569673 4
-0.52892631 0.055211466 -0.42945468 6.7777777
-0.47011805 0.046119079 -0.45765406 6.75
-0.20529391 0.067789495 -0.41336179 3.25
-0.18037827 0.054475926 -0.41536239 3.2727273
0.47729224 0.035512388 -0.41917616 5.5
0.55102885 0.046474222 -0.45483828 5.5500002
0.60485148 0.066141188 -0.47776687 6
-4.3293095 0.19230086 -0.40503675 10
-4.2795177 0.16323353 -0.43383688 10
-0.80689466 0.15027633 -0.45281708 4.0555553
-0.54040807 0.15610422 -0.42063323 6.5999999
-0.46744382 0.15005571 -0.45256504 6
-0.21145937 0.15084924 -0.41580778 3.625
-0.17903078 0.14827506 -0.42683208 3.3333333
0.46477866 0.14614058 -0.41260663 5.5714288
0.54816365 0.14574942 -0.45623437 5.3000002
0.61327863 0.14650539 -0.48712301 6
-4.3292403 0.26129311 -0.40594488 10
-4.2878513 0.2373412 -0.43235546 10
-0.81998813 0.25306049 -0.44411099 4
-0.53524846 0.23855317 -0.42020354 6.1666665
-0.45385242 0.26002607 -0.4533397 6
-0.21221273 0.2457425 -0.41121542 3.5
-0.16606225 0.24219272 -0.42642915 3.5555556
0.46007678 0.24378605 -0.41611463 5
0.55700511 0.24048351 -0.46157038 5.090909
0.62317997 0.25018093 -0.48741627 4.4285712
-4.3294392 0.36323839 -0.40949166 11
-4.2946768 0.34792125 -0.43152493 10
-0.84759349 0.35020447 -0.42889711 4.5
-0.76588249 0.37072331 -0.45181552 3.5999999
-0.53096908 0.35581648 -0.41585502 6
-0.46432069 0.3492251 -0.44751558 5.909091
-0.20490132 0.36938182 -0.41462123 3
-0.16468672 0.31837261 -0.43066496 2.5
0.46108648 0.34382617 -0.41837427 3.4545455
0.5394007 0.32773107 -0.44949064 2.9000001
-4.3082933 0.46393636 -0.41168103 11
-4.2843175 0.45732197 -0.43016365 10
-0.85219264 0.44684032 -0.42910919 3.6666667
-0.79021615 0.42892933 -0.45911673 4.4285712
-0.50053269 0.47426468 -0.42801571 4
-0.47625065 0.42529839 -0.43854055 4.5999999
-0.21822353 0.45408368 -0.41257268 3.125
-0.19391094 0.45726505 -0.42255929 3
0.41322291 0.42435411 -0.40057135 4
0.55518949 0.44640532 -0.45947328 1.2
0.61478841 0.48735803 -0.48547888 0.5
2.7928624 0.44237635 -0.47206619 63
2.81949 0.44721007 -0.47872001 46.5
-0.90562302 0.51678646 -0.42443579 0
-0.81876534 0.51008493 -0.4513599 2.3333333
-0.50800765 0.50978196 -0.42821616 5
-0.22933738 0.52569723 -0.4111982 3.4285715
-0.15308698 0.56097275 -0.43616885 3.1111112
0.18328264 0.59636527 -0.40383959 4
0.44722492 0.5625639 -0.42209777 3.4000001
0.5449096 0.54396218 -0.45944056 2.7
0.61654103 0.52703118 -0.49515584 4
2.8256569 0.54214507 -0.44330716 63.333332
-4.283133 0.67531788 -0.43306187 10.5
-1.005543 0.69605511 -0.43986014 0
-0.92513567 0.64061916 -0.40777153 1
-0.89327508 0.69996953 -0.42016062 0
-0.22422671 0.64875478 -0.4145368 4
-0.15203811 0.64083946 -0.44937673 2.7142856
-0.086249731 0.67901355 -0.40023503 3
0.44135898 0.6520806 -0.41498727 6.7142859
0.56932354 0.66476429 -0.4552702 7.625
0.61433971 0.68498015 -0.42989343 10.25
0.74436462 0.67664117 -0.44688767 14.333333
2.859376 0.63549626 -0.41347313 71.400002
-4.2820024 0.74769598 -0.43931955 10
-1.7906674 0.74259394 -0.49550468 11
-1.6434152 0.7837652 -0.49822485 9
-1.5435709 0.7549352 -0.47579443 5
-1.4371406 0.76961726 -0.47740746 1
-1.1276008 0.77204299 -0.4703106 0
-0.91451865 0.73268777 -0.41147232 0.33333334
-0.5338065 0.77122736 -0.41950354 7.8333335
-0.44356745 0.78712004 -0.44986737 10.636364
-0.38053244 0.7806586 -0.43496692 9.25
-0.21816042 0.77431023 -0.41580644 9.3999996
-0.1641757 0.75165606 -0.43299288 6.3000002
-0.090972073 0.75066209 -0.41861904 10
0.44667792 0.70434332 -0.41758931 14.333333
0.5364418 0.70521778 -0.4335703 6.3333335
-4.2687931 0.83719558 -0.448248 10
-1.6261464 0.8922931 -0.49740839 4
-1.576959 0.8878023 -0.48815888 2
-1.2043904 0.87768841 -0.42355204 8
-1.1475321 0.84106857 -0.45191324 3
-1.0163894 0.86395597 -0.43380594 8.333333
-0.98242432 0.84320903 -0.43003261 5.5
-0.55933762 0.8053292 -0.40561855 17
-0.45489058 0.80215544 -0.43135393 12.75
2.8648958 0.86946136 -0.44473484 67.333336
-4.2474079 0.94242102 -0.46069083 10
-1.8205959 0.90437871 -0.49804056 14
-1.7388654 0.90696853 -0.49563438 12.5
-1.6505636 0.90152556 -0.49034953 7
2.873086 0.95288152 -0.45643556 60.125
-4.2288213 1.0472151 -0.47481933 11
-3.7982008 1.0936235 -0.45586705 24
-3.5519876 1.077059 -0.43336821 28.5
-3.2879105 1.0507882 -0.41207463 25
-3.0726941 1.0313506 -0.40208644 29
2.8792565 1.0426563 -0.46769142 50.799999
2.9095254 1.0670434 -0.42426896 48
-4.2000136 1.1246386 -0.48264611 11
-4.1058493 1.1170788 -0.4810738 15
-3.8808956 1.1065285 -0.45681185 24
2.8932266 1.1777518 -0.46140382 18
2.9177761 1.1439352 -0.42244771 38
2.8917177 1.2294185 -0.49654078 7
2.5686145 1.8929654 -0.42720875 24
2.5322533 1.932439 -0.47945681 24.5
2.7057152 2.7962594 -0.4102706 12
2.7894428 2.8388944 -0.47761631 12
3.0597029 2.8540192 -0.45361906 16.5
3.1043162 2.8346024 -0.45089084 10
3.2227337 3.562398 -0.47953838 50
3.2559621 3.6916707 -0.42700556 50
2.3247468 -6.1648092 -0.32417691 43
2.397975 -4.9931431 -0.35037673 49
2.4962857 -4.3460817 -0.31642288 53
2.4829121 -4.1867785 -0.39294738 55
2.5550292 -4.0495729 -0.355611 67
2.589514 -3.9503217 -0.30817398 75
2.4399362 -3.0492985 -0.34351957 71
2.431494 -2.9513645 -0.3978321 62
7.9205232 -2.9793549 -0.3649067 41
0.50981128 -2.8370681 -0.32540321 1
7.8149624 -2.8061817 -0.32249105 42
7.9212551 -2.8190694 -0.37308726 42
2.4915307 -2.7132864 -0.34511569 69
2.969017 -2.701874 -0.35575324 52
0.55571198 -2.6635478 -0.3443903 12
2.4920304 -2.6820931 -0.39059708 82
2.5501223 -2.6562953 -0.35595518 84.5
2.6260028 -2.6532991 -0.33152384 91
7.8172746 -2.6454301 -0.33202535 41
0.57400423 -2.5012 -0.38638026 45
-0.62446928 -2.4087265 -0.38931802 112
-0.50033271 -2.4061239 -0.31965569 129
-0.44352269 -2.4137957 -0.36283085 126.66666
-0.32227415 -2.4305677 -0.36639145 140
-0.28478149 -2.4258282 -0.39346972 140
0.52791053 -2.405534 -0.342213 4
-1.4866863 -2.3071265 -0.3649945 113.5
-1.3088477 -2.3228059 -0.3484154 105.5
-1.2554719 -2.3449118 -0.37863213 71
-1.0798391 -2.3462152 -0.36132786 121
-0.92597097 -2.3645241 -0.34444892 119.33334
-0.83710396 -2.3765125 -0.34365079 109
-0.74539489 -2.3850284 -0.34911045 115.5
-0.64663076 -2.3957655 -0.3596566 124.33334
-0.28927338 -2.3792012 -0.32908154 150
0.53392518 -2.362642 -0.39536175 6
-2.2734797 -2.2166138 -0.38912579 78
-1.751406 -2.2739308 -0.34324461 104
-3.5381289 -2.1185269 -0.31370649 57
-3.4379284 -2.130286 -0.33255193 54
-3.347183 -2.1439116 -0.35105422 8
-0.26078591 -2.1093233 -0.32455239 154
-4.4055958 -1.9260411 -0.35013682 10
-4.3346834 -1.9821198 -0.37926382 10
-4.4592228 -1.86113 -0.32061172 9
0.47340316 -1.8926991 -0.33699998 1
7.8524666 -1.8016373 -0.39989039 38
7.8033895 -1.6711954 -0.38105232 37
7.74085 -1.5406778 -0.36414525 38
7.7086296 -1.4183804 -0.34973547 36
-0.18149665 -1.3139904 -0.36292523 3
7.6841035 -1.3011613 -0.33893582 35
-0.16149372 -1.2279863 -0.35471171 7
0.6484918 -1.2115635 -0.34866035 1
-0.14507627 -1.1369824 -0.34287331 7
7.6510811 -1.1828949 -0.32943815 35
-0.13253382 -1.0489786 -0.32962734 9
0.39386359 -1.0152686 -0.31750602 4
0.62385756 -1.0125287 -0.30873677 7
7.6243715 -1.067687 -0.32213137 34
-0.12083938 -0.9759748 -0.31942797 8
0.046424069 -0.91104531 -0.34684891 20.25
0.10684776 -0.90620643 -0.36087328 16
0.2568236 -0.93592644 -0.32165119 20.5
0.3555007 -0.94491369 -0.32883817 13.5
0.52035379 -0.96038455 -0.39670563 6.6666665
7.6074934 -0.95456862 -0.31785005 35
-0.11300047 -0.89197099 -0.30421549 8
-0.050764307 -0.88545901 -0.34661543 17.166666
0.045363996 -0.86785108 -0.34244421 10.666667
0.12586462 -0.89522159 -0.33992919 11
0.33740494 -0.82488906 -0.31782496 6.5
0.49471563 -0.85743606 -0.38755202 7
0.50835276 -0.87899685 -0.39634675 8
7.5920105 -0.84346652 -0.31492251 35
-0.30846807 -0.7406283 -0.35610527 0
-0.26554966 -0.72688192 -0.3840273 2.6363637
0.061415534 -0.75601953 -0.35125649 3.1666667
0.3374874 -0.74524343 -0.31943101 5.5999999
0.4796963 -0.75217754 -0.38130465 5.5
7.5800204 -0.73440403 -0.31415299 34
-3.1479459 -0.64343822 -0.37337071 24
-1.0047439 -0.6644429 -0.36954343 3
-0.96861929 -0.62284386 -0.38630569 1
-0.32787862 -0.65383446 -0.36153138 3.1666667
-0.2278574 -0.65179127 -0.36987889 2.5
0.067390643 -0.67617446 -0.36872736 2.6666667
0.32550272 -0.64756024 -0.31843755 4
0.4557426 -0.65122187 -0.38087454 4.7142859
7.5792961 -0.62643933 -0.31636691 34
-2.0514169 -0.54089803 -0.32554218 15.5
-1.2331471 -0.59244782 -0.33611158 0
-0.95296627 -0.58946609 -0.37954476 0
-0.41323856 -0.55505574 -0.3095341 2.5
-0.35571569 -0.54148102 -0.33802608 3.0714285
-0.23731402 -0.54198843 -0.35591179 3
-0.19223402 -0.51975232 -0.32779288 2.6666667
-0.077909954 -0.54031396 -0.31024653 2.5555556
0.30026922 -0.59656543 -0.30951288 4
0.44208339 -0.5753327 -0.37729466 2.6666667
7.5785384 -0.52048522 -0.3199811 34
-3.123081 -0.43965724 -0.38744125 1
-2.8820431 -0.47226408 -0.3540163 19.666666
-1.2951516 -0.49173561 -0.37349355 1
-0.91773909 -0.40580717 -0.39791483 1
-0.6609025 -0.40556291 -0.3514992 1
-0.32662335 -0.43983549 -0.35212666 3.3
-0.25915846 -0.45698953 -0.38642699 2.9411764
-0.17970169 -0.44821179 -0.31340072 2.25
0.06387084 -0.44613558 -0.34998721 3.125
0.10283966 -0.42012748 -0.33748302 4.3333335
0.29867464 -0.41944268 -0.30823129 4
0.32841468 -0.44021079 -0.33462903 4.5
0.4161135 -0.42401934 -0.36609587 2
7.5692849 -0.41348419 -0.32489732 34
-3.6587808 -0.39581111 -0.37408829 28
-0.79703349 -0.32839075 -0.39764857 3
-0.65009469 -0.35816714 -0.36270842 3.8
-0.33817968 -0.3623915 -0.33851001 4.25
-0.27787748 -0.33673155 -0.365188 3.1666667
0.04272541 -0.35418087 -0.36663961 2.2727273
0.10863501 -0.33251131 -0.34023988 5
0.28425002 -0.34738946 -0.31385189 5.75
0.36394817 -0.33440217 -0.35528129 5.5714288
0.40601259 -0.37121123 -0.37045106 5.75
7.5840163 -0.30866781 -0.33297122 34
-0.7119965 -0.23622817 -0.33559537 3
-0.61707348 -0.26092437 -0.37085423 5
-0.58861673 -0.22180215 -0.38442779 6
-0.41141438 -0.23752004 -0.31197858 2.75
-0.35248268 -0.24008083 -0.34445366 4.3076925
-0.22702989 -0.24040797 -0.37172946 2
-0.17253427 -0.22075544 -0.33026126 2.3333333
0.063690402 -0.26390162 -0.38017067 2
0.12120076 -0.24800234 -0.34042451 5.1666665
0.27110377 -0.24584405 -0.31138924 4.8571429
0.36243427 -0.24395624 -0.35756883 5
0.45563328 -0.24529776 -0.39408538 5.25
7.6086192 -0.20492962 -0.34259447 34
-0.71079767 -0.15903422 -0.33517781 3.5
-0.66178763 -0.15199882 -0.3546963 4.090909
-0.59260285 -0.1376265 -0.39381975 6
-0.41339722 -0.15701136 -0.31380698 2.4000001
-0.34975582 -0.14875917 -0.35054213 4.3125
-0.24683517 -0.12963121 -0.36446103 3.7272727
-0.1701612 -0.15406066 -0.34863701 2.6470587
-0.065670036 -0.13438034 -0.31021184 1.5555556
0.078723654 -0.16352032 -0.38882688 2
0.13151346 -0.15776269 -0.33960649 5.375
0.27181914 -0.14689837 -0.31082189 4.818182
0.36072385 -0.14945279 -0.3590371 4.6153846
0.44269872 -0.14593783 -0.38856179 5.9000001
7.6141114 -0.10007776 -0.35407501 34
-0.66489089 -0.051805388 -0.35218564 4.5999999
-0.58262283 -0.020845927 -0.39744246 7
-0.40508685 -0.055301379 -0.32480469 3.6666667
-0.33787319 -0.051989522 -0.34866753 4.2777777
-0.27729377 -0.038561668 -0.37315273 4.8000002
-0.16434662 -0.044184688 -0.35000947 2.3529413
-0.041629191 -0.051297318 -0.32576504 2.4166667
0.13047123 -0.05503137 -0.33209634 4
0.26649848 -0.054619044 -0.31311733 4.4117646
0.35989782 -0.049602263 -0.36078173 4.5625
0.43662506 -0.051859029 -0.39117453 11
-4.2228823 0.057109307 -0.39524099 41
-0.65303177 0.047206547 -0.36030328 5.4166665
-0.56961465 0.052541703 -0.39567295 7.5999999
-0.40091461 0.024392616 -0.32261714 5
-0.35014758 0.04633994 -0.34235379 5.3333335
-0.2814959 0.051308703 -0.35141572 4.4000001
-0.15275264 0.043561354 -0.3523939 2.7777777
-0.032950308 0.049691934 -0.32884032 2.25
0.14224812 0.045303948 -0.336759 4.125
0.26504967 0.048104506 -0.31601775 4.6923075
0.35522935 0.053623341 -0.36041629 4.4705882
0.44078848 0.051940341 -0.39198563 6
6.9592957 0.097340226 -0.3447527 6
7.6344132 0.0036567729 -0.36788255 35
-4.2555938 0.12248061 -0.39820471 25
-0.65275937 0.14710426 -0.35900748 4
-0.58168542 0.12704624 -0.39773712 6.5
-0.40587759 0.16028073 -0.33714664 2
-0.34711513 0.14443566 -0.34977898 4.2666669
-0.2551755 0.14529584 -0.36860579 3.8571429
-0.14314061 0.14767547 -0.35413438 2.8181818
-0.036458373 0.13574222 -0.32726592 1.5714285
0.082881726 0.17117511 -0.388273 2
0.15841992 0.1496125 -0.34962457 5.5
0.26556787 0.14913806 -0.31974274 4.7857141
0.35419458 0.15044267 -0.35841995 4.3499999
0.43337575 0.15329278 -0.38875937 3.375
6.1949944 0.16767088 -0.31592321 15
-0.65474451 0.25416109 -0.35486424 3.5
-0.5697422 0.24703376 -0.39548999 6
-0.33757898 0.24046035 -0.34722447 3.909091
-0.26953918 0.25316986 -0.36513257 4.1666665
-0.13279475 0.24763 -0.35221225 2.625
-0.035210762 0.23136146 -0.33186826 2
0.070092969 0.25540009 -0.3852177 2
0.15870993 0.24965815 -0.35134375 4.6666665
0.27124345 0.2352628 -0.32272404 4.8571429
0.33932966 0.24951541 -0.35208011 4.2857141
0.4114489 0.23827459 -0.38801956 3.5
-0.61870545 0.35782793 -0.37638837 4.8000002
-0.57351875 0.35133711 -0.39588284 5.1666665
-0.34892118 0.31076205 -0.33514741 2
-0.27310979 0.36084267 -0.38077316 2.5
-0.12183871 0.32662144 -0.36238787 2
-0.075663425 0.30803162 -0.30155155 1
0.041767363 0.35001597 -0.37186545 2
0.17213826 0.3555913 -0.36537218 4.3333335
0.27503762 0.34568009 -0.33271441 5.1428571
0.3354626 0.34727487 -0.3652809 6
0.4043051 0.35970163 -0.39521828 7
-3.6416178 0.4484973 -0.35707754 38
-0.62781638 0.43433151 -0.37010384 2.5
-0.59305233 0.43587488 -0.38484466 4
-0.33055219 0.47318286 -0.35620934 3
-0.26355192 0.46526891 -0.38663536 3.4000001
0.022291064 0.4165999 -0.3655332 2.3333333
0.17926556 0.44569671 -0.36690977 3.8888888
0.23882611 0.44210333 -0.3212274 3.2857144
0.32846034 0.42099938 -0.3595883 3.75
-3.6528099 0.51054859 -0.36159599 46.5
-0.33188021 0.54215896 -0.36112699 2.5454545
-0.25984845 0.54308975 -0.39366663 3.1666667
-0.063515835 0.56067616 -0.34092128 1.5
0.18088765 0.54404122 -0.38258737 4.4285712
0.21872544 0.53984159 -0.30892861 1.6666666
0.32357717 0.57928914 -0.36880574 1
-0.3588838 0.60117763 -0.35586271 1
-0.27086404 0.68848729 -0.39317593 3
-0.0749669 0.65374815 -0.36835408 2
0.17934963 0.64929116 -0.37638137 0
0.27494064 0.65945601 -0.3432242 4.4000001
0.33268082 0.65224218 -0.37303257 4.625
0.66043526 0.69232738 -0.34376243 13.727273
0.79162723 0.67968941 -0.38880378 14
0.83756077 0.67814815 -0.33246866 13.411765
2.884393 0.66396195 -0.33490843 68.25
-0.42755449 0.79804301 -0.35578087 14
-0.33162364 0.77310443 -0.35368037 9.5625
-0.24622446 0.77431738 -0.35449696 13.277778
-0.15681431 0.77909726 -0.35281351 15.2
-0.077393793 0.7468195 -0.36004996 11
0.072145641 0.75910622 -0.32094762 15.833333
0.1283351 0.74398828 -0.35815898 7.8333335
0.28183705 0.72709429 -0.34263977 12.75
0.35623214 0.71975183 -0.32995132 13.333333
0.45211509 0.71126395 -0.3651506 10.461538
0.52874982 0.7052784 -0.33015543 13.8
2.883486 0.73686969 -0.37134668 65
2.9152772 0.78639793 -0.34027961 67
-1.1489158 0.88354361 -0.35643405 11.230769
-1.0013132 0.8646875 -0.38594839 9
-0.97008616 0.85988331 -0.3380191 12.142858
-0.8162598 0.84726179 -0.33235279 11.5
-0.73700649 0.82631713 -0.31820157 17.666666
-0.64955813 0.81930476 -0.34131426 16.299999
-0.56494045 0.81060123 -0.37352997 14.5
-0.44349861 0.80617261 -0.34116149 15.166667
-0.37955868 0.80127281 -0.36107352 15
2.8757658 0.81128281 -0.39765155 84
2.9197841 0.84705842 -0.33560243 68.875
-2.5664949 0.99005926 -0.36289445 35
-2.4189754 0.97246933 -0.3532452 33
-2.3217459 0.96355873 -0.35684577 38
-2.2531395 0.96093214 -0.34612435 36
-2.1481085 0.9517597 -0.34178609 36
-2.0505662 0.94267273 -0.33784643 39
-1.9651939 0.93669099 -0.33601773 40
-1.8500967 0.92835158 -0.33420938 41
-1.7452624 0.92011678 -0.33335125 37.5
-1.6466286 0.90994966 -0.33313745 29.25
-1.5391335 0.90461159 -0.33650392 11
-1.4761554 0.9026497 -0.352175 1
2.8944349 0.92434961 -0.38159326 68
2.9335639 0.95317948 -0.32528773 66.5
-3.077131 1.0357085 -0.39063209 25
-2.8841038 1.0169861 -0.38323054 28.5
-2.7160072 1.0031865 -0.37176508 29.5
2.923008 1.0672294 -0.38332677 56.333332
2.9557853 1.1618085 -0.35905868 37.5
2.9706073 1.244804 -0.33845901 28.4
2.9738674 1.3366749 -0.35163355 18.200001
3.0042486 1.3815627 -0.3133195 5
2.6420882 1.8863567 -0.38301593 11.5
2.7261755 1.8857133 -0.33970243 3
3.1254795 2.7664843 -0.3667891 12.5
2.6827981 2.8810048 -0.38985711 26
2.707551 2.8310306 -0.33784482 12
3.0381126 2.8465791 -0.35577381 9.5
1.6353577 -10.593393 -0.22120416 115
2.3945193 -6.0178161 -0.21647838 44
2.4191229 -5.2363024 -0.25574127 5
2.5120873 -4.5164423 -0.23378044 48
2.6014345 -3.9802897 -0.26257852 69
2.6274967 -3.8623168 -0.23954239 77
2.4638751 -3.2670801 -0.22652772 68
2.4540598 -3.160269 -0.28726816 65
2.5104275 -2.8441448 -0.2711882 65.5
3.0636671 -2.7171533 -0.21650153 68
3.1424727 -2.739733 -0.27854526 56
2.6835191 -2.6563044 -0.28108752 91.5
2.7523479 -2.654438 -0.24145234 85.5
2.8456469 -2.6761274 -0.22241654 78
2.9039514 -2.6966891 -0.29250422 70
7.7163515 -2.6410997 -0.28434902 40
0.63338125 -2.5338032 -0.2500498 3.5
-0.51109368 -2.4016843 -0.21122676 122
-0.42107525 -2.4097943 -0.24548741 134
-0.34797692 -2.4187374 -0.24052013 101
-0.28730506 -2.4166458 -0.25050783 114.75
0.39065379 -2.4861879 -0.21211675 27
0.63618231 -2.4916091 -0.2651585 4
7.6049671 -2.4769423 -0.24884468 38
7.7019272 -2.4707546 -0.29504985 39
-1.3054252 -2.3241982 -0.26976922 114
-1.0848099 -2.3436151 -0.28296912 130
-0.95340502 -2.3594694 -0.26066142 112.5
-0.83258575 -2.3709123 -0.22833538 120
-0.76715225 -2.3853502 -0.271561 122.66666
-0.63744473 -2.3877244 -0.25178826 125
-0.5052439 -2.3999035 -0.2649132 134
-0.24600413 -2.3069644 -0.25829458 40
7.5259581 -2.3270617 -0.21651018 38
7.6246057 -2.316277 -0.26277816 38
-1.9638952 -2.2474322 -0.21553147 22
-0.25770313 -2.2681198 -0.27146557 102.5
-3.7641561 -2.1027153 -0.27799815 59
-3.6553712 -2.1155822 -0.29656279 63
-3.1728868 -2.1111796 -0.24403638 59
-2.7687564 -2.1602423 -0.22818933 70.5
-0.26237604 -2.1910677 -0.28992519 101
7.5422769 -2.1637902 -0.23396325 37
-3.8815789 -2.0927389 -0.259624 57
-0.20805529 -2.0149817 -0.24888217 27
7.4711828 -2.0193686 -0.20810533 36
-0.21607727 -1.9095112 -0.27057183 30
0.36808005 -1.8874626 -0.28558254 3
-0.18325806 -1.7568197 -0.25523207 29
-0.15258843 -1.6360073 -0.24041903 7
0.35817415 -1.6922888 -0.28745222 16
-4.6780367 -1.5865349 -0.20934373 12
-0.16554344 -1.5797743 -0.26677647 6
-0.13167682 -1.4860159 -0.23641729 7
-0.11550563 -1.363022 -0.23404661 8
-0.11131749 -1.2219808 -0.24039324 11
-0.10761651 -1.1300105 -0.25381863 8
-0.099569701 -1.0390178 -0.24862081 9
0.42477176 -1.0631987 -0.290301 5
0.66624922 -1.0270756 -0.25446218 1.6666666
-0.092983149 -0.96001804 -0.24361733 8
0.055147778 -0.90491706 -0.23039415 15.333333
0.15727432 -0.91752368 -0.25964245 18.299999
0.25482258 -0.93389428 -0.25463501 18.571428
0.35750955 -0.93714458 -0.24156375 18.799999
0.68144774 -0.99044955 -0.23400751 6.25
0.70674652 -0.98753858 -0.21322826 1
-0.047840375 -0.89358765 -0.24989292 18.222221
0.033381119 -0.89535588 -0.2779893 14.5
0.13652523 -0.89641589 -0.29940018 12
0.46691889 -0.87455428 -0.22252002 1
0.69791788 -0.80325741 -0.263345 6
0.71655893 -0.80073923 -0.21802336 5
-0.19398752 -0.72285968 -0.27974001 2
0.09393996 -0.73277122 -0.27601698 3
0.19139947 -0.73887557 -0.24954639 5.6666665
0.24759045 -0.74476677 -0.27701169 5.5999999
0.42648619 -0.7639333 -0.21555054 10.5
0.5710187 -0.78430736 -0.28274518 10
-1.0557967 -0.61944097 -0.21016052 2
-0.9158693 -0.62142467 -0.20273229 6
-0.44994819 -0.60160542 -0.29199901 3
-0.1335021 -0.63139707 -0.2863785 2.8
0.093424723 -0.65938616 -0.28427511 3
0.13620646 -0.66931462 -0.25385293 2
0.24315782 -0.65292323 -0.27843493 3.5999999
-2.0289783 -0.53427196 -0.26880962 12.5
-1.939588 -0.54890102 -0.2677682 2
-1.8616594 -0.54983616 -0.26462877 3
-1.7795695 -0.56039524 -0.26476359 3.5
-1.6536907 -0.57316697 -0.26413658 7
-1.5536361 -0.57777727 -0.26375237 0
-1.4956137 -0.57347941 -0.26178029 1
-1.1975386 -0.5936051 -0.27602217 0
-0.4371841 -0.55025071 -0.29584435 1.6666666
-0.11042235 -0.51707232 -0.28472063 1
-0.37552238 -0.45940366 -0.22624373 3
-0.17262685 -0.43033996 -0.29896086 2
0.12529521 -0.42914954 -0.27185154 2.5
0.24267176 -0.46072415 -0.28401542 3.125
-0.16330428 -0.3580083 -0.28058508 2
0.14715491 -0.35212627 -0.27568376 3.3333333
0.24142988 -0.37255892 -0.29015318 5.5999999
-0.42477137 -0.25812313 -0.29745111 2
-0.34684154 -0.22562581 -0.27477732 2.8333333
-0.27368864 -0.224381 -0.28425765 1
-0.1165718 -0.2347078 -0.2817795 1.2857143
-0.09781044 -0.21280679 -0.29245514 2
0.13819949 -0.2630952 -0.28360286 5.1999998
0.23063581 -0.259395 -0.29029095 4.8000002
-0.31407729 -0.17733055 -0.25154999 1
-0.15280667 -0.13645197 -0.28784376 2.1428571
-0.089364037 -0.18387204 -0.29502922 1.6
0.082763352 -0.18887369 -0.24028307 4
0.14442204 -0.15297566 -0.28097278 5.5714288
0.23418294 -0.14221922 -0.29588106 5
-0.26216325 -0.090887941 -0.21454027 0
-0.13343622 -0.050334282 -0.28409624 1.9375
0.15040335 -0.054353964 -0.28372377 7.8000002
-0.3948997 0.065217175 -0.29658672 3
-0.12506559 0.046023242 -0.28649306 1.9285715
0.16932027 0.049673781 -0.29032096 5.8333335
0.25830114 0.021818278 -0.2942397 5
-0.2487402 0.15878256 -0.26532447 1.2
-0.1309211 0.13033776 -0.28234473 1.5
0.17225842 0.14902952 -0.28631049 4
0.37044477 0.19099146 -0.25692487 2.25
-0.3569518 0.28001177 -0.28948113 2
-0.28962609 0.20701586 -0.20530787 1
-0.12687133 0.24949849 -0.24659611 1
-0.077197812 0.27527684 -0.29160053 1
0.18049066 0.2583369 -0.29107904 2.6666667
0.34956431 0.21392091 -0.25049558 1.6666666
5.3468695 0.28178969 -0.29243517 56
5.5141115 0.22071606 -0.28942555 17
-0.36057508 0.30648696 -0.25145119 2
-0.25393969 0.33445734 -0.27184534 2
0.18936652 0.35835505 -0.29115403 2.75
4.4283414 0.33912775 -0.25995103 48
4.7618132 0.30885059 -0.26875049 16
0.2051429 0.44404563 -0.2908673 1.6666666
2.8977339 0.46746987 -0.23474139 72
2.9853716 0.45191425 -0.23163289 26
3.1210794 0.44101045 -0.23207885 29
3.2581809 0.4270983 -0.23252231 26
3.4129412 0.41206184 -0.23391834 28
0.22133218 0.50503039 -0.29975945 1
2.8963938 0.54796517 -0.26681805 70
2.9306636 0.59184706 -0.20672378 70
0.7645328 0.69283843 -0.23722556 14.444445
0.85638911 0.67930847 -0.26257488 13.318182
0.92362738 0.67915416 -0.24350481 9.75
2.9251187 0.66004777 -0.23737045 67
-0.33805713 0.79072827 -0.23765987 14.166667
-0.25488666 0.78444588 -0.25644153 14.5
-0.17834246 0.77826178 -0.27963433 14.8
-0.048895292 0.76892078 -0.22769566 14.5
0.038521763 0.76174617 -0.25948465 15.125
0.15474807 0.75144386 -0.24887352 12.75
0.22463517 0.74290442 -0.22677505 7.5999999
0.36489224 0.72829777 -0.26308426 14.083333
0.44962266 0.72234678 -0.24674264 14.117647
0.55671066 0.71114987 -0.25152442 13.833333
0.62656248 0.70867932 -0.22078843 13.4
2.9411533 0.74035871 -0.24138503 80.400002
-1.1398863 0.8890093 -0.26370126 13.571428
-1.087653 0.88016927 -0.24349277 14
-0.95712376 0.86638653 -0.24926768 14.888889
-0.80244517 0.8436414 -0.25825945 15.5
-0.74950093 0.83492887 -0.26993337 15
-0.64418012 0.83060241 -0.23991455 16.222221
-0.54127824 0.8224104 -0.23825029 16.1
-0.46000612 0.81009507 -0.26304594 14.444445
-0.39045632 0.80121541 -0.29531953 15
-0.29138005 0.80024302 -0.20682371 15
2.945364 0.85013926 -0.27182648 76.75
2.9661732 0.95047647 -0.27359855 53
2.9943395 1.0281677 -0.24499093 36
3.0085895 1.0590049 -0.21362789 31.333334
2.9944663 1.1748477 -0.23684549 69.5
3.0028603 1.1154685 -0.20101345 76
2.9782641 1.2292581 -0.27325326 57
3.0293396 1.3508364 -0.2502833 6.3333335
3.0347593 1.4601727 -0.25225377 16.333334
3.0302124 1.5391427 -0.27006879 8
2.6688101 1.8713197 -0.2669909 10
2.8533077 1.8604232 -0.20167935 4
2.6836514 1.9477553 -0.22150867 8.5
3.181169 2.4878449 -0.23771244 8
3.1530383 2.6403337 -0.27926695 4.5
2.8479941 2.8892593 -0.27506167 11
2.9495363 2.864876 -0.2221301 11
2.4606771 -5.8678217 -0.11367157 49
2.5323241 -4.7047958 -0.14660262 47
2.6621158 -3.8600597 -0.16322613 70
2.6360259 -3.7669201 -0.10917632 150
2.5696824 -3.6021435 -0.16534352 150
2.5370598 -3.4050236 -0.1013764 84
2.4811695 -3.3879323 -0.16297519 66
2.537605 -3.067369 -0.13334396 68
2.5237131 -2.9718692 -0.18999881 67
4.8784175 -2.8491523 -0.12935877 2
4.9610682 -2.8497772 -0.16479206 12
5.1566935 -2.8674548 -0.12794964 19
2.7420499 -2.6698122 -0.13827243 68
2.8499935 -2.6612413 -0.17201397 86.5
2.9623854 -2.6755409 -0.14774682 78
3.0142453 -2.6679997 -0.13428032 80
0.68141717 -2.5117059 -0.12225935 34
0.72383869 -2.5077477 -0.15883696 4
-0.43664321 -2.4069245 -0.16242836 127.33334
-0.3605738 -2.4042335 -0.17716035 17.5
-0.28502029 -2.4098873 -0.16576533 51.5
0.20162159 -2.467526 -0.11250833 3
0.36723542 -2.48681 -0.13514686 62
0.47016755 -2.4988863 -0.16222098 25
0.69600171 -2.493922 -0.18192168 91
-1.5000485 -2.3010039 -0.13979806 112
-1.4957365 -2.3000314 -0.18860897 25
-1.2985528 -2.3139007 -0.11355489 27
-1.094467 -2.330421 -0.12924972 26
-0.93001753 -2.3440886 -0.12398502 27
-0.87546796 -2.3683519 -0.19720355 86
-0.77068764 -2.3581991 -0.10545313 27
-0.51344466 -2.390471 -0.11042394 79.5
-0.46994847 -2.3977151 -0.12683533 122
-2.234513 -2.2219636 -0.14562511 35.666668
-1.9632316 -2.2384391 -0.14269364 88.5
-1.7371202 -2.2667871 -0.13928631 60
-0.18687588 -2.23506 -0.10379805 68
-3.1686621 -2.1082633 -0.15434676 57.5
-2.7584546 -2.1573286 -0.16268179 65.666664
7.4595466 -2.1863165 -0.18852009 37
-4.7346649 -2.0116665 -0.14528036 41
-4.5623465 -2.0233927 -0.16430528 8
7.3881497 -2.0465508 -0.16257294 36
-4.8366065 -1.9648041 -0.12333456 11
7.3244987 -1.9148564 -0.13928837 35
-4.8880014 -1.8925928 -0.10069564 10
7.412056 -1.8800124 -0.18452069 36
-0.16676465 -1.7841488 -0.10584074 3
7.2706442 -1.7862548 -0.11847891 35
7.3514366 -1.7446674 -0.1651417 35
0.33266962 -1.6169218 -0.12060697 0
7.1941404 -1.6554985 -0.10019282 43
7.2999554 -1.6143748 -0.1479952 35
0.33543012 -1.4241472 -0.13206363 13
7.2561979 -1.4891278 -0.13306051 35
-4.8477645 -1.364607 -0.13437156 11
7.2074628 -1.363866 -0.12017758 43
-4.8937545 -1.2838383 -0.11006297 10
0.33961526 -1.2603362 -0.1404575 0
7.1692796 -1.2436637 -0.1095469 32
0.34034598 -1.143487 -0.14851406 0.5
7.1430631 -1.1285278 -0.10118935 42
0.27168608 -1.0640118 -0.1213012 1
0.3401289 -1.0466042 -0.15546931 1
0.70583349 -1.0037016 -0.11699687 1
-0.019015739 -0.90014958 -0.18801863 16
0.028395092 -0.90297228 -0.19170827 19
0.26923037 -0.93174493 -0.15663692 16
0.33677205 -0.94177854 -0.16714098 10.75
0.46259582 -0.96335131 -0.14895524 7.6666665
0.71146262 -0.98707432 -0.16409397 7
-0.11447331 -0.87779951 -0.11301756 15.666667
-0.077934355 -0.88290787 -0.1440478 14.666667
0.0020233602 -0.8788709 -0.17525178 17
0.265212 -0.80385375 -0.16962202 6
0.34248161 -0.83611351 -0.19663751 6
0.69817722 -0.80963433 -0.14365466 1
0.74304843 -0.81351602 -0.11984207 3
-0.13519225 -0.70595866 -0.1460295 4
-0.058526434 -0.79426897 -0.14571165 7.5
0.32834941 -0.75086683 -0.16444016 8
0.4927316 -0.77420169 -0.18349169 5
0.50722742 -0.76409847 -0.16689008 5
0.65543616 -0.78364378 -0.12420675 5
0.73297697 -0.78552634 -0.13748491 4
-1.1470753 -0.60831773 -0.1436175 3
-0.77118045 -0.64479399 -0.19103359 4
-0.63735896 -0.66143501 -0.1759875 4
-0.53612834 -0.65607828 -0.16394764 7
-0.45034596 -0.65971529 -0.15308672 5.5
-0.33558193 -0.67742616 -0.12589882 3.3333333
-0.20274192 -0.68556178 -0.12623544 4
-0.17033595 -0.68732369 -0.13458157 7
-0.081332311 -0.69710797 -0.12747312 7.5
-1.1485184 -0.5829761 -0.16035104 0
7.0709605 -0.36736584 -0.10140936 39
7.0925484 -0.26452988 -0.10925363 30
-0.41262722 -0.1507431 -0.10861897 1.75
-0.34413242 -0.14011224 -0.12207821 0.94
-0.2939288 -0.13370812 -0.15063542 0.375
7.104229 -0.15965292 -0.11837985 30
-0.28481141 -0.074038282 -0.12815733 0
7.1201019 -0.056809466 -0.13038753 31
-0.26670226 0.086486377 -0.11952576 0
7.1213007 0.046730381 -0.14292879 43
-0.40579656 0.18213215 -0.11013409 1.75
-0.34008667 0.17525697 -0.13416339 1.109375
-0.28637093 0.16517407 -0.17048633 0.78947371
6.7397904 0.14146399 -0.14775519 10
-0.33646995 0.22333921 -0.12699087 1
5.4378133 0.26353538 -0.14087248 71
5.9834776 0.2079958 -0.14282164 16
4.4927535 0.39386347 -0.15119289 12
4.5110493 0.33485025 -0.13846275 31
5.4308834 0.33848414 -0.15524937 3
2.9574716 0.47673449 -0.13964799 54.25
3.1124899 0.45134592 -0.13126382 27
3.2602751 0.43745911 -0.12692963 25
3.4313889 0.42344385 -0.12292589 26.5
2.9504731 0.54532957 -0.16443601 75.25
0.77461958 0.69710898 -0.1816829 14.666667
0.8423503 0.69420028 -0.15202682 13
0.9173522 0.6825816 -0.15498136 12.75
2.9575856 0.63463706 -0.17452721 78.666664
-0.40492588 0.79981971 -0.18395349 14
-0.34588358 0.79117244 -0.17593299 13.666667
-0.21389413 0.791677 -0.12240461 13
-0.15076546 0.78604984 -0.15183611 14.416667
-0.049135871 0.77445686 -0.13499393 14.1
0.049399786 0.76697826 -0.14931549 14.666667
0.14460841 0.75942934 -0.1708557 15
0.46338159 0.72908461 -0.16498116 13.692307
0.54024428 0.72647703 -0.14482072 13.5625
0.66564107 0.71117592 -0.16740727 13
0.74741995 0.70768666 -0.13544701 14.444445
0.85389262 0.70308232 -0.12644666 11.333333
-1.3645992 0.89938623 -0.13623713 4
-1.1377271 0.8921237 -0.15671501 14
-1.0773146 0.88332397 -0.14699744 14.1
-0.945032 0.87309301 -0.14985664 16.1
-0.76517165 0.85195792 -0.14112273 17
-0.63930547 0.8366679 -0.15061234 17.25
-0.52860308 0.82579106 -0.14959787 15.5
-0.44441289 0.82096946 -0.14080983 14.666667
-0.38599649 0.80849934 -0.13475867 14.333333
-0.23696259 0.80145085 -0.10759863 14
-1.854525 0.94255483 -0.10594434 46.5
-1.7410971 0.93178934 -0.11679725 49
-1.6521339 0.92674536 -0.11920414 50.333332
-1.5471191 0.91798919 -0.12691922 19.25
-1.4530292 0.91229248 -0.13610208 7.6666665
-1.3623719 0.90254885 -0.1578586 1.3333334
3.0239277 0.97822547 -0.12156101 72
3.0126634 1.0570798 -0.16591379 69.5
3.0497591 1.1487184 -0.1683652 17.833334
3.0710847 1.2459691 -0.11898855 33.200001
3.0465827 1.3451385 -0.16180784 60
3.0392337 1.4078122 -0.19601712 47
2.7749527 1.8681959 -0.11710383 13
2.8195486 1.8697232 -0.16030768 9
3.1318381 2.4919255 -0.18911973 1
3.2529194 2.6661959 -0.15614082 9
3.2920642 2.7603853 -0.11169146 9
2.8417528 2.8010328 -0.13449372 8
3.0549197 2.8870616 -0.1329383 12.5
1.8195984 -10.59767 -0.043396454 128
2.4821541 -5.8821263 -0.044002268 42
2.5260372 -5.7288294 -0.015797105 48
2.5487235 -4.8940406 -0.051268358 45
2.6848178 -3.9609368 -0.033144366 56
2.5471506 -3.4379005 -0.061880354 81
2.5773063 -3.3487701 -0.026080851 80
2.571732 -3.2753146 -0.010155377 63
2.5520034 -3.1658325 -0.073088512 68
0.6138221 -2.9723291 -0.082395852 9
0.66033947 -2.8836994 -0.032172997 18
5.043664 -2.8561928 -0.09135747 27
5.2244406 -2.868356 -0.052112479 21
5.3565931 -2.8821459 -0.089765117 22
5.4109001 -2.8775704 -0.012981256 36
5.5586567 -2.888845 -0.050933007 32
5.781528 -2.8993337 -0.010565442 34
0.65871465 -2.7216837 -0.080881849 1
2.6627955 -2.6674006 -0.049555045 72
2.875859 -2.6850228 -0.040055741 64
2.9316757 -2.6913173 -0.097717226 70
3.0720627 -2.6667755 -0.082668379 65
3.1599669 -2.6700234 -0.041858055 40
3.2833364 -2.6745133 -0.010960807 1
-0.42900443 -2.4005907 -0.0018065468 138
-0.33154467 -2.4040439 -0.024683919 83.75
-0.26906931 -2.410445 -0.048491206 26
0.064628676 -2.4493256 -0.09741281 19
0.1106367 -2.4390268 -0.054433089 1
0.35435504 -2.4817269 -0.062890671 82.5
0.42337805 -2.4846649 -0.043369394 113
-1.2974341 -2.310791 -0.036694296 115
-1.1036597 -2.3323193 -0.054273747 120
-0.93144429 -2.3465443 -0.047267355 125
-0.78053719 -2.3675101 -0.029519647 129.5
-0.63911915 -2.3745885 -0.037255846 76.5
-0.54543698 -2.3944476 -0.07249511 86.75
-0.42720288 -2.3871644 -0.054003451 25
-2.2439516 -2.2107086 -0.066848308 80
-1.9724522 -2.2374475 -0.048636191 95.5
-1.7322065 -2.2621965 -0.037526209 103
-1.5045153 -2.2944651 -0.066410199 105
0.078880109 -2.2059674 -0.052744772 8
-3.1625254 -2.1035421 -0.073288679 60.333332
-0.19120184 -2.1805189 -0.080327794 5
-3.1628053 -2.0981452 -0.020743627 60
-4.931303 -1.8165036 -0.078718528 10
0.14517559 -1.8027381 -0.024266575 3
-4.9656658 -1.7355603 -0.057981472 10
0.17575836 -1.5526012 -0.049194757 3
0.2071804 -1.5017124 -0.064670362 3
7.1578126 -1.5370814 -0.084495664 44
0.24466962 -1.4500641 -0.084860846 2
7.120028 -1.4216654 -0.070165336 45
0.21399361 -1.3342824 -0.074572824 4
7.0765553 -1.3052301 -0.058593016 48
-0.17843559 -1.2757843 -0.076903649 4
0.25632879 -1.2894322 -0.099532008 0
-4.9559202 -1.1592978 -0.076987535 10
-0.1655239 -1.124831 -0.082051761 7
7.049984 -1.1949425 -0.048623029 47
-5.0402956 -1.0365458 -0.044664379 8
7.0297227 -1.0877248 -0.040838946 44
7.1168065 -1.0134043 -0.095661119 40
-0.1582132 -0.90408015 -0.088689789 8
0.46482143 -0.97929561 -0.067826688 2
0.5120672 -0.96343517 -0.097517446 6
0.65027559 -0.99204719 -0.053576332 0.5
0.76489794 -0.98672563 -0.044852123 7.5
6.9924812 -0.9793846 -0.034235451 42
7.1004109 -0.90233397 -0.091672346 42
-0.14734478 -0.87388718 -0.082423218 15.8
0.77446288 -0.80293536 -0.076715864 4
6.982048 -0.87627143 -0.029386256 42
0.4540652 -0.75461352 -0.016264126 7
0.54217094 -0.77633351 -0.059412271 5
0.78763926 -0.78054982 -0.056779169 6
0.80717164 -0.76579851 -0.035125762 6
6.9616752 -0.77310532 -0.027224194 44
7.0832739 -0.79226971 -0.089791641 41
-1.0487419 -0.61456621 -0.017270945 2
-0.88138646 -0.6209287 -0.016396329 2.5
-0.74641585 -0.63363767 -0.003937372 3.5
6.9526005 -0.67202938 -0.025207337 42
7.0760055 -0.68425912 -0.089459404 40
-1.9153274 -0.53805685 -0.040765084 22.75
-1.7158275 -0.54236406 -0.081224784 1
-1.6624448 -0.56654513 -0.093391478 5
-1.4467444 -0.57282472 -0.06284453 2
-1.3883351 -0.57927322 -0.070613414 3
-1.0744876 -0.59967428 -0.0030951807 5
6.9505396 -0.57303613 -0.026101965 47
7.0715165 -0.57827473 -0.091988236 40
-2.7480547 -0.45753604 -0.010556542 31
6.93857 -0.47297689 -0.02827904 42
7.0719676 -0.47231728 -0.095296666 41
6.9378963 -0.37500805 -0.030601259 44
6.9414172 -0.27809957 -0.035804253 43
-0.41847378 -0.13327071 -0.059093308 0.69999999
-0.36106116 -0.14036354 -0.032133434 0.89041096
-0.26780087 -0.17281638 -2.0214289e-05 3
6.949152 -0.18223833 -0.042473685 45
-0.37653142 -0.09051016 -0.018672116 0
6.9554696 -0.084379226 -0.050557014 47
-0.34744245 0.09287966 -0.037727613 0
-0.26769406 0.017253922 -0.0063777035 0.1730909
0.57127178 0.0095888041 -0.0045289621 0
6.9695311 0.010410895 -0.059431907 43
-0.41200027 0.17076239 -0.065700643 0.86666667
-0.36649793 0.17191213 -0.049700934 0.79452056
-0.28893468 0.11172695 -0.030001882 0
6.3066244 0.18148234 -0.073396429 19
6.9821744 0.10719877 -0.0697207 47
-0.43351823 0.20146917 -0.015255754 1
-0.39956367 0.21431752 -0.077599198 1
5.4007549 0.29751134 -0.084046185 47
5.6196256 0.23587666 -0.07530649 17
4.4075956 0.3504622 -0.086394012 28
3.5698345 0.40593278 -0.0967599 12
4.3647165 0.40269208 -0.096877798 19
0.87926358 0.6965279 -0.085267492 13
0.96331263 0.68857992 -0.045051642 13.809524
1.0194817 0.68820822 -0.03545985 11
-0.33900487 0.79578918 -0.057666142 13.333333
-0.23853938 0.79212862 -0.086509295 13
-0.14526469 0.79290563 -0.046953619 13.909091
-0.049195316 0.78074527 -0.063840434 12.076923
0.014412805 0.76595312 -0.085246079 12.666667
0.55512685 0.73253435 -0.075617887 13.875
0.6460228 0.72645342 -0.043888696 13.571428
0.74882782 0.71288526 -0.052873023 14.142858
0.84113669 0.70701879 -0.037423048 14.055555
0.92995203 0.70052469 -0.0549796 13
3.0461731 0.77582008 -0.025184914 72
-1.1305821 0.89555931 -0.053930741 14
-1.065237 0.88719159 -0.047545027 12.416667
-0.94563299 0.87897116 -0.050896104 16.272728
-0.75819749 0.85593867 -0.05145286 16.888889
-0.64079463 0.83795583 -0.043701895 17
-0.53151387 0.82818222 -0.052324768 14.769231
-0.44763675 0.8220101 -0.057070822 15
-0.35545492 0.81430584 -0.03066681 14.066667
-0.26077735 0.80803961 -0.042609058 15.333333
-0.18848187 0.80364752 -0.026052348 15
3.0359459 0.85643792 -0.061492443 70
-2.4070139 0.99298966 -0.060231637 40
-2.3264985 0.98811108 -0.043425288 31
-2.287055 0.98317462 -0.069459513 49
-2.1837907 0.9725619 -0.064691566 43
-2.0812712 0.96471786 -0.073115811 40
-1.9580547 0.95579106 -0.079660371 39.666668
-1.8133318 0.94343871 -0.084865764 40
-1.7362936 0.93757606 -0.091908991 43
3.0290682 0.91684067 -0.09027414 70
-3.3249035 1.0834318 -0.0072468491 35
-3.0535016 1.0567524 -0.011749104 30
-2.8497291 1.0381896 -0.022328582 31.5
-2.709708 1.0234433 -0.040709581 46
-2.6384566 1.0204723 -0.024771761 29
-2.5556805 1.0101486 -0.051054653 50
-2.4667032 1.0006378 -0.033813696 29
3.0810051 1.0574362 -0.021447539 83
3.0755715 1.1410625 -0.058394983 80
3.0657949 1.2018123 -0.087946698 77
3.101445 1.2517521 -0.089471638 4
3.1516891 1.6741672 -0.023027074 42
3.1478455 1.7270931 -0.054922309 28
2.7538021 1.8853166 -0.076650888 20
3.1382802 1.8436296 -0.031210657 5
2.7669747 1.9309582 -0.038524847 17
3.2835307 2.4268427 -0.022504065 7
2.8619959 2.8769758 -0.080695793 8
3.1716938 2.8924406 -0.059440825 10
3.2491968 2.8591506 -0.0096152807 8.5
3.3041897 2.8288703 -0.064034157 10
3.4316738 3.6553097 -0.053800929 46
3.4400656 4.110249 -0.056679305 9
2.4781544 -6.0313115 0.088867784 35
2.5459874 -5.7393885 0.053447027 44
2.5856988 -5.5838337 0.079340644 49
2.5766563 -5.1193008 0.052175995 39
2.7092793 -4.1154523 0.050219622 57
2.5880306 -3.3817081 0.057749558 56
2.6240532 -3.2606342 0.051555399 77.666664
2.6396534 -3.1860335 0.061598603 82
5.8347526 -2.9023921 0.070268683 43
6.0457835 -2.9232688 0.030248508 37
6.3249211 -2.946259 0.072965309 30
2.6730106 -2.8101563 0.064174972 61
5.6115108 -2.8878958 0.027371086 41
0.70479745 -2.7900581 0.017246388 4
2.65714 -2.7231457 0.0067989854 63
3.2624888 -2.7157483 0.050240636 52.5
2.7617803 -2.6623964 0.07150951 63
2.8182726 -2.6747205 0.016703479 66
3.2236874 -2.6761143 0.010184946 30
3.3280826 -2.6916101 0.052004542 9
-0.36065596 -2.4095795 0.043102171 140
0.15583862 -2.4433148 0.069586121 27
0.27172306 -2.462919 0.052693591 74.5
0.35777575 -2.4719844 0.031568833 110.4
0.47055796 -2.4821625 0.0079391031 33
0.77836782 -2.4956832 0.030614385 3
-1.2962253 -2.3076975 0.039170556 117
-1.1125156 -2.3241916 0.045313507 124.5
-0.93124384 -2.3421531 0.056608289 128.5
-0.79021263 -2.3592668 0.072988436 126
-0.64105713 -2.371789 0.067952231 139.5
-0.53378153 -2.3856349 0.027254259 135
-0.43081224 -2.3939962 0.052165721 131
-0.36426461 -2.3563282 0.096720956 150
-2.2402227 -2.2074676 0.031304602 78.5
-1.9802318 -2.234369 0.052824497 61
-1.7306437 -2.2575986 0.062424723 94
-1.6266617 -2.2818918 0.096775413 39
-1.5120437 -2.2874131 0.030298242 101.5
-1.2947518 -2.2999663 0.090387762 114
-3.4319489 -2.1085174 0.094933838 65
-3.3150575 -2.1149523 0.061164483 65
-3.2211666 -2.1307445 0.028367462 9
-2.769083 -2.1729281 0.094728567 29
-2.6846104 -2.1777008 0.068300858 9
-3.1678183 -2.0962844 0.055366822 59.400002
-0.29028484 -1.775617 0.023523398 160
-0.31059217 -1.6874524 0.05974181 159
-5.1077371 -1.503301 0.0004063985 10
-5.172719 -1.430003 0.018897042 11
-5.1903329 -1.3403742 0.035516951 11
-5.1918116 -1.2469875 0.050903622 5
0.57369429 -0.96282846 0.048751406 7.125
0.78091258 -0.99338889 0.077548169 7
0.81912154 -0.97024041 0.070965908 3
0.58336973 -0.75247282 0.03184627 5
0.64102298 -0.75715452 0.08148022 5.1428571
0.78986752 -0.78166908 0.053416878 4
0.81943601 -0.77922291 0.034678619 6.3333335
-1.0480845 -0.60618621 0.036312085 7
-0.66249812 -0.62148261 0.0013321424 5
-0.56028515 -0.64952028 0.014828671 1.5
-0.41971108 -0.66282994 0.02581292 5
-0.34552848 -0.67376387 0.032902695 5
-3.8171117 -0.55513507 0.0065428307 23
-3.7883394 -0.55491126 0.078512773 20
-3.4733829 -0.56243944 0.063748151 4
-1.4089848 -0.57684928 0.091232672 2
-1.0572689 -0.58989054 0.043438029 2
-3.4613934 -0.43456861 0.016585167 1
-2.6943679 -0.46432939 0.039913926 39
-2.5066762 -0.46903026 0.030951353 2
-2.3862162 -0.48182288 0.022614919 7
-5.2814393 -0.39270887 0.069678836 10
-3.7484775 -0.34625873 0.066769421 23.5
-3.4660974 -0.3778182 0.053553559 26.5
-5.3161926 -0.29421622 0.081535496 17
-4.0965257 -0.1445836 0.068530723 33
-0.32706875 -0.15951446 0.012486694 0.76190478
-0.27837977 -0.1636032 0.013283193 4.6190476
-4.1487155 -0.068965569 0.076566838 13
-4.1398778 0.0080114752 0.082214989 10
-4.0503535 0.083136886 0.084358476 35
-0.31853822 0.016286138 0.086276971 0.52452832
-0.25493836 0.0035783777 0.017738506 0
0.59157008 0.0033317832 0.0031844527 0.51934522
0.60197169 0.0007190833 0.0044915788 0
-4.1003165 0.16068195 0.088482998 8
-0.33687773 0.17307033 0.025929263 0.85106385
-0.28346834 0.16416037 0.026610637 1.3333334
-3.5697823 0.39285365 0.095019571 68
-3.5462532 0.44345438 0.081645578 54.666668
3.1127183 0.4715364 0.089196891 37
-3.6417131 0.57426775 0.079430982 34.5
-3.5537362 0.5144403 0.08505398 43
3.0534363 0.54565865 0.060787808 84
-3.6472909 0.66071874 0.072941832 38.333332
0.95107174 0.69352084 0.036302157 13.888889
1.0395024 0.68901372 0.052755013 14.777778
3.0520442 0.65100873 0.024702344 76
-3.6726472 0.72871768 0.06919647 25
-0.15315922 0.79501271 0.024846813 12.25
0.66250992 0.73120278 0.049621683 14.48
0.74392682 0.72223693 0.054159835 13.875
0.8391971 0.71277279 0.051445585 14.052631
0.93633783 0.70443338 0.064376272 14.25
1.0404887 0.70171183 0.083227813 15
3.0806367 0.74916363 0.058284659 78.666664
-1.2538124 0.89561415 0.017553009 2
-1.17202 0.89117652 0.030915448 0
-1.0811695 0.89497536 0.042782441 14.625
-0.95146674 0.88932037 0.052436493 16.727272
-0.82844168 0.86781198 0.055600382 15.727273
-0.73071676 0.85228062 0.034853339 17.285715
-0.64748627 0.84394103 0.052566864 17
-0.53637272 0.83271652 0.054111719 15.454545
-0.42997569 0.82269406 0.046884425 15
-0.35601217 0.82558203 0.050922148 15.571428
-0.24822634 0.81198543 0.03913442 15.409091
-0.16363731 0.80260539 0.03584037 14
3.0923171 0.84975564 0.0592607 74
-1.5160508 0.92855114 0.084695235 12
-1.4213753 0.91460079 0.074226893 12.333333
-1.333673 0.90982175 0.056364276 10.25
-1.2430212 0.90303648 0.049528588 6
-1.1337967 0.90268636 0.052457351 14
-1.0786006 0.90001607 0.0952508 14
3.0901115 0.95450145 0.020615825 78.666664
-3.2707486 1.080209 0.0073570265 25
-5.1619425 1.1202297 0.093240052 86.5
-4.3012285 1.1760533 0.049722262 23
-4.2803307 1.170243 0.038389325 27
-3.8867283 1.1336503 0.027663637 26
-3.5638199 1.1041498 0.013783671 28.5
-5.1527872 1.2179072 0.081967838 83
-4.8085699 1.2233731 0.069232374 21
-4.735745 1.2117709 0.057728603 21
3.1853778 1.4723867 0.097182095 71
3.172231 1.5478094 0.053350225 68
3.1611989 1.6242232 0.0087765222 52
2.9951715 1.8623252 0.091291688 23
3.0445881 1.8657866 0.046595901 10.333333
3.2587011 1.8206768 0.063390337 7
3.1222229 1.9018098 0.091607228 7
3.2694979 2.4981499 0.078428715 5
3.3106701 2.4945292 0.026014812 9
3.1682642 2.8501654 0.096108735 9
3.2152517 2.8460567 0.043097988 10
3.4689951 3.8875825 0.062029574 48
3.453789 3.9939444 0.0041701673 49
2.0032854 -10.589928 0.13493139 81
2.2223127 -7.9869609 0.1270206 21
2.6061378 -5.6017008 0.14465663 45
2.6452606 -5.4468408 0.16882582 54
2.6020582 -5.3484669 0.16332626 3
2.7299001 -4.2707334 0.14174955 57
2.7365291 -3.7202482 0.13172227 150
2.6779208 -3.1362 0.13063397 85.5
2.7098389 -3.0665267 0.17950776 87
2.6992474 -2.9779031 0.18832926 64
6.0777555 -2.9210644 0.11292447 40
6.3391805 -2.9398708 0.15814337 40
6.6295485 -2.9703443 0.11814474 31
6.8134961 -2.9259527 0.16130166 56
2.6885238 -2.8960953 0.12467018 64
2.7394543 -2.7467494 0.18408456 59
3.3520577 -2.7308643 0.15146433 74
6.7206297 -2.7504778 0.19528919 49
2.7258577 -2.6733372 0.12666565 62
3.0887277 -2.6809022 0.19104971 69
3.1534588 -2.691767 0.13550198 75
0.78524327 -2.5909367 0.10458955 23
0.24805266 -2.450583 0.15414402 96.25
0.33843508 -2.4588516 0.15864933 118.75
0.45711908 -2.4698775 0.14495848 130.66667
0.84066606 -2.4812095 0.1633645 68
-1.2985055 -2.3061683 0.14235561 112
-1.1234329 -2.3195062 0.14424574 128
-0.93206358 -2.3357472 0.16086462 137
-0.80407149 -2.3524635 0.19971855 124
-0.79853511 -2.3575845 0.14903183 125
-0.6434077 -2.3695002 0.17212555 138
-0.54463315 -2.3807111 0.1311546 139
-0.43344966 -2.3911228 0.13170609 138
-2.2390938 -2.2021747 0.13068947 73
-2.1056273 -2.2302818 0.13520594 4
-2.0469036 -2.242368 0.10194435 25
-1.9903523 -2.2233424 0.13699339 83
-1.7454165 -2.2556014 0.16428541 77.25
-1.6767781 -2.2694354 0.12412233 64
-1.5254062 -2.2791779 0.1514198 103.33334
-1.4047204 -2.2653952 0.18233207 1
-1.2959235 -2.296464 0.19263791 118
-3.6656048 -2.0826113 0.16592894 76
-3.5395944 -2.0921555 0.12967618 70
-3.1717839 -2.09162 0.13495037 56
-0.34908128 -1.6112387 0.13058715 157
-0.34296262 -1.3080294 0.15189968 5
-0.34073043 -1.1279634 0.16926458 5
0.8422491 -1.0132164 0.13215077 0
-0.33668721 -0.94694686 0.17775434 7
0.5341807 -0.97177142 0.13605444 7.6666665
0.60992074 -0.95917386 0.1324877 5.3333335
0.86323166 -0.97906512 0.15144347 3.6666667
-0.33496892 -0.83592021 0.18638626 15
-5.3642635 -0.71986449 0.12691146 38
0.49325833 -0.73460597 0.1951196 9
0.5487113 -0.74688399 0.15673053 7.1999998
0.64748591 -0.75599092 0.14890745 6.1428571
0.88916737 -0.78784251 0.15830263 4.5
0.90861291 -0.78394008 0.19274904 5
-1.013279 -0.61308879 0.14477202 8
-0.96813768 -0.60974133 0.15950704 5.5
-0.87039191 -0.60783392 0.14538758 5
-0.75282633 -0.62340903 0.15399739 6
-0.64564568 -0.62776911 0.16258675 8
-0.53350383 -0.62794906 0.17904007 4
-0.49135965 -0.63429093 0.18614745 1
-0.34068379 -0.67152572 0.19147801 7
-1.797067 -0.53882021 0.18565437 22
-1.4443536 -0.56640434 0.10285106 4
-1.3208572 -0.57059222 0.11625315 3
-1.0046823 -0.58211643 0.14971508 1
-5.3320909 -0.43574584 0.14849547 73
-5.3091655 -0.3409175 0.15353121 76
-4.1213613 -0.18452531 0.1173913 29
-4.0981956 -0.1127569 0.12016941 33
-4.1916819 -0.04425478 0.12519518 9
-4.0597572 0.061408214 0.1208398 33.5
0.58599806 0.0099006956 0.10605986 0.80194807
0.60824019 0.0021529656 0.11352096 0.013986014
-4.105598 0.16857857 0.12244143 7
-5.2383256 0.3344779 0.14484811 85
3.9509969 0.3944498 0.17631358 6
-5.2293849 0.44530922 0.13644102 81
3.1406355 0.48519149 0.1692833 53
3.2847724 0.45690319 0.10726169 27
3.3591604 0.45871717 0.19945222 25
3.5035555 0.44309214 0.12888749 25
3.8087194 0.4339492 0.15631303 37
-5.2259226 0.50434005 0.12211323 82
3.098161 0.58113855 0.1414337 74
3.1014895 0.54023397 0.15245631 76
0.97695434 0.69628263 0.16863367 14
1.0489283 0.69298768 0.12418124 15.111111
1.135675 0.68858176 0.19290473 16
3.0981221 0.64295006 0.1248219 77
0.58442855 0.74926555 0.16755101 15
0.639346 0.73841244 0.14745346 14.428572
0.75454843 0.7295078 0.14146309 14.08
0.85519868 0.72082555 0.15307641 14.4
0.93973583 0.71135747 0.14397687 14.692307
1.0447066 0.70270604 0.16390485 12.7
3.0952258 0.70377141 0.10684723 77
-1.1319991 0.89778888 0.17129238 2
-0.97008246 0.89507228 0.15068194 16.700001
-0.8298685 0.87597412 0.13838366 15
-0.72311103 0.8634792 0.15839063 17.571428
-0.66518945 0.85911989 0.15508983 17.142857
-0.54538274 0.83861256 0.15369652 16
-0.42418581 0.83407182 0.1504108 15.5
-0.32119083 0.83009732 0.15110837 16
-0.24302439 0.81960106 0.15222777 16
-1.964919 0.97100604 0.19106258 45
-1.8743719 0.96231502 0.17023481 46
-1.7634896 0.95519561 0.1557693 46
-1.6549149 0.94602495 0.14200009 49
-1.5640481 0.93523747 0.11415875 45.5
-1.4893483 0.93201011 0.11329015 11
-1.142817 0.9103443 0.15676859 13.5
-1.0882726 0.90110958 0.14631322 14.25
3.1955161 1.3410363 0.16417389 78
3.1919956 1.4214408 0.12478591 74
3.2769935 1.6362735 0.15257685 4.3333335
3.3054223 1.7143325 0.19305509 14
2.9297483 1.8786174 0.15934981 24
3.2664063 1.8533295 0.14509314 43.333332
3.2764416 1.9243002 0.13332413 28
3.3346598 1.9690058 0.18278928 29
2.907269 2.2346647 0.17289187 17
3.0511084 2.3339305 0.12836516 5
2.9651065 2.6767128 0.14612743 24
2.9354033 2.8748899 0.17938548 3
3.4929323 3.6728404 0.17150281 43
3.4805927 3.7772307 0.11787446 50
1.9990067 -10.147714 0.24491714 26
2.5003145 -6.336513 0.22564448 3
2.6648202 -5.4670172 0.23451558 50
2.7012284 -5.3098469 0.25483474 51
2.7536633 -4.4339461 0.23830077 53
2.8058989 -3.9329543 0.2151769 55
2.7344093 -3.049783 0.25050333 72
2.760515 -2.9441497 0.2509909 82.666664
6.6098719 -2.953738 0.20529686 57
2.7561951 -2.8251588 0.24417455 68
2.8024948 -2.8410223 0.29903263 86
6.6199193 -2.8354328 0.24208441 55
3.2664313 -2.7001908 0.20458318 68
3.6697686 -2.7770007 0.25761846 1
2.9694567 -2.6613514 0.29925013 71
3.0288672 -2.6721158 0.24562153 72
3.2060592 -2.6917915 0.25784114 67
6.5347872 -2.6753521 0.27343887 55
6.6510034 -2.5901041 0.22686866 51
0.17594287 -2.4419379 0.24895583 53.5
0.26677328 -2.4468195 0.24294612 79
0.34552282 -2.4455552 0.25967196 113.5
0.42856565 -2.4560895 0.26137713 81
0.54206979 -2.463017 0.23014162 32
0.67224514 -2.4767332 0.2469621 24
0.87141252 -2.4887228 0.24847974 17
0.90662014 -2.4795249 0.22820814 23
6.5714116 -2.4317043 0.25435492 54
-1.1368878 -2.3158138 0.24345434 115.5
-0.93378913 -2.3293481 0.26403505 127.5
-0.80860591 -2.3453457 0.25049058 125
-0.64445931 -2.3660736 0.25223875 137
-0.55501282 -2.3712902 0.2355812 144.5
-2.0131335 -2.2233334 0.25102004 48
-1.93444 -2.2366409 0.25097215 27
-1.8438019 -2.2449913 0.20787539 57
-1.7320241 -2.2492199 0.23984857 96
-1.5421518 -2.2744026 0.26132676 87
-1.4674481 -2.2856584 0.21841574 90
-1.3012028 -2.295908 0.29556701 112
-1.2996435 -2.2996674 0.24456157 113
-1.0976766 -2.2952156 0.27073044 4
-0.42833728 -2.2463799 0.20427977 150
6.5080147 -2.2823775 0.27951464 59
-3.3060749 -2.1024301 0.26442578 69
-3.211776 -2.1184101 0.23518927 66
-3.1160491 -2.1314044 0.20615685 12
-2.2412713 -2.1992955 0.20522754 75
-4.0720601 -2.0396614 0.28041953 63
-3.9311442 -2.0563691 0.24143761 68
-3.791013 -2.0680645 0.20295526 63
-3.4157214 -2.0932248 0.29441133 65
-0.39479333 -1.555622 0.20332514 151
-0.38012511 -1.2656529 0.21032847 5
-0.37255722 -1.0946149 0.21907225 5
0.45295027 -0.94458014 0.25075549 3.75
0.65815485 -0.95798147 0.25761884 4
0.83856767 -0.98383468 0.29911596 8
1.0303842 -0.93393922 0.28399926 3
-0.3510702 -0.83955193 0.26558825 17.666666
0.89658374 -0.88548064 0.27794263 4
0.96381408 -0.81347537 0.26012543 7
1.0184357 -0.85397476 0.28501409 4.8333335
-0.35562003 -0.76277936 0.21576028 12
0.6836859 -0.74954915 0.25576231 5
0.73123103 -0.76186866 0.27372235 5.4285712
0.85641366 -0.78223932 0.2134272 4.75
0.93584412 -0.77973473 0.24234086 4.4444447
1.0441816 -0.79355401 0.29592788 1
-0.95508748 -0.61994541 0.27381 6
-1.921266 -0.52590305 0.21285979 7
-1.7772696 -0.52982211 0.2246516 21
-1.3168321 -0.57542485 0.27466211 5
-1.2616768 -0.58113694 0.27907002 4
-1.0501227 -0.58174473 0.284118 6
-0.94567364 -0.58501351 0.27461055 4
-0.8906619 -0.59794939 0.29397267 5
4.7622571 0.34340793 0.24674818 23
5.2981057 0.30539596 0.29213959 15
3.5673025 0.44415411 0.22347136 22
3.7782316 0.42258292 0.24894063 8
4.7198653 0.41250625 0.23014151 8
0.95298225 0.69760567 0.20736778 14
1.0755565 0.69862461 0.23052002 6.5
1.1318052 0.6970703 0.23965645 16
0.55847114 0.75642991 0.25956357 15.277778
0.65446997 0.74386829 0.24499153 14.375
0.75693965 0.73874873 0.24843064 14.363636
0.85866892 0.72979093 0.24301006 15.148149
0.93950737 0.71794659 0.25536799 13.411765
1.0432842 0.70868433 0.25434312 13.928572
-1.0328496 0.89790756 0.21638705 12
-0.97089845 0.89735609 0.23421688 15.333333
-0.85121429 0.89106941 0.26009399 18.25
-0.75659978 0.86855584 0.24674347 15.2
-0.66011369 0.86597288 0.26952559 18.1
-0.5587787 0.85306042 0.2509025 17.470589
-0.44547299 0.8378045 0.25470898 16.076923
-0.32917005 0.83562481 0.25382861 16.1
-0.24725185 0.82608134 0.24857238 16
-2.1830809 0.99501139 0.2382082 50
-2.075556 0.98643792 0.23132378 40
-1.9724065 0.97968465 0.22484285 39
-1.8760115 0.97056437 0.20363596 37
-1.4196082 0.9286558 0.28511572 12
-1.3331938 0.92163092 0.26847562 11.666667
-1.2339847 0.92237651 0.25698572 11.142858
-1.1529517 0.91769981 0.24250118 13.25
-1.0199842 0.90206772 0.2666522 15
-0.9898873 0.90399003 0.28889316 15
-2.4414525 1.0187031 0.29183957 44
-2.3049395 1.0052432 0.26434875 50
-2.2100501 1.0044271 0.2756153 34
3.2202458 1.0568075 0.29212189 76
3.2207303 1.1372205 0.26081076 77.5
3.2097397 1.2401274 0.21405803 75
3.2873237 1.5945793 0.27991059 76
3.2833071 1.6503224 0.25661752 81
3.3184171 1.67085 0.22053254 9
3.2730052 1.7344439 0.21890366 77
3.3399165 1.7462175 0.25060183 19.5
3.36414 1.828495 0.28081721 28.5
2.9007442 1.9212219 0.22930051 24
3.3731508 2.0447745 0.24689093 32
2.933388 2.2933538 0.22117364 7
3.5406997 3.3881669 0.21790612 41
3.5204792 3.4749467 0.27290642 12
3.5896406 3.5095596 0.28640056 43
2.1215222 -10.133509 0.30126724 35
2.2334526 -8.4925709 0.31374541 18
2.720571 -5.3343821 0.31878737 48
2.7748249 -5.2037921 0.39886588 50
2.757838 -5.1818552 0.3373009 56
2.78057 -4.6090403 0.34219772 48
2.8348944 -4.0782151 0.30513158 55
2.7457321 -3.1795962 0.32820207 64
2.7845221 -2.9487271 0.34034738 62.5
0.84959012 -2.8117032 0.39473453 2
2.8202686 -2.8510175 0.3548615 79.5
2.828721 -2.7670257 0.34098789 58
3.4415016 -2.7160082 0.33550271 42
3.552531 -2.7504258 0.33681875 23.5
2.8577657 -2.6990335 0.38290492 28
2.9153972 -2.6526461 0.35323295 73
3.0884454 -2.6710513 0.36243671 76
3.1470397 -2.6814132 0.31059146 61
3.3695934 -2.6992426 0.38755596 69
6.4742403 -2.5305111 0.30247638 59
0.13881999 -2.4297202 0.32928517 51
0.35868105 -2.4416044 0.32592535 66
0.45594335 -2.4566996 0.34116879 77
0.62406242 -2.4709511 0.33622408 70.5
-1.2298545 -2.3061185 0.34832484 106.5
-1.1446204 -2.3095944 0.32893276 90.25
-0.9357757 -2.3247836 0.34210673 121
-0.81896269 -2.3431592 0.32685173 123.5
-0.64588964 -2.3556156 0.33028442 145.5
-0.56586146 -2.3658714 0.33948007 147
6.403038 -2.3856134 0.32813039 56
-2.0318089 -2.2128615 0.3702718 52.5
-1.7376347 -2.2480121 0.39161587 49
-1.6488688 -2.2589188 0.33687359 77.5
-1.5610923 -2.2637031 0.39287025 25
-1.3039382 -2.2940645 0.39401832 112
-1.2540066 -2.2913532 0.37257004 65.5
6.3353062 -2.2447689 0.35165435 61
-2.8163414 -2.1225624 0.37121862 65
-2.7858038 -2.1271973 0.38289925 14
-2.604811 -2.1728261 0.38401324 43
-2.5253873 -2.1818314 0.34647626 1
-2.2476711 -2.1905034 0.35506469 19
6.2752519 -2.1120145 0.3730303 62
6.4438615 -2.1380546 0.30258012 58
-3.659445 -2.0773225 0.3611553 66
-3.5286636 -2.081923 0.32657465 68
-3.2120619 -2.0813553 0.37361506 57.333332
-3.1945243 -2.0823636 0.31544822 61
6.224297 -1.9863634 0.39222759 60
6.3824801 -1.9977524 0.32278889 59
6.3387084 -1.8665296 0.34065104 54
6.2807555 -1.7352581 0.35588896 58
6.2453933 -1.6130791 0.37082955 59
6.2113953 -1.4929156 0.3829273 60
-0.46447515 -1.3428063 0.33888313 5
6.1667633 -1.3727156 0.39305678 59
-0.44595307 -1.1569184 0.33075294 4
-0.4749465 -1.0729482 0.38717052 5
-0.44053686 -0.95621419 0.34384787 5.5
0.38670239 -0.93502665 0.37070525 8.666667
0.4130308 -0.94144535 0.31566763 9
0.59478801 -0.94241595 0.3630625 4.5
0.65310574 -0.94336081 0.31786028 7.5
0.71572506 -0.93429911 0.33615959 5
0.94313365 -0.95746315 0.35291135 8
-0.41919094 -0.82978201 0.33781165 15.2
-0.35434818 -0.83299154 0.3399753 17.666666
0.73214424 -0.86427718 0.35233447 2
-0.41995406 -0.7553643 0.35672736 13
-0.35910404 -0.74229044 0.35678068 11
0.47978884 -0.7224285 0.3788994 8
0.57830697 -0.73582512 0.33340362 8
0.7375325 -0.74441713 0.34787747 8
0.84111625 -0.74848419 0.3763561 8.1538458
0.93764615 -0.75969154 0.33613205 7.75
1.0158569 -0.77178949 0.31076884 6.25
-1.0006716 -0.60642183 0.30070829 7
-0.91669273 -0.61569101 0.34045044 5
-0.83606905 -0.61714602 0.30871537 5
-0.7374351 -0.61775011 0.31194457 3.6666667
-0.64685404 -0.62188733 0.32175446 2
-0.56368965 -0.62590915 0.32535204 0
-0.41646951 -0.64911193 0.33570987 8
-0.36393109 -0.64898258 0.33790103 8
-1.5501528 -0.52779782 0.37530792 7
-1.4898652 -0.53923726 0.36865294 7
-1.1457138 -0.55814695 0.39749166 4.5
-1.0809667 -0.56714541 0.39449167 1
-0.90693694 -0.58947629 0.36738598 3.5
-2.3516562 -0.45170817 0.32179555 8.333333
-2.2224505 -0.46124616 0.32376409 11
-2.1716321 -0.48941451 0.3107321 4
6.0454054 -0.1291742 0.39951903 58
6.0513244 -0.032249585 0.39060247 60
6.065011 0.064640149 0.38086534 60
6.0765471 0.16153076 0.36903664 60
6.0087776 0.25472367 0.35130063 22
4.4862304 0.38620934 0.32535613 37
4.813879 0.34874612 0.36274049 13
4.5008292 0.45297489 0.315927 0
1.1727984 0.69270527 0.34180576 15
1.2103323 0.68459886 0.3696869 10
0.48549655 0.77047205 0.36792699 15.5
0.53614485 0.76121163 0.33981466 15.352942
0.63725662 0.75015181 0.35697439 14.714286
0.73532844 0.73955727 0.34180436 14.083333
0.8605718 0.73153168 0.35420093 14.727273
0.95304018 0.72814405 0.33716282 11.058824
1.0507524 0.71944714 0.35533741 13.8
1.1497536 0.70937294 0.35668454 12.125
3.235008 0.7970199 0.38585016 79
-0.9883036 0.89552325 0.36428523 2.5
-0.87977654 0.89718932 0.35399517 17
-0.7395575 0.87845922 0.35539806 15.545455
-0.64869702 0.86912531 0.35399488 19.166666
-0.56727946 0.86176544 0.33608678 18.615385
-0.44686753 0.84312451 0.35106328 16.5
-0.33702248 0.82902676 0.34821433 16.125
-0.25469962 0.82434845 0.34858316 16.200001
3.2288299 0.87396538 0.35924608 74
-1.659544 0.9587568 0.37487203 51.5
-1.5301371 0.94565403 0.35267353 46.5
-1.4659021 0.9395268 0.32838085 11.5
-1.3744205 0.92502505 0.31930941 11
-1.239006 0.93451226 0.36583301 11.142858
-1.1795701 0.93166965 0.3362695 11.833333
-1.0376339 0.91000515 0.3559989 13.272727
-0.87713546 0.90129179 0.33939049 17
3.2290139 0.95388943 0.33183274 73
-2.7977371 1.0601301 0.36389831 49
-2.6527998 1.0483577 0.34972471 38
-2.5102825 1.036859 0.33699551 34
-2.3452284 1.016976 0.30353615 33
3.2267659 1.0068436 0.31264952 73
3.2953045 1.3401897 0.37359893 83.5
3.2944567 1.4531955 0.33396557 78.5
3.2884619 1.5358471 0.30186865 73
3.3731179 1.7741976 0.31086031 24
3.3983021 1.817536 0.34938514 27
3.4115758 1.8796625 0.36273611 31
3.4244275 1.9447637 0.3770135 35
3.4236407 2.1453772 0.33779383 40.5
3.4230273 2.3086131 0.39635563 3
3.4606671 2.4482601 0.32741004 45
3.5373416 2.9448669 0.34262085 46
3.5493128 3.3963223 0.32239887 0
3.6464159 3.6429348 0.35948151 44
1.9469177 -10.572323 0.48246017 95
2.819901 -5.067049 0.44698468 55.5
2.853915 -4.9088635 0.49119496 57
2.8067095 -4.7899318 0.45474425 44
2.8622422 -4.2233934 0.40094295 53
2.7989206 -3.4009867 0.48637211 55
2.7733891 -3.2903535 0.40502456 54
2.8147721 -3.0772164 0.44414237 61
2.8727126 -2.7338128 0.44332477 52.5
3.4290857 -2.7128234 0.41287211 78
4.4634609 -2.7752821 0.48355797 16
4.6155977 -2.7591715 0.46703437 55
0.93629301 -2.6992545 0.47418371 2
2.888525 -2.6625288 0.42953846 31.666666
2.9806337 -2.6494431 0.46499169 69
3.0365243 -2.6637633 0.41416186 72
3.2412956 -2.6719401 0.48914945 67
3.3298538 -2.6883879 0.45063722 67
0.061002731 -2.4072716 0.49048254 47
0.1155493 -2.4198732 0.44809783 18
0.28088152 -2.4348998 0.468346 115.5
0.41404563 -2.4524107 0.45491409 113.5
0.57050371 -2.4543602 0.44594607 79.400002
0.94890511 -2.4822867 0.44062504 68
-1.0290946 -2.3086967 0.48511982 122
-0.95898116 -2.3155327 0.4362542 102
-0.83785808 -2.3262646 0.46857649 100
-0.64800632 -2.3355114 0.46135423 4
-2.0504897 -2.2053704 0.46349946 88
-1.9066736 -2.2252958 0.49926609 2
-1.8443998 -2.2290401 0.46116397 29
-1.7585677 -2.2359502 0.45477116 85.333336
-1.5740246 -2.2601595 0.46551067 105.5
-1.4341505 -2.2784722 0.47270578 97
-1.3318563 -2.2887688 0.44725531 109.5
-1.2789118 -2.280848 0.44161099 64.5
-1.1583374 -2.2875559 0.43976724 25
-0.93750042 -2.2996914 0.49721888 27
-2.8270531 -2.123395 0.45452738 66.666664
-2.7963862 -2.1290452 0.43319172 62
-2.6867185 -2.1627848 0.42321011 60
-2.3709872 -2.1924968 0.45167282 6
-2.2556019 -2.188014 0.43210402 74
-4.0471888 -2.0315747 0.46496925 10
-3.2236214 -2.0744746 0.45222139 60.25
-4.7654772 -1.9724193 0.45830101 53
-4.5766397 -1.9936607 0.41009802 8
6.1662612 -1.8596643 0.41010025 64
6.125792 -1.7421438 0.42569408 65
6.0845895 -1.626624 0.44061139 63
-0.53513217 -1.5068387 0.43460149 100
6.0433111 -1.5151337 0.45274287 63
6.0055408 -1.4056821 0.46413708 62
5.9776139 -1.3003331 0.47401688 63
-0.4980455 -1.2445306 0.40439686 5
6.1369243 -1.2585839 0.40087005 61
5.9418621 -1.1969372 0.4819088 62
6.1105986 -1.147469 0.40793481 60
5.9168472 -1.0954742 0.48894274 64
6.097681 -1.0404121 0.41411084 60
0.35458681 -0.92658776 0.43849254 2
0.72010118 -0.94879436 0.44424653 5.4000001
0.87562644 -0.95255506 0.43589556 8
0.90160584 -0.94730628 0.43508002 8
5.903656 -0.99928015 0.49658945 60
6.068459 -0.9313004 0.41697901 58
-0.43472359 -0.81056142 0.45021614 16.25
-0.36089128 -0.82317454 0.45909426 17.75
0.82951736 -0.89724326 0.44899511 8
5.8699169 -0.89995712 0.4995493 58
6.0569043 -0.82725912 0.42031515 59
-0.50946784 -0.71576595 0.46814469 5
0.39316922 -0.7193231 0.40438235 5
0.41830477 -0.71877784 0.40267169 4
0.59201634 -0.71741772 0.46861729 8
0.64479077 -0.73066676 0.45120025 7.5999999
0.74258405 -0.71881121 0.43675336 8
0.80796325 -0.74844724 0.42878503 6
6.0453048 -0.72422791 0.42082551 59
-0.84847838 -0.60462481 0.41173476 5.5
-0.71065468 -0.60966229 0.42287242 5
-0.52797282 -0.61193383 0.43897933 7.5
-0.43555927 -0.6211738 0.45237952 8.3000002
-0.35297757 -0.62798089 0.46268961 8.125
0.58206886 -0.69220513 0.48521268 10
0.63613647 -0.69686782 0.48230138 9
6.0393543 -0.62322021 0.42126021 60
-1.5853446 -0.50045848 0.40672889 1
-1.2340401 -0.54059321 0.43634745 5
-1.1321843 -0.54416353 0.41964531 2.5
-1.0593328 -0.56974375 0.41143501 5.75
-0.94111574 -0.56613445 0.43013555 6.125
-0.86202651 -0.57841915 0.4256165 6.375
-0.74332428 -0.58402216 0.44737443 3.1666667
-0.63554108 -0.58668911 0.43964323 6.8000002
-0.55949807 -0.59369409 0.4556621 5
-0.45353401 -0.59666491 0.47459185 4.5
6.0397291 -0.52424657 0.41948763 60
-1.621258 -0.49063879 0.40242976 0
6.0388064 -0.42403102 0.41621321 59
6.0370245 -0.32505625 0.41235492 58
6.0323763 -0.22608003 0.40570855 58
5.7960334 -0.044409502 0.494216 64.5
5.8090773 0.085374705 0.48554519 65
5.8182335 0.17221627 0.47881037 64
5.8110785 0.25916472 0.46877372 58
5.327774 0.31282869 0.41650015 15
3.2795393 0.48837084 0.47629437 49
3.2326663 0.55893767 0.44997415 81.5
1.1775581 0.69247043 0.44224033 10.857142
3.2355278 0.66462326 0.42327073 75.5
0.45987713 0.78000414 0.45534837 16.200001
0.55903268 0.76807088 0.44722447 15.5
0.66938454 0.76313365 0.455782 15.428572
0.71543729 0.75481832 0.44187409 15.25
0.83480102 0.74597627 0.45041001 15.75
0.97004026 0.73765653 0.45584002 16.5
1.0475543 0.73306477 0.44777516 13.294118
1.1365935 0.71537405 0.45724738 16.083334
1.232445 0.7131955 0.41186744 10.5
3.2315359 0.74307263 0.40087578 75
-1.0328059 0.89314145 0.40886736 9
-0.93083233 0.8982932 0.49530917 5
-0.83798259 0.89470249 0.45460248 17.333334
-0.73735809 0.88178605 0.43920669 13.2
-0.63559496 0.86721027 0.43146124 18.200001
-0.57783824 0.87251335 0.46157581 18.75
-0.46154499 0.85734236 0.44900674 17.25
-0.34586799 0.84306568 0.44518948 17.25
-0.26024604 0.83308619 0.45414633 16.75
-1.9728922 0.99250883 0.48965308 47
-1.8713082 0.98117429 0.4531109 49
-1.7734442 0.97685266 0.44311231 42
-1.6755818 0.97055501 0.43300444 42
-1.5900584 0.9565559 0.40104479 48
-1.3179318 0.94218922 0.46997595 9.666667
-1.239995 0.93630111 0.44953102 11.5
-1.1324987 0.92301899 0.45383474 11.333333
-1.0697318 0.9201169 0.44787827 12.333333
-0.92309844 0.9063791 0.46584958 11.6
3.2995498 0.9343102 0.4950068 88
3.3069994 0.99008709 0.48287755 86
-2.9517102 1.0784607 0.41013947 34.5
3.3045259 1.0687559 0.45984378 78.5
-3.2385807 1.1020479 0.45168796 37
-3.1456182 1.1028597 0.46160764 29
3.309895 1.1523519 0.43733159 77
3.2989755 1.2306182 0.41031653 74.5
3.4574795 1.9493726 0.43931735 34.333332
3.4759653 2.041471 0.45936108 47
3.4408932 2.1666875 0.47121358 48
3.454113 2.234643 0.42332828 42
3.5079298 2.2872097 0.46291348 46
3.5149889 2.5574236 0.40495136 47
3.5583243 2.6377203 0.45921656 46
3.6005552 3.0736849 0.44293064 47
3.6951323 3.7684221 0.43553975 40
3.7272897 4.4469018 0.49668869 4
2.2529628 -9.0960503 0.52430713 13
2.8434179 -5.0007443 0.57753795 40
2.87816 -4.9526649 0.5514611 54
2.9025683 -4.7848701 0.56318688 55
2.8861508 -4.3664832 0.50173789 46
2.8683712 -3.2727935 0.59877592 52
2.84286 -3.1765385 0.51988077 56
2.9010277 -2.791007 0.53566355 63
4.569109 -2.7456982 0.53258932 56
4.7695575 -2.7621191 0.557042 58.5
4.995615 -2.7800024 0.58517432 54
0.94473588 -2.6476209 0.52121222 1
2.933845 -2.6672933 0.54669315 69
3.1598592 -2.6601276 0.56613445 67.5
3.2689981 -2.6775312 0.53862798 69
0.061433401 -2.408371 0.53483552 75
0.24082668 -2.4253623 0.55004621 114
0.36416048 -2.4363508 0.56407481 110.5
0.54973286 -2.4483697 0.55163449 97
0.64170998 -2.4477959 0.56122613 77.5
0.73023152 -2.4557419 0.56150991 77.5
0.99709719 -2.4730403 0.52221012 22
1.0403137 -2.4577889 0.56374776 42
-1.0605364 -2.3021367 0.52984053 125
-0.93333423 -2.3125129 0.54085457 130.2
-0.84378397 -2.3261733 0.53137541 128
-0.65092701 -2.3418329 0.5153892 135
0.0087112244 -2.3949664 0.59960133 41
-2.0748672 -2.201879 0.55873799 86
-1.7482896 -2.2252808 0.54692364 95
-1.566056 -2.2557495 0.54958999 76.5
-1.4290227 -2.2617729 0.55566555 66.5
-1.3253871 -2.2772644 0.52129006 113.66666
-1.1573277 -2.2878947 0.55903029 95
-1.0919529 -2.2978036 0.50609946 122
-0.99772096 -2.2943711 0.58609056 82
-3.0508776 -2.1152344 0.58999926 17
-2.8405936 -2.1184106 0.54576862 63.75
-2.2620816 -2.1756091 0.53317559 73
-4.3667483 -2.0053499 0.5438503 58
-4.1958508 -2.0166478 0.50295478 54
-3.2465005 -2.067975 0.54600531 62.75
-0.60461098 -2.0054169 0.50111395 155
-5.1830311 -1.9245232 0.55973727 64
-4.9645553 -1.9490774 0.50733763 54
-4.544559 -1.9929057 0.586954 60
-0.59152913 -1.0352718 0.57801914 5
0.25542498 -0.90696567 0.56137168 5
0.4443787 -0.92270607 0.56553054 3.3333333
0.75022805 -0.93805391 0.59855419 7
0.84736329 -0.92823702 0.55306602 2
-0.55482221 -0.88648778 0.53175551 6
-0.44098577 -0.81508839 0.50840461 17
-0.36364841 -0.82400417 0.51635998 19
0.2452475 -0.8958627 0.5830676 5
5.8559504 -0.80579412 0.50369066 58
0.3486917 -0.7035569 0.52035606 5
0.42558205 -0.71468782 0.52766037 4.6666665
0.52423716 -0.71311027 0.52261394 4.3333335
5.8391275 -0.71262097 0.50646895 58
0.34096679 -0.67731506 0.54531306 3.2
0.45994309 -0.68368167 0.54393291 8.333333
0.57132143 -0.68291759 0.51045293 9
5.823699 -0.61947548 0.50781125 57
5.823103 -0.52945411 0.50967854 62
5.8146987 -0.43938637 0.50953579 61
5.8013067 -0.35029712 0.50735319 61
5.7970877 -0.26229733 0.50434124 62
-3.795929 -0.19351758 0.59594589 8
5.7942829 -0.17431012 0.50130743 63
-3.5792835 0.34653494 0.58593524 63
-3.5451107 0.41437662 0.57806766 100
-3.4529352 0.47359341 0.55905747 60
3.5228965 0.47480065 0.53137875 29
3.8215861 0.45909959 0.59836864 22
-3.4428816 0.5409193 0.55468547 93.5
3.2904627 0.54039502 0.57578045 81.5
-3.4281397 0.64334464 0.54624349 73.25
1.1567985 0.69891679 0.50006819 10
3.2958364 0.64463073 0.55847764 84.5
-3.5736542 0.7830447 0.56416726 145
0.38159785 0.79432648 0.56956238 16.571428
0.44148394 0.78940898 0.54448122 17.333334
0.54073012 0.78361559 0.55115068 16.714285
0.66549349 0.77448237 0.54990292 16.777779
0.79165715 0.76068962 0.55628788 16.75
0.81907135 0.75627536 0.54930133 16.833334
0.96621269 0.73707396 0.55199909 17.5
1.0943147 0.73440707 0.51167536 19
1.1405046 0.71844548 0.55028963 14.714286
1.2443367 0.72395003 0.56737673 15.4
3.3025994 0.75031638 0.53830576 82.5
-3.5059512 0.83990836 0.54783905 85.5
-0.84697765 0.89567846 0.55231625 11.285714
-0.76377231 0.88956004 0.54690123 15.666667
-0.64128011 0.8708905 0.54920214 14.8
-0.54039359 0.8652668 0.55396295 15.6
-0.46193513 0.86649019 0.54838645 17
-0.35603103 0.85492539 0.55121857 18.625
-0.26439464 0.84520811 0.54772401 17.833334
3.3022327 0.85502821 0.51471132 75.5
-1.9638547 0.99891007 0.53935182 32
-1.8566924 0.98766601 0.50010264 40
-1.4167161 0.95562464 0.58546627 22.5
-1.3367621 0.94459724 0.55585659 10.111111
-1.2681444 0.93599242 0.5287838 11.166667
-1.1373339 0.93092161 0.55686903 8.4285717
-1.0528834 0.92124307 0.55247885 11.4
-0.95414561 0.91210949 0.5501529 11.571428
-0.88295931 0.90051949 0.55528295 9
-2.2130733 1.0189108 0.57555425 43
-2.080898 1.0060742 0.55553424 43.5
-3.8563428 1.1630601 0.57110602 30
-3.7602835 1.1617601 0.57949734 27
-3.5105224 1.1269072 0.50477576 30
-3.4234545 1.1289831 0.51524699 26
3.4797881 1.9734843 0.54466504 53
3.4538782 2.061738 0.52311718 57.5
3.5109513 2.0632217 0.53169703 43
3.5473223 2.1698642 0.57325447 42.5
3.5326495 2.3378737 0.51419133 46
3.576026 2.4034059 0.57055336 42
3.5854187 2.7159872 0.55784905 31.5
3.634398 2.7925358 0.57613659 45
3.6487219 3.165597 0.5150516 46
3.7038183 3.2665079 0.59129292 44
3.7466505 4.3269305 0.564336 6
2.9205837 -4.8160939 0.62076735 55
2.971652 -4.7026343 0.68982834 54
2.9483497 -4.6578765 0.63239622 56
2.9547081 -4.532198 0.6555016 47.5
2.9949286 -3.7820544 0.60767549 68
2.8957505 -3.3739979 0.68305749 50
2.9449868 -2.9508073 0.6808058 58
2.9245379 -2.8719444 0.6073209 60
2.9555392 -2.7616663 0.64431405 58
4.9262815 -2.7677083 0.65003145 59
5.2023001 -2.789458 0.647883 57
3.0549417 -2.6406097 0.66728526 72.5
3.1571207 -2.6547003 0.63811374 69.5
3.3816695 -2.6366179 0.69009882 1
0.034563027 -2.4021211 0.61112285 102
0.18626778 -2.4166272 0.66140974 113
0.2135382 -2.4229953 0.60573655 113
0.32612315 -2.4313045 0.6478647 114
0.4775877 -2.4431248 0.65669894 112.5
0.65645838 -2.4439318 0.6287235 93
0.7281785 -2.4474425 0.65016615 64.5
1.0903597 -2.4704888 0.61277246 20
-0.94687307 -2.3022234 0.63300085 126.5
-0.85714424 -2.3133583 0.63460004 133
-0.018093029 -2.3858116 0.65439588 38
0.0073068948 -2.3948638 0.66680908 88
-1.7601455 -2.2248497 0.62816811 97.5
-1.6312286 -2.2420251 0.65844059 52.5
-1.5661279 -2.2518907 0.65171647 25
-1.3295187 -2.2739201 0.65080744 81
-1.2569532 -2.2826293 0.6746664 24
-1.1955756 -2.2857637 0.64374375 119.5
-3.1555061 -2.1039588 0.63478667 91
-2.8628383 -2.1136317 0.64731526 55.400002
-2.2837965 -2.1764164 0.64015794 77
-2.1074822 -2.1943905 0.67935497 80
-2.0890977 -2.1903865 0.62976837 91
-3.3010402 -2.0562432 0.67543107 62
-3.2614965 -2.0681031 0.6428687 65
-2.9158983 -2.0984247 0.69696212 71
-4.9029284 -1.9459662 0.67348313 55
-4.7097149 -1.9676646 0.62861949 55
-5.176652 -1.4684912 0.66018379 80
-5.1683617 -1.356349 0.68051881 92
-0.66536576 -1.3468766 0.65247411 102
-5.1433954 -1.2394024 0.69687581 88
-0.64516097 -1.1634665 0.64480889 5.5
0.42275938 -0.91093928 0.61311096 7
0.7284283 -0.92305672 0.65497619 8
-0.55876356 -0.80430484 0.6346032 2
-0.45298958 -0.81882769 0.65801811 3
-0.3712728 -0.82416481 0.66842061 6.5
0.23506659 -0.88575929 0.60476625 3
-0.57503277 -0.78435582 0.64099985 7.6666665
-0.45457157 -0.79563886 0.65114599 9.666667
-3.9240465 -0.20301868 0.65830112 9
-3.8610294 -0.12141174 0.63008541 53.5
-3.8289475 -0.044351473 0.62771404 85
-3.8381679 0.052749913 0.63539261 83.666664
-3.8477657 0.16105126 0.63191271 76
-3.6254151 0.29764038 0.60038429 8
3.4568782 0.49137411 0.62419349 30
3.7022963 0.47375029 0.68591464 24
4.1599736 0.43530414 0.67326707 22
0.36958304 0.79011172 0.63715863 4
0.44894996 0.7896592 0.6441986 7.4285712
0.51311886 0.78647655 0.63373691 11.857142
0.63217807 0.77834511 0.64563698 13.444445
0.78146714 0.75957167 0.64445359 16.714285
0.80218053 0.75081342 0.61093891 17
0.94440252 0.73984766 0.6541943 16.5
1.129232 0.72269183 0.64618605 9.833333
1.2453206 0.73297364 0.6478126 14.75
1.3346405 0.72795224 0.65652448 15.75
-0.65761602 0.88846987 0.64248389 11
-0.52052414 0.86013722 0.64854431 13
-0.46828911 0.87228942 0.66050035 6.3333335
-0.36603642 0.85944939 0.65180582 14
-0.26943168 0.84818482 0.64621103 14.75
0.34084886 0.80027628 0.63795972 3.5
-1.5480484 0.96629459 0.66306502 49.666668
-1.4442579 0.95426083 0.63446999 30.5
-1.3635241 0.94542474 0.63096482 12.4
-1.2099528 0.93371409 0.65203226 8
-1.163884 0.9296782 0.63319933 7.8333335
-1.0423868 0.92167032 0.6571002 12
-0.9788335 0.91879255 0.62107277 7.75
-0.84920806 0.90919989 0.64810735 9
-0.79137355 0.90827256 0.61337072 8
-2.5266476 1.0560522 0.68623996 43
-2.3676803 1.0404434 0.65821534 37.5
-2.2238376 1.0299211 0.63396508 36
-4.2445955 1.2106539 0.65657365 24
3.478709 1.6718899 0.69047314 62
3.4770355 1.741899 0.66351599 64
3.4737353 1.8503418 0.62030005 62
3.5482304 2.0820374 0.6061793 44
3.5818071 2.132448 0.65512282 43
3.5952508 2.2519252 0.64721102 44
3.6298239 2.309303 0.69880021 40
3.5881529 2.4590385 0.69569647 63
3.6162801 2.4660108 0.62883687 45
3.5822473 2.5416703 0.66421109 54
3.6516011 2.5256948 0.68819159 43
3.5849657 2.6352258 0.63386309 38
3.6775558 2.8759663 0.6402089 45
3.7535179 3.3615277 0.66957891 42
3.7774436 4.0829897 0.69056761 18
3.7510643 4.1879716 0.62728846 36
2.2791157 -9.8082838 0.77004755 15
2.5972006 -7.4842434 0.73684299 24
2.8811553 -5.2183585 0.70985472 3
2.9515979 -4.699533 0.72892547 38
3.0114853 -4.575129 0.75318879 54
3.0440392 -4.4318953 0.76510102 57
3.0458679 -3.9415359 0.71224481 56
2.9720037 -3.5494721 0.78498071 90
2.9779344 -3.0437083 0.76051265 50
3.0069709 -2.9142089 0.78968716 51
2.9823349 -2.8389657 0.71586961 55
5.4500589 -2.8130155 0.71707773 62
5.1243882 -2.7798314 0.71449399 56
5.3416052 -2.7950993 0.78225321 64
5.5315599 -2.7331612 0.76238722 66
3.0482514 -2.6499374 0.74350238 61.333332
3.5028093 -2.6437643 0.75045168 21
5.4743133 -2.5779698 0.78416169 64
0.1467129 -2.4025812 0.74442053 116.5
0.2874234 -2.4197569 0.73189396 111.5
0.42596978 -2.428133 0.76771206 110.5
0.82535946 -2.448931 0.7773453 60.5
-0.87229317 -2.3090286 0.74069673 131
-0.046368316 -2.3797736 0.74437165 62
-1.7612721 -2.219388 0.74722767 69.333336
-1.6471939 -2.2309213 0.74987245 81.333336
-1.5086323 -2.2490308 0.78389776 49
-1.4200424 -2.2572834 0.74780512 103.66666
-1.3243704 -2.2661471 0.74925476 95
-1.2305956 -2.275394 0.7564975 118.75
-1.1952176 -2.2763987 0.72880787 118
-0.95377809 -2.2966309 0.74228048 125
-3.0518527 -2.1076171 0.74491608 69
-2.9522219 -2.1180451 0.70364946 75
-2.3497419 -2.1700485 0.76645875 58.5
-2.2717037 -2.1817999 0.71215296 43
-2.1187167 -2.1873958 0.72755951 74
-3.4981194 -2.0597634 0.78353965 76
-3.3746665 -2.0732651 0.73096216 74
-3.150568 -2.091218 0.78547853 84
-5.1122298 -1.9249363 0.7231155 59
-5.1396728 -1.6102768 0.77431232 98
-5.1189523 -1.497301 0.78409433 96
-5.1116219 -1.3901012 0.79570764 108
-0.72729206 -1.3792853 0.75297993 90
-5.1050124 -0.90725684 0.74403912 62
0.53182679 -0.91382122 0.73141533 6
0.69840008 -0.90220696 0.7395032 8
0.70758134 -0.90555042 0.7129162 8
-0.47056592 -0.80930251 0.79795051 5
-0.37232065 -0.81976116 0.70162755 3
0.69145405 -0.89888185 0.76603597 7
-5.0812263 -0.79635948 0.75520295 92
-5.0596685 -0.68643868 0.76666236 94
-5.0360656 -0.57822394 0.77426189 86
-5.0273089 -0.47319943 0.78469306 93
-5.0063505 -0.36732379 0.79175705 100
4.0165505 0.45566377 0.76432103 24
4.5849028 0.40730399 0.76667988 13
0.61602658 0.78167564 0.72199047 4
0.7684316 0.76948881 0.72544312 8.833333
0.9373765 0.75532693 0.75037748 10.166667
1.1163642 0.73849016 0.75689024 10
1.2780151 0.74277514 0.70936388 15
1.3424118 0.739793 0.75829333 10.4
-0.70438468 0.89763427 0.71694744 5
-0.4019351 0.86728275 0.74691057 1
-0.39813858 0.86916393 0.71612728 7
-0.29089105 0.85525382 0.72320688 5
0.27277353 0.82526201 0.77850533 5
0.35807872 0.81112915 0.77620041 1
-1.742725 0.98658383 0.77635419 49
-1.650578 0.97603643 0.72712028 45.5
-1.4068115 0.96637654 0.79059374 56
-1.3275602 0.95137656 0.75098181 53
-1.2451068 0.94562358 0.73900461 12.666667
-1.1293973 0.93115658 0.74636275 13
-1.0937523 0.93100798 0.71464658 13
-0.89369684 0.91593391 0.70022035 5
-2.7068684 1.0741311 0.74885458 48
-2.562458 1.0698172 0.7547543 31
-4.771884 1.2647328 0.7554363 59.5
3.4974539 1.3970057 0.79163492 68
3.4865594 1.4619877 0.76556242 72
3.4898851 1.5339477 0.74350262 67
3.4910576 1.605909 0.71935439 65
3.6136158 2.1819019 0.70546782 41
3.596139 2.2534752 0.76721895 64.5
3.6486552 2.2343593 0.7583707 41
3.5940495 2.3773868 0.72575325 64
3.6712677 2.3716664 0.75462496 42
3.6964967 2.5933218 0.75074488 44
3.7185321 2.9594505 0.70657134 43
3.760478 3.0439596 0.77558148 40
3.8102021 3.4655924 0.75422025 42
3.7959812 3.9700136 0.75044334 1
2.9927468 -4.8914533 0.85848171 3
3.0589035 -4.4656992 0.81740832 54
3.0811737 -4.3038988 0.8245523 55
3.1013894 -4.350265 0.87807471 53
3.1225166 -4.1889071 0.88252509 57
3.0805814 -4.0797634 0.81855875 53
3.0118465 -3.1405261 0.84519279 53
3.0392509 -3.0014365 0.8706426 53
3.0731738 -2.8118482 0.89975697 50
3.0449677 -2.7388012 0.82403201 53
3.0514643 -2.6910148 0.83074105 52
3.5420172 -2.6481495 0.82898194 11
3.6386223 -2.6437016 0.85014665 36.5
3.7600451 -2.6520772 0.8772831 69
5.3738389 -2.6981339 0.81898302 72
1.1192455 -2.5553999 0.82160509 5
5.3154335 -2.5523126 0.83855134 69
0.24872306 -2.4082084 0.8159228 104
0.38712391 -2.4133825 0.85156894 112
0.76021332 -2.4511051 0.85728514 103
0.85555875 -2.4416351 0.83419275 100
1.1698393 -2.4618928 0.89208025 64
5.2625976 -2.4135635 0.85671014 66
5.4134712 -2.4257751 0.80245894 68
-0.88389665 -2.3008339 0.81994301 121
-0.11242548 -2.3644314 0.86581278 53
-0.075781979 -2.3700817 0.83433831 77
0.079905801 -2.3781614 0.8830865 104
0.10581406 -2.3915253 0.82792336 113
0.22338657 -2.3981757 0.87252522 103
0.36385468 -2.3779476 0.89890516 4
-2.0025363 -2.2104325 0.81026 18
-1.618664 -2.2248321 0.85669118 3
-1.5390241 -2.2363052 0.84242892 43
-1.4212676 -2.2460163 0.86178607 87.666664
-1.346826 -2.258055 0.83826685 109.66666
-1.262669 -2.2686853 0.82037306 116
-0.96011555 -2.2855916 0.85249817 92.5
-0.89168984 -2.2947032 0.87343657 68
5.2188649 -2.2829125 0.87412822 71
5.3547053 -2.2785902 0.81861234 65
-2.8849163 -2.1023576 0.84849161 14
-2.465517 -2.1536915 0.83494842 92
-2.1538367 -2.1833725 0.88413668 51.5
-2.0700002 -2.1983845 0.84968382 49
5.1786084 -2.1573043 0.89084947 81
5.3100471 -2.1434445 0.8345781 71
-3.6396396 -2.0520804 0.83982378 80
-3.3565423 -2.0496666 0.86785322 56.333332
-3.2601626 -2.0795746 0.82978672 75
-2.981915 -2.0829325 0.8673315 38
5.2773767 -2.0163336 0.84967226 75
-0.79857612 -1.8721066 0.82251871 5
5.2368956 -1.890205 0.86276263 72
-0.82827485 -1.7405925 0.87760663 151
5.2006249 -1.7680907 0.87438273 69
5.1699786 -1.6499952 0.88451171 73
5.1350412 -1.5348933 0.89188117 76
-5.0573916 -0.96669233 0.82778698 100
0.57205522 -0.9118197 0.87324202 1.5
0.68373924 -0.90546578 0.8011834 5
-5.0384846 -0.86383355 0.83170301 108
-0.47591972 -0.80710918 0.8573038 11.333333
-0.37952629 -0.81508279 0.82470125 4.3333335
0.24886869 -0.86695564 0.88400054 4
-5.0306945 -0.76278871 0.8370747 98
-0.6114617 -0.78977668 0.87987602 14.25
-0.59347034 -0.78889036 0.80964792 10
-0.48293895 -0.7999509 0.89116907 17
-5.0162511 -0.6618551 0.84160227 107
-5.0051527 -0.56190807 0.8447746 98
-4.9871392 -0.46310812 0.84573978 103
-4.983005 -0.36509755 0.8475877 106
4.975101 0.051015411 0.89204264 73
4.9848361 0.18444422 0.87995821 70
5.0054884 0.27335888 0.87310332 72
-4.907876 0.35493904 0.81466842 104
-4.8993955 0.30662006 0.83495879 116
5.01122 0.36230558 0.86152047 78
4.3903599 0.43316305 0.8560608 20
0.93308944 0.75810337 0.80716437 3.6666667
1.1131123 0.7426365 0.84861416 3.4285715
1.3825189 0.73886275 0.82287383 13
1.4227493 0.73778784 0.86687505 13
-0.50555873 0.89350772 0.88249213 8
-0.46019131 0.88337517 0.86934125 1.5
-0.35815966 0.87429118 0.84908974 4
-0.27218965 0.86263365 0.86178058 3.3333333
0.24448596 0.829301 0.84995049 8.8571424
0.32124558 0.82237941 0.8459717 10.5
0.42628801 0.81546563 0.8659637 10.666667
0.57370281 0.80789977 0.87436235 6
-1.8152297 0.98957884 0.84567845 50
-1.5624818 0.98791444 0.87909186 15.25
-1.4751673 0.96971267 0.84094089 33
-1.3629546 0.96298569 0.85685533 40.666668
-1.2429975 0.95037723 0.84517628 56.75
-1.1301241 0.94730759 0.87652606 3.5
-0.88601726 0.92545962 0.86048108 2
-0.68187451 0.90904725 0.86726022 4
-2.9227672 1.0980316 0.8244375 41
-2.7585166 1.0890728 0.82465005 28
-1.9919652 1.0197049 0.87669677 45
-1.8763686 1.0078275 0.81776083 45
-1.6582869 1.0053042 0.88402426 3
3.4912598 1.0511662 0.8883096 68
3.4970641 1.1551155 0.86299449 72
3.4950113 1.2570734 0.83285326 73
3.4955256 1.327041 0.81225526 70
3.5791717 1.8427351 0.88082898 67.5
3.6071427 1.9761049 0.85594249 75
3.5991232 2.0518522 0.83095968 71
3.5989344 2.1315231 0.80651599 68
3.68101 2.2848637 0.81226635 41
3.7265673 2.3442926 0.87106484 42
3.7301559 2.4647975 0.84180427 43
3.7387624 2.6590402 0.81653118 45
3.7687559 2.7138653 0.88013631 44
3.8079808 3.1354752 0.84928554 40
3.8615024 3.5647655 0.84088564 39
2.6511154 -8.5183496 0.98192477 3
2.6286576 -7.9188886 0.94710791 20
3.1286561 -4.2278552 0.93330306 52.5
3.1812456 -4.1244502 0.99177182 56
3.1681149 -4.0869179 0.94184744 58
3.1624849 -3.902535 0.93154758 54
3.2001681 -3.9639218 0.99360567 57
3.0334389 -3.2221766 0.93033952 51
3.0702865 -3.0856121 0.95427132 54
3.1091299 -2.8671293 0.98204446 49.5
3.0792344 -2.7622066 0.90496916 54
3.7786028 -2.6439641 0.95281208 60
3.9025278 -2.6592529 0.9457891 63
1.1775016 -2.5989513 0.996984 1
0.19507989 -2.4061396 0.93547517 25
0.54092491 -2.418349 0.96974254 114
0.72316515 -2.4406564 0.9419986 114
1.2687868 -2.4425726 0.96151 0
-0.15728569 -2.3470018 0.93700647 53
0.050739437 -2.3768959 0.94312751 111
-1.8124828 -2.2074642 0.96997499 38.333332
-1.6677686 -2.2183549 0.96255451 39.666668
-1.544807 -2.2316089 0.95682752 15.75
-1.4568298 -2.2377434 0.91998398 50
-1.2644261 -2.2647681 0.98893052 23
-0.97280949 -2.2825048 0.99890584 25
-2.2504172 -2.1732569 0.95495975 90
-2.1911068 -2.1689191 0.95310879 76.5
-2.0546072 -2.1830096 0.99207938 32
-3.421994 -2.0299942 0.9721759 34
-3.3675575 -2.0375869 0.93170446 37.666668
-3.0240455 -2.0719481 0.96767527 57
-2.9116404 -2.0878153 0.95721936 50
-2.8997529 -2.09708 0.9022634 58
5.1446176 -2.0387843 0.9054442 82
5.0985866 -1.9171886 0.91663885 75
5.0659204 -1.8037162 0.92844576 79
5.0324793 -1.6942621 0.93819094 79
5.0032516 -1.5878496 0.94791138 82
4.9676094 -1.4814173 0.95418781 80
5.1163778 -1.4268327 0.90114236 76
4.9375758 -1.3800403 0.96044415 78
5.09343 -1.3187659 0.90763777 77
4.9181395 -1.2827417 0.96871781 78
5.0548716 -1.2086632 0.91011858 78
4.8986425 -1.1874776 0.97418749 79
5.0440917 -1.1084827 0.91557187 79
4.8686371 -1.0480912 0.9810307 76.5
5.0253005 -1.0074373 0.91777986 75
-0.38594413 -0.94299555 0.97582448 0
4.8498964 -0.91381645 0.98777163 87
5.0121799 -0.90940481 0.92132211 75
-0.84231859 -0.88898146 0.99556655 4
-0.38694924 -0.84560031 0.96223122 5.8571429
0.23755598 -0.88192862 0.95628786 5
4.8274541 -0.82457554 0.98911238 82
4.9947753 -0.81136602 0.92209899 73
-0.81278503 -0.76616746 0.98221672 13
-0.79322022 -0.77714717 0.93705654 11
-0.62423426 -0.7769019 0.95290214 16
-0.4843584 -0.792 0.94994324 16.666666
-0.37947303 -0.79990464 0.99395669 18
4.817739 -0.73744333 0.99170756 84
4.9837155 -0.71634656 0.92207932 73
4.808702 -0.65232664 0.99360996 76
4.9768925 -0.62333906 0.92199922 72
4.7960997 -0.56720108 0.99344158 78
4.9700475 -0.53133446 0.9205066 73
4.7891974 -0.44361418 0.99447858 82
4.9674444 -0.43934187 0.91894937 75
4.7808313 -0.3210482 0.99271894 75
4.9634042 -0.34834823 0.91600096 72
4.7696962 -0.23889549 0.98976123 85
4.9600348 -0.25936103 0.91092426 72
4.7732944 -0.15893981 0.98871505 84
4.9623437 -0.17038706 0.9071762 72
4.7626925 -0.078896202 0.98363036 82
4.9653311 -0.08041963 0.90129352 70
4.7641325 0.039527845 0.9782452 80
4.7683907 0.15890598 0.97139114 85
4.7832832 0.23873131 0.96876389 80
4.7807503 0.35811013 0.95670164 82
-3.2688789 0.53627223 0.98754382 31
3.4792135 0.58234465 0.98520011 78
-3.278976 0.64588845 0.98543948 4
3.4812825 0.64832264 0.97448748 75
0.734124 0.79220343 0.95039052 3.6666667
1.4750525 0.7344864 0.92947674 12
3.4918113 0.75027502 0.95794451 75.5
-0.56196094 0.89419311 0.94354415 7
-0.43061724 0.88262248 0.96462584 9.5
-0.32925159 0.87338334 0.94454128 11.6
-0.25977346 0.87386167 0.94781768 14
0.18368106 0.83175141 0.94020623 8.333333
0.25312814 0.8359254 0.94680136 9.833333
0.38779491 0.8302356 0.9632715 11.25
0.41011083 0.81958735 0.92724741 13
0.55470151 0.81371737 0.9487735 9.3999996
0.72861141 0.8002587 0.99332768 1
3.489521 0.84924436 0.93594688 78
-1.6345272 0.98869145 0.95635557 49.5
-1.536827 0.97445649 0.90398043 50
-1.4369345 0.97942263 0.96547711 31.75
-1.3613262 0.97158951 0.9448263 36.666668
-1.250327 0.96073747 0.9615109 33.5
-1.1758916 0.96069098 0.95096248 6
-1.0149038 0.93621302 0.96955436 2
-0.9412455 0.93201494 0.94230998 7
-0.75927335 0.91457874 0.96351522 7
-0.69123453 0.90567797 0.90361327 9
-0.51479673 0.90123028 0.9297415 10
3.4964509 0.95119786 0.91521525 71.5
-2.1317396 1.0382736 0.94981152 43
-2.0470195 1.013731 0.97411144 49
-1.9250399 1.001651 0.90639812 45
-1.7417365 1.0144753 0.97467488 12
-1.6620688 1.0058599 0.9596864 11.75
-1.5864426 1.0014307 0.93720245 10
-3.1793644 1.1258185 0.91276878 41
-2.9983144 1.1148114 0.90817946 35
3.6047864 1.4499589 0.99199194 76
3.6048822 1.5586061 0.96573186 74
3.5649679 1.6474943 0.92617726 58
3.5526285 1.7143095 0.90279663 52
3.7585516 2.3948514 0.92810202 42
3.7974215 2.4513979 0.98934937 41
3.7891634 2.5589919 0.93344074 42
3.8240409 2.6195281 0.9961648 41
3.8170605 2.7856209 0.95192915 44
3.8665218 3.2389741 0.93016833 37
3.9284186 3.6818862 0.9344067 38
2.3035295 -10.59526 1.0512199 72
3.1446717 -4.353755 1.049615 3
3.1947522 -4.0214705 1.0405445 48
3.2200294 -4.0140867 1.0447824 57
3.2455044 -3.8773251 1.0694245 49
3.2349939 -3.6899147 1.0784997 16
3.0702364 -3.3228312 1.0253152 50
3.0951607 -3.1636992 1.0393087 47
3.1402507 -2.9431705 1.0645652 50
3.9075363 -2.6434383 1.0181304 79
4.056673 -2.6597447 1.0547307 68.5
4.2223182 -2.6766534 1.094283 66
0.49110791 -2.4027441 1.0873669 111
0.51600099 -2.4135187 1.0297458 115
0.6861707 -2.4341786 1.0300971 112.5
0.021337664 -2.3714998 1.0033299 28
0.28059658 -2.3922763 1.0875947 27
0.30861297 -2.3878443 1.0233518 114
-1.7114016 -2.2122796 1.0501453 101
-1.5667586 -2.223851 1.0179329 3
-1.3626087 -2.2435691 1.0306773 65.5
-1.275268 -2.2586918 1.0431685 123
-0.97440308 -2.2647824 1.0517213 136
-2.2277634 -2.1589305 1.0568085 73.5
-1.8274183 -2.1943998 1.0482466 95
-4.0867004 -2.0027342 1.0212314 9
-3.9142509 -2.0124938 1.0874768 62
-3.7745495 -2.0318024 1.0327466 12
-3.447711 -2.0154705 1.0473356 24
-3.3902984 -2.0243497 1.044143 23
-3.0715461 -2.0612764 1.0714939 43.5
-2.9350111 -2.08693 1.0603658 33.333332
-4.2447138 -1.978851 1.0848855 69
-0.91013843 -1.0257479 1.0890832 99
-0.85432261 -0.8412503 1.0220652 5
-0.51156932 -0.8011595 1.0974191 11
-0.39400786 -0.8009553 1.0182496 8
0.19653338 -0.86386496 1.0030576 4
0.32663047 -0.86076987 1.0541887 4.5
0.51362813 -0.84380096 1.0493948 1
-0.82931685 -0.75864547 1.0383933 13.5
-0.64373529 -0.773678 1.0534315 16
-0.50233656 -0.79138839 1.0399816 15
-0.48403272 -0.785097 1.0377777 17
-3.2499127 0.54949456 1.014704 6.5
3.4927909 0.51834434 1.0013235 53
0.72082967 0.79661804 1.0239825 7
0.92743593 0.78382707 1.0787028 4
-0.44326794 0.88949132 1.0603396 13.5
-0.35283971 0.88367122 1.0336699 15
-0.26232374 0.87528932 1.0369234 15
0.14784695 0.84718454 1.0421281 9.3999996
0.23027503 0.84080642 1.0481799 10
0.36431494 0.83836162 1.0325717 10.4
0.53157842 0.82649016 1.0447457 10.25
0.72249174 0.80241919 1.0524954 9.333333
3.5774622 0.88555259 1.0907153 71
-1.7146661 0.99279535 1.0247682 53
-1.5521675 0.99323004 1.0750144 42
-1.4640232 0.98724651 1.0465841 41
-1.2326616 0.96607983 1.0461402 39
-1.0521489 0.9457866 1.0445578 9
-0.97708833 0.93936336 1.0688825 12
-0.81732512 0.91868615 1.06019 12.5
-0.73544329 0.91827267 1.049026 12
-0.6100961 0.90370512 1.051083 12
-0.55673975 0.90417022 1.0308135 11.333333
3.5808985 0.95439273 1.0812286 72
-2.2944744 1.0620875 1.0334778 48
-2.1969385 1.0348275 1.0558279 60
-1.8424209 1.0193239 1.0893192 41.333332
-1.7530935 1.0155814 1.0516779 28.6
-1.6671991 1.0107961 1.0310755 25
3.5881596 1.0581102 1.0655468 71
-3.4661832 1.153291 1.0117103 29
-3.2976027 1.1522266 1.0122646 33
3.5904419 1.1618525 1.0478138 67
3.6009829 1.235595 1.0367405 69
3.5972383 1.3034151 1.0202972 71
3.6035175 1.3771843 1.0078698 65
3.8376882 2.5089557 1.0523366 39
3.8598773 2.6800919 1.06155 41
3.8576679 2.850466 1.0235921 39
3.9024124 2.9183152 1.0982312 40
3.8524301 3.1641414 1.0987056 16
3.9178796 3.3375618 1.0121869 37
3.9740193 3.7762821 1.0284719 35
2.6756546 -8.4430742 1.1872685 17
3.2342584 -4.1513758 1.1575574 48
3.2974021 -3.805418 1.1467358 42
3.0986729 -3.4153516 1.1216871 50
3.1194954 -3.4130032 1.1018752 2
3.1303821 -3.2547817 1.1327746 52
3.1680102 -3.0496769 1.1520596 49
3.1738467 -2.9905789 1.1507614 46
4.2199149 -2.6636946 1.1687771 74
4.4031901 -2.6898823 1.1763397 62
1.2477177 -2.5403514 1.1022769 17
0.63722074 -2.4213581 1.1495327 67
1.1714257 -2.4453542 1.1152141 44
1.2849742 -2.4802053 1.1309192 6
-0.26385301 -2.3198709 1.1476543 35.5
-0.16093725 -2.3339815 1.1840785 107
-0.066397108 -2.3453102 1.1829892 107
0.087651767 -2.3648305 1.171526 97
0.11511134 -2.3718727 1.1103959 108
0.25389457 -2.3807454 1.1467885 26
0.46666852 -2.3899982 1.1440345 108
-1.7472396 -2.2055686 1.1384841 46
-1.3784323 -2.2320879 1.1506047 106.5
-1.293246 -2.2490714 1.1268816 109.5
-2.3504705 -2.1408968 1.1950243 93
-2.27051 -2.1496913 1.1402665 22
-2.0850537 -2.1772406 1.1694791 20
-1.9422139 -2.1769326 1.1854328 55
-1.8467084 -2.186471 1.1453038 55.5
-3.0177085 -2.0780075 1.1504998 93
-4.4427161 -1.9645245 1.1609342 65
-4.0591769 -1.9900857 1.1432513 62
-0.98685366 -1.1834874 1.1918733 79
-0.92872268 -0.98586661 1.1290606 40
-0.4061358 -0.83671117 1.1784756 5.5
-0.33201063 -0.82760024 1.1638278 31
0.3652955 -0.85372466 1.1402316 4.6666665
-0.86353827 -0.74892122 1.1463493 12.833333
-0.66358209 -0.7648595 1.1508315 13
-3.6288252 0.038585529 1.1240581 11
-3.5978999 0.081191093 1.1227764 1
3.7979658 0.49992821 1.1175036 23
3.5524521 0.55028832 1.1275223 82
3.5626073 0.65008301 1.1196363 78.5
0.92319703 0.78819102 1.1491668 8
1.1363631 0.76635027 1.1634086 6.6666665
3.5749063 0.75284433 1.1109706 74
-0.45751235 0.89288831 1.1624476 12.5
-0.34945577 0.88779587 1.1276664 12
-0.26490414 0.88339376 1.1435275 12.5
0.086686172 0.85363871 1.1016694 4
0.14819871 0.85268575 1.1476668 11
0.32669494 0.84669054 1.1267629 11.25
0.49356705 0.83284652 1.1544346 11
0.51620555 0.83018637 1.1234423 11
0.7128498 0.80965215 1.1437078 10.8
3.576896 0.81870049 1.1015469 80
-1.5262142 0.99073076 1.1090604 57
-1.3062501 0.98003674 1.1617332 43
-1.2678661 0.97352326 1.1030673 52
-1.1207522 0.95841962 1.1790272 59
-1.0560485 0.95312631 1.1417329 12.5
-0.84542674 0.92531151 1.1389939 13
-0.76929408 0.92621428 1.157294 11
-0.62731266 0.90589774 1.1253276 12.5
-0.55402321 0.90802115 1.1469839 12.5
-2.4669449 1.0800136 1.1224831 42
-2.3590283 1.052932 1.1445382 51
-1.9472692 1.034965 1.1710746 42
-1.8460144 1.0318241 1.1574059 34
-1.7641695 1.0225495 1.1395878 38
-1.641847 1.0036486 1.1571964 50
-1.5515468 1.0056409 1.1501803 41.5
-3.8461862 1.1978357 1.1414932 30
-3.6442747 1.1901904 1.133655 27
3.8689187 2.558624 1.1156728 36
3.9170306 2.6222003 1.1855319 36
3.903523 2.7486362 1.1315526 37
3.8641398 2.9501913 1.1799664 46
3.9532087 2.9932024 1.1788573 42
3.8479693 3.0461757 1.1363294 33
3.9898655 3.4590783 1.1045852 33
4.0305514 3.5498576 1.1927842 61
2.1915133 -10.573657 1.2801929 71
3.268537 -4.2771749 1.2786735 50
3.1674893 -3.3488095 1.2316048 50
3.204545 -3.1345217 1.2452338 49
1.3272864 -3.0829995 1.2728039 0
3.2077503 -3.0705764 1.2424201 47
3.2464099 -2.8769262 1.2494524 21
3.2746398 -2.7859352 1.2850195 50
4.3920937 -2.6744137 1.2498885 92
4.5138025 -2.6440146 1.2360977 97
4.3993015 -2.56511 1.2765912 90
4.3584557 -2.4285398 1.2852294 93
4.4739008 -2.49894 1.2471899 82
-0.19242731 -2.3258843 1.2466276 100
-0.095767312 -2.3329101 1.2431616 97
0.045404293 -2.3532653 1.2654854 106
0.42825186 -2.3821526 1.2374051 106
4.4332528 -2.3578665 1.2561759 89
-1.3123083 -2.2394488 1.2115017 106
4.3564606 -2.2589102 1.2781305 92.5
-2.8293314 -2.1088502 1.2865138 90
-2.7272868 -2.1189215 1.2286152 18
-2.2393425 -2.1579709 1.273259 92
-2.1563833 -2.1631165 1.2174591 89
-2.0481665 -2.1636109 1.2642341 77
-1.960833 -2.1763804 1.2739437 90
-1.862691 -2.1870546 1.2292392 50.666668
-3.2473931 -2.0503695 1.27782 85
-3.130336 -2.0647056 1.2138816 91
4.365171 -2.0958109 1.2734108 96
-4.2244034 -1.9722067 1.206669 65
4.338635 -1.9747602 1.2821908 96
4.312768 -1.8567131 1.2888411 96
4.2904387 -1.7436712 1.2961484 95
-1.0047543 -1.1385382 1.2310151 28
3.9030154 -1.1736419 1.2754338 75
3.9181769 -1.0975971 1.2897373 71
-0.534114 -0.84512329 1.2285898 4
-0.41305441 -0.82069278 1.2947376 18
-0.38641351 -0.8234697 1.2410884 11
0.37008536 -0.83739763 1.2366192 18
-0.91032267 -0.73188019 1.2904209 14
-0.89354068 -0.73864603 1.2407979 13.5
-0.68401581 -0.75797969 1.2500815 13.5
-0.52951479 -0.77671087 1.2426535 6.5
4.1292982 -0.012500603 1.2968695 97
4.1307616 0.067483179 1.2911024 97
4.1373267 0.14853971 1.2858378 101
4.1415973 0.23051676 1.278612 100
4.152976 0.35347468 1.2691095 97.5
4.1564994 0.47544098 1.2547793 102
3.7490981 0.51730698 1.2106398 25
0.91916227 0.7926051 1.2500997 11
1.1446007 0.77493876 1.2417047 9.5
1.3210167 0.75213766 1.2424847 3.8333333
1.4012401 0.74555802 1.2682508 2
-0.46914655 0.8942154 1.2467285 13
-0.35786173 0.8896485 1.2379045 13
-0.26785704 0.88453877 1.2536867 13
0.16673326 0.86140287 1.2143375 11
0.27791017 0.85455376 1.2150161 12
0.48032555 0.83807606 1.2401727 11.666667
0.50638676 0.8355431 1.203364 12
0.69124931 0.81641352 1.2352607 12
0.70875508 0.81468356 1.2624179 10.5
0.93830585 0.80140442 1.2954695 10
-1.3726746 0.99344516 1.2632582 45
-1.1510252 0.96247774 1.2375845 57
-1.0708809 0.96759588 1.26476 53
-0.85679442 0.93581748 1.2491621 37
-0.7902894 0.93440467 1.2235478 11
-0.65372694 0.90918386 1.2348858 12.5
-0.56883252 0.90573698 1.2270037 12
-2.5404799 1.072049 1.2438824 51
-2.1396179 1.0626161 1.276468 54
-2.0575418 1.0466514 1.2686495 46.5
-1.9394203 1.0430969 1.2531602 35.5
-1.8571333 1.035726 1.2570727 48.333332
-1.7340237 1.0186461 1.2466762 49.25
-1.619874 1.0131767 1.2397044 43
-1.5546564 1.0084456 1.2149117 41
-2.670409 1.1032751 1.2262182 41
-4.089498 1.2422578 1.2873207 20
3.876215 2.6372633 1.2895634 80
3.9348717 2.6749694 1.2762282 55
3.8771834 2.7442358 1.2555414 59
3.8624933 2.8392212 1.2161248 49
3.9465947 2.8336725 1.2346737 50
3.8965034 2.9989581 1.2902738 57
3.9757364 3.0422766 1.251258 68
3.8399711 3.4415336 1.2884426 52
3.8400598 3.5695798 1.2634946 17
3.9522467 3.5163538 1.2439165 56
3.8677983 3.7339153 1.2386781 1
3.3444486 -3.8077338 1.3176973 47
3.2015862 -3.4407461 1.3345066 50
3.2318344 -3.2092347 1.3393592 49
3.243506 -3.1515474 1.3371809 49
1.351368 -2.9235246 1.3991579 1
3.2917943 -2.8475087 1.3274063 11
3.3089135 -2.7472477 1.3568205 39
3.2957127 -2.6879406 1.3150432 75
3.3400421 -2.6640842 1.3905241 62
3.3210442 -2.597949 1.346415 80
-0.24173169 -2.3192296 1.3472192 59.5
-0.144316 -2.326242 1.3440909 64.5
-0.00065746304 -2.3506944 1.3676022 23
0.3898575 -2.3801951 1.3353925 28
-2.6116371 -2.1073148 1.3723373 19
-2.319802 -2.1458306 1.3273798 85
-2.1333857 -2.1530747 1.3648782 91
-2.0259874 -2.1637363 1.3452444 88
-1.9489981 -2.1737218 1.3091283 76
4.2921071 -2.1755643 1.3025556 98
4.2609596 -2.0561173 1.3098695 96
4.2339911 -1.9427153 1.3172041 94
4.2126265 -1.8343737 1.3245262 98
4.1947541 -1.7310598 1.3325723 100
4.1690545 -1.6257292 1.3357531 98
4.2758651 -1.6366441 1.3026333 115
-4.846746 -1.5619239 1.3757396 89
4.1496859 -1.5264378 1.3410456 102
4.2506347 -1.5286016 1.305747 97
-4.8360262 -1.4438829 1.3909097 92
4.1345167 -1.4311914 1.3463315 109
4.2339015 -1.425573 1.3101473 94
-1.1051781 -1.3354803 1.3645949 1
-1.0828844 -1.3811643 1.3190948 9
4.090991 -1.3258133 1.339159 150
4.2178617 -1.324546 1.3138311 111
4.1996641 -1.2255176 1.3154287 112
4.1864228 -1.1294974 1.317659 110
3.9339941 -1.0235885 1.3019367 73
4.1710234 -1.0354756 1.3178029 107
3.9498222 -0.94858027 1.3141221 72
4.1605821 -0.94346201 1.3185786 105
-0.41524738 -0.81148726 1.3416827 1
-0.33159679 -0.83210564 1.3366112 9
4.0232096 -0.84784257 1.3509353 104.5
4.1529651 -0.85345358 1.3193116 102
-0.93971324 -0.73032182 1.3681283 14
-0.7196036 -0.75669038 1.351409 10
-0.69334024 -0.75159615 1.3525059 10
4.0192556 -0.72772503 1.3553637 110
4.14676 -0.76544768 1.3200246 99
4.0137544 -0.64864153 1.3564843 108
4.1391187 -0.67744076 1.319345 101
4.014637 -0.57059789 1.3596476 108
4.1311741 -0.54993773 1.3175678 103.5
4.0063143 -0.45402047 1.3578193 110.5
4.1288848 -0.42344517 1.3157022 103
3.9986782 -0.33846018 1.3552866 121
4.1218905 -0.33944368 1.311479 104
4.0016317 -0.26246831 1.356324 116
4.1241174 -0.25745684 1.3092356 106
3.9942884 -0.14944533 1.3513438 115
4.1270413 -0.17547219 1.3062735 105
3.9911778 -0.03746837 1.3463155 111
4.1263971 -0.093483478 1.3012452 98
3.9919391 0.03649848 1.3438741 112
3.9930563 0.14791957 1.3380828 112.5
4.0019932 0.26028475 1.3342857 120
3.9970181 0.33423558 1.3262672 117
4.0048599 0.4465782 1.3200091 119
1.1576655 0.78287363 1.3374535 13.5
1.3429865 0.75877714 1.3494606 17.75
1.4164786 0.75036854 1.3311251 7.5
-0.4020254 0.89640957 1.3324997 13
-0.32735997 0.88601047 1.3273066 13
-0.27046579 0.88397217 1.3433146 13
0.46753544 0.8475666 1.3208799 10.5
0.6766727 0.82614553 1.3498416 11.5
0.70445043 0.82829148 1.353956 10
0.92735738 0.80544019 1.3465166 10.5
-1.2231998 0.97661191 1.372743 51
-1.1532159 0.97298253 1.3366485 48.5
-0.91650349 0.9436152 1.3284023 53
-0.83834106 0.95101863 1.3675534 51
-0.67912591 0.92145354 1.3389975 50
-0.59150088 0.9219715 1.3401949 27.5
-0.48345673 0.90361345 1.349817 12.5
-4.5402184 1.0098305 1.3971528 119
-2.3026276 1.0822175 1.3832228 50
-2.2409773 1.0587884 1.3798885 50
-2.0765743 1.0601487 1.3474329 34.5
-1.9506236 1.0508583 1.3378959 41
-1.8606178 1.0313134 1.3417003 51.5
-1.7605274 1.0321057 1.3458172 41
-1.6603411 1.0253795 1.351491 47
-1.4403465 1.0009269 1.3667893 40
-4.5299492 1.1094463 1.3863763 120
-2.9156587 1.1330049 1.3519105 37
-2.7636991 1.1001912 1.3653409 48
-4.5229759 1.2111627 1.3777752 129
-4.3727465 1.2686661 1.320864 38
3.735167 1.9525063 1.3990406 102
3.7640657 2.0624642 1.386485 106
3.7879596 2.173425 1.3704743 99
3.8182578 2.2903802 1.3564767 103
3.6438589 2.4716713 1.3989406 105
3.8364065 2.4033432 1.3349005 119
3.6641691 2.5912702 1.3862298 113
3.7194378 2.5849054 1.3942121 51
3.8602402 2.5213008 1.3146424 118
3.7789154 2.6106863 1.3618952 50
3.8456385 2.6413994 1.3306637 56
3.685179 2.7128279 1.3713564 100
3.7349627 2.7600057 1.3704658 53
3.8079298 2.7937195 1.3377656 55
3.6997755 2.8344071 1.3530385 99
3.8799036 2.8244052 1.3024484 54
3.7396932 2.9445033 1.3523846 75.5
3.8276827 2.9625382 1.3306957 58
3.7520204 3.1073792 1.3212755 92
3.7746153 3.2488523 1.301832 78
3.0437534 -7.2206068 1.4766805 41
3.3207591 -4.4349551 1.4154161 44
3.3941324 -3.9349971 1.441501 43
3.2727108 -3.3007271 1.4442582 50
3.2771473 -3.2314234 1.4364516 51
3.3676279 -2.5789111 1.4221276 85
3.454061 -2.5755444 1.4571209 75
1.2333972 -2.446063 1.4363698 90
-4.8168354 -1.6868832 1.4485714 98
-4.8076859 -1.57082 1.4551332 99
-4.7974453 -1.4558196 1.4597778 101
-4.8164201 -1.3229609 1.4013162 103
-4.7789035 -1.3419838 1.4624934 105
-4.7798648 -1.217575 1.4375372 99.5
-4.7543821 -1.1201066 1.4692041 98
-4.760345 -1.0506954 1.4442221 98
-4.7477369 -0.94074452 1.4503771 113.5
-4.7448859 -0.86431438 1.4332348 114
-4.7252493 -0.77640367 1.4575019 114.5
-0.96612597 -0.72398627 1.4475212 36.5
-0.72178429 -0.74619603 1.4465394 23.666666
-0.52695268 -0.79834211 1.4894413 14
-4.7108674 -0.66853964 1.4600788 121
-4.7010803 -0.53455347 1.4518044 120
-4.6963601 -0.58966851 1.4741127 132
-4.6847782 -0.45630622 1.4640431 115.5
-4.6653032 -0.35103351 1.4626294 113
-4.651536 -0.24766994 1.4626563 116
-4.6442795 -0.1442412 1.4646338 116
-4.6399226 -0.082405277 1.4634736 24
-4.6021137 0.21070614 1.4567434 102
-4.5975189 0.31262222 1.4557066 112.5
-4.5821223 0.41387218 1.4510558 112
-4.5714312 0.51565897 1.4465353 110
-4.564219 0.61652684 1.4431554 90.5
1.1694469 0.78488123 1.4352167 33.5
1.3636279 0.76309109 1.4461052 24.75
1.4440287 0.7555216 1.4461986 18.666666
-0.33128595 0.89438605 1.4042188 13
-0.23822932 0.89045841 1.4319054 55.333332
0.68182188 0.83722353 1.4663844 11
0.70143235 0.83163214 1.4121289 11
0.9297598 0.80901462 1.4296343 18
-4.5225873 0.94033742 1.4451714 109
-1.2616779 0.98068345 1.44463 56
-1.1608267 0.98411626 1.45014 45
-0.95911181 0.95346916 1.4389555 49.5
-0.86311263 0.95422661 1.4426641 49
-0.7180531 0.93485606 1.4930941 63
-0.65685308 0.93196046 1.4369648 55.5
-0.50019491 0.91507214 1.4687443 64
-0.40975302 0.90952528 1.4189875 53
-0.33692479 0.90380585 1.4890034 58
-4.5092731 1.0451533 1.4394222 108
-2.1722877 1.0788717 1.4362676 39.5
-2.0284739 1.0582284 1.426158 49.5
-1.9856471 1.0525718 1.4349897 64.5
-1.8310655 1.0436406 1.4275796 36
-1.7204579 1.0351596 1.428124 50
-1.4959557 1.0121108 1.4499207 47
-4.5031466 1.1530267 1.4336623 118
-4.4925847 1.2608595 1.4273387 113
3.5994749 1.2007333 1.4914734 103
3.6185415 1.2897062 1.4847506 89
3.6361725 1.3796797 1.4766361 102
3.6430686 1.4666593 1.4609196 107
3.5174031 1.5774614 1.4975896 111
3.6571088 1.5576339 1.4493272 101
3.5268183 1.6651886 1.4877808 112
3.6732612 1.6506058 1.4369912 106
3.5390775 1.7569374 1.4791474 114
3.694382 1.7505729 1.4252766 100
3.5506001 1.8486626 1.4684026 115
3.7161989 1.8505386 1.4128432 106
3.5607541 1.9444034 1.4576164 115
3.5801995 2.0460675 1.4487282 108
3.5960796 2.1477408 1.4377685 118
3.6163027 2.2563841 1.4280553 116
3.6293609 2.3620472 1.4142457 104
3.5365982 2.4954529 1.4816188 51
3.588496 2.5193582 1.4513084 49
3.6530619 2.5521357 1.4223353 50
3.4744484 2.6347489 1.498125 53
3.5366957 2.6666088 1.467056 49
3.4760766 2.7530737 1.4986167 54
3.5411868 2.7935054 1.4666824 58
3.6383977 2.7168205 1.4215565 51.5
3.6420722 2.8538728 1.416968 59.5
2.9182501 -8.0347261 1.5745839 19
3.1051064 -6.9779749 1.5560589 35
3.3722587 -4.5906458 1.5584147 42
3.4390504 -4.0561371 1.5684404 45
3.4655356 -3.8385489 1.5568366 48
3.3367805 -3.4204009 1.5655646 46
3.3126411 -3.3122725 1.5388241 52
3.5640578 -2.588088 1.503669 65
3.6182041 -2.5753334 1.5846635 95
3.7041039 -2.5891697 1.5918952 115
1.1820993 -2.4258976 1.5902255 88
1.2015258 -2.4296222 1.5253919 91
3.6880698 -2.4581544 1.5998834 120
0.72569621 -2.3874774 1.5545919 99
-1.454739 -2.201442 1.580543 4
-0.35548735 -0.80840939 1.5332388 19.333334
-1.0037299 -0.71812552 1.5250965 53
-0.98450601 -0.71241432 1.5359422 61
-0.7408489 -0.73261428 1.5150716 8.5
-0.57830262 -0.78902942 1.566108 12
-0.22564754 -0.79118884 1.5880539 17
3.4960377 -0.047083788 1.5978326 105
3.4924595 0.026912866 1.5914919 101
3.5027544 0.14039579 1.5880873 110.5
3.5001841 0.25288656 1.5764074 107
3.5094061 0.32887268 1.5740979 98
3.4303923 0.45412964 1.5918063 110
3.5189164 0.44285306 1.5657542 98.5
3.4382942 0.56248999 1.5868827 101
3.5298426 0.55783194 1.557386 99
3.4390299 0.63439637 1.5801339 110
3.5333185 0.63482016 1.5495118 99
1.1679722 0.79283571 1.5651531 37.5
1.2074643 0.78998983 1.542617 36
1.3825792 0.77018166 1.5513821 30
1.4397708 0.76294935 1.5602164 27.5
3.4426353 0.74324262 1.5710189 109
3.5474131 0.75229484 1.5400288 106.5
-0.22125489 0.89341688 1.5164543 62.5
0.67557001 0.84142351 1.5335577 46.5
0.94207215 0.81664562 1.5443783 40.333332
3.449821 0.85505748 1.5625134 110
3.5622067 0.87176818 1.5298254 105
-3.106755 0.99843669 1.554243 23
-1.3025876 0.98575944 1.5213211 54
-1.2003307 0.98788661 1.5318538 49
-1.0044316 0.96134531 1.5572984 53
-0.8906526 0.95972288 1.5254383 44
-0.73950946 0.93907326 1.5754905 50
-0.6310845 0.93753225 1.5402256 53
-0.51127988 0.91837585 1.5470467 56
-0.42103258 0.91914487 1.5443565 57
-0.34080255 0.90317899 1.5649594 60
-0.273938 0.90498275 1.5557299 61.5
3.4541492 0.93093216 1.5563576 118
3.5699065 0.95175087 1.5204649 119
-2.4287598 1.0841415 1.50737 51
-2.2476456 1.0925993 1.549421 38.333332
-2.1452847 1.0748785 1.5435103 53.5
-1.9113625 1.0564618 1.5174733 37
-1.7838514 1.0430384 1.5075285 48
-1.5605084 1.0245883 1.5432669 41
3.4648952 1.0456944 1.5470464 119.5
3.5834246 1.0357702 1.5137422 105
-3.2264781 1.1754584 1.5106598 31
-3.0353212 1.1353633 1.5133842 51
-2.4941342 1.1061077 1.5102645 53
-2.3927574 1.1063 1.5975255 40
3.4728055 1.1614679 1.5363451 121
3.59182 1.1177521 1.5036631 107
3.4807055 1.2412896 1.5293683 123
3.4893372 1.3240919 1.521628 118
3.5062284 1.4507754 1.5116901 106
3.3309612 2.3839726 1.5734448 53
3.4447846 2.4467316 1.5212145 52
3.3525965 2.5720367 1.559041 52
3.2626069 2.6278625 1.5988408 110
3.4153752 2.6058583 1.5295212 51
3.2800689 2.7538552 1.585093 112
3.4127872 2.7124097 1.5295856 58
3.2975078 2.8848476 1.56993 102
3.3149235 3.0178394 1.553353 60
3.3358896 3.1608307 1.53742 8
2.6681242 -7.419208 1.6245934 41
3.1669014 -6.7534041 1.6321843 4
3.4720728 -4.1621323 1.6949413 75
3.4924114 -3.9242208 1.6728045 82
3.4086022 -3.550966 1.6985024 68
3.3616638 -3.4110756 1.6545606 52
1.1622597 -2.4171979 1.6536162 91
1.3783432 -2.4435961 1.6441424 80
3.6535964 -2.492197 1.6197178 114
0.69242674 -2.3766487 1.6547197 88
3.6447854 -2.3420033 1.6106154 111
3.6037581 -2.2354603 1.6211292 113
3.5846381 -2.1171873 1.6231966 116
3.6409557 -2.1981165 1.6040845 123
-3.552223 -2.0183492 1.6951762 18
3.6184249 -2.075099 1.6044033 127
-3.9689045 -1.969147 1.6707007 15
3.5597897 -1.9999108 1.6211174 107
3.6030028 -1.9610868 1.6074377 116
3.5661595 -1.8713847 1.6161904 119
3.5519817 -1.7652713 1.6184475 121
3.5395319 -1.6651719 1.6203666 124.5
3.5210922 -1.5447158 1.6258084 127
3.4974866 -1.4108311 1.6373508 118
3.5434473 -1.4450424 1.6173936 124
3.4928854 -1.3227141 1.6403545 109
3.5400403 -1.3520403 1.6209463 120
3.4847188 -1.2345876 1.6412872 116
3.5352173 -1.262037 1.6245238 124
3.4736719 -1.1474698 1.6394467 106
3.5210783 -1.1690291 1.6204733 113
3.4697113 -1.0643704 1.6418058 112
3.5190582 -1.0820291 1.6225911 124
3.4555326 -0.94072652 1.6387585 115
3.5106726 -0.95302582 1.622674 121
-0.43487257 -0.81909841 1.6471813 2
3.4477022 -0.82112437 1.6377995 102
3.5035672 -0.82804644 1.6214 112
-1.0396268 -0.70689631 1.6428347 51.333332
-0.79336882 -0.76596862 1.6304395 90
-0.58708715 -0.77880132 1.6305393 2
-0.4360798 -0.79194564 1.6840874 10
-0.20229268 -0.78515303 1.6465327 24
3.4450798 -0.7430616 1.6387964 105
3.5029359 -0.7470485 1.6220816 107
3.4687862 -0.66552961 1.6278045 108
3.4641452 -0.54925728 1.6252337 103
3.4616117 -0.43448931 1.6226465 102
3.4574118 -0.35948408 1.6189646 98
3.4482367 -0.26362193 1.62102 103.66666
3.46807 -0.15670146 1.6087502 104
3.4243255 -0.044004984 1.6191547 106.5
3.4258523 0.061951511 1.6157811 102
3.4266155 0.1329006 1.6118799 108
3.4231291 0.23934087 1.6036183 110
3.4303312 0.34673095 1.6001369 113
1.226665 0.79617327 1.6382307 32
1.3959504 0.77489835 1.6599934 31
1.4510521 0.76733142 1.6428219 27.666666
1.5019765 0.7646246 1.665548 30
-0.20811963 0.89652324 1.6018513 61
0.6593923 0.85075885 1.6389189 39.666668
0.93325835 0.8238737 1.6498715 37
1.1843666 0.80011392 1.6749501 37
-1.3561202 0.99885368 1.615967 61
-1.2467535 0.99590367 1.623917 48
-1.0406635 0.96850479 1.648428 57
-0.92205912 0.96740055 1.6178712 50
-0.76150292 0.94330359 1.6638625 53
-0.64946502 0.9439497 1.632858 48
-0.52399427 0.92070836 1.6322339 55
-0.4335013 0.92693186 1.6826952 52
-0.34583437 0.90661645 1.6538446 53
-0.23777665 0.90287066 1.6710465 53.25
-2.3509984 1.0982146 1.6788917 51
-2.0049841 1.0747476 1.6221182 35
-1.8605703 1.0574926 1.6016121 37
-1.6273466 1.0351459 1.6394558 39
-3.2972708 1.1525317 1.6561129 28
-2.7260327 1.1373898 1.6631491 40
-2.6403341 1.1105384 1.6496453 49
-2.3287354 1.1061199 1.6716735 41
3.1359642 1.6768891 1.6895499 110
3.1429441 1.7669097 1.6780415 107
3.0652843 1.8566263 1.6887195 113
3.1569941 1.8629049 1.6721373 101
3.0770216 1.953451 1.6847688 123
3.1709969 1.9628996 1.6634043 102
3.0837262 2.0492532 1.6759567 99
3.1792948 2.060895 1.6519409 114
3.0883236 2.147069 1.6664326 108
3.1903977 2.1628895 1.6390142 105
3.0943596 2.2468665 1.6568522 124
3.1518233 2.2810102 1.6634494 54
3.2058177 2.2708833 1.6302553 104
3.1502051 2.3298426 1.642023 83
3.2367964 2.361445 1.6153958 79
3.1144898 2.4654212 1.6407844 112
3.1336005 2.587153 1.636294 22
3.2401361 2.5018704 1.6091386 117
2.7818017 -10.488311 1.7166353 44
2.8364267 -9.8659487 1.7917254 29
2.5663354 -7.3110476 1.7643292 116
3.41996 -4.7431931 1.7095206 66
3.3228443 -4.6512914 1.7805363 60
3.367202 -4.0657878 1.7471881 67
3.2631638 -3.9665306 1.7953309 65
3.4099655 -3.8604898 1.7312073 17
3.2930641 -3.743726 1.7646605 13
3.2482543 -3.423336 1.7915694 63
3.3391135 -3.4608786 1.7428644 64.5
3.2574527 -3.3519812 1.7756878 68
1.1341462 -2.4085388 1.7545763 84
1.3547218 -2.4391751 1.7484746 82
-0.0077302395 -2.3033695 1.7482014 1
0.65857321 -2.3637528 1.7572744 87
-0.15185705 -2.2914531 1.7053727 14
-3.1353314 -2.0321569 1.7266543 21
-2.9961255 -2.0486543 1.7835091 87
-2.8888535 -2.0698407 1.710147 20
-2.679152 -2.0762067 1.7404886 25
-4.1388078 -1.945226 1.7615889 77
-3.696305 -1.99825 1.7765746 69
-0.82154191 -0.75368524 1.7433403 16
-0.24102339 -0.77459836 1.7266099 0
-0.14197356 -0.79329991 1.7676715 30
-1.0721594 -0.69402957 1.7469962 54.5
2.987236 0.26084074 1.7968899 117
3.022444 0.27995047 1.7940753 115
2.994113 0.36326903 1.795058 116.5
3.0273299 0.3499479 1.7904563 119
2.9902511 0.465673 1.7841874 123
3.0285823 0.45594457 1.781243 126
2.966671 0.56356072 1.7584724 117
3.0240819 0.56094152 1.7664709 77
2.9968615 0.67447233 1.7720636 125
3.0375514 0.63493806 1.7683601 125
1.2371559 0.79729497 1.7005987 34
1.4406393 0.77968955 1.752146 32
1.5224986 0.76847422 1.7347909 34
3.0324564 0.74608588 1.7650375 125.66666
0.66728455 0.8586157 1.7602282 36.666668
0.94658965 0.83142269 1.7561669 35
1.1966484 0.80503798 1.7546756 38
1.2524176 0.80058014 1.7739921 36
3.0249414 0.85512829 1.7610384 121.33334
-1.0807683 0.97768074 1.7492495 60
-0.9550243 0.97318029 1.7162173 50
-0.78746372 0.94956434 1.7629184 53
-0.66914201 0.94741946 1.7284274 48
-0.53777349 0.92708391 1.7293594 56
-0.44339854 0.93021369 1.7811615 55
-0.35184926 0.91210872 1.7536757 58
-0.23957282 0.90882033 1.7954773 53
0.15852669 0.90681452 1.7299589 38
3.0388765 0.94849849 1.7536335 123.5
-2.3032796 1.0979167 1.7324122 53
-2.1041617 1.0902153 1.732347 40
-1.9538773 1.0776205 1.7131213 49
-1.7067087 1.0501605 1.7525059 43
-1.4097453 1.0069491 1.7116109 55
-1.3016424 1.0072788 1.7322297 45
3.0535901 1.0446037 1.7446645 116
-2.5138221 1.125369 1.7056341 31
-2.4795458 1.1301564 1.7668341 28
3.0447543 1.1571742 1.7410856 132.33333
-3.6037393 1.2246476 1.7030706 34
3.0623279 1.258773 1.7322655 127.5
3.034884 1.3465041 1.7297099 129
3.1025591 1.3309067 1.7226729 120
3.042197 1.4283848 1.7260841 115
3.1104488 1.4549009 1.7080345 110
3.0467296 1.5526764 1.7143471 114.5
3.1297758 1.5888934 1.7002691 103
3.059196 1.6839542 1.7073243 125
3.0651276 1.7718031 1.7007838 110
3.2406056 -5.0550451 1.8545079 57
3.2454355 -4.5552311 1.8588896 41.5
3.0908337 -4.3846574 1.879041 65
3.1675117 -3.8734052 1.8420391 65
3.0738909 -3.7787511 1.8844441 63
3.2055712 -3.664114 1.810438 70
3.1140223 -3.575531 1.8508209 65
3.0286565 -3.4910359 1.8897669 65
3.1794264 -3.4960341 1.8833724 1
3.1575243 -3.3258085 1.8530753 45.5
3.085566 -3.2374034 1.8575807 62
3.151217 -3.2466707 1.8520434 37.5
3.0161381 -3.1344464 1.8843505 69
3.1475623 -3.1490347 1.8818121 68
3.1164029 -3.0567546 1.8898094 45
3.120116 -2.9498067 1.8855426 84
3.1227682 -2.8420358 1.8801291 101
3.0986679 -2.7694368 1.8910803 102
3.1121445 -2.7000363 1.8796105 109
3.0861385 -2.6313028 1.8876122 110
3.0806108 -2.5041833 1.8884633 111
3.1022403 -2.5660367 1.8797863 117
1.327951 -2.4237795 1.8478395 82
3.0858638 -2.430037 1.8737087 108
0.17688107 -2.3032506 1.8836558 58
0.20495526 -2.3154876 1.8098892 84
0.62440127 -2.354671 1.8675321 91
1.1056478 -2.3968537 1.8563734 82
3.0733583 -2.3420525 1.8787982 112
-0.51127577 -2.2448776 1.8923389 9
3.0537808 -2.2529624 1.8777086 116
3.0555854 -2.1609488 1.8722057 125.5
-3.265671 -2.0188785 1.8139529 99
-3.1310892 -2.0434189 1.8730819 95
-2.888283 -2.0455852 1.8986379 88
-2.7395878 -2.0661838 1.8537697 88
-2.6053174 -2.0780733 1.817801 93
3.0535338 -2.054394 1.874146 112.5
-4.3281012 -1.9210833 1.8630611 69
-4.0051632 -1.9371867 1.8985091 1
-3.8669562 -1.9652089 1.8648593 33
3.0477891 -1.9468603 1.8726603 114.5
3.0462914 -1.8463211 1.8747125 103.5
3.0386958 -1.7437966 1.87084 110.5
3.0350175 -1.6477673 1.8701172 111
3.0270319 -1.5507393 1.8659391 111
3.0247235 -1.4597135 1.8652527 116.5
3.0159893 -1.3681957 1.8596976 115
3.0159683 -1.256128 1.8572115 121
2.9958456 -1.1042722 1.8534751 122
3.0102186 -1.1551685 1.8559414 130
2.9975169 -1.0252489 1.8542782 131
3.011276 -1.0370331 1.8473469 123
2.9963074 -0.94723743 1.8523093 128
3.0062597 -0.95603418 1.8439016 114
2.9908149 -0.86922067 1.847573 115
3.0079999 -0.83953655 1.8428166 122.5
-0.56097269 -0.76115942 1.878531 16
-0.33561936 -0.7917583 1.8294756 17.5
-0.17402408 -0.77524328 1.8409927 13
-0.08321517 -0.77589506 1.8803064 26
2.991164 -0.75579363 1.845716 127.5
3.0068634 -0.72403884 1.8389518 112
-1.1284817 -0.68760633 1.8442348 54
-1.0822567 -0.68263137 1.8314109 56
2.9896231 -0.6447978 1.8417656 117
3.0053954 -0.64804029 1.8361517 117
2.9876416 -0.57178885 1.8391608 116
3.0046077 -0.53654265 1.8319268 118
2.9842739 -0.46281239 1.8327906 119.5
3.0031016 -0.42704493 1.8270066 119
2.9808705 -0.3568354 1.8264691 118
3.0066204 -0.35504693 1.826241 117
2.9831576 -0.25236836 1.8236232 115.5
3.0097418 -0.24754983 1.8230081 112.5
2.9854331 -0.14890119 1.8207922 115
3.0142775 -0.14105301 1.8197503 119
2.9884 -0.045954511 1.81725 112.5
3.0189564 -0.035540499 1.8164022 124.5
2.9885063 0.056003287 1.8123496 117
3.0162983 0.068956815 1.8061978 120
2.9907465 0.15893474 1.8073992 112.5
3.0212314 0.13895459 1.8054076 113
3.0232639 0.2099524 1.8004241 120
1.4599746 0.7854569 1.8527555 32.666668
1.5540049 0.77228791 1.8418007 32
0.65027404 0.86784649 1.8896909 40
0.95294142 0.83834088 1.8485286 36
1.2407442 0.80801177 1.8486414 32
-1.1234889 0.98586845 1.8568665 58
-0.99579126 0.98533726 1.834848 46
-0.81684095 0.95886362 1.8777251 57
-0.69096553 0.95308095 1.836826 56
-0.55310172 0.93127066 1.8334705 56
-0.45445704 0.93466187 1.8925622 53
-0.3500075 0.93703365 1.8670268 42
-0.27805042 0.94634461 1.8589417 27
0.12716888 0.91590607 1.8365374 42
-2.0418663 1.0895629 1.820307 37
-1.803015 1.0707694 1.8870177 47
-1.4680587 1.0150522 1.8148715 55
-1.3611566 1.0178145 1.8471678 39
2.7048397 1.0600612 1.896297 121
-3.0182328 1.1812598 1.8552039 51
-2.9077632 1.1480393 1.8306886 52
-2.6255641 1.1451192 1.8675288 36
-2.5536194 1.1322964 1.8285211 56
-2.4332681 1.127968 1.8174549 37
-2.2120376 1.1049391 1.8498409 26
2.706109 1.1709392 1.8878124 136
2.7141912 1.2498996 1.8890259 133
2.7128978 1.3248049 1.8812577 133
2.7167447 1.4426692 1.8736577 120.5
2.6768403 1.5904593 1.8978879 124
2.7206416 1.5645322 1.8659791 123
2.6821966 1.6752704 1.8915293 126
2.7201655 1.6474391 1.8587503 114
2.6933663 1.7670999 1.8891639 31
2.7276468 1.7373656 1.8576362 111
2.726433 1.8202415 1.8482941 105
2.7347188 1.9171703 1.8477408 24
2.9392068 -9.5145073 1.9018686 34
2.2385814 -7.2988954 1.9523443 16
2.4866536 -7.2749362 1.9176239 111
3.1156027 -4.9011965 1.9098538 56
2.995389 -4.7514768 1.9620351 60
2.9867785 -4.2619705 1.9274635 64
2.8893154 -4.1453791 1.9735645 67
3.2258372 -4.1919398 1.9068301 17
2.9856997 -3.6888084 1.9270154 62
2.8929672 -3.5869782 1.9605258 62
2.8113592 -3.4982035 1.9984797 62
2.9445889 -3.4045923 1.9259692 69
2.8608928 -3.3132284 1.9567252 66
2.7919388 -3.2419088 1.9958998 76
2.9225996 -3.1187885 1.9322224 60
3.001869 -3.1963212 1.9016116 67
2.8535895 -3.0513127 1.9667796 67
2.9430618 -3.0650561 1.9182007 73
2.7840934 -2.9798932 1.9977007 68
2.8371565 -2.9600792 1.9646206 71
2.8567405 -2.5793254 1.9849526 150
1.2971539 -2.4137847 1.9956844 76
1.3127742 -2.4207768 1.9224499 82
2.8641493 -2.462275 1.9890262 106
0.34797806 -2.3268063 1.9283527 9
0.60077316 -2.3495438 1.9436147 22
1.0788999 -2.385643 1.9627879 81
2.5448306 -2.3853612 1.9940559 87
-0.65289104 -2.2302618 1.9505177 28
-0.55336672 -2.2367437 1.9775285 38
0.14752318 -2.298815 1.9648032 4
-2.0273833 -2.1396282 1.9357026 14
-3.4009719 -2.0015528 1.9045662 11
-3.3784509 -2.0186691 1.9097148 0
-3.2582812 -2.026197 1.9598413 84
-3.0078044 -2.0316553 1.9895418 103
-2.8298149 -2.0555761 1.9573548 83.5
-2.6552017 -2.0814207 1.9614706 18
-4.0468478 -1.9428678 1.9690723 36.5
-3.9299669 -1.9409955 1.9425192 8
-3.5281754 -1.9733027 1.9909321 36
-3.408721 -1.9958518 1.9807992 11
-4.5340166 -1.8967642 1.9720591 91
-0.84274518 -0.74558359 1.942785 25
-0.41015887 -0.74556315 1.9444021 12
-0.39987761 -0.78333312 1.928822 20
-0.20728445 -0.75618345 1.9192663 6
-0.11342024 -0.75620502 1.9587587 9
2.6601729 -0.75516903 1.9988654 125
-1.14305 -0.67557502 1.9392903 53.5
2.6653638 -0.64822465 1.9964449 122
2.6569614 -0.53836215 1.9807292 133
2.6660328 -0.43590665 1.9815125 128.5
2.6722348 -0.33346832 1.9795072 125
2.6744475 -0.26651177 1.9768074 121
2.6759872 -0.16410145 1.9702692 132
2.6789377 -0.063682206 1.9651595 128
2.6804228 0.03422891 1.9587013 127.5
2.6833675 0.13414799 1.9535961 125
2.5957446 0.24132398 1.9939892 133.5
2.6852369 0.23406041 1.9474431 131
2.6582482 0.35850194 1.9542513 131.66667
2.6354129 0.45112839 1.9649485 128.33333
2.6515441 0.53910422 1.949825 127
2.6533189 0.64121294 1.9417791 133
1.4801192 0.79165113 1.986571 30
1.5502732 0.77966779 1.9406807 29
2.6583278 0.74529862 1.9354179 135
0.9604249 0.84543574 1.9502358 33.5
1.2589886 0.81385005 1.9427371 30.5
2.6646099 0.85066098 1.9302346 123.5
-1.1735165 0.99508309 1.9788903 55
-1.0362858 0.98943585 1.9496095 45
-0.84875482 0.96518105 1.9983345 54
-0.71701729 0.96096623 1.9588695 57
-0.57111686 0.9387334 1.9553121 57
-0.35733193 0.94291091 1.9899533 55
-0.24065419 0.92425305 1.9177823 41.25
-0.13725507 0.93293554 1.9122261 35
0.051315594 0.93112612 1.937052 37.5
2.4976771 0.95764089 1.9913193 143
2.6382542 0.96584696 1.9452592 131
2.7072074 0.95320374 1.9081866 126
-1.538088 1.0301738 1.9371717 63
-1.4292392 1.0307258 1.9793673 40
2.5064785 1.0326276 1.9945767 131
2.6384292 1.0376493 1.9357539 126
-2.8164494 1.1754137 1.9703313 34
-2.543622 1.1400007 1.9269586 42
-2.3497298 1.1306658 1.9985585 31
-2.14762 1.1072434 1.9468185 46
2.5088878 1.1425267 1.9890646 133
2.6451871 1.1498789 1.926246 128.5
2.5069809 1.2513937 1.9793925 124
2.6541584 1.2651616 1.9201695 128
-4.1265306 1.3014421 1.9688231 43
2.4756095 1.3394483 1.9999375 130
2.5100698 1.3283362 1.9770327 129
2.6630428 1.3460089 1.9173955 126
2.5144091 1.4487457 1.9730382 75.5
2.6625714 1.422802 1.9070693 111
2.6678853 1.5046144 1.9007846 118
2.3574269 -7.1982498 2.0633776 24
2.9814804 -5.175117 2.070085 8
2.8870888 -4.6149054 2.0146461 61
2.7800188 -4.4735036 2.0599647 67
2.7971239 -4.0338645 2.0178106 65
2.7078178 -3.921483 2.0586622 70
2.6203957 -3.8061197 2.0951424 70
2.733238 -3.4115238 2.0337012 63
2.6541882 -3.3179259 2.0638926 65
2.8942418 -3.3413539 2.018857 3
2.7162032 -3.1576385 2.0261116 69
2.8887775 -3.1773202 2.0141661 37
2.5842953 -3.0062723 2.0894268 76
2.6471198 -3.0784431 2.056231 70
2.8839164 -3.0212758 2.0103722 70
2.7194567 -2.9115493 2.0276594 66
2.6556826 -2.8422475 2.0557897 79
2.7401345 -2.8602076 2.0109 72
2.8775456 -2.8692794 2.0038683 105
2.5959175 -2.7759793 2.0847676 77
2.6472685 -2.7599463 2.0530438 78
2.8745739 -2.7302413 2.0011754 98
2.5547228 -2.6548057 2.0874989 79
2.6366405 -2.6246846 2.0947373 102
2.4645076 -2.5429049 2.0759311 150
1.2815702 -2.4027922 2.0688729 74
1.5686228 -2.4245377 2.0442343 44.5
0.78466952 -2.3598094 2.0730662 26
1.0522612 -2.3743358 2.0736723 76
2.6331782 -2.3718798 2.0766878 87
-0.73411894 -2.2114162 2.073482 23.5
-0.59805816 -2.2276032 2.0659158 66
-0.48972619 -2.2324839 2.050962 67
-0.14293617 -2.2684903 2.0711722 8
2.6409395 -2.2619033 2.0780811 121
-2.1217451 -2.1258802 2.0557365 10
-2.0757279 -2.128037 2.0513864 39.5
2.6450684 -2.1539738 2.0746131 107
-3.3926656 -2.0059636 2.0502336 74
-3.131475 -2.0166962 2.0832248 78
-2.9461312 -2.0420432 2.0468359 97
-2.7634294 -2.051959 2.0586362 27
-2.6937783 -2.0714271 2.0353892 31
2.6470747 -2.047004 2.0718997 113
-4.2238259 -1.9387845 2.0691597 67
-4.1234455 -1.9161224 2.0540237 12
-3.9845209 -1.9281982 2.0228474 14
-3.6850271 -1.956443 2.0757532 39.5
-3.4551206 -1.9816144 2.0626655 26
2.6461661 -1.9420773 2.0650218 109
2.6459172 -1.8401719 2.0574813 121
-4.5683846 -1.7882955 2.0031385 107
2.6477802 -1.7432263 2.0535367 106
-4.5524755 -1.6613796 2.0100982 98
2.6510162 -1.651271 2.0510781 109
-4.5427003 -1.5394062 2.0187781 103
2.6492558 -1.5573461 2.0437036 117
-4.5271049 -1.4165062 2.0235555 104
2.6510081 -1.4693985 2.0399237 117
2.5097122 -1.3667639 2.0948067 97
2.6492906 -1.3807311 2.0311306 128
-4.5043068 -1.2936864 2.0247123 105
2.513814 -1.2414973 2.0850456 102
2.6489868 -1.2538249 2.0227771 112
-4.4940224 -1.1767393 2.030663 99
2.5214179 -1.1221938 2.078913 124
2.6514788 -1.1329005 2.0173197 131
-4.4743109 -1.0588906 2.0327032 111
2.5217326 -1.0413601 2.070616 118
2.6524024 -1.0539547 2.0130143 123
-4.4590578 -0.94400573 2.0353336 116
2.5298374 -0.96744817 2.0701547 121
2.6540709 -0.94005924 2.0055728 120.5
-4.4476919 -0.830082 2.0393693 124
2.5355563 -0.85564256 2.0631638 120.5
2.6600273 -0.82911152 2.0037785 132
-4.4330187 -0.71819967 2.0411963 123
-0.64406711 -0.76339436 2.0179188 11
-0.46103793 -0.76318204 2.03229 10.5
-0.32441679 -0.79870409 2.0809822 3
-0.14269093 -0.73151642 2.0376048 15
2.5441217 -0.74677455 2.0604463 125
-4.4125166 -0.60438997 2.0391128 109
-1.2073025 -0.66528058 2.041986 49
-1.1585555 -0.66260266 2.0551639 54
2.4479084 -0.64404696 2.0981414 132
2.5444195 -0.63753659 2.0475783 127.5
2.4530478 -0.54068869 2.0920343 131
2.5561259 -0.53415269 2.0474207 130
-4.3984227 -0.49550998 2.0401368 120
2.460314 -0.43931371 2.0880573 136
2.5613093 -0.46426696 2.0442636 121
-4.3857169 -0.38662243 2.0408874 117
2.4643531 -0.33796322 2.0809431 134.5
2.5640476 -0.36146888 2.0354028 122.5
-4.371603 -0.27782625 2.0419154 115
2.4712675 -0.23762865 2.076679 149
2.5746593 -0.25959492 2.0342324 124
-4.3650112 -0.17088194 2.0443649 120
2.452059 -0.14555021 2.0786276 126.33334
2.5741482 -0.15784454 2.0215497 122.5
-4.3512192 -0.064017378 2.0431938 134
2.43783 -0.054764953 2.0835047 137.33333
2.5786428 -0.057045791 2.0137694 124
-4.3335481 0.042808913 2.0406287 121
2.3883371 0.058760967 2.0980816 135.5
2.4531598 0.062241312 2.0711365 132
2.5866947 0.041788038 2.0095215 125.5
-4.3261423 0.14774321 2.0425417 123
2.3955996 0.15515274 2.0955167 131
2.4566391 0.15957651 2.0635052 138.5
2.5933275 0.14160761 2.0038543 131
-4.3151274 0.25462314 2.0408263 125
2.3978605 0.25447139 2.0865939 132.5
2.4592407 0.25717846 2.0560565 132.75
-4.2963672 0.35942656 2.0363374 122
2.4429357 0.35445222 2.059449 134
-4.2892404 0.46534517 2.0360284 134
2.4485612 0.45350978 2.0556853 132.66667
-4.2749114 0.5711844 2.0320988 120
2.4522603 0.55253136 2.0491202 138.33333
-4.2644629 0.67706209 2.029566 118
2.444901 0.64639914 2.0460391 131.8
2.5023303 0.68604255 2.0188391 133
-4.2581553 0.78499109 2.0298016 137
1.5221972 0.79259384 2.0494843 27.5
1.6237159 0.78203487 2.0585086 26
2.4363475 0.75528973 2.046977 137.5
2.5002673 0.75295043 2.0118172 137
-4.2457666 0.89183533 2.0247633 123
0.67860144 0.87739521 2.0035918 37
1.0007038 0.84905744 2.0120211 30
1.2446136 0.82237637 2.0454452 33
1.3124343 0.8182137 2.0415413 33
2.4332273 0.84517127 2.0450947 127
2.5040064 0.85633337 2.0064242 131
-4.2295065 0.99764162 2.0183387 112
-0.58976555 0.94522178 2.0841284 51
-0.44506654 0.9672969 2.0205736 43.666668
-0.30678266 0.96959102 2.0873361 47
-0.24072756 0.91650945 2.0302536 56
-0.19837332 0.94803041 2.0525329 50
-0.036008514 0.94488204 2.0456932 46
0.049187995 0.94352329 2.0986021 40
2.4474003 0.94134259 2.030139 139.66667
-1.8916632 1.0811392 2.013377 41
-1.6184903 1.0453113 2.0746174 59
-1.087622 1.0031136 2.0963824 42
2.4419184 1.033371 2.0258842 138.5
-4.2243009 1.1075653 2.0169008 130
-3.2316136 1.1906449 2.049674 61
-2.841316 1.1709323 2.055871 58
-2.7516711 1.1752926 2.0691395 34.5
-2.2656732 1.1264479 2.0872366 41
2.4489856 1.1448106 2.0229325 128.25
-4.2135615 1.2164303 2.0129635 127
-3.3669121 1.2276889 2.0850945 56
2.4500008 1.2546644 2.0148211 127.5
2.4269912 1.3216637 2.0185156 130
2.4888699 1.424436 2.0056226 33
3.1115689 -7.7107196 2.1232064 6
2.5787354 -5.1401453 2.1418769 53
2.4772909 -4.9805803 2.1967285 64
2.6786044 -4.3392329 2.102608 69
2.5824718 -4.2080703 2.1433961 67
2.6357803 -4.1446686 2.1778631 53
2.4924588 -4.0810657 2.1805406 66
2.6375542 -3.9348102 2.1676199 28
2.5373306 -3.6968288 2.1293547 72
2.4596012 -3.5915864 2.1639345 72
2.3857894 -3.4884295 2.194865 78
2.587599 -3.2413666 2.1003597 69
2.5200572 -3.1598883 2.1318345 70
2.450202 -3.0715089 2.1565242 72
2.6394429 -3.0533776 2.1216877 11
2.3915145 -2.9971426 2.1879122 79
2.5191488 -2.92717 2.1158714 73
2.640476 -2.9054785 2.1139996 53
2.4575357 -2.8511136 2.1418242 86
2.3965874 -2.7721848 2.1644893 77
2.4619904 -2.7432435 2.1959836 116
2.6428299 -2.7685421 2.1093218 87
2.3402598 -2.6992157 2.1885695 79
2.4680262 -2.6181066 2.1542811 93
2.530211 -2.6988251 2.1029642 76
2.3692961 -2.5025134 2.1742678 77
2.4326911 -2.5461636 2.1430264 77.5
1.2679175 -2.4013968 2.1513157 63
1.550153 -2.4169137 2.1552837 74
2.3581855 -2.4516408 2.1777539 84.5
2.4661124 -2.4757943 2.1704726 107
0.76338738 -2.3478463 2.1513197 5
1.0358622 -2.3673718 2.1508889 65
2.2981014 -2.3379891 2.1990492 82
2.3447709 -2.3988614 2.1791427 85
2.4691031 -2.3540213 2.1604631 89
-0.64274615 -2.2154622 2.1543005 70
-0.53186196 -2.2208939 2.1382864 75
-0.3776269 -2.2869899 2.130163 20
-0.17883351 -2.2567232 2.1569793 10
2.4798074 -2.2461338 2.1598709 119
-2.1362314 -2.1118689 2.1542363 49
2.4862239 -2.1372881 2.155071 104
-3.0667167 -2.0255079 2.1397872 86
-2.8076215 -2.0418231 2.1488369 42
-2.7608521 -2.0579364 2.1539936 43.5
2.4876156 -2.0275242 2.1439536 105
-4.4226789 -1.9136431 2.1802187 78
-4.1431646 -1.9018092 2.1609652 26
-4.040792 -1.9137353 2.1027982 21
-3.7375307 -1.9415394 2.1308384 19
-3.5243292 -1.97893 2.1499658 54
-3.2609375 -1.9966953 2.1807821 86
2.374331 -1.9557219 2.194159 112
2.4939356 -1.9256759 2.1393209 121
2.3818722 -1.8569219 2.1870677 109
2.49736 -1.8258541 2.1319468 111
2.3872442 -1.7611079 2.1793616 106
2.5028865 -1.7309762 2.1281972 104
2.3954298 -1.6712418 2.1759796 122
2.5041053 -1.6351736 2.1188269 84
2.3964851 -1.57646 2.1641123 108
2.5059855 -1.5433626 2.1102493 99
2.3599944 -1.4758375 2.1743779 101.5
2.4063125 -1.4037743 2.1512184 103
2.5071347 -1.4525576 2.1009986 100
2.326355 -1.3792434 2.1859539 107
2.4101186 -1.3199389 2.1437771 112
2.2962186 -1.2565669 2.1861181 112.5
2.3310163 -1.2550778 2.1714454 101
2.408916 -1.2351416 2.1314378 104
2.3210773 -1.1371031 2.1682761 100.5
2.4112573 -1.1552868 2.1240983 97
2.3337545 -1.0651758 2.171104 118
2.4247153 -1.0439122 2.1237245 119
2.3415523 -0.9527486 2.1610637 119
2.4295826 -0.92963254 2.1135128 125
-4.3613415 -0.86485744 2.1982405 125
2.3479192 -0.84228563 2.1517963 131
2.435431 -0.85771948 2.1112332 121
-4.3532195 -0.75388277 2.1976213 137
-0.92356104 -0.7396841 2.1307251 8
-0.34467822 -0.76354313 2.1322858 8
-0.18338588 -0.71457678 2.145406 16
2.3518612 -0.74966592 2.1507008 130
2.4416862 -0.7503686 2.1053846 137
-4.3420534 -0.64491004 2.1961563 136
-1.2302471 -0.65219688 2.1737447 44.5
2.3701849 -0.65540808 2.1402223 139.33333
-4.3187165 -0.53394669 2.1876984 125
2.3701665 -0.56382668 2.1350794 139
-4.3161349 -0.42796779 2.1896043 139
2.3778892 -0.46231171 2.1295338 140
-4.2997246 -0.32099947 2.1834006 130
2.365062 -0.3649863 2.1271155 144
2.4016893 -0.35852844 2.1167486 145
-4.2899508 -0.21602578 2.1816673 127
2.3723106 -0.2656723 2.120955 137.5
2.4057302 -0.25924695 2.1074011 129.5
-4.2854428 -0.1120487 2.1810699 115
2.3813939 -0.1348682 2.1147871 135
-4.27457 -0.006076178 2.1773899 136
2.3861246 -0.038527679 2.108372 145
-4.2636991 0.097896419 2.1737111 124
-4.2536583 0.20186974 2.1705911 116
-4.2491522 0.30584699 2.1699948 136
-4.2304659 0.40727627 2.1616788 117
-4.2273583 0.51125461 2.1608171 119
-4.2153978 0.61622745 2.1551964 122
-4.2009516 0.71919894 2.1479008 126
1.5644299 0.79163814 2.1003308 24
1.6618724 0.79033333 2.1702037 27
-4.1984024 0.82717741 2.1462095 135
0.67485952 0.88510627 2.122092 35
0.93754023 0.8592816 2.1172974 40
1.0114201 0.85421789 2.1185935 32
1.2659231 0.82872969 2.1647496 35
1.3336099 0.82088023 2.1376207 28
-4.1847858 0.93114948 2.1394725 124
-0.88391131 0.9725334 2.1327066 51
-0.74584597 0.97114176 2.100713 47
-0.51551527 0.99797475 2.1870534 45
-0.45957235 0.96852219 2.1664457 45
-0.37323391 0.9268747 2.1121168 50
-0.24096835 0.92407507 2.1737456 51.666668
-4.170341 1.0351211 2.1321771 135
-1.5149682 1.0513129 2.1409724 47
-1.2336327 1.0113379 2.1241016 70
-0.5453105 1.0038995 2.1883104 44
-4.1644759 1.1440978 2.1282513 137
-3.4772055 1.170956 2.1566367 81
-2.7776797 1.1684692 2.1143162 56
-2.4932051 1.1521831 2.1526093 28
-2.0083342 1.1014543 2.1731706 32
-4.1497612 1.2490692 2.1195683 126
-2.9927261 1.2022407 2.1234787 35
2.5608308 -7.8444972 2.2375004 44
2.6273093 -6.6420431 2.2961483 39
2.6295094 -6.2193012 2.2770417 6
2.3752854 -4.8121004 2.2434399 68
2.2775791 -4.6447358 2.2833464 67
2.4094465 -4.1009378 2.2862535 43
2.416091 -3.9336796 2.2486277 42.5
2.3287101 -3.8443096 2.2529988 67
2.2533896 -3.7336888 2.2872491 63
2.444931 -3.7383382 2.2835162 0
2.3168786 -3.390305 2.2270813 76
2.2501385 -3.2932312 2.2570195 70
2.1868806 -3.1992269 2.2842264 74
2.4442196 -3.1775451 2.2228172 2
2.4504721 -3.0257893 2.2134669 31
2.3232639 -2.9132333 2.2431207 51
2.2721243 -2.8386571 2.236233 78
2.4545186 -2.8780527 2.2021203 75
2.2181816 -2.737669 2.2789536 76.5
2.3200758 -2.7629738 2.2547982 61
2.164674 -2.6873565 2.2826004 79
2.2865832 -2.6272881 2.211705 84
2.3294175 -2.6322308 2.2456098 94
2.2325521 -2.5713058 2.2600009 93
2.3365436 -2.5065026 2.2344339 118
1.5359302 -2.4071672 2.2279232 72
2.1647577 -2.4556441 2.2666678 87.5
2.2400663 -2.4635315 2.275722 94
1.0172679 -2.3573768 2.2280915 44
1.2538109 -2.3923311 2.2307515 41
2.0961189 -2.3519721 2.294873 76
2.2411437 -2.3472664 2.2530367 92.5
2.3421972 -2.3837843 2.2219257 110
-0.69211417 -2.2060988 2.2517593 56
-0.57874036 -2.2112474 2.2333388 73
-0.36562091 -2.2768285 2.2111475 36
2.1697059 -2.2321911 2.2732143 60.5
2.241251 -2.247956 2.2550683 81.75
2.3534532 -2.2749605 2.2181084 116
-2.1723013 -2.1039104 2.2438049 58.5
2.1369629 -2.1344175 2.2784107 46.666668
2.2506959 -2.1280522 2.260077 93
2.3618319 -2.1651878 2.2100689 113
-3.2049804 -2.0090592 2.2043109 77
-3.1842806 -2.005811 2.2734063 82
-2.8454151 -2.0390282 2.2618446 50.5
2.0972888 -2.049005 2.299793 32
2.2611661 -2.0262961 2.2534428 100
2.3673368 -2.0574069 2.2006969 103
-3.8597305 -1.9284654 2.2531879 54
-3.7936513 -1.9268984 2.2087333 29
-3.6979489 -1.9684328 2.2555768 69
-3.5676162 -1.9575404 2.2437971 41
-3.3984249 -1.9766251 2.2861247 74
2.267684 -1.9236039 2.2415411 97.5
-4.4640665 -1.8106287 2.2081249 115
-4.2546425 -1.8926661 2.2193618 25
-4.1783175 -1.8890133 2.2825651 33
2.2780824 -1.8288144 2.2364755 101
2.265444 -1.73378 2.2354918 112
2.3036268 -1.7343346 2.2196631 99
-4.4445715 -1.6826622 2.204669 106
2.2743483 -1.6420139 2.2284167 112
2.3139653 -1.6455297 2.2154126 104
-4.4339333 -1.5596888 2.2059722 102
2.2796476 -1.5532455 2.2193367 100
2.3136261 -1.5508189 2.2005739 115
-4.4318819 -1.4437089 2.2106478 108
2.2849207 -1.4664766 2.2103 99
-4.4146109 -1.3237408 2.2074835 111
2.2908847 -1.3817011 2.2020037 108
-4.4003887 -1.2047707 2.2051663 118
-4.3908753 -1.0907969 2.2048156 124
-4.3749986 -0.97682792 2.2013836 131
-0.70246702 -0.71782333 2.2798998 16
-0.68232745 -0.75145489 2.2754743 18
-0.59792864 -0.75318044 2.2657003 15
-0.32077307 -0.77085197 2.2979352 20
1.6476021 0.79587734 2.2430701 27.5
0.67116863 0.89623821 2.2593083 33
0.94493073 0.86780506 2.2521348 39
1.0257548 0.86272532 2.243351 32
1.3655035 0.83204806 2.2650342 30
1.54679 0.80924636 2.2187002 31
-0.92879122 0.98896748 2.2973111 70
-0.77875316 0.98051393 2.2542493 47
-0.61246395 0.95479769 2.2356617 52
-0.38849267 0.96724069 2.2719698 47.5
-0.27218607 0.96814495 2.2200177 51
-0.096394978 0.9643032 2.2071922 51
0.00017026668 0.96238434 2.2662187 41
-1.6989847 1.0564501 2.2130606 61
-1.5939626 1.0596753 2.2933502 43
-1.2953734 1.0236036 2.2762003 59
-1.1492133 1.0222648 2.2682526 41
-3.4670267 1.1830899 2.2067671 76
-2.4027114 1.1484567 2.2489557 37
-3.1497147 1.2180712 2.2749276 45
-2.9581895 1.2007682 2.204088 31
-2.8967547 1.2009908 2.2627027 37
2.4017961 -7.4824934 2.3104789 41
2.3444209 -5.7635708 2.3933716 9
2.1869152 -4.4874458 2.3222966 69
2.1019621 -4.3342385 2.3584676 69
2.023164 -4.1950769 2.3955383 66
2.2471373 -3.9203582 2.3574159 49
2.2586443 -3.7208276 2.3383033 22
2.1804311 -3.6210847 2.3162255 73
2.111428 -3.5155134 2.3461461 71
2.0450435 -3.4090436 2.3728504 76
2.1281183 -3.1082394 2.3135979 74
2.0701077 -3.01634 2.3366756 79
2.0175023 -2.9324319 2.3646431 85
2.1740642 -2.9904354 2.336441 6.5
1.9593451 -2.8336458 2.3786871 88
2.1657293 -2.8501973 2.3363163 25
2.2091355 -2.8524516 2.3124084 39
2.1758323 -2.7116206 2.3204582 50
2.1132929 -2.61133 2.3007958 84
2.066406 -2.5422742 2.3234847 79
2.1872425 -2.5834887 2.3088334 74
1.7386187 -2.4282453 2.3861177 50
1.9783357 -2.4033298 2.3637817 72
2.0230722 -2.4742725 2.3456576 78
2.2007418 -2.4647882 2.3011107 89
1.0019116 -2.3562143 2.3148074 26
1.2388358 -2.3792613 2.3097155 21
1.5182934 -2.3949621 2.3431063 51
1.9384876 -2.3374231 2.3832216 60
-0.36596638 -2.280915 2.3145692 78
0.2086769 -2.278254 2.3541517 26
2.0380144 -2.2613192 2.3299356 53.5
-0.74104762 -2.1939371 2.3491969 32
-0.62298465 -2.1956251 2.3251705 83
1.9631596 -2.1369147 2.3691895 29
-2.9127123 -2.0260365 2.3468962 61
-2.8896885 -2.0384519 2.3705866 57
-2.208138 -2.0931594 2.3343863 73
1.9031382 -2.0335262 2.3837633 10
2.0542703 -2.05686 2.3275499 30.5
-4.035121 -1.914345 2.3292537 70
-3.9395642 -1.9095221 2.3908961 42
-3.871604 -1.9471294 2.3735871 69
-3.6314125 -1.9447911 2.3401952 44
-3.3288956 -1.9858408 2.3427944 74.5
1.9684021 -1.9150373 2.3668311 7
2.0307329 -1.9662389 2.3335068 19.333334
-4.3595624 -1.8703504 2.3494432 47
-4.2530603 -1.8749779 2.3779306 41
1.9794948 -1.8531883 2.3558545 3
-0.69362068 -0.72140831 2.3024952 13
-0.47285289 -0.7505092 2.3332913 10
-0.33629394 -0.75044531 2.3577588 15
-1.3198645 -0.64681935 2.314038 47
-1.2740341 -0.6507262 2.3779249 86
-0.69879025 -0.66231525 2.320796 1
1.7368035 0.79798532 2.3964505 24
1.0418167 0.87253761 2.3832514 27
1.2941741 0.8413462 2.3093042 34
1.3950436 0.83820045 2.3903689 27
1.5758276 0.80953878 2.3284745 25
1.6347896 0.80168343 2.319917 26
-0.49632955 0.96239293 2.3352473 55
-0.26209772 0.92967331 2.3227909 49.5
-0.18054369 0.95678312 2.3670762 63.5
-1.7971441 1.0736175 2.3810608 46
-0.63639891 1.0222085 2.3759136 42
-0.52837163 1.0023016 2.3367982 38
-2.6651695 1.1800852 2.3363471 29
-2.1409903 1.1243553 2.3545692 31
-3.1788309 1.2235948 2.3609991 37.5
-3.0852821 1.212126 2.3627114 49
1.9482852 -4.057992 2.4289565 68
2.0491416 -4.0265713 2.4516244 48
2.1052401 -4.0319619 2.4196112 55
1.8782759 -3.9239614 2.4613934 71
2.0727334 -3.8311512 2.4357679 37
2.1288745 -3.8454018 2.4108686 34
2.0919113 -3.6457324 2.4173605 15
2.1313543 -3.516824 2.4345317 0
1.9853032 -3.3116138 2.4018176 81
1.9245712 -3.2083237 2.423526 74
1.8723128 -3.1209826 2.4529669 119
1.9106127 -2.7508519 2.4007568 90
1.8632005 -2.6690769 2.4223588 81
1.8152163 -2.5804 2.4358335 87
1.7308537 -2.4190888 2.4685166 34
1.504886 -2.3895538 2.4704092 32
-0.50392234 -2.207875 2.4989972 80
-0.37479645 -2.2720299 2.411746 88
-0.29247817 -2.217541 2.4344938 72
0.17963891 -2.262291 2.4442108 51
1.8641484 -2.2116253 2.4247646 30
1.9013608 -2.2754819 2.4062479 42
-0.67111629 -2.1809578 2.4229157 56
-2.9547925 -2.0210857 2.4542437 55
-2.2476976 -2.082561 2.4291763 76
-4.0205841 -1.9010844 2.4877803 44
-3.7094491 -1.9373446 2.4476006 50
-3.5567038 -1.9613999 2.4054055 73
-3.4887152 -1.9691136 2.4201181 66
-4.3610601 -1.8343844 2.4575117 62
-4.2290907 -1.889454 2.4579549 74
-4.3533754 -1.7398549 2.4639044 70
-4.3326159 -1.6783741 2.4974639 82
-0.70510453 -0.7438972 2.428015 11
-0.62412483 -0.72674984 2.4352703 13.666667
-0.40931141 -0.75620073 2.4458082 18
-1.3863739 -0.63454616 2.4747498 44
-0.92429739 -0.68403846 2.4914849 2
-0.64827746 -0.66174972 2.4058819 0
0.95482332 0.88063294 2.4145977 36
1.3205534 0.84796965 2.4530876 31
1.6462324 0.81277579 2.4582086 24.5
-0.97449225 0.99942207 2.4708903 60
-0.81917548 0.99748349 2.4471657 53
-0.63939214 0.96746844 2.4119041 57
-0.37174699 0.96740645 2.4276056 49.5
-0.05301214 0.98063946 2.4473739 45
0.18613127 0.95089835 2.423023 12
0.66791397 0.90776598 2.4144037 36
-4.0092888 1.0182126 2.4965999 140
-1.3646022 1.034899 2.4446998 66
-1.211005 1.0314348 2.4412615 40
-0.49277681 1.0181582 2.4692128 51
-3.9876094 1.1249989 2.4878602 125
-2.5652103 1.1764972 2.4373271 36
-3.9822426 1.2369392 2.4888356 133
-3.4189923 1.2612486 2.4902685 31
-3.0746973 1.221506 2.432857 33
1.7208492 -2.4049377 2.5486698 17
1.489417 -2.364876 2.538738 12
-0.3622112 -2.2490025 2.5244596 83.666664
0.14988473 -2.2502515 2.5428178 71
1.8896174 -2.2534065 2.5560398 8
-0.72175497 -2.1682439 2.5283346 12
-3.0157356 -2.0117369 2.5586691 57
-2.2926154 -2.0759301 2.5335174 75
-4.0607529 -1.9257996 2.5008128 68
-3.7431257 -1.9278475 2.5361114 59.5
-3.6502235 -1.9465767 2.5418115 70
-3.473613 -1.9681944 2.5023165 71
-4.3242397 -1.805644 2.5250647 100.5
-4.0996323 -1.8876476 2.585722 46
-4.3032231 -1.7373598 2.5610564 79
-4.3038907 -1.6449339 2.5238419 93
-4.2815938 -1.6708692 2.5966349 78
-4.3001637 -1.5567009 2.530082 110
-4.286222 -1.5496724 2.5558503 80
-4.2382679 -0.95259345 2.5328901 19
-4.2361856 -0.83859897 2.5396566 50
-0.4486008 -0.74242318 2.5458484 10
-1.315159 -0.62350148 2.5023229 30
-0.49955654 -0.68268377 2.587338 12
-4.1535649 -0.27637264 2.5215254 133
-4.2454348 -0.17246263 2.5876584 64
-4.0720325 0.37800285 2.5455546 142
-4.1426058 0.48753339 2.5570002 34
0.96502441 0.89161557 2.5904968 33
1.0599504 0.8815825 2.5351989 24
1.4275068 0.84352154 2.5259387 26
1.7539852 0.81049836 2.5623796 23
-4.049499 0.93294215 2.5902693 67
-0.51418442 0.97281486 2.5222731 52
-0.26378685 0.94540691 2.5253229 52.5
-0.1957505 0.94025564 2.532445 54
0.66468364 0.92071503 2.5882602 29
-3.9779906 1.0277976 2.5458219 126
-1.9116229 1.0938107 2.5747228 52
-1.7071412 1.0853609 2.5036023 37
-0.77787602 1.0502225 2.5971165 39
-0.64345086 1.0286791 2.5567102 40
-0.2414569 1.0047363 2.5983202 59
-3.9678683 1.1367624 2.5426619 129
-2.2998276 1.1522027 2.5706675 31
-3.9211454 1.2359383 2.5133553 150
-3.4985111 1.262599 2.5529723 40
-2.8612885 1.2087569 2.5429962 33
0.66382343 -2.307399 2.6101613 8
-0.5546068 -2.2027915 2.612191 81
-0.37675774 -2.2618585 2.6228211 89
0.11886153 -2.237179 2.6441319 12
-0.37805223 -2.195677 2.647162 70
-3.0696459 -2.0094719 2.6610053 55
-2.340277 -2.0667579 2.6406069 69.5
-3.8587723 -1.9152641 2.6661179 61.333332
-3.6271157 -1.9433402 2.6232965 66
-3.0881293 -1.9911888 2.6697853 63
-4.2482266 -1.8934747 2.6269152 111
-4.1787305 -1.8711877 2.6845875 55
-4.2458105 -1.768496 2.630146 119
-4.2507 -1.6234686 2.6302125 92
-4.5333853 -1.5194212 2.6862593 48
-4.2508821 -1.5342946 2.6555433 92
-4.2961106 -1.498436 2.6049602 87
-4.1854715 -0.92751402 2.617274 131
-4.2907057 -0.83633751 2.6916904 23
-0.63014793 -0.7388643 2.601001 7
-0.49007881 -0.72309732 2.6358311 18
-1.4729155 -0.6271919 2.6798627 29
-4.1367207 -0.36769116 2.6039417 2
-4.1299081 -0.25772122 2.6030087 137
-4.1049943 0.28314564 2.604497 49
1.3519592 0.85583496 2.6191015 28
1.4683473 0.85332882 2.6907442 22
1.665665 0.82589394 2.6311927 25
1.8374833 0.81131917 2.6855121 24
-0.66750097 0.97718644 2.6011028 56
-0.40319312 0.95547694 2.6434228 54
0.13584533 0.97618163 2.6477206 13
-1.4476218 1.0512491 2.6440904 58
-1.2887032 1.050406 2.6578698 44
-1.0299319 1.0129591 2.6747127 62
-0.86263114 1.0096281 2.6509218 47
-0.74798119 1.0490291 2.604636 43
-0.447083 1.0104184 2.6228189 49
-0.11601057 1.0019608 2.6658287 46
-2.7357483 1.1999128 2.6361372 37
-3.5841718 1.2670442 2.6349468 39
-3.4345706 1.2633182 2.6359515 38
-3.3179374 1.2613043 2.660886 33
-0.55944341 -2.2372491 2.787611 22
-0.49909097 -2.2400188 2.7205107 23
-0.37748957 -2.252574 2.732069 84
0.38667423 -2.2648735 2.7326486 30
0.64215124 -2.2922299 2.7080772 32
-0.59850889 -2.1787171 2.7108808 57
-0.42184663 -2.1797156 2.7568448 79
-2.3910999 -2.0579033 2.7544918 71.5
-3.8030481 -1.9223561 2.7629299 65
-3.1459651 -1.9873431 2.7767825 49.5
-4.2211342 -1.8338374 2.7581322 92
-3.9470925 -1.8925601 2.7826943 53
-4.1965981 -1.7625313 2.784667 81
-4.3926744 -1.4768109 2.7092028 50
-4.2619629 -1.4544073 2.7450938 54
-4.2172632 -1.3447145 2.7807631 58
-4.2443333 -1.2472988 2.7302313 16
-4.1720343 -1.2660997 2.790077 82
-4.2310505 -1.1828485 2.7580261 46
-4.1972222 -1.1120157 2.7704542 61
-4.157937 -1.0393581 2.7783115 83
-4.122663 -0.96865475 2.7858529 93
-0.76011807 -0.72555786 2.7934792 5
-1.0830749 -0.69385916 2.7317598 5
-0.75406599 -0.64429682 2.7785881 6
-0.55554545 -0.6465838 2.7189982 12
1.0824016 0.89418697 2.7156012 26
1.7419899 0.82458782 2.7659693 24
-0.53464115 0.98460865 2.7381666 57
-0.26515335 0.95520246 2.7349653 55.5
-0.19273567 0.94904894 2.7434969 55
0.66135168 0.93735838 2.7929115 25
-0.60724205 1.0457445 2.7058401 49
-1.8324507 1.1105566 2.736867 39
-3.6679225 1.291396 2.7030506 32
-3.1014531 1.2468781 2.7936766 31
1.9757899 -2.397625 2.8090129 2
-0.50199693 -2.2368224 2.8417032 85
-0.37840769 -2.2486162 2.8534398 83.5
-0.14722884 -2.2016282 2.8072169 78
0.36173561 -2.244606 2.8261154 55
0.62143862 -2.2770405 2.8086534 55
-0.46857029 -2.1646814 2.8751035 75
-2.4498768 -2.0520382 2.8791714 68.5
-3.2066925 -1.9844863 2.8738694 50
-4.0415421 -1.8913302 2.8077338 68.5
-4.1484971 -1.7967368 2.8596256 112
-4.1570625 -1.6615013 2.8383205 90.333336
-4.1230092 -1.5554819 2.8739245 97.333336
-4.1173401 -1.417014 2.8551555 114
-4.0945892 -1.2902002 2.844578 108
-4.1238813 -1.1551743 2.8154871 76.5
-4.090425 -1.1712451 2.8476696 96
-4.1033449 -1.051549 2.8566494 8
-4.0829477 -1.0543144 2.8485446 74
-4.1001902 -0.90060264 2.8013387 93
-4.0558724 -0.93513203 2.8681939 34.333332
-4.0743914 -0.8367877 2.8543031 26.666666
-4.072998 -0.73922181 2.8499463 6.5
-0.65357518 -0.68322515 2.8873594 19
-4.0605702 -0.5965358 2.8571119 1
-3.9913418 -0.26968712 2.8399205 113
-3.9271598 0.39537463 2.8172433 118
1.3913001 0.86801749 2.8152881 24
1.5106579 0.86124188 2.8618152 22
1.8909647 0.8131355 2.8421211 19
-0.70082909 0.9900381 2.8259666 55
-0.41620338 0.96661508 2.8761377 51
0.081377126 0.9966085 2.8859816 17
0.98127806 0.91005886 2.810004 29
-3.8309696 1.0512698 2.8397975 59.5
-1.5492139 1.0736707 2.8829806 44
-0.92505997 1.0556285 2.8847234 43.5
-0.89441603 1.079321 2.867167 45
-0.778148 1.0571206 2.8138092 43
-0.55922824 1.0375935 2.8794544 46
-0.3337664 1.0292052 2.8463409 58
-3.8270264 1.1549689 2.8351076 112.25
-2.4757853 1.1786679 2.8093483 34
-2.0528793 1.1210457 2.8101861 47
-3.8231246 1.2627612 2.819046 132
-2.9474444 1.2340488 2.8801367 38
-3.6941922 1.3044034 2.8594029 36
1.1599691 -2.3195491 2.9856668 13
-0.50406301 -2.2306135 2.9649484 92
0.33588633 -2.2346163 2.9374886 83
0.6013065 -2.2627969 2.9150405 66
0.89153492 -2.293797 2.9752746 12
-0.80013645 -2.1996379 2.9128115 18
-0.18590763 -2.1891503 2.9246342 80
-2.5070221 -2.049221 2.9765313 60
-3.2564392 -1.9677885 2.9541049 50.5
-4.1307468 -1.8309828 2.9090276 114
-4.0593123 -1.8454088 2.9455969 80.5
-3.9858737 -1.8943346 2.9083872 64
-4.1151986 -1.7000576 2.9010139 110
-4.0678358 -1.6829174 2.9800994 106
-4.1600971 -1.5016437 2.9250019 16
-4.0657163 -1.5589563 2.9822304 93
-4.0056157 -0.94842362 2.9572988 42
-4.0698543 -0.8423031 2.9342301 14
-1.5709019 -0.61579067 2.9120622 47
-1.1533327 -0.69116277 2.9884925 21
-1.0323639 -0.68031102 2.9867623 8
-3.9521964 -0.25913033 2.9307041 72
-3.863946 0.38643131 2.9188066 123
-3.858861 0.40899709 2.9498246 85
1.8312925 0.82787788 2.9155502 18
-3.8515849 0.99169731 2.9184926 9
-0.5585342 0.99575776 2.9808698 41
-0.30105758 0.96921957 2.9744742 61
-0.23396465 0.95935214 2.9808464 58
-0.18879646 0.95912904 2.9887617 56
1.108623 0.90928102 2.9209151 24
-3.7809651 1.0556041 2.955406 78.666664
-1.3794243 1.069994 2.907433 41
-1.0933002 1.0285788 2.9109511 64
-0.74641055 1.0786697 2.9926996 47
-0.18580955 1.0207927 2.9010634 54
-3.7772357 1.1653583 2.9342756 116.5
-3.7688532 1.2598524 2.9241238 121.5
-3.5744123 1.2935706 2.9009585 34
0.30922678 -2.2215724 3.0506001 67
0.58051705 -2.2514393 3.0322077 59
0.87589574 -2.2782345 3.0791285 38
-0.81040365 -2.1910486 3.0382855 85
-0.22587454 -2.1736419 3.0424554 80
-2.5391836 -2.035542 3.0654011 58.5
-3.306788 -1.9478064 3.0498688 50
-4.0939298 -1.8362432 3.0032184 82
-4.0646892 -1.7529876 3.0341821 85
-4.0482845 -1.6754084 3.0731492 77
-3.9726272 -0.91970235 3.0518165 11
-3.9844141 -0.85561693 3.0903168 39
-0.80041701 -0.72456867 3.0619378 1
-1.1241672 -0.6284703 3.0486288 8
-2.0564272 -0.53341663 3.0145411 10
-1.6401632 -0.58150798 3.0815377 8
-3.9090891 -0.2540299 3.0137644 20
-3.8455768 0.34219521 3.062325 8
-3.8158336 0.41538307 3.042275 69
1.4342515 0.87843257 3.0319891 20
1.5671871 0.87593466 3.0802765 20
1.7825505 0.84511632 3.0150843 18
1.9796048 0.83273333 3.0745499 16
0.65811294 0.95252264 3.0208614 23
0.99660039 0.92472678 3.0479205 25
-3.7122571 1.0457454 3.0814459 80
-1.0431564 1.0826366 3.094476 111
-0.74253047 1.008076 3.0992548 78
-3.7132111 1.1593194 3.0624559 100.5
-2.2035165 1.1442969 3.0608852 33
-1.9817952 1.1387354 3.0141017 34
-3.7084913 1.2706372 3.0360026 108
-3.3629375 1.280761 3.0686357 35
1.1521838 -2.3140581 3.1056995 37
-0.58370394 -2.2165055 3.1678333 20
0.28057468 -2.2102358 3.1749859 73
0.55928177 -2.2375629 3.1509271 57
0.86177921 -2.2684498 3.1938124 56
-0.82157135 -2.182332 3.1737187 86
-0.2669732 -2.1588821 3.1697185 65
-2.5723207 -2.0229731 3.1739857 65
-3.3739204 -1.9419636 3.1470885 50.5
-4.0237837 -1.5566213 3.1275234 68.5
-1.0666851 -0.64551193 3.1638994 12
-0.80893981 -0.67032307 3.1362786 14
-1.6782012 -0.45635915 3.1954596 91
-1.6669087 -0.34641397 3.1893089 115
-1.53915 -0.33315465 3.1996105 100
-3.8461752 -0.23986885 3.1572151 21
-1.6554432 -0.23847106 3.1811686 100
-1.5288637 -0.25535205 3.1943307 107
-1.6497906 -0.16550589 3.1755633 99
-1.5124924 -0.13922898 3.1814857 106.5
-1.1723483 -0.14630523 3.196538 105.5
-1.6444732 -0.058545031 3.1744075 96.5
-1.499481 -0.024015408 3.1723688 101
-1.1704919 -0.052595571 3.1964979 109.5
-1.6388905 0.048412282 3.1702645 89
-1.4936528 0.051902898 3.1717377 99
-1.1613979 0.035138112 3.1905906 110.66666
-1.0268874 0.034628302 3.197001 104
-0.91518694 0.080984406 3.1985104 101
-1.6341195 0.15586045 3.1640434 85.5
-1.4865838 0.12705755 3.1671882 106
-1.1452887 0.14190468 3.1763816 98.400002
-1.0115043 0.15042242 3.1902916 110.75
-0.9065215 0.16193733 3.1898947 95
-1.6303475 0.26231027 3.1577358 75
-1.4751815 0.2402176 3.1534345 108
-1.1447254 0.25527817 3.1715178 110.75
-1.0023601 0.26727933 3.1809845 111
-0.90035802 0.24193579 3.1889477 106
-0.73055881 0.26871487 3.1961811 106
-3.7681937 0.37940538 3.1693823 16
-1.6303914 0.33429307 3.1596591 82
-1.4686536 0.35456932 3.1492651 110
-1.1307793 0.34868309 3.1607764 106
-0.99569392 0.34475279 3.1755958 110.5
-0.88993996 0.32187408 3.1789491 101
-0.74861246 0.34520903 3.1885819 103.5
-3.7782695 0.45579579 3.179616 11
-1.6321795 0.44476676 3.1593766 86.5
-1.4631912 0.43038779 3.1415725 112
-1.1456622 0.45195499 3.160841 117.66666
-1.0940602 0.42665192 3.155416 94
-0.98878831 0.44333816 3.1701424 119
-0.87904739 0.44133759 3.1716714 103
-0.75198174 0.44500652 3.1877382 122.33334
-0.60862762 0.43678299 3.1943567 116
-1.6375773 0.55625325 3.1657994 87
-1.4585606 0.54522467 3.1362157 108
-1.1273094 0.5580402 3.1465447 105
-1.07963 0.54860538 3.1428454 94
-0.97852927 0.55789119 3.154783 107.33334
-0.86385006 0.55975038 3.1575816 99
-0.72872609 0.5493446 3.1780508 112
-0.60223442 0.55133909 3.1949487 132.5
-0.50791347 0.55635703 3.1928024 100.5
-1.6392566 0.63023436 3.1635606 90
-1.4533888 0.65997285 3.1248851 101
-1.1280676 0.66045809 3.1440685 110
-1.0673822 0.66957313 3.1325667 99
-0.97417194 0.65800434 3.1534529 116
-0.85513061 0.63971198 3.1511993 101
-0.73251855 0.65014172 3.1752274 121
-0.59517598 0.66567224 3.1886058 132
-0.47278741 0.67630386 3.1893506 117
-0.29587787 0.66745937 3.1965153 103
-1.6449282 0.74421853 3.1674485 79
-1.4525872 0.73995453 3.1247435 111
-1.1512928 0.75919831 3.1436119 124
-1.0765464 0.75384498 3.1253667 96
-0.97100383 0.75503665 3.1500626 113.66666
-0.84205246 0.75915414 3.1416259 105
-0.75856501 0.75595242 3.1724634 141.5
-0.69680107 0.73474878 3.1619701 108
-0.59091866 0.74253678 3.1819868 132
-0.46629995 0.75275433 3.1866667 122.5
-0.29161754 0.74346358 3.1972334 104
-1.6512383 0.86019951 3.1672621 75
-1.4512749 0.85782564 3.1175447 109.5
-1.1529176 0.87466794 3.1427197 121
-1.0690751 0.83533436 3.1191654 96.5
-0.96323508 0.85637724 3.1418667 111.5
-0.83024448 0.87961411 3.1347604 109
-0.75540823 0.8723954 3.1698406 139
-0.68568379 0.85125327 3.1488709 106.5
-0.58496982 0.85939741 3.1770208 128.5
-0.4596799 0.83120537 3.1845162 117
-0.28219527 0.85511982 3.1859887 114
1.9198943 0.84919369 3.1622195 17
-3.7697797 0.98599941 3.1430027 0
-1.6596843 0.94120002 3.1734495 74
-1.4496711 0.97765082 3.107331 112
-1.1528584 0.9501918 3.135673 114
-1.0604446 0.91718322 3.1118624 102.5
-0.95806599 0.93530524 3.1330795 109
-0.8210876 0.96156907 3.12746 108
-0.75349128 0.94934112 3.1627233 131
-0.67752624 0.97076225 3.1421123 112
-0.5790841 0.9792707 3.173017 144
-0.4483459 0.94630861 3.1681209 112
-0.30595133 0.96045572 3.1940229 135
-0.27218679 0.96691185 3.1805432 110
0.00091550354 0.9518258 3.1979036 61
1.1402739 0.92511606 3.1608601 26
-1.6667651 1.0606794 3.1706829 76.5
-1.4492364 1.0575358 3.1001306 115
-1.153018 1.0281569 3.1284745 124
-1.0521171 1.0006651 3.1038456 103
-0.94619727 1.0397003 3.1201479 104.33334
-0.81278527 1.042536 3.1219728 115
-0.66968924 1.0497644 3.1324725 106
-0.44153094 1.0567827 3.1368778 95
-0.26383153 1.0385227 3.1678448 109
0.01532208 1.0235915 3.1794941 44
-3.1983016 1.2728586 3.1686621 37
-2.6972194 1.2157712 3.1079931 34
1.4543668 -2.3290615 3.2530274 2
1.7153032 -2.361588 3.2734077 2
-0.37998199 -2.2250533 3.2441592 80
0.53799641 -2.2290452 3.2855825 54
1.1429424 -2.2986512 3.2171545 44
-2.6346996 -2.0250223 3.2292652 56
-3.457077 -1.9465086 3.2464631 52
-3.8445683 -0.92668658 3.2872739 39
-1.0726652 -0.6323449 3.2108576 8
-1.2058264 -0.51961309 3.2203317 0
-1.1956336 -0.57284582 3.2095513 1
-1.0753771 -0.5091452 3.2626076 105
-0.81959605 -0.54197508 3.2483187 24
-0.68167669 -0.5424453 3.2665882 24
-0.51790744 -0.51620144 3.274899 139
-0.41465974 -0.55396354 3.2866452 79
-0.33699387 -0.55971056 3.2911723 99
-0.29694521 -0.56242436 3.2921979 93
-2.1902072 -0.49888527 3.2649639 24
-1.5480797 -0.41098702 3.2010114 115
-1.2091478 -0.42467231 3.2179565 98.5
-1.1855286 -0.40180907 3.2146239 86
-1.0609424 -0.42568666 3.233613 116
-0.97116059 -0.41303778 3.2462885 90
-0.81667566 -0.46699849 3.2523327 121
-0.78708959 -0.44816449 3.2619202 92
-0.6761409 -0.46549603 3.2681041 130
-0.55636585 -0.43410364 3.2743928 116
-0.40858519 -0.47608507 3.2813475 126
-0.3402417 -0.4441174 3.2873623 123.33334
-0.29004639 -0.44765937 3.2882094 139
-1.2110143 -0.31769189 3.2143459 99
-1.1883731 -0.34473658 3.219924 111.5
-1.060674 -0.36457863 3.23139 105.5
-0.96454972 -0.32904541 3.2444134 97
-0.80989921 -0.35357374 3.2485278 123
-0.78185439 -0.36515859 3.255482 107
-0.66711789 -0.35017464 3.2624135 129
-0.5523389 -0.35512322 3.2734003 120.5
-0.40396589 -0.39914638 3.2809496 144
-0.36036929 -0.33996129 3.2835529 125
-0.28348729 -0.33326572 3.2852304 136
-1.2002873 -0.23271123 3.2058721 106
-1.1822886 -0.25144807 3.2107046 108
-1.0552044 -0.26052466 3.230056 104
-0.95714146 -0.24507536 3.2384915 98
-0.80421382 -0.241142 3.2456336 130
-0.77055621 -0.24265429 3.2408123 105
-0.65792525 -0.23587862 3.2547445 130
-0.53192639 -0.25595057 3.2629671 120.66666
-0.35600325 -0.25128102 3.2766163 121.75
-0.27903017 -0.25740913 3.2748892 147
-0.12438508 -0.24554573 3.2947354 95
-1.1824006 -0.15181848 3.2055454 119
-1.0377648 -0.14760612 3.215313 110.33334
-0.94329756 -0.1611876 3.2212298 98
-0.78046405 -0.14501522 3.233182 121
-0.65150052 -0.16005719 3.2463174 128
-0.57609409 -0.14462914 3.251369 108.5
-0.49807012 -0.1385321 3.2517397 132
-0.34125486 -0.14824407 3.2687211 132.5
-0.27171236 -0.14404599 3.26898 140
-0.12027704 -0.1685544 3.2935588 105
-1.0308075 -0.044870831 3.2102566 110.5
-0.93475097 -0.08091145 3.2157938 97
-0.78061223 -0.05237003 3.2236652 118.66666
-0.64313525 -0.046777934 3.2365823 126.5
-0.56511867 -0.025218898 3.2404885 95
-0.49327463 -0.063603275 3.2467873 128
-0.35389131 -0.052577116 3.2592485 132.75
-0.26413259 -0.031710263 3.2600935 148
-0.11196747 -0.053689644 3.278995 100.5
-1.0191859 0.032462265 3.2068348 116
-0.92559808 0.0020454885 3.2085013 99
-0.76902342 0.043824062 3.2190626 116
-0.63442963 0.064450584 3.2228894 103
-0.55854386 0.051730584 3.2340138 103
-0.48704481 0.046767417 3.2332587 118
-0.33826238 0.048483007 3.2509022 120.75
-0.25978279 0.042156257 3.2507691 144
-0.10435905 0.059250914 3.2729619 89
-0.76167488 0.15728003 3.2087486 111
-0.62937242 0.13933216 3.2183712 113
-0.55147672 0.13068576 3.2288554 95
-0.48153788 0.15717724 3.2276998 113
-0.35103676 0.14187428 3.2429688 125.5
-0.27303597 0.15451753 3.2479811 141.75
-0.096124582 0.13309939 3.2582865 94
-0.77751744 0.2717787 3.2020476 134
-0.62175214 0.25064844 3.2111101 112
-0.53881407 0.247061 3.2143688 98.5
-0.47684461 0.23011141 3.2237561 118
-0.34941554 0.23526074 3.2332337 120.66666
-0.26564246 0.26559871 3.2376873 133.5
-0.087531082 0.24556401 3.256032 96
-0.6139434 0.36293924 3.2018468 109
-0.52816868 0.36350769 3.2088757 100
-0.47084612 0.34234059 3.217186 115
-0.33139917 0.34378842 3.2243116 116.33334
-0.26010948 0.33953437 3.2370744 143
-0.075594641 0.35692513 3.2443087 98
0.58221543 0.35235149 3.2953501 33.5
-0.51940942 0.44042802 3.2001066 101
-0.46546787 0.45560384 3.2175732 140
-0.33433461 0.4582428 3.220917 127
-0.25178283 0.45162138 3.2276132 138.5
-0.068045832 0.43084911 3.2381451 93
0.59005141 0.44812414 3.287441 36
-0.46058434 0.52952725 3.2116261 136
-0.31608942 0.56457704 3.2111084 123
-0.24344946 0.56474876 3.22367 139
-0.054684766 0.5418129 3.2264457 91.5
0.595312 0.51200551 3.2836576 39
0.60273999 0.57480663 3.2776077 43
0.9368782 0.59408468 3.2970974 89
-0.45561141 0.60344577 3.2046835 136
-0.32976997 0.65088648 3.2101941 146
-0.23681942 0.64066982 3.2221394 148
-0.04069116 0.65216804 3.2162242 82
0.60975641 0.63863331 3.2724392 48
0.94988477 0.65992016 3.2910857 80
-0.32462797 0.72576219 3.2038441 143
-0.22811437 0.75553739 3.2169633 143.25
-0.030410269 0.7270807 3.2113128 79
0.6212135 0.7343955 3.2662287 53.5
0.97162783 0.76074958 3.2902648 87
-0.31523764 0.84365821 3.2039521 134.5
-0.24196416 0.87402368 3.2076766 137
-0.19410154 0.87006891 3.2069778 133
-0.015169637 0.83996427 3.2055101 71.5
0.63866794 0.86305112 3.2580214 64
0.99368793 0.86151206 3.2840664 87
-0.23495439 0.95191455 3.2017109 143
-0.18710306 0.94795382 3.2018852 147
0.65343755 0.95971644 3.2494705 72
1.0108149 0.92934442 3.2810595 81
1.1522765 0.90486109 3.2974689 98
1.4505237 -2.3166051 3.3647292 18
1.7182772 -2.3500721 3.3917527 11
-0.51414138 -2.212435 3.388561 18
0.25161788 -2.2017143 3.3070512 68
0.84696215 -2.2594635 3.3170323 71
1.1363444 -2.292033 3.3487775 56
-0.83317059 -2.1715529 3.3141069 84
-0.31103784 -2.1429229 3.3032877 21
-2.7072849 -2.0129099 3.3694167 58
-2.6378183 -2.0078671 3.3224435 63
-3.5486019 -1.9309727 3.3811386 48
-3.4977286 -1.9220977 3.3544765 50
-3.8602557 -0.85249823 3.3364854 30
-1.0147122 -0.59659892 3.3121269 18
0.57178694 -0.53287119 3.3767378 42
0.85397255 -0.56425047 3.396246 93
-0.13411587 -0.4419111 3.3117833 97
0.56870687 -0.4637939 3.3766243 38
0.8515991 -0.45719859 3.395062 90.5
-0.13036266 -0.32439312 3.3116295 103
0.56515878 -0.36142918 3.3659396 33
0.85029346 -0.34929442 3.3822088 95
-3.7259054 -0.25682694 3.3990901 82
0.56291455 -0.26109248 3.35482 31
0.85149074 -0.24438006 3.3722353 90
1.044765 -0.25488445 3.3925788 88
0.56247401 -0.16126078 3.3445611 29.5
0.8553949 -0.14047588 3.3635476 82
1.0441465 -0.13201375 3.3828526 89
0.56350088 -0.063308276 3.3405719 28
0.86061192 -0.038589798 3.3544021 89.5
1.0448691 -0.04169333 3.3724334 92
1.313494 -0.062781364 3.3867137 87
1.4809959 -0.040000375 3.3941941 85
0.56585312 0.034404088 3.3267102 28
0.86720526 0.062304124 3.3470223 91
1.0469705 0.048146643 3.3637798 95.5
1.3240197 0.06306453 3.3794477 87
1.4862664 0.043442737 3.3917279 86
0.57043892 0.16213325 3.3141389 28.5
0.87568611 0.16311863 3.3344507 91.5
1.052377 0.16746494 3.3553176 96.5
1.3332646 0.15688126 3.3699443 89
1.4944786 0.1537925 3.3855181 87
0.57577795 0.25759929 3.304991 33
0.8870374 0.26300091 3.3298709 92
1.0569423 0.25460953 3.3390505 93
1.3464794 0.25074771 3.3672771 88
1.5047891 0.26400125 3.3736629 87.5
0.89558256 0.32987919 3.3239565 96
0.90448958 0.3957167 3.3149123 95
1.0661703 0.34353471 3.3387387 90.5
1.3589871 0.34348518 3.3543503 88
1.5152735 0.34527159 3.3659608 82
1.7392342 0.3413021 3.3931122 77
1.8548645 0.38075045 3.3958497 85
0.9149664 0.46241114 3.3121498 86
1.0784771 0.46125025 3.3296885 93.5
1.3773837 0.43632326 3.3535805 83
1.5278823 0.42809066 3.3619761 88
1.7642295 0.45593467 3.383266 80.5
1.8699017 0.45844933 3.3856056 84
1.9582264 0.46067846 3.3918333 81
0.92525703 0.52825701 3.3048637 89
1.0899888 0.54999161 3.3221626 94
1.3965228 0.5290702 3.346529 81
1.4105074 0.59090626 3.3431396 80
1.5469173 0.53698665 3.3553691 82
1.7866006 0.54217696 3.3799262 73
1.8447845 0.56755924 3.3763466 80
1.960616 0.5745486 3.3841188 84
1.0987794 0.60887104 3.3202558 92
1.108475 0.6677478 3.3187735 92
1.4248087 0.65266752 3.334374 79
1.5698041 0.64608943 3.3461342 85
1.818505 0.65572321 3.3694756 80
1.9266083 0.66773611 3.3746853 85
2.0143075 0.64696336 3.3799582 87
1.1232518 0.7558732 3.3078218 95.5
1.4491401 0.74538565 3.3292067 78.5
1.5914915 0.72890252 3.3475206 84
1.6031756 0.7826305 3.3394437 85
1.846891 0.74188298 3.3650925 85.5
1.9604505 0.77281356 3.3693011 85.5
2.044663 0.72821194 3.3830941 83
1.1399487 0.8440873 3.3021901 91
1.4850396 0.86890733 3.3173108 77.5
1.6270902 0.86689138 3.3396249 73.5
1.8772871 0.84961641 3.3319402 56
1.9869939 0.85093772 3.3627834 71
2.0808356 0.83208877 3.3658223 59.5
-3.6029677 1.0287349 3.3606408 83
-3.5914412 1.1564972 3.331851 97.5
-2.1573465 1.169953 3.3371186 34
-3.5828128 1.284271 3.3017976 102
1.4481335 -2.3030815 3.4803998 40
0.51607001 -2.2214148 3.4309988 53
0.83274704 -2.2493539 3.4460299 68
1.1303084 -2.2823763 3.4839306 56
-0.8484903 -2.1723928 3.4834294 86
0.22239804 -2.1890624 3.444396 62
-2.7124774 -1.9944613 3.4831572 65
-3.846354 -1.5234143 3.4956467 74
-3.9203625 -1.4343703 3.4644325 84
1.064659 -0.60291594 3.4182045 46
1.3194783 -0.62394851 3.4336998 68
1.5097772 -0.62951881 3.4562123 70
1.6969177 -0.65445542 3.4715552 83
1.8532498 -0.65596962 3.4762297 55.5
1.0597736 -0.53973758 3.421916 102
1.3153697 -0.55635059 3.4351346 94
1.4981985 -0.50744128 3.4487076 84
1.5047779 -0.56938207 3.457828 88
1.6867347 -0.55699068 3.4588103 89
1.8550535 -0.54922718 3.4719505 88
-2.3026986 -0.4471378 3.4818721 50
1.0535455 -0.44351733 3.4113164 95.5
1.3118031 -0.45535105 3.4294386 84
1.4944748 -0.44737542 3.447607 85
1.6813786 -0.43191016 3.4571924 83.5
1.8248502 -0.46397138 3.463212 87
-2.2814729 -0.35962141 3.4682472 50
1.0482074 -0.34829888 3.4011676 94
1.3085532 -0.35442576 3.4183657 77
1.4874687 -0.35750622 3.4336901 89.5
1.6793529 -0.33844864 3.4505658 77
1.7960114 -0.35224217 3.452879 91
1.8668374 -0.36843878 3.4587297 86.5
-2.2706742 -0.2737419 3.4697757 49
1.3084687 -0.25649837 3.4099371 87
1.4842831 -0.24106561 3.4247413 90.5
1.678353 -0.24604648 3.440573 78
1.7931353 -0.23930705 3.4422431 85.5
1.8671905 -0.25295371 3.4531379 86
-2.2565763 -0.14638485 3.4729106 51.5
1.3106204 -0.15859462 3.401453 81
1.4812919 -0.15373115 3.4116666 79
1.6811385 -0.15519574 3.4335592 82
1.7959607 -0.12834427 3.4370904 83
1.869179 -0.13857979 3.4417033 85.5
-2.2360473 -0.018348938 3.4605508 50
1.4819466 -0.096767738 3.4082787 80
1.6850677 -0.065824926 3.4248166 77.5
1.8382105 -0.050268237 3.4363174 80.5
-2.2255371 0.066406541 3.4540439 55
1.6934043 0.051912576 3.4092999 82
1.8438157 0.031739805 3.4268954 81.5
-2.2116013 0.15004736 3.4428461 54
1.7089157 0.1682221 3.4043636 79
1.8548255 0.13990824 3.4150076 78.5
-2.2067134 0.23397253 3.4428771 58
1.7234669 0.25505453 3.4012103 81
1.8339324 0.24869034 3.4123406 85
1.9122516 0.24585587 3.4101572 84.5
-3.6753469 0.34041518 3.4451008 3
-2.2017236 0.31888074 3.4418976 70
1.8444895 0.32792625 3.4010644 80
1.9330122 0.35404432 3.4010394 84
-3.6461263 0.42454678 3.4208333 60
-2.1921153 0.44611007 3.4335961 69.5
-2.1879375 0.57347494 3.4298246 70
-2.1882534 0.66150129 3.4323356 61
-2.1904826 0.74853164 3.4336867 77
-2.196193 0.83969259 3.4406805 78
-2.1957896 0.92758471 3.4352283 70
-2.208149 1.0229404 3.4495869 82
-2.4128313 1.1886415 3.4077823 35
-2.2226455 1.1213495 3.4657106 82
-2.9593225 1.2572842 3.4571121 32
-3.4715173 1.3065925 3.4814007 84
1.72363 -2.3404932 3.5167751 22
2.0164409 -2.359822 3.5707378 2
2.2228134 -2.3878112 3.5996194 0
-0.51745433 -2.202244 3.544059 92
0.49375895 -2.2087705 3.5772707 49
0.81868094 -2.2361448 3.5794294 59
-0.96879917 -2.1680436 3.5339684 18
0.19114512 -2.1771696 3.5907574 56
-3.6496654 -1.9149933 3.5268915 47
-2.7823002 -1.9987943 3.5143721 61
-3.5920458 -1.8982878 3.509557 49
-3.7187641 -0.93465084 3.5951836 16
-2.459861 -0.92133731 3.5992498 65
-2.4245558 -0.8221451 3.5756457 62
-2.3981771 -0.72770005 3.5613592 81
-1.8576974 -0.59661627 3.5842175 6
-1.4017775 -0.5377121 3.5143147 5
-2.5050299 -0.42413893 3.5962563 54
-2.4969771 -0.34316251 3.5969291 53
-2.4840593 -0.2611945 3.5879927 55
-2.4721391 -0.1802256 3.5789688 53
-2.466083 -0.058755986 3.5799496 55
-2.4528208 0.06070175 3.5675139 55
-2.4519196 0.14168467 3.5695643 61
-2.4486754 0.221664 3.5678072 61
-2.449595 0.34413886 3.5681739 56.5
-2.4537673 0.46661747 3.571265 58
-2.4555912 0.54960096 3.5700641 59
-2.4642708 0.6345939 3.5782962 63
-3.507262 0.72492659 3.5978727 105
-2.4725978 0.72058475 3.5825434 67
-3.5066748 0.80977613 3.59168 99
-3.4947989 0.8921147 3.5715148 103
-2.485631 0.85057139 3.5893683 67.5
-3.4982862 0.97703826 3.5659549 109
-3.4949071 1.0606291 3.5510113 92
-3.4880874 1.1440533 3.5313635 92
-3.487591 1.2286536 3.5151277 91
1.7319503 -2.3327813 3.6542749 37
1.1248707 -2.271656 3.6248729 49
1.4495279 -2.2975738 3.6143198 49
-0.99145883 -2.1564522 3.6965373 64
-0.86188108 -2.1603606 3.643723 89
-0.61166137 -2.1983805 3.6330831 81
-2.8688612 -1.9866617 3.676379 63
-2.7969275 -1.9826373 3.6630962 69
-3.727936 -1.8864505 3.6791923 71
-2.6385961 -1.4442424 3.6842909 63
-2.5988123 -1.333985 3.6679354 65
-2.6855865 -1.2159501 3.6901677 69
-2.5597003 -1.2267838 3.6475561 59
-2.6626956 -1.1229904 3.6821046 70
-2.521518 -1.1215882 3.6261239 64
-2.6385465 -1.0310327 3.6711419 68
-2.4878945 -1.0192496 3.6103547 62
-2.613138 -0.93907726 3.6572788 65
-3.7182639 -0.8549695 3.6222579 47
-2.5954981 -0.85211158 3.6517677 64
-3.6995695 -0.77011085 3.6267455 10
-2.573359 -0.76399314 3.6385725 63
-3.6776161 -0.68536651 3.6285205 33
-2.5517609 -0.67603618 3.6223671 69
-3.649575 -0.55821663 3.6297333 68.5
-2.5287025 -0.54958576 3.6127977 55.5
-1.3094193 -0.52963597 3.6673744 1
-3.6213815 -0.43311822 3.6290069 82
-3.6098831 -0.35112238 3.6349266 86
-3.6013722 -0.26909083 3.6405747 100
-3.5850086 -0.14475015 3.6428118 85
-3.573987 -0.02024514 3.6485779 85
-3.567106 0.061705425 3.650064 87
-3.5555794 0.14542435 3.644896 91
-3.5506907 0.22739877 3.6462016 91
-3.5374045 0.35177028 3.6365767 96.5
-3.5258684 0.47685447 3.6258001 98
-3.5180666 0.55954272 3.6173058 104
-3.5133431 0.64229298 3.6095347 94
-2.5040822 0.98456407 3.6007335 63
-2.5210776 1.0785643 3.6122444 64
-2.5367267 1.1715616 3.6198587 72
2.4438839 -2.4048264 3.77759 0
1.7408254 -2.3230276 3.7953148 48
2.0295196 -2.3533704 3.700505 11
2.2398665 -2.379168 3.7279375 9
-0.38087648 -2.2043149 3.7213249 74.5
0.80476469 -2.2237861 3.7195556 57
1.11957 -2.2578831 3.7702506 52
1.4492654 -2.2847822 3.7442727 58
-0.51990747 -2.1896424 3.7053576 81
0.15997411 -2.1592774 3.7369769 35
0.47167376 -2.1950378 3.7324741 48
-2.8427429 -1.9331603 3.7866411 72
-3.7284727 -1.8032036 3.7290862 82
-2.8975387 -1.8426161 3.798255 69
-2.7936618 -1.8100339 3.7688925 66
-3.7177436 -1.7140573 3.7207172 87
-2.8622379 -1.7336694 3.7862587 71
-3.7026153 -1.6260786 3.7431285 80
-3.6895781 -1.6973047 3.7790525 79
-2.8174694 -1.6207381 3.7580307 63
-2.7420256 -1.6850293 3.7453196 59
-3.6818967 -1.5340996 3.7590027 84
-2.7816453 -1.5157943 3.7400596 69
-2.6853263 -1.5602676 3.7101595 65
-3.6663339 -1.4451206 3.7764337 86
-2.7491653 -1.4148456 3.725811 66
-3.6484306 -1.3551415 3.7900541 90
-2.7185915 -1.314896 3.7103915 68
2.0412631 -2.342936 3.8284373 21
2.2594156 -2.3713937 3.8673913 13
2.4488654 -2.3751159 3.8753984 5
0.79107958 -2.2102282 3.8685989 60
1.4504976 -2.2718761 3.8804507 55
-1.0162911 -2.1468122 3.8719695 67
-0.62222946 -2.1895916 3.805779 75
-0.52420425 -2.181829 3.8866234 74
0.4488796 -2.1772356 3.893918 46
-2.9370918 -1.9555576 3.8128898 77
-3.6656964 -1.5971578 3.8043838 84
-3.6438961 -1.4969714 3.8305323 79
-3.6239088 -1.3968021 3.8545105 83
-3.6338649 -1.2671624 3.8073981 88
-3.5971005 -1.2938683 3.8700154 84
-3.6145306 -1.1761831 3.8161254 84
-3.5801132 -1.1946678 3.8937452 82
-3.6038632 -1.0882043 3.8321254 83
-3.5765071 -0.95373499 3.8410578 85
-3.5577314 -0.82126606 3.856267 86
-3.5452855 -0.73328668 3.8633888 81
-3.5282454 -0.64430684 3.8638866 84
-3.5189633 -0.55632752 3.87274 85
-1.8169752 -0.59566307 3.8543308 2
-3.5049133 -0.46834767 3.8729765 84
-3.4951963 -0.38036811 3.8768501 87
-3.4781072 -0.24889833 3.8768573 87.5
-3.4617546 -0.11742832 3.8737888 88
-3.4568465 -0.030448761 3.8752353 91
-3.279536 1.3048975 3.8832173 79
1.7512143 -2.3112073 3.9425547 52
2.0558999 -2.331377 3.9643297 33
2.5384901 -2.3807142 3.9343114 3
1.1174201 -2.2498865 3.9370916 54
-0.63249993 -2.175771 3.9865103 67
-0.89569956 -2.0591414 3.967483 8
-1.7433469 -1.9890835 3.9194803 47
-3.5629468 -1.0955057 3.9154851 82
-3.5386 -0.99365491 3.9247682 83
-3.5244217 -0.89446169 3.9462404 86
-3.5076101 -0.79442298 3.960907 89
-3.4870801 -0.69356823 3.9678619 84
-3.4732692 -0.59449798 3.9822793 85
-3.4556496 -0.49463049 3.9879889 83
-3.4390144 -0.39375272 3.9935923 86
-3.4083071 -0.19405998 3.9995911 93
-3.3437891 0.40494043 3.9989831 108
-3.332968 0.50464493 3.9910264 111
-3.3287518 0.60454619 3.989501 99
-3.3163064 0.70410705 3.9746668 111
-3.3126247 0.80492365 3.9680581 104
-3.3086617 0.90668309 3.9584451 97
-3.2989473 1.0052196 3.9403765 91
-3.293462 1.1058551 3.924901 88
-3.2900465 1.2075307 3.9102247 86
2.2785075 -2.3566642 4.003181 20
2.4774916 -2.3728442 4.0214243 12
0.77733839 -2.2012444 4.0365381 58
1.1129998 -2.2339194 4.099422 52
1.4557253 -2.2636027 4.036315 57
-0.89393824 -2.1406891 4.011085 64
-0.35960031 -2.1875741 4.0943332 73
0.42505711 -2.1622858 4.0692825 24
-1.208092 -2.0367322 4.0960355 43
-1.6244558 -1.9929651 4.0708942 60
-3.4267466 -0.29475662 4.0028563 86
-3.3978398 -0.094081007 4.0066686 94
-3.3835759 0.0056959786 4.0050554 98
-3.3737578 0.10460998 4.0080814 97
-3.3613186 0.20337057 4.0043187 102
-3.3542848 0.30427793 4.0050497 103
1.7668949 -2.3032203 4.1067142 53
2.0739024 -2.3236272 4.1118474 45
2.3060806 -2.3507185 4.1608076 28
2.5415487 -2.3755591 4.1345167 14
-0.96753997 -2.0295167 4.1533623 55
-1.8552511 -1.9602649 4.1214919 46.5
2.0943727 -2.3147295 4.26823 49
2.6036844 -2.3716884 4.2399597 16
1.111758 -2.2207284 4.2831812 52
1.4630408 -2.2590504 4.2065244 58
1.7827151 -2.2921755 4.2753048 48
-0.91154808 -2.1261928 4.2071157 68
-0.5320102 -2.1598547 4.2853079 61
0.7632519 -2.1862354 4.2052469 55
-0.32656667 -2.0792675 4.2741084 2
-1.7305303 -1.9606073 4.2762585 54
2.3295553 -2.3348334 4.310791 33
2.5327158 -2.3512692 4.3132291 25
1.4680564 -2.2426581 4.3675923 56
-0.40252101 -2.1806524 4.3198733 69
-0.35802871 -2.1817024 4.310297 69
0.74954772 -2.1748269 4.3919244 53
-1.5112038 -2.0625782 4.3852549 67
-1.0511158 -2.0066042 4.3735657 59
-2.0008812 -1.9315723 4.3405066 41
-1.9626147 -1.9320934 4.3568873 51
2.1167035 -2.3018365 4.4253836 49
2.36497 -2.3298175 4.4896603 36
2.5653222 -2.3418109 4.4720068 29
2.6389611 -2.3635912 4.4000459 24
1.1116034 -2.205462 4.4740481 48
1.799075 -2.2751174 4.4451489 47
-1.1049306 -2.1125581 4.4883418 63
-0.93224376 -2.1133955 4.4259849 69
-0.37911016 -2.052151 4.4800634 41
-1.6566598 -1.9448647 4.4403086 51
2.6761379 -2.3524671 4.5631709 29
1.4756531 -2.2289648 4.5443153 54
2.1401725 -2.2877684 4.5918813 48
-0.53683025 -2.1515448 4.5167279 66
-0.40399975 -2.1690676 4.5475736 62
-0.35560036 -2.1707237 4.5393424 66
0.73595017 -2.1554196 4.5784221 49
-0.70789927 -2.0228102 4.5645876 43
-2.1430073 -1.9037664 4.5940948 41
-1.8647832 -1.9421593 4.5347018 50
2.4040678 -2.3225484 4.6792002 42
2.6101465 -2.3400033 4.6588049 35
1.8198868 -2.2608602 4.6337099 45
-0.67105472 -2.144897 4.6418409 62
1.1132519 -2.1919796 4.6845756 42
-1.5545338 -2.0411172 4.6109805 62
-0.95245034 -2.0973995 4.6619272 62
-2.1060588 -1.9058003 4.6153336 49
2.7236905 -2.3470769 4.7511849 31
1.4828598 -2.2082949 4.7195582 51
2.17313 -2.2822845 4.785161 46
-0.54065478 -2.1322355 4.7491255 62
0.72221303 -2.1347373 4.7769756 46
-1.1373867 -2.0917311 4.7152581 63
-0.43800795 -2.029103 4.71385 48
-1.7839752 -1.9190569 4.7018619 52
-0.77800596 -1.9953409 4.7937188 53
2.4400139 -2.3063126 4.863771 39
2.6485622 -2.3263273 4.8334732 37
1.8470489 -2.2513535 4.8463349 40
-0.685269 -2.1267374 4.8884625 61
-1.6043698 -2.0192206 4.8642287 56
-2.2736881 -1.8681898 4.8731689 36
2.7689924 -2.3337276 4.9346585 37
2.2034304 -2.2678361 4.9747496 39
0.71022701 -2.1170473 4.9982114 44
1.1155994 -2.1724072 4.9030681 40
1.4955987 -2.1930957 4.9229689 46
-1.1741806 -2.0728068 4.9678955 55
-0.49978709 -2.0005736 4.9629655 44
-1.9138457 -1.8822184 4.9665594 48
2.6963642 -2.3164091 5.0281096 33
1.87486 -2.2357767 5.0646825 41
2.4873319 -2.2977791 5.0781474 35
-0.40605992 -2.1503594 5.0814114 58
-0.34934932 -2.1462333 5.0597939 57
-1.6306627 -1.9260207 5.0619349 50
-0.85951573 -1.9705286 5.060863 53
2.8237226 -2.3251424 5.1403441 34
2.2418547 -2.2560344 5.1870098 37
1.1199405 -2.1575146 5.1501989 41
1.5129936 -2.185317 5.1564002 47
-2.4409099 -1.8286312 5.1713734 33.5
2.7494342 -2.3072917 5.2373953 34
2.5371025 -2.2841773 5.2991047 35
0.69785893 -2.1069903 5.2596116 41
-1.8789643 -2.0038784 5.2164097 56
-1.0039357 -2.0658379 5.2092862 58
-0.57009363 -1.9756758 5.2490001 41
-2.0598176 -1.8431351 5.2678723 41
2.8809516 -2.3124292 5.3548875 33
1.9075782 -2.2200165 5.3008027 38
2.2785015 -2.2372704 5.3960433 35
-0.55157471 -2.1104846 5.3262701 58
-0.4055416 -2.1254773 5.3543782 55
1.5295157 -2.1666315 5.3847013 40
-0.94637197 -1.9431804 5.3464198 46
-2.3105309 -1.8356632 5.3925099 34
-1.7617618 -1.8917989 5.3638072 43
2.8016844 -2.2911689 5.4461312 35
-0.7204144 -2.1009085 5.4885912 47
1.1253793 -2.1335723 5.4021187 36
-1.7296067 -1.9817712 5.474947 51
2.949115 -2.3026779 5.5932531 27
1.9429437 -2.2010787 5.5524769 35
2.5921719 -2.2684247 5.5346665 35
-1.2660247 -2.043534 5.5860171 50
-1.0322127 -2.0448029 5.5237622 55
0.68456727 -2.0821316 5.5113111 39
-0.64428574 -1.944561 5.5574455 35
2.3234127 -2.2230196 5.6344934 33
2.8681402 -2.2815852 5.6904259 27
-0.34155744 -2.1129327 5.6746912 49
1.1343775 -2.1132426 5.6911211 35
1.5468441 -2.143688 5.625422 36
-0.55773282 -2.0922506 5.6508493 45
-1.0397278 -1.9081581 5.655211 39
-2.2305841 -1.8067147 5.6172175 39
-1.9072503 -1.8535537 5.6964822 39
-1.5905848 -1.845216 5.7993307 26
2.3765275 -2.2093711 5.897809 28
2.6592114 -2.2592988 5.80582 27
3.0229075 -2.2905931 5.845397 28
1.5702523 -2.1251459 5.8978543 36
1.9841856 -2.180932 5.8245716 34
-0.73966002 -2.0803304 5.8241115 48
0.67219031 -2.061379 5.8033495 34
-2.0524313 -1.9601594 5.8744111 36
-1.8010259 -1.9573905 5.8226089 43
-0.72659111 -1.911105 5.8996215 36
-2.8464525 -1.730042 5.8434348 61
-2.8364761 -1.5640118 5.8509479 73
-2.8231001 -1.3980033 5.8512163 75
-2.7817321 -1.0640671 5.8276711 69
-2.7373216 -0.9094519 5.8788066 80
2.9361088 -2.2659454 5.9386039 28
1.14461 -2.0857673 5.9916472 32
-2.8129432 -1.5742791 5.917016 80
-2.7916203 -1.4043368 5.9052715 74
-2.6985157 -1.3783748 5.91748 79
-2.6810186 -1.2304211 5.9288402 78
-2.6577928 -1.0797968 5.9215999 57
2.7292061 -2.2430906 6.084856 28
-0.56470525 -2.0755968 6.0175462 38
-2.0775924 -1.8142669 6.0870814 30
-1.1471643 -1.8776696 6.0150142 37
3.1080704 -2.2812123 6.1250439 29
1.5979526 -2.1050484 6.1987848 28
2.0348847 -2.1643465 6.1376395 28
2.4342513 -2.1943138 6.1842508 28
0.65931529 -2.0343268 6.1082358 27
-2.6984923 -1.5723112 6.1578684 82
-2.6794004 -1.3983201 6.1433516 87
-2.6445317 -1.0604876 6.1193604 80
3.0183375 -2.256804 6.2245755 31
-2.1481991 -1.9272132 6.2372141 41
-1.8784126 -1.9245006 6.203752 38
-1.7416949 -1.8057324 6.2009025 31
-0.81565857 -1.8723209 6.2750216 28
3.1859081 -2.255971 6.3898625 125
1.1591372 -2.0627458 6.3417783 28
-1.2619238 -1.8374498 6.3998122 32
-2.5969741 -1.6934874 6.3713546 62
-2.5687909 -1.3385568 6.3579359 71
-2.5346339 -0.99270254 6.334115 59
2.8153906 -2.2324483 6.4069724 30
3.0795734 -2.2180891 6.4544277 130
2.0945716 -2.1503339 6.4903388 30
2.4996693 -2.177923 6.4919529 31
3.1612604 -2.1374214 6.4034224 118
0.64680433 -2.004554 6.4452705 27
3.052556 -2.0975995 6.4588251 117
3.1387937 -2.0189328 6.4146929 111
3.028765 -1.979063 6.4680963 114
3.1176035 -1.9005014 6.4232469 115
3.0085151 -1.8625787 6.4768667 116
2.9843524 -1.7433149 6.4704709 114
3.0967431 -1.7811234 6.426446 112
2.9680817 -1.6279042 6.4778166 112
3.0757763 -1.6618284 6.4251394 109
2.9553947 -1.5155066 6.4869142 116
3.0621979 -1.5484269 6.4362683 111
2.9403331 -1.4011981 6.4893241 113
3.048425 -1.4331626 6.4384246 113
2.841517 -2.1544814 6.563633 122
1.6308798 -2.08535 6.5309167 30
2.8190224 -2.0250654 6.5726738 114
2.7948933 -1.8938154 6.5687542 117
2.7792144 -1.769381 6.5844083 121
2.7613895 -1.6411572 6.5835071 120
2.7463009 -1.5159132 6.5861592 116
2.7310073 -1.389794 6.579855 115
-2.2649183 -1.9030619 6.6764684 34
-1.9031647 -1.7559808 6.633975 32
2.5402272 -2.1239216 6.7140651 130
1.1773807 -2.0372658 6.7333965 29
-1.4402894 -1.9692121 6.7628241 34
2.5174329 -1.9974152 6.721087 121
-0.91998249 -1.8348238 6.7228284 30
2.495434 -1.8709997 6.7240639 115
2.4774699 -1.7461886 6.7324128 115
2.4599609 -1.6227859 6.737566 117
2.4455249 -1.5004593 6.7408733 115
-2.3738301 -1.4787265 6.7851171 36
2.4300866 -1.3772187 6.739264 120
-2.3611114 -1.2987175 6.7721763 78
-2.344641 -1.1177154 6.7488446 76
2.1584055 -2.127106 6.862504 55
0.63376606 -1.9795344 6.83746 22
2.1453986 -1.9914914 6.8959918 118
-1.3902748 -1.7899058 6.8299484 33
-2.2674711 -1.4463444 6.8148036 52
2.0840318 -1.4197514 6.8902035 104
-2.2528846 -1.2824502 6.8026867 54
-0.40705127 -2.0457821 6.9169736 34
-0.32373786 -2.0473697 6.9016976 34
1.6698166 -2.0677452 6.9090314 32
2.1286788 -1.8481932 6.9021821 115
2.1113267 -1.7039932 6.900321 116
2.0986238 -1.5637249 6.9073424 112
1.1993583 -2.0073273 7.1664767 32
-1.1876348 -1.9315616 7.1741114 29
1.6822723 -1.9883356 7.1204934 130
-2.0849154 -1.8683079 7.1814132 52
1.6625652 -1.8441461 7.1139221 125
-2.09359 -1.7025559 7.1451187 37
-1.0307952 -1.7830802 7.1939383 29
1.6466883 -1.7047304 7.1203313 125
1.6331184 -1.5682495 7.1312199 124
1.6167872 -1.4262581 7.1174488 125
0.62252975 -1.9477739 7.2634635 19
1.2007022 -1.8932033 7.3431892 108
-1.5379713 -1.7423061 7.3316932 33
1.1883729 -1.7290357 7.3424935 104
-2.1521661 -1.5493401 7.3122201 65
1.1787323 -1.5678778 7.3431082 106
1.1707484 -1.4058043 7.337853 106
-2.1418178 -1.3563908 7.3031359 8
-0.5891403 -2.0018144 7.4022431 36
-0.40609592 -2.0191779 7.4399943 37
-0.31605518 -2.0228357 7.4283166 37
-0.84520584 -1.9835919 7.6816549 37
0.60797119 -1.8804275 7.6238775 39
0.59485507 -1.721837 7.638588 39
0.58316666 -1.5596489 7.6361785 38
0.57324868 -1.4004649 7.6346869 36
-1.1570843 -1.7265564 7.7450142 27
-1.7029673 -1.6820714 7.8890262 32
-0.59945101 -1.9708022 8.0064688 41
-0.40519786 -1.990955 8.0523663 81
-0.30693337 -1.9897702 8.0172424 103
-0.39628416 -1.8018153 8.0878792 138
-0.29614598 -1.7967429 8.0344543 140
-0.38698351 -1.6069375 8.086236 125
-0.28591654 -1.6048533 8.0355625 126
-1.7605276 -1.5272934 8.0848427 62
-1.7599509 -1.3312483 8.0822668 47
-0.5932138 -1.8141499 8.1830912 135
-0.58154756 -1.6173058 8.1810446 128
-1.6336293 -1.5892019 8.1627369 46
-0.87847346 -1.9397659 8.2838879 96
-0.87237006 -1.7466649 8.3256454 130
-0.86180478 -1.5438554 8.3075142 133
-1.316191 -1.674608 8.438736 35
-1.3176874 -1.877244 8.5162468 52
-1.3060901 -1.6779715 8.5508633 134
-1.3402119 -1.4874008 8.5545673 81
-14.703118 1.8716036 11.172745 2
-14.334756 3.6735549 11.529951 2
