# .PCD v0.7 - Point Cloud Data file format
VERSION 0.7
FIELDS x y z intensity
SIZE 4 4 4 4
TYPE F F F F
COUNT 1 1 1 1
WIDTH 5557
HEIGHT 1
VIEWPOINT 0 0 0 1 0 0 0
POINTS 5557
DATA ascii
-9.2910213 -10.012317 -1.6589584 2
-9.281951 -9.5892124 -1.671693 1
-9.3118057 -10.06137 -1.4358923 2
-9.3561153 -9.6522198 -1.4677051 1
-9.1819916 -10.225885 -1.3554792 1
-9.8462048 -1.35289 -1.3853076 90
-9.9046555 -0.89739323 -1.3064454 91
-9.3479128 -9.6250105 -1.2479048 6
-9.9291897 -0.74431348 -1.2847674 94
-9.9475899 -0.59051031 -1.264762 88
-9.9776354 -0.43616176 -1.2477844 93
-8.901638 -9.6182308 -1.1502835 1
-9.8664169 -1.3040348 -1.0512241 90
-5.1982074 0.092423975 -1.0532551 9
-5.1992002 0.16743585 -1.0466096 8
-9.9365845 -0.79161543 -0.95159996 93
-9.9601469 -0.61912352 -0.92347133 94
-5.2300611 0.11889749 -0.94063598 0
-8.2170086 -8.8646965 -0.85223752 2
-8.2101974 -8.3899879 -0.8903414 1
-4.5118051 -1.2862273 -0.80585617 0
-9.9909143 -0.44541907 -0.89890862 93
-4.5070972 1.2063414 -0.83165085 2
-9.2618923 -10.050888 -0.74966246 62
-8.189971 -8.3432655 -0.70055008 1
-3.9187913 -2.9206848 -0.74140823 9
-3.8960948 -2.9493032 -0.74147612 4
-4.0318241 -2.5313301 -0.72876066 10.5
-3.9944715 -2.4971235 -0.75391126 3
-4.4926553 -1.4954112 -0.76560974 0
-4.391242 -1.383458 -0.71445388 1
-4.5230432 -1.2187685 -0.78395617 1
-6.0471306 -1.0971909 -0.7125572 16
-4.22295 -1.0678304 -0.70739281 3
-5.4151325 -0.84843135 -0.77110165 21
-5.3396082 -0.63204765 -0.71664596 25
-5.3966632 -0.55743855 -0.7096141 2
-6.5291634 0.32887784 -0.75343502 17
-4.45578 0.59468335 -0.77069736 1
-4.4462461 0.6653415 -0.77050006 12
-4.4300656 0.73578459 -0.77116454 11
-4.1470232 0.75430661 -0.72240341 1
-3.8924913 0.96578544 -0.7014364 7
-3.9355981 -2.9682522 -0.6469326 47.75
-4.2645373 -2.6107655 -0.65998828 23
-3.920135 -2.6307905 -0.66228783 12
-4.3713222 -2.5875037 -0.63594908 15
-4.1044359 -2.5957055 -0.67366207 14
-4.0141497 -2.530633 -0.64024746 63.5
-3.9781752 -2.5611613 -0.66585845 21
-2.5875399 -2.4159038 -0.63289148 0
-2.3788455 -2.2421234 -0.61454839 1
-2.3668556 -2.1775851 -0.61406946 3
-1.7746127 -2.13433 -0.61272669 11
-2.8644586 -2.0657809 -0.63973176 0
-2.2196097 -2.0572762 -0.6053654 2
-1.7052935 -2.0313172 -0.6281321 6
-1.6738402 -2.0644481 -0.60516661 10
-1.2682147 -2.0082676 -0.61538923 12
-2.1970458 -1.993325 -0.60205925 3
-1.1853744 -1.9588962 -0.60068357 12
-2.9984653 -1.8001494 -0.63774699 0
-2.6713657 -1.8980786 -0.62640166 0
-2.957834 -1.7722924 -0.6366539 0
-2.4794469 -1.7310035 -0.60833216 0
-2.81654 -1.6695378 -0.62529516 0
-2.7701738 -1.6388801 -0.6224435 0
-2.6313 -1.5376012 -0.61210668 0
-2.5055573 -1.4438859 -0.60116243 1
-2.4733 -1.427031 -0.60323244 2
-4.4292326 -1.3194932 -0.69103199 7
-2.4056079 -1.368464 -0.60015279 3
-4.4968901 -1.2636807 -0.67192316 16
-4.9245644 -1.1368173 -0.65102303 14
-4.4770136 -1.1034899 -0.61298692 38
-4.3525677 -1.1449312 -0.62180007 36
-2.7054591 -1.1856421 -0.60014486 0
-4.2816854 -1.0181458 -0.69767618 0
-2.8129551 -1.0711905 -0.60342932 0
-2.7235794 -1.0773234 -0.60083878 0
-4.9814281 -0.97943532 -0.60557228 23
-4.2745991 -0.95052791 -0.67719513 3
-5.3948021 -0.8808943 -0.60702711 25
-4.6940069 -0.83513373 -0.68878233 3
-4.5914316 -0.88586575 -0.69053745 7
-4.2816052 -0.88725293 -0.65947825 29
-5.0963073 -0.13650191 -0.61072648 10
-5.0779662 -0.058364756 -0.60104662 52
-5.33354 0.14396031 -0.6163516 30
-3.153069 0.25573218 -0.60317242 0
-5.9762831 0.39425614 -0.68403292 19
-3.1687801 0.34789026 -0.6059953 0
-5.5426102 0.45216238 -0.63025045 18
-3.1413529 0.43571883 -0.60173839 0
-3.104846 0.54517609 -0.60048103 0
-3.9070506 0.77227312 -0.68205577 6
-3.8762228 0.86273777 -0.68604463 8.5
-9.2289782 -10.023018 -0.51980442 49
-8.21947 -8.3496628 -0.51846611 1
-3.9394164 -3.017251 -0.54952532 53
-3.9438252 -2.9448268 -0.54528379 54
-4.3051295 -2.607687 -0.57579207 40
-4.6034636 -2.5946116 -0.51781434 22
-4.4453712 -2.5993686 -0.54615319 16
-4.1323504 -2.5918236 -0.59915829 34
-4.0173268 -2.5289102 -0.56111479 63
-3.9972947 -2.5387974 -0.54736954 63.5
-4.5928097 -2.4406574 -0.55113482 16
-4.374341 -2.4514761 -0.57827568 15
-4.6387305 -2.3724344 -0.52031642 22
-1.8464421 -2.240413 -0.56742108 53
-1.7511848 -2.2281456 -0.52075297 73
-1.6532578 -2.2302861 -0.52886492 53.5
-1.5760102 -2.2276387 -0.54203749 48
-1.7323186 -2.1645098 -0.58626789 12
-1.520891 -2.1368639 -0.56410515 7
-1.3570952 -2.1897821 -0.54754925 64
-1.2605886 -2.1533599 -0.53961122 58
-0.97290236 -2.1313481 -0.52803397 51.5
-0.87809104 -2.1130345 -0.50030941 94
-0.69698685 -2.1117828 -0.52116805 73
-1.4061551 -2.0171218 -0.55642968 7
-1.2522713 -2.0426445 -0.57879281 11
-0.84317088 -2.0868602 -0.52382243 21
-0.66058385 -2.0043223 -0.52717662 9.5
-0.59343338 -2.0763884 -0.52044779 59
-0.27764994 -2.0436742 -0.50048065 94
-0.92055649 -1.9742609 -0.55323988 17
-0.83650404 -1.9409342 -0.54476082 11
-0.74939692 -1.9816673 -0.50623554 10
-0.58497566 -1.9341871 -0.52292627 11.5
-0.43483812 -1.9847571 -0.51729226 15
-0.38965613 -1.9678569 -0.52352381 13
-0.27196214 -1.9424556 -0.51630145 11.666667
-2.0599103 -1.8579022 -0.59210551 3
-1.5077306 -1.8003235 -0.55928028 7
-1.2888191 -1.8804476 -0.54179448 6
-0.89287084 -1.8887508 -0.57145685 9
-0.66100115 -1.8548504 -0.5186711 8.666667
-0.55391091 -1.8441229 -0.52799273 11
-0.42048103 -1.8467618 -0.52004975 18
-0.38199794 -1.8289667 -0.52480108 20
-0.26988843 -1.8104601 -0.51911157 22
-0.062042482 -1.8994532 -0.52441996 11
-1.9436637 -1.7369635 -0.58276033 3
-1.4978085 -1.7210761 -0.56186175 7
-1.1571782 -1.7344248 -0.54027784 7
-0.79295474 -1.7720633 -0.53182304 9
-0.45598826 -1.7132154 -0.51311791 10
-0.15531242 -1.7944553 -0.51210749 10
-2.3437471 -1.6131759 -0.59897822 3
-1.9107285 -1.6597483 -0.57028711 3
-1.8359514 -1.611133 -0.57415754 3
-1.4272094 -1.6681108 -0.5531286 7
-1.1028144 -1.667132 -0.52043396 7
-1.0731134 -1.6954275 -0.54954457 8
-0.82142794 -1.6543688 -0.53082192 10
-0.75685036 -1.6339924 -0.52356899 13
-0.61485243 -1.6952999 -0.52522802 9
-0.53720033 -1.6706614 -0.52233416 19
-0.37410742 -1.6751033 -0.5140056 11
-0.26949698 -1.6600876 -0.50967926 13.666667
-2.3219852 -1.5991123 -0.5979228 2
-2.2210619 -1.5034422 -0.59097201 3
-1.8067427 -1.5743703 -0.56372571 2.5
-1.7110538 -1.5149214 -0.54519677 1
-1.4078665 -1.5854788 -0.55015397 7
-1.3583121 -1.5544944 -0.54800987 8
-1.0325104 -1.5622832 -0.52625787 7
-0.96636778 -1.5158243 -0.51003408 7
-0.75698334 -1.5301266 -0.52254069 10.5
-0.55488503 -1.553869 -0.51559782 10.5
-0.3817867 -1.5664836 -0.50861561 1
-0.28559479 -1.5459762 -0.50708228 1
-2.153017 -1.4485881 -0.58611804 3
-1.7242507 -1.4763544 -0.5639168 3
-1.6369504 -1.4477148 -0.5482533 2.6666667
-1.5500963 -1.432333 -0.54128134 3
-1.4706303 -1.4042679 -0.53644842 3
-1.3413596 -1.484426 -0.54774332 7
-1.2918993 -1.4448055 -0.53909612 8
-1.0100955 -1.4546086 -0.53126472 7
-0.94273537 -1.4576941 -0.5200007 7
-0.86017114 -1.4049091 -0.50760192 8
-0.72784221 -1.4264531 -0.51767498 9.5
-0.53695917 -1.4436284 -0.50924671 10
-0.36178917 -1.4413049 -0.50278777 10
-2.3417354 -1.3317593 -0.59115893 3
-2.0465174 -1.3563414 -0.57837665 3
-1.970733 -1.3003018 -0.57128704 3
-1.6293157 -1.3663929 -0.55876625 4
-1.5898879 -1.3176477 -0.55522662 3
-1.4328372 -1.3640778 -0.53288758 4
-1.3658857 -1.3275044 -0.5310477 4.5
-1.2599628 -1.3734441 -0.54012078 7.5
-0.95371205 -1.3652771 -0.52835548 1
-0.81198841 -1.3528581 -0.50553387 1
-0.7481221 -1.3283315 -0.51291245 5
-0.68156123 -1.3329057 -0.51179749 1
-0.55251247 -1.3638666 -0.50931191 2
-0.49242663 -1.3415918 -0.50419402 2
-2.2582648 -1.2657139 -0.58614457 3
-1.9290954 -1.2419802 -0.56977153 3
-1.8824502 -1.2241148 -0.5660919 3
-1.5350869 -1.2562128 -0.54911876 4
-1.4827783 -1.200848 -0.54590887 5
-1.3257389 -1.2828364 -0.5304957 4
-1.2485372 -1.2967896 -0.53106606 6
-1.1756221 -1.2412834 -0.5357787 3.3333333
-0.91577995 -1.2775819 -0.52223837 7.5
-0.88376528 -1.2030721 -0.51919973 1
-0.68059409 -1.2555946 -0.5110302 2
-0.53448445 -1.2759839 -0.50423205 2
-0.48184109 -1.2588062 -0.50121748 2
-2.5479803 -1.1532078 -0.58613378 0
-2.4304061 -1.1365824 -0.58058292 2
-2.326262 -1.1235834 -0.57690644 2
-2.2264922 -1.1084613 -0.57264632 2
-2.155272 -1.1901913 -0.57777017 3
-2.0686166 -1.1259192 -0.57237852 3
-1.824877 -1.1614811 -0.56154621 3
-1.7774253 -1.1054945 -0.55815923 4
-1.4347786 -1.1365455 -0.54301494 6
-1.1264776 -1.1518692 -0.52506685 7
-0.85390288 -1.1325561 -0.51434481 2
-0.65058529 -1.1464483 -0.50482488 2.25
-2.6059272 -1.066779 -0.5913043 0
-2.5184884 -1.0668218 -0.58841091 2
-2.4274905 -1.0620322 -0.58411944 2
-2.3275714 -1.0506663 -0.57593709 2
-2.2499671 -1.0472535 -0.57356817 2
-2.1573522 -1.0698246 -0.57059669 2
-2.0247412 -1.0748501 -0.56561375 1.5
-1.9524573 -1.0384488 -0.56483448 2.5
-1.890855 -1.0007581 -0.56083608 2
-1.7200553 -1.0679469 -0.55351323 4
-1.6638457 -1.0330352 -0.55179375 4
-1.3458822 -1.0325208 -0.53696239 3.5
-1.0624671 -1.052362 -0.5227645 1.75
-0.94254547 -1.0232667 -0.50050473 0
-0.82161349 -1.0504842 -0.51061577 2
-0.79797155 -1.0149013 -0.50800389 2
-0.63048565 -1.0284587 -0.50380552 4
-4.2912855 -0.9090125 -0.53842467 26
-1.8333292 -0.94580269 -0.55578303 2
-1.7648948 -0.90517312 -0.55329925 2
-1.6357985 -0.9907043 -0.55129212 5.5
-1.5694265 -0.93199086 -0.54120159 4.5
-1.391186 -0.91722512 -0.52825338 1
-1.2611341 -0.92967373 -0.53040773 3.75
-1.0103009 -0.96591115 -0.51538849 2
-0.98582798 -0.92412198 -0.5170933 2
-0.8715511 -0.9780007 -0.50048649 1
-0.77231842 -0.93711549 -0.50533462 2.75
-0.608365 -0.9542709 -0.50349545 4
-0.57977062 -0.91545683 -0.50366795 4
-1.7210959 -0.85848808 -0.54926395 2
-1.6486126 -0.81611156 -0.54263282 2
-1.5329173 -0.87748098 -0.53972411 3.5
-1.4828231 -0.8495388 -0.53785729 2.5
-1.3006408 -0.88125283 -0.51972783 1
-1.2283469 -0.86707062 -0.51950485 1.6666666
-1.1601731 -0.83952516 -0.51738161 2.125
-1.0863128 -0.80353779 -0.50556511 0
-0.94091046 -0.84454238 -0.512133 2
-0.73463142 -0.84259284 -0.50570226 2.4000001
-0.56964785 -0.87170923 -0.50275862 3
-5.3995843 -0.78987527 -0.58369052 32
-1.6234732 -0.7814737 -0.54240167 1.6666666
-1.5291699 -0.72265249 -0.53169543 1
-1.3480926 -0.74929571 -0.52042979 1
-1.1442753 -0.78382808 -0.52216625 0.5
-1.0309746 -0.78014344 -0.50133193 0
-0.90363723 -0.7804004 -0.51099563 1
-0.8709268 -0.73905516 -0.50719535 0.5
-0.71399778 -0.79067671 -0.50557107 3
-0.69000316 -0.73414969 -0.50164998 1
-2.2418494 -0.60718942 -0.56547254 2
-2.1562409 -0.62748814 -0.56452978 2
-2.0604577 -0.63863814 -0.5587467 2
-1.9367809 -0.62768936 -0.55246854 2.5
-1.8375103 -0.64007384 -0.5477351 3.25
-1.738853 -0.64700866 -0.54221892 3
-1.6430919 -0.65208578 -0.53882724 2.8
-1.5499363 -0.65942413 -0.53341752 2
-1.4830803 -0.6449632 -0.523709 1
-1.3372055 -0.69458836 -0.51257855 1
-5.262876 -0.58797592 -0.52660698 25
-2.62203 -0.51521683 -0.58457565 0
-2.5374448 -0.53400028 -0.57807529 2
-2.447325 -0.56494415 -0.57621729 2
-2.329999 -0.54981953 -0.57283384 2.5
-2.2256498 -0.53206891 -0.56605589 2
-2.1226015 -0.55988109 -0.56075144 2
-2.026638 -0.58439291 -0.55721873 2
-1.7564873 -0.51499009 -0.54215461 3.3333333
-1.6594126 -0.53327757 -0.53780925 4
-1.5671241 -0.5479241 -0.53440034 4
-1.4524723 -0.55420375 -0.52485669 3
-1.3566422 -0.56874478 -0.52761626 0
-0.78776604 -0.53816593 -0.50134033 1
-0.64563429 -0.5893873 -0.50248319 0
-5.2830334 -0.4995043 -0.50985718 13
-2.8331625 -0.43830699 -0.59365344 0
-2.7501929 -0.46403277 -0.58744687 0
-2.6760724 -0.48846123 -0.58369356 0
-2.5329194 -0.41372275 -0.58032644 2
-2.4301834 -0.45901752 -0.57535982 2.5
-2.3579631 -0.49053144 -0.57358915 2
-2.0502331 -0.43070719 -0.55568153 2
-1.9443979 -0.46714863 -0.55110705 3
-1.8681191 -0.49348253 -0.55008852 3
-1.0425833 -0.43577757 -0.50612921 1
-0.92742115 -0.46595442 -0.50271076 1
-0.87426025 -0.44874698 -0.50439245 2
-2.6763206 -0.33223641 -0.5851928 1
-2.5975564 -0.37353194 -0.58028466 2
-2.3101504 -0.31203479 -0.56727076 2
-2.2529392 -0.34765574 -0.56635374 2
-2.1714087 -0.38968414 -0.56388307 2
-1.0071143 -0.39570093 -0.50283468 2
-2.8194447 -0.23849392 -0.59118986 0
-2.7474313 -0.28726819 -0.58789009 0
-2.4477355 -0.23591049 -0.57630795 2
-2.3693173 -0.29081923 -0.57391673 2
-2.5514851 -0.14455022 -0.57879883 2
-2.6401613 -0.042222604 -0.5803327 0.66666669
-5.1187911 0.019515362 -0.59874868 4
-2.7267439 0.069006152 -0.5864777 0
-2.6929235 0.030738464 -0.58257121 0
-2.7338696 0.14456366 -0.5807336 0.66666669
-6.8308644 0.29857931 -0.54073882 19
-2.7458553 0.24264255 -0.57831484 0
-2.7596409 0.34280524 -0.58105993 0
-5.1444545 0.49871612 -0.58199114 21
-3.0783682 0.49404287 -0.59213352 0
-2.7227347 0.43721217 -0.57563841 0
-2.69169 0.49152476 -0.57264715 2
-4.7999215 0.5387581 -0.5414238 20
-4.4837012 0.57311517 -0.50498611 45
-3.0418007 0.57850093 -0.59110308 0
-2.6486845 0.56289047 -0.57097983 2.6666667
-4.4575896 0.63992554 -0.50451529 94
-2.9338644 0.68994814 -0.58406776 0
-2.5508642 0.65751725 -0.56489605 3
-4.4634876 0.74773884 -0.51132703 93.5
-2.8597035 0.73729837 -0.57868719 1
-2.786226 0.78168076 -0.5741474 3
-2.6254697 0.77385688 -0.54603881 32
-2.520793 0.7537722 -0.55077338 23
-2.4495842 0.77364534 -0.55228168 16.666666
-2.3676331 0.79319137 -0.55997145 15
-4.3086925 0.89579535 -0.50762069 14
-3.222677 0.89740586 -0.58835447 0
-2.3649418 0.80183256 -0.51141614 36
-2.273824 0.81044203 -0.53304195 32
-2.1383207 0.83002532 -0.53458673 36
-2.0457067 0.84203428 -0.52655345 42
-1.9595629 0.85178745 -0.51905942 41.5
-1.8597661 0.86703777 -0.51395261 38
-1.7616659 0.87785816 -0.51024187 27.5
-1.6564351 0.8930912 -0.51019305 14
-1.5698419 0.89818352 -0.50835669 3
-1.2528158 0.88278091 -0.50717419 2
-1.3033015 0.93089753 -0.50231487 2
-4.5197773 1.1687655 -0.56173295 88
-4.5272698 1.2481719 -0.57447016 92
5.9129024 -7.3549581 -0.40411812 4
-3.9389932 -3.0291872 -0.44805336 53
-3.9485655 -2.9465942 -0.4462688 53
-4.6234403 -2.5052817 -0.47361898 16
-4.0182209 -2.5341051 -0.44777668 62
-3.9934199 -2.5473609 -0.43414313 62.5
-4.628221 -2.407326 -0.42864916 16
-4.6424484 -2.2823212 -0.4855659 21
-2.0137904 -2.2944338 -0.40059552 54
-1.9474844 -2.27248 -0.42053416 64.666664
-1.8495533 -2.2560859 -0.45828819 71.400002
-1.7655349 -2.2433109 -0.47203112 74
-4.8592553 -2.1136827 -0.40788084 23
-4.6679621 -2.1596489 -0.43804801 19
-1.3645966 -2.1956739 -0.4462944 105
-1.2599711 -2.1692119 -0.44318676 115
-0.95954055 -2.1390214 -0.43375069 88.599998
-0.87025809 -2.1145432 -0.44634533 90
-0.70583797 -2.1178689 -0.4486869 97
-0.59370255 -2.0785732 -0.44819766 101
-0.4320848 -2.0613759 -0.44932935 73
-0.35350132 -2.0574696 -0.44708076 73.25
-0.2600944 -2.0477409 -0.45435312 75.333336
-0.12155675 -2.0123181 -0.45403022 10
-0.096236072 -2.0575564 -0.4248682 75
0.042067971 -2.0357447 -0.42886952 69.5
0.11896851 -2.0147178 -0.46832693 87
0.23109919 -2.0067811 -0.42288926 67
-0.34375769 -1.9492815 -0.48034698 9
-0.2804665 -1.9581385 -0.49375677 10
-0.16120851 -1.9631522 -0.48528171 10
-0.016660692 -1.9314084 -0.47632068 9
0.14346935 -1.9360814 -0.47459823 10
0.24363537 -1.9491551 -0.44110453 48
0.34655267 -1.9630007 -0.43628255 36
0.4191733 -1.9843539 -0.44128764 32
0.5376237 -1.9463453 -0.42617756 50
0.60344827 -1.9484154 -0.40719059 28
0.73944563 -1.9250879 -0.4144049 28.333334
1.0201821 -1.9074929 -0.40456679 36
-0.3766923 -1.8802181 -0.48441523 8
-0.13570201 -1.847888 -0.48642772 10.5
0.15845239 -1.8486629 -0.48701802 10.5
0.3298057 -1.8787087 -0.47011071 12
0.43313059 -1.8571925 -0.45261797 15
0.57030368 -1.8222816 -0.43241709 21.5
0.68875504 -1.8493696 -0.41838801 20
0.75631887 -1.8084143 -0.42522806 19
0.95431721 -1.810442 -0.41482538 17
-0.25941294 -1.7561734 -0.47268352 7.5
-0.11992189 -1.7873741 -0.49042952 11
0.18840763 -1.7749844 -0.46199626 15
0.28955966 -1.7124059 -0.46385354 140
0.33657897 -1.7753025 -0.4630641 22.666666
0.47390312 -1.7583456 -0.45587692 18.5
0.5436061 -1.7491297 -0.42671451 29
0.65585172 -1.7859873 -0.43451467 49
0.76691836 -1.7510141 -0.44122639 41.666668
0.93404907 -1.752274 -0.40420616 23
1.0302203 -1.7734038 -0.41173351 22
-0.58901948 -1.6981997 -0.49996585 0
-0.30303946 -1.6637698 -0.46176106 5
-0.094596498 -1.690769 -0.48588192 13
0.19186652 -1.6666251 -0.47630101 17
0.35815158 -1.6761968 -0.46868548 23.5
0.4970555 -1.6227194 -0.44609714 13
0.54880202 -1.6508222 -0.44200787 30.75
0.62188399 -1.6435599 -0.42662862 23
0.88516068 -1.6406939 -0.40440828 19
0.96869957 -1.6669284 -0.4142437 27.5
1.0086309 -1.6733496 -0.41851893 20
1.1990399 -1.6872152 -0.40244374 15
3.1645586 -1.6425258 -0.40215135 0
-0.41936916 -1.5822967 -0.49999511 6
-0.25780672 -1.5654328 -0.45820558 5.5
-0.17217505 -1.5625679 -0.45629144 6
-0.063961811 -1.5534846 -0.47693986 5.5
0.011055982 -1.5914737 -0.46889168 7
0.195777 -1.5577223 -0.46741682 10
0.20466284 -1.5031664 -0.43046016 9
0.35021645 -1.5575745 -0.45930684 11.5
0.49863648 -1.5004172 -0.41942254 2
0.59347993 -1.5245266 -0.42040664 2
0.60308862 -1.5419301 -0.43563104 27.5
0.77293277 -1.5703725 -0.43211681 36
0.84043998 -1.5322493 -0.40327668 18
0.94060642 -1.5531905 -0.41208935 22.5
1.0003227 -1.5596704 -0.41942525 25
-0.3729488 -1.4567199 -0.49058986 6
-0.25272843 -1.4359118 -0.48001122 8.6000004
-0.15048012 -1.4505876 -0.45315939 6
-0.042174891 -1.4560238 -0.45979193 7.5
0.18152504 -1.4434805 -0.45009971 4.3333335
0.33394605 -1.4495252 -0.44579321 11.75
0.536901 -1.4629459 -0.42755711 11.666667
0.61582506 -1.4284766 -0.42644373 19
0.77464956 -1.4318453 -0.41893783 16.5
0.84631503 -1.4553876 -0.40596384 2
0.96172285 -1.4332273 -0.40989071 15.5
-0.68775362 -1.3142095 -0.4959569 0
-0.35182634 -1.3589382 -0.49261618 1.3333334
-0.26578626 -1.3285346 -0.47761178 6.3333335
-0.16577941 -1.3669671 -0.45302284 5.5
-0.019229565 -1.3517629 -0.45985445 7
0.055651952 -1.3548224 -0.43823633 3.5
0.17147483 -1.3378286 -0.44808796 10.333333
0.25184771 -1.3555154 -0.44193286 3.75
0.34943521 -1.3485165 -0.45025072 0.5
0.47255105 -1.357419 -0.41635746 7
0.54634112 -1.3441381 -0.41631928 2
0.62893754 -1.3411674 -0.42442712 1
0.76593268 -1.3338906 -0.41042498 1.5
0.83398449 -1.3542521 -0.40737656 2
0.95441258 -1.3314526 -0.40558743 0.5
-0.7210086 -1.2426651 -0.49525058 1
-0.65147239 -1.2377877 -0.49429226 6
-0.36018014 -1.2736096 -0.49561879 2
-0.27383894 -1.2457752 -0.48056501 1
-0.16427244 -1.266718 -0.45258346 2.3333333
-0.022140453 -1.2454175 -0.44473931 1
0.039284751 -1.2424654 -0.44967908 5
0.18293437 -1.2482923 -0.44264132 1
0.24629693 -1.2432752 -0.44683799 4
0.35368648 -1.2540196 -0.44946969 5.25
0.44844696 -1.2554909 -0.42125386 2
0.51818597 -1.2476008 -0.41842166 2
0.63892722 -1.2339513 -0.41243288 0
0.75024301 -1.2334415 -0.40944541 2
0.97004223 -1.2554708 -0.40616143 16
1.127733 -1.2703927 -0.40304893 3
-0.53599346 -1.1556967 -0.49105349 1.4
-0.46784812 -1.152591 -0.49692687 2.5
-0.35210183 -1.16066 -0.48986715 2.25
-0.24549277 -1.1317513 -0.47451878 1.5
-0.10706025 -1.1985551 -0.45382649 7
-0.046858959 -1.1403353 -0.45580736 0.80000001
0.055513117 -1.1353282 -0.44320491 0.66666669
0.18494074 -1.1561874 -0.44300771 1.75
0.25405219 -1.1437799 -0.44142723 1.5
0.35415465 -1.1319846 -0.44509503 1.5
0.45696205 -1.1499696 -0.42277619 2
0.66347229 -1.1471229 -0.41584286 1.4
0.76451474 -1.1406122 -0.41223896 1.3333334
0.95110387 -1.1585358 -0.40614343 1.6666666
1.1016691 -1.1160868 -0.40033343 3
-0.61187202 -1.0516766 -0.49952352 3
-0.46937299 -1.0417252 -0.48898929 1.8571428
-0.34299007 -1.0394861 -0.48754138 3
-0.26101479 -1.0229365 -0.48215911 3
-0.16815333 -1.043469 -0.46711668 1
-0.011013486 -1.0524958 -0.45637938 1
0.066660196 -1.049356 -0.45126659 1.2
0.18909413 -1.047125 -0.44224977 2
0.25848484 -1.0459126 -0.43327022 2
0.4326387 -1.0455706 -0.42468876 2.25
0.66240466 -1.0459375 -0.41720074 2.125
0.79305524 -1.0405415 -0.41355279 2
0.87612611 -1.0241418 -0.40239576 2.6666667
0.93231755 -1.0683773 -0.40387613 1.8
-0.90215439 -0.99426275 -0.49703687 0
-0.81838787 -0.93787801 -0.49565157 1.5
-0.77384818 -0.90852511 -0.4960714 2
-0.67711782 -0.90579224 -0.49275148 2
-0.59361762 -0.95048708 -0.49856484 3.6666667
-0.43214798 -0.95256644 -0.48828551 3.3333333
-0.35250789 -0.9402799 -0.48428464 3.2857144
-0.24272136 -0.94158494 -0.47639364 3
-0.11937567 -0.94914222 -0.46776772 2
-0.097446375 -0.90177053 -0.44980502 0
0.054337919 -0.94683301 -0.45471773 1.8571428
0.16968323 -0.94849122 -0.44574881 1.75
0.22641376 -0.93971711 -0.44068107 1.75
0.38849711 -0.95516944 -0.42519999 2.5
0.43595541 -0.95610815 -0.42685628 2.5
0.59081525 -0.95109797 -0.42108983 3
0.65456879 -0.95618993 -0.42027947 2.875
0.79039329 -0.9359054 -0.41228735 2
0.82257318 -0.95083129 -0.40940163 2.75
0.92113352 -0.96616107 -0.40825105 3
-0.74592739 -0.88920176 -0.49644721 2
-0.62923121 -0.87149078 -0.49257183 2.6666667
-0.56529015 -0.82142609 -0.48951116 2.6666667
-0.42800879 -0.84537923 -0.49127477 2.5
-0.32802525 -0.85825783 -0.48231634 3.1666667
-0.27801195 -0.82177913 -0.47240528 4.5
-0.17596126 -0.85730028 -0.4626379 5
-0.075758815 -0.83014297 -0.45481881 2
0.03482879 -0.85512042 -0.45803803 4.5
0.1412086 -0.86600846 -0.44819117 0.33333334
0.24238725 -0.85002494 -0.43570146 3.6666667
0.3731795 -0.85937726 -0.43401465 2.4000001
0.41311303 -0.85782379 -0.42560306 5
0.57243001 -0.85545963 -0.4173007 5.8333335
0.69626158 -0.88766789 -0.42177266 1.5
0.7500034 -0.84111208 -0.40784028 3.375
0.81290197 -0.830827 -0.41334531 1.5
0.92707878 -0.85825193 -0.40737623 2.5
1.1305027 -0.81195271 -0.40083134 3
1.2565148 -0.8621223 -0.4038277 0
-0.9456169 -0.74229223 -0.49369088 0
-0.87227798 -0.71772504 -0.49795917 1
-0.69866878 -0.75087488 -0.49314845 0
-0.53401846 -0.78458071 -0.48769522 1.3333334
-0.47518864 -0.73014146 -0.4738656 4.6666665
-0.33093587 -0.76068944 -0.47428754 3
-0.24955371 -0.75308132 -0.46728635 4.4000001
-0.12879726 -0.75206715 -0.46063495 5.25
-0.049194369 -0.74785614 -0.45478922 3.8888888
0.041599032 -0.75829035 -0.44871208 2.8333333
0.26276717 -0.7621938 -0.44317704 0.75
0.3592501 -0.74881053 -0.43548319 2.4615386
0.5314126 -0.75042641 -0.41906157 4.875
0.68215626 -0.72606725 -0.41083819 4.8000002
0.71277618 -0.77170485 -0.40871191 5
0.8475939 -0.74443036 -0.40722108 2.5
0.93964624 -0.74830908 -0.40573472 3.5
-0.59499502 -0.61500865 -0.48118895 3
-0.43126082 -0.65086937 -0.47270036 3.1666667
-0.36821991 -0.62521714 -0.47198218 1.5
-0.25868538 -0.65567726 -0.46322295 3.5
-0.16473855 -0.64895207 -0.45990035 4.3333335
-0.050338883 -0.64350837 -0.45432892 3.4000001
0.062647998 -0.65492427 -0.44825721 4.1999998
0.16740341 -0.6391564 -0.44584751 3.5714285
0.2341048 -0.63327092 -0.44274968 4
0.34702611 -0.65366215 -0.43866619 4.125
0.48883304 -0.63690573 -0.42198536 3.7142856
0.51179773 -0.67603862 -0.42041612 4
0.63446563 -0.64397162 -0.41517159 4
0.74986452 -0.63759542 -0.41107023 3.7777777
0.83285129 -0.63512248 -0.40615904 4.375
0.93795276 -0.64675218 -0.40263346 4.4166665
1.0257059 -0.64353698 -0.40325168 3
11.0453 -0.68565565 -0.42402908 1
-0.77507871 -0.51260674 -0.49820614 1
-0.6229369 -0.52843565 -0.48774919 3.3333333
-0.56842327 -0.59574389 -0.47603795 3
-0.45980817 -0.55376941 -0.47765589 3.4000001
-0.37122455 -0.54473382 -0.47024849 3.5
-0.22049233 -0.57581031 -0.46497494 4
-0.15869373 -0.56660742 -0.46148077 4
-0.0212925 -0.58267367 -0.45205247 3
0.06910111 -0.56398612 -0.45121261 3.1428571
0.15740663 -0.54661697 -0.44289637 4.6923075
0.23368007 -0.54264009 -0.43990067 4.5
0.33969441 -0.54811794 -0.4386951 5.25
0.47484016 -0.57277662 -0.42193174 2
0.58532822 -0.5490073 -0.41901219 3.5
0.6467613 -0.55356783 -0.41802523 4.25
0.74340177 -0.54947644 -0.41042379 3.8666666
0.84206611 -0.54071689 -0.40546072 3.9615386
0.92441946 -0.55984712 -0.40310907 4.4000001
1.0347369 -0.55032933 -0.40117425 5
1.1796393 -0.57170755 -0.40154654 6
-0.86824018 -0.423118 -0.49653858 3.75
-0.7442559 -0.44727081 -0.49105358 4.4000001
-0.63093919 -0.44830009 -0.48218775 4
-0.5916639 -0.42567194 -0.48730826 4.3333335
-0.47557399 -0.46185946 -0.46881136 5
-0.35939759 -0.45243868 -0.47589433 4
-0.25959039 -0.40268275 -0.47337264 5
-0.040039379 -0.42497334 -0.451406 3.5714285
0.06971807 -0.43943489 -0.45046282 4.1111112
0.12206626 -0.44236276 -0.44935438 4
0.23532505 -0.44860101 -0.44359452 4.8000002
0.34112379 -0.4617101 -0.43861094 4.6666665
0.42794615 -0.43022093 -0.42643946 3.8
0.66618663 -0.47255191 -0.41101208 2.6666667
0.75913411 -0.45060486 -0.41327864 3.2258065
0.83026797 -0.46188128 -0.40844795 3.75
0.92122513 -0.45137003 -0.40554252 4
1.024376 -0.45025611 -0.40446711 4.6666665
-0.95989925 -0.33986574 -0.49664202 2.8
-0.84534067 -0.34956634 -0.49288666 4.2222223
-0.73715991 -0.3507199 -0.49045429 4.8333335
-0.66684264 -0.34189886 -0.48853898 4
-0.57071191 -0.35009056 -0.48435974 4.1999998
-0.32658613 -0.35620865 -0.45764959 3
-0.259211 -0.36969131 -0.4668043 6
-0.13786109 -0.33606416 -0.45137769 2.8
-0.045867834 -0.35474032 -0.4514505 3.4285715
0.054583315 -0.35062045 -0.45027986 4.0714288
0.13780205 -0.34788787 -0.44848356 3.9473684
0.25134724 -0.34621498 -0.4435477 4.3571429
0.35077122 -0.34701693 -0.43613356 5.1538463
0.45515898 -0.35004428 -0.42931607 5
0.52177107 -0.35449544 -0.42253426 3.5
0.75495559 -0.36796451 -0.4091754 3.2
0.83875936 -0.35260686 -0.41253671 4.090909
0.92557657 -0.351933 -0.40926734 4
1.0326194 -0.34850785 -0.40679511 4
1.1381358 -0.35790065 -0.40145573 5
-0.9127205 -0.28031772 -0.49105728 4
-0.84090775 -0.24581628 -0.48955736 4
-0.75865746 -0.24489848 -0.49225783 4.25
-0.64693171 -0.25186658 -0.48658448 4.625
-0.53141093 -0.26102999 -0.47670427 5
-0.43207806 -0.24874875 -0.47541332 7
-0.36043441 -0.23200105 -0.48002234 8
-0.25607827 -0.23306693 -0.45807791 4.875
-0.15663832 -0.2440701 -0.45186326 4.909091
-0.07506305 -0.24962106 -0.44823176 4.25
0.047138534 -0.25173873 -0.45142886 3.9333334
0.1477638 -0.25463268 -0.44785732 3.5714285
0.2610904 -0.24720711 -0.4422825 4.4444447
0.3661291 -0.25183991 -0.43571091 5.173913
0.47793326 -0.24219774 -0.42743221 4.2857141
0.56428236 -0.25925869 -0.42496747 5.1999998
0.62455094 -0.22686359 -0.41482982 5
0.78222638 -0.24277702 -0.40848434 5.75
0.84399474 -0.25461468 -0.40795985 4.8571429
0.93231297 -0.24789028 -0.40831563 4.5833335
1.0220078 -0.25234491 -0.40691832 4
1.1261131 -0.26328358 -0.40242347 4.3333335
-5.0099387 -0.12959455 -0.42519933 48
-0.8321656 -0.15254411 -0.48683432 3.75
-0.75724596 -0.15647918 -0.48766395 3.909091
-0.64945674 -0.15662862 -0.48258373 4.6666665
-0.55032182 -0.15008207 -0.47422674 5.2857141
-0.45036942 -0.15866812 -0.47512892 6.4444447
-0.36362091 -0.13908578 -0.47291672 6.75
-0.24675353 -0.15631224 -0.45753592 5.9285712
-0.15368953 -0.13968776 -0.44460884 4.7058825
-0.056887865 -0.15371646 -0.44901183 4.6363635
0.052294053 -0.15800543 -0.44954619 4.0625
0.15178642 -0.15252715 -0.44697374 4.0555553
0.26330474 -0.15239312 -0.43915439 4.647059
0.37050581 -0.15243988 -0.43315271 4.4166665
0.46474087 -0.15369739 -0.4319894 5
0.57254678 -0.14494449 -0.42340991 4.8235292
0.61904114 -0.1566337 -0.41839275 4.9333334
0.79555696 -0.15885758 -0.41183883 6
0.84619218 -0.14690962 -0.41003919 5.75
0.94679505 -0.15334655 -0.40694019 4.4545455
1.0685083 -0.14648935 -0.40507662 4
1.1177061 -0.13808027 -0.40329078 4
-5.0490985 -0.043558881 -0.41862336 12
-0.80537498 -0.094566315 -0.4881202 3
-0.76513332 -0.048898894 -0.48457587 4.1538463
-0.64272153 -0.049756072 -0.47618228 5
-0.53288627 -0.047436241 -0.47397062 6.3333335
-0.44178361 -0.05248845 -0.47243628 6.4444447
-0.36531347 -0.05454199 -0.46794769 6.75
-0.27381966 -0.054368552 -0.45540202 7.5
-0.14696397 -0.052454051 -0.44615287 4.652174
-0.035042848 -0.050004799 -0.45105734 4.8000002
0.056786101 -0.050282754 -0.44970194 4.4444447
0.14167583 -0.058571104 -0.44512615 5.3636365
0.25745568 -0.049872711 -0.43529275 3.9523809
0.36663702 -0.052625783 -0.43500784 4.6296296
0.45595071 -0.044517543 -0.43151069 4.8571429
0.56786716 -0.048654046 -0.42433223 4.8000002
0.61033392 -0.072473362 -0.42381275 5
0.84615976 -0.049101446 -0.41602585 6.6363635
0.95931017 -0.050488196 -0.40409383 5.2727275
1.0919023 -0.056687027 -0.40389729 4
1.1168916 -0.053270649 -0.40324992 4
-5.2788672 0.045866348 -0.42825997 15
-0.83101445 0.065743834 -0.48358974 4
-0.74158323 0.054504354 -0.48291975 4.8000002
-0.62526995 0.061869282 -0.47384459 6
-0.52516514 0.057405382 -0.47675362 7.125
-0.43182713 0.052250132 -0.46262076 7
-0.35474455 0.045280013 -0.45411247 6.25
-0.26784068 0.045754876 -0.45082295 15.75
-0.14519644 0.049737435 -0.4383336 4.5833335
-0.0267467 0.050826587 -0.45135388 5.0999999
0.064646095 0.046141002 -0.4488619 5.125
0.15867506 0.059941627 -0.44193047 4.8125
0.25380275 0.044726733 -0.44134742 4.875
0.34725615 0.045076188 -0.43717673 5
0.44403169 0.055703018 -0.42982796 4.818182
0.57194656 0.044361323 -0.42799416 4.7058825
0.60852796 0.071128078 -0.42589861 4.25
0.86025524 0.04882196 -0.41516367 6.7777777
0.9615134 0.051256627 -0.4072203 6.125
1.1224601 0.054944519 -0.40488485 4
-5.2346358 0.1365466 -0.41627088 46
-0.82944298 0.15172987 -0.47954142 4
-0.73563993 0.14997397 -0.47948533 4.3125
-0.61973566 0.15425608 -0.47053447 5.4444447
-0.51971173 0.15416454 -0.47549155 7.4285712
-0.42941186 0.15025635 -0.46773386 6.7142859
-0.34761465 0.14928094 -0.4587951 7
-0.23184597 0.14701222 -0.44320855 5.6875
-0.15597302 0.1486112 -0.4451386 5
-0.037606314 0.1359082 -0.43870091 5.8333335
0.07112664 0.14903605 -0.45052859 4.9411764
0.16339613 0.15710607 -0.44160363 5.3333335
0.25853947 0.15034519 -0.44380096 5.4285712
0.34442601 0.15124977 -0.43767825 4.9047618
0.43673578 0.14407328 -0.43338349 5.2352943
0.54509413 0.15118201 -0.43239495 4.9375
0.6116758 0.1624556 -0.43088135 4.5
0.86004394 0.14867383 -0.41368487 6.7777777
0.9382562 0.15536809 -0.40717989 5.5714288
1.0022266 0.15707974 -0.40425721 5.8000002
1.1329476 0.15204875 -0.40327668 4
-0.83594298 0.2508229 -0.47606656 3.9333334
-0.74200994 0.25174341 -0.47580317 4
-0.62783349 0.25062618 -0.46879944 5.8571429
-0.52401453 0.25722986 -0.46775338 7.090909
-0.42631373 0.24863069 -0.46595854 6.7142859
-0.34271848 0.24893218 -0.45808664 7.5
-0.24020068 0.24387619 -0.4494648 5.0769229
-0.14324348 0.23270233 -0.44606826 5.2857141
0.075216196 0.25029868 -0.45044848 4.5789475
0.16645676 0.25107923 -0.44537961 5.1111112
0.26839224 0.25203887 -0.44353557 4.6666665
0.35318357 0.24973057 -0.4330816 4.7692308
0.44142801 0.25092465 -0.43490437 5.5384617
0.54203153 0.23682602 -0.43485451 5.25
0.63421398 0.22579281 -0.4242304 3
0.84643388 0.25904179 -0.4065834 4.5
0.92139661 0.25909686 -0.40700483 5.375
1.0194365 0.25436193 -0.40831074 4.6999998
1.1426725 0.22758095 -0.40247318 4
-6.1801677 0.37812281 -0.48057055 18
-0.9070487 0.35996675 -0.48057839 5
-0.86259627 0.35211268 -0.4787074 5
-0.76258904 0.3533175 -0.47382316 4.5833335
-0.64706957 0.35540447 -0.47443998 4.5
-0.52998388 0.34971058 -0.46312985 6.1999998
-0.42950612 0.350324 -0.45809358 6.3000002
-0.3415904 0.32415962 -0.457232 7
-0.069650643 0.37182939 -0.44046128 4.25
0.0769362 0.35926455 -0.45332411 4.7142859
0.15822859 0.34440142 -0.44808367 4.2222223
0.27501452 0.34372073 -0.43816251 3.875
0.36084062 0.35257366 -0.43172795 4.875
0.44979227 0.33944017 -0.43053439 5.125
0.63675272 0.39567995 -0.43034542 2.5
0.74567878 0.37197772 -0.42585263 2.625
0.85295564 0.34846646 -0.41217497 5
0.93231469 0.34545273 -0.40951371 4.5999999
1.0374538 0.34981769 -0.40918937 4.5555553
1.1697539 0.36487231 -0.40117905 5
-5.6400981 0.44496176 -0.43191817 19
-0.92309445 0.45466354 -0.47899362 4.6666665
-0.86926854 0.44541413 -0.47862747 4.625
-0.786677 0.43923941 -0.47068113 4
-0.66727859 0.45304146 -0.4687984 4.8000002
-0.54625821 0.44594082 -0.4666017 4.8000002
-0.43658298 0.44936499 -0.46240297 5.1999998
-0.33856249 0.47647756 -0.44560754 6
-0.23632173 0.45665002 -0.44493175 4.1666665
-0.17578918 0.43211153 -0.4468247 4.6666665
-0.0030385493 0.43934059 -0.44013882 3
0.037579071 0.43865559 -0.44257405 4.1111112
0.15516359 0.44452718 -0.44016188 4.6363635
0.27544209 0.45315737 -0.44121045 4.3000002
0.35287836 0.43625736 -0.43273005 5
0.43266174 0.44023401 -0.43089125 4.818182
0.5514577 0.47754717 -0.4339726 2.3333333
0.67269099 0.44914228 -0.43160817 3.4285715
0.76661259 0.43501589 -0.42039078 3
0.85325384 0.45704111 -0.41650426 3.9655173
0.94694465 0.44833076 -0.41249433 4.8888888
1.0547543 0.44687504 -0.40592739 5
1.18696 0.443721 -0.40016711 6
1.2027972 0.49355662 -0.40185535 6
1.4003268 0.42596132 -0.40062582 3
-0.95270562 0.53879797 -0.48019728 1.1111112
-0.83132237 0.55046004 -0.47635639 3.125
-0.70593899 0.58380789 -0.47009644 2.3333333
-0.68980968 0.53351879 -0.46868506 5
-0.54556084 0.55879009 -0.46361086 4.2857141
-0.45875895 0.55238634 -0.45877683 4.1538463
-0.33780894 0.55069053 -0.45314008 6.1428571
-0.24478363 0.52672809 -0.45294085 5
-0.15900968 0.55665362 -0.45089316 4.0999999
-0.048061617 0.59117812 -0.44621444 4
0.15413433 0.55108118 -0.4455322 4.7058825
0.24771261 0.53928244 -0.44167849 4.875
0.32370058 0.53746682 -0.43976712 3.8571429
0.44521141 0.55770147 -0.43388715 4.5
0.57102102 0.54701293 -0.43674192 3.8571429
0.61341476 0.59185463 -0.43523347 4
0.75021577 0.54328847 -0.42826107 4
0.87002915 0.54462385 -0.41530997 3.5714285
0.94913024 0.55037004 -0.4161891 3.4705882
1.0688388 0.54498178 -0.40360633 5.6666665
1.1086787 0.56688136 -0.40308416 6
1.2410351 0.5375182 -0.40310958 5
1.3090991 0.5791707 -0.40309474 3
-0.85500199 0.60035479 -0.47730774 0
-0.71944851 0.69507974 -0.47537291 6
-0.65130574 0.66827637 -0.47279051 5.5555553
-0.55909902 0.63785863 -0.46687514 4.5
-0.46589708 0.6430577 -0.4628363 4.8333335
-0.3324241 0.61527199 -0.44768941 4
-0.22909018 0.63242888 -0.45454979 3.75
-0.16864437 0.64915228 -0.44972509 4.5
-0.055989977 0.65852779 -0.44389513 4.1428571
0.0051123411 0.64585155 -0.45001191 0
0.12195065 0.64801472 -0.45969689 4
0.23823467 0.6362986 -0.44126394 3.4285715
0.34573561 0.66026092 -0.43763679 3.2
0.46269968 0.63662553 -0.43674269 4.5555553
0.52517587 0.66702229 -0.43313584 3.4285715
0.65255326 0.64810193 -0.43252015 3.8
0.78812373 0.60687029 -0.42560595 5
0.85195428 0.64270115 -0.42348266 3.6666667
0.96257961 0.64038199 -0.41467398 2.7142856
1.059207 0.6644811 -0.41597694 2.75
1.1540654 0.64943278 -0.41195783 1.6
1.2386029 0.66036022 -0.40688229 3.4000001
1.3234112 0.61248392 -0.40145832 3
-4.1556234 0.79400283 -0.48093331 8
-2.6541185 0.77140534 -0.48334873 28
-2.560688 0.78429055 -0.4723379 46
-2.4527853 0.78969604 -0.45919609 39
-0.92347026 0.79162538 -0.49232629 3
-0.84027958 0.76358676 -0.48232716 4.1999998
-0.75155222 0.7429024 -0.47755718 6
-0.64457226 0.73860329 -0.47241732 6.125
-0.54041028 0.74787313 -0.46661559 5.6666665
-0.45380759 0.75608748 -0.46143141 4.5999999
-0.2263976 0.79067087 -0.45175073 1
-0.1278052 0.7593469 -0.44795918 4.25
-0.028552309 0.74084121 -0.44245934 5.3333335
0.07134261 0.75111216 -0.43878052 4.6666665
0.12456466 0.71146214 -0.46134341 0.5
0.22601236 0.79040205 -0.45718068 0
0.35747311 0.74639416 -0.44552141 3.2222223
0.44691476 0.73176515 -0.43661153 3.25
0.53591269 0.75750595 -0.43470868 3.6363637
0.68435526 0.74031776 -0.43261972 4
0.73408175 0.7654717 -0.43314284 3.2
0.87149805 0.75302923 -0.41667104 3.5
0.94625467 0.74600339 -0.42576396 2.375
1.0445808 0.76739663 -0.41715237 1.6666666
1.1492277 0.73971373 -0.41666186 0.5
1.2678779 0.74095035 -0.40711132 1.3333334
1.3529301 0.75236803 -0.40638664 1
1.4133688 0.777219 -0.40267819 1
-2.3729568 0.80304348 -0.45228541 39
-2.2423162 0.81710118 -0.45996761 43.333332
-2.1474228 0.82780874 -0.461227 45
-2.0568981 0.84166795 -0.45595193 46.75
-1.9415663 0.85659033 -0.45013475 49.5
-1.839101 0.8710072 -0.44774139 45.75
-1.740756 0.88131738 -0.44631582 39
-1.6441238 0.89364684 -0.45306748 24.4
-1.5704837 0.89983171 -0.42553681 13
-1.2327008 0.87579608 -0.4953765 1.5
-1.1378951 0.88379884 -0.49050152 1.6666666
-1.0475724 0.85125178 -0.49078092 1.5
-0.95904863 0.84431911 -0.48762274 1.6363636
-0.83548671 0.84305984 -0.48114309 1.7142857
-0.76690185 0.86001563 -0.48463795 3
-0.64783144 0.85412717 -0.47224882 3.3333333
-0.55553108 0.84184033 -0.46740615 5
-0.47608656 0.8348788 -0.4589527 3.4285715
-0.34561265 0.85264504 -0.45469457 3.2
-0.22368401 0.84514713 -0.44497475 3.5
-0.15062676 0.84071988 -0.44696644 5.1428571
-0.054522205 0.83745623 -0.44515643 6.3333335
0.049666714 0.85041285 -0.44118142 5.3333335
0.15664077 0.84979641 -0.4392533 1.5
0.23006555 0.84954774 -0.46126813 2.4000001
0.38263458 0.84467298 -0.44884863 3.5999999
0.43298671 0.81188959 -0.43279165 2
0.55958575 0.84576005 -0.43366173 3.5555556
0.76183569 0.84779364 -0.43062449 3.75
0.8511889 0.86106128 -0.42980438 3.5
0.94720399 0.85156745 -0.42188042 3.4000001
1.0537205 0.85004437 -0.41827282 2
1.1288819 0.87263119 -0.41851255 1
1.2613022 0.81773919 -0.41241738 0
1.336216 0.86139345 -0.40358743 0
-4.1362591 0.92580479 -0.49312007 14
-3.9242873 0.93997395 -0.47430921 9
-1.5451055 0.90429592 -0.46001685 5.3333335
-1.3067579 0.91517681 -0.44464636 1
-1.2341198 0.93939227 -0.46272308 7.5999999
-1.1626118 0.95520693 -0.44984928 8.0588236
-1.0419803 0.96063077 -0.45928714 8.5
-0.96030551 0.97468966 -0.44750151 11.5
-0.84482926 0.94390172 -0.47229436 4.7142859
-0.75820619 0.98085403 -0.46106496 6.5
-0.67131186 0.94582897 -0.46903148 3.8333333
-0.55295563 0.93973684 -0.46658438 5.25
-0.47070587 0.94118404 -0.46034503 4
-0.34582633 0.96266788 -0.45471692 4.75
-0.24096915 0.93499923 -0.4504306 5
-0.15762062 0.95413762 -0.44957137 5
0.030299328 0.95385736 -0.44710168 3
0.13779989 0.95682806 -0.45367774 2.8333333
0.24426931 0.94469279 -0.45413956 3.8333333
0.38898948 0.95105958 -0.45618701 3
0.41889238 0.95496154 -0.45239508 4
0.56498545 0.9384926 -0.42434049 2
0.63343233 0.95528293 -0.4386161 5.75
0.79749018 0.92895246 -0.42954412 4
0.86771846 0.94356483 -0.429196 3.5
0.93677825 0.95845377 -0.41927272 4
1.0665512 0.93516511 -0.41583133 3.25
1.1587949 0.94805521 -0.41457468 0.5
1.2441846 0.96029186 -0.41261709 0
1.5077149 0.97167772 -0.40115497 5
-0.8567031 1.0074071 -0.45270824 13.5
-0.71613717 1.0032974 -0.42216891 14.5
-0.66479093 1.0181189 -0.44134578 13.5
-0.5391404 1.0337481 -0.44586745 12.625
-0.46355584 1.0386347 -0.42471373 15
-0.36291081 1.0539485 -0.4407616 12.857142
-0.23807628 1.0562614 -0.43891248 9.666667
-0.15115848 1.0721515 -0.437888 9.875
0.009250341 1.0411644 -0.44949153 3
0.13580333 1.0347165 -0.46057415 3.3333333
0.24771993 1.0373026 -0.45410058 3
0.36447984 1.0592887 -0.41937497 0
0.42721516 1.0482115 -0.44388479 3.2
0.59803236 1.0034302 -0.44500798 4
0.64854628 1.056433 -0.44286454 3.5
0.70527303 1.0503947 -0.41738391 6
0.87533617 1.0352399 -0.42331025 3.5
0.95933521 1.0476538 -0.42263886 3.375
1.0877199 1.0666248 -0.41128129 4
1.1539594 1.0481783 -0.41110387 4.6666665
1.2443966 1.0410053 -0.4058539 6.6666665
1.3986847 1.0667516 -0.40672359 2
-0.10842776 1.100101 -0.4170925 18
-0.011121878 1.1059523 -0.44776177 8
0.082761332 1.1164303 -0.40627909 14
0.15977593 1.1109333 -0.44086906 15.636364
0.26246485 1.1238643 -0.44275635 14.285714
0.3380225 1.1336889 -0.41294867 16.4
0.45494509 1.1428772 -0.4292835 13.5
0.5216071 1.1580069 -0.41022128 21.5
0.67622423 1.1697441 -0.42795578 13.333333
0.71592927 1.13149 -0.44313198 3.5
0.89650446 1.1327525 -0.4181155 3
0.9411003 1.1387588 -0.42091537 3.1666667
1.0394573 1.1672875 -0.42488974 2.75
1.1402514 1.1664333 -0.41092736 3.5
1.2734591 1.1253297 -0.41513053 0.5
1.3051689 1.1430306 -0.40346697 3
1.5502599 1.1719096 -0.40276051 3
0.76885104 1.234318 -0.44292045 5
0.83731383 1.2634789 -0.41270503 21.666666
0.93961084 1.2390075 -0.42029506 3.8
1.0223135 1.2804977 -0.41853154 6.3333335
1.1609944 1.2627842 -0.4149119 5.1999998
1.3527645 1.2031885 -0.41329363 3
1.620775 1.2242823 -0.4052529 4
1.2049907 1.3200343 -0.41242409 6
1.3680482 1.3158441 -0.40514019 2
-8.2360401 -8.339798 -0.3351616 2
-3.9458418 -3.0458112 -0.34623203 53
-3.9427004 -2.936934 -0.34627035 52
-4.0238791 -2.5385427 -0.33688825 65
-3.9825807 -2.5461233 -0.3484112 55
-4.8919997 -2.3441324 -0.36405769 23
-4.7905531 -2.3944745 -0.39970893 18
-2.2227409 -2.3135321 -0.33549532 8
-2.176517 -2.3079808 -0.34297627 43.5
-2.083364 -2.3028014 -0.37982905 52
-4.9003863 -2.2450826 -0.32267129 23
-2.1260481 -2.2972729 -0.35501054 46
-2.0507557 -2.2816813 -0.38147417 54
-1.8609445 -2.2515416 -0.36233756 81.5
-1.7445738 -2.2270999 -0.37144572 86
-1.3748708 -2.2018602 -0.34781742 101.5
-1.2530947 -2.1677613 -0.34319359 94
-1.1364969 -2.1581864 -0.3156777 73.5
-1.0492499 -2.1504741 -0.36969471 84
-0.99528474 -2.1521668 -0.33480793 95
-0.87440914 -2.1171577 -0.32983804 99.5
-0.71719635 -2.12801 -0.35284501 101
-4.9268193 -2.0503678 -0.38205481 24
-0.56234068 -2.0802398 -0.33511895 98.5
-0.44177872 -2.0643475 -0.35093436 99
-0.32702821 -2.0647225 -0.35754111 94.5
-0.25746161 -2.056881 -0.35290703 96.333336
-0.14617418 -2.061518 -0.32726654 92.5
-0.038097896 -2.0437455 -0.36857602 97.199997
0.069376312 -2.0340755 -0.32414493 100.25
0.14982206 -2.0168686 -0.35262668 102.33334
0.27649647 -2.0125022 -0.3712295 92
0.35394728 -2.0018773 -0.3573184 101
1.8535914 -2.0047898 -0.32406661 55
2.0319514 -2.0656114 -0.33253813 26
-4.9339747 -1.9620701 -0.35230073 23
0.21141963 -1.9999732 -0.3760289 145
0.37148833 -1.9940857 -0.34484655 80
0.44630456 -1.991383 -0.33818564 97.333336
0.50518131 -1.9773006 -0.36834681 91
0.67239189 -1.9572668 -0.3314929 105.75
0.7353279 -1.9454728 -0.35875252 95.833336
0.82164252 -1.9459878 -0.31226051 114
0.95075732 -1.9111788 -0.34851182 89.199997
1.0597647 -1.9031334 -0.34484074 89.666664
1.1891052 -1.9593203 -0.30010182 61
1.2339754 -1.9632574 -0.35041746 61
1.3605255 -1.9641167 -0.35731566 42.666668
1.5889562 -1.9867109 -0.35932603 32.333332
1.6365143 -1.9902906 -0.32790688 55
1.7170439 -1.9230272 -0.36313096 9
1.8057219 -1.9753895 -0.36133757 11.5
1.9748842 -1.9073656 -0.36408657 7
-4.9445581 -1.8755981 -0.32393771 24
0.97935432 -1.8267688 -0.39037541 14
1.0909244 -1.813202 -0.39489606 16
1.1460167 -1.8911991 -0.38268235 15
1.2201306 -1.8204606 -0.39873093 12
1.5294826 -1.8578222 -0.37710905 10
1.6225319 -1.8313844 -0.36992863 9
1.7793237 -1.8561122 -0.39108533 7
2.152786 -1.8182548 -0.32173344 35
2.2109041 -1.8449292 -0.33690944 4
2.3536656 -1.807315 -0.32772538 4
1.3462329 -1.7389617 -0.38815227 9
1.4287643 -1.7934947 -0.37599632 8
1.5278794 -1.7317489 -0.3731122 8
1.9347587 -1.7578933 -0.37594038 7.5
2.0574856 -1.7870257 -0.35249561 10.5
1.3055629 -1.6385583 -0.39377114 9
1.443276 -1.6408153 -0.37575799 7
1.5030645 -1.6851621 -0.38817593 10
1.7048692 -1.6904265 -0.38501957 3
1.8818625 -1.6854188 -0.38910401 5
1.173267 -1.5509311 -0.39841896 14
1.2674258 -1.5368283 -0.38205838 8
1.3673781 -1.5574906 -0.37784395 6
1.4624232 -1.5605146 -0.38903359 9
1.6318009 -1.5348296 -0.37589988 2
1.7512878 -1.5281703 -0.35202286 3
1.8064047 -1.5449251 -0.38440761 3
3.5317795 -1.5796632 -0.39512289 0
1.1667161 -1.4429283 -0.38528883 9.333333
1.2593335 -1.429597 -0.38217711 7.6666665
1.4252545 -1.4459242 -0.38821846 8
1.6623265 -1.4551697 -0.35449097 3
4.1147223 -1.4958656 -0.32038549 9
4.2349148 -1.4803015 -0.31082007 10
4.3445301 -1.465434 -0.30396923 9
1.1399486 -1.3387591 -0.38898456 6
1.2328205 -1.3282402 -0.39368352 7
1.3923287 -1.3463994 -0.38755161 9
1.5537512 -1.3702154 -0.36152953 4
2.1204171 -1.3268895 -0.3320902 2
2.6892045 -1.3040937 -0.32703537 0
1.0545496 -1.2488554 -0.39158499 1.75
1.2143033 -1.2461311 -0.39419049 0
1.3585163 -1.2350445 -0.38283706 9
1.4275497 -1.2668643 -0.36855853 3.5
1.8770052 -1.2209414 -0.34802869 3.5
1.9523809 -1.2557609 -0.34444964 2.5
2.0384157 -1.2945246 -0.3391223 3
2.2414875 -1.2144156 -0.34165069 2
2.3671525 -1.2388293 -0.34315389 0
2.5962172 -1.2321951 -0.32625315 3
0.96774644 -1.1516494 -0.39753959 2
1.0154256 -1.1669858 -0.39588115 2
1.1125988 -1.1862205 -0.39938715 14
1.2745731 -1.1402009 -0.37931803 1.5
1.3381617 -1.1600039 -0.39394721 1
1.656847 -1.1128618 -0.35989717 4.3333335
1.7563938 -1.1436337 -0.35566893 3.6666667
1.8010262 -1.1825657 -0.35087723 4.5
2.1971743 -1.1464711 -0.34698704 3
2.3135746 -1.1672564 -0.34681135 3
2.5360188 -1.1589947 -0.32999885 3
1.0911609 -1.0519595 -0.39995745 2
1.1516972 -1.03089 -0.38744712 1.5
1.2106494 -1.0852365 -0.3843987 1
1.4631855 -1.0092163 -0.37084889 2
1.5336212 -1.0454905 -0.36541736 4
1.611161 -1.0866497 -0.36052224 1
1.759515 -1.0439267 -0.36516315 3
1.8597325 -1.0181419 -0.36709055 2
2.1252623 -1.0448542 -0.34814769 3.5
2.2342281 -1.0654378 -0.35010862 2
2.4531717 -1.0579809 -0.33394191 3
1.068849 -0.95863676 -0.39328855 1.75
1.291652 -0.9065811 -0.3803229 2
1.3543038 -0.94054514 -0.37943336 1.8333334
1.4157772 -0.98132771 -0.37527141 2.3333333
1.5611334 -0.91264862 -0.36890483 2
1.6499399 -0.93328965 -0.36385426 5
1.7353389 -0.97148639 -0.358951 3.8
1.8157461 -0.96795774 -0.36098328 4
2.0543447 -0.93274081 -0.3539882 6
2.151855 -0.95101225 -0.35439676 5.5
2.3660531 -0.94330347 -0.3395091 5.75
8.9379768 -0.95068568 -0.33157516 3
0.96774542 -0.85217774 -0.3981899 2
1.0068611 -0.89157498 -0.39581007 2
1.1654781 -0.83398503 -0.39091408 2.6666667
1.2436618 -0.87782997 -0.38448691 2
1.3564888 -0.83399904 -0.3828361 1.8571428
1.4544127 -0.86107612 -0.37729055 2.375
1.5186193 -0.89280117 -0.36799616 2
1.6579646 -0.83583653 -0.37119353 5
1.7609682 -0.8431707 -0.37432778 4
1.9712322 -0.80461466 -0.35476473 6
2.0547895 -0.85093337 -0.35630164 5.6666665
2.2806189 -0.83587044 -0.34283987 5
2.3237875 -0.85766834 -0.34433678 5
0.85599017 -0.72562343 -0.39939302 4
0.91981983 -0.7598902 -0.39815807 4.5
1.0495481 -0.74001467 -0.39570728 2.5
1.1454955 -0.74505472 -0.394155 2.9000001
1.2447785 -0.76779574 -0.38898993 3.1111112
1.3484389 -0.76149684 -0.38872114 2.6666667
1.437964 -0.74808216 -0.38783836 2.3333333
1.6546652 -0.73384595 -0.37396812 3.75
1.7316624 -0.78191918 -0.37802297 7
1.953858 -0.7289567 -0.35875821 7
2.0236712 -0.76171696 -0.35985732 7
2.2290354 -0.75102693 -0.3457177 6
0.82680595 -0.6884619 -0.39700413 5
0.96664506 -0.6566335 -0.39912289 4.5999999
1.0641661 -0.65819603 -0.39850765 3.5
1.1303447 -0.66554362 -0.39608794 4.4285712
1.2064649 -0.69329154 -0.39717737 6
1.3402249 -0.6470046 -0.39342031 3
1.4068553 -0.66108781 -0.39152285 2.5
1.5851358 -0.66024029 -0.376757 2
1.6567595 -0.64690673 -0.37755769 1
1.875175 -0.62511599 -0.35855293 4
1.9405986 -0.65998244 -0.36246943 8
2.1667514 -0.64870876 -0.34939352 6.1999998
2.2061875 -0.68560827 -0.34953254 6
0.88975614 -0.59970546 -0.39857405 4
0.94320673 -0.57460916 -0.39866874 4
1.0901148 -0.56226587 -0.39839059 5
1.1717333 -0.54991674 -0.39725766 6
1.2827966 -0.51780653 -0.38998759 3
1.3498592 -0.55686182 -0.39729691 2.8333333
1.5491843 -0.54966056 -0.38001436 2
1.6210557 -0.55670011 -0.38310742 2
1.8616556 -0.53842741 -0.36592078 3.5
1.9134554 -0.56671602 -0.36600903 2
2.0952756 -0.52423656 -0.35232916 7
2.1222911 -0.55651438 -0.35133165 7
-0.29695666 -0.43083113 -0.37270299 4
0.27325892 -0.42247677 -0.37096015 3
0.90352017 -0.4433099 -0.39887595 4
1.0764887 -0.45057201 -0.39695823 5
1.1517816 -0.4527038 -0.39807394 5
1.2701782 -0.44331387 -0.3912679 6
1.3364732 -0.43880242 -0.39548373 3.5
1.5515163 -0.44505671 -0.38492286 2.25
1.8442918 -0.45624724 -0.36820436 4.6666665
2.0774159 -0.44163111 -0.35477099 7
2.1072216 -0.48734111 -0.35509223 7
-0.44706744 -0.38012078 -0.35884675 3
0.71910346 -0.34260425 -0.39364973 2
0.89639425 -0.30236688 -0.38919768 4
1.0708907 -0.34679401 -0.39820766 4
1.1351178 -0.35636252 -0.39808887 5
1.2568337 -0.3430151 -0.39215526 5.1999998
1.3127257 -0.34926528 -0.39550543 4.5
1.5316603 -0.34454429 -0.38767314 2.2222223
1.7849445 -0.35026619 -0.362066 0.66666669
1.8312241 -0.35122785 -0.37051794 5.8000002
2.0612156 -0.34094989 -0.35824788 7
0.31327513 -0.29899552 -0.31744853 5
0.45490819 -0.27086875 -0.35203889 1.5714285
1.0700668 -0.24025926 -0.39753944 4
1.1189555 -0.24383514 -0.39666939 4
1.2715009 -0.24202695 -0.39348319 5
1.3042324 -0.29903817 -0.39759898 6
1.516363 -0.24316199 -0.38881058 2.0999999
1.779255 -0.23245096 -0.36443838 4
1.8138529 -0.25327316 -0.37261376 1
2.0534253 -0.24198315 -0.35811639 6.125
-0.055396013 -0.1540212 -0.3004238 5
1.0729631 -0.18502451 -0.39900371 4
1.1144459 -0.1848608 -0.39761919 4
1.2683674 -0.14722325 -0.39298537 5
1.5175092 -0.14394613 -0.39026332 2.5
1.7923454 -0.15580903 -0.36580321 1
1.8048995 -0.13550127 -0.36992919 1
2.0689342 -0.14822564 -0.35821298 7
0.95542842 -0.036610089 -0.39826584 5
1.0955292 -0.0091826795 -0.39855051 4
1.2745064 -0.049750086 -0.39371836 5
1.5272921 -0.0483496 -0.38898969 2
1.8221776 -0.050775111 -0.36845553 1.6666666
2.088789 -0.083379239 -0.35744718 7
2.1127949 -0.03536335 -0.35855481 7
0.98137486 0.060118258 -0.39878592 5.5999999
1.0986636 0.0076928353 -0.39853516 4
1.1083442 0.053043813 -0.39852262 4
1.2883581 0.042293742 -0.3941451 5
1.3030818 0.073064908 -0.39321309 5
1.5473115 0.046631269 -0.38795623 2
1.8606036 0.041286413 -0.37002939 3
1.9006991 0.078002796 -0.3661845 6
2.1622934 0.048711382 -0.35700276 5.75
-0.24803448 0.18629119 -0.32266605 1
-0.10101946 0.15874299 -0.33098212 1
-0.073060513 0.14416288 -0.36820939 3
0.48531082 0.1822453 -0.3311972 1
1.0019871 0.17341056 -0.39766061 5.5
1.1350914 0.15432915 -0.39816198 4
1.2964132 0.11591838 -0.39295554 5
1.3182211 0.1521817 -0.39292988 5
1.5730572 0.13817632 -0.38790026 2
1.6177021 0.16701569 -0.3811892 2
1.8836665 0.11050817 -0.37171665 6
1.9307803 0.15296039 -0.36896652 3.5
2.23809 0.14954579 -0.35392302 5
-0.33299345 0.28831279 -0.36892158 3
-0.22223839 0.23935467 -0.39269456 2
-0.11274793 0.22941427 -0.32195836 2
1.0060101 0.22042978 -0.39704651 7
1.1614782 0.26640397 -0.39788696 4.875
1.3500843 0.24392843 -0.39491764 4.3333335
1.4035429 0.29382193 -0.39587694 3
1.5924437 0.21813664 -0.38848948 2
1.6420823 0.25899044 -0.38083932 1.4285715
1.9779989 0.23806593 -0.3699525 1.75
2.0284755 0.26784611 -0.36196905 4.5
2.2866189 0.22067378 -0.35201347 4
2.332583 0.25005186 -0.3490282 4.4000001
1.1727206 0.33852223 -0.39799085 5
1.2132856 0.37173066 -0.39826855 5.6666665
1.3632892 0.35133147 -0.39335018 4.8000002
1.4348563 0.35622033 -0.39365882 2.25
1.6499764 0.34916061 -0.38416952 2
1.7344602 0.34489223 -0.37596306 1
2.0542748 0.34258768 -0.36476344 4.5
2.1475892 0.36611563 -0.35777518 5.5
2.3873136 0.31467667 -0.34587702 4
2.4525132 0.36758593 -0.34259367 4
1.1852193 0.44224072 -0.39766127 5.5
1.2475682 0.45111057 -0.39923272 6
1.3964124 0.44304037 -0.39152783 3
1.4497378 0.46186137 -0.39366227 2.5
1.5057604 0.48337418 -0.38895905 2
1.6952968 0.42550817 -0.38462096 1
1.7411734 0.45333531 -0.37842354 1
1.8230567 0.45418355 -0.37332097 5
2.090714 0.40867829 -0.36653748 6
2.1529808 0.44203639 -0.36160293 4.6666665
2.2547083 0.47048187 -0.35063675 4
2.5291326 0.4361209 -0.33773696 3.25
2.6120577 0.47891095 -0.33366159 3
-5.2013278 0.50042963 -0.3934781 17
-4.8036494 0.5460788 -0.36013058 20
-4.4838381 0.58695203 -0.33472332 51
1.2428057 0.53577542 -0.39540696 6.5
1.4487349 0.55469579 -0.39508176 3
1.5451612 0.54863828 -0.38602352 2
1.7693678 0.55351526 -0.37888288 4
1.883808 0.5251022 -0.3709076 3.5
1.9393339 0.58523595 -0.37020248 7
2.1707439 0.50268757 -0.36212167 5
2.221858 0.55590653 -0.36086476 5
2.3468778 0.55040991 -0.34680137 3.5
2.5860229 0.50577062 -0.3347421 3
2.6606824 0.5504294 -0.33069944 3
2.7240007 0.56301969 -0.32771513 3
-4.4650126 0.66438514 -0.33484998 90
1.1342696 0.66161746 -0.39636979 0
1.343863 0.66349971 -0.39673969 2.5
1.4813907 0.63135171 -0.39340687 2
1.5480618 0.6515038 -0.38834012 2.5
1.6218174 0.66424412 -0.38419157 1
1.8451067 0.66029137 -0.37899745 2.3333333
1.9793071 0.62752748 -0.36875057 6
2.0189428 0.67183417 -0.36638761 5
2.272151 0.61014462 -0.35779285 4
2.325489 0.66880417 -0.35389364 3.5
2.4470823 0.63821244 -0.33927792 3.5
2.7590859 0.64634562 -0.32778606 3
2.8504608 0.67956018 -0.32412466 3
2.9813774 0.67455089 -0.3157624 2
3.042984 0.68239939 -0.31082153 1
3.140213 0.67476803 -0.30724457 0.5
3.2091703 0.68443954 -0.30492747 0
3.3272431 0.67783183 -0.30207884 0
-4.4721546 0.74655873 -0.337881 97
-4.3012218 0.79468012 -0.32778049 12
-2.6281433 0.75770223 -0.32847336 25
-2.5047636 0.78100276 -0.32292345 48
-2.4211864 0.79314262 -0.31942302 48
1.3695166 0.72025728 -0.39300245 1
1.4440597 0.78863406 -0.39965627 2
1.5392394 0.75592691 -0.39022171 1.6666666
1.6622874 0.74493885 -0.38475451 3.6666667
1.7120647 0.79866225 -0.37845322 0
1.8954568 0.73491979 -0.3759782 7
1.9322681 0.78215367 -0.37684566 6
2.0632212 0.71993977 -0.36412016 5
2.1261423 0.72531557 -0.36542928 2.6666667
2.2377338 0.71928966 -0.35982478 2.25
2.3638072 0.72515804 -0.35252342 3
2.447093 0.74285752 -0.34773043 3
2.5384388 0.72364479 -0.34071481 3
2.6321752 0.72882456 -0.33622897 2.75
2.7453959 0.72506064 -0.32844883 3
2.8679736 0.72300327 -0.32185954 3
2.9433072 0.73609418 -0.31801215 3
3.0272303 0.77144009 -0.31457561 3
-4.148684 0.84032851 -0.31981334 8
-3.9502559 0.86968094 -0.30935776 8
-2.3336811 0.80009687 -0.31511614 47
-2.264008 0.81188667 -0.31436566 48
-2.1588492 0.82553732 -0.31200793 50.5
-2.0313923 0.84116447 -0.31065345 55
-1.9436716 0.85313135 -0.3117379 57
-1.8662727 0.8640759 -0.31377816 56
-1.7682173 0.8775773 -0.31751058 60
-1.6575136 0.89267808 -0.32523552 56.666668
1.2943058 0.80957627 -0.3993389 0
1.4818673 0.80491745 -0.39957651 1
1.5630009 0.83543313 -0.39458936 1
1.6371015 0.87299848 -0.38886905 1.6666666
1.7318438 0.86765701 -0.38094878 4
1.9799373 0.84915888 -0.372807 4.5
2.1661403 0.8265245 -0.35854524 3
2.2175229 0.88231975 -0.3541801 2
2.4899797 0.83164233 -0.34549484 2
2.5563881 0.88895452 -0.34486309 2
2.7376807 0.86501884 -0.3269859 2
3.0432773 0.84497356 -0.31608632 3
3.1141176 0.83140242 -0.30897316 3
3.218291 0.89975739 -0.30423 1
-3.912416 0.93359566 -0.31295341 9
-1.5604448 0.90892839 -0.33562118 21
-1.4961491 0.91033912 -0.33943963 14
-1.2204473 0.94378841 -0.35819337 5.5714288
-1.1473578 0.9688431 -0.34051043 14.230769
-1.0292077 0.98129356 -0.37018007 16.444445
-0.96675199 0.98060894 -0.33409417 16.333334
-0.84118307 0.99240005 -0.35495406 16.9
-0.77588695 0.9975031 -0.38604558 20.5
1.4299335 0.91870463 -0.39838514 0
1.7662961 0.90341324 -0.38384601 0
1.8328642 0.92014259 -0.37755615 1.5
2.054987 0.95108986 -0.36896732 2.5
2.2790954 0.94567132 -0.34958071 2
2.4863327 0.98477787 -0.35005301 0
2.6170588 0.94641179 -0.34139115 2
2.8820405 0.97234517 -0.32120273 0
3.1339934 0.9092254 -0.3119908 0
3.2396591 0.98002177 -0.30871493 0
3.3524916 0.98050952 -0.30102086 0
-0.85085565 1.0042015 -0.33136556 19.666666
-0.74200034 1.0132151 -0.32018134 18
-0.66509253 1.02466 -0.35611346 17.545454
-0.53913176 1.0406455 -0.33906198 19.777779
-0.46681237 1.0497956 -0.34626505 20.75
-0.35498244 1.0688882 -0.3564055 20.6
-0.25664791 1.0846246 -0.33838785 22.166666
-0.16638078 1.0989536 -0.38182393 21.5
1.5579679 1.002663 -0.3999095 0
1.6365683 1.0466416 -0.39562267 2
2.1175895 1.0352743 -0.36416876 0
2.3517079 1.0165477 -0.34655723 1
2.5911613 1.0072433 -0.34763452 2
2.6831837 1.014227 -0.33963799 2
2.7783709 1.0585347 -0.33553454 1
2.9595966 1.0587029 -0.32412159 1.5
3.0396075 1.0769732 -0.32363299 3
3.1727903 1.0953001 -0.31605676 0
-4.5296879 1.1761062 -0.3753345 92
-0.14561057 1.1042937 -0.34495059 21.857143
0.086294383 1.115309 -0.3266592 16
0.14233078 1.1293533 -0.36981171 15
0.25544032 1.1271254 -0.3542662 21.333334
0.3509379 1.1456054 -0.35141918 21.357143
0.44539985 1.1604097 -0.32299522 16.333334
0.54337537 1.1646017 -0.36439076 15.916667
0.62422442 1.1740612 -0.33475611 16
0.71345693 1.185176 -0.39095831 24
1.4240189 1.1902831 -0.3991302 3
1.5837888 1.1308424 -0.39661503 0
1.6090457 1.1905973 -0.38703933 4
1.7664261 1.1231003 -0.39329004 5
1.8764654 1.1855654 -0.39131927 5
3.3052452 1.1076347 -0.3077642 0
-4.5328674 1.263194 -0.38696957 91
0.76059437 1.2552047 -0.36870968 13
0.86262465 1.2641386 -0.34546536 13
0.95220453 1.2741796 -0.34674457 19.90909
1.0781436 1.2866819 -0.36006406 13.666667
1.1250098 1.2921551 -0.34013847 15.5
1.3264726 1.209942 -0.39816412 15
1.4446466 1.2580415 -0.39645001 7
1.6649297 1.2671446 -0.39323956 6.5
1.7414961 1.299477 -0.39865741 5
1.9726497 1.2445294 -0.39299598 3
2.0618286 1.292501 -0.39030805 3
3.104557 1.2099278 -0.31622523 0
3.2209766 1.2247132 -0.3083466 0
3.3736789 1.2528096 -0.30319756 0
1.1688406 1.3064908 -0.3636747 11.5
1.2633245 1.3165382 -0.36570442 9.5
1.3407177 1.3211157 -0.33333731 27.25
1.4491061 1.3383268 -0.36347976 34.666668
1.5528016 1.355842 -0.37630656 5.3333335
1.6521518 1.358976 -0.3336738 24.6
1.8331603 1.3628864 -0.37039447 9.333333
2.1623218 1.3464679 -0.38781741 1
1.9617212 1.4113319 -0.37319022 11.5
2.0473769 1.4212923 -0.34142831 38
2.1484222 1.4399009 -0.31097096 35
-8.2947073 -8.9729586 -0.25270787 8
5.9206853 -7.5450749 -0.25884044 4
6.0418868 -7.4523306 -0.22903767 8
-3.952265 -3.0566714 -0.2444941 52.5
-3.9573877 -2.9416413 -0.25019071 53
2.8376827 -2.9506824 -0.27932549 1
-4.0251117 -2.5393851 -0.25261998 66
-3.986021 -2.552834 -0.26385206 55.5
-1.8706678 -2.2546849 -0.2612837 83
-1.7410891 -2.2330852 -0.27073842 85.5
-1.3578091 -2.2083421 -0.23168725 91.5
-5.0289526 -2.1002274 -0.2499823 20
-4.9043441 -2.1461403 -0.28186393 24
-1.3061029 -2.1911743 -0.22143555 83
-1.2427825 -2.1775098 -0.25300661 89.800003
-1.1983225 -2.1804228 -0.27186033 17
-1.0044353 -2.1504378 -0.23771583 100.5
-0.87503433 -2.1238604 -0.23553774 97.5
-0.72754741 -2.1292071 -0.25587779 104
-0.66447669 -2.1007318 -0.22411841 88
-5.2069726 -2.0710077 -0.21979925 19
-0.62398648 -2.0851672 -0.25012344 100
-0.5922628 -2.0848837 -0.26410097 101.33334
-0.43716294 -2.0677497 -0.23677275 109.25
-0.32520568 -2.0495644 -0.23956719 116
-0.26289752 -2.049962 -0.24038827 94.714287
-0.1501938 -2.0592234 -0.25602743 79.166664
-0.043837961 -2.0457802 -0.24754997 94
0.035489231 -2.0370727 -0.25892243 103.8
0.15067148 -2.0291526 -0.26011243 98
0.22959189 -2.0173075 -0.21931922 96
0.31425613 -2.0020697 -0.22804642 75
1.7206503 -2.0167196 -0.22713393 55
1.8099151 -2.0053601 -0.21002308 64
1.9365754 -2.0279508 -0.26000401 60
2.0323842 -2.0237956 -0.22959551 36.5
0.3366113 -1.9965529 -0.25831163 81.5
0.44370508 -1.9891031 -0.25296503 97.400002
0.52673805 -1.9837288 -0.24040425 105.5
0.66143388 -1.9483161 -0.24932133 95
0.76422888 -1.9481691 -0.24074014 116
0.87025273 -1.9270016 -0.25438306 106.75
0.93205088 -1.9254479 -0.24215418 94.333336
1.1594436 -1.9564759 -0.24188344 69
1.2458775 -1.9678854 -0.22719611 70.5
1.3389791 -1.9769218 -0.2548089 75.75
1.4855123 -1.989396 -0.20268223 62
1.5288949 -1.9908969 -0.26963824 58.5
1.6792858 -1.9955395 -0.2989614 62
1.7415326 -1.9963666 -0.25407225 67
1.1238856 -1.897678 -0.28200567 101
2.0886083 -1.8509343 -0.2118746 41
2.1625984 -1.8346192 -0.28142324 32.666668
2.2683492 -1.8193612 -0.24457175 51
2.3269477 -1.8248317 -0.2903676 17
-5.0005102 -1.7149026 -0.27333096 29
-4.9593496 -1.7899131 -0.29640636 25
2.3318157 -1.792587 -0.22156671 47
-5.2378283 -1.6118062 -0.23398662 24
-5.15026 -1.675138 -0.25511402 27
3.0568273 -1.666985 -0.27928075 2
3.1489151 -1.6276345 -0.23846041 8.666667
3.2459812 -1.6166728 -0.21571591 20.5
3.3021157 -1.6086663 -0.20488971 34
-5.247942 -1.5213385 -0.21060061 25
4.926302 -1.3917755 -0.27448508 1
5.1422014 -1.3710775 -0.26797384 1
5.3334713 -1.3483089 -0.2635408 1
5.4818778 -1.3236222 -0.26158026 2
5.5768733 -1.3175514 -0.25890678 0
2.9344213 -1.2150486 -0.29280823 0
3.0576982 -1.2314832 -0.28899747 1.5
3.1620529 -1.2356992 -0.28342056 3
3.2510166 -1.228284 -0.2747305 5
3.3463244 -1.2214413 -0.26686034 5.5
3.7308812 -1.2144209 -0.24750349 1
3.8376396 -1.2040796 -0.24258588 0
3.9859314 -1.20687 -0.24196655 0
5.6916089 -1.2965816 -0.25959113 1
5.7829995 -1.2845123 -0.25613812 1
5.9387679 -1.2720584 -0.25897568 1
6.0477128 -1.2580093 -0.25652879 1
6.1726208 -1.2373589 -0.25881439 1
6.3011823 -1.2214109 -0.25812539 1
6.4424911 -1.2031573 -0.26141313 1
3.9745786 -1.1877407 -0.23479772 0
4.0889101 -1.1833451 -0.23455837 0
4.1450777 -1.1853411 -0.23143405 0
4.2980223 -1.1707897 -0.22704142 0
6.6125631 -1.1893462 -0.26216021 1
6.7470164 -1.1674384 -0.26532912 1
-0.21795848 -0.24710411 -0.22481832 1
0.36833212 -0.25621632 -0.22105326 3
0.41339269 -0.25957343 -0.2650848 1
-0.39404988 -0.17843124 -0.22362578 2
-0.11433573 -0.14772081 -0.23459348 1.4
-0.076689571 -0.13672116 -0.26712561 2
-0.23780444 0.1575221 -0.21387191 1.25
-0.13419783 0.14848438 -0.26780683 1.25
0.44196823 0.15348235 -0.23761843 2.25
0.5477227 0.15164341 -0.24424444 1.3333334
0.62704301 0.14744557 -0.29816121 0
-2.6571398 0.7599597 -0.22308967 0
-2.5788112 0.78273594 -0.22230637 48
-2.469481 0.79263806 -0.21978024 41
-2.3756568 0.80398196 -0.21883482 44
-2.2480154 0.81937277 -0.21888076 43
-2.1303854 0.83404952 -0.21943298 45
-2.0591462 0.84204149 -0.22143427 48
-1.9640174 0.85636288 -0.22492415 48
-1.8473232 0.87358493 -0.23142706 54.5
-1.7377834 0.88632488 -0.23862903 54
-1.6672914 0.89834094 -0.24546674 61
-1.6194651 0.90299523 -0.2498551 53
-1.5512089 0.90957868 -0.25711477 24
-1.4695685 0.91929281 -0.26789963 9.5
-1.1368539 0.96429437 -0.24559964 13.785714
-1.0412405 0.97009963 -0.25979012 15.142858
-0.97023648 0.97999603 -0.23714791 16.846153
-0.84937775 0.99384373 -0.26014721 15
-0.83069623 1.0081599 -0.25051072 19.75
-0.74773771 1.0090357 -0.24217176 21.333334
-0.66141957 1.027655 -0.2584869 21.833334
-0.54043037 1.0427449 -0.24157223 18.75
-0.47063267 1.0408533 -0.24638198 18.75
-0.35119408 1.072055 -0.25005668 22.714285
-0.2543965 1.0938255 -0.24285497 23.25
3.4772646 1.060118 -0.29452345 0
-0.20175208 1.1102157 -0.24279286 24
-0.14307243 1.1106715 -0.25702822 23.111111
0.19587961 1.1304516 -0.25568038 17
0.24445912 1.1492293 -0.2883898 15
0.36326984 1.1516037 -0.25872678 23.9
0.44561577 1.160304 -0.26261893 24.166666
0.54799318 1.1695431 -0.24177761 25.166666
0.65374482 1.1820313 -0.24982619 24.571428
0.73930639 1.2453078 -0.23096423 15.333333
0.85398406 1.260976 -0.24861173 12.583333
0.93668675 1.2762287 -0.25249022 12.333333
1.0612541 1.2871333 -0.23317981 12.1
1.118329 1.2978933 -0.28512961 12
1.2359557 1.2967042 -0.21687254 18
3.5540707 1.2873801 -0.29922879 0
3.678477 1.2951686 -0.2873551 0
1.1845987 1.3070629 -0.27258268 8.5
1.2579579 1.3085284 -0.23681697 20.75
1.3599278 1.3283986 -0.2674672 33.5
1.4467431 1.3455828 -0.25454858 19.333334
1.5471878 1.3540983 -0.21831255 29
1.6650486 1.3635181 -0.25345758 37.666668
1.7544956 1.377535 -0.25530145 36
1.828743 1.3930047 -0.2027573 45
2.0253241 1.3983908 -0.21141404 32
3.8509347 1.317988 -0.27832773 0
2.0766225 1.4026285 -0.26694083 18.5
2.252773 1.4420638 -0.2561295 9.666667
2.3335445 1.4645218 -0.25297904 3
3.9933522 1.5483017 -0.21821281 0
4.1252279 1.5682846 -0.2650196 0
4.2716312 1.5740951 -0.23241711 2
-8.3668242 -8.444396 -0.15459932 27
5.9504457 -7.0802193 -0.10741654 1
-3.9600773 -3.0682518 -0.1407519 52
-3.9614697 -2.934921 -0.15312774 52
-4.0322695 -2.5409138 -0.16990326 64.5
-3.988452 -2.557713 -0.15057877 52
-1.8823607 -2.2582002 -0.16091973 79.5
-1.7379866 -2.2370539 -0.17056724 88
-1.5379032 -2.2314131 -0.11318296 65.666664
-1.4359419 -2.2165241 -0.15825325 74.5
-1.3960162 -2.2081757 -0.15090784 105
-1.3556501 -2.1974447 -0.19287255 81
-1.2460475 -2.1661382 -0.14731342 88
-1.0165269 -2.1575141 -0.1424364 96
-0.85810232 -2.1260636 -0.13190652 97.333336
-0.7410593 -2.1188834 -0.16635934 97.400002
-0.59697473 -2.0917492 -0.1639086 99.5
-0.437738 -2.0686562 -0.13665161 111.2
-0.33180329 -2.0549192 -0.14947073 107.66666
-0.28390539 -2.0454366 -0.14894457 118.33334
-0.1313695 -2.0339913 -0.11608483 110
-0.055009723 -2.0447066 -0.15837194 70
0.044721406 -2.0391817 -0.13989145 101.33334
0.15874305 -2.0249312 -0.17843267 91
0.27215597 -2.0071523 -0.15663812 81.85714
0.33415797 -2.0039713 -0.1136051 99
1.652661 -2.0108762 -0.13760419 56
1.8653256 -2.0222509 -0.15667444 58.333332
1.9297311 -2.0143487 -0.13503814 63
-5.1957097 -1.9614329 -0.18181825 24
0.38031253 -1.9964201 -0.10938512 101
0.43063498 -1.9884857 -0.17360745 100.33334
0.55304182 -1.9701459 -0.13675708 104
0.62097251 -1.9621855 -0.15578465 102.16666
0.85596043 -1.9306009 -0.14409506 105.71429
0.94461161 -1.9285771 -0.17688854 103.66666
1.0454767 -1.9115462 -0.119077 104.5
1.1131717 -1.9467494 -0.16558908 75
1.2535174 -1.9706976 -0.17177975 69.5
1.3394244 -1.970118 -0.12000471 75.5
1.4448222 -1.984439 -0.15546601 65.75
1.5269141 -1.9875579 -0.11568325 68
-5.1942878 -1.8566128 -0.14573856 24
2.0360065 -1.8477077 -0.14206503 47.5
2.1817598 -1.8410009 -0.13165946 65
2.2131362 -1.8335971 -0.17007215 53
2.4440358 -1.8149257 -0.12342051 14.5
2.5081165 -1.8078378 -0.18022822 3
-5.2099643 -1.7583706 -0.11152671 34
2.385988 -1.7918813 -0.19706038 32
2.4590187 -1.7791426 -0.1601226 10.5
2.5671592 -1.7841716 -0.13404043 7
3.3456051 -1.6015106 -0.18894434 32
3.3783338 -1.5961472 -0.18570206 50
3.4422989 -1.5848572 -0.16892467 46.5
3.5313172 -1.5725818 -0.15135939 54
3.6240649 -1.5591756 -0.1328195 56
3.7241893 -1.5473663 -0.11547417 57.5
-5.2566733 -1.4309416 -0.18693912 25
-5.1496272 -1.2203504 -0.14099315 53
-4.4209394 -1.114718 -0.13732645 84
-4.3057203 -0.93451768 -0.10038291 35
0.35340497 -0.24810103 -0.1965692 2
-0.41721085 -0.13136034 -0.12512808 1.5
-0.33392403 -0.13939913 -0.13089795 1.0243902
-0.27103475 -0.13430683 -0.13718542 0.90909094
-0.15819676 -0.13798513 -0.17640272 0.2
-0.20098752 0.075053997 -0.13450012 0
-0.19468808 0.096322015 -0.15105207 0
-0.31462559 0.15937252 -0.13097849 0.89473683
-0.28119391 0.15494885 -0.13808782 0.83333331
-0.18903287 0.12158769 -0.16288261 0
0.39986444 0.14900158 -0.19470263 3
0.43976745 0.1496616 -0.17774171 2.3333333
-0.33886093 0.21727091 -0.17005864 1
-1.6422129 0.8888368 -0.11051451 65.5
-1.5525151 0.89863211 -0.12558705 15.5
-1.4533886 0.91132897 -0.14445364 12
-1.3802389 0.9205786 -0.15931961 4
-1.1282926 0.96250504 -0.14496267 13.75
-1.0725162 0.97103697 -0.16309559 14
-0.96536493 0.9829976 -0.1389294 18.9
-0.85207653 0.98831797 -0.14679408 17.25
-0.79787332 0.99883091 -0.17588159 17
-0.82415134 1.0121685 -0.15225095 21.625
-0.74589187 1.011445 -0.14713298 20.333334
-0.65773469 1.0326046 -0.16446637 22
-0.53234684 1.0455976 -0.14758143 22.444445
-0.46287936 1.0505464 -0.14252949 19.1
-0.35257617 1.0734124 -0.15588054 21.09091
-0.24420293 1.084126 -0.14753413 22.200001
-0.20814058 1.1049647 -0.15526351 23.75
-0.14433025 1.1096596 -0.15206119 23.333334
0.45859411 1.1590878 -0.16958751 27.714285
0.5554179 1.173034 -0.15178458 28.25
0.64027488 1.1887816 -0.13722095 25.799999
0.70628935 1.1938282 -0.16231391 22
0.77308863 1.2581064 -0.14062318 12.666667
0.85220492 1.2723753 -0.15226991 12.285714
0.96943855 1.2781472 -0.14710337 12.75
1.0210184 1.2842456 -0.14281745 12.333333
1.0964012 1.3019809 -0.1856906 10
1.1607709 1.3112746 -0.13933511 9.75
1.2554922 1.3139673 -0.15345493 11.714286
1.3438202 1.3324456 -0.14437628 12.75
1.4984477 1.3343168 -0.10154875 48
1.5519547 1.347685 -0.1707724 45.75
1.6447676 1.36891 -0.14417078 46.833332
1.7205161 1.3849795 -0.1091982 49
1.8706545 1.399533 -0.17876665 44
1.9587787 1.3886522 -0.13937767 38
1.9337724 1.4060123 -0.14318687 43
2.0065382 1.4188536 -0.10692021 42
2.163868 1.4156678 -0.1348024 24
2.2236042 1.4229261 -0.18204893 12
2.9721735 1.4947574 -0.18836512 15
3.070154 1.5077362 -0.16603196 24
3.1674609 1.5157186 -0.14156571 30
3.2852888 1.5326903 -0.11675018 33
4.1673942 1.5687492 -0.18726563 1
-8.2917185 -8.9698381 -0.047612753 42
-3.9423602 -3.061219 -0.031220252 40.333332
-3.9539382 -2.934433 -0.063045733 39.333332
-3.9258561 -2.8422108 -0.039929535 31
-3.9348288 -2.7467833 -0.0048337104 48
-4.0430632 -2.5413914 -0.057890072 65
-3.9929125 -2.5604987 -0.035986558 53.5
-1.9035076 -2.2668002 -0.038349967 94
-1.89369 -2.2630494 -0.086645707 81
-1.7350312 -2.2517252 -0.054206848 70
-1.6544544 -2.2453296 -0.046760559 60
-1.5722115 -2.2272491 -0.077138707 65
-1.410099 -2.2130947 -0.053797685 105.5
-1.2476479 -2.1734152 -0.051082775 86.5
-1.0310557 -2.1647425 -0.033398453 90.75
-0.95383549 -2.1421771 -0.036464892 92.75
-0.87136173 -2.125783 -0.059318662 97.666664
-0.74969357 -2.1379685 -0.067122221 113.5
-0.58052349 -2.0884571 -0.041840702 102
-0.45657253 -2.0714753 -0.056604456 109
-0.32335246 -2.0545242 -0.054988869 117.25
-0.25792867 -2.0487325 -0.041573264 117.8
-0.16808376 -2.0379024 -0.090088442 113
0.061419338 -2.0345607 -0.057956796 98.5
0.14590588 -2.0243292 -0.049206559 98.5
0.23853645 -2.0077314 -0.057960108 72.5
0.32066879 -2.0040011 -0.021920916 104
1.5749993 -2.0051491 -0.02995402 60
1.6061127 -2.008445 -0.072751135 57
1.7859704 -2.0177226 -0.035317969 57
1.8169976 -2.0201972 -0.078227803 57
2.0077655 -2.0217707 -0.089731127 62
0.35533023 -1.9959966 -0.056157377 100
0.41846368 -1.9943553 -0.02819787 113
0.56327575 -1.9654635 -0.05099326 95.5
0.63741082 -1.9664865 -0.046337739 122
0.75504667 -1.9402411 -0.049300626 103.4
0.83209157 -1.9402626 -0.046815217 99
0.95794606 -1.9213924 -0.046890702 122.33334
1.0603005 -1.9135792 -0.07550256 110
1.1475399 -1.949489 -0.031707034 79.666664
1.2036744 -1.9735824 -0.096677229 60
1.3866477 -1.9740005 -0.049502417 65.5
1.4416224 -1.9832439 -0.040271837 69
1.5936555 -1.9964983 -0.070728093 65
1.6588567 -1.9968259 -0.024968922 64.5
1.0450597 -1.8972168 -0.054055117 93.5
1.9802969 -1.8801386 -0.075420842 30.5
2.0890269 -1.8320844 -0.054273747 45
2.1334665 -1.8310992 -0.071256362 42.333332
2.3646183 -1.8244532 -0.048348553 35.5
2.4772246 -1.8030427 -0.04444018 29.5
-5.48806 -1.7477138 -0.084179565 20
2.5372617 -1.7974894 -0.099280477 17
2.6709332 -1.7823422 -0.02725666 7.5
2.714411 -1.7765977 -0.062826492 3
-5.4860096 -1.6389049 -0.050866079 26
-5.4929452 -1.5338707 -0.020010743 25
3.8257647 -1.5330865 -0.097444281 56
3.9326737 -1.5168221 -0.079856366 60.5
4.0503922 -1.5030975 -0.063724361 59
4.0365558 -1.4961971 -0.060244706 57
4.1708646 -1.4851248 -0.04476013 53.5
4.2983737 -1.4718521 -0.029143926 53
4.3073864 -1.4654711 -0.025377717 53
4.4497147 -1.453409 -0.010026448 55.5
-9.962162 -1.028213 -0.034290355 87
-5.4197631 -1.0059245 -0.092210069 17
-5.3945947 -0.90920091 -0.074100524 44
-4.6101899 -0.92633355 -0.09176597 15
-9.9960461 -0.85751683 -0.012513419 45
-5.3851423 -0.8156876 -0.057654161 83
-5.4196348 -0.7289744 -0.043415714 80
-5.515521 -0.64819163 -0.030534875 41
-0.42891052 -0.13101897 -0.081215918 0.83333331
-0.3371793 -0.14183244 -0.055783696 2.3399999
-0.25958309 -0.15289949 -0.046784844 15.694445
-0.35855973 -0.076667711 -0.03917107 0
-0.23612377 -0.092007346 -0.088149846 0
-0.28207785 0.0058048554 -0.0011611556 0
-0.25017434 0.15828371 -0.048090778 1.5373135
-0.19252443 0.15880486 -0.025253169 1
-2.6365941 0.75689673 -0.013662499 32
-2.5253589 0.76666504 -0.019066256 51
-2.4289918 0.77914047 -0.025269907 55
-2.3489254 0.7933895 -0.032551419 54
-2.2635043 0.80338109 -0.038747374 52
-2.1487427 0.8175 -0.048162643 53
-2.0440028 0.83109438 -0.058119345 57
-1.9516382 0.84427184 -0.067642763 59
-1.8369557 0.85991365 -0.08176785 58
-1.7335978 0.87946433 -0.06492345 60.666668
-1.6825309 0.89802939 -0.013554466 61
-1.6321914 0.90585685 -0.023239616 62
-1.5543381 0.91104442 -0.037659578 36
-1.44798 0.92757821 -0.061450783 12
-1.3438876 0.93616968 -0.085066646 3.5
-1.1302007 0.96069944 -0.053698264 16.4
-1.0722207 0.96448058 -0.049446188 14.272727
-0.96689308 0.98534912 -0.052146647 18.307692
-0.86582583 0.99560469 -0.054994721 14.666667
-0.82121515 1.0147946 -0.054098319 21.6
-0.74832648 1.0090139 -0.037204847 19
-0.65322959 1.0300549 -0.059422102 21.785715
-0.53817731 1.0491371 -0.052197281 18.222221
-0.46989122 1.0518965 -0.040691793 23
-0.35591525 1.0714656 -0.053159032 22.4
-0.24721077 1.0904956 -0.054714285 20.555555
-0.15664048 1.0846642 -0.05534938 18
-4.5513029 1.1934428 -0.002775223 99
-0.21658376 1.1024641 -0.044072047 23.25
-0.15247077 1.1071564 -0.046115175 21
0.56844181 1.1815108 -0.080196671 27
0.64620113 1.1897715 -0.047978453 27.125
-4.562983 1.2820632 -0.013530438 92
0.6968711 1.2015435 -0.079631969 28
0.75075513 1.2539252 -0.044167612 15.285714
0.8296476 1.2711377 -0.046776995 12.454545
0.96076775 1.2829735 -0.050240062 12.4
1.0450312 1.2940249 -0.057206586 12.833333
1.1548927 1.2894273 -0.039300844 12.5
1.223713 1.2977115 -0.065969437 12
1.1925025 1.3040843 -0.015443941 12
1.2442961 1.316963 -0.071284331 12.6
1.324663 1.3294108 -0.024185352 14
1.4503244 1.3366709 -0.051823888 37.5
1.5437303 1.3499089 -0.036457688 41.200001
1.7620862 1.3927838 -0.090085045 45
1.8420811 1.3892921 -0.042156342 43
1.9035431 1.3867375 -0.071746528 41
1.8880041 1.407159 -0.029969428 36
1.9337819 1.4128455 -0.0095217573 24
2.0458779 1.4103578 -0.043314394 40.75
2.1272326 1.4288627 -0.057354148 32
2.2191367 1.446766 -0.0010021933 8
2.4646094 1.4365915 -0.034615137 23.333334
2.6735671 1.4161079 -0.018244442 4
2.897922 1.485217 -0.079676211 11
2.9834578 1.4906893 -0.058490057 18
3.0860212 1.5042698 -0.036205541 27
3.1870763 1.513888 -0.013906811 32
3.422605 1.5569633 -0.089466237 26
3.5545859 1.5717704 -0.060427785 31
3.6947591 1.5845932 -0.035501514 36
3.7111735 1.5974681 -0.023905348 26
3.8473368 1.5985597 -0.0049279155 30
26.407433 4.5814986 -0.058933567 6
35.091351 4.6834359 -0.086341143 13
-8.3992043 -8.4426298 0.031232744 35
-3.9629278 -3.0709586 0.068877347 51
-3.9457898 -2.9298401 0.032720383 43
-3.9246297 -2.8372457 0.068843819 48
-4.1838193 -2.6177855 0.098923266 46
-3.9406495 -2.6495192 0.029437818 52
-4.0593767 -2.5425813 0.053613544 64.5
-3.9802926 -2.5637703 0.056037515 43
-2.0393124 -2.2990618 0.087274186 43
-1.927343 -2.2685912 0.044003319 71.666664
-1.8535048 -2.2665713 0.040019918 53
-1.7421565 -2.2450476 0.025223745 74.666664
-1.4245819 -2.2179775 0.042269725 105
-1.2332864 -2.1791017 0.054604944 85
-1.1307443 -2.1749582 0.051375087 82.666664
-1.0520649 -2.1577439 0.044611134 90.25
-0.87754524 -2.1325955 0.047820188 99
-0.76478517 -2.1397853 0.056873027 82.25
-0.6854791 -2.1062551 0.088130124 93
-0.61276919 -2.0937045 0.056672916 101
-0.53346217 -2.0829225 0.03236758 107.5
-0.43813634 -2.0743418 0.048004553 113.25
-0.33964434 -2.057662 0.039206244 113
-0.29001188 -2.0502644 0.043627374 121
0.16062988 -2.0197487 0.043561514 74.875
0.25234404 -2.009074 0.055231228 101
0.355957 -2.0006552 0.01223646 103
1.6977813 -2.010386 0.092381872 57
1.7492487 -2.0114913 0.032928746 61.25
1.827456 -2.0052004 0.084267706 62
1.9642053 -2.0467129 0.077019691 37
0.35466105 -1.9928792 0.032140151 101
0.46426442 -1.984341 0.0598494 99.333336
0.52068871 -1.9666817 0.051746894 99.199997
0.66920465 -1.9602246 0.024658192 122
0.74317688 -1.9449196 0.058553513 107.85714
0.81254148 -1.9432384 0.042247374 106.33334
0.9827283 -1.904265 0.06976831 81.5
1.056172 -1.9112839 0.044593342 102.8
1.1630317 -1.9631718 0.02111014 69.666664
1.2562537 -1.9675965 0.080257371 74.5
1.3412201 -1.9775255 0.036663294 57
1.4871165 -1.9925041 0.096531272 58
1.5353931 -1.9908981 0.035977557 62.25
1.6076709 -1.9912846 0.087271549 67
1.9913665 -1.8509345 0.096695408 60
2.0343633 -1.8378935 0.029231759 63.25
2.1269255 -1.8165302 0.075082198 47
2.3506749 -1.8208164 0.044564158 50
2.4251072 -1.8128144 0.009722962 41
2.5576742 -1.7950207 0.063201897 27.333334
2.6224225 -1.78899 0.021525851 19.333334
2.8760245 -1.7047161 0.027142566 7
2.8943794 -1.6612344 0.050992135 28
2.955965 -1.6457514 0.075414494 43
4.5768318 -1.4361799 0.0042015491 50
4.6030121 -1.4258666 0.0097663952 43
4.7492094 -1.4103584 0.02436289 44
4.8919373 -1.3940666 0.03908455 42
4.9516954 -1.3825051 0.044690117 42
5.077157 -1.3745513 0.054948017 43
5.1564364 -1.3614615 0.061619204 43
5.2688503 -1.3511634 0.072828054 43
5.3569703 -1.3324065 0.078625895 42
5.4683981 -1.3229227 0.08987312 41
-5.2220902 -1.250716 0.035641264 46
5.5737953 -1.2994277 0.096056566 37
-4.3123007 -1.1037421 0.007521051 42
-4.3221645 -0.94074321 0.049939469 11
-4.4569187 -0.88656747 0.071914151 26
-10.009794 -0.68381572 0.006760872 39
-10.030574 -0.51176071 0.024648033 18
-5.3340821 -0.17221652 0.021376271 29
-0.31150827 -0.15886809 0.0012348621 10
-5.2167039 -0.080062211 0.028292423 85
-0.3689447 -0.099992171 0.0020371666 0
-0.23969044 -1.8940478e-05 0.003222859 0
0.58069986 -0.027315678 0.0048030582 0.21484375
0.60170108 -0.0031503513 0.0041714297 0.42713568
-5.1716871 0.053225972 0.035708465 94
-0.31937367 0.0055076056 0.092151724 0.38847858
-0.26340535 0.0028447378 0.013277865 0.12822349
-5.2520814 0.18878196 0.042686503 78
-0.26316938 0.12352128 0.0018076777 0
-6.4027066 0.34129089 0.055920433 23
-5.8202596 0.41023877 0.052359439 21
-5.3676076 0.45556325 0.052366585 24
-4.9601068 0.50634819 0.047769215 25
-4.5963917 0.54719728 0.04320262 35
-4.4865642 0.65055931 0.038419556 107.5
-4.4088793 0.75544578 0.03230381 21
-4.0592418 0.76295787 0.025141094 9
-2.500097 0.78822148 0.097964741 37
-3.9287422 0.84285331 0.015941104 8
-2.398298 0.80182081 0.08745949 42
-2.256752 0.81998843 0.071340337 48
-2.1326938 0.83757007 0.056147356 46
-2.0548337 0.84774107 0.046040837 47
-1.944921 0.85966349 0.030632073 54
-1.8502089 0.8739453 0.015867785 53
-1.7890551 0.88151491 0.0061227223 53
-1.5080706 0.90089399 0.096229233 15
-1.4494302 0.91237706 0.078656867 14
-1.3553408 0.9273715 0.049629554 14.666667
-1.2485551 0.93976545 0.046377968 4.6666665
-1.1269705 0.95858699 0.057311423 16.714285
-1.0725294 0.96672755 0.039492965 15.2
-0.96841598 0.98470616 0.052025404 19
-0.87404519 0.98963881 0.057635605 19
-0.8258183 1.0126843 0.048069168 22.363636
-0.75072712 1.0128158 0.057952922 16.4
-0.66166985 1.0292788 0.04718541 20.285715
-0.54032189 1.0397713 0.053379994 19
-0.47619081 1.0528042 0.048420183 20.5
-0.35919258 1.0683979 0.05306438 20.666666
-0.25486732 1.0880144 0.045976691 19.923077
-0.16483662 1.0873494 0.072801657 17.5
-4.5357013 1.1056432 0.0065897619 108
-0.22331439 1.1032124 0.050454799 23
-0.16248193 1.1065817 0.049139123 22.444445
0.68134159 1.1893466 0.054939572 26.571428
0.70806414 1.1932569 0.011324409 23
0.68811911 1.2054777 0.032771904 28
0.7569018 1.2620053 0.058180485 14.933333
0.86855644 1.2813731 0.052179787 13
0.92824686 1.2806284 0.049094468 12.3
1.0663075 1.2914864 0.050707757 12.5
1.1243725 1.2890239 0.046923313 12
1.0732899 1.3027107 0.043492869 13
1.1564857 1.3065665 0.050002392 13.125
1.2256426 1.312053 0.087946817 14
1.3796992 1.3308935 0.041671753 13
1.4460502 1.3401095 0.046204805 33.125
1.5407996 1.3615614 0.044575859 37.666668
1.629318 1.3704171 0.072576262 46.5
1.7886591 1.3727504 0.070656344 39.5
1.8233458 1.3762444 0.02446083 42
1.9472895 1.3936419 0.053888995 43
2.493084 1.3976984 0.095287897 49
2.5276964 1.3968228 0.068401046 30
1.9811944 1.4179701 0.012372839 10
2.0385597 1.4323195 0.034066599 3
2.3602397 1.4316608 0.066714607 28.666666
2.5740879 1.4026421 0.040323183 18
2.6268048 1.4122994 0.010744995 13
3.3060269 1.5310861 0.010222766 35
3.4320459 1.5471184 0.035639029 36
3.5708585 1.5648516 0.062250361 37
3.7232313 1.5862674 0.09075629 35
3.8803918 1.6218475 0.011665213 28
4.0544243 1.6375489 0.038779743 30.5
4.2792864 1.6740909 0.077106014 31.5
35.0858 5.5977502 0.048925593 10
-8.316762 -8.9906301 0.15698656 36
-3.9673305 -3.0720401 0.13976952 53
-3.9747753 -2.9095092 0.10380255 53
-3.97609 -2.8987591 0.1679692 53
-3.9424896 -2.745029 0.11132416 53
-4.5907178 -2.6747382 0.17834687 40
-4.373908 -2.6439061 0.13847862 42
-3.9451571 -2.641103 0.15097237 54
-4.0392113 -2.560617 0.16028018 61
-2.1556168 -2.3158312 0.13298032 19
-2.0639746 -2.2895114 0.16852184 19.5
-1.937348 -2.2689717 0.12919413 73
-1.7422092 -2.2449875 0.13125321 83
-1.4349442 -2.2232854 0.15624593 91.333336
-1.3409619 -2.2165136 0.14453374 90.5
-1.2618879 -2.2095199 0.10199776 110
-1.2557468 -2.1817005 0.15519296 92
-1.1817802 -2.1692665 0.11989079 83
-1.0557401 -2.1683879 0.14193703 92
-0.92463523 -2.1580606 0.16961899 105
-0.84647828 -2.1340213 0.13751611 101.6
-0.75418538 -2.1297791 0.15882111 101.6
-0.66570103 -2.1278481 0.18052389 98
-0.60303676 -2.0964622 0.16079591 113
-0.51619947 -2.0832145 0.14889976 104.75
-0.42967838 -2.0746527 0.1458516 110.75
-0.33748022 -2.0591147 0.1498054 118.16666
-0.29587093 -2.0522985 0.13446242 119.5
0.13016328 -2.0217986 0.14062294 63.5
0.25011781 -2.0064919 0.13510726 83.5
0.3258442 -2.0025322 0.11056792 99
1.6595993 -2.0118284 0.15516031 56
1.8863311 -2.0341911 0.14893758 64.5
1.95073 -2.0302179 0.15714376 49.666668
0.28332746 -1.9974967 0.17213596 56
0.35212517 -1.9932109 0.16463755 98.25
0.47202283 -1.971058 0.13927639 96.428574
0.54723239 -1.9747148 0.14849184 114
0.65253675 -1.9507948 0.16141531 100.8
0.74258184 -1.945521 0.1475583 100.66666
0.83460981 -1.9352326 0.14750977 114.33334
0.93728477 -1.9196393 0.1610872 99.800003
1.0485805 -1.9104805 0.15369721 92
1.1582782 -1.9535276 0.12990437 70.5
1.2523931 -1.9667511 0.16823001 59.666668
1.3438933 -1.9730108 0.14622873 67.25
1.4501821 -1.9935122 0.15823406 56
1.6758755 -1.9956093 0.13668931 65
1.7428851 -1.9928962 0.1861524 66
1.9689051 -1.8791077 0.15268806 26.5
2.1678498 -1.8275558 0.15316088 43.333332
2.2551024 -1.8271382 0.15133142 42.5
2.322901 -1.8223995 0.11668817 57
2.4697526 -1.8074315 0.15182826 48.599998
2.5554292 -1.7759918 0.12556599 22.333334
2.6513677 -1.7401043 0.16819851 33
2.7208784 -1.7320325 0.19526856 49
3.0315289 -1.6385957 0.10098144 60
3.1443062 -1.6218524 0.13935982 77
3.264894 -1.6042948 0.17831102 71
5.6863256 -1.2950233 0.10659292 34
5.8146591 -1.2665589 0.11306623 31
5.9163938 -1.2613531 0.12381928 32
6.0922918 -1.2328556 0.12943158 29
6.1839213 -1.2293762 0.14108688 31
6.394001 -1.1962656 0.14679171 25
6.4684887 -1.1937186 0.15806198 26
6.7636833 -1.1553066 0.16996878 27
7.1527014 -1.1148742 0.18792656 27
-5.4028826 -0.98373014 0.11091757 61
-5.3536658 -0.87103307 0.13177937 90
-5.3744202 -0.77163291 0.15132073 89
-5.4074268 -0.67393559 0.17064649 84
-5.46735 -0.57658893 0.19122761 25
0.57914251 -0.04150454 0.1147717 0
0.60725015 -0.010088186 0.11291324 0.029761905
-2.6281326 0.7792393 0.11056806 44
-3.8987913 0.87271184 0.19485044 25
-1.8433912 0.8587358 0.18207484 61.5
-1.7530359 0.86855304 0.16074893 61
-1.6516789 0.88431376 0.13473095 50.666668
-3.9698434 0.96886086 0.19388753 9
-1.542428 0.90960979 0.15418202 14
-1.448338 0.92462695 0.17538899 13
-1.3430432 0.93985343 0.13913994 12.666667
-1.2640572 0.94973409 0.11171827 10
-1.1326274 0.95774651 0.1577951 16.09091
-1.0603945 0.96609831 0.1639135 18
-0.97948265 0.98102009 0.14248963 18
-0.86863995 0.9938882 0.14150816 15
-0.79038393 0.9997142 0.19411592 19
-0.64082485 0.99927324 0.10809109 16
-0.91707247 1.0010731 0.16523254 9
-0.83155859 1.0110686 0.14382942 21.5
-0.74133223 1.006292 0.16548009 21.666666
-0.66716343 1.0268456 0.15863058 21.461538
-0.53011388 1.0450513 0.15132363 18.933332
-0.43713659 1.0535151 0.15178642 18.571428
-0.36280885 1.0632921 0.15194058 19.9375
-0.25752896 1.0839432 0.14397748 19.466667
-0.1858642 1.0976713 0.14942175 20.5
-0.22926509 1.1027114 0.13024297 23
-0.16518678 1.1045309 0.146956 23
0.64115077 1.1791582 0.14834258 23.875
0.7041623 1.1926373 0.19640033 18
0.68402928 1.2037745 0.17826182 24
0.73338825 1.2423092 0.13761202 16.166666
0.85526311 1.2778357 0.15156688 12.25
0.96792823 1.2945694 0.14028154 13.2
1.0602916 1.2904512 0.15860912 12.6
1.1097212 1.2977453 0.11256514 12
1.1796927 1.3130612 0.12742992 14
1.2539378 1.3219187 0.14808556 14
1.3545504 1.3267478 0.16005166 25.375
1.4258367 1.3374804 0.11704975 31
1.5625311 1.3688166 0.1240871 52
1.6547767 1.377442 0.15202796 44.666668
1.742162 1.3762547 0.14915475 41.599998
1.8437951 1.3856586 0.15762992 40.400002
2.2640893 1.4230381 0.16276264 33
2.4612916 1.4264711 0.15007888 67.333336
2.7992311 1.424204 0.19615152 19
2.8585906 1.4264128 0.14883825 10.5
2.9320164 1.4340659 0.10030285 4
3.0632651 1.4495522 0.18849616 5
3.1227751 1.4577485 0.16100712 3
3.8797748 1.6035856 0.12059112 32
4.069881 1.6321179 0.15340693 30
4.2898874 1.6659479 0.18995731 32
4.5097575 1.6993738 0.10231685 27
4.5308723 1.7193011 0.1350835 28
4.7778201 1.7353003 0.14431204 24
4.802578 1.7587072 0.18478258 25
5.0806384 1.7762167 0.19206564 17
34.934895 5.0497484 0.17049827 48
-8.423851 -8.4312916 0.21578598 27
-3.9754221 -3.0726101 0.24648663 53.5
-3.983602 -2.8853257 0.26269934 54.5
-5.0678153 -2.7341604 0.26670241 37
-4.8089905 -2.6964962 0.22075003 40
-4.4120054 -2.6324224 0.29370302 46
-4.1973519 -2.6034544 0.24096806 49
-4.1028166 -2.545779 0.25151229 54
-4.0144091 -2.5577261 0.25330669 45.5
-1.9523479 -2.2715783 0.23667106 85.5
-1.7456363 -2.2442307 0.23335364 87
-1.6041466 -2.2530177 0.28142813 69
-1.5422101 -2.2445452 0.24913549 66
-1.4624479 -2.2258372 0.24518529 87.5
-1.3923541 -2.2040653 0.24973586 79
-1.3392615 -2.1986189 0.21754526 87
-1.2528086 -2.1763477 0.24010789 84.5
-1.0691938 -2.1752014 0.24723773 95
-0.96609211 -2.1488118 0.23998787 96
-0.86165208 -2.1354156 0.2407375 98.333336
-0.77346897 -2.1458576 0.25843239 101
-0.65602714 -2.1118765 0.25858811 101.66666
-0.61399364 -2.0919545 0.23518459 106.5
-0.58402699 -2.0898874 0.21087177 99
-0.41968107 -2.0831306 0.26936352 112.5
-0.32710204 -2.0610313 0.25801614 115.85714
0.076845407 -2.0300431 0.24140623 61.599998
0.18994817 -2.0133815 0.28010207 100
0.21093549 -2.0153763 0.23585156 96
1.5820881 -2.0021806 0.2789934 51
1.618854 -2.0052154 0.21668912 49
1.8528032 -2.0207458 0.258111 58
0.36576885 -1.9861873 0.24514218 74.400002
0.43727657 -1.9762369 0.24729973 96.111115
0.57691884 -1.9664011 0.22523594 107
0.64545333 -1.9520729 0.25620347 98.599998
0.71164083 -1.9514722 0.25294116 97.666664
0.87946147 -1.9191737 0.25694969 95.666664
0.93491155 -1.9156274 0.25502244 92.5
1.0279357 -1.9106532 0.25566623 105.5
1.2510172 -1.9659207 0.23828322 61.25
1.3619015 -1.9769638 0.27078661 69.5
1.4486369 -1.9882069 0.2371425 64.666664
1.5338781 -1.9888527 0.29812446 64
1.7935237 -1.997619 0.22136289 67
2.0702813 -1.8510239 0.27868611 56
2.1419601 -1.8394438 0.25914744 58.5
2.2177329 -1.8334622 0.24050346 62.5
2.3706005 -1.8179735 0.25492769 53.400002
2.4266849 -1.8086925 0.22102295 51
2.7892468 -1.7198766 0.22238795 57
2.8639035 -1.709154 0.25014842 72
2.8701859 -1.6496522 0.26976532 98
2.948432 -1.638165 0.29679665 77
3.3504691 -1.5923773 0.2037168 75
3.4445531 -1.5816653 0.2317988 81
3.5386584 -1.5689528 0.25847203 68
3.6398799 -1.5554101 0.28643736 71
7.6889043 -1.0812573 0.20265298 14
7.7120647 -1.0889794 0.21835783 12
8.1661072 -1.0273366 0.22856046 12.5
8.7050667 -0.97555935 0.25764787 21
8.8321772 -0.96555239 0.23995887 28
8.9519138 -0.86924875 0.26768026 46
9.0442457 -0.84363419 0.24549615 23
9.5514517 -0.78746951 0.28768647 19
9.7211294 -0.75607079 0.26115257 21
10.932725 -0.67815328 0.28804815 61
-5.3727856 -0.25815296 0.23130022 1
-5.3025088 -0.15392792 0.23898102 105
12.665063 -0.17321903 0.29049563 46
-5.1884427 -0.050753102 0.24364579 96
-5.1454716 0.049139023 0.25035289 55
12.531949 0.030247657 0.26536161 27
-5.1452703 0.14706327 0.25812009 95
-5.2101245 0.25055638 0.26764446 104
13.075895 0.24135537 0.25170338 2
-5.2165265 0.3516472 0.27268237 35
-5.4603558 0.47544146 0.28989774 18
-4.9861383 0.52999914 0.26666155 21
-4.5823302 0.57526201 0.24489267 29
-4.4820518 0.65081447 0.23901215 101
-4.4556246 0.73514229 0.23605563 150
-4.0231385 0.73974288 0.2098541 70
-2.3199959 0.79197007 0.2853002 63
-3.9450712 0.80384499 0.20184292 53
-2.2348537 0.80554926 0.26759765 51
-2.15591 0.81744784 0.25155273 56
-2.0732999 0.82515538 0.2341028 59
-1.9667286 0.83962667 0.21057642 67.5
-1.8019615 0.87968642 0.2818518 54
-1.7386681 0.88750738 0.26459289 58
-1.6803679 0.89542472 0.2470849 61
-1.6251138 0.90339929 0.23042625 64
-1.56552 0.90629441 0.21317716 55
-1.3395824 0.92742419 0.26896575 13.333333
-1.2410605 0.93666971 0.22893888 17.5
-1.141957 0.95737064 0.25224954 15.4375
-1.0325104 0.97544068 0.2551426 15.2
-0.98533982 0.97432852 0.25559998 19
-0.83741349 0.98667997 0.22151406 16.333334
-0.84346294 1.007503 0.25008479 21.555555
-0.73553777 1.0232033 0.26129541 19.5
-0.66299665 1.0244932 0.25331032 22.416666
-0.53921056 1.0437478 0.2514073 22
-0.44611624 1.0555495 0.2557655 19.75
-0.37650281 1.0632086 0.23813786 21.363636
-0.25950769 1.0925992 0.2587491 23
-0.18376151 1.0977597 0.26557875 26
-0.2353082 1.1002102 0.21102682 23
-0.16377608 1.1080658 0.24016425 24.799999
0.58254176 1.1731707 0.26444021 23.799999
0.64698756 1.1866637 0.24333973 23
-4.5553675 1.2166233 0.21581142 93
0.78787804 1.2762996 0.28582245 11
0.83368731 1.2694765 0.23867385 11.888889
0.95033997 1.2906035 0.26266924 13.571428
1.0320308 1.2905476 0.23943697 12.444445
1.1071136 1.2987906 0.2323164 14
-4.5722008 1.3170004 0.20730619 95
1.0635548 1.3042071 0.2362648 14
1.1324317 1.3080363 0.27772847 14
1.2845379 1.3182666 0.25512385 12.25
1.3425277 1.3333548 0.24157077 12.666667
1.4267738 1.3459044 0.25841027 16
1.6697645 1.3615131 0.24595341 39.5
1.7450157 1.3801392 0.24066241 33.833332
1.8612205 1.3996446 0.22875799 38
1.7947863 1.4039444 0.26147249 3
1.9116147 1.4071258 0.26089239 14
2.1643634 1.4110484 0.26842389 34.5
2.2035301 1.4149162 0.22322077 35
2.3502343 1.437754 0.25707868 34.333332
2.4412937 1.446746 0.21427147 27.666666
2.5362945 1.4379361 0.258903 37
2.6545262 1.4334009 0.28839052 39.5
2.744128 1.4383808 0.24624638 17
2.8567815 1.4564937 0.29450357 26.5
2.943228 1.4396722 0.25672111 17.5
3.0132987 1.4450575 0.2170883 11
3.1492419 1.4593368 0.27414212 8
3.2061307 1.4683559 0.24543045 5
4.5205078 1.6985314 0.22843915 30
4.7738433 1.7315813 0.27076676 31
5.1079531 1.8028224 0.23919235 23
5.438118 1.8348341 0.27183399 19.5
34.990242 4.5289607 0.28636628 21
-8.3313017 -8.9978294 0.36252233 33
-3.9729486 -3.0616307 0.35314727 51
-5.6430693 -2.8065162 0.36945149 33
-3.9900093 -2.8699498 0.35753137 56
-5.3454723 -2.7708554 0.31682387 35
-4.648345 -2.6649804 0.35015762 43
-4.1274376 -2.5484171 0.33763748 50
-4.02108 -2.5522823 0.34107441 49
-1.9783716 -2.2772131 0.33818203 79
-1.7585599 -2.2568543 0.35076714 80.5
-1.6481318 -2.2478795 0.35446495 73.5
-1.5351465 -2.2209778 0.33800983 73.5
-1.4793938 -2.233942 0.33791989 92.5
-1.3079965 -2.21838 0.3996374 103
-1.2510626 -2.2088246 0.36645213 110
-1.1977786 -2.2019625 0.33390886 125
-1.2624197 -2.1888947 0.34014693 97.5
-1.1434307 -2.1871595 0.30226117 85
-1.0711722 -2.1654332 0.34284496 94.75
-0.96011484 -2.1599905 0.34782872 102
-0.85114092 -2.1455445 0.34492904 102.5
-0.74966788 -2.1145213 0.33233809 97.333336
-0.60892481 -2.1023226 0.3494978 109.5
-0.42230424 -2.0842726 0.36349291 105.5
-0.33733419 -2.0642786 0.36081615 117.33334
0.021334793 -2.0326011 0.35162416 58.200001
0.156937 -2.0144062 0.34702915 91
1.5257949 -2.0018842 0.3829819 51
1.7617172 -2.0271547 0.34243438 56
1.9545828 -2.0394118 0.35079506 58.666668
2.0055788 -2.0078261 0.36420199 0
0.37043113 -1.9822346 0.35044265 96
0.459571 -1.9729797 0.3310059 70
0.55957597 -1.9601376 0.3501575 100.14286
0.65693486 -1.9534233 0.33788913 93.599998
0.74772596 -1.9408082 0.34377491 104.5
0.83131433 -1.925703 0.36317343 99.5
0.95486969 -1.9148605 0.34449559 76.5
1.0042733 -1.9012852 0.34577948 102
1.1599947 -1.9594619 0.35201246 64.199997
1.3505996 -1.9797212 0.33520934 57.25
1.4423864 -1.9745812 0.36965293 66.5
1.5632851 -1.9946638 0.33671016 57
1.6310749 -1.9967299 0.36857858 61
1.0375813 -1.8937063 0.37783223 104
2.0407603 -1.8477103 0.36708283 57
2.1346414 -1.8390622 0.34696513 56
2.2620325 -1.8277309 0.37757131 42
2.3157046 -1.8228868 0.33139166 53.666668
2.62958 -1.7560631 0.34807545 13.5
2.7172453 -1.7336023 0.39472845 44
3.0234926 -1.6214607 0.32461292 74
3.1116948 -1.6096579 0.35297874 77
3.2049086 -1.5971986 0.38201627 68
3.7433043 -1.5389224 0.31508037 72
3.8608205 -1.5257668 0.34488058 64
3.9707115 -1.5054358 0.37412906 74
10.711834 -0.72408634 0.32248768 15
10.985471 -0.5782935 0.3257781 37
12.62004 -0.10103603 0.3447043 139
12.591346 0.086360581 0.32656699 63
-2.6501369 0.75541627 0.34888008 50
-2.5199592 0.76467174 0.32504249 53
-2.4256966 0.78280401 0.30624053 54
-2.184499 0.82954323 0.38488048 48
-2.0537195 0.84605426 0.35117495 48.5
-1.9327127 0.85875422 0.31917986 51
-1.8684911 0.87153339 0.30137286 49
-1.6402688 0.88713729 0.38569349 66
-1.5402944 0.90312839 0.34760004 15
-1.44014 0.91011697 0.30959612 14.5
-1.3495098 0.93802345 0.37669444 14
-1.233333 0.9548254 0.35135832 14.666667
-1.1597571 0.95655942 0.34541127 16.09091
-1.0380256 0.96496141 0.35011408 15.2
-0.99761516 0.97100729 0.31195045 18
-0.85507727 0.99688154 0.36142513 18.833334
-0.7491883 0.98908293 0.32847068 21.5
-0.85972023 1.0049504 0.32483307 19.200001
-0.72352666 1.0174752 0.35573238 20.888889
-0.65486503 1.0272218 0.35554293 22.272728
-0.54987115 1.0453271 0.34503812 22.857143
-0.43021256 1.069036 0.34110051 23.5
-0.37874329 1.0531765 0.34803462 22
-0.26312822 1.0901276 0.34835568 23
-0.18043187 1.097491 0.3698386 22.799999
-0.17211203 1.1017361 0.31975245 24.333334
0.55134714 1.1712005 0.34941885 22.799999
0.62339431 1.1789511 0.34515843 20.5
0.76659757 1.2628727 0.35373625 11.5
0.97845703 1.2817801 0.34146351 12.222222
1.0241498 1.2960657 0.33565712 14
23.852804 1.2311021 0.34696466 5
1.0687168 1.3036964 0.38437131 14
1.1784641 1.3135077 0.32554266 14.333333
1.2537171 1.3214108 0.35923231 12.75
1.461948 1.3575057 0.3251037 32.75
1.5623158 1.362439 0.37520468 46.166668
1.6511616 1.3606237 0.34364513 39.833332
2.0568795 1.3970153 0.39662606 38
2.0810728 1.4020085 0.36923057 37
2.1414194 1.409984 0.34528947 34.666668
2.2542489 1.426857 0.33378854 33.666668
2.5655966 1.4024093 0.38464642 42.5
2.6286597 1.407483 0.32853484 40.5
2.7447679 1.4328994 0.3600668 44.25
2.8197818 1.4513375 0.33924168 42.5
2.9457722 1.477266 0.37219259 35
3.0507772 1.4490913 0.33015916 17
3.0660574 1.5119464 0.38125399 47
5.0506105 1.7660842 0.31622362 26
5.3836317 1.8112676 0.36850467 25
5.8357902 1.8770041 0.30405784 21
5.8596263 1.9074302 0.37031361 22
6.3087125 1.9378699 0.37288725 23
-8.4719963 -8.4416132 0.40113568 3
5.8592014 -7.3921404 0.4945496 41
-3.9708958 -3.0519946 0.42462385 14
-6.2573318 -2.8498549 0.48370543 30
-5.9969511 -2.8562701 0.42896771 34
-4.0131578 -2.8720152 0.42167708 9
-5.1863122 -2.7339303 0.47638375 38
-4.8946214 -2.691474 0.41048872 42
-4.173851 -2.5565825 0.45540434 52.5
-4.0471697 -2.5579519 0.43210161 61
-2.0145569 -2.29002 0.47983748 46
-1.9705881 -2.2863765 0.43528628 57.5
-1.8721124 -2.285737 0.41806051 58
-1.7622585 -2.2485394 0.45209399 81
-1.6898452 -2.2387531 0.43189645 71
-1.5148051 -2.2557743 0.46761596 111
-1.4623985 -2.2423918 0.44292974 97
-1.3638417 -2.2260892 0.43382993 111
-1.2819875 -2.2122426 0.46992329 116
-1.1327651 -2.2073479 0.46876854 107.5
-1.0691032 -2.207207 0.48743531 117
-0.83088583 -2.2012303 0.49240741 102
-1.2520602 -2.188066 0.44512111 105
-1.1542987 -2.1671572 0.41849536 101
-1.0614544 -2.1804004 0.42431724 100
-0.95632344 -2.155895 0.45800257 97.333336
-0.87032408 -2.1439242 0.43200642 104.75
-0.61287123 -2.107986 0.44601828 104.5
-0.42749006 -2.1104336 0.48800448 101
-0.42426223 -2.077378 0.43409389 102
-0.34299958 -2.0718279 0.45651862 106.83334
-0.032984365 -2.0330441 0.45623839 60.25
0.099377416 -2.0212548 0.46222901 85
0.12109902 -2.0252874 0.41615888 86
1.6835482 -2.011054 0.43418872 59
1.7494032 -2.0163431 0.45293108 39
1.8889761 -2.0478296 0.46343327 60
1.9107816 -2.0442059 0.42169267 57
0.29641485 -1.9819627 0.49943283 89
0.32788426 -1.982005 0.43957752 90.5
0.55865514 -1.959035 0.43889046 86.428574
0.64251447 -1.9513863 0.44728979 97.666664
0.78613424 -1.92804 0.43562555 99.333336
0.85230297 -1.9225154 0.44721329 95
0.91600871 -1.9167114 0.45529172 94.333336
1.1479554 -1.9542425 0.454074 65
1.2690198 -1.9687859 0.45235151 64.75
1.4884984 -1.9888291 0.44331497 54
1.5324831 -1.979576 0.44316792 67
1.7301587 -1.9977423 0.44190353 57
1.0729409 -1.8882128 0.41055325 110
1.9672029 -1.8590692 0.43271267 34.25
2.0552182 -1.8413668 0.4487226 36.333332
2.1783631 -1.8355653 0.46887672 60.5
2.2266898 -1.8315543 0.45120877 60
2.2898808 -1.7980176 0.41679716 19
2.3535929 -1.7926062 0.44954509 40
2.4141865 -1.78098 0.48308709 58
2.7838836 -1.7215211 0.42685837 55
2.8506002 -1.7074475 0.46040806 89
2.8672304 -1.6539855 0.48222387 108
3.2989686 -1.5828005 0.41177344 68
3.4090707 -1.5725106 0.44347763 72
3.5167429 -1.5560333 0.47384873 61
4.0947175 -1.4874377 0.40453747 67
4.2356915 -1.4718424 0.43746993 63
4.3936305 -1.4576472 0.47151542 58
17.99275 0.4028354 0.44472605 4
-2.6361787 0.7791571 0.49464855 45
-2.5082083 0.79271477 0.46400389 53
-2.3885465 0.80643243 0.43534768 42
-2.2794678 0.81735253 0.40896356 48
-1.8512365 0.85929263 0.46216527 78
-1.7462072 0.8664763 0.42514318 62.5
-1.5510991 0.91640031 0.46544632 65.5
-1.4446957 0.9273802 0.4190976 13.5
-1.3294801 0.92645413 0.48345175 14
-1.2347978 0.94788462 0.45299932 13.727273
-1.1708962 0.95734078 0.43094882 16.166666
-1.0531527 0.96981096 0.44581398 14.25
-0.92185885 0.97868752 0.45723608 16.25
-0.86979729 0.98799729 0.44708291 16.333334
-0.73171461 0.99205804 0.44008487 11.5
-0.81149584 1.0144022 0.43681777 7
-0.72919858 1.0156715 0.45720541 18.111111
-0.67648441 1.0219625 0.42141831 21.333334
-0.55534154 1.0403879 0.44795308 21.125
-0.41688454 1.0653766 0.44678935 22.5
-0.38985816 1.051313 0.44303143 22.5
-0.2698977 1.0872093 0.44722298 23.25
-0.18414983 1.0958321 0.44399008 21.799999
0.4803299 1.1562098 0.46296644 21.6
0.54552066 1.1698897 0.44186169 20.9
0.6587801 1.1881536 0.45691454 19.75
0.72943485 1.2531797 0.44046441 11.6
0.89951712 1.2802062 0.48693335 12
0.93253928 1.2761784 0.44309741 12
1.0988491 1.3068205 0.42200229 14
1.1627021 1.309612 0.46600613 13.75
1.2293085 1.3191973 0.42652544 12
1.3423098 1.3406469 0.46585718 15.4
1.5684341 1.35558 0.45254686 38.42857
1.6372612 1.3741655 0.43854576 25.75
1.7203009 1.3832313 0.49813995 1
2.0226221 1.3980736 0.4538084 37.666668
2.4764802 1.3913277 0.46509433 60.5
2.5168674 1.3957837 0.42541721 54
2.0917666 1.4102528 0.482921 39
2.1464736 1.4299387 0.44409609 24.4
2.5845602 1.4093759 0.49409482 47
2.6461985 1.412196 0.44595501 46.333332
2.8469238 1.427803 0.46290037 34.333332
2.9242518 1.4364486 0.41100183 27
3.0264173 1.5038837 0.43316683 45
3.1726496 1.525104 0.45274478 46
3.3329737 1.5473036 0.48113191 48
5.7678995 1.8642484 0.42839649 20
6.1883254 1.9163834 0.49401587 23
6.3295717 1.9713132 0.45039341 23
6.9126997 2.0236897 0.45428118 23
-3.9336281 -3.396054 0.56374848 13
-6.3611503 -2.7605133 0.5251627 25
-5.4872503 -2.7682202 0.5462327 34
-6.3921747 -2.6389375 0.56146765 27
-6.4353228 -2.5207226 0.59609729 28
-4.2026148 -2.5560153 0.54465926 47
-4.076221 -2.5576057 0.55348527 67
-2.1007056 -2.3106987 0.53372824 0
-2.03755 -2.2890797 0.5470556 80.5
-1.8608046 -2.2589636 0.53448975 13.5
-1.7775806 -2.2482405 0.54927558 87.5
-1.4883448 -2.2547591 0.50762689 67
-1.3514826 -2.2139223 0.55379999 9
-1.2606949 -2.2168202 0.52371812 57.75
-1.1228564 -2.2134209 0.51923048 65.5
-1.0263345 -2.1639438 0.53474993 87
-0.90921575 -2.1872797 0.54091263 67
-0.62145591 -2.1525185 0.52805918 101
-0.42937529 -2.1285081 0.54103464 91
-0.34824827 -2.1095209 0.53636122 112.66666
-0.084649302 -2.0412354 0.55259031 56.75
0.064121932 -2.0260711 0.53307915 87.5
0.27068713 -2.0030129 0.56659663 94
1.6368737 -2.0148849 0.54333693 54.333332
1.8394126 -2.0306699 0.53903383 47.5
0.27229363 -1.9879494 0.55243343 86
0.4816348 -1.9577843 0.57236433 92
0.54080087 -1.9608055 0.53104776 88.666664
0.66058528 -1.9440602 0.52936858 89.5
0.75504535 -1.9320147 0.55226219 96.375
0.87421495 -1.9197019 0.53009796 92
0.95214462 -1.9076685 0.54290873 100.5
1.0561452 -1.9271041 0.54081124 89.333336
1.2272868 -1.9640259 0.54732627 64.199997
1.3499198 -1.9754291 0.53953516 70.5
1.4333163 -1.9850477 0.55993551 61.75
1.6309443 -1.989902 0.52148223 75
1.7029976 -1.9877002 0.57869256 62
1.9465995 -1.9144293 0.52619594 3
1.0424213 -1.8941932 0.58677644 104.5
1.9843763 -1.8472735 0.58027929 59
2.0420425 -1.8434544 0.54762048 57.666668
2.1502361 -1.8384025 0.54484087 60.75
2.4749138 -1.7673599 0.51664752 60
2.5418627 -1.7561702 0.55083936 61
2.6211431 -1.7518628 0.58910418 63
2.9382157 -1.6390295 0.51570344 79
3.0162129 -1.6272687 0.550466 80
3.1006343 -1.6146885 0.58724231 89
3.6307824 -1.5400068 0.50628406 64
3.7472684 -1.5191299 0.53803962 61
3.875699 -1.5000819 0.57179916 67
4.5404696 -1.4341985 0.50578362 57
4.7106247 -1.4132991 0.54175675 53
4.8865523 -1.3885411 0.57905501 47
-4.9296827 -1.2104433 0.58600831 11
-4.0253181 0.62471849 0.5829435 55
-3.9874177 0.69581056 0.57491517 70
-3.9228644 0.76151639 0.56214368 68
-3.8625727 0.82544827 0.54853332 64
-2.2355628 0.80055135 0.59598768 56
-2.1362481 0.83408165 0.56089866 79
-2.0678344 0.87634712 0.53469712 51
-1.9873186 0.88488865 0.50681025 66
21.882896 0.82831311 0.50641048 4
-3.8862972 0.90775996 0.5483278 89
-1.7615299 0.93690377 0.55098844 9
-1.6909111 0.9408927 0.52147275 63
-1.4460435 0.95769066 0.54057038 41
-1.3107653 0.95236284 0.57534093 34
-1.253248 0.95657736 0.53824538 17.09091
-1.1310138 0.97659189 0.54778343 11.833333
-1.0734282 0.97288328 0.52509165 15.25
-0.93375593 0.98868376 0.55224568 23.333334
-0.89306235 0.98529887 0.5359906 9.5
-0.97450405 1.0112793 0.54921597 6
-0.80250657 1.0255588 0.53279459 1
-0.74608296 1.0163106 0.5364421 17.857143
-0.56765145 1.0358229 0.53892726 20.6
-0.4165853 1.0497864 0.55824733 21.333334
-0.39837253 1.0479865 0.51353908 22
-0.27693051 1.0817019 0.54991847 22.833334
-0.19751438 1.0872306 0.55045396 22
0.4472312 1.1509115 0.55080211 19.799999
0.5293439 1.1639334 0.53558207 19.200001
0.64598334 1.1837575 0.56489468 18.166666
0.69158292 1.2170243 0.55249238 16
0.71079141 1.2466102 0.52054644 12
0.87579393 1.2711246 0.5596686 12
0.91061485 1.267349 0.51574653 12
23.761089 1.261163 0.50396115 16
1.161581 1.3096938 0.54659402 12
1.2388542 1.3286853 0.554766 15.2
1.3863972 1.3443938 0.51584572 31
1.4558367 1.347122 0.55809724 39.799999
1.5227289 1.3474159 0.54119849 37.166668
1.9587913 1.3901737 0.55064893 36
2.49068 1.3971851 0.56407607 59
2.0341718 1.4039239 0.54440266 36.5
2.2485483 1.4596245 0.51231885 32
2.3558981 1.4855089 0.54446751 23
2.4464691 1.4371376 0.56886262 74.285713
2.5358229 1.402836 0.52935505 54.5
2.6862061 1.41269 0.58922625 42
2.7475243 1.4189095 0.5390709 41.666668
3.2814052 1.5375822 0.52013105 43
3.4619143 1.5641985 0.55397964 40.5
6.7091355 1.9861634 0.57277822 22
6.9376655 2.0638382 0.54655463 21
7.5387535 2.0935187 0.54448241 13
-9.3628263 -10.138639 0.62981075 20
-9.6059771 -9.5684118 0.65278715 9
5.8959012 -7.5936108 0.65795064 14
-5.8324299 -2.8116646 0.62407571 27
-4.2523975 -2.567389 0.63700414 41
-4.1032724 -2.557734 0.64693052 51
-6.5635071 -2.4351187 0.63920844 29
-6.6830163 -2.3429568 0.68040389 28
-2.0729275 -2.2966857 0.65571237 71
-1.8010287 -2.2544174 0.68774778 94
-1.7660064 -2.2616932 0.64711374 81.5
-1.6793102 -2.274493 0.62348372 86
-0.91568321 -2.187923 0.6442427 39
-0.14348753 -2.0758522 0.6532262 50.333332
0.015090978 -2.0337276 0.63122642 89
0.2371852 -2.0059571 0.63768417 81
1.5828469 -2.0097995 0.64425415 53.5
1.7731657 -2.0191712 0.64429331 51.5
1.816304 -2.0020969 0.66524398 38
1.9677006 -2.0409918 0.67412519 4
0.21640426 -1.9783601 0.66244024 90.5
0.43847209 -1.9645936 0.66703588 96
0.51595974 -1.9687678 0.63526809 91
0.74604887 -1.929685 0.64383727 91.166664
0.83440417 -1.9256258 0.64854544 97.428574
0.93513685 -1.9070883 0.64167666 101
1.054404 -1.9039392 0.62961555 107.5
1.1637309 -1.9601817 0.65743619 66.333336
1.2916993 -1.9596013 0.60992515 74
1.3740516 -1.9740149 0.66173637 68.75
1.4645653 -1.9812396 0.63805747 63
1.5149401 -1.9866725 0.6806522 62
1.7586212 -1.9938592 0.62163472 61
1.0192624 -1.8976094 0.66423088 105.33334
1.9510455 -1.8573087 0.65719563 46
2.0479593 -1.8361231 0.66632694 30.333334
2.1157691 -1.8405083 0.63964087 50
2.3185077 -1.8002312 0.61785895 4
2.0107362 -1.7905285 0.64827263 35
2.3677986 -1.7799094 0.65247589 27
2.42888 -1.7689732 0.69039953 49
2.6858072 -1.7325052 0.6233952 60
2.7667677 -1.7243056 0.66168433 57
2.8433206 -1.7077874 0.69938439 98
3.1907074 -1.6032671 0.62533182 78
3.2818563 -1.5916227 0.6641739 79
4.0079317 -1.4772906 0.60627109 61
4.1619973 -1.4570084 0.64407188 54
4.3371964 -1.4391948 0.68591493 55
5.0865622 -1.3643534 0.61875802 44
5.3036566 -1.338578 0.6624099 46
-4.6096015 0.54101634 0.67671818 33
-4.4196997 0.60319448 0.64643741 150
-2.4629197 0.78016436 0.67164314 73
-2.3431189 0.79051572 0.63215858 57
-2.0714386 0.90035552 0.67887849 24
-1.3101467 0.9416973 0.6612547 22.333334
-1.2872972 0.94778591 0.62313986 2
-0.43082571 1.0450578 0.65700185 21.285715
-0.302549 1.0648186 0.65648782 20.5
-0.24373741 1.0738584 0.64216703 20.428572
-4.5807095 1.1750979 0.6474787 105
0.37767762 1.1382473 0.66000003 18.4
0.44422916 1.1574801 0.65014231 17.875
0.54723847 1.1687143 0.64168978 17.75
0.6335603 1.1782831 0.64305723 18
-4.5894785 1.2726595 0.64150816 101
0.83923799 1.2651386 0.65063554 12.166667
1.119894 1.2981021 0.66713226 12
1.08876 1.3028002 0.68009257 12
1.1226155 1.306909 0.62633842 11.333333
1.2914871 1.3456776 0.60753602 12
1.3382623 1.3391992 0.65639055 25.4
1.462413 1.3369596 0.64940214 30
1.8888888 1.3814647 0.67372757 39
1.9382771 1.3926386 0.64062685 36.833332
1.8631861 1.4191253 0.62165016 8
1.9177151 1.4230189 0.66040826 21
2.3816457 1.4357399 0.68613505 32
2.4480011 1.4379475 0.63965333 68.5
2.5579298 1.4252512 0.6687302 53
2.634841 1.4097825 0.63884085 42.333332
3.5927818 1.5796738 0.6224215 35
3.6727378 1.5986345 0.60246348 36
3.7713556 1.6045632 0.68167347 39
3.8583827 1.6206822 0.66967696 33
7.3302355 2.0695941 0.66467297 19
7.573966 2.142355 0.65294588 13
8.3618336 2.1952822 0.65811926 7
-3.9291387 -3.3630271 0.74307311 31
-6.2285013 -2.8641367 0.71078181 28
-4.3267479 -2.5826621 0.76475072 41.5
-4.1513948 -2.569406 0.74499178 53
-3.9740906 -2.5957515 0.76984257 68
-2.1184037 -2.3003707 0.79405767 76
-6.7329922 -2.2223802 0.71365738 29
-2.0944788 -2.2934303 0.73706031 76
-1.8353972 -2.2738092 0.73287439 50
-0.92410278 -2.1910272 0.75191772 58.5
-6.7482209 -2.0905952 0.74223435 32
-0.035948984 -2.0387769 0.73278958 91.5
0.1825594 -2.0039394 0.75842738 91
0.20421633 -2.0079405 0.71010989 85
1.5521866 -2.0056269 0.7049464 59
1.7329352 -2.0139842 0.72593337 26
1.8741161 -2.0073438 0.7102769 15
1.9275726 -2.0446463 0.75667256 40
-6.8407588 -1.9818175 0.77933151 33
0.16678396 -1.9857513 0.76335919 89.5
0.38396379 -1.9678506 0.78841466 91
0.45287386 -1.9709953 0.73271084 90.666664
0.67618966 -1.9384375 0.76395512 93
0.77764702 -1.9361327 0.76248407 91.5
0.86617386 -1.9170592 0.73753673 92.25
0.95910597 -1.9048767 0.75037807 98
1.0865686 -1.9159479 0.72129971 103
1.1429669 -1.9580886 0.75107849 67.400002
1.3575054 -1.9676092 0.71379513 40
1.4262102 -1.9673601 0.73232043 66
1.5641977 -1.9870189 0.72188157 34
1.6187105 -1.9947336 0.76724774 0
0.97162086 -1.8999529 0.75048697 99
1.0082687 -1.8981124 0.78895271 107
1.9359679 -1.889554 0.74248427 11
2.0378883 -1.8468269 0.74403459 54.666668
2.1487308 -1.8133878 0.76374686 40
2.4872606 -1.7539525 0.72838283 65
2.5568616 -1.7443004 0.7704041 71
2.8657656 -1.6503828 0.71955127 86
2.9506626 -1.6364461 0.75857139 75
3.0426877 -1.6201336 0.79964614 76
3.3840399 -1.5785893 0.70418757 81
3.4835305 -1.5614882 0.74567598 69
3.6013329 -1.549906 0.7910744 76
4.5141306 -1.4164782 0.72637808 48
-5.8653193 -1.3381282 0.72106284 22
4.6964054 -1.3848704 0.76673031 46
5.5293727 -1.3070077 0.70592815 42
5.7714534 -1.2728288 0.75128907 39
-5.0296721 0.49581492 0.74316716 22
-2.6957378 0.74206847 0.74775559 23
-2.5830066 0.76482409 0.71110159 61
-3.9572568 0.8483296 0.78265339 77
-2.3678892 0.80165082 0.79937476 44
-2.2630329 0.81813717 0.75776112 54
-2.1399658 0.84985638 0.70885861 70
-3.9660416 0.93946034 0.78152388 50
-1.3339357 0.96426517 0.7927537 7
-1.2858274 0.96999717 0.76031804 3
-0.44056112 1.0348736 0.75474447 18.799999
-0.30851564 1.0560912 0.73643476 19.333334
-0.24009122 1.0689658 0.74740499 18.5
0.28999552 1.1383113 0.79513633 18
0.34521893 1.1481533 0.75391978 17.875
0.44142002 1.1597751 0.74586576 17.75
0.5520128 1.1854615 0.75848663 15.8
0.61655736 1.1818166 0.7258327 17
0.76338917 1.2606652 0.77509773 8
1.1045762 1.2952507 0.70972377 9
1.3918492 1.3428942 0.70652086 1
1.4316136 1.346324 0.73687005 21.833334
1.8658528 1.3770343 0.72777963 29.75
1.903469 1.3898455 0.70759505 39
2.4908922 1.3943523 0.78516203 49
2.5238647 1.3977373 0.74809802 45.5
1.9781259 1.4316913 0.70192045 38
2.0354445 1.4371738 0.74007481 13
2.3529017 1.4359082 0.75158983 34.25
2.4222908 1.4493817 0.7335245 53
2.5730872 1.4287924 0.7072174 51
2.6574383 1.4635053 0.72792864 54.5
2.7283289 1.4697571 0.76047987 62
4.0756726 1.6818773 0.76794416 32
4.2029219 1.710821 0.77268207 34
8.0579309 2.1625283 0.77169847 15
8.3389215 2.2340722 0.78100449 7
-9.3607063 -10.117578 0.86393881 31
-9.4850616 -9.3904219 0.85007685 25
6.1184778 -8.0706997 0.85516596 5
6.3261132 -7.6643181 0.81341875 1
-6.6862593 -2.9254334 0.81001872 33
-6.8839188 -2.8567767 0.87814105 25
-4.1644559 -2.6162424 0.83418167 50
-4.3814254 -2.5913038 0.86266738 41
-4.1921763 -2.5734162 0.84371567 53
-2.1381061 -2.3035681 0.85146034 67
-1.8296289 -2.2591333 0.83276975 87
-1.751232 -2.2783608 0.88111317 35
-1.6875433 -2.279227 0.83776855 57
-0.88986307 -2.2368269 0.87347293 3
-0.93076319 -2.184175 0.85975194 62
-0.10229107 -2.0435901 0.86528426 95
-0.073818319 -2.0369527 0.8088913 89
0.1460689 -2.014637 0.83813369 89.5
1.8786972 -2.0430121 0.86063361 50.5
0.1156882 -1.9916443 0.86745036 87.5
0.35059467 -1.9611986 0.86113286 93.5
0.42622527 -1.9776411 0.85088062 91
0.63802969 -1.9416746 0.86095285 90
0.7413553 -1.9427811 0.85617459 85
0.94453287 -1.904107 0.82950777 89.333336
1.0923581 -1.9530303 0.88915056 68
1.1406215 -1.9587626 0.82981825 41
-6.9672847 -1.8802756 0.81834823 32
0.98161542 -1.8971988 0.84010649 97
1.0283213 -1.8927698 0.86171865 102.33334
1.9699918 -1.8560714 0.85300511 61
2.016573 -1.8494792 0.84300005 58.5
2.6209192 -1.7294656 0.80970764 43
2.7530518 -1.7279058 0.88390255 38.5
3.1472642 -1.6095661 0.84553307 73
3.2474201 -1.590668 0.88941664 75
3.7157815 -1.5312312 0.83584774 76
3.8345506 -1.5106817 0.88196778 82
-7.0811162 -1.4913516 0.89990467 70
4.9418163 -1.3678441 0.81998467 43
5.24226 -1.3556017 0.8812151 37
6.0600371 -1.2383235 0.80360043 35
6.1574984 -1.2124436 0.80469245 33
6.3569055 -1.1963859 0.85721457 25
6.514967 -1.170633 0.86492699 26
-6.0432777 0.36541682 0.89866954 23
-5.5125713 0.43887895 0.81734359 20
-4.4435186 0.76165038 0.88864678 40
-4.1121044 0.79230905 0.81751198 57
-2.5083568 0.79167402 0.85423625 53
-2.1339273 0.83400202 0.8744334 86
-1.3032421 0.94407797 0.85536182 24.5
-0.45619425 1.0345351 0.8230229 7
-0.31655273 1.0583348 0.84849602 7.3333335
-0.25188228 1.0741465 0.85236245 11.4
0.26972309 1.1282457 0.86228436 7.1999998
0.34423739 1.1548471 0.8492921 12
0.45178106 1.1617637 0.85269463 10
0.55687732 1.1775813 0.84559172 13
0.73109919 1.2581607 0.85292715 12
1.434535 1.3629013 0.8033964 3
1.5492516 1.3794301 0.85930562 6
2.4689717 1.3975688 0.82509953 57.5
2.3366985 1.4557037 0.8467738 15.142858
2.4525886 1.403582 0.86758959 62
2.7931271 1.4816413 0.80744958 49
2.8514717 1.490244 0.82672751 58
2.9142308 1.4985887 0.86703742 48
2.966893 1.5012299 0.8915447 52
4.3817258 1.7295399 0.85158181 49.5
10.345387 2.573585 0.88304806 48
6.8204455 -8.0088835 0.98693126 1
-6.9059186 -2.707516 0.92188698 32
-4.0201969 -2.7032087 0.97461671 3
-4.6213999 -2.6780109 0.9837572 42
-4.3906355 -2.6507528 0.90728843 46
-3.9719243 -2.6589851 0.95207572 5
-4.4361877 -2.5959468 0.96374452 36
-4.2446089 -2.5804038 0.9474051 40.5
-2.1748219 -2.3124549 0.94139993 68.5
-1.8453174 -2.2707403 0.94624883 60.333332
-0.90053469 -2.2160227 0.97900754 22
-0.89645606 -2.2288542 0.92711735 12
-0.94011211 -2.1827304 0.97186422 82
-0.1531188 -2.0711317 0.95859671 83
0.086595595 -2.0154083 0.97103113 92
0.11088315 -2.0185328 0.91729969 86
1.8435526 -2.0438795 0.94694614 44
0.075320907 -1.994591 0.94795728 81
0.29105681 -1.9724271 0.99673563 86
0.35032564 -1.976033 0.94759232 89
0.5890308 -1.9408338 0.98598927 94
0.65326279 -1.9379838 0.95360827 91.5
0.71571618 -1.9487475 0.92938399 85
0.92014587 -1.9028312 0.93017542 84
1.066168 -1.9351143 0.93937916 80.666664
1.1525187 -1.9469594 0.96451026 45.666668
1.0309136 -1.8907359 0.9614585 92
1.9635481 -1.8588674 0.94687968 54.599998
2.8466115 -1.6530969 0.94804192 99.5
3.3615212 -1.5757524 0.93738711 74
3.4814119 -1.5592362 0.98673892 69
3.9695804 -1.4925934 0.9313364 66
5.4882908 -1.3185649 0.93253922 5
-5.4539285 -1.2753755 0.9068166 1
5.6546531 -1.2519629 0.96714509 67
6.7097721 -1.1547656 0.91762471 27
6.891542 -1.1168388 0.92553562 26
7.0876498 -1.1057431 0.98256934 27
-4.9517717 0.52948034 0.99276423 22
-4.5304446 0.58040375 0.90591627 62
-4.516664 0.67608976 0.90411705 102
-2.6434116 0.77362448 0.90655702 45
-2.362582 0.7865805 0.98299497 68
-2.2380321 0.79543191 0.92364836 61
-1.3137143 0.94468933 0.92912787 30.25
-0.2500307 1.0588633 0.93040168 1
-0.17921132 1.0664705 0.93258512 1
-4.579483 1.1990615 0.9062199 87
0.23702775 1.1096703 0.91040689 0.66666669
0.35215667 1.1479589 0.9241004 2.3333333
0.45222586 1.1736715 0.94561291 11.5
0.53281748 1.1720546 0.94864178 9.5
0.6772871 1.2297155 0.97067422 13.666667
0.73015612 1.2551222 0.94474792 13.5
-4.5948682 1.3083161 0.90378129 90
1.6139042 1.3803514 0.92345238 35
2.2949636 1.4720461 0.94358027 25.5
2.3632407 1.4800997 0.96906638 58.5
2.4412532 1.4251035 0.945907 62.25
2.3049788 1.5101244 0.91841662 4
3.0468309 1.518152 0.93210238 42
3.1122642 1.5241909 0.96822125 52
9.5062523 2.4265587 0.96206844 8
10.744408 2.4875913 0.97649908 6
-9.3754063 -10.111868 1.0995766 24
-4.8877497 -2.7152967 1.0690148 48
-7.1846094 -2.6573019 1.0009609 26
-4.5026517 -2.6060181 1.0687698 29
-4.2606277 -2.620882 1.0846968 52
-4.0321651 -2.6440208 1.0429436 47
-4.3046174 -2.5888112 1.054177 31
-7.1905947 -2.4963515 1.0413148 26
-7.2650065 -2.3610804 1.0900366 31
-2.2235663 -2.3198256 1.0638558 69
-2.1035843 -2.2853341 1.0732571 31
-1.8823086 -2.2705624 1.0499656 78
-1.7787625 -2.2854671 1.0002689 16
-0.91432911 -2.2189169 1.0686028 57
-0.94627386 -2.1727815 1.0556508 92
0.04780671 -2.0142777 1.0390725 83
1.8181778 -2.0532646 1.0398668 15.5
1.9332457 -2.0324261 1.0425429 18.25
0.019262468 -1.9995141 1.0608784 84
0.26786381 -1.9683199 1.0488193 91
0.35422137 -1.9811566 1.0310452 90
0.55916536 -1.9406277 1.0653183 89.5
0.67262006 -1.9444827 1.0511112 86
0.88853467 -1.9080602 1.030792 86.5
1.0942667 -1.9429744 1.000078 53
1.1555691 -1.9458787 1.0349157 47
0.99548453 -1.8987607 1.0921403 87
1.0091827 -1.8992517 1.0444095 89
1.9445909 -1.864579 1.0496362 43.799999
2.9663382 -1.6271315 1.017228 83
3.0581572 -1.6132183 1.0680916 84
-7.9682074 -1.5305309 1.039758 2
3.6051047 -1.5389756 1.0368025 65
3.7401881 -1.5185184 1.0910151 73
5.9473343 -1.2071065 1.0245187 30
6.3044391 -1.1646814 1.0919342 25
7.5155563 -1.0891253 1.0221344 14
7.800879 -1.0926061 1.0966848 20
-6.758213 0.27953342 1.0060469 29
-2.4754884 0.76673943 1.0354199 62
-2.1546092 0.85205388 1.0529102 67
-2.080775 0.90679878 1.0131721 10
-1.3401918 0.9451856 1.0079614 7
-0.48945141 1.0281407 1.0378835 6
-0.33305722 1.0525172 1.0548364 5
-0.2160908 1.0713272 1.0868787 5
-0.16460547 1.0870183 1.0619982 2
0.14803866 1.1184218 1.0633119 20.6
0.20990232 1.1201338 1.0351566 8
0.50692469 1.1676986 1.0189142 1.5
0.63538563 1.1954815 1.0572171 9
0.64895827 1.2043453 1.0259902 14
0.73521179 1.2592553 1.0484118 19
1.5608754 1.3769684 1.0069231 21
1.6077654 1.3813391 1.0579834 46
2.4290817 1.4441299 1.0504274 62.5
2.5477989 1.4557192 1.0982497 55
3.1865342 1.5364761 1.0012885 43
3.2646112 1.5446488 1.0504694 50
3.3470106 1.5581071 1.0793374 39
5.1586461 1.8632115 1.0899167 2
10.361754 2.4884999 1.0971655 71
10.310521 2.6291893 1.0446579 51
-3.9649978 -3.4482744 1.1669049 9
-5.177537 -2.7542913 1.1625621 39
-4.5572724 -2.6165628 1.1430899 24
-4.4873319 -2.6446173 1.1746937 47
-4.0159206 -2.6222117 1.1507638 37
-4.3446732 -2.5932374 1.127857 26
-2.232471 -2.3158751 1.1493149 61.5
-7.485765 -2.2679954 1.1608403 29
-2.2765098 -2.2922966 1.1923649 13
-1.9082893 -2.2755055 1.1490577 79.5
-1.8823346 -2.2579913 1.1723101 1
-0.92778689 -2.2168221 1.1582437 82
-7.5051041 -2.107784 1.1993243 29
-0.95583892 -2.1753058 1.1476662 103.5
-0.027035952 -2.0099478 1.1540723 91.5
0.007778889 -2.0278053 1.146494 79
1.7941977 -2.0490189 1.106465 0
1.9191189 -2.0351017 1.1768528 32.333332
0.22926372 -1.977641 1.1384449 83
0.31150392 -1.9843048 1.1414979 87
0.52982426 -1.9424304 1.1482095 89
0.63796949 -1.9470991 1.1553972 84
0.85684168 -1.9087906 1.1341045 85
0.97523963 -1.9030621 1.1684024 87
1.9230951 -1.8728594 1.1451228 23.6
2.0384421 -1.826007 1.1186298 15
2.7606421 -1.714406 1.1526124 53
2.8058314 -1.66653 1.1830331 89
3.156395 -1.5995206 1.1223842 88
3.2617784 -1.5850588 1.1793904 78
-6.6647716 -1.4283131 1.1423765 31
3.8929632 -1.4993093 1.1514311 65
6.6983833 -1.1127734 1.1654972 26
8.0169163 -1.0203964 1.1003665 12
8.0734062 -0.99712276 1.143816 1
-7.6175733 0.16713971 1.1352484 34
-5.4752464 0.46951506 1.1001356 19
-2.7227242 0.71987081 1.1503402 7
-2.6168017 0.75183594 1.1008056 59
-2.4183598 0.80318725 1.1955051 52
-2.2959599 0.81996685 1.1299382 57
-2.1473231 0.82922369 1.1771632 83
-2.0963488 0.86528486 1.1475972 33
-0.51003534 1.0416354 1.127238 16.5
-0.49283826 1.0100756 1.1337926 13.5
-0.32070804 1.0542926 1.1499584 12.75
-0.24461621 1.0648669 1.1383003 10.666667
0.091451049 1.1004771 1.1445439 62
0.15061855 1.1229626 1.1523849 34
0.25237542 1.138162 1.1415405 20.666666
0.32082576 1.1529808 1.1520231 6.5
0.70735133 1.2478976 1.137064 9
2.3741722 1.4434389 1.1557956 37.75
2.5774121 1.4553354 1.1592679 62
2.6548705 1.4696004 1.1694547 55
3.4423485 1.5723709 1.1445755 50
3.5312076 1.5859476 1.1676253 39
5.1694484 1.8164821 1.1132454 50
5.3263121 1.8272126 1.1680408 36
10.842034 2.5803325 1.1704842 9
-4.0294242 -3.9909823 1.2723348 35
-4.068152 -3.7771101 1.2883804 3
-4.0528264 -3.4968011 1.2681276 60
-3.9593825 -3.3764937 1.2976208 65
-4.0281606 -2.9195464 1.2287226 41
-5.488039 -2.7911367 1.2627569 34
-4.7549276 -2.6807549 1.277658 44
-4.6359816 -2.6270437 1.2553651 16
-4.4460106 -2.6101313 1.2833296 15
-4.3984909 -2.6050384 1.2053088 16
-4.0318723 -2.605639 1.2135613 49
-4.0553322 -2.5936768 1.2786767 42
-2.3178604 -2.3286128 1.2894843 24
-2.2729011 -2.3389099 1.2259736 39
-2.1148746 -2.3430676 1.2459581 3
-1.9485693 -2.2706599 1.2408772 59
-1.7308722 -2.2922661 1.243111 45.5
-0.93887639 -2.2053435 1.2456257 95.5
-0.96677488 -2.1788056 1.2435763 116
-0.047644228 -2.0263567 1.2423483 87.333336
1.8799367 -2.0389478 1.2648535 51.5
-7.6205893 -1.9737242 1.2516013 35
0.17788325 -1.9814014 1.2590686 80
0.26647627 -1.9923794 1.2620316 81
0.48817402 -1.9481467 1.2656559 90
0.55149871 -1.9475768 1.2501841 85.5
0.61181438 -1.9445531 1.2353729 84
0.82459855 -1.9040132 1.2387856 85.5
0.94796872 -1.9026101 1.270568 82
1.933517 -1.8645053 1.2461264 32.75
2.0483272 -1.8062998 1.2830868 13
2.8817484 -1.6388266 1.2292651 79
2.9824786 -1.62388 1.2893051 73
3.3672874 -1.5666023 1.2364091 84
3.4835105 -1.5475011 1.2982036 77
4.806241 -1.3748013 1.2278363 12
7.0504141 -1.0399176 1.2290118 6
8.78619 -0.95299727 1.2357934 39
9.0209255 -0.82598758 1.248324 21
-6.0683923 0.38989618 1.219225 22
-2.5537629 0.78553712 1.2686321 53
-2.3400722 0.78648859 1.2906405 57
-2.2239146 0.80168539 1.2217034 67
-1.3109825 0.9472183 1.298691 28
-0.51901287 1.0248414 1.2345629 15
-0.33345461 1.0479681 1.2334358 15
-0.22002965 1.0660734 1.2637072 15
0.027999792 1.0915515 1.2515965 58.25
0.079613239 1.1005279 1.2892668 59
0.13030699 1.1344492 1.2537625 63.5
0.23672429 1.1286447 1.2484444 63.5
0.31340852 1.1544781 1.2632475 49
0.42877877 1.1582705 1.2397609 29
1.6585788 1.3593295 1.251883 4.5
2.3398924 1.4449464 1.2644073 25.666666
2.6904516 1.4707372 1.2424357 57
2.7785435 1.4878438 1.2510225 43
5.4607162 1.6619763 1.2727526 7
5.4185905 1.7349092 1.2238314 57
5.4500861 1.8273987 1.2060605 27
13.189438 2.8470061 1.2782605 16
-9.4014807 -10.10972 1.3372084 48
-4.0028005 -3.9363153 1.3590423 13
-4.0447321 -3.5997314 1.3040582 37
-4.0572734 -3.4659615 1.3460793 18
-4.0019546 -3.2769971 1.3353606 99
-4.0369601 -3.1719277 1.369544 115
-4.091928 -2.9441497 1.3223835 51
-5.8377171 -2.8328059 1.3731514 38
-5.0485563 -2.7185214 1.3921381 44
-4.7233 -2.639107 1.3728737 12
-4.4924402 -2.6132751 1.3614483 12
-4.1770473 -2.6486464 1.3768829 44
-2.2057455 -2.3525972 1.3126839 26
-2.1446919 -2.2924831 1.3698298 68
-2.055222 -2.2836545 1.3022217 56
-1.9686965 -2.2841332 1.3580375 65
-1.7601055 -2.2901676 1.3402873 75
-1.3132243 -2.2450855 1.3882946 53
-0.95371658 -2.2057271 1.3426615 90
-0.97834319 -2.1807938 1.3414395 100
-0.12557083 -2.0258005 1.3520319 44
-0.078340195 -2.0408723 1.3395417 88
1.8611431 -2.026232 1.3709559 50.333332
0.13469404 -1.9956983 1.3620136 76
0.23224168 -1.9929004 1.3526438 82
0.45620573 -1.9496285 1.3574839 84.5
0.5767861 -1.9512105 1.3528402 88
0.78599346 -1.9147258 1.3896878 74
0.80228078 -1.9128532 1.3288513 83
0.92875242 -1.9074889 1.3539608 78
1.8970985 -1.8907242 1.3978459 4
1.9013288 -1.8856699 1.3467516 9
-9.9222517 -1.7226014 1.3290136 120
2.7160261 -1.7120129 1.3550602 55
3.089643 -1.6083703 1.3514146 76
-9.9458151 -1.5323397 1.3570042 103
-7.907033 -1.5326972 1.3926489 92
3.6082845 -1.5286859 1.3640984 78
-9.9700565 -1.3390269 1.3819557 66
-9.9456301 -1.1394187 1.3985925 60
9.0903587 -0.82426924 1.3047103 19
9.7752838 -0.71939361 1.3553799 15
-6.8236952 0.29338929 1.3702515 29
-4.7702703 0.52535063 1.3979156 25
-4.5325117 0.59618354 1.3247551 96
-4.5487227 0.69619745 1.3302481 94
-4.5587859 0.79686868 1.3340863 103
-2.6964192 0.76196164 1.3453984 30
-2.4656959 0.76683736 1.3656226 58
-2.2023556 0.83574563 1.3768381 63
-2.151005 0.87644869 1.3435731 92
-4.5775414 0.90103662 1.3390418 104
-1.3400552 0.93816996 1.3503056 49
-4.5859923 1.0056381 1.339572 104
-0.53969318 1.0278385 1.3551877 46.5
-0.33447218 1.0539607 1.344751 43
-0.21105184 1.0677034 1.3560705 69.5
-0.16694686 1.0686593 1.3629371 66
-0.024153 1.0870911 1.3442189 52.666668
0.038974226 1.0995289 1.3685287 58
-4.5990415 1.1124959 1.3420498 95
0.081001639 1.1255672 1.3499494 57.5
0.18259043 1.128141 1.3760891 60
0.24964947 1.142172 1.3481404 58
0.38890398 1.1518266 1.3539941 58
0.53336632 1.1854135 1.3561625 26
0.6372261 1.1899385 1.3474889 11.5
-4.6215577 1.2238932 1.3462043 108
1.6429304 1.3630333 1.351035 15
2.2759616 1.4956306 1.3208438 10
2.34127 1.473446 1.349828 43
2.4278984 1.4456205 1.396588 70
2.8395326 1.5037682 1.3473136 1
2.9158952 1.5085607 1.3415774 41
12.30583 2.7819154 1.3623728 73
-9.5131359 -9.2422323 1.4593129 73
-4.0547252 -3.4274888 1.4186646 47
-4.0766411 -3.0705853 1.4042487 105
-4.1393347 -2.9379168 1.448611 48
-4.0983577 -2.9572701 1.4324067 95
-4.1125693 -2.8393795 1.4570011 91
-4.1324697 -2.7281632 1.4826511 96
-4.770524 -2.6380308 1.4498757 5
-4.5539899 -2.6237435 1.4472319 8
-4.1864538 -2.623414 1.4392793 28
-2.2432926 -2.3062942 1.4435881 72
-1.999909 -2.2839258 1.467207 38
-1.8068359 -2.2942913 1.4794805 29
-1.7803284 -2.2873974 1.4066783 69
-1.4248772 -2.2166581 1.4496704 59
-1.3229673 -2.2309399 1.4476804 51
-0.96470147 -2.2106278 1.4119233 71
-0.97992426 -2.1847484 1.4550215 82
-0.66931736 -2.1563225 1.479502 54.5
-0.46080223 -2.1347978 1.4639889 32.333332
-0.35377458 -2.0900455 1.4970251 75.5
-0.12443289 -2.0442593 1.4428589 59
0.1830007 -2.0056472 1.4910011 79
0.20629527 -2.0056348 1.4256599 102
1.8331012 -2.0265739 1.4656404 39
1.9404957 -2.0128701 1.4551766 8
0.078741699 -1.9924314 1.4937295 0
0.10646612 -1.9955631 1.4272062 43
0.42302296 -1.9520949 1.4542656 64
0.5499078 -1.9546874 1.445323 79.5
0.77109623 -1.9166222 1.4522756 84
0.90952265 -1.9088678 1.4389359 80.5
1.1391388 -1.9483117 1.451703 8
1.8907721 -1.8896997 1.446782 3
1.9413955 -1.8245914 1.4421822 59
2.7933612 -1.6910099 1.411201 92
2.831039 -1.635736 1.4411364 97
3.2095065 -1.5947509 1.4204654 72
3.3249199 -1.5727988 1.4860941 73
3.7493544 -1.5124086 1.4360799 81
5.6043997 -1.3018171 1.4923161 93
-8.1390572 -1.2285591 1.4875798 38
-8.0676584 -1.0430651 1.4989806 55
-9.8632908 -0.93762857 1.405816 37
-9.7297344 -0.73348999 1.4030551 33
9.7757454 -0.72351921 1.4096786 13
-9.6751804 -0.54224241 1.4091281 33
-9.5808172 -0.34905714 1.4079897 28
-2.6074584 0.74714506 1.4488842 58
-2.2490041 0.79264796 1.4867026 57
-2.3209903 0.81939405 1.4568051 65
-2.1389124 0.84208131 1.4135748 60
-2.0502529 0.8563531 1.4564251 61.333332
-1.9612485 0.87106806 1.4552115 39.666668
-1.7390929 0.87971622 1.4776869 67
-1.6775048 0.89107341 1.4804897 76
-2.0094833 0.91492552 1.4399921 52
-1.951037 0.9035601 1.4125006 6
-1.7403502 0.92081875 1.4665085 65
-1.6697139 0.92277211 1.4601252 60
-1.4185662 0.94981146 1.4692787 67
-1.345999 0.92219001 1.4634982 75.5
-1.1128087 0.96576393 1.4931664 69
-1.0555027 0.96173495 1.4733683 30
-0.82728845 0.99984086 1.4990325 68
-0.78960305 0.9883306 1.482345 31
-0.55587655 1.0230367 1.4463321 58.5
-0.33534697 1.0484911 1.4530655 68.666664
-0.21357316 1.0616188 1.4446872 68.75
-0.16758564 1.0655468 1.4562359 66
-0.0023503541 1.0945587 1.4486625 57
0.023890875 1.1211987 1.4629045 58.5
0.15080188 1.1161113 1.4470679 61
0.22681427 1.1455314 1.4700606 61.5
0.35435754 1.1458113 1.453959 61.5
0.5092088 1.1816242 1.4315314 50
0.61355919 1.1828376 1.4398777 48.5
1.6269423 1.3617346 1.4533849 16
2.3293366 1.4526498 1.4369315 38
2.5367029 1.4599719 1.4862311 52
2.9598963 1.5106579 1.4367073 55
3.0586317 1.5283787 1.4360684 44
12.35648 2.745858 1.416662 1
-9.4190273 -10.095899 1.5745959 70
-4.0797119 -3.4124973 1.5017099 75
-4.0913286 -3.3832393 1.5799903 77
-4.1533313 -2.9030747 1.5637829 26
-6.2508597 -2.8909783 1.503369 28
-5.3735318 -2.7598324 1.5156642 36
-4.8561983 -2.6580582 1.5394163 1
-4.6122756 -2.6303604 1.5323056 1
-4.2088337 -2.6065137 1.506501 14
-4.1739078 -2.6327252 1.517035 64
-4.2332401 -2.5885062 1.5745376 4
-2.0237541 -2.2853611 1.5433977 13
-1.8245856 -2.2856631 1.5451154 11
-0.99395269 -2.1638603 1.5032039 34
-0.45286155 -2.1039639 1.502656 74
-0.4336307 -2.0865867 1.5139517 0
-0.17023969 -2.0436704 1.5484369 0
0.15691093 -2.0095336 1.5617443 45
1.5037671 -2.0055194 1.5576091 52.5
1.6759231 -2.0187948 1.5660582 47.5
1.7178841 -2.0043421 1.5570972 51
1.8539393 -2.0186994 1.5354218 52.5
1.9309101 -2.025214 1.5530348 1.5
0.38800597 -1.9628499 1.5621297 26
0.52269858 -1.9581692 1.5431808 90
0.74797595 -1.9269695 1.5546632 77.5
0.88574612 -1.9104087 1.5580196 77
1.126591 -1.9653331 1.5546675 59.5
1.2996873 -1.9889777 1.5663284 49
1.3098673 -1.9932448 1.5114911 45
1.6263715 -1.9927423 1.5533059 28
1.8878851 -1.9010198 1.5582142 0
1.0912629 -1.8927399 1.5945344 72
1.8866656 -1.8927636 1.5001178 2
1.9413283 -1.8426228 1.5615003 37
2.0442209 -1.8156803 1.5380182 48
2.4049323 -1.7617543 1.5897775 42
2.6465302 -1.7434882 1.5913109 19
2.9281206 -1.6214653 1.5082512 92
3.0344534 -1.6085498 1.5815796 85
3.4592843 -1.5551782 1.5621228 64
-8.3520746 -1.442345 1.5013167 43
3.8913865 -1.4891691 1.5101922 78
5.8420658 -1.2496864 1.571866 42
-8.0482931 -0.86757267 1.5175847 71
8.845458 -0.81015539 1.5407401 51
-8.0392084 -0.69288146 1.5370762 72
10.880047 -0.61577785 1.543685 71
-8.0296288 -0.52019399 1.5537863 73
-8.0239697 -0.34842536 1.5682961 77
-8.0192251 -0.17345248 1.5833596 74
-8.0309963 -0.00034512026 1.5988052 74
-7.8641214 0.16935147 1.5769029 42
-5.2425718 0.465776 1.5423983 18
-2.7347357 0.71457309 1.5243223 9
-2.4435344 0.79706693 1.5381768 55
-2.370909 0.77296203 1.5709995 54
-2.2166541 0.8198176 1.5973494 43
-2.1692069 0.83383304 1.5592009 80.333336
-2.0640285 0.84414917 1.5408709 4
-1.7839274 0.86644542 1.5338879 3
-1.6981292 0.86706144 1.5137087 10
-1.4482863 0.91275942 1.5273657 14
-1.3864985 0.90065587 1.5369916 10
-1.1351181 0.95034981 1.5464002 15
-1.0833547 0.93543738 1.5414842 49
-0.82149822 0.97105497 1.5553527 38.333332
-0.57039064 0.9948017 1.5738006 15
-0.57296687 1.0187448 1.5266632 54
-0.35674453 1.042828 1.5455946 68.333336
-0.2154517 1.0580163 1.5433985 65.5
-0.16776186 1.0614204 1.5555977 62
-0.021745989 1.1163011 1.5536249 51
0.088291042 1.1055014 1.5897849 53
0.15287364 1.1247578 1.5431452 64.5
0.3168866 1.1423976 1.5674212 62
0.47536746 1.1754152 1.5382552 61.5
0.58955216 1.180706 1.5452743 59
0.79829788 1.2287085 1.5701371 40
0.81759089 1.2803733 1.573305 7
0.91170943 1.2540151 1.5755446 9
1.6185198 1.3642564 1.5448818 9.5
1.7152756 1.371734 1.539251 16
2.050462 1.4334478 1.5565593 45.25
2.138402 1.4458737 1.5471349 23
2.2738848 1.4557521 1.5402887 23.25
2.4597821 1.4446554 1.5031205 65
2.6541116 1.4739507 1.5842294 53
3.1161895 1.5331708 1.5492107 47
3.2246795 1.5520619 1.5445563 37
4.3367262 1.7580305 1.5673585 53
6.5571127 1.99755 1.5356038 63
15.244645 3.0370197 1.5599198 6
-9.5447359 -9.2073908 1.6615976 76
6.7313442 -8.2829952 1.6606792 31
-8.3173456 -7.9212751 1.6228225 34
-7.4057794 -7.7988033 1.6136591 7
-4.0632205 -3.9060581 1.6678858 12
-4.0350089 -3.4528515 1.603454 12
-4.0758905 -3.337003 1.6463957 81
-4.0662627 -3.193671 1.6655385 87
-4.0845904 -3.0695515 1.6971432 95
-6.7076001 -2.9487262 1.64575 32
-5.7476239 -2.8094342 1.6577587 38
-4.1611166 -2.8760152 1.6413853 16
-4.4015641 -2.659678 1.6235151 48
0.13140917 -2.011457 1.6338292 12
1.7804615 -2.0001349 1.6221665 52
1.8171098 -2.0318408 1.6046026 48
1.9270205 -2.0318985 1.6407951 0
0.48538366 -1.9668056 1.6839465 30
0.50465769 -1.96251 1.6110899 65
0.72361779 -1.9272935 1.6553164 25
0.86840481 -1.9164411 1.6572448 66
1.2849116 -1.97346 1.6132717 17
1.6336298 -1.9525917 1.6295271 29.5
1.7397363 -1.9867663 1.6356152 26
1.2412908 -1.8829427 1.6303637 59.5
1.4217159 -1.8667593 1.6296554 59.5
1.5585928 -1.8400986 1.6495599 34
1.6802268 -1.8285129 1.6435019 30
1.7581036 -1.8365773 1.644814 55
1.8407208 -1.8645693 1.6355467 25
2.0225616 -1.805946 1.6382743 69
1.8339109 -1.7799128 1.6708479 65.5
2.0555699 -1.7554674 1.6655804 81
2.168448 -1.7770941 1.6518428 68
2.477381 -1.7428931 1.6524104 58
2.7238648 -1.7166586 1.650151 58
2.5271935 -1.6980333 1.6935594 72
2.7803361 -1.6693938 1.6930851 108
3.1423652 -1.591696 1.6563122 72
3.5927455 -1.5294739 1.6368173 66
6.1605754 -1.2048662 1.6740482 26
9.5983038 -0.69774497 1.6642107 17
11.643354 -0.47376344 1.6895478 10
11.763871 -0.44145831 1.6297146 5
-4.5298109 0.60350972 1.6153063 83
-4.5480504 0.71471387 1.6253093 93
-2.5568337 0.76675808 1.6575902 51
-2.2892056 0.78206879 1.6595173 60
-4.5604916 0.82583672 1.6313962 83
-2.2469013 0.82030231 1.6530067 47
-2.1851072 0.85846192 1.6523199 60
-4.575922 0.94100302 1.6383383 90
-4.5990753 1.0582805 1.648101 91
-0.35643414 1.0401151 1.640461 60
-0.22105074 1.0551001 1.6403742 59.333332
-0.16654298 1.0633051 1.6340022 58
-4.6117272 1.1754092 1.6519791 84
0.16295004 1.1394302 1.6234645 65
0.28675404 1.1385136 1.658432 59
0.43794298 1.1725812 1.6636729 60.5
0.56356585 1.1731534 1.6553812 59.5
-4.6205831 1.2938362 1.6544321 84
0.784033 1.2058998 1.6022402 23
0.89193207 1.2148659 1.6117952 28
1.6480271 1.3278216 1.6251802 6.6666665
1.7048177 1.3599895 1.615196 19
1.9798756 1.3620508 1.6399002 19
2.0436091 1.3562922 1.6444042 28.5
2.1819553 1.3667053 1.658953 24
2.2059038 1.386901 1.6400777 34
2.0683241 1.4123033 1.6345165 32
2.1389163 1.4296916 1.6381973 60.200001
2.2591743 1.441591 1.6269 46.25
2.3427596 1.4691691 1.6402082 70
2.573699 1.4593471 1.6066719 58
2.7911632 1.4950919 1.6982245 53
3.2976677 1.5625627 1.678671 45
3.4137421 1.5798726 1.6668391 43
4.3917489 1.7038141 1.6399567 14
14.069726 2.9675627 1.6212209 3
-9.467598 -8.7623959 1.756723 47
-8.2825422 -7.8241596 1.785868 55
-7.382834 -7.7363195 1.7903991 68
-4.0423632 -3.8481567 1.7530714 73
-4.1076598 -3.3170898 1.7321787 67
-4.1040969 -2.9504178 1.7270831 100
-4.1335735 -2.8310723 1.7324277 54
-4.1317406 -2.7082722 1.7805239 97
-4.6654124 -2.6965539 1.7451203 51
0.46792361 -1.9460781 1.737218 2
0.70813763 -1.9322022 1.730888 4
0.85059762 -1.9189504 1.7578392 31
1.8919537 -1.7664587 1.702741 92
2.1084762 -1.726958 1.7158544 16
2.2395155 -1.717557 1.7140368 47
2.5880971 -1.6626602 1.7444069 5
2.8560278 -1.6344373 1.749882 84
3.258177 -1.573139 1.7344625 75
3.7493513 -1.5094006 1.7246913 62
4.4419432 -1.4285855 1.7877201 65
5.5759916 -1.340827 1.768123 20
6.5275216 -1.1574374 1.790967 28
-5.8234758 0.39497572 1.7197912 22
-4.8668814 0.53545207 1.7394046 23
-2.7345164 0.74766397 1.7330651 6
-2.6724761 0.73205751 1.7812679 48
-2.428103 0.76343334 1.763415 52
-2.3674347 0.79598546 1.736105 36
-2.3751101 0.80963242 1.7118334 65
-2.2624831 0.80942786 1.7621055 42
-2.1861532 0.84792471 1.708215 32.5
-0.35623112 1.0374199 1.7450243 61
-0.21451581 1.0535887 1.7521778 62.333332
-0.16685835 1.0586288 1.7529349 63
0.40800485 1.1693287 1.7644788 63
0.54258031 1.1753832 1.7549241 56
2.3670697 1.4366442 1.7465084 79
2.4624031 1.4554348 1.759742 55
2.7037668 1.4810139 1.7242422 55
7.3428679 2.123946 1.7672554 30
-9.4385738 -10.080001 1.8128073 71
-3.9668975 -4.0754347 1.8429905 57
-3.9925003 -3.9327612 1.8731506 87
-4.0499892 -3.8192017 1.8517793 77
-4.0103636 -3.7865379 1.8983645 99
-4.1111822 -3.2554398 1.841367 41
-7.2381516 -3.0185759 1.8106819 33
-6.1852951 -2.8711145 1.8221021 30
-4.9534283 -2.733048 1.8791647 45
-4.1725044 -2.6079113 1.8186017 76
-0.49291104 -2.1453307 1.8878945 5
-0.072474346 -2.0181985 1.8575288 21
1.9102416 -1.7547275 1.8592045 14
2.9648418 -1.6177273 1.830261 74
3.3805213 -1.5528386 1.8188809 89
3.9161987 -1.4850236 1.8167549 44
4.5718427 -1.3730167 1.8542459 11
5.7079492 -1.2499713 1.8152732 46
10.852415 -0.58385867 1.8754088 69
12.806822 -0.30531806 1.858471 2
13.575133 -0.26235735 1.8746144 59
-2.5546505 0.76867026 1.8696531 43.333332
-2.457783 0.78428966 1.8151516 41
-2.3443012 0.79674518 1.8409412 38.5
-2.0552397 0.87030834 1.8729252 40.666668
-1.6549823 0.90716028 1.8964472 72.5
-0.40218139 1.0249916 1.8990136 65
-0.37161776 1.0320631 1.8479271 65
-0.22094925 1.0481646 1.8641374 59
-0.16553968 1.0569082 1.8880692 56
0.38782948 1.162496 1.8312341 47
0.5214889 1.1686194 1.8512888 62
2.4753215 1.449114 1.8598952 62
2.5845206 1.4726022 1.8804257 47
2.8452463 1.5019406 1.8530021 49
2.9469566 1.5194362 1.8260936 45
3.4639065 1.5724444 1.8015686 24
4.714118 1.7435471 1.8078244 16
4.8941417 1.7863783 1.8148558 19
7.3453765 2.1718061 1.8062462 20
15.207169 3.1435158 1.8482558 5
-4.0562453 -3.785291 1.9486001 70
-4.0319409 -3.6461062 1.9257424 96
-4.0554152 -3.5135674 1.9527774 100
-4.0627537 -3.3679743 1.9721874 98
-4.1366119 -3.2095807 1.9595386 16
-4.0822024 -3.2376769 1.9964405 96
-6.6563859 -2.9283192 1.9994004 32
-4.4105263 -2.631449 1.9488788 53
-1.0532509 -2.2155828 1.9457399 1
-0.85838974 -2.1351724 1.9400182 21
-0.6580351 -2.1097145 1.950515 51
-0.47943422 -2.1135094 1.9581966 13
-0.42060733 -2.0458167 1.9461329 70
-0.35658902 -2.0641649 1.9719861 33
-0.12741882 -2.0204353 1.9892046 59
0.25088295 -1.9738898 1.9975812 20
2.7882581 -1.6403323 1.9140463 92
2.8865592 -1.6195844 1.996101 77
3.0851068 -1.6007954 1.9204303 76
3.5150137 -1.5319973 1.909474 75
6.0624523 -1.2008328 1.9372207 33
6.9203892 -1.0987569 1.9159664 4
11.569276 -0.40375668 1.982172 10
-6.557766 0.30468157 1.9429703 27
-5.4084783 0.47037327 1.9376068 21
-4.567421 0.58869165 1.9998742 96
-2.7365091 0.71159363 1.9968693 18
-2.6775355 0.76416588 1.9740546 40
-2.4402139 0.785227 1.9315336 35.5
-2.1405079 0.82132888 1.9445003 38
-2.0501058 0.82564068 1.9411566 53.5
-1.7206763 0.87589997 1.9397345 55
-1.6276894 0.86579472 1.924945 57
-1.3208103 0.92965651 1.9333451 68.5
-1.2656753 0.91092467 1.9474404 72.5
-0.94615841 0.97251582 1.9364034 64.75
-0.65520763 0.97941077 1.9804256 70.5
-0.64687985 1.0157835 1.9410834 79
-0.41095173 1.020941 1.9986267 55
-0.37695861 1.0383568 1.9914188 34
-0.22187553 1.0465506 1.9609245 67.5
-0.16442618 1.0577583 1.9905555 61
0.49887815 1.1678693 1.9656128 49
0.72814429 1.2362003 1.9930619 10
0.85351443 1.213479 1.9950869 69
2.6042125 1.4713429 1.9957291 58
3.0076768 1.5265324 1.9992447 48
3.1149807 1.5442526 1.9658022 42
5.251193 1.8224386 1.9851819 36
7.97293 2.1708176 1.9616961 16
-8.7397184 -8.2095623 2.0601819 29
-7.7540011 -8.0999861 2.0725338 30
-8.2041769 -7.6203508 2.0997257 38
-4.0691552 -3.7571383 2.0498469 55
-7.8656454 -3.1028061 2.0040486 31
-4.1191158 -3.136657 2.0252831 52
-4.1193399 -2.9842076 2.0446177 91
-4.139472 -2.8610847 2.0681479 97
-5.2703457 -2.773885 2.0261652 40
-4.155292 -2.7390168 2.0895679 100
-4.6852255 -2.6680934 2.0991821 49
-1.4744529 -2.2660196 2.0167561 10
-1.0689338 -2.2173412 2.0346496 27
-1.081081 -2.192318 2.0918336 21
-0.91534847 -2.1442254 2.0573964 20
-0.70711261 -2.1298814 2.0575314 47.5
-0.50124443 -2.1073263 2.0256989 60
-0.46523494 -2.1168144 2.0646977 51
-0.47071552 -2.0537293 2.0463684 67
-0.37694836 -2.0832562 2.0583553 54.5
-0.1643157 -2.0172524 2.0801384 68
-0.01307253 -2.0243802 2.0482626 15
0.22507429 -1.9697117 2.0837426 53
1.5504556 -1.8332126 2.0528724 2
1.6778075 -1.8163323 2.0484896 5
1.7843879 -1.8136061 2.057775 8
1.8289287 -1.8128663 2.0151973 0
1.8258321 -1.7999563 2.0699112 7
2.1938438 -1.7361447 2.0862541 30
2.2644875 -1.7180474 2.0919189 47
2.9983642 -1.6024292 2.0913761 72
3.2063789 -1.578915 2.0099201 78
3.6631131 -1.5106773 2.0090473 79
-7.1645846 -1.364879 2.0105224 20
-7.1785808 -1.2120119 2.031276 108
6.4677997 -1.146261 2.0764725 27
-7.1726265 -1.0552378 2.0437479 107
-7.1737728 -0.90107322 2.0584173 109
-7.1597919 -0.74473768 2.0667334 111
-7.1542387 -0.58993262 2.0769737 111
-7.1646466 -0.43723562 2.0905142 111
14.006566 -0.098743819 2.0282886 1
-4.5837779 0.69977224 2.0110781 97
-2.767503 0.74004716 2.0848849 9
-2.5388551 0.77008218 2.0234475 32
-4.5991249 0.81380028 2.0217466 85
-2.2283258 0.80675745 2.0420043 32
-2.1651514 0.80506307 2.0764863 42
-1.7916435 0.86629111 2.0438259 42
-1.6975014 0.86234802 2.0328379 57
-1.3298789 0.89342976 2.0859299 51
-4.6072702 0.92741555 2.0288188 81
-1.3846104 0.90693319 2.06622 44
-1.0113882 0.94962025 2.0790887 49
-0.95119816 0.93524712 2.0161507 69
-0.67646372 0.97674453 2.0904403 54.5
-4.6254277 1.0456145 2.0403383 90
-0.46026742 1.038803 2.0995846 43
-0.36193305 1.0300478 2.0931501 55
-0.22323148 1.0454316 2.0682137 58
-0.16429517 1.0526211 2.0919509 56
-4.643528 1.1648114 2.0518625 95
0.48284104 1.1584442 2.0334511 29
0.71256137 1.2064022 2.0301068 62
0.86017877 1.2415113 2.0380206 24.5
1.1337229 1.2702985 2.0254049 30
1.2647752 1.2761948 2.0459905 29
1.5730426 1.3186312 2.0891051 17
2.4842069 1.4585441 2.0224791 53.5
2.7247701 1.4939049 2.0185494 52
5.1758666 1.8247602 2.0398662 57
7.900528 2.1908839 2.0018358 12
16.936432 3.3163602 2.0252795 16
6.6118288 -8.5232153 2.1407785 43
-7.3473339 -7.6129522 2.1469643 28
-7.7466335 -7.1126614 2.1359203 31
-4.0752559 -3.7192311 2.1466804 31
-5.624692 -2.8175676 2.1894429 35
-4.2020292 -2.639153 2.1279342 59
-2.0627472 -2.3313036 2.1541774 18
-1.6148361 -2.2616198 2.1973696 30
-1.5514531 -2.2774034 2.1154032 14.5
-1.085163 -2.2201102 2.1285272 51
-1.0967833 -2.1941972 2.1908402 46
-0.97095734 -2.1394117 2.1582141 0
-0.73935044 -2.1329975 2.157887 54.5
-0.50868678 -2.1153381 2.1224177 71
-0.46569532 -2.1119714 2.1519907 63
-0.52377993 -2.0606358 2.1529481 69
-0.44420367 -2.0761929 2.1753638 68
-0.35407209 -2.0974417 2.1378634 67
-0.20286143 -2.0170615 2.1769309 61
-0.043837436 -2.0241032 2.1410468 43
0.19552469 -1.976509 2.1847541 65
0.36456674 -1.9865313 2.1771433 8
0.62592065 -1.9327047 2.1317456 11
1.7840025 -1.8027978 2.1159897 3
2.1334257 -1.7283468 2.1061966 77
2.2075489 -1.7105216 2.1859801 71
2.2522779 -1.6990881 2.1443098 82
2.3451073 -1.6989225 2.1752522 81
2.5264597 -1.6727786 2.1266425 83
2.6987853 -1.6569408 2.1359415 58
3.1132371 -1.579396 2.1866281 79
3.3440015 -1.5581329 2.1112638 67
3.8220067 -1.4877728 2.1162353 74
-7.1763854 -0.28345981 2.1037805 110
-7.1733918 -0.12950052 2.1120698 101
-7.1814775 0.025085516 2.1217372 101
-7.1881838 0.17959085 2.1316817 111
-6.0644293 0.38496915 2.1777442 25
-4.8183107 0.50901461 2.1120803 25
-2.6496532 0.75473958 2.1262357 33.5
-2.3412883 0.79718035 2.1643453 32
-2.2585912 0.79288596 2.1852195 37
-1.8659278 0.85280246 2.1496291 38
-1.7598697 0.8494978 2.130379 53
-1.4506997 0.90479386 2.1988947 45
-1.0511671 0.94345611 2.1980543 42
-0.98499888 0.92754453 2.1213779 52
-0.44547018 1.0290719 2.1082983 51
-0.35811937 1.0600244 2.1363595 41
-0.22486684 1.0438008 2.1845126 57.5
0.70012105 1.2044677 2.1158936 61
0.84217906 1.2164726 2.1599641 51
1.1237414 1.2593721 2.1278627 51
1.261914 1.2650442 2.1365876 43
1.5699887 1.3095685 2.1495509 24
1.7119452 1.3161727 2.1694963 4
2.6197252 1.4813346 2.1735601 50
2.7443757 1.4898812 2.1441429 49
2.8757834 1.5146886 2.1685407 44
3.1895864 1.5538762 2.1629791 51
3.3096538 1.572934 2.1256328 46
4.0154548 1.6737922 2.1886876 8
4.1941552 1.7061903 2.171911 7
19.513964 3.566844 2.1042087 3
-7.0554943 -7.0382576 2.2568738 11
-3.9899168 -4.0474205 2.2112336 92
-4.0116944 -3.8983467 2.2400336 90
-4.0251603 -3.7453256 2.263243 96
-4.0687509 -3.6457191 2.2689142 58.5
-8.5751429 -3.1924884 2.2228215 31
-7.2416053 -3.0088685 2.2172413 30
-5.0072875 -2.7149301 2.2715027 39
-4.4659634 -2.6766253 2.2839553 53
-2.2847459 -2.3446157 2.2119436 7
-2.1027157 -2.3355353 2.2538249 37
-1.5288936 -2.2771373 2.2094162 50
-1.1032579 -2.225822 2.22925 78
-1.1126596 -2.1960778 2.2918396 69
-0.82731861 -2.1294732 2.2769551 41
-0.71916503 -2.1466761 2.2541122 63
-0.51384169 -2.1153581 2.2163248 81
-0.46872979 -2.1181161 2.2551155 77
-0.35380918 -2.1015851 2.238266 83
-0.57726061 -2.0645399 2.2604351 40
-0.49247229 -2.0809879 2.2854261 60
-0.3732053 -2.097014 2.2387168 140
-0.2503607 -2.0288227 2.2927487 62
-0.078321449 -2.0296707 2.2432649 60
0.16435799 -1.9822944 2.2916272 62
0.34454712 -1.9737867 2.2559235 34
0.60880536 -1.9346209 2.2275009 34
1.0166819 -1.8926973 2.2757375 3
2.2963386 -1.701552 2.2860498 70
2.3462148 -1.6919595 2.2454791 74
2.4355178 -1.6844034 2.2697642 69
2.621979 -1.6553044 2.2201128 73
2.7960417 -1.6331441 2.2241578 70
3.246491 -1.5631666 2.2985513 76
3.4951982 -1.5372664 2.223083 67
4.0066056 -1.4658506 2.2399855 65
4.6563864 -1.4438304 2.2156119 11
4.7866912 -1.367769 2.2844143 44
5.446445 -1.3020451 2.2805936 22
6.8954344 -1.0772128 2.2213356 27
7.8745151 -0.95922554 2.2126572 27
13.429932 -0.20935585 2.283113 17
-2.7745125 0.74920738 2.273339 104
-2.450119 0.78043956 2.2820423 31
-1.9507228 0.83866531 2.2715607 39
-1.8346175 0.83830905 2.2428198 52
-1.3882124 0.88920647 2.2089298 54
-1.027967 0.9272272 2.2538707 64
-0.70679176 0.98409992 2.2066634 53
-0.69289136 0.96208423 2.216953 57
-0.52566391 1.0326283 2.2087679 52.5
-0.42155686 1.0337518 2.2330279 54
-0.36976039 1.0595324 2.2328691 52.5
-0.18000038 1.0664614 2.2340503 51.5
0.68620872 1.2045388 2.2120149 54
0.83600795 1.2154803 2.2455328 47
1.122165 1.2602192 2.2164881 45
1.2677033 1.2695146 2.2210147 45
1.5763849 1.3132114 2.2330461 28
1.7243654 1.3214209 2.2470508 10
5.6631494 1.8931614 2.2878265 23
5.7923899 1.910354 2.2361069 23
6.6224532 -8.6795692 2.3505778 41
-3.9705591 -4.2112298 2.3066692 70
-3.9547358 -4.1999879 2.3703406 44
-3.9997993 -4.0622363 2.3375728 89
-3.8402615 -4.0078459 2.3844612 21
-4.023634 -3.9115593 2.3637941 100
-3.734766 -3.8301735 2.3987155 14
-4.0303779 -3.7468877 2.378269 118
-4.1037211 -3.6518176 2.3499377 3
-4.0677166 -3.4634686 2.318264 102
-4.0843101 -3.3244259 2.3423142 102
-4.1042504 -3.1893625 2.368598 109
-4.1261916 -3.0612853 2.3937781 111
-6.0541935 -2.8809497 2.3860173 31
-3.462364 -2.4310343 2.3685451 55
-3.1940024 -2.4199164 2.3557491 13
-4.1209235 -2.3813391 2.398819 16
-2.3193913 -2.3377504 2.311271 33
-2.1441092 -2.3409338 2.3597207 56
-1.6409545 -2.2621634 2.3004763 46
-1.5555831 -2.277251 2.3093276 71
-1.1227964 -2.2324741 2.3338492 76
-0.72753876 -2.1517594 2.360786 86
-0.52106726 -2.1223745 2.3220966 79
-0.47030133 -2.1172769 2.3543556 75
-0.36431462 -2.1049123 2.3453257 92.5
-4.2870927 -2.0319493 2.3784974 2
-0.61703265 -2.0394673 2.3433964 8
-0.11337569 -2.030206 2.3473158 66
-4.2289505 -1.9530911 2.3949139 35
0.13367009 -1.9830835 2.3976004 58
0.32195911 -1.9786545 2.358958 54
0.59175169 -1.9365414 2.3254912 55
0.76621407 -1.9311115 2.3658276 20
-4.3183403 -1.8180072 2.3759451 3
1.0102662 -1.8907996 2.3676283 20
-4.3263612 -1.611358 2.3697736 4
2.3903222 -1.6888636 2.3896089 67
2.4347277 -1.6734388 2.3405259 75
2.5330849 -1.6703246 2.3726785 73
2.7204959 -1.6349711 2.3163812 75
2.9102867 -1.6124388 2.3277333 73
-4.293467 -1.5481143 2.3978715 43
3.6642177 -1.5165887 2.3467491 64
4.1935868 -1.4370176 2.3644309 60
-6.815011 -1.3269763 2.3101425 4
-6.7696748 -1.1587559 2.3129611 107
-6.7607088 -0.99700004 2.328176 107
-6.7659554 -0.8400315 2.3456812 108
-6.7520432 -0.67934531 2.3575368 110
-6.7492661 -0.52149183 2.3708367 109
-6.7498298 -0.36358529 2.3827677 105
-6.7467785 -0.20473357 2.3946795 106
-5.3275838 0.43719906 2.3431277 22
-4.5590549 0.61550158 2.3416321 90
-4.5788002 0.73563057 2.3571308 91
-2.3599474 0.7791214 2.302248 42
-4.593555 0.8577109 2.3692751 93
-1.9201018 0.82765883 2.3733282 45
-1.5143445 0.8925944 2.3227499 43
-1.447988 0.88105309 2.3337939 51
-4.601932 0.98172808 2.3783343 93
-1.1000471 0.94249046 2.3423212 51
-1.0691309 0.9197982 2.3835051 60
-0.72670197 0.9710052 2.3499296 62.5
-0.59239966 1.0245624 2.3228498 51
-0.44721857 1.0471606 2.3635547 56
-0.37767684 1.0320207 2.3537717 69
-0.23197943 1.05697 2.3390541 61.666668
-0.16052487 1.0542336 2.3482523 66
-4.6205287 1.107846 2.3918903 102
-0.11903702 1.1141099 2.3295245 42
0.071364403 1.1204642 2.3336833 43
0.67207515 1.2055998 2.3157501 46
0.83014041 1.2164413 2.3400512 44
1.1191968 1.2580938 2.3055906 47
1.2727478 1.2678986 2.342783 43.5
1.5836374 1.3148316 2.3169582 31
1.7341845 1.3207904 2.3201697 18
2.7535794 1.4949379 2.3461769 46
2.7766531 1.5062513 2.3240321 47
2.9034708 1.5132744 2.3135815 49
3.0558774 1.5440921 2.3450286 46
3.3900402 1.580017 2.3448963 37
3.5354421 1.6082813 2.3126006 34
4.4906297 1.7379094 2.3646398 30
9.3709612 2.4036095 2.3663807 43
-3.8268216 -4.152945 2.4316645 42
-3.8187675 -3.9641068 2.4353406 59
-3.8021941 -3.7727852 2.4335203 72
-3.6407001 -3.7462363 2.4559715 72
-4.0504594 -3.6024508 2.4016731 119
-3.7983372 -3.6047385 2.4400444 74
-3.6484442 -3.6744015 2.4201636 1
-3.6363237 -3.572299 2.4582152 72
-4.0565619 -3.4488494 2.4163282 115
-3.7822163 -3.4324238 2.4374967 71
-3.6344724 -3.4123561 2.4621329 72
-9.4022217 -3.2926478 2.4772024 30
-4.0603709 -3.2983935 2.4292991 100
-3.7730112 -3.271718 2.440089 72
-3.631809 -3.2574151 2.4654896 80
-7.9542866 -3.1145675 2.4773612 27
-4.0414801 -3.1332934 2.4280517 90
-3.7640116 -3.1140046 2.4426525 72
-3.62168 -3.0984898 2.463814 78
-4.1336865 -2.9233027 2.4116743 106
-4.0234103 -2.9721394 2.4259336 85
-3.7565317 -2.96222 2.4470983 82
-3.6140757 -2.9535589 2.4638121 81
-4.0140491 -2.8244905 2.4300458 85
-3.7484784 -2.8184745 2.4495323 76
-3.6122882 -2.8126154 2.4677234 74
-5.3433237 -2.750638 2.4533446 35
-4.7499228 -2.7139256 2.453239 49
-4.1517539 -2.7942522 2.4354458 129
-4.1648588 -2.6662338 2.4558609 129
-4.0032935 -2.6809335 2.433017 86
-3.7329521 -2.6711903 2.4484174 79
-3.6071966 -2.6746788 2.4693966 73
-3.3632033 -2.6166165 2.4189682 1
-3.0569508 -2.6614041 2.4403884 6
-4.2490683 -2.5138731 2.4063935 2
-4.1638207 -2.5303056 2.466773 85
-3.9889302 -2.5375857 2.4323916 85
-3.7301526 -2.539155 2.4548872 75
-2.9970548 -2.5489559 2.4462109 19
-3.9786472 -2.4010122 2.4352977 78
-3.818521 -2.469445 2.4123914 10
-3.7143908 -2.4048977 2.4517136 76
-3.5987015 -2.4068019 2.4738586 80
-2.9392078 -2.4403718 2.4498243 41
-4.1386728 -2.3835297 2.4614732 75
-3.7355337 -2.3591583 2.4132063 20
-3.2038896 -2.3777735 2.4291499 37
-2.8870807 -2.3374672 2.4569058 56
-2.4054716 -2.3863242 2.4702814 85
-2.1903062 -2.3468573 2.4708276 94
-4.1243596 -2.2446849 2.463438 81
-4.0339217 -2.2761059 2.4106367 34
-3.9721622 -2.2712202 2.4403498 78
-3.7075703 -2.2751129 2.4554021 78
-3.6589584 -2.2545054 2.4144199 32
-3.5928178 -2.2798665 2.4749691 90
-3.1461022 -2.2780459 2.4453402 55
-2.8428471 -2.2431114 2.4672456 73
-2.3607516 -2.2848802 2.4822893 94
-2.1614602 -2.2556474 2.484817 106
-1.6718173 -2.2645886 2.4111958 72
-1.5889918 -2.2860367 2.4206257 69
-1.1363742 -2.2180395 2.4215903 78.5
-4.1098156 -2.1108403 2.464011 75
-3.9503827 -2.1544766 2.4285045 60.5
-3.6490369 -2.1552022 2.4421253 60.5
-3.5841794 -2.1519363 2.4730134 78
-3.0836456 -2.1744781 2.4559236 68
-2.7904048 -2.1441903 2.4683242 86
-2.3142824 -2.1794717 2.4874253 88
-2.1273024 -2.1586919 2.4892788 96
-0.73652107 -2.1568465 2.4744332 84
-0.52790254 -2.1193905 2.4238877 79
-0.47179687 -2.119458 2.463639 87
-0.36510023 -2.1020203 2.4471443 90
-3.9484234 -2.0138834 2.4442625 81
-3.8468771 -2.0591302 2.415364 47
-3.6816564 -2.0192997 2.4544647 76
-3.5578055 -2.0516629 2.4518778 68
-3.0229425 -2.0738292 2.4623346 76
-2.7422814 -2.0490124 2.4699922 97
-2.2699454 -2.0779901 2.4923718 87
-2.0917726 -2.0617931 2.4898529 95
-0.54528445 -2.0905876 2.4067252 68
-0.29648429 -2.033591 2.408087 65
-0.15125799 -2.0376525 2.4634593 64
-4.106113 -1.9859272 2.471848 71
-3.7775428 -1.9661367 2.4275999 59
-3.5680509 -1.9130734 2.4710448 76
-3.477468 -1.9808699 2.4345999 60
-2.9632266 -1.9751382 2.4676542 70
-2.6963949 -1.9577006 2.4714427 81
-2.227149 -1.9790534 2.4951394 100
0.30003095 -1.976915 2.4591923 66
0.57308549 -1.937447 2.4293442 58
0.75420135 -1.9248481 2.4551489 36
-4.1662083 -1.8714561 2.4067335 49
-4.0916038 -1.856082 2.4724171 73
-3.9417429 -1.8931187 2.448667 81
-3.6849568 -1.8841462 2.4433751 69
-3.4214618 -1.8940581 2.4398971 65
-3.3686159 -1.8100631 2.4448953 65
-2.9052753 -1.8773675 2.4698036 81
-2.6535828 -1.8691943 2.4715931 76
-2.1890485 -1.8853638 2.4995317 85
1.0039519 -1.8869088 2.4617586 33
1.193679 -1.881333 2.4774365 6
1.4074566 -1.8542026 2.49175 6
-4.2688136 -1.7443787 2.4004891 42
-4.0621924 -1.7392879 2.4310308 57.333332
-3.9143643 -1.7625918 2.4399107 63
-3.6463366 -1.7802539 2.447469 68
-3.5674467 -1.795127 2.4768951 76
-3.3134084 -1.7261844 2.4460979 68
-2.8483889 -1.7835532 2.4708552 76
-2.6085963 -1.7808095 2.4699402 79
-2.1473103 -1.790778 2.49722 94
-4.2017145 -1.6622199 2.4123056 60
-4.0582442 -1.6054163 2.4693639 57
-3.9299376 -1.6338359 2.4283085 57.5
-3.64728 -1.6668719 2.4555316 66
-3.5531511 -1.6814493 2.4532063 79
-3.4944444 -1.6002918 2.4429288 63
-3.2714424 -1.6495844 2.4550912 67
-2.7730594 -1.6494515 2.474551 75.5
-2.5563455 -1.6613731 2.4760442 88
2.4824724 -1.6700665 2.4910977 65
2.5331428 -1.6584255 2.4467387 68
2.6365309 -1.6535976 2.4811981 64
2.8304524 -1.6161863 2.42521 78
-4.1180334 -1.5741105 2.4118388 59
-3.894455 -1.5376918 2.4314566 57.5
-3.6326087 -1.552605 2.4543893 69
-3.5513666 -1.5682627 2.4749217 99
-3.4304056 -1.5140294 2.4436448 64
-3.2226474 -1.5713396 2.4566917 66
-2.699614 -1.5192667 2.4750671 72
-2.5098157 -1.547616 2.485616 80
3.0368764 -1.594045 2.4431734 68
3.400497 -1.547835 2.42784 76
-4.2376175 -1.4759763 2.4110069 61
-4.0454216 -1.4889939 2.4428816 79
-3.9794278 -1.4135823 2.4203441 50
-3.8539956 -1.4407949 2.4300418 59
-3.6220202 -1.4410828 2.4545941 69
-3.5436187 -1.4583294 2.4735188 88
-3.3783805 -1.4352751 2.4513125 64
-3.1547561 -1.457669 2.4595962 73.5
-2.6574063 -1.43689 2.4778202 77
-2.4610114 -1.4357449 2.4891093 90
3.8456817 -1.4907291 2.4781113 65
-4.1619897 -1.396786 2.4098921 57
-4.0579319 -1.3430872 2.4372609 61
-3.9061251 -1.3339851 2.418937 51
-3.7487783 -1.3580773 2.4236903 52
-3.5636492 -1.3379223 2.4575222 90.5
-3.323683 -1.3570602 2.4544363 67
-3.0876043 -1.3459336 2.4584119 72
-2.6241872 -1.3621917 2.4878023 80
-2.4189594 -1.329476 2.4959576 89
5.0599446 -1.3277113 2.4294007 43
-4.0192394 -1.2477287 2.4378881 56.5
-3.8481307 -1.2767589 2.426857 53
-3.6603978 -1.2472239 2.4202988 51
-3.5622058 -1.2333101 2.4625177 82.5
-3.2482154 -1.2412598 2.4591777 71
-3.0330873 -1.2420049 2.4635682 75.5
-2.5704136 -1.2472641 2.4935899 78
5.6972771 -1.2423797 2.4032435 43
-4.0133796 -1.138942 2.4741652 74
-3.9530032 -1.146353 2.4224617 58.5
-3.8593531 -1.193149 2.4469912 81
-3.7667093 -1.1504927 2.430511 60.5
-3.6345458 -1.1866397 2.4377363 65
-3.5699184 -1.1276375 2.4596016 78
-3.174468 -1.1273715 2.4597485 69
-2.9784091 -1.1400707 2.4657257 84
-3.9995766 -1.0270888 2.473891 76
-3.8623638 -1.0649506 2.4391725 67.5
-3.6898293 -1.045077 2.4364398 62
-3.5488646 -1.0362606 2.4599907 80.333336
-3.1312954 -1.0551966 2.4615984 68
-2.9311898 -1.0422153 2.4696896 83
7.4765563 -1.0089353 2.4158137 23
-3.9896665 -0.91721046 2.4750233 77
-3.8349545 -0.97829783 2.4424195 72.5
-3.7810857 -0.91302854 2.4346342 61
-3.6426964 -0.97627395 2.4406869 64
-3.5479577 -0.93852258 2.4585996 77.5
-3.4982102 -0.93490726 2.4723732 63
-3.0734959 -0.94964856 2.4677625 74.5
-2.8917854 -0.94893843 2.4789433 86
-3.9880557 -0.80828094 2.4817467 82
-3.831902 -0.87339926 2.455404 88
-3.7357738 -0.84831119 2.4377618 63
-3.5462677 -0.83317965 2.4673972 72.333336
-3.4387062 -0.86498219 2.4577792 85
-3.0175064 -0.84601271 2.4707522 75
-2.8564949 -0.85692239 2.4883103 78.5
-2.2063713 -0.84535569 2.4512827 150
8.6912737 -0.89769471 2.4619319 13
-4.4173484 -0.72130352 2.4279268 21
-3.9748497 -0.70042235 2.4806399 77
-3.8196497 -0.76900071 2.4552398 90
-3.6792741 -0.7546612 2.4449129 65
-3.5286133 -0.74492216 2.4698472 85.666664
-3.476541 -0.71200264 2.4546373 69
-3.3729153 -0.76840365 2.4507856 71.5
-2.9775999 -0.74872071 2.4818325 78
-2.8175142 -0.76505244 2.489974 80
-2.7906637 -0.70353103 2.4894996 77
-2.1575918 -0.74650323 2.4263659 34
-4.4168692 -0.6092034 2.4368169 54
-3.8128061 -0.6662879 2.4597571 88
-3.6235473 -0.66195941 2.4489796 64
-3.5484419 -0.62092799 2.4718854 82.333336
-3.4471109 -0.64938271 2.4622951 71
-3.3192959 -0.65073323 2.4627357 72.5
-2.9319172 -0.64964771 2.4854007 74
-2.7738955 -0.6464718 2.4971154 81
-2.1688499 -0.67252356 2.4770994 28
-3.9606056 -0.59595603 2.4781497 77
-3.7959137 -0.56318283 2.4576542 93
-3.5498941 -0.53126264 2.4672008 86
-3.452064 -0.56280243 2.4736276 81
-3.3725541 -0.52181661 2.4609652 70
-3.262291 -0.53270245 2.465457 74
-2.9098051 -0.58659679 2.493387 71
-2.8840845 -0.52167892 2.4956734 70
-4.4096737 -0.4964956 2.4412904 96
-3.9549565 -0.49104702 2.4820664 79
-3.7901056 -0.46341243 2.4626961 90
-3.5307245 -0.45320284 2.4705803 79.5
-3.494534 -0.4333725 2.4747581 86.5
-3.3437166 -0.46015039 2.4635487 65
-3.2289829 -0.44594145 2.4720187 77
-2.857234 -0.45780334 2.4960549 72
-4.399281 -0.38597867 2.4435363 87
-3.9506936 -0.38512951 2.4857137 81
-3.7797911 -0.362903 2.4635983 95
-3.5094726 -0.32899067 2.4729822 96
-3.4636796 -0.33859304 2.4707868 73.666664
-3.3180938 -0.39933962 2.4678481 65
-3.2455015 -0.36216214 2.4688466 70
-3.181191 -0.33075398 2.4741697 72
-2.8248453 -0.36416405 2.4994307 72
-4.3925619 -0.27625692 2.4493711 77
-3.9309597 -0.28029689 2.4801226 86
-3.7697606 -0.26238671 2.4658854 90
-3.5050313 -0.23415522 2.4799516 96
-3.4473362 -0.24947789 2.4774895 86
-3.2577291 -0.24762467 2.4747448 74.5
-3.1559286 -0.24556297 2.4799881 76
-4.383379 -0.16762862 2.4530833 77
-3.9291964 -0.17536536 2.4854467 89
-3.7640243 -0.16361351 2.470916 87
-3.5031555 -0.14016436 2.4885674 98
-3.4730678 -0.15861158 2.4920051 102
-3.3863282 -0.15796173 2.4693775 67.5
-3.2217221 -0.15676935 2.4744453 71
-3.1231627 -0.13325185 2.4859872 74.5
-6.7456942 -0.046850152 2.4054911 109
-4.3704696 -0.056255151 2.45366 80
-3.9213758 -0.072465904 2.485466 84
-3.745743 -0.064599089 2.467669 94
-3.477607 -0.054782897 2.4907227 99.5
-3.3490584 -0.042300936 2.4737322 66
-3.2085016 -0.097387329 2.4816315 73
-3.187736 -0.036689825 2.4803267 73
-3.0985317 -0.048007265 2.4877284 88
-4.3585835 0.052173201 2.454766 79
-3.9113407 0.030421117 2.4851952 82
-3.7378626 0.033032037 2.4724181 86
-3.4683404 0.039272349 2.4920051 97
-3.3241551 0.044480197 2.4759634 64
-3.1683402 0.05342114 2.4855418 78.5
-3.0838661 0.036757749 2.4935637 77
-6.7482352 0.1100881 2.4163206 105
-4.3416486 0.16130482 2.4525607 81
-3.9071064 0.13433969 2.4888401 89
-3.7295702 0.1326523 2.4757979 93
-3.4588394 0.13288078 2.4936893 102
-3.3135915 0.10196251 2.4809108 68
-3.2952418 0.15907899 2.4775383 67
-3.1455562 0.14238843 2.4860468 82
-3.0635231 0.14924987 2.4979024 77.5
-6.7498922 0.27101418 2.4265964 93
-4.3378043 0.27020887 2.457809 77
-3.8945913 0.23721391 2.4868913 96
-3.7131577 0.22877516 2.4736269 88
-3.4500408 0.22761436 2.4952202 99
-3.2826223 0.24697864 2.4826512 68.5
-3.1293554 0.23216292 2.4874563 72
-4.327589 0.3787322 2.4600189 78
-3.8853955 0.34010631 2.4871788 93
-3.7077129 0.32755595 2.4800394 101
-3.4410307 0.32757241 2.4954681 99
-3.2678361 0.36479479 2.486434 69.5
-3.1148882 0.353526 2.4911942 72
-4.3161378 0.48919567 2.4603031 80
-3.8828235 0.44503435 2.4919417 94
-3.6887422 0.42452592 2.476218 96
-3.4297774 0.41590306 2.497741 101.5
-3.2621553 0.4545514 2.4914074 72
-3.1109483 0.44586685 2.4960024 85
-4.3097429 0.59895265 2.463897 77
-3.8678317 0.54789633 2.4883139 78
-3.6789939 0.52335459 2.4783819 64
-3.4159958 0.50985646 2.4959533 106.5
-3.2586217 0.5449363 2.492662 66
-3.840425 0.6476928 2.4762955 131
-3.6459358 0.61846697 2.4651654 138
-3.3995264 0.60935336 2.4975712 105
-3.2607336 0.6686095 2.4973917 72
-4.296082 0.70927852 2.4639063 78
-3.8524923 0.75669992 2.489738 92
-3.6547799 0.72010791 2.4823732 97
-3.2596946 0.76163054 2.4944019 70
-2.5777547 0.76443899 2.419127 32
-2.4779556 0.76523423 2.4357903 38
-4.282269 0.81760126 2.4625137 77
-3.846612 0.86261111 2.4922626 93
-3.6442742 0.81958371 2.485481 103
-3.266695 0.82702005 2.4977221 82
-2.051158 0.82707 2.4121718 33
-1.5492085 0.87584722 2.4661136 51.5
-4.2781243 0.93149638 2.467793 76
-3.837419 0.96850514 2.4925504 92
-3.6353016 0.92115617 2.4897103 97
-1.1479075 0.93350101 2.4836631 47
-0.75583047 0.96698999 2.4953687 64
-4.2658544 1.0419127 2.467519 83
-0.66671675 1.0168931 2.4493761 46
-0.53824782 1.0388708 2.4808984 51
-0.38624024 1.0280052 2.4975731 61
-0.25076726 1.0533319 2.4735196 56
-0.15819329 1.0530102 2.4940073 64
-0.16473833 1.1053758 2.4439557 58
0.037404247 1.1138579 2.4416909 54
-4.6360416 1.2379326 2.4046013 97
0.6576097 1.2046562 2.4248586 50
0.82361865 1.2131732 2.4355259 45
1.1178453 1.2579151 2.4031546 49
1.282162 1.2720108 2.4863939 48
1.5934798 1.3183581 2.4119904 38
1.7556593 1.3265064 2.4467115 24
2.0321794 1.3643014 2.4417415 9
4.3235741 1.7162741 2.408031 33
9.3632345 2.4442422 2.4557812 15
19.404314 3.7013173 2.4849777 4
-1.6566734 -2.2686729 2.519959 110
-1.1540926 -2.2158628 2.5299408 118
-1.6671277 -2.1560574 2.5220752 106
-1.5893028 -2.1776867 2.5223618 114
-1.141921 -2.1324615 2.5487976 112.5
-0.74077386 -2.1359699 2.5634122 117
-0.53645086 -2.1304076 2.544601 96
-0.47341526 -2.1186399 2.5749207 129
-0.36589614 -2.1116526 2.5705414 115.5
-1.6397331 -2.0608828 2.5295427 99
-1.5659767 -2.0820627 2.5258677 113
-1.1242576 -2.0346456 2.5500765 107
-0.73049206 -2.045197 2.5723896 118
-0.56805223 -2.0817761 2.5583167 91
-0.46834767 -2.0267243 2.5814235 119
-0.35695943 -2.032248 2.568018 103.66666
-0.19105107 -2.0410058 2.5841415 70
-2.0662391 -1.9783652 2.5014997 104
-1.6106412 -1.9627365 2.5301335 98
-1.5315355 -1.9435732 2.5280457 107
-1.1084805 -1.9437382 2.5551682 109.5
-0.72066557 -1.9533988 2.5753047 115
-0.5317744 -1.9694445 2.5801508 120
-0.46236306 -1.9318048 2.5779696 105
-0.36196774 -1.9357059 2.5874805 117
0.10093164 -1.9838567 2.5103405 57
0.27595687 -1.9771013 2.5684092 65
0.55580968 -1.9343724 2.5327199 55
0.7438972 -1.9257236 2.5564747 56
-2.0200539 -1.8465991 2.5041642 95
-1.5438342 -1.844667 2.5360701 106.5
-1.0930078 -1.8558512 2.5587411 128
-0.71110237 -1.8656006 2.5802021 108
-0.52890986 -1.8824602 2.5864279 116
-0.4579922 -1.8498895 2.5904305 110
-0.35930523 -1.8487322 2.5912428 104
0.99782413 -1.8860424 2.5648232 48
1.1915452 -1.8735332 2.5625179 26
1.4091854 -1.847517 2.5829899 19
-2.1193874 -1.7087653 2.5097432 110
-1.9833869 -1.7253042 2.5149391 102
-1.5608549 -1.784225 2.5406084 105
-1.4826554 -1.7319417 2.5368314 116
-1.0774157 -1.7686996 2.5603182 110
-0.70097709 -1.7757993 2.5791271 114
-0.52365649 -1.750983 2.5848856 105
-0.45290339 -1.7589511 2.5848889 106
-0.35687432 -1.7617533 2.5919738 114.5
-2.0831406 -1.6209989 2.5099552 102
-1.9571017 -1.6448493 2.5166039 104
-1.5247415 -1.6532826 2.5413284 108.5
-1.4656633 -1.6519489 2.5426977 125
-1.0612202 -1.6586438 2.5621336 115.66666
-0.68698657 -1.6510863 2.5829253 111.5
-0.52014232 -1.6295018 2.5912211 112
-0.44754809 -1.6750314 2.5863943 106
-0.34836331 -1.6522659 2.594568 115.33334
2.634608 -1.6395631 2.5557547 73
2.7459109 -1.6332241 2.5953271 67
2.9539127 -1.6000396 2.5458586 72
-2.0548155 -1.5399835 2.5174949 94
-1.9344376 -1.5681974 2.5219333 110
-1.4714808 -1.553581 2.5479784 113.5
-1.0376679 -1.5482259 2.5668356 113.66666
-0.67408359 -1.5303502 2.586627 114
-0.51697278 -1.5505168 2.5935092 121
-0.44022888 -1.557653 2.5951114 119.5
-0.34995517 -1.5598063 2.5996485 119
3.1753767 -1.574886 2.5705218 67
3.5506048 -1.5223291 2.5529828 70
-2.0240593 -1.4590367 2.5202305 93
-1.910401 -1.4916029 2.523375 112
-1.889985 -1.4188116 2.5284808 105
-1.4386654 -1.4545794 2.545675 109.66666
-1.0482922 -1.4363164 2.5718992 78
-0.6641162 -1.4455191 2.5744932 124
-0.51489711 -1.4735277 2.5967054 100
-0.43274724 -1.4382522 2.5907938 126
-0.34577417 -1.4393349 2.5950141 129.5
4.4000163 -1.4039246 2.5006082 52
-1.9831345 -1.3414383 2.5248761 97.5
-1.8655399 -1.3432049 2.524936 110
-1.4277134 -1.3615324 2.5538666 104
-1.0457844 -1.3509002 2.5795236 78.666664
-0.88118643 -1.3329214 2.5976648 41
-0.65419209 -1.3407526 2.5909753 128.5
-0.50986886 -1.3605497 2.5966477 122.5
-0.42793536 -1.3653319 2.5962625 143
-2.3929675 -1.2609802 2.5004978 95
-1.9490494 -1.2306257 2.5359414 110
-1.8389603 -1.2402776 2.5337019 99.5
-1.4267254 -1.2611887 2.5576396 104
-1.3792849 -1.2419498 2.5569715 117.5
-1.0436544 -1.2389106 2.5823925 93
-0.98344135 -1.2525367 2.5762205 125.5
-0.64255667 -1.2289777 2.5895417 124
-0.50467926 -1.2495713 2.5945966 127
-0.42096266 -1.2549309 2.5959115 132.5
-0.35728931 -1.2914258 2.5995643 149
5.3747563 -1.2835151 2.5938518 38
-2.5198359 -1.1352153 2.5000966 86
-2.3564177 -1.1595773 2.505568 90
-1.9233111 -1.1554979 2.5362239 92
-1.8083223 -1.1355309 2.5328126 104
-1.4027306 -1.1519008 2.5628064 104
-1.3548452 -1.1322603 2.5485697 125
-1.0508727 -1.157505 2.5866194 73.5
-0.97985828 -1.1554298 2.5782821 134.5
-0.86043519 -1.1689266 2.5982749 91
-0.63602251 -1.1581057 2.5901504 122
-0.50155795 -1.1795857 2.5968795 130
-0.499439 -1.1105959 2.5990751 132
6.045465 -1.1929311 2.5702105 29
-2.4901884 -1.0633566 2.503736 85
-2.326705 -1.0627989 2.516012 93
-1.9009651 -1.084263 2.5392168 94
-1.877292 -1.0110631 2.5393159 96
-1.7842695 -1.0374236 2.5383117 110
-1.3586553 -1.0403566 2.5611873 126
-1.0377401 -1.0536867 2.5883012 78.333336
-0.96400702 -1.051278 2.5796537 129.25
-0.62573957 -1.0553211 2.5961223 122
-2.4507556 -0.95938766 2.5132637 82.5
-2.3001809 -0.99629122 2.5135677 92
-2.2710435 -0.92890316 2.5053442 127
-1.8545083 -0.93982649 2.5373285 90
-1.761182 -0.94024658 2.5427117 111
-1.3401705 -0.94058466 2.5680473 118
-1.0144495 -0.94532126 2.590224 82
-0.95012188 -0.950104 2.5812969 131.5
-0.8299877 -0.93742603 2.5997498 91
-0.6159566 -0.95351094 2.5960274 124
8.0232525 -0.91316563 2.5960009 21
-2.4089088 -0.85638422 2.5161054 84
-1.8306 -0.83965427 2.5454826 91
-1.7392371 -0.84599656 2.5464935 100.5
-1.3278885 -0.85070723 2.5663521 121.66666
-1.2997183 -0.81240922 2.5698054 130
-1.0109667 -0.85106105 2.5875895 81
-0.94905508 -0.85027504 2.5882866 122.2
-2.3727512 -0.75476021 2.5213261 85
-1.8030558 -0.73858541 2.5469315 96
-1.7208489 -0.75455189 2.5539477 107
-1.3199666 -0.74114674 2.5722473 122
-1.2881906 -0.74802631 2.5690775 132
-0.95807362 -0.74503881 2.5908375 109.66666
-0.80576217 -0.7536006 2.5982404 95
-2.3383968 -0.65505725 2.5233738 88
-2.1757441 -0.62222409 2.508636 40
-1.7573289 -0.65833002 2.5543287 111
-1.6948509 -0.63093835 2.553587 114
-1.3080895 -0.67549622 2.5743232 115
-1.2814208 -0.6414687 2.5722537 127.33334
-0.94640762 -0.65367323 2.5923305 109.2
-0.89544827 -0.61267728 2.591804 127
-0.79197985 -0.64719319 2.5989912 90
-2.744962 -0.55856252 2.5018625 84.5
-2.3116646 -0.55807996 2.5307648 94
-2.1727636 -0.53994906 2.5366173 91.5
-1.7634127 -0.54595375 2.5615108 87
-1.6778566 -0.54238564 2.5578907 113.5
-1.2666842 -0.54019451 2.5772178 117.33334
-0.94310087 -0.56533831 2.5927808 109
-2.710052 -0.44297332 2.5086825 86
-2.2800636 -0.46125782 2.5285513 84
-2.1506279 -0.45164692 2.5362835 92
-1.7401466 -0.44872308 2.5585651 103
-1.6626611 -0.45369884 2.5600123 112
-1.2652768 -0.45174775 2.5835645 113
-0.94176781 -0.44955671 2.5932903 89.25
-2.6802797 -0.32908559 2.5155191 82.5
-2.259496 -0.36654592 2.5363955 91.5
-2.1331892 -0.36559808 2.5415285 95
-1.7236681 -0.35428265 2.5630484 98
-1.6492937 -0.36641532 2.5644665 118.5
-1.2417334 -0.3586131 2.5825603 111.33334
-0.92442691 -0.34521443 2.5905743 94
-0.75313437 -0.33905679 2.597187 107.5
-2.7878306 -0.2397189 2.5052154 76
-2.661705 -0.24358101 2.5217986 90
-2.2302623 -0.24064171 2.5394876 82
-2.1100693 -0.25082004 2.5428159 94
-1.7080414 -0.26029286 2.5654464 111.5
-1.6311533 -0.24985059 2.5654125 111.5
-1.2337091 -0.2544609 2.5864458 121.5
-0.91314667 -0.24355157 2.5966656 99.5
-2.7680612 -0.1475596 2.5139794 83
-2.6423202 -0.15910321 2.5241361 88
-2.211868 -0.14783165 2.5426209 79
-2.0935745 -0.13717425 2.5494995 98
-1.6536366 -0.13623022 2.5707712 110.5
-1.2264467 -0.14747143 2.5904386 118
-0.90755337 -0.14552796 2.5974195 99
-0.8909505 -0.137501 2.5972733 107
-2.7467856 -0.054945853 2.5173569 81.5
-2.6215 -0.046181791 2.5291214 80
-2.2005773 -0.085253365 2.5446227 88
-2.190233 -0.02363598 2.545536 86
-2.082011 -0.052250538 2.5521746 97
-1.6434863 -0.046653055 2.5745528 113.5
-1.2149315 -0.074150249 2.5924146 124.5
-1.1969523 -0.037755966 2.5927422 127
-0.89404017 -0.04473016 2.5993314 106.5
-2.7226534 0.06855765 2.5204742 83
-2.6076813 0.038619779 2.5319364 82
-2.598377 0.095154457 2.5328169 83
-2.1795363 0.069463447 2.5504913 87.5
-2.0702434 0.033728149 2.5523334 95.5
-1.6476687 0.035721693 2.5771282 111
-1.5935018 0.065821141 2.572602 127
-1.2162144 0.039351493 2.5887284 120
-1.1881678 0.04933919 2.5948231 142
-0.86248833 0.061047029 2.5952058 91
-2.7040761 0.15979974 2.5195932 79
-2.5912135 0.15080823 2.5345004 79
-2.1707449 0.16263947 2.5542727 87
-2.0579796 0.14621165 2.5540705 96.5
-1.6615231 0.14167349 2.5786495 107
-1.5872809 0.1515646 2.5768671 122.5
-1.2091782 0.16264163 2.5969291 111.5
-1.1739089 0.19425081 2.5915551 139
-0.87002081 0.12165058 2.5990963 90
-3.04919 0.26306689 2.5026846 83.5
-2.7032473 0.2222639 2.5265622 83
-2.6879349 0.28365248 2.5198793 77
-2.582202 0.23640291 2.5353546 84.5
-2.1611111 0.25679523 2.5546155 87.5
-2.0513163 0.26147085 2.55932 94.5
-1.6542087 0.23544586 2.578305 107
-1.5800382 0.26780841 2.5807807 118.5
-1.2035332 0.25548592 2.5989718 106
-1.1715317 0.25416419 2.5989735 135
-3.4434521 0.3150802 2.5005386 99
-3.0412567 0.34920958 2.5058825 83
-2.6899879 0.34773335 2.5286963 83
-2.5741858 0.35158598 2.5386267 85.5
-2.1556399 0.3511045 2.5565946 88
-2.0483456 0.34841216 2.5636926 104
-1.6451664 0.36117119 2.576612 105
-1.5755541 0.35617849 2.5838778 130
-1.1976001 0.34933123 2.5980287 116.5
-3.0334921 0.43637604 2.5060503 76.5
-2.6818366 0.4419198 2.5278761 82
-2.5689113 0.46794325 2.5396309 85.5
-2.1549585 0.44808507 2.5626628 93.5
-2.044318 0.43682396 2.563143 100.5
-1.6438432 0.45713183 2.582262 115
-1.5704868 0.4440611 2.5804992 122
-1.193808 0.44423532 2.5989053 111
-0.82624549 0.45444861 2.5990317 91
-4.877389 0.53470343 2.5075128 20
-3.4176478 0.59988296 2.5004523 113
-3.1099491 0.54034686 2.5010428 74
-3.0286689 0.55472749 2.507432 77
-2.6810188 0.53840631 2.5314131 93
-2.5667505 0.55594498 2.5398371 89
-2.1505315 0.54394972 2.5600307 84
-2.0454035 0.55606866 2.5676575 96.5
-1.6414182 0.55407518 2.5814848 118.5
-1.5685889 0.56564808 2.585916 117.5
-0.81594175 0.52192575 2.5968544 102
-3.4116209 0.69582206 2.5037658 114
-3.1101646 0.6669091 2.5029354 74.5
-3.0294139 0.64485139 2.5088143 77
-2.6803675 0.6354115 2.5314207 85
-2.5699067 0.64682698 2.5426621 89.5
-2.1541314 0.6442951 2.5641713 95.5
-2.0474916 0.64784068 2.5700445 92
-1.6387322 0.65101874 2.577719 114
-1.570647 0.65842521 2.5919082 102
-0.79874206 0.65806592 2.5974975 90
-3.4044945 0.79375964 2.5051312 102
-3.3808343 0.75085509 2.5018077 109.5
-3.1147535 0.76416487 2.5044513 81
-3.0389614 0.7384339 2.5148993 85.5
-2.6825726 0.7335428 2.5301659 98
-2.5719857 0.73808575 2.5414553 87
-2.150707 0.74141008 2.5558877 93
-2.05106 0.74070239 2.5727932 100.5
-1.6466391 0.75528336 2.5885754 95.5
-1.5682197 0.75200891 2.5877802 117
-3.3968139 0.89069623 2.5073256 107
-3.1155078 0.82923818 2.5023251 98
-2.151861 0.80848283 2.5527608 74
-2.0113046 0.81431729 2.5093188 55
-1.6508026 0.85844588 2.5907288 108
-1.5712256 0.84889823 2.5901723 97
-1.1145304 0.90955055 2.5237751 57
-0.74952126 1.0086529 2.5912614 71.5
-0.47636557 1.0439899 2.5098138 55
-0.21915883 1.1006894 2.5818937 91
-0.00062605139 1.109419 2.5632164 50
0.64273471 1.2007133 2.5371034 41
0.8178764 1.2170585 2.5488439 43
1.1177287 1.2586836 2.5123196 48
1.2896085 1.2743435 2.5882187 39
1.60285 1.3198936 2.5079241 40
1.7745999 1.3253261 2.5732861 29
2.0485749 1.367579 2.5321276 19
2.176301 1.3741038 2.5633121 5
2.2891469 1.3868721 2.5279381 0
2.9341903 1.5257556 2.5229802 51
3.0879464 1.5421485 2.5075104 51
3.2501378 1.5688093 2.536855 39
3.6341336 1.6183767 2.5646207 37
3.7986548 1.6480317 2.528724 35
6.3644748 1.9822325 2.5034354 24
-9.8730984 -3.2334936 2.6376359 98
-9.9062891 -3.0185573 2.6786697 97
-6.5298095 -2.9436767 2.6035912 33
-5.7417545 -2.8017297 2.6663032 30
-5.0701509 -2.7570846 2.6426311 39
-0.6278522 -2.0548058 2.60589 89
-0.38696051 -2.0221326 2.6329179 93
-0.62268353 -1.9578462 2.6115966 61
-0.20790997 -1.9852109 2.6335945 100
0.061131384 -1.9485774 2.6450243 83
0.25373179 -1.9612955 2.6615691 101
0.53589898 -1.9426458 2.6584036 69
0.73289108 -1.924576 2.6618526 87
-0.21030268 -1.8949586 2.6382322 74
0.24545993 -1.8717257 2.6590981 100
0.52053261 -1.8654392 2.675096 83
0.7177493 -1.8608372 2.6844213 93
0.98437345 -1.8535824 2.6885312 80.5
1.19254 -1.8729323 2.6613607 37
1.414214 -1.8419312 2.681294 29
1.5917437 -1.8316222 2.6244617 7
1.7350059 -1.8079516 2.628145 5
0.23213768 -1.7478542 2.6596055 94.5
0.50655508 -1.7762151 2.6703019 84
0.68781102 -1.7051672 2.6827183 90
0.70232803 -1.7839885 2.6855881 92
0.95449895 -1.7324963 2.6881204 81
1.8580891 -1.7915617 2.679641 5
0.22089054 -1.6270982 2.6600521 51
0.48815164 -1.6529365 2.6726367 85
0.67404896 -1.6293887 2.6802638 89
0.93635285 -1.6561462 2.6901717 84
1.1202158 -1.6142395 2.6986532 89
2.5867062 -1.6539617 2.6072762 74
2.7496207 -1.6233951 2.6808407 72
-0.36450166 -1.5193787 2.6009159 125
0.47100273 -1.5346767 2.6744792 61
0.66146857 -1.5586902 2.6817842 86
0.91189355 -1.5411615 2.6873589 75.5
3.0840175 -1.5802104 2.6742067 65
3.7270594 -1.5009637 2.6996381 69
0.46147054 -1.4555302 2.674016 39
0.64475894 -1.4532423 2.6817765 86.5
0.889193 -1.4322194 2.687613 86
1.0868419 -1.4805876 2.6960106 85
4.0360551 -1.4594643 2.6164994 50
-0.70704246 -1.355835 2.610903 56
-0.57631159 -1.3345455 2.6086082 16
-0.3544642 -1.3693002 2.6055405 95.666664
-0.20997173 -1.3120571 2.6333656 25
0.019790059 -1.3091269 2.6441865 25
0.62965727 -1.3488544 2.6759121 86
0.87625039 -1.3619682 2.687716 83
4.6428013 -1.3742256 2.660949 52
-6.1985478 -1.2434986 2.6296227 37
-0.87328917 -1.2522979 2.6018069 95
-0.70005226 -1.232343 2.6129787 95
-0.57065636 -1.2557573 2.6095319 86
-0.35259253 -1.2510915 2.612334 114.2
-0.20974973 -1.2379659 2.6351669 96
0.015355354 -1.2350843 2.6484439 89
0.61652434 -1.2517419 2.6773443 91.5
0.85864449 -1.2601345 2.6909428 85.5
1.044872 -1.2915059 2.6960552 91
1.2399062 -1.23078 2.6975043 81
-6.2232561 -1.1009411 2.6526744 126
-0.69501173 -1.1523488 2.6119657 95
-0.5635519 -1.1430228 2.6142602 101
-0.41350043 -1.1485479 2.6006207 136
-0.34982347 -1.1473418 2.6103156 121.66666
-0.21099702 -1.1671606 2.6399393 97
0.01139768 -1.162007 2.6495705 96
0.60463822 -1.1576996 2.6805239 100
0.84214556 -1.1573006 2.6847477 105
1.0162586 -1.1425656 2.6942637 98.5
-0.84600741 -1.0521371 2.6008255 94.5
-0.69039357 -1.0733539 2.6118593 93
-0.55381304 -1.029412 2.6135762 100
-0.43725768 -1.0449692 2.602567 127
-0.34001082 -1.0506145 2.609457 123.2
-0.20689863 -1.0576911 2.6322775 114.5
0.0094423201 -1.0519876 2.6482205 106
0.59515333 -1.0615907 2.6724823 93.5
0.82856894 -1.0604055 2.6854105 87
0.99365729 -1.0009195 2.6954298 107
1.002744 -1.0583931 2.6985373 93
1.2026852 -1.0468878 2.6973512 86
-6.2197762 -0.95199782 2.6633356 122
-0.68322837 -0.95886266 2.6123633 92.5
-0.5499211 -0.95854872 2.617162 105
-0.46167794 -0.94400495 2.6051018 128.66667
-0.35095251 -0.95134914 2.6169229 115.25
-0.20520163 -0.95515299 2.6358047 117
0.0053222389 -0.94694906 2.651397 109
0.58433777 -0.94292963 2.6744223 91
0.8134228 -0.93197167 2.6801624 94
0.98494512 -0.9434523 2.6891818 95
1.1889056 -0.95906013 2.6973529 95.5
-6.2211909 -0.80577594 2.6759109 118
-0.82167196 -0.86383009 2.602035 89
-0.62959689 -0.85259277 2.6049511 121.33334
-0.5398885 -0.85045004 2.6139727 110
-0.48768729 -0.84464812 2.6041281 140
-0.34978041 -0.84987974 2.6153035 127.42857
-0.20072308 -0.85274774 2.6323497 120
0.0054569901 -0.84244949 2.6466269 111
0.57707942 -0.8539601 2.6714408 79
0.80422157 -0.84029859 2.6791029 104
0.97545111 -0.86295849 2.6904366 99.5
1.1716967 -0.84314322 2.6944118 97
-0.66850722 -0.7373817 2.6113479 93.5
-0.56443232 -0.75309551 2.6107373 121
-0.48373398 -0.75166547 2.6145172 136
-0.36571732 -0.74775004 2.6224668 126.25
-0.29964897 -0.7566126 2.6227813 141
-0.196872 -0.75432283 2.6320059 112
0.0052008093 -0.74094939 2.6449957 110
0.57238245 -0.7691381 2.6719604 76
0.79712188 -0.7511785 2.6829004 100
0.96438897 -0.75636137 2.6882665 102
1.1595914 -0.73135698 2.6933312 99
9.2379704 -0.77743715 2.6283524 21
-6.2135601 -0.6570667 2.6838021 126
-0.6634894 -0.63138735 2.6152658 102
-0.55649048 -0.6550976 2.6150913 121
-0.4800753 -0.6576786 2.6168499 135
-0.35821787 -0.65592527 2.622956 128
-0.29400027 -0.66267252 2.6237984 140
-0.19249104 -0.65792465 2.6302967 121
0.0055912943 -0.64145648 2.6431205 111.5
0.56742483 -0.65625691 2.6679258 71
0.79024327 -0.63405818 2.6827435 97.5
0.95638311 -0.65291733 2.688695 104.5
1.1521652 -0.64868271 2.6924717 97
-6.2164249 -0.51175725 2.6960893 123
-0.90893477 -0.5263381 2.6001003 125
-0.88961154 -0.55183643 2.6003792 109
-0.78615701 -0.54546285 2.6116371 65.5
-0.65591466 -0.56039894 2.608815 91
-0.55717814 -0.5418697 2.6156237 130.66667
-0.47556442 -0.56369698 2.6157417 135
-0.35271645 -0.53637785 2.6230273 129.5
-0.28692585 -0.53824544 2.6244454 144
-0.18612266 -0.53160793 2.6305304 117.5
0.005640334 -0.54596645 2.6466181 107
0.56481725 -0.54751444 2.6678452 69
0.78620809 -0.54597598 2.676389 106
0.95095193 -0.55209565 2.6892748 104.5
1.1471274 -0.5685662 2.6910915 93
1.2984039 -0.5436101 2.6994183 96
-0.90228313 -0.46668595 2.6049197 134
-0.88451701 -0.44140664 2.6054926 128
-0.76973414 -0.44025347 2.6048782 99
-0.65095723 -0.4579044 2.6104975 101.5
-0.52659845 -0.44641551 2.6140547 121
-0.46962115 -0.44172189 2.6167674 134.5
-0.34714782 -0.44109741 2.620965 124
-0.28190333 -0.44679844 2.6264114 145
-0.18190235 -0.43973157 2.6332715 112
0.010091564 -0.44851279 2.6383662 108
0.56434691 -0.44088235 2.6677065 62.5
0.78510356 -0.46298152 2.6824667 106
0.94819164 -0.45225668 2.6844082 105
1.1436715 -0.46220526 2.6906512 95.5
1.2955866 -0.45145267 2.6998832 107
-0.87327069 -0.33872285 2.6052601 127
-0.64508909 -0.35541236 2.6126032 105
-0.56207037 -0.35565054 2.6171107 136.5
-0.48234811 -0.35119376 2.6216812 133
-0.34207499 -0.34881005 2.6258678 132.66667
-0.27563494 -0.355863 2.6254737 142
-0.17685182 -0.34839457 2.6342044 119
0.012027567 -0.35503975 2.6377833 115
0.56476033 -0.33479714 2.6679931 55
0.78503764 -0.35049397 2.680546 95
0.94793761 -0.35506189 2.686851 109
1.1442382 -0.35874429 2.6938934 94
1.2944741 -0.35935628 2.6967275 106
-0.87066054 -0.25310871 2.6057084 130
-0.74528474 -0.23942594 2.6053064 102
-0.63904059 -0.25542068 2.6131382 101.5
-0.55246305 -0.23584077 2.6225295 137.5
-0.47439057 -0.25794861 2.620847 129
-0.33256382 -0.23457046 2.6253073 137.8
-0.2676636 -0.23595458 2.6322198 143.5
-0.16927737 -0.25716329 2.6274812 122
0.014377674 -0.26308069 2.6445694 115.5
0.56858957 -0.23138237 2.666625 55
0.78846097 -0.24057332 2.6769571 100
0.95011163 -0.25909799 2.6872296 104.5
1.1464157 -0.25630721 2.6912732 93
-0.85761356 -0.14607301 2.6112282 130.75
-0.7336334 -0.14097805 2.6052926 108.5
-0.63087511 -0.15543331 2.6091418 106
-0.54529005 -0.14498018 2.6257129 136
-0.46403232 -0.148105 2.6241024 130.66667
-0.3319537 -0.14479934 2.6253459 126.75
-0.26124337 -0.14601789 2.6292872 148
-0.16384503 -0.16837162 2.6319706 120.5
0.01943565 -0.14065039 2.6475258 111.5
0.57341444 -0.12900676 2.6618745 56
0.79425991 -0.13171351 2.6788936 102.5
0.95447457 -0.16373232 2.6864362 101.5
1.1528635 -0.15497944 2.6900988 98.5
1.3028612 -0.1596261 2.6940277 98.5
-0.86413211 -0.046981297 2.6079161 111.5
-0.72326648 -0.042468958 2.6079891 108
-0.62630165 -0.056438234 2.6128497 110.5
-0.53766441 -0.055116087 2.623414 136
-0.46373582 -0.061048795 2.6201379 128.33333
-0.33627069 -0.052957788 2.6260502 132.33333
-0.27634937 -0.055692155 2.6329312 148.75
-0.15408403 -0.049258217 2.6312017 116
0.025560593 -0.04922428 2.6450369 109
0.58060336 -0.027277064 2.6637788 58
0.80003554 -0.051338106 2.676053 102
0.96327782 -0.046904843 2.6893625 107
1.1612126 -0.055191185 2.6859598 98
1.3115201 -0.07246764 2.6955342 100
1.4506589 -0.094314061 2.6991057 91
-0.84892166 0.03751979 2.6110809 121.4
-0.71155453 0.05347313 2.6075068 106.5
-0.61918974 0.040550489 2.6111195 110
-0.52886528 0.064217545 2.6262524 141
-0.45313287 0.047022432 2.6241128 132
-0.32833955 0.053324699 2.6289678 128.25
-0.26817733 0.062460743 2.6331646 146
-0.14550909 0.067401737 2.6337981 115.5
0.031486563 0.040201824 2.6441174 111
0.58936584 0.072792865 2.6631899 57.5
0.80810165 0.028485646 2.675386 103
0.97508711 0.069465019 2.6874452 98.5
1.1732285 0.043495275 2.6857438 98
1.3291981 0.056811415 2.6994636 94.5
1.4711503 0.043070525 2.6972957 84
-1.1817555 0.13655964 2.6006937 129
-0.84201258 0.16023432 2.6105511 114.71429
-0.70056987 0.15145177 2.6088471 109
-0.61330754 0.13854098 2.6132264 114.5
-0.5234077 0.15560909 2.6317954 130
-0.44355559 0.15404861 2.6284094 133
-0.32161438 0.14625332 2.6298742 127.5
-0.26117802 0.15288812 2.6413186 142.5
-0.13686281 0.15553591 2.6326303 120
0.041707568 0.16108 2.6395497 105
0.59724081 0.1488671 2.6665313 59
0.60276055 0.19865695 2.6603918 56
0.82051682 0.135221 2.6748893 100
0.98757982 0.16393842 2.6904833 114
1.1912744 0.14251265 2.6927469 95
1.3404405 0.12185822 2.6981285 92
1.4895278 0.13451053 2.6993921 86
-0.83506328 0.25056732 2.6089723 116.25
-0.66141552 0.24479662 2.6078558 104
-0.51682556 0.24599472 2.6299076 132.5
-0.43897188 0.24539983 2.6233952 126.33334
-0.31498188 0.23867838 2.6306667 130.75
-0.25497511 0.24283755 2.6383607 146.25
-0.12799917 0.24365973 2.631012 121.5
0.048323318 0.25148755 2.646667 118
0.60953796 0.25034118 2.6658642 62
0.83625388 0.24287145 2.6803555 96.5
0.99759716 0.23303498 2.6856377 97
1.0051403 0.27971381 2.6861179 106
1.20982 0.24203569 2.6928043 93
1.365604 0.25083038 2.6967306 94
-6.0739794 0.35700259 2.6829679 29
-1.1663998 0.34398231 2.6042233 122.5
-0.82567632 0.3463901 2.6117275 114.375
-0.63971025 0.3244552 2.6088791 108
-0.55384231 0.35343674 2.6219945 125
-0.4309586 0.33774617 2.6307337 137.33333
-0.30470997 0.36306325 2.6308906 130.25
-0.24524085 0.3644976 2.6417391 140.75
-0.11654223 0.36266831 2.6349106 121
0.057630271 0.34294063 2.6445384 111
0.61915433 0.32740816 2.6705046 60.5
0.85382414 0.34899467 2.6768322 99.5
1.0182886 0.35014394 2.6876912 93
1.2309127 0.34050611 2.688539 96.5
1.3976241 0.38047886 2.699645 86
-1.1588686 0.46374303 2.6057622 128
-0.81042224 0.45972568 2.6215591 123.2
-0.66645837 0.44436622 2.60569 112.5
-0.53329027 0.43232903 2.6274226 126
-0.42308348 0.44737163 2.628808 131.5
-0.26785421 0.45758003 2.638236 132
-0.10713526 0.45226172 2.6335163 114
0.072030134 0.46334016 2.6369443 103.5
0.63520014 0.43017679 2.6737876 69
0.87480885 0.45654362 2.6758976 100.5
1.0375199 0.44480243 2.6905735 96
1.2566886 0.43984154 2.6908603 89
-1.1791245 0.5461185 2.6042337 125
-0.80567074 0.55651617 2.613358 114.75
-0.79937643 0.59703338 2.6040361 93
-0.65282226 0.54321814 2.6016257 117
-0.58598351 0.53299302 2.611268 104
-0.44458318 0.55865026 2.6317735 129.8
-0.25960821 0.55311584 2.6439099 136.625
-0.10010283 0.51194239 2.633317 113
-0.093022965 0.57160825 2.6353543 117
0.082867429 0.55421036 2.6349969 106
0.65211558 0.53193301 2.6681008 72
0.89185709 0.53718054 2.6738751 100
0.90556252 0.59188271 2.6754484 84
1.058094 0.53842187 2.6858151 98
1.2860588 0.540088 2.6926398 92
-1.1646625 0.64621496 2.6090555 125.33334
-0.79572165 0.65180302 2.618423 129
-0.64697182 0.64546335 2.6120567 102
-0.57627082 0.63247418 2.6052208 115
-0.44038096 0.65303618 2.6444128 140.33333
-0.39810777 0.65764058 2.6233673 118
-0.26950017 0.650141 2.6417022 139
-0.19609517 0.64720631 2.6522245 150
-0.081335656 0.66258347 2.6316886 120.5
0.093785033 0.64856791 2.6424489 97
0.67167449 0.63752472 2.6713214 79
0.91935199 0.64757764 2.6792588 97
1.0820848 0.63435984 2.6881447 97.5
1.319562 0.64222538 2.696327 84
-1.175053 0.7407434 2.6061676 124.33334
-0.78880411 0.75075215 2.6117566 112.6
-0.63560385 0.74644345 2.6107419 107
-0.57330221 0.73646891 2.6136765 106.5
-0.45872083 0.75092793 2.6384361 137.33333
-0.38649884 0.75610483 2.6227958 111
-0.2610873 0.7472294 2.6409113 132.83333
-0.18687856 0.74460638 2.6525486 138
-0.07109078 0.7566039 2.636126 115
0.10542855 0.74292421 2.6436179 89
0.69376159 0.74448991 2.6740458 98.5
0.94067907 0.73012567 2.6764543 100.5
1.1093138 0.73259008 2.6908655 92
1.3652394 0.77044189 2.6954911 83
-1.1600014 0.84222388 2.6101944 133.33333
-0.78158706 0.8486619 2.6189907 118.57143
-0.62327766 0.84887904 2.6076341 101.5
-0.56568611 0.83845371 2.6121626 106
-0.42911115 0.85026926 2.6420596 141.33333
-0.37615579 0.85564536 2.6227062 127
-0.25238571 0.84797591 2.6445503 131.66667
-0.17739293 0.84300739 2.6498845 129
-0.058090001 0.84999454 2.6346884 111.5
0.12097104 0.83724034 2.6399827 84.5
0.71787512 0.85286361 2.6738255 106.5
0.97355253 0.84291267 2.679909 92.5
1.138853 0.8317678 2.6935284 94
1.384227 0.81997448 2.6906688 89
-1.1893964 0.90937799 2.6044781 117
-0.7739293 0.94643509 2.616509 108.5
-0.61405981 0.95555413 2.6117578 111
-0.55847758 0.94393897 2.611557 111.5
-0.46954417 0.95715439 2.6379223 135.5
-0.37688765 0.95609659 2.6340668 115
-0.24251245 0.94954294 2.6432025 133.5
-0.16745718 0.94689453 2.6542873 137
-0.047317244 0.94848168 2.6409364 119
0.13407961 0.93457508 2.6440256 72
0.74391371 0.96115303 2.6695371 106.5
1.0106361 0.96010351 2.6863937 90.5
1.1716018 0.93279839 2.6954534 96.5
1.440912 0.95303082 2.6960654 86
-0.60850793 1.0273149 2.6149855 99
-0.54993308 1.0504204 2.6104677 108
-0.37409726 1.0372868 2.6284127 111.5
-0.23345773 1.0454804 2.6216784 91.666664
-0.15709323 1.0467986 2.6416619 112
-0.032140777 1.044754 2.6388049 117
0.15107414 1.0333711 2.642148 66.5
0.7660495 1.0490787 2.6770883 108
1.0393211 1.0469868 2.6869807 102
1.1978649 1.0101172 2.6969769 84
1.2158746 1.0613168 2.6945496 91
0.17008814 1.129151 2.6335003 53
0.62685579 1.1907864 2.6489153 62
0.78837335 1.1330366 2.6720912 105
1.0721005 1.1372845 2.687242 95.5
1.2555265 1.1695195 2.6990304 93
0.81298411 1.2178779 2.667048 63
1.1123393 1.2449796 2.6605082 77
1.2969681 1.2736698 2.6922691 71
1.6159297 1.3157122 2.654736 64
1.7937753 1.3287787 2.6717694 35
2.0644891 1.3688675 2.6234136 23
2.1998849 1.3799391 2.6548924 9
2.3094511 1.3909467 2.6146574 5
4.69593 1.7704939 2.6713848 21
4.8896465 1.7977314 2.6223273 21
0.82540339 1.8503875 2.6879125 0
1.0139068 1.8429434 2.678822 0.5
0.85311806 1.9219425 2.676131 0
6.3018179 1.9901605 2.609637 22
2.1362014 -3.4370821 2.7546103 66
2.4594486 -3.4798267 2.7813814 63
2.6938412 -3.49246 2.7883608 63
2.8454592 -3.4230177 2.7976956 63
2.6106544 -3.3680544 2.7924104 58
-8.6268435 -3.169883 2.7315195 20
-9.9265127 -2.8003283 2.71363 96
-5.3262081 -2.751507 2.7798564 2
-9.9619246 -2.5852494 2.7513316 94
-9.9881458 -2.3696842 2.7865477 99
1.1817143 -1.8332875 2.7105398 75
1.5999851 -1.8252734 2.7133117 27
1.7502497 -1.8057275 2.7279589 21
1.1599869 -1.7572088 2.7055764 87
1.3861145 -1.7518486 2.713233 64.5
1.5799592 -1.7674645 2.7306025 42
1.7227579 -1.7379371 2.7320879 30
1.8775512 -1.7467018 2.7364249 21.5
1.9163961 -1.7832463 2.7149775 7
1.1390266 -1.6841695 2.7010286 88
1.3504264 -1.6404798 2.7105551 82
1.5413119 -1.6637681 2.7234936 63
1.6833963 -1.6352854 2.7319708 48
1.8369741 -1.6507517 2.738533 35.25
2.6988199 -1.6383061 2.7325482 78
2.8722384 -1.6178958 2.7290368 71
1.1031353 -1.5484109 2.7015865 84
1.3297865 -1.5709909 2.7135894 83
1.485433 -1.5003182 2.7161674 86
1.5083898 -1.5673435 2.7247128 77
1.6452479 -1.5326525 2.7268999 66
1.76714 -1.5417849 2.7373466 59.5
1.8207707 -1.5410997 2.7412605 58
3.3337624 -1.557994 2.7146173 69
1.0719123 -1.417868 2.7011161 88
1.2890646 -1.4289829 2.7044423 77
1.3080958 -1.4974493 2.7072709 82
1.4660075 -1.4394728 2.7160091 86
1.6123993 -1.4348361 2.7241027 78
1.767055 -1.4478837 2.7359684 72.666664
2.7817707 -1.4877716 2.7994053 120
4.2640882 -1.4307187 2.7806659 48
1.0586337 -1.3552048 2.700367 87
1.2723192 -1.3635844 2.7060142 75
1.4399199 -1.3498311 2.7150187 85
1.5802563 -1.3383774 2.716387 86
1.6909939 -1.3303386 2.7274101 85
1.7306962 -1.3708897 2.7289915 78.5
2.8111424 -1.3031452 2.7999027 110
1.0332786 -1.233943 2.7006118 91
1.2564206 -1.2982012 2.7057738 82
1.4088502 -1.2339637 2.7129202 88
1.556246 -1.2501925 2.7202768 81
1.6640978 -1.2447978 2.7246461 85
1.7227386 -1.2677374 2.7290332 80.5
2.8249612 -1.2137885 2.7994418 120
5.7339854 -1.2354031 2.7819829 26
1.2209201 -1.1393337 2.700568 93
1.3874335 -1.1480051 2.7075496 99
1.5253117 -1.1327882 2.7184243 85
1.6624855 -1.1458668 2.7255125 83.75
6.449472 -1.1373296 2.7631481 30
1.3699958 -1.0677421 2.7096622 93
1.5048918 -1.0471904 2.7168393 90
1.6345069 -1.0382702 2.7213242 85.75
2.8504961 -1.0349691 2.7992554 119
1.3506324 -0.96338511 2.71103 89.5
1.4874971 -0.96267164 2.7122612 86.5
1.584018 -0.92738372 2.7162225 91.5
1.6387591 -0.94230998 2.7226841 87.5
1.3315506 -0.85800982 2.7036719 104
1.4684095 -0.85511744 2.7116194 92.5
1.5685133 -0.82928145 2.7185903 93
1.6187801 -0.83911622 2.7175808 84.5
2.8758841 -0.85914689 2.7990592 124
2.9601345 -0.86124468 2.7991943 111
1.3185618 -0.76109266 2.7080581 98
1.4551132 -0.75124168 2.7137165 93
1.554894 -0.73274189 2.7179961 83.5
1.6059966 -0.7411924 2.7203217 90
2.8846064 -0.77150875 2.7937055 127
2.9692261 -0.77160949 2.795903 107
1.3080621 -0.66258913 2.7042637 95
1.4436517 -0.64790004 2.7094991 89.5
1.5687521 -0.64102364 2.7151551 84.75
2.896121 -0.68604136 2.7939651 124
2.9479022 -0.64354146 2.7990031 118.5
1.3023268 -0.59080976 2.703146 96
1.4364252 -0.54769117 2.7078409 88
1.5627877 -0.5478074 2.7158034 91.5
2.9567618 -0.55640572 2.7960892 111.5
3.0047412 -0.51214504 2.798609 122
1.2963064 -0.45148981 2.7018785 102
1.4332068 -0.44910264 2.7069635 88
1.5598701 -0.45669821 2.715694 89
2.9323318 -0.4283565 2.7946663 113
3.0151725 -0.4255912 2.7995305 114
-6.2151361 -0.3666819 2.7056081 110
1.2959644 -0.31541306 2.700012 99
1.4320798 -0.35256609 2.7026675 91
1.5543457 -0.3533006 2.7116928 88.599998
2.9423652 -0.34380782 2.7935259 115
3.0248706 -0.33899584 2.7983413 109
-6.2193913 -0.22128692 2.7176135 119
1.2978691 -0.27047664 2.7001588 99
1.3006911 -0.22658896 2.7029631 103
1.4366202 -0.25771019 2.7026873 92
1.5701425 -0.24752209 2.7127156 87.400002
2.9531159 -0.25929943 2.7930841 113
3.0317745 -0.25126332 2.7957802 103
1.444298 -0.16363162 2.7034833 99.5
1.5647885 -0.15640013 2.712925 90
1.6022859 -0.12356699 2.7119527 91
2.9645836 -0.17483141 2.7933409 109
3.0429094 -0.16474067 2.7959859 109
-6.2241421 -0.074855089 2.728791 124
1.3206712 -0.0083564548 2.7020743 99
1.4607818 -0.025629425 2.7020063 89.5
1.5619879 -0.045902461 2.7115223 86
1.6140654 -0.059322879 2.7165866 84
2.9818072 -0.048136473 2.7951412 120
3.1252944 -0.025332138 2.7630599 114
-6.2280641 0.071529895 2.7394142 125
1.4811227 0.088754863 2.7025726 88
1.5790117 0.058404259 2.7095244 87
1.6332302 0.047686294 2.7149372 84.333336
2.9984245 0.080595173 2.796252 114
3.0676949 0.050727341 2.7967944 112
1.3496037 0.1654631 2.7039089 90
1.547613 0.15046063 2.7078018 88.5
1.6386086 0.15674104 2.7115471 83
3.0450025 0.17440544 2.7969685 113.5
-6.2392864 0.22135279 2.7514303 121
1.3678281 0.25170597 2.7038388 97
1.5198894 0.24807641 2.7068458 86
1.6458572 0.24222779 2.7098436 84.599998
3.0514059 0.26215953 2.7930315 112
1.3872883 0.33690271 2.7010503 93
1.5467784 0.33976418 2.7084925 85.5
1.6566939 0.34835652 2.7146075 80.5
1.7164334 0.34481034 2.7177048 77
3.0635762 0.35009569 2.7960939 124.5
1.4173354 0.44563717 2.7050393 92.5
1.5834831 0.45366642 2.7067566 90.666664
1.6866012 0.43119371 2.7180054 77.5
1.7393355 0.46477866 2.7166345 79.333336
3.0356786 0.4299477 2.7924979 110
3.1064882 0.4466548 2.7939086 109
1.4520202 0.5555101 2.7071314 90.666664
1.6276361 0.56882769 2.7112393 80
1.7619507 0.54507065 2.7173233 79
3.0444798 0.51756334 2.7913916 116
3.1134541 0.5353806 2.7927649 111
1.4897301 0.6655907 2.7071385 88
1.6666222 0.66115469 2.711895 77
1.7695668 0.63899237 2.7167916 81
1.840444 0.64252299 2.7200155 77
3.0596638 0.6523779 2.7921991 119
3.121995 0.62703091 2.793026 110
1.3490573 0.72183037 2.7038186 89
1.525542 0.75606155 2.7124758 83.5
1.6974622 0.73023456 2.7095478 73
1.7198654 0.77656102 2.7095752 80
1.8370979 0.74123186 2.7210088 80
1.9079387 0.77217782 2.724158 76
3.0727608 0.78831106 2.7909169 109
3.1289933 0.71676087 2.7904718 107
1.4097612 0.877294 2.705379 78
1.5611961 0.84655869 2.7111073 83.5
1.7577276 0.84890842 2.7148826 76.5
1.8766794 0.85232323 2.7223768 76
1.9443707 0.8369199 2.7232518 76.5
3.0847437 0.88175678 2.7926285 107
3.1413062 0.81222647 2.7942333 107
1.5914936 0.91527122 2.7120113 87
1.6138172 0.96331096 2.716151 84
1.7955017 0.92167896 2.7156649 81
1.8253248 0.97177267 2.7213235 78
1.9453653 0.92744678 2.7248905 78.666664
2.0274022 0.97021472 2.7283239 77.5
3.0975137 0.97615391 2.7964573 115
3.1513808 0.90580189 2.7958958 109
1.4788622 1.0345614 2.7009017 90
1.5058852 1.0908688 2.7052794 86
1.6465552 1.0329254 2.7143164 81.5
1.8670173 1.0440308 2.7195926 81
1.9799861 1.0292873 2.7294729 77.5
2.048557 1.0691743 2.7342525 73
2.1032236 1.0837705 2.731936 67
3.1427643 1.054891 2.7941399 114.66666
1.2361376 1.1173829 2.7019329 89
1.530418 1.1442543 2.7030041 79
1.6827694 1.1063689 2.7195714 80
1.7072668 1.1553274 2.7191892 87
1.9278841 1.1422091 2.7199094 76
2.0670829 1.1658764 2.7333765 62.5
2.1519756 1.1525798 2.734529 59.5
3.107214 1.1638417 2.7873335 100
1.2774953 1.2255168 2.7027953 87
1.574158 1.2286487 2.7038913 84
1.7452743 1.2277133 2.7170157 81.5
1.9786077 1.2191803 2.723995 78
2.0137241 1.2701249 2.7254896 66
2.1300006 1.2579335 2.7344179 53
2.2205319 1.2452083 2.7355862 52.5
3.1858919 1.2934047 2.7977319 117
1.7896554 1.3067942 2.7254527 85
2.0648046 1.3446081 2.7203858 50.5
2.1807256 1.3294606 2.7361274 42
2.246129 1.3469365 2.7372839 37.5
2.3237357 1.3796737 2.7224956 22
3.1627843 1.3808982 2.795145 117
3.1460953 1.4710369 2.7982228 121
3.2004464 1.4978523 2.7962556 106
3.1427493 1.5651375 2.7548668 67
3.3013499 1.5752745 2.7322478 45
3.4983463 1.6119592 2.7803245 72
4.118278 1.7003729 2.7907202 47
10.581487 2.5347862 2.7300794 12
22.372292 4.038394 2.7717848 4
3.8629713 -4.7368011 2.8553913 44
3.6996086 -4.5365872 2.8478518 47
3.5487254 -4.3488388 2.8386004 50
3.4086986 -4.1715059 2.8312662 55
3.2833669 -4.0117464 2.8288541 56
3.2926619 -3.7548819 2.8648028 70
3.0567389 -3.5878077 2.8640733 95
2.7095296 -3.3192971 2.8314526 90
2.4832251 -3.2721062 2.8161087 70
-7.0834203 -3.0179341 2.8567286 34
-5.7515798 -2.7921939 2.8144057 1
-5.4242649 -2.7992496 2.8532987 37
-10.015085 -2.1520596 2.818722 95
2.7725127 -1.5864035 2.8061333 112
2.870738 -1.5514722 2.8039498 112.5
2.968456 -1.5756788 2.8250484 137
3.2302196 -1.5616095 2.8195252 117
3.4781632 -1.5231746 2.8441241 98
2.8957243 -1.4115797 2.8098385 113
2.9802909 -1.4762181 2.8219135 126
3.25646 -1.4697948 2.8371971 116
3.5003965 -1.4234231 2.8551183 107
3.9117246 -1.4719539 2.8539793 87
2.8006577 -1.397702 2.8052487 114
2.9471462 -1.3467534 2.810564 112
3.2694082 -1.3693287 2.8388259 104
3.5100696 -1.3178473 2.8521407 102
3.9436505 -1.3722945 2.8758085 97
4.9065776 -1.3373271 2.8344219 51
2.9157596 -1.2223835 2.8032677 104
3.0056975 -1.2854295 2.8205321 107
3.2772756 -1.2706276 2.8369842 108
3.525887 -1.2176841 2.8568435 103
3.947365 -1.2614111 2.8740599 94
2.8416243 -1.1256039 2.8045983 115
2.9298987 -1.1320001 2.8048599 106
3.0187058 -1.1910555 2.8201869 114
3.2837377 -1.1708539 2.8323383 120
3.5368745 -1.114197 2.8552551 105
3.9552426 -1.1537073 2.8750653 102
2.9383605 -1.0403303 2.8008776 113
3.0307817 -1.0489209 2.8109035 110.5
3.2979245 -1.0754578 2.8367593 109
3.5476882 -1.0137049 2.8536503 98
3.9539249 -1.0436096 2.8698537 94
2.8649497 -0.94765723 2.8009002 110
2.9531462 -0.95198697 2.8045745 118
3.0504103 -0.91326582 2.8121068 120
3.3007417 -0.97751701 2.8300364 104
3.5592759 -0.91226059 2.8527517 91
3.9600577 -0.93688899 2.8685968 93
3.0624859 -0.82284307 2.8110452 110
3.3099196 -0.88188213 2.8295798 119
3.5700357 -0.81276721 2.8511438 104
3.9677997 -0.83218157 2.8695927 92
8.7871494 -0.81163335 2.8472526 19
3.0724378 -0.73229885 2.8093021 109
3.3233984 -0.78645283 2.8333046 118
3.5821655 -0.71436411 2.8509297 93
3.9720004 -0.72631949 2.8671103 96
3.0872793 -0.64405358 2.8124416 109
3.3317313 -0.69378132 2.8321414 118
3.5942974 -0.61596125 2.8507164 96
3.9832323 -0.62376124 2.8701673 93
10.096807 -0.65912956 2.8877113 21
3.0971646 -0.55450082 2.8092804 107
3.342535 -0.55269098 2.8286612 113
3.6028066 -0.51832741 2.8470018 95
3.9852471 -0.51880521 2.8655932 93
3.1070116 -0.4659543 2.8075294 112
3.3547325 -0.41266856 2.8265719 110
3.6142147 -0.41987026 2.8446772 95
3.991447 -0.41703382 2.8651869 96
3.1204157 -0.37761614 2.8078592 114
3.3659174 -0.32113957 2.829608 115
3.6305745 -0.32274196 2.8486567 89
3.9961939 -0.31519493 2.8619745 89
3.1362662 -0.24486206 2.806283 116.5
3.3706377 -0.22929686 2.8249578 124
3.6475177 -0.22764768 2.8519108 92
4.0038533 -0.21248175 2.8615503 86
3.1606338 -0.11362496 2.8130889 110
3.3789423 -0.13762577 2.8237925 111
3.6546526 -0.12891571 2.8453932 94
4.0078487 -0.11161114 2.8576386 89
3.0554702 -0.079300806 2.800411 110
3.3872054 -0.046953931 2.822624 116
3.6610174 -0.031136151 2.838171 102
4.0212908 -0.0081488732 2.8627877 98
3.1782117 0.063594505 2.8074968 106
3.3919537 0.044882763 2.8193884 109
3.6408887 0.066338971 2.806478 65
3.9807978 0.091638103 2.8213525 150
3.192471 0.15387675 2.8099523 113
3.408191 0.13717461 2.8258927 109
3.6967425 0.16595486 2.8447106 89
4.0343556 0.19538184 2.8570168 94
3.2031066 0.24337627 2.8089097 111
3.4123175 0.23104319 2.8219671 120
3.7110045 0.26423505 2.8437755 98
4.038404 0.29725093 2.8531084 96
3.2166562 0.3337011 2.8106675 112
3.4185314 0.32381511 2.8187146 122
3.7254608 0.36550072 2.8442719 108
-5.4837713 0.46375501 2.8292208 23
3.2317476 0.42593592 2.8138332 112
3.4291353 0.41837871 2.8196509 107
3.7376463 0.46491659 2.8412461 92
4.0518775 0.40171641 2.8568473 96
3.2388756 0.51664925 2.8093033 111
3.441956 0.51383239 2.8240955 107
3.7561073 0.56528348 2.8434765 96
4.0559511 0.50458968 2.8515277 93
3.2511718 0.61005479 2.8096793 112
3.4482672 0.60860157 2.8208506 115
3.776516 0.67018372 2.8467793 97
4.0680161 0.61012161 2.8524632 95
3.2678664 0.70519733 2.8142588 129
3.4532137 0.70443285 2.8176289 117
3.7911022 0.77345794 2.8444772 96
4.0822759 0.71655846 2.8554912 95
3.2872841 0.84975421 2.815546 122
3.4642901 0.85001099 2.8148742 103.5
3.8101482 0.87944829 2.8463893 91
4.0878935 0.8223713 2.8501601 93
3.309128 0.99917251 2.8189545 116
3.8285868 0.98749012 2.8462009 97
4.1030393 0.93277276 2.8538973 96
3.3173044 1.0958391 2.813741 102
3.4798939 1.0003772 2.8163173 108
3.8434172 1.0947562 2.8439248 90
4.112308 1.0404322 2.8506403 91
3.179914 1.1956186 2.8002381 117
3.3301609 1.1989021 2.8139868 104
3.4864638 1.1001347 2.8145034 102
4.123158 1.1510209 2.8501992 92
3.1305909 1.2686529 2.8023965 126
3.4967322 1.2027224 2.8147705 114
3.8627517 1.2057456 2.8444552 92
4.1311622 1.2627392 2.8455625 92
3.3445001 1.3032039 2.8158135 104
3.5020552 1.3065445 2.8115759 106
3.8859363 1.3215026 2.8470986 92
4.1581354 1.3826452 2.8562305 101
3.3522329 1.4049064 2.8099229 110
3.5161352 1.4139544 2.8153441 111
3.9054391 1.4354948 2.8462343 92
4.1684189 1.4972662 2.8536923 96
3.3668008 1.5132011 2.8117702 107
3.5214887 1.5187806 2.810739 113
3.9274838 1.556344 2.8460965 89
3.9237683 1.6648252 2.8242273 92
4.1780348 1.6157616 2.8503098 97
5.320456 1.8473427 2.8999805 69
7.1403756 2.0953021 2.8637276 23
6.2145667 -7.9695263 2.9567192 32
5.8303313 -7.5226665 2.9539857 31
5.443295 -7.0576386 2.9276841 34
5.1159592 -6.6623383 2.9133806 34
4.4508824 -5.4361935 2.906563 36
4.4432468 -5.1813369 2.912066 34
3.9346931 -4.700819 2.922925 28
-6.2125187 -2.8671098 2.9170918 34
-5.8999753 -2.8068614 2.9685934 9
-5.4573731 -2.7621088 2.9193435 6
4.4445586 -1.3747379 2.90944 92
4.4590287 -1.2554852 2.9116156 87
5.0575371 -1.2561072 2.9334705 85
-5.8564162 -1.1386319 2.9132307 77
4.4635515 -1.1355672 2.9068234 82
5.063467 -1.1313323 2.9366791 73
6.1126127 -1.1736025 2.9785483 56
4.4771276 -1.0192603 2.9082808 82
5.0579262 -1.0071177 2.9315813 71
6.942029 -1.0776573 2.9970655 37
-5.8489347 -0.98779857 2.9239006 117
4.491406 -0.90299207 2.909025 82
-5.8539534 -0.8408404 2.9393504 116
5.0467048 -0.88168401 2.9223342 70
4.4971623 -0.78615624 2.9042008 75
5.0574594 -0.7610876 2.9261587 71
-5.8548112 -0.69192243 2.9520047 111
4.5141582 -0.67207038 2.9063179 76
5.0624838 -0.6412763 2.927242 79
-5.8482141 -0.54307634 2.9596248 114
4.531918 -0.55702543 2.9077296 76
5.0646782 -0.52035326 2.9255457 73
4.5446434 -0.44264564 2.9056504 76
-5.8537955 -0.39511165 2.9742448 117
4.5583425 -0.32743874 2.9027157 76
5.0654173 -0.39936873 2.9210439 69
-5.8558078 -0.24818012 2.9852376 117
4.5773807 -0.21447574 2.9040952 79
5.0753384 -0.28173789 2.922749 71
-5.8553267 -0.10027259 2.9945529 117
5.0795431 -0.163884 2.9203043 70
6.305841 -0.16675332 2.9971013 57
4.5979567 -0.099604495 2.9054747 81
5.0868249 -0.044271447 2.9190989 69
4.6121349 0.015697012 2.9019713 79
5.0945978 0.074449047 2.9173059 70
4.6327019 0.13057803 2.9019389 78
5.0995607 0.19427578 2.9141476 69
4.6548076 0.24736716 2.9019072 82
4.6862893 0.36552468 2.9095736 84
5.1108856 0.31286579 2.9130051 69
4.7063107 0.48346862 2.9060373 81
5.126606 0.43429005 2.9146333 69
6.4556289 0.42441705 2.9975202 59
5.1415763 0.55474257 2.9155619 74
6.5038385 0.57649702 2.9998679 58
4.7278829 0.60331011 2.9039156 80
5.1537151 0.67630655 2.9137113 70
4.7553172 0.72577381 2.9045863 81
5.168025 0.79879028 2.9125366 71
4.7828164 0.84923488 2.9052649 78
6.5891361 0.88548279 2.9933975 59
4.8081675 0.97285336 2.9024315 80
5.1817288 0.92429984 2.9106762 72
5.20402 1.0504876 2.9129264 72
6.6420846 1.0452913 2.9929481 58
4.8380308 1.1001793 2.9024112 77
5.2221017 1.1788378 2.9124231 73
4.8702693 1.2313601 2.903106 71
6.700942 1.2087212 2.9924796 54
4.9025588 1.3635489 2.9023945 69
5.2430854 1.3090838 2.9118805 74
6.7693992 1.3775061 2.9955096 55
5.2655816 1.4412714 2.9127362 74
4.9423079 1.5012656 2.9044819 69
5.2867322 1.5765179 2.9107962 74
4.9821849 1.6409774 2.906585 70
5.0143018 1.7822169 2.9024122 74
5.3231239 1.7181876 2.9178319 73
7.0657258 2.0965006 2.9961674 38
10.744412 2.6139858 2.9018204 7
-6.3917298 -2.86744 3.0973735 7
-5.5974317 -2.7742715 3.0670445 11
-5.5562191 -1.0645268 3.0852504 26
6.1756659 -1.0356954 3.0032501 64
7.0490346 -0.94223887 3.0495369 55
6.191474 -0.89048743 3.0022781 61
6.2094617 -0.74441367 3.0005887 57
7.0424891 -0.78805721 3.0459695 54
6.2329917 -0.60072887 3.0016575 57
7.0423126 -0.63508308 3.044414 51
6.2594109 -0.4562307 3.0027099 62
7.0441856 -0.4841724 3.0421097 58
6.2843981 -0.31161615 3.0009484 56
7.0346317 -0.33388382 3.0343351 47
7.0507092 -0.18443954 3.0374484 51
6.3479614 -0.021311183 3.0022678 56
7.0560002 -0.036631715 3.0329554 50
-5.8531828 0.048619118 3.0027502 118
-5.8599119 0.1955969 3.0157092 112
6.3802085 0.12583482 3.000468 53
7.0677767 0.11296105 3.0318975 50
6.4203701 0.27445063 3.0007331 57
7.0831437 0.2644431 3.0300796 49
-5.8591819 0.34754428 3.023669 117
7.0977964 0.41594955 3.0275667 38
7.1217303 0.56815141 3.0284386 37
6.5513906 0.72963876 3.0001118 59
7.1392283 0.72057176 3.0244679 38
7.1632199 0.8757807 3.0225217 38
7.1907072 1.0298798 3.0198064 39
7.2319846 1.1915249 3.0232553 39
7.2603993 1.3525987 3.0198429 40
6.8517666 1.5523546 3.0034218 52
7.3097649 1.5165181 3.0242689 40
7.3655882 1.6876814 3.0289311 41
6.9402881 1.7359544 3.0110252 38
7.416532 1.8620083 3.031564 42
7.0327177 1.9241885 3.0182488 39
7.4832354 2.0408206 3.0367823 44
7.9285989 3.2433016 3.0565078 0
-9.8107395 -3.3707521 3.1588814 50
-7.7339883 -3.1046257 3.1531544 31
-6.0766072 -2.8302839 3.1413026 16
-5.8526011 -2.8620546 3.1060526 33
9.7130089 -0.69042134 3.149663 35
9.9059715 -0.49347195 3.1959312 37
10.123965 0.14262301 3.1933525 34
10.220665 0.35850567 3.1946342 33
10.332551 0.57834667 3.1993639 34
-9.9083281 -3.160511 3.229702 74
-9.9422922 -2.9233341 3.2790437 75
-6.75245 -2.9358139 3.2048733 38
-6.5872488 -2.8922186 3.2742066 10
11.217916 -0.5179711 3.2247357 29
11.368034 -0.30736351 3.2632039 37
9.9878378 -0.28205326 3.2002773 34
10.075698 -0.071626529 3.2058206 32
11.390304 -0.090080105 3.2614572 33
11.422526 0.12792209 3.2609572 37
11.454072 0.34895384 3.2569442 36
11.503377 0.56947565 3.257576 33
11.56195 0.79274094 3.2573509 33
10.449117 0.80491245 3.2012923 33
10.580147 1.0355036 3.2045534 34
11.626989 1.0198281 3.2563221 33
10.716625 1.2737764 3.2043087 32
11.713449 1.251305 3.2591848 30
11.817865 1.4892662 3.2667131 29
10.864179 1.5182993 3.2061553 37
11.030828 1.7725487 3.2093506 35
11.890153 1.7261689 3.2585242 32
12.035399 1.9789749 3.2703547 31
11.223902 2.0400405 3.2138672 35
12.191492 2.2394743 3.2827346 31
11.489574 2.330534 3.2377949 30
12.318444 2.5028245 3.2821884 32
11.762555 2.6356223 3.2554407 34
12.410427 2.7621834 3.270206 32
-6.334825 -2.9276917 3.3919277 35
-6.2685299 -2.8550401 3.3266773 19
-9.953867 -2.683342 3.3175399 92
-9.9832706 -2.4500873 3.3619478 94
-6.7752538 -2.9083736 3.4507222 15
-10.031547 -2.2185521 3.4106188 74
-8.5147533 -3.2108533 3.5085721 33
-7.4079504 -3.0273812 3.5523503 32
-6.4811721 -2.8828912 3.5282412 20
26.508194 4.6248879 3.5609946 6
-7.0489354 -2.9553852 3.6776111 18
-6.8897624 -2.9990447 3.7208381 37
-7.267036 -2.969079 3.87815 19
-9.3812895 -3.3101442 3.904372 29
-8.0780621 -3.0898235 3.9099264 30
29.394169 1.073041 3.9937809 54
34.826855 5.8127174 3.9564602 85
-9.9573059 -3.268012 4.1790137 80
-7.5551405 -3.0495865 4.1189547 25.5
29.309641 1.8253034 4.1772561 102
29.282709 2.323745 4.1177187 8
34.954357 5.1892104 4.1133142 67
-9.9884653 -3.0260139 4.2182307 79
-10.002825 -2.7819829 4.2500014 100
-10.028296 -2.54231 4.2853274 101
29.435356 0.81977534 4.2879796 92
29.35482 1.3234504 4.2322221 109
33.724003 3.7529566 4.2146292 10
35.017277 4.5477409 4.2564487 87
-10.061075 -2.3025281 4.322166 102
29.495321 0.31860059 4.3363256 106
29.063744 3.4534357 4.3360887 117
-9.030715 -3.2204759 4.4129477 29
29.133528 2.9145372 4.474422 116
34.788879 5.7468066 4.4587264 71
-8.3509388 -3.1960952 4.5856276 33
35.161011 3.2578022 4.5112925 44
34.938953 5.1743822 4.5844679 14
29.215954 2.3748684 4.6041598 119
29.280638 1.8254642 4.7240562 120
29.342382 1.2753241 4.8369026 109
-9.9486361 -3.2865052 4.9039235 82
-10.00196 -3.0371385 4.9588728 83
29.420824 0.72110689 4.9439149 107
-10.100034 -2.2636585 5.0917778 38
29.500811 0.15881664 5.0458918 106
-9.2854996 -3.3121123 5.1395345 25
-10.014574 -3.304101 5.579257 89
-10.043188 -3.0421243 5.6197224 51
