# .PCD v0.7 - Point Cloud Data file format
VERSION 0.7
FIELDS x y z intensity
SIZE 4 4 4 4
TYPE F F F F
COUNT 1 1 1 1
WIDTH 5349
HEIGHT 1
VIEWPOINT 0 0 0 1 0 0 0
POINTS 5349
DATA ascii
23.896576 1.7588034 -1.213359 5
23.691385 1.397958 -1.1328521 59
23.535986 0.69715315 -1.0072817 44
23.594269 1.0480648 -1.066718 85
23.874638 1.9180602 -1.0428243 5
23.94306 0.0031236087 -0.92898482 7
23.926514 0.35707176 -0.97363555 5
23.700651 1.2293481 -0.91411322 67
23.761162 1.5732245 -0.97435939 12
23.016031 -0.68544209 -0.82153696 5
23.890989 -0.35380423 -0.88727647 5
23.550518 0.54659468 -0.80965084 5
23.524872 0.88353926 -0.8550337 119
15.014806 1.7299918 -0.89791232 2
23.055742 -1.0324152 -0.79759723 7
23.049559 -0.13096161 -0.7164371 6
23.545729 0.20666488 -0.76754898 6
14.951298 1.8076818 -0.77799219 9
-16.249737 -1.8170433 -0.60314411 15
23.028399 -1.1398051 -0.64312828 7
23.065897 -0.80387038 -0.66286647 6
23.108292 -0.46594551 -0.68901092 4
-21.625822 0.93961328 -0.63587767 66
-21.58359 1.3136557 -0.63657975 4
6.6028385 1.6219417 -0.60557133 0
8.9313965 1.6515647 -0.62134272 1
9.6879339 1.6701055 -0.63611001 1
10.563741 1.6874411 -0.65390068 1
-13.906425 -1.7904824 -0.54232305 2
-12.259907 -1.7833972 -0.50304252 2
-16.259762 -1.5319624 -0.57923633 29
-2.6908817 -1.5624712 -0.50567836 6
-2.5713229 -1.5366191 -0.50801092 5
-1.6892723 -1.4336373 -0.50620091 9
-16.246447 -1.2510422 -0.55477244 36
16.402441 -1.2209904 -0.53516561 129
-16.259535 -0.97397089 -0.53360897 41
-16.247091 -0.70187789 -0.51032305 72
12.721098 -2.1026351 -0.434311 5
-10.46894 -1.8692926 -0.48354608 28
4.1614304 -1.8171934 -0.4016526 1
4.2606368 -1.8178788 -0.40618801 7
-10.762101 -1.737416 -0.46987212 34
-8.925909 -1.739235 -0.43528622 13
-8.1492834 -1.7227343 -0.42046705 15
-7.5055141 -1.7163187 -0.40780279 14
-6.9976816 -1.7160091 -0.40367204 20
-4.6341162 -1.7358783 -0.41999009 61
-4.5007801 -1.7502764 -0.43212357 24
-4.3936005 -1.7375687 -0.42787552 22
-4.2569361 -1.7430106 -0.43842441 25.5
-4.1426673 -1.7597349 -0.45783359 15
-4.0378418 -1.7343951 -0.43832883 20
-3.949882 -1.7469718 -0.46539289 2
-3.8931122 -1.7413619 -0.44526887 17
-3.7478805 -1.7327411 -0.46171683 11
-3.6050756 -1.7214019 -0.48234051 7
-3.5814569 -1.7252102 -0.45501363 13
-3.4582136 -1.7251903 -0.46336347 11
-3.335119 -1.7231401 -0.47028977 8
-3.2039738 -1.7120756 -0.47422731 7
-4.8951893 -1.6877749 -0.40140235 28
-4.669735 -1.6886549 -0.40489143 64
-3.4314251 -1.6996144 -0.48805106 6
-3.2709332 -1.6757523 -0.49258238 6
-3.1266806 -1.6569365 -0.49924052 7
-3.042865 -1.6789767 -0.47309303 6
-2.935286 -1.6375246 -0.48727867 6.5
-2.7816749 -1.6318305 -0.47549117 6
-2.6791034 -1.6187869 -0.48069561 5
-2.5948398 -1.6167612 -0.4880048 5
-2.4965708 -1.6119896 -0.44303986 48.666668
-2.3462992 -1.6135093 -0.45086089 45.666668
-2.2724018 -1.6191423 -0.44564074 55
-1.9445662 -1.6120718 -0.43987626 57.5
-1.8424717 -1.609102 -0.44731033 56.5
-1.6466866 -1.6982267 -0.42011926 48
-1.5590658 -1.6787236 -0.45147657 39.200001
-1.4734633 -1.6642946 -0.45724845 35.5
-1.3506384 -1.6890447 -0.4156768 51
-1.2524066 -1.6862851 -0.45440853 36.333332
-1.1438832 -1.660346 -0.46260288 38.166668
-0.92076248 -1.6873187 -0.4125081 60
-0.8422209 -1.6520516 -0.44636759 60.111111
-0.62243599 -1.6239711 -0.43859944 86
-0.58379704 -1.6231225 -0.44195324 82.199997
-0.45093536 -1.625832 -0.47540957 16
-0.032749616 -1.6206391 -0.42915785 32.5
0.010468503 -1.6336516 -0.40644407 88
1.583824 -1.6028439 -0.41102776 17
-2.7804942 -1.5643445 -0.49439096 6
-2.4607284 -1.5743906 -0.49096233 4
-2.2556095 -1.5628405 -0.49166942 9.5
-1.9295064 -1.5836409 -0.4862811 13
-1.8140428 -1.5747093 -0.49002641 12
-1.4549098 -1.5698624 -0.49117014 9
-1.373275 -1.569055 -0.46731824 9
-1.2991905 -1.5091239 -0.46599615 8
-1.1198053 -1.5390426 -0.48673427 12
-1.0611717 -1.5551764 -0.4772791 9
-0.82992178 -1.5437336 -0.47833365 3
-0.75300425 -1.5233669 -0.46744409 10.666667
-0.60758519 -1.5278742 -0.47524577 13
-0.54670787 -1.5491638 -0.46810383 15
-0.45270672 -1.5394069 -0.47007427 13.333333
-0.027571358 -1.521148 -0.43412742 11
0.174063 -1.5559136 -0.42871815 17
0.20702697 -1.5005236 -0.43930227 3
0.63097733 -1.5328393 -0.42538509 5.3333335
0.76290566 -1.5386003 -0.41531178 26.666666
0.8315534 -1.5839031 -0.41609553 5
1.5719881 -1.5292079 -0.43452168 2
1.6410618 -1.554462 -0.4106307 22.666666
3.0279269 -1.5439105 -0.43851966 0
3.3552122 -1.5090153 -0.45548457 1
-2.3344917 -1.4760281 -0.49634027 5
-2.1458411 -1.4682475 -0.48967835 6.5
-2.0464697 -1.4166043 -0.49129164 7
-1.8490716 -1.4946239 -0.48841006 8
-1.7609624 -1.4566369 -0.49363756 8.5
-1.4233509 -1.459643 -0.48410898 8
-1.3447554 -1.4699937 -0.49074721 11
-1.232041 -1.4561882 -0.46607846 11
-1.0448545 -1.4452422 -0.48468277 9.5
-0.94150478 -1.4413934 -0.4637692 4.5
-0.80473781 -1.4477669 -0.47808456 13
-0.75470465 -1.43211 -0.48718804 2
-0.67592168 -1.4365301 -0.45954168 14
-0.57112676 -1.4249387 -0.47786179 3
-0.43352264 -1.4516115 -0.46890211 4.25
-0.33257744 -1.4348519 -0.45003447 3.7142856
-0.13315524 -1.4684507 -0.42483318 7
-0.019157171 -1.423147 -0.4359597 10
0.16686101 -1.4259226 -0.43585482 1
0.2209903 -1.4449596 -0.42232677 9.5
0.43029788 -1.4093934 -0.42766488 7
0.64902246 -1.4527888 -0.44024691 18
0.75836116 -1.4403375 -0.42225727 8.1428576
1.538967 -1.4482431 -0.4303008 8.333333
2.9287779 -1.4377739 -0.43962336 0
-2.1892502 -1.362884 -0.48281246 6
-2.0547771 -1.3517671 -0.48670703 7
-1.9281405 -1.3154626 -0.48004049 7
-1.686993 -1.3195757 -0.48352402 8
-1.3595369 -1.3666357 -0.47960144 9
-1.2611725 -1.3429043 -0.4897413 6
-1.1321617 -1.3657758 -0.46025851 10
-1.0233054 -1.3400456 -0.47729576 12
-0.97790414 -1.3623931 -0.48413789 10
-0.84494531 -1.3503089 -0.46099436 5
-0.75301874 -1.3439418 -0.47819179 3
-0.62042999 -1.3535663 -0.45914108 2
-0.55657041 -1.3289351 -0.47255513 3
-0.41949239 -1.3484554 -0.47203651 3
-0.34171763 -1.3531785 -0.45481026 2.1666667
-0.27840027 -1.372622 -0.45555812 2
-0.13507786 -1.3814089 -0.43789497 9
-0.034158446 -1.3575311 -0.43964878 2
0.0048501105 -1.3247707 -0.43925589 2
0.18189822 -1.33173 -0.43923908 8
0.38346231 -1.3594939 -0.42461506 2.3333333
0.43939334 -1.3564417 -0.44324765 4.1999998
0.66267127 -1.3477989 -0.43272606 4.1666665
0.71698749 -1.3734967 -0.42803651 2.5
0.94485784 -1.372735 -0.41786897 35
1.0206437 -1.3330432 -0.42560944 3
1.3451275 -1.3006749 -0.42657781 2
1.5137242 -1.3678247 -0.44043383 2
1.9672062 -1.3839538 -0.40585643 11
2.8505616 -1.3558657 -0.43757832 1.5
3.2034016 -1.3790189 -0.44685692 0
14.570131 -1.3003241 -0.46702152 65
-2.0922604 -1.2858086 -0.47947466 5
-1.9723483 -1.2362107 -0.47588262 6
-1.8393139 -1.2373711 -0.47536945 7
-1.6073412 -1.2345452 -0.47668183 7
-1.5322192 -1.2614008 -0.48034984 8.5
-1.4605532 -1.2300165 -0.46336329 2.5
-1.3016124 -1.2826297 -0.47660619 8
-1.2593647 -1.2186284 -0.47797751 2
-1.1754371 -1.2127964 -0.4795 12
-1.0455996 -1.2883534 -0.4564147 0
-0.9682672 -1.2480607 -0.46631503 4.75
-0.73450136 -1.2481025 -0.46252203 3.8
-0.54883105 -1.2445204 -0.46181723 2.75
-0.43038327 -1.2428415 -0.46789593 3
-0.35018739 -1.2425641 -0.46511781 2.5
-0.10937963 -1.2158967 -0.44065216 4
-0.022125507 -1.2685192 -0.43794048 10
0.012579357 -1.2427621 -0.4389444 10
0.18404846 -1.2417201 -0.43522537 1
0.25470433 -1.2392162 -0.45876768 6
0.42900839 -1.2541845 -0.45029134 3.4000001
0.6659314 -1.2469225 -0.43013144 2.2
0.94724983 -1.257861 -0.42524019 2.8333333
1.2601572 -1.2283999 -0.42119181 8
1.3293028 -1.29484 -0.41648582 2
1.4650068 -1.2782099 -0.41481274 1
1.6681271 -1.2273359 -0.41828293 8.5
2.2681799 -1.2621077 -0.43165722 2
2.7534411 -1.2429422 -0.43976906 3
3.0961273 -1.2770225 -0.44392896 1
-1.9242536 -1.1516795 -0.47403562 6
-1.8376439 -1.1641376 -0.4750565 6.5
-1.7691295 -1.1743131 -0.4753288 7
-1.694326 -1.1082343 -0.47086769 8
-1.5453548 -1.1665266 -0.47437155 8
-1.4473534 -1.1273688 -0.47894371 6
-1.3510642 -1.1874542 -0.46369496 7
-1.2345806 -1.1427889 -0.46577907 6.3333335
-1.1535518 -1.1267786 -0.4686276 6
-0.9180634 -1.1644733 -0.46623176 2.5
-0.8706091 -1.1303911 -0.46277043 2.5
-0.72887647 -1.1573479 -0.4657419 3
-0.64954418 -1.1434994 -0.46247768 2.4000001
-0.53162551 -1.1598558 -0.46371001 3.75
-0.45847279 -1.1265923 -0.46319103 3.5999999
-0.34086758 -1.143077 -0.4687418 3
-0.28962278 -1.1841003 -0.45571411 1
-0.009411322 -1.1545094 -0.43771642 0.5
0.020276261 -1.1377587 -0.44012687 2
0.17848416 -1.1474802 -0.4387055 1.5
0.25872186 -1.1522112 -0.45585373 1
0.39106119 -1.1446775 -0.43900847 1.75
0.42118329 -1.178357 -0.45642897 1.75
0.58729339 -1.1268586 -0.42740104 3
0.63259119 -1.1564866 -0.43107429 2.3333333
0.86447287 -1.1346114 -0.42478076 2.6666667
0.93390083 -1.146281 -0.43648797 2.5
1.1556379 -1.1318982 -0.42709351 2
1.2298993 -1.1896933 -0.42482659 2
1.4849389 -1.11927 -0.42316252 1
1.5415937 -1.1532825 -0.42151076 8
1.6006285 -1.187306 -0.41880322 7.5
1.7752202 -1.1122644 -0.42601228 3.5
1.8517184 -1.13489 -0.41806576 5.3333335
1.9349785 -1.1643887 -0.41414297 4
2.1645613 -1.1159886 -0.4349663 4
2.2083001 -1.1717198 -0.42991662 3
2.6605554 -1.1407878 -0.4389191 3
2.9422317 -1.1140283 -0.44509792 3
3.0075805 -1.1880257 -0.44330192 4
-1.8551394 -1.0956314 -0.47310412 7
-1.7660323 -1.0605884 -0.47269106 8
-1.6653728 -1.0453851 -0.47384343 8
-1.5868921 -1.0091532 -0.47263861 7
-1.427475 -1.0320001 -0.47479928 5
-1.3442546 -1.0491085 -0.46866128 7.5
-1.2705348 -1.0196166 -0.46090394 5.5
-1.146794 -1.0703434 -0.46912956 2
-1.0555279 -1.046706 -0.46336555 4
-0.9724918 -1.0086914 -0.4586668 1
-0.85189307 -1.0516241 -0.46658975 3
-0.75350332 -1.0499363 -0.45849514 3.75
-0.65740067 -1.0293206 -0.47336149 4.3333335
-0.53844357 -1.0435215 -0.46116957 3.1666667
-0.44319233 -1.0354961 -0.4654845 3.8333333
-0.34543729 -1.050683 -0.47106084 4
0.052168004 -1.0306208 -0.44817397 2
0.17172241 -1.0391165 -0.43958333 1.6666666
0.27012748 -1.0482241 -0.45825753 1
0.37189031 -1.057505 -0.44061688 3.25
0.57349426 -1.0561441 -0.43684691 4
0.67442429 -1.0524254 -0.43613416 2
0.77283472 -1.0315753 -0.4347789 2.8333333
0.82301855 -1.0610318 -0.43001413 3.3333333
0.93912834 -1.0442001 -0.43987775 2.6666667
1.0648619 -1.0426171 -0.42782441 3
1.1421037 -1.084757 -0.43018624 1
1.3545492 -1.0352111 -0.42424732 1.75
1.4294648 -1.0837433 -0.42307621 10
1.5634959 -1.0097318 -0.42209879 6
1.6571171 -1.043353 -0.42423925 6
1.7296358 -1.0701429 -0.42362854 5.6666665
2.1404953 -1.0592769 -0.4357067 4.6666665
2.5762668 -1.050599 -0.43732572 3.3333333
2.8751314 -1.0420308 -0.44550306 3
-1.7319337 -0.99454623 -0.47153491 7
-1.6458731 -0.9458378 -0.47031108 6.6666665
-1.5607646 -0.94981444 -0.47186306 7.5
-1.3410666 -0.93447453 -0.47089916 4.5
-1.2518682 -0.93942672 -0.4701778 1.6666666
-1.1535367 -0.9612518 -0.45599699 1
-1.0579728 -0.93871802 -0.46196681 2.4000001
-0.94306189 -0.96063119 -0.46069598 2
-0.83332688 -0.94502759 -0.46398392 2.8333333
-0.75823945 -0.9394803 -0.46192849 3
-0.64972323 -0.93872124 -0.46417862 5.2857141
-0.52608925 -0.93595427 -0.46729419 5
-0.44616184 -0.943088 -0.46585193 4.1428571
-0.35954222 -0.96377391 -0.46643201 4.5714288
0.084251836 -0.95932376 -0.45732903 2.75
0.18012841 -0.94913858 -0.44099754 2
0.26845253 -0.97024924 -0.45207745 0
0.35448253 -0.95776403 -0.4408133 3.5
0.47505605 -0.93405294 -0.43969387 3
0.54402322 -0.95845461 -0.43330789 3.5
0.75178963 -0.94678599 -0.43952364 3.2142856
0.95407826 -0.94559503 -0.43354619 2.5
1.0269684 -0.99372739 -0.42935571 3
1.1700966 -0.9091289 -0.42809245 2
1.2468874 -0.9631632 -0.42681298 2
1.3592291 -0.91722471 -0.42874926 2.5999999
1.442446 -0.95193112 -0.42519194 2
1.5154185 -0.98871249 -0.42453972 6.5
1.660614 -0.93639022 -0.43802452 8.666667
1.7010691 -0.98684639 -0.43861327 7
2.0628099 -0.94892204 -0.436887 5.75
2.4805231 -0.9337092 -0.43623075 1.5
2.5336268 -0.97819978 -0.44097894 3
2.75664 -0.91003436 -0.44450498 4
2.8120797 -0.97303277 -0.44512397 3
-1.9702739 -0.80169702 -0.46128497 4
-1.8686603 -0.81166315 -0.46164697 4
-1.7684283 -0.81562638 -0.4604879 5
-1.6542081 -0.81875515 -0.46092704 4
-1.543866 -0.8160488 -0.45997083 1.5
-1.4721766 -0.86725247 -0.47026148 6
-1.2729526 -0.85395885 -0.47008023 1
-1.1654807 -0.83550382 -0.46880823 1.5
-1.0224605 -0.87594026 -0.46307549 2.3333333
-0.95218807 -0.84626591 -0.46488497 2.7142856
-0.84411108 -0.84482193 -0.4592413 2.5
-0.753631 -0.85687554 -0.46603006 2.8571429
-0.64803559 -0.84620243 -0.45852271 4.8333335
-0.55613989 -0.83933371 -0.45887622 5.2857141
-0.42570296 -0.84750015 -0.4619936 4.8000002
-0.34575468 -0.8513636 -0.46003705 5.3636365
0.069652848 -0.86754066 -0.44955659 2.6666667
0.12124243 -0.85098279 -0.45397848 2
0.33792159 -0.84977144 -0.44049707 3.5
0.4343783 -0.85708368 -0.45119798 2.125
0.52169997 -0.85956192 -0.43633708 4.6666665
0.67365313 -0.84275687 -0.43092263 4
0.72737986 -0.85444444 -0.44114691 1.7142857
0.85968274 -0.84391713 -0.43235457 2.8333333
0.91381097 -0.8787474 -0.43682331 3
1.0642062 -0.82364875 -0.43136829 2.2
1.1335284 -0.86156482 -0.42982116 2.4000001
1.2445925 -0.84643394 -0.42955768 2
1.3216439 -0.8517313 -0.43391213 2.3333333
1.5940326 -0.81759632 -0.43799809 11
1.6347207 -0.85846782 -0.441461 4
1.9824514 -0.81863576 -0.43892914 7.5
2.0112975 -0.86765277 -0.4378826 6
2.397624 -0.82415462 -0.43742925 3.5
2.4327304 -0.87467957 -0.43566784 3
2.7154572 -0.85603571 -0.44606501 3
-2.4278786 -0.72039765 -0.46331239 3.3333333
-2.3366256 -0.73345143 -0.46032545 3
-2.252696 -0.75425881 -0.46279332 3
-2.139291 -0.77245861 -0.46169758 4
-2.0553453 -0.7737363 -0.46123406 4
-1.9369339 -0.77065575 -0.46011057 4.5
-1.8501576 -0.77227819 -0.4593451 5
-1.767952 -0.77139544 -0.45915747 5
-1.6650944 -0.76753986 -0.45764488 2
-1.5510032 -0.76170468 -0.45817095 2
-1.4697461 -0.7761957 -0.4614397 3
-1.3532137 -0.79292393 -0.46250832 4
-1.2250069 -0.79744571 -0.4679786 1
-1.1568869 -0.77069265 -0.46581611 0.5
-1.0515149 -0.75158978 -0.45550746 1
-0.94707209 -0.74707681 -0.46265519 1.8333334
-0.86109209 -0.74546152 -0.45649022 1.6
-0.73512363 -0.7502656 -0.45947933 3.1666667
-0.62841153 -0.78680992 -0.46166337 3.3333333
-0.54328477 -0.75853461 -0.45682871 4.909091
-0.45131144 -0.73929286 -0.45595682 4
-0.33475471 -0.76820719 -0.46199501 3.625
-0.063977405 -0.74216026 -0.45150882 4.5
0.041297778 -0.74487621 -0.44366756 3.5
0.140672 -0.74624306 -0.45020068 1
0.28976697 -0.75921118 -0.45494777 1.2
0.31789204 -0.74623126 -0.44806978 1.6666666
0.45106158 -0.74946666 -0.44363272 4
0.54477644 -0.74823117 -0.43511865 5
0.63245708 -0.75494117 -0.43321446 5.2857141
0.77947295 -0.72574812 -0.42962343 5.5
0.81595069 -0.75974929 -0.43086761 3.5999999
0.94860792 -0.73863226 -0.43513513 3.4000001
1.0668526 -0.74961555 -0.43728068 3.6428571
1.1372464 -0.78079939 -0.43010202 2.4000001
1.2876688 -0.73432994 -0.44300428 4
1.3122497 -0.7424264 -0.44432425 3.6666667
1.5733562 -0.74935055 -0.44000116 5
1.6039479 -0.77789766 -0.43933249 2
1.9405551 -0.74911976 -0.43978459 7
2.3360672 -0.7414825 -0.43762836 4
2.630677 -0.7510376 -0.44479313 3.3333333
-2.7378774 -0.60771358 -0.45590732 3
-2.6636181 -0.63963884 -0.45930776 3
-2.553041 -0.67531568 -0.45840001 3
-2.4697464 -0.69639075 -0.45614266 3
-1.334258 -0.68179238 -0.45114514 1
-1.0431077 -0.67093635 -0.45333916 1
-0.91475326 -0.62461209 -0.44598466 2.5
-0.86554235 -0.60935634 -0.44798973 3
-0.74190438 -0.65648752 -0.45173216 2.75
-0.65656918 -0.64845312 -0.45263165 4.5454545
-0.58560592 -0.61544836 -0.44908828 5
-0.44716358 -0.65522701 -0.4552967 3.8571429
-0.36548552 -0.61350554 -0.45627895 1.3333334
-0.20403489 -0.62493515 -0.44728774 4
-0.19516221 -0.60794407 -0.4483813 4
-0.037472695 -0.67384225 -0.45112118 5
0.047572304 -0.65795612 -0.44502017 4.3333335
0.15449975 -0.64008617 -0.44552326 4.1111112
0.28701672 -0.64454365 -0.45060134 6
0.31728277 -0.65387487 -0.45676085 3.3333333
0.4340018 -0.65262473 -0.44626909 3.5625
0.5685035 -0.63848859 -0.43310124 4.625
0.66245234 -0.64185309 -0.43037245 4.6666665
0.73285151 -0.65185952 -0.43249235 4.25
0.84146905 -0.64029324 -0.43078157 4.9411764
0.93804699 -0.65000898 -0.43304253 5
1.0616559 -0.65164894 -0.44108805 5.5714288
1.2768342 -0.64904761 -0.44636506 4.25
1.5349907 -0.65522122 -0.43833354 2
1.8787463 -0.65411627 -0.43992162 7
1.912222 -0.66953945 -0.44038397 7
2.2672064 -0.63567358 -0.43891299 4
2.3001966 -0.66123873 -0.43977585 4
2.5453939 -0.63503897 -0.44320843 3.5
-2.9528234 -0.53069711 -0.44979811 2
-2.8520195 -0.55782336 -0.45648164 2.4000001
-1.6393869 -0.51966041 -0.45762745 6.5
-1.5284164 -0.52673906 -0.4603267 8
-1.4560435 -0.5651406 -0.46013942 8.5
-0.90895277 -0.50272048 -0.45897049 0
-0.81991965 -0.56540376 -0.45315799 2
-0.75943857 -0.55859584 -0.45234311 3.8333333
-0.63569623 -0.53879374 -0.45781898 2.8
-0.55320042 -0.5660975 -0.45358235 3.8823528
-0.46458068 -0.52825296 -0.45477548 4.5384617
-0.34604648 -0.55130768 -0.45568025 4.3333335
-0.1614731 -0.55882454 -0.45052499 4
-0.011288093 -0.53176749 -0.44476125 2.5
0.049297519 -0.54154456 -0.44602004 5
0.16231485 -0.54921222 -0.4454672 4.8888888
0.29025981 -0.5400911 -0.44730777 4.818182
0.32029212 -0.56443095 -0.45109898 5.8000002
0.42103133 -0.54645187 -0.45358127 4.1428571
0.52844262 -0.55895865 -0.43603188 3.75
0.65056276 -0.55635244 -0.4352212 4.1666665
0.75683433 -0.54257214 -0.4368577 4.3846154
0.826213 -0.55578274 -0.43250108 4.6190476
0.90942323 -0.54809535 -0.4375478 5
1.0524443 -0.54852939 -0.43922743 6.1666665
1.2474754 -0.5500443 -0.44361162 5.25
1.4783974 -0.55747908 -0.43837962 3
1.513477 -0.54928803 -0.43979669 3
1.8403219 -0.55708635 -0.44191197 5.5
2.188766 -0.51378864 -0.4396823 6
2.2300689 -0.55327702 -0.44076768 5.8000002
2.4883835 -0.5350396 -0.443887 5
2.5133739 -0.57503963 -0.44546521 4
-16.123455 -0.42073351 -0.49198878 66
-3.1367912 -0.42151263 -0.44403774 0
-3.040729 -0.4540855 -0.45265383 0.75
-2.9645562 -0.48350909 -0.45952529 0
-1.8521307 -0.44019565 -0.45707068 4.75
-1.7453346 -0.45257831 -0.45666018 6
-1.6620264 -0.45732081 -0.45837325 6
-1.5668228 -0.48832273 -0.45931065 7
-0.95264804 -0.44248748 -0.45904231 1
-0.85136038 -0.45454004 -0.45895749 3
-0.74694657 -0.44494066 -0.45855427 5
-0.62861991 -0.45504892 -0.45828593 4.375
-0.5718208 -0.44375062 -0.45288014 6.7142859
-0.46512616 -0.45946923 -0.44897863 7
-0.35660216 -0.45379698 -0.44817346 7.3888888
-0.25831625 -0.45585227 -0.44494388 3.8333333
-0.12011153 -0.41600755 -0.44372451 4
-0.075756781 -0.40568313 -0.44915044 3
0.045266647 -0.44921154 -0.45012745 4.75
0.17049143 -0.44987062 -0.44903696 4.5263157
0.28389373 -0.45011839 -0.44668069 4.9230771
0.35449389 -0.45092106 -0.44394317 4.9230771
0.42251724 -0.44792783 -0.45113677 4.875
0.58411998 -0.45299441 -0.42178503 2
0.66962045 -0.45451894 -0.43474099 4.6666665
0.74551922 -0.4619731 -0.44026983 4.6315789
0.81369495 -0.44861379 -0.43809122 4.1111112
0.90772271 -0.44517958 -0.43995848 4.6666665
1.0406568 -0.45698723 -0.43942684 5.625
1.1943163 -0.42460531 -0.43476966 6
1.2248112 -0.45432115 -0.44050589 6.1999998
1.4649293 -0.45196107 -0.44188616 3.25
1.7680743 -0.44704229 -0.44081321 5
1.8157616 -0.45590559 -0.44132772 3.6666667
2.1729064 -0.43854967 -0.4422335 6
2.2093413 -0.47325552 -0.44371253 6
2.4533844 -0.46270609 -0.44367528 4.6666665
-3.3047028 -0.34229288 -0.44819146 0
-3.2312841 -0.38439089 -0.44753867 0
-3.1407931 -0.3540625 -0.45913017 0
-2.0296359 -0.32874039 -0.45329466 4
-1.9494455 -0.35808039 -0.45632362 4
-1.8544197 -0.37132695 -0.45663062 5
-0.91436321 -0.3884725 -0.45302129 3
-0.85338658 -0.34686878 -0.4541218 4.2222223
-0.75610942 -0.34390056 -0.45782268 4.6666665
-0.65372062 -0.3572984 -0.45537713 6
-0.56574875 -0.35042113 -0.45005503 6.9000001
-0.46187878 -0.35696611 -0.45736137 8
-0.36948991 -0.35950205 -0.4462311 6.5
-0.10682603 -0.37502062 -0.44357896 5
-0.065397665 -0.3378031 -0.44487235 5.1666665
0.064671859 -0.36089522 -0.44985002 4.9333334
0.16270387 -0.34788215 -0.44844055 4.8823528
0.25381267 -0.35623714 -0.44835868 5
0.33295506 -0.34394959 -0.44689274 5.5333333
0.43905076 -0.35730633 -0.44507182 5.5263157
0.51900721 -0.31754503 -0.43064931 4
0.67580813 -0.37924451 -0.42413789 2.25
0.76422995 -0.36832309 -0.43252534 6.4285712
0.83087325 -0.34673458 -0.43928698 5.2307692
0.90795356 -0.34742248 -0.44268242 4.75
1.0306377 -0.35596222 -0.44063145 5
1.1779823 -0.3555873 -0.43339071 6
1.215513 -0.3464559 -0.43816155 5.5999999
1.437515 -0.34500563 -0.44542545 3
1.7607155 -0.35152984 -0.44069442 4.5714288
2.1468697 -0.35080627 -0.4430941 5.6666665
2.3963964 -0.30003765 -0.44271016 5
2.4211838 -0.36403871 -0.44547772 4
-3.2579534 -0.22559085 -0.45695409 0
-3.1941676 -0.2905727 -0.45702779 0
-2.1233175 -0.24791418 -0.45164618 3.6666667
-2.0385897 -0.26056784 -0.45372754 3
-1.9759012 -0.29434481 -0.45597076 4
-0.83785427 -0.24646594 -0.4493832 4
-0.74281847 -0.25232711 -0.44947594 5.5
-0.64777505 -0.23868415 -0.44939813 6
-0.54782957 -0.24779199 -0.45140624 7.0833335
-0.44786379 -0.24972107 -0.46131557 7.5
-0.3685891 -0.23682456 -0.44992849 6.8571429
-0.26487657 -0.22265835 -0.42904377 5
-0.16264179 -0.22383417 -0.43738613 5.5714288
0.06323456 -0.24804945 -0.44598356 5.25
0.16618763 -0.25010023 -0.44692633 5.5555553
0.24853502 -0.24931093 -0.44965684 5.3333335
0.33309048 -0.24399784 -0.44629842 5.3000002
0.4446874 -0.25269237 -0.44692099 5.5714288
0.53780144 -0.24801689 -0.43669215 5.7272725
0.77182466 -0.27018416 -0.42612004 6
0.85196078 -0.2491722 -0.43301207 5.3571429
0.91278821 -0.24705467 -0.44405875 4.5999999
1.0216314 -0.25204164 -0.44061106 5.4545455
1.1614077 -0.25316656 -0.43374634 5
1.2042763 -0.24945976 -0.43865871 5
1.3773618 -0.22238718 -0.43627 3
1.4289651 -0.25263762 -0.44516838 3
1.6949674 -0.21543202 -0.43922254 2
1.7385014 -0.25822958 -0.44048902 3.1428571
2.0943506 -0.24296586 -0.43939081 5
2.1407151 -0.25392509 -0.44430891 5.4000001
2.3921368 -0.24070632 -0.44395801 4.3333335
-15.996503 -0.14259417 -0.47587705 10
-3.4686193 -0.16956073 -0.44127846 0
-3.3271482 -0.13360879 -0.45689961 0
-2.2207308 -0.1282516 -0.44992062 3
-2.1605952 -0.15854442 -0.45190296 3.5
-2.087147 -0.18633854 -0.45205453 3
-0.82163179 -0.15519112 -0.45304793 4
-0.76124215 -0.13658196 -0.44671154 5.4444447
-0.64798534 -0.1409667 -0.44783694 6
-0.53255498 -0.14723097 -0.45106012 7.181818
-0.43596902 -0.14996333 -0.45273712 7
-0.35143855 -0.1484506 -0.44603693 6.6363635
-0.22903498 -0.15388086 -0.4399254 5.5555553
-0.16347335 -0.14592682 -0.43645564 5.3571429
-0.069451794 -0.14655168 -0.43788335 5.7142859
0.071496658 -0.14981559 -0.44866428 6.0833335
0.16140078 -0.15151826 -0.44772708 5.9444447
0.26069871 -0.14076725 -0.44261184 4.5333333
0.34979522 -0.14768097 -0.44051081 4.9333334
0.44399357 -0.1459952 -0.44468239 5.1363635
0.54463613 -0.15240636 -0.44268426 5.5999999
0.85143018 -0.15083335 -0.43331185 5.5999999
0.91019785 -0.1645886 -0.43681699 5.25
1.0200543 -0.15070696 -0.44244146 5.5
1.1726649 -0.15569563 -0.43632412 5
1.2021019 -0.10547733 -0.44146973 5
1.3741988 -0.15398121 -0.44015926 3.8
1.4338334 -0.14558813 -0.44261017 3.4000001
1.6878247 -0.14816666 -0.43976605 2
1.7552357 -0.14756122 -0.44168341 2
2.0871048 -0.15136014 -0.43943191 5.5
2.1442316 -0.14590751 -0.44413504 6.3333335
2.3911505 -0.15437691 -0.44293275 5
-3.5369923 -0.088967063 -0.43990543 0
-3.3656886 -0.036111534 -0.45520815 0
-2.2546711 -0.041272506 -0.45028168 3.25
-2.1759377 -0.060997862 -0.45002404 3
-0.80279237 -0.090443015 -0.4548533 4
-0.77498126 -0.046835527 -0.44946417 4.7692308
-0.66821587 -0.045586728 -0.44520786 6.75
-0.54090184 -0.053006265 -0.4519996 7
-0.43523365 -0.050559364 -0.4433741 6.3000002
-0.34666678 -0.051415101 -0.44797453 7.25
-0.24061422 -0.053957857 -0.43642351 4.9285712
-0.14541905 -0.055684797 -0.44171697 5.5
-0.051273309 -0.0559857 -0.44745237 6
0.065437481 -0.054285776 -0.4497517 6.7142859
0.16833973 -0.055121329 -0.444222 5
0.27279085 -0.047588758 -0.44609958 5.3157897
0.3523356 -0.042990137 -0.44561836 4.5714288
0.44242552 -0.052187346 -0.4451451 4.7307692
0.52112317 -0.053464394 -0.44470772 5.875
0.85774469 -0.054608576 -0.43538561 6.5
0.96072316 -0.046082463 -0.43550503 5.8888888
1.0315763 -0.05769689 -0.44193634 5.2857141
1.1555065 -0.053538721 -0.43684259 5
1.2044655 -0.040722813 -0.44199461 5
1.3672018 -0.048360318 -0.43894884 4
1.4373477 -0.041376419 -0.44219357 4.4000001
1.6877222 -0.050405227 -0.44035158 2
1.7584853 -0.052552409 -0.43925917 2
2.0922365 -0.062603794 -0.43909252 6
2.1467195 -0.044309784 -0.44228992 6.4000001
2.3971725 -0.099041782 -0.4423508 4
2.4105041 -0.043039728 -0.44167078 4
-2.3062034 0.053251561 -0.44905689 3
-2.2452662 0.04644452 -0.44938356 3
-0.75910068 0.051650941 -0.44216117 5.7333331
-0.65603036 0.052235212 -0.44162679 6.5
-0.54207307 0.051814746 -0.44835877 7
-0.44362152 0.050134353 -0.44835582 6.8461537
-0.34135309 0.047249556 -0.44424924 8.833333
-0.23124623 0.055464271 -0.43796903 5.2857141
-0.14824919 0.057110023 -0.43864736 5.181818
-0.051147833 0.05108225 -0.44060525 5.818182
0.062947445 0.048260856 -0.44695362 6.4166665
0.15327752 0.048622288 -0.4472962 5.8499999
0.26054356 0.04806203 -0.44998533 5.4000001
0.34127882 0.051495846 -0.44476548 4.818182
0.44639724 0.052235339 -0.44519228 5.1379309
0.52818924 0.053579662 -0.44861469 5.3571429
0.85753995 0.047135487 -0.43911654 7.2222223
0.93328404 0.050322216 -0.43811408 7.25
1.027747 0.04947374 -0.44030699 5.8000002
1.152012 0.051945101 -0.43728784 5
1.21162 0.04871488 -0.43945196 5
1.3745838 0.053444732 -0.44046536 4.1999998
1.4550822 0.050293304 -0.44455808 4
1.6978103 0.023709189 -0.44174618 2
1.7470146 0.055710319 -0.43951914 1.4285715
2.1403589 0.042175364 -0.43952599 5.8333335
2.2095065 0.081277072 -0.44282717 7
2.4575458 0.054214176 -0.44321728 4
-3.4047029 0.16479081 -0.45394331 0
-2.3182259 0.14975926 -0.44914728 3
-2.2442067 0.1553507 -0.44896269 3.6666667
-0.83604902 0.19497445 -0.44136077 4
-0.76212394 0.15207714 -0.44106108 5.8000002
-0.66182154 0.15152423 -0.43885818 6.3000002
-0.54428428 0.15269139 -0.44103315 7.2727275
-0.44795027 0.15114506 -0.44014752 6.6363635
-0.34039438 0.13756745 -0.43137416 6.1111112
-0.23074079 0.14803867 -0.4362472 5.5714288
-0.16995446 0.15111735 -0.43382308 5.0476189
-0.060385842 0.15184517 -0.43477771 5.5714288
0.039526355 0.14269812 -0.44332173 6
0.15421571 0.14443541 -0.44989413 6.0454545
0.26529667 0.14875533 -0.45207012 5.4615383
0.33733302 0.15028128 -0.44930738 5.25
0.44226477 0.14392519 -0.44388676 5.090909
0.54698139 0.15307488 -0.44569743 4.6666665
0.85880715 0.14590921 -0.43978193 7
0.91784811 0.15896226 -0.43335038 6.1999998
1.0369502 0.14441268 -0.44541717 5
1.1604832 0.15528791 -0.43621898 5
1.2293878 0.15096921 -0.43918109 5
1.3815669 0.12865178 -0.43804419 3.3333333
1.4497429 0.14690031 -0.44794446 2.5999999
1.5023636 0.18055505 -0.45209306 3
1.7263843 0.15469727 -0.44034266 1
1.8182839 0.13672265 -0.44043785 1
2.1647274 0.15407591 -0.43814388 5
2.2538793 0.15145148 -0.44410264 6
2.5199332 0.15630217 -0.44257388 4
-3.4130328 0.26829278 -0.45575091 0
-2.3063319 0.26223761 -0.4492977 3
-2.2466443 0.2529557 -0.44671017 3
-0.84762084 0.25522932 -0.44151789 4.5
-0.78605831 0.24926421 -0.44646695 5.0714288
-0.67737538 0.24967307 -0.4362902 6.5333333
-0.56226593 0.25260714 -0.44161305 8.083333
-0.45313486 0.24865563 -0.44514522 7.3000002
-0.36494282 0.23208028 -0.43418655 7
-0.2284878 0.23510508 -0.43340588 4.6999998
-0.16791375 0.24797671 -0.42401466 5.4285712
-0.069466233 0.23747811 -0.4411667 6.5999999
0.033168178 0.23993507 -0.44076699 6.1999998
0.1514769 0.24182157 -0.44656581 5
0.25204048 0.23078233 -0.45070136 4.8888888
0.35184228 0.25441921 -0.44372997 5
0.45789531 0.25895658 -0.44757733 5.7333331
0.54531544 0.24314518 -0.45108077 5.25
0.60136062 0.24799211 -0.43257174 2
0.84240448 0.25834611 -0.43360704 6.8888888
0.92218912 0.24935038 -0.43738133 6.1999998
1.0466514 0.24534535 -0.44447657 5.2727275
1.1775168 0.25685558 -0.43755293 5.5999999
1.2568678 0.25102296 -0.43998909 5.5999999
1.39859 0.20774804 -0.43869597 3
1.4251634 0.26322359 -0.44607019 3
1.5242854 0.24932829 -0.44894457 2.75
1.7630073 0.24791861 -0.4408105 3.25
1.8735374 0.24048358 -0.44121629 4.75
2.2186232 0.25026676 -0.43686256 5.3333335
2.3202598 0.24112964 -0.44525301 4
2.5786147 0.23297255 -0.44171786 3
2.622052 0.28197497 -0.44134027 3
-3.3682232 0.36582503 -0.45296204 0
-2.2507429 0.34348613 -0.44696844 3
-2.1892257 0.35767204 -0.44539344 3.5
-0.90588737 0.38412508 -0.44431663 5.3333335
-0.84644061 0.34492788 -0.44290969 4.5714288
-0.71292239 0.35918108 -0.4417181 6.1111112
-0.63504988 0.34984502 -0.43404186 6.8333335
-0.57132715 0.33295026 -0.43596864 7.1999998
-0.41249037 0.30311668 -0.44360512 8
-0.32535964 0.38040382 -0.43849277 6.4000001
-0.28431538 0.36298984 -0.44036627 4.7142859
-0.12470782 0.36006859 -0.44071478 5.2857141
-0.040665749 0.36452651 -0.44133702 7.6666665
0.026674753 0.34515134 -0.43756714 4.8000002
0.14460462 0.35034865 -0.45547318 4.9499998
0.2500037 0.35501119 -0.45379284 4.818182
0.3502894 0.35096046 -0.44920549 5.4285712
0.46444353 0.34348202 -0.44697717 4.9166665
0.52578092 0.3480289 -0.43948877 4
0.67057467 0.38020596 -0.45059785 3
0.84017646 0.35107926 -0.43614879 7
0.93923473 0.34630907 -0.44353929 5.5
1.055768 0.33954111 -0.44370276 5.125
1.1042182 0.37875888 -0.44383109 5
1.2419983 0.34767547 -0.44536015 6.1428571
1.3077681 0.38966829 -0.44510585 6
1.4494023 0.35146788 -0.4432708 3
1.5701809 0.34985721 -0.44875276 2.75
1.7945089 0.31063899 -0.44281489 9
1.8242687 0.36394593 -0.44313279 3.6666667
1.9403445 0.34050635 -0.44279793 3.3333333
2.2677641 0.32271048 -0.4359366 5
2.3552744 0.33626166 -0.44076309 4
2.4304361 0.37181714 -0.44331509 3
2.6737351 0.33297741 -0.44208321 3
2.7392519 0.38898 -0.4441005 3
-3.3157876 0.43635738 -0.45044047 0
-3.2905471 0.48337126 -0.45065111 0
-2.2170675 0.42627779 -0.44689408 3.5
-2.1486104 0.44852787 -0.4441205 4
-2.0906577 0.48068997 -0.44250572 4
-0.93202078 0.43887863 -0.44128466 3.125
-0.86000574 0.44578117 -0.44226316 3.3333333
-0.74416846 0.44856566 -0.44074464 5
-0.62174416 0.43734351 -0.43568599 6
-0.59788752 0.41227472 -0.43021315 7.5
-0.42592174 0.4640494 -0.43582281 6.5384617
-0.36216503 0.44279167 -0.44238052 6.8800001
-0.27745846 0.45736602 -0.43951353 5.352941
-0.17581242 0.4965719 -0.44575566 3
-0.021989362 0.44951418 -0.44235206 4
0.011220125 0.43994984 -0.44137517 5.5999999
0.14075689 0.4489775 -0.45743275 4.7916665
0.25248975 0.44931456 -0.45538637 4.9285712
0.35070553 0.45066443 -0.45033917 4.8333335
0.43317479 0.44745275 -0.44304752 5.5714288
0.55136341 0.46066132 -0.4546231 2.3333333
0.64638209 0.43659416 -0.45068675 4.4000001
0.74513811 0.46115467 -0.44790089 3.6666667
0.8482011 0.44531128 -0.44241154 5.5384617
0.9546535 0.44706482 -0.44502634 5
1.0450907 0.44187772 -0.44048196 5.75
1.1214148 0.44852275 -0.44339839 5.75
1.2292129 0.44420934 -0.44634262 7
1.3347601 0.4460021 -0.45107093 6.6666665
1.4845816 0.43869665 -0.44502655 3
1.5009775 0.48969346 -0.44136363 3
1.6221594 0.4484733 -0.44800758 2.3333333
1.8656107 0.44658145 -0.44057259 5.6666665
1.9805391 0.40052503 -0.44071463 7
2.0285487 0.45353615 -0.4443489 3.5
2.363615 0.43709207 -0.43681753 4.3333335
2.464273 0.40781775 -0.44295096 3
2.5302343 0.46632743 -0.44481316 3.5
2.7786615 0.42598188 -0.44338924 3
2.8376429 0.46898371 -0.44679409 3
-3.2239661 0.54790807 -0.44860521 0
-2.1214468 0.51581264 -0.44390029 4
-2.0481863 0.54526472 -0.44304177 4.1666665
-1.9617311 0.58470845 -0.44199753 5
-0.93534738 0.51450181 -0.44211552 0
-0.84983629 0.54089856 -0.45145205 0.5
-0.77701932 0.52583838 -0.44253045 1.25
-0.64585859 0.55275786 -0.43444249 0
-0.51460093 0.58961535 -0.44097266 4.1999998
-0.45101681 0.53365242 -0.43923137 5.6666665
-0.33757365 0.5484643 -0.4426406 4.8947368
-0.2615062 0.54872668 -0.44144362 4.909091
-0.18439874 0.54939646 -0.44569379 4.5999999
-0.081858627 0.59026951 -0.44085324 1
0.084318794 0.55182612 -0.44155267 3.75
0.14120105 0.5461694 -0.4549177 5.375
0.24014194 0.5400486 -0.45464903 4.9000001
0.31432047 0.54414815 -0.44704047 4.5999999
0.45067358 0.55552328 -0.45088646 3.6666667
0.54934406 0.54707068 -0.4552967 4.4000001
0.65789855 0.54089713 -0.45310178 4
0.76268727 0.53643578 -0.45136809 4
0.84787053 0.54767746 -0.44665921 4.5652175
0.95913607 0.54176301 -0.44293016 5.7142859
1.0683228 0.54612267 -0.44782352 6.5
1.1553681 0.54893273 -0.45215282 6.6666665
1.2609496 0.54994822 -0.44882146 4.75
1.3781596 0.53734905 -0.45683646 4.3333335
1.5290655 0.54834127 -0.44284081 3
1.6718677 0.52916455 -0.44946542 2
1.7034065 0.58118165 -0.44976848 2
1.9222984 0.53886575 -0.43919563 8
2.0713031 0.50655252 -0.44381356 7
2.1252012 0.56607008 -0.44471073 6.5
2.4418068 0.52597725 -0.43584478 3
2.5512071 0.55685437 -0.44144154 3
2.6423662 0.56984669 -0.44395494 3
2.8957791 0.51298571 -0.44838619 3
2.9382896 0.54711872 -0.45256817 3
-3.1365874 0.62995213 -0.44794211 0
-3.0467007 0.68249881 -0.44529784 1
-1.9499483 0.62057447 -0.44370621 5
-1.848423 0.65997523 -0.44310001 7.1666665
-1.7624369 0.68979388 -0.44289574 7.3333335
-0.62547171 0.66938871 -0.44009885 5.4000001
-0.56663859 0.63031268 -0.44109666 4.875
-0.43616906 0.67186308 -0.44553247 5
-0.38257471 0.62155408 -0.44955987 5
-0.25252187 0.64938259 -0.44569105 4.3076925
-0.13970698 0.65513194 -0.44771007 4.6666665
-0.073015876 0.65670198 -0.44454041 4.5
0.12995817 0.64655429 -0.4601799 3.5
0.2289793 0.63808769 -0.44865051 4.5
0.33626378 0.65291202 -0.45159218 3.3333333
0.44490564 0.65025312 -0.44944739 4.5
0.54916126 0.63895392 -0.45632941 4
0.64474571 0.65126342 -0.4528892 4.4000001
0.74684483 0.65114141 -0.45418039 4.7777777
0.86174393 0.63281322 -0.44326186 4.8000002
0.93975478 0.64397937 -0.45101607 2.75
1.0365384 0.65633732 -0.44805288 5.2222223
1.1862833 0.64528078 -0.45569158 7.6666665
1.2917672 0.64193571 -0.45115572 5
1.3088062 0.69242895 -0.45196551 4
1.4180441 0.63305527 -0.45432296 3.6666667
1.5774679 0.64697504 -0.44503322 2.6666667
1.7425028 0.6391905 -0.4502981 6
1.9775195 0.61147505 -0.44253218 7
2.0169361 0.66739565 -0.44196841 7
2.1848977 0.62958843 -0.44621956 6
2.2203062 0.67160439 -0.44412279 6
2.544282 0.62782574 -0.4369711 3
2.6122622 0.67872834 -0.44230676 3
2.7413695 0.6453594 -0.44808316 3
2.9644461 0.60528094 -0.43915966 2
3.049964 0.64006114 -0.44762659 2.6666667
-3.4067717 0.75288635 -0.43096164 0
-3.3462343 0.79580295 -0.43024975 0
-2.9700012 0.73553509 -0.44522199 1.5
-2.8902543 0.78457069 -0.44598615 3
-1.7244961 0.7169292 -0.44516239 7.5
-1.6545471 0.72143018 -0.44370422 6.8000002
-1.5587933 0.74384803 -0.44528827 3.8
-1.4637997 0.74937886 -0.44126233 1.25
-1.1810787 0.77511871 -0.446915 0
-1.0452769 0.74451381 -0.4422664 0.2857143
-0.94894153 0.75484538 -0.44532472 1.5
-0.88513678 0.75236779 -0.44532353 0
-0.73160774 0.76508313 -0.43996778 0.66666669
-0.6106801 0.75403535 -0.43889594 2
-0.54009569 0.76513839 -0.441946 6
-0.48511803 0.72852105 -0.44174266 5.75
-0.32908854 0.75717556 -0.44515386 5.4000001
-0.27949986 0.74870569 -0.44152382 5.3333335
-0.14405097 0.74919331 -0.44537532 5.5
-0.076289833 0.74651432 -0.44033524 5.6666665
0.043511417 0.77626693 -0.44827774 1.5
0.11952039 0.70824116 -0.46170133 0
0.27753606 0.77722704 -0.46846306 3
0.33340153 0.74842757 -0.4521673 3.3333333
0.4551878 0.74614739 -0.45334974 4.3333335
0.55742168 0.75972861 -0.45016789 2.8333333
0.64320177 0.76135713 -0.45643806 4.25
0.78480768 0.72296613 -0.45866385 5
0.83884913 0.74763906 -0.4546043 3.1111112
0.95516723 0.73501778 -0.44720206 3.6666667
1.0602682 0.73093706 -0.45437726 1.125
1.1275785 0.76431769 -0.45302406 2.5714285
1.2177652 0.7506485 -0.45420972 4.3333335
1.3256702 0.75809604 -0.446973 4
1.461744 0.73910952 -0.44821498 3
1.6251293 0.75376439 -0.44537762 6.3333335
1.7938205 0.70620596 -0.45519352 1
1.8281918 0.76623964 -0.44977757 5
2.0796804 0.7498349 -0.44210029 6
2.2641704 0.71862042 -0.44360673 5
2.3200538 0.77263689 -0.44521892 4
2.6758125 0.73064131 -0.4453283 3
2.7291234 0.78057325 -0.44547909 3
2.8560178 0.72987407 -0.45264965 3
2.9262903 0.78588557 -0.45194429 3
3.1577187 0.73098403 -0.44538042 2
3.2477038 0.76801223 -0.45324272 3
-3.2399061 0.85315669 -0.429245 0.5
-2.8233976 0.81060213 -0.44525808 3
-2.7573698 0.83563417 -0.44396937 4
-2.6601386 0.8696779 -0.44382337 4
-2.5587409 0.89872468 -0.44285721 4
-1.2267418 0.87252998 -0.44083238 1.5
-1.1534746 0.86106569 -0.44027147 2.2222223
-1.0808026 0.82060963 -0.4412531 1.3333334
-0.93611062 0.84377921 -0.43997201 3
-0.76132286 0.84393346 -0.4376716 3.8
-0.63112986 0.85057122 -0.4388772 6.090909
-0.57844591 0.81743175 -0.43640497 5.3333335
-0.45112863 0.87903017 -0.44352612 6.5
-0.35895857 0.8350215 -0.44279951 6.1999998
-0.20490131 0.87215197 -0.44158065 7
-0.14676239 0.84043062 -0.44220698 6.25
-0.095339172 0.80319011 -0.44018674 6
0.019087568 0.84926254 -0.44226623 6.6666665
0.12889354 0.87681562 -0.45645866 2
0.25680235 0.86198634 -0.46891138 3.3333333
0.35029453 0.83879459 -0.45525926 3.25
0.4498919 0.85283864 -0.45686412 3.5999999
0.53010368 0.85209185 -0.44897839 3.4285715
0.66224837 0.83279622 -0.45863122 4.4000001
0.726596 0.88329244 -0.45853066 4
0.85044581 0.84564096 -0.45212793 1.6666666
0.93232286 0.86285055 -0.46131998 3
1.1433657 0.82233882 -0.4496277 1
1.2427379 0.83886147 -0.45036042 0.625
1.3558247 0.87195784 -0.45023686 2.25
1.516151 0.84981513 -0.44851443 2
1.6635652 0.83289218 -0.44622317 5.6666665
1.7360535 0.86601353 -0.44414973 1.6666666
1.8803197 0.83926946 -0.4493413 8
1.9187945 0.89329094 -0.4491632 8
2.1502798 0.84176749 -0.44126856 6
2.3728571 0.82665533 -0.44495767 3
2.4385853 0.88867515 -0.44640374 3
2.7900496 0.83449572 -0.44532597 3
2.8692636 0.89738756 -0.4486478 3
3.0019393 0.84589809 -0.45094264 3
3.2846224 0.8317861 -0.44318712 0
3.326503 0.82701367 -0.45181376 1
3.412914 0.89001501 -0.45014548 0
-3.1446657 0.90852153 -0.4304992 1
-3.0738785 0.94042307 -0.43055704 3
-2.9548147 0.97975886 -0.43016016 3
-2.464427 0.92526364 -0.44434649 4
-2.3358259 0.95329869 -0.44496223 4
-2.2260754 0.96282971 -0.44309205 5
-2.1564333 0.96686292 -0.44178134 5
-2.0594714 0.97490537 -0.44200018 5
-1.9365661 0.98145926 -0.44220597 4.5
-1.8526458 0.98599339 -0.443878 2
-1.7921598 0.98302048 -0.44361782 2
-1.314666 0.98776615 -0.44128215 1.5
-1.2589529 0.93803066 -0.43928632 3.8888888
-1.166901 0.94744855 -0.43910351 2.8
-1.0106444 0.96806341 -0.43406779 5
-0.98060435 0.93221617 -0.43683246 4
-0.81406069 0.97270584 -0.43626934 4.5
-0.79427528 0.92421389 -0.43796283 5
-0.64638364 0.93308806 -0.4339776 5
-0.50458443 0.96917176 -0.43986216 4.5
-0.46114507 0.95195639 -0.43715614 5
-0.38616183 0.9146325 -0.43888539 7
-0.2381072 0.94411057 -0.44453463 7.3333335
-0.14136584 0.93921089 -0.44225559 3.6666667
-0.0066528488 0.93724304 -0.44064444 4
0.071247682 0.96901846 -0.4769811 2
0.12548319 0.95265019 -0.46550697 3.4000001
0.22323482 0.96616644 -0.46189347 2.6666667
0.34206855 0.95778298 -0.47015613 3.75
0.45869946 0.9173559 -0.45319527 2.5
0.54396778 0.94309789 -0.45443466 3.3333333
0.68024832 0.90209299 -0.46269363 3
0.7394827 0.95267403 -0.46208924 4
0.85576856 0.96549356 -0.45220721 3.25
0.94672769 0.95033568 -0.45401859 3
1.040604 0.970065 -0.45981422 1.7142857
1.3587698 0.93193662 -0.44807714 0.25
1.4352939 0.94341767 -0.45065367 1.25
1.5529886 0.96350604 -0.44954482 5.6666665
1.7473069 0.96449625 -0.44527408 8
1.813989 0.91551191 -0.44535798 1
1.9670535 0.95431197 -0.45105296 8
2.2376406 0.94718039 -0.44187513 4.5
2.4986231 0.90558267 -0.4410947 2
2.5491128 0.9366262 -0.44412857 2.5
2.6924098 0.9355222 -0.44279242 2
2.7999089 0.94948858 -0.44373202 3
2.8989451 0.95746034 -0.4417659 3
2.9302335 0.95431429 -0.44626421 3
3.0493202 0.94016886 -0.44576511 2.5
3.1624417 0.98215878 -0.44675031 1.5
3.2455385 0.9833585 -0.43771043 1
3.3880188 0.94796121 -0.4412604 0
3.4678845 0.96351612 -0.43917188 0
3.5091727 0.95801651 -0.44829875 0
-2.832989 1.0120922 -0.42918402 5
-2.7619314 1.0349913 -0.43061009 5
-2.6554928 1.0638359 -0.43384558 4
-2.5388105 1.0836742 -0.43425104 4
-2.471087 1.0985755 -0.43706092 4
-2.0086346 1.0999433 -0.43577942 2
-1.4135054 1.0151324 -0.43961516 3
-1.3626156 1.0355511 -0.43800479 8.3999996
-1.2549119 1.067929 -0.43566099 8
-1.0436611 1.0409027 -0.43101722 4
-0.84552157 1.0491942 -0.43063334 4.25
-0.65616322 1.0472891 -0.43480048 3.5999999
-0.54528683 1.046366 -0.44380388 3.8
-0.47957799 1.0493915 -0.43712872 3.75
-0.28615856 1.0525398 -0.45174608 4
-0.17656299 1.0417259 -0.44545239 3
-0.025518283 1.0352068 -0.44646227 3.5
0.078560755 1.0387523 -0.46140516 3.25
0.13683634 1.0351527 -0.47846645 3.5
0.22608593 1.0495534 -0.45791319 2.5
0.35882574 1.0485418 -0.47212422 3.5
0.55417091 1.0490359 -0.4663538 3
0.60318947 1.0839934 -0.46552753 4
0.77317166 1.0432746 -0.46655369 3.3333333
0.83790666 1.0465025 -0.45677891 4.1999998
0.97324198 1.0562569 -0.4506692 3
1.0949103 1.0439297 -0.4574737 9
1.1346492 1.0569334 -0.45993018 0.5
1.4770558 1.0221291 -0.45543501 2.5
1.5583837 1.0751414 -0.45694149 6
1.6565878 1.0332463 -0.45183998 5
1.775239 1.0695916 -0.44910184 6
2.037324 1.0493543 -0.4493663 4.5
2.3326631 1.0640893 -0.43995219 3
2.5928121 1.0287195 -0.4508369 3
2.6280258 1.0044616 -0.44474614 0
2.7072766 1.0114201 -0.44116747 0
2.805593 1.024363 -0.44128823 2
2.9131083 1.0393012 -0.44078022 3
3.0061154 1.0317374 -0.4409382 2.5
3.1196001 1.0791312 -0.44312197 0.5
3.2498231 1.0701123 -0.43511599 0
3.3559747 1.0789838 -0.44581032 0
3.5376775 1.0989445 -0.43540829 0
3.6401219 1.0501294 -0.4507902 0
-2.3593714 1.1340679 -0.44777784 5
-2.1838956 1.1231687 -0.44345391 3
-2.0918334 1.1110523 -0.43834999 3
-1.9481395 1.1018553 -0.43859345 0
-1.443942 1.1423521 -0.43323299 9
-1.3191135 1.1571443 -0.43185449 12
-1.109502 1.1340396 -0.42982906 4
-1.0894954 1.1391979 -0.43202657 3
-0.8833254 1.138175 -0.42709607 4
-0.71076 1.1721964 -0.42683798 2
-0.68192291 1.1338751 -0.43604785 2.5
-0.54043424 1.1497086 -0.43893331 3.25
-0.49314368 1.1330793 -0.42553186 4
-0.35030994 1.1472015 -0.4388206 4
-0.22148414 1.1485854 -0.44342145 3
-0.053378552 1.1256845 -0.44502994 3
0.071374923 1.1397591 -0.46031025 2.5
0.14264879 1.1389091 -0.47833499 3
0.21885359 1.1402665 -0.45241794 3
0.33775091 1.157075 -0.46587625 2.6666667
0.42127743 1.153883 -0.45642436 2.3333333
0.56163919 1.1518002 -0.47953326 3
0.63159001 1.1296484 -0.45376796 5
0.85996348 1.1360323 -0.4603574 3.7142856
0.95241803 1.1523567 -0.45401859 4.25
1.1491092 1.1445725 -0.45462561 2.25
1.2091521 1.1292969 -0.45788661 2.5
1.6429303 1.1256566 -0.45458826 3
1.7465328 1.1891723 -0.45595729 6
1.8406496 1.1117628 -0.44653997 4
1.9502838 1.1560049 -0.44731057 2.5
2.0479589 1.1909282 -0.44319779 1
2.1178596 1.1543998 -0.44842583 2
2.4324899 1.1729835 -0.44346976 3
2.6764781 1.1067479 -0.45056093 4
2.768177 1.1907775 -0.45096087 3
3.2020473 1.175959 -0.44884843 0
3.4255879 1.1529602 -0.45345664 0
-16.029375 1.2454648 -0.47388899 27
-13.485189 1.2791969 -0.40474528 2
-1.5235965 1.2382905 -0.43480992 10
-1.421429 1.2784034 -0.43976519 7
-1.3693618 1.2378837 -0.43510425 7.3333335
-1.1609001 1.2314008 -0.4294821 15
-0.93131089 1.249902 -0.42498887 7.5
-0.72865742 1.2507656 -0.43155131 8
-0.6519134 1.2425348 -0.43612838 7.6666665
-0.51572639 1.2407371 -0.42466626 4.3333335
-0.42704564 1.2809544 -0.44139969 22
-0.3675302 1.2396965 -0.43210569 3.3333333
-0.27540636 1.2722832 -0.44204384 2
-0.0855515 1.2296572 -0.44377097 3
0.057131458 1.247978 -0.45655081 6.6666665
0.17271587 1.2561632 -0.46593013 6.8000002
0.25128672 1.2439108 -0.47533047 3.5
0.34283328 1.2569004 -0.45674801 8.666667
0.43288127 1.2438704 -0.47410846 3
0.58004016 1.2028027 -0.4798665 3
0.6321907 1.2574244 -0.47648147 3
0.86812812 1.234391 -0.45701081 3.5
0.94574612 1.2520282 -0.46361089 3
1.0112987 1.2476983 -0.45171323 4
1.1366771 1.2533177 -0.45469534 4
1.2361763 1.2198508 -0.45628014 4.5
1.343434 1.2313066 -0.45695925 4
1.4137985 1.2857276 -0.46286505 2
1.8186805 1.2321842 -0.45524973 6
1.9028275 1.2821964 -0.45678043 5
2.5001316 1.2499157 -0.44345528 2
2.8804109 1.2898115 -0.45283979 1
3.2974849 1.2558401 -0.44667602 0
3.5745094 1.2539804 -0.45584863 0
-1.6068386 1.3281609 -0.43198234 9
-1.5462965 1.3482721 -0.43997461 7.5
-1.4401264 1.3175588 -0.43355805 10.5
-1.2463431 1.3547095 -0.43533337 12.75
-1.1830375 1.3001029 -0.43301567 16
-0.98786211 1.3771261 -0.42265785 10.5
-0.75445276 1.344249 -0.43040955 1
-0.53389913 1.3505692 -0.42548478 14.5
-0.4618004 1.3469105 -0.44488084 2
-0.33982167 1.3454704 -0.43314984 17
-0.22994876 1.3142258 -0.43024221 19
-0.12291604 1.3496245 -0.4426026 8.5
0.058577184 1.3488693 -0.46938762 7
0.15179706 1.353911 -0.47235841 2
0.26074097 1.3484148 -0.47684795 3
0.36249503 1.3497769 -0.46910834 7.6666665
0.45524421 1.3389078 -0.46251607 7.3333335
0.58295053 1.392118 -0.44646049 6
0.65252107 1.3388944 -0.47872648 3
0.71404332 1.3700899 -0.46773809 4
0.85806584 1.3533884 -0.45327258 11.5
0.97445965 1.3341188 -0.46174008 5.75
1.0180346 1.3651099 -0.46254063 7
1.1545027 1.3323327 -0.45538127 18
1.2408221 1.3540776 -0.45164835 8
1.4382647 1.3422195 -0.45672488 10.333333
1.5348643 1.3815897 -0.46328509 2
1.9944731 1.3361671 -0.45759571 4
2.0779743 1.3791817 -0.45275092 3
2.5771565 1.3358365 -0.44451672 0
3.1323214 1.3144159 -0.45042366 0
3.3225422 1.3674002 -0.45287794 0
3.8152435 1.3990051 -0.47064972 0
-1.7314705 1.4912275 -0.4316673 10
-1.6751647 1.4121946 -0.4408896 6.6666665
-1.5423952 1.4515063 -0.43091655 10.5
-1.4534862 1.4546225 -0.440014 11
-1.3296754 1.4259968 -0.43383193 11
-1.2911831 1.4850101 -0.42838022 12
-1.0383151 1.4886086 -0.42470962 14.5
-0.7721774 1.4533577 -0.41877651 10
-0.56101626 1.4781288 -0.42645812 9.333333
-0.4968099 1.4038856 -0.44333464 12
-0.36202151 1.4636141 -0.42374521 8.8571424
-0.21153598 1.4444208 -0.42126858 7
-0.17850864 1.4770349 -0.42652503 10.666667
-0.025716627 1.4864808 -0.41857606 13
0.031964019 1.4546639 -0.45586586 9
0.15019292 1.4704148 -0.44116682 17
0.25752625 1.470149 -0.44606936 33
0.33537856 1.4687961 -0.44222251 27.6
0.4569535 1.4729731 -0.4440338 22.625
0.55359912 1.4840817 -0.42615288 28.25
0.66929978 1.477618 -0.44317943 17.6
0.76772261 1.4695414 -0.44503939 23.5
0.85064888 1.4787043 -0.43411818 42.666668
0.97972184 1.4924436 -0.43868428 35.5
1.0492805 1.4643818 -0.45054701 26
1.1574109 1.4832107 -0.44047403 37.833332
1.2584467 1.48159 -0.43396109 39.5
1.4612114 1.4865991 -0.43604219 42
1.5702189 1.4660848 -0.45143446 9.5
1.642992 1.4876169 -0.43951437 12.5
1.8489212 1.4930968 -0.43163779 0
2.1918173 1.4451965 -0.45456767 3
3.024416 1.4098469 -0.45965219 1
3.1008325 1.4938954 -0.44621557 6
3.5682018 1.4554534 -0.45402873 4
3.6138434 1.4854056 -0.45901722 5
3.7813683 1.4883401 -0.46059012 5
3.9363225 1.4970298 -0.46063793 9
4.2417388 1.498385 -0.41581219 14
4.3397408 1.4901314 -0.46096134 8
-1.7686236 1.5272164 -0.41943473 30.5
-1.6392275 1.5289611 -0.4163588 41.333332
-1.567734 1.5130515 -0.43308049 13
-1.3512166 1.5535002 -0.41658479 33
-1.0675631 1.5551121 -0.40730166 45.5
-0.21461326 1.5022235 -0.42194015 16
0.16382857 1.5016617 -0.43632063 11
0.75983334 1.5018407 -0.41906863 19.5
0.81575054 1.5042286 -0.41172808 18
1.1506453 1.5029136 -0.42931807 25.666666
1.7503023 1.5017341 -0.43126392 37
2.3326573 1.5097225 -0.44391268 6.5
2.414283 1.5192512 -0.41428772 3
3.0554271 1.5059488 -0.40563035 6
3.1545005 1.5349931 -0.40591073 3
3.8668947 1.5090516 -0.41577631 16
3.9787343 1.5243288 -0.45461357 9
4.1796541 1.5553188 -0.44654506 12
4.3493276 1.5411705 -0.43284178 18.5
4.4313993 1.5020244 -0.47841442 7
4.5017223 1.5673165 -0.41481331 25
12.684185 -2.1172605 -0.37207317 5
-15.933074 -1.881934 -0.36835343 63
-13.389782 -1.8288485 -0.35066479 5
-10.690928 -1.855973 -0.35301131 64
4.2753925 -1.8032479 -0.38634121 12
4.7311206 -1.8110174 -0.37132844 15
4.9970007 -1.8441058 -0.36792699 6
-11.550955 -1.7899587 -0.33968452 8
-8.9435587 -1.7109598 -0.32843342 0
-8.3186998 -1.7426984 -0.3386088 13
-7.6061707 -1.7315311 -0.34323126 14
-7.0356483 -1.7262008 -0.34869543 20
-6.5246358 -1.7132626 -0.37731686 21.5
-6.1212692 -1.7004799 -0.39816481 23
-6.0812511 -1.709327 -0.36094418 23
-5.7134619 -1.7077687 -0.37027282 21
4.3301048 -1.7798897 -0.38559347 11
4.7239685 -1.7894827 -0.34904009 16
5.2485876 -1.7699687 -0.32605273 10.5
-16.242151 -1.60952 -0.32734835 43
-5.759624 -1.6942686 -0.39811838 21
-5.4304271 -1.6880758 -0.39792755 27
-5.3584313 -1.697192 -0.37717247 25
-5.1386719 -1.6859055 -0.397836 26
-5.0719032 -1.6965419 -0.38793775 29
-4.8095074 -1.6938617 -0.39713997 33
-2.4809458 -1.6142755 -0.33956888 58
-2.3281758 -1.6199063 -0.3455129 66.333336
-2.2674968 -1.621963 -0.35815373 66.333336
-1.9263264 -1.6140922 -0.34944174 62
-1.8391283 -1.6237491 -0.33981442 39.799999
-1.7336626 -1.6360422 -0.34887123 44.5
-1.6673809 -1.6844527 -0.33361015 43
-1.5536249 -1.6807379 -0.34551945 50.75
-1.4656619 -1.6816711 -0.35842386 54.666668
-1.1262187 -1.6743647 -0.33907771 65.666664
-1.0516306 -1.6908098 -0.3295303 60
-0.96952558 -1.6917536 -0.38204557 61.5
-0.84099704 -1.6588751 -0.33680069 81.666664
-0.74911124 -1.6284746 -0.34303728 86
-0.64149362 -1.6266911 -0.36855355 95
-0.56749916 -1.6249062 -0.33936518 92.75
-0.48391122 -1.6244421 -0.37275556 42.5
-0.020636791 -1.6384302 -0.39536148 73
0.043367982 -1.6388692 -0.35320872 70.25
0.7346884 -1.6228185 -0.37223151 54.75
0.87787867 -1.6259831 -0.36539501 17
0.92746222 -1.6150347 -0.33048561 57.5
1.5551358 -1.6030108 -0.37698695 19
11.097438 -1.6742725 -0.30918273 21
11.101081 -1.6530694 -0.36411002 32
0.93345577 -1.5243264 -0.3563478 4
1.6825311 -1.5407615 -0.36698014 19.75
1.8286647 -1.5891138 -0.32340479 78
2.9561799 -1.54574 -0.39742029 3
3.3368144 -1.5116651 -0.35483384 5
3.7924802 -1.511899 -0.31191811 8
3.9925883 -1.541015 -0.30859104 11
-0.43180105 -1.4263524 -0.3474932 2.2857144
-0.33848599 -1.4129333 -0.34187126 5.4285712
-0.24963662 -1.4109199 -0.33233881 2.25
-0.19083551 -1.4152941 -0.30176139 6
-0.069910742 -1.4203762 -0.36883199 2
0.76803708 -1.4413209 -0.36651233 11.333333
0.80249417 -1.463011 -0.34645283 150
1.452672 -1.4446702 -0.32204139 11
1.8250841 -1.4726372 -0.31198278 0
3.3942273 -1.4886844 -0.33764973 4
3.7913225 -1.4676598 -0.30693483 6
11.888777 -1.444767 -0.31382775 46
11.906415 -1.4143634 -0.3789762 91
-0.33009237 -1.3872172 -0.39431393 4
-0.17289378 -1.3727152 -0.37452561 2.5
-0.014893176 -1.3919336 -0.32484436 2
0.015789261 -1.3970295 -0.30070966 2
0.28206304 -1.3635435 -0.33019009 1.3333334
0.31521744 -1.3670654 -0.32023033 10
0.47076023 -1.3748605 -0.37748194 0.5
0.5326038 -1.3795832 -0.34085849 1.6666666
0.6006701 -1.3788782 -0.32443893 3
0.92310804 -1.3277646 -0.37337732 11.333333
10.264226 -1.3667804 -0.32740578 1
0.9412359 -1.2276293 -0.38399088 3.5
1.366025 -1.2427129 -0.35818267 150.5
1.8541121 -1.2028301 -0.32302266 10.5
13.119757 -1.2125496 -0.34191251 10
0.75211895 -1.105635 -0.37323213 0
0.97224051 -1.1583704 -0.32888666 8.75
1.0674798 -1.1681577 -0.32473612 8.5
1.1039675 -1.1764567 -0.34389067 2
1.2711498 -1.1479903 -0.34782982 5
1.6550699 -1.163792 -0.37402916 11.75
1.738359 -1.1726093 -0.34733042 17
1.8333426 -1.1763568 -0.30957606 8.666667
1.9539607 -1.1234548 -0.37889308 3.8
2.074949 -1.1783698 -0.35657176 0
2.1266997 -1.1948452 -0.36751023 2
10.883595 -1.1230125 -0.34138271 7
0.76067913 -1.0644479 -0.37558717 0
1.0954803 -1.0978514 -0.35775757 3
1.1098467 -1.0947188 -0.3793599 3
-0.24379322 -0.26096869 -0.33538848 2
-0.17581403 -0.28103444 -0.37628824 2
0.21085469 -0.22940482 -0.3992452 3
-0.13348691 -0.14286062 -0.32080179 1
-0.064169511 -0.13168423 -0.37809581 4.25
0.23888464 -0.14531328 -0.36433145 3.1666667
0.30807713 -0.16276698 -0.38395986 2
-0.1698392 0.044926949 -0.39991552 4
-0.30754867 0.16128635 -0.34099114 2.5
-0.28581065 0.14848335 -0.39906329 3
0.48508364 0.12145182 -0.35949093 1.5
0.52679724 0.13134873 -0.36333561 2
-0.32255635 0.23942767 -0.30738601 2
-0.2489318 0.24331325 -0.3762196 1.5
0.25177786 0.20425202 -0.39707211 3
0.38649994 0.22825669 -0.37084901 2.5
-0.49227536 0.31213617 -0.39764544 5
-0.50182134 0.47893783 -0.37680116 4
-0.47294587 0.44633073 -0.36647576 3.5999999
-2.9845052 1.4418864 -0.30318198 52
-2.8755226 1.4439281 -0.31143123 55
-2.7729681 1.4749404 -0.3292965 77.5
-0.77197838 1.4969412 -0.35896906 12
-0.62607855 1.4799409 -0.38761714 69
-0.55609709 1.489403 -0.33201939 16
-0.45837292 1.4831234 -0.37662324 38.666668
-0.34808126 1.4927732 -0.33703688 18.857143
-0.23201132 1.4947878 -0.3603346 19.4
-0.16242374 1.4901731 -0.33908519 16.75
-0.048998822 1.4895812 -0.36179957 15.333333
0.059793331 1.484689 -0.35970861 16
0.16696525 1.4956833 -0.34192801 16.333334
0.24266046 1.4955988 -0.35608459 20.375
0.35149476 1.494777 -0.35958818 40.142857
0.44313526 1.4912217 -0.34117264 60.57143
0.55407929 1.4917001 -0.35237107 55.615383
0.62772757 1.4887999 -0.34230018 34.666668
0.76862675 1.4848598 -0.36403561 96
0.82995427 1.4958068 -0.36376619 58
0.96217424 1.4933016 -0.34882826 83.800003
1.1458163 1.4970558 -0.33679336 82.75
1.2336838 1.4913939 -0.36110178 36.833332
1.3523293 1.4977648 -0.30974996 44.5
1.4235108 1.4978372 -0.36533719 69
1.5302557 1.4894997 -0.35797134 65
1.7803028 1.4963763 -0.33680975 63
1.8182116 1.4912126 -0.39191103 36
1.9360465 1.4815232 -0.33057597 5
3.3932867 1.4979273 -0.34058064 7
3.4681699 1.4967537 -0.37904575 12
4.0327272 1.4999104 -0.32614192 16
4.1338801 1.4996532 -0.37091738 17
-2.6801307 1.507942 -0.34906539 38
-2.5487001 1.5104806 -0.36337554 31
-2.4286458 1.5150105 -0.37847278 17
-2.3587844 1.5210223 -0.3893325 6
-1.8220733 1.5176558 -0.37213206 7
-1.7579981 1.529439 -0.36618832 45.857143
-1.6141008 1.5372474 -0.35112524 53
-1.5793425 1.5404364 -0.35938594 62
-1.4063141 1.5261539 -0.30284226 53
-1.3446707 1.5431186 -0.34069726 55.285713
-1.2827436 1.5270712 -0.35210916 49
-1.1115872 1.537921 -0.30821839 56
-1.0644072 1.5497137 -0.34297144 59.200001
-0.78757566 1.5026283 -0.33627918 14.333333
-0.54257935 1.5030731 -0.384175 15
0.064625815 1.5046861 -0.36418188 16
0.27238783 1.5045422 -0.32626 21
0.35559285 1.5089167 -0.36242425 17
0.79547971 1.5008539 -0.38467923 23
0.84501809 1.5064914 -0.35267887 18.666666
0.91518837 1.5050066 -0.31649551 20.5
1.1823496 1.5031774 -0.39174956 13
1.2330753 1.5089079 -0.34586391 23.666666
1.6699746 1.5053226 -0.38675988 38.5
1.7486062 1.5065531 -0.33004385 55.666668
1.857571 1.5067062 -0.3772085 63.666668
1.9534458 1.510343 -0.33178109 67.5
2.0116727 1.5093241 -0.30466637 63
3.0073652 1.5140026 -0.36407113 3
3.2451448 1.5419351 -0.39250985 7
3.3228416 1.5199933 -0.33927661 9.5
3.4208014 1.5448303 -0.36140499 18
3.5262992 1.5507604 -0.34741557 23
3.6554704 1.5278983 -0.32731193 20
3.753999 1.5298529 -0.34230781 23
4.1158566 1.5050269 -0.33866876 15
4.2206354 1.5070263 -0.38359904 15
4.6836314 1.5733148 -0.39736819 21
4.8782678 1.578312 -0.38003761 21
5.0941167 1.5843077 -0.36289907 17
5.3297772 1.5893025 -0.34452447 17
5.5817051 1.5922965 -0.32558882 19
5.8767729 1.6012874 -0.30633849 20
-2.4735014 -1.6179094 -0.23815954 60.666668
-2.313256 -1.623624 -0.24078761 66.333336
-2.2630193 -1.6218882 -0.25464797 62.666668
-1.9084998 -1.6149569 -0.24180537 60.666668
-1.8451639 -1.616653 -0.25332418 65.333336
-1.7259122 -1.6332309 -0.26003405 7
-1.6921434 -1.650274 -0.27784523 17
-1.5397286 -1.6791729 -0.25993678 59.666668
-1.4823879 -1.6757061 -0.2475144 56
-1.2464373 -1.6903895 -0.21470772 50
-1.1473763 -1.6875181 -0.25175363 60
-1.0216045 -1.6904628 -0.22066732 51
-0.94975191 -1.6865222 -0.2562235 54.5
-0.8522231 -1.6641418 -0.26262948 83.571426
-0.70094842 -1.6321924 -0.21533316 96
-0.62281644 -1.6306589 -0.2530207 99.777779
-0.58423346 -1.6303258 -0.29976735 95
-0.346508 -1.627655 -0.23176928 46.200001
-0.26069173 -1.6295942 -0.2809535 62.333332
-0.14729549 -1.6352934 -0.22881742 37.5
0.3668887 -1.6185884 -0.23395953 15
0.45160884 -1.6229546 -0.21888962 43.75
0.88487667 -1.6103506 -0.27082497 95
0.96261787 -1.6220199 -0.25782529 20.333334
1.4975049 -1.6052136 -0.29473042 81.5
3.3232145 -1.6734174 -0.20709161 1
5.3493443 -1.6394937 -0.28740072 15
5.8458185 -1.6252178 -0.27532828 17
7.4201589 -1.6439024 -0.29124504 30
-0.34624702 -1.5746639 -0.23941274 24.5
0.11774293 -1.5130929 -0.27705255 72
0.3897922 -1.5597914 -0.25138301 6
0.52085364 -1.5998524 -0.20939526 84
0.89083022 -1.5982728 -0.26468867 103
1.792855 -1.5273628 -0.23690845 71.5
1.8316388 -1.5488462 -0.24134415 28.5
4.257205 -1.5241544 -0.2867468 2
4.3626652 -1.5002072 -0.27420357 20
4.7559319 -1.5117047 -0.27013558 14
5.2184467 -1.5139136 -0.25917667 15.5
5.7374964 -1.5010018 -0.23888132 5
6.3253498 -1.5754354 -0.26172733 12.5
6.564755 -1.5385009 -0.2414352 19
7.1833735 -1.5878792 -0.25003383 36
7.4097352 -1.5300111 -0.24205977 14
-0.43897957 -1.4270687 -0.23866208 5.5
-0.34910199 -1.4315869 -0.26777273 6.25
-0.2155543 -1.4372768 -0.28657535 1
-0.12324082 -1.4103508 -0.23887762 19
0.034552667 -1.4544464 -0.26811811 1.5
0.51140004 -1.4162159 -0.22514188 8
0.69209951 -1.4389387 -0.26261634 4
0.85255098 -1.4770904 -0.2519328 9.5
0.95914561 -1.465688 -0.23793921 2
1.3881247 -1.4610484 -0.22289366 5.5
1.755262 -1.4462914 -0.25610968 104
4.3295274 -1.4998333 -0.28960109 11
5.6824121 -1.4912831 -0.2594777 13
6.3492055 -1.485515 -0.25883371 8
7.1357875 -1.4656821 -0.26296052 22
7.7839475 -1.492574 -0.25897053 37.5
8.1795731 -1.4502625 -0.26057333 30
-16.272181 -1.3034281 -0.28499302 73
0.010631671 -1.3935976 -0.29467207 2
0.18776804 -1.3589535 -0.24102531 0
0.22425389 -1.3532939 -0.21884708 8
0.35764599 -1.3781707 -0.26235336 2.8
0.57054901 -1.375927 -0.26439634 2.4166667
0.6422447 -1.3751019 -0.22344811 1.7142857
0.8432622 -1.31332 -0.2604956 12.5
1.6659729 -1.3273987 -0.23641315 2
10.166618 -1.3756948 -0.27137336 24
0.78274858 -1.2559836 -0.29729331 1
1.0236006 -1.2039403 -0.20058596 5
1.3058822 -1.2400701 -0.23192169 153
1.6369843 -1.2593976 -0.21929002 12.5
1.9401317 -1.2174939 -0.29517114 1
0.77935427 -1.1528553 -0.25528204 1
0.84304094 -1.1713629 -0.21277072 16
1.0504775 -1.1634246 -0.24863909 3.8461537
1.1289006 -1.1595165 -0.2222663 3.6666667
1.2942841 -1.132779 -0.26331222 33
1.3129983 -1.1555471 -0.29164541 5
1.4074118 -1.1225955 -0.25468653 2
1.9325207 -1.1942227 -0.29564348 0
10.928191 -1.1621777 -0.28282833 16
-16.489378 -1.0059601 -0.24967849 27
1.3924168 -1.0956252 -0.22423282 1
-16.504663 -0.69289917 -0.2158756 37
-0.26200688 -0.35964474 -0.24731618 2
-0.34046298 -0.13898054 -0.20990694 1
-0.23927848 -0.13908213 -0.2124427 1.1666666
-0.16542044 -0.13502876 -0.25031948 1.25
0.29162547 -0.15826744 -0.27380386 1.3333334
0.30626833 -0.17189994 -0.24448149 1
-7.9378681 0.066976257 -0.23016369 34
-7.720717 0.19614018 -0.22122747 20
-0.30985093 0.13436453 -0.27868694 1
0.36018121 0.14314364 -0.2438969 1.8888888
0.43560088 0.13922147 -0.25917798 1.3846154
-0.54516721 0.35499138 -0.28754726 3
-7.3715172 0.81437749 -0.22313425 21
-7.4293127 0.95131749 -0.23408359 32
-7.5020924 1.0922464 -0.24580988 28
-8.3203163 1.3626521 -0.28541034 18
-7.5672235 1.3671454 -0.27153489 16
-7.0102577 1.3875022 -0.2643303 26
-6.4790807 1.3938408 -0.25780401 26
-6.0244651 1.4001255 -0.25399196 23
-5.6222711 1.4043761 -0.25105217 21
-5.2594657 1.4045995 -0.24931484 27
-4.9510303 1.4077846 -0.24956498 31
-4.679769 1.4129431 -0.25132135 35
-4.4334741 1.4170828 -0.25435194 38
-4.2084122 1.4192916 -0.25696203 39
-4.0137129 1.4253942 -0.26144326 40
-3.8217859 1.4254934 -0.26645023 44
-3.6509349 1.4275829 -0.27053687 47
-3.5047827 1.4336505 -0.27729833 45
-3.3602877 1.4367204 -0.28293484 48
-3.2257786 1.4377828 -0.28907582 45
-3.1059811 1.4428306 -0.29738161 53
-2.7623639 1.4820145 -0.21473604 91
-0.78394204 1.4937894 -0.25127837 15.8
-0.55669558 1.4922889 -0.24505737 15.5
-0.36626753 1.4965954 -0.26433331 20.6
-0.22649299 1.4883531 -0.25858244 29.666666
-0.14223592 1.4942274 -0.21724324 15
-0.064811021 1.4927154 -0.27065355 15
0.026534416 1.49086 -0.22947389 15
0.27264225 1.494963 -0.25368622 44
0.35225132 1.4940082 -0.24764064 34.799999
0.45806512 1.4923319 -0.2573826 43.400002
0.51807278 1.4954653 -0.2128807 26
0.66487747 1.4915584 -0.25248116 23.285715
0.75596476 1.4940021 -0.25437593 24
0.80311602 1.4862883 -0.29033417 24
0.91671747 1.4908673 -0.23854446 90
1.0889976 1.4939088 -0.25581285 81
1.1436988 1.4942737 -0.25517869 78
1.2739655 1.4933019 -0.29514721 14
1.3347946 1.4970703 -0.24933644 40
1.4554458 1.4953065 -0.26074991 69.333336
1.6919222 1.4967451 -0.21148157 65
1.7414913 1.4975374 -0.28211847 67
1.8482267 1.4927198 -0.23478384 56.333332
1.9102373 1.4905849 -0.29970825 21
2.185745 1.4979905 -0.23547348 13
3.1828682 1.4974204 -0.22945905 0
3.2519908 1.4992601 -0.26514253 4
-2.6505897 1.5083497 -0.23526862 39.5
-2.5158365 1.512665 -0.25178888 35
-2.4325616 1.5155482 -0.26366097 28
-2.3556623 1.5194381 -0.27611518 18
-2.2740629 1.5163256 -0.28687462 6
-1.7489401 1.5354477 -0.25226715 56.666668
-1.6264713 1.5305713 -0.24014148 43
-1.5633371 1.5318266 -0.24440107 54.799999
-1.4730933 1.5261908 -0.27846941 56
-1.327592 1.5443317 -0.23960267 57.42857
-1.2440563 1.5331177 -0.24647391 52.5
-1.1667743 1.5355035 -0.28194776 49
-1.0579336 1.5532598 -0.25029168 65.5
-0.37803856 1.5008559 -0.23685554 21.5
0.077701472 1.5028368 -0.26455107 15
0.14405189 1.5071808 -0.2502614 16
0.24995609 1.5052933 -0.26730862 16
0.38168448 1.5094419 -0.27971962 17
0.77040118 1.5059887 -0.24108866 21.6
0.89076668 1.5047883 -0.25634006 18.666666
0.94621921 1.5060879 -0.25042108 17
1.0743577 1.5230328 -0.21307915 18
1.357244 1.5026828 -0.24788703 40.333332
1.433876 1.5065409 -0.22833292 49.333332
1.7186986 1.5006403 -0.24753487 66
1.8556533 1.5119685 -0.26112425 66
1.9292384 1.5120254 -0.21331313 70
2.0556805 1.5123054 -0.28663734 51
2.1473536 1.51658 -0.24966748 23
2.2336683 1.5122064 -0.21098831 2
2.997591 1.5404508 -0.21478316 14
3.5354221 1.5061269 -0.23928106 7
3.6063006 1.5041088 -0.28016406 11
3.7647979 1.501595 -0.20588076 8
3.8518162 1.5216547 -0.25330266 17.666666
3.9517252 1.5225488 -0.27477098 19
4.0253344 1.5070275 -0.29591817 14
4.1026559 1.5583861 -0.26581278 32
4.2534294 1.5642807 -0.24936062 33
4.4162297 1.5701658 -0.23229831 35
4.5783253 1.5720528 -0.21451807 34
6.2199221 1.6132742 -0.28752369 19
6.5956097 1.6232594 -0.26758787 22
6.9953618 1.6262448 -0.24503687 19
7.4700785 1.6352248 -0.22175202 19
5.1501374 -2.2380784 -0.1173737 2
4.5710816 -2.0376055 -0.13063742 13
4.454258 -1.906383 -0.13754679 13
4.1585598 -1.8373669 -0.15330939 14
-2.5342889 -1.6584247 -0.10381719 53
-2.4686034 -1.6312988 -0.13540348 56.25
-2.3263481 -1.6437536 -0.13925475 48.833332
-2.2589231 -1.6369486 -0.14452007 50.200001
-1.9048709 -1.6201793 -0.17188339 62
-1.8684776 -1.617033 -0.13754889 65.800003
-1.5303205 -1.6804361 -0.14837521 59.666668
-1.4742845 -1.6828401 -0.14824349 52.75
-1.3450972 -1.6927663 -0.16123526 45.666668
-1.2482588 -1.6912861 -0.11261675 41.5
-1.1463066 -1.6886959 -0.15454105 56.125
-1.0740769 -1.6879162 -0.19391769 52
-0.85379237 -1.6806536 -0.14485313 72.875
-0.76088953 -1.6337868 -0.17411919 92.666664
-0.63313317 -1.637102 -0.13841142 62.666668
-0.58007169 -1.6305368 -0.17560691 98.5
-0.34339401 -1.6302785 -0.1624081 13.666667
-0.23795934 -1.6338295 -0.15868816 39.200001
-0.14563498 -1.6282022 -0.14527109 59.25
0.2748121 -1.6310499 -0.12664884 19
0.31513873 -1.6283108 -0.10322021 19
0.46782094 -1.6235138 -0.14494766 50.909092
0.5122779 -1.6199069 -0.15964481 67
0.79344994 -1.6013255 -0.12803029 18
1.0573634 -1.6105523 -0.165132 15.5
3.3797669 -1.6243216 -0.18813784 4
3.449151 -1.67959 -0.17347848 6.5
3.5029438 -1.6303238 -0.17085451 7
3.6124449 -1.6798127 -0.14457627 8
0.26983809 -1.5605297 -0.15442969 3
1.0339513 -1.5743418 -0.14806286 6.5
1.3363607 -1.5234129 -0.11402801 1
1.4365095 -1.5403563 -0.18552203 73.333336
1.5313799 -1.59408 -0.1727279 29
1.7378743 -1.5111032 -0.18033387 150
2.0275209 -1.5222054 -0.16785991 109
2.1594782 -1.5773374 -0.14815986 22.333334
3.4250648 -1.523463 -0.12703019 10
-0.50816154 -1.4704881 -0.18341185 0
-0.44280154 -1.4337596 -0.14290348 3.5
-0.36416101 -1.4443741 -0.13058057 5
-0.11340687 -1.4127055 -0.16176274 17
0.28132766 -1.4126747 -0.13010895 0
0.53244233 -1.4325598 -0.181521 11
0.83761537 -1.4342259 -0.19266045 3
0.96647245 -1.4306384 -0.17912255 3.3333333
1.0387497 -1.4671793 -0.12668228 1.5
1.6610334 -1.43767 -0.14888389 151
2.0030184 -1.4684341 -0.17184725 81
0.15391849 -1.3578905 -0.16917105 6
0.24876697 -1.3591174 -0.16270998 3.6666667
0.54148728 -1.3958253 -0.19971994 6
0.65307385 -1.3719107 -0.16007814 2.4000001
0.7245819 -1.3833327 -0.13664328 1
0.96525741 -1.3571484 -0.18575206 10
1.0508885 -1.3378202 -0.19822702 4
1.2875466 -1.3606524 -0.1637222 54.666668
1.8017262 -1.3422325 -0.18016003 12
2.0805929 -1.3980068 -0.19165015 0
1.0182604 -1.212709 -0.1938487 26
1.1683708 -1.2078509 -0.18273854 4
1.2953799 -1.2478986 -0.11225916 2
1.6467084 -1.2189366 -0.18350792 10.333333
0.7644031 -1.1219649 -0.1021895 1
0.95813483 -1.139001 -0.12029606 0.33333334
1.1548742 -1.1737975 -0.19217621 5
1.2001828 -1.1793373 -0.12804487 1
1.6356786 -1.1647426 -0.1419429 5
-16.088657 -0.36833972 -0.18062641 143
-0.34677422 -0.14348055 -0.13786495 1
-0.26456574 -0.13317645 -0.13918644 0.83333331
-0.16442463 -0.11981163 -0.19152635 0
-0.24729696 -0.067889683 -0.10899149 0
-0.32510081 0.097975202 -0.19329771 0
-0.42089385 0.15520032 -0.14297605 1.4
-0.35671663 0.15425438 -0.11971291 1.0833334
-21.600315 0.75207901 -0.16151099 116
-20.529121 1.1128558 -0.13615307 4
-17.510033 1.2863711 -0.1081564 3
-4.4552231 1.4221385 -0.10638615 35
-4.2097163 1.4228401 -0.11399327 37
-3.9877791 1.4245673 -0.12280691 36
-3.7996719 1.4303331 -0.1320411 40
-3.6134908 1.4301368 -0.14014944 40
-3.4606037 1.4369408 -0.15008307 41
-3.3077223 1.4387449 -0.16000833 40
-3.163723 1.4385613 -0.1688567 41
-3.041069 1.4424003 -0.17918472 44
-2.9234076 1.4452449 -0.18980861 47
-2.8110211 1.4470975 -0.19934279 68
-0.97268254 1.4764197 -0.18059483 60
-0.85957605 1.4866294 -0.12648995 12.666667
-0.78282237 1.491641 -0.14733745 16
-0.56059211 1.4912275 -0.1514964 15
-0.36978781 1.4936208 -0.13790606 22
-0.22994339 1.4859345 -0.15100601 22.6
-0.045044623 1.4876242 -0.15846166 13.5
0.071577691 1.4818332 -0.17345393 15
0.26982218 1.467736 -0.18721364 0
0.39230859 1.497138 -0.18646835 25
0.43699247 1.4956541 -0.15053488 25.799999
0.56182003 1.4952075 -0.15749666 27
0.75049353 1.4970247 -0.16023929 23.125
0.8525126 1.4963909 -0.14702301 19.75
1.0499521 1.4961392 -0.17477764 64.333336
1.1027294 1.4913391 -0.19090661 76
1.2892302 1.4981381 -0.12733883 76
1.3492516 1.49473 -0.14524367 73.75
1.4072922 1.4967308 -0.19695839 68
1.6469479 1.497942 -0.14477293 66.5
1.757691 1.4919158 -0.14026947 70
2.1364286 1.4976032 -0.18181309 31.5
2.2853744 1.4956735 -0.12331581 14
-1.7410337 1.5352969 -0.14243655 57.666668
-1.6000632 1.5395668 -0.18631113 60
-1.5669588 1.5327119 -0.13526829 52
-1.453764 1.5254184 -0.15826941 53.5
-1.3417732 1.5446115 -0.16186829 57.666668
-1.1321161 1.5360072 -0.12034883 51
-1.0581249 1.547717 -0.14936016 63.857143
-0.38287273 1.5019656 -0.16146806 22
0.044619583 1.5048261 -0.15435669 14
0.10876522 1.5008452 -0.19701785 15
0.47593233 1.5029104 -0.12018735 27
0.55814725 1.5020291 -0.14736557 26.5
0.60927171 1.5038544 -0.11587426 28
0.73248219 1.5014673 -0.14484949 22.166666
0.84308523 1.505367 -0.13342062 20
1.0540682 1.505721 -0.1410722 22.636364
1.1208321 1.5059472 -0.10257275 17
1.4573492 1.5095346 -0.16285069 61.75
1.5482206 1.5105959 -0.13608867 71.75
1.6416433 1.5082626 -0.12536085 73.5
1.9712057 1.5150553 -0.19040386 67
2.0536358 1.511139 -0.14575318 48
2.1035225 1.5211507 -0.11678964 15
3.076328 1.5404761 -0.19078317 27
3.161449 1.5405034 -0.16472235 31
3.2571688 1.5445318 -0.13947088 34
3.3536026 1.5445608 -0.11351745 46
3.4690139 1.5081452 -0.19852141 4
3.6463892 1.5066065 -0.13538158 4
3.7481909 1.5120288 -0.15923324 6
4.763062 1.5769219 -0.1955103 32
4.967597 1.5827737 -0.17666391 29
5.1820407 1.585619 -0.15647925 28
5.4283128 1.5934373 -0.13585125 24
5.7106547 1.6042253 -0.11481136 20
7.9625025 1.633206 -0.19508609 18
8.6013002 1.6441754 -0.16904095 17
9.3900232 1.6621344 -0.14152469 16
10.357697 1.6850828 -0.10926248 16
3.257756 -2.3106816 -0.06445349 9
3.5651004 -2.3269083 -0.037435126 5
5.8231964 -2.2585526 -0.035792861 5
6.3808208 -2.143481 -0.0069486545 27
-2.99698 -1.7178589 -0.011297417 50
-1.6366923 -1.7014208 -0.016511708 29
-1.519621 -1.7015585 -0.074164882 37
-1.4754591 -1.7016109 -0.096182287 40
-2.8179617 -1.6680627 -0.03616539 65
-2.755403 -1.6666429 -0.038272411 52
-2.6554246 -1.6607021 -0.058657646 55
-2.5548749 -1.6600971 -0.06230782 51
-2.4638281 -1.6316822 -0.051966671 58
-2.3031473 -1.6322083 -0.018016668 63.5
-2.2826605 -1.6267996 -0.058506068 67
-1.8741611 -1.6190008 -0.049286436 64.199997
-1.5253062 -1.6857148 -0.038538892 53.666668
-1.4748026 -1.6899019 -0.04133993 43
-1.3530499 -1.6933755 -0.066113696 38.666668
-1.1494426 -1.6904665 -0.050738711 64.666664
-1.026485 -1.6958642 -0.014496462 58
-0.94007653 -1.6952844 -0.07108438 62
-0.86106837 -1.6889077 -0.045532819 67
-0.75453013 -1.6320887 -0.074073099 87.666664
-0.6263172 -1.6389428 -0.035035662 67.14286
-0.55261618 -1.640801 -0.04006369 47.333332
-0.49531716 -1.6184121 -0.023991521 72
-0.25428402 -1.6274505 -0.080499396 16.666666
-0.18137172 -1.622408 -0.088870078 26
0.29260528 -1.6315851 -0.093703255 19
0.36042318 -1.6337456 -0.042155828 21
0.4399043 -1.6172208 -0.053226948 74.333336
0.54091018 -1.6212673 -0.074137755 56.333332
0.87945575 -1.6100885 -0.0076054679 20
0.90707159 -1.6050799 -0.019747671 28
1.0262998 -1.6138247 -0.042406783 87.5
1.1734815 -1.610997 -0.061093699 50
1.2321081 -1.6096096 -0.026827278 100.66666
1.3298774 -1.611788 -0.04443077 81.199997
1.6638641 -1.6047029 -0.034072526 69.5
1.7089301 -1.6022514 -0.090079919 24
2.0780222 -1.6012703 -0.050207883 51
2.4109073 -1.6003017 -0.0082346769 3
-0.50994688 -1.5620146 -0.085299939 12
-0.47016996 -1.5898563 -0.0089184688 52
0.28657189 -1.5067625 -0.022312518 36
0.77638978 -1.527606 -0.063759953 15
1.1401662 -1.5172074 -0.077128097 0
1.6549159 -1.5698481 -0.049252305 26.857143
1.7441375 -1.5903893 -0.034918312 13
2.0738897 -1.5982025 -0.032672171 74.5
3.7896338 -1.5175904 -0.073563352 151.5
3.8954918 -1.5029306 -0.038880903 9
4.2602754 -1.5182621 -0.019589147 77.5
-0.45080301 -1.4408052 -0.057004333 2.8888888
-0.35763443 -1.4372247 -0.044832412 4
-0.24273856 -1.4254614 -0.029638633 11.666667
-0.15672553 -1.4371464 -0.06193579 61.5
0.29878196 -1.4165342 -0.016322274 10
0.75750399 -1.458325 -0.038608585 57.333332
4.3887777 -1.4893339 -0.019760627 1
0.25391051 -1.3488715 -0.076044045 4.5
0.5847469 -1.3658024 -0.039636757 1.5714285
0.61156744 -1.3650485 -0.062546879 2
0.76436746 -1.3837218 -0.092951812 4
1.5386072 -1.3169303 -0.080769762 0
0.77689099 -1.2771281 -0.048439886 9
0.98598224 -1.2157234 -0.064175688 0
0.75994319 -1.145597 -0.058855634 6
0.93544519 -1.1249745 -0.089216292 0.75
1.3751653 -1.112898 -0.050389003 2
1.2752962 -1.0961832 -0.082642682 0.5
1.3926961 -1.084579 -0.0039526196 18
-0.31824714 -0.14636897 -0.075048372 0.875
-0.25977349 -0.15072592 -0.058038302 1.4761904
-7.9658566 -0.030657761 -0.073483676 14
-0.34157908 -0.094458289 -0.059805129 0
-0.27969635 -0.002240076 -0.00041546617 0
-0.31209081 0.084916592 -0.053826824 0
-7.7868195 0.11514564 -0.062466282 33
-0.42771509 0.14774567 -0.065149873 0.81818181
-0.35467196 0.15404941 -0.041856449 2.1014493
-0.28539068 0.15770589 -0.01069661 27.666666
-7.4309916 0.81273723 -0.04167534 30
-7.4590821 0.95875907 -0.044806805 3
-7.479125 1.1067708 -0.048463169 34
-13.703217 1.2669768 -0.079150721 6
-8.1244354 1.3654931 -0.060932357 17
-7.3935647 1.3816359 -0.063275561 22
-6.7750206 1.3949082 -0.066900328 20
-6.2385774 1.4012749 -0.071399599 21
-5.791986 1.4107436 -0.077654079 21
-5.3742499 1.4102463 -0.084008366 25
-5.0236301 1.4128271 -0.090362161 28
-4.7209816 1.4174609 -0.098576963 33
-0.9444856 1.4860637 -0.078967504 15.5
-0.81149149 1.4859636 -0.0025699334 15
-0.78110987 1.4885877 -0.041432876 14
-0.5668335 1.4915186 -0.04141726 17.166666
-0.37662125 1.4909718 -0.056599081 22.200001
-0.23684783 1.4782013 -0.050313909 22.833334
0.54379207 1.4911253 -0.04648428 29.571428
0.66517431 1.4987625 -0.05146772 24.333334
1.0219319 1.4990602 -0.056672759 51.5
1.2706666 1.4954054 -0.047101162 78.25
1.3169488 1.4938947 -0.074964896 80
1.5660677 1.4993263 -0.015389343 71
1.6617551 1.4891288 -0.035591543 70
1.7045439 1.4950371 -0.079978362 72
2.0463705 1.4953163 -0.078269199 58
2.153852 1.4894557 -0.017630542 53.5
2.2272272 1.4937809 -0.077319294 30
2.5659592 1.4984236 -0.020506661 6
-2.4078851 1.5104651 -0.016326647 47
-2.3258367 1.511462 -0.034108039 45
-2.2526958 1.5154207 -0.052310575 33
-2.149457 1.5229017 -0.078925684 11
-1.736665 1.5331194 -0.04268305 56.599998
-1.6504835 1.5226862 -0.087632306 9.5
-1.5754493 1.5358824 -0.05068988 57.166668
-1.3293687 1.5422125 -0.047510765 58.75
-1.2491939 1.5301232 -0.062326804 56
-1.1914226 1.536562 -0.092042208 55
-1.0537928 1.5406563 -0.044832058 66.125
0.49083567 1.5014608 -0.092614502 27
0.58754981 1.5067738 -0.00025906501 27
0.66894174 1.5028104 -0.051801268 24.545454
0.77121067 1.5033044 -0.018786663 22.666666
0.84536994 1.5052428 -0.067365728 22.200001
0.95804518 1.5065372 -0.022956019 18.799999
1.0074415 1.5044018 -0.079982981 22
1.1544386 1.5070548 -0.062437203 17
1.2229029 1.507321 -0.023549652 37.666668
1.5704461 1.5077791 -0.053572875 73.5
1.6357199 1.5084749 -0.055953044 73
1.7402779 1.5102339 -0.040291533 72
2.0127542 1.5024159 -0.029492225 63
2.1398668 1.5111804 -0.090989664 2
2.6599178 1.5379597 -0.072303519 4
2.760622 1.5379021 -0.039165635 16.5
2.8662791 1.53584 -0.0053569274 29
3.4670196 1.5505928 -0.086313337 45
3.5656867 1.5308992 -0.0777307 22.5
3.7129781 1.5586613 -0.028549608 45
5.9993715 1.6080108 -0.09169206 21
6.3517451 1.6217427 -0.067686215 22
6.7076626 1.6244748 -0.041573074 23
7.1100769 1.6290916 -0.012958963 21
11.464006 1.699024 -0.072591379 6
12.829897 1.7119503 -0.029071037 7
3.3862188 -2.235904 0.014877337 8
6.5409064 -2.2300575 0.053143527 25
6.7192669 -2.0314896 0.045115832 12
-3.4767354 -1.7312138 0.090700254 32
-3.3719845 -1.7357872 0.069748193 33
-3.2323384 -1.7288663 0.043977655 32
-3.1374223 -1.7336892 0.015617485 37
-3.0962319 -1.7291794 0.024112947 30
-2.9731901 -1.7201672 0.0028255312 33
-1.6381003 -1.7025406 0.050890021 2
-1.5871384 -1.7005705 0.029949645 7
-1.156505 -1.7007383 0.066159301 49
-2.4864497 -1.6268655 0.060247242 61.333332
-2.306464 -1.6348981 0.059840698 66
-2.293047 -1.6313114 0.027563857 68
-1.8871984 -1.6227783 0.044366796 63.5
-1.6951666 -1.681345 0.019156925 9
-1.5243024 -1.6874663 0.046318367 49.833332
-1.156769 -1.693288 0.059694231 60.875
-1.053563 -1.6951166 0.054069359 53
-0.94551736 -1.6906608 0.021088844 55.333332
-0.869699 -1.6896335 0.048346605 69.5
-0.73114341 -1.6359028 0.061691228 100.33334
-0.64435947 -1.6400492 0.056202799 61.599998
-0.55926627 -1.633572 0.046816871 101.66666
-0.46982899 -1.630564 0.05992518 32.700001
-0.36888283 -1.6216507 0.086021222 95.75
0.42964467 -1.6203464 0.02253448 18.200001
0.7249825 -1.6234707 0.056269493 69.833336
0.96084642 -1.6119704 0.052455742 56.583332
1.0276418 -1.6169082 0.090581127 27
1.2738391 -1.6102313 0.041368455 87.285713
1.3250551 -1.6037501 0.033794854 95.333336
1.4072356 -1.600157 0.083335854 89
1.5825889 -1.6076522 0.086754799 75.5
1.6182573 -1.6050196 0.034731433 80.5
1.3484612 -1.5999808 0.085951842 97.5
1.7461691 -1.5943004 0.0042638807 25
1.8496475 -1.5843104 0.048756894 88.75
1.9272636 -1.5621134 0.077418506 61
2.0155902 -1.5896196 0.021242417 68
2.2869415 -1.5979532 0.091047615 42
2.3405185 -1.5860909 0.05216397 22.4
2.4886472 -1.5469338 0.077393919 8
-0.42172927 -1.4479049 0.026086513 5
-0.36849126 -1.4468498 0.031524286 4.125
-0.26356256 -1.4306498 0.0102358 16
0.73646516 -1.4291084 0.00070420565 151
4.3710971 -1.4982666 0.019510511 10
4.7702055 -1.4985588 0.060137011 14
4.8197093 -1.4903549 0.016676966 26
5.3180513 -1.4813262 0.054508679 13
0.38722107 -1.348408 0.049783595 8
0.44695985 -1.3461819 0.060219362 2.1666667
0.53641284 -1.3447664 0.05318423 6
0.65089351 -1.3563854 0.038263109 1.4285715
1.6501021 -1.2346169 0.093977161 152
1.5975595 -1.1715521 0.057882123 14
1.620533 -1.1655608 0.065013908 3.6666667
1.3828179 -1.0907776 0.023946952 65
-0.34216774 -0.0024795234 0.063523009 0.29570746
-0.2663376 -0.00098556734 0.0074349199 0.33772454
0.54937035 -0.0021510213 0.0070727938 0.25288019
0.60235369 -3.0476875e-05 0.0039855437 0
-0.23994131 1.398485e-05 0.0032525451 1.375
0.60386997 1.2104122e-05 0.0042124572 0
-0.3354587 0.16039993 0.0074579613 2.7692308
-0.28887025 0.16317809 0.0070120171 8
-2.7769117 1.4655038 0.070349544 80.5
-2.6736994 1.499478 0.041834824 47
-0.94138134 1.4794103 0.068819784 40.5
-0.83864737 1.4830424 0.038930569 25.5
-0.76790309 1.4861635 0.067606397 14.2
-0.65321296 1.4742893 0.050583374 14
-0.572914 1.4836559 0.054912828 16.6
-0.38592958 1.484006 0.044691328 22.333334
-0.24324515 1.475577 0.04896868 23.200001
0.62602425 1.495784 0.06067792 21.75
0.74573636 1.4994408 0.029331485 25
0.93516225 1.4948379 0.073811308 16
1.1998951 1.4961312 0.09846624 77
1.2320565 1.4953207 0.034531556 75.75
1.5632572 1.4970201 0.057977796 69
1.6166248 1.4937239 0.0215781 67.5
1.9363469 1.4976149 0.0665159 66
2.0601525 1.4911926 0.067236573 60
2.1125977 1.4960682 0.024694256 61
2.6610596 1.4936731 0.083150163 11
2.7088501 1.4975553 0.055001777 4
-2.5833414 1.5054736 0.022063002 46
-2.4924223 1.5074726 0.0031352369 54
-2.2693219 1.5144812 0.09351474 48
-2.1453376 1.5103285 0.062536143 32.5
-2.0432591 1.5171973 0.032841958 14
-1.972164 1.5151076 0.013436663 2
-1.7451967 1.5323051 0.043500364 55
-1.6041553 1.5340853 0.08130002 57
-1.5674256 1.5289313 0.055618141 39.166668
-1.4441746 1.5227455 0.027679458 47.666668
-1.3284867 1.5432976 0.057932843 58.285713
-1.2367392 1.531388 0.058414012 51.5
-1.1541772 1.5322944 0.018232882 53
-1.062001 1.5478414 0.048737328 67.5
0.64474756 1.505779 0.045950852 25.700001
0.7630825 1.5034167 0.046335239 22.785715
0.81674218 1.5060445 0.09114778 24
0.96133494 1.5110928 0.034460071 19.363636
1.0256523 1.5188135 0.085057504 19.666666
1.1893142 1.5053343 0.075310394 80
1.2491273 1.512877 0.027696075 28.166666
1.3419989 1.5212854 0.076285079 53
1.5227246 1.5035584 0.062006157 68.5
1.6690843 1.5157487 0.021695781 80
1.7250392 1.5178124 0.061046593 75
1.8401203 1.5120387 0.015122551 38.5
1.9466524 1.5095011 0.041872863 25.333334
2.4675739 1.5015485 0.077018611 31
2.5199065 1.5034878 0.028611844 19
2.9442682 1.5357914 0.018062387 43
3.0342908 1.54173 0.042082902 48
3.11936 1.5396757 0.066863261 43
3.2284961 1.5505955 0.092844121 47
3.8504758 1.5636991 0.0026688641 45
3.9915164 1.5647379 0.034562562 40
4.1473351 1.566758 0.068480931 37
7.5876632 1.6377211 0.017824035 22
8.1083946 1.640316 0.050388396 18
8.7394819 1.6518216 0.087706774 18
14.942606 1.7708247 0.023240164 54
17.29303 1.7876918 0.088981718 4
3.914916 -2.3007751 0.15416461 8
3.2467914 -2.2678747 0.15292333 8
6.8999352 -2.1322961 0.11164698 14
7.8422503 -2.156249 0.14270341 17
3.8049946 -2.0669739 0.16061267 1
8.1224327 -2.0654922 0.1292332 24
-4.1530018 -1.7473261 0.19587201 28
-3.9564867 -1.7412854 0.16739066 29
-3.862658 -1.7417982 0.16774866 33
-3.7846527 -1.7362601 0.13983533 32
-3.6547437 -1.7346222 0.12416351 33
-3.5309916 -1.7332 0.10195175 37
7.8646049 -1.7284702 0.16180779 23
-2.5070982 -1.6277405 0.19562829 62
-2.4965508 -1.6259117 0.14435156 60
-2.3145175 -1.6340111 0.14153574 63.166668
-2.0739846 -1.6519152 0.19656007 28
-1.9181912 -1.6322874 0.16382506 52
-1.8789332 -1.6356022 0.13479194 30
-1.5347358 -1.6877979 0.15316242 56.166668
-1.3365287 -1.6975673 0.17630504 42.5
-1.2456925 -1.6956449 0.15174024 43.25
-1.1636816 -1.6948987 0.14362945 57
-1.0972128 -1.6942334 0.10179365 45
-0.90762466 -1.6958032 0.18967569 66
-0.86775082 -1.6939247 0.1522425 68.125
-0.76412719 -1.6362977 0.1261166 98.25
-0.63487285 -1.6391413 0.16189967 51.625
-0.55542022 -1.6351633 0.15009679 62.833332
-0.47485623 -1.6322321 0.14390318 37.285713
-0.3831791 -1.6322869 0.15138896 26.166666
0.67349464 -1.6257912 0.16239382 58.166668
0.74349093 -1.6102065 0.1208747 24.25
0.92341667 -1.6098053 0.15199663 73
1.0544497 -1.6184191 0.13979732 48.666668
1.1226009 -1.6177279 0.17505392 101
1.2210811 -1.6127094 0.13876249 78
1.3628888 -1.6039784 0.10062087 104
1.4054024 -1.6019819 0.12553589 88
1.5349188 -1.6056647 0.15439089 76.666664
1.867238 -1.6032196 0.184561 75.666664
2.1857135 -1.6036414 0.1868066 64
2.2385578 -1.6048007 0.13889447 65
0.78654391 -1.566348 0.16821492 17.666666
0.81293702 -1.5222465 0.17690276 15
1.3909237 -1.5899768 0.12771001 102
1.4429191 -1.5772922 0.14533719 91.25
1.536901 -1.593504 0.18023494 79.5
1.8851284 -1.5682201 0.13752972 87.666664
1.9191437 -1.5678374 0.1139548 48.333332
2.2463017 -1.5959874 0.15789196 63.333332
2.4442644 -1.5764195 0.14057761 12.5
1.4273993 -1.4629725 0.19495326 4
5.2393484 -1.4939075 0.10372785 16
5.7368145 -1.4682785 0.1498912 16
6.2710657 -1.4385357 0.15654612 4.5
7.202014 -1.4514295 0.16128311 19
7.6724505 -1.4254578 0.18461332 12
0.38297454 -1.3358119 0.14895885 2.75
0.45808688 -1.3393135 0.1437306 2.1666667
0.54721969 -1.3459429 0.12478041 2
1.683907 -1.2339964 0.12998636 3
0.77182359 -1.1413654 0.16361673 4.6666665
2.2604976 -1.1010479 0.11675355 3
0.55089152 -0.0024337946 0.11711755 0.0088261254
0.60802054 -3.3490371e-05 0.11237705 0
0.59182686 5.7319994e-05 0.11176088 0
0.60456145 1.7964501e-05 0.1122689 0
-3.4489813 1.4304476 0.19196612 50
-3.2978981 1.4334704 0.16753812 53
-3.1579034 1.4364904 0.14453863 55
-3.02373 1.4365071 0.12184899 61
-2.905642 1.4405164 0.10031551 57
-1.0017022 1.4929448 0.10007586 74
-0.93178684 1.4852434 0.18211284 16
-0.83765727 1.4853001 0.13892338 15
-0.76077002 1.4843068 0.15314615 15.4
-0.65546012 1.4737966 0.12801361 15
-0.56799924 1.486486 0.14792565 17.6
-0.4252108 1.4824266 0.16179664 18.200001
-0.38512233 1.480296 0.15610769 22.666666
-0.25185898 1.4763538 0.1471905 23.166666
0.57890838 1.4945673 0.15579042 22
0.61048341 1.4956914 0.10641523 22
0.88347113 1.4912735 0.17468388 15.5
0.91634846 1.497968 0.11852048 16
1.1632427 1.4948739 0.15519215 77.666664
1.4966066 1.4975076 0.17648387 72
1.5275851 1.4964283 0.13477841 70.5
1.8823863 1.4982769 0.14356843 63
1.9619017 1.4914527 0.16396588 66.333336
2.0179901 1.492305 0.10913875 59
2.3735402 1.4976658 0.16996452 48
2.4031129 1.4976273 0.13962936 41
2.5695293 1.4984269 0.15187624 30.5
2.6266956 1.4987725 0.11104184 18
-2.6328523 1.5069025 0.18167804 39
-2.5315111 1.5067822 0.15906212 37
-2.4418163 1.511673 0.13694768 40
-2.3535097 1.5135648 0.11455441 47
-1.7541937 1.5307389 0.14299847 57.333332
-1.6141988 1.5342124 0.15259057 55
-1.5719098 1.5347005 0.15807271 57
-1.4623723 1.5236338 0.16574207 17.5
-1.3465786 1.5397767 0.1447928 58.285713
-1.1625589 1.533525 0.17980203 53.5
-1.0749485 1.5420208 0.14504018 64.428574
0.69317639 1.5070645 0.14459127 24
0.73376828 1.5059894 0.1515146 23.5
0.86653006 1.5073706 0.14952146 21.888889
0.92037851 1.5085626 0.14103921 18.666666
1.0605943 1.5194277 0.13269815 18
1.1405911 1.5129278 0.16154081 33.75
1.3646885 1.5225596 0.13426143 64.666664
1.4571681 1.5112185 0.15445115 76.875
1.5152892 1.5210445 0.19326174 86
1.7810119 1.515877 0.10181365 71
1.8439989 1.5092531 0.15860757 43.666668
1.9021863 1.5140151 0.18678342 1
2.436249 1.5015891 0.10874331 39
2.5439086 1.5220993 0.1475655 26.5
2.6693063 1.5412147 0.14780375 33
2.7819405 1.5413133 0.19788371 62
2.9007759 1.5023333 0.17550601 8
3.3256037 1.5495309 0.11964808 48
3.4404023 1.5554466 0.14700626 49
3.5545046 1.556367 0.17649958 48
4.3294244 1.5748039 0.10422649 34
4.5256834 1.5808532 0.14266695 36
4.7304406 1.5839047 0.18244237 33
9.5070925 1.6672157 0.13028234 17
10.501053 1.6974223 0.17949772 15
22.720329 2.0030854 0.19308636 74
13.703543 -9.3420591 0.23697606 11
4.2287207 -2.2454138 0.24003935 17.5
4.4239297 -2.2658229 0.25522506 33
4.4050741 -2.1618171 0.28435817 10
7.863369 -1.9369848 0.2287941 9
-4.5992575 -1.7604221 0.25969115 37
-4.4871087 -1.7550566 0.28202271 24
-4.3417563 -1.7433578 0.22512078 25
-4.2550921 -1.7473296 0.24134108 29
-4.0452776 -1.7415781 0.20334686 32
-1.5227957 -1.7053981 0.28338981 20.5
-1.4276485 -1.7029841 0.22881564 40.5
-1.1592143 -1.7027881 0.26395977 64
-1.0235708 -1.7007633 0.25626245 65
-0.99124473 -1.7014904 0.27051225 66
-4.6724215 -1.6953853 0.28330165 57
-2.5238767 -1.6295131 0.26442316 60.333332
-2.3319776 -1.6408349 0.25146344 63.285713
-2.220371 -1.6634972 0.2650041 68
-2.1429849 -1.6590512 0.23689394 60
-2.0619226 -1.6542925 0.22295515 68
-1.9210287 -1.6287683 0.25388482 64.666664
-1.5478024 -1.6904566 0.25577953 58
-1.4440228 -1.6980249 0.28102559 8
-1.3513159 -1.6970795 0.2338028 34
-1.2039063 -1.6908561 0.27242649 58
-1.1819932 -1.6959071 0.21468212 62.666668
-1.0434844 -1.6966197 0.28676236 67.5
-0.93715692 -1.6976784 0.23550592 65.166664
-0.87035561 -1.693072 0.23161514 67.333336
-0.73847145 -1.6344976 0.25727099 102.6
-0.6524989 -1.6358255 0.24777283 89
-0.54785442 -1.6341845 0.23699862 78.666664
-0.48369348 -1.6331722 0.23077029 24.333334
-0.38873672 -1.6376778 0.2537514 24.799999
0.28871515 -1.6182584 0.27073547 94.333336
0.30314744 -1.6204312 0.2399915 97
0.42366242 -1.6180941 0.26941413 97.199997
0.6416555 -1.6197041 0.24639364 52.272728
0.7060616 -1.6155843 0.28932521 24
0.88610977 -1.6160852 0.24141555 39.285713
0.91963375 -1.6308885 0.27549645 20
1.1608739 -1.6094321 0.23733696 84.272728
1.2353916 -1.6070168 0.27486807 104
1.4780116 -1.6080662 0.2422785 50.333332
1.8210838 -1.6043345 0.2531969 72.400002
2.0903029 -1.6022919 0.28062305 66
2.1393597 -1.6059422 0.23367721 65
0.32980898 -1.5326719 0.209214 91
0.44529018 -1.594727 0.22487466 98
1.2144841 -1.5998459 0.2976062 97
1.4274826 -1.5419326 0.27353984 39.5
1.5712198 -1.5919455 0.24440603 88.333336
1.6413751 -1.5822105 0.27651727 73.333336
2.1497509 -1.595569 0.25525773 66
2.288558 -1.5628936 0.26496458 64
2.3439028 -1.5828991 0.23504245 49.5
3.3677542 -1.5140368 0.23032396 7
9.2596874 -1.5865546 0.23544899 48
1.3931305 -1.4795429 0.2388408 27
1.6023903 -1.417863 0.27978677 15
6.6828494 -1.4149983 0.22634321 5
7.2615271 -1.4334508 0.26129791 8
7.7221189 -1.4088092 0.29220021 0
10.165164 -1.4106176 0.27671197 20
0.78188705 -1.2174302 0.26185519 4
0.75753719 -1.1400455 0.25860322 2.5
1.3748115 -1.1139714 0.26395294 10
10.562714 -1.1196576 0.29420981 6
1.385271 -1.0820547 0.23664157 1
-4.002604 1.4253364 0.27365842 53
-3.7921834 1.4253845 0.2443018 51
-3.6097641 1.4254239 0.21810216 55
-3.006942 1.442361 0.27429494 46
-2.8781252 1.4452111 0.24790163 45
-2.7568045 1.4450696 0.22286928 68
-0.93942052 1.4780351 0.24613553 78
-0.82949829 1.4843904 0.25153068 15.571428
-0.77315229 1.4851948 0.23688766 15.25
-0.63557339 1.4791374 0.25419375 17
-0.56149447 1.4823726 0.247706 16.666666
-0.43108919 1.4781401 0.25957704 17
-0.38967395 1.4803678 0.23677428 18.25
-0.25981894 1.4747778 0.25508574 23
0.53141826 1.4967998 0.25470331 21.833334
0.84384078 1.4918375 0.24586529 15
1.0964222 1.4993418 0.26850656 79
1.1291285 1.4972816 0.21201761 81
1.4438897 1.4979217 0.24195957 64.800003
1.8525437 1.4965463 0.26572505 65.75
1.9140036 1.4965901 0.21789208 66
2.2982335 1.4987838 0.26060358 51
2.3535194 1.4990984 0.26391721 60.5
2.4306121 1.4988153 0.25836131 58.5
2.8644936 1.495464 0.25320736 14.666667
2.9265652 1.4928435 0.23603253 5
-2.7527819 1.5130427 0.20698534 51
-2.0454216 1.5075939 0.26378179 40.5
-1.9400936 1.5080507 0.22689407 18
-1.8893925 1.5240097 0.2036809 2
-1.7741163 1.5290725 0.25725088 49
-1.6296955 1.5323793 0.24214602 56.666668
-1.5836258 1.5303518 0.24823008 56
-1.3514503 1.5358938 0.25164267 57
-1.2450399 1.527077 0.22474146 55.5
-1.1062965 1.5371448 0.28699344 61.5
-1.069712 1.5419559 0.24340878 66.714287
0.66264027 1.5037185 0.24714303 21
0.79503471 1.5094949 0.21091275 24
0.85045052 1.5096846 0.25587788 21.5
0.95653683 1.5204989 0.24053492 21.5
1.0516517 1.5115771 0.28265876 33.5
1.1474094 1.5182679 0.23904797 27
1.252153 1.5242319 0.26716349 19.333334
1.4417522 1.5108078 0.25155094 71
1.5555369 1.5228745 0.24629717 83
1.6432889 1.5225759 0.28288245 51.5
1.8190544 1.5020006 0.24860504 63
2.2733755 1.5155931 0.25696102 26.5
2.3562517 1.5201173 0.2444663 33.666668
2.4819949 1.5001723 0.21919423 54
2.7777636 1.5013826 0.27868861 26.5
2.846559 1.5223725 0.23364626 39.5
2.9657197 1.5262499 0.28003556 40
3.0282989 1.5040374 0.24986526 10
3.68418 1.5622718 0.20727457 43
3.8188074 1.565172 0.23872207 44
3.9640591 1.5690635 0.27220434 45
4.9713044 1.5919636 0.22682299 29
5.2369366 1.6010273 0.2730898 29
23.209629 1.6741072 0.26874211 10
11.656303 1.723501 0.23731612 13
4.425971 -2.2780957 0.31339997 25
4.6571398 -2.2262321 0.39208886 17
4.9441361 -2.2536802 0.38463753 17
4.3690047 -2.157999 0.33842179 13
12.479393 -1.9587514 0.33249214 41
-5.2392793 -1.707526 0.3594889 30
-4.6558452 -1.7258469 0.32040867 89
-1.5002575 -1.7060009 0.30666244 1
-1.1653098 -1.7022781 0.3500081 56
-1.0705324 -1.7044996 0.31738025 62
-0.92353821 -1.7012216 0.32717955 70
-4.9401913 -1.6994539 0.3186951 33
-4.8479929 -1.6998205 0.36168236 37
-2.5509295 -1.6474866 0.36883253 60
-2.4616859 -1.6623299 0.35361058 65.5
-2.3661227 -1.6442218 0.34479496 63.875
-2.2904811 -1.6632137 0.30040485 59
-1.9482113 -1.63117 0.35338169 60
-1.5704803 -1.6934586 0.34642524 56
-1.2209278 -1.6960124 0.35708809 59.25
-1.1536953 -1.6969591 0.36467132 61.799999
-1.0988466 -1.6997257 0.30733824 57
-0.91952443 -1.69669 0.37856328 69
-0.85860139 -1.6918937 0.337437 72.14286
-0.76136571 -1.637512 0.35171801 101.57143
-0.66721839 -1.6441001 0.33566162 80.625
-0.51265609 -1.637688 0.34731102 51.333332
-0.44261089 -1.6400996 0.33792555 39
-0.3884111 -1.6323164 0.35150516 25
0.24670871 -1.618031 0.3538473 94
0.38263065 -1.6203017 0.35300305 96.75
0.58044744 -1.6168067 0.35837883 98.75
0.60573494 -1.6183903 0.30450791 97
0.75611109 -1.6129185 0.34785861 37.599998
0.95690221 -1.6166281 0.32998839 38.400002
1.0510957 -1.6133522 0.38271481 72
1.1184206 -1.6087596 0.32850516 65.5
1.3699778 -1.6044186 0.37748468 79
1.4174641 -1.6068348 0.34304157 77.333336
1.7582811 -1.6050515 0.35712194 4
2.0504143 -1.6061528 0.3280893 56
2.5674703 -1.6026413 0.36938933 5
0.7643047 -1.5562305 0.37199444 11.5
1.272328 -1.5996804 0.33448902 101.33334
1.3362185 -1.5935327 0.3829391 90.5
1.428504 -1.5977634 0.32938725 77
1.6555135 -1.5859659 0.32889113 100
1.7406983 -1.5847651 0.35535681 44.333332
1.8177515 -1.5786446 0.37445909 10
2.066591 -1.5968138 0.35151055 69.333336
2.2297888 -1.5928764 0.36129546 65.666664
2.4322433 -1.5705431 0.37206286 4
9.2923956 -1.5700561 0.36741954 49
1.5843909 -1.4434776 0.36022604 71
1.6200302 -1.4880805 0.37200329 150
3.8138728 -1.4892688 0.39765462 1
0.78073949 -1.3553383 0.34180999 1
0.7669329 -1.2696965 0.34835994 3.5
1.6570722 -1.2495941 0.34320939 154
14.27396 -1.294901 0.39875051 150
0.76627117 -1.1443572 0.31454608 1.3333334
1.3817574 -1.1043 0.30412731 3
1.5934613 -1.1605772 0.30482268 12
1.6109339 -1.1765568 0.38282475 4
23.643749 1.3271332 0.34207484 150
-4.7303185 1.4101729 0.3760131 37
-4.4519801 1.4122406 0.3383497 39
-4.2119036 1.418295 0.30469957 43
-3.6293335 1.4280791 0.39553028 42
-3.4588861 1.4348834 0.36319625 41
-3.2906642 1.4356904 0.33113867 44
-3.1382637 1.4375159 0.30234474 44
-0.96765435 1.474797 0.3234587 82
-0.83792657 1.4819865 0.36212477 31.777779
-0.75162709 1.4890673 0.34581119 16
-0.62793446 1.4874392 0.35627541 18
-0.57984704 1.4823924 0.34786028 18.4
-0.42195302 1.4853497 0.34360737 20.6
-0.39793515 1.4843545 0.3015967 22
-0.26764575 1.4781817 0.35696602 22.799999
0.78164744 1.4916064 0.3609271 15.666667
0.81485748 1.4957452 0.33985123 15.666667
1.0474188 1.4984438 0.35262257 76.5
1.372694 1.4970886 0.3555004 67
1.7849871 1.49546 0.3640022 62
1.8184837 1.4958627 0.32515994 65
2.2600639 1.4948078 0.37312481 54.333332
2.3291535 1.4910963 0.33511528 56
2.7399836 1.494091 0.36779627 35
2.8073037 1.4922067 0.31647861 20
-2.4135065 1.5032339 0.39011776 50
-2.3328578 1.5111995 0.36131212 47
-2.24721 1.5121704 0.33279634 55
-2.1629474 1.5101386 0.30401754 60
-1.9586805 1.5121671 0.37632287 47
-1.8336464 1.5157695 0.35748395 41.75
-1.7907463 1.5234568 0.34978867 58.5
-1.6359727 1.5294501 0.35461244 57
-1.595221 1.5305434 0.30390966 56
-1.4073138 1.531494 0.34801328 31.5
-1.3656384 1.5384592 0.3380585 58.200001
-1.2612053 1.5310004 0.36579275 47
-1.142602 1.5364287 0.33327299 57.75
-1.0785586 1.536845 0.36904877 63
0.48117289 1.5050596 0.352281 21.4
0.5617857 1.5044245 0.35336086 20.666666
0.63019991 1.5050657 0.34457526 20.6
0.86550152 1.5102679 0.31559759 20
0.94841909 1.5230526 0.35780749 19.666666
1.0603261 1.5154983 0.34155771 24.222221
1.1321398 1.5266683 0.38125244 19
1.2529918 1.530439 0.33061668 46.333332
1.3554108 1.5160724 0.35214129 85.571426
1.5786848 1.5215967 0.31956929 81.5
1.6669513 1.5181774 0.36139604 30
1.7576733 1.5083944 0.35153353 53
2.2355192 1.5170552 0.36060858 37.333332
2.4646652 1.5382676 0.31164378 54
2.5420179 1.5432233 0.3428334 66
2.6449308 1.5242848 0.3761372 53.5
2.7185469 1.5034103 0.33603245 38.5
2.8631637 1.5013685 0.36999735 33.333332
2.9308674 1.5010364 0.31697655 22
3.0610433 1.5535477 0.30737242 57
3.1625931 1.5556327 0.34660855 57
3.2726579 1.5577245 0.38858408 55
4.1171021 1.5699495 0.30775073 43
4.2863736 1.5728081 0.3452819 39
4.4875669 1.58365 0.38749832 36
5.5238357 1.6050968 0.32481426 20
5.8694806 1.6181777 0.38234165 22
12.914837 1.7265022 0.30281633 8
14.910448 1.7818964 0.3934131 65
13.89558 -9.3681211 0.43882623 3
5.0713573 -2.2145746 0.42356843 12
4.821137 -2.1263051 0.46487579 15
15.000352 -1.8639207 0.41722339 83
-5.9569583 -1.7187215 0.45148185 23
-5.539649 -1.712358 0.43633771 28
-5.161593 -1.7074739 0.41313803 30
-1.3418524 -1.7040511 0.47476327 31
-1.260509 -1.7010891 0.44355348 52.5
-1.0194824 -1.7011697 0.45204931 65.5
-0.96049219 -1.7033087 0.45174798 67.333336
-0.88305658 -1.7009658 0.46098515 69
-2.8570874 -1.6680449 0.48410895 63
-2.7595615 -1.6696078 0.45690113 59
-2.6552649 -1.6676779 0.42049092 60
-2.5787332 -1.6326033 0.44228593 55.666668
-2.4187472 -1.6381694 0.45480394 63.666668
-2.3752394 -1.6420616 0.45048928 60
-2.0097508 -1.6351371 0.48112839 64
-1.9597793 -1.6351495 0.44059488 61
-1.8417463 -1.6555436 0.47655237 37
-1.7538438 -1.6499139 0.4394491 33.5
-1.6158731 -1.6904242 0.46674812 55.5
-1.5746533 -1.6922097 0.44570658 56
-1.3056056 -1.6985996 0.44649455 55
-1.2417337 -1.6942394 0.43858182 60
-1.1754131 -1.6978648 0.45826095 68
-1.0682288 -1.6963378 0.48489711 67
-0.94123232 -1.6978658 0.44731563 68.599998
-0.86889881 -1.6936077 0.44413272 61.666668
-0.66897702 -1.6407946 0.45476723 100.16666
-0.52568072 -1.6403021 0.4599072 81.333336
-0.449512 -1.6431576 0.45177972 53
-0.38642544 -1.636972 0.44860762 67.75
0.18487173 -1.6154464 0.47580433 90
0.20955278 -1.617506 0.42810968 94.5
0.33803871 -1.6200686 0.44624737 96.333336
0.53796488 -1.6173328 0.45003667 95
0.76582575 -1.6055008 0.48363677 94.5
0.80627054 -1.6211096 0.4104504 7
0.90893763 -1.6006975 0.49500802 48
1.0608964 -1.6100711 0.44372651 54.875
1.3667345 -1.6042848 0.44359159 53
1.9971696 -1.6024114 0.44957614 14
2.8599555 -1.6224134 0.48374236 4
4.2824235 -1.6206622 0.47189456 27
0.77027255 -1.5269594 0.43456054 24
0.88419384 -1.5898528 0.47693592 59
1.0740985 -1.5933274 0.45395091 48
1.1145507 -1.5945212 0.47208896 41.666668
1.3684835 -1.5882314 0.4324331 67.5
1.444571 -1.5909778 0.46598399 38
1.6526036 -1.514993 0.40589228 26
1.7801034 -1.5719589 0.42005947 22
1.8487848 -1.5528171 0.45373797 62
1.9184759 -1.5607924 0.42900383 127
2.017931 -1.5994186 0.41638893 37
2.1514151 -1.5948581 0.45531443 26.666666
4.2408948 -1.5256001 0.48551783 140
4.7239332 -1.5776298 0.49877128 10
10.366942 -1.5989064 0.42454913 1
1.5433145 -1.4204307 0.43231598 27
1.6044171 -1.4719651 0.42858908 67
1.7664951 -1.4024091 0.49196893 3
4.2898207 -1.4957391 0.43145326 11
0.73670143 -1.3859658 0.43607202 3.5
0.67747742 -1.248053 0.49011993 3
0.70697594 -1.245965 0.43215379 19.5
1.3541578 -1.2086965 0.42282543 153
1.5786264 -1.2233682 0.40987602 7
1.6311172 -1.2195152 0.41765904 2
16.449581 -1.2260571 0.45266002 116
0.89501941 -1.1156156 0.40009302 0
2.2302196 -1.1131876 0.42448232 2
1.2978902 -1.0829031 0.44083959 7.5
1.3107067 -1.0961215 0.41649973 12
2.2445176 -1.0751805 0.43985599 0
23.513224 0.55725354 0.45676258 33
23.605398 0.94219393 0.40412679 150
-5.389852 1.4009988 0.46145329 28
-5.0460868 1.4080904 0.41714591 34
-4.0562425 1.4255624 0.4714891 35
-3.8272502 1.4253044 0.43163228 36
-0.93875402 1.4747438 0.44768524 92.333336
-0.84327728 1.4802228 0.44976401 28.333334
-0.76211953 1.4841346 0.44656366 50.75
-0.63170207 1.4847769 0.44523394 17
-0.59811258 1.4935086 0.43724406 21
-0.41929984 1.4863906 0.44789472 21.833334
-0.27169123 1.4826844 0.45089832 22
0.53763896 1.4942784 0.45857549 16
0.99983543 1.4985541 0.43846965 79
1.2965558 1.4980613 0.48199558 68
1.3125664 1.4980116 0.45308167 66
1.6948558 1.4962459 0.48436648 61
1.7443869 1.4965882 0.41772956 63
2.1812475 1.4973407 0.43744302 57.666668
2.2221243 1.4929299 0.4363296 58.5
2.5923929 1.4999332 0.49526498 54
2.648247 1.4974027 0.44475308 48
-2.7258863 1.5023237 0.48994187 51
-2.6100221 1.500296 0.45442694 45
-2.5091314 1.5022652 0.42170924 48
-2.2812271 1.5105023 0.4996309 46
-2.1514926 1.5098684 0.45103297 45.5
-2.0300858 1.5092419 0.40434477 44
-1.8325 1.5250846 0.45397013 54
-1.7295406 1.5103222 0.47110817 13
-1.6556015 1.529541 0.45065898 54.400002
-1.4184232 1.5318838 0.44352749 55
-1.3598982 1.5323101 0.44348308 47
-1.2242278 1.5257832 0.47691205 47
-1.1422641 1.534888 0.44234505 59
-1.0781798 1.5362329 0.46463886 63.333332
0.39148712 1.5055891 0.49818745 16
0.44049993 1.5050746 0.44058219 21.5
0.5755046 1.5083008 0.45563757 21
0.60258341 1.5132158 0.42900461 21
0.76258767 1.5104142 0.45303068 16
0.97669822 1.5085338 0.45530748 35.333332
1.0337659 1.5143554 0.44913891 33.272728
1.1525047 1.52966 0.44431549 34.200001
1.2266994 1.5343484 0.46766645 56
1.3395418 1.5076836 0.44138342 76.85714
1.4397966 1.5257076 0.44275016 79
1.5230973 1.5254818 0.48825845 31
1.6925956 1.5024962 0.4819608 65
1.7150578 1.5016629 0.4451125 63
2.1475248 1.5035628 0.47656462 56.5
2.2823899 1.5324253 0.41887763 33
2.3485928 1.5354962 0.45847291 45
2.4247065 1.5435746 0.49937382 75
2.5808377 1.5094839 0.48861679 49
2.6406658 1.5148673 0.42689183 52.25
2.7521963 1.5140368 0.46579504 51.5
2.8299356 1.5245175 0.44996578 50.5
3.3940639 1.5618248 0.43326777 58
3.5218575 1.5639302 0.48000693 51
4.683804 1.584499 0.43047771 37
4.9175653 1.5933126 0.47809437 30
6.243463 1.6252657 0.44525978 24
3.4130514 -2.2824714 0.58468407 1
5.2890105 -2.2536972 0.54265362 13
5.6062355 -2.2444317 0.5309214 3
5.8534999 -2.2353654 0.58301288 8
13.463647 -1.8863721 0.56822234 46
-6.9273558 -1.7397997 0.57023168 20
-6.3851304 -1.7246403 0.50571227 22
-5.8928638 -1.7136643 0.53448284 23
-3.2146101 -1.7389109 0.58280444 33
-3.1063714 -1.7378153 0.56856078 38
-3.0735762 -1.7309465 0.53996319 32
-1.3788344 -1.705532 0.50012738 4
-1.1444161 -1.7016574 0.54014778 63
-0.96774036 -1.706607 0.55754197 63.5
-0.89487511 -1.7057333 0.58340985 68
-2.9208782 -1.695996 0.5118106 127
-2.6289506 -1.6385797 0.55631572 51.666668
-2.4345255 -1.6408176 0.55758077 58.25
-2.3939214 -1.6444266 0.5090816 60
-2.0444341 -1.6494191 0.56706846 76.25
-1.9617922 -1.6478074 0.53796548 64.199997
-1.8925327 -1.6521696 0.50163609 49
-1.6455932 -1.6982899 0.5443818 56
-1.5883009 -1.6980577 0.56058395 56
-1.443392 -1.6975303 0.53897703 2
-1.3967234 -1.6985533 0.50805962 20
-1.25291 -1.6966434 0.56550097 61.333332
-1.1735686 -1.6984267 0.54496527 61.5
-1.056098 -1.6969317 0.5767799 69
-0.97705734 -1.6976783 0.51917201 67.25
-0.87538904 -1.6518568 0.52793425 22
-0.70935726 -1.6459877 0.55690742 105
-0.6504463 -1.6447313 0.54693305 103.5
-0.53711128 -1.6430929 0.55678743 101.5
-0.45523769 -1.6400654 0.54826236 105.5
-0.38843378 -1.6389693 0.54015285 107.66666
0.14730079 -1.6172907 0.55224639 84
0.28681573 -1.6296247 0.54931468 91.666664
0.30504283 -1.6157726 0.52162188 104
0.48610401 -1.6304836 0.5671587 98
0.50421977 -1.6145524 0.52424896 103
0.73756313 -1.6451397 0.57200032 19
0.96413183 -1.6012135 0.55611926 45.666668
1.3330033 -1.6046898 0.50917852 33
1.9125156 -1.6032869 0.57898003 28
0.94738889 -1.5971143 0.54176021 28.5
1.0213377 -1.5865554 0.50772685 53
1.16108 -1.5921081 0.5260511 39
1.2172426 -1.5895557 0.56865829 18.333334
1.4657055 -1.5896599 0.51381469 5
1.5375403 -1.5828556 0.54292005 8.666667
1.6262879 -1.5893114 0.5501827 1.5
1.8395113 -1.5465251 0.51761961 4
2.0748551 -1.5820842 0.56341708 38.5
0.70042366 -1.4054301 0.54015887 7
4.2913356 -1.4696206 0.50977945 6
4.7311277 -1.4886252 0.51564157 26
12.115798 -1.4992919 0.52203435 13
12.144961 -1.3143382 0.53077644 150
0.66772467 -1.2466587 0.53051931 5
13.116312 -1.218118 0.5800916 150
22.954397 -0.96253455 0.59829289 5
22.926558 -0.58157033 0.56795514 5
23.864113 -0.21367656 0.55508894 68
23.835449 0.17627911 0.5113191 72
-6.2833791 1.3937433 0.57162285 25
-5.8079233 1.3998811 0.51350844 22
-4.5891576 1.4201593 0.56117374 26
-4.3029985 1.4208394 0.51350057 31
-2.9833121 1.4314302 0.58211035 61
-2.8580337 1.4363971 0.54266459 58
-2.7654712 1.4543672 0.51185274 84
-1.913901 1.4934002 0.56073135 21
-0.95272034 1.4754881 0.5429036 89
-0.85005593 1.4779115 0.55013245 59.916668
-0.78866482 1.4759321 0.54457957 86.5
-0.62229508 1.4815296 0.54783148 16.833334
-0.43004543 1.4871061 0.55610299 22
-0.28006256 1.4843527 0.54946876 22.6
0.42756563 1.492965 0.50664228 24
1.272714 1.4966321 0.52268159 65.5
1.6674207 1.4968379 0.52444077 66
2.0963745 1.4963614 0.57679158 54
2.1324842 1.4946852 0.52316439 54.25
2.5231004 1.4986753 0.5569132 54
-2.4670768 1.5046941 0.56854647 41
-2.3742921 1.509599 0.53477949 41
-1.9987365 1.5024309 0.59937906 38
-1.8612196 1.514081 0.54572028 45.42857
-1.7331605 1.5195646 0.53120112 55
-1.6601921 1.5228449 0.5587827 58.333332
-1.5931154 1.5237622 0.54755914 6
-1.4337935 1.5284584 0.54873919 54.75
-1.3563895 1.5317976 0.53490269 30.5
-1.2397556 1.5231187 0.5499202 22.5
-1.1365631 1.5360224 0.55128926 58.57143
-1.0661687 1.5299621 0.54824138 61.5
0.37149119 1.5434189 0.56840807 18.666666
0.4617306 1.5252248 0.55703551 19.666666
0.53938067 1.5264761 0.55027312 38
0.68554282 1.5386171 0.56924838 19.5
0.73354703 1.5295452 0.54230928 16.666666
0.9687047 1.5170918 0.5408296 67.333336
1.0459064 1.5460191 0.54754752 22.5
1.137081 1.5405788 0.56174064 59.166668
1.2676133 1.5238794 0.55763 84.14286
1.3194876 1.5266795 0.54733372 79.666664
1.4603999 1.5222282 0.53159153 69
1.5408299 1.5287062 0.55340594 14
1.6622221 1.5131519 0.55969059 69.599998
1.9840231 1.540143 0.50678414 8
2.0697649 1.5261687 0.56298012 43
2.1022923 1.5011531 0.54648262 52
2.4905431 1.5164962 0.5769679 59.333332
2.5463207 1.5126563 0.54605633 55
2.6702068 1.5073619 0.55071121 51.333332
2.9610505 1.5539356 0.51831448 57
3.0554206 1.5518805 0.55645227 57
3.6539094 1.564039 0.52811646 50
5.1683164 1.5991117 0.52840829 30
3.9000149 1.6132275 0.59834033 67
5.4778399 1.6148577 0.58742917 20
6.663466 1.6313635 0.51410615 24
7.171967 1.6434798 0.59413213 12
17.304308 1.8189725 0.50273919 4
-7.6084695 -1.7710104 0.64865088 13
-6.9241204 -1.7395399 0.69348902 30
-6.4237618 -1.7420872 0.61450082 7
-3.3396003 -1.7217243 0.63945436 17.5
-3.2371609 -1.7366812 0.61548704 40
-1.6265075 -1.7062967 0.64109361 33.5
-1.2628177 -1.7033359 0.62086481 22.666666
-0.941383 -1.7045748 0.64183807 57
-0.89881009 -1.703656 0.62421149 68
-2.6807604 -1.6452739 0.6561507 40.5
-2.5162601 -1.6424489 0.66115075 57
-2.4592001 -1.6442856 0.63542199 52.666668
-2.3009295 -1.6646813 0.69249582 72
-2.241694 -1.6633056 0.67596054 78.5
-2.1366715 -1.6604298 0.64551163 78.5
-2.0532377 -1.6480702 0.65337193 71.75
-1.9928278 -1.639045 0.60643542 52
-1.6656249 -1.6935828 0.65431106 54.599998
-1.3041037 -1.6956047 0.65303898 3
-1.2870075 -1.6966006 0.6121459 42
-1.1575456 -1.6949525 0.63162714 36.166668
-0.7251513 -1.6471057 0.65552187 99
-0.65674537 -1.6467353 0.64862442 98.333336
-0.54862744 -1.645546 0.65697235 103.66666
-0.45263082 -1.6438978 0.65526134 104
-0.38692403 -1.6405571 0.64199275 108.2
0.082748346 -1.617382 0.67497283 82.333336
0.11028598 -1.6184416 0.62291461 83
0.24284662 -1.6279278 0.64290923 91
0.46839511 -1.641422 0.6091367 39.5
0.99039167 -1.6313807 0.62902927 8
1.0570263 -1.6176707 0.65619475 46.666668
1.1089979 -1.6108233 0.69941753 21
1.3137197 -1.6622673 0.62203401 17
1.6174309 -1.6546803 0.62057734 17.5
1.8751688 -1.631937 0.64665514 68.166664
1.9976908 -1.5928013 0.67829257 68
2.0270278 -1.5928144 0.6296196 69.5
2.1642125 -1.5779331 0.67570436 14
2.2895114 -1.564128 0.66285443 61
0.67069799 -1.4349544 0.61340421 1
1.5370926 -1.3168801 0.64562851 16.666666
1.5645329 -1.283757 0.66206205 29.5
-6.8811026 1.3955652 0.64320552 18
-5.0373487 1.4576538 0.63200116 15
-3.2747905 1.4265676 0.6696052 60
-3.1310508 1.432459 0.62575173 57
-2.7607262 1.4719988 0.67757404 85
-2.1589835 1.4994856 0.67283577 32
-0.94848174 1.4709123 0.64682096 86.333336
-0.87465948 1.4808553 0.6403442 60.166668
-0.6361143 1.4818151 0.64871961 18.5
-0.43654585 1.4809792 0.65300626 19.6
-0.28493291 1.4822353 0.64815009 21.200001
2.0441062 1.4952996 0.64046329 56.75
2.391562 1.4986601 0.69302344 52
-2.6837475 1.5009161 0.64704978 37
-2.5715239 1.5028011 0.60642618 37
-2.0835786 1.5074595 0.63803637 58
-1.9204874 1.5192112 0.65709585 48.666668
-1.8654647 1.5154916 0.65239179 50.5
-1.7359711 1.5199391 0.64605582 54.666668
-1.6893301 1.5255597 0.60968345 74
-1.5719484 1.5018189 0.68496895 2
-1.4453245 1.5258814 0.64860719 46.799999
-1.2537103 1.5184808 0.6252833 2
-1.1628878 1.5309752 0.65120584 41.285713
-1.0675464 1.5297694 0.65678316 45.333332
0.27058649 1.5351783 0.63599008 81
0.33547935 1.5376228 0.60661083 89
0.4613103 1.5413703 0.61542684 44
0.66229135 1.5431466 0.61867243 12
0.73053759 1.5485111 0.6086989 47
0.96272939 1.548967 0.6014033 81
1.2611692 1.5177612 0.61012888 48
1.3787992 1.537136 0.60755438 3
1.6511419 1.5137572 0.60161108 47
1.7897638 1.5467396 0.69707209 13
1.9620931 1.5413231 0.61799318 0
2.047641 1.5135044 0.6567232 53.5
2.1464534 1.5411721 0.61073965 69
2.2380128 1.5426877 0.66783971 69
2.4480333 1.5053478 0.64761335 55
2.5991259 1.5080246 0.62679774 47
2.6398578 1.5279224 0.61638552 58.5
2.7420733 1.5489079 0.67841119 68
3.9315219 1.5522692 0.63056374 22
5.7562175 1.6106381 0.64531738 22
14.733191 -9.2625771 0.74240798 4
3.694216 -2.2285988 0.7251696 1
3.7320344 -2.1655896 0.7594012 21
6.857439 -2.1090999 0.79615325 32
-8.2086477 -1.7571797 0.72188443 20
-3.8425193 -1.7387615 0.77031368 37
-3.7197716 -1.7451957 0.78117543 42
-3.6562274 -1.7675433 0.73146141 3.5
-1.6255958 -1.7029871 0.71290177 51
-0.91072786 -1.70495 0.73205435 70.5
-2.7221923 -1.6465206 0.73881793 28.5
-2.559025 -1.6436737 0.74117446 48
-2.4745569 -1.656549 0.7605592 53.75
-2.3773041 -1.667738 0.73933244 71
-2.1391082 -1.6473286 0.75165713 69
-2.0560417 -1.6523377 0.7620374 64
-1.8538359 -1.658576 0.78070742 98
-1.7340472 -1.6602364 0.74456543 68.428574
-1.6570899 -1.6786947 0.7284714 41
-0.91532463 -1.6973324 0.79538429 69
-0.74296957 -1.6508882 0.75963843 93
-0.66386199 -1.6469007 0.75358248 99.5
-0.56105268 -1.6449974 0.76142228 99
-0.44598052 -1.6475487 0.75534612 96
-0.38359246 -1.6409853 0.75768626 104.5
0.041382257 -1.6176164 0.75855052 77.800003
0.18429315 -1.6210096 0.76531601 84
0.20492433 -1.6210387 0.72307324 83.5
1.8620832 -1.6401917 0.74853611 54.25
1.965624 -1.5941161 0.74463701 73
2.2457709 -1.5604262 0.7308501 55.5
2.3589554 -1.5629816 0.75209081 80
1.5371398 -1.3796126 0.79067022 1
17.898792 -1.3989542 0.79700202 93
1.5432247 -1.2918419 0.73767477 21.333334
-7.3147573 0.77960521 0.73632056 32
-7.2771597 0.91559035 0.72377205 2
-7.2351265 1.0505767 0.71065634 31
-7.3783131 1.2124952 0.71590197 50
-5.8127012 1.3105299 0.76334411 28
-7.7793889 1.4322748 0.74436581 49
-5.6885242 1.4063818 0.73874849 30
-5.5601835 1.4942265 0.71140724 10
-3.6137621 1.4156382 0.76927429 51
-3.4430332 1.4246011 0.71859175 54
-2.9665885 1.4342119 0.75254881 47
-2.8316002 1.4370761 0.70646363 48
-0.90818459 1.4744281 0.74720591 78
-0.87742597 1.4713529 0.75176865 84
-0.65205967 1.4817876 0.74457234 46.599998
-0.44756198 1.4879375 0.75176895 36.75
-0.29114667 1.4892662 0.74586087 35.75
0.19438295 1.4911603 0.77263862 81
1.974053 1.4981638 0.74179584 56
2.3308201 1.4999195 0.7692734 54
-1.9585233 1.5119958 0.7478869 30.125
-1.8222684 1.5164533 0.7886216 43
-1.7723486 1.5199277 0.75223255 45.200001
-1.0585867 1.5224104 0.74047059 37
0.23039781 1.5275538 0.74813706 80.14286
1.8543671 1.5357969 0.74899018 53.5
1.9796677 1.5011654 0.76761353 54.5
2.0133255 1.5028973 0.73168296 57
2.1586533 1.5386374 0.76811206 69
2.3548925 1.5103325 0.75502819 56.333332
2.4117501 1.5231272 0.73676759 59
2.8342791 1.549949 0.72845238 66
2.9445121 1.5580596 0.78596336 63
6.1181383 1.6213405 0.71382725 25
6.4694276 1.615051 0.78316373 4
8.1784716 1.6097188 0.76491284 3
8.1370077 1.7416838 0.72141421 35
23.718189 2.1577435 0.7524702 14
4.0707483 -2.168524 0.81295782 24
6.4911156 -2.0814762 0.85093415 25
-8.8468103 -1.7323537 0.80132562 1
-8.2695093 -1.7460766 0.8994779 21
-7.7175484 -1.7866846 0.80798841 25
-3.8619428 -1.7230489 0.83441478 10
-1.6410546 -1.7099983 0.86987787 36.25
-1.5827314 -1.7285141 0.85335898 0
-0.92578346 -1.7026924 0.86721265 24
0.66022098 -1.7314546 0.80856454 0
-2.8023348 -1.6445614 0.8903237 9
-2.7462699 -1.6550175 0.84019643 33
-2.6440022 -1.6563673 0.87774688 36
-2.5598173 -1.6568683 0.83776474 36.166668
-2.1589448 -1.6536136 0.85111624 49.666668
-2.0410361 -1.6581864 0.84718275 66.5
-1.934289 -1.6639444 0.84503508 84.5
-1.8704258 -1.6623342 0.82303888 94
-1.7234228 -1.6447828 0.84633517 69
-1.6474926 -1.6999424 0.80333048 52
-0.75880992 -1.6558453 0.84803939 95.5
-0.67055285 -1.6507537 0.84237754 104
-0.53667635 -1.6487731 0.84732997 93.25
-0.42384887 -1.6451546 0.84055924 96.25
-0.3872565 -1.6459136 0.84824729 102
-0.016132722 -1.6183976 0.87010425 71.333336
0.00066087249 -1.6152364 0.82699585 81
0.14639309 -1.6162539 0.84228975 82.400002
1.0828108 -1.6052024 0.81894201 90
1.1238638 -1.6210147 0.86572051 2
1.9088967 -1.6063325 0.86950254 2
1.929623 -1.5841926 0.85198063 60.666668
2.4187956 -1.5529121 0.84097016 56
1.5506008 -1.3300831 0.81730139 1
-7.9229984 -0.20060009 0.80922818 36
-7.8485003 -0.04956368 0.80313694 77
-7.8056049 0.097461179 0.80023211 94
-7.8891354 0.24643987 0.81000608 79
23.571327 1.0671242 0.89226735 150
-3.8266337 1.4166718 0.82890552 54
-3.2798846 1.4305266 0.8589747 42
-3.1210146 1.4353673 0.80548972 43
-1.9081939 1.4997953 0.88025457 49
-0.92411107 1.4722672 0.86643881 78
-0.89742476 1.472733 0.83928585 77
-0.6636433 1.4777931 0.85019493 86.599998
-0.45857066 1.4814349 0.84977752 60.200001
-0.30131483 1.4787025 0.86624539 88
-0.27497888 1.4798071 0.84364235 52
0.16839628 1.4897997 0.85145551 82.85714
1.8928643 1.4941679 0.86626393 56
1.9453623 1.499294 0.83705878 59
2.2745457 1.499171 0.84544629 50
23.555014 1.4270585 0.84879267 150
-1.8506902 1.5109897 0.85029 38
-1.7867241 1.5153599 0.83990353 35.5
0.22673953 1.5285602 0.85057616 63.333332
1.7894802 1.5496092 0.83286357 10
1.8542504 1.5159786 0.88369834 58.5
1.957271 1.5129167 0.83853388 64.166664
2.0458901 1.537961 0.89696538 70
2.2741172 1.5177155 0.8463251 62.333332
2.3358512 1.5167015 0.86272919 59.400002
2.4918551 1.5562285 0.82181722 64
2.5712109 1.5572408 0.86922783 65
3.0412817 1.5531595 0.84008884 59
3.9095163 1.6033177 0.87194264 31
4.7919493 1.6669356 0.88522536 38
23.773495 1.8017915 0.80764616 122
7.033494 -2.1409125 0.95134294 0
-10.658165 -1.8919809 0.99295312 40
-4.5632887 -1.7756422 0.97206241 40
-1.6711243 -1.7055051 0.94293725 57
-2.8415291 -1.6577311 0.94921726 25.666666
-2.7439845 -1.6649487 0.96830243 38.5
-2.6460168 -1.6504374 0.96603078 6.5
-2.5920193 -1.6554585 0.94842118 6
-2.2426832 -1.6502587 0.94414139 24.666666
-2.1429005 -1.6589416 0.95382738 37.666668
-2.0598645 -1.664712 0.92870361 82.666664
-1.822209 -1.6638309 0.99543989 94
-1.7600541 -1.6521347 0.95134997 75
-1.6958532 -1.6690416 0.9472807 68.666664
-0.77361059 -1.6543019 0.93603319 93
-0.67752928 -1.6506014 0.93415231 99.5
-0.54376972 -1.6511917 0.93982202 96.25
-0.42836368 -1.6515819 0.93480742 95.75
-0.39061329 -1.647841 0.94084477 96.5
-0.060520649 -1.6165769 0.95279223 72
0.082011282 -1.6150317 0.97431344 81
0.11381697 -1.6199076 0.92519927 79.5
0.30829391 -1.6317164 0.97652578 35
1.8867183 -1.5932264 0.93499357 92
1.9871027 -1.5592685 0.93527502 77
2.060127 -1.5674468 0.94912988 82.333336
1.5189099 -1.4173173 0.95888102 1.5
23.954714 0.34895372 0.98062325 70
23.661182 0.70712543 0.93514717 150
-7.0533586 1.4538774 0.94430333 8
-3.653877 1.4229314 0.98262793 42
-3.4541893 1.4257301 0.9165433 42
-2.8123577 1.4317057 0.97165662 67
-2.7599998 1.4786806 0.94371051 80
-1.987259 1.4997889 0.92574489 37
-0.93957168 1.4705133 0.95221794 76.75
-0.68231082 1.472926 0.95398051 82.75
-0.46797127 1.4744042 0.94977772 89.75
-0.30387026 1.473435 0.94108069 87.75
-0.21506393 1.4683831 0.97011542 70.25
0.088422023 1.4872181 0.9680168 71
0.13306242 1.4892377 0.94832802 75.666664
-2.6782351 1.5036544 0.90580267 35
-1.9302682 1.5188156 0.97684324 12
-1.8544775 1.5113331 0.95784581 21.6
-1.7660621 1.5067422 0.95485765 54
-1.4818361 1.5335041 0.98738289 16
0.21902622 1.5276603 0.95902634 80
1.7662916 1.5498471 0.95941585 61
1.8617742 1.5100019 0.94690359 64
1.9371322 1.5117737 0.95754838 59.75
2.1451988 1.5445441 0.97194427 64
2.2509246 1.5052681 0.94459254 54.714287
2.4107592 1.5500582 0.95011997 75
2.6584299 1.5612541 0.92145008 68
2.7420771 1.5572667 0.97161549 68
4.8199558 1.5849776 0.91961706 9
9.1294594 1.6499276 0.90083694 27
2.2796793 -3.6061485 1.0895181 10
2.2374952 -3.5970714 1.0653017 3
2.9218838 -3.5334361 1.0784698 7
3.260318 -2.2361529 1.0714915 0
-11.421947 -1.8121887 1.0879282 17
-9.724822 -1.8615215 1.0990781 12
-4.9399228 -1.7095376 1.0871092 31
-4.6440449 -1.7359397 1.0449166 78.5
-1.6572964 -1.7116373 1.0277269 63.5
-2.8755875 -1.6644559 1.0071959 19
-2.7380311 -1.6492159 1.0264159 0
-2.3235025 -1.6591702 1.0604445 30
-2.249723 -1.6639068 1.037101 74.5
-2.1662066 -1.6583431 1.0209178 40.5
-1.937127 -1.6631377 1.0933194 80.5
-1.8490332 -1.6582402 1.045236 62
-1.7334322 -1.6499804 1.0467516 49
-1.6878531 -1.6802933 1.0320476 80.5
-0.7910592 -1.6547561 1.0308089 87
-0.68481338 -1.6494465 1.030387 90.5
-0.55093181 -1.6468599 1.0330544 91.25
-0.43264925 -1.6490096 1.0293207 92.25
-0.39415979 -1.6447668 1.0354292 97
-0.14202763 -1.6184791 1.0709487 23.666666
-0.099420302 -1.6163027 1.0270503 54
0.040211041 -1.6145537 1.0661529 74
0.27294588 -1.6266532 1.0642333 78.5
1.8856684 -1.62769 1.0476185 77
2.1579032 -1.562694 1.0448712 81
2.2445109 -1.5677941 1.060975 84
23.861244 -1.5027461 1.0651015 100
1.5123041 -1.4251971 1.0167171 5
23.860083 -1.1287743 1.05897 93
23.831301 -0.75578696 1.0466968 123
23.942501 -0.38692409 1.0318851 81
-7.9553108 -0.033207953 1.0598186 1
23.888157 -0.016931711 1.0070928 102
-7.7706451 0.12760006 1.043141 14
-7.5838866 0.75639778 1.0355501 1
-7.4879999 0.90528929 1.0224195 53
-7.4484386 1.0583436 1.0150951 53
-7.4443774 1.216326 1.0099052 93
-7.7888064 1.4446837 1.0539861 52
-3.8735571 1.4191524 1.0547392 40
-3.0948467 1.4237781 1.094383 52
-2.95208 1.4307425 1.0325933 62
-1.8083562 1.4993218 1.0926647 48
-0.95766479 1.472036 1.043613 63.666668
-0.70904052 1.4697635 1.0487752 58.5
-0.68897247 1.4713151 1.0549181 69
-0.47795939 1.4737529 1.0480299 76.75
-0.31030613 1.4731449 1.0508193 79.800003
-0.21841788 1.4657121 1.0669973 55
0.05807611 1.4871542 1.0586797 28.857143
0.15283769 1.4892119 1.0419019 47.666668
1.911046 1.4986397 1.0449147 62
2.1715486 1.4992007 1.0184157 55.5
-1.9107788 1.5104256 1.0522902 7.5
-1.5226943 1.5249279 1.0417321 48
-1.4586611 1.523065 1.051069 59.333332
-1.3367748 1.5325688 1.0291725 32.333332
-1.2681479 1.5282842 1.0670496 41
0.24270742 1.5386146 1.0456147 56
1.04568 1.5220079 1.0862929 26.5
1.8284361 1.5223545 1.0416797 65
1.9399542 1.5138773 1.0379504 62.666668
2.0535142 1.5373505 1.0735302 74
2.1478286 1.5023628 1.0774386 53.5
2.2540143 1.517411 1.0531317 60.200001
2.4892159 1.5491902 1.0072045 73
2.5762031 1.5513343 1.0684317 70
2.8485465 1.5672823 1.0326923 59
2.9464827 1.5652966 1.0910931 65
8.1485844 1.6646497 1.088567 44
9.9276209 1.6301115 1.02692 28
2.1992362 -3.5908575 1.1423585 9
-5.2600107 -1.7094885 1.1753284 28
-4.7566142 -1.7011606 1.1346838 46
-2.552896 -1.6747011 1.1779761 61
-2.4477673 -1.6708758 1.1554992 66.5
-2.3441072 -1.6621135 1.1272289 79
-2.0508385 -1.6708866 1.1499671 73
-1.9813544 -1.6603874 1.1476022 84
-1.8491566 -1.6619885 1.1385026 42
-1.7457187 -1.652195 1.1214283 45
-0.81243032 -1.6627069 1.1352625 40
-0.64897102 -1.6473043 1.1322318 69.75
-0.51276934 -1.6487153 1.1346028 90
-0.43765551 -1.6501817 1.1313031 78.75
-0.39631343 -1.645209 1.1369619 78
-0.15417989 -1.6137695 1.1305908 0.5
-0.015066752 -1.6112795 1.1654441 17
0.0082680788 -1.6142094 1.1479911 50
0.23295936 -1.6142519 1.1590152 71.25
1.8695426 -1.6259693 1.1624049 78.25
1.8986409 -1.573579 1.179068 86
2.2620487 -1.5579969 1.148297 82
2.3214915 -1.5646691 1.1166688 74
2.4027445 -1.5595378 1.175141 73
-3.2611787 1.4208188 1.1659 58
-2.8422074 1.4326799 1.1859601 53
-2.7577143 1.4656153 1.1432385 86
-2.6732223 1.4965509 1.1005186 50
-0.96779102 1.4668841 1.1269773 5
-0.71251678 1.4678794 1.146868 16
-0.4862816 1.4706312 1.1346054 38.333332
-0.31622431 1.468914 1.154138 36.666668
-0.22127962 1.4657742 1.1613983 23
0.051435374 1.4898113 1.1314805 4
0.17296834 1.491942 1.1367306 19.333334
1.8870312 1.4997984 1.1771159 56
-1.8919176 1.5042999 1.1494389 59
-1.5622523 1.5203772 1.120294 37.5
-1.3420994 1.5281676 1.1155459 0
-1.294389 1.5233537 1.1434548 1
-1.0131593 1.5161738 1.1337872 8.5
0.21101622 1.5296482 1.1063814 69
1.0165799 1.5106194 1.1577251 62.5
1.7857722 1.5291971 1.1510726 20.333334
1.8548732 1.5138236 1.1327016 56.5
1.9527518 1.5457087 1.1305164 68
2.11923 1.5134369 1.1477658 61
2.2241845 1.5097767 1.1600052 53.666668
2.3291063 1.5561965 1.110491 70
2.404402 1.5552589 1.1678644 64
2.6639254 1.5494816 1.1317757 55
3.0622911 1.5692072 1.1580347 54
4.7811761 1.6397181 1.1795311 93
5.6080327 1.6565886 1.1524341 3
-10.715243 -1.8324487 1.2490231 61
-12.724943 -1.7785989 1.2358783 4
-5.6513219 -1.7204365 1.2812486 23
-5.1023231 -1.7148235 1.2446017 27
-0.83959669 -1.7061595 1.2427033 3
-2.6757455 -1.6827177 1.2478631 67
-2.5594282 -1.6730151 1.2638669 68
-2.2234299 -1.6699295 1.2659959 73
-2.1387057 -1.6666217 1.2361617 76
-2.0577595 -1.660363 1.2042488 77
-1.9550296 -1.6601117 1.255294 78
-0.70306492 -1.6501071 1.2400863 31
-0.61742318 -1.6452777 1.2386918 6.5
-0.51673192 -1.6430819 1.2381859 35
-0.43371516 -1.6481028 1.2446266 22.4
-0.39873195 -1.6421515 1.2145782 40
-0.020406792 -1.6221554 1.2085611 3
0.19942516 -1.6082996 1.2293651 27
0.20286685 -1.6114482 1.2450504 51
1.0927469 -1.611402 1.254982 17.5
1.1042997 -1.6160854 1.2654734 10
1.8575698 -1.6420591 1.2399666 66.5
1.9372019 -1.5686555 1.2399505 72.666664
2.0273569 -1.5651686 1.2933512 83
2.3358879 -1.553937 1.2056878 78
2.4097011 -1.5438778 1.2616602 59
-3.436933 1.4148608 1.2413205 58
-2.9944725 1.4327925 1.260317 49
-0.32153904 1.4658531 1.2321411 8
-0.22543535 1.4588091 1.2458692 0
-1.9721426 1.5012788 1.2040037 14
-1.8729352 1.5086098 1.2681373 53
-1.7773231 1.5144414 1.2545394 42
0.99544984 1.5402927 1.2844269 11
1.0038694 1.5282212 1.2319578 40
1.7869383 1.543763 1.2428641 37
1.8720248 1.5185802 1.2427994 62.599998
1.9403183 1.5405041 1.275165 66
2.0765707 1.5158432 1.23799 57.75
2.1701205 1.536665 1.2560574 66.333336
2.2265322 1.5221893 1.2478465 59.666668
2.4925728 1.5613306 1.23349 70
2.5771728 1.5583994 1.2970653 71
2.7758367 1.5606651 1.2089751 51
2.8820691 1.5618412 1.2834194 55
3.9244361 1.571038 1.2888789 33
3.8964384 1.6439941 1.2559059 20
5.8560586 1.6236471 1.2406648 24
9.0182133 1.7039114 1.2399442 77
11.968143 1.772544 1.2960173 28
2.1673124 -3.5757015 1.376722 11
-6.0415344 -1.7133762 1.3887665 18
-5.4688506 -1.7174668 1.3610853 22
-3.909575 -1.7581341 1.3864967 12
-3.7133625 -1.7572016 1.3021431 35
-3.6606071 -1.7689136 1.3792853 4
-2.795274 -1.6817341 1.31552 62
-2.6786201 -1.6789609 1.3392237 72
-2.3235991 -1.6749541 1.3338457 67
-2.2364097 -1.667307 1.3346705 70
-2.0782146 -1.6626005 1.350844 77
-0.41599447 -1.6398635 1.3167285 2
-0.32526839 -1.6148012 1.3347429 3
-0.28537196 -1.6256748 1.3743622 12.5
0.17997994 -1.610311 1.300597 11
1.0810304 -1.6090642 1.344367 59.75
1.8465836 -1.6440237 1.3297429 51
2.0553946 -1.561049 1.3615515 79
2.1024454 -1.5669302 1.3595626 69
-5.7027688 1.3849385 1.3475878 35
-5.564261 1.4718994 1.3025359 21
-4.7483397 1.4140248 1.3345901 15
-3.63625 1.4099076 1.3264771 53
-3.1514616 1.4259088 1.336604 46
-2.7681122 1.4427171 1.3718436 91
-2.6957412 1.482726 1.3307295 48
-1.9163147 1.4972702 1.3596535 54
-0.51618075 1.4718192 1.3790027 3
-0.12543309 1.487327 1.3534514 39
-0.077759527 1.4884876 1.3577328 28
0.042849731 1.4866788 1.3330452 13
-1.9560467 1.5086333 1.3292089 13
-1.8306562 1.502363 1.3214431 51.5
0.21500723 1.5323721 1.3937771 2
1.8642268 1.5230913 1.3526472 63.333332
1.9661615 1.5543652 1.3856297 79
2.044663 1.5141376 1.3429772 59.25
2.1881397 1.5227263 1.355366 56.25
2.3453183 1.5481592 1.3329139 78
2.6782448 1.5644813 1.3723633 65
2.9947233 1.5610287 1.3627422 66
6.3171701 1.6399971 1.3800877 26
9.8177404 1.6992452 1.3855889 14
2.2388661 -3.5454569 1.4450017 1
-11.699265 -1.7613779 1.4030979 2
-4.1362929 -1.7620692 1.4827224 33
-3.8175566 -1.7498025 1.4591646 38
-3.0234756 -1.7437751 1.4400989 39
-2.8016322 -1.679834 1.4167457 68
-2.5403907 -1.6799794 1.4814377 70
-2.4334455 -1.6736124 1.4438992 68
-2.3364358 -1.6692756 1.408172 77
-2.2727239 -1.6717308 1.486852 83.5
-2.1710963 -1.6642261 1.4103503 96
-2.0642834 -1.6697192 1.4954207 4
-1.2044138 -1.6911757 1.4894052 0
-0.64570194 -1.6631788 1.4569889 3
-0.34867293 -1.6161797 1.4436395 25.4
-0.14357722 -1.6250422 1.4483343 12.5
1.0644276 -1.6103212 1.4507662 64.25
1.8502163 -1.6374732 1.4435695 55.333332
2.1698012 -1.5580214 1.4424081 71
2.2526033 -1.5534552 1.4919443 75
-13.650034 1.2164258 1.4059368 24
-6.1866975 1.3729906 1.4770315 12
-3.855247 1.4039586 1.4199828 47
-3.3220642 1.4190351 1.4195004 48
-2.8787766 1.4217057 1.4348373 56
-2.613616 1.4921249 1.4911921 38
-2.3585773 1.4971865 1.4660343 32
-2.0471296 1.4932489 1.4573545 29.5
-1.9844919 1.4954525 1.4649831 55
-0.77702641 1.455685 1.4550697 30.666666
-0.52409309 1.4595937 1.4583845 29.333334
-0.33365834 1.4611032 1.4593755 25
-0.22918469 1.4610049 1.4543395 17.333334
-0.1439985 1.4828289 1.4300513 56.75
-0.024250517 1.4858023 1.4760445 59
0.022828309 1.4921452 1.4465324 34
0.18113273 1.4935637 1.4729242 42
2.0224695 1.4989256 1.4817135 48
-2.4704418 1.5098454 1.4856795 6
-2.2846348 1.50876 1.4918458 7
-2.1565969 1.5124542 1.4603112 18
-1.910491 1.5082204 1.4511161 28.5
-1.8677078 1.509919 1.4256529 3
-1.7970228 1.5191507 1.4663111 3
-1.4625591 1.5119689 1.4809859 7.5
-1.109938 1.5164857 1.4680227 16
0.19970566 1.5064509 1.4263966 20
1.4795896 1.5297555 1.4870909 0
1.7094674 1.5165664 1.4908251 15
1.8660975 1.5071392 1.4591103 57.5
1.927415 1.5498141 1.4542707 82.666664
2.0472162 1.5295697 1.4336751 59.25
2.1651819 1.5226474 1.4590701 60.666668
2.2699378 1.5598074 1.4167213 73
2.3490076 1.559952 1.4889038 72
2.4261405 1.5463842 1.404741 74
2.5226672 1.5516493 1.4890902 80
2.782171 1.5665644 1.4490287 65
3.076082 1.5351704 1.4240578 1
5.6215496 1.6361371 1.4747175 14
13.077922 1.7108005 1.4714893 1
-15.814941 -1.9126581 1.5651307 49
-6.6423612 -1.7473083 1.5485737 19
-5.9128504 -1.7280372 1.5000263 25
-4.2671337 -1.7150102 1.5424285 31
-3.9736686 -1.7226926 1.5384865 44
-3.1360896 -1.721787 1.5055114 60
-2.9927931 -1.7167436 1.5337743 58
-3.2129438 -1.6757927 1.5506516 14
-3.0486364 -1.6617154 1.5743397 8
-2.6721716 -1.6727483 1.5801207 36
-2.5498235 -1.6712096 1.5640137 68
-2.4842348 -1.6717989 1.5934304 15
-2.3785219 -1.6757352 1.5679209 69
-2.0970364 -1.6666168 1.556674 13
-1.9297434 -1.6765641 1.5887722 15
-1.6209435 -1.6763897 1.5597186 26.5
-1.221036 -1.6661386 1.5646615 39
-0.90035182 -1.6660225 1.5724518 47
-0.88601285 -1.6630533 1.5055044 21
-0.73848188 -1.667529 1.5958308 15
-0.65663421 -1.659636 1.5508684 35.5
-0.53225774 -1.6611266 1.5913315 19
-0.44417647 -1.6513437 1.5546303 20.666666
-0.3781085 -1.6174852 1.5539888 48.666668
-0.2127237 -1.6170822 1.5731503 68
-0.17991392 -1.6156121 1.5324141 48.333332
0.077629805 -1.6131141 1.5366755 13
0.72317886 -1.615382 1.53302 9
1.0503739 -1.6056385 1.5455867 38.666668
1.3650204 -1.6248623 1.551096 50.666668
1.4037304 -1.6388193 1.5206501 73
1.5926945 -1.6092401 1.5704999 46
1.6594826 -1.6305478 1.5417173 63
1.7317691 -1.6189847 1.5287638 30.5
1.8532089 -1.6338878 1.5212541 68.333336
0.71049899 -1.5973972 1.5575094 0
1.0381246 -1.599365 1.5963457 7
1.3767817 -1.5972002 1.5649534 36
1.7806429 -1.5920296 1.5650339 80.333336
1.8974471 -1.569333 1.5049515 90
1.9437264 -1.563363 1.5595428 72.5
2.2396622 -1.5512061 1.5298476 76
2.3344436 -1.5499653 1.5662698 77
-5.5719948 1.4068426 1.5938363 33
-4.1563144 1.4170218 1.5454397 40
-3.531554 1.4191889 1.5197294 48
-3.0316141 1.4166902 1.5211022 59
-2.733686 1.4811845 1.5670992 77
-2.532845 1.4669425 1.5667198 15.2
-2.4646072 1.4891586 1.5377758 45
-2.3213439 1.4509355 1.5780628 26
-2.2465625 1.4719052 1.5636663 43.25
-2.1499853 1.465344 1.561053 73.5
-2.0775807 1.4954584 1.5363363 48
-1.9392866 1.4500889 1.578054 40
-1.8471855 1.490406 1.5752779 43
-1.5283891 1.4713223 1.5690725 43
-1.4494661 1.4537312 1.5770379 56
-1.1209216 1.4839151 1.5740514 63
-0.80121702 1.4557265 1.546744 77
-0.78179646 1.4510298 1.5408762 50
-0.53396475 1.4583174 1.5522947 56.333332
-0.33893555 1.4556832 1.5555714 73
-0.23460142 1.4682292 1.5529763 52.799999
-0.16627002 1.4829607 1.5311291 61
-0.030661888 1.4848704 1.5400767 53.5
0.1465344 1.4917769 1.5616121 62.5
0.23497446 1.4949294 1.5713209 27
1.2837641 1.4933654 1.5808595 8
-2.5251093 1.5105062 1.5048081 6
-2.3378713 1.5058873 1.560443 17
-2.2123108 1.5083965 1.5173137 10
-1.9583322 1.5110676 1.5662894 21
-1.8343023 1.5183033 1.5331956 13
-1.5221671 1.507308 1.5324639 21
-1.4544115 1.5017029 1.5544195 27
-1.1303598 1.5106471 1.5333723 38
-1.0938133 1.5110683 1.5249083 13
0.41833335 1.517035 1.5428143 18
0.9364785 1.5476413 1.5310389 4
1.2960191 1.5032945 1.5412647 24
1.3128723 1.5202285 1.5082866 7
1.462535 1.5079141 1.5349797 36
1.6921234 1.5061853 1.5457233 42
1.8671801 1.5122448 1.5456493 56.5
1.9689516 1.5512071 1.520111 73
2.0258632 1.5263504 1.5606896 61.25
2.151073 1.5215701 1.5369923 54
2.2208769 1.5497032 1.5647292 70
2.4366837 1.5611106 1.5680071 65
2.6206295 1.5539194 1.5748408 70
2.8939862 1.5696539 1.5319188 62
3.3196599 1.5985538 1.5796173 39
3.7380078 1.6452613 1.535185 1
3.8409765 1.6112679 1.5984585 96
4.5235128 1.6476127 1.5674269 6
5.9711533 1.6338917 1.5956552 24
6.9923854 1.6945016 1.5738246 7
-13.626572 -1.7713071 1.6808316 14
-2.7674918 -1.6781682 1.6621634 37
-2.6743035 -1.6761711 1.6549236 63
-2.53527 -1.6747059 1.6722907 27
-2.4873776 -1.6772389 1.6516159 68.5
-2.1614313 -1.6714504 1.6617233 27
-1.956638 -1.6675339 1.6556798 31
-1.6649914 -1.6768171 1.6605633 52
-1.4234246 -1.6730887 1.6316919 30
-1.2568529 -1.6730934 1.6732805 77
-1.0394735 -1.6601791 1.6362413 33
-0.9136979 -1.663991 1.6394907 66
-0.74334484 -1.6574317 1.656624 48
-0.66941559 -1.6600897 1.6536139 68
-0.53432471 -1.6540464 1.6544117 51
-0.43936729 -1.6423115 1.6531248 52.599998
-0.24101534 -1.6179032 1.6533837 75
0.039181281 -1.609493 1.6461816 46
-0.46003002 -1.5939652 1.6877241 6
1.8187563 -1.5646205 1.6169941 49.5
1.9887798 -1.5554731 1.613982 75
2.0500965 -1.5579793 1.669589 79.5
2.3215387 -1.5460553 1.6033875 80
2.4099138 -1.5418894 1.6845956 47
-6.6816902 1.3410507 1.6115679 1
-3.7546585 1.414353 1.6265713 7
-3.1941564 1.4086732 1.6126409 60
-2.9482553 1.42629 1.6995956 54
-2.794565 1.430215 1.6038272 63
-2.3587961 1.428746 1.6177183 8
-1.8709521 1.4500685 1.6430106 26.5
-1.5480448 1.4493414 1.6215684 5
-1.4705397 1.4388587 1.6343024 1
-1.1254253 1.4474776 1.6103287 37
-0.8190887 1.4476867 1.6617149 70.666664
-0.79499733 1.445058 1.6059284 76
-0.54499429 1.4540944 1.6431224 78
-0.34274545 1.4540396 1.6475576 87.666664
-0.24904783 1.4720861 1.6536242 63.666668
-0.11532249 1.4839689 1.6685388 58
-0.065361612 1.4859301 1.6274945 58.666668
0.1106597 1.4879973 1.6530192 62
1.8717999 1.5188591 1.6388 33.5
1.9998217 1.5013764 1.6847522 31
2.0073991 1.5027373 1.6224358 37.5
2.1437483 1.5361586 1.6414684 60.400002
2.2584317 1.5593368 1.6891116 70
2.3091118 1.555077 1.6547182 78
2.5372806 1.567292 1.6581928 65
2.7318208 1.5601206 1.6712811 73
3.022994 1.5767571 1.6272303 59
4.5934315 1.5746964 1.6190463 12
11.137712 1.7521174 1.6111259 150
18.5019 -9.2541151 1.7857144 32
-4.8287225 -1.7160608 1.7787387 34
-4.6515856 -1.7631247 1.7001132 3
-2.8082335 -1.6811296 1.7532964 65
-2.7968631 -1.6700952 1.7423137 24
-2.6256495 -1.6869321 1.7403518 58
-2.5884914 -1.6745849 1.7498858 44.5
-2.224926 -1.6712794 1.7678511 38
-1.9990414 -1.6734972 1.7393115 40
-1.7250638 -1.6707163 1.7985744 68
-1.6921214 -1.6717687 1.7253191 65
-1.4562798 -1.6703141 1.7430278 71
-1.2831591 -1.6790621 1.7501523 79
-1.0621898 -1.6644474 1.7515876 91
-0.9381389 -1.6664408 1.7496786 83.5
-0.75175691 -1.6603069 1.7331692 60
-0.67950124 -1.6620563 1.7279899 71
-0.53894019 -1.6599442 1.7333373 60
-0.44415891 -1.6570746 1.7276349 78.333336
-0.27945188 -1.6203501 1.7331157 76.5
-0.003520587 -1.6055765 1.755427 61
1.931752 -1.5735694 1.7446861 62
2.1244383 -1.5506996 1.7458626 76.5
-16.779762 1.1753768 1.7458197 3
-6.0365844 1.3873026 1.737975 20
-3.3891535 1.4056529 1.7221985 52
-2.7762797 1.4250746 1.7463802 65
-0.8368504 1.4441693 1.7620287 67
-0.55861592 1.4517136 1.7583526 74
-0.34901237 1.4595281 1.7519593 68
-0.25386491 1.4608192 1.749598 67.666664
-0.12823832 1.4860142 1.7433274 54.5
0.070644505 1.489254 1.7590469 63
0.16147287 1.4890286 1.7609346 66
0.18417627 1.5039945 1.7086132 12
1.8751185 1.5204699 1.7335613 17.5
1.9970567 1.5035205 1.753237 21
2.1729145 1.5270975 1.7484232 44.400002
2.3745272 1.5625981 1.766325 65
2.6429133 1.5714825 1.7532448 63
2.8519304 1.564445 1.7758533 66
6.3859715 1.6345942 1.7358618 22
15.308401 1.7402887 1.7855002 3
-18.841789 -1.9216664 1.8948025 3
-2.8677163 -1.6798716 1.8262913 30
-2.741611 -1.6847488 1.8462589 61
-2.6420217 -1.6765116 1.8376273 35
-2.273268 -1.6741557 1.845753 37
-2.0404496 -1.6744604 1.8230273 53
-1.7638183 -1.6746598 1.8803297 66
-1.4798971 -1.6691208 1.8211058 85
-1.3061078 -1.6770308 1.8233187 70
-1.0780495 -1.6652855 1.8324307 86
-0.96342534 -1.6708859 1.8688278 85
-0.74366832 -1.6680622 1.8688922 94.666664
-0.69093889 -1.6720155 1.8133321 92
-0.51823789 -1.6625696 1.8334233 80.666664
-0.41976619 -1.6607963 1.8356767 84.666664
-0.33595511 -1.621837 1.8432684 62.333332
-0.036380827 -1.6124408 1.8422393 73.5
2.0273786 -1.5521169 1.8484957 69
2.1958077 -1.5530314 1.810457 69
2.2182825 -1.5407398 1.8512746 76
-3.6100771 1.4044275 1.8445363 56
-3.1111176 1.4193702 1.8014389 54
-2.920887 1.4160376 1.8449873 54
-2.8469846 1.4345444 1.8961033 40
-2.7764502 1.4412057 1.8450969 42
-0.85471249 1.4437898 1.846174 65
-0.57326221 1.4473367 1.8790145 70
-0.35238937 1.462319 1.8598636 60.333332
-0.23670954 1.4478623 1.8674669 65.5
-0.16320267 1.4835653 1.8158255 51
0.028501218 1.487522 1.8696057 57
0.13330342 1.4880744 1.8316897 62
1.989059 1.4987609 1.8669655 7
1.8724833 1.5130724 1.8233569 5
1.9938561 1.5026671 1.8226302 14
2.1643779 1.5069491 1.8597494 11.5
2.2723954 1.5563115 1.8458076 68.5
2.4693902 1.5639613 1.8645937 69
2.7521679 1.573682 1.8531872 67
2.9749093 1.5637786 1.883227 68
12.279227 1.7351581 1.8141605 16
20.196444 -9.1459665 1.924798 14
-5.1909738 -1.7249691 1.929618 30
-4.726171 -1.7050655 1.9041443 45
-3.854135 -1.7148898 1.9083968 28
-3.6704793 -1.7164211 1.9610251 35
-3.2773776 -1.7031633 1.9802701 70
-3.6953626 -1.6786551 1.9759445 31
-3.5545504 -1.67617 1.9945627 31
-3.3155584 -1.6764092 1.9498532 3
-3.1199999 -1.6930336 1.9815414 15
-2.9407771 -1.6836902 1.9464864 45
-2.8668156 -1.6815331 1.9617612 74
-2.6998174 -1.6764101 1.9249274 37
-2.324966 -1.6760269 1.9273599 42
-2.0808618 -1.672424 1.9068282 56
-1.8060231 -1.6806011 1.9667865 58
-1.5199544 -1.6662815 1.9483705 81
-1.3460939 -1.6769817 1.9440976 72
-1.0963839 -1.6671118 1.9180593 82
-0.98235029 -1.672848 1.9524174 72
-0.74533111 -1.6689183 1.9809041 86.5
-0.53672022 -1.6687371 1.9545584 89.666664
-0.41789541 -1.6678141 1.9586143 88.333336
-0.37340263 -1.6194566 1.9531504 36
-0.069882326 -1.615302 1.9304023 61.5
0.27441227 -1.6347885 1.9573395 74
0.63983119 -1.6191621 1.9678732 24.333334
1.6065761 -1.6144905 1.9645544 4
1.8200428 -1.6002541 1.9661671 4
2.1097581 -1.5512183 1.9402101 69.5
2.2854598 -1.5506419 1.9018335 67
2.343282 -1.5418978 1.9712598 64.5
-3.8511314 1.399389 1.9787474 46
-7.8222919 1.4091516 1.9088485 40
-6.856843 1.4231104 1.9913634 7
-5.2160954 1.4152426 1.9881428 20
-4.4708762 1.4668772 1.9685166 9
-3.3006601 1.416464 1.9209479 50
-3.0851989 1.4089941 1.9554998 54
-2.9375145 1.4327809 1.9884698 37
-2.8557713 1.4343199 1.9544604 42
-2.7610657 1.4335012 1.9517707 50
-2.6752303 1.4426991 1.9936304 54
-2.2300637 1.4445344 1.9983294 67
-1.6411591 1.4561373 1.9869709 25
-1.2789291 1.4807997 1.9972836 7
-0.87357408 1.4418945 1.9327776 61
-0.58350539 1.443424 1.964433 71
-0.36845279 1.4577094 1.9408852 51.666668
-0.23800924 1.4730828 1.9583938 60.599998
-0.18308306 1.4910812 1.9033663 62
-0.0043340116 1.4957364 1.9580085 72
0.071582168 1.4931802 1.9961085 70
0.10560617 1.4841208 1.9037794 59
0.2965748 1.501845 1.9647696 77
0.31017599 1.5437576 1.9379094 8
0.45721322 1.5397552 1.9438035 40
0.6557864 1.5201316 1.9639312 44.5
0.8411634 1.5222498 1.9671034 31
1.0471833 1.5235381 1.9645331 26
1.9922817 1.5008661 1.9205794 3
2.1742039 1.5099916 1.9630631 2.5
2.3623798 1.5577524 1.9462397 67.5
2.571785 1.5653529 1.9701771 67.5
2.8714437 1.5758954 1.9600278 59
3.4780478 1.5951165 1.9607608 57
3.8940427 1.6324874 1.9647714 15
4.5009685 1.6273156 1.9674021 41
8.1643839 1.676396 1.93211 6
7.1688027 1.7150067 1.98822 2
-5.5903702 -1.7298648 2.096904 24
-5.0972986 -1.7178026 2.0789921 30
-4.0671463 -1.7049187 2.0287249 48
-19.939192 -1.6599576 2.0325558 48
-3.8446975 -1.6963382 2.0728047 49
-3.7806923 -1.6784203 2.0667675 30
-3.6272078 -1.67091 2.0774035 32
-3.401448 -1.6802201 2.0477057 37
-3.0448139 -1.6855741 2.0719471 50.666668
-2.7716935 -1.6822965 2.0240548 39
-2.3777533 -1.6758965 2.0098672 39
-2.1565354 -1.6753626 2.0497904 55.5
-1.8460571 -1.6785419 2.05143 56
-1.5698171 -1.6713886 2.0937922 73
-1.3900914 -1.6789252 2.0755494 73
-1.1228218 -1.6658452 2.0511189 82
-1.002835 -1.6748077 2.0418861 79
-0.75611079 -1.6703234 2.0722897 76
-0.5366379 -1.6701586 2.0710921 82
-0.42119926 -1.6693208 2.0765758 81
-0.10426583 -1.6146622 2.0192466 62
0.24493259 -1.6075758 2.0408185 68.666664
0.62433898 -1.6065702 2.0592175 54.5
1.0048862 -1.6066139 2.0970361 9
2.1897285 -1.5483055 2.0300822 62
2.2003152 -1.5463086 2.0407181 61
2.4042702 -1.5332553 2.0446398 44
-19.947966 -1.2788807 2.0525782 55
-19.940113 -0.89780605 2.0686567 89
-19.446123 0.99047858 2.035084 77
-8.4012356 1.3362099 2.0637176 16
-4.6339946 1.4009998 2.0464907 33
-3.5254905 1.4175745 2.061424 52
-3.2781 1.4049443 2.0862286 51
-3.0323813 1.4290262 2.0844736 41
-2.9350324 1.4277818 2.0393322 46.5
-2.8650038 1.4081194 2.0679383 54
-2.7252908 1.4261783 2.0475833 49.5
-2.6329534 1.4347333 2.0907598 41
-2.5649009 1.4448029 2.0057201 50
-2.2865534 1.4306246 2.0817416 41
-2.1259878 1.4369664 2.0525031 50
-1.7751338 1.4404584 2.0514674 71
-1.6662123 1.4321905 2.0509527 76
-1.2689036 1.4415221 2.0564458 74.333336
-0.90726191 1.4477714 2.0429096 73
-0.88407177 1.4422668 2.0213337 82
-0.59539163 1.4435213 2.0617466 85.5
-0.36439785 1.4480934 2.0428967 90.5
-0.2465055 1.4623998 2.0607712 69.666664
-0.037161253 1.4969516 2.0464303 56
0.037515678 1.496238 2.0862062 61
0.41694784 1.499375 2.0525942 72
0.27522972 1.501104 2.0431182 68
0.6370424 1.507485 2.0606377 66
0.82116252 1.5073783 2.0600698 52
1.0401838 1.5198522 2.063379 46
2.4606512 1.5607378 2.0567923 64.5
2.7123365 1.5658013 2.0705864 61
3.0072625 1.5801406 2.0828435 52
3.1200349 1.5701706 2.0094082 64
4.0160494 1.5926986 2.0546286 41
3.661514 1.6022617 2.0961263 54
5.4525657 1.6655185 2.0150304 3
-8.7946825 -1.7650611 2.1201534 21
-4.3486505 -1.7149619 2.1851246 39
-3.4619119 -1.7032092 2.1054595 56
-3.8736129 -1.6771703 2.1639419 28
-3.7349524 -1.6795944 2.1822541 33
-3.4896815 -1.6810236 2.1493607 38
-3.2853343 -1.6889828 2.1031222 63
-3.135046 -1.6769572 2.1615252 39
-2.8375773 -1.6801544 2.1216826 43
-2.5015514 -1.6816025 2.1983168 36
-2.4385178 -1.6797516 2.1026919 35
-1.8929907 -1.6824783 2.1454778 58
-1.6060936 -1.6751199 2.1987863 73
-1.4218833 -1.6798857 2.1679742 72
-1.021143 -1.6717669 2.1295493 80
-0.76698476 -1.6692274 2.1646681 79.5
-0.54089546 -1.6715719 2.1676252 82
-0.42243516 -1.6712396 2.1728992 78
-0.13862219 -1.6115258 2.1103108 62.5
0.19836555 -1.6030757 2.1871216 63
0.24008717 -1.6086173 2.1056039 60
0.59917611 -1.6012369 2.1482 65
0.62359864 -1.6064973 2.1394408 58
0.99391228 -1.6025301 2.1223764 13
1.0023464 -1.6054899 2.1811724 21
0.98736465 -1.5962965 2.1976931 34
2.2878549 -1.543853 2.1400261 66
-7.3880959 1.3626364 2.1544297 16
-5.5520387 1.375313 2.129879 23
-4.1118751 1.3893486 2.1248884 41
-3.1202512 1.4241526 2.1751406 43.5
-3.0437727 1.4299031 2.1474736 43
-2.8437035 1.418777 2.1544652 46.5
-2.7129931 1.4289888 2.1869383 40
-2.3662281 1.4297383 2.189213 34
-1.8288499 1.4344909 2.1491683 49
-1.7121801 1.4282631 2.1450973 68
-1.3161007 1.4352794 2.1752954 64.5
-0.91614836 1.4391369 2.1251001 70
-0.60776031 1.4431285 2.1640339 78.5
-0.36883882 1.4456764 2.1409268 79
-0.23955657 1.4470936 2.1520107 71.5
0.0059880973 1.4892907 2.1686578 44
0.25181037 1.501385 2.1282232 63
0.38314104 1.5005125 2.1838167 62
0.62479562 1.5077816 2.1410251 56
0.80823207 1.5034806 2.1358986 59
1.0340488 1.5131105 2.1279483 52
1.2405659 1.5102568 2.1563694 22
1.4726995 1.5154233 2.1968584 14
2.5640304 1.5634909 2.1591687 62
2.6604831 1.5737805 2.107403 60
3.2787278 1.5745971 2.146033 62
4.7473931 1.6233325 2.1052456 39
5.7220721 1.6287878 2.1514823 24
7.5906973 1.6777136 2.1355114 21
14.106179 1.7636006 2.1276083 15
-17.86364 -1.9587905 2.2602439 3
-5.5031557 -1.7245141 2.2720208 24
-4.1048241 -1.7052287 2.2342677 44
-3.6725302 -1.7082611 2.2492106 48
-3.2417004 -1.7050318 2.2062047 57
-3.9804511 -1.6798981 2.2709384 31
-3.8291316 -1.67829 2.2812552 32
-3.5876682 -1.6838129 2.2591965 35
-3.4770699 -1.6919237 2.2446039 55
-3.2153969 -1.6905911 2.245635 46.5
-2.9163029 -1.6830288 2.2302454 40
-2.2437346 -1.6812946 2.2098174 45
-1.9391178 -1.6824113 2.2416058 56
-1.4597777 -1.6838431 2.2718782 61
-1.1548886 -1.6695421 2.2007217 84
-1.0432826 -1.6717234 2.2258921 74
-0.81013536 -1.6674278 2.2740428 77
-0.7485919 -1.6738133 2.2608633 77
-0.54589319 -1.6699809 2.2665975 83
-0.42331487 -1.6686578 2.2707601 83.5
-0.17571585 -1.6083698 2.2083821 52
0.17081252 -1.6027437 2.2879906 63
0.21500865 -1.6085308 2.2022369 60
0.61088097 -1.6033903 2.2286811 56
0.99894607 -1.6023623 2.2671103 38
0.58384746 -1.5959274 2.2326746 59
0.97996837 -1.5880574 2.2748153 49
1.3677511 -1.5988996 2.278614 4
2.385715 -1.5383797 2.2495127 61
-15.94978 1.2913288 2.2216065 69
-5.0260015 1.3952866 2.2315145 26
-3.7528236 1.4076867 2.2035627 44
-3.4987562 1.4018881 2.2366216 56
-3.1507521 1.4282241 2.2543621 40
-3.0333593 1.408308 2.2339215 53
-2.9468327 1.4252527 2.2960069 38
-2.8061624 1.4272733 2.2949646 41
-2.2251325 1.4337889 2.2025959 45
-1.8883294 1.4295262 2.2553995 47
-1.7652395 1.4263432 2.2506292 62
-1.3632295 1.4354436 2.2544563 64
-0.93926585 1.4362675 2.2298794 70.5
-0.62072277 1.4377339 2.2672763 75
-0.37454343 1.4447652 2.2468719 73
-0.24020097 1.4451796 2.2574399 70
0.22844847 1.4986743 2.2155743 38
0.36062878 1.4976052 2.2727926 60
0.61181259 1.5101014 2.2276862 57
0.7958976 1.5045921 2.2197618 56
1.0292947 1.5124857 2.2443962 56.5
1.2337368 1.5033627 2.2240417 34
1.4740404 1.5095716 2.2626052 22
2.5761423 1.5690658 2.2013171 60
2.6863406 1.5701184 2.2958996 60
2.7835796 1.5771973 2.2361839 60
2.8400345 1.5703458 2.2017574 62
3.1581612 1.5864121 2.2188306 57
3.8614295 1.6054178 2.2418122 44
4.2704558 1.6021127 2.2249615 43
5.0673437 1.6333548 2.2821105 33
9.1177034 1.7031132 2.2106373 13
-8.6182108 -1.7604318 2.3382041 18
-6.0906539 -1.7457423 2.3040276 26
-4.6645513 -1.7230083 2.3620403 38
-3.433892 -1.7070429 2.3513741 49
-3.3935139 -1.7014885 2.3724654 53
-4.1107006 -1.6885931 2.3929453 31
-3.9329872 -1.677966 2.3874259 34
-3.6964054 -1.6875885 2.3771229 34
-3.3201184 -1.6873876 2.3757222 39
-2.9985394 -1.6838969 2.3445213 39
-2.5674164 -1.6843174 2.3022079 37
-2.3045979 -1.6822476 2.3209467 45
-1.9967769 -1.6903373 2.3537371 56
-1.6413676 -1.6738528 2.3038664 69
-1.497206 -1.6877159 2.3798842 60
-1.1757567 -1.666338 2.3021696 81
-1.0712807 -1.6816721 2.3417754 66
-0.82301843 -1.6702448 2.386323 72
-0.7629025 -1.6767646 2.3689911 78
-0.55130208 -1.6713833 2.3750753 82
-0.42380765 -1.6700661 2.3802152 76.5
0.16643259 -1.6034209 2.3465519 50
0.59738225 -1.6002759 2.3241975 51
0.99750656 -1.6032224 2.3628597 48
0.56795859 -1.5965688 2.3301592 63
0.97721428 -1.5927441 2.375118 59
1.3710731 -1.5937476 2.3581643 14
-9.5132103 1.3133092 2.355423 16
-6.1025724 1.3734198 2.3572195 26
-4.4422474 1.3882967 2.3090019 40
-3.7302303 1.3918293 2.3942204 45
-4.0343399 1.4058245 2.3779793 41
-3.3084486 1.4200794 2.312598 55
-3.2576668 1.4200711 2.3438594 44.666668
-2.4503217 1.4258572 2.3013215 36
-2.2973006 1.4310194 2.3104713 45
-1.9547421 1.425565 2.3720677 51
-1.8183886 1.4204237 2.357162 61
-1.4030178 1.4287237 2.3641474 61
-1.3425055 1.4264213 2.3081272 72
-0.96209759 1.4273918 2.3316822 66.5
-0.63454622 1.4343498 2.3794739 70.5
-0.37960669 1.4373546 2.3513761 75
-0.24208291 1.4397686 2.3652639 69.5
0.33514264 1.4967073 2.3703194 65
0.59872216 1.5054042 2.3099034 55
0.78359997 1.500706 2.3058667 58
1.0242356 1.5098777 2.3662271 49
1.2309067 1.5040524 2.3517914 50.5
1.484008 1.5177748 2.3500094 31
1.6779311 1.5150907 2.3390095 5
1.9295967 1.5093963 2.3928506 4
2.6913884 1.5696088 2.331018 59
2.9483423 1.5782943 2.3604441 60.5
3.3313069 1.5967213 2.3735187 54
3.4652944 1.5850987 2.3070529 61
6.2373133 1.6512835 2.391356 27
8.2650023 1.6782227 2.3598995 18
15.411936 1.6715142 2.3648064 5
17.902454 -1.9154129 2.4791877 100
-9.9514999 -1.7919425 2.4239676 23
-4.385191 -1.710096 2.4103601 44
-3.9203329 -1.7163237 2.4165037 46
-3.6940939 -1.6968572 2.4040453 48
-3.4155092 -1.6880916 2.4865642 41
-3.0927775 -1.6867535 2.4697974 37
-2.6340399 -1.6811115 2.4045455 40
-2.3712239 -1.6841974 2.4406083 43
-2.0534449 -1.6932616 2.4659567 48
-1.6816864 -1.6745564 2.4195139 70
-1.5358449 -1.687665 2.4917538 65
-1.2034471 -1.6720928 2.4220626 73
-1.0955449 -1.6806229 2.44997 63
-0.77825743 -1.680711 2.4880695 72
-0.55667335 -1.6727659 2.4906394 70.5
-0.42803758 -1.6747205 2.4910452 71
0.16298674 -1.6073403 2.415664 32
0.99755955 -1.6050713 2.4670813 50
1.3787415 -1.6043302 2.4721859 23
0.56848264 -1.5961831 2.4272401 60
0.97391558 -1.5924413 2.4718411 60
1.3825142 -1.5927956 2.4446287 28
1.7207878 -1.5951718 2.4593253 5
1.8984354 -1.5900152 2.4936912 1
17.856306 -1.571442 2.4688895 109
17.858255 -1.2374622 2.4595518 72
-8.312789 1.3455484 2.4385405 17
-5.4882932 1.3896253 2.4498534 23
-3.524683 1.4121479 2.4714854 51
-3.3856382 1.4219036 2.455482 39.5
-3.2251434 1.4085386 2.4224882 57
-3.0588577 1.4224722 2.4166517 36
-2.9102855 1.4255822 2.4130416 43
-2.5444257 1.4229876 2.4245996 34
-2.3695574 1.4242517 2.4193532 44
-1.8799058 1.4185144 2.4779737 61
-1.4508895 1.4290586 2.4951432 53
-1.3809983 1.4204682 2.4180086 63
-1.0035816 1.4306493 2.4756718 58
-0.97743934 1.4234444 2.4344025 79
-0.38603318 1.4309514 2.4647903 71.5
-0.24323909 1.4353638 2.4811945 71.5
0.31051552 1.489807 2.4660466 43
0.58506423 1.5047561 2.405093 61
0.77202123 1.5048373 2.4067097 54
1.0232575 1.5161986 2.4651043 52
1.2301241 1.5077606 2.493813 50
1.4858925 1.5109309 2.419323 38
1.6843302 1.5137891 2.4578767 22.5
1.9438537 1.5114963 2.4711993 8
2.8195486 1.5715127 2.4616997 60
3.6483133 1.5835944 2.4660158 44
4.0935726 1.6135985 2.4102614 56
4.5519266 1.6095694 2.4119587 41
5.4294152 1.6423795 2.481576 24
-6.6851778 -1.7645969 2.5501246 32
-5.986239 -1.7331718 2.5005636 27
-5.0442424 -1.7380667 2.5730696 50
-4.1922817 -1.7233928 2.5998597 73
-3.9397392 -1.7037824 2.5836568 53
-3.6260233 -1.7082732 2.5257132 50
-4.2348881 -1.6902865 2.5144644 30
-4.0668626 -1.6875843 2.5150421 36
-3.8076622 -1.6873522 2.5008419 36
-2.7390509 -1.6742903 2.5641088 66
-2.446949 -1.6871426 2.572526 73
-2.1112962 -1.6931843 2.5800719 83
-2.0999691 -1.6241456 2.5981464 105
-1.7343853 -1.6861925 2.5591037 81
-1.231812 -1.6768346 2.5489204 75
-1.1243908 -1.6875668 2.5748122 78
-0.83638316 -1.6720538 2.5035787 79
-0.54957533 -1.6704998 2.5973163 114
-0.42158598 -1.6742113 2.509299 71
0.57176811 -1.6010171 2.5424976 45
1.3876209 -1.6021745 2.5695343 29
1.6689825 -1.6044939 2.5078132 5
0.53615177 -1.5967885 2.541678 55
0.98300701 -1.5945251 2.5688312 53.5
1.3886008 -1.5905893 2.5379794 40
1.7311355 -1.5890671 2.5435927 13
1.9175591 -1.5909719 2.5875607 6
0.46742415 -0.9299019 2.5727556 3
-18.5294 0.71108538 2.564075 77
-18.523819 1.1050797 2.5768821 85
-4.8017387 1.380239 2.5089295 39
-4.0258231 1.3937533 2.5944595 47
-3.4545915 1.3970325 2.5160322 53
-4.3642135 1.4049875 2.5844181 43
-3.5109079 1.4161885 2.54403 39
-3.4429822 1.4035556 2.5934129 66
-3.1881366 1.4207146 2.5508354 36
-3.0179384 1.4229069 2.5368257 41
-2.639612 1.4161196 2.5487916 40
-2.4552274 1.4205127 2.5430644 46
-2.0325954 1.425609 2.504801 44
-1.4271557 1.4185214 2.5452449 64
-1.0060549 1.4184963 2.5562558 68
-0.65044993 1.4324799 2.5025258 73
-0.38154113 1.431659 2.5770319 71
-0.24867842 1.4277822 2.5908833 82
0.5700435 1.5121715 2.5172865 56
0.76052272 1.5079737 2.5120251 57
1.0202994 1.5134928 2.5564578 49
1.2310823 1.5099094 2.5962212 61
1.4950168 1.5141369 2.5085509 44
1.5032963 1.5153461 2.5995958 49
1.6914978 1.5084983 2.5816479 32
1.957689 1.5115968 2.550457 15
2.0542922 1.5135469 2.5452285 4
2.2555211 1.5072966 2.5520146 0
3.0707884 1.5881675 2.5361905 57
3.1362858 1.5806022 2.5038421 56
3.5202787 1.6040603 2.5434957 51
10.307208 1.7320073 2.5567 16
-10.79492 -1.7178289 2.6508791 39
-9.7280617 -1.7723684 2.6776426 39
-4.7214069 -1.7189379 2.619843 62
-6.878449 -1.6525179 2.6369138 49
-6.3084693 -1.673942 2.6586075 52
-5.1394529 -1.6360692 2.630336 41
-4.7647471 -1.6069164 2.6557031 72
-4.3209338 -1.671029 2.6131973 61
-4.2273135 -1.6163985 2.6266496 77
-4.145401 -1.6672926 2.6073432 65
-4.0161557 -1.6207594 2.643872 75
-3.8943477 -1.6721452 2.6076169 65
-3.7639251 -1.6637788 2.633462 82.5
-3.5121691 -1.6857861 2.6002941 75
-3.4715588 -1.6077169 2.6057556 65
-3.1764517 -1.6495875 2.6120043 76
-2.4413595 -1.6241258 2.6121247 81
-1.7443522 -1.6400527 2.6213245 103
-1.5692577 -1.6451067 2.6066012 121
-1.2419726 -1.6406929 2.6232135 116
-1.1284419 -1.633543 2.6175914 124
-0.84711272 -1.6589392 2.6089005 114
-0.79304373 -1.6756603 2.6011708 117
-0.57307261 -1.6608322 2.6060708 118
-0.42567194 -1.6613792 2.6030498 120.5
1.6850104 -1.6043247 2.60414 11
-9.6621857 -1.5394135 2.6842971 39
-6.2620544 -1.5039679 2.6542001 56
-4.2634506 -1.5899714 2.6210561 59
-4.1919608 -1.5039395 2.6180942 57
-4.0473723 -1.534386 2.6255839 68
-3.8398371 -1.5871073 2.6152339 63
-3.7669449 -1.5332136 2.6279945 76.333336
-3.4351091 -1.5336462 2.6128597 68
-3.1132994 -1.524562 2.624382 85
-2.7276831 -1.5816557 2.6036162 85
-2.6955867 -1.5046089 2.6033826 90
-2.4074798 -1.5391244 2.615031 92
-2.0825505 -1.5501138 2.604733 104
-1.7222123 -1.5550877 2.6222699 101
-1.546851 -1.5275853 2.6081414 126
-1.226334 -1.5547239 2.6185343 116
-1.1181306 -1.5515373 2.6145048 118
-0.83579016 -1.541441 2.6178405 116.5
-0.78700829 -1.5611547 2.6117344 120
-0.55721462 -1.5511593 2.6145329 117
-0.42286748 -1.5461242 2.6137595 124.75
0.53224218 -1.5524032 2.6462321 92.5
0.9753682 -1.5531543 2.6503437 91
1.3824273 -1.5569392 2.6477442 80.5
1.6663113 -1.5401947 2.6548963 38.5
1.7359176 -1.5614387 2.6456623 42.5
1.8916687 -1.5060086 2.6482129 34
1.9194192 -1.5670121 2.6479204 28
-10.716075 -1.4747672 2.6439941 38
-6.8705263 -1.4884754 2.6431143 48
-5.1295714 -1.4990513 2.6307149 33
-4.7433448 -1.4709251 2.6534734 77
-4.2240572 -1.4963939 2.6279495 76
-4.1393666 -1.4268898 2.6245286 57
-3.9783635 -1.4301308 2.6124179 62
-3.7471473 -1.4305391 2.6298704 74
-3.39504 -1.4575948 2.6132565 65
-3.0649567 -1.4385575 2.6224692 82
-2.6644852 -1.4285632 2.6030593 99
-2.3812678 -1.4611202 2.6253033 83
-2.0550549 -1.4380686 2.6107211 100.5
-1.7047378 -1.4761021 2.6298099 110
-1.5340273 -1.4525716 2.6103094 107
-1.2133685 -1.4737393 2.6206384 118
-1.1090953 -1.4735307 2.6143124 123
-1.044559 -1.4134998 2.6361296 29
-0.9677574 -1.403645 2.6409752 45
-0.82556373 -1.42794 2.6276853 123
-0.74709672 -1.4305979 2.6293812 73.5
-0.55153632 -1.4286733 2.6059165 135.5
-0.42001745 -1.4253829 2.6083946 133
0.49434888 -1.4454117 2.6495278 82
0.53169817 -1.4408692 2.6495123 81
0.94161052 -1.4572016 2.6489441 88
1.3440338 -1.442554 2.6500781 80.333336
1.6649307 -1.4410038 2.6460466 65
1.8638563 -1.4460062 2.6462708 45
-9.5665884 -1.3034894 2.6796899 37
-6.8567858 -1.3234385 2.6454186 50
-6.2389693 -1.3449793 2.6580415 51
-5.1138659 -1.3610336 2.6272101 76
-4.7258291 -1.3399323 2.652622 71
-4.2158065 -1.3743881 2.6259236 72
-4.042428 -1.366812 2.6364331 69.5
-3.9251595 -1.3540876 2.6118908 59
-3.7581761 -1.3277782 2.6384463 76
-3.6717339 -1.3380339 2.6204345 62
-3.3377743 -1.3465898 2.6149912 69
-3.0163524 -1.3535571 2.617569 68
-2.6407163 -1.3565164 2.606087 89
-2.3470402 -1.3771209 2.6242259 91
-2.029453 -1.3310267 2.6155314 102
-1.6735425 -1.3536623 2.6260204 94
-1.5175128 -1.3435516 2.6158175 110
-1.2027864 -1.397745 2.6265395 112
-1.1458843 -1.3591458 2.6207936 117.5
-1.0639911 -1.3250065 2.6261215 86.5
-0.94576681 -1.3397521 2.634397 69
-0.81624007 -1.3439703 2.6153896 119
-0.74312317 -1.3485992 2.6251526 108.5
-0.68375099 -1.3198138 2.6346552 64
-0.54934347 -1.3606637 2.6201239 127.5
-0.41749236 -1.3548763 2.6191206 130.5
-0.34130734 -1.3291018 2.6412737 31.5
0.47755277 -1.3374422 2.6446223 48.5
0.51925039 -1.3688565 2.6523461 87
0.89605695 -1.3059096 2.6533732 88
0.92341453 -1.3484689 2.6525114 86
1.3133744 -1.353738 2.6515427 82.333336
1.5765052 -1.3220776 2.6458004 73
1.6265953 -1.3684508 2.648984 73.5
1.8266702 -1.3585012 2.6454697 64.5
-10.66633 -1.2397127 2.6422052 36
-5.1086941 -1.2300174 2.6295364 75
-4.7238746 -1.2129325 2.6608777 75
-4.2192068 -1.2593853 2.6316588 77
-4.024066 -1.2698228 2.6252341 61
-3.9886403 -1.2667679 2.6435037 73
-3.8556674 -1.244019 2.6142063 60.5
-3.7520535 -1.2157902 2.6374741 79
-3.6226704 -1.2590142 2.6215639 61
-3.2855756 -1.2395873 2.6172862 76
-2.9774957 -1.2745482 2.6208601 76
-2.6158593 -1.2854707 2.6082125 87
-2.5964346 -1.218419 2.6148679 88
-2.3194301 -1.2980759 2.6276524 88
-2.2892745 -1.2190765 2.6272249 87
-2.0112882 -1.2580025 2.6141512 95
-1.6481059 -1.2381982 2.6297278 90
-1.5019919 -1.2375324 2.6212337 118
-1.1799526 -1.2467706 2.6314728 108
-1.0580328 -1.248983 2.6308141 92
-0.93954003 -1.2557495 2.6362271 83
-0.80795133 -1.2399609 2.6295836 126.5
-0.74931711 -1.2576132 2.6285391 113
-0.68072248 -1.23782 2.6349134 97
-0.54398966 -1.2499186 2.6200275 128.5
-0.41499406 -1.2441165 2.6175427 127
-0.34394529 -1.2540944 2.6454482 95
0.058685884 -1.2158473 2.6345859 10.5
0.49858522 -1.2228488 2.6445153 58
0.5085665 -1.2978466 2.6538064 62
0.88047087 -1.2369479 2.6414931 97
0.90739608 -1.2377232 2.6515453 78
1.2807237 -1.2441177 2.648319 87
1.5485187 -1.2385244 2.6510615 77.5
1.6195626 -1.2672901 2.6465678 81
1.7816193 -1.2454945 2.6437557 81
-6.8427677 -1.1614056 2.6463437 49
-6.2175531 -1.1869891 2.6629875 55
-5.1076822 -1.1000015 2.6346366 76
-4.2095666 -1.1423782 2.6299155 79
-3.9601681 -1.156777 2.6326523 66
-3.762409 -1.1178493 2.630863 79
-3.5557232 -1.1444848 2.6246905 63
-3.2414858 -1.1370082 2.6229928 82
-2.9213088 -1.1570419 2.621098 73.5
-2.5745618 -1.150377 2.6167245 86
-2.2656164 -1.144075 2.6322565 90
-1.9904875 -1.1569614 2.6220312 112.5
-1.6320502 -1.1632231 2.6311116 96
-1.4896932 -1.1655226 2.6183314 108
-1.1658316 -1.1678087 2.6216373 121
-1.058643 -1.1531636 2.6279821 108
-0.92821223 -1.1554494 2.6373818 88
-0.75607342 -1.151388 2.632226 114.66666
-0.67678612 -1.1598248 2.6356058 85
-0.53968036 -1.1421731 2.6203351 136.5
-0.41141406 -1.138871 2.6225777 130
-0.34512234 -1.1511973 2.6454132 101.33334
0.051737681 -1.1503353 2.6477718 51
0.48931262 -1.1568352 2.649981 44
0.87472802 -1.1438199 2.6477449 88.75
1.2539555 -1.1425022 2.6520967 84.333336
1.5612558 -1.1558493 2.647145 89.666664
1.7412193 -1.1359882 2.6403484 76.5
-10.641524 -1.0136583 2.6463387 39
-9.4939785 -1.0773054 2.6790869 38
-6.1872454 -1.0280058 2.6632488 56
-4.709414 -1.0849389 2.6608505 75
-4.2104692 -1.0273747 2.6339877 77
-3.9786305 -1.0437719 2.6475873 82
-3.8809781 -1.0477327 2.6292105 61
-3.771251 -1.038496 2.6304722 71
-3.4991739 -1.0339506 2.6319306 64
-3.1839099 -1.0304698 2.6128404 70
-2.8681099 -1.0425369 2.6210797 82
-2.5442863 -1.049816 2.6197805 96
-2.2416978 -1.0700752 2.6342995 85
-1.9680401 -1.0549263 2.623033 109
-1.6107988 -1.0547493 2.6364388 102
-1.4760194 -1.0650055 2.6220694 112.5
-1.1533605 -1.0637914 2.6332195 120.5
-1.0394558 -1.0619891 2.6308794 100.5
-0.92317283 -1.0532459 2.6362009 96
-0.75225115 -1.064204 2.6313207 123
-0.68168068 -1.0337341 2.6403358 91
-0.53524882 -1.0406728 2.6271906 130.75
-0.40900502 -1.0487928 2.6230981 136.33333
-0.34499201 -1.0523633 2.6443634 102
0.041293342 -1.0597963 2.6431968 85
0.47641674 -1.0528357 2.6398168 14
0.85708034 -1.0528058 2.6491609 97.5
1.2275391 -1.0427195 2.6498804 90.75
1.4870026 -1.0439322 2.6499999 87
1.5337882 -1.0665016 2.6466815 84
1.7078598 -1.03248 2.6407752 88.5
-6.8334613 -0.99937147 2.6492147 48
-5.1001072 -0.9700079 2.6352377 77
-4.6893988 -0.95694733 2.6583445 76
-4.2072077 -0.91437012 2.6352921 83
-3.9666805 -0.93077534 2.6456256 84
-3.8368144 -0.9767102 2.6288939 65
-3.7511885 -0.95129216 2.634172 76
-3.6765583 -0.93087107 2.6194229 65
-3.4569054 -0.95994049 2.6304672 66
-3.1505878 -0.93439233 2.6211004 82
-2.8381295 -0.96953297 2.6226008 90
-2.5159082 -0.95125991 2.6216612 91
-2.2209413 -0.99707484 2.6380758 82
-2.197758 -0.92407662 2.6370451 90
-1.9505177 -0.95724165 2.6286919 108.5
-1.5890672 -0.94728649 2.6367912 107
-1.4606439 -0.93398368 2.628962 111.5
-1.137252 -0.9558084 2.6280665 120
-1.0420684 -0.96382874 2.6308508 118.66666
-0.94063646 -0.94589216 2.6400962 84.75
-0.77269763 -0.95620853 2.6316366 129.66667
-0.68043602 -0.93369299 2.6383555 94.5
-0.53034043 -0.93967581 2.6290698 137.5
-0.40534914 -0.95595527 2.6262991 134.66667
-0.34384948 -0.95362675 2.639533 102
0.046431914 -0.95824623 2.6410253 68
0.84177893 -0.96230638 2.6461709 102.25
1.1978211 -0.91479427 2.6514082 87
1.2086943 -0.95994914 2.6521559 101
1.4644617 -0.96290267 2.6473398 85
1.5216053 -0.94876158 2.6464286 89
1.6801499 -0.93197054 2.6432838 83.5
-9.4475203 -0.85533911 2.6853988 38
-6.8216577 -0.84033978 2.6504257 50
-6.157208 -0.87302393 2.6612935 54
-5.1010346 -0.84199536 2.6392305 75
-4.6829948 -0.83495039 2.662457 76
-4.2064447 -0.80136615 2.6382575 79
-3.960566 -0.81977725 2.6475322 81
-3.7340908 -0.86553836 2.64048 74.5
-3.6478741 -0.86582893 2.6237686 63
-3.4241264 -0.88892281 2.6341982 69
-3.3901761 -0.81790906 2.6360254 66
-3.1136448 -0.83733422 2.6226563 71
-2.8145614 -0.89952481 2.6285846 78
-2.7875693 -0.82852209 2.6298482 87
-2.5003719 -0.88721538 2.6269584 94
-2.4843783 -0.82318336 2.6272762 98
-2.1789935 -0.85407662 2.64065 88
-1.9292656 -0.85856211 2.6266537 91
-1.5734926 -0.84480119 2.6435924 100.5
-1.447449 -0.83547086 2.6271307 125
-1.1268717 -0.85631084 2.6364136 132.5
-1.0528703 -0.84951204 2.627363 126
-0.95375687 -0.8385396 2.6372027 79.5
-0.8952769 -0.84484887 2.6362271 88.5
-0.75733441 -0.85609454 2.6339767 133.33333
-0.67690676 -0.85919511 2.6388831 99
-0.5258401 -0.84267581 2.6351838 127.5
-0.40220606 -0.87085462 2.631763 134.5
-0.35517815 -0.84124678 2.6408362 116.6
0.031326387 -0.85682964 2.6384003 90.666664
0.82374883 -0.8462944 2.6454189 103.25
1.1856673 -0.84993982 2.6457307 103.25
1.4568352 -0.847161 2.645262 99.666664
1.5021888 -0.87275898 2.6417272 98
1.6560041 -0.83446103 2.645247 86
2.8336713 -0.81637746 2.6654892 14
-10.660237 -0.78960967 2.6591897 33
-6.1424532 -0.72103083 2.6670537 56
-5.0917001 -0.7139793 2.6387863 76
-4.6693692 -0.71095634 2.6629848 78
-3.9577856 -0.71277827 2.6516504 86
-3.7354009 -0.78504914 2.641175 78.666664
-3.6535201 -0.7506777 2.6291223 63
-3.5783024 -0.73378444 2.619489 67
-3.3592136 -0.74789727 2.6375916 67
-3.0780137 -0.74128449 2.622086 78.5
-2.7615733 -0.7575199 2.6310248 80
-2.4672959 -0.76015264 2.6266913 85
-2.1510408 -0.74907839 2.6425276 93.5
-1.9152429 -0.76452899 2.6318812 101.5
-1.5514894 -0.7383551 2.635937 110
-1.4378474 -0.74145627 2.6314921 112.5
-1.1145285 -0.75483328 2.6348999 127
-1.0455599 -0.7540043 2.6295092 129
-0.94841933 -0.76353765 2.6386204 80
-0.88608259 -0.73288274 2.6345856 81
-0.75889492 -0.7578854 2.6360652 133
-0.6725089 -0.75069886 2.6398039 93
-0.52107108 -0.74468225 2.6332855 141
-0.37645417 -0.75403607 2.6348891 127
0.038283572 -0.7599209 2.6398039 70
0.79557121 -0.74791718 2.6469169 108.5
0.82811022 -0.75063819 2.6527352 113
1.1700796 -0.76031476 2.6446073 101
1.4484344 -0.7552855 2.6462424 97.5
1.6331824 -0.73695493 2.6384487 91.5
2.8409581 -0.73846638 2.667027 120.5
3.0777335 -0.77597243 2.6691122 78
3.1063139 -0.70768106 2.6766171 104
-9.3805046 -0.63639581 2.6829176 37
-6.8129029 -0.68230867 2.6524739 49
-4.1998525 -0.68936074 2.6373465 89
-3.9487715 -0.60372436 2.6512566 81
-3.773849 -0.69008613 2.6401563 92
-3.6766586 -0.66001236 2.6409378 73.5
-3.5470397 -0.63922143 2.6284785 68
-3.3142672 -0.64496315 2.6378717 73.5
-3.0464542 -0.64723659 2.6221557 80
-2.7337341 -0.65551019 2.6398523 76.5
-2.4464722 -0.66710329 2.62889 92.5
-2.1284161 -0.64707893 2.647958 96
-1.8947018 -0.63999182 2.6316583 98
-1.5384098 -0.63986647 2.6425056 111
-1.4280578 -0.64844286 2.6338625 112
-1.1050018 -0.65733737 2.6416616 124.5
-1.0395266 -0.66049564 2.6345491 126
-0.93966085 -0.65328503 2.6391666 78.25
-0.88426536 -0.66088098 2.6398582 86
-0.74550366 -0.66309792 2.6372862 136.66667
-0.66855782 -0.64420289 2.6405151 93
-0.51696646 -0.65068012 2.6408715 137.25
-0.36784908 -0.6458931 2.6414084 121.875
0.023518806 -0.66486508 2.6390975 92
0.78221714 -0.64045882 2.6469274 104
0.81864858 -0.66363752 2.6458502 95.5
1.1560016 -0.66866446 2.6449473 98.75
1.4314337 -0.6587671 2.645247 93.5
1.6173131 -0.64444482 2.6404085 91.5
2.8486528 -0.65395385 2.6673133 100.5
3.0688546 -0.66922337 2.6679037 117
3.110395 -0.61769551 2.6734545 83
-10.586943 -0.56069934 2.6457982 35
-6.8138518 -0.5252822 2.6562018 50
-6.1274171 -0.57003886 2.6714292 56
-5.0909619 -0.58696669 2.6416698 76
-4.6487913 -0.58796644 2.6577103 76
-4.2015843 -0.57935745 2.6419761 86
-3.7700045 -0.58608365 2.6423283 91
-3.6401694 -0.5518356 2.6391485 73.666664
-3.504658 -0.54369557 2.6254077 74
-3.2636383 -0.5410437 2.6306229 67
-3.0206418 -0.55518568 2.6247196 78.5
-2.6988738 -0.55251402 2.6372468 80
-2.4255285 -0.54553592 2.6350484 90
-2.1088698 -0.57808334 2.6425986 90
-2.0936556 -0.51008642 2.6408777 90
-1.8828872 -0.5484646 2.6336677 96
-1.5238529 -0.54139 2.6441946 110
-1.4197147 -0.55593091 2.6355944 116.5
-1.0548936 -0.56494325 2.6397851 126.66666
-0.96466047 -0.54543459 2.637146 80
-0.88285303 -0.5501309 2.6392975 89
-0.74324012 -0.55357671 2.6431537 133.25
-0.66274142 -0.54020822 2.6396234 91.5
-0.51199168 -0.53828782 2.6428092 142
-0.36409682 -0.54853123 2.6377046 127.75
0.026853841 -0.55541766 2.6401205 85
0.77248871 -0.53599268 2.6486435 105
0.81081218 -0.55411601 2.6541121 101
1.1439137 -0.56765056 2.6440179 99.25
1.3899512 -0.56278878 2.6445405 93
1.4453907 -0.56421655 2.6420188 97
1.604524 -0.55293518 2.6404929 82
2.8534656 -0.5699569 2.6641102 100
3.069407 -0.58022493 2.6627245 98
3.1130238 -0.52872026 2.6674874 91
-9.3368092 -0.42143208 2.6850674 36
-6.1032085 -0.42005479 2.6697354 57
-5.077466 -0.45895058 2.6384511 73
-4.6432228 -0.46696901 2.6623759 77
-4.1933265 -0.46835157 2.6399572 82
-3.9426556 -0.49672633 2.6531653 90
-3.7667127 -0.48308188 2.6436677 96
-3.6814148 -0.48148513 2.6484425 88
-3.5834973 -0.43948475 2.6405942 64
-3.475527 -0.45065039 2.6301956 69
-3.2302706 -0.44203234 2.6333497 75
-2.9898152 -0.43362463 2.6271453 86.5
-2.6736305 -0.45251149 2.641335 79.5
-2.4079597 -0.45399722 2.6344373 85
-2.0830336 -0.44508672 2.6457844 99
-1.872659 -0.45743778 2.6365323 96
-1.5111425 -0.44291416 2.6441979 105.5
-1.4110214 -0.43491608 2.6388476 118.5
-1.0569017 -0.45542061 2.6441059 119.25
-0.95625025 -0.4374316 2.6378045 87.5
-0.88229084 -0.44071409 2.6390808 92
-0.73968214 -0.44522366 2.6509237 135.66667
-0.65480036 -0.43621716 2.6330981 107
-0.50494742 -0.45127919 2.6438093 142
-0.36171928 -0.45378542 2.6405241 129.25
0.032275911 -0.44528458 2.6390789 80.666664
0.76454812 -0.43348247 2.6485353 109.5
0.80528748 -0.44460863 2.6540575 100
1.133263 -0.45571414 2.6454899 96
1.3818043 -0.46876577 2.647634 93
1.4329506 -0.45070067 2.6399832 93
1.5936353 -0.46342713 2.6364989 85.5
2.8553009 -0.45954224 2.6551342 94.666664
3.0774028 -0.45120955 2.6605036 94
3.1206903 -0.4407199 2.6678188 88
-10.576841 -0.33566624 2.6477559 35
-6.8026023 -0.36825356 2.6565824 48
-5.0750623 -0.333938 2.6402264 73
-4.6243134 -0.34697819 2.6582079 75
-4.1867342 -0.35734609 2.639046 91
-3.9373736 -0.39072806 2.6556265 93
-3.7600889 -0.38107947 2.6427937 89
-3.680876 -0.38048455 2.6528368 99
-3.5505133 -0.34346712 2.6417227 68.5
-3.4428728 -0.35762426 2.6292741 72
-3.1965523 -0.34302986 2.6320927 69
-2.9699767 -0.34308127 2.6291687 80
-2.6468813 -0.35252398 2.6395361 75
-2.3964598 -0.36494887 2.6398008 88.5
-2.0626588 -0.34509194 2.6424897 85
-1.8590839 -0.33740792 2.6356597 101
-1.450754 -0.34493172 2.6395981 107.5
-1.0582162 -0.34407404 2.6472552 115
-0.95088655 -0.33142814 2.6425524 90
-0.86874247 -0.34013045 2.6393125 84.666664
-0.72964996 -0.3541002 2.6472518 133.33333
-0.65200144 -0.33572128 2.6376388 102
-0.50385177 -0.34949628 2.6491122 141
-0.49682546 -0.33417666 2.6463361 141
-0.3641797 -0.34248754 2.6400588 134.16667
0.01816559 -0.35957178 2.6403456 98
0.75884306 -0.33197105 2.6483703 107
0.80191743 -0.3366099 2.6494932 98.5
1.1281941 -0.34936491 2.6475358 97
1.3761715 -0.3534236 2.6463139 89.666664
1.4240749 -0.34018469 2.6374035 94.5
1.5870646 -0.35357085 2.6365423 93.333336
2.8691604 -0.34645459 2.6579072 95.666664
3.081109 -0.32220343 2.6555245 89
3.1290753 -0.35471657 2.6688547 84
-9.297554 -0.20746483 2.6877565 37
-6.7955132 -0.21223156 2.6561384 49
-6.0926137 -0.27106091 2.6746528 55
-5.0701628 -0.2089254 2.6403372 73
-4.6087394 -0.2279857 2.6562486 76
-4.174592 -0.2473381 2.6356444 74
-3.9209738 -0.28473356 2.6495209 87
-3.7537444 -0.2790764 2.6433058 94
-3.6675584 -0.27848479 2.6475513 96
-3.5140111 -0.24746549 2.63714 68
-3.4206231 -0.2660909 2.6324468 80
-3.1721494 -0.24502438 2.6340344 73
-2.9541655 -0.25354126 2.631331 85.5
-2.6300087 -0.25460592 2.6454225 79
-2.3811336 -0.24615884 2.6402574 94
-2.051122 -0.24809356 2.6484642 99
-1.8546089 -0.24838336 2.6410003 102
-1.460608 -0.26176056 2.6449249 117.66666
-1.3982072 -0.2254319 2.6424396 119
-1.0352594 -0.25827566 2.6457007 125.66666
-0.94429249 -0.26142722 2.6401401 96
-0.86561167 -0.25125587 2.6374168 91
-0.72626567 -0.24658544 2.6489782 132.5
-0.64678001 -0.2361712 2.6372261 100
-0.49545738 -0.25084436 2.6445942 144
-0.34642422 -0.25211233 2.6378589 125.83334
0.02579983 -0.2526812 2.6412811 91.25
0.75528574 -0.23146896 2.6447954 108.5
0.8021754 -0.23011056 2.647773 98.5
1.1262054 -0.25410253 2.6486316 96.25
1.3741713 -0.23925555 2.6439614 94
1.4234967 -0.25416055 2.643126 95
1.5856863 -0.24688539 2.6377139 89.5
2.875046 -0.23900016 2.6547832 90.5
3.0831001 -0.23620078 2.6517408 96
3.1353092 -0.26772201 2.6677961 88
-10.579488 -0.11363505 2.6522529 34
-6.0714588 -0.12307508 2.6737826 54
-4.6003881 -0.10899033 2.6578732 77
-4.1688318 -0.13733281 2.6352873 81
-3.9148583 -0.18073553 2.6514306 89
-3.749619 -0.17807448 2.6440923 90
-3.6636858 -0.17948426 2.649735 98
-3.5035083 -0.18344514 2.6428983 73
-3.4929166 -0.12042792 2.6476641 71
-3.3900583 -0.14306268 2.6322353 86.5
-3.1475708 -0.14802334 2.6339872 72
-2.9386363 -0.13448569 2.6363859 86
-2.6127865 -0.15669346 2.64733 78
-2.3723011 -0.15712319 2.6418664 87
-2.0381546 -0.15059745 2.6495452 95
-1.846403 -0.1598649 2.6386542 102
-1.4812449 -0.15443753 2.6444802 77
-1.3942952 -0.13592377 2.6432533 126
-1.0382769 -0.14792953 2.6482701 126.5
-0.93528104 -0.15742604 2.6372113 95
-0.85865337 -0.14925547 2.6376586 94
-0.72126108 -0.13824944 2.6466205 125
-0.64251053 -0.1371768 2.637264 102.5
-0.49054855 -0.16009635 2.6464889 147.75
-0.35234165 -0.15130012 2.6391046 133
0.029058183 -0.13445607 2.6356995 93.75
0.75456452 -0.1334473 2.6469688 107.5
0.80422127 -0.1516121 2.646955 104
1.1267507 -0.15934415 2.6484404 95.75
1.3785648 -0.15025462 2.6463888 93.5
1.4235827 -0.14667605 2.640455 93
1.5862465 -0.16187581 2.6351924 93.5
2.8813186 -0.15749168 2.6543951 79.5
3.0850918 -0.15119813 2.6479592 81
3.1444097 -0.18071574 2.6695275 87
-6.8017278 -0.05720694 2.6609845 50
-5.0677605 -0.08291278 2.6421096 72
-4.163424 -0.029337304 2.6348207 80
-3.9062424 -0.074738167 2.6516826 90
-3.7449415 -0.076071739 2.6457112 89
-3.6567609 -0.080483168 2.6510928 93
-3.4768145 -0.057424851 2.6468947 66
-3.3720672 -0.051543832 2.6325164 87
-3.1291003 -0.050522886 2.6349082 75.5
-2.9278042 -0.044951934 2.6380928 79
-2.6062407 -0.091691159 2.652844 80
-2.5960104 -0.025697475 2.6506484 73
-2.3665476 -0.068588793 2.644196 92
-2.0270925 -0.054102115 2.6494572 85
-1.8429836 -0.040836256 2.6443629 104.5
-1.4732091 -0.058951296 2.6460476 100.5
-1.3903835 -0.046415653 2.6440673 117
-1.0339198 -0.05618152 2.6505823 132.5
-0.92974585 -0.054424044 2.6392739 97
-0.85214794 -0.047755353 2.6376853 98.5
-0.71550709 -0.051429659 2.6506989 130.33333
-0.63799775 -0.039181087 2.6379728 105.5
-0.48437178 -0.039601672 2.648479 148.75
-0.34548277 -0.044208657 2.6421962 129.42857
0.031467311 -0.046461724 2.6361303 98.5
0.7548722 -0.03443554 2.6457555 109
0.80811161 -0.073610961 2.6492352 104
1.1391736 -0.058262303 2.6594729 85
1.3849189 -0.060762573 2.6458721 94
1.4273443 -0.040655322 2.6391706 89
1.5946926 -0.057527293 2.6378105 88.333336
2.8869853 -0.041605972 2.6534231 106.5
2.9006836 -0.068308376 2.6645103 102
3.0993042 -0.066159122 2.6559947 111
3.1566477 -0.050707646 2.6721468 104
-9.2660627 0.0045065298 2.6895869 36
-6.8029575 0.099812642 2.6624877 49
-6.0491896 0.023908867 2.6709754 56
-5.0636902 0.040099844 2.6427763 73
-4.5878687 0.0080030048 2.6567383 71
-4.1626573 0.079666615 2.6377895 88
-3.8976264 0.028259199 2.6519358 93
-3.7349851 0.023931431 2.6426241 83
-3.6512225 0.017517354 2.6521711 90
-3.4576859 0.037076749 2.6457982 73
-3.3494668 0.038453434 2.6261876 67.5
-3.1147008 0.044977158 2.6364801 76
-2.9166541 0.043070145 2.6363182 83.5
-2.5857799 0.038296215 2.6484551 77
-2.3614407 0.048956078 2.6479027 94
-2.0191927 0.042393725 2.6511018 92
-1.838899 0.046679728 2.6431377 99
-1.4662602 0.066537663 2.6489496 112
-1.3898332 0.042092644 2.648582 125.5
-1.0299687 0.034067217 2.6518531 126.25
-0.92139852 0.047076855 2.6365843 88
-0.84678149 0.052746486 2.6385224 96
-0.71131235 0.055415288 2.651118 131.25
-0.63250947 0.058813602 2.6372075 107.25
-0.47957912 0.049643647 2.6488588 145
-0.33700445 0.046119083 2.6384206 124.8
0.0253867 0.03103731 2.6333146 101.66666
0.75720501 0.061578702 2.6449447 106.5
0.81583321 0.028871316 2.6498287 105.5
1.137509 0.059138745 2.652267 92.800003
1.3929731 0.025717327 2.6406341 92
1.4243288 0.058646161 2.6411321 93.333336
1.6042325 0.04465194 2.6341352 93.5
2.8978705 0.080424026 2.6560168 111
2.9082787 0.054690436 2.6618145 105.5
3.1336508 0.048063003 2.6613894 107.5
-10.625658 0.11038998 2.665453 34
-6.0499768 0.17090875 2.6786292 57
-5.0537996 0.16611241 2.6395555 70
-4.5752878 0.12612 2.6563051 70
-4.1588383 0.18767236 2.6399293 82
-3.894846 0.13325824 2.6560547 99
-3.7364168 0.12493362 2.6495035 91
-3.6484649 0.11851852 2.6562927 94
-3.444572 0.16408932 2.6500964 71.5
-3.3376842 0.16097543 2.6283123 69
-3.1048284 0.14247541 2.6381526 77.5
-2.9119475 0.16362256 2.6393905 88
-2.5812225 0.13629463 2.6537585 85.5
-2.356782 0.16798472 2.6455367 92
-2.0132854 0.13988927 2.6525729 93
-1.8380823 0.13619605 2.6446171 104
-1.4633456 0.16253364 2.6515279 115
-1.3870482 0.16159871 2.6452518 119
-1.0249381 0.15631041 2.6499226 132.75
-0.91609901 0.1485783 2.6379821 97
-0.84098881 0.15374792 2.6384549 97.5
-0.70762676 0.14716098 2.6526299 133
-0.6270414 0.15580726 2.6353276 108
-0.47397846 0.13988712 2.6460514 147.75
-0.33341363 0.14554295 2.6403017 130.875
0.01046004 0.15654874 2.6368456 120
0.76270711 0.15909952 2.6456108 110.5
0.82587302 0.13185686 2.645031 101.5
1.1495906 0.16336219 2.6430809 97.5
1.4333384 0.15050909 2.6397552 94.400002
1.6202993 0.14716695 2.6346028 83.666664
2.9096448 0.17106061 2.6566744 110
3.1340868 0.15265727 2.662451 105.33334
-9.2429008 0.21548542 2.6933281 36
-6.805016 0.25583309 2.6645484 49
-5.0624919 0.29212159 2.6463156 70
-4.5741577 0.24411789 2.6615114 76
-4.152245 0.29767784 2.6390193 82
-3.8873448 0.23725654 2.6582463 97
-3.7336848 0.22693668 2.6536152 87
-3.640707 0.21751963 2.6570978 96
-3.4392891 0.26059258 2.6522858 71
-3.3328648 0.25348878 2.6299202 71
-3.0990283 0.23997328 2.6404715 78
-2.9133408 0.25416702 2.643508 89
-2.5729806 0.23428451 2.6513538 81
-2.3591802 0.25901425 2.6491144 90
-2.0098252 0.23738423 2.6533291 91
-1.8376845 0.25621518 2.6450164 106
-1.4590029 0.25801855 2.6497245 112
-1.3880398 0.25160617 2.6501217 126
-1.0228 0.24981004 2.6517696 127.5
-0.90863252 0.25157905 2.6359806 94
-0.83406353 0.25499731 2.6370208 96.5
-0.70343935 0.23890451 2.6514287 137
-0.6214596 0.25380066 2.6337776 110.75
-0.47033414 0.24891941 2.6480255 146
-0.33263376 0.25504488 2.6416738 137
-0.2958841 0.28760716 2.6326432 110
0.015338687 0.27101976 2.6327443 116
0.76848632 0.25610024 2.6397834 108
0.83838403 0.23434091 2.6408608 107.5
1.1622138 0.25561401 2.6425188 98.75
1.4465644 0.24628712 2.6378942 90.75
1.6410372 0.24868201 2.6341209 88.5
2.9155786 0.25407302 2.6573467 109.5
3.1484177 0.26431268 2.6613648 107.5
-10.626655 0.33540496 2.6652167 31
-6.0363173 0.31789821 2.679121 51
-4.5608034 0.36111018 2.6598225 73
-3.8787298 0.34125397 2.6584992 96
-3.7237298 0.32793987 2.6505268 96
-3.6337831 0.31652078 2.6584558 99
-3.4327004 0.35708591 2.6510782 72.5
-3.3342896 0.3470065 2.6339779 75
-3.0961292 0.33846706 2.6415303 78
-2.9133296 0.34618199 2.6427128 88
-2.5732739 0.33377934 2.6547272 85
-2.35958 0.34953183 2.6473527 92
-2.0134866 0.33672699 2.6634543 100
-1.8438531 0.34773117 2.6513636 107
-1.4581255 0.35551822 2.6526048 123
-1.3897474 0.34361094 2.6519098 130
-1.0221086 0.34330493 2.6567559 118.25
-0.90421349 0.35358033 2.6380677 98
-0.82801771 0.35624656 2.6362767 98.5
-0.70101666 0.33836815 2.6591852 142
-0.66518056 0.36336708 2.6467185 121.6
-0.46068963 0.33634472 2.6492822 143
-0.32778922 0.35240957 2.638767 131
-0.29013777 0.34960625 2.6298149 117
0.018798804 0.35700965 2.633029 119
0.77728236 0.35361582 2.638124 115
0.8550567 0.3378318 2.644218 101
1.167092 0.33774939 2.6396687 98.333336
1.2061442 0.37318176 2.6370063 102
1.4705762 0.35244879 2.6382606 93.166664
1.6661047 0.35019758 2.633816 86.333336
2.9218597 0.33708465 2.6576595 109.5
3.1543384 0.35081834 2.6613817 110.5
-9.2186222 0.42546147 2.6951332 36
-6.8145652 0.41485026 2.6679957 49
-6.0257101 0.46688932 2.6804333 52
-5.064527 0.41713071 2.6486399 70
-4.5521693 0.47910422 2.6600599 75
-4.1598058 0.40767959 2.6475248 94
-3.8717818 0.44625187 2.6598566 97
-3.7234974 0.43094242 2.6562974 101
-3.624079 0.41552132 2.6567683 96
-3.443022 0.45659873 2.6594064 74
-3.348381 0.44254041 2.6449263 85
-3.0973024 0.43796048 2.6432335 71
-2.9154005 0.43819779 2.6427317 80
-2.5733063 0.43427062 2.6551118 83
-2.3676853 0.44206083 2.6529098 90
-2.0111275 0.43621999 2.659606 88.5
-1.8469293 0.44024211 2.6514688 103
-1.4569583 0.45351136 2.6524987 113
-1.3923197 0.46711561 2.6520886 116
-1.0149752 0.45537233 2.6560066 127.33334
-0.85189599 0.44821388 2.6318326 95
-0.63946849 0.45324469 2.6421776 120
-0.4563022 0.4476265 2.6522474 144.75
-0.32677844 0.44651842 2.6451714 137.60001
-0.28149703 0.44310546 2.6266894 108
0.023960521 0.44348842 2.629693 113
0.78804302 0.45112681 2.6346231 109.5
0.87319815 0.44081342 2.6421816 94
1.1708671 0.45437536 2.6358016 101.66666
1.2246425 0.44516957 2.6423683 89
1.4905291 0.46008399 2.6406851 86
1.5057447 0.45695919 2.6327734 89.5
1.6889971 0.43120995 2.6326883 85
1.7043229 0.47221905 2.6376088 75
2.9251821 0.44554901 2.6546116 111
3.1595266 0.4383201 2.6599946 113.5
-10.645112 0.56042123 2.6694627 34
-6.8210793 0.57085848 2.6705074 47
-5.0579648 0.54314333 2.6476352 71
-4.5452032 0.59809911 2.6614013 78
-4.1584868 0.51768476 2.651324 89
-3.8623338 0.55024904 2.6595569 93
-3.7132697 0.53294712 2.6554282 93
-3.6191027 0.51652306 2.6606174 101
-3.4434075 0.55558574 2.6575747 76
-3.353323 0.53901625 2.6445017 77.5
-3.1036327 0.53995502 2.6464872 71.5
-2.9225888 0.53271246 2.6437831 82.5
-2.5774541 0.53576225 2.6566434 84
-2.3737028 0.53557527 2.6521277 97
-2.0154414 0.53771532 2.6632059 89
-1.8562417 0.5651443 2.6549644 98.5
-1.4592564 0.55351925 2.6570764 104
-1.3980304 0.56262112 2.6590207 112
-1.0238472 0.54719758 2.6549704 122.33334
-0.83489001 0.54630387 2.6349738 93
-0.66261232 0.551359 2.6471152 129.66667
-0.45256996 0.56124568 2.6565177 137
-0.31683049 0.53888577 2.6381328 129.25
-0.2732439 0.5386067 2.6267011 102
0.032349385 0.55945319 2.622822 105.5
0.79689711 0.52414232 2.6341572 101
0.84657705 0.54738963 2.640434 103
0.90092564 0.57028228 2.637476 92
1.1932601 0.56808186 2.6381423 90.5
1.2511222 0.54113907 2.6426263 93.5
1.5246139 0.54375863 2.6368923 83.25
1.7299315 0.55322981 2.6322289 80.333336
2.9374301 0.56330383 2.6554449 117.66666
3.1614864 0.52531004 2.6554759 118
-9.2037764 0.63544393 2.697181 37
-6.0220456 0.6148845 2.6839416 56
-5.0655508 0.67215079 2.6524472 72
-4.142736 0.62769264 2.64432 82
-3.8470502 0.65524471 2.65539 92
-3.7033474 0.63397276 2.6530416 95
-3.6063464 0.61552423 2.6581047 104
-3.4509432 0.65657264 2.6571119 70
-3.3652992 0.6375258 2.6486001 74
-3.1128643 0.64294559 2.6484804 69
-2.9363093 0.66022623 2.6446354 79
-2.5855873 0.63925254 2.6578248 86
-2.3875721 0.66359794 2.6545541 91.5
-2.0181503 0.63920808 2.6599197 91
-1.8639406 0.66065216 2.6561427 100
-1.4413673 0.66721845 2.65697 115.66666
-1.3986703 0.6256209 2.654901 128
-1.015516 0.64936894 2.6591043 126.66666
-0.8308633 0.6443724 2.6323628 89.75
-0.65937549 0.6587922 2.6473811 122.33334
-0.59577888 0.63800269 2.623595 117
-0.44146928 0.65166104 2.6501505 140
-0.3112736 0.64608282 2.643012 132.66667
-0.26515469 0.63508892 2.6287241 104.5
0.037457697 0.64795697 2.6266403 104
0.81491387 0.65100235 2.6383178 103.5
0.91997671 0.64926469 2.6370225 93
1.2461165 0.64709747 2.6352108 93.5
1.5611877 0.65040475 2.635534 84.666664
1.77037 0.6556769 2.6346369 72.5
2.9426818 0.6756146 2.6554165 103.5
3.1271174 0.62037224 2.6439974 110
3.2072256 0.65325326 2.6615362 112.5
3.6041808 0.66830063 2.6744509 70
-10.624221 0.78542316 2.6605682 35
-6.8217597 0.73086828 2.6692226 49
-6.0089378 0.76287353 2.6835997 54
-4.5407391 0.7180953 2.6643984 82
-4.1464143 0.73969644 2.6514404 81
-3.8412175 0.76024354 2.6586857 99
-3.7014489 0.73897552 2.6577055 96
-3.607204 0.71852612 2.6658223 97
-3.4660544 0.76012158 2.6588576 67
-3.3773279 0.73651612 2.6476717 73.5
-3.1287901 0.7484374 2.6523907 75
-2.9499283 0.75823104 2.644587 81
-2.6008644 0.7802397 2.6603498 89
-2.5938978 0.71024829 2.6610355 87
-2.4003406 0.76111192 2.6561515 101
-2.0273588 0.74470258 2.6620884 100
-1.8742245 0.75915855 2.6580796 102
-1.4361532 0.75757134 2.6590512 122
-1.0242457 0.74619788 2.6573205 124.33334
-0.83611488 0.74496543 2.6333091 89.199997
-0.68546325 0.74839151 2.6558828 130.5
-0.59451604 0.75177586 2.6327662 104
-0.44079682 0.75523585 2.6534786 131
-0.30718327 0.73203623 2.6449327 141
-0.2751677 0.77037036 2.6305168 113.75
0.045050647 0.73749781 2.6221082 96.5
0.54108685 0.73418653 2.6244335 61.5
0.83183599 0.75050491 2.631057 108
0.94800806 0.75574017 2.6374869 90.5
1.235688 0.75113046 2.6338902 98
1.3122177 0.73205435 2.6353936 93.5
1.5952013 0.73772812 2.6383538 87
1.6114116 0.78021252 2.6332283 80
1.7946213 0.71618557 2.6310227 73
1.8143556 0.75919402 2.633584 89
2.9435654 0.76059985 2.6497936 111
3.1358833 0.75239944 2.645968 115.5
3.2187004 0.78924942 2.6606197 101
3.5884864 0.75817138 2.6547439 110
3.7822042 0.73725009 2.6778817 103
4.3495035 0.75771993 2.6589847 84
5.647356 0.71135098 2.6809232 56
-6.8354712 0.89187688 2.6718361 50
-5.0725822 0.80116004 2.6580904 73
-4.5329909 0.83707744 2.6651955 83
-4.1467643 0.85370117 2.6563432 81
-3.8326035 0.86624098 2.6589377 84
-3.6948311 0.84198004 2.6604364 95
-3.5952816 0.81952727 2.6638615 100
-3.4869845 0.8666122 2.6622086 69
-3.3956926 0.83951449 2.6501777 74
-3.1422858 0.85391992 2.6514966 72
-2.9709291 0.8597424 2.6483748 85
-2.6143303 0.85323608 2.6651161 85
-2.4177308 0.86212415 2.6588199 96.5
-2.0403142 0.85269761 2.6669416 97.5
-1.8854133 0.85966271 2.6589243 105
-1.4305254 0.84658164 2.6558931 115.66666
-1.0178428 0.8507061 2.6630328 129.33333
-0.84093642 0.83650172 2.6311283 89
-0.79889989 0.85109836 2.6324577 95
-0.6833564 0.8506434 2.6607494 134
-0.58899933 0.85552096 2.6336758 101.25
-0.42890349 0.85165167 2.6531737 132.33333
-0.30252469 0.83935106 2.6514604 137
-0.28171432 0.86151314 2.6366141 114.75
0.054966643 0.85905504 2.622998 91.5
0.56510746 0.85224551 2.6290479 67
0.85095489 0.85253215 2.630887 104
0.97935367 0.86270893 2.6356547 89.5
1.2608426 0.84415901 2.632772 93.5
1.3494482 0.83001143 2.6363492 85
1.6400837 0.84565365 2.6336176 82.5
1.8525305 0.8408733 2.6296461 78
2.9473419 0.8466028 2.648365 117.5
3.1345625 0.88439059 2.63679 110
3.2270768 0.88325286 2.6616395 114
3.5969601 0.85518926 2.6572673 105
3.7940743 0.84024656 2.6768563 101
4.3593845 0.86473286 2.6601322 91
5.6414814 0.83535671 2.669687 66
-6.0016561 0.9118647 2.6835144 55
-5.0768418 0.93116742 2.660681 74
-4.5351958 0.9600774 2.6726093 84
-4.1401744 0.96570671 2.6554291 81
-3.8284383 0.97524035 2.663336 98
-3.6837709 0.94698471 2.659013 100
-3.5419211 0.92956316 2.6622438 83.5
-3.4206214 0.94450927 2.6530931 75
-3.1597502 0.92891526 2.6558354 74
-2.9927466 0.96324581 2.6500726 79
-2.6276228 0.92823005 2.6678882 83
-2.433852 0.96412998 2.6585891 91
-2.0564327 0.96469307 2.6735249 91
-1.9048668 0.99766642 2.6619651 100
-1.8970526 0.92966831 2.6647849 102
-1.4592046 0.94724029 2.6675065 99.666664
-1.0277361 0.95653677 2.6640472 121.66666
-0.85097742 0.93720943 2.6363475 87.666664
-0.79747623 0.96555543 2.6347501 93.333336
-0.68016642 0.95489961 2.659657 128.75
-0.58242512 0.95976448 2.6312125 99.5
-0.42817342 0.9602316 2.6555364 133.66667
-0.26650861 0.95266402 2.6406901 118.4
0.062943771 0.95305657 2.6253843 90
0.58534551 0.94223768 2.633049 79
0.87315452 0.95705521 2.6288385 102
1.0067061 0.94618487 2.6363873 89
1.2894081 0.94069409 2.63379 93
1.3792243 0.90397215 2.6343482 84
1.4002513 0.95294291 2.6320989 99
1.6773529 0.93982655 2.6323617 79.75
1.7130412 0.97075796 2.6441469 83
1.8970326 0.92622346 2.6334352 74
1.9165201 0.96622777 2.6270556 72
2.9511142 0.93460727 2.6469307 112.5
3.1401646 0.97540796 2.6378622 120
3.2340009 0.97624588 2.6598537 105
3.6003985 0.95219749 2.6549273 105
3.8102365 0.94525534 2.6800182 100
4.3584986 0.97073644 2.6522768 85
5.6534429 0.96136373 2.6673315 67
-10.669587 1.0184199 2.665961 34
-6.8389287 1.0548822 2.6699893 50
-5.9993763 1.0638601 2.686738 55
-5.0860972 1.0651749 2.6665921 77
-4.5323987 1.0830748 2.6767104 88
-4.1405253 1.0807115 2.6603303 81
-3.8259408 1.0842401 2.6688397 87
-3.6829848 1.0509881 2.6656168 89
-3.5456648 1.0412304 2.6659853 74.666664
-3.4485407 1.0525006 2.6557298 74
-3.205265 1.0829917 2.6664448 77
-3.1871536 1.0070057 2.6661832 93
-3.0143251 1.0352545 2.6549072 74
-2.6438332 1.0387124 2.6638427 87.5
-2.4490092 1.035131 2.6590257 94
-2.063046 1.0376871 2.6689067 87
-1.9208657 1.0726725 2.6714292 108
-1.4580474 1.0420918 2.6691034 110
-1.0238504 1.0637091 2.6669343 129.66667
-0.86818928 1.0656197 2.6315539 87
-0.79363608 1.0597613 2.6335816 88.5
-0.67816448 1.0626498 2.663002 132
-0.58041841 1.0538585 2.6320441 102.66666
-0.41595137 1.0626818 2.6596062 139.33333
-0.27341002 1.0518433 2.6461024 122.85714
0.072196476 1.0480498 2.6250536 73.5
0.59921402 1.0012275 2.6318343 104
0.61527884 1.0612129 2.6283422 96
0.89078808 1.0385847 2.6307881 100
0.90365511 1.0915947 2.6289315 101
1.0347046 1.0286579 2.6357675 91.5
1.3196367 1.035219 2.6300695 92
1.437116 1.0314093 2.6384611 85
1.7355685 1.0461147 2.6318963 77.75
1.9661964 1.0532445 2.6292078 76
2.9552608 1.0231136 2.6465461 110
3.1364238 1.0653954 2.6298983 125
3.2430732 1.0712477 2.6601546 105
3.6002412 1.0481987 2.6491148 106
3.8178296 1.0482421 2.6762192 89
4.3705125 1.0807502 2.6540899 82
5.6696711 1.088371 2.6663151 67
-5.0823145 1.196184 2.6650202 74
-4.1383805 1.1967169 2.6635687 75
-3.8159411 1.193238 2.6693711 95
-3.6735907 1.1559925 2.6653001 96
-3.5663986 1.1460451 2.6683731 78.5
-3.4720123 1.1274984 2.6593847 70
-3.2309642 1.1629887 2.6730583 75
-3.0432549 1.1447544 2.657444 81
-2.6687102 1.1552012 2.6670656 86
-2.4763262 1.1456442 2.6657755 98
-2.0834737 1.1551814 2.673106 93.5
-1.9319497 1.144671 2.6713121 108
-1.4587101 1.1379361 2.6712825 105
-1.0316639 1.1592929 2.6734562 117.5
-0.86945659 1.1446215 2.6386905 90
-0.79230016 1.1357613 2.6364155 98.5
-0.67641139 1.1371515 2.6661057 126
-0.56938833 1.1553264 2.6344321 95.333336
-0.41328076 1.1581318 2.6638203 132
-0.25823146 1.1529278 2.6475713 122.25
0.08022245 1.1470593 2.6296604 74
0.64050531 1.1577055 2.6358232 96.5
0.91754246 1.1476216 2.6319594 96
1.0754511 1.1416175 2.633981 91
1.3557191 1.1377697 2.6362386 85
1.4866304 1.1343484 2.6380692 80
1.7750591 1.1342582 2.6323733 75.333336
1.8305078 1.1755652 2.6337833 76
2.0309618 1.1612636 2.6273503 65
2.9576881 1.1412554 2.6452341 108.66666
3.144181 1.1584196 2.6330495 120
3.2457154 1.1652278 2.6555974 107
3.6065555 1.1482126 2.6495478 104
3.8232567 1.1522201 2.6689103 93
4.3868175 1.1947674 2.6586523 80
-10.759025 1.2574205 2.6828177 42
-6.8547845 1.2205629 2.671782 49
-5.9948654 1.2148517 2.6860876 57
-4.5226493 1.205068 2.6750093 83
-3.6603122 1.2619984 2.6636014 92
-3.5557642 1.2518582 2.6663873 79.333336
-3.4941308 1.2024822 2.6591446 72
-3.2508931 1.2409692 2.671149 91
-3.0859506 1.2612687 2.6677444 91
-2.6867235 1.2341901 2.6664114 85
-2.5028772 1.2587883 2.6696928 92
-2.1058939 1.2756754 2.6771305 94
-1.9534802 1.2586691 2.6751895 105
-1.5060064 1.2875146 2.6779897 107
-1.479004 1.2336044 2.678916 106.5
-1.0356284 1.237803 2.6785035 119.5
-0.87115401 1.2256234 2.6467292 93
-0.78882313 1.23397 2.6380279 89
-0.67438382 1.2509019 2.6691952 132.75
-0.56919146 1.2562592 2.6396227 93
-0.4160887 1.2609859 2.6671205 127
-0.39845133 1.2457771 2.6670451 130
-0.25189933 1.2407817 2.6525326 116
-0.19494241 1.2815745 2.6346214 73
0.087363102 1.2150676 2.6328309 54
0.66698474 1.2541912 2.6383615 94
0.93868053 1.2316442 2.631124 105.5
1.1221983 1.2600749 2.6372213 83.5
1.3837382 1.2143137 2.6348481 83
1.4024152 1.2643267 2.6324372 83
1.5410707 1.2397814 2.6378078 75
1.8377204 1.244236 2.6337373 72.333336
1.9110208 1.2974557 2.6381204 63
2.0706162 1.2252735 2.6226339 53
2.1029165 1.2732841 2.6266322 51
2.9621964 1.2506058 2.6406169 109
3.1497808 1.2534369 2.6341088 117
3.2612312 1.2672557 2.662154 117
3.6071165 1.2462151 2.6444252 103
3.8472512 1.2632462 2.6769185 95
4.9017777 1.2620862 2.6984458 68
5.6823025 1.2173777 2.6618249 66
-6.799191 1.3725559 2.6449368 33
-5.9614234 1.3609716 2.6717777 54
-5.0907397 1.3321916 2.6703722 81
-4.5231872 1.3330672 2.6813159 90
-4.1345696 1.3127227 2.6656988 81
-3.8026075 1.3022348 2.6676931 95
-3.6376343 1.3482666 2.6710734 88
-3.5508556 1.3505069 2.6681969 94
-3.2739868 1.3219522 2.6709638 86
-3.1146879 1.3412756 2.6739094 99
-2.7090702 1.3171824 2.6693902 92
-2.5220218 1.3347845 2.6697361 100
-2.1231651 1.3586713 2.6796105 90
-1.9782814 1.3776679 2.6817684 111
-1.5152124 1.3705306 2.6809361 101
-1.4669688 1.3365815 2.6801629 125
-1.0418279 1.3385543 2.67788 111.33334
-0.86335611 1.3411212 2.6393466 60
-0.78095412 1.3262573 2.6295915 49
-0.67380691 1.3751624 2.6821806 112
-0.5778634 1.3250357 2.6362491 81
-0.40840268 1.3814905 2.6763275 113
-0.39292407 1.320766 2.6624663 126
-0.25734401 1.3507434 2.6637523 111.5
0.52402437 1.3530788 2.6342611 37
0.68635446 1.3211854 2.6441944 89
0.70693541 1.3861697 2.6428504 93
0.97080588 1.3481858 2.632576 93.5
1.1592971 1.3500406 2.6397815 84
1.4343841 1.3438613 2.6345196 84
1.5835605 1.3177218 2.6335588 76
1.6158965 1.3746895 2.6378016 84
1.8682822 1.3361299 2.6292267 66.5
1.9607003 1.3688761 2.6350651 49
2.151274 1.3427985 2.6292777 43
2.9652505 1.3426054 2.6384685 113
3.151068 1.3484404 2.6309958 117
3.2681296 1.3662442 2.6589382 118
3.6162817 1.3502321 2.646215 113
3.8605106 1.3732414 2.6744542 92
4.3937693 1.305775 2.6541879 87
4.9299126 1.3920988 2.6980209 76
5.7049298 1.3503853 2.6628165 68
-3.7695398 1.4032252 2.6505413 82
-3.6425517 1.4045074 2.6699262 81
-3.5303791 1.4193305 2.6250062 55
-3.3065734 1.4079427 2.6759565 93
-3.1287568 1.4152339 2.6623468 77
-2.7379167 1.4041793 2.6778204 103
-2.5354567 1.4097646 2.6622717 89
-2.115128 1.423656 2.6451571 58
-1.9508773 1.418615 2.61397 67
-1.5038031 1.4294221 2.6367021 61
-1.472032 1.4095734 2.6695929 96
-1.0340679 1.4162377 2.6427584 90.5
-0.66635203 1.4271127 2.6311021 67
-0.402228 1.4304662 2.6196642 69
-0.38703692 1.4067738 2.674989 120
-0.23962444 1.436159 2.6295323 67
0.54314107 1.4505943 2.6340725 87
0.7279892 1.4531554 2.6428378 94
0.99737412 1.4387203 2.6342599 94
1.1856943 1.410013 2.6378808 86
1.2139388 1.472988 2.6390734 88
1.4797072 1.4524037 2.6350543 91
1.6637647 1.4561236 2.6338968 72
1.9267191 1.4366688 2.6337404 52.5
2.0314562 1.4672675 2.6331396 34
2.2188306 1.4363171 2.630929 27
2.9704647 1.4376185 2.6391063 106
3.1509168 1.4444392 2.6264889 114
3.2779114 1.468249 2.6599176 117
3.618974 1.4512365 2.6417563 106
3.8744845 1.4842387 2.672688 99
4.4050379 1.4197872 2.6538873 87
5.7211075 1.4823922 2.6589699 70
0.55571008 1.509555 2.621001 73
0.7476871 1.5061115 2.6178184 77
1.0153031 1.5017526 2.6380525 103
1.9701964 1.5096972 2.6302009 36
2.2673635 1.5033269 2.6237266 14
2.9679878 1.5479207 2.6256092 100.66666
3.160825 1.5464704 2.6316986 132
3.2819605 1.5692304 2.6553216 112
3.6281383 1.5592535 2.6435382 114
3.877027 1.5922061 2.6611686 103
4.4134283 1.5337962 2.6508079 84
4.9537721 1.5231048 2.6948159 77
4.360219 1.6237566 2.6035771 67
4.8907738 1.6229789 2.6374681 54
5.7315311 1.6143984 2.6495657 73
6.8669672 1.6798892 2.6844575 36
9.2914038 1.7183542 2.6951599 37
-21.617744 -1.918766 2.7971735 95
1.1310524 -0.035824794 2.7013681 128
3.7988873 0.64232546 2.7011697 43
4.4162579 0.66476536 2.712337 35
4.8228331 0.65210038 2.7217667 28
10.4486 0.69826311 2.7551098 9
4.8140049 0.76706135 2.7033854 79
6.6319041 0.7288065 2.7171552 43
-9.1986408 0.84943438 2.7008512 36
4.8372054 0.88807034 2.7037287 74
6.6827292 0.88383383 2.7207758 51
9.1278896 0.80667228 2.7335598 38
9.1783457 0.98760247 2.7349341 40
10.488582 0.91526449 2.7383268 29
-9.2018347 1.0624324 2.7064333 37
4.8561306 1.0110726 2.7012908 76
6.7214665 1.0398492 2.7181604 50
4.8800268 1.1360815 2.7009168 74
6.7665739 1.1978691 2.7161839 51
9.2046738 1.1675462 2.7266033 38
10.584574 1.1383064 2.7358055 32
-9.1889095 1.2754108 2.7037561 38
6.805263 1.3578815 2.7093241 48
9.2664471 1.3544594 2.7278731 42
10.709586 1.3693668 2.7365134 33
6.8702235 1.5259178 2.7127879 48
9.3303413 1.5453682 2.7284102 46
10.82037 1.604414 2.7288826 38
21.301966 -4.3495178 2.8953388 16
18.44318 -3.8083208 2.8935051 20
18.077797 -3.4019811 2.8653941 33
17.948111 -3.0508425 2.8729589 56
20.870277 -3.0386522 2.8932946 18
17.876417 -2.7187605 2.8843324 98
-21.619726 -1.4627217 2.8436992 122
-21.619745 -1.0066876 2.8841317 119
20.897186 -1.0627503 2.8731916 28
21.081675 -0.67773622 2.8748205 13
21.147171 -0.28675267 2.8563697 15
21.328796 0.10579265 2.8455913 14
17.822527 0.4116933 2.8856657 103
21.661818 0.50682533 2.8500562 13
17.797195 0.71666592 2.8599238 100
22.081141 0.92287189 2.8579378 12
17.71236 1.0166862 2.8219376 21
17.839928 1.3305155 2.8147564 22
22.462149 1.3539053 2.8520348 9
18.04537 1.6572713 2.8168323 20
22.81122 1.7929276 2.8344102 9
23.753468 2.3050666 2.8804293 44
22.439789 -8.0623627 2.9989011 6
22.774229 -6.4801598 2.9167743 8
22.529671 -5.9522133 2.94153 6
19.917427 -5.6007957 2.9360962 23
22.288561 -5.4382701 2.9570665 14
19.459616 -5.1043363 2.9220228 21
21.857613 -4.8963766 2.9390454 7
19.103643 -4.6529746 2.9156885 19
18.734877 -4.2136092 2.902405 20
21.167566 -3.9045575 2.9021063 12
10.36403 -3.8966308 2.9041421 1
21.099689 -3.4825826 2.9139049 9
21.012579 -2.6576326 2.9207838 19
17.852131 -2.3947229 2.9002879 102
17.840536 -2.0757062 2.9119058 109
17.834579 -1.7606981 2.9220705 108
17.87108 -1.4487301 2.9361413 95
17.862215 -1.1357343 2.9364312 111
17.861826 -0.82475013 2.9352422 107
-21.666645 -0.54760778 2.9279809 67
17.847237 -0.51176137 2.9270914 91
17.849615 -0.2037915 2.9188128 110
17.828705 0.10472999 2.9037836 112
7.0677338 0.4641484 2.9454994 1
7.0890441 0.62525779 2.937917 8
23.997229 -7.3258691 3.0086868 30
20.778572 -6.2446079 3.0037396 5
4.1825032 0.68535012 3.1926718 16
6.7339997 0.71541977 3.2658648 7
10.654968 0.74152088 3.229099 1
4.5521321 0.67033619 3.3409791 15
5.3553596 0.69547123 3.3852136 8
6.0396123 0.68701816 3.5112212 7
4.9353933 0.69271421 3.8670001 6
16.260983 -9.3035135 3.9972858 33
17.809088 -9.2075176 4.2748404 72
16.771404 -9.1867857 4.2284408 51
18.005484 -8.8493414 4.4154577 99
18.11104 -8.447237 4.5272999 105
18.028189 -9.4537039 4.6551175 49
18.260504 -8.0621033 4.644352 102
18.280138 -7.6240673 4.7238369 97
18.257849 -7.1730661 4.7846608 117
12.652649 -9.5537853 4.8497515 77
18.257599 -9.1337252 4.81674 103
18.242573 -6.729064 4.8397584 116
18.233648 -6.2960601 4.8926749 117
18.293592 -8.7195988 4.9168119 120
18.267946 -8.2744274 4.9968162 112
18.220392 -5.8670626 4.9371543 120
18.205654 -5.4390707 4.9745789 118
18.099689 0.1090552 4.9919591 112
18.089884 0.48600891 4.9572339 117
18.082132 0.86396021 4.9161234 100
18.256401 -7.8452797 5.0739059 107
18.206491 -5.0240693 5.0132623 119
18.194485 -4.6090813 5.0407662 118
18.184549 -4.1970954 5.0633006 108
18.177418 -3.7921088 5.0829816 110
18.168858 -3.3866587 5.0940337 102
18.151676 -2.9866862 5.0996752 112
17.865749 -1.7809639 5.0186419 106
17.886675 -1.4029739 5.0154128 100
18.156523 -1.036799 5.0795932 96
18.10643 -0.65186763 5.0474057 113
18.098108 -0.2689091 5.0197325 108
13.200351 -9.5432014 5.1507587 73
18.245529 -7.4211388 5.1474628 108
18.141539 -2.5917115 5.1024194 105
18.141272 -2.1977327 5.1022315 116
18.226427 -6.5938978 5.2747946 117
18.226727 -6.1907988 5.3341556 120
18.198662 -5.7806816 5.3824177 115
12.218483 -9.5184317 5.4317255 85
13.776484 -9.5295906 5.4656024 70
18.191069 -5.3845959 5.4284191 111
18.189377 -4.9933839 5.4729481 114
18.182428 -4.6033115 5.5125937 116
18.171177 -4.2172465 5.5452089 119
18.164852 -3.8331919 5.5756674 120
17.87039 -1.9358361 5.5801916 119
17.875181 -1.5758356 5.589386 96
18.041182 0.92887694 5.5947046 97
18.159903 -3.455147 5.6018815 116
18.140032 -3.0770986 5.6190214 120
18.137121 -2.7050734 5.6360369 120
18.123579 -2.3310401 5.6495976 114
17.934523 -1.2188851 5.6115813 115
18.091673 -0.86801368 5.6626992 113
18.136801 -0.50606215 5.6750989 109
18.076962 -0.14504017 5.648746 108
18.066004 0.21293704 5.6340246 105
18.059263 0.56990314 5.6164422 106
12.723206 -9.5063858 5.7425537 86
14.39241 -9.5139389 5.7984052 71
9.8107719 -7.4446888 5.9027314 11
9.8043251 -7.0786924 5.9285884 18
9.7807446 -6.7097268 5.9404969 22
9.7657099 -6.3547492 5.9565678 13
9.7620554 -6.0187569 5.9767752 4
9.6859884 -0.10707359 5.9469018 1
13.266455 -9.4953365 6.0725083 74
9.7925882 -5.7087126 6.0164218 1
9.7618055 -5.3707685 6.0143113 6
9.7461281 -4.1428442 6.0550032 13
9.6997786 -3.263979 6.0405464 37
9.6791897 -1.6408573 6.0127344 26
9.7051086 -0.8699224 6.0018249 1
15.063065 -9.5052338 6.1567903 64
13.836843 -9.4812822 6.4175444 65
9.8763962 -7.531672 6.4734268 12
9.8420315 -6.7896066 6.4982662 8
9.6362123 -0.1763881 6.4861851 28
9.6331663 0.072629891 6.4775543 28
9.6329479 0.32164824 6.4688711 23
9.6219635 0.56965739 6.4511862 26
9.6009531 0.81965899 6.4266014 32
9.6157198 1.0696857 6.4254274 24
15.773468 -9.4804926 6.5302954 51
9.8612394 -6.1245093 6.5526166 1
9.7321463 -2.5151999 6.577672 32
9.7020321 -2.2391953 6.558188 37
9.7030029 -1.9764988 6.558526 40
9.6900349 -1.7124829 6.5486555 41
9.6706161 -1.4504721 6.5339494 37
9.6697779 -1.1914494 6.53023 38
9.6667843 -0.93642896 6.5244284 34
9.6566181 -0.68241411 6.5130963 35
9.6557312 -0.43039393 6.5065489 29
7.9146934 0.71712011 6.5415354 25
9.8683205 -5.1653891 6.6048398 11
9.8331385 -3.3742118 6.6380739 4
9.7973404 -3.0802083 6.6172667 14
9.7758589 -2.7991951 6.6061149 23
6.7464681 -2.3383281 6.6711802 11
6.1902494 -2.2905364 6.6734028 20
12.971457 -0.67306805 6.6489091 3
8.0365419 -0.19569972 6.692224 29
8.0355396 0.03630957 6.6812644 28
8.018713 0.26428822 6.6550255 28
8.0184278 0.49529868 6.6447597 28
13.090321 0.54380834 6.6885734 8
12.98944 0.84081894 6.6231074 8
8.019249 0.95531744 6.622786 27
13.065553 1.1518409 6.6493063 9
14.439355 -9.4602251 6.7796965 68
6.8196177 -3.9186833 6.7739739 8
8.2895031 -3.9311504 6.7722631 1
6.0758834 -3.8965521 6.7393107 14
6.1171041 -3.8789074 6.7661219 16
10.03726 -3.7380905 6.7783022 18
7.9800935 -2.3199124 6.7262173 23
6.2713995 -2.281873 6.7447667 19
13.162609 -2.2461474 6.7363186 2
6.3172941 -2.1159954 6.79878 1
8.0686731 -1.854726 6.7890282 27
8.0655594 -1.6107155 6.7788033 28
8.0659933 -1.371703 6.7692313 27
8.053504 -1.1297129 6.7485619 29
8.055377 -0.89369774 6.7403808 27
8.0464611 -0.65970331 6.7217803 23
8.0447388 -0.42769527 6.7101293 27
13.148459 -0.37203634 6.74194 2
13.132614 -0.066019855 6.7266073 7
13.105332 0.23799556 6.7044024 22
13.72335 -5.0892749 6.885963 19
13.629613 -4.7002592 6.8649325 3
8.0570984 -3.911864 6.8453989 20
8.1126537 -3.4017336 6.8804431 26
6.3015752 -3.2402425 6.8945999 1
8.1181421 -3.1377087 6.8771186 24
6.3282466 -3.0112083 6.8961663 2
8.116437 -2.8766975 6.8668513 23
6.2975016 -2.7978914 6.8537202 2
6.3138642 -2.7633934 6.8494849 2
8.1054058 -2.6147015 6.8489628 25
6.2947168 -2.5629716 6.8239818 3
6.326901 -2.5364213 6.8378291 1
7.0100827 -2.2624576 6.8276467 11
8.0782871 -2.1027219 6.8069239 24
15.571417 -0.39274892 6.895474 18
15.535364 -0.024816561 6.8560615 18
15.555388 0.34316519 6.8365598 28
15.561913 0.70813417 6.8108406 64
16.549265 -9.4656839 6.9342213 15
10.518487 -7.6661758 6.9487433 2
10.440396 -6.8641391 6.9410706 5
8.1125708 -5.405508 6.9333558 23
8.1892462 -5.1483507 6.9974079 24
8.1933088 -4.8493257 6.9940524 22
8.1614265 -4.5363669 6.9573503 20
8.151823 -4.2413688 6.9407969 24
6.3282747 -3.7638657 6.990222 2
8.1330404 -3.6797123 6.907383 25
6.337594 -3.5109372 6.9679146 1
15.64532 -2.2725406 6.9954057 11
7.0017509 -2.1955214 6.9289298 1
11.040696 -2.1866345 6.9170647 5
15.595214 -1.8846115 6.9660292 20
15.591979 -1.5086403 6.954546 22
15.581614 -1.1356772 6.9374843 22
15.577594 -0.7617113 6.9182339 21
14.658847 -8.2853851 7.0735393 3
8.2317047 -6.1413264 7.0575876 22
8.2257099 -5.8053179 7.045866 18
11.276701 -5.1793852 7.0505795 14
15.932473 -5.1171684 7.0632129 10
15.913191 -4.7001934 7.0752077 3
15.876104 -4.2832379 7.0753727 9
15.872369 -3.877254 7.0857954 12
8.5594578 -3.7804348 7.0005493 6
15.791862 -3.4623442 7.058846 19
15.736893 -3.0604131 7.0387034 14
15.669075 -2.6574976 7.0073824 20
8.703063 -6.7496071 7.1780753 11
14.519465 -6.5642991 7.1946535 4
16.776525 -8.136364 7.2214074 12
16.449236 -6.6036682 7.2091694 7
17.494215 -9.5027065 7.4141512 12
