# .PCD v0.7 - Point Cloud Data file format
VERSION 0.7
FIELDS x y z intensity
SIZE 4 4 4 4
TYPE F F F F
COUNT 1 1 1 1
WIDTH 6619
HEIGHT 1
VIEWPOINT 0 0 0 1 0 0 0
POINTS 6619
DATA ascii
-0.30731013 -9.9264364 -2.1144869 89
-0.32920921 -9.5994215 -1.8182884 123
0.85595942 -9.6839924 -1.635936 91
0.75094181 -9.7030058 -1.4200878 118
-2.5803392 -9.5614195 -1.4435 86
7.1990652 -9.9249992 -1.2677037 21
-2.6372387 -9.712533 -1.2532912 1
-6.7812667 -1.618693 -1.0148902 0
-9.770196 -1.5096575 -1.0161785 1
18.93659 0.96363783 -1.0368906 6
-0.44948876 -9.6364698 -0.9815197 111
18.752687 0.4075146 -0.93820661 60
18.920647 0.68761992 -0.98853076 12
1.2418954 -9.7223978 -0.87598705 59
-0.35919827 -9.6811419 -0.85036558 121
-2.6460612 -9.5704412 -0.81891251 128
18.849962 -0.9854756 -0.80630654 5
18.799299 -0.7024951 -0.82167161 3
18.671579 -0.14254986 -0.86537552 31
18.613604 0.13042586 -0.89475554 68
18.696098 0.55459702 -0.81017655 22
1.3550007 -9.7188034 -0.74473405 137
-1.434094 -9.6632538 -0.74607807 58
-2.7600443 -6.8085327 -0.72265393 22
18.079376 -2.5989733 -0.76878321 3
17.978992 -2.029011 -0.74578273 6
18.00782 -1.7569851 -0.74557167 7
18.004766 -1.4819773 -0.74833733 8
17.987497 -1.2089779 -0.75509447 3
18.48061 -0.24558508 -0.71304035 4
18.676426 0.018568356 -0.7461403 45
18.720221 0.2876083 -0.77732933 30
-10.145202 0.41105387 -0.79404837 1
-9.8798695 1.2994113 -0.76763022 3
7.3831296 -9.8346338 -0.6972447 11
1.1381363 -9.7146587 -0.65956265 119
1.5266765 -9.7205744 -0.6969673 114
2.9292231 -9.7735157 -0.62027079 101
-0.45890385 -9.6620197 -0.65707433 58
-2.6705933 -9.571454 -0.61130798 135
6.5280523 -2.6156244 -0.61257225 0
18.020786 -2.6330287 -0.66956371 3
18.068193 -2.3639796 -0.65555054 2
17.955063 -2.0790496 -0.64089334 3
18.017859 -1.8179903 -0.63704544 6
17.994345 -1.5489956 -0.6345402 36
18.010328 -1.2839725 -0.6383729 4
18.039639 -1.0259404 -0.64880055 6
18.860502 -0.79932195 -0.69124937 7
10.004281 1.1934557 -0.68561023 9
10.663113 1.1875672 -0.61044627 1
6.9221001 1.2637097 -0.60453963 0
9.9955921 1.244076 -0.60177088 15
-1.2602845 -9.6406202 -0.57491088 30
-0.37572128 -9.6600227 -0.51186109 89
0.33876443 -9.6800566 -0.56183672 129
6.5860195 -2.6135418 -0.58778483 1
12.852347 -2.0199528 -0.54963654 19
-1.1174812 -1.9133797 -0.50779665 8
-0.55297118 -1.9223623 -0.50995517 11
-0.42288005 -1.9551606 -0.51460564 11
-0.28587288 -1.9273113 -0.51693559 10
-1.0994487 -1.8839947 -0.50143677 7
-0.7961427 -1.8823639 -0.50476319 13
-0.54027963 -1.815354 -0.51892352 36
-1.0618185 -1.7673068 -0.50392485 9
-0.7644648 -1.7508228 -0.50500166 12
-0.40850359 -1.7951587 -0.50732732 11
-0.36661977 -1.7698756 -0.50135612 14
-0.28348038 -1.7713106 -0.51070827 12
-2.5454345 -1.6604052 -0.50167185 7
-1.0150936 -1.6422458 -0.50083745 10
-0.7358467 -1.625784 -0.50152874 11
-0.52171761 -1.6493239 -0.50431263 10
-0.37967226 -1.6610156 -0.5036664 11.5
-0.27385271 -1.6339473 -0.50385368 15.5
-2.4500985 -1.5646243 -0.51303691 5
-2.3567319 -1.5062636 -0.51363021 5
-0.5089137 -1.541309 -0.50323266 17
-0.38951147 -1.5961577 -0.51871604 42
-0.27247995 -1.5264474 -0.50323689 1.5
-2.2637947 -1.4060611 -0.50463271 4
-0.35502392 -1.4458671 -0.5004245 2
-4.2531877 -1.1423247 -0.56495816 0
-2.5827456 -1.1001732 -0.50807899 5
-3.8276842 -1.0857565 -0.5268805 0
-3.5666769 -1.0674132 -0.50953454 2
-6.00984 1.5584968 -0.52492172 0
2.819634 -9.7745752 -0.40655115 93
-2.2056055 -9.6052246 -0.4334428 122
-0.56052977 -9.6594458 -0.42384711 54
0.11409905 -9.6631374 -0.45847911 134
0.63966507 -9.6781559 -0.49173278 81
-2.6959298 -9.5804777 -0.40574983 99
-2.8012075 -9.032114 -0.42523435 30
-0.27492276 -2.2491703 -0.42333636 27
7.0645709 -2.2511485 -0.4574331 3
-0.63569587 -2.1480532 -0.48261625 13
-0.2673673 -2.1535351 -0.43313006 91
7.088357 -2.1602871 -0.46045059 0
-0.84457511 -2.0796778 -0.42232966 17.5
-0.58309752 -2.0460148 -0.48319304 12
-0.31627586 -2.0031769 -0.44991082 10
-0.17579383 -2.0487709 -0.43343532 9.5
-0.091664962 -2.0965152 -0.44869339 12
0.41660237 -2.0692902 -0.43635905 18
0.50629866 -2.0724897 -0.46182045 15.5
0.60570109 -2.0023232 -0.43964154 16
0.86153936 -2.0270357 -0.45976639 12
1.0679886 -2.0485632 -0.43019158 13
1.3315244 -2.0813513 -0.42152217 18
1.5773757 -2.0527215 -0.43208694 13.5
2.0367374 -2.0177732 -0.44438213 4
2.1658196 -2.0294735 -0.45171505 9
2.2633657 -2.0060432 -0.40747383 5
5.8742433 -2.0379763 -0.4497183 0
7.1338553 -2.0520804 -0.40701357 3
7.2088599 -2.0862155 -0.44134897 3
8.2823353 -2.0295765 -0.43469959 3
8.3078718 -2.0331938 -0.40035143 7
12.833347 -2.0408597 -0.48335433 20
-1.4464124 -1.9789264 -0.47689438 9
-1.2158506 -1.9121886 -0.45502782 12
-1.1955781 -1.9562526 -0.4840185 11
-0.81587011 -1.920113 -0.43469095 28.333334
-0.79803801 -1.9209461 -0.42794508 34
-0.53327662 -1.9419683 -0.48072851 8
-0.37559354 -1.9038465 -0.4087542 46
-0.27475068 -1.9550637 -0.44105837 26
-0.077690579 -1.9294991 -0.44914424 8
0.39029312 -1.9343319 -0.44295281 8
0.52820826 -1.9455221 -0.4713898 9.5
0.8656677 -1.9140826 -0.47370452 9
0.99767137 -1.9857951 -0.45917374 11
1.0013129 -1.912649 -0.43353391 8
1.5201887 -1.9057164 -0.44453353 6
2.1505733 -1.921993 -0.42148471 7
11.268417 -1.9404373 -0.46328664 18.5
-2.6331325 -1.8456765 -0.44481105 7.5
-1.2419329 -1.8841389 -0.42932197 18
-1.1221671 -1.8781893 -0.48393619 6
-1.0940734 -1.8657556 -0.45180577 87
-0.79351521 -1.8858309 -0.4612934 30
-0.54987228 -1.8913233 -0.45448357 150
-0.4545857 -1.8453556 -0.47092709 65
-0.37221473 -1.8448546 -0.43657994 134
-0.16661835 -1.8579404 -0.4261274 27.5
0.066123337 -1.8143835 -0.44862449 7
0.36755171 -1.8123629 -0.44741446 7
0.55819219 -1.8446999 -0.45864812 8
0.64852798 -1.848103 -0.46524742 11.5
0.77055871 -1.8519584 -0.4562493 7
0.96759713 -1.8162607 -0.44849831 8
1.4782957 -1.892904 -0.42159483 7
1.9471668 -1.8418542 -0.44276518 2
2.0458696 -1.8415631 -0.43472186 4
9.2066774 -1.8420391 -0.42476356 3
10.07949 -1.8782222 -0.42705217 8.5
-2.6472185 -1.7525561 -0.44391382 45
-1.8210168 -1.7713473 -0.42976093 6.5
-1.4236021 -1.781794 -0.43246478 11
-1.3585718 -1.7064538 -0.40738454 6
-1.1726781 -1.7036668 -0.47111094 10
-1.0535369 -1.7764326 -0.46812519 14.333333
-0.98892933 -1.7300662 -0.48070204 8
-0.76310271 -1.7378265 -0.49935597 12
-0.63660395 -1.7389662 -0.46844262 16
-0.36883116 -1.7908628 -0.46440387 78
-0.24976176 -1.7349892 -0.44964147 14.666667
-0.1503796 -1.7202885 -0.44847977 8
-0.065809928 -1.7784845 -0.44883454 7
0.21166974 -1.7299889 -0.44229007 7
0.46641204 -1.7420776 -0.47742665 1
0.54430532 -1.7627084 -0.45716974 7
0.64837974 -1.7387344 -0.44463673 8.666667
0.72391546 -1.7595032 -0.42054924 12
0.85340899 -1.7190218 -0.45584965 9
1.1114967 -1.7329738 -0.44145462 8.5
1.2473295 -1.7455286 -0.4397243 16
1.3925484 -1.7830151 -0.42527115 7
1.4748899 -1.7567562 -0.44529998 8
1.8899095 -1.7124655 -0.41772476 3
1.9511065 -1.7172376 -0.43869644 2.5
-2.5722187 -1.6583594 -0.49948639 8
-2.2424657 -1.6888525 -0.40691084 4
-1.7284936 -1.6549277 -0.47019348 8
-1.1421527 -1.6461315 -0.45616513 14
-1.0605406 -1.6145681 -0.48527646 9
-0.96337008 -1.6394534 -0.48571154 9.5
-0.87730628 -1.6029618 -0.47741508 8
-0.73260683 -1.6097842 -0.49407619 11
-0.58059967 -1.6779257 -0.48454994 8
-0.41204542 -1.6978723 -0.47950625 8
-0.37747186 -1.6068232 -0.47285068 8
-0.2415702 -1.6551112 -0.43954468 16
-0.19448289 -1.6804386 -0.48030698 10
-0.056747846 -1.6534749 -0.44986069 7
0.069608368 -1.6733686 -0.44561309 6
0.20016371 -1.6330105 -0.44932908 6
0.33951926 -1.6343827 -0.44814295 11.5
0.46717936 -1.6550819 -0.47839469 8
0.54716504 -1.6548491 -0.46639311 8
0.68767756 -1.6975896 -0.43529207 7
0.78592265 -1.6869559 -0.46674651 9
0.87290096 -1.647414 -0.44896615 10.5
0.98369068 -1.6988021 -0.46014982 9
1.0373435 -1.6325748 -0.43243098 7
1.1039838 -1.6104442 -0.45111394 10
1.3125076 -1.6771168 -0.42620605 7
1.4358884 -1.6287884 -0.44525152 9
1.5506667 -1.643692 -0.44032067 12
1.7927413 -1.6272193 -0.4243108 5
-2.1243145 -1.5674464 -0.44179621 12.333333
-2.0867071 -1.558953 -0.47337198 10.75
-1.7272072 -1.5787714 -0.45609227 8.8000002
-1.6562971 -1.5338923 -0.48820868 6.3333335
-1.3039485 -1.5669919 -0.44161257 15
-1.2800477 -1.5552025 -0.46401596 11.4
-1.1776878 -1.58764 -0.40151748 10
-0.97468203 -1.527517 -0.48985624 9.333333
-0.82642519 -1.5409265 -0.4744553 9
-0.71019912 -1.5147494 -0.4983111 2
-0.53600645 -1.5828879 -0.4773109 8
-0.49892032 -1.5228587 -0.47945493 9
-0.35251141 -1.5428367 -0.48689461 11
-0.23056944 -1.5762053 -0.44511795 9
-0.14970772 -1.5650321 -0.46658477 6.6666665
-0.047655337 -1.5384632 -0.44945735 6
0.072799988 -1.5513757 -0.4438687 7
0.19368857 -1.5290182 -0.45008332 7
0.47695243 -1.5477748 -0.46210641 11.5
0.56475121 -1.5522956 -0.46916461 8
0.65397877 -1.572363 -0.45005152 7.75
0.79177803 -1.5679547 -0.46512401 10
0.84809899 -1.5898461 -0.44137508 11
0.98175669 -1.5677137 -0.44837302 11.5
1.2360352 -1.5923734 -0.44168442 9
1.4039873 -1.517823 -0.4484424 9
1.6938118 -1.5486956 -0.42098278 5
1.7112356 -1.5568638 -0.43099427 7
2.2732894 -1.5033685 -0.42497969 3
2.3924818 -1.5772941 -0.42122513 0
2.4069059 -1.5743189 -0.42805922 2
-2.0037661 -1.4357358 -0.49589068 5
-1.981023 -1.4689806 -0.49638832 5
-1.6421893 -1.4480398 -0.48816621 3.5
-1.5713996 -1.4433346 -0.48162249 5.3333335
-1.4848847 -1.4282954 -0.47415274 5
-1.2336888 -1.4246318 -0.49597955 11
-1.1918768 -1.4096329 -0.48620182 9
-0.92854875 -1.4364647 -0.48558 6.6666665
-0.88032335 -1.4153651 -0.47761345 10
-0.74129128 -1.4738261 -0.47876894 6
-0.68507063 -1.4052236 -0.48933518 5.5
-0.47966218 -1.4400543 -0.48611492 1.5
-0.3473866 -1.4629644 -0.48443148 1
-0.2612232 -1.4304368 -0.48165441 14.2
-0.15488414 -1.4560454 -0.4491998 7
-0.03854955 -1.4354516 -0.44903541 6
0.072028644 -1.4533781 -0.44490844 6
0.18865444 -1.4310223 -0.44943553 8
0.33483103 -1.4538069 -0.46538624 6
0.46401837 -1.4438809 -0.46584621 6
0.57746601 -1.4491236 -0.46059659 8
0.68396688 -1.4795805 -0.45809883 10.5
0.782686 -1.4339485 -0.45045546 6
0.84877962 -1.4615302 -0.44452921 7.3333335
0.95393932 -1.47173 -0.44689181 10.5
1.0851671 -1.4924517 -0.44930822 9
1.154505 -1.4688201 -0.43164256 7.5
1.2077063 -1.487554 -0.45319438 11
1.3690945 -1.4088435 -0.44529974 7
1.4771321 -1.40326 -0.45162243 9
1.534655 -1.4483304 -0.43683171 7.6666665
1.624999 -1.4903297 -0.42999411 6.5
2.1609836 -1.4509621 -0.42371547 3.5
2.25388 -1.4994218 -0.41750136 3
2.7174668 -1.4082186 -0.44149482 0
-2.2145598 -1.3931 -0.49968612 4
-1.9071101 -1.3416195 -0.48918837 3
-1.8667241 -1.3608505 -0.485021 4
-1.5313008 -1.3654029 -0.48745245 5.5
-1.4506663 -1.3592018 -0.47813591 6.3333335
-1.3316345 -1.3471508 -0.473259 6.5
-1.2476703 -1.3000693 -0.47171855 7
-1.1634722 -1.3275697 -0.48676619 5.5
-0.87204385 -1.3403991 -0.48249078 4
-0.78781241 -1.3152797 -0.47615838 12
-0.67166162 -1.341743 -0.47906402 3.5
-0.43852744 -1.3479446 -0.47877908 3.3333333
-0.35985747 -1.344008 -0.49193606 2
-0.25378317 -1.3451788 -0.47581661 1.5
-0.12948519 -1.3451056 -0.4502666 4.6666665
-0.034418859 -1.3524506 -0.45205081 8
0.069840394 -1.3723863 -0.44728786 0
0.18504483 -1.3420247 -0.44879609 1
0.33932132 -1.3506899 -0.46873441 4.1999998
0.45595679 -1.3452927 -0.4598605 4.5
0.54119891 -1.3595623 -0.46726575 5.6666665
0.73679143 -1.3419857 -0.4434278 2
0.83341378 -1.36589 -0.4518452 11.666667
0.96585143 -1.3748107 -0.45520657 13
1.0608606 -1.3454599 -0.443216 9.25
1.1815214 -1.3455703 -0.45159107 14.5
1.3439672 -1.3188665 -0.44634384 2
1.4469874 -1.331214 -0.43613014 7.1999998
1.8869104 -1.3066478 -0.42638987 6.5
1.9651071 -1.3465967 -0.42384809 5.5
2.0552549 -1.3935354 -0.42292932 4
2.7132831 -1.3414104 -0.44221795 0
3.0963938 -1.34211 -0.4399502 0
-2.1181023 -1.2908778 -0.48537529 4
-2.051929 -1.250356 -0.48212779 4
-1.9906341 -1.2128488 -0.48031354 5
-1.8223909 -1.2595179 -0.48356086 5
-1.7444191 -1.242229 -0.47896066 5
-1.4471997 -1.2519255 -0.48415557 7.6666665
-1.3753005 -1.250097 -0.47971937 3
-1.2675507 -1.2243531 -0.47418001 7
-1.144789 -1.2512546 -0.47700781 4.25
-1.0969355 -1.2079091 -0.46783084 7
-0.86510509 -1.2539086 -0.48500419 2
-0.72590351 -1.2437215 -0.47274143 2
-0.63940912 -1.256022 -0.47759977 2.3333333
-0.57650077 -1.2401998 -0.46841499 1
-0.47496194 -1.2422591 -0.48330855 3
-0.35774016 -1.2528708 -0.4792645 2
-0.27088857 -1.2419438 -0.48958793 2
-0.19095325 -1.2880558 -0.45172948 3
-0.058636941 -1.2438345 -0.44934011 4.5
0.074044511 -1.2443726 -0.44495174 5
0.18216042 -1.2600255 -0.4474504 2
0.29133701 -1.2578813 -0.44057226 5.5
0.35098311 -1.2490134 -0.47383165 6.5
0.44574356 -1.2732991 -0.4588328 3
0.52742839 -1.2524686 -0.4535524 2.6666667
0.68666375 -1.2445931 -0.4452323 1
0.74410141 -1.2428787 -0.4423075 2.5
0.82001048 -1.2798854 -0.44773808 1.3333334
0.97562581 -1.2631744 -0.44376802 1.5
1.0505313 -1.234483 -0.45209765 3
1.1597587 -1.224584 -0.4523446 4
1.2973258 -1.2051624 -0.43168196 9
1.3447971 -1.2443067 -0.43684435 4.6666665
1.4189219 -1.2313052 -0.45008725 1
1.7365799 -1.2217448 -0.42839581 6.5
1.8080282 -1.262199 -0.4275066 6
2.5954609 -1.2853425 -0.43162975 2
2.6309037 -1.2495129 -0.44108886 2
2.9990339 -1.2794937 -0.43660617 2
3.0130124 -1.2542011 -0.44308615 3
-1.9280277 -1.1487286 -0.47689086 5.5
-1.7514179 -1.1894367 -0.4811824 4
-1.6647576 -1.1334953 -0.47656924 7
-1.3527207 -1.1402886 -0.47936738 5
-1.1553395 -1.1562121 -0.47205463 5.5
-1.0555719 -1.1443765 -0.47395378 3
-0.96755165 -1.1207786 -0.46306056 1
-0.82340229 -1.1406043 -0.47693354 3
-0.62968081 -1.1358515 -0.4749029 3.1428571
-0.51725268 -1.1631441 -0.46611288 1.5
-0.46825194 -1.132368 -0.47666726 2.3333333
-0.33652768 -1.1525687 -0.47948906 2.6666667
-0.27026376 -1.1437292 -0.48485613 2.3333333
-0.039822984 -1.1563605 -0.45061135 1
0.075421423 -1.1383656 -0.44392216 2
0.18466954 -1.1394017 -0.45662847 2
0.27145737 -1.1349039 -0.44365573 2
0.34012866 -1.1729881 -0.46972951 3.3333333
0.45015162 -1.1506451 -0.44306216 2.75
0.6545915 -1.1460862 -0.44234496 3
0.72535723 -1.1348754 -0.44225657 2
0.82486904 -1.1379815 -0.448672 2
0.941212 -1.1556768 -0.44213676 2.3333333
1.0380261 -1.1574827 -0.44939905 8
1.1723599 -1.1304343 -0.44040906 8.5
1.2424849 -1.1476898 -0.43652749 2
1.5561254 -1.1203645 -0.43448746 1.5
1.6401727 -1.1675589 -0.4308058 7.5
1.8841133 -1.1122141 -0.43187734 6
1.9417158 -1.1297079 -0.4249846 4.3333335
2.0531223 -1.1625357 -0.43034443 2.2
2.1134624 -1.1848462 -0.41620874 1
2.4561791 -1.1174994 -0.43216321 3
2.5437503 -1.1845102 -0.4369936 2.5
2.8445232 -1.1146781 -0.43751007 4
2.9140697 -1.1764567 -0.43722528 3.5
-2.973134 -1.0266373 -0.475936 0
-2.8282468 -1.0439599 -0.48171705 1.5
-2.6525705 -1.0402368 -0.47930449 3
-2.559957 -1.0441219 -0.48130065 3
-2.3730717 -1.0408881 -0.4828105 4
-2.2349646 -1.0117043 -0.47085059 3
-2.1465168 -1.0035925 -0.47006661 3
-1.844462 -1.0742892 -0.47407913 5
-1.7766589 -1.0366373 -0.47290045 5
-1.6373276 -1.074309 -0.47893828 7
-1.5695602 -1.0474601 -0.47640297 4.6666665
-1.3307741 -1.0768616 -0.47949022 8
-1.2715026 -1.043999 -0.47478583 2
-1.0159553 -1.0268431 -0.47621697 3
-0.96151292 -1.0470262 -0.46389961 1.25
-0.86338872 -1.0536827 -0.46304584 1.3333334
-0.7902174 -1.0305526 -0.47329313 3.25
-0.60469997 -1.0466201 -0.47891432 4
-0.55288666 -1.0420623 -0.47000495 3
-0.43864241 -1.0396286 -0.47088441 2.4000001
-0.34116077 -1.0412854 -0.48362741 3.6666667
-0.2710022 -1.0665619 -0.47732997 2.5999999
-0.076520376 -1.087217 -0.44906789 0
0.074652418 -1.0518721 -0.4463369 2
0.14494984 -1.0483148 -0.45559314 1.5
0.23040387 -1.0315326 -0.45905352 2
0.36022362 -1.0426875 -0.44711527 2.3333333
0.45564836 -1.0297527 -0.44324026 2
0.65342927 -1.0567091 -0.44340032 2.5
0.71084428 -1.0511067 -0.44636351 2
0.83991891 -1.0507228 -0.44646138 2.8571429
0.95042717 -1.0508189 -0.45301548 3.5
1.0583091 -1.0499537 -0.44470686 1
1.138737 -1.0555166 -0.44062114 2
1.3920544 -1.0162275 -0.43143052 2
1.4479293 -1.0506773 -0.43402705 4.25
1.5332541 -1.0604485 -0.43669999 6
1.6672302 -1.0192803 -0.4319261 3.3333333
1.7530619 -1.056167 -0.4292568 7
1.8296876 -1.087647 -0.42889816 6
1.9740998 -1.0417186 -0.43931866 5
2.0319686 -1.063244 -0.44224876 4
2.3997517 -1.0455626 -0.43227813 3
2.4665713 -1.0592178 -0.43974349 3
2.7741318 -1.0271263 -0.4372904 3
2.8514214 -1.090399 -0.44054973 4
-2.6590569 -0.90838897 -0.46492296 3
-2.5490057 -0.92477357 -0.46533364 3.5
-2.4475548 -0.93916839 -0.46601003 3
-2.3602037 -0.95708549 -0.47022325 3
-2.2393072 -0.95395184 -0.46562988 3
-2.1479435 -0.95985895 -0.46653897 3
-2.0602417 -0.97862637 -0.46821073 3
-1.9594598 -0.97250921 -0.46776974 3
-1.8504437 -0.96110457 -0.46678397 2.3333333
-1.7441767 -0.96575689 -0.46956718 3.6666667
-1.6623921 -0.92445976 -0.46983635 6
-1.5335484 -0.9701876 -0.47360462 7
-1.4592702 -0.95846635 -0.47171935 4
-1.2364969 -0.9492476 -0.47508237 2
-1.1814861 -0.94750875 -0.46808144 3
-0.94257426 -0.94810444 -0.46966597 3
-0.84161448 -0.94548297 -0.46295133 1.6666666
-0.75287491 -0.95014626 -0.47077051 3.5555556
-0.6779511 -0.92251587 -0.46397209 3
-0.57084203 -0.97147882 -0.47554415 3.5999999
-0.46050596 -0.94306105 -0.47268263 3
-0.35536909 -0.95610648 -0.46896118 2.5999999
-0.26841751 -0.95944434 -0.47883463 3.25
-0.1536617 -0.98103637 -0.46497005 0
0.076037169 -0.9438647 -0.44531479 0.5
0.15013321 -0.94875318 -0.4562788 1.2
0.2290356 -0.93903047 -0.45742115 1.75
0.36661655 -0.96261358 -0.44750646 3
0.43416953 -0.94231337 -0.45428866 1.4
0.57669502 -0.95218605 -0.44200948 3
0.641119 -0.96382064 -0.44479674 3
0.7393797 -0.94602019 -0.44792685 2.6666667
0.82215768 -0.95841801 -0.44994295 2
0.96880031 -0.93817115 -0.44599587 2.5
1.038039 -0.95015621 -0.44206351 2.4000001
1.2498524 -0.92761707 -0.43629581 1.8
1.332924 -0.97550642 -0.43523756 2.25
1.4615158 -0.92263442 -0.4345232 2
1.5443544 -0.96147317 -0.43553257 3.6666667
1.6093819 -0.97210872 -0.43840301 7
1.8695235 -0.90452808 -0.43620932 7
1.9321129 -0.95541406 -0.44068885 6.5
2.3443763 -0.94124633 -0.43606827 3.5
2.6551738 -0.90689963 -0.43493342 3
2.719038 -0.96269327 -0.43779123 3.5
-2.9551134 -0.86320865 -0.46981791 0
-2.8090947 -0.87954587 -0.46453637 0
-2.7319946 -0.89446443 -0.46431512 0
-1.5218431 -0.81838346 -0.46279293 4
-1.4591606 -0.89111084 -0.47594577 7
-1.3660364 -0.84479046 -0.4710052 4.5
-1.2280008 -0.86639565 -0.46021026 1.5
-1.1476502 -0.84385169 -0.46372789 1.5555556
-1.0592386 -0.81614411 -0.46161476 1.75
-0.94850868 -0.83337307 -0.46878171 3
-0.88628101 -0.84335792 -0.47058979 4
-0.72243369 -0.85314274 -0.46877652 3.4285715
-0.64763856 -0.85103428 -0.46308073 4.5
-0.56608027 -0.84472978 -0.46665663 3.8888888
-0.42953068 -0.86189544 -0.46857825 4.4000001
-0.34035304 -0.85527307 -0.46814156 4.0999999
-0.26809263 -0.84967434 -0.47469544 3.8
-0.10165273 -0.88073629 -0.45105916 1
-0.071982078 -0.82564092 -0.45228785 3
0.026741195 -0.82756418 -0.45644003 4.75
0.14771958 -0.87853789 -0.45656168 0
0.23317307 -0.8459276 -0.44505477 2.5
0.35567239 -0.83377498 -0.44992456 2.1666667
0.4220776 -0.84912837 -0.45050499 2.5
0.56195593 -0.83778399 -0.43950421 4.5999999
0.60938531 -0.8917942 -0.43631443 3
0.7328319 -0.86091882 -0.44071513 3
0.82642114 -0.86794603 -0.45000738 1
0.94614267 -0.85110402 -0.44072601 3.1666667
1.1462506 -0.84359854 -0.43821806 2.1428571
1.2546498 -0.83615547 -0.43988335 2.5555556
1.3508251 -0.86444205 -0.43574566 2.8
1.4570035 -0.86036319 -0.43752047 4.6666665
1.5690119 -0.87203711 -0.44565099 5
1.8653908 -0.84598827 -0.44009113 7
1.9261638 -0.89337635 -0.44542813 7
2.2514987 -0.82414031 -0.43573877 4.6666665
2.3030875 -0.85292262 -0.44022638 4
2.5939114 -0.84396869 -0.43172604 3
2.6526065 -0.86764407 -0.44005269 3
-1.528253 -0.79325145 -0.46499228 3
-1.3926511 -0.70723617 -0.45004451 1
-1.2923781 -0.78332472 -0.47119033 0
-1.1137278 -0.77659869 -0.47317928 1
-1.0492085 -0.77360922 -0.46428123 0.83333331
-0.94476581 -0.76384002 -0.46077451 1.8333334
-0.86208773 -0.75166786 -0.46116912 1.5555556
-0.75646299 -0.72952414 -0.4579246 2.5
-0.65548301 -0.77188623 -0.46443254 3.75
-0.54898494 -0.75985008 -0.46340773 4.25
-0.47014925 -0.73531324 -0.45393282 4.75
-0.33350924 -0.75090963 -0.45940232 4.1666665
-0.26395339 -0.76637304 -0.47442722 1
-0.050606914 -0.75392121 -0.45181403 3.5555556
0.034292601 -0.7575798 -0.45561886 3.5
0.18936512 -0.70653057 -0.46102661 1
0.22795159 -0.75430042 -0.4543556 0.5
0.35831603 -0.74762255 -0.45339978 1.8333334
0.4929195 -0.7157836 -0.4374105 5
0.52618361 -0.75520432 -0.43808556 5.4000001
0.67426801 -0.74718231 -0.43747464 5.5
0.85353714 -0.74251014 -0.44012207 4.5555553
0.96993691 -0.73704249 -0.4431113 4.5
1.0615755 -0.75741094 -0.44333029 2.7272727
1.1606286 -0.75024736 -0.44099197 3
1.2513115 -0.76406747 -0.44470415 3.8
1.4404302 -0.7468279 -0.43470091 3
1.5151383 -0.75641298 -0.44200191 1.6666666
1.7741336 -0.73062456 -0.43612701 4.5
1.8326392 -0.76350838 -0.4420076 7
2.1755877 -0.73431331 -0.43370932 6
2.2185783 -0.73300433 -0.44018301 6
2.5472655 -0.76289809 -0.43489298 3
-1.6781602 -0.60609376 -0.46199614 6
-1.5481981 -0.61667365 -0.46249405 7.3333335
-1.4302547 -0.65846342 -0.4580054 4
-1.3587302 -0.63795286 -0.47136062 1
-0.85132951 -0.69094759 -0.44943923 2
-0.74337971 -0.66084731 -0.45479542 3.5714285
-0.6613813 -0.63855982 -0.45531416 5
-0.54459333 -0.65493953 -0.45390797 4.4000001
-0.43880022 -0.65004611 -0.4563846 3.5
-0.36137846 -0.63009191 -0.45537058 2.6666667
-0.26372838 -0.61694348 -0.46791771 0
-0.15882438 -0.60578376 -0.44845337 4
-0.059473813 -0.63868225 -0.45288494 3.8888888
0.058379769 -0.6469146 -0.44868842 4.7142859
0.17722327 -0.6476143 -0.45171964 3.6666667
0.23513131 -0.63979119 -0.45840845 4.1999998
0.36548814 -0.65506899 -0.45777026 3.625
0.47946796 -0.64708763 -0.43996844 4
0.51042438 -0.68483663 -0.43624368 5
0.61942613 -0.64549935 -0.43668938 4.75
0.76535308 -0.63722169 -0.4397741 4.6999998
0.84856015 -0.63578731 -0.438555 5.1666665
0.95070213 -0.64719796 -0.44039312 5.4117646
1.0456414 -0.66083628 -0.43994248 4.6363635
1.1643537 -0.65592736 -0.44108438 3.6666667
1.2419976 -0.6397779 -0.44991103 5.3333335
1.3976616 -0.61536652 -0.43809122 3
1.4464862 -0.65341628 -0.43990421 2.8
1.7579015 -0.64910883 -0.43994653 4.25
2.145098 -0.64897043 -0.43823236 6.25
2.4612591 -0.64162737 -0.43538731 3.5999999
2.5018041 -0.68682593 -0.43579566 3
-2.0446167 -0.51554286 -0.46000087 3.5
-1.9459996 -0.53014547 -0.4611176 4.3333335
-1.8454581 -0.5485521 -0.45956472 5.5
-1.7389408 -0.57167923 -0.4592073 6.1999998
-1.6495208 -0.5862605 -0.46209311 8
-1.5804846 -0.5981828 -0.46135575 8
-0.93949646 -0.51138759 -0.46265507 0
-0.88726002 -0.51726717 -0.45902073 0
-0.75489503 -0.52041036 -0.45720986 0.66666669
-0.6227302 -0.55045152 -0.45695856 2.7777777
-0.53852159 -0.54942924 -0.45087558 3.2
-0.45772874 -0.54162759 -0.451877 3.5
-0.35397327 -0.5410006 -0.46092463 3.5833333
-0.27197376 -0.54406756 -0.459613 3.4444444
-0.14709595 -0.57225835 -0.44257778 4
-0.031266477 -0.54340059 -0.44849181 4.1666665
0.060978319 -0.55005825 -0.4487111 4.3846154
0.15896784 -0.54157281 -0.44918978 4.6666665
0.24168867 -0.54333091 -0.45119953 4.75
0.35691908 -0.54504412 -0.45243031 5.6666665
0.4614304 -0.57889956 -0.44090059 3
0.57716048 -0.56605256 -0.44122124 3.25
0.68923742 -0.52439809 -0.44011241 4
0.74529564 -0.55061072 -0.44078124 4.1999998
0.84456849 -0.54395974 -0.44043374 4.2962961
0.93540686 -0.56105018 -0.43894547 5.0714288
1.0484816 -0.5473336 -0.44028017 5.6666665
1.1405392 -0.55460262 -0.43785691 4
1.2064965 -0.53647041 -0.43853489 5.3333335
1.3773403 -0.54971886 -0.43897733 3.3333333
1.4353747 -0.54882735 -0.44399834 3
1.6862615 -0.55270845 -0.43399167 3.6666667
1.7376566 -0.56294125 -0.4428421 4
2.0763469 -0.54273748 -0.43695292 6.75
2.1255519 -0.57712233 -0.44353387 6.5
2.3869283 -0.53021491 -0.4342342 3
2.4156902 -0.55501604 -0.43713966 3.3333333
-2.2439768 -0.42878795 -0.45751247 3
-2.1318421 -0.48014861 -0.45810428 3.5
-2.0500834 -0.43269968 -0.45740771 3.6666667
-1.9640133 -0.47510403 -0.45758179 5
-1.8011636 -0.40032688 -0.45770812 6
-1.7551261 -0.42177221 -0.45723695 6
-1.6543338 -0.4646576 -0.46033585 7
-1.5621403 -0.49204916 -0.46010292 8
-1.022253 -0.47410408 -0.45621026 0.5
-0.96027672 -0.44781661 -0.45761657 1.6
-0.86277401 -0.44300789 -0.45396638 3.75
-0.72917593 -0.46080753 -0.45639551 4.625
-0.64056492 -0.45089632 -0.45913473 4.5999999
-0.58677071 -0.43825656 -0.45144859 5
-0.46324566 -0.45100331 -0.4527306 5.2857141
-0.35842484 -0.44811541 -0.45700651 5.8888888
-0.27501664 -0.47498819 -0.46057338 5.125
-0.1751993 -0.47669777 -0.44976896 1
-0.033321012 -0.44407359 -0.44986576 3.7857144
0.05743017 -0.44755107 -0.44727063 4.5
0.151558 -0.44933727 -0.45064005 4
0.25286496 -0.4460907 -0.45216584 4.625
0.35528728 -0.44709629 -0.44990447 5.0714288
0.40847695 -0.44522333 -0.44204322 3
0.50807959 -0.40113014 -0.44134754 2
0.66352689 -0.47941884 -0.43474606 3.25
0.74971288 -0.44818357 -0.44010669 3.4000001
0.83251476 -0.45482752 -0.44197673 4.0769229
0.93850255 -0.44828844 -0.4406552 4.875
1.0371293 -0.4470745 -0.44066253 5
1.1547548 -0.45083988 -0.43752676 6
1.3550665 -0.43756968 -0.4388752 3.4000001
1.4112717 -0.46618661 -0.44682464 3
1.6618819 -0.44671139 -0.43590435 2
1.7036842 -0.49764854 -0.44036427 2
2.040889 -0.45142481 -0.43836817 7
2.3559239 -0.45679298 -0.43447706 3.1666667
-2.416151 -0.32799962 -0.45617187 3
-2.3505373 -0.36841878 -0.45619494 2.5
-2.2236347 -0.31539053 -0.45557517 3
-2.1527109 -0.3741475 -0.45741311 3
-1.9413899 -0.32599106 -0.45883408 5
-1.8670567 -0.3707374 -0.45923766 5.3333335
-0.92845315 -0.3468909 -0.44999442 3.5
-0.83874488 -0.35680923 -0.45225546 4.1111112
-0.75608653 -0.35624242 -0.45615691 4.2857141
-0.67457759 -0.34754801 -0.44870904 5.375
-0.56948376 -0.35480309 -0.45062912 5.5555553
-0.46723178 -0.35158113 -0.44792476 5.8333335
-0.34934708 -0.36164609 -0.45029891 5.5
-0.2893692 -0.39817756 -0.4506104 6
-0.14006674 -0.34539303 -0.44243044 3.4000001
-0.031779874 -0.36619353 -0.44755188 4.1428571
0.055193812 -0.35782617 -0.44913721 4
0.14896829 -0.34819794 -0.45239314 4.25
0.2597447 -0.34689215 -0.44885576 4.2941175
0.37837642 -0.34742388 -0.44867206 5.375
0.48921254 -0.34481975 -0.44251022 5
0.55431199 -0.33570352 -0.43688795 3
0.69457877 -0.39285949 -0.42269143 2
0.75242645 -0.36272168 -0.43924791 3.625
0.8436535 -0.34846029 -0.44449186 4.5
0.93576211 -0.35146463 -0.44147268 4.0999999
1.0486023 -0.33275923 -0.44017366 4.5714288
1.144469 -0.35266668 -0.43624264 5.125
1.3421054 -0.34344921 -0.43574053 3
1.6313705 -0.35137105 -0.43671885 2.125
1.9857579 -0.34936032 -0.43334365 7.6666665
2.0156403 -0.35525584 -0.44159573 7
2.3180645 -0.35817051 -0.43447933 4.1666665
-2.5483699 -0.21916133 -0.45489836 2
-2.4791365 -0.2835778 -0.45671472 2.5
-2.3193536 -0.2249963 -0.45484841 3
-2.2762084 -0.26494709 -0.4541713 3
-2.0421557 -0.23985638 -0.45612398 3.25
-1.9799446 -0.29553437 -0.45711207 4
-0.85249388 -0.25767782 -0.44896927 4.0999999
-0.76767653 -0.24943095 -0.44998851 4.625
-0.6480369 -0.25236493 -0.44445801 5.5
-0.54422516 -0.24739197 -0.45077056 6.7142859
-0.45497686 -0.25479862 -0.45510924 7.125
-0.35367727 -0.24219315 -0.45550314 6.5
-0.2396941 -0.21050066 -0.44251162 6
-0.1522356 -0.23123379 -0.43984234 4.5
-0.023011388 -0.24027215 -0.4450922 4.4285712
0.043923516 -0.23444326 -0.45041451 4.1111112
0.13738444 -0.25580347 -0.44882098 3.6666667
0.26126081 -0.24662337 -0.44769007 4.3499999
0.36997116 -0.24706525 -0.44724593 5
0.46363875 -0.25743383 -0.44734874 5.75
0.55915791 -0.24633072 -0.44684613 4.9166665
0.6192013 -0.23925605 -0.4435145 4.7142859
0.75030756 -0.25908735 -0.43743387 5
0.84710902 -0.25165957 -0.43991905 4.6999998
0.93311095 -0.25195166 -0.44209301 4.5454545
1.057842 -0.24362525 -0.43808752 4.5
1.1511496 -0.24351192 -0.43598962 5
1.2990777 -0.22343136 -0.43185392 5.5
1.3386515 -0.25872704 -0.43981791 3.4285715
1.5956483 -0.25078893 -0.43350083 2.25
1.6207223 -0.25450459 -0.44040221 2
1.9734566 -0.24904759 -0.43652186 5.25
2.2895775 -0.24241529 -0.43324736 4.3333335
2.304708 -0.28406438 -0.43577752 4
-2.6070747 -0.13022877 -0.44994497 2
-2.595413 -0.16721854 -0.45410848 2
-2.3666718 -0.15129463 -0.4518899 2.5
-2.1399395 -0.1273855 -0.45404842 3
-2.0959105 -0.17966723 -0.4541893 3
-0.82081288 -0.14797164 -0.44719732 3.75
-0.7484833 -0.15632823 -0.44224462 5.8000002
-0.63742256 -0.14386228 -0.44828543 6.7777777
-0.54080737 -0.14939043 -0.45634782 7
-0.44186127 -0.14479327 -0.45396623 6.625
-0.3342765 -0.15266459 -0.45862171 6.8571429
-0.23796988 -0.13652541 -0.42523721 5
-0.16531922 -0.14480966 -0.43323663 5.090909
-0.051398799 -0.15180834 -0.45187393 5
0.065205403 -0.14673096 -0.44966894 4.9230771
0.14839922 -0.15298691 -0.44496018 5.0588236
0.26640269 -0.14712942 -0.43508255 3.6363637
0.35907635 -0.14164563 -0.44571802 4.9230771
0.44736338 -0.15300451 -0.44255811 5
0.55959457 -0.14840211 -0.44722116 5
0.6164335 -0.14884375 -0.44432709 5
0.77017319 -0.1578289 -0.43431869 5.4000001
0.84874499 -0.15458243 -0.43938422 5
0.93350768 -0.15383147 -0.44024348 4.6666665
1.0508555 -0.14972097 -0.43892005 4.181818
1.1436442 -0.14618593 -0.43750939 4.8333335
1.2955387 -0.15083082 -0.43203115 6
1.3329238 -0.14725479 -0.43956411 5.5
1.5882381 -0.1555424 -0.4338513 2
1.6064621 -0.15757532 -0.44167295 2
1.9637463 -0.14630613 -0.4363566 3.5
2.2861812 -0.14676638 -0.43229073 4.7142859
-2.658437 -0.054291412 -0.44930124 2
-2.4159505 -0.042094082 -0.44828269 3
-2.1825936 -0.043765385 -0.45126247 3
-0.8004247 -0.072984062 -0.455051 4
-0.76035213 -0.045731191 -0.44148064 4.5833335
-0.65695095 -0.043106262 -0.44398159 6.375
-0.54016048 -0.050089173 -0.45038158 6.8461537
-0.432991 -0.04338824 -0.44527024 6.125
-0.33827034 -0.049212784 -0.45225292 6.6666665
-0.22689523 -0.066314898 -0.43737981 5.25
-0.15923399 -0.049888436 -0.43195274 4.8000002
-0.06214007 -0.051489554 -0.44151121 5.0999999
0.044578128 -0.04806124 -0.45142588 5.4000001
0.15558037 -0.054154646 -0.44737801 5.4166665
0.25942031 -0.050113481 -0.44311354 4.1111112
0.36831796 -0.048806854 -0.44641042 4.1500001
0.44201031 -0.050799608 -0.44330055 5
0.54797024 -0.050879259 -0.44681671 5.1599998
0.60511369 -0.07994274 -0.44875082 5
0.78206944 -0.04504348 -0.44338322 7
0.85174578 -0.055827457 -0.43844435 5.8888888
0.9341445 -0.052550595 -0.43440831 5.25
1.0504974 -0.048733108 -0.43727621 4.6153846
1.1409003 -0.046689708 -0.43865097 4
1.2964718 -0.060890518 -0.4316341 5.75
1.3227023 -0.041449387 -0.43857816 5.6666665
1.5953743 -0.053580891 -0.43493146 2
1.6018635 -0.055784453 -0.44235048 2
1.9702836 -0.04804682 -0.43539083 3.25
2.2884655 -0.078913793 -0.42996296 4
2.306838 -0.031433456 -0.43164849 3.75
-2.7059422 0.063652962 -0.44648582 0
-2.6975977 0.023661273 -0.4484182 2
-2.4411452 0.054880846 -0.44643131 3
-2.2148087 0.043198373 -0.45026061 3
-0.83883137 0.062116489 -0.44097349 4
-0.75194484 0.050803058 -0.44096804 4.4615383
-0.64602184 0.053833194 -0.43961984 6.1111112
-0.55236483 0.055162009 -0.4469507 7
-0.45173606 0.049697239 -0.44348466 6.4166665
-0.33235219 0.053898312 -0.44416875 7.125
-0.2379944 0.06241991 -0.43890655 6.1111112
-0.15991959 0.046654522 -0.42780933 4.8333335
-0.060016751 0.048214972 -0.43749833 5
0.035436004 0.051487442 -0.44982389 5.173913
0.15567562 0.054482285 -0.44490322 5.5
0.2670908 0.046585172 -0.44671559 4.7142859
0.37213874 0.051648684 -0.4464955 5.0952382
0.45119652 0.053647373 -0.44275531 5.1666665
0.55567276 0.049081016 -0.44943923 5.1481481
0.79315454 0.056271616 -0.45303798 8
0.86110204 0.051338315 -0.44590375 7.7142859
0.94329578 0.052741464 -0.43680933 6.4444447
1.0375293 0.039522316 -0.43535161 5.4285712
1.131129 0.055006608 -0.43816245 4.4444447
1.3218715 0.047414895 -0.43666086 5.7272725
1.6082613 0.044561282 -0.43725714 2
1.9856303 0.044076391 -0.43539265 3.7142856
2.0092902 0.075018555 -0.43055069 7
2.330941 0.042438798 -0.43025163 3.2857144
-2.7178338 0.14630662 -0.44504151 1.3333334
-2.4498723 0.1558755 -0.44564417 3
-2.2229512 0.14944236 -0.44806415 3
-0.8435235 0.14781176 -0.43709615 4
-0.75539541 0.15069817 -0.43810302 4.375
-0.65293604 0.15566567 -0.43701646 6.375
-0.55082184 0.14734507 -0.44388682 7
-0.4530597 0.14516713 -0.43598622 6.6363635
-0.36332235 0.14818931 -0.44260839 6.6666665
-0.2347195 0.1431701 -0.43616059 5.4074073
-0.162122 0.14895356 -0.43010157 5
-0.069783635 0.14329524 -0.43472767 5.25
0.041125089 0.15386856 -0.45136848 4.9200001
0.15279694 0.1490424 -0.44587281 5.4761906
0.27583021 0.14660938 -0.44941872 5.1052632
0.37626123 0.15187818 -0.44631231 5.5
0.44821084 0.14470969 -0.44403097 4.8333335
0.56745738 0.13423413 -0.44035906 4.3333335
0.61013228 0.15102598 -0.45339268 5
0.79665875 0.14528678 -0.44717073 8.666667
0.86476028 0.14506938 -0.4426448 7.7142859
0.95020908 0.15367331 -0.44094107 5.9166665
1.0216391 0.14973964 -0.44019201 5.5714288
1.1350806 0.14802906 -0.43747672 5
1.3395352 0.14740175 -0.43703255 5.9000001
1.6381403 0.14773324 -0.43718618 2
2.0327699 0.14791019 -0.43454805 6.125
2.3821101 0.1270894 -0.43063697 3
2.4196262 0.18333562 -0.43208337 2.6666667
-2.7224391 0.24963555 -0.4440988 1
-2.4218061 0.25391403 -0.44236287 2.6666667
-2.2019994 0.25456312 -0.44505104 3
-0.90941054 0.28007278 -0.43291232 5
-0.86295056 0.24841966 -0.43406546 4.1875
-0.77524155 0.25270513 -0.43663901 4.2307692
-0.66594774 0.25432026 -0.43160725 6.4285712
-0.55866921 0.25180689 -0.43914336 7.5
-0.44495764 0.24762478 -0.43939704 7.0999999
-0.36616045 0.24884279 -0.44951522 7.25
-0.25001836 0.23849066 -0.43089262 4.9000001
-0.16696358 0.24307691 -0.43089667 5.75
-0.087527409 0.22530288 -0.43465903 5.75
0.037878193 0.22720087 -0.44587058 4.9000001
0.14091213 0.24780637 -0.44382557 4.3076925
0.2772201 0.24220724 -0.44602486 4.5
0.37889051 0.23652047 -0.43779755 4.8888888
0.40485755 0.26984867 -0.44421673 5.1666665
0.56090796 0.24787521 -0.45107737 5
0.63016832 0.23486145 -0.45080173 3.5
0.79553074 0.24033751 -0.43364158 6.6666665
0.85914117 0.26175457 -0.43358088 7
0.95798492 0.25725001 -0.43719 5.4000001
1.0334952 0.25131738 -0.44508582 5
1.1532993 0.25349274 -0.43624842 5
1.3688743 0.25022984 -0.44014639 3.7
1.6681662 0.2477514 -0.43855557 1.7142857
1.7182178 0.27852347 -0.43753091 1
2.0703285 0.2452791 -0.43483776 6.4000001
2.1148071 0.25514889 -0.42977321 6.5
2.4653239 0.24664529 -0.4306376 3
2.5062399 0.28394762 -0.42740211 3
-2.7088935 0.31065303 -0.44363683 3
-2.6896591 0.37067798 -0.44277519 2.5
-2.4050188 0.31993163 -0.44368076 3
-2.3768883 0.36596611 -0.44212595 3
-2.1590824 0.35578388 -0.44375551 4
-0.92502272 0.36542988 -0.43326563 4.2307692
-0.84323603 0.34862274 -0.43287507 4.2666669
-0.74816865 0.34360972 -0.43526351 4.875
-0.67889845 0.34863093 -0.43352529 6
-0.56790376 0.33923414 -0.43097985 6.5833335
-0.4583962 0.32957149 -0.44478363 8
-0.32055089 0.36744085 -0.42373726 2.5
-0.24476068 0.35600898 -0.43410629 5.8888888
-0.12696464 0.3632791 -0.43337703 4.3333335
-0.0071574585 0.37341571 -0.43760943 5
0.033158913 0.36379492 -0.44844374 5.3333335
0.12532644 0.35387063 -0.44478321 4.2941175
0.2469366 0.34817415 -0.44494003 4.5625
0.34665576 0.35472056 -0.45268077 5.2857141
0.41382119 0.35596311 -0.44640872 5.1538463
0.53561759 0.31092569 -0.44823042 3.5
0.64751446 0.33556658 -0.44587824 2
0.75379574 0.35547549 -0.43949455 5.3000002
0.86184728 0.3559114 -0.43793344 5.8461537
0.96325111 0.34585464 -0.44062871 5.125
1.0309838 0.35372216 -0.44145679 4.8571429
1.1735547 0.34943721 -0.43581784 5.375
1.38923 0.34496087 -0.43648505 2.8
1.4175824 0.35474038 -0.43893924 3
1.6875275 0.32028347 -0.44112134 2
1.7358114 0.35703012 -0.43779579 2.1428571
2.1428161 0.33662203 -0.43394828 5.1999998
2.2213688 0.38327244 -0.43003285 5
2.5476382 0.34295124 -0.42832595 2.5999999
2.613101 0.38908005 -0.42702517 3
-2.6450448 0.44724065 -0.44124258 2.5
-2.323163 0.44002891 -0.44129944 3
-2.2805727 0.49707535 -0.44301981 4
-2.1186926 0.42433274 -0.44413102 3
-2.066659 0.47339761 -0.44255057 4
-1.0073949 0.48331913 -0.43036246 0
-0.95114791 0.43549967 -0.43225321 3
-0.84436011 0.45041826 -0.43205124 4.5555553
-0.72790635 0.45770746 -0.43363309 4.625
-0.66811848 0.42169714 -0.43246877 6
-0.42007062 0.47684598 -0.43546763 5.1666665
-0.35980242 0.45396963 -0.43418476 5.5714288
-0.26456866 0.45309404 -0.43839824 4.75
-0.19196357 0.46104351 -0.43849576 4.5
-0.020674964 0.44274709 -0.44159475 3.8571429
0.046759993 0.44969463 -0.45468062 5
0.11716361 0.44904432 -0.44732803 4.5999999
0.23781523 0.44521633 -0.44798332 4.3000002
0.32746032 0.44710988 -0.45459121 3.4285715
0.41153556 0.45743516 -0.44107622 5.75
0.55260146 0.47404915 -0.44788551 2.5999999
0.65208715 0.46122485 -0.4536441 3.5999999
0.76383084 0.44304901 -0.4470394 4.1333332
0.84566152 0.45712504 -0.44401827 4.3499999
0.9509151 0.44638759 -0.44364673 4.75
1.0389891 0.44851148 -0.44030455 5.1111112
1.1935898 0.41832748 -0.43768436 5.75
1.2105196 0.4695912 -0.44029278 6.5
1.4464494 0.45279247 -0.44112471 2.875
1.7470274 0.44868255 -0.43949893 3
1.8260221 0.4543221 -0.43454874 2.3333333
2.1795864 0.42346784 -0.43534118 4.5
2.2395024 0.45266932 -0.43180928 4.5
2.3069785 0.47337389 -0.43019769 3
2.6408346 0.43395066 -0.42939174 2.6666667
2.7064786 0.48181483 -0.43084529 2
-2.614023 0.50377953 -0.44166434 3
-2.5546927 0.55185616 -0.43939403 3
-2.4995236 0.59892684 -0.43794197 3
-2.2294111 0.53363645 -0.4412151 3.5
-2.1681333 0.58170646 -0.44138461 4
-2.0180488 0.52045602 -0.44308615 4
-1.9615736 0.56285769 -0.44326654 5
-1.8971385 0.59960347 -0.44235122 6
-0.98608392 0.50909597 -0.4382427 0
-0.87526548 0.51084203 -0.43529001 0.5
-0.75628507 0.53167892 -0.43120605 2.25
-0.53099555 0.57753044 -0.44034141 4.75
-0.45163938 0.53336918 -0.44005433 4.5833335
-0.35467649 0.54697895 -0.44022676 4.5625
-0.24514529 0.55097324 -0.43738842 4.5714288
-0.19001821 0.5290916 -0.43892086 3.625
-0.083927356 0.59241599 -0.43950877 4
0.060036369 0.54446399 -0.45119679 5.2222223
0.1194658 0.5452348 -0.44719619 4.8461537
0.24727562 0.54063052 -0.44437569 4.5333333
0.44086152 0.55305934 -0.4476884 3.7272727
0.54096609 0.54365534 -0.45035449 2.5
0.64320135 0.55513108 -0.45173246 4
0.74924535 0.55444181 -0.44887239 4.3076925
0.86175215 0.53378516 -0.44556659 4.5
0.92785794 0.55918652 -0.4465926 4.75
1.0509301 0.53771722 -0.43678948 6
1.2367467 0.54695702 -0.4447073 6.5714288
1.472604 0.54282928 -0.44123539 2.75
1.5257096 0.57434511 -0.43678927 2
1.784055 0.50838846 -0.44245404 1
1.8342444 0.54451793 -0.44018662 5
1.9051598 0.55974847 -0.43390098 0
2.2618036 0.52307308 -0.43665749 3.5
2.3471508 0.54800636 -0.43182185 3
2.4242046 0.59451842 -0.42601755 3
2.7696629 0.54239219 -0.42819157 3
-2.4494956 0.64598829 -0.43966359 3
-2.3828061 0.68507349 -0.4381023 3
-2.1227996 0.61625636 -0.44289547 4
-2.0431986 0.65201712 -0.44086209 4
-1.9694263 0.68643326 -0.44214505 5
-1.8467981 0.62416512 -0.44180542 6
-1.7528057 0.65544802 -0.43961647 6.3333335
-1.6493382 0.68990612 -0.44036651 6
-1.0580205 0.69862866 -0.43176958 0
-0.96115869 0.69107145 -0.44004288 2.6666667
-0.61279184 0.64056659 -0.43743998 5
-0.55477059 0.63998824 -0.43893877 4.875
-0.44382086 0.64895606 -0.43972898 4.6666665
-0.36375976 0.64160556 -0.44191757 4.3333335
-0.25536382 0.63536459 -0.44096422 4.3636365
-0.13641168 0.64881843 -0.4372437 4.1666665
-0.088575184 0.65033251 -0.43861613 3.3333333
0.053646386 0.64359438 -0.45579562 4.875
0.12885676 0.62924778 -0.45839885 3
0.26055962 0.65309143 -0.44144776 4.7142859
0.37000918 0.64562041 -0.45303863 2.75
0.43112624 0.64957386 -0.44857267 4.0833335
0.5518257 0.64706814 -0.44999725 3.0999999
0.64901179 0.64910257 -0.44938517 4.4285712
0.76458949 0.63943535 -0.44801497 4.3000002
0.85052556 0.64520258 -0.44256011 4.7142859
0.95098227 0.63793182 -0.44387308 4.6999998
1.0579845 0.64887607 -0.44985294 4.5833335
1.2698864 0.64689082 -0.44468594 4.8333335
1.4899095 0.60985589 -0.44330454 3
1.5384455 0.65163112 -0.43952149 2.5
1.8642149 0.63947695 -0.44256756 5
1.9543008 0.62030333 -0.43515605 7
2.0030658 0.68286258 -0.43327418 7
2.3615074 0.63569558 -0.43682069 3.5
2.4439545 0.6684202 -0.43039727 3
2.5350525 0.69064736 -0.42701304 3
2.8712473 0.62989569 -0.42945325 3
2.9575648 0.67299104 -0.42543131 3
-2.3367743 0.70913166 -0.43771204 3
-2.2734199 0.74520981 -0.4393276 4
-2.1734376 0.78233612 -0.43842423 4
-1.9305943 0.70147848 -0.44167793 6
-1.8720679 0.72104466 -0.44236028 6
-1.7610449 0.74200553 -0.4398419 5.6666665
-1.6424013 0.76514053 -0.44063187 3.6666667
-1.5467266 0.74762249 -0.43813083 2.3333333
-1.447392 0.70915484 -0.43221906 1
-1.2199349 0.79010868 -0.42956069 0
-1.1558764 0.76544416 -0.43103951 0
-1.0378757 0.73768485 -0.43565029 1.2
-0.98573321 0.72568589 -0.43390822 0.66666669
-0.84962922 0.76634967 -0.4346253 0.5
-0.7081449 0.79492432 -0.43385631 2
-0.66075855 0.76707357 -0.43549046 3
-0.55483872 0.75402451 -0.4358201 4.8000002
-0.48134264 0.71383959 -0.43615592 5
-0.34467018 0.7523576 -0.4373216 5.25
-0.28716385 0.7107861 -0.43712449 5
-0.13518959 0.74921757 -0.43689367 4.625
0.043332428 0.74218178 -0.4458746 3.1666667
0.27494889 0.75092626 -0.45073572 3.5
0.39140117 0.72113872 -0.4533866 5
0.43410262 0.75431293 -0.44804677 3.5999999
0.56089276 0.74875218 -0.44882241 3.6666667
0.64888543 0.75519347 -0.45545584 3.5
0.7476809 0.75519729 -0.45245716 4
0.86641967 0.72908008 -0.45155892 3
0.94729936 0.74972165 -0.44724187 1.75
1.093997 0.72527903 -0.4476822 4.4000001
1.1350636 0.74858773 -0.45161176 1.2
1.2462211 0.76969939 -0.45216632 2
1.3172615 0.76534325 -0.44198725 3.75
1.5614647 0.73616171 -0.44086838 2.75
1.653299 0.77260786 -0.43999588 6.3333335
1.701707 0.7447443 -0.46180415 1
1.9349184 0.75223523 -0.44029665 7.3333335
2.0672035 0.75443578 -0.43355662 6.5
2.4547591 0.74031717 -0.43462032 3
2.5507755 0.76655036 -0.43113908 3
2.6531286 0.79578936 -0.424615 3
2.962712 0.71776849 -0.42912659 3
3.0480094 0.76223946 -0.42640001 2.5
-2.1057723 0.80941981 -0.43990725 4
-2.0469632 0.82049495 -0.4384371 5
-1.9684614 0.83659375 -0.43814239 5.5
-1.8699862 0.85521704 -0.43860608 5
-1.7703952 0.86834162 -0.43920767 3.5
-1.6662078 0.87147415 -0.43745804 1.5
-1.2362435 0.85606396 -0.43206021 1.2857143
-1.1678816 0.82093626 -0.43205389 1
-1.0644375 0.83359092 -0.43291578 2.25
-0.9038009 0.86981952 -0.42541158 4
-0.88040888 0.84307873 -0.4307937 3.25
-0.7225464 0.8646636 -0.43170118 3.6666667
-0.66138661 0.84447974 -0.43418035 4.5999999
-0.56632721 0.83899385 -0.42873257 4.5999999
-0.43457222 0.85397559 -0.43744984 6.4000001
-0.37299347 0.84237653 -0.43487552 6
-0.21515112 0.86928296 -0.43844849 6
-0.16787653 0.8343032 -0.43736258 6.1999998
-0.0030200272 0.88763583 -0.4324947 3
0.039817926 0.85895747 -0.4378725 2.8
0.14611904 0.85359669 -0.46191978 2.6666667
0.27445641 0.8294639 -0.45700473 4.25
0.30885446 0.85717654 -0.45814174 3.5
0.44541073 0.84515893 -0.44699866 2.9000001
0.55863756 0.85772628 -0.44778988 2.8333333
0.63590354 0.84709948 -0.45466605 4
0.74927396 0.85465199 -0.45328847 3
0.82894921 0.86821067 -0.4595466 3
0.9561848 0.83312315 -0.45431611 3
1.0056756 0.87951738 -0.45421076 2
1.2658594 0.82299429 -0.45263255 0.66666669
1.3366868 0.85779524 -0.44515195 0.89999998
1.4347095 0.89083743 -0.44802907 1
1.5869188 0.82793909 -0.44330657 3
1.6497089 0.85848582 -0.44103342 1.5
1.7135346 0.87027574 -0.44141418 7
1.9917089 0.83763283 -0.43916503 8
2.0177155 0.88066375 -0.43585256 7
2.1575267 0.85854167 -0.43204683 5.5
2.3655627 0.86013329 -0.44517207 1
2.4398491 0.87017673 -0.44435489 2
2.5556898 0.86764425 -0.43986297 3
2.648118 0.89491761 -0.43851441 3.5
2.7335498 0.85988063 -0.42662525 4
3.1449261 0.84257358 -0.42637002 1
3.2450645 0.87984324 -0.42422712 1
-3.3850894 0.93388337 -0.441989 0
-3.2888544 0.95898807 -0.44018999 0
-3.1912305 0.98209482 -0.43811205 0
-3.0788953 0.99622107 -0.43381631 0
-1.4234706 0.9969787 -0.43339965 1
-1.3400818 0.9670347 -0.43207651 4.4000001
-1.2703731 0.948232 -0.43044043 4.8000002
-1.1369737 0.93646818 -0.42920527 2.2857144
-0.93632638 0.95353281 -0.4277156 4
-0.74770701 0.95201576 -0.43008655 4
-0.60024649 0.9756335 -0.42966795 4
-0.56017309 0.94758576 -0.43378893 4
-0.46491879 0.94341803 -0.43430921 6.25
-0.24660581 0.95257962 -0.43500137 6.25
-0.18941502 0.93359983 -0.43624842 4
-0.017403604 0.95162392 -0.43672967 3
0.047422051 0.9645772 -0.45547572 2.4000001
0.15338758 0.9582755 -0.4649756 4
0.24678531 0.94095755 -0.45028862 3.25
0.32888174 0.9575308 -0.46220759 4
0.45887041 0.94885308 -0.44982365 3
0.55484205 0.9557597 -0.45373431 2.6666667
0.65401489 0.95482355 -0.45863578 3.6666667
0.76977992 0.94458163 -0.45509997 3.4000001
0.87256688 0.93093473 -0.44919041 2.5
0.94030619 0.96425629 -0.44826555 1.5
1.0614873 0.93225104 -0.45633426 1.6666666
1.1243789 0.98966056 -0.45763314 1
1.3708535 0.90116876 -0.44851017 0
1.4600077 0.94242197 -0.45271745 2
1.5568238 0.9509598 -0.44798341 1.5
1.6384393 0.95733404 -0.44566965 4.3333335
1.7559266 0.95009017 -0.43493661 7
2.0649767 0.93771446 -0.44026569 7
2.1034181 0.99175781 -0.43997145 6
2.240063 0.94811141 -0.43110353 4
2.5557065 0.94605112 -0.43672782 1
2.6780641 0.95762169 -0.43556306 3.5
2.7755454 0.93853891 -0.43797779 4
2.8574924 0.94206351 -0.4339138 4
2.9571142 0.97247791 -0.43356225 4
3.0700076 0.92051375 -0.43427286 1
3.1965871 0.93058592 -0.43579122 0
3.2850349 0.957174 -0.42942545 4
3.3293142 0.94130719 -0.42874831 2.5
3.4329128 0.93372029 -0.43146062 0
-3.0001345 1.0193027 -0.43476924 1
-2.9136007 1.036394 -0.43488866 2
-2.828131 1.0524874 -0.43452102 5
-2.7415917 1.0645784 -0.43463013 5
-2.6531065 1.0736735 -0.43362713 4
-2.5715568 1.0827591 -0.43400371 4
-2.4531114 1.0923827 -0.43497413 4
-2.3368814 1.0990044 -0.4356603 4
-2.2342227 1.0861235 -0.42964423 3
-2.1426842 1.0952113 -0.43488535 3
-2.0389268 1.0933191 -0.4362385 3
-1.9601256 1.0824074 -0.43352938 1
-1.4436766 1.0708987 -0.4257426 11
-1.372668 1.0507206 -0.42636126 7.1999998
-1.2010564 1.0683278 -0.42214194 15
-1.1732799 1.0260811 -0.42334819 3
-1.0072671 1.090767 -0.4239004 3
-0.9789331 1.0460762 -0.42271528 3.6666667
-0.80293339 1.0928918 -0.42379245 3
-0.77710992 1.046683 -0.42619792 4
-0.62622434 1.0517899 -0.43325672 3.4000001
-0.55449015 1.0589101 -0.43225449 3.2
-0.4202112 1.0377707 -0.42937821 4
-0.32917696 1.0721712 -0.43729639 2
-0.2571682 1.0474335 -0.44029558 3.3333333
-0.040818848 1.0386053 -0.43911898 3
0.041758236 1.0496455 -0.45643094 3
0.16990663 1.0479987 -0.45858774 2.8
0.26232743 1.0351578 -0.44767421 2.5
0.35388264 1.0657271 -0.46399674 3.5
0.48422658 1.0516827 -0.46309015 4
0.58212519 1.0663197 -0.45548099 4.75
0.69405621 1.0361681 -0.46134645 4
0.75745326 1.0622857 -0.45248437 4.3333335
0.85922062 1.0369484 -0.4524664 3.7142856
0.97849655 1.0367295 -0.44835916 3.1666667
1.0047175 1.0813195 -0.45789295 3
1.166048 1.0376062 -0.45162365 1
1.2403158 1.0783103 -0.44966897 2
1.5408432 1.0167015 -0.45681894 4
1.6681427 1.0499166 -0.44749889 4.1999998
1.7670007 1.0298057 -0.44337896 5.6666665
1.831738 1.0701952 -0.43846488 4.5
2.1512148 1.0538112 -0.44082314 5
2.3847351 1.0622343 -0.45704561 4
2.7327745 1.0116731 -0.43486458 3
3.1064272 1.0129789 -0.43700993 4
3.2217433 1.0220653 -0.43546239 4
3.3442318 1.0222114 -0.4281671 3
3.4427392 1.0231611 -0.42414659 0.5
3.5854137 1.0353372 -0.42900211 0
4.2001796 1.0437952 -0.42191976 0
4.3558693 1.0349112 -0.41753072 0
-1.4565563 1.1582193 -0.42814481 10.25
-1.3512304 1.1524611 -0.43493807 9
-1.2603334 1.1465102 -0.42555362 8
-1.0352095 1.1547029 -0.4220081 12.5
-0.8164655 1.1539557 -0.42305961 2.5
-0.64677334 1.1345063 -0.42772782 2.3333333
-0.59016448 1.1325256 -0.43238431 2
-0.4286803 1.1307614 -0.42616642 4
-0.37850764 1.1491241 -0.43432012 1.5
-0.27800959 1.1370275 -0.43513727 3
-0.06098152 1.156795 -0.43634143 2.25
0.046393111 1.142491 -0.45729646 2.4000001
0.17810495 1.1489613 -0.45048809 4.7142859
0.34438497 1.1461695 -0.46349639 3
0.51533151 1.1432139 -0.46165714 3
0.62732846 1.1707535 -0.46301207 3
0.76113969 1.13793 -0.45385137 3.3333333
0.87098187 1.1291003 -0.44937658 3.6666667
0.92901093 1.1501567 -0.44895113 3.5
1.0286536 1.1636524 -0.45072508 2.5999999
1.1718743 1.1493878 -0.44505242 7.5
1.2027706 1.1288791 -0.44341904 7
1.7673616 1.1652447 -0.4675408 1
1.8547311 1.1407667 -0.45239621 6.5
1.9497744 1.1163297 -0.44230473 4
2.0618153 1.1639334 -0.44456854 1.5
2.2313886 1.1554005 -0.44255278 2.5
2.4585295 1.156837 -0.44506457 3.5
2.8540621 1.1028188 -0.44656634 4
3.0672054 1.1032526 -0.43895426 4
3.6309114 1.1585855 -0.45397878 2
3.7732089 1.1784506 -0.45585787 2
-1.62573 1.2837273 -0.4249509 11
-1.533731 1.2359478 -0.42714331 9.25
-1.4975204 1.2296717 -0.42652139 13
-1.3310251 1.2619302 -0.42083329 9.5
-1.2364943 1.2870784 -0.43448758 10
-1.1436346 1.2758505 -0.4271782 10
-1.0735109 1.2291687 -0.42169404 2
-0.84679317 1.2452818 -0.41984856 5.3333335
-0.63799673 1.2471251 -0.42232719 4
-0.43684843 1.2409619 -0.43086943 2.6666667
-0.32037655 1.2316512 -0.42664638 2
-0.2775608 1.2272149 -0.4241313 3
-0.11329459 1.2505503 -0.43448049 2
-0.027325928 1.2689416 -0.43499374 8.5
0.059362646 1.2372508 -0.46285224 2
0.17670257 1.2434859 -0.45166698 1.3333334
0.24260958 1.2583779 -0.44198123 5.6666665
0.35354522 1.2411481 -0.4615027 3
0.43092489 1.2549605 -0.43299642 5
0.55207235 1.252246 -0.46105891 2
0.67396533 1.2673154 -0.46027645 3
0.7840783 1.2293133 -0.45077133 3.3333333
0.84699965 1.2526486 -0.45132336 3.5
0.94712639 1.2335795 -0.45512664 2.3333333
1.0201484 1.275612 -0.45054266 2.6666667
1.1610426 1.2470646 -0.45475566 1.6666666
1.2324876 1.2309101 -0.44234496 10
1.4159155 1.2188408 -0.44429925 1.5
1.8891702 1.227268 -0.45979089 7
1.9613727 1.2652817 -0.45682275 7
2.2890344 1.24597 -0.43384099 0
2.544395 1.2614534 -0.43293491 4
2.990324 1.222991 -0.44906217 3
3.0200529 1.2705343 -0.44057587 6.5
3.1444721 1.2730744 -0.45327169 4
3.2293408 1.2324471 -0.43517715 6.5
3.6822939 1.2371753 -0.4271726 11
3.7907507 1.2264987 -0.43219337 7
-1.6497387 1.3776741 -0.42069539 10
-1.5620747 1.30962 -0.42471465 11
-1.4006411 1.3581055 -0.41864291 10
-1.3713627 1.3487993 -0.42778307 10.5
-1.2953413 1.3190248 -0.43258736 8
-1.1348214 1.3481117 -0.41750413 13.5
-0.8791309 1.3178596 -0.41774005 11
-0.6711207 1.3688755 -0.41948926 5.3333335
-0.53648067 1.3849723 -0.42770392 7.5
-0.46534812 1.317881 -0.42723209 9.5
-0.35687318 1.3329587 -0.42540881 3
-0.27692482 1.306216 -0.42108917 3
-0.14483951 1.3270266 -0.43017006 2.5
-0.061286449 1.3764467 -0.42669684 7.5
0.062724702 1.3551329 -0.45515591 20.714285
0.14820187 1.3683368 -0.43137184 11.5
0.23914695 1.3775095 -0.43278202 12
0.36682746 1.3663346 -0.44531295 11
0.46046424 1.3601449 -0.43832192 8.5
0.59032446 1.3565774 -0.432091 5.5
0.61923212 1.3821878 -0.42467409 27.5
0.75687444 1.3591216 -0.43469334 20.571428
0.87424058 1.3509964 -0.4361504 25.833334
0.91311783 1.3590261 -0.42647806 11.333333
1.0403453 1.3521603 -0.43910703 17.833334
1.1548424 1.3531915 -0.42724836 13.666667
1.2460449 1.3518206 -0.43629527 16.666666
1.305817 1.3647285 -0.40808359 1
1.4640119 1.332195 -0.43438384 19
1.5658727 1.3283638 -0.43709156 4.5
1.6374038 1.35665 -0.42424646 26.666666
2.0406446 1.3062967 -0.45397961 8
2.1528692 1.3396512 -0.42861351 13.333333
2.3423128 1.3190323 -0.42992303 0
2.5614398 1.3075079 -0.4105981 11
3.2895281 1.3021321 -0.449489 6
3.409934 1.3151801 -0.44031689 16
3.5092113 1.3142194 -0.42652509 24
3.6134501 1.3132607 -0.41211429 30
-5.0749874 1.4987236 -0.46965647 2
-4.776485 1.4981122 -0.45575827 10
-4.4854689 1.4894896 -0.44404608 13
-4.2349606 1.4838134 -0.43524066 18
-4.0171938 1.4830941 -0.42853922 23
-3.7994142 1.472375 -0.42183056 25
-3.6149375 1.4696114 -0.41805828 26
-3.4473853 1.4658247 -0.41616562 28
-3.2953727 1.4640174 -0.4158822 27
-3.1533456 1.4611969 -0.41611686 30
-3.0176983 1.457368 -0.41688254 28
-2.8942552 1.4535234 -0.41788143 27
-2.7791398 1.4506671 -0.42051503 26
-2.6767893 1.4497938 -0.42421329 23
-2.5652723 1.440933 -0.42682973 17
-2.4567988 1.4290688 -0.42860094 10
-2.3777597 1.4321642 -0.4347142 4
-2.2703788 1.4123003 -0.43453422 2
-1.7594751 1.4396204 -0.41455716 24
-1.6702135 1.4406744 -0.40331671 54
-1.5599704 1.4258159 -0.40843299 52
-1.4525815 1.4188526 -0.42181611 26
-1.1743431 1.4245887 -0.409302 42.5
-0.91092902 1.4208816 -0.41667023 6
-0.58220309 1.4089352 -0.40780592 14
-0.44175649 1.4085575 -0.41430965 10.666667
-0.32021415 1.4169521 -0.41169596 14
-0.24215728 1.4038494 -0.41163856 9.5
-0.14269562 1.4031569 -0.40962926 13
0.21220227 1.4027121 -0.40130454 15
0.41606364 1.400956 -0.41821864 15
-5.4213448 1.5012712 -0.48650593 0
6.0969491 -9.9076405 -0.33947524 82
4.5183959 -9.8398294 -0.36085877 74
-0.66989088 -9.6558475 -0.30223298 143
-0.47558862 -9.6550255 -0.30243757 89
-0.041031562 -9.6662149 -0.31571224 145
0.45649984 -9.6736813 -0.37354726 131
-1.2651635 -2.3273966 -0.3199172 18
0.69495744 -2.3309696 -0.3590745 3
0.73333538 -2.3441207 -0.39235336 79
-0.89937824 -2.2308137 -0.35361326 4
-0.27315027 -2.276526 -0.33124709 45
0.74219602 -2.2754974 -0.36998403 45.5
1.2842253 -2.2065015 -0.3492178 4
-0.87094533 -2.1432548 -0.36635229 4.5
1.2375063 -2.1342447 -0.30753413 3
4.0935335 -2.1646953 -0.31682098 6
4.1067495 -2.1226635 -0.32601085 11
-0.82124162 -2.0502658 -0.35677582 3
0.6738627 -2.0201707 -0.37202328 75
0.72687024 -2.0019641 -0.38502344 57
1.1059712 -2.0131166 -0.34605226 20
1.259613 -2.0435171 -0.36286935 5
-0.37779462 -1.9358339 -0.37179798 150
0.14990769 -1.9855243 -0.36056793 25.5
0.27054 -1.9818636 -0.39610732 60
0.57951391 -1.9499973 -0.35997647 70
0.8055914 -1.9113288 -0.39174235 6
1.0806566 -1.9655037 -0.38024646 138
1.1202745 -1.920785 -0.33934766 24.5
1.5669053 -1.9199535 -0.34598488 23
1.9313529 -1.9307237 -0.37152785 8
2.0415969 -1.9450524 -0.35850251 8.5
2.3165426 -1.9267786 -0.3482765 5
-0.7036078 -1.8916891 -0.36152592 9
-0.63794649 -1.8206966 -0.37848663 50.5
-0.54054499 -1.8127573 -0.36786667 26
-0.42544848 -1.8126161 -0.34715194 30.75
-0.36391458 -1.812541 -0.38038236 24
-0.20033801 -1.8274956 -0.3759611 39
-0.14736651 -1.8469032 -0.33169013 13.75
-0.055763528 -1.8385466 -0.33134046 20.25
0.036866337 -1.8531961 -0.34234387 27.5
0.33755603 -1.8586891 -0.32047737 31
0.47643292 -1.8607267 -0.33878741 49.833332
0.59766775 -1.8868184 -0.34368601 48
0.78998023 -1.8635783 -0.32378584 22
0.83597296 -1.8739508 -0.34853864 54.333332
0.94234729 -1.878813 -0.36191213 64
1.0876534 -1.8704515 -0.33022481 27
1.1479335 -1.8242767 -0.39364293 97.5
1.2598599 -1.8361888 -0.33579141 12
1.4312081 -1.852507 -0.33626243 4
1.5635555 -1.8504415 -0.33794624 25.5
1.8699061 -1.8996689 -0.31653428 3
2.2650557 -1.8498942 -0.31701607 7
2.3256619 -1.8989074 -0.30671102 4
5.0916991 -1.8016057 -0.38602215 5
7.989357 -1.8277376 -0.39772043 3
8.0114498 -1.8334434 -0.36423633 7
9.1250238 -1.8316118 -0.3784686 8
-2.6414971 -1.740469 -0.36945572 58
-1.8015071 -1.7485938 -0.3647401 3
-1.7816317 -1.724414 -0.31977564 3
-1.5439503 -1.790949 -0.32450786 3
-1.4362593 -1.7713366 -0.36931118 4.25
-1.3770148 -1.7377751 -0.34038514 4.5
-1.2510853 -1.7509638 -0.36396801 8.666667
-1.0632354 -1.7875091 -0.36646652 8
-0.85236108 -1.7741017 -0.32894501 10
-0.24095127 -1.7023466 -0.32905245 60
0.12040979 -1.728153 -0.39295003 34
0.26762831 -1.7738537 -0.38644034 5
0.61410052 -1.7239264 -0.35807595 25.666666
0.72823286 -1.7019624 -0.35018027 11
1.5193518 -1.7151983 -0.3578054 21
2.0761261 -1.7359439 -0.34206697 11.666667
6.6717081 -1.7074897 -0.36183873 10
8.1410007 -1.7423407 -0.35162288 6
8.2093592 -1.7546085 -0.39097449 2
-2.8180976 -1.6426942 -0.31948364 54.5
-2.7323105 -1.6456198 -0.33423716 54
-2.6413999 -1.6587387 -0.35390142 40.333332
-2.2221303 -1.6827369 -0.34887308 3.5
-2.1766291 -1.6651893 -0.33325511 3.5
-1.7513033 -1.6571741 -0.34969488 5.3333335
-1.2691336 -1.6342704 -0.34050831 11.5
-0.8228122 -1.6870735 -0.31275257 6
-0.66846043 -1.6209716 -0.39398175 8.5
-0.31120974 -1.6515075 -0.37984002 8
-0.2525526 -1.6690716 -0.34761611 20.666666
0.16327927 -1.6719691 -0.34835961 7
0.2554068 -1.6608751 -0.39278328 19
0.62586468 -1.6921954 -0.34055123 20
0.73926532 -1.6622554 -0.36811957 12
1.0723047 -1.6572593 -0.38407332 14
1.1493099 -1.6789303 -0.37420064 12.5
1.2080433 -1.6908934 -0.31314394 22
1.5287685 -1.6811981 -0.38983396 16
5.9775963 -1.6048847 -0.3383261 22
6.6193023 -1.6884418 -0.33099696 40
-2.1047034 -1.5977275 -0.36790788 8
-2.0869243 -1.5787977 -0.39743409 7
5.9597273 -1.5939324 -0.31328455 20
-0.36570787 -0.39389864 -0.39260182 3
-0.120126 -0.27262053 -0.39658549 3
-0.24789992 -0.14560266 -0.39868778 4
-0.15568683 -0.17880477 -0.35156241 2
-0.039341241 -0.12048655 -0.37780529 4
0.25284028 -0.14378199 -0.35576513 3
0.31281656 -0.14037634 -0.34996784 1
-0.29814047 0.16759887 -0.34595919 2.5
0.39002794 0.1754954 -0.35632291 3
0.55171978 0.14441021 -0.36738905 1.8
-0.25274161 0.24594456 -0.37542081 2
-0.14123139 0.32620376 -0.39265653 3
-0.54030025 0.48115867 -0.38228825 4
2.8934915 1.2939448 -0.3520284 14
2.9538682 1.2929941 -0.38668185 14
3.0706081 1.2834381 -0.31048733 21
3.1461115 1.2854687 -0.35120001 23
3.2086909 1.2794864 -0.39025158 23
3.4489877 1.2714978 -0.30416077 20
3.5552692 1.2649682 -0.32951924 25.5
3.6346021 1.2600265 -0.36793193 25
3.7504206 1.2504878 -0.39813763 21
3.9457128 1.2973471 -0.36575279 30
4.0973067 1.299405 -0.35289368 29
4.2298784 1.2904557 -0.33615929 30
4.4041214 1.291522 -0.32228881 30
4.5790868 1.2875887 -0.30772376 26
0.083415478 1.3973856 -0.34582227 14
0.15547915 1.390521 -0.35855481 20.25
0.25486448 1.3821796 -0.35105535 22.666666
0.33913875 1.3814781 -0.33773857 20.125
0.44851017 1.3793107 -0.35662648 23.333334
0.5458321 1.3765198 -0.35670301 29.428572
0.66368502 1.3658079 -0.37291732 23
0.73037016 1.3706048 -0.34227753 22.200001
0.84700495 1.3742625 -0.34481397 20.583334
0.97318906 1.3732423 -0.35050997 17.888889
1.0066881 1.364259 -0.34887752 15
1.1658881 1.3641618 -0.35314515 27.714285
1.2413536 1.3657583 -0.33714077 22.5
1.3642981 1.3596324 -0.34611174 32.200001
1.4238671 1.3629446 -0.34692234 40.5
1.5352321 1.3463254 -0.36286056 46.666668
1.6957327 1.3564095 -0.39148685 46
1.7474911 1.3509475 -0.34368095 42.400002
1.8398747 1.3551329 -0.31816494 69.5
2.2481217 1.3338392 -0.38090768 2.5
2.4728768 1.3155265 -0.33518189 0
2.5122633 1.3095132 -0.37187743 6
2.8664443 1.3170671 -0.34179008 8
2.9537752 1.3313392 -0.34896582 14
3.0549378 1.3239412 -0.32839352 22.5
3.1709299 1.3225567 -0.30878127 29
3.7085385 1.3042982 -0.39541891 28
3.828721 1.3033024 -0.38134986 30
-1.7486283 1.4365641 -0.34915626 48.799999
-1.6579534 1.4367956 -0.36067975 60
-1.4467244 1.4459882 -0.34744918 69.166664
-1.3585649 1.4287522 -0.31861877 77.5
-1.255825 1.425849 -0.35483864 73
-1.1760927 1.4409713 -0.35077548 77.199997
-1.0527438 1.4304035 -0.31504428 16
-0.9141981 1.4358504 -0.34747306 15.4
-0.66909778 1.4218528 -0.35873815 21.142857
-0.46277875 1.4214619 -0.35670447 16.5
-0.32853532 1.4219207 -0.33554652 19.5
-0.26369673 1.4155418 -0.35136503 18
-0.16299492 1.4107833 -0.35333374 18.5
-0.059842873 1.412065 -0.33470365 14.333333
0.042993583 1.4022597 -0.35198927 14
0.17859803 1.4047766 -0.37777433 21
0.27841142 1.4009101 -0.32173476 15
0.36859393 1.4026819 -0.35709736 16
0.47802627 1.4049884 -0.31762147 16
0.53291398 1.402997 -0.35342941 17
-1.5227692 -9.6568604 -0.24941912 106
-1.4797603 -9.625927 -0.21629608 126
-2.7894413 -6.0436444 -0.22526592 18
-2.7302105 -5.194953 -0.26594692 29
-2.7032886 -4.570581 -0.26812705 9
5.768363 -2.5680537 -0.23389511 19.5
5.9535775 -2.5559466 -0.23365742 25
-1.3457854 -2.4124825 -0.26471636 3
2.6869466 -2.451268 -0.20358565 3
-0.48643464 -2.3131638 -0.20092425 166
-0.28018484 -2.3065155 -0.20438296 19
0.75248998 -2.3422363 -0.22365218 15
3.0658808 -2.3119922 -0.21391386 9
-2.1962626 -2.2265024 -0.20638984 0
-1.2293121 -2.2452497 -0.20532838 52
-0.6793921 -2.2197351 -0.2469337 37
-0.59947473 -2.2992213 -0.20469159 156
-0.39162028 -2.2428145 -0.29061666 150
-0.26877153 -2.2874351 -0.25683615 105.5
0.10904503 -2.2799602 -0.23693749 13
3.0887723 -2.2996662 -0.22677141 8
-2.0299766 -2.1963048 -0.24313173 6
-1.2012227 -2.1923666 -0.26827627 14
-1.0362089 -2.1175444 -0.24374247 10
-0.48126632 -2.1406784 -0.25659192 39
0.10295461 -2.1149962 -0.25691092 4
1.4391477 -2.1381519 -0.20456293 18
2.5491018 -2.1094675 -0.2156921 19
-2.6510327 -2.0990694 -0.25291947 30
-1.9648334 -2.0003061 -0.24085081 0
-0.84488016 -2.0627742 -0.27828503 15
-0.56933659 -2.0552247 -0.26539007 20
-0.1326111 -2.0571315 -0.22991389 19
0.022282546 -2.0901473 -0.23435473 7
0.39744404 -2.037852 -0.21555278 14
0.62677795 -2.0783217 -0.21937487 150
0.74208832 -2.010226 -0.21977699 97
1.0317311 -2.0277638 -0.20682251 16
4.1320415 -2.0706446 -0.27805722 35
-1.9499968 -1.9232666 -0.24655573 6
-1.8019314 -1.9740927 -0.23842034 10
-1.7442635 -1.9680924 -0.25644901 7
-1.5039581 -1.9450139 -0.26136443 21
-1.4970727 -1.9397005 -0.26023009 10
-1.1420621 -1.9578718 -0.26005763 21
-0.93237454 -1.9244556 -0.24153516 18
0.40143606 -1.9958739 -0.21799967 15
0.51884663 -1.908998 -0.22052422 18
0.86828172 -1.9008359 -0.21491161 29
1.2541968 -1.9621452 -0.21741626 5
1.5187521 -1.9951636 -0.20247221 6
2.4405355 -1.9112034 -0.24721524 4.5
4.1490564 -1.9851184 -0.24413954 65
4.2498622 -1.9650421 -0.22042306 34.5
4.3815031 -1.9625425 -0.21916366 73
-1.0347059 -1.8166487 -0.25650251 31
-0.82653093 -1.8154593 -0.26677203 2
-0.7683906 -1.8006496 -0.27037525 0
-0.55364007 -1.8381696 -0.2494387 107
-0.42818323 -1.8458065 -0.24580939 89.666664
-0.378075 -1.8567933 -0.2664443 72
-0.1547415 -1.8392166 -0.24237329 103
-0.059394427 -1.8361399 -0.24457566 30.4
0.061169691 -1.8228285 -0.27454859 21
0.28995302 -1.8474289 -0.21691683 26
0.38668472 -1.8535668 -0.26919258 38
0.43575636 -1.8654165 -0.22370987 115
0.54580826 -1.8560383 -0.26121241 82.400002
0.78413123 -1.8098681 -0.20908239 51
0.88608313 -1.8498224 -0.26684704 53
0.91398299 -1.8567395 -0.27369595 28.5
1.0171551 -1.870802 -0.22472426 46
1.3639268 -1.8422136 -0.2576381 12
1.46856 -1.8302068 -0.21815652 29
1.583431 -1.8146732 -0.29177162 8
1.6594511 -1.8825634 -0.27382809 3
1.7542939 -1.8679931 -0.21714516 10.5
1.8561836 -1.8711267 -0.2477591 7.5
1.9221449 -1.8576291 -0.27078801 6
2.2282226 -1.828756 -0.2062045 6
2.3738546 -1.8502461 -0.27075261 1.5
2.4220808 -1.8357534 -0.23267515 1.6666666
2.548737 -1.8607376 -0.20880118 10
-2.6662602 -1.7736995 -0.25598934 71
-2.2668633 -1.7436074 -0.23137197 6
-1.8119202 -1.7536534 -0.25428015 8
-1.7115401 -1.7620646 -0.23329118 5
-1.6905729 -1.7970569 -0.25945067 6
-1.5551102 -1.7574258 -0.27074972 9
-1.4545361 -1.7514029 -0.27902168 6.5
-1.3936067 -1.7602625 -0.26599473 15
-1.047191 -1.7459657 -0.27645433 34
-0.95167118 -1.7701631 -0.26076925 45
-0.84322602 -1.7503735 -0.2378889 14
-0.46031225 -1.7045966 -0.27919456 128
-0.30529359 -1.7102395 -0.28860635 6
-0.25044739 -1.7273817 -0.22122896 154.66667
-0.13482749 -1.7052941 -0.28472298 140
-0.02000501 -1.733315 -0.22885171 68
0.072809778 -1.7674543 -0.22180185 124
0.15654576 -1.7099049 -0.23704654 5
0.27911884 -1.7014781 -0.22932136 72
0.44075602 -1.7166878 -0.22877374 150.5
0.56681776 -1.7459165 -0.23676471 150.33333
0.74211675 -1.7194897 -0.22901796 45.666668
0.92617953 -1.7354323 -0.20997676 54
1.0006918 -1.720854 -0.23738763 29
1.1204799 -1.7104499 -0.21133344 3.5
1.3150029 -1.7233047 -0.22223824 22
1.4318075 -1.7012396 -0.23419541 17
2.2329285 -1.7439827 -0.25718924 4
-4.0108147 -1.6171018 -0.20755094 7
-3.8541322 -1.6209772 -0.21952534 9
-3.559912 -1.6197423 -0.24154389 60
-3.4582829 -1.6138954 -0.20318782 9
-3.380326 -1.6206996 -0.23757628 42.5
-3.227983 -1.6316371 -0.24240756 78
-2.8940513 -1.6332599 -0.29593438 20
-2.5330546 -1.6629089 -0.28497449 18
-2.4474454 -1.6057526 -0.27483845 4
-2.2152326 -1.6915916 -0.2588605 6
-2.1943517 -1.6666161 -0.29012474 6
-1.7472961 -1.6741451 -0.2756066 10
-1.5481644 -1.6739247 -0.2626825 5
-1.3375068 -1.6297336 -0.26963422 7
-1.0230589 -1.6618961 -0.27936244 21
-0.88801008 -1.6911143 -0.26998654 37
-0.68801236 -1.6584557 -0.29713377 9
-0.523938 -1.6721783 -0.27360955 130
-0.45394194 -1.6848806 -0.26311684 150
-0.35930502 -1.6770242 -0.25875571 103.33334
-0.25927275 -1.6694059 -0.27024436 35
-0.16739374 -1.685308 -0.25791332 151
0.24909081 -1.6996052 -0.26011103 25
0.45493937 -1.6989655 -0.24380997 150
1.3378359 -1.6883138 -0.20565698 17
1.5716696 -1.6686313 -0.2167272 9
-2.9649177 -1.5493119 -0.2471576 59
-2.8439169 -1.5581694 -0.28255424 6.6666665
-2.0972888 -1.5934216 -0.26378942 13
-2.9599402 -1.4341477 -0.23244494 21
-2.8793683 -1.4746192 -0.25485075 17
-0.3392213 -0.21915835 -0.24941146 1
-0.23873128 -0.13208699 -0.22433421 1.2222222
-0.17335305 -0.12935562 -0.22651188 1
0.28591427 -0.15766376 -0.247659 2
0.30959785 -0.14163803 -0.26972425 1
-0.30448905 0.14626004 -0.26353714 1
-0.29369566 0.14033334 -0.2246885 1
0.29355869 0.13902447 -0.24396873 2
0.34603301 0.14541119 -0.23914737 2
0.43858901 0.14719562 -0.2498575 1.375
0.52054083 0.13902298 -0.2823571 1
2.7318797 1.2998163 -0.25438762 2
2.923543 1.2889156 -0.21810026 9
3.0093634 1.2864209 -0.27191025 18
3.2670951 1.2733493 -0.21886012 12.5
3.3687639 1.2718328 -0.23926005 17.5
3.4339504 1.2682757 -0.24415699 20
3.5073056 1.2653242 -0.2803883 25
4.7745924 1.283663 -0.29140285 25
5.001873 1.2827495 -0.27776888 22
5.2447591 1.2798419 -0.2615841 22
5.5180602 1.2749456 -0.24523318 18
5.678329 1.2360058 -0.22262603 10
-0.31569946 1.3959374 -0.23690937 14
-0.17711918 1.3910381 -0.23982775 22
-0.012324566 1.3981577 -0.24452272 14
0.047943354 1.3940473 -0.28576744 14
0.15113758 1.3972549 -0.22287045 14.333333
0.2503261 1.3862603 -0.27274334 19.200001
0.34261134 1.3829982 -0.24067408 27
0.43509397 1.3789109 -0.24256921 25
0.54508311 1.3763106 -0.24523513 25.5
0.65897781 1.3725272 -0.24531542 23.166666
0.75144112 1.3719714 -0.24670246 22.222221
0.82493985 1.3727372 -0.24456792 21.200001
0.94309849 1.376261 -0.25679293 17.333334
1.0587025 1.3664929 -0.24419917 12.428572
1.1427096 1.3648438 -0.24549127 14.2
1.3437165 1.3661214 -0.24825113 34
1.4572551 1.3593649 -0.24904177 49
1.522862 1.3631892 -0.22907215 60
1.6645008 1.3440704 -0.24634886 61.333332
1.8532863 1.3329387 -0.25887206 30.666666
1.9608849 1.3498173 -0.26025826 41.666668
2.0545027 1.3454576 -0.21840727 8
2.7466588 1.3191428 -0.25266188 2.5
3.2482934 1.3176343 -0.29381973 35
3.341877 1.3187261 -0.28125602 33
3.4326606 1.3158157 -0.26722908 37
3.5255787 1.3109075 -0.25253043 39
3.6333292 1.3090128 -0.23879063 37
3.7396922 1.3041171 -0.22361201 37
3.8658233 1.3042393 -0.2101835 39
-2.7254927 1.4491342 -0.20639729 60
-2.623132 1.4452108 -0.2169635 63
-2.5335348 1.4462727 -0.22864485 67
-2.446985 1.4443336 -0.23948702 50
-2.3676493 1.4453875 -0.25033271 40
-2.2478085 1.4409683 -0.26714453 14.5
-1.731829 1.442026 -0.23693609 73.666664
-1.646625 1.439002 -0.25378865 58.875
-1.5374372 1.4280689 -0.26101542 47.5
-1.4369621 1.4403582 -0.2519297 75.875
-1.2437389 1.4234619 -0.22306152 74.5
-1.1645339 1.4362566 -0.25532854 74.444443
-1.0857662 1.4284178 -0.29784819 74
-0.90787995 1.429828 -0.25456041 16
-0.67755187 1.4252433 -0.25266197 14.6
-0.44675738 1.4227197 -0.24496859 19.25
-0.34333503 1.4200878 -0.28162634 20.333334
-0.27161038 1.4140549 -0.27210808 19.5
-0.13421716 1.4112031 -0.24389224 19.799999
-0.068861149 1.4058639 -0.25612924 16.285715
0.0193324 1.4001019 -0.26557457 14
0.18249179 1.4008775 -0.25461483 14
0.42396778 1.40598 -0.28237268 16
8.6987085 -9.9529572 -0.15567844 44
4.3975544 -9.8368759 -0.14686643 73
2.2519722 -9.7546587 -0.14947188 107
2.712769 -9.7846327 -0.19156384 61
2.8176777 -9.7513552 -0.16919531 131
-1.2874165 -9.6544409 -0.16469502 121
-0.44879884 -9.6735325 -0.19326913 118
-0.13998455 -9.660491 -0.10475069 139
0.36240792 -9.6660089 -0.16817763 125
6.0013466 -2.5708566 -0.17770486 24
-1.7909081 -2.4127643 -0.14097615 4
-1.2914164 -2.4033029 -0.17360005 11
-0.61546844 -2.4201815 -0.1126866 0
-0.50560296 -2.4221618 -0.10724084 3
-0.45842895 -2.4034557 -0.12549609 9
-0.28022981 -2.4248836 -0.1563189 13
1.2293689 -2.4858406 -0.15528774 9
2.7423596 -2.4821594 -0.11086072 7
-2.3073089 -2.3635893 -0.17315651 7
-1.359674 -2.3524549 -0.14282987 4
-1.2881634 -2.3982508 -0.12010208 14
-0.60832554 -2.3682034 -0.16026621 4
-0.40162557 -2.3907804 -0.15489689 9
-0.39768773 -2.3077841 -0.19777787 35
-0.28442895 -2.3105092 -0.12696224 154
-0.070914961 -2.332237 -0.19483382 4
0.31638995 -2.3241622 -0.13045011 58.666668
0.44573653 -2.3200665 -0.13746354 88
0.74215358 -2.3309641 -0.1497014 16.5
0.84924704 -2.3248389 -0.13114396 23
0.93276852 -2.3426721 -0.19301754 111
1.0374371 -2.3359964 -0.12517062 11
1.4516693 -2.3189356 -0.12738752 32
1.7916485 -2.3139565 -0.17859481 8
-1.7163018 -2.2918491 -0.17759769 4
-1.2585227 -2.2208676 -0.13973457 5
-0.92052907 -2.2683249 -0.16805826 9
-0.72605431 -2.2739284 -0.12293032 39
-0.42063957 -2.2814183 -0.13857466 21
-0.12069022 -2.2891812 -0.13534875 25
0.33546132 -2.2986732 -0.16819246 150
1.5969446 -2.298089 -0.14724533 117
3.0961082 -2.2669332 -0.17765692 6
-2.6551824 -2.1138701 -0.11871925 72
-0.067105122 -2.1023519 -0.19386086 9
0.47282761 -2.1363773 -0.19931382 73
-2.6573243 -2.0995386 -0.13686472 96
0.8662256 -2.0508354 -0.19381762 12
1.0701605 -2.0332229 -0.18117748 17
1.9659873 -2.0911012 -0.17597285 6
2.3441427 -2.0056083 -0.19111079 14
5.1419363 -2.0759366 -0.14286304 11
-0.007649818 -1.9511738 -0.19636697 23
0.31147429 -1.9443361 -0.19419208 31
0.83262551 -1.9287897 -0.1898652 46
1.2857937 -1.9510765 -0.18396267 25
1.5651889 -1.9840864 -0.18195777 11
1.915583 -1.9446044 -0.19988269 19
4.3954363 -1.95935 -0.17910726 67
5.138886 -1.98324 -0.13857149 14
5.2446575 -1.936195 -0.11428724 5
-2.8149405 -1.8918747 -0.18477045 0
-0.25700098 -1.8918048 -0.14318308 3
0.08513803 -1.8513813 -0.19977641 55
0.99284261 -1.8753384 -0.19732845 89
1.0929779 -1.8106152 -0.14269087 3
1.444072 -1.8272086 -0.19483033 33
1.7461542 -1.8489439 -0.17947662 10
2.4836466 -1.8286519 -0.19405404 5
2.6990347 -1.8371617 -0.1040439 21
2.7073369 -1.8105195 -0.15976754 3.5
-2.6683686 -1.7786108 -0.13125677 65
-0.60357618 -1.7768074 -0.11524962 155
-0.27104825 -1.7224071 -0.12271798 157
-0.12025388 -1.7191808 -0.12373714 156
0.074077286 -1.7190617 -0.12647413 2
0.14848499 -1.7151942 -0.15352573 15
0.26400828 -1.7126255 -0.13029471 50
0.39495236 -1.7249851 -0.11030178 28
0.44750875 -1.7032228 -0.11919202 67
0.51163083 -1.7330947 -0.13539061 90.5
0.83370078 -1.7197609 -0.10802934 17
0.93762243 -1.7305524 -0.11946413 2
1.0926366 -1.7296165 -0.17042388 3
1.2633306 -1.7140359 -0.10532343 2
1.4944795 -1.710734 -0.10117164 0
1.6482008 -1.7674726 -0.1194841 0
2.1985667 -1.7748291 -0.12354626 4
-4.3401246 -1.6138391 -0.1012084 38
-4.1740856 -1.6326537 -0.12491384 3
-2.1100307 -1.607287 -0.13589765 4
-1.7121611 -1.6327614 -0.14692409 4
-1.6427219 -1.6407484 -0.16414478 4
-1.3206404 -1.6314206 -0.14432502 1.3333334
-1.2993845 -1.6113576 -0.16338135 5
-1.0394399 -1.6576223 -0.14327314 2
-0.97577828 -1.6567402 -0.15058567 2.3333333
-0.73123044 -1.653007 -0.14819837 20.5
-0.63513893 -1.6707001 -0.14152588 11.666667
-0.53503495 -1.6705985 -0.14452584 89
-0.46289 -1.6805375 -0.16201362 75
-0.33004981 -1.6595618 -0.14929157 81.666664
-0.2346105 -1.6730262 -0.15510981 56.333332
-0.077057227 -1.6811707 -0.15352222 31
0.12824552 -1.690872 -0.10878561 15
0.4005731 -1.6973971 -0.12152192 33
0.62633622 -1.6955072 -0.13181855 31
1.2197855 -1.6861125 -0.13084923 4
1.3544145 -1.6912737 -0.11578083 2
-2.0996997 -1.5910388 -0.1294506 3
-3.6631477 -1.2330934 -0.12556316 0
-2.7724195 -1.2109382 -0.13687831 11
-3.6403289 -1.1275203 -0.10138722 24
-2.7885795 -1.1733935 -0.14235672 12.5
-0.31184337 -0.13203397 -0.13678764 0.90909094
-0.27666238 -0.13359278 -0.13381578 0.88235295
-0.28714153 -0.085326388 -0.12725279 0
-0.41558632 0.15840568 -0.1462037 2
-0.35725456 0.15561751 -0.13865992 0.93548387
5.7805204 1.0940418 -0.16857156 6
5.6626635 1.1499983 -0.19193467 2
2.8479424 1.2934164 -0.16721612 2
3.052253 1.277181 -0.1103697 3
3.1593723 1.280545 -0.14125492 6
3.2609687 1.2726616 -0.15807869 11.5
3.9856331 1.2973561 -0.19452435 32
4.1280632 1.295494 -0.17924885 33
4.281806 1.2926421 -0.16416433 30
4.4497123 1.289804 -0.14790456 33
4.6345863 1.2889813 -0.13193245 31
4.8378668 1.2861761 -0.11485592 26
7.0066881 1.2485099 -0.17484586 25
7.5240421 1.2377056 -0.15505971 20
8.0860043 1.2169179 -0.13253084 10
9.2044344 1.2583421 -0.11495931 7
-0.26830295 1.3960763 -0.17281866 17.333334
-0.15557456 1.3953462 -0.15015052 22.555555
0.059641473 1.398828 -0.17025638 13.5
0.1426876 1.3701439 -0.19955626 10
0.28516075 1.3979576 -0.19117832 14
0.36662385 1.3839947 -0.16327475 25.5
0.45016775 1.3820884 -0.14918983 27.125
0.55549711 1.3806586 -0.14356463 27.666666
0.64134538 1.3685274 -0.14336185 25
0.75638849 1.370064 -0.15522839 22.299999
0.85940665 1.3687623 -0.1455953 21.6
0.90948892 1.3701963 -0.15649791 20
1.0413835 1.3747152 -0.15460649 16.857143
1.1340477 1.369609 -0.14959854 12.75
1.2515786 1.3602705 -0.13775872 14.8
1.3872893 1.3636208 -0.12542135 44
1.4444809 1.3648146 -0.1764717 34
1.5587673 1.3588667 -0.1460782 58.875
1.6452458 1.3544374 -0.14525799 66.5
1.7543317 1.3360158 -0.13252757 60
1.8043337 1.3346083 -0.19477856 40
1.9778939 1.3277868 -0.12465377 36
2.0217226 1.3253136 -0.16651309 11.5
2.7717218 1.3364347 -0.19741511 22
2.842123 1.3354473 -0.17673159 33
2.9491768 1.3299663 -0.14360975 44.5
3.0689559 1.3264873 -0.11071229 57
-4.0519457 1.4810677 -0.10782863 43
-3.8383617 1.4712484 -0.11925286 50
-3.6552918 1.4674022 -0.12956946 50
-3.4971879 1.4675293 -0.14127207 47
-3.3421302 1.4636554 -0.15213363 50
-3.2020519 1.4617652 -0.16382612 51
-3.0694599 1.4578711 -0.17412534 53
-2.9426908 1.4529719 -0.18414319 54
-2.8309021 1.4510567 -0.19499385 54
-2.1511266 1.4374039 -0.11951235 36
-2.0416322 1.4380249 -0.14132445 14
-1.9590012 1.4261178 -0.15469684 2
-1.7218015 1.4387214 -0.15047589 76.5
-1.6389452 1.4405943 -0.15673517 76.5
-1.5403769 1.4280009 -0.10900559 51
-1.4319111 1.4376333 -0.13637161 77.875
-1.343778 1.4261459 -0.1828732 75.333336
-1.1641275 1.4430356 -0.14744006 51.666668
-1.0586586 1.424263 -0.1457991 56.333332
-0.92288369 1.4269243 -0.15865491 17.333334
-0.85485506 1.414978 -0.14191602 15
-0.68143672 1.4255334 -0.15537217 16.166666
-0.4644919 1.4204013 -0.14840326 19
-0.3331058 1.405283 -0.15114324 21.333334
-0.24578926 1.407975 -0.15398413 19.5
-0.17182672 1.4186382 -0.19811919 18
-0.027028481 1.4007959 -0.1099872 13
0.031581853 1.4043179 -0.15012547 13
0.46688882 -9.7066431 -0.011555334 150
2.0247977 -9.7258406 -0.083719492 134
-2.7675269 -9.6003666 -0.099345177 115
-1.6534805 -9.6320019 -0.08938989 130
-1.4838718 -9.6181803 -0.092549518 133
-0.7593897 -9.6707602 -0.070078164 142
-0.41149276 -9.6662693 -0.077177122 16
0.18310614 -9.6680183 -0.042388942 146
-2.7616568 -7.3810649 -0.052209463 26
-2.7994289 -6.0300469 -0.097716585 26
-2.707552 -4.4872947 -0.078374624 27
1.4348507 -2.5082765 -0.018174846 6
1.6222003 -2.5040493 -0.061529715 17
2.0045912 -2.535995 -0.053743821 5
2.121341 -2.5393274 -0.017652225 18
2.6136789 -2.546077 -0.045581859 14
6.7729411 -2.5830929 -0.089570597 19
-1.7927736 -2.4055679 -0.088955268 5
-1.6702311 -2.4302511 -0.011586648 1
-1.2925894 -2.4086871 -0.042180918 15.5
-0.61701083 -2.4261332 -0.032510653 0
-0.43369141 -2.4066019 -0.04428678 11
0.042247456 -2.4548655 -0.044911481 4
0.36332855 -2.4486756 -0.049228001 7.5
0.41230595 -2.4247944 -0.040415976 12
0.51585031 -2.4439914 -0.0033868821 9
0.81114656 -2.4688499 -0.037473675 12
1.013346 -2.4877076 -0.030431625 3.5
2.5254655 -2.4652703 -0.01551598 59
2.670366 -2.4532089 -0.056203749 20
-1.7077477 -2.3017225 -0.008861077 13
-1.6528625 -2.396678 -0.074562311 5
-1.4838746 -2.3953807 -0.092526734 15
-0.95813888 -2.3299038 -0.075695351 0
-0.50524265 -2.3503227 -0.04802214 25.333334
-0.37098503 -2.3696611 -0.096223995 2
-0.053017952 -2.3390348 -0.068100482 28
0.26281759 -2.32127 -0.048798032 48
0.4460744 -2.3454876 -0.065072343 34.666668
0.62555528 -2.3150206 -0.059068736 109
0.79776436 -2.3256965 -0.089639112 76
1.0577921 -2.3533912 -0.074683338 4
1.4001839 -2.3427074 -0.025538255 150
1.5714395 -2.3080976 -0.097339168 12
1.6541191 -2.3284826 -0.031558786 21
1.9724211 -2.3513374 -0.068644345 0
2.3663533 -2.3434992 -0.051279936 0
-1.7339807 -2.2953069 -0.031616639 17
-1.2721524 -2.237041 -0.069135755 5
-0.28877768 -2.2895033 -0.048548002 168
0.57011753 -2.2929838 -0.096155852 51
1.5891746 -2.2885959 -0.06808266 8
3.024123 -2.2758565 -0.07532426 40.5
-2.6519883 -2.1022062 -0.011660826 25
-2.6642313 -2.096302 -0.051652335 138.5
2.8118038 -2.0239682 -0.040097129 19
5.1684508 -2.0005865 -0.090988532 6
3.0724344 -1.9239215 -0.071826994 5
5.8700438 -1.9899932 -0.075240642 14
0.2235395 -1.8168731 -0.066542551 154
0.57810551 -1.8120949 -0.074621364 181
2.9233909 -1.8530555 -0.025272589 3.5
5.1245685 -1.811599 -0.038676109 15
5.4332891 -1.8452996 -0.016994257 1
-2.6706696 -1.7803588 -0.055956166 69
-0.2763502 -1.7260741 -0.046226248 166.33333
0.27191502 -1.7007337 -0.03207751 23
0.30985194 -1.7105066 -0.084949628 46
0.42355379 -1.731863 -0.080892742 160
0.59853774 -1.7429773 -0.083992988 164
0.63467807 -1.7019495 -0.012613771 177
0.75339782 -1.7075108 -0.032778036 34
0.89076519 -1.7125996 -0.080679446 24
1.0605294 -1.7297201 -0.084402718 2.6666667
1.1475834 -1.7092128 -0.030338582 7.5
1.231267 -1.7010498 -0.099230975 3
1.6541809 -1.7433171 -0.048210934 1
1.7143178 -1.7337489 -0.088561103 0
1.8647155 -1.7501454 -0.065000527 0
2.0132813 -1.7616924 -0.034482073 2
2.5596533 -1.7572995 -0.056700941 4
5.1166005 -1.7942771 -0.086597428 25
5.4362125 -1.7331489 -0.046316851 11
6.033761 -1.7399162 -0.0074421139 8
-2.0533481 -1.6197246 -0.026443604 2
-1.711599 -1.6190532 -0.052799344 3.6666667
-1.6970594 -1.6302 -0.03672738 2
-1.2820506 -1.6145132 -0.049930878 5.75
-1.1706963 -1.6511279 -0.058232665 6.5
-0.73932415 -1.658733 -0.046349864 13.4
-0.68938529 -1.6711781 -0.074097432 86.5
-0.32545131 -1.6688576 -0.058566917 96.5
-0.23036456 -1.6769204 -0.04140408 121
0.13951118 -1.6841933 -0.078549631 17
0.54654479 -1.6981616 -0.098374441 161
1.2898967 -1.6989777 -0.0767463 2
1.5462322 -1.6760889 -0.040764589 3.3333333
5.4520922 -1.6461381 -0.025386434 13
-9.580245 -1.5800483 -0.011355308 23
-8.6824884 -1.5812217 -0.029730048 9
-7.7750587 -1.5463823 -0.046239924 24
-7.2151031 -1.5578777 -0.062796459 26
-6.7563767 -1.5734676 -0.077917978 102
-2.08831 -1.5926561 -0.065651819 7.5
-3.9757566 -1.2343256 -0.021428589 16
-3.4221339 -1.182673 -0.056511652 7
-0.30886903 -0.14259411 -0.055202764 2.7142856
-0.258261 -0.14575155 -0.058085758 1.4444444
-0.19752273 -0.14931481 -0.054785248 1
-0.24699524 -0.074133202 -0.061808713 0
-0.42019135 0.14813858 -0.075634181 0.92000002
-0.35839808 0.1548084 -0.043690845 1.9444444
-0.27792817 0.15375394 -0.017758315 11.272727
-0.34729934 0.20714377 -0.016841795 0
10.984197 1.1810136 -0.056821939 13
12.425447 1.1505578 -0.022362608 12
3.0648658 1.282045 -0.048630018 0
3.1222532 1.2820809 -0.079106942 4
5.0553131 1.2823844 -0.096604213 26
5.3017569 1.2796197 -0.078135669 17
5.5743737 1.2758793 -0.059401702 19
5.8922834 1.2751817 -0.038605291 21
6.2286053 1.2675012 -0.016703222 22
10.004128 1.2226439 -0.086760491 60
-0.24784537 1.3935745 -0.060270093 23.5
-0.15834798 1.3949215 -0.049190708 23.5
-0.056325562 1.3917849 -0.089016303 9
0.46482936 1.3842866 -0.069113962 28
0.55207694 1.3792048 -0.033206038 28.1
0.65965468 1.3733966 -0.056861535 25.545454
0.72943485 1.36924 -0.049039319 23.799999
0.84311867 1.3675562 -0.061786994 21.333334
0.95203352 1.3716762 -0.045174897 21
1.0528286 1.3750623 -0.047686618 18.4
1.1781646 1.3686664 -0.055445321 15.25
1.2409098 1.3680474 -0.054651566 15.714286
1.3349468 1.3626108 -0.03788171 26.799999
1.483909 1.3529747 -0.024681684 78
1.5394946 1.352809 -0.074458599 53.333332
1.6670551 1.3540649 -0.045546968 70.199997
1.7392895 1.3500564 -0.056056857 53.200001
1.8651384 1.3352695 -0.026701093 45.333332
1.9335858 1.3277588 -0.084122114 57
2.1341562 1.3176126 -0.035024438 17.666666
2.2106261 1.3286022 -0.097366139 0
2.3534791 1.3075256 -0.0030383589 7
2.4325747 1.3390181 -0.07990846 5
2.5513215 1.3386855 -0.042947359 22.5
2.6377532 1.3318081 -0.014295799 36
3.157789 1.3245029 -0.087524608 53
3.2551303 1.3245201 -0.063072309 50
3.3496449 1.3185365 -0.038569916 44
3.463979 1.3185565 -0.013002631 46
-4.8039031 1.4984214 -0.072661459 32
-4.5146017 1.4876745 -0.084109649 35
-4.271347 1.4838821 -0.096110761 38
-2.9110489 1.455042 -0.003756349 48
-2.7910054 1.4561793 -0.020620208 49
-2.6653993 1.4483237 -0.036392491 55
-2.5564392 1.445448 -0.051821057 53
-2.4632964 1.4485528 -0.067464679 53
-2.3709786 1.4476569 -0.082547888 57
-2.2814353 1.4457572 -0.098173678 62
-1.7216454 1.4407374 -0.065944798 75.333336
-1.6329092 1.4382101 -0.059203055 64.285713
-1.4290733 1.4421077 -0.039723516 79.199997
-1.3636913 1.42485 -0.013403233 59
-1.2537881 1.4241066 -0.058251709 75
-1.1657379 1.4343216 -0.063204564 28.857143
-1.0562109 1.4201598 -0.032796178 15
-0.92576808 1.4283245 -0.059436239 19.125
-0.81511754 1.4040681 -0.0018897288 13
-0.76919532 1.4090991 -0.030413579 13.5
-0.67832768 1.4211321 -0.04212971 18.5
-0.46808407 1.415956 -0.061375428 19.333334
-0.33965838 1.4052817 -0.046307594 21.666666
-0.29638922 1.4013557 -0.044371262 23
-5.9112287 1.5304279 -0.033383351 22
-5.4781861 1.5148296 -0.047225568 20
-5.1128912 1.5041522 -0.060086917 27
-7.1774354 1.6082708 -0.0050672414 11
-6.6340885 1.6037582 -0.02134167 16
1.2063016 -9.7102079 0.05489919 147
5.3626289 -9.7918243 0.01277298 82
-1.8266479 -9.6240778 0.038344841 134
-1.2113392 -9.6406012 0.040932618 150
0.03227485 -9.6710939 0.072050534 145
-2.7577636 -6.9740648 0.04156309 33
-2.8045418 -5.9984407 0.031211825 39
-2.7245159 -4.0378523 0.066748254 23
8.609477 -2.6162896 0.076804318 4
1.399338 -2.5114381 0.075157724 10
1.9187443 -2.5168333 0.058046281 13
2.5429008 -2.5170562 0.010581835 6
2.6388865 -2.5486169 0.061736137 13
-1.9628106 -2.411902 0.092028581 8
-1.8480777 -2.4258277 0.024330597 0
-1.7764753 -2.4101479 0.043443322 7
-1.2948936 -2.4135966 0.062531196 16
-1.1725067 -2.4170408 0.049779799 16
-0.40937337 -2.4297152 0.031142149 5
-0.18004459 -2.4280403 0.022455312 16
0.31257328 -2.4470022 0.060708523 9
0.48958108 -2.4479945 0.050575666 2
0.54916847 -2.4293351 0.046698779 35
0.93840301 -2.4301462 0.030153858 29
1.4111326 -2.4595706 0.021966886 7
1.8412743 -2.4021547 0.088191099 31
2.180465 -2.4918694 0.0068508154 1
2.4815001 -2.4970272 0.065650389 40
-1.8731757 -2.3738387 0.056895651 3
-0.96208018 -2.3236041 0.0078917732 40
-0.51174831 -2.3436565 0.026722886 9
-0.36373323 -2.3099515 0.057150416 21
-0.28554681 -2.3148355 0.027219588 159
0.23087652 -2.3164096 0.056177221 58.200001
0.74668759 -2.3347282 0.05878124 150
1.0767673 -2.3346159 0.091315776 14
1.1395268 -2.3412097 0.0047268374 0
1.2255163 -2.340023 0.084086634 4
1.4302565 -2.3700895 0.022968341 19
1.9872098 -2.3724298 0.042231854 29
2.228611 -2.3784654 0.085695751 17
4.1251125 -2.366497 0.078892231 34
-1.7421386 -2.2915435 0.039408635 30.5
-1.1674273 -2.279036 0.078870662 7
-0.70907211 -2.2815473 0.074125998 20
-0.29121551 -2.2934992 0.0024309298 172
0.12518764 -2.2956514 0.029165264 86
-0.27673313 -2.1984038 0.061465122 171
2.6942511 -2.1354935 0.096503504 37
2.7621081 -2.1554794 0.05107465 77
-2.6756589 -2.0874472 0.076808922 75.5
2.7269611 -2.0618505 0.046541125 34.666668
-2.6366134 -1.9489651 0.032919824 54.5
2.7256472 -1.9900411 0.0045821955 36
-2.6364477 -1.8421621 0.069018193 70
2.8250279 -1.8171339 0.01582537 12
3.1050811 -1.807708 0.025861343 5.5
7.4712119 -1.8153607 0.055389531 11
8.0324364 -1.8281431 0.078644276 44
-2.6666636 -1.7699499 0.060218427 68.714287
-0.30875441 -1.7622316 0.011865175 160
-0.28128153 -1.7464075 0.029962825 179
0.23370504 -1.7755475 0.0081312573 158
0.58333337 -1.7471471 0.097047187 178
0.71955836 -1.7073848 0.064995244 143.5
2.0324793 -1.7429231 0.030659301 12
2.6961985 -1.7993095 0.086202696 20
2.7115438 -1.7758541 0.068805225 15.333333
3.1125522 -1.7481904 0.052594908 7.5
5.441361 -1.7592789 0.0061833402 4
-6.7446218 -1.6196338 0.09915448 89
-6.3955541 -1.6572334 0.064428464 14
-2.1747916 -1.6235819 0.0062568905 37.5
-1.7229761 -1.6156975 0.047550719 19.333334
-1.6937045 -1.6272478 0.052099962 86.333336
-1.3001906 -1.6221365 0.047398563 1
-1.2757205 -1.614503 0.013072471 10
-0.81389862 -1.6644217 0.026631523 4
-0.75782222 -1.6568657 0.056867622 5.4000001
-0.33319426 -1.6720307 0.047949918 131.8
-0.22908345 -1.6780425 0.037411924 152
0.26961374 -1.6939571 0.045389276 26.5
0.59912217 -1.6952708 0.061177086 165
0.61713737 -1.6954008 0.023221269 97
1.1975052 -1.6840987 0.048520342 22
1.5509554 -1.6728525 0.098695233 2
1.6896361 -1.6959733 0.036660928 15
5.8517628 -1.623857 0.072071634 8
6.0885134 -1.6538906 0.012089557 61
6.1951618 -1.6315219 0.096697226 6
6.3257399 -1.6187965 0.031206047 3
-2.1087697 -1.5825832 0.033373252 4
-2.087569 -1.5943338 0.036840823 10
-15.640332 -1.4995941 0.096696563 7
-12.637009 -1.4287921 0.059404727 11
-11.141267 -1.4514133 0.032838348 16
-9.9908247 -1.4743589 0.0094496449 22
-4.6563811 -1.3691456 0.00037097471 0
-4.2654514 -1.1646458 0.022735167 9
-0.33644372 -0.00084495044 0.067634679 0.26192844
-0.27629995 -0.00066980621 0.0084919576 0.27597955
0.40612641 -0.0014555284 0.02304044 0
0.52904564 -0.00035558856 0.01132802 0
0.60620755 -5.0789931e-06 0.0042430116 0
-0.41286808 0.08986789 0.019083574 0
0.57903349 0.00012430914 0.0052240733 0.43354431
0.60304272 7.9517049e-06 0.0042846217 0
-0.32589781 0.16149829 0.0074258996 6.3636365
-0.26940829 0.15969796 0.01121236 6.5
-0.28223175 0.2108113 0.016918365 0
-10.082344 1.1786968 0.09364742 39
17.744093 1.1065669 0.07391376 83
6.6201205 1.2618728 0.0070944717 23
7.0385551 1.2492697 0.033268064 23
7.558331 1.2419112 0.060794163 19
8.114768 1.2244496 0.092437923 14
-9.9155178 1.3378268 0.080508068 38
-0.46724212 1.3869992 0.065093949 8
-0.32864699 1.3961297 0.057294112 22.799999
-0.23007855 1.3944519 0.033855498 25.5
-0.15728755 1.3920175 0.05415877 24
0.56293553 1.3802881 0.040469877 27.888889
0.65139586 1.3761549 0.058641549 26.6875
0.76527143 1.3709041 0.049963351 23.545454
0.83126199 1.3702676 0.057047933 23
0.95147997 1.3706907 0.041321974 20.666666
1.0356214 1.3722514 0.052672822 21.1
1.1367757 1.3696492 0.05682642 17.6
1.2785454 1.3623917 0.04943737 15.75
1.3561612 1.3678426 0.044808242 16.857143
1.4379636 1.3586807 0.051943954 35.666668
1.5928479 1.3449798 0.098904923 64
1.6258475 1.3392358 0.043008756 59.333332
1.7794784 1.35065 0.034800258 37.333332
1.8290179 1.3410418 0.03458941 50
2.0530527 1.3203224 0.052004192 45.666668
2.2606266 1.3131332 0.07195688 33.333332
2.3273017 1.3135123 0.022231363 14
2.7496591 1.3354628 0.016055832 53
2.8566358 1.3321118 0.047199056 53
2.9347994 1.3302197 0.068556726 56
3.0179248 1.3273339 0.090541251 61
3.5797527 1.3155768 0.013953957 46
3.7075572 1.3135989 0.041405577 41
3.8431768 1.3096224 0.070841417 43
17.808819 1.3935995 0.022537705 54
-3.7292731 1.4741263 0.087646142 36
-3.5243597 1.4653645 0.067934327 37
-3.3527341 1.4635626 0.048912529 38
-3.1941428 1.4617447 0.030222576 39
-3.0452495 1.4579161 0.013238455 47
-2.2277603 1.4254556 0.099557646 55
-2.1603479 1.4324615 0.079862401 59
-2.0511754 1.4304763 0.049799003 33
-1.9683665 1.4454733 0.021627273 2
-1.7269095 1.4406152 0.033653978 74.333336
-1.6428291 1.4408835 0.044919085 75.5
-1.4395903 1.4380205 0.04438762 63
-1.243205 1.4183079 0.061191708 77.333336
-1.162026 1.4283408 0.036148749 35.375
-1.0001643 1.4289354 0.096097954 16
-0.92196798 1.4259788 0.053388644 19.125
-0.85571903 1.4122936 0.046830241 14
-0.73324281 1.414111 0.04698747 15.833333
-0.66843569 1.4202359 0.056810111 18
-0.56810957 1.4024012 0.073639549 12
-0.4793801 1.4050292 0.053278923 19.25
-9.3044548 1.5913419 0.048435554 18
-8.3406334 1.5732245 0.028152676 21
-7.7207623 1.5927837 0.01124709 81
-10.668241 1.63708 0.071028441 16
3.1725347 -9.7555828 0.15868285 127
5.5744276 -9.7984142 0.17503592 80
-2.0042279 -9.619154 0.17026526 126
-1.4884396 -9.6140556 0.1178605 135
-1.3939519 -9.6311827 0.15631592 146
-0.86962897 -9.6567955 0.16172527 58
-0.1140927 -9.6826601 0.13670515 144
-2.7865257 -7.8282619 0.1939874 27
-2.8073843 -5.9628472 0.15732209 41
-2.7194703 -4.0247531 0.15554854 32
-2.6879399 -3.7586389 0.1099591 35
-2.6841862 -3.6045082 0.14770859 39
-2.66699 -3.281456 0.17180347 35
-2.6648216 -2.7173357 0.15477479 110
1.5161897 -2.5420825 0.15609765 7
1.6412028 -2.5133777 0.15140274 4
1.9524131 -2.5049741 0.13467984 18
2.4374814 -2.5144172 0.17330757 16
-1.9786578 -2.4290097 0.1312526 6
-1.3803909 -2.4250624 0.17969036 4.5
-1.2856565 -2.415565 0.13029069 13.5
-0.43715164 -2.4264779 0.11109522 4
0.28852826 -2.4380026 0.11460485 0
0.32334173 -2.458195 0.13585488 4.6666665
0.90723068 -2.4226668 0.16039881 43
1.5423551 -2.4673615 0.10454913 13.5
1.830547 -2.4497499 0.1390653 19.5
2.4030402 -2.4500182 0.11927455 23
-1.7614223 -2.3057849 0.11146396 7
-1.2930578 -2.3979778 0.19370143 16
-0.51646876 -2.3601949 0.13250607 26.666666
-0.49604499 -2.3575983 0.14541224 5
-0.28905404 -2.3131964 0.13388732 142
0.25164363 -2.3192811 0.13743031 37.5
0.4536736 -2.3735127 0.13806811 41.5
0.57652897 -2.3219936 0.14008355 57
0.62701386 -2.3250051 0.12539087 124
0.71327627 -2.3273835 0.14909348 152
0.9289254 -2.3968229 0.1075099 5
1.5982494 -2.3072703 0.17992528 9
2.7669559 -2.3738313 0.16170096 32
4.1315503 -2.3575242 0.13432965 29
-1.7538714 -2.2805986 0.15928115 4
-1.2284261 -2.2651858 0.17044537 5
-1.1832018 -2.2762568 0.14280386 2
-0.80643308 -2.2926469 0.18219262 10
-0.75436151 -2.279717 0.13052052 24
2.7360172 -2.2498498 0.1654786 93
4.1263523 -2.2729988 0.1402107 34.5
-2.6559057 -2.1144924 0.13225672 71.5
2.7149282 -2.130434 0.14964251 30.5
3.0842898 -2.1652012 0.12949467 61.5
4.1296825 -2.1608307 0.1724997 40.666668
-2.6805801 -2.0752101 0.16218162 70
8.2668114 -1.9645416 0.17857154 11
9.0980721 -1.9347343 0.10919491 57
7.4365306 -1.8723398 0.13949601 7
9.4513044 -1.8565937 0.13048834 150
10.212712 -1.8432978 0.15654552 72
11.342691 -1.868861 0.18806937 150
-2.6622062 -1.7571731 0.14788933 75.666664
-0.3226833 -1.7020457 0.1042084 157
0.6286664 -1.712 0.12539166 151
0.75434804 -1.7156605 0.10383823 76
1.0843279 -1.7124699 0.16438599 11
1.1078539 -1.7041283 0.12051715 25
2.5708227 -1.7602928 0.16275445 9.5
-2.8417664 -1.6459122 0.18718976 34.5
-2.7536497 -1.6553698 0.16063616 58.5
-2.6506665 -1.6618305 0.12782346 36.333332
-1.7025238 -1.6354989 0.12393633 1
-0.80789417 -1.6590481 0.15297465 12.333333
-0.72668821 -1.6654286 0.14695843 3.3333333
-0.34324014 -1.6767776 0.15308607 40
0.25702405 -1.6940976 0.16602784 3
1.1436698 -1.6949477 0.15231486 1.5
1.5512077 -1.6791486 0.14135835 13.5
-7.7389011 -1.5617895 0.17984536 24
-7.1122737 -1.5710549 0.13672513 28
-20.905695 -1.2684668 0.18300836 53
-15.959775 -1.2468534 0.12042266 9
0.52720034 -0.00010464186 0.12199428 0
0.57250071 0.00020885725 0.1157353 0.011111111
0.60850763 4.1238443e-05 0.11339545 0.037209302
-10.317451 0.10653969 0.11864792 11
-10.291255 0.28856492 0.11993197 34
-10.240098 0.46760941 0.11899475 9
18.609606 0.56487799 0.17238951 150
18.140444 0.84070897 0.12415275 25
2.4086113 1.2993411 0.15859322 16
2.5612125 1.2998538 0.19798228 15
2.6534436 1.2932135 0.15756226 2.3333333
4.1448793 1.2986743 0.13271278 34
4.3363862 1.2996124 0.16691883 33
9.1868544 1.2654833 0.13305005 9
9.9718695 1.2352407 0.17286667 89
-0.33629838 1.3912299 0.14864543 21
-0.21412171 1.3934807 0.14338611 26.333334
-0.17139581 1.3903555 0.14365581 25
0.49378479 1.3741868 0.19117227 26
0.53779781 1.3762143 0.14558877 26.25
0.63871497 1.3718688 0.14434849 24.6
0.74253124 1.3697578 0.15447283 24.23077
0.86512059 1.3688446 0.13963068 22.666666
0.94392163 1.3685807 0.16672775 22
1.0745028 1.3732929 0.15293446 19.75
1.1423957 1.3732396 0.149207 20.714285
1.2232935 1.3590897 0.16542082 15.4
1.362838 1.3566885 0.14297402 28.25
1.4696375 1.370376 0.13079199 18.5
1.5492561 1.3529261 0.16094004 52.57143
1.6906633 1.3363535 0.18097493 61
1.7367258 1.3403805 0.13187568 63
1.9601337 1.3233831 0.16230521 60.333332
2.0013249 1.3186835 0.10793628 53
2.1493199 1.3320992 0.17181084 38.200001
2.2043641 1.3327506 0.15466739 36.5
2.386009 1.3043505 0.18551512 23
2.4650936 1.3048534 0.11832404 8
2.5986264 1.3018794 0.17467558 10
3.1109664 1.3284611 0.11377598 51
3.2523334 1.3236547 0.1503706 47
3.4107125 1.3208703 0.18951549 47
3.9964831 1.3076489 0.10067276 40
-4.7707329 1.4959108 0.1807413 25
-4.4579573 1.4882771 0.15475339 29
-4.1859455 1.4825948 0.13087636 33
-3.9444375 1.476876 0.1082363 38
-2.6032825 1.4403622 0.18877859 67
-2.5107429 1.444386 0.16545561 63
-2.4117005 1.4384112 0.14275022 68
-2.3287518 1.4404254 0.12112997 75
-1.9674352 1.4268813 0.19882356 62
-1.8610598 1.4259706 0.16517416 40
-1.7439959 1.4356313 0.13378234 57.75
-1.6530385 1.4381042 0.14557306 74.833336
-1.440133 1.4345682 0.14558861 65.428574
-1.3463643 1.4163816 0.11021528 72.5
-1.1697364 1.4292445 0.15599591 47.777779
-1.0373287 1.4229531 0.14657985 36.333332
-0.92867678 1.4227865 0.15252233 18.75
-0.87659287 1.4083959 0.11647357 13.5
-0.72102839 1.4161335 0.16320303 17
-0.66385144 1.4122399 0.15348789 16.125
-0.55668205 1.4064909 0.12325457 13.333333
-0.45296052 1.4055184 0.15985535 19.166666
-17.382734 1.7448535 0.17476758 1
8.3743906 -9.9630632 0.25681776 67
8.921174 -9.8179655 0.24022548 37
2.369247 -9.7243452 0.2477273 130
2.4962347 -9.7677488 0.23490588 65
-1.5765567 -9.6357651 0.27176285 135
-0.86595458 -9.6575756 0.20832354 58
-0.42951703 -9.6775293 0.26342565 131
-2.7816768 -7.3279681 0.27030447 28
-2.7294252 -4.0346732 0.2440211 40
-2.7161181 -3.8528295 0.28459504 18
-2.6822004 -3.3242674 0.21858476 17
-2.6675167 -3.1682975 0.23168233 9.5
-2.6182981 -2.6268094 0.28987953 106
-2.5032473 -2.504945 0.22894077 154
1.7956237 -2.5424964 0.2765013 3
1.8100115 -2.5066004 0.22017807 13
2.3966355 -2.5538406 0.22698388 11
2.5201249 -2.53021 0.20370023 27
-1.5429944 -2.4192641 0.29252869 3
-1.4767473 -2.436095 0.26636392 9
-1.394181 -2.4281077 0.25110584 12
-1.0230538 -2.4426796 0.28254616 0
-0.41698277 -2.4266303 0.27239066 25
-0.30204174 -2.4094782 0.26547939 50
0.32890794 -2.464061 0.21755168 4
0.41294339 -2.4400041 0.21016584 10
0.53712183 -2.444212 0.22760481 7
1.4565881 -2.4785612 0.25835216 4
1.7226449 -2.4579549 0.23371798 10
2.0686269 -2.4087214 0.25446919 6
2.4665666 -2.464993 0.2333656 40
-1.7667723 -2.3974514 0.29017314 3
-1.3984365 -2.3501759 0.21547161 35
-1.2908058 -2.3879278 0.24710575 13
-0.9595418 -2.3744798 0.25902244 81
-0.53624177 -2.3766501 0.2333633 31.5
-0.30019987 -2.3544829 0.20942712 34
-0.28681508 -2.3349037 0.24176183 105.5
0.2418521 -2.3155036 0.24181949 11
0.4744674 -2.3977332 0.25964427 10.5
0.62634951 -2.3046107 0.27519122 95
0.74853605 -2.3284931 0.24710828 57
2.7753611 -2.3017631 0.26748154 80
2.8433104 -2.3336923 0.21921615 1
-1.2373977 -2.2488246 0.28792492 2
-0.7083829 -2.2886796 0.28889412 12.5
0.12368627 -2.2456002 0.28505015 64
2.7646909 -2.2468152 0.21938574 61
3.0241177 -2.236681 0.2482989 36.333332
-2.6638129 -2.1129932 0.24868459 55.666668
4.1341686 -2.1074541 0.22891992 51
-2.6854105 -2.0604763 0.24655169 59.5
4.1359167 -2.0249767 0.23015775 50
4.144207 -1.9469756 0.2575278 89.5
4.3081145 -1.9434874 0.26662597 43
12.938164 -1.9282453 0.22687122 12
8.4290752 -1.8723729 0.20339166 145
9.0767756 -1.8817443 0.23986161 54
9.6253834 -1.8502085 0.27374655 83
-2.6677179 -1.7475268 0.25556213 73.666664
0.73687387 -1.707925 0.27139929 10
1.1047161 -1.7160188 0.29582489 2
1.6767465 -1.7152486 0.21315555 3
2.1918309 -1.775856 0.24660243 7
2.2039135 -1.7538947 0.20914683 5
2.5493155 -1.7682018 0.20194569 5
-3.3563797 -1.6410078 0.28812477 47
-3.1281314 -1.6450821 0.26189345 59.5
-3.0425718 -1.6581403 0.25925741 66
-2.955801 -1.6489744 0.21545647 37.5
-1.1777471 -1.6599739 0.2303414 1
-0.81861222 -1.6647362 0.24368651 3.5999999
-0.70718819 -1.6690761 0.27635267 7
-0.35133639 -1.683272 0.24656206 63
0.23930177 -1.6949025 0.2084174 11.5
0.62735903 -1.6892911 0.25052792 39
1.1708293 -1.697341 0.21578579 4
1.2081027 -1.6989141 0.20956805 2
-8.721261 -1.5959502 0.2369668 9
-3.144537 -1.5959187 0.25254276 59
-22.340973 -0.95777982 0.21534488 40
-22.327738 -0.55973494 0.23311098 68
18.426966 -0.33406201 0.27413601 30
-22.310623 -0.16169713 0.24588259 68
18.547979 -0.036005184 0.24651167 150
18.570583 0.26401338 0.21286003 150
10.814253 1.186053 0.2166729 13
12.162513 1.1643518 0.27527958 10
2.4781563 1.2988017 0.25508711 28.5
2.5511682 1.2934729 0.25958136 18.333334
2.6327682 1.2943262 0.23166434 11
4.5471206 1.2986435 0.20493715 34
4.7720194 1.2956764 0.24412069 33
5.0351954 1.2947152 0.28828844 29
-0.48376858 1.3981287 0.21131161 21
-0.3373318 1.3902031 0.25143746 23.5
-0.22204916 1.3878163 0.24509005 25.666666
-0.19132905 1.3882538 0.25966772 25.666666
0.46783814 1.3744272 0.24673186 25
0.56390619 1.3697332 0.24741483 23.25
0.65017891 1.366078 0.25212684 21.666666
0.7505669 1.3660631 0.25525537 20.666666
0.83498782 1.3741051 0.25182751 24.4
0.94985646 1.3705288 0.24420463 21.111111
1.0274926 1.3720775 0.2643213 21.125
1.1812812 1.3609054 0.24076809 16.75
1.2603351 1.3711488 0.25269446 18
1.3112057 1.3663 0.2371221 16
1.4868737 1.3437159 0.273274 66
1.5440904 1.3513701 0.21718869 52
1.6401011 1.3478501 0.23876858 39.57143
1.8779739 1.3224455 0.26747283 57
1.9202601 1.3267466 0.21593446 60
2.0601401 1.3211007 0.25006467 60.5
2.196512 1.3474716 0.21834895 34
2.2612827 1.3300496 0.24862365 45.666668
2.3356452 1.3243445 0.2561864 48.42857
2.436558 1.3017809 0.28967631 40
3.5243216 1.3170236 0.21595393 42
3.6485679 1.3151913 0.24433927 42
3.7777786 1.3103651 0.27335271 42
-3.0876405 1.4512259 0.29515195 60
-2.9483819 1.446269 0.26607198 55
-2.8304851 1.4472995 0.23919101 58
-2.7067573 1.4403344 0.21205449 63
-2.2176023 1.4356694 0.27323225 65
-2.1217322 1.4267515 0.24726246 53
-2.0433407 1.4278172 0.2222047 60
-1.7547327 1.4350299 0.23527825 76.333336
-1.6723976 1.436982 0.24706243 78
-1.4547259 1.4360498 0.23761721 79.333336
-1.2318869 1.4285015 0.25114772 46
-1.1731313 1.4280655 0.25300378 57
-1.0563549 1.4201424 0.2194697 15.5
-0.92994219 1.4247036 0.25857821 19.571428
-0.82826567 1.4070215 0.25940779 15
-0.73240471 1.411885 0.25004831 16.875
-0.69003391 1.414343 0.23195769 18.333334
-0.54961646 1.4058982 0.25767821 13.714286
-0.4678748 1.4025512 0.23909391 16
-0.3644855 1.4028407 0.25290939 13
-6.2853751 1.5961264 0.28714147 13
-5.5543504 1.5199903 0.24141617 20
-5.1287088 1.5054909 0.20941317 25
-26.610704 1.7222561 0.29688516 77
-26.594233 2.2022359 0.28342965 9
-1.5135278 -9.7779503 0.3355743 1
-0.69428504 -9.7638521 0.37762371 3
1.5439912 -9.7033854 0.3860749 148
-1.7660972 -9.6413422 0.3894251 60
-0.934048 -9.6433973 0.30327135 17
-0.78190833 -9.6515141 0.33084673 102.5
-0.63250148 -9.6608391 0.33619657 150
0.053619288 -9.6802216 0.30273858 150
0.79513305 -9.6992559 0.31926909 150
-2.7612734 -6.8417115 0.33393449 26
-2.7269914 -5.5920277 0.34589028 24
-2.7274511 -4.0255771 0.33355197 46
-2.7165384 -3.8285308 0.36380532 31
-2.544342 -2.5235882 0.33562127 151
1.8734443 -2.5054424 0.35528076 2
1.9137326 -2.5264261 0.3045494 14
2.4118528 -2.5352325 0.35954931 10
-1.5112641 -2.4248886 0.30524886 5
-1.1680187 -2.4277391 0.38765532 1
-0.6721769 -2.4120572 0.37265527 6
-0.58518511 -2.4430549 0.31033346 4
-0.30678073 -2.4344702 0.37748793 10
0.18250263 -2.4380052 0.33001271 10
0.46306756 -2.4236233 0.359694 7.6666665
0.53874093 -2.4457483 0.3338218 6.3333335
0.71838015 -2.4563527 0.37743273 0
1.0677452 -2.4689646 0.35998464 4
1.3168806 -2.4815645 0.37700197 8
1.4157498 -2.497124 0.31673378 13
1.5518399 -2.4603562 0.34392461 17
1.6126639 -2.4842324 0.39185566 5
1.8494778 -2.4834678 0.32439578 14
2.2634926 -2.4683733 0.37107563 12
2.7324462 -2.4355695 0.36851719 60.5
18.038517 -2.4192903 0.33063179 7
-1.5978949 -2.311295 0.35245508 5
-0.54729021 -2.3741469 0.33728969 2
-0.30502602 -2.3064756 0.31038311 19
-0.29187694 -2.3054042 0.31710503 48
0.083083779 -2.3283424 0.34310552 3.5
0.23435614 -2.3199468 0.34920722 42.5
0.47566599 -2.3984549 0.39919701 14
0.61524564 -2.3332226 0.3957319 154
0.75033039 -2.3282843 0.39872977 131
1.2384164 -2.3848381 0.31950289 4
2.7497354 -2.3177571 0.31513017 83
2.971607 -2.3006771 0.35526812 33
3.0228646 -2.3036673 0.30972698 83
-1.260415 -2.2998037 0.34413266 3
-0.79876226 -2.2838011 0.34520534 7
-0.68793833 -2.2550573 0.37967178 0
2.9905195 -2.2915032 0.36280733 30
3.0305612 -2.2864959 0.31750548 56
5.087574 -2.2463787 0.35193557 32
-2.6669595 -2.1041906 0.34210658 48
5.0348992 -2.1183813 0.37477872 6
17.927418 -2.1033204 0.33471847 3
-2.6739266 -2.0538547 0.34916425 39.666668
-2.6579132 -1.9970222 0.38809723 18
4.2771006 -1.9432564 0.32116395 42
4.4205356 -1.9340646 0.35841662 26
10.270983 -1.8196 0.31090742 34
11.380769 -1.8485298 0.36292899 97
-2.6546416 -1.7280741 0.33736113 52
-2.3430717 -1.7967609 0.38732746 6
-1.0335605 -1.7205055 0.35898262 0
-0.68521363 -1.7280546 0.36577848 3
-0.54074919 -1.7047948 0.36435962 33
-0.48736656 -1.701135 0.3630805 60
-0.37677249 -1.7084237 0.34969354 129
0.24656886 -1.7826214 0.39499921 19.5
0.37734038 -1.7190046 0.37262279 3
0.57752222 -1.7330874 0.37374958 54
0.73146278 -1.7203294 0.3412815 4
0.99165082 -1.7859203 0.39826378 1
2.2056303 -1.7704538 0.30308232 4
17.894762 -1.7973212 0.33528692 4
-3.7637846 -1.6161225 0.37811923 85
-3.6350939 -1.6330914 0.34768048 43
-3.4519987 -1.6362463 0.34156835 29
-3.274091 -1.6393282 0.32721266 103
-2.5598149 -1.6420021 0.37044773 154
-2.2772663 -1.6547405 0.37343362 4
-2.0764203 -1.653121 0.36888528 49.75
-1.8230642 -1.6499743 0.35702643 3
-1.7149988 -1.6332793 0.30654567 3
-1.1080866 -1.6689179 0.36530843 3
-1.0506866 -1.6751796 0.38667977 1.5
-0.83736962 -1.66347 0.37153468 3.5714285
-0.72475928 -1.6691036 0.36333954 8
-0.37450826 -1.6824183 0.34637484 84.5
0.61747426 -1.6922632 0.33772406 18.333334
1.2032223 -1.6906029 0.38659659 4
1.5897503 -1.6874861 0.35116842 0
-9.7100201 -1.5911127 0.30074835 54
-0.71673989 -1.5725813 0.37467659 6.5
-0.52517974 -1.5737672 0.37972483 15
-0.47779989 -1.5821323 0.37997159 19
-0.37428141 -1.5744112 0.38351494 79
0.26077819 -1.5890027 0.3985526 1
18.798727 -1.5789629 0.34889778 69
-10.337269 -1.4928384 0.35380381 15
-3.6077454 -1.4669936 0.37580413 150
18.799129 -1.2679511 0.33968493 76
18.795914 -0.95594102 0.32558569 101
18.471411 -0.63705516 0.30022943 31
2.4662802 1.292765 0.36052617 37
2.5232594 1.2937839 0.31440431 27
4.2490878 1.298996 0.37458551 36
5.3132811 1.2887558 0.3357304 26
5.636714 1.283803 0.3880319 19
15.550489 1.2716125 0.39068949 15
-0.49460638 1.390875 0.34756109 20.666666
-0.34532619 1.3887197 0.35514006 22
-0.22939993 1.3861523 0.34784791 24.666666
-0.19705813 1.383943 0.36222753 23.333334
0.44358042 1.3717389 0.35785711 22.333334
0.54058772 1.36893 0.35026523 21.714285
0.65525776 1.3669297 0.34026965 19.833334
0.75593501 1.3671589 0.34938464 19
0.88455224 1.3707017 0.3439047 20.833334
0.95319366 1.3725317 0.36395246 21.700001
1.0768822 1.3706959 0.32963002 23
1.1325303 1.3661239 0.35968864 18.75
1.2332108 1.3548812 0.3447516 15
1.3478757 1.3689963 0.32899097 18.5
1.4346088 1.3527204 0.35758662 49.333332
1.5639193 1.3406907 0.351046 66.199997
1.798031 1.326887 0.3959156 61
1.8361152 1.3369505 0.36164397 37.599998
1.9513718 1.3258016 0.36524513 60
2.0029542 1.3233225 0.30744722 56
2.1936848 1.3083894 0.3855606 51
2.2355611 1.306374 0.3364068 52
2.3417215 1.3022317 0.36664483 52.5
2.4398978 1.3268274 0.32215303 56.75
2.5561552 1.3347305 0.36592326 62.666668
3.9211745 1.3065575 0.30496311 42
4.0823007 1.3047734 0.33981937 43
-3.5689268 1.4610716 0.3934857 53
-3.3966651 1.459126 0.35802567 50
-3.2366059 1.4551787 0.32589659 53
-2.6218021 1.4373246 0.38748389 48
-2.5120945 1.4374185 0.35700744 53
-2.405432 1.4355096 0.32737821 57
-2.3079114 1.4355929 0.30028796 60
-1.9533814 1.4247059 0.36593738 64
-1.8457085 1.4186567 0.32373559 41
-1.7518872 1.4334555 0.34710047 66.428574
-1.6881518 1.4337544 0.32957557 75.666664
-1.5696361 1.4255388 0.37966102 12.5
-1.476086 1.4339477 0.34126058 74.833336
-1.3171954 1.4115095 0.36648878 29
-1.2250327 1.4265757 0.35186836 73.285713
-1.1975615 1.4343995 0.31427723 85
-1.0500113 1.4161139 0.37479305 77.666664
-0.94840467 1.4189067 0.35527498 24.181818
-0.85286909 1.4056687 0.31563944 15
-0.72738194 1.4127938 0.36698496 18.375
-0.65549535 1.4065274 0.331958 14.571428
-0.54154837 1.4083058 0.37954918 16
-0.46608296 1.4041542 0.32503954 14.333333
-6.8327303 1.5984811 0.32631719 9
-7.6879368 1.6454698 0.38089946 35
6.0248837 -9.8915148 0.44057715 79
7.9048772 -9.8527107 0.47844279 96
-0.81703418 -9.7013512 0.4579238 50
-0.52498156 -9.7150545 0.45461181 33
1.931767 -9.7398119 0.49118513 86
2.3923817 -9.7678041 0.44578311 64
2.5464547 -9.7385855 0.41557476 72
3.536624 -9.7527943 0.48995626 123
-2.3630059 -9.6233072 0.43052226 116
-0.96935111 -9.6536064 0.42159885 55
-0.84998268 -9.675662 0.417128 66
0.62667364 -9.6919928 0.40948987 150
-2.7391586 -5.7320957 0.49227312 39
-2.7443702 -3.8482389 0.44662923 12
-2.6669972 -2.6413393 0.42947555 65
1.1997147 -2.5065875 0.45518017 3
1.813562 -2.5004544 0.45978424 5
2.2039995 -2.5405872 0.49223617 4
-1.8460065 -2.4315434 0.41235179 2.5
-0.77104187 -2.4360602 0.444195 4
0.12952058 -2.4300067 0.43883449 0
0.30525395 -2.4480195 0.42833805 3
0.44099677 -2.4029961 0.43273783 11
0.54036409 -2.446455 0.42619768 6
0.93074554 -2.4300306 0.43316945 8.666667
1.4425794 -2.4110072 0.49983844 3
1.8214141 -2.4604709 0.40273687 24
2.4356585 -2.4690526 0.48797694 1
2.6893165 -2.4570093 0.44608033 19
2.7628124 -2.440134 0.44666517 33.5
-2.6425531 -2.3043494 0.46461609 3
-0.96250004 -2.3878622 0.46779421 9
0.62083071 -2.3082652 0.48360971 3
1.1407787 -2.3877833 0.43382484 4
2.9383507 -2.3188195 0.42993614 23.5
5.0735765 -2.1652515 0.44757271 3
-2.6799154 -2.0929925 0.48450255 17
5.2950053 -2.0313365 0.44940314 0
-2.6757309 -1.9877994 0.47177306 23
1.1017935 -1.8038337 0.42937666 4
2.1694965 -1.8585296 0.41368616 26
-2.6763718 -1.7311531 0.45511779 53
-2.2415521 -1.7002885 0.40922648 4
0.36000025 -1.706007 0.40978578 8
0.43924648 -1.7241007 0.40361428 29
0.61089724 -1.7212964 0.41152948 154
0.75866592 -1.7786258 0.41660947 3.5
0.81637031 -1.7329675 0.41190958 13
0.93614674 -1.728446 0.42285445 5.6666665
1.0867071 -1.7143629 0.4006018 10
1.1088952 -1.7128109 0.44047719 4
1.2553011 -1.7254087 0.42788577 0
1.4835923 -1.7213424 0.43682006 2
1.6818038 -1.7276945 0.41766977 1.5
2.0466511 -1.7466292 0.43766966 14
-4.1797681 -1.6332744 0.45713446 10
-3.8039541 -1.6617702 0.45875359 10
-3.5956531 -1.646595 0.41003561 22
-2.665817 -1.6831974 0.45777184 75
-1.1030291 -1.6618263 0.40164351 2
-0.90376145 -1.6345321 0.40915677 1
0.2643297 -1.6061987 0.40694186 2
0.75485623 -1.6174088 0.4206807 8.5
0.84020478 -1.6431319 0.43242955 3
0.94296503 -1.6066576 0.43791372 0
1.0417033 -1.6114041 0.4192214 0
1.280293 -1.6942922 0.45366466 2
1.3813676 -1.6938744 0.42134762 2
1.493669 -1.6633111 0.45500225 2
1.6010122 -1.6793221 0.43571299 0
0.42828414 -1.5990493 0.41903394 12
0.5536285 -1.5969387 0.40309563 26
0.63338417 -1.5942761 0.41096023 4
-11.660197 -1.459396 0.43505955 15
-3.5689619 -1.4705483 0.44978517 1
2.3658817 1.2964159 0.4583948 48
2.4182382 1.2957566 0.40642458 45
4.6691976 1.2985483 0.45824605 36
6.0076289 1.2778571 0.44586319 22
17.897324 1.2008699 0.48834682 4
-0.34740663 1.3826945 0.45114532 21.799999
-0.22285452 1.3807446 0.45128649 22.799999
0.37314308 1.3779621 0.44819188 21.333334
0.46262875 1.3750981 0.46145093 20.833334
0.53766501 1.3712876 0.43727171 20.25
0.64793646 1.3709182 0.45956042 20
0.71411663 1.3661398 0.43136176 19
0.84135842 1.3744917 0.45576188 19
0.94775593 1.3736756 0.44024247 20.6
1.0527428 1.3692788 0.46629608 20.333334
1.1621132 1.3643472 0.43378231 15.777778
1.2260773 1.3718084 0.46905977 19.25
1.3844893 1.3405172 0.48132086 62
1.4488082 1.3498778 0.43784022 39.125
1.5098431 1.3457685 0.43744361 65
1.7615359 1.3274423 0.4588286 59.5
1.8624567 1.3256027 0.46771845 58.666668
1.9324849 1.3472197 0.43651661 39.200001
2.0133343 1.347409 0.48714244 60
2.1453485 1.3081594 0.44579703 56.75
2.2519755 1.3074486 0.45455143 51.25
2.3564467 1.3007554 0.47457314 52
2.6608958 1.3372941 0.41253972 64.5
2.7415061 1.3344676 0.44722396 58.5
2.8311143 1.3331575 0.48423317 60.5
4.4584394 1.3022684 0.41571203 34
-3.9783587 1.471926 0.47158509 43
-3.7661552 1.4680015 0.43114629 47
-3.0293562 1.4449736 0.49315277 39
-2.8830671 1.4431 0.4561232 44
-2.7500825 1.4412142 0.42082131 44
-2.2317069 1.4328219 0.47124881 79
-2.1376362 1.4237884 0.43750608 61
-2.0593843 1.4237531 0.40705252 66
-1.8197244 1.4344091 0.44420335 70
-1.7378609 1.4298881 0.4524577 70.571426
-1.6564112 1.4234776 0.42003927 47
-1.5127908 1.432066 0.4546794 73.25
-1.489588 1.4334064 0.43326756 70.5
-1.2301781 1.4230076 0.45802692 81
-1.1480694 1.4144186 0.45670843 41
-1.0560462 1.413354 0.44545922 66.666664
-0.95424199 1.4145551 0.46399578 30
-0.85045868 1.4156413 0.46535569 16.25
-0.74836338 1.4095192 0.43445277 17.625
-0.65377063 1.4147831 0.46126223 20
-0.52712679 1.4054005 0.44600976 20.5
-9.1843796 1.5966984 0.48010024 10
-8.0851784 1.5660005 0.41200671 17
-1.5265862 -9.835824 0.55325651 1
-0.70355141 -9.8247786 0.59766799 1
-0.44963676 -9.720295 0.5345065 12
0.9070704 -9.7047768 0.58087718 130
2.7215118 -9.7238283 0.58262956 114
-0.099642776 -9.6892948 0.5969463 126
-2.7382829 -5.4439301 0.53611112 4
-2.7213466 -3.9943852 0.51078796 24
-2.7233493 -3.7849412 0.52168381 8
-2.653163 -2.7441099 0.51379877 9
-2.3849843 -2.4037194 0.5749169 2
-0.04205396 -2.4172843 0.57736886 2
1.8302482 -2.471776 0.57535994 0
-1.8995677 -2.3751655 0.56874514 0
-1.4090002 -2.3201325 0.57100391 1
-1.0521315 -2.3817358 0.59441078 37
-0.91096932 -2.3221946 0.55352598 18
-0.62476259 -2.3447649 0.57408357 2
-0.57554007 -2.3921399 0.5812428 6
-2.6613138 -2.06303 0.54676414 59
-2.6583641 -1.9600618 0.54247922 58.400002
-2.6366711 -1.8479896 0.55775565 72.75
-2.6578262 -1.7183744 0.53618026 71.333336
-4.8663907 -1.6214957 0.59006917 29
-4.6786127 -1.6494417 0.54913282 13
-2.7261169 -1.6640198 0.59817082 59
-2.6609931 -1.666289 0.557006 70.599998
-13.042504 -1.3770186 0.5248571 13
-4.3444033 -1.2611568 0.54870629 12
-10.281715 0.13433303 0.5296495 54
-10.104149 0.33155864 0.53045446 16
18.751574 0.69068527 0.57947922 123
18.800987 0.97873712 0.54956025 57
-9.9785223 1.1277468 0.53889 86
2.2738762 1.299758 0.56230742 58
2.3137312 1.299751 0.51855689 50
4.9033461 1.2938584 0.50393546 33
5.1729345 1.2912142 0.55470324 34
6.4465885 1.2729212 0.51239824 22
6.9876037 1.2730004 0.59128129 19
-9.9818106 1.3307481 0.5360108 62
-0.71459192 1.3997819 0.50365847 16
-0.51755798 1.398331 0.566724 21
-0.36571115 1.3911921 0.5449456 21.4
-0.22073472 1.3865209 0.54345781 21.4
0.32905236 1.3866946 0.54121739 20.666666
0.43559721 1.3864397 0.55304503 18.666666
0.53793001 1.385231 0.5395754 18
0.6376515 1.3776385 0.53852266 19.799999
0.79267788 1.366976 0.58260423 16
0.85048193 1.3746756 0.54345375 19
1.0672781 1.3662274 0.52994525 18.200001
1.1301123 1.3672987 0.55718416 16.700001
1.2779971 1.3666477 0.51680487 15
1.3432798 1.3522081 0.5588268 33.714287
1.4418826 1.3429317 0.54819614 64.333336
1.6625834 1.3710147 0.57551402 14
1.747201 1.3301235 0.55830961 58
1.8216197 1.328265 0.52600062 60
2.070406 1.3254994 0.54027873 63.200001
2.1411109 1.3236496 0.54626584 61.666668
2.2430897 1.3214927 0.5581395 58
2.8955324 1.3345907 0.51006961 58
2.965939 1.3264216 0.53998584 59
3.131079 1.35623 0.59535217 115.5
-4.2263446 1.479835 0.51783079 37
-3.3978674 1.4656546 0.58337766 37
-3.1967061 1.4508289 0.53471917 36
-2.5183403 1.4359328 0.57670856 67
-2.413455 1.432896 0.53934932 61
-2.3182802 1.431857 0.50364113 64
-2.019042 1.4292215 0.57996541 62
-1.9357163 1.4262805 0.54432011 63
-1.8629773 1.430039 0.54283977 68
-1.762715 1.4321985 0.5388239 68
-1.6586541 1.4179487 0.54664516 17
-1.5391686 1.4246013 0.53021371 61.400002
-1.3671716 1.4139347 0.56310487 1
-1.2482646 1.4207649 0.550129 52.200001
-1.1758126 1.4082292 0.52189207 53
-1.0193148 1.4148333 0.58177996 48.5
-0.96558762 1.4151332 0.54059142 36.700001
-0.8587932 1.4295774 0.59135592 97
-0.75149405 1.4119035 0.54536647 18
-0.51444829 1.4053108 0.53185743 20
0.38148159 1.410004 0.58935505 20
-4.663538 1.5456492 0.59023511 47
-10.689837 1.6469128 0.56957346 11
5.8899527 -9.8725557 0.64909208 55
6.2311802 -9.8001442 0.67280138 77
-0.45576525 -9.7340374 0.66564125 32
0.38691896 -9.7003479 0.63275349 92
-2.7358799 -9.6604671 0.69668597 10
-2.6668851 -9.6013222 0.69507438 102
-2.1339531 -9.6264935 0.62197995 100
-2.800833 -5.7585812 0.64580798 49
-0.63465464 -2.4037354 0.64150107 4
-0.58940691 -2.4011371 0.69445938 24
-0.095715635 -2.4017789 0.68800962 17
0.3517181 -2.4133301 0.62678814 149
0.7944721 -2.4037237 0.6781745 7
0.833372 -2.4237442 0.65206897 15.5
1.6768872 -2.4304981 0.65758473 3
1.7046577 -2.4374933 0.60763031 3
2.4819324 -2.4239047 0.68674105 6
-2.4729023 -2.3163455 0.66496861 22
-2.3150859 -2.3095915 0.61127979 25
-1.9077231 -2.343807 0.6662823 21
-1.8720971 -2.3120017 0.60724568 25
-1.5311366 -2.3589473 0.64145219 8.5
-1.4644268 -2.3721194 0.63381213 14.75
-1.068411 -2.372879 0.65907609 31
-0.95237684 -2.3751268 0.63465548 8.333333
-0.63193142 -2.3707027 0.68991083 2
-0.58121794 -2.3851383 0.63494909 49
-0.06033776 -2.374064 0.62496012 4
0.47814146 -2.3819585 0.65576607 17
0.86857653 -2.3682437 0.66021979 14
1.4210351 -2.3611147 0.69642597 15
-2.4324846 -2.2925191 0.60842007 13
-2.305583 -2.2855172 0.66131574 28
17.857866 -2.1023018 0.63287985 3
-2.6710234 -2.0457199 0.64591664 63.5
-2.677058 -1.913242 0.66928357 73
17.785578 -1.8133509 0.64108467 4
-2.6274424 -1.7202921 0.61085784 87
-5.1331978 -1.6125931 0.64047229 25
-4.7524214 -1.6745644 0.68661898 15
-2.9355419 -1.6549286 0.67507654 58
-2.8295796 -1.6609758 0.6357975 57
-2.727988 -1.6502786 0.67778778 50
-2.6703231 -1.6627891 0.64687502 56.799999
17.817219 -1.5363028 0.64683199 6
-4.532959 -1.492358 0.67606562 19
-15.790979 -1.3612674 0.67812383 44
-4.3198833 -1.3241594 0.66138792 21
-4.3259559 -1.2321543 0.68107915 1
18.790453 -1.0363375 0.68402165 108
18.834616 -0.74628109 0.67823827 100
18.798058 -0.45430332 0.66674376 113
18.527905 -0.1635519 0.64221346 150
18.515251 0.11844464 0.62183112 150
18.748795 0.40567693 0.60719609 150
3.2508321 1.2939076 0.66713214 1
5.5119829 1.2986604 0.61564791 19
7.5605488 1.2570838 0.67596883 23
-1.0038987 1.3998303 0.65156996 23
-0.98520738 1.3986607 0.65907365 83
0.40743902 1.3967586 0.62600029 15
0.57200247 1.3977454 0.62177062 10.5
0.63025343 1.3961027 0.61470789 19
0.76713055 1.3676649 0.65733379 14.666667
0.82079935 1.3709849 0.65266067 16.333334
1.0497744 1.360577 0.64928281 15
1.1915393 1.3698006 0.61924136 16
1.2368765 1.3659556 0.665892 7.75
1.3456421 1.3445982 0.64999992 66.666664
1.4289328 1.3518263 0.63701391 46.333332
1.6851708 1.3366307 0.63940161 33.5
1.729957 1.3630657 0.61659092 35.799999
2.0413187 1.3235271 0.63004166 37
2.1282105 1.3221865 0.6117664 52
2.2358618 1.3302522 0.62752199 39.666668
2.3482947 1.3657823 0.68144572 19.5
3.1966875 1.3307182 0.6336 85
3.2008181 1.3280711 0.62619025 72
5.9757662 1.3242681 0.69435018 8
-4.7996964 1.4926184 0.62223983 72
-3.5876572 1.4654897 0.62921345 2
-2.7436426 1.4380121 0.65697557 63
-2.6218348 1.4339716 0.61436158 63
-2.3008547 1.4370214 0.69871169 62
-2.2042451 1.43709 0.65772885 62
-2.110122 1.4351569 0.61842299 69
-1.9166958 1.4357725 0.65146208 67
-1.8359766 1.441239 0.64942652 69.125
-1.2769499 1.4484726 0.61209458 1
-1.0183797 1.420602 0.67656296 0.5
-0.96008211 1.42418 0.64573872 69.85714
-0.87707442 1.4497507 0.62771738 96
-0.77352953 1.4521772 0.6479829 62.666668
-0.53229934 1.4558679 0.64671159 49.5
-0.35882601 1.4397068 0.6391843 42
-0.23257621 1.4347759 0.6380868 41.666668
0.29564977 1.4079963 0.61159647 21
0.36363357 1.4150027 0.62295109 20
0.47106647 1.4030424 0.60514343 19
-5.1541896 1.5024807 0.68537688 29
7.6106701 -9.9804258 0.75125813 20
-1.1930208 -9.819355 0.70737147 1
-0.89129156 -9.8340712 0.71621448 1
0.061541311 -9.7726641 0.76998413 1
0.8050825 -9.7008095 0.7926206 122
1.8873608 -9.7195559 0.71720397 22
2.9051111 -9.7460546 0.7525593 101
-0.27680594 -9.671134 0.7091428 25
-2.8078878 -9.2424936 0.79581714 27
-2.6980088 -4.0281515 0.72177458 1
-2.6879179 -3.6949739 0.73975366 0
-0.94698411 -2.4030585 0.79728264 12
-0.59776974 -2.4191356 0.75596207 3
0.45031896 -2.4059675 0.71782738 37
0.85982484 -2.4117348 0.76437861 15.333333
0.96529526 -2.4188514 0.76744598 38
2.4515967 -2.4448245 0.76765442 18
-2.5145009 -2.3421662 0.72342199 45
-1.9143816 -2.3306272 0.71582204 11
-1.4307755 -2.3287587 0.74749243 14
-1.3579762 -2.3292601 0.72564685 21
-1.0760072 -2.383595 0.73126912 10
-0.94061357 -2.3950961 0.73660553 3
-0.12145519 -2.3875308 0.7421577 13
-0.024822945 -2.360007 0.76069069 9
0.0036309273 -2.3630064 0.70443654 20
0.42825535 -2.3599751 0.76272452 17
0.79465163 -2.3897653 0.72672164 14
0.81136626 -2.3933206 0.7451992 4
0.95658767 -2.3709035 0.75185198 24
1.4675199 -2.3775349 0.751149 25.666666
1.5141059 -2.3338935 0.78278595 21
1.7341475 -2.3888159 0.75718701 14
2.5022013 -2.3917158 0.75149405 3
-2.6710534 -2.0180793 0.73976409 65
-2.6699517 -1.8720264 0.7438131 68.666664
-3.0375109 -1.6642225 0.75233674 62
-2.8836384 -1.6684656 0.73169446 69
-2.7349446 -1.6430756 0.76535147 26.333334
-2.6823556 -1.6491356 0.73862082 35
-5.7963347 -1.5988468 0.76151329 22
6.2001119 1.2795663 0.74305087 24
8.0924664 1.21416 0.75996596 6
0.75816602 1.3679295 0.74662405 16.166666
0.99209952 1.3638887 0.76711231 15.5
1.0352732 1.3660645 0.73721761 15.5
1.1964797 1.3590825 0.7274394 10
1.2873715 1.3416295 0.76597166 70.666664
1.3409609 1.3466506 0.74737841 56.5
1.53115 1.3684052 0.74734539 22.666666
1.6384256 1.3423002 0.78697228 0
2.3987641 1.3417572 0.72788185 4
-3.1487265 1.436149 0.79925537 1
-3.0174954 1.444103 0.75272787 60
-2.8726628 1.4400584 0.70319623 57
-2.5193136 1.4378786 0.78945458 52
-2.4057746 1.4369466 0.74167824 59
-2.1366422 1.4315305 0.78875202 84
-2.0419903 1.4224176 0.74146259 63
-1.9533373 1.42676 0.74972475 50
-1.8638707 1.4301023 0.7437045 56
-0.93941146 1.4279988 0.72304583 50.5
-0.14095207 1.4326501 0.74975085 0.5
0.5546568 1.4820184 0.70235145 0
-5.5511169 1.5093244 0.75516963 21
-0.20241854 1.5147122 0.75089139 0
-0.19899061 1.5257041 0.71204019 0
-1.3820093 -9.8348522 0.8331331 1
1.2957245 -9.7061396 0.82290381 22
2.0644073 -9.7321291 0.88658953 67
3.9120815 -9.7469873 0.82530546 109
-1.0590181 -9.6720791 0.83056426 118
-2.7544577 -3.9840379 0.87527943 59
-2.6923554 -2.7207475 0.83554101 90
-2.6696944 -2.6986108 0.88485467 42.5
-2.6687741 -2.548718 0.85585058 77
-2.6923418 -2.48875 0.8759734 73
-0.60505098 -2.427134 0.81655532 3
-0.036847971 -2.4085488 0.89673805 3
0.97576243 -2.4211802 0.86896205 4
1.3496187 -2.4029191 0.8421483 4
1.4483516 -2.4306228 0.84685266 0
7.7624083 -2.4729695 0.80769843 21
8.2624292 -2.4838915 0.89012814 1
-1.9904107 -2.3699791 0.89073241 4
-1.3765941 -2.3730896 0.89127225 2
-0.94778293 -2.3880191 0.85141313 6
-0.15419567 -2.3962779 0.80272353 2
0.00013642614 -2.3727949 0.82559532 15
0.37350911 -2.3909931 0.88726848 1
0.8957845 -2.370038 0.83040541 7
0.92331779 -2.3773508 0.80660808 14
1.8201396 -2.3824697 0.83154434 13
2.4757092 -2.3947091 0.80094218 3
-2.6709957 -1.98694 0.83261037 57
-2.6696439 -1.8252639 0.83744413 62.5
-2.6719408 -1.7976067 0.89439696 47
-3.1239631 -1.6546419 0.83330142 33
-2.8065915 -1.6363835 0.86186302 15
-2.7532558 -1.6451464 0.83858281 18.666666
-18.68318 -1.2446775 0.84719068 12
0.69677007 1.381287 0.88858855 16
0.72942835 1.378813 0.8426072 17
0.97524971 1.3567283 0.84641051 43.75
1.0159254 1.3673124 0.81888127 16
1.2731996 1.3431433 0.86071342 68.75
1.3116097 1.3447524 0.83553201 67
1.4326084 1.3619184 0.86035216 37
1.5682267 1.3681923 0.80299485 43
1.6112133 1.3333724 0.85156095 29.25
-5.8969855 1.4871962 0.81866914 6
-2.777323 1.4406954 0.89338571 46
-2.646661 1.4407881 0.84030211 50
-2.3184397 1.4297438 0.87842095 72
-2.2262926 1.4316347 0.83275199 78
-2.0347466 1.4306157 0.85694933 21.5
-1.9398527 1.4241798 0.87636793 29.6
-1.8677772 1.4306883 0.8320055 59.666668
-4.741972 1.513484 0.89541364 97
5.2794185 -9.8767614 0.9390192 74
8.7986221 -9.8787727 0.99356502 53
-2.7045352 -9.6222 0.98097056 112
-2.6788502 -9.6201735 0.90886605 100
-0.38182217 -9.6791477 0.92499238 15
0.72088075 -9.691474 0.96201074 136
-2.7648759 -3.9819531 0.96871918 75
-2.6544652 -2.7379355 0.90985304 9
-2.6598344 -2.6412539 0.93870753 22
-2.6471593 -2.5159264 0.94586718 63
8.0771999 -2.5293946 0.99975652 8
-2.6696658 -2.4493401 0.94066072 72.75
0.34532222 -2.4070027 0.95247084 0
-2.6488533 -2.3501682 0.94732547 79.5
-1.9929072 -2.346801 0.93861663 0
-1.5090616 -2.3766146 0.91033959 0
-1.3527471 -2.3884139 0.91923732 5
-2.6451235 -2.2506475 0.95905054 76
-2.6462884 -2.189337 0.93307966 72
-2.6442904 -2.0527849 0.94740176 82
-2.6618817 -1.9352617 0.94992971 49
-2.6337385 -1.8322153 0.9652983 81
-2.6571331 -1.7600311 0.95654511 46.333332
-6.7606621 -1.6092408 0.92832893 20
-2.8533695 -1.6431322 0.95666969 4.5
-2.7678664 -1.6428956 0.91551059 6
-2.6382647 -1.6771556 0.9832899 85
7.1200981 1.2547737 0.90698743 29
9.150856 1.2273149 0.90188086 1
0.68197834 1.3775762 0.96256685 54
0.71349359 1.3812568 0.91700828 16
0.95875078 1.3585172 0.93431455 50.833332
1.2602501 1.3444238 0.94496793 62.5
1.3700382 1.3627213 0.92050952 30
1.4543892 1.3581079 0.94249457 59.666668
1.571119 1.3475075 0.95658267 68.800003
1.6106347 1.3426439 0.95481461 29
4.0711899 1.3452035 0.94325256 24.333334
-4.9987817 1.4832597 0.95627916 23
-2.9243178 1.4415911 0.95265424 42
-2.5319707 1.4319328 0.98479491 70
-2.4190097 1.4288031 0.92890179 67
-2.1153028 1.4332964 0.97250044 4
-2.0555308 1.4295324 0.95378184 27.333334
-1.9670168 1.4221302 0.96296549 22.25
-1.8357249 1.439293 0.93326294 48
-6.7760358 1.5798177 0.96191484 27
-0.71261257 -9.7336245 1.0304972 3
5.5654235 -9.7940283 1.0642118 85
-2.0015125 -9.6336536 1.0828732 116
-2.7836998 -3.9888742 1.0664293 38
-2.6726785 -2.628962 1.0440671 34
9.5849943 -2.5366869 1.0966952 5
-2.6868846 -2.4052281 1.0208066 76
-2.6863923 -2.3780563 1.0689622 74
-2.6412001 -2.1229179 1.0104491 79
-2.6428149 -2.0349166 1.0259893 87
-2.6411145 -1.9459136 1.0392926 82
-2.6544068 -1.8757004 1.0553333 39.333332
-3.9615579 -1.7125788 1.023097 6
-2.6555243 -1.7368063 1.0326158 34.666668
-4.0969477 -1.6795233 1.0722502 1
-2.8582768 -1.6699166 1.0912006 71
-2.739255 -1.671043 1.0336394 67
-2.6486964 -1.6875076 1.0723827 40
-7.1925211 -1.5734076 1.0069228 23
10.055601 1.1814454 1.033067 27
7.7626386 1.2506144 1.0167382 26
0.66100597 1.3800449 1.0430866 23.666666
0.92890549 1.3551215 1.0372076 68.166664
1.2380341 1.3466791 1.0449829 62.166668
1.4668672 1.3590786 1.0289578 77
1.5745884 1.3444866 1.0396514 64.14286
2.3572237 1.367403 1.0745887 17
3.1420846 1.3973818 1.090562 7
4.1541634 1.300033 1.010839 41
4.2848406 1.3037539 1.012217 38
4.5266061 1.305126 1.0946822 36
-5.4556937 1.4978596 1.0566373 20
-3.0967896 1.4484686 1.0206493 8
-2.6535316 1.433069 1.0440148 58
-2.2577875 1.4284021 1.0635859 57
-2.1319513 1.4280994 1.0540541 67.5
-2.0149097 1.4235898 1.044065 79
-18.595217 1.7485147 1.0136201 8
3.7266133 -9.8091145 1.120406 58
5.1592693 -9.8754358 1.1488408 61
-0.49802977 -9.7741785 1.1501656 1
-2.6962128 -9.6590281 1.1272099 39
-1.2070837 -9.6580448 1.18813 49
-2.8311822 -8.1055412 1.1405799 132
-2.724817 -5.5824203 1.1463313 1
-2.8025241 -3.9947956 1.1641384 3
-2.6860144 -2.6093557 1.1412351 69
8.6411572 -2.5606682 1.1044073 1
-2.6874585 -2.336308 1.1390142 67
-2.6741116 -1.8600007 1.1303833 4
-3.9384704 -1.7152168 1.1508771 2
-6.7262115 -1.6633325 1.1344625 64
-3.9810734 -1.6362422 1.1807561 10
-2.9809074 -1.6687796 1.152364 61
-2.8439291 -1.673028 1.1929401 77
-2.7164712 -1.670952 1.1226311 76
-7.794384 -1.5556574 1.1099417 22
-23.728304 -1.1096392 1.1268028 36
-23.797722 -0.63767624 1.1728579 48
0.89415568 1.3574141 1.1800532 57.666668
0.90819311 1.3587345 1.1264251 61.333332
1.2166857 1.3467661 1.1509933 61.666668
1.5574554 1.3448989 1.1371291 59.125
2.3548381 1.367088 1.1331285 36
3.1812131 1.3588684 1.1457601 94.5
4.4104872 1.302619 1.1049141 36
4.7861295 1.3025243 1.1818211 39
-5.8962326 1.4894735 1.1544285 8
-2.9371707 1.4413825 1.1809716 58
-2.7861934 1.4362161 1.1082077 60
-2.4917724 1.4322621 1.1924422 54
-2.368417 1.429336 1.1249286 54
-2.19368 1.4228857 1.1545346 53
-1.8606122 1.4278688 1.1640708 82.25
-7.9406729 1.5383531 1.1636949 23
-7.6922283 1.6444328 1.1143782 38
7.6193457 -9.9312725 1.2760388 31
-0.718692 -9.7225504 1.2477894 41
-1.4022894 -9.6529255 1.2262728 15
-1.392678 -9.6577072 1.2790254 10
-0.24586853 -9.6953564 1.2514668 112
-2.7945108 -6.0168915 1.2969121 5
-2.6956613 -3.989856 1.2728505 19
-2.6671181 -3.160877 1.299086 1
-2.6842728 -2.5692306 1.2307165 65
-2.6821687 -2.2567379 1.2517091 36.333332
-3.1123166 -1.664567 1.2154725 65
-2.975534 -1.6711066 1.2660451 71
-8.8152876 -1.5930964 1.2784876 33
-7.0381708 -1.5905933 1.2155383 30
-23.763182 -0.15859205 1.21043 84
4.6795878 1.2992315 1.2031218 36
5.0845747 1.2519875 1.2885354 24
11.9645 1.2077252 1.2802434 41
-0.11108869 1.388064 1.2721484 39
0.8775354 1.3558437 1.2538918 30
1.1956581 1.3426317 1.2732152 53
1.2041867 1.3485 1.2277161 61.5
1.5382792 1.3341485 1.238903 63.166668
3.2152767 1.3144636 1.2063687 30
8.9934816 1.3162191 1.2130367 25
-3.0817587 1.4365424 1.2507286 47
-2.617342 1.4301869 1.2602451 53
-2.406033 1.4252342 1.2849251 69
-2.2930543 1.4220451 1.2146137 56
-2.0776312 1.4169638 1.2915636 50
-1.9716101 1.4160008 1.2405689 71
-0.090452723 1.4048891 1.2331688 7
7.1663942 -9.9628191 1.3743827 1
3.6249843 -9.8131456 1.3334314 17
-2.7284312 -9.7478943 1.3553069 14
-2.3685577 -9.6387386 1.3523251 113
-2.1028428 -9.6479502 1.3103418 117
-1.7852935 -9.6671085 1.3506761 44
-0.85980231 -9.6773033 1.3991454 42
-2.7109263 -3.9943895 1.3053939 38
-2.6630878 -3.0206151 1.337302 12.5
-2.6567359 -2.8851109 1.34299 50
-2.6526155 -2.7575979 1.3489653 70.5
-2.6486197 -2.6365876 1.3556529 85
-2.6633072 -2.5209537 1.3182271 67
-2.6629319 -2.4514117 1.3504834 60
-2.6473637 -2.3057714 1.3279817 79
-2.6594117 -2.1621375 1.345765 45.25
-2.6386483 -2.0057411 1.3365458 82
-2.6356452 -1.9127328 1.338966 84
-2.6343043 -1.8247215 1.3425132 89
-2.6335163 -1.7367136 1.3452282 91
-5.0215502 -1.6272179 1.3847739 33
-4.7871294 -1.6542943 1.3057202 51
-3.1088004 -1.6641858 1.3402687 49
-2.6582448 -1.6726639 1.3638165 71
-7.7540913 -1.5902104 1.3698621 22
9.935297 1.2994503 1.3730766 56
-0.13305724 1.3722403 1.3115982 2
0.86303496 1.3534098 1.3177819 3
1.1819613 1.3441823 1.3558041 26
1.5261244 1.3342543 1.3504416 51.833332
5.013267 1.3019795 1.3225175 32
-4.8572421 1.4737371 1.3662212 41
-3.9560809 1.4588569 1.3561767 0
-2.7583945 1.4301023 1.3372849 46
-2.5267797 1.4274285 1.3580054 57
-2.4177682 1.4368596 1.3521936 4
-2.3273911 1.4392272 1.3726364 5
-2.2949901 1.4440591 1.3846358 5
-2.1632752 1.4182299 1.3731757 63.5
-2.0274723 1.4236712 1.3398252 32
-1.9386578 1.4184425 1.3656874 37
-1.8456787 1.427441 1.3238221 72
-0.92327553 1.4294875 1.3723413 12
-8.8054953 1.5339942 1.3085829 2
-6.7715931 1.5658135 1.3419259 28
-4.7279944 1.5416794 1.3183982 45
7.5116467 -9.9652576 1.4851311 17
-1.5389048 -9.7313118 1.4174637 29
-1.3585167 -9.7692356 1.4214554 32
-2.7872202 -5.9687672 1.4280479 36
-2.7606401 -3.8424885 1.4107568 11
-2.7278068 -3.7573774 1.4799069 11
-2.7348678 -3.343365 1.4601557 4
-2.6447663 -2.5233581 1.406179 84
-2.6608038 -2.4386539 1.4257636 52.5
-2.6383626 -2.3053496 1.4211124 76
-2.637229 -2.2043464 1.429978 79
-2.6399672 -2.1103444 1.4402528 85
-2.6338599 -2.010339 1.4457618 80
-2.6307962 -1.9143349 1.4521204 78
-2.6349187 -1.8283339 1.4621259 87
-3.6841252 -1.706959 1.487944 48
-3.3808963 -1.7283499 1.4804255 37
-2.6307538 -1.7383293 1.4665368 92
-5.3566561 -1.6211177 1.494884 30
-3.183959 -1.6652644 1.4888006 0
-2.7797794 -1.6734755 1.4374651 62
-2.6691372 -1.6803428 1.4972626 73
-9.7158709 -1.5674796 1.4291383 87
5.2994552 1.2776477 1.4305401 17
10.518513 1.2052145 1.481017 16
-0.94357347 1.3868237 1.4563427 53.333332
-0.11790951 1.3925881 1.4536072 71
-0.094333671 1.3909726 1.4707773 4
1.1838026 1.3405943 1.4407492 6
1.497265 1.3365511 1.4850423 12
1.5280709 1.3317776 1.4528811 30
2.3553329 1.3870219 1.4503404 4
-26.607763 1.4309573 1.4375604 30
-5.2631302 1.4838523 1.49818 25
-2.9249001 1.4360026 1.4266667 45
-2.6561317 1.4286433 1.4380134 56
-2.5257413 1.4340093 1.478807 15
-2.4694779 1.4349174 1.4137199 8
-2.353173 1.4337375 1.4360251 11.5
-2.2710032 1.419351 1.4477847 59
-2.0434864 1.4214839 1.4662838 39
-1.9539533 1.4209554 1.4129617 38.5
-1.8659735 1.4244699 1.4377012 75.5
-0.93816912 1.4278708 1.4159294 23
-0.093030892 1.4023761 1.403393 20
-26.562593 1.9680371 1.4462069 92
1.989889 -9.7691174 1.5164909 9
2.78827 -9.7743902 1.57381 42
-2.7880604 -5.932652 1.5604726 40
-2.7105458 -3.2229207 1.5744727 1
-2.6988318 -3.2501781 1.503365 20
12.803965 -2.6961899 1.5647951 95
-2.6844203 -2.4213462 1.5282512 4.5
12.803516 -2.4511793 1.5824658 96
12.802994 -2.2071688 1.5958949 95
-8.7817116 -1.6160997 1.5858799 29
-4.8147473 -1.6458304 1.5039688 42
-3.7737761 -1.6528482 1.5353496 40
-3.4383891 -1.6633826 1.5204 62
-3.2907379 -1.6483063 1.5008898 0
-3.0086312 -1.6659544 1.5606644 5
-2.9082551 -1.6722703 1.5169233 62
-2.7857556 -1.6784229 1.581573 40.5
-10.533011 -1.4958183 1.569699 18
-1.3344693 1.3933446 1.5927368 17
-0.96767592 1.3793637 1.5560303 75.666664
-0.66597974 1.3918639 1.5705849 102
-0.50862795 1.3819532 1.5775124 111
-0.31198719 1.3588589 1.5904596 95
-0.25395453 1.3806263 1.5655473 107
-0.16211157 1.3760847 1.5660093 72.400002
-0.023281181 1.3729479 1.583822 48
0.010927371 1.3866297 1.541416 74.666664
0.22765958 1.382352 1.5553989 57.5
0.48585474 1.3676449 1.566098 31.5
0.52244484 1.369005 1.5521839 46.5
1.4875321 1.3285649 1.5224296 3
1.5379163 1.3298528 1.5625737 9
1.7998402 1.324119 1.5817941 13
1.8210443 1.3166876 1.5632013 21.333334
1.9617052 1.3355402 1.5569818 42
2.0573618 1.3596154 1.5537633 22
2.1286747 1.364121 1.5520279 54.5
2.3596499 1.3544945 1.5544494 78
2.4737663 1.3698019 1.5530417 70
2.9307628 1.3641431 1.5684171 39.5
3.0732436 1.3498102 1.5718997 81
4.0650196 1.3589748 1.5667073 14
-3.7170072 1.4632331 1.5542114 53
-3.1085455 1.4428929 1.526404 45
-2.801579 1.4308786 1.5263209 61
-2.5957847 1.4381051 1.5516455 22
-2.4466836 1.4312657 1.5419834 32.5
-2.376708 1.4287469 1.5239975 42
-2.134865 1.4170198 1.551746 55
-2.0617359 1.426754 1.5401924 35
-1.988911 1.4119658 1.5326715 67
-1.7401289 1.409199 1.5920758 63
-1.6869045 1.4478023 1.5759739 16
-1.3108183 1.423355 1.5793476 35
-0.66163713 1.4248419 1.5327998 10
-0.50447899 1.4139535 1.5417348 27
-0.41267502 1.4039019 1.5726579 108
-0.30790403 1.402859 1.5667201 92
-0.24680254 1.4165771 1.5345114 48
-0.16629282 1.4074599 1.5401696 59.666668
0.51010108 1.4021598 1.5139838 0
3.0316346 1.4017226 1.5370957 3
3.9620616 1.4017195 1.598079 0
-4.445303 1.5355089 1.5411521 14
-10.481117 1.6242714 1.5800852 15
-7.6948481 1.6110175 1.5393894 38
4.928339 -9.7648382 1.697942 11
-2.784749 -5.8875337 1.691254 41
-2.7159572 -4.0044546 1.6734358 1
-2.7017031 -3.123471 1.6934401 54
-2.6795418 -3.1341572 1.6319934 35.5
-2.6630938 -2.972609 1.6366141 72
-2.6631441 -2.8396137 1.6359711 80
-2.655148 -2.704634 1.6311679 77
-2.65131 -2.579643 1.6291815 80
-2.6487381 -2.4625823 1.6279166 84
-2.6421187 -2.3446045 1.6229131 89
-2.6424332 -2.2396021 1.623789 87
-2.6430242 -2.1385934 1.6260707 77
-2.6408386 -2.0375977 1.6253049 87
-2.6436453 -1.9435885 1.6278958 84
12.808797 -1.9651574 1.607091 77
-2.6381269 -1.8466017 1.6249349 74
-2.6384335 -1.7565992 1.6258842 79
-5.7455783 -1.6180049 1.6216054 30
-5.1510582 -1.6410681 1.63299 29
-3.107939 -1.6586785 1.6889727 16
-3.0529711 -1.666932 1.6140566 35.5
-2.9312944 -1.6784472 1.6754313 68
-2.8168142 -1.6703975 1.6482857 23
-2.6481733 -1.6775656 1.6343641 68
6.2044792 1.2706937 1.6495715 20
-1.3207293 1.3955379 1.6207252 14
-0.99250525 1.3764365 1.6415768 34.5
-0.67194587 1.3648891 1.6152494 18
-0.51516736 1.3629531 1.6291418 15
-0.41611314 1.3619111 1.600477 22
-0.24351144 1.3569206 1.6186582 18
0.187738 1.3599163 1.6097981 2
0.79049444 1.3778392 1.6608757 0
0.82575834 1.3572369 1.6401727 8.5
1.9729785 1.3479879 1.6027689 55
2.1125505 1.3408467 1.6147068 22
2.4218872 1.328759 1.6153734 19
2.564436 1.3255173 1.634223 5
3.1854577 1.3310307 1.6501906 67
4.0092325 1.3289362 1.6389263 98
4.1671023 1.3091549 1.6238914 41
5.8311114 1.3008043 1.6134455 22
6.0960965 1.3595183 1.6017131 16
-5.7311587 1.4929799 1.6486777 2
-4.6556649 1.4923583 1.6226611 45
-3.2670178 1.4267976 1.6115818 3
-2.9570177 1.4321326 1.6212778 53
-2.731972 1.4363047 1.6987089 31
-2.6628373 1.4382049 1.6247694 27
-2.5349379 1.4279585 1.631904 37.666668
-2.4798102 1.4195138 1.6241244 64
-2.237226 1.4104987 1.6479926 68
-2.1508512 1.4211311 1.6377411 44
-2.0911126 1.4119625 1.6136609 64
-1.6943461 1.4139384 1.6125611 16
-8.2131853 1.5365682 1.6522914 13
5.3499126 -9.9386253 1.7015508 1
6.5349469 -9.8211584 1.7878838 11
7.7600656 -9.847271 1.737944 64
0.47188267 -9.70329 1.7544849 20
-2.6842637 -9.6653891 1.7018914 30
-2.7387145 -6.1325598 1.7040598 4.5
-2.7347388 -5.788579 1.7040452 55.5
-2.7057087 -3.0822363 1.7571857 49
-2.6629262 -3.0457735 1.7315805 58
-2.6607101 -2.9097705 1.7348846 83
-2.6540792 -2.7757666 1.7340034 74
-2.6557329 -2.6557643 1.7387174 89
-2.6432984 -2.5247591 1.7339206 85
-2.639977 -2.4097557 1.7352784 85
-2.641896 -2.3037539 1.7413814 87
-2.6358173 -2.19275 1.739673 91
-2.6324918 -2.089747 1.7410315 87
-2.6393802 -1.9967461 1.750492 93
-2.6441011 -1.8427196 1.7468673 61
-2.6516774 -1.7521448 1.7674192 58
-6.167798 -1.6048813 1.7596405 26
-5.5324898 -1.6373377 1.7791601 23
-3.1625845 -1.6545309 1.7581838 11
-3.0779877 -1.6755058 1.7744504 63
-2.8732262 -1.6713438 1.7274848 29
-2.7719531 -1.6772094 1.7226923 65
-9.7109938 -1.5808989 1.7886461 23
11.919062 1.1740407 1.7120857 150
0.77053726 1.3613522 1.7365725 38.5
0.81208313 1.3499656 1.7476254 41.5
1.1313208 1.3634584 1.794811 2
3.1914539 1.3470743 1.7660885 26.5
4.2127442 1.3105831 1.7527722 38
4.421525 1.3065896 1.7508487 38
15.511973 1.3082471 1.7263063 23
-4.9615493 1.4691397 1.7395999 25
-2.8140738 1.4384141 1.7824854 33
-2.64483 1.4253846 1.7157296 48.666668
-2.5735157 1.4327399 1.7243131 38
-2.3349991 1.4162747 1.7781128 53.666668
-2.2191701 1.4158932 1.7195605 52.333332
-1.8279258 1.4267619 1.729188 45.5
-0.30685511 -9.7103243 1.8925161 129
0.71562904 -9.7196617 1.8349841 34
4.0543351 -9.7622442 1.8030045 9
2.3294497 -9.6956625 1.8540518 26
-2.7800941 -5.8344164 1.8181337 36
-2.7402921 -3.6320322 1.82908 3
-2.7152379 -3.5529335 1.8955258 59
-2.6772792 -3.4671314 1.8918471 13
-2.6703691 -3.302129 1.8859798 36
-2.6626296 -3.1441264 1.8795534 64
-2.6999204 -3.0280261 1.8127637 28
-2.6765113 -2.9854679 1.8718753 41.5
-2.6532211 -2.8591216 1.8720042 80
-2.6532104 -2.7321196 1.8719996 75
12.78757 -2.7023418 1.8400326 98
-2.6490545 -2.6041172 1.869199 88
-2.6390209 -2.4761403 1.8611338 78
12.779884 -2.4723258 1.8633739 102
-2.6384506 -2.3641381 1.8619584 85
-2.6318076 -2.2481353 1.8574799 82
12.796961 -2.2482808 1.8870199 99
-2.6328948 -2.1431332 1.8594232 83
-2.6295669 -2.0401311 1.8571819 88
-2.6256793 -1.9381286 1.8557698 81
-2.6267653 -1.8441265 1.8577132 87
-2.653157 -1.7362875 1.8395771 55.333332
-3.6568179 -1.6687504 1.8867564 21
-3.5213943 -1.6758566 1.8794975 16
-3.3003314 -1.6973066 1.8790308 2
-2.9474182 -1.6747603 1.8434286 45
-2.7149904 -1.6817533 1.820783 64
-2.6724317 -1.6826394 1.8923166 50
0.75111014 1.356872 1.832383 65
0.8026368 1.3521758 1.8448979 57
1.157055 1.3453798 1.8506387 12.666667
4.7215352 1.3091016 1.8997372 38
-2.8765378 1.4315809 1.8413253 44.5
-2.7443662 1.4294332 1.8542793 40.75
-2.6421621 1.4309057 1.8032844 42
-2.4749098 1.4141997 1.8730099 60
-2.3882945 1.4194522 1.8819052 40
-2.2694387 1.418623 1.8371186 46
-1.8399258 1.4232267 1.8296002 45
-2.6109381 -9.983139 1.955923 4
-0.28365836 -9.7223654 1.9237491 130
1.2293553 -9.7253208 1.9790422 55
3.1587391 -9.760499 1.9243307 34
0.63725656 -9.6937361 1.922893 24
18.694283 -6.6394405 1.9649096 69
-2.745575 -6.516161 1.9838263 34
-2.742306 -6.1411586 1.9743696 32
-2.7534375 -5.7837296 1.952937 35.5
-2.7186241 -5.4561529 1.945102 43
-2.760247 -4.9626522 1.9164001 47
-2.7001758 -4.6461458 1.9205735 28
-2.6996329 -4.4231434 1.9177909 10
-2.7081611 -3.4998457 1.972423 57
-2.7021177 -2.9345863 1.9317218 0
-2.6750929 -2.1273205 1.9429491 7
-2.6661623 -2.0752552 1.9878802 30
12.796279 -2.0212595 1.9060048 97
-4.2076783 -1.7188436 1.9284115 12
-3.304527 -1.7085973 1.9249592 39
-6.6920981 -1.6017363 1.928418 28
-5.9803686 -1.6326548 1.9484125 26
-4.5725732 -1.6840079 1.9143285 16
-4.3207731 -1.6549096 1.9950376 44
-3.6956782 -1.6476452 1.9483809 31
-3.5724096 -1.6699959 1.9365976 36.5
-3.2997963 -1.6562045 1.916126 34
-3.0582621 -1.6732581 1.955248 54
-2.8486335 -1.6777811 1.9230494 69
-2.7677374 -1.6805203 1.9854329 52.5
-12.822512 -1.5748314 1.9372717 3
-1.933247 1.3993658 1.9159673 57
-0.74149007 1.3920739 1.9895499 63
-0.56414258 1.383953 1.9932708 55
-0.44669348 1.3960112 1.9752318 6
-0.33611709 1.3498809 1.9958737 95
-0.24886763 1.384024 1.9865971 75
-0.16916871 1.3806177 1.9799412 60.666668
0.11165448 1.3850461 1.960951 74
0.36998311 1.3790842 1.9638504 74
0.43219426 1.3641065 1.9746304 72
0.76245701 1.3528833 1.9417897 59
1.1339623 1.3466663 1.9449081 34.666668
2.4585307 1.3909354 1.9807471 23
2.5599241 1.3632995 1.9857657 20
2.8262975 1.3643984 1.9869567 57
2.9838324 1.3484895 1.9904233 60
3.5029926 1.3691534 1.9931065 29
4.5015569 1.3094721 1.9080374 39
7.0181942 1.3219275 1.9047357 48
-5.4476771 1.4827929 1.9237375 21
-4.6164222 1.4892001 1.9805621 28
-3.5707147 1.4491378 1.9969089 53
-3.0249264 1.4225657 1.9296018 54
-2.9534798 1.4297297 1.948644 45
-2.8418894 1.4310189 1.9853356 36.5
-2.6407678 1.4134204 1.9564667 55
-2.4597878 1.4165106 1.9717752 38
-2.3338044 1.4188731 1.9234838 45
-1.8644108 1.4050119 1.9250454 66
-1.5223016 1.4425107 1.9934734 3
-1.4778048 1.4272383 1.991529 47
-1.1024131 1.4247861 1.9928683 12
-1.0976665 1.4180299 1.9993799 53
-0.20271996 1.4299157 1.9525003 1
0.052617617 1.4028544 1.9584546 18
0.44358721 1.4160976 1.9666308 5
-3.9247432 1.5114053 1.9635174 2
-9.7917681 1.6202052 1.9849156 3
-12.771384 1.7312806 1.9498775 106
7.1460247 -9.9682732 2.0991311 40
5.3978424 -9.82687 2.0758355 12
-0.6691497 -9.7122459 2.0728645 20
2.5218024 -9.7488441 2.0437605 6
2.8158643 -9.7878237 2.0761623 68
-1.6456742 -9.6380587 2.0671651 66
-1.1770959 -9.6590052 2.0610716 124
-0.91007847 -9.6422377 2.0128975 105
0.19540584 -9.680007 2.0961227 90
18.665039 -7.5614839 2.0837927 37
-2.7613859 -4.8972044 2.0134089 53
-2.7075 -3.4537613 2.0537684 46
-2.6659141 -2.0301909 2.0400643 39
-2.6677473 -1.986128 2.0930643 47
-4.7701545 -1.642792 2.0107639 39
-3.759182 -1.6532431 2.0301533 45
-3.6359034 -1.6506919 2.0325966 37
-3.4427371 -1.6672498 2.0506399 52
-3.3759286 -1.657033 2.0004213 37
-3.2090812 -1.67195 2.0350087 62
-3.141504 -1.6720504 2.086551 43
-3.0024378 -1.6798131 2.0401304 63
-2.7986295 -1.6766686 2.0582464 42
-10.749188 -1.5217916 2.0141168 15
-13.698527 -1.4141904 2.0903482 15
7.4292183 1.2655576 2.0425651 23
-1.5225971 1.3875374 2.0195997 59
-1.4889871 1.3894372 2.0358469 79
-1.1044476 1.3740079 2.0279706 80.5
-0.74753195 1.3540999 2.0352185 64
-0.57050598 1.3499529 2.0429082 77
-0.45047837 1.3490216 2.0070369 82
-0.34169757 1.3398845 2.0827205 65
-0.25326824 1.3430327 2.0253694 73
-0.17867255 1.3382323 2.0401354 69
0.029360553 1.373845 2.0060718 53
0.34973341 1.3620727 2.0239067 62
0.41645247 1.3633095 2.0523596 56
0.74755841 1.3507564 2.0530002 51.5
1.1546683 1.3456372 2.050967 45.666668
1.4958439 1.3489554 2.0594618 17
1.5727296 1.3281611 2.0594738 4
2.4521155 1.3413565 2.0630124 66.5
2.6438565 1.3405306 2.0716608 62
2.9142766 1.3337721 2.0730691 62
3.1041338 1.3297708 2.0948486 54
3.6007957 1.321519 2.0721164 56
3.7233598 1.3270769 2.0150204 55
4.8380108 1.3095009 2.0875292 35
5.0386586 1.3006424 2.0568614 32
7.0449915 1.3054733 2.0372171 37
-4.0576987 1.4513023 2.0349205 39
-3.2327292 1.4264784 2.0686295 52
-3.093493 1.4305503 2.0619671 47.5
-2.9802763 1.4308497 2.0928736 36
-2.892642 1.4294679 2.0762079 36
-2.797931 1.4103899 2.0757833 54
-2.5698476 1.4152601 2.0430961 43.5
-2.4016228 1.4171369 2.014554 46
-1.9554162 1.4013752 2.0152106 57
-6.954896 1.5143034 2.0390317 28
9.0239391 -10.002332 2.1695833 57
10.190516 -10.057006 2.1484849 62
10.329462 -10.08167 2.184556 56
7.0800934 -9.8470726 2.1745768 19
-0.74555045 -9.7072496 2.1348119 124
-0.31403667 -9.7293091 2.1237636 126
-0.29532987 -9.7343664 2.1495876 129
3.2280464 -9.7933016 2.1864734 96
3.3543463 -9.7770329 2.1061959 1
1.4009951 -9.6936131 2.1289611 107
-1.1129159 -6.3081675 2.1213813 5
18.740631 -5.5003829 2.1585023 7
-2.7537262 -4.8147907 2.102128 49
-2.7489569 -4.7373843 2.1895943 54
-2.7067502 -3.4066782 2.1341166 21
-2.6650605 -1.9360671 2.1404431 57
-2.6645441 -1.8880066 2.1896353 62
-6.5021582 -1.6260244 2.1457775 27
-5.1006217 -1.6354523 2.1657109 31
-4.6213641 -1.6550894 2.1555967 38
-3.9655113 -1.6596164 2.1625454 48
-3.8700695 -1.6453898 2.1290357 33
-3.7305181 -1.6526024 2.1333463 38
-3.6315572 -1.6757598 2.1467426 59
-3.545794 -1.6596591 2.1854522 41
-3.3928161 -1.6764181 2.1668353 60
-3.2233706 -1.6729846 2.191539 44
-3.1783319 -1.68485 2.1745322 66
-2.952559 -1.6861297 2.1185248 59
-2.8642361 -1.6754045 2.1474981 41
-7.2810435 -1.588576 2.1173613 28
18.816013 1.2557274 2.1625209 111
-2.0522811 1.3914801 2.1069844 43
-1.5501468 1.3862212 2.1275914 65
-1.1368201 1.3762667 2.1344695 64.5
-0.77005589 1.3621572 2.1526818 71
-0.58599466 1.352953 2.1509728 83
-0.45898855 1.3530577 2.1147041 82
-0.34837025 1.3428894 2.1935623 84
-0.25586632 1.3460629 2.1345611 87
-0.17850772 1.3407378 2.147058 84.5
0.36063379 1.3698549 2.1359806 53.5
0.6990242 1.3619146 2.1545548 59
0.7777651 1.3507965 2.1317375 60
1.1439801 1.349479 2.1505742 50.5
1.4943689 1.3405213 2.15591 31.5
1.5863032 1.3298261 2.1597979 16
1.8370093 1.3266908 2.1856835 5
2.4446039 1.3447855 2.1001356 61
2.6155095 1.3405603 2.1537166 64
3.9433613 1.3225033 2.1631479 39
-5.9916644 1.4874042 2.1275866 20
-4.9194446 1.4695287 2.124537 31
-3.7958071 1.4415025 2.133426 43
-3.1956942 1.4369 2.1608863 39
-2.9905879 1.4296757 2.1785538 40
-2.7543216 1.4129691 2.1394992 54
-2.6370225 1.4186409 2.185528 33
-2.4770648 1.4164169 2.1119366 40
-1.9737703 1.4036633 2.1156497 52
8.6445808 -10.008662 2.2638054 69
6.6430788 -9.9329386 2.2001772 73
7.008461 -9.9313011 2.2986622 75
13.086862 -9.9741325 2.2470515 23
4.5961709 -9.850749 2.2024314 72
1.1267307 -9.7127438 2.2179706 105
2.7185705 -9.7863188 2.2934613 91
-1.7627163 -9.6450424 2.2971423 66
-1.2842934 -9.6482258 2.2847071 110
-1.0210633 -9.6502533 2.2392046 116
-1.9650303 -6.2832699 2.2442019 2
-1.0068306 -6.200016 2.2738733 0
2.7000117 -6.1094975 2.2252138 6
5.2372293 -6.1270409 2.2501707 1
-2.7767832 -5.6890736 2.2058618 28
18.728001 -4.7443523 2.2520268 57
-2.7484486 -4.664969 2.2796957 56
18.79948 -4.3923254 2.2988346 3
-2.6994092 -3.3485937 2.2080212 3
-2.6864171 -2.5562344 2.2963533 8
-2.6574268 -1.8329467 2.2323909 65
-2.6568241 -1.7808875 2.2805824 59
-3.9537854 -1.6382587 2.2196727 34
-3.8371532 -1.6606781 2.2642846 43.5
-3.6373518 -1.6594602 2.2843764 40
-3.5765569 -1.6698867 2.2986095 62
-3.1210032 -1.6881332 2.2514606 62
-2.9364688 -1.676123 2.243166 40
18.795765 0.57269698 2.2499166 107
18.807701 0.91371256 2.2086627 116
5.20081 1.2986194 2.2830498 22
5.4291258 1.2973056 2.2475169 22
7.5359364 1.247592 2.2159371 20
8.165637 1.2456779 2.2784905 22
-2.1303279 1.3955339 2.2254128 36
-1.62204 1.3846259 2.2315421 54
-1.5766809 1.3873315 2.2415483 68
-1.1684189 1.3720388 2.2395236 66.5
-0.79086208 1.3592111 2.2622728 62
-0.60139555 1.3499531 2.2580409 82
-0.46922141 1.350091 2.2192101 80
-0.25729004 1.3450937 2.2418489 72
-0.17898589 1.3357427 2.2499089 75
0.38189027 1.3688956 2.2364793 50
0.68490237 1.3599267 2.243964 56
0.77358162 1.3570019 2.2248588 51
1.0999372 1.3505832 2.2215576 52
1.183225 1.3405267 2.2264588 46
1.5481639 1.3317957 2.2642448 31.5
1.8450164 1.3247591 2.2534769 14
1.9269454 1.3184898 2.2929914 5
2.0231497 1.3191998 2.2548473 3
2.5398252 1.3420988 2.2296484 63
2.7561722 1.3364649 2.2444081 59
3.0679286 1.3304013 2.2163403 61
3.2709153 1.3271583 2.2374997 50
3.8239748 1.3183005 2.2372656 40
-4.3807359 1.4521073 2.20697 31
-3.457938 1.4283837 2.2194049 42
-3.3099165 1.4329445 2.2451029 42
-3.1028719 1.43191 2.2946229 37
-3.0876977 1.4309347 2.2014897 37
-2.9595199 1.4141592 2.2506626 50.5
-2.5626843 1.418731 2.2214112 37
-2.0324943 1.4000082 2.2166095 53
-11.107862 1.5920657 2.2613971 10
-7.7230816 1.5155057 2.2836292 18
-14.387516 1.6606022 2.2170987 5
8.889924 -10.003336 2.370764 74
10.039225 -10.064957 2.3481433 69
10.147644 -10.055712 2.3765357 68
-0.75317174 -9.732173 2.370048 123
-0.68728036 -9.732235 2.3041606 137
-0.31406587 -9.7463303 2.3647201 130
-0.28618252 -9.6712875 2.3722026 98
1.2241905 -9.6881809 2.3474915 115
18.711031 -6.4742298 2.3377655 51
1.5646151 -6.2101145 2.3590217 3
2.6518242 -6.1272283 2.3717258 5
-2.7632134 -5.6069551 2.3224733 38
-2.746757 -4.5925617 2.3678999 53
18.743576 -2.5642552 2.3965781 106
-2.6798193 -2.4674816 2.3644347 32
18.751278 -1.8552239 2.3999267 108
-2.6581216 -1.7298321 2.3275988 56
-7.1676164 -1.6264961 2.3965743 28
-5.5037842 -1.6370335 2.3558407 31
-4.9742208 -1.6583004 2.3441753 34
-4.2152643 -1.656229 2.3142605 47
-4.0694876 -1.6411101 2.3304634 35
-3.9298167 -1.6494141 2.3459578 38
-3.7323625 -1.6572514 2.3879952 40
-3.3251743 -1.6826472 2.3380604 50
-3.0143335 -1.6768231 2.345336 39
-2.6847467 -1.6957753 2.3994455 47
-7.9748573 -1.5693871 2.340044 21
18.761965 -1.5053941 2.3963511 108
-12.429089 -1.4922429 2.3680482 11
18.777605 -0.8073625 2.3684433 109
19.053595 -0.46830803 2.3819501 2
18.7929 -0.11433152 2.3207402 104
18.970179 0.22970858 2.3112304 3
-2.2128985 1.3975892 2.3494573 40
-2.0968523 1.396374 2.32407 56
-1.6498356 1.381238 2.3484123 54.5
-1.2091488 1.3659424 2.3478138 58
-1.1951536 1.367685 2.3520472 75
-0.81328446 1.3562679 2.3787477 72
-0.61632246 1.3459532 2.3711741 76
-0.47907197 1.3461276 2.3307772 66
-0.35469317 1.3388941 2.3004198 67
-0.26061282 1.3371228 2.3479671 73
-0.17920916 1.3307483 2.3613143 72
0.3649638 1.3621211 2.3214078 21
0.67059565 1.3609414 2.34322 59
0.76274222 1.3512709 2.3496914 51.5
1.0970351 1.3506138 2.3128998 58
1.1884389 1.3377484 2.3455544 49.5
1.5053723 1.3361744 2.353133 51
1.6060109 1.3226004 2.3293254 34
1.8601184 1.3288498 2.3367429 22
1.9351358 1.3115736 2.3531902 13
2.0399923 1.3163226 2.3555284 8.5
2.6617892 1.3385248 2.3688707 54.5
2.9205995 1.3372874 2.350832 51
3.2344348 1.3260801 2.370786 58
4.1805234 1.312964 2.3237588 40
15.793737 1.3050846 2.3228028 3
-6.677115 1.4999146 2.3845737 23
-5.3590074 1.4749925 2.3304017 23
-4.0819654 1.44397 2.3081133 41
-3.7240331 1.433272 2.3989801 40
-3.5406792 1.4325385 2.3850062 47
-3.2069902 1.4320235 2.3190546 36
-3.19592 1.418313 2.3817294 52
-2.7383211 1.419711 2.3048017 31
-2.6502059 1.4179775 2.3327634 38
6.520772 -9.9227066 2.4078772 74
13.510759 -9.9314375 2.448962 42
4.4944801 -9.8523893 2.4176602 71
1.0295157 -9.7270689 2.444206 108
3.1319048 -9.7843266 2.4042685 98
-1.1337391 -9.6522713 2.4691374 107
-1.459981 -8.721571 2.4980977 1
-2.7624536 -5.5518451 2.4479988 38
-2.7392521 -4.5061913 2.4475474 50
-2.678196 -2.3541374 2.4585721 59.5
18.7542 -2.2082384 2.4013152 110
-4.4968929 -1.6516404 2.4856117 40
-4.1885486 -1.6419564 2.4449558 34
-4.0705972 -1.6581318 2.4623833 39.5
-3.8328156 -1.6540347 2.4961255 39
-3.7922163 -1.6672652 2.4528313 51
-3.5591147 -1.6819293 2.4665198 58
-3.4068503 -1.672848 2.4197927 39
-3.1020913 -1.6794984 2.4566286 42
18.987791 -1.168347 2.4128618 3
5.8858547 1.2920811 2.470403 25
-2.3001721 1.3966486 2.4811108 38
-2.1729479 1.3978001 2.449492 54
-1.7383827 1.3787255 2.4750988 46
-1.6779478 1.3813419 2.4741142 64
-1.241963 1.365128 2.4773431 63.5
-0.63332826 1.3369534 2.4851289 80
-0.48944741 1.3401666 2.4483221 66
-0.36118799 1.3298991 2.40927 75
-0.26254192 1.3311359 2.4642439 78
-0.17973547 1.3232539 2.4762068 70.5
0.65502459 1.3569555 2.4451954 61
0.75410372 1.3495841 2.4932535 54
1.0940772 1.3466433 2.4020085 56
1.1950181 1.3350092 2.4753802 43
1.5146672 1.3382733 2.4482083 47
1.6266041 1.3248066 2.4522979 36
1.8746798 1.3234658 2.4506726 27
1.9545486 1.3156966 2.43413 20
2.0643485 1.3174694 2.4707818 18
2.8819823 1.3326048 2.4405475 57
3.4634438 1.3256041 2.401006 48
4.0792131 1.3161861 2.423979 40
-4.7574301 1.4538798 2.4067686 26
-3.4530079 1.4421949 2.4011557 36
-3.3405106 1.4331207 2.4493697 35
-3.2216868 1.4331545 2.4161112 36
-3.1445801 1.4199601 2.4497614 54
-2.8418794 1.4157832 2.426888 34
-2.7426331 1.4143127 2.4506602 41
18.924438 3.8440502 2.472563 3
9.8739576 -10.049927 2.5445337 63
9.993268 -10.051715 2.5736678 69
6.8979993 -9.9312897 2.5064585 76
8.7495537 -9.9913511 2.5689645 68
4.9080844 -9.8516893 2.5338728 77
-0.70532948 -9.7382231 2.5344594 122
-0.32931525 -9.7552786 2.5851731 123
1.3968905 -9.7006693 2.5256388 112
2.6195116 -9.7788105 2.5121238 95
-1.3971405 -9.657423 2.5156934 123
2.6082993 -6.0519629 2.5444646 4
-2.7586679 -5.4847217 2.5697792 38
-2.740639 -4.4387827 2.5364902 51
-2.6747556 -2.2357399 2.5463958 66
-5.9571767 -1.6325625 2.5697486 41
-5.3575082 -1.6515294 2.5484514 34
-4.3099732 -1.6397967 2.5632396 54
-4.1510539 -1.6392117 2.5786307 64
-3.9054456 -1.6338476 2.5857129 67
-3.5123985 -1.6602077 2.5683727 59.333332
-3.1886506 -1.6491086 2.5870008 68
-2.778872 -1.6771836 2.5625792 70
-8.7763119 -1.5401748 2.5958965 48
-4.2853417 -1.5737183 2.589479 58
-4.1052217 -1.5621423 2.5927618 66
-3.8587823 -1.5567989 2.5908558 64
-3.4549072 -1.5266482 2.5929372 64
-2.7432094 -1.5656569 2.5938044 82
-4.225462 -1.4936608 2.592845 59
-4.1694717 -1.4156103 2.5948513 60
-4.0399137 -1.4770814 2.5916009 59
-3.8097563 -1.4797592 2.5922017 61
-3.7681606 -1.4067134 2.5978878 61
-3.4059942 -1.4435931 2.5952823 70
-2.7030857 -1.4796127 2.5933325 80
-16.522312 -1.3844351 2.5468514 20
-4.1112127 -1.3375641 2.5940547 58
-3.9534037 -1.3559935 2.5943391 57.5
-3.7261939 -1.3336786 2.5995908 62
-3.3580768 -1.3615395 2.5975378 66
-3.0705471 -1.3872368 2.5980678 75
-4.0570264 -1.2625203 2.5938919 57
-3.8737683 -1.2389156 2.5954471 58
-3.6776972 -1.2586536 2.5958719 64
-4.0112662 -1.1894742 2.5979731 58
-3.6398964 -1.1886178 2.5992038 62
-3.9200907 -1.0463991 2.5990808 62
5.6794939 1.2990712 2.5359497 25
8.4849997 1.2386669 2.5443573 18
-2.2535868 1.3972447 2.5805206 55
-0.83714229 1.3503268 2.5001163 67
-0.50096601 1.3362095 2.5788155 71
-0.36898667 1.3249046 2.5330632 74
-0.26541933 1.3291728 2.5995121 68
0.6397509 1.3569732 2.5583463 55
1.0928634 1.3466804 2.5062792 54
1.2031837 1.3382041 2.5776241 48
1.5238913 1.3383534 2.5441499 45
1.6459256 1.322015 2.577992 41
1.8963391 1.3221041 2.5800767 32
1.9779562 1.3128672 2.550097 26.5
2.077379 1.3125597 2.5442729 24
2.7748818 1.3320025 2.5237405 59
2.8191481 1.3349869 2.5211165 55
3.0722995 1.3307246 2.505898 53
3.4292588 1.3239282 2.5518203 48
3.6824567 1.3251116 2.5874789 41
4.4969015 1.318575 2.5348217 42
-5.927887 1.4915978 2.5982158 27
-4.4189172 1.4545171 2.5129457 35
-3.7955143 1.4312873 2.5688839 41
-3.5947647 1.4423559 2.532635 34
-3.460088 1.428247 2.5773473 40.5
-3.3546538 1.4354204 2.5493338 38
-2.9641018 1.4168613 2.5663407 35
-2.8560367 1.4177005 2.5886633 42
6.4101324 -9.9234591 2.6166697 77
14.009916 -9.9266348 2.6666858 57
-0.75955522 -9.7330942 2.6023748 117
-0.31881025 -9.7513676 2.6143024 135
0.93223625 -9.7204008 2.6681359 111
1.3161397 -9.7044268 2.6275516 73
2.4724872 -9.7149 2.6995962 96
3.0403042 -9.7883492 2.6241813 100
-1.246415 -9.6522884 2.6990702 112
-0.39183795 -9.6844864 2.6044004 113
-2.8553782 -8.3829479 2.6200929 31
-2.7532308 -5.4146123 2.68768 36
-2.7293091 -4.3434515 2.6074173 27
-2.7357647 -4.281044 2.6969106 15
-2.6691408 -2.1419427 2.6058888 69
-2.6680498 -2.0522137 2.6684246 66.5
-4.7150397 -1.6102901 2.619736 82
-4.3377166 -1.6490467 2.6233742 85
-4.013988 -1.6566223 2.6122773 84
-3.7557166 -1.6659698 2.6185102 84
-3.590133 -1.6201416 2.6270478 85
-7.7165551 -1.5728834 2.6073823 41
-6.0504818 -1.5134455 2.6205165 66
-5.4833302 -1.5496023 2.6248541 68
-4.3324485 -1.5240401 2.6294422 74
-4.0315175 -1.5465646 2.6269796 77
-3.7576358 -1.553967 2.6246123 77
-3.58237 -1.5051385 2.624227 78
-3.1470058 -1.5410314 2.6025803 86
-5.4667211 -1.4015887 2.6316988 67
-4.7137246 -1.4832823 2.623136 82
-4.3219357 -1.4000314 2.6307654 72
-4.0298977 -1.4315579 2.6289222 76
-3.7529242 -1.4419628 2.6262393 80
-3.1123583 -1.4662369 2.6054657 88
-2.6706483 -1.4005686 2.600204 83
-13.566258 -1.3372161 2.6203122 32
-8.833312 -1.3551352 2.6235361 40
-7.6830797 -1.3818516 2.6160536 40
-6.0544558 -1.3674247 2.6285646 63
-4.7060261 -1.3582817 2.6235003 74
-4.0188408 -1.3155822 2.6233823 73
-3.7484818 -1.3289585 2.6292548 77
-3.586483 -1.3981358 2.6306238 77
-3.0418906 -1.3172057 2.6025236 81
-2.6501534 -1.3275262 2.6170437 62
-6.0464993 -1.2194161 2.6310706 58
-5.4400921 -1.2555953 2.6303923 66
-4.7088714 -1.2352666 2.6296859 79
-4.3133502 -1.2770236 2.6345956 72
-4.0197177 -1.2035688 2.6270008 80
-3.7429402 -1.2189541 2.6303229 78
-3.5814764 -1.2891328 2.6308694 80
-3.3183939 -1.2834915 2.6020589 72
-3.2776234 -1.2064437 2.6056769 75
-3.0096884 -1.2451917 2.601279 79
-2.6513433 -1.2364613 2.6735659 62.5
-8.8187456 -1.1611139 2.6287353 40
-7.6443558 -1.1948165 2.6199837 40
-5.431519 -1.1145867 2.6378355 67
-4.7000604 -1.1112726 2.6281152 79
-4.3086376 -1.1580173 2.6398354 73
-3.9684906 -1.1184317 2.6017823 59
-3.8281045 -1.1638632 2.6005275 60
-3.7349119 -1.107949 2.6297123 78
-3.6029043 -1.1195885 2.6004548 64
-3.5797858 -1.1831298 2.6333516 82
-3.2375758 -1.1294013 2.6062164 79
-2.9676821 -1.1421651 2.6023548 84
-16.804636 -1.0735359 2.6042304 25
-13.425626 -1.0280722 2.6217506 30
-7.6039724 -1.0087806 2.6227968 39
-6.0313301 -1.0694159 2.6299722 60
-4.2964649 -1.0390079 2.6400397 79
-4.0131016 -1.0905753 2.6256316 80
-3.7526805 -1.0365127 2.6132405 69.333336
-3.5775356 -1.0662694 2.6218507 75
-3.198432 -1.0533617 2.60567 72
-2.9296572 -1.0411429 2.6030643 84
-1.7481722 -1.0068934 2.6070607 6
-8.7922506 -0.96610165 2.6283941 42
-6.0366879 -0.92739713 2.637758 58
-5.4124379 -0.97357178 2.6393971 67
-4.692914 -0.98827553 2.627656 88
-4.2859497 -0.91999936 2.6413631 75
-4.0148096 -0.98255968 2.6298237 86
-3.8606725 -0.9433465 2.6018519 63.5
-3.6991501 -0.94573385 2.6049995 60
-3.5434332 -0.95995545 2.6186984 79.333336
-3.1431532 -0.94230711 2.6040392 72.5
-2.9056954 -0.97512722 2.6040816 87
-2.8915319 -0.913091 2.6132329 88
-2.5031638 -0.94736248 2.6199157 89
-2.3067174 -0.99459809 2.6517 150
-2.2678196 -0.91768819 2.621923 101
-1.9023937 -0.99525702 2.6090369 32
-1.8901309 -0.92723536 2.6171081 97
-1.7433376 -0.94583839 2.6192837 108
-7.5771599 -0.82575476 2.6287305 39
-5.4027634 -0.83656257 2.6448929 70
-4.6988096 -0.86825937 2.6346836 84
-4.2809663 -0.80399311 2.6452138 75
-4.0115218 -0.87355739 2.6306887 89
-3.8032353 -0.84125686 2.6024241 64
-3.7240953 -0.8949402 2.6332371 87
-3.6484785 -0.84117818 2.6099889 63
-3.5738833 -0.87112111 2.64024 83
-3.4799559 -0.85433877 2.6091654 75
-3.0962005 -0.83525687 2.6056705 68
-2.8728268 -0.85007066 2.6167808 81
-2.466583 -0.8398236 2.6196005 79.5
-2.252722 -0.85268641 2.6210897 91
-1.8707303 -0.85521764 2.612766 79
-1.7309343 -0.85080898 2.6255326 104.5
-16.750267 -0.73748744 2.6077974 30
-13.340417 -0.73097837 2.6303949 29
-8.784893 -0.774086 2.6335964 43
-6.0315008 -0.78439265 2.6397276 60
-4.6916623 -0.74626231 2.6342294 85
-4.0136337 -0.76543623 2.6349664 79
-3.7488725 -0.75911897 2.6199303 67.666664
-3.5855856 -0.75287181 2.6290016 75
-3.4460664 -0.75929761 2.6165824 72
-3.0727146 -0.76622462 2.611737 70
-2.8410358 -0.75406384 2.614413 81.5
-2.4363356 -0.73528796 2.6227307 82
-2.2322984 -0.75817668 2.6221538 79.5
-1.8525494 -0.75522447 2.6228359 85
-1.7181557 -0.75679791 2.6278043 100
-7.5522919 -0.64673072 2.6335659 39
-6.0224314 -0.63939053 2.6403072 60
-5.3889437 -0.69955087 2.6475928 71
-4.6850667 -0.62726885 2.6329548 83
-4.271009 -0.68798476 2.6457083 74
-4.0195022 -0.66140938 2.6419442 82
-3.7189932 -0.66605097 2.6275711 77.5
-3.5576217 -0.6460678 2.6244805 72.333336
-3.4075439 -0.66427135 2.6174011 75
-3.3867557 -0.60225165 2.6201727 80
-3.031008 -0.6626848 2.6103833 75
-2.8110437 -0.63103294 2.6203227 77
-2.4197295 -0.66726547 2.6271739 84
-2.2150476 -0.66566271 2.6249366 87
-2.1994808 -0.60267925 2.6191339 75
-1.8311762 -0.65319926 2.624167 91
-1.7059684 -0.66378266 2.6310296 112.5
-8.7617235 -0.58108097 2.6318743 40
-6.0189066 -0.50138307 2.6434047 59
-5.3712487 -0.56153691 2.6488848 69
-4.6862426 -0.51025659 2.6380584 84
-4.2604918 -0.57297617 2.6470318 74
-4.0095525 -0.55242485 2.638377 78
-3.7077332 -0.58092701 2.6378305 86
-3.6771212 -0.54963636 2.6154814 65
-3.538271 -0.55080289 2.6321998 77.5
-3.359252 -0.53824741 2.6155305 67
-2.9955471 -0.56114823 2.6114745 77
-2.7881329 -0.53902018 2.6216567 86
-2.3933716 -0.56623608 2.6289508 88
-2.1952708 -0.5436514 2.6273448 80
-1.8157248 -0.55467677 2.629988 91.5
-1.6915154 -0.54128194 2.631319 104.5
-16.765791 -0.40448159 2.6182957 26
-13.257998 -0.43788901 2.6348941 30
-7.5241065 -0.46770468 2.6361659 38
-5.3444333 -0.42551735 2.6440256 71
-4.2521911 -0.45896858 2.6486449 83
-4.0037651 -0.44642919 2.6375935 80
-3.713233 -0.48092496 2.6475599 89
-3.6435025 -0.45410272 2.6203959 61
-3.5620708 -0.46510121 2.6504104 89
-3.4803948 -0.43846828 2.6212316 70.5
-3.3329995 -0.4472248 2.618732 71
-2.9707251 -0.46161371 2.6191282 73.5
-2.7692499 -0.44951001 2.6231241 87.5
-2.3652718 -0.43320268 2.6333609 78
-2.1835878 -0.45398939 2.630163 87
-1.7998252 -0.45615876 2.6308289 94
-1.6838539 -0.45076889 2.6346333 107
-8.7599125 -0.39107338 2.6359711 39
-6.0173254 -0.35838127 2.6453722 61
-4.6779823 -0.39226615 2.6356814 78
-4.246376 -0.34596205 2.6519365 78
-4.0071368 -0.34040904 2.6429012 83
-3.7068594 -0.3769204 2.6480689 88
-3.6143169 -0.36007532 2.6244011 64
-3.557332 -0.36609823 2.6520443 98
-3.4530313 -0.34143198 2.6286063 79
-3.3075571 -0.35620883 2.6198499 82
-2.9472375 -0.36300915 2.6236033 77
-2.7547228 -0.35999078 2.628201 83
-2.3453846 -0.33418164 2.6345532 71
-2.1729259 -0.33546114 2.6387546 83.5
-1.7873154 -0.35914069 2.6358848 90
-1.6783701 -0.36174875 2.6397586 119
-8.7553253 -0.20007378 2.6370165 40
-7.511982 -0.28969032 2.6435635 39
-6.0101933 -0.2173847 2.6448572 60
-5.3463817 -0.29251531 2.6537447 67
-4.6691675 -0.27427208 2.6341364 79
-4.2347589 -0.2329531 2.6513119 72
-3.9991298 -0.23541352 2.6418481 94
-3.6982682 -0.27491531 2.6482885 96
-3.5688839 -0.24539681 2.635052 77.333336
-3.4228511 -0.24440908 2.6272023 75.5
-3.2873256 -0.26519147 2.622993 72.5
-2.9250376 -0.26448399 2.6270013 79.5
-2.7397289 -0.27048832 2.6283002 78.5
-2.3329649 -0.23616341 2.6405921 91
-2.1639946 -0.2464619 2.6392593 92
-1.7778817 -0.26312569 2.6416683 98
-1.6702174 -0.24273807 2.6429882 117
-13.168653 -0.14579415 2.6371429 33
-7.4904456 -0.11366938 2.6470306 38
-5.3289738 -0.15750158 2.6528194 68
-4.6756158 -0.15525955 2.6403387 79
-4.2347455 -0.12194891 2.6585193 80
-3.9916768 -0.12942228 2.6399574 86
-3.6938207 -0.17291114 2.6513045 95
-3.5565491 -0.15455788 2.6461105 80
-3.3945704 -0.14739032 2.6246192 64
-3.2667942 -0.14517128 2.6280937 71.5
-2.9111671 -0.16696315 2.6336558 79
-2.8981764 -0.10195169 2.6337485 77
-2.7278881 -0.15246865 2.6350391 82
-2.3179195 -0.13915047 2.6398416 91
-2.1596069 -0.15794466 2.6453667 98.5
-1.7664623 -0.16611356 2.642108 90
-1.6661328 -0.15472397 2.6469834 115
-16.755243 -0.0694739 2.6210279 24
-8.7499046 -0.011075316 2.6375155 39
-6.012218 -0.074385494 2.6468227 58
-5.3176575 -0.024491593 2.6535914 64
-4.673183 -0.038258512 2.6418433 77
-4.2236876 -0.0089402804 2.6570656 82
-3.9953265 -0.025395619 2.6466625 93
-3.6893735 -0.071906962 2.6543212 95
-3.5415404 -0.05537248 2.6418078 78.333336
-3.3769345 -0.051370237 2.6285896 70
-3.2514009 -0.055163667 2.6292827 70
-2.8915246 -0.036942076 2.6372788 71
-2.7193451 -0.034459539 2.639461 79.5
-2.3066318 -0.041638654 2.6417623 95.5
-2.1539996 -0.039939135 2.6489677 97
-1.7563773 -0.038100503 2.6459138 91
-1.6628106 -0.065722242 2.6483917 111.5
-7.4661512 0.061318379 2.6459317 38
-6.0081382 0.066611953 2.6471379 59
-4.6699166 0.077741027 2.6427979 77
-3.9853745 0.07758899 2.6431255 87
-3.6750407 0.02817807 2.649694 107
-3.531642 0.035953235 2.6466324 81
-3.3610141 0.043642208 2.6293914 71
-3.2448423 0.034845479 2.6336656 73.5
-2.880775 0.059568737 2.6396341 71.5
-2.7120965 0.054114535 2.63884 77
-2.3018606 0.054872114 2.6491175 95
-2.1523647 0.048565552 2.6523063 94
-1.7494372 0.056905713 2.645952 101
-1.6594483 0.052274365 2.6491685 115.5
-12.956024 0.13840555 2.6094012 32
-8.7503109 0.17991945 2.6382818 40
-5.3063397 0.10751838 2.6543632 70
-4.6683145 0.19274358 2.6448653 74
-4.2128978 0.10106829 2.6570003 80
-3.9806981 0.18259341 2.6442888 88
-3.6722486 0.12918179 2.6538301 112
-3.5229108 0.13430417 2.6463499 83
-3.3545618 0.14015359 2.6348419 73.5
-3.2378001 0.15585193 2.6380103 73
-2.8752797 0.15807752 2.6445189 77
-2.7115552 0.14362021 2.6431084 82
-2.2962222 0.15340531 2.6490045 93
-2.1504033 0.13755727 2.652159 94
-1.7469313 0.15341108 2.65061 97.5
-1.6574322 0.14126553 2.6484461 102
-16.78075 0.26251191 2.6273699 22
-7.4595795 0.23832814 2.6522472 38
-6.0106959 0.20778927 2.6489449 56
-5.2928061 0.24152972 2.6548457 70
-4.2109571 0.21207318 2.6617005 87
-3.9835167 0.2876178 2.6504354 93
-3.6686277 0.23118566 2.6574066 113
-3.5168588 0.25164258 2.650341 84
-3.3510983 0.23766138 2.6400158 72
-3.2345426 0.24785163 2.6400723 76
-2.8721375 0.25658107 2.6476827 78
-2.7124727 0.26411903 2.6466343 83.5
-2.2969759 0.25190961 2.656358 94
-2.1524053 0.25756022 2.6565464 92
-1.7464186 0.2509138 2.6550882 99
-1.6600015 0.23127012 2.6543107 121.5
-8.7812309 0.37091753 2.6473472 39
-6.0135512 0.34779009 2.6514692 61
-5.279561 0.37354079 2.653111 67
-4.6608868 0.31073561 2.6430445 81
-4.2026539 0.32508072 2.6633134 83
-3.9780083 0.39362001 2.6510408 94
-3.6661048 0.33218938 2.662931 93
-3.5148387 0.34246069 2.6542487 84
-3.3434615 0.3351602 2.6380427 74
-3.2363567 0.34034848 2.6426654 70.5
-2.8697197 0.3560791 2.6477671 72
-2.7206764 0.35612541 2.653089 81
-2.2917566 0.35090798 2.6532078 91
-2.1573844 0.34856337 2.6607628 101
-1.7457727 0.34941518 2.658071 100.5
-1.6615196 0.35274518 2.6541052 121.5
-0.6722362 0.39895201 2.6664469 119
-0.25544763 0.39170834 2.6618452 145.5
0.58122057 0.39680102 2.678638 36
0.82983881 0.39850664 2.6626825 61
0.96993041 0.38507074 2.6620367 56
1.3279067 0.36879134 2.6678894 55
1.4802041 0.37163287 2.6643026 60
1.5746138 0.36543193 2.660754 55
1.62959 0.37109554 2.6532845 73
2.8643742 0.35345498 2.6947637 78
3.0301805 0.35837141 2.683388 92
3.1939626 0.39512017 2.6775889 119
3.4840674 0.39743882 2.6959693 113
3.7496798 0.37032172 2.6973941 98
-13.090872 0.42630258 2.6493411 31
-7.4455428 0.41334271 2.6535335 37
-6.0208464 0.49178973 2.6545296 56
-4.6598401 0.42773455 2.6442721 80
-4.1899371 0.43608996 2.6607406 82
-3.9741659 0.49962664 2.6527534 87
-3.6633124 0.4341931 2.6670666 104
-3.5152318 0.44630596 2.6551065 78
-3.3475142 0.4346599 2.6430237 63
-3.2418084 0.46587241 2.6448135 74
-2.8687057 0.4565739 2.646718 77
-2.7253337 0.44911498 2.6538472 81.5
-2.2951393 0.45190394 2.6563041 89
-2.159127 0.44103971 2.6572433 98.5
-1.7446784 0.44791222 2.6560745 97
-1.6628499 0.44522604 2.6515479 117
-1.2519914 0.45612255 2.6605778 123.66666
-0.86729962 0.43841672 2.6556392 123
-0.76963723 0.46528798 2.6437073 82
-0.64365435 0.45339888 2.6629274 105
-0.5444926 0.43822742 2.6631122 128.5
-0.44425508 0.45751238 2.658766 126
-0.32275841 0.44334367 2.6574426 125
-0.25141513 0.45521066 2.6672158 139
-0.16632551 0.45489377 2.645957 117
0.05576928 0.4693867 2.6455846 95
0.58884716 0.46876001 2.6539278 79.5
0.83852482 0.45151523 2.6557171 100
0.98009259 0.45458347 2.6612339 104
1.1945696 0.42648554 2.6515384 86
1.3425604 0.45246223 2.6566885 94.333336
1.4873949 0.41463155 2.6511123 87
1.5587078 0.43650913 2.6511955 85
1.6438286 0.46296522 2.6539237 87
2.857017 0.43441415 2.6790998 113
2.9139233 0.43439317 2.6787136 106
3.0400131 0.44539165 2.6858594 116
3.1995139 0.48513001 2.6787884 114
3.4938719 0.49344999 2.6955175 106
3.7544813 0.46732792 2.6964951 104
-16.803486 0.59649187 2.6306562 23
-8.7880154 0.56190532 2.6475558 37
-7.4328947 0.58935612 2.6545491 37
-5.2840157 0.50754118 2.6609023 67
-4.6579628 0.54673207 2.6449389 80
-4.1910424 0.54909354 2.6662898 82
-3.6558163 0.53619778 2.6692352 103
-3.5136108 0.53945428 2.6587052 82.5
-3.3522432 0.53565228 2.6444254 70
-3.2506881 0.5618642 2.647743 80
-2.8772027 0.55906582 2.6508219 83
-2.7319825 0.54210234 2.6544194 80
-2.3014011 0.58689296 2.6575959 92
-2.2993557 0.51889831 2.6578562 96
-2.1719146 0.56654418 2.664115 107
-1.7478844 0.54840702 2.6572037 103.5
-1.6737399 0.54077554 2.665153 106
-1.2625543 0.55013537 2.6616075 123
-0.90478927 0.53670263 2.6416111 94
-0.86700934 0.53692102 2.6626291 113.5
-0.75886446 0.55338162 2.6426141 100
-0.64738011 0.54091811 2.6587918 126.33334
-0.55855227 0.56943524 2.6537473 115
-0.46116614 0.55214518 2.6516337 125
-0.31527767 0.54935008 2.6583564 131
-0.25505912 0.55871546 2.6631236 134.60001
-0.16127035 0.54590875 2.6464362 121
0.065549664 0.56189632 2.6468759 92
0.59763718 0.54779404 2.6618302 88
0.60417295 0.59779471 2.6570988 88
0.85399693 0.53203362 2.6530323 90.5
0.99408382 0.5470885 2.6533694 96.5
1.2175934 0.52501595 2.6490812 87
1.3686943 0.55983055 2.6565909 90.5
1.5294237 0.5500226 2.65099 80.666664
1.6579592 0.55308074 2.6500947 88
2.8589935 0.51941133 2.6753345 111
2.9209189 0.51940787 2.6812923 110
3.0426934 0.5313859 2.6813455 115
3.2028983 0.57413173 2.6764829 114
3.5065515 0.58947855 2.6992764 107
3.7599998 0.56433582 2.6962934 100
-6.0162101 0.63477707 2.65206 55
-5.2740879 0.64255029 2.6614041 68
-4.6544218 0.66772652 2.644491 80
-4.1791544 0.6621024 2.6642766 79
-3.9686575 0.60562885 2.6533589 87
-3.643636 0.6382032 2.6658297 102
-3.522156 0.64521891 2.6595132 78.666664
-3.3719251 0.63964719 2.6554918 74
-3.2651391 0.6598525 2.6511521 73
-2.887013 0.66305304 2.6527963 76.5
-2.7415733 0.63808471 2.6542039 76.5
-2.3088813 0.6578868 2.66186 94
-2.1812379 0.66253686 2.6664002 101
-1.7520888 0.65090048 2.658241 94
-1.6817021 0.63728189 2.6689854 109
-1.2561618 0.65012521 2.6642168 123.66666
-0.90123361 0.6412226 2.6439428 90
-0.86492556 0.63542104 2.6607435 127
-0.76610869 0.6515103 2.6425197 98
-0.66637987 0.65195447 2.6689522 141
-0.56640637 0.65453893 2.6536779 116
-0.43527731 0.64985996 2.6602314 125
-0.31505829 0.65516835 2.6655633 139
-0.25536171 0.65005571 2.6587508 131
-0.15444367 0.66843069 2.6476653 113
0.075328827 0.65590608 2.6481667 99
0.61027956 0.6497969 2.6532669 83
0.87655979 0.6390599 2.6492517 97.5
1.0130119 0.64211798 2.6561232 95.5
1.2455974 0.62455428 2.6489549 89
1.3908222 0.64535391 2.6525927 85
1.5717096 0.66424704 2.6537023 84.5
1.6647989 0.65154755 2.6563158 81.333336
1.7266266 0.64422643 2.6557813 76
2.8719921 0.64844406 2.6808753 108.5
2.9249599 0.64690959 2.6781697 111
3.0489488 0.61939317 2.6803193 104
3.209166 0.6641435 2.6783798 110
3.5142114 0.68548059 2.6967261 119
3.7655172 0.6623438 2.69609 106
-13.072499 0.71533215 2.6572025 30
-8.8000727 0.75589263 2.6488607 39
-7.4404569 0.76835507 2.6631567 38
-6.0296125 0.7827785 2.6567643 55
-5.271081 0.77755511 2.6641629 64
-4.6544895 0.78773195 2.6476495 76
-4.1741862 0.77506042 2.6667161 81
-3.9648156 0.71263546 2.6550674 90
-3.6394553 0.74220717 2.6702352 99
-3.5409648 0.75673008 2.6515083 70
-3.4982345 0.72493398 2.6749775 97
-3.3840802 0.74412966 2.6557021 73.5
-3.2772279 0.75883204 2.6507618 70
-2.8998134 0.76903653 2.6544948 83
-2.7576077 0.73707724 2.6583967 77
-2.3180645 0.76337278 2.6624174 84
-2.1958227 0.76253515 2.67119 104
-1.7612779 0.75639552 2.6638472 102
-1.6865196 0.7332592 2.6660857 112
-1.269298 0.7521345 2.667609 118.66666
-0.88089168 0.74182326 2.653713 105.75
-0.7500329 0.7603991 2.6432688 92
-0.66503966 0.75195527 2.671072 132
-0.55976582 0.75654197 2.6548221 114.5
-0.45224437 0.7480734 2.6525087 121.33334
-0.30813211 0.75417155 2.6661506 133
-0.2472897 0.74955934 2.6616604 126.33334
-0.14746171 0.75993335 2.6440749 113
0.085591443 0.7499162 2.6507864 86
0.62212795 0.72680318 2.6476855 99
0.89517194 0.72058153 2.6469297 89
0.90947008 0.77659935 2.6492076 88
1.0331948 0.73714173 2.655046 93.5
1.2758061 0.72509468 2.6476519 87
1.41941 0.73439741 2.6571603 85.5
1.5953122 0.73077095 2.6454449 95
1.658621 0.75822854 2.658072 76
1.7574828 0.75612706 2.6535616 78.5
2.8799646 0.77745652 2.6801116 106
2.9297152 0.77641338 2.6757407 114
3.0590625 0.75291061 2.6808882 110.5
3.2147167 0.75515342 2.6795769 120
3.5225844 0.78348559 2.6948676 103
3.7688828 0.76134646 2.6937935 110
-4.1714177 0.89006561 2.6708565 79
-3.9551449 0.81962657 2.6529002 82
-3.629472 0.84521228 2.6707253 99
-3.565167 0.8637104 2.6570783 69.5
-3.4489019 0.83877522 2.6692064 90.5
-3.3090887 0.86433053 2.663074 85.5
-2.912183 0.84202373 2.6572824 86
-2.7738135 0.83655751 2.6590574 83.5
-2.3324113 0.87185448 2.6645124 94
-2.2089438 0.86251616 2.6710958 94
-1.7348119 0.88106132 2.6647859 101
-1.694701 0.83325154 2.6668694 99
-1.2656304 0.85347122 2.670682 116.33334
-0.87819141 0.84582645 2.6510456 109
-0.7560851 0.86351556 2.6417947 88
-0.66369939 0.85295612 2.6731913 131
-0.55591869 0.86103994 2.6585031 106
-0.42432252 0.84948474 2.6620643 130.66667
-0.30202764 0.85417342 2.6646574 133
-0.23925547 0.84939605 2.6598623 123.33334
-0.14172006 0.85545182 2.6454172 105.5
0.094828673 0.81192422 2.6473968 87
0.10328006 0.87593204 2.6480553 72
0.6396687 0.83431321 2.6524138 102
0.93073875 0.85962319 2.6459188 94
1.0553724 0.83416623 2.6532478 92
1.311178 0.82664216 2.6471093 82
1.4576998 0.84628457 2.6605718 73
1.6499057 0.84984964 2.6544771 84.5
1.7417672 0.83919632 2.6540699 77.5
1.8243771 0.85684967 2.6536131 77.5
2.8797936 0.86344647 2.674247 115
2.9391599 0.86640632 2.6803081 120
3.0655823 0.887411 2.6765454 120
3.2195318 0.84615892 2.6786625 104
3.5331025 0.88149977 2.6951063 96
3.7722483 0.860349 2.6914966 114
-16.897228 0.9374333 2.6427906 27
-8.8240614 0.95287693 2.6520896 40
-7.4380674 0.94636053 2.6650572 38
-6.041626 0.92878205 2.6617558 53
-5.2758265 0.91455525 2.6697369 63
-4.6631608 0.91174376 2.6541123 80
-3.9565792 0.92965293 2.6593037 83
-3.6244621 0.94921643 2.6745715 102
-3.5858274 0.96968132 2.6569533 71
-3.440881 0.94893783 2.6634359 80
-3.3373134 0.97081321 2.6686926 89
-2.9298754 0.95149946 2.657526 75.5
-2.7998242 0.94105786 2.6678221 94
-2.3426104 0.94484109 2.6655159 86
-2.2213862 0.93151456 2.6746955 99
-1.7455037 0.95406902 2.6711354 98.5
-1.2724555 0.94015986 2.6654902 119.5
-0.87682557 0.95507842 2.6554103 106.5
-0.74773133 0.95579398 2.6436491 92.5
-0.66290081 0.95795703 2.6757655 134
-0.55878395 0.95231032 2.6526101 110.66666
-0.46562019 0.95069122 2.6454268 100
-0.39717019 0.95390344 2.6721714 129
-0.26343289 0.95687646 2.6612744 125.83334
-0.17435014 0.94916028 2.6642771 123
0.11263644 0.94194043 2.6491358 66
0.65863007 0.94230974 2.6506243 102
0.95532477 0.9456532 2.649698 97
1.0816932 0.93420458 2.656718 91.5
1.3494757 0.93069392 2.6473835 85
1.4909197 0.93599087 2.6592143 70
1.5112411 0.98397899 2.6661899 90
1.6842976 0.92089665 2.6573498 75
1.7566303 0.93847424 2.6553011 81.666664
1.8520705 0.95820332 2.6548393 77
2.8896544 0.95347345 2.679565 117
2.937562 0.95339578 2.6745055 107
3.0768411 0.98043644 2.6803949 106
3.2265131 0.93917263 2.6812518 116
3.5407441 0.98149651 2.6911263 101
3.7813272 0.96136391 2.6933606 98
-13.030036 1.0003809 2.656075 29
-6.0403199 1.0767616 2.6578791 58
-5.2711635 1.0525612 2.6713769 63
-4.6687808 1.0357544 2.6597471 76
-4.1669917 1.0060716 2.6738782 79
-3.9494076 1.0386506 2.6587889 86
-3.6124735 1.0499401 2.6680703 80
-3.464191 1.0516741 2.6711452 84
-3.3512893 1.041791 2.6671989 72
-2.9569924 1.0669709 2.661922 78
-2.8186002 1.0450199 2.6637084 88
-2.3609931 1.0593182 2.6677401 87.5
-2.2413433 1.0381545 2.6774149 92.5
-1.7670422 1.0469869 2.6711924 97.666664
-1.2830546 1.0534294 2.6787739 104.5
-0.87677389 1.0668395 2.6588185 112.5
-0.74003679 1.0480818 2.6442549 89.333336
-0.66227651 1.0659578 2.6803322 141
-0.53668243 1.0534419 2.6643693 117.33334
-0.45885479 1.0536937 2.6422105 98
-0.39158943 1.0624058 2.6771667 133.5
-0.25518426 1.0628806 2.6641169 125.33334
-0.14633377 1.0512519 2.6564596 118.33334
0.12809008 1.0394537 2.6453497 60.5
0.68042791 1.0543436 2.6518998 98
0.98199618 1.0321829 2.6478291 83.5
1.1096947 1.0347359 2.6554518 84
1.3818054 1.0102382 2.6487246 84
1.4059911 1.0642738 2.6534271 80
1.53596 1.0499961 2.6567907 83.5
1.7427831 1.0384679 2.6521935 75
1.8483102 1.0533321 2.6543887 77
1.9324616 1.0524851 2.6518767 77
2.888767 1.0404609 2.6729984 115
2.9416888 1.0434021 2.6742818 114
3.0809453 1.0744358 2.6772535 111
3.2291944 1.0331748 2.6796534 115
3.5498152 1.0814995 2.6885445 100
3.7853875 1.0623662 2.6903436 94
-8.8549843 1.1498629 2.6575332 39
-7.4365101 1.1273654 2.6675162 38
-5.2767391 1.1925608 2.6775103 65
-4.6746531 1.16193 2.6638145 76
-4.1559348 1.1210802 2.6724241 78
-3.9416828 1.1476526 2.6591065 79
-3.6311932 1.1591588 2.668329 77
-3.46841 1.1411643 2.6710858 88
-3.3831291 1.1522582 2.6684542 81
-2.9785132 1.1459496 2.665874 77
-2.8494542 1.1560096 2.6704924 94
-2.3835437 1.1767924 2.671592 96
-2.2603965 1.1456271 2.6762292 104
-1.8074872 1.1668451 2.6758952 112
-1.7354375 1.1517484 2.6756518 106.5
-1.3018526 1.1571072 2.6790302 103
-1.2805665 1.1752549 2.684432 118
-0.87762517 1.1438475 2.662838 106
-0.74667484 1.1605306 2.6476681 91.666664
-0.6609183 1.1369582 2.6764321 125
-0.54126322 1.1500452 2.6618447 113.5
-0.4587912 1.1277245 2.6486378 106
-0.3860094 1.1739084 2.6821618 125
-0.24860847 1.1352173 2.6636019 119.33334
-0.14887382 1.1383958 2.6618009 115
0.14493135 1.139968 2.6433148 40
0.69752896 1.1398667 2.6515493 99
0.71053278 1.1998954 2.656492 96
1.020478 1.1501534 2.6489978 92
1.1413106 1.1387742 2.6558857 93
1.4397469 1.143316 2.6493635 82.5
1.578192 1.1460553 2.6616983 80.5
1.7836375 1.1120224 2.6542299 82
1.8479369 1.139467 2.6530182 77.5
1.9510148 1.1542389 2.6564689 73
2.020999 1.1906055 2.6602955 68
2.8950477 1.132476 2.674818 114
2.9458144 1.1344084 2.6740558 110
3.0900564 1.1694534 2.6790001 112
3.229707 1.1281688 2.6745462 107
3.5660324 1.1855329 2.6929393 101
3.7951787 1.167383 2.6928988 103
-16.952976 1.2793819 2.645221 29
-13.062957 1.2953637 2.6683428 24
-6.0584412 1.227767 2.6645103 59
-4.6827731 1.2899456 2.6710899 76
-4.1622868 1.2440816 2.6827176 83
-3.9464521 1.2636877 2.6676977 83
-3.6458492 1.273411 2.6767564 79.5
-3.4578993 1.2453442 2.6733038 78
-2.9987657 1.2249253 2.6669302 82
-2.8652306 1.2279783 2.6667669 83
-2.3997269 1.2567712 2.6720457 88
-2.2808986 1.2560964 2.6743951 97.5
-1.8188733 1.2468323 2.6788173 106
-1.7524638 1.2642499 2.6795664 126
-1.3068142 1.2340988 2.677526 100
-1.2866546 1.2492491 2.6845095 112
-0.87413269 1.2407032 2.6637037 110.66666
-0.73606479 1.2548065 2.6424582 92
-0.66185641 1.2544591 2.6873868 124.5
-0.54316211 1.2486485 2.6568727 99
-0.45307738 1.236239 2.6487761 106.5
-0.38229007 1.2509099 2.6854918 131
-0.23860012 1.2472227 2.6667964 114.66666
-0.13890916 1.2467577 2.6639075 118.5
0.58890182 1.2029449 2.6393998 60
0.60543239 1.2689626 2.6416171 96
0.72324425 1.2548933 2.6480331 109
1.0521591 1.2416888 2.6505728 82
1.1768048 1.2463228 2.6598034 89
1.4809713 1.2293767 2.6576269 88
1.5038491 1.280399 2.6462605 80
1.6225533 1.2431102 2.6620808 85.5
1.8554018 1.2346132 2.6525357 78.5
1.9529788 1.2329674 2.6577003 66.5
2.0657969 1.2581604 2.6586781 60
2.9249194 1.2244506 2.6745365 112
3.0963044 1.2664605 2.6779456 118
3.2416971 1.227196 2.682008 135
3.5729566 1.2885265 2.6882479 116
3.8070996 1.273403 2.69613 105
9.2061806 1.2402573 2.6072044 15
-8.8892374 1.3518416 2.6615722 41
-7.4529634 1.3113568 2.6736717 39
-6.0757313 1.3797706 2.6705852 58
-5.2908969 1.3365554 2.6870182 64
-4.1611786 1.3650861 2.6879766 85
-3.9428926 1.3777008 2.6707609 83
-3.718195 1.3595606 2.6730111 70
-3.5635796 1.3646216 2.678025 85
-3.4485457 1.344825 2.679987 87.5
-3.0391254 1.351445 2.6735454 98.5
-2.920753 1.3879647 2.6791129 101
-2.8908131 1.3069671 2.6711388 86
-2.4225237 1.34175 2.6789229 108
-2.3521824 1.384154 2.6504626 72.5
-1.8180401 1.3507986 2.6461706 81.5
-1.7512978 1.3620867 2.645083 95
-1.3142195 1.3160912 2.6808205 106
-1.2872542 1.3503975 2.6365459 79.333336
-0.8771916 1.3516663 2.6501176 71
-0.73045439 1.3554317 2.6462369 68.333336
-0.65216297 1.3349537 2.6200035 82
-0.51012146 1.30624 2.6713786 131
-0.44607878 1.3457441 2.6461992 69
-0.37648273 1.3169106 2.6649132 116
-0.20034385 1.3177406 2.6016767 73
-0.15916112 1.3217809 2.6147404 66
0.62346721 1.3409835 2.6500552 102
0.74352211 1.3343773 2.6292853 76
1.0836692 1.3267184 2.6371675 82
1.205103 1.3283565 2.6603518 105
1.5313678 1.334432 2.6414819 78
1.6587034 1.3171564 2.6635842 105
1.9492495 1.3060977 2.6552751 72
2.0997293 1.3146772 2.6331842 32
2.8990085 1.3134737 2.6686683 123
2.9454746 1.3163958 2.665226 113
3.0431573 1.3312384 2.6147423 58
3.2372146 1.3211787 2.6734326 129
4.3985953 1.3212907 2.6566308 49
-7.4281659 1.4893774 2.6640878 38
-5.2226219 1.4615992 2.6541979 55
-4.6922822 1.420959 2.6780753 81
-4.038764 1.4411401 2.610173 46
-3.7311659 1.4335147 2.6606114 64
-3.4702854 1.423664 2.6691446 69
-3.3784993 1.4229548 2.6376922 64
-13.010268 1.5804187 2.6591229 34
-8.8813381 1.5508 2.6495821 36
-17.069019 1.6334487 2.6509531 28
9.7298412 -10.050866 2.7453499 69
9.8496485 -10.050703 2.7714286 71
6.787271 -9.9223576 2.7126858 77
12.264981 -9.9233847 2.774653 7
4.8131537 -9.8496866 2.7489269 78
-0.72363812 -9.7482119 2.7677472 125
2.5244987 -9.7752972 2.7316039 99
3.27317 -9.743639 2.7843513 103
5.1409602 -9.7818365 2.754431 42
-1.5121363 -9.6586027 2.7511666 107
-2.8564675 -8.2641792 2.7801163 27
1.9595453 -4.3064265 2.7440488 12
-2.7410395 -4.2146449 2.7844882 1
-2.6929703 -2.9540617 2.7363689 11
-2.6846535 -2.8829885 2.799305 33
-2.665592 -1.9584984 2.7270572 69
-2.6628532 -1.864795 2.7827034 66
-2.649008 -1.1413995 2.7243786 63
-2.6346662 -1.0703627 2.7426703 103
8.7539206 0.177865 2.7671909 10
5.8245397 0.26109201 2.7422242 23
-0.90012485 0.39548168 2.7993243 32
-0.43038517 0.37289375 2.7195129 58
2.9284577 0.35244983 2.7013144 65
4.3424935 0.31658968 2.7311532 44
4.6809454 0.37500012 2.7177985 81
5.8157783 0.39400882 2.7247219 63
6.3200197 0.31687191 2.7460718 60
8.789113 0.3628594 2.7616704 40
9.5839834 0.37787041 2.7868834 38
-0.99681443 0.4598853 2.7953069 20
4.325192 0.42250121 2.7097316 85
4.6792884 0.48599344 2.7120538 77
6.3247418 0.45187643 2.7437654 59
4.3413596 0.53351873 2.7098441 82
4.6911783 0.59701139 2.7138901 80
5.8532267 0.53305823 2.7300234 59
6.3379669 0.5888927 2.7427418 61
8.8448477 0.55288035 2.7594366 40
9.6162672 0.56291258 2.7876577 41
4.3546839 0.64452893 2.7085731 79
5.8750138 0.6700533 2.7256045 58
4.3770671 0.75845408 2.7112951 81
4.6966314 0.70801628 2.7108703 84
6.354043 0.72491384 2.7430904 63
8.9175959 0.74492955 2.7612493 35
9.6449594 0.74994737 2.784951 54
4.3939309 0.87246948 2.7106853 84
4.7020855 0.82002115 2.7078488 83
5.906744 0.81107318 2.7253008 62
6.3686609 0.86193061 2.7406313 61
4.4114938 0.98748267 2.7093565 84
4.7199659 0.93703169 2.7122734 88
5.9427309 0.95310187 2.7263598 59
8.9796677 0.93994302 2.7567997 39
9.6814375 0.93699247 2.7828286 37
4.7289629 1.0510408 2.7099059 86
5.966598 1.0950811 2.7183573 57
6.3832746 1.0019473 2.7381694 56
4.4311829 1.1055 2.7086997 80
4.7308426 1.1660384 2.7034037 88
6.402113 1.1389679 2.7342317 56
9.0771837 1.1400139 2.7604244 39
9.7246275 1.1270517 2.7808633 40
4.452302 1.2245234 2.7094371 84
4.744813 1.2850565 2.7030797 86
6.0188985 1.245141 2.7241499 68
6.3960428 1.276948 2.7200639 56
6.3008695 -9.920207 2.8272123 77
14.519039 -9.9048147 2.8898981 70
6.3575373 -9.8278837 2.8545353 42
-0.76619458 -9.7410164 2.8376923 111
-0.33306485 -9.7578154 2.8348422 118.5
0.83282006 -9.719718 2.8966041 115
1.301975 -9.7233877 2.8360209 110
1.4894645 -9.7088308 2.809335 74
2.6595752 -9.7214079 2.885891 106
2.9487588 -9.7873688 2.8463278 102
-0.49664944 -9.6806898 2.8347268 119
12.696618 -7.3021269 2.8814058 53
-2.7531204 -5.3525057 2.8091257 39
5.1923323 -4.3002796 2.8368425 1
1.915832 -4.2564278 2.835125 3
-2.6783283 -2.811918 2.862061 44
18.718283 -2.6667383 2.8483427 92
18.737341 -2.3356864 2.8711915 117
18.731504 -2.0046692 2.8852532 115
-2.6563818 -1.7661183 2.8306475 73
-2.6474071 -1.6644601 2.8732924 61.5
18.734781 -1.6756443 2.8942158 115
18.765053 -0.047053177 2.8889747 106
9.6042614 0.19490652 2.8008358 23
1.2323302 0.38419414 2.8789661 14
1.7160233 0.36044008 2.8904846 13
-1.3454797 0.41421589 2.8604124 17
-0.23838514 0.43367502 2.8962586 17
18.792046 0.59899104 2.8598819 117
18.83876 0.92105222 2.8440871 105
18.793266 1.2409917 2.8114085 120
9.5951509 -10.055793 2.9472826 67
9.7082577 -10.04569 2.9691296 68
6.6839991 -9.9213371 2.9216378 81
4.7209401 -9.8486824 2.9652514 78
12.656102 -9.8471899 2.9807644 91
2.429157 -9.7747669 2.9564664 100
3.4690306 -9.7328062 2.9759181 107
-2.1185327 -9.6370525 2.9962978 67
-1.3607806 -9.6503048 2.9326284 104
14.153877 -9.2702475 2.9263167 28
13.603877 -8.5409575 2.9090066 21
-2.8482046 -8.1114759 2.9257913 26
13.201475 -7.9374628 2.9135044 26
12.6804 -6.9800878 2.9563949 95
-2.7521074 -5.2863975 2.9316533 28
-2.6843781 -2.7548468 2.9397798 51
-2.6467528 -1.53572 2.9401631 64.5
-2.646208 -1.4375526 2.9870517 64
18.767687 -1.3511007 2.9059298 87
18.843887 -1.0289849 2.9200668 32
18.769709 -0.69706678 2.9069448 106
18.877659 -0.3729156 2.9170249 21
18.977133 0.27922964 2.9093778 4
-0.57446051 0.3823213 2.9521167 19
-0.33788323 0.37523273 2.9377069 20
-0.25450423 0.36522299 2.9379792 21.5
1.418366 0.36738294 2.9945557 13
1.6729964 0.35887882 2.9357345 12
3.4915893 0.3429428 2.9827316 14
3.755681 0.33255664 2.950588 16
-1.3509499 0.41465673 2.9937811 18
-0.40971446 0.44167802 2.9076138 18
6.1920247 -9.909955 3.0368376 77
8.0591908 -9.910162 3.0573997 46
6.6001287 -9.8033791 3.0525064 91
-1.6002041 -9.7194281 3.0072074 113
-0.7570678 -9.7500687 3.0390582 133
-0.34261489 -9.7647934 3.0749779 122.5
1.2068288 -9.7324381 3.070816 102
2.8552351 -9.7566452 3.0735092 104.5
-2.3096261 -9.6305332 3.0959179 51
-0.60274625 -9.6778841 3.0677674 97
-0.22145131 -9.6771441 3.0095513 112
12.665595 -9.4576473 3.0919428 90
-2.8363051 -7.9478025 3.0647256 29
12.698933 -6.6810012 3.035804 109
-2.7506545 -5.2152939 3.049196 27
11.445774 -4.4145756 3.0468762 2
-2.6773834 -2.6447444 3.0336862 51
-2.6437969 -1.3368988 3.0300899 62.5
-2.6409197 -1.2342637 3.0681427 66
5.1123853 0.29183245 3.0043659 7
-0.72386134 0.38095322 3.0042374 19
1.0203891 0.38475442 3.0098004 14
1.5881147 0.37005651 3.0020015 12
-0.99607593 0.46395722 3.0103021 14
-0.65119481 0.453159 3.0457003 16
-0.03225296 0.43184349 3.0083537 15
0.5819878 0.40174198 3.0959613 8
0.85981792 0.40169868 3.0806215 13
9.4577303 -10.049725 3.1479261 67
9.5781612 -10.046657 3.1710272 62
6.5784173 -9.9083214 3.1284041 73
8.3824568 -9.9783182 3.175622 53
4.63199 -9.8496714 3.1864095 79
0.73435503 -9.7200232 3.1277387 108
2.3365262 -9.774231 3.1826115 100
3.6749203 -9.7489319 3.1773701 83
-1.4763528 -9.643322 3.1711414 104
12.663651 -9.0641642 3.191911 110
12.704627 -6.3819366 3.1083431 119
12.713804 -6.0858698 3.177294 111
-2.7494674 -5.1451874 3.1697285 27
1.8845919 -4.3273296 3.1384261 0
-2.6757226 -2.5386453 3.1311321 51
-2.6732936 -2.4645813 3.1925304 51
-0.45679271 0.36591753 3.1950192 19
-1.0092866 0.46971878 3.1497202 13
6.0917549 -9.9086885 3.2494123 82
7.9807649 -9.9559269 3.2780972 9
4.1025238 -9.8259172 3.282196 72
6.8712649 -9.8068247 3.2656457 91
-1.6112924 -9.7212982 3.246156 115
-0.75995952 -9.7541885 3.2423782 111
3.0459464 -9.7303877 3.2717469 110
12.654546 -8.6767244 3.2834995 108
-2.8271995 -7.7951422 3.201441 26
12.699451 -5.784842 3.2345891 110
12.706393 -5.4957843 3.2958009 107
-2.7421639 -5.0560842 3.2777414 21
1.8619409 -4.3352909 3.2790689 0
-2.7134256 -3.6183214 3.2735543 15
-2.6705978 -2.38852 3.2509387 51
-1.6194577 -1.0367233 3.2426605 6
-1.6184816 -0.96269435 3.2758224 33
1.8577182 0.35698986 3.2640932 8
4.3737726 0.3277624 3.2262108 17
-0.88986498 0.4618001 3.213917 12
9.3198223 -10.036657 3.3472307 62
9.4507751 -10.044619 3.3741958 63
6.4824471 -9.9062881 3.3429792 86
8.2822695 -9.9922705 3.3871312 51
-0.780348 -9.7568588 3.3182893 117
-0.35108232 -9.7692842 3.3211708 120.5
0.6346519 -9.720314 3.3638201 103
1.110285 -9.7304897 3.303859 104
2.7699568 -9.7854033 3.3003461 103
-2.4321587 -9.622447 3.3355155 63
-0.7109378 -9.6770525 3.3075681 113
12.664551 -8.3082714 3.3756773 93
-2.8200841 -7.645484 3.3379838 28
12.706156 -5.2097411 3.3500562 101
-2.7024961 -3.5210705 3.3273609 28
-2.6993735 -3.4327857 3.389514 44
-2.6689873 -2.3124592 3.3102536 50
-2.6673779 -2.2353983 3.3695676 50
-1.6155443 -0.84665871 3.3146496 34
-1.6120733 -0.72962767 3.3475001 34
-1.6063342 -0.64860994 3.3610034 31
-1.6068196 -0.57058835 3.3880079 31
-1.017312 0.3967388 3.3491058 12
1.3257672 0.38462916 3.3234537 8
1.8120235 0.35650453 3.3193269 8
3.6820018 0.34493282 3.3885894 15
5.9934168 -9.9074402 3.4655499 73
4.5439405 -9.8476601 3.40799 78
7.1488128 -9.8092585 3.4822278 59
-1.6249789 -9.7321682 3.4919064 109
-1.5863909 -9.751195 3.4683502 49
-0.77848601 -9.7711773 3.4897003 118
2.2453277 -9.7786798 3.4127645 44
2.6614161 -9.7238894 3.4362295 107
3.2430606 -9.7328691 3.4678023 111
4.8103194 -9.7615862 3.4519107 88
-1.5962687 -9.6473408 3.4142487 92
12.663136 -7.942872 3.4580936 98
-2.8134942 -7.4988513 3.4694703 29
-2.7497303 -4.998982 3.4065356 3
12.72149 -4.6506472 3.4509034 108
12.726051 -4.3776059 3.4944868 112
-2.6936991 -3.3415263 3.4458678 51
-2.6630638 -2.1533425 3.4210885 50
-2.6644421 -2.0762858 3.4801333 51
-1.6045344 -0.45006204 3.4172359 31
-1.6019832 -0.328538 3.4434748 32
-1.5989655 -0.24652663 3.453722 30
-1.5945075 -0.16351771 3.4590774 29
-1.5938383 -0.081506021 3.4731307 31
-1.589807 0.042942971 3.4859152 31
-1.5842583 0.16845125 3.4898324 31
-1.5827906 0.25345606 3.4949207 31
-1.5810554 0.33845869 3.4970212 33
-0.34616584 0.36538514 3.4770567 17
-0.24905336 0.35425231 3.4724874 15.5
1.0870866 0.38464335 3.4614213 8
1.5308381 0.36411908 3.401228 8
1.7247558 0.36559457 3.431577 8
3.5075541 0.34493878 3.4430268 14
3.61797 0.34568319 3.4839203 15
-1.5551487 0.41543427 3.4310091 25
-1.3684777 0.4817954 3.4434748 11
-0.40198678 0.44548202 3.4726858 12
9.202693 -10.040557 3.5541022 67
9.3201809 -10.032587 3.5747499 69
6.3914309 -9.9062481 3.558768 80
-0.78794968 -9.7647791 3.5645645 116
-0.35980633 -9.7802753 3.5703535 116
0.53622246 -9.7076111 3.5971463 113
1.0133758 -9.7225418 3.5400434 102
2.2086053 -9.7243423 3.5686862 74
2.6813085 -9.7834187 3.5304658 100
4.0995202 -9.7611341 3.5899613 86
6.1301484 -9.791048 3.5950923 76
-2.5655823 -9.6313009 3.5888395 64
-0.81998771 -9.6752138 3.5491724 107
12.666622 -7.5864935 3.5355482 99
12.725604 -4.1015744 3.5346103 111
12.726533 -3.831543 3.5718875 112
-2.6926599 -3.2562392 3.5088434 47
-2.6877944 -3.1649904 3.5631125 52
-2.6587024 -1.9492061 3.554333 51
-1.607498 -0.9432143 3.5792217 33
-0.80954713 0.37195566 3.5709319 15
-0.62689382 0.37544811 3.5196934 12
-1.5360632 0.41324356 3.5519102 25
-0.63295919 0.45059216 3.5074453 9
5.917284 -9.9381218 3.6950748 47
7.7460709 -9.9255905 3.6871476 1
10.880681 -9.9826117 3.6728599 2
4.4573383 -9.8426447 3.6335564 79
-2.8756282 -9.7083673 3.6612401 76
2.4832914 -9.7204313 3.6546066 106
2.8561432 -9.7381372 3.640501 82
3.4516983 -9.7523146 3.6778705 84
5.0402403 -9.762043 3.661562 92
-1.7190797 -9.6513596 3.6659367 72
-2.8089848 -7.3612156 3.6018085 32
12.673609 -7.2361293 3.6094565 120
12.667077 -6.8878093 3.6757433 104
12.738062 -3.566499 3.6082945 113
12.729653 -3.2954865 3.6365249 112
-2.6851063 -3.0757346 3.6191952 52
12.746083 -3.0364392 3.6693223 108
-2.6811421 -2.985492 3.6723802 49
12.748955 -2.7754147 3.6945529 110
-2.6560383 -1.8231295 3.6292605 51
-2.6533625 -1.7360802 3.6766131 51
-1.6047587 -0.82060784 3.6024945 32
-1.6012576 -0.7384336 3.6135886 31
-1.5979564 -0.65440279 3.6205249 31
-1.5973005 -0.57334065 3.6342573 31
-1.5949481 -0.4492656 3.6509559 31
-1.5909443 -0.32522279 3.6607795 31
-1.5882634 -0.24321201 3.6636503 30
-1.5853961 -0.15921071 3.6645207 31
-1.5850822 -0.075182937 3.6711774 31
-1.578444 0.048777834 3.6636734 31.5
-1.5768187 0.17278685 3.6667466 31
-1.5761309 0.25779563 3.6694167 33
-1.5735096 0.34075812 3.6622348 34
-1.3651315 0.47394589 3.6646321 11
-0.91295761 0.46338239 3.6840715 10
-0.16728967 0.43778107 3.6007893 9
0.58365893 0.40191084 3.6143713 7
0.89876765 0.40094528 3.6164289 8
9.0746813 -10.025474 3.7558463 71
9.1999178 -10.024541 3.7768395 61
6.3045826 -9.9101992 3.7798193 82
-1.6256325 -9.7421112 3.7243214 114.5
-0.79701746 -9.7751646 3.7370217 118
0.91780066 -9.7305994 3.7833347 101
2.3934057 -9.7226992 3.7644627 63
2.5927134 -9.7724323 3.7628191 94
-2.5013964 -9.6360636 3.7369072 67
-1.9836577 -9.6512175 3.7196419 75
-0.93075722 -9.6663609 3.7943642 108
-0.54500622 -9.6772528 3.7369764 101
-2.8017418 -7.2106161 3.7263074 29
12.669686 -6.5465093 3.7370124 111
12.685048 -6.2211947 3.7996333 106
-2.6838977 -2.9012187 3.732996 52
-2.6794662 -2.8089991 3.7811947 49
12.749647 -2.5133958 3.7162817 107
12.75598 -2.256371 3.73651 109
12.759441 -2.0003519 3.7539558 107
12.76142 -1.7433379 3.7671804 108
-2.6505971 -1.6490319 3.7229698 54
-2.6497347 -1.560987 3.7681503 56
12.756267 -1.4893364 3.7762771 106
12.762446 -1.2353194 3.7866092 106
12.757182 -0.98332345 3.7886369 108
-1.6538068 -0.87165749 3.7914155 47
12.775356 -0.73429322 3.7966619 107
-1.6425869 -0.66460097 3.7991362 47
12.777143 -0.48428959 3.7971644 108
12.775336 -0.23329324 3.7941875 104
12.784152 0.014716963 3.7917521 106
5.7966175 0.28760827 3.7774303 5
-0.49062759 0.34794727 3.7903333 13
1.9807324 0.34926152 3.7831769 9
2.0353281 0.35067946 3.7329953 10
8.1058741 -10.029137 3.8202806 21
4.3789601 -9.8506193 3.8651714 80
6.4041824 -9.8039885 3.8226874 51
11.209167 -9.8980026 3.8898511 33
-0.79499853 -9.7666979 3.815906 112
-0.36844414 -9.7877655 3.8185396 114.5
0.43743145 -9.7159576 3.8410399 103
2.0616789 -9.770566 3.8779707 98
2.6760881 -9.7298527 3.8565392 106
3.0515788 -9.7443819 3.8454487 84
3.6574061 -9.7507734 3.8822906 111
4.3218527 -9.7781868 3.8074994 79
5.2773061 -9.7584829 3.8767662 15
-2.6963477 -9.6281567 3.8411567 60
-2.7975733 -7.0710154 3.8515739 29
12.687589 -5.8939281 3.8538976 114
-2.6737602 -2.7127924 3.8264818 50
-2.674773 -2.6245556 3.879209 50
-1.6540275 -0.77058434 3.8052497 48
-1.6449962 -0.56451786 3.8152566 48
-1.6417879 -0.46447766 3.821867 49
-1.6385798 -0.36343741 3.8284721 48
-1.6367421 -0.26251441 3.8364041 48
-1.6322494 -0.1614866 3.8403013 48
-1.6303735 -0.061444879 3.8473885 49
-1.6272119 0.038584545 3.8517649 49
-1.6223361 0.13859756 3.8525267 49
-1.6187459 0.2386229 3.8559992 49
-1.6172993 0.34066874 3.8639793 50
1.4398268 0.37716466 3.8725431 9
1.6610225 0.3539767 3.875937 9
-1.6119949 0.44067767 3.863837 50
-1.3583297 0.47660238 3.8319285 11
-1.2130319 0.46174699 3.8719923 9
8.956151 -10.016376 3.9609461 62
9.1041813 -10.040452 3.992656 64
5.8088455 -9.9048729 3.903758 82
7.6817484 -9.9743233 3.9178047 71
9.7220945 -9.9153919 3.9502339 5
3.8416679 -9.8356972 3.9653695 77
2.5861666 -9.7420168 3.9736285 79
-2.8931859 -9.6832094 3.9036198 56
-2.6339879 -9.6350679 3.9928606 65
-2.1068075 -9.6393318 3.9722307 103
-1.8423761 -9.6463785 3.9162951 100
-0.65627944 -9.6752911 3.9852126 100
-2.7917583 -6.9234476 3.9699268 30
12.696457 -5.5706744 3.9045758 117
12.703153 -5.254446 3.950361 117
12.706263 -4.9402432 3.9912431 113
-2.6723325 -2.5333383 3.9272258 48
-2.6671543 -2.4361558 3.9674375 49
-1.6398479 -0.9620626 3.9701214 10
-1.6467476 -0.8580637 3.9967062 37
-1.1409529 0.37100038 3.9153974 7
-0.67354298 0.33359343 3.9924374 1
-0.35686719 0.32752788 3.9870882 2
-0.2737515 0.31670815 3.9825704 6
1.153072 0.367603 3.9207535 6
1.886114 0.35422698 3.9356866 7
4.4114041 0.32147416 3.9173927 5
4.8166838 0.30486998 3.9267976 2
-1.6805561 -10.018187 4.0644126 114
-1.685037 -9.9928789 4.095078 83
6.2249846 -9.9181395 4.004262 73
7.9743953 -9.9821396 4.0182204 74
4.2979174 -9.8525953 4.0977497 79
6.6889071 -9.8168926 4.0579443 14
0.33540535 -9.7261982 4.0937543 104
0.82120544 -9.7326498 4.0306964 104
2.5107877 -9.7934389 4.009315 76
2.8725019 -9.7402582 4.0647931 109
3.2541647 -9.7485991 4.0573797 85
4.5441332 -9.7692499 4.0221176 87
-2.8284013 -9.6199989 4.0961599 60
-1.0422845 -9.6664848 4.0458674 104
12.710025 -4.6270633 4.0271726 114
12.714922 -4.3209143 4.0609412 111
12.721454 -4.0167608 4.0912352 113
-2.6689758 -2.3479295 4.0180807 52
-2.6622405 -2.2497735 4.0524092 49
-2.6589594 -2.154598 4.0914478 48
-1.6403641 -0.74906433 4.0019002 27
-1.6336191 -0.641065 4.0039535 19
-1.6318141 -0.53505391 4.0146217 13
-1.6276041 -0.42805466 4.0221124 9
-1.615304 -0.3210552 4.0146179 2
-1.6175553 -0.21405615 4.0312333 0
-0.21744299 0.31785232 4.0200295 0
-0.82320487 -10.059366 4.1465445 110.5
-0.3711893 -10.076136 4.1756644 112
8.8656492 -10.03223 4.1770248 62
5.7263551 -9.9125662 4.1302562 78
7.589808 -9.9801044 4.1365223 69
10.098815 -9.8960457 4.1956887 37
11.623075 -9.8792591 4.1381302 59
1.9719973 -9.7679892 4.1165695 99
2.7802849 -9.7383385 4.1798954 81
-2.8829806 -9.5540485 4.1032257 35
-2.7977529 -6.8147941 4.1074429 20
-2.730288 -4.3723092 4.1577811 20
12.725113 -3.7166295 4.1173358 113
12.732271 -3.4205132 4.1398807 111
12.743643 -3.1254084 4.159555 107
12.741511 -2.8323405 4.1730213 109
12.750695 -2.5442669 4.186388 109
12.756989 -2.2552221 4.1941228 105
-2.6519437 -2.0554562 4.1227856 54
-2.6472733 -1.9572058 4.1550016 55
12.754041 -1.9692054 4.1970224 107
-2.6444261 -1.8600582 4.1879625 55
12.766239 -1.1212198 4.1899767 105
12.780884 -0.84123212 4.1849313 108
12.790529 -0.5642705 4.1750045 103
12.796584 -0.2873345 4.1601658 103
12.799064 -0.0084172487 4.1418204 107
-0.3855626 -10.085364 4.2095222 109
7.9619098 -10.090941 4.2785687 92
9.0196848 -10.062346 4.2104344 73
3.7925115 -9.9481411 4.2454195 85
-2.0139761 -9.8114052 4.2467351 85
3.4733455 -9.8027325 4.2940092 91
4.7778659 -9.7782621 4.2479877 91
-2.7817397 -6.6393332 4.202517 11
-2.7276127 -4.2762165 4.2613597 25
-2.6416721 -1.7639062 4.2219248 54
12.76949 -1.6851732 4.2011433 107
12.775697 -1.403169 4.2004251 105
6.2565241 -10.119886 4.3127279 93
-1.7097406 -10.041965 4.3574934 113.5
-0.85037965 -10.082136 4.3737974 110
2.4769075 -10.067381 4.3708925 78
-2.8660898 -9.900074 4.3723307 62
-2.3126187 -9.9120302 4.3493032 81
-0.8102985 -9.9693413 4.3657303 78
0.72668219 -9.9966955 4.397017 102
3.0949731 -9.8275604 4.3138742 92
-2.960417 -9.5948305 4.3533177 21
-2.8842795 -9.4648886 4.3199048 38
-2.786989 -6.5227184 4.3320312 2
-2.718461 -4.1641307 4.3484368 34
5.7914953 -10.201887 4.4808955 79
7.6874075 -10.252503 4.4701614 74
4.3233657 -10.132419 4.4551044 84
-0.8232643 -10.069497 4.4599738 108
-0.38643795 -10.090739 4.462914 111.5
1.9202994 -10.057021 4.4866543 75
4.1848536 -10.021348 4.429287 89
-1.2051778 -9.9401789 4.4211488 103
0.22614847 -9.9930649 4.4610906 104
5.8976603 -9.9930363 4.4270768 84
12.144469 -9.9323444 4.4265623 77
5.0173154 -9.7852507 4.4794445 92
-2.9360652 -9.1515055 4.4160075 18
-2.8996241 -8.7022734 4.4578395 24
-1.2293636 -4.3821082 4.4178944 0
-2.7174239 -4.0650444 4.4478493 37
8.9911747 -10.305695 4.5080552 66
9.141324 -10.327879 4.5382895 60
6.225246 -10.206735 4.585175 81
7.9991689 -10.26265 4.5743842 69
3.7661421 -10.126485 4.5617857 83
-1.7462138 -10.038192 4.5967693 113
3.0491247 -10.025274 4.5196028 83
10.723668 -10.098042 4.5533147 63
-2.1761122 -9.9184313 4.5639372 80
-2.9656501 -9.7760782 4.5929322 40
-2.8732052 -9.320734 4.5095391 37
-2.9203069 -8.4117498 4.5673742 14
-2.7163904 -3.9629579 4.5472593 27
-1.7187536 -10.035591 4.6472654 109
-0.86956805 -10.080124 4.6401334 112
0.62714165 -10.012748 4.6672754 79
2.3893433 -10.064389 4.6246934 78
3.3572392 -10.032706 4.6241937 91
3.7638459 -10.053526 4.6286597 91
4.4272289 -10.059702 4.6749959 95
-2.4504156 -9.9230518 4.6282301 84
-1.329551 -9.9532061 4.6998076 80
-0.92814618 -9.9643812 4.6351743 79
-2.9346652 -9.3040791 4.6471133 21
-2.8909426 -8.8290796 4.6763396 20
-2.9115067 -8.0644188 4.6330805 7
-2.7111323 -3.8508782 4.6329846 36
9.0289316 -10.307811 4.7518005 67
5.7083483 -10.20256 4.7181325 73
7.5997705 -10.256261 4.7008533 74
8.8850479 -10.296564 4.7267208 69
4.246367 -10.137383 4.7050228 87
-0.83041364 -10.071362 4.732511 110
-0.40595156 -10.092362 4.7538075 109
-0.3826713 -10.093097 4.7197204 107
1.8296787 -10.061393 4.7436328 77
3.2605188 -10.038522 4.7497454 87
6.2185817 -10.086284 4.7140741 66
0.12286527 -9.9802866 4.7186751 99
12.657379 -9.951436 4.7179241 80
-2.877929 -9.2355757 4.7309351 37
-2.7120006 -3.7487955 4.7312207 27
7.9101038 -10.256575 4.8021426 74
3.6812623 -10.12403 4.8092823 83
6.141387 -10.196672 4.8186641 79
11.228379 -10.152341 4.8599458 79
-1.7816963 -10.056187 4.87674 109
2.3042634 -10.071393 4.8873768 83
3.5751674 -10.041045 4.856215 90
3.9864693 -10.050664 4.8615532 91
5.4035373 -10.070614 4.8552284 70
-2.3150945 -9.9254532 4.8455987 84
-2.9255357 -8.5680809 4.8025541 14
-2.9252293 -8.2340832 4.8799448 3
-2.7041345 -3.6297185 4.8101459 37
-2.6996081 -3.5146427 4.8927913 36
8.9378633 -10.306705 4.9764304 73
5.62887 -10.204224 4.959312 81
7.5152683 -10.256014 4.9319124 70
8.7961311 -10.299403 4.9534812 67
4.1712389 -10.141345 4.9580226 84
-1.7344424 -10.041444 4.9269686 110
-0.88854235 -10.077109 4.9155226 111
0.52487135 -10.011803 4.9362659 81
3.4718795 -10.035772 4.9784365 87
4.6623287 -10.053079 4.909421 94
6.483501 -10.061662 4.9507866 29
-2.5874953 -9.9173355 4.9088521 87
-1.4512689 -9.9552336 4.9774752 83
-1.0459346 -9.954423 4.9068532 80
0.015131434 -9.9974403 4.9974785 81
12.940195 -9.7658978 4.9185848 102
-2.8561647 -9.0534229 4.9014182 47
-2.8523097 -6.0105968 4.9906421 5
-2.6996839 -3.4035671 4.9820561 37
6.0736079 -10.207582 5.0674043 77
7.8287163 -10.256508 5.0330091 70
-0.41586024 -10.111362 5.0400281 83
3.6018062 -10.12766 5.0621548 84
-0.83878738 -10.092268 5.0218878 84
-0.38768685 -10.098075 5.0063672 106
1.7359562 -10.054762 5.0024366 80
3.795218 -10.042379 5.0889034 92
4.2112541 -10.046789 5.0979548 92
4.7886133 -9.7847729 5.0155129 91
12.935263 -9.3538256 5.0017562 98
12.93241 -8.9497557 5.0813675 94
-2.8319194 -8.8532782 5.0550423 61
-2.8257997 -5.7275124 5.0030518 10
-2.8336191 -5.5132203 5.0625796 14
-2.7684128 -5.5492268 5.0653105 19
-2.6953988 -3.2844641 5.0626731 37
7.4430733 -10.268739 5.1720943 73
8.7058163 -10.293246 5.1784754 64
11.723157 -10.16965 5.1650996 87
-1.8136715 -10.059182 5.1509933 112
2.2188144 -10.071397 5.1532001 84
5.6586857 -10.060539 5.100595 41
-2.726109 -9.9083557 5.1917481 88
-2.4540193 -9.9144735 5.1294956 85
-1.1704746 -9.959465 5.1930351 83
12.947298 -8.5706606 5.1628523 92
-2.8519292 -6.3560886 5.1602435 7
-2.8423934 -6.0880895 5.1989059 10
-2.7640524 -5.4027934 5.1564169 31
-2.6913402 -3.1643939 5.1392488 38
8.854578 -10.310583 5.2080278 65
5.5508227 -10.203876 5.2044811 73
7.752399 -10.257409 5.26895 75
4.0916214 -10.12831 5.2111354 87
-1.7502264 -10.040298 5.207664 112
-0.90937632 -10.090096 5.2007871 108
1.6470116 -10.067088 5.2746096 84
3.6908576 -10.040119 5.2151484 86
-1.5756111 -9.9492502 5.2582974 85
-0.091859512 -9.9916143 5.2699256 83
0.42223155 -9.9988556 5.2083974 81
5.0344939 -9.7901201 5.2618337 88
12.943618 -8.1836004 5.2332983 94
-2.8303218 -5.8240905 5.2321301 12
-2.7606852 -5.2613611 5.2474542 37
-2.6906238 -3.0463247 5.2195425 35
-2.6877415 -2.9242544 5.2980194 35
-0.84716958 -10.103172 5.3112612 86
-0.42620713 -10.12336 5.3312292 87
-0.39381832 -10.129054 5.3059669 87
3.51878 -10.1172 5.312726 85
5.9980741 -10.197501 5.3114123 75
4.0203161 -10.043693 5.3293066 93
4.438117 -10.02292 5.3321543 92
-2.8589354 -8.8361225 5.3136525 45
12.95554 -7.8165174 5.3049374 98
12.953842 -7.448463 5.3647623 91
-2.7555766 -5.1129665 5.3305869 37
-2.7370441 -2.8956661 5.3851833 9
-2.6888409 -2.8041897 5.3761411 27
8.7694731 -10.305464 5.438767 71
5.4754853 -10.201524 5.4509254 70
7.3586097 -10.258488 5.4053731 72
8.6228542 -10.292069 5.4113493 70
4.0245495 -10.143436 5.4806042 87
9.749507 -10.154009 5.4037361 37
12.240676 -10.174894 5.4812655 88
-1.8514551 -10.085177 5.4458194 89
2.1320236 -10.0564 5.4195027 84
3.9180102 -10.046316 5.46205 86
-2.8703396 -9.9003429 5.4841599 88
-2.5954778 -9.9044971 5.4188309 87
-1.2932709 -9.9485083 5.4778266 84
0.31899908 -9.9999104 5.4912825 85
4.5778885 -9.7834482 5.4514923 85
12.957114 -7.0864019 5.4252238 83
12.951756 -6.7313604 5.4759216 100
-2.7480419 -4.9594374 5.4051194 34
-2.7411876 -4.8090777 5.4803681 34
-2.7422073 -2.7344882 5.420754 29
-2.6839874 -2.6771266 5.443747 27
-2.7214363 -2.5525036 5.4131913 29
-2.7179828 -2.3893971 5.4329171 38
-2.7180016 -2.2312684 5.4576597 39
-2.7059326 -2.0642333 5.4615312 39
-2.702522 -1.9071374 5.4790487 40
-2.7004428 -1.7520398 5.4970503 40
5.9331198 -10.202402 5.5658898 76
7.6743131 -10.248313 5.506269 70
-0.93176895 -10.116082 5.5039849 88
3.4396296 -10.117708 5.5762057 81
8.5203438 -10.147021 5.5206914 22
-1.7742323 -10.079144 5.5137529 88
1.5547584 -10.053436 5.5396247 84
-1.7046683 -9.9412308 5.5490503 81
-0.20212945 -9.9927425 5.5563326 84
4.2185903 -9.9481153 5.5253196 54
-2.8728435 -8.7679663 5.5482988 34
12.952785 -6.3843107 5.5272365 108
12.964437 -6.0442467 5.579103 104
-2.7374127 -4.661716 5.5563469 35
-2.7310665 -3.0820839 5.5774498 6
-2.6764369 -2.543067 5.5035563 35
-2.6745722 -2.4150081 5.5708933 27
-2.6957459 -1.594956 5.5118575 39
-2.6915233 -1.4398791 5.5253406 37
7.2828255 -10.253215 5.646059 73
8.5462284 -10.291883 5.6472011 66
8.6888885 -10.299335 5.6716285 66
-0.85534197 -10.116074 5.6096883 88
-0.43599772 -10.125359 5.6274981 88
-0.3987056 -10.139032 5.602663 88
10.120506 -10.119261 5.6804681 66
2.0464511 -10.055399 5.6974068 83
5.4150004 -10.052081 5.6630054 52
12.508616 -9.9528074 5.6824174 56
4.3908439 -9.7846355 5.6833529 76
4.812676 -9.7675352 5.6976442 46
4.5627608 -6.6332264 5.6596627 1
12.959666 -5.7042122 5.6206126 106
4.4821687 -5.4226446 5.6494398 5
4.5381536 -5.367506 5.6220536 6
12.982652 -5.3811345 5.6723218 111
-2.7224381 -4.4974599 5.6091924 34
-2.7220209 -4.3580828 5.688911 34
-2.7320435 -2.9100854 5.6078997 30
-2.7291563 -2.7370865 5.6324286 31
-2.7233114 -2.5630877 5.6506119 31
-2.7157764 -2.3920889 5.6651702 31
-2.7151251 -2.2260904 5.6897597 31
-2.6686566 -2.2809544 5.6265411 35
-2.6613901 -2.1449022 5.6782923 37
7.6149621 -10.26118 5.7578907 74
3.9534025 -10.14039 5.7487073 87
5.39886 -10.192167 5.7000718 72
8.859911 -10.104729 5.7954502 57
-1.8895899 -10.095173 5.7446303 90
4.1502085 -10.054488 5.7166758 90
-2.7450204 -9.9025202 5.7231541 85
-1.4212632 -9.9485188 5.7766681 84
0.21539921 -9.9919643 5.7773085 83
-2.9942057 -9.8194237 5.7472401 50
-2.9478621 -9.2834177 5.7353096 21
-2.9154186 -8.8083534 5.741344 12
4.4456391 -8.6450548 5.75737 6
-2.8578608 -8.5938244 5.7161746 19
4.4338579 -6.4442992 5.7049308 4
12.981354 -5.0521007 5.7088375 99
12.992137 -4.7290487 5.7487111 118
12.983624 -4.4050331 5.7754393 113
-2.714947 -4.2047863 5.7511106 33
12.663376 -2.7724557 5.7400312 42
12.584099 -2.4625747 5.7162228 43
12.618097 -2.1755037 5.7451639 46
-2.7089195 -2.0590916 5.7048016 31
-2.662426 -2.0148482 5.7443643 27
-2.702291 -1.8930926 5.7189379 30
-2.6901696 -1.7270936 5.7212911 29
-2.6848705 -1.5670948 5.7359099 29
7.2093258 -10.245935 5.8889246 72
8.4691706 -10.286695 5.8839521 68
-0.95191473 -10.126068 5.8043666 88
3.3646774 -10.125196 5.8472118 83
5.8632545 -10.194307 5.8213816 76
-1.7913363 -10.077991 5.8093896 89
1.4633349 -10.056735 5.8216658 84
-1.8348655 -9.9421759 5.8492551 84
-0.31064796 -9.9838715 5.8413262 84
4.2884097 -9.7910995 5.8218832 49
-2.7115119 -4.0584602 5.8200321 34
12.987913 -4.0889974 5.8062224 111
-2.7052445 -3.9091742 5.8801665 33
12.992159 -3.7739644 5.8341794 113
13.006333 -3.4669178 5.8634067 107
13.001954 -3.1579046 5.8815989 91
12.766062 -1.9092423 5.826139 59
12.842085 -1.3391201 5.8729544 50
-2.6437194 -0.15908751 5.8510799 43
-2.6372757 -0.004088663 5.8585095 43
-2.6321001 0.14891018 5.868659 43
-2.6257179 0.30290905 5.8738527 47
-2.6218715 0.45890781 5.8844852 43
-2.6210444 0.61490655 5.8992271 40
8.6206207 -10.302184 5.9135866 61
-0.86304647 -10.125974 5.9141798 89
-0.42402017 -10.143684 5.9211578 87.5
5.3336806 -10.19578 5.9601598 80
1.9635447 -10.065393 5.990901 82
12.873583 -9.7925634 5.9249315 97
12.871215 -9.3432522 5.990798 94
-2.8701737 -8.5076733 5.9439235 2
-2.8745356 -7.0445704 5.9185925 3
-2.8635311 -6.7274547 5.9426632 22
-2.8711483 -6.4602466 5.9945979 30
-2.6997852 -3.7598991 5.9382167 34
-2.6955075 -3.6136158 5.9981799 35
13.039072 -1.654793 5.9635711 91
13.029112 -1.0657998 5.9653487 93
13.05653 -0.76874936 5.9809461 118
13.053261 -0.47675419 5.9779215 109
13.064198 -0.18473762 5.9789228 115
13.063017 0.10825813 5.9737439 15
5.8066897 -10.203188 6.0886173 79
7.5511236 -10.262053 6.0096164 69
3.8819516 -10.137342 6.0221872 83
10.561534 -10.132378 6.0029039 77
-1.9267308 -10.092168 6.0435281 88
4.7400742 -10.04049 6.0994477 45
-1.549427 -9.9335604 6.077714 86
0.10824688 -9.9960213 6.0804324 85
-2.8970976 -9.8985443 6.0329146 57
12.878739 -8.9089413 6.0552096 85
4.4578767 -8.7834558 6.0906177 5
12.849974 -8.4647446 6.099463 83
12.613749 -7.4959407 6.0813432 37
-2.8632612 -6.1731334 6.0183988 36
-2.8557949 -5.8970175 6.0431433 31
-2.8423772 -5.6199541 6.0529976 27
-2.6920383 -3.4673429 6.0560589 33
7.1518645 -10.258615 6.1470985 74
8.3980742 -10.280492 6.1268196 67
8.5528259 -10.29903 6.1568685 71
-0.9734928 -10.131052 6.1096416 89
3.285188 -10.11569 6.1160455 86
9.2572489 -10.11624 6.1114993 71
-1.8095829 -10.078832 6.1179776 88
1.3709464 -10.047042 6.1010079 85
5.204257 -10.066911 6.1465254 11
-1.9703044 -9.9340982 6.155797 87
-0.42211479 -9.9779739 6.134892 86
-2.9646192 -9.6505537 6.198956 4
12.811173 -8.0226107 6.1311035 55
-2.6901259 -3.3230426 6.1198268 33
-2.7608125 -3.1367466 6.1988859 32
-2.6848209 -3.1718118 6.1688151 33
7.4844952 -10.250933 6.2578239 69
-0.87003154 -10.119873 6.2217412 87
-0.43128139 -10.142172 6.2281876 84.5
5.2653508 -10.189395 6.2198553 72
1.8786901 -10.05739 6.2790732 66
-2.8725863 -7.5545497 6.2674809 7
-2.8589094 -7.2055469 6.2805061 25
12.939739 -7.2917991 6.2876024 88
-2.6791415 -3.0206003 6.2138214 31
-2.7596235 -2.9466436 6.2185864 33
-2.6704431 -2.8644388 6.2480402 33
-2.7468193 -2.7526338 6.2161102 35
-2.6620224 -2.7142632 6.285274 33
-2.7348697 -2.5626161 6.2154565 35
-2.7302938 -2.3805532 6.2257276 35
-2.7200992 -2.1995304 6.2264924 34
-2.7185192 -2.0234411 6.2431135 34
-2.7109394 -1.8474051 6.2470846 34
-2.7067862 -1.6743386 6.2582979 33
-2.697536 -1.5013279 6.2564321 33
-2.6920941 -1.3332728 6.264955 33
-2.6906013 -1.1652033 6.2771382 33
-2.673589 -0.99525166 6.2612567 43
-2.6707611 -0.83218348 6.2729869 43
-2.6671245 -0.66613317 6.2806597 44
-2.6587253 -0.50311482 6.280643 43
-2.6546571 -0.3410683 6.2874289 42
-2.6518753 -0.17801017 6.2969213 43
-2.6430931 -0.016005836 6.2937679 44
5.7530165 -10.213059 6.3638301 73
8.3388062 -10.284265 6.3774633 63
3.2103188 -10.108166 6.39149 82
11.008958 -10.132483 6.3287702 82
-1.9644808 -10.093163 6.3493981 67
1.278428 -10.046308 6.3946919 82
5.0112 -10.080646 6.3973308 16
-1.6838579 -9.9336061 6.3945913 61
0.0015082271 -9.9860773 6.3826494 85
4.424273 -8.8110132 6.3612008 7
-2.85675 -6.895546 6.3135366 36
12.934982 -6.8956141 6.3261509 101
-2.8529 -6.5895448 6.3429422 34
12.883924 -6.4785929 6.3346987 83
12.939548 -6.1282687 6.3961358 92
-2.6582389 -2.5660584 6.3291135 33
-2.6568217 -2.4188366 6.3767529 33
-2.6480882 -2.2637286 6.3999333 32
-2.642452 0.14407156 6.3077888 45
-2.6349561 0.30808744 6.3073363 45
-2.6305053 0.47012007 6.3109808 46
-2.6272228 0.63212985 6.3195691 45
7.087996 -10.25331 6.4000282 69
8.4910564 -10.298861 6.4085026 64
-0.99548239 -10.140038 6.4299979 78
5.2031412 -10.193981 6.4924021 66
8.1211615 -10.149828 6.4053459 9
9.6909294 -10.143629 6.451962 68
-1.8296167 -10.080669 6.4354429 91
-2.1057041 -9.9180107 6.4645433 75
-0.53857195 -9.9810219 6.4460363 86
-2.8661172 -6.3315463 6.4019012 36
12.959578 -5.7650609 6.4366841 98
12.956796 -5.3929424 6.4604673 95
12.880719 -4.9990544 6.443224 80
-1.2636745 -4.5459542 6.4587164 6
-2.7451768 -3.5525246 6.4883413 3
12.708383 -3.5502698 6.4087439 64
12.75059 -2.5660694 6.4405265 96
12.751801 -2.2410657 6.439014 99
-2.6435571 -2.1135619 6.4357991 30
-2.6384649 -1.9614238 6.465683 29
12.828367 -1.9278533 6.4735088 70
-0.34498656 -1.2952939 6.4958825 38
-0.25915548 -1.2969748 6.4788003 37
12.973186 -0.33642071 6.4837322 68
2.7027187 0.25042823 6.4895816 23
13.0342 0.29956549 6.4694681 60
7.4307313 -10.252786 6.5186872 67
-0.87974387 -10.137767 6.5491452 86
-0.43782765 -10.156658 6.5558577 66
7.1703115 -10.133184 6.5473003 12
1.795594 -10.059381 6.5824122 81
-1.4001205 -5.8870053 6.5967269 13
-0.70356154 -5.8186541 6.5914631 35
-0.38337636 -5.8009362 6.550457 30
-1.6334679 -5.7510982 6.5990152 33
-0.45230329 -5.7933421 6.5656676 30
12.97673 -4.6766791 6.5107093 98
-2.2117314 -4.4023676 6.5731554 10
-1.5240432 -4.3270788 6.5864277 30
-1.2578876 -4.3959117 6.5625734 27
-0.63835573 -4.3598685 6.5684514 34
-0.43377662 -4.3493314 6.5532537 28
-0.35857183 -4.3509512 6.5324717 30
12.988087 -4.3275595 6.5330262 105
12.994409 -3.9774785 6.5476136 94
-2.7420344 -3.3485239 6.5074816 30
13.003459 -3.2943473 6.570539 101
-2.7397978 -3.1475236 6.5261998 26
-2.7337599 -2.9475226 6.5367599 26
12.909393 -2.9316082 6.5232196 75
-1.1234285 -2.8087199 6.5408297 30
-0.78291845 -2.8959551 6.5786462 34
-0.39841348 -2.8003109 6.5664592 29
-2.7297711 -2.7515218 6.5540872 23
-1.9736866 -2.7781198 6.5280385 26
-1.4170648 -2.7800615 6.5786557 31
-0.56384444 -2.790853 6.5525255 30
-0.31749997 -2.7959638 6.5349865 27
3.3060048 -2.7938733 6.5968184 21
-1.2725079 -2.6218812 6.5914521 24
1.2154901 -2.6875761 6.5874357 26
-2.7135355 -2.5515194 6.5451283 30
-2.696877 -2.3545165 6.5352631 17
-2.7023618 -2.1735177 6.5658269 10
-1.9105316 -2.1019974 6.5994878 11
-1.0512108 -1.7966608 6.5890093 45
13.023709 -1.6322888 6.5697265 102
-1.0194143 -1.3126414 6.599679 146
-1.8191347 -1.261887 6.560915 60
-1.3256664 -1.2850484 6.5313792 46
-0.48680955 -1.2968364 6.5549245 76
2.9684324 -1.2052099 6.5888572 20
3.0497344 -1.2293949 6.5319443 24
12.958674 -1.2975252 6.5243373 78
-2.1294792 -1.1048552 6.543323 23
-1.2961547 -1.118889 6.5515833 27
1.0604975 -1.1686765 6.5274239 28
1.5598447 -1.1631812 6.5856977 26
-2.6096158 -1.0744824 6.5130606 24
-1.838508 -1.0998847 6.5364332 25
13.044326 -0.98306894 6.5545902 98
-0.98792964 -0.83963025 6.5912528 103
-1.7888695 -0.78782862 6.598444 43
-0.69620639 -0.76892763 6.5910978 150
-1.8369809 -0.60589123 6.5869169 10
-1.7765529 -0.62881935 6.5934153 115
-1.307515 -0.67904335 6.5991945 72
-0.97720975 -0.68262887 6.5821066 150
-0.69000435 -0.61292595 6.5886188 150
13.053953 -0.66209435 6.5459056 97
-1.3001728 -0.5270341 6.59975 106
-0.96701616 -0.52562565 6.578938 150
-0.44496787 -0.52681059 6.598547 150
-2.1296086 -0.45263502 6.5842485 6
-1.833635 -0.44289222 6.5984473 23
-1.7627975 -0.46981195 6.5834951 150
-0.89862102 -0.42559317 6.5949855 102
-0.68271834 -0.45892403 6.5852299 150
-1.7530907 -0.31280097 6.5852633 150
-1.3046269 -0.35284507 6.5916672 27
-1.2934985 -0.37203333 6.5922985 150
-0.95746464 -0.37162462 6.5716991 150
-0.67560506 -0.30692205 6.5838327 150
-2.1192875 -0.2876614 6.5708823 11
-1.8148462 -0.27788705 6.5697355 41
-1.299636 -0.20086318 6.5803151 69
-0.94922835 -0.2186189 6.5794015 150
-0.8867951 -0.2695815 6.5740728 140
-2.1191986 -0.1276049 6.5814548 24
-1.814335 -0.11388902 6.5920806 87
-1.7457292 -0.1567902 6.5908394 150
-0.88136572 -0.11357282 6.5810714 150
-0.66866601 -0.15291998 6.5844288 151
-1.2995484 -0.047811348 6.5909801 113
-0.94081897 -0.062613837 6.5851121 150
-0.66133767 -0.00091732392 6.5920858 150
-0.41843522 -0.06573911 6.5968151 150
13.069495 -0.020223675 6.512311 108
-2.116492 0.032441508 6.5888414 28
-1.8034474 0.04711308 6.5850616 103
-1.7355809 0.0012176265 6.5876265 150
-0.93302077 0.090393402 6.5977964 150
-0.87382156 0.039437052 6.5835385 150
-2.1138346 0.19547944 6.5939808 20
-1.2952703 0.10219851 6.5881467 105
-0.86579448 0.19344732 6.5873346 82
-0.65313506 0.14908338 6.5666938 150
2.9877112 0.1987907 6.5660901 25
3.1028187 0.19983014 6.5616908 24
-1.7949715 0.20911434 6.5879502 27
-1.2789903 0.24458638 6.5789719 109
-0.92297345 0.24538805 6.5735354 150
-0.39971739 0.23925591 6.5642595 150
-0.26877376 0.22276787 6.5708075 150
-0.17479643 0.21807063 6.5363493 150
1.1008562 0.20029444 6.5968814 150
1.5387293 0.27176759 6.5254345 64
1.9920413 0.2718018 6.5237174 44
2.4047172 0.28380716 6.5430255 28
6.1472135 0.25200006 6.5228877 21
-2.0787961 0.35224727 6.5215292 21
-1.7429246 0.34218127 6.5647039 74.5
-1.2659461 0.38997075 6.5986977 150
-0.91555756 0.39939207 6.5791588 150
-0.84738761 0.34646228 6.5452137 63
-0.64684892 0.30308649 6.5863042 150
-0.38999754 0.39226258 6.5781293 151
-0.25873992 0.37477538 6.5817223 150
0.5935899 0.3585926 6.5800061 150
1.1088094 0.33229011 6.5487452 131
1.5571798 0.39292267 6.5959196 150
2.4316874 0.39391923 6.593226 79
-2.5310285 0.45253006 6.5443635 26
-1.7118622 0.4732461 6.5852585 150
-1.2716755 0.40106049 6.5320649 84
-0.63877994 0.45708796 6.5739508 151
0.60061991 0.48661473 6.5809021 150
1.1266392 0.46932879 6.5857902 150
2.0225854 0.40089053 6.5876994 79
-2.0973754 0.51647455 6.5807829 10
-1.7680057 0.53312093 6.5675044 17
-1.267893 0.54858345 6.5755343 131.5
-0.84153181 0.501472 6.5678587 70
1.564757 0.50891107 6.5816679 150
2.037637 0.52390182 6.5715613 127
2.4444118 0.50293386 6.5891876 68
-2.0823367 0.67641371 6.5574923 24
-1.7519275 0.69512546 6.5540791 91
-0.8247509 0.65448689 6.5481515 150
0.60845649 0.61362851 6.5777559 150
1.1417677 0.60434484 6.571908 150
-1.2653598 0.70414901 6.5474544 85
8.4370785 -10.30071 6.6654158 60
7.0292344 -10.248985 6.6608911 70
8.2791634 -10.283034 6.6312423 72
3.1374638 -10.107617 6.6767454 80
5.6897116 -10.196948 6.6312227 74
1.186481 -10.044556 6.6941743 84
8.4318333 -10.085099 6.6809731 51
4.3982286 -8.8535337 6.6486363 16
-0.93888777 -7.5400019 6.6576333 6
-1.7721151 -7.3161182 6.6943598 26
-0.76928931 -7.3526759 6.6232781 1
-0.39914262 -7.3729868 6.6193309 5
-0.92128915 -6.8969946 6.6721821 40
-0.39481109 -6.8019876 6.6919551 15
-0.7471813 -6.7856398 6.6973305 38
-0.9102096 -6.5799918 6.6590776 53
4.4639616 -6.542799 6.6809831 1
-0.73448002 -6.4846334 6.6983585 44
-0.39066529 -6.4919906 6.6882877 17
-1.4447793 -6.2590027 6.69732 6
-0.90202481 -6.2959886 6.6678057 52
-0.38793576 -6.2049932 6.6895165 16
-0.4576174 -6.1893425 6.6976976 16
4.5284123 -6.1652699 6.6901603 1
-1.6706258 -6.0991015 6.6801 20
-0.89240998 -5.9959865 6.6485515 40
-2.4460835 -5.703577 6.6746159 36
-0.88525468 -5.7459826 6.6692376 70
-1.1034735 -5.6694069 6.6983156 16
-0.38111287 -5.6559272 6.6841536 16
-1.6329564 -5.578095 6.6964226 16
-1.3643069 -5.4339437 6.6870632 8
-0.87692934 -5.4819803 6.6649294 47
-0.37715244 -5.4059291 6.6945243 14
-1.6093249 -5.3150916 6.6784024 20
-0.68702829 -5.3906131 6.696187 48
-0.86899048 -5.2219787 6.6535611 46
-1.3408713 -5.1879244 6.6920557 6
-0.67531335 -5.1326113 6.6861005 46
-0.44660044 -5.1403356 6.6926541 20
-0.37244576 -5.1509314 6.6848836 14
-1.5947983 -5.0870886 6.6957245 11
-1.3166837 -4.9339123 6.6770349 3
-1.1646528 -4.9146452 6.6911392 6
-0.85875255 -4.961977 6.6273375 62
-0.36851454 -4.909934 6.6842103 12
-1.5746291 -4.8410835 6.6834092 11
-0.66453457 -4.8786149 6.6638856 44
-0.44250178 -4.892334 6.6789622 35
-0.85249299 -4.7479739 6.6469431 63
-1.5577118 -4.6160808 6.6848793 9
-1.1670325 -4.6398273 6.6316848 1
-0.65462738 -4.6566076 6.6747313 58
-0.43922168 -4.6653318 6.6862783 30
-0.36349398 -4.6769361 6.6826301 12
-0.84415418 -4.518971 6.6426377 55
-0.83932 -4.3179679 6.6671381 62
3.3106394 -4.3500218 6.6821599 5
3.5718346 -4.3483896 6.6699915 1
-2.2082441 -4.2512875 6.6787829 29
-0.63396704 -4.2168369 6.6772156 60
-0.43225908 -4.2233281 6.6848855 39
-0.35434651 -4.2319403 6.6783876 15
-1.2352499 -4.0358586 6.6668401 11
-0.82998031 -4.0869665 6.6398335 54
-0.42801529 -4.0083256 6.6812434 37
-0.34922475 -4.0179424 6.6758142 11
-1.5133659 -3.9780734 6.6937513 2
-0.62259328 -3.9948378 6.6600909 63
-2.1441746 -3.8222139 6.6751738 1
-1.2156202 -3.8228481 6.6584601 8
-0.82137424 -3.8749645 6.6325412 70
-0.34448516 -3.8079453 6.6661801 15
-0.61307997 -3.7858372 6.652844 52
-0.42354208 -3.7953327 6.6636243 34
-2.1138136 -3.614182 6.6697106 2
-1.1973652 -3.6128421 6.6429329 8
-0.81315494 -3.6669629 6.6181889 81
-0.33944046 -3.6079471 6.6646042 14
-1.4826769 -3.5690689 6.6753383 2
-0.60330015 -3.5808375 6.6426105 53
-0.41903365 -3.5933282 6.6569948 34
-2.0801356 -3.403157 6.6494803 3
-1.1797147 -3.4128339 6.6343822 11
-0.8068397 -3.4769604 6.6257548 95
-1.469738 -3.3780668 6.6764622 2
-0.59482265 -3.3888345 6.6473231 64
-0.41413325 -3.3993235 6.6574268 34
-2.0571446 -3.2141232 6.6594367 2
-1.1664085 -3.2308192 6.6525602 16
-0.80001837 -3.2869573 6.6263642 84
-0.40931749 -3.2093191 6.6588535 33
-0.32851964 -3.2209501 6.6635337 14
-1.4574471 -3.1870649 6.6735144 3
-0.58590519 -3.1988325 6.6470556 72
-2.032274 -3.0230942 6.6595197 4
-1.1510834 -3.0406954 6.6519108 23
-0.7929216 -3.0989549 6.6249647 66
-0.57633549 -3.0158286 6.6508632 93
-0.4043678 -3.0183144 6.6472435 50
-0.32273784 -3.0449495 6.6881237 16
-1.4429415 -2.9940631 6.6567063 7
2.7454655 -2.8176925 6.6653614 23
-2.2027133 -2.7323148 6.6472297 1
-0.78106385 -2.7459497 6.6490645 66
1.8168789 -2.7639487 6.6081896 18
2.9652009 -2.7381825 6.6031151 23
3.3886042 -2.7419398 6.6117187 18
6.4553728 -2.7622578 6.6788201 15
6.9581809 -2.7792373 6.6944909 16
-1.9915165 -2.6620312 6.6819906 10
-1.4221743 -2.6440594 6.6715584 5
-1.1261077 -2.6876681 6.6841054 26
-0.90636927 -2.605629 6.6531672 25
-0.55891967 -2.6558235 6.6553178 97
-0.35248214 -2.6716285 6.6711555 36.5
0.77426583 -2.6712096 6.6771741 31
2.1859124 -2.6949329 6.6563754 18
-0.7730512 -2.5609488 6.6256614 86
-0.30486962 -2.502954 6.6756096 19
-1.9638766 -2.4720132 6.6622415 1
-1.4100934 -2.4650578 6.6595573 5
-1.1067617 -2.4906757 6.6335406 18
-0.54967719 -2.4728258 6.6400237 93
-0.38790292 -2.4772999 6.628613 54
-1.0919913 -2.3136704 6.6237388 23
-0.76508158 -2.382947 6.6142993 105
-0.38298899 -2.3062952 6.6290436 49
-0.29910997 -2.3249562 6.6660686 19
0.72827041 -2.372184 6.6958771 68
-1.9407414 -2.290997 6.6481218 5
-1.3986212 -2.2910562 6.6545315 5
-0.92385012 -2.2556396 6.6782303 7
-0.75780374 -2.212945 6.610909 117
-0.541215 -2.298826 6.6336994 87
0.70825273 -2.2212059 6.6883836 92
1.1578038 -2.249568 6.6908016 13
-1.9266199 -2.1939034 6.6914849 0
-1.3500321 -2.1223059 6.6514759 5.5
-1.0776902 -2.1366682 6.6078725 22
-0.5312317 -2.1238267 6.6214848 65
-0.37742615 -2.1362996 6.6295042 46
-0.29235056 -2.1519575 6.6566148 17
-2.7220094 -2.0055003 6.627162 8
-1.9210564 -2.008904 6.686399 0
-0.92285043 -2.0726399 6.6544809 9
-0.75117445 -2.0429435 6.603446 113
0.68979377 -2.0682492 6.6705627 110
1.6916837 -2.0939112 6.6854501 7
-1.8965417 -1.9369664 6.6207061 14
-1.3464702 -1.9533192 6.6507978 5.5
-1.0645238 -1.965662 6.604959 24
-0.9277541 -1.9026428 6.6599741 9
-0.52323622 -1.9538292 6.609097 76
-0.37185532 -1.9622971 6.61092 58
-0.2859008 -1.982958 6.6621914 18
0.67211497 -1.9212593 6.6674981 106
1.6675634 -1.9559481 6.6750188 10
-2.7176564 -1.8204997 6.6413488 5
-2.1986253 -1.8204794 6.6744976 0
-1.9079531 -1.8209016 6.6627626 1
-0.74450153 -1.8799411 6.6070294 118
-0.36537629 -1.8002934 6.6165066 82
-0.27939788 -1.8169594 6.6557279 18
1.6476967 -1.822963 6.6743402 10
-1.8799649 -1.7689456 6.6240816 21
-1.3424139 -1.7863367 6.644742 8
-0.92409378 -1.7246417 6.6352577 10
-0.73748136 -1.7159389 6.6066279 142
-0.51434624 -1.7928237 6.6208825 106
0.65587038 -1.7782588 6.6684356 121
1.1086437 -1.7855977 6.6789503 9
3.1729856 -1.7411014 6.6904097 10
-2.2041612 -1.6503912 6.6945505 0
-1.8824322 -1.622894 6.6424942 17
-1.3384221 -1.6213361 6.639369 12
-1.0413425 -1.6366516 6.6008663 83
-0.50639904 -1.6298227 6.6205387 120
-0.35959071 -1.64229 6.6300626 100
-0.27198586 -1.65096 6.6503477 19
0.64229065 -1.6372579 6.6684241 114
1.6307008 -1.6939605 6.6816554 13
2.0198104 -1.6851163 6.6702461 1
-0.92911071 -1.5616444 6.6528325 18
-0.73145652 -1.5539372 6.6061401 150
1.614403 -1.5629727 6.6804514 17
2.0113676 -1.5541036 6.6972136 3
-2.1807139 -1.4645382 6.6463938 2
-1.8679543 -1.4488889 6.6278563 44.5
-1.3352511 -1.4603186 6.6379514 49
-1.0302162 -1.4746424 6.6098232 150
-0.49736613 -1.468821 6.6192875 150
-0.353064 -1.4802866 6.6236076 115
-0.26552725 -1.4939604 6.6559262 21
0.62941587 -1.4952756 6.6598949 106
1.0854036 -1.4876068 6.6758685 19
1.5985329 -1.4329861 6.6783442 22
1.9929973 -1.4101425 6.6698513 11
-0.93117028 -1.3976456 6.6640639 26
-0.72582293 -1.3969344 6.6216784 150
0.61860138 -1.3572643 6.6634054 126
1.0773798 -1.3386109 6.666625 29
1.5858051 -1.3049955 6.6766162 28
2.7206969 -1.3024215 6.6814351 22
-2.173399 -1.2905426 6.6393232 6
-1.8779758 -1.2858976 6.6261139 12
-1.3230181 -1.2965989 6.648922 23
-0.92804331 -1.2306442 6.6523366 72
-0.71784514 -1.2379328 6.6103196 105
0.60867095 -1.2182984 6.646318 78
1.9809016 -1.274161 6.6597791 19
2.4345691 -1.2890002 6.6404791 23
6.5280089 -1.2173101 6.608592 19
-1.8197156 -1.1118449 6.6220088 11
-1.3350687 -1.1500465 6.6389637 18
-1.0119377 -1.1606281 6.6273913 40
-0.48008323 -1.1518157 6.625752 150
-0.33922708 -1.1642863 6.6248741 124
-0.25062868 -1.1719254 6.6421833 23
1.9742267 -1.1411591 6.6688042 26
2.4291291 -1.1749655 6.6632543 22
2.7149925 -1.180416 6.6931109 18
2.9948246 -1.1100544 6.6874223 25
3.1009588 -1.1431723 6.6907439 22
6.2510056 -1.1905782 6.6053662 17
7.0232606 -1.1892298 6.6591415 11
-0.91882151 -1.0636398 6.6180739 26
-0.71134269 -1.0809305 6.6158962 111
-0.3325277 -1.0052809 6.6164265 116
-0.24256262 -1.0159253 6.6408758 25
0.60072017 -1.0832664 6.6578226 74
1.0662898 -1.0506074 6.665906 28
1.5628617 -1.0520259 6.6655021 10
1.9675679 -1.007169 6.6612754 4
2.424969 -1.0619333 6.6833172 26
2.7095959 -1.0564147 6.6994085 22
3.0912125 -1.026098 6.685729 21
-1.8444693 -0.95037162 6.6440887 10
-1.3255606 -0.98478281 6.6360159 17
-0.95930678 -0.95063549 6.6194124 27
-0.70401257 -0.92392933 6.6004648 150
-0.47163886 -0.99281925 6.6083884 150
0.59468043 -0.94640183 6.6424041 62
1.0620184 -0.90561235 6.6462741 25
1.5539266 -0.92705029 6.6534033 17
2.4123499 -0.94296497 6.6673355 23
3.0856576 -0.91010171 6.685308 21
-1.3156376 -0.82634348 6.6137176 18
-0.46330035 -0.83781588 6.615109 150
-0.32535201 -0.84927499 6.6140428 150
-0.23458424 -0.85892516 6.6405654 28
0.58856964 -0.81240833 6.6359787 81
1.5434042 -0.8010959 6.6306028 21
1.9612758 -0.87418056 6.6506066 8
2.4039361 -0.8259806 6.6588612 19
2.9834142 -0.88405097 6.6919112 25
-2.1621516 -0.78647894 6.6407638 0
-1.8590838 -0.77789766 6.6251159 3
-0.91279453 -0.74263644 6.6187844 20
-0.22707754 -0.70292586 6.6341901 28
1.05968 -0.76261324 6.6319594 38
1.9545764 -0.74020398 6.6242895 9
2.3977613 -0.71199381 6.6503391 8
2.9748287 -0.77107364 6.6767778 22
3.0813804 -0.79610658 6.6821742 23
-2.1467381 -0.61855066 6.6143093 2
-1.3129396 -0.66082722 6.6085343 11
-0.45353478 -0.68181062 6.6058598 150
-0.31778815 -0.69426888 6.6187201 148
0.58336282 -0.67841309 6.6299806 107
1.0596992 -0.62261015 6.622057 40
1.5391972 -0.67809528 6.6295819 54
1.955344 -0.61119729 6.6268606 18
2.9704838 -0.66015053 6.6699357 22
3.0764544 -0.68012029 6.671001 24
-1.3125656 -0.50780064 6.6115909 16
-0.90579754 -0.58260226 6.6059299 45
-0.31039044 -0.53926331 6.6023026 150
-0.21887204 -0.5479266 6.6198454 37
0.58082086 -0.54641742 6.6230316 113
1.5343606 -0.55611002 6.6205263 49
2.395416 -0.59898674 6.6524649 8
2.7016573 -0.56941485 6.697865 24
2.970742 -0.55014569 6.6689086 24
3.0766501 -0.56811982 6.6677575 24
0.57961154 -0.41542166 6.6156087 149
1.0632906 -0.48376855 6.6178522 79
1.531864 -0.43611428 6.6158929 62
1.9572679 -0.48319432 6.6222453 29
2.3899362 -0.48501211 6.6354265 15
2.7045557 -0.44941008 6.6959019 25
2.9704127 -0.44014856 6.6620798 25
3.0776401 -0.45612237 6.6604681 22
-0.43627924 -0.37280756 6.6012836 150
-0.30234998 -0.38725683 6.6130443 150
-0.21033102 -0.39392579 6.6246037 39
1.0669974 -0.34576026 6.6118808 114
1.5317047 -0.31610805 6.6156793 148
1.9590164 -0.35419637 6.6109214 68
2.3936045 -0.37398562 6.6459126 22
2.7101712 -0.32940084 6.6952124 24
2.9752522 -0.33213308 6.6654181 26
3.0819385 -0.34511378 6.660255 23
-2.6427553 -0.22648828 6.6852789 14
-1.288391 -0.22103237 6.6027784 150
-0.42683071 -0.217739 6.6021352 150
-0.24733 -0.23608774 6.6125836 99
0.57935661 -0.28541905 6.6108494 150
1.0719746 -0.2087518 6.6031914 150
1.9649884 -0.22718769 6.6070962 112
2.3931804 -0.26099673 6.634572 25
2.7145979 -0.21040295 6.6829224 24
2.9808352 -0.2241243 6.6624742 24
3.0883617 -0.23410717 6.6555152 23
0.5801053 -0.15540445 6.6109877 150
1.5323489 -0.19710836 6.611424 150
1.9728309 -0.10117444 6.6063538 127
2.3971233 -0.15109439 6.6315188 22
2.983007 -0.11613341 6.6479831 20
3.0951557 -0.12410323 6.6476369 23
-1.2824126 -0.069031507 6.6032958 150
-0.28539214 -0.082244135 6.6014771 150
-0.19155478 -0.084923528 6.6262388 101
0.58118194 -0.02540165 6.6057506 150
1.0807551 -0.071736492 6.6029 150
1.5333177 -0.07811822 6.6017919 150
2.4002676 -0.041102152 6.6196527 78
2.7232425 -0.092393398 6.6781311 24
2.9941301 -0.010109629 6.6520658 24
3.1056819 -0.014088529 6.6459279 24
-1.2775172 0.083969258 6.6047225 150
-0.40936077 0.08626584 6.6066122 150
-0.276656 0.070762523 6.604248 150
-0.18235102 0.068076342 6.6119828 150
1.0895371 0.063278839 6.6026096 150
1.5386399 0.037902448 6.6063814 150
1.9823686 0.024838347 6.6019888 150
2.4072425 0.067910329 6.6184349 120
2.7351434 0.024624377 6.6781788 24
3.0017357 0.094890721 6.6401291 25
3.1193497 0.093930401 6.6445909 23
-2.6078613 0.11751737 6.657454 21
-1.73019 0.15723392 6.6040702 83
0.58449727 0.10160313 6.6004705 150
1.5434297 0.15791602 6.6073961 150
1.9976892 0.15086995 6.6135793 118
2.4160256 0.17792609 6.6180668 108
2.742969 0.14062032 6.6586475 31
-2.6119552 0.29051685 6.6897693 18
0.58901203 0.23064023 6.6090255 150
7.7858891 0.28791362 6.6503706 29
9.7625923 0.23828977 6.6291294 9
-0.16283777 0.37507924 6.6166954 76
2.7687514 0.37263462 6.6309581 26
3.0257323 0.30591604 6.6281223 22
3.1439557 0.30894467 6.6218538 23
7.1075811 0.32988814 6.6528068 1
2.7891152 0.48766169 6.6294508 23
3.0454259 0.41195348 6.6351285 24
3.1706281 0.41799903 6.6398768 21
6.307415 0.46657479 6.6901488 1
3.0592597 0.51595932 6.6217003 25
3.1923339 0.52602714 6.6378932 20
-2.573683 0.63152319 6.6546926 19
7.3826337 -10.25862 6.7910399 73
-2.0161469 -10.161159 6.7112718 16
-1.8543166 -10.139311 6.7950869 45
-1.0161965 -10.138021 6.7483978 34
10.108194 -10.12207 6.7818127 75
-1.8161901 -9.9046516 6.7069359 35
-0.87815875 -9.973691 6.7690759 35
-0.65318012 -9.978055 6.7602534 83
-0.41385031 -9.9959536 6.7607164 13
-0.10865407 -9.9981346 6.7064347 83
-1.0017643 -9.6320181 6.7305579 5
-0.41255736 -9.5089579 6.7537775 3
-0.85773951 -9.4726849 6.7486377 14
-0.32173854 -8.7722626 6.797205 1
4.424787 -8.0813885 6.7272305 21
4.9973154 -7.4020791 6.774786 12
-0.93391842 -7.2509966 6.7032218 38
-0.7613408 -7.1216416 6.7132502 31
-0.46498477 -7.1503458 6.7412052 6
-0.39782178 -7.1339831 6.705761 10
-1.9206027 -7.0847163 6.7503309 28
-1.7469444 -7.0081134 6.7045798 7
-1.5087966 -6.8880429 6.7240195 1
-0.46288627 -6.8033447 6.7152963 9
-1.4759729 -6.5680208 6.7127476 4
-1.700622 -6.4141054 6.7136259 29
-0.46025413 -6.4923434 6.7064972 15
-0.72194082 -6.1976261 6.7013845 52
-2.2399793 -5.7393651 6.700469 3
-1.3923342 -5.7149558 6.7117934 45
-0.69921106 -5.6506171 6.7002115 73
-0.45344055 -5.6593394 6.7161398 29
0.17225124 -5.6883831 6.7064309 16
-2.2814777 -5.5440087 6.7985692 35
-1.9467067 -5.5457439 6.7406535 22
-0.45026076 -5.3943377 6.701365 28
1.3089042 -5.084888 6.7937322 15
-0.78294778 -4.9965458 6.7993484 14
-2.2904696 -4.7303572 6.7179561 1
1.142921 -4.4557843 6.7735295 18
1.5861423 -4.4222126 6.7934008 3
-0.071364321 -4.3773255 6.7730274 23
0.37289295 -4.3822746 6.7971144 41
6.0517673 -4.3476424 6.7262764 5
8.4140768 -4.3360276 6.7421679 9
-1.2594815 -4.2728615 6.7049398 37
1.0901135 -4.2299323 6.7227688 24
2.2598379 -4.267333 6.7282133 24
2.6438806 -4.2543244 6.7547297 18
5.8915529 -4.2839398 6.7461877 19
6.9284554 -4.2971845 6.766561 21
-1.5318515 -4.1960759 6.7102122 6
-0.10320171 -4.1763234 6.7785397 23
0.33813423 -4.1682982 6.7930727 84
-2.1854849 -4.0552354 6.7138133 1
1.4855462 -4.0182972 6.7784853 5
0.30772021 -3.9463239 6.7678857 12
1.0072993 -3.8938632 6.777112 3
1.4381489 -3.8123441 6.7541718 9
-1.5023819 -3.783071 6.7057462 2
0.96602112 -3.7039251 6.7606163 4
2.4799798 -3.7384899 6.7939711 22
1.3948711 -3.6253791 6.7494388 15
3.0247824 -3.6021616 6.7812986 14
0.92884403 -3.5219762 6.7471781 5
3.7123473 -3.5254142 6.7582846 1
-0.33431911 -3.4349451 6.7082086 16
1.3569726 -3.4414091 6.7450109 26
0.89237291 -3.3400457 6.725224 7
2.374253 -3.3856292 6.7732067 12
2.9211686 -3.3022568 6.7864313 21
1.3226454 -3.2704296 6.7565985 21
2.3292477 -3.2206826 6.7720237 4
3.1720395 -3.2687721 6.7906656 0
-1.9616395 -3.1919024 6.7466435 0
-0.89364117 -3.1976187 6.7096701 7
0.85977733 -3.1690829 6.7161803 11
2.8759677 -3.1593683 6.7934098 22
3.1178157 -3.1098478 6.7784905 4
-1.2923031 -3.0425098 6.7171769 1
-0.90158457 -3.0016239 6.7027183 10
0.83083057 -3.0120661 6.7298994 26
1.2879543 -3.0884624 6.7382154 22
2.8272243 -3.0094311 6.7836041 21
-1.9595252 -2.9869046 6.746573 1
1.2582817 -2.9174824 6.7398348 11
1.881873 -2.9776142 6.7596264 2
3.068125 -2.9559159 6.7684431 14
-1.3001387 -2.8535101 6.7140303 2
-0.90982515 -2.8106294 6.7011433 9
0.80228537 -2.8480976 6.721674 33
7.6947613 -2.8017008 6.7813725 21
-1.9461328 -2.7759025 6.7175584 1
2.7303841 -2.7085998 6.7344503 22
3.3231263 -2.7196813 6.7363439 16
6.2203112 -2.7154245 6.7246127 20
1.8085327 -2.6727159 6.737947 19
2.9819164 -2.6590297 6.7556257 22
-2.22491 -2.5650957 6.7047629 23
-1.324258 -2.506371 6.7514076 3
0.75216216 -2.5331297 6.716279 33
1.2051089 -2.586518 6.7393332 21
1.7787571 -2.5287457 6.7347927 2
2.1837873 -2.5928531 6.7833953 0
2.698849 -2.5796032 6.7515574 23
2.9420836 -2.5130854 6.74578 23
-0.92725772 -2.4476404 6.7118878 7
1.1824521 -2.4235339 6.7353988 16
2.6666198 -2.4466226 6.7583866 22
-1.3198658 -2.3154793 6.7131033 1
1.748245 -2.3817985 6.7191238 1
2.6398771 -2.3186285 6.7700138 24
2.9121382 -2.3761125 6.7549281 24
1.7191535 -2.2368536 6.7052078 5
2.1208925 -2.2829435 6.7561774 0
2.8867824 -2.2431302 6.768435 23
2.0909078 -2.127996 6.7300048 0
2.6072795 -2.1846716 6.7611909 26
3.1775782 -2.1938455 6.7240582 4
1.1416156 -2.0995679 6.7108574 8
2.5704246 -2.0437622 6.7238288 23
2.851505 -2.0981925 6.7441592 22
3.1420372 -2.0629046 6.7050843 10
3.2423735 -2.0069659 6.7484322 0
1.1247051 -1.9435796 6.7040868 6
2.0681629 -1.982025 6.7237806 0
2.5494356 -1.9197659 6.7326417 25
2.8199694 -1.9582446 6.7260551 23
3.1340094 -1.9528548 6.7498894 17
2.0466912 -1.8370545 6.7148409 1
2.7963948 -1.8252752 6.7216229 23
3.106782 -1.8268914 6.7414565 19
3.2027967 -1.8700467 6.7121563 4
2.5234988 -1.7918051 6.7214336 26
3.0822186 -1.703926 6.7320676 22
-2.7434101 -1.6545039 6.7154222 5
1.0979564 -1.6415906 6.7037816 12
2.4992132 -1.6638514 6.7043719 24
2.7735543 -1.6913103 6.7109079 23
3.1583366 -1.6211042 6.7022929 17
2.483125 -1.5428511 6.7121782 23
2.7566922 -1.562358 6.7093668 24
3.0594127 -1.5819602 6.7212958 22
3.1463499 -1.5031048 6.7132168 19
-2.7518489 -1.4785055 6.7523322 5
2.4701266 -1.4238501 6.7181258 20
2.7431424 -1.4353702 6.7118435 23
3.0369241 -1.4600004 6.7051473 24
3.024776 -1.344004 6.7093344 24
3.1343083 -1.3851075 6.7219052 19
7.7836604 -1.3477453 6.7728882 22
-2.7343421 -1.2935027 6.740654 6
10.719401 -1.2533573 6.7281237 10
7.8068423 -1.1116999 6.7767453 28
-2.7227399 -0.93550104 6.760448 6
-2.192034 -0.96128523 6.7024355 2
2.7069752 -0.93440688 6.7092161 24
2.993223 -0.99803275 6.7020946 24
2.7059963 -0.81340194 6.7131672 24
7.8078938 -0.8757388 6.7617536 28
-2.7052937 -0.75549829 6.7465358 6
2.7010524 -0.69041485 6.7020068 26
7.8160806 -0.64175236 6.7523465 30
-2.6755376 -0.57449353 6.7085714 8
-2.6618917 -0.40049133 6.702817 8
7.8263955 -0.40676191 6.743618 29
10.835324 -0.43213204 6.7977395 28
6.2919898 -0.35534605 6.7474937 0
6.28722 -0.14940237 6.7215929 1
6.4431119 -0.16909643 6.7346497 0
7.834568 -0.17478065 6.7328024 29
10.809891 -0.15718192 6.7759113 43
-2.6430476 -0.053488247 6.7094364 15
6.2996941 0.05461273 6.7181182 1
6.4404855 0.041866839 6.7137718 0
7.8555923 0.059250444 6.7331486 32
10.764439 0.11372734 6.7388182 43
10.800348 0.38579059 6.7528701 33
8.2263851 -10.281788 6.8915639 72
8.3492031 -10.253595 6.8948402 57
5.618958 -10.157852 6.888504 57
1.7118955 -10.064369 6.8965039 53
7.4811554 -10.09988 6.8428841 44
-2.2584443 -9.9577608 6.819489 21
-1.8254553 -9.804245 6.8968945 6
6.0791178 -9.0037661 6.8403072 8
0.86773252 -8.9226379 6.8114185 8
4.8843479 -8.9157591 6.8450975 4
3.1264973 -8.8136835 6.8328638 10
6.3373013 -8.8918505 6.8864284 15
2.5445657 -8.7367611 6.8512793 27
4.3274732 -8.7882261 6.8639922 27
1.3421474 -8.6876593 6.8323474 20
5.8520317 -7.3316011 6.8743439 15
5.98737 -7.3554888 6.8959675 26
-0.61753124 -6.7034431 6.8629007 17
-1.0600511 -6.6639104 6.8523345 1
-0.65500796 -6.4114661 6.8741999 30
0.76261228 -6.4169831 6.8792925 1
-1.0861548 -6.348969 6.835741 3
-1.9745876 -6.2087455 6.836762 1
0.69950283 -6.1020389 6.8388605 20
-1.1127595 -6.0649691 6.8367057 3
-0.68441278 -6.098485 6.853961 29
0.21408017 -6.0839276 6.8653979 1
-1.9788514 -5.9087505 6.8337269 1
9.9185715 -5.9567385 6.8652935 46
0.6416257 -5.8360791 6.8416948 44
6.2774777 -5.889183 6.8126197 1
-0.71049243 -5.7945023 6.8242359 17
5.9752827 -5.731576 6.8189516 19
6.8964615 -5.7341337 6.836412 21
-1.1643213 -5.5379252 6.851707 39
-0.74593669 -5.5545235 6.8596401 47
0.11638369 -5.5690002 6.8589687 30
0.58871305 -5.5831151 6.8457417 105
0.071955442 -5.3310137 6.8628674 22
0.53911179 -5.3151555 6.8237462 67
1.3724244 -5.3098207 6.8030834 2
-1.1748364 -5.2502761 6.8101063 3
-0.76263922 -5.2575331 6.8153596 11
0.033341147 -5.0701323 6.8263173 23
0.49231091 -5.0751882 6.8218136 45
1.7713723 -5.0948601 6.8416495 1
2.4941101 -4.9078979 6.8461089 5
2.8905759 -4.9019613 6.8480864 4
-0.009094486 -4.8670654 6.8588958 23
0.4502216 -4.834219 6.812149 45
1.2523506 -4.8836365 6.8060226 27
1.7064897 -4.8689179 6.8334484 1
-0.81215495 -4.778563 6.8332419 0
2.416434 -4.7000108 6.8247046 13
2.8138092 -4.7020531 6.8486004 9
-0.042546384 -4.6301517 6.8325853 23
0.41001493 -4.6062479 6.8055673 36
1.1966079 -4.6756806 6.8036804 22
1.6422687 -4.6319857 6.8001714 3
2.3462646 -4.5070887 6.8179178 11
2.7327008 -4.4851704 6.8205833 14
1.5365109 -4.2272477 6.8022575 31
1.0546507 -4.1186843 6.8440981 4
2.2410994 -4.1920514 6.8917913 0
2.6040282 -4.1173167 6.8299346 23
-0.13793603 -4.0111847 6.8347597 0
2.5412428 -3.9274006 6.8171167 23
0.27624863 -3.7663352 6.8017921 1
3.0903597 -3.7690632 6.8023667 4
3.7198336 -3.7531729 6.801723 1
3.6655047 -3.6102097 6.8203244 1
6.0841646 -3.6443937 6.8816547 2
2.4298854 -3.5705419 6.8036547 21
2.97769 -3.4611747 6.8032274 21
7.7870336 -3.3652394 6.8983216 24
6.1439028 -3.1832919 6.8904424 1
7.7909379 -3.0992608 6.8874359 25
6.1152825 -2.9284644 6.8258271 1
9.8506899 -2.785017 6.8360238 14
6.130475 -2.6994638 6.815196 14
7.7937546 -2.5843258 6.8608274 29
7.7955227 -2.3303566 6.8478832 27
7.80053 -2.0825489 6.8361139 24
7.8051472 -1.8355722 6.8245831 27
7.8061924 -1.592611 6.8095698 26
10.850421 -0.99110353 6.8136396 8
10.860029 -0.71108359 6.8188725 20
6.9690809 -10.237665 6.9199858 56
3.0685835 -10.118028 6.9793816 47
3.6987283 -10.176137 6.9178653 29
-0.81150949 -9.3893642 6.9956307 16
5.7197666 -8.8435936 6.9786735 1
7.0402393 -8.8771496 6.9178329 27
7.1702275 -8.8759966 6.9421797 27
6.1492434 -8.7715883 6.9989009 13
0.77622342 -8.6903715 6.933568 46
2.447273 -8.5565424 6.9908581 21
0.68715447 -8.3573465 6.9659238 5
2.8846171 -8.2908306 6.9925795 10
2.3134189 -8.1996746 6.9823561 14
2.7388258 -7.9069743 6.9587445 9
2.6082919 -7.5650964 6.9419656 1
7.6620259 -7.3253717 6.9419417 9
3.540009 -7.289938 6.9121733 15
5.6804476 -7.2320161 6.941195 26
6.2603979 -7.2615881 6.9466944 23
-2.7514155 -7.1537528 6.9445424 1
-0.58964139 -7.0864239 6.9243441 2
-2.0175524 -6.9877505 6.9842963 1
8.6402016 -6.0105419 6.9327335 4
1.4529129 -5.6225319 6.9079747 0
6.3980508 -5.6887612 6.920269 23
7.7736917 -5.6940365 6.99084 24
7.8015041 -5.085979 6.9926338 22
7.7996755 -4.78302 6.9774432 20
7.7792535 -4.4731398 6.944046 18
9.9582214 -4.3316827 6.9233027 16
11.188782 -4.3195515 6.9726043 10
6.0984917 -4.1771922 6.9690251 3
7.7988949 -4.1990891 6.9499326 25
6.0877256 -3.9033084 6.9204159 1
7.785655 -3.9111738 6.9250188 26
7.7866902 -3.6332078 6.9112954 24
6.133781 -3.4222655 6.9102283 1
10.050916 -3.444314 6.9918423 3
10.065607 -3.1492641 6.9983678 1
11.076093 -2.7476969 6.9514437 5
7.3275743 -10.245472 7.0546079 24
-0.21990699 -10.001193 7.0396447 22
1.0964698 -10.069729 7.020082 65
8.8070011 -10.081223 7.012351 64
-0.76322192 -9.910202 7.0388198 44
7.7501402 -9.7581501 7.056428 2
0.98539335 -9.6906719 7.0706758 24
-0.28832522 -9.508235 7.0200181 7
7.4720178 -9.4284534 7.0779934 14
1.4749191 -9.3245192 7.0078669 1
2.7487209 -9.3581924 7.0327907 15
7.5408497 -9.3364525 7.0344834 14
7.7196426 -9.0150299 7.0434046 2
8.8595114 -8.8040447 7.0870857 22
3.0521951 -8.7236576 7.0531421 15
4.7880578 -8.7827511 7.0197644 24
6.2516193 -8.7968016 7.075995 5
6.9187193 -8.7127695 7.0755577 36
7.8055387 -7.8597436 7.0921488 4
5.8575206 -7.3413134 7.0959883 1
10.289083 -7.3076591 7.0918546 24
6.0440536 -7.2039995 7.0966516 12
11.543527 -7.2820745 7.0132365 18
6.0292969 -6.8111429 7.0260878 1
7.8085303 -6.7378097 7.0598907 11
8.8182583 -6.4821448 7.0821676 1
7.8016729 -6.3828664 7.0410404 12
7.7748079 -6.0210037 7.0039997 11
10.137345 -5.7459259 7.0339546 24
7.8076167 -5.4019251 7.0106516 17
10.186379 -5.4297075 7.0782042 21
10.180435 -5.0899687 7.0785294 18
10.150287 -4.7450371 7.0620303 16
7.2429929 -4.2243242 7.0811944 1
8.775362 -4.2441983 7.0488667 2
10.117023 -4.0881081 7.0415845 11
10.114618 -3.7731075 7.0383248 4
12.191649 -10.31115 7.1610742 8
8.1914654 -10.2995 7.1680269 7
8.3360281 -10.296322 7.1913853 5
7.8358526 -10.106491 7.1795979 36
10.576096 -10.133333 7.1487112 50
1.6250203 -10.026364 7.1936703 13
2.956068 -9.9437418 7.1582346 5
7.8396406 -9.6294975 7.1722283 2
12.006336 -8.8183308 7.1919417 22
5.9294968 -8.7199669 7.1900616 12
7.8458319 -8.7345171 7.1562943 23
7.823175 -8.2866411 7.1217389 3
10.459641 -7.8371525 7.1973262 22
7.851171 -7.1416001 7.1138749 14
10.363143 -6.9803243 7.1619573 23
10.295274 -6.5614867 7.1279049 25
11.577673 -6.1969056 7.1233673 3
6.9398365 -10.270254 7.2168899 3
10.605314 -9.2359705 7.2306299 5
10.555345 -8.753026 7.2208972 24
6.3953624 -8.6886396 7.2518034 7
10.503942 -8.2830954 7.2083993 22
6.5259414 -7.2135468 7.2256331 1
9.2473164 -10.1322 7.3959289 5
6.8741713 -10.233946 7.4711556 2
8.2812252 -10.279134 7.4540129 2
12.538994 -10.143439 7.4274073 6
11.048231 -10.114587 7.5168648 7
9.6080866 -10.063354 7.7146969 2
