# .PCD v0.7 - Point Cloud Data file format
VERSION 0.7
FIELDS x y z intensity
SIZE 4 4 4 4
TYPE F F F F
COUNT 1 1 1 1
WIDTH 4401
HEIGHT 1
VIEWPOINT 0 0 0 1 0 0 0
POINTS 4401
DATA ascii
-4.2141404 -19.522528 -3.1082852 23
-3.2275996 -16.108139 -3.1222878 2
-5.6265655 -14.739574 -3.0431979 2
-2.9090061 -14.33549 -3.090344 2
-4.8529572 -13.899118 -3.0653644 2
-2.9551725 -13.61235 -3.0306101 2
-5.129662 -13.410186 -3.0527964 2
-4.471982 -12.69464 -3.0757999 2
-2.7042861 -12.435011 -3.0390534 1
-4.6849294 -12.20794 -3.0371346 2
-4.1315947 -11.608322 -3.0681269 2
-1.3479877 -11.546228 -3.0660508 7
-2.4937961 -11.428425 -3.0415211 3
-4.2860155 -11.124473 -3.0056853 2
-1.2345631 -10.54989 -3.0425863 4
-1.0296929 -10.314483 -3.0500314 9
-0.97252661 -9.5202723 -3.0378397 7
-3.4830518 -8.9242697 -3.002439 3
-0.92355865 -8.8482256 -3.0318735 6
-0.87882847 -8.2412872 -3.0205185 5
-0.84176069 -7.7194877 -3.0181966 6
-0.81023228 -7.2807813 -3.0267286 1
0.092443839 -6.5732222 -3.0053003 10
0.084060535 -6.4997602 -3.0005398 12
0.087560833 -6.2002559 -3.0008991 11
0.076913431 -6.1468143 -3.0041299 9
0.078852959 -5.8605413 -3.0090339 14
0.074029937 -5.5510845 -3.0041413 15.5
-1.3695768 -5.4170375 -3.000957 13
-3.4306648 -17.254509 -2.9650173 12
-4.2919173 -15.249726 -2.9486389 3
-3.4213402 -15.134472 -2.908354 1
-3.3098998 -13.346708 -2.9260342 2
-2.9098907 -12.603614 -2.9272616 2
-1.9096063 -12.232501 -2.9010096 2
-1.6213223 -11.701406 -2.9104433 2
-1.352869 -11.159229 -2.90554 2
-1.0602492 -10.714485 -2.9188159 17
-3.9504189 -9.927289 -2.91291 2
-3.5793817 -8.9721851 -2.9622071 3
-0.87613934 -8.5701714 -2.9167726 4
-2.1616132 -7.8929238 -2.9044135 5
-1.9677109 -7.6717649 -2.9087536 5
-0.87401503 -7.3616395 -2.9962156 7
0.095749751 -7.2635002 -2.9611063 35.5
-1.9884325 -6.9946675 -2.9460807 4
-1.8165696 -6.7635856 -2.9393187 8
-1.6543307 -6.5366774 -2.9308157 10
-0.78119457 -6.5403738 -2.9937334 7
-0.73913372 -6.1632562 -2.9818454 9
-1.4616042 -5.8049936 -2.9947872 12
-1.1253729 -5.8969903 -2.9831765 0
-0.70212805 -5.8361506 -2.9794576 5
-2.5707841 -5.7326393 -2.9161298 8
-2.4269423 -5.6294355 -2.9224529 6
-1.3958429 -5.4980555 -2.9860587 13
-0.68343276 -5.4791083 -2.9963665 7
-2.4267402 -5.2734442 -2.939141 8
-1.334003 -5.2161131 -2.9786739 14
-2.2851787 -5.1424189 -2.9329376 9
-1.326044 -5.1470051 -2.9940429 13
-0.66451377 -5.1937189 -2.98754 20
0.077301838 -5.0162759 -2.9913549 41
-1.2829314 -4.9791636 -2.98628 13
-0.645706 -4.9243474 -2.9737735 13
0.056489803 -4.9759855 -2.9964156 45
-1.5255301 -4.8690858 -2.9172451 12
-1.2859371 -4.8980517 -2.9885168 14
-1.4155151 -4.7723322 -2.9185228 4
-1.2313521 -4.733212 -2.9767768 16
-0.58523005 -4.7818127 -2.9847894 25
-1.2511885 -4.669219 -2.9855394 14
-1.1287529 -4.6117406 -2.9593239 21
-3.7005377 -13.970374 -2.8834565 2
-1.3938811 -11.771427 -2.8543372 31
-1.1086307 -10.657228 -2.8998482 4
-0.86095613 -10.208289 -2.8943419 11
-0.65022337 -9.6522331 -2.8541477 19
-2.6251011 -7.3243904 -2.8152342 1
-0.61940598 -4.9679642 -2.8051651 25
-0.60119885 -4.8648863 -2.8908594 21
-7.2118611 -18.900045 -2.7178986 4
-2.7254074 -12.255869 -2.7081056 1
-3.0704865 -11.795226 -2.7010703 1
-2.6969204 -11.334163 -2.7172279 1
-0.28175282 -8.3686085 -2.7971652 41
-0.22973904 -8.202301 -2.7461276 41
-1.7191745 -8.1611824 -2.7451587 2
-1.4131771 -7.6074471 -2.7745087 2
0.042061009 -7.6095881 -2.7348654 11
1.1231414 -7.3763161 -2.7419863 38
-1.4508951 -7.198421 -2.7799432 4
-1.4811451 -4.1446419 -2.7113972 4
-4.2593193 -19.570822 -2.6937828 38
-3.1813948 -13.884721 -2.6574495 2
-3.1078496 -12.715007 -2.6715732 2
-1.4275448 -11.861598 -2.6033392 52
-1.522871 -11.278461 -2.6902051 1
-1.0653325 -10.763213 -2.6806006 17
-0.30263811 -8.4269028 -2.6093223 34
0.067952618 -7.3608694 -2.6234543 37.5
-0.623478 -4.8570347 -2.6006787 2
-7.709621 -21.674307 -2.5083671 93
-3.4282761 -17.275517 -2.580575 16
-0.23802629 -8.2188988 -2.550175 37
0.94096923 -5.1922607 -2.5497155 51
1.0080163 -5.0197277 -2.5490396 55
-0.63752377 -4.8494072 -2.5031085 1
-1.696174 -3.7848699 -2.5193994 29
-7.0156426 -18.905411 -2.4385302 4
-1.0673243 -10.765907 -2.4298866 16
-0.32305878 -8.491188 -2.426466 37
-3.2564728 -7.7304654 -2.4548614 5
-2.1489832 -4.4281735 -2.4070179 5
-1.4189328 -4.198493 -2.460357 0
-1.7267853 -3.7724497 -2.4975634 12
-1.4601358 -11.949763 -2.3532505 67
-0.24491966 -8.2444677 -2.3571489 37
0.052274421 -7.4665504 -2.3067405 25
-0.63705212 -4.8447537 -2.3665664 0
0.37201461 -4.4902525 -2.3699858 3
-1.4660401 -4.1135263 -2.3605263 24
-0.98580056 -3.8469417 -2.3311729 46
-1.6776409 -3.7272971 -2.3584342 17.5
-1.5532962 -3.7801888 -2.3086834 1
-1.60726 -3.4135945 -2.3573828 22
-4.3113651 -19.637568 -2.2799296 17
-0.3426761 -8.5524683 -2.2415287 37
0.032527782 -7.4718432 -2.2786081 38
-2.1338813 -4.4676833 -2.2226586 4
-1.5288929 -4.0825825 -2.2951384 17
-1.6460344 -3.6796951 -2.2176089 27
-1.5849814 -3.6951237 -2.2047009 25
-0.55148971 -3.602191 -2.2567406 16
-3.4064918 -17.175077 -2.1849079 17
-1.071273 -10.787619 -2.1874459 12
-0.25761589 -8.269906 -2.1678402 41
0.017182415 -7.5092249 -2.107353 38
0.038263746 -7.4500799 -2.121191 38
0.92606568 -5.2175102 -2.1082463 61
0.98753536 -5.0477419 -2.1231761 61
-0.63532132 -4.8374066 -2.1024561 17
1.1515092 -4.5696754 -2.1647995 65
0.67722905 -4.4303927 -2.1009934 56
1.1990658 -4.4170761 -2.1738198 63
-2.1757648 -4.3774691 -2.1325843 20
1.2430606 -4.268518 -2.1828179 3
-2.0589392 -4.0578251 -2.1533983 15
-1.524384 -3.8573749 -2.1230342 13
-0.97990757 -3.8143561 -2.1980853 34
-1.6506623 -3.7200518 -2.1460135 33.666668
-14.003804 -42.415749 -2.0920022 74
-1.4893262 -11.974922 -2.0867689 83
-0.36358136 -8.608758 -2.0536838 32
0.58049911 -4.3961396 -2.0146642 68
-1.6452147 -3.7648075 -2.033011 39.333332
-1.5660022 -3.7811637 -2.0387995 36
-0.9754644 -3.7838683 -2.0701444 45
-4.4539452 -20.136644 -1.9114981 9
-1.080555 -10.881404 -1.9608132 8
-0.78610528 -10.374035 -1.9028416 11
-0.26539344 -8.3714275 -1.9982432 65
0.016036471 -7.5450506 -1.9518198 39.5
0.49536705 -4.4163756 -1.9561576 52
-0.59633547 -4.2829261 -1.963349 0
-1.6635704 -3.8193433 -1.9828798 46.5
-1.0350374 -3.7809029 -1.9568304 0
-0.96966892 -3.7523019 -1.9471041 40
-3.8458538 -19.667654 -1.8403729 41
-3.3929563 -17.109804 -1.8011332 19
-1.5163755 -11.993072 -1.8221049 86
-1.2094589 -11.583945 -1.8162711 4
-0.95890564 -10.841026 -1.8431966 8
-0.72423363 -9.9103537 -1.8170086 32
-0.53218776 -9.3690958 -1.8465525 32
-0.36261481 -8.9290876 -1.880789 16
-0.27247918 -8.3869801 -1.8051931 45
-2.7318618 -6.1023192 -1.8585516 101
-0.62011236 -4.2642441 -1.8060404 3
-1.6245829 -3.7394156 -1.8377821 23.5
-1.0144054 -3.7140067 -1.8183627 46
-0.96502584 -3.7168002 -1.8251481 56
-0.86308998 -3.7518332 -1.8376648 48
-0.22988796 -3.2252862 -1.8494477 30
-0.19881722 -3.2327471 -1.8996491 1
-0.86757082 -2.8413544 -1.850934 12
-6.3344979 -16.721739 -1.75195 5
-1.4658428 -12.122991 -1.740725 23
-1.095775 -11.046293 -1.7430087 14
-0.013618732 -7.5399957 -1.7567273 23
0.015343105 -7.49403 -1.7749788 35
-2.832185 -6.0692816 -1.7738036 109
1.2551093 -4.3393226 -1.703185 59
-1.3490326 -4.2078424 -1.7126781 8
-1.4014858 -4.1035137 -1.7672337 2
1.3011936 -4.1926832 -1.7131932 66
-1.7125646 -3.9831681 -1.760878 8
-1.6628177 -3.9398558 -1.7324967 15
1.3888793 -3.9256763 -1.7364689 66
1.4312541 -3.8042669 -1.7502997 68
-1.0053867 -3.7030821 -1.7131976 42
-0.95610124 -3.7229888 -1.7387928 42.333332
-1.9265717 -3.6626489 -1.7461438 11
1.4731177 -3.6888914 -1.7635651 8
-1.857118 -3.4752946 -1.7993307 11
-0.22129858 -3.2233887 -1.7340587 25
-3.9000969 -19.641905 -1.6769361 50
-1.7900003 -13.045767 -1.6990687 7
-0.28047365 -8.397541 -1.6142085 46
0.0051790536 -7.5164804 -1.6052765 28
-2.7544498 -6.1137843 -1.6650032 89
0.32713056 -4.9761748 -1.6905835 19
1.1450357 -4.6126027 -1.6669092 60
1.2012887 -4.4693413 -1.683692 59
-1.4189937 -4.1652851 -1.6386302 2
-1.371812 -4.1404901 -1.6619 23
-1.718599 -4.0084405 -1.6721679 57
-1.6442271 -3.9206502 -1.6244912 75
-1.0011483 -3.7082419 -1.6185417 96
-0.96811515 -3.7197387 -1.6317375 101
-0.74109215 -3.7397609 -1.6308857 49
-0.66758209 -3.6883078 -1.6546092 53
1.4481615 -3.6770408 -1.6080101 69
1.4912987 -3.5766413 -1.6340219 11
-0.2339932 -3.2213426 -1.6102371 23.5
-1.2027031 -2.4563975 -1.6692924 46
-4.7653852 -21.425447 -1.5824155 26
-3.9623828 -19.564865 -1.5137461 137
-3.2030346 -17.208126 -1.5594295 13
-1.5434667 -11.99822 -1.5574371 74
-0.028523991 -7.5463734 -1.5823562 16
1.2446553 -4.3059006 -1.5025774 70
-1.3467741 -4.2260137 -1.5782619 17
-1.2745687 -4.2818141 -1.504835 48
1.2872503 -4.1665154 -1.5235529 70
-1.6060625 -4.0593491 -1.5785723 0
-1.5889027 -4.0209165 -1.5265044 3
-1.4425147 -4.0049567 -1.5226504 80
1.32933 -4.0331321 -1.5453629 73
-1.6634378 -3.9326918 -1.5368278 85.5
1.3734834 -3.9187288 -1.5697038 66
-0.9704712 -3.7167482 -1.5345808 100
-0.83768862 -3.7262318 -1.5565898 93.5
-0.70898569 -3.793988 -1.5182394 70
-0.55413312 -3.7885094 -1.5447427 44
1.4142734 -3.7983541 -1.591795 69
-0.9937914 -3.6973443 -1.5175288 89
-0.24105415 -3.2335472 -1.5260575 34.5
-1.6949934 -3.0144389 -1.5220321 9
-0.10107958 -2.8385084 -1.5792991 1
-0.095112108 -2.8068707 -1.5457337 6
-0.23538113 -2.5904269 -1.5845958 21
-4.871079 -22.234348 -1.4301914 24
-3.3967807 -17.138935 -1.42427 15
-1.0985525 -11.055998 -1.4933934 12
-0.28706482 -8.3920879 -1.4190333 44
-0.024617434 -7.5533476 -1.4223258 16
0.079198159 -7.5774083 -1.4180473 16
0.43007326 -4.5746498 -1.4663317 10
1.1450953 -4.5827956 -1.4497019 66
-1.3597155 -4.1702585 -1.4578611 50
-1.5017132 -4.04635 -1.4442552 30
-1.4549849 -4.0597329 -1.4404457 39
-1.7003273 -3.9700763 -1.4617679 97
-1.6369694 -3.9609449 -1.4464825 102
-1.5449386 -3.9959638 -1.4416831 90
-0.59376985 -3.9395182 -1.4066939 57
-0.63968617 -3.8326359 -1.4496702 114
-1.0192139 -3.7967002 -1.473996 43
-0.9402203 -3.7369931 -1.4944432 88
-0.24776153 -3.2302499 -1.4362891 30
-1.7300644 -3.1131163 -1.4511272 9
-0.21584353 -2.3862343 -1.450251 18
-0.69208688 -2.2522464 -1.4522889 20
-6.0914049 -25.845402 -1.327857 26
-0.19953579 -8.4120989 -1.3716408 7
-1.4555829 -4.1061339 -1.3674765 83
-1.3652344 -4.1737013 -1.3250246 74
-1.719543 -4.0251632 -1.3873186 69
-1.6518919 -4.0000367 -1.3659766 85
-1.5266496 -4.0914021 -1.3196361 53
-1.4225247 -4.0861292 -1.367493 56
-1.637434 -3.988194 -1.3603621 46
-0.61282825 -3.8473444 -1.3273609 55
-0.98575538 -3.7066541 -1.3352727 138
-0.59621084 -3.7452857 -1.3830804 5
-0.95020849 -3.6790137 -1.334167 71.5
-0.94773 -3.5353549 -1.3618891 16.5
1.5974629 -3.3088527 -1.3149667 78
-0.25349009 -3.2339382 -1.3514674 25
-1.575672 -2.6693451 -1.3134145 18
-0.12081023 -2.2254164 -1.3409699 19
-1.5750545 -12.04938 -1.297201 54
-1.2888814 -11.964786 -1.2537217 24
-1.1013311 -11.060927 -1.2480001 13
-1.0065336 -11.085863 -1.289663 12
-4.3886204 -10.992782 -1.2756037 84
-0.74316335 -9.9465466 -1.27132 29
-0.29386547 -8.4046249 -1.2299622 43
-0.056327648 -7.6270871 -1.2496477 1
-0.016492898 -7.5544014 -1.262954 23
-1.7241353 -4.0392165 -1.2041171 7
-1.6541647 -4.0212221 -1.212164 19
-1.6093537 -3.9317474 -1.2453589 48
-1.5620635 -3.9699299 -1.2388421 34
-0.62553352 -3.8953977 -1.2491878 79
-0.59192753 -3.8859892 -1.2637513 91
1.4076133 -3.8502383 -1.208778 67
-0.95888066 -3.7136011 -1.2418675 97
-0.83448517 -3.7461488 -1.2363815 81.5
1.4450359 -3.7269697 -1.2292541 67
-0.97825164 -3.6877394 -1.2382228 135
1.4852635 -3.6195705 -1.252231 70
-0.25809789 -3.5245924 -1.2126951 2
1.4764304 -3.5986364 -1.2232993 80
1.5197686 -3.5034719 -1.270452 9
1.5133208 -3.4934556 -1.2484614 9
-0.25952342 -3.2481179 -1.2732276 19
-0.13087717 -2.9055815 -1.2076496 6
-1.591985 -2.7231162 -1.2413716 13
0.054349609 -2.4802296 -1.2614366 5
-13.997425 -42.403111 -1.1631935 46
-7.8493376 -31.085629 -1.1871444 48
-4.8068752 -21.406343 -1.1292028 7
-2.4941068 -14.912465 -1.1337153 22
-1.9777616 -13.911333 -1.136673 28
-1.5479188 -12.310719 -1.1464047 16
-0.48596174 -9.1639795 -1.1432867 5
-2.1535847 -4.4556417 -1.1641148 16
1.2269895 -4.3540277 -1.1091024 37
1.2780277 -4.2270064 -1.1377517 64
-2.0953975 -4.1643634 -1.1634959 15
-1.7233753 -4.0320444 -1.1107016 0
1.3210971 -4.0811691 -1.1401484 67
-1.6079015 -3.9529419 -1.1600523 36
-1.1133511 -3.825911 -1.1344159 14
-0.64133024 -3.8482332 -1.1689595 43
1.3996457 -3.8210073 -1.1721283 77
-0.97941244 -3.710155 -1.1635979 139.5
-0.87549084 -3.7591028 -1.1607926 54
-0.72083396 -3.7878566 -1.1296109 94
1.4381695 -3.7088213 -1.1984075 71
-0.27074704 -3.2615137 -1.1662335 11
-0.13033041 -2.9026856 -1.1946309 4
-1.4794136 -2.3916531 -1.1463568 19
-0.41306973 -1.8465769 -1.1580153 9
-0.15563691 -1.8789895 -1.127452 44
-1.2549866 -1.7442492 -1.1675384 14
-1.2005436 -1.584939 -1.1064239 1
-11.614059 -43.177711 -1.0776275 79
-3.4153171 -17.240393 -1.0559998 12
-2.5421324 -14.918435 -1.0127164 6
-2.3434358 -14.656369 -1.0296351 38
-5.3744755 -13.700483 -1.0793903 2
-1.6138955 -12.166559 -1.043655 31
-4.4525337 -10.969595 -1.0264955 53
-0.30080229 -8.4451551 -1.0460218 31
-0.027113939 -7.5548573 -1.0912178 15
1.2256472 -4.321538 -1.0540859 66
1.2723483 -4.1893058 -1.0859547 64
-2.0656607 -4.063231 -1.0206828 15
-1.6187699 -4.010891 -1.0850302 2
-0.7373119 -3.8169074 -1.0230185 71
-0.63270378 -3.856941 -1.037312 114
-1.0072192 -3.7826984 -1.0352432 95
-0.98530132 -3.752202 -1.057099 127.33334
-0.82289648 -3.7756135 -1.0545566 100.5
-0.77436459 -3.7730732 -1.0719615 102
-0.26255772 -3.2190704 -1.0964527 10
-0.1339466 -3.2808018 -1.0621908 17
-0.14067473 -2.9644704 -1.0727233 5.5
-1.4918798 -2.4307621 -1.0829111 17
-1.4055245 -2.1723595 -1.0141867 22
-1.236551 -1.6282651 -1.0231411 14.5
-0.63344634 -1.6386944 -1.0823295 1
-1.2183492 -1.5573317 -1.023226 4
-0.60487539 -1.5775062 -1.0300341 5
-1.1706998 -1.4943764 -1.025211 1
-2.8370697 -15.999572 -0.93899602 4
-0.50661355 -9.1851645 -0.93930328 33
-0.036033981 -7.5902872 -0.92245173 11
1.3156409 -4.0669799 -0.92023224 68
1.3566074 -3.9408858 -0.95041192 74
-0.97557014 -3.8063304 -0.92912835 5
-0.85466772 -3.8141108 -0.91589075 40
-0.67295611 -3.860038 -0.95791233 132
-0.93508172 -3.7759764 -0.95362681 59.75
-1.8499781 -3.4664602 -0.92468423 10
-0.15522401 -2.9313836 -0.91277879 12.5
-1.4043312 -2.1819513 -0.95099008 20
-1.3419429 -1.9514008 -0.90415668 27.5
-1.3167422 -1.8426751 -0.93806922 29
0.26475713 -1.8596952 -0.96240044 2
-1.2768279 -1.7270889 -0.95726889 24
-1.2505299 -1.654249 -0.9623825 15
-1.1827313 -1.5267599 -0.99205446 25
-0.25598085 -1.5241672 -0.93803436 1
-1.1519325 -1.4283631 -0.93881649 23
-0.55125421 -1.4887651 -0.96481335 71
-3.4750443 -17.844431 -0.84299314 4
-3.4743812 -8.152422 -0.83953887 150
-0.08662533 -8.1984739 -0.83565623 1
1.2223678 -4.321188 -0.85342741 17
1.2707999 -4.1950812 -0.88864332 70
-0.86819464 -3.8307152 -0.88740045 29
-0.97870046 -3.7738776 -0.8262341 1
-0.80395341 -3.714123 -0.82925129 38
-0.75438309 -3.7583115 -0.82892603 34
-1.8121172 -3.3579066 -0.80836123 10
-0.072497971 -3.0127189 -0.83256167 6
-1.4273932 -2.1474025 -0.80887443 35
-1.4047766 -2.0896399 -0.83579409 30
-1.386961 -2.0380228 -0.86314368 36
-1.3520224 -1.9832132 -0.86614728 30
-1.2830801 -1.817189 -0.80418688 19
0.26323041 -1.8382058 -0.81593728 17
-1.2888921 -1.7613264 -0.8601253 21.333334
-1.1237133 -1.3455483 -0.8701427 22
-0.24338394 -1.3829266 -0.84394664 3
-1.0954958 -1.2639484 -0.82203567 22
-4.2939081 -20.235485 -0.7253384 9
-5.3857059 -13.650694 -0.78912419 8
-1.656829 -12.306749 -0.78846931 22
-0.52611607 -9.202342 -0.73722428 49
-0.046572454 -7.5907383 -0.75171191 4
0.44588354 -7.1494794 -0.70824957 9
-0.95762223 -3.8064342 -0.76425672 0
-0.71584415 -3.8602343 -0.76199579 7
-0.87157148 -3.7153015 -0.78810614 41
-0.7571466 -3.7470388 -0.79573518 34
-1.678375 -2.9727306 -0.75586611 12
0.074337885 -2.5833449 -0.78393209 39
-1.4631362 -2.2567251 -0.7206018 30.5
-1.4382927 -2.1858292 -0.77285463 30
0.18477789 -2.0741715 -0.79875821 10
-1.3168793 -1.8388139 -0.76073623 21.333334
-1.2799941 -1.8185303 -0.75776279 27
-1.2329769 -1.6732938 -0.72024882 25
-1.0856221 -1.2386153 -0.76585758 27.5
-0.37763202 -1.2163506 -0.76980567 1
-1.0582536 -1.1622055 -0.73573542 24
-0.52400327 -1.1080452 -0.73352504 1
-4.8570194 -21.422831 -0.67886305 6
-3.4335349 -17.326853 -0.68361717 14
0.30667195 -7.1000562 -0.61689806 115
-1.641234 -2.8725879 -0.66128212 16
-1.5552716 -2.6117795 -0.63019562 14
0.075997658 -2.5748603 -0.6615234 16
-1.5079023 -2.3783345 -0.62812382 15
-1.4765477 -2.3042977 -0.65724421 17
0.19921523 -2.1804748 -0.61898553 4
-1.3380188 -1.9021269 -0.6088717 23
-1.332823 -1.8836215 -0.66807818 21.5
0.26118201 -1.8586791 -0.61889005 14.5
-1.2311947 -1.6764004 -0.6824069 32
-1.1932147 -1.5571487 -0.63576913 31
0.37036049 -1.5596018 -0.65073758 18
-1.0514053 -1.139825 -0.68936366 3
-0.35650253 -1.116847 -0.69428247 2
-1.0250888 -1.0566343 -0.63700682 5.5
-0.48585731 -0.97356325 -0.63119155 2
-0.3440724 -0.93984509 -0.60075295 2
-0.26697275 -0.98508292 -0.60174221 1
-5.5748158 -24.268957 -0.59007555 57
-1.6985145 -12.430937 -0.52513546 26
-0.56752783 -9.4475908 -0.58933991 28
-0.54271299 -9.1105089 -0.52777267 36
-0.050813071 -7.7560949 -0.59497625 37
0.18399404 -7.2710667 -0.54398662 34
-2.7323067 -6.18503 -0.50778157 17
-2.7803872 -6.098978 -0.54654938 115
-1.5210021 -2.525727 -0.55533642 14
-1.5158081 -2.4198236 -0.53066313 20
-1.5076801 -2.3914542 -0.57800388 17
-1.4549246 -2.3214307 -0.53166181 13
-1.3464293 -1.9220374 -0.54994273 28.5
0.2643213 -1.8532898 -0.53903812 16.5
0.31070843 -1.7023859 -0.561414 20
-1.1576406 -1.4510542 -0.57740927 26.5
0.58535427 -1.4418193 -0.58104682 23.333334
0.61580384 -1.4050404 -0.5976361 12
-1.1257665 -1.3565742 -0.52596629 33.5
0.59747702 -1.3725015 -0.58959126 0
0.66924143 -1.2880991 -0.51521009 3
-0.98890847 -0.9561311 -0.55733645 6.5
-0.35713339 -0.92438418 -0.59021467 0
-0.25400087 -0.97720659 -0.59937608 2
-0.96604848 -0.88996732 -0.50673878 7.5
-0.46710211 -0.8795808 -0.59241676 0
-12.372208 -42.922005 -0.47961903 131
-0.76832116 -10.039298 -0.4919576 30
-0.64936656 -9.8898773 -0.4868781 20
-0.32174435 -8.5017643 -0.48092896 36
-0.072325416 -8.0173206 -0.40778443 33
-0.11754005 -7.946795 -0.40838552 40
-0.060275517 -7.7695336 -0.42317948 38
0.059134103 -7.5834179 -0.47502625 22
-2.8467028 -6.0586033 -0.44725484 101
-1.5336299 -2.4700441 -0.46166357 21.5
-1.4301883 -2.2562904 -0.47296959 17
-1.3623641 -2.0567966 -0.42843217 19.5
-1.3472787 -1.9284712 -0.44617891 28.333334
0.29194373 -1.8709643 -0.45271349 29.5
0.32342982 -1.8936553 -0.46556789 1
0.51091522 -1.7131529 -0.40213951 14
0.48576024 -1.6955775 -0.43234178 13
0.54321188 -1.6100707 -0.42589161 71
1.9070302 -1.6689374 -0.40095812 5
2.0843847 -1.6756083 -0.41124493 4
0.37776327 -1.5243433 -0.44198638 17
0.54971164 -1.5470798 -0.45841017 82
1.4662701 -1.5356228 -0.40047875 9
1.8526127 -1.5548207 -0.40622932 4
2.0288851 -1.5648122 -0.42019099 0
0.5908066 -1.4760301 -0.46009165 70
0.61283231 -1.4466796 -0.47503519 17
1.4311882 -1.4270988 -0.40148419 9
1.7898546 -1.434858 -0.40318045 2
0.45795506 -1.3100672 -0.46205333 9.5
0.64109373 -1.3338115 -0.49585372 31
0.75887972 -1.3323712 -0.40762243 4
0.91575277 -1.3495808 -0.40766823 14
1.0086722 -1.3063347 -0.40205806 1
1.1291089 -1.3406979 -0.4042055 12
1.3985327 -1.3275464 -0.40034014 10
2.0288558 -1.3595084 -0.44677085 10
2.1395633 -1.3887868 -0.4190979 8.6000004
-1.0940573 -1.2675765 -0.47855541 29.5
0.43801966 -1.2852253 -0.47840816 23
0.53222317 -1.2530926 -0.43080297 120
0.6962471 -1.2272067 -0.44853526 9
0.76486933 -1.2746284 -0.40617293 7.5
0.91118127 -1.2546203 -0.40388858 0
1.1092392 -1.2144059 -0.40436587 2
1.9562663 -1.2846938 -0.40277499 8
-1.0663755 -1.177157 -0.42736328 6.3333335
0.66953659 -1.1074886 -0.42487168 4
0.75448912 -1.1447922 -0.40660223 3.5
1.3506172 -1.1691979 -0.40356287 1
2.0771759 -1.1239804 -0.41399297 3
2.1784008 -1.103802 -0.42211029 2
0.73266196 -1.0739424 -0.40728655 8
1.0795361 -1.0352235 -0.40104231 3
1.9637792 -1.0573285 -0.41078693 2.5999999
2.1104555 -1.0203291 -0.41762206 3
2.3594286 -1.0193391 -0.40241086 33
0.27023953 -0.90979719 -0.40936634 5
0.78648597 -0.96531433 -0.40672874 4
0.90505517 -0.96559846 -0.40509969 3
1.0689999 -0.95383531 -0.40376753 1
1.8743355 -0.91763514 -0.40494424 5
2.0871918 -0.96916974 -0.42622843 7
2.3318205 -0.95346355 -0.41861719 9
-0.95508599 -0.83009982 -0.43810982 6.5555553
0.043523751 -0.82892579 -0.42528966 1.5
0.1920118 -0.88196456 -0.42121726 1
0.24908027 -0.85336292 -0.41612378 0.80000001
0.44641876 -0.85248017 -0.40115842 2.6666667
0.79526323 -0.84763527 -0.40627015 2
0.90497983 -0.87410933 -0.40860778 1.5
1.8441119 -0.85322994 -0.41370416 8
2.0249968 -0.89348906 -0.41924626 7
2.2935486 -0.83631772 -0.45003247 9
2.3519089 -0.85158902 -0.42024258 8.333333
-0.93529433 -0.77650392 -0.43404895 4.8571429
-0.27073365 -0.76343822 -0.46875447 0
-0.14423887 -0.73612851 -0.42573026 4.6666665
-0.084386736 -0.72628111 -0.42861629 5
0.053060692 -0.7475124 -0.42272574 2.375
0.13401529 -0.73739809 -0.41660887 1.4
0.21053904 -0.79086572 -0.422589 1
0.37863681 -0.73148167 -0.41239983 0.80000001
0.46012416 -0.75537062 -0.40934074 2.625
0.79998553 -0.76130074 -0.40279856 0
1.2121927 -0.70012331 -0.40310997 3
1.4502385 -0.72426695 -0.40218285 2
1.772857 -0.74918437 -0.40678018 6
1.8780075 -0.70997512 -0.40184468 10
2.2632511 -0.75851691 -0.46456113 9
2.3207433 -0.73990321 -0.42335337 8
2.4594438 -0.70324939 -0.40565932 34
-0.54986173 -0.61757529 -0.4340249 4.1999998
-0.21016127 -0.61692834 -0.42037812 3
-0.13853098 -0.64084715 -0.4221721 3.8333333
-0.051992871 -0.63786113 -0.42769393 3.4000001
0.060512751 -0.66184741 -0.42089513 2.6666667
0.13628699 -0.64027303 -0.41659454 3
0.24374336 -0.62555999 -0.41706213 2.1666667
0.37554345 -0.6634084 -0.4172276 2
0.47161022 -0.65181112 -0.41422576 1.75
0.99819738 -0.67280138 -0.40105161 2
1.0861199 -0.66178823 -0.40202707 2
1.2677177 -0.61755747 -0.4013719 3
1.4236245 -0.65305096 -0.40421033 2
1.6962087 -0.61323905 -0.40856659 18
1.725098 -0.66715372 -0.40690103 7.5
1.8337551 -0.62837261 -0.40523925 12
2.0816581 -0.63293004 -0.41602761 12
2.3215787 -0.6412288 -0.45667511 8.75
2.4569795 -0.63475776 -0.41323912 12
-0.80908602 -0.54328865 -0.44592744 0
-0.78641939 -0.5257473 -0.43928018 1.3333334
-0.6402396 -0.53378338 -0.43766046 1.8571428
-0.52040315 -0.56241202 -0.43004176 2.875
-0.45256484 -0.53705066 -0.42545456 3.2777777
-0.3643043 -0.53250587 -0.43008339 3.375
-0.16950968 -0.55446994 -0.4270834 3.4000001
-0.082476273 -0.5640561 -0.42031804 3.4000001
0.078015298 -0.545609 -0.41970018 4.25
0.13307521 -0.54559731 -0.41794884 4.1111112
0.24841841 -0.54839176 -0.41491821 4.25
0.37137327 -0.54587525 -0.41175967 4.090909
0.48589981 -0.55593109 -0.41830111 3
0.52109277 -0.57598132 -0.40219784 2.6666667
0.81443018 -0.53075671 -0.40096119 3.6666667
0.96271878 -0.55823445 -0.40126973 4
1.0121154 -0.550695 -0.40171561 4.6666665
1.1725917 -0.54836082 -0.40107533 5.6666665
1.38407 -0.54289269 -0.40695798 2.5
1.4731004 -0.54017961 -0.4010303 2
1.659073 -0.54504073 -0.40650818 1
1.7730505 -0.53063965 -0.40209186 7
1.8044513 -0.5854696 -0.40247375 1
2.0238161 -0.55465603 -0.41223311 10
2.296711 -0.55082375 -0.47172052 9
2.396199 -0.55796069 -0.42481342 9
2.433651 -0.54731733 -0.43142748 8.8000002
-0.75035566 -0.45210999 -0.43354285 3.2727273
-0.61774796 -0.4598352 -0.43244052 4
-0.5480448 -0.45304975 -0.43277597 4
-0.45113564 -0.45604458 -0.42972061 4.0833335
-0.36831135 -0.44445699 -0.42648661 4.6666665
0.055449005 -0.44674081 -0.41805074 3.7142856
0.13409336 -0.44809783 -0.41941434 3.8571429
0.24968091 -0.44865972 -0.41577488 4
0.36843836 -0.45473701 -0.41357407 4.3157897
0.46776342 -0.44077662 -0.41218215 3.75
0.75448412 -0.44348451 -0.40342 3.3636363
0.84353769 -0.44906497 -0.40367797 3.4210527
1.0036347 -0.44431391 -0.40385062 4.1999998
1.1528225 -0.46127874 -0.40199336 5
1.3561732 -0.45020664 -0.41129008 3
1.4425961 -0.4516274 -0.4047277 2.5
1.596619 -0.40332487 -0.40902302 1
1.6206774 -0.458159 -0.40959492 1.3333334
1.733704 -0.44876826 -0.40337083 6.6666665
1.9608393 -0.44284078 -0.41345888 7.75
2.0713778 -0.41962481 -0.40568298 7
2.2344985 -0.49896917 -0.45756745 8
2.3479719 -0.45528781 -0.43111268 9
2.4401228 -0.44654477 -0.44908023 9
-0.7163493 -0.3731674 -0.43102586 3.5
-0.67320454 -0.34100819 -0.43112013 3.8571429
-0.57835257 -0.35357678 -0.43141258 4.2222223
-0.4663043 -0.34777632 -0.42390308 5
-0.35357982 -0.35293046 -0.42508715 5.6666665
-0.27338576 -0.34567332 -0.41742751 4
-0.11192202 -0.32903934 -0.40081087 2
-0.081648387 -0.32540396 -0.41720811 3.3333333
0.031792682 -0.34571373 -0.42183995 3.25
0.14528592 -0.34886181 -0.42329562 3.0833333
0.25772813 -0.35302737 -0.41682535 3.9375
0.36400306 -0.34935108 -0.4152821 4.0588236
0.4593268 -0.3520247 -0.41186112 4.4000001
0.53955632 -0.33110219 -0.40418911 3.4000001
0.77400798 -0.38202453 -0.40424636 3.6666667
0.85433853 -0.3501541 -0.40431038 3.5
0.98573089 -0.33603725 -0.40632364 3.8333333
1.041961 -0.35407281 -0.40013748 4
1.1321683 -0.35018808 -0.40294227 4.8000002
1.3223283 -0.3522737 -0.40728706 5
1.4165887 -0.34863818 -0.41046578 3
1.5805581 -0.34516042 -0.41298091 1.75
1.6918225 -0.33532047 -0.40685269 1
1.7145193 -0.39080721 -0.40703142 1
1.9153333 -0.34428129 -0.41489413 3.6666667
2.043411 -0.34482527 -0.40892678 11.75
2.2669015 -0.32544929 -0.42554164 8
2.3608718 -0.31587583 -0.46028686 8
2.4511464 -0.35848999 -0.46506417 9
-0.7461471 -0.24115975 -0.40315852 8.666667
-0.66748637 -0.2526412 -0.43291229 3.125
-0.54628497 -0.24490015 -0.42378229 4.5
-0.45009831 -0.25104716 -0.42252818 5.7142859
-0.35100555 -0.25184008 -0.428509 6.2142859
-0.25693324 -0.24581833 -0.42108262 5.5
-0.14941524 -0.23902979 -0.41638356 3.6363637
-0.061350573 -0.25079712 -0.4142417 4.090909
0.046890531 -0.2266126 -0.41518363 3.4000001
0.14911686 -0.24279532 -0.41930658 3.3636363
0.27319309 -0.24616328 -0.41936734 3.4615386
0.37780187 -0.25265518 -0.4145374 4
0.45271328 -0.25029394 -0.41340154 4.5333333
0.55498362 -0.24968322 -0.41335711 5
0.62363684 -0.23433809 -0.40845999 4.5999999
0.87050885 -0.25393292 -0.40444151 4.1666665
0.96116728 -0.24984919 -0.40911549 3.5454545
1.035062 -0.24798387 -0.40592685 4
1.1325634 -0.24120736 -0.40466031 4
1.2942244 -0.22183292 -0.41031092 5
1.3436584 -0.25547716 -0.40803745 5
1.5551897 -0.24640281 -0.41678342 2
1.6687022 -0.24676128 -0.40879351 1.25
1.8834029 -0.25649029 -0.41517955 6
1.9972229 -0.21716492 -0.40748048 0
2.012475 -0.25863737 -0.40892598 5
2.2152245 -0.236551 -0.41788867 9.333333
2.3825107 -0.24618264 -0.44744325 8
2.4045312 -0.24899936 -0.45441824 9
-0.71952134 -0.15324891 -0.41239768 9
-0.63872719 -0.15465088 -0.42780951 3.5
-0.52800256 -0.14546901 -0.42117733 4.75
-0.43899095 -0.15819152 -0.42961684 6
-0.34178251 -0.15303633 -0.42995179 5.9375
-0.26249766 -0.14908919 -0.42338458 6
-0.1407239 -0.15548475 -0.41301358 4
-0.041667659 -0.1442062 -0.4201282 4.6666665
0.058980718 -0.14939716 -0.41637105 4.625
0.16139689 -0.15012316 -0.41832516 3.9166667
0.26413926 -0.14640315 -0.41474712 3.2631578
0.36133769 -0.14900522 -0.41515338 4.1666665
0.44773957 -0.13908798 -0.4170773 4.25
0.56348991 -0.14327095 -0.41482148 4.4000001
0.62181872 -0.14080366 -0.40993178 4.3888888
0.88241899 -0.14758137 -0.40554792 4.1428571
0.96402472 -0.15323189 -0.41198832 3.7142856
1.0283432 -0.14428288 -0.40728465 3.3333333
1.140519 -0.14910281 -0.40692437 4
1.2844509 -0.15036623 -0.41061619 5
1.3716724 -0.15783815 -0.40765876 5
1.5403439 -0.14534384 -0.42066294 2
1.6571205 -0.15393542 -0.41259071 1.75
1.8608993 -0.15321879 -0.41605872 7.1999998
1.9884466 -0.14080895 -0.40902817 4
2.0051956 -0.19288883 -0.41217464 13
2.1986194 -0.10739738 -0.41842791 17
2.2025049 -0.15793075 -0.41850972 10.333333
2.339083 -0.15505537 -0.43782583 7.3333335
-0.63058913 -0.055332422 -0.42483529 4.4545455
-0.52169377 -0.047952376 -0.42069975 5.3333335
-0.4371039 -0.054794591 -0.42596674 6
-0.33799744 -0.049102779 -0.41994521 6
-0.2634218 -0.049390562 -0.41749644 6.1111112
-0.14137626 -0.081176959 -0.41040426 4
-0.047647737 -0.050505646 -0.41603446 4.6111112
0.066437654 -0.054515585 -0.41454798 5.2222223
0.16654865 -0.05077396 -0.41778409 3.75
0.26048678 -0.035594393 -0.41305575 3.7777777
0.36272413 -0.049782686 -0.41756403 4.125
0.45241332 -0.046564173 -0.42006275 3.52
0.56633615 -0.04905948 -0.41812095 4.3703704
0.62146342 -0.08015433 -0.41375127 4
0.86970252 -0.045046549 -0.40353903 5
0.95004565 -0.050728142 -0.41075656 4.181818
1.0286251 -0.049651984 -0.41185656 3
1.1384907 -0.050570067 -0.41070017 4
1.2787417 -0.048682302 -0.41314974 5
1.3677613 -0.051515624 -0.410373 5
1.5338172 -0.050511699 -0.4222874 2
1.6579075 -0.054705165 -0.41574803 1
1.8599085 -0.045302279 -0.41945583 4.8000002
1.9965056 -0.042223372 -0.41122761 0
2.005744 -0.067394339 -0.41514164 10
2.1992812 -0.082393922 -0.41884339 9
2.2752805 -0.012224941 -0.42764354 6.5
2.346266 -0.063300028 -0.44658551 7.5
2.4358132 -0.066932149 -0.49794453 10
-0.62633371 0.053225745 -0.41862014 6.8333335
-0.5414744 0.042202357 -0.41815284 5.181818
-0.43589735 0.049210079 -0.42395711 6
-0.33351916 0.053586267 -0.41429871 6
-0.25854883 0.045468573 -0.41241181 8.5
-0.16248113 0.061739825 -0.40862158 4.0769229
-0.059186101 0.045118827 -0.41204399 4.3684211
0.065172695 0.05091738 -0.41215786 4.8000002
0.16033036 0.049191076 -0.4197565 3.9333334
0.27566805 0.053657781 -0.4153704 3.8571429
0.36680204 0.046104278 -0.4189992 4.5714288
0.45084792 0.04938687 -0.42099002 4.3600001
0.56445044 0.047798358 -0.42283097 4.2727275
0.60822862 0.060149997 -0.41996124 4
0.86683303 0.049818885 -0.41023934 5.6666665
0.94134712 0.039876636 -0.4110347 4.7272725
1.0333306 0.057468012 -0.41540381 3.1666667
1.1403054 0.048178598 -0.41407982 4
1.2804582 0.048951972 -0.41450295 5
1.3775051 0.052304398 -0.41368049 4.8000002
1.540565 0.051046774 -0.42479277 2
1.6718519 0.053997505 -0.41734821 1
1.8748779 0.050181948 -0.42222151 5.75
2.0329609 0.043753769 -0.41875368 3.25
2.2515354 0.053925581 -0.42793864 7
2.3180699 0.049667593 -0.4212153 7.25
-0.60381353 0.1264811 -0.41059637 8.5
-0.5286777 0.14241707 -0.41262603 5.5
-0.43924308 0.14531706 -0.41859105 6.125
-0.33786961 0.15368681 -0.41866475 6.090909
-0.23365578 0.16400717 -0.4076826 4.7272725
-0.16055858 0.13527076 -0.41521293 4.1052632
-0.041308559 0.11966489 -0.41056049 4.1666665
0.054856077 0.15486948 -0.4099867 4.5
0.15522136 0.14490044 -0.42257333 3.5714285
0.27201688 0.14735851 -0.41963068 3.9047618
0.36578503 0.14937939 -0.4213683 4.4375
0.44804731 0.14791159 -0.42162943 4.3000002
0.54845887 0.14658083 -0.42381075 4.5882354
0.6180442 0.14592892 -0.42988175 4.181818
0.86963832 0.1457776 -0.41405749 5.75
0.94649845 0.14788415 -0.41462269 4.8333335
1.0346979 0.15801363 -0.41775563 3.4285715
1.1515535 0.14985351 -0.41487622 4
1.2933372 0.1413012 -0.41842675 5
1.3477557 0.15223067 -0.42009029 4.5
1.4078367 0.1606694 -0.42228708 2
1.5588449 0.15536352 -0.42634359 2
1.6988 0.13161033 -0.42171723 1
1.7189085 0.17886427 -0.42365801 1
1.8973159 0.10466927 -0.42683601 1
1.9228723 0.16122352 -0.43053764 4.75
2.0792301 0.14550443 -0.42175108 10.25
2.2606065 0.12254689 -0.41219544 26.333334
-0.54653442 0.22378342 -0.40820703 6.8000002
-0.46279049 0.23777838 -0.41175675 6
-0.33657128 0.24798958 -0.41443029 6.6999998
-0.2550188 0.23556162 -0.41304031 6.1666665
-0.16319925 0.23301823 -0.40730751 4.125
0.038764305 0.25207263 -0.41088635 4.5
0.15765597 0.25412863 -0.42214236 3.55
0.26988438 0.24863933 -0.423219 3.8095238
0.38001978 0.23593654 -0.42043924 4
0.44000426 0.24820149 -0.42301914 4.375
0.5591383 0.24308018 -0.42440087 4.6999998
0.63227177 0.23653732 -0.42797923 3.1111112
0.86107785 0.26710925 -0.41378215 5.3333335
0.92662603 0.24885339 -0.418973 4.625
1.0283755 0.25370622 -0.42042306 4.1666665
1.1410383 0.24240562 -0.41987202 4.1428571
1.2087549 0.26624635 -0.41647285 4.75
1.3163309 0.2501865 -0.42303473 5
1.4354211 0.24530959 -0.42548695 2
1.5902274 0.24771583 -0.4311699 2
1.7479064 0.25119269 -0.42295012 1.5
1.9345351 0.23874503 -0.42219457 7.6666665
2.0595675 0.20508881 -0.40302134 9
-0.33160019 0.34895718 -0.40965018 4.25
-0.27265376 0.36487961 -0.41323495 3.75
-0.09425991 0.33848032 -0.40595552 2
0.012263792 0.37725902 -0.41510043 3.75
0.14837253 0.35065785 -0.4239516 3.5599999
0.26154849 0.34492695 -0.42420989 3.8181818
0.38633037 0.39156938 -0.43627501 3.5
0.45957237 0.34301868 -0.42359933 3.5
0.57412428 0.31629762 -0.42600015 2
0.73702031 0.37292171 -0.42696244 2.2857144
0.86230379 0.35477269 -0.42083052 4.9230771
0.93893135 0.35631269 -0.42319274 4.1999998
1.0394907 0.35314995 -0.41951036 4
1.1460255 0.34744111 -0.42038432 5
1.2325281 0.34983143 -0.41972053 5
1.3427703 0.35055763 -0.42526403 5
1.471868 0.34837505 -0.42545065 3
1.6159741 0.33339593 -0.42876613 4
1.7503968 0.30750075 -0.40888 9
-0.32452989 0.48151326 -0.4146685 5
-0.23255976 0.45382345 -0.41263732 4.25
-0.17842016 0.47369912 -0.41232249 3.4545455
-0.0036841421 0.41503918 -0.40937352 3
0.0046794997 0.40528846 -0.41542092 3
0.13376179 0.43894506 -0.42193511 3.9285715
0.2866388 0.45452008 -0.42499879 4.25
0.39549074 0.42419422 -0.43383965 3.3333333
0.41578835 0.44579637 -0.426397 3.75
0.66914743 0.44913599 -0.43352446 3
0.77261019 0.43901965 -0.42581439 3
0.84826094 0.45696998 -0.42676273 3.75
0.94394153 0.45196438 -0.42397866 4.1111112
1.0537584 0.44758922 -0.42126176 4.75
1.1653736 0.4429521 -0.42270747 5.25
1.2566273 0.44017902 -0.41772148 7.5
1.3613648 0.43513021 -0.42033395 7.6666665
1.4687251 0.40761918 -0.40411782 10
-0.36768922 0.56589937 -0.4131141 3.875
-0.22832726 0.55852008 -0.41375047 3.6363637
-0.18565474 0.53261322 -0.4133344 3.6363637
-0.057068903 0.5826816 -0.41679129 2
0.13468231 0.55219281 -0.42617404 3.9230769
0.25811732 0.54606122 -0.42730364 4.6153846
0.30509713 0.52174515 -0.42921141 2
0.43446231 0.55669796 -0.42797485 1.4285715
0.54817706 0.53441811 -0.43495536 2.25
0.69222641 0.51271874 -0.43444595 3
0.737858 0.55053043 -0.43668532 3.0833333
0.86248767 0.54133594 -0.42725736 4
0.95390731 0.57269311 -0.42518556 7.0952382
1.0509927 0.54152912 -0.41839746 10.285714
1.1550661 0.52217519 -0.42322347 13.333333
-0.42407122 0.61905247 -0.4094089 9.166667
-0.26274556 0.64627945 -0.4126749 4.0999999
-0.17984682 0.61277956 -0.42084527 0
-0.082925297 0.64589643 -0.41686559 4.25
0.11522549 0.64972675 -0.44164369 2.5
0.26496887 0.64687574 -0.42511564 2.875
0.31381726 0.68435144 -0.44541097 0
0.44687101 0.65195024 -0.4359234 2.9333334
0.57838029 0.63964039 -0.43767428 3.8333333
0.6335479 0.67027462 -0.43323484 7.4000001
0.751055 0.63443977 -0.4330391 6.5999999
0.83638263 0.63062829 -0.42336801 9.9333334
0.93257385 0.60889828 -0.41566461 16
-0.32752141 0.73730892 -0.41468677 5
-0.12603123 0.75005591 -0.419779 5
0.073331356 0.76160514 -0.42624396 1.2
0.27107963 0.74706799 -0.42179012 1.3333334
0.32928959 0.76181018 -0.44046745 4.625
0.45768213 0.75493896 -0.42689115 8.0666666
0.51852882 0.75436521 -0.41128799 15.5
0.6295079 0.70811146 -0.42391509 11.4
-0.3538619 0.82847673 -0.41526562 5
-0.16998592 0.84507 -0.42146483 4.4000001
0.051780593 0.84610701 -0.42580938 2.5999999
0.16336216 0.86076534 -0.44257942 6.1428571
0.22826461 0.85349071 -0.41552958 15.25
0.34343877 0.80601233 -0.4268117 14
-0.3408165 0.93135744 -0.40933025 8
-0.22920521 0.9599427 -0.41653877 4
-0.196547 0.90040636 -0.42098367 3
-0.0022577434 0.95189494 -0.40611583 23
0.022767184 0.9234907 -0.4184044 13.6
0.12922661 0.90136802 -0.42350164 9
-0.27532592 1.0117322 -0.40546602 19.5
-7.202754 -29.118643 -0.37226024 11
-0.99193472 -10.682196 -0.38253501 24
-0.56283367 -9.1556864 -0.32878286 37
-0.22256869 -8.4412374 -0.32817936 30
0.22688501 -7.0962048 -0.35952115 68
-1.5563767 -2.5334852 -0.36504591 30
0.1070559 -2.3372285 -0.38613221 4
0.17967866 -2.1926527 -0.32244495 12
-1.3488407 -1.930938 -0.34245938 30.5
-1.3079836 -1.8910601 -0.38662443 21
-1.2933145 -1.8515987 -0.35108998 22
2.1075442 -1.8008059 -0.35472867 84
-1.2529856 -1.7291725 -0.33126307 19
0.32354194 -1.7473148 -0.37307167 2
0.47675782 -1.7732677 -0.37830105 24
1.8855689 -1.7314187 -0.33331192 13
1.9390037 -1.7564459 -0.38376322 14
2.0627012 -1.7759867 -0.34046203 12.5
2.1244342 -1.7444403 -0.35739332 54.200001
-1.2351575 -1.6877617 -0.30253747 20
1.5580571 -1.6065676 -0.30221185 16
1.6095866 -1.620091 -0.36911091 10.5
1.9340961 -1.6423357 -0.38568661 5.5
2.0028939 -1.6635436 -0.38163552 5
2.1604826 -1.690625 -0.31716314 85
1.2616109 -1.5170536 -0.3835741 19
1.3439639 -1.5193269 -0.3477799 19.25
1.4407383 -1.5633026 -0.34095949 17.25
1.5852811 -1.5080656 -0.39659896 7
1.7772431 -1.5177375 -0.38818035 5.5
1.8415289 -1.588807 -0.3818956 5
2.1911237 -1.5334752 -0.30699739 14
0.44613484 -1.4835676 -0.36892462 89
1.0516622 -1.4391198 -0.34596652 4
1.1314232 -1.4577018 -0.37465999 20.5
1.2524664 -1.4635751 -0.36910847 12.2
1.6723864 -1.4248443 -0.38389319 6
2.1948292 -1.4963386 -0.33566722 1
0.76824802 -1.3216517 -0.37797067 3
0.83298779 -1.3577163 -0.36062884 6
0.95524132 -1.3857869 -0.33526659 11.25
1.0134559 -1.3871883 -0.39623559 11
1.1568695 -1.3390479 -0.38341308 3.6666667
1.2196949 -1.3440692 -0.38900259 9
1.566368 -1.3579969 -0.3852255 6.3333335
2.2560406 -1.3583429 -0.35878599 16.125
0.49887767 -1.2302263 -0.38878918 1
0.64960152 -1.2931439 -0.31799918 10
0.73978144 -1.2482487 -0.35657316 6.1999998
0.82389987 -1.2337024 -0.38809639 2
1.0598664 -1.2345624 -0.38677472 2
1.1193177 -1.2456635 -0.39203534 2
1.2070832 -1.2423244 -0.39600244 12
1.3682222 -1.235962 -0.39927956 9
1.4680341 -1.2665193 -0.38432631 5.6666665
1.5219721 -1.2677867 -0.37969211 5
0.53863859 -1.1309819 -0.32507896 1.5
0.78264934 -1.1657135 -0.39799234 2
0.99369347 -1.1391023 -0.39206499 1.5
1.0668163 -1.1495991 -0.39515617 6.6666665
1.1859776 -1.1532239 -0.39274096 2
1.3551426 -1.1513022 -0.38384771 2
1.4441687 -1.1648303 -0.3856951 3
1.6707565 -1.1059804 -0.38537571 5
1.7467973 -1.1348605 -0.38463414 4.5
1.8252944 -1.1952826 -0.38828415 6
2.3350892 -1.1223712 -0.33181718 15.5
-1.0175004 -1.0402912 -0.35867333 7.6666665
0.84348738 -1.0297045 -0.37838522 3
0.9470982 -1.0598247 -0.39233297 1.5714285
1.1700442 -1.0404882 -0.39322528 1.6666666
1.2553004 -1.0631316 -0.38548774 1
1.318779 -1.0836449 -0.39664984 3
1.553767 -1.0260804 -0.38489601 10.5
1.6334332 -1.0655785 -0.38274226 1.6666666
2.3611569 -1.0483186 -0.33653656 28.200001
-1.0023657 -0.94903541 -0.31412506 7
-0.9904114 -0.94641435 -0.32953858 7.8000002
0.46548763 -0.94121587 -0.39847168 3
0.65680981 -0.92819005 -0.39018622 3
0.75361013 -0.9717496 -0.38736621 4.3333335
0.86180133 -0.94690466 -0.38169402 2.5
0.9603259 -0.97637028 -0.3954803 2.3333333
1.0731703 -0.91948473 -0.39339483 2
1.1375822 -0.95570076 -0.39077917 1.4
1.2074156 -0.99980325 -0.38865429 1
1.3733563 -0.92375642 -0.38827217 1
1.4492458 -0.96425807 -0.38574153 1
1.5101881 -0.99040174 -0.38564995 1
1.6424277 -0.92123771 -0.38731319 5
1.7465949 -0.96462303 -0.38824835 3.6666667
1.8190293 -0.99298334 -0.38704705 4.5
2.3884528 -0.95992202 -0.36283183 51.666668
-0.97353119 -0.86391228 -0.35800898 6.8888888
0.41154182 -0.82224113 -0.39815089 2
0.59066141 -0.83142626 -0.39511833 2
0.63271564 -0.85724062 -0.39376783 3.3333333
0.78768593 -0.85046679 -0.3940911 2
0.83401722 -0.8474533 -0.39380017 2.1666667
0.97085369 -0.84527862 -0.39725518 1.5
1.0431355 -0.86072081 -0.39305785 2
1.2458158 -0.83801794 -0.39052737 1.8333334
1.3490721 -0.84540576 -0.39092064 1.75
1.4522823 -0.83175182 -0.39220929 1.1666666
1.5353884 -0.8737486 -0.39028782 1.4
1.6101511 -0.84826583 -0.3965511 5
1.9354174 -0.80485457 -0.39929348 7
2.3872397 -0.89022034 -0.39550474 20
2.4256783 -0.84932417 -0.32326749 76.666664
-0.90976185 -0.72514611 -0.3843292 8.333333
0.56839961 -0.73936212 -0.39409798 4.25
0.61373389 -0.77343702 -0.3951233 5
0.76285499 -0.73907661 -0.38952252 3.5
0.87193304 -0.75562447 -0.39442176 1.5
0.93890858 -0.75258422 -0.39361894 2
1.0657876 -0.71723372 -0.39570811 2
1.1486089 -0.75789613 -0.39296305 2
1.2547909 -0.7350505 -0.39352101 2
1.3269407 -0.77608496 -0.3920697 1.5
1.5576953 -0.74684834 -0.39439738 0.5
1.9016956 -0.75410354 -0.3995105 7
2.4572041 -0.75233322 -0.37099722 73.428574
-0.88477516 -0.66087973 -0.34037131 3.4000001
0.54572552 -0.65246773 -0.39634389 4.25
0.68270111 -0.63446879 -0.39048383 4
0.72912472 -0.6523419 -0.39020282 4.1999998
0.84391367 -0.65035987 -0.3916859 4
0.95659292 -0.6222533 -0.39554501 4
1.0485059 -0.64550412 -0.39663535 3.2
1.1553308 -0.66624802 -0.3953439 3
1.2810969 -0.66849768 -0.39796203 3
1.5139513 -0.64407051 -0.39811528 2
1.8428693 -0.66205001 -0.39840063 0
2.4835837 -0.67197073 -0.39869136 46
0.54298472 -0.59968483 -0.3998794 4
0.64040095 -0.55122989 -0.39566943 3.75
0.75320113 -0.54147702 -0.39587733 3.7272727
0.8594296 -0.53952366 -0.3965449 3.9545455
0.94020373 -0.55029476 -0.39655426 4.125
1.0377971 -0.56830359 -0.39597335 4.7142859
1.1720108 -0.56070489 -0.39630577 6
1.2387635 -0.54213738 -0.39289096 4
1.489253 -0.58804762 -0.3984282 2
-0.36136323 -0.46110842 -0.38321891 3
-0.1482704 -0.44739228 -0.38307744 2
0.47922769 -0.42931882 -0.39549375 1.6666666
0.59602678 -0.4939765 -0.39971465 3
0.66808671 -0.46295711 -0.39252508 3
0.74164194 -0.48398289 -0.3971777 3
0.84251755 -0.46154371 -0.39536029 3.75
0.93509579 -0.45007867 -0.39638656 4
1.0523818 -0.45266241 -0.39476544 4.75
1.1440682 -0.43340766 -0.3981072 5
1.2138696 -0.44435066 -0.39518052 5.25
-0.77772874 -0.33950561 -0.37045527 8.625
-0.098507218 -0.3324683 -0.3829689 2
0.52667445 -0.32880732 -0.39866459 4
0.73138201 -0.35159528 -0.38972116 2.2
0.84720206 -0.36875919 -0.39782751 3.25
0.930709 -0.35292512 -0.39785692 3.75
1.0391315 -0.34986934 -0.39602527 4
1.191467 -0.34675902 -0.39541405 5
-0.75259191 -0.25278798 -0.3856338 9.166667
-0.25944251 -0.272147 -0.34419584 2
-0.034755476 -0.23617694 -0.31893957 4
0.0032371343 -0.23639899 -0.36895421 4.5
0.32447094 -0.25700638 -0.39934126 3
0.46180192 -0.20377626 -0.35048014 3
0.59594077 -0.29248297 -0.39107665 2
0.61213803 -0.2810899 -0.38710687 2
0.9260571 -0.28534463 -0.3965008 3
1.1804956 -0.27320489 -0.3992497 4.6666665
1.3839843 -0.28220344 -0.39989465 5
-0.71728873 -0.15387116 -0.37304437 8.75
-0.69338983 -0.10312355 -0.36052036 8
-0.17254713 -0.13822235 -0.39297605 4
0.49166125 -0.15654208 -0.36579952 3
0.53775203 -0.15578711 -0.30043656 2
0.63042122 -0.17661001 -0.39876071 4.3333335
0.85972291 -0.19815657 -0.39969626 4
-0.6786772 -0.045971304 -0.36686483 8
-0.40343699 -0.038673081 -0.38851601 5.5
-0.14911573 -0.047720503 -0.38629314 3.75
-0.099313967 -0.027267689 -0.39427909 4
0.46790358 -0.074835703 -0.38814116 4
-0.64360869 0.046703402 -0.33846664 7.5
-0.26343462 0.061932534 -0.39104384 5
-0.14004332 0.056613058 -0.38398835 4
-0.061090074 0.039081797 -0.39790887 4.5
-0.61308295 0.14635298 -0.35131875 8
-0.59437037 0.18949211 -0.3699199 8.5
-0.244643 0.15497239 -0.36360648 3.5
-0.14569408 0.13810675 -0.38144663 3.5
2.0941386 0.19241813 -0.33933571 33
2.168452 0.16598117 -0.36939391 34.75
2.2446945 0.13481219 -0.38503262 35
-0.57283527 0.24906927 -0.3509196 8.25
-0.42378271 0.2971223 -0.33623961 3
-0.25992167 0.256147 -0.36429888 2.5
-0.14816637 0.23701823 -0.39292252 3
0.39440337 0.28119311 -0.35584107 3
0.41825801 0.28688398 -0.36376578 2
1.8503047 0.27781314 -0.3570388 9.25
1.9466678 0.24559738 -0.34855413 9
2.0188744 0.22264767 -0.38289696 9
-0.55932122 0.3000637 -0.34462985 9
-0.27648091 0.32794401 -0.38540345 3
-0.098836027 0.32766393 -0.39428279 2
0.36589748 0.31447411 -0.39416477 0.5
1.5658504 0.3826988 -0.38451883 8
1.6566873 0.35259289 -0.34296843 8.75
1.7403833 0.3175821 -0.33654284 8.75
-0.50157654 0.45608896 -0.31361926 10
-0.48424822 0.47176981 -0.34079897 9.25
-0.33587384 0.44956857 -0.33023557 3
1.264497 0.48244724 -0.34885225 15.5
1.3587726 0.44738334 -0.34623048 14.4
1.4467579 0.41817379 -0.352851 12
1.5177675 0.40867102 -0.34547672 8
-0.46294937 0.57129937 -0.33728883 10.833333
0.98016632 0.59072661 -0.36389676 9.666667
1.0400381 0.57344788 -0.34237888 11
1.146749 0.53902483 -0.35666481 16.333334
1.2136697 0.51102608 -0.34523061 16.666666
-0.43193391 0.64700884 -0.34058139 11.571428
0.67472303 0.69546068 -0.35414192 13.6
0.75952911 0.66885644 -0.35563093 11.777778
0.86201537 0.63401502 -0.35930386 10.652174
0.92435741 0.6171093 -0.35276034 10.625
-0.40771109 0.71799308 -0.33962637 12
-0.38695261 0.74957025 -0.37265211 10
0.391469 0.79484761 -0.37479222 17
0.43881139 0.78202367 -0.33951011 15.444445
0.54976672 0.74104279 -0.34520924 14.1
0.63342351 0.71248728 -0.3443788 13.666667
-0.35307774 0.89040297 -0.35196176 7
0.18200257 0.87375742 -0.37606722 16.5
0.24849947 0.85045582 -0.35134757 15.923077
0.34630668 0.81731766 -0.35598806 12.75
0.40130514 0.80165225 -0.39280987 16
-0.33729669 0.94531703 -0.33779013 7.6666665
-0.12893686 0.99426228 -0.32260448 18.25
-0.056909762 0.96986568 -0.36448878 22.1
0.094106026 0.93038857 -0.3049314 22.5
0.13954876 0.91480982 -0.3381795 22.857143
-0.31576866 1.0048822 -0.3737253 8
-0.24631269 1.0321699 -0.36075675 19.777779
-0.14840789 1.0150334 -0.3131344 21.666666
-13.560031 -41.029644 -0.23184705 16
-4.9226756 -21.48534 -0.22599077 6
-1.7386209 -12.534119 -0.25763711 31
-1.2490028 -11.433369 -0.25966656 29
-1.0856239 -10.635125 -0.25633931 27
-0.38680762 -8.9270153 -0.24031964 29
-0.32822573 -8.5242891 -0.2938737 34
-0.13026449 -7.9831471 -0.23288766 40
-0.068446644 -7.8059568 -0.2513411 38
0.11387947 -7.4317122 -0.27877477 35
0.68299419 -7.2285628 -0.29765952 99
0.54083192 -7.1848264 -0.20548248 121
-2.1209569 -4.2423511 -0.25268099 8
-1.9239923 -3.688241 -0.23232248 11
-1.5731127 -2.5812566 -0.26182652 33.5
0.19694813 -2.0904298 -0.24621886 11
1.9709647 -2.024704 -0.241198 12.5
-1.3444216 -1.9190874 -0.25925916 35
1.6364365 -1.9083751 -0.23740363 12
1.7860432 -1.9273468 -0.21545389 10
1.9349099 -1.979416 -0.2184554 12
2.0708468 -1.9035335 -0.23722586 37
0.2744835 -1.8902 -0.24415356 60
0.32018623 -1.8165932 -0.20190555 14
1.4704471 -1.8587613 -0.23829919 17
1.6102529 -1.802434 -0.26258749 4
0.50097328 -1.7812634 -0.27547768 28
1.1267574 -1.7294989 -0.22377422 25
1.2385333 -1.7550986 -0.22321215 16
1.4436916 -1.7460916 -0.2574434 5
1.6525894 -1.7730497 -0.22645524 3
1.7611328 -1.7803377 -0.22339571 4
1.8510158 -1.775129 -0.25941229 9
1.9966482 -1.7584727 -0.25407061 15
0.53640276 -1.6881621 -0.23151937 7
0.84658509 -1.62339 -0.2198364 24
1.1055889 -1.676729 -0.24822313 7.5
1.2196714 -1.6441818 -0.25815707 6
1.8292794 -1.698436 -0.28410012 15
2.1667435 -1.6407992 -0.25702971 82.833336
-1.2046367 -1.5873861 -0.28448802 22
-1.1916431 -1.5576289 -0.2635555 21
0.66938621 -1.5436611 -0.24442603 7
0.71653074 -1.5762329 -0.24079996 3
0.96193433 -1.5528075 -0.25989154 0
1.0457767 -1.5710974 -0.24305958 5
1.145389 -1.5784159 -0.24212581 6
1.387031 -1.5474706 -0.2793844 14.666667
1.4628961 -1.5511359 -0.25794262 17.75
1.5334325 -1.5756136 -0.2577492 17.333334
1.6046662 -1.5918738 -0.22449449 9
2.1852422 -1.577554 -0.23901162 59.5
2.2079067 -1.5394365 -0.20263946 75
-1.1575716 -1.452234 -0.23624311 26
0.68430793 -1.460677 -0.25121379 9
1.0605826 -1.4343928 -0.25941324 10.75
1.1755258 -1.4650632 -0.25470516 8
1.2013535 -1.479859 -0.29488841 32
2.2255416 -1.4685082 -0.2308529 20.5
-1.1212631 -1.3455554 -0.20441113 23
0.45481998 -1.3535378 -0.28139833 1
0.65315771 -1.3162019 -0.24693999 11
0.95362222 -1.3804747 -0.25959027 8.5
1.0079733 -1.3948671 -0.28393495 6
0.4853926 -1.2895952 -0.24446267 2
0.68695986 -1.2697812 -0.26145011 16.25
0.71433365 -1.2417328 -0.25583789 8.8000002
0.76349038 -1.1335423 -0.20469561 6
-1.0255296 -1.0151005 -0.22608899 7.5
0.5747031 -1.0008858 -0.2592175 3
0.77683353 -1.0497227 -0.23321033 6.3333335
0.8386814 -1.010746 -0.24540174 7.3333335
2.3701599 -1.0252372 -0.25070348 10.333333
-1.0128142 -0.98130852 -0.27051285 7
-0.97957176 -0.90294385 -0.25550553 6.25
0.5914973 -0.92333615 -0.24958138 6
0.6130237 -0.9404431 -0.2408203 7
0.79274482 -0.99080384 -0.265921 8
0.80876529 -0.99264371 -0.25069261 7.4000001
2.3904209 -0.95680732 -0.25989103 30.799999
2.4046495 -0.92784363 -0.24531336 44.333332
-0.9636358 -0.85911244 -0.2601966 6.1428571
2.4217858 -0.86748397 -0.23833321 70.714287
-0.92222983 -0.76875591 -0.22307484 1
-0.31557155 -0.34060284 -0.2711055 2
-0.23688598 -0.21744843 -0.2106083 1.3333334
-0.14753023 -0.20632651 -0.2481169 1
-0.082698993 -0.21540231 -0.25190544 1.5
-0.21255748 -0.17866346 -0.20995983 1
0.48220381 -0.11995221 -0.23924869 1.5
0.53139144 -0.11583222 -0.25138795 2
0.49524352 -0.071413666 -0.21463031 2
0.53449327 -0.068753645 -0.23236771 1
-0.62742716 0.082761072 -0.26990843 7.25
-0.12461434 0.086810388 -0.22462024 1
-0.60949028 0.13150199 -0.24228406 7.4285712
-0.59268969 0.1807071 -0.22274823 7.3333335
-0.21318153 0.16999571 -0.2953546 1
-0.1507978 0.14023863 -0.25704926 1.6
-0.57517165 0.23131341 -0.25459951 6.8888888
-0.26587906 0.20108287 -0.24889445 3
0.38520879 0.2565569 -0.25966692 2
0.40401077 0.278247 -0.27728519 1
1.8332493 0.28507531 -0.2904923 9.5
-0.37702072 0.30272397 -0.28292546 2
0.3139722 0.30180714 -0.29967317 2
1.5728209 0.38694525 -0.25361758 9.6000004
1.6514063 0.35888046 -0.24514055 8.1999998
1.7401955 0.32404867 -0.25285065 9
-0.51230514 0.42913333 -0.27868444 8.5
-0.49193811 0.48376963 -0.23072281 9.5
1.2713915 0.49109396 -0.24421804 16
1.345602 0.45558298 -0.24687381 13.75
1.4510796 0.41954947 -0.25613284 12.2
1.5162932 0.40035447 -0.24289539 13
-0.4660753 0.54841948 -0.24105401 9.125
0.98786879 0.59320843 -0.21393543 4
1.062012 0.56715667 -0.27165696 9.8000002
1.1456643 0.53999484 -0.23742297 13.407408
1.2156513 0.50969356 -0.26371956 15.333333
-0.43671992 0.64725304 -0.26125494 11.25
0.69351041 0.69223928 -0.2478897 13
0.76538014 0.67327374 -0.24782702 13.666667
0.83954811 0.64637297 -0.24166097 11.789474
0.93989128 0.6121971 -0.26951331 9.1538458
1.0253682 0.61322534 -0.2779476 1
-0.38311613 0.78095043 -0.22321197 9
0.45704696 0.77490407 -0.24532023 14.636364
0.53997594 0.74809426 -0.23045187 13.833333
0.63485974 0.71623653 -0.25522193 13.5
-0.36009619 0.85763961 -0.26097348 8.8888893
0.19061278 0.89764541 -0.24756253 22
0.24719675 0.86077863 -0.2796106 14.3
0.35053125 0.81814462 -0.25164446 16.8125
0.40668303 0.80022061 -0.24854147 16
-0.34515813 0.93537539 -0.24778472 7
-0.026492581 0.96222323 -0.21913677 21.333334
0.043225449 0.9436596 -0.2683796 22
0.15207025 0.91530353 -0.22070795 22
-0.24032603 1.0418879 -0.24346296 22
-0.1665972 1.0199636 -0.26131088 23.071428
-1.5457656 -12.304876 -0.11666259 25
-0.57151628 -9.4780178 -0.14330918 26
-0.5839774 -9.2348671 -0.12790334 40
-0.33468229 -8.5538168 -0.10583791 37
-0.010324324 -7.8012657 -0.19159162 36
0.33517939 -7.1129231 -0.17741685 119
0.40226412 -7.1318607 -0.11612612 119
-1.883828 -3.5445065 -0.17092799 10
-1.7259489 -3.1125302 -0.15354557 12
-1.6834702 -2.9785221 -0.10962242 10
-1.5814176 -2.6067805 -0.15327522 34
1.9086859 -2.0053685 -0.1690117 16
2.0314057 -2.0109751 -0.15403652 66
-1.3383371 -1.9046686 -0.19748497 37
1.0713326 -1.9591286 -0.10481854 15
1.2180048 -1.9966782 -0.10156488 9
1.6036141 -1.9018668 -0.1907189 17
1.8596125 -1.975153 -0.15454623 18
1.9427309 -1.9910021 -0.1418477 19
2.0593517 -1.9607323 -0.15842152 89
-1.3337419 -1.8888288 -0.13683301 36
0.26118624 -1.8873087 -0.14850974 31
0.31221539 -1.8428904 -0.15121897 54
1.3736333 -1.8073038 -0.10421398 11
1.4184301 -1.8270836 -0.16957238 17
1.5652355 -1.8805944 -0.14297095 19
0.4742173 -1.743919 -0.10532591 16
1.0718802 -1.7030116 -0.19222322 19
1.1803732 -1.7443494 -0.15104787 22.666666
1.2418773 -1.7503378 -0.14040059 23.5
1.3489704 -1.7830013 -0.15702887 22
2.1309755 -1.7041126 -0.11220698 76
0.37470639 -1.641809 -0.10597968 9
0.49849084 -1.6579093 -0.13148771 24
0.79069591 -1.6110997 -0.14276253 16.5
0.84847325 -1.6197793 -0.15459357 16.5
1.0366154 -1.6829429 -0.13076216 20.5
2.1470923 -1.6631746 -0.16317922 82
2.1874688 -1.549644 -0.13327017 72.5
2.2115273 -1.513847 -0.17334011 46.75
0.64087629 -1.4875419 -0.17036638 8.75
2.2432621 -1.4390161 -0.12417467 15.6
0.7751621 -1.3818357 -0.13909645 7
2.2595015 -1.3310754 -0.13726588 8
-1.0876676 -1.2504644 -0.17534268 15
0.74161863 -1.2398678 -0.1596926 28
2.2808862 -1.2634895 -0.10894088 3
-1.0603557 -1.1690602 -0.15081114 12.5
0.54029161 -1.1281738 -0.12399916 2
0.75358814 -1.162104 -0.1846274 4
-1.032352 -1.0563161 -0.1425918 5.75
-0.99880809 -1.0111867 -0.11030228 0
2.3600676 -1.0545325 -0.16929865 12.125
-0.98977596 -0.91191149 -0.14820258 6.8333335
0.58771944 -0.90837705 -0.10734825 5
0.62641191 -0.94607091 -0.19321167 7
0.7912637 -0.98458254 -0.18124852 7
2.38587 -0.96929419 -0.12588808 60.200001
2.4042521 -0.93474978 -0.10725701 77
2.4421873 -0.80992591 -0.19868898 90
-0.89677817 -0.71410626 -0.19481221 0
2.4613006 -0.74307144 -0.1740521 103.57143
-0.8768689 -0.61098665 -0.11981326 9
2.4898181 -0.65225744 -0.14501362 96.599998
2.5006998 -0.62353855 -0.14014205 99
-0.85733271 -0.56794989 -0.1521022 8.1999998
2.5212028 -0.55040503 -0.12094886 97.571426
-0.81049943 -0.45838839 -0.15226695 3.5
-0.79161853 -0.40510061 -0.17891496 4
2.5529742 -0.45798644 -0.10430734 93.800003
-0.77940404 -0.35160506 -0.15458666 8.818182
-0.7488367 -0.26264864 -0.13832323 8.666667
-0.30008268 -0.21091712 -0.12673192 1
-0.24802554 -0.21469343 -0.15498431 0.91666669
-0.71946532 -0.17224143 -0.11509909 7.3333335
-0.69314259 -0.10343255 -0.10311151 6
-0.25664753 -0.18282543 -0.13259985 0.92000002
-0.14056832 -0.17914928 -0.16644813 0
0.4409759 -0.12471296 -0.17251459 1.25
0.46586168 -0.093043081 -0.17460659 2.5
0.51273155 -0.076436594 -0.18776903 1
2.6994963 -0.0093900403 -0.10099329 81
-0.34416103 0.089661904 -0.11111109 1.5
-0.17560472 0.07042826 -0.12935586 0.33333334
2.5364881 0.06315361 -0.10161825 43.5
2.6602755 0.022274045 -0.10231537 43
-0.60539794 0.15634219 -0.14318272 6
-0.58868641 0.17576344 -0.14703518 5.7692308
-0.45923352 0.14636253 -0.13255262 2
-0.3195861 0.12927395 -0.11080474 1
-0.26697826 0.12830511 -0.12350656 1.0952381
2.3401947 0.135389 -0.10441972 44.5
2.4395549 0.10228462 -0.10286298 41
-0.56990117 0.2387128 -0.15358023 3.375
-0.40908229 0.27019134 -0.18115416 4
-0.54291445 0.34285572 -0.12704442 6.090909
-0.37035972 0.34035498 -0.13265426 1
1.5608683 0.39719495 -0.14097621 10.666667
1.637481 0.37400296 -0.14809093 10
-0.51317 0.41690737 -0.14690754 7.4000001
-0.48587331 0.46352434 -0.17073615 7.3333335
1.2663482 0.48891005 -0.14686209 10
1.3536584 0.45927566 -0.14034887 9
1.4470545 0.4320755 -0.14481388 9.8666668
1.5200768 0.41413125 -0.15054005 10.2
-0.46941769 0.53723258 -0.13937488 8.5
0.94861877 0.59585869 -0.15108591 3.5
1.0464338 0.5778662 -0.16722068 11.125
1.146333 0.53802937 -0.15634178 9.6153851
1.2242202 0.50971532 -0.16475964 8.545455
-0.43059096 0.65269744 -0.14830796 8.8571424
0.68062401 0.69672185 -0.14451648 13
0.75269926 0.68135482 -0.1447389 13.321428
0.85330772 0.6459446 -0.1531841 11.809524
0.93759817 0.61296481 -0.13907315 9.1578951
-0.4053604 0.70938343 -0.17736441 10
-0.39623272 0.73084921 -0.19270605 10
0.45741177 0.77896774 -0.14801298 14.833333
0.55388349 0.74700904 -0.14933184 13.375
0.63254631 0.72186518 -0.14706148 13
0.70955521 0.70013487 -0.14012663 14
-0.35583964 0.86469603 -0.15781356 9.5
0.38770807 0.80713773 -0.18344074 15.666667
0.40438694 0.8013202 -0.17575884 15
-0.34697622 0.91433704 -0.15416181 8.5
-0.12074706 0.96497577 -0.15083514 8.333333
-0.077476941 0.96809459 -0.18267459 12.75
0.049744479 0.93052864 -0.1493021 16
0.10689569 0.9139322 -0.19032234 20
-0.3015852 1.0490028 -0.19738197 9
-0.24646613 1.0515722 -0.14524493 21.857143
-0.1603943 1.0210524 -0.15127577 22.857143
-9.3234177 -35.105576 -0.043582391 15
-1.0926511 -10.677882 -0.020267736 33
-0.77970034 -10.019291 -0.031950358 33
-0.14631394 -8.1928682 -0.095189124 32
-0.14201322 -8.0174885 -0.057302039 40
-0.077854432 -7.8303957 -0.07856831 39
0.20757166 -7.1721468 -0.087644577 35
0.26470125 -7.0818381 -0.027328547 102
-1.5509274 -6.954824 -0.063116506 33
-1.5839037 -2.6405222 -0.060220238 22
-1.5519724 -2.5939517 -0.06595844 13
-1.471048 -2.3670301 -0.053007524 17
-1.4447997 -2.2845993 -0.031212825 15
1.9437265 -2.2460907 -0.028052758 77
-1.3834306 -2.1088247 -0.017742496 23
0.37739572 -2.1372414 -0.06479793 4
1.4591508 -2.1097083 -0.07104031 18
1.5411859 -2.118597 -0.027879369 25.5
1.6504015 -2.1721747 -0.054083247 19.666666
1.7346923 -2.1796527 -0.012505029 19
1.9464089 -2.1699064 -0.094874159 44
-1.3611983 -2.0428703 -0.0044537531 18
1.1744723 -2.008759 -0.010673215 20
1.2024565 -2.0264521 -0.057634365 21
2.0222311 -2.0419519 -0.061518651 60.666668
0.39668 -1.9449558 -0.0025503347 14
0.88710374 -1.907017 -0.033987869 26
1.0496196 -1.9489094 -0.052235033 19.666666
1.1376333 -1.9733738 -0.029010449 26.5
2.0756285 -1.9447647 -0.058268562 91.666664
-1.3170795 -1.8452574 -0.03827488 39
0.27352098 -1.8436468 -0.082437329 11
0.48231119 -1.8170692 -0.045638781 31
1.4875829 -1.8499137 -0.072064072 9
1.5287343 -1.8622401 -0.096623495 14
2.091502 -1.8641559 -0.058923896 93
2.1082039 -1.8218285 -0.028068494 90
0.29882199 -1.7811724 -0.056460764 15
0.33880281 -1.7448986 -0.032543078 16
0.51652634 -1.7648635 -0.013778766 30
1.296174 -1.7602783 -0.096615881 24
1.3462212 -1.7955112 -0.06860514 8
1.4268929 -1.7994293 -0.099607363 21
2.1123226 -1.7612662 -0.040562388 80.666664
2.1601231 -1.6378918 -0.0308908 80
0.67322278 -1.5619171 -0.015577389 79
2.173588 -1.5947748 -0.082746074 79
0.67287838 -1.449481 -0.042171322 26
2.2252088 -1.4311416 -0.025661409 60.5
0.47055191 -1.3200963 -0.07715635 2
0.69377208 -1.3532714 -0.044788275 6
0.71458405 -1.3306718 -0.022592951 6
2.2538476 -1.3576438 -0.061723381 35.25
0.49862942 -1.2316794 -0.014772338 3
0.71875477 -1.2406152 -0.048699755 7.3333335
2.2876978 -1.2756126 -0.042281192 17.5
2.3022547 -1.2175537 -0.024520371 6.75
0.62510735 -1.1342597 -0.065991879 6
-1.0477735 -1.0822159 -0.048780221 7
0.82124639 -1.0060362 -0.047151092 8.5
-0.98975998 -0.92213053 -0.055410497 6
0.58575904 -0.92467833 -0.068131477 7
0.61623293 -0.92320961 -0.043164503 8.666667
0.79299396 -0.98601073 -0.039725259 8
0.80906487 -0.98693991 -0.063069128 9.5
2.4126966 -0.90278685 -0.095133193 91
2.4290862 -0.8378889 -0.070173703 100.66666
2.4605393 -0.74436265 -0.036868572 106.5
-0.88700593 -0.64230126 -0.042562094 7.8000002
2.4855614 -0.65363657 -0.011577273 103.4
-0.85882205 -0.59276837 -0.0021088431 7
-0.81042969 -0.44923371 -0.08193785 8
-0.7973758 -0.40139443 -0.072917983 10
2.5657873 -0.42289597 -0.093256712 90.5
-0.80081284 -0.39709145 -0.049878765 11
-0.7781595 -0.34251693 -0.040369041 9.4285717
2.5859222 -0.34964645 -0.089607179 92.333336
-0.74317795 -0.24020648 -0.051847477 7.8333335
-0.22051668 -0.20597431 -0.053290807 1.2222222
-0.18649344 -0.2039638 -0.036013909 1
2.6176813 -0.25954616 -0.083619259 85.833336
-0.71417308 -0.15778586 -0.047350861 6.6363635
-0.69745618 -0.11948439 -0.062905848 6.5999999
-0.23318447 -0.1842313 -0.061147727 0.77272725
-0.19384788 -0.19077842 -0.028642392 1.2
2.6518157 -0.15207025 -0.083227687 85.625
-0.67248374 -0.048305802 -0.06338872 6.25
0.62429917 -0.054075483 -0.085947946 0
2.686897 -0.050230265 -0.086911246 89
-0.6337651 0.051164605 -0.057760581 6.5121951
-0.35262376 0.087732263 -0.054400206 0.75
-0.2172534 0.069235444 -0.034088239 0
-0.18081942 0.062552549 -0.061144285 0
2.4510849 0.095792256 -0.085185617 41
2.5492074 0.058006387 -0.083685674 40.5
2.6685586 0.016492618 -0.084034234 52
-0.61017877 0.12695663 -0.060384713 6.590909
-0.5835551 0.17488103 -0.063091733 5.5
-0.42544997 0.11619748 -0.059218526 0.75
-0.33682251 0.12641853 -0.057321012 0.87323946
-0.26281491 0.138826 -0.023127135 4.8666668
-0.18514958 0.10507464 -0.016697964 0
2.1716931 0.19633491 -0.091419995 13
2.2525091 0.17020513 -0.046360351 11.75
2.3533874 0.12957737 -0.085638747 44.5
-0.57007146 0.25325736 -0.050126016 4.5945945
1.8944216 0.29407218 -0.045812752 11
1.9484715 0.27337569 -0.036944609 11
2.0369058 0.24488103 -0.026255336 12
2.137023 0.21026601 -0.014418177 12.5
-0.54219973 0.34478745 -0.054323398 6.181818
-0.41596115 0.33228612 -0.021688055 4
1.578001 0.39393944 -0.054225456 11.5
1.6709156 0.37700757 -0.056487307 9.333333
1.751526 0.34426764 -0.050262291 9.8571424
1.8332086 0.31536824 -0.031127375 10.5
-0.51149344 0.42839214 -0.037042994 7.090909
-0.49073923 0.49481967 -0.068229571 8
1.2911453 0.49001756 -0.028654933 4.6666665
1.3523146 0.46554592 -0.065012909 7.4285712
1.4548723 0.44010159 -0.059817109 13.181818
1.5237046 0.40960816 -0.067210309 12.333333
-0.47451803 0.53006506 -0.053170707 8.2222223
0.98685455 0.59727627 -0.0810351 12
1.0381167 0.57965267 -0.045467447 11.095238
1.1401249 0.5423851 -0.047823895 7.8333335
-0.43207386 0.66133153 -0.046694811 9.5714283
0.75562674 0.68264407 -0.044241969 12.894737
0.85090464 0.64720583 -0.053994048 11.714286
0.93421894 0.62071776 -0.053680118 12.545455
0.49081048 0.77134079 -0.0855138 14.666667
0.55637634 0.75061536 -0.053387646 13.791667
0.65926933 0.71944875 -0.045261461 13.619047
0.70911539 0.70467067 -0.045612153 13.25
-0.35714194 0.85832232 -0.046488017 9.833333
-0.35075104 0.9060415 -0.05936696 10
-0.25028741 1.0528859 -0.052642219 22.285715
-0.17285672 1.02643 -0.060624562 23.25
-11.397712 -36.986462 0.083949126 10
-1.8973023 -13.352836 0.048470709 23
-1.7839355 -12.678316 0.013401336 31
-1.0198766 -10.747608 0.093820438 25
-0.29857931 -8.6585407 0.012380465 32
-0.55738902 -7.89183 0.077330761 5
0.090873703 -7.5263948 0.0043771146 35
0.14909644 -7.3871355 0.061295453 34
-1.2428824 -5.2537551 0.090035059 26
-0.15880731 -5.0725207 0.09533377 29
-1.5809627 -2.6096175 0.04192958 23
-1.5740507 -2.5935428 0.097776152 19
1.4695038 -2.3903627 0.088361099 19
1.9105824 -2.3258896 0.092935413 61
1.1980103 -2.2932048 0.075503476 27
1.3565297 -2.2334828 0.099301413 47
1.8460039 -2.2049022 0.061370093 21
1.9043876 -2.2598865 0.044485804 18
0.85475844 -2.173981 0.092405647 5
1.5570306 -2.1313162 0.043818988 14.5
1.6421435 -2.1409163 0.044648394 21
1.7874 -2.1883528 0.023799472 20
1.9940405 -2.1237116 0.045993581 76
0.39507091 -2.0574751 0.075030044 48
0.40382117 -2.0461538 0.057028111 27
1.3796716 -2.0684962 0.047295272 12
1.4092849 -2.0820105 0.00029987755 18
-1.3175257 -1.9079181 0.010937094 19
1.0841253 -1.9452871 0.034164194 32
1.155439 -1.9754273 0.042014819 27.333334
1.2363458 -1.992195 0.055053841 26
-1.2919075 -1.8413829 0.017057393 13
0.53902704 -1.8074938 0.070114553 11
0.71884149 -1.8432108 0.016961697 7
0.85321569 -1.8659892 0.041466899 63.666668
2.0887792 -1.8459471 0.037776813 82.666664
2.1113558 -1.835373 0.039922211 95
-1.2794873 -1.7638803 0.047690675 26.666666
0.54669917 -1.777842 0.015949067 6
2.1308825 -1.7458817 0.059897702 95.166664
-1.2348945 -1.6745108 0.035914898 13
2.1533616 -1.6725954 0.054893613 78
-1.2064309 -1.5793778 0.053905051 16
-1.1880113 -1.5351443 0.050433651 11
2.1950376 -1.513606 0.080929831 82
-1.155828 -1.4334742 0.067035511 12.5
0.439684 -1.4421731 0.017183777 76
0.640086 -1.4825439 0.057531681 9.5
2.2189584 -1.4543024 0.055946048 81.25
-1.1158266 -1.3187537 0.079411224 9.5
0.71775079 -1.396715 0.038449399 6
2.2534657 -1.3613406 0.037584532 65
-1.0897269 -1.2357451 0.096575283 3
0.5212279 -1.2196302 0.0073668277 3
0.67677557 -1.2570312 0.067016624 4.5
0.72773683 -1.2345066 0.02285842 9.5
2.2830973 -1.2793255 0.049597133 41.200001
2.3071814 -1.2147291 0.010718156 20
2.3272579 -1.1456206 0.039871912 34.400002
-1.0504138 -1.0931056 0.05263691 7
2.3558412 -1.0570889 0.082075417 88.800003
-0.98741072 -0.9056949 0.0087465374 7
0.58450991 -0.91631997 0.049871471 7.8000002
0.61469871 -0.91988945 0.051826425 8.6000004
0.79584396 -0.99407035 0.085906714 7
0.80728495 -0.98763984 0.079309314 8
-0.98180932 -0.89155275 0.060443379 7.4000001
0.58611321 -0.89260077 0.038705502 11.5
-0.90184623 -0.6682896 0.062068444 8.1999998
-0.89876848 -0.66441107 0.037192691 8
2.4972255 -0.62709755 0.00522999 104
-0.83804077 -0.53409731 0.022440534 7.4285712
2.5200768 -0.54745144 0.016890835 101.14286
-0.8151508 -0.44552067 0.041253425 10.555555
2.5584104 -0.44546497 0.034558441 92.833336
-0.78088981 -0.3471643 0.062893048 9.666667
2.5825779 -0.36474031 0.045362972 97.5
2.6034269 -0.31724173 0.050305471 89.5
-0.7446627 -0.24196216 0.06664791 8.4285717
2.6219494 -0.25133198 0.054724228 88
-0.71632314 -0.15854599 0.049180128 7.4000001
-0.68969476 -0.10641555 0.035927251 7.5
2.6498721 -0.15220352 0.057237327 87.166664
-0.67071074 -0.049281325 0.035752803 7.125
-0.25694922 -0.017167972 0.047037259 0.5982185
2.6808648 -0.060539775 0.060285576 92
2.7013624 -0.0076456335 0.029496171 95
-0.63312429 0.047256701 0.045748264 7.5238094
-0.40980011 0.069416583 0.0023487909 0
-0.33828816 0.071279556 0.0085959733 0
-0.29478377 0.00018137555 0.094189443 0
0.61035371 0.0090492088 0.0041716676 0.82068205
2.4762473 0.089594081 0.038782127 46
2.5462999 0.06078317 0.043386143 43
2.6550348 0.022516327 0.057763454 59
-0.61068404 0.13656157 0.049175527 6.9230771
-0.59209675 0.1762615 0.063283756 7.4285712
-0.24440433 0.13110457 0.008950972 3.090909
2.2532439 0.1727335 0.044066764 13
2.3344383 0.13872138 0.028532589 45
2.406919 0.11541554 0.033452429 48
-0.57347041 0.25665507 0.047377039 5.5641026
-0.34250879 0.29288188 0.00796388 3
1.9430073 0.27632785 0.010532054 11
2.0507729 0.24252903 0.023664106 11
2.1445625 0.20901017 0.034023028 13
-0.54129457 0.34297007 0.050735157 5.4347825
1.5837542 0.39278346 0.026651222 12
1.6553116 0.38195619 0.04468435 11.333333
1.7513801 0.35284331 0.072408661 10
1.8438951 0.31476855 0.046010986 11
-0.51542819 0.42188966 0.052760441 6.9375
-0.49103951 0.47823563 0.055123761 8
1.2292773 0.49596557 0.057783697 3
1.3597565 0.47532883 0.013864828 16
1.4484192 0.44500166 0.048533734 15
1.5417086 0.41218343 0.050921295 13
-0.47617239 0.5294081 0.041753706 8.5
0.98600066 0.59610432 0.049636077 12
1.0614326 0.57662851 0.058669318 11.529411
1.1489248 0.54101968 0.04823998 10.666667
1.2186452 0.51775897 0.08330442 11
-0.43100059 0.65769297 0.064196736 9.833333
0.75604796 0.68575525 0.053395681 12.65
0.84998703 0.64995039 0.053766511 12.5
0.96285945 0.61232549 0.047345042 12.764706
-0.41058764 0.71712536 0.068149 10
-0.39162228 0.77204454 0.050579742 7
0.66546959 0.72026289 0.045904912 13.521739
0.70441657 0.70481849 0.046358202 13
-0.3612341 0.85500968 0.048439678 9.636364
-0.25982183 1.0561137 0.04916044 19.777779
-0.17974697 1.0261751 0.040546667 23
-3.3311665 -9.6374874 0.157012 1
-0.46934712 -9.1252899 0.1336595 33
-0.97439998 -8.0989275 0.17001809 1
-0.038884602 -7.8926463 0.1043735 34
0.02457591 -7.7560611 0.1598108 37
-1.2407895 -7.0395198 0.12283444 111
-2.1670747 -6.5126724 0.15054908 57
-0.19631973 -5.9819303 0.15556782 0
-0.48373777 -5.6533213 0.15828335 3
-2.0542557 -5.3439102 0.15956415 5
-0.81010079 -5.2594275 0.1763618 27
-0.20575842 -5.0312634 0.1121164 123
-0.15750584 -5.0661035 0.17065796 35
-1.0345683 -4.9598475 0.15425181 43
-0.46870148 -4.9324656 0.19296347 130
-0.32357335 -4.9848719 0.19904277 120
-0.29640704 -4.9841075 0.1943333 112
-1.7524741 -4.8016033 0.16992773 8
-0.65696162 -4.8707838 0.14949909 132
-1.3117386 -4.7484827 0.12767439 150
-1.1436065 -4.7036233 0.19424191 149
-0.86930901 -4.7995706 0.16853742 126
-1.7410194 -4.5015788 0.15867215 150
-1.9699794 -4.4227934 0.17675331 150
-1.8441955 -4.4625406 0.19668931 132
-1.5708865 -2.585582 0.15326945 20
1.6295364 -2.4369261 0.14327236 19.5
1.9087425 -2.4188485 0.15555681 85
1.3971667 -2.3345304 0.19084674 16
1.451229 -2.3457232 0.15685147 21.333334
1.8760132 -2.3830907 0.15055774 52.666668
1.9332541 -2.3603399 0.19452961 88
1.1519768 -2.2573407 0.15143695 19.5
1.2725728 -2.2814651 0.13875759 26
1.9584459 -2.2429941 0.13640133 63.666668
0.88663197 -2.1462646 0.16715324 30
0.95426601 -2.1741128 0.12710212 18.5
1.9811113 -2.1762896 0.14627464 86.5
0.45863557 -2.0115702 0.13095652 18.5
0.71479982 -2.0282764 0.18938614 150
0.43796065 -1.9974186 0.15172026 13.5
2.0594049 -1.9275317 0.19249059 87
2.0702322 -1.884171 0.13139786 95
-1.275057 -1.7319598 0.14227287 32.333332
2.1110377 -1.7729096 0.15642726 78
2.1706064 -1.635669 0.14328223 67.25
2.1788321 -1.5598111 0.14547318 82.666664
2.2007751 -1.5435743 0.16325846 46
0.64573455 -1.4490824 0.15219492 15.75
2.2182896 -1.452078 0.15848841 79
0.67537612 -1.3687615 0.17166564 22
2.2563462 -1.3584269 0.14634101 76.428574
0.72467458 -1.2317393 0.16544053 7.4000001
-1.0584643 -1.1453047 0.10730283 13
0.48821938 -1.1634656 0.18701896 4
-1.0504071 -1.0905342 0.14471328 7
2.3741102 -1.0125276 0.10332543 102
0.60986841 -0.92942309 0.14715762 8.75
0.788378 -0.98572427 0.12637226 7.3333335
0.81281394 -0.98649991 0.1269087 9.5
2.3901026 -0.96371776 0.12233859 99.5
2.4058876 -0.91129673 0.14294894 101.5
-0.96627051 -0.85195076 0.14808987 7.2857141
0.58907652 -0.89338255 0.18003562 11
2.4238548 -0.84834874 0.16633992 105.6
-0.92063838 -0.75011092 0.12686546 8
2.4488473 -0.76765305 0.18715531 106.75
-0.90295643 -0.68529034 0.15792675 7
-0.88935912 -0.65290064 0.14878121 8.727273
-0.84222013 -0.54413778 0.15313518 11.285714
-0.81746835 -0.44985893 0.16059251 11.5
-0.78139353 -0.35050964 0.16189919 10.428572
-0.74745798 -0.25137773 0.16621821 8.833333
-0.71658444 -0.15515088 0.15419592 7.7777777
-0.69666338 -0.11000029 0.12437525 7.5
-0.67285407 -0.043006934 0.14432497 7.625
-0.28095791 -0.034882672 0.10011857 0
0.61529845 -2.8642885e-06 0.11323987 0
-0.63658136 0.053822435 0.15066367 7.5555553
0.6225028 0.010604223 0.11346366 1.8371105
-0.61002201 0.14536577 0.14514133 7
-0.59306705 0.18344551 0.15909454 7.5
2.2372074 0.18280315 0.18664774 12.5
-0.56937939 0.26177111 0.15041034 5.9767442
1.9503227 0.27924436 0.16426742 12
2.0567319 0.24387817 0.1496115 13
2.1490874 0.21709827 0.16844513 13
-0.54114866 0.34806344 0.1494842 5.7391305
1.6442618 0.37898427 0.11278395 12.25
1.7503896 0.35476339 0.13981065 10
1.8499435 0.31748825 0.13949001 11
-0.508039 0.43616831 0.15114607 8
-0.49074289 0.49249229 0.1472832 8
1.2846949 0.49947244 0.12693474 15
1.350871 0.48210344 0.16053846 15.545455
1.4161515 0.46065769 0.18932953 16
-0.4673053 0.5534516 0.14876565 9.6153851
1.0420927 0.58538502 0.14377518 11.928572
1.1572213 0.54132837 0.15747172 12.592592
1.2557623 0.51013982 0.11263233 14.714286
-0.43815857 0.64952374 0.16301793 10
0.76074934 0.68285441 0.1480615 12.833333
0.83274674 0.65898335 0.14995083 12.588235
0.93387187 0.62558663 0.14380954 11.9375
-0.41437826 0.71865726 0.16156085 10
-0.38819814 0.77223998 0.14480332 8.1999998
0.5789156 0.75488174 0.16497193 14.285714
0.63583869 0.73474228 0.14117949 13.8
0.71071482 0.7058624 0.15167521 13.142858
-0.36184329 0.84689176 0.14257483 9.8000002
-0.34352568 0.95359486 0.12453285 6
-0.31089997 1.0393665 0.10577585 12.5
-0.26414385 1.0584412 0.14684278 21.375
-0.18590568 1.0288115 0.14039984 23
-0.23210496 -5.0079393 0.22608933 122.5
-0.16481468 -5.0357957 0.20734805 125
-0.53927159 -4.9035511 0.20251371 110
-0.3651256 -4.9635372 0.27352646 123
-0.84965652 -4.8008633 0.21937934 126
-0.6452651 -4.867671 0.26214767 122.5
-1.1462568 -4.7049441 0.29738057 146
-1.0810829 -4.7152481 0.21003564 114
-0.93637091 -4.7715611 0.27588511 123
-0.87945193 -4.795619 0.27306193 121
-1.3044901 -4.6557422 0.22498788 147
-1.1641015 -4.6889482 0.27334973 130
-1.9516776 -4.4248877 0.2624397 144.5
-1.8299683 -4.4680982 0.26489511 125
-1.7437963 -4.4948134 0.23500969 141
1.6580625 -2.7015064 0.2971285 17
1.4715148 -2.6436579 0.2579014 15
-1.5619702 -2.5615122 0.23641725 25
1.1615946 -2.5347381 0.26976144 12
0.97395736 -2.4677973 0.27158871 21
1.0081481 -2.4215741 0.27304229 5
1.8755543 -2.4287999 0.2486106 68
1.3969249 -2.3188555 0.24332459 18
1.5543089 -2.3782814 0.22537777 15
0.76632851 -2.2586873 0.24943042 6
1.3437531 -2.295671 0.20056704 25
1.9532706 -2.2562995 0.24560712 86.5
0.92507035 -2.1473575 0.20522967 30
2.008672 -2.1299238 0.20790626 95
2.0347407 -2.0496693 0.25561857 97.5
2.0431566 -1.9635088 0.25667667 86.5
2.0846033 -1.833445 0.25738394 82.666664
-1.2487863 -1.6566581 0.23974614 35.666668
2.1540442 -1.626314 0.24797718 81
2.1819766 -1.5546441 0.2586337 77
2.2120543 -1.5400125 0.21925625 9
0.63892114 -1.4518127 0.22898859 30.5
2.2250528 -1.4363073 0.25797653 79.666664
0.38123628 -1.3279698 0.20771189 0
0.46422672 -1.3348525 0.22870374 1.5
2.2756758 -1.3271117 0.26858571 3
0.45183048 -1.2651364 0.26532263 5.5
0.71982312 -1.2291374 0.21642223 9.5
2.278522 -1.2800595 0.28631535 25
-1.0417045 -1.0663849 0.24740855 7
0.54873717 -1.05825 0.26425186 2.5
-0.98702854 -0.95761657 0.29125077 5.5
0.56545794 -0.9066866 0.26380339 4.6666665
0.78347081 -0.97844958 0.2581723 5.75
0.81099528 -0.9913314 0.24832033 7.6666665
-0.95611602 -0.82782298 0.24855733 7.6666665
0.58594829 -0.88820297 0.23590206 11
-0.9421342 -0.78064167 0.27997154 7
-0.89801985 -0.70907527 0.27379975 9
2.4673805 -0.72686648 0.2126653 108
-0.8807469 -0.63088316 0.26301578 9.416667
2.4812417 -0.65629327 0.22002073 102.4
2.505707 -0.60925049 0.24642925 102
-0.84001082 -0.53814787 0.27293068 12.142858
2.5226588 -0.54451036 0.24902655 100.5
-0.81537253 -0.4445698 0.27701107 12.5
-0.7995851 -0.41844016 0.25205714 12
2.553246 -0.44511828 0.27070862 94.599998
-0.78485906 -0.35830539 0.26237813 11.142858
2.5781775 -0.36484247 0.26946369 87.75
-0.7470358 -0.25328228 0.25393039 9.666667
2.5992112 -0.28879213 0.26626372 86
2.6199927 -0.23219445 0.26977926 91
-0.71478456 -0.15556873 0.25792539 8.375
-0.69700849 -0.10846984 0.25438768 8
2.6467113 -0.1560652 0.27212733 90.5
-0.67570639 -0.050323997 0.24425752 7.8333335
2.6779125 -0.059073482 0.2714487 89
-0.64367324 0.053744011 0.25904581 7.5384617
2.487323 0.090932399 0.29644299 43
2.5461898 0.07218267 0.24323845 40.5
2.6967344 0.018704578 0.26804709 76
-0.61493552 0.13842937 0.25520924 7.3333335
-0.57563472 0.18016763 0.25131401 4.3333335
2.2436972 0.1816895 0.2512286 13
2.3457553 0.14662997 0.2389195 52.5
2.4181111 0.11936777 0.25196585 42.5
-0.57329381 0.24588221 0.23504427 5.6666665
2.0627613 0.24021125 0.21491562 13
2.1503272 0.21389584 0.23243354 13
-0.54078484 0.34700817 0.24512275 6.1904764
1.5909717 0.39708722 0.27342978 14
1.6359549 0.38209927 0.28941333 13.666667
-0.50979638 0.4335784 0.23196976 7
-0.49480927 0.47629493 0.22543672 8.5
1.3257488 0.49672583 0.2934643 17
1.4621124 0.44474998 0.21491653 16
1.5384334 0.41871178 0.24994387 14.833333
-0.50109994 0.50228202 0.21170941 9
-0.47816777 0.52302641 0.23891908 9.166667
1.0726751 0.57635862 0.2620987 12.333333
1.126322 0.55456799 0.24265185 13.095238
1.2463486 0.52051789 0.24831191 15.545455
1.3101505 0.50200474 0.28898561 16.5
-0.44446686 0.63440847 0.24046625 10.285714
0.77227116 0.68480581 0.24483384 12.909091
0.87825608 0.64688838 0.25947383 12.058824
0.96722865 0.61578071 0.26211709 11.923077
1.0092746 0.60418606 0.22061169 13
-0.41525421 0.74043006 0.2244755 12.666667
-0.37254634 0.79685616 0.26460662 11.666667
0.55971366 0.7645973 0.25559831 14.8
0.65075707 0.72912067 0.23847704 13.75
0.74696922 0.70172274 0.28950816 14
-0.36846951 0.82454157 0.24412301 11.428572
-0.27074575 1.0590652 0.25180271 22
-0.1913546 1.0333445 0.24219108 23.5
-0.22204864 -5.0197077 0.33559248 125
-0.17042622 -5.0430727 0.32127354 119
-0.46230069 -4.9319806 0.32295534 127.33334
-0.32604477 -4.9861584 0.31123814 125
-0.80249572 -4.8098102 0.39119026 120
-0.71593416 -4.8345146 0.32795495 123
-0.66303259 -4.8764553 0.36573765 127
-0.5647102 -4.8905869 0.3800939 116
-1.106321 -4.7057476 0.38746873 134
-1.0215995 -4.7391701 0.33126378 127
-0.89060324 -4.7876697 0.37750122 120
-1.3201747 -4.6409206 0.35947704 138.5
-1.2446669 -4.6586246 0.33498552 133
-2.0051329 -4.4064693 0.31869495 131
-1.9687753 -4.4233451 0.34823751 122.66666
-1.7425854 -4.4911366 0.35427257 150
-2.0871117 -4.3794484 0.38012347 131
-1.8316604 -3.4258676 0.3972885 14
-1.6559777 -2.9132597 0.38717294 11.5
1.4696456 -2.8269417 0.39098594 9
0.091898568 -2.7971468 0.37575504 9
1.7874842 -2.7004869 0.35678694 29
1.4343737 -2.6162655 0.31364685 15
1.5564619 -2.636802 0.32320511 23
1.6190289 -2.6688855 0.36421633 21
1.7266651 -2.6921761 0.30722678 21
1.8245811 -2.6544607 0.39921296 75
-1.5312272 -2.5141263 0.356913 23.25
1.2445905 -2.5268278 0.36823824 24
0.9439308 -2.4391627 0.32395595 22
1.8586683 -2.4822576 0.33112305 63
0.76140767 -2.3679433 0.33500159 7
1.9150432 -2.3303075 0.37482458 74
-1.4181352 -2.2155542 0.35838714 18.5
1.9247555 -2.2945457 0.32048008 77
1.9916975 -2.1726437 0.30042675 86
2.0111275 -2.1144223 0.33314222 90
2.0348146 -2.0247879 0.36211386 93.25
-1.3320179 -1.9657156 0.34801847 20.5
2.0645869 -1.9320478 0.33904532 97.333336
2.0797012 -1.8756093 0.34955713 86.5
2.1035275 -1.8110505 0.38268214 70
-1.2671745 -1.7720246 0.34043938 15
2.1240141 -1.7124339 0.39463419 75
-1.2233617 -1.6124923 0.31448454 16.5
2.1496756 -1.645169 0.34307578 78.5
-1.2119664 -1.5711979 0.34053388 31.666666
-1.1997277 -1.517213 0.38251892 41
2.1956735 -1.5110679 0.37631938 79.333336
-1.1689386 -1.4690552 0.33596206 16
0.65127826 -1.4103317 0.37003738 20
2.2094533 -1.479 0.33384454 78.666664
-1.1284642 -1.3475709 0.33194315 6
0.718898 -1.2153707 0.3537432 6.3333335
2.2903771 -1.2715914 0.32391366 38.5
2.3089964 -1.2278699 0.35606313 76
0.49046233 -1.1088959 0.38813123 5
0.51549238 -1.1458551 0.35052133 4.75
2.3264239 -1.1485062 0.34993881 108
-1.0281925 -1.0273693 0.34607407 6.5
0.52118236 -1.0738165 0.38542131 7
2.349402 -1.0709921 0.38215268 112.5
-1.0172464 -0.99683994 0.39831761 6
0.59486794 -0.91204602 0.38986331 8
0.61383921 -0.92761302 0.34923998 5.5
-0.96083826 -0.8555423 0.3119435 4
0.63710004 -0.83621663 0.39744407 3
-0.93428087 -0.75337315 0.32495928 6.8571429
-0.90836513 -0.69116545 0.3567037 7.25
-0.88394624 -0.6567983 0.3919141 9
-0.8554554 -0.56130832 0.36419871 7.9285712
-0.81902081 -0.45780477 0.37046757 13.333333
-0.79769063 -0.41191372 0.34756348 12
-0.80553043 -0.39392656 0.37575704 12
-0.78294188 -0.34392789 0.3519977 11.25
2.5942295 -0.33437994 0.30383861 94
-0.75117189 -0.26525447 0.34505856 10.777778
2.6180573 -0.26419702 0.3138555 101
-0.72154152 -0.16095147 0.32532215 9
-0.69560748 -0.10848823 0.34700859 9
2.6510847 -0.1571307 0.32517084 98.333336
-0.70425212 -0.090993591 0.32399827 8
-0.6829536 -0.040955525 0.31817767 8
2.6786423 -0.066006884 0.33091033 94
2.700943 -0.010015876 0.33409241 98
-0.63870752 0.061982162 0.36223513 6.3571429
2.5703111 0.060513325 0.31157711 46
2.6867039 0.026745975 0.33094069 64
-0.61252505 0.14242607 0.34913254 5.5454545
-0.59095269 0.18889596 0.35331535 5.1428571
-0.57359481 0.25035357 0.35721108 4.1666665
1.9185425 0.29836696 0.38980812 13
-0.53242946 0.35332221 0.34123182 4.75
1.6537724 0.37828735 0.30824289 13
1.7486277 0.35664296 0.33630741 11.333333
1.8488972 0.31961167 0.37576845 11.75
-0.51020318 0.44157976 0.34157825 8
-0.48678675 0.4924264 0.36938208 9
1.3628806 0.48349693 0.32178831 16.833334
1.4421912 0.45544019 0.36862996 16.142857
-0.4633913 0.56825566 0.35066509 10
1.0655612 0.57705492 0.34726012 13.041667
1.1524314 0.55491668 0.33480394 15.125
1.2249116 0.53194171 0.37590235 16
0.74443161 0.69659263 0.33274949 13.25
0.84270954 0.66347557 0.35673854 13.454545
0.96498978 0.61948425 0.35725841 11.952381
1.0151563 0.60288119 0.31546277 10
-0.37909076 0.78490186 0.35768938 11.166667
0.48281488 0.78753239 0.36850628 14.5
0.53982842 0.76627499 0.34047407 14.882353
0.63248158 0.73643053 0.34823033 14.090909
0.71939647 0.70948541 0.36271578 14.142858
-0.37481779 0.80792004 0.33829665 10.5
-0.27760834 1.0607206 0.35338634 22.285715
-0.19645414 1.0354749 0.34715778 24
-12.211783 -42.947094 0.44778422 15
-0.22971401 -5.020926 0.44835979 135
-0.17592081 -5.0463433 0.43321353 122
-0.52308059 -4.9132128 0.40861103 123
-0.48768198 -4.9326339 0.41116229 137
-0.33034152 -4.9874678 0.42127267 121
-0.64397764 -4.8693008 0.46104565 122.66666
-1.1498489 -4.7063031 0.40043667 136
-0.90279943 -4.7927232 0.48284617 145
-0.88717753 -4.7710958 0.4519206 118
-1.4080675 -4.6052575 0.45904741 128
-1.326539 -4.6467967 0.41986907 133
-1.2777183 -4.6490221 0.497969 130
-1.1933179 -4.6814637 0.44315219 143
-2.0057125 -4.4114599 0.44977054 150
-1.7477255 -4.4955363 0.4531678 138
-2.1508565 -4.3164492 0.46882617 32
-2.0826766 -4.3850331 0.4213838 103
-2.137326 -4.2824516 0.43333834 39
-1.8395573 -3.4490004 0.41956225 10
0.028935423 -2.956192 0.45666236 6
1.6872159 -2.9545467 0.44491622 39
1.4314182 -2.8636265 0.47487602 22
1.7488679 -2.8458092 0.45242143 62
0.9531796 -2.7111952 0.40703815 23
1.7782826 -2.7691059 0.49268979 81
0.71289021 -2.6117125 0.49688384 5
0.9229576 -2.6915722 0.46476993 25
0.91891938 -2.5196497 0.40904629 5
1.8473022 -2.546226 0.4498094 70.75
-1.5263176 -2.462934 0.44810519 26.5
1.8936071 -2.3698268 0.45716989 71
2.0098593 -2.0686102 0.43712664 76.5
2.0548317 -1.9493824 0.44493055 90.333336
2.0953312 -1.8656495 0.46573532 80.5
2.125226 -1.7452806 0.43867141 51
2.1435614 -1.659391 0.44229388 77.333336
2.1796737 -1.5489534 0.45795572 78.333336
-1.1753963 -1.451748 0.4296194 40.666668
0.6294468 -1.469511 0.43236956 8
-1.1443824 -1.3693886 0.48403126 32.5
-1.0745397 -1.2185566 0.49654704 19
0.68328112 -1.2395166 0.44543752 8
-1.0530611 -1.1372352 0.48486704 7
2.3353086 -1.1533072 0.40953529 108.5
-1.0126743 -1.0378476 0.46328089 8
0.51297104 -1.0428914 0.40268293 6
2.3656218 -1.0384423 0.43937367 106.75
-1.01035 -0.9756549 0.42759925 6
-0.98959041 -0.93678737 0.46292508 7.5
0.8055377 -0.91396719 0.40829155 2
2.3898232 -0.96022862 0.44609603 111.33334
2.4050937 -0.91191411 0.47276556 109.5
-0.95348549 -0.84453768 0.4426159 8
0.5776397 -0.86786079 0.41985273 4.5
0.67084152 -0.81564093 0.41163936 6.3333335
0.77810097 -0.8537066 0.43024111 6.3333335
2.4238772 -0.84428406 0.46804965 112.5
-0.92302382 -0.75091267 0.42485774 9.25
0.64944476 -0.79765618 0.43019629 8
2.4506516 -0.76965737 0.49345437 113
-0.88075686 -0.63172507 0.43691018 7.1111112
-0.84255719 -0.5409407 0.46239391 9.833333
-0.81845158 -0.45265546 0.45898187 8.9230766
-0.78887343 -0.36361548 0.43687108 10.818182
-0.7520799 -0.25527513 0.42965984 8.416667
-0.71804041 -0.14720793 0.45164761 7.6666665
-0.70261484 -0.096048974 0.42974502 7
-0.6792028 -0.044310957 0.44097674 6.7222223
-0.64545751 0.047273967 0.44334084 6.5999999
-0.61616129 0.1309101 0.42871171 6.2857141
-0.59714156 0.17736094 0.45030823 6.6666665
2.2131541 0.1988923 0.49065623 13
-0.5782603 0.24361823 0.4480961 6.909091
1.9561182 0.28182444 0.42017224 12.666667
2.0404022 0.25145301 0.44233051 14.333333
2.1292658 0.22604583 0.47831392 14
-0.53826374 0.33886003 0.46948639 6.25
1.6333851 0.3946394 0.4749088 14
-0.49184084 0.46209732 0.4308978 8
1.357687 0.48733249 0.47540492 16.6
1.4764594 0.43893814 0.40239403 15
1.5445544 0.41787258 0.43031529 14.333333
-0.46708679 0.55605114 0.45150393 8.8000002
1.0558517 0.58736616 0.44795722 14.192307
1.1496797 0.56043297 0.4513734 16.818182
1.2577157 0.52199435 0.4354248 17.25
1.3090428 0.5046882 0.43780217 17
0.77534139 0.68137705 0.46170077 13.4
0.82283932 0.66837579 0.4391661 13.777778
0.93454307 0.62915212 0.44751292 13.5
1.0150902 0.60303789 0.43458691 14.333333
-0.38606697 0.76923263 0.45091778 10.4
0.48259366 0.79513121 0.44044536 15.25
0.54603028 0.76835823 0.44805872 15.333333
0.64986044 0.72722101 0.44239083 14.444445
0.71497309 0.70432669 0.45047155 13.4
0.44145948 0.81041253 0.46102762 16.700001
-0.24942355 1.0503103 0.45483956 23.5
-0.19879001 1.0380777 0.42747062 25
-0.23629013 -5.0141306 0.55923015 120
-0.18072927 -5.0386081 0.54725116 119
-0.49813497 -4.9307208 0.51967835 138
-0.3328709 -4.9797511 0.53249216 125
-0.74379045 -4.8303304 0.53771001 118
-0.66721612 -4.8680816 0.58018726 125
-1.1524822 -4.7096434 0.50456649 131
-1.0564364 -4.7186613 0.57697392 133
-0.94248366 -4.7630749 0.55020487 128.5
-0.82830971 -4.7950368 0.56388032 124
-1.3498914 -4.6312084 0.53504288 140
-1.5705658 -4.5476332 0.58205122 125
-1.4894385 -4.5779481 0.52124226 132
-2.0177758 -4.4040184 0.54010862 139
-1.7529483 -4.4999409 0.55305952 133
-0.043969832 -3.1422458 0.54947358 5
1.6554556 -3.0501645 0.59007514 36
1.3651836 -2.9364693 0.59549779 21
1.4360379 -2.9116588 0.52563334 15
1.6516972 -2.945174 0.50913739 16
0.91334999 -2.8587933 0.55076361 3
1.4633195 -2.8472137 0.54276806 25
0.18451363 -2.704752 0.59061182 28.5
1.0412658 -2.7095895 0.53548807 5
1.2755449 -2.7927475 0.5152306 28
1.8134674 -2.6459246 0.56545126 74.666664
1.8157349 -2.5959873 0.53587514 57
-1.5103427 -2.4176261 0.52342069 27
1.8873308 -2.4312735 0.52420723 77.5
-1.492475 -2.370189 0.56930274 28
1.9265459 -2.3386185 0.55220127 91
1.9598408 -2.2446835 0.599415 90
1.9860278 -2.1268826 0.55809981 77
1.9919257 -2.0986419 0.50831324 82
2.0243933 -2.0060303 0.57270211 69
2.0336547 -1.9845841 0.52454281 87
2.0914056 -1.8137169 0.5994727 90
-1.2561173 -1.7358036 0.59235305 13
2.0994768 -1.7964203 0.55719668 97
2.1184728 -1.7436078 0.525536 67
2.1535368 -1.6112448 0.56557071 78
-1.2141174 -1.5924343 0.57416463 2
2.1659317 -1.5861454 0.54355413 79
2.2184541 -1.4577302 0.5563848 20.5
-1.117467 -1.3206993 0.51339412 6.5
2.236367 -1.3877803 0.58515245 71
-1.1106024 -1.2674961 0.55279654 17
-1.0908109 -1.2086309 0.58644766 7
-1.0246991 -1.051896 0.59246266 7
-1.0101713 -0.98646021 0.57372844 7
-0.98345453 -0.92262965 0.54353237 7.6666665
-0.96173435 -0.85510558 0.54435414 5.8571429
2.4246898 -0.86016798 0.51909316 113.5
-0.92683387 -0.75484139 0.5190618 8.5
2.4612749 -0.74557316 0.5415206 112
-0.90629035 -0.68001962 0.50049829 8
2.4869773 -0.66186684 0.54350537 112
2.501112 -0.63198406 0.58840245 117
2.5145442 -0.56725234 0.56300712 115.25
-0.81159991 -0.43298244 0.50597185 7.6666665
-0.79797053 -0.40367207 0.51024187 9
2.553972 -0.4444313 0.57813436 110.33334
-0.78447419 -0.34493467 0.5244897 10
2.5795584 -0.36635244 0.59451634 107
-0.75731158 -0.25804394 0.54303706 9.6999998
-0.71677828 -0.15228757 0.5386771 8.625
-0.68231124 -0.05266729 0.52123737 7.8000002
-0.64028454 0.061217874 0.56300217 8.1999998
2.5458515 0.08028008 0.5984093 47
-0.61397207 0.14420716 0.53694463 7.7777777
2.2730718 0.17457378 0.52864146 48
2.360261 0.14574338 0.55825496 46
2.4474576 0.11409083 0.56739217 50
-0.56746948 0.26508105 0.56000012 9
2.1837583 0.20391852 0.51464701 13
-0.54663181 0.3290152 0.54511648 9
1.6736 0.39109656 0.51642567 11
1.748261 0.36033764 0.54273111 11.5
1.8602228 0.32181028 0.58366823 13.5
-0.51340735 0.40527862 0.56803691 8.5
-0.48344395 0.49656546 0.57678437 5.5
1.376828 0.47767839 0.50715119 16
1.4474453 0.45390585 0.54831111 15.428572
1.5057287 0.43350813 0.57083571 14
-0.48626888 0.50497615 0.58411807 6
1.0590588 0.59094805 0.55079478 15.333333
1.1515205 0.56245351 0.54879063 18.222221
1.2473822 0.52755827 0.53411824 17.285715
1.3103483 0.50916314 0.5829041 17
0.76826835 0.69186074 0.54934394 15
0.83956623 0.6670444 0.55492264 14.666667
0.92856276 0.63420826 0.54060525 14.5
1.0179387 0.60811782 0.55364156 14.5
-0.39532369 0.7440834 0.54469401 10.625
0.47763628 0.79430711 0.54592198 17
0.55533779 0.76922059 0.54985166 16.444445
0.6674208 0.7261067 0.54762453 15.5
0.38099363 0.82685411 0.57066911 18.200001
0.42990148 0.81266117 0.54445934 17.5
-0.24792185 1.0407745 0.54999369 20.928572
-0.24397457 -5.0223494 0.67298442 130
-0.1853385 -5.0398684 0.66027576 115
-0.50768679 -4.9268041 0.62927771 135
-0.33621484 -4.9890513 0.64458531 125
-0.6704039 -4.8674216 0.68931246 125
-1.0003357 -4.7413182 0.68471408 128
-0.93434328 -4.7678633 0.67212659 127.66666
-0.87671858 -4.7886386 0.64206731 120
-1.354521 -4.6427593 0.61629063 135
-1.14784 -4.695951 0.62345278 126.5
-1.6511239 -4.518312 0.64368647 131
-1.5320212 -4.5653043 0.66340077 125
-1.4484391 -4.5977764 0.60914779 139
-2.033531 -4.4047976 0.63211364 129
-1.7563591 -4.4942923 0.65214938 139
-0.12326064 -3.3413062 0.65364432 1
1.4702663 -3.1284218 0.65904063 23
1.6224525 -3.1694336 0.66167635 30
1.6398829 -3.0969617 0.66667157 42
1.0325708 -2.9401498 0.65152621 18.5
0.15819284 -2.6819997 0.64817929 43
1.7921479 -2.6626678 0.66084695 67
1.8557758 -2.5415704 0.60170484 83
1.8700405 -2.4722488 0.63477474 72.333336
1.9035974 -2.4007659 0.66693705 92
-1.4783261 -2.3318644 0.61482859 26
1.9238091 -2.3285575 0.69679987 84
-1.4398173 -2.2543249 0.67232805 19.333334
1.9806854 -2.1553385 0.63777053 85.5
2.0174768 -2.0519924 0.66024548 80.666664
-1.324177 -1.9383937 0.62481499 24
2.0813844 -1.8406177 0.66438472 82
2.1082823 -1.7544085 0.64555669 80.333336
2.1470315 -1.6330339 0.64490592 77.833336
2.1985364 -1.5290462 0.62307304 4
2.217808 -1.4507804 0.65256679 55.5
-1.1141135 -1.3356922 0.67181343 29
2.2556908 -1.3431315 0.63765448 98.333336
-1.0754387 -1.2232449 0.64215934 32
2.2893956 -1.2364287 0.65046889 109.5
-1.0666114 -1.1523081 0.6225217 8.666667
2.3194261 -1.1511559 0.6857242 99.5
-1.03132 -1.0491008 0.64921397 3
-0.88777298 -0.6327852 0.66986442 4.25
-0.86973834 -0.57316047 0.69475412 7
2.5361435 -0.52710998 0.6146574 113
2.5625763 -0.44130403 0.63300252 104.5
2.5916901 -0.34559894 0.63372153 116.33334
-0.73643345 -0.24076423 0.69511974 9
2.6251338 -0.24577765 0.6425246 106.66666
-0.71563888 -0.15837832 0.68667817 10
-0.69981873 -0.10175586 0.68021858 10
2.6600151 -0.13890779 0.6573863 98
-0.70025539 -0.099169128 0.67032772 10
-0.68295532 -0.049888153 0.65440619 9.7777777
2.6851225 -0.050462015 0.66674185 97
-0.65359992 0.028794795 0.6175189 8.8000002
2.5514295 0.07383392 0.64444101 46
2.6808777 0.025414111 0.656802 75.666664
-0.60802436 0.13819149 0.68369174 10
-0.59126532 0.18169208 0.63457781 9.5
2.4462788 0.11256861 0.60695112 44
-0.57826948 0.23461868 0.64624697 9.5
1.9626912 0.28297105 0.65013838 14.333333
2.0627465 0.25275669 0.68549329 15
-0.52993393 0.36538655 0.65279061 10.75
1.6815562 0.39264986 0.69062227 12
1.8502247 0.32504344 0.61678582 13
1.901624 0.30393443 0.64544517 14
-0.50330234 0.44918016 0.68478549 12
-0.49682856 0.47574323 0.64431083 11.75
1.3635817 0.48605001 0.63677424 16
1.4124603 0.46592173 0.67374378 14.333333
1.5641882 0.42290768 0.63043463 13.5
1.6317222 0.40720898 0.67812943 12
1.0518259 0.58817589 0.63678312 14.666667
1.2432379 0.53163958 0.64136112 16.625
1.3200238 0.50458658 0.65898585 16
0.78246003 0.68342602 0.66969717 10.2
0.86666709 0.66186506 0.63560778 15.833333
0.94523567 0.62597418 0.65413201 12.125
1.0053643 0.61159962 0.62772578 15.666667
-0.40413904 0.73722327 0.61758256 6
0.47292602 0.79020667 0.6466707 12.5
0.54629904 0.76531982 0.64741707 10.166667
0.64647359 0.73329878 0.64738834 12
0.74653888 0.703834 0.63469923 16.75
0.35703254 0.83163422 0.65029871 7.3333335
0.42392549 0.8105008 0.64567459 8.666667
-0.301902 1.0362477 0.69925022 9
-0.25337654 1.0301915 0.64620537 15.75
-0.25069281 -5.0185571 0.78584349 119
-0.19091716 -5.0381603 0.77419931 117
-0.51722223 -4.9268861 0.73887509 135
-0.33986801 -4.9893589 0.75869191 133
-1.158114 -4.7003288 0.71287209 127
-1.0679924 -4.7155552 0.75090611 129
-0.93739241 -4.7808747 0.79806572 129
-1.3378956 -4.6364059 0.73793626 131
-1.2254224 -4.6672168 0.70063609 122
-1.7056268 -4.5137315 0.77559018 130
-1.617857 -4.5369611 0.71934432 133
-2.0494561 -4.4025822 0.72411609 126
-1.817477 -4.462707 0.76809973 128
-1.7495744 -4.4978876 0.72979987 130
-0.22403181 -3.6904311 0.76131743 22
1.5482557 -3.3554244 0.77098316 75.5
1.6440339 -3.1244619 0.72619236 54
1.7000667 -3.0189738 0.74512964 69
-1.6559359 -2.9132478 0.78238088 21
0.068226598 -2.906961 0.76079839 35
1.727356 -2.9220901 0.77866679 86
0.10816652 -2.8712196 0.75361407 36
1.7656132 -2.7244201 0.79442006 59
1.7781053 -2.6910515 0.72564882 65
-1.5317173 -2.5482788 0.73031569 15.5
1.8405014 -2.5320354 0.75910354 65
-1.4432292 -2.2280438 0.72314388 28
1.9548432 -2.2244043 0.74955916 89.666664
-1.421066 -2.1615036 0.7830292 32
1.9816498 -2.143307 0.75751537 82
2.0199542 -2.0393281 0.71627438 73
-1.3213484 -1.9042135 0.79499036 6
2.0609758 -1.9497999 0.73575211 31
2.0767527 -1.8541764 0.76272035 85
2.0977206 -1.7929761 0.73354876 80
2.1319153 -1.6711714 0.74520707 76.75
-1.1585984 -1.4665065 0.70737404 13
0.59284312 -1.41818 0.74035114 11
2.2609565 -1.3350692 0.70411283 100
2.2811913 -1.2622571 0.73147511 96.5
2.3106554 -1.1678717 0.76673216 98
2.3495464 -1.058416 0.74210858 103.75
2.3887668 -0.93894315 0.76250887 105.5
2.4161568 -0.85322177 0.79039729 104.5
-0.92815274 -0.75485426 0.7276324 2.75
-0.90725499 -0.69261193 0.73814017 6
-0.88644022 -0.63263112 0.74512035 6.75
-0.85636556 -0.53451985 0.73521149 7.2857141
-0.82650191 -0.44807822 0.739272 6.4444447
-0.81153655 -0.39814091 0.72860438 6
-0.77946389 -0.34327334 0.71838385 7.5
-0.75481004 -0.28490087 0.7049467 8.333333
-0.65159553 -0.013496425 0.79538614 10
-0.63532412 0.055098779 0.77109361 10.7
-0.61320472 0.13552091 0.73971701 10.5
-0.59868342 0.19538762 0.71405292 10
-0.55327153 0.28140584 0.77161008 12
2.0302997 0.26019049 0.71636397 14
2.1241541 0.23219217 0.74097937 13
2.2156997 0.20250452 0.7598092 52
-0.53447646 0.34716049 0.74750626 11.714286
1.6616367 0.3909708 0.72401142 12
1.7363418 0.3662433 0.75399613 13
1.8160753 0.34040946 0.7815938 14
-0.51107693 0.42158091 0.72615039 12.25
1.3437892 0.49479917 0.74513519 15
1.4532915 0.46242216 0.75117177 14.75
1.5420022 0.44397917 0.76992428 11.5
0.98392522 0.59880114 0.72890067 0
1.0494392 0.58472192 0.71791732 4.5
1.2958386 0.51220202 0.71259087 16
-0.42138115 0.68632895 0.7670595 5.3333335
0.75641912 0.68741167 0.71150494 3
0.86576742 0.65836871 0.71048534 6
0.95952541 0.62224317 0.71821117 3.75
0.58631498 0.74912655 0.70910126 1
-0.3050158 1.0188483 0.7531361 8.166667
-0.21284127 1.0241828 0.74684358 16.5
-0.19460207 -5.0404105 0.88830292 132
-0.52688676 -4.9169693 0.84947354 118
-0.34340066 -4.986659 0.87081248 115
-0.67356592 -4.8767672 0.80040377 121
-1.1638118 -4.7077446 0.81873465 119
-1.3869681 -4.6184368 0.81837839 125
-1.2408979 -4.6626711 0.8702994 124.5
-1.1541793 -4.6896324 0.81046534 126
-1.7711475 -4.5022254 0.85559136 120
-1.4774073 -4.5770292 0.8875066 126
-1.9431268 -4.4212551 0.86321723 119
-1.8772525 -4.4530287 0.88608557 120
-1.7900875 -4.4803014 0.83040512 125
-2.0645561 -4.3973145 0.816199 114
-0.27601483 -3.8828676 0.89656627 36
-0.2265521 -3.7416363 0.85730803 48
-1.8572787 -3.4949706 0.87893504 19
1.4768907 -3.4187093 0.82557851 21
1.0085638 -3.2197466 0.82851458 24.5
1.6263471 -3.2118137 0.83488965 68
-0.014165143 -3.1502581 0.88966501 41
1.6304677 -3.1461363 0.84768283 62.5
-1.6855347 -3.0050802 0.81717676 13
0.04041592 -3.0563378 0.86630958 85
1.7563874 -2.8351529 0.81214547 85
1.7689172 -2.7535112 0.85335368 73.5
1.8102443 -2.6664031 0.87352741 84
1.8206369 -2.5720112 0.85482305 69
0.2791445 -2.410002 0.82070249 4
1.9342718 -2.2416391 0.84827554 76
-1.4061452 -2.1352572 0.8387928 27.5
0.34195429 -2.1446145 0.84099066 27
1.9765941 -2.1214018 0.85448468 74
-1.3767635 -2.0442979 0.84852755 32
2.0259085 -2.049088 0.8264221 45.5
-1.3532541 -1.9862549 0.87478888 19
2.0572631 -1.9116607 0.84933436 78.5
2.082937 -1.8337467 0.8476274 81.5
2.1226261 -1.7177566 0.86101687 86.800003
2.1467252 -1.6512985 0.83910859 60
2.1758909 -1.5645826 0.8882432 65
0.57561046 -1.4914616 0.81236058 7
2.3575079 -1.0303993 0.81744742 111
2.3862348 -0.93755817 0.84777141 101
2.4170098 -0.84639275 0.87729704 106.5
2.447031 -0.75411284 0.84130943 106
2.4866409 -0.64034176 0.85405809 104
2.5138807 -0.55360425 0.87700069 99.5
2.5333478 -0.48756871 0.89193243 98
-0.70318699 -0.13956894 0.89596814 8
-0.69377315 -0.11901449 0.87776577 10
-0.67132246 -0.053954925 0.85276979 9.666667
-0.64436221 0.023264417 0.82409334 9
2.2912889 0.17387863 0.82646608 48
2.3875837 0.13971075 0.84358084 53
2.5022328 0.10352647 0.89826179 54
-0.56740242 0.22870255 0.83598983 10.6
2.1917148 0.2070186 0.80284131 48
-0.53821236 0.33393118 0.85241193 10.75
1.682767 0.38936982 0.89011729 14
1.8482618 0.3252264 0.84244019 14.333333
1.9379473 0.30182704 0.86368084 15
1.3891401 0.48644328 0.81170815 15
1.4595196 0.47368467 0.86458641 12
1.568215 0.43189192 0.82644492 12
1.6224632 0.40826756 0.8669306 13
-0.43269512 0.65582365 0.84803826 8.4285717
0.77691925 0.69726044 0.88477778 1
0.62555271 0.75266582 0.88093346 5
0.2567862 0.87879455 0.84892625 3.7142856
0.36615998 0.83945131 0.85687435 4.75
0.47825745 0.80110687 0.88232249 8
-0.30912319 0.995143 0.84064424 1
-0.30961347 1.0056875 0.81628621 5
-0.21580553 1.0299953 0.85226232 6.8000002
-0.25754339 -5.0187678 0.90068984 121
-0.5365786 -4.921052 0.96106142 141
-0.34604853 -4.9929533 0.98598576 131
-0.67685086 -4.8711076 0.90954226 122
-1.1668768 -4.7031012 0.92587709 124
-0.94979316 -4.7759271 0.90540594 124
-1.3613532 -4.6257114 0.93979967 126
-1.5614973 -4.5472956 0.94905651 136
-1.4295574 -4.5999832 0.98983544 124
-1.9652425 -4.4257994 0.94232869 125
-1.7757727 -4.4946132 0.95659751 117
-2.0675614 -4.3881192 0.95474458 121
-0.28121689 -3.9210434 0.99641395 52
-0.22902372 -3.7438216 0.94541752 46
-1.904482 -3.6341307 0.9320966 16
1.459909 -3.6239018 0.98318398 31
1.1036433 -3.5463223 0.93038327 28
1.472324 -3.5369811 0.92932212 53
1.1028064 -3.4098649 0.92377329 18
-0.070120417 -3.2354665 0.98919344 150
1.5779083 -3.2606053 0.95334291 63.5
-0.018026644 -3.1678059 0.968665 43
1.6903564 -3.0167296 0.90595186 78
1.7204443 -2.9231145 0.93774807 84
1.7500861 -2.834527 0.9702661 88
1.7599716 -2.7690787 0.96730304 73.5
1.7974837 -2.6301928 0.99158931 69
1.8102801 -2.6035538 0.92316669 65
0.22292073 -2.5932491 0.9378947 5
1.8472686 -2.5471964 0.91644096 83.5
-1.5134057 -2.4688931 0.93302464 24
1.8844898 -2.4349813 0.95792162 101
1.9089528 -2.3641829 0.98510361 87
-1.440329 -2.251843 0.94298363 13
1.9171216 -2.2832768 0.96482629 75.5
1.9607177 -2.1617262 0.96638268 77
-1.3398252 -1.9393053 0.91034126 32
2.0428994 -1.9382489 0.94637591 80
-1.3185979 -1.8817129 0.93648612 31
-1.2982006 -1.8241396 0.96055543 32
2.0745974 -1.8679204 0.94559026 79.5
-1.2834707 -1.7779963 0.98810679 32
2.1150641 -1.7397894 0.9622218 67.400002
2.1545348 -1.6375172 0.98741668 78
2.1903024 -1.512154 0.90642971 89
2.2163701 -1.4383864 0.93642926 99
2.2441311 -1.3355525 0.9703455 101
2.2720261 -1.2647257 0.99923676 101
2.4551697 -0.73097134 0.91091263 102
2.4771266 -0.66056907 0.9301089 106.5
2.4997725 -0.59012765 0.94858319 112
2.5092688 -0.54148227 0.95747793 112
2.5474873 -0.44711703 0.96310049 101.75
2.5741313 -0.35444546 0.92175722 107
-0.74855441 -0.23735708 0.98034716 7
2.6126204 -0.24188629 0.94627988 100
-0.72220898 -0.16660205 0.94703662 7
-0.69705874 -0.11425272 0.91800982 8
2.6445191 -0.1490016 0.9641825 97
-0.68962437 -0.092981443 0.90569234 9
2.6727648 -0.054203384 0.97934091 91.5
2.6555696 0.040955573 0.97180736 79
-0.60374302 0.14327084 0.96789443 10
-0.59248757 0.17530702 0.92681199 9.333333
2.382576 0.13974768 0.90431571 47
2.505826 0.10168651 0.96897137 48
-0.56627905 0.27252087 0.96000093 7.6666665
1.9417298 0.29584491 0.93036008 14
2.0323675 0.26809725 0.94982535 27.666666
-0.55363441 0.30208322 0.91168457 8
1.65516 0.39593354 0.92585611 13
1.7392111 0.36688313 0.95831436 14.666667
1.544924 0.4396494 0.94789636 13.2
-0.45681304 0.59848475 0.99301422 8
1.0717183 0.58436388 0.94935179 1.3333334
-0.44675738 0.62631828 0.95346594 7.5714288
0.77341264 0.6975407 0.92941046 6
0.84179014 0.6772325 0.97278655 7
0.95746708 0.63451135 0.97193068 5
0.48363042 0.7986393 0.95513844 10.5
0.51787704 0.78948063 0.93444502 8.5
0.62929755 0.74646509 0.94825315 9.75
0.77176398 0.70189369 0.98159009 8
0.1966449 0.8985405 0.93783766 9
0.23543836 0.88441163 0.93438262 9
0.33929187 0.85196638 0.9498955 9.75
0.45556736 0.81098664 0.95908678 13
-0.3171722 0.96560884 0.97834855 0
0.16373962 0.9060908 0.96195632 8
-0.26439437 -5.0189781 1.0155362 137
-0.54646438 -4.920136 1.0746442 132
-0.68027681 -4.8754625 1.02264 121
-0.5247218 -4.8995881 1.0175838 66
-1.170953 -4.7014837 1.0339245 129
-0.96103698 -4.7669754 1.0108413 118
-1.4111862 -4.624608 1.0120258 114
-1.7863116 -4.502171 1.0610498 123
-1.644202 -4.5165558 1.010875 118
-1.5158458 -4.5681105 1.0516376 119
-1.4839402 -4.5806427 1.0476897 122
-1.7326714 -4.4968328 1.0766081 117
-2.1366427 -4.3642478 1.0565137 117
-2.0960338 -4.3818431 1.000277 117
-0.3402729 -4.0567746 1.0069121 38
-0.28635496 -3.9392128 1.0932993 48
-0.23179841 -3.762023 1.0394763 47
1.4538052 -3.6004272 1.0259689 56
1.0700951 -3.5479262 1.0128915 13
1.5105205 -3.5460932 1.0302824 66
1.5501169 -3.4276252 1.0628328 82
1.5681794 -3.3220191 1.0902498 76
-1.654032 -2.882385 1.0336187 26
0.15571168 -2.8161371 1.0787926 8
1.7248 -2.8436966 1.0480007 64
-1.5856571 -2.7064507 1.0468951 0
1.7838516 -2.6568696 1.0618285 63
1.8029394 -2.6596689 1.0276625 86
-1.5498518 -2.5839856 1.0303853 21
1.8430132 -2.5415177 1.0694752 84.5
0.27011395 -2.3883276 1.0149082 4
1.9049764 -2.3140023 1.056013 78
1.944036 -2.2596772 1.0224304 77
1.9629791 -2.1742139 1.0566227 56
2.0323939 -1.9682648 1.049552 76
2.0583582 -1.8896974 1.0422897 78.5
-1.2628324 -1.7204045 1.009186 30
2.0986602 -1.7880677 1.0824133 78
2.1054375 -1.7616892 1.0492945 73
-1.2314482 -1.6329893 1.0353267 20.5
-1.211202 -1.5649343 1.0694736 3
2.1794841 -1.5545244 1.0175138 96
2.1930895 -1.4966875 1.0348094 78
2.2105343 -1.4436518 1.0541528 92
2.2352304 -1.3636755 1.0817841 93
2.2813737 -1.2124335 1.012584 102
2.3089166 -1.143111 1.0397111 102
2.342587 -1.0490973 1.0734761 102.5
2.3624506 -0.97598594 1.0947696 101
-0.87426525 -0.61134636 1.0983979 7
-0.84677875 -0.53358436 1.0874895 8
-0.81613868 -0.44289646 1.0621374 7.8333335
-0.7840181 -0.34618154 1.0263644 7.4285712
2.5753345 -0.35131171 1.0030794 96
2.6013074 -0.3037312 1.0179921 99
-0.76447362 -0.27963126 1.0139098 7
2.6185246 -0.22808979 1.0287895 96
2.6496468 -0.1266022 1.045958 93
2.6771314 -0.049874716 1.0597174 98
-0.6343987 0.069676459 1.070083 7.6666665
2.6672072 0.029225754 1.0530467 72
-0.61951828 0.11932687 1.0171592 7.5
-0.59856474 0.1822737 1.0779576 7
2.2529397 0.194666 1.0728905 55
-0.58891147 0.22365968 1.0418367 7
2.0942469 0.24398676 1.0417323 55
2.1636302 0.22616091 1.0134059 52
1.7274545 0.37067384 1.05108 15
1.8388159 0.33646473 1.0570101 14.5
1.9248796 0.31195191 1.0939512 14
1.5857376 0.42336741 1.0217532 14
1.6391044 0.40409184 1.0506864 15
-0.46135354 0.574462 1.0522548 8
1.0882049 0.58467251 1.0528172 6.75
1.1278027 0.57457948 1.0397031 6.5
0.83734477 0.68045479 1.0478747 9
0.97278881 0.62981969 1.0547035 8.6000004
0.59398717 0.76717365 1.0671554 10
0.64674348 0.74875379 1.0472248 10.5
0.7676906 0.70361203 1.0524164 9
0.26181182 0.87593317 1.0245241 10.666667
0.32012242 0.85749578 1.0422621 11
0.45030269 0.81560576 1.0551167 11
-0.3273513 0.9419167 1.0494989 5.8333335
0.1570707 0.91018385 1.0474477 8.25
-0.21916567 1.0244316 1.0540723 4
-0.55634665 -4.9202194 1.1882265 139
-0.34885901 -4.9942513 1.102167 126
-0.6827774 -4.8717952 1.1348461 124
-0.57886612 -4.8836412 1.129127 67
-1.1769687 -4.7059145 1.1427851 123
-0.97465414 -4.776031 1.1210796 120
-1.4269565 -4.6214161 1.1130779 120
-1.6741836 -4.5210886 1.1712916 128
-1.5858437 -4.5474706 1.1103342 128.5
-1.815388 -4.4620886 1.1384265 116
-1.7934664 -4.4929729 1.16293 122
-2.134325 -4.3767695 1.1887635 126
-0.34359431 -4.0770507 1.1089302 39
-0.29146576 -3.9423785 1.1882119 51
-0.2344225 -3.7722158 1.1305604 44
1.0624206 -3.7966251 1.1646242 17
1.4325224 -3.6559138 1.1236068 54
-0.1698958 -3.508831 1.1485165 35
1.4940321 -3.579664 1.1690639 70
-1.8677694 -3.4901259 1.1875799 21
1.5320576 -3.453764 1.1986028 76
-0.10625192 -3.3991551 1.1147887 28
1.5287001 -3.3688033 1.1767695 71
-1.7582256 -3.2083287 1.1846138 5
1.6219854 -3.2113469 1.126474 72
1.6566199 -3.1130762 1.1562763 81
-1.7158056 -3.0661941 1.1644094 20
1.6889399 -3.0108814 1.184014 76
0.11876081 -2.8331201 1.1560546 32
1.7047663 -2.8873041 1.1632904 66
0.19493029 -2.6890781 1.1980512 3
1.7756921 -2.6923356 1.1377081 76
1.8804756 -2.4285002 1.1099346 88
1.8954887 -2.3469348 1.1519858 69
1.9065875 -2.3571029 1.1368867 78
1.9414728 -2.2355111 1.1599089 49
0.38820809 -2.1365876 1.1402472 22
2.0341382 -1.953306 1.1501572 75
2.085669 -1.8258176 1.1749871 40
2.094656 -1.7870427 1.1532502 74
2.1026959 -1.7799103 1.1607753 63.5
2.269908 -1.2611181 1.1187124 95.5
-1.0628934 -1.1534319 1.1260754 13.5
2.2927914 -1.1817384 1.1431999 98
2.3140926 -1.1345022 1.1631774 99
-1.0290611 -1.0558808 1.1313996 23
2.3362617 -1.05566 1.1862659 96.5
-1.0101272 -0.99380416 1.141323 7
-0.98776811 -0.9380784 1.1304241 25
2.3775964 -0.92752171 1.1093938 122
-0.96203047 -0.85693771 1.1343219 6
2.3934934 -0.88003671 1.1247065 125
2.4130599 -0.83544755 1.1420532 105
-0.9229598 -0.75226325 1.1477673 7.25
2.4321156 -0.7613492 1.1605372 124.5
-0.90121955 -0.68729693 1.1118222 7
-0.88622206 -0.65119827 1.1300285 7.5
2.4641681 -0.66536033 1.1886829 103.5
-0.8596167 -0.57672477 1.1120317 8
-0.66627955 -0.032197341 1.1732271 6.5
-0.6417948 0.047880806 1.1555128 6.75
-0.61334401 0.13906042 1.1240129 7
2.295629 0.17868656 1.1867689 54
2.3617146 0.15972537 1.1439595 58
1.9957494 0.28587106 1.1538489 51
2.1887329 0.2130063 1.1097832 55
1.6902437 0.39111358 1.1340666 15
1.7558191 0.36826509 1.1711693 15
1.8946697 0.3176167 1.1456643 14
-0.48925841 0.49331275 1.1949478 8
-0.47544694 0.53094357 1.1449628 8.166667
1.0994347 0.57986403 1.1286287 9
1.1339539 0.57081413 1.1590729 9.5
0.83138275 0.68257314 1.1529105 10
0.94195461 0.63882416 1.133104 9.666667
1.0036252 0.62151039 1.1578689 10
0.58035392 0.76981354 1.1537927 10.666667
0.64226854 0.74962109 1.1678081 10.5
0.76245815 0.70174402 1.1452043 10
0.26361418 0.87420511 1.1388524 11.5
0.39242265 0.83286572 1.1914737 12
0.43547055 0.81774688 1.1534752 11
-0.33467573 0.91758406 1.1441727 7.75
0.072163239 0.94591516 1.1300304 23
0.13467869 0.92063516 1.1386355 8.666667
-0.22177383 1.026004 1.1426921 13
-0.65964568 -4.8699236 1.2443125 99
-1.1831664 -4.7023463 1.2516689 127
-0.98977715 -4.7696724 1.2303748 137
-1.4420699 -4.6111727 1.2132092 131
-1.9475522 -4.4259949 1.2378548 122
-1.8189962 -4.4753103 1.2759602 126.5
-1.7612855 -4.4882507 1.2319248 117
-2.1528285 -4.3686867 1.2835834 117
-0.34511876 -4.083416 1.2070245 39
-0.29708704 -3.9635601 1.2910717 50
-0.23663223 -3.8774712 1.2545211 35
1.4110124 -3.7154157 1.2266139 14
-0.20585844 -3.6561894 1.2792352 28
1.5114294 -3.4227023 1.2744534 71
1.5707613 -3.3418472 1.229547 87
1.6076523 -3.2370214 1.2598264 75
1.6406701 -3.1273665 1.2852364 77
1.6927278 -2.9227011 1.2454666 60
1.720104 -2.9167297 1.2103499 78
1.7513752 -2.8255754 1.2366786 84
1.765008 -2.7346849 1.2547303 75.333336
1.8061072 -2.6465356 1.2831377 85
1.8822801 -2.3719425 1.248539 65
1.9299721 -2.2499363 1.2400339 73
0.35154018 -2.1284416 1.2259548 4
2.0100603 -2.0148578 1.2664901 75.5
2.0420103 -1.9450712 1.2630299 49.666668
2.0753424 -1.8392196 1.2686146 60.333332
2.0925076 -1.7930498 1.2528822 70.5
2.1183889 -1.7258503 1.2095132 77
2.1480417 -1.6398516 1.2394361 92.5
2.1785145 -1.5568274 1.2700423 100
2.1924438 -1.4973426 1.2854091 96
-1.0800052 -1.2056788 1.2929593 31
-1.057315 -1.1422937 1.2790403 31
-1.0268482 -1.0539298 1.2573364 31
-0.99138868 -0.94947386 1.2345921 19.5
2.3646441 -0.95143431 1.2151906 102
-0.9582898 -0.85117769 1.208616 8
2.3890579 -0.87497389 1.2382342 104
2.4035964 -0.82309192 1.2519819 101
2.4345946 -0.74928027 1.2784252 96.5
2.4821031 -0.59128708 1.2047156 103
2.5030153 -0.54465318 1.2220367 99
2.5241184 -0.46948463 1.2390623 114.5
2.5559137 -0.37026915 1.2643881 97
2.5809457 -0.29448909 1.2838036 91
2.6002278 -0.24389035 1.2969254 95
-0.70911002 -0.1563907 1.2991141 6
-0.69820428 -0.12570786 1.2670306 6
-0.67740345 -0.059927419 1.2445768 6.6666665
-0.64975858 0.028874841 1.2395182 6
2.4443154 0.12889355 1.2452338 52
1.9682623 0.2912035 1.213411 47
2.0665336 0.26091689 1.2570897 50.5
2.1687086 0.22625767 1.2991315 48
1.8215373 0.34788507 1.2393817 59.5
1.9016216 0.32257208 1.2856197 49
-0.50561482 0.43622953 1.2918836 8
-0.49335885 0.47034669 1.2595456 7.75
-0.48112047 0.5007742 1.2192765 8
1.1351608 0.56915748 1.2452468 10.4
0.82602799 0.68223023 1.2701516 11.5
0.95083851 0.63457495 1.2512406 10
1.008122 0.61785394 1.2413914 10.5
0.5613991 0.77151603 1.2735612 11.5
0.62587619 0.75215334 1.2698745 12
0.75989807 0.70349991 1.235446 10
-0.34986737 0.88731068 1.2484355 7.3333335
0.22983642 0.8844434 1.2236435 12.5
0.37783679 0.83414119 1.2420446 10
0.42737401 0.81847322 1.2409627 12
-0.33474225 0.9205308 1.2506738 7
0.076698259 0.94233865 1.2493473 43
-0.22339487 1.0272962 1.2499516 15
-0.56638092 -4.9253039 1.3037989 128
-0.68904114 -4.8631458 1.3585768 94.5
-1.1884053 -4.7007604 1.3616264 124
-1.0012029 -4.7597136 1.3378015 124
-1.4607965 -4.6141653 1.3180032 123
-1.9383019 -4.4290223 1.3559299 124.5
-1.8374732 -4.4728155 1.3398407 119.5
-2.1655836 -4.346817 1.3875575 100.5
-2.0789125 -4.3818946 1.3367248 124
1.0700464 -4.2218332 1.3822687 14
-0.34750754 -4.0886722 1.3071679 41
-0.23759866 -4.0037341 1.3905698 38
-1.9994081 -3.9095278 1.3770809 13
-0.29263598 -3.8432813 1.343367 30
-1.9527825 -3.7494864 1.3537316 19
1.4730663 -3.6361172 1.3598323 64.5
1.4919083 -3.4747026 1.3744451 69
1.5194365 -3.4919682 1.3587112 66
1.5578122 -3.3743677 1.3848535 80
0.0089191701 -3.2335296 1.38641 0
1.6760575 -3.0356228 1.3162605 80
1.681145 -2.956094 1.3289748 59
1.707401 -2.936054 1.3410032 79
0.13898946 -2.8276329 1.3302052 27
1.7374388 -2.8395479 1.3643609 77
1.7556884 -2.7696743 1.3816464 71.5
1.8357775 -2.5694478 1.3101867 88
1.8637638 -2.4450712 1.3572214 70.5
1.8796453 -2.3974662 1.3339617 59.5
1.913087 -2.3365719 1.3774489 4
1.9204388 -2.2731161 1.3361247 66.5
2.003603 -2.0307369 1.3530141 71
2.0280643 -1.9544641 1.3628967 71
2.0770531 -1.8210857 1.3524079 70.75
2.0808651 -1.7965851 1.3250684 73
2.1026018 -1.7614806 1.3386067 87
2.1297746 -1.6684852 1.3662204 85.5
-1.2035813 -1.5622567 1.3545324 3
2.1601279 -1.581338 1.3966 88
-1.1655166 -1.4504143 1.3400755 17.5
2.2086079 -1.4407858 1.3014281 97
-1.124849 -1.3374314 1.3178126 34
2.2365799 -1.3593352 1.328903 98.5
-1.1015326 -1.2690006 1.3049687 32
2.2701011 -1.2496831 1.3619676 101.5
2.2948334 -1.1688311 1.3863301 108
2.4679837 -0.64628375 1.3072429 96.5
2.4900568 -0.56794417 1.3253809 97
2.5052257 -0.51502478 1.3384051 94
2.534379 -0.43665278 1.3612919 98
2.5599098 -0.35612661 1.3807675 80
-0.73566699 -0.23857142 1.3748448 7
-0.71361464 -0.16387427 1.3643322 6
-0.69545841 -0.10525751 1.3655044 6
2.6305487 -0.16595387 1.3187037 97
-0.67843109 -0.057158567 1.3209991 6
2.6682172 -0.058777697 1.34498 102.5
2.5499101 0.093193091 1.3703156 54
2.6512713 0.04884908 1.3342748 80
2.2765999 0.19162422 1.3886167 59
1.9844289 0.29643619 1.3693286 51
2.1518989 0.23116429 1.3806573 50
-0.51927227 0.39716527 1.3689816 8
1.8337141 0.3422935 1.3435421 52.666668
-0.5084241 0.4214913 1.3489735 8
-0.49856299 0.44702607 1.3339816 7
1.1587743 0.56379873 1.3477552 10.5
0.82404977 0.68198448 1.3507494 12
0.95979285 0.63206023 1.341187 10
1.0161926 0.61373496 1.338671 11.5
0.54829603 0.7808522 1.3679316 11
0.61207551 0.75276619 1.3532909 11
0.75701672 0.7022295 1.3326333 10
-0.35362223 0.86638212 1.3572129 17.333334
0.21357466 0.89685857 1.3033268 11
0.40867314 0.82715946 1.3072989 7
-0.33982861 0.90524369 1.320436 7
0.035893574 0.96258414 1.3310692 7
0.18556805 0.91015577 1.3005645 9
-0.22444925 1.0298779 1.3386925 15
-0.18357909 1.0123949 1.3812019 69
-0.74347442 -4.8308125 1.4660555 65
-0.69678003 -4.898963 1.4858099 137
-0.57326847 -4.8563662 1.4026418 150
-1.1970097 -4.708272 1.478285 122
-1.017416 -4.7747684 1.4548378 145
-0.57610643 -4.7524037 1.4878111 38
-1.4760897 -4.6009269 1.4181312 113
-2.0150766 -4.402329 1.4043673 125
-1.8214667 -4.4825487 1.4827762 113
-2.1398764 -4.3548446 1.4775286 118.33334
-2.0365524 -4.389832 1.4304969 113
0.7580694 -4.2296786 1.4467952 3
-0.32632625 -4.1514068 1.4389751 35
-0.3312946 -3.9938133 1.4858744 29
-1.9337965 -3.6197579 1.4944003 14
1.4741963 -3.5326333 1.4806473 64
1.5048751 -3.5208445 1.4103293 59
1.5443175 -3.4030581 1.4363852 65
-1.7961439 -3.2266071 1.4973693 14
1.5891287 -3.2770596 1.4356701 77
1.6252885 -3.1704867 1.4607615 69.5
-1.7221055 -3.0250752 1.4842544 20
1.6664765 -3.0568409 1.4598523 73
1.6823162 -2.9685221 1.4470158 71
-1.6639361 -2.8604939 1.4817144 24
0.10415517 -2.8289742 1.4077182 23
1.7318776 -2.8126848 1.4563811 65
-1.5962459 -2.6773617 1.4609742 25
1.7951176 -2.6649187 1.4124321 92
-1.545584 -2.5342467 1.4547145 23
1.822005 -2.57757 1.4337423 71
-1.505257 -2.4127471 1.4545331 14
1.8624364 -2.4489768 1.464992 42
-1.4655024 -2.2942884 1.4512818 5
1.9082561 -2.2922661 1.4347231 63
1.9961269 -2.0438862 1.442057 71.5
2.0102937 -2.0559511 1.4627335 4
2.032567 -1.9543856 1.4736933 55.666668
2.0719163 -1.8264785 1.4616389 72.25
2.175765 -1.5184615 1.4117606 88
2.1946144 -1.4614321 1.4311013 86
2.2175603 -1.4087509 1.4530519 91
2.2378838 -1.3526553 1.4723641 90
2.2522376 -1.2928493 1.4861429 87
2.3132906 -1.1162018 1.4044117 106
2.3409762 -1.0382537 1.430117 107
2.373703 -0.9312976 1.4603517 106
2.39803 -0.85263753 1.4836459 106
2.4142227 -0.79807436 1.4982451 110
-0.77117604 -0.33529168 1.4718459 6
2.586581 -0.30359197 1.400619 94
-0.74526399 -0.25400254 1.4637642 6
2.6051064 -0.24749011 1.4128586 102
-0.71889812 -0.17508551 1.4274307 6
2.6286259 -0.16356485 1.4298947 101.5
2.6677256 -0.049244523 1.4564471 106
2.6923535 0.03974862 1.4720349 95
2.2678428 0.19582678 1.4871036 49
2.4027176 0.15155888 1.4939543 57
1.9600981 0.29735714 1.4238627 56
2.0703478 0.26440385 1.4557894 53
-0.52722335 0.3718529 1.4429151 7
1.8865372 0.32660785 1.4327357 57
-0.51155347 0.40647981 1.4160028 7
1.1728873 0.56168336 1.4400672 10.666667
1.2068874 0.5536148 1.4898434 11
0.82332802 0.68720657 1.4534668 11
0.96988076 0.63227355 1.4256551 10
1.0312622 0.6156888 1.4634848 10.5
0.54030466 0.77743953 1.4214334 6
0.6022675 0.76444751 1.4336967 12
0.75647223 0.70802855 1.4563689 11
-0.35715532 0.85009718 1.4447258 21
-0.22626725 1.0291898 1.433884 70.25
-0.18383235 1.0102836 1.4434023 70
-0.80280328 -4.8248763 1.5840056 65
-1.0302668 -4.7668133 1.5671586 125
-1.4949965 -4.600924 1.522922 123
-1.201502 -4.6956658 1.5883571 119
-1.8306545 -4.4750714 1.5904274 127
-2.1778383 -4.261601 1.543813 47
-0.35480225 -4.2493749 1.564907 41
-0.42810661 -4.1917815 1.5609415 15
-2.0435023 -3.9114387 1.5142262 17
-0.091272704 -3.5272739 1.5951773 27
1.4562544 -3.5915797 1.5922266 66
-1.8750738 -3.4444463 1.5080061 16
1.6494805 -3.0448322 1.5342407 58.333332
1.6860603 -2.9766202 1.5303329 61
1.7223825 -2.8598955 1.5318652 63
1.7637458 -2.7553148 1.5666685 61
1.7900597 -2.6806607 1.5473074 67
1.833885 -2.5548255 1.5789944 35.5
1.8559811 -2.4431884 1.5306332 68
1.8965678 -2.3239801 1.5751352 65
1.9033718 -2.3290553 1.5043547 33.5
1.9761604 -2.1268754 1.565321 6
1.9916101 -2.0577097 1.5713234 52
2.0183346 -1.9813892 1.5597696 71.666664
2.0685604 -1.833492 1.5493922 72.75
2.0881479 -1.780988 1.5293537 91
2.1096733 -1.7181816 1.5494871 87
2.1289992 -1.655447 1.5661325 88
2.1591778 -1.5643046 1.5921302 90
2.2711158 -1.2368239 1.5040711 95
2.2892709 -1.1808338 1.5213078 103
2.3081958 -1.1258062 1.5392355 96
2.3343177 -1.0413735 1.5640521 94
2.3641124 -0.95876008 1.5909125 95
2.4363263 -0.74732906 1.5183638 103
2.4617124 -0.66644716 1.5405893 107
2.4914627 -0.586429 1.56696 108
2.506171 -0.53090912 1.5801785 108
-0.80704832 -0.44456345 1.5642514 15.5
2.520844 -0.47438943 1.5933999 99
-0.78080869 -0.35910994 1.5399911 6.5
-0.75824302 -0.29446122 1.5269227 28
2.3920858 0.15288696 1.5997434 46
-0.56005031 0.27710137 1.5862085 26
1.9813067 0.29598087 1.5230852 52
2.0585654 0.26937041 1.5292739 56
2.1722269 0.23092951 1.5574542 54
-0.53957427 0.33416253 1.530532 12.25
1.9596925 0.30194435 1.5324545 57
1.1856067 0.55682158 1.550909 27
1.2163819 0.54667997 1.5436672 40
1.3214889 0.50895572 1.5623322 40.5
0.82375604 0.69043106 1.5633036 11
0.98360336 0.62955552 1.5431157 27
1.0410264 0.61061978 1.5571294 42
-0.3797316 0.79327774 1.5867329 35
0.59146631 0.76812911 1.5069605 7
0.75536788 0.70933485 1.5566313 11
-0.36158523 0.8343277 1.5421542 39
-0.22777387 1.025053 1.5320818 64
-0.18236294 1.0106161 1.5499161 69
-0.69979495 -4.8903174 1.6030117 116
-0.59054136 -4.8115139 1.6220288 45
-1.0417224 -4.7458525 1.674588 33
-0.8573783 -4.7949381 1.696458 66
1.0649949 -4.6015878 1.6060883 3
-1.5105764 -4.5856962 1.6250411 121
-1.8389436 -4.4605656 1.6971852 24
-0.23439634 -4.4321766 1.6405025 31
-0.30765906 -4.3410935 1.6195805 39
-0.33529866 -4.2404375 1.6808453 20
-0.13133141 -3.506367 1.681841 18
1.6286039 -3.0738358 1.6878381 59
1.7072798 -2.863971 1.6267562 61
1.8116702 -2.6219218 1.6210705 33
1.8404372 -2.5386117 1.6423957 15
1.8571677 -2.4530003 1.6380481 32.25
1.8904549 -2.3373485 1.6469179 65
1.9733887 -2.1259367 1.6824113 21
1.9909841 -2.0622091 1.681945 56
2.0220425 -1.9679823 1.6490893 68
2.0630336 -1.8433313 1.639815 75.5
2.084017 -1.7824259 1.6562096 98
2.1039352 -1.7154119 1.6727258 89
2.1263268 -1.6542906 1.6927267 82
2.1916614 -1.4760866 1.6216085 90
2.209955 -1.4169811 1.6388749 87
2.2286787 -1.3572729 1.6548223 98
2.2579665 -1.2701732 1.6811879 93
2.3800473 -0.90187591 1.606073 92
2.396672 -0.84495705 1.6205113 97
2.4249918 -0.76191306 1.6459873 92
2.4622655 -0.64887381 1.6793733 93.5
-0.84064513 -0.54518932 1.6473471 30
-0.81769067 -0.46233064 1.6646345 30.5
2.5406077 -0.41970801 1.6100408 97
-0.79279774 -0.38748473 1.6078718 26
2.5701821 -0.33568603 1.6350074 94.5
2.5996869 -0.24966416 1.6599789 86
2.6233261 -0.16132273 1.6794267 96
2.2959867 0.19321589 1.6812613 50
2.5528731 0.10524221 1.6206719 64
-0.56861091 0.25161347 1.6703576 20.666666
2.0630183 0.26665977 1.6328685 52
2.1603258 0.23402047 1.6388226 50
-0.54653895 0.3120729 1.6193709 6
1.3549664 0.49877837 1.6621305 38
1.2280211 0.543589 1.6423162 37.666668
1.3381535 0.50159413 1.6416627 36
0.82235664 0.68523091 1.6308982 44
0.99508297 0.62380052 1.6358128 35
1.0496039 0.60859048 1.6293408 43
-0.38373721 0.77244884 1.6344794 37
0.75485682 0.70629472 1.6224182 43
-0.36135703 0.82907969 1.6414346 46
-0.22921403 1.0248402 1.6463749 64
-0.18110481 1.0129229 1.6704676 60
-0.60826027 -4.9426517 1.7860152 17
-1.2061601 -4.6830688 1.7004222 10
-0.47124636 -4.3452768 1.7185065 14
-0.3605324 -4.269959 1.7901672 21
1.4353479 -3.6436536 1.7047917 60
1.6175085 -3.1072617 1.7869915 59
1.6965687 -2.8915572 1.7170385 65
1.8384056 -2.4911416 1.7641846 55
1.8849802 -2.3527007 1.7222582 60
1.9432864 -2.216043 1.714812 6
1.964962 -2.1370175 1.7292103 22
1.9829623 -2.0745466 1.7576413 55.333332
2.0112066 -2.0044365 1.762071 62
2.0255039 -1.9505248 1.7478082 65
2.0638776 -1.8425363 1.7491058 66.199997
2.0833817 -1.7745242 1.7658323 82
2.1052182 -1.7086015 1.7838018 79
2.1546121 -1.5578458 1.7171831 87
2.1860132 -1.4662617 1.7444023 82
2.2069559 -1.4052045 1.7630194 90
2.2256856 -1.3432479 1.7795622 87
2.2474866 -1.285153 1.7988687 83
2.2842901 -1.1811724 1.7047926 92
2.3045564 -1.1234137 1.7235312 83
2.3338747 -1.0378087 1.7491854 88
2.3624628 -0.95123011 1.7755643 95
2.3812788 -0.89351869 1.7929195 89
-0.87492877 -0.64141965 1.7517647 28.666666
-0.84450299 -0.54323077 1.7222109 27
2.4900541 -0.5628497 1.7037956 92
2.5051782 -0.50500083 1.7168494 82
2.5289271 -0.44672337 1.7367885 85
2.5587826 -0.35909164 1.7625778 83
2.5863221 -0.26857007 1.7862915 90
2.6653547 -0.041368302 1.7147932 94.5
2.6895411 0.051496681 1.7342365 93
-0.58976561 0.18797642 1.7452071 30
2.2839973 0.19467853 1.7705282 48
2.5425942 0.10523535 1.7372812 52
-0.56911862 0.23566832 1.7475896 29.5
2.1763501 0.2316943 1.7619082 46
1.372129 0.49393216 1.740334 33.333332
1.2431316 0.54006809 1.7487593 32.333332
0.82344228 0.68900663 1.7261742 40
1.0379617 0.613352 1.7517686 35.75
-0.39243376 0.74984932 1.7360948 32
0.75607067 0.71016693 1.7496769 37
-0.36844018 0.81066215 1.7476447 39.5
-0.23040029 1.0226116 1.7697179 64
-0.18195528 1.0037905 1.740628 63
-1.0619144 -4.7809186 1.8033143 14
-1.8657738 -4.4966178 1.8252288 11
-0.31783074 -4.2664185 1.8115923 22
1.4152536 -3.6996994 1.8231498 58
1.6056445 -3.1407111 1.8901949 62
1.6824681 -2.9132788 1.8069828 62
1.8322853 -2.5044725 1.8448824 55
1.8785207 -2.3721647 1.8383477 57.5
1.9777672 -2.0871737 1.8669512 58
2.0049391 -2.0058599 1.8571352 58
2.0603878 -1.8392555 1.8404566 56.25
2.0896027 -1.753697 1.8259486 68.5
2.1236067 -1.64872 1.8257365 80
2.1567452 -1.5539968 1.8540624 79
2.1893313 -1.4540384 1.8536191 86
2.2171354 -1.3578432 1.8764347 84
2.268549 -1.2260914 1.8188978 87
2.2798412 -1.1604713 1.8271129 89
2.300072 -1.1015927 1.8450083 89
2.3196907 -1.0425975 1.8636544 93
2.3486388 -0.95262313 1.8891571 87
-0.94006234 -0.83295625 1.8882724 29
2.400852 -0.83678132 1.8109635 97
-0.90923166 -0.74274325 1.8356379 33
2.4263849 -0.74679923 1.8331707 96.5
-0.88579756 -0.66460955 1.8094888 32
2.4650891 -0.63133514 1.8689167 92
2.4887953 -0.54041821 1.8908237 99
2.6077526 -0.20740153 1.804155 91
-0.59862268 -0.13083948 1.8593202 8.5
2.6248038 -0.14544877 1.8178682 97
2.6553149 -0.050619666 1.8432453 87
2.6806607 0.04595124 1.8623691 93
-0.60839617 0.13590249 1.8394318 26
-0.58717692 0.18659922 1.8502032 30
2.4396029 0.14818603 1.8265432 52
1.3969761 0.48453799 1.801255 33
1.4148022 0.48108214 1.8707125 33.5
1.0833871 0.59855956 1.8859825 38
1.2730196 0.53134871 1.8487669 32.5
0.82409203 0.68977779 1.8201154 39
1.0261979 0.61551201 1.8701667 31
-0.40137494 0.72424656 1.8406978 29
-0.3760528 0.78921616 1.8608228 39
0.75680369 0.70900494 1.8832153 33
-0.36383569 0.88496411 1.8811755 59
-0.23130389 1.0224409 1.8629793 62
-0.18042323 1.0016557 1.8290738 58
-0.71483308 -4.907558 1.9760089 13
-1.235822 -4.742466 1.9625968 5
-1.8939625 -4.5347199 1.9581668 1
-0.34273952 -4.2704215 1.9134853 24.5
1.2712009 -4.0988955 1.9434702 53
1.3946785 -3.7527671 1.9446539 57
-0.10806819 -3.5080991 1.9180114 14
1.5918463 -3.1671913 1.9925766 56
1.6735353 -2.9448068 1.9057094 71
1.8261948 -2.5158086 1.9278209 51
1.8707305 -2.3896842 1.957166 53
1.9750364 -2.0874162 1.9350464 63
2.0010135 -2.0062115 1.9566003 53
2.0607035 -1.8430732 1.9448556 42.666668
2.1859493 -1.4626861 1.9041823 82
2.2174706 -1.3682081 1.9307431 80
2.25635 -1.2382731 1.9363961 87.75
2.2870028 -1.1428676 1.9359162 82
2.3150077 -1.0511661 1.9601359 79
-0.96920246 -0.91363811 1.9567628 32
2.34601 -0.96135157 1.9885315 84
-0.94839114 -0.84217304 1.9348547 32
2.3900018 -0.83453035 1.9271085 85
2.4182522 -0.74458581 1.9533324 83
2.4486012 -0.65354133 1.9809238 87
2.5197301 -0.44974709 1.9189231 89
2.5484588 -0.35814995 1.9449505 92
2.5818019 -0.26389283 1.9761837 86.5
-0.642106 -0.095267676 1.9844825 22
-0.63368523 0.057801582 1.9646873 22.5
2.6080682 0.096020639 1.9953119 52
-0.60692275 0.13033487 1.9571759 29
2.3157065 0.19128047 1.9211383 47.5
2.4355855 0.14861698 1.9341635 53
1.4417281 0.47313809 1.9561918 34
1.0993929 0.59558481 1.994648 36
1.2796183 0.52760506 1.9371326 34
1.3090104 0.52089781 1.9317278 34
-0.41511804 0.682096 1.990041 25
0.8250528 0.68853194 1.9229918 39
1.0401105 0.61185342 1.9645771 33
-0.41406572 0.74828392 1.9669325 44.5
-0.38089776 0.76992595 1.9346011 43
0.75843024 0.71191901 1.9941291 37
-0.38635164 0.83878219 1.9327171 53.25
0.230874 0.89406133 1.9605618 28
-0.36206019 0.91952908 1.9012936 45
0.1925694 0.91206187 1.9524721 36
-0.23225358 1.0217583 1.9627589 63
-0.17894456 1.0025007 1.9295659 59
-0.34650046 -4.2706604 2.0285807 22
1.2461458 -4.1725273 2.0854878 52
1.3730495 -3.8148999 2.0764883 59
-0.15377417 -3.5095532 2.0213418 11
1.6632241 -2.9733937 2.0071652 64
1.8170693 -2.529819 2.054472 54.5
1.8671325 -2.4009757 2.0400562 58
1.9796448 -2.0590763 2.0585492 44.333332
2.0006802 -2.0083768 2.0268614 44
2.0642099 -1.8283428 2.0450182 27.333334
-1.0203029 -1.051028 2.0733376 26
2.3215241 -1.0222725 2.0194209 81
-0.994259 -0.98026609 2.0196559 30
2.3586934 -0.92164111 2.03563 90.333336
2.3842454 -0.83901787 2.0496202 85
2.4136078 -0.75808805 2.0684855 88.666664
2.4438977 -0.6531629 2.0778837 85
2.4789011 -0.56149691 2.0085154 91
2.4968772 -0.49856803 2.0257783 92
2.5199652 -0.43740344 2.0464666 92
2.5504849 -0.34184223 2.0758183 91.5
2.6254408 -0.13574114 2.0171413 87.5
-0.65447384 -0.0062804925 2.0667496 20
2.6485016 -0.037332051 2.0387053 89
-0.62609893 0.067094624 2.0591459 26
2.6720982 0.031181913 2.060993 91
2.4648771 0.14174339 2.0907569 44
1.46924 0.46320406 2.0441098 32
-0.48070633 0.56633019 2.0964127 48
1.3184135 0.51719713 2.0307436 33.5
-0.44937262 0.65126568 2.0547202 43.5
0.82700098 0.69025588 2.0450828 38
1.0561893 0.61025196 2.0732377 32
-0.42792773 0.71803194 2.0080254 46
-0.38723373 0.75456578 2.0253303 37
-0.32974917 0.99836004 2.0752718 37
0.15774496 0.92434859 2.0886767 40
-0.32734415 1.0285006 2.0718999 28
-0.23337308 1.0200608 2.0705507 63.5
-0.17786622 1.0013325 2.0350368 53
-0.63849431 -4.9442701 2.1635759 15
-1.1111466 -4.78408 2.1714561 12
-1.918007 -4.5059495 2.1891246 10
-1.6262162 -4.5919113 2.1893508 30
-0.36742437 -4.3078575 2.1507561 14
-0.33632937 -4.2502351 2.1386008 28
1.5822475 -3.2066338 2.1077793 53
1.6509318 -2.9980581 2.10779 61
1.8124665 -2.549772 2.1930494 49
1.8611473 -2.4083562 2.1230257 56
1.9709017 -2.0880916 2.1544163 32
2.0019019 -2.0106528 2.1726956 27
2.0617318 -1.8288664 2.1371052 15.666667
-1.0709879 -1.2030346 2.1909602 34
-1.0518861 -1.1430544 2.1314642 26
-1.0317011 -1.0945734 2.1003447 30
2.4255235 -0.71572107 2.1154621 91
2.445137 -0.65279442 2.1341412 84
2.4782677 -0.55922771 2.1376786 90.75
2.5176132 -0.44296476 2.167058 94
2.5544696 -0.33687115 2.1853158 89
2.5852535 -0.24508134 2.1079054 87
-0.67421818 -0.15037924 2.1472933 11
2.615525 -0.1450232 2.1358442 86
-0.67052817 -0.055343039 2.1486502 18
2.6464214 -0.042932741 2.1644752 77
-0.64096659 0.021514976 2.1409853 25
2.6446409 0.060648274 2.1591601 63.5
-0.52798724 0.44859731 2.1689818 45.333332
1.4910784 0.45808208 2.1230562 28
1.5163797 0.44978437 2.1727705 30
-0.50940883 0.50534874 2.1289914 48
-0.492001 0.53407431 2.1322396 47
1.1170481 0.5906207 2.1117589 33
1.3464105 0.50872988 2.1354318 27.5
-0.43008363 0.63592631 2.1653724 28
0.82973069 0.69096792 2.1774385 35
1.0709287 0.60160893 2.1734347 31
-0.3933953 0.73420995 2.1150498 32
0.76028436 0.71283436 2.1095104 39
-0.38698494 0.86742848 2.1796999 54.333332
-0.3567856 0.94923919 2.1277525 54.25
-0.17645705 0.99915469 2.1485624 52
0.19171104 0.91038054 2.108947 37
-0.23412843 1.0208442 2.1914275 56
-0.14125283 1.0333432 2.1763401 16
-0.84278113 -4.8253736 2.2954223 19
-0.79335552 -4.847024 2.2908978 19
-1.2524066 -4.7264867 2.2041414 9
-0.35354435 -4.2866564 2.272332 15
1.2207669 -4.243175 2.2328887 51
1.3516861 -3.8720169 2.2096539 58
1.571237 -3.2411013 2.2234826 54
1.6414783 -3.0239735 2.2149148 61
1.8044994 -2.5511558 2.2796471 53
1.8553379 -2.4208183 2.253866 48.5
1.984521 -2.0441041 2.2354403 21
2.0653667 -1.8158561 2.2226362 5
2.0691404 -1.7915325 2.2753897 0
-1.11713 -1.3348914 2.2687135 29.5
-1.0937638 -1.2544136 2.2107155 29
2.5333207 -0.36110997 2.2164283 91.5
2.5769098 -0.24446826 2.223629 83.666664
2.5946229 -0.19375382 2.2787673 85
2.6148288 -0.13427947 2.2428651 84
-0.66000092 -0.027198495 2.237515 30
2.6322351 -0.064519942 2.2609308 84
2.6585584 0.042135 2.2855496 75
-0.62458372 0.19122048 2.2989998 45
-0.60570931 0.24623971 2.2725384 48
-0.56781864 0.3436051 2.2445593 49
-0.53273517 0.43759015 2.208946 55
1.3929888 0.49399206 2.2574217 28
1.5405145 0.44170994 2.2576783 29
1.1364019 0.5846622 2.2395527 31
1.3571908 0.50255281 2.2343998 28
-0.45276138 0.64704478 2.2763157 39.333332
-0.42328191 0.76018202 2.2558885 49.5
-0.39987206 0.71283776 2.2087531 32
0.76221925 0.71373051 2.2414441 36
-0.40128762 0.82728165 2.2340879 51
-0.17533258 0.99794877 2.2771201 51
0.13024548 0.93942857 2.2735522 50
-0.72877932 -4.8989425 2.361182 12
-1.2708389 -4.7623086 2.349952 7
-0.3720789 -4.3084621 2.3952465 4
1.1927477 -4.3098664 2.3835077 47
1.3265663 -3.9232993 2.3456202 55
1.5573331 -3.2656147 2.3379521 51
1.6330575 -3.0554979 2.3292885 57
1.8000768 -2.5584943 2.3755174 41
1.8479328 -2.4263372 2.3852096 36
1.9708565 -2.0796022 2.3477259 8
1.9961286 -1.9933312 2.3487401 4
-1.1578507 -1.4548284 2.3490756 27
2.6182916 -0.12464298 2.3015993 81
-0.67574883 -0.081803031 2.3202419 31
2.638262 -0.053687856 2.3209763 80
-0.67791915 0.046163693 2.3771782 47
2.6467948 0.053332604 2.326817 67.5
-0.63681662 0.14995283 2.359031 47
-0.60711139 0.22399792 2.3496714 50
-0.58700418 0.28023601 2.3108559 46
-0.52317584 0.48237622 2.3909268 45
1.3910139 0.49342147 2.3576927 24
1.5675362 0.43487549 2.3483136 31
-0.50537366 0.53645104 2.3640482 46
-0.46722096 0.58563221 2.3483689 36
1.0913266 0.5971334 2.3016424 31
1.1599482 0.57873726 2.3869023 31
-0.44111553 0.6668039 2.3440933 42.333332
0.83350033 0.69165045 2.3290014 39
0.7655316 0.71366513 2.3872046 37
-0.22520493 1.0443387 2.3523531 50.75
-0.89696389 -7.1558437 2.4800069 125
-1.5302905 -6.6900854 2.4937561 7
-2.0753093 -6.5623078 2.4430275 10
0.86696947 -5.2119098 2.458246 21
-0.85153872 -4.8142233 2.4102883 0
-0.49647892 -4.6373978 2.4440961 43
-0.34273446 -4.2843804 2.4076526 23
1.3043187 -3.9884784 2.4958217 56
1.545947 -3.2981606 2.4635372 47
1.6227251 -3.0831008 2.445066 57
1.7981807 -2.5698006 2.4780118 33
1.8454462 -2.4336047 2.4797008 23
-1.2552459 -1.7335726 2.477875 22
-1.212841 -1.6042249 2.4108007 25
-1.1987677 -1.5750929 2.470824 27
-0.72881317 -0.22656213 2.4306009 25
-0.74147946 -0.14184748 2.4654641 46.5
-0.70776999 -0.044815607 2.4189138 46
-0.66759044 0.047361109 2.4603205 44
-0.64932376 0.10739779 2.4273765 46
-0.57094079 0.34117287 2.4687271 43.5
-0.53296667 0.44874081 2.4621038 46
1.4315434 0.48447618 2.4505796 28.5
1.5997922 0.42439228 2.4210665 31
1.6086426 0.41983497 2.470464 31
-0.50467366 0.52531368 2.4608924 48
-0.4714992 0.5645256 2.4476442 35.5
1.1150845 0.59474272 2.4534588 37
-0.41530317 0.66396677 2.4270353 32
0.080788858 0.96080655 2.4647677 50
-0.2360021 1.0258256 2.48434 57
-0.17159137 1.0037283 2.4330156 59
-1.6246275 -6.7465715 2.5790093 9
-0.73575711 -4.9224596 2.5090232 19
-0.66823924 -4.8875394 2.5374873 27
-1.1524407 -4.7242117 2.5272679 49
-1.277436 -4.6810369 2.5745742 11
-1.6929228 -4.5463829 2.5301611 66
-1.9560076 -4.4488573 2.542495 27
-0.37423688 -4.3257933 2.5304906 2
1.1643816 -4.3875914 2.5470946 46
-0.37546068 -4.2587833 2.5578065 10
1.5339035 -3.329675 2.5909111 49
1.6121598 -3.1117222 2.5662203 52
1.7947457 -2.5741322 2.5787795 14
1.8435211 -2.4408574 2.5777538 9
-1.3098643 -1.8883078 2.5668879 22
-1.2469441 -1.7211435 2.5745964 23
-0.81896567 -0.3524234 2.5742769 39.5
-0.766487 -0.27026924 2.5349269 34.5
-0.74183702 -0.14918874 2.5960698 42
-0.71762365 -0.081699938 2.5517256 45
-0.69065362 -0.017056089 2.5041726 45
-0.63459575 0.16190206 2.5726881 45
-0.60265124 0.25303701 2.5210404 45
-0.56365573 0.35778064 2.5870986 46
-0.54270697 0.41498759 2.5420053 47
1.4745874 0.47212106 2.5545659 28
1.6471574 0.40831628 2.5582261 31
1.1638306 0.57924992 2.5797386 34
-0.42468745 0.64141971 2.5676546 37
0.83964831 0.69528693 2.5158434 35
0.77070773 0.71963221 2.5713856 37
-0.16995159 0.99849755 2.5796714 56
-0.30360389 1.0933896 2.5999188 54
-0.29537839 1.0947671 2.571166 49
-0.90296596 -7.1544147 2.6581457 128
-1.1935002 -6.9115462 2.6779039 23
-1.6224324 -6.6921692 2.6703172 4
-2.1076229 -6.5670509 2.602875 13
0.81816578 -5.3354211 2.6554601 41
-1.02165 -4.7321167 2.6677804 18
-0.97517556 -4.7560458 2.6609473 19
-0.58234411 -4.7240825 2.6259644 8
1.281423 -4.0546932 2.6523087 53
1.6019162 -3.1363277 2.6887069 51
1.7933077 -2.5804386 2.6848495 6
1.8356248 -2.4313035 2.663482 1
-1.3684857 -2.055162 2.6595204 23
-0.88559419 -0.54298455 2.6644497 36
-0.85719401 -0.46395808 2.6269903 36
-0.77835506 -0.37174407 2.669153 23
-0.76942903 -0.26555881 2.669873 37
-0.69362813 -0.0003486205 2.6689203 41
-0.67291164 0.065736666 2.6356993 45
-0.60982752 0.23712941 2.6872773 46
-0.57976633 0.2978321 2.6244419 45
1.4675177 0.46838602 2.6357536 26
1.6584529 0.40401924 2.6120214 28
-0.47016066 0.51949239 2.6114931 23
-0.4341343 0.6088925 2.6991963 32
0.84302962 0.6859349 2.6781368 23
-0.35230857 0.99192065 2.6969895 40
0.013989558 0.98729593 2.6559868 44
-0.3333399 1.0378441 2.6684182 44.333332
-0.23758438 1.0190541 2.6337278 53.5
-0.76911044 -7.207768 2.7428699 127
-1.4133872 -6.8250237 2.7063174 10
1.1340089 -4.4513421 2.7098699 47
1.5219302 -3.357199 2.7227647 49
-1.4287301 -2.2330599 2.7509589 23
-1.3098334 -1.8980991 2.7081239 22
2.092495 -1.719873 2.7557642 3.5
-0.97886389 -0.80307186 2.7918119 31
-0.94148308 -0.71003395 2.7397897 31
-0.91266412 -0.62500834 2.7014246 33
-0.85218281 -0.45397419 2.7927554 36
-0.82153511 -0.37209484 2.737433 37
-0.77025896 -0.21267121 2.7926998 40
-0.74402416 -0.13856088 2.7499304 42
-0.71735346 -0.06844759 2.7062521 41
-0.64130241 0.14080334 2.7562871 42
1.7177997 0.39573005 2.754606 18
-0.48075128 0.4793736 2.7360129 24
1.5269201 0.45886171 2.740351 31
1.2179154 0.56207651 2.739403 28
0.77202576 0.70548278 2.7060239 9
-0.38922083 0.87257934 2.7641726 36
-0.36497813 0.9430384 2.7354841 39.5
-0.16754618 0.99523258 2.7524908 49
0.035729073 0.9766587 2.7105231 46
-0.20001224 -7.4172287 2.8711746 109
-1.228184 -6.9873791 2.8711629 36
-1.2743059 -6.8708739 2.8443756 21
-1.7227139 -6.7112608 2.8596282 1
-2.1736286 -6.6799607 2.8106546 36
0.76708704 -5.4179893 2.8415194 14
1.103371 -4.5271306 2.887846 43
1.2542688 -4.1070843 2.8071334 50
1.509694 -3.3857417 2.8599939 39
1.5900297 -3.1600099 2.8170626 37
-1.4893106 -2.4139481 2.83533 22
-1.3785973 -2.0964317 2.855125 25
2.0938878 -1.7229439 2.8151989 7
2.0959425 -1.6845287 2.8597553 12.5
-1.0464445 -0.99613333 2.8804462 31
-1.0120239 -0.89610201 2.8347702 29
-0.91176516 -0.62665033 2.898452 29
-0.88139921 -0.53877628 2.8453581 34
-0.80671805 -0.45484644 2.8011613 23
-0.82487768 -0.36789936 2.8805349 35
-0.77103186 -0.35737151 2.8007221 26
-0.79311377 -0.28876367 2.8282149 36
-0.70537657 -0.032383762 2.8931739 38
-0.67926788 0.039119959 2.8375933 38
-0.49388236 0.43823469 2.8783789 25
-0.44473088 0.57530779 2.8446863 36
1.1895016 0.59995425 2.8842049 38
-0.45223242 0.69280714 2.8862412 36
-0.4315545 0.75418276 2.8453844 38
-0.41417444 0.81734103 2.8140638 37
-0.39966714 0.84617913 2.8474765 39
-0.38217241 0.9031471 2.8007216 41
-0.23794721 1.0227216 2.8264027 48.5
-0.78365034 -7.2028928 2.9213021 123
-1.4578027 -6.951169 2.9312694 128
-1.678713 -6.884944 2.9862921 122
-2.2151351 -6.7062745 2.9877105 121
-2.6377501 -6.5625315 2.9689503 118
1.2291505 -4.1734109 2.9780102 46
1.5759857 -3.170759 2.9369872 26
-1.5687779 -2.6414464 2.9560299 20
1.986897 -1.9989034 2.9854271 5
2.0178556 -1.9219871 2.9633906 4
2.1075635 -1.6542619 2.958112 25
-1.1179386 -1.2061964 2.9727664 33
-1.0856305 -1.1011704 2.9316225 33
-0.94813722 -0.72188091 2.9607019 30
-0.86119014 -0.54246736 2.9610808 30
-0.82870549 -0.44926614 2.9406629 28
-0.73424983 -0.10703985 2.955112 37
1.7737483 0.40686798 2.9161713 13
-0.50069171 0.56833738 2.9855223 35
-0.45493054 0.53373599 2.9871659 26
-0.47797501 0.63155752 2.9379396 41
-0.43176869 0.76243144 2.9336722 41
-0.1640982 0.99194098 2.9484823 45
-0.050516911 1.0151323 2.9121215 31
-0.20544717 -7.4176388 3.0644262 115
-0.91785651 -7.1616468 3.0271842 122
-1.3500923 -6.9496002 3.0516024 102
-1.8446435 -6.7803688 3.0741382 39
1.0734715 -4.6169467 3.0836737 41
1.49716 -3.4133039 3.0026031 22
1.5674605 -3.1993239 3.0800014 11
-1.6516675 -2.8810289 3.0733745 20
-1.449502 -2.3089201 3.0018909 23
1.998588 -1.9909102 3.091115 9
2.0223134 -1.9050126 3.0505273 9
2.1163683 -1.6309006 3.0572009 34.5
-1.2006371 -1.4442716 3.0797093 29
-1.1550074 -1.3202282 3.0194092 31
-1.018018 -0.92419362 3.0829098 33
-0.98295075 -0.82102597 3.0224674 32
-0.95482367 -0.72321141 3.0888073 32
-0.92128664 -0.62810087 3.0350978 32
-0.87039536 -0.6490761 3.0996933 21
-0.79282749 -0.26540977 3.0794849 38
-0.76128447 -0.18460083 3.0134213 36
-0.50854445 0.39307976 3.0386758 21
1.8347785 0.38722688 3.0781608 27
-0.54830158 0.43388161 3.0807436 34
-0.52224565 0.50113487 3.0259089 33
1.2449987 0.57452732 3.0465217 26
-0.47345999 0.64214736 3.0459723 39
-0.23941799 1.0191393 3.0265565 41.5
-0.038708515 1.0113524 3.0036016 36
0.017009741 -7.4071202 3.1535954 61
1.2013049 -4.2288494 3.1489666 47
1.4841735 -3.434881 3.1483696 9
-1.5325906 -2.5541718 3.1735985 19
1.9987586 -1.9631165 3.173049 15
2.027715 -1.8870107 3.1403196 20
2.1165259 -1.6240737 3.1167018 37
-1.2497612 -1.5773182 3.1427894 31
2.1278682 -1.589851 3.1732507 40.5
-1.0553143 -1.0334989 3.1465712 35
-1.0244581 -0.92643988 3.1994247 35
-0.98582608 -0.82031119 3.1370754 34
-0.83377367 -0.5446955 3.1087117 20
-0.81816661 -0.35088995 3.1350763 34
-0.59706885 0.29341418 3.1809154 32
-0.57104093 0.36466575 3.1260843 33
1.8628753 0.34877986 3.1713753 26
1.6618705 0.47695261 3.1705625 5
-0.5079217 0.54927009 3.1418796 37
0.79271561 0.77175736 3.1903899 16
0.87466282 0.75421149 3.1913884 13
-0.16021159 0.98960465 3.1746211 39
-0.20999631 -7.416038 3.2587619 114
-0.92513388 -7.1704574 3.2211254 119
-0.81202859 -7.1966052 3.2968817 137
-1.5056174 -6.9473305 3.2945194 127
-1.9340802 -6.7494597 3.2519703 38
1.0409859 -4.7018113 3.2849569 38
-1.7450056 -3.1499336 3.2047555 15
2.0053866 -1.9422145 3.2699769 26
2.0299323 -1.8620961 3.2221689 31
-1.2971318 -1.7153612 3.2044783 11
2.1349683 -1.5593214 3.2480299 44.5
-1.1437176 -1.2779377 3.2998984 31
-1.0992678 -1.1521978 3.2234409 34
-1.0605521 -1.0355574 3.2563331 34
-0.90644306 -0.76120442 3.2631416 21
-0.86820644 -0.65195841 3.2729247 21
-0.88422781 -0.53469598 3.2763004 34
-0.85747367 -0.44313049 3.2193077 32
-0.65201372 0.14288364 3.2969179 33
-0.62271118 0.21816978 3.2325995 31
-0.5230394 0.34091967 3.2090185 22
-0.54413116 0.44829261 3.2400949 33
-0.47041988 0.49787819 3.2034857 21
1.6532248 0.4407002 3.2339733 48.666668
1.2400881 0.55622727 3.2082939 20
1.304723 0.54349464 3.2395537 48
0.86694741 0.69893491 3.2434196 53
0.78981447 0.72250378 3.2441764 59
-0.24059135 1.0167267 3.2592878 39
-0.12787983 1.0473377 3.2218997 25
-0.065591983 -7.3913074 3.3427515 116
-2.280102 -6.6756897 3.3185732 121
-2.6855884 -6.545711 3.320298 113
1.1749052 -4.3082685 3.3453965 47
-1.8546649 -3.4619966 3.3576682 11
-1.6372483 -2.854768 3.3904479 15
2.0153534 -1.91935 3.372097 32
2.0377462 -1.8430245 3.3185968 38
2.1452479 -1.5297147 3.3303125 45
-1.192742 -1.4139569 3.3827915 31
2.1553118 -1.4904068 3.3792942 45
-1.0992272 -1.1496834 3.3164451 30
-0.9230544 -0.63692546 3.3583043 35
-0.6788184 0.062626295 3.3535535 33
-0.58262765 0.34419578 3.3459945 33
-0.48285615 0.44618812 3.3748381 21
-0.12280133 1.0428829 3.3318613 25
-0.21365109 -7.406425 3.453197 77
-0.8292262 -7.2037601 3.4951487 122
-1.5308787 -6.9414139 3.4800436 124
-1.5577749 -6.8680253 3.4138172 113
-2.0256913 -6.717555 3.4321001 35
-2.3162115 -6.6686211 3.4911954 120
1.8360648 -2.4269428 3.4433331 3
2.0318158 -1.8537221 3.4362879 38.5
-1.2467501 -1.5592742 3.4752614 28
2.1570454 -1.5040181 3.444524 47
-1.2007034 -1.4150252 3.4816289 29
2.1697795 -1.4611584 3.4679267 47
-1.1548449 -1.2828739 3.4083455 33
-0.94661027 -0.89034808 3.451319 20
-0.93533379 -0.75978827 3.4571042 26
-0.7365889 -0.10492849 3.4758887 37
-0.70730132 -0.018647339 3.4138165 40
-0.63544524 0.19230916 3.4942763 35
-0.60742319 0.26883507 3.4153855 34
-0.5408318 0.28373143 3.4061725 20
1.9572203 0.32650638 3.4197621 8
-0.15524787 0.98424172 3.4239268 37
-0.76724935 -7.1457672 3.5825336 86
-1.7237209 -6.8774781 3.5455489 110
-1.6453167 -6.8313894 3.5947959 120
-1.5812315 -6.8676534 3.5841191 66
-2.7110124 -6.5368562 3.5018704 100
1.0068254 -4.7927332 3.5019405 32
1.1462672 -4.3767781 3.5432332 32
1.7903693 -2.5692558 3.5121567 8
1.8385434 -2.4210691 3.5689967 12
2.0306458 -1.8644968 3.5703971 40
-1.3003591 -1.7125831 3.5655053 26
2.055768 -1.7783675 3.5521312 44
-1.2495559 -1.5551862 3.559021 27
2.1767695 -1.4483955 3.5411029 44
-0.99957615 -0.85433996 3.5214148 35
-0.7691499 -0.19524468 3.5474479 32
-0.66362679 0.11076897 3.5740769 36
-0.23355389 1.0361518 3.5462654 34
-0.21788955 -7.4108357 3.6565742 109
0.34200239 -7.1482649 3.6605566 73
-2.1168203 -6.6816521 3.6135592 28
-1.7673393 -3.2239566 3.6600912 17
1.7919919 -2.5575652 3.6418834 13
1.8364929 -2.4013343 3.6818392 21
-1.3595639 -1.8802352 3.6649115 24
2.0403993 -1.834532 3.6744051 44
-1.301815 -1.7063583 3.6414275 25
2.0658693 -1.7297833 3.689245 42
2.1789656 -1.4298085 3.6055021 44
2.1892805 -1.385796 3.6524637 44
-0.99744946 -1.0416402 3.6837308 20
-1.0457419 -0.97699159 3.619359 38
-0.95540959 -0.91615373 3.6899033 17
-0.80427295 -0.28958347 3.6222107 30
-0.69451243 0.026087839 3.6624699 39
-0.56194949 0.21950869 3.6421778 17
-0.49920207 0.39327404 3.6050649 16
2.0349355 0.33716798 3.6352203 6
1.8107827 0.42708296 3.6910169 2
-2.2109692 -6.6437545 3.7991283 22
0.97297055 -4.8966913 3.7376854 24
1.1179036 -4.457304 3.760756 20
1.7899632 -2.5349226 3.7623518 21
-1.4292222 -2.0665145 3.7821445 14
-1.3668035 -1.8755772 3.7465572 21
2.0459452 -1.7956296 3.7655902 41
2.0750391 -1.6976559 3.7865415 43
2.2086556 -1.3333822 3.7558024 43.666668
-1.0936155 -1.1067439 3.7218478 32
-0.87674004 -0.4932884 3.7838686 30
-0.83880836 -0.38892046 3.7005315 30
-0.72942752 -0.061803114 3.7599435 39
1.8001581 0.42725578 3.7503548 1
1.3434851 0.58717841 3.7629685 0
-0.15002251 0.97880858 3.7174125 36
-0.23186031 1.0889761 3.7588665 18
-0.22161928 -7.4382796 3.8810034 47
-0.94750649 -7.1473775 3.8034251 116
-0.86151344 -7.1860557 3.8888812 116
0.26504207 -7.1211329 3.8478632 112
-1.5823513 -6.9315834 3.8620501 121
-2.3917596 -6.6406512 3.8422353 87
-2.7681065 -6.5183473 3.8795521 111
1.8378257 -2.3875017 3.8093352 32
-1.423293 -2.0457621 3.8357885 12
2.0578804 -1.7606157 3.8717771 38
2.0861311 -1.6644727 3.889147 41
2.2153542 -1.3003869 3.8466706 42
-1.1428483 -1.2435801 3.8257389 30
2.2282693 -1.2595228 3.8628306 43
-0.91708857 -0.60368228 3.874877 29
-0.76307303 -0.15663667 3.8578389 36
-0.58379602 0.14527702 3.887145 15
1.8318019 0.37576962 3.8316183 16.5
1.4321654 0.57938117 3.8879864 1
-0.24302234 1.0107009 3.8381486 42
0.74182057 -7.2707477 3.9726436 100
-1.7597783 -6.8693562 3.937968 121
-1.8281163 -6.7591543 3.9686041 93
-1.766312 -6.7979045 3.9543264 42
-2.3115714 -6.6168637 3.9938231 3
0.93575788 -4.9957175 3.9829357 17
1.7927327 -2.5212336 3.9014428 30
1.8416057 -2.3735874 3.9434643 38
2.0681989 -1.7196276 3.9740007 39
2.0965207 -1.6273024 3.9882007 40
-1.1977669 -1.3927394 3.9410241 28
2.2379694 -1.2341759 3.9400084 41.5
-0.96284264 -0.72312981 3.9776676 26
-0.80111438 -0.25570002 3.9657245 34
2.1628375 0.3100298 3.968884 1.5
-0.31818527 1.1109862 3.9902325 34
-0.2248916 -7.4136677 4.0805316 47
-0.39280403 -7.2618141 4.0969014 96
-0.95582432 -7.1470661 4.0094628 107
-0.87813193 -7.177207 4.0912261 115
0.18900332 -7.0901632 4.0375996 105
-1.6085724 -6.9236689 4.0585332 120
-1.2501523 -6.9608016 4.0169077 127
-2.4379585 -6.6471858 4.0370393 41
-2.7997251 -6.5106921 4.0756564 90
-1.9514133 -3.7284992 4.0471096 25
1.7959782 -2.5035443 4.044107 34
1.8426282 -2.3517597 4.0709753 36
2.0814784 -1.6795901 4.0841823 39
-1.2618067 -1.5604146 4.0758786 25
2.1092508 -1.5890594 4.0916548 39
-1.0661764 -1.2328837 4.0059099 13
2.2482376 -1.2058938 4.0185256 39
-1.0327408 -1.1119887 4.0668793 27
2.2607532 -1.159296 4.0618029 39
-1.0094028 -0.84758419 4.0822673 25
-0.8387416 -0.36275208 4.0736127 34
-0.52702636 0.34570804 4.0069556 14
0.8278169 0.83405757 4.093102 1
-0.14329314 0.97230422 4.0642142 35
0.66434872 -7.2476683 4.167007 102
-1.7781159 -6.8663306 4.1441808 125
-1.9258827 -6.7305651 4.1668715 42
-1.8643435 -6.7703509 4.1510296 28
1.7989169 -2.4778473 4.1823235 35
2.0955913 -1.6365322 4.1947918 38
2.1183057 -1.5439179 4.1858406 37
2.278502 -1.10847 4.1456766 39.5
2.2916486 -1.063233 4.188242 39
1.4515531 0.56293422 4.1887493 33.5
0.82579976 0.77277422 4.1866827 167
0.91139215 0.73136866 4.1808138 104
-0.34042299 1.0732207 4.1224298 29.5
-0.38577431 -7.241282 4.2183447 69
-0.22963381 -7.2789588 4.2220454 70
-0.96549195 -7.1457906 4.2194066 133
0.1106031 -7.1002603 4.2546525 47
-0.88515717 -7.0602856 4.2352748 81
-1.3384604 -6.9164305 4.205246 72
-0.42907065 -6.9758334 4.2354646 83
-0.39084965 -6.9040847 4.2350373 80
-0.23527101 -6.933013 4.2366352 75
-1.6321601 -6.8947444 4.2472239 97
-0.94571394 -6.8354073 4.2474847 77
-1.7663165 -6.7153349 4.2622871 76
-0.87411433 -6.7202153 4.2405548 59
-2.4786656 -6.627357 4.2193608 22
-0.42575485 -6.6347337 4.2399917 77
-1.6012506 -6.5846443 4.2631121 33
-0.92220885 -6.5018811 4.2498803 68
-0.39306086 -6.5630736 4.2355709 61
-0.24073553 -6.5920415 4.2381778 71
-2.8242693 -6.4778218 4.2634435 40
-0.86416143 -6.4251585 4.2607565 36
-1.7155994 -6.3964477 4.2669368 40
-0.42206395 -6.3226342 4.2454495 67
-1.5680461 -6.2715359 4.2641435 11
-0.90265232 -6.2004547 4.2588329 50
-0.3955313 -6.2580752 4.243031 35
-0.24603403 -6.2770739 4.2416635 51
-1.6682953 -6.0902667 4.2663116 15
-0.8509981 -6.0940676 4.2421179 14
-0.4185493 -6.0365562 4.2578216 29
-0.88719994 -5.9581885 4.2942834 13
-0.39803135 -5.9770823 4.253449 15
-0.25025573 -5.9881001 4.2481751 22
-0.41594088 -5.7775049 4.274034 4
-0.2527844 -5.7501507 4.2777653 2
0.89626765 -5.0817847 4.2327495 2
-2.1926107 -4.8959656 4.2752028 30
-0.80751896 -4.8497772 4.2660708 21
-1.4108382 -4.7540007 4.2685018 41
-0.40264523 -4.7450032 4.2676954 26
-2.1641085 -4.6998591 4.285387 77
-0.80470389 -4.6992464 4.2794919 15
-0.79969931 -4.6357231 4.2689457 57
-2.1350045 -4.5067286 4.2905917 100
-1.4483324 -4.5927505 4.2666616 5
-1.3919703 -4.5519323 4.2762604 82
-0.4028818 -4.5219674 4.2581058 66
-0.39989877 -4.5680084 4.2647057 39
-0.26839581 -4.5354595 4.2584605 58
-1.4251693 -4.4072156 4.2875342 72
-0.79143035 -4.4567757 4.2706757 73.5
-2.1095386 -4.3208299 4.2964664 117
-1.3729454 -4.3611884 4.2809362 102
-0.40237254 -4.3299479 4.2665815 94
-0.39630061 -4.3699222 4.2687354 79
-0.26961964 -4.342463 4.2689319 87
-1.3975879 -4.2075191 4.2877693 95
-0.78219974 -4.2651291 4.2774668 95
-2.0739293 -4.1193223 4.2781639 93
-1.3532976 -4.1681142 4.2797284 105
-0.76721019 -4.1003757 4.2821836 101
-0.40302026 -4.1479435 4.2779479 102
-0.393875 -4.1818733 4.2766504 98
-0.27042907 -4.1554546 4.2754068 103
-1.3717463 -4.0188642 4.287806 109
-0.77836567 -4.0485668 4.270308 113
-1.3387043 -3.9960556 4.2911196 108
-0.7556181 -3.9181035 4.2819262 109
-0.40228885 -3.9579046 4.2723856 110
-0.39000279 -3.9969747 4.2775126 108
-0.27138463 -3.968431 4.271832 112
-1.3352892 -3.826648 4.2881112 108
-0.77194613 -3.8775229 4.2800474 112
-0.38690877 -3.8208938 4.2794161 113
-0.75567865 -3.7281675 4.2856312 112
-0.40078938 -3.7798645 4.2708778 116
-0.27177653 -3.7944136 4.2752943 117
-1.3169787 -3.6558361 4.2891092 112
-0.40106553 -3.6188552 4.2802229 119
-0.38437933 -3.6568434 4.2902613 112
-0.27164114 -3.6304026 4.2857976 130
-1.3067061 -3.5022182 4.2946706 118
-0.74817526 -3.5665514 4.2932043 123
-1.2936153 -3.4928727 4.2992983 130
-0.72543561 -3.4123957 4.2856102 103
-0.39018199 -3.4667699 4.2774172 110
-0.27174062 -3.4573565 4.2742262 105
-1.2808905 -3.3297219 4.2875156 114.5
-0.75309658 -3.3783793 4.2801065 118
-0.37866187 -3.32566 4.279901 105
1.5062487 -3.3765569 4.2592359 1
-0.7322669 -3.2407632 4.2853546 105
-0.39844203 -3.2917747 4.273097 102
-0.2718457 -3.2993352 4.2766623 107
-1.2654551 -3.1779726 4.2897286 115.5
-0.70750803 -3.1059763 4.2894216 126
-0.3860833 -3.1561561 4.2781487 123.5
-0.27100122 -3.1513069 4.2811584 123
-1.2498968 -3.0297065 4.2909389 110
-0.74023491 -3.0747426 4.2803264 115
-0.37207139 -3.0295131 4.289557 129
-0.26987576 -3.0052702 4.2826614 124
-0.73543698 -2.9347036 4.2868924 122
-0.69922984 -2.9628382 4.2917137 115
-0.39603519 -2.9987206 4.2839456 124
-1.2358344 -2.8869863 4.2935047 134
-0.69130474 -2.82266 4.2969894 107
-0.3819916 -2.8715649 4.2888384 118
-0.2691834 -2.8652496 4.2901316 121
-1.2217956 -2.7452416 4.2900524 125
-0.73061824 -2.7986646 4.2934566 122
-0.38004792 -2.7310076 4.286891 123
-0.26896459 -2.7262242 4.2915373 132
-1.2023937 -2.6075165 4.2945514 126
-0.72619426 -2.661624 4.2929602 119
-0.68362218 -2.6824622 4.2932124 128
-0.36284119 -2.6102817 4.2928529 137
-0.72092128 -2.5295808 4.2945399 145
-0.3913886 -2.5866206 4.2912135 127
-0.26774806 -2.5941894 4.2940116 132
-1.2068809 -2.4874969 4.2982764 130
-0.71571827 -2.4005387 4.2971144 138
-0.66879648 -2.4171071 4.2955837 142
-0.37494716 -2.4658921 4.2885776 134.5
-0.26614079 -2.4591415 4.2915077 135
-0.37273973 -2.341351 4.2976475 138.5
-0.26423848 -2.336108 4.2990327 130
1.8494104 -2.3357508 4.2175388 38
-0.6624189 -2.2909553 4.2986617 125
-0.38613707 -2.2066412 4.2984195 142
-0.26260349 -2.2100623 4.2975092 143
-0.70699865 -2.1514604 4.2990961 131
-0.70132166 -2.0304141 4.2966828 122
-0.64995378 -2.044641 4.2977419 120
-0.38379323 -2.0815911 4.2928553 120
-0.26152706 -2.0850146 4.2909174 118
-0.3645086 -1.9742343 4.2968554 134
-0.25913408 -1.9669672 4.2934499 140
-0.36194634 -1.8566759 4.2969022 121.5
-0.25695691 -1.851928 4.2989664 120
-1.3362788 -1.745674 4.233026 28
-0.69234812 -1.7963346 4.2966623 123
-0.35885119 -1.7416127 4.2969871 127.5
-0.25496241 -1.7338737 4.2944388 126
-0.63151717 -1.6931828 4.2977662 129
-1.1298578 -1.4311109 4.2933917 113
-1.081817 -1.2817634 4.2907915 124
2.309958 -1.0298246 4.2792759 45.5
-1.0684063 -0.98816538 4.2162981 39
-0.88303119 -0.47615033 4.2014093 34
-0.615583 0.060944021 4.2476754 39
-0.5470584 0.27059466 4.2859535 111
2.2461052 0.26081526 4.2023754 63.5
1.9442096 0.34106073 4.2076244 86.5
1.4251274 0.51530242 4.2538342 128
-0.40456435 0.76483774 4.2990532 130.5
-0.39921296 0.89771229 4.2960224 137
0.927513 0.82360727 4.204658 2
-0.38599965 0.95947123 4.2669363 60.5
-0.36012113 1.0188133 4.2180572 32
-0.24431179 1.0115188 4.2254343 50.5
-0.47932827 -7.2391953 4.3009305 113
0.58979821 -7.2302256 4.3675861 119
-1.1127388 -7.008215 4.3563666 114
-1.1368103 -6.7224565 4.3993421 35
-2.3876157 -5.5801258 4.3767014 3
-1.905264 -5.5225234 4.3711715 8
-1.9264961 -5.4397888 4.3573594 11
-1.4163263 -5.3449702 4.3952031 1
-2.333931 -5.2691255 4.3488503 12
-1.8892435 -5.250165 4.3690143 24
-1.1516299 -5.2147493 4.3790116 1
-1.9139389 -5.1867828 4.3691516 34
-2.3160064 -5.0291514 4.369401 18
-1.8778487 -5.0031104 4.3728876 32
-1.409162 -5.0751982 4.3808913 31
-1.8945743 -4.9337506 4.3686733 79
-1.1514733 -4.9577603 4.3725004 28
-1.405412 -4.8286419 4.3743501 73
-2.2887337 -4.7861695 4.3722467 17
-1.8532504 -4.7412891 4.3534918 40
-1.1520274 -4.7187791 4.3677855 71
-0.71647346 -4.7681909 4.3884559 15
-1.8769933 -4.6917229 4.3673477 98
-1.4063852 -4.6043711 4.3783011 102
-0.7320289 -4.5477085 4.3853688 54
-0.26513547 -4.5192056 4.3822341 25
-1.860283 -4.4626985 4.3655944 102
-1.1545622 -4.4968176 4.36759 97
-1.4030688 -4.3818736 4.3731747 102
-0.74767983 -4.3402476 4.3863382 91
-0.28774887 -4.3134379 4.3817887 75
0.045238338 -4.3554716 4.3826704 5
-1.8442718 -4.2419362 4.3620005 56
-1.1594408 -4.2908831 4.3750553 97
0.65524024 -4.2113853 4.3796639 2
-1.4052565 -4.1827049 4.3803573 92
-0.76219624 -4.1426492 4.3866858 98
-0.30879611 -4.1186614 4.3853126 93
0.011698669 -4.1698375 4.3889303 45
-1.159272 -4.0848985 4.3716373 98
0.61545789 -4.0249243 4.3771372 32
-1.4016817 -3.9752181 4.3716793 58
-0.77500266 -3.9490602 4.3831253 96
-0.32697031 -3.9238436 4.3802509 93
-0.01728777 -3.9889932 4.3905764 89
-1.1590545 -3.8859136 4.3682127 95
-0.044004388 -3.806036 4.3823037 103
0.57684147 -3.8554029 4.3853574 78
0.81297195 -3.8834372 4.3942909 12
-1.4013603 -3.784929 4.3720937 1
-0.78575861 -3.7613733 4.3781695 95
-0.3440544 -3.7410197 4.3778286 91
0.77032715 -3.7171917 4.3892727 51
-1.1587647 -3.6969285 4.3647776 93
-0.070829593 -3.64011 4.3879209 98
0.54224449 -3.6838698 4.3839884 88
-1.1591793 -3.5179534 4.3653827 89
-0.79683673 -3.5837164 4.3750329 100
-0.35975432 -3.5641818 4.3749118 94
0.50968927 -3.5132957 4.3758459 91
0.73027563 -3.5678573 4.3993955 84
1.4009507 -3.5853181 4.3738704 29
-0.80743378 -3.4140444 4.3741336 99
-0.094083242 -3.4730091 4.3808947 102
0.69119662 -3.4064503 4.3871059 95
1.3554029 -3.4411039 4.3840518 61
-1.1574857 -3.3399568 4.3614521 27
-0.37488043 -3.3963406 4.3733106 92
-0.11791443 -3.3159516 4.3832922 103
0.47954381 -3.3506939 4.369854 88
1.4819864 -3.3356895 4.3799367 46
-0.81735653 -3.2493443 4.3723278 67
-0.3877452 -3.2314768 4.3716393 82
0.65506113 -3.2559261 4.3814421 96
1.3099657 -3.2868385 4.3745627 81
1.436471 -3.2054844 4.388114 78
-0.13722432 -3.1526673 4.3680892 95
0.45111594 -3.1910615 4.3602281 88
0.62175548 -3.1092765 4.374795 98
1.2675416 -3.1415377 4.3707805 93
0.42492324 -3.0424194 4.3603601 84
1.228326 -3.0001833 4.3673396 90
1.3889811 -3.0653267 4.375773 94
0.59039569 -2.9715528 4.3743572 94
1.3478384 -2.937932 4.3770986 100
0.40013814 -2.8997576 4.3599935 89
0.56054044 -2.8377645 4.373425 109
1.1914281 -2.86379 4.3638177 93
1.3064785 -2.8105381 4.3717184 100
0.37772191 -2.7620683 4.361784 93
0.53186566 -2.7039194 4.3675337 98
1.157406 -2.7323573 4.3637776 89
-1.2178335 -2.6205471 4.3012781 121
0.35575053 -2.6263719 4.3626637 50
1.1262078 -2.6068797 4.3649812 83
1.2694885 -2.6889694 4.3693309 93
-0.67676622 -2.5513136 4.3013697 131
0.50550967 -2.5779805 4.3669429 79
1.2344022 -2.5743389 4.3753824 96
-1.1908773 -2.4782262 4.3021431 137
0.4803116 -2.4559956 4.3690019 48
1.097017 -2.4803514 4.3594141 82
1.2007161 -2.456636 4.3733354 89
1.8094136 -2.4660847 4.352488 68
-1.3882188 -2.3271644 4.3456969 68
-1.1870415 -2.3546534 4.3010502 132.5
1.0694441 -2.3588116 4.3600512 83
1.1687841 -2.3408561 4.3676519 88
1.7788167 -2.3637395 4.3715606 90
1.8517786 -2.3088787 4.351275 69
-1.1661366 -2.241647 4.3169608 113.66666
-0.86759275 -2.2246242 4.3490338 66
-0.71191317 -2.2775049 4.3045802 137
-0.44820225 -2.2092409 4.3418584 41
-0.35449344 -2.2290931 4.3019609 143
1.0437707 -2.2422421 4.3615155 88
1.1401426 -2.2372301 4.3765244 92
1.7420342 -2.2464368 4.3604331 81
1.8203955 -2.214026 4.3662271 95
-1.3866981 -2.1858847 4.3421655 109
-1.1577281 -2.1138656 4.3171101 127.33334
-0.65589815 -2.1677995 4.300735 133
-0.35150027 -2.1080196 4.3036528 146
1.0195125 -2.1226223 4.3526516 89
1.1105125 -2.1243494 4.3685336 105
1.7497325 -2.1281202 4.3680592 90.5
-1.3849746 -2.049603 4.3364029 114
-0.87432915 -2.094805 4.3489838 104
-0.45695585 -2.0843577 4.348537 105
-0.26791605 -2.0756309 4.3527117 72
0.99703211 -2.0100293 4.3558421 88
1.0843446 -2.0173318 4.3631158 102
1.6822615 -2.0336223 4.3640995 93
1.7560753 -2.0173261 4.3702331 98
-1.3845823 -1.9183977 4.3365116 118
-1.1509722 -1.9889193 4.3175645 128.33333
-0.87892455 -1.9658777 4.3443933 101
-0.67028409 -1.9199331 4.3004799 134
-0.46195114 -1.9574201 4.347054 110
-0.28177759 -1.9581504 4.3566227 111
1.0598109 -1.9142549 4.3616719 108
1.6530124 -1.926182 4.358532 92
1.7241557 -1.9164457 4.361939 99
-1.1434005 -1.8657889 4.3158417 128
-0.88650566 -1.8441123 4.3470697 107
-0.63814855 -1.8113711 4.3077483 128
-0.46649587 -1.8334763 4.3446589 101
-0.29246038 -1.8385142 4.3510346 109
0.97578806 -1.8983703 4.3526845 98
1.0362242 -1.81214 4.3606453 105
1.6625389 -1.8240528 4.3629947 98.5
-1.136099 -1.7467003 4.3158984 129
-0.89271253 -1.7232769 4.349256 110
-0.47061217 -1.7105266 4.3413558 117
-0.30344298 -1.7259043 4.3539639 108
0.95728153 -1.7876673 4.3507833 100
1.0138606 -1.7109678 4.3546567 109
1.6376846 -1.7262284 4.360796 103.5
-1.1292967 -1.6279289 4.3147483 127.66666
-0.89533097 -1.6002562 4.3410349 115
-0.68889523 -1.6883057 4.3091006 139
-0.34168741 -1.6237866 4.3192868 129.33333
-0.25304785 -1.6248447 4.3039298 144
0.96664274 -1.6463343 4.3516321 108
1.5821991 -1.6225535 4.3560252 101
1.6430968 -1.6342839 4.3522272 99
-1.1204541 -1.5262365 4.3058605 136.5
-0.65524292 -1.5791686 4.3066463 130.5
-0.47454304 -1.5925821 4.3425155 109
-0.3531099 -1.5194988 4.3036175 130.5
-0.25001562 -1.5149243 4.3034453 134
0.94940567 -1.5463159 4.3518305 101.5
1.5617177 -1.5239415 4.3532968 105
1.6211054 -1.5460606 4.3592644 111
2.1213605 -1.5417999 4.3328967 77
-1.1295813 -1.487681 4.3366656 105
-0.89966172 -1.48333 4.3395905 121
-0.65036207 -1.468083 4.3048353 130.5
-0.47602075 -1.4745983 4.3359962 108
-0.34013677 -1.4387709 4.3158188 125
-0.24751577 -1.4058763 4.3059626 129
0.93350697 -1.4467429 4.3504224 109
1.5701402 -1.4410807 4.3512769 113
2.0836627 -1.4291747 4.3584833 106
2.1351411 -1.4416399 4.3617387 119
-1.1252396 -1.3666651 4.3326154 116
-1.0927371 -1.3960978 4.3074102 149
-0.90603477 -1.3675095 4.3426867 127
-0.64676183 -1.3590102 4.3064251 135.5
-0.47985739 -1.3596567 4.3393874 112
-0.32930881 -1.3501254 4.3248267 129
0.89671987 -1.3696364 4.3458495 96
0.94032919 -1.3276604 4.3530087 101
1.5506772 -1.348609 4.3459883 108
2.0630381 -1.3396244 4.3557515 104
2.1129699 -1.359339 4.3607736 105
-1.1192244 -1.2446322 4.3249373 110
-0.90542036 -1.250331 4.3281097 106
-0.64256799 -1.2539487 4.3135719 145
-0.4815613 -1.2476844 4.3382363 110
-0.34293291 -1.2609121 4.3203688 136
-0.24424714 -1.2988249 4.3115511 136
0.88458949 -1.2688223 4.3423915 107
0.92426813 -1.2352369 4.3508439 111
1.5350556 -1.2600458 4.3517604 108
2.0672841 -1.263711 4.3534617 107
-1.11025 -1.1245697 4.3109083 99
-0.91105014 -1.1394781 4.3325343 122
-0.63798797 -1.1463486 4.3097205 150
-0.48000532 -1.1326605 4.3275981 116
-0.35387996 -1.1802384 4.3197374 135.5
-0.24172321 -1.1897566 4.3020253 150
0.87469125 -1.1679695 4.3388653 106
0.90941691 -1.1417577 4.3459544 109
1.4982113 -1.1461316 4.3484821 111
1.5337617 -1.1535337 4.3505054 108.5
2.0496559 -1.1573211 4.3498435 102.66666
-0.91345733 -1.0274597 4.3274579 136
-0.63335514 -1.0422729 4.3118834 138.5
-0.48238903 -1.0237058 4.3327284 110
-0.34493241 -1.083671 4.3174481 133.33333
-0.23832953 -1.0857024 4.3066106 137
0.88093585 -1.0621688 4.3453169 115
1.4853359 -1.0543512 4.3414726 105
1.5097775 -1.0278318 4.3480124 109
2.0248263 -1.0573528 4.3500261 103
-0.91372317 -0.9163329 4.3178415 128
-0.65930551 -0.93704134 4.3112998 146
-0.59804237 -0.93935931 4.3157973 145
-0.48316056 -0.91472399 4.331995 105
-0.34471384 -0.98170036 4.3222642 136.66667
-0.23532113 -0.98466146 4.3161726 147
0.87053418 -0.96945071 4.3430557 114
1.4856076 -0.95440519 4.345026 109
1.9913876 -0.95163774 4.343648 101.5
2.0220816 -0.9574579 4.3463073 103
2.3155115 -0.94709367 4.3409557 90.666664
-0.91953653 -0.81043172 4.325386 132
-0.65620077 -0.83501112 4.3166723 150
-0.59330422 -0.83421522 4.3076053 148
-0.48174387 -0.8077141 4.3289571 114
-0.34371161 -0.87806273 4.3174896 139.66667
-0.23158413 -0.8805967 4.3167715 149
0.86157978 -0.87568331 4.3376188 112.5
1.4749751 -0.86868209 4.3436985 111.5
1.9865825 -0.81531215 4.3440714 99.5
2.0095823 -0.87982774 4.3486052 101
2.2943239 -0.82927346 4.3440075 98
2.3098514 -0.83839512 4.3480301 103.5
-0.92286307 -0.703466 4.3252726 131
-0.65223223 -0.73297274 4.3120813 150
-0.58857632 -0.73310655 4.3124409 147
-0.48157966 -0.70172256 4.32864 117
-0.34356585 -0.77541161 4.3174305 138.33333
-0.22832161 -0.77752745 4.311305 150
0.85331661 -0.75648111 4.3376594 121.33334
1.4639117 -0.75698185 4.3418145 115
1.9777905 -0.73652339 4.3451633 102
2.2888546 -0.7389003 4.3431559 105
-0.64885598 -0.63294011 4.3144636 144
-0.58477765 -0.63101238 4.3161983 150
-0.34220791 -0.67473364 4.3197618 140.33333
-0.22470197 -0.67746788 4.313889 150
0.84312886 -0.65118444 4.3339176 113
1.4504256 -0.64430881 4.340446 111.33334
1.968137 -0.65824181 4.3397937 100.5
2.2771721 -0.64297754 4.3414388 97.666664
-0.92176408 -0.5942722 4.3129339 105
-0.64505494 -0.53090358 4.3118644 146
-0.58054066 -0.52989727 4.3149714 150
-0.47960359 -0.59571201 4.329164 116
-0.34172547 -0.57373643 4.3190961 145.33333
-0.22116449 -0.57741112 4.3174696 150
0.83724636 -0.54338694 4.3367143 113.33334
1.4436169 -0.53463185 4.3384504 112.5
1.9604582 -0.54215127 4.3439364 95.75
2.2705936 -0.53645337 4.338203 93
-0.6411041 -0.43187121 4.3193135 150
-0.57613432 -0.42877385 4.3117509 149
-0.47655737 -0.49067441 4.32026 125
-0.36175627 -0.46759707 4.3192749 136
-0.25753137 -0.48214012 4.315002 150
0.83278692 -0.42843598 4.3378716 116
1.4399999 -0.45322204 4.3424892 108.5
1.9522338 -0.42705643 4.3373556 94
2.2642932 -0.44238365 4.3400421 94
-0.63711327 -0.33326298 4.3197522 150
-0.57229066 -0.32867968 4.3155036 150
-0.47407693 -0.38666031 4.3221097 114
-0.36195749 -0.3681159 4.3222284 139
-0.25324565 -0.38306797 4.3196869 150
0.8299334 -0.34048247 4.3291044 112
1.4323859 -0.3504298 4.3331857 115
1.9505835 -0.35158145 4.3422394 98.5
2.2602317 -0.347229 4.3373466 93.666664
-0.63284451 -0.23322645 4.3232188 150
-0.56908536 -0.22806522 4.3211994 150
-0.47073591 -0.28463367 4.3221412 120
-0.36081997 -0.26907861 4.3166914 135.5
-0.24876061 -0.28247532 4.3158627 150
0.82828057 -0.25352252 4.3296943 111.5
1.4300082 -0.25088871 4.3258519 111
1.9478632 -0.2545031 4.3375688 95
2.2608929 -0.24750657 4.337122 88
-0.62896276 -0.13418823 4.3196244 150
-0.5646944 -0.12794557 4.3189683 150
-0.46579379 -0.18157943 4.3163109 123
-0.36031967 -0.17057115 4.3157473 138.5
-0.24429421 -0.18389669 4.318553 150
0.82262403 -0.14792399 4.3299675 120
1.4341859 -0.14787291 4.3292756 113
1.9476124 -0.14658569 4.3334565 98.666664
2.2614017 -0.15422192 4.3357677 90
-0.62534112 -0.03415272 4.3190193 150
-0.56038439 -0.027830137 4.3177338 150
-0.46371865 -0.079571187 4.3190656 114
-0.35920388 -0.073045969 4.3195372 141.5
-0.28060576 -0.089586191 4.3228173 150
-0.19924435 -0.079056554 4.3216667 150
0.82589334 -0.038641345 4.3227816 111
1.4279326 -0.034042832 4.329246 112
1.9502997 -0.051867552 4.3327103 99.5
2.2648113 -0.047581717 4.3308301 88.75
-0.55705017 0.071267426 4.3164124 150
-0.45861423 0.020477777 4.3177009 133
-0.35766849 0.023511242 4.3173165 137.5
-0.27605599 0.0085107591 4.3225427 150
-0.19418854 0.021027079 4.3193507 150
0.82725477 0.045917984 4.3241701 113
1.4359565 0.06741567 4.3303823 113.5
1.9520649 0.038210511 4.3291116 100
2.2733712 0.058192719 4.3326607 89.5
-0.55265182 0.17138676 4.3141809 150
-0.42624268 0.12212306 4.3139143 125
-0.31359613 0.12342219 4.321332 150
-0.27109927 0.10762503 4.3172874 146
-0.18928787 0.12010535 4.319026 150
0.83047223 0.13252243 4.3225956 119
1.4393294 0.14705455 4.3277082 111.5
1.9634271 0.15205517 4.3256106 101.33334
2.2778304 0.15024531 4.3222618 88
-0.42459688 0.22124951 4.3122826 125
-0.30808818 0.2224803 4.32902 150
-0.26608282 0.20771548 4.3230801 150
-0.18423474 0.21916851 4.3287501 150
0.82573956 0.24522413 4.3196607 115.33334
1.4366072 0.24976508 4.3213906 106.66666
1.9680758 0.25587437 4.3270135 106.66666
2.2835174 0.20003204 4.315589 89
-0.42192119 0.31982923 4.3121986 127.5
-0.30391347 0.32368591 4.3275509 150
-0.2611632 0.30880225 4.3298697 150
-0.17883313 0.31926233 4.3224478 150
0.85083872 0.3620123 4.3197341 115.66666
1.4619905 0.36042356 4.3174524 111.66666
-0.41907325 0.41888803 4.3116612 126.5
-0.2772947 0.41633847 4.3239059 150
-0.17312139 0.42034626 4.3242025 150
0.84926093 0.4746356 4.3167744 112.5
1.4642743 0.46292943 4.3161955 117
-0.41575253 0.51747406 4.3113332 129
-0.27178657 0.5179202 4.3276577 150
-0.16658014 0.52143615 4.3280349 150
0.85709912 0.56186664 4.3206463 119
-0.41141447 0.61708212 4.3087368 127.5
-0.26663214 0.61900836 4.3238516 150
-0.16090578 0.62053752 4.3187399 150
0.82166421 0.63026249 4.3161254 117
0.90816349 0.66496718 4.314117 117
-0.40176511 0.7003448 4.3035579 128
-0.26133919 0.72209299 4.3240757 150
-0.1545521 0.72362173 4.3245683 150
0.82551485 0.71052927 4.305264 124
2.0215447 0.70488328 4.3297806 1
-0.4006409 0.83423752 4.304925 127
-0.25537816 0.82716954 4.3338957 150
-0.14747658 0.82870919 4.3334718 150
-0.24936779 0.93275565 4.3371973 150
-0.1405521 0.93388003 4.3323126 150
-0.54584485 -7.0863943 4.4302406 68
0.039468326 -7.0102067 4.4183617 62
0.51624048 -6.9884224 4.4359245 65
-1.4309368 -6.8802924 4.4035783 64
-0.57039785 -6.7161813 4.4155078 62
-0.0074025928 -6.6636648 4.4152045 62
0.45106748 -6.6500859 4.4309716 71
-0.59887981 -6.3902249 4.416646 38
-0.04988011 -6.330071 4.4051929 57
0.39153999 -6.329505 4.4227233 72
-0.62467581 -6.0891628 4.419539 20
-0.090195201 -6.0344796 4.4102883 27
0.33471087 -6.0338287 4.4206758 61
0.28397077 -5.7548866 4.4166598 34
0.23422499 -5.526968 4.4395075 13
