# .PCD v0.7 - Point Cloud Data file format
VERSION 0.7
FIELDS x y z intensity
SIZE 4 4 4 4
TYPE F F F F
COUNT 1 1 1 1
WIDTH 6077
HEIGHT 1
VIEWPOINT 0 0 0 1 0 0 0
POINTS 6077
DATA ascii
-1.3063301 -5.4121461 -0.61915219 90
-0.67627257 -5.4762244 -0.64473683 20
-1.4121706 -5.3484163 -0.60246325 17
-0.74095035 -5.5219369 -0.57320642 150
-0.69082808 -5.5218868 -0.52977097 111
-0.50903398 -5.5476437 -0.51740742 150
-1.335659 -5.4145317 -0.53676808 149
-1.5135051 -5.3686795 -0.53528094 150
-1.4653605 -5.3718815 -0.5094384 150
-1.3647736 -5.3736653 -0.56860274 29
-0.40413928 -5.3107991 -0.56511033 17
-0.27622807 -4.824738 -0.58889359 88
-0.12300121 -4.8563814 -0.51481366 78
-0.079649158 -4.8625793 -0.54717618 103.5
-1.1435224 -4.7170086 -0.55038965 1
-0.67579579 -4.7075777 -0.57940876 3
-0.093798213 -4.7290416 -0.59069753 15
-1.2059219 -4.652174 -0.57878327 1
-0.30294609 -4.6442351 -0.55573702 10
-2.3738184 -4.4060726 -0.51854557 97
-1.1261662 -4.4968233 -0.59756523 1
-0.59419036 -4.4139867 -0.59881848 1
-2.3781667 -4.3777962 -0.55360985 94.5
-2.276494 -4.3915095 -0.57212359 45
-1.1188183 -4.360085 -0.54717094 1
-0.058147587 -4.3889418 -0.51661211 12
-2.3881161 -4.2573662 -0.55759782 22
-1.706676 -4.2509737 -0.5952369 1
-0.97311836 -4.2121024 -0.5362311 1
-0.25135097 -4.1259012 -0.58296049 3
-0.29820272 -4.0300107 -0.56710708 6
-0.09848126 -4.0879359 -0.57797921 11
-2.1741681 -3.999784 -0.56264871 8
-1.9752539 -3.9113004 -0.55810553 8
-0.61476719 -3.9335701 -0.55521256 6
-0.22580567 -3.9433668 -0.52331311 5
-0.12451067 -3.9407654 -0.56607366 10
-0.0086163078 -3.9398987 -0.50939924 10
-1.0609035 -3.8937993 -0.5538457 4
-0.95275503 -3.8712831 -0.53490198 1
-0.83630651 -3.8060391 -0.52546185 5
-2.0959997 -3.7934465 -0.58073753 7
-0.98704141 -3.7858136 -0.57193935 2
-1.9248408 -3.6390409 -0.54656178 7
-0.53755909 -3.6951301 -0.56898594 5
-0.25217566 -3.5188882 -0.56379575 7
-0.16561052 -3.5118582 -0.51284921 7
-1.7081358 -3.4642844 -0.53749901 6
-1.4269359 -3.4235692 -0.53661424 35
-0.8131671 -3.4372656 -0.51980191 5
-0.72182494 -3.4613588 -0.51503509 5
-0.29749954 -3.4407394 -0.54735565 7
-0.12315094 -3.4725008 -0.55594867 8
-1.7151662 -3.3295751 -0.53231335 5
-0.95528764 -3.3394322 -0.53476501 5
-0.57165569 -3.3734417 -0.53747874 6
-0.14583904 -3.3782654 -0.54872292 7
-1.8525304 -3.282753 -0.55646503 6
-0.88640088 -3.2606564 -0.55147231 5
0.16183259 -3.294117 -0.56408763 150
-1.9391049 -3.1173842 -0.52632922 8
-1.5048341 -3.1264184 -0.52287173 7
-1.323733 -3.1280408 -0.55131948 5
-0.70507383 -3.1071463 -0.50991994 5
-0.62610584 -3.1724272 -0.50686044 6
-0.49838114 -3.1995223 -0.55290323 6
-0.1175329 -3.1776447 -0.50648129 7
-1.549951 -3.09184 -0.52397889 6
-1.3501247 -3.0315394 -0.52175754 6
-0.25142166 -3.0688529 -0.54958802 6
-0.14016107 -3.0408659 -0.54481494 10
-1.6797084 -2.918937 -0.54223764 6
-0.87561208 -2.919256 -0.51901031 5
-0.53799385 -2.9437885 -0.52372628 6
-0.29679805 -2.9865351 -0.53090346 6
-0.1622037 -2.9616396 -0.53830063 9
-0.077249251 -2.9126167 -0.50379419 8
-1.4091409 -2.8941536 -0.51871538 6
-1.3519783 -2.8828142 -0.51777041 6
-0.80735797 -2.8531206 -0.53478426 5
-0.61514193 -2.8410008 -0.50329536 5
-0.46925312 -2.8200777 -0.53931767 5
-1.7711266 -2.786556 -0.52004772 6
-1.2626348 -2.7086873 -0.51311785 5
-1.192754 -2.7433836 -0.53336447 5
-0.25113004 -2.7248268 -0.5401668 7
-0.15319678 -2.7101362 -0.53818774 10
-1.5431583 -2.6296473 -0.53261924 5
-1.2156405 -2.6582282 -0.51052535 5
-0.81546068 -2.6022053 -0.51054657 5
-0.52751148 -2.6261969 -0.50791323 5.5
-0.29659209 -2.6663764 -0.52380776 9
-0.17427006 -2.6449082 -0.53142995 10
-1.6268986 -2.5031066 -0.51091468 5
-1.175335 -2.5557082 -0.50663346 5
-0.74806833 -2.5497179 -0.5250333 5
-0.44534165 -2.5007269 -0.52449697 6
-1.1231983 -2.4431539 -0.5139941 5.5
-1.0876448 -2.434926 -0.50230432 5
-0.2516228 -2.4398272 -0.53122061 9
-0.16401118 -2.4333787 -0.52980614 9
-1.4335607 -2.396982 -0.52568829 5
-0.76766825 -2.343781 -0.50256836 5
-0.49262488 -2.3615551 -0.50760597 7
-0.2959972 -2.3902428 -0.51509064 8
-0.18424168 -2.3731534 -0.5217762 8
-1.5177895 -2.2847238 -0.50698262 6
-1.0211402 -2.2335258 -0.51672292 5
-0.69850934 -2.2923839 -0.5152126 5
-0.42639697 -2.2644305 -0.51858091 8
-1.3351662 -2.1874013 -0.51685977 6
-0.47521585 -2.1377077 -0.50009763 8
-0.27360216 -2.1874833 -0.51576304 9
-0.18366233 -2.1689506 -0.51599681 10
-1.2527767 -2.012382 -0.50862974 6
-0.9536218 -2.0321906 -0.50856167 8
-0.66093189 -2.0981274 -0.51257914 6
-0.41057181 -2.0721786 -0.51517814 8
-0.25145167 -2.014822 -0.51623213 10
-0.62901342 -1.9369092 -0.51150411 8
-0.46253163 -1.9780675 -0.50059295 10
-0.39758408 -1.9009805 -0.51012689 9
-0.29578483 -1.9890547 -0.50621468 9
-0.19081655 -1.980114 -0.51096117 10
-1.1880378 -1.8710728 -0.50615197 8
-0.90135986 -1.8779306 -0.50681305 7
-0.25046837 -1.8298119 -0.50602216 9.666667
-0.18860492 -1.8338544 -0.5078153 10
-0.85517484 -1.7387028 -0.5036068 8
-0.59958953 -1.7797149 -0.50463027 8
-0.38680273 -1.762808 -0.50845522 8
-0.25024402 -1.7117881 -0.50801528 10
-0.81853211 -1.6295222 -0.50428438 8
-0.57811058 -1.6675675 -0.50656617 8
-0.37629837 -1.6296557 -0.50281715 8
-0.20975873 -1.6767591 -0.50255495 10
-0.19348267 -1.6939628 -0.50407338 12
-0.24990222 -1.5917771 -0.50515074 2
-0.72425628 -5.5375915 -0.43085545 150
-0.60697615 -5.5493913 -0.44428372 150
-1.3513728 -5.4138989 -0.45224643 150
-1.6103237 -5.3618169 -0.46545398 150
-1.5680505 -5.3782988 -0.45079744 150
0.274598 -4.920372 -0.45344502 104.5
0.38656366 -4.9354591 -0.47228795 106
-0.30404723 -4.8302636 -0.48090994 127
-0.2381281 -4.8389645 -0.46974444 125
-0.075890131 -4.8671722 -0.48508346 137
-2.3922775 -4.3878932 -0.42138514 116
-2.3731916 -4.2183952 -0.4424451 21
0.22544095 -3.3805928 -0.43227157 14
0.065044232 -3.2638793 -0.49830216 150
-1.9356691 -3.1209333 -0.4608143 8
-1.3732972 -3.1117239 -0.43685597 28
-0.01179106 -3.0848286 -0.43318546 30
-0.54642528 -2.9249661 -0.49876803 5
-0.47963983 -2.7337773 -0.49684721 5
-0.044208027 -2.6807032 -0.49974412 7
-0.41989934 -2.5411556 -0.48905981 5
-0.19529572 -2.544683 -0.44573116 5
-0.47981346 -2.440999 -0.49585134 4
-0.36935604 -2.4024944 -0.48885965 6
-0.014456758 -2.4839518 -0.49767768 9
0.11364166 -2.4334264 -0.45789891 46
0.15362109 -2.3988299 -0.4820829 20
-1.0385885 -2.2538981 -0.49869099 6
-0.98840708 -2.2721143 -0.49494958 5
-0.42556572 -2.2714016 -0.49114966 5
-0.32372916 -2.2682533 -0.48750859 6
-0.15019596 -2.2753172 -0.44613644 5
0.0083579477 -2.2863977 -0.48974919 9
0.16889742 -2.2489219 -0.47967011 1
-0.91361415 -2.1580014 -0.49297091 6.5
-0.7283994 -2.1347914 -0.49768454 7
-0.37712449 -2.1219745 -0.48710281 7
-0.2825202 -2.1444111 -0.48499662 10
0.020399041 -2.1269715 -0.46084404 3
-1.4093959 -2.0709558 -0.49533278 7
-1.0137482 -2.0184078 -0.49265939 8
-0.84274197 -2.047406 -0.49072644 6
-0.33587384 -2.0027463 -0.48626417 5
-0.24645275 -2.0290232 -0.48215556 7
-0.13031681 -2.0788803 -0.44669846 7
-1.3275635 -1.9061797 -0.48985624 9
-0.77851915 -1.946243 -0.48845339 6.5
-0.69792765 -1.9692433 -0.49587882 8
-0.21315101 -1.9238993 -0.47927397 6
-0.12482928 -1.9182333 -0.44519621 7
0.046290401 -1.934651 -0.43956318 5
-0.96767563 -1.8749288 -0.49298352 8
-0.72070312 -1.8518826 -0.48535523 7
-0.67336142 -1.8150208 -0.48858938 7
-0.45038491 -1.8184787 -0.49511445 8
-0.29841575 -1.8866365 -0.4840408 7
-0.18348107 -1.8321248 -0.47800344 8
-0.097334914 -1.887834 -0.44769031 8
-1.2557588 -1.7636939 -0.48986274 8.5
-1.1252688 -1.734953 -0.49885875 8
-0.92274183 -1.7375114 -0.48841679 8
-0.64476573 -1.7308097 -0.48238221 7.5
-0.26463413 -1.7776437 -0.48045856 8
-0.13232407 -1.760654 -0.46138397 8
-0.082703732 -1.7413341 -0.44715792 9
0.051294729 -1.7822893 -0.43892542 9
1.5552802 -1.7637446 -0.40415883 56
-1.2014608 -1.6518371 -0.48434347 9
-1.1681335 -1.671888 -0.4876461 8
-1.0885468 -1.6193043 -0.49226779 8.5
-0.88883799 -1.6296897 -0.4899711 8
-0.63037801 -1.6718118 -0.4867388 7.5
-0.56488496 -1.6353281 -0.48053092 6
-0.44129932 -1.6950179 -0.49524051 8
-0.2460568 -1.6625456 -0.48518828 5.6666665
-0.13203156 -1.6572528 -0.47206414 8
-0.081722915 -1.6262 -0.44578093 8.5
0.055257209 -1.6541975 -0.43998063 9.5
1.5106077 -1.630107 -0.40669641 15
-1.1473385 -1.5542424 -0.46553475 6.25
-1.0433847 -1.5275596 -0.48772848 7.3333335
-0.85584432 -1.5289204 -0.48862511 2
-0.78136158 -1.5153412 -0.49988943 1
-0.62671465 -1.5816381 -0.48997492 1
-0.54021508 -1.5385013 -0.48271912 6.25
-0.43183672 -1.5695693 -0.48929363 8
-0.36753607 -1.5125319 -0.49741638 9
-0.25436786 -1.5598722 -0.49440613 10
-0.14660467 -1.5536835 -0.47314796 8.5
-0.082589723 -1.511004 -0.45428652 3.5
0.062777728 -1.5253228 -0.4361493 10.5
1.3194078 -1.5679327 -0.40737411 4
1.4714013 -1.5123091 -0.40812594 16
1.6549205 -1.5385923 -0.40760484 22
-1.1271064 -1.4767869 -0.46153545 5
-1.0084473 -1.4630822 -0.48276597 7
-0.96495724 -1.4494464 -0.48654547 6.25
-0.82264221 -1.42313 -0.48121911 7
-0.74753797 -1.4119328 -0.49368262 7
-0.60624862 -1.4706151 -0.483401 7
-0.53540939 -1.4412893 -0.49639779 2
-0.45839167 -1.4556333 -0.47806114 4.75
-0.36079252 -1.4234189 -0.49836493 2
-0.24923675 -1.4666077 -0.49377814 8.333333
-0.16195333 -1.4496046 -0.47303927 1
-0.065820523 -1.4531103 -0.45158175 8.666667
0.064042076 -1.4299879 -0.43840125 10
1.2995653 -1.4762702 -0.41659915 14
1.4353545 -1.4058136 -0.40928447 16
1.6030492 -1.4192473 -0.40895644 14
-1.0701001 -1.3782045 -0.48234725 2
-0.93300039 -1.3690271 -0.48347694 4.5
-0.84701002 -1.3356161 -0.47679836 4
-0.75706846 -1.3302264 -0.48475057 2
-0.56181514 -1.3450521 -0.48527101 2
-0.42945081 -1.359005 -0.47392738 1.5
-0.3686755 -1.3304708 -0.48181239 2
-0.2554338 -1.3665222 -0.48941824 2.3333333
-0.14244667 -1.3750385 -0.46905345 10
-0.054092258 -1.3635292 -0.4450365 7
0.064171776 -1.3477921 -0.44128639 2
1.2663735 -1.3595819 -0.413477 17
1.40184 -1.3078525 -0.40739751 18
1.560231 -1.3182592 -0.41002673 8
-1.0298084 -1.2968529 -0.47765797 10
-0.96216202 -1.2612711 -0.48281756 2
-0.89188486 -1.2171909 -0.48241621 2
-0.75873178 -1.2486155 -0.47425863 2.6666667
-0.69466382 -1.2456938 -0.48786163 2
-0.53244615 -1.2447686 -0.48252931 2.5
-0.40650725 -1.253769 -0.47458899 2.6666667
-0.34469348 -1.2365581 -0.47099456 1.8
-0.26282525 -1.2496244 -0.48382503 3
-0.029022092 -1.2228754 -0.44324499 4
0.069876507 -1.2571819 -0.43831336 11.5
0.2407583 -1.2479031 -0.42006293 3
1.1394122 -1.2328045 -0.40863252 15
1.2411855 -1.2653259 -0.41406339 16
1.3763559 -1.2266172 -0.40984347 16
1.5204036 -1.2248321 -0.41117093 6
1.7243369 -1.2910587 -0.40072674 1
-1.1099368 -1.1403799 -0.47549099 1
-1.0867357 -1.111577 -0.44221035 1.6666666
-0.95420641 -1.1354562 -0.47373688 2
-0.85535997 -1.1311164 -0.48121724 2.5
-0.72872251 -1.1751095 -0.47365069 2
-0.65632242 -1.1430231 -0.47455746 1.7142857
-0.54619563 -1.1305997 -0.47479212 3.5
-0.45498359 -1.15126 -0.48042908 3
-0.3401705 -1.1464391 -0.4758423 2.5
-0.25982216 -1.1470417 -0.47533891 3.1666667
0.072376505 -1.1512351 -0.43940505 1
0.27303204 -1.1602793 -0.42353538 7
0.30325392 -1.1087635 -0.42658359 10
0.44636106 -1.113216 -0.40795317 6
1.0351763 -1.1502781 -0.41088149 3.5
1.1409781 -1.1488132 -0.41177002 8.666667
1.2256639 -1.1923667 -0.419752 5
1.354753 -1.15526 -0.41289532 3
1.4818428 -1.1375556 -0.40960941 1
-1.0410147 -1.0424501 -0.47204086 2.8333333
-0.94585198 -1.0364699 -0.46736965 1.3333334
-0.81187207 -1.0283601 -0.478807 3.5
-0.70866299 -1.0543673 -0.47337437 3
-0.61862183 -1.0671918 -0.47555292 2.5
-0.55856687 -1.0515176 -0.47050661 2.1428571
-0.46099651 -1.0413122 -0.48414657 4
-0.35230094 -1.0553725 -0.47780323 3.5999999
-0.25737992 -1.0582449 -0.47481075 3.3
-0.048456885 -1.0228446 -0.46242458 0
0.086854234 -1.0662191 -0.4469406 0
0.16723269 -1.040422 -0.45886037 3.5
0.25572449 -1.0642264 -0.44113463 3.8571429
0.31395954 -1.0510213 -0.43303877 9.5
0.46912798 -1.0299082 -0.42220387 7
0.96276426 -1.0430952 -0.41696832 4.3333335
1.0733742 -1.0644717 -0.4135603 4
1.1836194 -1.0382811 -0.41609251 2
1.2597497 -1.0038594 -0.40284389 4
1.3289721 -1.0662377 -0.4046835 4.6666665
-1.0395117 -0.94267809 -0.47342971 1
-0.95075685 -0.97367668 -0.47053227 0.80000001
-0.85535371 -0.94594032 -0.46700484 1.7
-0.77790785 -0.93222618 -0.4740366 2.3333333
-0.64851338 -0.9542762 -0.47607121 3
-0.5144648 -0.97081023 -0.4714351 2.8333333
-0.45180327 -0.93710285 -0.46975508 3.1428571
-0.36644158 -0.94676203 -0.47049809 3.3333333
-0.25232327 -0.94988036 -0.46780729 3.8888888
-0.19076668 -0.98471713 -0.46389532 2.5
0.17522506 -0.95072609 -0.45492968 4
0.25085893 -0.95967865 -0.4391619 2.8333333
0.32558459 -0.9982596 -0.44007471 4
0.78594136 -0.95878261 -0.42270637 5.25
0.8293516 -0.90950674 -0.41265145 5.3333335
0.9371047 -0.94316763 -0.41854504 4
1.0741583 -0.95422167 -0.40778479 3.6666667
1.1708294 -0.95305663 -0.41397008 2.6666667
1.2189574 -0.97244692 -0.40417385 3
-1.4205307 -0.84162807 -0.42423221 4
-1.0442086 -0.88078505 -0.44903922 0.66666669
-0.83501607 -0.86805975 -0.47281906 1.5
-0.74373752 -0.87991858 -0.46872625 1.625
-0.66579205 -0.8380031 -0.46953896 2
-0.55351621 -0.85447347 -0.47143745 3.5
-0.4376817 -0.85042155 -0.4627257 5
-0.36190462 -0.84185141 -0.46419019 4.2727275
-0.26146972 -0.84733284 -0.46926528 4.25
0.066237569 -0.82661408 -0.44509491 4
0.18410408 -0.87549591 -0.45385736 2
0.25410864 -0.88159442 -0.44103631 1
0.63673496 -0.84368479 -0.41168481 6.5
0.77045548 -0.84259111 -0.40923113 5
0.82172316 -0.83744466 -0.41456947 5.5999999
0.94230831 -0.83735406 -0.41162625 2.5
1.0529867 -0.83151531 -0.40915665 3.6666667
1.1495697 -0.85567939 -0.40314594 4
1.2514515 -0.82659507 -0.40352383 4
1.3155046 -0.83888769 -0.40245092 4
1.4942378 -0.8282792 -0.40037826 5
-1.3804767 -0.78687656 -0.46446735 2.5
-0.95085734 -0.7769891 -0.46865016 1.25
-0.8683399 -0.74156004 -0.46487856 1.5
-0.72115576 -0.78189641 -0.47834253 2
-0.61309248 -0.78498822 -0.45846209 3
-0.54891443 -0.74149388 -0.4604052 4.6666665
-0.43813995 -0.77161092 -0.46905872 2
-0.3331337 -0.76369256 -0.45701984 3.875
-0.26617923 -0.75411791 -0.4623138 1.6666666
0.060958289 -0.74719584 -0.44157785 4.7142859
0.10066883 -0.75704217 -0.44111109 3.5
0.29464602 -0.70493436 -0.44625527 1
0.365868 -0.74364609 -0.42804113 4.4000001
0.43504211 -0.75251991 -0.43305984 10.666667
0.55419159 -0.74308193 -0.41254553 5.8000002
0.6357317 -0.76168138 -0.41055962 6
0.74852449 -0.74707121 -0.40699169 5.6666665
0.85161877 -0.74659759 -0.40802348 3.3333333
0.95990539 -0.73995352 -0.40610823 5.25
1.0680414 -0.72008115 -0.40384424 4
1.1498075 -0.73732394 -0.40398368 4.3333335
1.2362677 -0.7548731 -0.40371192 2.5
1.3214103 -0.74936348 -0.4054459 3
1.4443988 -0.70478797 -0.40643206 5
-0.81052238 -0.61737823 -0.46972299 1
-0.71000445 -0.66150999 -0.45674828 2
-0.64388716 -0.62473232 -0.45964104 4.1428571
-0.54267955 -0.64811599 -0.45798913 2.5
-0.44840717 -0.64393854 -0.45294574 3.6428571
-0.34328365 -0.65156502 -0.45166439 3
-0.27852961 -0.64257431 -0.45780995 1.5
-0.067927875 -0.62998086 -0.4461804 4
0.075057544 -0.66224891 -0.43768039 4.8000002
0.10386685 -0.65155172 -0.43572408 4.5
0.23086348 -0.6394462 -0.43514308 4.3636365
0.34109023 -0.64881486 -0.44126734 5.3333335
0.46036121 -0.64864737 -0.43628854 6.125
0.53601635 -0.65678197 -0.42004475 4.7142859
0.64713776 -0.65051097 -0.40934843 5.4000001
0.76144832 -0.64316523 -0.41103047 4.5999999
0.83874029 -0.64406335 -0.41144824 4.125
0.93785161 -0.6360358 -0.40722823 4.3000002
1.0528197 -0.64465237 -0.40782344 5.0555553
1.1536511 -0.66556633 -0.40363854 4.375
1.244887 -0.65038896 -0.41215724 6
1.302025 -0.68618083 -0.41073617 5
1.4131908 -0.63124794 -0.40643311 4.3333335
1.5415409 -0.65506691 -0.40026456 3
-0.93880302 -0.55276346 -0.46811867 2
-0.85171342 -0.5516727 -0.46476158 1.5
-0.74591798 -0.54961294 -0.46252856 3.7142856
-0.64187205 -0.53572702 -0.46209398 3.75
-0.55322856 -0.55090183 -0.45183983 3.4166667
-0.46178782 -0.53103751 -0.45052621 3.3333333
-0.36724678 -0.55094755 -0.45172027 3.4000001
-0.27024442 -0.54816651 -0.45676965 3.8125
-0.081981592 -0.57242304 -0.44461554 2.5
0.081359573 -0.53401208 -0.43633729 4.2857141
0.14244981 -0.54427832 -0.43397856 4.4166665
0.2359667 -0.55088735 -0.43478748 5
0.33475786 -0.54855281 -0.4324823 4.5
0.44870001 -0.5517441 -0.4400501 6.375
0.55198199 -0.54799622 -0.41547185 4
0.64070636 -0.5505383 -0.41562116 5.875
0.75082767 -0.55069989 -0.4124485 4
0.84380096 -0.54464918 -0.41073683 4.3333335
0.93292308 -0.54507846 -0.40776372 4.7222223
1.0294232 -0.55990279 -0.41038579 5.5
1.1750387 -0.54581386 -0.41353825 6.5
1.2493337 -0.53951645 -0.40935943 4.6666665
1.3774086 -0.53652573 -0.40918824 5
1.4799867 -0.52569962 -0.40239686 3.5
-0.9004007 -0.49231562 -0.46609706 3
-0.84461641 -0.44488588 -0.45840698 3.4444444
-0.7432 -0.44368541 -0.46013156 4.3333335
-0.65144295 -0.45513952 -0.45896679 4.4444447
-0.57003903 -0.44354966 -0.45939434 4.5
-0.44069201 -0.46751198 -0.44973502 4
-0.36536521 -0.45108625 -0.45203295 4.8571429
-0.27428144 -0.46167645 -0.45574921 5.5384617
-0.033584949 -0.4191401 -0.43881837 3.3333333
0.066339515 -0.44603422 -0.4381803 4.0769229
0.15826288 -0.444691 -0.43443549 4.4000001
0.23363329 -0.45479026 -0.43663231 4.4166665
0.32242745 -0.45025334 -0.43196657 5.1764708
0.44167945 -0.44104716 -0.43115032 5.6666665
0.58587343 -0.47486985 -0.40661401 1.5
0.6536994 -0.47881377 -0.41222921 4.3333335
0.75534916 -0.44727504 -0.41303313 5.125
0.849383 -0.46023494 -0.41408077 4.2857141
0.91351873 -0.4463802 -0.41337904 4.1999998
1.0243044 -0.44900984 -0.41341919 5.25
1.1527985 -0.45250952 -0.41432533 5.6666665
1.2154933 -0.44620398 -0.40542522 5
1.3384229 -0.43711963 -0.40698826 4.75
1.4487647 -0.44828022 -0.40449056 4.6666665
-0.82024527 -0.34749317 -0.45658255 3.5
-0.76053953 -0.36493742 -0.45617294 4.125
-0.6657517 -0.337928 -0.45458061 4.5
-0.54629815 -0.35937119 -0.45590311 5.125
-0.4359099 -0.35443729 -0.4524855 5.25
-0.34732017 -0.35077298 -0.44903052 6
-0.29229161 -0.33382964 -0.44617543 5.3333335
-0.025949562 -0.37234074 -0.43125784 5
0.081224434 -0.36171383 -0.43534049 4.0999999
0.1418529 -0.3491129 -0.4366 4.3888888
0.25772715 -0.35358918 -0.43442643 4.3846154
0.33403966 -0.35485974 -0.43359721 5
0.44844681 -0.34430301 -0.43171084 6.3125
0.52348042 -0.34330672 -0.42082414 5.75
0.75079757 -0.37336501 -0.41021705 3.625
0.84216166 -0.35367385 -0.41159257 5.4285712
0.95447826 -0.3498002 -0.41413295 4.3333335
1.024761 -0.35047081 -0.41064331 4.75
1.1552104 -0.35626593 -0.40719107 5.4444447
1.2910929 -0.30537045 -0.40261304 6
1.3415395 -0.34657836 -0.40618959 5.6666665
1.4171788 -0.36437514 -0.40601429 4
1.5583082 -0.33989811 -0.40505224 3.75
-0.8001579 -0.29776978 -0.4584347 4
-0.76263946 -0.24469686 -0.45606726 3.5
-0.64540619 -0.24767531 -0.45046103 5.1111112
-0.51453793 -0.25051501 -0.44726747 5.5714288
-0.4212296 -0.25194046 -0.44796479 4.8333335
-0.34289393 -0.24563365 -0.45148754 6.1666665
-0.25699726 -0.24396078 -0.44263011 6
-0.16307718 -0.24401569 -0.43042147 4.6666665
-0.059786692 -0.23905669 -0.43826774 5.4444447
0.14617427 -0.25844681 -0.43119776 5.4444447
0.26318428 -0.25502202 -0.42994493 4.7142859
0.33801609 -0.24807303 -0.43226299 4.4285712
0.45332411 -0.24464025 -0.42904872 5.5555553
0.54891604 -0.24581441 -0.41994691 5.2857141
0.6142782 -0.23415108 -0.41152424 4.5999999
0.87433285 -0.24891523 -0.41029394 5.2666669
0.96321529 -0.25501105 -0.4138993 4.875
1.0108688 -0.24965267 -0.41295603 4.1666665
1.1380122 -0.25342986 -0.41056633 5.818182
1.2733761 -0.23577957 -0.40156689 5.5
1.3824054 -0.28568622 -0.40145737 4
1.5241739 -0.24831638 -0.40474945 3
-0.73794782 -0.14611901 -0.45062113 4.3000002
-0.6247232 -0.14546908 -0.44367167 5.375
-0.50830132 -0.15446158 -0.45187184 6.6666665
-0.44127792 -0.15605357 -0.4516075 6.2222223
-0.34994668 -0.14779925 -0.45187956 6.0999999
-0.25775459 -0.15867384 -0.44480243 5.5
-0.14730129 -0.14109185 -0.43102098 4.4705882
-0.049205452 -0.15585014 -0.4320423 5.4000001
0.050058115 -0.14000222 -0.43060663 5.4285712
0.14891757 -0.14846499 -0.43147621 5.7333331
0.25721842 -0.14443628 -0.43065709 4.6923075
0.34166637 -0.16388704 -0.42823976 4.3000002
0.45384735 -0.14780374 -0.42657301 5.0869565
0.56050628 -0.15012674 -0.41932806 4.8333335
0.61925215 -0.14424138 -0.41537821 5
0.87281913 -0.15243562 -0.40864772 5.2727275
0.98153752 -0.13988106 -0.40730831 5.25
1.0699681 -0.14876209 -0.41160467 5.1428571
1.1423919 -0.15438905 -0.40853694 5.1428571
1.2576392 -0.14921044 -0.40247172 5
1.3516127 -0.17367283 -0.40032804 6
1.5037932 -0.17524807 -0.40489933 3
-0.81317121 -0.035458334 -0.4444015 4
-0.72767758 -0.049584713 -0.44753921 4.3333335
-0.61863232 -0.047495462 -0.44168985 5.7777777
-0.50765347 -0.04417941 -0.44901222 7
-0.44552061 -0.048295788 -0.4470163 6.4444447
-0.35254088 -0.052899141 -0.44940916 6.3333335
-0.27885866 -0.05160597 -0.44270474 7
-0.15105249 -0.052354127 -0.42727384 4.4499998
-0.051862303 -0.054312073 -0.42094895 4.818182
0.045498494 -0.045342725 -0.42633033 5.5
0.14951135 -0.0496285 -0.43158314 5.5555553
0.26775488 -0.046564173 -0.42518762 4.4375
0.34461799 -0.050152361 -0.42529967 3.7777777
0.45026332 -0.052719019 -0.42529961 4.375
0.55589187 -0.05165216 -0.41935435 4.6785712
0.60707241 -0.072343566 -0.4160997 5
0.87221277 -0.050982323 -0.41489828 6
0.97984087 -0.055888571 -0.40515777 5.125
1.0885984 -0.051172089 -0.40896371 5.1666665
1.1325815 -0.049509577 -0.40312108 4
1.2445562 -0.051916759 -0.40148345 5
1.4821604 -0.04849425 -0.40463248 3.3333333
-0.82294804 0.050565079 -0.4414323 3.8888888
-0.73537797 0.047569033 -0.44613227 4.6875
-0.62816328 0.052335192 -0.4407084 5.875
-0.51312596 0.047557279 -0.44768515 7
-0.44690603 0.055119939 -0.44719678 6.5
-0.34869233 0.045511793 -0.44404411 6.4166665
-0.25470191 0.0468527 -0.42199054 5.6999998
-0.15616739 0.05210596 -0.42306256 4.352941
-0.062006526 0.04537164 -0.41516331 4.7777777
0.038096283 0.05098838 -0.42364314 5.5
0.15561648 0.052841812 -0.4322542 5.5294118
0.25821912 0.044928521 -0.42886308 4.6842103
0.35369042 0.046443343 -0.42687082 4.4545455
0.45113093 0.049391318 -0.42630196 5.185185
0.5566656 0.05038441 -0.42161056 4.5714288
0.60257852 0.094615929 -0.4181022 4
0.87533492 0.049984362 -0.41810477 6.818182
0.9740479 0.048978996 -0.40605831 5.5
1.0870481 0.031576995 -0.40968552 4.5999999
1.1290222 0.042851347 -0.40236244 4
1.2421287 0.060164493 -0.40226597 5
1.4737436 0.012802263 -0.40195492 3
-0.90260619 0.19187705 -0.43976647 5
-0.84697258 0.15147874 -0.43928543 4
-0.75292742 0.14531578 -0.44103578 4.2666669
-0.64452916 0.15385219 -0.43934357 5.5833335
-0.52601594 0.14536455 -0.44624978 7
-0.45029783 0.1437626 -0.44588175 6.5
-0.35212964 0.1408594 -0.44496879 6.1999998
-0.23777387 0.14589569 -0.42694536 4.625
-0.16141367 0.14894669 -0.4326517 4.9285712
-0.063461415 0.15360944 -0.42469335 5.5
0.04220064 0.15176331 -0.43152142 5.3333335
0.15277281 0.14286579 -0.4296166 5.4117646
0.26452869 0.14335674 -0.4294945 4.8888888
0.35701361 0.1481387 -0.42808828 4.5
0.45939842 0.14721631 -0.42584786 5.2916665
0.5556587 0.14664875 -0.42415613 4.8000002
0.617046 0.15773679 -0.42302009 4.5454545
0.87143111 0.15444069 -0.41273341 6.4166665
0.98038435 0.15954036 -0.40521979 5.3333335
1.0876404 0.14493847 -0.40714049 6
1.1338818 0.13512136 -0.40334982 4.5
1.244185 0.13300535 -0.40063834 5
1.348125 0.19189149 -0.40001485 5
1.4849529 0.14155206 -0.40286025 3
-0.91122639 0.25727406 -0.42937765 3.3
-0.86161852 0.24945557 -0.43701676 4.6428571
-0.76747257 0.24463211 -0.43927395 4.0833335
-0.67011279 0.24202111 -0.44151872 5.5
-0.53817952 0.21147269 -0.44536316 7
-0.4704605 0.21639064 -0.44519922 7
-0.32649937 0.28963399 -0.41991591 4
-0.25618398 0.23928174 -0.42506912 4.25
-0.17873304 0.24514005 -0.42637303 4.5
-0.0053254156 0.21450816 -0.42688617 5
0.079842657 0.25698072 -0.43306419 4.5999999
0.16253637 0.2412803 -0.43094689 4.9285712
0.26218364 0.24709691 -0.42765877 4.9444447
0.36474764 0.24463351 -0.42592821 4.6666665
0.45898587 0.23915571 -0.42402884 5.4615383
0.555363 0.2412001 -0.42426816 5.3125
0.63794428 0.23013568 -0.41660371 3.2222223
0.85480905 0.25360239 -0.40710515 6.3076925
0.98511016 0.25639883 -0.40519017 4.6666665
1.0958668 0.24647966 -0.40663353 4
1.1241161 0.2551026 -0.4069925 4.5
1.2536778 0.22531714 -0.4001722 5
1.4986544 0.22228986 -0.40203798 3
1.507514 0.27063087 -0.40005562 2
-0.90188998 0.3066887 -0.42642412 2
-0.83371592 0.35017121 -0.43452242 4.6666665
-0.73838145 0.34999084 -0.4366301 4.2857141
-0.68630791 0.33171716 -0.4413076 4.5999999
-0.41649577 0.38666263 -0.43294454 4.8333335
-0.3564584 0.34737039 -0.42983839 5.0833335
-0.2636072 0.35504326 -0.42537376 5
-0.11209258 0.34020266 -0.42130247 4.6666665
-0.04112811 0.37946463 -0.42521924 3.75
0.065889731 0.35430676 -0.43034759 4.0769229
0.14683843 0.34493369 -0.43781602 4.1666665
0.24798867 0.34848118 -0.42554235 4.8000002
0.33110896 0.34883526 -0.42140907 4.6666665
0.40897083 0.31517524 -0.42808998 5.5
0.53394282 0.32083997 -0.42047676 4.4000001
0.67490512 0.38319236 -0.42282704 2
0.75500274 0.35831806 -0.41183591 3.6666667
0.86031407 0.35739833 -0.40454951 6.8235292
0.98672068 0.33788913 -0.40689763 5
1.0056415 0.36435431 -0.40746415 4.75
1.1080452 0.35599953 -0.40445501 5
1.3931729 0.3413285 -0.40195087 3
-0.87315398 0.42284632 -0.43700475 1.8
-0.74416435 0.43458456 -0.4350535 2.8571429
-0.61110342 0.48797008 -0.43391567 2
-0.54159892 0.47563648 -0.43865117 3.7857144
-0.45477775 0.44201165 -0.436876 3.826087
-0.34861404 0.4494974 -0.43520072 3.8461537
-0.24359399 0.44950908 -0.42936119 3.76
-0.1889002 0.49908242 -0.41928226 3
-0.0082936306 0.41765237 -0.4260256 3.5
0.065756418 0.44255134 -0.42956781 4.1428571
0.14449491 0.44138363 -0.42845327 4.0769229
0.24138567 0.43626344 -0.42624989 4.5555553
0.34328932 0.447492 -0.41900671 5
0.47094986 0.40830314 -0.43760711 3
0.58478695 0.45784399 -0.41914806 4
0.64722615 0.4427425 -0.4169493 5
0.73370868 0.46584332 -0.41290861 3
0.84813845 0.44692609 -0.40671977 4.4848485
0.95269191 0.45503446 -0.40625155 5.1111112
1.01491 0.45520359 -0.40252477 5
1.1213363 0.44651279 -0.4025844 5.25
1.3197057 0.49001241 -0.40003642 7
-0.61490244 0.51692277 -0.44384456 2.6666667
-0.55230975 0.54065579 -0.43459979 4.0833335
-0.45277652 0.55135787 -0.43408537 4
-0.34929186 0.54669887 -0.43187132 4
-0.2429388 0.53517652 -0.42867777 3.9166667
-0.16232307 0.55400032 -0.423893 3.8571429
0.073980749 0.58893633 -0.4322165 4.6666665
0.1519933 0.54657066 -0.42168769 4.5999999
0.26828682 0.5478313 -0.41886309 6
0.34745303 0.55799693 -0.42077595 4.8000002
0.48803586 0.54576987 -0.42881596 4.25
0.52026314 0.56623399 -0.4310976 3.2
0.64986753 0.5555557 -0.42032856 3.8571429
0.7820816 0.5227443 -0.41467643 3
0.83882791 0.55628878 -0.40763545 4.4166665
0.94073254 0.5369128 -0.40348807 4
1.0273144 0.5247916 -0.40227899 5
1.1442268 0.54507327 -0.40720534 6
1.3329344 0.51850379 -0.40424964 4
-1.2254435 0.6693368 -0.42717806 0.66666669
-1.1616038 0.67296737 -0.43903792 0.75
-1.059173 0.65975082 -0.44069019 0.5
-0.87260032 0.66930431 -0.43549213 0.33333334
-0.6360836 0.66081524 -0.43737993 3.3333333
-0.55041641 0.64328325 -0.43600771 4.1666665
-0.44489273 0.65298539 -0.42939928 4.8333335
-0.36067581 0.64539659 -0.43112278 4.4000001
-0.26872256 0.64244539 -0.42464623 4.4000001
-0.16281691 0.65508294 -0.42507052 4.4000001
-0.049513161 0.66410935 -0.4241187 3
0.061534166 0.64072424 -0.43929121 2
0.15407306 0.62613416 -0.42692271 2
0.26537672 0.65852982 -0.42099681 5.1666665
0.35997763 0.65056181 -0.42637682 5.4285712
0.48276925 0.64456648 -0.41503802 2.6666667
0.55041814 0.661116 -0.42886534 4.625
0.68810034 0.61456788 -0.4189603 4
0.72143298 0.66239792 -0.41637224 4.5714288
0.85286367 0.63067746 -0.40918735 3.3333333
0.91830879 0.66163677 -0.40777645 3.5
1.052922 0.64773679 -0.40743622 3.2
1.1477454 0.67082387 -0.40677598 4
1.374172 0.64443547 -0.40283427 4
-1.2192503 0.72062194 -0.43120128 4
-1.1416352 0.73364609 -0.44243914 1.5
-1.0693786 0.7258212 -0.43714052 1.8
-0.92227298 0.73353142 -0.42869917 2.5
-0.88245589 0.74232554 -0.44247967 2.5
-0.72019082 0.78037834 -0.43522605 3
-0.69990325 0.72836971 -0.4390378 2
-0.55564356 0.75170231 -0.43036413 4.3333335
-0.44185776 0.75861162 -0.43145415 3.5
-0.33835945 0.74740589 -0.42498899 5.25
-0.22741464 0.73906708 -0.42704391 5
-0.1304303 0.74265593 -0.42195579 5
-0.036917742 0.75365472 -0.42098874 5
0.16088825 0.79487026 -0.44207937 2
0.26142317 0.75015986 -0.43277133 3.875
0.36413893 0.74228644 -0.42358327 3.2
0.44604641 0.75439352 -0.42233786 4
0.56306368 0.74372077 -0.42044401 5
0.60920781 0.77877593 -0.42293978 4.6666665
0.77181369 0.73671877 -0.41668281 4.8571429
0.82479501 0.78289098 -0.41570649 2.6666667
0.95865691 0.72352171 -0.4125168 1.8571428
1.043819 0.76010728 -0.40793362 1.375
1.1437736 0.74953264 -0.40765467 1.5
1.2439072 0.74735492 -0.40675625 1
1.3199083 0.79375911 -0.40553725 1
-1.2060667 0.86786085 -0.41778561 4.3333335
-1.1559851 0.85150874 -0.43310362 3.7142856
-1.0591229 0.86229318 -0.43334165 3.3333333
-0.95256412 0.83615351 -0.43596464 4.4000001
-0.75414622 0.86666095 -0.43347922 3.5
-0.60044044 0.86347938 -0.43224922 3
-0.55237854 0.82761717 -0.43148679 4
-0.4302527 0.84790874 -0.42437387 3.6666667
-0.35319301 0.81196856 -0.41969299 3.5
-0.27357435 0.81368792 -0.4265984 6
-0.17060542 0.83703285 -0.42239758 4.3333335
-0.068117045 0.84934497 -0.42344058 4
0.048867475 0.86478359 -0.42986473 1.3333334
0.13920115 0.85599071 -0.43850341 3
0.26367149 0.83620107 -0.44115376 3.25
0.30239612 0.86724651 -0.43013459 3
0.4515225 0.85777551 -0.428386 3.6666667
0.54247886 0.84782344 -0.41478005 3.6666667
0.63715237 0.84614784 -0.42323795 5.1666665
0.84848905 0.8497169 -0.41453898 3.2307692
1.0692806 0.82649684 -0.41254419 2
1.1490341 0.84932202 -0.40765476 1
1.2380502 0.87837648 -0.40386948 0.5
1.3701022 0.82153749 -0.40309677 1
1.4472644 0.86474741 -0.40211368 2
-1.2314248 0.9659996 -0.44249177 9
-1.1333895 0.92959619 -0.44182539 3.5
-1.0307711 0.9654994 -0.42736846 4.5
-0.98871487 0.93493927 -0.43756846 5
-0.80489463 0.99059707 -0.42960465 4
-0.7847771 0.94160873 -0.43397933 4
-0.61477846 0.94253212 -0.43134773 3.3333333
-0.54755855 0.9377991 -0.43027151 3
-0.45429298 0.94519889 -0.42223564 2.7142856
-0.21702847 0.95626807 -0.42044926 1.75
-0.11418384 0.97798866 -0.42504767 2
-0.092319198 0.92213964 -0.42508605 3
0.034334671 0.93561214 -0.43858209 2.5
0.13853577 0.95615268 -0.43535918 3
0.26173395 0.9509595 -0.45199329 3
0.30766362 0.96153975 -0.43687493 3
0.45446098 0.93663412 -0.43826056 4
0.53418243 0.91736031 -0.40864462 2
0.68014151 0.94115508 -0.42582265 7.8000002
0.7099179 0.97720683 -0.41281635 21.5
0.83795369 0.93764973 -0.4100042 5.4000001
0.93829799 0.95950103 -0.41340008 2.8888888
1.1716497 0.91819036 -0.40889314 1
1.2415317 0.94170791 -0.40428409 0.33333334
1.3234255 0.93454593 -0.40316403 1
-1.3169396 1.0153794 -0.43886703 4
-1.2634009 1.0119467 -0.41905266 4
-1.128719 1.0838822 -0.4221307 5
-1.0670213 1.026498 -0.4267711 4
-0.82931226 1.0503652 -0.42859322 4
-0.63619518 1.0358324 -0.42516977 3
-0.48140913 1.0577307 -0.41933995 3.5
-0.3210499 1.0783153 -0.41228604 2
-0.23569877 1.044313 -0.41869849 3
-0.14139731 1.0464889 -0.4211624 1.6666666
-0.0078980122 1.0529554 -0.41877025 2
0.027853567 1.0264107 -0.4430182 2
0.12288199 1.0621951 -0.43670353 2
0.25718626 1.0604707 -0.43724716 1.75
0.32503536 1.047763 -0.42529488 2
0.48436052 1.0420408 -0.44199729 4
0.56892747 1.0087627 -0.40337199 0
0.80211043 1.010641 -0.40318599 8
0.94096017 1.0438955 -0.40624321 3.75
1.035612 1.0536811 -0.41375154 1.75
1.3742038 1.0955731 -0.40651321 2
1.4385157 1.001796 -0.40039974 1
-1.1483264 1.1693531 -0.4283593 13.333333
-1.0886879 1.1054046 -0.43212864 4
-0.87364942 1.1536245 -0.42772228 3
-0.66307896 1.1486362 -0.42004287 5.3333335
-0.47963151 1.1418171 -0.41051453 2.5
-0.3203485 1.1443777 -0.41530699 2.25
-0.21025304 1.1612325 -0.41485488 2.5
-0.17116193 1.1378314 -0.41302422 2.6666667
-0.029319301 1.128901 -0.41669247 2
0.048673112 1.1450157 -0.43657383 1.8333334
0.15161042 1.1343395 -0.44368124 2.3333333
0.26649195 1.1364627 -0.43797886 2.3333333
0.33322152 1.1416831 -0.42021745 2.25
0.4442755 1.1850485 -0.41032687 0
0.51399171 1.1317519 -0.44096774 3.5
0.83971876 1.1455301 -0.40543088 5
1.0547978 1.1519852 -0.41620761 3.5
1.1479074 1.1450142 -0.40783572 0.33333334
-1.3284231 1.2838109 -0.43262273 22
-1.244005 1.2447623 -0.42543584 21
-1.1928712 1.2393082 -0.43479201 12
-0.92278367 1.2686471 -0.4252376 15
-0.72499502 1.2931331 -0.41987875 2
-0.69300258 1.2405307 -0.41820714 7.5
-0.50833935 1.2290089 -0.412855 3
-0.32629555 1.2252738 -0.40877095 2.5
-0.21582048 1.2437587 -0.41152251 2.3333333
-0.14747597 1.267513 -0.40457818 10
-0.06102398 1.2466171 -0.41559681 6.5
0.038536411 1.2402183 -0.43705466 1.3333334
0.14453295 1.2503641 -0.44738862 2
0.2111299 1.2471888 -0.41271615 8
0.32321683 1.2391193 -0.43513021 6.25
0.54878235 1.231251 -0.43934166 3
0.83799136 1.2382873 -0.41310525 4.5999999
1.134522 1.2584195 -0.41503257 2
1.2273256 1.2217541 -0.40455458 3
1.5360706 1.2276735 -0.40207317 4
1.6008251 1.2791141 -0.40029901 5
-1.2639015 1.3521951 -0.42686737 2.5
-1.1685815 1.3140824 -0.43507603 16
-0.96511 1.3665093 -0.42671388 14
-0.73529571 1.3842927 -0.42010397 7.5
-0.52497512 1.322883 -0.41414255 12
-0.31237245 1.3514119 -0.40701061 8.5
-0.24670692 1.3530684 -0.41434705 4.3333335
-0.15236112 1.3546673 -0.40385881 2
-0.038946126 1.35347 -0.43942443 8.333333
0.033819329 1.3414075 -0.43424541 4.8000002
0.16455925 1.3542337 -0.43502894 5.3333335
0.34160456 1.340778 -0.42597294 4
0.57978052 1.3194834 -0.43877864 3
0.60138106 1.3807147 -0.43717021 3
0.85679048 1.3195773 -0.4215647 5
1.2043968 1.3528011 -0.41440383 1
1.3749628 1.3650962 -0.40139034 2
1.6816666 1.3466729 -0.40231872 6
-0.99521238 1.4380111 -0.41413116 0
-0.76439136 1.4836168 -0.41585469 7.5
-0.52274442 1.4309146 -0.41588551 2
-0.16217993 1.4537696 -0.4065856 10
-0.055642381 1.4837703 -0.42950231 5
0.025647065 1.4726176 -0.42978603 4.5
0.16235784 1.4339304 -0.43493605 10
0.34478581 1.4555271 -0.43518597 2
0.62571424 1.4561025 -0.43918121 3
1.2536494 1.4120662 -0.41096923 5
1.3112824 1.4853796 -0.40908372 3
1.4394593 1.429882 -0.40287077 2
1.5008641 1.4855103 -0.40079936 2
-0.14447314 1.5435599 -0.4120028 8
-0.030429423 1.540431 -0.45571905 9.5
0.012938542 1.5627427 -0.42938131 8
0.15878873 1.5262309 -0.436313 4
0.37282959 1.5686038 -0.44357634 5.5
0.65239769 1.5406265 -0.44125485 3
1.3779454 1.5693922 -0.40880698 2
1.5716288 1.5535513 -0.4002437 2
-0.82021981 1.6051089 -0.41306421 9
-0.78435987 1.6229159 -0.42141783 8
-0.1854991 1.6870716 -0.41158786 0
-0.027900107 1.6425713 -0.44094586 8
0.011038056 1.6865959 -0.44649076 8
0.15903187 1.623854 -0.43579444 8.333333
0.37456778 1.6727501 -0.45277852 9
0.40208757 1.6481339 -0.4308084 8
0.68199492 1.612298 -0.43697369 13
1.4468819 1.6537462 -0.40569431 1
-0.84157693 1.7456613 -0.41230711 9.5
-0.041107733 1.7481738 -0.4397459 7.6666665
0.15076643 1.7448387 -0.45177743 8
0.39199495 1.7759343 -0.45291239 8
0.41889045 1.750949 -0.42859763 8
0.71582705 1.7092164 -0.43848851 12
-0.91279656 1.8989013 -0.4059898 2
-0.063111857 1.8434579 -0.42955178 7.5
0.00087085966 1.819206 -0.4482528 7
0.15534833 1.8634856 -0.45065913 7.5
0.43515784 1.8918495 -0.43214726 8
-1.2001103 1.95042 -0.40583396 11
-0.86550206 1.910292 -0.41102949 13
-0.020356141 1.938864 -0.45329699 7
0.13496028 1.9795099 -0.4631806 8
0.41100696 1.9002388 -0.4545992 8
-0.069446087 2.041414 -0.45930859 6.5
0.1767298 2.0463099 -0.44240445 6
0.44395462 2.0354085 -0.4432587 7.5
-0.10866242 2.1728978 -0.45840901 6
-0.018153632 2.1236482 -0.44912863 6
0.13875046 2.1340456 -0.46491539 6
0.45709363 2.1933887 -0.45763725 8
0.80621821 2.1835005 -0.40077719 1
1.8699963 2.1839397 -0.40131265 0
-0.056662612 2.2569206 -0.46218908 6
0.18109721 2.2112138 -0.44092995 6
0.47956383 2.2108092 -0.43179846 7
-0.12740135 2.372062 -0.46039724 5
-0.030462647 2.3122597 -0.45036882 4
0.14030379 2.3234944 -0.46965623 4
0.48724765 2.370429 -0.45837712 8
0.50840211 2.3969553 -0.42935142 6
-0.0714669 2.4653952 -0.46377397 5
0.18229081 2.4230072 -0.44309449 4
-0.043700688 2.5318947 -0.45030189 5
0.1472958 2.5183222 -0.46886927 5
0.51999539 2.5876756 -0.46149462 7
-0.15030366 2.6090236 -0.46248335 5
0.1875414 2.6642337 -0.44189817 5
0.54253566 2.6206903 -0.42711422 5
-0.077030204 2.7629128 -0.4599942 5
0.15395762 2.7522006 -0.46902621 5
0.57176334 2.8562787 -0.44320828 6
-0.18457824 2.9233501 -0.46896148 6
0.19480477 2.9337213 -0.43800709 4
-0.1148245 3.0407045 -0.47378135 6
0.16255048 3.0342891 -0.47022378 6
0.60955268 3.0867016 -0.45928454 6
-0.1874952 3.1437774 -0.4529444 23
-0.090443633 3.1601493 -0.45763028 6
2.0583537 3.1006167 -0.40665781 5
-0.15256745 3.2306824 -0.4108313 21
0.20481899 3.2566075 -0.43434972 1
0.63280839 3.2095561 -0.42063963 6
-0.13366753 3.3822248 -0.47247219 13
0.17026922 3.397465 -0.4747383 1
0.66901892 3.4427269 -0.46146655 5
2.2695627 3.4100058 -0.40198746 2
-0.10646143 3.5200007 -0.45029444 16
-0.12140306 3.626724 -0.44856369 27
0.694574 3.6243441 -0.41948292 2
-0.083391942 3.7381091 -0.4104172 10
0.20720115 3.7584469 -0.43965381 0
0.17821938 3.8808765 -0.48212504 0
2.5459445 3.8216147 -0.40039596 8
0.74763703 3.9177997 -0.46693563 6
0.77933604 4.2257719 -0.4214285 2
0.20996371 4.4378943 -0.44911104 0
0.84441972 4.4902759 -0.47082019 2
0.18844722 4.5087018 -0.49186331 1
0.90024942 5.0922475 -0.42695358 0
0.22382718 5.1694183 -0.4625712 37.5
0.97534966 5.258028 -0.47487599 1
0.27190933 5.8206711 -0.43050236 23
0.32671568 6.7510519 -0.43115523 36
-0.72457784 -5.5331945 -0.35128576 150
-0.5089798 -5.5524755 -0.33126765 138
-1.3406479 -5.410851 -0.35902035 150
-0.40017819 -5.2779961 -0.37519127 19
-0.30446172 -4.8333902 -0.38623205 116
-0.27381203 -4.8325491 -0.37491572 123
-0.064222753 -4.870194 -0.35657254 125.33334
0.078813285 -4.8868642 -0.36643079 111
-2.3955967 -4.3800244 -0.3332853 104
0.15944277 -3.3580272 -0.384417 13
-1.8836142 -3.1166604 -0.37405714 17
-1.3573549 -3.1269579 -0.34231052 32
-1.9170059 -3.0820589 -0.35018179 22.666666
0.13011594 -2.3866184 -0.33611706 1
1.4716221 -1.7547289 -0.32738754 81.666664
1.5641952 -1.743818 -0.36503032 92
1.5649576 -1.6581383 -0.35550928 41.5
2.6771703 -1.6476203 -0.3518202 4
2.8079345 -1.6980654 -0.34149876 2
1.3814242 -1.501502 -0.38895521 15
1.4584786 -1.5879232 -0.38754371 17
1.5925827 -1.5371293 -0.32401165 53
1.6208258 -1.5340685 -0.36373135 50
1.7371247 -1.5323052 -0.36171666 38
1.8295076 -1.5688893 -0.33560115 53.400002
1.9803678 -1.5062444 -0.32718495 21.5
2.0433159 -1.5089552 -0.39176717 3
2.2569742 -1.5600554 -0.32179251 4
2.5055678 -1.5586452 -0.35276547 4
1.3157549 -1.427994 -0.39199007 13
1.6338329 -1.4618776 -0.37780657 17
1.8582993 -1.4705701 -0.38955963 18
1.9614408 -1.4607849 -0.35501665 38.5
2.0424221 -1.4776635 -0.32921878 27
2.1001725 -1.4888577 -0.31255487 28
2.2461197 -1.4297308 -0.35912964 9
2.3751948 -1.4962099 -0.3566564 8
-1.1040097 -1.3755177 -0.39290652 2
-1.0742162 -1.3467602 -0.34527078 1
1.2318656 -1.3346218 -0.39716458 9
1.4735986 -1.3172646 -0.38028008 14
1.5463579 -1.3823686 -0.37818676 11
1.7462857 -1.3618045 -0.39326778 10.5
1.8004084 -1.3900622 -0.38353038 16
2.0335691 -1.3208226 -0.36557984 12
2.1243548 -1.3636421 -0.36022303 10
-1.0483465 -1.2515178 -0.32595974 1
1.0782768 -1.2131338 -0.32905653 4
1.1176744 -1.2421594 -0.35074836 3.5
1.3531917 -1.2140393 -0.38781542 3
1.4127058 -1.2666744 -0.38545623 16
1.5434284 -1.2147722 -0.39241087 8
1.6424578 -1.2833449 -0.38829547 17
1.8633051 -1.2327989 -0.37221816 14
1.9404747 -1.2711003 -0.36732227 12
2.9676952 -1.2361519 -0.32893175 3.4000001
3.9006617 -1.2193829 -0.32157174 9
4.059164 -1.2182518 -0.31853333 9
4.1947351 -1.203721 -0.31221133 10
-1.0315363 -1.176334 -0.31468311 3
0.29014117 -1.1607966 -0.35349274 8.5
0.96349621 -1.1221358 -0.35520861 4.5
1.0375357 -1.168678 -0.33718553 5
1.2719033 -1.1371841 -0.38930041 3
1.4261369 -1.1304634 -0.39652005 9
1.6436956 -1.1105028 -0.37927368 15
1.7495893 -1.1712897 -0.37603438 14.5
1.877861 -1.1036739 -0.38268039 10
1.9477719 -1.130277 -0.37973022 8
2.0269606 -1.1616901 -0.37766427 7
2.1161461 -1.1979018 -0.37578732 4
2.4881768 -1.171221 -0.37264255 2
2.7243729 -1.1750766 -0.37204939 3
2.8690667 -1.1518991 -0.36005539 2
2.9771931 -1.1583536 -0.35680225 4.5
3.0483341 -1.1677185 -0.3378832 3.6666667
3.1568878 -1.1257392 -0.31579986 3
3.2595108 -1.1230865 -0.30970645 5
3.6228912 -1.1696267 -0.31315711 7
4.3651094 -1.1962736 -0.30862683 10
4.5253563 -1.1800796 -0.30482545 9
-1.0448662 -1.0696462 -0.33899406 1.3333334
0.31155559 -1.0607182 -0.36568594 10
0.47187114 -1.0626057 -0.36826798 5
0.88030291 -1.0443 -0.36090121 5
0.91342717 -1.0809826 -0.39767456 4.5
1.1420381 -1.0177554 -0.39761811 4
1.2016969 -1.0728861 -0.3931438 3
1.4774426 -1.0163147 -0.38735634 3
1.5617049 -1.0663611 -0.38511914 8.5
1.6908365 -1.0264064 -0.3905077 3
1.7458135 -1.0483158 -0.38657928 13
1.8520169 -1.0420946 -0.37824476 9.5
1.9885377 -1.0513643 -0.37617466 5
2.0469522 -1.0340744 -0.37196726 1.5
2.1357589 -1.0622344 -0.37557083 1.5
2.3519149 -1.0185143 -0.37533239 6
2.411289 -1.0887761 -0.37241739 3
2.5555496 -1.0063379 -0.37481219 5
2.6409826 -1.0901556 -0.37569946 4
2.7790816 -1.0539336 -0.36671767 6
2.8912437 -1.0560658 -0.36700279 6
0.3311305 -0.94697684 -0.37546095 6
0.75500929 -0.94616693 -0.33943635 6.909091
0.84517169 -0.9706015 -0.39924487 4.5
1.2948967 -0.90069604 -0.39363611 3
1.3586808 -0.94246405 -0.39208055 3
1.4460421 -0.93577355 -0.39368668 3
1.5518842 -0.96118295 -0.39389157 3
1.6534436 -0.93707395 -0.38785195 10.75
1.7632341 -0.94642192 -0.38321459 6.5
1.8560505 -0.95692515 -0.38303748 7.3333335
1.9520748 -0.98092401 -0.37916428 3
2.0724108 -0.9359268 -0.38772017 6.5
2.3023679 -0.95779747 -0.37939939 9
2.4851565 -0.9346171 -0.37604618 7
2.6373527 -0.91415465 -0.37009376 10
2.7201707 -0.94575596 -0.36944026 9
2.8075552 -0.97974735 -0.36785829 8
-1.015286 -0.88757467 -0.35684744 0
-0.99591953 -0.88000131 -0.31094363 0
0.48534036 -0.8376683 -0.34418285 11.5
0.58789867 -0.80097562 -0.36503878 6
0.64810801 -0.85106736 -0.34999451 6.75
0.70401382 -0.88645768 -0.35453266 7
0.98531455 -0.85451341 -0.39796028 4
1.0149552 -0.88732845 -0.39857286 4
1.1518601 -0.80068392 -0.39852312 4
1.258648 -0.87794864 -0.39716199 4
1.3758205 -0.83874893 -0.39719459 3.75
1.4590693 -0.83406323 -0.39247724 3
1.547828 -0.86285323 -0.39070836 3
1.6498007 -0.87332541 -0.39368305 4.6666665
1.8181324 -0.84084499 -0.39157993 9.5
2.0015376 -0.8425191 -0.38834956 10
2.2296357 -0.86965495 -0.3815136 10.5
2.3788478 -0.81308055 -0.38065678 11
2.4268386 -0.87016386 -0.37845808 10
2.5573137 -0.82823443 -0.37404311 10
2.6685822 -0.84652483 -0.37111849 12
-0.98426265 -0.70828164 -0.30681923 0
0.38044679 -0.76750314 -0.39069182 13
0.4416486 -0.78630507 -0.35209742 17.5
0.56772989 -0.79447418 -0.38771701 6.5
0.90750587 -0.76960462 -0.39989418 5
1.0907905 -0.75482148 -0.39868411 4
1.154032 -0.73939443 -0.39635476 3.5
1.2512155 -0.72914231 -0.39772806 4
1.3563566 -0.77985877 -0.39889315 3.6666667
1.4477993 -0.77061933 -0.39818609 2.6666667
1.5905949 -0.75839388 -0.39394301 7
1.7654384 -0.75100553 -0.39529508 8
1.940848 -0.76045018 -0.38896742 12
2.1416848 -0.76428556 -0.38271978 11.5
2.2801089 -0.70306742 -0.38092366 12
2.3282692 -0.75715363 -0.38188165 11
2.4884305 -0.74974376 -0.37736818 9
2.5617464 -0.73450089 -0.37422863 11
2.6142015 -0.78956866 -0.37310058 12
0.84211302 -0.69320351 -0.39993903 5
0.95595467 -0.64238048 -0.39862275 5.5
1.2171566 -0.69798326 -0.39867225 4
1.5358109 -0.65195519 -0.39676765 3
1.6887739 -0.62667358 -0.39559197 10
1.7277933 -0.68755352 -0.39702329 2
1.8642555 -0.6454103 -0.39277998 10
2.0583165 -0.65449023 -0.38608932 11
2.2234783 -0.63300556 -0.38297305 12.5
2.3807647 -0.63072741 -0.37910974 11
2.4510121 -0.66612655 -0.37550855 10
2.5058513 -0.68061763 -0.37257236 11
-1.0661571 -0.52882707 -0.30375409 4.5
0.97824609 -0.56823689 -0.39842305 5
1.5000194 -0.57586151 -0.39954627 4
1.6396976 -0.5402059 -0.39530715 3.3333333
1.7817755 -0.52273202 -0.39140823 3
1.8067578 -0.56112164 -0.39186099 14
1.9600046 -0.52013808 -0.38581407 7
2.0001903 -0.57580668 -0.38600901 12
2.1578703 -0.54798174 -0.38442978 12
2.3342073 -0.53641361 -0.38025466 10
2.4188571 -0.57148522 -0.37753737 10
1.592572 -0.43814343 -0.39852327 3.5
1.6102281 -0.47941697 -0.39732718 4
1.7445922 -0.45473227 -0.39289066 3.3333333
1.8940027 -0.41064328 -0.38758183 13
1.9261589 -0.45817327 -0.3891302 7.5
2.0812209 -0.43661749 -0.38598582 12
2.1102819 -0.48835629 -0.38307819 10
2.2629516 -0.44517818 -0.3822335 9.25
2.3295178 -0.45497119 -0.37956607 10
-0.30430838 -0.31874806 -0.36095819 2
-0.11829641 -0.34223306 -0.38498667 2
0.55386478 -0.33342975 -0.39339444 2
1.2945892 -0.32526168 -0.39922798 6
1.5731751 -0.39706123 -0.3983615 3
1.684937 -0.33452842 -0.39422536 3
1.7101567 -0.39124611 -0.39248207 3
1.8584658 -0.34201247 -0.38849416 8
2.0294094 -0.35380349 -0.3854996 12.333333
2.1735678 -0.33177301 -0.38419852 11
2.2497706 -0.35236618 -0.38342294 10.25
-0.094419293 -0.25513783 -0.37432197 4
0.20386499 -0.2252236 -0.34118786 3
0.58523822 -0.27250975 -0.35438171 2
1.2809615 -0.28276116 -0.39910018 6
1.3629384 -0.23730077 -0.39730754 5.3333335
1.6493478 -0.24236996 -0.39497176 2.25
1.8191344 -0.24280155 -0.39128292 1.75
1.9855825 -0.23957057 -0.3902967 8.333333
2.0161657 -0.2977396 -0.39253241 2
2.1481564 -0.23951373 -0.38365608 9
2.2180762 -0.2609404 -0.38187921 8.5
-0.18848217 -0.13725567 -0.39518097 4
-0.028508058 -0.17310625 -0.3505486 3
0.0081442725 -0.17398275 -0.36547157 3.5
0.20136434 -0.15720506 -0.3442336 2
0.39676443 -0.10461785 -0.36324957 1
0.9697637 -0.17007978 -0.3995395 5
1.2516661 -0.13575289 -0.39889938 5
1.3422039 -0.14728464 -0.39730567 6
1.4819472 -0.12485312 -0.39863974 3
1.6247878 -0.14714599 -0.39667845 2.75
1.7867161 -0.14020067 -0.39121696 1.6666666
1.8024406 -0.18480995 -0.39301997 1
1.9541301 -0.14668547 -0.38939214 5.25
2.0968127 -0.11830372 -0.38569239 7
2.1512582 -0.15814576 -0.38398495 8.4285717
-0.14355965 -0.031512015 -0.3945547 4
0.19731158 -0.053791955 -0.39926848 4
0.37960145 -0.034245536 -0.37971687 2.6666667
0.43753535 -0.052102532 -0.36162949 1.5714285
1.2372366 -0.0032140031 -0.39871272 5
1.3278561 -0.053818028 -0.39612213 5.8000002
1.4685432 -0.053428072 -0.39639661 4
1.6112 -0.047231991 -0.39708766 2.8
1.7724556 -0.055622093 -0.39091229 1.8
1.9391495 -0.04702995 -0.3887639 5.5
2.0869439 -0.058552533 -0.38478652 8.25
2.1733077 -0.046903856 -0.38329053 8.25
-0.23117962 0.072333939 -0.39370024 4
-0.16042812 0.046802938 -0.39402387 4
0.9757725 0.055315223 -0.39746934 5
1.0764246 0.082391381 -0.39765513 6.5
1.236243 0.012738675 -0.39770874 5
1.3268317 0.048823703 -0.39698675 5.1666665
1.4628073 0.056188606 -0.39503485 4
1.6120591 0.049240436 -0.39711687 2
1.7758725 0.046644162 -0.39238232 2
1.9439076 0.048838586 -0.38843 4.5
2.0902953 0.035881098 -0.38463208 9
2.1678841 0.06180672 -0.38364905 8.3999996
-0.42771685 0.17272563 -0.39159691 4
-0.3542729 0.16236861 -0.39216146 6
-0.25087252 0.16592804 -0.38098368 2.3333333
0.96520942 0.11479542 -0.39880037 5
1.131238 0.15952531 -0.39880607 4
1.2450237 0.15752019 -0.3994121 5
1.3359911 0.14245887 -0.39716578 5.5
1.4845424 0.173713 -0.39985779 3
1.6251078 0.14432213 -0.39523798 2.2
1.7854748 0.12767412 -0.39126262 2
1.8014135 0.18040341 -0.39248881 2
1.9748931 0.14556447 -0.39050201 5.5
2.1249008 0.15416877 -0.38533127 8
2.2204075 0.15534684 -0.38324544 8
-0.90533668 0.29049265 -0.38036716 0
-0.35400373 0.20722257 -0.32551312 2
-0.21389249 0.2321673 -0.38205746 2
-0.15864751 0.28293645 -0.3774249 2
0.46473426 0.29331604 -0.39226314 2
0.65358394 0.24192944 -0.3999531 1
0.88478643 0.24354927 -0.3979663 5.3333335
0.98063147 0.20810229 -0.39647314 7
1.141804 0.24810693 -0.39706099 4.5
1.2582713 0.25679573 -0.39818811 5
1.3578606 0.25129169 -0.39641196 5
1.5049063 0.27001387 -0.39797759 2.5
1.6541579 0.24551274 -0.39388698 2
1.8192785 0.24470946 -0.39005229 1.5
2.0233874 0.24813387 -0.39119482 5
2.1738951 0.25419247 -0.38579836 7.75
2.2716072 0.24969907 -0.38345537 8
0.23809636 0.33843467 -0.31832215 2
0.46827638 0.3082898 -0.36814427 3.3333333
0.85299522 0.34988138 -0.39838558 6.75
0.97691476 0.35016537 -0.39629543 6.5
1.1609381 0.35429612 -0.39555559 5
1.2792133 0.3551937 -0.39793587 5.5999999
1.3907725 0.38026193 -0.3901737 3
1.5306122 0.35334006 -0.39699799 2.2
1.6870979 0.32963011 -0.39139166 1.6666666
1.7118682 0.38099715 -0.39032251 1
1.866833 0.3497774 -0.38942605 5.8000002
2.0717492 0.34354696 -0.38724962 8
2.2449338 0.3369711 -0.38234621 8
2.3439386 0.36466324 -0.37915531 8.333333
1.1842549 0.45279235 -0.3930788 6
1.2893406 0.41491091 -0.39384452 6
1.3039105 0.45093811 -0.39670938 6
1.429625 0.44928777 -0.39787835 3
1.5671902 0.45649493 -0.39366066 2.75
1.7548578 0.45217007 -0.39029652 2
1.9307562 0.45575461 -0.39091277 3.3333333
2.1515393 0.45097876 -0.3861531 8.5
2.2792449 0.42031169 -0.3824265 9
2.3451791 0.46325389 -0.37872919 7.6666665
2.4425325 0.47876501 -0.37754959 7.5
0.92522866 0.52421373 -0.39429662 2.3333333
1.0241165 0.576882 -0.39757055 5.5
1.1419997 0.59489757 -0.39288399 6
1.2113962 0.54255581 -0.39348483 6
1.3343143 0.54949337 -0.39628434 3
1.4732879 0.54729217 -0.39649725 3
1.5910171 0.5179382 -0.39043534 2
1.6128042 0.56082165 -0.39081413 2.5
1.7988302 0.52692747 -0.38696611 11
1.8418266 0.58132011 -0.38985121 5
1.9852195 0.54315281 -0.38908386 6
2.2424905 0.55644196 -0.38580284 9
2.3626246 0.52981448 -0.37793496 9
2.4477115 0.55001056 -0.37799135 8.5
2.5212464 0.56779099 -0.37250659 8
-1.2335923 0.69432616 -0.38595119 5
1.0258161 0.64367551 -0.39660501 6
1.2470995 0.64750898 -0.3931959 6.75
1.4966952 0.60540777 -0.39165524 3
1.5241518 0.65795165 -0.3922624 2
1.6514883 0.63833761 -0.39047006 2
1.88343 0.63763559 -0.39002627 1
1.9049695 0.67311496 -0.38682702 8
2.0516365 0.64053196 -0.38660252 7.3333335
2.2882864 0.61184317 -0.38251859 9
2.3479457 0.67408395 -0.38144273 7
2.4517717 0.62241781 -0.37775099 8.5
2.529664 0.64243942 -0.37239009 7.5
2.6260977 0.66929859 -0.36934492 7
4.0786352 0.67444116 -0.30326781 43
-1.2219959 0.75473809 -0.35154939 8.8235292
-1.1992035 0.7964955 -0.34454671 0
-0.31206435 0.78747547 -0.38042626 4
-0.29617241 0.79215622 -0.39599344 3
1.0531913 0.74407887 -0.39876518 4.3333335
1.1836468 0.75919557 -0.397668 3
1.2883822 0.75623536 -0.39600557 3
1.3977751 0.71972996 -0.39810789 4
1.4142346 0.7702893 -0.39534599 3
1.5674447 0.73416507 -0.39254588 2
1.6433947 0.74961197 -0.38983715 2
1.7207012 0.76249135 -0.39008951 6.5
1.9546511 0.73647523 -0.38637698 7.5
2.0410128 0.77300477 -0.37887141 1.5
2.1344619 0.76163828 -0.38225433 6.5
2.4364445 0.76413798 -0.37843663 7
2.5596886 0.7414946 -0.37094241 8
2.735533 0.76405764 -0.36806142 5
3.5782325 0.79388595 -0.33531836 6
3.7073486 0.7831893 -0.33186036 7
3.8281405 0.76626658 -0.3282997 7
3.9672816 0.7508229 -0.32503426 9
4.069313 0.722381 -0.31910658 25
-1.2069449 0.83883864 -0.38499361 9
-1.1606839 0.87860024 -0.35011011 30
-0.33499819 0.83805501 -0.37201744 0.55555558
1.199742 0.83167076 -0.39529306 0
1.3210481 0.85211486 -0.39044547 1.3333334
1.4425983 0.84739941 -0.39297342 2.5
1.5045506 0.89362633 -0.39766747 2
1.6415545 0.8490234 -0.3903304 5
1.7686834 0.84494638 -0.3894102 5.5
2.0289454 0.82969266 -0.38521338 8
2.2234049 0.83066875 -0.37879467 6.25
2.3452125 0.80798161 -0.37168992 6.5
2.4487293 0.81568718 -0.36876419 7
2.552249 0.84455144 -0.37051314 7
2.6575379 0.81940335 -0.36593211 7
2.7324188 0.847642 -0.36484075 6
2.860863 0.85772204 -0.36287197 6
2.9404547 0.8284986 -0.35349971 7
3.0353615 0.82696724 -0.35083723 5
3.148567 0.82793224 -0.34987786 5
3.2415483 0.82032686 -0.34509659 6
3.3486412 0.81310457 -0.34196106 6
3.467711 0.80720341 -0.33972344 6
-1.2434587 0.96580529 -0.33797893 2.5
-0.42395052 0.93205863 -0.37109369 0
-0.33134964 0.91088313 -0.34116295 0.33333334
0.48882073 0.98667043 -0.39165053 1
0.74617797 0.98122311 -0.36773518 22.125
0.82652432 0.96608299 -0.36486623 7.4285712
1.0490803 0.98593223 -0.39508706 0
1.3748496 0.96242744 -0.39959359 1
1.4624192 0.90720159 -0.38891035 2
1.5501887 0.91733772 -0.39622632 2
1.6508993 0.95506716 -0.3949151 1.3333334
1.7100593 0.99309838 -0.38873672 7
1.8230379 0.93665719 -0.38773572 4
2.0929885 0.90822792 -0.38366863 8
2.1319337 0.95888805 -0.37970591 7
2.2785556 0.93261003 -0.37761366 6
2.3386343 0.96715689 -0.37331733 3.3333333
2.4190402 0.96920639 -0.36854076 3
2.5235441 0.96541375 -0.36941898 5
2.6265559 0.96717966 -0.36958629 6
2.7373083 0.95750785 -0.36677349 5.5
2.8269703 0.97979343 -0.36805692 5
2.983608 0.96423852 -0.36543417 4
-1.325029 1.0724807 -0.31785074 5
-1.0170507 1.0191704 -0.30547479 1
-0.45115912 1.0382936 -0.36663225 3
0.55027914 1.030668 -0.38967171 1
0.60240388 1.0859275 -0.39200097 1
0.78921205 1.0658917 -0.38765693 8
0.8737666 1.0264981 -0.33776385 3.5
0.92528188 1.0513444 -0.37092066 3.5
1.0612793 1.0697534 -0.3967602 2.5
1.4734033 1.0180504 -0.39521316 1
1.5334711 1.0444483 -0.39370546 1.6666666
1.6163421 1.0983183 -0.3914102 8
1.7612438 1.0405058 -0.38876086 2.5
1.8641976 1.0496308 -0.38640758 4
1.9007683 1.0668113 -0.38358924 4
2.1929781 1.0260149 -0.38048691 6
2.248431 1.0907798 -0.37841415 6
2.3691645 1.0407672 -0.37348711 6
2.4934561 1.0065837 -0.36478627 3
2.5786996 1.0202273 -0.36256784 5
2.6646934 1.0328865 -0.3596606 6
2.73735 1.033825 -0.36480492 6
2.8381095 1.0483091 -0.36206093 5.25
2.9368048 1.0421803 -0.35195756 6
3.0552642 1.0463612 -0.35309204 5.3333335
3.1585329 1.0745391 -0.34837461 5.3333335
3.2824197 1.0929378 -0.33762008 6
3.3206599 1.0640222 -0.34332827 6
3.4316182 1.0862901 -0.33551359 6
3.6133132 1.0840937 -0.33254978 6
3.7843704 1.0956469 -0.32685769 6
-0.33354747 1.1183431 -0.34539509 2
0.52909303 1.1993412 -0.39967382 1
0.7966764 1.1002704 -0.30317843 6
0.83609468 1.129028 -0.37587181 4
1.0734162 1.1585606 -0.39616895 4
1.1594549 1.1408193 -0.39482877 9
1.2923515 1.1925182 -0.39433116 4
1.6888098 1.1460488 -0.39726207 2
1.7624078 1.1473706 -0.3845537 6.6666665
1.9529171 1.1539192 -0.37918997 1.5
2.3132524 1.1631758 -0.3762024 4
2.4596593 1.13943 -0.37295276 3.5
2.8896346 1.1725122 -0.36878657 4
2.981602 1.1117761 -0.36561495 5
3.0757668 1.1896378 -0.36507836 5
3.2572269 1.178893 -0.35774362 5
3.5424628 1.108958 -0.33047944 7
3.681051 1.1152208 -0.32564592 7
3.8169928 1.1163837 -0.31938571 7
3.987232 1.1177945 -0.3197813 7.5
4.1412354 1.1140342 -0.31137055 20
0.53336269 1.2654099 -0.39695784 3
0.83379173 1.270927 -0.38490939 6.5
1.0651445 1.2261746 -0.36741412 8
1.1789176 1.2115757 -0.39657879 3
1.2002354 1.2925093 -0.39932019 3
1.3167491 1.2722902 -0.39675486 1
1.8505638 1.2189348 -0.38531595 6
1.9516151 1.2683262 -0.3813709 3
2.3642416 1.2296679 -0.36954427 3
2.5639164 1.2507265 -0.37230125 3
2.9902871 1.257811 -0.36630526 5
3.1594651 1.2639604 -0.36068061 4
3.3690369 1.2642897 -0.35445952 5
1.0936216 1.3000833 -0.39641023 3
1.1635553 1.36698 -0.30020353 7
1.2140073 1.3588148 -0.39283907 16
1.3285223 1.3336117 -0.39000443 13
2.058373 1.3169317 -0.37610799 1
2.4556503 1.3258421 -0.370906 3
2.6131451 1.3149714 -0.36539522 2
3.0964248 1.3494623 -0.36222696 5
3.2653015 1.3514245 -0.357779 4
3.5038743 1.3619945 -0.35230276 4
-0.53001648 1.4675859 -0.35015151 12.333333
-0.10887029 1.459789 -0.39943567 10
1.2231843 1.4398214 -0.37309724 4.5
1.3586333 1.4305714 -0.39382225 14
1.7591176 1.4061983 -0.39933941 7
1.8373283 1.4637238 -0.39425439 6
2.55426 1.4295139 -0.36983135 0
3.2198014 1.4521837 -0.35869619 4
3.3875856 1.4497366 -0.35577258 3
3.6337767 1.4614311 -0.34688812 4
-0.18266375 1.5804811 -0.39733517 10
-0.097697847 1.5770522 -0.39656115 10
1.3813603 1.5166675 -0.39090237 12
1.6019087 1.5243615 -0.38183331 8
1.7334907 1.5208443 -0.38627848 2
1.9372617 1.5404065 -0.39305651 6
3.360039 1.5664449 -0.35485372 1
3.5162718 1.5553814 -0.35170802 0
3.7874999 1.5752238 -0.34218463 1
-0.087488614 1.6007048 -0.39513513 9
0.15455715 1.6828912 -0.39773664 2
1.407179 1.6154358 -0.38788953 12
1.6452215 1.6237791 -0.38755953 6.5
1.7539301 1.6598785 -0.39013064 5
2.0393863 1.6160971 -0.38836193 7
3.6757221 1.6806127 -0.34937564 0
-0.17442918 1.7267458 -0.3959668 9
-0.077844322 1.7292744 -0.39239189 8.5
1.4339546 1.7466526 -0.37219229 19.5
1.6939493 1.7418865 -0.37292191 8
1.81598 1.7445326 -0.38412043 7
2.1623633 1.7097765 -0.38593525 7
3.5324249 1.7041289 -0.35197878 1
4.0080113 1.7258067 -0.34303978 0
-0.16673414 1.8754539 -0.38861606 9
-0.068881042 1.8577067 -0.3848722 8
1.7565875 1.8829871 -0.36908475 12
1.8789011 1.8539665 -0.37477636 10
1.9118972 1.8534606 -0.38835734 6
2.3031166 1.8147936 -0.38256371 5
3.712455 1.8031377 -0.33385742 1
-0.054522224 1.9046917 -0.3865211 7
2.0258319 1.9553661 -0.38624093 9
2.4454052 1.9138113 -0.37498322 5
4.0415974 1.928292 -0.32903171 3
4.2876711 1.9970633 -0.31241044 22
4.3276768 1.9555891 -0.33285215 7
-0.15707485 2.062295 -0.38332781 8.5
-0.043278642 2.0626812 -0.37856939 6
1.834064 2.0522728 -0.36848089 11
1.9620404 2.0229552 -0.37733662 9
2.1501868 2.0627072 -0.38214654 9
2.6437941 2.0622525 -0.37396142 4
3.9486196 2.0974939 -0.31734487 0
2.0374 2.1896205 -0.37254789 7
2.2962768 2.1909943 -0.37973249 6
2.4615667 2.1314242 -0.36196747 0
-0.14564945 2.2766199 -0.37413403 6
-0.027872572 2.2626684 -0.37217319 6
1.9101062 2.2254784 -0.36069864 8
2.683574 2.2287366 -0.36160898 1
2.842376 2.2016785 -0.36588287 0
4.3075042 2.2497687 -0.31591403 10
-0.0081749205 2.3280809 -0.37366045 4
0.80698729 2.3923969 -0.3997508 12
2.0260444 2.3757486 -0.39962965 3
2.4455194 2.3133862 -0.37314507 6
2.6134703 2.3506866 -0.35889381 4
2.0149815 2.4549966 -0.35756963 7
2.1366906 2.4001567 -0.36992592 8
2.6375349 2.4776402 -0.36920065 7
2.8374817 2.4460237 -0.35836944 4
-0.1306283 2.5535736 -0.36664301 4.5
0.00044619147 2.5373409 -0.3645891 4
2.1899557 2.5685909 -0.39313146 5
2.7679944 2.5801792 -0.34879231 5
0.023230379 2.617029 -0.36531758 4
0.80728495 2.6383784 -0.39750525 8
2.2497368 2.6411757 -0.36570087 6
2.8401232 2.6443229 -0.36187646 7
3.0062566 2.6895297 -0.35293692 5
2.1379576 2.7249916 -0.352456 7
-0.088788442 2.8695366 -0.35852242 5
0.034146674 2.8661249 -0.35210514 5
2.3974199 2.81566 -0.38734776 6
2.9773664 2.8827138 -0.34195763 6
3.0756271 2.8364143 -0.35356292 1
-0.13551527 2.9427137 -0.35401678 6
0.060601167 2.9611311 -0.35093942 4
0.80691773 2.9234569 -0.39180121 6
2.3752701 2.9126151 -0.35715556 7
3.2263234 2.9985709 -0.34745196 6
2.3085127 3.0888145 -0.35090894 14
2.6485202 3.1109533 -0.37945527 5
3.395417 3.1091642 -0.34911144 0
0.078396007 3.2961633 -0.33692205 4
0.80711931 3.2828746 -0.38727364 5
2.5477514 3.2737522 -0.35111904 7
3.2295263 3.2474296 -0.33218017 2
-0.11710677 3.3203619 -0.34909546 14
-0.060832001 3.3006067 -0.34490857 4
3.4755502 3.3537905 -0.3371515 4
0.11158845 3.4226539 -0.33431986 1
2.4737892 3.4562807 -0.33626011 8
3.0126181 3.5538411 -0.3769477 2
-0.11441254 3.6026614 -0.34249929 31
0.75366545 3.679951 -0.39631945 6
3.5319088 3.68489 -0.31569806 2
0.81085956 3.7931886 -0.38830698 6
2.771122 3.7417171 -0.34535992 8
-0.026339749 3.8438933 -0.321614 8
3.8285193 3.8433039 -0.33029643 3
-0.053294748 3.9379392 -0.3691321 8
0.14150211 3.9076712 -0.3197096 2
2.7054868 3.961123 -0.32054442 9
3.4212697 4.0319448 -0.36457705 1
0.18772067 4.1059923 -0.31954131 0
2.8633988 4.2802138 -0.39163482 5
0.73640937 4.3078313 -0.3939347 1
3.0564623 4.3368669 -0.33423606 9
3.9982593 4.3454604 -0.30365452 0
0.81328827 4.4369125 -0.38351563 1
4.2585845 4.4469571 -0.31554484 3
-0.085191287 4.6169357 -0.35971451 79
3.0368614 4.6766896 -0.3062802 4
3.9839377 4.6898432 -0.34837633 0
0.24728157 4.9102745 -0.3048169 1
3.2946901 4.9054136 -0.38313758 7
0.71241808 5.1936727 -0.39247391 0
3.4563184 5.1671128 -0.32164153 12
0.81886971 5.3790774 -0.3807745 0
4.8882833 5.3188372 -0.30032289 1
3.8111219 5.6347542 -0.36387992 26
0.76592195 5.8066659 -0.35828808 0
1.7461144 5.844131 -0.33963284 3
5.0924416 5.836278 -0.32971305 8
5.0157285 5.9371972 -0.34552538 33
3.4303429 6.1871333 -0.30052954 82
0.67506433 6.6286926 -0.39699483 2
0.82054156 6.679307 -0.3644357 9
1.1982461 6.6133275 -0.34577909 7
0.33585683 6.7689648 -0.35758498 35
0.43708083 6.7514577 -0.32915562 43
-0.85045493 -5.518208 -0.25975567 150.5
-0.72563547 -5.5403619 -0.23365326 150
-0.61139262 -5.5583429 -0.26677009 150
-1.3470128 -5.4125919 -0.24263297 150
0.3005603 -4.9333744 -0.24817607 116
-0.31095144 -4.837852 -0.26676071 132
-0.28332946 -4.8362808 -0.26733348 136
-0.10156865 -4.8686705 -0.25959158 127
-0.092201047 -4.8708963 -0.26766157 129
0.01072528 -4.8877435 -0.22756809 117
-2.409312 -4.3901529 -0.24619639 119
-2.388941 -4.0217071 -0.28140086 38
-1.2121783 -3.5360889 -0.25870094 33
-1.1936798 -3.5505273 -0.25586432 7
-1.2484112 -3.4684238 -0.21037109 36.5
0.1914587 -3.3787284 -0.21353918 16
-1.921544 -3.1153405 -0.26089612 8
-1.8919388 -3.13168 -0.28798011 94
-1.3576921 -3.1078539 -0.24957176 41.333332
-1.918882 -3.0518007 -0.2410275 150
-1.3412772 -3.0952287 -0.20742354 40
0.0224756 -3.0724368 -0.24298659 25.5
-1.8802124 -2.8635094 -0.28703341 5
-1.8699657 -2.7361813 -0.24667656 5
-1.8460871 -2.5947464 -0.20782858 3
0.10953647 -2.4033895 -0.25753328 8
5.9545493 -2.0867004 -0.28338221 22
6.0021749 -2.0037572 -0.25621811 64
6.0383878 -1.9160407 -0.2288405 98
2.941328 -1.8626039 -0.20469004 8
6.0482078 -1.818841 -0.20309964 114
1.4564128 -1.7588277 -0.25322685 77
1.5574492 -1.7688284 -0.26427433 94.666664
2.6262145 -1.7327626 -0.28875586 7
1.5651171 -1.6322142 -0.2230435 55
2.4958532 -1.6042516 -0.23122764 4
2.5197544 -1.6865507 -0.23330888 16
1.5818994 -1.5661232 -0.27304628 61
1.6619577 -1.5564632 -0.22767287 53
1.7643516 -1.5960774 -0.25167274 50
1.8690635 -1.5327879 -0.28138176 78
1.9346088 -1.5136992 -0.23551917 40.666668
2.1656649 -1.5484856 -0.24908125 22.333334
2.2247505 -1.5414768 -0.28058386 14
2.3475785 -1.552871 -0.25401276 10.5
4.736546 -1.5199959 -0.29043993 10
4.9011607 -1.5049604 -0.27819991 5
5.1685052 -1.5207539 -0.27207735 4
5.4091573 -1.5183626 -0.26328427 4
5.7031045 -1.5243251 -0.25612456 4
6.0645499 -1.541194 -0.25226089 6
6.397162 -1.5389462 -0.24497887 24
1.8735026 -1.4906999 -0.25154674 59
1.9149355 -1.491105 -0.22956398 48
6.4672351 -1.460766 -0.22726658 54
6.4851837 -1.3671761 -0.20931208 84
-1.0398799 -1.2026571 -0.27968577 1
1.154592 -1.276265 -0.25996912 10
2.9508398 -1.2850105 -0.26350191 0
3.0334337 -1.255904 -0.24000075 37
3.1016707 -1.2160774 -0.21621037 13
3.2193532 -1.2207295 -0.20688358 6
3.3981049 -1.2273053 -0.26745093 5
3.5718122 -1.2487768 -0.26330328 8
-1.0105032 -1.1196276 -0.24687824 3
0.97396034 -1.1273798 -0.20972203 5.6666665
1.0241611 -1.1739546 -0.25971949 4
2.9945576 -1.1824471 -0.28459159 5
3.101702 -1.1882331 -0.27719375 5
3.2102232 -1.1919822 -0.26839191 5
3.3765991 -1.1158407 -0.22746569 4
4.6677094 -1.1543534 -0.29855248 8
4.8234558 -1.1282613 -0.29462087 8
-1.0470374 -1.0875469 -0.22988144 1
-0.99785298 -1.0642143 -0.2227605 0
0.85478151 -1.0314515 -0.25266519 6.125
0.9136951 -1.0794283 -0.24653582 5.6666665
3.285687 -1.0854381 -0.29437244 4
3.417572 -1.0826133 -0.2130847 0
4.9335737 -1.0863605 -0.28701615 4
5.0940461 -1.0521283 -0.28382385 5
5.2316647 -1.00849 -0.27878591 5
0.69460267 -0.90754032 -0.22157733 6
0.73553693 -0.93515122 -0.25808784 6.3000002
0.80975026 -0.99161744 -0.23438634 6.6666665
5.3414478 -0.9555636 -0.27394187 5
5.4674716 -0.90220577 -0.27007109 3
0.58276713 -0.81040931 -0.22974908 7.5
0.65033841 -0.86048108 -0.24780653 6
5.6182475 -0.85018599 -0.26873919 3
-0.98567343 -0.72181392 -0.27213153 0
0.39115193 -0.77440357 -0.2573657 15.666667
0.42767236 -0.78014445 -0.21994396 12.333333
0.53798199 -0.76972318 -0.24587116 7.5
5.6993146 -0.78198171 -0.26474759 3
5.7845955 -0.71365577 -0.26223922 3
-1.0435083 -0.62116146 -0.22061101 0.75
5.8399816 -0.63810509 -0.25919506 3
-1.0723854 -0.54211646 -0.25532266 6.1666665
5.9761529 -0.5714184 -0.26178089 3
-1.0591232 -0.45885235 -0.24794275 6.8888888
5.9910045 -0.48890695 -0.26014751 4
6.0022979 -0.40675414 -0.25917926 3
-1.0294476 -0.36679882 -0.21719627 5.4000001
5.987402 -0.32300881 -0.25846243 2
-1.1324005 -0.22945258 -0.20696381 1
5.9625578 -0.2385136 -0.25899106 2
-0.24321212 -0.18612246 -0.22533076 1.6666666
-0.14900154 -0.1775437 -0.22544576 1.3333334
-0.065403171 -0.18574567 -0.27789479 1
0.35318908 -0.11218357 -0.2180194 1.5
0.60777354 -0.19464964 -0.26832601 1
5.0103178 -0.12830092 -0.21502659 14
0.37427664 -0.091848589 -0.24637575 2.6666667
0.42780238 -0.067038752 -0.29941693 2
-0.27353317 0.082711533 -0.24672309 1
-0.2722334 0.10952205 -0.24807048 1
-0.92656988 0.25023901 -0.20477246 1
0.36749697 0.25853595 -0.22173144 2.75
0.4112877 0.25823373 -0.22856359 1.3333334
4.050817 0.26341349 -0.20542094 24
4.1567259 0.21906953 -0.20318159 9
4.0288167 0.33854812 -0.21806876 40.5
4.0391903 0.44112468 -0.23958308 44
-1.2477686 0.58298397 -0.23001026 2.5
4.0618238 0.54455638 -0.2665987 52
4.0668573 0.6219455 -0.28710544 48
-1.2181224 0.76659906 -0.25596622 9.3846149
-1.2103065 0.82798624 -0.21862221 9
-1.1214535 0.86913657 -0.25137076 1.375
-1.0673684 0.87118798 -0.24864239 1.25
4.120667 0.84018499 -0.21198457 36.5
-1.2464713 0.96184152 -0.23178402 3.5
-1.1782609 0.91107672 -0.23173967 2
-1.0354753 0.95100188 -0.25904682 2.1666667
-0.961761 0.94318515 -0.22507121 6
-0.35654557 0.95762205 -0.27416945 7
0.68576932 0.97000217 -0.21597195 21
0.74035186 0.98164225 -0.2326484 17.4
0.83847553 0.96599156 -0.25895604 4.7142859
4.1196198 0.94756609 -0.24864927 49.25
-0.91403347 1.0547748 -0.22486788 7
-0.86532563 1.093315 -0.26017976 0.5
-0.32894692 1.0140879 -0.23874831 9.3999996
0.88704294 1.0318397 -0.2471451 2.6666667
0.93164462 1.0835841 -0.24853246 1
4.1391468 1.045704 -0.28340256 43.666668
-0.90534109 1.1572963 -0.20026368 8
0.97304475 1.1386361 -0.22910862 1.4
1.0147549 1.1814417 -0.29518875 2
-0.90973765 1.270046 -0.2527934 3.5
-0.89658213 1.2140669 -0.21680756 8
1.0865449 1.2616844 -0.2116951 7
1.1158252 1.3109188 -0.24637009 1
-0.76317579 1.4421197 -0.24851304 5
-0.53495175 1.4443797 -0.25461754 27.666666
1.2607403 1.496906 -0.22366843 6
-0.76283187 1.5440869 -0.25583187 4.5
-0.51950419 1.5056587 -0.24351925 42
1.3148141 1.5894725 -0.25250131 4
-0.56102371 1.6494794 -0.23390029 39.5
0.92965084 1.6887232 -0.22635159 25
-0.85493851 1.7259216 -0.25040612 9.5
-0.60725111 1.7779629 -0.21468294 23
-0.56157207 1.7979816 -0.2168344 31
-0.86081296 1.8852438 -0.26020294 7
4.2849021 1.8585396 -0.23438603 34
4.3504419 1.8223617 -0.20097283 13
-0.86884743 1.9078119 -0.21663699 10
4.2894588 1.9288503 -0.27309439 35
4.3547311 2.0627944 -0.24845499 14
4.3318262 2.1601944 -0.26765341 30.5
-0.13699311 3.1281512 -0.2275126 23
-0.046755396 3.6383631 -0.209914 9
-0.079010092 3.7427511 -0.29639482 10
-0.044349454 3.9239223 -0.24776459 9
-0.04498639 4.590549 -0.2535373 103.5
0.029866118 4.5851402 -0.24777353 90
0.07458736 4.6112771 -0.2099252 76
0.30718702 5.1696486 -0.29980853 52
3.9276614 5.6381311 -0.28857583 15
0.34015778 5.8352833 -0.23842922 150
3.6052012 5.8778887 -0.29701039 30
5.0338759 5.8675451 -0.21598768 78
5.2151275 5.840961 -0.23313046 98
0.39362019 5.9848771 -0.21470973 45
5.1322441 5.9096503 -0.24713129 97
3.8770001 6.0749435 -0.28320056 65
4.2965302 6.0469899 -0.226877 102
0.43817717 6.7584329 -0.24909699 44
0.547221 6.7328095 -0.22703359 45
0.61199415 6.7420602 -0.27039209 42
0.75320077 6.7245822 -0.26120511 41.666668
-0.81438541 -5.5337701 -0.13757324 151
-0.73092896 -5.5428653 -0.16587849 151
-1.3543549 -5.4123802 -0.1258364 150
-0.99555141 -5.4922562 -0.14977947 152
0.27622193 -4.9258499 -0.19854584 114
-0.31442183 -4.8386393 -0.16066298 120
-0.28351665 -4.8342476 -0.13416797 123.5
-0.15684426 -4.8544917 -0.15083121 122
-0.091651477 -4.8664007 -0.16274473 126.5
-2.4180076 -4.3924408 -0.1587182 118
-2.3857932 -4.020031 -0.15369247 35
-1.303303 -3.4031551 -0.16176547 47
-1.2989815 -3.4437006 -0.17305085 37
0.17752777 -3.381532 -0.17859502 10
-1.3632137 -3.1199038 -0.1405696 38
-1.2852461 -3.1716263 -0.11598364 34.5
-0.023952881 -3.1008666 -0.18064867 16
0.038311951 -3.0849254 -0.1156743 9
-1.8928617 -2.887125 -0.19125736 4
-1.8753036 -2.7437129 -0.14630359 4
-1.8663801 -2.6245804 -0.10479827 3
0.11883029 -2.3958633 -0.17468254 31.666666
2.7720988 -1.811604 -0.11035609 21
6.3923979 -1.8278974 -0.19049732 86
1.3868878 -1.744687 -0.1490932 20
1.4088697 -1.7298568 -0.15336114 113
1.5451279 -1.7407552 -0.11685263 74
2.8080578 -1.7988669 -0.15066113 13
2.9456358 -1.7238117 -0.12831724 9.5
6.4198527 -1.7303587 -0.16708867 118
1.5679212 -1.6686069 -0.17543165 64.75
1.6792356 -1.6174293 -0.12249066 51
1.7150836 -1.6097982 -0.17842123 53.5
1.8457513 -1.6187863 -0.15219223 72
2.3849437 -1.6500869 -0.14167786 32
2.4180455 -1.6390337 -0.18113266 28
6.4373159 -1.6309741 -0.14641169 116
0.395006 -1.5840827 -0.13522957 25
0.42332995 -1.5767646 -0.10748056 23
1.5963911 -1.5884482 -0.1341193 75
1.6275456 -1.5790582 -0.10770366 45
1.7658954 -1.5931922 -0.18530393 55.5
1.8578523 -1.5572505 -0.14809039 53.75
2.0715401 -1.5499778 -0.16395585 28.333334
2.1356316 -1.565361 -0.15787517 26.5
2.2272387 -1.5738676 -0.12451059 21
2.3086591 -1.5996604 -0.1011543 18
6.4540362 -1.5306 -0.12642442 111
3.0029366 -1.4398828 -0.15213245 7
6.4707065 -1.4302123 -0.10926431 115
2.9993582 -1.3621178 -0.11624622 26
1.0655289 -1.2145017 -0.14135541 5.25
1.1394552 -1.253418 -0.12434339 11.666667
3.2885218 -1.2003634 -0.19238883 5
3.4232087 -1.2066678 -0.18335286 4
3.5713382 -1.2127014 -0.1738324 7
6.5088511 -1.2764015 -0.19288281 108
-1.1117773 -1.1860821 -0.11859517 1
-1.0794747 -1.1393352 -0.17676856 1
0.96204108 -1.1265337 -0.13427767 5
1.0227946 -1.1623012 -0.18056016 6.5
6.5182667 -1.1830547 -0.17761849 121
-1.0734628 -1.051774 -0.1200878 1
0.85074311 -1.0347427 -0.16250519 7
0.91927469 -1.0806283 -0.14504568 5.5
6.5383282 -1.0913755 -0.16324607 119
0.68540794 -0.90586346 -0.1807182 6
0.75046962 -0.95200431 -0.13161483 6.1428571
6.5594292 -0.95160127 -0.14612275 119.5
0.59050792 -0.81205523 -0.18065098 8.5
0.65565479 -0.8755818 -0.14699806 6.0588236
6.5776496 -0.8118965 -0.13178144 120
-1.3238083 -0.74231857 -0.17232752 12
0.38690948 -0.77364707 -0.1463273 14.25
0.45038334 -0.7861802 -0.14822045 9.6923075
0.53043157 -0.76906329 -0.13242768 7.3333335
6.6046796 -0.72095299 -0.12459996 100
-1.0642569 -0.62730753 -0.161217 1.2
6.6160436 -0.62748259 -0.11855987 107
-1.0410041 -0.52976656 -0.15677394 4.5
6.6316519 -0.53487146 -0.11400925 110
-1.0208253 -0.43988609 -0.14937222 5.2857141
6.6529183 -0.4430756 -0.11097106 100
-1.007274 -0.36200824 -0.14917323 6
-0.99437445 -0.31374639 -0.14401376 6.75
6.6656232 -0.35052535 -0.11061604 106
-1.1373993 -0.22496852 -0.18466544 5
-1.0381286 -0.2364521 -0.16088088 3.3636363
-0.99100673 -0.26880905 -0.15328544 5.8888888
-0.24672143 -0.21184927 -0.14206797 1
6.6754985 -0.25806221 -0.11021529 103
-1.0218751 -0.16947377 -0.16646412 3.5
-0.9887206 -0.13083792 -0.14561678 5.8888888
-0.25538418 -0.1776554 -0.13943145 0.84615386
-0.1329712 -0.16886558 -0.19349277 0
6.6980028 -0.16395418 -0.11136723 107
-0.97562063 -0.044654313 -0.1412043 4
4.6132007 -0.05457909 -0.19884411 19
6.7127419 -0.071312368 -0.1145808 96
-0.942918 0.050866846 -0.14039384 7.814815
-0.40933493 0.081672192 -0.11964298 1
-0.33827248 0.091075577 -0.15583219 1.5
-0.27662492 0.065767065 -0.1683023 0.5
4.3738809 0.063390851 -0.19563237 10
4.4171534 0.0064025121 -0.19313365 11
6.7203879 0.02111759 -0.11909352 99
-1.2016177 0.16130587 -0.10705383 7
-0.93579 0.15137926 -0.15715747 4.1599998
-0.33463413 0.10717227 -0.14507563 1.1428572
4.2585564 0.14305097 -0.19822437 10
6.735043 0.11477695 -0.12512842 90
-0.922732 0.24297681 -0.17591256 2.45
-0.8939991 0.2654002 -0.11027774 5.6666665
0.36665368 0.24596322 -0.1955604 2
-0.90894485 0.31123981 -0.13113655 1.6666666
-0.89352411 0.32459837 -0.13072088 1
4.2115002 0.34245753 -0.10141605 7
4.2686419 0.42949504 -0.11667402 0.5
4.2810435 0.53048664 -0.12359128 2
-1.2264702 0.68107462 -0.10576837 0.5
4.3310819 0.68626046 -0.17058676 5
-1.2198621 0.7723195 -0.16417916 10.555555
4.1965365 0.76736397 -0.19192797 17
4.2982206 0.73440498 -0.18248311 10
4.3342252 0.7527588 -0.17799772 2
-1.2126415 0.81388468 -0.14026664 11
-1.1597109 0.87275887 -0.18984434 1
4.3115878 0.80647594 -0.19575164 10
-1.2100934 0.9686715 -0.1472494 6.1999998
-1.1660105 0.9473483 -0.16278969 5.3333335
-1.0290161 0.97534519 -0.14749441 4.3333335
-0.94930691 0.96525693 -0.17728427 6
-0.8879779 0.94244146 -0.15066184 1
-0.33238286 0.97596514 -0.14370096 13.2
0.68941963 0.9645896 -0.15892157 20.5
0.74468893 0.97747874 -0.14624126 13.769231
0.81350851 0.96234488 -0.1618944 5
-1.1809943 1.084563 -0.12044164 6
-1.0229751 1.042166 -0.15161251 5
-0.99173814 1.0208067 -0.17256115 2
-0.32008886 1.0220503 -0.18947773 7
0.88713121 1.0200877 -0.11819585 3
0.92549729 1.0634048 -0.17288812 3
-1.1432743 1.1570396 -0.12073514 6
-1.0054165 1.1692729 -0.15985878 4
-0.98617083 1.1901684 -0.17671858 1
1.016295 1.1719697 -0.12612888 1
-1.1564207 1.2270689 -0.11932677 5.6666665
-0.90189511 1.246058 -0.18456763 5
1.0403636 1.2271221 -0.18123646 0.66666669
-0.95529079 1.3619028 -0.15736774 11.5
1.0928593 1.3136005 -0.16613981 0
1.1496834 1.3656269 -0.13417071 4.3333335
-0.98394603 1.4529455 -0.11250184 12.5
-0.883228 1.4959556 -0.1717245 14
1.1881087 1.4426367 -0.13667257 0
1.2174144 1.4413145 -0.18213667 7
-1.0638192 1.5940123 -0.10061289 26
-0.95047241 1.5321391 -0.1442066 12
-0.86616331 1.5444686 -0.19802588 45
1.2449689 1.5186586 -0.1192705 3
-0.84693438 1.6988908 -0.18144928 22
1.3138484 1.615687 -0.10136925 3
-0.94549662 1.7510762 -0.10550934 11
-0.94014519 1.8435096 -0.13572763 32
-0.88076121 1.8027995 -0.1532456 29
-0.62822545 1.8862282 -0.1626031 23.5
-0.57358122 1.8607578 -0.15818131 30
-0.93015361 1.9449978 -0.14749333 13
-0.87901771 1.9220768 -0.18186852 9
-0.92098218 2.0763698 -0.14108314 15
4.3542399 2.0022399 -0.18933445 20
4.4842238 2.0008004 -0.16527143 2
-0.96575528 2.2233191 -0.10212457 66
-0.11960121 3.6361744 -0.14510313 45
-0.051282115 3.6606474 -0.1227489 15
-0.0013345568 4.6111784 -0.14420617 66
0.11888282 4.7044721 -0.14439423 16
0.11835878 4.9663119 -0.14899558 27
6.5339117 5.5826263 -0.14490129 33
6.7628522 5.5492749 -0.19398403 42
3.4371393 5.6739388 -0.1710207 19
3.3196461 5.7229919 -0.18408228 45
4.9645896 5.8800197 -0.10007165 86
5.1258979 5.8487215 -0.12562329 96
5.2537045 5.8851261 -0.14811285 100
3.7207317 5.9334416 -0.16244802 43
4.4149284 6.0294018 -0.1424194 103
0.54404795 6.7496386 -0.137391 44.5
0.65673447 6.7298307 -0.14524493 42.5
0.70940959 6.7278433 -0.11551411 43
-0.91547555 -5.513412 -0.073130652 151
-0.74709916 -5.5440931 -0.067472301 151
-1.3672854 -5.4061947 -0.034025114 150
-1.1887835 -5.4676223 -0.0056052478 151
-1.0527033 -5.4833879 -0.043190755 151
-2.1649332 -5.2390003 -0.067300119 79.5
-0.36701411 -5.0694976 -0.046911802 17
-2.1533344 -4.9674606 -0.034693617 17
-0.31011963 -4.8380795 -0.054344755 131
-0.26525372 -4.8356485 -0.047726098 117
-0.11150577 -4.8709807 -0.059073515 139
-0.0024350076 -4.8810148 -0.013403361 127
0.02319268 -4.8814287 -0.056885604 123
-2.4268403 -4.3890834 -0.072124258 102
-1.9870361 -3.2511656 -0.0039946558 8
-1.3625308 -3.1396248 -0.053070623 36.333332
-0.026410177 -3.0809634 -0.060822271 13.5
0.023762247 -3.0787134 -0.08453244 22
-1.853068 -2.5042737 -0.067464665 3
2.6808574 -1.8159709 -0.028343614 33
2.7253616 -1.8138399 -0.069321215 25
2.9193208 -1.8145173 -0.030789446 23
1.4569165 -1.7459896 -0.090654805 94
1.5332344 -1.7647728 -0.044370998 81.400002
2.929821 -1.7780381 -0.070248589 20
1.6446184 -1.6198332 -0.058294538 50
1.7581074 -1.6263511 -0.043420155 55
1.8279536 -1.6335237 -0.037802171 56.25
2.0051706 -1.603224 -0.026565213 23
2.1192241 -1.6038338 -0.00060389651 15
2.2803137 -1.6519897 -0.040756449 23.5
2.3585072 -1.6295159 -0.088042952 17.5
2.5129037 -1.6765774 -0.05308957 7
2.9365637 -1.651368 -0.045862447 5.6666665
0.38453579 -1.5702093 -0.096360087 26
0.41165599 -1.5873679 -0.069868043 24
1.8623847 -1.5306716 -0.096534088 61
1.9494441 -1.5530498 -0.061988115 40.5
2.0463765 -1.5903835 -0.062078949 24
2.9517636 -1.5604167 -0.05297317 7.5
-1.1502304 -1.4103369 -0.094953418 1
2.9602122 -1.450425 -0.028463718 32
-1.1628525 -1.3759595 -0.017919112 1
1.1715297 -1.3049774 -0.05368517 4
2.9784694 -1.3523595 -0.05052023 47
6.4937825 -1.3326914 -0.092931181 115
-1.1394891 -1.2213869 -0.054940548 1
1.0879235 -1.2139219 -0.050364736 5
1.1438619 -1.2647481 -0.020161578 4
2.9986382 -1.2622542 -0.07390894 58
3.0065722 -1.2170274 -0.053256337 48
3.1145656 -1.2212534 -0.036635581 27
3.2454762 -1.2326721 -0.019013491 28
3.380543 -1.240945 -2.5746345e-05 23
6.5011764 -1.2314723 -0.079147533 112
-1.1230062 -1.1313776 -0.032617737 1
0.98880363 -1.1657835 -0.026107337 5
1.0297556 -1.1761757 -0.075233847 5
6.5213065 -1.1319882 -0.066997588 110
0.79858696 -1.0011075 -0.060137402 6
0.86143309 -1.0463912 -0.04096704 6.2857141
0.91482413 -1.0918517 -0.089077875 5
6.5421247 -1.0334787 -0.056985099 114
0.74941665 -0.9527036 -0.050365321 6.6153846
0.81124735 -0.99604261 -0.034398705 7
6.5558271 -0.93410581 -0.048263434 110
0.45944878 -0.83554965 -0.084687144 19
0.5907827 -0.81358701 -0.058547374 8.666667
0.62838852 -0.85564631 -0.041083787 7.25
6.579329 -0.83696699 -0.041191835 116
-1.0501201 -0.70664501 -0.028601352 0
0.448257 -0.7948572 -0.080282889 16.25
0.53971899 -0.77380145 -0.051637348 8.363636
6.590847 -0.73662072 -0.03596874 105
-1.1042759 -0.6153062 -0.051573951 1
-1.0665264 -0.66710263 -0.058746599 0.625
6.605186 -0.63721055 -0.032210503 108
-1.1103861 -0.59966373 -0.044659805 1
-1.0348438 -0.52135122 -0.032066215 6
6.6308227 -0.53955841 -0.031476859 107
-1.0180582 -0.45270216 -0.046095744 6
-0.99912125 -0.40131709 -0.066261813 10
6.6457863 -0.43915069 -0.031178381 106
-1.0038161 -0.36487257 -0.036848333 6.75
-0.99235982 -0.32276493 -0.063977435 7.1999998
6.6571918 -0.33977064 -0.033026878 100
-1.1501851 -0.21813758 -0.086589657 5.6666665
-1.0405535 -0.23902281 -0.05065804 4.2222223
-0.99196023 -0.26070839 -0.041922182 9.5
-0.23483391 -0.20773818 -0.063230246 1.0909091
6.6784863 -0.24118352 -0.036457542 92
-1.0042682 -0.16441211 -0.067708209 11
-0.9881897 -0.12850502 -0.075976811 8.8999996
-0.22696082 -0.17135239 -0.061529618 0.92592591
-0.19071467 -0.16798995 -0.051270772 1
6.696167 -0.14065748 -0.041940186 97
-1.1462835 -0.01322459 -0.093056068 1
-1.0713638 -0.043078635 -0.086626828 3.6666667
-0.96715385 -0.052129459 -0.064457841 9.916667
6.7074666 -0.041249342 -0.049442519 90
-0.93490785 0.050316505 -0.066022485 11.117647
-0.40180802 0.083067141 -0.092365712 1
-0.35985914 0.087331519 -0.068018451 1.0701754
-0.26907632 0.086380944 -0.012032216 2.4285715
6.7201529 0.058194533 -0.058381345 89
-0.91910714 0.15017508 -0.08015728 7
-0.89789534 0.17137334 -0.083661348 5.5
-0.40349522 0.11295377 -0.063804381 0.5
-0.33085814 0.11683375 -0.045349266 2.3333333
-0.25599104 0.13030683 -0.01897184 4.8205128
-0.18551831 0.12443376 -0.029049948 0
4.2247095 0.18044917 -0.082112253 22
4.3387561 0.15829293 -0.047930386 9
4.5452013 0.13536084 -0.084111378 2
4.6447711 0.10536231 -0.044084612 10
-0.93135101 0.24805713 -0.035484947 9.333333
-0.89298946 0.21333815 -0.095282108 5.5
4.1836581 0.24913581 -0.074276254 36.5
-0.93138117 0.33029872 -0.034108706 8.25
-0.87064111 0.34769368 -0.048709806 8.2857141
4.1853342 0.35365009 -0.07875333 46.5
-1.1025484 0.41856912 -0.035837922 4
-1.037385 0.41388577 -0.04150961 5.5
4.2238169 0.44465792 -0.097705662 26
-1.2173734 0.76516473 -0.082066394 8
-1.2297169 0.82266873 -0.074111208 4.4000001
-1.4647263 0.99625862 -0.026979793 15
-1.2138522 0.96953052 -0.087646961 6
-0.33475178 0.9727388 -0.054612845 14.333333
0.68522799 0.97358346 -0.046139754 21.727272
0.74635518 0.97744519 -0.044332445 19
0.8310653 0.95779961 -0.051036876 5.2222223
-1.4681525 1.0607742 -0.051276781 15.125
-1.2540001 1.0431918 -0.07211493 47.142857
-0.34950048 1.0000854 -0.0017189578 8
0.87986112 1.0236377 -0.043724041 2.6666667
0.92913115 1.0613911 -0.01606543 2
-1.4527755 1.1212068 -0.034613751 17
-1.3822836 1.163424 -0.075510442 126
-1.1688495 1.1820755 -0.081349708 13.666667
0.96016556 1.1195608 -0.052745908 2
-1.4326102 1.2530625 -0.044225793 44
-1.3610871 1.2679315 -0.056598708 43.5
-1.2639025 1.2281545 -0.077755228 110
-1.1550126 1.2538152 -0.083465889 9.5
1.0408916 1.2261361 -0.024847664 2
1.1021521 1.2920954 -0.073485643 9
-1.3238852 1.4279308 -0.036156338 58
-1.2921783 1.4638162 -0.05816615 81
-1.1015731 1.4976504 -0.04754879 21
-1.3217642 1.506294 -0.024584796 64
-1.0667142 1.5594678 -0.07465633 26
4.4298429 1.5769163 -0.034717239 40
4.5323763 1.5521482 -0.036021035 29
4.6338921 1.5185353 -0.0053218873 29
-1.2686336 1.6852454 -0.01812109 67
-1.101633 1.6692138 -0.026475485 27
-0.77054048 1.6889244 -0.012307305 2.5
4.4101472 1.6355716 -0.063121505 22
-1.10067 1.7245132 -0.012916734 12
-1.0388329 1.72771 -0.047282092 21
-0.71801937 1.703952 -0.049162317 2
4.4303207 1.7372622 -0.065454163 36
-1.037622 1.8761303 -0.088772491 8
-0.72102797 1.8763012 -0.080263659 15
-0.63100588 1.8780619 -0.068476319 49.5
-0.57843244 1.8611377 -0.065760061 21
-0.97425348 2.0805604 -0.090034902 13
-1.0044786 2.1694674 -0.04545844 10
-0.95446938 2.1727192 -0.04418673 96
1.2532592 3.5270634 -0.090636104 0
-0.1298838 3.6313932 -0.011982408 9
-0.056920208 3.650866 -0.033979621 23
0.20766927 4.7149711 -0.05975711 3
0.028007871 5.0165758 -0.079415426 7
0.065611221 5.4877858 -0.00093160657 69
0.14235687 5.5180821 -0.081640407 86.5
6.6717901 5.5707712 -0.095812738 43
3.3853571 5.689332 -0.060058061 16
6.4601536 5.6072502 -0.035218921 40
5.0512605 5.8710904 -0.019772131 97
5.383636 5.8676405 -0.047821265 99
3.6427345 5.9319382 -0.052140485 40
0.38963494 6.0308905 -0.072073579 123
3.5968871 6.0711079 -0.095545545 35
4.5341854 6.0088439 -0.057270814 104
0.59171605 6.7522063 -0.031060044 42
0.64264876 6.7222986 -0.030650791 46
0.73535198 6.7144651 -0.060345054 45.5
-0.75539184 -5.5450225 0.053640042 150
-0.57813841 -5.5730534 0.093061224 150
-0.4753463 -5.5330906 0.050246697 150
-1.3692572 -5.4167972 0.048528071 150
-1.2822942 -5.4342189 0.066585571 150
-1.1156896 -5.4825549 0.053815864 150
-0.33057097 -4.8528905 0.039102584 97.333336
-0.13000353 -4.8725572 0.055780444 136
-0.079632208 -4.86481 0.026887346 124.5
-2.092469 -4.7399631 0.027952056 17
-2.1465318 -4.4538555 0.069798641 76
-2.0677526 -4.4677868 0.053185467 71.5
-2.4408243 -4.3952231 0.013964637 124
-2.4140494 -4.0748639 0.057452805 15
-1.4188493 -3.2618005 0.060166996 118
-1.3863299 -3.1395214 0.05465075 39
5.9973087 -2.1028159 0.099694103 114
2.5598745 -1.8237724 0.091582872 53
2.6202724 -1.8223789 0.032068193 37.5
2.8761342 -1.8651261 0.052315366 48
1.4667737 -1.7666467 0.051764905 82.599998
2.9057775 -1.7283889 0.044178694 18.5
1.5724815 -1.6456711 0.048971191 58.200001
1.6264651 -1.6333493 0.077583931 61
1.7864758 -1.6972524 0.063243575 52
1.8286248 -1.6460357 0.024321647 58.5
1.9538697 -1.6136497 0.043791216 26.666666
2.1781826 -1.6446371 0.06019697 14.5
2.215977 -1.6654484 0.037601247 26.5
2.8962443 -1.6689229 0.063985512 18.5
2.9201744 -1.6277791 0.0098606115 8
1.8647168 -1.570562 0.05123711 61
1.9202192 -1.5820738 0.079351008 67
1.2554355 -1.4095883 0.013012736 154
-1.1458455 -1.3014476 0.00079585525 1
2.9593608 -1.3394734 0.014326624 64
-1.1747379 -1.2545183 0.048461836 1
1.0740703 -1.2241346 0.066253252 4.3333335
1.1198858 -1.261999 0.0092085516 4
2.9583278 -1.2575049 0.04324121 75
3.0235541 -1.2095791 0.071638905 26
3.1599059 -1.2216278 0.093345135 24
3.5614579 -1.2645959 0.019544564 38
3.7026699 -1.2656476 0.040597405 7
-1.163673 -1.192344 0.066671535 1
0.94725895 -1.1244482 0.04905672 5.1666665
1.023564 -1.1743375 0.078757331 5.5
0.84372407 -1.0329527 0.041725431 6
0.91089487 -1.0893859 0.057280045 5.6666665
0.68624222 -0.91439003 0.031599663 6.75
0.73921049 -0.95204258 0.062156122 6.6999998
0.58399463 -0.81218016 0.039934263 8.181818
0.64310735 -0.86806291 0.057063725 6.8333335
-1.0721769 -0.72178304 0.080561519 0
0.55591267 -0.78557348 0.045446176 8.5555553
-1.1159899 -0.62326604 0.023032535 0
-1.0907018 -0.66994375 0.049802244 0
-1.0465837 -0.5315783 0.036043473 6
-1.0359467 -0.43914413 0.062035542 10
-1.1160214 -0.39052141 0.093827568 16
-1.0084443 -0.36937055 0.022402333 7.75
-0.99020588 -0.32042587 0.012999968 7
-1.0391754 -0.21822914 0.031288803 5.75
-0.98772013 -0.26949784 0.02145469 8.6000004
-1.4656005 -0.14820348 0.05724448 5.1999998
-1.317995 -0.19408408 0.048564348 3
-1.1430104 -0.18434979 0.040020783 4
-1.0522571 -0.18195891 0.018537864 5.5
-0.99069935 -0.13056855 0.0066986326 11.5
-1.6553851 -0.049990214 0.065534577 13
-1.508109 -0.083423823 0.059806202 7
-1.0493994 -0.054165538 0.01687105 5
-0.96093416 -0.043272957 0.019254982 11
-0.32024187 -0.03360704 0.093964621 0.45011252
-0.26415151 -0.025053598 0.0081896689 0.32080609
-0.93788993 0.047703113 0.020578388 11.4
-0.30549291 0.088443041 0.01285178 0.5
-0.29421169 0.093905635 0.004452697 3
0.58067411 0.012880278 0.0039284644 0.24841213
0.60169452 0.0016998387 0.0038217532 0
-0.94432694 0.15611805 0.0090102702 10.916667
-0.25078931 0.14173643 0.0049540848 0.8888889
-0.94447333 0.20673576 0.00036830368 11
-1.2956585 0.5887329 0.097269379 9
-1.2824557 0.66005158 0.079202846 7.8000002
-1.2753288 0.75076801 0.077927619 7.3333335
-1.4729152 0.99466783 0.065709829 13
-0.91461068 0.95712715 0.08868999 0
-0.34301054 0.96335429 0.065774716 10.083333
0.68354517 0.97346228 0.06965892 20.571428
0.73364544 0.96946388 0.039366428 19
0.83692425 0.97261906 0.065173313 4.7142859
-1.4761895 1.0627098 0.044524431 15
-1.2654843 1.0295684 0.038408462 0.66666669
-0.2905167 1.0313607 0.082303785 4
0.88879019 1.0136349 0.039624933 2
0.92224747 1.0670365 0.033803638 2.25
-1.3343732 1.1239543 0.084914066 0
-0.47786927 1.1895698 0.069238789 8.333333
0.97845387 1.1421119 0.046928883 2.3333333
1.0146785 1.1904309 0.039070781 1.5
4.3214359 1.1328713 0.099642836 48
-1.4184738 1.2473121 0.028312434 36
1.0566154 1.2641628 0.046274155 1
4.3438601 1.2461272 0.075493872 48.25
1.1012571 1.3308852 0.020943023 1
4.3680906 1.3525701 0.041993003 46.5
-1.3340695 1.4572437 0.060285009 39.799999
1.1647921 1.4223919 0.042297743 1
-1.3270187 1.512343 0.05316852 27.333334
1.2299469 1.5109825 0.066464834 5
4.54318 1.5510261 0.019380063 29
4.6640401 1.5282444 0.043470219 26
-1.3059205 1.6325788 0.0171955 10
1.3282588 1.6160302 0.095956348 5
-1.2803339 1.7617576 0.071731381 43
-0.57298392 1.7946709 0.0060811555 18
-1.2662357 1.8670208 0.037258528 42
-0.74175394 1.8208081 0.068908796 76.5
-0.64095181 1.8159584 0.035605442 50.799999
-1.244275 1.9523046 0.039367322 43.75
-1.0376991 2.0599689 0.087091006 42
-0.953251 2.0622582 0.044283047 58.799999
-0.98619312 2.1024668 0.010326884 79
4.6051931 2.733274 0.09811841 27
4.621192 2.8385329 0.047763038 17
-0.054000892 3.7794452 0.054857887 29
0.14937043 5.5191989 0.08440157 53
6.5743027 5.5859699 0.0025132922 63
6.3768072 5.6202178 0.07301411 42
7.1999416 5.6020603 0.029473251 1
4.8962879 5.8905549 0.014038275 85
4.9746709 5.8863759 0.086099662 100
5.5093818 5.839129 0.052535292 84
4.6541848 5.9873152 0.027157642 104
0.34517178 6.026835 0.072123401 85.333336
3.6539698 6.1036663 0.056362085 53
3.7458148 6.1411328 0.0051050438 86
1.8065661 6.4607706 0.079175495 21
0.8710984 6.6784201 0.075903885 46
0.94440991 6.691833 0.067690462 5
0.15162341 6.7903357 0.004116985 32.5
0.48259911 6.755753 0.0023603654 43
0.64844358 6.7356224 0.02850079 43
0.74408722 6.7136917 0.077140294 48
-0.76397949 -5.5497227 0.17431974 150
-0.67889613 -5.5562105 0.16796646 150
-0.57874095 -5.5616441 0.1478252 150
-1.3623185 -5.4216614 0.1625589 150
-1.217075 -5.4652257 0.1174327 150
-0.32667217 -4.8433237 0.17004038 116
-0.2580213 -4.843823 0.14934471 125.5
-0.14328504 -4.8736544 0.14102428 132.33333
-2.3265734 -4.4244142 0.1687886 66
-2.2375746 -4.4402242 0.11944132 68
-2.1640074 -4.4525094 0.14711605 95
-2.4574981 -4.3919973 0.14455366 113
-2.3875775 -4.0189819 0.1431523 35
-1.4438936 -3.334532 0.13039064 36
-1.430761 -3.2474835 0.17170618 39
6.0084944 -2.0054433 0.1297958 119
6.0282617 -1.9078325 0.15943158 120
2.7577899 -1.8884338 0.17905827 42
2.8335397 -1.8588457 0.15790522 39
6.0486856 -1.8141022 0.18723188 107
1.4091015 -1.7656021 0.12682889 19
1.5472714 -1.736094 0.13767941 66.666664
1.7267849 -1.7084842 0.16050828 54
2.4389949 -1.7644626 0.14909555 83.5
2.8699508 -1.7576897 0.14317994 23
1.5673466 -1.6642197 0.16109674 55.333332
1.6530151 -1.6102443 0.10329805 79
1.7620173 -1.684617 0.13559084 55.333332
1.8648599 -1.6550169 0.17703861 50.333332
1.9428577 -1.6096605 0.11153997 31
2.0600405 -1.6298054 0.14003001 26
2.1286008 -1.6707621 0.15860993 21.333334
2.8968363 -1.5802578 0.13910103 0
2.9137609 -1.5336144 0.16451529 10
1.2364962 -1.4368393 0.15693818 153
2.9008293 -1.4681443 0.18553804 40
-1.2260226 -1.3047937 0.15292798 1
1.1671965 -1.3197552 0.18381932 4
-1.2147063 -1.2576631 0.16868035 1
-1.1859951 -1.2415602 0.10968502 1
1.0778046 -1.2135395 0.15117559 4.5
1.1399356 -1.2658831 0.1542621 5
3.3125591 -1.2354367 0.11547855 9
3.4736993 -1.2461257 0.14030832 11
3.6582391 -1.2604697 0.16543998 8
0.98416966 -1.1495558 0.16000812 3.6666667
1.0249052 -1.1795604 0.14117438 4
0.79643416 -1.0051596 0.10777248 5
0.85179842 -1.046348 0.15726167 6.6666665
-1.1613863 -0.91137081 0.13762979 0
0.68492258 -0.91821033 0.1575571 6.8000002
0.74615252 -0.95684683 0.14943133 6.5454545
0.80639273 -0.99390799 0.15847205 9
0.64396733 -0.87573379 0.13905296 6.181818
-1.095824 -0.7124449 0.1663661 0
0.53264087 -0.76453155 0.15161982 8.25
-1.3833175 -0.62939054 0.18141086 14.333333
-1.1237625 -0.65203154 0.13792926 0
-1.5383583 -0.512712 0.15222512 3
-1.4193002 -0.59265643 0.19557284 11
-1.0446078 -0.50949258 0.11728567 12.333333
-1.5278116 -0.44961131 0.1640204 4
-1.4066756 -0.48866898 0.13075577 13
-1.5101188 -0.3442767 0.18036059 4
-1.5016642 -0.27213308 0.18928464 4
-1.4947492 -0.2298263 0.19408545 5
-1.4872046 -0.17447084 0.19882345 5
0.61521584 -1.1232174e-05 0.11326554 0
0.58393008 0.016972343 0.11340584 0
0.60949445 0.0035582858 0.11253043 0.014109347
-1.3312249 0.12511954 0.1905003 6
-1.2527596 0.16270839 0.17238773 2.4285715
-1.3941958 0.26643446 0.19088829 2
-1.266326 0.21648473 0.17041579 2
-1.4352101 0.38325354 0.17945074 0
-1.3965106 0.34309343 0.17850879 1
-1.5377171 0.45058557 0.18929125 8
-1.4174364 0.42900366 0.1762356 1
-1.3369296 0.45054924 0.14765595 2.75
-1.3094429 0.53820729 0.12453842 9
-1.2995353 0.54890072 0.13100132 9
-1.2911109 0.63345289 0.11074504 9
4.2441773 0.76453662 0.19658083 52
4.2667546 0.857584 0.18061841 50.333332
-1.4616315 0.97652394 0.15389615 12
-0.34304816 0.97102839 0.15241204 9.3684206
-0.26494202 0.99060673 0.18516718 10
0.67689979 0.96974814 0.14777328 19.799999
0.72658759 0.97163588 0.14920217 20
0.82710576 0.96151674 0.15971909 6.2727275
4.2838268 0.95610601 0.1556678 49
-1.4792187 1.0648171 0.15189312 16
-1.2317524 1.0182462 0.13129629 0.66666669
-0.40249878 1.0131671 0.10436551 6
-0.38714778 1.0036603 0.19839557 6
-0.26361188 1.0185493 0.15331642 5.3333335
0.88212788 1.02689 0.14847559 3
0.91461712 1.0650101 0.11668534 2.6666667
4.3065257 1.0562907 0.13309325 48.333332
-1.4197773 1.1994733 0.12473988 54
-1.3759067 1.1779143 0.16602129 3
-0.51531076 1.1486708 0.16919537 8
-0.47174162 1.147686 0.16092347 9.625
0.96101606 1.1483536 0.16370054 2
4.3232799 1.1516602 0.11545343 49
-1.4380287 1.2433168 0.17431362 75.666664
-1.428943 1.3507543 0.16180585 73
1.112455 1.3333279 0.11804549 1
-1.415851 1.4225452 0.13505301 47.5
-1.3888379 1.4804143 0.10575133 23
1.1673005 1.4014992 0.14724073 5
1.2336004 1.461922 0.18074976 6
-1.3894966 1.5392396 0.15654387 65.599998
1.2574449 1.5118015 0.16941127 2.5
1.3068998 1.55759 0.12636097 5
-1.3073262 1.6089196 0.12398377 13
-1.2941042 1.6635255 0.10347417 46
-0.79628092 1.6784505 0.12226041 1
1.3379071 1.6022452 0.18687069 4
-0.76981217 1.714312 0.10044041 2
-0.63366491 1.8071452 0.13593404 32.333332
-1.2462139 1.9450607 0.16815719 57.5
-0.915474 1.9664844 0.14704014 56.666668
-1.1545866 2.0464458 0.16237405 24
-1.0880542 2.0646896 0.11709771 43
-0.98620957 2.0768776 0.13580716 57
4.5575314 2.5196552 0.19202384 44
4.5877142 2.6300092 0.14567319 40
4.6709766 3.0365586 0.18137631 18.5
4.6526513 3.1433473 0.15466306 18
4.7403965 3.1557307 0.19304407 3
4.6724429 3.2605608 0.11234258 14
-0.058388598 3.7866991 0.14590839 4
0.24737844 5.3631444 0.1682193 57
7.2587352 5.4819593 0.10732932 4
6.476182 5.5951366 0.10039883 63
6.289463 5.6272478 0.18117739 59
6.3961964 5.6191416 0.198291 65
3.3834565 5.7062197 0.16589475 66
4.8946404 5.8985195 0.19249457 98
5.6577206 5.8307276 0.15675946 42
0.43911442 5.996244 0.13513359 62
4.7795954 5.9710436 0.11150408 104
4.8657093 5.9224248 0.16246618 87.5
0.27498466 6.009891 0.10232939 75
0.53343892 6.0058603 0.10425978 53
3.8531227 6.123127 0.10859546 105
1.9087255 6.4269147 0.1731073 23
0.8452251 6.6910081 0.18357109 45
0.9796741 6.6616564 0.17662838 45
0.58799267 6.7459755 0.16483045 41
0.87618512 6.7048798 0.19926748 40
-0.77496457 -5.5408187 0.26632974 150
-0.68361789 -5.552969 0.21606718 150
-0.445979 -5.5013275 0.29020414 67
-1.4484868 -5.4159689 0.22797894 150
-1.3628188 -5.4249787 0.24913538 150
-1.5776933 -5.3963699 0.28537297 140
-0.34119287 -4.860661 0.25466374 97
-0.13023449 -4.8815203 0.26600307 139.5
-2.4216199 -4.4161263 0.21902291 61
-2.3459547 -4.4312816 0.27039665 84
-2.2556052 -4.4444146 0.20860489 95
-2.4726367 -4.3826098 0.27431181 92
-2.374589 -4.1261215 0.25385737 25
-2.3911419 -4.0198526 0.22912867 40
-2.3267636 -3.8561327 0.28207421 18
-1.1658497 -3.3206987 0.26812103 28
-1.4368454 -3.2516887 0.26535845 40.5
-1.1431389 -3.2541056 0.23962116 31
-1.0791731 -3.235883 0.22273508 39
2.7990706 -2.0055459 0.2704314 63
2.2523549 -1.9159362 0.26494193 73
2.522244 -1.9568324 0.27734196 74
1.7501752 -1.8242767 0.24614188 72
1.980062 -1.842527 0.25298017 90.5
2.0637102 -1.8447413 0.28351116 56
2.7222755 -1.8964087 0.22080131 44
2.8268795 -1.8441418 0.25188372 43
6.3893228 -1.8229171 0.22553517 106
1.4618448 -1.7601846 0.29462478 83
1.5311595 -1.7766628 0.24659355 70.333336
1.7728589 -1.7914119 0.27478042 93
1.9252641 -1.7362412 0.23502773 150
2.1702552 -1.7834041 0.21495079 31
2.3559222 -1.7484341 0.225573 46.5
2.852232 -1.7631679 0.25051948 8
6.4101954 -1.7231455 0.2512407 115
1.3844068 -1.6834376 0.24983025 150
1.6280998 -1.6366483 0.22029535 46
2.2082007 -1.67215 0.20624606 12
2.84956 -1.639506 0.29020688 8
6.4289699 -1.6244451 0.27626601 122
6.4426656 -1.5239049 0.29784736 115
2.902493 -1.4130957 0.20769539 60
-1.2554619 -1.3147926 0.24822077 1
2.900701 -1.3306823 0.23816845 84
-1.2420181 -1.2871342 0.2370376 1
1.0823636 -1.243803 0.27820477 3
1.1329141 -1.2697632 0.227898 12
2.8981421 -1.2482815 0.26511577 70
2.9129388 -1.203697 0.2855998 55
-1.1860161 -1.1414514 0.2357543 1
0.9467054 -1.1250755 0.25740793 4.2857141
1.010651 -1.1699818 0.29277647 4
0.83172864 -1.0300027 0.24588881 6.1428571
0.91466385 -1.093025 0.23279023 6.5
-1.2158937 -0.96153653 0.23508318 0
-1.1537234 -0.96505255 0.24846418 1
0.67592013 -0.9167279 0.24951857 6.5
0.75151175 -0.9638235 0.24191785 6.6666665
0.5779227 -0.81879634 0.24052438 8
0.63286436 -0.88345671 0.25439051 6
-1.1218234 -0.71132171 0.26905322 0
0.48758847 -0.75813884 0.24573748 5
0.51719904 -0.75566566 0.23310873 8.25
-1.3388838 -0.66296649 0.27479237 1
-1.153354 -0.65549964 0.24744576 0
-1.5475216 -0.56305236 0.22879629 9.666667
-1.4597118 -0.58372247 0.20660533 11
-1.185793 -0.59860426 0.22989562 0
-1.5266553 -0.45530102 0.23526992 4
-1.5145817 -0.34287396 0.2411795 4.75
-1.5024354 -0.23444206 0.24339333 5
-1.4973248 -0.27323836 0.24142683 5
-1.4846807 -0.14425801 0.2282759 5.3333335
-1.6554416 -0.043159924 0.25794539 13.8
-1.5224915 -0.081690066 0.21297529 8
-1.4766549 -0.09335804 0.23824015 4
-1.6552 0.053011179 0.25273639 18.5
-1.632545 0.13607325 0.24864383 21
4.279479 0.16831307 0.27253455 10
4.5769134 0.11591867 0.29784206 9
4.1675835 0.25137419 0.2588982 51
-1.5794433 0.36252221 0.2144151 12.2
4.1786628 0.35893011 0.26815984 49.5
-1.572076 0.4400596 0.20522049 9
4.1951699 0.45259488 0.25593475 51.5
-1.2942595 0.5685702 0.28890845 10
4.2085867 0.54763198 0.24111305 53.5
-1.2740113 0.65824699 0.27270216 9
4.2258682 0.6448859 0.22491899 54.5
-1.2596271 0.73985523 0.26964194 7.4285712
4.2428451 0.73459786 0.20817804 49.333332
-1.3565615 0.85800093 0.24585111 3.3333333
-1.4517195 0.9553926 0.21692067 7
-0.35782146 0.99185562 0.21360241 10
-0.26433355 0.97991848 0.25164533 11.5
0.68063021 0.96341038 0.24148774 18.6
0.742773 0.9681924 0.23020802 14.555555
0.81536847 0.96205884 0.25051409 6.5999999
-1.4846942 1.040803 0.25842115 14.25
-0.51520419 1.0981579 0.28097725 12
-0.47988111 1.0909084 0.28658247 10
-0.36500067 1.0136824 0.25235039 8.3999996
-0.2495033 1.0107741 0.21900253 9
0.86809015 1.0265074 0.2464934 3
0.91946393 1.0898347 0.25202724 2
-1.4558344 1.1756409 0.2642675 18.666666
-0.52313286 1.1151828 0.23230229 10
-0.46747145 1.1177704 0.25102174 9.8000002
0.9581449 1.13562 0.24282403 2
1.0006229 1.1944985 0.27722082 2
-1.4456053 1.2253033 0.25080293 67.14286
1.0621865 1.2621888 0.24926516 1
-0.97754437 1.3465544 0.26955169 3.6666667
1.0750417 1.3029883 0.23694471 1
1.1470277 1.3653471 0.25810623 3.5
-1.4160118 1.4537094 0.21249481 21.5
-1.3969994 1.4933369 0.27089062 75
-0.96165222 1.4295385 0.25390026 2
1.1881257 1.4152304 0.28145331 9
1.2137672 1.4431349 0.23351102 7
-1.3906994 1.5488408 0.23504019 59.75
1.2635401 1.5162302 0.23844096 7
1.3032142 1.5658193 0.21397004 7
-0.81153148 1.6640775 0.26274097 1
1.3301474 1.6309599 0.22701396 2
-0.84450299 1.7050141 0.27922297 2
-0.78827459 1.7173694 0.24502072 2
-1.3270304 1.9277738 0.28732833 46
-1.26987 1.9462042 0.24936008 87.5
-0.92163676 1.9947296 0.21068743 94
-1.3078675 2.0431333 0.29845589 18
-1.2464664 2.0260234 0.22183166 36
-1.1075367 2.0438468 0.2676785 10
-1.038619 2.0560048 0.22361314 30.5
-0.97733378 2.0664687 0.24606407 56.333332
-0.83713371 2.04635 0.25899288 47
-0.806068 2.1083667 0.23427077 26
-0.78766996 2.2345126 0.21536161 20
4.5272512 2.3231778 0.27646205 40
4.5448666 2.4224334 0.23455495 47
4.5956435 2.8139431 0.27013221 46
4.6139154 2.919992 0.23366936 43
4.7248878 3.1343839 0.24817699 10.5
4.7588687 3.2201819 0.25388008 9
-0.0033240556 4.7362103 0.27429745 10
0.40650645 5.3568549 0.24045594 49
3.8292713 5.6559701 0.29353464 13
6.2200732 5.6461291 0.28943449 61
6.3081112 5.6337733 0.29548118 68
5.7926927 5.8022537 0.25907895 24
4.7655401 5.9110441 0.24165185 88
4.8203659 5.9118996 0.2982991 98
5.0318666 5.9235301 0.28228265 38
3.5193486 6.1343908 0.28332099 88
3.9653902 6.1071215 0.21270669 99
0.94654953 6.6663337 0.2914201 47
1.0861571 6.6437454 0.27527553 44
0.3666397 6.7649784 0.21615909 38.5
0.43882522 6.7597013 0.22538789 68.666664
0.52397776 6.7478886 0.29436183 44
-0.88172787 -5.5130005 0.3322446 119.5
-0.55032539 -5.5638409 0.3668398 150
-0.48251462 -5.5530796 0.33355343 150
-1.5185381 -5.4059572 0.30603164 150
-1.4083813 -5.4008346 0.31585374 150
-1.36807 -5.4365053 0.36901706 150
-0.33595607 -4.8517017 0.37353384 136
-0.13572133 -4.8893504 0.37489021 126
-2.4442172 -4.362174 0.34379822 54.5
-2.3660903 -4.0239215 0.33789271 38.5
-2.3828084 -3.9867015 0.39748061 45
-2.3064981 -3.7975595 0.39730901 23
-2.1360569 -3.3365617 0.3985672 12
-1.3649026 -3.3098109 0.38704774 71
-1.4460015 -3.2588117 0.33530486 65.5
-1.2508333 -3.2300434 0.32314318 54.25
5.9910417 -2.1120298 0.31789255 114
2.7630744 -2.0115318 0.31530586 64
6.0076613 -2.0057676 0.34553394 117
2.1627889 -1.9034283 0.36866358 72
2.2180228 -1.9140339 0.30748206 71
2.4437137 -1.9465863 0.35791886 63.5
2.6611032 -1.9913471 0.39850309 59
2.7601964 -1.9522415 0.36216843 53.333332
1.6675684 -1.8097636 0.36645189 72.5
1.7049938 -1.8117881 0.30548176 74
1.8686377 -1.8209591 0.35040367 74.333336
1.9391371 -1.8449606 0.35101023 70.333336
2.130893 -1.8564864 0.32053328 25
2.2080479 -1.8751945 0.36020961 4
2.7952166 -1.8665762 0.36008117 57
2.8069372 -1.8673251 0.30961853 54
6.0185304 -1.896579 0.37045413 118
1.3999827 -1.7175883 0.36092988 140
1.4670424 -1.7726587 0.36134255 69.333336
1.5307791 -1.7691147 0.34887111 85
6.0393424 -1.7922398 0.39377803 111
2.8479943 -1.5424852 0.32144588 65.5
2.8513734 -1.4504257 0.35047483 80
6.4556394 -1.423386 0.31873226 120
-1.2788976 -1.3159428 0.34016043 1
2.8483126 -1.35691 0.37608084 81
6.4764428 -1.3245779 0.33877328 120
1.0559675 -1.2140557 0.33735082 3.6666667
1.1295439 -1.2611544 0.39412019 4
3.0232396 -1.206311 0.31566894 29
3.1580155 -1.2169565 0.35097098 17
3.3243723 -1.2363427 0.39138955 6
6.4936752 -1.2258856 0.35674909 124
0.95567203 -1.1269212 0.35451674 5.5
1.0237643 -1.1845554 0.35843289 4.5999999
6.5101495 -1.1262151 0.37403494 122
-1.2001582 -1.0370941 0.3403329 1
0.86882478 -1.0594332 0.3461518 6.375
0.90310049 -1.0934753 0.33947217 5.5
6.5273066 -1.0274973 0.3877677 123
-1.2516479 -0.96418929 0.30715027 1
-1.1983198 -0.99303734 0.34697822 1
0.67435926 -0.91509968 0.33277139 6
0.75249398 -0.97743016 0.34484145 6
-1.1717027 -0.83721691 0.36086348 0.5
0.4346576 -0.82879591 0.34061411 6
0.5810746 -0.84683019 0.3591156 5.8000002
0.63601953 -0.88493824 0.35465494 6
-1.1646457 -0.73047817 0.37466955 0
0.42849579 -0.78374463 0.36297426 15.166667
0.52358824 -0.77624846 0.3531543 8
-1.4047031 -0.63403755 0.33221731 15.333333
-1.3980029 -0.63402784 0.30324748 16
-1.1873509 -0.65897423 0.34872758 0
-1.5652245 -0.56533575 0.37666407 12.5
-1.4437418 -0.58972448 0.35376087 11.666667
4.1804762 0.18555446 0.31064367 29
4.500885 0.13107087 0.3467994 10
4.1765318 0.25060508 0.30244303 45
-1.320011 0.4647398 0.31614733 0
-1.5052711 0.53152478 0.38759923 11
-1.4547631 0.55270195 0.37939674 10
-1.3495171 0.53688741 0.3296223 8.5
-1.3369942 0.62692124 0.32768014 10
-1.2861035 0.66275656 0.30420575 10
-1.274755 0.75296187 0.33053911 2.5
-1.5025752 0.97998506 0.34157771 16
-1.1599528 0.99750721 0.34211054 1
-0.27667218 0.98962677 0.34828687 11
0.74929702 0.98399544 0.3601394 22.200001
0.82834023 0.97086447 0.33229151 5.3333335
-1.4907573 1.0274433 0.34487408 29.888889
-0.85590047 1.0249745 0.38700029 0
-0.51730359 1.0897672 0.31667966 10.25
-0.49651164 1.0925426 0.33339742 11.75
-0.36695296 1.0372159 0.34286216 8.125
-0.25631022 1.0046504 0.34711725 13.25
0.8756659 1.0323682 0.34779727 2.75
0.90822071 1.0828676 0.39534914 2
-1.461107 1.1683027 0.33888882 73.25
-0.92867857 1.1933014 0.3689492 2
-0.83590585 1.1672026 0.39812842 0
-0.53677315 1.1057361 0.35778591 9
0.94767481 1.1333284 0.35254109 2
1.0148053 1.179606 0.37763387 1.5
-1.4532791 1.2162367 0.35842952 78
-0.83781463 1.2380939 0.39990142 5
1.0469244 1.2365391 0.34992534 3.75
1.123588 1.3429017 0.33150899 3.5
-1.367929 1.4746187 0.31834751 6.5
-0.9439587 1.4558942 0.36287588 7.5
-0.81927538 1.4356699 0.38806868 0
-0.78214604 1.4405462 0.39776716 0
1.2030252 1.4818716 0.3180441 5
1.283971 1.5938513 0.36844838 4
-0.83676523 1.6873368 0.39997911 1
-1.3566744 1.7525804 0.33515954 58.5
-0.98943001 1.7083849 0.37985501 2
-0.87917846 1.7503967 0.30301952 3
-1.3373579 1.8516067 0.307239 49
-0.94061631 1.8336203 0.36103061 7.5
-0.89453608 1.8346103 0.38586602 37
-1.3057443 2.0083742 0.39691642 134
4.4705629 2.0334067 0.38882649 50
-1.243463 2.174808 0.33343202 61
-1.0355108 2.1541054 0.37347245 8
4.4848118 2.125627 0.35333127 46
-1.0231605 2.2025187 0.35692537 17.5
4.5039349 2.2228861 0.31563747 43
4.5176263 2.4023814 0.39577103 48
4.5369925 2.501498 0.36753404 48
4.5623403 2.6088853 0.33711013 44
4.5842023 2.7141328 0.3046104 39
4.6871405 2.8799348 0.33159202 3
4.6896539 2.9262214 0.38459548 9
4.7385769 3.2508557 0.3456035 11
0.28797281 5.3671904 0.3368361 107
3.923013 5.6179523 0.38948137 11
6.1482983 5.6598401 0.39644861 66
6.2218804 5.6474867 0.3935172 67
0.29009163 5.7390242 0.32376248 33
4.7024012 5.9179397 0.35474437 88
5.1705117 5.912869 0.36995858 24
1.0479425 6.6496892 0.39994776 46
0.27109674 6.7800598 0.31968933 43
0.38919407 6.7710371 0.3720122 41
0.44828349 6.7488818 0.32964316 46
0.51644742 6.7444668 0.31186575 43
0.8084802 6.7129445 0.32991463 40
-0.58647436 -5.5619111 0.40482134 76
-1.3725152 -5.4399834 0.48701578 144
-1.4216381 -5.3980393 0.43118218 117
-0.34250984 -4.8524628 0.48087823 133.5
-0.14199327 -4.8892021 0.48428324 129
-2.4672651 -4.3125916 0.44186738 52
-2.3792932 -3.9681599 0.48210502 46
-1.4839889 -3.4526498 0.4468967 13
-1.4864638 -3.3914111 0.46596873 54
-1.4630287 -3.2594426 0.44578376 43
-1.3692199 -3.2562613 0.40016261 82
-2.0430894 -3.0398629 0.40941903 8
-1.9999329 -2.8456452 0.42734927 4
-1.9714257 -2.6854062 0.44616205 0
2.3547165 -1.9348464 0.45756483 64.333336
2.5747623 -1.9772041 0.48220617 62
2.6180263 -1.9857718 0.44036227 62
2.7619839 -1.9503291 0.46084756 60.25
1.6196647 -1.8044227 0.44581211 68
1.7130635 -1.8051115 0.48734358 75
1.8548632 -1.8420291 0.44842702 68.5
2.050045 -1.8530599 0.45491531 71.333336
2.1155541 -1.898298 0.43010506 74
2.7745016 -1.8835721 0.40189818 58
1.4457846 -1.7573181 0.43764696 80
1.5467222 -1.7614536 0.47638282 93
1.6309643 -1.7893207 0.4258998 87.5
6.3930755 -1.7911171 0.44086698 121
2.7967978 -1.6974939 0.49901345 18
6.4030848 -1.6779163 0.46086812 111
0.30856821 -1.5879283 0.48353896 18
6.4284325 -1.5699894 0.48068434 110
6.4448185 -1.4586895 0.49844402 118
-1.3163188 -1.326116 0.46626967 1.5714285
-1.2967814 -1.3201429 0.40254179 1
0.33192614 -1.3730253 0.45649052 5
1.1607755 -1.3058358 0.46740136 16.666666
-1.2981513 -1.2594731 0.49621153 2
1.0867538 -1.2211399 0.40809131 5
1.1517973 -1.2714849 0.46595854 12
2.8494098 -1.238848 0.40729958 75
3.0786591 -1.207755 0.48488545 28
3.4694941 -1.2395588 0.42868206 23
-1.2755549 -1.158612 0.48881018 1.5
0.96090561 -1.141113 0.44807884 5.625
1.0019299 -1.1663214 0.46750662 5
2.9378686 -1.1987492 0.44487065 28
-1.2354136 -1.0265808 0.47374627 1
0.82673872 -1.0359218 0.44409895 6
-1.2310607 -0.94081932 0.47592163 1
0.68665069 -0.92621893 0.46804419 6
0.71271431 -0.94724971 0.41669703 6
6.5415602 -0.92688322 0.40155727 120
-1.2167476 -0.87077409 0.47112429 0
0.55179769 -0.82490331 0.45257887 5.5999999
0.62185884 -0.87485123 0.43954983 6
6.5579696 -0.82817769 0.41317919 115
-1.2043908 -0.78934181 0.467567 0
0.38418099 -0.77048647 0.45571634 17.285715
0.44564953 -0.77354616 0.42308506 11.333333
0.51811081 -0.79769146 0.48929656 6
6.5252151 -0.72222984 0.42068517 114
-1.2141435 -0.64095283 0.41469496 0
6.5963464 -0.62954295 0.43350929 110
-1.7507105 -0.52777177 0.44718444 49.5
-1.6589012 -0.55484229 0.46104369 12.666667
-1.5330167 -0.57543188 0.43799809 12.5
-1.4546655 -0.58962363 0.40897244 11
6.6155243 -0.53071606 0.44225648 115
-1.7567993 -0.45493442 0.45919263 51
6.6275148 -0.43013209 0.44830021 105
-1.7438141 -0.35977229 0.46645141 16
6.6472993 -0.33025867 0.45350626 109
-1.7139381 -0.24662252 0.46751735 16
6.6699195 -0.23127231 0.45724642 113
-1.7012825 -0.15791732 0.47030187 15
-1.6880275 -0.10489405 0.46961692 15
6.6832433 -0.13061091 0.45902407 106
-1.6816638 -0.035210621 0.48064333 17.799999
6.697237 -0.029911088 0.45866865 111
-1.6639581 0.056477774 0.47630787 18.333334
6.7105079 0.070767306 0.45761704 102
-1.6483126 0.15478891 0.46814454 17.666666
-1.6266879 0.25833535 0.45532098 17.428572
-1.609774 0.36455247 0.44191337 17.833334
-1.6029878 0.43638641 0.43975705 15
-1.5925624 0.46091184 0.42306378 18.75
-1.5792083 0.51967853 0.41930547 15.333333
-1.5083501 0.89861113 0.49596393 15
-1.504312 0.91954643 0.44785365 13.333333
-1.4925208 0.98417562 0.44835964 15.75
-1.1171765 0.99763173 0.42691886 1
0.71911013 0.97974128 0.4429515 23.200001
-1.12038 1.0441285 0.44312239 0
-1.0941628 1.0054597 0.49190444 1
-0.87130994 1.0534748 0.44328293 2.1666667
-0.51822561 1.0907427 0.45584491 14.333333
-0.37765774 1.0382866 0.44839627 14.714286
-0.27051821 1.0369968 0.45506403 11.166667
0.89579934 1.0574899 0.42266577 3
0.92565084 1.0717721 0.47538674 2.5
-1.4596367 1.1757367 0.44629863 76.666664
-0.86064744 1.1282574 0.44513431 1
-0.52452511 1.1116682 0.44624388 11.75
0.9655838 1.1342049 0.43363866 2.1111112
1.0047007 1.1777954 0.40660697 2
0.99477005 1.2023289 0.48720023 1
1.040256 1.2595543 0.44008431 1
-1.418152 1.3678246 0.43132108 39
-0.84009856 1.3991154 0.40240195 5
-0.79197526 1.3820169 0.42909569 3.5
1.1159987 1.372177 0.46378869 1
-1.4041227 1.4368204 0.44723824 79.666664
-1.3975739 1.4587132 0.40464264 73
-0.84846598 1.4333744 0.47927526 23.666666
-0.78420985 1.4425937 0.43556497 5.5
1.1767129 1.4405774 0.41466302 1
-1.3995297 1.5098451 0.45297503 71.5
-0.81390965 1.5069715 0.49164766 7
-0.76357853 1.547565 0.42605144 9.5
1.2490622 1.5371675 0.4724389 4
-1.3852792 1.6551771 0.47643679 31.5
-0.73694265 1.6386292 0.41288775 4
-1.3677337 1.7493608 0.45570442 59
4.4280419 1.7644508 0.48565963 37
-1.3426708 1.8422647 0.43174025 104.5
4.4451952 1.8556939 0.4557797 52
-1.3170514 1.995935 0.49725881 17
4.4517179 1.9418623 0.42254028 51
-1.3108033 2.0011835 0.44663575 66
4.4571967 2.0337093 0.49863857 37
4.4686308 2.1214595 0.47473326 47
4.4869161 2.2145047 0.45073807 49
4.5036969 2.3085003 0.42393997 48
4.7017303 2.9790509 0.44000006 11
4.7103581 3.0296869 0.49595481 14
4.7145252 3.3083692 0.44671342 1
0.25468278 5.5224624 0.45054793 17
6.139122 5.6633615 0.49102062 64
3.2814858 5.7126751 0.41189018 39
4.6495657 5.9375949 0.46748045 97
4.7470779 5.9233165 0.40451744 100
5.3175368 5.9046011 0.45750403 2
1.9718149 6.4275851 0.49042925 29
0.37865898 6.7621202 0.42462313 44
0.46907562 6.7572904 0.43675697 41
0.55277914 6.7361016 0.43742475 44
0.60921896 6.7359366 0.41952839 44
0.73960042 6.712986 0.46100622 41
0.2851679 6.8037977 0.41115999 29
-1.4400796 -5.4152851 0.55003309 96
-0.34876731 -4.8542228 0.59025794 121.5
-0.14521307 -4.889502 0.58580947 148
-2.4588411 -4.2615089 0.5242368 42
-2.3767171 -3.9506741 0.56664538 44
-1.1371701 -3.310029 0.55610764 20
-1.5139174 -3.2986898 0.54811984 5
-1.4475529 -3.2843239 0.55772132 45
-1.2123072 -3.288383 0.59757119 71
-1.0629522 -3.2781467 0.50476795 33
2.7334557 -2.0019324 0.5187484 60
2.2745848 -1.9246887 0.55653465 71
2.4965649 -1.9655788 0.56301796 59
2.5304694 -1.9677138 0.52138788 69
2.6576726 -1.9760669 0.57899731 42
2.7325172 -1.9628105 0.5576148 58.5
1.586282 -1.8026124 0.50644785 71
1.7764143 -1.8224789 0.55268407 71.333336
1.8200178 -1.8253232 0.53953981 74
1.9945861 -1.8776232 0.59168053 79
2.0343003 -1.8807462 0.53065825 76.5
2.1430261 -1.8612516 0.51369888 57
2.2189288 -1.8763213 0.55989474 5
1.377633 -1.7610664 0.53197646 48
1.565156 -1.7838548 0.5475117 77.333336
1.6748246 -1.7838652 0.57866001 79.5
2.7903421 -1.6267158 0.51976061 43
0.29965207 -1.550082 0.52245027 15
2.7918129 -1.5325447 0.54997474 68
-1.331687 -1.4100106 0.50613141 0
2.7903631 -1.4374995 0.57740486 61
-1.3415413 -1.3380692 0.55807841 1
2.7914691 -1.3783766 0.59517872 53
6.4682741 -1.3492815 0.51466531 114
-1.3369309 -1.2869015 0.56812644 1.25
1.0801148 -1.2387302 0.57165259 5.25
1.1188097 -1.2740575 0.55432743 5.6666665
3.238658 -1.2216256 0.52951831 27
3.4114342 -1.2324046 0.57817954 23
6.4796052 -1.2370365 0.52756518 111
-1.3051702 -1.1288316 0.59614575 1.5
0.89637667 -1.1069237 0.55807734 5
0.91601765 -1.1190348 0.52157378 5
1.0342007 -1.1853192 0.51385915 5
6.504396 -1.1275928 0.53952378 115
-1.2822629 -1.0356925 0.59003961 2
0.78705204 -1.0058601 0.52047455 6
0.882707 -1.0958902 0.58077502 6
6.5199265 -1.0162758 0.54952371 111
-1.259758 -0.94906139 0.58306658 1.5
0.66109377 -0.90615439 0.5188604 6
0.76146221 -0.98569173 0.57629067 6
6.5397005 -0.90689135 0.55803281 115
-1.2409433 -0.84985894 0.57965523 0.5
0.57215887 -0.83587617 0.54882717 6.5999999
0.63620108 -0.88503265 0.56965297 6
-1.2296695 -0.74834585 0.58153981 1.6666666
0.35425133 -0.76974535 0.51632339 17.25
0.454669 -0.78317529 0.56588101 12
0.50489652 -0.78625172 0.51669574 6
6.5232081 -0.79101384 0.56080931 93
-1.4038367 -0.60946429 0.54671848 14.5
-1.3774973 -0.62473077 0.50149506 49
6.5762696 -0.68514383 0.56945693 108
-1.7593492 -0.52059603 0.52332675 52.5
-1.5040352 -0.5835762 0.57165903 14
-1.4423892 -0.59507889 0.56789541 12.5
6.5916653 -0.57380134 0.57239234 114
-1.7525439 -0.44620943 0.52352345 16.5
6.6169591 -0.46430808 0.57374179 105
-1.7290927 -0.35255027 0.51663506 16
6.633008 -0.35394213 0.57312948 103
-1.7126446 -0.24740984 0.51119477 16.666666
6.6574979 -0.24244601 0.57096577 102
-1.7051877 -0.16409934 0.50743395 20
-1.6949997 -0.11404879 0.50253385 20
6.6777182 -0.13100682 0.5674606 107
-1.6929349 -0.081738435 0.50050098 19
6.693645 -0.019620111 0.56119972 100
6.7102246 0.092784733 0.55281091 95
-1.5494871 0.73692393 0.58584303 18
-1.5203325 0.86165202 0.55834037 14.857142
-1.5060036 0.94155627 0.55096358 22
-1.4981807 0.96462739 0.5321669 78
-1.0057142 0.9572475 0.56564748 0
0.67830223 0.97585887 0.54769033 22.6
0.85024393 0.97798878 0.57023472 2.8571429
-1.4876882 1.0417933 0.54423851 56.200001
-0.90411073 1.0177526 0.59351397 2
-0.89238423 1.0276217 0.53501701 2.6666667
-0.4015525 1.0351038 0.57011962 20
-0.37511644 1.0528257 0.54679275 18.6
-0.27716938 1.0728391 0.5587157 11.4
0.88265753 1.0171316 0.52956074 2.5
0.90857458 1.0433707 0.50934553 2
-1.469269 1.1397493 0.55302632 74.699997
-0.90139967 1.1834478 0.5865621 1
-0.53220779 1.1166741 0.53770846 13.333333
-0.25942752 1.114452 0.5735938 10
0.97910762 1.175517 0.51973778 2
-1.4527439 1.2645168 0.55108345 52
-0.92177898 1.2805384 0.52226567 22
-0.87622327 1.2374582 0.57347685 14
1.0351593 1.2522135 0.55675745 0.5
-0.90606886 1.3942471 0.51609361 1
-0.88113171 1.3578756 0.58742172 53
1.0805665 1.3099459 0.52592999 1
-1.407047 1.4891553 0.5290972 46.5
-1.3965838 1.4498873 0.57917464 103
-0.84036374 1.4510208 0.55733413 28.166666
1.1689777 1.4415593 0.56169474 4.5
-0.82070601 1.5341268 0.56268233 18.25
-0.78048599 1.5710349 0.55297101 15
1.2677447 1.5806766 0.59629971 12
4.4500108 1.570325 0.56353986 40
-0.76668823 1.6462419 0.55056596 6
4.3962049 1.6480155 0.58976281 51
4.4009471 1.6721382 0.51288009 36
4.4135008 1.7711045 0.56130409 52
4.4334693 1.8601906 0.54293036 54
-1.3269861 1.9765624 0.5977059 15
4.4297504 1.9382908 0.51923114 46
-1.3128737 2.0524311 0.57545543 39
-1.2337983 2.4707201 0.50018972 56
-1.2023536 2.5916455 0.55883622 15
-1.1734933 2.7109261 0.59256703 28
4.7095962 3.0717914 0.55175179 16
7.349875 5.3669248 0.54294157 29
-0.13058752 5.5492225 0.59648222 4
0.24412926 5.5064545 0.5840472 12
6.0647049 5.6707735 0.54449147 69
3.4116704 5.7446837 0.50025827 31
1.9452223 5.8723416 0.54631758 25
4.5913081 5.9448371 0.57954091 95
4.6745749 5.9377656 0.51117629 98
1.1467725 6.628068 0.50586176 45
1.231143 6.6204476 0.50261229 4
0.21970168 6.7921562 0.54709065 39
0.35924491 6.7714424 0.53747135 41
0.44613922 6.7585683 0.55862886 38.333332
0.66479707 6.7242064 0.56966126 65
0.71780729 6.7216682 0.52302629 31
-1.4849857 -13.608788 0.64328325 56
-1.4565362 -5.4195132 0.66807896 20
-1.3800678 -5.4149165 0.65677017 57
-1.283859 -5.4393015 0.61238229 37.5
-0.36894047 -4.8678074 0.6999225 101
-0.14960806 -4.8929534 0.6492461 110.5
-2.4491706 -4.2093148 0.60270554 40
-2.4288588 -4.136095 0.67620403 39
-2.3723638 -3.9260867 0.64934671 43
-1.566373 -3.4059901 0.63676584 82
-1.4612591 -3.3069921 0.63367623 73
-1.1928686 -3.3212311 0.60517412 62
-1.3200426 -3.2040627 0.67153597 79
-1.2637143 -3.2273343 0.65068007 87
-1.081488 -3.2925203 0.68285012 30
2.1855521 -1.9084575 0.67431045 68
2.2282999 -1.9169077 0.61569166 68
2.3879418 -1.9436024 0.68396616 69
2.4401398 -1.9532207 0.62309349 67.5
2.5706966 -1.9689981 0.67641121 59
2.6450944 -1.98542 0.65298152 60.5
2.7265053 -1.9801306 0.62897193 44.5
1.7272882 -1.8189396 0.66057497 71
1.8874764 -1.8297523 0.61921352 69
1.9547228 -1.8612986 0.65737814 72.666664
2.7520823 -1.8992075 0.65553606 65
1.4587712 -1.7609413 0.66039848 88.75
1.5206211 -1.7909096 0.62406713 71
1.7548585 -1.7951156 0.64208376 85
1.809692 -1.7988491 0.68644536 80
-1.3724756 -1.3401595 0.66101176 1
2.792551 -1.3192509 0.61153722 66
-1.3465619 -1.2515663 0.62342745 0.75
1.0457273 -1.2219822 0.64757389 5
1.1463362 -1.2693516 0.63540196 5.3333335
2.7941275 -1.2330906 0.63592994 74.5
2.901593 -1.2036653 0.68910766 16
1.0442666 -1.1999919 0.62798047 21
-1.2772319 -1.0673028 0.68321294 7
0.84563714 -1.065289 0.65127575 5
0.72669739 -0.95713121 0.65532422 6.75
-1.2745998 -0.84383661 0.68714863 1.5
0.5670141 -0.83349133 0.64452904 6
0.61237538 -0.8693378 0.62386823 6
-1.2521853 -0.74771518 0.67431557 1.5
0.39846468 -0.78097987 0.63277906 6
0.40902513 -0.78261638 0.60788894 13
0.52437413 -0.78732061 0.65700126 5.5
-1.3616577 -0.61608899 0.69444072 4
-1.2535117 -0.62423992 0.64285278 1
-1.7047715 -0.5526861 0.67620695 60
-1.6253209 -0.56560278 0.66286314 13.5
-1.5561434 -0.57449675 0.62680525 13.5
-1.4835755 -0.58329254 0.61798978 13
-1.660172 0.049105674 0.6962775 16
-1.6467264 0.14111264 0.68780196 18.200001
-1.6309381 0.23964538 0.67835665 18
-1.612888 0.34541413 0.66610491 18
-1.6039029 0.45791766 0.66275853 17.333334
-1.5935003 0.44887722 0.64567357 17.333334
-1.5813789 0.55268979 0.63624895 16
-1.5667298 0.6459583 0.63121712 16.200001
-1.5449389 0.76150829 0.6521306 12.666667
-1.5215386 0.85745412 0.64566517 25.75
-0.51851302 0.88279557 0.64070165 1.75
-0.40387475 0.87822366 0.65161335 1
-0.36208081 0.88284194 0.64069366 1.75
-0.2754817 0.89921081 0.6514501 4
-1.5108904 0.92808598 0.60963702 43.5
-1.0135312 0.9614222 0.66291887 3.5
-0.92713094 0.97839427 0.63379669 1
-0.52451885 0.95031691 0.61885619 6.25
-0.30034238 0.91076314 0.63139635 11
-0.28057548 0.94662279 0.62869221 7.3333335
0.66005671 0.96453875 0.61931205 10.5
0.79242861 0.94990259 0.66411036 6.5
0.82726127 0.94956672 0.63924742 4.2857141
4.2701831 0.98195207 0.69708931 51
-1.4756947 1.0836616 0.65904695 74
-0.91977 1.0110224 0.65669125 3.3333333
-0.53266382 1.0858455 0.64944357 7
-0.40824032 1.0283056 0.62924707 15.5
-0.37593639 1.03827 0.63903284 8.5
-0.29333693 1.0624315 0.6359396 15
4.2878995 1.0472981 0.68396884 53
-1.4746797 1.1191674 0.61496758 74
-0.93594211 1.1807506 0.61223501 2
-0.54764485 1.1313065 0.63183546 10.333333
-0.26326799 1.1072723 0.65250754 11
4.3046808 1.1472293 0.6659711 57
-0.90835088 1.2724383 0.66667336 10
-0.88771135 1.2183462 0.60913932 15
4.3228283 1.2461823 0.65210032 52.666668
-1.4024469 1.3640233 0.65961796 108
-0.88914061 1.3770525 0.64650333 47.5
1.1064215 1.3566681 0.60669923 3
4.3518229 1.3503735 0.62932694 55.5
-0.85188138 1.4575298 0.64601779 26.5
4.5803719 1.4970986 0.62486988 36
-0.82950783 1.5056936 0.61851388 31.5
4.4680901 1.5626678 0.62967968 35
4.6021905 1.5370339 0.66918778 34
-0.84928137 1.6772422 0.67560881 7
-0.78697038 1.6150677 0.62190139 13
-1.2742982 2.2964044 0.69721699 1
-1.2230994 2.6248562 0.66343254 30
-1.1808727 2.8800325 0.63513827 28
-1.1575854 3.0226779 0.61939317 44
4.7211747 3.1456723 0.63886458 17.5
7.3324041 5.4303555 0.64549804 41
0.18436906 5.5087004 0.68894339 23
5.9809546 5.6904449 0.684937 69
6.0111556 5.6846795 0.60897434 67
4.5311732 5.9469371 0.69168216 95
4.6056747 5.9513626 0.61729139 99
3.7331583 6.1363449 0.62837434 113
0.76260912 6.6995645 0.65301716 45
0.82484901 6.6982622 0.62447995 46
1.1768434 6.6180658 0.63389158 4
0.15192939 6.7984991 0.68533874 38
0.25054017 6.7822008 0.64347672 40
0.59260875 6.7331724 0.63660192 43
-1.4720546 -5.4157319 0.7862221 30
-1.3821731 -5.4379835 0.72702014 101
-0.34167939 -4.8631978 0.70114201 117
-0.15713423 -4.8874006 0.71148765 82
-2.0993705 -4.7924681 0.7298516 16
-2.0845377 -4.5870075 0.70973033 24
-2.1373467 -4.4710793 0.75038207 94
-2.0771861 -4.4849224 0.75033057 118
-2.4200101 -4.082974 0.75159693 38
-2.3736553 -3.9108224 0.73354381 38
-1.5744501 -3.3710518 0.74303055 12
-1.4837883 -3.3340631 0.78810227 37
-1.4332315 -3.2675977 0.7161718 68.5
-1.3795714 -3.2641544 0.743644 63
-1.2158327 -3.2288861 0.78281301 84.5
-1.1375161 -3.2480145 0.72777015 79.333336
3.0860763 -2.0168226 0.79965383 59
2.3401117 -1.9327185 0.74359161 67.5
2.4741921 -1.9547156 0.79614687 72
2.5372016 -1.9643024 0.75322294 63.666668
2.6265783 -1.9831096 0.72918749 61
2.9133716 -1.9575398 0.7248646 150
1.6804855 -1.8154174 0.76114857 67
1.8744119 -1.8352071 0.75772977 60.666668
1.9271989 -1.8427645 0.74797839 54
2.019748 -1.8511134 0.71650511 22
2.1332145 -1.8989727 0.75331759 70
1.4654378 -1.774237 0.74351752 81.5
1.546337 -1.7739023 0.75098342 82.666664
1.0123463 -1.2092065 0.73568851 2.5
1.1303169 -1.2704825 0.73062694 18
1.0045308 -1.1879064 0.72369987 1
-1.332567 -1.0484155 0.72110063 2
-1.3049898 -0.95448244 0.70417809 2
0.56457812 -0.83444881 0.73612928 3.5
-1.3299105 -0.73361576 0.75012612 1
-1.2838669 -0.70174599 0.75225508 1
0.35226575 -0.77055752 0.73827863 0
0.42530048 -0.79740989 0.71204758 0
-1.3170561 -0.62934762 0.77949584 0.5
-1.2823367 -0.66267848 0.75214195 4
-1.7549831 -0.53327966 0.73038089 88.5
-1.687748 -0.55465746 0.72247213 14
-1.5218145 -0.58724618 0.78429228 14
-1.4506315 -0.59145677 0.7376219 14
-1.3270015 -0.57420135 0.75371778 0.75
-1.7446412 -0.44994855 0.72905046 84.5
-1.7303424 -0.34875527 0.72556376 85.5
-1.7176753 -0.25092688 0.72231579 41.333332
-1.7093968 -0.15647885 0.72032124 16.75
-1.6985457 -0.11092064 0.72138846 16
-1.684339 -0.046028212 0.70765084 16
-1.6723467 0.058239851 0.70237952 16
4.3722353 0.1527966 0.79248679 19
4.148459 0.24037218 0.76196891 52.666668
4.1590552 0.34540451 0.77350551 54.333332
4.1777415 0.45014951 0.75107008 53.666668
4.1920357 0.54187512 0.75084037 53.5
4.2134867 0.651317 0.73998749 55
4.2338057 0.76219773 0.72667933 51.5
-1.5174899 0.84085232 0.71493006 4.6666665
4.2479444 0.83929753 0.717067 52.5
-1.0209734 0.9728325 0.71619439 8
-0.937213 0.99379742 0.73309737 2.5
0.80945146 0.9345082 0.74178112 5.75
4.2643156 0.91572762 0.70637286 52
-1.4870726 1.0356735 0.75422084 38.625
-0.38738573 1.0368671 0.79462487 2
-0.27057838 1.0705365 0.79207957 11
-1.3293961 1.235738 0.79817563 150
-1.4175628 1.3604021 0.74819404 79.833336
-0.85616893 1.3666432 0.76342285 5.5
-0.83775687 1.41014 0.72498006 14
4.7265558 3.234786 0.75875807 19.5
4.6565909 3.3713217 0.76372606 6
0.23454203 5.4954748 0.7166667 13
7.2762265 5.4499598 0.74811673 46.5
0.20489666 5.5060287 0.76611185 10
5.9214115 5.6949792 0.74804699 64.5
3.8535378 5.8814688 0.78634489 12
4.5308981 5.954721 0.72261953 99
3.8525238 6.1197052 0.72059268 113
-0.240159 6.4774194 0.78307545 27
1.1250672 6.6339641 0.76592201 26
0.36061719 6.7640724 0.71676415 41
0.42350054 6.7621241 0.72758561 30
0.65137923 6.7261524 0.73510075 42.5
0.1802121 6.8057613 0.781838 9
0.33406374 6.8039398 0.70884848 31
-1.4198031 -13.613338 0.83785754 64
-1.3458092 -5.4370241 0.87262619 105
-1.2668689 -5.4994535 0.88064134 1
-0.1537638 -4.9012032 0.80884349 134
-0.36099929 -4.86937 0.81027818 102.5
-0.16391507 -4.8982463 0.82426125 133
-2.3309255 -4.4466424 0.86480778 91
-2.246156 -4.4535332 0.84438086 108.5
-2.1675012 -4.469357 0.81574696 115
-2.412797 -4.0320091 0.82482755 37
-2.4020646 -3.9737039 0.89640123 35
-2.3639765 -3.8637648 0.8553822 33.5
-1.5195206 -3.3586469 0.80262274 33
-1.4849128 -3.3583932 0.81889975 33
-1.3354785 -3.2795761 0.87028247 57.5
-1.2624178 -3.2118571 0.80927461 70
-2.1510863 -2.8073378 0.87546331 7
-2.1269057 -2.6546113 0.87170672 25
-2.0989847 -2.5065808 0.86571378 40
5.9477329 -2.2012057 0.82419568 115
3.2173839 -2.0342638 0.86244601 54
5.9723153 -2.0961771 0.85823411 119
2.2565885 -1.9174523 0.86518419 64.5
2.3007181 -1.9295391 0.80656236 66
2.4281988 -1.9439522 0.85549647 60.5
2.5277243 -1.9661601 0.85010958 62
2.7643654 -1.9748203 0.88768125 7
5.9911752 -1.9913599 0.88811791 114
1.6594237 -1.805277 0.8464067 69
1.8361412 -1.8439999 0.85307574 66
2.0601506 -1.8779042 0.85061723 55.75
1.4175992 -1.7755389 0.84850055 81
1.5761887 -1.7692795 0.83070099 84
1.6331986 -1.7852633 0.84291446 79
-1.5253597 -1.4130598 0.84317625 11
1.2067269 -1.4159337 0.82492638 151
1.1683773 -1.3399032 0.82827139 47.666668
3.3701456 -1.3785977 0.84336334 1
0.99434233 -1.2092124 0.80013943 0
1.1142392 -1.2872012 0.88029671 17
-1.5010959 -1.194531 0.89617997 60
-1.4769948 -1.1189861 0.88058907 70
0.97108072 -1.1900581 0.85707122 0.66666669
-1.4758639 -1.0419061 0.88286591 66
-1.4590505 -0.92525715 0.86740983 43
-1.467048 -0.89661026 0.89600444 9
-1.3951902 -0.81809223 0.83049053 82
-1.4256577 -0.73813814 0.85950494 19
0.36570951 -0.7850973 0.85683006 7.3333335
-1.420548 -0.68163246 0.89358318 12
-1.6573408 -0.56264162 0.87408155 60
-1.5572569 -0.57731605 0.84723222 14
-1.4739 -0.58728147 0.85218775 47
-1.3590596 -0.5647105 0.81237268 1
4.651206 0.086818412 0.85070384 3
4.2580585 0.16731994 0.83463895 22
-1.6277397 0.26849425 0.8994118 86
-1.6128665 0.34528649 0.89271945 85
-1.6006181 0.42434275 0.8881765 93
-1.5893862 0.48169339 0.88190603 86
-1.5794846 0.56302631 0.87812328 84
-1.5630037 0.64831632 0.86136633 37.333332
-1.5437975 0.73196065 0.86473227 35.875
-1.5261853 0.85160822 0.85027444 76.5
-1.5145574 0.94249284 0.84403658 75
-1.4923568 0.99147487 0.8218981 5
0.77577066 0.95054412 0.85293442 7.5
-1.5018955 1.0108809 0.83670563 76
-1.4923391 1.0561674 0.83107162 79
-0.43164927 1.0578355 0.82059109 6.5
-0.33028379 1.057212 0.85997212 9.25
-0.2723642 1.0621188 0.84304833 9.5
-1.4793037 1.1364934 0.84831238 76.333336
-0.61620879 1.1541176 0.87506163 10
-0.56798643 1.1334976 0.86454368 13
-1.4592865 1.242622 0.85933858 76.199997
-1.4362379 1.3291813 0.83761632 72.14286
-0.89406699 1.392917 0.88460207 30
-0.88111186 1.4419987 0.85880125 26.5
-1.4083604 1.5357186 0.86576718 16
-0.88705045 1.5421678 0.85483885 10
1.2941571 1.5660894 0.89255363 13
1.3180823 1.5921956 0.8723585 4
1.3450265 1.6214225 0.85254633 2
-1.3149008 2.1330812 0.82791197 15
4.6108613 2.9887588 0.89791834 37
4.6299248 3.1169636 0.85595071 42
4.6496387 3.248174 0.81185269 35
4.7188087 3.2910807 0.84915298 5
0.22570436 5.4875007 0.85138333 19
7.1751776 5.4545922 0.83986729 46
7.2180181 5.4726415 0.84323889 49
0.13888347 5.5070219 0.83882898 10.5
3.8511813 5.6510515 0.8450551 16
5.8568153 5.7119699 0.85019803 69.5
4.4732256 5.9665809 0.81741738 99
-0.20004538 6.485158 0.89334053 67
2.0457377 6.4073801 0.886406 20
-0.371508 6.5165386 0.87865955 4
0.41298521 6.7517805 0.89324677 24
0.80662853 6.7032156 0.84858447 7
-1.5158118 -13.599327 0.94289052 61
-2.0376866 -13.495802 0.94774598 61
-1.4474926 -5.4151311 0.93840384 37
-1.3743372 -5.4238439 0.95549631 97.5
-0.36788112 -4.8706613 0.9211089 106
-0.16381654 -4.8970461 0.92758739 130
-2.4274557 -4.4278727 0.9214524 72
-2.3553221 -4.4384022 0.95021713 116
-2.4035871 -4.3267021 0.9960025 41
-2.3893042 -4.1424098 0.91959375 8
-2.3426228 -4.0080948 0.99028713 33
-2.3901746 -3.9132912 0.964073 35
-2.3498087 -3.841495 0.94499505 16.5
-2.3025036 -3.7570393 0.99205804 38
-2.2628701 -3.5209832 0.99069595 38
-2.2324719 -3.3161702 0.99225324 10
-1.3834621 -3.2695322 0.91406512 12
-2.0651274 -2.3436375 0.98303276 4
3.3715031 -2.0616105 0.93332756 47
2.1997418 -1.9099128 0.97071493 68
2.2229772 -1.9136983 0.9284941 65
2.3628137 -1.9320906 0.95622444 63
2.457216 -1.954019 0.95194846 61.666668
2.852221 -1.9712497 0.94355643 33
1.6162281 -1.8016475 0.90315282 76
1.7642497 -1.8184662 0.9520027 68.333336
1.8079345 -1.8271306 0.93819499 33.5
2.0251808 -1.8826941 0.95773929 69
6.0034761 -1.8827963 0.91599923 113
1.3730557 -1.7449322 0.92137218 89.5
1.442542 -1.7463799 0.9455111 71
1.5491776 -1.7295882 0.95525593 24
1.6522579 -1.7616849 0.95197779 55.666668
1.7409096 -1.7874894 0.98140311 23
1.8795942 -1.738426 0.9957819 59
2.0376451 -1.7567047 0.9839831 40
6.0280395 -1.7797376 0.94436675 77
1.319262 -1.6006459 0.95925146 75
1.4674938 -1.6629727 0.96869934 29
1.5074997 -1.6763444 0.97128451 45
0.29802373 -1.5819254 0.91656238 18
-1.5396932 -1.406707 0.94946164 78
-1.5234735 -1.3165376 0.95127249 60
-1.5089502 -1.2432507 0.94162071 57.5
1.0848593 -1.2720109 0.96103293 23
-1.4986147 -1.1605511 0.9763642 60
-1.4807322 -1.0642307 0.96379554 64
-1.462122 -0.94837844 0.9500308 66.5
-1.4499245 -0.83850116 0.93434453 34.833332
-1.4327624 -0.74860853 0.95932454 33.599998
0.45887002 -0.78239906 0.95547599 2
-1.4185349 -0.63409752 0.92456979 22.6
-1.7488565 -0.53292191 0.93540376 76
-1.6684449 -0.55501336 0.96382302 53
-1.5461435 -0.58131015 0.95161307 38.799999
-1.4722837 -0.59394187 0.96447068 43.333332
-1.7452371 -0.44475335 0.9387697 83
-1.7291826 -0.35576665 0.93376088 82.5
-1.7129102 -0.24875508 0.9294464 83.666664
-1.7011211 -0.14259379 0.9989717 87
-1.6948861 -0.13093622 0.94779521 84.666664
-1.6811676 -0.043067444 0.94773662 84.199997
-1.6635139 0.057369947 0.95379829 88.599998
4.611567 0.099646613 0.92400926 11
-1.6472324 0.15467265 0.93362939 89.400002
-1.6326107 0.25099292 0.9504174 88.5
-1.6161325 0.3570056 0.9588685 85
-1.6044331 0.41707695 0.95396847 85
-1.594258 0.48354384 0.96237236 61.666668
-1.5786263 0.55575746 0.9522813 34.285713
-1.5624908 0.63995725 0.94327301 39
-1.5528642 0.73289329 0.92524052 62.5
-1.5229875 0.8651973 0.95636618 35.400002
-1.5155597 0.93918842 0.91351187 79
0.74188733 0.95724934 0.91843843 4.3333335
-1.5075918 1.011251 0.91112781 78
-1.4946289 1.0543042 0.90357965 78
-0.40098166 1.0934546 0.95556366 2
-0.39663589 1.077927 0.90259862 4
-0.2599009 1.0715154 0.93674999 2.6666667
-1.4885784 1.1053464 0.90189391 75
-0.62846226 1.15465 0.93766934 13
-0.57560521 1.1274096 0.92404866 14
-1.4432786 1.2651857 0.95567262 31.4
-1.4390152 1.3382717 0.95355707 55
-0.88790613 1.3388882 0.91873741 5.5
0.86466748 1.3880711 0.9738704 12
-1.4172654 1.4045796 0.98674506 150
-0.88569957 1.4546751 0.95351726 4.6666665
1.2657624 1.5585462 0.95784396 19.333334
4.5569782 2.7312791 0.9708097 45
4.5818143 2.8575075 0.93439847 40
7.1214843 5.4791846 0.93545932 48
5.7559919 5.7281218 0.97817767 76
5.8226514 5.7175608 0.92351198 68
3.5317144 5.9718518 0.92793208 39
4.4149928 5.9763489 0.92678177 98.5
1.8274261 6.4673519 0.96768242 27
-1.241485 -13.629607 1.0746388 66
-2.084445 -13.485377 1.0259274 64
-1.4000194 -5.4366684 1.0917366 90
-0.16188946 -4.9029059 1.0350196 123
-0.37382972 -4.8824492 1.0354583 102
-0.17600217 -4.8998928 1.0501053 130
-2.3801792 -3.8540521 1.0315746 37
-2.3598258 -3.788137 1.0767436 35.5
3.7203562 -2.1181273 1.0920717 43
3.0987415 -2.0095239 1.08676 52
3.5320306 -2.0849273 1.007637 46
2.1764431 -1.9051305 1.0129306 65
2.3627474 -1.9299315 1.0478477 67.666664
2.4483566 -1.93546 1.0191553 4
2.5445085 -1.9479823 1.0881051 22
2.9719019 -1.9900727 1.0138013 53
1.9960142 -1.8751043 1.0204815 73
2.1881843 -1.816774 1.0730677 150
2.245235 -1.8638996 1.0533712 150
1.6575911 -1.7021536 1.0222678 47
1.842963 -1.7153965 1.0465186 39
2.0109019 -1.7525342 1.0455356 40
6.371757 -1.7749888 1.0280458 123
1.3756026 -1.6391943 1.0288508 22.5
1.4577861 -1.664378 1.0607812 31
1.5330607 -1.6690654 1.0425991 11.666667
1.6424218 -1.698977 1.0638237 44
6.3924208 -1.6640636 1.0543861 122
6.4152479 -1.5550395 1.0785602 117
0.7422117 -1.4089955 1.0570937 0
-1.5387424 -1.378267 1.0069953 56
0.72696084 -1.3846605 1.0858183 0
1.0649822 -1.2766275 1.0601025 9
-1.5093566 -1.1460099 1.0343084 20.5
-1.4900068 -1.0465002 1.0815458 43.333332
-1.4259202 -0.70220423 1.0061234 11
0.38694143 -0.79170376 1.0750799 7.5
0.40698931 -0.79727447 1.0147979 1
-1.4171357 -0.64027691 1.0350434 11.75
-1.7404728 -0.54835051 1.0578179 62.5
-1.6468005 -0.56566793 1.0654384 49.5
-1.556416 -0.58170068 1.0394615 27.4
-1.7526842 -0.45245433 1.0241299 80.333336
-1.7339931 -0.3384786 1.0150177 82
-1.7196158 -0.24794936 1.0393515 82
-1.7091391 -0.19128069 1.0493021 81.5
-1.6970055 -0.13112994 1.0903878 79.5
-1.6830454 -0.046271209 1.0840147 81.5
-1.6648684 0.05785127 1.0766816 77.333336
-1.6473989 0.16062614 1.0694366 81
-1.6353333 0.24581711 1.0826557 82.599998
-1.616918 0.34656137 1.0729321 64.333336
-1.6031237 0.42688605 1.0650017 67.333336
-1.5941712 0.4736641 1.0551664 68
-1.5818392 0.54790348 1.0452999 66
-1.565902 0.65067482 1.0535358 81.5
-1.5439788 0.76031041 1.0636135 71.875
-1.5294553 0.8381446 1.0389743 52.333332
-1.5105083 0.95382595 1.0501651 77.428574
-0.41120481 0.9951176 1.0992943 9
-1.4920683 1.0605341 1.0508767 76.833336
-0.40951359 1.0163656 1.0715346 4
-0.32473227 1.0041472 1.0786253 3
-1.4746703 1.1630522 1.0469211 76
-1.4544694 1.2537391 1.0405351 56
-1.4438848 1.3352046 1.0404512 77.333336
-1.4331448 1.4109552 1.0595771 75
-0.92160165 1.4273546 1.0418851 7
0.85927361 1.4195164 1.0305641 7
1.2433819 1.5632008 1.0321305 1
4.4655013 2.2584324 1.0922987 48
4.4983683 2.3786893 1.0677668 44
4.5219641 2.4969037 1.0384426 43
4.5440936 2.6151135 1.0063152 43
4.5786023 2.8778756 1.0800002 48
-1.1708143 2.9719093 1.0884045 46
4.6004367 3.0051842 1.0556834 47
4.6241841 3.1365898 1.0306296 46
4.6456795 3.2698946 1.0034884 46
7.0455093 5.4905248 1.0351948 47
7.0548954 5.5002303 1.0238559 48
5.6936464 5.7499204 1.0787481 75
5.764946 5.7282 1.0292621 69
6.3732381 5.7292433 1.0951318 20
4.3739586 5.9739347 1.0273479 98
4.2310281 6.0748477 1.0060958 97
4.3415813 6.002182 1.0481536 73
3.7365696 6.1345444 1.0615911 100
1.9659493 6.4281287 1.0393593 124
-1.4286462 -13.623213 1.1411139 65
-1.3404981 -13.616543 1.1645768 67
-2.3344123 -13.435125 1.1906517 64
-2.2772737 -13.469893 1.1232271 66
-0.40535802 -4.9009948 1.1500242 55
-0.17405815 -4.9017401 1.1560689 125
-0.35620445 -4.8725166 1.1464999 119
-2.0898671 -4.5794411 1.1637816 21
-2.3544157 -3.7444398 1.1496677 37
-2.0718956 -2.3017652 1.1949083 49
5.9482617 -2.2169569 1.1194366 114
-2.0656388 -2.1582415 1.1665493 28.666666
3.9272318 -2.1562474 1.1846715 40
-2.0289116 -2.058552 1.1703771 51
3.2362764 -2.0284183 1.1659096 53
5.9541621 -2.0918412 1.142796 116
2.342787 -1.9252923 1.1383262 69
2.4167848 -1.9058547 1.148447 19
2.647958 -1.9618633 1.1611651 42
5.98066 -1.9755805 1.1679176 120
2.1582165 -1.80023 1.1069173 150
6.0042949 -1.8583376 1.1916761 109
1.6310613 -1.7094381 1.1360019 45.5
1.8148552 -1.7167038 1.1562518 44.333332
1.977174 -1.7422454 1.1452725 40.25
2.0812433 -1.749146 1.1841102 29
2.1212735 -1.7730515 1.135546 58
1.4683775 -1.6746153 1.1477826 51.25
0.33898178 -1.5932279 1.159507 43.5
6.4308205 -1.4423015 1.1014503 116
6.4506016 -1.333465 1.1226896 118
-1.5272974 -1.2583677 1.1432756 16
6.4711776 -1.2225159 1.1433749 118
-1.5165911 -1.1963457 1.188727 35
6.4881425 -1.1107018 1.1619978 113
6.5115323 -1.0006216 1.1798023 115
-1.4727107 -0.94759333 1.1231641 48.75
-1.4556884 -0.84855443 1.1582332 49
6.5291796 -0.88976038 1.1948709 117
-1.4390883 -0.74872887 1.1859075 53
6.4917879 -0.77008528 1.1988298 110
-1.7502933 -0.53662801 1.1618671 60
-1.6472929 -0.57053775 1.1407256 40.5
-1.5763972 -0.58342385 1.10789 45
-1.4740187 -0.59630644 1.1269979 10.5
-1.7534128 -0.45598069 1.1631012 73.25
-1.7333984 -0.35235023 1.1434376 79.428574
-1.7203262 -0.2557357 1.1445023 77.599998
-1.7054219 -0.15910667 1.1479332 79.75
-1.6964458 -0.10191082 1.1630281 82
-1.6844345 -0.034285426 1.1444679 80
-1.6687248 0.053269736 1.1532274 74.571426
-1.6507947 0.14735396 1.13966 76.444443
-1.632019 0.25019014 1.1451316 71.666664
-1.6141924 0.34384471 1.1500206 73.400002
-1.6030173 0.41747999 1.1227442 74.25
-1.5947469 0.45991513 1.1145504 75
-1.5813558 0.5535621 1.1152571 83
-1.5584546 0.66523701 1.1566157 75.666664
-1.5441369 0.74152547 1.1197912 74.125
-1.5275123 0.86454391 1.1009505 79.5
-0.41582844 0.97807741 1.1579541 9
-0.32997826 0.96628618 1.1377625 7.6666665
-0.47607046 1.0305001 1.1719964 4
-0.28482285 1.0163267 1.1838882 2
-1.4758167 1.1339275 1.1763681 7
0.8722145 1.5631164 1.165683 21
4.3973942 1.8337324 1.1922067 43
4.4084706 1.9338756 1.1687422 44
4.4272799 2.0400586 1.1444415 45
4.4533467 2.1678505 1.1552372 47
4.4645863 2.2872117 1.1712508 50
4.4941578 2.4048545 1.1581316 50
4.5153246 2.5191035 1.140897 47
4.5391474 2.6364844 1.1222056 47
4.5634241 2.7588947 1.1028018 48
6.9651418 5.4970813 1.1201713 53.5
3.9705014 5.5567598 1.1728401 11
6.5289807 5.688333 1.1881706 44
7.1209021 5.6120172 1.1414909 26
5.6602664 5.7422714 1.1542974 72
4.263443 5.9884009 1.1526002 29
4.3193369 5.9734197 1.1375614 36
4.3592472 6.0526495 1.1024287 37
3.8482516 6.100409 1.1670673 110
1.9472905 6.4110603 1.1374221 114
-0.040611863 6.7865176 1.1465528 104.5
-1.5492344 -13.609898 1.2411637 62
-1.4913321 -13.609261 1.2523843 63
-1.4063175 -5.429245 1.213659 85
-2.2097869 -4.9645996 1.2160128 20
-0.41464531 -4.9317942 1.2724992 42
-0.17926851 -4.9096079 1.2730145 118.5
-2.1255968 -4.8112164 1.2506543 19
-0.35945612 -4.8713498 1.2606673 116
-2.2490056 -4.4558558 1.2720265 107
-2.1493995 -4.4695859 1.2049201 122
-2.0973008 -4.4835362 1.2386829 108
-2.3422232 -3.7134697 1.2146833 36
-2.3364334 -3.6429069 1.2629173 38.666668
-2.1145012 -2.5779805 1.2180369 11
-2.0996907 -2.4428914 1.2102503 33
-2.0875103 -2.3965538 1.2929721 40
-2.0611706 -2.2595799 1.2777405 49
-2.0433793 -2.1411517 1.2684736 57
4.1597428 -2.1972573 1.2867305 38
-2.0477951 -2.0616863 1.2479769 23.333334
3.3920727 -2.0553787 1.2539698 53
2.3065619 -1.9120475 1.2000804 103
2.5047045 -1.911616 1.2148849 47
2.6097403 -1.9283816 1.2931057 59
2.7578132 -1.9751741 1.2376391 53
2.1848052 -1.8194883 1.2833742 150
2.2262511 -1.8454121 1.2298304 150
6.3438296 -1.842907 1.283489 83
1.5876424 -1.7006333 1.2930504 40
1.6057142 -1.7047304 1.2252494 38.5
1.7840862 -1.7070518 1.2643106 36.5
1.9541603 -1.7313219 1.2425197 44.333332
2.0712023 -1.7444991 1.2493922 35
2.1704867 -1.7772981 1.287472 124
1.437541 -1.6734114 1.264424 49.5
-1.5061471 -1.1449516 1.2177598 44.5
-1.4915425 -1.0604738 1.2645652 42.666668
-1.4802128 -0.99312717 1.2993693 42
0.41271728 -0.8040061 1.2097025 11
0.5511809 -0.83017153 1.2663139 6
-1.4281989 -0.63849401 1.2170467 39.5
6.5593805 -0.66622442 1.2215563 113
-1.7477502 -0.54130828 1.235405 55
-1.6649849 -0.57112575 1.2006513 44
-1.5589254 -0.58217996 1.2310467 44
6.5797148 -0.55323422 1.2337577 114
-1.7588639 -0.44851848 1.2383192 60.5
6.6008224 -0.44220927 1.2452296 111
-1.7442552 -0.35175231 1.240042 59.875
6.6267953 -0.32997197 1.2545058 108
-1.7256694 -0.24969427 1.246411 61.666668
6.645678 -0.21801774 1.2624775 113
-1.7087466 -0.16247249 1.2439394 61.333332
-1.6976118 -0.1138873 1.2100869 63
6.6594963 -0.10425854 1.2684141 111
-1.6906099 -0.054717183 1.2397126 63.57143
-1.6683037 0.049263626 1.2684715 62.57143
6.679616 0.010764937 1.2735473 112
-1.6506174 0.14935289 1.2350404 65.571426
-1.6346364 0.2421453 1.2209644 68.75
4.1358719 0.23733848 1.2957157 51
4.1326146 0.35194427 1.2924004 44
-1.592593 0.48400521 1.2985809 69
4.1618795 0.47103679 1.2998892 23
-1.5744454 0.55942482 1.2640411 67.400002
4.1681595 0.54849887 1.2984853 24
-1.5626258 0.62566578 1.2208006 69.25
4.1842299 0.62941289 1.2997588 26
4.2135391 0.79011667 1.2995144 53
4.2336769 0.87422824 1.2993085 60
-0.42297393 0.95926952 1.2454875 3
-0.33779112 0.93333459 1.2320894 6
-0.28847378 0.97077399 1.2413636 5
0.64370126 0.96872956 1.2459373 12
-1.4821854 1.0518698 1.2582369 35.833332
-0.48400763 1.0141639 1.2354861 3
-0.28626397 1.0129273 1.2349336 1
4.2652845 1.04506 1.2962025 57
-1.4751335 1.102001 1.201506 19
4.2880297 1.1333027 1.294541 29
4.3001685 1.2200589 1.289507 57
4.3162642 1.3243901 1.2844644 56.5
4.3543487 1.4069659 1.2853439 58
0.85904419 1.5643613 1.2103232 35
1.3221439 1.5862373 1.2547164 1.3333334
4.3807588 1.5926102 1.2681731 45
4.433599 1.5676349 1.2812325 37
4.370924 1.6553249 1.2432067 53
4.3839693 1.7525586 1.2271745 50.5
4.3995972 1.8711404 1.2285867 54
4.4165635 1.9732467 1.2156426 49
4.4333787 2.0762691 1.2020119 47
0.20046009 5.4755735 1.2607578 15
3.8799236 5.5679002 1.2788527 9
3.9554195 5.5373898 1.2683033 8
6.8176231 5.5219302 1.2943105 60
6.9082437 5.5210962 1.2156065 47.5
3.839242 5.6257048 1.2858778 5
6.6965451 5.6529779 1.2845612 68
5.5568576 5.7534199 1.2797934 68
5.648253 5.7403684 1.2377244 69
3.9607117 6.0653358 1.2718247 49
4.4976397 6.0399995 1.2021061 19
1.8991096 6.413486 1.2617799 63
-0.11417504 6.727953 1.2313911 72
-1.5920155 -13.576544 1.3362564 69
-2.5184319 -13.418004 1.300772 67
-2.5885003 -13.392877 1.3581685 65
-0.89289397 -5.5510306 1.30681 33
-1.4163084 -5.4380212 1.3401643 91
-2.1922033 -5.3080173 1.326316 62
-1.5557542 -5.3978577 1.3894488 90
-0.17357206 -4.912498 1.3822951 120
-2.191915 -4.8635178 1.3030455 20
-0.36272365 -4.8772078 1.3777782 120
-2.1716561 -4.7534208 1.3852777 19
-2.344486 -4.4351087 1.3363405 110
-2.2901499 -4.4525647 1.3814975 104
-2.1913822 -4.4675055 1.3091108 108
-2.3812509 -4.0811243 1.3677552 25
-2.333709 -3.8019273 1.3412721 13
-2.3273942 -3.6249516 1.3656361 35
-2.3220997 -3.5380943 1.3367814 39
-2.2949255 -3.551759 1.3195384 7
-2.3104358 -3.4737008 1.3914102 39
-2.1326318 -2.6846263 1.317137 7
-2.1114798 -2.5391214 1.3065937 30
-2.0800595 -2.279458 1.3907084 60
4.4114981 -2.2371824 1.3976529 40
-2.0539615 -2.1461937 1.3702203 61
-2.0359843 -2.0593176 1.3746743 60
2.894918 -2.0041358 1.3306183 49
3.5607452 -2.0826697 1.3488936 52
-2.0139368 -1.9702545 1.3773674 74
2.7227063 -1.9456723 1.3775592 67
2.1636369 -1.8064908 1.3223504 150
1.5751045 -1.7021433 1.3687855 40
1.7712464 -1.7117341 1.3642155 43
1.8431498 -1.7102425 1.335446 24
1.9160757 -1.735283 1.3497899 61.5
2.0448706 -1.7454362 1.3455477 43.333332
2.1269815 -1.7606288 1.3645954 46.666668
6.3744602 -1.7196052 1.3057222 118
1.4193861 -1.6705527 1.3631262 42
1.6750437 -1.6895168 1.3607147 5.5
1.7517505 -1.6889297 1.3588896 11
1.8635316 -1.6965119 1.3962072 40
6.3943892 -1.5953741 1.3231897 118
6.4142828 -1.4701411 1.3392464 116
6.4370074 -1.3458868 1.3552548 110
6.4582644 -1.2216389 1.3684609 111
6.4801884 -1.0973831 1.3795347 110
-1.4734457 -0.94247288 1.3250712 41.5
6.500669 -0.97313535 1.3892205 111
-1.4560724 -0.85240221 1.3557295 41.333332
0.53665292 -0.82062185 1.3392251 8
6.5268092 -0.84984541 1.3988103 114
-1.4390496 -0.74496049 1.3900448 40.666668
6.5102563 -0.7198534 1.3964069 106
-1.4945183 -0.60368276 1.3091054 40
-1.7659776 -0.54069126 1.3094851 54.5
-1.6584206 -0.56390953 1.3493884 43
-1.5414675 -0.5964489 1.3673288 41
-1.7581482 -0.45362023 1.3276583 59.25
-1.7374753 -0.34800532 1.3319391 63.666668
-1.7253815 -0.2583119 1.3347334 57.666668
-1.7104664 -0.16941817 1.3290669 62.333332
-1.6946727 -0.11060121 1.3176512 60
-1.6883298 -0.052524015 1.3114357 62
4.3055778 0.17188723 1.3594086 15
-1.6268913 0.29663783 1.3918644 65
4.1185446 0.27286932 1.3827924 55
-1.6128682 0.36059746 1.3606628 67.333336
4.1350622 0.35701793 1.381144 73
-1.6041632 0.41487956 1.3640983 67.5
-1.59294 0.46027148 1.3471305 67.25
4.1465673 0.44114479 1.3760464 60
-1.5790055 0.53258038 1.3105357 68
4.1680059 0.52731937 1.3736087 55
4.1869497 0.65652204 1.3627537 55
4.2108569 0.75068045 1.3277519 42
4.2236261 0.87588948 1.3417498 56
-1.5031586 0.94602597 1.3660834 66.5
-1.4935676 0.97186583 1.3473657 68
0.74999863 0.94911337 1.3474277 6.5
4.2500172 0.96380877 1.3170823 56.5
-1.4845511 1.0009316 1.3117468 55
4.2697563 1.06127 1.3262219 50
4.2853222 1.1524266 1.3139898 33
4.3054972 1.2467809 1.3016235 59
1.2945256 1.5576713 1.375376 6
1.3001242 1.5578405 1.3134892 3
4.5237522 1.5338964 1.3321658 37.5
3.9116848 5.5386782 1.3714927 10
6.7511692 5.5384974 1.3851182 64
6.8502235 5.5253325 1.3235936 48
6.8774409 5.6212468 1.384279 84
5.4927044 5.7661338 1.3804064 73
5.6002436 5.7536564 1.3436364 74
1.84082 6.4407396 1.3939961 16
1.9526243 6.4252443 1.3567358 26
-0.15676418 6.5005398 1.3284662 79
-0.098007672 6.7610998 1.3276318 116
-1.4393169 -13.637169 1.4441723 59
-1.7391973 -13.548868 1.4285709 66
-0.90618056 -5.5366535 1.4312406 19
-0.79939955 -5.5630574 1.4006075 81
-1.422961 -5.4306288 1.466071 67
-2.1753938 -5.2890334 1.4707494 34.5
-0.4251616 -4.9856625 1.4027389 29
-0.19378063 -4.9184241 1.4008167 119
-0.36616778 -4.8830853 1.4968811 116
-2.1403389 -4.617259 1.4544551 19
-2.1089842 -4.5944118 1.4486147 23
-2.4394233 -4.4083567 1.401486 50
-2.3907924 -4.4406652 1.4563754 119
-2.1331005 -4.4719133 1.4793925 113
-2.401269 -4.2458234 1.4703413 29
-2.3502665 -3.9486578 1.440923 21
-2.3130782 -3.6977899 1.4199607 9
-2.319488 -3.5781686 1.4396554 36
-2.2882648 -3.3666613 1.4667974 38.5
-2.1657839 -2.81387 1.4988058 9
-2.1530752 -2.7172177 1.448765 16
-2.1331377 -2.6423192 1.4722419 33
-2.1263285 -2.5609438 1.4277501 36
-2.1048465 -2.4527822 1.4295228 47.5
-2.083493 -2.3504579 1.4323542 50
-2.0605562 -2.2190578 1.4137635 58
3.7518599 -2.1158063 1.4554863 52
3.0306318 -2.0251842 1.4243085 46
2.3801544 -1.9189186 1.4622693 57
2.8465953 -1.9663235 1.4682072 57
1.7579854 -1.7114296 1.4656985 38
1.8954597 -1.7329026 1.4731481 46
1.9281592 -1.7190291 1.4446926 57.666668
2.0551949 -1.7479769 1.4604301 37.5
1.399345 -1.6668979 1.4940971 39
1.4069227 -1.6673714 1.4402024 38
1.5608414 -1.6987675 1.442749 39
1.7642846 -1.6921566 1.4588454 22
0.83973193 -1.1008635 1.4856939 7
0.59497267 -0.88942742 1.4776793 30
-1.4252292 -0.63936847 1.4208111 43
6.5732832 -0.60129678 1.4110225 111
-1.7598567 -0.5357188 1.4710813 57
-1.6401842 -0.57735443 1.4884037 43
-1.5885839 -0.58722031 1.4255484 40
-1.755909 -0.44772363 1.4949094 60.333332
6.594337 -0.47603387 1.4143399 112
-1.7330439 -0.33619973 1.4996518 56
6.6153383 -0.35076702 1.4148312 104
6.6398573 -0.22547227 1.414556 105
-1.7056381 -0.15284614 1.4991431 61
-1.6930995 -0.1175004 1.4892402 61
-1.6844006 -0.046739113 1.4830176 58.333332
6.6615124 -0.099196173 1.4129183 107
-1.6664504 0.06000052 1.4632335 61
4.6450496 0.09913215 1.482636 2
6.6838341 0.027088536 1.4091488 106
-1.6453172 0.16927797 1.4510659 66
4.1668148 0.19301884 1.4109119 26
-1.6288468 0.24955051 1.4449991 64.400002
-1.6110455 0.34406415 1.4250435 68.333336
-1.5174601 0.85778236 1.4573405 68.285713
-1.5007992 0.92121565 1.405212 72
0.74658698 0.95208722 1.4242293 4
0.90447414 1.0757415 1.4997842 11
0.92205411 1.1174744 1.4990838 2
1.2825538 1.5450764 1.4504825 6.5
7.306725 5.4119377 1.4096588 48
3.8781097 5.5567317 1.4787788 10
6.693934 5.5605311 1.479259 47
6.7882538 5.5359488 1.4196614 47
7.0716195 5.5941386 1.4873253 88
3.2616651 5.733305 1.4243784 26
5.4324198 5.7830172 1.4818264 71
5.5472646 5.7595944 1.4470491 71
4.0591297 5.9832511 1.4742683 19
-0.22539592 6.4999003 1.4662852 117
-0.15071985 6.5830126 1.4336139 45
0.86032248 6.6831131 1.4430683 20
0.035799503 6.8216305 1.4199189 34.5
-1.5821334 -13.612469 1.5435393 59
-1.8438307 -13.532537 1.5093288 67
-1.4324083 -5.4333839 1.5946729 6
-2.2085562 -5.2898321 1.5677571 59.5
-2.2005839 -5.110209 1.5266902 21
-0.43721318 -5.0606203 1.5437415 21
-0.18854105 -4.9143538 1.5095714 132
-2.1434205 -4.8367133 1.5105686 20
-2.1278567 -4.5262017 1.5349778 50
-2.2285047 -4.4530115 1.5498016 105
-2.3369162 -3.7730343 1.5995032 3
-2.3075418 -3.5211694 1.5070212 38
-2.3025289 -3.4745543 1.5797834 35
-2.2808721 -3.277668 1.5481255 44
-2.2623088 -3.1976373 1.589383 43
4.7110205 -2.2929056 1.5268404 37
3.9513881 -2.1454954 1.5675944 42
3.1831818 -2.0497549 1.5283008 47
2.487129 -1.9378425 1.5551205 53
2.9821177 -1.9892795 1.5685691 62
2.367511 -1.8950043 1.5488292 69
1.5525095 -1.7054677 1.5280186 41
1.7442793 -1.7056389 1.5687594 37.5
1.8697577 -1.7215456 1.5456396 40.666668
2.0350029 -1.7384058 1.554269 35.166668
1.3932956 -1.668378 1.5519725 34
1.8239772 -1.6976961 1.5300499 30
-1.5589683 -1.4219658 1.5763698 96
-1.543893 -1.3488003 1.5896746 43
0.82463217 -1.06265 1.5292325 13.5
0.57946867 -0.86492169 1.536382 48.5
-1.7060668 -0.56966025 1.5670792 43
-1.5334352 -0.58715349 1.5950646 47
-1.4804796 -0.59942406 1.5153704 41
-1.7428309 -0.37294376 1.5007832 54
-1.7229468 -0.26263243 1.5022517 58
-1.712622 -0.18939665 1.502528 63
-1.6899388 -0.11620738 1.5940317 62
-1.6785431 -0.046303879 1.5773252 61.666668
-1.6610451 0.055931915 1.5473047 62.333332
-1.6451702 0.13859774 1.5165182 64
4.5653458 0.12077307 1.5758791 9
-1.5555342 0.66524464 1.5907304 61
-1.5383708 0.74511921 1.5520777 68.599998
0.69875777 0.73842561 1.5925714 0
0.70472366 0.77195626 1.5908996 1
-1.5218248 0.80392814 1.5221192 67
0.72538972 0.8818146 1.597394 1
0.89264393 1.0593822 1.5617501 7
-1.4134389 1.462936 1.5491658 26.666666
1.2795807 1.5451159 1.5185589 3
-1.0756689 3.3304613 1.5499507 40
7.2439966 5.4592714 1.551481 49
3.8519781 5.5853448 1.5898249 6
6.6091237 5.5571585 1.5665421 60
6.7337608 5.5490246 1.5159552 47
7.1907163 5.5024109 1.5731211 74
3.3771391 5.7152181 1.5222448 23
5.3662958 5.7896395 1.5824734 74
5.4998732 5.7699175 1.5520684 72
3.9328125 5.871603 1.5549242 31
-0.21095413 6.4847941 1.5512174 111
1.778162 6.4530363 1.5227588 106
-0.05740457 6.7880707 1.551958 113
0.0061411769 6.7958121 1.562493 43
0.84096658 6.7071676 1.5692616 17
0.17483605 6.8009281 1.5542012 3
-1.9877423 -13.521483 1.6066074 59
-2.0939927 -13.487506 1.6812848 62
-2.2217009 -5.2722678 1.6911117 57
-0.20564899 -4.9141879 1.637692 125
-0.18084368 -4.9202733 1.6235499 123
-0.36966646 -4.8799405 1.6130534 118
-2.33356 -4.4431429 1.627751 110
-2.1353431 -4.4882541 1.6287456 88
-2.447511 -4.3860874 1.6908035 35
-2.39518 -4.0715837 1.6471208 15
-2.3634398 -3.9334371 1.6621346 9
-2.2983663 -3.4289927 1.6514663 35
-2.248085 -3.1280253 1.6332119 34
-2.2327859 -3.0563145 1.674135 24
-2.1823301 -2.9293444 1.6833006 8
-2.1265774 -2.7969003 1.6839222 1
5.832211 -2.4771583 1.6137547 70
5.0397291 -2.3464997 1.6675506 37
5.8984928 -2.3769994 1.6631092 114
5.9219222 -2.2587562 1.6969037 118
4.1819792 -2.1825867 1.6940628 40
3.1223364 -2.0069478 1.6709473 58
3.3512473 -2.0789673 1.6426228 44
2.4692492 -1.909364 1.6404881 65
2.6029661 -1.9590148 1.6563021 53
1.5387149 -1.7034042 1.6391088 36
1.7401129 -1.7068967 1.6556832 33
1.8785025 -1.7171291 1.6386604 35
1.9448686 -1.7159774 1.6608205 33
2.0576103 -1.7412392 1.6532032 33.75
2.1120429 -1.7454519 1.6122013 41
1.3862865 -1.6695244 1.6425388 26
0.28993684 -1.5898975 1.67027 12
-1.5387639 -1.3061384 1.6034356 45
-1.5240927 -1.2349313 1.613184 44.5
-1.5063601 -1.144356 1.6258316 44
-1.4904658 -1.0545373 1.6358027 44.5
-1.4703685 -0.94526291 1.6434146 46.666668
-1.4494255 -0.83742893 1.6447319 45.5
-1.4335797 -0.75265169 1.6431208 46
-1.4220864 -0.65434921 1.6470762 45.666668
-1.7682815 -0.53905928 1.645193 61
-1.597494 -0.57648379 1.6878415 44
-1.7516631 -0.44441724 1.6427956 61.666668
-1.7392581 -0.35180151 1.6406915 58
-1.7207378 -0.25936553 1.6263982 60.333332
-1.7079329 -0.18699238 1.6141783 62
-1.6967373 -0.15192075 1.6022854 55
-1.5784391 0.55528051 1.662622 61
-1.5553813 0.64070505 1.6502273 65.25
-1.5401127 0.70996237 1.6072848 62
0.71602488 0.83401573 1.6075058 1
-1.4308151 1.3804333 1.6551738 52.5
-1.2618296 2.2930703 1.6827463 16
-1.0815598 3.2922864 1.6306967 7
7.1495786 5.4767914 1.6866786 48
6.5650029 5.5878572 1.6648062 46
6.677218 5.5589719 1.6123258 47
5.3041272 5.7984333 1.6839201 72
5.4425397 5.7665501 1.6543196 70
-0.28282803 6.4933567 1.6909195 117
1.713712 6.4482903 1.6492349 30
1.8963844 6.4500246 1.6566504 27
-0.29538205 6.5112529 1.6068367 118
0.8006013 6.6118765 1.6654993 115
-0.12271946 6.7637691 1.6923957 108
0.10614771 6.7409897 1.6823474 127
-1.4450662 -13.591863 1.7441688 62
-2.2356339 -13.480074 1.784126 53
-1.5140358 -12.563875 1.708517 13
-1.3937123 -11.034014 1.7590284 13
-0.45145297 -5.2238088 1.7180784 36
-0.21054009 -4.9200468 1.7617173 126
-0.18370408 -4.9241533 1.7467556 127
-0.37330419 -4.8878465 1.7351316 122
-2.4128177 -4.4443345 1.7066749 98
-2.1611402 -4.4894094 1.7389314 102
-2.4117556 -4.2232294 1.7023153 16
-2.28036 -3.3370037 1.7475193 35.5
-2.1421084 -3.0041211 1.7983241 11
3.530627 -2.1061676 1.7637987 39
5.9409261 -2.1377056 1.7279414 113
3.2823753 -2.0324473 1.7878768 55
5.9584908 -2.0167167 1.7575842 123
2.5842535 -1.9288688 1.7432605 62
2.7251523 -1.9786384 1.7623118 48
5.9760756 -1.8967233 1.7858086 108
1.5468831 -1.7324128 1.7551516 34
1.7406057 -1.7109218 1.718767 46
1.9983413 -1.7334716 1.7005248 34
2.0014851 -1.7347916 1.7198807 48
-1.4911503 -0.6143806 1.7605095 42
-1.6695307 -0.56523758 1.7909635 43
-1.6276904 0.27396056 1.796042 53
-1.6109428 0.35664931 1.7590641 60
-1.5929323 0.46179628 1.7408391 59.333332
-1.5687691 0.53908116 1.735129 68.666664
-1.448684 1.2680497 1.771778 54
-1.4404119 1.3269665 1.7164347 53
-1.2755181 2.2743125 1.755704 3
-0.13959266 4.050271 1.7961814 15.5
-0.34037042 4.3427992 1.7941278 9
-0.16936657 4.8484497 1.7837833 15
7.0900154 5.4896612 1.777311 47
6.4902587 5.589994 1.7536105 59
6.6216407 5.5679784 1.7091235 47
5.3963804 5.7719507 1.7597841 68
1.8878585 5.8596659 1.7810291 15
5.2462649 5.8124113 1.7875075 72
3.9712138 6.0491853 1.7096324 89
3.7306817 6.1570315 1.7508899 73
-0.36798692 6.5255866 1.7505933 116
-0.1667155 6.5595708 1.7861063 64
0.75241977 6.6161842 1.7036148 61
-0.051745854 6.7707615 1.7011359 127
0.34022701 6.7476511 1.7189476 31
-2.3375807 -13.396407 1.8474368 57
-3.3298893 -13.205008 1.8525906 47
-3.2400296 -13.212272 1.8377676 36
-2.3407412 -12.58042 1.8377571 8
-2.4302099 -12.443032 1.8845835 10
-1.3153036 -11.918476 1.8073798 10
-1.2065412 -10.53409 1.845206 18
-2.4955771 -10.009102 1.8865087 14
-2.518611 -9.9545584 1.8083171 13
-1.3026513 -9.8606176 1.8031416 15
-1.1205213 -9.4197893 1.8745713 16
-2.3288269 -8.9741421 1.8409151 17
-1.2265649 -8.894433 1.8358443 16
-2.1723149 -8.1619673 1.8662531 14
-2.2409749 -5.2801876 1.8208241 73
-0.46343762 -5.2837944 1.866219 24
-0.2165044 -4.9229307 1.8856725 130
-0.18773621 -4.928082 1.8718655 135
-0.37640715 -4.8877425 1.8593419 115
-2.1879334 -4.4905686 1.8490299 115
-0.83979017 -4.065834 1.8733518 59
-2.2392936 -3.2057598 1.819571 31
-2.1323647 -2.9452858 1.8554693 9
5.4369035 -2.4188044 1.8367767 24
4.4546814 -2.2325137 1.8439147 39
2.8611977 -2.0000834 1.8800943 44
2.3510399 -1.9184495 1.8595655 67
2.704164 -1.9460424 1.8508829 55
1.9682233 -1.8624505 1.86885 68
2.1759968 -1.8879986 1.875852 92
2.3283579 -1.893054 1.8819959 66
1.4212745 -1.7563313 1.8225973 4
1.5499626 -1.7502522 1.8685825 9.5
6.0059724 -1.7821701 1.8159482 94
-1.5571909 -0.60497415 1.8622974 46
-1.6868387 -0.057559561 1.8945611 52
-1.6698006 0.034067478 1.8730046 58
-1.6510992 0.14546372 1.8420674 56.666668
-1.6368064 0.23140188 1.8142985 58
4.1202531 0.26106244 1.8908647 56
-1.6086226 0.33410889 1.8694363 61.5
-1.5980649 0.39226726 1.8340728 61
4.1270018 0.350629 1.8948016 59
-1.5926331 0.43090159 1.8137039 62
-1.4718091 1.1773984 1.8779373 69
-1.4568988 1.2081354 1.8271254 49
4.5644603 2.9688377 1.8987784 45
4.5788989 3.1078601 1.8847544 6
4.6177897 3.2702005 1.8815923 40
2.9607964 3.474453 1.8794881 12
3.1589031 3.4376502 1.8505789 9
3.398905 3.4932902 1.8142784 4
3.4845328 3.4553156 1.885186 17
2.3886762 3.5412934 1.8767797 18
3.0226359 3.529052 1.8653791 6
0.39358798 3.9397554 1.8423574 12
-0.34422052 4.0959086 1.8513539 13
-0.22556785 4.0442238 1.8945701 12
-0.1205029 4.010962 1.8635747 10.5
0.33553177 4.0229959 1.8418535 12
0.4216665 4.060473 1.8003803 0
-0.34108275 4.1117983 1.8037523 14
-0.3286742 4.2652168 1.8205794 20
-0.21067441 4.484271 1.8684039 4
-0.32837 4.5182419 1.8155091 2
-0.20145836 4.720305 1.8490174 5
-0.3367824 4.846108 1.8247598 0
-0.1245276 5.0750914 1.8638606 5
-0.189347 5.3213425 1.8274708 0
-0.11910262 5.4028091 1.8540257 6
-0.052666135 5.5578022 1.8818446 3
6.4217968 5.5934453 1.845382 63
6.5769172 5.5836639 1.807817 46
7.0331669 5.502686 1.8692125 48
5.3612638 5.7881131 1.8684527 66
5.1872926 5.8213339 1.8915571 66
-0.035404004 5.9871736 1.8881576 1
5.3687124 5.9100552 1.8229932 7
3.9194145 6.0674205 1.826067 95
4.0546503 6.0062571 1.8139771 34
3.8625774 6.1399126 1.8590819 32
-0.0030063479 6.3459992 1.8575348 24
-0.44187403 6.5419121 1.8970705 120
-0.3564952 6.5048943 1.8320202 114
0.71650493 6.6348009 1.8270872 114
-0.11073881 6.7596745 1.8442339 110
0.029385453 6.7828097 1.8335111 125
-2.5952699 -10.01602 1.9324974 11
-2.5356834 -9.3645248 1.9002341 14
-1.0514088 -8.5283537 1.9015024 16
-0.94585699 -7.1571136 1.9448727 23
-1.9397157 -6.93922 1.9171317 31
-1.0678358 -6.8489561 1.910432 22
-0.90580612 -6.6171079 1.9611511 22
-1.8414117 -6.4254723 1.9327697 22
-1.0305741 -6.3553658 1.9282727 25
-1.6202421 -6.2858481 1.9807831 28
-0.86996037 -6.1493406 1.9784369 24
-1.7618493 -5.9968672 1.95162 24
-0.99735934 -5.9288464 1.9464197 24
-1.5416179 -5.8518257 1.9926548 24
-0.82680953 -5.6019564 1.9458723 24
-0.96583742 -5.5233154 1.9532642 97
-1.6488271 -5.4449558 1.9113854 30
-1.4663796 -5.4305573 1.9877313 89
-0.81206751 -5.364428 1.9994326 61
-2.2625544 -5.2872233 1.9533477 85
-1.6162515 -5.2378249 1.9679322 59
-0.93881088 -5.1728706 1.9634489 63
-0.46985698 -5.1883645 1.9617066 69
-1.5560706 -4.9163275 1.9748883 63
-0.19174033 -4.9039316 1.9871972 106
-0.91629928 -4.8705087 1.9760039 65
-0.4692679 -4.8783278 1.9749546 66
-0.38055807 -4.8886824 1.9844528 148
-0.22307688 -4.858664 1.9860362 74
-1.5048722 -4.6379051 1.9849824 64
-0.46882117 -4.6052957 1.9869292 70
-0.89631802 -4.5981879 1.9881833 68
-0.23313245 -4.5758643 1.9955404 64
-2.2139206 -4.4887228 1.9612105 136
-1.4595195 -4.3875294 1.9955087 70
-0.46874362 -4.3452525 1.9947637 71
-2.1592655 -4.2964187 1.9903318 60
-0.86757845 -4.0330372 1.9856495 35.666668
-0.71504802 -4.0842371 1.9669825 45
-0.77978528 -3.1214535 1.9855304 62
-1.7343106 -2.9549966 1.9770032 9
3.7466948 -2.144465 1.9081225 37
3.4658015 -2.065568 1.9214174 58
2.4467087 -1.9206268 1.9817307 59
2.8326936 -1.9626451 1.9668369 55
1.8296566 -1.8480692 1.9471043 37
1.9731489 -1.8717629 1.9425956 46
2.1539826 -1.8890631 1.9437555 53.75
2.2120268 -1.89179 1.9642999 57
1.5311716 -1.7256342 1.9443315 2
6.3492088 -1.7634913 1.9512982 134
6.3728499 -1.6371979 1.9787225 123
-1.5842323 -1.4463109 1.9443109 103
-1.5538712 -1.344456 1.9461411 43
-1.5354872 -1.2336576 1.975539 48
-1.5193717 -1.1480775 1.9896429 49
-1.481614 -0.97267026 1.9982747 41
-1.7629009 -0.53254735 1.927865 58
-1.6357732 -0.59664625 1.9820728 44
-1.7545327 -0.4377681 1.9396763 56.5
-1.7383331 -0.34059691 1.9351093 59.5
-1.7195126 -0.24430248 1.9242471 58.5
-1.7079915 -0.17298734 1.9162508 55
-1.6989936 -0.12638132 1.9080234 51
-1.6552147 0.064914137 1.9997392 57
-1.6406378 0.15021412 1.962051 58
4.2915015 0.18283348 1.9816009 14
-1.6229901 0.25402379 1.9128652 56.5
4.1381102 0.43842107 1.9000833 61
4.1583486 0.52869439 1.9087451 62
4.1728659 0.61866665 1.9132551 60
4.1894288 0.7107513 1.9198465 59
4.213026 0.8513146 1.9265622 57
4.2384868 0.99698406 1.9339386 59
-1.4917197 1.0738764 1.97281 66
4.2621317 1.0941163 1.9406937 25
-1.481429 1.1389123 1.9191597 65
4.2754745 1.1920341 1.9416727 46
4.2935843 1.294207 1.9446845 59
4.3235669 1.4010068 1.9524417 59
4.3515115 1.6119292 1.9507943 48
4.3524532 1.7132006 1.9413476 54
-1.3499919 1.8986394 1.9733477 25
4.3658299 1.8221329 1.9373374 52
-1.3402759 1.93273 1.919009 5
4.383307 1.9342844 1.9346656 52
4.4019842 2.0505042 1.9319627 51
4.4357362 2.1785309 1.9360586 49
4.449996 2.2965209 1.9291749 49
4.4749947 2.4270906 1.9263294 49
4.5012975 2.5597317 1.9234549 16
4.5122352 2.6855564 1.9123559 48
4.5436339 2.828476 1.9079552 48
3.5918348 3.3574989 1.9512501 11
2.9365087 3.4800484 1.9521769 11
3.0720904 3.4592481 1.9505848 11
3.1336284 3.4374151 1.9523723 10
2.374402 3.5465825 1.954083 10
2.8399241 3.5386207 1.9778438 3
0.29309258 3.9745483 1.9160881 13
0.35966811 3.9571316 1.9452468 16
-0.16023415 4.0231991 1.9536855 24
-0.14804229 4.9064512 1.9179298 6
-0.083841465 5.3069887 1.9200585 6
6.4689569 5.5918427 1.9982564 46
6.5177207 5.584425 1.9016355 46
6.972919 5.5115123 1.9594339 47
3.3757429 5.6766434 1.9801002 6
6.3804398 5.6232796 1.9449182 46
5.3181739 5.794723 1.9742718 75
5.133532 5.8354778 1.9981719 71
5.5203276 5.8770351 1.9302894 34
3.8600857 6.0713534 1.9408438 98
4.0218844 6.0234056 1.9315346 85
-0.22600034 6.4873037 1.9115995 109
-0.43454939 6.5233541 1.9799689 119
-0.15056726 6.596734 1.9463648 51
0.65575969 6.6534748 1.9712698 123.5
-1.4128001 -5.1228762 2.0086584 61
-2.2016799 -5.074863 2.0067794 64
-0.78613526 -5.0180974 2.0027382 63
-2.1169009 -4.7982326 2.0264695 60
-1.3551263 -4.7999396 2.0099828 66
-1.0290085 -4.7634916 2.0926929 10
-0.76468503 -4.7260323 2.0132046 66
-0.38034785 -4.6526942 2.0128243 62
-0.2003333 -4.6381674 2.0049598 69
-1.3097757 -4.5406632 2.0238254 65
-2.0211809 -4.4930267 2.0201523 64
-0.98263174 -4.4461865 2.0836611 26
-0.74300236 -4.4399061 2.012599 89
-0.37923169 -4.3794923 2.0165334 70
-0.22576657 -4.34517 2.0072927 68.5
-1.949725 -4.2561235 2.0314748 73
-1.2645239 -4.281363 2.0276241 77
-1.4177605 -4.1531777 2.0026731 70
-0.46814775 -4.1102052 2.0024705 69
-0.37906915 -4.1403561 2.0218403 71
-0.2177898 -4.1264424 2.0141976 64
-2.0964749 -4.0900674 2.0061271 65
-1.8833007 -4.0344954 2.0402818 70
-1.2241079 -4.0473065 2.0308197 80
-0.92046076 -4.0122585 2.0809062 25
-0.24977648 -4.0811567 2.0072343 69
-1.3787456 -3.9388471 2.0085509 69
-0.9219138 -3.9438243 2.0887134 27
-0.71168178 -3.9893548 2.0323472 90
-0.37815428 -3.9272227 2.0289741 75
-0.22493866 -3.9075828 2.0206075 75
-2.0274391 -3.8726773 2.0074232 64
-1.8159347 -3.8138254 2.0391338 79
-1.1898752 -3.8445807 2.0402761 80
-0.84332401 -3.8972912 2.0094578 73
-0.46714312 -3.8991582 2.0110505 76
-0.25597325 -3.8732882 2.017457 74
-1.3437642 -3.7405503 2.0160482 71
-0.89668149 -3.7608418 2.0898633 17
-0.69738251 -3.7906535 2.041368 76
-0.46666646 -3.7021151 2.0174785 87
-0.37771451 -3.7210908 2.0329871 79
-0.23158297 -3.7167461 2.0308189 76
-1.9675924 -3.6793377 2.0118999 62
-1.7587703 -3.620703 2.0439942 68
-1.1569544 -3.6509154 2.0465438 101
-0.82745332 -3.6950071 2.0118802 76
-0.68535954 -3.6050434 2.0480652 97
-0.26249823 -3.6774073 2.0235348 84
-1.9159647 -3.5050426 2.0196488 60
-1.3125323 -3.5612812 2.0221729 80
-0.85175186 -3.5413411 2.0660884 38.333332
-0.46589833 -3.5190685 2.0238345 88
-0.37673652 -3.5399809 2.0408249 94
-0.2366024 -3.5318305 2.0360992 95
-1.7090487 -3.4469795 2.0531335 80
-1.1282392 -3.4724514 2.0513294 96
-0.6717549 -3.4183335 2.0478873 84
-0.26878184 -3.4975367 2.0315075 98
-1.8682474 -3.3447683 2.0270376 44
-1.2844347 -3.3970399 2.0310032 78
-0.82535338 -3.3682261 2.0544136 41
-0.46456891 -3.3459923 2.0261545 83
-0.3760761 -3.3678617 2.0445328 86
-0.25773448 -3.3397508 2.0359001 80.5
-1.6617913 -3.2845707 2.0594778 63
-1.2555577 -3.230783 2.0308685 50
-1.0978128 -3.2938879 2.0482392 94
-0.65484256 -3.202323 2.0201523 85
-1.8199898 -3.1864896 2.0284474 25
-1.6177648 -3.1281462 2.0630026 16
-0.65103424 -3.1032732 2.0564852 97
-0.59697455 -3.179847 2.0985668 1
-0.46405363 -3.1859405 2.0293159 71
-0.37445253 -3.1987967 2.0453584 87
-0.2629956 -3.1788387 2.0393574 84
-1.2132735 -3.0273912 2.0008597 34
-1.0546159 -3.0401545 2.0387754 46.5
-0.78147769 -3.0506291 2.0379605 32
-0.60712326 -3.0782974 2.0908954 27
-0.46369576 -3.0439248 2.0383625 41
-0.37513292 -3.0557661 2.0526836 80
-0.26657578 -3.0344043 2.0458336 68.5
-1.2098296 -2.9533811 2.0464976 6
-0.77330023 -2.9265008 2.0493608 8
-0.64217961 -2.970855 2.0664549 41
-0.46324569 -2.9149201 2.049335 19
-0.37456304 -2.9247119 2.0620131 38
-0.25491601 -2.9141684 2.0562463 34
-1.0389233 -2.8979561 2.0893281 0
-0.63523787 -2.8535571 2.0821464 8
-0.37499875 -2.8107486 2.0781186 8
-0.4621681 -2.7818623 2.0523579 4
-0.25847146 -2.7912683 2.066102 8
-0.76556939 -2.6186078 2.0982921 7
-2.1409521 -2.4722311 2.0069854 4
-0.45959133 -2.427779 2.0579939 0
5.8596931 -2.482991 2.0168827 118
-2.111753 -2.3561301 2.0343282 30.5
-1.9604765 -2.3570545 2.0752299 8
-1.5764607 -2.3264108 2.0493338 1
-1.1095083 -2.3534553 2.0535159 13
-0.73378444 -2.3459814 2.0772009 21
-0.4590227 -2.3227413 2.0617828 22
5.8879104 -2.3487878 2.0447514 111
-2.0800533 -2.2388151 2.0548668 70
-1.924311 -2.2568719 2.0805767 39
-1.5580353 -2.2423069 2.0640852 35
-1.3866192 -2.2583766 2.0769567 32
-1.0969641 -2.2603364 2.0628376 39
-0.9418537 -2.2749128 2.0731645 16
-0.72463 -2.23155 2.0632324 49
-0.59710979 -2.2543969 2.0732689 20
-0.45866781 -2.2287352 2.0704961 50
-0.33698267 -2.2125854 2.0707057 61.5
-0.2720913 -2.2223897 2.0731559 38
4.758244 -2.2858431 2.0081236 31
5.9132748 -2.2155955 2.071255 110
-2.0545845 -2.1562188 2.0605953 79
-1.8859125 -2.1545765 2.0821109 53
-1.5289605 -2.1411519 2.0597076 69
-1.3637868 -2.1611023 2.081383 56
-1.0829823 -2.1672022 2.067265 77
-0.9284938 -2.1792324 2.0780277 58
-0.71572721 -2.1397448 2.0826325 42
-0.59244859 -2.1621814 2.0815308 53
-0.45780188 -2.1336887 2.0732372 81
-0.33776999 -2.122592 2.0774593 98
-0.2735436 -2.1324348 2.0818882 72
3.9865324 -2.1882458 2.0677998 38
-2.0299306 -2.0757027 2.0662394 86
-1.8553334 -2.0647156 2.0889587 83
-1.5111675 -2.0590503 2.070385 83
-1.340547 -2.0648105 2.0818274 80
-1.0686542 -2.0730612 2.067708 91
-0.9117924 -2.0468855 2.0889649 98
-0.71306074 -2.0493257 2.0722089 106
-0.58620846 -2.0688648 2.082916 77
-0.45673656 -2.0396283 2.0739801 101
-0.33816853 -2.0305471 2.0787492 118.5
-0.2753157 -2.0384288 2.0815935 95
3.0052209 -2.0218444 2.0055099 47
3.6500435 -2.0876105 2.0563052 43
5.9293165 -2.0784395 2.0915565 113
-2.0030367 -1.9929889 2.067071 90
-1.8211 -1.9718053 2.0892549 83
-1.4873697 -1.9699196 2.0695484 85
-1.3224726 -1.9807926 2.0907977 87
-1.0518064 -1.948894 2.0769653 105
-0.89428705 -1.91247 2.0899518 112
-0.70620233 -1.9581752 2.0702646 101
-0.58207214 -1.9816579 2.0880761 104
-0.45570266 -1.9525801 2.0766799 112
-0.33903545 -1.9430277 2.0814602 129.5
-0.27719843 -1.9494478 2.0842543 106
2.1876254 -1.9024863 2.0541415 36.5
2.3162541 -1.9096941 2.0827365 54
2.5773551 -1.9530137 2.0925078 59
-1.7941403 -1.887154 2.0947688 78
-1.4570017 -1.8462481 2.0723329 94.5
-1.3040535 -1.8947566 2.0947895 84
-1.2831728 -1.805595 2.0919876 101
-1.0332634 -1.8237065 2.0783405 112
-0.88305253 -1.8278848 2.0905371 116
-0.70188719 -1.8770915 2.0760767 109
-0.57554466 -1.8588413 2.0957742 110.5
-0.45474094 -1.8705442 2.0813463 111
-0.33985797 -1.8602412 2.0867105 122.5
-0.27810606 -1.8684609 2.0899398 111
1.8316697 -1.8500494 2.0551214 21
1.9710094 -1.8700223 2.0437644 33.5
2.1220832 -1.8863207 2.0373766 39
2.2909873 -1.8972362 2.0637107 54
-1.7352362 -1.716614 2.0941963 85
-1.4321742 -1.7346028 2.0816469 105
-1.2651385 -1.7245866 2.0919111 101
-1.0218918 -1.7445896 2.0794954 125
-0.87389177 -1.7494112 2.0949109 116
-0.69580328 -1.7624724 2.0847237 113
-0.56857789 -1.7379875 2.0994794 113
-0.45416981 -1.7534912 2.0881872 112
-0.34007525 -1.7812165 2.0909052 128
-0.27997446 -1.7915106 2.0965066 113
-1.7127125 -1.6402273 2.0983057 98
-1.4143786 -1.6584988 2.0812736 101
-1.0079291 -1.6377147 2.0876651 122
-0.68956691 -1.6518482 2.0923586 109
-0.45342463 -1.6404278 2.0940127 120
-0.31316996 -1.6610813 2.0976875 132.5
-1.3911567 -1.5538598 2.0864232 113
-1.2351876 -1.5738918 2.0992029 114
-0.68357277 -1.5462213 2.0979371 126
-0.45223057 -1.5693867 2.098624 126
-0.31457293 -1.5505639 2.0999727 137
0.31330067 -1.5984203 2.0774288 68
6.3936634 -1.5120283 2.0033581 118
-1.3698232 -1.4522288 2.0903995 107
-0.67713439 -1.4405702 2.0985334 123
-1.3500487 -1.355105 2.0952377 116
-0.97859091 -1.3978813 2.0987773 125
6.4100971 -1.3850515 2.0252342 124
-1.3321631 -1.2609888 2.0989032 107
-0.66479647 -1.2412679 2.0966015 103
-0.4484092 -1.2931381 2.0958402 100
6.4402094 -1.2614552 2.0518363 121
6.4594827 -1.1353418 2.0722461 120
-1.5113837 -1.0935063 2.0014765 50
-1.4999604 -1.0357622 2.0065923 50
6.4687042 -1.0076814 2.0885713 126
-1.4731593 -0.92009002 2.0061333 45
-1.4601886 -0.83921492 2.0134344 39
-1.4417236 -0.73150748 2.0157461 39.5
-1.4399147 -0.63365924 2.0421743 56.5
-0.51847315 -0.21584526 2.0705488 22.5
-1.692222 -0.11508254 2.0747128 56
-0.51276261 -0.17464997 2.0762205 18.333334
-0.34517503 -0.16983789 2.0989051 72
-1.681192 -0.046321686 2.0520077 60
-1.6674007 0.020665957 2.0225019 54
0.080733322 0.79837549 2.0862782 77
-1.5118508 0.96432287 2.0626349 67
-1.5043136 1.009725 2.0292726 69
4.4891086 1.5649818 2.0300083 35
0.90267241 1.6805317 2.0493648 3
-1.3619188 1.8355145 2.0480514 46.5
-1.3136249 2.0899539 2.0665061 17
2.4175472 2.2777655 2.0969718 20
1.7115636 2.880671 2.0966446 1
3.5641396 3.3714914 2.0551419 9
3.1551416 3.427268 2.0290556 4
2.3553333 3.541497 2.0266581 8
6.9214387 5.5248342 2.0516384 48
6.3112226 5.6236897 2.0362656 59
6.4227858 5.6014285 2.0961344 46
5.2705979 5.7940202 2.0789206 66
5.6763058 5.8422356 2.0389333 69
3.8042579 6.0784202 2.0573337 88
3.9843802 6.0312023 2.0488293 92
3.4946663 6.1877656 2.0287139 23
-0.29735845 6.4978027 2.059046 114
-0.19535181 6.4624162 2.0514717 78
-0.514364 6.5402555 2.0408084 110
0.59375244 6.6495419 2.0880578 128
-0.85356885 -3.3474436 2.1021411 7
-0.61111051 -3.3631186 2.104069 37
-0.63647449 -3.289341 2.1167126 45
-0.61784089 -2.9793491 2.13012 0
-0.76299381 -2.5799434 2.1057296 7
-0.56929702 -2.5652292 2.1084511 6.5
-0.75175363 -2.4731827 2.1047835 15
-0.56358755 -2.4466896 2.1141269 33.5
-0.73898757 -2.3378346 2.1124508 25
-0.55532223 -2.3281388 2.1143601 58.5
5.0955315 -2.3414207 2.1922984 31
-0.72704422 -2.2394974 2.1078498 20.5
-0.54508281 -2.2418921 2.1101739 66
-0.21017331 -2.2567136 2.1213124 65
-0.71282166 -2.1127005 2.112391 4
-0.5464465 -2.1645899 2.1176615 81
-0.21287441 -2.1517718 2.122772 80
-0.5381487 -2.0580015 2.1156392 72
-0.21514931 -2.0498047 2.1210752 74
3.1737945 -2.0525408 2.15101 54
-0.5383606 -1.9873419 2.1240828 60
-0.21926478 -1.9579167 2.1260903 86
2.1934619 -1.9046251 2.1627181 28
2.4017334 -1.9169941 2.188422 52
2.5554907 -1.9290512 2.1179037 64
2.9811957 -1.9879589 2.100173 56
5.958179 -1.9472289 2.1158788 110
-1.7690895 -1.8056113 2.1011147 84
-0.22040576 -1.8639407 2.1270103 79
-0.023177261 -1.8516698 2.1390922 98.5
1.8291457 -1.8442059 2.1236539 9
1.9709274 -1.8679636 2.1479931 23
2.1298256 -1.8911178 2.1490517 25
5.974195 -1.8120711 2.1347666 108
-0.36838967 -1.718886 2.103159 124
-0.2514959 -1.7452469 2.1143227 103
-0.037171312 -1.7264303 2.1397011 97
-1.2514764 -1.6518072 2.1004481 115
-0.86180657 -1.6382784 2.1040001 115.5
-0.56519514 -1.6678519 2.1094413 111
-0.36724985 -1.6438085 2.105983 117
-0.24437527 -1.6472138 2.1214054 84.333336
-0.044835515 -1.6437984 2.138273 99
-1.223183 -1.5042007 2.1055744 120
-0.99779421 -1.5381001 2.1008129 122
-0.84946805 -1.5291281 2.1078575 124
-0.55951279 -1.5545299 2.1084499 118.5
-0.45296568 -1.5013838 2.1030438 135
-0.36674556 -1.5367314 2.109056 120
-0.28324389 -1.5635009 2.1023307 133
-0.053907163 -1.5693139 2.1413894 72
0.28791958 -1.5933568 2.1617832 13
-1.2108607 -1.4354959 2.1089597 108
-0.98828143 -1.4679923 2.1007917 119
-0.84064049 -1.4576622 2.1081328 135
-0.55513388 -1.4513117 2.1152837 132
-0.45123875 -1.4303024 2.1016769 130
-0.33202177 -1.4415687 2.1065731 135.33333
-0.28411585 -1.4595628 2.1067119 125
0.89138246 -1.4199564 2.1305654 13
-1.1943949 -1.3345432 2.1153574 119.5
-0.97252756 -1.3358071 2.1044586 138
-0.83089632 -1.3561351 2.111208 131.5
-0.67183912 -1.3424475 2.1020017 124
-0.54966533 -1.3505225 2.1166728 122
-0.45100069 -1.3652861 2.1071644 128
-0.34043682 -1.355541 2.1107059 126
-0.28487727 -1.3596227 2.1110678 126
0.87384355 -1.3575743 2.1326804 14
1.5401709 -1.3336844 2.1424665 1.5
4.8516812 -1.3939013 2.1862624 41
-1.3216131 -1.2009174 2.1018925 115
-1.177421 -1.2365702 2.1177745 115
-0.96079028 -1.2411675 2.1056852 135.5
-0.82227319 -1.2596765 2.118166 128
-0.544833 -1.2497362 2.113991 112
-0.44815433 -1.2331275 2.1022975 111
-0.34011149 -1.2559445 2.1078494 113.25
-0.28540492 -1.2575346 2.1054347 109
0.84816307 -1.2654607 2.1322486 13.5
0.94243997 -1.2559721 2.1296487 14.5
1.554953 -1.2496086 2.1373465 2.6666667
1.6935101 -1.2203133 2.1493895 2
-1.3098025 -1.1408401 2.1019804 115
-1.1623944 -1.141199 2.1210146 122
-0.95144159 -1.1515523 2.1117098 133
-0.81045794 -1.1600258 2.1103735 109
-0.63918364 -1.1437132 2.1181293 67
-0.54111749 -1.157028 2.116158 113.5
-0.46597904 -1.1294222 2.1180644 83.5
-0.34762183 -1.1467061 2.1131077 116
-0.26807341 -1.1240822 2.1189613 97.666664
0.84454817 -1.1394701 2.1333723 13.333333
0.9138388 -1.1723478 2.1277709 14
1.4625793 -1.1700611 2.1360264 7.5
1.5312262 -1.1497085 2.1342096 5.5
1.6646605 -1.1381283 2.1430831 3.75
1.7119958 -1.1990676 2.1353962 0
-1.3039062 -1.0877901 2.112586 129
-1.2919132 -1.0287119 2.1106803 130
-1.1501805 -1.0509962 2.1271749 121
-0.94001514 -1.0594072 2.1053715 111
-0.8031913 -1.0696223 2.1131568 115
-0.79792356 -1.0093316 2.1140475 108
-0.63767773 -1.0433331 2.1189189 93.75
-0.53618699 -1.0397744 2.1221685 111.5
-0.47526762 -1.0406979 2.1295962 99.75
-0.33208779 -1.061654 2.1125033 111.66666
-0.25993246 -1.0437222 2.1274254 106
-0.11020231 -1.0312598 2.1539943 113
-0.099857174 -1.0835655 2.1368897 66
0.093843192 -1.0445201 2.1410351 77
0.79074973 -1.0318837 2.1264234 14
0.87086654 -1.0366637 2.1175232 14
1.1234852 -1.0432243 2.1291022 13
1.4435337 -1.0541837 2.1442254 10.2
1.5937465 -1.0266969 2.1436861 8
1.6244034 -1.0498866 2.1409779 6.6666665
-1.2789083 -0.94511652 2.1134028 124
-1.132972 -0.95651543 2.1175466 96.5
-0.92973584 -0.94776762 2.1105151 113.5
-0.79360336 -0.95208949 2.1158371 109
-0.62028533 -0.95180053 2.1289425 90
-0.53209156 -0.95304817 2.1228123 113
-0.46526042 -0.95205116 2.1317284 103.8
-0.33865669 -0.95871162 2.1168642 111.75
-0.26039109 -0.954983 2.1324048 106.5
-0.11397392 -0.93325251 2.1400976 96.5
0.08661548 -0.95523572 2.1470835 94
0.18793869 -0.97149855 2.1448278 74.5
0.77261913 -0.9459219 2.1150265 13
0.84115344 -0.93558168 2.114022 13.5
1.0921316 -0.94040906 2.1279862 13
1.1488453 -0.9715395 2.1257942 15
1.4449238 -0.96575999 2.133328 13.5
1.5781742 -0.96696395 2.151062 8.333333
1.6055024 -0.95539266 2.1972418 4
-1.2623525 -0.83718264 2.1149187 111.5
-1.1193613 -0.84218895 2.1202314 99.5
-0.91899222 -0.83861947 2.110672 112.5
-0.78790379 -0.86877859 2.1229532 111.5
-0.62283236 -0.85014695 2.1260786 96.400002
-0.52974468 -0.86991858 2.1277869 107
-0.46232134 -0.85032892 2.1318541 103.2
-0.33781511 -0.85065758 2.125422 114.75
-0.26739353 -0.85154456 2.1269884 101
-0.12170368 -0.84661436 2.1415672 92
0.081708431 -0.86684966 2.1470268 90.5
0.17155008 -0.86148816 2.1484165 95.5
0.75653297 -0.86644208 2.1127143 13.5
0.81454933 -0.83978331 2.1118054 13
1.0718869 -0.86665916 2.1269403 13
1.1293021 -0.847552 2.122575 14
1.3628107 -0.88433921 2.1988335 19
6.4979014 -0.8811115 2.1116481 124
-1.2467492 -0.73175097 2.115849 107.5
-1.1060705 -0.73038328 2.1223798 107
-0.91072613 -0.73399705 2.1166234 114.5
-0.78049856 -0.75885367 2.1258936 113.5
-0.62967622 -0.75663215 2.1257746 102.66666
-0.55984586 -0.75440508 2.1311278 103.25
-0.45628801 -0.75097889 2.1310065 106.2
-0.33625028 -0.74253803 2.1260102 118.25
-0.2580235 -0.75258601 2.1298015 103
-0.12812339 -0.7608701 2.1392002 95
0.075882554 -0.75298762 2.1475825 96.5
0.1572935 -0.75431907 2.1479311 98
0.76446044 -0.75591016 2.1106105 13.5
1.0541594 -0.7412551 2.1268048 13
1.101751 -0.76255322 2.126112 14
6.461925 -0.74749219 2.1081831 117
-1.2324711 -0.62913239 2.1146865 103
-1.1002015 -0.65098995 2.1302621 104
-0.90441948 -0.63288885 2.1223931 115
-0.77302808 -0.65041041 2.123311 116.5
-0.63911951 -0.6593821 2.1208463 126.5
-0.56316113 -0.65303671 2.1328802 98.199997
-0.45519614 -0.64719898 2.1356862 107.83334
-0.33508468 -0.63844579 2.1295407 116.5
-0.25689054 -0.64330119 2.1344113 101
-0.1381 -0.650702 2.1433287 101.5
0.072447479 -0.64053595 2.1442649 90.5
0.14313045 -0.65014827 2.1501403 93
0.74616158 -0.66231138 2.1098893 14.25
1.0443316 -0.64559174 2.1244988 13.25
6.5397792 -0.6277023 2.144618 123
-1.7240828 -0.56202871 2.1177416 114.5
-1.4742509 -0.55214036 2.1296389 102.5
-1.2214689 -0.52952862 2.1167459 104.5
-1.0906835 -0.56891239 2.1239252 101.5
-0.89679933 -0.53226793 2.1247611 114
-0.76924336 -0.54817331 2.131403 122
-0.63546944 -0.55877727 2.1261668 114.5
-0.56140298 -0.55005282 2.1349947 100.83334
-0.44771332 -0.54329079 2.1297572 98.599998
-0.3330968 -0.53708762 2.1333687 115.75
-0.25624064 -0.53676879 2.137975 101.5
-0.14694665 -0.54359031 2.1445317 95
0.067850016 -0.53467357 2.1496665 88.5
0.13130841 -0.54979682 2.1527472 98.5
0.72741717 -0.55030876 2.1138828 14.5
0.99725199 -0.52348214 2.1235294 14
1.0345205 -0.55755585 2.1203938 13.75
1.2635945 -0.54915059 2.1280415 7.75
6.5617418 -0.50044686 2.1607296 114
-1.7228496 -0.46747667 2.1239679 123.5
-1.4637636 -0.44575217 2.1316688 94
-1.2124885 -0.4319331 2.1191266 100
-1.0842912 -0.46546459 2.1294515 100.5
-0.88918126 -0.43264115 2.1216028 113.5
-0.76502979 -0.4464038 2.135016 114.5
-0.63135874 -0.45914924 2.1265011 107
-0.55158585 -0.45005506 2.1383853 105.6
-0.44403759 -0.44433221 2.1327767 102.33334
-0.33160692 -0.43678373 2.1346288 122.75
-0.26288286 -0.44294611 2.1349936 111.66666
-0.1535705 -0.43779567 2.1412024 96
0.065600693 -0.42971545 2.1500807 96
0.1199927 -0.45091227 2.1533337 93
0.69548637 -0.43535307 2.11602 14.5
0.72770965 -0.44560623 2.112417 13.5
0.98821801 -0.45877635 2.1253014 11
1.0283254 -0.4769209 2.1264548 12
1.2589604 -0.4621717 2.1613362 6.3333335
-1.7234687 -0.35027376 2.1283636 129
-1.4528056 -0.34085745 2.1297388 86
-1.2043188 -0.33534023 2.1194263 104.5
-1.0804172 -0.36314481 2.1357577 101
-0.88679522 -0.33745408 2.1319818 111.5
-0.76101816 -0.34513441 2.1355987 103
-0.62931359 -0.36207432 2.1336656 113.5
-0.54813737 -0.34855977 2.1335928 104.5
-0.43784231 -0.34728977 2.1348033 102.8
-0.32951236 -0.33847433 2.1381855 130.25
-0.25220084 -0.35484892 2.1382217 109.5
-0.16143684 -0.33611631 2.1448593 92
0.063713178 -0.32726634 2.1533802 89.5
0.11057033 -0.35337651 2.1536491 92.5
1.2453744 -0.34201095 2.1667278 98.5
6.5737467 -0.37463823 2.1699221 118
-1.7192162 -0.23244165 2.1218338 107.5
-1.4447073 -0.23724779 2.1276517 91
-1.2016432 -0.26528651 2.1262469 106
-1.1988193 -0.21724501 2.1265359 102
-1.0755272 -0.26127571 2.1366343 102
-0.88274032 -0.2417448 2.1344876 104
-0.7586413 -0.24514662 2.1403708 103.5
-0.62625051 -0.26396498 2.1348987 119.5
-0.54164881 -0.26611713 2.1246836 102.33334
-0.43706477 -0.25110838 2.1370294 103.16666
-0.32753554 -0.24111331 2.140723 125.75
-0.24957791 -0.25324428 2.1371982 109
-0.16689794 -0.23373401 2.1408391 98
0.064025827 -0.2507408 2.1533475 90
0.10234796 -0.2572484 2.1528187 88
1.2417587 -0.24800082 2.1724579 7.6666665
6.5985026 -0.24724741 2.1845696 116
-1.707546 -0.1616126 2.1012053 74
-1.4432178 -0.13497996 2.1330128 102.5
-1.196506 -0.1466921 2.1318178 103.5
-1.0733572 -0.16004372 2.1402831 100
-0.88038051 -0.14666516 2.1399014 102
-0.75678974 -0.14599653 2.1448102 103
-0.62399399 -0.16838077 2.1400609 120
-0.53391927 -0.12609549 2.1293254 73.666664
-0.42861533 -0.14602433 2.1300673 83.333336
-0.3177909 -0.13387953 2.1364117 111
-0.24756408 -0.15290828 2.1412828 101.5
-0.17482458 -0.13356364 2.14607 71.5
0.077142537 -0.15486816 2.1509564 83.599998
1.2286961 -0.14550954 2.1683564 34
6.6224585 -0.1186045 2.1971006 117
-1.441911 -0.032731846 2.1348481 100
-1.194006 -0.05212152 2.1341238 104
-1.0719731 -0.059351973 2.1418557 100
-0.87749565 -0.050574377 2.1393375 112
-0.75646812 -0.046915188 2.1496189 108.5
-0.62124664 -0.048427269 2.1416955 123.33334
-0.53170383 -0.057694416 2.1385307 106.6
-0.4308401 -0.051849313 2.1415021 108.8
-0.32245186 -0.047850601 2.1451304 127
-0.24509579 -0.052559633 2.1459105 109
-0.18057139 -0.034211844 2.1467679 99
0.077436782 -0.04752519 2.1522474 95.75
1.2240341 -0.033758704 2.1568801 10.5
1.3709701 -0.037694488 2.1475668 0
-1.4418693 0.069440432 2.1340647 100
-1.1926248 0.041944318 2.1378353 107.5
-1.0732262 0.041708481 2.1447058 96.5
-0.87719792 0.043988831 2.1455677 102.5
-0.75515378 0.052230082 2.1489978 105
-0.61980641 0.07177116 2.1465573 123.5
-0.53216213 0.038702246 2.1397955 104.83334
-0.42540357 0.041859407 2.1422408 105.5
-0.34015116 0.04367445 2.1475811 124
-0.26080808 0.049000964 2.1481676 116.5
-0.18635634 0.065135479 2.146349 100
0.077759042 0.056816358 2.1492825 96.599998
-1.4467386 0.17385778 2.1363707 96
-1.1913013 0.13701218 2.1365218 101.5
-1.0747981 0.14375427 2.1450262 101.5
-0.87547404 0.14056848 2.1469049 109.5
-0.75543457 0.15280555 2.1487515 105
-0.617715 0.16830724 2.1476858 123
-0.52836365 0.14367008 2.1420352 104.66666
-0.42239013 0.14556152 2.1449432 105.66666
-0.33730212 0.1418719 2.1537642 128
-0.25700167 0.14846587 2.1500795 114
-0.19137858 0.16405007 2.1479235 97.5
0.075212896 0.1669661 2.1502719 95
1.3834034 0.14483559 2.1671791 12.5
-1.453971 0.25261113 2.1414263 98
-1.1922307 0.23357098 2.1380222 105
-1.0782948 0.24715629 2.14818 103
-0.87623686 0.23763026 2.1480215 109.5
-0.75622737 0.2538591 2.1484671 106
-0.61688131 0.26687503 2.1517224 116.5
-0.52480656 0.25001743 2.1436412 104.33334
-0.416495 0.23894069 2.1455605 106.4
-0.33387533 0.24114121 2.1534834 127
-0.25239983 0.24881005 2.1519487 115.33334
-0.19724293 0.26489916 2.1497393 97
0.075218096 0.26375389 2.1538308 92.25
1.3964036 0.23108372 2.182668 5
1.4052719 0.25533709 2.1847534 12.666667
-1.4594802 0.33295155 2.143126 96.5
-1.1940961 0.33142337 2.1374249 107
-1.0835335 0.35202223 2.1497478 103
-0.87524658 0.33620811 2.1462808 118
-0.75932276 0.3582865 2.1555378 116
-0.61661685 0.36793345 2.156219 119
-0.52035719 0.34787917 2.1444073 103.4
-0.41529915 0.33647454 2.1465049 103.83334
-0.33123413 0.34177557 2.1597033 121.5
-0.24122396 0.34983701 2.1549003 111
-0.19908693 0.38692647 2.1430566 96
0.076695308 0.36087334 2.1547778 95.25
1.4174603 0.33504832 2.1813114 9.833333
-1.4729366 0.44242048 2.1487098 101
-1.2017835 0.45676762 2.1448746 104
-1.1994538 0.40574524 2.1430302 103
-1.0869533 0.45748419 2.141947 108.5
-0.87976694 0.4387334 2.1556044 113
-0.76004153 0.46187508 2.1477575 116.5
-0.61623394 0.47049862 2.1592245 124
-0.52116925 0.44803229 2.1497071 107.5
-0.41151083 0.44337508 2.1493473 103
-0.32786399 0.44495845 2.1624975 123
-0.24592765 0.45447579 2.1562674 114
-0.19723843 0.46693039 2.1496713 94
0.079054415 0.45953554 2.1548071 93.25
1.4416432 0.43852404 2.1824307 11.833333
-1.4872782 0.55483866 2.1512141 122
-1.2090282 0.53478688 2.1503234 106
-1.0969603 0.5686214 2.148653 103.5
-0.88268161 0.54277867 2.1580417 108.5
-0.7652849 0.54616946 2.1605077 111
-0.61542809 0.54757398 2.1556246 127
-0.51701057 0.54812258 2.150667 111.6
-0.41109017 0.54519355 2.1546841 109.25
-0.36084113 0.5571968 2.1517706 109.5
-0.25068218 0.55154574 2.1624122 117.4
-0.19032708 0.54512578 2.1431694 96
0.07594388 0.54526764 2.151808 94
0.10300865 0.59830147 2.1575172 89
1.4729279 0.54391259 2.1854327 13.5
-1.5037191 0.6701467 2.1530414 116
-1.2170004 0.64032185 2.1517138 102.5
-1.1046928 0.65334272 2.1499076 95
-0.88515443 0.64733303 2.1554966 109.5
-0.76769328 0.62812591 2.1594801 112.5
-0.61601824 0.62959933 2.1614594 119.5
-0.51704556 0.65290815 2.1530159 106.83334
-0.40796319 0.65508974 2.1553531 116.5
-0.34618378 0.65596801 2.1607916 117
-0.24052261 0.64963466 2.161819 109.66666
-0.18765198 0.62814784 2.1502261 93
0.062923074 0.64552498 2.1556206 98
0.10862416 0.64849436 2.154521 92
1.4880619 0.60443902 2.1770451 5
1.5099447 0.65890908 2.1857252 3
-1.5175614 0.75904679 2.1530313 121
-1.232018 0.75382781 2.1645367 110.5
-1.1148505 0.74244952 2.1534815 104
-0.89190656 0.75984812 2.161119 114
-0.77296883 0.74151206 2.1589065 106.5
-0.61621737 0.7396571 2.164439 116
-0.51785415 0.75114518 2.1513894 109
-0.40483689 0.74096417 2.1596909 115
-0.3770391 0.75088418 2.1581244 115.25
-0.23780952 0.75796109 2.1580219 98.166664
-0.18001089 0.73733246 2.1490073 95.5
0.065206751 0.7440176 2.1459889 96.5
0.11659504 0.72873902 2.1554351 94.5
1.561607 0.78229064 2.1815329 7.3333335
-1.5285883 0.84599638 2.1437182 101.5
-1.2434886 0.86735237 2.1656229 119.5
-1.124964 0.83256066 2.1560628 96
-0.89558297 0.84437299 2.1624448 112
-0.77928197 0.86034471 2.1617999 114.5
-0.61368442 0.84433162 2.1430366 102.5
-0.50950164 0.84337491 2.1424544 96.166664
-0.40581965 0.80740172 2.1518431 108
-0.36667386 0.83727354 2.1387684 93.666664
-0.22684021 0.84328932 2.138237 74.5
-0.16643493 0.84473431 2.1339788 75.5
0.064836055 0.87743604 2.1535168 93
0.12844089 0.83660579 2.1559563 92
1.5848323 0.83840865 2.1872346 8
1.6002833 0.88677788 2.1773577 5
-1.5220108 0.92079669 2.101794 67
-1.2556447 0.9568578 2.1696415 127
-1.140169 0.92992646 2.1667652 127
-0.89470863 0.92068791 2.1396737 84
-0.7718522 0.92744821 2.1087832 43
-0.61825782 0.94572133 2.1741996 128
-0.51006609 0.96577609 2.1568379 104.25
-0.48631221 0.90701759 2.101732 57
-0.3697753 0.94609058 2.1614494 101.57143
-0.23369402 0.95480156 2.169512 114.83334
-0.16943651 0.94052976 2.1584764 115
0.064436018 0.96055728 2.1577046 84.5
0.14091673 0.94847345 2.159616 76
1.6259274 0.93049866 2.1947174 4
-1.2669547 1.0483686 2.1697192 131
-1.1569529 1.0587612 2.166955 125.5
-0.91436142 1.0620619 2.1808686 134.5
-0.79313856 1.0529634 2.1729479 117
-0.61947638 1.0377574 2.1744931 116.5
-0.51249737 1.0459299 2.158128 90.666664
-0.37679902 1.0487798 2.1648288 99.666664
-0.23153639 1.0423632 2.1749687 109
-0.16504091 1.0016237 2.1604588 92
-1.2816149 1.1448671 2.1735215 121
-1.1733342 1.1625842 2.1705651 111
-0.92222553 1.159555 2.1828625 131
-0.80005294 1.153246 2.1741254 130
-0.62315309 1.1407124 2.1896751 130
-0.50652015 1.1502573 2.1810272 117.5
-0.34504819 1.138083 2.1872866 120.5
-0.23962465 1.1524514 2.1890311 118.6
0.52354765 1.1517739 2.1673844 98
1.587284 1.183897 2.1989145 5
-1.3022664 1.2788639 2.1758194 129
-1.2932 1.2118599 2.1775718 128
-1.1849799 1.2330995 2.1729159 115
-0.93006557 1.2605493 2.1843605 124.5
-0.80926847 1.2609149 2.1806812 120.5
-0.62473041 1.2437365 2.1924915 128
-0.5076139 1.2562569 2.1874375 135
-0.3848539 1.235037 2.1900764 136
-0.24405809 1.2472702 2.1909993 125.33334
0.41647834 1.2366101 2.1775184 89
0.54321343 1.2429448 2.1758947 107
-1.3122423 1.3468659 2.1729834 116
-1.2068025 1.379215 2.1697474 105
-1.1941017 1.3037428 2.1694696 102
-0.94002432 1.3675277 2.1866856 117
-0.81803352 1.3706287 2.1812713 130
-0.62704885 1.3477607 2.1922328 124
-0.5084874 1.3282673 2.1890349 133
-0.38124233 1.34263 2.1960673 130.5
-0.29138619 1.3556933 2.1955221 127
-0.19371757 1.3493499 2.1964259 125
0.42977321 1.352519 2.1799917 98
0.56497383 1.3347186 2.1798801 104
-1.3317345 1.4563522 2.1743605 118.5
-1.2181913 1.4537526 2.1671264 111
-0.94686157 1.4425099 2.1902313 124
-0.82608169 1.4503227 2.1882145 108
-0.62790483 1.4197884 2.1914625 132
-0.50994122 1.4437594 2.1955042 126
-0.28536111 1.4689559 2.1991444 112
-0.18548244 1.4596469 2.1986449 104
0.077439785 1.4792726 2.170085 69
0.20949918 1.4460714 2.1771512 85
0.44034976 1.4431363 2.1819818 97
0.58838952 1.4275744 2.1802495 102
0.6045633 1.4911591 2.1815345 98
1.4219334 1.4994307 2.1991279 7
-1.3507913 1.5678431 2.1707563 114
-1.2333444 1.535112 2.1692281 104
-0.95832193 1.5579793 2.1919341 114.5
-0.83076602 1.5252085 2.1823695 121
-0.51029885 1.5563551 2.1910024 122
-0.37746179 1.5317447 2.1602719 23
-0.23845656 1.5511131 2.161015 82
-0.1212508 1.5286468 2.1677947 86
0.08112517 1.5478133 2.1710527 97
0.22646151 1.5480818 2.178848 92
0.45308763 1.5374355 2.1834474 100
0.62197101 1.555805 2.180109 106
1.2941959 1.5726221 2.1733577 4
1.4230679 1.5028096 2.1279681 3
-1.369742 1.6528134 2.1781857 117
-1.2472824 1.6175346 2.1684327 102
-0.9694553 1.6774567 2.1896553 120
-0.84213674 1.6493237 2.1828475 112
-0.63294268 1.6581769 2.1969137 109
-0.51197249 1.642327 2.1956728 113
-0.37348881 1.6378821 2.1563208 63.333332
-0.24271396 1.668179 2.1680975 99
-0.1100842 1.6389256 2.1671677 85.5
0.087667868 1.6507046 2.1691203 94.5
0.24588563 1.6526997 2.1751266 91.5
0.46701759 1.6318187 2.1799593 102
0.64024758 1.621479 2.1791143 102
0.89414001 1.6751761 2.1527429 6.5
-1.3760254 1.7488594 2.1440678 69
-1.2751361 1.7538359 2.1736269 104.5
-0.98044735 1.7654095 2.1938591 105
-0.85380548 1.7804328 2.183357 108
-0.63511533 1.7431821 2.1980793 108
-0.50926375 1.7742907 2.1588373 40.5
-0.37319827 1.7546158 2.1590593 75
-0.24285206 1.7454476 2.1655867 93
-0.10022714 1.7593319 2.1723809 82
0.092676848 1.7625061 2.1712227 88
0.26567489 1.7652954 2.1772568 93
0.48265541 1.7348771 2.1819777 90
2.2248285 1.7693655 2.127146 0
-1.3024809 1.8921685 2.1718414 99
-0.9889043 1.851388 2.1922574 115
-0.86434644 1.8760424 2.1882021 110
-0.50947988 1.8612638 2.1610289 67
-0.36885229 1.8624678 2.1603174 62.5
-0.24420503 1.8276337 2.1671197 89
-0.092692785 1.8404968 2.1761725 72
0.097408377 1.8401688 2.1730201 92
0.27999237 1.8397455 2.1755128 78
0.49898893 1.8389859 2.1799457 86
2.2657964 1.8523343 2.1156037 7.5
2.3407521 1.8959843 2.1001885 7
-1.3224028 1.991318 2.1726048 98
-1.0012203 1.9493288 2.1993725 94
-0.87514442 1.9776466 2.1930733 93
-0.50866222 1.9497491 2.1609609 60.5
-0.36782825 1.9509392 2.1620603 65.5
-0.24632958 1.9137686 2.1695549 85
-0.082657449 1.920764 2.1722889 85
0.10230678 1.9208549 2.1739061 82
0.29600585 1.922214 2.1791382 52
0.51780629 1.9538414 2.1849556 47.5
2.3284402 1.9644086 2.1038008 17.5
-1.3251394 2.0562952 2.1345634 35
-1.0127306 2.0452864 2.1975179 79
-0.88406032 2.0753601 2.1900518 80
-0.5105015 2.0431976 2.1641071 61
-0.36677691 2.0448678 2.1655979 72.5
-0.24810483 2.0461025 2.1695776 78.5
-0.069714785 2.0545712 2.1750875 57.5
0.10989317 2.0469222 2.1749852 66.5
0.31147525 2.0046904 2.1791987 6
0.53779387 2.076818 2.1907923 0
-1.0246375 2.1482372 2.1996555 36
-0.89627963 2.1869125 2.1948781 42
-0.51150316 2.1421742 2.1665661 61.5
-0.36556482 2.1408753 2.1680164 71
-0.24753234 2.1817772 2.167243 64
-0.053780444 2.1894732 2.1737871 5
0.1193875 2.1761568 2.1737616 25
2.2700558 2.1200724 2.1314642 11
2.3121321 2.1652768 2.1146414 29
2.479028 2.1337411 2.1893907 10
-1.0371062 2.2521904 2.1967249 5
-0.51015854 2.24017 2.1651626 59
-0.36309171 2.2403831 2.1699679 61.5
-0.24924117 2.2840104 2.1705029 31
0.12501915 2.2769871 2.1812587 4
2.3653762 2.2575083 2.1166654 26.5
-0.9096182 2.3034258 2.1986425 9
-0.51128417 2.3456328 2.1665258 50.5
-0.35846213 2.3399456 2.1673779 43
2.3690109 2.3519945 2.1206613 26.5
-0.5104838 2.4521272 2.1649306 30.5
-0.36602962 2.4597623 2.1594431 30
2.3672352 2.4627161 2.1244583 40
2.3652551 2.5332415 2.12391 33
0.45667076 2.6880972 2.1891026 35
0.64172059 2.6267757 2.1953213 10
2.3525863 2.6230879 2.1166177 64.5
2.4370706 2.6306767 2.1083348 41
0.48287007 2.7999091 2.1881545 60
0.66378653 2.7398887 2.1995778 31
1.6551013 2.7882714 2.1066484 0
2.3523245 2.7474489 2.1220946 52.5
2.5200875 2.7404337 2.1276984 10
-0.25485688 2.8606758 2.1775336 1
0.019941887 2.8522635 2.1864042 23
0.16839276 2.8124747 2.1850877 11
0.68694448 2.8490679 2.199795 49
2.3411512 2.8634388 2.1164851 50
-0.3310647 2.9258206 2.1874607 0
-0.25309664 2.9872985 2.1734486 15
0.038804032 2.9667909 2.1762021 61
0.17964728 2.9338353 2.1838472 33
0.51106793 2.9197841 2.1871998 85
0.71123636 2.9583223 2.1928227 72
-0.5188365 3.0771048 2.1820321 6
-0.31982502 3.0440896 2.1755898 25
0.19152249 3.057251 2.1785536 57
0.54050338 3.0427003 2.1857829 76
0.7388674 3.0859239 2.1968608 67
-0.51597011 3.1197743 2.1642737 6
-0.33816093 3.1479363 2.1732044 29
-0.25305325 3.1238115 2.1711664 39
0.053401247 3.1101284 2.18326 72
0.20474206 3.1928301 2.1776481 66
0.57224816 3.1836565 2.1916089 74
-0.51793945 3.2479336 2.1723516 29
-0.35968715 3.2486908 2.1653993 30
-0.2553387 3.2842209 2.17647 60
0.070485108 3.2555571 2.1848948 75
0.76786029 3.2176397 2.1972637 69
-0.51654178 3.3761246 2.1784062 54
-0.30954838 3.3522682 2.1824503 73
0.21722972 3.357471 2.1896226 70
0.60783774 3.3267536 2.1923835 65
3.514528 3.3593686 2.1448653 10
-0.52017581 3.4376979 2.166081 47
-0.35858613 3.4076805 2.1640918 49
-0.25575185 3.4417772 2.1759148 69
0.089065626 3.4189966 2.1919506 67
0.64397889 3.4858429 2.1981564 60
-0.51758635 3.5495734 2.1808884 61
-0.32910478 3.5465403 2.1730809 63
0.10973244 3.5835125 2.194484 60
0.23197857 3.5122476 2.1890461 65
-0.52419376 3.6136458 2.1672795 64
-0.27492943 3.6520331 2.1807532 61.5
0.24857517 3.6832414 2.1910377 56
-0.51879549 3.7305472 2.1810074 65
-0.35390353 3.752671 2.1582899 66
-0.2555716 3.7971354 2.1768672 59
0.13280159 3.7561069 2.1938641 60
-0.52740735 3.8025994 2.1689193 63
-0.28937167 3.8876541 2.1904724 57
0.26674363 3.8613892 2.1907201 61
-0.52059257 3.9275043 2.1843219 59
-0.35333812 3.9536579 2.1601465 58
-0.25698462 3.9977741 2.1797643 59
0.15685897 3.9477081 2.1973417 60
-0.53206694 4.0065417 2.1710625 58
0.28608674 4.0587101 2.1938729 61
-0.52716523 4.1593776 2.194576 61
-0.35674649 4.1816268 2.167938 60
-0.28309691 4.1027613 2.1974914 59
-0.53906995 4.2404623 2.1777761 62
-0.25735483 4.2175794 2.1839046 59
0.30704468 4.2742314 2.1973562 59
2.7689965 4.2404118 2.1396146 17
-0.52816427 4.3853636 2.1930358 62
-0.27259585 4.320982 2.1977029 61
-0.54095399 4.4674335 2.1736097 65
-0.35717648 4.4186091 2.1716273 63
-0.2592358 4.4593363 2.1871145 59
2.7683828 4.5952868 2.1233349 19
-0.5248943 4.612431 2.1846766 39
-0.54565173 4.7223806 2.1726828 37
2.9587278 4.9079442 2.1613898 5
5.9845796 4.9020944 2.1481111 0
-0.25659436 5.2967558 2.1884985 31
6.8584399 5.5264978 2.1415176 47
-0.56815594 5.6947689 2.1827321 48
6.2524047 5.6326284 2.1304648 60
6.3763137 5.6089973 2.1949282 46
5.0777555 5.8445292 2.1048248 71
5.240427 5.8105183 2.188792 69
5.8455939 5.8122406 2.1536837 101
-0.57860583 6.0896759 2.1852069 58
3.7502806 6.0845542 2.1746666 59
3.9454846 6.032887 2.165303 96
-0.56814957 6.422771 2.1508255 33
-0.51206481 6.5378208 2.1292336 126
0.59477562 6.6436734 2.1320636 125
4.2615104 -2.2389185 2.2508802 31
3.8773615 -2.1287642 2.2208834 41
3.1441579 -2.0143275 2.2459912 55
2.2007265 -1.9078367 2.239943 21
2.4282269 -1.9293131 2.2088699 54
2.6870296 -1.9507791 2.2557149 63
2.7102435 -1.9771996 2.2295101 54
1.9732296 -1.8652196 2.2588618 8
2.1465368 -1.8649085 2.2894592 11.25
1.9202455 -1.7852579 2.2830431 0
6.3352828 -1.7844625 2.2876949 137
1.0789714 -1.6377336 2.236192 23
1.3665825 -1.6611333 2.2565427 4
1.0414362 -1.5416888 2.2420948 56
1.3243041 -1.561826 2.2590592 24
1.4286793 -1.5345783 2.2433777 3
1.6456116 -1.508101 2.2710049 1
2.5204484 -1.5411451 2.297616 68
0.99051672 -1.4040898 2.2226496 76
1.0177683 -1.4802375 2.2451112 74
1.2713981 -1.4319156 2.2567968 56
1.3731591 -1.4210666 2.2504935 34
1.4061905 -1.486927 2.2607129 16
1.2358848 -1.340319 2.2573223 72
1.347809 -1.3646591 2.2513034 50
3.8927498 -1.381816 2.2998769 40
0.55924904 -1.2133731 2.2420588 49
2.5025754 -1.2505307 2.2534642 7
4.8723717 -1.2873271 2.2084503 76
2.5146878 -1.1540124 2.2671049 27.666666
4.8834071 -1.1794895 2.2257538 128
2.532304 -1.0520053 2.2800682 32.333332
4.8850017 -1.0691404 2.2368381 59
1.391719 -0.9461152 2.2329724 6
1.4304069 -0.96633643 2.2246888 4
1.6045399 -0.9301331 2.2834616 3
4.9068842 -0.96474296 2.2575023 1
1.3638901 -0.8158347 2.2139561 22
1.5610266 -0.83310086 2.2661965 8.25
1.3631511 -0.74935323 2.2220109 24.666666
1.3590281 -0.68178576 2.2167675 12
0.72551352 -0.40584019 2.2185307 8
0.69566458 -0.38999647 2.2347965 6
6.6399899 0.010460971 2.2062197 116
2.7462308 0.44801506 2.2504957 10
3.1253517 0.49762508 2.2781496 4
3.796051 0.40318081 2.2985692 2
2.5710762 0.57802325 2.2913218 7
2.7565515 0.52514029 2.2606401 7
2.7525306 0.64123058 2.2741857 6.25
1.3834411 0.77641457 2.2316222 13
1.5595435 0.74491197 2.2321312 9.333333
2.7584081 0.75807881 2.2800839 8
0.72766221 0.89984268 2.2155101 150
1.0637329 0.82112294 2.2368884 17
1.1352664 0.82860219 2.2397428 15
1.3956727 0.85919231 2.2366335 17
1.4228432 0.83443481 2.2331324 4
1.6225133 0.88896424 2.211436 6
2.7597826 0.83690262 2.2822301 7.5
3.122931 0.82127088 2.2754626 6
0.73934579 0.97797209 2.2322488 8.5
0.82633579 0.93186128 2.2233787 11
1.0852374 0.90886271 2.2460787 32
1.1629295 0.91501588 2.2271824 29
1.6423774 0.92714876 2.2116311 3
1.7280416 1.077587 2.248565 5.6666665
1.5675716 1.1448221 2.2097678 3
1.7562307 1.1442845 2.2438884 5
1.6266189 1.2459564 2.2286885 5
1.8427958 1.2725766 2.2552767 3.5
-0.22864199 1.3283639 2.2018371 133
1.2329092 1.3924545 2.2866502 40
1.3702638 1.3936589 2.2839296 18
1.6446733 1.3404573 2.2610638 8.5
1.7202485 1.3969213 2.2439561 5
1.8594618 1.3187743 2.2627513 3
-0.37673932 1.4562397 2.2021718 128
-0.22081614 1.439604 2.2033966 116
0.83727884 1.474761 2.2825711 19
0.98492205 1.4363648 2.2957938 40
1.0022463 1.4792416 2.2696047 6
1.4200096 1.4920237 2.2676115 6
1.7527277 1.4476426 2.2470708 5
-0.63128281 1.5401316 2.2005835 107
-0.37453556 1.5362959 2.2068658 124
-0.24704784 1.5514928 2.2026315 115
-0.17821294 1.540875 2.2040312 113
-0.37119353 1.618382 2.2096639 113
-0.24204582 1.6311007 2.2027965 114.5
-0.17231554 1.619101 2.2032454 102
-0.27488205 1.7103173 2.2004454 108
-0.17425716 1.7367357 2.2050292 106.66666
-0.17122348 1.8456531 2.2096822 103.5
-0.16312902 1.9418871 2.2152166 90.5
-0.25515774 2.0911844 2.2108552 17
-0.15497185 2.0421367 2.2187836 74
-0.64828736 2.1321185 2.2125831 47
-0.24898165 2.1994438 2.2144456 39
-0.14562409 2.1449342 2.2194662 47.5
2.557039 2.1267328 2.2835605 10
-0.6519447 2.2421005 2.2157254 9
-0.13657837 2.2492404 2.2176216 17.5
-0.2433897 2.3087173 2.2129734 9
-0.14969519 2.3166401 2.2205079 1
1.9775223 2.3888249 2.2399724 1
2.0391481 2.4776187 2.2466676 1
4.2968016 2.4993491 2.2791266 17
0.43021303 2.5952146 2.2013493 4
2.0922053 2.5470934 2.2356322 1
3.1451676 2.6973825 2.2705276 3
4.3243303 2.6434309 2.2775185 17
3.0702908 2.761281 2.2728171 6
4.340632 2.7844956 2.269058 17
3.1716824 2.8647325 2.2926161 88
3.2924995 2.8277647 2.2538829 2
3.3549616 2.8782837 2.232276 11
3.0779543 2.9947741 2.295404 11
3.150656 2.953999 2.2722995 15
2.8064728 3.058167 2.2939897 2
2.0863671 3.1546052 2.2434137 1
2.8964806 3.2317858 2.2756116 4
0.79947048 3.370652 2.2073426 68
2.1706522 3.3069327 2.2692897 1
3.4869046 3.3719311 2.251298 10.5
3.6382813 3.3033442 2.2551761 0.5
2.243578 3.4323199 2.2714779 3
3.1065989 3.4902148 2.2994511 7
3.4095933 3.4543188 2.256181 17
0.83329213 3.5208125 2.2084253 64
2.0374165 3.5261757 2.2789927 2
3.1843724 3.5692263 2.2384171 5
0.6851961 3.6530979 2.2020526 61
0.87050128 3.6863005 2.2138193 12
2.9550338 3.6315475 2.2604523 10
3.1184683 3.6353519 2.2290337 15
0.72849447 3.8214447 2.2014272 62
0.776752 4.0039415 2.2011998 12
0.18319726 4.1573625 2.2021942 61
0.21238275 4.3741112 2.2029819 62
-0.23859364 5.104701 2.2024071 33
0.31635994 5.1717315 2.2177491 57
3.308465 5.1215415 2.2511847 4
0.41856503 5.3393698 2.2097113 53
-0.22918236 5.4378781 2.2125378 42
0.36158466 5.480947 2.217953 52
6.3154273 5.5996318 2.2866211 61
6.8088231 5.5389237 2.234571 48
0.45439401 5.6765776 2.2136393 43
6.1980672 5.6437922 2.2290184 61
-0.21548787 5.7961688 2.2172956 18
6.0177279 5.7822862 2.2698379 110
0.4094083 5.8441372 2.2265935 47
3.5674813 5.8408475 2.2047415 42
5.0177169 5.8473973 2.2093322 65
5.2003126 5.8133264 2.2958956 69
5.0684986 5.9087591 2.2131412 16
0.49578279 6.0483737 2.2159324 40
3.9094455 6.0387836 2.2821207 97
3.7457707 6.1462545 2.2731116 4
0.46282274 6.2285008 2.2293799 41
-0.55497187 6.3529592 2.2143624 55
0.5423525 6.4657717 2.2201371 40
0.52430624 6.6440945 2.2276392 117
4.4500685 -2.2230117 2.3816566 60
4.1152511 -2.16168 2.3916869 76
3.356694 -2.0820057 2.3089716 56
4.0972662 -2.0303943 2.3920906 62
4.4300485 -2.0841777 2.3851888 54
2.5151083 -1.9215043 2.31036 76.5
2.7735691 -1.9261158 2.3185189 77.5
3.2581122 -1.9927874 2.3499463 83
3.3935013 -1.9965169 2.3455024 72
4.0751944 -1.903362 2.3883383 66
4.3974361 -1.9414507 2.3797536 54
2.5153468 -1.8187099 2.3042278 67.5
2.7735419 -1.8232996 2.3169682 76
3.254997 -1.8827121 2.3500443 80
3.3866289 -1.8806431 2.3466752 67
2.5244343 -1.7277673 2.3086004 72.5
2.7762759 -1.7243233 2.3178689 73.5
3.2415447 -1.7682987 2.3418095 75
3.3679631 -1.7617645 2.3381553 82
4.0605879 -1.7819022 2.3887258 62
2.5259547 -1.6323898 2.3046012 72.5
2.7746587 -1.6246343 2.3145952 70.5
3.2342596 -1.660495 2.339164 72
3.3259838 -1.6318369 2.3095217 139
6.3576198 -1.644269 2.3057709 115
2.5349531 -1.5388564 2.3050234 73
2.7997158 -1.5438384 2.3602517 45
2.8268187 -1.5692271 2.3454261 48
6.3678102 -1.5011255 2.317693 110
1.229902 -1.313715 2.3125508 42
1.3398089 -1.3389425 2.3001347 43
4.2864389 -1.3075155 2.3694994 0
6.3951631 -1.3610269 2.3335755 111
3.8957601 -1.2813642 2.3092499 44
4.3089566 -1.2040391 2.3928378 12
6.4259567 -1.2227888 2.3515096 121
3.3227367 -1.1397891 2.3298967 7
3.9046552 -1.1835676 2.3227763 44
2.7813294 -1.0574502 2.3193362 5
3.2153974 -1.0812116 2.3380947 8
3.9151282 -1.0886858 2.3362885 35
6.4445786 -1.0816019 2.3618758 115
1.4969226 -0.96170378 2.3732321 6
1.6416235 -0.96451044 2.3143897 5
2.564023 -0.96815842 2.3166649 9
3.926316 -0.99375999 2.350493 0
6.4667282 -0.94239736 2.3714733 117
6.4724593 -0.79926461 2.3735764 103
1.3828928 -0.67372936 2.318507 63
6.515944 -0.66296208 2.3898792 118
6.5422969 -0.52373421 2.3979926 107
3.8065603 0.49503955 2.3064167 5
2.6574333 0.5543586 2.3957467 45
3.8063788 0.5852555 2.305259 10
4.1416326 0.56999314 2.3345921 0
3.8125746 0.67685419 2.3089345 1
2.6575634 0.74643844 2.3973081 78
3.2678478 0.76824176 2.3030422 6
2.6151583 0.86322093 2.3487465 21
3.9477851 0.99264896 2.3997967 3
3.3530638 1.0601659 2.3677807 6
2.5875494 1.1915277 2.3271477 14
2.7770839 1.1742549 2.3254523 16
2.8495586 1.1550413 2.3528864 11.5
3.1589077 1.1745245 2.305861 4
3.2091694 1.1086919 2.3506463 7
2.5988412 1.208307 2.3293107 11
1.359602 1.3669528 2.3279865 3
1.6042401 1.3189139 2.328423 3
2.8335831 1.4690835 2.390712 3
2.8262174 1.5557946 2.3847077 25
1.3297069 1.6375018 2.3742094 31.5
2.8340008 1.653617 2.3953464 150
2.8359444 1.7520198 2.3990142 81
2.6435385 1.869604 2.3965485 116
2.8233426 1.8413653 2.38814 94
2.613167 1.9357005 2.3840208 108
2.8093688 1.9296103 2.3758821 125
2.8252001 2.047056 2.3954649 78
2.8177543 2.1457982 2.391521 71
2.817508 2.2550735 2.3937562 71
2.7666779 2.3469441 2.3830104 31
2.7799931 2.4675002 2.3901427 38
2.8355265 2.4169004 2.3880045 36
2.9061227 2.4869514 2.3916078 38
4.451108 2.4730196 2.3887365 1
2.8279185 2.569067 2.3953588 59.5
2.9710712 2.5496607 2.3868914 38
2.9478164 2.6470821 2.3946371 42.5
3.0451074 2.620899 2.3877106 38
3.1225953 2.695339 2.3902116 12
3.4237413 2.6665225 2.3382199 4
3.9711611 2.6196935 2.3300533 3
2.8232856 2.7479792 2.3953147 53.5
3.0539694 2.7536142 2.3599124 25.5
3.1998367 2.7488062 2.3207955 12
3.4295714 2.7965207 2.3320596 3
3.9606705 2.7331724 2.3131285 5
2.8032238 2.8456531 2.399272 68
2.9389381 2.8725166 2.3694777 36.5
3.1854479 2.8611054 2.3062077 8
3.2647042 2.8112762 2.3012598 3
2.7987397 2.9746776 2.398649 67
2.8638411 2.9294376 2.3545666 26
3.0194309 2.9447243 2.324306 13
2.8257785 3.2263453 2.3114445 2
3.4645081 3.372715 2.3134031 14
3.6271996 3.3146071 2.3616955 1
2.8430786 3.401382 2.3274975 2
3.4784591 3.4003985 2.3739102 9
2.0258439 3.5630887 2.3881955 1
2.8874092 3.6258187 2.3718846 15
3.2073555 3.9723785 2.3779795 11
5.8543234 4.6242843 2.3929479 2
3.2169409 5.0020475 2.3022604 8
5.9470425 5.514864 2.3637803 37
6.2336707 5.5679245 2.3691883 43
6.7528362 5.543982 2.3255897 47
6.1437225 5.653954 2.3253367 65
3.2686081 5.7931194 2.3098426 0
4.7991333 5.7089281 2.365438 55
5.1094913 5.7505617 2.3766427 57
6.1564231 5.7104902 2.3724995 72
4.9689617 5.8617449 2.3193991 83
5.210299 5.8662519 2.3329268 59
3.5542741 5.9185243 2.3472862 32
3.8428714 5.986351 2.3808813 80
5.4963832 -2.4117255 2.4065847 42
5.5209274 -2.2851562 2.4392335 39
5.4709859 -2.1263862 2.4348438 39
5.4730053 -1.9929701 2.4544027 33
4.4516912 -1.8461783 2.4272687 39
3.3012145 -1.6009403 2.4012771 65
2.6451769 -1.5363799 2.4332066 41
4.3749661 -1.4552735 2.4156201 1
1.2378247 -1.3127326 2.4134696 37
1.3487329 -1.3429312 2.4001243 44
4.3898702 -1.1184267 2.4540224 15
6.5678663 -0.382507 2.4025846 112
6.5841794 -0.24132089 2.4038007 110
6.6032863 -0.099119835 2.4035549 103
6.6380444 0.042153884 2.4086983 110
2.6987298 0.44964567 2.4425387 12
2.7289746 0.46608728 2.4699943 13
2.6746759 0.53102577 2.4084687 18
2.6658354 0.67733818 2.4027643 75.5
2.6746867 0.76379925 2.4096518 100
2.6694396 0.84064204 2.4044862 76
2.6619635 0.98448086 2.4060047 81
4.3038998 0.9120068 2.427505 7
2.6675701 1.0501717 2.4085562 80.666664
2.665204 1.1573117 2.4091642 73.5
2.6612878 1.3250556 2.4092114 76.5
2.6577399 1.4376086 2.4107025 82.333336
1.3098888 1.5732267 2.4420052 55.5
2.6541624 1.5416915 2.407321 77.5
2.6599259 1.6555408 2.4143813 72.333336
2.6500142 1.7736113 2.4095874 83
2.9130843 1.7894197 2.4138625 150
2.6328692 1.8539314 2.4031453 90
2.6491911 1.9743962 2.4066355 89
2.9338593 1.905547 2.4342959 150
2.6372304 2.062839 2.4064198 79.5
2.6372066 2.169174 2.410203 75
2.9596386 2.1365027 2.4613109 150
2.646626 2.2902679 2.4268343 68.5
2.925631 2.2149847 2.4248793 71
2.7234182 2.3045015 2.4027164 21
2.8231416 2.3737974 2.4036143 77
2.9305253 2.3308039 2.4300451 68
2.6723258 2.4351952 2.4614606 59.5
2.7401788 2.4250829 2.41255 28
2.8177273 2.4847095 2.4009831 71
2.9284568 2.4430342 2.4268634 67
2.6855817 2.5714471 2.4825091 47
2.9291413 2.5655241 2.4257176 62
2.9304585 2.68907 2.4252648 65
2.7862537 2.7225633 2.416636 30
2.9354575 2.8209515 2.4303737 68
2.7991474 3.1170907 2.404938 67
2.8551469 3.2715533 2.4311244 41.5
2.9442546 3.3106217 2.4012706 30
3.6289203 3.3300428 2.4389699 4
3.7930379 3.314832 2.4884181 12
1.9649112 3.4704092 2.4148724 0
2.84863 3.4961116 2.469002 48
3.4604671 3.4054115 2.4473393 3
3.9038391 3.4091489 2.4881389 0
3.1415265 3.5561435 2.4166012 16
2.9846451 3.7370691 2.4463687 20
2.9225149 3.8474801 2.4044271 19
2.9539614 4.078877 2.4355881 20
2.9907227 4.3327827 2.469404 1
3.259423 5.1348906 2.4635994 25
6.0849042 5.4669099 2.4222746 42
6.4821429 5.4029589 2.4445236 44
5.8795881 5.5053539 2.4524064 57
6.2185359 5.5549879 2.4426756 94
5.0038915 5.6627359 2.4476724 66
4.7432647 5.7089739 2.4707241 67
5.2661433 5.7116022 2.4093673 43
3.7520523 5.8860312 2.4559822 86
3.5022235 5.921731 2.4654503 25
4.2775912 -1.7749525 2.5469606 33
3.020292 -1.6004645 2.5442994 35
2.9903693 -1.5743905 2.5600059 46
1.2501858 -1.3186483 2.536175 40
1.3604019 -1.3496939 2.5112393 48
2.5407701 2.1900682 2.5591974 1
3.0747068 2.1269305 2.5780675 150
3.4994135 2.1763611 2.5998271 76
2.3871462 2.2846606 2.5677118 5
3.4964149 2.2914348 2.5963347 69
2.4510865 2.3629827 2.5762391 10
2.0123181 2.4969504 2.571413 5
2.2645228 2.4049766 2.5745485 7
2.5010846 2.4216011 2.5623283 15
1.5956664 2.8680029 2.5806847 1
1.6462841 2.9611568 2.5690656 5
1.7075359 3.0816319 2.5774322 2
1.8322431 3.3100202 2.5719817 0
3.6324985 3.3537793 2.5597715 8
3.7137206 3.3560002 2.5386887 17
4.3479586 3.3312886 2.5531275 15
3.4574416 3.4524734 2.5395913 18
2.8841071 3.7182202 2.5138252 48
2.9134307 3.9459062 2.5530703 31
6.0418038 5.4686575 2.5169861 43
6.4514446 5.4244595 2.543294 45
5.8342276 5.515965 2.5507259 56
6.4124489 5.5310879 2.5690663 96
4.9619431 5.6573949 2.5504062 66
5.4101129 5.661253 2.5319629 100
4.7029147 5.7286716 2.5859578 63
5.9187145 -2.0318642 2.6954846 119
3.6683621 -1.7218927 2.600518 31
3.6124697 -1.6736883 2.6777251 37
2.795119 -1.5533676 2.6067548 49
2.8425381 -1.5739456 2.6539872 45
1.367806 -1.3335981 2.6458232 68.5
5.5522127 -0.49182576 2.6329293 66
5.5530705 -0.36948588 2.638325 64
5.5359159 -0.24408229 2.6348112 54
5.5503869 -0.12303314 2.6463473 64
5.5669312 -0.00087348238 2.6585515 72
5.6120758 0.11977891 2.6830201 60
1.3253473 1.5697243 2.661104 157
4.786006 1.8883792 2.6810162 56
3.7265739 2.0711241 2.6434934 71
4.3317652 2.0077953 2.6355467 69
4.7911534 2.0194139 2.6720827 53
3.5615244 2.106317 2.6571579 83
3.732492 2.1931098 2.6423037 64
4.3235235 2.1235669 2.6237626 59
4.8457174 2.1759737 2.6932683 0
2.5619543 2.207747 2.6488931 0
4.3172927 2.2414589 2.6126387 17
2.5993638 2.5396638 2.6066074 15
1.805005 3.2944326 2.6527164 1
4.4615293 3.2809169 2.6434219 6
3.8089564 3.3079727 2.6275966 6
2.9722557 3.781671 2.6000645 18
2.9697347 4.233665 2.6219139 21
3.013823 4.5205541 2.6789587 13
6.0099826 5.4791279 2.6171479 43
6.4048629 5.4300423 2.6353998 45
5.7871661 5.5254893 2.6504333 42
6.6131134 5.5005226 2.6974835 94
4.9429784 5.6779208 2.6658204 67
5.5733404 5.6276884 2.6633451 103
4.6520085 5.729919 2.694699 65
4.7440171 5.8172441 2.6018767 41
4.9085102 -1.9287554 2.7265322 21
5.9521728 -1.8988113 2.7315018 122
3.265316 -1.6515367 2.7981815 40
1.622645 -1.0650765 2.7368762 13
1.1498079 -0.57343447 2.7195923 10
4.4667416 1.9576927 2.7367766 68
3.6894121 2.0777235 2.7717674 77
3.8272579 2.0175295 2.7344437 87
2.4432251 2.6629372 2.7611606 17
2.9752059 3.8253098 2.71736 18
2.912092 3.9585609 2.7822678 22
5.976532 5.4864902 2.7164798 43
6.3545151 5.4304085 2.7267332 44
5.7449026 5.5382557 2.7513545 42
4.9127493 5.681396 2.7753305 66
4.8939128 5.786119 2.7225983 87
4.6712708 -1.8356525 2.8291008 20
3.9922113 -1.7804064 2.8776121 35
3.2268701 -1.6207322 2.8071268 37
2.999871 -1.5910929 2.8402042 39
1.3589633 1.6198845 2.8468869 150
2.3638623 1.8676956 2.8901711 0
4.9746213 1.8400108 2.8119645 61
3.9812574 1.9895974 2.8703003 82
4.6531434 1.9236783 2.8745315 65
2.8937018 3.2982574 2.8581281 29
2.9882238 3.8843324 2.8518879 19
2.8915296 3.9321206 2.8073654 22
2.9724474 4.2552719 2.8641627 23
5.9457955 5.4940238 2.8170784 43
6.3228183 5.4458451 2.8260047 45
5.6976652 5.5427637 2.8519669 53
5.7484789 5.5971971 2.8008597 94
4.8750367 5.6733317 2.8788605 54
4.6046047 5.7353053 2.8073888 65
5.0575237 5.7658257 2.852931 114
4.3201213 5.8606491 2.8425045 5
3.9349985 -1.7306554 2.9644864 39
3.4257293 -1.3031459 2.9602039 15
1.8956391 -1.2009978 2.9716096 64
3.1388757 -1.2377938 2.9732981 150
3.1548374 -1.1562821 2.9965801 113
3.4012625 -1.1778066 2.9818444 150
6.1810369 -1.1114137 2.9322641 110
1.8449911 -1.0225571 2.962898 93.5
1.5622125 -0.93456328 2.9600759 113
1.7969542 -0.91056389 2.9718776 88
1.8274559 -0.94981718 2.9662559 84.666664
6.2026801 -0.97495288 2.9528656 109
1.5997313 -0.82003129 2.9573126 101
1.7859453 -0.82989252 2.9651179 87
1.8123637 -0.86137986 2.9699581 83
6.2294497 -0.84122753 2.975507 118
1.7651556 -0.74910903 2.9666376 89
3.4157505 -0.77076578 2.9905415 145
6.251008 -0.70376831 2.9946871 85
1.4960301 -0.61706507 2.9631453 150
1.553648 -0.63452935 2.95643 96.5
1.7395577 -0.6587072 2.9665394 87.333336
1.1600275 -0.53839636 2.9483423 76.25
1.5335071 -0.53206223 2.9578562 122.5
1.7265601 -0.56578946 2.9690735 84.75
0.74967581 -0.46136722 2.9262555 120
1.1543794 -0.44062337 2.9517682 100
1.4700193 -0.44832087 2.9549465 150
1.6943243 -0.42886937 2.9724326 88
1.7150089 -0.47534421 2.9698422 85.666664
3.4360681 -0.48114717 2.9876356 109.5
0.7347576 -0.36047578 2.9470057 98.75
1.1380217 -0.3460809 2.9563847 98.25
1.4761349 -0.34768257 2.9597454 119.33334
1.689405 -0.33467725 2.9685249 88.333336
1.7074542 -0.37380236 2.967452 93
0.72651368 -0.2427834 2.9491494 100.25
1.1293478 -0.23611636 2.9524565 95.75
1.6858504 -0.23927304 2.9699173 89.75
0.72323579 -0.13687958 2.9399149 121
1.125892 -0.1361115 2.9481599 103.33334
1.4442513 -0.12583826 2.9295077 150
1.6772192 -0.1406261 2.9592304 86.25
0.71754283 -0.056165025 2.9419062 117.66666
1.11733 -0.064260326 2.942138 84.666664
1.4561385 -0.074167825 2.9671977 81
1.677807 -0.038117412 2.9686172 115.33334
0.71828246 0.047476597 2.9436047 118.75
1.1230235 0.03371691 2.959893 100.75
1.4714657 0.055975046 2.9676309 90.5
1.6840706 0.052601464 2.9714718 82.75
0.71639651 0.14669703 2.9426556 120.66666
1.1256377 0.14051728 2.9622612 101
1.4763782 0.15464461 2.9675977 86
1.6878142 0.12298749 2.9706776 76
0.72120357 0.2486216 2.9575179 104.25
1.1302279 0.24719521 2.9586492 100.75
1.4842199 0.25447652 2.9664714 88
1.6978513 0.26545674 2.9708776 105
1.7073416 0.26692045 2.9708998 79
0.72686195 0.36454707 2.9578412 103.5
1.1342283 0.33758092 2.9611075 93
1.4947151 0.34044504 2.9670112 86.666664
1.500465 0.39506882 2.9724381 81
0.73229647 0.45219952 2.9583845 107
1.1461333 0.43386829 2.9608073 94.25
1.5102046 0.45386139 2.9662867 79.5
0.73955035 0.5399344 2.9561956 106.5
1.1601849 0.54203832 2.9643445 92
1.5239067 0.53758454 2.9666493 84
0.74034667 0.64524239 2.9594831 101.33334
1.1667515 0.63767117 2.9618757 91
1.206466 0.69134611 2.9654593 93
1.5442204 0.62967855 2.9690213 82.5
0.76137358 0.74792737 2.9612083 106.25
1.1664395 0.74485683 2.9634962 86
1.2205255 0.75003952 2.9679508 83
1.5718707 0.74573904 2.9751103 82.800003
0.73785424 0.85070664 2.9630084 103
0.81510621 0.85843343 2.9583449 99
1.1842551 0.85237145 2.9693151 85.5
1.2421674 0.83861977 2.9680948 83.5
1.5884652 0.84705544 2.9722717 81
1.6093172 0.86347216 2.9739506 77.333336
1.8479763 0.8521533 2.9769063 150
0.74700856 0.94063884 2.9678984 103
0.83533889 0.95629042 2.9629965 96
1.1986233 0.93356913 2.9711325 88
1.2523623 0.96692568 2.9687226 88.666664
1.6359484 0.96338695 2.9729586 81
1.8772829 0.9279536 2.9795957 94
0.76057178 1.0609543 2.9676147 104.5
0.85750073 1.0542409 2.9646893 92
1.220172 1.0433308 2.9721398 94
1.3020011 1.0480868 2.9702296 88
0.77221769 1.1510381 2.9632871 150
0.87988919 1.1482829 2.9520409 150
1.2433361 1.1531832 2.9672873 118
1.3418821 1.1700338 2.9708741 110
1.6633577 1.1015072 2.9814572 81
1.2726561 1.2695249 2.9743075 98
1.3805369 1.2860153 2.9487126 82
1.6965512 1.203811 2.9762983 108
1.7495837 1.2434841 2.9808052 103.33334
0.93551052 1.3576307 2.9632337 150
1.2887343 1.3308116 2.9802215 82
1.303852 1.3910109 2.9812474 87
1.4110372 1.3603663 2.9736257 80
1.7460096 1.3361983 2.9771562 92.5
1.821501 1.3541141 2.9848442 73.5
2.0646875 1.3470461 2.9830225 87.75
0.96746486 1.4641403 2.965663 87
1.3203768 1.4482816 2.9773304 82
1.4511226 1.4612551 2.9815814 81.5
1.7821161 1.4216608 2.9849541 78
1.815298 1.4373422 2.9410398 117
1.0010804 1.5730382 2.9680073 91
1.3493646 1.5440595 2.9858222 92.5
1.4933217 1.562256 2.9850068 84
1.8539995 1.5341369 2.9729292 111.66666
2.2192793 1.5920599 2.9946704 59
1.0232368 1.6390384 2.9556754 95
1.3696302 1.6200328 2.9544063 123
1.5378243 1.6618913 2.9800892 83.5
1.8731613 1.6369388 2.9697995 104
2.2493913 1.6418105 2.9833479 48
0.87864071 1.7546217 2.9757087 101
1.0627048 1.7571324 2.9648459 110
5.1988707 1.7948371 2.9648643 60
0.89463365 1.8290178 2.9766903 88
1.9940318 1.8812815 2.9813972 30
2.3655467 1.8245742 2.9539018 8.5
1.6560318 1.9119689 2.9834919 70
2.0385652 1.9682926 2.9717598 7
3.4446633 2.0711615 2.9598103 87
3.8391638 2.0565982 2.9064531 83
2.3264368 3.029458 2.9996836 19
2.3889241 3.1183743 2.9880104 20
2.8992 3.3110616 2.9536228 39
2.7147715 3.5712481 2.994647 64
2.9030883 3.8188415 2.9948967 56
2.9819355 3.9125576 2.966696 44
2.9580545 4.2440243 2.9001894 32
3.0102849 4.5435095 2.949049 23.5
2.9807327 4.7112684 2.9272861 14
6.2851181 5.4549332 2.9223316 45
7.0320883 5.4302826 2.9653656 93
5.6561389 5.5515585 2.9564526 58
5.9273338 5.5392866 2.9337289 67.5
4.4579892 5.822371 2.9744313 41
5.4695363 -2.0270996 3.0924773 51
4.2284007 -1.7751687 3.0811572 62
3.4738221 -1.6602738 3.039484 125.5
4.0603514 -1.6722664 3.07862 42
4.2141528 -1.6383867 3.0738471 85
3.4603682 -1.5379314 3.0235908 59
4.048161 -1.54373 3.0709784 71
4.1648211 -1.3715371 3.0435073 99
3.4714332 -1.2160864 3.0064428 130
4.0046468 -1.2919214 3.0383806 112
4.1832533 -1.2574966 3.0633178 91
3.1795321 -1.1543614 3.0167744 150
3.4998081 -1.1204165 3.035285 115
4.0210238 -1.1835632 3.0544024 101
4.173625 -1.1358291 3.0595775 120
3.181694 -1.059444 3.019424 114
3.4684327 -1.0505471 3.0261784 134.5
4.0080509 -1.0661029 3.045424 101
4.1772785 -1.018041 3.0655048 110
3.1891484 -0.96108854 3.0241513 126
3.4733615 -0.94687861 3.0301998 126.5
4.0097771 -0.95369267 3.0489464 111
4.1811223 -0.90224147 3.07285 94
3.1918983 -0.86258489 3.0243649 124
3.4639709 -0.84026355 3.0192587 139.5
4.0071549 -0.8405599 3.0497112 99
3.1903129 -0.77055335 3.0223765 128
3.2006006 -0.76050222 3.0267665 138
4.0061226 -0.73033553 3.0504646 100
4.1709924 -0.78362989 3.0670078 91
4.9459929 -0.79747385 3.0910056 82
3.1962667 -0.67383611 3.0260489 131
3.2054715 -0.66381955 3.0298104 138
3.4670296 -0.68784219 3.0216389 144
4.005394 -0.61887896 3.0510824 92
4.1691728 -0.66932112 3.0688055 91
4.9099326 -0.66727769 3.0697651 131
3.206758 -0.57359469 3.0323472 135
3.4773781 -0.58931392 3.0312488 138.5
3.9891114 -0.5076738 3.0386496 111
4.152029 -0.55332088 3.0560288 87
4.9362497 -0.54939514 3.0927813 92
3.2075233 -0.47774583 3.030489 139.5
3.9947145 -0.40102884 3.045661 99
4.1647539 -0.44077417 3.0688794 97
4.934288 -0.42618388 3.0957415 87
3.1867104 -0.38473615 3.0078597 150
3.2159829 -0.37709725 3.0347881 144
3.462502 -0.38146186 3.0362608 123
3.5125437 -0.3992734 3.0445077 130
4.1536803 -0.32826564 3.0616605 85
4.9302239 -0.30410162 3.0966189 88
3.2129295 -0.2589196 3.0338881 132
3.4645274 -0.283068 3.0370727 121
3.5129552 -0.29787585 3.0441327 117
3.997417 -0.29458421 3.0484817 95
4.1549435 -0.21670358 3.0648255 87
3.2182727 -0.14693631 3.036581 125
3.4679439 -0.18356684 3.040683 119
3.514266 -0.1984079 3.0458698 119
3.9936149 -0.18756416 3.0464637 95
4.1540246 -0.10533128 3.0644958 91
4.915411 -0.18266535 3.0884869 85
3.2212276 -0.052009828 3.0382061 126
3.4642842 -0.08657591 3.0359478 122
3.5177011 -0.098768458 3.0482759 122
3.9913073 -0.081446387 3.0458393 95
4.9106774 -0.061625533 3.0886691 91
3.2254455 0.060402635 3.0414391 130.66667
3.4648879 0.011724826 3.0367875 120
3.5203609 0.0018141482 3.0514002 120
3.9912491 0.022810224 3.0458944 103
4.1523848 0.0059791361 3.0634723 95
4.9073839 0.058488946 3.0874143 87
3.2254109 0.18405476 3.0409958 129
3.4633093 0.10986546 3.0341315 116
3.5173309 0.10092383 3.0475605 116
3.9875596 0.12783383 3.0438871 106
4.1578903 0.11790375 3.0679734 90
4.9005775 0.17739402 3.0841017 84
3.2252584 0.27733317 3.0402341 128.5
3.4668446 0.20737116 3.0377538 112
3.5203543 0.24970828 3.0490906 119.5
3.9923353 0.23542055 3.0487866 104
4.1541748 0.22803211 3.0648708 85
4.8973351 0.29617721 3.0830488 90
3.227818 0.37333006 3.0436554 122
3.4653502 0.30452207 3.0365179 121
3.519809 0.39820334 3.0485651 119
3.9779897 0.33772779 3.036377 125
4.1512585 0.33722585 3.0624647 92
3.2280045 0.46790794 3.0432231 127.5
3.4637868 0.40267077 3.0352778 109
3.5187595 0.49948329 3.0468051 109
3.9891968 0.4457379 3.0461111 99
4.1645355 0.45082358 3.0731831 96
4.8955226 0.41537368 3.0817804 66
3.4686821 0.5012759 3.0402858 111
3.9853687 0.55275732 3.044095 109
4.1735044 0.56405032 3.0797393 72
3.4615583 0.64966583 3.0339098 145
4.1646414 0.67473739 3.0703671 80
3.9834585 0.7661646 3.0427938 62
4.1741247 0.7900148 3.076201 69
3.9810302 0.87327105 3.0407526 78
3.9954746 0.98650402 3.0525196 85
4.1687579 0.90200776 3.070297 44
4.8852091 1.018279 3.0704401 77
4.1769748 1.1339389 3.0715895 88
4.8796434 1.1392472 3.0642619 70
3.4617717 1.211102 3.0407841 143
3.5325255 1.2232292 3.0559843 113
3.9817348 1.2041322 3.0400875 105
4.1840358 1.2520148 3.0739226 92
3.4568741 1.3150396 3.0381734 119
3.5309701 1.33049 3.0542152 104
3.9839838 1.3165568 3.041467 106
3.4582756 1.4214247 3.0403881 122
4.1941352 1.4928399 3.075114 87
4.9302607 1.4038866 3.0931675 26
5.3038344 1.4195522 3.0614898 59
4.8892713 1.5167284 3.0607524 98
3.4500563 1.637427 3.0358038 142
3.5326068 1.6628205 3.0530009 150
3.9809999 1.6591934 3.0365527 111
4.1791363 1.6070101 3.0573585 105
4.9114976 1.6523694 3.0724058 96
3.4379392 1.7408446 3.0248404 126
3.5055811 1.7630587 3.0255568 126
3.9598079 1.7660455 3.016458 149
4.2091212 1.7431155 3.0776019 90
4.9174824 1.783029 3.0709212 95
3.5357614 1.8970277 3.0563638 101
3.9816971 1.8978144 3.0350518 107
4.2181358 1.8713955 3.0798695 90
4.8715115 1.8945636 3.0336404 86
4.1469374 1.9596533 3.0144346 82
3.5354655 2.0144284 3.0552504 114
3.9764102 2.016597 3.0294557 112
4.2554464 2.6898055 3.0674789 93
4.9579144 2.7676482 3.0502293 82
3.9711878 2.8000906 3.0147657 120
4.2687283 2.8425374 3.0688887 74
2.6721649 2.9947596 3.0053353 36
3.9728861 2.9425271 3.0131419 98
4.9709644 2.9227526 3.0484798 75
2.7404034 3.0924659 3.0131059 51
3.9797659 3.0943322 3.0170262 97
4.2864089 3.0026736 3.0737317 78
4.9857631 3.0849774 3.0487828 77
2.8065512 3.1839828 3.0120275 59
4.2962761 3.1611326 3.070945 79
2.8734055 3.2785568 3.0113578 65
3.9869854 3.2521741 3.0215743 95
4.998982 3.2491047 3.0462716 78
4.3118081 3.3291128 3.0729756 69
3.9905839 3.4097662 3.0212376 66
3.9131596 3.5167878 3.0093343 37
2.8122146 3.7006655 3.0014155 61
4.0429277 4.1220212 3.0300736 24
5.1067533 4.1768799 3.0500796 57
4.008882 4.293941 3.0196626 78
4.4192233 4.2869835 3.0893013 66
4.7687273 4.2706051 3.0070472 52
5.0786481 4.3355222 3.0157688 90
3.9947448 4.4693851 3.003264 95
4.9518509 4.4300952 3.0309329 30
5.1280661 4.5765429 3.0363665 46.5
4.0053258 4.6865616 3.0088003 81
2.9214258 4.7844496 3.0175474 50
4.9757566 4.7070293 3.0336804 23
5.2962041 4.7151656 3.0426455 30
5.1610198 4.8414717 3.0404158 44.5
5.4823928 4.8677363 3.049047 27
3.0420387 4.9893913 3.030935 37
4.4798913 4.9539747 3.0834 61
5.1955886 5.0457716 3.035507 59
5.3461075 5.0437031 3.0526719 30
5.6771693 5.0257869 3.0529549 28
3.1615717 5.1851907 3.0314329 28
4.0260801 5.1489305 3.0168786 61
5.8893118 5.1958261 3.0608187 26
4.4140468 5.2008185 3.0570221 32
5.55126 5.2285385 3.0641732 27
4.1690311 5.3666291 3.0628555 11
5.2354946 5.3026018 3.0398383 44
6.1255579 5.38624 3.0737627 30
5.7743192 5.4294982 3.0777619 34
6.2462554 5.4609532 3.0191507 47
5.62849 5.5730553 3.0677233 42
5.8784714 5.5017209 3.0175884 58
6.1198096 5.5340781 3.0903518 108
5.4166822 -1.2804637 3.1197193 75
5.006804 -1.1899091 3.1145086 97
5.4106488 -1.1393678 3.1243987 72
4.9783721 -1.0542399 3.1008987 98
4.9748702 -0.92810571 3.1052954 92
5.4105005 -0.99975228 3.1332147 21
5.3818517 -0.8556639 3.1206312 70
5.3673973 -0.71733117 3.1184049 72
5.3455873 -0.57765168 3.109242 63
5.3509579 -0.44457319 3.1172655 68
5.3375092 -0.31016889 3.11291 72
5.3312411 -0.17612703 3.1112499 73
5.3294239 -0.043694057 3.1123393 73
5.3246169 0.089472987 3.1092401 73
5.3306046 0.2226003 3.1137176 69
5.3388033 0.35492611 3.1188631 66
5.3247719 0.48626125 3.1081643 60
5.3256974 0.61893731 3.1063738 65
5.3372087 0.88816732 3.1068454 65
5.3393264 1.0229574 3.1036136 73
5.3622017 1.3002335 3.105973 66
5.3928261 1.5862365 3.1095793 71
5.4068508 1.73113 3.108927 82
5.5509925 2.6861987 3.119926 76
5.5733457 2.8559349 3.1155169 74
5.604229 3.0344708 3.115875 68
5.7970223 4.0289149 3.1138659 59
5.8449173 4.2551498 3.1123619 40
5.9377022 4.5245714 3.1353576 43
5.9916253 4.7704234 3.1329815 43
6.0678086 5.0473905 3.1407125 44
6.1450782 5.3354998 3.1462719 46
