# .PCD v0.7 - Point Cloud Data file format
VERSION 0.7
FIELDS x y z intensity
SIZE 4 4 4 4
TYPE F F F F
COUNT 1 1 1 1
WIDTH 6203
HEIGHT 1
VIEWPOINT 0 0 0 1 0 0 0
POINTS 6203
DATA ascii
-0.92746633 -5.7126064 -0.54725641 21
-0.81039596 -5.3302131 -0.54434943 3
-0.18819296 -5.3862333 -0.55763996 5
-0.43452215 -5.0083017 -0.53724372 1
-0.38630092 -5.07829 -0.53005284 1
-0.21158364 -5.043232 -0.53389347 1
-1.5736532 -4.9678311 -0.50204241 92
-0.81413203 -4.6945724 -0.53779262 1
-0.70425302 -4.3222103 -0.51893425 1
-1.3868257 -4.2600617 -0.51099819 9
-0.20416397 -4.2382755 -0.5148049 2
-0.40965343 -4.1653152 -0.52529836 5
-0.36182976 -4.1732941 -0.51246691 3
-0.22204268 -4.1602545 -0.51946414 6
-0.72846055 -3.9185696 -0.52131891 4
-0.63308632 -3.6602085 -0.50664061 5
-0.21206918 -3.6052854 -0.50587434 6
-0.36736134 -3.5388169 -0.50643933 5
-0.22935155 -3.5272756 -0.50612813 6
-0.66569233 -3.3445742 -0.50635344 6
-1.5592372 -3.271451 -0.52782905 11
-1.0416715 -3.2279491 -0.5151341 7
-0.94233376 -3.1500173 -0.50042486 5
-0.37584811 -3.0623462 -0.50093669 6
-1.4422712 -2.8545527 -0.51393819 6
-0.9597556 -2.8629122 -0.51193166 6
-1.2987989 -2.5763333 -0.51176536 5
-0.88938814 -2.5488966 -0.50285947 5
-1.2079494 -2.3312936 -0.50702798 7
-1.258824 -1.0619034 -0.50004691 2
-1.2938195 -0.59974873 -0.51053137 0
-2.1566889 0.65081531 -0.50651002 24
-2.0716736 0.68785757 -0.50273526 16.5
0.31157255 2.4959145 -0.50655693 11
0.31292832 2.6459737 -0.5005936 13
0.32842267 2.7499239 -0.51087815 10
0.33243859 2.9200075 -0.50720817 10
0.34803626 3.0639365 -0.51802427 9
0.36045817 3.228039 -0.51103806 8
0.82222581 3.268079 -0.50536728 8
0.3740162 3.4349496 -0.52453005 8
0.392647 3.6130772 -0.51613241 9
0.90842444 3.6950753 -0.51142097 9
0.40557763 3.9239666 -0.53385973 10
0.79068005 3.9870007 -0.50215697 8
0.4338367 4.1301389 -0.52736562 11
1.0256281 4.2830682 -0.52378833 9
1.1328473 4.4097762 -0.50533742 11
-1.709186 4.5656056 -0.50870764 2
0.44689834 4.5879908 -0.5488677 13
0.78397471 4.7049651 -0.51344067 10
0.48756877 4.8242207 -0.54254669 11
1.1782169 5.035059 -0.53548098 5
0.023487857 5.1035776 -0.57582468 12
0.96083683 5.1231093 -0.51768935 10
1.309005 5.1639147 -0.51593381 6
2.1886635 5.1626525 -0.51345676 2
0.024088716 5.2055774 -0.5687536 7
0.50587225 5.4530172 -0.56331396 7
0.56303436 5.7503233 -0.55954969 10
0.77633798 5.826859 -0.54050303 12
1.4268669 5.8592186 -0.5092389 15
0.018076038 6.1260996 -0.58282804 41
0.9924069 6.3360538 -0.53361684 40
1.5772915 6.3441515 -0.54165596 27
1.4468993 6.4650331 -0.58006704 28
0.66604543 6.5683398 -0.54053998 37
-0.13020602 6.6459489 -0.53741074 118
0.077798948 6.6510186 -0.52792579 95.5
0.59162813 6.6420507 -0.57937747 50
2.3112273 6.7325463 -0.50091708 12
1.5990731 6.8300533 -0.50320417 106
2.854177 6.9403477 -0.57816303 2
-1.0769389 -5.7629786 -0.40894711 72
-0.93331355 -5.7528982 -0.42438346 87
-0.8614282 -5.7192206 -0.46552235 76
-0.43267962 -5.663857 -0.4846983 130
-0.20889392 -5.6533046 -0.4833492 150
-0.19244421 -5.6523213 -0.46288681 150
-1.2140946 -3.594156 -0.49584454 6
-1.1475965 -3.2244847 -0.4398382 9
-1.0560795 -3.2941117 -0.45433897 94
-0.97856504 -3.2910163 -0.45340323 25
-1.5209967 -3.1796684 -0.43883672 4
-1.0977162 -3.1462543 -0.49234867 6
-0.58001775 -3.1522074 -0.49393284 5
-0.21777245 -3.1292927 -0.49890447 6
-1.5646217 -3.0409913 -0.45343149 8.5
-0.33132219 -3.0922973 -0.49528128 6
-0.23417869 -3.0672884 -0.4978469 6
0.27403459 -3.0162148 -0.43975398 9
-0.62124223 -2.936569 -0.49943167 5
-1.0045168 -2.7883275 -0.48833835 5
-0.86355191 -2.7890177 -0.49453658 5
-0.54202741 -2.7981968 -0.49158674 5
-0.34352493 -2.7283247 -0.49328691 5
-0.22995217 -2.7452967 -0.49378639 5
0.28840962 -2.7852128 -0.44337851 12
-0.58734906 -2.6285565 -0.4977001 5
-1.3414356 -2.5137765 -0.4980697 5
-0.93415755 -2.5163956 -0.48781842 6
-0.80062222 -2.5040183 -0.49103898 5
-0.51107657 -2.5181959 -0.48986453 4
-0.057583161 -2.5712888 -0.45308572 4
0.29227677 -2.5472131 -0.4411183 16
-0.33513254 -2.4598255 -0.49221522 6.5
-0.2324734 -2.4767966 -0.49418873 7.5
-0.55858982 -2.3695502 -0.49453264 6
-0.02711899 -2.3912823 -0.45423222 6
0.30056414 -2.3672121 -0.44305825 38
-1.3806707 -2.299222 -0.47863096 3
-1.2385865 -2.2658122 -0.49122792 7
-0.85203028 -2.2826581 -0.48948207 7
-0.75055605 -2.278019 -0.4896704 5
-0.48536628 -2.2721958 -0.48559147 7
-0.32811952 -2.2178283 -0.48679334 8.5
-0.23564628 -2.2253053 -0.48714033 8
-0.0013569086 -2.2252779 -0.45342177 7
-1.2814229 -2.1901879 -0.47800744 6
-1.1254082 -2.1112673 -0.49908221 6
-0.53406316 -2.1455522 -0.48881203 7
0.29587433 -2.159215 -0.43382445 119
-1.1716805 -2.0725031 -0.48040804 5.5
-0.81920242 -2.0674698 -0.47943348 7
-0.74561572 -2.0749445 -0.48658565 6.5
-0.46536952 -2.0811956 -0.48483318 8
-0.34012365 -2.0510094 -0.47871232 6.6666665
-0.2367842 -2.0363073 -0.48600963 9
0.020803487 -2.0802743 -0.45260662 9
0.255357 -2.06727 -0.44221687 13
-1.1029257 -1.9811158 -0.47285569 6
-1.0755076 -1.9210615 -0.4903976 7.5
-0.76585555 -1.923188 -0.48747647 7.5
-0.67169237 -1.91202 -0.48477858 7
-0.51676965 -1.9845368 -0.49191445 8
-0.44736409 -1.9141954 -0.48425061 8
-0.33433837 -1.9753604 -0.46337605 5
0.04102046 -1.9562705 -0.45290518 10
-1.0209012 -1.8496497 -0.48456576 7
-0.50009286 -1.8255383 -0.48804873 8
-0.3390882 -1.8683566 -0.48825067 9
-0.26745769 -1.8743154 -0.47993237 9
0.058192134 -1.8382677 -0.4523595 12
-1.0379517 -1.7779238 -0.48898393 8
-0.73219264 -1.7811842 -0.48683646 7.5
-0.63973224 -1.7670206 -0.48298627 8
-0.43243325 -1.7701954 -0.48293471 8
-0.3342545 -1.7263581 -0.48653281 9
-0.25874078 -1.7403156 -0.47762936 9.75
-0.011944586 -1.7892482 -0.45203078 10
0.073707573 -1.7312658 -0.45070308 13
-0.97429669 -1.6580676 -0.48873997 8
-0.71417856 -1.6545782 -0.48283368 8
-0.65200198 -1.6494274 -0.48478445 7.5
-0.45189998 -1.6668632 -0.48356795 8
-0.33104992 -1.6143519 -0.48903519 2
-0.2611239 -1.6508157 -0.47385901 5.5
0.04084095 -1.6475905 -0.45036423 12
-1.2202895 -1.5205896 -0.46057165 3.5
-0.93500727 -1.5550628 -0.49041608 8
-0.67714727 -1.545702 -0.48485768 4.5
-0.57505864 -1.5317402 -0.4703581 7
-0.43989211 -1.5553598 -0.48337811 6.5
-0.22049585 -1.5443225 -0.46955419 11
-0.18147129 -1.5163226 -0.46116835 1
0.042479195 -1.5272619 -0.44691014 14
0.10412603 -1.5662566 -0.45547926 2
-1.2123064 -1.463275 -0.46399465 5.5
-1.1817715 -1.4515461 -0.49746078 9
-0.90741414 -1.4560051 -0.48909003 1
-0.89502484 -1.4751447 -0.49592006 2
-0.65408081 -1.4482046 -0.4845126 5.5
-0.54950321 -1.4712402 -0.47662741 1.5
-0.47604734 -1.4464798 -0.47482422 9.5
-0.34895375 -1.4436404 -0.48169503 5.6666665
-0.26071745 -1.4573548 -0.47091332 7.4000001
-0.15845931 -1.4343212 -0.45729893 12
0.062400706 -1.4772764 -0.4532184 2
0.11135158 -1.4672607 -0.44823557 21
-1.2291301 -1.371002 -0.46391535 4.5
-1.1443734 -1.3499329 -0.48446405 6
-0.86222196 -1.3625745 -0.4851391 9
-0.63240194 -1.3547277 -0.48072013 3
-0.55013579 -1.3460462 -0.47715503 2
-0.44405326 -1.3444568 -0.46843162 1.6666666
-0.3540076 -1.323284 -0.47670278 3
-0.24289384 -1.3298666 -0.46416086 7
-0.13905096 -1.3593208 -0.45341998 2
0.080890208 -1.368279 -0.44835103 10
0.12837027 -1.3702557 -0.45061466 5
-1.2258638 -1.2990849 -0.42315525 2
-1.1031282 -1.2874262 -0.49360365 5.5
-1.0660127 -1.2415816 -0.48682442 7
-0.81967586 -1.2488282 -0.48400319 2
-0.61054826 -1.2527117 -0.47976604 2.6666667
-0.56394219 -1.2354293 -0.47896579 3
-0.43849042 -1.2515364 -0.47720164 3.5
-0.36600614 -1.2360932 -0.46768928 2.75
-0.27748904 -1.2293016 -0.4706971 4
-0.14249878 -1.272375 -0.45318481 1.25
0.099348389 -1.2792858 -0.44706696 4
0.11846319 -1.2217569 -0.43897763 3.5
-1.2400056 -1.1280899 -0.45239162 1
-1.0243363 -1.1449249 -0.48817858 2
-0.78128457 -1.144578 -0.48122206 2
-0.64686507 -1.1150719 -0.47045907 1.5
-0.54711187 -1.1491439 -0.47599086 3
-0.43357229 -1.1567785 -0.46687612 2.3333333
-0.3477816 -1.1389703 -0.46930844 3.2857144
-0.27516112 -1.1682997 -0.47448248 4
-0.12591474 -1.1557741 -0.45172563 1.3333334
-0.079205565 -1.169806 -0.45195982 2
0.11974391 -1.1672459 -0.44408894 7
-1.5103743 -1.0395658 -0.4271749 143
-1.2496872 -1.0662296 -0.46381027 1.8571428
-0.97873485 -1.0606693 -0.48717231 3
-0.74993205 -1.0595884 -0.48128003 3
-0.60113025 -1.0675526 -0.47042161 3
-0.56227386 -1.041343 -0.47524247 3.5
-0.45284095 -1.0522885 -0.47556776 4
-0.34073597 -1.0498233 -0.46731779 3
-0.27359456 -1.0348592 -0.46334228 3
-0.060408283 -1.05487 -0.45421275 2.8333333
0.11057885 -1.079757 -0.41318071 3.5
1.0615736 -1.0477325 -0.40302125 3.3333333
-1.4174436 -0.9463653 -0.43801683 60
-1.3879145 -0.9083274 -0.46654189 21
-1.2371253 -0.96872747 -0.48417294 3.5
-1.1578263 -0.93275547 -0.48804507 3.3333333
-0.92425132 -0.95816565 -0.4849028 3
-0.71319604 -0.95689011 -0.47903419 3
-0.54123485 -0.94702417 -0.47373447 3.6666667
-0.46304688 -0.94532812 -0.47050524 3.5999999
-0.32923087 -0.97403193 -0.4670862 3.5
-0.25162056 -0.93596095 -0.45593318 5
-0.029294914 -0.94378841 -0.44983101 5.8000002
0.10286642 -0.98120481 -0.40505445 4
0.30836099 -0.96021914 -0.41303009 0
0.76263273 -0.92493784 -0.41643819 5.5999999
0.88176298 -0.94783163 -0.40880713 5.3333335
0.90493107 -0.94937187 -0.41474819 3
1.0329754 -0.94109559 -0.40449315 2
-1.3704963 -0.86674047 -0.4925321 13
-1.1143464 -0.86977786 -0.48945028 2
-1.0844824 -0.82279038 -0.49048674 1
-0.86986953 -0.85241556 -0.48346844 2.8333333
-0.68128908 -0.86253101 -0.48108631 2.8
-0.52082294 -0.85258418 -0.46984038 3.2857144
-0.45000106 -0.83968902 -0.46120924 5.5
-0.3946085 -0.81049186 -0.45830125 6
-0.22669145 -0.85581315 -0.45226851 6
-0.18169592 -0.82785016 -0.45079681 6
-0.008092666 -0.86807138 -0.44684276 5
0.010362471 -0.82483578 -0.44330615 6
0.54197395 -0.82580048 -0.40918797 6
0.74789488 -0.84095633 -0.40879121 4
0.88359064 -0.85816312 -0.41268787 2
-1.4073229 -0.74715686 -0.45457825 12.5
-1.3892937 -0.75855166 -0.40886319 7
-1.2611604 -0.75534648 -0.48413911 2
-1.0465258 -0.78871584 -0.48536623 0
-0.83399862 -0.78041255 -0.48450673 1
-0.64607155 -0.78281331 -0.47505188 2
-0.55020493 -0.74641842 -0.46726465 4.5
-0.44844782 -0.76698083 -0.4611564 5.3333335
-0.36050093 -0.74027109 -0.45706469 5
-0.16047685 -0.74834412 -0.44947365 5.2222223
0.042616859 -0.74917221 -0.44030181 4.75
0.19748758 -0.70511788 -0.42858291 0
0.34947848 -0.73680514 -0.42251116 3.8
0.48864558 -0.72055835 -0.4140833 5
0.52257794 -0.7580412 -0.41101956 5.6666665
0.66672194 -0.73803198 -0.40600353 5.4000001
0.73632526 -0.78039181 -0.40782079 3.25
0.89240718 -0.70585161 -0.40908045 1
1.0515773 -0.74151659 -0.41201389 4
1.1751148 -0.71799463 -0.40242258 8
1.2507868 -0.73647958 -0.40747273 4.6666665
-1.5238481 -0.60905135 -0.46286067 11.5
-1.368582 -0.68712324 -0.48018494 1
-0.53806311 -0.65254891 -0.46144193 4.75
-0.47309035 -0.63003033 -0.45936179 4.4000001
-0.32515398 -0.67235684 -0.45401257 3.5999999
-0.28019321 -0.63582486 -0.453017 4.1666665
-0.11661898 -0.6636796 -0.44927046 4.8571429
-0.092263304 -0.61852944 -0.44835091 4.3333335
0.063330874 -0.66248137 -0.43779546 5.7142859
0.18884833 -0.6445933 -0.43022195 4
0.21654885 -0.64628017 -0.43848792 3.8333333
0.35136569 -0.64859504 -0.4347932 5.8888888
0.47232798 -0.64297146 -0.41984004 4.2857141
0.56092817 -0.63730615 -0.41595325 4.6666665
0.63344908 -0.65474105 -0.41125846 4.75
0.78629786 -0.62213939 -0.40777445 3.7142856
0.85099095 -0.6482814 -0.40875775 4.9230771
0.94364184 -0.61361921 -0.40267211 5.25
1.0242054 -0.65544617 -0.41061324 6.5999999
1.1599823 -0.64999676 -0.40385082 7
1.2254126 -0.64265049 -0.40732381 5
1.3703582 -0.66237152 -0.4003967 4.5
-1.4265282 -0.52594328 -0.46927184 10.5
-0.87103051 -0.50674081 -0.47830984 0.5
-0.72354305 -0.53562135 -0.47599208 0.75
-0.69581223 -0.5144521 -0.47102565 3
-0.56265044 -0.53026062 -0.46310711 4
-0.43392837 -0.57474518 -0.45689476 3.6666667
-0.36404693 -0.52902842 -0.45778859 4.7777777
-0.24655797 -0.55292809 -0.45394307 4.2857141
-0.19264954 -0.51342213 -0.45274997 5
-0.078952372 -0.58313107 -0.44782257 3.75
0.079594463 -0.54587257 -0.44142234 5.125
0.16882583 -0.54301453 -0.43685809 5.0999999
0.24124403 -0.54963803 -0.44105875 5.3636365
0.34418479 -0.53633201 -0.43000495 6.181818
0.44370434 -0.58903861 -0.42095658 3
0.57011139 -0.5411166 -0.41509044 4.2222223
0.65062451 -0.54569757 -0.41215926 5
0.74893492 -0.55737668 -0.41494787 5.2222223
0.85913366 -0.5415771 -0.41021574 5.4666667
0.94233537 -0.54922241 -0.40510952 4.7777777
1.0175644 -0.55803204 -0.41428578 5.6666665
1.1644939 -0.54007024 -0.40895653 6.1999998
1.2083406 -0.57667065 -0.40741593 6
1.3318503 -0.55138671 -0.40049264 5
1.4298196 -0.52823555 -0.40371996 4.5
-1.0081236 -0.48575026 -0.47906515 0.5
-0.9733665 -0.43857798 -0.48087558 2.3333333
-0.83899045 -0.44940764 -0.47451413 2.8888888
-0.74618471 -0.44206172 -0.46631601 5
-0.67697412 -0.44496837 -0.46877071 4.5555553
-0.33873424 -0.46135709 -0.45094144 5.8333335
-0.27990866 -0.44840965 -0.4532021 6.0999999
-0.18219325 -0.48227209 -0.44819218 3.4000001
-0.021048622 -0.43119112 -0.44391689 3.6666667
0.077815779 -0.46511304 -0.44191653 7.25
0.14295794 -0.45465603 -0.44018111 5.3125
0.26130402 -0.44952637 -0.4387438 6.2142859
0.35745385 -0.44821402 -0.43195182 5.5
0.42384589 -0.44835973 -0.4238824 3
0.68936855 -0.47843632 -0.41147724 6.3333335
0.75977743 -0.45306468 -0.41116297 5.3157897
0.83965838 -0.45595384 -0.40993086 5.8571429
0.98173666 -0.44385734 -0.40610147 7
1.0153077 -0.44424134 -0.41366488 5.5
1.1409367 -0.44406256 -0.40861583 6.6666665
1.2966681 -0.43239832 -0.40178034 6.5
1.3679584 -0.44213128 -0.40295616 4.6666665
1.4094341 -0.46874508 -0.40367723 5
-0.91979057 -0.37122825 -0.47286391 3
-0.84191674 -0.35233161 -0.46909142 3
-0.76861429 -0.33719957 -0.46766821 3.6666667
-0.64771366 -0.35576299 -0.47120255 4.4545455
-0.30802721 -0.31092083 -0.4253577 2
-0.26102707 -0.38619477 -0.43951526 2
-0.11004567 -0.33705944 -0.44160533 3.5999999
-0.026870774 -0.36502248 -0.44363582 5.25
0.030675218 -0.33452508 -0.44429365 5.2857141
0.13373096 -0.35018906 -0.43862829 5.7857141
0.2642436 -0.35263526 -0.44179681 4.3636365
0.36766788 -0.3522988 -0.43398777 5.3076925
0.45407671 -0.34429601 -0.42523757 5
0.54431647 -0.33323181 -0.41871601 4.5999999
0.76143825 -0.37049839 -0.41303045 5.5
0.85489905 -0.35382032 -0.4107922 5.8235292
0.97903466 -0.36310431 -0.41087514 5.5
1.0078517 -0.34697771 -0.41514817 4.8000002
1.1342924 -0.35199699 -0.40744734 5.4000001
1.2816647 -0.36590052 -0.40483925 6
1.375669 -0.34052247 -0.40334737 5.5
1.5108533 -0.3237758 -0.40320727 4
-0.84282285 -0.25323021 -0.46668935 3.1428571
-0.74213272 -0.25419068 -0.4695676 3.5384614
-0.61979038 -0.25096259 -0.46009475 5.4000001
-0.54720622 -0.24425912 -0.46168688 5.2857141
-0.45518169 -0.24805619 -0.46571767 7
-0.34542942 -0.24905053 -0.46413833 7.25
-0.26174825 -0.24078508 -0.45016116 6.3000002
-0.16230461 -0.23904249 -0.44513294 4.7142859
-0.070583336 -0.25604567 -0.44730321 5.2857141
0.062246956 -0.26204658 -0.44409081 5.3125
0.15503952 -0.24850413 -0.44026726 5.3157897
0.27301925 -0.24628724 -0.44074008 4.2777777
0.37389019 -0.24181701 -0.43331718 4.6923075
0.45417804 -0.26768357 -0.42830926 5.4000001
0.56718433 -0.2439198 -0.4239389 5
0.62171787 -0.2291519 -0.41369069 4.8333335
0.8619948 -0.25275838 -0.4134813 6.3571429
0.9732976 -0.24309187 -0.40473342 6.5
1.0557815 -0.25070259 -0.40983215 5.9000001
1.1549942 -0.25476879 -0.41063136 5
1.2520785 -0.24292256 -0.40080473 5.25
1.3636223 -0.28328934 -0.40357453 6
1.4920501 -0.25878495 -0.40301117 4
-0.80951309 -0.18556203 -0.46886668 3
-0.75418425 -0.14360034 -0.47038627 3.2
-0.64799064 -0.15701473 -0.4652673 5.3333335
-0.54502362 -0.14519753 -0.4602553 5.625
-0.44922623 -0.14840141 -0.47102091 6.8888888
-0.33601961 -0.14832206 -0.45574072 6.8333335
-0.24979721 -0.16205366 -0.43729854 5.9285712
-0.15294494 -0.13112968 -0.43615493 4.5833335
-0.034956023 -0.1434405 -0.45314381 5.8333335
0.055586718 -0.15518282 -0.44299132 5.4000001
0.15775061 -0.14251618 -0.43954825 5.6500001
0.27144846 -0.15076791 -0.43749934 3.8888888
0.37084773 -0.14963333 -0.43351576 4.7894735
0.43996391 -0.14982076 -0.43282992 5.1999998
0.56369275 -0.1425515 -0.42517024 4.9473686
0.62172139 -0.15570113 -0.41923535 5.0588236
0.87156737 -0.14667912 -0.41652426 6.0999999
0.98061794 -0.15405138 -0.40814033 6
1.0634873 -0.14400469 -0.40964118 5.875
1.147994 -0.15232532 -0.40944919 5.1666665
1.2445877 -0.15525189 -0.40450141 5
1.3470846 -0.14595804 -0.40096772 6
1.4702823 -0.14899945 -0.4011941 5
-0.81260186 -0.029045785 -0.46643543 4
-0.74079186 -0.052304711 -0.47012427 4
-0.65126055 -0.04638895 -0.46218652 4.8000002
-0.56788123 -0.046294514 -0.45780596 5.625
-0.45254043 -0.04913583 -0.4625394 6.8333335
-0.33027175 -0.058679525 -0.45755917 7
-0.27224422 -0.052323293 -0.4565089 7.375
-0.14331171 -0.048871901 -0.43859097 4.5833335
-0.039052583 -0.050861605 -0.44401833 5.4615383
0.061388846 -0.053390663 -0.4377465 5.875
0.15511447 -0.04943705 -0.44298753 6
0.26958144 -0.042459752 -0.43764386 4.2777777
0.36870009 -0.056057788 -0.43148652 4
0.4314847 -0.04352035 -0.4348709 4.8571429
0.55916393 -0.048691034 -0.42806715 4.814815
0.61680013 -0.091173403 -0.42139515 5
0.86530358 -0.045173485 -0.42456752 6.875
0.95816368 -0.056514256 -0.41624013 7
1.060389 -0.037254065 -0.40722981 6
1.1556135 -0.04961893 -0.41487566 4.6666665
1.2418149 -0.055914413 -0.40744546 5
1.3514144 -0.044874508 -0.40153399 6
1.4679865 -0.068795428 -0.4032701 5.5
1.6403298 -0.085632585 -0.40119764 3
-0.80375093 0.051999226 -0.46475941 4
-0.73214751 0.056770597 -0.46712628 4
-0.6526311 0.053510636 -0.46588525 4.5
-0.56582928 0.053468917 -0.45848358 6.1111112
-0.44748724 0.047524959 -0.45554221 6.5833335
-0.32499433 0.040931467 -0.45734954 7.25
-0.26715145 0.048166391 -0.44941986 8.875
-0.15097043 0.054375723 -0.44395763 4.8888888
-0.053631719 0.049503595 -0.43171173 5
0.064555638 0.051115803 -0.44181925 5.5714288
0.15321076 0.049829062 -0.4431006 4.5714288
0.25462267 0.05013689 -0.44176599 4.6315789
0.35103798 0.05161725 -0.43605962 4.652174
0.43478602 0.049453899 -0.43712088 4.8666668
0.56376582 0.044346742 -0.42976409 4.6086955
0.60241342 0.087858327 -0.43367293 4.75
0.86420536 0.05651284 -0.42561954 7.1999998
0.9388442 0.049713247 -0.4151237 6.1999998
1.0410489 0.046478748 -0.40813762 6.7272725
1.1660662 0.051573843 -0.41457483 5.5
1.2424685 0.048083574 -0.40604243 5
1.3675386 0.048351567 -0.40280265 6
-0.81708354 0.14720643 -0.46104771 3.8125
-0.72762877 0.15214242 -0.46473211 4.1999998
-0.6342656 0.16363582 -0.4647561 5.125
-0.57045621 0.14526536 -0.4587433 5.8571429
-0.45029747 0.14430641 -0.46024778 6.7272725
-0.32247609 0.14441749 -0.45260918 6.75
-0.23909685 0.14950378 -0.43792012 6.1428571
-0.16422535 0.14766623 -0.44128332 5.0454545
-0.060295634 0.14676072 -0.43234998 5
0.065983601 0.14479904 -0.44674918 4.6428571
0.13795716 0.14446323 -0.44855613 4.9000001
0.24323849 0.14938089 -0.44518605 5.2666669
0.34877473 0.14918964 -0.44190699 4.9000001
0.44360059 0.14823319 -0.43933228 5
0.56275713 0.15276323 -0.4359493 5
0.62393355 0.14662923 -0.4342646 5
0.86462456 0.14999388 -0.42355862 6.5
0.93445265 0.15063037 -0.41403538 5.875
1.062893 0.15084559 -0.41696489 5.0833335
1.1800438 0.14712261 -0.4109188 4.1999998
1.2511497 0.15408136 -0.40317953 5
1.3918561 0.12644397 -0.40582165 5.6666665
1.4078286 0.17627746 -0.40542805 6
-0.84124255 0.25176844 -0.46133617 4.25
-0.7437802 0.24804063 -0.46016908 3.9285715
-0.63536841 0.2506496 -0.46239224 5.0714288
-0.5305264 0.24931405 -0.45778391 6.1666665
-0.43014577 0.24736561 -0.46191365 7.4285712
-0.32139313 0.24315228 -0.44963637 7.5
-0.24321996 0.24831086 -0.44144049 5.6363635
-0.14728101 0.24387035 -0.44461569 5.6153846
0.052250367 0.25502813 -0.44296065 5.3333335
0.15356988 0.24657503 -0.4495959 4.5652175
0.24561644 0.24575892 -0.4440608 4.875
0.35202476 0.24245092 -0.43924078 4.75
0.44185707 0.24926575 -0.44163498 5.1999998
0.55085218 0.23684907 -0.43610558 5.4444447
0.63055813 0.24578086 -0.43114763 3.3
0.86391175 0.24648151 -0.41742939 6.5
0.94340861 0.25539947 -0.41527072 6.3571429
1.0567602 0.24901505 -0.41838145 4.8333335
1.1332185 0.23669234 -0.41424274 5
1.248852 0.2552911 -0.40764222 5
1.4423095 0.24407268 -0.41123351 3.75
1.5302635 0.26557359 -0.40518808 3.3333333
-0.91728467 0.36188364 -0.46545348 4.6666665
-0.87164032 0.34932151 -0.46438873 4.2307692
-0.76747966 0.34494212 -0.45838434 3.909091
-0.65715128 0.35073441 -0.46289989 4.2727275
-0.54180944 0.35645288 -0.46105242 5.5
-0.44210911 0.35287216 -0.45425016 6.4545455
-0.32933372 0.31828612 -0.4537147 7.75
-0.19624189 0.38468751 -0.44168454 6
-0.055109471 0.37542871 -0.43161857 5
0.055730838 0.34180668 -0.45223144 5.2857141
0.1469128 0.34885097 -0.45081711 4.304348
0.24499948 0.33514902 -0.43733332 3.8333333
0.36736313 0.34864765 -0.4368045 5.2857141
0.46945 0.35042271 -0.44426081 5.2222223
0.5254494 0.33983219 -0.43277693 5
0.69578916 0.36793342 -0.43308449 2
0.74729955 0.36805445 -0.42916766 3.2
0.84460884 0.35921016 -0.42424449 5.4545455
0.95305258 0.34802237 -0.41854218 5.3571429
1.0593802 0.35818827 -0.42183593 5.1666665
1.1224867 0.34499231 -0.41427079 5
1.2584084 0.34014615 -0.4096078 5.625
1.3081894 0.39210427 -0.40477467 6
1.4814582 0.32652822 -0.41243124 3
1.5522704 0.35618845 -0.40428355 3
-2.0459375 0.44068062 -0.43932539 148
-0.93898582 0.44169518 -0.46486467 2.6666667
-0.834176 0.44880259 -0.46572825 3.5
-0.74241507 0.4501422 -0.45979062 4.4000001
-0.6757704 0.43914154 -0.45882896 4.5714288
-0.56679326 0.45559341 -0.4621532 4.4000001
-0.4519996 0.45018169 -0.45275104 5.5555553
-0.34351271 0.49840567 -0.4554987 6
-0.24021804 0.46187896 -0.45015845 4.75
-0.17546944 0.45658553 -0.44686675 4.3333335
-0.050379213 0.41700751 -0.43546531 3.5
0.05161025 0.44966826 -0.44815785 4.75
0.14783445 0.44213405 -0.4468444 4.6428571
0.26939073 0.44809091 -0.44706109 4.9166665
0.36207145 0.44414642 -0.44268703 4
0.43213403 0.45603898 -0.43915689 5
0.51693076 0.44935668 -0.43310374 5.25
0.65147251 0.44372055 -0.43654367 3
0.75575817 0.44653922 -0.42874655 3
0.84678644 0.45493752 -0.42671561 3.96
0.93672818 0.44760567 -0.42296728 4.3333335
1.0434979 0.44491333 -0.41968584 5.1428571
1.1322205 0.44844994 -0.41546211 5.5999999
1.2794348 0.44598326 -0.41598365 6.6666665
1.3233368 0.46129113 -0.40803537 5.4000001
1.549121 0.439574 -0.40667066 3
1.6140277 0.47326928 -0.4005197 2
-2.1418989 0.59577489 -0.49008375 47
-1.0001661 0.50822806 -0.46630335 0
-0.96360993 0.52203214 -0.46819207 0.25
-0.85883576 0.5361014 -0.47020912 0.83333331
-0.74138147 0.54174596 -0.46588561 2.6666667
-0.63617855 0.54776835 -0.46022853 4.1666665
-0.54112184 0.56621522 -0.4594022 4.1999998
-0.47703096 0.53985327 -0.45966163 4.6666665
-0.33265251 0.55840129 -0.44927377 6
-0.23262148 0.54843575 -0.45041606 5.3333335
-0.16456261 0.538849 -0.44956025 4.5999999
-0.075946026 0.58015347 -0.43992156 4
0.088081695 0.56174952 -0.45139351 5.3333335
0.15495691 0.5524649 -0.45186254 5
0.24933191 0.54189068 -0.4468441 4.4545455
0.32134992 0.53586596 -0.44487324 5
0.43574545 0.54584891 -0.4371663 5.5714288
0.55031443 0.55223948 -0.44447079 3.4166667
0.68408215 0.52337289 -0.43409759 3.5
0.75728405 0.55482835 -0.43408328 3.6666667
0.85896623 0.54530454 -0.42759579 4.5
0.94494611 0.55933958 -0.42468223 4.6363635
1.0176678 0.54215008 -0.41701752 5.25
1.1402209 0.54439032 -0.41678056 6.125
1.3469658 0.55357915 -0.41379604 4
1.5809748 0.51793635 -0.40706757 3
1.6389494 0.56612957 -0.40440047 2.5
-2.1992366 0.68121731 -0.45332813 82
-2.0603268 0.60018688 -0.4120284 150
-0.74604082 0.66405642 -0.46822616 4.875
-0.64970469 0.64765656 -0.46510097 4.8666668
-0.55706358 0.63843685 -0.45997879 5
-0.47124183 0.64860696 -0.4556652 4.6666665
-0.24759357 0.62453407 -0.45521739 3.6666667
-0.14878146 0.65256202 -0.45198658 4.8571429
-0.052854128 0.65702569 -0.44623548 3
0.082374029 0.65827656 -0.46342555 3.6666667
0.13876699 0.64634407 -0.45649415 3.1428571
0.22587451 0.63297856 -0.44379014 4
0.33189657 0.63205278 -0.43991312 6.3333335
0.44763762 0.64731848 -0.44598714 5.5
0.56782639 0.63715148 -0.43829671 4.5
0.61564177 0.65839309 -0.44387272 3.6666667
0.77544636 0.63516104 -0.43088365 4.5
0.85339952 0.64860332 -0.43292776 3.1538463
0.95232773 0.62882304 -0.4237155 3.5
1.0365337 0.65184879 -0.42602775 2.3076923
1.1526375 0.64989185 -0.4201279 5
1.3795567 0.63642401 -0.41950989 4.3333335
1.4096023 0.65416014 -0.41366619 4.5
1.6757059 0.63844162 -0.40592805 2.6666667
1.7329214 0.67982805 -0.40183532 2
-2.1623912 0.72076124 -0.45934963 103
-1.9626608 0.72541249 -0.49822557 11.5
-1.8365363 0.7013483 -0.41415375 3
-1.0462832 0.75939697 -0.47447228 0.66666669
-0.94614345 0.76462197 -0.47600505 1.5
-0.85028791 0.75577241 -0.47458625 1.8333334
-0.76255804 0.72731233 -0.47159937 4.5
-0.63048398 0.77015293 -0.46374154 5
-0.55424583 0.73153192 -0.46085897 5.8571429
-0.45715782 0.77574396 -0.45728922 4
-0.36095363 0.7808851 -0.452822 1.5
-0.22778793 0.76220864 -0.44891259 2
-0.15800738 0.74325579 -0.44838357 4.8333335
-0.03646766 0.75254422 -0.44543394 5.6666665
0.053387888 0.74161088 -0.4488337 3.75
0.11460134 0.71942979 -0.46260166 0
0.33047909 0.74795032 -0.45282319 4.75
0.45765871 0.74191225 -0.44385988 5.2222223
0.52744389 0.7667321 -0.44386119 3.8
0.65811497 0.74433881 -0.44403014 4
0.86657685 0.73829526 -0.43170586 3.3333333
0.93310082 0.74682677 -0.43052599 2.5
1.0422218 0.72040433 -0.42036891 3.5
1.1637378 0.73099351 -0.42299816 1.3333334
1.2296821 0.75963962 -0.42224663 2
1.3955544 0.7050702 -0.42023051 3
1.4306992 0.74612844 -0.41196012 3
1.6603528 0.76592654 -0.40865272 3
1.7502583 0.75738585 -0.4060573 4
-1.5850103 0.80813205 -0.49284083 1
-1.2184316 0.89229649 -0.47842526 2
-1.1507018 0.84971571 -0.47445735 1.4
-1.0377357 0.83831412 -0.47424954 0.875
-0.96766257 0.81518245 -0.47248602 0.66666669
-0.8532123 0.86906934 -0.47115445 1.8333334
-0.7427066 0.85769641 -0.47148758 2
-0.67010623 0.83273786 -0.4673622 3.4285715
-0.52440304 0.85828692 -0.46099877 3.7142856
-0.47495794 0.84559762 -0.45761052 5.5999999
-0.33972004 0.85029203 -0.44607788 3.4000001
-0.23733559 0.84763992 -0.44366807 3.5999999
-0.16765253 0.82632136 -0.44369665 3.8333333
-0.06602601 0.85186929 -0.44911459 6.6666665
0.019002259 0.83737612 -0.4419632 6
0.15045719 0.86246014 -0.45391262 1.3333334
0.21507038 0.86214828 -0.45806205 1.3333334
0.33838725 0.84257877 -0.45699948 4
0.4529283 0.83310568 -0.44125235 2.5
0.53496093 0.8546856 -0.44497856 3.5555556
0.68529975 0.80673885 -0.44282883 3
0.72026634 0.85551435 -0.44681457 3.6666667
0.85569251 0.87160581 -0.43886256 2.5
0.96056056 0.86235821 -0.4358277 2.75
1.0393851 0.85918045 -0.43354806 2.2
1.2478671 0.8025775 -0.41561776 1
1.3433485 0.83484888 -0.41938901 1
1.4503305 0.85897428 -0.41395524 1.2857143
1.7969565 0.84210235 -0.40368652 10
1.8527181 0.86938596 -0.40276587 1
-1.8092664 0.90961951 -0.49828875 0
-1.7437283 0.92454338 -0.49661085 1.6666666
-1.2690427 0.96762848 -0.47847766 3.5
-1.1272118 0.97561312 -0.47439414 2
-1.057137 0.93960744 -0.4713175 1.75
-0.93458766 0.96271199 -0.47172609 1.8
-0.87000829 0.94749892 -0.47196165 2.2857144
-0.7483657 0.93520671 -0.47262454 3
-0.66851074 0.95536286 -0.46493053 3.6666667
-0.55010259 0.96140075 -0.46329522 3.625
-0.49176967 0.9243958 -0.45866007 7
-0.35791406 0.95688254 -0.45047784 5
-0.22256911 0.94569749 -0.44542477 5
-0.14080921 0.9327094 -0.4441053 6.4000001
-0.04120484 0.95275527 -0.44645348 7.3333335
0.039574932 0.940014 -0.46067569 3.5
0.14961965 0.95289236 -0.46492267 3
0.21575244 0.94229639 -0.45515543 2.75
0.353883 0.95063341 -0.46423075 3.75
0.54581988 0.94240522 -0.44814247 3.2857144
0.76975542 0.94609958 -0.45230377 3.5
0.84563339 0.95165348 -0.44143325 4.1999998
0.93670362 0.9678548 -0.43714085 3.5
1.0628319 0.95574582 -0.43334612 1.5
1.138993 0.96299851 -0.43472862 1.75
1.4751209 0.90804422 -0.41753811 1.5
1.5298821 0.93048036 -0.41275707 1.6
1.6196038 0.97813708 -0.41061997 2
1.8836085 0.95916128 -0.40492135 7
-1.3436742 1.062667 -0.47734633 8.333333
-1.2244862 1.0940802 -0.48211947 7
-1.1415664 1.0482799 -0.47612962 8.666667
-1.0489874 1.0404963 -0.47789881 4.6666665
-0.95272851 1.0361484 -0.46944475 2.3333333
-0.74004948 1.0509135 -0.46497273 3
-0.6474297 1.0426385 -0.46687987 2.5
-0.56396151 1.0406915 -0.46271574 3.6666667
-0.41908908 1.0832225 -0.46219671 3
-0.35802615 1.0373486 -0.45114583 4.25
-0.2255789 1.0426623 -0.44270885 5.5
-0.13498835 1.044474 -0.43616837 6.5999999
-0.045696251 1.0351845 -0.4385168 10.5
0.07673911 1.0433239 -0.47667867 3.5
0.14360322 1.0528218 -0.46259975 3.4285715
0.21786439 1.0261396 -0.4612464 3
0.37100178 1.0386419 -0.46530566 3.75
0.58096272 1.0495347 -0.46041834 3.5
0.84617901 1.0483603 -0.44649506 3.5999999
0.94294024 1.0693588 -0.43457666 4.25
1.0823057 1.0501722 -0.42870992 2.5
1.1581463 1.0196061 -0.42823464 1
1.2435582 1.0577581 -0.43064225 0.25
1.679975 1.009084 -0.41068047 5.5
1.7586921 1.0553669 -0.41345236 4
1.8347131 1.0765196 -0.40330529 7.3333335
1.9318997 1.0231969 -0.40430123 5
-1.437264 1.1618451 -0.45438755 17.777779
-1.3658526 1.1539021 -0.46623194 21.625
-1.2443678 1.1495297 -0.4797914 9.6000004
-1.1732752 1.1228966 -0.47947481 1.5
-1.0208156 1.1490748 -0.47162172 7.5
-0.97096604 1.1368934 -0.46375138 3
-0.82183647 1.1598132 -0.47150266 2
-0.74443364 1.1451837 -0.46698296 2
-0.63788271 1.150991 -0.46682447 2.5
-0.56915766 1.1319232 -0.45667696 3.6666667
-0.46017402 1.1437025 -0.46210817 3
-0.36162513 1.1508759 -0.44700521 4.75
-0.24520257 1.1595557 -0.43944871 5.5
-0.1594862 1.1546811 -0.43555227 7
0.078825414 1.1273118 -0.45730379 3
0.14912942 1.1513128 -0.45884678 3.125
0.23213288 1.1363407 -0.47205934 2.5
0.36261442 1.1352391 -0.45514774 2.3333333
0.40757215 1.1420717 -0.46766341 3
0.62527758 1.1394616 -0.45249608 2.8333333
0.86297733 1.1494685 -0.44229299 3.5999999
0.9297145 1.1649648 -0.44215718 3.5999999
1.0934484 1.110675 -0.43011639 4
1.1033587 1.1711762 -0.42768264 4
1.2688279 1.1146519 -0.42378753 1.5
1.3243115 1.146452 -0.42257762 5.6666665
1.948368 1.1427227 -0.40537366 4
-1.2873824 1.2457246 -0.47374502 10.5
-1.0515201 1.2537218 -0.46889561 11
-0.96271718 1.2697432 -0.47680372 4.5
-0.84134334 1.250649 -0.47031403 3.75
-0.78813612 1.2235156 -0.46729001 12
-0.61935711 1.2656264 -0.46772766 11
-0.54471809 1.2461346 -0.46173915 6
-0.43010563 1.2575498 -0.45646459 2
-0.37899601 1.2392644 -0.44679999 3.3333333
-0.24262017 1.2675469 -0.43496409 5
-0.17219897 1.2540479 -0.43058416 5.6666665
0.14190599 1.2555579 -0.44145942 6.25
0.22101608 1.2433262 -0.47380605 3
0.35739043 1.2392851 -0.45068192 7.6666665
0.42498365 1.257286 -0.45807207 2
0.56407523 1.2902268 -0.44368809 1
0.65844023 1.2468137 -0.45922691 2.75
0.86159629 1.261621 -0.44117004 3
0.95996618 1.2417485 -0.44498482 3.2
1.0046961 1.2829132 -0.43962604 2
1.1182432 1.2481806 -0.43119991 3.5
1.3453146 1.2357066 -0.42288959 2.5
1.4713732 1.2711506 -0.42152974 2
2.0797694 1.2179035 -0.4043411 2
-1.3381602 1.3430965 -0.43587795 41.857143
-1.11145 1.361125 -0.4756206 9
-1.0544264 1.3292654 -0.47205427 10
-0.94337696 1.3632077 -0.47452545 8
-0.86928582 1.3514049 -0.46929449 8.25
-0.62154269 1.3636047 -0.46567938 1
-0.57844484 1.3111521 -0.46522403 14
-0.45534658 1.3364693 -0.45460698 6.3333335
-0.3461045 1.3638941 -0.44112718 5
-0.24067137 1.3575468 -0.43459129 5
-0.1855261 1.3907596 -0.43378884 6
0.16169915 1.3401699 -0.42007884 4.25
0.23230104 1.3368406 -0.47637585 3
0.33778754 1.3623228 -0.44534034 17
0.43596616 1.3502167 -0.4512794 8
0.5790773 1.3782022 -0.446922 4
0.67953658 1.3418407 -0.45126224 2.3333333
0.84526509 1.3614825 -0.44555196 7.6666665
0.96568131 1.3483524 -0.43798375 9.5
1.0486039 1.3628951 -0.4461427 2.3333333
1.1342551 1.3437637 -0.4277916 11.333333
1.372261 1.3321608 -0.41790131 13.666667
1.5551432 1.3371251 -0.42257041 2.5
1.623044 1.3931407 -0.4215349 2.5
-1.3281707 1.4478766 -0.42948601 48
-1.2283328 1.4680644 -0.47994071 7
-1.1506077 1.428843 -0.47394988 8.333333
-1.0324681 1.440671 -0.47770092 7.5
-0.87246984 1.4747113 -0.46266389 8
-0.64837283 1.4419365 -0.46418503 8
-0.56059676 1.4670129 -0.46347657 8.5
-0.41010267 1.4233339 -0.44501817 15
-0.35109395 1.4698935 -0.44155812 15
-0.23799276 1.4525403 -0.43113098 16
-0.17982337 1.4897591 -0.4302575 25
0.22883618 1.4518408 -0.47806743 11
0.33706158 1.4413686 -0.44476116 16
0.44811034 1.4520375 -0.46049532 6.3333335
0.5913325 1.4681906 -0.44709098 8
0.66050446 1.4268591 -0.43375936 6
0.73329902 1.4397603 -0.46110046 3
0.86345977 1.4221256 -0.44057095 13.5
0.9797678 1.4878542 -0.43545383 3
1.0608327 1.4236907 -0.45834756 3
1.1350549 1.4610106 -0.43817583 8
1.417747 1.4596124 -0.42306793 12.666667
1.6828359 1.4513477 -0.41662353 4
1.7308983 1.4456174 -0.41533262 3
-1.3449166 1.5534939 -0.4843373 7
-1.2185874 1.5691085 -0.47834674 7.5
-1.1489682 1.5217131 -0.4744834 7.5
-0.92285156 1.5520182 -0.46811604 8
-0.73962653 1.5375934 -0.47364542 8.5
-0.65152955 1.5560614 -0.46075273 6.6666665
-0.4185698 1.521318 -0.4405022 12
-0.35502729 1.5848436 -0.44883817 12.5
-0.23479772 1.575547 -0.4335863 17
0.2438767 1.5885091 -0.47658697 9
0.33817482 1.536361 -0.44689685 16
0.46399954 1.5531024 -0.46417564 7
0.63759673 1.539023 -0.43942678 11
0.76290828 1.5411887 -0.45298368 7.1999998
0.86903477 1.5411105 -0.45030802 2
0.98207378 1.556851 -0.44315878 10
1.1705878 1.5505108 -0.438521 10.5
1.2344532 1.5930355 -0.43472195 4
1.4411751 1.5770791 -0.41403618 10
1.6455525 1.5491521 -0.44285059 2
1.7835547 1.5225474 -0.41491857 6
1.8399591 1.5688683 -0.41377708 7
-1.2651454 1.6451441 -0.47311285 8.333333
-0.97155946 1.6223688 -0.46887326 7
-0.82415605 1.6500599 -0.47609752 8
-0.71246701 1.6976959 -0.4685232 5
-0.67543423 1.6572286 -0.46023712 6.5
-0.4295119 1.6513162 -0.44214863 11
-0.39029878 1.6777889 -0.45848346 11
-0.17403498 1.6057587 -0.42771876 38
0.28173187 1.6613094 -0.45108479 19.75
0.33653915 1.6323597 -0.44596314 10
0.47224158 1.6680353 -0.45171034 10.5
0.50224608 1.6490823 -0.47672278 11
0.64955688 1.639017 -0.43804374 12.5
0.76631236 1.6410615 -0.43651158 8
0.83939457 1.6466306 -0.45678777 10.6
0.98749119 1.6828535 -0.43068063 12
1.1909291 1.6651947 -0.43079287 13
1.2612215 1.6793319 -0.4473092 7.5
1.4757212 1.6507437 -0.41947532 12.5
1.7368904 1.6350611 -0.44304454 3
1.8722475 1.6261356 -0.41295981 7.5
1.9188499 1.6644468 -0.41178614 9
-1.4702349 1.7589554 -0.47352752 6.5
-1.3662457 1.7070359 -0.48574859 6
-1.2956051 1.766209 -0.46815312 9
-1.0264796 1.768381 -0.47193521 7
-0.95699567 1.7096587 -0.46149355 8
-0.88743788 1.7300329 -0.47666174 7
-0.73645198 1.7254413 -0.46763766 7
-0.43632692 1.7805436 -0.45000058 10
-0.36514592 1.7258918 -0.44176996 11
-0.23178467 1.7125492 -0.43401861 17
0.31892392 1.7524673 -0.42586908 22.333334
0.45854792 1.7877882 -0.43671155 10
0.52053857 1.7752004 -0.47690782 10.5
0.63146991 1.787158 -0.44642848 12
0.73086822 1.7295041 -0.43566406 10
0.84950548 1.7591783 -0.45182204 11.333333
0.99711281 1.7143551 -0.44856197 11
1.2564651 1.7735143 -0.4488942 9
1.3602891 1.7551018 -0.43207419 2
1.521444 1.737415 -0.42527682 11
1.8353617 1.7259765 -0.44058156 5
1.9050059 1.7583174 -0.40240276 12
2.0142014 1.7042353 -0.41360658 6.5
2.1224556 1.7862568 -0.40969148 8
-1.3725442 1.8141203 -0.47142065 7
-1.0093226 1.8526262 -0.46072823 6
-0.95571595 1.8150042 -0.47746235 7
-0.80141163 1.8214219 -0.47074509 7
-0.72301304 1.8248484 -0.45978525 4.5
-0.4796809 1.8827727 -0.46182728 9
-0.37247735 1.875891 -0.43838823 11
-0.22813246 1.8605428 -0.43035403 19
0.54697239 1.893702 -0.47762936 12
0.75505906 1.8614842 -0.43605262 11
0.84068429 1.8725317 -0.4503516 11
0.95124221 1.8162723 -0.4420248 10
1.0127314 1.8603516 -0.45146781 10
1.2081376 1.8219368 -0.42543405 11
1.3618437 1.8835286 -0.45556098 3
1.4380308 1.858146 -0.43163788 2
1.5436697 1.8532655 -0.41955626 12
1.9689062 1.83368 -0.42531186 7.5
2.2516243 1.8989761 -0.41207281 6
-1.4648421 1.9881436 -0.44831079 10
-1.3740131 1.9141606 -0.46765596 7
-1.0613673 1.9226886 -0.47646955 5.5
-0.87302703 1.9253979 -0.47297317 6
-0.73485976 1.9639456 -0.44919586 7
-0.45502579 1.9552938 -0.43862465 10
-0.3608427 1.945606 -0.44986975 9
0.34519815 1.900836 -0.41793597 87
0.45936072 1.9047803 -0.43361157 10
0.63933861 1.9021645 -0.44249958 8
0.74285555 1.99386 -0.4277941 11
0.85506475 1.9121319 -0.44266284 11.5
0.93769085 1.9323878 -0.46241274 10
1.0039628 1.9578561 -0.43283117 12
1.2420732 1.9407051 -0.43162841 13
1.5360782 1.9611468 -0.4200533 5
1.9743129 1.9013412 -0.40174061 10
2.0796702 1.9507421 -0.43897265 5
-1.1172532 2.012939 -0.48023963 5
-1.0716254 2.0215902 -0.46077746 5
-0.95185584 2.0353708 -0.47515559 4
-0.78563243 2.0237567 -0.46815538 5
-0.53374273 2.0097873 -0.46482098 8
-0.40887719 2.0745933 -0.45109874 8
-0.38353336 2.0618901 -0.4383418 12
-0.22340792 2.0365388 -0.42753613 33
0.46101573 2.0377798 -0.43106684 7
0.57592016 2.0277143 -0.47868377 9
0.65248132 2.0381632 -0.43980321 3
0.85191083 2.0477808 -0.45543751 12
0.96917552 2.0590415 -0.47062874 9
1.0242081 2.0495567 -0.45448548 10.5
1.2925279 2.0934718 -0.44248241 13
1.4503508 2.0164752 -0.45573264 3
1.6385064 2.0584562 -0.42776391 11
2.0746419 2.0424559 -0.40826875 10
2.2164328 2.0696356 -0.43319702 5
2.4248805 2.0429776 -0.41297624 5
-1.4894184 2.1310472 -0.45217139 29
-1.2174602 2.1379015 -0.48353732 4
-1.1588939 2.1174307 -0.47210681 5
-1.0420673 2.164341 -0.47807837 4
-0.77807462 2.1599216 -0.44950056 5
-0.59119213 2.1377759 -0.46568143 8
-0.47224456 2.1522825 -0.43764666 8
0.61015856 2.183228 -0.48016226 10
0.74982506 2.1158593 -0.41922551 2
1.030915 2.1646037 -0.44458085 13.5
1.2571914 2.1399508 -0.42647883 14
1.5474051 2.1594267 -0.4532854 0
1.6127874 2.148128 -0.41477072 10
2.5933239 2.1729789 -0.40601635 6
-1.3337033 2.2848706 -0.48913318 4
-1.1450201 2.2619271 -0.47094944 4
-0.83363181 2.2387917 -0.4691714 4
-0.661973 2.2957637 -0.46835965 7
-0.46580809 2.2325814 -0.45473564 7
-0.39576077 2.2838888 -0.4363884 12
0.85328978 2.237107 -0.45791972 11.666667
1.0589234 2.2214141 -0.46411794 10
1.3359035 2.294477 -0.44324321 12
1.7225828 2.2508979 -0.42913646 4.5
2.170172 2.227993 -0.40471247 8
2.3969872 2.2344568 -0.43280277 6
-1.505743 2.3096585 -0.41143739 25
-1.250897 2.3564575 -0.47556484 4
-0.83136326 2.3988914 -0.44958156 4
0.64963257 2.3772454 -0.48487905 10.5
1.0253168 2.3268597 -0.43597955 14
1.1633638 2.3998501 -0.4575339 9
1.2889351 2.3369563 -0.42585379 12
1.6735715 2.3481452 -0.41480094 9
2.7992258 2.3319805 -0.40041792 7
-1.5208362 2.4437442 -0.46379977 19
-1.4572098 2.4298201 -0.49113554 5
-1.2425404 2.4488764 -0.46942168 4
-0.89181632 2.4928443 -0.46821427 4
-0.73967272 2.4607482 -0.46876395 6
-0.53022367 2.4005649 -0.45693332 7
-0.49429637 2.4052742 -0.43896404 10
0.29622042 2.4119415 -0.49391186 12
0.84003592 2.4450164 -0.4603743 12.5
1.0716988 2.4333384 -0.46028727 13
1.1134341 2.4379938 -0.47845244 11
1.8319843 2.4549487 -0.42968285 3.5
2.3381581 2.4556708 -0.41224933 6
2.593883 2.4082778 -0.42925391 7
-0.602126 2.5855439 -0.45768118 5
-0.41097832 2.5598879 -0.43469396 13
0.69799918 2.5674448 -0.48306012 8
0.88863122 2.5332589 -0.47073936 7
1.039552 2.5658619 -0.43808064 11
1.2523403 2.5969052 -0.45841318 5
1.3546885 2.5472221 -0.43406323 10
1.7433472 2.5821621 -0.41279137 10
2.0069609 2.5904663 -0.42824587 2
3.1011553 2.5809829 -0.40356845 13
-1.368781 2.622359 -0.47851828 5
-0.86258918 2.6682887 -0.45827058 5
-0.51897037 2.680248 -0.4334307 7
0.696446 2.6460826 -0.49706954 8
0.80084407 2.6951451 -0.4750337 9
1.0980973 2.6963334 -0.4627834 12
1.2033039 2.6639695 -0.47995591 10
2.8438373 2.6320343 -0.42776114 7
-1.5441258 2.702049 -0.43443388 39
-1.3472048 2.7564244 -0.45813489 4
-0.95935577 2.7879229 -0.46321619 4
-0.68763024 2.7995195 -0.45887208 5
0.87717301 2.7078853 -0.4490968 9
1.906256 2.78754 -0.42911929 6
2.491174 2.7277434 -0.40662956 7
-1.5338677 2.8171632 -0.48694164 10
-0.93837994 2.886713 -0.47277886 5
-0.42936027 2.8928864 -0.43126577 11
0.75296867 2.8034875 -0.486103 10
0.89499784 2.8142538 -0.47314864 8
1.0569235 2.8518646 -0.43980494 11
1.3657908 2.8444736 -0.44326836 7.5
1.4529697 2.8374887 -0.44829613 9
1.833164 2.8731883 -0.41348261 7
2.1787059 2.8055618 -0.42690417 4
3.0939815 2.8418417 -0.41629696 25
-1.4947436 2.9866524 -0.43932164 11
0.75163949 2.9080827 -0.49680889 6
1.3122622 2.9419382 -0.48264474 7
-0.9698742 3.0177906 -0.44116086 4
-0.7858873 3.0364871 -0.45746845 4
-0.54975015 3.033217 -0.42723805 6
0.79783064 3.0190737 -0.48163956 6
0.87752646 3.033886 -0.45221734 6
1.1312146 3.0213265 -0.46556717 9
2.3787582 3.0536668 -0.42310175 6
2.6790133 3.0628364 -0.40231535 8
-1.5110823 3.1913595 -0.46848273 7
-1.0560009 3.1623507 -0.46772978 4
0.82058054 3.1045465 -0.49199373 7
0.90658855 3.1902254 -0.48227751 7
1.4881998 3.1110518 -0.46076733 7
2.0385897 3.1455786 -0.42886829 7
-0.4523387 3.2968848 -0.42120925 10
-0.36692655 3.2672954 -0.44029939 14
1.0791178 3.2178688 -0.44476664 7
1.4408425 3.2594419 -0.45983052 7.5
1.5342715 3.2094955 -0.45235491 7
1.943562 3.2332194 -0.41329461 8
-1.5701939 3.3461752 -0.41407329 14
-0.90859419 3.3474534 -0.45999128 3
2.6113362 3.3367882 -0.41831571 5
-1.212826 3.4566643 -0.47611982 1
-1.0709845 3.4667168 -0.43489069 1
-0.59163392 3.4981799 -0.42074355 5
0.79489219 3.4390416 -0.49071634 8
0.87787712 3.4318864 -0.45533341 8
0.90097195 3.431601 -0.49377346 8
1.1706325 3.4203196 -0.46774775 8
1.6414472 3.4451444 -0.46158975 5
2.2061834 3.5995724 -0.42886743 7
0.91743761 3.6302097 -0.48755586 9
1.1032403 3.6478715 -0.44439191 8
1.5032185 3.6710029 -0.43292615 9
1.6348447 3.6785028 -0.45515984 9
2.5092978 3.6057677 -0.47046465 0
2.9955869 3.6020277 -0.41375959 12
-1.1823921 3.7530928 -0.46736538 0
-1.0632346 3.7384136 -0.46500754 1
1.6319698 3.7548337 -0.4947781 7
2.090539 3.7032642 -0.41573495 7
2.9363809 3.7479784 -0.41962919 7
-0.47421512 3.8660882 -0.44125408 9.5
1.0038524 3.8726816 -0.49983495 9
1.8399783 3.877295 -0.46568221 2
-1.4276905 3.937638 -0.4896695 0
0.87991214 3.9678876 -0.46206623 10
1.230423 3.9832957 -0.47837406 9
-0.6522876 4.1721439 -0.41839814 7
2.4292569 4.1996341 -0.42914933 5
2.8879659 4.169507 -0.47673625 5
2.9642808 4.1677198 -0.41034499 16
-1.2606348 4.2413645 -0.47241467 0
0.93536925 4.252172 -0.49898756 11
1.1418362 4.2738791 -0.45374399 10
1.5992234 4.2660232 -0.43509424 9
-1.7354838 4.3525214 -0.42831135 77
-0.57653445 4.3862929 -0.46993065 8
1.7729234 4.3085117 -0.46035862 8
1.8576719 4.319766 -0.49962372 3
2.2760229 4.3013163 -0.41546384 7
2.085743 4.4074426 -0.46674562 3
-1.3749676 4.578217 -0.47633284 1
0.88025051 4.6748972 -0.46964669 10
-0.5335663 4.7098808 -0.41117784 9
1.3059627 4.7192712 -0.48747569 9
-1.5324601 4.9443021 -0.48608214 13
2.723933 4.9957113 -0.42676705 3
-0.72437173 5.0592947 -0.47251678 2
1.1890526 5.0818853 -0.45790434 9
1.7313721 5.0800519 -0.43897671 6
2.5210166 5.0973821 -0.41250667 6
-0.73569775 5.1050801 -0.40938556 3
1.9668068 5.1955237 -0.46935403 3
2.4176354 5.1196465 -0.47010213 2
-1.8146859 5.5761991 -0.4759534 55
-1.6171348 5.6144638 -0.46736771 83
0.88172489 5.6788983 -0.47991943 13
-0.91848654 5.8952975 -0.47034127 0
2.8787644 6.1079283 -0.47406244 1
3.173214 6.199832 -0.42697239 1
0.0023062886 6.3917565 -0.4144651 43
1.2650324 6.3368988 -0.47165322 28
1.6869259 6.3789625 -0.45204687 17
1.9441383 6.3651032 -0.45230532 20
2.9061666 6.3294964 -0.41632387 3
-1.7720859 6.5513144 -0.43172151 6
-1.1304144 6.6163039 -0.43918392 29
0.18650433 6.6353512 -0.42168587 86.5
0.69332272 6.6919737 -0.4758724 86
0.75885344 6.6941261 -0.47424886 76
0.86279464 6.7128963 -0.4511565 54
0.9562996 6.732399 -0.43262041 95
1.5025169 6.8122635 -0.47120869 122
2.9878588 7.00352 -0.47197402 85
3.3559721 7.0491343 -0.44729263 82
-0.87637275 -5.7382302 -0.34034872 114
-1.1600682 -5.6008821 -0.33224094 22
-0.44112116 -5.6825104 -0.35997158 150
-0.20878379 -5.6684647 -0.34634912 150
-1.5846967 -4.9722776 -0.3945913 125
-1.446564 -3.5565345 -0.36797205 37
-1.4763916 -3.4415908 -0.31748939 5
-1.0612563 -3.3202918 -0.38458866 23
-0.98955518 -3.3130157 -0.38510078 38
-1.5319076 -3.2174447 -0.33850926 6
-1.0473554 -3.2594886 -0.30388242 33
-0.99318582 -3.2940149 -0.30912775 44
-1.5607845 -3.0131328 -0.35036772 5
-1.2243222 -3.0725305 -0.35158572 37
-1.1657871 -3.0765107 -0.38639382 41
-1.5250682 -2.8639281 -0.38698912 4
-1.5512192 -2.7960179 -0.34152696 4
0.17216031 -1.6079944 -0.3652854 49
-1.18847 -1.513077 -0.30848536 2
-1.209564 -1.4636111 -0.37797481 2
-1.1856159 -1.4773896 -0.35558534 2.2
0.14201334 -1.4262667 -0.30574667 2
1.2662551 -1.4081631 -0.30617782 54.5
1.3318466 -1.4210205 -0.35359594 18
-1.1784154 -1.3696568 -0.31263852 1.5
0.14255144 -1.3898883 -0.33492365 2
1.2009137 -1.3992001 -0.31891635 17
1.3516898 -1.3667458 -0.35943875 53
1.4350885 -1.3493445 -0.37147269 39
1.5316873 -1.3688664 -0.36167192 11
-1.2221256 -1.2521356 -0.39784217 2
0.12446621 -1.2408223 -0.31581655 3
1.1272755 -1.2480164 -0.39724478 4
1.348116 -1.225346 -0.38516891 9
1.4568748 -1.2523243 -0.35267636 7.3333335
-1.5840625 -1.1214883 -0.36819419 150
-1.2051377 -1.1712105 -0.35728359 1
0.11599529 -1.1357883 -0.30552834 4
1.1088696 -1.1370132 -0.39906371 4.5
1.2716206 -1.1423022 -0.37857643 7.6666665
1.3555158 -1.12808 -0.37329665 3
1.4548513 -1.1538192 -0.33277705 6.25
1.5062261 -1.1289517 -0.33516529 2
1.6427194 -1.1038685 -0.35510895 9
-1.5100489 -1.0484498 -0.38884306 151
-1.4786222 -1.0288762 -0.3622053 151
-1.2195659 -1.0580504 -0.34776154 2.9000001
-1.1868817 -1.0942845 -0.32003537 1
0.10406335 -1.0073068 -0.38878751 4
0.99108237 -1.0181885 -0.31708509 6
1.0121112 -1.0311522 -0.35032478 7
1.1471585 -1.0279913 -0.38497746 3.5
1.2391481 -1.0635302 -0.38381821 3
1.3073695 -1.0900811 -0.3766923 4
1.4733877 -1.0193979 -0.37262321 3.5
1.55511 -1.0379888 -0.37063757 3.5
1.6488206 -1.0773686 -0.35344124 10.6
1.7309628 -1.072799 -0.33521104 11
2.4762316 -1.0177126 -0.32484528 30
2.540453 -1.0144327 -0.31676248 29.5
-1.2548597 -0.98235703 -0.34503767 0.5
0.088631809 -0.90432787 -0.36505488 7
0.75752103 -0.92047012 -0.36148512 6.6666665
0.85482454 -0.96025902 -0.35170904 6.5294118
0.91962999 -0.98558044 -0.30825663 7.6666665
1.0619279 -0.9456827 -0.39116609 4
1.1511191 -0.96375066 -0.38855648 4
1.2843485 -0.90494621 -0.38409111 3
1.3499722 -0.92799789 -0.37944075 3
1.4264035 -0.95671493 -0.37686554 3
1.540942 -0.94752192 -0.37301913 3
1.6429012 -0.92646664 -0.36846411 5.75
1.7588643 -0.9627018 -0.36713126 6.3333335
1.8516011 -0.97091961 -0.33674717 5.375
1.9184746 -0.94972831 -0.34514743 7.1999998
2.0852492 -0.96574736 -0.32070532 14
2.1288421 -0.94763136 -0.35601529 15
2.2369967 -0.95479929 -0.31887862 25
2.3097031 -0.9451313 -0.36102405 15
2.4712257 -0.93161404 -0.36116374 13
2.5578768 -0.97173029 -0.35672215 17.333334
0.081960864 -0.84289163 -0.36394784 5.3333335
0.5711295 -0.8484391 -0.37583706 7.4285712
0.64127427 -0.87882155 -0.33606559 7.181818
0.76545334 -0.85523158 -0.39854822 4.5
0.97854829 -0.84306079 -0.39339966 4
1.0506719 -0.86975265 -0.39055881 4
1.1772437 -0.81936407 -0.39049211 3.3333333
1.2507282 -0.84825152 -0.39164579 3
1.3449399 -0.84165573 -0.38446736 3.5999999
1.4473053 -0.84883887 -0.37869033 4
1.5454997 -0.88380551 -0.37613434 3
1.7382771 -0.86821753 -0.38201481 6
1.8772674 -0.85155731 -0.37576228 14
2.0642273 -0.83462995 -0.36993036 12
2.1036389 -0.88661033 -0.36929718 10
2.25315 -0.86515105 -0.36622944 14
2.3856359 -0.82465243 -0.36447424 14
2.4385514 -0.84674811 -0.36067891 13.5
2.5012598 -0.87483215 -0.35895666 12
-1.4028955 -0.71767235 -0.31860638 6.5
-1.3855103 -0.74497443 -0.35441062 9
0.083143339 -0.73169369 -0.3463017 11.428572
0.14449073 -0.72747076 -0.34723967 5.625
0.27746233 -0.7112062 -0.34630546 4.3333335
0.3586264 -0.74068063 -0.35009947 9.5
0.42972162 -0.76941139 -0.33209211 9.375
0.69431365 -0.73226488 -0.39956152 5
0.8723976 -0.72949052 -0.3972972 5.1999998
0.93556517 -0.76948375 -0.39692217 4.8000002
1.0608245 -0.73455638 -0.39511117 4
1.1523821 -0.7419585 -0.39197344 4.125
1.2411085 -0.7497142 -0.38847589 4
1.3483557 -0.76617229 -0.3910709 4.1999998
1.4465137 -0.74655646 -0.39181429 3
1.5128303 -0.7732234 -0.39163831 2.5
1.6762432 -0.7547434 -0.38393831 12.333333
1.826088 -0.75857788 -0.3802371 10
1.9741602 -0.70267022 -0.37307036 12
2.0202818 -0.76764655 -0.37264448 13
2.1770079 -0.7626887 -0.36836648 12.5
2.3420732 -0.74175435 -0.36395535 12.666667
2.4134932 -0.7698788 -0.35995257 14
-1.4060124 -0.62777686 -0.3245877 9
-1.396019 -0.66770989 -0.34868121 2
0.26134828 -0.6974479 -0.346652 5
0.89936358 -0.60605848 -0.39970225 5
0.97182393 -0.64946276 -0.39742714 5.375
1.0455328 -0.64519978 -0.39577049 4.8000002
1.1205467 -0.68157101 -0.39458162 4
1.3500162 -0.60988188 -0.39930326 6
1.4617616 -0.63790506 -0.39667663 3.6666667
1.6174346 -0.64076632 -0.38616228 3.3333333
1.7711389 -0.65510416 -0.38331175 9.5
1.9423032 -0.64668036 -0.37567931 13.5
2.0917332 -0.61821842 -0.37575147 15
2.1216302 -0.67521346 -0.37134254 13
2.2522736 -0.64738089 -0.36859417 12
2.3295186 -0.64258641 -0.36609438 12
-1.4460186 -0.57673365 -0.33658352 2.6666667
0.9618144 -0.57091004 -0.39788407 4.8000002
1.0020927 -0.59612459 -0.39631104 5
1.1290541 -0.52401429 -0.39820442 6
1.3276494 -0.54789227 -0.3985846 7
1.4400203 -0.57124174 -0.39963698 4
1.5836426 -0.54976362 -0.39401054 4
1.726972 -0.56429309 -0.38507029 3
1.8866882 -0.54520023 -0.379345 9.5
1.9095994 -0.59269565 -0.37648186 1
2.0459268 -0.54324722 -0.3752133 12.666667
2.1796227 -0.5227493 -0.37331825 12
2.250366 -0.55653876 -0.36981472 11
-1.4247261 -0.45194077 -0.35592285 6.8333335
-0.35448682 -0.42182031 -0.34730017 4
1.1749632 -0.46820933 -0.39846477 6
1.2951266 -0.46191749 -0.39262751 4
1.5492747 -0.45476964 -0.39825597 4
1.6813347 -0.45464668 -0.38734519 3
1.84165 -0.45546967 -0.38085508 9.75
1.9895555 -0.41526982 -0.37866154 16
2.0059423 -0.46026468 -0.37723976 8
2.1398029 -0.4440988 -0.37498108 12
2.2222531 -0.44771236 -0.3714264 11.5
-1.4578946 -0.34545776 -0.32045549 6
0.5904634 -0.3061991 -0.3960678 2
0.69989139 -0.37413213 -0.39874738 2
0.70936489 -0.3651849 -0.39527613 2
0.96687794 -0.3071202 -0.39718521 6
1.2677184 -0.34225813 -0.3964541 6
1.4996117 -0.35981581 -0.38867941 4
1.5253043 -0.39077955 -0.39882043 3
1.6505283 -0.34690261 -0.39143914 3.5
1.7945831 -0.31573242 -0.38754439 2
1.8072597 -0.36372915 -0.38472137 3
1.9723275 -0.34551966 -0.38179982 9
2.0908651 -0.31728494 -0.37672374 11.5
2.1556563 -0.35529381 -0.37518305 11.6
-1.4623234 -0.28710568 -0.30587602 6
-0.5015102 -0.28024572 -0.39138877 3
-0.1943166 -0.22482049 -0.3679727 2
0.38149133 -0.24391496 -0.39724895 4
0.42140514 -0.21468341 -0.3685225 2
0.70670247 -0.2892423 -0.33364251 2
0.96542633 -0.25611702 -0.39888448 6
1.2570806 -0.28892601 -0.39800662 6
1.3487073 -0.23764259 -0.39752626 6
1.4736527 -0.24148272 -0.39354083 5
1.6386037 -0.25139362 -0.39643076 3.25
1.7725821 -0.24594662 -0.38616985 3
1.9493309 -0.23952879 -0.38255119 8.5
2.075587 -0.24128731 -0.37813389 12
2.1680403 -0.24897623 -0.37547663 10
-0.20961115 -0.12997818 -0.34526664 1
-0.1721132 -0.11844052 -0.3157919 4
0.48328918 -0.17952541 -0.34744358 1.75
0.5072602 -0.17555374 -0.32016602 1
1.3453354 -0.15196328 -0.39959326 6
1.4684061 -0.15980406 -0.39947888 4
1.6314363 -0.14985029 -0.39739501 3
1.7611721 -0.15024495 -0.38838285 2.75
1.9466982 -0.14127544 -0.38319024 8.5
2.0688205 -0.14553592 -0.37881547 6.25
2.1654232 -0.14647388 -0.37555599 12.25
-0.20506898 -0.098068736 -0.31330952 3
1.0735513 -0.044035051 -0.39913315 6
1.4554195 -0.037818462 -0.39600956 6.3333335
1.6421815 -0.03163784 -0.39795581 3
1.7612474 -0.058339953 -0.38942808 2.5999999
1.9619125 -0.045999169 -0.38264629 7.25
2.0712957 -0.052536443 -0.37683606 5.5
2.1809599 -0.047464624 -0.37432772 12
-1.841651 0.047321554 -0.32266212 22.4
1.0740403 0.057961825 -0.39766032 7
1.4650431 0.04635784 -0.39793417 5.5
1.6629617 0.053628705 -0.39736599 3.25
1.7776654 0.041472778 -0.38987213 2
1.9909518 0.023782633 -0.38484323 7
2.0523548 0.043762296 -0.38066763 8.75
2.1386795 0.057957869 -0.37637883 9.5
2.231034 0.063442357 -0.37432086 8.333333
-1.8551499 0.14778256 -0.33072522 38
-0.24459147 0.19122872 -0.32808062 1
-0.12483602 0.17322257 -0.30809674 1
-0.043066539 0.17539284 -0.39973465 5
1.4832367 0.14580092 -0.39817065 3.5999999
1.6907719 0.13073114 -0.39609447 3
1.71369 0.17741811 -0.39701909 3
1.8127582 0.14489745 -0.39106074 2
2.0590072 0.14832911 -0.38491228 7
2.1688299 0.15803391 -0.37833613 10
2.2735734 0.12763703 -0.37464195 9.5
2.3158422 0.18216175 -0.37401509 10
-1.8635472 0.2490759 -0.33839321 35.454544
-0.21569459 0.21742073 -0.33915603 1
-0.11696403 0.20830303 -0.34105337 2
0.36402211 0.25459224 -0.35913959 3
0.40708804 0.24207306 -0.34125265 2
1.5018258 0.21221054 -0.39837378 3
1.7454722 0.23768759 -0.39523345 2
1.8561592 0.2438207 -0.39008325 2
2.094095 0.21284084 -0.38071802 11
2.1420805 0.26987278 -0.38091227 10.666667
2.2354696 0.24832708 -0.37899438 10
2.3599217 0.23768514 -0.37253755 11
2.4043989 0.28321406 -0.37311265 10
-1.8758373 0.34704953 -0.34725428 51.200001
-0.41461909 0.3951526 -0.34340554 3
1.2958063 0.36708969 -0.39957097 6
1.7870386 0.30246943 -0.39548728 2
1.8418341 0.34445509 -0.39362639 4
1.9196981 0.35335621 -0.38940999 7.3333335
2.1916142 0.32889935 -0.37890443 8
2.2553413 0.35340962 -0.37997115 9.333333
2.3344622 0.36305141 -0.37796333 9.666667
2.4547038 0.33074495 -0.37316239 10
2.5001726 0.37826383 -0.36995497 9
-1.9498712 0.41178018 -0.34605449 150
-1.8068155 0.40685758 -0.34542981 6.3333335
-1.7604837 0.44453418 -0.340446 6.375
-0.42847824 0.44273829 -0.36498338 3
1.6001995 0.44625998 -0.39932254 3
1.888622 0.43603775 -0.39678434 5
1.9571291 0.44378221 -0.39283419 3.6666667
2.010977 0.48090917 -0.38959947 5
2.2962065 0.4299711 -0.38045469 9
2.3561618 0.4441964 -0.37670743 8.5
2.4435406 0.47644556 -0.3760789 9.5
2.5621035 0.4323017 -0.3700642 10
2.6201036 0.48632687 -0.36649254 9
-1.955958 0.5698579 -0.37777644 150
-1.8785368 0.57487762 -0.36835971 7
-1.6555299 0.54668909 -0.33476302 5.6666665
-1.5852026 0.56324655 -0.34538335 3
-1.4160738 0.54340172 -0.32995236 38.5
-1.3706006 0.56497592 -0.32873416 7.8888888
1.643342 0.53028041 -0.39937177 2.5
1.9713967 0.53809106 -0.3942371 4.5
2.0402675 0.55882114 -0.38785768 8
2.1015508 0.59645742 -0.38830972 8
2.377609 0.50402099 -0.37968752 8
2.4416168 0.56455457 -0.37716204 8
2.5218325 0.55048829 -0.37454885 7.5
2.670651 0.52635568 -0.36589953 8
2.7243381 0.56938523 -0.36493206 9
4.2313046 0.57953817 -0.30733815 8
-1.3705695 0.61547422 -0.34770685 5.5
2.0610564 0.63865358 -0.39344656 8
2.1318896 0.6615476 -0.38925037 7.6666665
2.5536041 0.63724065 -0.37279925 7.6666665
2.6598778 0.67406046 -0.37085205 8
2.7785063 0.61241132 -0.36263508 7
2.8482602 0.66245389 -0.36295938 7
3.6113322 0.69642347 -0.33045986 6
3.7344573 0.6804474 -0.32694468 6
3.838531 0.65746456 -0.32098636 7
3.9708605 0.63548994 -0.31692871 6
4.0940127 0.60851234 -0.31201062 6
-1.1125728 0.74991947 -0.36410204 4
-1.0958215 0.73390919 -0.35465139 3.5
1.6884009 0.73816079 -0.39171681 1
1.7602702 0.7323339 -0.39885673 10
2.069968 0.73213112 -0.38869444 0
2.1716802 0.75244254 -0.39118508 4.5
2.2348766 0.74307126 -0.38721275 6.6666665
2.3547173 0.76368976 -0.38404006 5.5
2.4520409 0.76720709 -0.37970868 7
2.5595932 0.77072978 -0.37517735 8.5
2.6507082 0.74920452 -0.37082916 8.5
2.7307403 0.76568961 -0.36891624 8.666667
2.8125367 0.77995634 -0.36442861 8
2.9404678 0.74777335 -0.36031878 6.6666665
3.013222 0.76331699 -0.35754159 7
3.1158042 0.76033813 -0.3557806 7
3.2036023 0.75035226 -0.3502357 7
3.3062346 0.74137062 -0.34565285 6
3.4067345 0.72938907 -0.34174344 6
3.503737 0.71340466 -0.33565629 6
-1.7266679 0.87571275 -0.31013229 4
1.81935 0.85273051 -0.39864662 8.5
2.265404 0.82988501 -0.38595846 5.6666665
2.3327451 0.87608027 -0.3840088 6.75
2.4425421 0.87587339 -0.37813407 4
2.5550563 0.88740224 -0.37436828 6
2.6314886 0.89242113 -0.37141475 7
2.7595642 0.87905139 -0.36716068 7
2.8835292 0.85468566 -0.36832175 8
3.0831223 0.82858455 -0.3596302 6
3.1640832 0.88761234 -0.35578051 5
3.4906282 0.89763767 -0.33500054 6
3.6179917 0.89367175 -0.33150902 6
3.7397249 0.88470155 -0.32651627 6
3.8558266 0.87172711 -0.32002017 6
4.004426 0.86276603 -0.31548232 6
4.1360836 0.84579694 -0.30925629 6
4.2818813 0.82783258 -0.30327117 6
-1.7557468 0.95242351 -0.32549411 9.5
-1.6484536 0.93327379 -0.32821155 2.3333333
1.5015742 0.92315239 -0.39279422 1
1.8707641 0.90937954 -0.39643952 7
1.907416 0.96239752 -0.39683557 7
2.3683767 0.95485443 -0.38692325 7
2.4465137 0.96131545 -0.3830179 5
2.564009 0.98303157 -0.38128841 3
2.8710294 0.90438616 -0.36368349 7
2.9655285 0.93319947 -0.36321124 7.3333335
3.0645761 0.94616568 -0.36056724 8
3.1791658 0.91156632 -0.35091054 6
3.2792852 0.93463707 -0.35105187 8.5
3.3823173 0.90361351 -0.34093279 6
-1.8003582 1.0471423 -0.34606043 2
-1.3533167 1.0462258 -0.35074008 80
-0.1228262 1.0986555 -0.37704074 6
0.040089618 1.0584481 -0.35569313 6.5
1.9654261 1.0590175 -0.39644554 2.6666667
2.458612 1.0197721 -0.38276127 4.5
2.5563476 1.0896941 -0.38277039 3
2.6785698 1.0080458 -0.38187274 5
2.7804801 1.0240567 -0.37799594 4
2.8852437 1.0370671 -0.37275586 8
3.0340195 1.0542413 -0.36584836 7.5
3.1191225 1.0534548 -0.36101419 8.5
3.2695136 1.086108 -0.35896552 20
3.3307321 1.039376 -0.3316074 35.5
3.5240836 1.0531288 -0.31744576 19
3.7306287 1.0781534 -0.31539804 16
-1.4167963 1.126626 -0.32546329 20.5
-1.379006 1.159288 -0.34919176 31.833334
-0.12555826 1.1191196 -0.32305494 6.5
1.9919593 1.1323931 -0.39786243 2
2.0472226 1.1484023 -0.39167669 1
2.5257821 1.1039623 -0.38580412 4
2.6226976 1.1753774 -0.38288426 3
3.1931252 1.1464843 -0.36393097 8
3.2371199 1.125891 -0.36108711 8
3.3044376 1.1899048 -0.35147345 21
3.9492302 1.1011788 -0.31144089 16
4.2349582 1.1382136 -0.31077561 11
4.4953094 1.1582434 -0.30542949 8
-1.5006195 1.2245456 -0.31446296 60
-1.4177581 1.2655156 -0.30180413 38
-1.3541951 1.2616003 -0.31937909 38.5
-0.13667594 1.2555112 -0.35439363 5.6666665
2.6941965 1.2327576 -0.37749475 3
2.711442 1.2790806 -0.38134387 3
3.2921524 1.2265238 -0.35600773 21
3.3079815 1.2523652 -0.32202795 24.333334
-1.503143 1.3115137 -0.30102664 24
-1.493358 1.3004683 -0.30189848 52
-1.336239 1.3474455 -0.34027559 43.5
0.16844942 1.3691971 -0.39746195 5
2.7694283 1.3117878 -0.37298888 0
2.8055058 1.3721284 -0.37465733 0
3.3118305 1.3073866 -0.30349216 25
-1.3217475 1.429244 -0.35596961 50
0.19060946 1.4208879 -0.38357329 5
0.21161783 1.4618591 -0.35823524 20
3.2699063 1.4737163 -0.31026375 26
-1.6798186 1.5415394 -0.30224627 9
0.24139661 1.5626835 -0.33908892 14
3.2515185 1.533295 -0.34725145 12.5
-0.17770477 1.6394097 -0.35140368 33.333332
0.27367675 1.6555086 -0.31058526 11.333333
-0.21270052 1.8363065 -0.32481802 14
0.33856031 1.8006881 -0.39663455 20
2.2430313 1.8615921 -0.39930075 8
-1.4553705 1.9857085 -0.34766304 10.5
2.3724546 1.9536506 -0.39623687 5
2.5209713 2.0597179 -0.39274302 6
2.6528864 2.0087216 -0.38671765 0
-1.5062298 2.1165102 -0.32690638 50
-1.4952544 2.1487575 -0.35274279 55.5
-0.23244099 2.1293747 -0.36143473 22.666666
2.6773231 2.1657805 -0.38584134 6
2.7768369 2.179769 -0.38242689 1
-1.502914 2.2045808 -0.36643323 37
2.879869 2.2683702 -0.38418895 2.5
-1.4741076 2.3228302 -0.31710842 25
2.9249377 2.3828268 -0.37780285 4
3.1693039 2.3948371 -0.30703661 2
2.2555933 2.4724357 -0.39831635 6
3.1424809 2.4746323 -0.34588978 9.666667
-1.5182695 2.5219345 -0.37501583 18
-0.29495746 2.5833001 -0.38391173 12
3.1414316 2.5420232 -0.37519163 16.5
3.1566548 2.6404548 -0.36281988 22
2.3897378 2.7414815 -0.39690563 7
3.1423092 2.757741 -0.33909026 32.666668
2.5534034 3.0665369 -0.39483264 8
-1.6284964 3.3278818 -0.37554473 75
-1.5723087 3.3449523 -0.33394739 38
2.7604144 3.4786088 -0.39330167 7
3.0231116 3.6397355 -0.30815867 33
3.0213432 3.7369065 -0.35941815 33.5
3.0166848 3.9896924 -0.38842136 20
3.0180163 4.0915623 -0.3202717 27
3.0639317 4.1979113 -0.34525603 16
-1.8229949 4.3344488 -0.37031049 58
-1.8376979 5.2600436 -0.38007668 22
-0.59806728 5.8108773 -0.38564572 20
0.78495079 6.3438659 -0.34784245 72
1.2039421 6.3828511 -0.35007435 31
1.6264927 6.3600984 -0.36564216 17
-1.8392659 6.5519586 -0.39906937 42
-0.71581876 6.5654831 -0.37803662 29
0.31119925 6.5391035 -0.30777961 93
-1.2614881 6.6013155 -0.34920579 41
-0.87273842 6.6259837 -0.39762175 20
0.085008278 6.6646128 -0.32690185 148
0.27715352 6.6412597 -0.32253516 96
0.67937702 6.6888342 -0.36175695 87
1.4205991 6.6365037 -0.3203786 39
0.79621881 6.7198863 -0.31780142 71
0.88542777 6.7079291 -0.35007715 89
1.8885248 6.8798957 -0.38598382 90
1.9751146 6.869041 -0.36241132 66
2.2907925 6.8995152 -0.37361372 119
3.0553827 6.9704275 -0.33360767 107
3.1103294 7.0247064 -0.35982284 84
3.4683983 7.045876 -0.35060579 100
4.6019964 7.1202202 -0.3643114 61
-0.93455631 -5.7441983 -0.29696956 103
-0.8893258 -5.7442398 -0.21500003 132
-0.44919932 -5.6906662 -0.2336895 150
-0.21676931 -5.6751146 -0.22106385 150
-1.1956881 -5.2057872 -0.24805623 24
-1.5957352 -4.9717255 -0.28716537 121
-1.5079331 -3.3306174 -0.26950684 7
-1.5389143 -3.2399342 -0.23078382 8
-0.9936536 -3.2650142 -0.23488566 14
-1.0293908 -3.1816821 -0.22377527 32
-1.5783919 -3.0362911 -0.25496197 4.5
-1.5693352 -2.7121034 -0.2966294 4
-1.5835756 -2.6261852 -0.25313389 4
-1.156073 -1.6214401 -0.2879754 1
-1.2018564 -1.5518007 -0.23097576 1
-1.1801319 -1.5480558 -0.26133779 0.66666669
-1.2018329 -1.457595 -0.20005724 1
-1.1938564 -1.4591156 -0.24472015 1.6666666
1.2642372 -1.4140555 -0.25527364 17.375
1.347894 -1.4134103 -0.23010638 18
-1.179672 -1.3560584 -0.26121545 5
1.3251188 -1.394289 -0.23144837 52.75
-1.2096711 -1.2540091 -0.23429184 1
0.12267507 -1.2582741 -0.28784394 3
1.121184 -1.2259722 -0.25945824 13
1.4683676 -1.2408439 -0.23478462 25.666666
-1.2480528 -1.1411757 -0.22375879 1
0.11382958 -1.1462778 -0.27944446 5
1.4650491 -1.1511374 -0.25936419 12.166667
1.5371575 -1.1430547 -0.23931289 11.75
1.6340871 -1.1300918 -0.21910584 15
1.7140154 -1.1491653 -0.20198104 13
-1.2332826 -1.0737112 -0.27626997 2.5999999
0.10652971 -1.0425203 -0.2827116 5
0.97327203 -1.0101054 -0.25915495 7.4000001
1.0211382 -1.0387882 -0.25926921 7.6666665
1.7387145 -1.0266302 -0.27121839 8.3999996
2.3813231 -1.0122402 -0.24216855 49
2.4718714 -1.021966 -0.26285449 21
2.5189989 -1.0033795 -0.25274399 20
2.8464835 -1.0063237 -0.22830628 10.5
-1.4207077 -0.98964256 -0.20147207 77
-1.3572189 -0.94103003 -0.25698188 153
0.093031824 -0.94550264 -0.27068359 4.5
0.68278134 -0.90467441 -0.25693122 6.5714288
0.73069596 -0.91863447 -0.2468311 6.7333331
0.81774896 -0.94847226 -0.25920665 6.6666665
0.93121862 -0.99269629 -0.2547029 7.3333335
1.7772622 -0.9947629 -0.26176369 15
1.8434588 -0.99585694 -0.2498128 2.8333333
2.0423002 -0.99085569 -0.25714582 5.75
2.1531491 -0.98486072 -0.25845841 9.333333
2.2532921 -0.96034807 -0.23856831 8.2857141
2.300683 -0.96898872 -0.261123 29
2.422225 -0.98993117 -0.26915988 12
2.5760694 -0.99587458 -0.24416704 26.5
2.6537426 -0.98354435 -0.23773913 39
2.7059619 -0.98082781 -0.21303755 58
2.8377748 -0.9413805 -0.2222044 9.5
-1.3522382 -0.83069885 -0.22860703 2.5
0.079733133 -0.84053594 -0.26083672 4.3333335
0.52925265 -0.81050986 -0.22656971 10
0.64615953 -0.87934208 -0.26726443 6.4000001
2.8405652 -0.88189524 -0.2027539 25
-1.3560362 -0.79175609 -0.2054711 8
0.079661652 -0.74457622 -0.25056013 9.5
0.12413601 -0.72485358 -0.2821382 13.4
0.277639 -0.70813328 -0.22973876 8.666667
0.353349 -0.73812026 -0.24962823 9.5714283
0.46350673 -0.78229553 -0.26990661 9.7142859
0.50303215 -0.79218197 -0.26216087 9
-1.4036928 -0.63826889 -0.27929857 9
-1.3977118 -0.64958334 -0.28536704 8.666667
0.24267359 -0.69409895 -0.26331624 7.6666665
-1.4212462 -0.54355955 -0.25108099 4.8333335
-1.3991641 -0.59131736 -0.25812668 9
-1.4155354 -0.46080276 -0.22605398 6.875
5.7434196 -0.44468969 -0.23466189 17
-1.4383172 -0.38609979 -0.20811838 4
5.7320118 -0.32418731 -0.23788074 17
-1.4563832 -0.2450785 -0.28555423 5.6666665
0.34598097 -0.20294957 -0.20959288 1
0.41968361 -0.20461929 -0.2417094 3
5.7163858 -0.24518724 -0.24036047 15
-1.461832 -0.1513074 -0.26201752 2
-0.29024738 -0.17743362 -0.22731972 2
-0.15027404 -0.11709949 -0.25947547 2.4000001
0.36824551 -0.18490815 -0.21900535 1.5714285
0.43688366 -0.18242435 -0.25571683 2.1666667
5.6533775 -0.16419804 -0.24272865 11
-1.4632645 -0.051781993 -0.24493079 2.5
-0.21633488 -0.064320438 -0.22607532 0
-0.18575074 -0.089876726 -0.24770345 0
5.4234219 -0.010244465 -0.24638748 5
5.5203891 -0.085226633 -0.24318501 9
5.3794451 0.060752653 -0.25262871 7
-0.26673281 0.17959312 -0.21740544 2
-0.16746935 0.14244768 -0.22512564 1
5.1670833 0.19471501 -0.26155952 9
5.2789316 0.12973456 -0.25648272 9
-0.24709642 0.20069595 -0.21500418 1
0.3653914 0.23987032 -0.250945 1.2857143
0.42875791 0.247949 -0.29757589 2
5.0609727 0.25568026 -0.26682431 9
6.1267118 0.24424551 -0.21320967 35
-0.30698448 0.38292018 -0.2882036 3
4.8280768 0.36764005 -0.27754384 7
4.9519539 0.31366163 -0.27195674 8
6.062737 0.36225283 -0.22961468 19
-2.1567154 0.48031241 -0.20615824 113.5
4.5831537 0.4625974 -0.28877902 7
4.7070284 0.41761908 -0.2831834 8
5.6664267 0.4831579 -0.23961121 5
5.8469434 0.42419344 -0.23363596 7
-1.7667556 0.56683636 -0.20735109 14
-1.6577238 0.56740415 -0.20306304 12
-1.3656507 0.58562243 -0.20453191 11
4.3304696 0.54155201 -0.29918811 7
4.469872 0.50557888 -0.29526627 8
5.359901 0.59208798 -0.25474727 4
5.5050392 0.5391196 -0.24668539 5
-1.771378 0.66480547 -0.21460676 6
-1.672219 0.6014235 -0.21371719 1
-1.3671114 0.61070383 -0.2141971 11
5.037828 0.68001252 -0.26965317 3
5.1956882 0.63804865 -0.26178977 4
-1.4977143 0.71071035 -0.2501578 7
-1.1035806 0.78371239 -0.2719 6
-1.0923512 0.75188726 -0.29251444 4.3333335
4.6010404 0.78491414 -0.29248652 7
4.7567639 0.75595081 -0.28527308 6
4.8757505 0.71697271 -0.27603909 3
-1.7110949 0.85700572 -0.27577674 19
4.445343 0.80987531 -0.29829264 5
-1.7191116 0.9160589 -0.29736176 23
3.3256559 1.0805458 -0.29723659 36
6.0530658 1.0203893 -0.20124751 98
-1.3865421 1.1826742 -0.29726672 24
-0.12845956 1.1449136 -0.25489172 6.3333335
3.3294342 1.1314523 -0.26274091 25.5
4.783247 1.1782763 -0.29985964 3
5.0578151 1.185306 -0.29052466 3
5.3522038 1.1893375 -0.28012401 3
6.030407 1.1449039 -0.24181649 59
-1.5381155 1.272947 -0.28299749 41.5
-1.4600483 1.2777895 -0.29781908 73
-0.1412667 1.2810189 -0.26071632 6.6666665
3.3531632 1.2535682 -0.25813413 13
3.4917316 1.2854294 -0.21998647 3
5.818327 1.2233928 -0.27625632 5
-1.6095439 1.3263956 -0.27984485 0
-1.5430464 1.3478646 -0.28879669 31.333334
-1.4246485 1.3715425 -0.29409245 49
-1.3689338 1.3914267 -0.29007348 33
3.2805018 1.3655939 -0.25092128 36
3.3313537 1.3558772 -0.24764402 11.2
3.5071197 1.3586018 -0.21192959 6
-1.5428618 1.4524924 -0.29755062 18
-1.359449 1.4172804 -0.28979787 28
3.2703297 1.4286653 -0.28632581 31
3.4353521 1.4772536 -0.22973222 0
-1.741725 1.521791 -0.27110994 8.75
-1.6821886 1.5381433 -0.24391967 18.75
-1.4591116 1.5414124 -0.25127199 22.833334
0.23761374 1.5316849 -0.29769316 26
3.2958894 1.5789577 -0.25880063 18
3.5046532 1.5909638 -0.21155891 0
-0.18394978 1.6667218 -0.25138924 48
0.28446794 1.6657254 -0.26471302 24.333334
3.2480035 1.6009581 -0.2869491 19
3.4362772 1.606963 -0.23864007 6
-1.4512734 1.7863343 -0.21246463 38
-0.19773096 1.7004333 -0.21143791 3
0.31768641 1.759161 -0.25702056 22
-1.4690133 1.8893875 -0.2473923 7
0.34544864 1.8325089 -0.22312348 13.333333
-1.4599414 1.984665 -0.26021031 6.3333335
-0.22943214 1.9424292 -0.21519282 32
-1.4815415 2.0385907 -0.20533293 5
-1.4789963 2.1225269 -0.24344361 53
-0.23081304 2.1356852 -0.26386678 34
-1.4672161 2.2047441 -0.27494872 36
-0.273038 2.3324397 -0.22769243 19
3.2328887 2.497982 -0.27220434 0
3.1778905 2.6738586 -0.29448318 29
3.1498604 2.7927246 -0.28928378 38
3.2737417 2.8278306 -0.25378871 9
3.3054714 2.8273416 -0.27837318 0
-0.33816928 2.9134409 -0.24482438 14
3.329634 2.9407494 -0.20314458 5
3.3065689 3.0297356 -0.26288879 10
-1.6430817 3.3606992 -0.25697434 35.5
-1.5901172 3.3827326 -0.25812021 38
-1.5909615 3.4773738 -0.25159612 6
-0.44422013 3.8644445 -0.27386937 12
3.2294009 3.8247554 -0.27067798 9
3.0959821 3.9058497 -0.29024979 15
3.1459506 4.0624175 -0.20205164 32
3.2272382 4.1948071 -0.23073572 7
3.1812599 4.2560868 -0.28133869 3
-1.6704227 4.3909063 -0.25880527 32
3.2140062 4.5325532 -0.2785809 10
-0.60008699 5.6798701 -0.23625803 3
-1.6844244 5.8516936 -0.20421714 15
1.7303227 6.3951268 -0.26438951 14
1.80688 6.3628869 -0.20298889 15
0.8886292 6.4827943 -0.2506572 41
-1.7830212 6.5598874 -0.27508098 40
-1.3933893 6.5863285 -0.25866628 37
-0.84961659 6.5953679 -0.29021195 78
0.38313508 6.5921206 -0.21494782 112
-0.98507124 6.6182504 -0.20127606 53
-0.88281626 6.6345844 -0.238864 53
0.19441998 6.6274452 -0.22143203 88
0.41604996 6.6539221 -0.21026009 137
0.61682212 6.6815495 -0.22644609 83
0.89422107 6.6878738 -0.29365861 54
0.99945879 6.7787251 -0.25204447 134
1.1705359 6.7768121 -0.2452445 111
2.004009 6.8886771 -0.2852779 116
2.2264743 6.8914776 -0.23254481 121
3.2349892 7.0398965 -0.24416697 80
3.3693774 7.0076122 -0.21006507 100
3.6279073 7.0847416 -0.24646068 96
4.5049872 7.1189232 -0.22753531 85
-0.93877798 -5.7544985 -0.16986506 129
-0.47414041 -5.7130127 -0.15129258 21
-0.4705314 -5.6941614 -0.11614098 150
-0.22913286 -5.6758571 -0.10466498 150
-1.6077759 -4.9761734 -0.17979828 122
-1.2458494 -4.9567046 -0.17807052 101
-1.5610301 -3.3004184 -0.16864352 8
-1.1708585 -3.1349478 -0.15871046 35
-1.0179403 -3.1328645 -0.14934169 32
-0.98424655 -3.1910133 -0.15877588 15
-1.5708072 -3.0725594 -0.17040256 4.5
-1.2183454 -3.097012 -0.11459479 39
-1.5635676 -2.9826896 -0.14108726 4
-1.5843724 -2.8887112 -0.10400657 4
-1.1944554 -1.7502625 -0.13346547 1
-1.2254241 -1.6060824 -0.13483855 0.5
-1.2368922 -1.5565212 -0.14809749 1
-1.2238712 -1.4704485 -0.17216986 1
1.1802375 -1.4124447 -0.11645077 16
1.2425568 -1.4147613 -0.14793068 18.25
1.3268912 -1.4132062 -0.18517184 17.5
-1.2225503 -1.3343607 -0.14241248 0.66666669
1.3779643 -1.393108 -0.16539232 18
1.4532063 -1.3763303 -0.13747025 43.142857
-1.2604578 -1.1496153 -0.15224631 1
1.4745309 -1.1843549 -0.13698807 13
1.5405641 -1.1649926 -0.18370089 14
1.6575447 -1.1564225 -0.15111056 23
1.7260698 -1.1439358 -0.13472348 13
-1.2488886 -1.0946683 -0.1955159 1
0.96213156 -1.0092473 -0.19582069 7
1.7347822 -1.0638714 -0.12354948 7.5
2.1617424 -1.0043287 -0.16726266 1
2.2080719 -1.0025789 -0.15980604 2
2.4304574 -1.0210756 -0.15694192 36
2.5512724 -1.0275663 -0.14314985 31.5
2.6544483 -1.0180598 -0.12692128 40
2.7218173 -1.0080558 -0.11607608 38
2.8626685 -1.0300415 -0.10935879 69
-1.3742422 -0.96550888 -0.14443877 14
0.76539302 -0.9313488 -0.16336495 6.25
0.85261065 -0.96175623 -0.13717313 7.1428571
0.92347121 -0.99231589 -0.15123375 8
2.1781938 -0.98782605 -0.16306037 2.3333333
2.2430658 -0.98345232 -0.15495212 8
2.8541121 -0.94831431 -0.19146362 25.5
-1.3424883 -0.8380453 -0.15975402 3.6666667
0.49803382 -0.8062101 -0.11107767 11
0.57615793 -0.83491403 -0.15765782 8.909091
0.64287359 -0.86690211 -0.14505711 7.5789475
2.8365009 -0.85420638 -0.17345636 56.666668
-1.355693 -0.74523747 -0.14600916 5.8571429
0.35221913 -0.73953778 -0.15357639 9.5
0.44584924 -0.77724618 -0.15575859 9.8571424
2.7950242 -0.71292526 -0.12505467 57
2.8127942 -0.76251531 -0.15661685 58.799999
-1.5386804 -0.62109655 -0.10024968 4
-1.4441493 -0.61502969 -0.1084031 7
-1.3795691 -0.6589309 -0.13659503 8.75
2.7804346 -0.6506995 -0.12702298 61
2.7579117 -0.55130488 -0.12389527 59.666668
5.8543458 -0.51694095 -0.15323041 92
-1.4282875 -0.42549297 -0.19349426 3.5
2.7406704 -0.45848778 -0.11007118 52
2.8050635 -0.41797608 -0.10689846 25
2.9103854 -0.4009499 -0.10940455 23
5.8451362 -0.43494418 -0.15223797 95
-1.4291648 -0.35128969 -0.17785904 6.1428571
-1.3996645 -0.30115959 -0.17545395 12
3.0065272 -0.37892658 -0.11104019 22
3.1181986 -0.35589811 -0.11435691 22
3.2333925 -0.33086804 -0.11843924 5
3.3754277 -0.30483007 -0.1243977 6
5.8365974 -0.35494402 -0.15338121 90
-1.419927 -0.24486071 -0.15417817 8.875
-1.3991816 -0.25909925 -0.14522949 12
5.8252077 -0.27494264 -0.15589008 96
-1.4216799 -0.14869885 -0.13078499 8.1000004
-0.40025276 -0.13412996 -0.15088534 1
-0.33713365 -0.14360818 -0.12894125 1.125
-0.28269023 -0.13510393 -0.14086847 1.1363636
5.8244114 -0.19593665 -0.15928717 98
6.0215058 -0.1218581 -0.17028874 49
-1.4298203 -0.049184136 -0.11878721 8.3999996
-0.24565625 -0.087010168 -0.12701264 0
-0.18908507 -0.090112813 -0.15419969 0
6.1690841 -0.041793779 -0.18185605 104
-1.8646922 0.081428878 -0.15380387 16.333334
-1.4415716 0.021762874 -0.1142488 11.5
-0.20322673 0.069427513 -0.11308009 0
6.1569018 0.040215068 -0.18929718 100
-1.8622448 0.14903143 -0.15367663 11.714286
-0.31060609 0.15897556 -0.13910519 0.875
-0.27938163 0.15216179 -0.14105426 0.86046511
-0.18634245 0.11085591 -0.16680524 0
6.1362128 0.12222325 -0.19800872 74
-1.87185 0.25203881 -0.15886588 50.42857
-0.32327685 0.22972523 -0.17327484 1
-1.8826805 0.35021564 -0.16872151 68.5
-1.9297473 0.47065979 -0.18869644 26.75
-1.8665191 0.49723187 -0.19633085 28
-1.768296 0.49528652 -0.19019113 23
-1.9259251 0.52066261 -0.19049489 28
-1.8707498 0.55270076 -0.19257392 63
-1.7816229 0.56694067 -0.19653182 17.666666
-1.6108228 0.56482822 -0.18415767 7
-1.3737522 0.55359077 -0.18482743 9.833333
-1.3546485 0.60799003 -0.19368643 8
6.0831199 0.67635161 -0.10432042 108
6.0735288 0.76235974 -0.12604067 120
6.0674353 0.84936917 -0.14994363 113
6.062037 0.93537903 -0.17456606 105
-2.1640143 1.1476499 -0.10612303 98
-2.0400562 1.1167463 -0.11386009 87
-1.957507 1.1313368 -0.13095763 27
-0.1343634 1.1687655 -0.15617289 6
-2.0780201 1.2336957 -0.10084568 121
-0.14553839 1.2882433 -0.19716099 8
3.5305197 1.2715193 -0.16866484 3
-0.14731522 1.3094708 -0.13536966 7.3333335
3.4457335 1.3810606 -0.12493663 26
3.5237679 1.3175627 -0.19037433 1
-1.4313458 1.4991602 -0.10687278 65
3.4467063 1.4245226 -0.12530552 14.5
-1.8014594 1.5759381 -0.12605496 153
-1.7427862 1.5105724 -0.17128858 19
-1.6654097 1.5265393 -0.15032224 33.5
-1.4445082 1.5397019 -0.14393176 29.333334
3.4805021 1.5229591 -0.17790367 0
-1.4519717 1.6502373 -0.1566748 14
-0.18765333 1.682717 -0.19100973 52
-1.4657762 1.7528412 -0.1493115 18
-0.19035225 1.7057049 -0.13151066 57
-1.4956363 1.890455 -0.14427958 38
0.35418752 1.8574352 -0.1786948 5
5.9558039 1.8453795 -0.11765939 94
-1.4455171 1.9500694 -0.15652154 21.666666
5.9439807 1.970477 -0.1656328 96
-1.4789889 2.118185 -0.14509279 89
-0.23587708 2.1639602 -0.16134533 43.5
3.3899488 2.1795585 -0.14761071 5
3.3779945 2.2144511 -0.10784629 13
3.3089266 2.9725878 -0.14208686 36
3.2790303 3.1264641 -0.15189944 7
-1.6560892 3.3627017 -0.16379602 20.333334
-1.5893271 3.372508 -0.17675714 38
-1.8415858 3.5042009 -0.11697395 5
3.197094 3.5434377 -0.15153056 9
-1.7074459 3.6712675 -0.11414191 2
-1.6349036 3.7637048 -0.12319964 1
3.1543791 3.9456882 -0.13101859 40
3.1782858 4.1976132 -0.14209147 31
-1.7511126 4.344789 -0.19967544 63
1.3247516 6.3117437 -0.17026639 47
-1.7899567 6.5494685 -0.11810261 41
-1.5286285 6.5823421 -0.16948928 29
-0.65786308 6.5578632 -0.12683095 30
0.30457592 6.5532761 -0.11535287 97
-1.1171852 6.6161323 -0.11099502 41
0.48550043 6.6409836 -0.10924658 99
0.52319568 6.6417294 -0.10816251 96
0.72886109 6.6708765 -0.18040162 85
0.83342755 6.692337 -0.15757459 93
1.0064183 6.7867246 -0.15358472 139
1.1051995 6.7731323 -0.13052784 99
1.9223413 6.8801455 -0.1756058 118
2.1230376 6.9014587 -0.1839104 113
2.9725711 6.9632282 -0.19874758 106
3.3624506 7.0610819 -0.12999219 89
3.7744958 7.1145477 -0.1447673 108
-0.9211753 -5.7445307 -0.066096134 150
-0.68907946 -5.7285528 -0.013974641 150
-0.58230263 -5.7167821 -0.082777396 150
-0.4439075 -5.68647 -0.099564925 150
-0.22055542 -5.6726723 -0.084881932 150
-1.5126455 -3.589179 -0.038513679 5
-1.5740559 -3.3367138 -0.061472267 6.5
-0.9654749 -3.2256448 -0.078615785 32
-1.1518844 -3.178793 -0.015146454 0
-1.025315 -3.1236005 -0.033087179 36.5
-0.98202217 -3.1280119 -0.052175939 7.5
-1.6102796 -3.065608 -0.061922558 4.5
-1.2780458 -3.0950751 -0.074343368 34
-1.6106125 -2.7452421 -0.051747628 3
-1.6368788 -2.6137717 -0.0030994462 3
-1.2407054 -1.6598427 -0.06393145 0.40000001
-1.2603847 -1.5448121 -0.035813525 0.5
1.2269863 -1.4218155 -0.050416011 18
1.39722 -1.411675 -0.010316995 17
1.4394314 -1.4105275 -0.072273508 18
1.1643374 -1.3422384 -0.018557284 15
1.4655412 -1.3613622 -0.059255436 44.625
1.5006595 -1.3514096 -0.056607675 17
-1.2907746 -1.2206354 -0.055886488 1
1.4702109 -1.2532682 -0.041110937 14.6
1.5902557 -1.2116574 -0.024862077 14
1.6519004 -1.2056454 -0.033835694 32
-1.3079746 -1.1561521 -0.02596499 1
-1.2820276 -1.1301553 -0.071412466 1
1.0775692 -1.1975757 -0.054756258 11
1.4605174 -1.1979071 -0.053566448 14
1.6238302 -1.1955177 -0.075360671 14
1.7316723 -1.1395644 -0.061109055 30.4
-1.3834898 -1.008701 -0.014568274 7
0.97912347 -1.0115818 -0.036490217 7.1999998
1.0101514 -1.0203059 -0.019077379 8
1.761535 -1.0705353 -0.054956999 8.666667
1.8586963 -1.0684435 -0.056066535 3.25
1.9832189 -1.0678614 -0.012512137 1
2.0380256 -1.0491203 -0.0093511268 1
2.1142774 -1.0320913 -0.00053516863 7
2.4143884 -1.0281024 -0.089907855 76
2.551877 -1.0460851 -0.072435163 41
2.6469584 -1.0350881 -0.05278236 45
2.7228491 -1.0310863 -0.039188329 61
2.8404479 -1.044066 -0.027031284 76
-1.4047172 -0.96636593 -0.02524681 25
-1.3808941 -0.98528033 -0.075204708 9
0.69233519 -0.90888977 -0.03349353 7
0.73537797 -0.92248309 -0.048869215 7.0769229
0.85939109 -0.97125065 -0.050941885 7.3000002
0.93031144 -0.9905659 -0.074922927 7
2.2699814 -0.98214227 -0.097307891 23
2.8263752 -0.96307021 -0.062029619 56.666668
-1.3492558 -0.87789869 -0.0036924006 4
0.55959052 -0.82671851 -0.048406068 9.9499998
0.64261824 -0.86263943 -0.059583817 8.6428576
0.70535338 -0.88975739 -0.063233845 8
2.8055387 -0.85256588 -0.061616346 60
0.45163515 -0.77973855 -0.05235352 10.066667
2.7779689 -0.75907665 -0.039531033 63
-1.5654173 -0.61707896 -0.050233308 2
-1.4652176 -0.60750139 -0.058163796 7
-1.3762676 -0.64869845 -0.081967965 8.8000002
2.7480214 -0.64875418 -0.018340606 62.333332
-1.4281911 -0.52906924 -0.064180665 13.666667
2.7443819 -0.55651242 -0.07056053 60.25
-1.5036621 -0.43713289 -0.0083548324 7
-1.4165376 -0.45725206 -0.038311563 12.714286
-1.3994452 -0.44604751 -0.018427428 15
2.7479579 -0.44834328 -0.076191083 47.666668
2.8811777 -0.40297416 -0.072956622 25
-1.4071263 -0.33823895 -0.016634384 19
-1.3961513 -0.37964246 -0.015888343 17.5
2.9921787 -0.38493848 -0.074102595 31
3.0968266 -0.36190593 -0.074425861 21
3.215591 -0.3388665 -0.07640256 21
3.4085801 -0.31980127 -0.080350697 6
-1.4075509 -0.29126593 -0.0045868056 19
-0.40660661 -0.14485657 -0.085028276 0
-0.33654752 -0.14072485 -0.057329461 0.81159419
-0.26950952 -0.16188675 -0.025074661 16.571428
-0.34734946 -0.099178053 -0.049994152 0
-0.26823241 -0.0036363807 -0.0018316698 0
0.57667148 -0.0039629149 -0.0026100772 0
-0.24146502 0.070973285 -0.091276444 0
-0.30004236 0.16091695 -0.091859981 1
-0.24792312 0.15668507 -0.048210785 1.5079365
-0.19193357 0.15953228 -0.02858847 1
6.1408906 0.14431402 -0.0015846462 114
6.1264868 0.23431841 -0.015441109 112
6.1170192 0.32432371 -0.030091118 106
-1.4235978 0.48290214 -0.0052038403 3
-1.3548377 0.47895762 -0.010613454 9
6.1103554 0.41332993 -0.046204846 107
-1.6520847 0.54874045 -0.00037779001 3
-1.3362331 0.54907173 -0.022824613 9
6.0919914 0.58834368 -0.083295003 111
6.1057744 0.50133723 -0.064476825 120
-1.140817 0.67119396 -0.081643261 4.4000001
-1.0831634 0.68920302 -0.087797284 0
-2.2036693 1.1282079 -0.067225017 31
-0.13905762 1.187459 -0.071238764 6
-2.2102594 1.241087 -0.084179595 56.5
-0.14985789 1.2356919 -0.049973857 4
3.4580879 1.2709579 -0.048133589 41.5
3.5980852 1.2499624 -0.010285121 21
-0.1521091 1.3256384 -0.039383143 7.3333335
3.4418101 1.3429481 -0.087429926 49
-1.6371365 1.468088 -0.040131945 62.142857
-1.5378584 1.4717953 -0.038167931 18
-1.4651611 1.4901574 -0.054262593 44
-0.16995308 1.4123266 -0.048597522 6.5
3.4399307 1.4269991 -0.075971708 0
-1.8105644 1.584856 -0.090691507 152
-1.4283749 1.515913 -0.055232469 59.714287
-0.19014728 1.5751656 -0.076931536 31
5.9905505 1.5561737 -0.014555451 105
-1.4364852 1.6543534 -0.085687563 23
5.9759021 1.6362273 -0.042425457 101
-0.19501267 1.7296879 -0.049595676 54
5.9711261 1.721288 -0.071863368 100
-0.21521258 1.8042001 -0.062767133 23
-1.4342471 1.9559107 -0.054354534 72.5
3.3688238 1.9742169 -0.012168189 12
-1.43908 2.0379069 -0.040381216 102
-0.24909878 2.0912464 -0.043933582 30
-0.24107261 2.1897311 -0.057334937 58
3.3774886 2.24669 -0.038254417 20.25
-0.29427138 2.4963086 -0.01886503 28
-2.0517926 3.0355048 -0.026506793 22
3.2970312 3.065284 -0.019371618 44
3.3016205 3.0174365 -0.081366673 43
3.2795708 3.1923349 -0.096293405 45
3.273468 3.2511973 -0.038292047 46
-2.1910987 3.3823817 -0.010882889 10
-1.9446353 3.3730953 -0.023198467 46
3.2130406 3.3451767 -0.047642153 44
-1.8961564 3.4451463 -0.069226637 42
3.205091 3.4423034 -0.098177508 45
-1.7115369 3.5251412 -0.041260023 3
-1.6585555 3.5663302 -0.04623463 4.5
3.1634469 3.8339438 -0.063555226 43
3.1622851 4.2524452 -0.057853643 33
-1.8074945 6.3413754 -0.075354204 56
1.7386432 6.362781 -0.080353558 16
0.59008282 6.492846 -0.0032170946 38
-1.6616511 6.5683575 -0.080604568 29
-1.2492945 6.5940137 -0.020733532 36
-0.89315563 6.6361771 -0.077135354 78
0.40604302 6.6681099 -0.012926613 87
0.55429041 6.6992636 -0.091256082 109
0.64650494 6.6797013 -0.026936106 70
0.77394807 6.6707964 -0.021895986 91
1.1089798 6.7646384 -0.042382885 68
1.3207607 6.7899165 -0.052664693 92
1.2242104 6.8072882 -0.04704937 95
2.033498 6.8982277 -0.062186521 116
2.1643045 6.8874049 -0.094327584 115
2.2456048 6.9272408 -0.081855714 113
2.8929973 6.9680219 -0.063747123 105
3.3005869 7.0034127 -0.066674769 98
3.4927943 7.0792708 -0.013039638 88
3.9197214 7.1343455 -0.040250931 106
4.4097314 7.1176305 -0.092147931 87
-0.92926675 -5.7491856 0.06018161 150
-0.79751271 -5.7433205 0.055958442 150
-0.46483719 -5.688467 0.018979229 150
-0.23642564 -5.6750588 0.045628045 141.66667
-1.5371152 -3.4652414 0.0094721867 5
-1.5776337 -3.3656585 0.05085621 5.5
-1.5824827 -3.2293558 0.09819898 4
-1.1656591 -3.2034378 0.053048987 18
-1.1668797 -3.1574786 0.053571254 21
-1.6274685 -3.0787687 0.034485959 4
-1.0071152 -3.0743799 0.05658187 43
-0.97736973 -3.0580108 0.049617294 6
-1.2676252 -1.733717 0.055794671 0.66666669
-1.269673 -1.690037 0.019110732 0
-1.3007714 -1.563252 0.081550732 1
-1.2905675 -1.5578411 0.03224292 1
1.1847872 -1.4129474 0.013428169 15
1.2389009 -1.4098871 0.028154206 19.4
1.3276553 -1.4049971 0.067486115 17
1.4302741 -1.4024246 0.086714044 17
1.144992 -1.3600234 0.046859331 14
1.275143 -1.3993478 0.049541987 23
1.3360157 -1.3983721 0.068518333 22.75
1.449603 -1.3823037 0.041717157 79
-1.3158414 -1.2564464 0.048952758 1
1.4942725 -1.2021248 0.0057847789 15
1.5443844 -1.2124623 0.035733055 14.111111
1.6387012 -1.2166858 0.063299976 28.125
-1.3272038 -1.1679062 0.044345103 1
1.7470083 -1.1170516 0.065119579 34.166668
1.8899487 -1.1152074 0.097146891 21
1.9201545 -1.1037918 0.079916775 16
-1.4020466 -1.0279454 0.071070589 5
-1.3903629 -1.0178964 0.040854089 1.6
0.96757507 -1.014248 0.056876529 6.8000002
1.7610071 -1.09279 0.0010017744 34
1.8377396 -1.0928749 0.023141814 14.333333
1.9613566 -1.0874755 0.035577554 7.6666665
2.0688014 -1.0656165 0.06306085 2
2.1496274 -1.0487934 0.064586699 11.666667
2.2521412 -1.0225899 0.038761977 29
2.4669149 -1.0880841 0.06751018 50
2.5421991 -1.0860823 0.085988075 46
-1.4162325 -0.98498619 0.03574758 4.5
0.77690756 -0.9377597 0.050743446 7.3333335
0.83905733 -0.95821154 0.049724817 6.8461537
2.8062153 -0.94313526 0.0013250998 33
-1.4453174 -0.8571443 0.090972997 11
-1.3544662 -0.84541303 0.046447184 18.6
0.55260473 -0.81982547 0.047579676 9.4285717
0.65243489 -0.86868948 0.047210347 9.608696
0.70443535 -0.89398992 0.09012036 10
2.7832117 -0.8515231 0.024289817 34.333332
-1.5129641 -0.79509896 0.075526521 10
-1.4423176 -0.78303832 0.060530875 13
-1.3633761 -0.77696258 0.039936513 11
0.49329036 -0.7933228 0.085270502 8
0.50755244 -0.79544216 0.00029764237 10
2.7524517 -0.73975146 0.049311295 48
2.7293482 -0.65529394 0.066135213 66
2.6963615 -0.53384519 0.085322164 70.5
2.7117972 -0.55771005 0.038709227 65.5
2.6890965 -0.4536154 0.066734619 53.666668
2.7402112 -0.45209852 0.0096838335 41.5
2.8725767 -0.40008572 0.017284635 21
5.8419499 -0.47274086 0.045856867 87
-1.4077915 -0.33660638 0.0061169276 21
-1.399888 -0.33410177 0.0062134443 17
2.9864821 -0.37907329 0.020247266 21
3.1131136 -0.35605925 0.022987857 21
3.2439864 -0.32904458 0.025655556 20
5.8383622 -0.38473973 0.043831397 91
-1.6939828 -0.20436078 0.040971071 9
-1.5348301 -0.20624614 0.033635866 5
-1.429184 -0.24644446 0.016069464 16.222221
3.379076 -0.2980288 0.026836555 15
5.8187656 -0.25173825 0.036800295 92.5
-2.1423433 -0.12969427 0.065163352 17
-1.7619047 -0.14542294 0.049543526 29
-1.6354377 -0.14889894 0.038587965 4
-1.5613691 -0.14542109 0.030549463 2
-1.470148 -0.1718573 0.022746287 8.5
-0.30050981 -0.11423881 0.0045358231 0
-0.26236573 -0.15932266 0.0034835769 4.1666665
5.9052186 -0.12272323 0.027909987 35
-2.1270652 -0.095771141 0.056922164 20
-2.070225 -0.091653898 0.064800285 150
-1.8932374 -0.035838999 0.057613712 9
-1.6539775 -0.099488541 0.039933003 4
-0.3117938 -0.0028397131 0.092344508 1.0933334
-0.26038718 -0.0017625818 0.019373162 0.22732626
0.59142745 -0.0017464075 0.0035809863 0.23068669
0.60176891 -0.00031183814 0.0042194109 0.47076923
6.1518836 -0.037689548 0.020086043 108
-1.9154252 0.03940909 0.061453 30
-1.89582 0.057651132 0.061659459 47.5
6.1495895 0.053310003 0.0095430305 109
-1.9075516 0.1538931 0.062427055 49.833332
-0.25753847 0.1163699 0.00024562242 0
-1.9179577 0.2537289 0.059800133 40.166668
-2.1516664 0.3657566 0.063167229 111.5
-2.2033942 0.45423704 0.057837419 84
-2.1994922 0.41027167 0.055267096 88
-1.3515874 0.48345229 0.0061858227 6.3333335
-2.2099168 0.52657139 0.053495187 84
-2.1985772 0.56431192 0.035625838 59
-1.9926701 0.53240919 0.036559097 1.5
-1.652042 0.54959869 0.019640706 6
-2.2289519 0.67796844 0.026511969 88
-2.1933796 0.62925518 0.046537727 47
-1.128363 0.63733137 0.087179303 8
-1.0859189 0.63852942 0.071923204 9.75
-2.2334585 0.73530853 0.02078747 81
-1.10026 0.70003021 0.05072657 5
-0.14442754 1.2143806 0.044261228 7
3.7810173 1.2679701 0.016202301 18
3.9745672 1.2829782 0.043210249 9
6.0164175 1.2199728 0.084708072 110
-0.15801394 1.3322049 0.05329901 6.5
6.0097656 1.3465438 0.050086182 104.5
-1.6377537 1.4624966 0.039056081 58.857143
-0.18036893 1.4475858 0.066583261 33
5.993865 1.4711185 0.012078508 100
-1.7398465 1.5520303 0.093023166 150
-1.4560531 1.535925 0.017158305 48
-0.19337064 1.5745028 0.011415503 36
-1.5028586 1.6162468 0.036434658 30
-0.20052543 1.6307169 0.096539006 29
-1.611372 1.7291603 0.076606102 150
-0.20251383 1.7661611 0.076243937 41.5
-0.19847053 1.7466748 0.012847512 47
3.3884499 1.7449567 0.097966366 49
-0.22072998 1.8374871 0.037197761 21
3.3902178 1.8355551 0.05820781 36.5
-1.7488921 1.9459922 0.0698689 136
3.3726044 1.9535661 0.057700433 24
-0.25941542 2.1684651 0.073056951 28
-0.2463592 2.2214994 0.047684692 72.5
3.3766325 2.2703872 0.04165161 24
3.365797 2.3404691 0.053809773 45
-2.0880516 3.0915632 0.045617096 85
-0.36286134 3.0794039 0.019348558 21
3.2395012 3.0738308 0.091244794 17
3.2588849 3.134532 0.04559949 38.5
-2.1429846 3.2841792 0.069405906 49
3.227313 3.2590592 0.00069844263 49
-2.028914 3.3750391 0.021768086 44
3.2590566 3.3339791 0.052861653 46
-2.1306639 3.4059799 0.067718416 65
-1.6446283 3.4738195 0.060563553 2
-1.8464248 3.5498762 0.049170539 34
-1.7564918 3.6169839 0.021163631 83
3.1814442 3.6184258 0.064267121 40
3.1703503 3.722192 0.001828774 40
-0.47496009 4.0715604 0.081504278 20
3.1543744 4.3202777 0.027971134 31
-1.7387033 6.2750778 0.040328942 47
-1.8134052 6.3290658 0.077718943 54
1.2133715 6.3051395 0.086828053 150
1.6753554 6.3896756 0.043509543 18
0.5148111 6.4799461 0.090086952 41
0.7326178 6.450345 0.093557015 37
-1.9276961 6.5303907 0.097167768 29
-1.7952344 6.5563731 0.0074525392 29
-1.3819652 6.5808949 0.068707101 37
-0.66781729 6.545855 0.032910839 33
-0.9021396 6.6257796 0.08066754 150
0.49169347 6.6489768 0.044261392 90
0.59570986 6.6568575 0.086306803 91
1.0302545 6.7507081 0.022527758 90
1.2143087 6.7765551 0.065969653 88
1.3348324 6.8080673 0.0557933 68
2.1044576 6.8893747 0.046613604 118
2.1460268 6.9142442 0.050227072 117
2.3696134 6.9450202 0.02156746 114
2.8098042 6.9548168 0.069537081 106
3.2330594 7.0002155 0.073995747 106
4.0649495 7.1501436 0.064254634 104
4.3091044 7.1003361 0.042905074 91
-1.0196427 -5.7788553 0.19699071 86
-0.91867286 -5.7536783 0.14357574 132.5
-0.47278196 -5.6956167 0.14376441 150
-0.35006541 -5.6839395 0.14431676 150
-0.23999535 -5.6780634 0.15788871 150
-1.3114834 -4.9569545 0.18383826 116
-1.2252957 -4.9848957 0.11844926 38
-1.6071994 -3.4143257 0.15925343 5
-1.600334 -3.1154065 0.13809471 4
-1.250742 -3.1194103 0.10975954 37
-1.16664 -3.1599298 0.15458137 40.5
-1.6368032 -3.0630829 0.14692569 4
-1.009365 -3.0593784 0.17104369 40
-0.98028779 -3.061615 0.15123783 19
-1.3183148 -1.7694962 0.17117451 2
-1.2997295 -1.7403682 0.13174972 0
-1.3221035 -1.5811325 0.14765979 0.33333334
1.2847809 -1.4091048 0.1711617 16
1.3364706 -1.4058647 0.13310339 16
1.3661572 -1.3906466 0.13940163 28.333334
1.4243934 -1.38117 0.16477224 32.75
-1.3468647 -1.2920761 0.14732504 1
1.4592274 -1.2238306 0.1552505 14
1.553589 -1.2296267 0.16494773 11.333333
1.6599067 -1.2220464 0.1110613 31.333334
1.7190118 -1.2171394 0.15415254 27.5
-1.3500038 -1.1751602 0.14123254 1
1.4745921 -1.1940314 0.10436748 14
1.7328573 -1.155901 0.1437373 40.57143
1.857962 -1.1389673 0.163551 27
1.9118545 -1.1200483 0.11910798 21
2.5185192 -1.109689 0.18499979 48
-1.8488081 -1.0398874 0.1499425 14.5
-1.6832926 -1.0444608 0.16708665 66.571426
-1.4069674 -1.0296627 0.14993045 2
-1.3764545 -1.0544567 0.15047841 2.5
0.96844399 -1.0089585 0.15069762 7.875
1.0107239 -1.0211712 0.18015821 7
2.2395201 -1.0456831 0.12537909 32
2.4162169 -1.0926839 0.16127302 101
2.6487374 -1.0730799 0.11240327 49
2.786902 -1.046577 0.14781013 46
-1.8392134 -0.94386858 0.14240828 15.5
-1.5685856 -0.90922058 0.11029159 11
-1.444204 -0.98855269 0.13721742 4
0.75454873 -0.92994821 0.14857626 7.4210525
0.86968434 -0.97133619 0.16295595 7.25
0.92220807 -0.98982859 0.13321811 7.5
2.7501485 -0.93308067 0.17003033 26.5
-1.8511217 -0.8564164 0.16422462 20
0.54046851 -0.81325704 0.14458415 9.6999998
0.63362187 -0.85992783 0.14572616 8.7894735
2.7310205 -0.83208346 0.18911129 14.5
-1.8652798 -0.7499553 0.1772235 22
0.46804672 -0.78136075 0.16046558 8.2857141
0.5060038 -0.79701895 0.18454413 10
-1.8740906 -0.69549394 0.19472037 22
2.7644057 -0.42036265 0.1056864 28
2.8607101 -0.40134203 0.11402523 24
2.9520524 -0.37732208 0.12175009 13
3.0964806 -0.35828662 0.13211723 12
3.2239149 -0.33325547 0.14136562 13
3.3428388 -0.30222496 0.14935382 15
0.59055763 -0.0034910452 0.1078945 0.001934236
0.61037558 -0.00073378644 0.11341505 0.014681892
-1.3225794 0.46076339 0.17471109 9
-1.2856728 0.48946348 0.15768766 11.333333
-1.3043792 0.59132165 0.14877972 4.5
-1.2847848 0.53781986 0.15355986 10
-1.1236603 0.60852921 0.11398823 7.5
-1.0986151 0.63206714 0.10199843 8
6.0592084 0.79879177 0.18361503 133
6.0525117 0.88382649 0.16623066 129
5.9446974 0.95081818 0.14402018 101
5.9853787 1.0428716 0.12656793 102
6.0260134 1.1359308 0.10629018 112
-1.7150508 1.2977797 0.12285689 2
-0.15336955 1.2501643 0.13602152 6.5
-0.16100149 1.3512636 0.15407148 8
-0.18851748 1.4809464 0.18689497 34
3.4069104 1.5507617 0.18133494 52.5
-2.1395729 1.6034949 0.17536132 9
-1.8711988 1.6613792 0.16273393 58.666668
-1.7696984 1.6257089 0.10534579 150
-0.20953903 1.6697166 0.17604119 36
3.3993573 1.663372 0.13471159 56
-1.849347 1.7164177 0.15098928 61
-0.20564824 1.7886472 0.14072424 35
5.954567 1.7430661 0.18668443 102
-1.7104554 1.8679446 0.13889566 155.5
-1.656441 1.8149228 0.11480118 81
-0.21734445 1.8447676 0.16133249 32
3.3785274 1.8659788 0.16867395 39
3.4103827 1.8648301 0.17236686 8
5.9452929 1.837073 0.1486163 96
3.3736863 1.927979 0.13481125 31
5.9318352 1.9300756 0.10783981 97
-0.26429808 2.1781228 0.18866313 32
3.3521609 2.1096013 0.17004915 2
-1.9733149 2.2000682 0.17738409 139
-0.25285682 2.2397614 0.1550774 62
3.3601317 2.3520446 0.1622397 35.5
3.4518857 2.5498486 0.14780785 41.5
3.5025578 2.5958705 0.14799066 36
-0.31578013 2.6444337 0.12571815 17
3.2473314 2.9867225 0.13473627 8
-2.1941102 3.0708616 0.18764232 150
-2.1455793 3.1600702 0.15492195 57.333332
3.2807918 3.1519656 0.10792281 43
-2.153877 3.2889504 0.14676252 38
3.2803087 3.2028081 0.17294388 42
-2.1708336 3.3199329 0.11173452 34
-2.02196 3.459137 0.16611372 73
3.1999149 3.4178586 0.17999461 37
3.2469397 3.418757 0.14619629 45
-1.9589585 3.5122294 0.12011901 29
3.1917615 3.5186458 0.12316858 40
-1.8634132 3.8732677 0.11072811 38
3.1478527 4.3911076 0.1155525 16
-2.0240831 4.4383345 0.15801868 44
-1.6830223 5.1383915 0.14652579 2
0.70661569 6.3022518 0.1124184 45
0.690332 6.4357119 0.10022027 39
-1.8127151 6.5476298 0.19411084 38
-1.520465 6.5947752 0.15848118 29
-0.68253821 6.5858521 0.19021513 66
1.2898828 6.5174704 0.16897513 37
0.42868316 6.6776824 0.17807055 85
0.95782578 6.6626573 0.15421525 77
0.61843657 6.7047663 0.19909436 75
1.4475577 6.8178496 0.1579199 95
1.6787422 6.8385811 0.17124195 99
2.0427308 6.8813438 0.18447565 126
2.2614663 6.93326 0.16682728 114
2.4929011 6.9668007 0.12430664 106
3.6238589 7.095459 0.10461016 91
4.2201877 7.137495 0.17398332 97
-1.12362 -5.7346306 0.26617372 103
-0.9452855 -5.7548456 0.24850342 107.5
-0.563236 -5.7041078 0.28789052 150
-0.47228399 -5.6976886 0.25193155 150
-0.2476583 -5.679213 0.28521705 150
-1.6892757 -4.2282529 0.20021071 20
-1.5545334 -3.6082623 0.21461469 2
-1.6304766 -3.4656484 0.27450722 5
-1.5786344 -3.471226 0.25014341 5
-1.6044217 -3.3501923 0.2832064 5
-1.6739606 -3.1017981 0.29777151 4
-1.1705364 -3.1254261 0.25491115 37
-1.6623338 -3.0950332 0.23151295 5
-1.1447182 -3.0879338 0.28624573 33
-1.0284401 -3.0605996 0.2487427 34
-1.6422241 -2.9195261 0.21222991 4
-1.658161 -2.8215694 0.24599652 4
-1.6804758 -2.7386134 0.27922231 4
-1.3249223 -1.777613 0.21172602 0
-1.3575816 -1.6066165 0.25037122 1
1.2518934 -1.4102446 0.2304846 15
1.3289053 -1.4076374 0.25211123 16
-1.3756716 -1.3165553 0.2517823 1
1.2144896 -1.3963838 0.28846723 15
1.4814748 -1.3522397 0.23446369 33.42857
1.5783308 -1.3616573 0.2779516 79.25
1.7452979 -1.3349906 0.2629379 78.5
1.8406005 -1.3392301 0.26508611 75.5
1.9641229 -1.3258719 0.27741012 70.333336
1.1214331 -1.212429 0.29176354 4
1.450953 -1.2623 0.20905846 50
1.5143933 -1.2686143 0.23567726 77.5
1.7044432 -1.2523894 0.21589601 51
1.8844874 -1.2008762 0.22694573 60
1.9176226 -1.2836096 0.24762332 90
2.0917559 -1.2784165 0.28580159 21
-1.3780013 -1.1689183 0.240393 1
1.0778096 -1.1404523 0.22440508 10
1.1143584 -1.1654603 0.25134534 12
1.730382 -1.186147 0.2118464 37
1.8499409 -1.1490691 0.22001213 17
2.5945451 -1.1077052 0.20709816 44
2.6691549 -1.1017221 0.22922924 46
-1.7074668 -1.0262268 0.27438051 55.5
-1.6870335 -1.0443313 0.24218787 69.5
-1.4447289 -1.0389 0.25666887 2.125
-1.3858199 -1.0799094 0.22689478 2
2.7481203 -1.0722554 0.25912476 66.5
-1.5013545 -0.99825805 0.29438338 2
-1.4758004 -0.99417043 0.23035318 3
0.69614553 -0.91178989 0.24850807 7
0.73622543 -0.921848 0.24673411 7.1999998
0.85502642 -0.96520525 0.24650988 8
0.90926188 -0.98542976 0.25840437 8.1999998
2.7321696 -0.97131783 0.28225842 16.5
-1.8577956 -0.82348084 0.20219231 21
0.56307763 -0.82526666 0.24939273 8.75
0.67294979 -0.8856374 0.2569589 8
2.7082932 -0.89286089 0.29556721 11
-1.8638935 -0.75017911 0.21889235 21
0.39654347 -0.75083977 0.2987656 8
0.4576602 -0.77324492 0.25117975 9.375
2.6942019 -0.70708722 0.20779684 64
2.7103584 -0.75608569 0.20114623 8
-2.079226 -0.60771394 0.27508557 45.5
-1.8796889 -0.64334583 0.22885327 22.4
2.6695704 -0.63358939 0.21530461 72.5
-2.0902152 -0.55707461 0.28220415 89.666664
-1.8936063 -0.58257675 0.24094634 15
2.6516829 -0.54459149 0.22446233 68
-2.1049984 -0.45179224 0.29644033 91
-2.0997562 -0.49177414 0.28800711 91
2.6355197 -0.4580934 0.23111436 62.5
2.7316127 -0.41609061 0.24675296 39
5.835196 -0.44801891 0.28367734 93.5
2.8358207 -0.39308715 0.26118731 22
2.9733202 -0.37108234 0.27857247 9
3.1171949 -0.34407723 0.29655313 10
5.8167295 -0.31752315 0.28284702 97
5.8131433 -0.23352276 0.28237823 94
5.8102288 -0.14851768 0.27977899 88
6.1534081 -0.068408936 0.29333553 108
6.1440701 0.018600794 0.287312 108
6.1300397 0.15161833 0.27686852 116.5
6.1173759 0.28364238 0.26357183 114
6.099483 0.37065729 0.25344822 127
6.0928798 0.45668003 0.241721 129
-1.2238469 0.54046488 0.29355651 8.5
-1.1496464 0.56879592 0.27166182 8.5
-1.080673 0.58288831 0.25275853 11
6.0940423 0.54270762 0.22915745 126
-1.0569847 0.64457762 0.230976 10.428572
6.0675721 0.62673068 0.2135134 126
6.0736709 0.71476197 0.20016541 118
-2.2491086 1.1842197 0.24154672 3
-2.2837901 1.2596965 0.26241195 96
-0.15312579 1.2499114 0.23962164 7
3.4584591 1.2675098 0.29505756 54
-0.16491167 1.3690799 0.25515988 8
3.4328244 1.3390689 0.26559925 50.5
3.4158177 1.4421608 0.22441031 57
5.9833527 1.4570588 0.29366103 111
5.9763708 1.5540612 0.25913486 104
-1.9120313 1.6611505 0.20981483 68
-1.8382589 1.6888368 0.21810204 77
3.3967476 1.6509781 0.27939144 51.5
5.9658408 1.6480635 0.22396398 106
-2.0115845 1.7559882 0.25758451 21
-0.21514714 1.7119449 0.23863079 28
3.3888538 1.7429785 0.23285173 46
3.4139171 1.7439972 0.2749767 7
-1.9577711 1.8121634 0.27020779 17.5
-0.21151769 1.831122 0.25365722 47.5
3.3798206 1.8019786 0.20189121 53
3.4029434 1.8899022 0.23441066 11
-0.24363822 1.9497079 0.23284085 29
3.3871844 1.9456192 0.26147738 28
3.3634515 2.047775 0.20621404 26
-0.25871485 2.267014 0.26656228 62
-2.1166303 2.3740025 0.26859045 70.5
-2.1416249 2.46506 0.27609006 56.666668
3.4458177 2.4828863 0.24129318 37
3.3960094 2.5915871 0.24147639 39
-2.147404 2.6308033 0.27393645 31
-0.3163389 2.6264579 0.26471761 26
3.3583262 2.6024466 0.28900754 40
3.5399084 2.60479 0.29996049 34
-2.1537151 2.7548249 0.24692185 30
-2.069665 2.7478662 0.20697165 49
-2.1557059 3.2767277 0.22387053 39
3.2491515 3.2394519 0.26482373 37
3.2094457 3.32005 0.23524091 39
-2.1873584 3.426935 0.26062822 5
-0.40806955 3.4623828 0.21117701 14
3.2374494 3.4766014 0.21144199 42
3.2320056 3.5354459 0.27747813 45
-2.1892591 3.6019962 0.22235157 32
-1.883396 3.9035282 0.20426576 20
-2.0404651 4.4540348 0.26302603 43
-1.5537156 5.1844139 0.20517541 4
-1.9631377 5.3164268 0.29637519 3
-0.6983214 6.0598731 0.20525037 12
1.173883 6.472333 0.21711412 37
-1.6561825 6.5806537 0.24876808 29
0.79196894 6.5005746 0.20525676 41
-0.91230243 6.6263771 0.24040148 150
0.65411335 6.6927075 0.24883582 93
0.52955461 6.701848 0.21875755 97
0.87068158 6.7398968 0.24426758 91
1.431443 6.8403807 0.2889556 126
1.5666829 6.8606262 0.26357052 124
2.3775706 6.9522748 0.28129318 114
2.6183486 6.9805765 0.22910987 108
2.7337358 6.9576163 0.20175658 112
3.1651113 6.9930167 0.21556766 106
3.7634346 7.1226158 0.22271544 100
4.666965 7.1386318 0.25933272 77
4.3795233 7.2007394 0.27858925 105
-0.94366801 -5.7476196 0.35695207 75.5
-0.83402306 -5.7565017 0.30015728 22
-0.67078656 -5.719687 0.36095777 132
-0.59522426 -5.70716 0.39795291 19
-1.1843519 -5.4484649 0.31994176 27
-1.2243397 -5.095336 0.36310688 27
-1.6567153 -3.5258806 0.35533774 7
-1.62468 -3.2191629 0.31372243 4
-1.6690969 -3.1113453 0.35397828 4
-1.2825967 -3.1310124 0.38043904 39
-1.1804361 -3.11392 0.35485291 61
-0.97963673 -3.1425943 0.30237383 40
-0.7968961 -3.1385012 0.33474484 28
-1.4679013 -3.0238531 0.38656589 25
-1.2074327 -3.0929706 0.33096173 39
-1.0370525 -3.0917759 0.34848514 58
-1.6633081 -2.9891109 0.36867407 4
-1.6788985 -2.8800886 0.39363301 4
-1.6906084 -2.6396501 0.30907711 4
-1.7367302 -2.5273874 0.34296986 4.3333335
-1.3932678 -1.6202381 0.37327728 0
-1.3639039 -1.5938377 0.31703255 0
1.274282 -1.4141737 0.35746384 16
-1.4190786 -1.3444903 0.39642975 1
-1.3985224 -1.329834 0.34559005 1
1.2684208 -1.3957486 0.3414008 19
1.3154466 -1.3900212 0.38122627 18
1.4494023 -1.3763846 0.34493482 79
1.5458553 -1.367777 0.34537292 69.800003
1.6596259 -1.3458339 0.35076711 42.5
1.750523 -1.3489904 0.3438876 73.199997
1.8660103 -1.3373082 0.35463125 68.599998
1.9201645 -1.329084 0.33320194 70.5
2.1655726 -1.2780651 0.32272437 41
2.2542222 -1.268042 0.3572135 75.333336
2.3281791 -1.260854 0.39492995 77.5
-1.4161654 -1.1840169 0.35541025 1
-1.3997687 -1.1846761 0.30429924 1
1.0683601 -1.1560581 0.34462565 10
-1.8072056 -1.0573364 0.3884919 57
-1.7302271 -1.0366368 0.35257432 49.5
-1.6784567 -1.0514342 0.34029326 70
-1.5002862 -1.0199823 0.30982208 2
-1.4586779 -1.0477405 0.34359878 2
0.98211801 -1.0162481 0.36555973 8.25
1.0079714 -1.0248554 0.37300873 7.5
-1.5168144 -0.98648417 0.35830441 1.6
-1.4867804 -0.97927725 0.31171364 2
0.78600752 -0.94019246 0.35816163 6.25
0.8347249 -0.95729381 0.35010806 7.0714288
0.94395941 -0.99443817 0.31734666 8.666667
0.52264696 -0.80696005 0.34199634 7.875
0.6485461 -0.87370205 0.34233117 7.4000001
2.6907144 -0.8408888 0.30375898 22
0.37017578 -0.74319744 0.35242814 8.1999998
0.43896458 -0.76827598 0.35512334 9.3846149
2.6692152 -0.74726868 0.31895182 60.333332
2.6397867 -0.63348323 0.33302683 71.5
-2.0927894 -0.52970761 0.30356145 93
2.6176071 -0.54701662 0.34243879 71.5
-2.1076167 -0.42676267 0.3133986 91
-2.0996916 -0.49172118 0.30948839 91
2.5943379 -0.4440482 0.35084817 56
2.6418626 -0.45354527 0.35924155 50.5
2.7774084 -0.40105435 0.39039084 27
-2.1202004 -0.3445943 0.32413 92
3.2518408 -0.31207237 0.31257451 18
-2.1320882 -0.24725306 0.33472425 92
-2.1411264 -0.14825474 0.34578139 89.800003
-2.1513715 -0.05813469 0.3532854 88.5
-2.1534374 0.042106334 0.35714814 82.166664
-2.1703796 0.1458403 0.36222661 80.5
-2.1828017 0.24089447 0.36175242 87.599998
-2.201056 0.37452054 0.37354651 85
-2.1902299 0.33243492 0.35828972 72
-2.210876 0.46065912 0.35696331 84.400002
-1.3091435 0.45695439 0.3538394 9
-1.2609998 0.47823977 0.33402336 9
-2.2219296 0.56605941 0.35372007 85
-1.2224945 0.51305538 0.32262984 9
-1.139977 0.56187308 0.35441071 10
-2.2035828 0.68007344 0.35535908 11
-2.1912024 0.63910657 0.33413902 38.666668
-1.0813584 0.65391302 0.37913418 8
-2.2337852 0.73408306 0.33877552 87
-1.1214666 0.7585749 0.38803571 14
-1.0992988 0.72328049 0.37974057 8
-1.1983303 0.82617903 0.39846575 10
6.0090613 1.1690525 0.38654777 118
-2.3047285 1.2121352 0.3050819 16
-0.15632525 1.2718425 0.33707044 6.3333335
3.5671623 1.2574915 0.32508051 18
3.7473879 1.2734928 0.36177942 14
6.0014596 1.2650545 0.35698289 113
-0.16826509 1.3862196 0.36131588 7.6666665
6.0009022 1.3640569 0.32588002 111
3.4077725 1.4674778 0.36300677 56
3.3982162 1.556978 0.3225072 54
-2.040575 1.7758758 0.30228588 15
-1.9548448 1.7985785 0.31158847 19.5
3.3845794 1.7524574 0.35630691 52
3.4121227 1.7853509 0.32726073 13
-0.21717975 1.8546009 0.347029 42.5
3.3723786 1.846224 0.30867347 44
3.4063411 1.8236983 0.38098168 21
3.3996568 1.9466708 0.31475022 25
3.4007001 1.9765565 0.35507745 28
-2.310586 2.0405426 0.38179341 150
-0.25110784 2.0129428 0.30872381 25
3.3919792 2.0221932 0.36803278 32.333332
-0.26322949 2.2868249 0.35154432 55
-0.29121706 2.3406961 0.31080624 22
-2.1530707 2.4202225 0.34431982 38
3.298491 2.4300909 0.38987142 2
-2.0913644 2.5847533 0.38894755 10
-2.0812559 2.6897995 0.36298749 23
3.3223925 2.6347456 0.36115056 40.5
3.4951982 2.6026192 0.35082155 34
-2.11413 2.8658226 0.34317192 124
-2.0512507 2.9767807 0.33179805 10
3.2347715 3.1414335 0.33942816 11
3.2577198 3.2774801 0.30753246 43
-0.39478564 3.3129702 0.38082963 12
3.2555425 3.3263099 0.37617609 44
3.2252903 3.5972838 0.34623885 45
-2.5679169 3.7316101 0.39083174 44
-2.5502057 3.8558223 0.3107031 43
-2.5972712 3.9576569 0.35665196 46
-2.5815907 4.0101233 0.34781799 62
3.0977361 4.2497611 0.36243406 40
3.0818889 4.3859072 0.30577803 40
-2.3582084 5.0671439 0.36150202 0
-0.58461779 5.0632844 0.37787488 14
-2.0683587 5.2745543 0.36662641 0
1.6051226 6.3814211 0.34361818 15
0.89289528 6.4804406 0.30803889 40
-1.8554924 6.539875 0.37319958 38.5
-1.7910696 6.5615339 0.33849075 29
-0.69366348 6.586844 0.35186279 81
-0.86953992 6.6011 0.31375331 69
0.36570531 6.6693964 0.31429261 89
0.46382436 6.6778388 0.35029796 84
0.59338719 6.70117 0.38714188 87
0.7271238 6.7445917 0.30687892 88
0.96239555 6.7929382 0.30977085 134
1.1446723 6.7915425 0.36075348 118
1.6058565 6.8374681 0.30384478 121
1.9837251 6.8813105 0.32360178 122
2.4965582 6.9732895 0.39853194 114
2.6559172 6.9554133 0.33535883 112
2.7473645 6.9953494 0.33598027 108
3.1011462 6.9898195 0.35568738 103
4.1283822 7.0947599 0.31162548 92
3.9009328 7.1368155 0.34377477 100
4.5390034 7.2185268 0.38994402 98
-1.0472736 -5.7655578 0.45610809 75
-0.74078739 -5.727715 0.45483875 50
-0.25469449 -5.6683607 0.411107 67.5
-1.2923683 -4.9491782 0.41370788 109
-0.92613024 -3.2218595 0.49536425 1
-1.70772 -3.1137044 0.46551114 4.5
-1.2454963 -3.175997 0.4720076 51
-1.1790788 -3.1177807 0.43917957 73
-1.0351834 -3.1282387 0.44301602 80.333336
-0.97671205 -3.1385453 0.46693662 67
-0.79399949 -3.174273 0.44105154 19.5
-1.699486 -2.7880661 0.4183706 4
-1.7070658 -2.6770496 0.43910846 4
-1.7508513 -2.5345433 0.46605834 4.5
-1.4100128 -1.6106589 0.45948279 1
-1.3988227 -1.5946034 0.45653605 1
1.2377062 -1.4163579 0.43268627 16
-1.4289193 -1.3456342 0.44524688 1
1.1851746 -1.3464555 0.46024773 15
1.3725988 -1.3810114 0.43481401 40.166668
1.4464343 -1.373565 0.46225715 64.875
1.6638845 -1.3567896 0.45985204 72.599998
1.7468773 -1.3486367 0.44989252 75
1.8400857 -1.3316979 0.45303708 60.375
-1.4298744 -1.2190553 0.46998438 1
2.3552322 -1.2525115 0.42379248 75
2.4472716 -1.2391027 0.45113429 73.25
2.5551212 -1.2240214 0.47974506 69
-1.4478306 -1.1577228 0.46930981 1.2222222
1.0843323 -1.16301 0.46260637 11.5
1.1118333 -1.180326 0.45347708 11.5
-2.0432923 -1.0330801 0.48911369 95.5
-1.9708308 -1.0773151 0.46755779 60.5
-1.8552989 -1.057896 0.44842541 46.666668
-1.7577562 -1.039379 0.43683344 41.857143
-1.6985227 -1.0303087 0.40039447 56
-1.5082161 -1.0521744 0.49029183 1
-1.4876471 -1.0503432 0.43522787 1
0.95990133 -1.0121605 0.45877618 7.1999998
-1.5547315 -0.98098505 0.45765319 1
0.76688474 -0.93524039 0.45389411 6.7142859
0.84256005 -0.95982331 0.41128129 7.5
0.92767304 -0.98646069 0.44380125 8
0.49296692 -0.80153167 0.42551109 7
0.5673098 -0.83962047 0.44405204 6.8000002
0.61950409 -0.87626743 0.43924794 6.3333335
0.35847014 -0.74476689 0.45275238 8.2857141
0.45988831 -0.78610808 0.45066193 8.4444447
2.8930624 -0.37905657 0.41471943 25
3.0200505 -0.35405621 0.44028446 9
3.159091 -0.32605457 0.46778122 23
3.283942 -0.29205361 0.49269608 5
-1.2385619 0.47215939 0.4668175 12.5
-1.1883283 0.49051684 0.46901423 14.5
-1.7208009 0.56172723 0.4736805 3
-1.1403961 0.54204065 0.44927418 16.375
-1.0851601 0.66171718 0.45619819 5.6153846
-1.1034675 0.74702257 0.43477693 4.3333335
-1.086049 0.72637826 0.44230318 5.25
6.0512018 0.78004628 0.48833519 136
6.0380435 0.87804765 0.46452576 136
5.9717488 0.96504676 0.4352845 110
6.0151997 1.0710506 0.41330931 113
-1.6847156 1.2377763 0.43867424 2
-0.16009499 1.2831178 0.4377853 6
3.4465082 1.2689779 0.45391849 50
3.5859005 1.2669781 0.49816155 19
-1.6936346 1.3027852 0.43271792 6
3.4192901 1.3494778 0.41443449 59
3.9758227 1.3014996 0.40620705 9
-0.17109524 1.4045497 0.45396632 7
3.4053025 1.4660937 0.48399398 57
3.3972433 1.5928229 0.42973918 60
3.4027019 1.5299603 0.45754209 68
3.3946145 1.6576819 0.40186727 53
-0.22310293 1.8760786 0.44338915 43
3.3975546 1.8983849 0.49192479 31
3.4059641 1.8640448 0.43613386 28.5
-2.3800473 2.0888257 0.46469733 74
3.3853452 2.0501373 0.44378725 33
-2.3502643 2.1655977 0.4580591 35.333332
3.3753581 2.118248 0.47276372 36
-2.3686056 2.2300987 0.44517583 74
3.3199911 2.2514071 0.46578729 35.5
-0.26810089 2.3166265 0.44053271 59.5
3.3138936 2.3640184 0.42127371 13
-2.1824543 2.4417543 0.43324268 43.666668
-0.30218342 2.4229405 0.40469462 20
-2.1122959 2.5007038 0.41499278 4
3.4234257 2.5918608 0.42654717 35
3.2963591 2.6760435 0.43574283 18
3.2990665 2.7229106 0.48902354 40
-0.36268955 2.9596777 0.43386015 15
3.2462451 3.3631315 0.44588044 42
3.206239 3.6401174 0.41559628 41
3.2036884 3.7069464 0.48962611 40
-2.5547116 3.8219681 0.49296516 64
-2.580842 3.9848557 0.44118059 54
3.1215031 3.9844906 0.46669871 44
3.1099911 4.1156235 0.41561702 42
-2.332844 4.9734468 0.4762789 0
-2.1704552 5.2255883 0.43700242 16
1.578091 6.4012203 0.48239538 16
1.7178068 6.4162073 0.44440302 16
-1.9251269 6.539413 0.42765114 28
-1.1407458 6.6165266 0.49631941 29
-1.0050076 6.6163111 0.40432769 39
-0.9235459 6.6189713 0.40102327 59
0.34974736 6.6719666 0.46640036 87.5
1.883678 6.6652775 0.45135123 32
0.82901955 6.7510138 0.41671002 92.5
1.0794592 6.7947392 0.45598692 106
1.0160234 6.8032761 0.43434063 134
1.53699 6.8433237 0.41873041 121
2.5789459 6.9472141 0.46714073 114
3.0357897 6.9796228 0.49404833 110
2.8785107 7.0141206 0.44353488 110
4.0339317 7.0764732 0.4429473 95
4.0476952 7.1630177 0.4681631 107
4.5909472 7.135314 0.40376493 76
-1.182631 -7.7533703 0.55894411 36.5
-1.1505855 -5.7405839 0.5318538 100
-0.88919598 -5.748836 0.50932819 4
-0.26177287 -5.6635079 0.53749049 49.5
-1.7032981 -4.1441951 0.56235123 12
-1.6958033 -3.6053567 0.52432638 10
-0.9262864 -3.2121696 0.57434058 6
-1.7237843 -3.1088524 0.56646746 5
-1.2133188 -3.1283689 0.56084979 36.5
-1.0411441 -3.1379175 0.53680015 82.5
-0.98151869 -3.1836481 0.5328114 70
-0.85723513 -3.1781666 0.52292967 40
-1.1427109 -3.0695851 0.59102583 90
-1.0838771 -3.0775712 0.54770565 94
-1.7926408 -2.5508413 0.55245066 5
-1.4408937 -1.6180789 0.55254251 1
-1.4603769 -1.3595763 0.53394395 1
1.2434553 -1.3926377 0.58354568 18.5
1.3550191 -1.3866929 0.55193746 80.5
1.456671 -1.3738706 0.53571337 58.200001
1.5582672 -1.3585533 0.56020075 51.333332
1.6371905 -1.359998 0.5394491 71.599998
1.7673107 -1.3433794 0.55143696 71.166664
1.8053255 -1.334718 0.50193703 82
1.9243758 -1.3106699 0.52245033 38
1.9745733 -1.2938937 0.5576508 61
2.0393045 -1.28793 0.59235501 82
2.5461593 -1.2246369 0.51272672 77
2.6515088 -1.2137829 0.54640859 76.333336
2.7269676 -1.2098627 0.54755682 86
-1.4789698 -1.1669722 0.55365598 1
1.0454082 -1.1244642 0.54190254 10.333333
2.6845665 -1.1377881 0.56826133 66.5
-2.0374599 -1.0561489 0.51355755 99.5
-1.8511758 -1.0438386 0.54666263 21
-1.7724135 -1.0374719 0.54848623 19
-1.6505139 -1.0131592 0.57106107 1.5
-1.5287378 -1.0398324 0.54394192 0.875
-1.4778084 -1.0835056 0.51269281 1
0.97509974 -1.017226 0.54148966 5.5999999
1.0194453 -1.0435809 0.53197688 9
2.6562672 -1.0417767 0.57661414 63.25
-2.0515656 -0.95139349 0.52196676 94
-1.583552 -0.98887241 0.54882067 1
0.73582727 -0.91867858 0.54115266 7
0.88245225 -0.96117711 0.59790671 5
0.91447425 -0.99228489 0.53883761 7
2.6313469 -0.93770236 0.56233037 64
-2.0646272 -0.85035533 0.54507887 89.599998
0.56097853 -0.85193616 0.55332309 6.4000001
0.69357282 -0.89979911 0.58764273 7
2.6142383 -0.85115504 0.56897157 67.5
-2.0759673 -0.74889618 0.56235611 89.75
0.29403937 -0.70985132 0.51176393 5.5
0.34586006 -0.74190974 0.5570429 5.7272725
0.43292773 -0.78581393 0.54633802 7.5
2.5907979 -0.74059808 0.57423377 56.5
-2.086215 -0.66041899 0.57811832 89.75
2.5683756 -0.63505101 0.57773292 45.5
-2.1028373 -0.5502466 0.59738225 99
-2.0964606 -0.58083767 0.59255201 91
2.5454915 -0.53352994 0.57805151 64.5
2.5552773 -0.44300583 0.58552754 51
5.797924 -0.21697454 0.59811872 100
5.8197699 -0.11997318 0.59420282 57
6.1118679 0.18104038 0.59686118 117
6.1009922 0.28204107 0.58220512 116
-1.2043977 0.38399655 0.59613746 4.5
-1.1977923 0.33808979 0.59096843 1
6.0922241 0.38304192 0.56680477 121
-1.3823036 0.41422573 0.59911817 66
-1.2499375 0.47334245 0.52986038 11.5
-1.046402 0.4073244 0.59600621 0
6.0862608 0.484043 0.549941 122
-1.8021355 0.55269247 0.50337529 5
-1.7270693 0.55563045 0.52294934 3
-1.1364551 0.54927671 0.56230408 13.5
-1.0396215 0.5183084 0.59829837 8
6.0738969 0.58304393 0.53106791 145
-1.1083032 0.6626367 0.5330174 6.5
-1.0921155 0.68191093 0.50984311 0
6.0643353 0.6820451 0.51073086 120
-1.1163479 0.73203236 0.54351765 9.666667
-0.16317141 1.2910756 0.50744867 6
3.4342659 1.2844543 0.56002945 55
3.5149603 1.2555695 0.59883469 24
3.7983971 1.2879789 0.55739409 15
-1.6765877 1.3056538 0.50552523 0
-0.16371594 1.3050352 0.56513453 5.5
3.4161046 1.3413392 0.53393602 58
-0.1747023 1.4088763 0.54786164 8
3.4092879 1.4022181 0.50900203 57
0.34742042 1.7953959 0.53424031 40
-0.22773683 1.8965607 0.51928228 47
0.34301209 1.8314395 0.54248118 15
-0.23019078 1.9075487 0.57026726 40
3.3775158 1.9356884 0.56069559 39
-2.3857882 2.0499394 0.54497069 43.666668
3.3606098 2.0648556 0.54597992 43.25
3.348901 2.1612828 0.53868383 43.666668
-2.4016509 2.2469726 0.51966798 67
-2.3928378 2.215462 0.56347299 63.666668
-2.4342585 2.3533123 0.59191144 7
-0.27574632 2.3378572 0.56088179 57.5
-2.3244748 2.5948513 0.50383073 150
3.3619184 2.5881116 0.50156939 38
3.3440776 2.604955 0.55399936 39
-2.4520202 2.7549314 0.59036803 63.5
3.2968824 2.7657728 0.54331619 41
3.2929456 2.8066308 0.59899145 39
-0.38094348 3.1049366 0.56156057 16
3.238425 3.4273596 0.55387014 39
-2.5533078 3.7970407 0.58240694 52
3.1372955 3.7282476 0.55909359 40
3.2007146 3.7737737 0.56456172 42
3.1315536 3.8573647 0.51498598 49
-2.5789175 3.9545941 0.53262508 51
-0.52665669 4.443819 0.57274842 14
-2.3532894 4.9917912 0.5989067 0
-2.6221306 6.0786757 0.59540838 21
1.0847661 6.3271799 0.5065217 30
1.7738127 6.3742461 0.56460297 15
1.6791509 6.4041343 0.58940715 16
-2.0661101 6.5302887 0.51907861 28
-1.9048477 6.5582933 0.55559576 5
-1.8387278 6.5467811 0.50904936 40
-0.81920582 6.5711613 0.58007735 104
-0.70660657 6.5818357 0.51134366 86
-1.2740047 6.6027398 0.58665437 3
-0.93579322 6.6255646 0.56159139 48
0.23878543 6.6668091 0.58401382 80
0.53300488 6.6916199 0.52236164 93
0.75476551 6.7215705 0.54992104 75
0.9431296 6.7922382 0.52381516 108
1.1831052 6.8095264 0.52298737 90
1.4635916 6.8232465 0.56626225 117
1.922071 6.9049392 0.58527046 117
2.498837 6.9290152 0.59854656 112
2.616266 6.9893022 0.51646525 109
3.0132253 7.0338888 0.55315655 110
3.952508 7.0831909 0.57708466 99
4.1916533 7.1742225 0.5940516 99
4.5175238 7.1320028 0.54499203 79
-1.2043352 -7.7493181 0.69187248 39
-1.1061981 -5.7549896 0.65785784 63
-0.26849294 -5.6821423 0.66595733 26.5
-1.2317618 -5.0546069 0.60847992 35
-1.3077235 -4.9576259 0.6657865 123
-1.7766843 -3.7996957 0.63305867 37
-1.7298324 -3.5752435 0.64690882 10
-1.7715071 -3.4902728 0.68713135 57
-1.8309966 -3.3154376 0.67049158 69
-0.99341053 -3.2271726 0.62324542 104
-1.2323008 -3.1393268 0.66716528 75
-1.1515551 -3.103991 0.65033543 75
-1.0514201 -3.1293178 0.63970351 82.75
-1.2106616 -3.0846012 0.64049262 66
-1.0798914 -3.0671754 0.68280369 95
-1.8889662 -2.7031507 0.64284343 63
-1.4681773 -1.6147808 0.64536595 0
-1.4694791 -1.5564179 0.69361979 0
-1.4226124 -1.431354 0.66877162 5
-1.5044601 -1.3633606 0.67994958 1
-1.4848614 -1.3596873 0.62296939 1
1.2832607 -1.3857365 0.62485856 29.333334
1.344582 -1.3815259 0.66284585 70.111115
1.4121046 -1.3805592 0.60497022 76
1.5497895 -1.3669316 0.64445573 72
1.6429402 -1.3497962 0.6585772 54.333332
1.7268633 -1.3481551 0.6360876 70.5
2.0796468 -1.279585 0.6225419 85.333336
2.1577706 -1.2726724 0.66783226 79
2.2112308 -1.2576997 0.69485521 76
-1.5110435 -1.1586869 0.63754219 0.5
1.0880373 -1.1399167 0.62177467 43.5
-1.9292831 -1.0506127 0.66357577 2.5
-1.8514644 -1.0454922 0.63267231 5
-1.7449777 -1.0447689 0.6649968 30.6
-1.6963369 -1.042351 0.62706554 6
0.71854025 -0.90889186 0.63796145 7
0.86778188 -0.9733386 0.66939956 7
0.92768335 -0.99758333 0.66388524 7
2.6181729 -0.93334246 0.60637879 67
0.49740624 -0.81739217 0.66675699 6
0.53083402 -0.83383876 0.64527351 6.1666665
0.67252874 -0.88915944 0.64626682 7
0.70270717 -0.89930683 0.68465459 7
2.5956659 -0.82637948 0.61691403 69
0.26703957 -0.71066648 0.68364435 3
0.38582087 -0.75281793 0.6164822 1
0.43571207 -0.78006738 0.64515495 5.3333335
2.5794742 -0.74990118 0.62302536 71
2.5537899 -0.64959669 0.62817782 72.333336
-2.1050065 -0.50745463 0.60365051 91
2.5281971 -0.53195727 0.63254893 72.5
5.8342957 -0.51597422 0.61373365 99
-2.1124451 -0.44196898 0.61326993 91
2.5264997 -0.44548121 0.64093369 51
2.6495445 -0.40603134 0.68643814 25
5.8186574 -0.4149746 0.60976928 95
-2.1227856 -0.35498655 0.62487173 90.5
2.6898584 -0.39943358 0.62778968 26
2.8201416 -0.37236592 0.66810197 21
5.80937 -0.31597462 0.60498577 91
-2.1326835 -0.25606087 0.63395917 89.199997
-2.1456935 -0.14778197 0.64939517 89.599998
-2.1615145 -0.047586195 0.65803766 90.5
6.1363726 -0.022960557 0.62188172 114
-2.1704021 0.051635198 0.66052341 88
6.1227188 0.079039797 0.61010313 117
-2.1790838 0.15489255 0.66892195 89.5
-2.1920567 0.24887267 0.67354518 89.75
-2.2053814 0.34510469 0.67720896 87.5
-2.2108228 0.43207595 0.66929555 87
-1.4000117 0.49021605 0.60872245 9
-1.3864522 0.45022416 0.60195261 12
-1.2283587 0.48642358 0.61298978 5.5
-1.1372347 0.44694442 0.6184752 0
-1.0417583 0.46145061 0.62230426 2.7857144
-2.2179632 0.53201795 0.65083253 91
-1.6975484 0.59183609 0.69142538 5
-1.1207821 0.58429444 0.61433566 6.4000001
-1.0512064 0.53805715 0.61485994 4.3000002
-2.2330973 0.63400984 0.64908719 88
-2.1435273 0.659262 0.67103064 150
-1.1322045 0.65845764 0.62425113 12.5
-1.0445416 0.63792169 0.65601867 8.6000004
-1.1523635 0.74945027 0.64091164 11
-1.0542322 0.74752879 0.66243821 12.6
-1.1487573 0.80595446 0.64092243 1
-1.0789373 0.83656967 0.64918351 9
-0.1702013 1.297945 0.69055229 5
3.7470105 1.2836874 0.66888183 22
3.9832594 1.2899793 0.61357313 4
-0.16669759 1.3094823 0.6391654 6
-0.1783476 1.4101979 0.64409059 7.5
3.3772416 1.6443681 0.68430841 55.5
0.29029739 1.7295154 0.65191412 12
0.30852342 1.7833002 0.65338445 23.5
3.3667679 1.7404429 0.65290552 58
0.3298901 1.8343266 0.65322089 15
3.3655639 1.8445324 0.62133729 45.5
5.9172235 1.8497808 0.69197905 103
-0.23534738 1.931529 0.65213859 43.5
3.3858089 1.9815032 0.6269033 33.5
5.9103551 1.9468443 0.6647523 106
-2.3873253 2.0200298 0.64436918 52.333332
3.375253 2.0118327 0.68609375 33
-2.3946552 2.1612747 0.65154326 61
3.365206 2.1410167 0.65327543 36.666668
-2.4142001 2.2312973 0.60354996 30
-2.3953304 2.2017171 0.6194855 64
3.351928 2.226788 0.64097077 38.5
-0.28055134 2.378135 0.66044056 78
3.3141842 2.4666948 0.6864081 24
3.3153243 2.6267161 0.63335884 38.5
3.4657021 2.6966016 0.6867013 1
-2.4499149 2.7293262 0.65273666 65
3.2854466 2.8434854 0.65519679 38
3.1862588 3.4169226 0.68899566 1
3.2279501 3.4865832 0.66281533 37
3.1763544 3.5260253 0.64914292 13
3.1557705 3.6261349 0.60448587 28
-2.546669 3.7581115 0.66929519 50
3.1901929 3.8305926 0.64146256 41
-2.575995 3.9213328 0.62414956 50
-0.48642087 3.9886475 0.64045465 11
3.0852304 4.2806616 0.66215587 36
3.0670877 4.4105515 0.601408 27
-2.7632132 6.0727205 0.68131572 77
1.7188834 6.364212 0.69018155 14
-2.3403172 6.4780431 0.69908535 17
-2.2001662 6.5011673 0.60823148 26
-1.8548125 6.5483532 0.66725415 5
-0.71864039 6.5758281 0.67190772 102
1.2688985 6.5503664 0.60641831 38
-0.95947319 6.6331258 0.67947799 29
0.32892004 6.6808205 0.61839706 89
0.47137001 6.6990776 0.66025037 78
1.3697194 6.6191435 0.68228632 39
0.68504852 6.72153 0.68290657 60
1.0404787 6.7919655 0.63400376 109
1.2280275 6.7759871 0.65388727 37
2.0426929 6.925704 0.69507909 117
2.9739938 6.9784269 0.63187075 104
2.7359734 7.0013142 0.63439947 110
3.1507902 7.0546551 0.66414964 110
4.4432578 7.1236873 0.68802243 77
-0.72459978 -12.967034 0.76623654 58
-1.2513907 -7.7692919 0.7885865 36
-1.1892284 -7.7978544 0.77077222 53
-1.012326 -7.7781854 0.74684519 55
-1.1342016 -5.7451873 0.78449446 92
-1.0295013 -5.7671828 0.70903254 18
-0.27021712 -5.6821337 0.78522825 30
-1.2251543 -5.1865664 0.73030216 26
-1.7123067 -4.1251373 0.72566688 3
-1.7298043 -3.930083 0.7455017 56
-1.7645988 -3.7759757 0.74231589 55
-1.7703546 -3.6059668 0.78789657 60
-1.7882987 -3.3552892 0.71421522 57
-1.8176136 -3.2562551 0.73803508 66
-1.3261852 -3.2393086 0.77303386 85
-1.8202389 -3.108319 0.76364368 57
-1.3435221 -3.1901329 0.73675478 90.5
-1.2356267 -3.1398346 0.7202661 83.5
-1.045207 -3.1251888 0.75682205 83
-1.2094364 -3.0791807 0.77864665 77
-1.1420424 -3.0651782 0.72835368 80
-1.8339998 -2.992332 0.78626072 61
-1.8967086 -2.7023356 0.70741433 71
-1.8981279 -2.6885068 0.76856887 67
-1.5134708 -1.6413189 0.73352838 3
-1.5632197 -1.4165756 0.74285185 3
-1.4809948 -1.4388049 0.70648408 0.5
-1.5340929 -1.3282249 0.74821794 5
-1.4920069 -1.3902915 0.71692359 2
1.2628998 -1.3893253 0.77216166 63.599998
1.3655643 -1.3809277 0.74153423 44.200001
1.5516347 -1.3671025 0.74361056 70.85714
1.6793989 -1.3516825 0.75319052 70.833336
1.7412428 -1.3302324 0.72430199 54.400002
1.8148566 -1.3112297 0.78250206 75.5
-1.6174773 -1.2037091 0.77345157 0
2.2577684 -1.2563202 0.73021394 77
2.3429809 -1.2416501 0.77831262 72.5
1.0822434 -1.1461362 0.72144115 12
-1.963956 -1.0730985 0.77196074 61
-1.8691401 -1.0650769 0.72295982 56
0.64479703 -0.90711063 0.75579745 0
0.8969276 -0.98532844 0.76542062 6
0.91136742 -0.99120343 0.71311373 6.5
0.65199697 -0.87802422 0.70733863 7
0.24525699 -0.70474195 0.7344237 6.5
0.22793838 -0.6921978 0.77047223 7.5
2.7611978 -0.38207319 0.72642821 12
2.8778312 -0.35311759 0.76847273 0
2.9646254 -0.3423 0.71093446 16
3.1368737 -0.3092193 0.76237226 14
-2.22293 0.47817111 0.70496285 84
-1.2782228 0.49328214 0.79932386 4
-2.2279384 0.5566743 0.70483649 78.5
-2.2390416 0.63917285 0.70640993 84
-1.1090708 0.63762635 0.77302217 9.333333
-1.09401 0.65685737 0.73841292 6
-1.0684496 0.83955812 0.70715719 12
3.953532 1.2928201 0.73672348 8
-0.17140043 1.3113985 0.75570941 5.5
3.3978629 1.3591685 0.76667684 59
3.408792 1.3001304 0.78402573 117
-0.18218832 1.4118408 0.74632621 18
3.3959863 1.4562302 0.74220991 56
5.961803 1.4665368 0.79329503 112
3.3855596 1.5492976 0.71362704 63
5.9578319 1.5635908 0.77026117 111
5.9418073 1.6586436 0.74529791 108
0.28800997 1.767823 0.7324335 21
0.30928275 1.7925524 0.796673 21
5.929307 1.7536998 0.71956998 114
0.33058992 1.8444126 0.75289738 17.5
-2.3788912 1.9576691 0.76413727 8
-0.2415629 1.9730009 0.76905584 41.5
3.3734813 2.0476604 0.74775589 33
-2.3890476 2.1319366 0.74933803 65.5
3.3615928 2.1884229 0.74373686 37
3.3340907 2.2554772 0.757465 41.200001
-0.28429651 2.3929892 0.72540021 67
3.3062742 2.3728175 0.71806049 35
-0.28830853 2.4138367 0.79336119 60
-2.4436815 2.6763227 0.75557709 61.333332
3.3057837 2.6808984 0.7460748 36
-2.4534647 2.7237203 0.71260458 70
3.282474 2.8843369 0.71353114 37
3.2768438 2.9231849 0.77282441 37
3.2233024 3.5273912 0.73911279 39
-2.5531967 3.7421134 0.75829709 53
-2.5779665 3.8930726 0.71424997 51
3.1810582 3.8894086 0.72012085 41
3.1136134 4.0208702 0.77743852 37
3.1033468 4.1567678 0.72147667 41
-2.7886119 5.4847674 0.77596015 19
-2.8395436 5.9137549 0.74876094 21
-2.727097 6.0852599 0.76371819 118
-2.4602473 6.3989301 0.78229076 89
0.9552297 6.5400252 0.74964231 36
-0.94712466 6.6161556 0.7232042 43
0.17234926 6.698535 0.72283405 120
0.26101497 6.6698108 0.75223452 91
0.41050521 6.70052 0.79410779 80
1.1634978 6.8078737 0.74625987 65
1.3412117 6.8338313 0.77143162 112
1.4124758 6.8511081 0.74336374 126
1.8766593 6.9070101 0.75234693 120
2.4263339 6.931819 0.73022354 111
2.9131048 6.9742298 0.77011001 103
2.8607256 7.0183249 0.75718558 110
3.2897136 7.0684013 0.77645475 113
3.8674071 7.0739145 0.70726353 98
4.3484259 7.2044301 0.72389233 94
-0.7337181 -12.977856 0.80067056 61
-1.1587454 -7.7791934 0.85165769 40
-0.28027543 -5.6754441 0.80351913 60
-1.7861786 -3.7807744 0.84711736 56.5
-1.7804179 -3.4419301 0.80276972 61
-1.8403897 -3.2568603 0.84104788 69.5
-1.7957507 -3.2988884 0.81885254 60
-1.290091 -3.2140522 0.89867383 42
-1.8135717 -3.1688414 0.83665591 64
-1.2730948 -3.1328554 0.82396138 52
-1.0475028 -3.1153698 0.82792562 84
-1.8305694 -3.0477965 0.85392338 61
-1.8417736 -2.9257646 0.86726069 56
-1.8530025 -2.8505354 0.84533811 48
-1.8671546 -2.7465246 0.86265016 37
-1.903047 -2.6618526 0.89169407 71
-1.8863305 -2.6750212 0.83867908 51
-1.8865858 -2.5803776 0.8678053 9
-1.622106 -1.746787 0.86224788 64.666664
-1.6507592 -1.4816252 0.85871768 43.666668
-1.6426702 -1.3373129 0.82632911 49
1.2574406 -1.3805982 0.85409319 37.285713
1.3270732 -1.3866314 0.86357528 73
1.4873248 -1.367828 0.82968175 57.5
1.548673 -1.355334 0.86380422 51.57143
1.6495895 -1.3531278 0.84597617 69.333336
1.8639597 -1.3032442 0.81946242 86
-1.6513544 -1.2425691 0.8282814 50.833332
1.9301306 -1.2940495 0.8679598 85.333336
2.451777 -1.2268811 0.8408674 67.25
-1.6695192 -1.1351457 0.85181648 80.25
0.89442456 -1.1637785 0.87900138 1
-2.0468657 -1.0416279 0.81892991 97.75
-1.7245775 -1.0448438 0.8787623 51
-1.6778224 -1.0631375 0.86220741 83
-2.0582654 -0.94038749 0.83601958 95.25
0.88637149 -0.99197406 0.82832944 4.5
-2.0738385 -0.84263355 0.85411245 91.75
-2.0809817 -0.74287868 0.86771107 90.75
0.26454106 -0.71298587 0.89316833 2
-2.0938227 -0.65473646 0.87567806 93.666664
0.21506363 -0.68532467 0.81870478 6.5
-2.1059821 -0.55194414 0.87757123 90.5
-2.1176691 -0.45994878 0.88786006 98.5
-2.1272869 -0.36645472 0.89674735 95.5
-1.4231703 0.48675066 0.87920237 7
-1.3274078 0.48227057 0.8574639 3
-1.2777501 0.48649827 0.83502042 4
-1.252278 0.51186365 0.83445007 9
-1.1553726 0.59041834 0.86239707 5
-1.1403674 0.60703462 0.83491457 8.75
-1.0510743 0.78538781 0.89714414 5
5.9508314 0.97531384 0.8827914 110
6.0051069 1.0843576 0.87580538 113
5.9905891 1.1793975 0.85647428 115
3.458791 1.2580844 0.81281251 28
3.6636343 1.2800103 0.88594836 18
5.9873834 1.2764432 0.83696324 111
-0.17481744 1.3073409 0.83471555 14.5
5.9721241 1.3714879 0.81552321 117
-0.18554194 1.4178023 0.85630906 22
0.28175843 1.7792428 0.85617447 18.5
0.31928533 1.8339732 0.87214053 15
-0.24633244 1.9914792 0.85798663 56
3.3418331 1.9863924 0.88013548 46
-2.3858128 2.0722539 0.8532154 46.666668
3.3492451 2.0688848 0.8295871 41
-2.3902128 2.1022172 0.81341827 64
3.3528001 2.1215959 0.8560496 35
3.3536577 2.2420864 0.85998154 36
3.3456564 2.3603957 0.85040474 38.333332
-0.29285243 2.4426708 0.86731654 47
-2.43732 2.5966346 0.89559132 63
-2.4463053 2.6417463 0.85528278 63.666668
3.2998192 2.7509897 0.89252102 33
3.3031702 2.7251556 0.83329642 30
3.2735059 2.9640286 0.83429968 27
3.2706501 3.0048692 0.89710438 28
-2.5693178 3.5328417 0.89359546 38
3.2082415 3.5786009 0.8519668 31.5
-2.5674753 3.7170055 0.86213809 48.5
3.1353691 3.7710516 0.87938946 40
-2.5741749 3.8351936 0.84694284 50
3.1273479 3.898963 0.82976687 43
-2.6166108 3.9638226 0.8699683 42
3.1724653 3.9482167 0.80234373 32
3.1679745 4.0160198 0.88761061 31
-2.6416717 4.204812 0.854276 35
-0.52721882 4.36693 0.8508231 13
-2.6678538 4.4668007 0.83692259 29
-2.70015 4.7637897 0.81766349 26
-2.7479596 5.1157799 0.8004458 21
-2.785943 6.0106521 0.85041177 41
-2.4948597 6.0908675 0.83431947 81
1.2306056 6.3917842 0.80422968 29
1.6680683 6.3721752 0.81877577 14
-1.6840024 6.5783997 0.86214763 29
-0.73184472 6.5798192 0.83437759 115
0.15053684 6.6750193 0.87171417 83.5
1.3007021 6.607038 0.8089608 38
0.61666089 6.7174902 0.81540734 84
1.4544104 6.8566761 0.88891572 119
1.5275356 6.8668962 0.85459405 116
1.9899102 6.9209166 0.86833304 120
2.1668844 6.946465 0.80695081 122
2.3534102 6.9276214 0.86279732 114
2.9883335 7.0363355 0.88133085 111
3.782789 7.0646367 0.83877206 93
3.4351296 7.1001573 0.89230675 116
4.3724909 7.1173782 0.8282733 80
4.5009522 7.218637 0.85384899 89
-1.2958331 -8.3553381 0.92374283 11
-0.28163072 -5.6834373 0.92432082 69
-1.7900524 -3.7596197 0.97533989 55
-1.8458039 -3.2165256 0.94077396 67
-1.0653005 -3.1696014 0.91555709 36
-1.9087151 -2.6510336 0.95547414 70
-1.88123 -2.6086669 0.90773475 4
-1.6019638 -1.817703 0.96746767 39
-1.5936198 -1.8542898 0.95157427 18
-1.6132913 -1.7405549 0.95856845 61.25
-1.6196907 -1.6554011 0.97643268 64.5
-1.6256952 -1.5490241 0.98198682 79.333336
-1.6475046 -1.4356809 0.96789646 47
-1.6474149 -1.3421181 0.9921248 82
1.1944196 -1.3302982 0.97210377 21
1.2581621 -1.3636184 0.95383602 34.666668
1.3460445 -1.3789642 0.9462775 39
1.446533 -1.3541005 0.96118617 39.875
1.5381361 -1.3498789 0.95502591 55
1.6288706 -1.3436626 0.94262105 72.400002
1.7107207 -1.3153502 0.99374366 89
-1.6525917 -1.2861009 0.99662924 92
1.2593944 -1.2855985 0.97125816 24.5
1.3318676 -1.2615741 0.98062426 20.333334
1.4396806 -1.2680223 0.98928624 33.666668
1.5473008 -1.2694591 0.9790411 29.666666
1.9830327 -1.2879428 0.91509914 77
2.0428457 -1.2781318 0.95230514 80
2.5773344 -1.2156096 0.91125214 75
2.6641273 -1.2045972 0.95953047 73
0.87997311 -1.1679463 0.95318913 1
-2.0650697 -1.0574723 0.97198772 3.5
-1.9103056 -1.0624906 0.99510181 52
-1.8187671 -1.0565374 0.95452499 56.5
-1.7262696 -1.0453564 0.91004264 62
0.8792997 -1.0176966 0.92756063 0
-2.0720212 -0.97129941 0.9691844 15.666667
0.25769013 -0.71106082 0.95705163 3
-2.1036165 -0.62533915 0.90699637 86
0.23717688 -0.69703078 0.95655513 5
-2.108429 -0.55084634 0.91695535 91.5
-2.1129556 -0.45185417 0.92916006 97
5.8178086 -0.46893385 0.95570409 102
-2.1264768 -0.3548682 0.94501334 97
5.805006 -0.37293711 0.9547323 99
-2.1391616 -0.25312862 0.92781448 96.599998
5.7907662 -0.27593777 0.95237178 99
-2.1572492 -0.14670278 0.94744879 91.25
5.7807693 -0.18093622 0.94993728 105
-2.1643405 -0.049710929 0.95528954 89
6.0452561 -0.090917796 0.99603897 61
-2.1740623 0.048031453 0.96370256 91
-2.1855192 0.15300491 0.93779528 90.5
-2.2006891 0.2779943 0.94561177 79
-2.1959987 0.22699936 0.9436608 80
6.0952325 0.20611694 0.99240798 124
-2.2090456 0.35458407 0.94935453 88.5
6.0815935 0.30513179 0.98367912 120
-2.2187052 0.458574 0.95283699 90.5
-1.3690591 0.49731603 0.95355469 35.333332
6.0728922 0.40415093 0.9741621 115
-2.2314091 0.56706458 0.95717418 89
-1.3349832 0.50593597 0.91817278 7.6666665
-1.227406 0.57738096 0.96006888 11.2
-1.1911715 0.59278148 0.91170782 10
6.0677381 0.50317025 0.9652946 114
-2.2408068 0.65105683 0.95928192 85
6.0461111 0.64870799 0.94549513 110.5
-2.2526879 0.7380501 0.9630726 81.5
-1.0714347 0.75188637 0.95990109 8.833333
6.0364909 0.79525375 0.92479491 119
6.0234575 0.89028418 0.90968257 121
-0.17728865 1.3190904 0.95062381 16.333334
3.916081 1.3119266 0.9731949 12
-0.18839821 1.4151314 0.9454087 36
3.365047 1.6887696 0.9883405 49
0.28323138 1.7779583 0.93529737 19
3.3603606 1.7626854 0.96409893 54
3.3542032 1.8365915 0.93705726 48
-2.3931429 1.9819291 0.9582296 17
3.3451881 1.9084941 0.90866518 38
5.9043813 1.9099846 0.99657494 111
-2.4070187 2.0889223 0.95552272 66
-2.3913291 2.0489752 0.9065401 13
-0.25270984 2.0154109 0.9523626 45.5
-2.4178498 2.1959145 0.9519617 51
3.3557227 2.1525564 0.96169019 35
3.3485522 2.2838092 0.95598346 36.5
-2.4308972 2.3109074 0.9486925 32
-2.4497664 2.437901 0.9457407 7
-0.29721579 2.4605088 0.93925554 42
-2.4341247 2.5636072 0.952043 62
3.4514511 2.5144374 0.98318028 35
-2.4507065 2.6040306 0.95445085 63
3.280184 2.6582181 0.9626497 44
3.265887 2.7435563 0.9365263 30
3.2601867 3.0387063 0.95964229 34
-2.536176 3.1748614 0.91592163 1
-2.5476203 3.3408511 0.90430814 22
3.169055 3.555218 0.97608197 0
-2.5487173 3.6712475 0.92930824 51
3.1540148 3.6641378 0.92946678 15
3.2018139 3.6398039 0.96997762 28
-2.5731947 3.7783191 0.97738123 53
3.1545575 4.0698195 0.97310156 32
-2.7806132 5.9510322 0.98848081 28
-2.7482822 6.0888324 0.91139495 121
-2.6353018 6.0767436 0.92296332 94
0.079397008 6.2276244 0.93468595 27
1.5718262 6.4128022 0.90145284 16
-0.76458251 6.5781307 0.96899348 97.5
-1.9052829 6.62045 0.99728107 0
0.34969914 6.685967 0.93024975 79
0.54694569 6.7004509 0.94838858 59
0.90947831 6.763226 0.91005409 91
1.2506803 6.7979178 0.96121573 66
1.3896255 6.8524961 0.97574353 119
2.1053772 6.9308176 0.98922384 116
2.2848797 6.9378252 0.95665419 117.5
2.8531227 6.9700308 0.90877038 103
3.7022161 7.0633597 0.97108263 101
4.309814 7.1230698 0.97010916 82
-0.74647605 -12.983795 1.0720491 65
-1.2908683 -8.6405306 1.0368341 8
-0.28805989 -5.682085 1.0547723 67
-1.717592 -4.1637268 1.0580788 63
-1.7363477 -3.9621429 1.0380338 55.5
-1.7689937 -3.7756903 1.0560588 53.666668
-1.772478 -3.6240845 1.0666703 58
-1.784655 -3.4667358 1.055465 57
-1.8031495 -3.3317387 1.0727988 62
-1.8394252 -3.1803777 1.0548579 64.666664
-1.2915919 -3.1334295 1.0245514 4
-1.9118881 -2.6242919 1.0476321 68.5
-1.599005 -1.8631988 1.0559664 48
-1.6128143 -1.7576977 1.0658923 81
-1.6319761 -1.6477267 1.047565 41.25
-1.6314489 -1.553695 1.080286 71
-1.6398716 -1.442697 1.0476998 76.75
-1.652835 -1.3431978 1.04773 83.666664
1.196734 -1.3534303 1.0261184 31
1.2004359 -1.3765659 1.0818861 33
1.6974905 -1.3198417 1.012877 79
1.7533436 -1.3106488 1.0480516 83
-1.6610928 -1.232824 1.0230328 85.333336
1.2212715 -1.2798487 1.0448014 45.666668
1.3722017 -1.2665828 1.0513564 41.142857
1.4445597 -1.2626678 1.049585 46.666668
1.5276021 -1.2549704 1.0592499 41.666668
1.7320769 -1.2256382 1.0284066 111
2.1499002 -1.2616274 1.0332961 75.75
2.235616 -1.2467351 1.0995995 68
-1.6721796 -1.1556039 1.0229515 84.666664
0.85643756 -1.1300607 1.0004166 1
1.7653731 -1.1820418 1.0627389 45
1.8082329 -1.1775445 1.0816294 48
2.7559109 -1.1915798 1.0098381 73.5
2.8491316 -1.1760645 1.0615346 70
-2.048595 -1.0498087 1.0523338 32.857143
-1.9222008 -1.0674576 1.0397822 58
-1.815531 -1.0549659 1.0615096 17
-1.7832546 -1.0538135 1.0141661 9
-1.6886585 -1.0708257 1.0454714 50
-2.0712757 -0.95313209 1.068285 61.333332
-2.0866733 -0.88803422 1.0783045 53.5
6.1139555 0.0080928579 1.0057636 115
-2.1877267 0.14254154 1.007864 89
6.1081519 0.10810338 1.0004443 109
-2.1962926 0.24703686 1.016764 86
-2.2098436 0.35552928 1.0272186 80.5
-2.2224312 0.46652344 1.0364221 79
-2.2323925 0.55251908 1.0432258 80
-1.2686734 0.55770355 1.0215713 8
-2.2455368 0.64251232 1.0515752 76.5
-1.0934587 0.73906791 1.0115772 2
-0.18095252 1.322669 1.0706046 6
-0.19122782 1.4214394 1.0455699 29.5
3.3900023 1.4385237 1.073254 53.5
3.3801074 1.5459381 1.0381021 52
3.3661833 1.6128533 1.0119531 47
5.9296894 1.6919841 1.0682727 107
5.919888 1.8009844 1.0337886 110
-0.25852776 2.041338 1.0518081 43
3.3491468 2.1808696 1.0277057 36
3.2875893 2.2939701 1.0562979 56
3.3254576 2.2108221 1.0790498 47
3.2822123 2.3790288 1.0332793 52
3.3446233 2.3240263 1.0541868 37
-2.4296412 2.4965537 1.0637794 55
-0.30377913 2.4867153 1.0517414 30.5
3.3024092 2.4880803 1.0184039 78
-2.4393024 2.541059 1.0279964 62.333332
3.4621143 2.570219 1.0678272 33.5
3.3830173 2.6591089 1.0246551 37
3.2865834 2.7956355 1.0115 32
3.2832873 2.8204615 1.0729573 32
3.2483959 3.068542 1.0226523 33
3.2434223 3.1083703 1.0899832 33
-2.5447242 3.5943806 1.0942621 48
-2.5478017 3.6353145 1.0126947 50
3.1963832 3.6776006 1.0503159 36
-2.5706415 3.7350779 1.0618161 51
-2.6438954 4.1575842 1.0972084 35
3.1529007 4.1416116 1.0641156 30
-2.6717134 4.4245868 1.0920604 33
-2.7013013 4.7145481 1.084524 28
-2.7493656 5.0665417 1.0834519 22
-2.8016045 5.4645357 1.0816135 24
-2.848062 5.8815384 1.0722741 26
-2.7728419 6.0740142 1.0357568 118
1.1421678 6.3438478 1.0304818 25
1.6414655 6.4080338 1.0261769 15.5
0.84424245 6.5663671 1.0201043 37
0.12218423 6.6837926 1.0240207 115
0.28722367 6.6954246 1.0699469 89
0.47728884 6.7154107 1.0836134 74
1.5351636 6.8724127 1.0491419 114
1.689271 6.8301234 1.0084617 33
2.4195848 6.9789772 1.0348419 117
2.7940466 6.9658308 1.0478519 106
3.1216798 7.0613451 1.0096072 111
3.5805812 7.1149106 1.0095687 116
-1.3204206 -8.3843527 1.1133214 9
-0.3033627 -5.6727786 1.1930279 72
-0.28561607 -5.6846886 1.1774176 54
-1.7197675 -4.1332083 1.1771852 85
-1.7416116 -3.9502079 1.1895164 62
-1.7973279 -3.7310841 1.1474552 54
-1.7893963 -3.4653938 1.1017549 58
-1.8063738 -3.3223424 1.1114991 65
-1.8410399 -3.1595769 1.1303608 66
-1.8347085 -3.0629909 1.1167418 58.5
-1.8512112 -2.9479663 1.1294973 37.5
-1.8671857 -2.8394523 1.1430805 18
-1.8807923 -2.7294326 1.1538894 2.5
-1.9203936 -2.6025634 1.1433177 66
-1.910309 -2.4060028 1.1808184 0
-1.6426908 -1.6038191 1.1087737 0
1.1908569 -1.3762238 1.1436501 59
-1.6624916 -1.2561908 1.1066768 82
1.1258174 -1.2527801 1.1518389 150.66667
1.2070413 -1.2781053 1.1391319 39.5
1.3667974 -1.2780415 1.1481633 64.5
1.4356519 -1.2569058 1.1397353 54.714287
1.5287368 -1.2462617 1.1491205 40.5
1.6003042 -1.2146392 1.1692488 46
2.2662566 -1.2460922 1.1154382 78
2.3283105 -1.2389407 1.1634197 74.5
-1.6738256 -1.1466954 1.1167285 88
1.6232728 -1.1989039 1.1583147 42
1.8560266 -1.1682476 1.138356 49
1.9187415 -1.1607605 1.1802781 62
2.9533975 -1.1610438 1.1176233 68
3.0281613 -1.1514664 1.1790805 72
3.103586 -1.1385858 1.1772412 57
-2.0565152 -1.0408938 1.124836 61.25
-1.8738506 -1.0601044 1.1610521 41.5
-1.7459257 -1.0456307 1.1281965 45
-1.680467 -1.0662005 1.123009 80
-2.0730104 -0.9482829 1.1530387 64.14286
-2.0844679 -0.84562391 1.1435467 80.125
-2.0874641 -0.74823952 1.153899 88.800003
-2.1046329 -0.60987401 1.1667703 92.5
-2.0966101 -0.66085386 1.1590174 91
-2.1080132 -0.53915405 1.1400807 94.5
-2.117393 -0.43753546 1.1492152 92.5
-2.1304226 -0.33702034 1.1608472 95.5
-2.14097 -0.2360107 1.1707964 97
-2.1522121 -0.13450149 1.1806139 94.5
-2.1651092 -0.031989176 1.1915544 86
-2.1725066 0.045015164 1.1982175 97
-1.1385214 0.55225247 1.1630677 6.5714288
0.035420097 1.1237971 1.193864 22
3.4465554 1.2801955 1.143707 36
5.9757423 1.2529832 1.1933613 108
3.3998725 1.3330989 1.1069683 53
5.95964 1.3619833 1.1625229 104
-0.19306386 1.4237933 1.1232181 9
5.9506321 1.4719836 1.1329747 111
5.9394665 1.5819838 1.1013432 109
0.32726073 1.8585122 1.1814985 8
3.333811 1.8266531 1.1844046 61
-2.3943708 1.9145809 1.1031718 18
3.3283553 1.9442205 1.1579397 53.5
5.9002547 1.9211603 1.1983521 113
-2.4021573 2.0155835 1.1024801 61
-0.26473612 2.0643058 1.1571785 36
3.3143275 2.0577984 1.1259437 49
-2.4187982 2.1315796 1.1065636 63
3.3032987 2.1338537 1.1029905 53
-2.4288044 2.2435815 1.1061707 59
3.3450136 2.2320414 1.1451709 36
-2.4443474 2.3675797 1.1083143 57
3.3403304 2.3622344 1.1555256 37
-2.4366527 2.4639165 1.1385511 58
-0.31078771 2.516906 1.1692172 22
3.4255373 2.5979347 1.1672654 30.5
-2.4715807 2.6325819 1.1076047 24
-2.4840996 2.7735853 1.1053104 4
3.2801852 2.8576968 1.1671073 36.5
3.2438812 3.152195 1.1598669 34
-2.5404813 3.5484464 1.1739259 54
-2.5807176 3.6872122 1.1247247 32.5
3.1919196 3.7153912 1.133312 36
-2.6172009 3.9115829 1.1007177 27
3.0639677 4.1701307 1.175735 32
3.1395929 4.1964011 1.1540555 26
3.0633144 4.3412251 1.1422844 39
-2.7791815 5.8974118 1.1251996 27
0.084959447 6.3047876 1.1015214 33
1.7099496 6.4143171 1.1578786 18
-1.6411897 6.5948215 1.1478031 30
-0.76794451 6.5751886 1.1529369 80
1.564759 6.5312181 1.1465921 11
-0.023716712 6.6746674 1.1326028 94
0.79275072 6.7495689 1.183422 69
1.6365466 6.8470802 1.1483018 116
2.2164688 6.9379725 1.1200933 118.5
2.5495024 6.9977293 1.1508578 116
2.7371402 6.9636331 1.1846361 105
3.2557466 7.0823531 1.1385777 110
3.6198351 7.051084 1.1025262 95
3.7302923 7.1336617 1.1281389 114
4.2412195 7.1157646 1.1080594 83
-1.2972839 -8.6449976 1.2340353 11
-1.328331 -8.280364 1.2842913 10
-1.8009682 -3.7123163 1.2335249 54
-1.7621194 -3.7802241 1.2021112 55
-1.7773315 -3.6122236 1.2099681 59
-1.7955693 -3.4642234 1.2222785 66
-1.8058072 -3.3052227 1.2267793 69
-1.8448105 -3.1424389 1.2214593 62.5
-1.8546302 -3.0653303 1.2590415 53.5
-1.8563737 -2.9342215 1.2609099 17
-1.8729523 -2.8252211 1.2720997 1
-1.9198219 -2.564312 1.2328295 64
-1.682488 -1.2694268 1.2540649 30.333334
1.1508698 -1.2542274 1.253215 89
1.201333 -1.2792709 1.2010164 40
1.3608857 -1.2779862 1.2515829 50.666668
1.4119854 -1.2697952 1.242171 50
1.5372449 -1.2377436 1.2502763 38.299999
2.399174 -1.231603 1.2165779 81
2.4515982 -1.2234313 1.252357 79
2.5009444 -1.2154436 1.2871263 78
1.6674938 -1.1931367 1.2244078 43.333332
1.7218304 -1.1831077 1.2578074 44
1.9546719 -1.1558579 1.2309476 48.666668
3.1423085 -1.1345742 1.242362 67
3.2393627 -1.123428 1.2465954 57
-2.0610878 -1.0435482 1.2995682 108
-1.9726088 -1.0686935 1.2599388 44
-1.8240943 -1.0515299 1.2495241 44.5
-1.7809014 -1.0448385 1.2070427 36
-2.0816298 -0.92727613 1.2349104 64.666664
-2.0927997 -0.84351611 1.2567828 69.25
-2.1028636 -0.74751854 1.255208 69.333336
-2.0998676 -0.76680118 1.2013422 72
-2.1083255 -0.68046463 1.2755475 69.5
-2.1116712 -0.55059481 1.206398 94
-2.1211796 -0.47209758 1.2182868 91
-2.1319227 -0.36710006 1.2328335 95
-2.1451528 -0.26260376 1.2490567 95.5
-2.1568692 -0.15660585 1.2630532 92.5
-2.1703792 -0.049609125 1.2788618 97.5
-2.182657 0.070934452 1.2646247 87.666664
-2.1870584 0.15103024 1.2102768 87
-2.2040932 0.25904998 1.2240179 99
-2.1930933 0.20403512 1.2154655 99
-2.2097011 0.34154853 1.2288564 88.5
-2.2237046 0.45556 1.2399288 81.5
-1.1591083 0.48036745 1.2165283 6.6666665
-2.2420053 0.54508215 1.2527598 104
-1.1555666 0.50243258 1.2011781 6
-2.2488661 0.60608804 1.2584957 108
-0.011109928 1.0527946 1.2747698 8
0.01961126 1.0757967 1.2206905 16.5
-0.16796504 1.1551596 1.2455235 17
5.9861145 1.142983 1.2200565 118
3.6551404 1.2934238 1.2455567 24
3.373929 1.3904064 1.2858223 45
3.3686953 1.461442 1.2712487 21
3.3641562 1.5344799 1.2559624 27
3.3552039 1.6440393 1.2316527 26
5.930522 1.6965022 1.2717372 111
0.27716804 1.7787166 1.2894065 9
3.338397 1.7506074 1.2025104 41
0.293082 1.8046795 1.2526489 14
0.30840468 1.8425543 1.2245947 14
5.9193144 1.8103359 1.2367247 114
-0.27047127 2.0922716 1.2686146 35
3.34166 2.2712626 1.2419891 36
-2.4253063 2.3680198 1.2589051 53.666668
-2.4315224 2.4072652 1.2266406 65
3.3828399 2.4289873 1.2512404 33
-0.31612432 2.536715 1.2521187 20
3.3769584 2.596729 1.2345039 31
3.353163 2.6035872 1.283005 31
3.2406859 2.7167277 1.28267 39
3.2481148 2.8463042 1.2536892 26
3.214566 2.9016151 1.2113678 1
3.2439747 3.1960118 1.2328916 26
-2.5381453 3.5045121 1.2524222 47
-2.5683453 3.6465998 1.2284224 56
3.1879387 3.7541785 1.2176396 35
3.1064577 3.9159279 1.2563661 3
3.0966189 4.0580182 1.2222739 15
3.1318343 4.261178 1.2510296 30
-2.776756 5.8387933 1.2620173 27
-2.7898149 6.0769849 1.20886 118
1.6548375 6.4210706 1.2357966 16
-0.91477293 6.6175528 1.2505276 2
-0.053619958 6.675086 1.2841229 96.5
0.22516361 6.6958771 1.2087642 70
0.40672791 6.7073712 1.2184099 73
1.1112556 6.797698 1.2293837 97
1.5825601 6.8600354 1.2908622 119
1.8835206 6.9182353 1.2001363 121
2.1337366 6.9080329 1.2600873 114
2.3456457 6.9686117 1.2386259 119
2.6823204 7.0134716 1.2710609 113
3.539746 7.0478058 1.2361628 106
3.3941374 7.1043606 1.2717077 114
3.8850062 7.1574059 1.2501791 108
4.1770921 7.112462 1.2458916 81
-0.78522432 -13.000086 1.3784039 67
-0.74323666 -12.989209 1.3528669 66
-1.0612432 -5.7783504 1.3168575 3
-0.98612124 -5.775188 1.3849641 15
-0.31023455 -5.6918907 1.3289443 69
-0.29128519 -5.6848755 1.3104436 53
-1.7183183 -4.5793653 1.3502754 48
-1.805604 -3.6945486 1.3195032 56
-1.8738712 -3.0266337 1.3621173 68.5
-1.9304934 -2.5251675 1.3584907 66
-1.6650398 -1.4185482 1.3544313 20.5
-1.667428 -1.375366 1.3994291 40
-1.6846588 -1.2162803 1.3199493 56
1.1891305 -1.2776771 1.3536714 13.5
1.3554397 -1.2731072 1.3587307 17
1.4096311 -1.2685975 1.3479562 19.333334
1.5130073 -1.256614 1.3394175 27
2.5829935 -1.2050207 1.3466325 72
-1.6907189 -1.1774285 1.3712256 60.5
1.6516805 -1.1878601 1.349722 40.333332
1.7714945 -1.1752787 1.3302637 60.333332
1.8275745 -1.1613253 1.3642657 73
2.0888891 -1.1794734 1.3449305 150
3.2692726 -1.1186894 1.3110937 69
3.3837113 -1.1032609 1.3200034 52
-2.0603728 -1.0511439 1.3533196 90.666664
-1.9263763 -1.0615497 1.3528236 46.5
-1.8698202 -1.0538706 1.3198684 36
3.4076605 -1.0998169 1.3867224 67
3.5380435 -1.0820851 1.3974496 50
-2.0737607 -0.95591038 1.3267473 105
-2.0891938 -0.84408623 1.3378553 88.85714
-2.1058972 -0.73892772 1.3634865 74.25
-2.0953689 -0.75593936 1.353235 82.25
-2.110527 -0.65737635 1.3548713 75.666664
-2.1192405 -0.56493968 1.3580978 73
-2.1232913 -0.46483696 1.3595191 81
-2.1319885 -0.35680747 1.3692437 84
-2.1470261 -0.25025228 1.3838832 85.5
-2.157443 -0.14133225 1.3954155 87
-2.1972632 0.16938514 1.3097856 86.5
-2.2056725 0.25338429 1.3197265 79
-2.2241659 0.34237784 1.337074 110
-2.2376859 0.46187615 1.3510834 100
-2.2470601 0.55437469 1.3622808 90
-2.2534065 0.61637419 1.3690066 96
0.0098478552 1.0823514 1.3939664 16
-0.16960455 1.1445279 1.3497729 33
0.030580372 1.1252981 1.3563979 10.25
3.439913 1.2743039 1.3381974 33
5.9679031 1.2390816 1.3935525 107
-0.18698625 1.3329625 1.3511699 6
3.3884079 1.3233669 1.303795 61
3.9029968 1.3136916 1.3656865 9
5.9610829 1.3539467 1.3655212 113
5.9457197 1.4668069 1.3348458 111
5.9310198 1.5796555 1.3020344 109
0.26865616 1.7774569 1.378352 9
0.28621596 1.8164771 1.3501678 13
0.30468181 1.8564974 1.3224072 14
-2.4083469 2.0437608 1.3741602 17
-2.4215522 2.1567712 1.3829261 62
-0.2745941 2.1352434 1.3616241 49
-2.4225485 2.2823708 1.3661004 40
3.3322997 2.2940497 1.3138638 36
-2.427412 2.3239782 1.3281612 45
3.3318152 2.3129086 1.3644835 35
3.2765567 2.4478219 1.3817502 54
3.4208755 2.4828112 1.3210865 35
-0.32144275 2.576499 1.3461107 19
3.4264359 2.5076461 1.3800702 32
3.2955301 2.6678083 1.3382735 46
3.3257694 2.6193447 1.3602684 32
3.2653177 2.9186554 1.3573909 32
3.2274566 3.2412395 1.3378901 34.5
-2.5325663 3.4545763 1.3281893 51
-2.56072 3.5642648 1.3463252 54
3.1835358 3.7909634 1.3028686 37
3.1764164 3.824749 1.3868227 37
3.1177402 4.3139586 1.3450117 29
-2.7686782 5.763154 1.3913336 26
-2.8049502 6.0525336 1.3551122 93
-0.055202745 6.3697696 1.3737938 29
-2.3831942 6.4895473 1.3277248 31
0.17371556 6.4963293 1.3150647 35
-0.80619252 6.5759187 1.3743538 69
-0.77470618 6.5747929 1.3245139 139
1.4902742 6.590003 1.3780929 35
0.33658981 6.6963325 1.3522991 63
0.73420936 6.7427392 1.3216766 61
1.0410917 6.7915897 1.3632523 116
1.9130753 6.9240346 1.3700234 122
2.0347691 6.9184232 1.3558062 118
2.6780007 6.953434 1.321474 107
2.4726079 7.0005031 1.3692214 119
2.81514 7.0252132 1.3912532 114
3.4645505 7.0455313 1.3687764 95
4.0440331 7.1771417 1.3763813 110
4.1152616 7.1091552 1.3858955 80
-1.3068534 -8.6714697 1.4329121 10
-1.3404858 -8.2113771 1.457899 10
-1.0744599 -5.7623591 1.4451964 72
-0.5485298 -5.7076554 1.4351739 79
-0.31812108 -5.6950054 1.4647821 82
-0.2952106 -5.6971183 1.4454584 93
-1.8106081 -3.6599178 1.4481356 63
-1.8802708 -2.9758298 1.455707 69
-1.9346706 -2.4864261 1.4505936 60
-1.6722634 -1.3333173 1.4446082 56.5
1.1393602 -1.3223901 1.4012437 0
-1.6803432 -1.2922648 1.4925243 59
1.1840553 -1.2738595 1.4224863 2
1.3577328 -1.2728652 1.4564207 6
1.4089744 -1.2639124 1.4587762 7
1.5170575 -1.2544328 1.45182 11.5
2.2582428 -1.241401 1.4793197 77
-1.6971159 -1.1216192 1.4375798 65.5
1.6886722 -1.187176 1.4014357 40
1.7417037 -1.1753318 1.4506843 49
1.870684 -1.1561747 1.4254882 57.5
1.9376743 -1.1492769 1.4936018 43
2.6732461 -1.1880493 1.4107926 73
2.7788963 -1.174582 1.485636 68.5
-2.0783792 -1.0452141 1.4400835 90
-1.9710623 -1.0639076 1.4476986 38
-1.7036737 -1.0787821 1.488336 53
3.5545995 -1.0789508 1.4664636 56
3.7038043 -1.0558972 1.4803066 47
-2.0843027 -0.93421453 1.4461219 95.5
0.73683476 -0.91928786 1.4992348 22
0.8056621 -0.96895522 1.4813435 2
-2.0913248 -0.84621298 1.4544839 90
0.52996582 -0.83917058 1.4916321 13
-2.1057861 -0.74753493 1.4495319 81.666664
-2.1170545 -0.63982612 1.4519502 76.222221
-2.1282487 -0.53413564 1.4581398 83.625
-2.1347647 -0.44453469 1.4341998 77.25
-2.1425619 -0.36463529 1.4583933 87.5
-2.1553116 -0.25318572 1.4589465 113
-2.166045 -0.1416823 1.4734484 102
-2.1748686 -0.03104702 1.4503827 90.5
-2.1754785 0.048610657 1.4166758 80
-2.1960502 0.13318615 1.4357756 109
-2.2102447 0.24823719 1.4516487 104.5
-2.2240233 0.3667863 1.4672296 93
-2.2350767 0.45782712 1.4798505 97
-2.2434988 0.55136335 1.4918869 93
6.0197258 0.77850574 1.4971488 107
6.006618 0.89439487 1.4727762 105
5.9401793 0.99931258 1.4335424 106
-0.013997996 1.0493417 1.4297879 10
0.00140602 1.0634346 1.4182087 16
-0.1710352 1.1318847 1.4630728 28
5.9867864 1.1252136 1.4234507 110
3.6673329 1.2970947 1.4569722 15
-0.18964857 1.3273971 1.4387722 19
-0.20137146 1.427121 1.4788895 20
-0.19990504 1.430239 1.4167805 6
0.17583178 1.535901 1.4941213 10
3.3019297 2.089973 1.4887459 53
-2.4143262 2.1844389 1.4679286 7
-0.2803598 2.164216 1.4504708 45
3.2900743 2.1739347 1.4605265 47
-2.4162872 2.2285171 1.4211626 19.5
3.2832108 2.2608979 1.4343234 51
3.2813118 2.354861 1.4087152 49
3.3284307 2.3386936 1.4413695 34.5
-2.4496114 2.4067938 1.4015369 62
-2.460891 2.5357981 1.4077643 49
-0.32677409 2.5833073 1.4289831 27
3.4473879 2.5444698 1.4462898 31
-2.4790533 2.6828158 1.4198363 33
3.2960298 2.6589587 1.4993765 33
3.3084228 2.6431174 1.4421993 33
3.4146638 2.6779275 1.4250246 37
-2.4977744 2.8378317 1.4310668 6
3.2310717 2.9578469 1.4745357 43.5
3.1889248 3.0703828 1.466931 35
3.1778276 3.1814485 1.4412566 13
3.1645529 3.2905228 1.4120758 1
-2.5282969 3.3577068 1.4781318 52
3.2255375 3.3054471 1.4541874 43
-2.5434353 3.4462924 1.4327936 53
3.1743686 3.8645239 1.4764683 37
3.1001427 4.3607316 1.4417566 17
3.0453115 4.406352 1.4848732 35
-2.8177824 6.0151243 1.499442 64
-2.5358682 6.0808206 1.4330933 104
-2.5046179 6.407753 1.4089516 119
-2.0554254 6.5256319 1.4296347 19
-1.5925851 6.5192466 1.4989712 48
-0.79025066 6.578784 1.4907944 123
-1.4694754 6.6088405 1.4199858 27
-1.1880168 6.6245098 1.4445428 16
-0.94871253 6.6439142 1.4849637 29
-0.15881601 6.68012 1.4128221 107
0.097667813 6.6869159 1.4908388 92
0.26476067 6.6962929 1.4898169 87
0.96236837 6.6274581 1.4656519 37
0.67489487 6.7459126 1.4639689 48
1.8556496 6.9187083 1.4519047 113
2.032088 6.9368658 1.4958723 121
2.1301997 6.9497747 1.439998 119
2.624299 6.9552317 1.460855 103
2.5945585 7.0053968 1.4963506 112
3.5346346 7.1253672 1.40409 112
-0.98611826 -5.7304792 1.5095628 22
-0.3122552 -5.6637049 1.5816658 15
-1.5076854 -4.9803519 1.5060624 101
-1.7267481 -4.4854484 1.5346965 43
-1.817786 -3.6292739 1.5796043 72
-1.887 -2.924535 1.5472608 65
-1.9403423 -2.4466846 1.5425665 29
-1.68479 -1.2305417 1.5489134 59
1.5171193 -1.2436776 1.5381846 2.5
2.2594991 -1.2418833 1.5118859 70
2.342576 -1.2312269 1.5694333 67
1.7990503 -1.1664333 1.5136731 59.5
1.8618202 -1.1580461 1.5832815 59
1.9860644 -1.1420292 1.5615981 38
2.0513661 -1.156791 1.5917212 138
2.8919868 -1.1585343 1.5649564 69
-2.0617943 -1.0735397 1.5588019 74
-1.7075983 -1.048877 1.5212034 53
3.7222106 -1.0571007 1.5564842 64
3.9038401 -1.0326734 1.5794555 49
-2.0957677 -0.9481371 1.5376849 74
0.77447933 -0.93285531 1.5412604 18.666666
-2.1025898 -0.88163531 1.5958257 78
0.065666236 -0.70152533 1.5105356 41
0.044965066 -0.66396534 1.5670449 88.5
0.23804575 -0.68907273 1.5461683 8.5
-2.129051 -0.54537475 1.5284926 67
0.046367507 -0.55744761 1.5639347 82.666664
5.8024492 -0.50895566 1.5569922 100
-2.1394913 -0.44870868 1.55 68
-0.025715882 -0.43249109 1.591092 156
0.044190519 -0.4589211 1.5709263 49.5
-2.1493425 -0.35444158 1.539588 74.400002
-0.011917998 -0.34478226 1.5655693 67.666664
0.043916266 -0.36171651 1.5729228 62
5.7939606 -0.39197892 1.5509201 98
-2.1602063 -0.2519131 1.5314837 76.800003
-0.0079943482 -0.24694264 1.5674587 21.5
0.043530624 -0.24901192 1.5799932 18
5.774044 -0.27501765 1.539425 102
-2.1710651 -0.14416894 1.5597488 75.800003
-0.0053877425 -0.15212049 1.5713183 22
0.045240115 -0.1386947 1.5810505 40.333332
5.7633605 -0.16005608 1.5298697 103
-2.1805918 -0.056658622 1.5835108 73.666664
-0.003338167 -0.077463955 1.5763751 23
0.0012325034 -0.020466559 1.5724809 23
-2.1936562 0.041676048 1.553552 98.333336
0.0038055987 0.053023331 1.5775983 22.5
-2.2039177 0.14783992 1.5570388 100.5
0.0098743793 0.14651518 1.5771899 31.666666
6.0776348 0.19093221 1.5923176 106
-2.2183578 0.26232678 1.5407867 100.5
-2.2304006 0.35429141 1.5561184 93
-0.10038777 0.33243954 1.5807229 157
-0.09022548 0.3663944 1.5610856 150
6.064703 0.30886418 1.5764239 110
-2.2398915 0.44829363 1.5697769 90.5
-0.13290042 0.47429091 1.594872 158
-0.080921553 0.44004157 1.5471787 92.666664
6.0552635 0.42778158 1.5583301 105
-2.2488236 0.54429579 1.5842644 88
-0.10609277 0.5416311 1.5507569 98
-0.076914974 0.54020405 1.5445597 88.5
6.041553 0.5456965 1.5389138 107
-2.2575407 0.62960064 1.5513489 89.5
-0.10052272 0.66828918 1.5537667 75
-0.079158083 0.63761783 1.5444465 83.75
6.0292253 0.66260284 1.5180587 107
-2.2650764 0.71494603 1.5162354 89
-0.088114657 0.73277909 1.5522499 57.333332
-2.2763035 0.84899074 1.5987324 52
-0.17171013 1.1242669 1.5563667 29
-0.19213606 1.3227842 1.534955 31.5
-0.20392126 1.422001 1.5419028 43
0.15729837 1.4770457 1.5317672 11.666667
0.17256187 1.519316 1.5132279 0
3.3306065 1.7550973 1.583595 48
3.3266816 1.839071 1.5630023 54
5.8789649 1.8554319 1.5893869 112
3.3177097 1.9220377 1.5375595 45
5.871438 1.9684883 1.5657598 119
-2.4141195 2.0342767 1.535948 17
3.309459 2.0050049 1.5128086 51
-2.4259868 2.1512725 1.5488321 68
-2.4392428 2.2732682 1.5614483 60
-0.28500459 2.2011855 1.5494559 42
-2.4494536 2.3992651 1.5732179 66
3.3391931 2.3848832 1.5553021 33.5
-2.467128 2.5422578 1.5900286 62
3.4607673 2.5842123 1.5393378 28
-0.33288717 2.6260698 1.5319469 28
3.2729926 2.6819506 1.5696157 36.5
3.2214622 2.7601917 1.5419102 54
3.2096756 2.8602548 1.5169228 49
3.254735 2.9780893 1.5573978 35.5
-2.5254517 3.3067713 1.5506573 54
3.2163312 3.3372507 1.5305556 50
-2.5429573 3.4137428 1.5311922 53
-2.6214101 3.8211036 1.5081387 14
3.1655607 3.8932991 1.5640353 32
-2.6414979 4.0531192 1.5189492 30
3.0831447 4.127346 1.5754461 12
3.0574493 4.2513494 1.5271111 27
-2.6651552 4.3101425 1.5333461 40
3.070354 4.3885107 1.5338582 4
-2.6943321 4.5961728 1.5502281 37
-2.7408731 4.9422312 1.5787799 37
-2.7581871 5.6795025 1.5158597 26
-2.6801786 6.072063 1.5285058 107
-0.15840861 6.0777574 1.5739002 10
0.080672622 6.1169491 1.5025816 18
-2.184752 6.4625721 1.5168563 59
-1.9963466 6.5117869 1.5202518 46
-1.7321298 6.5097384 1.5960835 107
-1.3167995 6.5584898 1.5290179 44
-1.015682 6.5991092 1.5422634 42
-0.15934128 6.6677566 1.5735112 122
1.4699194 6.8469419 1.5693977 122
1.9844339 6.9205713 1.5525467 121.5
2.2596548 6.9775305 1.5665748 116
2.567457 6.9470277 1.5998656 105
2.95368 7.0449467 1.5156175 113
3.3862162 7.0372572 1.5010151 104
4.0502791 7.0978327 1.5229385 81
3.6773491 7.1393723 1.5413811 113
4.2073236 7.198875 1.503935 107
-0.80822998 -12.974198 1.6645142 65
-0.75296682 -12.993793 1.645155 62
-1.3121037 -8.6589298 1.6282495 8
-1.3502138 -8.1283884 1.6267006 11
-1.5174741 -4.9816651 1.6276737 103
-1.7225778 -4.4080491 1.6169214 16
-1.8225138 -3.6055093 1.666595 73
-1.8970598 -2.8782275 1.6425648 62
-1.9491795 -2.4079502 1.6362631 3
-1.6433935 -1.7318006 1.6623701 23
2.4259255 -1.215306 1.6429222 73.5
-1.6960579 -1.1371242 1.6344458 58.666668
1.9278145 -1.1476623 1.6553116 40.5
3.0137584 -1.141063 1.6511762 67.5
-2.0876184 -1.0221746 1.6267881 80.5
-1.7320168 -1.0621121 1.6458652 48.5
3.9054883 -1.0332603 1.6533321 56
4.1245651 -1.0054309 1.6873674 38
-2.0965655 -0.95721006 1.6787219 73.5
-2.1088862 -0.83075738 1.638577 70
-2.119344 -0.77888691 1.6829723 72
-0.049053751 -0.53251404 1.63641 158
-0.032947771 -0.47749627 1.6042377 158
-2.1506863 -0.33832186 1.6204805 65.25
-2.1666577 -0.24806917 1.656522 75.599998
-2.1799271 -0.16179769 1.6782262 81.75
-2.1852341 -0.042408589 1.649424 65.5
0.019108912 -0.068372533 1.6581511 89
6.0792546 -0.048954286 1.6147212 78
-2.2024794 0.0710067 1.630578 81
-2.1837058 0.032063253 1.611048 58
6.0905361 0.070993163 1.6068063 108
-2.2091751 0.14763685 1.641867 81.666664
-2.2179382 0.24526942 1.6381178 88
-0.11355885 0.29849643 1.6044763 157
0.00067337457 0.22748481 1.6126834 8
-2.2276967 0.34291175 1.6445175 80.800003
-2.2416732 0.45689073 1.6532412 80.75
-2.2508752 0.55590582 1.6552639 76
-2.2625461 0.66477776 1.6489776 78.400002
-2.2716472 0.75076365 1.6414559 72.25
-2.2743294 0.80697048 1.6108589 65
-0.17279381 1.1086495 1.6486111 30.5
-0.19415227 1.3171639 1.6372014 43
3.3729434 1.3552245 1.6903015 60
3.9511092 1.329862 1.6024501 10
-0.20562387 1.4227922 1.6521862 54.5
3.3662176 1.435203 1.6711912 58
5.9330616 1.4152277 1.6807129 119
3.3607459 1.5581703 1.6434875 43.5
5.9227529 1.5252751 1.6599512 120
3.341686 1.6751282 1.6082814 52
5.9074621 1.6343251 1.6371453 116
5.8978481 1.7463748 1.6156706 114
3.2906508 2.1078122 1.6860316 59
-0.28982332 2.2351546 1.6504327 26
3.2802427 2.2448773 1.6604185 50
3.2690928 2.3829479 1.6326987 52
3.2766292 2.492981 1.6222793 50
3.37747 2.446111 1.6611806 27
3.4456584 2.5959725 1.6200792 28
-2.4872904 2.6922495 1.6085203 66
-0.33959997 2.6907914 1.6529784 24
3.2848818 2.699626 1.6223494 31
3.3533781 2.6719389 1.6526642 36
3.4336534 2.6028111 1.6741037 26
3.2761695 2.7164588 1.6834601 34
-2.5060663 2.8532414 1.6272871 52
-2.5262313 3.0222332 1.6457877 24
3.2487338 3.0047977 1.6600962 34
-2.5160093 3.1948955 1.6870046 53
-2.5347779 3.251137 1.6535226 35.666668
-2.5425897 3.3615263 1.6063713 56
3.1961286 3.3978319 1.6869564 54
3.2094166 3.37205 1.6091086 55
3.1609197 3.9270637 1.6568692 31
-2.1251917 4.4953289 1.6983955 14
-2.782176 5.3082781 1.6025401 33
-2.7571635 5.61587 1.6455495 26
-2.8413994 5.7513514 1.6371104 27
-2.8156731 5.9407511 1.633953 30
-2.829453 6.069315 1.6272742 121
0.021487793 6.1153784 1.6328148 10
1.7631201 6.3953834 1.6777731 16
-2.3251317 6.4375067 1.6127524 116
-2.0118172 6.4875312 1.6795975 115
-1.9446448 6.4577727 1.6208231 124
-1.869764 6.48522 1.6907438 109
-0.80497271 6.5737748 1.6591541 122
0.19546965 6.666255 1.6218888 32
0.61683971 6.73908 1.603551 58
0.900756 6.7843204 1.6356474 75
1.9199848 6.8894463 1.6612471 73
2.1561337 6.9666905 1.626609 117
2.387681 6.9912891 1.6917259 111
2.7265644 7.0312824 1.6317959 112
3.1000705 7.0786705 1.6448426 116
3.3126121 7.0290785 1.6326432 101
3.9947963 7.0995269 1.6659067 82
3.8322065 7.1733766 1.6847986 109
4.3727727 7.2136045 1.6335559 109
-0.31801856 -5.6718636 1.7217004 16
-1.5264443 -4.9809828 1.7513709 102
-1.741421 -4.4015155 1.7216552 53
-1.7827652 -3.4735866 1.7046295 42
-1.7649453 -3.3947332 1.7636585 47
-1.9048084 -2.822773 1.7332413 33.5
-1.6497457 -1.6850009 1.7337209 49
1.1373663 -1.3363092 1.771233 1
2.1990843 -1.2382654 1.791525 78
2.2415469 -1.2322099 1.793372 73
2.5204077 -1.2018946 1.7257526 65
2.0180607 -1.1523263 1.7576349 100.5
2.617687 -1.1900873 1.7953272 66
3.1487048 -1.1231118 1.7452577 65
-1.8336385 -1.067488 1.7087501 50
-1.7161959 -1.0440336 1.7259182 43
4.1222792 -1.0104473 1.767321 55
-2.1033688 -0.90823728 1.717289 72
-2.1095762 -0.83760595 1.7626032 76
-2.125381 -0.72300065 1.7227495 74
-2.1339793 -0.64614898 1.7744055 66.5
5.8167596 -0.69403023 1.7549174 113
5.807488 -0.58303523 1.7546486 112
5.7761722 -0.46903336 1.7469634 105
5.771862 -0.36003724 1.7473172 103
5.7582812 -0.25103387 1.7428696 103
-2.1797919 -0.13370834 1.7093742 82
5.7468328 -0.14203104 1.7390953 104
-2.1876788 -0.053044051 1.7226459 72.75
-2.2038205 0.073988326 1.7405127 76
-2.1970632 0.025815291 1.7392902 73.333336
-2.2107289 0.15270191 1.7571638 72.25
-0.0035513132 0.16676904 1.7400182 26
-2.2202125 0.24891587 1.7658784 68.800003
-0.013799423 0.21180929 1.7715975 150
-2.2317054 0.35369006 1.7778374 71.599998
-2.2443504 0.45437196 1.7789723 67.25
-2.2508726 0.54312408 1.7728167 69
-2.2605817 0.64507914 1.7648637 67.400002
6.0124879 0.63998252 1.7940942 114
-2.2706938 0.74539757 1.7489209 66.75
6.0023155 0.75100803 1.7818185 114
-2.2812746 0.84675592 1.7241635 68
5.985724 0.86103886 1.7661076 119
5.9598618 0.96907687 1.7455907 118
-0.17413923 1.089028 1.7438388 35
5.9425292 1.0791128 1.7277704 118
5.9578757 1.1941427 1.7193377 119
3.4254825 1.2972796 1.7367551 38
-0.19616038 1.3201011 1.717337 38
5.9454794 1.3051833 1.7007333 113
-0.20858493 1.419577 1.7653625 56
3.34587 1.5195401 1.795935 59
3.3362687 1.6425896 1.7759261 65.5
3.3223565 1.7656485 1.7517436 58
3.3164184 1.849683 1.7379309 60
3.3090198 1.9347249 1.7213163 43
3.2994878 2.0207672 1.7040317 57
-0.29560059 2.2761199 1.7623696 10
-2.4490273 2.379009 1.7621044 18
3.3753502 2.4609532 1.7176473 33
-2.4662151 2.5190954 1.7841661 60
3.394196 2.5975053 1.7726613 27
3.409132 2.5077534 1.7965353 30
3.41483 2.6006575 1.7238077 27
3.2779524 2.744276 1.7528287 33
3.2425525 3.0280015 1.7643554 34
-2.5074193 3.1319551 1.750998 50
-2.5314963 3.2351613 1.7424875 56
3.1857104 3.4266222 1.7682699 21
-2.0250216 3.7834177 1.7267904 13
-1.8534881 3.7808967 1.7297542 13
-1.4410803 3.8534801 1.7638584 13
-2.0061293 3.9694219 1.7333591 14
3.1553743 3.9578288 1.7492729 28
0.35197029 4.0196619 1.7551727 14.5
0.81452894 4.0237961 1.7508861 26
1.0176805 4.066052 1.7931017 16
1.4947662 4.1334629 1.7779621 13
1.8491791 4.1733527 1.7688391 8
-1.9977068 4.2024236 1.7530265 8
-2.6784053 4.3693337 1.7924345 16
-2.1310775 4.8036227 1.7287614 4
-2.101769 5.0525942 1.7297769 5
-2.7547238 5.5442257 1.7703646 26
-2.1372366 5.5168662 1.7945441 4
-2.8016162 5.8384128 1.7584045 29
-2.5006235 6.0854244 1.7225716 96
-0.22637659 6.0857491 1.7055032 10
0.097538747 6.110219 1.7514747 18
-2.4627526 6.4014421 1.7055774 117
-2.0126154 6.4797258 1.7900875 113
-1.9729353 6.4743018 1.792038 116
0.12406403 6.6582165 1.7584981 8
0.55668283 6.7382512 1.7476623 60
0.82800394 6.7122197 1.7561147 33
1.4145384 6.8438931 1.7102044 125
2.1013088 6.9612875 1.7057883 114
2.2794664 6.9785151 1.7566206 111
2.5147264 6.9468203 1.7419001 107
2.857877 7.0531673 1.767958 114
3.2423439 7.0616026 1.7705098 110.5
4.5460749 7.2363248 1.7680234 108
-1.3164499 -8.637392 1.8246922 9
-1.5388409 -4.9883142 1.8797626 116
-1.7447563 -4.3490834 1.8093976 56
-1.770317 -3.3669577 1.8465869 56
-1.912362 -2.7664831 1.8226998 8
-1.6548393 -1.6331925 1.8021861 59
-1.6610184 -1.5798872 1.8715631 59
1.1397713 -1.3404943 1.8463174 11
1.3794574 -1.2489636 1.874652 0
2.2849114 -1.2263521 1.8797275 64
2.3286083 -1.2193904 1.8817384 67
2.6300225 -1.1859022 1.8363775 63
2.7231464 -1.1722876 1.8877004 64
3.2855685 -1.1036111 1.8482661 67
-1.8997692 -1.0738146 1.8092837 40
-1.7819766 -1.0548974 1.8267107 45
3.3004389 -1.0986885 1.8428742 50
4.3621664 -0.97739625 1.8478136 39.5
-2.1180196 -0.74731791 1.8184373 69.5
-2.1296427 -0.65336424 1.8723305 74
-2.1447022 -0.5449844 1.8329691 65.666664
-2.1566241 -0.4394592 1.888797 64
-0.061999388 -0.034170426 1.8806458 13
6.0823436 -0.036131058 1.8499529 114
6.0765486 0.07787513 1.846101 113
6.0557809 0.19089247 1.8347081 117
6.044239 0.30290985 1.825286 114
6.039094 0.41692558 1.817888 115
6.0211329 0.52794832 1.8050305 114
-0.17443535 1.0859228 1.8271315 37
3.4007754 1.2953994 1.8580707 46
-0.1978519 1.318005 1.839659 43.5
3.3662708 1.3614682 1.8262804 59
3.649873 1.3104649 1.8885952 25
-0.209905 1.4194191 1.8485713 61
3.3589437 1.4414979 1.813893 57
3.379477 2.5973458 1.8253947 27
3.4175663 2.5325723 1.8634927 30
-2.486408 2.6732013 1.8106362 66
3.367955 2.6011808 1.8807399 28
3.2659059 2.7670131 1.8493826 32.5
-2.5085139 2.8393183 1.8395723 53
-0.3477791 2.8064237 1.8131492 24
3.1844451 2.9944 1.8753965 45
-2.5108891 3.0334995 1.8535571 39.333332
3.2323265 3.0462048 1.8678138 34
-2.5321338 3.1570923 1.8597952 35.333332
3.1746893 3.1074049 1.8465563 35
3.158474 3.2144091 1.8128912 25
3.1898901 3.4753919 1.8608847 21
-1.9526666 3.7728932 1.8026843 13
-1.4323534 3.8222361 1.8465372 17
-0.82289666 3.8653154 1.8898182 20
-0.68391728 3.8707592 1.8593404 40
-0.81866676 3.9365237 1.8080482 19
3.1480772 3.9875886 1.8430643 29
0.27359778 4.0002694 1.8020359 19
0.34889874 4.0000687 1.8811314 13
0.78090101 4.0117564 1.8400315 16
0.97689378 4.0709491 1.8876411 52
1.464236 4.127327 1.8674381 14
1.7923965 4.1162157 1.836005 12
3.0318873 4.4601207 1.8161068 3
-2.0325873 4.5624185 1.817601 13
-2.7104414 4.67032 1.8238034 29
-2.7499435 5.0113034 1.8602226 33
-2.7883315 5.3832865 1.8983123 32
-2.7423952 5.4495511 1.8850446 26
-2.7958004 5.7480626 1.8851684 28
-2.6448798 6.0723567 1.8198794 110
1.2515962 6.3418279 1.8594224 28
1.6962438 6.3792033 1.8021179 14
-2.1535563 6.4582219 1.886983 119
-2.0317698 6.4723067 1.8445449 114
-1.7278397 6.5094614 1.8171828 112
-0.82142556 6.5607657 1.8243506 90
0.49659348 6.7464232 1.8939979 92
1.3587363 6.8378415 1.851917 58
2.2259641 6.9790711 1.8358729 119
2.4317384 6.9634752 1.8849283 109.5
2.5178864 7.0080395 1.8203841 113
3.9360478 7.0952272 1.8040336 83
3.9821279 7.1833797 1.8290229 104
-0.83123964 -12.91431 1.9506378 35
-0.76036942 -12.953368 1.9337242 50
-0.74798369 -11.294849 1.9664805 16.5
-0.74953389 -10.008308 1.9890933 17
-0.6712923 -10.027404 1.9756608 17
-0.63860077 -8.9964123 1.9896828 18
-0.67223865 -7.341291 1.9979511 36
-0.58662766 -7.3373785 1.9886147 35
-0.34022582 -5.8433924 1.9235057 33
-1.1416764 -5.7733965 1.9964405 34
-0.31241119 -5.6838975 1.9951301 34
-1.7525918 -4.3066192 1.9028335 55
-1.7590046 -4.2571816 1.9913365 53
-0.32130572 -4.2778401 1.9683306 111
-1.6379313 -1.8448708 1.9454908 62
-1.6704512 -1.5275912 1.9436595 59
-1.6767111 -1.4907262 1.9913975 67
1.1465772 -1.351712 1.9355851 79
1.2369095 -1.380235 1.9665556 8
1.3918082 -1.2541679 1.9543967 2
2.2183709 -1.2343767 1.9824227 66
2.3801048 -1.2154475 1.9769442 62
2.4264567 -1.2085915 1.9805237 67
2.7437012 -1.1699075 1.9360083 61
2.8400815 -1.1555085 1.989783 66
-1.9750158 -1.0821817 1.9220539 51
-1.8489226 -1.0617599 1.9294056 41
3.4523418 -1.0771883 1.9562237 58
4.6623902 -0.93984967 1.94718 34
0.10449339 -0.81989098 1.9058596 30
0.094708949 -0.75343204 1.9339328 29
0.078965224 -0.66849959 1.9818718 69.5
-2.1371977 -0.55540955 1.9197172 72
0.076246858 -0.59401703 1.9900793 56
-2.1522872 -0.45479059 1.9691397 72.666664
-2.162466 -0.35056692 1.9261763 71.5
-2.173964 -0.25968274 1.96507 68.5
-2.1818159 -0.18976049 1.9911761 72
-0.088132977 0.053918947 1.9599352 9
-0.086825065 0.14495824 1.9648678 10
-0.076042019 0.27998495 1.9509981 66
-0.13595337 0.35124671 1.9600728 8
-0.07401447 0.34900486 1.951318 88
-0.13157284 0.44873479 1.9660525 8.5
-0.070525385 0.44203478 1.9555955 94
-0.12103317 0.5447312 1.9600086 23.5
-0.067101777 0.53806269 1.9576328 91.5
-0.11239601 0.64322484 1.958045 84
-0.060490772 0.63258517 1.9539819 87.5
-0.10214777 0.74302912 1.9531801 93
-0.05636891 0.73161381 1.9568851 71.5
-0.08308176 0.83873111 1.9655939 73
-0.085383259 0.92801517 1.9550936 64
-0.17464283 1.075761 1.9550959 41
-0.20118487 1.304911 1.9578137 38
-0.21204361 1.4132644 1.929689 65
-2.4625475 2.3743072 1.9060407 15
-2.4740534 2.5123205 1.9283017 65
3.3509443 2.5970259 1.9312853 28
3.41978 2.5578113 1.9579031 20
-2.5021422 2.6763179 1.965364 77
3.2336473 2.6943836 1.9685903 42
3.3408103 2.600857 1.9883834 25
3.2369351 2.7920611 1.9439355 37.5
-2.5211122 2.8403168 1.9962736 70
-0.35510314 2.8571284 1.9411224 26
3.1927319 2.8833947 1.901435 46
-2.4964232 2.9561367 1.9397057 21
-2.5175829 3.0416088 1.9369286 24
3.2311435 3.0619981 1.941269 33
3.1188021 3.4236915 1.9815171 35
3.1482458 3.5354533 1.9564786 14
3.1394534 4.0133462 1.9373296 24
1.7549781 4.1170454 1.9255745 9
0.90018189 4.8377347 1.9727681 34
0.95906091 5.1177483 1.9670767 5
-2.8485544 5.8362589 1.9523654 28
-2.7960393 6.068285 1.9230529 116
0.022446489 6.1701775 1.9007298 27
1.6326249 6.3790178 1.9313176 11
-2.2964163 6.4397316 1.9863796 59
-1.9979631 6.4758406 1.9604907 119
-1.8654341 6.4874396 1.9136381 116
-1.6210365 6.4988937 1.9457055 58
-0.83848828 6.5657563 1.9965215 62
-0.097536169 6.6853309 1.919652 5
0.75771433 6.7380996 1.9020895 49
2.354192 6.995851 1.9680139 117
2.651665 7.0207863 1.9510926 113
2.9913514 7.0710497 1.9061973 120
3.1668215 7.0225439 1.9022237 100
3.8741622 7.0809269 1.9417819 84
3.3929372 7.1171064 1.9074538 116
4.1399226 7.203382 1.9780438 107
-0.72055656 -8.9813051 2.0010841 18
-1.3314252 -7.5104132 2.031925 20
-1.160316 -7.141789 2.0298619 21
-1.2664366 -6.8944087 2.0346398 22
-0.66234976 -6.8923039 2.0451782 21
-0.57372898 -6.8794608 2.0348599 23
-1.1021501 -6.5977812 2.0403392 25
-1.2130969 -6.3894053 2.0443585 26
-0.64708024 -6.3733025 2.0537529 24
-0.55777401 -6.3654723 2.0463507 23
-0.30977112 -6.2709599 2.0346453 27
-1.0484999 -6.1037631 2.0452762 22
-0.6246056 -5.7462759 2.0027699 23
-0.53710443 -5.7643752 2.0042212 24
-1.001529 -5.6697397 2.0464652 70
-0.34486628 -5.6704631 2.0105939 64
-1.1225177 -5.5294166 2.05233 58
-0.62145168 -5.503293 2.058358 62
-0.5293774 -5.4964638 2.0526345 56
-0.33250993 -5.4337416 2.058023 61.5
-0.96203023 -5.2987318 2.0528638 61
-1.0857588 -5.1754141 2.0565739 65
-0.61027235 -5.1382875 2.0564728 64
-0.51843375 -5.1344371 2.053369 62
-1.5536668 -5.0036592 2.0129375 150
-0.33525941 -5.0797386 2.060215 62
-0.92588562 -4.9537086 2.0518756 65
-1.0542396 -4.8654108 2.0633676 64
-0.60060591 -4.8202839 2.0604596 65
-0.50776666 -4.8114352 2.056973 60
-1.5065484 -4.7707171 2.0468438 64
-0.337089 -4.769238 2.0634363 63
-0.89557666 -4.66571 2.0602727 70
-1.0267038 -4.5884089 2.0698111 63
-0.59336132 -4.550283 2.0692339 66
-0.49959928 -4.5414453 2.066273 66
-1.4480999 -4.4957018 2.0547581 69
-0.8683309 -4.405715 2.069335 72
-0.35614067 -4.4734955 2.0689049 74
-0.99990195 -4.3294063 2.0731771 69
-1.3952636 -4.2396784 2.058109 77
-0.58442295 -4.2852783 2.0701232 66
-0.49098831 -4.281446 2.0705717 66
-0.34046507 -4.2262306 2.0668025 67
-1.7587503 -4.1907892 2.0722873 77
-0.84111029 -4.1466937 2.067349 69
-1.3454039 -4.0046563 2.0611408 70
-0.97491771 -4.0884037 2.0743754 72
-0.57764715 -4.0522752 2.0728183 70
-0.48318863 -4.0454426 2.072742 67
-0.32450399 -4.0159798 2.0728478 67
-1.7090359 -3.9778144 2.0793879 68
-0.81730229 -3.9226851 2.0699964 76
-0.35874712 -3.9924915 2.0751297 64
-0.95309454 -3.8764017 2.0773027 77
-0.57095623 -3.8372719 2.0765021 75
-0.47637677 -3.8314395 2.0747807 67
-0.32517135 -3.8089848 2.0801237 73
-1.6598238 -3.7738686 2.0804734 65
-1.3015093 -3.7906356 2.0635879 85
-0.79664862 -3.7206821 2.0743191 85
-0.36021763 -3.785491 2.0802054 68
-0.93308932 -3.6733994 2.0780625 75
-0.56549609 -3.6453159 2.0820224 84
-0.47072989 -3.6354406 2.0786874 77
-0.3254844 -3.614984 2.083396 76
-1.6145278 -3.5829253 2.0802934 68
-1.2606825 -3.5926185 2.0667253 84
-0.77791321 -3.5356166 2.0795102 85
-0.36068857 -3.5934906 2.0853548 84
-1.8424326 -3.4904504 2.0145228 63
-1.5744838 -3.4089634 2.0827696 59
-0.91416627 -3.4903972 2.0797303 89
-0.5597105 -3.4643123 2.0846121 88
-0.46390605 -3.4524372 2.0806642 96
-0.32635394 -3.4259763 2.0815918 91
-1.8174096 -3.3875563 2.0602031 103
-1.2089003 -3.3565111 2.0367992 104
-0.89328974 -3.3013942 2.0705268 97
-0.35997772 -3.3774688 2.0655315 94
-1.7639748 -3.2255452 2.0684147 81
-1.5375289 -3.2499945 2.0860665 38
-1.1884376 -3.2355716 2.0660381 89
-0.75075984 -3.2955186 2.0443368 84
-0.55235922 -3.2663019 2.0692763 102
-0.45702767 -3.2584102 2.0706203 113
-0.34409079 -3.2397194 2.078196 107
-0.87995535 -3.1523926 2.0787301 41
-0.74158508 -3.1825862 2.0765407 90
-0.54843557 -3.1253026 2.0817246 48
-0.45314682 -3.1184289 2.0832932 85
-1.7153373 -3.0735302 2.0741639 29
-1.5024055 -3.0970345 2.087234 14
-1.1566415 -3.0785599 2.0692701 74
-0.86770326 -3.0163913 2.0878415 20
-0.7270568 -3.0355892 2.0821931 78
-0.34386814 -3.0947244 2.08692 64
-1.682308 -2.9565716 2.0975034 0
-1.472531 -2.958056 2.0910423 1
-1.1301692 -2.9405599 2.0759962 29
-0.71495324 -2.9066045 2.0926075 31
-0.54390228 -2.9843004 2.0871992 29
-0.447568 -2.974432 2.0880919 52
-0.34396708 -2.9542267 2.0936031 34
-0.85644704 -2.88939 2.0968654 4
-0.54088569 -2.8593009 2.0985572 7
-0.44333082 -2.8464427 2.0967557 22
-0.43956274 -2.7174418 2.0993567 0
-1.838493 -2.3037612 2.0781393 17
-1.3398514 -2.356231 2.0931084 13
-0.80624801 -2.3853812 2.0852284 1
-0.52320576 -2.3632812 2.091274 1
-0.32441568 -2.3379478 2.0924041 3
-1.8076274 -2.2077827 2.0814149 36
-1.3175654 -2.251272 2.0914381 35
-0.99459928 -2.2185142 2.0838711 21
-0.79797906 -2.28738 2.0939889 31
-0.52074635 -2.2642796 2.097553 37
-0.42172015 -2.2433987 2.089839 2
-0.35968679 -2.2255001 2.0946453 41
-1.4407519 -2.1913624 2.0769234 7
-1.2986619 -2.1562142 2.0936153 69
-0.97815257 -2.1235197 2.0905991 60
-0.78901368 -2.1883781 2.0947795 67
-0.64480537 -2.1915526 2.0924881 31
-1.7445301 -2.0659857 2.0360837 150
-1.4153445 -2.0983655 2.0844593 56
-1.3870616 -2.0003409 2.0822251 81
-1.2784634 -2.0622489 2.0928268 89
-0.96108752 -2.0275073 2.0903566 80
-0.77207857 -2.0023749 2.0962729 103
-0.6317631 -2.0525546 2.0979886 78.5
-0.51378584 -2.0672717 2.098242 108
-0.4155038 -2.0584049 2.0987909 86
-1.3646383 -1.9143453 2.0894761 91
-1.2639301 -1.9792407 2.0996451 93
-0.94627601 -1.9385034 2.0929077 108
-0.7643699 -1.9163733 2.0999639 113
-0.61901158 -1.9135382 2.0954323 99
-0.35691231 -1.9424868 2.0971491 142
-1.338079 -1.821313 2.0840628 108
-1.2386281 -1.8507897 2.0981076 97
-0.93119913 -1.8494916 2.0924704 125
-0.7573092 -1.8323715 2.0995834 103
-1.6487507 -1.7666054 2.0320985 64
-1.317467 -1.7413125 2.0891283 98
-0.91720349 -1.7664826 2.0929255 112
-1.6397456 -1.6609612 2.086174 105
-1.2975855 -1.6613041 2.0911169 112
-1.6126578 -1.5579779 2.0926228 112
-1.2699572 -1.5482941 2.0963974 102
-1.6819987 -1.4294078 2.0563583 78.5
-1.5851479 -1.4540114 2.0940888 107
-1.2441571 -1.4392841 2.099494 122
-1.667444 -1.3449901 2.0900192 100
1.1649305 -1.3900042 2.0687792 42
1.2407224 -1.3804251 2.0411606 22
1.5162355 -1.350589 2.0792062 7
1.6393162 -1.3359773 2.0958593 4
-1.6351233 -1.2439771 2.0931802 106.5
-1.5447322 -1.2930615 2.0974555 105
1.4070505 -1.2613916 2.0421135 4
2.2202902 -1.236082 2.0055254 67
2.3092353 -1.2215548 2.0826871 64
-1.6049701 -1.1459701 2.0981481 106
2.4752967 -1.1965423 2.0741708 65
2.5236051 -1.1897949 2.0800498 64
2.8674433 -1.1509128 2.0439301 66
-2.0663137 -1.0706544 2.0685959 96.5
-1.9360675 -1.0560786 2.0689998 77.5
3.6363735 -1.0537302 2.0830441 58
-2.0285909 -0.95367289 2.0843253 100
-1.9194684 -0.95558262 2.0923443 102
-1.1418041 -0.97920769 2.0988173 97
4.6136045 -0.9478687 2.0248318 41
-1.9846525 -0.83464897 2.0865569 96.5
-1.8890032 -0.84911811 2.0942826 96
-1.9558135 -0.74863678 2.0893619 92
-1.8648149 -0.74664843 2.0992076 105.5
-1.9304595 -0.66462576 2.0918527 88.5
-1.4636102 -0.61489266 2.0981731 79
-1.9070972 -0.58161557 2.0941637 92
-1.8931812 -0.52860928 2.0955508 85
0.069240361 -0.52555257 2.0133836 40
-1.88035 -0.47460631 2.0978484 90
0.061075915 -0.43259925 2.0439048 28
-2.160794 -0.35000205 2.0080891 75.5
-1.8553292 -0.36858907 2.0983653 92
0.053374335 -0.36414376 2.0746102 19
-2.1698222 -0.263538 2.037456 77
-1.4086273 -0.29885322 2.0999434 88
-2.179503 -0.14930789 2.0508533 84
1.3592277 -0.13811074 2.0969458 90.5
-2.1883912 -0.053416684 2.0576072 95.25
1.3537936 -0.055037025 2.0878959 53
-2.2057886 0.054041352 2.0570068 79
-2.1840365 0.037365559 2.0739346 94.666664
1.3575211 0.042517934 2.0678592 34.166668
-2.213264 0.1304919 2.0731268 85
-2.1716652 0.14698352 2.0881443 101
1.3754588 0.14696313 2.063895 64.714287
-2.2187781 0.23395893 2.0839748 102.5
-2.1717472 0.24145815 2.0891781 99
1.3912544 0.238345 2.0598848 58.5
1.4103827 0.27451718 2.0625505 54
-2.2233114 0.33844191 2.0893912 115
-2.1791871 0.33743083 2.0941019 102.5
-0.32983655 0.33876884 2.0618351 150
1.4292997 0.34772846 2.0687156 33.5
-2.2301602 0.44492966 2.0926011 112
-2.1845365 0.4349063 2.0921814 102.5
1.2967751 0.41981623 2.0919747 10.5
1.3097004 0.46508783 2.0760503 41.25
1.4435929 0.40596095 2.0658669 15
-2.2408631 0.55392003 2.0939722 105.5
-2.1983259 0.53537941 2.0950625 101.5
1.3295622 0.54826099 2.0581954 52.666668
-2.2339303 0.65138483 2.0947094 105
-1.7633159 0.61180067 2.0675807 37
-1.3587308 0.63947845 2.0723834 57.5
-1.0111055 0.66680151 2.0847914 91
-0.99677509 0.67707938 2.0690444 45
-0.69010329 0.68379438 2.0993643 99
1.3696537 0.65179306 2.0548072 52.833332
-2.2426708 0.74519324 2.0931985 102.33334
-0.61691296 0.72373796 2.0808666 111
1.3982893 0.72052336 2.0537629 55
1.4007665 0.72343946 2.0525672 52
-2.2741477 0.83469707 2.0948179 92
-0.065412246 0.88319498 2.0059814 29
-2.3043025 0.98392642 2.0770741 73
-2.2894561 0.9534865 2.0924208 95.666664
-0.18605372 0.93958247 2.0849373 71
-0.080788992 0.96426302 2.0604873 29
-2.3104126 1.0643731 2.0690596 75.333336
-0.17840706 1.0216079 2.0721545 53
-0.085431866 1.033301 2.0847094 13
-2.3105392 1.107181 2.0757549 80
-0.21326551 1.1908013 2.0841644 78
-0.20617464 1.2627996 2.0948753 46
-0.21425779 1.3345881 2.0736651 55
3.6160583 1.306101 2.0080969 17
3.8929236 1.3176662 2.0542207 2
-0.21388957 1.4090947 2.0188673 67
0.31127131 1.7940829 2.0718191 22
-0.023498187 1.8646399 2.0665195 13.333333
0.32547629 1.8675903 2.0685713 17
0.32685176 1.9465632 2.0675185 19
-2.1759157 2.0558057 2.097698 1
0.34138852 2.0205772 2.0599489 9
1.2661877 2.1672282 2.0908279 0
3.2440383 2.3723636 2.0300004 82
-2.4704201 2.4498637 2.0276568 75
3.2329226 2.4703703 2.0040236 94
-2.4926832 2.605864 2.0643907 89
1.0597612 2.6545753 2.0845828 16
-2.4975562 2.7488654 2.0857747 112
1.0965303 2.7226348 2.0555437 35
3.2381384 2.7965648 2.0125706 29
-2.4847696 2.8758669 2.0904207 115
-0.36285698 2.8379235 2.0287411 21
1.1401663 2.8266559 2.049649 35
-2.5106318 2.9336262 2.0230072 6
-2.4587183 2.9938688 2.0861197 77
1.1849549 2.9236898 2.0365536 5
3.1442475 2.9175203 2.044755 0
-2.5375953 3.008316 2.0255058 60
1.0578707 3.0519323 2.0377474 48
3.2177081 3.0638022 2.0078537 52
-2.559593 3.1973143 2.0608723 48
-2.4351542 3.1178708 2.0834961 42
3.1387012 3.1695929 2.0193796 28
-2.4206898 3.2628725 2.0906296 12
1.1197554 3.2379704 2.0292671 27
-2.563642 3.3713155 2.0817144 20
3.1419916 3.3106217 2.010524 39
3.1519747 3.5079725 2.0198672 14
-2.2985878 4.0398812 2.0999556 16
3.1258211 4.0291085 2.0281284 24
-2.2611804 4.1988835 2.0928192 29
-2.4667695 4.2113404 2.0984547 16
-2.6578391 4.3392186 2.0663259 19
-2.4376597 4.3953462 2.0969234 34
-2.6349502 4.5381894 2.067044 45
-2.605175 4.7391329 2.0618761 60
-2.5784004 4.9610958 2.0610905 59
-2.5493999 5.1980562 2.0599535 53
-2.7061799 5.2281518 2.0964103 57
-2.7384543 5.3708935 2.0039873 26
-2.2610595 5.4963789 2.0888298 35
0.30932978 5.5696149 2.0755868 21
-2.7885444 5.6557269 2.007035 27
1.3546245 5.7097316 2.0984864 21
-2.1844747 6.0843902 2.0987179 31
-2.0270729 6.4547462 2.0084281 118
-1.7561527 6.4718895 2.0404654 111
-1.0585999 6.5378523 2.0372703 118
-0.16714871 6.7078385 2.0747342 27
0.43707141 6.7085805 2.0296326 54
0.68609774 6.7549801 2.0485408 69
2.4074502 6.9404016 2.0251176 108
2.5327289 7.011167 2.0253963 114
2.7919278 7.0505176 2.0895147 119
3.0926006 7.0092764 2.0374789 100
3.1298687 7.0879269 2.0492907 118
3.8235686 7.0846238 2.0837204 81
3.5458272 7.1358123 2.0443099 119
-0.34382653 -2.8287325 2.1033006 12
-0.70293456 -2.7846224 2.1040013 4
-0.32414103 -2.2419538 2.1006002 27
-0.51711625 -2.1672771 2.1019251 71
-0.4187271 -2.1564155 2.1013212 59
-0.34145871 -2.1407285 2.103796 73
-0.7814793 -2.098377 2.1004634 92
-0.34035033 -2.0432534 2.1019773 108.5
-0.51132458 -1.98227 2.1045146 105
-0.41172075 -1.9684041 2.1013134 105
-0.32174161 -1.9600105 2.1061988 104
-0.61259687 -1.8335479 2.1022136 113
-0.50593972 -1.8537645 2.1060414 109.5
-0.40725845 -1.8429077 2.1074803 114.5
-0.33851969 -1.8667452 2.1038537 133
-1.2178273 -1.7333062 2.1022682 119
-0.75059634 -1.75337 2.1031868 111
-0.6047461 -1.7515457 2.1041069 113
-0.50272048 -1.7322598 2.1093833 114
-0.40244299 -1.7214034 2.1096544 116
-0.33161339 -1.7614962 2.1086175 127.66666
-1.2026296 -1.6563376 2.1011484 115
-0.9058153 -1.6904924 2.1001582 118
-0.89398485 -1.6144893 2.1024103 124
-0.74145901 -1.6403757 2.1075072 113.5
-0.56371218 -1.6464533 2.1133673 117.33334
-0.40017611 -1.6504143 2.1180274 122
-0.3418614 -1.652317 2.107811 138
-1.183537 -1.54687 2.1016965 122
-0.88233024 -1.5404912 2.1066496 117
-0.73355561 -1.5353738 2.1147299 118
-0.58552057 -1.527549 2.1133676 109
-0.49586648 -1.5482526 2.1170826 123
-0.36454004 -1.5455199 2.1141953 127.75
-1.1691962 -1.4473554 2.1109273 110
-0.87140566 -1.4674859 2.1078095 111
-0.72857362 -1.4643723 2.1151705 129
-0.57956856 -1.4565449 2.1140628 125
-0.49273199 -1.4442483 2.121413 136
-0.34458739 -1.4458441 2.1155617 134.39999
-1.5631318 -1.3590237 2.1011426 113
-1.219892 -1.3357761 2.1029406 101.5
-1.1526908 -1.3488812 2.112319 120.5
-0.85677415 -1.365486 2.112386 123.5
-0.72032177 -1.36437 2.1184077 129.5
-0.57068306 -1.3535398 2.1155949 128
-0.48820904 -1.3422422 2.1213467 130
-0.34991431 -1.3532499 2.1190355 138.66667
1.1650945 -1.3821903 2.1439514 47
1.245625 -1.3772182 2.1560071 45
1.5234457 -1.3457803 2.1488144 17
1.666021 -1.3333925 2.1442869 7.3333335
-1.5320781 -1.2330679 2.102334 115
-1.1677706 -1.2438412 2.108381 123.5
-0.83866858 -1.234484 2.1173458 132.5
-0.71289194 -1.2663677 2.119566 124
-0.56191295 -1.2485116 2.1070824 96
-0.48398578 -1.2382333 2.1132236 105
-0.34731832 -1.2552418 2.1199067 124
0.77110708 -1.2267041 2.1481335 13
2.3083422 -1.2212248 2.1029508 68
2.4008162 -1.2037338 2.1836574 61
-1.5106312 -1.1429045 2.103426 104.5
-1.1503494 -1.1495913 2.1103024 123.5
-0.82320791 -1.1334456 2.1069338 109
-0.70439816 -1.1693647 2.1142921 106.5
-0.63109922 -1.127089 2.1354573 34
-0.54537374 -1.1466178 2.1237764 93
-0.48032758 -1.1476319 2.1191282 110
-0.34330511 -1.1361851 2.1188889 109.6
0.75305653 -1.136209 2.1443326 13.5
1.3803986 -1.1347626 2.1746595 12
1.4036222 -1.1937845 2.1886671 13
2.584204 -1.1806515 2.1859846 63
2.6394522 -1.1770345 2.1976283 68
2.9706473 -1.1387547 2.1036639 58
3.0041311 -1.1319185 2.1629152 54
-1.5792518 -1.0534633 2.1022038 100.5
-1.4911857 -1.0549325 2.1052663 115
-1.1249485 -1.0453861 2.1167629 131.33333
-0.81169045 -1.0439504 2.1127067 109.5
-0.66105413 -1.0549631 2.1276469 92.25
-0.5379265 -1.0446272 2.12638 99.333336
-0.46180105 -1.0344682 2.1289089 105.33334
-0.34165937 -1.0525268 2.1194828 113.75
-0.27885744 -1.0178275 2.1457102 150
0.73639601 -1.0497174 2.1422756 13
1.3524394 -1.0562648 2.1684308 12.5
-1.553357 -0.95995086 2.10427 100
-1.4736093 -0.97146505 2.1054604 119.5
-1.1332204 -0.92221373 2.1037529 102
-1.0936834 -0.95551282 2.1117909 112
-0.79920119 -0.95242697 2.1075275 107
-0.64221007 -0.95153719 2.1333508 93.166664
-0.52554971 -0.95636684 2.1377795 96.666664
-0.44235441 -0.94647199 2.1366947 102.33334
-0.33783531 -0.95338297 2.1223438 111
-0.27833012 -0.95483434 2.1493089 99
0.72263694 -0.96672368 2.1399112 13
1.3440125 -0.95006472 2.1563022 13.5
4.9619923 -0.90731293 2.1477246 36.5
-1.5288062 -0.87094504 2.1041968 106.5
-1.4550298 -0.86448592 2.1116805 119
-1.1173233 -0.83620572 2.1054029 109.5
-1.0806761 -0.8710655 2.1069436 116.5
-0.79030317 -0.86893642 2.1145577 105.5
-0.65142441 -0.85528481 2.127079 92
-0.54290098 -0.86373085 2.1321509 97
-0.45419303 -0.85845238 2.1319911 109
-0.34083599 -0.8474738 2.1252403 110.6
-0.28208384 -0.84554213 2.1412466 107
0.72830105 -0.86199921 2.1549027 26.333334
1.2855387 -0.85220313 2.1360278 13
1.336441 -0.85186225 2.1374493 14
1.4655334 -0.84661561 2.1479955 13
-1.5086803 -0.78595465 2.1087387 103
-1.4543544 -0.74767137 2.1090882 121.33334
-1.1021558 -0.75118983 2.1039729 106
-1.0681496 -0.76459455 2.1079683 116.5
-0.77803016 -0.75793242 2.1174407 107.5
-0.64495355 -0.7680347 2.1289976 97
-0.54500639 -0.76778972 2.1298161 99.400002
-0.45354921 -0.75244063 2.1349962 105.6
-0.34653467 -0.73210263 2.1203825 116.25
-0.28350174 -0.74056143 2.1214199 126
0.69143498 -0.7486704 2.1137009 13.5
0.75138909 -0.74638301 2.1184814 14
1.2692249 -0.73376501 2.1372304 13
1.3128241 -0.7683692 2.1349471 13.5
1.4392064 -0.75045836 2.1427436 13.25
-1.8419517 -0.64518118 2.1020169 96
-1.4366282 -0.65938002 2.1054037 98.333336
-1.0734944 -0.66514713 2.1078429 106.75
-0.76585054 -0.64891541 2.1157932 114
-0.64723104 -0.66797286 2.123431 103
-0.55579013 -0.63888073 2.1290345 98.599998
-0.45420125 -0.64416212 2.1339648 103.16666
-0.34676361 -0.63964891 2.1286161 118.66666
-0.29188094 -0.62942743 2.1313515 112
0.10545197 -0.65096509 2.1951623 42
0.68094409 -0.65116155 2.1150885 13
0.73424292 -0.63337576 2.1135309 14
1.0411974 -0.61495537 2.1952727 5
1.2613491 -0.64206159 2.1351309 13
1.3948095 -0.60124928 2.1404324 13
1.4172933 -0.6592983 2.1370072 13
-1.8204296 -0.5460431 2.1022441 98.5
-1.4354061 -0.54996848 2.1056883 93.666664
-1.3966752 -0.52914 2.1054416 99
-1.0610932 -0.56228697 2.110301 105
-0.75547725 -0.54490948 2.1174855 110
-0.66555023 -0.56534845 2.1237483 115
-0.54468799 -0.54882896 2.1275358 103
-0.44886571 -0.54830796 2.1278245 102.75
-0.33895624 -0.55209488 2.1283398 115.25
-0.2873264 -0.52726495 2.1334188 113.5
0.10151812 -0.54795319 2.198916 40
0.67267084 -0.5571779 2.1175241 12.5
0.72382224 -0.54637128 2.1110959 14.5
1.2529271 -0.55526102 2.1445665 9.8000002
1.3835057 -0.54325014 2.1375265 12
1.4062605 -0.5477168 2.1473055 10.333333
-1.8380477 -0.44758499 2.1023974 100.5
-1.7995952 -0.42658302 2.1053548 100
-1.4321814 -0.42938763 2.1055102 84.5
-1.3871205 -0.45616841 2.1055038 96
-1.0512047 -0.46154886 2.1150808 106
-0.74596661 -0.44239992 2.1175909 108
-0.65926409 -0.46534523 2.1207902 111.5
-0.54690719 -0.45711124 2.1263921 100.66666
-0.46312463 -0.45519251 2.1282845 104.25
-0.35522285 -0.45780516 2.1290185 112.66666
-0.28250754 -0.42659876 2.1324856 121.5
0.10046579 -0.44493604 2.1940832 16
0.66669667 -0.46267998 2.1138613 11.5
0.71521652 -0.46186745 2.109499 14
1.3914638 -0.43806687 2.1491864 16
-1.8464812 -0.31658751 2.1003036 96
-1.7880721 -0.35410875 2.1057343 115
-1.4190933 -0.35187519 2.1048863 94
-1.376099 -0.36020359 2.1061163 98
-1.0404441 -0.36132315 2.112658 104.25
-0.73852313 -0.34290755 2.1240304 100.5
-0.65462673 -0.36784256 2.1252167 114
-0.55777586 -0.34890389 2.122499 93.5
-0.47046709 -0.3487978 2.1278982 107.83334
-0.34542847 -0.34745377 2.1300478 120.14286
-0.27786094 -0.3280848 2.131012 120.5
0.047373712 -0.31818125 2.101666 20
0.66238266 -0.34901312 2.1086318 12
0.70696062 -0.35836124 2.1075583 15.666667
1.3865018 -0.35076594 2.1587274 9.5
-1.831582 -0.23908025 2.1018491 96
-1.7755885 -0.26014191 2.1066694 106
-1.4041141 -0.24886407 2.1055064 90
-1.3664043 -0.2652449 2.1046157 100.5
-1.0318433 -0.26283371 2.1120625 106.5
-0.73095888 -0.24289736 2.1234541 107.5
-0.65003788 -0.27129316 2.1261106 88.5
-0.54970568 -0.23764549 2.1215804 78.5
-0.46474645 -0.24696076 2.1272519 81
-0.34465861 -0.23861529 2.1315827 95
-0.27306575 -0.2315758 2.133564 87.5
0.038735159 -0.24873406 2.1391096 19.5
0.66079551 -0.23818807 2.1077981 12
0.70209384 -0.2583611 2.1093915 16
1.3619996 -0.25596365 2.1054223 8.666667
-1.8200891 -0.13709007 2.1076837 99
-1.7667198 -0.16717279 2.1088068 108
-1.3726629 -0.15811069 2.1052909 99.599998
-1.0238029 -0.15344307 2.1152449 106.4
-0.72384733 -0.14488608 2.1223304 105
-0.64507955 -0.15095629 2.1268842 117.66666
-0.53855288 -0.13777922 2.1191447 91.333336
-0.45847943 -0.14595582 2.1275997 111.33334
-0.33871904 -0.13911453 2.1302602 115.16666
-0.2676847 -0.13556546 2.1351621 126
0.030095583 -0.17628707 2.1765568 22
0.69967145 -0.19936453 2.1122649 15
1.3626323 -0.15647039 2.1266835 11.5
-1.8053558 -0.034574345 2.1052737 98.5
-1.7581345 -0.050378967 2.1103899 108
-1.3699125 -0.051581066 2.1077747 100
-1.0199292 -0.045317084 2.118084 106
-0.71795344 -0.04588151 2.1236105 107.5
-0.63993216 -0.032285973 2.1254997 114
-0.54084086 -0.063501082 2.1216536 93.666664
-0.45244357 -0.046285171 2.1274633 109.5
-0.3334085 -0.040264267 2.1304362 118
-0.26212844 -0.039552588 2.1347671 122.5
-1.7760358 0.066336416 2.1104126 105
-1.3634634 0.044086419 2.1068521 102.5
-1.0153524 0.05093272 2.1176465 103.75
-0.71237934 0.050628021 2.122848 104.5
-0.63715589 0.062716693 2.1282561 119
-0.53097039 0.033867367 2.1200018 90
-0.44984382 0.042216126 2.1286583 116.4
-0.34335965 0.05732223 2.1304913 111.5
-0.27716732 0.05778303 2.1327515 126
0.70471042 0.055065501 2.1549208 62.5
-1.7719994 0.16457495 2.1101062 106.5
-1.3604552 0.14156888 2.1068721 102.25
-1.0126595 0.14841489 2.118546 107.5
-0.70883107 0.14962171 2.1279354 111.5
-0.63492119 0.1587193 2.1314673 122
-0.52347928 0.14111774 2.1185422 90
-0.44283172 0.13469218 2.1296434 110.5
-0.33721223 0.15708578 2.1278286 109.25
-0.27121046 0.15404145 2.1363835 126.25
0.71003008 0.1543128 2.1509235 67.666664
-1.7660598 0.25226483 2.1118968 105
-1.3592348 0.24004978 2.1072381 103.25
-1.0095894 0.24641082 2.1152148 110.5
-0.70479709 0.24962947 2.1275463 111.5
-0.63170946 0.25472227 2.1292427 115.5
-0.51630825 0.24862778 2.1166456 94.25
-0.43787041 0.23535973 2.1313422 112.33334
-0.33142292 0.25760013 2.1283376 112.25
-0.26474267 0.25105256 2.1370492 135.25
0.69466931 0.23769313 2.1491153 24.5
0.71799147 0.25269568 2.1476383 16
-1.7726351 0.33804342 2.1086609 102.75
-1.3604814 0.33978412 2.107141 107
-1.0094075 0.34614623 2.1161478 108
-0.70193642 0.3506318 2.1290636 110
-0.62984228 0.35322493 2.1309159 119
-0.51121819 0.357108 2.116832 93.5
-0.43209717 0.33702818 2.1320999 110.33334
-0.27096903 0.34848383 2.1391838 127.66666
0.70754176 0.32666099 2.1570301 7
-1.7794085 0.44077492 2.1114347 102.5
-1.3658502 0.44226718 2.1109557 105.25
-1.011765 0.44839278 2.1203728 107.25
-0.66381919 0.4536795 2.1320632 110.75
-0.50898123 0.47027582 2.1122389 92
-0.44317347 0.4448652 2.1249597 105.625
-0.26399219 0.4496659 2.1417649 120.16666
0.73497456 0.46400806 2.1535218 7.6666665
-1.8014225 0.56843513 2.1098726 96
-1.7821687 0.53754491 2.1125522 102
-1.3705432 0.54549813 2.1100593 103.25
-1.0139335 0.55215776 2.1193347 109.5
-0.66208327 0.55746895 2.1306081 119.75
-0.50983226 0.55677342 2.1223319 109
-0.4429467 0.54582852 2.1248555 106
-0.39784706 0.5851528 2.1135201 97
-0.25629431 0.55267811 2.1417358 123.5
0.7537061 0.55290008 2.1528685 16.200001
-1.8168679 0.68241793 2.1138513 91
-1.7910805 0.67908031 2.1137469 102
-1.3780696 0.65299165 2.1099916 90.5
-1.0154474 0.63093936 2.1166143 106.5
-0.64813322 0.65173393 2.1228652 117.33334
-0.50709158 0.64177144 2.1247211 106
-0.43716663 0.64596462 2.132092 117
-0.24796021 0.65834844 2.1419356 127.16666
0.77310097 0.65193892 2.1592739 13.5
-1.8149004 0.76374054 2.1124308 100
-1.3925167 0.75393373 2.1211176 119
-1.0219607 0.75424594 2.1134481 103
-0.65965372 0.77224487 2.1257946 102.5
-0.50091237 0.7562691 2.1220963 103.5
-0.46330595 0.75022209 2.1246114 111.75
-0.39884362 0.74596304 2.1343753 127.5
-0.24726681 0.76212549 2.1414371 119.6
-0.19925892 0.79449099 2.1438353 120
0.79679823 0.74820036 2.1352768 4
0.81077999 0.79819024 2.1408377 17
1.44047 0.78139096 2.1123304 154
-2.2675102 0.88329184 2.1003592 101
-1.4087381 0.88145041 2.1222703 122.5
-1.3993711 0.82197142 2.1185575 124
-1.0278842 0.85392451 2.1187534 105.25
-0.67237169 0.84272867 2.1306841 114.33334
-0.47330061 0.85078669 2.1182013 107.75
-0.39334428 0.8604691 2.1404083 111.5
-0.2518025 0.8537904 2.1443808 118.5
-0.19230109 0.87252092 2.1274748 112
0.80892336 0.82481849 2.1327593 17.5
-1.4196829 0.95766491 2.1241205 114.66666
-1.0343289 0.95958775 2.1236846 101.33334
-0.66169685 0.95021915 2.1341724 112.25
-0.46558467 0.93650806 2.1248133 105.6
-0.38937771 0.94497645 2.1352568 118
-0.24453439 0.94005358 2.1416163 117.75
-1.4302921 1.0468826 2.1209733 112.33334
-1.0475837 1.0532573 2.1283503 114.33334
-0.65046412 1.0607229 2.1374161 118.33334
-0.46380743 1.0520812 2.1226208 91.166664
-0.38491908 1.0394804 2.141695 114.5
-0.23448792 1.0605346 2.1409116 115
0.1587536 1.0304334 2.1804228 7
-1.905327 1.1783803 2.1134596 21
-1.8971661 1.1999516 2.1111999 15
-1.4477906 1.147975 2.1238701 110.33334
-1.0528671 1.15355 2.1321738 122
-0.70214605 1.1522009 2.1436567 119.5
-0.62716061 1.1607262 2.1402273 112
-0.42513138 1.1525283 2.1449008 113
-0.37883565 1.168487 2.1467776 110.5
-0.22702868 1.1527935 2.1359177 117.5
0.5335753 1.1678891 2.1815262 20
0.87999046 1.1067528 2.1923685 33
-1.9181824 1.2556834 2.1113966 98
-1.4630699 1.2405233 2.1210067 114.33334
-1.0667908 1.2495871 2.1303017 120
-0.70552969 1.2556939 2.1476338 130
-0.62988985 1.2657278 2.1485262 137
-0.42147663 1.2590147 2.1545043 135
-0.3738361 1.2719913 2.1527629 125
-0.22901562 1.2493489 2.1392169 148
0.90875643 1.2107718 2.1993334 16
-1.9441861 1.3465838 2.1103191 81
-1.482675 1.3523546 2.1206608 114.33334
-1.072711 1.3368926 2.129503 113
-0.70720983 1.3587075 2.1437292 127
-0.63092625 1.3707297 2.1489418 131
-0.41793567 1.3635241 2.1540537 132
-0.37093502 1.3419949 2.1540384 137
-1.9706446 1.4480702 2.1102884 84.333336
-1.5062039 1.473475 2.1173394 115
-1.4930943 1.4018809 2.1145999 108
-1.0866091 1.4496486 2.1337154 113.75
-0.7113288 1.4707079 2.1446505 120
-0.63309062 1.4437308 2.1507633 128
-0.41488308 1.4365312 2.1534872 125
-0.36551908 1.4549537 2.1600904 133.5
-2.0022209 1.5433965 2.1078632 82
-1.9969839 1.5468817 2.1053755 82
-1.5239904 1.5524635 2.1198199 105.5
-1.107421 1.5659227 2.1257031 107
-1.0902308 1.557855 2.1343935 100
-0.71497023 1.5526918 2.1515617 103
-0.63525403 1.5587327 2.1525865 121.5
-0.41161603 1.552552 2.1565399 118.5
-0.35950023 1.56896 2.1601453 126
-1.54155 1.6319649 2.1198053 109
-1.1087745 1.6413841 2.129117 111.5
-0.71646345 1.6287092 2.1455977 116
-0.63715631 1.6777347 2.1514215 118
-0.40677565 1.6695696 2.1527174 117
-0.35607725 1.6439652 2.1554453 126
-0.088223629 1.6306049 2.1994696 20
0.66234314 1.673954 2.1624184 3
-1.5712851 1.7459154 2.1228316 91.666664
-1.1203145 1.7248654 2.1290579 102
-0.71939832 1.7117134 2.1445425 113
-0.63923395 1.762736 2.152247 122
-0.40454656 1.7515811 2.1500897 114
-0.35192007 1.7259698 2.1538231 123
0.29088813 1.7610404 2.1180003 34
0.68040931 1.7339737 2.1532891 4.5
-2.1266172 1.8993044 2.1169233 14
-1.6054912 1.8818362 2.1158044 92
-1.5799952 1.811036 2.1238024 84
-1.1336799 1.8148693 2.1328373 99
-0.7264623 1.8492002 2.1502857 108
-0.64096314 1.8467375 2.1490877 106
-0.40167731 1.8415836 2.1515524 102
-0.34694111 1.8119738 2.1542809 128
-0.058006085 1.8278496 2.1165183 11
-2.157371 1.9923009 2.1124542 48
-1.617633 1.9419253 2.1231697 76.5
-1.1540037 1.936213 2.1309659 90.666664
-0.73255306 1.984715 2.1450672 110
-0.64286661 1.9367388 2.1479213 113
-0.3599461 1.9445138 2.1545951 110.33334
0.70011753 1.931615 2.1863022 1
-2.1954556 2.0932832 2.1113729 31
-1.642633 2.038413 2.1220117 59
-1.167789 2.0498548 2.1330361 65.5
-0.7377544 2.085711 2.1468675 83
-0.64628923 2.03774 2.1526453 63
-0.36420733 2.0607939 2.1520417 84
-2.2269349 2.1790345 2.1055713 10.5
-1.6669061 2.1354027 2.118407 27
-1.1831605 2.150363 2.1310997 37
-0.7441327 2.1947017 2.1505916 42
-0.64884073 2.1337414 2.1474073 29
-0.36007085 2.1612949 2.1505301 44.5
-1.6793153 2.2070048 2.1220992 23
-1.180827 2.2098174 2.135119 31
-0.38895553 2.2386005 2.1545839 24
-2.2830355 2.3152299 2.1132748 1
-1.7093461 2.3189933 2.1207473 1
-1.198813 2.319813 2.1338151 4
-0.75179869 2.3126504 2.1562531 6
-0.67258114 2.7507465 2.1664371 8
-0.37098333 2.7532058 2.1206963 7
-1.308893 2.8151355 2.1299489 7
-0.67578143 2.8797483 2.1571283 40
0.5291627 2.8485117 2.1722915 3
-1.9106673 2.9238267 2.1192451 1
-1.3222675 2.9714303 2.1269474 32
-0.79185575 2.9706535 2.1533546 32
0.56059176 2.9815073 2.1783311 0
-1.9352114 3.039331 2.1212821 22.5
-0.6814099 3.0267496 2.152627 77
0.59299272 3.0995212 2.1704571 0
-1.9697241 3.1788228 2.1331387 32
-1.3530364 3.1354094 2.1286807 57
-0.80153602 3.1266632 2.1488733 69
-0.6885187 3.1897371 2.1530297 93
0.52177757 3.1986604 2.1417079 6
-2.0084438 3.2348173 2.113138 59
-1.3955207 3.2841535 2.124506 94
-0.81365925 3.2996595 2.1492379 80
-2.0214362 3.3488126 2.1270099 52
-1.3816861 3.3507004 2.1434131 71
-0.69718599 3.3787379 2.160311 91
0.54914403 3.3506711 2.1445141 8
0.66654348 3.3715391 2.1643631 5
-2.0662501 3.4098125 2.1087747 67
-1.4326521 3.47018 2.1255386 74
-2.0848272 3.5417759 2.1279378 60
-1.4189095 3.5416813 2.1436276 64
-0.82958072 3.500632 2.1583707 80
-0.70632708 3.5727389 2.1615279 78
0.7073285 3.5325391 2.1692941 36
1.8962969 3.5494027 2.1742651 11
-2.1336923 3.6078308 2.1115613 65
-1.469192 3.6601739 2.1195803 79
0.60989982 3.6666954 2.1418953 6
-2.1597223 3.7627187 2.1339455 57
-1.4592218 3.7536583 2.1446276 61
-0.84488755 3.7096221 2.1605513 61
-0.71573001 3.7867396 2.1657345 78
-2.2091827 3.8258529 2.1146159 68
-1.5145171 3.8832171 2.1227632 68
0.6437099 3.8327088 2.1355636 1
2.9390895 3.8336127 2.1798172 3
-2.2349081 3.9896834 2.131912 56
-1.5057743 3.985604 2.1471548 56
-0.86210662 3.9346142 2.1615982 65
-2.5033214 4.0533328 2.1086278 0
-2.2882316 4.0558619 2.1123207 62
-0.72660321 4.013741 2.1637902 65
0.68085831 4.0227203 2.1362982 2
-1.5668808 4.131268 2.1262419 68
-0.88186461 4.1915903 2.168524 63
-2.3125558 4.2256641 2.1236613 54
-1.5559806 4.2355804 2.1463745 48
-0.73917007 4.2737417 2.1697299 72
1.4319519 4.257967 2.115104 15
-2.3741655 4.3018689 2.1083968 58
-2.4460194 4.5523701 2.118973 56
-2.5263691 4.8355222 2.132462 51
-2.1681795 4.8108888 2.107295 33
-1.6859474 4.8574748 2.1605844 56
-2.5929711 4.9091592 2.1098886 61
-2.1241014 5.016891 2.1028965 48
-1.754239 5.0204043 2.1274436 59
-2.6477962 5.1794605 2.1306598 49
-1.7571239 5.1994433 2.1581864 49
-0.95627719 5.1265392 2.1783311 59
-2.082201 5.2548928 2.1059985 46
-0.78856921 5.2417436 2.1835229 61
-1.8320817 5.3814468 2.1242435 51
0.43986908 5.40589 2.1289062 4
-2.7734153 5.5394216 2.1194949 52
-2.0361562 5.5028944 2.1063049 40
-1.840818 5.5993915 2.1608548 43
-0.9874323 5.5045295 2.1775224 53
-0.80841261 5.6307445 2.1808019 54
-1.9860004 5.7698812 2.1074424 40
-2.2346334 5.8103824 2.1047976 42
-1.9265658 5.8135376 2.128346 47
-1.02775 5.9694843 2.1891708 45
3.8717248 5.9224782 2.1452162 15
-1.9352632 6.0541019 2.136044 40
-0.83311373 6.096745 2.1876979 47
-2.0347867 6.3016238 2.1290269 45
-1.878332 6.3868852 2.116848 55
-2.1420097 6.425396 2.1062772 98
-2.0153804 6.4453998 2.1225066 135
-1.0703733 6.4814572 2.1927018 70
-0.85160297 6.5217471 2.1579933 58
-0.21157688 6.5041246 2.1639948 111
-0.086163782 6.5411081 2.1502993 41
0.38206336 6.5326843 2.1223409 44
0.61427462 6.5229173 2.1196535 20
1.6291095 6.7846823 2.1873841 29
1.247617 6.8207335 2.1366689 100
2.5632308 6.8404927 2.1832018 98
2.3579226 6.946188 2.1697519 124
2.6553826 6.9939914 2.1560755 95
2.8841217 6.9173379 2.1809502 85
2.4817312 7.0036297 2.1008544 127
3.0238116 7.0090065 2.1752973 102
3.2569182 7.0708098 2.184082 84
3.7001595 7.1455145 2.1825314 110
4.2963023 7.2123828 2.127094 106
0.87408382 -1.3306054 2.2579958 92
1.1650374 -1.3639627 2.2538257 63
1.2396903 -1.339022 2.268127 74
1.4558142 -1.3168175 2.2138357 14
1.5351343 -1.3325644 2.2525492 39.5
1.679979 -1.3164128 2.2685819 27.25
0.8525188 -1.2436121 2.2569933 82
1.1535858 -1.2377027 2.2695487 74
1.2124496 -1.2590605 2.272222 73
1.4666637 -1.2460167 2.2541833 54.5
1.5129387 -1.2701485 2.2776892 56
1.6504836 -1.2321342 2.2837975 49.333332
2.4028721 -1.2033763 2.2066276 61
0.82598197 -1.1306177 2.2548418 88
1.0938765 -1.1115443 2.2681551 72
1.1498374 -1.1402283 2.2683942 75.333336
1.460448 -1.1391515 2.2673602 78
1.5961282 -1.1435297 2.2827017 58
1.617363 -1.1508268 2.2854803 59.333332
3.1342893 -1.1134753 2.2604523 65
0.80792141 -1.047616 2.2510478 89
1.0722284 -1.0275481 2.2637808 78
1.1412079 -1.0250874 2.2666912 83.5
1.4241258 -1.0541004 2.2412672 49
1.5738875 -1.0510199 2.2821307 72.5
3.8501117 -1.0292882 2.2301993 50
0.11460022 -0.935013 2.2157519 18
0.79127657 -0.96560174 2.2418427 77
1.0599242 -0.96062541 2.2913313 40
1.1251826 -0.95812982 2.2798204 71
1.5352895 -0.96670163 2.2497029 57.5
0.1070913 -0.85450977 2.2272058 18.5
5.3708601 -0.8530935 2.286226 22
0.10462571 -0.73748636 2.2123604 27
0.094958261 -0.60998225 2.2344165 36
0.077853523 -0.51900345 2.2926831 27
1.0340277 -0.55598235 2.2047849 37.5
1.4219751 -0.51556832 2.2594061 4
0.9778502 -0.43606162 2.2383914 14
1.0209655 -0.45397899 2.2017384 31
1.2608831 -0.43011025 2.2431989 16.5
1.4067715 -0.43253985 2.2448142 7
2.5604179 -0.42945617 2.2992256 4
0.96936303 -0.32151788 2.2165258 4
1.0124683 -0.35599506 2.2074304 35.5
1.2601845 -0.39213476 2.2518179 8
1.4084226 -0.39657667 2.2578423 13
1.0081064 -0.29698905 2.2050097 12
0.022100439 -0.12833586 2.2126169 23
0.0152719 -0.051889848 2.2509155 23
0.92328221 1.156562 2.2087028 7
1.2776399 1.1423209 2.2054102 16
1.3156228 1.1525186 2.2183294 11
1.6648024 1.1761538 2.2203252 7
1.3435304 1.2484277 2.2202616 13
1.7318337 1.2811058 2.2541625 3
1.9514908 1.2165623 2.2231936 1
0.96049142 1.3148993 2.2217703 8
1.3605096 1.3353642 2.2147801 16
1.424453 1.3625433 2.2289965 9
1.7852187 1.3171576 2.2488749 4
2.6245172 1.3335717 2.2418642 7.5
0.9932496 1.4808255 2.202831 16
1.0329363 1.4430711 2.2176557 5
1.4050828 1.4324079 2.21155 6
1.5023774 1.4984782 2.2702556 5
2.6359181 1.4255636 2.2496142 6.5
2.8632703 1.4984535 2.2473857 0
-0.12850173 1.5726898 2.2484803 9
2.6372581 1.5115683 2.2483406 5.5
2.8297694 1.5800034 2.2406936 5
3.2718461 1.5389951 2.255487 0
3.3952048 1.5832906 2.2740643 0
5.8923187 1.5647197 2.2951257 119
-0.12684238 1.6007855 2.2144041 27
0.23473421 1.6355007 2.2317271 44
0.64489311 1.6563509 2.2259536 32.5
2.8452177 1.6717521 2.233983 3
2.9063609 1.6164259 2.2834663 4
3.2645071 1.6290258 2.24313 9
3.4064598 1.6852996 2.2709987 0
5.8840275 1.6956326 2.2658331 111
0.24765229 1.702444 2.2192376 3
1.0778704 1.732271 2.2581909 4.5
1.1638075 1.7491003 2.2464032 1
3.2672021 1.7250388 2.2391112 0
5.8678575 1.8225332 2.2317603 115
2.6644535 1.9913363 2.2693634 2
5.8588166 1.9524387 2.2003613 116
2.8896396 2.0059261 2.2874188 11
3.4110513 3.363116 2.2459927 30
1.8289691 3.4402409 2.2359147 8
2.1143749 3.4474154 2.264647 3
2.1796558 3.5325172 2.2313647 2
2.6891184 3.5072782 2.2400336 3
3.0762455 3.5223427 2.2549427 1
2.7888207 3.6453476 2.241657 3
2.879693 3.6321015 2.2317014 0
3.2202158 3.6843734 2.2730768 3
1.4428344 3.7253397 2.274492 11
1.5232817 3.9213321 2.2914937 13
1.3403063 4.0767789 2.2244616 1
1.4340389 4.4247088 2.2982805 24
-0.7751025 4.9377418 2.2017519 14
1.2006789 5.3585539 2.2081735 2
1.3014475 5.7435436 2.2337151 9
1.1005431 6.3596635 2.2778196 24
-0.15642056 6.4940729 2.2797101 110
0.32162014 6.546854 2.2718105 72
0.54639989 6.5667944 2.2722869 116
1.1689935 6.559701 2.2015686 21
1.5470371 6.6795225 2.2945728 73
2.257411 6.7440453 2.2507002 103
2.7413363 6.8568645 2.2497444 110
2.8908932 6.8148217 2.2540805 66
3.3415885 6.93572 2.2834954 115
3.7737613 6.9743285 2.2642648 103
3.7666347 7.0743217 2.2226787 90
4.3775764 7.0693808 2.2330656 67
2.521524 -1.1540132 2.3242836 87.25
2.7342973 -1.1630309 2.3169303 73.5
2.5341802 -1.036254 2.3246577 79.5
2.768491 -1.0513105 2.3435774 79.75
3.2526538 -1.0478364 2.3569946 97.333336
4.0536842 -1.0056924 2.3863609 71
1.1367871 -0.95137542 2.3779428 50
2.5422659 -0.95922524 2.3249178 77.5
2.7547047 -0.93378496 2.3421667 78
2.8008821 -0.92331868 2.3447688 76
3.2551317 -0.93761075 2.3608184 82
4.105516 -0.98999345 2.3889964 64
2.5515261 -0.84396344 2.3230441 80
2.7559884 -0.85277253 2.3365798 78
2.8028865 -0.84330666 2.341409 81
3.255415 -0.84809893 2.358459 75.5
5.2674551 -0.86941725 2.363236 33
2.6124272 -0.75198549 2.3723967 50
2.7594335 -0.77276212 2.3330722 85
2.8020129 -0.76128906 2.3352742 74
3.2553172 -0.76009184 2.3550508 76
4.059267 -0.70971519 2.3941681 59
4.1241026 -0.78496069 2.3967938 58
3.2526193 -0.69586563 2.3589573 60
4.0620794 -0.61272359 2.3972223 60
4.1312475 -0.68194592 2.3993177 60
0.060945235 -0.42502767 2.3576555 24
0.052912049 -0.37603888 2.3892353 20
2.7774119 -0.38471293 2.3176172 7
2.8171334 -0.37125978 2.3262277 7
3.2667511 -0.31425744 2.3415456 4
2.5795741 -0.28745779 2.3069108 6
2.6035044 -0.24639396 2.3197215 5.3333335
2.7922578 -0.23470159 2.3196249 7
2.824048 -0.22024518 2.3236768 7
4.0410466 -0.22769511 2.3809552 3
3.2775831 -0.16704291 2.3476853 6.5
4.1495275 -0.17590539 2.3882301 6
-0.0022733598 0.08048825 2.3405688 19
0.0056032599 0.025542745 2.300029 22
4.0428867 0.05331786 2.3753448 0
-0.0093045626 0.1364359 2.3792975 18
4.044219 0.14632063 2.3741691 9
4.0612631 0.2423052 2.3826489 12
4.1913314 0.22313291 2.3874326 40
4.0632901 0.33631042 2.3807576 12
4.1847215 0.32312489 2.3739538 57
1.3676522 0.40968078 2.3121042 82
4.0445747 0.42934471 2.364346 9
4.1852665 0.42312166 2.3645751 15
4.0380044 0.52236456 2.3555183 11
4.1643209 0.51910096 2.3414834 14
1.6863966 0.72076011 2.3739004 55.75
1.7084992 0.77405775 2.360945 69
1.7485924 0.85024959 2.359514 67.666664
4.1147699 0.82231677 2.3905005 27
1.7921886 0.92761046 2.3580699 70
1.8154205 0.96662307 2.3580198 67.5
4.1046062 0.91734445 2.3782008 38
1.6500841 1.0814357 2.364352 58.333332
1.8640651 1.0454816 2.3563683 56.5
4.100143 1.0143676 2.3686433 23
5.8909245 1.0389817 2.3818636 111
1.6778411 1.1428019 2.3530626 69.666664
1.7174109 1.1908417 2.3558731 73
1.9328058 1.1479204 2.3585894 76
4.090652 1.1094018 2.3542109 13
5.9291449 1.1779598 2.3791959 115
1.7418404 1.2496244 2.3426385 40
1.9665552 1.2010033 2.3570645 2
4.0819016 1.2054303 2.3418913 2
1.807539 1.3558991 2.347486 23
5.9202166 1.3078859 2.3534608 116
1.8777603 1.4309312 2.3532546 2
5.9112597 1.4378071 2.3263099 115
1.5848316 1.6362396 2.3820844 6
1.6044153 1.6693418 2.3449743 0
1.1469353 1.7259729 2.3013721 2
2.7201014 1.949695 2.3190327 7
2.9690466 2.0463696 2.3125956 4
3.3719926 2.0999129 2.3056278 0
3.4366858 2.0427785 2.3666401 6
3.5378389 2.0753267 2.3348551 10
1.8198501 2.2073519 2.349802 6
1.5058402 2.4560101 2.339669 25
1.5491871 2.5270643 2.322587 44
1.6062132 2.6340625 2.332962 51
3.6887963 2.646364 2.3869698 16
1.4710244 2.7168562 2.3384435 36
1.6639702 2.7370751 2.3370466 60
1.5099937 2.8009048 2.3258684 52
1.7205889 2.8331087 2.3317509 37
3.7157924 2.8674445 2.3309131 3
1.5573633 2.9059322 2.3260715 54
3.6987045 2.9531717 2.3048036 10
3.7002087 2.9669592 2.3795204 15
1.6087776 3.0179603 2.3270693 52
3.668262 3.0033884 2.3130207 9
1.6661462 3.1429489 2.3343508 54
1.7228696 3.2629838 2.3334279 39
3.6362417 3.2428012 2.3846118 2
3.5965304 3.5270469 2.3694813 10
1.3950627 3.6572342 2.3270848 48
1.3206354 4.1275921 2.3499422 30
1.6133803 4.1493096 2.3185849 13
2.2078218 6.7458367 2.3930707 100
2.8187919 6.7935648 2.3847921 96
2.6958253 6.8562593 2.3223367 110
2.8762407 6.8776708 2.3937001 111
3.0086262 6.8900938 2.3053493 112
3.627212 6.8760881 2.3040895 77
1.0746702 -0.9579137 2.4108467 36
1.153473 -0.95067507 2.4982805 51
4.0729523 -0.91072434 2.4011662 63
4.0764823 -0.81273431 2.4049187 61
4.1312933 -0.88996387 2.4038885 62
2.6240768 -0.75163627 2.4056761 45
2.8523781 -0.72084665 2.4240127 39
2.9149396 -0.71651846 2.4487441 41
5.4813609 -0.78760302 2.4760177 50
5.7622108 -0.78967977 2.4719055 77
3.3310325 -0.66640711 2.4081054 38
5.4620614 -0.66559929 2.4688778 40
5.785069 -0.66065836 2.4794967 110
4.1390848 -0.58093238 2.4011223 47
5.4548936 -0.54660243 2.467901 38
5.7636433 -0.52568549 2.4653282 120
5.4755158 -0.4306249 2.4799085 35
0.046497382 -0.32604632 2.4149518 21
5.7536645 -0.39479104 2.4552803 123
0.036875628 -0.24955708 2.4535267 21.5
5.7436032 -0.26381516 2.4437308 104
5.7256937 -0.13584632 2.4288111 106
4.2074704 -0.077855557 2.4201562 2
4.2267323 0.022164071 2.4273853 2
-0.018330747 0.19637243 2.4270322 18
4.2007966 0.12314226 2.4022682 14
-0.02566568 0.2573134 2.4711442 18
1.3834215 0.42656589 2.4202168 157
1.6830566 0.65595019 2.4500141 34.400002
4.1129146 0.62827921 2.4005759 8
5.9902835 0.65823168 2.4801917 109
4.1242089 0.72827625 2.4035025 14
5.9857397 0.79117996 2.4614375 116
5.969048 0.92111415 2.4365714 112
1.6443007 1.0418017 2.4454184 35.75
5.705441 1.6414688 2.4839988 73
1.5737158 1.7559834 2.4323006 0
-0.18436909 1.8276334 2.4040341 16
-0.20656136 1.9865588 2.494231 18
1.4876803 2.4468379 2.4139383 4
1.4653212 2.7376528 2.4384246 20
0.90367973 2.9041882 2.4919434 5
3.5813258 3.2707701 2.4034743 1
1.3607899 3.6490674 2.4170036 32
2.1476262 4.1730175 2.4381874 16
1.3050998 4.2023792 2.4950228 31
2.572072 4.2611423 2.4696472 12
-0.23199117 6.5000334 2.4276218 111
0.4747861 6.5726767 2.4187307 34
2.8320396 6.8770165 2.4663692 111
3.5819926 6.880785 2.4463248 90
3.1582348 6.9208064 2.4528096 111
3.4873087 6.9565892 2.4335284 108
3.9402502 7.0060129 2.4115422 98
1.0897073 -0.95422953 2.5415416 40
2.7853241 -0.72861153 2.5759597 43
3.4417596 -0.65186858 2.5200584 31
4.3030248 -0.5520528 2.5625298 28
0.019986792 -0.1450834 2.526778 24.5
0.0084067415 -0.034098543 2.5826516 25
6.0254745 -0.0085626561 2.5609612 83
6.0389037 0.12642488 2.5566988 112
6.0273185 0.26038298 2.5395052 121
-0.040045738 0.35523522 2.5517237 22
6.0164251 0.39433813 2.5215878 120
1.6826632 0.56485415 2.5559819 55.599998
6.0055046 0.52728844 2.5022585 115
1.6831416 0.62085557 2.512095 31
5.7466769 0.65421921 2.5888469 115
5.740068 0.77624148 2.5786774 111
5.7248836 0.89827394 2.5629869 106
1.6398627 0.98324823 2.5515354 72.666664
1.6432958 1.0183498 2.5001085 43
5.6662045 1.0093433 2.5246253 66
5.7023058 1.1393417 2.5321817 57
5.7269807 1.2693526 2.5328491 66
5.748805 1.4013654 2.5321534 54
5.7427993 1.5254056 2.5156155 70
1.5748091 1.6158695 2.5285804 18
1.5740006 1.7452099 2.5405455 9
5.8283863 1.8104167 2.5284624 104
5.8287292 1.9404626 2.5111325 118
-0.20311004 2.0160387 2.577831 21
-0.21981582 2.1434977 2.5676305 15
0.97856218 2.7837198 2.5325978 0
1.4606489 2.7604399 2.5433018 9
1.0168335 2.867768 2.5098114 25
2.2159932 2.8800478 2.5893295 67
1.0596205 2.9777846 2.5057414 73
2.2474234 2.9231818 2.5456166 51
2.4907095 2.9362962 2.5500908 50
3.0571415 2.9851084 2.5782421 51
2.3108456 3.0222321 2.5445621 48
2.5716009 3.0353396 2.5495765 49
2.9679155 3.0305979 2.5731387 72.5
3.1301892 3.0651863 2.5684536 40
3.3181534 3.052649 2.5744886 55.5
3.7849746 3.0703952 2.5950279 30
3.8840892 3.037992 2.5283434 18
2.3755376 3.1192904 2.5407834 19
2.659734 3.1433783 2.5524752 47
2.9411151 3.1356516 2.5412841 59
3.1861122 3.1514285 2.5541179 56
3.225646 3.1712093 2.5770731 38
3.4346445 3.1141787 2.5769262 37
3.7731295 3.1893811 2.580435 59
3.8818865 3.1524663 2.5909262 25
2.930902 3.2666745 2.5282836 28.5
3.1780131 3.284461 2.5411642 24
3.2929878 3.2131965 2.5523911 57
3.5401258 3.2082405 2.5757906 36
3.7699776 3.3294203 2.5667317 41
2.526001 4.2369323 2.5540075 5
3.1812744 4.2639694 2.5080073 13
-0.30895105 6.4969945 2.5737803 97
0.19946718 6.5541902 2.5734949 67
2.1605291 6.7496209 2.5376363 103
2.7591186 6.8082881 2.5291059 96
3.5345404 6.8804798 2.588613 82
3.0205245 6.9154625 2.5481203 110
3.6365433 6.9763126 2.5893497 107
4.1024876 7.015698 2.5574133 77
1.1374738 -0.94626236 2.6465564 44.5
1.3663914 -0.61097878 2.6322584 7
3.076025 -0.68897057 2.6331031 66.5
3.5964596 -0.63490391 2.6386216 34
4.4902492 -0.52563637 2.633111 24
5.7321258 -0.3298347 2.6104467 122
5.7234721 -0.20482725 2.6052673 118
5.751184 -0.082849309 2.6185923 144
-0.0049331873 0.051877834 2.6470633 30
5.8166499 0.040103775 2.6489966 119
-0.010664681 0.10986779 2.680815 28
5.8043833 0.1631225 2.6389194 114
5.7828469 0.286149 2.6240404 110
-0.055575214 0.46014902 2.6395004 21
5.7698622 0.41016924 2.6132705 112
-0.06520965 0.53507286 2.6980059 21
5.759706 0.5331912 2.6024528 114
4.8779726 1.5874398 2.6842031 54
-0.22340646 2.1791494 2.6619089 25
-0.22679698 2.3112066 2.6976438 25
0.28810102 2.6993766 2.609823 0
2.2070215 2.8748372 2.6701024 63
2.4522448 2.9100204 2.6523514 52.5
3.0304375 2.9599361 2.6330264 60
3.2960775 2.9969614 2.6298549 55
3.237294 3.0693169 2.6074939 74
3.7232985 3.0256596 2.6643023 42
3.869683 3.0461817 2.6370053 42
3.8658035 3.1371934 2.6657536 64
4.2155628 3.3099711 2.6037161 22
2.1096117 6.7384052 2.680496 103
2.6912403 6.7980199 2.6673305 91
2.9790366 6.911757 2.6208518 111
3.3071539 6.9435167 2.6009676 111
4.3749623 6.9595838 2.6380334 67
1.1879276 -0.93829131 2.7461128 58
2.9666495 -0.7006799 2.7686372 39
3.7258732 -0.61387628 2.7641759 35
-0.018856237 0.17185362 2.7222459 32
-0.027758697 0.2358363 2.7699623 35
-0.077202298 0.61598188 2.7686615 22
1.5792969 1.6124014 2.7172406 27
1.5708159 1.715259 2.7177424 27
-0.24188882 2.6223457 2.7475398 57
2.2017322 2.874619 2.754813 50
2.4287262 2.9066911 2.7793326 48
3.0209441 2.9571109 2.7466955 58.5
3.2689595 2.9911554 2.7396963 54
3.0949249 3.0493798 2.713747 76.5
3.3733037 3.084034 2.7459655 74
3.4317672 3.0900333 2.7080665 69
3.7040422 3.0188582 2.7656784 43
3.8393495 3.0373931 2.7348487 43
0.056174606 6.0114174 2.799962 62
0.33041772 6.5434489 2.702225 46
3.4856997 6.8731766 2.7291369 83
3.1432817 6.9343772 2.7375319 115.5
3.4610817 6.9662204 2.7525771 104
4.3083668 6.9592438 2.7757728 67
3.7973819 7.0081568 2.7539694 106
4.2826033 7.0533566 2.7165058 45
1.1248915 -0.94191933 2.8274148 35
1.0969912 -0.70598739 2.8448262 150
2.9879544 -0.7002337 2.8135333 34
3.2916555 -0.66428524 2.8761327 33
3.8970239 -0.59346449 2.898998 36
4.7170539 -0.49862182 2.8480814 19
1.4708141 -0.12384662 2.8796093 150
-0.039422229 0.33675957 2.8379326 47.5
-0.048205875 0.44068694 2.897321 85
-0.092142202 0.74384904 2.8716631 36
0.0062826634 1.4228463 2.8407326 6
1.5676193 1.6848911 2.8618281 34
0.081723794 1.9557647 2.8921337 62
0.10268702 1.9589764 2.8765204 36
0.15276824 2.3441737 2.8920314 107
1.2660203 2.3656261 2.8854148 9
2.1951153 2.8713989 2.8399999 36
2.412163 2.90047 2.8642981 35
3.0128992 2.9532747 2.8643498 59
3.2519734 2.9933248 2.8609283 47
3.2258935 3.0641549 2.8581667 74
3.5448284 3.0978107 2.8726573 63.5
3.7002342 3.0216372 2.8422925 40
3.8145354 3.0315909 2.8385963 44
4.0494885 3.1658461 2.8268874 62
0.40066645 3.834367 2.8806243 15
0.43049341 3.9923847 2.8757539 46
1.1296312 3.9737303 2.8940091 72
0.46233052 4.1723995 2.8784366 50
1.1816063 4.1477475 2.8985548 74
0.63576484 4.3746018 2.8930042 61
-0.059864722 4.4353023 2.8736205 70
-0.030432442 4.6403027 2.8720806 79
0.57360977 4.7384534 2.8596203 69
0.0032272548 4.8433108 2.8614771 64
-0.054064892 4.9493937 2.8318565 69
0.038333841 5.0653157 2.8548753 67
-0.027248899 5.1683893 2.8142302 67
0.86440271 5.1956658 2.8718328 69
0.076518118 5.3023233 2.8464122 80
-0.0041633337 5.4494123 2.8212509 63
0.9369241 5.492651 2.8939838 58
0.11342671 5.5943165 2.8572624 68
0.024322828 5.7274194 2.8142409 66
0.76686847 5.7105222 2.8447351 65
1.0122967 5.7556725 2.8887258 67
0.15951796 5.8613291 2.8436863 53
0.82518166 5.9934068 2.8358126 55
1.0928042 6.0207062 2.8748331 49
3.2414136 6.8762894 2.8976068 79
3.4451344 6.8838606 2.8779633 92
3.3069723 6.951046 2.8562262 125
1.1361905 -0.91518188 2.9354475 84
1.2122906 -0.93567711 2.9020374 58
1.1313608 -0.85924178 2.9576316 99
1.2133585 -0.8968215 2.9589219 105
1.1216615 -0.79422528 2.9477546 150
1.109381 -0.67022663 2.9434581 149
1.4608101 -0.63479358 2.9612489 97
1.5186071 -0.64653748 2.9549799 79.5
1.6869086 -0.6313858 2.9693573 114
3.1635773 -0.66206324 2.9880059 150
3.3683152 -0.65748185 2.912282 34
1.0972388 -0.49224758 2.9460013 150
1.4645475 -0.43422827 2.961529 92.333336
1.5008494 -0.4690524 2.9566164 121
1.6671999 -0.4483673 2.9562724 57
4.9833317 -0.46522117 2.9598732 21
1.0936711 -0.34584224 2.9437823 109
1.1522715 -0.34980902 2.948525 101
1.4698219 -0.33893603 2.9591036 90
1.6680877 -0.34840155 2.9674814 89
0.68428546 -0.24349967 2.9301047 48
0.74221367 -0.22410344 2.9306371 114
1.0952802 -0.23185936 2.9487209 95.5
1.1496038 -0.27223289 2.9495506 104
1.4774863 -0.24964559 2.9594421 92.333336
1.6688981 -0.24840358 2.9670615 83
0.68764484 -0.15201089 2.9324541 92.5
0.74171007 -0.14059681 2.9306006 127
1.0990856 -0.14636801 2.9512949 98
1.1490808 -0.16922767 2.9495921 105
1.462938 -0.17423157 2.9589567 87.333336
0.69367504 -0.031023961 2.9350224 93.5
0.74269962 -0.03108268 2.9285622 129
1.1273732 -0.064545602 2.9505858 104
1.4691316 -0.071897447 2.9592144 96.333336
1.5015283 -0.0320508 2.9604614 93
0.69987601 0.058471639 2.9348328 97
1.1345948 0.041455682 2.9517744 100.75
1.4672508 0.035197273 2.9673109 92.5
1.5070409 0.037457861 2.959383 97
0.70834094 0.14946586 2.9357057 103.5
1.1446691 0.14846367 2.9509883 100.25
1.4799892 0.13921587 2.9614387 92.5
1.5184555 0.13246006 2.9622426 93
0.71706367 0.23851387 2.9124098 150
1.1595899 0.23776175 2.9459374 102.33334
1.4934025 0.2162149 2.9635308 88
1.5268068 0.25404295 2.9597623 92.25
1.1672751 0.33273584 2.9482656 96
1.4968356 0.31435618 2.9091218 64
1.547418 0.36873126 2.9641697 89
0.77643573 0.46260411 2.93696 98
1.1804806 0.43253973 2.9509935 92.333336
1.2013009 0.45935428 2.9458842 99
1.5620079 0.45561519 2.9642689 85.5
-0.045377411 0.53969455 2.9102626 113.5
0.77395618 0.5442723 2.9356794 96.5
1.192072 0.528642 2.9514251 96
1.2124943 0.55344719 2.9534843 89.666664
1.5825531 0.57924819 2.9621422 84
-0.039798237 0.63870984 2.9101477 125
0.79372513 0.6011309 2.9342849 105
1.2316771 0.65501267 2.952476 93.25
-0.032680444 0.7382257 2.9090922 119
1.2560002 0.74781823 2.9518917 89.333336
-0.057807632 0.84926677 2.9089015 107.5
1.2818224 0.84703958 2.9551868 86.5
-0.038134538 0.93776679 2.9084177 107
0.85538596 0.98043031 2.9359367 96
1.3154776 0.95856631 2.9535568 91
-0.048544277 1.0431093 2.9120929 106.66666
0.8679173 1.0317099 2.9328132 143.5
1.3476173 1.0608748 2.9568985 87.666664
-0.027698942 1.1327784 2.9082966 103.5
0.0060583116 1.1857949 2.9041352 109
0.90994138 1.1794307 2.9398713 115
1.3796756 1.1551285 2.9462812 89.5
-0.043965779 1.2277663 2.9152236 112
0.013179442 1.2578058 2.9030631 98
0.9233191 1.2483331 2.9413853 107.5
1.4140593 1.2456388 2.9507329 87.5
-0.033241652 1.3057612 2.9159222 110
0.021207666 1.3308165 2.9024115 86
0.95094603 1.3453498 2.9396112 112.5
1.4517998 1.3396413 2.9592402 85.5
0.98066163 1.4468626 2.9404731 150
1.48706 1.4655726 2.96105 89.5
1.5212686 1.4637537 2.9662158 86.5
0.49245003 1.5174153 2.9251041 11
1.0009066 1.5723072 2.9401791 91
1.5801702 1.5939361 2.9041679 44
2.370697 1.568197 2.9724598 43
0.52664971 1.6632048 2.9227042 91
1.0759618 1.6784384 2.9536357 150
1.5470357 1.6156301 2.9579749 89
2.3972418 1.6019491 2.9619653 13
5.3403072 1.622815 2.9939556 57
0.54432404 1.741708 2.9239061 99.5
1.0416232 1.71235 2.9428465 90
0.56497675 1.8466307 2.9234803 100.33334
1.0852847 1.8533901 2.9392006 116
1.1334529 1.8274649 2.9488845 150
0.59258282 1.9442225 2.9246619 99.5
0.6235832 1.99597 2.92804 93
1.1098964 1.9274045 2.9408851 94
0.09558177 2.0587404 2.9097805 138
0.11059032 2.0669796 2.9022768 96
0.62597394 2.0757225 2.9288898 94
1.1603825 2.0814395 2.941545 98
1.2335994 2.0694873 2.9521711 93
0.62383628 2.1405132 2.9109635 150
1.1880087 2.1594636 2.9391248 93
1.268371 2.1475835 2.9442184 66
3.3089156 2.1219451 2.9789257 62.5
0.13266645 2.2507355 2.9108055 103
2.9625816 2.2937796 2.9930534 0
3.3242679 2.2519302 2.9912765 89.5
0.15322313 2.3455555 2.9042363 109
3.0521326 2.3442082 2.99804 1
3.316916 2.3674519 2.97961 119
0.76510793 2.4559898 2.9255443 60
3.1178203 2.4102476 2.9969671 0
3.3161185 2.4861143 2.9831247 49
3.5986056 2.4934995 2.9937983 117
0.75537783 2.5367842 2.9237957 33.5
2.6563592 2.5076823 2.986758 1
2.7042892 2.5707514 2.974016 12
2.8346419 2.5702929 2.9795256 7
3.2224183 2.5669231 2.997304 14
3.6608138 2.5117083 2.9931037 94
2.7489166 2.6309547 2.9128087 25
2.9466844 2.6928475 2.9820974 18
3.2824976 2.6279891 2.9869535 34
3.3571365 2.6478665 2.98932 38.666668
0.76455802 2.7246017 2.9264364 1
2.2840171 2.7430921 2.9893663 1
3.0267923 2.7778821 2.9856195 26
3.3367975 2.7413197 2.981303 80
3.4414544 2.786057 2.9966555 46
3.5982556 2.7565312 2.984587 94
3.6696882 2.7827399 2.9797838 98
2.1862054 2.8631821 2.9230003 20
2.3724327 2.8646874 2.9692526 17.5
2.9063103 2.8258455 2.9907887 50
3.1100397 2.8659174 2.9895155 39
3.3236125 2.891125 2.9831827 89
4.1978927 2.8644962 2.9791977 73
2.9788041 2.914887 2.9940152 60
3.0143147 2.9570322 2.951123 61
3.2184949 2.9730268 2.966646 51
3.3465009 2.9208016 2.9831147 90
3.6513991 2.9236307 2.9916906 93.5
3.3367014 3.0464706 2.9809165 102
3.6609752 3.0267222 2.9641545 71.666664
3.7059305 3.0937462 2.9928615 99
3.8029923 3.0357637 2.954107 48
4.2395988 3.1874928 2.9914317 91
0.42343944 3.5755394 2.9218245 9
0.99767148 3.5426335 2.9048681 25
1.0403563 3.6946392 2.9127896 56
1.1940174 3.6400733 2.9252179 110
0.46060827 3.7095599 2.908474 54
2.1141188 3.7668633 2.9551852 95
2.7686079 3.7875242 2.96205 69
1.0848933 3.8366644 2.9072213 71
3.1138737 3.8025815 2.9655087 57
2.1971185 3.9029074 2.950182 69
2.8621492 3.9285805 2.9674304 67
3.2347846 3.947624 2.9739106 56
3.3031666 3.9652026 2.9498613 73
3.7541418 3.926815 2.9723034 72
3.8988519 3.9564867 2.9988322 49
2.288805 4.0559382 2.9525943 68
2.9596744 4.0736432 2.9713683 61
3.3550725 4.0577679 2.967514 62.5
3.6161234 4.0166187 2.967057 75
3.3229904 4.1715374 2.9449351 54
3.6108723 4.1916456 2.9569941 73
3.7638919 4.1138301 2.9666538 72
2.3858068 4.2129755 2.9530873 69
3.0592506 4.2197251 2.9685411 60
3.4871242 4.2417359 2.982399 40
2.1069341 4.3119969 2.9358273 71
2.4900501 4.3840089 2.9570003 68
3.1683064 4.3748045 2.9690552 61
3.2963247 4.3282056 2.940398 33
3.3486295 4.3948851 2.9438612 24
3.6191096 4.3917289 2.9701836 49.5
3.7729216 4.3038464 2.9603128 60
3.2795351 4.5308914 2.967274 31
3.6154377 4.5876713 2.9515858 27
3.7806911 4.5383635 2.9744532 23.5
0.80223501 5.0156145 2.9032393 71
2.6034453 5.3212471 2.9528461 46
3.133209 5.3813138 2.9663754 49
3.3041873 5.4771962 2.9513304 0
3.9763138 5.4854417 2.9526939 35
2.0088477 5.5733213 2.9431739 57
2.7078359 5.513351 2.930135 63
3.3556316 5.533926 2.9293559 5
3.2742996 5.6318302 2.9345832 29
2.8498554 5.7944055 2.9427776 46
2.1249244 5.8273644 2.9383075 47
3.3669527 5.8259211 2.9367056 20
3.4681895 5.8824396 2.9730165 34
4.2098799 5.8104692 2.9965243 36
3.2678614 5.9562573 2.9162774 32
2.9992943 6.0824761 2.9489594 45
3.350878 6.0739546 2.9147813 37
3.6347139 6.0698276 2.9410808 6
3.9110434 6.0629287 2.9552603 0
2.256391 6.1183996 2.9407043 46
3.6587715 6.1645069 2.9789331 36
1.8661934 6.2420039 2.9074843 47
3.2554445 6.2302771 2.9050925 39
3.1584473 6.3875599 2.9508731 37
3.3499262 6.3809671 2.9089451 42
3.627949 6.3498564 2.9298961 25
3.9248798 6.3619528 2.9425733 20
3.8685548 6.4695849 2.9839492 37
3.2488067 6.5452814 2.9023857 43
3.6290407 6.6708741 2.9250493 40
3.9394329 6.679976 2.9305995 41
3.3479614 6.7283039 2.9360948 42
4.1035676 6.8146577 2.9964454 40
3.610733 6.9679279 2.9013765 98
3.9417121 6.9970112 2.9054184 103
4.2395382 6.9539027 2.9135599 76
3.1633666 -0.65451884 3.0091319 150
3.4683297 -0.60545641 3.0560136 135
3.2239852 -0.57916182 3.0479438 150
3.5114236 -0.58977044 3.0550048 123
4.0704212 -0.56788546 3.0608647 72
4.1143036 -0.52286172 3.0844474 111
3.2124963 -0.47734183 3.0373082 135.5
3.4787629 -0.40543193 3.0496788 84
4.1156054 -0.4638747 3.0932252 51
3.5189767 -0.38774848 3.050458 106
4.1129513 -0.32735455 3.0803442 51.5
3.4696918 -0.20538609 3.0217874 113
3.2275429 -0.16422425 3.0220642 133.66667
3.495548 -0.14857054 3.0279579 119.5
4.1036253 -0.12983394 3.0595076 100
3.2390232 -0.036369465 3.0311768 128.66667
3.5151644 -0.051090576 3.0408854 107
4.115818 -0.054313812 3.0667799 106.5
3.2487605 0.086212441 3.0286045 129
3.5193043 0.046918482 3.0381699 112.5
4.1235666 0.053194314 3.0668387 103
3.2536149 0.18022169 3.0265861 122.5
3.5263472 0.14542818 3.0389271 107
4.1306009 0.1632016 3.0668573 98.5
3.259203 0.27422845 3.0259676 125.5
3.5326495 0.24443588 3.0382915 116
4.1226745 0.23420796 3.0646005 100
3.262979 0.36923987 3.0229073 125.5
3.5357018 0.34245032 3.0338225 111.5
4.139698 0.3257131 3.0655763 94.5
3.2696729 0.46429515 3.0230994 121
3.5446131 0.46108738 3.0327065 115
4.1470804 0.43472159 3.0652313 94
3.2633746 0.55782068 3.0103126 147
3.537792 0.58999133 3.0197802 121
4.1537185 0.54573321 3.0627789 95.5
3.2772641 0.65731227 3.0190973 113
3.5459442 0.68460816 3.0270987 114
4.1456642 0.65326333 3.0489025 110.5
3.279242 0.7533257 3.0142984 121.5
3.5551825 0.74398994 3.0271387 113.5
4.1702433 0.76875073 3.0617075 96.5
3.2837629 0.85133231 3.0133471 115.5
3.5611205 0.84599924 3.0261354 111.5
4.1504188 0.88924074 3.0589044 103
4.2033381 0.87228072 3.0596094 97
3.2886441 0.94933856 3.012743 114.5
3.5663543 0.94900692 3.0251689 107
4.2182255 0.98929334 3.0614262 98
3.2942576 1.050343 3.0135398 114.5
3.5697782 1.0525199 3.0217595 117
4.1574163 1.0012444 3.059103 100
3.2947438 1.1566945 3.0087306 121
3.3049679 1.1470007 3.0185437 116
3.5696914 1.1114026 3.0209422 120
4.1622581 1.1142528 3.0572183 99
4.2230225 1.1053059 3.0535369 86
3.3040156 1.2543552 3.0123465 121.5
3.5799527 1.2120316 3.0222607 114
4.1642246 1.2282672 3.0525546 101
4.2378826 1.2233185 3.053937 88
3.3053088 1.3573651 3.0089865 113
3.5840926 1.3205425 3.0195532 111.5
4.1661911 1.3422817 3.0478909 92
4.2469769 1.343331 3.0487907 87
3.3091078 1.4618731 3.0073514 113.5
3.5882363 1.4290555 3.0168428 109.5
4.1760592 1.4612793 3.0508907 97
4.2639728 1.4673434 3.0498533 87
3.3107591 1.5683825 3.0043454 112
3.5820026 1.5404414 3.0147707 127
3.6041944 1.5376921 3.0148857 122
4.1794372 1.5792947 3.0462158 88
4.281661 1.5933559 3.0501943 85
3.3138485 1.6763897 3.0027308 124
3.590456 1.6554425 3.0177534 110
3.6097705 1.6507035 3.0120692 96
3.6506903 1.7945008 3.0585563 15.5
4.1856875 1.7003039 3.0443306 91
4.29217 1.7183682 3.0450161 90
3.5894105 1.8804414 3.0079536 149
3.6259112 1.8847253 3.0084705 91
4.1725864 1.8133469 3.026475 102
4.299808 1.843257 3.0372477 67
5.2399569 1.8719721 3.093837 80
4.1903062 1.9433354 3.034328 67
4.3174696 1.9772693 3.0361772 71
3.5971618 2.0024388 3.011678 74
3.6295664 2.376123 3.001256 105
4.3682084 2.3913062 3.0266349 76
4.2130561 2.4673891 3.0205741 93
4.3829594 2.5343184 3.0213721 84
3.4952245 2.7684498 3.0002534 39
3.5538292 2.8567924 3.0022645 48.5
4.4295959 2.8433423 3.0189922 75
3.6433487 2.9393411 3.0057614 53.5
4.4478688 2.9993544 3.0129473 77
3.7645338 3.0075994 3.0055797 66
4.2599673 3.0584197 3.0204413 87
4.4747372 3.1683662 3.0123904 67
3.7926602 3.8433928 3.0062799 46
4.1820245 3.8834605 3.005213 44
4.0291262 4.0945563 3.0060227 45
4.3165512 4.0015407 3.0033906 38
4.1592226 4.2306442 3.0065007 48
4.2987366 4.3767357 3.0080972 39
4.3017564 5.1500702 3.0216413 26
5.1525102 -0.42621773 3.1474853 96
5.2692347 -0.36297759 3.1456943 72
5.1379867 -0.17519164 3.1342771 80
5.1092424 -0.051143993 3.111042 73
5.375061 0.82909942 3.1175189 68
5.3920364 0.96591538 3.1142983 69
5.4075074 1.1039182 3.1080987 69
5.4344311 1.2449291 3.1087375 70
5.4570293 1.3869342 3.1052155 72
5.4803219 1.531938 3.1009655 73
5.2488184 1.7419279 3.1117165 73
