# .PCD v0.7 - Point Cloud Data file format
VERSION 0.7
FIELDS x y z intensity
SIZE 4 4 4 4
TYPE F F F F
COUNT 1 1 1 1
WIDTH 4690
HEIGHT 1
VIEWPOINT 0 0 0 1 0 0 0
POINTS 4690
DATA ascii
-0.63557756 -7.2290215 -0.43455234 102
-0.25164908 -6.429606 -0.41297221 1
0.40473932 -6.4754763 -0.49639636 3
-0.35301036 -6.0408697 -0.43516913 15
0.12803131 -6.0301223 -0.4653706 0
-0.56227958 -5.7653494 -0.4551121 0
-0.25122476 -5.489615 -0.46100354 3
-0.88542098 -4.8805189 -0.43607193 12
-0.32952726 -4.8974757 -0.44174051 9
0.2434022 -4.8424115 -0.45436662 8
0.048827097 -4.732142 -0.44858921 7
-0.92258996 -4.6368885 -0.43942371 8
-0.50448549 -4.5778008 -0.44292438 10
-0.25541899 -4.4166284 -0.45119971 7
-0.77530992 -4.0609837 -0.43226984 7
-0.31253666 -4.075561 -0.43879959 7
0.15868963 -4.0116153 -0.44812799 6
0.000328517 -3.9323804 -0.44294721 7
-0.81417996 -3.8462403 -0.43306589 9
-0.46629983 -3.8144448 -0.43951708 9
-0.25754571 -3.7056379 -0.44828701 9
-0.69647896 -3.4674206 -0.42879832 7
-0.3000474 -3.4756961 -0.4359124 7
0.09916468 -3.4185383 -0.44473654 7
-0.033290245 -3.3672059 -0.43985417 7
-0.73899019 -3.2961032 -0.43158662 7
-0.44002295 -3.2752025 -0.43817458 7
-0.25897801 -3.1886461 -0.44433397 7
-0.63846016 -3.0348771 -0.4285835 9
-0.29137748 -3.0296159 -0.43381819 8
-0.05938796 -2.9288423 -0.43555197 7
0.052903451 -2.9567933 -0.43774435 8
-0.6829145 -2.8832562 -0.42975172 9
-0.41976959 -2.8650162 -0.43536338 12
-0.25961739 -2.8036525 -0.44333953 9
-0.97652656 -2.6039844 -0.426568 13
-0.59261471 -2.6955016 -0.42767605 10
-0.28523076 -2.6790311 -0.43122563 10
-0.07820227 -2.6092997 -0.43505239 11
0.020193448 -2.6304078 -0.43818381 12
-0.95176798 -2.5561688 -0.42088065 11
-0.64017916 -2.5696163 -0.43107727 12
-0.40442395 -2.547879 -0.43600082 13
-0.5571959 -2.4291182 -0.42888001 12
-0.2601589 -2.4866586 -0.44033727 12
-0.91007859 -2.347676 -0.42789647 10
-0.88506943 -2.3159106 -0.42245302 9
-0.28000149 -2.3937201 -0.4279052 13
-0.051380716 -2.344764 -0.43397039 13
-0.60425931 -2.2970731 -0.42797327 13
-0.391114 -2.2757576 -0.43180177 13
-0.26055431 -2.2276647 -0.43632564 14
-0.52677608 -2.1951821 -0.425589 13
-0.28106123 -2.1601992 -0.41492325 13
-0.10790854 -2.1199892 -0.43184921 13
-0.03090393 -2.1249237 -0.43142182 13
0.64463574 -2.1349163 -0.40637097 16
-0.38086534 -2.0696685 -0.43189153 15
-0.25420201 -2.0279484 -0.41997495 10.5
0.62698817 -2.0846493 -0.40669891 13
-0.50161362 -1.9977431 -0.42285556 19
-0.24122089 -1.9483515 -0.4142341 10.5
-0.11999481 -1.9313316 -0.42821968 13
-0.048315518 -1.9397365 -0.43013567 14
0.47271413 -1.9179306 -0.40335441 3
0.61975777 -1.9640684 -0.40664262 14.5
-0.47868386 -1.8320597 -0.41208017 12
-0.3723309 -1.8955956 -0.43213394 13
-0.26464704 -1.8438646 -0.43176407 14
-0.17892841 -1.8159115 -0.40310457 10
0.47294778 -1.8106695 -0.40517101 13
0.59563726 -1.8112401 -0.40684733 14
0.61447257 -1.8543525 -0.40571344 13
-0.44967589 -1.7247554 -0.41487604 12
-0.36558056 -1.7455393 -0.43253425 14
-0.26171666 -1.7126868 -0.43536285 11
-0.12824452 -1.7835143 -0.42942074 15
-0.063839294 -1.78651 -0.42982265 14
0.45722443 -1.7378038 -0.40695173 14.5
0.58980256 -1.7103949 -0.40973964 18
0.60466337 -1.7438976 -0.40779513 15
-0.37707329 -1.6203589 -0.41592446 11
-0.26580185 -1.697449 -0.42858934 11
-0.13507071 -1.6626794 -0.43259999 3
0.45452923 -1.6392431 -0.40748399 12.5
0.58757871 -1.6260877 -0.40955371 16
-0.50959224 -1.5924776 -0.41578445 7
-0.47396621 -1.548981 -0.4245317 14.5
-0.36111331 -1.5551639 -0.40421796 10
-0.26221812 -1.579767 -0.43113637 8.5
-0.14334297 -1.5238621 -0.42480019 14
-0.088962935 -1.5277107 -0.42587775 14
0.45071861 -1.5457675 -0.40757442 16
0.57835984 -1.5325096 -0.40961841 14.5
-0.45527798 -1.4598038 -0.41801468 5
-0.32785115 -1.465189 -0.41362754 5
-0.26192063 -1.4630439 -0.427432 6
-0.14933801 -1.4270343 -0.42598301 3
0.23205249 -1.447677 -0.40543249 8.666667
0.44800091 -1.4617517 -0.40790653 8.5
0.56976509 -1.4474121 -0.40965039 19.5
-6.4432316 -1.36963 -0.42781702 17
-5.9775767 -1.3696201 -0.41204789 4
-0.4480986 -1.3480427 -0.42100596 4
-0.37181139 -1.3632145 -0.413479 2.6666667
-0.26102501 -1.3658448 -0.42619899 3
-0.15426418 -1.3341196 -0.4240768 3
0.23529375 -1.354889 -0.40607822 7.5
0.44302392 -1.348544 -0.40765846 10
0.56768662 -1.3184409 -0.41130644 14
-6.4798203 -1.2669555 -0.41491008 38
-0.51555973 -1.2054913 -0.40972421 4
-0.42616835 -1.2533832 -0.42071995 4.3333335
-0.33456638 -1.2549217 -0.41485363 2.25
-0.25931033 -1.2522736 -0.42244005 4
-0.15968698 -1.2482674 -0.42123339 3
0.24263772 -1.2598293 -0.40560198 2
0.43546033 -1.2395256 -0.40543836 10
0.53934801 -1.2719426 -0.40742821 21
-0.46212655 -1.1411824 -0.41789022 3.25
-0.37277684 -1.136155 -0.42188156 3.6666667
-0.25974438 -1.1545089 -0.42484975 4
-0.16451888 -1.1513518 -0.42432308 4
0.036996149 -1.1181766 -0.40630624 3
0.25291139 -1.151279 -0.40692842 2.5
0.43500105 -1.1566316 -0.40732062 2
0.55495161 -1.1850001 -0.41096088 14
-0.52777481 -1.0121096 -0.40763351 8
-0.42884228 -1.0459181 -0.42036265 3.75
-0.35787058 -1.0458775 -0.42213008 4.25
-0.25787145 -1.0522375 -0.42794865 4
-0.17110248 -1.035512 -0.42548928 4.5
0.064216942 -1.0475954 -0.41148683 3.3333333
0.26275909 -1.0577879 -0.40923473 3
0.43464181 -1.0556462 -0.40989602 1.5
0.54269004 -1.0695704 -0.40998849 4
-0.52067459 -0.94654262 -0.41310585 5
-0.45516044 -0.95115054 -0.41205764 5.25
-0.35258269 -0.97023547 -0.4250167 4.1999998
-0.25709629 -0.94602108 -0.42721134 5
-0.1389617 -0.92360878 -0.41335645 5
0.087965995 -0.95001316 -0.4101156 7
0.17891528 -0.90444374 -0.40261742 1
0.27237222 -0.9753623 -0.41170079 2.75
0.30224022 -0.92473674 -0.41219172 3
0.40050745 -0.9748677 -0.40457523 0
0.97157538 -0.90805084 -0.4010075 5
-0.53094578 -0.85123074 -0.41306433 5.5714288
-0.43555599 -0.85522938 -0.41577077 5.4285712
-0.35126507 -0.8482641 -0.41459006 5
-0.25645626 -0.84706575 -0.42047787 5.5
-0.16136467 -0.85397899 -0.41667214 5
-0.081713021 -0.83415413 -0.40961966 6
0.10584667 -0.85122776 -0.40568098 5
0.25326774 -0.8682816 -0.41162565 5.3333335
0.3020027 -0.8616035 -0.40771922 2
0.85759956 -0.85790759 -0.40120453 8
-0.52159745 -0.73289132 -0.41286469 4
-0.44447497 -0.74564433 -0.41379958 4.4545455
-0.33179054 -0.75031352 -0.41905788 4
-0.25546372 -0.7511701 -0.41941106 4.5
-0.18626812 -0.76132035 -0.41680211 5.5
-0.053503972 -0.75104892 -0.41113141 5.125
0.12699822 -0.75395173 -0.40556836 4.1999998
0.36887547 -0.74178147 -0.40606055 0.66666669
0.45547792 -0.75480127 -0.41312289 1.3333334
0.85732311 -0.72777772 -0.40016499 2
0.96194291 -0.77243274 -0.40513214 1
1.2523248 -0.73106825 -0.40173769 5.5
-2.3501322 -0.62384379 -0.41408449 14.5
-2.1606903 -0.61986893 -0.40962237 13.5
-2.0573936 -0.61663032 -0.41129884 18
-0.54537416 -0.61766195 -0.40618417 4.6666665
-0.44662777 -0.65705878 -0.40957743 4.7142859
-0.35127357 -0.65239614 -0.41747734 2
-0.1673905 -0.63774562 -0.41349062 4.1999998
-0.018846441 -0.66075176 -0.41188285 4.625
6.622677e-05 -0.63032794 -0.42027092 2
0.1513212 -0.65113962 -0.40156955 4.5
0.22973406 -0.64870423 -0.40530869 3
0.34799132 -0.63606316 -0.40831152 3
0.46371037 -0.65134728 -0.40598792 4.5999999
0.58805978 -0.61666584 -0.40274557 5
0.62150985 -0.63418192 -0.40010387 5
0.75952023 -0.62935954 -0.40156227 5
1.0790594 -0.61836928 -0.40313032 1
1.2305442 -0.64537162 -0.40473488 7.6666665
1.47128 -0.65805036 -0.40577483 4.3333335
-2.675323 -0.52736145 -0.41727871 8
-2.5616307 -0.56324744 -0.4151803 8.5
-2.4575422 -0.59708619 -0.41496056 11
-2.3226485 -0.51890492 -0.41626966 10
-2.2368863 -0.56227469 -0.41673616 10.5
-2.1732955 -0.59194893 -0.41712597 11
-0.84007365 -0.51635301 -0.41233045 0
-0.71723807 -0.51966006 -0.41431183 0
-0.67566198 -0.50928617 -0.40005547 1
-0.54398835 -0.5365805 -0.40698731 3.090909
-0.45856628 -0.53233522 -0.4079228 3.2857144
-0.33498797 -0.52859783 -0.41482502 3.8571429
-0.14199272 -0.56030405 -0.41216415 4.1999998
0.0040601701 -0.58252144 -0.40598932 4
0.15883085 -0.54751074 -0.40485349 4.6999998
0.26015976 -0.54491383 -0.40679014 4.909091
0.34927076 -0.54698485 -0.40754193 5.2727275
0.44644019 -0.55607849 -0.40987748 6.25
0.57597262 -0.55132174 -0.40248719 4
0.76013362 -0.55013925 -0.40517622 5
0.84395456 -0.5375632 -0.40137815 4.75
0.93192607 -0.55525196 -0.40329999 5.5
1.0678374 -0.53242165 -0.4113563 6
1.1978701 -0.50293124 -0.4101254 6
1.2089094 -0.5551824 -0.40728831 6.6666665
1.4305294 -0.54401433 -0.40626663 4.1999998
-2.8438902 -0.45037293 -0.41689292 7.5
-2.7500069 -0.4999285 -0.41795662 7
-2.436322 -0.44201022 -0.41423306 9
-2.3743138 -0.48125988 -0.41389018 9
-1.7333934 -0.42144608 -0.4164179 8
-1.6479001 -0.4428958 -0.4169887 9.333333
-1.5732136 -0.47462311 -0.416906 10.5
-0.82242203 -0.45127186 -0.41085985 1.375
-0.76661241 -0.4410755 -0.40723428 3.4000001
-0.66615325 -0.44628677 -0.4095546 4
-0.54439563 -0.45338625 -0.40942854 5.3333335
-0.43777257 -0.46392551 -0.40909708 5.3076925
-0.34260631 -0.44262233 -0.41149113 6.1904764
-0.29609463 -0.40088007 -0.41551471 7
0.047363311 -0.44393793 -0.41362843 3.7142856
0.16652508 -0.45742795 -0.40945864 4.5833335
0.24711739 -0.44583291 -0.41067013 4.5625
0.35324442 -0.45032629 -0.40955648 5.3333335
0.43356431 -0.45630598 -0.40598094 5
0.67556417 -0.49958527 -0.4030185 7
0.76549768 -0.45212412 -0.40174416 6.5555553
0.85353959 -0.44956216 -0.40174812 5.1999998
0.92592907 -0.43201479 -0.40362075 5.6666665
1.0473582 -0.4435536 -0.40575182 5.6666665
1.1820017 -0.4387891 -0.40802133 5.75
1.2033024 -0.45680174 -0.4037495 6
1.385101 -0.42360082 -0.40829805 5.6666665
1.4016572 -0.47375551 -0.40738544 5
-3.0355577 -0.33783185 -0.41657063 8
-2.9447989 -0.39696708 -0.41717753 8
-2.6071393 -0.30765587 -0.41512007 6
-2.5495653 -0.35458702 -0.41458994 6
-2.4892898 -0.39941022 -0.41352642 7
-1.9408859 -0.31762341 -0.42025477 8.5
-1.8492616 -0.34604374 -0.41774216 7.6666665
-1.7649012 -0.38390645 -0.41648251 8.5
-0.75734657 -0.34591946 -0.41025236 4
-0.63924879 -0.36009514 -0.41158608 5
-0.54086155 -0.35733843 -0.40985113 7.1428571
-0.45519817 -0.35259542 -0.4131566 7
-0.3429251 -0.34984937 -0.41883555 7.0833335
-0.26992545 -0.3458384 -0.41634393 6.5555553
-0.13529256 -0.30064166 -0.40638408 3
-0.042186055 -0.34387258 -0.41191295 5.1666665
0.073146902 -0.34916463 -0.40897694 4.5714288
0.14922926 -0.37415043 -0.41135961 4
0.24917568 -0.3576327 -0.40999857 5.0625
0.35671976 -0.34972224 -0.41013405 5.5
0.44801953 -0.34965453 -0.4089587 5.7692308
0.54807073 -0.33345109 -0.40822133 5.1999998
0.74914277 -0.38071027 -0.40668792 4.5
0.92436302 -0.35057211 -0.40216011 4.5999999
1.0296211 -0.35085464 -0.40315709 5.625
1.1611724 -0.34573159 -0.40577197 6.3333335
1.3667524 -0.35191226 -0.4076919 5.5999999
-3.1409709 -0.2489718 -0.4162094 9
-2.6684239 -0.23848903 -0.41639495 8.333333
-2.0358684 -0.23555346 -0.41919258 9
-1.9624916 -0.25432602 -0.42082846 9
-1.8962282 -0.28684232 -0.41801113 8
-0.73020524 -0.26324731 -0.41474709 3.8571429
-0.63998914 -0.23963515 -0.411201 4.6666665
-0.54640454 -0.24593481 -0.41406149 6.25
-0.45017964 -0.25140235 -0.42314205 7.1428571
-0.34305692 -0.24410577 -0.41544452 6.6999998
-0.27609256 -0.25051767 -0.41354936 6.8000002
-0.14090768 -0.2493287 -0.41194072 5.0999999
-0.012410755 -0.24671839 -0.41275549 5.7142859
0.088212125 -0.25932592 -0.41479129 5.5999999
0.13452116 -0.23177342 -0.41349566 5
0.24988407 -0.24914952 -0.4102419 5.5454545
0.36847189 -0.25426611 -0.41348737 5.0769229
0.46107683 -0.25341073 -0.41143796 5.4285712
0.54942751 -0.24651003 -0.41117615 5.4444447
0.60975665 -0.21736887 -0.40678158 6
0.8539151 -0.24273422 -0.40324453 5.75
0.91996831 -0.26798347 -0.40296349 5.1999998
1.0193084 -0.26979265 -0.40713319 5
1.1507415 -0.24769734 -0.40730888 5.25
1.3382562 -0.25180858 -0.40579605 6.5
1.5861998 -0.21712273 -0.40328765 14
-3.2310009 -0.15226659 -0.41430199 9.5
-2.7269506 -0.14533585 -0.41679132 10
-2.1178846 -0.14211628 -0.41907579 8
-2.0407996 -0.15554598 -0.41892815 8
-1.9993979 -0.19703425 -0.42184797 9
-0.70705372 -0.16544507 -0.41394222 3.3333333
-0.66108024 -0.14457192 -0.41016445 4.25
-0.55501574 -0.14891562 -0.40896955 5.6666665
-0.45143476 -0.14865503 -0.41577926 6.3000002
-0.34149301 -0.14999662 -0.41454503 6
-0.26488894 -0.15398583 -0.42286664 6.5999999
-0.14959177 -0.14888296 -0.40863237 5
-0.072876401 -0.13943341 -0.4150036 5
0.011040128 -0.14251737 -0.41758758 5.4285712
0.13345306 -0.14927055 -0.41754597 6.3076925
0.25591496 -0.15489477 -0.41195729 6
0.36525014 -0.15009278 -0.41357231 5.3333335
0.44509155 -0.14193751 -0.40826192 4.9000001
0.57353258 -0.15556255 -0.40688327 5.2142859
0.63466823 -0.13826098 -0.40674135 5.0714288
0.85386515 -0.15564471 -0.40181243 6
0.91348553 -0.12680911 -0.40628034 6.25
1.1414603 -0.15548319 -0.40639758 6
1.3241179 -0.14818694 -0.41059241 6
1.5832573 -0.14885771 -0.40880617 7.5999999
-3.3196447 -0.023488073 -0.41385958 9
-3.2938259 -0.076010145 -0.41474748 9
-2.7609608 -0.049189102 -0.41651738 10.666667
-2.1701097 -0.053629994 -0.41885549 7.25
-2.0777538 -0.052043296 -0.41997564 8.75
-0.73469079 -0.046890076 -0.41179276 4.125
-0.66204095 -0.044941355 -0.40593755 5
-0.56498981 -0.054706275 -0.4072789 5.1111112
-0.45673063 -0.053687159 -0.41517687 6.0714288
-0.33930948 -0.044255137 -0.41475475 5.9230771
-0.26812693 -0.055640314 -0.41891325 6
-0.14268835 -0.046055447 -0.40822783 4.7894735
-0.059597906 -0.051200092 -0.41692364 5
0.02142798 -0.045295019 -0.4159058 5.625
0.13604639 -0.047147244 -0.41558054 6.352941
0.25924876 -0.056114398 -0.41367608 5.25
0.35978717 -0.051926497 -0.41196704 4.1176472
0.45187438 -0.051400356 -0.41067156 4.5714288
0.55329233 -0.049411979 -0.41101307 4.6999998
0.61880332 -0.057022978 -0.41005409 4.7647057
0.85625535 -0.057448354 -0.40676761 7
0.93974578 -0.050669085 -0.40965244 6.8888888
1.0130305 -0.037875369 -0.41387323 8
1.1356995 -0.04359512 -0.40820232 5.5999999
1.3237627 -0.053095601 -0.4128432 5.5
1.5809097 -0.055225175 -0.40780711 8.25
-3.3581765 0.058798984 -0.41392311 10
-2.7766671 0.050876088 -0.41665202 8.5
-2.2005479 0.071014017 -0.4172104 7
-2.1909375 0.023692885 -0.41727713 7
-2.0917311 0.04711945 -0.41755214 8
-0.7376188 0.056468673 -0.41075563 5
-0.66178167 0.050025076 -0.40551156 5.7777777
-0.56958508 0.04307241 -0.41430208 6.1111112
-0.45514831 0.049617838 -0.41433576 6.25
-0.34039921 0.053906083 -0.41408819 5.9000001
-0.26728088 0.039671447 -0.41957948 6.5
-0.14584123 0.052238896 -0.41100395 4.9444447
-0.057376202 0.053004771 -0.41666529 5
0.022146473 0.043205991 -0.4140963 5.8888888
0.13577519 0.05480919 -0.41760463 6.5
0.26050916 0.048727933 -0.41563714 5.4705882
0.35980138 0.048843954 -0.41648367 4.909091
0.45357621 0.047617689 -0.41564682 5.1363635
0.56217235 0.051240738 -0.41703603 4.5833335
0.60070509 0.04604676 -0.41725114 4
0.85684586 0.054560885 -0.40794265 7
0.93954569 0.04791452 -0.41768011 8
1.0040526 0.023293331 -0.40341246 6
1.1423799 0.050256073 -0.41151088 5.5384617
1.3215182 0.049154572 -0.40920079 5.7777777
1.5682375 0.043689139 -0.40373102 12
-3.3852587 0.17037582 -0.41315445 10
-2.7538998 0.15127902 -0.41455659 9
-2.206619 0.15148532 -0.41781363 7
-2.091917 0.14871159 -0.41844994 8.75
-0.81051964 0.19623071 -0.4105815 4
-0.75278032 0.1539133 -0.41240495 5.1578946
-0.65301609 0.15114118 -0.40897784 6
-0.54906738 0.1487969 -0.40928325 6
-0.44718757 0.14169857 -0.41583407 6.625
-0.35489389 0.15181895 -0.41191223 6.1428571
-0.24881203 0.16121569 -0.41158873 5.8000002
-0.18036209 0.12897146 -0.41556022 5
-0.058227614 0.16562968 -0.41300383 5.6666665
0.0068242415 0.12959437 -0.41479361 5.3333335
0.13707571 0.15161803 -0.42430577 6.7857141
0.24913326 0.15052982 -0.41845652 7.1999998
0.35639036 0.1518762 -0.42003831 5
0.4599255 0.14957893 -0.4186891 5.1904764
0.5570544 0.15006106 -0.42086074 5.0769229
0.61577958 0.15322657 -0.42190558 4.9285712
0.85773563 0.14472649 -0.40949199 7.6666665
0.94796294 0.14321801 -0.41739747 7.5833335
1.0085526 0.14261024 -0.40336835 6
1.1525928 0.14798056 -0.41524172 5.2727275
1.3376557 0.1523138 -0.40954289 6
-3.3977838 0.25622445 -0.41395074 9
-2.7252076 0.25022843 -0.41480017 8.5
-2.190613 0.24718623 -0.41854775 7.6666665
-2.0636616 0.24815542 -0.41817269 8.333333
-0.82506013 0.25382751 -0.41454786 5.1875
-0.74859357 0.25179026 -0.41552991 5.3125
-0.64916897 0.24469295 -0.41389853 6.7692308
-0.5554719 0.25281826 -0.41125703 7.2222223
-0.46230468 0.24487153 -0.41345716 7
-0.36930197 0.22468403 -0.41773027 7
-0.24341504 0.21709752 -0.41504893 6
-0.10358577 0.28275186 -0.41396582 6
-0.048386257 0.23360625 -0.40924177 5.8000002
0.067820154 0.24778062 -0.42162803 6.6666665
0.13935249 0.24529649 -0.4242003 7.0833335
0.23340137 0.25199065 -0.41712987 7.1111112
0.34930289 0.24641396 -0.42098498 5.7894735
0.45322523 0.2467493 -0.41925487 5.2631578
0.55729866 0.25369129 -0.42287153 5.7692308
0.64254826 0.24542077 -0.42229643 3.8333333
0.860937 0.24844095 -0.41834474 8.5
0.93704993 0.24819675 -0.42097381 8.090909
1.0188228 0.24757214 -0.40592924 7.3333335
1.1660985 0.24811573 -0.41515645 5.8333335
1.3643413 0.2488848 -0.41413951 6.5
-3.3893158 0.34002259 -0.4150196 10
-2.6652088 0.3436873 -0.41427204 9
-2.1359229 0.35210037 -0.41784692 8.5
-2.0284054 0.33045125 -0.42067865 9
-1.9960448 0.38226277 -0.42288536 10
-0.90663463 0.39271805 -0.40677723 2
-0.85634154 0.34895959 -0.4102957 4.352941
-0.75785184 0.35374883 -0.41563165 5.181818
-0.64300549 0.35636905 -0.4098379 6.5999999
-0.55836225 0.33363819 -0.41110176 7.25
-0.49236956 0.31368896 -0.40366167 6
-0.2475803 0.37415788 -0.41130522 6.8333335
-0.1236629 0.31176201 -0.41191164 4.6666665
-0.04419123 0.36242118 -0.4151012 6.2857141
0.080315791 0.36426499 -0.41986713 7.4285712
0.15327896 0.35041213 -0.43066689 7.5714288
0.23438972 0.35639927 -0.42155039 6.3333335
0.35115159 0.33525214 -0.41580907 4.8888888
0.44180009 0.337953 -0.42270735 5.6666665
0.53548938 0.33414581 -0.42362246 4.5
0.63985419 0.35181051 -0.41796675 2
0.7457884 0.36006477 -0.42146745 3.5
0.87802613 0.36126783 -0.41798633 8.25
0.96035171 0.34857735 -0.41462186 8.8888893
1.0301883 0.34545073 -0.40678802 7.8000002
1.1836443 0.33409679 -0.41686121 7
1.2031221 0.38186601 -0.42658132 6
1.3862199 0.33156875 -0.41647196 6.6666665
1.4106947 0.38205734 -0.41520357 4.3333335
-3.348062 0.44806212 -0.41510808 9.5
-2.6119089 0.41484624 -0.41442162 9
-2.5519226 0.46221519 -0.41337532 9
-2.0507617 0.46134079 -0.42000866 9.5
-1.9422731 0.42776951 -0.42168608 7.6666665
-1.8800726 0.48272723 -0.42278606 8.5
-0.92511344 0.4367173 -0.41306829 0.66666669
-0.83227909 0.43513498 -0.41200966 2.4000001
-0.74922532 0.44849482 -0.41066363 2.5
-0.6635018 0.44047645 -0.4115026 4.3333335
-0.55978984 0.45162541 -0.40931344 5.625
-0.42840409 0.45636585 -0.41945684 6.9166665
-0.35224003 0.46007204 -0.4222973 7.3333335
-0.2354688 0.45056006 -0.41348064 5.5294118
-0.19036329 0.4406898 -0.41320077 2.6666667
0.063000724 0.45214731 -0.41591582 5.1999998
0.15716021 0.42546749 -0.43096417 6.25
0.22589818 0.44982386 -0.41792262 4.4545455
0.35328415 0.45184317 -0.42068651 5.0588236
0.46093643 0.44303897 -0.41912439 2.3333333
0.58065075 0.47187439 -0.42988479 2
0.65690309 0.44432327 -0.42576015 4
0.7530936 0.45471963 -0.42490697 3.9000001
0.85371667 0.46370327 -0.41701964 7.8235292
0.9553321 0.45223284 -0.41383323 8.1000004
1.0519621 0.45360216 -0.41598478 6.4000001
1.1933346 0.41150498 -0.41621819 6
1.214973 0.44445181 -0.42389464 6.25
1.4324678 0.44584054 -0.41947356 4.2857141
-3.3123081 0.52743852 -0.41703966 10
-3.2575119 0.57368773 -0.41500407 9
-2.5086939 0.51194221 -0.41557401 12
-2.4447575 0.55394745 -0.41522563 12.5
-2.3776627 0.59306359 -0.41571733 9
-1.9569517 0.54568595 -0.42326501 9.666667
-1.8520067 0.54464453 -0.42033646 9
-1.7606789 0.5409022 -0.41952184 9.666667
-1.6613065 0.58388346 -0.42006564 9.666667
-0.43933415 0.55246449 -0.41694432 6.1999998
-0.35809937 0.54402524 -0.41659978 7
-0.25090033 0.53500926 -0.41400963 6.0714288
-0.12334339 0.55612379 -0.41543871 5.5
0.05155782 0.51563811 -0.40585941 3.5
0.17094854 0.5780341 -0.42909184 6
0.23101208 0.53869969 -0.4258199 4.7857141
0.35670871 0.55001432 -0.41846341 5.4285712
0.4784857 0.55472142 -0.42252117 1.5
0.54256904 0.55692226 -0.42964703 5.5999999
0.64672804 0.5412935 -0.42959642 3.4000001
0.73751229 0.54034895 -0.42523274 3.375
0.84851092 0.5520106 -0.42182767 5.4000001
0.96522796 0.55767381 -0.42224699 6.375
1.0736166 0.55468023 -0.42276976 5.6666665
1.237307 0.54433 -0.41958171 6.75
1.4738762 0.54373723 -0.42135563 5.1428571
1.5108585 0.59038252 -0.41390017 5
-3.2061706 0.6190173 -0.41436753 12
-3.1686227 0.66589636 -0.41638058 12
-2.3316803 0.61785161 -0.41604793 10
-2.2401488 0.66173404 -0.41705826 11.333333
-1.8291661 0.60859829 -0.42217046 9.5
-1.748284 0.63534331 -0.42123261 9
-1.6507441 0.66354162 -0.42091286 9.333333
-1.5625389 0.64765769 -0.42251855 5.4000001
-1.4694507 0.63629746 -0.41984624 2
-1.1093578 0.68027246 -0.41230607 0
-1.0337727 0.66821939 -0.4178423 0.71428573
-0.94925451 0.66610056 -0.42070428 2.625
-0.84895813 0.64965916 -0.41950205 3.8571429
-0.77536994 0.65512681 -0.41809258 3
-0.60610414 0.68718535 -0.41734821 0
-0.46072626 0.61144674 -0.42424074 5.5
-0.35050458 0.6553117 -0.42280143 6.2222223
-0.29179278 0.60034978 -0.41267946 8
-0.16585934 0.653566 -0.42007595 6.5
-0.007481331 0.67489642 -0.4252421 5
0.007317638 0.65856838 -0.41906214 2.5
0.16973887 0.6339128 -0.42537072 4.2222223
0.20786358 0.62594533 -0.42115074 6
0.36893359 0.65178239 -0.42538127 5.5454545
0.48642001 0.63137841 -0.4230428 4.125
0.5302425 0.67104328 -0.43285578 4.4000001
0.65056038 0.64176613 -0.42830491 4.75
0.751436 0.64433432 -0.42759153 4.375
0.84823143 0.65030164 -0.42263761 5.5500002
0.96428502 0.66094398 -0.43101147 5.0714288
1.0921321 0.6417852 -0.42648396 6.6666665
1.2727852 0.65164363 -0.42396829 7.3333335
1.524794 0.6577521 -0.41804814 7.5
-3.116255 0.70809656 -0.41626203 11
-3.0431201 0.77076882 -0.41965258 14
-2.1530931 0.70376694 -0.4206273 12
-2.0725336 0.72539741 -0.4193044 11
-1.9711939 0.75177801 -0.4200559 10.5
-1.8722835 0.77201152 -0.42094374 10
-1.7756029 0.78865063 -0.42264009 7
-1.672147 0.7950325 -0.42198315 3.5
-1.5111593 0.7030139 -0.42600304 4
-1.2108001 0.76632696 -0.42621267 1.6666666
-1.1490017 0.74387008 -0.41430369 1.3333334
-1.0423616 0.74357975 -0.41780597 1.375
-0.9430235 0.72994024 -0.42104906 2.8
-0.84432006 0.77497369 -0.42125204 3
-0.75921655 0.750543 -0.42023355 2.25
-0.64823675 0.74314815 -0.41242447 2.5999999
-0.53231978 0.72920769 -0.41947865 2.6666667
-0.43996885 0.74783993 -0.41770029 4.818182
-0.37607273 0.73857439 -0.4167785 4.8000002
-0.23296395 0.76135343 -0.42314538 6.1428571
-0.19029596 0.72928751 -0.4200052 5.5
-0.022543356 0.7537896 -0.42032075 5.8333335
0.0050727339 0.71430552 -0.41775575 5
0.26155028 0.75566244 -0.43668458 3.3333333
0.36444718 0.74829662 -0.42419058 6.5
0.45032129 0.7510432 -0.43125519 5.4285712
0.53953499 0.74459958 -0.43190208 4.8888888
0.65524906 0.75342947 -0.43045786 5.3333335
0.78155655 0.73115772 -0.429759 5
0.84576035 0.72365373 -0.41889545 8.8571424
0.97602654 0.71260679 -0.42172718 8
1.0405105 0.72787607 -0.42169523 7.0999999
1.105637 0.72964191 -0.42038193 8
1.2820818 0.73375821 -0.42254072 8
1.3056227 0.72651136 -0.41687244 9.5
1.5292512 0.73294926 -0.41420937 10.5
-2.9296713 0.81831169 -0.41745141 26
-2.8075359 0.8310101 -0.4096854 34
-2.68979 0.84161043 -0.4013311 42
-1.608479 0.80341941 -0.42471927 2
-1.2492011 0.86373961 -0.41159606 2.8
-1.1558756 0.8295601 -0.41208729 2.75
-1.0534182 0.86525732 -0.41931579 2.6666667
-0.93822831 0.84553057 -0.42137876 2.2857144
-0.84264952 0.84792566 -0.421855 2.3333333
-0.73132694 0.85518777 -0.42404181 3
-0.65986341 0.84590632 -0.40968084 4
-0.54159063 0.84169626 -0.41542849 4.3333335
-0.44449028 0.84342432 -0.41270494 4
-0.34158695 0.86309373 -0.41701061 5.5
-0.27589917 0.83641124 -0.41849136 6.5
-0.058827672 0.84520334 -0.42232454 6.6666665
0.146422 0.86442399 -0.43242601 2.8333333
0.27330691 0.84558266 -0.43603912 5.8000002
0.36761218 0.84317702 -0.42223382 4.1999998
0.46771517 0.85621661 -0.43230325 5.4000001
0.53434449 0.85408872 -0.42675829 5.3333335
0.64386123 0.85464478 -0.43541801 5
0.73092103 0.84228683 -0.42984068 5.25
0.80592763 0.89605033 -0.42337626 4
-1.3444456 0.93718535 -0.41287908 4.1666665
-1.2539514 0.93381357 -0.42028204 5.6666665
-1.1570361 0.9334898 -0.41715169 7.4000001
-1.0638696 0.95661813 -0.41711965 7.25
-0.95134342 0.94251978 -0.41591883 4.1999998
-0.87148517 0.92263353 -0.41263002 3
-0.76191312 0.96677107 -0.41131744 8.166667
-0.68267477 0.90647626 -0.41456878 3
-0.55577278 0.93875653 -0.41470999 3.25
-0.43184337 0.95984578 -0.4170875 4.5
-0.35722306 0.95792705 -0.41965631 5.3333335
-0.28437713 0.93078977 -0.41404271 4.5999999
-0.15599513 0.96819621 -0.41896245 3.5
-0.08026851 0.94790798 -0.42281875 5.5
0.14314523 0.95241112 -0.43392748 3.75
0.27707726 0.93825012 -0.43896776 4.75
0.45058471 0.942222 -0.43132481 4.2857141
0.54814076 0.95641142 -0.42702618 5
0.68488842 0.94174606 -0.43911669 6
0.7685805 0.96753311 -0.43360877 7
0.80224073 0.94935119 -0.42053199 7.75
-0.71825463 1.0064884 -0.40549886 13
-0.60364902 1.0003337 -0.41799521 7
-0.36944526 1.0229509 -0.41983292 10
-0.2965965 1.0061072 -0.41827703 6
-0.1408862 1.0183209 -0.40989545 14.333333
0.085547894 1.0334867 -0.40206456 14
0.14913075 1.0283096 -0.42756867 14.875
0.26323128 1.0292795 -0.42875367 15.2
0.32323021 1.0466037 -0.42801943 22.5
0.45758891 1.0384423 -0.42158145 11.8
0.52156597 1.0479296 -0.4219363 20.333334
0.62397271 1.0440253 -0.42277524 16.25
0.77629346 1.0476512 -0.4238992 13.714286
-0.481942 -7.242116 -0.36401275 36
0.1746233 -6.9080391 -0.39616421 42
0.39825156 -6.5780792 -0.33086309 4
0.40498585 -6.5783634 -0.35926586 42
0.61304963 -6.5529447 -0.34236699 3
0.7561928 -6.4832711 -0.34162751 4
-0.37043005 -6.3477721 -0.32517603 37
-0.32765594 -6.0128846 -0.37128755 7
0.77434939 -5.5487947 -0.31721476 0
0.48029393 -5.2388325 -0.32425493 0
-0.21843356 -5.0409951 -0.37018839 5
-0.048832096 -4.9711204 -0.38655269 9
0.50428528 -4.9924808 -0.33420262 1
-0.95529729 -4.8722668 -0.35894328 46
-0.89629501 -4.8849277 -0.33163241 46
0.77164537 -4.8154898 -0.33052069 10
-1.3137544 -4.7006335 -0.30377987 41
-1.2334716 -4.7452536 -0.36045223 21
-1.0829765 -4.4196777 -0.38441214 7
-0.13860771 -4.468812 -0.3790783 4
0.79375738 -4.4960079 -0.33622232 10
0.001493162 -4.2853155 -0.38902831 2
0.54907888 -4.2895308 -0.33909735 2
-0.11734032 -4.1928535 -0.31063089 2
0.56777447 -4.1141858 -0.34650871 1
-0.20618561 -4.0508928 -0.32279834 2
-0.9138574 -3.9300494 -0.38478574 8
-0.075073086 -3.9637756 -0.38237888 6
0.78926581 -3.9904532 -0.34527391 8
-0.28894082 -3.8369303 -0.32473692 7
0.19975963 -3.8043063 -0.31702709 7
0.35975242 -3.8582413 -0.30865511 6
0.040254317 -3.7600842 -0.39073122 6
0.77365774 -3.7069461 -0.30279046 10
0.80553418 -3.7497571 -0.34465551 9
0.59826618 -3.6223457 -0.35046923 5
-0.78636241 -3.5850983 -0.39088053 7
-0.049556829 -3.5757382 -0.35654983 7
0.61253136 -3.5080879 -0.3562431 6
0.927674 -3.5501289 -0.30495363 9
-0.15093756 -3.4645119 -0.33643395 7
-1.1453494 -3.3137782 -0.38589439 8
-0.22636133 -3.3046734 -0.33761117 6
0.33411387 -3.3528807 -0.32636118 8
0.7999379 -3.3964484 -0.35370913 8
-0.67565066 -3.2571261 -0.39103553 7
0.19882932 -3.2676058 -0.32904717 7
0.69640011 -3.2197134 -0.31789747 10
0.81587696 -3.2283323 -0.35347527 10
-0.049373202 -3.1364138 -0.34120858 7
0.6345365 -3.1566033 -0.36169246 6
0.83374542 -3.1067362 -0.32032678 11
-1.0042886 -3.0006011 -0.38725558 7
-0.58730674 -3.0226264 -0.39632708 8
-0.10985919 -3.0209894 -0.34649232 7
0.64608282 -3.0612974 -0.36517492 6
-0.18056032 -2.9042826 -0.34831357 6
0.31535521 -2.9403174 -0.33747688 9
0.80964476 -2.9759009 -0.36296347 9
0.19793727 -2.8751111 -0.33978814 10
0.63600504 -2.8347981 -0.32941848 14
0.82381958 -2.8465445 -0.36361799 9
-0.88868684 -2.7434556 -0.39069042 9
-0.50858635 -2.7896671 -0.39631256 8
-0.018857012 -2.7489188 -0.34813359 6
0.66133863 -2.7757382 -0.36770561 9
0.76099658 -2.7557504 -0.33152476 13
-0.077376865 -2.6760044 -0.35534602 8
0.3000232 -2.6256893 -0.34687194 11
0.67143023 -2.6873171 -0.36808139 10
-0.79205054 -2.5370553 -0.39306346 11
-0.4410761 -2.5934255 -0.39807045 10
-0.14501002 -2.5914264 -0.3571136 5
0.19315934 -2.5809715 -0.35078573 12
0.58917743 -2.5470867 -0.33986083 13
-0.38274133 -2.4257634 -0.39969537 11
-0.029411949 -2.4433694 -0.36046922 10
0.6879819 -2.4391706 -0.3726325 10.5
0.70348394 -2.4893508 -0.3412953 13
-0.10874926 -2.3085556 -0.36086667 10
0.19522817 -2.3064694 -0.35473862 12
0.28909889 -2.3549256 -0.35335213 11
-0.33251894 -2.2665739 -0.39793524 12
0.012835851 -2.2343016 -0.36333412 11
0.55147314 -2.2928832 -0.346053 12
0.65526694 -2.2476768 -0.34690648 15
0.70132577 -2.2225013 -0.37460303 13
-0.058416769 -2.1337717 -0.3670316 9
0.19320758 -2.1013 -0.36188927 11
0.27880794 -2.1431751 -0.35962233 10
0.70953989 -2.1770148 -0.37840727 10
0.029270982 -2.0254955 -0.36652055 9
0.51943237 -2.0994587 -0.35418841 15
0.61573309 -2.0627809 -0.35530984 16
0.7536149 -2.0138569 -0.33951664 10
0.82580113 -2.0362515 -0.3640818 7.5
-0.040835708 -1.9517674 -0.37222707 10
0.19036524 -1.9332289 -0.36887988 11
0.27161369 -1.9583269 -0.36372519 10
0.49387032 -1.9186616 -0.35812429 13
0.72328579 -1.9874523 -0.38258907 12
0.84070569 -1.9559492 -0.34643567 12
0.020506591 -1.8370814 -0.37377769 13
0.26220971 -1.8135896 -0.37117442 11
0.58177006 -1.8967198 -0.36021373 13
0.73079538 -1.8344373 -0.38221651 11
0.83811629 -1.8488728 -0.36786097 13
1.0192888 -1.8034613 -0.37600595 14
-0.047444232 -1.7643517 -0.37588859 9
0.048061118 -1.7185392 -0.37648049 13
0.18979302 -1.7800483 -0.37301749 11
0.47018638 -1.7828429 -0.36542886 13
0.552751 -1.754524 -0.36512557 13
0.73750693 -1.7066911 -0.3843199 14
0.8368665 -1.7467556 -0.3810322 17.5
1.0407722 -1.7680852 -0.38031876 19
-0.72326571 -1.6703767 -0.31287438 30
-0.51382196 -1.6340778 -0.3323347 45.5
-0.48929679 -1.6994166 -0.35133538 30
-0.036100961 -1.6387401 -0.38077772 11
0.0109627 -1.6785752 -0.38018158 14
0.19077329 -1.6417993 -0.37499803 12
0.25675142 -1.6787109 -0.37512082 11
0.45206499 -1.6436735 -0.36717516 12
0.52846467 -1.627188 -0.36724362 14
0.76758349 -1.6840508 -0.37359273 14.5
0.84335637 -1.6367568 -0.37428069 17.5
1.1866589 -1.6297287 -0.33265206 4
-0.68393302 -1.5213902 -0.31027788 6
-0.50937158 -1.5935853 -0.37862244 34
-0.49644223 -1.5395453 -0.34953886 18
-0.019705692 -1.5138974 -0.38221273 10
0.039746869 -1.5724633 -0.38144124 11.5
0.19059905 -1.5216411 -0.37759611 11
0.25303712 -1.5517681 -0.3762396 11
0.43469298 -1.5295051 -0.36953112 14
0.50675797 -1.5167897 -0.37147212 15
0.7503553 -1.5727195 -0.38050213 14.333333
0.83909446 -1.5437512 -0.36198503 19.25
0.99322814 -1.5916119 -0.35855004 29
1.0319393 -1.5346688 -0.37383014 27.5
1.1697872 -1.5191654 -0.33881354 28.799999
1.2330378 -1.5020605 -0.35054776 58.666668
1.4831945 -1.5389423 -0.35105345 63.666668
1.5284584 -1.5736836 -0.33415091 29
-0.0042111366 -1.4001017 -0.38217834 9
0.049909696 -1.458411 -0.38309556 12
0.18821244 -1.426645 -0.38218182 11
0.2474492 -1.4539156 -0.38004488 11
0.45308658 -1.4337867 -0.37582859 3
0.75170004 -1.4581091 -0.37976775 12.25
0.8425414 -1.4446101 -0.38648197 19.5
0.99072838 -1.4235623 -0.38306865 22
1.0672388 -1.4347365 -0.36844414 11.5
1.2358701 -1.4478358 -0.38513023 19.5
1.476221 -1.4287167 -0.36915788 15.666667
1.5340371 -1.4646336 -0.34339178 43.166668
1.6172686 -1.4820747 -0.30803764 96
-0.65088499 -1.3967667 -0.30826414 5.5
-0.50364149 -1.3467717 -0.33078742 19
0.065392718 -1.3936336 -0.38860574 2
0.18814147 -1.3345221 -0.38467011 2
0.24412556 -1.3589803 -0.38175786 2
0.43929622 -1.3397613 -0.37702644 8.5
0.67288208 -1.3519843 -0.37358528 3
0.75663489 -1.3574423 -0.38473305 12.666667
0.84336972 -1.342785 -0.38686618 9.5
0.99190712 -1.3502536 -0.38000685 3
1.0420326 -1.3546382 -0.37449706 4
1.196483 -1.3356674 -0.38339186 21
1.2286227 -1.3458714 -0.38762268 21
1.3551072 -1.3127353 -0.37029374 11
1.4351051 -1.3527681 -0.37517759 17.25
-0.62054348 -1.2604543 -0.30757752 5.3333335
-0.58926898 -1.209021 -0.30435836 5
0.056404758 -1.2455269 -0.38731176 12.25
0.18913545 -1.2483442 -0.38502964 3
0.24042535 -1.2335453 -0.38499385 9
0.39422917 -1.2654606 -0.37926373 3
0.45621902 -1.2591233 -0.37916741 4
0.66120911 -1.2296109 -0.37970191 3.5
0.71271342 -1.2854481 -0.37803161 5
0.84939772 -1.2867862 -0.38943774 3
0.95591539 -1.252906 -0.37492192 3.75
1.1802197 -1.2474688 -0.3856447 4
1.2448432 -1.2476842 -0.37989873 12.5
1.3028232 -1.2477 -0.37185574 19
1.4291863 -1.2532423 -0.38896525 16.5
1.6588207 -1.2056224 -0.37014642 7
-6.501193 -1.1626143 -0.39903057 73
-0.62307483 -1.1441 -0.30011201 6
-0.56329864 -1.1407361 -0.33239529 5.3333335
0.085723028 -1.1396375 -0.39061788 3
0.18726653 -1.1423 -0.38901708 3.5
0.23460765 -1.1332113 -0.38952366 3
0.37886393 -1.1616977 -0.38302028 3.5
0.43586743 -1.1601975 -0.38444546 3
0.59345126 -1.1146022 -0.38299766 3
0.63958919 -1.146067 -0.38349202 4
0.86358321 -1.1392343 -0.38676339 4.5999999
0.96250087 -1.1624789 -0.38932458 4
1.1770198 -1.1416808 -0.38628268 9.75
1.2262816 -1.1735076 -0.37430868 4
1.3930745 -1.1818179 -0.39879644 1
1.4154807 -1.1702894 -0.38493684 9
1.554188 -1.1340771 -0.37041274 11
1.6529477 -1.1516327 -0.33582741 10.285714
-6.5177197 -1.0550706 -0.38651299 100
-2.0376849 -1.0533733 -0.30395418 27
-1.93966 -1.0338169 -0.30361003 20
-1.7845824 -1.0099901 -0.30088317 18
-0.74350423 -1.0315187 -0.3071053 1
-0.54898322 -1.0525746 -0.33165741 6.4444447
0.089801587 -1.0479164 -0.39456943 1
0.18309209 -1.0263734 -0.39548039 4
0.2266846 -1.0504541 -0.39535308 3.5
0.36070189 -1.0470879 -0.38890395 3.5
0.4129819 -1.0473406 -0.38972622 3.5
0.56736171 -1.0380864 -0.38718113 3.5
0.62172246 -1.0406139 -0.38552967 4
0.79438603 -1.017936 -0.38719943 4
0.84396791 -1.0479231 -0.39078474 4.2857141
0.97452009 -1.057235 -0.39451188 4.25
1.0796696 -1.0221833 -0.38244179 4.3333335
1.1437925 -1.0655861 -0.38530943 4.5
1.374288 -1.0682071 -0.38568035 1.6666666
1.4575949 -1.0522987 -0.37466997 3.5
1.5534332 -1.0950645 -0.3690156 18
1.658563 -1.0794777 -0.3002997 15
-6.5319414 -0.94942993 -0.37427774 104
-1.7249906 -0.98748994 -0.30283779 17.5
-1.6567843 -0.97502649 -0.30506131 16
-1.5521007 -0.950544 -0.30558193 10.25
-1.458166 -0.95122242 -0.30908969 9
-1.3761503 -0.95645779 -0.30181476 9.666667
-1.1241663 -0.92921293 -0.30864596 4.5
-0.87214833 -0.92740333 -0.30572867 3.75
-0.73690462 -0.95666653 -0.30453458 5.6666665
-0.69346684 -0.9462657 -0.30421343 6
-0.54977137 -0.942747 -0.35251909 6.875
0.18325785 -0.94425392 -0.39757603 2
0.22191209 -0.94456673 -0.39814383 2.5
0.3617878 -0.93246192 -0.39102218 4
0.40188777 -0.95762622 -0.38771451 4
0.55903733 -0.92866111 -0.38756013 4.25
0.60428071 -0.99403071 -0.38746104 4
0.76421088 -0.93181467 -0.38385686 4.6666665
0.84214622 -0.9442091 -0.39571989 5.4000001
0.97246563 -0.93278825 -0.39049163 5.4000001
1.0271451 -0.95807773 -0.38400617 4
1.1327285 -0.94260061 -0.3948406 3
1.2550721 -0.92206085 -0.38654995 4
1.3405578 -0.96190888 -0.3793166 3.75
1.5286279 -0.92873502 -0.38023221 4
1.6306612 -0.95151353 -0.35765558 10
-6.537384 -0.84141237 -0.36320207 110
-1.0680546 -0.85762393 -0.31309009 4
-0.84510231 -0.84436476 -0.30891585 4.75
-0.74277306 -0.88159943 -0.30340159 5
-0.66963261 -0.85706258 -0.30458385 4.6666665
-0.55184191 -0.86375952 -0.33910045 7
0.22645712 -0.85834759 -0.39324668 0
0.35891724 -0.84844923 -0.39174789 4
0.53245652 -0.84596872 -0.38936341 6
0.68749195 -0.80172992 -0.38508445 6
0.73030132 -0.85690212 -0.38823888 5
0.85135001 -0.83491808 -0.39865682 6.3333335
0.93926632 -0.84514856 -0.38914931 4.4444447
1.1470594 -0.83798736 -0.38816062 3.8333333
1.2225491 -0.86932349 -0.38609079 4
1.3451251 -0.83786005 -0.38852429 4
1.4555796 -0.86249942 -0.38122877 4
1.5542738 -0.8517738 -0.38023725 2.4285715
1.6447515 -0.86265671 -0.33888724 11.4
-6.5366316 -0.72896916 -0.352667 104
-1.0062467 -0.78185624 -0.31148022 3.3333333
-0.93789476 -0.73539269 -0.3065972 1.8571428
-0.83819151 -0.76937634 -0.3079738 3.5999999
-0.77548385 -0.72033995 -0.30357939 4.8333335
-0.6235913 -0.74458486 -0.30386457 4.8000002
-0.55908793 -0.74732172 -0.34067875 7
0.15044768 -0.74294895 -0.39624372 0.5
0.21902668 -0.70753598 -0.39863729 0
0.35554296 -0.76691407 -0.39578465 3.5
0.48611999 -0.75634867 -0.38957676 6
0.52409607 -0.7542637 -0.3916086 5.3333335
0.66549742 -0.73919868 -0.38818297 5.8000002
0.70370543 -0.78323019 -0.38923594 6
0.84981155 -0.74572217 -0.38960868 4.818182
0.96926987 -0.74930537 -0.39150929 5
1.0472947 -0.74455154 -0.38750985 4.4285712
1.1414987 -0.73622626 -0.39020732 4.25
1.2596692 -0.75099522 -0.38998353 3.125
1.35347 -0.75922024 -0.38733381 4
1.4633737 -0.74383086 -0.38545704 3.2
1.5260217 -0.74312615 -0.38489723 3.25
1.6320361 -0.73914307 -0.36020344 9.75
-6.5414729 -0.62093329 -0.34437159 109
-2.0664322 -0.62276828 -0.38919419 15
-1.950227 -0.61141646 -0.38652194 14.5
-1.8489591 -0.6034236 -0.37481296 15
-1.7711265 -0.60542101 -0.3609485 4
-0.92156488 -0.67025971 -0.30920568 3.25
-0.858518 -0.64000404 -0.30664533 3.4000001
-0.73468202 -0.64593452 -0.30454031 3.6363637
-0.63615185 -0.66147166 -0.30266571 4.6666665
-0.57090652 -0.63786304 -0.32640785 5.7142859
0.15181768 -0.67286104 -0.39901847 6.5
0.21843565 -0.60850424 -0.39900345 5
0.4618527 -0.6519205 -0.39495462 4.4000001
0.50487155 -0.69238806 -0.39355034 5
0.62826902 -0.66363657 -0.39560416 4.8571429
0.76879895 -0.63810724 -0.39340663 5.125
0.84386265 -0.64620733 -0.39281273 5
0.94331294 -0.63797784 -0.38870195 5.3333335
1.0520477 -0.64346337 -0.39085329 5.4444447
1.1573224 -0.6461693 -0.38967192 4
1.2488055 -0.64152485 -0.39201739 4.6666665
1.3394991 -0.65447593 -0.38742769 4.3333335
1.4544945 -0.65801215 -0.38953274 3.5999999
1.6321093 -0.65757519 -0.31032786 11.666667
-6.5466843 -0.5109179 -0.33829936 112
-1.7332945 -0.59537327 -0.369176 8.5
-1.6306826 -0.5890457 -0.34949985 13.666667
-1.5457078 -0.58353066 -0.34341601 3.5
-1.4579988 -0.57742512 -0.33577758 4.75
-1.3433692 -0.56866211 -0.32679507 7.1999998
-1.2395827 -0.56767094 -0.32370028 7.8333335
-1.1435812 -0.56268644 -0.32256043 8.1999998
-1.0739384 -0.55671096 -0.31653729 2.75
-0.84178543 -0.56386274 -0.32155159 2
-0.74538463 -0.53461891 -0.33301026 5.1428571
-0.65235293 -0.53520972 -0.32570711 6.4000001
-0.57660115 -0.54627097 -0.34977749 7.9000001
-0.42295671 -0.51292002 -0.3994503 3
0.18885881 -0.56042075 -0.39989355 5
0.22021857 -0.5774231 -0.39773917 5
0.56449878 -0.53807306 -0.39673024 4.5
0.6690563 -0.52868861 -0.39626533 6
0.72652078 -0.55241251 -0.39730167 5.6666665
0.85191101 -0.54419661 -0.3962287 4.6428571
0.94481415 -0.55255282 -0.39624223 5.181818
1.0510885 -0.54463947 -0.39133772 5.3333335
1.1527511 -0.56473607 -0.38973922 4.75
1.2183315 -0.55329311 -0.39478746 5.5
1.4461322 -0.56598192 -0.39594436 4
1.6145825 -0.55118662 -0.32578549 13
-6.5554504 -0.40205437 -0.33220646 108
0.29229131 -0.47314054 -0.39954624 6
0.40141442 -0.43850428 -0.39870432 5
0.56739265 -0.49217981 -0.39019269 1
0.65268594 -0.457362 -0.39150444 4.5
0.76015759 -0.45075372 -0.39612547 6.3333335
0.85080653 -0.45262209 -0.39617899 5.3846154
0.9377777 -0.46072975 -0.39564851 5.4166665
1.0311607 -0.46626139 -0.39743558 5.1666665
1.1832756 -0.41876933 -0.39132735 6
1.2060503 -0.48166206 -0.39968178 6
1.3945515 -0.42684263 -0.39696714 5
1.4154048 -0.4843865 -0.39660001 4
1.5969843 -0.42252055 -0.36569339 14
1.6073334 -0.46020469 -0.35193416 13.428572
-0.26444697 -0.33142638 -0.39221087 3
0.537848 -0.36308178 -0.39436018 2.6666667
0.77322912 -0.32733637 -0.3934117 3.5
0.84470344 -0.35606486 -0.39574876 5.8235292
0.92072535 -0.34461367 -0.39851391 4.5
1.024056 -0.34801286 -0.39542001 5
1.1696224 -0.3514322 -0.39680842 6.8333335
1.3650995 -0.33536002 -0.39702955 6.6666665
1.5933466 -0.35451683 -0.37875411 14.166667
1.6016558 -0.34039482 -0.37615296 13
-6.5721793 -0.29553971 -0.32911795 120
-0.24577026 -0.24570636 -0.3699581 4
-0.14172183 -0.23048341 -0.38809672 4
-0.051253781 -0.23448317 -0.37839815 2.5
0.21951792 -0.20860691 -0.33853716 2
0.31224468 -0.28354308 -0.36038095 3
0.40481248 -0.23167893 -0.38874087 4
0.62983173 -0.24590972 -0.39303723 3.5
0.74142396 -0.28859502 -0.36138135 2
0.83366656 -0.28841296 -0.39347488 5
0.91290331 -0.242035 -0.39421684 5.1999998
1.0119784 -0.2440396 -0.3981536 5.5
1.1546413 -0.25734043 -0.39688239 5
1.3402225 -0.24949944 -0.39525113 6
1.5924511 -0.25369653 -0.39338383 13.285714
1.6014394 -0.27246618 -0.3898612 12
-6.5817847 -0.18672031 -0.32607201 115
-0.2773104 -0.15277626 -0.39632192 6
-0.090748318 -0.17765456 -0.39690399 4.75
0.0057195034 -0.15477191 -0.3968277 5
0.49979037 -0.11232261 -0.3034113 1
0.53729004 -0.11648144 -0.33910114 1.4
0.65942454 -0.16167529 -0.39855257 5
0.95298809 -0.16082878 -0.39632836 6.25
1.0041418 -0.16897884 -0.39569709 6.25
1.1384654 -0.11544033 -0.39927977 7
1.3225033 -0.15032198 -0.39595664 5.8333335
1.5885768 -0.14931476 -0.3991054 7.75
-6.5852981 -0.077647112 -0.32472068 113
-0.40745765 -0.0051247575 -0.39282981 5
-0.36791164 -0.090531535 -0.39138797 5
-0.28941941 -0.022390828 -0.39961997 5
-0.17532119 -0.084863275 -0.39794052 5
0.018046623 -0.079509541 -0.39793292 5
0.5118528 -0.093864456 -0.36828384 1
0.99952167 -0.03596884 -0.39584711 7
1.0020036 -0.097069792 -0.39610425 6
1.1340678 -0.081317969 -0.39768064 6.3333335
1.3134928 -0.028224437 -0.39665112 5
1.5766988 -0.042088412 -0.39712402 8.5
-6.5971699 0.032067519 -0.32499465 105
-0.49211967 0.093870893 -0.39910543 6
-0.33503431 0.052176584 -0.39082581 5
-0.26291314 0.07527297 -0.38923535 5
-0.15322454 0.035938162 -0.38206902 4.6666665
0.85337108 0.038009461 -0.39971167 7
1.001084 0.066667952 -0.39773673 6
1.3212279 0.067870252 -0.39866599 5.3333335
1.5712209 0.054883193 -0.39276791 14.166667
-6.6002622 0.14415319 -0.32642883 111
-0.3150942 0.13930643 -0.39159232 6
-0.24433084 0.16040935 -0.36706755 3.6666667
-0.14778715 0.11329951 -0.36426944 3
-0.071816839 0.1481107 -0.39705697 5
0.0068655405 0.13845092 -0.38758022 5
1.5674423 0.14967594 -0.38505644 14.5
-6.2525277 0.24013506 -0.31150779 81
-0.30910948 0.21445867 -0.39178538 6
-0.22939821 0.23695894 -0.36852479 2.8
-0.10482188 0.23970637 -0.38275197 5
-0.090028994 0.20134562 -0.38658974 5
0.39485002 0.29947427 -0.33396456 1
1.5596461 0.24625254 -0.36350071 12.909091
-6.2441964 0.34468719 -0.31436223 107
-0.37216127 0.35849839 -0.37428665 4
-0.060325585 0.38708249 -0.38545021 3
0.35139966 0.32201883 -0.3565203 3
0.41113448 0.32856065 -0.38173994 7
1.5550641 0.35089564 -0.33111474 13
-6.24474 0.44885567 -0.31966838 104
-0.45787269 0.45527697 -0.38666096 4
-0.25672847 0.47578064 -0.39994854 7
-0.060919352 0.41405115 -0.39690217 1
1.5524769 0.43163398 -0.31649742 12
-6.251513 0.55575716 -0.32689363 115
-5.9714398 0.6298061 -0.31878623 22
0.85333633 0.7325989 -0.35205069 11.5
0.93134242 0.72304219 -0.33896247 10.666667
1.0847465 0.73169166 -0.38248649 7.1428571
1.1497308 0.73930043 -0.34304217 7.3846154
1.2394841 0.74530011 -0.34028271 8.727273
1.4582068 0.74528414 -0.32917511 8.25
1.53272 0.7375313 -0.37390357 11.2
-2.5823214 0.85198045 -0.39568195 44
-2.4826005 0.86117864 -0.39081123 47
-2.3780258 0.86447883 -0.38429549 43
-2.2426219 0.87245369 -0.37937936 43
-2.1199801 0.88014722 -0.37548772 50
-2.0516057 0.88764769 -0.37595335 45
-1.9529984 0.89580899 -0.3763417 46
0.81445634 0.85382313 -0.32228959 6
-1.8607506 0.90282881 -0.37724021 37
-1.7731953 0.9082396 -0.37976849 26
-1.6711447 0.91646528 -0.38489366 10.5
-1.5958945 0.9196018 -0.3887226 1
-1.3274304 0.95422155 -0.34848708 12.5
-1.2471281 0.9616341 -0.35774809 13.571428
-1.1602718 0.97177541 -0.36685368 13.428572
-1.0603213 0.9760831 -0.32508078 15
-0.95718271 0.97784108 -0.34418887 15.75
-0.85472286 0.97691172 -0.34671158 15.7
-0.7520439 0.98997146 -0.34543401 17.111111
-0.60022384 0.99445701 -0.38658428 15
-0.5966543 0.99579775 -0.31600925 12
0.79107547 0.96120119 -0.3421208 6.5
0.81488311 0.94361234 -0.30204558 6
-0.60154325 1.0054672 -0.36261204 13
-0.53994936 1.0070828 -0.35937572 17.666666
-0.43809491 1.0078096 -0.3543978 17.25
-0.36096063 1.0270073 -0.33918276 21
-0.24864547 1.0258055 -0.34651756 21.285715
-0.1791489 1.0267301 -0.3687852 19
-0.018026538 1.0332217 -0.31702122 22.333334
0.04308952 1.0323101 -0.35641867 18.857143
0.16180621 1.0358421 -0.36731794 20
0.25014168 1.0440785 -0.35291171 19.75
0.34547168 1.0493023 -0.35204232 18.307692
0.45845747 1.0565734 -0.35338721 18.125
0.55261379 1.0597284 -0.35255727 23.799999
0.65063721 1.0677975 -0.34640393 24
0.75504446 1.0762482 -0.35009742 22.333334
-0.65766865 -7.2715111 -0.26026559 54.5
0.16128063 -6.9166169 -0.24476656 102
0.22308519 -6.9393539 -0.22077087 56
0.37077117 -6.8605986 -0.23171729 31
-0.61614406 -6.7366986 -0.24711275 69
0.38401097 -6.5727634 -0.25172347 34
0.47857952 -6.5400805 -0.2770918 53
0.68934262 -6.5393243 -0.20000282 103
0.7316013 -6.5330381 -0.25053585 39
-0.25583318 -6.4997005 -0.27188167 28
-0.33137357 -6.2224841 -0.24014142 24
-0.22333315 -6.0573273 -0.24102253 7
0.44427454 -5.5941954 -0.25626415 0
0.21241362 -5.4348583 -0.26548037 1
1.0198014 -5.2418971 -0.25029671 3
-1.5549048 -4.9216704 -0.20873839 80
-0.16524473 -4.9893031 -0.28349313 3
-0.93114567 -4.8742256 -0.23935591 46
1.2037495 -4.7753992 -0.24918956 17
-1.3952972 -4.6631045 -0.2495738 39
0.39295688 -4.6014786 -0.28948471 4
0.20194376 -4.5191817 -0.2986609 2
0.87659419 -4.3509116 -0.28102201 10
1.0579535 -4.1965461 -0.29025263 9
0.77673793 -1.9757532 -0.25661546 3
-0.58439994 -1.7225885 -0.28839552 4
0.88551849 -1.7328447 -0.27860275 2
-0.71102697 -1.5751182 -0.2960538 17
-0.66039056 -1.5043036 -0.29784575 5
-0.53056574 -1.5984792 -0.28871503 22
0.88939142 -1.5535803 -0.25716895 13.5
0.9435311 -1.5359038 -0.24087653 48.375
1.1634891 -1.5092165 -0.24939425 63.400002
1.2226368 -1.5033132 -0.26586682 47.799999
1.3886418 -1.5468589 -0.20616743 26
1.6929989 -1.5293634 -0.27802214 61
-6.4890046 -1.44125 -0.27005339 102
-0.70043701 -1.4502244 -0.25628969 2
-0.60922253 -1.4174228 -0.29580981 4
1.1845083 -1.4979129 -0.24710402 66
1.2664161 -1.4949836 -0.22283584 17.5
1.3425832 -1.4885305 -0.22180513 38
1.4270377 -1.4839711 -0.25503114 48.666668
1.5787007 -1.4515331 -0.29319283 59
1.6753976 -1.4677765 -0.25011432 79.75
-6.5022492 -1.3212888 -0.24215329 103
-0.70553505 -1.3462019 -0.21723583 1
-0.5670718 -1.3540697 -0.2964386 5
1.6586559 -1.3509457 -0.21241042 51.5
-6.5163255 -1.2023462 -0.21729675 104
-0.70203036 -1.2416061 -0.29459867 3
-0.52780473 -1.2938728 -0.29621512 5
1.6490774 -1.2516755 -0.26419571 41.166668
-0.66075921 -1.1913415 -0.29736677 4
1.6449274 -1.1647327 -0.29800165 14
-2.1320553 -1.0268123 -0.28501719 2.5
-2.0936444 -1.0462385 -0.29600886 11
-1.8495806 -1.0157869 -0.29916561 17
-0.73051804 -1.0291462 -0.2669642 2.4000001
-0.55050606 -1.0406284 -0.2989341 7
1.653627 -1.0502638 -0.26862088 14.8
-3.9860778 -0.96604687 -0.27979746 0
-3.7645018 -0.97255093 -0.27558297 9
-3.5210717 -0.96408087 -0.2684682 5
-3.2516279 -0.94045353 -0.25764167 4
-3.043608 -0.9284938 -0.25091994 3
-2.8611343 -0.91663724 -0.24629289 0
-2.7034757 -0.90885496 -0.24291968 3
-2.1286571 -0.94636816 -0.25333011 0.5
-1.806266 -0.9871189 -0.29977322 14
-1.5110798 -0.99863815 -0.27254653 2
-1.4518498 -0.95527285 -0.23764656 6.5
-1.3586135 -0.9575212 -0.23534538 4.25
-1.1498797 -0.96922618 -0.28617269 1.6
-0.91477877 -0.97333986 -0.27459201 0.75
-0.86402494 -0.94309962 -0.24803585 2.25
-0.73410857 -0.97341859 -0.27626181 0.5
-0.63564229 -0.92546147 -0.29664052 7
1.6496776 -0.97222567 -0.21932273 13.75
-2.5463908 -0.89408123 -0.23817813 2
-2.4187098 -0.88659 -0.23632291 3
-2.2969763 -0.87634832 -0.23416981 3
-2.1610365 -0.87450981 -0.22876443 2
-0.70215976 -0.84211564 -0.29982007 4
-0.65859044 -0.82252383 -0.29839945 4.5
-0.5764358 -0.86601681 -0.29331532 6
1.6406134 -0.84641498 -0.27737251 7.6666665
-0.96705848 -0.79247737 -0.29964358 0
-0.62824893 -0.77636719 -0.29781416 5
-0.59094095 -0.7448104 -0.29980132 5
1.628402 -0.74125701 -0.25703877 8.3000002
-0.73853832 -0.67235559 -0.29964885 5
-0.64793372 -0.64928156 -0.29881826 3
-0.58152038 -0.63486969 -0.29736346 6
1.6265661 -0.64880037 -0.27035251 9.416667
-0.63541871 -0.56660479 -0.29983509 3
1.6263121 -0.5683881 -0.23442265 0.5
1.5987687 -0.43308866 -0.20503953 19.5
1.6017284 -0.42860663 -0.20934384 18.333334
1.5966295 -0.34641057 -0.23309438 18.666666
1.6011364 -0.38748664 -0.22225007 13.5
-0.23734254 -0.23302776 -0.20710731 1.25
-0.14369798 -0.20912196 -0.2180821 1
1.5924789 -0.24768673 -0.25490037 18.583334
0.39098358 -0.15556273 -0.20695536 1
0.45341304 -0.13120043 -0.24709995 2.1666667
0.50659102 -0.1221666 -0.29008144 1
0.72538412 -0.19271553 -0.28872269 1
1.5811287 -0.14351425 -0.26553565 17
1.5695376 -0.044282582 -0.2652787 16.333334
1.56261 0.054127734 -0.25717458 16.083334
-0.24565773 0.14395626 -0.21667752 1.4
-0.18039274 0.11972262 -0.26940331 1.375
1.5583212 0.15256256 -0.24054588 15.769231
0.36948362 0.27250299 -0.24438602 1.125
1.5520158 0.24549888 -0.21544319 15.636364
1.5544683 0.45862198 -0.28434208 12.714286
1.546374 0.54621071 -0.24875881 12.083333
-5.43329 0.66175634 -0.29739556 18
-5.0036402 0.69208539 -0.28129229 16
1.5436969 0.64121979 -0.2173741 8.666667
-4.6401086 0.71659058 -0.26872978 20
-4.3163619 0.73639286 -0.25817665 25
-4.0353022 0.75437284 -0.25018209 30
-3.7876947 0.76892412 -0.24367717 31
-3.5907898 0.78732193 -0.24054071 34
0.84421027 0.73513937 -0.23634569 9.8125
0.96434355 0.72729278 -0.26056796 8.5625
1.0262479 0.73112261 -0.21920508 4.875
1.259177 0.7487703 -0.27762058 11.666667
1.3511549 0.74846512 -0.24464132 7.4166665
1.4470986 0.75735366 -0.24058318 6.4285712
-3.397275 0.8005653 -0.23737222 36
-3.21943 0.81013769 -0.23439291 41
-3.0700312 0.82250047 -0.23405617 42
-2.925071 0.83108115 -0.23317605 46
-2.7969327 0.84055758 -0.23410997 45
-2.6838033 0.85039324 -0.23580363 44
-2.5750203 0.85804105 -0.23691499 57
-2.463294 0.86180735 -0.23747426 44
-2.3728521 0.86966705 -0.2407155 46
-2.2421446 0.87723887 -0.24512447 49.5
-2.1278749 0.88610959 -0.25056642 54
-2.0596042 0.8930198 -0.25452882 51
-1.9889914 0.89702272 -0.25877118 52
0.79810655 0.85693765 -0.27833655 6
0.80659211 0.80616266 -0.24406496 5
-1.9276127 0.90263259 -0.26408273 50
-1.8416198 0.91028655 -0.27215675 46.5
-1.7317365 0.91744977 -0.28242746 22.5
-1.656445 0.92214149 -0.29044029 7
-1.3225094 0.96125686 -0.25631782 14
-1.2611079 0.96707869 -0.24356487 13.25
-1.1485637 0.965325 -0.24974208 14.714286
-1.0649817 0.97054261 -0.24649157 16
-0.95080161 0.97248477 -0.25134039 16.5
-0.88096017 0.98118591 -0.26093489 17.200001
-0.7401914 0.98960721 -0.24055938 18.1
-0.64886546 0.98994613 -0.2465658 18.125
-0.59427953 0.99443197 -0.26210716 13
0.80837554 0.94733411 -0.29183143 6
-0.63703752 1.0077801 -0.23241118 26
-0.54928887 1.0036048 -0.24933939 16.6
-0.44008368 1.0171444 -0.24667439 18.75
-0.34949395 1.0286006 -0.24964315 22.166666
-0.23518929 1.0349604 -0.243698 22
-0.15524964 1.0348873 -0.24348766 22.375
-0.066901468 1.0337536 -0.27681431 23
0.064268686 1.0385482 -0.22641578 23
0.15077958 1.0403551 -0.26120731 18.888889
0.25141686 1.0456122 -0.25281423 18.142857
0.345682 1.0543545 -0.2614716 23
0.45150942 1.0590136 -0.25145361 24.111111
0.55340213 1.0623795 -0.25032485 23.714285
0.65831459 1.0721468 -0.244204 24.166666
0.75030428 1.0817279 -0.24747042 23
0.8060025 1.0473804 -0.28908509 11
-0.63153338 -6.963738 -0.10594477 41
0.24659994 -6.9119363 -0.14879921 102
0.34293878 -6.9184709 -0.1010547 77
-0.71712458 -6.7613559 -0.18170804 30
0.30217102 -6.7167406 -0.15315081 28
-0.38882065 -6.6105471 -0.19806963 57
0.35395712 -6.5911674 -0.17929022 30.5
0.52934116 -6.5416079 -0.18915974 50
0.66287833 -6.5469913 -0.10757172 76
0.73731613 -6.5285883 -0.13541992 57
-0.26310399 -6.4126873 -0.12494235 51
-0.16571891 -6.467092 -0.14713791 19
1.2042582 -6.2235036 -0.19151431 48
-0.43852431 -6.1641355 -0.15689346 49
-0.30327991 -6.1748128 -0.17204247 18
-0.93828481 -4.8788815 -0.13408175 46
1.1646011 -4.6490517 -0.16584846 22
1.2608606 -4.5893774 -0.16174904 24
0.92482388 -1.8279508 -0.1340965 6
0.8840614 -1.742631 -0.10984367 9
1.1458101 -1.6762893 -0.12676957 101
1.4281456 -1.6852895 -0.11410129 39
-0.68231595 -1.5075721 -0.1428093 5.8571429
0.88713294 -1.5481024 -0.13721389 64.333336
0.94469327 -1.5325242 -0.16532092 39.57143
1.0639558 -1.5234393 -0.13447718 60.25
1.1229143 -1.5065303 -0.15684199 65
1.3505212 -1.5435266 -0.13564706 59
1.663413 -1.5335182 -0.10250026 52
-0.68454385 -1.4340786 -0.12818319 4
1.144531 -1.4971145 -0.17299034 66
1.2800404 -1.4824066 -0.17788778 18
1.3492745 -1.4778633 -0.14427872 52.75
1.4075518 -1.4754393 -0.15661226 63.5
1.6644106 -1.4354858 -0.15846469 52.166668
-0.68592769 -1.3550636 -0.10322163 20
1.6729686 -1.3360605 -0.16569535 57.5
1.6689348 -1.2559398 -0.13080961 16.666666
-0.69478536 -1.1275342 -0.14575174 4.5
1.6610229 -1.1939533 -0.10558389 16
-6.5193486 -1.0812184 -0.19390306 108
-0.70902264 -1.0191759 -0.14265443 5.5714288
-6.5328965 -0.96127033 -0.17182398 104
-3.8308702 -0.90104562 -0.17061749 2
-1.1217045 -0.91740239 -0.14982079 6.5
-1.0706714 -0.91590446 -0.15483993 6.3333335
-0.93924838 -0.92038941 -0.17152107 3.5
-0.86941427 -0.91782206 -0.14902817 7.818182
-0.72598553 -0.96919924 -0.14243163 7
1.6367925 -0.93408781 -0.14890692 7.2857141
-6.5475602 -0.84134328 -0.15140098 108
-3.56072 -0.8995378 -0.17462093 7
-3.2854888 -0.8859278 -0.17618158 11
-3.0256255 -0.86556697 -0.17709729 10
-2.7868667 -0.84355438 -0.17704445 17
-2.6050978 -0.83151013 -0.17937244 15
-2.4548945 -0.82299912 -0.18204075 15
-2.3155236 -0.81366748 -0.18463905 18
-2.1658623 -0.81568623 -0.19283256 24.5
-0.86675292 -0.89898223 -0.19810131 3
1.6426209 -0.85110897 -0.14650063 9.666667
-6.5409141 -0.71906048 -0.13334127 108
1.6459416 -0.77790284 -0.10962223 6
1.5938969 -0.63200337 -0.10883409 0
1.6298213 -0.62108278 -0.15419719 1.6666666
-6.5481358 -0.594441 -0.11580898 114
1.6110865 -0.55775189 -0.14509466 10.866667
-6.5616837 -0.47349903 -0.10093477 107
1.5980176 -0.44768235 -0.15995879 17
1.6082522 -0.4537583 -0.13502641 12.875
1.5964087 -0.35152426 -0.15318178 16.727272
1.6102604 -0.3434808 -0.12654348 13.166667
-0.26549146 -0.22297876 -0.14814329 1
-0.1809168 -0.22102903 -0.1748953 0.5
1.5965985 -0.24874395 -0.18167222 20
-0.23929384 -0.18342021 -0.13350274 0.89999998
-0.19015238 -0.15995434 -0.12656438 0
0.38150716 -0.13989533 -0.19451082 1
0.40188169 -0.12389457 -0.19627762 1
1.5810755 -0.14800344 -0.1924593 18.333334
1.566223 -0.06788709 -0.19276571 14
-0.23942497 0.086096719 -0.1312931 0
-0.32345051 0.12883395 -0.11933824 1.1666666
-0.26748994 0.12778407 -0.15892173 1.1818181
1.5513555 0.28112233 -0.19536734 16
1.5495358 0.35479081 -0.16002887 15.333333
1.5506754 0.44744056 -0.13062629 13.6
1.5498496 0.53313124 -0.14166841 13.5
1.5425403 0.65584874 -0.14942446 5.909091
0.8449735 0.73350519 -0.16049922 9.913043
0.93048215 0.72795075 -0.1321521 9.25
1.0685804 0.73570257 -0.16048199 11.692307
1.1409996 0.74311268 -0.14656322 14.666667
1.2193183 0.74701291 -0.1080261 13.5
1.5261159 0.72669381 -0.15302444 1.25
-2.1485443 0.88258135 -0.10553309 45
-2.0774677 0.89376479 -0.11267379 46
-1.992637 0.89516723 -0.1193354 47
0.79587835 0.89105153 -0.13039476 5.5
0.81528348 0.84480792 -0.1221817 5.7142859
-1.9222912 0.90033334 -0.12590714 48
-1.8575145 0.90640557 -0.13355294 52
-1.7662728 0.91341507 -0.14400849 51
-1.6528767 0.92128545 -0.15918666 50.5
-1.5492887 0.92699099 -0.17374192 25.5
-1.4854074 0.93554282 -0.18623784 1
-1.3046366 0.96220964 -0.15777354 18
-1.2528666 0.95893884 -0.14756216 12.181818
-1.1458857 0.96625692 -0.15975575 15.285714
-1.0568671 0.9754979 -0.15960342 16.5
-0.94207698 0.97234118 -0.13144942 17
-0.85215795 0.97911757 -0.14239331 16
-0.75538373 0.98966968 -0.1621049 17.333334
-0.69899154 0.99390453 -0.17710416 16.333334
-0.54264873 0.97827101 -0.12317515 18
-0.30709532 0.93866569 -0.13865831 13
-0.28677469 0.93284523 -0.12003227 17
0.7917614 0.95558363 -0.16644722 5.3333335
0.81487703 0.9425472 -0.11192952 6.5
-0.73700935 1.0053236 -0.13022703 20.5
-0.55302024 1.0075448 -0.14754057 20.727272
-0.43758592 1.0222143 -0.13921091 23.428572
-0.36776432 1.031198 -0.18332486 23.666666
-0.22971082 1.0310127 -0.15759826 21.125
-0.027899191 1.026911 -0.16419889 13.75
0.018278526 1.0340466 -0.19019043 21.666666
0.39622876 1.0569375 -0.18392894 25
0.45325437 1.0615335 -0.15898414 24.555555
0.54070562 1.0664465 -0.14593996 23.444445
0.66045082 1.0765147 -0.14616935 23.368422
0.74421018 1.0807922 -0.15109435 22.384615
0.1353858 -6.942668 -0.078896798 100.5
0.28245842 -6.9020796 -0.08811155 149
-0.58042002 -6.8204308 -0.085879833 38
-0.090227209 -6.8390727 -0.038851511 5
0.23372939 -6.8879466 -0.030048411 38.5
0.37720779 -6.5144968 -0.064273134 103
0.6329937 -6.5427732 -0.066743515 82
-0.22954896 -6.4432373 -0.068281725 67
0.59463841 -6.4998741 -0.053542409 102
0.62630218 -6.4874682 -0.051708218 97
-0.39579928 -6.2082462 -0.045891177 26
-0.39197457 -6.1924949 -0.098101661 29
-0.76795149 -4.9212132 -0.014784289 45
-0.67960894 -4.957922 -0.073478281 43
-0.94779164 -4.8675814 -0.028957438 47.5
1.1524082 -4.808629 -0.063978367 23
1.1233153 -4.7283702 -0.064627558 21
1.1665044 -4.5973911 -0.091008693 22
1.0992702 -1.7173613 -0.069859028 150
0.86085427 -1.663769 -0.044141088 64.199997
1.0659105 -1.6287743 -0.037628599 77.75
1.1387471 -1.6376449 -0.055233091 97.75
1.2585992 -1.6118243 -0.0030852193 75
1.3065219 -1.6070428 -0.036106724 64
1.4895028 -1.6411569 -0.087191954 20
1.6708679 -1.6331692 -0.018502327 55.333332
-0.68047428 -1.5099801 -0.048586451 2.2
1.2973648 -1.5381086 -0.06450811 86
1.3497519 -1.590524 -0.044952765 69.5
1.4869504 -1.5561305 -0.077918157 95
1.5454806 -1.5649371 -0.039385632 65.75
1.6500609 -1.5575414 -0.050511394 59.75
-0.68157893 -1.4774386 -0.0290753 10.666667
1.6650877 -1.4873729 -0.099441439 56
-0.67544442 -1.3656464 -0.0076312097 5
-0.69062972 -1.2590449 -0.070616268 5
-0.70004123 -1.1270162 -0.025230218 5
-0.69727385 -1.1790289 -0.042713609 4
1.6590428 -1.1401969 -0.059949335 15.333333
-0.71228528 -1.0250012 -0.041686952 6.3333335
1.640999 -1.0418152 -0.039283246 12.083333
-1.7120342 -0.96660775 -0.0061739059 32
-1.6528114 -0.95896268 -0.016476253 31
-1.5571635 -0.95751035 -0.037095238 20.5
-1.4579289 -0.95307523 -0.058841959 19
-1.3692737 -0.95035559 -0.079977572 8.75
-1.2557843 -0.93377775 -0.089137338 3
-1.1030098 -0.91542876 -0.036975168 8
-1.0613912 -0.91613883 -0.055529509 8
-0.93229395 -0.92059249 -0.017674487 7.3333335
-0.8513149 -0.91245294 -0.045450825 8.6000004
-0.73610252 -0.95108533 -0.055487767 7.3846154
1.6344957 -0.98323625 -0.085983105 9.5
-0.8623144 -0.89328593 -0.048087124 9
1.6229248 -0.77207106 -0.033053454 1.6666666
1.6212846 -0.63203585 -0.034421362 5.5
1.5901293 -0.56265175 -0.051115934 0
1.6140099 -0.54220998 -0.056485809 7.4615383
1.6182098 -0.44722974 -0.079500109 14.777778
-6.5655317 -0.35240018 -0.087788582 112
1.5991559 -0.30932647 -0.032377291 19.5
1.6118153 -0.35311082 -0.050361831 18.777779
-6.5710883 -0.2293326 -0.077129811 108
-0.22766069 -0.20774157 -0.066550016 0.80000001
-0.18581577 -0.20776598 -0.032983858 1
1.5980715 -0.24238379 -0.019782597 20.833334
1.6067204 -0.24938783 -0.057473991 18.90909
-6.5879984 -0.10745196 -0.067225739 105
-0.22694796 -0.18751897 -0.060878407 0.72727275
-0.18880805 -0.18768699 -0.02544507 1
1.5940006 -0.13999793 -0.020015331 20.454546
1.6050879 -0.17909729 -0.042334057 19.200001
1.590728 -0.048768979 -0.027155975 20.538462
-6.5888448 0.015690021 -0.058538366 107
-0.33027494 0.097481638 -0.071660534 0
-0.29463869 0.095628135 -0.036559757 1
1.5810339 0.048225131 -0.026748909 19.923077
-6.6071911 0.13954267 -0.052509654 102
-0.32766181 0.12911864 -0.079431906 0.92156863
-0.26284215 0.14112599 -0.032674674 5.0327868
1.572085 0.14963241 -0.03055224 19.666666
-6.250247 0.24851172 -0.045327228 91
1.5659616 0.25277251 -0.042333901 19.071428
-6.247725 0.36769289 -0.042478632 96
1.5632551 0.34178382 -0.065104023 19.333334
-6.2557297 0.48570067 -0.040945124 102
1.5509645 0.45030436 -0.052500024 16.833334
1.5446169 0.55186111 -0.05931893 9.8823528
-6.2387853 0.6041106 -0.041795302 81
-5.6306119 0.64910495 -0.039496694 18
-5.1149406 0.68457443 -0.038514372 15
1.5429385 0.64035052 -0.06835641 13
-4.6779284 0.71174699 -0.039773654 19
-4.3179927 0.7366572 -0.040797997 20
-3.9973626 0.75591683 -0.042941075 25
-3.7355306 0.77421409 -0.046358731 26
-3.1835709 0.74320084 -0.04856224 61
0.84716725 0.74012727 -0.041838221 11.777778
0.96258295 0.73265105 -0.065723702 13.866667
1.0409216 0.74375373 -0.041727837 15.476191
1.1616951 0.7350173 -0.043338496 16.833334
1.2410251 0.74616176 -0.063182443 11.5
1.3471478 0.75122648 -0.037946414 6
1.4059674 0.74623621 -0.04273133 4.5
-3.1221566 0.81927496 -0.059620958 37
-2.9659562 0.83383858 -0.063999847 33
-2.8102033 0.84138697 -0.069197088 37
-2.676672 0.85057294 -0.075082034 42
-2.5575764 0.86052328 -0.080873117 46
-2.4341393 0.86283612 -0.087260067 39
-2.33165 0.87054098 -0.092661396 43
-2.2388792 0.87808162 -0.099939778 44
0.79657692 0.84483445 -0.094178602 6
0.80908668 0.8474316 -0.086638898 6
-1.837148 0.91328752 -0.014931556 60
-1.7430952 0.91673994 -0.031841014 52
-1.664959 0.92493773 -0.049668357 55.5
-1.5419607 0.93453997 -0.077472322 16
-1.2588118 0.96665186 -0.055893142 15.083333
-1.1240485 0.96498555 -0.046403967 13.6
-1.0482407 0.96778953 -0.054116204 14.444445
-0.95614636 0.97386688 -0.055506103 17.333334
-0.87690192 0.98670101 -0.051725507 19
-0.73599988 0.98785132 -0.03306555 19.5
-0.64685076 0.98231971 -0.04587299 17.555555
-0.58488196 0.97872055 -0.098707616 17
-0.32443359 0.93069577 -0.049046908 17.166666
-0.26486444 0.94450247 -0.047603033 18.857143
0.79016018 0.9851405 -0.0047068195 6
0.80824608 0.94837296 -0.060094312 6.75
-0.73251063 1.0049318 -0.051933426 21
-0.60127652 1.0141695 -0.013300171 21
-0.56760532 1.010617 -0.064443752 21.6
-0.43195793 1.0214412 -0.034559652 21.363636
-0.21333201 1.0209131 -0.065075412 21.200001
0.48743272 1.0698657 -0.090305656 25
0.55837405 1.067457 -0.053949527 24.4
0.64419878 1.0799488 -0.042774718 23.956522
0.75216144 1.0832759 -0.046789948 21.764706
0.80677712 1.045205 -0.072426386 10.5
-0.64937723 -7.2477946 0.046044175 88
-0.72151226 -7.1052132 0.0051879054 50
-0.0029993891 -7.1658602 0.019148957 97
0.42766482 -7.1088586 0.080224529 24
0.037150018 -7.0026922 0.094021395 63
0.018476864 -6.9555035 0.078516163 100
0.15536563 -6.9645081 0.054147232 76
-0.16461587 -6.861248 0.043945663 30
-0.35863286 -6.7222447 0.0086315451 32
0.47260028 -6.5324788 0.022797089 80
0.55273813 -6.5060525 0.052158359 100
0.75660622 -6.5450191 0.033834003 81
-0.26896903 -6.3796697 0.020104568 65
-0.40863705 -6.141531 0.086702563 72
-0.6612494 -4.9719529 0.072232291 42
-0.95124125 -4.8664174 0.082676977 45.666668
-0.85626119 -4.8895173 0.041709863 45
1.0822208 -4.8166838 0.039766993 20
1.1270829 -4.6916108 0.008695065 23
1.2184978 -4.6691756 0.018561013 25
1.6727265 -1.7042351 0.023567542 54
0.86596125 -1.6798922 0.038035404 48.666668
0.95185399 -1.6715161 0.043063201 92
1.050563 -1.6562147 0.049333371 67
1.1824021 -1.620936 0.033408787 86
1.2682568 -1.6224297 0.055458859 75.666664
1.3187137 -1.6100224 0.044261485 73.333336
1.5795431 -1.6090257 0.080907986 72.5
1.6739594 -1.6597553 0.03400689 71.333336
1.7017066 -1.670175 0.055867653 64
-0.68512875 -1.5121318 0.057791431 4
1.590796 -1.5585858 0.025317628 73
1.6920452 -1.5633169 0.05434211 63
-0.68782449 -1.4714006 0.046013962 5
1.6848937 -1.4573302 0.074835517 59
1.6777871 -1.3963871 0.096763432 63
-0.67941391 -1.2611026 0.014046852 4
1.6464462 -1.2163341 0.078627683 57
-0.68796062 -1.1517973 0.039188057 4
1.643062 -1.1565609 0.040052716 29.571428
-2.1067154 -1.0330721 0.060759835 44
-2.066925 -1.0241137 0.041310783 76
-0.71237099 -1.0217369 0.04092256 5.8000002
-0.69178349 -1.0497417 0.060873639 5
-2.1089399 -0.9560197 0.072145879 52.75
-1.856575 -0.97280937 0.01894312 28
-1.7612023 -0.9646216 0.0046271915 29
-1.1137669 -0.91894519 0.062555805 7.4285712
-1.047829 -0.91483575 0.05492549 8
-0.97854191 -0.91318268 0.0086696027 0
-0.85695678 -0.91029263 0.049832895 8.5
-0.7286579 -0.95620275 0.055673268 7.5833335
-0.69871283 -0.96841455 0.078900494 4
1.6418693 -0.93787116 0.050730761 11.285714
-2.1249187 -0.84983033 0.084297091 52
-0.87746626 -0.89972949 0.056958094 11
1.626963 -0.85084879 0.041504297 7.9000001
1.6200639 -0.74568039 0.069627546 4.8888888
1.598379 -0.69101477 0.035077982 0
1.6265365 -0.519665 0.011512539 14.75
1.6195753 -0.44668838 0.035581231 19.888889
1.616231 -0.35230592 0.062407427 21
1.5988218 -0.24350277 0.078433603 20
1.6045703 -0.25787669 0.08380498 19.875
1.591116 -0.14471349 0.066395685 21.125
-0.2588799 -0.015767038 0.046645634 0.61695027
1.5896991 -0.049838234 0.050326724 20.916666
-0.29412773 0.0031528077 0.091059864 0
0.60947096 0.023204567 0.0056470768 0.81564248
1.5797935 0.052312631 0.050996203 20.153847
-0.2384655 0.13463652 0.0063583367 7.875
1.5721247 0.14620402 0.044961367 19.4
1.5675193 0.24912272 0.0693698 20
1.5594245 0.34874815 0.040743776 19.076923
1.5579267 0.45123494 0.0263901 19.333334
1.5481809 0.51130062 7.1379422e-05 16
1.5389161 0.65583301 0.080091156 17.666666
0.84654045 0.73712683 0.052698147 13.052631
0.94925863 0.73697567 0.055001095 14.291667
1.0697999 0.74243736 0.049804512 15.857142
1.1505194 0.74993062 0.039263025 14.277778
1.2662575 0.74204719 0.075574376 13.6
1.3463269 0.74146813 0.048934482 14
1.4329121 0.76005346 0.039459284 6.25
1.5346344 0.74547154 0.05775819 9.636364
-2.5440016 0.86374909 0.099572174 64
-2.4279258 0.86826134 0.084095269 46
-2.3308759 0.87587285 0.069243744 53
-2.2353427 0.88039362 0.055486262 56
-2.1476154 0.88555503 0.040957168 57
-2.0719347 0.89315122 0.028412949 61
-1.9974982 0.89768165 0.015605452 58
0.7952528 0.87784117 0.034180369 5.3333335
0.80215788 0.81941384 0.046309669 7.3333335
-1.9252294 0.90110636 0.0030874936 55
-1.6352499 0.92818832 0.099658608 64
-1.5564662 0.93587053 0.078866139 56
-1.4552298 0.94181502 0.052037738 12.5
-1.3270543 0.95774472 0.055498648 11.6
-1.2476634 0.96605611 0.041083969 15.909091
-1.1314207 0.96249777 0.039559498 17.5
-1.0573962 0.96964198 0.034103908 17.4
-0.94669956 0.97769958 0.064755559 16.428572
-0.86196506 0.98312318 0.060886033 16.9
-0.7693764 0.98361599 0.032876104 15.571428
-0.57729411 0.99889719 0.070505977 16
-0.31253937 0.94199872 0.055632252 20.5
-0.26885232 0.94969153 0.054245748 18.625
0.79043841 0.94129813 0.016084135 6
-0.73699337 1.0074234 0.041044425 21.428572
-0.60714567 1.0117044 0.066773251 21
-0.54251164 1.0112077 0.055981915 19.916666
-0.4427582 1.0214041 0.038791642 21.545454
-0.3740195 1.0303075 0.077513814 18.666666
-0.22057962 1.015214 0.041079979 21.200001
0.5759936 1.072221 0.049191806 25
0.64918339 1.0817242 0.043162089 24.31579
0.74835271 1.0854899 0.057663806 22.722221
-0.13724869 -7.2518463 0.107436 144
-0.083150186 -7.2351308 0.18050736 119.5
0.40640306 -7.0864563 0.11709747 111
0.14220163 -6.9849558 0.1698823 42.5
0.39302805 -6.5680289 0.11699967 73
0.58133966 -6.5022392 0.12913246 83
-0.20387861 -6.4187312 0.11740428 47
0.52563757 -6.4946194 0.17918964 120
0.8674553 -6.498796 0.14201884 99
-0.27095908 -6.3424654 0.16549666 71.5
-0.74516124 -4.9297338 0.13594817 46
-1.0285912 -4.8148222 0.15491506 43
-0.96056503 -4.8633051 0.18025158 45.5
1.037051 -4.8811936 0.14727314 11
1.0837369 -4.7690797 0.11377938 21
0.97764641 -1.7020972 0.18100402 61
0.96311903 -1.6812139 0.13315585 83
1.0356016 -1.6755782 0.145547 63.875
1.2458826 -1.6484659 0.1419633 50.42857
1.3538816 -1.6219078 0.14715941 73.400002
1.4518263 -1.6134028 0.17736793 78
1.5477293 -1.6126955 0.15591499 60.25
1.601753 -1.6290852 0.10675713 119
-0.68728405 -1.5129509 0.15563194 3
1.6915629 -1.5282936 0.10767768 61
-0.68589604 -1.4368141 0.15410841 6.8000002
1.6842232 -1.4324081 0.1412774 56
-0.6766659 -1.3470228 0.18471035 4.5
1.6633705 -1.3269883 0.15839282 58.25
-0.68471736 -1.2507755 0.19586977 5
1.6566567 -1.2619981 0.14202568 45.125
1.6607869 -1.1663955 0.17651039 19
-0.71430951 -1.0136425 0.14787371 6
1.6339484 -1.0084486 0.18402091 13
-1.4392829 -0.95458633 0.19179654 8.333333
-1.3483766 -0.94338125 0.1616745 8.25
-1.2574357 -0.9368788 0.13450621 7
-1.1351866 -0.91696352 0.14125605 8.1428576
-1.0532204 -0.91781247 0.15163401 8
-0.908517 -0.91774768 0.16317064 8
-0.85069847 -0.91192228 0.13676591 8
-0.73715895 -0.93031502 0.13557343 6.1111112
1.6324625 -0.96165371 0.1353842 12.428572
-3.0905292 -0.85691226 0.19765185 10
-2.8564794 -0.84083515 0.17359856 14
-2.6630921 -0.83106482 0.15432839 13
-2.4835973 -0.81764394 0.16483884 17
-2.3241708 -0.80610478 0.14399719 19.5
-2.2032607 -0.80008805 0.10462826 18
-2.1408107 -0.84602892 0.12463915 45
-0.86015075 -0.89654982 0.14920269 11
1.6297536 -0.84674436 0.15578727 11.666667
1.6252192 -0.76775438 0.10542268 10
1.6308414 -0.65205383 0.13577524 13.857142
1.6265153 -0.55171812 0.16813126 20.375
1.6221063 -0.46081057 0.18575501 21.6
1.615793 -0.38434577 0.19742675 22
1.5955156 -0.13586456 0.10785559 19.666666
1.6014533 -0.18596646 0.10189036 19
1.5918015 -0.050596897 0.11476627 20.666666
0.62098503 0.02656037 0.11495326 1.9538816
1.5884823 0.051486671 0.11540067 20
1.5817512 0.15052454 0.10679505 20.166666
1.5599241 0.27334332 0.19389305 20
1.5567927 0.34739378 0.17778964 19.5
1.552027 0.45034552 0.16690591 18.6
1.5448258 0.54612076 0.13263972 18.888889
1.5493505 0.63640678 0.11886274 19
-3.1733153 0.79076624 0.18507257 95
0.84158939 0.74360085 0.14990559 12.576923
0.93019533 0.73807007 0.16337907 14
1.044373 0.74673319 0.14230798 14.263158
1.1345319 0.7479775 0.14933652 14.125
1.2430823 0.73970556 0.14873178 16.142857
1.3491526 0.75753939 0.14778797 11.125
1.4400047 0.7639631 0.17427394 10.25
1.5199531 0.76134348 0.11435883 9
-3.0867913 0.8269304 0.16907322 48
-2.9248366 0.83563483 0.15034159 50
-2.7854142 0.84526682 0.13225611 54
-2.6607158 0.85519952 0.11561815 52
-2.0515988 0.89871931 0.19412097 48
0.79244125 0.88559502 0.14853969 6
0.80622983 0.83889967 0.16233693 6.3333335
-1.9727241 0.90656841 0.17697361 50
-1.8625487 0.9147526 0.15255573 49
-1.7553766 0.91890073 0.12899278 49
-1.6919776 0.92257977 0.11388928 54
-1.5587797 0.93709439 0.174954 65.5
-1.4600704 0.94370836 0.14102241 9
-1.317762 0.96682608 0.15973085 16.25
-1.2576909 0.96662956 0.15393433 15.666667
-1.1458807 0.96379137 0.15126126 13.8
-1.053781 0.97036904 0.15440294 14.833333
-0.9553147 0.97433001 0.13968459 18
-0.88918054 0.99426776 0.15822908 21
-0.74514651 0.99041408 0.16726266 16.25
-0.65166169 0.99321651 0.12792413 13.333333
-0.31768748 0.94473165 0.14470421 18
-0.26021975 0.95639634 0.13528894 19
0.78995866 0.93895674 0.14047515 6
-0.73804551 1.0052581 0.14701161 21.333334
-0.62278301 1.0098646 0.15102136 19.200001
-0.5380432 1.0121557 0.16789018 20.857143
-0.44148722 1.0189649 0.14555871 19.421053
-0.3714664 1.0219423 0.16953981 15.75
-0.22268789 1.0196022 0.1399416 21
0.54849946 1.073738 0.14978051 24.785715
0.65152484 1.0847259 0.14419456 22.818182
0.74785912 1.0812052 0.14274666 20.928572
-0.65605384 -7.2827387 0.20605937 128
-0.18357003 -7.2622833 0.25589874 38
0.42633963 -7.2037721 0.23933469 142
0.056143381 -7.0469627 0.2864961 39
0.084517896 -6.9620295 0.27219379 31.5
0.12849459 -6.9572296 0.25309023 103.5
0.26381081 -6.9451132 0.20183615 141
0.30080116 -6.9488955 0.21236971 44
0.48674318 -6.659492 0.23406118 9
0.98353225 -6.5394244 0.25538719 32
0.69263446 -6.4828334 0.24050066 143
-0.2147955 -6.322329 0.25033477 75
-0.28196049 -6.2206421 0.29705161 58
1.0864551 -6.2361956 0.29397187 39
-0.42229837 -6.1160069 0.22010472 61
-0.37785351 -6.1501231 0.23967323 66
-0.94981408 -4.8617954 0.27758726 46.666668
-0.82986587 -4.897613 0.2008218 42
1.0414594 -4.8534803 0.22021767 24
-1.2001203 -4.744082 0.26535782 45
-1.1141543 -4.7739334 0.20914373 42
0.89306372 -1.7227896 0.24951644 76
0.95548272 -1.7181753 0.25683299 65.166664
1.1689878 -1.7013593 0.28671917 32
1.0657527 -1.6850898 0.23728982 34.5
1.1624241 -1.6786485 0.24090159 45.833332
1.2223496 -1.6765667 0.26631558 38.333332
1.4587023 -1.6364447 0.26173353 71.25
1.5272517 -1.6298645 0.24497662 67.5
-0.68907583 -1.5081308 0.23844784 5.5
-0.67983192 -1.4700112 0.27404022 15.5
1.6578691 -1.4099803 0.28937492 50
-0.68754637 -1.3734986 0.26159638 5.1999998
1.6552242 -1.3563031 0.23244762 49.799999
-0.67915642 -1.261984 0.27491713 5
1.6680099 -1.2287045 0.20773564 15
-0.68891084 -1.1563421 0.24487334 5.75
1.6667646 -1.1421682 0.22181647 7
-0.71498609 -1.0036844 0.23601091 6
-0.69472837 -1.0547532 0.25457916 5.75
1.6374756 -1.0619073 0.2450586 12.555555
-1.7428262 -0.96147001 0.28455019 26
-1.6515203 -0.95906997 0.26449898 31
-1.5412588 -0.95419359 0.22838987 25.666666
-1.4968419 -0.95140201 0.2118119 8
-1.1526636 -0.92072934 0.26516345 7.8888888
-1.0639819 -0.9209137 0.25513151 7.6666665
-0.94130486 -0.9163354 0.24503514 7.1428571
-0.86361426 -0.92379886 0.27478608 8
-0.72251523 -0.94353139 0.24178822 6.6999998
1.6321578 -0.93909544 0.26221976 12.25
-3.690227 -0.89429998 0.25603646 8
-3.3683386 -0.87506461 0.22466932 13
-3.1491044 -0.86385846 0.29662442 9
-2.8918531 -0.84693491 0.25779694 14
-2.7007089 -0.84177297 0.22633864 22
-0.84097475 -0.89782727 0.21952191 10
1.6318084 -0.86747521 0.23995118 9.5
1.6330736 -0.77609313 0.29039711 17.5
1.6255327 -0.43687773 0.21084891 20.333334
1.616192 -0.34014824 0.21903579 21.857143
1.5962871 -0.21406594 0.24556544 19
1.6073587 -0.25148687 0.22681823 21.75
1.5946287 -0.14545366 0.23870221 19.9
1.5885642 -0.048602223 0.24076833 19.888889
1.5795606 0.044369698 0.23991477 19.200001
1.573465 0.14581382 0.23023592 19.363636
1.5680642 0.23961306 0.22263548 19.5
1.5644969 0.34808713 0.21371195 19.200001
1.5461371 0.58539629 0.29576737 21
1.5403606 0.65341628 0.28226259 20
-4.1924162 0.74828839 0.29402554 29
-3.8942118 0.76348245 0.26305619 31
-3.6715875 0.78609294 0.23681916 34
-3.2639492 0.75339991 0.20026025 150
0.85213149 0.74264365 0.24808875 13.615385
0.94948876 0.74306715 0.25188035 14.444445
1.0440162 0.75048977 0.24981363 12.5
1.1426193 0.7464416 0.24891073 17
1.2504774 0.7537747 0.26211068 11.384615
1.3585178 0.74888074 0.2550911 13.428572
1.4594297 0.77437174 0.21666697 12.8
1.5311329 0.74748814 0.26114932 19.625
-2.5912781 0.86691278 0.29714033 45
-2.451937 0.87040949 0.27295533 42
-2.3398106 0.87861753 0.25143555 45
-2.2373798 0.88672125 0.23164174 48
-2.1362951 0.89080656 0.21158279 48
0.79952621 0.83399081 0.22756457 7.5
0.80585909 0.84184372 0.24033192 7.25
-1.8579092 0.91606736 0.270383 64.5
-1.7570704 0.92180121 0.23866594 57
-1.6648057 0.92709088 0.21030876 63.5
-1.432711 0.94441491 0.29514396 13
-1.3316574 0.96138793 0.25993592 15
-1.2478216 0.96171898 0.24243419 12.428572
-1.166183 0.9715625 0.2387982 17
-1.0779321 0.9689188 0.23307982 14.2
-0.94940835 0.97794086 0.26050463 18.857143
-0.85735422 0.98204803 0.25237319 17
-0.79020047 0.99137074 0.22764711 19.5
-0.65462327 0.99613726 0.26976025 21.5
-0.32190812 0.9479121 0.25252584 19.25
-0.24954315 0.9560833 0.24371839 21
0.79226643 0.93978941 0.22411481 7
0.80689961 0.94428134 0.25769651 6.5
-0.72717333 1.006902 0.25435165 21.25
-0.63810116 1.0058236 0.26280603 20.75
-0.55748594 1.0126745 0.24357843 19.384615
-0.4518396 1.0171719 0.24096888 18.75
-0.22843856 1.0200845 0.24006358 21
0.47641954 1.0783118 0.25146589 25
0.54167795 1.0815684 0.24779786 23.666666
0.65051073 1.0864199 0.25367093 21.25
0.75756407 1.0750393 0.21625133 17.666666
-0.6593017 -7.2736506 0.36838493 123
-0.54184735 -7.2583261 0.37073714 80
-0.056922443 -7.2432618 0.3788982 65
0.12539487 -7.2263551 0.37943476 127
0.010911083 -7.1773667 0.38880968 77
0.048577495 -7.0137959 0.3941552 75
0.17344666 -6.9473491 0.3015995 128
0.25747198 -6.9702835 0.31562108 82
0.44399771 -6.9790258 0.33700129 32
0.8164227 -6.9093294 0.37537152 12
1.1284013 -6.9502087 0.38943365 35
1.0912172 -6.2114305 0.38547972 3
-0.43654102 -6.1336627 0.35332659 56
-0.32566816 -6.1043406 0.32309318 76
-0.63383538 -5.0303378 0.38132787 53
-0.98267943 -4.850162 0.3688502 45.333332
-1.2827662 -4.7010021 0.31873474 42
-1.078916 -4.7927966 0.38787499 45
-1.3678832 -4.6670904 0.37298784 44
0.8875975 -1.7517648 0.34937429 69
0.94404018 -1.7369242 0.3449266 74.125
1.0243589 -1.7257981 0.37591815 36
1.1616479 -1.715987 0.35674649 17
1.7056174 -1.7376188 0.33571407 65
1.1779029 -1.6933986 0.32557315 28
1.2426045 -1.6849859 0.35458407 27.5
1.320143 -1.6808619 0.37525821 41.5
1.467881 -1.6687124 0.34747019 64.199997
1.5499072 -1.6354722 0.33852273 86
1.6997825 -1.6586648 0.35398555 61
-0.6929028 -1.5070161 0.32242709 4
1.6826636 -1.5337547 0.37985238 51.666668
-0.67860085 -1.4647974 0.36363006 11.166667
1.6655588 -1.4538662 0.35279286 50.799999
-0.68667608 -1.3273451 0.35484216 14
-0.68520474 -1.2480482 0.37276158 5.6666665
-0.68804288 -1.1641389 0.35260284 7
1.6451799 -1.143811 0.34284112 23.857143
-2.0529222 -1.0273101 0.37915832 100
-0.69443858 -1.0683517 0.36480647 5.25
1.6295798 -1.0187488 0.37861782 13
-2.1000164 -0.93989211 0.38835573 59
-2.0997462 -0.98700434 0.38157323 51
-1.9040157 -0.97283661 0.32925168 31
-1.8320631 -0.96853167 0.3220306 29
-1.7671957 -0.96714503 0.31105527 30
-1.4635741 -0.92604274 0.38503686 25
-1.3339785 -0.9443956 0.38466108 9.666667
-1.2309128 -0.92719001 0.35798118 8.8571424
-1.1834664 -0.9218455 0.31978202 8.5
-1.0849351 -0.91945112 0.34685808 8
-0.95633602 -0.9178915 0.35715413 8.75
-0.86778361 -0.91610926 0.35433316 7.5
-0.7280677 -0.95352465 0.33412275 6.4166665
-0.69757229 -0.97704768 0.35458025 0.66666669
1.6333065 -0.99007273 0.33075291 13
-3.7841945 -0.89507014 0.39057907 6
-3.4462717 -0.88023454 0.34069878 11
-2.1119225 -0.89839846 0.39713901 58
-0.76269948 -0.897843 0.38537824 5
1.6388416 -0.84576875 0.31707662 2.5
1.6364228 -0.74971759 0.33129036 16.25
1.6255245 -0.64941072 0.33715257 18.571428
1.6237022 -0.55273777 0.3607479 19.666666
1.6194545 -0.46361801 0.36946389 20.833334
1.6141028 -0.35354263 0.37081316 22.75
1.6067046 -0.25603536 0.37963358 23.25
1.595928 -0.11808616 0.38583383 22.5
1.6057096 -0.17594171 0.38618755 23.333334
1.5923495 -0.05255501 0.3863225 22.25
1.587816 0.043900888 0.38407499 22
1.5766363 0.14922604 0.37513906 21.6
1.5715988 0.25546879 0.36382037 22
1.564435 0.34666896 0.36877438 20.875
1.5589049 0.44943929 0.34893245 21.200001
1.5538818 0.55033219 0.32752138 20.428572
1.5469389 0.64340311 0.31597695 19
-4.9053969 0.70032489 0.36621025 21
-4.527544 0.72732508 0.32710749 23
0.86602491 0.73541725 0.34617901 14.230769
0.93169731 0.74426371 0.3369053 8.6923075
1.0443121 0.75106347 0.35571069 16.461538
1.1616843 0.75414789 0.36171606 11.272727
1.2537024 0.74591672 0.34574133 14.1
1.335109 0.76470035 0.33583006 14.222222
1.4321324 0.78152966 0.38581279 14
-3.1766486 0.80357951 0.39992887 85
-3.0500681 0.83396447 0.37690929 36
-2.8767202 0.84483349 0.34778595 40
-2.7300062 0.85841787 0.32215807 37
-2.2169671 0.88689351 0.37742081 62
-2.1277947 0.89553434 0.351006 53
0.80829477 0.86907071 0.34681496 6.3333335
-2.0408998 0.90005237 0.3262763 62
-1.9598197 0.90426362 0.30184546 61
-1.6574019 0.92918789 0.38051739 54
-1.5696892 0.93666887 0.34782231 59
-1.4630183 0.94557863 0.35658756 47
-1.356997 0.95911324 0.35389203 13.8
-1.2635511 0.96479559 0.34371483 11.4
-1.1575657 0.97086966 0.34285176 16.6
-1.0479752 0.97395694 0.34317672 13.6
-0.9486289 0.9786371 0.32675359 16.25
-0.8135457 0.98674124 0.36466202 18.333334
-0.74852431 0.99288154 0.34552166 18.222221
-0.3277373 0.96274137 0.34903979 18.285715
-0.25470215 0.96728045 0.34570122 19
0.80315048 0.92670876 0.39960191 7
-0.73754615 1.0041986 0.33325288 21
-0.6428315 1.005881 0.36327091 23.416666
-0.57545906 1.0148271 0.33106685 23.5
-0.45320764 1.0244032 0.35209891 21.428572
-0.23354903 1.0255895 0.34451213 21
0.39284474 1.0797328 0.39804241 22
0.44906652 1.0811527 0.34682131 25.692308
0.55586118 1.0850362 0.35206735 21.666666
0.65051669 1.0912268 0.35141793 21.6
0.79690146 1.0724751 0.37170067 12.333333
0.80176342 1.0115033 0.31668171 8
-0.67781705 -7.2822609 0.46072111 98
-0.47488409 -7.2537036 0.47805664 37
-0.073818706 -7.2374659 0.49984825 127
0.40917152 -7.2094145 0.40157318 140.5
-0.0012130677 -6.9859314 0.44887674 28
0.053924114 -6.9646492 0.44266385 30.5
0.18209806 -6.9613485 0.40227431 58
0.37636331 -6.9862428 0.43385074 29
-0.13420519 -6.3245068 0.42207554 26
1.1834071 -6.2146282 0.45500985 21
-0.45050174 -6.1422677 0.48660007 110
-0.26895249 -6.1508937 0.4592883 91
-1.5751503 -5.0976801 0.46914619 73
-0.81037539 -4.9065766 0.49363139 45
-0.71934491 -4.9397125 0.43541127 46
-0.98295653 -4.8573799 0.49549237 46
1.1397629 -4.8223376 0.43713364 24
-1.1592689 -4.7532778 0.4493525 44
0.87985486 -1.7794994 0.45743123 57
0.9398039 -1.7602816 0.44609603 70.333336
1.0614135 -1.7431991 0.45473361 50.799999
1.1319573 -1.7377729 0.44494477 24
1.26069 -1.7018268 0.41933167 67
1.3355953 -1.7030984 0.48891741 76
1.421054 -1.7073292 0.48170939 60.666668
1.7021735 -1.7069794 0.44113126 61
1.2956958 -1.6976073 0.45201901 75
1.3793178 -1.6869535 0.42583516 98
1.4419751 -1.6872957 0.44564667 64
1.6719739 -1.6588514 0.42865124 102.5
-0.66780657 -1.5045795 0.42458311 14
1.6695862 -1.550819 0.46412173 52.166668
-6.4874039 -1.4807519 0.47367135 109
-0.68429333 -1.4591089 0.44531831 16.6
1.6750792 -1.4585876 0.46097589 45.666668
-6.4959621 -1.3588647 0.48722106 110
-0.68004942 -1.3076149 0.44205219 25
1.6816669 -1.359581 0.41882244 19.5
-6.496213 -1.2365865 0.49879283 112
-0.69516665 -1.2642565 0.44907865 6
1.6462288 -1.2213631 0.46183237 52.400002
1.647252 -1.1893654 0.4077374 55.5
-2.10656 -1.0252049 0.41740683 52
1.6435624 -1.0626142 0.45219988 11
-2.1102853 -0.95165926 0.43583551 51.5
-1.5296125 -0.94642282 0.47509122 31
-1.4514753 -0.93713075 0.43785861 15
-1.3717842 -0.93555421 0.44599277 7
-1.2462233 -0.92203122 0.44768563 7.25
-1.1274387 -0.92007381 0.46846783 8.333333
-1.0462872 -0.91952467 0.44166222 9
-0.94631779 -0.9158752 0.46064785 9.125
-0.86486375 -0.91506785 0.43729654 8.1999998
-0.74837756 -0.93197739 0.45370367 7.8888888
1.6463704 -0.9469257 0.48797572 13
-2.3478911 -0.80737525 0.47117704 17
-2.1286426 -0.83746541 0.44316211 48.799999
-0.76691675 -0.89824563 0.42888796 10
1.6465504 -0.88732952 0.49982756 14
-2.1980021 -0.79758632 0.43289623 18
1.6195436 -0.4229562 0.40372002 20
1.6155806 -0.35239482 0.41196266 20.666666
1.6099491 -0.25653806 0.42065996 21.25
1.6034544 -0.15387122 0.4264372 21.25
1.598411 -0.043334704 0.42891297 21.666666
1.6027743 -0.092194185 0.43002868 21
1.5893558 0.052348204 0.42457503 21.200001
1.5763119 0.15651329 0.4143666 19.5
1.5732012 0.24935246 0.40475416 20
-5.8302536 0.51363975 0.46539822 81
1.545764 0.5523513 0.49306631 20.333334
-5.808991 0.62083125 0.45581609 82
-5.3817711 0.67211348 0.41281494 18
-3.5518675 0.67744046 0.46621847 101
1.5362779 0.6443519 0.47410637 19.75
-3.4932458 0.74012595 0.45386288 58
-3.3001082 0.76622194 0.4221029 86
0.84361213 0.73741096 0.44131315 14.181818
0.98523897 0.75127524 0.44837558 15.666667
1.0426505 0.75529909 0.45345232 12.642858
1.1528953 0.75172168 0.45647424 14.071428
1.2333233 0.75739902 0.44548684 12.692307
1.3064703 0.77156651 0.47769332 14
1.4606662 0.79128617 0.43031502 11.5
1.5202187 0.75223058 0.46519223 18
-2.5501285 0.86730427 0.46906364 54
-2.4184177 0.86916119 0.43364507 51
-2.3174489 0.88043404 0.40523949 55
-1.9521228 0.90957373 0.48544797 49
-1.8688158 0.91402996 0.45693922 48
-1.7431927 0.92464042 0.44233546 55
-1.6442169 0.93214923 0.46300241 63
-1.5567369 0.93802261 0.42400616 69.5
-1.4178367 0.9560833 0.46431282 15
-1.3489578 0.95841634 0.45240465 14.5
-1.2441164 0.96394753 0.44790661 13
-1.1532832 0.97299057 0.44923273 11.666667
-1.036212 0.97624379 0.44712877 16
-0.93625766 0.97955358 0.45203143 12
-0.84508246 0.98652202 0.44174042 16
-0.75358176 0.99249804 0.44615078 19.6
-0.6565721 0.99864906 0.48075739 18
-0.32761005 0.97947836 0.43683147 15.5
-0.24177524 0.99335635 0.46851557 19.5
0.79770029 0.9976806 0.46328273 6
0.80036682 0.95869452 0.42920724 6
-0.70790195 1.0001427 0.40914887 20
-0.65013438 1.0032246 0.44016057 18.5
-0.58884859 1.0093893 0.44517574 20.333334
-0.4684504 1.0187 0.44641122 21.142857
-0.34181911 1.0137539 0.45221961 19.5
-0.23748246 1.0183773 0.42322397 19.5
0.39325213 1.0740948 0.48307022 22.666666
0.44335073 1.0830195 0.4421719 25.111111
0.53554296 1.085474 0.45037413 21.333334
0.61536098 1.0900023 0.44136325 21.333334
0.7725414 1.0916396 0.45327282 19.75
-0.63548923 -7.2723341 0.55227041 92.5
-0.078247391 -7.2277236 0.5720107 48
0.11194164 -7.2278919 0.5368697 142
0.44978732 -7.2048893 0.56581771 141.5
0.34433815 -7.194375 0.53157657 134.5
0.29971603 -6.9922628 0.52426982 36
-0.34272814 -6.118145 0.57241434 113
-0.25225258 -6.1652184 0.53929985 102
-1.6839508 -5.1193328 0.53340679 100
-0.75342822 -4.9261346 0.5891012 44
-0.66629452 -4.9584126 0.52624094 44
-1.008755 -4.8450055 0.59733301 46
-0.89767307 -4.8711848 0.55043924 46
-1.2431829 -4.7240968 0.51145571 44
-1.3217441 -4.6763959 0.57121921 44
1.2060759 -4.6769862 0.50536257 27
1.271174 -4.5384374 0.5694598 27
0.85542566 -1.8098538 0.53875089 39
0.88273215 -1.7924221 0.5316323 60.5
0.94172001 -1.7837597 0.55901599 67.800003
1.0593272 -1.7703071 0.54532427 67.75
1.1340244 -1.7555624 0.54780352 71
1.2230557 -1.7402279 0.56623554 73.5
1.3828043 -1.7233472 0.55348945 63.5
1.4101254 -1.721092 0.54947674 61.25
1.5221767 -1.6888361 0.54809678 78.5
1.6711508 -1.6271647 0.5665347 48.333332
1.6689341 -1.5931224 0.53012526 48
-0.69312787 -1.4438338 0.54889715 8.666667
1.6644711 -1.3225206 0.55242097 28
-0.69840306 -1.2102711 0.52974015 6
1.6509087 -1.2720721 0.54215503 50.200001
-6.5151525 -1.1182016 0.51101041 113
-0.69879621 -1.172519 0.57195574 6.5
1.6429876 -1.1307303 0.56214041 39.833332
1.648192 -1.0666555 0.52742404 29.75
-6.5156803 -0.99594295 0.52036512 106
-1.8079506 -0.96311855 0.58473498 26
-1.7145028 -0.95897144 0.5606786 32.5
-1.6416634 -0.95645219 0.52735436 33
-1.5369045 -0.93117458 0.54340255 9.6000004
-1.3524272 -0.92478019 0.550192 5.5999999
-1.2687571 -0.92651778 0.52805823 5.5999999
-1.1523187 -0.91663724 0.56134301 2.75
-1.0474241 -0.91491437 0.55323815 7.4444447
-0.94556344 -0.91335273 0.54178238 9.375
-0.83617622 -0.91237122 0.54593801 7.5
-0.75163907 -0.9384166 0.54059684 8.5
1.643315 -0.93339032 0.5618434 14.5
-6.5297341 -0.87533188 0.52922732 108
-2.742831 -0.83792216 0.56863534 20
-2.5150995 -0.81506282 0.51256347 14
-2.449939 -0.811041 0.5757876 26
-2.2987955 -0.80714124 0.52800506 18
1.6422956 -0.83766472 0.54154348 14
-6.5382533 -0.75446379 0.53556919 114
1.6399359 -0.74994075 0.56081802 14
-6.5481062 -0.63466102 0.54164279 110
1.6266834 -0.66028148 0.54236621 16.75
-6.5497489 -0.51247042 0.54573345 120
1.6137862 -0.55570191 0.53320855 18.333334
1.6126647 -0.45085764 0.54486382 20.25
-6.5571065 -0.39255351 0.55013275 115
1.6110746 -0.35117218 0.55392909 21.666666
-6.5675201 -0.27278966 0.55177164 120
1.5991807 -0.21428107 0.55611324 22
1.6074339 -0.26880723 0.55823922 22
-6.5785818 -0.15105657 0.55257541 115
1.5994385 -0.13765287 0.56013083 22.5
1.6022326 -0.16361693 0.56086135 22
-6.5888577 -0.02828639 0.55281854 110
1.5938033 -0.049171071 0.55874121 23
-6.5994158 0.094464354 0.55084431 118
1.5887668 0.049090106 0.55607319 23
1.5824502 0.14615759 0.5500592 22.25
-6.5582747 0.21565115 0.54310918 97
1.5744325 0.25019422 0.56772387 21.25
-6.2426443 0.31977463 0.51179874 114
1.5683057 0.34464768 0.55285925 21.142857
-6.2495427 0.43567881 0.50761038 118
1.5576239 0.44005579 0.5400573 20.75
1.5501071 0.53998804 0.53771979 19.200001
1.5339813 0.65650129 0.51746041 17.5
-4.3560085 0.74987572 0.58303928 17
0.82455152 0.75116462 0.53152233 12.428572
0.97100335 0.74555302 0.55577135 16.666666
1.0627248 0.76031679 0.51762295 16.200001
1.1545595 0.75302452 0.54943603 14.047619
1.2395071 0.77098799 0.56892771 14.333333
1.3585163 0.78475779 0.54597545 12.2
1.4453124 0.79614282 0.5843491 11.5
-2.9779842 0.83497453 0.58383965 52
-2.8272042 0.84885001 0.54360086 50
-2.6805902 0.8574959 0.50394815 56
-2.2429786 0.89097828 0.58536583 45
-2.1358709 0.89656538 0.54922605 45
0.81599891 0.80521333 0.57018268 6.5
-2.0401225 0.90309078 0.51592708 49
-1.9238287 0.91155273 0.58380145 58
-1.8533663 0.92149305 0.55302817 62
-1.7772493 0.92473662 0.52115095 69
-1.5285008 0.93927848 0.59130478 65
-1.4422984 0.95209384 0.55227792 29.454546
-1.352029 0.95681089 0.5412941 13.714286
-1.2766865 0.96642703 0.54225183 13.666667
-1.1577994 0.97060871 0.56817466 12
-1.0810748 0.9741708 0.55483907 10.8
-0.94191009 0.97868472 0.54972768 11.8
-0.86540329 0.98421425 0.54434776 11.111111
-0.77568126 0.9893012 0.55526131 18.5
-0.67216676 0.99177927 0.56573075 15.666667
-0.2468254 0.9685877 0.54259813 16.75
-0.61991 1.0043488 0.54894263 19.5
-0.54885268 1.0042238 0.53480172 19.5
-0.46859157 1.0140551 0.54351622 20.833334
-0.34622866 1.0199455 0.5464803 21.285715
0.36148271 1.0704125 0.55324882 25.5
0.4619416 1.0747676 0.54693663 20
0.57512534 1.0829163 0.54601234 20.25
0.76262724 1.0746371 0.54371023 16.125
-0.098189823 -7.2308826 0.61930442 65
0.098812185 -7.2384138 0.6993196 142
0.19419122 -7.2053132 0.62139958 34
0.28305501 -7.2163157 0.66244692 137
0.41245505 -7.2065887 0.66257226 113
0.61883926 -7.1820326 0.68993717 128
-0.70126456 -6.7338071 0.6229592 44
-0.64047468 -6.7634449 0.6491397 29
0.96454132 -6.3222713 0.67125988 54
-0.48032725 -6.2599235 0.65419215 81
1.1198051 -6.2339439 0.66437244 8
-0.45136046 -6.1672783 0.6449182 121
-0.62194425 -5.0619955 0.65937477 17
-0.97931439 -4.8499527 0.60632849 45
-0.84006125 -4.889802 0.65138501 43
1.0936975 -4.8675103 0.60630721 7
-1.0738537 -4.7974944 0.66377109 45
1.1634587 -4.7353001 0.67472726 23
-1.3993943 -4.6296206 0.63042408 29
0.84751332 -1.8354812 0.61370105 6
1.0459713 -1.8062979 0.68301684 64.666664
1.7093306 -1.8154296 0.68906707 73
0.97117364 -1.7933778 0.63600028 62.5
1.0571642 -1.7869017 0.62980354 67.85714
1.1483753 -1.7673535 0.65310335 70
1.2548137 -1.7510768 0.64646775 77
1.3663186 -1.748845 0.65203947 63.833332
1.4601266 -1.7125592 0.60228407 68
1.5235903 -1.70956 0.65964854 72
1.6988062 -1.7186576 0.69246757 51
1.5880389 -1.6902092 0.604563 80
1.6777273 -1.6688192 0.6565966 47.599998
-0.69275093 -1.4113114 0.62754726 11.5
-0.69260061 -1.389203 0.67272323 22
1.6552063 -1.3288419 0.64745337 49.400002
-0.70039666 -1.1469285 0.60349584 7
-0.69904017 -1.1151319 0.63079393 7
1.6470127 -1.1757849 0.65690261 51.833332
-2.0959129 -1.0264103 0.69849807 51
-0.70209402 -1.0728534 0.68048126 5
-1.9024252 -0.97042751 0.62306249 32
-1.8726815 -0.97064275 0.65321046 37
-1.7813781 -0.96360129 0.60972136 31
-1.464201 -0.9432438 0.65765196 24
-1.3768247 -0.94095176 0.60921693 11
-1.241354 -0.92840487 0.67707032 11
-1.15566 -0.91900027 0.63056815 10
-1.0548139 -0.91382194 0.63898444 6
-0.95360631 -0.91122383 0.61463928 5.6666665
-0.8372044 -0.91099709 0.61537385 1
-0.7462185 -0.92436743 0.63836396 4.5
-3.2628381 -0.86995965 0.69705147 15
-2.952862 -0.84382272 0.62181711 20
-2.6735129 -0.83238715 0.64481539 17
-1.1627597 -0.89874524 0.61890757 1
1.6394403 -0.6369217 0.60467893 13
1.6218081 -0.55784994 0.60293347 16.666666
1.6101955 -0.4536263 0.60615939 18
1.6066411 -0.34517717 0.61371595 19.75
1.5988255 -0.21227647 0.61674392 20
1.6056061 -0.25646198 0.61861467 20
1.5989711 -0.14254478 0.61959195 20
1.6011436 -0.14289962 0.62097371 20
1.5959238 -0.046278387 0.61906332 20.666666
1.5868607 0.048234221 0.61286241 20.25
1.5803301 0.15235649 0.60539627 20
1.5529985 0.39255857 0.69804567 20
1.5487787 0.44815552 0.69132954 20
1.5373658 0.54664725 0.67639357 19.5
1.5281178 0.64937311 0.66150266 18
-4.9593482 0.75440419 0.67091042 23
-3.346745 0.7345835 0.68808025 84
-3.1799943 0.76131946 0.64386177 76
0.81396836 0.78430086 0.64292306 7
0.94930172 0.73794639 0.65159088 15.7
1.1462755 0.75341129 0.64217252 13.642858
1.2275218 0.77570516 0.64531517 14.4
1.326218 0.79345971 0.66525525 12.333333
1.4556029 0.79786146 0.64824629 11.5
1.5220387 0.75878465 0.66262215 18
-3.1613531 0.82340509 0.63139755 69
-2.49106 0.87622559 0.66710073 50
-2.3534884 0.88005167 0.62245351 42
-2.0956836 0.8989625 0.65734863 59
0.811414 0.84072685 0.65290868 6.5
1.5065783 0.80015737 0.63237345 13
-2.0118906 0.90864581 0.62126333 60
-1.7310109 0.92708707 0.69170463 54
-1.6538218 0.92915809 0.65411705 54
-1.538133 0.94453162 0.65578598 36.142857
-1.449307 0.95606226 0.64659542 30.166666
-1.3320925 0.96336633 0.64917356 17.5
-1.2353045 0.96561068 0.66520792 13.833333
-1.1572921 0.970801 0.63310295 12.6
-1.0607839 0.97801489 0.66348392 10.285714
-0.99363017 0.98427445 0.62505019 18
-0.8628695 0.9871738 0.65508091 16
-0.74886686 0.99285489 0.6632278 16
-0.64721447 0.99547511 0.64878291 16.799999
-0.52010006 0.99953604 0.69338864 18
-0.25300953 0.94557124 0.64970517 15.25
-0.51110411 1.0039481 0.63126665 19.333334
-0.46557155 1.0090274 0.65839404 20.333334
-0.35227573 1.0163175 0.64674336 20.666666
0.29603526 1.062188 0.68473577 18
0.33305988 1.0608578 0.64340228 19.166666
0.42674598 1.0663248 0.6397025 17.5
0.53862947 1.072279 0.64294243 18.25
0.69784588 1.0768914 0.67464936 16
0.73082817 1.0748588 0.63642842 17
-0.17465204 -7.2217522 0.7792381 64
0.25013164 -7.2147169 0.72417051 133
0.35721254 -7.2095528 0.7333557 99
0.53532612 -7.1861768 0.7835902 106
0.93234354 -7.1686449 0.79885024 138
-0.62497079 -6.734201 0.78976005 20
-0.56274682 -6.3924484 0.77566427 39
-0.47790754 -6.1132989 0.75132293 119
-0.2981692 -6.1075902 0.70420861 78
-0.61055738 -6.0990863 0.73211521 71
-1.6246231 -5.1171255 0.76904166 111
-1.0272188 -4.918541 0.79007781 8
-0.98865014 -4.9452085 0.72618651 3
-0.75250757 -4.9358382 0.73981476 30
-0.67276955 -4.9667892 0.73638231 46
-1.0278479 -4.8790603 0.70499116 13
-0.92504245 -4.8533363 0.71254694 44
-1.2462304 -4.7225366 0.77569288 10
-1.1582441 -4.7558908 0.7183212 43
1.2294459 -4.6003032 0.73824406 27
1.0414234 -1.8285395 0.74726713 54.799999
1.1282097 -1.8051227 0.775047 55.666668
1.0849643 -1.7987905 0.71409541 65
1.1673574 -1.7911944 0.73533964 70.5
1.2481112 -1.7804461 0.75512433 50.5
1.3496234 -1.7813612 0.75256348 63.714287
1.4284425 -1.7518815 0.76102245 54.5
1.5964826 -1.7199931 0.72541398 67
1.6795995 -1.7418671 0.74424189 44.75
1.6916258 -1.5597017 0.7062062 13
-6.4868784 -1.4382545 0.71213543 103
-6.4938602 -1.3041817 0.73616689 106
-0.69618118 -1.360837 0.75318021 14.25
1.6576477 -1.3778772 0.7542758 47.5
1.6513923 -1.2150557 0.7536093 42.57143
-6.5077677 -1.1711905 0.75885767 102
1.6587079 -1.1312351 0.72763896 23
-6.519186 -1.0381718 0.77986854 106
-2.0815389 -1.0397769 0.74588537 63
-0.70432574 -1.0374169 0.71884817 1
1.6495637 -1.047423 0.72858417 17
-6.5267472 -0.90310913 0.79946667 107
-2.1054997 -0.93559122 0.74094594 52.5
-2.0969079 -0.98395503 0.73198414 55.5
-1.7200717 -0.95675999 0.79908013 35
-1.6353058 -0.95061719 0.75160879 30
-1.5672871 -0.95150232 0.71448642 35
-1.4112711 -0.93634731 0.79348814 42
-1.3443369 -0.93651849 0.75902939 11
-1.2542504 -0.9298057 0.73288709 10.333333
-1.136507 -0.91923428 0.72255301 10
1.6427822 -0.97104049 0.73092616 16.5
-3.5850132 -0.88570303 0.77645665 18
-2.90323 -0.84576327 0.71554023 16
-2.107821 -0.85824341 0.74997681 53
1.6369239 -0.85456997 0.73611671 15
-2.2956412 -0.79852587 0.79515189 26
-2.1456318 -0.79207218 0.73528987 40
1.6335526 -0.75003624 0.74183428 14.5
1.6286675 -0.65189224 0.74500799 14
1.6230654 -0.54225284 0.74756652 15.333333
1.6074476 -0.43494734 0.7408846 18
1.5964245 -0.30612096 0.7378186 19
1.6018112 -0.35401314 0.74035871 19
1.5955697 -0.24605958 0.73904467 19.666666
1.5911422 -0.14430587 0.73701143 20
1.5870186 -0.044930667 0.73476011 20
1.5786864 0.057255663 0.74329406 19.4
1.5682886 0.14930582 0.76101106 18.714285
1.5626661 0.24623476 0.74254715 19.428572
1.5555532 0.34683084 0.74254173 18.714285
1.5470419 0.45698199 0.7590422 17.666666
1.5393076 0.54637736 0.74532586 17
-3.4039457 0.67749387 0.7081539 150
1.5384761 0.64354938 0.73547554 17
0.93814403 0.74616939 0.75150073 10.625
1.1302476 0.75679857 0.74785876 11.444445
1.2672718 0.78730422 0.72911978 12
1.3475014 0.79514527 0.75304109 12
1.422332 0.79735613 0.76780307 12
1.537372 0.74470741 0.72419614 13
-2.7868876 0.85544026 0.76318157 41
-2.6272025 0.86540294 0.71201968 41
-2.4366407 0.88394284 0.79857278 60
-2.3064289 0.88720149 0.74488658 53
-2.2023337 0.89601654 0.70125002 55
0.80795211 0.85746133 0.74167204 6.75
1.4743962 0.80312455 0.78671455 13
-1.8449876 0.91747612 0.74807692 49
-1.7468547 0.92925638 0.76864904 61.5
-1.6461605 0.94033819 0.71208888 65
-1.5576414 0.94985372 0.73502523 4.3333335
-1.4338125 0.95452261 0.76852447 47.666668
-1.3587627 0.96037316 0.7401616 47.333332
-1.2464881 0.96811086 0.76332653 30.200001
-1.1576382 0.97254848 0.74086475 10.142858
-1.0353802 0.98315525 0.74182099 18.333334
-0.91982341 0.98090768 0.73060542 10.333333
-0.82468945 0.99609822 0.73803097 14.666667
-0.72458333 0.9926579 0.78001332 7
-0.63459265 0.99733335 0.73608708 16.5
-0.52503061 0.9994936 0.72708869 17
-0.47584546 0.99887794 0.75451386 18
-0.25762159 0.94749004 0.76473242 8.333333
-0.71712571 1.0077537 0.73649091 11
-0.64884192 1.0080444 0.79761273 15
-0.53401744 1.0113978 0.77047521 10
-0.47711194 1.0043113 0.75843489 17.5
-0.36020264 1.0125314 0.74558514 17.833334
0.26317281 1.059128 0.74986637 12.714286
0.36710447 1.0642093 0.75879544 14
0.45009315 1.0656637 0.73669428 16
0.5097363 1.0695617 0.7232011 16.5
0.6823172 1.0782787 0.7564345 15.333333
0.71170563 1.0740021 0.72605264 16.5
0.085513361 -7.2319007 0.85880256 142
0.17380032 -7.2212348 0.88590747 135
0.2064146 -7.2147932 0.82209718 132
0.38863835 -7.2208281 0.8854754 144
0.441129 -7.1995583 0.86691803 51
0.74167216 -7.1707921 0.81153452 145
-0.30425808 -6.2465725 0.86025548 74
-0.13946211 -6.2836199 0.83336544 1
-0.49229628 -6.1038795 0.88461369 113
-1.7251465 -5.1174245 0.84054971 106
-1.0494323 -5.1217384 0.85421854 0
-0.91252524 -5.0773778 0.86145651 0
-0.87371022 -5.0892367 0.8912735 0
-0.77160054 -5.0292592 0.81239653 1
-1.105311 -4.8373842 0.84517258 1
-1.4177082 -4.6445069 0.88565528 54
-1.335954 -4.6963129 0.83337754 13
1.1387962 -1.8139476 0.8167876 3
1.6819034 -1.813489 0.87380862 40
1.7037648 -1.8214875 0.81120753 46
1.686664 -1.7666332 0.81895494 41.666668
1.6987569 -1.6493864 0.82255495 14
1.6899902 -1.560721 0.82300866 2
1.6603789 -1.4191117 0.856552 48.5
-0.70295745 -1.3043931 0.89963073 6
-0.699193 -1.3204336 0.84826684 10.5
1.653706 -1.2389444 0.84077471 41.5
1.6567873 -1.140766 0.82875323 60
1.6533513 -1.0577711 0.83197904 38
-1.8033291 -0.9546597 0.86502135 17.5
-1.7669425 -0.94547302 0.86376619 3.3333333
-1.6010563 -0.94810486 0.87606132 4
-1.5301198 -0.9375537 0.87233335 15.333333
-1.4724643 -0.93934584 0.83558428 26.25
-1.3262149 -0.93477553 0.87336677 34.333332
-1.2438853 -0.92987055 0.86424726 10
-1.1952201 -0.92266858 0.83064377 5
-1.0305309 -0.92146295 0.86254001 1
-0.9317019 -0.91051322 0.83853334 3
-0.72576481 -0.93335646 0.86208886 2
1.6433687 -0.94912124 0.83094943 15
-3.1811066 -0.86142951 0.80070072 15
-2.4995506 -0.8180449 0.87603807 21
-2.2874575 -0.80734277 0.87878102 21
-2.1452579 -0.80324453 0.81060344 39
1.6338549 -0.84845805 0.82994735 15.5
-6.5390067 -0.77010232 0.81743354 108
1.6265991 -0.75617653 0.82859385 15
-6.550993 -0.63709331 0.83401221 110
1.6232702 -0.652879 0.83090943 14.333333
-6.5516558 -0.50095588 0.84774208 111
1.619431 -0.55489004 0.83172858 14
1.6173325 -0.46361101 0.83348113 14
-6.5697565 -0.36701855 0.86241883 112
1.6083072 -0.35689345 0.82914233 15.666667
-6.574306 -0.2309276 0.8739562 106
1.5929072 -0.23821263 0.81836522 17
1.6005729 -0.28786147 0.82447779 17
1.5879941 -0.15897672 0.81467271 17
-6.5830154 -0.094885118 0.88468868 105
1.5814617 -0.052436508 0.80870342 17.75
-6.6008787 0.04105182 0.89437079 113
1.5748526 0.047865488 0.84990162 17.5
1.5654781 0.14959922 0.88751686 17.5
-6.2379365 0.29742351 0.85323685 101
1.5569409 0.25408784 0.87774307 18
1.5554165 0.34649226 0.87366414 18
-6.2491012 0.42842677 0.85844541 105
1.5471559 0.43846098 0.86407399 18
-5.9290609 0.53015274 0.81386149 73
1.5386838 0.54928577 0.85368532 18
-5.9093666 0.65611637 0.81045175 129
1.5397972 0.65346777 0.85187274 14
-5.8549232 0.77381116 0.80167586 2
-4.2096858 0.76468998 0.89600307 28
-3.1883209 0.76196527 0.89348608 70
0.92799592 0.74122208 0.80882031 1
1.1243628 0.75819486 0.85140675 4.4000001
1.3772238 0.79518574 0.84964132 12.333333
1.528029 0.74752545 0.8554877 14.5
-3.1629763 0.83017111 0.88332218 58
-2.9773157 0.84829563 0.82423455 37
-2.5656829 0.87473464 0.8517217 59
0.80591333 0.88408762 0.82564878 4.5
1.444545 0.80164015 0.85789371 13
1.5162017 0.80644226 0.85885978 15
-2.073494 0.90175611 0.85999334 55
-1.958452 0.91006911 0.84471965 56
-1.8656644 0.92409611 0.83467948 58
-1.5466776 0.94948077 0.87316501 59
-1.481549 0.95132124 0.82921475 64
-1.3255073 0.96275723 0.8688153 67.5
-1.259017 0.9689554 0.84982824 71
-1.0632001 0.98194659 0.81364328 1
-0.84526992 0.98645639 0.8222028 4.5
-0.65565354 0.99568003 0.84517431 10.5
0.79918569 0.90454638 0.88488781 1
0.80379659 0.91690511 0.84007335 2.6666667
-0.4888984 1.0172397 0.84177321 11
-0.36550564 1.0130861 0.84792233 7
0.23178335 1.0546432 0.81913334 2
0.33704808 1.0619241 0.83942336 5
0.46732485 1.076462 0.84871131 6.75
0.65702587 1.084076 0.85563785 14.833333
0.12865673 -7.2053418 0.98038942 132
0.56440675 -7.1846719 0.98928428 55
0.65919828 -7.1847219 0.90890509 115
0.86249697 -7.1630878 0.94675481 143.5
0.93325639 -7.150877 0.90453398 141
-0.71149534 -6.7985358 0.9152953 31
-0.20988017 -6.3031988 0.9754048 8
-0.19903824 -6.3277707 0.9363693 0
-1.0935801 -5.106473 0.95462227 0
-1.015274 -5.0928154 0.95313132 0
-0.96998471 -5.0843492 0.96060812 0
-1.1921989 -4.8080831 0.90804124 1
1.123684 -4.8112783 0.96939725 3
1.6836424 -1.8564872 0.95766866 41.5
1.6629225 -1.4430717 0.95286787 39.799999
1.6687021 -1.3500854 0.99039048 28
-0.70054322 -1.27829 0.92392468 9
1.6555415 -1.2642188 0.95436621 48.25
1.6575568 -1.1543008 0.98138183 55
1.6519778 -1.0664139 0.97726864 61
-1.9634701 -0.99860901 0.93045604 150
-1.8459623 -0.95271748 0.9472487 10.5
-1.70427 -0.94675815 0.9921844 32
-1.6423014 -0.9448629 0.959557 21
-1.5781018 -0.94239765 0.93149209 19.666666
-1.4583794 -0.93872404 0.97084773 34.5
-1.3648216 -0.93663597 0.93733656 26.428572
-1.2790278 -0.93313175 0.9581551 13
-1.0677663 -0.9265945 0.94597381 5.3333335
-0.9827854 -0.91539615 0.94440871 7.6666665
-0.82324386 -0.91202235 0.94930696 11.666667
-0.74972659 -0.9111641 0.94634581 7.6666665
1.6411557 -0.95269847 0.96749616 38.5
-3.5452993 -0.88761908 0.91162401 8
-2.7171965 -0.83032161 0.96221226 19
-2.4672854 -0.81647217 0.96269745 16
1.6376864 -0.85421741 0.96366155 17
1.6307318 -0.75886881 0.95707154 16
1.6213032 -0.64809239 0.94787675 15
1.6167705 -0.5471369 0.94311076 15
1.6112486 -0.4522222 0.93767762 14
1.6082851 -0.34469643 0.93435782 14
1.5983597 -0.20764269 0.92394102 18
1.6063597 -0.25940448 0.93212014 14
1.5926369 -0.14277209 0.91767818 17.666666
1.5880452 -0.044452444 0.9534747 15.5
1.5830868 0.046150893 0.9665848 14.25
-6.5985284 0.1782169 0.90004045 115
1.5779461 0.15239681 0.9780857 13
1.5684873 0.24773033 0.96536356 13
1.5647168 0.34406233 0.95820659 14
1.557291 0.44186869 0.94793302 14
1.5429095 0.55020058 0.94786161 14.25
-3.4887559 0.67709959 0.98934656 26
1.5314111 0.64636618 0.95111746 14.5
-3.3539472 0.726946 0.94635934 73
1.2916143 0.75856465 0.97897613 2.5
1.4388417 0.79859525 0.93060076 13
1.5246916 0.73551762 0.94275582 14.75
-2.8718889 0.85362619 0.97593564 52
-2.7039559 0.86200505 0.90879589 58
-2.307817 0.89053339 0.97222048 57
-2.1808317 0.89465272 0.91189277 47
1.4804196 0.80372602 0.95580101 14
1.5200258 0.80530143 0.97603697 16
-2.1476767 0.90507668 0.98967195 57
-2.040338 0.90954775 0.9307574 56
-1.74764 0.94323379 0.98094326 3
-1.6456096 0.9431529 0.95100802 49.599998
-1.5262942 0.9511202 0.95845538 2
-1.4441347 0.95544118 0.97126389 68.25
-1.3672729 0.95832396 0.91811109 65
-1.2785045 0.96726996 0.96986973 3
-1.0143877 0.98352003 0.96666348 2
-0.57362908 0.99600595 0.9989121 4
-0.26651144 0.94683051 0.97424036 6
0.088342205 1.052404 0.97038692 19
0.16137409 1.0633509 0.9534595 3
0.26554003 1.0711485 0.97927845 0
0.63191116 1.0777988 0.9307577 8.5
-0.67621845 -7.2745175 1.0183651 72
0.084988073 -7.2275677 1.034678 134
0.37781152 -7.2111506 1.0492038 138
0.78107703 -7.1583405 1.0306255 116
0.85764652 -7.1656165 1.0652053 132
0.99174178 -7.1511188 1.0574943 145
-0.27241307 -6.3468504 1.0803376 26
-0.30878925 -6.2725506 1.0044072 37
1.0569147 -6.2808957 1.039683 73
-0.50803083 -6.1629462 1.028561 25
-1.6447631 -5.1193504 1.0457805 119
-1.1087439 -5.1011238 1.0647351 0
-1.024404 -5.1032276 1.0934631 0
-1.4303232 -4.6344018 1.0781502 42
-1.3483677 -4.6698408 1.0172235 3
1.7205157 -2.2045968 1.0337039 150
1.7302084 -2.1111448 1.043087 49
1.6869652 -1.9061966 1.0476269 38
1.7210126 -1.9923903 1.0350306 40
1.6873201 -1.8976625 1.0447413 41
1.7113628 -1.8806535 1.0277158 19
1.6636126 -1.4795069 1.0475271 45.400002
1.6544867 -1.2756315 1.0528657 49.400002
1.6576482 -1.1613854 1.0928453 61
-2.0958714 -1.0146652 1.0030966 55
1.6494491 -1.0656824 1.0819888 57
-2.1008744 -0.9046675 1.0073899 51
-2.0998948 -0.95976067 1.0056651 51
-1.9503053 -0.97365224 1.0471511 40
-1.862729 -0.95555866 1.0500538 21.5
-1.7505863 -0.94837809 1.0508122 27.25
-1.6530613 -0.94070691 1.0662223 25
-1.5382614 -0.9385345 1.0443785 33.25
-1.4324416 -0.93979138 1.0459359 29.666666
-1.3473676 -0.93814707 1.0596232 23
-1.1153123 -0.926772 1.0539412 8.5
-1.0325079 -0.91988397 1.0442157 7.5
-0.8566485 -0.91402936 1.0571661 8.5
-0.78120863 -0.90622127 1.0385871 8
1.640509 -0.94997752 1.0707126 60.5
-3.8581672 -0.88447791 1.0094665 0
-2.9628909 -0.84217751 1.0587386 24
-2.6922011 -0.83363765 1.0673862 18
-2.1194458 -0.83008599 1.0188062 52.5
1.6381376 -0.84891331 1.0664649 36
-2.2439108 -0.7960301 1.0862271 22
1.6281283 -0.74679303 1.0534902 16
1.6204457 -0.65404975 1.0436989 15.5
1.6126403 -0.54644704 1.0329086 15
1.6066972 -0.4354203 1.0595659 15
1.6038983 -0.35131684 1.0468292 14.6
1.5974241 -0.22814672 1.0539423 14.666667
1.6009399 -0.27229875 1.0368717 14.333333
1.5937096 -0.14531299 1.0360285 14.166667
1.585997 -0.045800392 1.0562912 14
1.5782861 0.064921156 1.0587175 14
1.5722836 0.15803654 1.0636526 14
1.565292 0.25722063 1.05323 14.333333
1.5566014 0.3573142 1.0418216 14.5
1.5498574 0.44939071 1.0275574 14.4
1.5423706 0.53534025 1.0289261 15
1.5300251 0.64017636 1.0336804 15
0.92225885 0.75467283 1.0710931 4.3333335
1.5204562 0.75019664 1.0221195 15.333333
-3.048383 0.83976197 1.0478376 52
-2.4350677 0.88040942 1.0339372 52
-2.2638569 0.90007085 1.0533345 69
-1.8373127 0.93447292 1.0702162 32.200001
-1.7570181 0.94089746 1.0422314 35.75
-1.6469992 0.94622988 1.0786853 28.333334
-1.5547522 0.9519127 1.0425334 44
-1.4429566 0.96244526 1.0410887 26
-1.3169458 0.96467561 1.0372947 17
-1.1717811 0.97783589 1.0630153 6
-1.0422151 0.98090887 1.033514 6.5
-0.81479788 0.98939651 1.0944269 13
-0.76394433 0.9920575 1.0436008 5
-0.5827859 0.9979111 1.0462996 10
-0.26960731 0.94484007 1.0617973 14
-0.55575627 1.0023068 1.0923618 8.5
-0.40285903 1.0089062 1.0680367 12
-0.38344976 1.0116917 1.0445185 3.5
0.092988402 1.0560451 1.0909706 13
0.12354292 1.0596204 1.0291533 12.75
0.23706248 1.0676148 1.0557295 13
0.3898685 1.0746294 1.0807234 23
-0.68171442 -7.2854457 1.1855119 126
0.053914871 -7.224494 1.1647862 134.5
0.68705392 -7.1568046 1.108786 58
0.78297514 -7.1797709 1.122472 139
0.90386283 -7.1499281 1.1538118 107
-0.28151083 -6.3168364 1.1214696 28
1.1614742 -6.2123904 1.1373392 64
-0.31745562 -6.1906195 1.1657214 33
-1.131243 -5.1303673 1.184154 0
1.0876577 -4.8562446 1.1878897 2
1.1422653 -4.7773495 1.118724 2
-1.4060837 -4.6458015 1.1750354 49
1.7429667 -2.8241477 1.1953495 51
1.7359451 -2.2924647 1.1973095 43
1.7279081 -2.160713 1.1863047 34
1.7226181 -2.0398207 1.1774223 21
1.6947291 -1.9539664 1.1447883 40.5
1.7196208 -1.9338118 1.1728071 0
1.6681986 -1.5126836 1.1463356 35
1.6665457 -1.4678578 1.1295803 39.5
1.6557274 -1.3159788 1.1540724 48.599998
1.6572634 -1.2959951 1.1033608 49
-0.7047137 -1.1288774 1.1418533 6.5
1.6562417 -1.1477031 1.1906725 60
-2.1102135 -1.0168326 1.184315 30
-2.0832224 -1.0330497 1.1284422 46
-0.70426613 -1.0907791 1.1805303 22
1.6516366 -1.0548067 1.1798053 60
-1.9704436 -0.99180347 1.1710739 150
-1.8417367 -0.95222759 1.1933198 20
-1.7495065 -0.94627458 1.1456568 27.25
-1.6736673 -0.94310969 1.1640558 31
-1.581866 -0.93878591 1.1202848 34
-1.4678673 -0.93681639 1.1699835 26
-1.3984412 -0.93352872 1.1397296 24
-1.1433616 -0.9245975 1.1671138 25
-1.0811217 -0.92617023 1.1367564 7
-0.8494516 -0.90902328 1.1380589 9.25
1.6419742 -0.93610275 1.1615057 53.5
-3.2939065 -0.86586511 1.1888673 16
-2.9339938 -0.84281057 1.1810417 23
-2.4291565 -0.80527031 1.1867623 29
1.6361306 -0.83073783 1.1492014 60.5
1.6281484 -0.72796392 1.156365 47.666668
1.6242459 -0.64547098 1.1587384 28.25
1.6158439 -0.55424964 1.1435231 16
1.6076316 -0.46079543 1.1449144 16
1.597908 -0.35090184 1.1434422 16
1.5952349 -0.25687644 1.1346675 15
1.5891765 -0.14616635 1.1227635 15
1.5829577 -0.040298518 1.1109365 14.666667
1.5793204 0.04567048 1.1025569 15
-5.0496354 0.7168383 1.1035343 76
-3.3406441 0.73224461 1.1723137 83
0.91697389 0.7531659 1.1514611 9
1.1345834 0.77017003 1.1766982 8
-3.1806459 0.80431533 1.1030315 95
-2.7451887 0.85911036 1.1804198 41
-2.5463603 0.87424517 1.1462611 57
-2.3830414 0.88987321 1.1192466 55
-2.0298009 0.91655934 1.1978524 55.5
-1.926742 0.92494696 1.1559708 46.75
-1.8813092 0.93270934 1.1325717 24.5
-1.7325499 0.93881214 1.1675904 41.200001
-1.6451784 0.94493335 1.1492317 51.75
-1.5009079 0.95685256 1.1598893 36
-1.4707022 0.96048731 1.1123959 21
-1.3750503 0.96151102 1.1346294 34.5
-1.2176971 0.97623122 1.1613369 48
-1.1941854 0.97756672 1.1112225 30
-1.0846441 0.97846544 1.1297147 38.5
-0.94381297 0.98799402 1.1276913 15.5
-0.83783197 0.98702478 1.1697251 14
-0.72775096 0.99361688 1.1801907 15
-0.60238719 0.99870408 1.1449783 14
-0.27312768 0.94638622 1.160872 13.5
-0.72075766 1.0030054 1.1386623 10
-0.52858967 1.0023303 1.1615046 13
-0.41058969 1.0118784 1.1451558 14
-0.37435001 1.0157987 1.1425815 11.5
-0.035670184 1.0497695 1.193957 55
0.053036436 1.0614822 1.1637926 13
0.18166062 1.0719576 1.1931093 14.5
0.21238977 1.0679305 1.1257873 11.666667
0.36746085 1.0830572 1.1521515 11.5
0.57495886 1.0907907 1.1706872 1
0.020620352 -7.219275 1.2106565 123
0.36944425 -7.2183228 1.2130755 136
0.74473917 -7.170577 1.2556056 134
0.81151885 -7.1518598 1.2332913 60
1.0280563 -7.1404324 1.2798012 107
-0.32703108 -6.1562705 1.2363161 21
-1.146085 -5.1169686 1.2953198 0
-1.0318255 -5.1221662 1.2162774 0
-1.6268705 -4.9989653 1.2369554 69
-1.3656332 -4.6604362 1.2151889 45
1.7459314 -2.8730268 1.2733077 30
1.7600344 -2.6095822 1.2286029 60
1.7495557 -2.4469285 1.2139767 42
1.6956542 -2.0042546 1.2464432 44
1.6964921 -1.9851819 1.2370274 38
1.6856138 -1.607856 1.2555002 12
1.6667379 -1.5234808 1.2492285 42.400002
-0.68229145 -1.4349663 1.2692357 2.5
1.6687708 -1.4294289 1.2247252 58
1.6581975 -1.3316988 1.258906 49.42857
1.6597673 -1.2481213 1.2279588 56
1.6474481 -1.1418738 1.2689843 52.333332
-2.0846815 -1.0416197 1.2587585 83
-0.71067405 -1.0414762 1.2582613 10
1.6430186 -1.0452886 1.2661375 58.666668
-2.1145573 -0.95214856 1.2545526 43.222221
-2.0940039 -0.9683497 1.2542818 61
-1.8454003 -0.95255977 1.2459019 24.25
-1.7681988 -0.94672954 1.2376046 30.5
-1.5252327 -0.9400233 1.2700005 22.5
-1.4632447 -0.93401945 1.2343278 24
-1.2302297 -0.9300285 1.2959371 29
-1.1706601 -0.92713386 1.2450957 20.5
-0.91533154 -0.91645271 1.2367835 9
-0.85241693 -0.91389775 1.2290428 8.5
1.638759 -0.95837212 1.242551 58.666668
-2.115957 -0.86187774 1.2793609 47
-2.0929348 -0.84875131 1.2552744 50
1.6319849 -0.8591572 1.2318883 59
-2.1439371 -0.78114861 1.2910041 30
1.6275514 -0.76732922 1.2239288 66
1.6229511 -0.69010669 1.2214004 67
1.6214972 -0.59905559 1.2112061 64
-2.5854483 0.7382406 1.2371135 31
0.8982622 0.75258446 1.2502341 11.5
0.93654436 0.75576264 1.2642007 10
1.1528337 0.77449548 1.2577827 8.3999996
1.3401833 0.77836144 1.2833117 5
1.4231497 0.78517795 1.2835594 0
-2.8776877 0.82996792 1.243277 28
-2.581028 0.83724278 1.2290809 35
-2.1483517 0.914343 1.2771916 67
-2.0249753 0.92101711 1.2910326 39.5
-1.9718029 0.923814 1.2339933 37
-1.8612738 0.93169504 1.2706238 50.333332
-1.7730951 0.93464822 1.2404649 59.5
-1.54704 0.95086312 1.2350709 46
-1.4404438 0.95663011 1.2413681 44.5
-1.2528307 0.97073138 1.2375174 60.5
-1.1334851 0.97537136 1.2364018 64.5
-0.97963834 0.98591775 1.2324491 70
-0.86439234 0.9855864 1.250741 53
-0.75020421 0.99932313 1.2705991 46
-0.27735874 0.94443035 1.2684165 14.5
-0.61926639 1.0010271 1.2293385 15
-0.5393306 1.0018377 1.2398541 15
-0.42073104 1.0053401 1.2456532 15
-0.38101065 1.0161406 1.2489097 15
-0.03864225 1.0530722 1.2784477 33
0.020394145 1.0551885 1.2359047 55.5
0.15087771 1.0681689 1.265 24.75
0.33828974 1.0821373 1.2439275 14.5
0.54463303 1.0825202 1.2460091 19
0.79494721 1.0679132 1.2523161 2
-0.68614101 -7.2753668 1.349743 127
-0.56703007 -7.2748132 1.3583746 127
-0.043584839 -7.2168188 1.3404094 132.5
0.045346998 -7.2334094 1.3491998 142
0.35969868 -7.2115545 1.3788911 141
0.70465285 -7.1671424 1.390009 134
0.93542314 -7.1499376 1.3585246 63
-0.40238637 -6.1922297 1.3843983 0
-0.38195467 -6.1336284 1.3272904 9
1.1454344 -6.1522584 1.3574477 57
-1.037479 -5.1168227 1.3341966 0
-1.5827218 -4.9368386 1.3199846 51
-1.5224153 -4.8936448 1.3494142 36
1.1227785 -4.8277221 1.3878465 0
1.7475584 -2.9418259 1.3725395 31
1.7506711 -2.4717128 1.3933493 40
1.7398556 -2.3170688 1.3689189 29
1.7311215 -2.1773403 1.3487517 16
1.696676 -2.0314574 1.3430575 38.25
1.6849182 -1.756008 1.3557605 3
1.6822047 -1.6402071 1.3631194 18
1.6670653 -1.5410014 1.350719 39.166668
1.6689 -1.459173 1.3301585 43
-0.68790096 -1.3513966 1.3275162 11.666667
1.6524305 -1.317009 1.3448482 42.5
-0.69153082 -1.2616985 1.3772856 14
1.6561024 -1.2447598 1.312243 50
-2.0167637 -1.0135427 1.398067 150
-1.9190887 -0.96520138 1.3285322 47
-1.8787469 -0.95557177 1.3572892 27
-1.6293089 -0.94507158 1.3743917 21
-1.5613277 -0.93850613 1.3250409 21
-1.2336543 -0.92971015 1.3645501 26
-1.1700263 -0.92472428 1.308552 27
-0.93430758 -0.91901284 1.3434786 28
-0.88365585 -0.91473663 1.3096054 9
-0.71627015 -0.95760113 1.3598133 16.666666
-3.6898634 -0.88920897 1.3444452 10
-3.2781432 -0.87206793 1.3396376 13
-2.6717701 -0.82401252 1.3177692 18
-2.1270287 -0.84485799 1.3372049 34
-2.1751902 -0.79268217 1.3603897 28
-6.2331033 0.50574344 1.3996047 150
-5.8409162 0.59335732 1.3005912 111
-2.7243602 0.67925054 1.3142396 62
-5.9376373 0.72759473 1.3157657 16
-3.1678514 0.75865048 1.3799487 101
-3.0076926 0.79282242 1.3044574 100
0.89653516 0.75612259 1.3558707 11
0.94434685 0.76143193 1.3650851 9
1.1599132 0.77478135 1.3553284 14
1.3503644 0.77929091 1.3437536 13
1.432157 0.78403378 1.3390085 4.5
-2.2667785 0.90511215 1.3568375 54.5
-2.083576 0.91850215 1.3526132 42
-1.9645276 0.92411083 1.3630546 55.666668
-1.845369 0.9316296 1.3310473 50.5
-1.6246037 0.94666183 1.3511186 56
-1.5354024 0.94787949 1.3892012 52
-1.4949726 0.95105332 1.3274702 49
-1.3252151 0.96508491 1.3816668 61
-1.250026 0.96903968 1.3544528 58
-1.1734523 0.97097212 1.3222771 57
-1.0197873 0.98308009 1.3468621 68
-0.90511566 0.98391443 1.3736944 59
-0.88597745 0.98722821 1.3141191 64
-0.76910132 0.99322635 1.3532573 69
-0.63724327 0.99933267 1.3156116 56
-0.27972236 0.94394857 1.3590492 14
-6.3310666 1.04673 1.3843853 0
-0.65112513 1.0021853 1.3826658 63
-0.55284613 1.0086699 1.3370759 43
-0.4313398 1.0087925 1.3385834 15
-0.38773647 1.0140018 1.364257 64.5
-0.057086844 1.0540687 1.3343368 46
0.092761628 1.0625582 1.3993165 50
0.11772127 1.0657384 1.3441056 56.5
0.29839057 1.0801977 1.3693066 58
0.31444949 1.081978 1.3183423 16
0.49035764 1.0803109 1.3880032 58
0.52900869 1.0853629 1.3290123 43
0.78161544 1.0917689 1.357287 22.666666
0.77450103 1.1084629 1.3548146 7
-0.11034247 -7.2075038 1.4681433 136
0.6337378 -7.1787786 1.447908 131
1.0584723 -7.1300392 1.4808791 79
1.1508137 -7.1310062 1.4044 109
-1.6899662 -5.1166205 1.4903157 120
-1.1633822 -5.1157665 1.410254 0
-1.0430229 -5.1157365 1.455166 0
-1.0085597 -4.8401585 1.4982954 41
1.069901 -4.788332 1.4909921 23
1.7645119 -3.0255148 1.4796835 33.666668
1.77586 -2.8318784 1.4494106 37
1.7622101 -2.6433332 1.4206594 39
1.7401402 -2.4198635 1.4838606 22
1.7364458 -2.2789016 1.464317 10
1.7231728 -2.1334331 1.435716 1
1.6981521 -2.0691431 1.4497304 36
1.6898204 -1.7181065 1.4028249 8
1.6617111 -1.5503515 1.4429274 39.666668
-6.4765677 -1.4951707 1.4495785 102
-6.4875555 -1.3604107 1.4613937 116
1.6513644 -1.3111941 1.4509649 29.25
-6.495667 -1.2225077 1.4687515 120
-0.69393158 -1.2081034 1.40532 13
1.6485583 -1.2981987 1.4846473 23
-0.69626302 -1.1345897 1.4387652 13.666667
-6.5088196 -1.0888733 1.4772508 112
-2.1223676 -1.0261711 1.4709113 48
-2.0885894 -1.0220404 1.4374115 82
-0.70165491 -1.0488763 1.4853575 16.5
-6.5158811 -0.95492208 1.4840637 108
-2.1144757 -0.96423912 1.4792886 48
-2.0978267 -0.97021872 1.4598305 55
-1.6594639 -0.94554806 1.4609411 21
-1.5891492 -0.94085926 1.4087865 19
-1.2682198 -0.92884731 1.4497029 27.333334
-1.0072178 -0.91995943 1.4988512 32
-0.95560557 -0.91699171 1.4509363 33.333332
-0.73669171 -0.94192415 1.4677942 32
-6.5295811 -0.82131875 1.4917336 105
-2.948343 -0.84080815 1.4666388 17
-2.1099741 -0.84968483 1.4656148 49.25
-2.3583751 -0.79345012 1.4357635 18
-2.2408323 -0.78762043 1.4827651 15
-2.1769629 -0.7843231 1.4233999 22
-6.5367508 -0.68538117 1.4949358 109
-6.5467987 -0.551911 1.4989064 112
-6.2696667 0.24729638 1.4207944 87
-6.2453837 0.37583303 1.4092097 105
-5.0327492 0.76494026 1.46093 28
-3.3612061 0.72244829 1.4705999 60
0.89782238 0.76119298 1.4502335 11
0.95226836 0.76362407 1.4731386 22.5
1.161569 0.77265757 1.4450455 36.333332
1.2017107 0.77538478 1.4694158 34
1.3698355 0.78302258 1.4374801 21.25
1.4566069 0.7877655 1.4487343 14.333333
-2.3968265 0.89550126 1.4443243 58
-2.2215927 0.91439664 1.4909852 44.5
-2.1357563 0.91804218 1.436604 52.333332
-2.0617599 0.91822422 1.4601978 54.5
-1.9450866 0.92815751 1.424692 52.333332
-1.6874155 0.94175094 1.4433836 51
-1.5825652 0.94650578 1.4583764 48
-1.3544805 0.96041065 1.442306 63
-1.2379364 0.96750706 1.4532061 54
-1.0546803 0.98103279 1.4411594 67
-0.92927247 0.98451221 1.4438769 56
-0.8018105 0.99331909 1.4849166 61
-0.78494483 0.99430925 1.4181306 72
-0.66455746 0.99903828 1.4457443 66
-0.28317118 0.94792813 1.4528679 68.75
-0.56933075 1.0023143 1.4570904 72.5
-0.44101226 1.0067579 1.4330997 68
-0.39403552 1.0138384 1.4610779 75
-0.18928786 1.0159783 1.4439508 69
-0.067599088 1.0552952 1.4101106 50
0.076838523 1.0642115 1.4417515 55.333332
0.27311355 1.0779837 1.4529386 55.5
0.46488672 1.0772858 1.4699066 56.5
0.51963496 1.0925668 1.4335582 56.5
0.76587707 1.0974334 1.4592289 46.25
-0.69178474 -7.2892962 1.5188843 129
-0.58552593 -7.2716241 1.5214053 125
-0.13469204 -7.2234612 1.5408647 127
0.031784602 -7.244945 1.5176313 133
0.35159796 -7.2267146 1.5477728 129
0.62778163 -7.1659312 1.5528579 135
-1.1841569 -5.1288342 1.5308696 0
-0.56671011 -5.0864182 1.5644336 72.5
-0.32873791 -5.0904541 1.5499086 62
-0.09985774 -5.0621085 1.5610783 87
0.13304381 -5.0101585 1.5759809 93
-1.1403042 -4.7826438 1.5436422 44
1.6774747 -3.2425256 1.5436244 13.5
1.8123566 -3.2957349 1.528277 35
1.6892871 -3.1102941 1.502719 150
1.7517002 -3.0789814 1.5726117 31
1.778179 -2.9744623 1.5835584 31
1.7671287 -2.7748322 1.5497745 34
1.7545257 -2.5584941 1.5448654 26.5
1.7445757 -2.3670344 1.5421382 11
1.7001704 -2.1142058 1.5357947 35
1.6992493 -2.0830879 1.5492017 36
1.6639494 -1.5555089 1.5424013 35.75
1.6524814 -1.3076993 1.572072 13
1.6497772 -1.2924314 1.5552905 12
-2.119503 -1.0237796 1.5165013 47.5
-2.0940533 -1.010512 1.5318578 53
-2.1267676 -0.94416046 1.555647 44
-2.0999143 -0.94873595 1.5335624 50
-1.7313886 -0.94796854 1.5211034 20
-1.6895399 -0.94432884 1.5433676 17
-1.3424834 -0.93386048 1.5512358 27.333334
-1.0339508 -0.9203971 1.5758373 36
-0.98600942 -0.91878253 1.5706055 31
-0.72523105 -0.94822854 1.5382645 22.4
-3.6488533 -0.88833624 1.5125223 9
-2.5664134 -0.80494481 1.5741612 15
-2.1205842 -0.85773772 1.5670267 44.333332
-2.0995076 -0.88548803 1.532173 47
-2.3388762 -0.79218161 1.5704303 15
-2.2566404 -0.79137337 1.5370686 18.5
-2.1591911 -0.78499627 1.5406629 27
-6.5551529 -0.41503972 1.5004442 109
-6.563343 -0.28116396 1.5019913 111
-6.5766215 -0.14555535 1.503274 111
-6.585412 -0.010712268 1.503989 116
-6.5898347 0.12535058 1.5005248 113
-3.5019891 0.66727883 1.5354477 9
-4.2203603 0.79734188 1.5135828 104
-2.5628505 0.74832535 1.5575597 48.5
0.89632595 0.75772518 1.5377507 38.5
0.95863336 0.76262313 1.5577449 34
1.160092 0.7793861 1.5573663 37
1.2171216 0.77770329 1.5521936 35.5
1.3732445 0.78526139 1.5495906 29.5
1.4333366 0.78634572 1.5330138 22.666666
-2.5592179 0.85492271 1.5534866 53.25
-2.3027766 0.90765005 1.5523279 45
-2.2379818 0.90835333 1.553991 49.333332
-2.1412363 0.92042124 1.578006 51.5
-2.0486679 0.92429996 1.5494529 53
-1.9685634 0.92461026 1.5150728 40
-1.7609344 0.93725365 1.5482454 48
-1.6332352 0.94503212 1.5332694 49
-1.4326102 0.95890874 1.5859504 63
-1.3483253 0.9576658 1.5521163 59.5
-1.2708521 0.9627614 1.5216243 56
-1.1060703 0.97702008 1.5811801 65
-1.0758876 0.97479308 1.5035255 64
-0.96474725 0.97942013 1.5477117 55.5
-0.81755149 0.98940653 1.5527974 67
-0.68796289 0.99778241 1.5541326 61
-0.28533766 0.9470945 1.5598245 63
-0.58461696 1.001523 1.5641744 66
-0.45227075 1.0037103 1.5345051 63
-0.39769292 1.0117797 1.5290107 71
-0.18883756 1.0154883 1.5478814 63
0.042386778 1.060716 1.5222163 49
0.24583806 1.0726556 1.5388731 52
0.46515569 1.0838704 1.5689969 56
0.50334018 1.0879114 1.5125026 54
0.77652019 1.0997692 1.5291219 53
0.7533502 1.1020706 1.5756512 54.5
-0.65054238 -7.281353 1.6877383 128.5
-0.32737336 -7.2674632 1.6531292 131
-0.19225067 -7.2103982 1.6351308 130
0.019549793 -7.2433424 1.6812028 135
0.55850136 -7.1678009 1.6117065 136
-1.049895 -5.0745139 1.6884364 115
-0.49764961 -4.9977884 1.6996299 34
-0.18593037 -4.9933505 1.6996359 114
1.0274028 -4.8534141 1.6252495 2
1.091127 -4.7390404 1.6104543 22
1.6895151 -3.4655652 1.6254835 29
1.7977414 -3.2136867 1.6293727 30
1.7719511 -3.1378 1.6664063 29
1.7770598 -2.8969002 1.6439198 28
1.7648342 -2.7013354 1.6052327 25
1.7036009 -2.1325622 1.6423726 32
1.6655334 -1.55516 1.6430608 25.333334
1.6565307 -1.3042933 1.6473397 4
1.6474656 -1.2796093 1.6564404 2
-1.8602093 -0.95465523 1.6996191 18
-1.7718444 -0.95017719 1.614661 17.5
-1.4231174 -0.93728369 1.6697017 28
-1.3605152 -0.93383127 1.6488719 25
-1.0400773 -0.91872489 1.652405 34
-0.74847394 -0.92020369 1.6516746 25.333334
-3.313904 -0.86701989 1.6635646 12
-2.6377304 -0.8145417 1.6248177 17
-2.4185896 -0.80061048 1.6967723 28
-2.1355367 -0.84008533 1.6272148 35
-2.4306722 -0.79904938 1.6514064 18.5
-2.3611908 -0.79506814 1.6610097 25
-2.1664975 -0.79299986 1.677633 30.5
-5.5357904 0.71489429 1.6126344 14
-4.4411983 0.73890358 1.6038152 14
-3.4316537 0.70282722 1.694634 150
-3.3196454 0.76169771 1.6313316 71
-2.6654427 0.70910996 1.6269858 19
0.89821923 0.76231951 1.6533482 37
0.97004068 0.76791382 1.6652313 33.5
1.1723297 0.78018749 1.6567895 35.5
1.2354107 0.77914828 1.6407127 34
1.3955536 0.79090571 1.6449075 32
1.4562517 0.78830463 1.6227361 24.666666
1.5124933 0.79542452 1.6626201 27
-2.3571351 0.89903706 1.6392518 51.333332
-2.3557115 0.90194279 1.6465299 40
-2.2996917 0.9057731 1.6954436 54
-2.1413507 0.91816628 1.6544902 44
-1.8456718 0.93413961 1.665158 45
-1.7409239 0.9348855 1.6895308 42
-1.6814553 0.93762589 1.6053652 40
-1.4685018 0.95113736 1.6569722 61
-1.3503275 0.95493937 1.6763507 56
-1.1332819 0.971412 1.65406 65
-1.003853 0.97226191 1.6592635 55
-0.83908206 0.99214512 1.6352464 62
-0.71122676 0.98852742 1.662534 63
-0.59507471 0.99998647 1.6395527 70
-0.46949536 0.99963742 1.6875881 63
-0.28674793 0.94218904 1.6314567 62.5
-0.42351541 1.0069488 1.629546 65.666664
-0.18957159 1.0125222 1.6607502 69
0.43373945 1.0794872 1.6515716 53.333332
0.73467851 1.0974346 1.6481508 52.666668
-0.65245163 -7.2391596 1.7396184 45
-0.21449062 -7.2161727 1.7079874 128
0.3431921 -7.2258439 1.7156866 136
0.48255709 -7.1728859 1.7791851 128
0.55021721 -7.1707835 1.7206861 131
-1.2152418 -5.0840845 1.7541291 111
0.35228634 -4.9656744 1.7026325 24
1.0573822 -4.9220834 1.7875013 70
1.8123682 -3.3795676 1.7447823 38
1.7625895 -3.1814146 1.7235488 28
1.6994448 -2.1292524 1.7392099 31
1.7069521 -2.1878099 1.7435076 30.5
1.6646518 -1.5581309 1.7417285 15
-6.4783411 -1.3735194 1.7568276 108
-6.495225 -1.2284938 1.7796015 107
-1.8121908 -0.95103461 1.7040633 17
-1.4413712 -0.9370141 1.7492963 24
-1.1018536 -0.92554671 1.7586756 31
-1.0482204 -0.91646099 1.7257416 32
-0.77690554 -0.90979648 1.7447777 30.5
-2.8705978 -0.82601553 1.7784736 21
-2.5483036 -0.80272365 1.7559438 19
-2.3623414 -0.79428959 1.740189 27
-2.2601297 -0.79211783 1.7757559 17.5
-5.8735814 0.6258027 1.7156585 116
0.93999434 0.76576436 1.7544224 35
1.185697 0.77901554 1.7633424 37
1.2548497 0.78066528 1.738595 32.5
1.4447119 0.79080921 1.75221 30.5
1.5349944 0.79423368 1.7519133 42.5
-2.5279734 0.88834858 1.7848899 44.5
-2.4631767 0.89233071 1.726575 47
-2.3169229 0.90333784 1.7923908 40
-2.2415717 0.91116565 1.7097799 44
-2.187736 0.91289854 1.7629232 37
-1.9107655 0.93259078 1.7527057 53
-1.8105792 0.93484485 1.7858592 49
-1.5092165 0.94579428 1.7336574 55
-1.3947473 0.95224953 1.763859 55
-1.1642264 0.96757847 1.7336416 67
-1.0342983 0.96974951 1.7449635 51
-0.8661797 0.98161179 1.7467685 64
-0.72955567 0.98740435 1.7482806 56
-0.60497272 0.99347061 1.7129575 66
-0.47859865 0.99560088 1.7701094 63
-0.28744546 0.94083065 1.7384344 61
-0.4113704 1.0024556 1.7556512 69
-0.18853754 1.0105617 1.7878265 59
0.46014899 1.0878757 1.7397432 52
0.70180857 1.0932541 1.7478393 51
0.76072073 1.1005433 1.737545 48
-0.71831048 -7.2688518 1.8719022 80
-0.62278521 -7.2662535 1.8514555 127
-0.33346349 -7.2684417 1.8252549 134
-0.28466171 -7.2141247 1.8399849 129.5
0.0057279826 -7.2408462 1.8506637 133
0.33470285 -7.225976 1.8855968 133
0.47265753 -7.1706238 1.887589 131
-1.2367027 -5.0901747 1.8767104 113
-1.0569675 -5.0784431 1.8162998 110
1.7629406 -3.2535005 1.8319075 25
1.7044938 -2.2150414 1.8649307 30
1.7031695 -2.1520493 1.8246021 32
1.6653219 -1.5621499 1.8468404 5
-6.5096169 -1.0834527 1.8006965 110
-6.5137882 -0.93534714 1.8172917 108
-1.9903802 -0.99049145 1.8589503 9
-1.8932973 -0.96049553 1.8072284 19
-1.5307159 -0.93969065 1.8691689 25
-1.4603565 -0.93555158 1.8216921 25
-1.1374977 -0.92414314 1.8569735 35
-1.0910825 -0.92403519 1.8293567 30
-0.81438994 -0.91265184 1.8374801 32
-0.78862906 -0.91167456 1.8495513 27
-3.7044444 -0.87971324 1.8730061 15
-2.9198472 -0.82772779 1.8124154 25
-2.6756623 -0.81362867 1.8675324 11
-2.5972149 -0.80628127 1.8437288 19
-6.5245976 -0.7882846 1.83476 107
-2.3606801 -0.79411167 1.875737 18
-6.5384483 -0.64124012 1.8530792 107
-6.5417891 -0.49413282 1.8655112 109
-6.5556507 -0.34708911 1.8802261 108
-6.564816 -0.19801696 1.8929708 107
-6.4696589 0.24592665 1.8858194 93
-6.2425852 0.37939432 1.8211591 107
-6.2320666 0.52257526 1.821865 123
-5.0642667 0.73315555 1.8482622 73
-2.6573842 0.79264075 1.8917531 13
0.94571829 0.76661384 1.8403873 32.5
1.1983652 0.78131247 1.8475378 35
1.2800128 0.78445131 1.8524177 28
1.4454956 0.79535329 1.8600149 31
1.5351784 0.77188754 1.8569427 36.75
-2.6532362 0.85495031 1.8793807 29.5
-2.5320702 0.8876754 1.8187094 33
-2.4263198 0.89741731 1.8494166 47
-2.2686417 0.90404332 1.8532174 37
-1.9757723 0.92804337 1.8412598 51
-1.8812381 0.92977178 1.8841088 39
-1.5643443 0.94662637 1.8321625 53
-1.4451286 0.94810194 1.8598746 47
-1.198174 0.96558064 1.823001 65
-1.0658448 0.96421504 1.8325764 54
-0.89829355 0.97479928 1.8779378 61
-0.74910325 0.98318827 1.8359244 60
-0.6250329 0.99140775 1.8472277 67.5
-0.48887175 0.99556333 1.8655783 63
-0.29077756 0.93611526 1.8463657 59
-0.4171505 1.0023144 1.8464928 69
-0.18866205 1.0095701 1.8811679 64
0.69164848 1.100209 1.8335752 56
0.75472528 1.103545 1.8468421 52
-0.74129122 -7.2312121 1.934944 55
-0.34905887 -7.2434368 1.9851797 130
0.40612331 -7.1759887 1.9497975 129
-0.59947634 -5.1220489 1.9617805 12
-0.12638339 -5.1060238 1.9480877 12
-1.0650506 -5.0813856 1.9440759 108
0.12076107 -5.0579991 1.9682033 81
0.20058462 -4.9652915 1.9954668 68
1.6412402 -4.8759565 1.9318817 139
1.7687044 -3.3415966 1.9675496 25.5
1.705183 -2.2377474 1.9531426 30
1.7029837 -2.1708391 1.9467876 32
1.6481432 -1.1808761 1.9907047 4
-1.5206467 -0.93901843 1.9247428 20
-1.1622438 -0.93176579 1.9629564 33
-0.83038449 -0.91664904 1.9569411 37.5
-3.1430967 -0.82238144 1.9610809 5
-2.7363079 -0.81772375 1.9165967 16
-2.6545157 -0.8157351 1.9260591 16.5
-2.3901167 -0.79608941 1.9103748 15
-6.5690026 -0.048915435 1.9023582 106
-6.5837097 0.10012315 1.914028 107
1.5493217 0.69203001 1.9907645 34
-3.1720157 0.77369595 1.9651451 85
-2.6707461 0.79360801 1.9580615 9.5
0.95247078 0.76874745 1.9362125 30
1.2559257 0.78552985 1.93831 36
1.4680831 0.79999906 1.9488389 31
1.5465095 0.71985912 1.9346014 34.5
-2.650466 0.85486412 1.9456638 23.799999
-2.4916954 0.88745308 1.9795576 39
-2.3583331 0.89587587 1.9517776 32
1.5324719 0.80157715 1.9570496 41
-2.0417168 0.91943824 1.9317307 47
-1.9517974 0.92169785 1.9823674 39
-1.6204273 0.94539493 1.9315827 70
-1.4999832 0.94284481 1.9615258 46
-1.235163 0.96037805 1.915096 66
-1.1050041 0.96254808 1.9375985 50
-0.92376393 0.97129476 1.9760869 65
-0.77012718 0.976955 1.9294634 62
-0.64597166 0.98731548 1.9934609 68
-0.50061935 0.99251288 1.966942 57
-0.42285806 0.99817687 1.9403384 72
-0.30019188 0.93503517 1.9183625 55
-0.28541493 0.93850917 1.9857936 63
-0.18821979 1.0065808 1.9795774 63
0.68038625 1.0981539 1.9099516 48
-6.6345811 1.1766988 1.946038 1
0.66808307 1.1000969 1.9979868 51
0.74996072 1.1035092 1.9207788 42
-0.8203131 -7.248363 2.0569048 33
-0.70774353 -7.2940726 2.0344269 134
-0.64238662 -7.2841821 2.0233605 132
-0.37604201 -7.2167449 2.0486305 114
-0.0076808571 -7.2443314 2.0211432 135
0.32721296 -7.230022 2.0595908 137
0.39285687 -7.164628 2.0558646 125
-1.2592157 -5.1003361 2.0032046 128
-1.073653 -5.0903292 2.0788333 129
-0.65170002 -5.0484748 2.0503726 28.666666
-0.59917492 -5.0549693 2.066205 122
-0.35717499 -5.035944 2.0681758 54.5
-0.13855416 -5.025383 2.0456896 118
0.1122255 -5.0081625 2.0760717 110
0.17894587 -4.9727521 2.0817604 81
1.5995117 -4.8790779 2.0524964 103
1.6701379 -4.86132 2.0096567 94
-0.21273383 -3.6979764 2.0218377 15
-0.012028018 -3.6491485 2.0334311 40
-0.22227544 -3.5771923 2.0615857 127
-0.022697145 -3.5555272 2.0860898 39
1.7085567 -2.2653186 2.0502503 29
1.6940011 -2.1722789 2.0597224 24
1.6464857 -1.1686542 2.0429626 8
-5.5925813 -0.8462137 2.0904467 22
-4.8811002 -0.84816122 2.0928416 17
-2.9054163 -0.72495449 2.0683253 6
-2.8353627 -0.71596485 2.0465121 4
-2.7820747 -0.70267004 2.0756195 11
-2.5025492 -0.70449817 2.0540977 4
-2.4987612 -0.7036823 2.0584412 6
-2.9057641 -0.65108758 2.0730288 53.5
-2.8139012 -0.65274757 2.052798 35.333332
-2.782865 -0.62184352 2.0599132 49
-2.4756377 -0.63584739 2.0522239 42.666668
-2.0236368 -0.66032004 2.0641928 32.5
-2.9375768 -0.57512254 2.0968695 26.5
-2.8033824 -0.56999189 2.0686655 17
-2.7839212 -0.57227981 2.0620563 21
-2.4648173 -0.56749564 2.067235 29
-2.0107031 -0.56122202 2.0769343 56.75
-0.47499245 -0.52487361 2.0496564 64.5
-0.37588701 -0.54081815 2.0616782 35
-0.27077055 -0.53844118 2.0590711 60
-0.13808039 -0.50673199 2.0567145 0
-0.48156959 -0.44486091 2.0625744 62
-0.37374026 -0.44866732 2.0687511 57.75
-0.26854581 -0.45354432 2.0638223 67
-0.15460078 -0.45133519 2.0649652 51.5
0.14251736 -0.44174838 2.0628498 62.666668
0.6759783 -0.41386539 2.0478578 106
-0.40110767 -0.3758058 2.0954044 12
-0.16880517 -0.36597005 2.0811303 24.666666
0.12148464 -0.36898026 2.0683734 68
0.6688962 -0.35459405 2.0578699 66
0.66215456 -0.29335365 2.0504174 106
-5.5582232 0.67832905 2.0429344 22
1.5511869 0.64884609 2.0566256 33.333332
-4.5360832 0.76630735 2.0194955 22
-4.1917453 0.76832807 2.0988979 37
-2.8356168 0.79766929 2.0820491 8
-2.799181 0.78456098 2.0952411 7
0.91059381 0.76917577 2.0351796 35
1.0104597 0.7732262 2.051095 28
1.2313142 0.78907257 2.0492604 36
1.317663 0.787368 2.0200341 29
1.5477179 0.77463645 2.0535133 36
-2.5899792 0.87845206 2.0832095 33
-2.4612274 0.88824117 2.063237 30
1.4907359 0.80164438 2.0376692 29
-2.1143982 0.91146255 2.0296321 44
-2.0313287 0.91235816 2.0918913 39
-1.6760396 0.93817592 2.0300291 63
-1.5679404 0.94328767 2.0851276 53
-1.2736734 0.95509243 2.0130804 57
-1.1444627 0.9588815 2.0466101 47
-0.9534927 0.96953249 2.0869179 62
-0.79744244 0.97965109 2.0475519 56
-0.66176039 0.98246741 2.0984807 62
-0.51306826 0.99046195 2.0762749 63
-0.42858833 0.99608165 2.0442252 59
-0.30391297 0.92905247 2.0194168 61
-0.28581858 0.93281424 2.0911179 56
-0.40553045 1.0465803 2.0997999 42
-0.18709794 1.0075954 2.0931036 61
0.65591651 1.1000423 2.0904932 49
0.74447471 1.105082 2.046845 46
-0.83197814 -7.2407293 2.1095157 56
-0.44489866 -7.2186069 2.1461322 115
0.33010599 -7.1720614 2.1185741 125
-1.2822533 -5.1045165 2.1306722 125
-0.70446759 -5.0108948 2.1310596 74
-0.61909097 -5.0537229 2.1666138 127
-0.34352595 -5.0463381 2.1730013 104
-0.14770198 -5.0246534 2.1743896 117
-0.4280777 -4.9882684 2.1482666 108
0.14407736 -4.9613175 2.1225915 116
0.83098167 -4.9170575 2.1324646 115
0.90293473 -4.905262 2.1530821 116
1.5574192 -4.8812008 2.1762526 103
1.6263083 -4.8692403 2.1325018 110
-0.96701127 -4.2035732 2.1844163 13
-0.60303915 -4.2158504 2.1524594 15
-0.55975759 -4.1674972 2.1670995 8
-0.34206533 -4.1603117 2.1471496 12
-0.19607025 -4.13269 2.1351855 19
1.2340626 -3.8121018 2.196991 12
1.1787028 -3.7377234 2.1881478 6
-0.89260012 -3.6024261 2.1998887 6
1.171291 -3.6301289 2.1991472 7
0.029961832 -3.5439129 2.1295221 50
0.54835868 -3.5039372 2.1305351 55
1.1189736 -3.5369685 2.1772068 8
0.59500277 -3.4787199 2.1474631 91
1.7746408 -3.4296763 2.1087811 21
1.7055852 -2.2771771 2.1358321 26
1.687647 -2.1692417 2.1350658 18
1.5848438 -1.9707644 2.100522 9
1.6440934 -1.1308087 2.1353741 19.25
-1.6825289 -1.0052578 2.1130116 15
1.6395304 -1.0739501 2.1702397 26.5
-4.8808932 -0.72907031 2.1022558 9
-2.8321235 -0.55481613 2.1143706 7
-0.52220035 -0.38288298 2.1182714 4
-0.37123817 -0.36530313 2.109339 3
0.15013123 -0.3279162 2.1051674 8
1.5555243 0.56446779 2.1726644 32
-4.8270936 0.69604844 2.1531172 22
1.5522912 0.64450657 2.1556041 36
-3.389915 0.73902869 2.1113648 150
0.91491038 0.77029872 2.1563034 33
1.0235976 0.77409118 2.1576602 23
1.249702 0.79149723 2.1614783 33
1.3420372 0.79185522 2.1209466 27
1.5484602 0.71997726 2.1349802 37
-3.0583835 0.8428328 2.1782982 40
-2.8931782 0.8165403 2.1700225 10
-2.6697564 0.83030415 2.1808975 13
-2.578321 0.88110024 2.1875081 29
1.52429 0.80957997 2.1525679 35
-2.1958661 0.90199804 2.1367848 43
-1.7388957 0.93254274 2.1408851 55
-1.3251971 0.95804065 2.1380427 66
-1.1964456 0.96199334 2.1826437 57
-0.82571632 0.97533011 2.1665621 52
-0.52763242 0.9883976 2.1984737 53
-0.43491787 0.99296343 2.1560872 55
-0.30740657 0.92808145 2.1405668 53
-0.56257761 1.0416846 2.1434023 32.5
-0.43595886 1.0525175 2.1084352 6
-0.23230536 1.067776 2.1809444 33.5
0.64357108 1.1009903 2.1928465 55
0.73836559 1.1056477 2.1814313 43
-0.91578186 -7.2505207 2.2608459 52
-0.46045643 -7.2237701 2.2253478 130
0.25294176 -7.1702018 2.2900751 146
0.31362164 -7.1646004 2.2263973 130
-1.3045894 -5.1046333 2.2582114 105
-1.0821227 -5.0902729 2.2105908 121
-0.77248043 -5.0190344 2.2449617 55.5
-0.61977881 -5.0616741 2.2499928 98
-0.43364966 -5.0020928 2.2161579 112
0.10705426 -5.0091405 2.208117 116
-0.49615079 -4.9962101 2.2840238 102
0.086850546 -4.9653869 2.2546971 115
0.12291121 -4.9469018 2.2000093 104
0.78110236 -4.9124885 2.2571769 109
0.85084313 -4.9143972 2.2862353 110
1.5478042 -4.8747835 2.2772436 105
-1.2504355 -4.6182332 2.288311 2
0.72142994 -4.5264368 2.2085016 5
1.4071544 -4.5037808 2.2469523 4
0.78192955 -4.4529285 2.2032006 5
0.038152315 -4.2376084 2.2505002 44
0.67042375 -4.2829432 2.2135336 8
0.72824764 -4.2036681 2.2019672 7
1.3575644 -4.2708187 2.2326427 8.5
-0.71039736 -4.1317191 2.2403359 8
-0.47360867 -4.1117806 2.2498484 12
0.020778781 -4.172946 2.2603288 50
0.65278828 -4.1107054 2.2571092 14
-1.1663653 -4.0363293 2.2269199 14
-0.94817179 -4.0412421 2.2181656 7
0.63455093 -3.7982469 2.2188907 15
-0.011513168 -3.5654979 2.231282 1
0.55315179 -3.5401373 2.2900224 0
1.7805506 -3.5228143 2.2605162 21
-0.87640077 -3.4551511 2.2203615 6
1.081166 -3.4721 2.2413158 11
1.1160064 -3.468776 2.2065704 11
-0.85024804 -3.202682 2.2708042 2
0.87507498 -2.8009238 2.2799003 18
0.85687709 -2.7042906 2.2621155 18
1.7137005 -2.3125141 2.2471597 25
1.659395 -2.1709294 2.2469604 15.5
1.3403084 -1.565009 2.2892201 16.5
1.4038928 -1.5699806 2.298723 21
0.91336203 -1.4742385 2.2758884 2
1.2876648 -1.440128 2.2861028 54
1.3614998 -1.4655946 2.2867754 41.5
1.6484431 -1.4477215 2.2799501 8
0.55713403 -1.3943512 2.2403207 14
0.8825888 -1.3661292 2.2559001 33.5
1.2527915 -1.3520187 2.286236 66
1.3145912 -1.3412523 2.2838693 62.5
1.5810554 -1.3538032 2.2873635 32.5
1.6283954 -1.3541985 2.2886343 29
0.85981077 -1.2995201 2.2940307 2
1.2852969 -1.2566469 2.2894778 73
1.546816 -1.2450846 2.2864068 54.333332
1.6011338 -1.295737 2.2852364 40
-2.3306384 -1.1495752 2.2669301 5.5
0.88491535 -1.1086111 2.2651615 5
1.2569846 -1.1685419 2.2845378 72.5
1.4879366 -1.144583 2.287272 70
1.5448635 -1.1613212 2.2849331 63.5
-2.2995751 -1.0972407 2.2796595 6
-1.7400438 -1.0500317 2.2654054 10
-1.3145162 -1.0133331 2.2803431 13
-1.2765775 -1.0244678 2.2534602 14
-0.92337769 -1.0039169 2.2586806 15
-0.59748739 -1.0015093 2.2609162 14
0.13473216 -1.0299522 2.2304316 10
0.87390494 -1.0546927 2.2734704 11
1.2248642 -1.0614687 2.289515 55
1.4645435 -1.0418917 2.2866225 74
1.5143552 -1.0834068 2.2840381 71
1.6363297 -1.0418606 2.2524276 50.400002
-1.7192345 -0.93540078 2.2644722 4
-0.91445357 -0.97726917 2.2757492 11.5
-0.61143571 -0.95551705 2.2712615 15.666667
-0.59841096 -0.92510116 2.2720311 15.5
-0.44050854 -0.94232297 2.2707038 14
-0.33781797 -0.94402266 2.2556813 20.25
-0.23247069 -0.930444 2.2692108 77.5
0.1294982 -0.93894911 2.2345996 30
0.85709649 -0.96583593 2.2626688 7
1.4429123 -0.95631546 2.2863634 74.25
1.5940229 -0.93305051 2.2856114 82
1.6169173 -0.95650595 2.2863894 78.666664
-1.7453811 -0.89341688 2.2801778 2
-1.2853954 -0.88159698 2.2667601 6
-0.90646327 -0.85204315 2.2626333 3
-0.60747582 -0.84703958 2.2537036 11
-0.59961087 -0.82927781 2.2592468 130
-0.451078 -0.89421976 2.2825155 12
-0.24649286 -0.83859164 2.2666171 42.25
0.08478938 -0.85072362 2.274322 11.5
0.1262503 -0.84694594 2.2297652 31
0.83289826 -0.83002776 2.2596323 6
1.3818179 -0.85904956 2.2844901 80.5
1.441793 -0.86426389 2.2850971 77
1.5737441 -0.84944278 2.2881062 81.199997
-0.60927361 -0.78832555 2.2667584 6
-0.44706473 -0.7820645 2.2713602 5
-0.22004813 -0.74851114 2.2882156 8
0.070921533 -0.70927024 2.2789097 4
0.12466025 -0.75894248 2.2284646 31.5
0.7207377 -0.70342958 2.2827308 10
0.82470381 -0.77609128 2.2571232 14
1.3604684 -0.73704737 2.2809587 86.25
1.4138615 -0.76929462 2.2778189 81
1.5441408 -0.75192994 2.2866869 82
0.12116636 -0.64643836 2.2312403 22
1.3486407 -0.63657755 2.272506 80.75
1.4997565 -0.63275754 2.2839477 86
1.5231967 -0.66163528 2.2796743 83
1.2954004 -0.53796178 2.2748175 79
1.3425416 -0.55640006 2.2681479 74
1.479889 -0.55165029 2.2804592 87.666664
1.5045023 -0.55419004 2.2790494 83.5
1.279555 -0.45680824 2.2711947 73.666664
1.3480562 -0.44247499 2.2702382 73.333336
1.4733893 -0.45256966 2.2723079 81.199997
1.2613875 -0.34002259 2.2703245 71.666664
1.3377542 -0.33943349 2.2701154 68
1.4539201 -0.35595125 2.2700682 72.800003
1.2517773 -0.2442615 2.2725863 70
1.3317146 -0.25849277 2.2673926 69.5
1.4467368 -0.25231639 2.268811 68.333336
1.243796 -0.14979587 2.2675018 74.666664
1.3279797 -0.15898848 2.2627642 68.333336
1.4449952 -0.15022114 2.2669749 70
1.2404989 -0.039526694 2.2675791 73.666664
1.3324286 -0.041774537 2.2657588 72
1.4425869 -0.05070873 2.2655709 66.5
1.2417524 0.051479809 2.2678189 77.5
1.3383241 0.053937919 2.2619076 70
1.4439741 0.04665998 2.263993 67.800003
1.2463889 0.14176524 2.2656131 72.666664
1.3492624 0.14975882 2.2574627 70
1.4572936 0.14428681 2.2615387 66.333336
1.2570583 0.2506507 2.2674174 71.666664
1.364666 0.24518201 2.2552772 64
1.46741 0.24299812 2.2575085 66.599998
1.5016992 0.2842733 2.2579284 73
-2.5964894 0.36730519 2.2242689 10
1.1449685 0.37614566 2.2569692 57
1.2704033 0.35928866 2.2634828 69
1.3863009 0.34108534 2.2578325 65.666664
1.4736122 0.35624135 2.2591662 69.666664
1.5180725 0.3544648 2.2555864 75.333336
-2.6119447 0.47370052 2.2200611 9
-2.5962079 0.42320651 2.2577972 9
1.1637489 0.46050176 2.2562757 69.5
1.284935 0.44961339 2.2585456 70
1.4470788 0.4507249 2.2549577 67.800003
1.5410777 0.47129086 2.2607355 77
-2.645555 0.56012034 2.2342758 9.5
1.1842008 0.54337895 2.2508388 67
1.2964911 0.50513148 2.2597957 67
1.3091798 0.5601933 2.2610164 68
1.4443085 0.55025578 2.2483852 68
1.5382079 0.54187649 2.2507114 68.333336
-3.1763885 0.68916583 2.2911718 52
-2.6799967 0.64848959 2.2454078 16
-0.32688928 0.65196192 2.243217 84.5
1.216154 0.64996171 2.2490544 65
1.3322204 0.65335625 2.2580726 66
1.4836565 0.65039104 2.2581041 82.666664
1.5510021 0.63433504 2.2478588 75
-3.2016716 0.7045173 2.286659 56
-3.1504757 0.77640301 2.2597842 101.5
-2.6887774 0.73116159 2.2317152 16.5
-0.32241422 0.75002152 2.2817652 120
-0.28230166 0.79014611 2.2804687 45.5
0.9199748 0.77043706 2.2876971 34
1.0360806 0.77193618 2.2682815 29
1.2512975 0.7570945 2.2447166 71.5
1.3632456 0.76433849 2.2506635 60.666668
1.5229661 0.74816787 2.2545562 85.5
-3.0927379 0.84823447 2.2291672 52
-2.6740601 0.85870063 2.2925615 14
-2.2944715 0.89760095 2.2634969 40
-0.31610981 0.86807692 2.2803257 62
-0.27183729 0.84490705 2.2753265 45
1.5444385 0.8041687 2.2423832 82
-2.1219761 0.9036845 2.2134974 32
-1.8062848 0.92564082 2.2583628 52
-1.6334546 0.93678546 2.2059314 50
-1.3749187 0.95308071 2.2601342 67
-0.98657316 0.96958232 2.2115138 73
-0.68081659 0.98346257 2.2243135 59
-0.44329631 0.99780864 2.2959015 76
-0.31185248 0.9211036 2.2616332 73
-0.27326617 0.94041985 2.260011 76.833336
-0.63197494 1.034467 2.2659123 49
-0.48508072 1.0487716 2.2313709 43
-0.24948545 1.0256476 2.221231 54
-0.18528947 1.009614 2.2217467 55
0.03209307 1.0825572 2.2617652 51
0.73423642 1.1117524 2.2911158 55
-0.52728307 -7.1934667 2.3116233 5
-1.3255361 -5.0916281 2.3818913 32
-1.0911257 -5.0952168 2.3493288 123
-0.83925587 -5.0183725 2.357501 21
-0.60879719 -5.0688648 2.3383877 145
-0.34675068 -5.0603127 2.3132527 131
-0.15728289 -5.0419817 2.3140314 138
0.10384265 -5.031991 2.351284 128
-0.4975692 -4.9978857 2.3497798 105
0.045749512 -4.9616222 2.3627801 107.5
1.5267986 -4.8226795 2.3585382 57
-0.77161473 -4.3395238 2.3010814 0
1.3391997 -4.2328358 2.3088732 15
0.58117676 -4.107295 2.3558605 11
1.7408701 -3.5029459 2.33109 60
1.0599065 -3.4464216 2.339859 10.333333
1.7371204 -3.4365351 2.3230965 49
1.6653935 -3.339324 2.3243542 55
-0.61642659 -3.2610397 2.357939 0
-0.52264184 -3.2880006 2.330029 30
-0.34194088 -3.2961402 2.3209863 15
-0.05600778 -3.2584207 2.3253131 21
0.99959213 -3.2644076 2.3128517 5
1.6642658 -3.2762103 2.3151522 50
-0.51646835 -3.1560066 2.3456373 10
-0.34121954 -3.1521289 2.3290985 12
-0.26295114 -3.1861293 2.3394845 2
-0.068016522 -3.1148903 2.3308799 6
0.96567124 -3.1425724 2.3410127 10
1.598453 -3.1650569 2.3207569 53.5
-0.54303741 -3.0422616 2.3933852 1
0.91989243 -3.0480635 2.3964362 48.5
1.5303442 -3.0443647 2.3132801 53
-0.75155151 -2.9637895 2.3966911 9
1.4718302 -2.9149716 2.3116066 55
1.5365001 -2.9873891 2.3063931 54
1.4816102 -2.8608918 2.3055809 50
1.4225022 -2.7629261 2.3046072 60
1.3750756 -2.6517153 2.3069553 55
1.2882519 -2.5120256 2.3505816 16
1.3293707 -2.5439487 2.3072619 38
1.2970917 -2.4145782 2.3040819 1
1.6942058 -2.2881095 2.3079836 32
1.6089845 -2.1265855 2.3178322 6
1.4332907 -1.6405586 2.3042707 7
-6.2965474 -1.3962147 2.3579421 109
1.2350047 -1.3036792 2.3008356 45
-6.3003449 -1.2490592 2.362689 108
1.2288269 -1.2807434 2.3568339 21
-6.3106647 -1.1042817 2.3682978 105
-2.4509649 -1.1431895 2.3981123 9
-1.8025051 -1.037035 2.3144295 4
1.2141944 -1.0005308 2.3317676 31
-1.2971404 -0.99156713 2.3119545 6
-0.91229457 -0.95907116 2.3003631 5
1.2163577 -0.97338766 2.3902674 22
-6.3304605 -0.8146795 2.3789592 113
-0.64178216 -0.87684083 2.3227623 3
-0.23281333 -0.89388806 2.304419 2
-6.3434777 -0.67106122 2.3840272 108
-6.355504 -0.52538884 2.3871436 110
-6.361382 -0.38036853 2.3885787 107
-6.3676376 -0.23837793 2.389194 105
-6.3832483 -0.092912316 2.3923237 108
-4.7034726 -0.067521222 2.3979614 33
-1.7447423 -0.052199703 2.3954403 72
-1.6764181 -0.030755544 2.3862193 68
-0.87140328 -0.0025106017 2.3865254 59
-6.3917241 0.053954691 2.39182 107
-3.8092399 0.024603296 2.3932483 51
-1.7330918 0.027369024 2.3715811 70
-1.661094 0.055193324 2.3669398 72.5
-1.3090072 0.051536344 2.3767948 81.5
-1.2369534 0.04498101 2.3805985 81
-0.94638568 0.029862853 2.3837981 75
-0.86578208 0.052581869 2.3679352 72
-0.65893054 0.049377047 2.384377 67
-0.57200867 0.039407298 2.3767638 73.5
-0.41845274 0.072487772 2.3747969 82.5
-0.36359924 0.048589155 2.3784153 67
-0.26974624 0.065129861 2.3837988 81.599998
-6.398479 0.19991559 2.3902047 114
-4.7058477 0.16293167 2.395119 24
-3.8150401 0.12351342 2.3959165 43
-1.7381178 0.13331568 2.3683267 74
-1.6604874 0.1708167 2.3689609 74.5
-1.3157728 0.15886953 2.3759315 83.5
-1.2300736 0.15818414 2.3691187 81
-0.94926232 0.13743067 2.3722773 77
-0.86110854 0.13568604 2.3603013 71
-0.65760845 0.14982122 2.3679631 70
-0.54598206 0.14451438 2.3710077 70.5
-0.42052948 0.15205832 2.3633351 91
-0.33609459 0.13961446 2.3671887 78.75
-0.27226445 0.15246774 2.3705969 88.5
-3.8061388 0.22237626 2.3899255 43
-1.7487096 0.24142794 2.3696008 55
-1.6620294 0.2578533 2.3703041 44
-1.3277552 0.26787731 2.3816376 70
-1.2334733 0.24468097 2.3793423 68
-0.95815665 0.24562369 2.3772962 67.5
-0.86069477 0.24824789 2.3668513 63
-0.66067678 0.25807461 2.3675981 69.400002
-0.54375839 0.2601752 2.3672488 72.166664
-0.42378899 0.23358309 2.3638222 89
-0.33179009 0.25043532 2.360575 79.25
-0.27475983 0.23962586 2.3709095 100.2
1.147711 0.26475519 2.3700664 18
-6.241096 0.33809531 2.3234611 103
-3.81938 0.32480907 2.3962164 49
-2.6006966 0.37080982 2.3108826 9
-1.7634541 0.3507804 2.3715115 47
-1.6673226 0.34679261 2.3738313 48.5
-1.3377033 0.35094079 2.3844543 58
-1.2344391 0.3317098 2.3787351 54
-0.96605349 0.35486796 2.3758798 47.5
-0.86043596 0.36130026 2.3693738 45
-0.66372931 0.35469657 2.3773804 55.799999
-0.54852396 0.36016819 2.3680093 52
-0.42766452 0.34469226 2.3723807 58.5
-0.31603196 0.35306296 2.3696997 53
-0.2853494 0.34603062 2.3651695 89.666664
1.144576 0.3216643 2.3071907 16
-6.2513261 0.48184958 2.321866 112
-2.6098318 0.48863024 2.3061035 7
-1.77724 0.43463418 2.3754652 65
-1.6724666 0.43673107 2.3753636 65
-1.3463006 0.43408173 2.3833745 58.5
-1.2352196 0.47676417 2.3721075 68
-0.97803551 0.46835893 2.3831511 82.5
-0.8597241 0.44784105 2.3664172 44
-0.67060053 0.4611519 2.3719797 50.75
-0.54290164 0.4438169 2.3685968 43.599998
-0.4317264 0.45727193 2.3759089 66.5
-0.33208209 0.45340246 2.387536 94.25
-0.28683859 0.44663295 2.3722358 92.5
-5.3396468 0.5065431 2.3855939 38
-4.6747179 0.51067948 2.3681235 42
-3.2781746 0.53871715 2.3443241 37
-3.1630828 0.53178906 2.3819709 39
-2.7155261 0.57197624 2.3982701 22
-0.86733633 0.51177442 2.3948634 128
-0.66886044 0.53596455 2.3683369 63.666668
-0.54576272 0.52558798 2.3687661 53.333332
-0.32192224 0.56131148 2.3782239 91.5
-0.28590798 0.54795808 2.3769634 69.333336
-6.2221551 0.62081158 2.3049057 66
-5.3280826 0.63864899 2.3849626 42
-4.6705699 0.62721753 2.3612711 55
-3.7677932 0.6238175 2.3655148 64
-3.3017032 0.63540268 2.3623378 72
-3.2385218 0.61107165 2.3388052 74
-3.1253393 0.6247279 2.3691266 56.666668
-3.0560312 0.66030431 2.3515706 56.5
-2.6701002 0.65016508 2.3385231 18.5
-2.3174105 0.69108391 2.3634937 73
-0.31784812 0.63909549 2.3729641 83
-0.28890005 0.6447764 2.3778667 45.333332
-4.6331654 0.73974317 2.3371236 46
-3.7763772 0.72801542 2.370399 65.5
-3.132993 0.73431367 2.3573828 77
-3.08196 0.75585657 2.3533988 63
-2.6709108 0.76924288 2.3128886 10.5
-2.3319242 0.75137085 2.3623004 76
-2.2021019 0.76527125 2.3561192 73
-2.1931908 0.70150137 2.3589141 74
-1.8313599 0.75398958 2.3692522 88
-1.6928394 0.74139059 2.3624589 83
-1.3875448 0.75208998 2.3760355 108
-1.2520256 0.75352263 2.3746216 84
-1.0089701 0.76398891 2.3857121 97
-0.85324812 0.76149988 2.3197775 140
-0.68953919 0.79775733 2.3756013 130
-0.55290496 0.75531155 2.3869936 90
-0.44167411 0.78161651 2.3796127 121
-0.30864605 0.73161203 2.361254 42
-0.28151131 0.74735028 2.3105915 42.5
-3.1293695 0.82022828 2.3549998 82.333336
-2.3598099 0.84496379 2.3649888 82
-2.2207687 0.86275947 2.3544772 62
-1.8488051 0.84409475 2.3648593 102
-1.7083836 0.84005094 2.3655982 87
-1.40911 0.8769598 2.3754098 106
-1.3978076 0.81355989 2.3762686 98
-1.2595462 0.84890342 2.3729479 97
-1.0167092 0.85365433 2.3762276 120
-0.85567647 0.85298651 2.3175538 119
-0.67503101 0.84161997 2.3544922 85.199997
-0.54404247 0.84071207 2.3588045 106.75
-0.44408333 0.84160793 2.3735766 131
-0.32019886 0.83507806 2.3532386 121
-0.19727215 0.85559356 2.3687458 129
-0.012412349 0.84594762 2.3973441 49
0.00058799091 0.88762373 2.352525 103
0.18859687 0.86514521 2.3704596 46
0.69778836 0.89286822 2.3690031 86
-1.8662108 0.90815938 2.3674483 78
-1.7047278 0.92714757 2.3362756 56
-1.416541 0.9365896 2.3678575 96
-1.2540281 0.93400526 2.3392787 82
-1.0247148 0.9437902 2.363709 97.5
-0.85929489 0.94845504 2.3167334 109
-0.70016557 0.98044908 2.3571351 92
-0.67862499 0.94549918 2.3487153 99.5
-0.54089135 0.94353312 2.3454902 97.166664
-0.44640005 0.93612397 2.3737247 133.5
-0.18971026 0.94861674 2.365901 135
0.0025622905 0.94584006 2.352638 97
0.20710404 0.94316137 2.3460095 59
0.70788628 0.96493959 2.3597245 97
-0.66163033 1.0056392 2.3366234 87
-0.53940463 1.0315591 2.3374271 88.5
-0.18498853 1.0076301 2.3562806 106
0.0065050558 1.0327291 2.3467512 102.5
0.61605787 1.0598477 2.3354666 73
0.72411978 1.0633544 2.3521926 99
0.62988776 1.1059363 2.3122361 59
-1.1000538 -5.0931616 2.4860654 129
-0.90732402 -5.0000134 2.4885788 5
-0.84564573 -5.0180364 2.4060175 30
-0.63146102 -5.0514746 2.4482405 93.5
-0.34937716 -5.0502872 2.4455292 110
-0.16685778 -5.0412679 2.4477131 125
0.099303186 -5.0141191 2.480118 65
-0.56526792 -4.9979544 2.4551778 106.5
0.00206033 -4.9593558 2.4729741 103
0.37591758 -3.1342783 2.4140525 41
-0.75600499 -2.969373 2.442143 11
-0.55894852 -2.9504838 2.4656172 21
0.35098428 -2.9834814 2.4081378 21
1.2300988 -1.2694238 2.4381812 18
1.2142384 -0.92095232 2.4580045 19
-4.7814717 -0.78005522 2.4501364 1
-4.8650789 -0.30985042 2.4896173 18
-3.9350982 -0.28248325 2.4816718 6
-3.2204561 -0.21123283 2.4900279 150
-4.7280493 -0.18529893 2.4137654 29
-3.8665376 -0.18056211 2.4405193 43
-3.459383 -0.19750415 2.4854474 53
-3.3605695 -0.11312082 2.429378 49
-3.2461672 -0.16965342 2.4815397 66
-1.7749695 -0.10708307 2.4468565 65
-3.8321204 -0.078571826 2.4166605 47.5
-3.3526106 -0.041776985 2.4094272 50.333332
-3.2098191 -0.062958367 2.4416895 91.666664
-3.1998217 -0.036839653 2.4891274 81
-1.7114124 -0.089637384 2.4384165 65
-1.3288872 -0.05539573 2.434032 71.5
-1.254065 -0.03988909 2.4157794 68
-0.96336955 -0.050845686 2.4558876 89
-0.89126271 -0.058779359 2.4540739 81
-0.71396196 -0.0052190009 2.4470713 64
-0.62954599 -0.029877912 2.4653606 109.5
-0.57006615 -0.022443186 2.4567487 73
-0.41853338 -0.0071215499 2.4232085 92
-0.36787981 -0.0044272766 2.4211972 95
-0.2644836 -0.022001885 2.4340372 77.5
-4.712873 0.048214845 2.4014201 27
-3.8250577 0.019433107 2.4186721 54
-3.3456748 0.07803309 2.4068277 58
-3.20491 0.063457631 2.4678466 97.666664
-0.68779296 0.0096717281 2.4378352 59
-0.55223966 0.053877492 2.4116149 68
-0.3306179 0.035715885 2.4436381 84.666664
-3.8225825 0.12106457 2.4168193 56
-3.348171 0.17117137 2.4087956 40.5
-3.2044804 0.17651199 2.4126108 130
1.1554323 0.16220023 2.4744921 19
-4.7449079 0.28288764 2.4122546 17
-3.8168042 0.22296835 2.4127214 50
-3.3404255 0.2625722 2.403358 42.5
-3.2076921 0.2334757 2.4567113 102
1.1502875 0.20408365 2.4271362 18
-3.8166161 0.32540935 2.41116 39
-3.3452282 0.35708657 2.4074059 40
-3.2149649 0.33932745 2.4591889 90.5
-0.34830263 0.3533048 2.4054046 129.5
-3.2328978 0.45240593 2.4381971 45
-1.803772 0.49720031 2.4023385 15
-1.2479929 0.42451259 2.4061482 125
-0.67677623 0.45685819 2.4309375 150
-3.9579711 0.54849231 2.4843509 25
-3.3962839 0.54864866 2.4596717 34
-3.1688471 0.59505194 2.4610283 28
-0.44112891 0.5702973 2.4823594 161
-0.33855575 0.56597108 2.4600039 161
-2.3634195 0.65150571 2.4315968 35
-2.2396624 0.65760463 2.4271705 28
-1.8579441 0.683348 2.4360242 46
-1.7121955 0.69092488 2.4049649 40
-0.61020935 0.6154477 2.4628031 161
-0.57168347 0.61774188 2.4616926 163
-1.403445 0.70908344 2.4297516 68
-0.88052207 0.70567858 2.4378743 150
-0.69090456 0.74558848 2.4034393 86
-0.44769961 0.75847143 2.4954493 50
-0.20348418 0.77557784 2.4018228 77
0.92943442 0.77564532 2.4498315 34
1.0544822 0.77814382 2.4127114 28
-0.60417497 0.80544442 2.442241 39
-0.56852132 0.80829561 2.443125 41
0.69406092 0.88801479 2.4908016 38
-0.91945761 -5.0218248 2.548059 15
-0.63434386 -4.9961982 2.5595279 98
-0.032325961 -4.9667869 2.5257041 101
-0.81496781 -2.9626327 2.5328965 19
-0.62293887 -2.9497535 2.5512421 57
-0.21529144 -2.9241722 2.5684371 22
1.2945294 -2.5963109 2.5207963 5
1.2295463 -1.2430704 2.5503867 19.5
-2.5321939 -1.1461391 2.5342326 66
-2.4926879 -1.0571109 2.5256565 41.333332
-2.5032532 -0.96268797 2.5536394 65
-2.4965355 -0.94898146 2.5760484 73
1.2093756 -0.84003705 2.5306921 23.5
1.2065349 -0.77646428 2.5821121 25
-3.460923 -0.21124147 2.5075872 46
-3.2070494 -0.20073898 2.5040407 113
-3.194483 -0.1400758 2.5022008 71
-1.2934475 -0.10063916 2.5047381 150
-0.9862197 -0.10698991 2.5430136 161
-3.2023613 -0.019430086 2.5196762 84
-3.1989777 -0.080126517 2.5119071 91
-0.42202139 -0.062252525 2.5170746 152
-0.37232277 -0.042492941 2.5539989 157
-3.2218862 0.042891461 2.5391035 79
1.1645708 0.049395639 2.5679469 18.5
-3.2400951 0.13882965 2.5464523 73
1.1589603 0.11827575 2.5111599 17
-3.2553883 0.26376292 2.5566337 74
-0.23956794 0.26946667 2.5080369 153
-3.2799938 0.36208987 2.5835099 67
-0.23533225 0.33348811 2.5495687 159
-3.955945 0.55187571 2.5010884 27
-3.3343041 0.58411634 2.5625005 30
-1.8158349 0.6775226 2.5857079 34
-0.91606396 0.68527085 2.5863705 57
-1.3151548 0.70892394 2.5418231 39
-1.0522331 0.7253527 2.5554945 54
-0.7553978 0.77882957 2.5513499 44.666668
-0.57665408 0.75320542 2.580667 55
-0.20227307 0.77060348 2.5836143 52
1.0712862 0.77525121 2.5496156 31
-0.059507631 0.84176093 2.5618346 40
0.14008716 0.84311831 2.5585749 29
-1.3771458 -5.0993209 2.6534083 69
0.094458684 -5.0150466 2.6202192 113
-0.63321328 -4.999742 2.6301575 108
1.3866383 -4.8487167 2.6713314 90
-0.6470052 -3.0105627 2.6029804 1
-0.87718576 -2.9567976 2.6486487 22.5
-0.64654279 -2.946445 2.6384723 62
-0.27909926 -2.9538841 2.6548574 28.5
-6.2870235 -1.41857 2.6955469 107
1.2278274 -1.2107631 2.6621523 22
1.2039638 -0.73143464 2.6098449 24
-2.5126705 -0.62713438 2.6778512 61.5
1.1981256 -0.65694499 2.63292 20.5
-2.5146646 -0.54444098 2.6829972 64.5
1.1935958 -0.55840302 2.6677709 17.5
1.1883628 -0.45739239 2.6874242 18
1.181242 -0.35244435 2.6825166 18
1.1790476 -0.24940994 2.6848528 16.5
1.1737826 -0.14646369 2.6581953 17.5
1.1691374 -0.046023361 2.6207857 17
-5.9310875 0.41705695 2.6567686 27
-3.4084494 0.5791198 2.6677871 28
-2.5439117 0.55673206 2.673794 146.5
-2.5085063 0.63853061 2.6113629 42
-2.3880651 0.64222807 2.6150253 28
-1.9598588 0.67041922 2.6066377 41
-1.476236 0.69828975 2.6018622 53
-0.8249532 0.75513959 2.6276119 59.5
-0.70653605 0.79892057 2.6393776 42
-0.45892781 0.75221199 2.6791446 57
0.93780696 0.77584672 2.6191604 32
-0.67177498 0.80506551 2.6498423 38
0.69151926 0.88224477 2.6219676 42
-0.65340006 -5.0657687 2.733882 126
-0.35576689 -5.0491481 2.730119 118
-0.70508426 -4.9990196 2.77653 101
-0.12646261 -4.9671378 2.7582054 95
-0.66103715 -3.0032134 2.7111981 37
-0.74399996 -2.9374821 2.7877071 77
-0.66681135 -2.941201 2.7250209 78
-0.32174253 -2.9920015 2.7615633 34
-0.26743594 -2.9241707 2.721319 16
-0.089868657 -2.9696152 2.7802362 47
-6.3006654 -1.2654653 2.7166808 108
1.2248056 -1.18266 2.7274401 21
-6.3272004 -0.80013663 2.7691879 107
-6.335309 -0.64502597 2.7841902 104
-2.5169892 -0.55722409 2.7114394 59
-2.5224245 -0.45814776 2.7295609 59
-2.5282705 -0.36414814 2.7363796 59.333332
-2.533102 -0.26079217 2.7508125 65
-2.5363121 -0.15305761 2.7379708 66
-2.5423412 -0.062163655 2.7451205 61.5
-2.5501132 0.062198833 2.7496629 60.5
-2.5555656 0.15560341 2.7488363 61
-6.224278 0.28475013 2.787082 102
-2.5602772 0.24954224 2.7450647 67
-2.5624609 0.3436096 2.7354958 69
-5.3020782 0.45284972 2.7058463 22
-2.571094 0.43881398 2.7298698 70
-3.5824058 0.56551296 2.7743616 22
-2.5193372 0.61334848 2.7842965 66
-1.9368848 0.66271096 2.7940528 35
-1.3992712 0.69846117 2.7513697 34
-1.1015694 0.71340007 2.7378631 53
-0.74712914 0.73057371 2.7749405 63
-0.59902191 0.74111283 2.7714479 53
-0.20022351 0.75963187 2.7674861 59
1.0916952 0.77558333 2.7092264 31
-0.11061474 0.83639395 2.742089 43
0.099379562 0.83309829 2.7216444 32
0.68836182 0.87664723 2.7728608 39
-1.0706887 -5.0196099 2.8406839 15
-0.74344856 -5.0353651 2.8524156 102.5
-0.35865706 -5.0511227 2.8774278 108
-0.15351415 -4.9612761 2.80478 93
-0.87649089 -3.0233109 2.8205845 2
-0.67737448 -3.0040286 2.8302338 76
-0.52351445 -3.0037458 2.801753 20
-0.72954488 -2.9379458 2.8514585 83
-0.32145885 -2.949471 2.8493242 69.75
0.23291774 -2.8808663 2.8276451 31
1.2242839 -1.1417928 2.8393626 22
-6.3481135 -0.49091873 2.8011608 107
-6.3575988 -0.33480859 2.8158946 108
-2.5384884 -0.22522904 2.8068783 58
-6.3676372 -0.17969859 2.8297994 108
-2.5418279 -0.1562193 2.8186209 54
-0.70663291 -0.11118623 2.8041537 151
-0.63913888 -0.115471 2.8632812 150
-6.3726959 -0.023584729 2.840349 107
-2.5489969 -0.05277092 2.8380544 58
-2.5558813 0.052675806 2.853497 55
-6.3921337 0.13451932 2.8581889 110
-2.5608218 0.15917118 2.8635874 59.5
-2.5652707 0.26666492 2.8676975 63
-2.5665703 0.33870429 2.8665669 67
-2.5699809 0.44721311 2.8642421 70.5
-0.22288176 0.44257158 2.8638494 150
-4.5417109 0.51856399 2.8846092 28.5
-3.9077253 0.54291242 2.8265355 32
-2.5764935 0.55662191 2.8626511 71
-2.0780194 0.65554142 2.8029077 39
-1.5640501 0.68805271 2.8059042 43
-0.7591846 0.68786329 2.8711393 150
-0.93173474 0.74525875 2.835284 150
-0.80983591 0.78229678 2.8379445 58
-0.77610123 0.79174811 2.8579845 52
-0.47028714 0.74099219 2.8808784 56
0.94975209 0.77911031 2.8210444 34
1.1114438 0.76887196 2.8661993 33
-1.4271992 -5.0895338 2.928112 79
-1.129787 -5.0890112 2.9191067 118
-0.77931249 -5.0074549 2.9292774 98
-0.62626338 -5.0616307 2.904995 123
-0.85590881 -4.9932232 2.9993474 69
-0.71398377 -4.9778943 2.9435866 93
-1.399963 -4.8488593 2.9311259 63
-0.61826795 -4.8665237 2.9428523 80
-0.35814661 -4.8871026 2.9327033 88
-0.21005711 -4.8924956 2.9323359 87
-0.70955068 -4.7247577 2.9387095 69
0.065034628 -4.7956643 2.9287241 86
-1.3803391 -4.6447854 2.9484351 29
-0.60573602 -4.609405 2.9339349 86
-0.35772651 -4.6330943 2.9277532 85
-0.22352746 -4.6467547 2.9310253 78
0.043210514 -4.5526443 2.923815 75
-1.3615725 -4.4538188 2.9636271 9
-1.0500301 -4.4177599 2.954113 73
-0.7033487 -4.4605198 2.9149468 51
-0.3565551 -4.4050832 2.9268806 80
-0.23615736 -4.4230208 2.9297113 61
-0.7057116 -4.30407 2.9493411 14
-0.59433293 -4.3762946 2.9289315 65
0.023950046 -4.3314705 2.9230514 61
-0.24754196 -4.2172346 2.9314523 22
-0.88707477 -3.0153034 2.9411201 78
-0.81222314 -2.9394326 2.9203007 61
-0.79242069 -2.9316874 2.9801207 92
-0.6931597 -2.9947836 2.9453321 147
-0.526941 -2.9966955 2.9209037 70
-0.34935319 -2.9154639 2.9458146 93.25
-0.091518573 -2.9733095 2.9095519 100
-0.8753944 -2.8982654 2.9582038 93
-0.69450104 -2.8794618 2.9596131 127
-0.52290636 -2.8966293 2.9563982 94
-0.3226321 -2.8154297 2.9519165 146
-0.099810801 -2.8865364 2.9533482 125
0.17881143 -2.8862104 2.9270797 33
-0.86121696 -2.7680447 2.9584274 127
-0.69333118 -2.7519693 2.9570832 134
-0.5177635 -2.7645764 2.9528468 128
-0.34095931 -2.7779582 2.9505315 128
-0.11085498 -2.7420013 2.9349103 100
-0.84631485 -2.6338251 2.9496799 110
-0.69272029 -2.624541 2.949486 115
-0.51110125 -2.6325147 2.9434044 110
-0.33370799 -2.6662297 2.9437592 118.5
-0.11951988 -2.6242807 2.9396524 101
0.68008232 -2.617696 2.9992661 44
-0.83516854 -2.5186453 2.9526527 113
-0.69159514 -2.5090902 2.9469161 110
-0.50526601 -2.5144539 2.9449301 122
-0.33651349 -2.5456264 2.9407797 118.5
-0.12857813 -2.5096192 2.9403348 116
0.095319889 -2.5966516 2.9799857 117
0.64066094 -2.579179 2.9994643 37
-0.3381812 -2.4346459 2.9443469 127.5
0.080831006 -2.4623291 2.9609122 96
0.63462162 -2.4811094 2.9930739 72.5
1.2515609 -2.4663594 2.9917383 1
-0.82088518 -2.3924391 2.940841 121
-0.69129515 -2.3947117 2.9432673 131
-0.49964517 -2.3964007 2.9374034 135
-0.34023988 -2.3211961 2.9398532 120
-0.13746241 -2.3959503 2.9400237 122
0.064673968 -2.3520732 2.9625766 92
0.58746809 -2.3606682 2.9958513 87
0.63091791 -2.3828914 2.9866769 87
1.129487 -2.3294146 2.9830737 14
1.2185501 -2.367655 2.9965971 25
-0.8122915 -2.2922869 2.9526265 125
-0.69156861 -2.2933924 2.9465566 118
-0.46238589 -2.2486813 2.9705653 84
-0.35270411 -2.2435119 2.9503827 110
-0.14491394 -2.2901764 2.9428139 143
0.037255347 -2.2584853 2.9802117 93
0.5633567 -2.2537975 2.9901888 99
0.6093958 -2.2749758 2.9845505 89
1.097519 -2.2378004 2.9875698 46
1.1846648 -2.2619698 2.9889462 46
-0.80143034 -2.1841214 2.9485486 121
-0.692949 -2.1961541 2.9547563 118
-0.49047929 -2.1892977 2.9492681 110
-0.34388095 -2.1692061 2.9459114 112.5
-0.15201592 -2.1893873 2.9466176 112
0.023222601 -2.159394 2.989079 100.5
0.56469941 -2.1614618 2.9850278 95.5
1.0665581 -2.1431561 2.9848688 85
1.154114 -2.1632488 2.9861288 75
-0.79206824 -2.0829694 2.9513671 110
-0.69261402 -2.0948138 2.9510713 120
-0.48516053 -2.0852449 2.9467323 125
-0.34547156 -2.0667391 2.9434395 121.5
-0.15969524 -2.0836651 2.9403551 124
0.01422072 -2.062402 2.9923561 52
0.54439092 -2.0659966 2.987134 90
1.038902 -2.0568743 2.9898894 95
1.1263198 -2.0685005 2.9845805 87
-0.77547103 -1.9547647 2.9126554 150
-0.69298846 -1.9508753 2.9514661 124.5
-0.48080909 -1.9842008 2.9441125 122
-0.34697148 -1.9677687 2.9414713 121.5
-0.16627237 -1.9898534 2.945179 125
0.49892196 -1.9607886 2.9807239 94
0.55258512 -1.9741973 2.9806478 83
1.1009438 -1.9797255 2.9874425 86
-0.76867723 -1.86764 2.9242857 150
-0.69388044 -1.8129966 2.9517977 127
-0.47558874 -1.8881488 2.9435749 120
-0.33967304 -1.8511435 2.9420936 126.33334
-0.17551599 -1.8478951 2.9428294 124
0.47890231 -1.8746957 2.9875724 100
1.0687916 -1.8624376 2.9434557 150
-1.0295944 -1.716287 2.9786692 12
-0.76128352 -1.7469802 2.9525299 124
-0.69485432 -1.7257849 2.9529757 99
-0.46969315 -1.752584 2.9486217 125
-0.34794223 -1.7383351 2.9437058 124
-0.18423447 -1.7096269 2.9386189 118
0.45245892 -1.743907 2.9841022 53.5
0.52171761 -1.7863165 2.9765129 115
1.0400131 -1.7551587 2.9734654 150
-1.0237392 -1.6125813 2.9725304 60
-0.99828023 -1.6761234 2.9721012 17
-0.84362537 -1.6879466 2.9736056 16
-0.74965781 -1.6132939 2.9530358 120
-0.69585693 -1.6425725 2.958154 123
-0.47596812 -1.6100464 2.9645073 78
-0.3488906 -1.6503509 2.9447839 118
-0.18988675 -1.6247755 2.9414835 130
0.49465615 -1.6134189 2.9785407 37
0.50751722 -1.6983705 2.9777684 67
0.91265953 -1.6394042 2.9843392 86
1.0070016 -1.6229553 2.9574876 150
-1.0204387 -1.5150722 2.970525 76
-0.99551469 -1.5776845 2.9719172 76
-0.84658176 -1.5928814 2.977591 88
-0.76623791 -1.5381492 2.9609666 95
-0.69515169 -1.5562588 2.9524474 121
-0.47073379 -1.5119256 2.9652462 91.666664
-0.36241755 -1.5451499 2.9475222 130.66667
-0.19519943 -1.5399085 2.9403622 130
0.89180219 -1.5613146 2.9805417 101
0.99072111 -1.5530782 2.9744308 147
-1.0162994 -1.4175057 2.9667063 75
-0.99540287 -1.4844357 2.9758601 91
-0.84535766 -1.4493711 2.9724422 94
-0.76493323 -1.4521117 2.9674091 105
-0.69671977 -1.4741099 2.9535587 128
-0.4724001 -1.4232887 2.9630382 106.66666
-0.35208732 -1.439837 2.9449401 141
-0.20083588 -1.4600573 2.9482257 150
-0.044245422 -1.4458463 2.971808 37
0.87253106 -1.4861413 2.9807408 98
-1.0140246 -1.3240844 2.9652009 77
-0.9929083 -1.389029 2.9743583 88
-0.84545869 -1.309768 2.9699821 88
-0.76065338 -1.3619366 2.9603949 122
-0.69820708 -1.3929579 2.9546731 131
-0.50059247 -1.324175 2.9701383 98
-0.46048748 -1.3449309 2.9596813 111.5
-0.35251755 -1.3578373 2.9440413 127.5
-0.20563588 -1.3761671 2.9421251 123
-0.07071992 -1.3381445 2.980716 139
0.84211755 -1.3565586 2.9376144 88.5
-5.7578344 -1.236885 2.9761884 67
-4.6471009 -1.2129315 2.9701939 73
-4.0770159 -1.2135235 2.941288 55
-2.2165864 -1.2488717 2.9561937 96
-2.1877425 -1.2996763 2.9539165 140
-1.6142746 -1.2398955 2.9541235 148
-1.5888157 -1.2007525 2.9643588 139
-0.47535896 -1.2411534 2.9764409 150
-0.21018052 -1.2922652 2.9330349 150
-0.076630823 -1.2543722 2.9733026 126
0.81181437 -1.2297776 2.9618278 90.5
-4.6802521 -1.1118571 2.9916198 83
-4.0681162 -1.1533911 2.9626622 72.800003
-3.9004521 -1.113867 2.9842494 84
-3.5602255 -1.1698034 2.94191 68
-2.1564481 -1.1453174 2.9419491 145
-1.5792822 -1.1229159 2.9543374 150
-1.0853846 -1.1418518 2.9121318 150
-0.98546582 -1.1158538 2.9672422 101
-0.84486526 -1.1322038 2.966213 65
-0.73588067 -1.1515135 2.9531715 135.66667
-0.42207682 -1.114833 2.9367197 150
-0.30236065 -1.1357958 2.9370134 141
0.79051632 -1.1336375 2.9747446 106
0.91513485 -1.1727142 2.9605188 150
-5.7671947 -1.0910654 2.9806376 70
-4.6500959 -1.0857623 2.9707932 84
-4.0411901 -1.0535538 2.9669323 68
-3.5324149 -1.0923533 2.9444504 73
-2.1600389 -1.0785247 2.9489079 116
-1.5826887 -1.0657921 2.9605265 107.5
-1.0934561 -1.0343159 2.9564388 129
-0.9828133 -1.0294631 2.9644446 27
-0.70313454 -1.0249101 2.9471977 126.5
-0.51170313 -1.0662597 2.9630759 105
-0.4424881 -1.0514114 2.9484549 150
-0.097637407 -1.018225 2.9646382 150
0.77692819 -1.0662071 2.973037 101
1.2175944 -1.0701215 2.9627349 62.5
-4.6704702 -0.97075576 2.9837461 84
-2.131315 -0.96098125 2.9359443 103.5
-1.5687594 -0.95186138 2.9568272 113
-1.0616823 -0.9480083 2.9607189 98.666664
-0.98303133 -0.94527042 2.9657633 80
-0.84873539 -0.96400005 2.96889 90
-0.74947351 -0.93761635 2.9617157 104.5
-0.69939023 -0.96648067 2.9523814 115
-0.51575631 -0.94270259 2.9572966 118.5
-0.44050542 -0.94014883 2.9534214 117.75
-0.2627697 -0.95366931 2.944679 122
0.76300365 -0.98886299 2.9426658 150
0.88033164 -0.93297541 2.9661746 93.5
1.1915791 -0.95515954 2.9812863 110.5
-4.6614394 -0.84163404 2.9771802 82.5
-2.1249752 -0.85529625 2.9546437 105.5
-1.558687 -0.84208274 2.9593124 111.5
-1.0571212 -0.86999613 2.9583178 107.33334
-0.98233598 -0.86202067 2.9652729 82
-0.84821981 -0.88071561 2.9674795 89
-0.75008178 -0.85946655 2.9597242 106
-0.69144499 -0.85534996 2.9530718 129
-0.52343547 -0.82543194 2.9628475 94
-0.45224237 -0.8630197 2.956181 109
-0.26302665 -0.8446815 2.945384 136.5
-0.11095309 -0.87174326 2.967397 129
0.73890132 -0.85491502 2.9185939 79
0.86811262 -0.83206493 2.9641771 101
1.1647547 -0.83579421 2.9763546 100.5
-5.7591662 -0.79681683 2.9739017 69
-4.6627398 -0.7172246 2.977201 86
-4.0736003 -0.702411 2.98313 89
-3.8859663 -0.74462855 2.9448247 64
-3.4368684 -0.73338002 2.9504421 79
-3.3924308 -0.70324004 2.9489765 70
-2.1138523 -0.76300001 2.9536381 100.33334
-1.5514019 -0.7680071 2.9568887 114
-1.0777643 -0.75310957 2.9551873 112
-0.70911217 -0.7614333 2.9551034 126.5
-0.68462247 -0.74723291 2.955673 128
-0.12032945 -0.76360548 2.9677811 128
-0.048083074 -0.75497502 2.9516816 90
0.72384512 -0.76499254 2.928241 64
0.858495 -0.73462594 2.9661357 102.5
1.1478692 -0.74891037 2.9782488 101
-5.7699208 -0.65508813 2.9794812 68
-4.0972624 -0.6850611 2.9796946 80
-3.9054685 -0.66067469 2.9817405 97
-3.8569329 -0.6706413 2.9409671 67
-3.4183965 -0.66321874 2.9482005 74
-3.3713944 -0.62630248 2.9498415 78
-2.0870278 -0.65373075 2.9424331 101.33334
-1.5432254 -0.66032493 2.9566951 126.25
-1.0737901 -0.64689684 2.9584167 116
-0.71216863 -0.65781516 2.959661 117
-0.67764449 -0.63897932 2.9532731 117.5
0.71119672 -0.68288839 2.9642522 95
0.85098124 -0.63716966 2.9635601 97
1.1314552 -0.6625309 2.9720793 100.5
-5.7769365 -0.51114112 2.9800472 71
-4.6654892 -0.59151709 2.97877 84.5
-4.1049123 -0.57123137 2.9836874 85
-4.0799756 -0.58847344 2.986825 88
-3.9075937 -0.549447 2.9818208 97
-3.825964 -0.56197596 2.9423463 64.75
-3.4019458 -0.59416729 2.94678 79
-3.3709443 -0.53852129 2.9487615 79.5
-2.1023719 -0.52218133 2.9550159 111
-2.0735297 -0.56256938 2.9317756 88
-1.5348039 -0.55366486 2.9545121 106
-1.0792674 -0.55900246 2.9588251 115.66666
-0.97863978 -0.5369857 2.9602001 90
-0.71591568 -0.55476463 2.9611452 117.5
-0.67173421 -0.53387803 2.9557965 112
-0.41985813 -0.54319775 2.9434199 150
-0.27906668 -0.55768359 2.9340982 146
0.84470433 -0.54269874 2.9643078 100
1.1143208 -0.55113691 2.9709744 107
-4.66255 -0.46586412 2.9753065 86.5
-4.1042156 -0.45782319 2.9820924 87
-4.0798225 -0.47302449 2.986032 85
-3.9099841 -0.43823454 2.9832897 94
-3.8198392 -0.45810172 2.9473903 68
-3.7865853 -0.45128047 2.9456301 64
-3.3448379 -0.44583645 2.9504964 81.666664
-2.1020532 -0.45497 2.9591918 115
-2.0586305 -0.46981755 2.9535396 98
-1.5302784 -0.44931841 2.9575143 105.75
-1.0372903 -0.44976133 2.9583702 106.2
-0.98152345 -0.45798358 2.9656463 100
-0.8496294 -0.44105232 2.9577155 87.5
-0.7587499 -0.45652133 2.9626856 115
-0.66900337 -0.46482366 2.9600508 128
-0.51945883 -0.45128447 2.9573343 106
-0.41929916 -0.44165698 2.9474082 141.5
-0.26304314 -0.46112213 2.9459116 137.75
-0.14133039 -0.44780147 2.9665558 87
0.84065747 -0.44820544 2.9649918 91
1.0970047 -0.41471925 2.9702222 97
1.1028367 -0.46854126 2.9675965 99
-4.6714044 -0.34590948 2.9870777 107
-4.1010346 -0.34424245 2.9788206 81
-4.0746317 -0.35818654 2.9818802 88
-3.9079709 -0.32670143 2.9805713 95
-3.7760386 -0.34771657 2.9435356 68
-3.3476436 -0.34745428 2.9513385 86.333336
-2.0716555 -0.35768247 2.9549408 96.75
-1.5562335 -0.35971323 2.9588807 107
-1.4944046 -0.33042577 2.9531801 108
-1.1011215 -0.32237366 2.9660614 109
-1.0459577 -0.35405719 2.9613886 107.66666
-0.97842526 -0.34090006 2.9579353 83
-0.82724535 -0.3549377 2.9641435 90.5
-0.74747449 -0.33607972 2.9571235 119.33334
-0.66147816 -0.35871589 2.9496655 147
-0.51795757 -0.35737196 2.9578209 105.66666
-0.41899356 -0.34011978 2.9543858 150
-0.26321608 -0.36010927 2.9503675 143.5
-0.14512421 -0.34436327 2.9589713 107
-0.041638151 -0.35997218 2.935385 97.5
0.67342377 -0.3572607 2.9701796 68
0.83887064 -0.35668945 2.9656143 103
1.0878705 -0.33351767 2.9690239 98.5
-3.3576169 -0.25419462 2.9513264 93
-3.2914646 -0.25562057 2.9509447 84
-2.1021695 -0.2564415 2.9635844 113
-2.0358932 -0.25099215 2.9564381 98
-1.557055 -0.2599951 2.9590304 109.5
-1.4891788 -0.25925812 2.9546161 98
-1.1032721 -0.25432226 2.9680548 116
-1.0195047 -0.24386449 2.9557769 103.33334
-0.9777748 -0.22497772 2.9556663 80
-0.8269726 -0.24215992 2.9588017 97
-0.72461843 -0.24948069 2.9517519 139
-0.65559387 -0.25562149 2.9471686 126
-0.53234178 -0.25260839 2.9568503 102.66666
-0.44086322 -0.23626401 2.9575074 142
-0.396175 -0.24187738 2.9552126 138.5
-0.26183257 -0.25802481 2.9539542 149.25
-0.1524331 -0.2440912 2.9640183 111
-0.0440735 -0.25897458 2.9591687 94
0.66430879 -0.24055248 2.9665885 59
0.83809149 -0.23375161 2.9596939 97.5
1.0794387 -0.22675176 2.9685998 103.5
-3.3531528 -0.15371367 2.9524033 89
-3.2793145 -0.14597188 2.9530482 86
-2.095566 -0.18988054 2.9542625 142
-1.9994878 -0.17643593 2.9063525 150
-1.5574319 -0.16026551 2.9541993 150
-1.486091 -0.18913664 2.9578753 101
-1.1061816 -0.1883356 2.9689724 110
-1.0074692 -0.15290049 2.9352403 120
-0.9793039 -0.14790109 2.9561658 84
-0.82765865 -0.16652229 2.9574924 97.5
-0.72813946 -0.18252559 2.9546542 137
-0.65383595 -0.18758054 2.951339 124
-0.52449828 -0.14099592 2.9566572 107
-0.4452635 -0.13574202 2.9644854 137
-0.39150971 -0.14032735 2.9611533 134
-0.2613475 -0.15748683 2.9574594 150
-0.15464133 -0.14357948 2.9559827 113.5
-0.039882168 -0.15547328 2.9572611 100.5
0.65887916 -0.1556948 2.9679518 66
0.84016305 -0.14328858 2.9637954 94
1.0746663 -0.1473593 2.9688585 104
-3.3475115 -0.053175181 2.9515777 95
-3.2602777 -0.037090126 2.9457147 84
-1.0041072 -0.090630472 2.9548969 92
-0.97521991 -0.07145489 2.9471223 132
-0.82768631 -0.090835616 2.9559402 97
-0.54969138 -0.074120305 2.9563596 107
-0.26028001 -0.089037307 2.9391246 150
-0.15801352 -0.043110628 2.9551337 119
-0.035634644 -0.052971724 2.9575882 102
0.65453637 -0.070283771 2.9692843 61
0.84282959 -0.053228401 2.9631758 98
1.0712607 -0.068909973 2.9686365 103.5
-3.3459239 0.048643451 2.9503918 106.5
-3.2671509 0.036797564 2.9571831 86
-0.16230713 0.055313043 2.9576724 112
-0.030517019 0.047530361 2.9572201 100
0.65070987 0.044183925 2.9675775 63
0.85033917 0.06539207 2.962163 93.5
1.0689754 0.035119612 2.9682832 102
-3.3496256 0.15118368 2.9517465 89
-3.2573884 0.14683045 2.9520493 122.5
-0.16375268 0.15487465 2.9516337 118
-0.023592005 0.14903331 2.9576969 91
0.64901805 0.15625396 2.9662719 61
0.85758615 0.15499637 2.9576097 94
1.0698133 0.13878238 2.9671769 104
-3.3441091 0.25318289 2.9403701 117.5
-3.2471852 0.25686413 2.9419339 150
-0.16675816 0.25387266 2.9536891 115
-0.016492972 0.25153673 2.9566026 96.5
0.6494441 0.2694222 2.9626694 64.5
0.86665082 0.24362034 2.9539001 95.5
1.0719932 0.24200204 2.9655895 102
-3.372503 0.35943806 2.9570942 83
-3.2655361 0.33214733 2.9574075 150
-0.1694026 0.35389036 2.9548354 114
-0.0088537429 0.35304072 2.9590719 102
0.65174365 0.35465023 2.9615922 70
0.88159215 0.3633211 2.9558053 97.5
1.0777931 0.34627086 2.9645443 101.5
-3.7345104 0.49350157 2.9551988 70
-3.3736212 0.42851439 2.9500873 26
-3.2584503 0.40650362 2.9470081 150
-0.16984828 0.45352757 2.953691 104
-0.0010286658 0.42104462 2.9516954 102
0.0055877627 0.48804834 2.9492733 105
0.65432668 0.43683082 2.940165 68.5
0.89465755 0.45248723 2.951757 100
1.0858598 0.45013607 2.9634404 93
-4.0015392 0.54489601 2.9271705 54
-3.7884133 0.52984047 2.9517829 86
-3.6979544 0.56112218 2.9173295 38
-0.21275595 0.56211668 2.957094 139.5
-0.17078266 0.55515063 2.9556799 106
0.012745654 0.55705261 2.9504147 101
0.65980536 0.54618907 2.9178805 68.5
0.90949881 0.54267883 2.9557095 97.5
1.0962765 0.5552175 2.9629674 100
-2.0102866 0.61899108 2.9252279 150
-1.6061463 0.6464861 2.915534 150
-1.4820797 0.67802125 2.9600275 110
-1.1607491 0.6998505 2.9534965 98
-0.20656461 0.66063237 2.9235148 150
-0.16947533 0.65637136 2.9482195 102
0.024080878 0.66005987 2.9496498 93
0.66582173 0.63971895 2.9551456 97
0.93249273 0.66347349 2.950963 97
1.1088593 0.6603874 2.9601998 93.5
-1.0011244 0.75072885 2.919008 150
-0.99808139 0.70333552 2.9165416 82
-0.62014157 0.71500987 2.9382465 101
-0.20026189 0.73665398 2.9411366 124
-0.16593906 0.75671273 2.9384701 107
0.039876737 0.76106936 2.9322093 87
0.6721428 0.72411644 2.9443483 95
0.95156413 0.75521237 2.9552402 97
1.1172138 0.73630118 2.9444642 62
-0.16029063 0.82007939 2.918335 90
0.050223529 0.82607603 2.9193938 63
0.68362862 0.8479116 2.9654663 80.5
-0.83559543 -4.942657 3.0471599 59
-0.88145727 -4.8152165 3.0490127 16
-0.26874131 -4.8823624 3.0564828 79
0.46669063 -4.8727884 3.0549808 87
-0.27789736 -4.7008929 3.0446684 56
-0.83083457 -4.6797915 3.0411386 30
-0.28472504 -4.6258969 3.0488522 75
0.42185283 -4.6249771 3.0486515 80
-0.88383454 -4.5796647 3.0534749 1
0.48041838 -4.5478406 3.043205 78
-0.29835108 -4.4678049 3.0433927 19
-0.29509199 -4.365129 3.026294 68
0.38426298 -4.3468122 3.0088878 113
0.43717194 -4.3177733 3.0350654 72
-0.31313264 -4.1698456 3.0360324 17
0.37093669 -4.143116 3.0314336 54
-0.8096202 -2.8274915 3.0157959 56
-0.41604167 -2.863235 3.0177851 104
-0.39934748 -2.8322108 3.0208101 106
0.14336967 -2.8403158 3.0114517 71
-0.42425013 -2.7244678 3.0122554 98
0.10891551 -2.7430186 3.0071919 77
0.70703119 -2.7395902 3.0016937 10
-0.80862588 -2.6891437 3.0123374 11
-0.40420997 -2.6932836 3.0121586 99
-0.42275214 -2.5786536 3.0094638 97
-0.43031406 -2.4549003 3.0069594 95.5
-0.43685275 -2.3355951 3.0042317 62
