# .PCD v0.7 - Point Cloud Data file format
VERSION 0.7
FIELDS x y z intensity
SIZE 4 4 4 4
TYPE F F F F
COUNT 1 1 1 1
WIDTH 5721
HEIGHT 1
VIEWPOINT 0 0 0 1 0 0 0
POINTS 5721
DATA ascii
-0.075746275 -6.8252478 -0.80920458 19
-0.42093551 -6.8888278 -0.77609062 20
0.069120854 -6.5801682 -0.77803522 12
-0.05092483 -6.387434 -0.76780719 4
-0.12142795 -5.2017245 -0.71177351 5
-0.0028404235 -5.2034655 -0.71216786 8
-0.061469071 -6.9071136 -0.67272979 132.5
0.05108102 -6.9200649 -0.64244276 98.25
0.1702971 -6.9346561 -0.60587651 59
0.76334649 -6.9802866 -0.60859466 69.5
-0.55158621 -6.8683987 -0.6041798 26
0.85600418 -6.8654532 -0.68823379 4
-0.7862975 -6.7729449 -0.6054852 5
0.15194036 -6.3659296 -0.67577314 4
0.17671661 -5.6547441 -0.60172528 0
0.17581792 -5.3547826 -0.6179871 5
0.18902586 -5.2122731 -0.63978219 4
-0.10184824 -5.036119 -0.69778883 9
0.20806131 -4.4857097 -0.61033481 3
-0.14671177 -4.280468 -0.66499674 9
-0.053521283 -4.2461529 -0.66024995 8
-0.1366334 -4.1332879 -0.65014923 10
-0.16443634 -3.6219995 -0.63068914 8
-0.087970428 -3.6012707 -0.628281 8
-0.15924847 -3.5130398 -0.61772734 7
-3.0505633 -3.3385682 -0.62018263 34
-3.0206792 -3.233938 -0.64861685 28
-0.17766786 -3.1303988 -0.6049785 7
-2.6923718 -2.951031 -0.60817111 9
-2.7190537 -2.8733027 -0.6213423 9
-3.0012608 -2.6126394 -0.61537999 27
-2.4996765 -2.6091745 -0.60558492 7
-2.9697769 -2.5236335 -0.61410499 24
-2.7942646 -2.4008892 -0.60517466 7
-2.7657278 -2.3250661 -0.60181862 7
-2.8537846 -2.210954 -0.6029951 7
2.6303928 -7.072217 -0.52447683 36
-0.069979802 -6.9181952 -0.53935671 132.25
0.068146914 -6.9282832 -0.51179558 135
0.22978048 -6.9329371 -0.59645349 68
0.66051805 -6.9793954 -0.53276807 114
-0.40779668 -6.8995891 -0.5095033 120
1.4898899 -6.8037605 -0.50826329 42
0.21670255 -6.7883415 -0.54638427 30
1.6208334 -6.7697124 -0.51666719 35
0.80931902 -6.4642353 -0.57531083 29
0.33029509 -6.3854074 -0.50178981 18
0.72856653 -6.1604033 -0.59990329 17
2.3456559 -5.9131627 -0.51958698 7
1.4354558 -5.8945174 -0.55603588 10
-0.34622085 -5.7218609 -0.52142215 1
0.31163543 -5.6004758 -0.5918088 3
0.36089787 -5.5645981 -0.57992399 4
2.2426634 -5.5165386 -0.51117837 11
1.4770249 -5.401772 -0.50952888 8
0.19518833 -5.3329067 -0.51939237 3
-0.36012763 -5.1011639 -0.53520924 3
0.81691724 -4.999238 -0.53181118 5
0.7521826 -4.7997308 -0.55030018 4
1.3271127 -4.7554665 -0.53410208 8
-0.26656166 -4.6773033 -0.50655425 3
0.20980762 -4.664547 -0.59497583 4
0.30819201 -4.5247245 -0.55971235 0
0.41554916 -4.5192728 -0.55615556 4
0.45481879 -4.4946895 -0.54640311 8
0.17976698 -4.3998289 -0.50439942 3
-0.29299909 -4.2849646 -0.52491128 10
0.82401639 -4.1162295 -0.51024973 7
0.22229785 -3.9212914 -0.58690846 7
0.76922876 -3.9781036 -0.52688468 7
1.2461509 -3.9387386 -0.51262301 8
-3.0604138 -3.7563066 -0.58683938 7
0.39721167 -3.7633612 -0.53171283 2
0.48548138 -3.7688062 -0.52940959 6
0.5187152 -3.7560773 -0.52254879 7
-0.23211041 -3.6328721 -0.50818038 8
-3.0728936 -3.4540143 -0.55124736 60
0.23083776 -3.4750454 -0.56691688 7
-3.0761812 -3.3017344 -0.53492671 58
0.7812162 -3.3977315 -0.51103276 7
0.45898837 -3.2583988 -0.51819277 6
0.55020869 -3.2496805 -0.51266944 7
-0.14600362 -3.0699246 -0.59537828 8.5
0.54051101 -2.8537955 -0.50346839 7
-0.16096488 -2.7387731 -0.58171892 9.5
-3.0117464 -2.63816 -0.54377294 70.5
-2.4706955 -2.6652057 -0.59417546 7
-0.1836582 -2.6695328 -0.54712373 9.333333
-3.0129752 -2.5686295 -0.55248678 66.5
-2.2832215 -2.4218223 -0.58155268 6
-0.15673667 -2.447885 -0.54469317 11
-3.001225 -2.3641577 -0.51531899 61
-2.9953561 -2.3465285 -0.57874727 52.5
-2.318388 -2.3895292 -0.59376311 6
-0.20122468 -2.3974657 -0.55848497 13
-2.607841 -2.2117164 -0.59398627 7
-2.1244144 -2.2154958 -0.56876749 6
-0.11917051 -2.2559633 -0.52025229 8
-0.094506972 -2.2951891 -0.51009017 7
-2.9219902 -2.1223619 -0.58547986 13
-2.5912871 -2.155041 -0.59247613 7
-2.1580825 -2.1958272 -0.58111846 6
-2.0380635 -2.160342 -0.56663811 3
-0.16142616 -2.1867635 -0.54896116 12
-0.062918581 -2.1461716 -0.50356781 6
-2.9345896 -2.0652487 -0.55794203 45
-2.7481444 -2.0489116 -0.57567525 4
-2.6715038 -2.0452631 -0.59022331 6
-2.4441245 -2.0432749 -0.5819785 6
-2.029532 -2.0380197 -0.57274181 6
-1.9966708 -2.0473676 -0.56206048 6
-1.8987201 -2.0578082 -0.56115645 5
-0.092331819 -2.0980844 -0.51243985 8
-2.9269884 -1.9640138 -0.51409137 63
-2.5536528 -1.9422541 -0.57295114 3
-2.4229088 -1.9905688 -0.57770872 6
-2.3044732 -1.9006642 -0.57233757 8
-1.8864044 -1.9034983 -0.5551002 8
-1.776045 -1.9670563 -0.55628222 10
-0.17205423 -1.9881248 -0.53811789 12
-0.067814954 -1.963263 -0.50761884 9
-2.2856972 -1.8567586 -0.56906062 7
-1.9141883 -1.8981473 -0.56481677 9
-2.387357 -1.7853581 -0.57150358 5
-2.1785352 -1.7607794 -0.5636974 8.5
-1.8050259 -1.7641118 -0.55343294 8
-1.7738817 -1.7564893 -0.5418902 7
-2.8671787 -1.6235883 -0.55370796 36
-2.27054 -1.67794 -0.56410122 6
-2.0636489 -1.6449697 -0.55334491 7
-1.7067181 -1.6430728 -0.54317594 8
-1.6841798 -1.6380992 -0.53294683 8
-2.9021652 -1.5580477 -0.51674533 72
-2.6718082 -1.5851814 -0.55525982 7
-2.5248544 -1.5417556 -0.55029327 5
-2.3921533 -1.5020547 -0.54529232 5
-2.1540704 -1.5705675 -0.55271327 6
-1.9658742 -1.5455921 -0.54518628 7
-2.2712698 -1.4649379 -0.54192215 4
-2.1583672 -1.4292306 -0.53797179 4
-2.0625916 -1.4851918 -0.54676753 7
-1.8802315 -1.4571424 -0.53870076 8
-1.9703802 -1.3997724 -0.53774577 9
-1.8405266 -1.3673506 -0.53583044 8
-1.7398343 -1.3117164 -0.5302875 9
-1.8377527 -1.2730592 -0.53275257 7
-1.776258 -1.2130917 -0.52970982 7
-1.6877079 -1.2537987 -0.52688211 11
-1.7166882 -1.156293 -0.52486444 7
-2.3010523 -1.0037024 -0.51884681 10
-2.229495 -1.0046291 -0.5151552 10
-2.1406164 -1.0108272 -0.51506549 9.5
-2.0495944 -1.0118629 -0.5130263 9
-1.9640741 -1.0117862 -0.51094651 9
-1.8595384 -1.0113497 -0.51023662 7.5
-1.7600131 -1.0074168 -0.50932765 6
-1.6897712 -1.0039157 -0.5097695 4
-2.8324504 -0.92968625 -0.53310817 22
-2.7335539 -0.9572534 -0.53220344 7
-2.6546471 -0.96768785 -0.52943212 8
-2.5414467 -0.98119783 -0.52550995 7
-2.4474912 -0.99807459 -0.52535999 10
-2.3667262 -0.99935114 -0.52062047 9
-1.6329738 -0.99286395 -0.50509936 3
-1.5974969 -0.99533993 -0.50839132 2
-2.8507693 -0.8507933 -0.51032847 64
-2.4522209 -0.81269968 -0.51337653 8.5
-2.33779 -0.82692981 -0.50983721 8
-2.2389417 -0.84099907 -0.50967211 10
-2.1397579 -0.85104495 -0.50864828 11
-2.070267 -0.85148501 -0.50624496 9
-1.9662491 -0.85079157 -0.50156164 8.5
-2.8292303 -0.72529209 -0.51890302 36
-2.7355745 -0.76368773 -0.52234966 10
-2.661119 -0.78362769 -0.52125651 7
-2.5832858 -0.79936975 -0.52015275 8
-2.1538393 -0.50044477 -0.50039721 9
-1.9994496 -0.57128471 -0.50066227 10
-2.2467947 -0.44591743 -0.50117338 11.5
2.6225498 -7.1354628 -0.49143243 80
0.75296164 -7.0045862 -0.47758198 130
-0.43445438 -6.9026594 -0.48624659 132
-0.22398034 -6.90797 -0.46363187 131
-0.16373596 -6.9128666 -0.47900909 137
-0.06375473 -6.9342523 -0.45693213 32
0.097358018 -6.9371066 -0.45354015 120
0.15566167 -6.9560246 -0.44368804 129
0.32986695 -6.9569349 -0.43898472 135
0.78957093 -6.9878416 -0.44590962 125
-0.68413174 -6.8839946 -0.49676186 114
1.1537721 -6.8476415 -0.46818531 35
0.43392736 -6.7766256 -0.41725942 39
1.4229448 -6.521399 -0.45133358 31
2.4963777 -6.5347466 -0.45104855 18
0.46309987 -6.475616 -0.40555397 17
0.54885644 -6.4970326 -0.477741 18
0.95139503 -5.4910836 -0.46690738 7
2.0139835 -5.201354 -0.44463748 8
0.28962415 -5.0541377 -0.48340118 2
1.1436733 -5.0602608 -0.43434349 6
2.0502517 -4.7240686 -0.49881601 10
0.81290138 -4.5193887 -0.46054387 9
1.9632223 -4.4221311 -0.49088424 10
2.7795138 -4.4630413 -0.460985 14
2.8259351 -4.4951172 -0.46189302 17
-3.1478672 -4.3192978 -0.45715064 5
1.3666853 -4.3988209 -0.49348378 9
1.7121215 -4.3806047 -0.44647437 11
-0.3562718 -4.2048736 -0.44691139 13
0.97715932 -4.262198 -0.43888977 9
-3.0628281 -4.135541 -0.41643587 1
0.26169524 -4.1900563 -0.47308928 3
2.6936255 -4.0261898 -0.40960017 13
-0.21198028 -3.9494045 -0.49656165 8
0.71602023 -3.8616018 -0.45928019 8
1.8413644 -3.8891318 -0.47945309 12
-0.31986204 -3.717515 -0.46050406 10
0.16955104 -3.7230635 -0.49063605 8
1.4810113 -3.7363348 -0.44277501 9
1.6805047 -3.7903831 -0.4079608 10
2.4592936 -3.7020926 -0.45257157 8
2.5091484 -3.7472384 -0.45147198 9
0.85437489 -3.6477587 -0.43715253 8
1.2868179 -3.6868603 -0.47873402 8
1.7778786 -3.6897657 -0.47751856 8
0.23999679 -3.5931594 -0.46726978 7
0.82993299 -3.5052216 -0.49782681 8
2.3684199 -3.5442207 -0.41713494 9
-3.0715504 -3.4678235 -0.4463771 59
-3.0813844 -3.3055766 -0.47218394 55
-0.29863 -3.3546984 -0.47501862 9
-0.16667217 -3.3946509 -0.48628908 7
0.64426339 -3.3597615 -0.45639956 8
1.1867326 -3.3444383 -0.49413866 7
1.3199636 -3.3015347 -0.44559479 8
1.4802669 -3.3111911 -0.41221973 8
1.7041806 -3.3267236 -0.47056997 8
-3.0559981 -3.2736392 -0.40326774 81
0.16008686 -3.242126 -0.48447746 8
2.2793128 -3.2040319 -0.4441601 8
2.9993169 -3.249342 -0.41527733 53
-0.19098189 -3.1649699 -0.4997136 7
0.22395489 -3.1412075 -0.46342701 7
0.76221168 -3.1916852 -0.4372808 7
1.2301426 -3.1718931 -0.46865427 7
1.6417741 -3.1527867 -0.46729487 7
2.0986898 -3.1325767 -0.41810602 8
2.2336869 -3.1652954 -0.44764698 8
-0.38981223 -3.0088482 -0.44971102 18
-0.27084208 -3.0195043 -0.48127598 10
0.83341271 -3.0412261 -0.48590505 6
-0.3583203 -2.9564784 -0.47638589 3
-0.13573232 -2.9833136 -0.47978312 7
0.58901238 -2.9638851 -0.45314467 6
0.78990543 -2.9514842 -0.49603885 6
1.1673303 -2.9260385 -0.46468449 7.5
1.3217107 -2.925756 -0.41281557 7
2.8251376 -2.9153168 -0.41500819 9
-0.38001615 -2.8505769 -0.42815882 19
0.15248308 -2.8734374 -0.47963214 6
0.59918052 -2.8313124 -0.49520212 8
0.6901015 -2.8275278 -0.43670923 10
1.5980679 -2.8952885 -0.46294248 8
1.8931439 -2.8221285 -0.42124391 7
2.7532618 -2.8427145 -0.42037526 8
-0.24403295 -2.725533 -0.48343521 13
-0.15585351 -2.7878695 -0.49084675 6
0.21196555 -2.7791917 -0.4592362 6
1.1872752 -2.7799218 -0.4620899 8
1.5381397 -2.7434266 -0.4581005 6
2.0645356 -2.7591853 -0.4434936 7
2.104322 -2.7897322 -0.43831167 7
-3.0148573 -2.6602311 -0.4443838 68.5
-0.32826769 -2.6698337 -0.43362319 16
-0.11219414 -2.6574798 -0.47620755 6
0.54450971 -2.6509845 -0.45223349 10
0.79694849 -2.6022832 -0.48481798 8
0.83641279 -2.6792319 -0.47673833 8
1.0842714 -2.6427767 -0.44351685 10
1.2033002 -2.6471295 -0.41899019 13
-3.0160885 -2.5778985 -0.45700115 66.5
-0.31981251 -2.5795066 -0.41706172 16
0.15158978 -2.5403366 -0.4701398 7
0.54398757 -2.529109 -0.49243116 5
0.62184399 -2.5272963 -0.47070727 8
1.1111724 -2.5735638 -0.47455722 9
1.5101783 -2.5462825 -0.45350081 8
1.7178366 -2.5483122 -0.42079654 8
2.5800896 -2.5310121 -0.4055784 21
-0.35764378 -2.4029107 -0.4611811 19
-0.24856454 -2.4424486 -0.4543702 16.5
-0.12908939 -2.4907098 -0.48431575 8
0.20283829 -2.4901476 -0.45603591 8
1.1559707 -2.4849474 -0.45897758 9
1.4591378 -2.4302337 -0.45315486 9
1.9466629 -2.4469218 -0.43567926 8
2.5123849 -2.4618323 -0.41094634 41
-3.0054193 -2.376296 -0.45107621 62.5
-0.26899356 -2.377445 -0.41286311 21
-0.089026056 -2.380091 -0.46932685 10
0.14595954 -2.3019443 -0.46811646 8
0.51007837 -2.3820641 -0.44727427 10
0.82102293 -2.3651836 -0.47400981 10
0.99838924 -2.392385 -0.44092113 8
1.0927224 -2.3480062 -0.44340491 9
1.5843797 -2.3459668 -0.42414415 8
2.4482241 -2.3035998 -0.41458082 6
-0.34781927 -2.2674909 -0.44591188 5
-0.23243681 -2.2146249 -0.41450197 5
-0.14632766 -2.2318158 -0.47774535 8.5
0.19616538 -2.2470462 -0.45231891 8
0.58013928 -2.2808437 -0.4587934 9
0.63885945 -2.2633266 -0.47946212 9.5
1.1274605 -2.2259719 -0.4523651 10
1.4476283 -2.2843723 -0.45008862 10
1.8666626 -2.2198067 -0.4327521 11
2.3692043 -2.2184885 -0.41726458 6
-0.34704632 -2.1326768 -0.44770992 5
-0.069520809 -2.1500871 -0.46395469 8
0.48062935 -2.1821303 -0.44879419 11
0.82342315 -2.1311226 -0.46648404 11
0.92623132 -2.1848958 -0.43933794 10
1.0152661 -2.1812701 -0.41930315 11
1.3960809 -2.1748579 -0.4480179 11
1.4631612 -2.1554763 -0.42421451 11
1.5462917 -2.1573417 -0.40056199 10
1.8174373 -2.1690457 -0.43506739 8
2.1858308 -2.1458929 -0.40330911 5
-0.16107982 -2.0180485 -0.47226238 8
-0.08790987 -2.0398765 -0.47310144 10
0.16586494 -2.0747743 -0.45823216 10
0.45621881 -2.0051866 -0.44829065 13
0.57323503 -2.0746922 -0.45413089 8
0.65821761 -2.0614285 -0.47555456 11
0.86703461 -2.0143135 -0.4394522 11
0.94551289 -2.0060239 -0.41987368 10
1.0642371 -2.0848858 -0.46271676 12
1.1086287 -2.0339942 -0.45228297 13
1.3912281 -2.0542986 -0.44358259 13
1.7770545 -2.0042439 -0.42946136 13
2.3033278 -2.0688789 -0.41287497 7
-0.21405742 -1.9750483 -0.4851194 126
-0.056480996 -1.9686608 -0.46287209 9
0.1406434 -1.9180149 -0.461115 9
0.51486248 -1.9228297 -0.43292254 12
0.82688725 -1.9440808 -0.46268645 12
1.0478206 -1.9001257 -0.45849562 13
1.3542159 -1.9846357 -0.43580669 12
1.4340171 -1.9930928 -0.40299827 11
1.7302048 -1.9556851 -0.43265143 13
2.0209684 -1.9868524 -0.40305114 9
2.2345014 -1.9945624 -0.41717839 7
-2.9220977 -1.8359275 -0.4612186 71.5
-0.22604933 -1.845241 -0.4499644 148
-0.14379999 -1.8562331 -0.47052681 9
-0.059361875 -1.8402839 -0.46544242 11
0.18550059 -1.8729118 -0.44740999 9
0.43540469 -1.850235 -0.44715214 12
0.59809035 -1.821795 -0.49504274 9
0.6557864 -1.8861166 -0.47111693 9.666667
0.85080558 -1.8669703 -0.43132618 11.5
1.0868462 -1.8480164 -0.44585824 11
1.2791497 -1.86976 -0.42781386 13
1.3441004 -1.8653462 -0.42382753 11
1.7031887 -1.8240799 -0.42651185 13
1.891433 -1.8691607 -0.40717405 10
2.1527741 -1.8415816 -0.41393593 9.5
-2.9118872 -1.739979 -0.42309678 73
-0.12643665 -1.7105843 -0.4674629 9
-0.065377228 -1.7350128 -0.46999615 12
0.15682352 -1.7610042 -0.45499915 12
0.45091239 -1.7603109 -0.4428618 11.5
0.56823373 -1.7465125 -0.49318099 9.5
0.67068511 -1.7345614 -0.46649328 10.333333
0.77319813 -1.7539724 -0.44306076 10
0.83068293 -1.7647057 -0.44635597 10.666667
1.0518934 -1.7193354 -0.44856051 14
1.2313746 -1.7428619 -0.41839832 12
1.3073943 -1.757304 -0.44180572 12.5
1.655074 -1.7734178 -0.42935914 11
1.7733792 -1.7562801 -0.40728956 11
2.0859718 -1.712 -0.4102 8
-2.9100022 -1.6797196 -0.40062836 76
-0.33811539 -1.6348974 -0.40723088 51
-0.22728419 -1.6318569 -0.42299324 39
-0.045532987 -1.6420815 -0.46310174 13
0.153023 -1.6329224 -0.45405641 11
0.44948575 -1.6305094 -0.45787963 10.333333
0.56067097 -1.6436235 -0.4892979 13
0.67200524 -1.6114876 -0.46459568 11.5
0.76030523 -1.6203983 -0.43129858 12.5
0.83164155 -1.647491 -0.45608529 12
1.1603897 -1.6317115 -0.41866046 11.5
1.2625625 -1.6366549 -0.43875793 12
1.5896451 -1.6154168 -0.42599013 12
1.6586194 -1.6691786 -0.4184714 11
2.0139217 -1.633103 -0.41241503 8
-0.33079886 -1.5469532 -0.41290584 6
-0.2376729 -1.5829501 -0.40989763 23
-0.11196309 -1.5860927 -0.46582013 11
-0.028753484 -1.5595728 -0.45846069 15
0.15082139 -1.517729 -0.45176619 14
0.38658607 -1.5023494 -0.44755864 10
0.46028304 -1.5397358 -0.46112347 10
0.55548269 -1.5521867 -0.48755297 13
0.69956046 -1.5314984 -0.44001347 15
0.72685516 -1.5509149 -0.44024822 14
0.83302695 -1.5204766 -0.45070654 14.5
1.0510001 -1.5701178 -0.43921399 12.666667
1.120446 -1.5241309 -0.41018915 12
1.256042 -1.5469561 -0.43706292 14
1.5863988 -1.5600662 -0.41802636 11.5
1.9699357 -1.5376177 -0.41154712 5.5
-2.8927698 -1.4662795 -0.47351271 74
-1.3207942 -1.4256954 -0.41547164 16
-0.32718039 -1.4263296 -0.4071123 6
-0.23673274 -1.4705536 -0.40797704 5.5
-0.053852122 -1.4695822 -0.46131405 15.333333
0.14609694 -1.425779 -0.45306137 8
0.36395347 -1.4341645 -0.46383756 1
0.44871446 -1.4457533 -0.45935944 12
0.54122394 -1.447288 -0.48333034 13
0.66750187 -1.4720061 -0.45211631 8
0.71098763 -1.4682602 -0.44762811 13
0.8351177 -1.4189384 -0.44969609 14.5
1.036366 -1.4595672 -0.43160439 13.75
1.2522938 -1.4669702 -0.43486294 16
1.4262202 -1.4204789 -0.4148491 11
1.5266548 -1.4689318 -0.41994366 11.666667
1.9300414 -1.4517848 -0.40840301 3
-2.8870168 -1.3512261 -0.42117226 80.5
-1.4260083 -1.3087654 -0.43675125 1
-1.2199347 -1.3690562 -0.41476884 9.5
-1.1247927 -1.3313446 -0.40519252 3
-0.31738281 -1.3320701 -0.40355298 5
-0.2358903 -1.3581848 -0.40244937 7
-0.048571724 -1.3795522 -0.4619936 8.666667
0.14526939 -1.3310866 -0.45125222 11
0.36335245 -1.3448882 -0.46775258 5.3333335
0.43846735 -1.3677521 -0.4599238 1.5
0.53962314 -1.3454115 -0.47926375 15
0.66709322 -1.3657421 -0.44154891 7
0.83621764 -1.3239365 -0.44643641 2.5
0.9734953 -1.3613411 -0.43495741 7.3333335
1.0180482 -1.3733356 -0.41643915 3
1.216367 -1.3788443 -0.43372479 13.5
1.3347069 -1.3311074 -0.41839275 7
1.4907259 -1.3699421 -0.42311788 12
1.5038656 -1.3277022 -0.42185095 15
1.8521898 -1.3451188 -0.40892604 6
-1.3735222 -1.2603412 -0.41196892 2
-1.1465119 -1.2825791 -0.40730262 12.5
-0.3137674 -1.2409846 -0.4003835 6
-0.017263861 -1.2497282 -0.45888689 9.5
0.14237306 -1.252558 -0.45051953 3
0.28558099 -1.2448602 -0.47755766 2
0.37223822 -1.2529362 -0.44906712 5.5
0.4623425 -1.2620972 -0.47873187 8
0.546516 -1.2468783 -0.46826592 4.25
0.63336754 -1.25327 -0.43188345 3.3333333
0.94877899 -1.2686176 -0.42705578 2.75
1.1736789 -1.2580922 -0.43526039 9
1.2422031 -1.2486321 -0.41888508 15
1.3296489 -1.2919307 -0.40451857 3
1.4619089 -1.2568457 -0.42220175 11
1.6693922 -1.2013036 -0.40245494 11
1.7534406 -1.2573082 -0.4050895 11
-1.3174603 -1.1812067 -0.4063952 16
-1.2730277 -1.1197957 -0.40572041 3
-1.0745629 -1.1798593 -0.40289882 4
-0.0039532422 -1.1978167 -0.45486701 0
0.01198866 -1.1024541 -0.4449386 1
0.1428832 -1.1439408 -0.45446825 3.8
0.28987095 -1.129741 -0.47436553 3
0.3568503 -1.1594849 -0.45482951 2.5999999
0.4795098 -1.1483588 -0.47017312 3.5
0.56840432 -1.13643 -0.44311178 3
0.60541737 -1.1462395 -0.43075755 4
0.73797393 -1.1988969 -0.44045043 1
0.85552377 -1.1504582 -0.43165806 2.7142856
0.97346723 -1.1253287 -0.43485409 3
1.1570021 -1.1345121 -0.42444679 8.666667
1.2098935 -1.1868761 -0.41444069 3
1.3891619 -1.1046143 -0.42277649 2
1.4324489 -1.1755438 -0.42395583 7
1.5501579 -1.1310709 -0.40967989 3
1.6061718 -1.1627769 -0.40527105 13
-1.4250919 -1.0141466 -0.4300698 52
0.098551475 -1.0266268 -0.47633278 5
0.15383978 -1.0414137 -0.46162888 2.3333333
0.29449484 -1.0316101 -0.47243217 2
0.34325305 -1.053726 -0.44975168 3
0.55498427 -1.0495369 -0.43820044 3.75
0.76212388 -1.0329261 -0.43767855 3.5
0.82514924 -1.0593311 -0.43417147 3.5
0.97006392 -1.041857 -0.44051418 5
1.0675287 -1.0411755 -0.42120779 4
1.1359886 -1.0614039 -0.42241022 3.3333333
1.3815856 -1.0168183 -0.40740448 2.5
1.4628367 -1.0736246 -0.41015649 8
-0.56435013 -0.90610677 -0.4814564 9
-0.34937322 -0.90666968 -0.45448768 11
-0.26009116 -0.90713573 -0.44595718 13.166667
0.13521941 -0.9574936 -0.46713248 3.4000001
0.2038116 -0.93060893 -0.47116596 2
0.32281905 -0.94670832 -0.44174373 3.75
0.47202787 -0.94868433 -0.485596 0
0.52401471 -0.94908571 -0.43572986 3.25
0.75005865 -0.94473624 -0.43249261 4.3333335
0.8446902 -0.96057123 -0.44312978 4.5
0.96573699 -0.92950982 -0.42918858 4
1.041558 -0.96805662 -0.41943255 3
1.1285858 -0.99095249 -0.42944551 1.5
1.2616746 -0.93431079 -0.4129076 3.2
1.3355489 -0.98532939 -0.40950885 3.5
1.5524898 -0.910025 -0.4041028 3
1.6829381 -0.96578962 -0.4005619 2
-1.8470366 -0.8512547 -0.49863473 11
-1.7418766 -0.8514775 -0.49770477 8.5
-1.6346316 -0.84407938 -0.49479112 8
-1.5510224 -0.83099055 -0.48879153 8
-1.4596255 -0.82095283 -0.48673871 1
-1.3882303 -0.84596729 -0.47156078 2
-1.1057417 -0.84785622 -0.4631716 2.75
-1.0538042 -0.85737634 -0.44596279 4.7272725
-0.93556154 -0.85746008 -0.46703482 5.9230771
-0.87964946 -0.85675311 -0.46378389 6.8333335
-0.73397875 -0.85483676 -0.45493644 5.8888888
-0.65468538 -0.87859315 -0.44247681 10.294118
-0.53977597 -0.86343139 -0.46846354 7.8571429
-0.43380201 -0.8643046 -0.45856655 7.8333335
-0.35135832 -0.88092291 -0.44721359 10.333333
-0.26914793 -0.8645339 -0.46486944 7.7058825
-0.025388891 -0.80559123 -0.46289837 6
0.019918218 -0.84849429 -0.45036235 3
0.12397604 -0.85127008 -0.46958676 2.5
0.21203181 -0.87408614 -0.46773055 1
0.31054586 -0.84444273 -0.43903428 4
0.47764826 -0.84531933 -0.45115459 2.875
0.51010358 -0.87183154 -0.42830211 4.5
0.68142384 -0.83982372 -0.42925996 5.75
0.74363804 -0.862638 -0.43165004 3.75
0.86463159 -0.84838372 -0.43130639 3.5
0.9297331 -0.87148494 -0.41604638 4
1.095341 -0.81768858 -0.42745504 3
1.1466483 -0.84986252 -0.41681209 3
1.2081345 -0.8908518 -0.40837708 3
1.3535321 -0.8175543 -0.40772372 3
1.4474092 -0.84964991 -0.40360337 3
1.5635396 -0.83665001 -0.41177768 5
1.6048168 -0.88998801 -0.40090987 1
-2.8481998 -0.74517518 -0.48026851 81.666664
-1.463286 -0.7008822 -0.48738474 11
-0.83318132 -0.77252644 -0.47789159 1.6666666
-0.75186449 -0.75112307 -0.47159538 3.5999999
-0.66760206 -0.73028332 -0.47211462 3.2222223
-0.54448241 -0.79706055 -0.48089099 0
-0.4440136 -0.75201535 -0.47029868 4.75
-0.34822589 -0.77982354 -0.48613214 1
-0.25357926 -0.77431989 -0.48633274 1.3333334
-0.024410443 -0.74101335 -0.46067771 5.1666665
0.017133346 -0.73296648 -0.45368528 4.3333335
0.12820244 -0.75422877 -0.45356825 2.3333333
0.29546776 -0.76040053 -0.45290685 1
0.38604319 -0.7575857 -0.45537296 1
0.46000269 -0.74282557 -0.44286981 4.75
0.50177133 -0.78347087 -0.46361774 4
0.64324284 -0.75391883 -0.42581555 5.5
0.79022521 -0.71365899 -0.4260186 5
0.83463258 -0.75932759 -0.41958156 4.2857141
0.98862821 -0.71661961 -0.4163115 3.5
1.0395187 -0.76075965 -0.41604665 3.3333333
1.1790829 -0.72332597 -0.4132354 3
1.2589929 -0.74307847 -0.41104364 2.5384614
1.3588524 -0.75992101 -0.40597948 3.3333333
1.4311517 -0.7902059 -0.40281719 3
1.5259721 -0.75183845 -0.40459734 2.25
-2.8392665 -0.6388666 -0.47338039 83.25
-1.9524249 -0.61144328 -0.49644494 11
-1.8590552 -0.63021141 -0.49670929 10
-1.744162 -0.64880562 -0.49245906 10
-1.6471583 -0.6721161 -0.491083 12.666667
-1.5506206 -0.67294556 -0.48936138 15
-1.454258 -0.6691888 -0.48733777 15
-0.9463678 -0.62185216 -0.48265052 0
-0.79277951 -0.6055342 -0.4745428 0
-0.62628698 -0.66547769 -0.46644825 3.4000001
-0.55019099 -0.63692003 -0.46339175 3.9230769
-0.40490305 -0.62711453 -0.47403061 1
-0.35221758 -0.64888096 -0.4607847 3.2142856
-0.25097588 -0.61989295 -0.47310704 0.5
-0.14238438 -0.60287064 -0.44984645 4
-0.018980196 -0.6561957 -0.45815015 3.3333333
0.025342781 -0.65870237 -0.45108014 4.1999998
0.13202582 -0.65174466 -0.4442077 5.4285712
0.27495003 -0.64266336 -0.45201197 4.5
0.38782725 -0.66055506 -0.45090231 4.6666665
0.44876528 -0.65316606 -0.4456715 4.5999999
0.5822134 -0.63559288 -0.42997929 5
0.61274028 -0.68849987 -0.42375907 5
0.75231588 -0.64305013 -0.42135775 4.818182
0.86772001 -0.6188255 -0.42014837 5
0.93522382 -0.65907574 -0.41428569 5.125
1.0534215 -0.63304996 -0.41245714 4.8125
1.1275895 -0.66701359 -0.40880871 3.5714285
1.2360109 -0.65304345 -0.41606724 5.5
1.4724853 -0.64595443 -0.40572605 3.2
1.7931308 -0.63510561 -0.40136659 12
-2.8356762 -0.55175483 -0.45145604 85.75
-2.1411579 -0.51987422 -0.49776632 9.25
-2.0470767 -0.56235951 -0.49747819 9.1999998
-1.934687 -0.58942205 -0.49785295 9.5
-0.92881972 -0.56137031 -0.47790071 1.4285715
-0.88462555 -0.5195365 -0.47381088 4
-0.75765169 -0.54441935 -0.47076225 2.4000001
-0.63837039 -0.5389843 -0.46639547 4.5999999
-0.52839804 -0.55677319 -0.46399269 3.8
-0.45299491 -0.54927433 -0.45788547 4
-0.36132231 -0.53897071 -0.46100909 5.5
-0.26113603 -0.54802459 -0.46648011 5.6666665
-0.13217112 -0.55943483 -0.45377618 3.8571429
0.04328347 -0.54369324 -0.44432741 5
0.13867365 -0.55103534 -0.44403404 5.0769229
0.27253348 -0.54653907 -0.44254583 4.7142859
0.36171246 -0.54872698 -0.44878674 6
0.44565436 -0.54557973 -0.4483954 5.7142859
0.5503602 -0.56165218 -0.42867231 3.6666667
0.67659467 -0.54454261 -0.425405 4
0.77000964 -0.5424695 -0.42497748 4.1999998
0.84782296 -0.54825783 -0.41955939 4.5
0.94211829 -0.54680574 -0.41307867 4.7272725
1.0318063 -0.55671394 -0.41561213 5.6666665
1.1884574 -0.55220962 -0.4119468 4.6666665
1.2174654 -0.54190135 -0.40945196 6.6666665
1.4312849 -0.5428437 -0.40707415 3.5714285
-2.8287072 -0.45443624 -0.42788163 82.800003
-2.3068061 -0.4060472 -0.49487978 11
-2.2614319 -0.4443101 -0.4976669 11.75
-2.1822131 -0.47710142 -0.4989844 9
-0.90489024 -0.49829355 -0.46911144 3
-0.86451155 -0.44568589 -0.46914721 3.909091
-0.7324453 -0.45184174 -0.46373615 5.3333335
-0.65297747 -0.45485452 -0.46911103 5.7142859
-0.55934685 -0.44449243 -0.46348003 6.625
-0.45737779 -0.46027601 -0.46079242 6.625
-0.35655987 -0.4624238 -0.45343482 6.6153846
-0.26511559 -0.47549954 -0.45581567 7.5
-0.079019457 -0.41757518 -0.44249171 2
0.048844375 -0.46066847 -0.44774368 5
0.14215399 -0.46036875 -0.44772908 4.909091
0.27219075 -0.4510569 -0.44102779 5.125
0.38374278 -0.44744188 -0.43798247 5.0714288
0.45405227 -0.43791381 -0.44030818 4.6999998
0.62990081 -0.46082267 -0.41776729 2.6666667
0.75399417 -0.45654106 -0.42240885 4
0.84026933 -0.45550543 -0.42027414 4.6551723
0.95250213 -0.4441264 -0.41966733 5.2857141
1.0300226 -0.45201534 -0.41726065 6.1999998
1.1736273 -0.44382316 -0.41330728 6.1428571
1.2028093 -0.48611203 -0.41131815 6
1.3775901 -0.43336174 -0.40759021 4
1.4098871 -0.46286908 -0.40871271 4.5
-2.8222878 -0.35479733 -0.41719314 85.5
-2.3454406 -0.35197136 -0.49371323 10.666667
-0.82605261 -0.35437313 -0.46520835 4.090909
-0.74939424 -0.3499324 -0.46357095 4.8333335
-0.64496851 -0.33743787 -0.46013394 5.8571429
-0.55325502 -0.35653916 -0.45654222 7.125
-0.45019743 -0.35073236 -0.46102715 7
-0.34617022 -0.35062811 -0.45927775 7.181818
-0.14529711 -0.30636296 -0.43143046 5
0.060858879 -0.34203351 -0.44102529 5.25
0.16457608 -0.34409446 -0.44567269 4.8571429
0.27902052 -0.36442026 -0.44051242 4.6428571
0.35631004 -0.35572958 -0.43710428 6.5555553
0.44760111 -0.34938788 -0.43703738 6.0555553
0.55593401 -0.31634173 -0.42052028 4
0.68701392 -0.38805354 -0.40949216 2.6666667
0.74904579 -0.36882645 -0.41769326 4.7777777
0.83558303 -0.35393736 -0.41977867 6.2142859
0.94175678 -0.34716532 -0.41377679 5.5555553
1.0221722 -0.34801215 -0.41432491 6
1.1471027 -0.3474806 -0.40822139 5.375
1.3492211 -0.34345186 -0.40450692 5.5555553
-2.815623 -0.26254737 -0.40630189 80
-2.4345574 -0.24201743 -0.49220651 11
-2.3973374 -0.29530957 -0.49021357 11
-0.81186742 -0.27679327 -0.46443549 4
-0.77600563 -0.24472937 -0.45580515 5
-0.66167927 -0.2498876 -0.45056072 5.4285712
-0.57337856 -0.24391352 -0.45459908 7.1428571
-0.47382444 -0.25314018 -0.45635602 6.7142859
-0.35221681 -0.2438744 -0.45614052 6.6428571
-0.23181362 -0.25014019 -0.44073305 5
-0.1395952 -0.2486984 -0.44142544 5.6666665
-0.032604549 -0.24914247 -0.4359408 4.3333335
0.061099272 -0.26833436 -0.44238064 4.2857141
0.1363975 -0.25064644 -0.44091141 4.375
0.27507716 -0.25431907 -0.4385533 5.5454545
0.33055276 -0.23987904 -0.43649372 5
0.43534279 -0.25730455 -0.43530536 5.4000001
0.54466355 -0.23745535 -0.4262054 5.5714288
0.60613203 -0.25324762 -0.412723 5
0.84414649 -0.25895399 -0.41465902 6.3333335
0.95390213 -0.25204951 -0.41007233 6.3000002
1.0286992 -0.25026968 -0.40575099 6
1.1277992 -0.25146165 -0.40554214 5
1.3278297 -0.27165821 -0.40366927 6.6666665
-2.4795499 -0.14246334 -0.48883867 10
-0.83853269 -0.13671236 -0.45740327 4.5
-0.75797725 -0.14731428 -0.44918975 5.5999999
-0.655487 -0.14385831 -0.44393751 5.75
-0.55734324 -0.14831498 -0.45122674 6.125
-0.4633466 -0.15328124 -0.45668876 6.375
-0.3475576 -0.14709404 -0.45228168 6.2857141
-0.23971874 -0.14076327 -0.44066602 5.25
-0.1548342 -0.15461114 -0.42874581 4.9523811
-0.036500379 -0.15079029 -0.44232842 5.5454545
0.066579297 -0.14760751 -0.44139335 5.8888888
0.14209476 -0.15398605 -0.43640408 6.8000002
0.27480453 -0.14811634 -0.43373805 5.25
0.3443549 -0.14856082 -0.43272829 4.9230771
0.43546531 -0.14367378 -0.42694056 4.9047618
0.57190722 -0.14564216 -0.41929626 5.1428571
0.6152547 -0.14679688 -0.41468588 5
0.83799511 -0.15401427 -0.42240074 6.8888888
0.93771273 -0.16207753 -0.40734997 7
1.0869673 -0.14679646 -0.40423051 4.5999999
1.1243972 -0.14418106 -0.40427136 4.8333335
1.5653377 -0.1585086 -0.40168926 4
-2.5120223 -0.063148826 -0.48915687 10.333333
-2.4873402 -0.036355641 -0.48292843 11
-0.82560092 -0.047867097 -0.4514823 4.1111112
-0.75661063 -0.051513936 -0.45037481 4.4615383
-0.65487969 -0.045539163 -0.44623643 6.4000001
-0.54704756 -0.051515937 -0.45036152 6.5
-0.45598385 -0.053660985 -0.45338252 6.375
-0.34117728 -0.049723674 -0.44762903 6.4117646
-0.24450928 -0.058566615 -0.43740192 5.6666665
-0.14525859 -0.058875028 -0.43125826 4.5882354
-0.059818756 -0.051777288 -0.43181676 5.5454545
0.048362546 -0.045603495 -0.43653145 6.0999999
0.12388305 -0.054720622 -0.43427986 6.6999998
0.26444715 -0.051534217 -0.43064231 5.4285712
0.34662068 -0.052669827 -0.43018728 4.9444447
0.44279289 -0.044650175 -0.42664909 5.0740743
0.57001668 -0.048649065 -0.418888 4.9310346
0.83668524 -0.049622338 -0.41839686 6.5
0.95530152 -0.04998083 -0.40677238 7.1666665
1.0770546 -0.059182603 -0.40379104 6
1.5449638 -0.063332066 -0.40061009 4
-2.5114517 0.026157051 -0.4842774 10
-2.4817088 0.068834208 -0.47957647 11
-0.8371886 0.061131068 -0.44578829 4.5999999
-0.75753993 0.048179463 -0.44627926 4.9375
-0.66193038 0.057765834 -0.44133848 5
-0.54705727 0.048880707 -0.44747463 6.8888888
-0.45330894 0.04782588 -0.43803942 6.5555553
-0.3523235 0.046235397 -0.44190374 6.5384617
-0.27652082 0.065790996 -0.42761055 6.2857141
-0.1440798 0.044978887 -0.42298371 4.625
-0.042307701 0.049971826 -0.42899308 5.4615383
0.077789426 0.044175208 -0.43354404 6.6923075
0.15690233 0.045409907 -0.42612717 5.2857141
0.26814565 0.046799343 -0.43080309 5.6428571
0.33739477 0.046049863 -0.42841268 4.9411764
0.44413039 0.049784064 -0.42513606 5
0.56540251 0.04199104 -0.41837639 4.5714288
0.85171533 0.046462003 -0.41764718 7.181818
0.94533634 0.046155296 -0.41104868 7.818182
-2.4564645 0.15769744 -0.47596988 11.5
-0.91364074 0.18415011 -0.44129756 5
-0.85812324 0.15281707 -0.44365939 4.4705882
-0.76870614 0.13955326 -0.44048837 6.1666665
-0.67454129 0.15413278 -0.43947721 4.875
-0.55185181 0.15370092 -0.43940926 6.875
-0.45496279 0.13715306 -0.44440159 7
-0.36493462 0.12023564 -0.44426909 6.1999998
-0.24918064 0.1778357 -0.42239925 4.75
-0.16015851 0.15092111 -0.42743126 5.4117646
-0.035844397 0.1417502 -0.4299911 6.1111112
0.079721659 0.14578305 -0.43349966 6.8000002
0.15435848 0.15208845 -0.42721722 6.2857141
0.26981983 0.14673674 -0.428222 5.7142859
0.33878079 0.14801742 -0.42890316 5.4117646
0.4312951 0.1421243 -0.42230061 5.090909
0.54636085 0.150581 -0.41860622 4.9130435
0.85561663 0.14924492 -0.4165352 7.7272725
0.94545865 0.14841013 -0.40923139 8
1.0756398 0.17163728 -0.40221846 6
1.1129843 0.18842115 -0.40014118 6
-2.4298377 0.25217178 -0.47416687 12
-2.3754365 0.26074073 -0.46974817 12
-0.93519509 0.25085202 -0.43971348 4.7857141
-0.84657228 0.24998245 -0.4374561 4.5
-0.74407983 0.2503702 -0.43470991 5.6666665
-0.65462697 0.24163334 -0.43661928 5.4000001
-0.56474704 0.2379528 -0.42959309 5.909091
-0.33927619 0.26359311 -0.42445037 6.3333335
-0.24305122 0.23383592 -0.4213784 4.9230771
-0.15995906 0.25789264 -0.42481282 6
-0.056225974 0.24082442 -0.4253003 6.25
0.069927223 0.25389051 -0.43210685 7.5
0.15028845 0.24896412 -0.4259676 6.5454545
0.27258962 0.24270222 -0.42419577 5.8000002
0.34463501 0.2405939 -0.42436123 5.6428571
0.43924454 0.23224379 -0.41937688 4.4545455
0.54909235 0.24193631 -0.41572326 4.4000001
0.61220276 0.24370541 -0.41663432 4.2857141
0.86369067 0.24435781 -0.41238415 7.625
0.93525964 0.25395209 -0.40818444 8.8999996
1.0827233 0.23606889 -0.40157244 6
-2.3427529 0.34252343 -0.46980706 13.2
-2.2696154 0.37548164 -0.46566796 13
-1.012848 0.36293006 -0.43410861 3.3333333
-0.95295864 0.33818528 -0.43391514 4.8333335
-0.85249311 0.34183186 -0.43357506 4.9000001
-0.74887657 0.34935513 -0.43135113 6.5999999
-0.64301652 0.34785938 -0.43197313 6.0833335
-0.54784924 0.35060051 -0.42760608 6
-0.42337751 0.38289863 -0.4319765 6.4000001
-0.34661621 0.35305101 -0.4269574 4.5384617
-0.26522392 0.35051978 -0.41963509 5.875
-0.14068276 0.3354612 -0.419992 4.75
-0.082200661 0.34922689 -0.41830024 6.5999999
0.060072429 0.35117871 -0.42951569 6.1875
0.15198083 0.34871325 -0.42226323 5.8125
0.27614364 0.34882307 -0.41655564 4.6999998
0.32871923 0.3395254 -0.41822606 5
0.49232179 0.37659636 -0.41359118 2
0.55975938 0.31031534 -0.40938255 2
0.71039277 0.36487219 -0.40167055 2
0.8449297 0.33983371 -0.40503883 7.8333335
0.90186489 0.32149884 -0.40362683 8.5
-2.7590673 0.44398868 -0.41017738 101.33334
-2.3001986 0.40523335 -0.46769762 14
-2.2307174 0.42915785 -0.46389371 12.5
-2.1624539 0.46854293 -0.46161005 13
-2.0995948 0.49609309 -0.46053213 12
-1.0259017 0.41620252 -0.43241003 0
-0.95373136 0.42865986 -0.43404022 1.4
-0.84656096 0.43306208 -0.43333051 2.6666667
-0.75080425 0.44023687 -0.43051213 5
-0.66972059 0.44084668 -0.42806238 4.4285712
-0.54137194 0.44967926 -0.4290573 5.4666667
-0.45150095 0.44256705 -0.42708877 5.9259257
-0.35806358 0.44444105 -0.42516932 5.75
-0.25834733 0.44509029 -0.41840845 4.375
-0.17195307 0.48675275 -0.42096448 3
-0.051755697 0.41637608 -0.4206866 8.5
0.049885094 0.41233864 -0.42013779 7.8000002
0.12320539 0.42333981 -0.41288772 10
0.84672064 0.40106529 -0.40335441 9
0.91444254 0.47311872 -0.40462244 5.5
-2.752075 0.55003554 -0.41678637 99
-2.1344862 0.51690346 -0.46139026 14
-2.0518324 0.54282355 -0.46064785 13
-1.9604746 0.57365429 -0.4588306 12.25
-1.8579341 0.5943445 -0.45486647 14
-0.84012729 0.58731818 -0.43038654 5.3333335
-0.72812206 0.53345567 -0.4294126 1
-0.67993033 0.50968182 -0.42979994 0
-0.59704381 0.51527131 -0.42566177 4
-0.46246383 0.5280596 -0.42551664 4.3636365
-0.35164753 0.55393815 -0.42392024 4.3636365
-0.24903066 0.54561526 -0.42028543 5.1428571
-0.17851916 0.5428561 -0.41770786 4.5
0.94034225 0.55648702 -0.40346241 5.3333335
-2.7425804 0.64870661 -0.43952188 87.400002
-2.5152442 0.68819451 -0.40410089 28
-2.4481781 0.68802452 -0.42990541 42
-1.9250271 0.60709512 -0.45601445 11.5
-1.8318628 0.62426871 -0.45387101 11.333333
-1.7475189 0.63583016 -0.45034626 9.75
-1.653671 0.65167719 -0.44927183 5.5999999
-1.5652022 0.66570002 -0.44454601 1.6666666
-1.2425287 0.66444552 -0.43076235 0.25
-1.1477404 0.65497249 -0.43147519 1
-1.0574903 0.65168595 -0.43747282 3.625
-0.94493568 0.64721084 -0.43344319 4.7777777
-0.85210532 0.63328481 -0.43040812 6.125
-0.74575615 0.67385733 -0.42361459 0
-0.43150863 0.63396418 -0.42367658 4.5999999
-0.36381999 0.63857424 -0.4209868 4.1666665
-0.24590249 0.64850903 -0.41573071 5.1428571
-0.18806487 0.6127454 -0.41682947 5
0.92861825 0.65148735 -0.40145817 4.5
-2.7152011 0.70428675 -0.43026355 48
-2.6118779 0.70055282 -0.4504146 54
-2.3779368 0.74415654 -0.42675534 84.199997
-1.4168812 0.79328638 -0.43099207 1
-1.3432351 0.77186579 -0.4363212 1.4
-1.257008 0.75092471 -0.42681482 3.2222223
-1.1418676 0.74472684 -0.42949405 3
-1.0429519 0.75382096 -0.43447861 4.5999999
-0.9614048 0.75545526 -0.43282634 5.375
-0.82933277 0.74291587 -0.42784145 4.8333335
-0.77876478 0.7482931 -0.42362976 3
-0.63756293 0.74515748 -0.42074695 2.4000001
-0.5322957 0.7574985 -0.41684186 1.5
-0.44362825 0.74415791 -0.41671306 2.4000001
-0.34927091 0.75083506 -0.41307193 6
-0.26184893 0.75985706 -0.40712991 4.5999999
-0.14413135 0.75374514 -0.41061357 6
0.98806429 0.70818961 -0.40094572 2
1.0461426 0.76081014 -0.40069047 2
-2.36426 0.84013033 -0.44352287 69
-2.2460546 0.82348096 -0.45912027 18
-2.1310592 0.82813132 -0.45417279 14
-2.0666344 0.83371627 -0.45318818 12
-1.9652029 0.83540171 -0.44982848 7
-1.8500561 0.84159112 -0.44987038 1
-1.4212438 0.86988658 -0.42781574 2.75
-1.345992 0.84928221 -0.42601344 5
-1.2215037 0.83832842 -0.42595541 4.3333335
-1.1609477 0.82306385 -0.43332183 4
-1.0529594 0.83924454 -0.4258709 4.3333335
-0.94146031 0.87739897 -0.42807448 3.6666667
-0.85054106 0.84158069 -0.42593348 4.5
-0.71806824 0.87598467 -0.41504928 5.5
-0.66095895 0.83146018 -0.41887403 4.3333335
-0.54932678 0.83228266 -0.40952295 4.5
-0.44366661 0.84698993 -0.40998054 5.4000001
-0.33735791 0.84201503 -0.4094103 7
-0.24367167 0.86272168 -0.40528914 6.375
-0.17788181 0.81640071 -0.40636542 6
0.88296008 0.83753043 -0.40250272 5
0.93663979 0.86377931 -0.4003002 3
-2.3368208 0.92259449 -0.46022427 35
-2.2573578 0.92804945 -0.45843333 16
-2.129415 0.92666513 -0.45170817 10.5
-2.0189431 0.92934299 -0.44900942 7
-1.9597696 0.9346863 -0.4504264 4
-1.886393 0.92976725 -0.44784266 2
-1.5151005 0.97046393 -0.41955668 17
-1.4603353 0.91460389 -0.42003417 17
-1.3585864 0.95259678 -0.41875723 4
-1.2845374 0.91532969 -0.42443478 6
-1.1459683 0.97917908 -0.42075667 4
-1.0602336 0.93018126 -0.42373756 3.5
-0.9259488 0.96191466 -0.41944748 4.1999998
-0.85872316 0.93992984 -0.41991693 4.25
-0.77188814 0.9264257 -0.41792119 3.5
-0.671094 0.93162358 -0.41363418 4.5
-0.55161357 0.93895173 -0.40931308 4.6666665
-0.46282765 0.92790651 -0.4072786 5.5
-0.36323935 0.94609892 -0.40536815 8.5
-0.24652977 0.9351697 -0.40436754 7
-0.14342582 0.96509582 -0.40791696 5
-1.6516017 1.0910106 -0.42040351 14
-1.5575937 1.0490307 -0.4194558 15.666667
-1.431169 1.059589 -0.419588 17.666666
-1.3431 1.0429689 -0.42328778 15
-1.2421519 1.0142144 -0.42316189 23
-1.1547489 1.0763198 -0.41692862 11
-1.0591011 1.0544733 -0.42159367 3
-0.95073617 1.0412464 -0.41296846 4
-0.83165479 1.0780216 -0.40907514 3
-0.75848114 1.0362136 -0.40742821 3.5
-0.65215433 1.0416754 -0.40699774 4
-0.54560584 1.0285726 -0.40481034 4.6666665
-0.43359548 1.0084268 -0.40149519 5
-0.16913871 1.0210061 -0.40324003 4
-1.7085408 1.1781693 -0.41829383 14.666667
-1.6339803 1.1430159 -0.42250621 14
-1.5716509 1.1488787 -0.42184371 15.5
-1.486774 1.1377522 -0.4224194 21
-1.3050804 1.1782645 -0.4212864 19
-1.2356129 1.1552255 -0.41492358 18
-1.1960677 1.1317241 -0.42475927 3
-1.0288954 1.1445496 -0.40585643 4
-0.95590132 1.1599672 -0.4071888 3.5
-0.85450876 1.1261588 -0.4060573 12
-0.73394626 1.1272625 -0.4000718 2
-1.8710531 1.2463218 -0.42531905 1
-1.7885166 1.240153 -0.41660699 12
-1.6479564 1.22382 -0.41020992 16
-1.5344796 1.2559609 -0.41922104 18.5
-1.4457426 1.2463042 -0.42355287 21
-1.3764225 1.2157518 -0.42362902 19
-1.2788666 1.2378551 -0.40679505 21
-1.0527438 1.2516252 -0.40654647 14
-0.99675423 1.2137222 -0.40705448 18
-0.84577519 1.2816896 -0.40443021 5
-0.79473114 1.227922 -0.40275335 18
-1.8841729 1.3427511 -0.41024894 17.5
-1.7532765 1.3379107 -0.40825164 19
-1.6329284 1.3245724 -0.419489 21.666666
-1.3413216 1.3299145 -0.406203 35
-1.1103517 1.3008888 -0.40477884 36
-1.0489173 1.3134416 -0.40453044 10
2.5528822 -7.1371927 -0.3490696 86.5
2.7935758 -7.1096191 -0.37381914 95
0.68382037 -7.0047674 -0.32335594 128
1.2891078 -7.0183787 -0.36033618 103
1.584383 -7.0406971 -0.38373214 69
1.6149981 -7.0396533 -0.3663013 101
-0.31553116 -6.9156947 -0.36895612 135
-0.28696907 -6.91326 -0.39149505 134.5
-0.12184282 -6.9217634 -0.33255932 93.5
-0.050619848 -6.9274106 -0.37225151 134
0.041170694 -6.9429197 -0.33083835 130.5
0.36438197 -6.9481421 -0.33813852 108.5
0.5978511 -6.9925933 -0.38916087 132
0.65496415 -6.9736104 -0.35506466 97
-0.56154239 -6.8902025 -0.37809667 117
-0.35469759 -6.8968987 -0.37981558 132
1.4177846 -6.8244023 -0.35705152 41
2.8518405 -6.5471239 -0.37341267 35
0.42526281 -6.4703088 -0.38963792 16
2.3208916 -5.311801 -0.39284417 7
2.880477 -4.8041496 -0.39227745 59
2.8933313 -4.7634788 -0.38775003 54
1.9428785 -4.4102211 -0.39996868 7
2.9854591 -4.4056263 -0.37854242 59
-3.1529603 -4.3143144 -0.36521983 51
2.9793174 -4.2058229 -0.36988676 31
-3.0703521 -3.9964209 -0.35101363 30
2.5798383 -3.6423278 -0.37909296 10
-3.0704985 -3.4784794 -0.34198996 62.5
2.9895566 -3.3207185 -0.34457162 74
3.0021935 -3.3056762 -0.33053374 74
-3.0089869 -3.2137063 -0.33308116 75
2.27143 -3.2041535 -0.38590133 8
3.0013733 -3.2259507 -0.39458942 52
3.0777009 -2.9329684 -0.37965468 51
2.0287981 -2.8556054 -0.39030325 7
3.0505087 -2.8294237 -0.33510414 70
-3.0169713 -2.6773081 -0.34285703 66
2.763381 -2.6486046 -0.38170278 9
-3.0161841 -2.5819035 -0.36068213 62.5
1.8344872 -2.5755737 -0.39395371 6
-2.9505088 -2.422631 -0.39767113 7
2.5375466 -2.4516311 -0.3893297 41
2.6306839 -2.4737835 -0.35486951 21
-3.0070958 -2.3883336 -0.36402547 62
-2.9492884 -2.3388672 -0.35684305 32
1.6777834 -2.3496027 -0.39796919 12
2.3606563 -2.3037689 -0.39950481 6
2.5046911 -2.3965752 -0.38032362 19
-2.9478946 -2.2590599 -0.31966349 41
2.2586806 -2.1563087 -0.37462243 6
2.7828894 -2.0165915 -0.33044407 20.5
2.0858395 -1.99649 -0.37798771 8
2.757575 -1.9166114 -0.39373717 0
2.8177822 -1.9705052 -0.38838863 4
1.9480731 -1.873994 -0.38300407 9
2.8562329 -1.8474803 -0.34417492 5.5
1.8203901 -1.7540352 -0.38538328 9
2.641593 -1.7469563 -0.37247345 4.5
-2.9067311 -1.6193553 -0.37789077 71
1.7168163 -1.659615 -0.38972238 9
2.4923816 -1.6704357 -0.3776862 4.5
4.4789801 -1.6658604 -0.30332613 0
-2.9037089 -1.5334495 -0.34712389 73
1.6134251 -1.5585341 -0.39057079 9
2.2192123 -1.519608 -0.38326371 9
2.3415096 -1.5849957 -0.37925452 6.5
4.1905551 -1.5093629 -0.32299712 1
4.3855939 -1.5207477 -0.31599301 1
-2.8942041 -1.4450359 -0.31721807 85
-0.4159987 -1.4302545 -0.37941378 14
1.4529173 -1.4061314 -0.39634424 11
1.5332805 -1.4853102 -0.39560983 11
2.0117877 -1.4062572 -0.39813334 9
2.1067073 -1.4577987 -0.38642401 9
3.4582276 -1.4186846 -0.34513873 1
3.5985999 -1.4303992 -0.33784434 0
3.785593 -1.4590181 -0.33367255 1
3.9988663 -1.4918659 -0.3307161 1
-0.40473533 -1.3749949 -0.37371019 1
-0.37409052 -1.3345581 -0.37942126 2.3333333
-0.2458607 -1.3461061 -0.3990275 6
1.3837212 -1.338411 -0.39808166 11
1.9084976 -1.3438674 -0.39151859 8.5
2.0031247 -1.3999342 -0.38231286 8
3.1739035 -1.3529825 -0.36444706 0.5
3.2673266 -1.3752345 -0.34557843 1
-2.8817053 -1.2386568 -0.3732883 81.5
-1.0777988 -1.2292033 -0.39516723 2.5
-0.33521873 -1.2497714 -0.38294619 5
-0.24375132 -1.2512499 -0.39511618 6
1.7369356 -1.2403327 -0.3889654 12
1.8242912 -1.2955654 -0.38957649 10
3.0653687 -1.2389412 -0.37206376 2.5
-2.8722382 -1.1543074 -0.33955109 85
-1.2408913 -1.1258404 -0.39735734 4
-1.1729457 -1.1186045 -0.39493132 1
-1.0301434 -1.1294395 -0.36257505 54
-0.96148509 -1.1149766 -0.38375464 1
-0.5817551 -1.1004142 -0.31434029 1
-0.43384555 -1.111746 -0.34797296 1
-0.31378776 -1.1632931 -0.38392916 5
-0.26629287 -1.1564595 -0.3852348 5.75
1.5676405 -1.135052 -0.39531589 7.5
1.6596645 -1.1896455 -0.38998318 12
2.0816669 -1.1101191 -0.38194358 3
2.1575336 -1.1320775 -0.37710893 1.5
2.5588105 -1.1071645 -0.38152093 2.5
2.6558924 -1.1912469 -0.38366139 2
2.8503776 -1.1288072 -0.3570632 0
2.9524632 -1.1397265 -0.36608657 4
3.0626545 -1.1446114 -0.34885404 5
3.2514982 -1.1596889 -0.34377044 6
3.4300673 -1.1631173 -0.33697644 7
3.5540411 -1.1614375 -0.33126321 7
3.677803 -1.1562099 -0.32555678 6
3.8321855 -1.157907 -0.3225694 2
3.9900105 -1.1564865 -0.31890154 1
4.1633897 -1.1555104 -0.31691986 1
4.3715611 -1.1593109 -0.31770676 2
4.5288625 -1.1418971 -0.312451 6
5.0504832 -1.146811 -0.31792691 11
-2.866698 -1.0721285 -0.3091417 86
-1.2151711 -1.0478312 -0.39440405 3
-1.1157842 -1.0801505 -0.38816807 1
-1.0459639 -1.0382131 -0.38285375 3
-0.96387929 -1.0410506 -0.38290063 4.5999999
-0.85406357 -1.0287945 -0.38124767 3
-0.76164639 -1.0616552 -0.35923994 2.4444444
-0.63590741 -1.0969216 -0.32008764 0
-0.56714278 -1.0703852 -0.36564049 3.3125
-0.42954668 -1.0482268 -0.38044763 6.3333335
-0.31325471 -1.04763 -0.38633665 5.6666665
-0.2515074 -1.0572884 -0.37854984 6.1111112
1.450215 -1.0570685 -0.39821237 8.5
1.7938603 -1.0056263 -0.39511964 9
1.8437232 -1.0279499 -0.388055 8
1.9598823 -1.0694481 -0.38914749 5.6666665
2.0384781 -1.0710217 -0.38800567 2.5
2.4580796 -1.0214598 -0.37732133 3
2.5018976 -1.0303944 -0.38592839 3
2.8668916 -1.060019 -0.3758392 5
4.5825248 -1.0910826 -0.30012029 0
5.0788774 -1.0808562 -0.30429864 16
-1.1534562 -0.96579349 -0.3875604 3.25
-0.92841238 -0.95900744 -0.38352606 4.1666665
-0.85279995 -0.92798036 -0.37733009 4.3333335
-0.73583037 -0.93961871 -0.3795096 5.2857141
-0.69892609 -0.90796262 -0.39144632 8
-0.54154807 -0.95606768 -0.37760893 7
-0.4379046 -0.93808985 -0.3733024 8.6999998
-0.3169609 -0.93396854 -0.38063926 9.3999996
-0.23252742 -0.93974125 -0.37118596 10
1.5562732 -0.91294634 -0.39595002 2.5
1.6477851 -0.95117331 -0.39546224 5.3333335
1.7476238 -0.96337032 -0.39424011 6.6666665
1.8327645 -0.92668128 -0.38810778 5.5
1.9621196 -0.93462777 -0.39157423 3.75
2.025897 -0.97791994 -0.39579818 2
2.3933282 -0.94984359 -0.37933359 3
2.4435673 -0.96446252 -0.38879201 4
2.7459369 -0.94765854 -0.37736335 6.25
-1.1000245 -0.88888711 -0.37956262 4
-1.079854 -0.86431247 -0.39082387 5.6666665
-0.88746744 -0.8801468 -0.38823226 9.333333
-0.74826783 -0.88573414 -0.38764012 9.333333
-0.67136502 -0.88748896 -0.38886723 10.5
-0.54186124 -0.88959259 -0.3877846 10.666667
-0.41975212 -0.89473343 -0.38157588 12.2
-0.39499959 -0.89534557 -0.39128125 12
1.4837842 -0.87920207 -0.39826167 3
1.5462765 -0.83114815 -0.39890566 3.3333333
1.6509205 -0.8722778 -0.39585555 5.6666665
1.9147581 -0.83580047 -0.39497364 7.6666665
2.2848098 -0.82418108 -0.38310367 7
2.3456178 -0.87351674 -0.38512981 5.3333335
2.6414573 -0.84726584 -0.37827814 6.5
1.5275027 -0.74336684 -0.39919168 16
1.852523 -0.74912059 -0.39600229 9
2.1826999 -0.71111542 -0.38216591 8
2.2497163 -0.76276779 -0.38724053 7.3333335
2.5549719 -0.76053959 -0.37930799 6
1.7589576 -0.62108731 -0.39542484 6.5
1.8044765 -0.67851412 -0.39562714 5.5
2.1496301 -0.64378899 -0.38809741 8.6000004
2.4501517 -0.65542781 -0.37829244 7.25
1.6943129 -0.52120763 -0.39332062 13
1.7319334 -0.55756903 -0.39578164 5
2.0687768 -0.54797465 -0.38620049 8.25
2.3501823 -0.53818595 -0.38010308 8.8000002
2.4096775 -0.59201002 -0.38256419 8
1.663602 -0.4481408 -0.39402476 3.1428571
1.9838806 -0.43479773 -0.38526306 10
2.0260065 -0.48023942 -0.38765517 10
2.2730284 -0.43283403 -0.38169882 8.75
2.3124583 -0.47268251 -0.38284782 9
-2.8197505 -0.32766411 -0.39748433 85
0.72311968 -0.32467535 -0.39888543 2
1.5937409 -0.32028925 -0.39506811 3.5
1.6193744 -0.35093939 -0.39585671 3.5
1.9452918 -0.35434002 -0.38767838 5.8571429
2.1934168 -0.31659213 -0.37991533 10.5
2.2236233 -0.36449811 -0.38049981 10.5
-2.8119833 -0.23946345 -0.39149895 91.25
-0.23572937 -0.26500204 -0.38473308 2
1.2865596 -0.22838689 -0.39347458 6
1.3097527 -0.22365938 -0.39312297 6
1.5738114 -0.24399729 -0.39631727 3.375
1.8809866 -0.24494526 -0.38426399 7.5714288
1.913747 -0.28156409 -0.38735026 12
2.1574514 -0.250559 -0.37921387 10.857142
-2.8059356 -0.14943761 -0.38581061 93.75
0.02324841 -0.17548569 -0.38004532 2
0.45534021 -0.15050557 -0.33307466 1
0.51749575 -0.14394899 -0.36220402 1
0.98998332 -0.14720047 -0.39870033 6.75
1.2785723 -0.1428307 -0.39247876 5.3000002
1.302891 -0.19496593 -0.39265412 6
1.543928 -0.14613211 -0.3970165 4
1.8446987 -0.14915493 -0.38250446 8
2.0997539 -0.10175052 -0.37735865 12
2.1232431 -0.15505852 -0.37875435 12.428572
-2.8024235 -0.072966062 -0.38073096 97
-2.7959976 -0.016498083 -0.37613702 97.333336
-0.21089017 -0.025196562 -0.37852836 3.3333333
-0.18139458 -0.0052394252 -0.37435615 3
0.95961428 -0.039733917 -0.39951405 6.5
1.0657238 -0.0087306947 -0.39503288 6
1.1063343 -0.047017004 -0.39560041 6.8333335
1.267682 -0.048331559 -0.39289853 5
1.497651 -0.028691754 -0.38339269 3.6666667
1.5248797 -0.061096024 -0.39250594 3.8
1.8259646 -0.051539484 -0.38136786 2.4444444
2.0868351 -0.039293818 -0.37458247 12.75
2.1105468 -0.055301599 -0.37836787 13
-2.7924311 0.060185991 -0.37533954 102.25
-0.23139501 0.021552756 -0.33681145 2
-0.19827127 0.0067727957 -0.30786797 1
1.0745203 0.053245954 -0.39275217 6.3333335
1.1015639 0.039179508 -0.39410314 6.5
1.2627659 0.050169766 -0.39274433 5
1.493764 0.05215735 -0.38201824 3
1.5222477 0.050272338 -0.39322579 4
1.8202839 0.052159619 -0.37888771 2.0999999
2.0882123 0.063618734 -0.37150833 11.666667
2.1090348 0.052091349 -0.37593889 10.4
-2.7850206 0.15548737 -0.37731773 106.2
-0.23112693 0.14298806 -0.39359391 4.5
0.98421496 0.18437494 -0.39623728 7
1.0719297 0.13457979 -0.39445508 6.1666665
1.1044083 0.14777301 -0.39429253 6
1.265857 0.14738971 -0.38943416 5.181818
1.4987143 0.1316517 -0.3788099 3
1.5194381 0.15248841 -0.3851845 3.3333333
1.834481 0.14994268 -0.37647384 2
2.1250379 0.15843277 -0.37197399 8.625
-2.7781553 0.24975438 -0.3813875 103.75
-0.33686513 0.24023022 -0.35419455 2
-0.24845865 0.20958301 -0.36192152 2
0.38093838 0.2657395 -0.35464656 1.75
0.46086568 0.28140414 -0.35764804 2.625
0.95387322 0.25464705 -0.39437768 7.125
1.0810838 0.26297197 -0.39635321 5.6666665
1.110147 0.24255119 -0.39122805 6.5
1.2748663 0.24963228 -0.38428032 5.8333335
1.5429437 0.24648285 -0.38512319 3
1.8654385 0.2462476 -0.3739545 3.7777777
2.168638 0.24800707 -0.37173748 8
2.2013476 0.29890501 -0.370846 8
-2.7706628 0.34681791 -0.38715059 106.2
-0.49441481 0.32925063 -0.36924738 3
-0.074267752 0.39527756 -0.30740201 8
0.19135398 0.39257073 -0.33037487 3
0.25373605 0.39116243 -0.35182539 2.8571429
0.36162508 0.33448103 -0.3489387 3.3333333
0.45305976 0.34587258 -0.35427579 2
0.65284342 0.37221879 -0.34637293 2.25
0.71185416 0.37886691 -0.37356558 2
0.87062997 0.37606642 -0.39685023 7.5
0.94840854 0.35831887 -0.3926852 7.4666667
1.0933163 0.3420426 -0.39579573 5
1.1231334 0.3555412 -0.39265719 5
1.2910696 0.34139645 -0.38047913 6
1.3058773 0.3682746 -0.3789655 6
1.5718555 0.3436681 -0.38095787 3.2222223
1.8894534 0.31145146 -0.3706618 7
1.9231852 0.36379656 -0.37136105 6.8333335
2.1991465 0.30443683 -0.37015554 8
2.237546 0.35768703 -0.36911771 9.333333
-2.7608213 0.46176833 -0.39239106 94.5
-0.12903386 0.44446367 -0.34908748 5
-0.032920089 0.41877887 -0.36628547 8.333333
0.025617231 0.4144935 -0.34382245 9
0.15601461 0.41529873 -0.33159956 8.1428576
0.23437388 0.4052209 -0.35803652 6
0.7697804 0.42343512 -0.37473583 2
0.8267234 0.43483198 -0.35927781 3.6666667
0.93375576 0.43719488 -0.39283645 7
1.0033973 0.46999565 -0.38976881 7
1.1260066 0.44951126 -0.38656619 5.4444447
1.3298064 0.44753402 -0.38220799 5.375
1.5907502 0.40523088 -0.37576693 3
1.6124679 0.45479885 -0.37333179 3.3333333
1.9669584 0.43870777 -0.36912948 7.1999998
2.0097971 0.49160507 -0.37023473 1.5
2.2846591 0.42459956 -0.36637768 9.333333
2.3217716 0.47103083 -0.36433735 9.333333
-0.37966245 0.52631962 -0.3986789 3
-0.12838712 0.54040569 -0.34082025 8
0.75918692 0.57981914 -0.32224515 1
0.84401959 0.53363597 -0.37130934 2.8
0.93446845 0.54187113 -0.39510196 5.3000002
1.0165919 0.54584986 -0.39507166 6.5
1.1506617 0.54950279 -0.39150533 6.2857141
1.3658142 0.54388225 -0.3818278 4
1.6545677 0.5432961 -0.36942515 2.5714285
2.0434024 0.55100429 -0.36357436 10.833333
2.3701336 0.52934778 -0.3614023 9.5
2.417062 0.58178461 -0.35907298 10
-2.3814375 0.68655068 -0.39047754 86
-0.12999105 0.65356839 -0.35698664 8
0.75251293 0.61090547 -0.36184457 2
0.8527987 0.68498504 -0.37008709 3
0.93861169 0.64069754 -0.39026371 4.9000001
1.0288217 0.65049607 -0.39272898 6.5
1.1730366 0.64794314 -0.38659292 6
1.2073461 0.6867007 -0.38990465 2
1.3951707 0.61610371 -0.38100597 4
1.4114912 0.67220932 -0.37430316 3.5999999
1.6880964 0.61918718 -0.36923769 2
1.7242788 0.65272582 -0.36756283 2
2.0855088 0.61940008 -0.36317661 8
2.1380439 0.66468829 -0.35985082 9
2.4552681 0.62646562 -0.35608044 10
2.5064249 0.67733449 -0.35295808 10
-0.1399647 0.7541852 -0.34965205 5
0.85594034 0.78953183 -0.39410651 2
0.95366561 0.73269665 -0.3916665 3.5
1.0294735 0.7622546 -0.39011779 2.4285715
1.1863654 0.72221267 -0.3860057 8
1.2286285 0.74940675 -0.38273874 4.125
1.3615298 0.76881206 -0.36651647 3.75
1.4382541 0.77146947 -0.34936523 4.0666666
1.5437309 0.7567293 -0.33447328 0.66666669
1.6938227 0.75392371 -0.31576252 4
1.7516702 0.74028796 -0.34490505 14.142858
1.9694099 0.76610434 -0.35526964 2
2.0601292 0.78277731 -0.35595319 3.5
2.1721704 0.77281451 -0.35428968 7.3333335
2.2263787 0.7705695 -0.351423 9
2.3020072 0.79649788 -0.34159899 8
2.5734553 0.74227583 -0.34969786 9
-0.13476351 0.88442713 -0.39017969 8
0.84926373 0.86123592 -0.38578373 7.8571429
0.94800586 0.89524335 -0.3910588 10
1.0579958 0.82989234 -0.39142248 1.3333334
1.1713754 0.84875405 -0.36247489 2.4000001
1.2103075 0.81511611 -0.3497901 7
2.079248 0.82117337 -0.35827842 2
2.1426523 0.83204317 -0.35649073 4
2.2553093 0.83598042 -0.35149381 8
2.3486378 0.84496039 -0.34282079 9
2.4390576 0.84215754 -0.33798727 10
2.5534792 0.8304103 -0.33355215 10.333333
2.6567092 0.83388805 -0.3386654 11
2.7236125 0.84930831 -0.3305136 10.333333
2.8344536 0.88822234 -0.32244164 11
2.9558637 0.89980704 -0.32027096 13
-0.30015364 0.98387754 -0.39855486 7
-0.24178007 0.9530009 -0.39713207 5.5
0.88759851 0.91589743 -0.3479856 16.75
0.94794309 0.91344988 -0.33541897 11.933333
1.0239805 0.92081028 -0.31830001 8.25
1.1843798 0.90084368 -0.36682248 6
1.2087708 0.90024561 -0.35096145 5
2.3437731 0.92929405 -0.35112727 11
2.4028668 0.93862885 -0.34262833 10
2.7645793 0.9164952 -0.34083247 10.5
2.8397222 0.978194 -0.33915606 14
-0.44099206 1.0612795 -0.39579642 5
-0.3471489 1.0531474 -0.39755079 6
-0.23498833 1.0491631 -0.39411959 5.3333335
-0.1967665 1.0827712 -0.39879131 3
2.4586449 1.0250435 -0.32449034 42.333332
2.5596712 1.0607781 -0.30550033 27.5
2.8531785 1.0144527 -0.32395619 29
-2.3463485 1.1337726 -0.31853259 53.5
-0.83569413 1.1797806 -0.3969571 4
-0.75412339 1.1911731 -0.39399561 19
-0.62967891 1.1573291 -0.39275444 3
-0.54438627 1.1622257 -0.39557815 4.5
-0.4531602 1.1580538 -0.38974661 5
-0.32774511 1.1421956 -0.39062202 5
-0.24903262 1.1398982 -0.38650173 5
-0.19633985 1.1414592 -0.38408536 5.5
-2.3417816 1.2514031 -0.34130499 24.333334
-0.87508005 1.2792615 -0.39474282 8.5
-0.76223099 1.293192 -0.34738484 12.6
-0.66073781 1.2817093 -0.35568297 7
-0.56739467 1.2841414 -0.35671782 12.666667
-0.4676756 1.2697206 -0.34778151 14.666667
-0.34555864 1.2524571 -0.35645398 14.833333
-0.247931 1.2390187 -0.35777399 15.333333
-0.19330828 1.2483889 -0.3413693 17
-2.3329353 1.3763099 -0.33826524 14
-1.9372272 1.3932079 -0.36294258 65.5
-1.8837694 1.380146 -0.32149506 70
-1.7847451 1.3825957 -0.35354152 73.333336
-1.6562613 1.3669449 -0.35723278 66.666664
-1.3479067 1.3411075 -0.33069557 68.833336
-1.2514155 1.3303876 -0.358944 75.5
-1.1448956 1.3250936 -0.37059817 38
-1.0504345 1.3207022 -0.33578157 16.200001
-0.94544792 1.3033985 -0.36482975 15.333333
-0.88436675 1.3103772 -0.34372973 15
-0.78889006 1.300868 -0.33139795 14
1.4087132 -7.0111499 -0.24082667 98
1.5042541 -7.0056968 -0.22587961 69
1.7339354 -7.0138397 -0.24653655 82
-0.53093153 -6.9002185 -0.20684388 139
-0.42538357 -6.9023962 -0.27965924 121
-0.16196768 -6.9247375 -0.242742 137.66667
-0.057971694 -6.9354596 -0.21939793 142
0.066995606 -6.9491825 -0.24673429 135
0.23555684 -6.9476681 -0.24991763 124
0.52309674 -6.9746656 -0.23395532 115
1.3629012 -6.9915032 -0.21565366 60
-0.61250395 -6.8908892 -0.21430209 141
-0.48387361 -6.8948979 -0.29747453 132
2.8240306 -6.7905388 -0.2445122 36
0.46393889 -6.4872112 -0.27297324 19
0.55326754 -6.4853635 -0.28773117 20
2.8712671 -6.2582679 -0.25187135 32
2.8686266 -4.921195 -0.28953058 59
2.8859575 -4.8839364 -0.29217854 56
-3.1481395 -4.2942991 -0.27241015 57
2.9969559 -4.2553649 -0.29735351 72
3.0065124 -4.1084089 -0.22077286 76
3.0051994 -4.0948987 -0.2923741 68
3.0086398 -3.9491091 -0.21632466 68
-3.0681984 -3.8498578 -0.28860077 23
-3.0664625 -3.711056 -0.23019975 13
-3.076149 -3.4946084 -0.23723188 70
2.9870217 -3.4035585 -0.27321419 73
2.9940875 -3.3738332 -0.26254654 69
-3.0214067 -3.2208564 -0.24239779 84.5
-3.0198529 -2.6919386 -0.24036501 70.5
-3.0215702 -2.5868363 -0.26633856 70
-3.0098674 -2.4022386 -0.21133292 61
-3.0099268 -2.3989587 -0.276555 58
2.642122 -2.2603374 -0.22177728 47.5
-2.9422073 -2.1760437 -0.28302294 61
-2.9347219 -2.0569274 -0.23090664 67
2.7382488 -2.077662 -0.23952588 31
-0.35991865 -1.764591 -0.24215579 3
4.7266641 -1.6974269 -0.29365343 0
5.3238726 -1.691788 -0.24766755 50
4.2777081 -1.4460225 -0.23673552 3
5.3817291 -1.4870346 -0.26854187 40
-2.8922358 -1.3637046 -0.2903505 81
4.2544217 -1.3681194 -0.25182888 2.6666667
4.5715542 -1.3411224 -0.25167483 5
5.3814445 -1.3606184 -0.23845474 52.5
-2.8817248 -1.2536409 -0.25729674 86
-2.873096 -1.1482179 -0.22758283 79.5
-1.0223833 -1.1096916 -0.26775575 3
-0.58685195 -1.1011767 -0.29493812 1
-0.4225089 -1.1073968 -0.28344417 2.75
-0.33429977 -1.1558783 -0.21833715 4
-2.8750823 -1.073675 -0.20738134 93
-0.96045411 -1.0544403 -0.22200719 7
-0.85449612 -1.0563625 -0.2283155 9.3999996
-0.75662088 -1.0666684 -0.24152157 9.3571424
-0.67977846 -1.0836294 -0.28299212 3
-0.5685575 -1.0709047 -0.23402822 11.25
-0.44810098 -1.0836288 -0.23269193 11.133333
5.0780025 -1.0069133 -0.28937754 9
-2.8632312 -0.96738809 -0.27177832 80.5
5.1184464 -0.94350445 -0.27951792 37
-2.8553865 -0.86188281 -0.23859261 87.5
5.1182704 -0.87051451 -0.26673922 42
-2.8478451 -0.75904047 -0.2088363 90
4.80651 -0.74236625 -0.23813796 13
4.758451 -0.63448602 -0.22346792 50.5
4.755219 -0.53602409 -0.21320003 150
4.7771358 -0.44065115 -0.20728488 123.5
4.7975855 -0.34529755 -0.20417267 61
-0.18047291 -0.20859867 -0.20536542 1
0.26795337 -0.25915113 -0.2796213 2
4.7925363 -0.2803722 -0.20199803 56
5.1785069 -0.23675653 -0.2194899 34
-0.21749258 -0.18823051 -0.22425012 1.3333334
-0.16502047 -0.18741007 -0.22288127 1.1666666
0.36989775 -0.16825378 -0.21701728 2.3333333
0.43926206 -0.15567648 -0.26508245 1.875
5.0535703 -0.16198783 -0.21444646 153
-0.23406959 -0.020305458 -0.24920851 1
4.8134003 -0.057048287 -0.20539822 51.5
-0.25016752 0.042310324 -0.24259849 0.81818181
4.817481 0.037477497 -0.21126282 59
-0.35134014 0.12008354 -0.24756603 2.3333333
-0.2843616 0.14591101 -0.29710105 1
4.8313494 0.13322631 -0.21934716 52
0.24016012 0.28894758 -0.27979907 2
0.34158677 0.24492773 -0.21369238 2.8181818
0.41561642 0.25638732 -0.25072524 1.3333334
5.0724688 0.23897928 -0.24255088 1
0.1507497 0.3861748 -0.24099475 2.1666667
0.25440693 0.37232131 -0.27746776 3
0.36934045 0.39000067 -0.20966439 4.6666665
0.45332932 0.37915188 -0.22847746 4
0.5526818 0.38150927 -0.25327277 4.1538463
0.62498516 0.39540112 -0.24529716 4.25
0.76273727 0.35480332 -0.29442701 2
-0.13150561 0.44403768 -0.25780982 4.25
-0.081412181 0.42236638 -0.23109983 5
0.071976542 0.41916022 -0.25086391 6.75
0.12262195 0.41335666 -0.23700133 5.25
0.24882589 0.40161261 -0.27496266 2.5
0.49441034 0.40657905 -0.27373797 6
0.55126762 0.40212381 -0.24380641 5.3333335
0.63229382 0.4013094 -0.22183195 5.1999998
-0.14036413 0.56363308 -0.25239807 3
0.75151622 0.5285278 -0.28339651 1
2.6524036 0.55360276 -0.21617073 26.25
-0.13828635 0.66857594 -0.23387122 5
2.4802952 0.67605251 -0.25032511 24.25
2.5374126 0.62875807 -0.23112571 24.799999
0.77944106 0.70171708 -0.29895642 19
1.355979 0.79617327 -0.27396059 1.6666666
1.5780122 0.78819412 -0.21525243 1.5
1.6435075 0.77520388 -0.25049746 3.75
1.7053481 0.76514322 -0.28502339 4
-2.3724403 0.85256225 -0.21475422 87.333336
1.1998602 0.82304299 -0.29150274 7
1.2574366 0.82352954 -0.27064213 8.333333
1.3567625 0.82457173 -0.23473865 6.4615383
1.9872413 0.86935079 -0.25900859 2.5
2.031342 0.84952128 -0.23205961 22.125
2.1088538 0.84388292 -0.27081576 62
-2.3646991 0.97254276 -0.23526926 85.333336
0.86752045 0.93871272 -0.24915446 20.5
0.94992173 0.93890363 -0.25249341 15.785714
1.0509012 0.93364865 -0.259877 5.4444447
1.1388663 0.93678194 -0.22561266 4.6363635
-2.358449 1.0593656 -0.25501999 80.5
2.4476058 1.0601622 -0.25320014 72
2.5518355 1.0660558 -0.23458111 39.5
2.6505539 1.0357996 -0.23481715 33.5
2.7461212 1.0322549 -0.2776224 35.400002
2.8226929 1.0344504 -0.27899054 41
2.9451816 1.0396776 -0.25063473 41
3.0590332 1.030957 -0.23707011 38
3.1418221 1.0267572 -0.22780651 40
3.2265337 1.0189699 -0.21869463 37
-2.3548522 1.1733745 -0.26038003 94.5
-2.3487327 1.2491217 -0.28797036 70
-0.76452321 1.2950281 -0.257772 13.666667
-0.65202719 1.2829983 -0.25493741 12.428572
-0.56928241 1.2843333 -0.25347856 17.666666
-0.46993446 1.2695433 -0.24556263 18
-0.35091197 1.2592257 -0.25743327 21.166666
-0.23364179 1.2483737 -0.24621992 22.799999
-0.19820023 1.2480423 -0.27418473 24
-1.9194971 1.3851115 -0.239972 73.333336
-1.8752885 1.3818474 -0.24795237 73.5
-1.7534355 1.3692323 -0.23816228 67.666664
-1.6428335 1.3572738 -0.23831911 68.800003
-1.5485802 1.3434151 -0.2549417 70.5
-1.4564058 1.3394957 -0.28480151 73
-1.3359954 1.3353388 -0.23139487 76.5
-1.2515727 1.3213949 -0.24175587 73
-1.1336027 1.3216549 -0.26703611 34.5
-1.0426722 1.3183088 -0.26509047 16
-0.9436214 1.3053982 -0.21547648 14.5
-0.86099082 1.3035858 -0.25482753 15.285714
-0.78793043 1.3010784 -0.22892788 14
0.61129594 -7.0032992 -0.16747241 135
-0.32245916 -6.9161053 -0.1435371 117
-0.20381293 -6.9186811 -0.15593684 43
-0.056458425 -6.9345298 -0.14700931 134
0.053433545 -6.950212 -0.14203845 135
0.12019155 -6.9421148 -0.17653039 139
0.39256886 -6.9559927 -0.17790708 97
0.67283708 -6.9817805 -0.19251379 137
-0.65539557 -6.8883739 -0.1133011 133
1.4974241 -6.758985 -0.11855529 44
1.7901326 -6.6441345 -0.12099543 92
2.3470843 -6.6329174 -0.18131086 29
0.56843507 -6.5074067 -0.18578972 25
2.3164475 -6.5925932 -0.15251984 17
2.832134 -6.440609 -0.12536323 44
2.8822334 -5.9728518 -0.13868563 45
2.8698978 -5.0269928 -0.18654647 55
-3.1452267 -4.2732887 -0.18077007 57
3.0051973 -3.9475722 -0.14890435 75
3.0155213 -3.8161149 -0.14467946 73
-3.0735571 -3.5428867 -0.17143482 30.5
2.9737849 -3.5317409 -0.1216368 66
2.9836068 -3.4618979 -0.1966105 66
-3.0348203 -3.227082 -0.1527908 87
-3.0255632 -2.7063737 -0.11151026 64
-3.0206542 -2.6977983 -0.16319573 64
-2.9791477 -2.688925 -0.19698536 30
-3.0208588 -2.5815151 -0.14790474 69
-2.9750974 -2.5518308 -0.15034711 54.5
-3.0113015 -2.4061391 -0.14574565 62.5
-2.9672263 -2.417413 -0.10735333 64
2.6692863 -2.2156701 -0.18340005 43
2.69225 -2.1633105 -0.13439375 36.5
2.7154484 -2.1256251 -0.13976321 33
4.4135141 -2.1356401 -0.14461438 14
4.5897293 -2.1456158 -0.116824 14
-2.9368002 -1.9472213 -0.18300806 77
-2.9288588 -1.8710432 -0.1525505 71
2.9046252 -1.8115411 -0.10863721 18
-2.921984 -1.795898 -0.12376314 77
2.9312711 -1.7652414 -0.16768889 7
3.0757174 -1.5539259 -0.16626243 5
3.1701891 -1.5537971 -0.14608838 5
3.2402332 -1.536248 -0.1239337 12
5.3834438 -1.4585595 -0.1763884 96
4.5648899 -1.345675 -0.18560506 36
4.6448679 -1.3026159 -0.16877775 9
4.9762506 -1.2587146 -0.14126237 3
5.0894713 -1.216306 -0.12711565 13
-0.36626783 -1.1179022 -0.11700292 16.285715
5.090044 -1.1500338 -0.15378678 78.5
-2.8684769 -1.0210265 -0.19496661 87
-0.9548434 -1.0592358 -0.15371804 6.5384617
-0.85391951 -1.0660305 -0.16877504 9
-0.74779129 -1.0537081 -0.14816748 11.25
-0.63930988 -1.078721 -0.12418389 10.285714
-0.56473386 -1.0784466 -0.15871529 10.764706
-0.43776566 -1.0861799 -0.14682661 12.25
5.1038485 -1.0457892 -0.1770089 55
-2.8650067 -0.94528604 -0.17724353 89
5.1157584 -0.9329288 -0.15856664 63
-2.8576221 -0.84694052 -0.15657976 89.5
5.1179786 -0.85683751 -0.14804628 69
-2.8546193 -0.75142395 -0.13826022 96.5
4.8095517 -0.72580612 -0.12935257 34
-2.849293 -0.6582458 -0.15290156 95.5
4.8275228 -0.65823811 -0.1220158 40
-2.8424654 -0.5610702 -0.13437298 97.75
4.7774529 -0.51156425 -0.11064644 56
4.8184667 -0.58644432 -0.11557075 27
-2.8376119 -0.4889107 -0.12265325 98
-2.7356279 -0.41831794 -0.12995659 87
4.7861362 -0.44323486 -0.10666978 56
-2.8184576 -0.33339995 -0.11849785 94
-2.7352433 -0.37026203 -0.12174529 84
4.787425 -0.34055445 -0.10367361 60
-2.8220429 -0.26149958 -0.10879552 96
-0.27245229 -0.20450541 -0.1443999 1.5
4.7859206 -0.23891802 -0.10356542 42
-2.8146026 -0.18802632 -0.10051838 100
-0.30445608 -0.19480619 -0.16996616 1
-0.27275729 -0.17958528 -0.1452889 0.88
0.34847778 -0.1564372 -0.19446364 1
4.808115 -0.10501219 -0.10774876 54
5.213748 -0.19032447 -0.11577617 94
4.8102989 -0.036801621 -0.1114362 53
-0.35981113 0.078850158 -0.14529018 1.2666667
-0.26473075 0.036654856 -0.16926314 0.1
4.811471 0.063471854 -0.11906725 35.5
-0.36569411 0.16594937 -0.10878029 1
3.2142224 0.18389219 -0.14538753 5
4.8281631 0.16322424 -0.12980889 1
0.34141305 0.23229881 -0.18658945 2
3.0543432 0.28828076 -0.13015784 21.5
3.1457908 0.23619324 -0.15002881 22.5
-2.7725642 0.35138428 -0.10580979 118
0.3711234 0.38846588 -0.16417955 5.9000001
0.4387264 0.39030787 -0.13024697 6
0.55672657 0.39507481 -0.15107647 5.4444447
0.6414113 0.39741039 -0.14699057 5.4285712
2.885596 0.39933193 -0.17354488 24
2.9398637 0.36394182 -0.14296938 24.25
3.0118489 0.31955075 -0.13511878 23
-2.7638004 0.47321787 -0.11475778 114.66666
-0.14141828 0.43430737 -0.18420124 3.5
-0.043982286 0.42751136 -0.1682042 6.3333335
0.37678647 0.40032479 -0.19024135 5
0.44211191 0.40323138 -0.15964951 5
0.57866722 0.40220127 -0.17133379 5
0.65381253 0.40360394 -0.14047346 5.125
2.7613716 0.48277286 -0.1722649 25.5
2.8354547 0.43186903 -0.15815143 25.25
-2.7569637 0.56029117 -0.12388843 106.75
-0.14305192 0.51494557 -0.19858906 2
2.6422966 0.56138271 -0.17978366 25.333334
2.7170658 0.51696789 -0.1622005 26
-2.7481029 0.65604955 -0.13975641 108.75
-2.5330288 0.68584001 -0.14579061 33.5
-2.3922448 0.68496299 -0.14588773 84
2.478337 0.66217709 -0.12708232 26
2.5500734 0.61660653 -0.13956387 24.666666
-2.7106078 0.70480049 -0.16929145 69
-2.3833735 0.74778062 -0.16095154 91
1.5740863 0.7963956 -0.17749532 1
2.4745662 0.70480967 -0.14316709 0
-2.3789506 0.83741724 -0.16030678 83.5
1.1942377 0.87933528 -0.12430658 10
1.2295818 0.86362618 -0.11087632 9.25
1.439553 0.82860518 -0.17973574 2.1428571
1.5401846 0.80918837 -0.17475507 2
1.8329802 0.83198369 -0.11937115 8
1.9703648 0.8796196 -0.15300813 14.6
2.0334566 0.86649609 -0.17584789 28.333334
-2.3725657 0.93018746 -0.18427464 81.5
0.96197671 0.97355276 -0.16010495 11.142858
1.0680004 0.96367127 -0.12460206 12.25
1.1516935 0.94486922 -0.17169482 9.583333
2.4601011 1.0419148 -0.12092457 15.5
2.5549812 1.035526 -0.16792886 22.799999
2.698 1.0507915 -0.19709429 45
2.7733328 1.0485092 -0.18294851 42
2.8570976 1.0484357 -0.1689423 50
2.9367466 1.0442448 -0.1534757 45
3.01719 1.0370647 -0.13733773 43
3.1537633 1.0266831 -0.11306782 42.5
-0.90044683 1.2926055 -0.11649226 13
-0.83740717 1.2925321 -0.14960675 13
-0.76089013 1.287081 -0.19028804 13
-0.65582234 1.2878749 -0.14538659 15.285714
-0.5693658 1.2768009 -0.16765943 16.799999
-0.47049475 1.2632135 -0.13567312 15.666667
-0.35600463 1.2537068 -0.15855087 21.666666
-0.23519027 1.2477614 -0.15379836 23.666666
-1.9087263 1.38234 -0.14670521 69.5
-1.8593985 1.3734385 -0.16028136 52.75
-1.7616019 1.3687894 -0.16778389 63.5
-1.6301441 1.352253 -0.13351531 44.599998
-1.5528915 1.3385611 -0.1463531 31
-1.449757 1.330604 -0.17611064 64.333336
-1.3284823 1.3384758 -0.16302319 79.333336
-1.1287138 1.3207546 -0.14235826 29
-1.0589936 1.3179083 -0.15461437 16
-0.98862392 1.3006407 -0.18837242 15
-0.87212652 1.3047622 -0.14053248 19
-0.7885105 1.3008277 -0.16172922 18.666666
1.2909259 -7.0301647 -0.063710615 98
1.6585745 -7.034657 -0.0041327374 98
1.9907352 -7.0447755 -0.007420403 106
-0.23893653 -6.9114771 -0.014905695 79
-0.13726854 -6.9318008 -0.028300423 136.5
-0.035945289 -6.9359603 -0.070976861 135.33333
0.051422626 -6.9469409 -0.03416035 144
0.2621645 -6.9606662 -0.088563472 124
0.53912061 -6.9878311 -0.012480428 120
0.68951887 -6.9874492 -0.080848679 132
0.79478472 -6.989984 -0.074585661 132
1.4062604 -6.8157058 -0.065293916 40
2.3166735 -6.8922939 -0.012826514 38
2.2695522 -6.6227674 -0.031467263 25
0.46024695 -6.5183563 -0.070189074 24
2.8525045 -6.1505718 -0.017129082 43
2.8986139 -5.7221236 -0.033577811 48
2.8549473 -5.1401253 -0.077571802 52.5
-3.1510689 -4.2591887 -0.047360867 56.5
3.0111387 -3.8086355 -0.081470385 75
2.9628546 -3.6304262 -0.04383998 68
3.0208974 -3.6834006 -0.047476165 75
-3.090322 -3.5197608 -0.061037324 58.5
2.9779773 -3.5940902 -0.046430584 65
3.0300131 -3.5679986 -0.01427525 75
-3.0494881 -3.2314153 -0.062261008 92
-3.0277145 -2.7098346 -0.032422855 62.5
-3.0259914 -2.5773392 -0.030660797 69.5
-3.0143509 -2.4087596 -0.057191283 61.5
-2.9668508 -2.3352132 -0.080273941 62
4.7922063 -2.3182828 -0.056098219 1
4.9794912 -2.3294964 -0.018974368 9
-2.9607272 -2.2485209 -0.054869886 67
2.6482069 -2.2130113 -0.026294488 32
4.56111 -2.2749794 -0.08932735 1
4.9512329 -2.2442355 -0.090919316 2
-2.9586596 -2.1701767 -0.031150948 66
2.6685905 -2.1848564 -0.074797019 33.5
4.8816667 -2.1160002 -0.055553522 26
-2.9565084 -2.092829 -0.0074386196 67
2.7594757 -2.0713551 -0.060610995 22.333334
4.9244142 -2.0441029 -0.024755027 32
2.8767748 -1.8547139 -0.048091527 26.5
-2.9182518 -1.7248882 -0.096392825 79
-2.9141998 -1.6548496 -0.070420906 79
2.9857197 -1.6713641 -0.019694388 11.5
3.0110188 -1.6355678 -0.065120094 3.3333333
-2.907506 -1.551235 -0.034254275 83
3.1993747 -1.5485578 -0.082472473 12
-0.54431844 -1.1007611 -0.0095872926 9
-0.43908 -1.1086549 -0.055212155 21.25
-0.34245464 -1.1413684 -0.036681633 9.5
-1.0006075 -1.0710962 -0.076552644 0.5
-0.92520797 -1.0581013 -0.051476568 9
-0.84659684 -1.0566146 -0.024546782 7.25
-0.75004321 -1.0688244 -0.050355159 9.6315794
-0.66859198 -1.0853781 -0.077819861 9.333333
-0.56954992 -1.0808811 -0.042586479 11.272727
-0.45745313 -1.0918455 -0.055386718 14.454545
5.1154475 -1.0713797 -0.093418792 15
5.0998626 -0.99301785 -0.078152731 90
5.1014028 -0.91896522 -0.064632848 51
5.1029172 -0.84489709 -0.052526634 49
4.7845273 -0.71642643 -0.038046215 35
4.7812285 -0.64751738 -0.029452879 37
4.7766895 -0.54612678 -0.017651733 47.5
-2.7806997 -0.44081712 -0.093724921 108
4.7827873 -0.44629061 -0.0081662433 53
-2.8280754 -0.3139255 -0.084516257 108
-2.7536764 -0.37102997 -0.086773865 97
4.7825007 -0.34766763 -0.002124059 51
-2.8214583 -0.2466701 -0.081194185 111
-0.25603324 -0.20544298 -0.074709862 1
-2.8124478 -0.15238138 -0.084389545 107
-0.23418741 -0.17019916 -0.061820455 0.94594592
-0.1942288 -0.1612421 -0.046860497 1
-2.8074436 -0.07678058 -0.082419001 112.33334
-2.7973099 -0.02363771 -0.083773293 114.5
-0.25811061 -0.090336032 -0.075230211 0
-2.7954159 0.046441812 -0.082938582 117
-0.34449309 0.086927623 -0.066423461 2.231884
-0.22549352 0.099435344 -0.027212393 0
-0.19452092 0.09825585 -0.02522802 0
4.7896037 0.077979341 -0.00037963403 47
-2.789042 0.15085492 -0.084527053 124
-0.32057387 0.11010889 -0.050860189 2.8571429
-0.24811359 0.12390888 -0.024124518 4.818182
-0.1917765 0.11632542 -0.031642117 0
3.2149565 0.18816686 -0.090712219 12
4.7919378 0.1422407 -0.0032457495 43
-2.7786436 0.25523368 -0.089204267 116
3.0770791 0.27916238 -0.019288454 24
3.1450028 0.23550782 -0.054795578 24
4.8113899 0.20622492 -0.0079116495 2
-2.7662187 0.36798993 -0.089900993 112
0.46998951 0.3791241 -0.067981921 6.5555553
0.54530424 0.38886011 -0.046555374 6
0.66715664 0.39360628 -0.048758276 5.2105265
0.7164607 0.39527926 -0.032264091 4.625
2.8808541 0.39793298 -0.040171292 25
2.9506283 0.35599321 -0.031894825 23
3.0149074 0.30982873 -0.023573276 23
-2.7682147 0.44313064 -0.096394584 115
0.47883886 0.4018372 -0.076099321 5
0.52537924 0.40636724 -0.02547276 5
0.65828645 0.40136516 -0.091434181 4
0.70597053 0.40077674 -0.053765852 5.6666665
2.7791688 0.46426269 -0.056487028 27
2.8385937 0.42539856 -0.046236683 26
2.5896094 0.59255964 -0.097527668 26
2.6551256 0.54852599 -0.081896782 27.666666
2.7324581 0.50363141 -0.066943198 28
2.4840202 0.66230178 -0.040773496 27.5
2.5483155 0.61616433 -0.015183009 26.5
2.4834497 0.71201533 -0.060552794 3
1.1965415 0.8722831 -0.062804922 10.5
1.2433684 0.87544179 -0.068026461 9.6923075
1.3422668 0.88257682 -0.035305403 4.375
1.4128393 0.86372584 -0.03003105 2
1.6973239 0.82408959 -0.095980242 5
1.7561207 0.82404518 -0.067163855 2
1.8234293 0.85908282 -0.054169878 13.5
1.9421566 0.89648706 -0.094741136 9
2.051511 0.89579189 -0.015444127 2
0.98580199 0.97768396 -0.057799038 15
1.045585 0.98260063 -0.054341074 15.466666
1.1424972 0.9714458 -0.028043577 11
1.2015154 0.93363428 -0.029854976 7.5
1.971959 0.93046927 -0.046956785 17.25
2.0462232 0.90753305 -0.02678591 21
2.1565781 0.95074093 -0.042611632 77
1.0885231 1.0058196 -0.068793535 9
2.3777237 1.0555187 -0.052568674 23.666666
2.4292874 1.0565219 -0.057748977 26.666666
2.5110214 1.0651592 -0.0085423784 53
-2.3554561 1.2655672 -0.017511327 79
-1.0348506 1.2959801 -0.049283538 14.333333
-0.94829088 1.2926126 -0.091327555 14
-0.85607195 1.2914596 -0.03132784 16
-0.76934212 1.2861611 -0.068043336 16
-0.64606303 1.2764083 -0.040615749 15
-0.56107819 1.2694103 -0.064911239 16.166666
-0.45751038 1.2590646 -0.039517757 18.25
-0.351504 1.2485228 -0.052644394 20.75
-0.25198099 1.2468727 -0.045934498 23.777779
-2.3496063 1.3455222 -0.046393875 36.5
-2.1544595 1.3709393 -0.0015932553 32
-2.0354843 1.3666553 -0.027821612 10
-1.9074327 1.382491 -0.055223953 69.333336
-1.8566173 1.3728567 -0.048823234 73
-1.7455173 1.3679832 -0.050816655 69.333336
-1.6245546 1.3540872 -0.036052171 74
-1.3393455 1.3336384 -0.045743521 78
-1.2522497 1.3250625 -0.068617173 69.333336
-1.1191365 1.3138826 -0.015406881 16
-1.0688688 1.3161473 -0.06120703 18.166666
-0.26853278 -6.9221158 0.079822622 137
-0.14124428 -6.9401827 0.017415006 127
-0.070876218 -6.9472814 0.063780852 125.66666
0.0027462901 -6.9389548 0.087760203 132
0.16195273 -6.953053 0.038835384 141.5
0.81147081 -6.9927278 0.039968781 128
0.91604108 -6.977191 0.045543488 63
1.3344095 -6.8107109 0.084279254 41
1.1808103 -6.6258168 0.09317489 31
0.39161277 -6.5091872 0.072257452 17
2.8707395 -5.8785391 0.08333987 52
2.9103177 -5.4796085 0.060957294 48
2.8397281 -5.2583542 0.036064971 49.5
-3.149991 -4.2290697 0.086667642 58
2.9545627 -3.7047658 0.038444702 65
2.9660428 -3.6605341 0.031966481 66
-3.0938737 -3.524899 0.047014985 59
3.022265 -3.5457377 0.041351654 75
3.0323417 -3.4369688 0.071344472 80
-3.0639877 -3.2273738 0.058020607 77.5
-3.0293634 -2.71085 0.073339857 62.5
-3.028934 -2.5690198 0.063569017 68.5
-3.016113 -2.4058557 0.053796817 60.666668
2.622335 -2.258471 0.04798406 35
4.7421675 -2.1169469 0.01763311 1
4.9682655 -2.1424537 0.052550256 23
-2.9481776 -2.0129523 0.013198345 77
2.8034036 -2.0011406 0.0018891013 13
5.0227227 -2.07934 0.087704889 39
-2.9444158 -1.9384637 0.033556264 76
2.8299916 -1.9298328 0.051930219 26.799999
4.9535522 -1.9655213 0.0056330068 28
5.0341163 -1.9097129 0.033507142 33
-2.9432564 -1.8661909 0.053362872 83
2.8535032 -1.8869632 0.012278645 31
5.1582103 -1.868886 0.062600657 18
-2.923667 -1.7500877 0.080269583 72.5
2.9594889 -1.7249972 0.046323635 24.200001
-2.8982284 -1.4494851 0.00021738846 80
4.2535706 -1.422123 0.070948981 64
-2.8953519 -1.353508 0.031882316 84
4.3292704 -1.3753965 0.09249118 15
-2.8883739 -1.2563097 0.060769368 88
-2.8787656 -1.1619753 0.087950341 91.5
-0.56699985 -1.1007764 0.0033021374 9
-0.43989694 -1.1053848 0.060164273 21.222221
-0.35965994 -1.1312529 0.051306318 17
-0.9282732 -1.0622907 0.050327517 6.9000001
-0.85607523 -1.0698287 0.044267233 8
-0.75991535 -1.0726103 0.052195597 10.2
-0.63323146 -1.089066 0.062839478 10.090909
-0.57426071 -1.0836246 0.037020076 11.2
-0.45639461 -1.0945022 0.050766457 18.25
4.7800159 -0.24810661 0.0018434554 46
5.2404866 -0.20478751 0.0038679121 76
4.7847672 -0.11767875 0.0046163863 30
-0.32497317 -0.027441464 0.094918042 0.50673854
-0.27071685 -0.022761401 0.0077698119 0.30283353
0.60438341 -0.00014340979 0.0043397537 0
4.7885284 -0.052392993 0.0045662625 35
0.57206106 0.017288715 0.005014718 0.26648045
0.60157484 0.0021609508 0.0033573292 0
4.792264 0.012908309 0.0031024693 54
-0.24289687 0.12056765 0.0048071933 0.16666667
0.56875962 0.38877353 0.02893961 5.818182
0.65772784 0.3868258 0.05477196 6.0250001
0.71971792 0.39404309 0.052195683 5.5454545
2.9295273 0.36678386 0.0879713 26.5
0.55920553 0.40161335 0.010848831 5
0.64337379 0.40444925 0.054022525 5
0.73373264 0.4008472 0.038279187 5
2.7680309 0.47539169 0.049623214 27
2.8278432 0.4291209 0.066232778 27.5
2.6409376 0.55530894 0.014443108 29
2.7218688 0.50242263 0.037933387 28
1.1928279 0.89947563 0.025300227 15
1.2004372 0.89316368 0.0076218238 14
1.3648449 0.88395756 0.033077925 6.4000001
1.4268382 0.87865692 0.0511586 3.25
1.566649 0.88257235 0.071174257 1.3333334
1.6269257 0.87973011 0.070340857 1.75
2.0267227 0.89919543 0.001839283 1
-2.3777201 0.94137049 0.084809735 94
1.1764582 0.96598035 0.040126059 10.666667
1.2091131 0.94836688 0.065003738 8.666667
1.3293855 0.90502405 0.088193923 7
1.4121292 0.90487075 0.097154185 5
2.0376563 0.91826952 0.0093092937 6.5
2.1250799 0.95904124 0.018439632 152
-2.3694153 1.0375926 0.057108171 87
0.96566492 1.0061827 0.02831349 16.333334
1.0229628 1.0173448 0.079877861 15
1.1689183 1.0046359 0.051450163 12.5
2.3764541 1.0758501 0.041262127 62
2.4653134 1.0678546 0.073159441 65.5
2.5730827 1.0607414 0.0066590896 50
2.6345155 1.0542989 0.021142244 48
2.7455778 1.0494747 0.044021152 48.5
2.8651838 1.0440147 0.068167299 52
2.9485464 1.0385303 0.084421605 45
-2.3624628 1.1434959 0.04986212 104
-2.3595779 1.233615 0.050561655 107.33334
-0.94001269 1.2890636 0.03576982 13
-0.85271221 1.2823863 0.058982462 17.25
-0.77336073 1.2813207 0.048924644 15.857142
-0.66751844 1.2702488 0.043484725 16.799999
-0.57779771 1.2649205 0.039307285 17.666666
-0.44174209 1.2516822 0.059264839 17.75
-0.34531552 1.2422069 0.033199504 19.9
-0.24678159 1.2461622 0.061545491 23.9
-2.3473349 1.3556051 0.043328643 112
-2.2566376 1.3841007 0.016199652 54
-1.9049567 1.3752674 0.05232979 73.333336
-1.8575358 1.3677883 0.057128329 78.333336
-1.7484607 1.3655895 0.056662157 74
-1.628404 1.3491715 0.061371725 62.666668
-1.549798 1.3383615 0.054421619 65
-1.4498963 1.3335345 0.015220974 73.5
-1.3375078 1.3265771 0.057481278 70.800003
-1.2608066 1.3164413 0.047821488 75
-1.1759396 1.3127818 0.011331277 46
-1.0631497 1.3094691 0.057844985 18.5
1.7860295 -7.0544004 0.11593402 103
2.1253979 -7.074872 0.11302596 109
-0.37266433 -6.9184866 0.15676054 89.5
-0.2862649 -6.926249 0.12382009 133
-0.14911626 -6.9444079 0.14936477 129.5
0.029515227 -6.9612331 0.10492492 141
0.16025841 -6.9507637 0.10452566 147
0.31418687 -6.9404039 0.19485514 117
1.0373462 -6.9764028 0.16209801 59
2.2151341 -6.7414312 0.12766868 20
0.47603115 -6.5993094 0.13812451 26
0.90428454 -6.5106053 0.14898334 48
2.8831995 -5.6155348 0.17400058 54
2.8200259 -5.4238992 0.16563718 48
2.8408058 -5.3585172 0.14132792 41
2.9229445 -5.2456713 0.15155672 54
-3.1508038 -4.2080708 0.1749718 55
2.9508336 -3.8031111 0.19469999 59
2.9533935 -3.7579393 0.11743076 63
-3.0888648 -3.5159187 0.15544751 61.5
3.037657 -3.3194718 0.12595551 78
-3.0730822 -3.2201693 0.14819503 78
3.0418646 -3.2181582 0.15585794 93
3.0399849 -3.1898065 0.19965635 99
-3.0304711 -2.7087207 0.15308185 60
-2.985146 -2.6984496 0.13219023 28
-3.0324512 -2.5587335 0.15677142 68
-2.9844692 -2.5986779 0.16744688 42
-3.0188773 -2.4024379 0.14328671 63
-2.972647 -2.4934075 0.19994305 63
-3.0144598 -2.3932507 0.18795565 66
2.5910699 -2.320226 0.14904958 83.5
2.602257 -2.287251 0.11536854 35
2.7744589 -2.0160232 0.19465666 33
5.1608787 -2.0526104 0.12250696 51
5.2569971 -2.0036798 0.15682374 92
2.7875617 -1.9893882 0.16497761 32
2.8042569 -1.9628408 0.12123235 33.5
5.2743406 -1.9191065 0.18786678 79
2.9053524 -1.8102121 0.17317532 32.5
2.9389732 -1.7597681 0.13311222 22.4
-2.9246795 -1.6507019 0.10498801 81
2.9981523 -1.6658946 0.18989576 27
5.3192415 -1.6472824 0.13959448 102
-2.9166088 -1.549769 0.12781429 81.5
-2.9107108 -1.4530145 0.14868905 86
4.2602005 -1.4295715 0.17160691 61
5.3754439 -1.4780157 0.18211555 111
-2.901597 -1.3564926 0.16801655 80
4.2573967 -1.3577873 0.19223271 66
-2.9002988 -1.2666142 0.18569162 91
-2.8878331 -1.2034065 0.19594175 107
-0.36155182 -1.2128028 0.10772511 2
4.515449 -1.2881031 0.13418798 55
-0.53665924 -1.1036053 0.18672784 11.666667
-0.45178747 -1.107689 0.13960288 15.538462
-0.36618164 -1.1382771 0.14062476 12.444445
-2.8738222 -1.0413554 0.12015019 91.5
-0.92928946 -1.0684031 0.15444165 9
-0.83283454 -1.079253 0.16954646 9.375
-0.75186306 -1.0796607 0.14285956 10.153846
-0.63362277 -1.0886343 0.15481994 11.111111
-0.55281943 -1.0888683 0.14306074 11.769231
-0.4655163 -1.0957931 0.16725092 11.833333
-2.8702042 -0.95275193 0.14244348 97
-2.8637266 -0.86299443 0.16279608 94.5
-2.8595872 -0.74932331 0.18605185 93.5
0.57786167 0.019263335 0.11475009 0.62718207
0.60660249 0.0062122326 0.11115696 0
3.063375 0.27964306 0.11425244 22
3.1594963 0.2222333 0.12941343 23.5
0.59064549 0.37909219 0.17925505 7.1666665
0.64868504 0.38429892 0.14605173 6.9523811
0.73390102 0.38959658 0.15237185 5.7894735
3.0064149 0.31542078 0.10352606 26
0.66915131 0.40230703 0.12529492 5.6666665
0.72177529 0.40118441 0.10863321 6
2.7316022 0.4934459 0.1911889 30
2.5712633 0.59500068 0.1503372 30
2.6470244 0.54503465 0.17025496 29.666666
-2.7055545 0.69076908 0.19023056 75
-2.446486 0.68179619 0.15682541 70
-2.3936067 0.69357556 0.19115855 91
2.4662538 0.67992914 0.11405667 19
2.5198152 0.63047731 0.13387465 31
-2.3909049 0.76208889 0.15611041 94.25
-2.3835063 0.85798895 0.13591981 89.25
1.5710865 0.89329356 0.11792133 3.6666667
1.6868916 0.89797819 0.13038467 14
1.7403518 0.8934232 0.13285783 11
-2.3727572 0.97013557 0.14057148 79.5
1.262675 0.94125378 0.13915659 7.125
1.3543314 0.92414623 0.14187783 6
1.5391557 0.91717041 0.1717993 5.75
1.6409268 0.90712988 0.15417078 8.5
1.7327054 0.90594417 0.1700099 8
1.9625363 0.99068725 0.18197098 30.5
-2.3624847 1.0735636 0.11725581 84.5
1.0681465 1.0331166 0.14653918 15.2
1.1359489 1.033866 0.16432564 12.454545
1.2063659 1.0301781 0.14011434 11
2.5689771 1.0641364 0.10692668 59
2.6395826 1.0583448 0.13033625 59
2.7540152 1.0483165 0.16599329 54.5
3.0362146 1.0322207 0.10201078 49
3.1267979 1.0240377 0.11953225 44
3.2314398 1.0184726 0.13826458 48
-1.0169725 1.2876201 0.19918959 14
-0.94494337 1.2852598 0.1595857 13.666667
-0.84860551 1.2816792 0.14423333 17.571428
-0.79772568 1.2844771 0.12942657 19
-0.64886481 1.2685369 0.16596712 16.200001
-0.56421715 1.2611885 0.14927492 16.09091
-0.45522943 1.2506229 0.14619151 19.299999
-0.35114723 1.2422657 0.15850721 18.545454
-0.26218525 1.2445858 0.13710722 26.4
-1.920206 1.3749648 0.1604479 70.333336
-1.8698589 1.365003 0.16275963 73
-1.7550089 1.3625135 0.14675084 77.5
-1.6479787 1.3483486 0.12763737 56.5
-1.4265715 1.3249817 0.11510984 9
-1.338729 1.3311988 0.13919 85.333336
-1.2252673 1.3089263 0.18803647 72
-1.121347 1.3082066 0.15442379 24.799999
-1.0623285 1.3081729 0.15271193 17.25
1.1539025 -7.0360074 0.26442683 114.5
1.2869242 -7.0537128 0.23854151 83
2.2296805 -7.0751915 0.27676111 38
-0.52523762 -6.9123931 0.25069878 136
-0.41213632 -6.9215589 0.21485336 139
-0.25275627 -6.935154 0.26397604 127
-0.16047466 -6.9446931 0.25478879 138
-0.07673984 -6.9485059 0.24263167 142
0.027513914 -6.9629049 0.23572466 117
0.27984425 -6.9627376 0.2239307 144
0.31445435 -6.7053418 0.21886779 33
1.0324306 -6.7421918 0.2692253 42
1.8581758 -6.7662578 0.22649056 41
2.0999749 -6.6049647 0.28129971 27
0.4258495 -6.5116358 0.28762642 19
2.1226401 -6.5204058 0.21631424 26
2.8041151 -5.5484772 0.29262361 42
2.8315778 -5.4913778 0.26321307 35
2.8985577 -5.3764992 0.25891784 58
2.9356382 -5.0380406 0.23379582 58
-3.1525221 -4.1880732 0.26219198 57
2.9386821 -3.8650603 0.24519181 62
-3.0180435 -3.4202108 0.26039812 71
-3.0861452 -3.2138162 0.23851585 83
3.0469747 -3.112107 0.2060992 102
3.0464382 -3.0410008 0.25006306 93
3.0360267 -2.9307854 0.28639972 82.666664
3.0126562 -2.8684549 0.22020873 95
-3.0331907 -2.7062125 0.23369265 62.5
-3.0329866 -2.5416763 0.24981982 73
-2.9716885 -2.4005883 0.23151277 70
-3.0201263 -2.3894625 0.25477746 61
-2.973851 -2.3128872 0.26165113 67
-2.9641635 -2.2166486 0.28850579 68
2.7561882 -2.0427241 0.25603664 32.75
2.873759 -1.8533385 0.24543186 34.799999
3.0168824 -1.6331077 0.23117295 22
5.3579526 -1.6779431 0.27468112 150
3.0382662 -1.5831013 0.2566067 37
3.1313648 -1.555712 0.26923546 108
5.3742595 -1.3840528 0.20044461 94
4.4848289 -1.2582908 0.25464398 59
5.3851924 -1.2947967 0.21781217 93
-2.8849978 -1.1449887 0.20567016 91
-0.64901894 -1.1029494 0.26039523 9.875
-0.56950623 -1.1040897 0.2291913 13
-0.46530637 -1.1060148 0.2557891 12
-0.35905066 -1.1478928 0.24163164 7
5.2699928 -1.173473 0.22711413 18
-2.8822832 -1.0589879 0.21956974 89
-0.93885523 -1.0769765 0.24135664 6.7142859
-0.834306 -1.0842246 0.2478984 9.8888893
-0.74800247 -1.0848866 0.26232263 10.5
-0.64647263 -1.0859288 0.24175279 11.285714
-0.56943172 -1.0924262 0.24461392 11.777778
5.1356406 -1.052587 0.23323163 61
-2.8727884 -0.9448325 0.23538148 96
5.1401801 -0.96744335 0.24432825 55
-2.8664341 -0.83493066 0.24869224 96
5.1540833 -0.84204805 0.25941449 42
-2.8574743 -0.72631431 0.26031494 97.5
5.1835289 -0.72044945 0.27139121 20
-2.8519144 -0.63888544 0.22722687 98
4.981936 -0.60705006 0.26525742 3
-2.8519738 -0.56385034 0.25616512 103
5.0099254 -0.53031826 0.27091253 1
-2.8465486 -0.49344242 0.25390899 101.5
-2.7749729 -0.42922503 0.25183761 94.5
4.7339902 -0.42063567 0.25693256 86
-2.8329673 -0.33453825 0.26596442 102.5
-2.7706771 -0.37734759 0.25626445 95.5
5.1487722 -0.38089201 0.28279337 15
-2.8263683 -0.25618994 0.27066633 109.25
5.2419548 -0.22148257 0.28710058 40
-2.8198056 -0.15275168 0.27425721 107.5
5.2377892 -0.13844423 0.2842024 41
-2.8116944 -0.049686093 0.27561733 109.25
5.2201023 -0.05470369 0.27802336 40
-2.8067081 0.03757723 0.27628395 114
4.7726145 0.025986837 0.2465062 55
-2.7962403 0.12921052 0.27187282 106.75
3.1901464 0.19681458 0.27599463 21
4.7671881 0.1000047 0.24074464 45
5.3270307 0.19429885 0.26360089 20
-2.791558 0.2325635 0.26770899 109
3.0801671 0.27426293 0.25881714 25
3.1358187 0.23657052 0.26740599 25
-2.7816467 0.3355327 0.26004738 113.5
0.57147002 0.37925634 0.25879395 5.6363635
0.63809067 0.38043872 0.24080764 6
0.74667364 0.38285381 0.24910948 5.3499999
2.9365683 0.35854363 0.23448649 25.5
3.0126069 0.30843735 0.24826533 26
-2.7730398 0.43946493 0.25052828 111.25
2.7670758 0.46385634 0.20019537 27
2.8368893 0.42069662 0.21521254 28
-2.766783 0.54427701 0.2389483 108.75
2.5954731 0.58402646 0.2870867 32
-2.750803 0.64834321 0.22384527 97.25
-2.4729459 0.66932458 0.20537895 29
2.4712751 0.66203809 0.23604515 31
2.52701 0.6224131 0.26097304 30.5
2.4766109 0.70225787 0.22413296 36
1.2657316 0.95356125 0.21074219 8
1.3744042 0.95406103 0.21106367 4
1.5142076 0.92972898 0.2110745 4
1.8723657 0.9817549 0.20588563 9
1.9745399 0.94900888 0.20014784 40
2.0864158 0.98638421 0.22689046 137
1.0866629 1.0284045 0.20145343 20
1.179374 1.0546546 0.21900341 9.5
1.3542939 1.0955936 0.24463312 9
1.4788958 1.096375 0.254581 10
1.5984292 1.0290083 0.23819768 5
1.754265 1.0741861 0.2644695 63
1.8809866 1.038546 0.26178381 63.666668
1.9320358 1.0509211 0.26494059 35.333332
2.0551918 1.0420372 0.26779088 132
2.2900696 1.076285 0.26882178 66
2.3521769 1.0741429 0.29110128 67
2.8910668 1.0427048 0.20549774 57
2.9745641 1.0311397 0.23146814 34
3.0862579 1.028103 0.26120374 27
3.1607735 1.00635 0.28799552 34
1.1790129 1.1255275 0.22780649 16
1.2383217 1.1406275 0.26365143 13.75
1.3398165 1.1315762 0.28512487 15
1.4773114 1.1156237 0.28710642 13
1.6425676 1.1151736 0.27596706 15.2
-1.1842344 1.299957 0.28685644 61
-1.0614182 1.298815 0.22172993 15
-0.84471172 1.2765778 0.24702044 19.5
-0.74355793 1.2680793 0.26995453 13
-0.66900426 1.2627114 0.23461755 14.875
-0.55631572 1.2575389 0.27097166 17
-0.45812976 1.2494034 0.24088283 17.916666
-0.34759703 1.2393204 0.2483561 24.333334
-0.26289549 1.2467049 0.24754639 28.166666
-2.1472337 1.3731341 0.26633596 20.5
-1.9320668 1.3636274 0.26696596 62.666668
-1.8754964 1.3574809 0.25877988 64.666664
-1.7627296 1.3536153 0.23639362 46.200001
-1.6554152 1.3507897 0.23892851 73
-1.4329735 1.3210815 0.29294133 64
-1.3551605 1.3233205 0.24680045 79.400002
-1.2907815 1.3128496 0.22161067 69
-1.1202769 1.3050481 0.25426194 17.6
-1.0659252 1.3066546 0.26443258 20
1.0693808 -7.0453587 0.39852384 123
2.0401695 -7.0588775 0.35680121 76
2.3829701 -7.060658 0.35724631 42
-0.65989494 -6.906106 0.36668736 138
-0.53778267 -6.9148479 0.3045111 137
-0.42026758 -6.9089808 0.3001616 42
-0.37961394 -6.9207268 0.35199621 137
-0.2680023 -6.9433174 0.30315992 124
-0.19999686 -6.9513736 0.32130545 131
-0.083153687 -6.9595428 0.39753121 133
0.15268475 -6.9651022 0.32706371 88
0.22804615 -6.9818554 0.37725013 125
1.1943426 -6.8277321 0.38511485 40
0.40303531 -6.6862221 0.32994825 27
2.8196352 -5.6213841 0.38833165 25
2.9096375 -5.150486 0.33682221 60
2.9361689 -4.8190508 0.30782947 55
2.9470785 -4.6324944 0.38008142 54
-3.2186487 -4.2602925 0.35474628 81
2.9204834 -4.0144048 0.39530057 59
2.9317365 -3.9409242 0.33456483 60.5
-3.0278928 -3.4261529 0.33176342 85
-3.0347199 -3.2306478 0.32871658 26
-3.071882 -3.1626337 0.35687277 62
-3.0275764 -2.9903731 0.38034856 58
2.9992869 -2.9735856 0.33765146 78
3.0059071 -2.9485216 0.33746523 73.5
3.0569668 -2.8708158 0.33313 47
3.0511777 -2.7981493 0.34289846 150
-3.035285 -2.6967402 0.3415418 61.5
-3.029829 -2.5182786 0.34076208 69.5
-3.0199983 -2.3752804 0.34381285 64
2.6352432 -2.2661524 0.3144713 17.5
-2.959172 -2.1276083 0.31502149 76
2.6830766 -2.1741896 0.37460721 11.5
2.7071242 -2.1156931 0.38468865 32
-2.9530358 -2.0394986 0.33957988 77
2.7317317 -2.0854208 0.33705258 33
-2.9495049 -1.9554942 0.36354804 74
2.8288374 -1.9144702 0.36073756 32
-2.9464457 -1.8735014 0.38666311 79
2.8571897 -1.8820237 0.30194274 32
3.058373 -1.5562654 0.30033398 36
3.1499903 -1.5501026 0.3349342 94
3.220243 -1.5355139 0.333689 30.5
5.3773117 -1.4153508 0.34368092 82
5.3730407 -1.3265871 0.36380437 108
5.3770366 -1.2356201 0.38326937 100
-0.73268169 -1.1017154 0.35913655 10
-0.66213179 -1.1075662 0.34300217 9.666667
-0.50425273 -1.1091883 0.38912585 12
-0.4732101 -1.1075073 0.34268248 12
-0.36517215 -1.1409781 0.34344086 6.875
-0.94478792 -1.0723566 0.35039973 8.333333
-0.84595364 -1.0831947 0.35742602 7.5
-0.76706517 -1.0852515 0.34907159 10.25
-0.6878432 -1.0978554 0.31031585 10
-0.58880562 -1.095291 0.3601062 12
5.1208496 -1.0457268 0.38667116 55.5
5.4397717 -0.31801009 0.30119115 98
0.49780917 0.35797092 0.35505635 4
0.55183339 0.37585518 0.34318542 5.4285712
0.64319927 0.37454033 0.34737077 5.4000001
0.73639315 0.379599 0.35397542 5.9166665
0.80674011 0.38023275 0.36491206 6
2.8813643 0.39167336 0.39112991 29
2.7525716 0.47756249 0.34692419 31
2.8272831 0.42678225 0.37321562 30
2.657675 0.53951716 0.31257886 32.5
2.3781803 0.84992188 0.35776594 38.666668
2.4754989 0.81463385 0.39495382 30
2.3729215 0.94496387 0.33275983 56.5
1.5782197 1.0954193 0.34469154 13
1.6930062 1.0953842 0.3789933 56
1.7562467 1.0947148 0.34789968 58
1.8544472 1.0806466 0.35288012 55.333332
1.925616 1.0796853 0.31264389 46.5
2.1741643 1.0845317 0.3067649 68
2.2578306 1.0769958 0.34834373 64
2.3707163 1.0426604 0.33943129 61.666668
-2.3731647 1.1689978 0.38994518 111
1.2928759 1.1301517 0.37660515 17
1.3428279 1.1345397 0.33745667 12.166667
1.4370772 1.1222235 0.36364642 12.166667
1.5560609 1.1023728 0.38205916 13
1.6203113 1.1075008 0.31118035 13
1.7416351 1.1168294 0.349821 14.2
1.8380324 1.1147431 0.3840968 66
-2.3666873 1.2540551 0.36863428 113
-1.1462216 1.2959319 0.35591277 17.333334
-0.92229271 1.2818683 0.38619694 17
-0.85085791 1.2789884 0.3410309 16.363636
-0.78046048 1.2686514 0.31103882 13
-0.65123302 1.2560213 0.36081347 18.166666
-0.54830825 1.2499167 0.33129707 18.428572
-0.42418271 1.2415634 0.35078427 22.25
-0.35486212 1.231526 0.34071288 22.333334
-0.27253506 1.2348555 0.3476859 25.714285
-2.3564053 1.3384476 0.34479946 104
-2.2842536 1.3819965 0.31035805 59
-2.1441994 1.3610573 0.37037194 50
-2.0146608 1.3567983 0.32674116 58
-1.9354736 1.3664302 0.34290549 68.833336
-1.8043984 1.3579946 0.38438857 68
-1.7916274 1.360513 0.32880059 73
-1.6792871 1.3478407 0.34493253 73.333336
-1.5356436 1.3225713 0.34378579 8
-1.4860473 1.3241793 0.31880528 37
-1.3738896 1.3274492 0.34426621 80
-1.2551386 1.3070091 0.32363045 17
-1.1274494 1.3024974 0.31793487 16
-1.0826179 1.3037251 0.36601725 21.333334
1.1739435 -7.0269008 0.40168002 124
1.2886169 -7.0364084 0.40475321 109
-0.50793904 -6.917325 0.44108483 139
-0.49538219 -6.9158068 0.45253983 42
-0.34395683 -6.9488544 0.45735434 122
-0.27130318 -6.9414573 0.47450677 133
-0.17275614 -6.9554772 0.40923697 132
0.012343412 -6.9751592 0.4165203 133
0.27229685 -6.9604807 0.44511932 65
2.1273301 -6.865694 0.46493411 42
0.34428096 -6.5233035 0.42767212 18
0.53587157 -6.5123005 0.41799095 20.5
2.0312972 -6.5765705 0.41909835 16.5
2.3685048 -6.5278888 0.44369504 22
2.7899978 -5.6819682 0.42444441 36
2.922128 -4.9384532 0.40902454 59
2.9295778 -4.7304487 0.4749482 56
2.9562774 -4.4550118 0.44594851 59
-3.1681502 -4.305366 0.45664072 2
-3.2395647 -4.2643571 0.44428387 74
2.9214706 -4.0609941 0.47620654 59
-3.0444317 -3.433691 0.44068137 73.5
-3.0893984 -3.1600919 0.44481772 74
2.9930427 -3.0439835 0.44357398 75.666664
-3.0094302 -2.8634422 0.4026491 58
-3.0015035 -2.7504311 0.42409483 72
-3.0372906 -2.6822493 0.44995636 60
-2.994432 -2.6404941 0.44386235 69
-3.0368505 -2.5076632 0.41057405 73
-2.9909203 -2.5409029 0.46414304 69
-3.0315661 -2.4839671 0.47710669 71
-2.9827082 -2.437876 0.48108724 79
-3.0225165 -2.360306 0.43363285 63
-2.9823036 -2.3475702 0.49911067 68
2.6852942 -2.1436532 0.45763502 31.333334
2.7124567 -2.1158288 0.40895519 32
2.7955275 -1.9775304 0.46797362 32
2.8071873 -1.9591163 0.44355905 33.333332
-2.9366808 -1.7517529 0.41727653 84
-2.9213789 -1.6297467 0.44537154 93
-2.9204965 -1.555787 0.46285695 86
-2.9155235 -1.4456978 0.48905864 85
-0.99548417 -1.1004879 0.48641306 10
-0.66120249 -1.1103505 0.4600063 9.8000002
-0.51185077 -1.1112347 0.44234216 11.333333
-0.45513457 -1.1130502 0.43924361 12
-0.37216255 -1.1414523 0.45072135 7.875
-0.97695887 -1.0845902 0.44100443 10
-0.85441971 -1.0880451 0.44609538 7.1428571
-0.77563214 -1.092386 0.44627303 9.8000002
-0.59532851 -1.0960321 0.43704432 11.5
5.1264014 -0.92446786 0.40837911 66
5.1551371 -0.84919322 0.42355835 34
5.2895699 -0.7913304 0.4481304 67
5.4116464 -0.72698587 0.47085202 111
5.2959471 -0.62592632 0.46887568 32
5.393599 -0.55560201 0.48640311 52
5.4227228 -0.47524101 0.49667656 118
5.2254505 -0.21444538 0.49136424 41
5.2346697 -0.13489933 0.49488184 38
5.2431688 -0.055377237 0.49770337 39
5.2474256 0.022985462 0.49775326 36
3.1982472 0.18281649 0.48257184 9
5.2502213 0.10228366 0.49783623 35
3.0714037 0.27277943 0.44715694 26
3.1326873 0.22875953 0.46490815 25
0.46982911 0.3583456 0.4531098 6
0.53051025 0.35827112 0.4588522 4.8000002
0.64807826 0.35270408 0.43615451 3
0.75613767 0.36697137 0.42768985 4.909091
0.80641001 0.36846897 0.43040982 5.3333335
2.9660769 0.33356911 0.41685894 26
2.5895667 0.57383639 0.46872142 31
2.6587095 0.53043014 0.49192309 31.5
-2.4069037 0.6712513 0.49385187 89
2.4674973 0.67408818 0.41931754 35
2.5300465 0.61620855 0.44640815 33
-2.406009 0.72260946 0.48583043 99
-2.3995295 0.77043587 0.47664398 97
2.6310499 0.79382241 0.44378391 34
-2.3923173 0.84699368 0.46068907 90.5
2.371352 0.84157026 0.47597688 46.5
2.5570261 0.80741143 0.42039508 14
-2.3856144 0.95066124 0.43948871 90
2.372278 0.94990152 0.44295189 54
-2.3826065 1.0560166 0.44359306 110
1.672002 1.0977373 0.41672572 52
1.7628186 1.0881299 0.45755926 55.857143
1.8219314 1.0830671 0.43444625 55.75
1.913518 1.0999548 0.49426529 79
2.0241704 1.0990919 0.48186088 67
2.379849 1.0428587 0.41529894 57
-2.3737898 1.134757 0.4832553 95
1.2512691 1.1291416 0.44666862 17.200001
1.3877841 1.1220299 0.47769126 13
1.4547085 1.1196237 0.44348219 12.166667
1.5299151 1.1172588 0.44791955 14.2
1.7826815 1.1093827 0.40612352 16
1.8549331 1.1046333 0.43409443 71.333336
1.9484417 1.1042762 0.44326657 64.5
-2.3634439 1.2541181 0.46126777 95.5
-1.1099261 1.2776335 0.49326402 19
-1.0519652 1.2801781 0.46991274 23.25
-0.95277566 1.2825805 0.44712949 17.333334
-0.83080053 1.276294 0.46987256 17.200001
-0.74104774 1.2678035 0.44494572 18.375
-0.63459724 1.2566198 0.44392771 18.75
-0.51586336 1.2372026 0.44693068 19.333334
-0.43263039 1.233886 0.46321258 21
-0.34738556 1.2251067 0.44874874 21.75
-0.27077746 1.2240976 0.44077191 23.799999
-2.353086 1.3453921 0.44270471 93
-2.2999907 1.3768408 0.41979864 55
-2.0111282 1.3671091 0.49475855 64
-1.9660763 1.3641167 0.44789332 66.199997
-1.8373039 1.3550986 0.46963641 51.25
-1.7179422 1.3440517 0.47291103 68
-1.6477454 1.3278167 0.45705336 58.5
-1.5396372 1.3131773 0.46799076 19
-1.4467522 1.3158345 0.47284934 28
-1.3915378 1.3213054 0.43169677 77
-1.1447794 1.3031986 0.4542973 16.75
-1.0944692 1.3005787 0.43455738 21
1.1413064 -7.0537429 0.54892367 120
1.4116251 -7.0284896 0.52483529 82
2.0767291 -7.0688791 0.59109008 33
-0.63540149 -6.9159007 0.52960414 131
-0.18412802 -6.9662418 0.56476855 137
-0.089410804 -6.9745755 0.55238467 134
0.0039390833 -6.9841261 0.5722726 124
0.15353593 -6.9929428 0.53090113 131
0.65380263 -6.993948 0.56700861 129
1.2701362 -6.7723026 0.50592095 43
0.97463703 -6.6683331 0.53103733 34
0.40146539 -6.5206242 0.52936137 4
2.1763937 -6.5375872 0.55611461 25
2.7772529 -5.8244133 0.56200582 26
2.8056805 -5.7525525 0.52020192 24
2.9406371 -4.5414119 0.5372439 54
2.9459398 -4.3534102 0.59398568 58
-3.2494042 -4.2513833 0.53279638 51
2.9619088 -4.2787085 0.50692171 59
2.9383898 -4.1477146 0.57938236 57.5
2.9204488 -4.0986538 0.55406898 58
-3.0602672 -3.4381778 0.55069506 64
-3.0879536 -3.1315975 0.53061163 70
2.9869959 -3.1317854 0.5699836 73.5
2.9937704 -3.0738788 0.50921035 75
-3.0390055 -2.6637208 0.55743718 62
5.2930083 -2.647202 0.57209951 101
-3.0337365 -2.4591985 0.5675267 70
-3.0227356 -2.3329198 0.54519278 62.333332
-2.9761684 -2.2527478 0.51546216 74
2.6444302 -2.2060823 0.58713686 32
-2.9715443 -2.1630661 0.53068167 77
2.6703465 -2.1747615 0.53117764 33.666668
-2.9665642 -2.0743489 0.54450601 78
2.7700124 -2.017695 0.56480658 33
4.7066841 -2.0105214 0.58515543 9
-2.960341 -1.9478923 0.56340641 79.5
2.7827559 -1.996161 0.51797074 32.5
2.8226712 -1.9433779 0.52164924 12
-2.9471319 -1.8218269 0.58004218 78
2.8709135 -1.8380438 0.582295 25.666666
-2.9435184 -1.7432426 0.59048373 87
-2.9317951 -1.6619442 0.59895033 78
4.2302647 -1.4338256 0.59449631 89
-2.9039435 -1.3351347 0.51080328 84
-2.9022994 -1.2661163 0.52545458 82
-2.8966479 -1.1624398 0.54589343 84
-0.70045549 -1.1073784 0.57618439 10
-0.64497769 -1.1137621 0.55517066 10
-0.52946025 -1.1288562 0.54470718 10
-0.4388462 -1.130089 0.5507139 12.2
-0.36679548 -1.153248 0.54513311 5.5
-2.8955457 -1.062935 0.56464046 83
-1.0043935 -1.0952563 0.53888524 0
-0.95259243 -1.0913932 0.54409301 9
-0.89520949 -1.0897993 0.5357334 11
-0.78863233 -1.0907966 0.55036324 10
-0.60175002 -1.0949281 0.50322986 12
-2.8825788 -0.96189797 0.57960725 89.5
-2.8766894 -0.86415517 0.59456801 87
5.4253893 -0.3499569 0.50609183 110.5
5.3273039 0.18483838 0.50451064 20
0.39923617 0.34461546 0.55362976 8
0.47549468 0.35990706 0.54758114 7.8000002
0.53941017 0.36331558 0.54837018 7.1111112
0.64279479 0.36013857 0.54495782 4.6666665
0.70622629 0.35748738 0.56931597 5
2.882653 0.3819637 0.56390971 28
2.9407434 0.34459323 0.58027589 29
3.0074031 0.30661941 0.59932065 28
2.7512865 0.46706319 0.52268374 31.5
2.8267677 0.417447 0.54678184 29
-2.7593827 0.67462337 0.59088558 100
-2.5564752 0.66823107 0.53552115 56
-2.406903 0.6579026 0.54579204 75
2.4718897 0.66719341 0.56232268 40.5
2.521282 0.61720693 0.59308052 33
-2.4012268 0.7102893 0.53998357 92
-2.3978844 0.76558131 0.53449607 79
-2.3921218 0.847067 0.5245806 88.5
2.4392281 0.80756658 0.51316673 15
2.537657 0.80375969 0.55378228 22
2.646754 0.80008692 0.59773886 24
-2.3828516 0.95880198 0.50944614 92
1.6731646 1.0972028 0.57118034 56.5
1.7391623 1.0863919 0.54236215 54.833332
1.9586987 1.0932646 0.52384812 67
2.0519369 1.0914942 0.55311531 66.666664
2.1611357 1.0873536 0.55066818 61.5
2.2592032 1.0843428 0.59771889 74
1.2461256 1.1360292 0.50895751 9
1.3495904 1.1291776 0.55960232 12.5
1.454435 1.1067708 0.54212826 12.8
1.5701313 1.1264099 0.51812744 10.666667
1.6377299 1.1194226 0.56584811 17
1.7055343 1.1160026 0.59258306 19
-1.1591246 1.2941324 0.5316515 13
-0.93622917 1.2729644 0.56134433 19.142857
-0.85739231 1.2728322 0.52866971 14.8
-0.7206189 1.2617474 0.54694635 19
-0.62583929 1.2524304 0.55796552 19
-0.52837068 1.2378079 0.54759884 19
-0.43959284 1.2336009 0.54810512 20
-0.33733371 1.220956 0.54513985 21.5
-0.25910541 1.2157727 0.53704697 21.666666
-2.02 1.3601414 0.5618515 60.5
-1.9568162 1.3539333 0.53177553 46
-1.8639978 1.3559554 0.5573405 65.5
-1.7450606 1.3379999 0.55486172 68.333336
-1.6606796 1.3172674 0.55948758 61.5
-1.5582416 1.3126643 0.54090786 60
-1.4254045 1.321979 0.54223001 74.5
-1.1470534 1.3029461 0.55873919 36
2.0655231 -7.1200676 0.60630846 61
2.6652098 -7.1090178 0.60854858 104
0.79478908 -7.0167675 0.67299789 139
-0.57088661 -6.9246473 0.60581642 33
-0.4167676 -6.9373112 0.6088686 117
-0.34509403 -6.9485741 0.62863815 129
0.07994841 -6.9880037 0.68419141 132
0.25371778 -6.9789772 0.60332412 100
1.5077661 -6.8098307 0.62698799 44
1.3901954 -6.7887607 0.62530041 41
0.51181626 -6.5176678 0.63838643 4
2.7929978 -5.8897309 0.65689677 25
-3.2521319 -4.2273846 0.61993194 35
2.8911908 -4.2471347 0.69592494 54
2.9376235 -4.183208 0.65073061 61.5
2.9651618 -4.0203247 0.69735223 69
2.9820139 -3.9706032 0.62068152 67
2.9843047 -3.8134542 0.67029119 66
-3.0671251 -3.4201207 0.69584292 115
-3.0386631 -3.3988431 0.61820632 79
-3.0254378 -3.1105168 0.69300127 26
2.9820595 -3.1832399 0.64633632 71
-3.0874619 -3.0900464 0.64369619 66
-3.0386751 -2.6390262 0.66516304 59.5
5.2850065 -2.6228845 0.68717855 107
5.2886477 -2.5273345 0.60525161 69
-3.0311892 -2.4258013 0.65603995 73.5
5.2978711 -2.4152243 0.63882506 92
-3.0226049 -2.3080571 0.63425928 58
-3.0244513 -2.2953413 0.67842853 58
2.6362605 -2.2261262 0.64829725 30.25
2.7458329 -2.0443027 0.6351124 31
4.756125 -1.9346863 0.61640549 16
2.8969131 -1.8028287 0.62263441 18
4.7762084 -1.8453521 0.64189798 48
2.9381661 -1.7289283 0.65120173 42.25
2.9888077 -1.6544881 0.67592049 42
-2.9283593 -1.5517578 0.61332875 77
-2.9207056 -1.4421965 0.62490344 85
-2.9121585 -1.3365676 0.63547736 84.5
4.215467 -1.3460724 0.60719419 104
-2.905292 -1.2340869 0.64493245 87
4.2519479 -1.2772173 0.62888849 112
4.3213763 -1.2180054 0.6540364 106
-2.8975205 -1.1339464 0.65269101 84
-0.71868497 -1.1117272 0.65158457 10.75
-0.6264165 -1.1199427 0.66029888 10
-0.54725468 -1.1348233 0.65064788 10.666667
-0.4458473 -1.1420814 0.64919043 11.428572
-0.35985839 -1.1760641 0.65271789 6
4.4956713 -1.1889913 0.69761461 6
-2.892272 -1.0370271 0.65989244 95
-0.92963195 -1.0884116 0.6482091 9.5
-0.81135195 -1.0884976 0.66682762 10
-0.7990098 -1.0897456 0.60700613 10
-2.8822188 -0.94126987 0.66512847 93.5
-2.8777063 -0.84900111 0.67065388 107
-2.8675971 -0.76226521 0.6399101 97.75
-2.8595893 -0.63999057 0.64947575 100
-2.8527305 -0.54929167 0.65543854 102.5
-2.838861 -0.48845959 0.65619135 109
-2.7782283 -0.42117703 0.64452899 105.5
-2.8328598 -0.33145687 0.65845895 106
-2.7993701 -0.37212646 0.66723782 103
-2.8321574 -0.24090593 0.66964418 102.33334
-2.8255455 -0.15747875 0.66491067 105.66666
-2.8186638 -0.056270156 0.66730362 102.5
-2.8122129 0.041502237 0.66381353 107.66666
-2.8043795 0.13490239 0.65851593 104.33334
-2.7977691 0.16791561 0.66540873 98
3.1867929 0.17672227 0.64816719 5
-2.8015578 0.23057538 0.64896148 110
-2.793576 0.26568833 0.65725446 100
3.0685377 0.26537761 0.61701405 27
3.1304648 0.22217786 0.63396847 25
-2.7872055 0.36026049 0.64292336 105
0.49495965 0.36358228 0.6385262 7.5
0.55416429 0.357645 0.62826163 8
0.65371031 0.36219671 0.61775428 7.5
0.70180035 0.35288152 0.60853493 7
-2.7806656 0.44032073 0.6467672 103.33334
2.7188148 0.48541659 0.69229239 32
-2.772439 0.54444557 0.63185918 108.75
2.5667248 0.58671057 0.61690211 35
2.6399035 0.53703028 0.65323806 32.5
-2.7626684 0.6311214 0.62189043 112
-2.6390064 0.6718511 0.60885936 34
2.3586912 0.8465091 0.68315262 58.5
2.3653591 0.93919772 0.67233217 58
1.5507216 1.0992754 0.68147141 58
1.6747416 1.089099 0.6518892 56.5
1.7135122 1.0878098 0.61031425 57.5
2.1510544 1.0790997 0.64729762 64.5
2.3530579 1.047989 0.64839512 63.666668
1.2396756 1.1300473 0.66514248 79
1.3484331 1.1159555 0.65968555 13.5
1.4257857 1.1223453 0.63261032 14.666667
1.6553161 1.106491 0.64562941 39.5
1.7650709 1.1126535 0.66006917 63
1.8451961 1.1087039 0.68475699 67
-1.4116384 1.2974828 0.68076664 50
-1.3411435 1.2931151 0.65524679 27.666666
-1.2251627 1.2960275 0.67383862 75
-1.1511587 1.2997628 0.65752453 59.333332
-1.0324928 1.2719789 0.63562113 6.6666665
-0.95546961 1.2698898 0.64708835 21.571428
-0.8718558 1.2755717 0.63947338 15
-0.74035674 1.2621477 0.65367055 17
-0.64091754 1.262563 0.65349436 19
-0.54189807 1.2357013 0.6528464 19
-0.44782329 1.2299091 0.63623047 20
-0.34465763 1.216602 0.64804131 20.5
-0.26541162 1.2107545 0.6384837 20.666666
-2.2885699 1.3681111 0.69318622 68
-2.1896796 1.3622265 0.64871871 77
-2.0604026 1.3601937 0.6399973 61
-1.9426544 1.3452487 0.66836625 57
-1.8504165 1.3384151 0.63608652 59.75
-1.7713399 1.3331422 0.63609445 68.5
-1.4632503 1.3256085 0.64112586 71.333336
-1.3099108 1.3012612 0.61697114 2
-1.2084603 1.3001028 0.62108511 74
1.9918802 -7.1203732 0.76172805 68
2.0101702 -7.1170921 0.75423515 91
-0.0045494079 -7.0041327 0.73191524 141
0.92101771 -7.0318747 0.70914125 74
1.0700701 -7.0567636 0.70429552 112
1.5486954 -7.0530229 0.77452612 79
1.6667099 -7.0501337 0.77107775 92
2.4374211 -7.0710306 0.7245332 40
2.7959118 -7.0872421 0.73138368 71
-0.64554679 -6.9294815 0.75953138 32
-0.45503679 -6.9402657 0.77337587 124.5
-0.19687563 -6.9670491 0.72130197 131
-0.095327817 -6.9796233 0.71042985 125
0.18003519 -6.997541 0.76190698 130
0.75489813 -6.9977746 0.70400709 114
0.90059137 -6.6875448 0.75775915 40
2.7623038 -5.9650841 0.70634633 26
-3.2772067 -4.2314601 0.71111405 12
2.9027853 -4.244751 0.7530762 57
2.974812 -3.8682766 0.74547875 71
2.9808409 -3.7172484 0.78871959 72
2.9934747 -3.6769328 0.71966279 67
2.9997387 -3.5405555 0.76484162 68
-3.0428445 -3.3735793 0.76165104 90
2.9719365 -3.2517536 0.7480039 69
-3.0824492 -3.0395443 0.75378704 69.5
-3.0316758 -2.9969363 0.7234149 45
-3.0169408 -2.8655059 0.74670804 68
-3.0130093 -2.7495065 0.77265841 81
-3.0397735 -2.615556 0.74689412 63
-2.9966068 -2.625984 0.7925266 77
-3.0376341 -2.5975409 0.79948264 66
5.2902761 -2.5147934 0.72490257 20
-3.0314472 -2.401053 0.72160572 69
5.2926216 -2.4058137 0.75985402 60
-3.0249906 -2.3776391 0.76363915 68
-3.0225172 -2.271383 0.74414426 51.5
2.6149404 -2.2578878 0.73865575 30.333334
2.740272 -2.1180878 0.76536709 0
2.7278271 -2.0750403 0.70813805 31.5
4.731257 -2.0230274 0.7000488 13
4.7509928 -1.9381962 0.73093992 37
5.3274732 -1.9798059 0.75057566 42
4.7801623 -1.8579137 0.76233596 45
4.7983847 -1.7721237 0.79043043 41
2.9743609 -1.647982 0.7094298 42
3.0084336 -1.6002666 0.7395997 40
3.0335534 -1.5655283 0.73161823 43.666668
3.1704116 -1.5492522 0.77895951 65
4.2507501 -1.4605815 0.70920199 118
4.2535787 -1.3419914 0.73892385 135.5
4.2875342 -1.2359376 0.77295429 118
-0.74542171 -1.1111232 0.7605744 4.6666665
-0.63910574 -1.1160957 0.75591749 9
-0.56215656 -1.1311771 0.74443436 9
-0.45125434 -1.1440483 0.75577742 11
-0.36350515 -1.1813841 0.75604767 6.6666665
-0.96244395 -1.0924976 0.74273616 3
-0.82597136 -1.0816439 0.74324214 2.5
2.8959723 0.3684319 0.77354234 29
2.7714584 0.44700867 0.71737289 31
2.829088 0.40866089 0.74448431 28
2.4582229 0.66396594 0.74842322 33.5
2.5180364 0.61687994 0.77816647 27
2.4345872 0.8122769 0.72083449 34
2.5320289 0.80624998 0.76433319 30
-2.3984933 0.99082601 0.79546177 111
2.3614557 0.9939847 0.79434413 60
-2.3930993 1.0486429 0.78636789 107
1.5576187 1.0973768 0.76770639 56.666668
1.6313848 1.0899074 0.73819989 59
1.860907 1.0942073 0.76903337 60
2.005904 1.0965662 0.78854102 68
2.2487745 1.0732855 0.70740622 68
2.3458652 1.0599591 0.76822048 62.5
-2.3850601 1.1373882 0.77024388 94.5
1.2826742 1.1448046 0.71809709 49
1.3423963 1.1236565 0.75104958 15
1.5500317 1.1291718 0.73491651 18.333334
1.8566961 1.1033295 0.72539431 69
1.9517361 1.1025851 0.7534954 74
-2.3742146 1.2600769 0.74863321 98
-1.5267959 1.2974492 0.75129873 75
-1.4506105 1.2947469 0.72308737 70.666664
-1.2384508 1.2873284 0.76162994 47
-1.1831299 1.2896713 0.75338143 53.333332
-1.0073951 1.2812384 0.79013228 16
-0.98722321 1.2693214 0.7183975 10.25
-0.88972855 1.2675655 0.73353457 15
-0.75715077 1.254066 0.74426877 14
-0.65381163 1.2571275 0.74832582 17.666666
-0.55649078 1.2426214 0.74952018 19
-0.45874372 1.2380944 0.75353211 19.666666
-0.35974368 1.2176058 0.75004148 19.4
-0.27117226 1.2067538 0.74662066 20
-2.3668551 1.3548038 0.72963858 111
-2.1404736 1.3625892 0.7576232 54.599998
-2.0681505 1.3437786 0.748375 55.666668
-1.9520891 1.3488866 0.74439031 59
-1.8539673 1.3386173 0.73679113 65
-1.5456711 1.3063864 0.78033489 70.333336
-1.4931134 1.3230182 0.72120982 74
-0.1007063 -7.0006723 0.86928666 147
-0.012244547 -7.0130839 0.88977176 143
1.7961173 -7.0618305 0.89592987 101
2.572921 -7.0886726 0.8514992 42
-0.20823926 -6.9928613 0.88167608 142
0.0062081129 -6.9770713 0.83752817 133
0.629951 -6.9938622 0.80548674 50
0.87025005 -6.8996801 0.8147971 39
0.83854169 -6.7795196 0.83887899 38
2.8115942 -6.7178597 0.81382287 35
0.97515839 -6.6427937 0.81784177 28
2.8302886 -6.3863354 0.89111108 47
2.7599339 -6.0575933 0.8283571 25.5
2.8894215 -4.3244324 0.82999653 52.5
2.991174 -3.5781848 0.83045149 71
3.004025 -3.4290981 0.83894455 67
-3.0253615 -3.3251276 0.86353278 63
2.9619021 -3.3289728 0.88700426 68
2.9767485 -3.2758183 0.81355244 72
3.0140812 -3.2886858 0.84868449 69
3.0212307 -3.169246 0.88809377 82
-3.0816734 -3.003804 0.83518761 71
-3.0844905 -2.981281 0.890486 69
-3.0365608 -2.5786002 0.85198921 58
-2.9883602 -2.5147612 0.81202221 75
-2.979094 -2.4063528 0.83213294 81
-3.0278385 -2.342169 0.85054106 54
-2.9792585 -2.3084545 0.85263699 91
2.5869741 -2.3087082 0.86628139 92.5
-3.024395 -2.2311847 0.85423607 36.666668
-2.9679806 -2.205091 0.86898363 78
2.5952184 -2.296608 0.80575347 33
2.6036856 -2.2825298 0.81621182 33
-2.9682448 -2.112175 0.88721329 81
2.7389712 -2.1623778 0.84817725 0.25
3.1443319 -1.5463909 0.81965142 88
5.3603916 -1.3491173 0.8647446 111
5.3673186 -1.2479551 0.87922174 109
-0.99324793 -1.113796 0.80426198 1
-0.57798225 -1.1365297 0.83339268 1.5
-0.44931558 -1.1452377 0.83336776 4.6666665
-0.36668453 -1.1783224 0.84264874 5.5
4.3452415 -1.1762434 0.80013478 1
5.3684978 -1.144883 0.89098656 99
3.1724663 0.17760043 0.89376402 8
3.1082776 0.2298716 0.86610687 26
2.5915685 0.59157658 0.81134748 0
2.6581545 0.56290436 0.84179962 0
2.6338964 0.79744816 0.80914867 27
-2.4087014 0.84708011 0.81776464 112
2.368154 0.84985328 0.83027726 50.333332
-2.401588 0.93221223 0.80425894 107
2.3635447 0.94593835 0.80695266 54
-2.3940477 1.0472813 0.89211798 92.5
1.5460896 1.0962957 0.84417474 56.5
1.6178336 1.0878038 0.86013043 58.5
1.9466581 1.094941 0.83647078 70.5
2.0451641 1.0872743 0.86340922 65.5
2.1339695 1.0896438 0.86960709 73
-2.3849449 1.1418678 0.88117218 90
1.2959803 1.1367958 0.85703993 82
1.345577 1.1282914 0.85307389 15.714286
1.4340911 1.1361094 0.85883075 18.333334
1.5211039 1.1019834 0.86536008 56.666668
1.6551865 1.1213391 0.81929708 76
1.7242819 1.1165304 0.87562233 70
-2.3787627 1.2408376 0.87153542 93
-1.3341761 1.2866069 0.8671515 59
-1.2476101 1.2884588 0.84211534 57.25
-1.1461499 1.2767704 0.82938743 15.75
-1.0251634 1.2774942 0.84982073 42.5
-0.917907 1.2765596 0.84263903 16.333334
-0.77848577 1.251649 0.84297603 15.333333
-0.66941488 1.2526708 0.84862244 15
-0.57139844 1.2385203 0.84810638 17.666666
-0.44634208 1.2330514 0.85952455 20
-0.34417439 1.2255081 0.83595461 19.666666
-0.27623311 1.2095652 0.8471241 20
-2.3724129 1.3428299 0.86054283 108
-2.2584164 1.3595525 0.86481827 52.333332
-2.1646268 1.3573232 0.8447364 48.5
-2.0218902 1.3540353 0.8805027 40
-1.9488256 1.3492439 0.8508665 44.5
-1.8768107 1.3438566 0.82113558 55
-1.7374122 1.3076965 0.87992436 65
-1.6472106 1.3041857 0.84399098 65.333336
-1.5452433 1.3175205 0.84985048 67.666664
1.9166942 -7.1240563 0.92272311 57
2.7289662 -7.1433811 0.98519713 125
0.74905604 -7.0003142 0.92633718 49
0.99695861 -7.0205464 0.95125687 80
1.039955 -7.0189905 0.91528827 69
1.6742603 -7.0579963 0.90023023 64
-0.72431278 -6.9310894 0.91707593 32
-0.56928754 -6.9394274 0.91821826 112
-0.4915272 -6.9388108 0.93870747 126
-0.070117064 -6.9832454 0.99484324 133
0.10877761 -6.9840913 0.91732061 130
1.8941944 -6.8921409 0.9978928 41
2.7595601 -6.1516237 0.94897354 27
2.8438454 -6.0771365 0.95921636 44
2.8772535 -4.4149933 0.91492832 54
2.8865702 -4.3949418 0.96587509 52
-2.9922025 -3.3346641 0.97069073 7
2.9567158 -3.3795004 0.97209644 62.5
3.0054379 -3.3117228 0.90580612 29
-3.0289078 -3.2991886 0.97040009 71
3.0230198 -3.2006001 0.94453251 6
3.027123 -3.0538599 0.92325997 64
-3.0810895 -2.9377589 0.96871185 72
3.0378032 -2.9472132 0.9597044 31
3.0494094 -2.8445129 0.99540234 0
-3.0374956 -2.5518873 0.93251812 47.5
2.5769601 -2.3296795 0.92374957 44
-3.0241194 -2.2876735 0.95566642 33.5
2.7273664 -2.2031753 0.93028027 1
-3.0130911 -2.1747131 0.95846999 22.5
2.7204313 -2.1798487 0.92767769 0
-2.9608676 -2.0159488 0.90266722 82
-2.9584937 -1.9269209 0.91917568 81
-2.9504237 -1.8346413 0.93180788 82
-2.946007 -1.7485137 0.94577688 81
-2.9383082 -1.6612419 0.95752257 82
-2.9348936 -1.5781342 0.96979797 87
-2.9221444 -1.4536541 0.98428696 86.5
-0.36898005 -1.1886578 0.90703905 0
5.3789048 -1.0446395 0.90186167 102
5.3886061 -0.94540513 0.91203916 101
5.3939729 -0.84423518 0.91947836 109
5.39082 -0.74420708 0.92424232 102
5.4046907 -0.64587432 0.93009907 104
5.4064388 -0.54574537 0.93265361 107
5.4167209 -0.44845998 0.93503815 107
5.4141865 -0.34939525 0.93484074 112
5.4194293 -0.2511839 0.93378931 105
5.4246607 -0.1539654 0.93132037 113
5.4404855 -0.055554561 0.92936981 111
5.4456563 0.041678116 0.92407554 101
5.4578934 0.13904174 0.91865271 28
-2.5869787 0.64187348 0.99351794 37
-2.4226081 0.65461439 0.92127812 105
2.4603441 0.64426887 0.92209131 36
2.5043635 0.60954511 0.95306516 30
-2.4157782 0.75170767 0.95645905 101
2.4734292 0.79854465 0.90160722 35
2.5529389 0.75356668 0.95349348 89
-2.407686 0.85801464 0.9345457 107.33334
-2.4038098 0.93233716 0.94306433 102.5
-2.3970551 0.96776044 0.97802478 105
1.4791056 0.97823131 0.98246473 37
1.8679483 0.99291819 0.99417001 35
-2.3916812 1.0603375 0.97078705 97
1.4951549 1.0989776 0.9580152 56.666668
1.5419266 1.0969028 0.9498716 56.25
1.6034584 1.0903231 0.93852663 61
1.8642318 1.0639043 0.9884547 41
2.0841882 1.0778031 0.94682825 73
2.1480815 1.0709738 0.99732059 68
2.2367172 1.080312 0.93450606 67.5
-2.3799403 1.1519167 0.96046281 96
-0.32349539 1.1997485 0.97250831 11
-0.28367826 1.1956143 0.98740268 11
1.3564607 1.1325787 0.94919425 32.5
1.4650214 1.1218705 0.94140136 43.5
1.535816 1.1214159 0.96486491 62.200001
1.7748622 1.1136054 0.91568118 73
1.8290366 1.1108968 0.95920908 75
-2.3748477 1.2499928 0.95100629 103.5
-1.5314223 1.2923611 0.99139345 65
-1.4468104 1.2895887 0.93381166 68.25
-1.3353353 1.2821214 0.96518832 57.25
-1.2560623 1.2887992 0.92976946 60
-1.0563461 1.2685678 0.95217103 28.333334
-0.94540197 1.2733138 0.9531368 57
-0.80660248 1.2442315 0.96634191 35
-0.79951805 1.2554432 0.92985111 14
-0.68297827 1.2496293 0.9347291 14
-0.58760345 1.2340333 0.95209855 13
-0.44328997 1.2220781 0.95425266 23.166666
-0.32036954 1.2225027 0.92191982 17.5
-0.28030372 1.2122008 0.93264872 17.5
-2.3586822 1.3440726 0.93649602 96
-2.2502098 1.3669649 0.95565587 19.25
-2.0616941 1.3510869 0.9518162 24
-1.935956 1.3370409 0.95582122 37
-1.8240751 1.3111293 0.94769847 61
-1.7494525 1.3089074 0.91634673 63
-1.6119989 1.3176563 0.99201345 16
-1.5885763 1.3174758 0.94282913 32
1.8447262 -7.1323113 1.079809 93
-0.21887547 -7.0006161 1.0393153 138
-0.10635882 -7.0147266 1.0282242 137
-0.020509386 -7.0130806 1.0507132 143
0.92450964 -7.0408168 1.0169153 63
1.1419572 -7.035923 1.0589496 101
-0.80123973 -6.9299464 1.0731133 32
-0.64779353 -6.9470587 1.0756048 108
-0.56744701 -6.9439726 1.0973769 128
0.036777683 -6.9896522 1.074527 131
0.77363396 -6.9953327 1.0163543 36
1.7805762 -6.9430728 1.0099304 40
2.7787917 -6.8552713 1.0685502 36
0.85594678 -6.704566 1.0040528 10
2.7311988 -6.2526698 1.0129298 26
2.8614373 -5.7987294 1.0250074 46
2.8738506 -5.5306306 1.082368 51
2.8717368 -4.4791946 1.0520313 54
-2.9868371 -3.6634169 1.0291743 11
2.9482908 -3.4242167 1.0586526 64
-3.0456142 -3.2804561 1.0272926 55.5
-3.0487309 -3.1345937 1.0268003 53
-3.0324521 -2.9965217 1.038668 57
-3.0243921 -2.8528891 1.0393652 32
-3.0040553 -2.7313814 1.0579844 59
-3.0140557 -2.6273293 1.0755354 95
-2.928443 -2.6969681 1.0672108 35.5
-3.034719 -2.5188797 1.0114288 41
-2.9991546 -2.5052593 1.0835222 83
-3.0318472 -2.4947855 1.0621393 34
-2.9902365 -2.3943598 1.0922142 79
-3.0288696 -2.2468257 1.0401319 17.5
-3.0156603 -2.1351361 1.0445659 8
-2.9166501 -1.3354558 1.0001289 92
-2.9116373 -1.2582576 1.0090008 93
5.3500848 -1.2965932 1.050203 79
-2.9095948 -1.1831775 1.018696 79
-2.8981812 -1.1067151 1.0244759 81
-0.91564977 -1.1078553 1.0502844 4
-0.82604629 -1.1232009 1.0490401 14.5
-0.6527667 -1.1362009 1.0434818 9.25
-0.50889993 -1.1464171 1.0865386 4
-0.45551974 -1.1606334 1.059866 11
5.356854 -1.1517051 1.0762075 109.5
-2.8974123 -1.03468 1.0338656 87
-0.91089159 -1.0990067 1.041766 23
-2.8933256 -0.96250057 1.0410209 89
-2.881371 -0.85447896 1.0478382 85
-2.8745644 -0.74965763 1.0557543 96
-2.8649323 -0.64622223 1.0623919 96.5
-2.8549535 -0.54476064 1.0676184 101
-2.7909241 -0.43581057 1.0488697 100
-2.8451929 -0.34695059 1.0788252 106
-2.8372188 -0.24803735 1.0818162 92
-2.8305552 -0.15117003 1.0845128 101
-2.8209672 -0.05467654 1.085248 95
-2.8133209 0.04175863 1.0848819 94
-2.8069115 0.13813938 1.0853522 88
-2.8019207 0.23547222 1.0855614 93
-2.7942364 0.29987788 1.0831772 89
3.145659 0.2534779 1.0537965 15
-2.7873433 0.36324799 1.0813397 93
-2.7818353 0.46162933 1.0787814 92.5
-2.7754941 0.56004632 1.0756638 98
-2.7658708 0.62454754 1.0707722 110
-2.4445925 0.65117627 1.0137603 89
2.4528208 0.65059245 1.0970291 35
2.3540466 0.83916116 1.0272408 47
2.4664567 0.81185305 1.0968199 32
1.4642358 0.98490137 1.0510246 25.5
1.5084723 0.99493724 1.0725926 44
1.6350909 0.98556781 1.0665952 41.333332
1.9459342 0.99968976 1.0556669 38
2.1438708 0.96687645 1.0135953 41
2.2106254 0.95705295 1.0654501 48
2.3512673 0.93971163 1.0176682 51
1.4698912 1.0561897 1.0437171 63.333332
1.569657 1.0747235 1.0260578 58.200001
1.6092786 1.0008801 1.0121125 58
2.1413527 1.0149094 1.0030617 31
2.3514709 1.0450647 1.0086095 62.5
-0.26070026 1.1945252 1.0580554 2
1.4503835 1.1219577 1.0487245 76.285713
1.5229163 1.1044152 1.0587068 57.75
1.6417853 1.1126801 1.0583354 79.333336
-1.6337799 1.2969027 1.0667915 71
-1.5577189 1.2955605 1.0160339 70
-1.4609169 1.2862211 1.0720569 69
-1.3988928 1.2848462 1.0244293 75
-1.2722518 1.2896235 1.02592 11.5
-0.9600814 1.2634714 1.0174878 10
-0.81765759 1.242945 1.0125644 6
-0.70106119 1.2411001 1.0464636 0
-0.69450486 1.2478701 1.0029624 26
-0.59752822 1.2265297 1.0154502 17
-0.45171243 1.2191799 1.0441453 1
-0.32646188 1.2067492 1.0471612 10
-0.28623515 1.2021062 1.0374538 16
-2.3345766 1.3649727 1.0674238 6.3333335
-2.2800462 1.3631297 1.029482 8
-2.126837 1.3522489 1.0551306 9
-2.0146506 1.3275791 1.0644641 73
-1.9550956 1.3287309 1.0182202 35.5
-1.6478252 1.3133693 1.0656838 3
-0.23076934 -7.0024114 1.1979191 140
-0.1117688 -7.0117717 1.1884422 142
0.70094436 -7.044168 1.1798552 131
0.99262196 -7.0308867 1.1771923 33
1.9359897 -7.0901518 1.1598182 98
-0.14627463 -6.9794106 1.1513294 131
0.85160148 -6.9538484 1.161603 34
1.2757909 -6.9075069 1.1432941 41
2.0428925 -6.9947877 1.1376576 41
2.7927077 -6.4902215 1.1299332 33
2.7114699 -6.3989029 1.1779596 29
2.7432163 -6.2942181 1.1080775 28
2.8166151 -6.1791525 1.1911235 32
2.8852789 -5.2816133 1.1361387 58
2.9003644 -5.0574017 1.1876251 61
2.8586011 -4.5524254 1.1686943 54.5
-3.0127525 -3.6284721 1.1855803 58
-2.9946606 -3.6394279 1.1058238 30
2.9455247 -3.4761407 1.1481385 64
-3.0665739 -3.2983174 1.1247659 79
2.9964833 -2.8607917 1.1686981 130.5
-2.9580505 -2.6844921 1.1506662 31
-3.0273738 -2.4546242 1.1387653 19.5
-3.0271959 -2.2098455 1.1010065 8
-2.9811788 -2.2862916 1.1005138 82
2.6552718 -2.2455184 1.1708736 7
-3.0199723 -2.1793203 1.139184 1
-2.9743264 -2.1862259 1.1091008 85
-3.0079494 -2.0951507 1.1049508 0
-2.9688578 -2.0871613 1.117417 93
-2.9719577 -1.9961056 1.1291063 87
-2.955864 -1.8505012 1.1362648 84.5
-2.954421 -1.7209113 1.148492 98
-2.9375925 -1.6288368 1.1503625 87
-2.9298935 -1.5437708 1.1547773 84
-2.9329832 -1.4647144 1.162855 85
-2.9241784 -1.3806477 1.165321 92
-2.9138608 -1.2620506 1.170975 90.5
-0.37893569 -1.2012086 1.1820418 7
-2.9032652 -1.1464536 1.1752392 89
-0.94682145 -1.101367 1.1610651 10
-0.85237908 -1.1248105 1.138613 22
-0.70823532 -1.1287814 1.1484261 9
-0.63664776 -1.1473202 1.1487259 18.666666
-0.51569855 -1.1464777 1.1572084 19.5
-0.46434245 -1.1673476 1.1343379 8
-0.37741709 -1.1965374 1.1290396 12
-2.898047 -1.0723906 1.177721 91
5.3701077 -1.0094928 1.1013688 114
-2.8911767 -0.96229696 1.1826961 87.5
5.3662658 -0.91259754 1.1143661 122
-2.8832018 -0.85320294 1.1857224 92
5.3774328 -0.8179875 1.1292106 125
-2.8790925 -0.74911189 1.1901546 97
5.3807201 -0.72272784 1.1406559 115
-2.8661277 -0.64601505 1.1898226 96
5.386209 -0.6293543 1.1513382 120
-2.858139 -0.54542208 1.1910416 102
5.3944774 -0.53247744 1.1618153 117
-2.7749288 -0.43154567 1.1571625 100
5.4013085 -0.43901592 1.1710445 118
-2.8445525 -0.34601915 1.1926432 108
5.3987985 -0.34398115 1.1769084 104
-2.8328397 -0.24842216 1.1913468 104
5.4055762 -0.25049293 1.1833076 104
-2.8279066 -0.15233104 1.1916116 103
5.4173293 -0.15677764 1.1917458 116
-2.8188248 -0.055236932 1.1890795 95
5.4155059 -0.062673353 1.1940497 111
-2.8133299 0.038853973 1.1883682 107
5.4243064 0.031939626 1.1983 108
-2.8045292 0.16647591 1.1854229 97.5
-2.7951581 0.26106876 1.1814988 94
5.3262386 0.21572755 1.1754552 62
-2.7888279 0.35715914 1.1784225 99.5
-2.7783475 0.45225176 1.1725488 101
-2.7764423 0.5498389 1.1700494 101
-2.7452042 0.64144152 1.1537983 95
2.4973493 0.61397004 1.1250296 20
2.4805253 0.71232855 1.110949 72
2.3450608 0.84293211 1.1850852 51.5
2.5801964 0.80318302 1.1653981 30
1.4708157 0.97394717 1.1447489 10.5
1.5416667 0.99029416 1.1443009 48
1.6030908 0.98737985 1.1726599 48
1.7247009 0.98221475 1.136649 39.333332
2.0486157 0.99192846 1.135747 62
2.3408341 0.95040834 1.1660436 56
1.4885963 1.0974641 1.1508919 40.333332
-0.23596975 1.187315 1.17823 1
1.4887879 1.1159672 1.1328431 67
1.5016799 1.1212131 1.1048629 74
-1.7510486 1.2994019 1.1492771 64
-1.6983489 1.2948109 1.1170263 69
-1.5588213 1.2868993 1.1488079 69.666664
-2.3555541 1.3587191 1.1363516 0
-2.207401 1.3314012 1.1652087 59
-2.1131701 1.3299408 1.1242676 70
-1.784629 1.3027416 1.178872 65
1.7673415 -7.1037083 1.2342777 53
-0.028446564 -7.0200582 1.2105834 131
1.2427522 -7.0360003 1.2027159 75
2.0675523 -7.09764 1.2910584 96
2.1930017 -7.0762892 1.2788774 24
-0.8773846 -6.9207978 1.2296052 31
-0.72288215 -6.9305959 1.2294478 101
-0.64348888 -6.9371395 1.2560744 129
-0.037448861 -6.9852309 1.2340415 131
1.397622 -6.9031482 1.2648267 37
0.62570685 -6.7664261 1.2926188 39
2.7259681 -6.4338942 1.2712624 30
2.8325963 -5.880095 1.2432572 46
2.8449483 -5.5950418 1.2890865 49
2.9149318 -4.8482389 1.2362348 61
2.8401272 -4.6430569 1.2677779 49
2.9154968 -4.6228781 1.2738496 58
-3.0214901 -3.6024833 1.2611473 85
-3.0396986 -3.5399539 1.2797166 1
2.9323094 -3.5409238 1.2402451 62
2.9416199 -3.4978292 1.2390292 59
-2.9951599 -3.3413961 1.2800199 59
-3.0904374 -3.2878387 1.240266 69
-2.8498394 -2.9111786 1.2459505 35
2.9936574 -2.9139292 1.2465574 79
2.9960458 -2.8779047 1.2467734 112
-2.8493943 -2.7901978 1.2623893 39
-3.0219128 -2.6878028 1.2725941 18
-2.993278 -2.689959 1.2127959 23
-3.0346704 -2.4233606 1.2192963 8
-3.0360005 -2.3975701 1.2706664 1
2.6410148 -2.2460744 1.2344371 11.333333
3.0836606 -2.0449965 1.2102112 1
3.0923443 -1.9496599 1.2327676 0.33333334
3.0863552 -1.8639206 1.2394099 1
3.103121 -1.8236403 1.2657063 0
3.0944753 -1.7340022 1.2769402 0
3.1066952 -1.789746 1.2610688 1
2.9907112 -1.6245252 1.2146021 36
2.9972866 -1.5872353 1.2427193 42
3.0392671 -1.555047 1.2640445 58
4.2810364 -1.3203886 1.2585068 56
-0.38160858 -1.2052647 1.2645674 22.5
4.3035412 -1.2340651 1.2760313 40
-0.97443491 -1.1070249 1.2449192 45
-0.88434255 -1.1310377 1.24173 27
-0.72777992 -1.1297104 1.2505853 28
-0.65647984 -1.1521515 1.2510545 44
-0.52595484 -1.1495726 1.2626641 11
-0.4752298 -1.1718041 1.2377665 29
5.4331293 0.12556732 1.2011251 121
-2.4247813 0.65807593 1.2912645 90
2.4419968 0.64150459 1.2854658 34
-2.4151981 0.75303847 1.2873996 102
2.4252803 0.79758948 1.2518926 32
-2.4108024 0.85032004 1.2858033 98
-2.4022596 0.94775581 1.2814097 89
1.4666222 0.96518421 1.2232592 2
1.5596149 0.98267186 1.2038274 57
1.6393992 0.97941738 1.2512035 58
1.7370136 0.97546655 1.2489226 44.5
1.818306 0.96855199 1.2364428 49.5
2.1621826 0.9828248 1.2248113 40
2.227365 0.96574563 1.2765706 38
-2.3904123 1.0458138 1.2747827 87
1.4841809 1.0935131 1.2541977 16.833334
-2.3837149 1.1496835 1.2715666 90
-0.33649218 1.1986347 1.27459 49
-0.25283957 1.1875391 1.2563556 30.833334
1.4891272 1.1007403 1.2161211 21
-2.3757522 1.2477589 1.2832068 92.75
-1.7320929 1.2935236 1.2830504 60.5
-1.650136 1.2893795 1.2192578 66
-1.5073372 1.2944797 1.2835894 5
-1.0431709 1.2706755 1.294439 7
-0.88969868 1.2482127 1.2733853 6
-0.74478519 1.2454789 1.2634703 9
-0.64293379 1.2254124 1.2715433 11
-0.50749123 1.2202247 1.2533183 19
-0.44004098 1.2017665 1.2632194 24
-0.33403581 1.2033554 1.2226648 10
-2.3398118 1.3370802 1.2608273 77.5
-2.2322388 1.3339432 1.2127166 66
-1.9363381 1.3141342 1.2841828 73
-1.8559473 1.306473 1.2272924 68.5
-0.24163482 -7.0111966 1.3585377 142
-0.11673825 -7.0268464 1.3514408 139
-0.035546906 -7.0300398 1.3734976 141
1.1157281 -7.042078 1.3029016 50
-0.95562345 -6.916697 1.3883753 29
-0.80246258 -6.927269 1.388715 101
-0.22269002 -6.9796128 1.3109256 132
-0.11036276 -6.9778061 1.3930751 131
0.78011245 -6.9959793 1.3266956 36
1.361111 -6.9818316 1.3196167 37
1.6512909 -6.8177824 1.3413628 35
1.2073168 -6.71734 1.3626174 10
1.4933248 -6.7070041 1.3493156 20
1.4425315 -6.6714926 1.3824885 28
2.0766201 -6.559979 1.317721 18
2.6932597 -6.5500722 1.3500842 28
2.8694954 -5.3589654 1.3396354 50
2.8789446 -5.1079154 1.3784347 56
2.8356709 -4.7374325 1.3973057 56
2.8573563 -4.6088748 1.3112962 55
2.9301221 -4.4387317 1.3167048 63
2.9382973 -4.254972 1.3547274 62
2.9494343 -4.0850396 1.3905202 68
-3.0207825 -3.5624614 1.3315279 96
2.9326925 -3.5694447 1.3356628 61
-3.057148 -3.2410419 1.3282698 68.5
-2.9379253 -3.0374732 1.3432488 30
-2.8986943 -2.9627526 1.3885509 19
2.9898126 -2.9267292 1.324302 74.5
-3.0156507 -2.7272918 1.3738096 79
-2.9177089 -2.7457037 1.3103753 52
-3.0404789 -2.6500909 1.3683834 39
-3.0037994 -2.4908795 1.3957486 97
2.6114788 -2.2566056 1.3451114 21
3.1617243 -1.5504026 1.3385665 49
-0.37173194 -1.2339828 1.3731318 31.5
4.2569656 -1.2796232 1.3749063 40
-1.0074371 -1.1315292 1.3280901 21
-0.91670305 -1.1302764 1.3483572 39
-0.75092876 -1.1304402 1.3649809 42
-0.67302907 -1.1523225 1.3319452 43.5
-0.53627658 -1.1565311 1.3540051 45
-0.48741415 -1.1753509 1.3501253 27
3.1027615 0.21814241 1.3234749 25
-2.4289117 0.65413678 1.3302104 87.5
2.4924014 0.60359627 1.3284055 23
-2.4141834 0.74530786 1.3224548 98
2.5501986 0.76536536 1.3493893 88.5
-2.4045897 0.84044671 1.3169513 101
2.3597693 0.83593363 1.3818603 43.5
-2.3999751 0.93755352 1.3148059 91
1.6640472 0.97218245 1.3213979 56
1.7406842 0.96971893 1.3630403 38.666668
1.9438537 0.99030751 1.3464403 39.666668
2.340806 0.9420926 1.3652354 51
-2.391434 1.0574895 1.3349348 73
1.4824541 1.0883031 1.3338901 3.75
-2.3866668 1.1522448 1.3415951 26.799999
-0.448991 1.1989708 1.3492646 69
-0.32736182 1.1909779 1.3530755 71.333336
-0.23031862 1.1822414 1.3559213 69.666664
-2.3843465 1.2148036 1.3140576 0
-1.552357 1.2898448 1.3674963 27
-1.4027783 1.2925359 1.3374356 7
-1.2114233 1.2631122 1.3605397 44
-1.1872669 1.2643881 1.3024096 14
-1.057592 1.2624292 1.349298 27
-0.9109956 1.2386894 1.3518164 48.5
-0.75903624 1.2359635 1.3444068 48.5
-0.65644908 1.2153757 1.3495774 54.5
-0.51569879 1.210948 1.3327761 60.5
-2.0542607 1.3166171 1.3701854 71.5
-1.9739894 1.3143885 1.3151379 67
-1.8278399 1.3053534 1.359728 77.5
0.55309469 -7.0398016 1.4993225 127
0.71015894 -7.0469966 1.4958992 127
2.3331547 -7.0972958 1.4134018 108
-0.71986037 -6.9393163 1.4156578 127
-0.29942313 -6.9698076 1.4683644 131
2.3329864 -6.5831556 1.4341246 11
2.7089849 -6.5846839 1.4441662 29
2.8941028 -4.8868532 1.4171237 59
2.8759332 -4.6746616 1.4424477 57
2.9114494 -4.4587498 1.4805847 59
-0.63592273 -4.1508827 1.4809259 1
2.960356 -3.9231331 1.425579 75
-0.60131705 -3.8653474 1.4858903 1
2.9647384 -3.7606106 1.4543966 73
2.9460921 -3.6244864 1.4598107 67
-3.0333142 -3.5189734 1.4439278 71.5
-2.9636586 -3.5371597 1.4803182 24
2.9350035 -3.5930731 1.4303551 62
2.9790995 -3.0091639 1.4887784 68
-2.9287727 -2.9641113 1.4692644 12
-2.8602216 -2.9882407 1.4485795 39
2.9849145 -2.961807 1.4309711 69.333336
-2.8547337 -2.8531449 1.4528966 40
-2.8681564 -2.7441833 1.4664422 49
-3.0741186 -2.6381252 1.4384589 1
5.2686429 -2.6825008 1.4400239 112
5.2708941 -2.5494542 1.4651232 108
5.2703266 -2.4194415 1.4888519 103
-2.9875939 -2.3693027 1.401559 91
-2.9831595 -2.2611303 1.4106342 86
2.5907028 -2.2873895 1.4574695 40.25
2.6287858 -2.2381527 1.434029 14
-2.9777694 -2.1569245 1.4191103 95
-2.9661095 -2.0494938 1.4245293 90
-2.9797349 -1.9292083 1.453243 46.5
-3.0001314 -1.8451566 1.4610385 6
-2.9754026 -1.831319 1.4682714 50.5
-2.9509022 -1.7588941 1.4472449 88
-2.9405034 -1.664485 1.4500458 82
-2.9374034 -1.5753528 1.457829 91
-2.9285007 -1.4860036 1.4616972 84
-2.9214902 -1.3571975 1.4694254 85
-2.9148781 -1.2333981 1.476274 84
-0.37961638 -1.2180519 1.4378303 31.333334
4.2995105 -1.2053807 1.4051164 5
-2.9046218 -1.150874 1.4779571 96
-0.94668692 -1.1354444 1.4401028 36
-0.73855317 -1.147284 1.4765975 36.5
-0.69151682 -1.1575868 1.4246795 44
-0.54660165 -1.1595238 1.4489183 41.5
-0.49713874 -1.1765062 1.4405097 36
-2.9020638 -1.0717336 1.4825975 90
-2.9002695 -0.99462318 1.4877764 93
-2.8831239 -0.91294533 1.4837584 85
-2.8829193 -0.83789647 1.4900342 91
-2.8769124 -0.76262993 1.4923954 90
-2.87076 -0.65132105 1.496075 90.5
-2.8587725 -0.54079473 1.4958293 94
-2.7830667 -0.4559738 1.4571111 91
-2.8418682 -0.39606145 1.4949136 96
-2.8337057 -0.25464675 1.4987276 91
3.0982442 0.27362195 1.4814467 1
3.1228139 0.21082345 1.4955399 32
-2.7776127 0.5483526 1.4973426 93.5
-2.6698351 0.62488937 1.4556577 69.5
2.4559875 0.64373624 1.4579186 33
2.5109797 0.81158835 1.4984518 29
-2.4013793 0.99511117 1.4711804 65
1.7901702 0.96395808 1.4405742 47.5
1.8346936 0.96713072 1.42009 44
1.9970611 0.97602355 1.4417989 40
2.0693321 0.98692685 1.4447726 37
-2.4036686 1.0074673 1.4956552 59
-2.3968132 1.0539595 1.4403889 44.25
-2.386194 1.1097423 1.4030066 26
-0.45819807 1.1941433 1.4387835 74.5
-0.31765378 1.1841632 1.4366592 76
-0.23483975 1.1789213 1.4387174 71.333336
-2.3742847 1.2781299 1.4759413 9
-1.6063973 1.2901911 1.4626625 45
-1.4457192 1.2903347 1.4335935 31.5
-1.2495816 1.260675 1.4525853 67
-1.085952 1.2566206 1.4411227 59.5
-0.9361921 1.2330892 1.4399621 74
-0.77749026 1.2311376 1.4360836 73
-0.67330194 1.2132194 1.4414251 75
-0.52904654 1.2064534 1.4560291 70.5
-2.3062911 1.3573745 1.4470469 2
-2.1633129 1.3197329 1.4492378 63
-1.9687246 1.3083297 1.4693813 63.5
-1.8756604 1.3189416 1.4282473 27.666666
1.6261927 -7.1172242 1.5564557 96
2.3409805 -7.1228218 1.563908 110
-0.25273028 -7.0210147 1.522136 132
-0.12448951 -7.0337667 1.5155677 138
-0.04280249 -7.0380354 1.5374296 132
1.3623637 -7.0333252 1.5544355 25
1.6421643 -7.0333529 1.5646403 40.5
-1.0335187 -6.9075913 1.5462592 28
-0.8823809 -6.9279604 1.548864 97
-0.79713696 -6.9355111 1.5770683 126
-0.18449429 -6.9793944 1.5548187 130
2.6760461 -6.7142844 1.5342066 33
2.3242559 -6.5551114 1.565734 19
2.826587 -4.8231735 1.5305723 56
2.8397863 -4.7625809 1.5652758 56
2.9208133 -4.2656946 1.5094683 58
2.9352012 -4.0936303 1.540378 55
2.9495773 -3.9305646 1.5698713 31
-0.58357137 -3.6481459 1.5053999 7
2.9196262 -3.6583271 1.5326164 62.5
-3.054399 -3.4916224 1.5487554 48.5
-0.5615539 -3.434839 1.5158296 8
2.980962 -3.4638064 1.5122411 47
-3.0440073 -3.3406272 1.5423739 113
2.9976504 -3.3385763 1.5449139 20
-0.55147314 -3.2687695 1.5367149 5
-0.55342132 -3.1399484 1.5703319 4
2.9726558 -3.0360255 1.5730062 71
-0.54192859 -2.9878378 1.5862082 0
2.9767551 -2.9913998 1.5638535 64
-3.0133872 -2.7731659 1.5549122 88
5.2539558 -2.7007046 1.5186404 107
-3.01964 -2.6601496 1.5648136 85
-3.008837 -2.5340109 1.5643688 92
5.2643781 -2.5811434 1.5525866 109
-3.0029507 -2.4159081 1.5672696 95
5.2660031 -2.4570284 1.5838907 109
-2.9865742 -2.2947314 1.5642874 91
2.5841751 -2.2944791 1.5551983 31
5.2776103 -2.2943258 1.5131303 105
-2.9770634 -2.181602 1.563553 94
2.7151704 -2.1310349 1.5319377 8
5.2805963 -2.1692588 1.53466 101
-2.9683454 -2.0734785 1.5633703 93
2.7565756 -2.0420642 1.546183 18
5.293581 -2.0500619 1.5574039 104
-2.9645586 -1.9713908 1.5665364 86
2.7747598 -1.963388 1.5676063 37
5.2950931 -1.9270006 1.5747139 101
-3.0107839 -1.8843598 1.5153513 7
-2.9809895 -1.8394094 1.5612291 44.666668
2.8185909 -1.884707 1.5888368 38
5.3044829 -1.8088403 1.5939872 102
-2.9750881 -1.7625418 1.5540403 48.666668
-2.9436533 -1.678406 1.5671568 88
-2.9386742 -1.5863105 1.5683539 93
-2.9279943 -1.4521465 1.568599 84.5
-2.9186664 -1.322991 1.5685668 84
-2.9103172 -1.2378739 1.5675139 83
-0.3787277 -1.2368652 1.5325798 24.5
-2.9083018 -1.1567981 1.5695432 94
-1.0023341 -1.157662 1.5988123 56
-0.96610826 -1.1338807 1.5016731 35
-0.75368261 -1.1502922 1.54703 39
-0.52571815 -1.1779271 1.5494322 39
-2.9004879 -1.0746837 1.5676563 86
-2.8924675 -0.9555375 1.5673374 95.5
-2.8835945 -0.83938605 1.5664538 96
-2.8677206 -0.7622211 1.5603511 84
-2.8673692 -0.65212643 1.5646384 97
-2.8584604 -0.54097444 1.5619421 93
-2.7782233 -0.45539743 1.5171967 95
-2.8420432 -0.34950164 1.5385109 93
-2.8401287 -0.25560838 1.5596628 100
-2.8305686 -0.15019085 1.5298915 95.5
-2.821991 -0.045674227 1.5285287 93.5
-2.815167 0.057579827 1.5277493 88.25
-2.8064134 0.16142726 1.526268 91.5
-2.8047349 0.23288406 1.5040733 84
-2.7960925 0.26280063 1.5459807 93.5
-2.8024294 0.30305234 1.5041754 89
-2.7932723 0.36989173 1.5238413 95
2.8246391 0.38724136 1.5968399 28
-2.7867904 0.44006956 1.5214071 93
2.8121309 0.44825792 1.5808229 5
-2.7758956 0.54067874 1.5382613 95.5
2.5836077 0.59537947 1.5564857 9
2.6084669 0.54236615 1.5756178 29
-2.4232042 0.64634061 1.5979393 81.5
-2.41643 0.74662733 1.5990846 96
2.6376719 0.79927653 1.5971563 23
-2.4107814 0.8558253 1.5857025 79.875
-2.4068952 0.94835031 1.5390352 72.599998
1.5107555 0.96086979 1.5743456 2
1.8781399 0.97302449 1.5397946 42.5
1.938952 0.9853009 1.532806 39
2.0799346 0.97066712 1.5237225 35
2.1570766 0.98065573 1.5258591 40
-2.3901532 1.0586864 1.5965941 91
-2.3822567 1.1694959 1.5824109 63.333332
-0.46924281 1.1922148 1.5372022 76
-0.32907802 1.1783859 1.5518087 74.75
-0.23417297 1.1709857 1.5533361 75.75
-2.374074 1.2488632 1.5706927 49
-1.6658959 1.2895241 1.5628724 51
-1.4923286 1.2878643 1.5374634 55
-1.2935141 1.2601833 1.5531664 70
-1.1208324 1.2563531 1.546504 67
-0.96515989 1.2279148 1.5368166 74.5
-0.8039096 1.2235175 1.5681835 70
-0.79028064 1.2288506 1.5021914 64
-0.69072974 1.2044401 1.5337305 72.5
-0.53968012 1.2023627 1.5544269 73
-2.3573458 1.3327616 1.5606933 47.75
-2.2590678 1.3239899 1.5165164 64
-2.103415 1.3129238 1.5746214 63
-2.0423243 1.3090382 1.527774 64
-1.9370018 1.3300892 1.5484293 22
2.6207905 -7.1307993 1.6887062 113
-0.26408884 -7.0218339 1.6858171 135
-0.12914279 -7.0358396 1.6807969 134
0.47853923 -7.0436754 1.6619276 114
0.6381337 -7.0330181 1.6553199 122
1.4899569 -7.0461936 1.6857144 39
1.7945445 -7.0273175 1.6715128 39
-0.37825525 -6.977108 1.63111 130
2.6898689 -6.7336378 1.6238564 33
2.8155029 -4.9050846 1.6674873 57
-0.62418789 -4.2454672 1.6152252 1
-0.61667234 -4.0304699 1.6452606 3
-0.62357807 -3.8758817 1.6896883 10
2.9086921 -3.7351739 1.6438674 60
-0.58886987 -3.6070378 1.6780968 6
2.921175 -3.674727 1.6287035 62
-3.0563304 -3.4424937 1.6287347 52
-3.0363805 -3.3734026 1.6847569 74
-0.56135583 -3.3723841 1.6714437 6
-0.55354947 -3.2103131 1.6886592 7
-3.0756059 -3.0751166 1.6482162 10
2.9776599 -3.0411084 1.6647896 49.333332
5.2655516 -2.3349993 1.6116776 98
5.2717638 -2.2186096 1.6385964 105
5.2779412 -2.1012311 1.6669354 106
-3.0142853 -2.0846155 1.6956263 8
-0.45823783 -1.9335898 1.6638713 0
2.8067243 -1.9227072 1.6166614 46
5.2837906 -1.9871324 1.6924542 102
-0.44763011 -1.8384359 1.6643556 2
2.8527284 -1.8214831 1.6230739 39
-2.9912374 -1.7382965 1.6181334 36.333332
-2.982125 -1.6640687 1.6567558 43.666668
-2.9740632 -1.5889431 1.6972456 53
5.3217764 -1.4564561 1.6371559 103
5.3317795 -1.3412654 1.6500487 116
-0.38755718 -1.2448925 1.649279 79.666664
5.3353515 -1.2261504 1.6595248 125
-0.80922627 -1.1324437 1.6388941 41.5
-0.73286873 -1.1582526 1.6238877 39
-0.55334038 -1.1694121 1.6575246 42.333332
5.3446407 -1.1139621 1.670302 118
5.3467379 -0.99885714 1.6769787 109
5.3502603 -0.88672811 1.6822064 116
5.3616056 -0.77549905 1.6894109 113
5.3722024 -0.66427255 1.6945088 102
5.3806605 -0.55307263 1.6989396 104
5.3833952 -0.44293672 1.6992301 94
5.4001865 -0.22211714 1.699669 105
5.4049654 -0.11094094 1.6963886 104
5.411181 -0.0017448848 1.6930767 97
5.417367 0.10745595 1.6883522 109
5.3032637 0.21316034 1.6398525 58
2.959554 0.34254101 1.6991059 147
2.6790273 0.49756184 1.6293041 31
-2.4368114 0.66052675 1.6552808 71.599998
-2.4201024 0.75495392 1.629444 77
-2.4225643 0.81753743 1.6232783 77
2.3323975 0.86027408 1.6898091 38.5
-2.4003479 0.92472672 1.60128 88
-2.3968847 0.99489826 1.6021504 100
1.4556085 0.97104502 1.6592227 9.333333
1.5251497 0.96184915 1.6477634 7.5
1.9618704 0.97222245 1.6340952 33.5
2.0185852 0.98003024 1.617674 33
2.1708705 0.96395624 1.6132727 52
2.2444348 0.97033566 1.6090616 61
2.3356383 0.9562633 1.6943026 54
-2.3930068 1.061522 1.6472257 80
1.2932739 1.0981991 1.683179 2
1.4943386 1.0341835 1.6603675 3
-2.3864133 1.1385641 1.6398345 74.666664
-0.71106261 1.1985617 1.6358399 70
-0.55164897 1.1941409 1.6586685 67.5
-0.47935098 1.1832857 1.6381513 78
-0.33379829 1.17117 1.6532104 78
-0.23452617 1.161382 1.6515713 76.5
1.2660027 1.1093798 1.6632694 13.5
-2.3788202 1.2359815 1.6230874 71.5
-1.7400973 1.2968264 1.681877 61
-1.5481485 1.2877656 1.6531137 53.5
-1.3398917 1.2561629 1.6590486 65.5
-1.158236 1.2538862 1.6591685 60
-0.99802786 1.2266623 1.6433859 75
-0.81943876 1.2220181 1.6420937 74
-2.2252724 1.3195837 1.6713994 62
-2.158144 1.3150053 1.619264 70
-1.9860774 1.3304074 1.6265264 32
1.5529476 -7.1015358 1.7147094 49
-0.050387837 -7.0440717 1.7043712 136
1.7493571 -7.0557098 1.723801 39
-0.96369034 -6.9227023 1.7117701 100
-0.87867612 -6.9397655 1.7430559 127
-0.45486146 -6.9533157 1.7899864 129
-0.25991404 -6.9769974 1.7192862 128
-1.1139286 -6.8995528 1.7095792 26
2.6548193 -6.8718462 1.7233893 35
0.41586396 -6.5879025 1.7164172 22
2.8351672 -4.8473444 1.7005786 54
2.5693381 -4.5582318 1.7722276 13
1.7201449 -4.4170184 1.7208096 12
2.0497656 -4.4652252 1.7839354 3
2.5872622 -4.4861794 1.7908092 14
0.92296022 -4.348978 1.71492 15
1.6378137 -4.3720818 1.7588854 22
1.807863 -4.3948836 1.7554175 3
-0.62278163 -4.2880545 1.7642508 2
-0.61245269 -4.065012 1.7872554 14
2.9120338 -3.7535164 1.7445874 60
-2.9792051 -3.6189363 1.7743752 53
-3.0479407 -3.3424158 1.758072 72
-0.54600024 -3.0592415 1.7044803 6
2.9650381 -3.0668993 1.7407343 64
3.0038445 -2.9171715 1.7063944 56
-2.9406049 -2.8613608 1.7879397 11
-0.52981734 -2.891892 1.7058327 4
-3.0048614 -2.0399384 1.7350798 21
-0.46863312 -2.0494132 1.7469784 3
-3.0046046 -1.9999628 1.7797136 33
-0.46616507 -1.9614286 1.7572253 7
2.9437211 -1.9413518 1.7210115 150
-0.45206577 -1.8560795 1.7488965 5
2.980747 -1.8316709 1.7245961 150
3.0696969 -1.8051587 1.7965701 91
5.2916174 -1.8746517 1.717907 101
-0.44661129 -1.7699927 1.752787 5
5.3030128 -1.7629716 1.7425818 85
-2.9790983 -1.6377509 1.7151707 50
-2.9733567 -1.5450681 1.7593117 60.5
-2.9661601 -1.4692782 1.7887278 61
-0.40254384 -1.2260476 1.783904 38
-0.37337267 -1.2913597 1.7790649 71
-0.83897656 -1.1386762 1.7687045 43
-0.75785512 -1.1652702 1.7456596 39.5
-0.5568428 -1.1763406 1.7595426 44.5
5.3939238 -0.33230364 1.700152 104
-2.4393461 0.63647693 1.7506806 66.666664
-2.4185133 0.74476892 1.7780203 84
-2.4130743 0.85796863 1.7857579 79.25
2.3460073 0.86461771 1.7863855 94
-2.4037533 0.95033252 1.7693076 75.75
-2.39817 0.976919 1.7451552 84
1.5379193 0.95873326 1.7180822 17
2.0460293 0.96595609 1.7283665 40.5
2.1127563 0.97846711 1.7191908 42
2.3243322 0.98539072 1.7654903 150
-2.4007976 1.0310537 1.7845746 90
-2.3970633 1.0615298 1.7771541 79
1.2984685 1.0953242 1.7317849 23
1.3053187 1.0932381 1.7851514 30
1.5159769 1.0920335 1.750122 11
-2.3889947 1.1366141 1.7704171 82
-0.73492122 1.1965389 1.7547326 76
-0.56521869 1.1916872 1.7779158 65
-0.491166 1.175264 1.7469907 71
-0.34407339 1.166039 1.7505485 76
-0.23336977 1.154884 1.74886 76.333336
1.2644328 1.1000584 1.7361819 35
-2.3833828 1.2396497 1.7893972 84
-1.7913659 1.2986885 1.7627281 54
-1.619716 1.2975848 1.7926097 65
-1.3933067 1.255074 1.7763699 60
-1.203271 1.2558817 1.7872876 55
-1.0336285 1.2223465 1.7587401 70.5
-0.83826429 1.225245 1.7278277 62
-2.3710022 1.3134243 1.7859371 78.5
-2.27829 1.3168498 1.7149179 62
-2.0650496 1.3279871 1.7497058 43
1.4823072 -7.1048279 1.8780711 54
2.6263182 -7.1520438 1.8478367 114
-0.27564442 -7.0337167 1.8553742 150
-0.13456959 -7.045958 1.8468413 150
-0.057079531 -7.0470748 1.8714327 126
0.5670777 -7.0260429 1.8173983 123
1.6183971 -7.0600157 1.8205104 39
1.8756943 -7.0440927 1.8530929 5
1.9276738 -7.0403547 1.8076912 7
2.7490385 -7.0844069 1.8137646 58
-1.2001661 -6.9126287 1.8765663 24
-1.0466442 -6.922493 1.8760366 95
-0.33532804 -6.9756041 1.8837529 125
2.6686378 -6.8797812 1.8125798 35
2.7708867 -6.7111478 1.8498993 38
0.34674001 -6.5352278 1.8573799 15
2.7910094 -6.3650608 1.8838588 49
2.8120267 -4.9488525 1.8223892 52.5
1.9922661 -4.422276 1.8056462 15
2.0816154 -4.4094448 1.898138 17
2.4967735 -4.4872522 1.8519021 15
2.5135927 -4.4592209 1.8227942 17
2.7233107 -4.4373608 1.8968118 18
0.87741357 -4.315649 1.8126609 14
1.5979673 -4.3791881 1.8691262 14
1.6721628 -4.386034 1.8163577 10
1.8873698 -4.3580303 1.8361481 15
2.1235466 -4.3989611 1.8556516 17
-3.1013529 -3.9490185 1.8456186 17
-0.6087814 -3.8740587 1.8157456 11
2.8982081 -3.8282828 1.8635478 61
2.9129615 -3.7622468 1.8416178 60
-0.59041893 -3.653883 1.8215222 11
-3.0356574 -3.5337286 1.8201021 46
-0.57116205 -3.4446867 1.8232247 10
-3.0509415 -3.3511949 1.8319962 85.5
-3.0548842 -3.2592373 1.8496971 74
-0.55688745 -3.2605572 1.8290389 10
-3.0421267 -3.1057582 1.849232 67
2.9608979 -3.1179974 1.8384755 61
-0.54175013 -3.0844076 1.8307861 8
2.9659457 -3.0689638 1.8232012 66
-0.52900273 -2.9272933 1.8356904 6
-3.0212936 -2.819943 1.8492614 80
-0.51584637 -2.775166 1.8374416 1
-3.0148489 -2.6886604 1.8508676 76
-3.006103 -2.5603151 1.8521565 82
-2.9993818 -2.439029 1.8536761 85
-2.9893427 -2.317636 1.8529557 103
-3.0235031 -2.2313392 1.819103 10
-2.9783382 -2.201215 1.851633 99
-3.0145667 -2.1610527 1.8710853 24
-0.48145634 -2.1889544 1.8722003 4
-2.9662051 -2.0857482 1.8483522 93
-0.47106344 -2.0788512 1.8712562 8
-3.0001595 -1.9566531 1.819726 42
-2.9785571 -1.9459336 1.8548858 68
-0.46191329 -1.9767636 1.8707767 12
3.0555894 -1.9330508 1.8081372 112
-2.9688191 -1.867435 1.8719935 70
-0.45401645 -1.8816915 1.8707645 12
3.0690691 -1.8439735 1.8227813 90
-2.9460654 -1.7712206 1.8500614 92
-0.44740647 -1.790635 1.8712274 11
3.0696659 -1.7298146 1.8165638 90
-2.9381249 -1.6718966 1.8485868 97
3.0771847 -1.6421064 1.8282691 93.5
-2.9360662 -1.5797697 1.8523611 88
3.0901194 -1.5598662 1.843384 89
-2.9573216 -1.4559149 1.8376108 68.599998
5.3054342 -1.4224994 1.8002211 99
-2.9376352 -1.3552508 1.8673583 74.333336
-0.37414414 -1.3716496 1.802158 35
5.3198042 -1.3146365 1.821979 109
-2.9242401 -1.2547268 1.8812038 76.333336
-0.40559834 -1.2312514 1.8769228 33
-0.37657163 -1.2570961 1.8564882 45
5.32336 -1.2053044 1.8375711 118
-2.9057715 -1.1470361 1.8731817 89.5
-0.86018914 -1.1426421 1.8631581 43
-0.78559536 -1.1683723 1.8752494 12
-0.53892231 -1.1931272 1.8222387 41
-2.8982122 -1.0612721 1.8710873 83.5
5.3304796 -1.0957955 1.8552219 110
-2.9012246 -0.96421432 1.8592542 84
-2.8915389 -0.95268619 1.8863399 85.5
5.3355231 -0.98837227 1.8693557 128
-2.8843679 -0.85434127 1.8682168 89
5.345542 -0.88069534 1.8855236 119
-2.8785579 -0.75617522 1.8632122 88.666664
5.3476501 -0.77240562 1.8968832 114
-2.8728938 -0.65588909 1.8680317 91
3.1406353 -0.67111951 1.8884397 94
-2.8656001 -0.57665336 1.866173 87.5
-2.7981112 -0.50165302 1.8319551 97
-2.8334374 -0.4195047 1.8499937 106.5
-2.7835572 -0.47214118 1.8005385 94
-2.8496711 -0.34658384 1.8640647 91.5
-2.8427498 -0.25060052 1.8659301 96
-2.8359394 -0.14094208 1.8606426 97
-2.8253899 -0.046841726 1.8594691 93.5
-2.8210042 0.046428036 1.8626882 97
-2.8107865 0.15371263 1.8557366 96.333336
-2.8049903 0.24799481 1.8579847 99
3.1958365 0.22804046 1.8822953 96
5.058454 0.27706161 1.8317397 89
-2.8022118 0.3090831 1.8634655 93
-2.7949209 0.35929781 1.8553305 97
3.1940637 0.30209008 1.8752877 98
-2.7902124 0.45084813 1.8552194 96.333336
-2.7779996 0.54532623 1.8527949 95.5
-2.7393074 0.61161321 1.8274181 76.5
-2.6226468 0.62750781 1.874882 24.5
-2.5377858 0.60240829 1.863501 45
3.2513807 0.65249074 1.8818675 0
-2.421376 0.7534942 1.8698583 75.333336
3.2504113 0.76657361 1.868857 0
-2.4094555 0.86246616 1.8585914 77
-2.4044542 0.96800786 1.8283722 76.5
2.4032426 0.95963025 1.8431355 150
1.273716 1.0992908 1.8630091 40
1.3182212 1.0917388 1.8715687 38
1.4783262 1.0202304 1.8085328 115
1.5167413 1.0569178 1.8222317 67.666664
-0.76053321 1.19344 1.8825006 60
-0.53806973 1.1828042 1.8504381 70
-0.33560166 1.1570098 1.8661433 78.333336
-0.23732634 1.1497387 1.8628063 69
0.98232204 1.1177696 1.8448083 40
1.2697166 1.1007017 1.800481 38
-1.8440629 1.2985445 1.8484728 57
-1.6635745 1.2953694 1.8821646 54
-1.4400921 1.2625728 1.8747082 74
-1.2343234 1.2554458 1.8779433 50
-1.0727974 1.2159638 1.880803 66
-0.8649959 1.2191963 1.8513904 61.5
-2.1588039 1.3305098 1.8887292 41
0.49530521 -7.040072 1.9857588 125
1.7466183 -7.0447369 1.9504749 37
2.6331129 -7.0315137 1.9210763 35
2.7254944 -7.0135841 1.9514236 39
-0.95725912 -6.9319887 1.9071963 125
-0.53843617 -6.9758186 1.9612573 130
1.9789038 -6.9047489 1.9515646 6
2.0488343 -6.9889011 1.9265707 7
-0.2870599 -6.8579965 1.9738548 129
-0.14403805 -6.8675523 1.9671545 123
-0.07065811 -6.8787374 1.9950625 127
-1.2370435 -6.7367148 1.9958721 9
2.7436554 -6.6367574 1.9820408 37
2.0848868 -6.5681682 1.9386753 30
1.2410238 -6.1483002 1.9308178 21
2.8114383 -6.0550261 1.9155773 53
2.8276293 -5.7596912 1.9444227 57
2.8495286 -5.5016799 1.9752434 64
2.8576622 -5.2325296 1.9936262 65
2.5569944 -4.502799 1.9041991 17
2.6092954 -4.4374456 1.9194769 18
1.9924279 -4.3956017 1.9507722 2
2.2203259 -4.3973184 1.955717 5
-3.09973 -3.9150431 1.9979802 33
2.8881104 -3.8666861 1.9742197 62
2.9076555 -3.8025949 1.9514923 62
-0.35261786 -3.7120862 1.9693162 11
-0.21171048 -3.7363868 1.9958024 7
-3.0561748 -3.6863987 1.9686308 63
-3.0411267 -3.5021229 1.9587576 86
-2.7877195 -3.5041659 1.9906185 39
-0.35513502 -3.5180442 1.9693778 14
-3.1043046 -3.3173256 1.925673 34
-3.0540078 -3.3642092 1.9691854 97
-3.1158838 -3.2813406 1.9989921 13
-3.0584054 -3.2191839 1.9726433 71
2.9543738 -3.140897 1.9294244 65
2.9601791 -3.0899422 1.9113824 61
-2.9650104 -2.9739099 1.9083503 13
-2.9801192 -2.8580272 1.9203959 12
-3.0230572 -2.7734971 1.9513934 81
2.9836719 -2.7753458 1.9256661 122.5
-3.0148845 -2.6393147 1.9464195 88
-3.0011532 -2.5070662 1.9389093 90
-2.9953365 -2.3839154 1.9355839 92
-2.9861796 -2.2627232 1.9300129 99
-3.0135076 -2.1179864 1.9079384 35
-2.9796858 -2.1495683 1.9274884 102
-3.0079532 -2.0479884 1.9586194 47
-2.9712512 -2.0373867 1.922452 87
-2.9580986 -1.9261497 1.9154416 90
-2.9669776 -1.8196828 1.9222337 78.5
-2.9624071 -1.7454863 1.9402102 76.5
-2.9335322 -1.6196232 1.902194 91
-2.9293067 -1.5244999 1.9012964 96
-2.9275208 -1.4334073 1.9020669 86
-2.9585688 -1.3297913 1.9167888 69
-2.9447358 -1.2441667 1.9380203 63.25
-0.60284984 -1.2038887 1.9347051 137
-2.9381657 -1.1539855 1.9823945 61.5
-1.4441907 -0.83504081 1.9708033 90
-1.4360195 -0.74243057 1.9902977 29
-1.4186692 -0.64522433 1.9905226 34.5
3.1392567 -0.66844982 1.9434538 23
5.3576655 -0.6657052 1.9102114 118
-1.406603 -0.57407677 1.9902273 39
-1.3976284 -0.5263356 1.9870639 48
5.3605676 -0.55936813 1.9208317 118
-1.3892531 -0.45771751 1.9889532 56
5.3633075 -0.45101288 1.9286393 110
-1.3772039 -0.3665477 1.9871967 60.5
5.3740349 -0.34525558 1.939821 114
-1.3700808 -0.25590917 1.9944214 68.333336
5.3839307 -0.23753394 1.9503227 120
-1.3649619 -0.16779909 1.9977385 75
5.3853059 -0.13123105 1.9553051 115
5.3973289 -0.024376012 1.9636377 118
5.4015203 0.082081512 1.9685678 112
5.389225 0.18970652 1.9660165 136
-2.4338546 0.65257829 1.9479929 69.333336
-2.4302263 0.73801124 1.9566307 64.5
-2.412215 0.80445337 1.912756 83
1.279999 1.095122 1.9634882 46.5
1.3300152 1.0871493 1.9584564 43
1.5449966 1.0808932 1.978364 35
1.6698873 1.0738424 1.9773146 26
2.2921822 1.0482121 1.9762998 78
2.3441012 1.0475051 1.9704959 82
-0.77782965 1.1867018 1.9672962 62
-0.54713082 1.1752423 1.9333854 67
-0.34667343 1.1539505 1.9836186 72
-0.23608156 1.1451805 1.9810464 69.5
0.64779592 1.1354477 1.9398417 34.5
0.96169633 1.1142669 1.9463303 53
1.0014932 1.10809 1.9374105 45
-1.9010924 1.2983904 1.9378542 57
-1.7118385 1.2928556 1.9763565 59
-1.4819568 1.2601166 1.9634163 63
-1.272692 1.2585105 1.9810576 67
-1.1054974 1.2182428 1.9793663 63
-0.89635044 1.2157577 1.9916512 58
-2.2268336 1.3294423 1.9892728 39
1.4090101 -7.0741553 2.0378182 35
1.8728918 -7.0316153 2.0811741 5
2.6486182 -7.0380039 2.0114341 24
-0.4102903 -6.9682131 2.0495553 144
-1.1000867 -6.7964358 2.007503 32
-0.99193937 -6.7497826 2.0228918 94
-0.58636445 -6.7798657 2.0717828 125
2.0828817 -6.7914429 2.0527327 12
0.43268809 -6.6870956 2.051439 20
0.27412459 -6.5690875 2.0245934 12
2.7714124 -6.3183231 2.019244 35
2.7878335 -6.0038595 2.0467417 49
1.1646301 -5.9809232 2.0244663 0
2.8102407 -5.7250271 2.0767763 55
2.8536038 -4.9541435 2.0009503 26
-3.1909444 -4.5003071 2.0813189 7
2.8697224 -4.5080509 2.0338914 4
2.9060903 -4.3553309 2.0740113 6
-3.1129293 -4.1152987 2.0066879 12
2.9128463 -4.16043 2.0886497 65
2.881789 -3.9108579 2.0919266 61
2.901305 -3.8390074 2.0632184 64
0.65131468 -3.7524021 2.0923526 11
-2.9558878 -3.6035721 2.0740101 47
-0.35908401 -3.6143513 2.0859532 11
-0.24856293 -3.6114104 2.018676 7
-0.47512925 -3.5082979 2.0765097 2
-0.21968877 -3.5737247 2.0134037 36
0.0074323178 -3.5615814 2.0975828 3
-2.9482312 -3.4342575 2.068646 49
-3.1092911 -3.2232897 2.0588591 1
2.9546621 -3.1376569 2.0426238 61
-2.9868331 -3.0409553 2.0999434 43
1.5935698 -2.9535983 2.0315595 31
-2.9532309 -2.8699703 2.0758297 12
-2.8824508 -2.8869438 2.0549848 19
1.5324919 -2.8381741 2.0412819 46
2.9780498 -2.8086011 2.0569687 62.5
1.4927473 -2.7804282 2.0859938 15
1.5815753 -2.7816892 2.0410347 45
2.9807601 -2.7863395 2.0452647 62
1.5305295 -2.6850717 2.0567665 24
-0.27292439 -2.1351602 2.0468223 3
-3.0003264 -1.9757822 2.0064991 61
-2.9819598 -1.9409331 2.0683804 81
-2.9771385 -1.8501768 2.085191 76.666664
-2.9628911 -1.7302724 2.0477471 79.5
-2.9624927 -1.6461153 2.0694029 71
-0.29002312 -1.6710469 2.0944653 50.5
-2.9339142 -1.5669866 2.0882082 88
-2.9227226 -1.4466096 2.0841963 87
-2.9144046 -1.3263515 2.0775075 91
-2.9100075 -1.2361753 2.0762854 85.5
-0.57023257 -1.2986728 2.0725205 150
-2.9163311 -1.1324762 2.0561962 72.666664
-2.9236293 -1.0461726 2.0386071 65.599998
-2.8983324 -1.0407217 2.0774977 88
-2.9186878 -0.94144469 2.0640757 67
-2.8938286 -0.95155066 2.0697658 83
-2.9131038 -0.8546192 2.091116 66.333336
-2.885972 -0.84677768 2.0686216 90
-2.8815334 -0.74445963 2.0694559 88.333336
-2.8716917 -0.6407944 2.0641093 88.5
-2.8507495 -0.55579627 2.0505433 97
-2.8531041 -0.4170205 2.0558209 92
-2.7920699 -0.46733111 2.0072179 79.5
-2.8506844 -0.34263322 2.0598218 85
-2.8446019 -0.24412902 2.0591626 83.5
-2.8349998 -0.14583977 2.0552475 88
-1.3657926 -0.12377534 2.0037854 75
-2.8277743 -0.051065117 2.0548086 93.5
-1.3621407 -0.057689045 2.0027413 69.5
-2.8222272 0.043987844 2.0555773 92.333336
-1.3623843 0.052397873 2.0084774 62.666668
-2.8146513 0.16089703 2.0552938 94
-1.3680505 0.16493973 2.0187624 43
-2.8063827 0.25617534 2.0544252 94
-1.3779938 0.25792575 2.0336502 37
3.1941736 0.23137988 2.0204117 99
-2.8037167 0.35052186 2.0729675 85
-2.7974384 0.37146565 2.0542173 90.5
-1.3755006 0.32551804 2.0229652 144
3.1970572 0.34588307 2.0246248 96.5
-2.8062735 0.45542917 2.0847473 74
-2.7921073 0.46130034 2.0551949 85
3.2070057 0.46182981 2.0329506 94
-2.787595 0.55005294 2.0493112 81.571426
3.1892428 0.53494883 2.0207951 150
-2.7603538 0.61914277 2.0123117 70.333336
-2.5554109 0.61500269 2.0617862 22
-2.4411747 0.61784935 2.009567 64
2.6448693 0.91334188 2.0318377 7
1.2887543 1.0909959 2.0728486 50
1.3458183 1.0838041 2.0555243 45
1.5729492 1.075573 2.0239062 31
1.6474979 1.0752606 2.0599542 33.5
2.2946181 1.0489525 2.0436184 65
2.4023631 1.0385659 2.0994327 58
-0.79858327 1.1848269 2.0678837 60
-0.55802774 1.1719983 2.0297551 62.5
-0.35018417 1.147367 2.0770955 62
-0.23611912 1.1381396 2.0748241 67
0.64382672 1.1304761 2.0423193 56
0.95982748 1.1103332 2.0215056 49
1.0087734 1.1060531 2.0465803 47.5
-1.9603726 1.2962292 2.0300496 61
-1.7637706 1.2900727 2.0782604 60
-1.5322163 1.2625774 2.0674648 66
-1.3114353 1.2605158 2.0891459 58
-1.1406957 1.2194717 2.0837317 71
-0.92096907 1.2164834 2.0989296 71
-2.3027089 1.3308171 2.0971971 35
2.6080256 -7.1905274 2.1282554 78
2.5799713 -7.0286131 2.1717267 101
1.99119 -6.9648681 2.1973789 25
-0.29856083 -6.8598299 2.1395247 122
-0.14879623 -6.8736649 2.1353257 123
-0.076262571 -6.881691 2.1612153 123
-1.3188791 -6.7227154 2.1597035 25
-1.1682466 -6.7338161 2.1564853 92
-1.0755601 -6.7561646 2.1934023 120
-0.46071333 -6.7936344 2.1656237 118
0.37378806 -6.4481225 2.1375928 15
1.1089537 -6.0196552 2.1817026 0
2.0169954 -5.96946 2.1265738 2
2.8282573 -5.4616141 2.103981 55
1.7469467 -4.8659382 2.1225178 2
2.8678339 -4.7457809 2.1663797 63
2.8788056 -4.5341058 2.1835444 62
-3.1225998 -4.342834 2.1289535 52
2.8874497 -4.3286467 2.1993046 61
-2.9980848 -4.1003952 2.1280937 34
-3.0227418 -4.0485826 2.1240726 14
-2.9368443 -3.9203498 2.1398063 22.5
2.084214 -3.9269812 2.1235511 3
2.9253492 -3.9862003 2.1073587 50
-3.0343111 -3.8847687 2.1329498 31
2.0238378 -3.8519251 2.1859 8
2.895076 -3.8754568 2.1794155 63
2.9416814 -3.825752 2.1287818 24
2.0617843 -3.7745519 2.1867201 8
-2.9821246 -3.6020701 2.1395645 48
0.11808899 -3.6702743 2.1432636 135
0.61162359 -3.6100368 2.1207943 1
1.9095765 -3.6231887 2.160378 2
0.094769269 -3.5352969 2.17432 12
-0.36642045 -3.4634392 2.1095564 21
1.8320476 -3.4890804 2.1809158 5
-3.0170588 -3.3459139 2.142024 85
-2.9363112 -3.380326 2.101974 58
-3.0568779 -3.2629197 2.1539333 91
2.3717859 -3.2447848 2.1798265 0
-3.0205975 -3.1797996 2.1636021 80
2.9485707 -3.1699648 2.157095 63
2.9740272 -3.0627646 2.1871877 12
2.2383659 -2.950484 2.1667321 7
-3.0276155 -2.8138299 2.1340888 86
-2.9928937 -2.8710473 2.1403735 18
2.9742956 -2.8156414 2.1790667 61.5
-3.0157132 -2.7613978 2.1562593 100
-3.0138674 -2.6521914 2.1395035 90.5
-3.0082293 -2.5438738 2.1224139 88
-2.974828 -2.5497262 2.1702259 16
2.3652103 -2.5068047 2.1177804 9
-3.0034859 -2.4999647 2.1462305 91
-2.9595704 -2.4321251 2.1494222 60.5
1.9056125 -2.4436288 2.1983759 7
2.2862966 -2.4081278 2.1135621 13
2.3088233 -2.4793093 2.133601 3
2.4319801 -2.450201 2.1321895 13.333333
-2.9972749 -2.3747478 2.1411896 88
-2.8647773 -2.3457153 2.1908295 47
-2.1843336 -2.3324046 2.196203 46
2.2534142 -2.3347654 2.1337042 14.5
2.3266878 -2.3873732 2.1294768 11
2.4938309 -2.343549 2.1459622 20
2.5682163 -2.3722217 2.1350856 8.5
2.8085961 -2.3464403 2.1820295 10
2.9074085 -2.3422456 2.1475863 11
-2.9859028 -2.2722692 2.1195736 90
-2.8045785 -2.240308 2.1910713 53
2.2494085 -2.2996051 2.1856289 14
2.3291631 -2.2660553 2.1411643 12
2.4419906 -2.2438934 2.1365664 16.833334
2.500947 -2.236726 2.1497409 21
-2.9835148 -2.1586092 2.1189184 96.5
-0.28042543 -2.115294 2.1110771 31
2.3575904 -2.1877131 2.1677933 16
-2.9743652 -2.0438118 2.1130877 96.5
-0.28241861 -2.0167162 2.1057806 36.5
-2.9569385 -1.9065942 2.1107872 81
-0.47117651 -1.9097767 2.1780195 2
-0.28485239 -1.9418979 2.1206856 38.5
-0.1294952 -1.9626105 2.1885154 9
2.2186477 -1.9713314 2.1986058 5
-2.9506495 -1.8013867 2.1070402 95
-2.9823725 -1.7555114 2.1397226 73
-2.9574413 -1.6648971 2.1572132 84
-0.026263366 -1.6243898 2.1504834 10
0.25111997 -1.6389889 2.1583769 58
0.56750256 -1.6527487 2.1725895 76
0.66069001 -1.6629268 2.1737173 53
-2.9657843 -1.5487492 2.1272855 67
-0.29221749 -1.5412726 2.1192024 10.5
0.24038021 -1.5633458 2.1598732 4
0.54857212 -1.5729656 2.1631815 6
0.93094087 -1.5385077 2.183712 8
1.0469481 -1.5915862 2.1966395 18
-2.962589 -1.4714538 2.1765988 76
-0.29325855 -1.4636557 2.1116781 34
0.51301098 -1.446628 2.1767764 97
0.61069268 -1.4599966 2.1919413 12
-0.41564029 -1.3244914 2.1125488 19
-0.38614285 -1.3346597 2.1117616 14
-0.29454833 -1.3677139 2.1214836 8
0.4975861 -1.3746142 2.1663206 9
0.59571588 -1.387526 2.1850069 12
0.95776659 -1.318113 2.1793442 12
-0.94115317 -1.2347698 2.1680169 13.5
-2.7689342 -1.1252134 2.1917377 60
-0.93210334 -1.1422286 2.176079 13
-2.7074735 -1.053887 2.1866322 81
-0.92276949 -1.0485857 2.1746459 17
-0.91356784 -0.93201399 2.1840527 17
-2.9095306 -0.81823003 2.1094794 66
-0.90739876 -0.84661049 2.1892607 21
-2.9073644 -0.74731612 2.1237154 64.75
-0.90253711 -0.76279968 2.1938879 17
-2.9009445 -0.67349166 2.1362598 63
-2.8980992 -0.63886601 2.1482985 64.333336
-0.89482003 -0.65177095 2.1956158 21
-2.8654234 -0.54139453 2.1422374 79.25
-2.530741 -0.57059485 2.1309938 79.5
-2.8293831 -0.43548977 2.1321344 74
-2.8737853 -0.34091437 2.182941 72
-0.87568933 -0.30515847 2.1854148 31
-0.79769319 -0.30470723 2.1759813 41
-2.868083 -0.23829545 2.188992 68.25
-1.100221 -0.27740735 2.16852 64
-2.8570421 -0.13495135 2.1852221 70
2.4658618 -0.15468092 2.1832108 14.25
2.5699744 -0.15829428 2.188664 16.5
2.7729547 -0.1387468 2.1984525 12
2.8943453 -0.14068677 2.1979387 12
-2.8504517 -0.043257434 2.1794479 68.333336
2.4671686 -0.052708194 2.1850572 15
2.5711071 -0.053384889 2.1907868 14
2.7693067 -0.06572374 2.1946583 11
2.8905816 -0.066713274 2.1954169 12
-2.8416681 0.045894854 2.1707664 67.5
-0.30655807 0.09934289 2.1835041 56
-0.28086036 0.099890471 2.1994774 3
2.4693952 0.049082182 2.1881239 14
2.5671949 0.051179387 2.1873436 15
2.7678647 0.044348489 2.194901 12
2.8940005 0.0077267643 2.1998358 13
-2.8326836 0.14913449 2.1562736 71
-0.3080529 0.15230599 2.1907628 17
-0.28361636 0.19085968 2.1996398 53
2.4676573 0.15058379 2.1866651 14.5
2.568404 0.15508901 2.1901698 15
2.8874369 0.15702146 2.1977644 15
-2.8215022 0.25107923 2.1351769 70.25
-0.30438513 0.23050034 2.1884842 36.5
2.4595313 0.25976893 2.1894238 15
2.5489817 0.24820931 2.1952369 14.333333
-2.8142383 0.3422637 2.1164663 72.666664
-0.30214512 0.33697617 2.1916828 35.5
2.4716332 0.35562307 2.1938782 16
2.5750396 0.3642039 2.1999943 15
-2.8099351 0.42122588 2.1030841 71
-0.30064303 0.41895649 2.1944258 38
-0.29752195 0.47196448 2.191721 41
-2.6187677 0.61816418 2.1879926 20
2.7562666 0.89877838 2.1907468 12
2.558465 0.93884248 2.1974239 16
1.2995346 1.0926989 2.1607199 51
1.3645067 1.0826142 2.1650431 48
1.5793498 1.0789456 2.1608543 45
1.6612582 1.0701482 2.1218619 34
1.7163326 1.0685946 2.1773102 36
2.3985929 1.0354043 2.1633101 57
2.4660063 1.0428262 2.1026106 53
-0.82201815 1.1828655 2.1762686 72
-0.60852438 1.1764573 2.155349 63
-0.53063005 1.160852 2.1118827 64
-0.35413262 1.1441156 2.1851473 65.5
-0.23558739 1.1354635 2.1832683 63
0.62994319 1.1262295 2.1413589 52
0.95909441 1.1088285 2.1530466 48.5
1.0168024 1.1030288 2.163779 45
-2.0287585 1.2970476 2.1345005 50
-1.8278539 1.2944494 2.199271 48
-1.5789113 1.2570683 2.1657844 66
-1.3508335 1.2564753 2.1971033 55
-1.1801082 1.2212034 2.1978741 66
2.3252308 -7.0110307 2.207119 41
2.490171 -7.0176096 2.2436469 103
2.2522693 -6.9542222 2.2391446 101
-0.66660804 -6.7792573 2.2395456 127
0.19738166 -6.6673226 2.2137239 31
0.3070085 -6.4391599 2.2928467 15
2.7686775 -5.2342386 2.2657633 17
2.783643 -5.1211882 2.2737348 12
0.87548584 -5.057868 2.2338476 13
0.8125084 -4.7800088 2.2419028 48
-0.3517369 -4.4125967 2.2000132 9
-0.22845963 -4.4184265 2.202167 10
-0.18978357 -4.413466 2.218354 16
-0.23271188 -4.3173299 2.27459 14
2.8967619 -4.139184 2.2142632 52
2.8793082 -3.9275064 2.2521567 61.5
2.9171612 -3.9769335 2.240195 18
-2.8957734 -3.8437541 2.2218177 15
1.1371605 -3.5328565 2.288497 60
1.1768523 -3.4579566 2.2968769 32
1.0796374 -3.3691468 2.2880933 54
1.0258576 -3.2131355 2.2857645 58
1.1204966 -3.2880285 2.2912059 54
2.9424927 -3.2101305 2.2190521 60
1.0708249 -3.1368878 2.2891874 55
2.2969759 -3.1437738 2.2027586 1
2.9447124 -3.1685679 2.2902617 37.5
0.97679186 -3.0697808 2.2850406 63
0.93102735 -2.9331794 2.2855401 61
1.0237085 -2.9936497 2.2870181 57
2.9846239 -2.9347486 2.2008357 43
0.9822678 -2.8652582 2.290359 44
2.9764779 -2.8179016 2.2467725 63.333332
0.93949527 -2.7247424 2.2790992 30
2.9997346 -2.6841309 2.2246926 79
-2.8036451 -2.5350046 2.2217441 1
1.9470775 -2.5702229 2.2146749 6
3.0089197 -2.5672271 2.2362101 73
-2.7956395 -2.4769447 2.2656679 11
-2.0407634 -2.3777661 2.2772837 56
2.2337115 -2.3521593 2.218101 14
2.9995058 -2.3171926 2.2364769 16
-2.1572173 -2.245569 2.2144797 45
2.1823719 -2.2857029 2.2353878 7
2.235101 -2.2838266 2.2501142 8
2.4388266 -2.2091296 2.2397985 17.666666
3.0288031 -2.2300551 2.2666209 92
4.9751682 -2.2623692 2.2973325 61
-2.7689848 -2.1307306 2.2339077 53.5
-2.1195252 -2.1489816 2.2197142 48
2.0527158 -2.1083846 2.2216282 11
2.1244762 -2.1690316 2.2121055 6.5
2.3742759 -2.1344948 2.2949429 0
2.5350361 -2.187099 2.2269692 20.5
3.0305085 -2.1196525 2.2718925 102
4.9556961 -2.118444 2.2993083 58
-2.759666 -2.0430791 2.2953374 51
-2.5942204 -2.0791149 2.2665608 150
-2.0898781 -2.0609527 2.2311957 54
2.0576541 -2.0625665 2.2393329 5
2.2689734 -2.0047822 2.2383928 3
3.0331354 -2.0121961 2.2778449 90
-2.4879618 -1.9337173 2.205699 64
-2.0598218 -1.9738812 2.238688 66
-0.37901372 -1.9068778 2.21649 21
-0.1584985 -1.9332191 2.2584684 5
-0.032972448 -1.9313699 2.2124043 30
0.27456158 -1.9601991 2.2354982 22
0.72747451 -1.9804657 2.2580876 1
1.9724081 -1.9929426 2.2582073 0
3.0395427 -1.9122086 2.287143 86
4.933322 -1.9755353 2.2970932 62
-2.4578414 -1.8585802 2.2144217 48
-2.0262642 -1.8560749 2.258841 67.5
2.1843154 -1.8984954 2.2005136 6
3.0456147 -1.8125479 2.2958357 87
4.9191489 -1.8396548 2.2980576 62
-2.4222243 -1.7804254 2.2176032 51
-2.3905807 -1.705283 2.2204344 54
-1.9922098 -1.7392166 2.2740097 66
1.0097845 -1.7688164 2.2560544 3
4.9024806 -1.7047076 2.2971516 62
-2.3622594 -1.6341531 2.2269874 54
-1.9685339 -1.6615684 2.280858 65
3.0378666 -1.6074964 2.2945156 47
-2.9402826 -1.5608509 2.2074006 72
-2.5181448 -1.5852011 2.2696459 145
-2.3335907 -1.562021 2.2295554 52
1.4050536 -1.522359 2.2152445 3
2.4691257 -1.5447969 2.2567685 5
2.5321 -1.5937443 2.2473211 2
4.8894038 -1.5757326 2.2968788 62
-2.932858 -1.4558945 2.2064266 74
-2.887599 -1.433714 2.2157929 57
-2.4402466 -1.4514209 2.2415805 51.5
-2.305907 -1.4928926 2.2320342 54
-2.2857897 -1.4287895 2.2408745 56
1.2776653 -1.4290652 2.2084246 5
1.3580922 -1.411689 2.235575 4
4.8269119 -1.4311192 2.2699425 41
-2.9364593 -1.3553327 2.2192833 73
-2.8501725 -1.3405359 2.2193646 57
-2.4028604 -1.3466177 2.2508888 56
-2.2626548 -1.3636835 2.2460938 64
0.48174125 -1.3350611 2.2027178 3
0.87853283 -1.392874 2.2015896 17
0.98170751 -1.3963846 2.2034364 17
4.6802883 -1.373407 2.2961156 56
-2.90749 -1.2890234 2.2245212 60
-2.8433194 -1.2343718 2.2225347 57.5
-2.3643894 -1.2427194 2.2542577 55.5
-2.2274106 -1.2665238 2.2477407 62.5
-2.7716827 -1.1803528 2.2053645 74
-2.3339565 -1.1443985 2.2618968 55
-2.1871395 -1.1433315 2.2543631 61.5
3.6539235 -1.1930537 2.2751811 0
-2.7645512 -1.0375633 2.2147362 74
-2.3144486 -1.0798998 2.265239 52
-2.29703 -1.0165536 2.2703962 51
-2.1569374 -1.0521878 2.2565663 69
3.6629627 -1.0979731 2.2814248 0
-2.7464488 -0.93824148 2.2434621 63.75
-2.2814441 -0.95432949 2.2743809 50
-2.1324153 -0.96605968 2.2607789 63
-2.7261076 -0.8536014 2.25105 64
-2.6955256 -0.80407035 2.2514749 68
-2.2573161 -0.86143422 2.2779081 55.5
-2.1077995 -0.88093191 2.2639935 65
-2.0940683 -0.82585347 2.2662361 61
-2.715811 -0.75940335 2.2544079 65
-2.6905527 -0.75243765 2.2586665 66
-2.2301204 -0.7412554 2.2829814 57.5
-2.0795937 -0.74575317 2.2765903 61
-2.6817753 -0.67234844 2.2603159 73.666664
-2.2143753 -0.65294725 2.2882493 56
-2.0583072 -0.6386131 2.28304 64.5
-2.6219821 -0.54047573 2.2263718 49.5
-2.2076917 -0.59434098 2.2934382 60
-2.1964488 -0.53640431 2.2929893 68
-2.0455084 -0.55951637 2.2897315 81
-0.89122421 -0.54652661 2.2068882 22
-2.647038 -0.44163412 2.2676067 62.5
-2.5948629 -0.48384371 2.2098479 46
-0.88565826 -0.43957013 2.2063124 36
-2.6487951 -0.36175284 2.2789981 72.5
-0.88247377 -0.3597559 2.2031546 54
-2.6405218 -0.2544305 2.2805562 72.25
-0.88082051 -0.23105483 2.2115707 46.5
-2.6400332 -0.14725997 2.2849522 69.25
-0.88065892 -0.12744728 2.2175112 68.5
-2.6524804 -0.053802807 2.2924004 65.333336
-0.87956911 -0.051279042 2.2176394 55
-2.6562712 0.041105483 2.2959902 66.5
-0.85283273 0.030384785 2.2185357 17
-0.79910231 0.087398306 2.2185447 43
-0.28648317 0.06911014 2.2874579 167
2.891695 0.081789032 2.2001166 13
-0.79906791 0.13743508 2.219871 9
-0.28467569 0.14677909 2.2862473 167
0.57659268 0.1996873 2.2360396 31
0.77059305 0.18779081 2.2483757 23
0.89841378 0.17460747 2.2547417 19.5
1.0659744 0.18110172 2.2542193 17
1.1845524 0.15867032 2.2562315 13
1.3433585 0.17125654 2.2552967 9.75
1.4253738 0.16830358 2.2512844 8.5
2.7765629 0.15423788 2.2048595 12
-0.6008954 0.25844762 2.2336512 14
-0.57497734 0.26568308 2.2290854 24.666666
-0.41328573 0.28798974 2.2206171 14
-0.38181108 0.24994919 2.2257237 66.5
-0.27841124 0.24836749 2.2226398 32.75
-0.16879162 0.24719346 2.2315662 14
-0.068380184 0.25634912 2.2309535 12
0.13708371 0.26120698 2.235471 13
0.57661837 0.24277504 2.242491 8
0.77444929 0.23296636 2.2549779 12
0.90137005 0.233945 2.2684941 9
1.0730324 0.22344978 2.2655501 4
1.433937 0.29710484 2.2871261 8
2.7751005 0.22742833 2.2045619 12
2.8937542 0.23065397 2.2049546 15
-0.84764904 0.3835572 2.233784 9.5
-0.60416979 0.38664052 2.2543046 2
-0.54115856 0.32561809 2.2337241 7
-0.27430335 0.336519 2.2297871 40
-0.16526267 0.3003535 2.227936 13
-0.066630788 0.30733961 2.2318063 13
0.14453623 0.38851306 2.2381375 30
0.57631087 0.37019998 2.2380607 131
0.9036485 0.35054305 2.2567251 7
1.0900381 0.32943216 2.2786808 15
1.1958102 0.32194662 2.2572539 14
1.3244383 0.30576688 2.259023 9
1.4410815 0.33314252 2.2894919 13.5
2.7789283 0.33821297 2.2086096 11.5
2.889941 0.30462518 2.2024331 13
-0.88871425 0.42295095 2.2162988 5
-0.53877705 0.42700252 2.2301567 11.666667
-0.27264458 0.4045167 2.2300973 13.5
-0.16153088 0.40844968 2.2324169 24
-0.061447345 0.40932322 2.2298875 33
2.5435672 0.43582126 2.2401159 14.333333
2.7912068 0.45167962 2.22242 11
2.5623217 0.54681236 2.2279718 13.5
2.7959011 0.52838886 2.2269809 11
-2.7555823 0.62248331 2.2574012 51
0.84871435 0.69763768 2.2794745 55
0.9430353 0.68141586 2.2920315 39
1.1697682 0.69237471 2.2755647 67
1.2647197 0.67967987 2.2824008 52.5
1.4626122 0.66121441 2.2952332 53
1.541996 0.68251485 2.2817795 72
2.5627902 0.65573728 2.2307205 13.5
2.7965097 0.64292264 2.2289858 11.5
-0.92311507 0.78517056 2.2694762 60
-0.82128274 0.79114115 2.2662613 94
-0.61092597 0.78474134 2.2596791 100
-0.52729309 0.76808774 2.2595773 77.5
-0.35257167 0.76800823 2.2644439 90
-0.2575582 0.76213259 2.2638896 102
-0.15826771 0.75614887 2.2803111 58
-0.047781058 0.78895062 2.2501218 99
0.59578854 0.73180962 2.2697618 79
0.6005547 0.77833652 2.272938 87
0.86371124 0.76657748 2.2672229 74
0.95036125 0.73925704 2.2741184 68.5
1.1808417 0.73410344 2.2688775 66
1.2571484 0.76747924 2.2870309 81.333336
1.4527807 0.7427724 2.2811766 71.666664
1.5541747 0.75934064 2.2848659 67.400002
2.5731885 0.75296134 2.2324109 14.666667
2.8011539 0.76079369 2.2351787 11
-2.0271084 0.86820918 2.2850087 48
-1.5529107 0.86081302 2.2535906 94
-1.3130763 0.85294378 2.272213 70
-1.1616009 0.84494507 2.2667384 109.5
-0.92687112 0.84509408 2.2659564 116
-0.82274103 0.84818757 2.2604675 87
-0.61332381 0.84764087 2.2654331 97
-0.55997443 0.84711206 2.2534523 88.14286
-0.40536636 0.84341776 2.251483 87.5
-0.34758478 0.85586864 2.2618787 96.199997
-0.25028685 0.84765559 2.27335 102.66666
-0.14529283 0.83675933 2.2630391 94
-0.044275112 0.84594524 2.2518308 98
0.60742176 0.84964323 2.2721243 79
0.88915718 0.86732298 2.2758079 72
0.96978307 0.84766078 2.2780526 71.333336
1.222313 0.85147697 2.2844319 78.5
1.3146739 0.85808778 2.2909467 72.666664
1.4869119 0.82624888 2.285877 64
1.546411 0.86098534 2.289572 67.666664
1.6335753 0.85045117 2.2858734 67.666664
2.5609705 0.85685271 2.2464008 14.666667
2.7916718 0.83434838 2.2258358 12
-2.2711535 0.9512319 2.2445536 69.5
-2.0170269 0.94330513 2.2492738 78
-1.7629616 0.93436539 2.2497058 77.5
-1.5695323 0.95375431 2.2588563 91.5
-1.3228891 0.94613111 2.2619696 94
-1.1747949 0.96736008 2.2690983 100.5
-0.9344191 0.94082403 2.2676187 110.5
-0.82944179 0.94357699 2.2730279 123
-0.61568379 0.94358683 2.2706842 101
-0.54984623 0.95842922 2.2586944 90.599998
-0.45117271 0.92602348 2.2515318 90
-0.34481734 0.95170045 2.2710686 98.5
-0.24772651 0.94949406 2.2801144 99.333336
-0.13622716 0.95769513 2.2652245 93.5
-0.039691746 0.93543613 2.2546382 92
0.5624789 0.99254268 2.262006 70
0.61850023 0.94735867 2.2755442 81.5
0.95697027 0.96749175 2.2894413 83.25
1.2571895 0.94542873 2.2900374 76
1.340932 0.94086158 2.2963963 77
1.5551205 0.94241059 2.289206 70.75
1.6488965 0.96004534 2.2906566 70
2.56463 0.96967804 2.2772062 13
2.9730015 0.95296443 2.2941871 69
-2.3081 1.0555346 2.2484632 73
-2.0350032 1.0343516 2.2472303 74
-1.7910111 1.0388343 2.2559314 74
-1.5835431 1.0457249 2.2573192 91
-1.3407967 1.0497531 2.2687216 97
-1.1870018 1.0657563 2.2749584 99
-0.94456154 1.0413904 2.2731376 118
-0.83557004 1.0410109 2.2786219 116
-0.61948699 1.0434372 2.2788796 122
-0.57009077 1.0487163 2.2556961 83.199997
-0.44947463 1.0230265 2.2530184 86.5
-0.35136077 1.0501254 2.2691481 100.33334
-0.23895483 1.0410618 2.2890155 117.33334
-0.12979504 1.0515249 2.2687898 12
-0.031220011 1.0529296 2.2548876 91
0.57371199 1.0597864 2.2870269 74
0.63212925 1.0527509 2.288765 92.5
0.94150037 1.0494101 2.2880504 80
1.01115 1.0326711 2.2938938 83
1.2846152 1.0174782 2.2925401 74
1.3422163 1.0669122 2.2746997 63.75
1.5928979 1.0547206 2.2827282 68
1.6470294 1.0543095 2.260411 58
1.724615 1.038334 2.273149 59.333332
2.5469227 1.0243499 2.2240791 37.5
-2.3343215 1.128973 2.2509723 82
-2.061563 1.1328857 2.2514641 77
-1.8194497 1.1458013 2.2591398 74.5
-1.6133621 1.1805919 2.2670374 100
-1.598537 1.1126561 2.2631741 94
-1.3566417 1.1515697 2.2645895 90
-1.2038829 1.1986259 2.2780385 114
-1.1961082 1.1316767 2.2784467 100
-0.95609236 1.1478839 2.2796221 109.5
-0.84226042 1.142436 2.2841899 109.5
-0.62256318 1.1449209 2.2781289 106
-0.54686868 1.1429752 2.2568915 100.5
-0.49338949 1.1401005 2.2432871 40
-0.35879284 1.1328905 2.2875032 130
-0.25665858 1.1307696 2.2748578 102.66666
0.593642 1.1221106 2.2439547 73
0.64378309 1.1279742 2.2864912 89
0.95779562 1.1012702 2.2863336 84
1.0250337 1.1051784 2.2548182 50
-2.3736753 1.2391553 2.2492137 94
-2.1016479 1.295854 2.2445798 66
-2.0945382 1.2374116 2.2601571 81
-1.8512377 1.2585744 2.2621229 79
-1.6244018 1.2465676 2.2621908 88
-1.3726631 1.2266442 2.2701294 101
-0.94867581 1.2179413 2.2179949 72
-2.3826685 1.3314897 2.2127428 87
2.5135598 -7.0281763 2.3349977 106
2.1207404 -6.9474921 2.3315716 76
2.3931422 -6.9686003 2.3871493 108
2.4490657 -6.9563813 2.3302047 111
-0.31017306 -6.8727145 2.3100748 125
-0.15277699 -6.8878231 2.3094692 126
-0.083234183 -6.891768 2.3341782 127
-1.2559059 -6.7367558 2.3262379 79
-1.1571177 -6.752522 2.3616409 114
-0.53530598 -6.7772479 2.3305304 122
0.76280451 -4.7369204 2.3479052 17
-0.48679483 -4.3083854 2.3371084 15
-0.060284249 -4.3027983 2.3837299 16
-0.62876821 -4.2157798 2.3458385 14
0.087210052 -4.2613015 2.3471854 45
2.8626411 -3.98366 2.3293581 52
-2.8914754 -3.7837059 2.3020887 2
-0.2392303 -3.2641106 2.3557684 2
2.9341323 -3.2241635 2.3149967 57
2.9393735 -3.1775997 2.3852856 57
2.961215 -3.0428247 2.3128474 45
0.9014799 -2.9171836 2.3696427 26
2.9666343 -2.9078641 2.3219376 68
2.9709423 -2.8371811 2.3565106 63
2.9716804 -2.7769458 2.3303058 80
2.9787922 -2.6528924 2.3414307 98
5.0356421 -2.5730658 2.3014476 63
-2.7842259 -2.4128718 2.3048744 25
2.9844606 -2.4064696 2.3539262 36
4.9792595 -2.4855905 2.3231299 63
5.0054011 -2.4152181 2.3001006 62
-2.7846057 -2.3598385 2.3530798 41
-2.0417709 -2.3254189 2.3233252 63
3.0077655 -2.3102164 2.3808796 85
4.9440508 -2.3333201 2.3252685 61
-2.7718465 -2.2947598 2.3883884 65
-1.9895898 -2.2029285 2.3010583 47
2.4705267 -2.2665873 2.3454034 99.5
-1.9593524 -2.1106474 2.3029106 73
2.3814535 -2.1725657 2.3276424 0
2.4941287 -2.121587 2.3155053 1
2.988579 -2.1752288 2.3649564 27
4.8929482 -2.1789329 2.3178091 59
-1.9344727 -2.0254159 2.3092985 19
2.6609464 -2.0762427 2.3142717 7
3.0198314 -2.090801 2.3987978 81
4.8552432 -2.0338004 2.3157096 63
-2.7554572 -1.9567888 2.3588226 49.5
1.1294668 -1.8425448 2.3252931 13
4.817111 -1.8936987 2.3128839 63
0.99429184 -1.7453448 2.3160748 14
1.0973661 -1.7496754 2.3055894 21
3.0511019 -1.7149289 2.3038259 93
4.7930951 -1.7628118 2.3161125 64
-1.9787177 -1.6163372 2.3306322 99
1.0503498 -1.6199056 2.3287041 59
4.7626905 -1.6332787 2.3145006 62
-2.0006394 -1.5809406 2.3953555 38
1.0274308 -1.5498652 2.3291113 73
3.0459151 -1.5157237 2.3045614 40
4.7360616 -1.5075322 2.3135047 64
-1.944302 -1.4449222 2.3659673 34
1.2939098 -1.4585854 2.339411 55
3.0676503 -1.4340885 2.3270493 94
-1.9284149 -1.3467989 2.3899231 34
0.97232568 -1.37766 2.3752308 150
1.2561295 -1.3712161 2.3425307 74
1.3367245 -1.3331838 2.3491063 46
3.0751114 -1.3443565 2.3363919 103
4.8804226 -1.3286538 2.303082 60
-1.8905348 -1.2590818 2.3649762 33
1.1988096 -1.2302634 2.3432286 77
1.2204109 -1.2847744 2.3411129 76
1.3027788 -1.2432492 2.3489769 73
3.081851 -1.254671 2.3450408 100
4.6890569 -1.265694 2.3127573 73
4.8745017 -1.2086228 2.3040833 61
-1.8688971 -1.1575097 2.3724003 71
1.1678429 -1.1498902 2.345911 78
1.2733486 -1.1601441 2.354037 71
3.0843449 -1.1662619 2.3495214 94
4.6723089 -1.1503997 2.3150561 69
1.1311485 -1.0468932 2.3501663 75
1.2376118 -1.0512933 2.3570182 71.5
3.0928173 -1.0804777 2.3609545 91
4.6563697 -1.0370566 2.3166213 73
4.8671031 -1.0875994 2.3022854 59
1.0887367 -0.92074025 2.3499565 84
1.151602 -0.94434845 2.3537028 77
1.2124031 -0.97042727 2.3567989 74
3.1019478 -0.95253038 2.373925 87.5
4.6368904 -0.92490584 2.3147085 71
4.86975 -0.97250211 2.3059549 59
1.0759455 -0.87460524 2.3558271 54
1.1772444 -0.83997369 2.356359 75.5
1.3711557 -0.82614315 2.3686838 150
3.1014991 -0.82219023 2.3764734 92
4.6153107 -0.81387025 2.3107054 72
4.8680663 -0.85643339 2.3054626 58
1.1523545 -0.73955023 2.3558407 88.5
1.3470917 -0.75766158 2.3661923 79
3.1138005 -0.7401585 2.3899446 95
4.6039767 -0.70627183 2.3135657 71
4.8821087 -0.74324763 2.3131688 59
1.1329117 -0.64289236 2.3593931 92.5
1.3158197 -0.64793062 2.3674459 88.333336
3.1180582 -0.65664333 2.3957911 92
4.878274 -0.62919313 2.3105922 58
1.1121886 -0.5436306 2.3453269 83
1.2848219 -0.53895611 2.3555665 97
1.3722768 -0.54591554 2.3529847 84.666664
1.4683127 -0.55482286 2.3131294 138
4.5840387 -0.59914601 2.3095093 69
4.8879728 -0.51703304 2.3127196 58
1.1036959 -0.455089 2.3664098 43
1.2701976 -0.45889655 2.3666906 86.5
1.357573 -0.44008732 2.367908 84.5
4.5764012 -0.49652466 2.3116591 69
4.8962541 -0.40488473 2.3148735 57
1.2483207 -0.35569486 2.3571284 75
1.3460433 -0.35451746 2.3676291 78
4.5673356 -0.39178273 2.3123467 69
1.2318342 -0.25556856 2.3521972 74.5
1.3354367 -0.24935026 2.3678863 78.666664
1.4278092 -0.21282369 2.3693297 97
2.9138217 -0.22774856 2.335469 24
3.1082256 -0.23808233 2.3966103 111
4.5569482 -0.28911468 2.3116324 70
4.9080868 -0.2937071 2.3176701 57
1.2227198 -0.1579738 2.3586833 78
1.3286302 -0.14549829 2.3660464 69
1.4252846 -0.15635759 2.3740249 75.5
4.5495243 -0.18828198 2.3122663 69
4.9163084 -0.18155317 2.3169982 58
1.2164434 -0.043111008 2.362005 76
1.3274312 -0.043332335 2.3641865 68.666664
1.4211801 -0.062211245 2.3752851 77.333336
4.5420117 -0.086444184 2.3114908 68
4.9359479 -0.070311889 2.3217778 58
1.2143435 0.052504763 2.3635912 79
1.3339527 0.059316322 2.3748436 83
1.4214724 0.04944675 2.3757198 76.666664
4.5381231 0.014595456 2.3127646 68
4.9477172 0.04087197 2.3217494 57
-2.6731577 0.15291753 2.3031607 74.25
1.2142686 0.10916241 2.3635237 73
1.3354323 0.11912212 2.3659623 43
1.4344301 0.1196627 2.3429816 10
4.5256557 0.11515675 2.3085353 65
4.968719 0.15412909 2.3250952 63
-2.7184639 0.26815081 2.3108411 73.5
-2.6746273 0.26327538 2.3118141 71
1.2103082 0.25680402 2.3276505 30
1.3493109 0.25984159 2.3578467 29
1.4367586 0.25201523 2.3779025 54
4.5267987 0.21548267 2.3118303 70
5.0018506 0.26747945 2.3345885 63
-2.7329791 0.35079831 2.3097453 76
-2.6870701 0.35168687 2.3127086 77
1.2303537 0.37409872 2.3602123 45
1.3514792 0.35401809 2.3162429 14
1.4586111 0.38233164 2.3824561 69
-2.7435086 0.4480435 2.3144224 75.333336
-2.6961756 0.41125068 2.310565 71
1.2469597 0.45438918 2.3790324 83
1.3882123 0.42482078 2.3820369 82
1.4568601 0.46391085 2.3847554 75
-2.7627521 0.55788553 2.315012 83
1.2640707 0.55277979 2.3847451 83
1.4445333 0.54232091 2.3868876 80.666664
2.5468502 0.54479241 2.3173714 17
1.1755594 0.66894919 2.3459187 35
1.2782898 0.63004541 2.3805275 80
1.4410944 0.62841702 2.3776183 69
1.5838174 0.65027297 2.3761194 26
2.542047 0.65381557 2.3147335 32
3.0176425 0.63996387 2.3298399 77
-1.1898425 0.78825188 2.3569129 51
-0.8325873 0.75162452 2.3232572 49
-0.62646961 0.77728027 2.335948 38.666668
-0.43630284 0.77262914 2.307282 44
-0.37354529 0.7213769 2.3571067 43.5
-0.25821877 0.71102726 2.3395696 42.5
-0.081272177 0.76787359 2.3481176 37
0.15408474 0.73061305 2.3239281 24
0.59342682 0.70515555 2.331465 33
2.5446463 0.72926217 2.3192465 45
3.0247266 0.72267604 2.3370442 89
-1.7831031 0.86160517 2.3129494 35
-1.582497 0.82646132 2.3192062 56
2.5477703 0.84337032 2.3267415 74
3.0217707 0.84534323 2.3367829 80.5
-2.3493142 0.90176272 2.3658152 31
1.3568152 0.98310786 2.3009846 74
2.5405545 0.95438361 2.3223398 83
1.0232129 1.0817187 2.3004251 85
1.3852623 1.0664035 2.3008571 80
2.5310104 1.0279412 2.313628 88
2.4219613 -7.0204639 2.4115117 106
2.5919857 -6.9626064 2.4767747 110
-0.32014006 -6.8855863 2.4847832 128
-0.15691206 -6.897984 2.4836586 127
0.11022574 -6.8573074 2.442152 118
-0.75091439 -6.7897973 2.4118173 116
2.7590618 -5.3242316 2.4316876 35
2.7781301 -5.2093072 2.4372163 42
2.8556371 -4.0219078 2.4547069 52
2.8811252 -3.9422357 2.4170103 58
1.6170101 -3.2222452 2.4952195 59
2.9332836 -3.2457213 2.4196568 60
-0.047115915 -3.1464584 2.4644921 9
0.40439063 -3.1428189 2.4621937 7
1.6760379 -3.1547415 2.4947984 35
2.3187943 -3.1478188 2.4913073 38
2.9373298 -3.1934731 2.4886086 61
-0.62447697 -3.0140135 2.4162271 7
-0.65380991 -2.9503489 2.4832745 42
-2.5003157 -2.8436718 2.4317706 10
2.9644423 -2.8399816 2.4432712 60.5
3.0248384 -1.9839721 2.4063349 96
-2.7438209 -1.8629298 2.4119823 51
3.0293868 -1.8801895 2.413157 84
-2.7276602 -1.7937295 2.4381757 84
3.0371737 -1.7801671 2.4241447 83
3.0244124 -1.6687449 2.4136395 73
3.0409527 -1.5780461 2.4322004 65
3.0539041 -1.4876369 2.4472888 87
3.0613163 -1.3469698 2.4581423 89.5
3.0666585 -1.2074729 2.4669063 85
-1.919634 -1.1061263 2.4855022 160
3.0745788 -1.117469 2.4771335 91
3.0788853 -1.0277475 2.4824746 99
1.4162269 -0.90349978 2.4495232 167
3.0863447 -0.94078964 2.4919877 94
1.0711668 -0.83073801 2.4337201 21.5
3.0885196 -0.85124964 2.4966595 95
1.4423351 -0.71319187 2.4582796 166
1.4200163 -0.65708333 2.4288225 159
-2.2941301 -0.50443572 2.4204261 150
-2.1248307 -0.53368098 2.4042821 70
3.1223128 -0.5731281 2.4016376 94
3.1275766 -0.44742602 2.4093685 91
1.1089396 -0.35305414 2.4477012 18.666666
1.4758337 -0.30433038 2.4710619 163
3.1387894 -0.32434356 2.4226377 97
1.4545511 -0.25843751 2.4297369 161
1.4992682 -0.034294464 2.4710171 163
1.4926332 0.044645697 2.4467382 161.66667
1.0989859 0.14815231 2.42084 4
1.1115278 0.28117582 2.4112682 36
1.530255 0.24513839 2.4961834 161
1.1434379 0.42368048 2.4585094 24
3.1472707 0.41979447 2.4469504 111
1.1806172 0.57057995 2.4940038 15
1.5175154 0.57759386 2.4233351 129
3.1527085 0.54652166 2.4550328 85
0.85534894 0.69236404 2.4215193 41
0.96103537 0.67904913 2.4315491 30
1.187902 0.63143265 2.4580414 18
1.5311229 0.6331749 2.4183934 57.5
1.6220977 0.64300925 2.4917719 26
-0.970146 0.78898907 2.4581623 38
-0.60177523 0.79240686 2.4346743 29
-0.56703144 0.73464638 2.4185445 57
-0.40423208 0.78076816 2.4567995 42
-0.2270737 0.75607276 2.4656224 42
0.59167111 0.70503396 2.4939134 34
-2.4146895 0.83868527 2.4719758 68.5
-2.1505723 0.87193042 2.4569197 34
-1.6763742 0.8294816 2.4977543 45
-1.379934 0.82428253 2.4512706 35
2.3550751 -7.0232053 2.5788925 104
2.4483721 -7.0237088 2.5000677 104
-0.088495277 -6.9038301 2.5112793 126
2.5334418 -6.9759984 2.5351965 99
-1.2416801 -6.749929 2.5339882 115
-0.83743173 -6.7964334 2.5886526 121
-0.61694497 -6.7959199 2.5085738 117
-0.33067065 -6.6927161 2.5875697 65
2.8548725 -4.0727839 2.5923691 43
2.8541338 -3.93854 2.5193415 42
2.3552749 -3.3234131 2.511507 36
2.4398112 -3.3404748 2.5347245 47
2.7837839 -3.2069299 2.5868473 15
2.8771265 -3.2647004 2.5848014 15
2.9305475 -3.2654159 2.5257175 69
2.2614756 -3.1519058 2.5508344 48
2.6669934 -3.1458249 2.5784276 3
2.8588886 -3.1844258 2.5583813 63
2.9180865 -3.183121 2.5737815 71
0.88562715 -3.019093 2.5517461 40
1.5420518 -3.0901208 2.5461011 73.5
1.6309485 -3.0751622 2.5370488 77
-0.70662344 -2.9366639 2.5913227 73
-0.23356667 -2.9726171 2.586246 9
-2.5300622 -2.821938 2.5267904 40
-2.3121483 -2.8722832 2.5084989 1
0.97735757 -1.3970021 2.5171835 34
1.0682592 -0.76985079 2.5451677 21.5
3.0982735 -0.76610214 2.5068293 91
3.1027689 -0.67837989 2.5135715 96
3.1116357 -0.550632 2.5246878 89.5
3.1226482 -0.42270935 2.5378888 93
3.1279986 -0.33691335 2.5438991 87
1.1168842 -0.24467888 2.5225568 18.5
1.1229178 -0.15260033 2.5665379 22
1.1274953 -0.081453308 2.5909257 20
1.5164636 -0.075574279 2.5128767 161
1.1743797 0.48753238 2.5512364 17
1.1781715 0.5300737 2.5246236 16
-2.4349446 0.65642452 2.5496817 57.5
0.86494744 0.68888623 2.594821 39
0.97843963 0.67262673 2.5706229 29
-2.4230373 0.74767691 2.5104814 61
-1.2507626 0.78392315 2.5272791 46
-0.87781554 0.75483668 2.5201252 50
-0.7499069 0.79525626 2.5483017 31
-0.64254701 0.75038987 2.5194204 44
-0.56115043 0.75062335 2.5505443 46
-0.37991887 0.71823943 2.54425 52.5
-0.25612733 0.70853788 2.5269623 49
-0.14612228 0.77371526 2.5440636 42
0.10944548 0.73474193 2.5206704 17
-1.892202 0.86683804 2.5003636 30
2.3986599 -6.9665666 2.6248615 86
2.6786456 -6.9900465 2.688782 104
2.7372065 -6.9706745 2.6254179 42
0.034639888 -6.8492899 2.6133916 120
0.21506044 -6.8462214 2.6017661 112
-0.69701618 -6.7925825 2.6830153 128
-0.1641728 -6.750514 2.6037028 69
-0.10196208 -6.6851158 2.6034784 64
-0.34025097 -6.3009267 2.6034229 62
-0.17754903 -6.3518639 2.6185257 66
-0.12043371 -6.2835965 2.6154156 67
-0.18835154 -6.0052085 2.6378176 68
-0.34768224 -5.9601312 2.6228752 71
-0.13653234 -5.9401016 2.633791 72
-0.35499656 -5.6332636 2.6341388 81
-0.17509449 -5.6384478 2.6445079 75.5
2.8147998 -5.6383066 2.6335549 59
2.7555258 -5.4338975 2.6139245 37
2.8340838 -5.3681569 2.6390882 57
2.7664258 -5.2796884 2.6005893 35
2.8479753 -5.1124234 2.641135 62
2.8620946 -4.8697042 2.6424258 65
-0.37620521 -4.6066866 2.68871 73
-0.23082465 -4.6253653 2.6988776 74
2.8592811 -4.6131096 2.6271033 62
-0.19529799 -4.5868163 2.6974478 86
2.8834233 -4.4258761 2.6435773 44
2.8654881 -4.1703162 2.6122644 18
2.8619592 -3.9915657 2.6614149 55
2.8749137 -3.1387017 2.6299443 50
-0.39527011 -3.0426202 2.6170983 1
0.85585749 -3.0152888 2.6550417 1
1.5072702 -3.0827458 2.6951807 71
1.6188225 -3.0869694 2.6513476 60
-0.59713966 -2.9346409 2.6492097 22
-2.3491809 -2.8616621 2.6097133 33
2.9913518 -2.5340209 2.6807275 80
2.8754187 -2.3396406 2.6513877 22
3.0034649 -2.2924254 2.6855948 81
3.0122104 -2.1784644 2.6914918 91
3.0204542 -2.0675447 2.6966805 82
3.024338 -1.9559298 2.6991236 84
3.0276213 -1.8463541 2.6994491 62
0.97342825 -1.780163 2.6578856 21
3.0289202 -1.7389265 2.6990967 58
0.97985107 -1.4043647 2.6517158 25
1.068352 -0.72420621 2.6419437 21
1.0675927 -0.68844169 2.6971056 21
1.0354995 -0.53540099 2.691772 79
1.1306924 -0.033326104 2.6028593 21
1.1362739 0.038983848 2.6167104 22.5
1.1401031 0.1113476 2.6153967 21
-0.24979308 0.69611269 2.6909733 49
0.59046358 0.69596863 2.6496027 30
1.6815535 0.64281225 2.6582925 26
-1.0135128 0.78109246 2.6349621 41
-0.91679543 0.74226195 2.694346 53
-0.71477383 0.79448557 2.6490207 31
-0.49727488 0.78183991 2.6660788 36
-0.30498672 0.75543749 2.6775749 39
-2.2930622 0.87661093 2.6512599 36
-2.0079226 0.86558557 2.6991849 30
-1.7772254 0.82642943 2.6877282 38
-1.4635115 0.82702899 2.6578741 30
0.14382583 -6.8422699 2.7736938 138
-0.9027546 -6.7092195 2.729768 59
-0.037353225 -6.7989793 2.7674561 76
-0.73158616 -6.5638943 2.7691727 51
-0.89021534 -6.3074903 2.7378266 53
-0.071957953 -6.3828855 2.7711492 50
-0.7246325 -6.1668801 2.7738132 56
-0.10425191 -6.020822 2.7823594 55
-0.87988526 -5.9291549 2.7425289 57
2.7585106 -5.9881568 2.7102902 46
-0.72094822 -5.8138885 2.7811887 63
2.784384 -5.7131486 2.7223909 50
-0.13048691 -5.6754889 2.7838631 67
-0.87233263 -5.5949364 2.750567 68
2.7395411 -5.5093951 2.786341 42
-0.71463615 -5.479876 2.7831066 77
2.8030229 -5.4386744 2.724721 54
-0.8709392 -5.3069644 2.7669411 53
0.7292127 -5.3020468 2.7591898 24
2.760895 -5.3689675 2.7783773 35
2.8210053 -5.1846991 2.7313397 54
2.8343544 -4.9407549 2.7314978 55
2.8427553 -4.6981907 2.7267902 50
-0.85548824 -4.5275598 2.7887428 46
-0.38037676 -4.4008183 2.7038269 83
-0.23780304 -4.4075446 2.7075415 85
2.860131 -4.4930916 2.7344794 24
-0.2034077 -4.3730559 2.7087097 83
-0.24240452 -4.208693 2.7201467 73
-0.38370419 -4.1878147 2.7070506 54
-0.21190947 -4.174305 2.7187266 68
-0.3869642 -4.0069113 2.7199421 30
-0.24840283 -4.0228906 2.7314296 54
2.8526585 -4.0152535 2.7876446 35
-0.21905509 -3.9885254 2.7296872 40
-0.39101082 -3.8390529 2.7346191 8
-0.25296092 -3.8530681 2.7446084 14
2.1928003 -3.138468 2.7689543 81
-0.39982432 -3.0266573 2.7213089 39
-0.26239359 -3.040257 2.7476251 37
1.6031324 -3.0909035 2.7631338 47
-0.76470876 -2.9312212 2.7110896 88
-0.64863318 -2.9201176 2.7620375 53
-0.4040572 -2.9582658 2.7819839 96
-0.27717826 -2.966013 2.7481589 57.5
-0.40487689 -2.8272111 2.7834482 116
-0.40533018 -2.6859705 2.7659864 142
2.970691 -2.5673032 2.7638912 43
-0.27616665 -2.4450769 2.7719307 150
-2.2413201 -2.3404472 2.770745 150
-0.27868718 -2.3157954 2.7489562 150
2.5549598 -2.3674366 2.7959881 14
2.983984 -2.3223479 2.7697246 80
-2.2201619 -2.2502491 2.7848508 140
2.9986007 -2.212815 2.781985 78
-2.1887157 -2.15095 2.7838106 100
-0.27609664 -2.1328554 2.7885535 150
-2.1650307 -2.0617254 2.792109 105
3.0071204 -2.0997286 2.7873011 83
-2.1398485 -1.9694809 2.7945206 109
-2.1178665 -1.8832659 2.7996504 114
3.016552 -1.8771454 2.7916462 78
3.0271788 -1.7719281 2.7997181 82
3.0440488 -1.6425784 2.7125962 92
3.0509813 -1.5427864 2.7184796 93
3.0519927 -1.4413915 2.7174051 84
0.97809112 -1.3977064 2.7681553 31
3.0575562 -1.3426957 2.7218959 90
3.0649204 -1.2488868 2.7277513 89
3.0684958 -1.1523391 2.7315643 91
3.0722635 -1.0587782 2.7339489 87
3.0797913 -0.96696818 2.7412095 91
3.0814981 -0.87455821 2.7429218 91
3.0876577 -0.78384453 2.74879 95
1.064431 -0.62987971 2.7691832 34.5
3.0959373 -0.64934659 2.7572513 96
-2.3823533 -0.54830253 2.744158 150
-1.4645456 -0.56418765 2.7353458 150
3.1044316 -0.51784015 2.7656987 95
3.1115704 -0.42960083 2.7735975 94
3.1150351 -0.34108543 2.7780924 101
-2.576412 0.18435296 2.7986999 72
-2.5753908 0.2536619 2.7914658 68
-2.5656812 0.35672867 2.768259 63.5
-2.5623593 0.45934352 2.7495174 60
-2.5555987 0.56022644 2.7215171 62.5
-0.37063533 0.69575781 2.7332273 56
-0.25829893 0.69630945 2.7273285 51
0.87552071 0.6822874 2.7828305 38
1.0020063 0.66751534 2.7412927 31
-1.3241605 0.78034675 2.7256758 47
-0.88099128 0.79784822 2.7460711 26
-0.64062738 0.7442379 2.7455263 44.333332
-0.40304345 0.71353531 2.7161295 54
-0.21427852 0.77155238 2.7494924 42
0.056322277 0.7371909 2.749835 18
-2.3983738 0.85635436 2.7996519 77
0.095862389 -6.5253024 2.8197403 53
2.0110059 -6.37747 2.8223431 46
2.0101867 -6.2005544 2.8294513 53
2.7215507 -6.2256894 2.8984079 34
0.059686668 -6.1433287 2.8238652 63
1.8759127 -6.0327334 2.8306637 64
0.027625522 -5.8053541 2.8310077 63
1.8825427 -5.8685007 2.8340774 62
1.7454438 -5.6713872 2.8143182 95
2.7726889 -5.6409111 2.8997848 31
1.7732922 -5.5870399 2.8515308 79
0.0028396458 -5.4393754 2.8106663 106
1.6487989 -5.4470158 2.8514919 72
-0.15902022 -5.3874035 2.8005869 83
1.6676252 -5.3010869 2.8528557 65
2.7913754 -5.3705983 2.8962691 40
1.5469656 -5.1777143 2.8563378 69
1.5731288 -5.0447578 2.8584957 69
1.4538584 -4.9226975 2.8568549 77
1.4868035 -4.8111548 2.8672597 76
2.8285532 -4.8811674 2.8946984 38
1.3720223 -4.7109756 2.8716428 79
0.56835812 -4.6783781 2.8502884 75
2.8437614 -4.6572676 2.8924789 24
-0.2204513 -4.5900455 2.8096995 75
1.406515 -4.5862556 2.8708518 77
2.1635697 -4.5019026 2.8999574 79
2.3034039 -4.5598278 2.8669603 64
-0.70483917 -4.4383092 2.8118179 74
-0.09215986 -4.4474778 2.8436954 74
0.52268279 -4.4508886 2.8529017 74
2.8650537 -4.4550052 2.8985496 13
-0.23878625 -4.3675747 2.8152828 66
-0.70104289 -4.2193174 2.815496 52
-0.11135363 -4.2345028 2.8469074 77
0.48067513 -4.2382817 2.8557153 72
-0.25425702 -4.1539898 2.8175783 30
-0.70148855 -4.0193563 2.8237476 22
-0.12740564 -4.0355263 2.8504808 69
0.44129899 -4.0385642 2.8560925 64
-0.14177057 -3.8435493 2.8504303 46
0.4054848 -3.8507309 2.8567023 38
2.1789196 -3.1360285 2.8718019 62
2.2685223 -3.1360972 2.89323 47
1.4877229 -3.0807219 2.8003023 48
1.5850545 -3.0848784 2.8697121 19
-0.8245616 -2.9228582 2.8345075 125
-0.32993931 -2.9599459 2.8229749 85
-0.21403164 -2.9204865 2.8736141 25
0.23883514 -2.934186 2.8762887 24
-0.68959296 -2.8815107 2.8567038 97
-0.34991986 -2.8599021 2.8601928 98
0.21764815 -2.80388 2.8777158 65
-0.82176816 -2.7878041 2.8385518 90
-0.68590415 -2.7455153 2.8567324 97
-0.35763073 -2.7270954 2.8597832 101
-0.22335055 -2.7915072 2.8769989 60
-0.8189891 -2.6547329 2.8403468 62
-0.67684835 -2.6004694 2.8427536 147
-0.22929469 -2.6605263 2.8731344 110
0.20133559 -2.6541016 2.8532598 111
0.65689421 -2.5490878 2.8897924 10
2.9784667 -2.5220141 2.8849919 42
-0.24317452 -2.4235668 2.8744073 100
0.16067299 -2.4457769 2.8841786 101
-1.7908825 -2.3379579 2.8049464 97
-0.67691296 -2.3685412 2.8568485 76
-0.37436599 -2.3592112 2.8591588 96
-0.25020456 -2.3145878 2.8799679 106
0.14426447 -2.336323 2.8861647 96
2.5883868 -2.3720415 2.8108525 13
2.9809835 -2.3923566 2.8798122 65
-1.7681221 -2.2334752 2.809134 109
-0.37577254 -2.2371314 2.8504479 144
2.9941554 -2.2779839 2.8878148 69
-1.7445207 -2.1296113 2.8080018 109
-0.27532834 -2.1346707 2.8446589 142
2.9981377 -2.1572576 2.8861094 72
-1.7267482 -2.0364985 2.8196688 110
-1.7085704 -1.9443376 2.8273451 110
-1.5471333 -1.9890329 2.8096163 121
-1.6889633 -1.8490422 2.8281577 109
-1.524031 -1.8536441 2.8117445 119
-0.29128838 -1.8990204 2.8396389 118
3.0225875 -1.8242769 2.8976243 82
-2.0868974 -1.7574604 2.807663 119.5
-1.6724805 -1.7589686 2.8336575 103
-1.5055667 -1.7266269 2.818635 129
-1.0371114 -1.7067636 2.8376887 124
-0.73754781 -1.7057182 2.8561034 129
-0.6693843 -1.7086205 2.839103 130
-0.43130311 -1.718487 2.8483801 131.5
-0.28620619 -1.7422299 2.8472488 139
3.0230837 -1.7138458 2.8945282 88
-2.0611179 -1.6376992 2.8182194 123
-1.6578404 -1.673014 2.8399539 118
-1.4964991 -1.6494887 2.8298068 122
-1.0308498 -1.6226078 2.8408015 133
-0.73409432 -1.6204286 2.857475 125
-0.66692358 -1.6285573 2.8470943 132
-0.43112281 -1.6349347 2.8530278 137.5
-0.28901404 -1.6311553 2.8511207 139
3.0305455 -1.6662637 2.8008521 85
-2.0464563 -1.5615485 2.8277051 106
-1.6394131 -1.5493209 2.8530469 106
-1.4859536 -1.5693126 2.8350959 129
-1.0484624 -1.5457627 2.8571002 79.333336
-0.94392997 -1.5472672 2.8595965 23
-0.76307786 -1.5550306 2.8649969 85.5
-0.66492391 -1.5454534 2.8480458 137
-0.43047515 -1.5538936 2.8591852 131.5
-0.28964651 -1.5532207 2.8617048 136
3.0415332 -1.5656258 2.8109727 96
-2.0205817 -1.4442787 2.8317361 105.5
-1.61941 -1.4234802 2.8582737 113
-1.470459 -1.4520483 2.8414803 115.5
-1.0426058 -1.4566665 2.8588955 94
-0.94202608 -1.4582998 2.8678007 84
-0.7600832 -1.4688835 2.8670802 104.5
-0.66304845 -1.4648197 2.8638608 80
-0.42510161 -1.4717135 2.8680429 120
-0.28830108 -1.4643823 2.8693993 85.333336
0.041949265 -1.472508 2.8855183 7
3.0504518 -1.4665536 2.8183496 87
-1.996838 -1.3310287 2.8375783 119
-1.607196 -1.3426534 2.8612916 113
-1.4558294 -1.3377929 2.8467708 135
-1.0294899 -1.3549263 2.8593626 102.25
-0.93627745 -1.3682718 2.8700843 97
-0.76727694 -1.357388 2.8699653 101.66666
-0.65974593 -1.3572439 2.8623505 113.33334
-0.42641005 -1.3507215 2.8739026 108.66666
-0.29020074 -1.3554487 2.8700156 121.2
3.0534363 -1.3659246 2.8187697 92
-1.5935531 -1.2617108 2.8594162 109
-1.4458582 -1.2626131 2.8479686 129
-1.0291047 -1.2599444 2.8648365 97.333336
-0.93018442 -1.2772309 2.8692296 88
-0.74170095 -1.2465048 2.873915 106.66666
-0.65971154 -1.2466029 2.8771114 106.66666
-0.42643175 -1.2326776 2.8779476 113.66666
-0.29172623 -1.2554387 2.8794327 113.66666
3.0579617 -1.2661879 2.8219869 95
-2.1301475 -1.145649 2.8412461 136.5
-1.5802679 -1.1462992 2.8679576 110.5
-1.4360909 -1.1549386 2.858326 133
-1.0269853 -1.1595582 2.86992 81
-0.94969153 -1.1534072 2.8686593 100.33334
-0.74940544 -1.1403803 2.8763404 102
-0.65589678 -1.1431859 2.8739686 111.5
-0.42647114 -1.1539453 2.8767092 109.66666
-0.29115778 -1.1626947 2.8730814 114
3.0612152 -1.168555 2.8238037 91
-2.1241579 -1.0375999 2.8668363 100
-1.5676845 -1.0329177 2.8744082 124
-1.4234756 -1.0461966 2.8588946 126
-1.0356283 -1.0394272 2.8738029 82.666664
-0.96801686 -1.0429815 2.8671238 114.33334
-0.74789906 -1.0623075 2.8810306 109.5
-0.65329635 -1.0497421 2.8757668 111
-0.42623061 -1.0543215 2.8801723 114.6
-0.29089826 -1.0539215 2.8814192 125.5
3.0661745 -1.0738074 2.8284044 95
-2.1120396 -0.96268862 2.8706698 107
-1.5611956 -0.95944405 2.8788543 128
-1.4149792 -0.94153315 2.867116 120
-1.0223618 -0.93225175 2.8772268 81.5
-0.95166796 -0.94509733 2.8743403 106
-0.7318179 -0.96495456 2.8825886 111
-0.65244174 -0.95612735 2.8832536 108.5
-0.42521477 -0.95547247 2.8828061 113.66666
-0.29088873 -0.94406343 2.8807178 118.5
3.0726488 -0.97994524 2.8343887 92
-2.1030726 -0.88798338 2.8762381 99
-2.0927663 -0.8131749 2.8779082 110
-1.5485238 -0.84701836 2.879282 103.5
-1.4049505 -0.8378318 2.8694417 125
-1.0381098 -0.83959752 2.8778081 76
-0.96863103 -0.85267156 2.8780992 107.75
-0.75441188 -0.852211 2.8867176 102.33334
-0.64964372 -0.84533328 2.8867707 110.5
-0.42354625 -0.8570205 2.8895137 116.8
-0.29151762 -0.85318804 2.8870966 133.33333
3.0657408 -0.88208532 2.8250756 100
-2.0845785 -0.74051756 2.882385 100
-1.5436443 -0.74013585 2.89202 107
-1.397042 -0.73716414 2.8735757 116
-1.0346898 -0.76074529 2.8823235 82
-0.95442134 -0.74171126 2.8832455 90.400002
-0.740188 -0.75946522 2.8924494 109.5
-0.6642434 -0.72731513 2.8858223 127.33334
-0.42775342 -0.75345129 2.887569 125.5
-0.28877756 -0.75495178 2.8847854 131.66667
1.7310662 -0.71989375 2.8452556 45
3.0854547 -0.74806118 2.8465705 89
-2.0794804 -0.66906422 2.8885913 94
-1.5327805 -0.66630185 2.8807926 109
-1.390051 -0.6355052 2.8766282 104
-1.0285571 -0.64120436 2.8855302 84
-0.96050233 -0.63254225 2.8884983 100.75
-0.77464163 -0.65553093 2.8889208 93
-0.65706325 -0.64281172 2.8884532 120.25
-0.41629198 -0.64682424 2.8933852 141
-0.28945789 -0.64593649 2.8949356 144
3.0940185 -0.61086923 2.8548455 97
-2.63311 -0.51509219 2.8348391 79
-2.4764802 -0.50949383 2.8785024 102
-2.0666642 -0.55951166 2.8888359 98
-1.5242878 -0.52460676 2.8872366 103
-1.3814837 -0.53480667 2.8732862 60
-1.0232401 -0.52368504 2.8905435 85
-0.95165735 -0.54512316 2.891722 100
-0.77414978 -0.54209208 2.8964677 96
-0.66443533 -0.54275358 2.8946137 125.2
-0.41861737 -0.52818733 2.8808603 139
-0.28642744 -0.55004811 2.8901675 144
3.1000359 -0.52005798 2.8615329 87
-2.6293197 -0.44565815 2.8418977 76
-2.4678218 -0.44441909 2.8813062 101
-2.0578439 -0.45121416 2.8897285 92
-1.5214146 -0.45433104 2.8893304 101
-1.3570492 -0.42876723 2.8251672 150
-1.0179088 -0.44561756 2.8884666 94
-0.97279721 -0.46943262 2.8829422 122
-0.7614221 -0.42612451 2.8799796 98
-0.63909656 -0.43652195 2.8923142 103
-0.42764813 -0.45084941 2.891258 102
3.1045897 -0.429351 2.8654175 95
-2.6216218 -0.33883139 2.844655 70.5
-2.4551973 -0.34680766 2.8839731 101.5
-2.0568218 -0.38102669 2.8975806 94
-1.5194055 -0.34957767 2.8962808 99
-1.3755826 -0.3081148 2.8943374 112
-1.0167633 -0.36966151 2.8954487 94
-0.96490765 -0.34788677 2.880029 130
-0.89283681 -0.36024624 2.8989947 98.5
-0.76615411 -0.35337338 2.8936341 88
3.1128616 -0.33937615 2.875597 100
-2.6113501 -0.23280816 2.8416021 73
-2.4456437 -0.24920325 2.8873744 98
-1.3734999 -0.24304086 2.8957968 108
-0.9649893 -0.2520408 2.8748608 124.5
-0.88763362 -0.24679624 2.8996067 108
-0.76474082 -0.24339537 2.8993449 98
-2.607945 -0.16337007 2.8416007 76
-2.4413664 -0.15311077 2.8938255 104.5
-1.3725963 -0.17698775 2.8991644 108
-0.96461713 -0.15425363 2.8979201 107.5
-2.6023765 -0.094410159 2.8377829 70
-2.5987067 -0.023933018 2.8338006 66
-2.4368582 -0.055538736 2.8982871 103
-1.364071 -0.046317872 2.8853929 145
-0.95677334 -0.01377746 2.888824 150
-2.5914712 0.045808066 2.8240943 77
-2.5839767 0.1155795 2.8113992 70
-0.62204957 0.25691521 2.8512113 150
-0.41692013 0.27378255 2.8587797 140
-0.38754863 0.25194997 2.8433495 122
-0.26694721 0.2042433 2.8947649 150
-2.4147999 0.33384901 2.8803217 115
-0.85604733 0.34235385 2.8871789 22
-2.0616045 0.43763673 2.888247 97
-2.4277673 0.63458723 2.8747966 68.5
0.58926684 0.69755292 2.8697557 32
1.739026 0.63748944 2.8226156 30
-2.4136593 0.76323462 2.8379333 68
-1.0706463 0.779028 2.861836 42
-0.89116031 0.79779214 2.8338573 36
-1.5594823 0.82786524 2.8924909 45
2.7533188 -5.9383731 2.9060349 35
2.7080121 -5.3366609 2.9004564 75
2.8170485 -5.1328998 2.9038129 52
2.4464078 -4.8520937 2.9077077 62
2.2263885 -4.4337306 2.9167812 84
2.1254621 -4.2360773 2.9146996 38
2.7904491 -4.0938525 2.9447799 72
2.1536565 -3.1092827 2.954911 74
1.4662279 -3.0730386 2.9042749 36
2.2353215 -3.0893338 2.9620888 51
2.0867028 -2.9990764 2.9624946 53
2.1671977 -2.971576 2.964035 32
1.9694834 -2.8005042 2.9856279 0
2.0505471 -2.8516517 2.9431105 23
2.497962 -2.6422567 2.9792733 8
2.3643644 -2.5555999 2.9570024 9
2.7153413 -2.5678105 2.9206226 13
0.62675774 -2.4544113 2.9044478 70
0.73974216 -2.4739494 2.9089036 77
2.3173125 -2.4838588 2.9808927 2
0.59858978 -2.3544836 2.9092274 97
0.71275532 -2.3700159 2.9138422 92
2.5808916 -2.3470333 2.9306355 4
0.66302592 -2.1699402 2.9199474 80
1.6106497 -2.1166213 2.9615538 0
0.52083248 -2.058938 2.9046052 150
0.63981909 -2.0728264 2.9220302 89
1.5617945 -2.0149069 2.9363937 17
1.6559711 -1.9784679 2.9518189 37
1.5916064 -1.8222767 2.9654651 70
1.9397361 -1.8565483 2.9623523 17
2.0205922 -1.8539486 2.9657652 16
0.43456855 -1.721199 2.9231746 30
0.57109511 -1.7529168 2.9235966 82
0.94766665 -1.7657952 2.9273133 75
1.8829539 -1.7488074 2.9637957 43
1.9638278 -1.7433615 2.9662483 38
2.1793015 -1.7504812 2.965524 11
2.2213321 -1.7867666 2.9636838 6
0.54602385 -1.6253679 2.9273925 52
0.9118948 -1.6594459 2.9445834 97
1.8326163 -1.646127 2.9663858 65
1.9097047 -1.633606 2.9635193 56
2.0867331 -1.6008466 2.9710357 42
2.1336982 -1.658401 2.9690096 25.5
3.0329192 -1.6117615 2.90113 86
0.87702048 -1.5438689 2.9406118 89
1.784718 -1.5462809 2.9689 94
1.8810937 -1.5670956 2.9700994 66
2.0620131 -1.5235934 2.9652371 57
2.1108561 -1.5830363 2.9689722 42
3.0435731 -1.510627 2.9098346 81
0.84464157 -1.4351445 2.9419146 90
0.9833017 -1.4041629 2.9227571 82
1.7386434 -1.4462769 2.9650993 85.5
1.8346844 -1.4629278 2.9680128 74
1.9895836 -1.4077789 2.9702997 74
2.0332122 -1.4627986 2.9716282 64
3.0498919 -1.409802 2.9129598 88
0.02630732 -1.3587482 2.9067705 80
0.82563829 -1.362433 2.9395802 92
0.96871716 -1.3440597 2.95103 91
1.6991024 -1.3528626 2.9695973 86
1.7925355 -1.3625362 2.9666772 80
1.9728376 -1.3363156 2.9695134 85.5
2.0157413 -1.3903785 2.9710901 73
3.0548511 -1.310079 2.9146912 93
-0.29751998 -1.2128302 2.9000738 104
0.015759682 -1.2385973 2.9096076 94
0.78902578 -1.2259749 2.9428937 103
0.80645549 -1.2927517 2.9381347 91
0.95265752 -1.2737776 2.9579673 91
1.6612109 -1.2598058 2.9682322 86
1.7567687 -1.2687783 2.972012 81
1.9334371 -1.2455993 2.9703743 82.5
3.06055 -1.2103089 2.9185319 92
-0.29889837 -1.1328491 2.9005625 95
0.010492211 -1.1577063 2.9060922 101
0.77279323 -1.1590717 2.9426985 98
0.929506 -1.1641243 2.9518352 99
1.6256877 -1.1685851 2.9667947 111
1.7113161 -1.1419892 2.9689217 85
1.8719325 -1.1383851 2.9721398 86.5
1.915632 -1.1499411 2.980238 84
3.0650456 -1.1136348 2.9209671 93
-0.30112141 -1.0568691 2.902864 103
-0.0022936552 -1.0069968 2.9164772 94
0.0023703934 -1.0848931 2.9187 91
0.74870837 -1.0616965 2.9457502 97.5
0.9097867 -1.0624838 2.9602966 100
1.6829617 -1.0524006 2.974741 87
1.8664341 -1.0578421 2.9724178 86.333336
3.0732338 -1.0176744 2.9282839 107
-0.30207646 -0.94289684 2.9035683 109
-0.0064661889 -0.93107384 2.9133275 100
0.72071362 -0.93456745 2.9487872 90
0.8909049 -0.96013772 2.9586883 91
1.6538508 -0.95975137 2.9676239 113.5
1.8252121 -0.95775199 2.9717917 85
3.0778005 -0.92199689 2.9307151 71
-0.30482152 -0.83270359 2.907974 109
-0.011948729 -0.85933936 2.9226985 97
0.70121533 -0.84084833 2.9498992 93
0.87530071 -0.85967219 2.9596574 106
1.7822491 -0.84298211 2.9711142 84.666664
1.8132318 -0.86188108 2.9689834 83
3.0795979 -0.82753247 2.9317777 92
-0.3053467 -0.75872171 2.9066491 99
-0.016262101 -0.74939716 2.9187779 98.5
0.68290579 -0.74547625 2.9422603 87
0.86121595 -0.7611475 2.9563026 104.5
1.7607515 -0.74030614 2.9700484 114
3.0879295 -0.73359078 2.939085 88
-0.43271288 -0.6366123 2.9035759 98.5
-0.3047787 -0.65024805 2.9052958 102.5
-0.019603351 -0.64142591 2.9152598 115
0.66740507 -0.65699691 2.9510717 78
0.84622228 -0.63420832 2.9606333 105
1.6997319 -0.61736757 2.939858 106
1.7312056 -0.6554004 2.9449749 117.5
3.0942624 -0.6418007 2.944298 92
-0.43266898 -0.55880976 2.9015427 126
-0.30548245 -0.54377556 2.9066625 101
-0.022850582 -0.5715872 2.9223161 102
0.65300763 -0.5647862 2.9379444 69.5
0.8336302 -0.53276247 2.9255011 86
1.0663278 -0.52918148 2.913728 31
1.6868989 -0.54304731 2.9464612 84.5
1.7331247 -0.56438786 2.9468968 85.5
3.0983074 -0.54818058 2.948854 95
-0.8988331 -0.47427237 2.9002275 86
-0.65828311 -0.43617049 2.902607 140
-0.41356573 -0.44497451 2.9035118 141.66667
-0.30507314 -0.43980241 2.907999 113
-0.28710604 -0.4437544 2.9053965 144
-0.022929387 -0.46543688 2.9131012 105
0.63656157 -0.45031387 2.9491165 68
0.82978326 -0.44569606 2.9602365 102.5
1.0625098 -0.45802528 2.9650598 86
1.6762655 -0.44657052 2.9642439 128.5
1.7260311 -0.46719128 2.9711761 90.5
3.1017635 -0.45660108 2.9512906 87
-2.0554552 -0.31079707 2.9014482 95
-0.66652334 -0.3444564 2.9048812 130.75
-0.42575926 -0.34812683 2.9074514 126.2
-0.30376127 -0.33782858 2.9097593 111
-0.28361884 -0.35061023 2.9078865 145
-0.027642319 -0.3636997 2.9258897 105
0.62161905 -0.3336421 2.9483993 62
0.82492208 -0.35432801 2.9637237 101
1.0470477 -0.35091755 2.9716449 102.5
1.7111309 -0.3653149 2.967731 90.5
3.1073949 -0.36486915 2.9572251 131
-2.0542336 -0.23958002 2.9063187 98
-1.5194795 -0.24484758 2.9039757 104
-1.0115591 -0.21966158 2.9008248 87
-0.64928401 -0.24482825 2.9102421 124.4
-0.41557696 -0.24303383 2.9095514 133.25
-0.30254969 -0.26884508 2.907047 106
-0.2833738 -0.24348867 2.9125977 147.66667
-0.026973354 -0.26110086 2.9235559 104
0.61194324 -0.24815114 2.9487624 56
0.81995559 -0.26184821 2.9567089 96.5
1.0344858 -0.24452212 2.9696572 95.5
1.6991837 -0.24121012 2.9669662 112
1.7036527 -0.29107776 2.9684439 92
-2.0526671 -0.16832083 2.9072039 104
-1.5174328 -0.14055607 2.9054136 103.5
-1.3728464 -0.11195514 2.9044344 117
-1.0074875 -0.14262709 2.901468 97
-0.88956147 -0.17387721 2.9092307 95
-0.76206756 -0.13336071 2.9023378 111
-0.66379631 -0.13982184 2.9138429 128
-0.42803541 -0.15955877 2.9141414 129
-0.33545685 -0.15722258 2.9140129 126
-0.27905664 -0.15135111 2.9173844 150
-0.028327027 -0.15965028 2.9279761 107
0.60417324 -0.16302499 2.9522033 61
0.81839061 -0.14234884 2.9659748 95
1.0245128 -0.13894624 2.9705048 96.5
1.6904093 -0.16697848 2.953845 141
-2.0557475 -0.063304655 2.9145708 96.5
-1.5148926 -0.037202246 2.901866 135
-1.0059786 -0.067650512 2.9053078 94
-0.96504468 -0.061036874 2.9054661 107.66666
-0.88374466 -0.06185542 2.9084423 98
-0.75827581 -0.059266534 2.9023449 98
-0.64521801 -0.039527755 2.9147832 124.8
-0.42709327 -0.060246531 2.9163914 118
-0.39757791 -0.040583476 2.9225607 146
-0.28388244 -0.049861666 2.9163182 140.5
-0.026401961 -0.059531637 2.9278219 103.5
0.5954417 -0.049883634 2.9553285 56
0.81918305 -0.051149737 2.9632676 95
1.0123826 -0.033893079 2.9394131 124.5
-2.4349165 0.041049365 2.9030218 105.5
-2.0586898 0.043739427 2.9189608 92
-1.5196977 0.033581425 2.9113421 118
-1.3743663 0.050534856 2.9150259 112
-1.0027685 0.0063712643 2.9055178 99
-0.97976971 0.070969224 2.9062512 88.5
-0.87964886 0.047142696 2.909039 92
-0.75648677 0.048444267 2.9075885 98
-0.65152901 0.052084088 2.9187336 131
-0.42341888 0.044041444 2.9195948 134.66667
-0.39526457 0.0588842 2.9218621 150
-0.28493094 0.037401453 2.9122567 133.5
-0.024844358 0.040539127 2.9308097 108
0.58910668 0.061984792 2.952343 60
0.82140315 0.037039779 2.9672036 94.5
1.0126371 0.069777295 2.9708285 103.5
-2.4361362 0.13963141 2.9094872 104
-2.0618117 0.15129435 2.9193268 99
-1.5247902 0.13892162 2.9192066 104
-1.3742956 0.1496066 2.9174592 118
-1.0634648 0.14898312 2.9200668 107
-0.9778012 0.14546269 2.9087973 93.5
-0.87408119 0.1586642 2.9075894 93.5
-0.75476807 0.15915357 2.9128532 100
-0.66059142 0.148581 2.924767 136.5
-0.42269647 0.1469485 2.9217739 116.33334
-0.39259693 0.15897834 2.9297223 146.5
-0.29350698 0.13505562 2.90818 114
-0.021559732 0.14118826 2.9324164 104.5
0.58528107 0.14690374 2.9603722 62
0.82620907 0.1559857 2.9628706 98
1.0117919 0.1474057 2.979152 101
-2.4409237 0.23820743 2.9166431 108
-2.0669792 0.25972492 2.9195271 103
-1.529732 0.24629518 2.9240992 104
-1.37631 0.24964926 2.9207172 112
-1.0675428 0.25435042 2.9276779 112
-0.96632701 0.24445231 2.9104905 96.25
-0.872379 0.27012426 2.912066 98
-0.75098038 0.23126492 2.9106066 107
-0.69067186 0.23705751 2.9311705 135
-0.42054367 0.23296376 2.9248972 130
-0.29334271 0.2375273 2.9182537 111
-0.0182798 0.24183756 2.9340239 111
0.58323324 0.2029511 2.9552701 41
-2.0762711 0.33427918 2.9275475 104
-1.5333793 0.35280216 2.9205632 120.5
-1.3755373 0.34875479 2.9151773 129
-1.0686665 0.3599709 2.9245095 120
-0.97126299 0.3386642 2.9162016 112
-0.74338967 0.30552819 2.9024546 114
-0.38612258 0.39734152 2.9324026 150
0.5808028 0.37324834 2.9595845 60
0.84305847 0.36455661 2.9649079 111
1.0049477 0.34879038 2.9236152 85
1.7119466 0.33336061 2.931972 150
-2.4468663 0.43887028 2.9182196 118.5
-1.5434867 0.46385124 2.9305782 127
-1.3840694 0.45318103 2.9294276 124
-1.0734255 0.4327192 2.9361341 128
-0.97782379 0.45977718 2.9268489 103.5
-0.86598986 0.49409136 2.9169166 94
-0.74265605 0.45244923 2.9124947 114
-0.64918548 0.43867961 2.9287822 147.66667
-0.41377577 0.45609045 2.9189575 141.33333
-0.38371426 0.46167403 2.9082203 150
-0.28754786 0.47596908 2.9277458 106
-0.0086095128 0.44522211 2.9398637 85
0.58096391 0.42947817 2.9544234 62
0.85210049 0.45181525 2.9460578 150
1.015221 0.40750009 2.9727275 150
1.7526196 0.47911903 2.9657545 92
-2.4649713 0.54392308 2.9342482 108
-2.0992885 0.55735153 2.9309437 102
-1.8856317 0.54965395 2.9306319 110
-1.5523924 0.53841776 2.9387476 107
-1.3925226 0.55861193 2.942683 115
-0.96864629 0.54995918 2.9279499 114.33334
-0.73676068 0.52663773 2.9079714 150
-0.69500858 0.59013593 2.9431016 150
-0.41463596 0.56027681 2.938669 150
-0.38212091 0.53653777 2.9362817 150
-0.0018935292 0.5826813 2.9511113 80
0.58332378 0.5459922 2.9650881 81
0.86570686 0.54559195 2.9669755 97
1.0232713 0.53851163 2.9747109 107.5
1.7717879 0.55148149 2.9721622 80
-2.1093259 0.63250607 2.9319155 100
-1.895911 0.65515387 2.9369779 104
-1.5624666 0.65102279 2.9417615 127.5
-1.3966486 0.62960362 2.9456296 118
-1.0828178 0.65151924 2.9383194 127
-0.97198343 0.66143602 2.9282823 114.75
-0.86540824 0.64701593 2.9239953 88
-0.7390641 0.64045435 2.9214296 109.5
-0.65231544 0.65653366 2.9579954 124
-0.40959501 0.64371973 2.9454639 114.66666
-0.37896416 0.64802682 2.9583516 119.5
-0.26250654 0.65010053 2.9353755 111
0.0023008198 0.65281725 2.9562008 76
0.58677417 0.63255143 2.9666617 80.5
0.87999249 0.63688797 2.9672666 95
1.0289224 0.64036775 2.9545231 71.5
1.7884657 0.62373608 2.9696915 73
-2.1273708 0.74913549 2.9356127 103.5
-1.9082848 0.76363873 2.9441493 107
-1.5760912 0.76740545 2.9485316 120
-1.4018596 0.73612058 2.944612 108.5
-1.0895674 0.72718841 2.9468083 116
-0.96680266 0.75249273 2.9277956 96.666664
-0.85955095 0.76155162 2.9194231 83.5
-0.74096936 0.75727123 2.9362433 107
-0.64125317 0.74423355 2.9306488 106
-0.41204154 0.70447457 2.9451199 94
-0.39668143 0.7530148 2.9238908 99
-0.27528515 0.75491071 2.9314811 105
0.010253524 0.72123444 2.9486454 66
-2.1404283 0.86512941 2.9286916 78
-1.9030188 0.82812673 2.9217165 88
-16.351486 -22.251558 4.7906499 5
-15.516497 -20.9077 4.9702334 17
