# .PCD v0.7 - Point Cloud Data file format
VERSION 0.7
FIELDS x y z intensity
SIZE 4 4 4 4
TYPE F F F F
COUNT 1 1 1 1
WIDTH 6127
HEIGHT 1
VIEWPOINT 0 0 0 1 0 0 0
POINTS 6127
DATA ascii
-0.77710581 -6.9636822 -0.53086168 84
-0.31427908 -6.5598078 -0.52736551 9
-1.0165375 -6.3807373 -0.52485627 6
-0.37633616 -5.9213405 -0.50309038 3
-0.54432023 -5.8292527 -0.50781965 4
-0.67160398 -5.4792371 -0.5191676 4
-0.30451858 -5.1568265 -0.51029152 8
-0.60112566 -4.4767261 -0.5066272 8
-0.76810223 -4.2074671 -0.50292355 12
-0.29915017 -4.2758336 -0.5026949 8
-0.55376059 -3.8059649 -0.50228471 9
-0.8782354 -3.3971601 -0.50504774 8
-1.0093883 -3.2598786 -0.50687385 11
-1.1654506 -2.778693 -0.51041561 19
-1.2168026 -2.530138 -0.50679547 23
-1.0774937 -2.4866455 -0.50348157 10
-1.1287324 -2.2842681 -0.5014962 10
-1.0108569 -2.2623563 -0.50248325 12
-1.3136947 -2.0398462 -0.50796956 13
-1.366456 -1.9374764 -0.50838053 25
-4.2078166 -1.8003311 -0.54247552 95
-4.1843042 -1.8714614 -0.57463962 58
-4.0093293 -1.8660494 -0.58542132 10
-1.2396488 -1.8797894 -0.50434029 13
-4.2205157 -1.7445532 -0.55114371 80
-4.0301404 -1.7778374 -0.58492285 9
-3.7816267 -1.7277999 -0.57228649 9
-3.6797171 -1.7751393 -0.56844455 8
-1.2868314 -1.7873789 -0.50404012 15
-1.1728544 -1.7346416 -0.50035626 14
-4.2475495 -1.654808 -0.53450823 95
-3.5769854 -1.6918696 -0.56523466 8
-3.397181 -1.6624364 -0.56081349 8
-1.2176024 -1.65503 -0.50065392 14
-1.1221075 -1.6242748 -0.50182664 13
-4.2606969 -1.5856687 -0.51104867 114
-1.4628998 -1.5339781 -0.50749594 34
-1.1597384 -1.5463971 -0.5003317 16
-1.0756667 -1.5188606 -0.50066507 12
-1.4404163 -1.4380784 -0.50997579 20
-1.3549377 -1.4034985 -0.50708663 14
-1.1112018 -1.4525385 -0.50086188 15
-1.3413546 -1.3388774 -0.50847304 16
-1.5785452 -1.2101117 -0.50735527 40
-1.3222166 -1.2748102 -0.5082826 15
-1.2662773 -1.2309626 -0.50770253 4
-1.9880663 -1.116161 -0.51357567 22
-1.5557601 -1.1645489 -0.50973296 16.75
-1.2146333 -1.1549726 -0.50154233 13
-1.1743236 -1.1211597 -0.50299233 4
-1.943447 -1.079012 -0.52167445 9
-1.874411 -1.024419 -0.51758659 9
-1.7469323 -1.0385603 -0.5150336 16.5
-1.4557208 -1.0526381 -0.5084554 11.5
-1.141307 -1.0427818 -0.50147033 3.25
-1.8162392 -0.97758657 -0.51746619 8
-1.7593397 -0.9317432 -0.51444715 8
-1.6437144 -0.94688618 -0.5144186 8.5
-1.3600523 -0.94617796 -0.50754339 6
-2.035481 -0.80306572 -0.5189907 9
-1.8721173 -0.80246073 -0.51477206 9.5
-1.7440089 -0.83273524 -0.51420051 8
-1.6405447 -0.83563173 -0.51298475 5
-1.5691259 -0.88088614 -0.51107258 7.5
-1.4980582 -0.81509292 -0.50660402 5
-1.2642641 -0.84005445 -0.50142586 1.5
-2.9784501 -0.70480424 -0.54931289 8
-2.872962 -0.72203749 -0.54476249 10
-2.7911241 -0.74298191 -0.54478419 8
-2.6510172 -0.76361573 -0.54074252 7
-2.5094995 -0.77856612 -0.53502071 8
-2.4254322 -0.74700344 -0.5313167 8.5
-2.3463559 -0.75464743 -0.52757311 8
-2.2585547 -0.75381392 -0.52371198 8.666667
-2.152621 -0.76624459 -0.52032596 9.666667
-2.0548058 -0.77651548 -0.51826423 9
-1.9510285 -0.78410506 -0.51356351 8
-1.8498049 -0.77953577 -0.51334864 9.333333
-1.7385569 -0.78936934 -0.51375079 7.5
-1.6430773 -0.7896117 -0.50955987 5.25
-1.562535 -0.77404088 -0.50799257 2.75
-1.4585853 -0.73311102 -0.50368559 2
-1.2222707 -0.78725374 -0.50068778 1
-3.2798743 -0.62730443 -0.55717647 8
-3.1812005 -0.65644646 -0.55538344 8
-3.0777545 -0.68164998 -0.55194777 8
-2.8467355 -0.60185444 -0.54723752 8
-2.7426081 -0.63473892 -0.54339063 8
-2.6439981 -0.66551977 -0.54060596 9
-2.5369315 -0.68946248 -0.53618509 8.5
-1.3421249 -0.60995251 -0.52130276 0
-3.6048672 -0.52353293 -0.56815714 7
-3.4507654 -0.58081448 -0.56428957 8.5
-3.0521929 -0.52014828 -0.55293852 8
-2.9447381 -0.56109345 -0.54845667 8
-1.9044713 -0.5069713 -0.51750773 10
-1.8374958 -0.51641625 -0.51716632 11.75
-1.7504083 -0.53352559 -0.51260966 14
-1.6535254 -0.55201381 -0.50958216 13
-1.541182 -0.56768763 -0.50554496 11.5
-1.4684633 -0.57328665 -0.50231206 11
-3.8157508 -0.4350968 -0.57436126 8
-3.7061551 -0.4803648 -0.57045609 8
-3.2522976 -0.41854483 -0.55831122 8
-3.1578438 -0.47173995 -0.55670631 8.5
-2.1509457 -0.42301705 -0.52474976 8.5
-2.0513349 -0.4423646 -0.52225149 9
-1.9572685 -0.47837982 -0.51920551 10.25
-1.8889261 -0.48959294 -0.51770055 10
-3.9475286 -0.35609293 -0.57499409 8.5
-3.3509736 -0.36026615 -0.56180632 8
-2.3283205 -0.3360424 -0.52981019 7.5
-2.2516084 -0.35243529 -0.52807218 9.25
-2.1556897 -0.37432408 -0.5230177 9.333333
-4.2181325 -0.21246855 -0.58734483 18
-4.1103787 -0.2737115 -0.58235455 9
-3.55774 -0.20666842 -0.56884462 7
-3.4711986 -0.27540863 -0.56586468 7
-2.5229049 -0.21033725 -0.53602272 9
-2.4366956 -0.25386536 -0.53365022 8.25
-2.3489037 -0.25922987 -0.53022641 8.333333
-4.2536435 -0.14609759 -0.58196974 56
-3.6349263 -0.13279465 -0.57214677 7.5
-2.6427107 -0.11067513 -0.54184616 9
-2.5569291 -0.14491381 -0.53709215 9
-2.4673753 -0.15934722 -0.53370452 8.5
-4.288559 -0.042757582 -0.57360041 91
-3.7279856 -0.0016623973 -0.57342321 8
-3.6951137 -0.055234138 -0.57360852 8
-2.6867163 -0.05557704 -0.54276711 11
-2.5654554 -0.045664575 -0.53754812 10.666667
-4.3118215 0.061446849 -0.56585938 92
-3.7591839 0.052883938 -0.57435471 8
-2.7468712 0.041428357 -0.54391092 11.666667
-2.6317317 0.059776351 -0.54066676 10.333333
-4.3226018 0.13252942 -0.56146532 92
-3.8132238 0.16483486 -0.57820499 8
-3.7901156 0.10743105 -0.57667524 8
-2.7916651 0.14236721 -0.54533046 11
-2.6646199 0.15194377 -0.54239857 10
-4.3582001 0.24139255 -0.56043118 97
-3.8387198 0.25127161 -0.57945228 8.5
-2.8093088 0.24656779 -0.54534954 11.666667
-2.6747177 0.24640186 -0.54261273 10.333333
-4.384377 0.35226697 -0.5597198 91
-3.8288934 0.36505717 -0.57818794 9
-2.8070068 0.32949376 -0.5446437 11
-4.4012504 0.42743284 -0.56082511 95
-4.3169227 0.49238822 -0.54956758 45
-3.7928646 0.44637012 -0.5740574 11
-4.1217794 0.5380187 -0.52408826 39
-1.2456751 0.99346066 -0.50014961 23
-1.3769163 1.0238299 -0.50022089 2
-1.2429602 -7.1203613 -0.4555791 33
-1.1070147 -7.0879855 -0.43545362 125
-1.0203879 -7.0763187 -0.43804017 82
-0.59628648 -6.9453969 -0.46786803 123
-0.35701853 -6.8711042 -0.42269677 130.5
-0.27268377 -6.8631916 -0.40183908 76
-0.047047846 -6.8091516 -0.41880086 65
-0.81167179 -6.184948 -0.45616037 4
-0.17065138 -5.728415 -0.41210163 1
-0.63176751 -5.2300119 -0.44739324 4
-0.49646014 -4.7061377 -0.49894691 9
-0.36246991 -4.757318 -0.49237192 8
-0.50373834 -4.6198797 -0.44960576 7
-0.78666645 -4.2933311 -0.41935962 31
-0.63219231 -4.2573977 -0.44264787 9
-0.40082902 -4.0981889 -0.44880986 7
-0.46387893 -3.9497378 -0.49464118 9
-0.35330802 -3.9872937 -0.48991549 9
-0.94073099 -3.7682643 -0.44395947 30.5
-0.52541184 -3.7710238 -0.44326544 8
-0.31882319 -3.6740401 -0.44563758 8
-0.29438978 -3.6248403 -0.49417359 8
-0.69727921 -3.5841017 -0.49580729 8
-0.34668696 -3.4202769 -0.48558104 8
-1.0305138 -3.3286488 -0.44563836 28
-0.98700899 -3.3822861 -0.43987572 26
-0.44068596 -3.3926373 -0.46647918 7.5
-0.25216869 -3.3455327 -0.44621718 7
-0.90479225 -3.2970142 -0.46714956 7
-0.51744545 -3.2921491 -0.49594367 7
-1.0546204 -3.1807337 -0.45510674 27
-0.64444834 -3.1213174 -0.4915061 10
-0.477543 -3.1013639 -0.4015348 7
-0.3635596 -3.1198659 -0.40053633 7
-0.2917597 -3.1488414 -0.48886967 9
-0.79875672 -3.0424023 -0.46590227 7
-0.37344122 -3.0737605 -0.44354427 8
-0.9516297 -2.9888234 -0.46535563 8
-0.80710304 -2.9757226 -0.49860054 9
-0.4218331 -2.9795153 -0.48837644 11
-0.34145749 -2.9882669 -0.48331422 11
-1.1862423 -2.8576546 -0.43049413 29
-0.92151982 -2.8569958 -0.49828976 10
-0.70792586 -2.8214474 -0.46473837 9
-0.49055117 -2.8972828 -0.49246907 10
-0.84966248 -2.7669156 -0.46644109 9
-0.60426414 -2.7662361 -0.48947418 11
-0.4156608 -2.7595017 -0.40798822 6
-0.3128767 -2.7824755 -0.42325836 7
-0.28904647 -2.7888417 -0.48758698 12
-0.75350219 -2.6601408 -0.49675477 10
-0.6287545 -2.625237 -0.46224582 9
-0.40740526 -2.6517842 -0.48591495 13
-0.33678496 -2.6562753 -0.48205346 13
-0.26968423 -2.636466 -0.40434334 8
-1.2401999 -2.5799494 -0.43067211 31
-0.85489029 -2.5525813 -0.49377406 9
-0.75515127 -2.5450029 -0.46249294 8
-0.46902728 -2.5923884 -0.4904952 11
-0.28643131 -2.5098417 -0.48732585 12
-1.5165498 -2.4915719 -0.411751 16
-1.255604 -2.4104939 -0.46130335 30
-0.5651949 -2.4609067 -0.47231755 12.5
-0.36567014 -2.4824178 -0.41384828 5
-0.27242002 -2.4993911 -0.41129929 9
-1.2730044 -2.3333075 -0.42136529 32
-1.1984206 -2.3886373 -0.48267359 9
-0.71046275 -2.3974771 -0.49385232 12
-0.67873734 -2.375073 -0.46205819 9
-0.45091248 -2.3344781 -0.4868257 11
-0.36418363 -2.3866467 -0.48227006 11.5
-0.23241156 -2.3771794 -0.40856013 8
-1.3869711 -2.2172251 -0.40616199 33
-1.2695737 -2.2432165 -0.47297636 22.5
-1.0945771 -2.2359326 -0.47619653 8
-0.79662764 -2.282795 -0.48471612 13
-0.60868174 -2.2051384 -0.4585374 10
-0.54395592 -2.2346332 -0.48140681 13
-0.49823517 -2.2932289 -0.4576636 9
-0.32136202 -2.2452452 -0.41627374 7
-0.25816497 -2.2474661 -0.44604486 8.5
-1.3372935 -2.1485651 -0.4460775 52
-1.0107907 -2.1227648 -0.47506386 9
-0.67101419 -2.1667912 -0.48726702 12
-0.4396767 -2.1335044 -0.46819654 12.5
-0.3578985 -2.1522388 -0.47769105 11.5
-0.19940132 -2.1538205 -0.41077396 8
0.046310127 -2.1551814 -0.40295333 10
-1.1284083 -2.0692968 -0.47478998 10
-1.0526341 -2.0721164 -0.49532026 11
-0.94094026 -2.0347338 -0.4839156 12.5
-0.75646675 -2.0977347 -0.48784852 13
-0.53650647 -2.0596604 -0.47033063 11.5
-0.39728028 -2.0414946 -0.45667648 10
-0.25754559 -2.0557129 -0.43865106 9.333333
0.4622997 -2.0201371 -0.40256932 9
-1.3829086 -1.9654108 -0.44765958 47
-1.0450592 -1.9636406 -0.47520405 13
-0.99746197 -1.9174294 -0.49613482 13
-0.86627108 -1.9229283 -0.47222531 10
-0.71908557 -1.9266294 -0.48623449 13
-0.64245021 -1.9910094 -0.48768473 11
-0.46096912 -1.9469266 -0.46844476 10.5
-0.3525911 -1.9668148 -0.47671086 11.5
-0.174404 -1.9732932 -0.41448772 9
0.052857708 -1.9787483 -0.40678567 8
-0.93439126 -1.8767545 -0.48342666 12.5
-0.80724084 -1.8492041 -0.47446144 11
-0.61636853 -1.8332134 -0.48431444 11
-0.50363278 -1.880547 -0.48137248 11
-0.34753647 -1.8133928 -0.47676009 13
-0.26884443 -1.8870635 -0.45080876 10
-0.16655183 -1.855305 -0.41882867 9.5
0.058566879 -1.8278115 -0.41037536 8
0.37901074 -1.8697782 -0.42658499 3
0.49046716 -1.8577811 -0.40380999 8
0.54257464 -1.8645687 -0.40088832 11
-1.5732129 -1.7624636 -0.40523675 26
-1.4288808 -1.7202096 -0.48824269 39
-0.92241013 -1.7694716 -0.48273966 13.5
-0.85745031 -1.7480794 -0.49062771 13
-0.74816281 -1.7625051 -0.47163379 10
-0.6882655 -1.7853565 -0.4872632 11
-0.59507823 -1.7053723 -0.48639816 12
-0.45018908 -1.766294 -0.48053861 12.5
-0.25733781 -1.7462554 -0.45256561 10.5
-0.15786862 -1.7462873 -0.4219265 9
0.053970106 -1.7096913 -0.41396901 8
0.36207449 -1.7821815 -0.43020278 9.5
0.54683697 -1.7267879 -0.40486398 10.333333
-4.2459507 -1.6551527 -0.47930712 101
-2.6275296 -1.621736 -0.43554103 4
-1.607499 -1.670813 -0.40570101 27
-1.4640408 -1.627737 -0.44908091 45.5
-1.356239 -1.6687282 -0.48932475 14
-1.2838215 -1.6152496 -0.48900759 13
-0.90146405 -1.6467303 -0.49409586 12
-0.83354163 -1.6664364 -0.48351595 13
-0.78507441 -1.621863 -0.47312075 14
-0.66851789 -1.6564413 -0.47641459 11.666667
-0.43877518 -1.6409751 -0.47993231 13.5
-0.34390447 -1.6839447 -0.47848451 14.5
-0.24518403 -1.6249752 -0.45463663 5
-0.14172201 -1.6627151 -0.42539507 11.5
0.071763113 -1.684026 -0.4119758 9
0.29223177 -1.6928049 -0.43467775 12
0.34310693 -1.6423134 -0.42612189 13.2
0.61325538 -1.6128865 -0.40449899 13
-4.272202 -1.535195 -0.45271584 106
-2.4658012 -1.5020118 -0.43132463 4
-1.513263 -1.5449947 -0.40418935 40
-1.4834741 -1.5474907 -0.43294635 45.666668
-1.3550199 -1.5618629 -0.49284384 21
-1.2152755 -1.5616963 -0.4872756 12
-1.1483636 -1.5071144 -0.48441678 12
-0.86660427 -1.5475481 -0.49682415 13
-0.7651419 -1.5433879 -0.4838489 16
-0.61957592 -1.5451477 -0.47535518 12.5
-0.57160252 -1.5514786 -0.47944996 2
-0.46094626 -1.5015234 -0.47808444 13
-0.37782994 -1.5637009 -0.48094055 8.5
-0.27924576 -1.5066473 -0.47452569 12
-0.12268335 -1.5415698 -0.42547864 12.5
0.066874519 -1.5804026 -0.41563919 10.5
0.19270009 -1.5413219 -0.43753445 17
0.35375562 -1.5358101 -0.42910782 12.8
0.5426842 -1.5954003 -0.40550715 9.5
0.65804064 -1.542578 -0.40015662 17
-4.2951355 -1.4512153 -0.4671427 100
-1.7437764 -1.4298073 -0.40369952 8
-1.2389737 -1.4707658 -0.48911625 15
-1.1698177 -1.4162409 -0.4872486 16
-1.0491689 -1.4274782 -0.486202 11
-0.83015841 -1.4404377 -0.49236733 13
-0.76567 -1.431041 -0.49036294 13
-0.64877397 -1.4539229 -0.47701418 7.3333335
-0.54246956 -1.4580114 -0.47501084 12.5
-0.4503634 -1.4097556 -0.48003507 3
-0.35429034 -1.4542943 -0.47694302 12.333333
-0.27876276 -1.4186418 -0.47748226 3
-0.14318597 -1.445859 -0.42886376 10.5
0.067897588 -1.4538797 -0.42052412 7.3333335
0.16363254 -1.4322603 -0.44101989 8
0.32464531 -1.4433101 -0.41726333 8.8000002
0.56066203 -1.4853158 -0.40565765 10.5
0.64777994 -1.4690033 -0.401889 15.5
-4.3244138 -1.3518078 -0.43703055 109
-2.7124782 -1.3359377 -0.44599622 19.5
-2.5839171 -1.3066102 -0.43490887 38
-2.3075285 -1.3842425 -0.4223924 14
-2.0458193 -1.3203487 -0.41234344 13.5
-1.667816 -1.3440744 -0.40597546 18
-1.1045278 -1.3606915 -0.48396975 13
-1.0546484 -1.3354133 -0.48918402 15
-0.97100854 -1.3503572 -0.48771557 8.666667
-0.77031946 -1.3502309 -0.49081773 3.5
-0.56592357 -1.3383296 -0.47411418 3.4000001
-0.46574047 -1.3515587 -0.47170588 2
-0.36643928 -1.3568227 -0.47483116 3.5
-0.27778608 -1.3246402 -0.47437191 4
-0.12738897 -1.3212669 -0.43228796 5
-0.093274437 -1.3738152 -0.4289566 12
0.076627173 -1.3425159 -0.42136788 8
0.1365204 -1.3282611 -0.44105273 15
0.2077432 -1.3506455 -0.43709913 9
0.33024317 -1.348923 -0.42634606 7.5999999
0.57651597 -1.3946731 -0.40830961 16.5
0.65824991 -1.3722342 -0.40213299 1.5
-4.3425303 -1.2486045 -0.40837473 114
-2.5414035 -1.2978762 -0.44744802 25
-2.4187279 -1.2668043 -0.43605176 32.5
-2.2716045 -1.2229183 -0.4281449 29
-2.1904719 -1.296608 -0.42010242 15
-2.0707269 -1.2070501 -0.41356105 15
-1.950909 -1.2407429 -0.4114764 17.5
-1.6458843 -1.2549647 -0.40506622 26
-1.5806069 -1.2356292 -0.44135192 40.25
-1.0239582 -1.2826102 -0.49780917 3
-0.97269422 -1.2450078 -0.48916942 6
-0.84358329 -1.2532076 -0.47731555 6.6666665
-0.74441278 -1.2667038 -0.48841128 4
-0.54136783 -1.2466267 -0.47288814 4
-0.43021297 -1.2352298 -0.47500527 3
-0.3653827 -1.2485293 -0.47345641 4.3333335
-0.27683881 -1.2416385 -0.47126567 4
-0.080835037 -1.2492253 -0.43212271 5.3333335
0.064611003 -1.2426203 -0.42892289 5.25
0.15099321 -1.2390883 -0.43927312 1
0.27551213 -1.2515101 -0.41903606 2.5
0.35778201 -1.2576721 -0.43558681 10
0.54275036 -1.2261312 -0.40102196 3.5
0.65866745 -1.2248925 -0.40128276 2
0.79166263 -1.2181157 -0.40420589 4
-2.1580291 -1.1955645 -0.4249244 24.5
-2.0466361 -1.1651579 -0.42140338 20
-1.9600509 -1.1255282 -0.43539962 23
-1.8404328 -1.1348765 -0.40933529 18.25
-1.5835389 -1.1834568 -0.4609403 32.25
-1.4600655 -1.1397966 -0.49775076 4.6666665
-1.3503566 -1.1111702 -0.49254665 12
-0.92026585 -1.1625562 -0.48982322 3
-0.83691049 -1.1375287 -0.47824392 2.5
-0.73989803 -1.163937 -0.48049366 3
-0.68989372 -1.1444726 -0.48009828 3.3333333
-0.53931779 -1.1626993 -0.48006377 5
-0.44550934 -1.1243464 -0.47713456 5
-0.35002506 -1.1543124 -0.47287941 4
-0.27588266 -1.1451319 -0.47367728 4
-0.12169879 -1.1509149 -0.43273845 4
-0.069265418 -1.1444242 -0.44041803 1.5
0.058590069 -1.1499029 -0.43566817 3.25
0.17213111 -1.1425526 -0.44124186 1.5
0.26100627 -1.1612431 -0.42505693 2.5999999
0.35428426 -1.1579453 -0.43717819 5.5
0.51627558 -1.1426036 -0.40652695 3.5
0.67926317 -1.1485738 -0.40329185 2.3333333
0.74734247 -1.1368384 -0.40415606 3
-1.7511021 -1.0640757 -0.44584018 31
-1.3593825 -1.0674798 -0.49457273 5
-1.2568151 -1.05247 -0.49333334 8.25
-1.1478239 -1.0328312 -0.49077725 6.3333335
-0.91906792 -1.0761149 -0.49111044 4
-0.87352949 -1.0349416 -0.49134317 4
-0.7334035 -1.0579998 -0.47763911 3
-0.65355176 -1.0418739 -0.478715 3.2857144
-0.54517287 -1.0305057 -0.47690096 4
-0.45020664 -1.0488284 -0.4799484 4.5
-0.34851462 -1.0517631 -0.47741348 5
-0.27422386 -1.0351241 -0.47803289 5
-0.13238819 -1.0534804 -0.45093253 3
-0.031459235 -1.0635368 -0.44723642 2.5
0.07422965 -1.0627881 -0.43499219 3
0.18913141 -1.0514305 -0.4411329 2.5
0.25909653 -1.0621709 -0.42737141 3
0.33687434 -1.0906909 -0.4373877 2
0.48589331 -1.0409998 -0.41117761 3.75
0.68459475 -1.0494184 -0.41127938 4
0.74309486 -1.0567098 -0.40813661 4.1666665
0.83341998 -1.0208192 -0.40236166 5
0.96313596 -1.0319319 -0.40175137 2.5
1.0017543 -1.0411625 -0.40029806 4
-1.1580541 -0.98090172 -0.49054495 2
-1.0571179 -0.94306207 -0.48976749 2.6666667
-0.95309442 -0.93839836 -0.48197687 2.6666667
-0.84866154 -0.9371537 -0.48836064 3.5999999
-0.63793242 -0.94839108 -0.48265171 3.5714285
-0.52297652 -0.95658904 -0.47583616 4.5
-0.45718446 -0.96227741 -0.48197871 4.5
-0.35364541 -0.95024335 -0.47924191 5
-0.27306026 -0.93261689 -0.4769116 5.5
-0.11215883 -0.98150849 -0.44340342 7
-0.092046477 -0.94053459 -0.4485001 7
0.055832773 -0.96221328 -0.4432711 4.375
0.2415089 -0.95654178 -0.43300334 2.8888888
0.45700008 -0.9381237 -0.41384506 4
0.67650986 -0.95778364 -0.40568948 4.1428571
0.71705335 -0.93894798 -0.4168705 5.6666665
0.82169604 -0.96034873 -0.41383618 4
0.95609778 -0.94875783 -0.40262836 0
-1.2750772 -0.84514415 -0.49981439 1.5
-1.0229431 -0.85736173 -0.49389315 3
-0.95233321 -0.8600871 -0.48508254 2
-0.83555311 -0.85259563 -0.48185238 2.1428571
-0.77927166 -0.83417743 -0.48668435 3.4285715
-0.62443829 -0.86069113 -0.48416412 4.6666665
-0.58656472 -0.83900237 -0.4761385 4.3333335
-0.47405791 -0.83989573 -0.47574079 4.5
-0.35706353 -0.84424943 -0.47305837 4.375
-0.26523775 -0.82405162 -0.45978504 6.25
-0.17080522 -0.84327877 -0.45305598 6.5
-0.048284445 -0.84390748 -0.44491574 4.4285712
0.068835363 -0.86059618 -0.44370809 4.2857141
0.2522203 -0.8450554 -0.42794552 4.1999998
0.3606199 -0.82667339 -0.43991745 0.5
0.43358785 -0.84208709 -0.41690841 5.5999999
0.59743875 -0.81917125 -0.4098258 6
0.62911761 -0.86090469 -0.4066166 5.8000002
0.73289192 -0.83740985 -0.40892878 5
0.81543559 -0.85087967 -0.40770778 2.5999999
-1.2202864 -0.78487617 -0.49641132 6
-1.1615827 -0.73471463 -0.49006405 0.40000001
-1.0491127 -0.71440768 -0.4899703 2.6666667
-0.97136497 -0.75772637 -0.4941217 1.6666666
-0.74513787 -0.76613265 -0.47572005 3.6666667
-0.65099323 -0.75279617 -0.47091722 5.625
-0.57806444 -0.73021293 -0.47385818 4.8000002
-0.46607298 -0.76170117 -0.47797853 3.5
-0.34907615 -0.7551657 -0.46918377 4.25
-0.22905786 -0.75744116 -0.45849505 4.5999999
-0.11906541 -0.74540919 -0.4519864 5.5
-0.019630235 -0.74454612 -0.44431141 4.75
0.075577229 -0.75496501 -0.44561195 3
0.10110577 -0.7293238 -0.43669283 0
0.25198576 -0.74302322 -0.43795428 0.83333331
0.37897295 -0.73355889 -0.43336219 3.8
0.41150087 -0.75490153 -0.41984087 5.1999998
0.57144225 -0.74051249 -0.41087124 5.2857141
0.60550386 -0.78902668 -0.40663812 6
0.74512792 -0.74885339 -0.40359926 4.625
1.1230549 -0.7560603 -0.40270743 4
1.265503 -0.7181558 -0.4005281 8
-1.3669329 -0.69760597 -0.48796707 1
-1.0288873 -0.68043518 -0.48426569 0.5
-0.95624465 -0.67851692 -0.48734105 2
-0.84521884 -0.65302742 -0.47864804 3.2
-0.74448824 -0.61784732 -0.47647658 5.8000002
-0.62675804 -0.68144125 -0.4713923 6
-0.58792239 -0.65181959 -0.46843922 5
-0.3249647 -0.61112821 -0.45836663 4
-0.2660009 -0.64994282 -0.45524573 3.5
-0.16409895 -0.64827889 -0.45345092 4.5
-0.047091968 -0.6687789 -0.44795117 4.5714288
0.062704578 -0.655725 -0.43891725 3.4000001
0.11718392 -0.64454174 -0.43888655 4.6666665
0.25966257 -0.6469388 -0.4402234 4.25
0.37398699 -0.65048426 -0.43223253 4.1666665
0.4492135 -0.64187968 -0.42289096 2.5
0.53238708 -0.65302318 -0.41918337 4.75
0.66947937 -0.64097476 -0.41041824 4.5
0.74961495 -0.63350588 -0.40800154 4.5
0.82051051 -0.64027971 -0.4062559 3.8571429
0.94976974 -0.64971942 -0.40685695 5.125
1.1015353 -0.63204437 -0.40357453 6
1.2453988 -0.64817983 -0.402197 7
1.3079883 -0.60313427 -0.40109301 4
-0.82851261 -0.5282625 -0.48650458 0
-0.65282267 -0.55253023 -0.47439826 3.4545455
-0.52851248 -0.54034418 -0.47444549 3.4000001
-0.42123988 -0.53782761 -0.4701764 4.2857141
-0.33101836 -0.54366523 -0.46581349 3.8571429
-0.25229368 -0.55684268 -0.45962059 4.2222223
-0.14934975 -0.54205829 -0.45304203 3.625
0.043304913 -0.50972342 -0.44417548 3
0.13807791 -0.54889226 -0.44600475 4.7777777
0.26504475 -0.56039411 -0.43929434 5.3636365
0.3759456 -0.53723776 -0.43365476 4.4285712
0.48312935 -0.5618822 -0.42447567 3.6666667
0.55333149 -0.55465525 -0.42097625 3.25
0.63825351 -0.55500895 -0.41579065 4.8000002
0.75281525 -0.54538161 -0.41273665 4.6086955
0.84086567 -0.54656368 -0.40636691 4.3703704
0.94199133 -0.54291397 -0.40896025 5
1.0894972 -0.55623513 -0.40424299 5.6666665
1.2351569 -0.53294802 -0.40314752 6.75
-0.96039063 -0.45210865 -0.48822144 1.7777778
-0.80655897 -0.49623021 -0.4826887 1
-0.77843732 -0.44331825 -0.48011807 4.25
-0.63226724 -0.44859612 -0.47651783 5.2222223
-0.51129586 -0.4602766 -0.47318989 5.375
-0.4565953 -0.43100426 -0.46579701 7.75
-0.32217294 -0.44556221 -0.46155587 4.6666665
-0.24935488 -0.45719236 -0.45560989 4.1999998
-0.15765128 -0.4791182 -0.44308746 2
-0.063556634 -0.40771601 -0.44273514 3
0.034828085 -0.44950229 -0.44785869 4.7058825
0.14420703 -0.44186828 -0.44833618 4.7222223
0.26695645 -0.44252035 -0.4428899 5.5333333
0.37877223 -0.46069494 -0.43567786 5.4000001
0.47322279 -0.4326193 -0.41761106 3
0.56953514 -0.4742648 -0.41236463 4
0.65532959 -0.44865495 -0.40977538 3
0.75287628 -0.45036265 -0.41319826 4.5454545
0.82745868 -0.46241936 -0.41307691 5
0.9393599 -0.44814363 -0.40991962 4.4444447
1.0747299 -0.45164752 -0.40344971 5
1.1836932 -0.40289271 -0.40035507 6
1.208238 -0.48199558 -0.40868181 6
1.388642 -0.42601421 -0.40050125 5
-0.91801488 -0.37853903 -0.48443729 4
-0.87696409 -0.33406657 -0.48202682 4.5
-0.73777694 -0.35245204 -0.47938278 4.5
-0.62664092 -0.36318049 -0.47049785 7.1999998
-0.59152085 -0.33515468 -0.46755123 6.8333335
-0.48641509 -0.35349542 -0.46793735 7.875
-0.3069354 -0.39460194 -0.45585561 4
-0.26146606 -0.33956382 -0.47178423 9
-0.056711424 -0.35016125 -0.44856444 5.4000001
0.048512131 -0.35279638 -0.44669586 5.25
0.14630704 -0.34630257 -0.44972715 4.8000002
0.24355406 -0.34798014 -0.44073924 5.7333331
0.35530317 -0.34771129 -0.43615445 5.0999999
0.45126915 -0.3335616 -0.42661735 5.5
0.52825081 -0.349617 -0.42042011 2
0.68771791 -0.38425511 -0.41332346 3.5
0.76015663 -0.3616291 -0.41265059 4
0.83916068 -0.34797621 -0.41630766 5.1666665
0.93627357 -0.35062698 -0.41214219 4.8000002
1.0677606 -0.34383237 -0.40832728 5
1.1745384 -0.34183151 -0.40293059 5.1999998
-0.83582276 -0.25128362 -0.48069715 4.2307692
-0.72493589 -0.25866431 -0.47725409 5.1999998
-0.68433362 -0.23367114 -0.46979085 7.5
-0.57121497 -0.25096732 -0.47178033 6.7142859
-0.46609148 -0.24433048 -0.47105128 7.5714288
-0.35546386 -0.22720604 -0.46214598 7.375
-0.22868621 -0.22929797 -0.45187968 4
-0.19571806 -0.21671653 -0.43902403 5
-0.02152659 -0.25160384 -0.45488319 6.1666665
0.058256794 -0.25711128 -0.44897199 4.8823528
0.14299241 -0.25302446 -0.44900662 5
0.22933248 -0.24641648 -0.44444352 4.6428571
0.34035787 -0.24813838 -0.43831518 5.090909
0.43334362 -0.2496845 -0.4353942 5.375
0.54277152 -0.23983985 -0.42746758 5.1666665
0.78003395 -0.25659999 -0.41248745 5.1999998
0.84407443 -0.24785455 -0.41012514 5.1666665
0.93605459 -0.25508931 -0.41397458 4.818182
1.0620401 -0.24727535 -0.40793967 4
1.1609614 -0.24713655 -0.4047389 5
1.2396898 -0.26496255 -0.40088001 5
-0.81679177 -0.16568245 -0.48158491 4.3333335
-0.76628315 -0.13257836 -0.47483653 5.4000001
-0.6631 -0.15328747 -0.47460312 7.3333335
-0.55136287 -0.15404317 -0.48060757 7.875
-0.45037717 -0.14459546 -0.46650669 7.4285712
-0.33814436 -0.14674184 -0.46819973 7.0666666
-0.25545067 -0.12657762 -0.46419817 8
-0.17108105 -0.15084679 -0.43612614 4.9285712
-0.053738017 -0.13766739 -0.44789848 5.5
0.039156999 -0.14552484 -0.45358098 5.2222223
0.14078353 -0.15255913 -0.44939184 5.4499998
0.23526151 -0.14567831 -0.44511721 4.8235292
0.33380857 -0.15415911 -0.43921575 4.5238094
0.44019914 -0.14467946 -0.43323311 4.8800001
0.55654681 -0.15517251 -0.42814645 5
0.61492759 -0.15044965 -0.42277867 5
0.79046053 -0.15783933 -0.41887456 6.1999998
0.83492678 -0.13391905 -0.41750118 6
0.9383077 -0.15228644 -0.4155696 4.090909
1.0650047 -0.1531512 -0.41181567 4.6666665
1.1546762 -0.15394643 -0.40812969 4.3333335
1.2375311 -0.15152903 -0.40278104 5
1.3266182 -0.12646317 -0.40022156 6
-0.83992171 -0.044377334 -0.4799431 4.375
-0.76085168 -0.051765483 -0.47343644 5.7142859
-0.63747746 -0.048104115 -0.46854413 6.4444447
-0.53499085 -0.050944682 -0.48070428 7.625
-0.43926725 -0.050146867 -0.46981895 7.625
-0.33331308 -0.051824622 -0.46348542 6.9285712
-0.25236014 -0.059525687 -0.45223036 6
-0.15701598 -0.045469042 -0.45164725 5.0952382
-0.070393831 -0.044826422 -0.44951952 5.2727275
0.034605976 -0.05216917 -0.4520556 5.625
0.14150479 -0.051024575 -0.44443774 5.4444447
0.24182224 -0.042069547 -0.44544804 5.125
0.33859301 -0.046986438 -0.43766877 4.130435
0.44072503 -0.048515297 -0.43752003 4.652174
0.53796875 -0.051578254 -0.43349692 5.0952382
0.60281819 -0.046065152 -0.42626038 4.8571429
0.79941219 -0.086824305 -0.4289993 7
0.83723301 -0.04786795 -0.41920137 6.181818
0.94049186 -0.050867833 -0.41324845 5.818182
1.0753728 -0.055496495 -0.41683984 4.3333335
1.1521815 -0.050017532 -0.40968493 4
1.2465754 -0.044492792 -0.40459695 5
1.3248119 -0.053066205 -0.40157965 5
1.4941229 -0.07005696 -0.40084174 3
1.5464342 -0.047338042 -0.40087411 3
-0.81622964 0.052159563 -0.47871566 5.5
-0.74336994 0.047178484 -0.47392753 5.5999999
-0.63236636 0.051680367 -0.47213417 6.75
-0.53245634 0.053135011 -0.47407621 7.1111112
-0.43176001 0.048852302 -0.46608758 7.875
-0.35188136 0.043080542 -0.46203622 6.9000001
-0.29650593 0.058346804 -0.46466705 7.1666665
-0.15789405 0.051522423 -0.44236368 4.9473686
-0.065270513 0.052182876 -0.44605383 5.4000001
0.040558368 0.048700906 -0.45021212 6.0588236
0.12688646 0.05065329 -0.44946781 6.4285712
0.23364803 0.050420556 -0.44801176 4.2399998
0.34522238 0.053320464 -0.44222856 4.6315789
0.4434723 0.041204952 -0.4399209 5.0833335
0.54253602 0.052712854 -0.4371393 4.7916665
0.60856622 0.022401324 -0.42593256 5
0.842915 0.045036018 -0.42088568 6
0.94754332 0.042728595 -0.41320181 6
1.0903381 0.049625792 -0.41894197 4.4285712
1.161707 0.049936723 -0.41670266 4.3333335
1.2622192 0.052222956 -0.40326396 5
1.3311093 0.050367225 -0.40189314 5.1999998
1.5317336 0.071302667 -0.40163189 3
1.604696 0.064536959 -0.40156662 3
-0.81163156 0.15319866 -0.47935525 4.25
-0.7462011 0.15218535 -0.47466278 6.0714288
-0.65237194 0.15723452 -0.4690612 6.75
-0.54698801 0.13880815 -0.47095999 7.0999999
-0.42848766 0.15027381 -0.4594627 7.375
-0.34972507 0.14777748 -0.45634192 7.2857141
-0.25138953 0.15666546 -0.44773367 6.2941175
-0.1642974 0.14612302 -0.44910318 5.2727275
-0.074332558 0.14511515 -0.44307035 5.7777777
0.030528322 0.15009871 -0.44888502 6.1999998
0.13237406 0.14309172 -0.45146504 6.75
0.23673619 0.14852941 -0.44984743 4.8421054
0.3511824 0.15048386 -0.44732597 5.409091
0.45077667 0.15077676 -0.4348242 4.25
0.55130488 0.14206043 -0.44055831 5
0.61071306 0.17959075 -0.43906984 5
0.84953189 0.14908263 -0.42226499 6.4615383
0.9598459 0.14557371 -0.41563821 5.5
1.0993857 0.11586521 -0.41554895 4
1.1456578 0.15126383 -0.41622645 4.3000002
1.284377 0.13528612 -0.40349293 5
1.3402156 0.16501147 -0.40314656 5.8000002
1.548612 0.11300888 -0.4027954 3
1.6302751 0.14258771 -0.40376014 4.1999998
-0.84887034 0.25586021 -0.47652367 4.3125
-0.75129408 0.2485401 -0.47713652 5.9166665
-0.63931626 0.25070235 -0.46603465 7.3333335
-0.54004532 0.24741501 -0.46941158 7.2727275
-0.43198535 0.2502062 -0.46296549 8
-0.34934688 0.24165364 -0.46061659 7.6666665
-0.24862728 0.24271023 -0.44912952 5.9375
-0.1609436 0.25476101 -0.45347509 5.6999998
-0.086906843 0.23125191 -0.45116314 6
0.055427164 0.23244621 -0.4499329 4.6666665
0.1403721 0.24677634 -0.45671156 6.8000002
0.23986404 0.24950637 -0.45037243 5.6666665
0.35733694 0.2412412 -0.44634557 5.125
0.45752111 0.25663257 -0.43538699 5.3333335
0.56101161 0.25104871 -0.44191134 4.8333335
0.64193213 0.23312555 -0.43634695 3.5
0.85934776 0.26174483 -0.42271775 6.8666668
0.97597516 0.23982525 -0.42085505 6.0999999
1.0026722 0.28922188 -0.42946637 6
1.1593274 0.24543862 -0.41562817 4.909091
1.349805 0.24954061 -0.40411273 5.3000002
1.6325852 0.24474813 -0.40272471 3.5
-0.91246188 0.36366597 -0.47701678 5.5999999
-0.84145385 0.33957741 -0.47792527 5.0666666
-0.72915828 0.35900906 -0.47560617 5.5
-0.64507353 0.34194764 -0.46832332 6.5
-0.54619944 0.34770325 -0.46644408 7.8000002
-0.45811361 0.33939195 -0.47099033 8.8571424
-0.35639566 0.34221154 -0.46753767 8.25
-0.26801258 0.32621825 -0.46622428 7.5
-0.13432759 0.32865596 -0.44372046 4.6666665
0.092268944 0.32073244 -0.4454768 5.6666665
0.14649798 0.31610194 -0.46314391 6.3333335
0.24262573 0.35146913 -0.45233414 6.4166665
0.36976665 0.34959793 -0.44765612 5.6923075
0.46989605 0.34210518 -0.4429661 6
0.53784251 0.3224743 -0.44136575 3.5
0.66506058 0.3849327 -0.44774368 2.5
0.74586743 0.36299047 -0.43279928 2.5
0.85266203 0.35074756 -0.42226499 7.5999999
0.94540274 0.35088497 -0.42365798 6.3000002
1.0132046 0.35527688 -0.42426577 4.4000001
1.1692514 0.33719835 -0.41400743 5.1428571
1.2038573 0.37023327 -0.41094127 5.3333335
1.3800416 0.34055594 -0.40518069 4.1666665
1.4246165 0.381937 -0.41010201 3.3333333
-0.94969302 0.45402926 -0.47621402 4.8000002
-0.86382681 0.44542313 -0.47553062 5.4545455
-0.74577016 0.45101076 -0.47342604 5.5
-0.63230598 0.45375147 -0.47165108 6.1999998
-0.59024179 0.43109682 -0.4638871 8.25
-0.47969702 0.4475317 -0.46060601 8.833333
-0.37933406 0.45924979 -0.45630366 7.1999998
-0.26410547 0.46862763 -0.45368302 5.875
-0.18637247 0.47889486 -0.45447192 2.6666667
-0.047243185 0.40536758 -0.44830775 5
0.071622156 0.46604764 -0.45086718 5.6666665
0.13516027 0.46378046 -0.45940623 5.625
0.25028309 0.44497815 -0.45435128 5.5999999
0.3527393 0.450353 -0.44860414 5
0.44090891 0.43950292 -0.44423386 4.5
0.54433924 0.44594049 -0.44472754 3.5
0.66539973 0.44035858 -0.44343519 3.5999999
0.73645133 0.45705667 -0.44040468 3.1666667
0.85202259 0.4515394 -0.42892155 4.8947368
0.92637593 0.45922765 -0.43024588 5.25
1.0187764 0.45631394 -0.42356542 5.125
1.1918756 0.43732831 -0.41467479 6
1.2190886 0.4549728 -0.41086707 6
1.4363136 0.44777641 -0.40889409 3.1666667
-1.0063165 0.56102771 -0.47747031 0.5
-0.93816292 0.5369302 -0.47732127 2
-0.83700156 0.56043029 -0.47533154 2.6666667
-0.7698217 0.53698844 -0.47097602 5
-0.64214653 0.54009157 -0.47174528 5.75
-0.52374458 0.57812923 -0.4682118 4.6999998
-0.4738892 0.55241424 -0.46535239 6.7142859
-0.34969524 0.54020071 -0.45689991 5.7142859
-0.24377212 0.54458576 -0.45904931 5.6999998
-0.14877515 0.55816382 -0.45814815 4.5
0.091504909 0.55384088 -0.45788056 4.75
0.14931759 0.55084217 -0.46226236 5.5
0.2396405 0.53945774 -0.45573929 5.0769229
0.34886661 0.5394088 -0.44611192 5.4000001
0.45180655 0.54448998 -0.44437313 4.25
0.52694881 0.55985016 -0.45053902 4
0.64223111 0.56052077 -0.44687256 4.7142859
0.77151853 0.52959281 -0.43847972 3.9000001
0.83607072 0.55798513 -0.43474555 4.7222223
0.92559534 0.54102451 -0.42745683 4.5
1.0377059 0.54777569 -0.42423931 5.8333335
1.2453443 0.54993439 -0.41491228 6.2857141
1.4748869 0.52021492 -0.41150075 3.25
1.5073456 0.57814336 -0.41376111 4.3333335
-0.73385394 0.69285154 -0.47644702 6.5
-0.64940578 0.65040499 -0.47281787 5.0666666
-0.55219722 0.63835084 -0.47223869 4.75
-0.4614625 0.62804097 -0.47046113 5.6666665
-0.35654372 0.69381458 -0.45951295 5
-0.24344452 0.6399864 -0.46059251 3.9000001
-0.18098013 0.63605106 -0.45676413 4.5999999
-0.087000214 0.65325046 -0.45575666 3.75
0.014700888 0.66449082 -0.45224822 2.5
0.15993382 0.63899428 -0.46342337 4.818182
0.25755268 0.62562573 -0.44814202 4.75
0.35966143 0.661901 -0.45189825 5.4000001
0.44773987 0.64311153 -0.45244259 5.1428571
0.53609455 0.65847021 -0.45005572 3.6666667
0.67502248 0.63323969 -0.44357181 4
0.72087246 0.66280961 -0.44305992 5
0.85568851 0.6305064 -0.43355262 4
0.92669725 0.66278923 -0.43476939 4.0999999
1.0605373 0.63660389 -0.42683521 5.2222223
1.1500275 0.65107971 -0.42945817 1
1.251322 0.66556513 -0.42466712 3.625
1.3024092 0.69562685 -0.42396426 3.5
1.5370148 0.64726359 -0.40844107 2.8333333
1.6277949 0.65695542 -0.42321852 1
1.9129722 0.66021031 -0.40072727 0
-1.3788273 0.7512536 -0.41002738 2
-0.94099426 0.78657764 -0.49258789 3.3333333
-0.85017449 0.76111698 -0.48431191 5.4285712
-0.74613261 0.73364156 -0.47752708 6.8888888
-0.63976789 0.74184996 -0.47367862 6.3333335
-0.5486083 0.74100721 -0.47073475 6
-0.41534033 0.77418566 -0.46683446 4
-0.38329652 0.73706388 -0.47010225 6
-0.24367891 0.75843871 -0.46069315 3.5
-0.12557451 0.75338298 -0.45695204 5.5
-0.013593101 0.75990981 -0.45547023 6.3333335
0.033463653 0.74293542 -0.45604467 3.5
0.10354389 0.72096378 -0.47477937 1
0.2643373 0.74001819 -0.45547676 3
0.37334409 0.75094348 -0.45419192 5.1666665
0.43195298 0.7459107 -0.45426252 5.5714288
0.55944818 0.75032824 -0.4496944 4.6666665
0.75048459 0.73863465 -0.44428572 4.375
0.80113858 0.78153467 -0.44670892 4
0.9592002 0.71990913 -0.43549022 3.1666667
1.0307374 0.76604891 -0.43544692 1.8571428
1.1039174 0.70860392 -0.42667955 2
1.2759713 0.71764374 -0.42691347 1.75
1.3387426 0.75681573 -0.42347276 2.6363637
1.4329699 0.78667057 -0.42101347 2.25
1.5842195 0.73705387 -0.40854713 2.6666667
1.6143349 0.76531917 -0.4097707 2
1.7055876 0.72439998 -0.42661226 1
-1.2444997 0.86533529 -0.48755592 2
-1.1356636 0.85647082 -0.48829556 0.75
-1.0584645 0.8339687 -0.48883185 2.2857144
-0.94994235 0.84841245 -0.48944473 3.3333333
-0.84857893 0.84581262 -0.4862071 4
-0.7515552 0.85022497 -0.48112378 4.7777777
-0.63086116 0.8472991 -0.47618163 5.5
-0.55742717 0.84042972 -0.4716934 4.8333335
-0.44756028 0.83597571 -0.46711773 4.1428571
-0.2950401 0.82432652 -0.45095164 3
-0.1797868 0.857104 -0.45643163 5.8000002
0.044446092 0.83743745 -0.45274112 6.6666665
0.18317717 0.89719445 -0.45891863 2
0.25235653 0.85385954 -0.47342843 3.4000001
0.38781273 0.83981383 -0.45997137 3.5
0.45070934 0.8464458 -0.45635459 4.5
0.57264853 0.84364921 -0.44734171 4
0.62587088 0.85340774 -0.45431885 4.5
0.79206264 0.81467539 -0.4442659 4
0.84801197 0.86089683 -0.44454977 4.5555553
1.0783012 0.81547934 -0.43767247 1.5
1.1343452 0.86025769 -0.43675914 1.1666666
1.341125 0.82069641 -0.41509664 0.5
1.4813037 0.80935723 -0.41916686 2
1.5549406 0.84392869 -0.41906366 2.2
1.6482558 0.85329163 -0.41094962 2.125
-1.3325325 0.99318737 -0.48724198 7
-1.2537006 0.95172185 -0.49429277 3
-1.1436461 0.94793731 -0.48774838 2.2
-1.036405 0.91631365 -0.49083468 3.3333333
-0.96138084 0.94818842 -0.48455817 3.1428571
-0.85099453 0.94208097 -0.48486385 4.6666665
-0.76474398 0.95798749 -0.48018143 4.5
-0.64391017 0.93424189 -0.47743845 4.8000002
-0.57359236 0.93752116 -0.47353077 6.8000002
-0.44135475 0.9350121 -0.46448293 5.25
-0.31914639 0.95615298 -0.46563828 6.6666665
-0.26315248 0.95402652 -0.45685107 6
-0.19246113 0.9485094 -0.45671043 6
0.025470307 0.93625355 -0.45617136 5.5
0.15894142 0.96394855 -0.4751265 3
0.25690722 0.95128018 -0.47030467 3
0.30359182 0.94107324 -0.47424716 4
0.45145655 0.93461365 -0.46293101 3.6666667
0.57440716 0.93575257 -0.44307819 2.3333333
0.65728277 0.95674038 -0.45754567 4
0.86916029 0.93821722 -0.44359535 4.4285712
0.92551059 0.96061915 -0.44260535 3.8
1.0090799 0.96710455 -0.43643272 4
1.188525 0.90477163 -0.43158197 1
1.2440454 0.94163895 -0.43176734 1
1.3143504 0.99036574 -0.42686787 0
1.6865765 0.92198986 -0.41207638 4.3333335
1.7391088 0.93082047 -0.40869772 1.5
1.8559484 0.95352703 -0.40803882 1.5
-1.3134841 1.0173557 -0.45681849 10.666667
-1.2449738 1.030356 -0.4482103 11.6
-1.1675098 1.0467249 -0.4617956 12.125
-1.0445865 1.0659342 -0.46050641 10.083333
-0.96591675 1.073743 -0.45526308 10.25
-0.84255362 1.041531 -0.44928169 9.8000002
-0.77086955 1.0525377 -0.45265168 8.5
-0.64174831 1.0603551 -0.45212463 8.363636
-0.56373852 1.0756085 -0.46630678 7.5
-0.44325963 1.0499617 -0.4663454 5
-0.34067053 1.0390848 -0.46774161 4
-0.27443156 1.0286678 -0.46257982 7.3333335
-0.18307096 1.0525111 -0.45660019 5
0.0091076177 1.0306904 -0.46246377 4.5
0.14972724 1.0510941 -0.47660089 4
0.24803931 1.0555961 -0.46754664 3.25
0.31358734 1.0459194 -0.48113337 4
0.45819044 1.0382845 -0.46945041 4
0.51288849 1.085536 -0.47207338 4
0.65513867 1.0391394 -0.4481442 8.6000004
0.72435665 1.0380043 -0.45833242 4
0.85863793 1.0412215 -0.44738317 4.75
0.95812762 1.052778 -0.44616792 4.375
1.0212504 1.0706663 -0.44199726 4.3333335
1.1564974 1.0446208 -0.43002421 5.5
1.2087164 1.0853404 -0.42296088 4
1.3577532 1.0226306 -0.42717505 0
1.4199734 1.0670229 -0.42640114 3
1.7203104 1.0035515 -0.40866041 1
-1.0339659 1.1067415 -0.42040119 16.333334
-0.62196052 1.1111734 -0.4316633 11
-0.52926898 1.1297843 -0.40971887 26
-0.46198654 1.1296247 -0.44420588 12.333333
-0.31773147 1.1722366 -0.43907103 11.666667
-0.29879463 1.1673838 -0.44107178 8.333333
-0.1769415 1.1459924 -0.45353422 5
-0.022075137 1.1460958 -0.46090725 4
0.14921336 1.1554917 -0.47658658 3.3333333
0.25186968 1.1553292 -0.46516216 3.25
0.33518249 1.1694489 -0.47881448 4
0.45446429 1.1730555 -0.46480474 3.3333333
0.5366869 1.1629916 -0.47205675 4.5
0.69064236 1.1284342 -0.44207448 7
0.75810134 1.1457373 -0.45333415 5.1999998
0.84031141 1.1665876 -0.42848882 7.4000001
0.93153375 1.1566942 -0.43243751 6.3333335
1.0587459 1.1150006 -0.42426112 5.625
1.1263721 1.11236 -0.43096572 4
1.547325 1.1584409 -0.42699251 3
1.6091473 1.1902511 -0.42326421 0
-0.24615195 1.2858012 -0.43975368 11.75
-0.17729105 1.2420206 -0.45717621 5
-0.052675776 1.2481483 -0.45901299 3
0.14529109 1.2581791 -0.4727515 6.5
0.25682709 1.2480422 -0.4675115 3.5
0.36903068 1.2715919 -0.45905289 7
0.44386283 1.2759054 -0.43158779 9.8000002
0.55428541 1.2443702 -0.43916139 8.75
0.76849288 1.2077563 -0.4568336 4
1.550723 1.2485574 -0.42332774 3
1.6589601 1.2360406 -0.42626864 5
1.7341205 1.2695055 -0.42259303 6
-0.17165467 1.3155113 -0.422223 15.5
-0.082049914 1.3077817 -0.44876605 33
0.063049793 1.3372629 -0.49180946 18
0.14709699 1.3401269 -0.48026881 2.3333333
0.24798472 1.3391005 -0.46292949 7.6666665
0.34696817 1.3328507 -0.44855064 46.75
0.4063192 1.3252351 -0.44822609 2
1.5571768 1.3285294 -0.42473587 6.5
1.7632351 1.3041488 -0.42512196 5
1.8369225 1.3509665 -0.42275497 5.5
1.9365609 1.3842957 -0.41266575 5
0.071229257 1.4904735 -0.49677634 21
0.14167066 1.4301848 -0.48362303 14.25
0.21549903 1.4644765 -0.45253152 17
0.31061569 1.466646 -0.48804021 4
0.41938695 1.4979639 -0.45109928 13
1.641973 1.4366554 -0.42488113 11
1.8969398 1.4169515 -0.42616513 4
1.9904989 1.47759 -0.42329529 3
2.0260015 1.4387635 -0.41279799 3
2.1147535 1.4902352 -0.41079947 3
0.052274279 1.5192089 -0.49421477 22
0.15494493 1.5471004 -0.48681313 12.5
0.20977013 1.5516398 -0.4528389 22
0.42134878 1.5839382 -0.44946426 17
1.6912183 1.5425601 -0.42345884 11
2.1092951 1.5607684 -0.4234156 3
2.2183938 1.5506184 -0.40976569 4
2.3129117 1.596788 -0.40362388 4
0.066656873 1.6200733 -0.45898399 91.800003
0.13838619 1.6357971 -0.44106838 93.555557
0.22436565 1.6555251 -0.44339338 95.5
0.42098007 1.6759704 -0.44613546 14
0.51018965 1.6617427 -0.43677372 23
1.7556888 1.6712137 -0.42502758 10
2.2388642 1.6485304 -0.4224692 4
0.39628956 1.715577 -0.42870104 76
0.50673622 1.7468188 -0.43019202 69
2.3755741 1.7370903 -0.41883451 4
1.8181396 1.8038887 -0.42204019 7
2.1902671 1.8094501 -0.4116067 3
2.5071495 1.8147651 -0.4101952 3
2.2720094 1.9500786 -0.40793851 3
2.4224041 1.9261289 -0.40263397 3
2.3766134 2.1226025 -0.40800881 4
2.4885418 2.3110914 -0.40469033 5
2.4203572 2.5487242 -0.42062479 4
2.7466681 3.0039082 -0.44189733 5
-1.1596874 -7.1134386 -0.35550499 117
-0.91079062 -7.0732384 -0.32700264 35
-0.7806015 -6.9658008 -0.37457129 119
-0.61013907 -6.9534855 -0.3125121 123
-0.39528412 -6.9123125 -0.3154113 122
-0.16965453 -6.8657827 -0.32367623 84
-0.07378263 -6.7653041 -0.33391243 15.5
-0.24103805 -6.2476797 -0.35812652 0
0.61650389 -6.1788926 -0.31887797 25
-1.0293294 -6.0551648 -0.35279882 1
-0.804196 -6.0584936 -0.34833342 2
0.82962126 -5.9456453 -0.31283337 22
1.4303308 -5.9945235 -0.30852997 25
0.22579361 -5.5450153 -0.33839884 5
-0.66026866 -5.4220991 -0.34451461 3
-0.086723559 -5.3211498 -0.33093143 2
-0.026760111 -5.1361327 -0.32415152 3
0.15281874 -5.1649919 -0.35942116 5
-0.070772417 -5.0419331 -0.37959948 0
0.66099215 -5.0134406 -0.34885275 10
-0.019537533 -4.9438214 -0.36850664 2
-0.61833829 -4.8576345 -0.36446658 3
0.82654351 -4.7390962 -0.3323701 9
1.3064077 -4.7492385 -0.32729858 10
0.3357631 -4.5544472 -0.35730258 8
0.69377255 -4.5185175 -0.31289223 9
1.8286028 -4.5012946 -0.30931014 12
2.0353935 -4.5316305 -0.30002597 9
-0.6927287 -4.478642 -0.33890843 33
-0.52512103 -4.4716578 -0.3637242 4
-0.055411495 -4.4534631 -0.353196 3
-1.0432024 -4.3700533 -0.38347873 9
-0.75464439 -4.344913 -0.36617732 19
-0.0051970421 -4.3082733 -0.34733617 7
0.27152333 -4.2595377 -0.37270489 8
-0.68552709 -4.1754751 -0.39048803 9
-0.51400232 -4.1273513 -0.38202444 8
0.086258054 -4.153533 -0.38539079 1
0.12283188 -4.1151128 -0.37906104 5
0.69058955 -4.1309385 -0.33748087 8.5
1.4119929 -4.1662288 -0.31449136 11
0.82536298 -3.9477592 -0.34486589 8
1.2310841 -3.9682105 -0.34315583 10
-1.158067 -3.8630068 -0.35961837 1
-0.43526471 -3.8253441 -0.37881187 7
0.41386461 -3.8061812 -0.36473861 8
0.611485 -3.8641727 -0.33244923 9
1.8493429 -3.80425 -0.31936949 10
-0.026540274 -3.7818034 -0.36566174 8
1.6807102 -3.7862508 -0.32536951 10
0.018275684 -3.6585662 -0.35886201 7
0.35477623 -3.6063335 -0.37885222 8
-1.0809895 -3.5356579 -0.39932325 17
-0.55898654 -3.5378571 -0.39449859 7
-0.4272238 -3.5518045 -0.39221492 8
0.19546945 -3.5350363 -0.3895328 1
0.22472216 -3.5124741 -0.38469848 5
0.61274886 -3.5749938 -0.33285886 8
0.71051645 -3.5140648 -0.36843804 8
1.2969432 -3.5522985 -0.30908763 9
1.3336761 -3.551641 -0.31595004 8.5
-1.1286952 -3.4264176 -0.36785707 16
-0.36627209 -3.3326454 -0.38940635 8
-0.01039339 -3.3179593 -0.37808624 7
0.55056518 -3.3811445 -0.34792164 8
0.82547122 -3.3845417 -0.35459095 7
1.1754193 -3.3927209 -0.35323393 7
-1.3072813 -3.2594457 -0.39373699 7
-1.2766531 -3.2467015 -0.32823515 5.5
-1.0273452 -3.2716045 -0.38849422 28
0.027754566 -3.2225935 -0.37206861 7
0.46962932 -3.2984142 -0.37393469 7
1.5691433 -3.2482162 -0.33661342 8
1.7138016 -3.273066 -0.33195308 8
2.3489707 -3.2359748 -0.30268878 26
-1.152144 -3.1146779 -0.36385906 21
0.41614297 -3.1516452 -0.3873291 7
0.55468559 -3.1674457 -0.34845504 7
1.1765347 -3.1346097 -0.32100725 9
2.1119175 -3.1681399 -0.3178232 13
-1.0846767 -3.0787253 -0.39972949 26
0.27667275 -3.0728974 -0.39240524 4
0.30090246 -3.0702245 -0.38989681 6
0.50297117 -3.0033402 -0.3604939 8
0.72619611 -3.0662582 -0.37689933 9
1.2629741 -3.0868716 -0.3414847 10
-1.3802015 -2.9450412 -0.34043169 0
-0.31293175 -2.9456475 -0.39816895 7
0.0036614151 -2.9391055 -0.38730606 6
0.8273012 -2.9774206 -0.36533922 10
1.1367341 -2.9756634 -0.36343062 9
-1.3548918 -2.889375 -0.39629892 14
0.036841653 -2.869647 -0.38292116 6
0.51057875 -2.8632901 -0.37027657 9
1.069973 -2.8340111 -0.33682755 8
1.493304 -2.8731892 -0.34883994 9
1.6176825 -2.8837862 -0.34428981 8
1.9846947 -2.814708 -0.33336261 10
2.1923232 -2.8675373 -0.31975842 10
0.34945649 -2.7189579 -0.39413542 6
0.46308631 -2.7806563 -0.3909649 9
0.73910189 -2.7204301 -0.38276988 9
1.2191991 -2.7495778 -0.35337785 8
1.7133011 -2.7816193 -0.30722666 9
0.015106475 -2.643239 -0.39537603 5
0.46506506 -2.6907003 -0.36995089 7
0.82668024 -2.6362746 -0.36998159 8
1.1055682 -2.6448171 -0.37079328 8
-1.5328487 -2.5587463 -0.37946677 15
0.043766387 -2.5846872 -0.39059097 7
0.47013885 -2.5551965 -0.36941603 8
0.54725176 -2.5831354 -0.38463032 9
0.97822905 -2.5617092 -0.34702793 12.5
1.4327321 -2.5681663 -0.35835522 11
1.5564432 -2.5610116 -0.33828056 9.5
1.6191497 -2.5523279 -0.31634259 11
1.8665285 -2.5003114 -0.34022561 10
-1.4072728 -2.4095602 -0.38393179 22
0.38740909 -2.444423 -0.39921933 6
0.42107368 -2.4419405 -0.38692632 8.5
0.50067788 -2.4834707 -0.3929773 12
0.74787992 -2.4295363 -0.38571075 12
1.1796227 -2.4614203 -0.36057967 11
-1.5302901 -2.33375 -0.36113602 4
0.040405679 -2.3571019 -0.39719397 9
0.43946123 -2.3173859 -0.37521377 11
0.57382327 -2.3287199 -0.38874277 11
0.86029512 -2.3530092 -0.36681581 10.5
0.91105586 -2.3296032 -0.3508682 11
1.081454 -2.3781519 -0.37785792 9
1.3798821 -2.3071454 -0.36316243 12
1.4698915 -2.3300173 -0.34034571 12
-1.5424025 -2.2589149 -0.3991383 13
-1.4416447 -2.2620971 -0.3785212 22
-1.3019807 -2.2878332 -0.38873082 46
0.42837915 -2.2069185 -0.392537 7.3333335
0.53185952 -2.2311513 -0.3932806 9
1.1461298 -2.2174444 -0.36447015 11
1.7807451 -2.2600191 -0.3484681 11
-1.3434137 -2.1634908 -0.38901046 44
0.41397005 -2.1297047 -0.38211203 9
0.59623253 -2.1162171 -0.39113098 13
0.75554842 -2.1956315 -0.38898268 13
0.83641189 -2.1497099 -0.36790442 13.333333
1.0584809 -2.1465507 -0.37980139 13
1.3570608 -2.15575 -0.33753887 11
1.4240618 -2.1002553 -0.36625537 10
-1.4287419 -2.0485964 -0.39969814 37
0.38813618 -2.0464032 -0.38877308 10
0.47900802 -2.0163543 -0.39989927 11
0.55736995 -2.042696 -0.39692819 12
0.7630322 -2.0077364 -0.39208153 12
1.1218756 -2.028729 -0.37008178 12
1.280835 -2.011704 -0.34394282 11
1.3372905 -2.096127 -0.36869943 15
1.7087235 -2.0607719 -0.35576975 12
-1.6607956 -1.9013402 -0.35686523 0
0.39323711 -1.9531552 -0.38562962 9
0.61547929 -1.9396452 -0.3935864 11
0.78817451 -1.9909719 -0.36930048 11.5
0.82844728 -1.9710535 -0.38432673 12
1.0419776 -1.9620981 -0.38401014 12
1.2501557 -1.9954108 -0.34784389 11
1.3413541 -1.9191737 -0.37187266 12.5
-1.6452167 -1.8704376 -0.3925972 9
0.37136567 -1.8543514 -0.39252749 9
0.7514202 -1.8503222 -0.38180438 12
0.82810855 -1.8109852 -0.38601169 12
1.096517 -1.8519953 -0.37166619 11
1.1736847 -1.8635511 -0.35462445 11
1.200422 -1.8816423 -0.35166773 10
1.6241281 -1.8454928 -0.35019082 26
-1.6779022 -1.7633804 -0.37142345 5
0.35339552 -1.7598178 -0.39767677 10
0.66550201 -1.7591001 -0.38969266 12.5
0.7401858 -1.7226241 -0.38836363 11.5
1.0541711 -1.7591202 -0.3821252 11.5
1.1202543 -1.7628465 -0.36069393 11
1.2696667 -1.7600951 -0.37488848 11
1.3408712 -1.7622943 -0.37345144 11
-1.7039011 -1.6045433 -0.37029976 2
-1.676955 -1.6690633 -0.37536895 5
-1.5799239 -1.6335318 -0.38905466 15
0.35732293 -1.6941969 -0.39544579 9
0.66007423 -1.6321641 -0.38844833 13.333333
0.82916075 -1.6809572 -0.390073 13
1.0499024 -1.6452253 -0.37617579 11.75
1.2454208 -1.6320809 -0.3795881 13
1.3112944 -1.6345788 -0.37898698 10
1.4747413 -1.6094347 -0.34997848 16
1.5130558 -1.6186428 -0.3333866 52.5
-1.6330737 -1.5770143 -0.38178656 10
-1.5369995 -1.5166751 -0.38478717 38
-1.4850428 -1.5675285 -0.38800019 34
0.34353843 -1.583825 -0.39948449 11
0.63680422 -1.5269856 -0.3888678 12
0.77672923 -1.5739062 -0.3969945 13
0.82913178 -1.5599089 -0.39234585 16
0.99847794 -1.5585752 -0.37333918 13
1.0106659 -1.5654953 -0.38251469 12.5
1.254297 -1.5194931 -0.3825016 14
1.3948361 -1.517767 -0.35263196 10
1.4487814 -1.5609381 -0.35006103 11
1.5187042 -1.5679014 -0.30607963 150
-4.2993002 -1.4339082 -0.39317396 104
-1.7604089 -1.4577172 -0.36154005 1
0.60958189 -1.4449464 -0.39331234 3
0.78105074 -1.4659723 -0.39780402 15
0.82810754 -1.4468483 -0.3905924 16
0.94819242 -1.4448963 -0.38127962 8.8000002
1.0529381 -1.489696 -0.38484579 16
1.230406 -1.4107018 -0.38285184 14.5
1.3401026 -1.4532819 -0.35835496 10.333333
1.4491626 -1.4179196 -0.32903367 25
-4.3222961 -1.3617738 -0.3673926 116
-2.2444935 -1.355074 -0.31853151 4
-2.0622869 -1.3386674 -0.38821852 1
-1.7725606 -1.384333 -0.37288642 5
0.57736182 -1.3462008 -0.39759699 3
0.78415704 -1.3710108 -0.39910495 2
0.86105388 -1.3474879 -0.38763845 2.6666667
0.99007392 -1.3556617 -0.3980296 16
1.0351031 -1.3486708 -0.3880581 9
1.1933315 -1.3152511 -0.37822676 10
1.2475901 -1.351764 -0.37204143 9.5
1.4612902 -1.3534077 -0.37697285 13.5
-4.3476038 -1.2491568 -0.32946411 117.5
0.56296402 -1.2833558 -0.3998574 3
0.82515854 -1.2468426 -0.38830277 3.75
0.98097098 -1.2654321 -0.39721298 4
1.019536 -1.2247137 -0.39002946 21
1.1435187 -1.2349641 -0.37700728 3.2
1.2245175 -1.2484899 -0.39249972 3
1.4670445 -1.2559732 -0.33759671 10.75
1.5288062 -1.2175329 -0.35700721 3
-4.3758726 -1.150092 -0.38157663 125
0.76713645 -1.1403959 -0.39468035 3.25
0.8290894 -1.1602765 -0.39422995 2.5
0.97246563 -1.1556964 -0.39897805 3.5
1.0459286 -1.1445237 -0.3844088 3.4000001
1.166707 -1.126942 -0.39295509 7.3333335
1.2032118 -1.1630127 -0.38957968 10
1.3652827 -1.1029046 -0.36760384 3
1.4343022 -1.1590363 -0.36704648 7
1.532962 -1.1689892 -0.31947815 6.5
-4.3994455 -1.0477643 -0.35649315 116
0.71848208 -1.0458411 -0.3989594 4
0.83131969 -1.0707924 -0.3984524 3
0.96047747 -1.0330446 -0.39078128 3.5999999
1.006191 -1.0844371 -0.38918781 4
1.1360979 -1.0419978 -0.39312339 3
1.2539465 -1.0211289 -0.37567914 3
1.3187213 -1.0696517 -0.37058273 3.5
-4.4304171 -0.94677699 -0.33427709 126.5
0.88403255 -0.93834591 -0.39803448 4
0.9381299 -0.97483891 -0.3965714 3.6666667
1.1509002 -0.9428854 -0.38295826 3.2
1.204533 -0.97334069 -0.37908134 3
1.3835551 -0.90903163 -0.37669858 3
1.449661 -0.93775243 -0.36948052 3.75
1.5651511 -0.94987112 -0.34723714 4.0714288
-4.4519567 -0.84385049 -0.3132219 115
0.83585656 -0.87377101 -0.39727113 4.1999998
0.98088723 -0.80921108 -0.39187503 3.5
1.0510613 -0.85954309 -0.3914946 3.1666667
1.1377807 -0.84869039 -0.38757777 3.5
1.2427988 -0.82924795 -0.3828834 3
1.3460515 -0.8560667 -0.37808532 2.5
1.4511777 -0.87500554 -0.36906144 3.3333333
1.5700597 -0.85186034 -0.33633995 4.5
1.606299 -0.81000692 -0.34101915 6
-4.4724302 -0.77552241 -0.30053815 122
0.72537392 -0.72628635 -0.39881748 5
0.87993813 -0.71507537 -0.39817765 6
0.93874931 -0.75106972 -0.39572889 4.25
1.0612969 -0.72161543 -0.38997671 3.25
1.1413281 -0.75077832 -0.38998681 3
1.2442963 -0.7712822 -0.38402551 3
1.3413914 -0.73725194 -0.39194444 3
1.4880111 -0.73026073 -0.38393247 2
1.5586641 -0.78539515 -0.36676866 4.5
1.6156507 -0.74698287 -0.37225109 3.5
2.0949664 -0.7108736 -0.36879444 0
2.2576909 -0.72754955 -0.36502653 7.5
2.3465836 -0.75153691 -0.36138132 6.6666665
0.85985917 -0.66030037 -0.39843869 5
0.95865846 -0.63483089 -0.39575016 4.818182
1.0338612 -0.67493773 -0.39325336 3.5
1.1041532 -0.67364955 -0.39718989 6
1.240939 -0.64361453 -0.397138 7.5
1.3185189 -0.64988625 -0.39764017 3.5
1.4587749 -0.64721209 -0.39018106 3.3333333
1.5806766 -0.64221817 -0.38343167 3
1.6305861 -0.65576482 -0.33456048 5.75
1.7144341 -0.62782705 -0.37332797 10.5
1.8757515 -0.60252839 -0.36989972 1
2.0540285 -0.65089095 -0.36927572 9.5
2.198741 -0.62756771 -0.36963892 9
2.2585831 -0.65401375 -0.36554059 8
0.87307221 -0.58876419 -0.39839721 5
0.92104197 -0.58499783 -0.39812317 4.5999999
1.2600487 -0.54681355 -0.39330804 4.6666665
1.4255601 -0.54354453 -0.39685446 4
1.5524658 -0.56095976 -0.38732767 3
1.6828576 -0.52864236 -0.38627473 4.3333335
1.746367 -0.5892272 -0.33954999 9.666667
1.8534552 -0.53941828 -0.37536728 10.333333
1.9835669 -0.51802737 -0.37544876 11
2.0142565 -0.58140886 -0.37200251 11
2.1524632 -0.55319971 -0.36862007 8
2.2292573 -0.55951738 -0.36843947 8
0.36401665 -0.42576823 -0.38412827 3
1.1850629 -0.43341574 -0.39526603 6
1.2612131 -0.44088733 -0.39544973 6.25
1.3887907 -0.4403601 -0.39709246 5
1.5219197 -0.45973009 -0.39138487 3
1.6472038 -0.44528249 -0.38765523 4
1.8142171 -0.44668326 -0.37632814 6.3333335
1.9573399 -0.4475199 -0.37959948 5.6666665
2.0961351 -0.42501196 -0.37172738 9
2.1554468 -0.45521292 -0.37079063 8
0.67356992 -0.33832577 -0.39433563 2
1.2445725 -0.34699982 -0.39700022 5.75
1.3528543 -0.3405126 -0.39224941 5
1.4964876 -0.34542605 -0.39514711 3
1.5038222 -0.39359939 -0.3926338 3
1.6169828 -0.3488884 -0.3911024 3.4000001
1.7842925 -0.35077602 -0.37701976 2
1.9218647 -0.35398409 -0.38123173 7
2.0778706 -0.35468283 -0.37303916 8.5
2.145488 -0.34810376 -0.3738983 8
-0.37821865 -0.22804873 -0.38670859 2
0.38534519 -0.29256243 -0.32434303 2
0.54917377 -0.24883981 -0.3465949 2.3333333
1.23631 -0.24773099 -0.39867052 5
1.3377329 -0.25181577 -0.39611089 6
1.4814112 -0.254296 -0.39526871 3
1.5915688 -0.25025088 -0.39266771 2.5
1.7735257 -0.25302276 -0.38049075 3
1.8969365 -0.23892641 -0.38367987 10.333333
1.9006597 -0.25814736 -0.38390875 7.5
2.0639427 -0.24939673 -0.37522647 8.5
2.1266224 -0.25621054 -0.37398732 7.75
-0.13411209 -0.13164693 -0.34726402 1
1.3249829 -0.1572782 -0.39716923 5.8000002
1.4697869 -0.1477779 -0.39102286 3.5999999
1.5826373 -0.15088229 -0.39593625 2.8333333
1.7798967 -0.15036517 -0.3838504 2.5999999
1.8888462 -0.14643428 -0.38452074 8
2.0687654 -0.15041184 -0.37529367 4.5
2.1305966 -0.15919533 -0.37579203 7.75
1.3217866 -0.047713965 -0.39895463 5
1.4841665 -0.055561025 -0.39376688 5.6666665
1.583998 -0.037625011 -0.39769691 3
1.7935132 -0.072756201 -0.38489974 2
1.8514763 -0.055473454 -0.38576961 4.75
1.905975 -0.03019627 -0.38638869 5
2.0861077 -0.078634411 -0.37605566 4
2.1448596 -0.046526331 -0.37759286 7.5714288
1.326347 0.03965823 -0.39958033 5
1.4967622 0.008896606 -0.39334366 3
1.555266 0.041727975 -0.39779755 3.6666667
1.6035962 0.083556302 -0.39881897 3
1.8418934 0.050426506 -0.38619572 1.6
1.9362141 0.054608475 -0.38810456 6.5999999
2.1581707 0.037339006 -0.37835106 7
2.2130082 0.0659431 -0.37669119 6.3333335
0.039420821 0.16736606 -0.35411611 8
0.45137271 0.18994744 -0.36197159 2.4000001
1.3390346 0.13269958 -0.39842042 5.5
1.561766 0.15543023 -0.39907578 2.3333333
1.8914478 0.13352646 -0.38776928 6
1.9558828 0.15928441 -0.38834909 4.1999998
2.0038517 0.18957305 -0.3886078 7
2.1950958 0.10566899 -0.37956616 6
2.2490721 0.15017511 -0.37709907 6
2.3022501 0.19434056 -0.37496048 6
-2.030571 0.23804912 -0.39768854 3
-1.9503959 0.26523232 -0.37190831 26.5
-1.8378862 0.28613988 -0.34096247 25
-1.7551049 0.28951636 -0.33560112 5
-0.23633948 0.2313624 -0.39192998 2
-0.049951635 0.237527 -0.35528681 2
0.44340363 0.21561125 -0.35881352 1
1.6503967 0.25082055 -0.39887673 3
1.9750761 0.24998431 -0.38724604 5.3333335
2.0437088 0.25052813 -0.38871107 4
2.2818837 0.2133753 -0.37714034 6
2.3437819 0.25328705 -0.37608486 4.5999999
-1.7288537 0.3165161 -0.32134318 0
-1.6673731 0.33253849 -0.32162195 6
-1.5629724 0.36303985 -0.30713201 8.666667
-1.4952941 0.39391866 -0.30585158 8
-0.27591631 0.36493325 -0.32381794 3
1.6788791 0.34078872 -0.39875311 2.5
1.7134138 0.35772836 -0.39801654 2
2.0580323 0.33120504 -0.38636351 4.75
2.120698 0.37624156 -0.38508165 6.25
2.3796186 0.31840485 -0.37347513 4
2.4445007 0.34763187 -0.37371555 4
-1.4489391 0.41064081 -0.30194074 8
1.752443 0.44396022 -0.39708143 1.7142857
2.1644223 0.44393554 -0.38482395 5
2.222013 0.47667012 -0.38559791 5
2.4782948 0.40341714 -0.37260377 4
2.547652 0.44767934 -0.37002933 3.2
-1.3070707 0.59360862 -0.34799039 5
-1.2783889 0.54529542 -0.31768376 7.1999998
1.7901324 0.50552428 -0.39925101 1
1.8345932 0.55636925 -0.39869899 4.1999998
2.265533 0.54520953 -0.38234234 4.5999999
2.3355422 0.59999913 -0.38224474 4
2.6491425 0.5328564 -0.36998495 3
2.7046282 0.55918205 -0.37003487 3
3.3875651 0.57431072 -0.31661609 27
3.4087553 0.53771728 -0.3036131 10
-1.3113923 0.6384626 -0.34736529 2.5
1.8795865 0.61867082 -0.39764905 6.5
1.9243706 0.67713892 -0.39740697 3.5
2.3644509 0.63647085 -0.38139117 4
2.4165518 0.68223858 -0.38159657 3
2.7593956 0.60832906 -0.37092757 4
2.8314743 0.65831447 -0.37124079 4
2.9604475 0.68570125 -0.35813904 11
3.050139 0.67732775 -0.3546885 5
3.1660776 0.67326832 -0.35378334 6
3.2684379 0.66256058 -0.35054791 9
3.3596792 0.62611991 -0.33728856 25.5
-1.3422886 0.73844957 -0.33991823 1
1.9692172 0.73831707 -0.39629522 6
2.0007372 0.75463742 -0.3973358 5
2.185019 0.7082147 -0.39197221 2
2.2445748 0.71164197 -0.39011726 2
2.344152 0.71701509 -0.38856423 3
2.4649 0.72808772 -0.38280693 3
2.5393047 0.75011045 -0.38031924 3
2.6886971 0.7249195 -0.38114551 4
2.7437098 0.71345192 -0.37359279 4
2.8709404 0.70806807 -0.36892977 4
2.9483373 0.75980389 -0.34469941 12.285714
2.0591052 0.84028119 -0.39598116 5.25
2.2665794 0.80641305 -0.39314744 0
2.3375976 0.8145566 -0.39008409 2
2.423526 0.82631952 -0.38938409 3
2.5579233 0.83805293 -0.38750952 3.5
2.6326962 0.86589426 -0.38409159 3.6666667
2.7449908 0.8574295 -0.38060266 4
2.8895879 0.86314535 -0.37384936 5
2.9465272 0.82977462 -0.32838532 18.333334
2.1351178 0.94070166 -0.39475369 3.6666667
2.2029793 0.98087502 -0.39038035 2
2.7439969 0.95494682 -0.38050207 3.3333333
-1.3152623 1.0433104 -0.36113161 9.25
-1.2596807 1.0593985 -0.34846503 15.714286
-1.179252 1.0795786 -0.35844892 15.222222
-0.8315348 1.0773009 -0.35084131 11.375
-0.76578903 1.0835658 -0.34857258 17.375
-0.67875105 1.0761169 -0.38997361 15
1.1509209 1.0842386 -0.34023809 4.9166665
2.2394376 1.064443 -0.39183685 1.6666666
2.7856841 1.0083084 -0.37922764 3
2.8726923 1.0677863 -0.35250008 9
-1.1468954 1.1034898 -0.32331583 15.333333
-1.0404135 1.1221997 -0.35421506 16.4
-0.98485529 1.1196189 -0.39280337 13
-0.64219868 1.1211239 -0.3418563 22.846153
-0.55254883 1.1372334 -0.35786545 29.333334
-0.46937269 1.1525514 -0.3465572 20.888889
-0.33677655 1.1966673 -0.35318983 14.5
0.79551482 1.1841578 -0.32242656 9
0.85039926 1.1667314 -0.35011578 9.4444447
0.94154954 1.143042 -0.34406304 9.125
1.0625093 1.1082317 -0.35905784 8
1.1141046 1.1038955 -0.37628719 5
1.3903881 1.1626514 -0.33196834 150
2.349544 1.1331547 -0.38801551 0
2.8891647 1.1358523 -0.34809676 4.5999999
2.9234686 1.144725 -0.35264781 4
-0.31285027 1.2181246 -0.34231737 13.571428
0.37946516 1.289302 -0.37314451 27
0.45115051 1.2721109 -0.34493199 10.25
0.55163825 1.2487717 -0.37604871 6.25
0.64724088 1.2215796 -0.34613478 10
2.8473315 1.2578021 -0.34344709 5
2.9723301 1.2407738 -0.3272053 3
-0.17510928 1.3426603 -0.34185448 18.833334
-0.018736482 1.611124 -0.37430072 16.5
0.092859104 1.6360282 -0.37090889 68
0.18018752 1.6463736 -0.38233328 113
0.24013428 1.6689503 -0.33923945 106.75
0.31478029 1.6941667 -0.33672881 66
2.4229774 1.6561189 -0.3991701 2
0.35922927 1.7086742 -0.36701214 76
0.43415368 1.7268169 -0.38157272 79.5
0.55024117 1.7560581 -0.34303498 71
2.5138211 2.0672426 -0.38839874 3
2.3955233 2.4468644 -0.32107973 1
2.4304497 2.4845774 -0.37707821 0
2.8056626 2.8982675 -0.35389596 6
2.8001597 2.9562867 -0.3035906 7
-1.300595 -7.1485262 -0.27183825 99
-1.1893929 -7.1514869 -0.29115826 90
-1.12297 -7.0841293 -0.2770294 127
-0.91099566 -7.0839806 -0.28618336 104
-0.77991122 -7.050663 -0.20280108 105
-0.78495836 -6.9749122 -0.22036579 117
-0.52262408 -6.9523196 -0.22559988 119
-0.45104629 -6.9046283 -0.25925279 42
-0.39895254 -6.905324 -0.25680622 74
-0.40282917 -6.8923774 -0.29018182 126
-0.31601083 -6.8727779 -0.2519455 121.5
-0.12417965 -6.8315163 -0.21098179 119
0.065815046 -6.786387 -0.24476691 124
0.55111247 -6.6610994 -0.20540106 117
0.96392792 -6.5120716 -0.23327106 85
1.6927278 -6.2254653 -0.25309381 28
0.95392776 -6.0730352 -0.25783992 25
2.0700705 -5.8617611 -0.22056746 28
2.0721514 -5.6433606 -0.29275027 22
2.1067114 -5.6670833 -0.20070896 57
2.2932246 -5.5517201 -0.27019396 21
0.80782235 -5.4394264 -0.28584749 11
1.5387487 -5.063921 -0.29541627 9
2.8056858 -5.0618711 -0.24373609 20
0.79594451 -4.9238534 -0.29193291 10
1.7405765 -4.76371 -0.25228485 13
2.7047462 -4.3828053 -0.20603812 31
-1.0183245 -4.2214093 -0.27381596 28
-0.94109625 -4.2838812 -0.21830031 18
2.5298429 -4.2978973 -0.28267279 16
1.4724039 -4.07268 -0.28628415 12
1.5193981 -4.0461063 -0.2759082 11
2.4055669 -3.9284067 -0.24688649 14
2.4768269 -3.8682673 -0.23594278 13
-1.1239108 -3.6672759 -0.25581899 33
2.2773557 -3.6226978 -0.2998125 11
2.4220729 -3.4667962 -0.25556895 32
2.0886173 -3.3868577 -0.26670545 11
2.1670437 -3.3863647 -0.26018408 14
-1.2677585 -3.1553898 -0.25136045 22.666666
1.8845462 -3.0605507 -0.28979284 8
1.9463912 -3.0507159 -0.2819021 8
-1.2876291 -2.9956107 -0.23245385 29
-1.3449216 -2.8292675 -0.2617777 39
1.7647114 -2.7730653 -0.29969785 7
-1.4748485 -2.4205418 -0.26098645 72
-1.5200424 -2.2026241 -0.26452893 30.5
-1.5105224 -2.1519279 -0.25180438 24.333334
-1.537496 -2.0508609 -0.22611329 36.5
-1.6043301 -1.8342271 -0.25783348 41.666668
-1.6334858 -1.7036966 -0.25983047 40.666668
-1.7039082 -1.4199134 -0.25143859 42.5
-1.6806284 -1.4892222 -0.28733063 2
1.4634444 -1.4435731 -0.26125047 24.6
-2.2274907 -1.3510786 -0.25784281 19.666666
-2.0331869 -1.3078734 -0.25168395 22.666666
-1.7221173 -1.3408022 -0.25132647 40
1.4647712 -1.3575407 -0.23430102 28.6
-1.9391317 -1.2862077 -0.25748646 26
-4.3823929 -1.139447 -0.29481104 124
1.5290915 -1.1232692 -0.25793761 6.3333335
3.2938728 -1.1662954 -0.26741934 8
-4.3973403 -1.0633814 -0.2732347 123
1.5410706 -1.0656965 -0.23714018 7.3333335
3.2647245 -1.0565603 -0.23551878 12
-4.4269476 -0.948699 -0.24220006 126.5
1.5761223 -0.90646619 -0.28923163 4
3.2392161 -0.95341289 -0.20829441 10
-4.4538088 -0.83355325 -0.21285498 122
1.5860982 -0.86021018 -0.26841336 4.5555553
1.6013777 -0.81588978 -0.25450441 0.5
-4.4856558 -0.70533586 -0.28789681 122
1.5859178 -0.76320523 -0.24210505 2
1.6053658 -0.74532413 -0.24487437 4
-4.5044546 -0.63603538 -0.27633002 108
1.6233827 -0.6654008 -0.23983113 6.6666665
1.7229189 -0.62052935 -0.2572602 12.8
-4.5265923 -0.56666332 -0.26612654 109
1.7715995 -0.59004939 -0.2526679 12
-4.5507317 -0.45927346 -0.25267202 110
-4.5804462 -0.35276991 -0.2402927 126
0.3383055 -0.37094837 -0.2932198 2
-4.3249502 -0.26187629 -0.21834746 33
0.33658651 -0.24799775 -0.22970253 1
0.46712989 -0.22452497 -0.23026864 1.7
0.53609622 -0.22463048 -0.26425683 1.5
0.60379934 -0.20207879 -0.29266354 1
-4.2764516 -0.15589742 -0.20638293 109
-0.33976793 -0.14280291 -0.21641175 1.5
-0.22746608 -0.14833987 -0.25879604 1
-0.17905152 -0.12920365 -0.24824195 0.875
-4.2996182 -0.052490793 -0.2003065 101
-0.16431975 0.1571606 -0.23155303 2
-0.0631717 0.15763783 -0.27396494 1.5
0.38065243 0.18024288 -0.22937466 2.3333333
0.42750469 0.18031774 -0.26191545 1.4
3.7839267 0.1965699 -0.22220385 117
-2.0022864 0.25208843 -0.28296256 29
-1.9353017 0.27084133 -0.27363306 22
-1.8664618 0.27583501 -0.23408133 23.666666
-1.7780523 0.29738206 -0.23060097 19
0.32700342 0.20243043 -0.28206062 4
3.3546798 0.25088748 -0.21145442 5
3.7658696 0.24207635 -0.23099136 82
-1.7419631 0.3163467 -0.22758695 7.5
-1.6553173 0.34331861 -0.24047725 8
-1.5468695 0.37649456 -0.26366997 8.25
-1.4951968 0.39495111 -0.25944245 8
-0.24703068 0.33645362 -0.28167072 2
3.4267402 0.38009864 -0.25052881 90
3.5165701 0.34971258 -0.24642485 150
3.7218409 0.32930019 -0.25056764 22
-2.0103669 0.40865687 -0.24697909 7
-1.4308685 0.41594693 -0.25796834 8
-1.3468146 0.45059666 -0.26865897 8.583333
-1.2749437 0.48388404 -0.27323636 8.7142859
3.3994584 0.49692193 -0.28799567 87
3.4131107 0.43850881 -0.26855499 91.5
-1.2620928 0.54032224 -0.24314941 8.125
3.3702111 0.56158155 -0.21579561 41
-1.3075888 0.65757853 -0.27898505 5
-1.2886339 0.61792475 -0.25562301 6.6666665
3.0255997 0.69527262 -0.27630413 9
3.3586814 0.64350027 -0.24820526 31.5
-1.3282228 0.74404091 -0.25896123 2
2.9977593 0.72304928 -0.29129511 29
3.3424382 0.72254753 -0.28302085 47.5
-1.3719662 0.84354383 -0.22734022 0
2.9468665 0.88005686 -0.26501897 35
2.9356704 0.94326347 -0.23855104 30.888889
-1.3008232 1.091135 -0.21812622 14
-1.2758499 1.0807443 -0.26539528 13.272727
-0.91885036 1.0835074 -0.26840425 11
-0.86288255 1.0883578 -0.2881285 13
-0.79548502 1.0973742 -0.27931273 17
1.1544918 1.0827676 -0.26956603 4.3333335
1.2134745 1.0746372 -0.27468374 1
2.8896925 1.0782416 -0.2183311 43
2.9204345 1.0303264 -0.28542158 42
-1.2092041 1.1130029 -0.23880048 15.333333
-1.167788 1.1267493 -0.23037367 14.5
-1.0413904 1.1544598 -0.25125322 16.454546
-0.98902029 1.1540018 -0.27391985 13
-0.83604628 1.1179558 -0.22758867 12.857142
-0.77201819 1.114332 -0.25854674 13.5
-0.63937229 1.1560048 -0.23878638 26.916666
-0.54523891 1.172965 -0.25432855 23.4
-0.46443039 1.1860218 -0.26112139 21.444445
-0.39608794 1.1807233 -0.29326063 15
0.77136672 1.1894135 -0.24050899 9.3999996
0.85838896 1.1642009 -0.25291422 9
0.95934188 1.14197 -0.25462523 8.2666664
1.0356668 1.1202112 -0.24340668 8.6000004
1.2765058 1.1266569 -0.25169739 3
1.3269688 1.1339748 -0.24949211 8.833333
2.8563077 1.1416197 -0.26392594 33.666668
-0.46049383 1.2041512 -0.22504671 25
-0.31980026 1.2609519 -0.25732103 11.666667
0.37810883 1.2810514 -0.26903561 14
0.4345291 1.2707053 -0.24702604 10.833333
0.54516274 1.2472718 -0.24745125 10
0.68794155 1.2124774 -0.28515059 10
0.72577167 1.2034659 -0.25779441 10
2.8610446 1.2238436 -0.25459209 4.25
2.9320319 1.2191133 -0.27804101 3
-0.30987498 1.3103623 -0.22509381 12
-0.16374852 1.3685099 -0.25131401 17.5
0.066085361 1.5974853 -0.20031029 0
0.30343908 1.5472275 -0.2612246 151
0.14756893 1.6505388 -0.25610605 79
0.27893737 1.6825227 -0.27763742 22
2.4185765 2.2565348 -0.2520971 0
2.7987418 3.0222852 -0.2524972 7
-1.0510898 -7.1088471 -0.16699134 100
-1.1386142 -7.0873046 -0.12182553 124
-0.77563757 -7.0420141 -0.16196749 114
-0.63654995 -6.9729605 -0.14654429 125
-0.52681637 -6.9194708 -0.10688056 43
-0.45427313 -6.9214816 -0.13907108 97.5
-0.41364163 -6.8953848 -0.13455565 122
-0.05688582 -6.826519 -0.15456198 122.33334
0.012272274 -6.8261433 -0.19539455 111
0.004393375 -6.7944345 -0.14082772 118
1.0876867 -6.5465727 -0.14512934 137.5
1.4258853 -6.448154 -0.1979875 111
2.1546292 -6.2394009 -0.19795582 73
2.274961 -6.2237 -0.13067442 87
0.77197206 -6.1175232 -0.19240418 16
2.3568392 -6.1596823 -0.11626107 79
1.5861627 -5.9978275 -0.1087805 28
2.2975371 -5.7884736 -0.15898731 29
2.9026129 -5.4442716 -0.15178789 22
-1.0173652 -4.2125554 -0.17936924 27
-0.96338516 -4.2305818 -0.11105305 19
-0.98747581 -4.0967641 -0.1543636 25
2.6390338 -4.0465202 -0.15338278 22.5
2.5230391 -3.8696575 -0.12747011 26
2.5573795 -3.7068448 -0.10851182 29
-1.1318092 -3.6634438 -0.17519668 34
2.4699585 -3.6591527 -0.19497171 29
-1.2763815 -3.1672838 -0.16912207 35
-1.2723039 -3.0369909 -0.18632697 28
-1.3111087 -2.9016106 -0.18876402 31
-1.2970271 -2.9316158 -0.14562243 29
-1.341563 -2.8269725 -0.14734843 33.5
-1.3575523 -2.7326114 -0.10416424 30
-4.0280294 -2.5388165 -0.17004465 91
-4.0488625 -2.4631886 -0.12512136 89
-1.4920228 -2.4635286 -0.15766361 150
-4.0654511 -2.3763528 -0.10650864 96
-1.5248225 -2.19749 -0.16755736 51.5
-1.5335271 -2.0336962 -0.18100804 30
-1.559257 -1.9416952 -0.15599768 32.333332
-1.6048532 -1.8464439 -0.15617914 47
-1.5776058 -1.8824992 -0.11784737 30.5
-1.6383978 -1.7018789 -0.147159 45.666668
-2.2835689 -1.4075427 -0.10808754 16
-1.7024046 -1.4350158 -0.14085284 45.666668
1.4370521 -1.4359156 -0.1700962 26.333334
-2.2076569 -1.3449337 -0.1823366 24
-2.1832314 -1.3496891 -0.12285254 22.666666
-2.0437911 -1.3188369 -0.14195137 25.166666
-1.9587475 -1.3148042 -0.13942768 15
-1.8895265 -1.3045385 -0.15309294 7
-1.7267312 -1.3442025 -0.14801408 45
1.4835693 -1.3334087 -0.18017073 8.333333
-1.9135529 -1.279243 -0.16927882 30
-1.8685359 -1.2830126 -0.13632339 16
1.4965369 -1.2645202 -0.13521732 7.75
1.5067737 -1.2368052 -0.12497501 7.5
3.2518306 -1.2059699 -0.13581018 52
1.4988856 -1.1961069 -0.13913585 7
1.5142182 -1.1436225 -0.15234333 6.6666665
3.2435286 -1.1308624 -0.12623435 50
1.5317391 -1.0374689 -0.16006404 4
3.2367091 -1.0561986 -0.13530439 48
1.5646769 -0.94655633 -0.15518756 4.4444447
3.2466893 -0.95950019 -0.11108319 15.5
1.5675718 -0.87179869 -0.11367693 2.3333333
3.2227199 -0.87799007 -0.19119683 15
-4.4729409 -0.75744104 -0.19568971 114
1.5931309 -0.73547047 -0.15882915 0
1.6073204 -0.70058668 -0.18546247 4
3.047322 -0.7568869 -0.16604039 67.5
-4.5117607 -0.64167577 -0.17154127 120.5
1.5975456 -0.66500384 -0.12381405 1
1.6419009 -0.62901747 -0.14337811 2.4782608
1.7384129 -0.60656464 -0.16590239 9
3.0472586 -0.65305495 -0.14807887 61.333332
-4.5314221 -0.52208686 -0.14944702 110
1.6692165 -0.59432882 -0.10524966 5
1.7541538 -0.58075505 -0.15492858 19.666666
3.0738816 -0.55708098 -0.13659349 36
3.1406105 -0.50882596 -0.13438807 53
-4.5577655 -0.44290245 -0.13583906 113
3.1712811 -0.47262341 -0.13338579 29
3.3429344 -0.43811989 -0.13861454 5.5
-4.5843911 -0.36271214 -0.1244472 111
3.3493884 -0.35130447 -0.13715206 6
-4.453907 -0.27199256 -0.10929261 33
0.38110009 -0.21976635 -0.18098292 2
0.41813734 -0.22234318 -0.17266911 1.625
3.3702836 -0.26732305 -0.13976534 8.5
-0.32709399 -0.13950209 -0.12850189 1.060606
-0.27295893 -0.13354467 -0.15541801 0.64705884
0.40656564 -0.19741549 -0.16291629 1
2.751092 -0.14250669 -0.11262134 57.5
-0.23628327 -0.094774276 -0.1454878 0
2.7544777 -0.077064075 -0.11782178 51.5
3.2393184 -0.033272956 -0.15082414 7
-4.3264146 0.050494641 -0.19601001 99.5
2.9732521 0.058270589 -0.14939453 47
3.2183454 0.0063013104 -0.15533292 5
-4.3493004 0.15541044 -0.19311893 102
-0.40264592 0.17654127 -0.11244459 1
-0.31983283 0.15840822 -0.12849437 1.1111112
-0.27277136 0.14949927 -0.14135383 0.89130437
-0.15964603 0.14948124 -0.17312525 0.83333331
2.9833136 0.11154173 -0.15968761 33
3.2949176 0.19158642 -0.10365087 21
-4.3695345 0.22679161 -0.19262883 96
3.3420048 0.25943023 -0.1208393 5
-4.4107795 0.37358356 -0.19467574 106
-4.3916793 0.30021536 -0.19322523 111
-1.6373874 0.34919098 -0.19791868 34
-1.5544418 0.37785554 -0.19293082 8
3.4281988 0.3552925 -0.14814566 65.5
-4.4204364 0.44776925 -0.19646579 95
-1.442629 0.41617712 -0.18884631 8
-1.3392611 0.45693907 -0.16725001 8.5
-1.2623177 0.48800376 -0.15076725 9.333333
3.3981805 0.46019667 -0.17945592 48
3.415045 0.4197076 -0.16644335 93
-4.2617779 0.50164044 -0.19177282 48
-4.0664325 0.54378337 -0.18434404 47
-1.2443238 0.55414319 -0.12647177 8
3.3968928 0.50228512 -0.19414249 21
-1.2765558 0.64973754 -0.14429107 8.25
3.0013628 0.68193328 -0.12578209 15
3.3464384 0.67741722 -0.10819294 84.5
-1.3144479 0.74982697 -0.16286005 4.5
-1.2819839 0.70120996 -0.11923312 7
3.0093908 0.75759292 -0.15345094 23.666666
3.314785 0.73097247 -0.12776536 14
-1.3366719 0.84824061 -0.16623136 0.5
2.9552088 0.85290956 -0.16186675 19.333334
2.9209416 0.97055864 -0.16720852 31.5
1.1892571 1.0750757 -0.10681131 8
1.2169744 1.0670115 -0.15052266 7.6666665
2.8853898 1.0548569 -0.13832459 14.2
2.9110594 1.0191329 -0.16517493 21
-1.3058194 1.1127536 -0.13542254 14
-1.23708 1.1274341 -0.1530192 13.727273
-1.1538376 1.1459013 -0.15564696 13.333333
-1.0448748 1.1802634 -0.15658753 16.4
-0.94088018 1.1481968 -0.19562973 12
-0.82533723 1.1442931 -0.13926136 12.3
-0.75587666 1.1466742 -0.15769528 13.75
-0.65403014 1.1776576 -0.14845295 16.700001
-0.57348174 1.1802709 -0.17714339 16.5
0.77793437 1.1900434 -0.16906543 9.4285717
0.83741224 1.1766407 -0.14652275 9.6000004
0.943151 1.1429908 -0.15709405 8.875
1.0575628 1.1212388 -0.15353818 5.5714288
1.1146879 1.1198894 -0.11550967 6
1.2930734 1.1294653 -0.11677128 19
1.3270403 1.1310054 -0.17009777 29.666666
-1.0446019 1.2027538 -0.10223734 18
-0.63788337 1.2027233 -0.1187205 30
-0.5176962 1.227929 -0.11222802 10
-0.47018242 1.2217109 -0.15416287 15.636364
-0.39714485 1.2346095 -0.19485345 10
0.4720529 1.2685798 -0.17533544 10.4
0.53451103 1.2540771 -0.13754095 10
0.64287621 1.226336 -0.14514826 10
0.72396749 1.2054046 -0.14587215 9.333333
-0.32152674 1.3504093 -0.15434323 14.571428
-0.18542893 1.3908134 -0.16663912 19
2.7833936 1.3659458 -0.11385855 13
-0.18322778 1.4040546 -0.12209453 19
2.7765067 1.4486431 -0.15843965 5.3333335
2.7902181 3.0803161 -0.19808221 6
2.7803497 3.1353531 -0.14318551 6
-0.91652113 -7.0741253 -0.044916321 100
-0.77819467 -7.0243158 -0.044003282 121
-0.67287624 -7.0046978 -0.042189635 115
-0.78914696 -6.9690232 -0.067144334 120
-0.63946724 -6.9718375 -0.022335403 119
-0.5641641 -6.9541421 -0.088230446 121
-0.33425367 -6.8539152 -0.096495435 125
-0.19321024 -6.8465881 -0.053747665 123
0.083121076 -6.8012986 -0.075405911 117
0.13125527 -6.7924247 -0.078664109 112
0.48198768 -6.6782656 -0.057668123 118
1.3577281 -6.4563713 -0.056479905 92
1.1729864 -6.3279338 -0.013070238 34
1.1848789 -6.2855711 -0.054120485 39
2.3478208 -6.2023125 -0.042117428 125
0.70701838 -6.1201882 -0.058229532 15
2.3797913 -6.1967602 -0.02761941 135
2.4692824 -6.1509185 -0.015042228 90
1.9908398 -5.8433928 -0.052552935 39
3.0091846 -5.8687143 -0.045366656 26
-1.0204499 -4.2216668 -0.086288914 29
-1.0116454 -4.0486612 -0.057592321 22
2.5757451 -4.0871949 -0.052392129 25
-1.0311587 -3.9327111 -0.096323416 27
-1.0559946 -3.8757498 -0.0083625885 26
-1.0722936 -3.7767208 -0.041366186 29
2.5330579 -3.7062459 -0.053572547 29
-1.1402293 -3.6437757 -0.054936279 34
2.4650252 -3.3947933 -0.044998754 29
-1.2778782 -3.173002 -0.064863518 35
-1.3585479 -2.8044977 -0.044587079 38.5
-1.3468589 -2.7468171 -0.072954178 28
-1.4214078 -2.6325591 -0.017638493 49
-1.3768995 -2.6605034 -0.052248806 35.5
-1.5013076 -2.4861298 -0.049613334 150
-4.0735641 -2.384737 -0.07387273 103
-4.1091819 -2.2217302 -0.048516441 98
-4.090435 -2.2992377 -0.056380674 98
-4.1278296 -2.1424785 -0.021058965 109
-1.5328922 -2.1895969 -0.048119068 50.666668
-1.6046487 -1.8529965 -0.054124754 48.666668
-1.5863677 -1.8254516 -0.092509516 30.5
-1.610157 -1.739749 -0.051296469 25.666666
-1.5961477 -1.7948716 -0.069672674 36
-1.6360035 -1.6836333 -0.026056087 28
-1.703627 -1.4450818 -0.046297461 44
-2.3046644 -1.3879371 -0.081321105 6
-2.2009361 -1.3696159 -0.09939225 20
-2.1923409 -1.3396025 -0.05236591 22.666666
-2.0278883 -1.3049175 -0.054471489 26.666666
-1.7300515 -1.3407882 -0.04623989 44.5
-1.8929453 -1.2752392 -0.042022128 29.5
1.473974 -1.2688342 -0.054877486 17.75
1.5048429 -1.2221241 -0.099629104 7
1.4993149 -1.1906352 -0.019654136 7
1.5165553 -1.1528249 -0.066396207 7.5555553
1.5359195 -1.0503856 -0.019623589 6
3.2520726 -1.0351114 -0.082368799 13
1.5553919 -0.9329319 -0.049185649 2.1666667
3.2117715 -0.92558455 -0.05545551 23.5
1.5597587 -0.88947445 -0.039169852 0
3.2196872 -0.85467768 -0.072808705 18
3.3125448 -0.82497102 -0.054558583 12.5
3.4481864 -0.81037021 -0.016460329 9.5
1.6069216 -0.73004735 -0.045528289 2
3.4537723 -0.79794753 -0.075839594 6
3.5507324 -0.77147692 -0.071737096 5
3.647398 -0.7663027 -0.035132393 9
1.5898411 -0.65623426 -0.079006135 0
1.6205873 -0.65156972 -0.040690169 4
1.705103 -0.61015856 -0.095571756 1
3.557826 -0.66866368 -0.060179096 0
1.7603161 -0.57662398 -0.083056159 12.5
3.4588108 -0.54706889 -0.051013809 15.333333
3.4604864 -0.44909316 -0.046463367 19
3.4441702 -0.35063919 -0.045839932 19.666666
3.4202151 -0.25397888 -0.047922287 20
-4.2806168 -0.14469439 -0.090181895 104
-0.30957583 -0.1507962 -0.085258007 0.60000002
-0.26625305 -0.1444118 -0.054834768 2.0877192
2.7508154 -0.14202932 -0.040026046 58
-4.309124 -0.028504053 -0.078443065 103
-0.25343579 -0.068776995 -0.093342409 0
0.55814737 -0.0060403207 -0.00031586306 0.42054576
2.7256112 -0.087843493 -0.044005077 58
2.8027449 -0.055826593 -0.049450163 81
3.3105505 -0.022997707 -0.065760553 24
-4.3247232 0.048593212 -0.072118491 96
-0.28408161 0.015375641 -0.0015155673 0
2.9630871 0.073604971 -0.072594769 47.5
3.1078579 0.018297741 -0.066410169 150
-4.3464179 0.12774992 -0.067694813 96
-0.32702509 0.16850297 -0.05056766 1.6875
-0.26212797 0.16628247 -0.046559166 5.4000001
3.0355194 0.13427591 -0.085995093 126
-4.3758945 0.24895729 -0.061907053 99.5
-1.8487312 0.27309278 -0.059730172 25.333334
-1.7980129 0.29489967 -0.022407953 29
-0.31736603 0.204886 -0.0034241201 0
3.5985084 0.2664836 -0.0028497586 150
-4.4048185 0.37216344 -0.058893692 101
-1.7562923 0.31432381 -0.060107443 6.3333335
-1.6547749 0.34126306 -0.052072722 7
-1.5483875 0.37999928 -0.056001697 3.8333333
3.4255118 0.35742486 -0.022031888 82
3.7131097 0.3240988 -0.010509779 150
-4.4264956 0.45632449 -0.058069203 116
-1.4453347 0.41663271 -0.066885553 8.3999996
-1.3509938 0.45397833 -0.06736917 8.4285717
-1.2590286 0.49099338 -0.058549225 8
3.3832538 0.49894145 -0.055525731 89
3.4056301 0.43942025 -0.040034033 87.5
-4.256175 0.516711 -0.05680408 44
-4.0595818 0.56785542 -0.054052185 44
-1.2248356 0.5469209 -0.076076761 8
3.3728876 0.55892646 -0.071936615 94
-1.2574549 0.6617524 -0.049935035 8.5
2.9285593 0.6678437 -0.0096258335 62.5
3.3596706 0.6189214 -0.08971104 93
-1.2810646 0.75353897 -0.015824597 7.5
2.9386003 0.75223762 -0.043391757 48
-1.3173565 0.84240103 -0.036042903 2.5
2.9303968 0.83060861 -0.080047786 36
1.1616197 1.0913733 -0.044095248 8.454545
1.2082596 1.0767275 -0.026223028 8.666667
2.8663836 1.0849557 -0.083486848 4.5
-1.3183796 1.1341633 -0.043082908 14
-1.2238556 1.1566752 -0.058200609 13
-1.199008 1.1584325 -0.099060237 9
-0.92787617 1.1404829 -0.066774726 11
-0.84832352 1.1651176 -0.045553457 10.25
-0.75306636 1.1729534 -0.071380198 8.75
-0.64688736 1.1966515 -0.080691233 18.333334
0.76947969 1.1948893 -0.047134209 9.3000002
0.88146895 1.1660008 -0.059329789 10
0.9335593 1.1574235 -0.044855416 11
1.021531 1.1222745 -0.045065127 9
1.124789 1.1088078 -0.084009901 7
1.2736467 1.139012 -0.045253959 14.5
2.8687284 1.143405 -0.047626536 2.3333333
-1.0554905 1.208909 -0.04413987 15.5
-0.65838325 1.2169291 -0.02771946 12.888889
-0.56652194 1.2225426 -0.080113582 13.666667
-0.4844346 1.2576138 -0.047873542 13.375
-0.3866258 1.2903494 -0.010025706 11
0.57520378 1.2497083 -0.073855326 10
0.66233003 1.2247515 -0.047431652 9.5
0.7327801 1.2059276 -0.052092902 9.666667
2.7950225 1.2653937 -0.061836295 43
2.920013 1.2701511 -0.034367222 28
-0.33513048 1.3931818 -0.06122959 16.166666
2.7626967 1.3499184 -0.052709039 20.5
-0.32175615 1.4122571 -0.02229448 18
-0.18828142 1.4271479 -0.044312652 18
2.7349825 1.4448308 -0.0547131 6.5
2.781805 3.2083344 -0.08635059 5
-1.1553923 -7.0924549 0.034280095 131
-0.90989631 -7.0622249 0.049998581 120
-0.83196586 -7.0264487 0.083910219 121
-0.78336579 -7.0393777 0.077185743 92
-0.79258382 -6.9761395 0.088145778 121
-0.60013884 -6.9284415 0.043874461 41
-0.5267067 -6.9460716 0.053385526 97
-0.42441815 -6.9003925 0.020070702 126
-0.32615131 -6.8785248 0.044585288 126.66666
-0.26812661 -6.8615575 0.089553535 118
-0.067926697 -6.8040962 0.006517238 116
0.22684205 -6.7582564 0.038989112 124
0.41431588 -6.687449 0.087387182 116
1.2993231 -6.4782176 0.095033906 139
1.3149179 -6.4702311 0.053367656 104
1.582872 -6.3820915 0.015206668 85
2.0213966 -6.2644243 0.073191918 71
0.64227819 -6.130857 0.075017229 14
2.2736714 -6.1894007 0.092092797 84
2.5720723 -6.1029177 0.087289885 93
3.0061746 -6.0417962 0.080320545 110
1.2351518 -5.967216 0.086961284 33
2.331233 -5.6623564 0.068913683 84
2.6348932 -4.329916 0.031303637 23
-1.0244722 -4.2328377 0.052381951 21.5
-1.0959847 -3.7169876 0.036593817 27
-1.1296149 -3.6274507 0.036726471 32
-1.1367944 -3.5802002 0.079216681 26
-1.1458101 -3.4989507 0.05593887 31
2.4420435 -3.3933749 0.0060808798 26
-1.2793531 -3.1767199 0.039399184 37
2.3713489 -3.1177368 0.032981686 43.5
-1.3645655 -2.7932932 0.045756437 37
-1.48274 -2.6419027 0.015859842 41.5
-1.5117145 -2.5407166 0.064658009 148.5
-1.4726528 -2.5055506 0.053538613 108
-1.5038737 -2.492836 0.031963058 150
-1.4646127 -2.3737385 0.076030746 32.5
-4.1164503 -2.2173731 0.00062137382 107
-4.1355929 -2.1333182 0.035779871 109
-1.5396671 -2.1759038 0.069599152 42.5
-4.1551175 -2.0596514 0.037436351 107
-4.1874442 -1.9545763 0.044716425 107
-4.2163563 -1.8391596 0.081034541 110
-1.6060034 -1.8571942 0.048971273 48
-1.6550909 -1.6685224 0.040896159 30.333334
-1.7058331 -1.4519758 0.050266635 42.333332
1.4513003 -1.4335935 0.051205073 12.75
-2.2092757 -1.3498713 0.061573494 19.333334
-2.1958401 -1.3421664 0.0038671484 22
-2.0438728 -1.3093621 0.041838698 24
-1.7356329 -1.3334783 0.053681031 39.666668
1.4548981 -1.3547614 0.065910392 18.714285
-1.8911904 -1.2766712 0.055818934 29.333334
1.4833034 -1.2423949 0.042602491 12
1.5142584 -1.1064684 0.091270298 7
1.5277926 -1.0418684 0.04023752 6.8571429
1.5423958 -0.95762479 0.04990967 6.25
1.5682248 -0.84441715 0.060785335 2.75
1.5808003 -0.7914989 0.049054652 0.5
3.6831222 -0.74660653 0.0045124246 7
1.6278839 -0.63161933 0.016749907 7.5999999
1.7104185 -0.61561388 0.048401859 15
3.3617671 -0.6227752 0.010941594 4
3.582531 -0.62341672 0.018353876 16
1.6556076 -0.59347469 0.013980559 3
1.746114 -0.57462549 0.049845655 30.285715
3.562685 -0.54642284 0.025449071 20.5
3.5795853 -0.47652972 0.031892478 22
3.6030872 -0.43163475 0.035028569 27
3.5970263 -0.33469704 0.038705289 32
3.6004267 -0.38366738 0.037920903 29
3.5950627 -0.28673124 0.040878549 27
2.7465274 -0.13890071 0.029979058 45.333332
0.58380592 -0.0064888019 0.0019348291 0
0.60250098 -0.00085664331 0.0041171019 0.5699482
2.7819941 -0.072812729 0.028424989 115
3.5399594 -0.03010514 0.032368392 48.5
-0.32717511 0.012053676 0.091496088 0.60240966
-0.26172888 0.0057927174 0.012326199 0.32516339
2.9529719 0.04757591 0.020851018 48.5
-0.32677075 0.11602626 0.0097089512 0
-0.28236657 0.171397 0.0036900348 5.4000001
2.9632759 0.10149978 0.015385556 47
3.4726059 0.16793439 0.012066237 107
3.4959545 0.21382919 0.0053067645 29
-1.4328808 0.41708902 0.086631857 6.6666665
-1.3362318 0.45414791 0.067829594 9.666667
-1.2416091 0.48291841 0.048628718 11.666667
-1.1772412 0.49562487 0.036309082 13
-1.2167693 0.54401344 0.058313839 10
-1.1826984 0.54220778 0.062961794 11.166667
3.4315138 0.56407595 0.076268524 50.5
-1.2296731 0.64733529 0.036929376 8.75
3.2176695 0.68182755 0.016147237 110
3.3919396 0.67828375 0.034304559 45
3.4258609 0.6363315 0.052628804 55
-1.2540408 0.75446987 0.047424894 6
-1.3002602 0.85808527 0.030509051 0
-1.3237321 0.93272758 0.01477086 2.5
2.8600671 0.96570545 0.078126974 119
1.1631597 1.0835617 0.041333158 8
2.8564553 1.046587 0.04646074 86
-1.3383318 1.1528231 0.058015492 13.5
-1.2379653 1.1831114 0.051227018 14.222222
-1.1544279 1.1896878 0.020723632 12.333333
-0.91138393 1.1682091 0.012243784 11
-0.84598845 1.1908206 0.028671 10.5
0.79044479 1.1883618 0.012297581 10
0.83918619 1.1830382 0.050868601 11.444445
0.98300487 1.1440991 0.0321429 9.7142859
1.0515546 1.1242404 0.057392418 9.636364
1.2660255 1.1498742 0.02354713 16
1.3323027 1.1448921 0.054026797 8.666667
2.8396807 1.1216638 0.012536479 85
-1.1228877 1.2268925 0.097236454 11
-1.0700873 1.2307119 0.049795941 14.454545
-0.98594755 1.2394432 0.030171368 13
-0.84058136 1.2064844 0.077908345 9
-0.74504608 1.2077065 0.031899847 8
-0.66213989 1.250031 0.058931112 11.5
-0.527538 1.2726405 0.049790606 9.6000004
-0.46689573 1.2864639 0.042027075 10
0.65715867 1.2259333 0.046093911 9.3529415
0.72131836 1.2108833 0.052533217 9.3000002
2.7906733 1.265342 0.064330295 38
2.8631282 1.2573967 0.091280676 24
2.7626801 1.3197351 0.025852239 45.5
-0.34023398 1.4202449 0.054866962 16.428572
-0.23291057 1.4354386 0.075689413 12.75
-0.18999287 1.4415261 0.050960582 15.5
2.7455382 1.4395726 0.076615751 3.5
2.8826318 1.6589369 0.068714179 0
2.9914474 1.6718619 0.0034872023 10
2.9962819 1.7087775 0.034304023 11
2.5285144 2.4761143 0.017891478 1
2.8473852 2.934541 0.063517876 6
-1.172237 -7.1036029 0.18936734 138
-1.0415306 -7.0871367 0.14543124 121
-0.96645242 -7.069592 0.17022572 126
-0.6528635 -6.9689965 0.18501157 78.5
-0.44175994 -6.9151502 0.14132379 123
-0.38766757 -6.9178033 0.17579722 113
-0.14260131 -6.8207078 0.15613337 117
0.34385204 -6.7250896 0.15185282 126
1.421432 -6.4233289 0.16126136 82
2.5922749 -6.1331468 0.17792052 142
2.6894038 -6.0972753 0.18910736 137
2.6967685 -4.5847497 0.12514128 18
-1.1561865 -3.616272 0.14297615 34
-1.1735837 -3.4484956 0.11901186 24
-1.2077889 -3.3238389 0.15570071 27
-1.1840655 -3.390028 0.10077681 31
-1.2284145 -3.2402334 0.16647133 28.5
-1.2698698 -3.1728084 0.15656014 33.333332
-1.3731654 -2.7840276 0.13637261 36
-1.5061784 -2.4912095 0.17028877 150
-1.4833261 -2.3043888 0.10263616 29
-1.5041451 -2.2443902 0.13243833 23
-1.4897461 -2.2644567 0.11853185 25
-1.5306665 -2.1447132 0.16786222 39.5
-1.5402781 -2.0266054 0.19868773 30
-4.1845002 -1.9721299 0.1011586 107
-4.2102022 -1.8450627 0.14763707 108
-1.6087221 -1.8580394 0.15296054 47.333332
-4.2381339 -1.7419693 0.14825968 114.5
-4.2618895 -1.6472536 0.13656111 122
-1.6490995 -1.6672529 0.14412668 53.333332
-4.2921238 -1.533782 0.16830465 117
-4.3078012 -1.4555523 0.18769142 120
-1.7081312 -1.4516945 0.14776914 44.333332
1.4219764 -1.4237337 0.15245754 27
-2.2218025 -1.3524189 0.14915048 19
-2.0741262 -1.3178349 0.15339002 24
-1.8912989 -1.3046016 0.19086581 20
-1.7277992 -1.3274915 0.14279516 29.625
1.4577371 -1.3308784 0.15165016 18.25
-1.905634 -1.2823699 0.18470883 25
-1.8676487 -1.2812921 0.14062619 25
-1.7584773 -1.284306 0.17049776 38
1.4839394 -1.2604891 0.13609409 9.8571424
1.4985534 -1.1637502 0.17515557 4
1.505619 -1.1536925 0.14958778 7.25
3.2349524 -1.1455907 0.11561117 43
1.5236061 -1.0643704 0.14594772 7
3.1673961 -1.0068909 0.13648488 44
3.202266 -1.0757726 0.12709214 34
1.541766 -0.94029695 0.16470209 7.6363635
3.145788 -0.94535363 0.14632176 40
1.5655433 -0.86391598 0.12153383 6.4285712
3.1248274 -0.85983372 0.15837261 41.5
1.5885172 -0.77228463 0.12784706 5.25
1.6036024 -0.73580748 0.1509288 8.333333
3.1756134 -0.79815942 0.17324005 39
3.2452667 -0.76497877 0.18419163 36
3.3240945 -0.7330361 0.19568475 37
1.6126654 -0.66240251 0.17080504 9.125
1.7075075 -0.61260635 0.19457917 12
1.6231441 -0.59539223 0.17429255 9
1.7020031 -0.58148193 0.19978641 17
0.57941782 -0.0076809158 0.10934391 0.0089485459
0.60759789 -0.0035618902 0.11255395 0
2.7153139 -0.051033039 0.15456159 78.666664
2.9207206 0.07073193 0.15385273 60
2.895427 0.11142661 0.14527376 48
2.9294319 0.17560871 0.13575906 20.5
-1.8358213 0.26594013 0.14548706 12
-1.7887679 0.28898022 0.13944681 36
-1.734956 0.31894112 0.164076 6
-1.6466862 0.34449783 0.15178683 8
-1.5439904 0.38088292 0.12898397 3.5999999
3.7354441 0.34886825 0.15884547 105
-1.4475625 0.41944486 0.14756833 3.5
-1.3502365 0.45330748 0.12728669 8.333333
-1.2618499 0.48232755 0.10756245 10
3.4712446 0.49594343 0.10074428 34
3.608815 0.46732989 0.12014189 150
3.7192461 0.42941412 0.13855948 98
-1.1657997 0.53856868 0.18330067 9.5
-1.2092521 0.67459106 0.17202216 8.5
-1.1960657 0.62327236 0.17774561 8
-1.2398894 0.75880265 0.16549386 8.5
2.9501731 0.77573699 0.15835886 72
3.0246162 0.75729895 0.17468798 72
-1.270545 0.84953713 0.15608826 6.5
2.8856378 0.87508464 0.11505962 110
2.916491 0.82541883 0.1367344 82
-1.314466 0.96207643 0.1452325 1
2.8735662 0.91014385 0.10045968 107
1.1509113 1.0936111 0.14504896 8.666667
-1.3722624 1.1712333 0.17567356 17.5
-1.2465727 1.1950446 0.11081605 13
0.78412735 1.1945463 0.15568236 9.3000002
0.83916938 1.1840934 0.1503486 10.222222
0.94516563 1.1553378 0.15070073 11.307693
1.0554205 1.1234002 0.13793592 9.375
1.1245745 1.1070284 0.14839229 9.666667
1.2849845 1.13509 0.17122935 14.666667
1.3243946 1.137741 0.11824568 13.5
-1.4066476 1.2210031 0.12488602 39.5
-1.3449084 1.2734584 0.15710644 15.666667
-1.2577677 1.2973267 0.14019269 8
-1.1836954 1.2560884 0.11784223 27
-1.0896513 1.2420502 0.11529756 13
-0.8704918 1.2319511 0.11197592 8.5
-0.67937231 1.2619882 0.10768335 11
-0.5547694 1.2767406 0.10154175 8
0.57912016 1.2447304 0.16779888 9
0.65481073 1.2260752 0.14092481 9
0.75869465 1.2055744 0.11244712 10
-1.1534096 1.3351232 0.16353278 22
-1.0360012 1.3533007 0.16706748 17.333334
-0.94606292 1.3740427 0.15587577 19
-0.72459924 1.3916947 0.13327998 12
-0.61008668 1.39394 0.13057046 9
-0.51534009 1.312796 0.12540321 6
-0.48925757 1.3049288 0.11234836 10
-0.39170843 1.3354329 0.10875226 8
3.1314633 1.3515096 0.12866619 48
3.2546914 1.3602614 0.16256873 27
3.3061094 1.329828 0.19190498 52
-0.81931353 1.4107668 0.18776868 14
-0.74051195 1.4253273 0.16900925 16.666666
-0.67133898 1.4512212 0.16596751 14.5
-0.52536893 1.4557071 0.15731062 16
-0.46433607 1.4948978 0.1629269 14
-0.33381277 1.4345496 0.11899704 13.2
-0.20627284 1.434014 0.12616159 13
-0.19235548 1.4323072 0.12893371 13
2.7335448 1.4701141 0.1238511 11
2.9857359 1.4544352 0.19432189 5
3.1005442 1.4812385 0.19810361 0
-0.52288431 1.5011978 0.18692838 21
-0.42791212 1.5131699 0.19280237 15
-0.36412901 1.5353644 0.16830847 18.5
-0.2562483 1.5623012 0.17614406 14.5
-0.19066858 1.5747844 0.16799869 17.666666
2.7427721 1.6300746 0.14574113 1
2.8939219 1.6062834 0.15922976 150
2.9797161 1.6947064 0.19653505 4
2.6402941 1.8915976 0.1076626 0
2.841064 2.9773898 0.12433711 6
2.8393822 3.024065 0.18728514 6
-1.1719362 -7.1070738 0.23893324 117
-1.1028334 -7.0886912 0.25834206 121
-0.75269186 -6.9888091 0.26910028 123
-0.57552147 -6.95262 0.2153589 119.5
-0.34396526 -6.8692741 0.22527808 123.5
-0.26657578 -6.8780551 0.27284315 111
0.34484002 -6.7016091 0.23604295 117
0.45975649 -6.6934004 0.26437402 127.5
0.57968336 -6.6327696 0.21504059 81
1.2231805 -6.4748511 0.22736624 76
1.4087307 -6.4372296 0.20415011 76
1.5347483 -6.4145608 0.27020723 133
1.9579198 -6.2864347 0.20912711 82
2.2053871 -6.1956248 0.22691351 80
2.9402769 -6.0536652 0.20962124 106
2.5933287 -5.795392 0.26587632 175
2.6164448 -5.5687799 0.26636219 51
2.7651081 -4.8667793 0.22982153 19
-0.91801542 -4.4006319 0.20715874 0
-0.94901925 -4.3326592 0.26721522 19
-1.0313096 -4.238987 0.28612125 30
-0.97025365 -4.2213798 0.25573453 24
-1.015785 -4.0392866 0.29984966 29
-1.1640254 -3.5856009 0.25979993 34
-1.2844141 -3.1791339 0.24975501 35
-1.2715247 -3.0707636 0.22015491 31
-1.2970014 -2.960721 0.25291824 32.5
-1.3244133 -2.8670833 0.28360763 32
-1.3798265 -2.7584486 0.25580707 32
-1.5056113 -2.4834559 0.2526601 150
-1.5518625 -2.1450958 0.25533646 55.5
-1.5430697 -2.0434179 0.21201001 28
-1.5660284 -1.9502788 0.23902445 29.25
-1.6103039 -1.8400793 0.2647635 32.666668
-1.5925632 -1.8735269 0.27227408 15.5
-4.2759757 -1.6437898 0.22161825 110
-1.6586634 -1.6512209 0.25074431 54.333332
-4.2840672 -1.5568035 0.24811368 117
-4.3093996 -1.4756981 0.27414975 118
-1.7104774 -1.4457504 0.2469545 49.333332
1.4185634 -1.4378804 0.24896106 18.5
-4.3520679 -1.305818 0.22541271 126
-4.2746582 -1.3671869 0.24903345 121.5
-2.2452779 -1.3580899 0.23878938 19.333334
-2.1417224 -1.3430085 0.26905894 20.333334
-2.0808628 -1.336236 0.24855261 22.666666
-1.967505 -1.3176163 0.23159975 23
-1.7439293 -1.3038182 0.23575369 45
1.4339182 -1.3755779 0.23630828 26
-4.3680615 -1.2285708 0.24257752 122
-1.9203531 -1.2861241 0.25837663 24.666666
-1.8537365 -1.2819122 0.21689634 24
-1.7498404 -1.29742 0.27742603 44
1.482066 -1.2255377 0.26267621 7.3333335
3.3760536 -1.212045 0.21318077 27
3.4157243 -1.2872308 0.20038025 67
-4.3926954 -1.1531417 0.25951716 130
1.494723 -1.1582936 0.24543504 7
1.5107718 -1.1230688 0.21265724 7.25
3.3405714 -1.1418816 0.22448744 43
3.5286441 -1.1606368 0.25440139 78
-4.4126077 -1.0768132 0.27449098 133
1.5200424 -1.021929 0.25277576 7.4000001
3.460633 -1.0772885 0.26205772 51
-4.4283357 -0.99956763 0.29026487 124
1.5392402 -0.95980984 0.2510975 6.181818
3.3779712 -0.96487379 0.27212372 150
1.5621332 -0.86643207 0.28766531 9
3.4253604 -0.89921534 0.29254812 150
3.4431155 -0.70813841 0.20998168 70
3.9108732 -0.75731421 0.24969558 8
1.6533394 -0.61091882 0.21753125 9
3.9262097 -0.63270038 0.25774676 14
1.6976384 -0.59533685 0.23654935 19
1.7453705 -0.56332707 0.24230008 38.200001
3.3890123 -0.58573014 0.21499237 4
3.9074345 -0.56520259 0.25907341 56
3.8787603 -0.46793202 0.2578721 63
3.8542967 -0.34275311 0.25459489 53.5
3.8303809 -0.25008973 0.2490458 78
2.7341745 -0.101619 0.2709904 42
3.8700252 -0.1930889 0.24859834 122
2.7092996 -0.045007765 0.26618403 56.5
2.7247949 0.0083601791 0.26560226 12
2.8733582 0.087577693 0.27929837 54
2.9092801 0.049214873 0.28638235 15
3.818213 0.042420391 0.22010033 89
2.8707454 0.14555585 0.27303421 53
-1.8224388 0.27741337 0.21106225 1
2.9198875 0.20822194 0.27221319 5
-1.77239 0.30308154 0.20274812 29
-1.5213504 0.37981454 0.29991949 10
-1.4849724 0.39808205 0.28894031 11
-1.4248236 0.41984445 0.2710205 10
-1.3364393 0.45402965 0.24390845 9
-1.2516397 0.48062447 0.23934662 9
-1.1976995 0.49318495 0.20033292 10
3.4205432 0.49405795 0.29393375 60
-1.2356902 0.50030541 0.27645689 8
-1.1593236 0.54403031 0.24603102 8.6000004
3.3945286 0.5851655 0.27256393 75
3.4149806 0.54006606 0.28417668 62
-1.1738211 0.6575315 0.23511997 8
3.3787117 0.65272558 0.25558624 88.5
-1.2123183 0.76811838 0.23122203 8
-1.1933252 0.72007263 0.23275928 8
3.37674 0.74769157 0.23237672 40.5
-1.2392702 0.84568155 0.22849338 8
3.5765481 0.87893355 0.22857551 150
-1.2769976 0.93727732 0.22583136 7
-1.3149554 1.0648407 0.26197013 5.6666665
1.1835355 1.0824214 0.25704211 8.5
1.2224805 1.0872166 0.21922278 9
3.2898188 1.0976791 0.28652781 8
-1.3437878 1.1291422 0.22772183 5.6666665
0.7538681 1.197859 0.23088178 8.75
0.87599462 1.1720489 0.24191217 9.7142859
0.94577801 1.153689 0.25378308 9.5
1.0516611 1.1260335 0.25066039 9.363636
1.1207533 1.106565 0.23292454 9.333333
1.2526731 1.1513815 0.23764935 18
1.3179065 1.1586093 0.25135463 7
3.099726 1.1237539 0.22358376 6
3.1948225 1.1132191 0.2543602 6
-1.3499426 1.2878053 0.24635689 17.142857
-1.2333292 1.2962205 0.27925292 1
0.54688579 1.2554303 0.25647986 9
0.62476152 1.234356 0.24010165 9
0.73232579 1.2067034 0.28062287 8.25
-1.1671979 1.3290219 0.24753836 19.799999
-1.0968467 1.3304988 0.2033284 16
-0.95120621 1.3845078 0.2523576 20.111111
-0.88178295 1.3982903 0.22611548 15
3.4088933 1.320016 0.22609477 20
-0.84048235 1.4085584 0.2570627 15
-0.74612051 1.4319947 0.24108079 20.375
-0.62968802 1.4682307 0.27531195 15
-0.54876453 1.4891636 0.25038451 17.4
-0.52713096 1.5011528 0.24177125 21.5
-0.45638168 1.5076737 0.24406762 15
-0.34914404 1.5365092 0.24845293 18.076923
-0.23681001 1.5660923 0.23917624 18.75
-0.18970978 1.5830096 0.22141021 22.666666
3.2130539 1.5744574 0.23460968 3
2.6949499 1.6947021 0.25483066 0
2.7503898 1.6549979 0.25822273 1
3.2104287 1.6353718 0.26730803 6.75
2.7522721 1.770053 0.29230538 0
2.9561033 1.7198975 0.25343472 101
3.0465856 1.7270435 0.28645355 33
2.8243067 3.0504797 0.24474122 5.6666665
-1.243093 -7.1307135 0.34858298 121
-1.1888599 -7.1027575 0.34549519 124
-0.84127575 -7.0263638 0.38964084 123
-0.80035681 -6.9723663 0.39865381 119
-0.72200984 -6.9794369 0.34056404 80.333336
-0.66450685 -6.9628539 0.30399701 125
-0.52317703 -6.9477077 0.31101513 59
-0.44468313 -6.9094405 0.3264249 124
-0.41603065 -6.8955307 0.39599347 121
-0.35291564 -6.8570304 0.3616257 126
-0.23878776 -6.8589377 0.30711371 115
-0.14342892 -6.846271 0.3894648 114
0.27526897 -6.719768 0.38467696 117
0.55313307 -6.660574 0.37125587 129.33333
1.5185512 -6.4132452 0.31107506 130
1.6361028 -6.3384724 0.37482494 87
2.1413736 -6.2109437 0.36155593 78
1.1135063 -6.00389 0.3515321 35
2.8633158 -6.0324955 0.33924559 26
2.9103844 -6.0356412 0.39116618 127
1.8293948 -5.9864283 0.33566934 76
2.7404432 -5.8846416 0.36964825 47
2.8489838 -5.1962161 0.34854528 22
-1.0312511 -4.2291241 0.3794868 28
-1.0003617 -4.1415486 0.30846441 24
-1.0473005 -3.973536 0.34623846 27
-1.0754539 -3.8429101 0.36157599 37
-1.1006994 -3.7252491 0.37928045 33
-1.1741582 -3.5668757 0.37639636 34
-1.2890722 -3.1808193 0.35625392 32.5
-1.3619527 -2.7628262 0.32356071 33
-1.4330268 -2.6406367 0.38169765 46
-1.3741293 -2.6845138 0.3414827 37
-1.5053266 -2.4766219 0.30890712 150
-1.4975176 -2.4538746 0.3618136 126
-1.5582378 -2.1259265 0.3466875 56.5
-1.61452 -1.844224 0.33103848 30.333334
-1.6664076 -1.6282884 0.35554901 50.666668
-1.6844825 -1.5091622 0.37735558 11
-2.3222299 -1.4107023 0.30292615 15
-1.7138335 -1.4354577 0.34706745 50.333332
-1.6906668 -1.4570796 0.38989756 30
1.4253987 -1.4283681 0.35135558 22.833334
-4.3375683 -1.3046381 0.32193658 131
-2.3113496 -1.3759354 0.39733607 16
-2.2845769 -1.3722063 0.33672506 16.75
-2.162751 -1.3456817 0.3365494 21.25
1.4546211 -1.3353364 0.38074481 14.75
-4.3792963 -1.2264203 0.34695616 124
-1.946066 -1.29243 0.35049716 25.333334
-1.762118 -1.2870101 0.34716657 38.25
1.4645562 -1.2493658 0.35323763 16.75
-4.3996425 -1.1423469 0.36963609 123
1.4882913 -1.162519 0.34470326 11.5
1.5085224 -1.1098 0.37568375 7
-4.4166617 -1.0562942 0.39007908 108
1.5219108 -1.0544944 0.33840868 7
-4.4532433 -0.92312443 0.30499089 125
1.5256565 -0.99068063 0.31253472 7
-4.4720421 -0.84580064 0.3180131 124
1.5645444 -0.84261733 0.31804761 7.5999999
3.5849702 -0.89319426 0.31868872 97
3.6646829 -0.85970742 0.33709171 18
3.8009865 -0.83855444 0.36012766 34
-4.4863677 -0.76656759 0.33045873 118
1.5856054 -0.74967891 0.33876231 9.7142859
3.5742896 -0.72426081 0.34236732 19
3.9533744 -0.753546 0.39283392 47
-4.5262232 -0.65033221 0.34882826 114
1.5962594 -0.68619198 0.35926831 9.5
1.6094099 -0.64175647 0.37703371 9.6000004
-4.5488267 -0.530442 0.36404201 115
1.6214658 -0.59522122 0.3690494 9
-4.577888 -0.45189002 0.37436965 113
-4.6002383 -0.37047389 0.38383225 112
-4.3932815 -0.27374646 0.37120837 33
-4.3116584 -0.11347418 0.37340507 109
-4.2919521 -0.18985052 0.3670395 113
-4.3238678 -0.036247496 0.37833446 106
-4.349936 0.041264493 0.38419658 107
-4.3718958 0.15932816 0.3880249 101
-4.416492 0.28185737 0.39398086 112
-1.7823539 0.28521016 0.37198114 10
-4.4231143 0.36299887 0.39278904 108
-1.7369584 0.30926985 0.35986471 8
-1.6435926 0.3363367 0.3346644 9
-1.559972 0.36960971 0.34881324 9
-1.4993328 0.39324072 0.36721668 9
3.7281775 0.36178994 0.35583895 97.5
-4.4388499 0.44531852 0.39416468 101
-1.4292033 0.41749388 0.34408605 9
-1.3478416 0.4477061 0.31701094 9
-1.2610869 0.47765025 0.35390329 9
-1.1838075 0.49250352 0.35564134 11
3.4367239 0.44798604 0.3042078 51
3.6954401 0.4364436 0.33987659 131
-4.2690377 0.50584441 0.3757917 55
-4.0656314 0.55568385 0.35379365 52
-1.127481 0.53091085 0.34324548 10
-1.1653453 0.65362209 0.33320352 8.333333
-1.2020953 0.7791307 0.33657879 8
-1.187061 0.73378724 0.33510619 9
-1.2323858 0.85979891 0.34126538 8.5
-1.256911 0.97007054 0.36603457 6.7142859
3.3473647 0.97993463 0.34502342 89
-1.3062818 1.0659108 0.33139968 5
-1.2896658 1.0285167 0.33340666 7
1.1566525 1.0906833 0.35245636 8.8571424
3.3188848 1.0538241 0.31124842 82
-1.3243009 1.143921 0.34725863 7
0.86194003 1.1679796 0.35602766 8
0.97060347 1.1497345 0.33234352 9.7142859
1.0507823 1.1238205 0.35438576 9.181818
1.126826 1.1054606 0.35039705 9.6000004
1.2856145 1.1530883 0.30099943 19
1.3247976 1.1426647 0.35098425 7.8000002
-1.3607523 1.2663258 0.34841999 46.142857
0.48691139 1.2719635 0.35789078 9
0.56078631 1.2513611 0.34204409 8.8999996
0.6882385 1.21841 0.38133037 8.75
0.71034926 1.2113073 0.3304649 8.5
-1.2059497 1.3325279 0.39716378 17
-1.1669283 1.3282956 0.34621385 20.5
-1.0324469 1.3639176 0.35016093 16
-0.96309817 1.3822081 0.34432143 20.5
-0.89831287 1.3918149 0.31330809 16
-0.80062395 1.4363744 0.38974106 21
-0.74852735 1.4433358 0.35543981 20.4
-0.65764743 1.4587569 0.33528367 15.2
-0.54757071 1.4910309 0.36319175 18.5
-0.49855179 1.4941024 0.36429086 15
-0.53556567 1.5010898 0.33339304 22
-0.45041686 1.5046257 0.32113981 15
-0.35658413 1.5450385 0.35439861 21.799999
-0.20678534 1.582863 0.34208441 22.5
-0.19418952 1.5771945 0.36471131 22
3.1843667 1.5797216 0.39259848 23
2.772218 1.664765 0.36342904 0
3.1833003 1.6566381 0.35520527 16.25
3.213515 1.6262764 0.30190045 6
3.1652684 1.7122416 0.37947643 25
3.2127962 1.7428398 0.33152479 29.5
2.853137 2.9347875 0.30319735 1
2.8140738 3.0771611 0.36830828 6
2.8366995 3.1453729 0.34976885 5
-0.97520512 -7.0563397 0.48538047 122
-0.83632022 -7.0222607 0.40788132 122
-0.67749125 -6.9759717 0.45942608 141
-0.45425129 -6.9064817 0.48115429 124
-0.3948493 -6.9008341 0.42690822 49
-0.29123655 -6.8449469 0.45672622 121
-0.13640854 -6.8383474 0.42301205 112
0.66704375 -6.4614449 0.47441739 35
1.6226162 -6.3461657 0.41614324 80
1.8243321 -6.2854519 0.48341769 52
2.0803471 -6.2363448 0.49873599 59
0.70084196 -6.1278605 0.4517777 16
2.809 -6.0674028 0.46955621 79
1.6879774 -5.9990382 0.45788145 31
2.9007902 -5.9960837 0.47805777 48
3.0132151 -5.9826188 0.48928374 85
2.8840976 -5.4276547 0.47505727 24
-0.95086032 -4.3259487 0.4743042 21.5
-1.0354646 -4.2332296 0.47447976 28
-1.1272709 -3.644809 0.41223305 31
-1.1604118 -3.5418231 0.43699536 33.333332
-1.1738188 -3.4464982 0.4488261 35
-1.2049031 -3.3514445 0.47681922 32
2.3531888 -3.3372321 0.48471981 24
-1.2340667 -3.2517707 0.49947208 33
2.3239913 -3.2099478 0.40246868 24
-1.293806 -3.1815054 0.46375108 33
-1.3926471 -2.7221847 0.43236467 32.5
-1.5345603 -2.6423595 0.43730041 60
-1.4782963 -2.645834 0.4248133 51
-1.4928391 -2.5494878 0.4498136 150
-1.4904706 -2.4271951 0.44176245 61.5
-1.4768057 -2.3425336 0.45412114 42.5
-1.506897 -2.2390907 0.46956792 39
-1.545372 -2.1411777 0.45200312 50.5
-1.5662615 -2.0988309 0.45950136 50
-1.6199688 -1.8368 0.44878328 43.666668
-1.6751403 -1.6078966 0.44185814 52
-1.6766609 -1.5610212 0.44102252 22.666666
-1.7141449 -1.4209366 0.44126406 43.400002
-1.6863105 -1.4665278 0.43837497 39
-2.3325932 -1.3745179 0.46243098 11
-2.2159095 -1.3522141 0.45403031 22
-2.1932247 -1.3499367 0.40629849 19
-1.9857421 -1.3036702 0.44826198 23
-1.7303807 -1.3421663 0.45247874 49.400002
1.4389826 -1.3172201 0.46276835 26.333334
-1.9795533 -1.2992798 0.44730103 24
-1.791039 -1.2765512 0.45294812 36.25
1.4667293 -1.252627 0.4362686 12.714286
1.495813 -1.1310862 0.46294916 5
1.5067084 -1.1235015 0.44048685 7
1.5140891 -1.0538493 0.45306644 5.5454545
-4.4453487 -0.97316265 0.41114262 114
1.5339022 -0.95363128 0.49346316 8
-4.4717302 -0.84357554 0.4387604 115
-4.5139399 -0.71588117 0.46619204 111
-4.5354099 -0.62779653 0.4836109 108
1.6981817 -0.60527217 0.4001281 12
1.7094675 -0.61412644 0.4445014 13
3.9526405 -0.66261017 0.40282959 49.5
-4.5482965 -0.5387668 0.49765098 105
1.6191537 -0.59303749 0.40448701 9
1.7345797 -0.56207561 0.44255397 31.333334
3.9658852 -0.54327774 0.41436905 66.5
3.9441776 -0.45071301 0.41731715 84
3.9224262 -0.35964546 0.41814375 87
3.8876877 -0.24051701 0.41533947 117.5
2.676753 -0.041934859 0.43753201 50
2.7459934 -0.086771153 0.45516181 31
2.6788154 0.022595333 0.4310585 58
2.7282481 0.088862352 0.43298191 44
2.7818723 0.13650484 0.43791834 42
2.816994 0.18363665 0.4375262 46
2.8585649 0.23360428 0.43773967 12
-1.7310838 0.31505564 0.4389455 31
-1.6452637 0.34925103 0.41309571 8.5
-1.4900447 0.38383022 0.48807317 5
-1.4426223 0.40084863 0.46842441 9
-1.351557 0.43734828 0.45018512 9.5
-1.2513161 0.48015073 0.45703313 9
-1.1731344 0.49335644 0.44169483 10
-1.1346449 0.53200471 0.44031879 9.125
-1.0911667 0.53435028 0.42802784 10.5
-1.1298871 0.63627183 0.44721162 7.75
3.4436588 0.66837794 0.46620965 52.5
-1.1617708 0.74849486 0.46957126 6.3333335
3.3693612 0.79101866 0.41369984 36
3.4003851 0.74312931 0.43482777 26
-1.2060909 0.87004912 0.44397527 7.1999998
-1.1863774 0.82432175 0.46475053 4.8000002
-1.2319527 0.9294675 0.42944089 7
3.5618567 0.93571794 0.41309536 108
-1.2678782 1.0662133 0.48590723 6
1.1709073 1.0949514 0.45773971 6.5
-1.3101031 1.1643851 0.43538895 14
-1.2856324 1.1155226 0.4628925 6
0.85330945 1.1722311 0.4598538 8
1.0524352 1.1236401 0.45089418 8.8999996
1.1155342 1.1105561 0.45083407 9
1.2706133 1.1509138 0.45588297 11.285714
1.3073491 1.1510129 0.43583882 6.5
-1.3378954 1.2566717 0.44715655 28
-1.2901901 1.2876672 0.47085547 11
0.44233847 1.2843664 0.45024303 8.875
0.52679169 1.260986 0.45287496 8.7142859
0.65509671 1.2253929 0.45418829 8.4285717
-1.2168798 1.3270745 0.46421203 17
-1.1746494 1.3334862 0.43423876 13.666667
-1.055357 1.3589281 0.44331101 27
-0.98046452 1.3825618 0.4501709 20.666666
-0.9306038 1.4055302 0.47541198 17
-0.85424078 1.4146467 0.44501323 19
-0.76067281 1.438871 0.45335892 19.111111
-0.64559478 1.4704672 0.45185366 18.5
-0.56606609 1.4889237 0.44319034 19.714285
-0.54738241 1.5020239 0.44680664 21
-0.36822727 1.5408013 0.44773254 21.4
-0.21429856 1.5812331 0.4404569 20.666666
-0.17415574 1.5854185 0.45165733 37.5
3.1998634 1.5285715 0.41485834 25
3.3493128 1.5231712 0.46870738 150
2.7525272 1.6945195 0.43392235 0
3.0467503 1.6956192 0.45128179 23
2.7544308 1.7173569 0.47110438 0
2.9612322 1.757077 0.40404168 5
3.0815485 1.7788547 0.45430839 40
3.164696 1.715304 0.47186673 25
3.2231534 1.7191765 0.42568654 21
2.9219561 2.827616 0.49734259 8
2.9815354 3.0924859 0.48906249 34
2.9136405 3.1084311 0.43170911 23
2.8394945 3.2238402 0.45324716 6
-1.2056881 -7.1099105 0.50159341 128
-1.1094546 -7.0933514 0.58901262 123.5
-0.97128052 -7.0623593 0.50057352 124
-0.82014573 -6.9911618 0.53077745 84
-0.78530931 -6.9827881 0.50605965 73
-0.48824048 -6.8955517 0.54881543 118
-0.35836595 -6.8680706 0.51674122 132
-0.27177009 -6.8668499 0.540712 45
-0.02002647 -6.8062234 0.51834726 113.5
0.20546576 -6.7299232 0.53426093 116
0.43935299 -6.6688981 0.50861967 117
1.0902586 -6.4853902 0.51120472 50
1.7350702 -6.3352265 0.52297145 127
1.8551216 -6.2777133 0.5860436 87
0.76997036 -6.10847 0.55250764 17
0.80462855 -6.0957217 0.55252439 17
3.027709 -6.0080676 0.58243442 129
3.130234 -5.9599628 0.59049875 115
-1.0386659 -4.2353425 0.56956202 25
-1.0023329 -4.1427526 0.50995934 27.5
-1.0480673 -3.9676902 0.54277605 30.5
-1.0902715 -3.8007097 0.5730356 42
-1.1855915 -3.532284 0.53005415 36
2.3882637 -3.4815602 0.57305139 18
-1.2394164 -3.2079337 0.5112648 36
-1.2777721 -3.1392975 0.53411603 31
-1.2947642 -3.0254781 0.54902607 25
-1.3199009 -2.913945 0.57084978 27
-1.2983875 -2.9905248 0.56638837 34
-1.3355502 -2.8501401 0.59222943 33.5
-1.3996718 -2.7019446 0.51963788 35
-1.404268 -2.6861179 0.57749957 43
-4.0606489 -2.5089447 0.58414948 110
-1.4921403 -2.4104881 0.55155826 42.5
-1.50511 -2.2352111 0.50421095 45
-1.5355864 -2.1245096 0.52681017 43.666668
-1.5680617 -2.0610709 0.54774582 48
-1.5805389 -1.9556055 0.56218565 15
-1.6292161 -1.8255574 0.55691916 46.5
-1.6866508 -1.5719544 0.56110495 53.333332
-1.7298253 -1.4091532 0.53362644 43
-2.3396692 -1.3812896 0.5543443 10
-2.259737 -1.3625112 0.52148616 22
-2.1076031 -1.3556042 0.59696895 23
-2.0299323 -1.3118032 0.55166769 21.333334
-1.993539 -1.3269701 0.55056971 24
-1.8959991 -1.3069911 0.51033884 33
-1.7346045 -1.397795 0.58594054 47
1.4252801 -1.3572861 0.5583567 26
-1.8286113 -1.270547 0.54352611 33.25
-1.7582774 -1.2800689 0.51728541 46
1.454601 -1.2611209 0.56432557 21
1.4844192 -1.1442486 0.54276621 16.5
1.4933248 -1.0883979 0.52630359 13
1.5407668 -0.92992926 0.51608872 8.25
1.5582527 -0.83780861 0.53548592 8.5
1.5762491 -0.74122471 0.55843514 9.333333
1.5938827 -0.65711439 0.5805462 9.3999996
1.6003231 -0.61159205 0.57202458 9
1.6082335 -0.58181244 0.57912141 9
3.3200202 -0.51093972 0.5863108 6
-4.5764427 -0.45063469 0.51233512 109
3.3023975 -0.44946539 0.58340067 6
-4.600143 -0.36053249 0.52643991 104
3.2911234 -0.38915393 0.58107781 5
3.3194294 -0.3358762 0.58649737 27
-4.4696918 -0.2613759 0.51988423 37
-4.2871685 -0.16359776 0.50697869 101
2.7892563 -0.14117269 0.59862965 53
-4.322598 -0.079418324 0.51809007 97
2.6934576 -0.031887773 0.57082677 84.5
2.7263663 -0.094642408 0.58074445 72
-4.3471746 0.051167864 0.53057015 98.5
2.7065134 0.050451979 0.57106733 93.5
-4.3800783 0.18280923 0.54143572 99
2.7607982 0.13742834 0.58046907 71.5
-4.3994122 0.27388704 0.54774231 96
2.8359187 0.20823061 0.59548074 8
-4.4237409 0.36499709 0.55380064 99
-1.7136933 0.30645758 0.5809983 30
-1.6652588 0.33145663 0.56083304 6
-1.5481628 0.36853361 0.54351854 18.333334
-1.4594632 0.39868394 0.5841977 8
3.7154853 0.38640076 0.59004772 103
-4.4469547 0.4591015 0.55791366 108
-1.4220976 0.41469395 0.55377716 9
-1.3477172 0.43768898 0.52367139 9
-1.2472363 0.4745591 0.51086533 9
3.7004371 0.44686714 0.57435584 107
-4.2727356 0.52795708 0.53476316 41
-4.0534382 0.58253139 0.50523007 43
-1.1748788 0.50015521 0.50403315 9
3.6742687 0.53616285 0.54946053 100
3.6366413 0.62175781 0.52192277 86
-1.2865349 1.0755984 0.52836269 102.66666
1.1686249 1.0944668 0.55629706 2
0.7924794 1.1874237 0.56239778 8
0.84095275 1.1768134 0.54694378 8
0.98857164 1.1392546 0.56894976 8
1.0513787 1.1221545 0.54047811 8
1.1360562 1.1078546 0.52198887 8
1.2475185 1.1327119 0.54388171 8.5714283
1.342447 1.131503 0.5729109 7.5
-1.3412427 1.2645894 0.55681622 46.666668
0.3925553 1.262902 0.53025115 3
0.46551648 1.2698615 0.54890567 12.285714
0.54579067 1.2564139 0.55610025 8
0.62246853 1.2365822 0.54556078 8.5
3.4820602 1.2529329 0.59171253 111
-1.2422209 1.3174115 0.54940546 53.714287
-1.0245053 1.3675452 0.55943596 23
-0.98533118 1.3761653 0.54026979 36.799999
0.36919656 1.3169894 0.57826543 9.333333
3.4571466 1.3336607 0.56224704 108.5
-0.92655772 1.4015672 0.5248571 17
-0.84871531 1.4232571 0.5588727 16.75
-0.77198076 1.4409262 0.53819346 17.5
-0.5686667 1.4875529 0.55758798 17.200001
3.4301777 1.4439113 0.52155507 119
-0.37547812 1.5355428 0.5572986 18.333334
-0.21233311 1.5801862 0.54399747 37.5
-0.11209358 1.5930452 0.56762785 81.333336
2.9587286 1.671015 0.54334533 0
3.0621219 1.6907022 0.52794439 24
3.0466928 1.701845 0.56153393 9
3.1157057 1.7049656 0.50096583 28
3.3443813 1.74866 0.59152836 95
3.2595062 1.8341548 0.51643658 68
3.3312116 1.8111533 0.56098205 103
3.0062826 2.9818041 0.57262468 19
2.8449328 3.2794001 0.52498031 6
2.8300683 3.3083787 0.5940237 6
-1.2386672 -7.1172414 0.67718124 122.33334
-0.9147113 -7.0136137 0.66473275 33
-0.86442381 -6.9914494 0.66345948 65
-0.69162005 -6.9880662 0.61676282 143
-0.46390688 -6.903523 0.6368798 123
-0.36687356 -6.8677988 0.64010179 123.5
-0.1494309 -6.833848 0.65381753 43
0.095853508 -6.7735205 0.61582184 113
0.12012823 -6.7484312 0.66515827 114.5
0.36831811 -6.677434 0.65546447 119
1.0269383 -6.5227442 0.65731859 112
1.8448958 -6.3092437 0.62848926 86
1.9638892 -6.2488174 0.69165856 80
1.730315 -6.1377263 0.60658216 33
2.0016155 -6.1812954 0.62840873 30
2.7489321 -6.0882893 0.60048079 82
3.0441141 -5.9669518 0.63780183 48
3.1092644 -5.9034142 0.67527258 31
2.5129642 -5.5855422 0.67973596 15
2.9530461 -5.2826462 0.61609203 25
2.915741 -5.1938519 0.68592495 22
2.8067775 -4.7270708 0.63474959 20
2.7551124 -4.6107149 0.69064045 18
-1.0408387 -4.2334633 0.66473609 27
2.6796646 -4.2529449 0.64692259 17
2.6331894 -4.1541057 0.6977967 16
2.5640197 -3.8390391 0.65423644 22
2.5224586 -3.7536328 0.69962841 17
-1.1298923 -3.6462893 0.60128313 34.5
2.4226153 -3.6258907 0.66766578 20
-1.179938 -3.5141635 0.61825395 34.5
-1.1824582 -3.4968224 0.65415215 32
2.4704046 -3.4977295 0.66078097 24
-1.2020032 -3.3726215 0.65342045 35
-1.2361864 -3.254837 0.67842078 37.5
-1.3022337 -3.1708882 0.67985237 29
-1.2828963 -3.1517391 0.65272212 29
2.3856745 -3.1966276 0.66409862 27
2.3243339 -2.9551189 0.67017263 27
-1.3613586 -2.7570598 0.61524743 35
-1.4209358 -2.6547198 0.66321313 39.599998
-1.3694857 -2.687829 0.63628864 36
-4.0764151 -2.4479203 0.64702129 103
-1.4723979 -2.4017165 0.69349533 43
-4.1073465 -2.3321862 0.63871896 106
-1.4975641 -2.397738 0.66353303 39.5
-4.1259298 -2.2409012 0.66404414 114
-4.1437302 -2.1516316 0.68879783 113
-1.5845795 -2.043447 0.65934205 48.5
-1.5871661 -1.9152404 0.60693961 15
-1.6338551 -1.8093033 0.64337963 44
-1.6588852 -1.6251661 0.62789625 17
-1.7030509 -1.5518913 0.64892805 46
-1.6779454 -1.5468004 0.64731717 45
4.2163181 -1.5802767 0.69072723 114
-1.7119418 -1.4241371 0.67900962 54
-1.6984895 -1.4723992 0.66644895 57
-2.3454876 -1.3808647 0.6474008 8.333333
-2.2434976 -1.3947773 0.65067238 22
-2.0800705 -1.3265899 0.65295023 21.666666
-1.9587775 -1.3014786 0.61517745 34
-1.7353008 -1.3787388 0.66347414 45.5
1.3911728 -1.359489 0.64802504 2
1.4294821 -1.3332814 0.64548051 22.75
-1.9048768 -1.2870466 0.67165393 25
-1.869572 -1.2785439 0.61900526 26
1.4627638 -1.2320811 0.6690675 9.25
1.4771675 -1.1592335 0.66012275 16.083334
1.6751328 -0.60318106 0.64767569 11
1.6483788 -0.59458637 0.61573493 11.5
1.7239783 -0.55756277 0.66821045 31.200001
3.4051239 -0.28709447 0.60288906 17
3.8617992 -0.19497533 0.69277114 109
-1.6522961 0.33605325 0.65373468 7
-1.5779784 0.37298253 0.61990857 8
-1.496045 0.37661827 0.60234153 7
3.5613739 0.95173234 0.68771029 108
1.1814547 1.0833383 0.65923959 8
1.200305 1.0889108 0.60267144 8
3.5288553 1.0610168 0.65418547 104.5
0.77142781 1.1965173 0.63360608 8
0.81197023 1.1861669 0.64918846 7.6666665
0.96660519 1.1423301 0.64656234 8
1.0265547 1.1294469 0.64720386 8
1.2968575 1.1342791 0.67797947 12
1.3217878 1.1417838 0.63404816 10.666667
3.4953508 1.198813 0.61047351 110
3.5071847 1.1427085 0.62784344 107
-1.5327921 1.2237461 0.69771791 87
-1.470569 1.2490336 0.65994114 79.333336
-1.3994077 1.2590805 0.61903954 83
0.44278172 1.2841649 0.64431262 8.666667
0.57691914 1.255124 0.6507718 6
0.60320777 1.243412 0.62212384 8
-1.2542816 1.3081295 0.65509599 73.375
-1.1706576 1.3282849 0.63200676 1
-1.038682 1.3679388 0.65395933 13.428572
-0.94574213 1.3840668 0.66516763 50.57143
0.36637551 1.3135139 0.64676917 8.75
0.4307555 1.3052042 0.66415787 7
-0.84573042 1.4173131 0.64174449 38.888889
-0.79063034 1.4308372 0.62429476 39
-0.60033065 1.4692441 0.68859833 17
-0.5822885 1.4828744 0.64553291 18
-0.38499457 1.5404391 0.66212082 17
-0.21955678 1.5838847 0.64096963 47.799999
-0.12182214 1.5898509 0.66734236 85
3.3896708 1.5660385 0.68308634 107
3.3663197 1.6568632 0.63802505 99
2.9711277 3.0145121 0.6593262 12.5
2.8607147 3.4023912 0.67508042 9
-0.81032318 -6.9895797 0.70996773 126
-0.70406407 -6.9842234 0.77213478 139
-0.56588805 -6.9204626 0.70477778 122
-0.47299683 -6.913588 0.79366511 126
-0.44584966 -6.8830581 0.76458025 120
-0.029305542 -6.804801 0.76623726 34
0.21858567 -6.7405386 0.74290967 124
0.89750522 -6.5513334 0.70303756 114
0.93673038 -6.5536423 0.70787555 131
1.702165 -6.3397427 0.7612232 84
1.9516089 -6.2516136 0.75073355 56.5
2.07356 -6.2109375 0.79660225 79
2.9980202 -6.0216866 0.76991165 103
-1.043889 -4.2275753 0.75883287 27
2.4611738 -3.7842579 0.77198935 19
-1.2049327 -3.4788289 0.75734311 23
2.4334433 -3.4244537 0.70225894 20
-1.3064654 -3.1680017 0.75276595 28
-1.2679352 -3.1465015 0.70560688 29
2.3350444 -3.1419311 0.73061401 25.5
-1.2977386 -3.0284219 0.72362715 25.5
-1.3264763 -2.9247615 0.74465013 25.5
-1.3514464 -2.8196867 0.76316094 26.5
-1.3762712 -2.7235501 0.7824868 31
-1.5339501 -2.6527109 0.74298126 51
-1.4455457 -2.6425226 0.73218954 49
-4.1018176 -2.3871763 0.71723998 104
-1.5004269 -2.3819363 0.74612212 40
-1.4845738 -2.3422344 0.72953302 43
-4.1351662 -2.2461324 0.76619208 97.5
-1.5115765 -2.2461834 0.74738979 44.5
-1.5353771 -2.1522405 0.76190251 25.333334
-4.1724558 -2.0671213 0.7136032 114
-1.5867013 -2.0279992 0.75709265 37
-4.1922503 -1.9798021 0.7372508 115
-4.2320404 -1.8535986 0.7722131 110.5
-1.6429182 -1.7882322 0.75305718 39.333332
-1.710632 -1.5176697 0.73153615 44
-1.6832639 -1.5619313 0.71981889 18
-1.7133126 -1.4595916 0.77615654 47.5
-1.6948168 -1.4776589 0.73895693 49
1.3993899 -1.4328085 0.77559543 23
1.406705 -1.4162649 0.71883464 25.5
4.22435 -1.4965276 0.70656824 115
-2.3328507 -1.3809711 0.78528684 6
-2.2211032 -1.3700355 0.73281074 24
-2.1534836 -1.3450412 0.75105762 6.3333335
-1.9741944 -1.3045273 0.76752472 9.5
-1.7447513 -1.3415834 0.75083828 32.857143
1.4255697 -1.3547168 0.75768453 24.666666
4.1345778 -1.3762089 0.70100713 80
-1.9313484 -1.2936643 0.70950896 16
-1.8187499 -1.2849733 0.75427121 31
1.4598107 -1.2269533 0.74969077 13.75
4.14289 -1.2544665 0.71915698 98.5
1.4814335 -1.1402246 0.72146946 13
4.113061 -1.1227133 0.72672451 101
1.5093316 -1.0465095 0.72633207 7.5
4.0954227 -1.038262 0.73029751 94
1.5253266 -0.94588774 0.74265599 7.1666665
4.065062 -0.951478 0.73128068 96
1.5425047 -0.85749173 0.75742227 11.333333
4.0451899 -0.86895502 0.7313472 91
1.5617588 -0.79936421 0.77163136 3
4.0166826 -0.74970436 0.73140013 50
1.583971 -0.64781141 0.79284143 7.3333335
3.3581617 -0.51098192 0.74123067 9
3.3402338 -0.45186132 0.74022841 14
3.3345966 -0.36736369 0.74257708 34
3.3245382 -0.25634068 0.74257076 39.5
3.8835616 -0.26458091 0.70122498 114
2.679837 -0.10636908 0.78742653 50
2.6815124 -0.033864897 0.78213072 87
2.656291 0.062376834 0.76366144 74
2.6684508 0.15963525 0.75689352 1.5
2.6724992 0.32820761 0.73334026 2
3.6569989 0.55633223 0.78268641 108
3.6281104 0.66986501 0.75822365 105.5
3.6097198 0.75582564 0.73919201 112
3.5838685 0.83804649 0.71646053 99
1.1675965 1.0851419 0.72084856 7
-1.6507595 1.1977254 0.77490515 16
1.1675358 1.1009169 0.76925755 7.5
1.2740183 1.136657 0.74069405 13.25
-1.5268068 1.2360996 0.75001448 47.833332
-1.4517157 1.2555581 0.74831635 73
-1.3294367 1.2869451 0.76840049 81.199997
-1.2901264 1.2950832 0.73395997 76.333336
0.5505175 1.2861663 0.75346243 1.25
0.75860465 1.2392986 0.74555492 1
-1.2580664 1.3081124 0.72786134 55.75
-1.1334002 1.3420962 0.78979731 9
-1.0502492 1.3646755 0.74125499 73
-0.98031855 1.3774378 0.73743391 10.5
0.36426699 1.3274443 0.74983627 8.5
0.41194066 1.3080884 0.74682975 8
0.50904226 1.3109088 0.7781291 0.5
3.4420133 1.3502095 0.77928674 111
-0.82285631 1.4252731 0.74579394 35.5
-0.61081922 1.4777029 0.75395262 50.5
-0.58336949 1.4868915 0.7448225 17
0.27966416 1.4501443 0.76012838 32.5
0.307464 1.4318459 0.70327461 12
3.4173486 1.4420464 0.73849958 107
-0.40640736 1.5398664 0.74981844 55.5
-0.37976918 1.5438547 0.74867243 56
-0.22903551 1.5726506 0.76174539 94.333336
-0.12200802 1.592366 0.74870777 81
3.4049485 1.5045036 0.7114765 100
3.0202754 3.1555312 0.7706784 78
-1.2394186 -7.1102304 0.81882286 124
-0.97054321 -7.016716 0.82287389 52
-0.8149848 -6.9906893 0.8681646 132
-0.64382136 -6.9423819 0.86389714 124
-0.37012041 -6.8651481 0.82589656 127
0.078234024 -6.7579989 0.85776722 81.5
0.34121069 -6.7031317 0.86719054 133
0.29772076 -6.689992 0.8058629 117
0.33091557 -6.6946545 0.8366363 122
0.96037394 -6.5250096 0.80284595 112
1.0297225 -6.5242214 0.81413984 127.5
1.6342335 -6.3207388 0.89728379 51
2.0641029 -6.2372689 0.83748472 63
2.131942 -5.9816499 0.87252313 36
2.0821571 -5.847682 0.88805848 27
2.4634502 -5.6124587 0.8045513 15
-1.0473423 -4.2286892 0.85690516 28
2.494992 -3.9376018 0.88181823 19
-1.2108098 -3.455019 0.83216614 32
2.3272152 -3.232162 0.84311438 26
-1.3083375 -3.1552553 0.86271548 31.5
-1.5377096 -2.6496732 0.8927381 47
-1.4373466 -2.6445045 0.8321467 49.666668
-1.4729918 -2.4047124 0.86458308 47
-1.5070927 -2.3705924 0.83138692 41.5
-1.4885235 -2.3435485 0.86512995 47.333332
-1.5127583 -2.2419782 0.88682592 35.5
-4.171598 -2.1080751 0.81238556 102
-1.544507 -2.1415544 0.85145587 20
-4.1929278 -2.0150495 0.8427946 108
-1.5666391 -2.0401716 0.82007545 10
-4.21455 -1.9220215 0.87098593 103
-1.607181 -1.9796227 0.8571673 54
-4.2595444 -1.7226481 0.80378544 112
-1.6443353 -1.7411685 0.86332583 27.75
-4.2846937 -1.6381985 0.82495886 113
-1.6605206 -1.64028 0.85472524 46.5
4.2420559 -1.6176075 0.852193 118
-4.3134928 -1.5556688 0.84614784 115
-1.6872084 -1.530731 0.87877417 53.5
4.2189441 -1.5254673 0.86264849 113
-4.3361154 -1.4692661 0.8656497 116
-1.7221915 -1.4581888 0.87173039 37.75
1.3905435 -1.4503371 0.85344058 16
1.4121169 -1.4060131 0.89486349 4
4.1788144 -1.4271759 0.86776501 102
-4.2851009 -1.3593976 0.86839056 118
-2.207948 -1.3547808 0.83802015 0
-2.0330827 -1.3232771 0.85639936 10.333333
-1.913926 -1.3076419 0.85523891 29.5
-1.7639834 -1.3161546 0.83409625 18
1.413969 -1.3742545 0.84739232 24
4.1641307 -1.3421056 0.87805784 95
-1.8018037 -1.2769976 0.83430886 36
1.4754719 -1.2558563 0.84353459 0.80000001
1.5011978 -1.210588 0.84177035 1
4.1373658 -1.2539264 0.88362432 100
4.1063352 -1.165709 0.88785416 102
4.078124 -1.0440391 0.89597237 102
1.6498893 -0.92868102 0.84900171 1
1.6050038 -0.79155493 0.80480796 3
1.588449 -0.61852431 0.80553037 9.5
1.5996838 -0.58936805 0.80185407 8
1.6637968 -0.57685852 0.85765707 12.25
1.7257314 -0.53882748 0.8973707 60
2.7677536 -0.21376351 0.82555705 10
2.7156467 -0.15834913 0.80346692 56
3.714705 0.35240251 0.82234377 103
3.681345 0.46964958 0.80049837 112
3.700882 0.41149956 0.81278431 108
3.5129046 1.0708224 0.8917793 105
-1.7230436 1.1964024 0.87267375 0
-1.6799645 1.1918364 0.8164832 7
1.1648194 1.1080501 0.86207283 7.4000001
1.2339954 1.1289622 0.84064913 10.75
3.4887247 1.1646256 0.85559261 106
-1.5531946 1.2259749 0.85579658 27.25
-1.444976 1.2497579 0.84822559 83.333336
-1.3364341 1.2868698 0.84734696 51.857143
0.52583313 1.2780149 0.84512687 1
0.73495173 1.2443452 0.83310622 2
3.4652145 1.2574154 0.81868035 111
-1.2308049 1.3132892 0.85788304 75
-1.148347 1.3344842 0.84763724 43.666668
-1.0841368 1.3538086 0.83337164 86.5
0.34586099 1.3413198 0.84854084 8.75
-0.84460443 1.4179639 0.84853601 70.5
-0.61857504 1.4800497 0.86085814 69.666664
-0.59588468 1.4838721 0.83106756 85.5
-0.25672963 1.4539999 0.89647579 32
-0.15261784 1.4787953 0.89934075 38
0.24279046 1.44997 0.84084064 60.857143
-0.41739646 1.5244576 0.85433918 96.333336
-0.38599545 1.5253135 0.83043647 95
-0.23347202 1.5678889 0.85795897 84
-0.12803353 1.5865368 0.85152209 69.800003
3.0822151 1.768296 0.81088513 35
2.8597395 1.8430512 0.88025314 0
3.2588851 1.8191115 0.88625288 51
2.8304989 1.9627055 0.85612369 0
3.0107737 3.1945512 0.83676493 73
2.9153855 3.3712006 0.87976629 28
2.8911502 3.4626486 0.83879602 11
-1.257744 -7.123364 0.97879672 126
-1.053534 -7.0343637 0.98459375 49
-0.7168653 -6.9803548 0.9306016 136
-0.48275673 -6.9146309 0.94938314 123
-0.52340728 -6.8966117 0.92055053 121
-0.37565577 -6.8751874 0.98200852 126
-0.0047391295 -6.7664156 0.99149889 118
0.20986095 -6.7226481 0.98641962 45
0.22677077 -6.6975341 0.95494533 117
0.4523297 -6.6662359 0.96266019 133
0.89618468 -6.5423403 0.94955456 112
1.1417537 -6.4889412 0.92286849 94
1.8792058 -6.2040668 0.90026152 29
2.5645266 -6.1089315 0.99786836 67
2.9379387 -6.0371141 0.90086138 97
-1.0505741 -4.2238016 0.95299304 28
-1.2220616 -3.4317536 0.9456653 32.5
2.3546202 -3.3481865 0.94013047 24
-1.3143151 -3.1459217 0.97413027 28
-1.5260551 -2.6435797 0.9013266 47
-1.4633136 -2.6356158 0.9679898 40.5
-4.0898519 -2.5310225 0.95773375 58
-1.513423 -2.3473284 0.94380105 41.5
-1.547658 -2.131814 0.91747379 11
-1.6203437 -1.9387159 0.9657343 51.5
-4.2428384 -1.8319677 0.90004557 105
-4.2622428 -1.7379494 0.92794675 102
-1.6462042 -1.7463748 0.97051078 31.799999
-4.2908287 -1.6488941 0.95478767 106
-1.658021 -1.642126 0.94031668 40.666668
-4.3088698 -1.55488 0.97935206 108
-1.6847807 -1.5301063 0.94016457 50
-1.7246087 -1.4191501 0.94669342 34.599998
1.4058609 -1.4006466 0.96447879 20.5
-2.1649058 -1.3717631 0.94303906 36
-2.013624 -1.3288224 0.96748346 30
-1.7401295 -1.3361367 0.94665432 54
1.4475819 -1.3363876 0.91894609 7.6666665
-4.4007454 -1.2120994 0.91829616 114
-4.383111 -1.2994096 0.90215325 121
-1.7641853 -1.2866788 0.97827452 49.5
1.493492 -1.2545992 0.93071836 1
-4.4236641 -1.1256789 0.93558097 122
1.4997463 -1.1029676 0.95305729 0
-4.445755 -1.0392737 0.95230526 122
1.5043426 -1.0433307 0.96099281 1
-4.4636631 -0.95094591 0.96623623 117
1.7693756 -0.95833874 0.9463526 0
4.0498395 -0.92536414 0.90125936 112
-4.4848895 -0.86529779 0.98094052 112
4.0281186 -0.8467055 0.90326709 103
-4.508615 -0.77684206 0.99519151 114
4.0167427 -0.73717558 0.90964532 60
1.7260282 -0.54258144 0.91567564 24
-4.3048582 -0.21925423 0.98462582 101
2.7154512 -0.21658681 0.92472726 25
-4.3248076 -0.13385597 0.99383974 116
2.7212296 -0.14418936 0.92690468 99
2.7244639 -0.048109703 0.92708272 109.5
2.7162414 0.047113337 0.92039609 61.5
2.792594 0.12367147 0.95028073 79
2.8380466 0.17710905 0.96724522 67
2.9213338 0.23609342 0.99979293 150
-4.1593528 0.54370564 0.96090955 56
-3.9427781 0.59521514 0.90473127 51
3.571465 0.84841526 0.97050154 111.5
3.547451 0.94470108 0.93856531 115
1.1806978 1.0938921 0.94441682 17.5
3.5323482 1.0092051 0.91584796 111
-1.712793 1.1804646 0.98196155 78
-1.6587229 1.1961501 0.9470793 86
1.1514471 1.1077754 0.95464063 7.5
-1.6099083 1.2090268 0.94642043 80.5
-1.5350964 1.2265322 0.92699313 82
-1.4365487 1.2614931 0.99135172 82
-1.3571618 1.2767122 0.9424625 46.111111
-1.2615948 1.3046597 0.92453027 82.666664
-1.1234033 1.341295 0.95692289 27.5
-1.0977979 1.3502791 0.90564954 55
-0.88212198 1.3987664 0.96380728 70
-0.61778289 1.3426946 0.94662589 21
-0.59452301 1.3547179 0.91639596 11
-0.42755041 1.3946772 0.94137633 13
-0.39385647 1.3977747 0.92204356 13
0.32634705 1.3560586 0.95490098 16
0.42592996 1.3351419 0.96699131 13
-0.86391544 1.4098636 0.95253134 75
-0.63090503 1.4770092 0.93605852 45
-0.39814001 1.4037522 0.97186542 56
-0.24547267 1.4641799 0.95381784 48.25
-0.14104135 1.4877632 0.96008241 44.200001
0.19970202 1.4747676 0.90867817 150
0.2543492 1.4537433 0.95518398 47
0.46595049 1.4872159 0.94332331 1
-0.42856908 1.5366879 0.95509565 20
-0.39549166 1.5342767 0.92899436 57
-0.22371277 1.5469913 0.90919679 36
-0.11917993 1.5871444 0.90779358 53
0.16441946 1.5535258 0.93795192 150
3.3736534 1.5996366 0.99604338 111
3.3526983 1.6599065 0.97253239 100
2.9485643 1.7664604 0.96162343 73
3.3312654 1.7566946 0.93851221 100
2.9454217 1.8367159 0.94979984 35
2.9315033 1.9258083 0.95570272 40.333332
2.8975658 2.0581636 0.96960634 64
2.9069493 2.0491533 0.92768937 26
2.8424866 2.3108873 0.9745847 63
2.7756081 2.4632759 0.9496296 17
2.7564018 2.5061986 0.96617323 7
2.9636531 3.2736802 0.94633722 39.5
3.0013487 3.2355678 0.90508884 79
-0.81955469 -6.990798 1.0253661 134
-0.72501981 -6.9689093 1.0558211 127.5
-0.60324222 -6.9141145 1.0788027 120
0.32650292 -6.6875072 1.095402 52
0.56748497 -6.6345525 1.0723593 130
0.83166587 -6.5556669 1.0971918 113
1.2525073 -6.4416275 1.028137 74.5
1.8345065 -6.2959023 1.0486512 50
0.66906345 -6.1130018 1.0823165 17
1.5461847 -6.1607232 1.0151157 33
2.2892876 -6.1602745 1.0264039 93.5
2.8774533 -6.0483842 1.0315089 97
1.291211 -5.9454112 1.0497037 27
-1.0551968 -4.2249079 1.0529714 27
2.5377724 -4.1116619 1.004498 20
-1.2332129 -3.40449 1.0591828 8
2.3878279 -3.4773653 1.0454096 23
-1.3129874 -3.1200769 1.0435333 17
-1.483068 -2.6336107 1.0636446 47
-4.1073236 -2.513145 1.0491328 56.5
-1.5241585 -2.3265181 1.0603476 39.5
-1.6266743 -1.9104021 1.0300181 49
-1.6330214 -1.8934797 1.0736877 53
-1.6539636 -1.7150161 1.0114434 30
-1.6638285 -1.6507072 1.0353001 33.666668
-1.6841491 -1.5622083 1.0237875 53.666668
-4.3343306 -1.4629623 1.0053427 104
-2.3050172 -1.4058415 1.018949 20
-1.7150433 -1.4364517 1.0546397 41.5
-1.6993556 -1.4872957 1.0411397 52
1.3977435 -1.4177287 1.0755 17.5
1.4027092 -1.4095488 1.0523407 17.5
-4.2980394 -1.3511537 1.0137968 103
-2.1451049 -1.3646084 1.0492831 35
-1.9945191 -1.3197272 1.0963663 27
-1.7321022 -1.3553244 1.0700214 58.75
1.4151058 -1.3621843 1.0884068 24
-4.3821111 -1.2788892 1.0514821 112
-1.8882221 -1.2989519 1.0261819 29
-1.7815782 -1.2858108 1.061794 47
-4.4062791 -1.1858518 1.0741372 109
-4.4282293 -1.0918235 1.0965025 109
-4.5453348 -0.64513469 1.0167096 113.5
1.5830021 -0.63240778 1.0058131 8
-4.5784326 -0.51148808 1.0346065 113
1.5834001 -0.57188922 1.0018697 28.5
1.6526108 -0.56860882 1.0677545 0.5
-4.6010213 -0.42104733 1.0469185 113
3.394665 -0.47454047 1.0652156 6
-4.6119499 -0.32884184 1.0549966 90
3.3801706 -0.33810478 1.057026 23
-4.3430586 -0.046489015 1.0019433 121
-4.3632579 0.040926792 1.0089513 102
-4.3865032 0.1284053 1.0168133 104
-4.4124589 0.21894716 1.0241567 103
-4.4431148 0.30958229 1.033476 106
-4.4574113 0.40188894 1.0365851 116
-4.3855305 0.48440635 1.0173908 63
3.6497164 0.55344701 1.0611981 99
-3.9855251 0.60969943 1.0998732 49
-3.7729554 0.66090208 1.0373923 46
3.622637 0.65328729 1.0325252 107.5
3.5926299 0.75121313 1.0010656 108
1.1617138 1.0974537 1.0409135 24
-1.8579969 1.150701 1.0790085 32.200001
-1.743925 1.1735556 1.063571 62.75
-1.6801744 1.1926407 1.0510683 41.5
1.1438351 1.1090025 1.0492159 10
-1.5443558 1.2282243 1.0777966 79.333336
-1.4442471 1.2540355 1.038638 81.800003
-1.3566031 1.2773526 1.0102037 83
3.453253 1.2865827 1.0991931 115
-1.147272 1.3305577 1.0056927 0
-0.90515906 1.3928812 1.0541337 26
-0.89415115 1.3988323 1.009939 60
-0.62675512 1.3366852 1.0266012 16.5
-0.4275997 1.3922929 1.0440221 41
0.37579995 1.3076982 1.0680227 7.5
0.40093431 1.3211715 1.0161624 6
3.4380448 1.3497697 1.0798188 110
-0.8756935 1.4049618 1.0354066 22
-0.40322399 1.4007385 1.0186018 47
-0.25046355 1.4623394 1.0502446 39.75
-0.14248593 1.4839491 1.062849 54.666668
0.24631405 1.4519457 1.0579395 28
0.43832847 1.4942883 1.0076146 0
3.4101999 1.441613 1.0480149 106
0.18894885 1.5015091 1.0024856 150
0.48623568 1.5108284 1.0608819 0
1.1198742 1.5691082 1.0372992 0
3.3860278 1.5354717 1.0168746 107
0.08412458 1.6728561 1.0960644 80
0.12014937 1.6627297 1.0483479 95
1.0876598 1.6495963 1.0575222 0
2.9439554 1.8755537 1.0567943 57.5
3.1089861 1.8081338 1.0501208 54
2.9248462 1.9708529 1.0614554 57.5
2.8969231 2.0844202 1.0408773 61.5
2.8164289 2.2551074 1.0621072 97
2.789165 2.3590767 1.0215775 63
2.8338053 2.3458714 1.0509607 60
2.9915788 2.7660933 1.0455445 150
2.893074 3.3545368 1.0885271 44
2.9785109 3.3096273 1.045415 76
2.8755109 3.4552119 1.044893 17
-1.274713 -7.122529 1.1389093 125
-1.1373533 -7.0499916 1.1470211 46.5
-0.82338351 -6.9899125 1.1856439 129
-0.79888994 -6.9703102 1.1843663 117
-0.49128097 -6.9277215 1.1102352 139
-0.38107574 -6.8722262 1.1371284 120
-0.077102639 -6.780551 1.1487371 118
0.15520883 -6.7140546 1.1094617 121
1.3713256 -6.3265853 1.125209 33
1.5130793 -6.3637362 1.1851023 88
1.7738948 -6.308332 1.1903702 40
0.67991787 -6.1013513 1.1033891 16
2.4062328 -6.142499 1.1339062 119
2.5112629 -6.1368399 1.1330751 104
0.77365488 -6.0727363 1.1809546 15
2.8158078 -6.0517735 1.1616776 97
-1.0560158 -4.2000351 1.1462703 28
2.574667 -4.2800355 1.1312288 21
2.4168108 -3.6004839 1.1553165 22
-1.2367274 -3.3665628 1.1293423 14
-1.3234602 -3.1182051 1.1595697 23.5
-1.4977996 -2.6335804 1.1296173 52
-4.1107736 -2.4711716 1.1643941 41
-1.5308592 -2.3076754 1.1471261 43
-1.6428931 -1.8655819 1.1381665 32
-1.6828709 -1.6788342 1.1337817 3
1.3890873 -1.4208508 1.1479037 17.666666
-2.2831395 -1.397234 1.1355605 24
-2.1355317 -1.359785 1.1908 24
-2.0020123 -1.3272663 1.1914816 29
1.3976438 -1.3934315 1.1499424 17
1.4257122 -1.3273078 1.1194507 18.333334
-1.8462625 -1.2870064 1.1319675 33.333332
-1.7664793 -1.2980689 1.1141045 37
-4.4611778 -0.95077968 1.1264445 106.5
-4.5021667 -0.80870593 1.1569866 102
-4.5255256 -0.7126717 1.1754767 104
-4.5502748 -0.6166324 1.1936966 105
1.5716565 -0.63335276 1.1574662 16
1.5785128 -0.57273209 1.1572986 29
1.6990666 -0.55021644 1.1108174 62.5
1.7398314 -0.52672052 1.1476434 19
-4.3069563 -0.2017262 1.1622967 83
-4.3231649 -0.10771458 1.1735314 112
-4.3446312 -0.011683942 1.1859061 92
-4.3680515 0.083354212 1.1971816 98
2.7270153 0.16225305 1.1768595 42
-4.2094798 0.55054212 1.1651884 43
3.5384209 0.97255552 1.190975 114
-2.0341859 1.0962837 1.1882247 67
3.514616 1.0678449 1.1650937 115
-1.9258363 1.1267579 1.1685727 43
-1.8706623 1.1439902 1.1275722 35
-1.7414539 1.1826479 1.1576515 11.75
-1.6684294 1.1923543 1.1663445 77.666664
1.1317476 1.1052892 1.1494459 8.833333
3.4914961 1.1631213 1.1385127 110
-1.6137209 1.2070506 1.1737555 80.5
-1.5624492 1.2244281 1.1365139 78.5
-1.4938717 1.2481254 1.154628 29.333334
3.4734464 1.2253392 1.1191876 112
-0.91740972 1.3909421 1.1022475 2
-0.4296385 1.3911133 1.1104826 15
-0.25035226 1.4631567 1.1391406 19.666666
-0.15054892 1.4886551 1.1362512 35
0.19401667 1.4545904 1.1158559 6
0.26016894 1.459246 1.1280982 3
0.049761288 1.5383946 1.154934 0
0.73600096 1.5749122 1.1364218 0
0.068021439 1.6569191 1.1512909 42.599998
0.12089809 1.6724721 1.1539197 62
1.0767694 1.6808144 1.1598051 0
1.1105719 1.6021181 1.1167649 0
3.3067846 1.7866431 1.1785915 105
2.9242067 1.8899934 1.1574733 78
3.2844665 1.8524052 1.1461334 100
2.8946369 1.9512805 1.1745998 103
2.9286032 1.9525759 1.1437206 57
2.8652029 2.0482678 1.1369147 102
2.9115884 2.0083094 1.1693114 56
2.8701544 2.1215971 1.1211748 72
2.8233881 2.3793697 1.1298426 62
3.0626168 2.8783722 1.1398081 127
2.9268861 3.2774479 1.1390665 7
2.9591055 3.3616853 1.1542964 70.5
-1.291466 -7.1166954 1.2980448 125
-0.74322379 -6.9916167 1.2504684 131
-0.68392289 -6.9316006 1.2388673 119
-0.50034338 -6.9267926 1.2700294 135
-0.38568246 -6.8732672 1.2943262 124
0.081783548 -6.7375503 1.2652665 119
0.44297913 -6.6633797 1.2071586 59
0.76451135 -6.5469251 1.2445928 41
1.4783026 -6.3906231 1.2461643 128.5
1.422875 -6.161716 1.2886813 32
2.4554415 -6.1537409 1.2714907 110
2.5184839 -6.1076288 1.2394481 79
0.78756553 -6.083807 1.2067993 14
1.5316082 -6.0895519 1.2913361 30
2.7585092 -6.0642657 1.2939054 84
2.6145263 -4.4584403 1.2703921 17
-0.97296304 -4.3957968 1.2455336 0
-1.0619433 -4.2071347 1.2491426 25
2.445507 -3.726634 1.2728211 21
-1.2508316 -3.3472357 1.2455949 36
-1.3305308 -3.1013622 1.2729049 32
-1.5261643 -2.6409152 1.2350391 51
-4.1071477 -2.5424113 1.242927 39
-4.0818033 -2.5441556 1.2829325 68.5
-4.1266007 -2.4458261 1.255958 22
-4.0927377 -2.479924 1.297031 117
-1.5399485 -2.2861745 1.2346699 38.5
-1.6553679 -1.8262362 1.2245388 7.5
1.3816791 -1.4275444 1.2560453 13.5
-2.277761 -1.3928103 1.285001 25
-2.1279418 -1.3563483 1.2830125 27
-1.9338517 -1.3046193 1.2268114 32.5
-1.8214675 -1.2829022 1.2614586 4.5
4.0056829 -0.82689363 1.2940553 106
3.9922209 -0.73851943 1.2905375 104
1.5647259 -0.62609124 1.2108887 28
3.9609485 -0.64966744 1.2795665 92
-4.5725307 -0.51860225 1.2102389 105
1.5712099 -0.58622891 1.2123895 27
1.6665833 -0.56272352 1.2651173 65.800003
-4.6030993 -0.42054176 1.22877 99
3.9159405 -0.48041558 1.2607951 117
-4.6198168 -0.31953228 1.2427856 96
2.7605572 0.079282016 1.2036964 25
-4.3945088 0.18140289 1.2093077 97
2.6940186 0.16286424 1.2745574 51
2.7026432 0.10974272 1.2820127 47
-4.4148827 0.28042307 1.2197542 89
2.7219102 0.21942936 1.2883571 22
-4.449369 0.38249689 1.2324821 89
-4.4561772 0.48347145 1.2361764 91
3.6409016 0.55090231 1.2871361 105.5
3.6147251 0.64969319 1.2659185 105
3.5913682 0.74745363 1.2446474 109
3.5708413 0.84518331 1.223325 117
-2.5423565 0.95964712 1.2696069 74
-2.4518619 0.98777276 1.2186817 75
3.5521309 0.90839934 1.206134 111
-2.1582055 1.0713065 1.2664096 83.5
-2.0549555 1.094457 1.272935 83
-2.0090935 1.1092038 1.2891915 40
-1.9739803 1.1154937 1.2385247 48
-1.8123494 1.1586573 1.2717911 57
-1.7558117 1.1726713 1.2367799 57
-1.6665455 1.1991773 1.2418606 76
1.1129051 1.107869 1.2223245 1
-1.5256414 1.2400733 1.2433791 20
-1.2373914 1.3125616 1.2698923 11
-0.94871968 1.3932436 1.2980947 2
-0.65318036 1.3316697 1.2545574 2
-0.25928998 1.4587061 1.2058147 1
0.72103035 1.5789742 1.2303685 0
3.3683672 1.5455544 1.2818041 101.5
0.082587697 1.6730243 1.2303939 8.5
3.3428295 1.6494195 1.2393762 102
2.9362528 1.7515754 1.2389598 84
3.3255136 1.7180142 1.2089707 108
2.9247582 1.8177736 1.2188752 112
2.9294026 1.9314245 1.2442735 55
2.9041183 2.0297728 1.2357974 58.5
2.8767183 2.1376905 1.2503419 60.333332
2.7902098 2.275763 1.2828364 78
2.7743452 2.3493247 1.2510351 53
2.7563238 2.4219403 1.2185616 10
2.8068514 2.4173927 1.2361964 61
3.0587521 2.9140267 1.2387512 70.5
2.9429967 3.4177117 1.2680125 71
-1.2245367 -7.0710568 1.3139856 43
-0.85451132 -6.9870925 1.347092 118
-0.15049893 -6.8026729 1.3077459 118
0.55754793 -6.625196 1.3154892 62
0.90226471 -6.5296512 1.3852714 111
1.6045963 -6.3400702 1.3554646 87
1.7108719 -6.3036857 1.3286821 50
0.6656363 -6.1012688 1.3189996 6
0.69190609 -6.0974569 1.3044724 15
2.6328197 -6.0758057 1.3456454 128.5
2.3414142 -5.9644141 1.3659974 37
2.5701013 -5.5484447 1.3320079 23
-0.97908539 -4.3549833 1.3394061 3
-1.0655144 -4.2012482 1.3492167 25
2.4760933 -3.8588579 1.3978444 19
2.4706826 -3.6156685 1.3765339 18
-1.2623056 -3.3129585 1.3590997 49
2.3848431 -3.3155279 1.3513364 20
2.3894114 -3.2984264 1.3290149 9
-1.3349141 -3.0874701 1.3488274 32
2.3083451 -3.0251989 1.3036081 2
-1.5524379 -2.6443014 1.3406531 49
-4.1306391 -2.4409854 1.3488599 13.666667
-4.1166101 -2.3804913 1.321336 125
-4.1454124 -2.2848518 1.3475558 119
-1.5500847 -2.250874 1.3522941 37
-4.1659722 -2.185483 1.3696181 110
-4.1882339 -2.0880814 1.3927908 114
4.2138691 -1.5302861 1.3336592 103
1.3779814 -1.4324023 1.3491781 11
4.1832356 -1.4214888 1.3312784 100
-2.2719464 -1.390016 1.3890448 25
-2.0468764 -1.331627 1.342579 19.25
4.1525035 -1.3156829 1.3274683 93
-1.8672725 -1.2802646 1.3398324 10
4.1245489 -1.2119457 1.323596 104
4.0915089 -1.1110665 1.3162645 93
4.0619178 -1.0142766 1.3095547 99
4.0337157 -0.91852129 1.3028139 101
1.6744822 -0.55290031 1.3251579 59
1.7297894 -0.5224877 1.339444 51.666668
2.7520638 0.0569956 1.3148774 7
3.6878214 0.38588384 1.3219676 101
3.669214 0.45208701 1.3090224 98
-2.7680871 0.90533608 1.3945113 71
-2.6559665 0.9360069 1.3326385 74
-2.2472682 1.0447767 1.3603954 80
-2.114996 1.0837682 1.3581598 70
-2.0579445 1.0949479 1.3493394 50
-2.0362897 1.1056917 1.3192602 48
-1.9522606 1.1259174 1.3779672 91
-1.8658746 1.144092 1.3415327 58
-1.7837883 1.162788 1.3286157 76
-1.5783434 1.2229242 1.3414236 51.75
-1.3004391 1.2931821 1.3968329 65
-1.2792614 1.2966368 1.3666052 49.5
-1.2569462 1.3011876 1.3344588 42
-0.97866547 1.3794038 1.3587971 17
-0.70679563 1.3155835 1.3625401 23
-0.67878646 1.3256541 1.330039 18
-0.45173034 1.3821735 1.3675848 13.333333
0.36118102 1.3221887 1.3340232 6
3.421526 1.3382897 1.3637941 98
-0.25126842 1.4638318 1.3946397 2
3.3953176 1.4426633 1.3227966 99
-0.050506342 1.5431181 1.3527389 6.6666665
0.016617373 1.5494845 1.3543556 6.5
3.1129298 1.8018825 1.346153 41
2.9189601 1.9558018 1.3519919 54
2.8691044 2.0643377 1.3638506 75
2.9012823 2.0541675 1.3066343 56
2.853471 2.1541774 1.3635988 69.333336
2.8067915 2.2031889 1.3139226 96
2.7948027 2.4593558 1.3495901 64.5
3.0517344 2.9457314 1.339555 69
2.9297137 3.4517481 1.3444858 72
-1.3237667 -7.1169434 1.4756082 79.5
-1.2861091 -7.0712109 1.4782873 53
-0.76030439 -6.9704285 1.4064949 126
-0.50798714 -6.9198942 1.426935 139
-0.39084184 -6.888308 1.4574971 127
-0.22351623 -6.8087988 1.4668412 120
0.0097526368 -6.7400703 1.419315 119
0.91535681 -6.5344515 1.4095312 118
1.0154685 -6.4936304 1.4950358 107
1.3911461 -6.3947296 1.4769698 99
1.6683486 -6.3160233 1.4621723 48.5
1.7177238 -6.309196 1.4652205 88
0.63002914 -6.1058121 1.4466945 15
0.77147681 -6.0658655 1.4175818 9
2.7012734 -6.0737581 1.4261482 45
2.1982348 -5.6599665 1.4269274 22
2.4798512 -5.5961432 1.444675 16
2.6533277 -4.6428514 1.4212091 18
-0.98996562 -4.3490953 1.442849 8
-1.0712833 -4.1993461 1.4511049 26
2.5778942 -4.0307474 1.4562182 16
2.474256 -3.6520855 1.4078491 25
-1.2716323 -3.2970755 1.4366152 38
-1.342821 -3.0835512 1.4294534 33
-1.57065 -2.6432145 1.4123499 71
-1.5546116 -2.5687616 1.4460685 150
-4.1257701 -2.4521353 1.4542294 39.333332
-1.5208701 -2.4596334 1.4593368 81
-4.1579041 -2.3861308 1.4371367 1
-1.5595555 -2.2270055 1.4428562 27
-4.2116408 -1.9916451 1.4143022 106
-4.256279 -1.8522935 1.4504886 111.5
-4.2858515 -1.7072535 1.4802229 108
-1.7392669 -1.5412614 1.4891547 11
4.2174506 -1.5930253 1.4923432 105
1.3717031 -1.4277022 1.439971 8
4.181046 -1.4856497 1.4882983 111
-2.2168 -1.3738705 1.4223506 29
-2.1506395 -1.355896 1.4588802 18
-1.9736687 -1.3075777 1.4841546 14
4.1538439 -1.3833822 1.4876089 102
-1.9199649 -1.2954309 1.4115299 13
4.1244726 -1.282086 1.4848362 104
4.1042552 -1.1878948 1.4840014 112
4.0596876 -1.045437 1.4766498 102
4.0207129 -0.90903986 1.4691821 104
3.9989586 -0.82182437 1.4655327 107
3.9693496 -0.73351121 1.4570799 104
3.9524791 -0.65134758 1.4526227 104
3.929208 -0.56910831 1.4461621 107
3.8882446 -0.40968749 1.4317133 97
3.9059014 -0.48786524 1.4382857 106
-3.9883733 0.58973753 1.4982618 55
-3.7634015 0.64107871 1.4062845 57
-3.1803229 0.79683882 1.444759 53
-2.8849792 0.87176776 1.4583412 64
-2.468817 0.98736405 1.4622538 69
-2.3820002 1.0092083 1.4488345 76
-2.2991276 1.0285879 1.4352707 73
-2.1474185 1.0811819 1.4634616 70.199997
3.4841731 1.092746 1.4535207 108
3.5006194 1.0222057 1.4775651 102
-2.0170262 1.1088986 1.4521154 77.666664
-1.9408308 1.1294593 1.4461569 66.400002
-1.6525002 1.1993055 1.476583 63
3.4670312 1.1643072 1.4287879 103
-1.6342629 1.2070451 1.4385709 63.666668
-1.3181535 1.2905383 1.4550712 77
0.55780089 1.2729833 1.4722192 11
0.83312702 1.2023396 1.4607555 9
3.4534616 1.236779 1.4047014 98
-1.0179949 1.3651731 1.4502738 55
-0.98805839 1.3718996 1.4367017 59.5
-0.72435069 1.3046274 1.4458001 40.5
-0.69313157 1.3187153 1.4593713 40.5
-0.47652522 1.3726944 1.4623127 35.333332
0.32349333 1.3299463 1.4476819 31
-0.27856207 1.4456877 1.4549259 11
-0.15243524 1.4895968 1.4506148 4.5
0.2283558 1.4725705 1.4704692 8
-0.11502799 1.5257592 1.4754239 39.5
-0.06256216 1.5382744 1.4436861 31
0.033160947 1.5586637 1.4526061 12
0.11899412 1.664717 1.4957665 0
3.3258622 1.6986041 1.4995686 105
2.9136956 1.7886238 1.4919356 85
3.3073251 1.7709024 1.4768041 112
2.8970697 1.8571821 1.4636558 93
3.2902029 1.8431821 1.4540137 118
2.8714373 1.960536 1.4212523 88
2.9122028 1.9756515 1.4419587 54.5
2.8899889 2.0871329 1.4258707 55.5
2.8673694 2.1576982 1.4819247 56
2.7607698 2.4881227 1.4561052 96
2.7360218 2.5924633 1.4622478 150
3.041018 2.9720073 1.4397666 66.5
2.916477 3.4837813 1.4231914 69
-0.95967394 -6.991087 1.5145123 106
-0.84170097 -6.9788027 1.5374439 116.5
-0.76774704 -6.9989386 1.5735106 134
-0.51647478 -6.9249907 1.5897944 142
-0.064909063 -6.764545 1.5800707 119
1.029793 -6.5010986 1.5192528 116
1.7970915 -6.2862506 1.5605522 82
0.56933284 -6.1262183 1.5928353 19
1.7814002 -6.0368028 1.5136878 28
2.8547919 -6.0108061 1.5758638 104
2.8706083 -5.9985385 1.5395427 84
2.847188 -5.0390372 1.5951408 20
2.6990805 -4.8473191 1.5852318 19
2.7024579 -4.5253277 1.548754 18
2.7007804 -4.4810104 1.5113714 18
-1.0023082 -4.3511839 1.5491637 12
-1.0746959 -4.1844587 1.5501947 25
2.5077274 -3.9971485 1.5322005 15
-1.2834671 -3.2607851 1.5490901 43
-1.349925 -3.0572085 1.5443003 31.5
-1.5187827 -2.4169095 1.5058094 24
-4.1299858 -2.3276036 1.5000435 105
-1.5176419 -2.3721611 1.552206 13
-4.1643596 -2.2316244 1.5329708 114
-1.567718 -2.2100749 1.5054146 13
-4.1860051 -2.127656 1.5597275 114
-4.209311 -2.0246863 1.5876023 108
-4.3154173 -1.6136855 1.5034252 105
-1.7100573 -1.6392027 1.5641904 14
-4.335247 -1.5173125 1.5213062 107
-1.7368602 -1.5074208 1.5255644 23
-4.3073678 -1.4039412 1.5217544 108
-2.342737 -1.4023155 1.5634503 17
-1.7466749 -1.4834412 1.5739491 36
1.3690867 -1.4244781 1.5109681 3
-4.3874674 -1.3293047 1.5618434 126
-2.3557138 -1.3969231 1.5265342 0
-2.1695278 -1.3534396 1.5563401 16
-2.0354049 -1.3245945 1.5671123 19
-4.4095149 -1.2328826 1.5800174 107
-4.4299068 -1.1364928 1.5970705 109
-4.2146959 0.52843517 1.5885285 45
1.3936633 0.55010259 1.5943302 70
1.4097325 0.58342236 1.5834807 62
1.3735617 0.6509766 1.5925435 63.285713
1.4304458 0.61108679 1.5897014 141
3.5988803 0.66112781 1.5953162 104
-3.3422668 0.75598252 1.5227678 49
1.3989905 0.71242404 1.5874391 81
1.4248118 0.74705994 1.5993326 16
3.5739484 0.73287976 1.5700226 111
-3.0253267 0.8396849 1.5356498 62
1.2870252 0.8767314 1.5938298 38.333332
3.5462136 0.84225547 1.5358026 116.5
-2.5804033 0.9621011 1.5320544 62
-2.4971447 0.98062879 1.5669734 72
1.2975856 0.91165417 1.5867722 50
1.3284464 0.95114768 1.5797621 29.799999
3.5205889 0.95057648 1.5022444 122
-2.2475801 1.0515372 1.5640624 65.5
-2.1580741 1.0719279 1.5336747 75
-2.075119 1.0912539 1.5501593 76
-2.0265205 1.1129922 1.5529653 68.333336
-1.7279143 1.1852541 1.592294 64
-1.6906891 1.1917143 1.5343997 63
0.82129407 1.1934897 1.5385513 8
1.1029935 1.1105708 1.5264139 2
-1.3569385 1.2779131 1.5440361 76.5
-0.74487281 1.2996863 1.5418673 50
0.54363775 1.2704824 1.5251853 21
0.82988334 1.2020128 1.5116761 7
-1.0340992 1.360033 1.5567013 84.333336
-0.7124964 1.3107433 1.554552 44
-0.50243473 1.3641704 1.5646271 49
-0.45862404 1.3745533 1.550312 48
-0.27194756 1.4435209 1.5481344 33
-0.15408948 1.4862574 1.5490943 24
0.1746752 1.4796665 1.597643 62
0.20497172 1.4660517 1.5225253 26
3.3886383 1.4500999 1.5764716 114
-0.14969727 1.5128609 1.5656666 40.799999
-0.056254908 1.5481479 1.5631919 41
0.0072913379 1.5461671 1.5002372 25
3.3601127 1.556051 1.543743 109
0.086866163 1.6850635 1.5755509 30
3.3430002 1.6273252 1.5223626 105
3.0520449 1.8098087 1.5983665 51
2.906636 1.9939728 1.535241 54
2.8420622 2.1474206 1.5673308 80
2.7939303 2.2562692 1.5510679 93
2.8478713 2.2015057 1.5998298 53
2.7755976 2.3336341 1.5269637 93
2.7550735 2.4090407 1.5007718 94
2.8017392 2.5355408 1.5130777 150
3.0330863 2.9982154 1.5434766 69
2.9585316 3.104547 1.5817249 20
-1.4233086 -7.1117129 1.6564867 31
-1.3287019 -7.1319871 1.6279953 125
-1.3744303 -7.0856867 1.6479912 51
-1.0434746 -7.0089169 1.684112 107
-0.83712441 -6.9872446 1.669292 124
-0.39579695 -6.8893485 1.6186799 127
-0.29804218 -6.8279185 1.6308217 119
0.90040326 -6.51864 1.6411629 86
1.1335616 -6.4380856 1.6089259 47.5
1.3246715 -6.3667221 1.6170182 61
1.5930078 -6.3246417 1.6169674 46
1.2184206 -6.2067337 1.6553928 35
1.9407233 -6.2363386 1.6813363 59
1.8838681 -6.131032 1.6352565 34
2.9796538 -5.9649076 1.663535 106.5
1.9720376 -5.8539925 1.6900291 28
2.203316 -5.8720989 1.6082889 29
2.4683704 -5.7207351 1.6008862 25
2.8532877 -5.1009679 1.6407143 20
-1.0118839 -4.3333273 1.6527386 14
-1.0809062 -4.1835599 1.6570628 23
2.5303302 -4.1182671 1.6678029 16
-1.2953124 -3.2214983 1.6625748 40
-1.3571922 -3.0298674 1.6611416 33
-1.5307722 -2.3581538 1.6153464 4
-4.2439818 -1.9287087 1.6183116 112
-4.261488 -1.8237442 1.6422709 116
-4.2828727 -1.7207773 1.6676381 101
-4.3194985 -1.6247997 1.6972474 105
-1.7216126 -1.6002593 1.6280577 29
-1.7284075 -1.571308 1.6687165 38
-1.7576021 -1.4440179 1.6438489 38.5
-2.2367504 -1.3666894 1.6468772 23
-2.0936687 -1.3356711 1.6463742 23
-4.4641776 -1.0418081 1.6186482 126
-4.4828916 -0.94445103 1.6345854 123
-4.5121737 -0.84886318 1.6528053 112
-4.5369768 -0.75137514 1.6704501 106
-4.5628781 -0.65285271 1.6864442 111
-4.3208489 -0.22997002 1.6125469 93
-4.3418784 -0.13554232 1.6251559 111
-4.3586988 -0.03819574 1.6349785 103
-4.3885026 0.058029741 1.65031 98
-4.410008 0.15647168 1.6621138 106
-4.4397726 0.25709271 1.6759293 98
-4.4717093 0.35976234 1.6900491 95
3.6752446 0.35676706 1.6798488 98
-4.4732518 0.46080002 1.6920203 82
1.3705472 0.49585006 1.619621 30
3.6540556 0.4344117 1.6580565 108
1.3586034 0.55843782 1.6145936 37
3.6254258 0.54829305 1.6270626 101.5
-3.721921 0.6883145 1.6043236 50
1.3444463 0.61207873 1.6164389 26
1.4593363 0.64657909 1.6118237 15
-3.5220456 0.71058065 1.6102763 47
1.4295548 0.72054696 1.6115587 28
-3.1779227 0.80385506 1.6199534 61
-2.8130636 0.8978048 1.677765 63
1.2749488 0.85383964 1.6208955 7.5
-2.6940236 0.93288416 1.6043501 62
-2.5995419 0.95077991 1.6343061 65
-2.3457065 1.0217178 1.6638846 60.5
-2.2655094 1.0420696 1.6372242 66.666664
-2.1331711 1.0775864 1.6365361 63.5
-2.0974109 1.093048 1.6430874 66
3.4912164 1.0610026 1.6889757 119
-2.0631452 1.1025093 1.6021416 61
-1.7617832 1.1808754 1.6467346 75
3.467694 1.1303625 1.6669985 111
-1.4049449 1.2634451 1.6336197 71
-1.3920609 1.2642103 1.6379176 65
3.4427891 1.2372499 1.6384462 111
-1.0721631 1.3493786 1.6490993 79
-0.75624645 1.3403645 1.6623487 111.5
-0.51447886 1.3861027 1.6629863 150
3.4135783 1.3432044 1.607143 112
-0.47490489 1.4035091 1.693961 150
-0.30094704 1.4468291 1.6373823 81
-0.26275986 1.4787043 1.6887649 150
-0.15721551 1.4694484 1.6394134 38
-0.14373735 1.5222982 1.6714684 9
-0.083383553 1.6108975 1.6913089 129
0.048339173 1.6735194 1.6613675 77.5
2.8879774 1.885173 1.6695145 97
2.9085863 1.8167711 1.6943183 97
2.8703446 1.9595188 1.6475074 95
2.8806355 2.0143051 1.6257931 66
2.8707719 2.1334624 1.627424 54
2.8464186 2.2103369 1.6531502 55
2.6968048 2.5682948 1.6835539 93
2.8353722 2.6018875 1.6025442 153
2.9787812 3.007127 1.6120771 53
3.0219605 3.0199792 1.6479272 62
-1.3472748 -7.1311402 1.7949945 121
-0.93571252 -6.9848747 1.7399019 112
-0.77973431 -6.992105 1.7350624 130
-0.52466691 -6.9272952 1.7541417 124
-0.40074152 -6.8853893 1.7798641 121
-0.37291884 -6.8440342 1.7957252 120
-0.13914555 -6.7750311 1.7430987 116
1.0143266 -6.4754372 1.7474107 84
1.2619123 -6.4190273 1.7547214 81
1.5359769 -6.3451838 1.7647977 61
1.1618587 -5.9526801 1.7959619 16
1.9718167 -5.9886317 1.7107978 36
3.0576336 -5.834703 1.743686 29.5
2.7437992 -5.053793 1.7609121 20
-1.0213977 -4.3164692 1.7553138 20
-1.0922451 -4.206634 1.7745116 14
-1.3072765 -3.2105782 1.7458723 44
-1.3639809 -3.0139585 1.7418764 33
-4.3312078 -1.5188404 1.7172914 89
-1.7385519 -1.5258818 1.7297153 45.5
-4.3409915 -1.4118825 1.7348284 108
-1.7591374 -1.4410151 1.7526903 41
-4.3516083 -1.3069242 1.7529238 113
-2.3206251 -1.3897291 1.7540233 12
-2.1566262 -1.3476799 1.7332588 18
-1.773571 -1.3676612 1.7555438 41
-4.4186888 -1.2169284 1.7946239 106
-4.5890479 -0.55433178 1.7038273 105
-4.6218443 -0.45466277 1.7220948 124
-4.6429782 -0.35323921 1.7361307 126
3.802139 -0.13011593 1.7970934 99
3.7825637 -0.047530897 1.7795424 102
3.7573066 0.036206163 1.7592744 96
-3.9438486 0.63449007 1.7045494 41
-3.7213609 0.65968227 1.7047943 49
3.5813253 0.69724566 1.7795082 104
3.6040602 0.62490183 1.7993687 110
-3.3304174 0.76102918 1.7028303 55
3.5657668 0.77148044 1.7637639 109
-2.9588003 0.86737573 1.7704589 57
3.5444481 0.84380585 1.7438776 108
-2.7196004 0.92129487 1.7147889 62
-2.4767046 0.98862672 1.7614069 64.5
3.5131731 0.95097506 1.7140347 108.5
-2.4143295 1.0093174 1.744066 54.5
-2.3592205 1.02127 1.7308413 67.5
-2.2190759 1.0590892 1.7934749 58
-2.1678598 1.0723888 1.7314018 61.333332
-1.818924 1.0775869 1.7734718 53.5
-1.8092597 1.1386033 1.7340868 72.25
-1.4485294 1.2525902 1.7418337 66
1.1682897 1.2514448 1.7504177 5.5
-1.1098726 1.3337778 1.7376707 77
-1.0848444 1.3458667 1.7399734 66
-0.15653266 1.4828403 1.7308214 12
-0.25672859 1.5913744 1.7398793 63
-0.15252765 1.5317756 1.7523389 11.5
-0.13336173 1.6448534 1.795701 73
0.003508559 1.675028 1.7662334 79
2.9697971 1.7766281 1.7481744 42
3.2706747 1.7887256 1.7744658 110
3.2448106 1.8605342 1.7400144 108
2.8916945 2.0221591 1.7261322 51
2.8633485 2.1543322 1.7352899 55.5
2.8370924 2.2157149 1.7303926 56.5
2.7575886 2.3293586 1.7778802 97
2.7257009 2.4458637 1.7300208 94
3.0112829 3.0397289 1.7536967 58
-1.5183163 -7.138206 1.8352818 31
-1.4668275 -7.1060758 1.821357 48
-1.1303979 -7.0337043 1.8600227 107
-0.84239489 -6.9883533 1.8344626 125
0.50308466 -6.6063042 1.8633865 90
1.1272775 -6.4502439 1.8585329 32
1.3590941 -6.3691545 1.8263454 58
2.1366334 -6.177186 1.8829547 58
2.2292185 -6.1803246 1.8270472 116
2.5370617 -6.1064649 1.8373997 112
-1.026173 -4.3214879 1.8332996 9.666667
2.5579517 -4.2495327 1.8134967 17
-1.0881103 -4.1467867 1.8602326 28
0.25529945 -3.9016333 1.8257959 32
0.70442826 -3.8175044 1.8582698 8
1.4656957 -3.6109416 1.8987303 17
-1.3134686 -3.1463747 1.8478622 39.5
2.2692626 -3.1433148 1.8764719 21
-1.3675259 -2.9696417 1.8525321 31
-1.7611811 -1.433599 1.8530351 37
-2.3837986 -1.3940514 1.8459347 3
-2.2416942 -1.3722838 1.8402799 14
-1.7782496 -1.3384632 1.8503141 45.333332
-4.4392791 -1.1139643 1.8158238 107
-4.4659638 -1.0109967 1.838721 127
-4.4981852 -0.9080261 1.8641441 111
-4.5198998 -0.80406255 1.8836851 107
3.9246268 -0.58166486 1.8884125 90
3.8918445 -0.48674056 1.8676416 91
3.8564072 -0.35021013 1.8407936 97.5
3.8194582 -0.21663651 1.812542 91
-4.3217111 -0.14289989 1.8444116 88
-4.3498116 -0.038928632 1.8634325 95
-4.3793011 0.065043055 1.8821837 93
-4.4049158 0.17301157 1.8995266 89
3.6628137 0.39902264 1.8513217 106
3.6358352 0.47342691 1.8301311 108
-4.2011995 0.5736922 1.820223 40
3.6188731 0.54867971 1.8144145 107
-3.9481916 0.60448563 1.8141247 42
-3.5080123 0.71457541 1.800351 61
-3.1058896 0.82798427 1.8614706 57
-2.9920206 0.85200691 1.8961525 57
-2.8535202 0.89010638 1.8033943 61
-2.6038339 0.96070093 1.8344861 66
-2.5590644 0.9715094 1.8728018 55
-2.4741156 0.99615353 1.8230028 55
-2.3052804 1.0333393 1.8970473 62
-2.26543 1.0466793 1.8484969 56
-1.9093274 1.0809753 1.8948262 36
-1.8574632 1.0698678 1.8307015 65
-1.5064957 1.2429557 1.8587596 78
1.1710327 1.2614218 1.8578293 22.5
-1.1290935 1.3344077 1.8438271 64.666664
-0.81721348 1.413159 1.8299811 77
-0.7838369 1.4239426 1.8465936 61
-0.53826946 1.4869637 1.8618408 72
-0.49559307 1.4934826 1.8829722 75
-0.15802109 1.4784813 1.8498943 12
3.3550673 1.4850188 1.8969737 116
-0.32126418 1.5791112 1.8548901 57
-0.27138945 1.5817204 1.8597494 58.666668
-0.17574598 1.5236886 1.8569996 9.5
3.3372571 1.5646137 1.8673674 125
-0.027149746 1.6713679 1.8391207 73
0.22789988 1.6434693 1.8679951 150
3.3136256 1.638351 1.8364215 119
3.2979529 1.7168843 1.8088901 118
2.8585048 2.0495245 1.8566769 69.5
2.7991974 2.1770511 1.8398422 84
2.8520923 2.1707482 1.844146 61.5
2.7783816 2.2527049 1.8088584 94
2.8305287 2.2259326 1.838671 61
2.7147379 2.4878039 1.8959126 102
2.7063091 2.5880127 1.8809681 150
3.0395565 2.8694701 1.8147922 150
3.043963 2.9033077 1.8961616 150
2.9616644 3.0113368 1.8755964 54
3.0037177 3.0515661 1.8251107 61
2.9346352 3.1011851 1.835621 13
-1.0190088 -6.9913163 1.908584 109
-0.79247135 -6.9972715 1.9015599 128
-0.53202885 -6.9244356 1.9181011 125
-0.42770827 -6.8732748 1.9560975 121.5
-0.21478972 -6.7884812 1.9066015 116
1.2410221 -6.420063 1.9689589 71
1.4745089 -6.351233 1.9311665 84.666664
2.1705534 -6.174686 1.9029015 121
2.2456744 -6.1144652 1.9844145 23
2.4836664 -6.1120667 1.9758171 13
2.1143103 -5.9489784 1.9001304 10
2.2204216 -5.9019222 1.9367708 13
2.2377861 -5.5636349 1.9289936 9.666667
2.7870548 -5.2632713 1.9491557 16
2.5905845 -4.3979697 1.9737182 18
-1.0596573 -4.2617598 1.9076467 11
-1.0600477 -4.1506953 1.9558979 11
0.2189734 -3.8502226 1.9067971 9
0.66523236 -3.7544954 1.9304746 15
0.83424759 -3.7307956 1.9004992 17
1.2577765 -3.5968938 1.9488757 30.5
1.4296273 -3.5765665 1.9733427 33
1.7365352 -3.5822802 1.9262738 2
1.7850587 -3.4854045 1.9590914 11
1.8658099 -3.4926863 1.9216276 15
1.9337244 -3.4597695 1.9529366 10.5
2.0528526 -3.4652133 1.9510489 13
2.2686162 -3.1754911 1.9766358 16
-4.0883651 -2.5244524 1.9254966 109
-4.1172833 -2.41888 1.9509594 109
-4.1462269 -2.3143075 1.9764171 115
-4.2354932 -2.1223214 1.9743099 2
-1.8843108 -1.3438507 1.9969751 4
-2.923166 -1.2604847 1.9290644 150
-2.8342669 -1.2181041 1.9497429 107.25
-2.7992685 -1.2780612 1.9307004 75
4.0956488 -1.2014853 1.9905908 86
-2.8564463 -1.1484163 1.9441583 71.25
-2.9755988 -1.0817534 1.9410999 35
-2.8572743 -1.0663338 1.9676775 68
4.0590591 -1.0894729 1.971404 87
-3.0233512 -0.95008898 1.9133322 62
-2.9471359 -0.90627229 1.9326792 58
-2.8858981 -0.97270679 1.9517846 77
4.0323477 -0.98172152 1.9562526 91
-2.9510429 -0.84696704 1.9323889 45.57143
-2.8963706 -0.8954916 1.96416 116
4.0119181 -0.88014132 1.9444854 96
-2.9446502 -0.76377743 1.9522648 47
3.9779143 -0.77718586 1.9237838 98
-4.5477095 -0.69909567 1.9049231 107
-3.1424577 -0.65583766 1.9132345 0
-2.9616685 -0.67095369 1.9619008 110
3.9417031 -0.67616647 1.90099 98
-4.5788369 -0.59312731 1.9283981 106
-3.1328857 -0.57287163 1.9107755 14
-2.9706919 -0.59374976 1.9744335 6
-4.6011157 -0.48516485 1.9471093 101
-3.1344414 -0.45185024 1.9180875 27.5
-4.6281009 -0.37620002 1.9677875 106
-3.1202362 -0.33015928 1.9147638 77
3.8487329 -0.33068162 1.9905958 93
-4.5878568 -0.2622743 1.95759 49
-3.1187813 -0.24919726 1.9179605 53
3.8241191 -0.24432653 1.9743446 109
-3.1289957 -0.17099123 1.9289831 62
3.8008933 -0.15998988 1.9580622 105
-3.1369696 -0.091838233 1.9397192 19
3.7812431 -0.075707071 1.9438347 104
3.7586854 0.0046190643 1.9282354 111
-4.4333091 0.28098151 1.9163297 92
1.4134128 0.28013784 1.9898497 36
-4.4561706 0.39094737 1.9306062 90
1.3908427 0.39922661 1.9960581 68
1.4280868 0.32591519 1.9871356 65.5
1.3873959 0.47868842 1.9958 74.5
-4.4718418 0.50290823 1.9412376 79
-4.2026868 0.53999919 1.9346533 39
-0.1154385 0.57161164 1.9930592 74.5
-3.7258222 0.66810268 1.918872 56
-0.10795488 0.6466679 1.9936883 72
-3.2657902 0.78490222 1.9622411 60
-0.096282296 0.74941105 1.995928 53
1.3137451 0.77843195 1.9935179 77
-3.1386092 0.81108308 1.9931073 54
1.3283174 0.84937322 1.9905972 56.25
-2.7219434 0.93259799 1.9425476 60.5
-2.6183515 0.95748192 1.9507272 45
-2.5605853 0.96701425 1.9220649 64
1.3400515 0.90760523 1.9837451 22
-2.3574986 1.022073 1.9559385 51.5
-1.9639325 1.080081 1.9722891 149.5
-1.5456886 1.2338686 1.9386644 74.5
1.1657811 1.2490333 1.9653181 34
3.414237 1.2541336 1.9800729 116
-1.1784275 1.3277756 1.9595972 81
3.3928578 1.3318071 1.95123 122
-0.8183223 1.4130968 1.9210513 69
-0.52808487 1.4876907 1.9597653 67
-0.15941729 1.4756087 1.9795158 12.5
3.3736153 1.4084191 1.9244621 119
-0.32633522 1.5729154 1.9559002 51.333332
-0.26760668 1.5465752 1.9322845 66
-0.074357741 1.6629114 1.9473504 67.5
0.065930843 1.7092726 1.9419254 74
2.8931258 1.7980831 1.9822209 86
2.8744946 1.8736674 1.954731 92
3.1760871 1.8388282 1.9086204 51
3.2690578 1.811105 1.9859749 125
2.8551211 1.9482722 1.9265422 97
2.8789997 2.0417719 1.929677 59.5
2.8286617 2.1770515 1.9710671 80
2.7812557 2.2433252 1.9741704 101
2.8265786 2.2365868 1.9520211 56.5
2.7595358 2.3238099 1.9480709 103
2.7334518 2.400382 1.9192079 98
3.0386865 2.924253 1.9719598 79
2.9956796 3.0820701 1.9767165 63
3.0041435 3.0732245 1.9035021 62
-1.6099221 -7.1517696 2.0122631 30
-1.5607764 -7.1234484 2.0005965 49
-1.214241 -7.0385432 2.032831 102
-1.1065445 -7.0057974 2.0815947 109
-0.82659978 -6.9929533 2.036845 127.5
-0.53988302 -6.9235759 2.0870368 133
-0.29259419 -6.8058929 2.0768595 118
0.43575478 -6.6276612 2.0285044 123
1.1424694 -6.424705 2.0805244 61
1.3510588 -6.3537545 2.0697448 33
1.4188999 -6.3672104 2.0655808 64
1.588177 -6.3203616 2.0516992 86
2.2323675 -5.6232815 2.0829613 23
2.3245156 -5.5539265 2.025661 2
2.503566 -3.8201327 2.0920181 3
-0.99288803 -3.7582512 2.0465853 3
0.80039734 -3.7345905 2.0016766 12
-0.98603433 -3.6465769 2.093523 19
1.8455806 -3.5056751 2.0192485 17
1.8604605 -3.4673073 2.0369496 10
1.9955013 -3.4245481 2.0188258 2
2.0122604 -3.4342051 2.0479207 4
2.2662365 -3.2056539 2.0781939 11
-4.1743417 -2.2097516 2.0013151 107
-4.2154884 -2.1226611 2.0364699 57.5
-4.2421069 -2.0445566 2.0573115 50
-4.2492185 -1.8922706 2.0684791 110
-4.2796474 -1.7916632 2.0936484 115
-1.4884915 -1.7083665 2.0926127 6
4.186419 -1.5519941 2.0342748 89
-4.227818 -1.4322444 2.0910254 47
-1.8450187 -1.4106899 2.0375991 3
4.1536708 -1.4310982 2.0200191 81
4.1194096 -1.3121513 2.0029507 93
-3.065377 -1.0315229 2.0121729 163
4.0285969 -0.99223238 2.0941486 91
4.0078154 -0.89194888 2.0842304 106
3.9805672 -0.79256427 2.0694804 102
3.9335232 -0.64838862 2.0421517 113.5
3.8935628 -0.50931966 2.0189195 104
0.20804968 -0.41436654 2.0224695 74
3.8740013 -0.42004329 2.0061183 99
0.19907027 -0.32737145 2.0679138 13
0.20180951 -0.37236857 2.054858 32
0.005881859 -0.13531867 2.0228653 44.5
0.0093981158 -0.043887749 2.026228 56
0.017761623 0.045520164 2.0131078 74.5
0.0229182 0.13493228 2.0128312 78
1.4290318 0.19961482 2.0911202 26
-4.4436846 0.24513969 2.0355573 105
0.026424596 0.2491492 2.0243194 48.333332
1.422918 0.24183995 2.0440228 36.5
-4.4769573 0.35700411 2.0589309 98
-4.0739055 0.32934004 2.0998621 52
0.027163571 0.34370139 2.0439787 12
1.39165 0.35735938 2.0641136 36.5
1.4532417 0.37547287 2.0047166 80
-4.4892106 0.46833226 2.0705633 98
-0.13921382 0.42860848 2.012033 14.5
1.3794826 0.4216997 2.0408273 39
1.4400486 0.44650155 2.0059481 45.799999
1.5090396 0.4774974 2.042418 2
-4.0553493 0.52694952 2.09641 59
-0.12812293 0.50087392 2.0054781 53
0.63237047 0.590312 2.0760159 10
1.4464781 0.5556246 2.0140564 22.200001
-3.9559999 0.61288446 2.0443609 51
-0.18580861 0.63433027 2.0244393 38
0.64380646 0.65851331 2.0892739 11.5
0.95539069 0.67319655 2.0994177 13
1.4477789 0.60185224 2.0130019 3
1.522664 0.64465797 2.0850492 0
-3.451786 0.7384634 2.0781057 73
-0.15460129 0.72666407 2.0197356 54.666668
0.64797491 0.74594665 2.0815284 10
0.97284639 0.73494023 2.09849 13.5
1.2915227 0.76288366 2.0357239 39.333332
1.3001999 0.73558778 2.016067 43
-2.8496847 0.89594394 2.0369942 58
-0.2044073 0.85006976 2.0918531 13
-0.14426452 0.8556335 2.0535924 14
0.067973256 0.8623184 2.0640755 13.5
0.67441595 0.85425383 2.0864787 12.75
0.99068391 0.84408402 2.0958021 13
-2.7453501 0.93067575 2.0722563 50
-2.6884174 0.94024575 2.0183001 55.5
-0.21964097 0.92784798 2.0735946 17
-0.18051994 0.96568888 2.0613096 15.333333
-0.089850642 0.96122456 2.0476267 12
0.079835251 0.96610165 2.0596671 14
0.66435206 0.92850101 2.0891366 13
0.71053183 0.96767974 2.0835214 13.5
1.3773202 0.93963969 2.0166693 3
1.4039888 0.95859891 2.0302861 2
3.4917414 0.94067675 2.0863855 111
-2.4285097 1.0056289 2.0366096 48.5
-2.0449412 1.097882 2.0806565 72
-0.22877134 1.0428709 2.0689242 15.5
-0.18646345 1.0475478 2.0788736 16
0.68478954 1.0034008 2.0886271 14
0.72276872 1.0605712 2.0857511 14
3.4622884 1.0596011 2.0476832 119
0.74179006 1.1467049 2.0839748 14.25
3.4298589 1.1756175 2.0047762 121
-1.6274896 1.2123739 2.0920053 84
-1.588886 1.2243434 2.024246 74
0.74856251 1.2200854 2.0959744 14
1.1659898 1.2510359 2.0515394 35.5
-1.2160087 1.3187318 2.0788012 72
0.45110834 1.3839083 2.0924511 16
-0.85271144 1.4112488 2.0435846 89.666664
-0.54015958 1.4906505 2.0580881 89
-0.16252656 1.4507754 2.0754292 12
0.46291223 1.4396896 2.086628 16
3.347162 1.4936023 2.0787418 114
-0.32522541 1.5695531 2.0382247 64
-0.27169091 1.5565277 2.0373313 83
-0.14433509 1.5257926 2.0854373 19
0.46545938 1.5392194 2.088594 15.75
3.3318093 1.5759003 2.0588417 150
-0.27940655 1.6026679 2.075546 68
-0.12173279 1.6474566 2.0555429 63
0.019433921 1.6917309 2.0440023 74
0.48312062 1.6602306 2.0661049 15.5
0.51140559 1.6586986 2.0793812 17.5
3.3099239 1.6533183 2.0340955 148
0.18428907 1.7216203 2.0303495 69
3.2844338 1.7288005 2.0072877 135
2.8864346 1.8519903 2.0998366 99
2.8675559 1.9304113 2.0765016 101
2.8520184 2.044888 2.0351613 80.25
2.8410604 2.199954 2.0501139 64
2.8219607 2.2437301 2.0678475 63
2.6946142 2.542685 2.0876236 95
3.0325661 2.9452038 2.0495715 64
2.9735837 3.0573094 2.0736618 88.5
2.9305997 3.1203554 2.0637348 90
2.9079397 3.2288666 2.0363681 64
2.877841 3.3255422 2.000602 27
-1.7050411 -7.1682701 2.1942482 32
-1.6597475 -7.1507192 2.1852944 39
-0.84830862 -6.9265814 2.1501708 58
-0.80528247 -6.8077221 2.1846001 126
-0.52908808 -6.8801847 2.1391137 115
-0.41062254 -6.883431 2.1102204 144
0.36910766 -6.6319995 2.1883371 122
1.4687003 -6.3517151 2.1912639 88
1.6930332 -6.2905049 2.1549985 75
2.1083338 -6.1450815 2.1005952 24
1.6765063 -6.0898838 2.1029961 32
2.4846618 -5.5820904 2.1775663 18
2.8387332 -5.4998221 2.1568191 12
2.6309884 -4.5616355 2.1497409 19
0.12461447 -3.9485273 2.1733363 12
-1.0113509 -3.5547447 2.1091969 20
-0.97889382 -3.5338984 2.1374762 11
-0.6517247 -3.5535924 2.1448617 11
-0.48361629 -3.5111156 2.1469233 7
-1.002125 -3.4628911 2.1622546 22
-0.60958707 -3.4848018 2.1670518 15
-0.37427622 -3.4795423 2.1469209 10
-0.62334812 -3.3773174 2.1757388 8.5
-0.48033082 -3.3391602 2.150162 44
-0.37222326 -3.3125498 2.1511345 34
-4.0814714 -2.5422134 2.1776049 112
-4.1002092 -2.370044 2.1709743 0
-3.9949803 -2.2590051 2.1743171 10
-4.2424631 -2.1061468 2.1060171 15
-4.227983 -2.054688 2.1495867 24
-3.6331306 -2.0545578 2.1938665 33
-1.6450341 -2.0241945 2.1795483 8
-4.2175107 -1.9854516 2.1258347 33
-4.168076 -1.916572 2.1513708 38
-4.0801873 -1.9336854 2.1195035 21
-3.9961362 -1.9993348 2.1841958 54
-3.5651088 -1.9670969 2.1969972 42
-1.1651206 -1.9297882 2.1847665 4
-4.0398488 -1.8337702 2.1558001 46.333332
-3.9655237 -1.86809 2.1783004 109
-3.6583054 -1.8723354 2.1973436 52
-1.139468 -1.890283 2.1781266 15
-0.76534474 -1.8047639 2.1908827 5
-4.0699611 -1.7775608 2.1973631 59
-0.79980856 -1.7922707 2.1949117 19
-4.3114171 -1.6890219 2.118561 116
-1.4845179 -1.655593 2.1202071 6
-0.33674085 -1.6689413 2.1897078 19
1.1373125 -1.6141572 2.1570456 3
-4.335444 -1.5849798 2.1399865 112
-3.7594917 -1.5107657 2.197578 66
-1.5171922 -1.5953879 2.1099687 4
-1.4716847 -1.5150777 2.1183782 11
-1.0679288 -1.5382288 2.1251364 10.5
-0.33891058 -1.5866371 2.1823363 60
1.1109835 -1.5395608 2.1411982 8
1.3545866 -1.5288626 2.1565838 2
4.1819105 -1.5460743 2.1653609 101
-3.7610817 -1.4517665 2.197793 66
-2.4888568 -1.4387274 2.1515207 8.5
-1.44935 -1.4399717 2.1149547 5
-1.05454 -1.4386487 2.1502697 5.6666665
-0.72932428 -1.4364344 2.1545362 9.333333
1.0827868 -1.4551491 2.1482038 17.5
1.3175482 -1.4340206 2.1528819 8
1.4158982 -1.4412038 2.1667676 3
1.5778828 -1.4131554 2.1757712 0
4.138577 -1.4234608 2.1446097 100
-4.2881317 -1.3440149 2.1313078 69
-2.5204601 -1.3059002 2.1224551 8
-1.4342785 -1.3370708 2.1325638 7.6666665
-1.0315417 -1.3303263 2.1306405 6
-0.72420877 -1.3187907 2.1533325 18.5
-0.53933746 -1.3842911 2.1630445 24
-0.44307458 -1.3543897 2.16605 21.5
1.0582645 -1.3788482 2.163564 20
1.2866776 -1.3492506 2.1570404 15.5
1.400624 -1.3980098 2.1848624 4
1.5529717 -1.3568685 2.1739368 4
1.632875 -1.3587627 2.1665556 1
4.1158228 -1.3121555 2.1354649 94
-4.3990722 -1.2687229 2.1970973 90
-3.5760534 -1.23649 2.1992922 40
-2.5220118 -1.2590333 2.1615825 7
-2.3860197 -1.2360692 2.1450081 18
-1.0141532 -1.2437785 2.1488466 5.5
-0.73817819 -1.2383838 2.1359477 19
-0.43673655 -1.2394481 2.1415009 10
-0.327447 -1.2196611 2.1532602 39
4.0894556 -1.2037958 2.1242568 102
-2.4242229 -1.1075763 2.1402643 16
-2.3692396 -1.1580908 2.1703084 14
-1.016099 -1.1970243 2.1312377 18
-0.72919488 -1.1206433 2.1489592 12
-0.67584139 -1.1194135 2.1388612 13
-0.52660036 -1.1765393 2.149267 32
-0.43118945 -1.1480153 2.1485209 16.5
-2.4111466 -1.0517333 2.1605861 24
-0.72536594 -1.089196 2.1688867 5
-0.58150768 -1.0288634 2.1817107 5
-0.43129146 -1.0379561 2.1380527 23.666666
-0.31549892 -1.0516043 2.1723366 28.5
0.8821131 -1.0365269 2.1937222 5.5
4.0559158 -1.095324 2.1075258 92
-0.34995621 -0.9856559 2.1817994 11
0.86547112 -0.95242059 2.1869059 11
-4.3530502 -0.81775522 2.1998663 68
0.85230577 -0.87334383 2.1855788 10.5
-2.6865654 -0.72133905 2.1231616 22
0.58849412 -0.76664597 2.1997271 5
0.84102607 -0.79617727 2.1828849 4
-2.6874619 -0.64291245 2.1415508 66.666664
-2.6259103 -0.5407964 2.116118 16.5
-2.5970414 -0.56120461 2.1052985 23
-2.6260185 -0.43497896 2.1361504 16
-2.5949514 -0.44697052 2.1470289 50.5
-2.6087265 -0.34365132 2.1741676 15.5
-2.8299921 -0.20532887 2.1150355 9
-2.6070948 -0.22808255 2.1895571 17
-2.8259649 -0.14078867 2.1233499 21.75
-2.5828664 -0.14702861 2.1883583 10
-2.8300219 -0.074108094 2.1374867 8
-2.5395877 -0.056782678 2.1786091 8.333333
2.4914298 -0.019926978 2.1978014 89
2.5768218 -0.015482342 2.1906497 32
-2.7908244 0.081392884 2.1403828 7
-2.4766183 0.036633763 2.1403069 7
-4.1165266 0.13123378 2.1159544 44
-2.7547545 0.12975688 2.1180387 8
-2.0288756 0.15579759 2.1644645 8.25
1.4416314 0.13956361 2.1600401 26
-4.0873251 0.23061858 2.1043901 54
-3.5711784 0.29438624 2.1229177 52
-2.4480219 0.21059003 2.133276 5
-2.0221529 0.23121306 2.1614833 2
-1.5777539 0.27287623 2.1612554 15.5
-0.85719937 0.29486984 2.1484587 49.5
1.4066994 0.28393629 2.1449919 27
-3.5427771 0.38468957 2.1116617 62
-3.3606904 0.33178753 2.1170368 61
-2.0168502 0.33882985 2.1467593 4
-1.993492 0.32325235 2.142592 11
-1.5808527 0.32489008 2.1681461 6
-1.2039719 0.37127799 2.1718647 12.5
-1.1825944 0.37398809 2.1738567 10.5
-0.86290628 0.36049649 2.1511431 32.333332
0.59032542 0.31291974 2.1217301 5
1.3935568 0.34224761 2.1683843 29
-4.0726156 0.42931196 2.1023564 55
-3.5315161 0.47541484 2.1107528 62
-3.3392377 0.41733092 2.1068192 61
-3.0522909 0.44202518 2.1248457 74
-2.9690962 0.43762857 2.1515687 53.5
-2.7779624 0.49204791 2.1563656 40.5
-1.5742885 0.42634994 2.1559253 4.5
-1.2047629 0.49781948 2.1716604 4
-0.8613438 0.46246409 2.1531434 75.333336
-3.5163546 0.56704199 2.1084411 59
-3.3300562 0.54812193 2.1082945 65.5
-3.0396383 0.5237208 2.1228642 71
-2.9658129 0.55901003 2.1184785 70.5
-2.8672163 0.54488838 2.1228709 70.5
-2.7551177 0.56568849 2.1334705 57
-2.4774251 0.5780831 2.1620245 51
-1.1844237 0.50999194 2.1799052 6
-0.61374718 0.52739877 2.1757946 32
-0.55961514 0.54714507 2.1865988 22.5
-0.42527735 0.57632899 2.1896222 17.25
-0.34360451 0.57673252 2.1904166 75
-0.24685484 0.59953076 2.1633284 9
0.62187862 0.54080069 2.1198831 6.5
-3.506752 0.65780777 2.1086507 68
-3.3183906 0.67886102 2.1080892 69
-3.0197082 0.64574397 2.1186373 71
-2.9467287 0.67957628 2.114253 69
-2.8534973 0.66355669 2.1240129 72
-2.7626114 0.66261667 2.1326761 55.333332
-2.4608753 0.63631684 2.1421318 62
-2.0409226 0.67968887 2.1652203 65
-0.85786837 0.6123234 2.1750185 30.5
-0.55735725 0.61851895 2.1799898 5
-0.43062311 0.63420784 2.1679583 7.5
-0.2504845 0.61163437 2.1878757 34
0.96228665 0.6640355 2.131223 9.333333
1.3070602 0.67655331 2.1506956 30
3.5614061 0.65790331 2.1771355 118
-3.3026886 0.76652545 2.1018033 87
-3.0115752 0.77104032 2.1236386 74
-2.9416082 0.76144832 2.1174066 67
-2.8459022 0.7433725 2.1254334 71
-2.7776039 0.74037379 2.1352484 56.333332
-2.4758196 0.7358005 2.1421018 61
-2.0436146 0.76053363 2.1571953 81
-1.6110444 0.78653342 2.1818128 71
-0.55261409 0.73702753 2.1808553 13.5
-0.33248979 0.74068534 2.1864016 33
-0.23474595 0.77698243 2.18874 24
0.020746266 0.72226769 2.1735308 21
0.96946073 0.78074175 2.1048093 13
1.0054547 0.77872711 2.1032674 13
1.29178 0.7513752 2.1431575 29.5
3.5356979 0.78221881 2.1426377 117
-2.9640985 0.84843928 2.1192918 78.5
-2.8158906 0.85645491 2.1345437 63.333332
-2.7893934 0.81388855 2.134846 60
-2.5074139 0.8848685 2.1435859 67
-2.4934464 0.83834362 2.1440177 61.333332
-2.0581708 0.84756619 2.160213 74
-1.6186727 0.86032265 2.1788871 84
-1.2323072 0.88643861 2.1975043 90
0.030414796 0.83006984 2.1752498 7
1.0179229 0.81947696 2.1044681 13
3.5100749 0.86099958 2.1124666 118
-2.8141909 0.90063101 2.1170774 77
-2.7938769 0.91466868 2.1218753 58
-2.5111585 0.95241565 2.1371803 69.333336
-2.4952352 0.99080068 2.1067908 48
-2.073638 0.9366287 2.1596446 82.5
-1.6265364 0.94559258 2.1789787 91
-1.2167686 0.94800544 2.1908262 105
-0.84358805 0.98192894 2.1953547 77
-0.24295524 0.92260557 2.1248956 7
1.0470924 0.95064449 2.1454864 15.5
1.8233464 0.95034754 2.1834905 69
-2.0916874 1.0557778 2.1524179 75
-1.642675 1.0405779 2.178299 90.666664
-1.2322124 1.0362526 2.1891131 109
-0.88683516 1.0326223 2.1902857 105
-0.56706601 1.0666831 2.1978002 91.5
1.1088703 1.0713079 2.1841755 32
1.7790866 1.062024 2.1803637 58.666668
1.875878 1.0240449 2.1833811 54
1.9103119 1.0740492 2.17274 42
-1.6564977 1.1495264 2.1748078 94.5
-1.2402215 1.1522503 2.1925416 97.25
-0.8916291 1.1617365 2.1967375 118
-0.54984063 1.107021 2.1847532 66
-0.35981208 1.1225713 2.1980286 96
-0.21075925 1.1986755 2.1849496 123
1.8337215 1.1452744 2.1782734 39
1.9595733 1.1357707 2.1816287 26
2.0011437 1.189652 2.1759441 13
3.4423416 1.1417964 2.1855595 134.5
-1.6346865 1.2092088 2.1257904 64
-1.2518739 1.2549641 2.1955125 99
-0.89508992 1.2603451 2.196198 121
-0.17018694 1.2090071 2.1992557 126
0.76876718 1.2919739 2.1196289 16
1.1652369 1.2396139 2.1496148 43.666668
1.8775227 1.2238965 2.1743927 26.5
1.9199986 1.2604846 2.1778588 8.666667
2.0344317 1.2301412 2.1769335 5
3.4120915 1.260366 2.1522877 126
-1.2499342 1.3100083 2.1732106 94.5
-0.90021044 1.3965248 2.1910985 114
-0.89840096 1.3304378 2.1971014 115
-0.16828711 1.3501226 2.1346099 39
0.43180129 1.3918107 2.1914895 70
3.3923781 1.3387407 2.1296239 124
-0.8452062 1.4150647 2.1253378 76
-0.5749498 1.4838125 2.1426969 91
-0.14929211 1.4219985 2.1007071 15
0.10434373 1.4925404 2.1807299 33
3.3726974 1.4191157 2.1069684 120
-0.32044625 1.5512768 2.1358819 46.666668
-0.27521127 1.5564817 2.1353981 77
-0.057887353 1.5433621 2.1749182 66
0.11312441 1.5613503 2.1822379 70
0.4140512 1.5222353 2.1939273 66
-0.15523753 1.6358562 2.1293585 68
-0.027613193 1.6681952 2.1480885 83.5
0.12432151 1.6281455 2.1760583 91
2.263083 1.6721218 2.1913955 3
2.3968797 1.6215618 2.1939943 3
2.4483299 1.6717631 2.1989765 6
2.6015496 1.6390586 2.1961036 90
0.14530411 1.711399 2.1446066 84.5
2.3337324 1.7467434 2.1913211 7.75
2.4959519 1.7170402 2.1977866 10
2.5453706 1.7645627 2.1974223 17
2.6491518 1.7502029 2.1986766 101
2.9155109 1.7813579 2.1315012 70
1.9602054 1.8458045 2.1824162 4
2.0020697 1.873666 2.1787367 1
2.4331954 1.8495859 2.1903067 22.5
2.5980041 1.8137649 2.1974452 23
2.6502037 1.8427018 2.1955986 96
3.0559783 1.8315767 2.1341953 50
2.0330403 1.9344651 2.181782 15
2.1006663 1.9936547 2.1735313 19
2.5419576 1.9590683 2.1908455 34.25
2.652405 1.9386759 2.1935782 92.5
2.7426407 1.9546747 2.1961327 58.666668
2.0858128 2.0195088 2.1760855 32
2.1449764 2.0713472 2.1760263 34.5
2.6445706 2.0504899 2.1893394 66
2.7334733 2.0930319 2.1882489 80
2.8539398 2.0409849 2.1626532 57
2.1864254 2.153626 2.1814628 53
2.2430568 2.1596832 2.1736789 41.5
2.651844 2.1342382 2.184701 101
2.7584841 2.1737781 2.1917295 78.666664
2.2654288 2.2551727 2.1796947 54.5
2.3393166 2.2681837 2.1767926 51
2.6517191 2.2392678 2.181005 100.5
2.7735777 2.2550952 2.1825829 91.5
2.8296785 2.2205379 2.1468565 74.666664
2.3743606 2.3476031 2.1736183 61
2.6527162 2.3467693 2.1776543 107
2.7359302 2.3734646 2.1452782 107
2.4406083 2.4251628 2.1749182 61.5
2.5478144 2.4940321 2.1749852 57
2.6559687 2.4592223 2.1764073 110
2.7159789 2.4580593 2.1164367 99
2.4788973 2.522805 2.183409 54
2.642226 2.5693374 2.1697886 92
2.5499454 2.6094711 2.1862719 54
2.619292 2.6700351 2.1716077 99
2.7116752 2.6663311 2.1801367 53
2.6489933 2.7395084 2.1778307 81.333336
2.749892 2.7893205 2.1855364 70.5
2.8045561 2.762361 2.1866753 49
2.7441809 2.8707347 2.1836429 67
2.8991263 2.8583794 2.1895876 50
2.6590152 2.9483202 2.1647432 67.5
2.8397388 2.9556406 2.186965 61
2.9897926 2.9454501 2.1840911 63
3.0269926 2.9661431 2.1307466 73
2.6213231 3.0560951 2.1609187 42
2.8084857 3.0558686 2.1710992 59
2.6591091 3.1528654 2.1591001 31
2.8143411 3.1987846 2.1675556 39
2.9789584 3.1050754 2.1656685 68
2.6938119 3.2497029 2.1544576 23
2.6915183 3.3947852 2.1488638 3
2.8158257 3.3408246 2.158433 11
-1.3067484 -7.0622301 2.216064 108
-1.1983658 -7.0290833 2.2652018 114
-0.37127143 -6.8242855 2.2489266 116
-0.84271127 -6.7977166 2.2791896 118
-0.54346967 -6.7486629 2.2030857 125
-0.41133726 -6.6864648 2.2165871 116
1.0804559 -6.4276972 2.2370019 62
1.3617784 -6.3787746 2.2188394 119
1.8248875 -6.2375131 2.2783704 92
2.0655744 -6.1960349 2.2627895 91
1.7720034 -6.0783968 2.2027533 36
2.5283244 -6.0965829 2.2487092 7
0.98610669 -5.9266558 2.2150116 20
2.5072675 -5.7468662 2.2151408 11
0.8462801 -5.3546042 2.2810557 43
1.0847801 -5.3075943 2.2515883 20
1.4912105 -4.5798426 2.2689221 10
2.60762 -4.2494836 2.2197294 14
-1.0766144 -3.9243524 2.2016628 20
0.58906674 -3.9174905 2.2282453 19
0.089406818 -3.8851287 2.2525885 19
1.4222424 -3.7860577 2.2850928 1
1.35689 -3.6096461 2.2826197 3
-0.98058301 -3.4761152 2.2086799 9
-0.87929243 -3.4645209 2.2272284 1
-0.37295538 -3.4179113 2.2344923 3
1.3006614 -3.4634929 2.292237 1
-0.46435952 -3.3569839 2.2324934 1
0.043875299 -3.3299196 2.2528224 8
-0.48809773 -3.278713 2.2927022 2
-0.3715353 -3.2428777 2.2345934 3
0.45706931 -3.2844386 2.2846894 6
2.2912993 -3.2851264 2.2169201 12
0.030810436 -3.1745765 2.2559299 9
1.1832608 -3.1097629 2.2515662 22
2.2893798 -3.1111584 2.2815435 8
2.2753868 -3.0504401 2.2429399 2
1.1412349 -2.9989421 2.2668347 6
1.0985479 -2.8719275 2.2661958 9
1.0593717 -2.7561014 2.2684336 9
1.4952946 -2.5027289 2.2641687 0
-4.1106663 -2.4345069 2.2090957 126
-4.1142282 -2.3094287 2.2260888 72
-3.9276762 -2.361377 2.2518563 9
-4.0844789 -2.1691635 2.2221615 58
-3.9690707 -2.1723299 2.2485583 40
-3.7376578 -2.167315 2.2116046 15
-3.4660125 -2.1223602 2.234195 80
-3.8249767 -2.0154901 2.2478454 46
-3.7553763 -2.071918 2.2543583 150
-3.4565692 -2.0045807 2.2351239 90
-3.6961541 -1.9221611 2.2212152 114
-3.3100333 -1.9377093 2.2341378 64
-3.2522697 -1.9221991 2.2589169 86
-1.6028885 -1.9811924 2.2094049 13
-3.6900167 -1.8082985 2.2231679 102
-3.5119193 -1.8883404 2.2068548 41
-3.4476361 -1.8477778 2.2212651 42.5
-3.3145907 -1.8336116 2.2418921 71
-3.2612882 -1.8219975 2.2707675 93
-1.154341 -1.8619452 2.2078516 18
-4.0560226 -1.7621585 2.2543993 86.5
-3.5825481 -1.7827483 2.2000983 55
-3.4370351 -1.7760385 2.2364006 50
-3.3564694 -1.7287555 2.2293801 61.5
-3.2722609 -1.7245775 2.2837052 69
-0.76330829 -1.753834 2.2302394 6
-0.56121391 -1.7169374 2.209053 34
-0.49380958 -1.7494584 2.2058163 5
-4.0614738 -1.6829445 2.2742951 127
-3.6839285 -1.6964351 2.2251108 105
-3.5162106 -1.6990018 2.2060413 44
-3.439559 -1.6417315 2.2237043 47
-3.3423035 -1.6322098 2.2459171 67.333336
-0.4431558 -1.6864567 2.2244821 21.333334
0.74452859 -1.6481452 2.2319226 5
1.0440781 -1.6726006 2.2616 1
-4.0994072 -1.5898298 2.2934148 111
-3.8452139 -1.5650526 2.2071919 104
-3.6753807 -1.5856234 2.2253685 96
-3.4161024 -1.557532 2.2365267 56
-3.35286 -1.5308883 2.2341261 146
-0.06363488 -1.5649184 2.2577424 5
1.0101748 -1.5558711 2.2461295 12.5
-3.7009819 -1.440035 2.2008243 71
-3.6635199 -1.4748812 2.223386 96
-3.4114621 -1.4546477 2.2415905 66
0.29844809 -1.4234273 2.285507 13
0.30870068 -1.4775475 2.262965 7
0.98250401 -1.4582045 2.2501469 5
-4.0215936 -1.337746 2.269042 78
-3.7017391 -1.3799801 2.2021077 65
-3.6516533 -1.3510913 2.2128916 67
-3.5866535 -1.3004931 2.2030642 40
-3.4124825 -1.3566278 2.2491636 100
0.58239657 -1.3770467 2.2866993 41
0.67558807 -1.3579401 2.2879062 36
0.95165193 -1.3399727 2.2151332 4
1.059815 -1.3752805 2.2458568 18
1.2834512 -1.3138802 2.2381709 16
1.4073273 -1.3914628 2.2585177 5
1.5641283 -1.3501947 2.2496893 4
1.6458824 -1.3344309 2.2318757 3.5
-3.648083 -1.264219 2.223578 73
-3.5458701 -1.2384118 2.2117875 47
-0.3268604 -1.2357038 2.29585 14
0.6511628 -1.2041149 2.2317698 2
0.93630701 -1.2799433 2.2690923 24
1.036351 -1.28702 2.2886112 14
-4.4033103 -1.158658 2.2071714 75
-3.7397578 -1.1963105 2.2894266 31
-3.5277061 -1.1772116 2.2191267 47
-0.32482791 -1.1647067 2.2859964 111
0.64123565 -1.1499238 2.2368379 12
0.90823936 -1.1592059 2.2127552 7
1.503868 -1.1654603 2.2993543 6
-4.3894558 -1.042963 2.2063384 62
-2.4177804 -1.005784 2.2002776 9
0.5453766 -1.0838941 2.2194529 8
-4.374845 -0.93028355 2.2049296 66
-2.9764199 -0.96029639 2.2543001 7
-0.31516778 -0.92173463 2.2969012 82
-0.067029171 -0.9355036 2.2263539 27
0.18559867 -0.95627666 2.2028906 13
0.61470056 -0.97834605 2.220578 48
2.8928776 -0.98247105 2.2872996 95
2.9093301 -0.94120121 2.2905018 95
-0.35195154 -0.82968664 2.2921886 90.5
0.17717296 -0.84233451 2.2133927 11
0.59463614 -0.82489908 2.2215872 5
0.60098535 -0.86998397 2.2104084 3
2.5650866 -0.80913067 2.2606449 100.5
2.8938017 -0.85796988 2.2803996 92.5
2.9125137 -0.85723156 2.2852724 89
-4.3457208 -0.70892334 2.2020905 76
-0.43174362 -0.73184991 2.293848 101
-0.34726816 -0.74451226 2.2958555 98
0.83424616 -0.73217982 2.2137961 7.5
0.91688377 -0.75633347 2.2286747 150
1.1343083 -0.704615 2.2542644 5
1.2060568 -0.7117188 2.231797 10
2.4639292 -0.75317919 2.2541897 98.5
2.5740654 -0.73571992 2.261236 98.5
2.8997173 -0.73657519 2.2783427 96
2.9192588 -0.77636927 2.2849073 94
3.463527 -0.75961006 2.2998712 96
-4.3561678 -0.60372144 2.2138441 90
-0.42572412 -0.64638126 2.2933941 92.5
-0.34291273 -0.65831786 2.291965 94
0.90335035 -0.66604924 2.2264154 133
1.1549493 -0.6188966 2.2372909 3.5
1.2046689 -0.67680043 2.2552702 1
1.3556827 -0.66968453 2.2377203 16
1.4034086 -0.65382683 2.2440112 13
2.4763117 -0.64692312 2.2534561 105
2.5801065 -0.66182983 2.2597394 105
2.9177525 -0.65584272 2.2789676 92.666664
3.4641612 -0.67163491 2.299485 97
-4.3890939 -0.50204867 2.2371008 114
-0.41929609 -0.53641677 2.2954922 98
-0.34962615 -0.55799359 2.2938652 102.33334
1.1904759 -0.59241509 2.2494116 3
1.3662906 -0.57958055 2.2388358 10.5
1.4510484 -0.54841667 2.2593279 11
2.4833369 -0.5390352 2.2482367 91
2.5844634 -0.55163038 2.25263 102
2.914835 -0.53864759 2.273864 99
3.4633298 -0.58362699 2.2962978 85
-0.44949019 -0.44235089 2.289253 106
-0.36711544 -0.43881017 2.2902808 103
-0.2933844 -0.44177794 2.294333 102
2.4917905 -0.43319082 2.2458086 94
2.5956378 -0.44360495 2.2528055 95
2.9243736 -0.44072539 2.2727008 98.5
3.4652579 -0.45517346 2.29392 92.5
-4.4194412 -0.39642721 2.258698 111
-0.4555665 -0.34994629 2.2910929 106
-0.35975939 -0.33300346 2.2959304 108
2.4980953 -0.36430737 2.2439325 105
2.5986724 -0.37415102 2.2512705 94
2.6041441 -0.33626366 2.2503889 98
2.9349897 -0.34274402 2.2708857 96.333336
3.4678931 -0.32773352 2.292233 98
3.5945451 -0.345238 2.2989593 85
-4.4426036 -0.29095691 2.2766407 113
-2.6219599 -0.2862733 2.2245665 4
-0.61081094 -0.21714199 2.2845709 157
-0.56728709 -0.22426334 2.2955508 107
-0.43715602 -0.25756323 2.2939563 112.5
-0.35401106 -0.25515455 2.2999382 114
2.5079751 -0.260003 2.2435911 101.5
2.6091216 -0.25268289 2.247082 99.333336
2.9330497 -0.24801064 2.2650299 94.5
3.4698582 -0.24377438 2.2903941 103
-4.3439956 -0.17901863 2.2280695 105
-0.65912318 -0.17038207 2.2336109 14
-0.5474121 -0.15236084 2.2756994 94.666664
-0.4638361 -0.14026433 2.2715945 114.5
-0.3593545 -0.15527159 2.2899778 104
2.5127935 -0.15657128 2.2383914 98
2.613528 -0.1579105 2.243 101.5
2.9321306 -0.15451367 2.2616944 98.666664
3.4682388 -0.15874687 2.2850902 97
3.607069 -0.16847727 2.2955222 93
-4.3646517 -0.072598547 2.2443368 98
-2.5502388 -0.085754 2.2033172 6
-0.60148895 -0.06022919 2.2955072 116
-0.55971497 -0.041949559 2.2930043 93
-0.45753053 -0.038983386 2.2933171 117
-0.36228707 -0.062499933 2.2900355 110.75
-0.28977236 -0.059408471 2.283591 80.5
2.5598145 -0.054330006 2.2261205 77
2.6191568 -0.087515503 2.241848 98.5
2.9429796 -0.058192771 2.2601326 95.5
3.4709423 -0.073801592 2.2839491 101
3.6183441 -0.079729252 2.29654 96
-4.3875237 0.033872467 2.2608972 116
-0.56398296 0.058881909 2.2917442 96.199997
-0.44984823 0.063828215 2.2940822 114
-0.36060131 0.047839258 2.2972598 106.5
1.4577618 0.0587557 2.2428038 25.5
2.5274365 0.048165075 2.2328372 103
2.6271801 0.052342225 2.2378321 106
2.943506 0.039090473 2.2470555 78.333336
3.4742186 0.050633118 2.280827 100.5
3.6244841 0.053190254 2.289782 99
-0.6567232 0.15116648 2.2881172 105.5
-0.54339445 0.14935833 2.291183 90.400002
-0.44187823 0.16764216 2.291863 110
1.4270006 0.18065466 2.2705855 27
2.5384297 0.15243411 2.234951 103.5
2.6340523 0.15880138 2.2347031 104.75
2.9459465 0.14789423 2.2527812 99
3.4760575 0.17509523 2.2763186 101
3.6399574 0.1868574 2.2892177 102
-3.816093 0.21639131 2.274204 35
-3.6170261 0.26516736 2.2863896 39
-0.64641643 0.26344565 2.2845042 91.5
-0.54536587 0.24049425 2.2904918 98.199997
-0.43440726 0.27245051 2.2956257 105.5
1.4112071 0.25445828 2.2364748 26.5
2.5429347 0.25787419 2.2294157 97
2.6428933 0.26437214 2.2347376 103.5
2.962697 0.24693078 2.2539029 94.5
3.4801788 0.26001841 2.2751522 105
3.6476307 0.27671653 2.2853596 123
-3.1881039 0.37947774 2.2483258 44
-0.6385926 0.35935569 2.2845719 98.5
-0.54311067 0.33676299 2.2885156 95.800003
-0.46356198 0.36999464 2.2930164 104
2.5528746 0.36266631 2.2311997 102.5
2.6474824 0.33579519 2.2332592 102
2.9684443 0.32382083 2.2527757 94.5
3.0036564 0.39418286 2.2554681 95
3.48787 0.34391499 2.2760396 101
3.6416287 0.36495227 2.2711411 136
-2.9031475 0.46160084 2.2624609 30.5
-0.63016826 0.44832671 2.2693031 77.833336
-0.54702789 0.45153913 2.291738 92.25
-0.49113202 0.44403753 2.2837932 90
2.5570459 0.46861145 2.2260282 102
2.6571169 0.4450936 2.2336526 106.75
2.9453723 0.44622272 2.2458704 100
3.008894 0.47309354 2.2522926 82
3.4905524 0.42886555 2.2734866 104
3.6197946 0.45061874 2.2458899 124
-2.6039867 0.53600472 2.2952261 35
-2.5237081 0.55492616 2.2024779 31
-0.62307155 0.52926087 2.2786207 68
-0.51507503 0.54489022 2.2902136 90
-0.4868834 0.53294992 2.2905164 84
-0.25446403 0.56516266 2.2141271 14.5
2.5613694 0.5396691 2.2249324 104
2.6635246 0.55447483 2.2316337 100.5
2.9523387 0.56208724 2.2462571 96
3.0191967 0.55286396 2.2539761 89
3.4906316 0.5563643 2.2665498 104.5
3.5971935 0.53430659 2.2199347 116
-2.125659 0.65634465 2.2752929 35.5
-0.61759812 0.65391111 2.2462804 56
-0.56964231 0.65176016 2.2469192 48.666668
0.0072154314 0.6804074 2.2027483 14
0.9300378 0.63495505 2.2036924 3
1.3165493 0.62219024 2.2727442 30.5
2.5670366 0.64706993 2.222568 100.5
2.6663604 0.62743092 2.2291365 109.5
2.9521587 0.63910437 2.2409475 95
3.0215273 0.63186282 2.2466133 81
3.4942603 0.68380517 2.2602541 109
-1.6736126 0.76771557 2.292284 49.5
-0.6107223 0.74572718 2.2825344 78.5
-0.55434769 0.72918075 2.2781701 63.333332
-0.48154867 0.77235419 2.2525351 17
-0.39498502 0.71138543 2.2116306 126
-0.23821415 0.73748112 2.2386274 45
1.2987592 0.712111 2.2694924 27
2.5713053 0.75650674 2.2188277 107
2.6728392 0.74081665 2.2264309 102
2.958777 0.75698245 2.2395833 92
3.0341678 0.75510144 2.245677 86
3.5027297 0.77165061 2.2618487 125
-1.2258316 0.88232452 2.2480922 54
-0.60940546 0.83873427 2.2857203 88.5
-0.59335732 0.87319326 2.2717001 84.333336
-0.20511895 0.83905149 2.2032146 4
2.5771012 0.83138376 2.2205317 102
2.6774955 0.85324955 2.2219868 98
2.9647293 0.87787545 2.2375381 97
3.0482678 0.88030761 2.244725 98
3.4974964 0.85675251 2.2516673 145
-0.87998861 0.95855701 2.2551661 80
-0.58967376 0.960141 2.2733932 82.5
-0.24337021 0.91834182 2.2533531 4
1.0661864 0.94606417 2.2012892 10
2.5818043 0.94431055 2.2171557 106.5
2.679683 0.9302243 2.2181101 98
2.968945 0.95879883 2.2364078 97
3.0564981 0.96514469 2.2429421 89
3.4871917 0.9399513 2.2366235 145
-0.84743291 1.0479565 2.2011034 108
-0.60881609 1.0259132 2.2915375 121
-0.57608193 1.0555109 2.2672589 68.599998
1.0815636 1.0757419 2.2313757 13
2.5880313 1.0612 2.2151871 97
2.6748469 1.0466807 2.2191563 103
2.7072449 1.0544506 2.224288 104
2.972476 1.0417374 2.2345927 97
3.0625188 1.0490502 2.2376597 89
3.4697237 1.0222772 2.217468 145
-0.85167342 1.1484929 2.2038379 108.5
-0.56521487 1.1666336 2.2046199 112
-0.44194543 1.1326748 2.219033 41
-0.33386844 1.1460071 2.2289746 95.25
1.1398735 1.1853865 2.2325957 16
2.5881083 1.138222 2.211355 102
2.6766124 1.1646711 2.2136953 109
2.7121942 1.1743852 2.2188592 90
2.9788799 1.1256201 2.2341423 100
3.0715387 1.1368665 2.2365866 93
-0.85556108 1.2500329 2.2025878 113
-0.55448478 1.2538757 2.205416 111
-0.34908742 1.2612866 2.2091413 121
-0.25009543 1.263456 2.2117233 118
-0.16343427 1.2859963 2.214906 101
1.1561397 1.2521746 2.2210371 25.5
2.5922625 1.2586613 2.2080309 98.5
2.6817515 1.248569 2.2147202 95
2.7182016 1.2572702 2.2177982 93
2.9824235 1.2525662 2.229697 97
3.0798116 1.2247107 2.2334058 87
-0.86006308 1.3575758 2.2032974 110
-0.56981725 1.3520049 2.2046597 113.33334
-0.34002304 1.3625853 2.2050157 107
-0.29263484 1.3480116 2.209621 107
-0.19246736 1.3471791 2.2046316 84
0.38204354 1.3992873 2.2077484 80
0.4178831 1.3499496 2.2216184 28
2.5978999 1.3810638 2.206104 96
2.6839721 1.3305347 2.2129631 102
2.7250004 1.3421274 2.2188551 97
2.9867773 1.3844959 2.2259669 98
3.0946808 1.3173734 2.2364929 84
-0.55926967 1.4480953 2.2069471 111
-0.32967895 1.4768164 2.2130613 104
-0.28572333 1.4624766 2.2167737 107
0.39723426 1.4622622 2.2037683 84
0.79938394 1.4367522 2.2495267 53
0.83097166 1.4731477 2.2242277 67.333336
2.5995846 1.4660476 2.2036991 94
2.6855111 1.4145169 2.2105215 101
2.7259386 1.4251552 2.2115271 93
2.9904189 1.4734333 2.2241783 92
3.1037881 1.4101962 2.2340331 95
-0.32301921 1.5456879 2.203675 120
-0.28040653 1.539453 2.2172542 120
0.85465342 1.5609932 2.2107098 79.333336
2.6595087 1.5469917 2.2054806 95
2.7320776 1.5140386 2.2104981 98
2.9940703 1.5643767 2.2209845 95
3.1137495 1.5498793 2.226191 98
0.88494837 1.6374373 2.2106113 77.5
0.90240818 1.6701363 2.2072775 76
2.6903431 1.6774615 2.2032487 103
2.739563 1.6509109 2.2072401 96.5
2.9963167 1.656605 2.2178168 112
3.1339788 1.6992941 2.2252851 101
2.7449319 1.7898403 2.2019126 94
2.9993129 1.7515633 2.2139449 110
2.6557317 1.8678799 2.2009203 30
2.7541947 1.8896437 2.2037153 96
3.1446948 1.8000816 2.2228436 104
-1.7344495 -6.9750504 2.3160424 31
-1.6857949 -6.9434681 2.3006861 48
-1.3396342 -6.8749647 2.3330743 98
-1.2365704 -6.8424315 2.3793476 98
-0.81802756 -6.8098936 2.3521035 122
-0.60659039 -6.8852787 2.3126595 120
-0.54981703 -6.7418351 2.3681378 120
-0.41628647 -6.7015104 2.3888104 120
-0.42141694 -6.644187 2.3573649 102
0.30111891 -6.645349 2.3553121 98
1.3037655 -6.38836 2.3761382 114
1.5826598 -6.3095336 2.3003347 58
1.6879096 -6.2290993 2.3949218 21
1.919088 -6.2014661 2.3739233 53
1.9647021 -6.1515055 2.3827887 56
2.3252146 -6.1219492 2.3995585 26
0.78451085 -5.1015806 2.309603 3
1.8847942 -5.0527129 2.3690383 20
1.6012183 -4.9352274 2.3095384 4
1.8777413 -4.98103 2.3299778 0
2.6636367 -4.7141638 2.3287301 19
2.7444546 -4.7905674 2.3859396 22
1.763054 -4.6824956 2.3139696 1
2.7137105 -4.6529441 2.3469021 8
-0.66900766 -4.2426443 2.3633852 15
-0.69755495 -4.1752906 2.377336 14
-0.50424677 -4.1352639 2.3862336 14
-0.38566995 -4.0575819 2.3656955 22
0.044888355 -3.8827271 2.3675292 13
0.022160878 -3.7403286 2.3981366 16
0.48263767 -3.5374541 2.3407855 7
2.3019125 -3.3374467 2.342232 18
0.42236415 -3.2913253 2.3984759 53
0.39721069 -3.1323185 2.3933556 35
2.2616959 -3.015414 2.3893209 11
0.37507835 -2.9763122 2.3841267 8
1.8096534 -2.4850347 2.3105619 8
-3.881278 -2.3932667 2.3227952 118
-3.8380351 -2.2421811 2.3016868 150
-0.06100177 -2.2726915 2.3486457 130
0.27554348 -2.2072845 2.335444 56
-0.067585625 -2.1725252 2.3516839 58
0.25804526 -2.136281 2.3659 66
-0.072081633 -2.0703697 2.3479629 70
-0.074027352 -1.9672434 2.3388052 64
-0.079073243 -1.8791205 2.3426199 71
-0.082903944 -1.7464652 2.3379474 75.5
-3.3494029 -1.663867 2.3479118 21
-3.3634913 -1.5692003 2.3070245 21
-4.1251464 -1.4872075 2.3212762 108
1.0722387 -1.4022019 2.3840442 7
-4.1735721 -1.281032 2.3725522 102
1.0281898 -1.25002 2.3221505 33
1.2667562 -1.2378602 2.3040993 6
1.3465619 -1.204564 2.3023248 13
3.4780104 -1.2218183 2.3176589 90
3.5862086 -1.2913884 2.3373687 98
-0.096515469 -1.1083779 2.3250031 60
1.2541662 -1.1897758 2.3179655 8
1.3394718 -1.1675551 2.3286552 14
1.4974474 -1.1274605 2.3260281 7
1.5537407 -1.1256926 2.3244717 16
1.6169126 -1.1369783 2.3098125 8
3.4737325 -1.1267543 2.3138533 89
3.5848327 -1.1903777 2.33447 94
-0.34068835 -1.053616 2.3073516 133.5
-0.094748937 -1.0383447 2.3155358 67
1.6086116 -1.0969319 2.3289747 7
3.4737346 -1.0327663 2.3127933 97
3.5785167 -1.0901664 2.3266935 91
-0.43181902 -0.94174969 2.3817041 169
-0.35882556 -0.96296746 2.3228414 107.75
-0.099437974 -0.91831416 2.330296 103
3.4693861 -0.94069624 2.307564 96
3.5771418 -0.99208242 2.3209326 93
-0.3770732 -0.85586077 2.3156915 84
-0.10735454 -0.83574086 2.3554108 49
3.4707692 -0.85073507 2.3078778 92
3.581805 -0.85015094 2.3188529 85.5
-0.37331009 -0.76142496 2.3189332 86
3.5835419 -0.71013635 2.313988 89
-0.36437577 -0.6361059 2.3141203 92
3.5813317 -0.61703014 2.3075063 87
-0.49634409 -0.54967743 2.3351538 164
-0.35863608 -0.54473996 2.3130424 92.5
-0.29760334 -0.52377868 2.3014817 101
3.5862236 -0.52611327 2.3051217 85
-0.35261524 -0.45583341 2.309932 91
3.5910923 -0.43619612 2.302731 88
-0.61726701 -0.3184253 2.3960104 166
-0.344859 -0.33971891 2.3088007 93.25
-0.28796563 -0.33728459 2.3028505 107.5
-0.33439505 -0.22773527 2.3067973 101.5
-0.2821027 -0.23279965 2.3073869 113
3.6094234 -0.25760114 2.3048534 89
-0.35820571 -0.16682243 2.308418 97
-0.27540278 -0.12831809 2.3195245 148.5
-0.34473738 -0.063259922 2.3031278 109
1.4814787 -0.047573049 2.3440206 24
-0.66208893 0.080908686 2.342452 164
-0.34641144 0.040263541 2.3169663 121
1.4599514 0.043648671 2.3406687 24
-0.36484861 0.14414924 2.3097761 81.666664
1.4320664 0.15501682 2.3410017 24
-0.36994866 0.21392974 2.3557043 92.5
1.4145355 0.23365176 2.3229561 26
-3.1786947 0.38514858 2.3563201 45
-3.032135 0.42622119 2.3707237 29
-0.42620915 0.41375431 2.3401215 162
-2.6491139 0.52769971 2.3241098 31
1.320388 0.58481663 2.3435872 25
-2.2025354 0.63784182 2.38467 41
-0.87065035 0.6039421 2.3130913 159
1.3067851 0.68036741 2.3747861 29
-0.51304567 0.77343059 2.3854527 44
-0.33865923 0.73361969 2.337436 164
-1.274344 0.86778092 2.3362827 55
-0.55038023 0.86100203 2.3234222 75.333336
-0.47745591 0.81373662 2.3233547 16
-0.92513138 0.94832641 2.3463323 66
-0.61375213 0.93797183 2.3045011 125
-0.55693144 0.95043355 2.3109927 121
-0.55703199 1.023411 2.3300951 114
-0.47108656 1.1277878 2.3213387 54.5
-0.31387165 1.1095133 2.3366642 57
1.164114 1.1994982 2.3349411 34
1.1387863 1.2101431 2.3878899 19
0.81628466 1.4337065 2.3475614 87.5
-1.786914 -6.9696918 2.4876845 51
-0.84861845 -6.8038259 2.4513295 119
-0.65006185 -6.696774 2.4215336 109
0.24138176 -6.4704833 2.4578788 118
0.94581962 -6.252667 2.4853942 24
1.2274051 -6.2080917 2.4621992 73
2.0257788 -6.1292505 2.4727004 67
1.7805274 -6.0822668 2.4625182 79
2.0174913 -6.0078497 2.438482 50
1.9109999 -5.977634 2.4751894 31
2.2345154 -5.9754725 2.4857869 107
2.7365398 -5.9831109 2.4485879 24
2.7886059 -5.8098459 2.4910114 99
2.9162188 -5.8075767 2.4075286 28
1.0451962 -5.4056821 2.4266386 9
0.98030323 -5.2004452 2.4726965 19
0.63061541 -4.506525 2.417639 24
-1.3745614 -4.3508029 2.463588 0
-1.0477782 -4.241209 2.449584 10
-0.66493875 -4.1537275 2.4380512 15
-0.59582406 -4.1533761 2.4703469 16
-0.48602998 -4.0378485 2.4922521 14
0.54700887 -4.0414882 2.4128013 30
0.51084095 -3.8414724 2.4124629 9
2.3080926 -3.3787239 2.465451 14
-0.63372111 -2.7941415 2.4709084 1
0.27820867 -2.3972881 2.4194641 6
-3.3918626 -1.4342831 2.440563 14
-4.2098718 -1.1801499 2.4062865 108
-3.4044151 -1.1846598 2.418216 41
-4.2319727 -1.0756139 2.4305329 104
-4.2587509 -0.96996039 2.456748 101
-4.2891698 -0.86622196 2.4865813 99
-0.44205469 -0.82888085 2.4063487 163
-0.1315078 -0.74109161 2.4363217 33.5
1.5246537 -0.22928074 2.4887254 24
-0.62403321 -0.12022886 2.4340422 162
1.4998541 -0.1057055 2.4061966 28
1.5116036 -0.16648477 2.4477065 24.5
-0.34131673 0.054107659 2.4383354 27.5
1.461807 0.026805166 2.4422822 24.5
-3.926446 0.18464544 2.493727 37
1.4361607 0.14461814 2.4446816 27.5
-0.3793416 0.27799675 2.4277134 98
-3.4332452 0.31593618 2.4298568 38
-3.189589 0.38931105 2.4965186 28
-2.7767932 0.49450713 2.4475365 31
-2.7221251 0.5070222 2.4124584 34
1.3334758 0.55016875 2.4385614 29
-2.2481461 0.6286 2.4186213 34
1.3106537 0.65422571 2.4417329 26
-1.7437119 0.7475363 2.4136567 44.5
-1.3210655 0.85449731 2.4245949 65
-0.9316566 0.94832194 2.4604445 58.5
-0.56735474 0.97554177 2.4440372 33
-0.37321424 1.0972645 2.4116583 54
-0.52811289 1.1142597 2.4311192 58
-0.31954452 1.1054566 2.4706788 60
1.1631961 1.1718396 2.4757521 32
-1.8382083 -7.0063777 2.5062397 37
-1.4325147 -6.8966446 2.5172241 100
-1.3309722 -6.8626509 2.5639319 101
-0.83062345 -6.821094 2.5266409 124
-0.55709565 -6.7470026 2.5401392 120
-0.4591068 -6.6705856 2.5430651 109.5
1.8930755 -6.0400605 2.5716159 90
2.1204615 -5.96842 2.5415843 56
2.8775516 -5.8245077 2.5517328 115
2.8201625 -5.7995276 2.5164278 89
2.9164896 -5.4704404 2.5933146 26
2.8757732 -5.2938013 2.5423477 17
2.6872938 -4.8475199 2.5089757 19
0.80317622 -4.4775162 2.5027285 18
0.7538017 -4.2664042 2.5085521 16
-1.1054012 -4.1617231 2.5190258 5
-0.63924789 -4.1078758 2.5734243 12
0.70865756 -4.0603623 2.5097485 15
0.66711557 -3.8864594 2.5204911 20
0.63055199 -3.7808855 2.5691588 21
0.59400833 -3.6331353 2.5867589 19
2.3185163 -3.4260559 2.5983825 14
2.338675 -3.3327281 2.5304418 1
-1.1873581 -3.0423241 2.5067191 8.5
-0.97432047 -3.0325212 2.5178757 6
-0.92696446 -2.9914365 2.516715 19
-1.1638267 -2.8883595 2.506639 13.5
-0.95452547 -2.858747 2.5431962 34.75
-0.64142013 -2.8023243 2.5906785 39
-0.57558101 -2.8337405 2.5296462 1
-0.49938589 -2.8903172 2.5410781 6
-0.58176386 -2.7236722 2.5515151 39
-0.48526943 -2.7502122 2.5579939 38.5
-0.36633807 -2.7276988 2.5733147 36
-0.11791139 -2.6136761 2.5687757 7
0.21201713 -2.1392736 2.5331311 45.5
0.18341556 -2.0482681 2.5992351 32
1.8049196 -1.4692553 2.5207508 7
-4.1893654 -1.2389237 2.5935569 104
1.657161 -1.2781333 2.5208488 8
-4.3120217 -0.75866741 2.5113971 99
1.5672231 -0.7028411 2.5167627 19
-4.3406005 -0.6497367 2.5386572 101
-0.15800029 -0.64394128 2.5271583 33.5
-4.3689842 -0.54204261 2.5659916 102
-4.398416 -0.43232569 2.5952792 96
1.5644566 -0.41011944 2.5916586 24
1.5503902 -0.34083581 2.5589669 24
-4.3411384 -0.20273139 2.5770528 92
1.5371398 -0.27355787 2.5244558 25
1.4919996 -0.1106322 2.5654333 25
1.5007365 -0.15288857 2.5972161 25
1.4792118 -0.049740586 2.5146074 24.5
1.4510566 0.065251224 2.5301626 26.5
-4.1862607 0.12946789 2.5048385 33
-0.3680703 0.1476319 2.5270357 31
-0.38570189 0.21396855 2.5899041 28
-3.4294512 0.32171234 2.5518844 35
-3.1864572 0.39026672 2.5030026 28
-0.41604087 0.36503869 2.5260224 32.5
-2.9120703 0.45543057 2.5763152 31
-2.8522277 0.47525388 2.5396957 33
1.3464495 0.47536701 2.5700293 28
-2.3565631 0.59888071 2.5527456 35
1.3300571 0.55071986 2.5452223 25.5
-2.300226 0.61243355 2.5096729 42
1.3124472 0.62391895 2.5011187 26
-1.803651 0.71674502 2.5198219 60
-1.3516015 0.84354746 2.532793 50.5
-0.93971401 0.94719887 2.5824766 56
-0.56547868 0.95641994 2.5227036 24
-0.59822547 1.0759732 2.51617 48
-0.38162369 1.0970091 2.5645039 53
1.1235082 1.0423964 2.5218379 42
-0.56697333 1.1094296 2.5537663 58
-1.8975424 -7.01373 2.6869373 40
-0.85347182 -6.7989397 2.6235642 117
-0.73177773 -6.7186451 2.6014233 104
0.17527544 -6.4808784 2.6257119 117
1.87582 -6.057622 2.656395 33
2.006938 -6.0069041 2.6848848 31
2.1871154 -5.984241 2.632513 89
2.2387147 -5.9458094 2.6604271 101.5
2.8335321 -5.8274026 2.6934171 112
2.9236698 -5.7650886 2.6172843 118
0.56084418 -3.5085216 2.6148605 23
2.29424 -3.4039953 2.6840963 61
0.52976638 -3.3789048 2.6339836 21
0.50034684 -3.2593427 2.6561303 11
-1.4392121 -3.0102429 2.6201539 8
-1.2290144 -2.8827524 2.6279328 14.5
-0.9653964 -2.847403 2.6361244 55
-0.63291138 -2.7220876 2.6711001 57
-0.57836944 -2.7813518 2.6397855 35
-0.47555876 -2.7422953 2.6863906 70
-0.36644733 -2.7177298 2.6787064 68
-0.52202988 -2.6867893 2.6014283 66
0.15805225 -1.9467624 2.6525018 29.5
1.8187377 -1.441292 2.6235695 17.5
1.79843 -1.3706191 2.6541376 23
-4.2123909 -1.1314532 2.6150792 107
-4.2446246 -1.0277907 2.6427422 108
1.6315285 -0.74874663 2.6758313 19.5
1.6106586 -0.60698742 2.6755667 25
-0.1863554 -0.54330188 2.6281364 30
1.587227 -0.50655884 2.6367602 24
1.6035239 -0.55887747 2.668776 25
1.5756625 -0.4583416 2.6157804 22
-4.4233799 -0.32071456 2.6203909 100
1.526352 -0.26459986 2.6790013 24
1.5108972 -0.19718352 2.6329763 24
-4.3719053 -0.090978503 2.6060774 91
1.4799387 -0.064893246 2.6647682 25
-4.3893824 0.021449558 2.6261654 105
1.4656969 0.0014198183 2.6000357 25
-3.7382946 0.24271592 2.6570373 37.5
-0.40870196 0.28541812 2.6645639 26
-3.3541713 0.34803265 2.6359296 28.5
-2.9770169 0.43539521 2.6613386 31
-0.44790864 0.47483972 2.619755 30
1.3545737 0.4268797 2.648972 26.5
-2.4080882 0.58319509 2.6468358 40
-0.47428131 0.55509573 2.6952577 33
1.3248972 0.56456578 2.646049 28
-1.9021522 0.70263243 2.6879601 88
-1.3953657 0.83637851 2.6700063 43
-0.99887675 0.92879951 2.630631 64
-0.60515141 1.0671721 2.6212969 35
-0.32611421 1.10539 2.6266992 51
1.1551416 1.2347423 2.6635027 23
-1.9411718 -7.0277381 2.7000484 38
-1.5274897 -6.9203086 2.708132 101
-1.4247624 -6.8778872 2.7498629 95
-0.84418112 -6.8242731 2.7031066 119
-0.8155666 -6.7396517 2.787576 104
-0.56454968 -6.7521706 2.7141325 117
-0.4230417 -6.7016058 2.7325313 125
-0.5800584 -6.66995 2.7096212 101
2.3548243 -5.906703 2.7743917 110.5
-1.4645548 -3.011153 2.7383966 32
-1.0409513 -2.8236003 2.7352791 67.5
-0.97763729 -2.8784471 2.7604265 43.5
-0.64685827 -2.7955313 2.7006204 65
-0.58080339 -2.7350225 2.7429297 69
-0.36679512 -2.7157643 2.79813 82
0.34169656 -2.4660337 2.7307818 28
0.72599417 -2.3775687 2.7054725 22
0.85487378 -2.3584366 2.7902155 3
-3.4393771 -2.0463324 2.7973049 73
0.13045289 -1.8592564 2.7223816 15
1.8517364 -1.6093501 2.7966323 18
-3.7996345 -1.5680624 2.7935457 73
-3.8468633 -1.4712802 2.7734683 69
-3.7293093 -1.4486455 2.7959821 70
-3.8150873 -1.3949661 2.7944856 73
-3.7603428 -1.3099847 2.7954206 70
-3.8737354 -1.2532629 2.7888958 150
1.7607344 -1.2272874 2.7066989 28
-3.6622007 -1.1468208 2.7993066 71
1.7425674 -1.1518712 2.7238693 25.5
-4.0497055 -1.0208325 2.7916384 68
1.717066 -1.0485773 2.7370238 28
-4.0172372 -0.93862075 2.7926955 66
-3.9940042 -0.9578864 2.793596 71
1.6874311 -0.92020625 2.7421052 25
1.7011911 -0.97440851 2.7486875 25
-3.9433095 -0.85435075 2.7919359 67.333336
1.6760561 -0.86905813 2.7421556 28
-3.9342151 -0.79230374 2.7962646 66
-3.8879728 -0.73370838 2.7974086 62.5
-0.53164434 -0.73325062 2.7966838 151
-3.8371999 -0.63027823 2.7990909 67.5
-3.8256607 -0.57849532 2.7992256 60
-0.22091912 -0.43863663 2.7510173 31
1.5675113 -0.43466476 2.7891762 26
-3.6986358 -0.34436244 2.7978969 68
1.5497545 -0.36021757 2.7448123 24.5
-4.0159187 -0.28555328 2.7892926 121
-3.9016948 -0.27329424 2.7785614 114
-0.67774999 -0.20326285 2.790684 150
-3.9112062 -0.16910952 2.7932878 100
-3.7679827 -0.16571291 2.7818842 115
1.4954489 -0.13622026 2.7290041 26
1.5078502 -0.18547539 2.7768359 24
-4.3785162 -0.022865508 2.7886612 145
-3.6159146 -0.059366331 2.7953334 91.5
-4.3458543 0.091439433 2.7727003 82
-3.8975692 0.043893009 2.798017 97
-3.734091 0.24647088 2.789582 86
-1.9650759 0.29882219 2.7871251 21
-3.5521472 0.3023113 2.7969584 65.5
-0.42950839 0.35982323 2.7347 29
1.3701828 0.3570829 2.7678616 28.5
-3.0778275 0.41579375 2.7325828 29
-2.4840071 0.56738979 2.7093163 36
1.3306248 0.53039497 2.7182949 24
-0.49887264 0.63932991 2.7671545 39
-1.9347731 0.70652872 2.7383137 34
0.99591494 0.73791903 2.7272255 7
1.066574 0.76848632 2.7336335 8
-1.4410869 0.82397169 2.7232583 56
-0.98413938 0.93927628 2.75826 59
-0.3902877 1.0957166 2.7313805 59
-0.86130613 -6.8170457 2.8055704 129
-0.85372347 -6.7935095 2.8668973 97
-0.57068521 -6.7273521 2.8822095 98
-0.66185272 -6.6802778 2.891192 104
-0.42525059 -6.6016431 2.8648546 67
-0.84237391 -6.5241876 2.8605187 62
0.10558818 -6.5032454 2.8029706 117
-0.83341759 -6.3578749 2.8579047 60
-0.56233096 -6.2964158 2.8717427 57
-0.81505436 -6.1162653 2.8499246 66
-0.42028344 -6.1796513 2.8542964 64
-1.4616587 -6.0641699 2.8393853 61
-0.81654441 -6.0002241 2.8646231 71
-1.3306904 -5.9351945 2.8480661 67
-0.55582768 -5.9334774 2.8731842 68
-0.41616827 -5.8416638 2.862726 71
2.471664 -5.8681164 2.8897557 109
2.7927475 -5.8353214 2.8399267 108
-1.4092963 -5.731595 2.8461556 74
-0.79059809 -5.7764006 2.8561859 73
-1.2927637 -5.6050606 2.8458416 78
-0.80061132 -5.6605372 2.8652265 74
-0.54900503 -5.5995569 2.8736615 71
-0.4127596 -5.5266733 2.8670762 71
-1.3569381 -5.4040036 2.8408768 85
-0.76627171 -5.4275174 2.8413587 85
-0.78374946 -5.3288388 2.8528581 103
-0.54209 -5.2565918 2.853065 117
-0.40886021 -5.2226825 2.8654444 98
-1.7908139 -4.5708447 2.8429127 55
-1.7444472 -4.3409309 2.8394473 26
-1.1750058 -4.3508754 2.8526077 63
-0.73710388 -4.3458142 2.8686018 48
-0.52244341 -4.3098955 2.8815525 64
-1.8659066 -4.2799563 2.831389 63
-0.68468106 -4.220974 2.8699541 73
-0.39535707 -4.2617183 2.8757689 75
-1.7109817 -4.1587944 2.8548241 8
-1.1521927 -4.161684 2.8658099 41.5
-0.72892565 -4.1520061 2.879478 24
-0.51766104 -4.1089787 2.8879247 33
-1.8202674 -4.096457 2.8485775 18
-0.67062825 -4.0220494 2.8712454 38
-0.39250892 -4.068727 2.8830662 43
-1.1421623 -3.9926651 2.865412 22
-0.71896446 -3.9582181 2.8814776 8
-0.51293099 -3.9200592 2.8912857 9
-0.66069114 -3.8631201 2.8942478 6
-0.3898688 -3.8897369 2.8923512 11
2.2975655 -3.4342575 2.8136785 43
-2.1412387 -3.1791699 2.801774 1
-2.2454498 -3.0229783 2.8167529 1
-2.1202137 -3.0748212 2.8329976 44
-1.5450088 -3.0312042 2.8142729 1
-1.4887755 -3.0070903 2.8567488 118
-2.0841527 -2.9437029 2.8374946 72
-1.5333732 -2.9444201 2.8645527 61
-2.1993275 -2.8915942 2.8259583 62
-1.5010464 -2.8076475 2.8624322 93
-1.4682301 -2.8836136 2.864846 120
-1.117455 -2.835813 2.8845367 63
-0.98957515 -2.8660309 2.8728323 110
-2.1609237 -2.7711279 2.8415062 90
-2.0298834 -2.7888803 2.8125212 116
-1.4461443 -2.7591488 2.8670568 125
-0.9756335 -2.7462566 2.8812058 137.5
-0.66081733 -2.7426026 2.8491964 93.75
-0.5847553 -2.7604964 2.8650911 104
-0.47687256 -2.7204821 2.8484793 107
-1.445827 -2.6533256 2.8608441 145
-0.94779843 -2.6272314 2.8741448 122
-0.64930117 -2.6110187 2.8872433 118
-0.5791353 -2.6605434 2.887697 119
-0.36652869 -2.6917942 2.8995407 128
-2.0676725 -2.5123062 2.8359067 136
-1.043611 -2.50633 2.84005 6
-0.95787901 -2.5488176 2.8133113 114
-0.57114267 -2.5375826 2.8844185 115
-0.47279638 -2.5816588 2.8954656 109
-0.36411458 -2.5647871 2.8937364 111
-2.0316904 -2.4007862 2.8432009 108
-1.9499487 -2.4639294 2.8424454 104
-0.94408303 -2.492682 2.8681657 128.5
-0.64129055 -2.479141 2.869976 134
-0.56254017 -2.4136195 2.874166 142
-0.46748573 -2.4397049 2.8667729 149
-0.36024195 -2.4347908 2.8760202 140
0.31503674 -2.4540045 2.836319 59
-2.0036967 -2.3011892 2.8598237 32
-1.3856423 -2.3596158 2.858021 130.5
-0.63611567 -2.380306 2.8865647 150
-0.46453953 -2.3518229 2.894105 120
-0.35785103 -2.3418031 2.8973193 127
0.70595419 -2.3625562 2.8053484 44
0.83864176 -2.3365459 2.878499 29
-1.3666148 -2.2554307 2.862854 123.5
-0.93805605 -2.27051 2.8767011 150
1.199783 -2.2483158 2.8824439 7
-1.8677613 -2.1488931 2.8434305 102
-1.3485618 -2.1942511 2.8658817 137
-0.92898971 -2.1727445 2.882663 112
-0.8912726 -2.1897013 2.8893716 112
-0.62553877 -2.1745679 2.8966815 115
-0.54406047 -2.1147354 2.8999631 121
-3.2484765 -2.0421622 2.8082712 69
-0.91918582 -2.0699689 2.8816717 116
-0.87801951 -2.0838015 2.885571 118
-0.61988306 -2.0726948 2.8972554 121
-3.3854444 -1.9492744 2.8082113 73
-1.3190646 -1.9999821 2.8729112 125
-0.6145584 -1.9768211 2.8998034 119
-3.322243 -1.8463172 2.8058779 71
-2.5296059 -1.8361961 2.8306704 85
-2.4258866 -1.8960491 2.82602 129
-2.398052 -1.8097273 2.830709 96
-1.7986641 -1.8655564 2.8472083 150
-0.90182 -1.8824008 2.8884997 150
-3.121381 -1.7741493 2.8181224 89
-2.4878807 -1.7388011 2.8294411 90
-2.367662 -1.7214354 2.8296025 99
-1.2769719 -1.7259877 2.8741953 124
-0.83373374 -1.7101667 2.8966796 150
-0.34067613 -1.7228311 2.8557217 150
-2.4480922 -1.6433741 2.8270376 94
-2.3372343 -1.6351396 2.8274889 95
-1.8150674 -1.6894757 2.8579557 105
-1.7505256 -1.6497285 2.8529954 114
-0.84906876 -1.6150534 2.8884621 135.5
-0.59780568 -1.6961888 2.8964715 150
-3.1818993 -1.572741 2.8276711 63
-2.4127061 -1.5528945 2.8282588 92
-2.3123369 -1.5537361 2.8299015 104
-1.760023 -1.5450892 2.8581169 107
-1.2456584 -1.5529814 2.8750443 117.5
-1.1931126 -1.5662897 2.8916593 8
-0.58712733 -1.5234301 2.8955367 150
1.8351569 -1.5417776 2.8443637 21
-2.9654591 -1.4407285 2.8146207 150
-2.3816226 -1.4663608 2.8321123 90
-2.2884603 -1.4733078 2.8322227 109
-1.7187408 -1.4286299 2.844955 136.5
-1.2339145 -1.4706775 2.8782058 126.5
-0.83300269 -1.4482982 2.8925507 134
-3.6653082 -1.3331 2.800873 69
-2.9379375 -1.365387 2.8192558 105
-2.3491855 -1.3788339 2.8320694 98
-2.2569463 -1.3585722 2.8373218 109.5
-1.7200446 -1.3386958 2.8576674 112
-1.6687481 -1.3434666 2.809761 150
-1.22057 -1.3643819 2.8796852 123.66666
-1.1808285 -1.3524412 2.8916276 93
-0.85336131 -1.3653898 2.8885663 121
-0.79601645 -1.3694673 2.8991637 129
-3.6277463 -1.2589564 2.8043547 69
-2.950953 -1.2545841 2.8188999 99.5
-2.8709469 -1.2123102 2.8146062 92
-2.3200541 -1.2952676 2.8347449 98
-2.2607574 -1.230222 2.8401937 100.5
-1.7059549 -1.2619072 2.8690386 108
-1.6727755 -1.2540631 2.8638678 121.5
-1.2087065 -1.2386329 2.8802643 136
-1.1698912 -1.2642927 2.8924706 91
-0.84413689 -1.2491202 2.8925643 125
-0.7838766 -1.2495806 2.8992922 125.5
-0.41519296 -1.2478936 2.8850577 150
-3.9028645 -1.1516262 2.8191724 86
-3.5490377 -1.1107129 2.8045995 76
-2.9591596 -1.1382474 2.8198032 97
-2.847512 -1.1408693 2.818877 94
-2.237745 -1.1526573 2.8413754 99
-1.6692195 -1.1610833 2.867413 120.5
-1.1579155 -1.1506357 2.8901548 91.833336
-0.83333331 -1.1338648 2.889673 119
-0.7707206 -1.1316807 2.8974953 113
-0.48209482 -1.1540414 2.8926101 150
-4.0059199 -1.0540006 2.8102343 85
-3.8838348 -1.0350546 2.8112442 85
-3.6219811 -1.0695876 2.8039892 70
-3.5155292 -1.0394764 2.807723 65
-2.9170594 -1.0559255 2.8135943 94
-2.8150737 -1.0655811 2.8128941 92
-2.2412484 -1.0534209 2.8359888 99
-2.1758199 -1.0604722 2.8377633 103
-1.6517029 -1.0627799 2.8647377 116.66666
-1.157796 -1.0410354 2.8872275 105
-0.82630187 -1.0580301 2.8894026 123
-0.76423222 -1.0567333 2.8991075 116
-0.47222579 -1.0500373 2.820225 150
-4.0006084 -0.94212353 2.8127027 91
-3.8812418 -0.92412108 2.8166978 87
-3.5602965 -0.95274448 2.8071175 82
-2.87394 -0.94067025 2.8195987 85.5
-2.7818561 -0.96136582 2.8176184 96
-2.2206225 -0.97674412 2.8429346 95
-2.1751451 -0.92780733 2.8418317 96
-1.6250614 -0.95610923 2.8660383 123.66666
-1.1404665 -0.94323176 2.8882794 103.8
-0.81725168 -0.94773662 2.8878572 125.5
-0.75256413 -0.94282055 2.8966763 120.5
-3.9961505 -0.83122814 2.8157258 94
-3.8708963 -0.81235832 2.8157325 97
-2.8247957 -0.82446921 2.8140793 88
-2.7482343 -0.85813302 2.8173554 103
-2.1453302 -0.84284973 2.8426189 104.33334
-1.6106193 -0.86209428 2.8650959 125.5
-1.1335018 -0.8429001 2.886456 109.6
-0.81028354 -0.84243304 2.8971651 134
-4.0999503 -0.73856264 2.8147049 99
-3.9722219 -0.71474719 2.8045139 83
-3.8572869 -0.70267004 2.8125219 95
-2.7421265 -0.7535693 2.8149335 98
-2.1341465 -0.75061339 2.8453455 96.5
-1.6066614 -0.79718614 2.8712935 120
-1.5895014 -0.74212837 2.8669488 110.33334
-1.1358497 -0.75079763 2.8839121 113.5
-1.098691 -0.76693302 2.8933814 85
-0.9307366 -0.71671414 2.8987489 89
-0.80420285 -0.77156758 2.8947973 123
-0.79852188 -0.70270795 2.8964071 123
-4.0902972 -0.62379962 2.8178465 126
-3.9710789 -0.60377997 2.8097773 108
-3.8522115 -0.67996567 2.8036723 68
-3.4357865 -0.69109088 2.8120587 88
-2.7605591 -0.63905036 2.8160505 107
-2.6915214 -0.65744543 2.8209224 89
-2.1285863 -0.63944644 2.8389735 94.5
-2.0908461 -0.65050519 2.8489408 102
-1.5759625 -0.65019321 2.8650367 103
-1.118991 -0.66154021 2.8818636 121
-1.0843476 -0.63250071 2.8941336 90.333336
-0.75858748 -0.62743473 2.8969111 132.5
1.6168599 -0.66826707 2.8769288 22.5
-4.0760112 -0.51113766 2.8154094 97
-3.8497739 -0.59384871 2.8146122 123
-3.7965164 -0.52764344 2.8064234 71
-2.7342827 -0.53202027 2.8235939 98
-2.6694813 -0.56046873 2.8251626 105
-2.1101291 -0.53224456 2.8472977 91
-2.0711589 -0.55145139 2.8469484 98
-1.5613397 -0.54645079 2.866776 111
-1.1339755 -0.56181014 2.8838391 115
-1.0769151 -0.53599185 2.8857358 90.666664
-0.91574568 -0.55982125 2.8960509 97
-0.8891055 -0.53814214 2.8923757 84
-0.78617716 -0.56397104 2.8886738 138
1.5910027 -0.53822225 2.8390696 26
1.6028236 -0.59048307 2.859091 25
-3.9583631 -0.4940635 2.8071988 83
-3.8361907 -0.48516002 2.8113983 92
-3.7508755 -0.44285867 2.8024333 69
-2.7117989 -0.45938835 2.8216929 93
-2.6470759 -0.46247843 2.825423 98
-2.067241 -0.45538211 2.8447704 99
-1.5235915 -0.43492523 2.8118148 81
-1.1250468 -0.46142888 2.8843474 104
-1.0740955 -0.45056731 2.8906121 102.25
-0.90385205 -0.4445529 2.8936925 99.5
-0.88389212 -0.46225643 2.8974612 102
-0.77966261 -0.46364969 2.8959293 137
1.5791181 -0.48595154 2.8168132 25
-4.0578256 -0.39757106 2.8115687 99
-3.9431624 -0.38440073 2.8029408 102
-3.8201735 -0.37852702 2.8064983 91
-3.7240272 -0.33801031 2.8011756 67.5
-3.2444944 -0.30451387 2.8184798 89
-2.658695 -0.36060044 2.8278961 93.75
-2.0648677 -0.35550818 2.8490598 103.33334
-1.5278291 -0.3535752 2.842788 110
-1.1133015 -0.3606481 2.8715529 122.5
-1.0574659 -0.3622849 2.8782837 102.66666
-0.88909334 -0.3303116 2.8827465 150
-0.77245194 -0.36331537 2.8952162 143
-0.24750957 -0.35452431 2.8484883 33
1.5445982 -0.34464544 2.898035 27
-3.8102262 -0.27176127 2.8069034 107
-3.2268512 -0.24089769 2.8172047 92
-2.6381865 -0.25974959 2.8292038 92.5
-2.5978942 -0.20759514 2.8265254 88
-2.0393779 -0.25687405 2.8487165 106.33334
-1.5268636 -0.26043859 2.8697405 109.33334
-1.104292 -0.26183432 2.8665464 128
-1.0458848 -0.2583454 2.8743978 116.4
-0.76481932 -0.26347274 2.8895209 139.5
1.5254457 -0.26329008 2.8359351 27.5
-4.0213408 -0.17643782 2.8024805 103
-3.2102046 -0.17725857 2.8158443 96
-2.6438327 -0.14355679 2.8293185 86.5
-2.5916927 -0.14475177 2.8302886 88
-2.0281658 -0.13894509 2.8467836 106.25
-1.5176964 -0.15884526 2.8658774 110.66666
-1.1011949 -0.19793017 2.8729889 133
-1.0493938 -0.13929905 2.8787849 109
-4.0132833 -0.069635183 2.8053272 96
-3.9124041 -0.061770543 2.8009081 90
-3.7862659 -0.061322596 2.8049052 97
-3.6044376 -0.019379439 2.8010366 78
-2.6259897 -0.039855525 2.8290992 134
-2.5754495 -0.049590878 2.8254933 124.5
-2.0198553 -0.039610699 2.8515186 109
-1.5085975 -0.07635811 2.8645954 107.5
-1.499936 -0.022543896 2.8686152 102
-1.0510377 -0.047874432 2.8765421 116.33334
-0.75232899 -0.066801727 2.8974452 138
-4.0002007 0.039050069 2.8048263 91
-3.7799799 0.042520534 2.8089252 101
-3.6127038 0.033277363 2.8033638 95
-3.5910041 0.045334004 2.8014011 74
-2.6201873 0.030027544 2.8337829 94
-2.5838609 0.071240842 2.8243113 102.5
-2.0149419 0.049644914 2.8513043 104.33334
-1.9973007 0.088974103 2.8473625 118
-1.5060208 0.034624975 2.8619261 112.5
-1.4937433 0.045385707 2.8652341 106
-1.029471 0.042831924 2.8770967 112
-0.99953371 0.07782279 2.8718331 116
-0.74280256 0.030888999 2.8723545 150
0.040245153 0.0026542428 2.8896878 113
-3.9846578 0.14667733 2.8026454 109
-3.8918228 0.150754 2.8012891 99
-3.7668214 0.14521261 2.8070779 99
-3.1725295 0.14452191 2.815593 54.5
-2.5501192 0.10640484 2.8136618 114
-2.0117052 0.16629717 2.851105 110
-1.9960088 0.15293555 2.8506944 128
-1.5018148 0.13052477 2.8645749 120
-1.4908357 0.16417307 2.8656242 111.33334
-1.0577693 0.15983143 2.8786278 124.75
0.15169479 0.11402066 2.8836403 2
-3.5751653 0.23722139 2.8093269 79.5
-3.1640568 0.21134955 2.8150258 91
-1.9829072 0.24246012 2.8268993 128.66667
-1.4885802 0.25568521 2.8639979 108
-1.052578 0.26100606 2.8772368 134.5
1.381845 0.2993513 2.8540215 27
-3.1492302 0.36215544 2.8171666 103.33334
-2.5518973 0.36782697 2.8083642 150
-1.483578 0.35640517 2.8593657 115
-1.0485318 0.32745528 2.8731802 150
-0.29979864 0.33117217 2.8989539 150
-2.5592029 0.49366 2.8382838 107
-1.9921283 0.47788715 2.8520958 113
-0.45015055 0.43822032 2.807081 33
-0.28717056 0.46585783 2.8990545 143
1.3425007 0.47658175 2.8408835 28
-2.5681214 0.53904939 2.8285646 95
-2.0006168 0.51812363 2.8527274 120
-1.4932839 0.59052026 2.8636019 133
-1.0004369 0.52735537 2.8056605 91
-0.4550513 0.54902506 2.8814218 128
-0.24324675 0.54815894 2.8865347 150
0.091501959 0.59661043 2.8901827 67
-2.0083008 0.66620123 2.862381 119
-1.9978658 0.64453316 2.8556619 127.5
-1.4735534 0.60485804 2.8676984 108
-1.0177982 0.68638474 2.8856041 150
-0.43495518 0.64731735 2.8876591 150
-0.36438689 0.66039419 2.882247 147
-0.23850612 0.64433765 2.891325 135.5
-0.1980722 0.69943374 2.8857191 111
0.097621754 0.66559833 2.8985288 57
-1.491732 0.75973368 2.8709548 126.66666
-1.0633715 0.72928029 2.8744764 150
-0.52793193 0.73061979 2.8490634 75
-0.18971264 0.76431459 2.8760295 97
0.11268242 0.7655766 2.8889647 55
-1.4706253 0.81985521 2.8531861 77
-1.0631725 0.87227827 2.8798583 131
-0.41764086 0.86188781 2.8923852 143
-0.35350609 0.84134185 2.8932734 150
-0.2452313 0.88383049 2.8916948 150
-0.18858354 0.8615371 2.8876009 111.5
0.12618193 0.86855507 2.8874972 43
-1.0305736 0.91426462 2.8466129 109.5
-0.40490812 1.0016516 2.8695405 150
-0.39953429 1.083462 2.8901651 131
-0.16170153 1.0397956 2.8688455 115
-0.33228278 1.1093028 2.8128695 59
-0.22078735 1.1094037 2.8968043 130
-1.6277242 -6.946877 2.9054353 109
-1.5258391 -6.910985 2.9479954 98
-0.90108913 -6.7626357 2.9773459 127
-1.6344166 -6.6870308 2.984545 52
-1.5794414 -6.2551875 2.9765646 56
-1.4777061 -6.1821175 2.9941049 52
-0.88375396 -6.0048776 2.9899399 55
-1.8817478 -5.937789 2.9584272 22
2.2370131 -5.9326587 2.9149551 53
-1.5286546 -5.8662534 2.968004 59
2.7538817 -5.8462577 2.9917488 106
-1.4309412 -5.790122 2.9784048 60
-0.87122649 -5.6600528 2.9871955 58
-1.7857296 -5.5236549 2.9214616 27
-1.7892691 -5.4749389 2.9025466 24
-1.4612057 -5.4565654 2.9295642 110
-1.3779657 -5.4032407 2.9490902 103
-0.84597033 -5.2913709 2.9560449 99
-1.2878237 -4.3702407 2.9702945 0
-0.17220744 -4.058147 2.9910259 58
-0.18754345 -3.8707538 2.9939559 16
-1.5296704 -3.7865887 2.9403183 0
2.3097119 -3.4796276 2.9595392 47
-1.1321664 -2.7431221 2.9321599 53
-0.75197423 -2.7327111 2.9455621 126
-0.66958147 -2.6508098 2.9571507 105
-0.74574584 -2.5998077 2.9443965 98
-0.66580975 -2.5198429 2.9543581 96
-0.7326718 -2.4599757 2.9265232 123
0.289482 -2.4269168 2.9289784 52
-0.73155409 -2.3470094 2.935226 88
-0.65247774 -2.377064 2.9294264 150
0.26943302 -2.3556812 2.9711452 76
0.68670416 -2.3675625 2.9365075 64
0.82316494 -2.326771 2.9859304 56
0.26172009 -2.2152228 2.9238853 150
0.64497948 -2.2064569 2.9941177 99
-0.45677263 -2.1450024 2.9027495 147
0.24253215 -2.1520338 2.970901 135
0.77882701 -2.1428487 2.9931779 103
-0.53754616 -2.0157697 2.9005623 125
-0.45312762 -2.0450788 2.9030375 117
-0.34974766 -2.0358243 2.905087 125
0.22872053 -2.0637753 2.9839067 99
0.61513233 -2.0510397 2.9823873 90.5
0.75830013 -2.0513976 2.9920533 120
-0.53281558 -1.923792 2.9080253 121
-0.44905841 -1.9501786 2.9083843 126
-0.34725952 -1.9378294 2.9023035 150
0.58862495 -1.9154555 2.9930429 86
0.73804206 -1.9579127 2.9833269 150
-0.34413564 -1.844837 2.9035897 150
0.72041953 -1.865478 2.9736233 120
-0.60300833 -1.792097 2.9039707 150
-0.44046265 -1.7663779 2.9120948 138
0.55903435 -1.729351 2.9823418 80
0.68848646 -1.7037977 2.9768062 150
-0.51377207 -1.6478866 2.9027457 150
0.54563236 -1.6453102 2.988132 72
-0.62368113 -1.5323939 2.9193912 12
-0.42813414 -1.5026482 2.909086 150
0.53289568 -1.560267 2.9854045 48
-1.0056273 -1.4902231 2.9039919 55
-0.9853757 -1.472172 2.9140112 71
-0.68497068 -1.4227666 2.922919 108
-0.58236843 -1.4425532 2.9000337 150
0.64769858 -1.4739255 2.9810793 93
1.1093239 -1.4159111 2.9944799 87
1.4289062 -1.4746357 2.981329 79
1.5319306 -1.4338788 2.9615891 81
1.7467825 -1.401008 2.9964805 93
-0.98902291 -1.3065724 2.9072721 90
-0.57766175 -1.3636755 2.904525 117
-0.45635143 -1.3289205 2.9117374 123
0.03421884 -1.386236 2.9599254 23
0.5128327 -1.3781829 2.9471498 4
0.63615841 -1.397647 2.9764774 88
1.0940999 -1.347607 2.9948373 86
1.3892363 -1.3292632 2.9701958 77
1.5128443 -1.3496394 2.9849143 86
1.7820866 -1.3377582 2.9248052 32.5
-0.97154343 -1.250188 2.9052644 91
-0.67767245 -1.2498959 2.926435 98
-0.57026529 -1.2458553 2.9072769 118
-0.48835874 -1.240025 2.9131172 131
0.027097439 -1.2192843 2.9533887 90
0.61471051 -1.2512499 2.9693153 117
1.0725546 -1.2446283 2.9854953 95.5
1.4922103 -1.2633343 2.9997945 85
1.7394603 -1.2431431 2.9644573 53.666668
-0.95851332 -1.144884 2.9068377 91.666664
-0.56238836 -1.1278505 2.9020879 122
1.0537169 -1.1457204 2.9796326 93
1.3509953 -1.1389807 2.9949009 87
1.4626247 -1.1408014 2.9998972 97
1.7338678 -1.1451147 2.9540615 38
-0.95245171 -1.0350823 2.9075494 94
-0.55823034 -1.0519407 2.9005041 118
0.02086485 -1.0602844 2.9504483 86
1.0438632 -1.0845459 2.9847181 150
1.3335767 -1.0418346 2.9953547 103.5
1.4364029 -1.0223076 2.9949622 89
1.7142488 -1.0615993 2.9572718 32
-0.94433337 -0.95074683 2.9068456 87.5
-0.55121124 -0.94361854 2.9047186 126.5
0.016266635 -0.94628477 2.9510372 91.5
0.57984126 -0.94390172 2.9588828 75.5
1.0237441 -0.96011275 2.9792533 150
1.6691675 -0.95400971 2.9638245 53.333332
-0.93714136 -0.86838925 2.9068274 93.5
-0.74416459 -0.83690006 2.9080086 121
-0.54393005 -0.83529389 2.9059455 132
0.015414616 -0.83128726 2.9412341 87
0.57172757 -0.84619862 2.9563203 43
0.89752531 -0.82746434 2.9682121 99
0.9038558 -0.89349788 2.9701924 150
1.0076617 -0.83977425 2.9767818 103
1.3061746 -0.88158745 2.9854753 150
1.6342573 -0.82905209 2.9613948 63.5
-0.92782855 -0.78707665 2.9033899 96
-0.73735124 -0.76394969 2.9056323 117
0.014566457 -0.75728959 2.9408209 89
0.56434995 -0.75049067 2.9496987 34.5
0.89118904 -0.76243067 2.9662316 101
0.99201018 -0.71735913 2.9568615 105
1.000674 -0.77961469 2.9732792 102
1.2912029 -0.75946933 2.9847929 92
1.3869978 -0.73821491 2.9785645 87
1.5947795 -0.73233712 2.9810441 124
-1.0932802 -0.69026679 2.9002929 83
-0.91829765 -0.66818035 2.9059563 90
-0.89983052 -0.61693299 2.9012966 95
-0.73090845 -0.69400144 2.9072373 123
0.5583449 -0.65582073 2.9448211 25
0.88515079 -0.66690862 2.9676359 109.5
0.98249543 -0.62908268 2.9399366 93.5
1.2818866 -0.66839302 2.9807596 97
1.3795716 -0.65910208 2.9825168 92
1.5892994 -0.65181935 2.9914765 104
-0.71923304 -0.55308378 2.9013078 139
0.55490071 -0.5641948 2.9378388 19
0.87814653 -0.53887427 2.9585943 96
0.97941041 -0.55014151 2.9657266 108
1.2733321 -0.55026591 2.9769955 91.5
1.3684902 -0.55186999 2.974184 93.5
1.5775367 -0.54068363 2.9806933 86.5
-0.71071714 -0.45015383 2.9051185 133
0.019331282 -0.40130803 2.924192 145
0.87614191 -0.44638065 2.9607785 101
0.97582817 -0.46703762 2.9631491 98
1.2681354 -0.43467361 2.9742496 94
1.3625191 -0.44877088 2.9748564 86.5
1.5617659 -0.42894399 2.9465387 41
-0.70286155 -0.34821361 2.904856 129
0.018670192 -0.33331144 2.9304845 107
0.13276981 -0.3158173 2.9111466 2
0.8751539 -0.35539037 2.9595778 101
0.9713729 -0.35740691 2.9589489 106
1.2690989 -0.35021472 2.9799809 94
1.3588721 -0.34719712 2.971652 92.5
-0.26202092 -0.29346016 2.9020729 63
0.021752154 -0.26531741 2.9263852 100
0.87499857 -0.23339202 2.9404984 102
0.9707396 -0.24937272 2.9570813 108
1.2678478 -0.26520732 2.9703412 98.5
1.3592899 -0.2467058 2.9703391 91.5
-0.75971401 -0.16563116 2.900667 143
0.028218359 -0.16332757 2.9139225 99
0.87768406 -0.14341329 2.9266689 106
0.97282112 -0.14340132 2.9575853 100
1.2723873 -0.15377411 2.9666314 99.5
1.3614962 -0.14775102 2.9698629 93.5
-0.26357484 -0.064000659 2.9097974 150
0.030343747 -0.063336261 2.922606 94
0.88570428 -0.05601576 2.9522815 99
0.97683322 -0.038964435 2.9562407 98
1.2798154 -0.04386887 2.962615 95
1.3681703 -0.0508825 2.9703674 96.5
-0.25726289 0.034487635 2.9088511 150
0.038813315 0.068648249 2.9165826 87
0.89590216 0.060888503 2.9523709 95.5
0.9833349 0.065920196 2.9554975 97
1.2910337 0.063998662 2.9587123 98
1.3753588 0.046502285 2.9650435 96.5
-0.31546104 0.16555791 2.9011002 150
-0.24843852 0.16697128 2.9086294 150
0.043354638 0.13563956 2.9164708 90
0.15030505 0.17691946 2.9113493 2
0.96229142 0.16263135 2.9431515 119
1.3585731 0.14364977 2.9625313 99
-0.30672944 0.26434255 2.9003558 150
-0.24154601 0.26695916 2.9067299 150
0.052399304 0.23412502 2.9079654 84.5
0.57268751 0.24219815 2.9164407 12.5
0.91462076 0.23573557 2.9386539 126.5
1.0034783 0.27358162 2.9468598 101.5
1.3547943 0.23199373 2.9492559 77
-0.26552865 0.36648878 2.9068072 139.5
0.064326897 0.36610395 2.9052043 79
0.58289719 0.35550085 2.9167938 14
0.93210781 0.35315314 2.9421258 95.5
1.0135212 0.35239002 2.94677 105
1.3383332 0.33594948 2.9639707 94.5
-0.37856764 0.45694223 2.9020448 148.5
-0.22967444 0.43543798 2.9067764 148
0.074694082 0.46563473 2.9022505 81
0.95268738 0.46955967 2.9365616 99.5
1.0242581 0.43021476 2.9403913 102.5
1.3506439 0.41383851 2.9452159 62
-0.37245923 0.55941719 2.9005928 150
-0.22157437 0.53692484 2.9024727 134
0.082314029 0.53162289 2.9002643 67
0.60633171 0.55650395 2.9239779 26
0.96993399 0.5569253 2.9317205 99
1.0421526 0.53487611 2.9388719 97
-0.21663618 0.60691577 2.9049168 150
0.61802226 0.64083618 2.9113715 49.5
0.98965406 0.64676446 2.934644 98
1.0617756 0.64001501 2.9348445 94
1.0589162 0.74193269 2.928256 91.666664
-0.33927089 1.0692773 2.9025939 122
-0.72943425 -6.6118693 3.0422225 53
-1.522614 -6.5981412 3.0020447 48
-0.90331239 -6.4176297 3.0063434 50
-0.72280574 -6.186842 3.0269213 47
-0.037462167 -5.9000149 3.03002 61
-0.71549684 -5.8028436 3.0101209 59
2.3552394 -5.8976145 3.0323937 89
2.5774431 -5.8306108 3.0013471 107
2.6045318 -5.8335829 3.0151346 114
-0.71473897 -5.4797339 3.0085027 64
1.5060761 -5.3393373 3.0567784 71
1.8180033 -5.3966589 3.0670969 47
2.4162827 -5.2183266 3.090379 69
-0.7123028 -5.1756682 3.0045376 74
1.4190747 -5.064045 3.0490372 70
2.2963183 -4.9635906 3.0814614 66
2.6209226 -4.9968648 3.0873451 52
1.3346944 -4.7807508 3.0215449 103
2.1846721 -4.7219009 3.0687203 67
2.5055256 -4.7825975 3.086884 66
1.2697088 -4.5915475 3.0440173 75
2.0869792 -4.5113068 3.0658469 75
2.3961232 -4.5734181 3.0804069 67
1.4725937 -4.4521513 3.0457857 53
1.2040362 -4.3713269 3.0374484 54
2.2950139 -4.3794146 3.0767419 74
1.9889812 -4.2906961 3.0495729 70
1.1433169 -4.1701236 3.0343113 70
1.9077789 -4.111207 3.0511286 87
2.2012973 -4.1935458 3.0710313 75
2.1136074 -4.0177875 3.0637517 73
1.0885218 -3.986944 3.0372646 71
1.8294858 -3.9297256 3.044107 79
1.0360907 -3.800765 3.0280755 64
2.033407 -3.8551981 3.0611074 74
1.7551448 -3.7542667 3.0356269 85
0.98878926 -3.6356089 3.0290229 42
1.6959832 -3.6179264 3.0508397 70
1.9579366 -3.6976855 3.0551682 80
1.1724671 -3.5544374 3.0158381 16
1.8768277 -3.5169406 3.024461 50
0.9449212 -3.4734614 3.0249538 12
1.6313742 -3.4652531 3.0461621 59
2.2943647 -3.467679 3.0637741 73
1.1239096 -3.3973391 3.0047126 15
1.5717328 -3.3158641 3.0390484 37
1.7565839 -3.2565873 3.0270669 22
1.5179436 -3.1775169 3.0357852 11
1.7066972 -3.1466672 3.0398233 9
2.1506696 -3.1973929 3.0557559 55
1.479701 -3.0863159 3.0718498 0
1.656631 -3.0327003 3.0436585 7
2.0882781 -3.0798476 3.0595026 33
2.0289145 -2.9613223 3.0591407 12
0.66581565 -2.3155279 3.0006387 93
1.7834537 -2.1016037 3.001687 2
1.6641552 -1.8024857 3.0101392 86
1.5011314 -1.7063203 3.0012257 150
1.6423818 -1.7371447 3.0218177 83
1.8748082 -1.7527093 3.0075305 43
1.6171902 -1.6656804 3.0197556 81
1.8376968 -1.6506977 3.0180554 71.5
1.1439433 -1.559649 3.0034509 85
1.1260115 -1.4872743 3.0003283 89
1.417158 -1.4155798 3.0054822 89
1.7302918 -1.3388489 3.0051601 85
1.3741713 -1.2416956 3.0021038 85.5
1.476753 -1.202057 3.0000887 93
1.6979555 -1.2155184 3.013999 84
1.6797202 -1.1513023 3.0075235 92
1.4493489 -1.0825636 3.0001137 88
1.6567254 -1.0575409 3.0026016 88
2.7291114 -5.803515 3.1402066 97
2.7007957 -5.7958884 3.1250553 93
2.5912209 -5.1091466 3.1350305 9
