# .PCD v0.7 - Point Cloud Data file format
VERSION 0.7
FIELDS x y z intensity
SIZE 4 4 4 4
TYPE F F F F
COUNT 1 1 1 1
WIDTH 6774
HEIGHT 1
VIEWPOINT 0 0 0 1 0 0 0
POINTS 6774
DATA ascii
-3.9557271 -6.5451694 -0.66309714 35
-2.5784693 -6.4590297 -0.60148966 3
-1.5138092 -6.456543 -0.61176711 68
-0.80142754 -6.0916719 -0.60379827 37
-2.2440028 -5.8855968 -0.61950719 2
-3.1274905 -5.054812 -0.60267866 3
-4.4331169 -6.5668125 -0.57646686 72
-3.9690361 -6.5771456 -0.52271724 108
-3.0194137 -6.5731287 -0.54401422 58
-2.7347846 -6.5598316 -0.55738014 104.5
-2.4514389 -6.5362959 -0.5543496 126
-2.0062084 -6.4341979 -0.55811054 43
-0.83224148 -6.4650931 -0.5037266 83
-0.38699222 -6.4536767 -0.56438941 80
-0.27148855 -6.4898744 -0.52839041 89
-0.19589904 -6.4808221 -0.54944193 101
-0.59349126 -6.226213 -0.54189664 32
-2.9189317 -6.1221046 -0.58243179 4
-1.1292264 -6.0233464 -0.55733716 47
-1.1058309 -5.9554286 -0.51418042 25
-2.5925312 -5.8456569 -0.54684639 1
-0.26778248 -5.8053479 -0.59349251 33
-0.20571774 -5.6721311 -0.59608287 20
-3.776567 -5.5362377 -0.59090376 0
-0.96074206 -5.5667977 -0.5282138 16
-0.37528241 -5.5108323 -0.59161866 13
-2.2901535 -5.3751106 -0.58524507 3
-1.2891911 -5.2134156 -0.59261787 14
-1.649165 -5.1078539 -0.53626788 6
-0.53841847 -5.1812472 -0.55190957 11
-2.1778531 -5.0752096 -0.53065866 3
-1.9981135 -5.0995903 -0.54067647 4
-0.95683247 -4.8080606 -0.53273547 10
-0.70986551 -4.8994904 -0.57644641 11
-2.3500888 -4.7995281 -0.53864676 4
-1.8761162 -4.7363796 -0.5852384 4
-0.77578729 -4.7416439 -0.51200157 10
-0.27234104 -4.6390567 -0.55957496 13
-0.22497529 -4.5588789 -0.56436622 12
-1.9330589 -4.4050879 -0.5600341 4
-1.866716 -4.4898748 -0.51830178 4
-1.6827432 -4.4064622 -0.52401078 3
-0.36477804 -4.4936466 -0.5662505 11
-1.4193769 -4.2526374 -0.52286482 8
-1.1212552 -4.2852507 -0.56523365 9
-0.49337262 -4.2840757 -0.53545129 11
-2.6258411 -4.1495957 -0.56983125 5
-2.0314846 -4.062264 -0.53001738 7
-1.6270033 -4.0516129 -0.51211846 8
-0.8463611 -4.0238914 -0.5188337 10
-0.6465807 -4.0793629 -0.55717874 11
-1.6334151 -3.9742427 -0.56391102 9
-1.4585201 -3.9324141 -0.51853019 9
-2.7165847 -3.8591785 -0.52915609 18
-0.25657305 -3.8548188 -0.54448807 10
-2.5463204 -3.7303286 -0.54009426 7
-1.6905088 -3.7460718 -0.54484236 8
-0.3574726 -3.7915208 -0.54913437 10
-1.4205042 -3.6533937 -0.50164944 8
-1.253257 -3.6324818 -0.51318747 8
-1.0065124 -3.6461487 -0.54853702 9
-0.46091259 -3.6329386 -0.52203488 9
-2.3148768 -3.5854633 -0.55868709 8
-1.2700422 -3.5193467 -0.50994456 8
-2.6891439 -3.4577963 -0.53351933 8
-1.7725803 -3.460011 -0.51380146 7
-1.4573324 -3.4221451 -0.54878736 8
-0.76539755 -3.4517765 -0.50968993 8
-0.59932441 -3.4642332 -0.53697574 8
-2.3808596 -3.3218803 -0.53166527 8
-2.2407248 -3.3502398 -0.5265789 7
-0.27708605 -3.3197536 -0.52482623 10
-1.511705 -3.2590597 -0.53522658 8
-0.35176671 -3.2684247 -0.53600532 12
-0.24656093 -3.2806029 -0.529989 11
-2.4115314 -3.1774893 -0.52110171 5
-2.054558 -3.1133506 -0.54193562 8
-1.1253774 -3.1818347 -0.50530308 7
-0.92043799 -3.1700735 -0.53624648 10
-0.43706715 -3.1518364 -0.51195377 10
-2.7750187 -3.0950468 -0.55682367 21
-2.004858 -3.0611975 -0.52044082 8
-1.5978243 -3.0528662 -0.5088501 7
-1.3287752 -3.0160885 -0.54068965 7
-0.70340854 -3.0116677 -0.50005573 9
-0.5679093 -3.0491898 -0.5308997 9
-2.1590252 -2.9399333 -0.51712728 7.5
-0.26548874 -2.9186308 -0.52247477 9
-2.7729325 -2.8479068 -0.52413344 23
-1.8119951 -2.8261585 -0.51477796 7
-1.3691951 -2.8670495 -0.52376658 9
-0.34758908 -2.8733625 -0.52611816 10
-2.4984055 -2.7388313 -0.54347152 7
-2.0053914 -2.7790229 -0.51065874 7
-1.8646518 -2.7672689 -0.53435647 7
-1.4531658 -2.7137403 -0.50313377 9
-0.85421962 -2.7970109 -0.52597886 11
-0.54071838 -2.7021296 -0.52174997 9
-0.4188574 -2.7867672 -0.50540382 10
-2.5856264 -2.6306956 -0.53366733 8
-1.934713 -2.6104469 -0.51150876 7
-1.8400022 -2.6138339 -0.50603831 6
-1.6401982 -2.6101124 -0.50788158 6
-1.2242945 -2.6840327 -0.5321123 8
-0.27961507 -2.6016376 -0.51242155 11
-1.2564787 -2.559041 -0.51591629 10
-0.80455172 -2.5159814 -0.5215444 13
-0.40429676 -2.5047312 -0.50249124 10
-0.34416378 -2.5723209 -0.52077478 12
-0.2567701 -2.5935183 -0.52061617 13
-2.2962556 -2.4766734 -0.53869474 7
-1.7108433 -2.4872024 -0.52692389 9
-1.698163 -2.4736707 -0.50247759 5
-1.5014631 -2.43909 -0.50470126 8
-1.1377884 -2.4119737 -0.52263463 10
-0.51935071 -2.424083 -0.5146634 11
-2.7870977 -2.3127499 -0.54854292 19
-2.3676982 -2.3774638 -0.52644873 7
-1.775942 -2.3542948 -0.50529313 8
-1.1705681 -2.3210344 -0.51141459 11
-0.27089101 -2.3380241 -0.51010644 12
-2.8001244 -2.2039182 -0.5230273 27
-2.1184268 -2.2465341 -0.53104323 8
-1.5830914 -2.2521467 -0.51976377 11
-0.76018214 -2.2669325 -0.5133453 12
-0.50273037 -2.2020547 -0.51063401 13
-0.34113473 -2.2992468 -0.51026505 13
-2.2310553 -2.1019671 -0.50660437 0
-2.1917319 -2.172277 -0.52093035 7
-1.0606092 -2.1679049 -0.51075464 10
-0.27255106 -2.1169717 -0.50383365 12
-2.6657748 -2.0817373 -0.53401315 7
-2.5596747 -2.0915427 -0.5342719 6
-1.9686385 -2.0514166 -0.52385664 7
-1.4783217 -2.0581007 -0.51361066 11
-0.72546488 -2.0739083 -0.50962323 12
-0.48734379 -2.0030096 -0.50355798 12
-0.33854878 -2.0952165 -0.50636542 11
-2.8081579 -1.9173943 -0.50529891 31
-2.3869026 -1.9203824 -0.52587956 6
-2.0484943 -1.9860225 -0.507249 5.5
-1.0076401 -1.9948918 -0.50945401 12
-0.33604223 -1.9161795 -0.50130659 11
-0.26786366 -1.9233555 -0.50015575 11
-2.8083506 -1.8821229 -0.50214994 30
-2.7729716 -1.8666552 -0.53416181 11.5
-2.4613569 -1.8975204 -0.52062875 6
-1.918501 -1.8664505 -0.50459164 7.5
-1.8409196 -1.8843157 -0.51660854 9
-1.382773 -1.881058 -0.50525278 10
-0.95789617 -1.8368649 -0.50532287 12
-0.69497085 -1.8968701 -0.50313985 12
-2.5986574 -1.7274733 -0.5259515 5
-2.3181102 -1.7663537 -0.51876855 7
-2.2526791 -1.7872535 -0.52394003 8
-1.7281116 -1.735248 -0.50958687 8
-1.3097697 -1.7440258 -0.50288284 10
-0.91612583 -1.7008417 -0.5017097 13
-0.33421612 -1.7721679 -0.50008762 13
-2.460537 -1.6163223 -0.52251387 7.5
-2.1568732 -1.6551697 -0.51736021 8.5
-1.7804661 -1.6888465 -0.50063324 10
-1.6401112 -1.6181785 -0.50685066 9
-2.3374777 -1.5166889 -0.51892805 7
-2.0356257 -1.5395477 -0.51050484 7.5
-1.56215 -1.5141165 -0.5039953 10
-0.88217169 -1.5878319 -0.50060302 13
-2.7473016 -1.4589816 -0.51061338 20
-2.5983174 -1.420958 -0.50761849 8
-2.2186191 -1.4205647 -0.5132125 7.5
-1.9366387 -1.443445 -0.50714564 8
-1.4931464 -1.4200613 -0.50192928 11
-2.4665349 -1.3879369 -0.50491291 7
-2.3425293 -1.3549198 -0.50293076 5
-2.2484167 -1.336924 -0.5057326 4
-2.1224954 -1.3259358 -0.50637037 5.6666665
-1.8261087 -1.3608527 -0.50494021 9
-2.0296249 -1.2653608 -0.50667906 9
-1.9505428 -1.2054533 -0.50531334 9
-1.7745326 -1.2852738 -0.50314409 10
-1.6879197 -1.2177179 -0.5026412 10
-1.9466273 -1.1920916 -0.50343859 10
-1.8765563 -1.1423762 -0.50265765 9
-1.6308559 -1.1576618 -0.50156116 10
-1.8125212 -1.0883082 -0.50090057 9
-2.7704396 -0.96002042 -0.50829792 28
-2.6493728 -0.97639412 -0.50844836 11
-2.5586658 -0.98030537 -0.50442266 13
-2.4466908 -0.99067521 -0.50457525 11.5
-2.3219469 -0.99103802 -0.50005352 9
-2.2548354 -0.99496627 -0.50063759 9
-3.8846917 -0.629659 -0.51796001 9
-4.0783787 -0.53885174 -0.52251607 8
-3.9768124 -0.5847528 -0.51859522 8
-4.2570972 -0.43503001 -0.5262894 10
-4.1674576 -0.48794115 -0.52398896 10
-4.355217 -0.34563142 -0.52586591 8
-4.4361429 -0.25121596 -0.52495825 9
-4.532897 -0.1183047 -0.52496856 7
-4.4621015 -0.1842358 -0.52204794 8
-4.5570807 -0.048332606 -0.52309775 8
-4.6062937 0.092614919 -0.52240306 9
-4.5790458 0.020642165 -0.52151579 8
-4.5994167 0.16361921 -0.52094692 11
-4.6053028 0.23561198 -0.52054274 10
-4.5805635 0.34113318 -0.51842511 10.5
-4.5377946 0.44467273 -0.51639098 10
-4.4607592 0.54274487 -0.51271391 9.5
-4.3377018 0.6653626 -0.50865364 9
-4.229033 0.75096595 -0.50458121 9
-4.1444726 0.80204779 -0.50239068 9
-4.0654626 0.85212529 -0.50128686 10
0.76570761 5.6961532 -0.50313067 22
1.1289693 5.6242013 -0.54186416 5
0.75072181 5.728004 -0.50512111 75
-4.4489489 -6.5696144 -0.43839172 93
-3.3073406 -6.5906529 -0.40063688 81
-3.1385114 -6.567625 -0.48148629 101
-2.874747 -6.5699406 -0.43867898 99
-2.7218318 -6.5501308 -0.44632983 115
-2.4486225 -6.5375824 -0.41167569 121
-2.047842 -6.5413804 -0.4284406 114
-1.5245841 -6.518816 -0.47484928 125
-1.4348937 -6.5476904 -0.41416758 122
-0.61858958 -6.4932947 -0.42638233 88
-0.39232427 -6.4617548 -0.42129475 85
-0.20350459 -6.4897904 -0.40350547 109
0.4479492 -6.4882793 -0.41470337 107.5
0.56016284 -6.3139167 -0.47314411 28
-0.21479928 -6.254241 -0.43784338 32
-0.17728695 -6.2392292 -0.43744621 32
0.52491629 -6.2394667 -0.48970807 27
-1.234064 -6.0517502 -0.43317866 62.5
-1.1359067 -6.0464487 -0.460024 26
-0.11020433 -5.9907002 -0.49949288 22
-0.078388147 -5.7602606 -0.47243375 19
0.013770437 -5.6034036 -0.4163709 2
1.339595 -5.4208803 -0.42347929 0
1.2057439 -5.1758075 -0.40123719 0
-0.87918216 -5.0241952 -0.4923206 10
-0.046056159 -5.0555801 -0.48906201 10
-0.012951249 -4.9251785 -0.46305805 10
0.16878901 -4.5393119 -0.41716042 1
-0.71887213 -4.4090343 -0.48316324 10
1.2467269 -4.4178557 -0.42284292 1
0.019397713 -4.3413072 -0.46966684 10.5
1.8322215 -4.3516588 -0.41389686 3
1.9181143 -4.3537498 -0.41548309 55
1.1455396 -4.2708664 -0.40876245 2
-0.64082032 -4.1275291 -0.4999668 10
-2.9351749 -3.909579 -0.41638851 10
-2.7810712 -3.9521601 -0.479792 37
-0.60004032 -3.9749193 -0.48195392 10
-0.5559752 -3.804724 -0.43844512 2
0.057791132 -3.8457561 -0.46547404 10
-2.7414591 -3.7607787 -0.44960296 19
1.1815327 -3.7148402 -0.42271093 5
-0.53647405 -3.6824806 -0.49599868 8
1.1000988 -3.6139119 -0.40959153 5
1.6669222 -3.6108651 -0.40551534 1
1.7509168 -3.664737 -0.41537797 1
-0.50138336 -3.5868216 -0.47670865 8
-2.7411516 -3.4059505 -0.49241316 21
0.066669568 -3.438374 -0.47128671 8
0.11133879 -3.4680533 -0.45358449 8
-2.914876 -3.3422379 -0.43823472 10
-1.2635715 -3.3622217 -0.49880767 7
-0.45288342 -3.3034072 -0.48822397 7
-2.7416122 -3.2880626 -0.44251716 23
-0.44077572 -3.2766783 -0.45526537 8
0.73415142 -3.2088373 -0.41762337 9
-2.7758107 -3.1070521 -0.49062794 33
-1.1301662 -3.1180749 -0.49700642 7
0.13606934 -3.1410234 -0.44980371 0
0.68824637 -3.1360979 -0.4099215 1
1.0673447 -3.1309438 -0.41125786 5
1.1334001 -3.1928098 -0.42002615 4
1.5589379 -3.1129894 -0.40624315 1
1.6314855 -3.1717427 -0.41735396 4
-2.9195881 -3.0141368 -0.43034759 11
-0.36801445 -3.0215135 -0.47950166 8.5
-0.99665087 -2.9212589 -0.49901682 6
-2.7901542 -2.8659708 -0.46608561 28
-1.0111451 -2.8899486 -0.49154419 8
-0.38586915 -2.8725343 -0.43488693 6
0.72751075 -2.8300114 -0.42149001 10.5
1.1006901 -2.8218281 -0.42345777 5
-1.0277888 -2.7892454 -0.49604911 8
-0.32468778 -2.7472043 -0.45743746 6.5
-0.29226005 -2.7755828 -0.46722788 8
1.0449281 -2.772964 -0.41592324 5
1.4836789 -2.7540689 -0.41076982 4
1.5402774 -2.7897391 -0.41774639 5
-0.90430719 -2.6808357 -0.48631865 9
-0.89283854 -2.6912208 -0.49417728 10
-0.65775836 -2.6916261 -0.49783593 11
-2.9743686 -2.5150294 -0.43775147 9
-0.95211452 -2.5061817 -0.49264652 11
-0.81574452 -2.5087409 -0.48325771 11
-0.33678025 -2.5764678 -0.43926686 5
-0.26070002 -2.5694225 -0.47351447 8.5
0.73945022 -2.5290077 -0.42297572 13
1.0773423 -2.5358522 -0.42747286 7
-1.3365502 -2.4406905 -0.49744195 10
-0.80261898 -2.4871848 -0.4895401 11
-0.61975211 -2.4185822 -0.49263531 11
-0.2818054 -2.4710288 -0.43629459 5
-0.19749522 -2.4094923 -0.46411473 7
1.0275406 -2.4859796 -0.41940117 7
1.4493279 -2.4869356 -0.41802329 5
-3.0066428 -2.3913629 -0.42118862 7
-2.8044608 -2.3478518 -0.45371437 30
-2.7893987 -2.3237963 -0.49955487 34
-1.5646363 -2.3325224 -0.49693692 7
-0.73003781 -2.3289006 -0.48155117 8
-0.26315004 -2.3323436 -0.45631135 7
0.76555949 -2.3028772 -0.42689976 11
1.8846767 -2.3565249 -0.40035844 21
-2.8219452 -2.2260723 -0.45725355 29
-1.4560516 -2.2263925 -0.4963541 8
-1.3746266 -2.2780545 -0.49935704 9
-1.2427971 -2.2196083 -0.49350291 10
-0.88480908 -2.2500937 -0.48474365 10
-0.66934395 -2.2235849 -0.47815269 13
-0.39212465 -2.2496557 -0.4945367 12
-0.2417348 -2.2289901 -0.43588778 9
-0.14309393 -2.2741997 -0.44626454 11.5
0.73314542 -2.2581151 -0.42006907 13
1.0328671 -2.2619216 -0.42395616 8.5
1.3746737 -2.2271857 -0.41634446 5
1.4127476 -2.2497571 -0.42155927 6
1.8403358 -2.2416792 -0.41816437 6
-3.084403 -2.1277089 -0.43781537 10
-1.6422136 -2.1381655 -0.49915981 10
-1.3482883 -2.1132734 -0.49159282 7
-1.2675142 -2.1430316 -0.49608362 11
-0.63394105 -2.1378307 -0.48069051 12
-0.5864349 -2.1795111 -0.48578602 11
-0.2019656 -2.1932492 -0.47330153 11
-0.1242825 -2.1244233 -0.46082956 9
1.2408381 -2.1101713 -0.40223226 7
-1.2527163 -2.0111682 -0.48707896 7
-1.1624937 -2.0132565 -0.48845872 11
-1.0863518 -2.0890272 -0.49903059 8
-0.83774108 -2.0700769 -0.48604047 12
-0.60082382 -2.0271058 -0.47950619 11
-0.38236868 -2.057637 -0.49329132 13
-0.22923186 -2.0631428 -0.43618423 8.5
-0.13700013 -2.0615606 -0.44970649 10
-0.093621098 -2.0053949 -0.45997083 6
0.69002324 -2.0091915 -0.40037578 32
0.75736445 -2.0709815 -0.42303944 12.5
0.99973446 -2.0450044 -0.42210406 9
1.036268 -2.0748448 -0.42770812 9
1.3497066 -2.0380015 -0.42102411 7.5
1.7539304 -2.0257208 -0.41657451 6.5
-2.8336251 -1.9351214 -0.44364452 28.666666
-2.779294 -1.932234 -0.47046399 11
-1.5352604 -1.9670658 -0.49625874 10
-1.1687899 -1.9230703 -0.48559493 8
-1.0567486 -1.9175019 -0.49384862 11
-0.55453306 -1.9636673 -0.47678351 11.666667
-0.25171897 -1.9334121 -0.46756458 9
-0.1434027 -1.9242084 -0.46938449 8
-0.085151426 -1.910886 -0.43275091 9
0.011471933 -1.9463172 -0.41310525 36
0.77816331 -1.9128584 -0.42641905 11
1.0223625 -1.9048574 -0.42984018 10
1.1573145 -1.9571908 -0.40505886 8
-2.9671514 -1.8426468 -0.40491381 11
-2.8077934 -1.8862134 -0.46295846 35
-2.7890575 -1.8433365 -0.43000746 27
-1.8135098 -1.8179156 -0.49895132 7
-1.4414152 -1.8129766 -0.49245048 10
-1.0656571 -1.8388089 -0.48506832 11
-0.79207474 -1.898029 -0.48238635 12
-0.51558256 -1.8449844 -0.47594675 10
-0.46663684 -1.8231688 -0.4851867 10
-0.37301087 -1.8775777 -0.48696506 11
-0.1516379 -1.8360336 -0.45213681 6.5
0.0019132406 -1.8583168 -0.430563 10
0.75073045 -1.8810955 -0.421444 11
0.98747981 -1.8690155 -0.42216793 10
1.0843774 -1.8292141 -0.40874431 8
1.2972355 -1.8552717 -0.41854832 8
1.3272668 -1.8787736 -0.42475879 9
1.6807349 -1.8422637 -0.41487795 8
-2.813688 -1.7984159 -0.40733716 24
-1.7058808 -1.7449083 -0.4980647 7
-1.029408 -1.7481612 -0.48307762 11
-0.96028638 -1.7514912 -0.48978293 22.5
-0.75528193 -1.7549959 -0.48027831 13
-0.66922402 -1.7518495 -0.4998706 13
-0.52008152 -1.7054405 -0.48110521 11
-0.44889602 -1.7177924 -0.48139146 10.333333
-0.36607313 -1.7415758 -0.48750144 15
-0.27554542 -1.7783931 -0.49451512 12
-0.17976463 -1.7500848 -0.43957907 8.5
-0.071215875 -1.7698628 -0.43550745 10
0.009539118 -1.7243105 -0.43271941 9
0.76937306 -1.7434651 -0.422409 10
0.97882158 -1.7240226 -0.42278624 10
1.0150914 -1.73254 -0.42032301 10
1.2843485 -1.7290463 -0.42494929 10
1.6261166 -1.7099671 -0.41179746 7
-1.601069 -1.6688851 -0.49554139 9
-1.3644822 -1.6869049 -0.49005032 10
-1.2419176 -1.6179956 -0.49895573 11
-0.94361043 -1.6482431 -0.4832781 11
-0.8822059 -1.6399432 -0.48214662 12
-0.72238404 -1.631973 -0.47936535 13
-0.64822465 -1.6338466 -0.49984199 12
-0.42669207 -1.6310687 -0.47417772 9
-0.35748586 -1.6410112 -0.48585621 8.666667
-0.27602214 -1.6538959 -0.49444178 13.5
-0.16013159 -1.6245608 -0.44178087 8.5
-0.060086779 -1.646843 -0.438256 9
0.77494484 -1.6129544 -0.42214638 12
0.98073137 -1.6115437 -0.42059058 10.5
1.2637987 -1.6007705 -0.42494187 10
1.3922855 -1.6072774 -0.40434057 7
1.6215675 -1.6796235 -0.41813996 8
-1.746776 -1.5729802 -0.49456525 2.5
-1.6548069 -1.5452932 -0.49558389 7
-1.5014255 -1.5938538 -0.49039412 9
-1.4243366 -1.5418576 -0.49146616 10
-1.2878903 -1.5608273 -0.48366785 11
-1.1822041 -1.5059685 -0.49373317 14
-0.85649323 -1.5648813 -0.48412558 11.333333
-0.79293847 -1.5146403 -0.47527879 9
-0.66028857 -1.512867 -0.48376819 12.5
-0.50351179 -1.5783975 -0.47674227 14
-0.45534742 -1.5769358 -0.49248087 12
-0.34807855 -1.536631 -0.47731423 8.1999998
-0.28126669 -1.5394293 -0.48950952 11
-0.15270376 -1.521257 -0.43990117 8
-0.042516239 -1.5208262 -0.43615362 10
0.021459019 -1.5953021 -0.43212238 10
0.16630067 -1.5506506 -0.4237985 9
0.64982033 -1.5303688 -0.42258304 2.5
0.7877844 -1.5038074 -0.42195973 14
0.95688963 -1.5330356 -0.42010364 11
1.24493 -1.5873255 -0.42249852 9
1.313123 -1.5102708 -0.40280235 7
1.5807259 -1.5753257 -0.41855562 8
-2.7869565 -1.4278814 -0.49080312 45
-1.6015328 -1.4746575 -0.49484688 10
-1.542078 -1.4687515 -0.48993194 9
-1.4406378 -1.4191339 -0.48942012 9.5
-1.3469399 -1.483849 -0.49035662 13
-1.2548866 -1.4498099 -0.48723412 12
-1.1397967 -1.4239504 -0.49705178 13
-0.93603581 -1.487323 -0.47582102 10
-0.85159993 -1.4573975 -0.49116904 16
-0.74171996 -1.4599948 -0.47826689 6.75
-0.64068127 -1.4228704 -0.48521572 3
-0.46970728 -1.4856846 -0.48797074 3.5
-0.34418708 -1.4364377 -0.48067272 4.75
-0.27983662 -1.4342177 -0.47633803 7.5
-0.12952738 -1.4500314 -0.44016457 11
-0.035616659 -1.4278085 -0.44031087 11
0.027698165 -1.4902972 -0.43427554 11
0.16475859 -1.448649 -0.42505568 11
0.73679781 -1.4642478 -0.41216233 9
0.87206614 -1.4292594 -0.4150992 3
0.9633671 -1.4810352 -0.42318904 15
1.0315903 -1.4357324 -0.40445989 5.5
1.2377143 -1.4684817 -0.4187474 9.666667
1.5425354 -1.4693594 -0.4220475 8
-2.7899971 -1.350678 -0.45149297 50
-1.862481 -1.3478491 -0.49981278 8
-1.5235945 -1.3815757 -0.49197012 11
-1.444894 -1.3192594 -0.49485785 11.5
-1.3430779 -1.3665239 -0.48749852 11
-1.2420857 -1.350131 -0.48377764 11.5
-1.1586871 -1.3472427 -0.48163569 6
-1.0996423 -1.3459326 -0.49755609 3
-0.85493505 -1.3675977 -0.48461509 5.75
-0.79489034 -1.3007685 -0.49014634 3
-0.65361452 -1.3421221 -0.47248355 6.8000002
-0.59697795 -1.3317894 -0.49037576 4
-0.45821249 -1.3796411 -0.48225448 3
-0.32722816 -1.3318639 -0.47875872 3.3333333
-0.24504711 -1.3636389 -0.46429399 6
-0.11200099 -1.3510076 -0.43956697 9
-0.064380631 -1.3242983 -0.44284338 2
0.037467614 -1.349791 -0.43504882 7
0.15962692 -1.3736449 -0.43123716 2
0.25861859 -1.3597829 -0.42620739 3
0.66822571 -1.3640479 -0.41346487 9.666667
0.78328407 -1.3469164 -0.41922486 10
0.83175987 -1.3502623 -0.41514838 3
0.96720046 -1.3544918 -0.42103884 8.25
1.1787494 -1.3324848 -0.41720748 8
1.2079487 -1.3790784 -0.42418146 12.5
1.3446488 -1.3414829 -0.40152991 9
1.498873 -1.3576511 -0.4234367 7
1.509642 -1.3770913 -0.42003748 4
1.611784 -1.34945 -0.40214115 6
-2.7927797 -1.2724817 -0.4135786 54
-1.7132792 -1.2076765 -0.49740803 10
-1.4044478 -1.234449 -0.49046147 11
-1.3743089 -1.2589657 -0.49647504 12
-1.2236239 -1.2963927 -0.48341203 10
-1.1378371 -1.2640873 -0.48103094 8.666667
-1.0668141 -1.2408639 -0.48185769 7.4000001
-0.83427352 -1.2362418 -0.47233611 3
-0.78349721 -1.2448721 -0.48466673 3.5
-0.61953664 -1.2608738 -0.47122464 3.5
-0.57672465 -1.24585 -0.47351295 2.75
-0.44477078 -1.2493451 -0.47603941 4
-0.33408022 -1.2402548 -0.48019654 3.5
-0.27503493 -1.2645073 -0.46673954 3
-0.047448337 -1.2307868 -0.43941322 9.5
0.045122989 -1.2292866 -0.43650761 3
0.16379628 -1.2401431 -0.42759985 10.5
0.25585386 -1.2426426 -0.43622363 3
0.31183007 -1.2088726 -0.44571519 2
0.48863086 -1.2012967 -0.41685781 4
0.50499189 -1.2592869 -0.41217908 5
0.6692453 -1.292062 -0.41587877 2
0.77863401 -1.2635317 -0.41693616 3.3333333
0.88575274 -1.2013198 -0.40824288 3
0.93736959 -1.2781684 -0.41561168 2.5
1.0724788 -1.2298651 -0.41523492 2
1.1805024 -1.2415326 -0.42704952 6.3333335
1.2373488 -1.2390612 -0.40791062 2
1.460109 -1.2526971 -0.414931 2.75
1.5368296 -1.2914482 -0.40198335 7
-1.8697466 -1.1300087 -0.49948812 9
-1.6511621 -1.1476039 -0.49682504 10
-1.3397454 -1.1821603 -0.49360231 2
-1.2841671 -1.1111102 -0.48718953 12
-1.0271956 -1.1702161 -0.480443 2.3333333
-0.95578092 -1.1468996 -0.47793427 6.5
-0.80444306 -1.1622133 -0.47014105 4
-0.75713158 -1.1595685 -0.48084584 4
-0.60737568 -1.1788628 -0.46974868 4
-0.55322176 -1.1545727 -0.47459552 3.3333333
-0.46509713 -1.1383253 -0.47168547 3.2
-0.33081523 -1.1359884 -0.47817686 4
-0.24431077 -1.1739631 -0.46054614 0
-0.10310813 -1.1821709 -0.44774443 3
-0.0055392175 -1.1442686 -0.44161072 2
0.052849695 -1.1522822 -0.43587634 2
0.16081358 -1.1416395 -0.43095759 2
0.23200469 -1.1503428 -0.44341406 2.6666667
0.33271083 -1.1386113 -0.42467418 4.1999998
0.41721791 -1.1131517 -0.46673775 1
0.69152242 -1.1614031 -0.42026448 4.3333335
0.75643313 -1.1425967 -0.41980961 3
0.82791352 -1.1260874 -0.41821861 3.5
0.95678741 -1.1310786 -0.42149982 3
1.0084746 -1.1483692 -0.41578469 3
1.1513255 -1.1406093 -0.41855973 7.25
1.335099 -1.1379936 -0.40975904 5
1.4910253 -1.1244627 -0.40424436 2
1.6819254 -1.100548 -0.40179396 9
1.7448806 -1.1315442 -0.40107477 9
1.8177321 -1.1675422 -0.40057495 12
2.1049452 -1.127252 -0.4082354 2
-1.8007406 -1.0729309 -0.49725133 8
-1.742233 -1.0265518 -0.49576482 8
-1.5498867 -1.0628071 -0.4939861 9.75
-1.4104404 -1.0437334 -0.47760773 1
-1.3417251 -1.0232513 -0.48186257 1.5
-1.2288579 -1.0429884 -0.48811069 2.6666667
-1.0042387 -1.082538 -0.47228372 3
-0.95260882 -1.0350772 -0.48076865 4.3333335
-0.85506535 -1.0741012 -0.47293082 2.4000001
-0.75486267 -1.0459117 -0.47617111 3.7
-0.55942231 -1.0360668 -0.47962272 4.25
-0.43420601 -1.0593851 -0.47393948 3.6666667
-0.34911013 -1.0459 -0.47554365 4
-0.00076944527 -1.0587503 -0.44716245 0
0.056975517 -1.06278 -0.43871176 0.5
0.1439524 -1.0475748 -0.4424119 2.4000001
0.23674071 -1.0517061 -0.43947485 2.5
0.34436828 -1.0678729 -0.42766589 2.4000001
0.68033242 -1.0558943 -0.42260948 5
0.75131547 -1.0411451 -0.41841143 4.5714288
0.81490976 -1.0756106 -0.42096338 4
0.93830681 -1.0519327 -0.4251723 3.8333333
1.0625269 -1.0576518 -0.41365135 3
1.1590339 -1.0559082 -0.42417347 1
1.2427189 -1.0645177 -0.41384497 2
1.3597765 -1.036509 -0.40706205 2
1.4372364 -1.0904869 -0.40603739 2
1.5407414 -1.030074 -0.40608126 5.5
1.6472429 -1.0352298 -0.40478125 4
1.7400086 -1.0465202 -0.40055895 9
2.0543859 -1.0582553 -0.40857595 4
-2.8018854 -0.9065783 -0.49129552 55
-2.1479211 -0.99435651 -0.49848053 10
-2.0487769 -0.99275351 -0.49711972 9
-1.9576808 -0.9916569 -0.49697217 8.5
-1.8346906 -0.98253024 -0.49418166 5
-1.7492815 -0.97444141 -0.49261135 2
-1.665256 -0.9602223 -0.49506849 7.25
-1.5993174 -0.90310293 -0.49467599 7
-1.4478534 -0.95895469 -0.48835495 8.5
-1.2319402 -0.98523957 -0.48068976 4.3333335
-1.1515801 -0.93823671 -0.47937208 2.5999999
-1.0909452 -0.91170549 -0.4758141 2
-0.92472237 -0.9612692 -0.47785035 4.6666665
-0.88527578 -0.92083192 -0.48383445 4
-0.71815705 -0.96767753 -0.47488987 3.75
-0.67311877 -0.93343061 -0.4778471 4
-0.53991473 -0.93881285 -0.48012114 5
-0.41248116 -0.95843905 -0.47515997 4.8000002
-0.33927682 -0.94937366 -0.47028998 5.2727275
0.059876248 -0.96060038 -0.45938039 3
0.1559466 -0.94515908 -0.4404479 2.25
0.23401482 -0.95990467 -0.43721351 1.6666666
0.32783866 -0.9682501 -0.42862415 2.6666667
0.43364751 -0.95581496 -0.42055464 4
0.52592134 -0.93210608 -0.41218701 11
0.63110363 -0.9372896 -0.41871327 14
0.74083191 -0.95352674 -0.42347151 5.125
0.83210599 -0.95368624 -0.42848983 4.4000001
0.94601208 -0.94470096 -0.42319253 2
1.0408237 -0.95936096 -0.41689962 3
1.1435858 -0.9489007 -0.41768423 2.6666667
1.2546464 -0.9659009 -0.41202644 2
1.355895 -0.93061054 -0.41266465 2
1.4519241 -0.95311153 -0.41002849 2
1.5443021 -0.94109321 -0.40535849 4
1.6488208 -0.96336335 -0.41067994 4
1.7190324 -0.98757029 -0.40095353 7
1.9781845 -0.9422819 -0.41316622 7
2.0248709 -0.9648146 -0.40452886 5.6666665
-2.8032148 -0.82062191 -0.46259117 57
-2.7985227 -0.86259806 -0.47543418 55
-1.5457687 -0.85635197 -0.49028304 5.75
-1.4945806 -0.81359643 -0.48757559 4
-1.348967 -0.85498571 -0.48619828 6.6666665
-1.224104 -0.87490159 -0.47485059 3
-1.1338067 -0.86709571 -0.4771831 1.6666666
-1.0562925 -0.84165359 -0.47714269 2.125
-0.96489877 -0.83052236 -0.4766964 3
-0.86635441 -0.83677423 -0.47763979 3.25
-0.65803319 -0.85189098 -0.47545311 4.1111112
-0.54789168 -0.83794564 -0.4667685 5.5833335
-0.40454698 -0.85980284 -0.47144192 4.5
-0.33629411 -0.84074843 -0.47108927 5.4285712
-0.028528528 -0.83908427 -0.44626653 2.75
0.072706729 -0.85670805 -0.45199218 4
0.16874877 -0.86385578 -0.44408926 1
0.23137668 -0.87482125 -0.431398 1
0.34750712 -0.83939517 -0.43408245 3.5999999
0.44356427 -0.84709197 -0.43090022 4.125
0.55585116 -0.84942454 -0.42182246 6
0.65295976 -0.8587417 -0.4194262 6.6666665
0.73389632 -0.84944838 -0.42441541 4.875
0.83095056 -0.85817206 -0.42248607 3.125
0.95397907 -0.84911704 -0.42081785 3.3333333
1.0483755 -0.85461605 -0.42128742 3
1.1517134 -0.84688371 -0.41724917 3
1.2648691 -0.84565639 -0.41521832 2.1666667
1.3516179 -0.85276085 -0.41339508 1.8571428
1.4554279 -0.88313556 -0.40885544 2
1.5824277 -0.84449762 -0.4242644 1
1.6103503 -0.86723679 -0.41427469 5.3333335
1.9436013 -0.86390716 -0.41043827 7.6666665
-2.8006675 -0.73465931 -0.43529168 60
-2.7995811 -0.7766394 -0.44811821 48
-1.3744218 -0.708184 -0.47452939 1
-1.2898718 -0.79236275 -0.48910761 6
-1.0275792 -0.7604723 -0.47837505 0.66666669
-0.91871518 -0.79560769 -0.47767168 5
-0.84062767 -0.76768529 -0.47266221 2
-0.75369143 -0.71975583 -0.46408394 2.6666667
-0.64421505 -0.77291507 -0.47254634 1.3333334
-0.5169282 -0.772955 -0.46448016 5.5
-0.45186198 -0.73718876 -0.45942104 5.375
-0.35673729 -0.76627284 -0.47186044 1.5
-0.039338436 -0.75171375 -0.44891357 4.4285712
0.041926187 -0.73629063 -0.4447464 5
0.2529574 -0.74207401 -0.44708341 1
0.36317754 -0.74933016 -0.437442 3.6363637
0.45842233 -0.74807435 -0.43422532 4.8333335
0.5467276 -0.75265741 -0.42438328 5.6666665
0.63037801 -0.75071514 -0.41631857 5.75
0.7418173 -0.74718356 -0.42082989 4.6666665
0.84502316 -0.74714983 -0.41973516 5.25
0.94329965 -0.74459869 -0.42005441 3.4285715
1.0669872 -0.73975796 -0.42174798 3.2727273
1.1441602 -0.74783331 -0.41985074 3
1.2622811 -0.76306564 -0.42237121 2.8571429
1.3071662 -0.76934314 -0.42134619 2.5
1.5480285 -0.75495535 -0.41699672 5
-3.5497758 -0.62536764 -0.48061174 17
-3.2423379 -0.61509985 -0.44646156 19
-3.0037177 -0.61088973 -0.42144501 26
-2.8182049 -0.65437442 -0.41456917 48.666668
-1.9539882 -0.61317247 -0.49084997 9
-1.8539668 -0.63148373 -0.49036375 10
-1.732957 -0.64762282 -0.48855641 9.5
-1.6466602 -0.6307534 -0.48639777 11.25
-1.552932 -0.64345098 -0.48687726 9.5
-1.4731934 -0.64540714 -0.48395628 9.5
-0.70133305 -0.69865525 -0.47070831 6
-0.64603865 -0.6624639 -0.46487921 5
-0.5694077 -0.61734766 -0.46215108 4.5
-0.44079542 -0.66025889 -0.46310598 3.5999999
-0.36830094 -0.634202 -0.46322978 2.5
-0.13023458 -0.62756187 -0.45130444 4.3333335
-0.034538299 -0.66823274 -0.45169601 3.2
0.056151111 -0.64856815 -0.44178647 5.625
0.13726182 -0.62430632 -0.44163024 4.5
0.23460478 -0.63939244 -0.44082439 5.2222223
0.37198055 -0.65242547 -0.4446938 5.3333335
0.45043224 -0.64198476 -0.43179029 4.1111112
0.55188107 -0.65871561 -0.42638034 4.875
0.66510773 -0.64805228 -0.4238998 5.5
0.74904609 -0.64781672 -0.4225975 5
0.83967489 -0.63367325 -0.42014614 5
0.94187135 -0.64515913 -0.4203355 4.9444447
1.0499517 -0.66052514 -0.42168781 5.0833335
1.2656271 -0.65557069 -0.4303692 4.1999998
1.4734403 -0.61998105 -0.42143491 2
1.5234458 -0.66465515 -0.41597587 1.75
1.785815 -0.64378721 -0.4134458 6.5
1.8408382 -0.62028664 -0.40777957 4.5
-2.3165565 -0.50326169 -0.49368018 10
-2.2388556 -0.53323889 -0.49296337 9
-2.1561613 -0.55921555 -0.49199641 9
-2.0563395 -0.55520827 -0.49102774 9
-1.9694539 -0.54884118 -0.49016008 10
-1.8607725 -0.55675846 -0.48981395 10.666667
-1.7448927 -0.5863238 -0.48787245 11.333333
-1.5641426 -0.52212858 -0.48460296 10.5
-1.4652689 -0.54006422 -0.48191422 11
-0.86147499 -0.50421786 -0.47176889 0.5
-0.71578789 -0.5464313 -0.47640803 1
-0.69888574 -0.5112766 -0.46089995 1
-0.54589128 -0.5593127 -0.461153 3.3846154
-0.46635887 -0.54186529 -0.46044022 4.125
-0.34442091 -0.54696733 -0.46231094 4.2307692
-0.15315211 -0.55611485 -0.45068669 3.3333333
-0.051662594 -0.52837694 -0.4512074 4
0.057574898 -0.55054581 -0.4420639 5.5999999
0.13844582 -0.54540884 -0.44132841 5.1111112
0.24521706 -0.54736072 -0.43727812 4.7333331
0.36606902 -0.54658091 -0.43903196 5.5454545
0.45190793 -0.56369483 -0.43950585 3.25
0.5504688 -0.53965896 -0.4223772 3.3333333
0.64750147 -0.55734688 -0.42874655 5.4000001
0.75568044 -0.54763031 -0.4259249 4.409091
0.8385092 -0.54545593 -0.42528138 4.4230771
0.91879773 -0.56337923 -0.42387888 5.2307692
1.0502871 -0.55437446 -0.42222449 5.5714288
1.2336601 -0.55023521 -0.42119607 4.1428571
1.4651555 -0.54460704 -0.42265663 2.8
1.5064743 -0.59073746 -0.41576204 2
1.7585564 -0.55406928 -0.4147836 6.75
1.8132517 -0.56531715 -0.40900648 1
-2.5309448 -0.40530625 -0.49504316 6
-2.4475989 -0.44478902 -0.49395815 7.5
-2.3670297 -0.48127222 -0.49341321 10
-2.202594 -0.40739605 -0.49229264 10
-2.1526608 -0.43984959 -0.49338081 10.5
-2.0812287 -0.47928366 -0.49388188 10
-1.9152249 -0.40735143 -0.49104446 9
-1.8611327 -0.43031698 -0.48951438 8.5
-1.7651914 -0.4622567 -0.48558462 9.666667
-1.6668967 -0.49719474 -0.48588592 10
-1.0078797 -0.48288736 -0.47083056 0
-0.97007483 -0.43509254 -0.47066033 2.25
-0.82904261 -0.44888133 -0.46592978 3.5
-0.79932123 -0.41588318 -0.46165609 5
-0.67278385 -0.44726658 -0.46326339 4.7272725
-0.54257423 -0.45026255 -0.45809284 5.3000002
-0.45057827 -0.45554522 -0.45897135 5.5555553
-0.34138352 -0.46398991 -0.45793074 5.9285712
-0.23191874 -0.46601704 -0.44810736 5.5
-0.19233549 -0.45126101 -0.44458443 3
-0.019451706 -0.43842357 -0.44757181 3.2
0.029244006 -0.44859353 -0.45151353 4.5
0.12788019 -0.45703429 -0.44678152 4.4615383
0.2539176 -0.45347425 -0.4411346 4.8421054
0.36566478 -0.44739893 -0.43734333 5.8000002
0.4385674 -0.44251549 -0.43682522 4.5
0.572016 -0.49541178 -0.42287678 3
0.66676891 -0.45304152 -0.42444104 4.8571429
0.75390363 -0.45016104 -0.42610019 5.2962961
0.82102329 -0.45680583 -0.42742574 4.4166665
0.91501307 -0.45297199 -0.43038818 4.7777777
1.0409782 -0.45287445 -0.42517111 5
1.1890421 -0.44329664 -0.42304468 6
1.214332 -0.45976567 -0.41706759 6
1.3977549 -0.40951055 -0.42642415 2
1.4429437 -0.45696005 -0.42217904 3
1.6862292 -0.44164357 -0.4174346 2
1.7521555 -0.45974749 -0.40992457 2.8
2.1156166 -0.481123 -0.40014264 9
-2.6497858 -0.3278293 -0.49510875 7.5
-2.5708733 -0.37431365 -0.49344546 8
-2.3311968 -0.32451254 -0.49427038 9
-2.2555842 -0.37294465 -0.49216014 9.5
-2.0426254 -0.3290979 -0.48920003 8.666667
-1.9589005 -0.37887877 -0.48874369 8
-0.91855615 -0.36912474 -0.46506169 4
-0.86211419 -0.33617416 -0.46209338 4.25
-0.77322698 -0.34956169 -0.4630172 4.3636365
-0.63441259 -0.35052586 -0.45724502 5.625
-0.51739448 -0.35395539 -0.45553595 6.3333335
-0.43472719 -0.35899189 -0.46056712 8.166667
-0.35883823 -0.35205838 -0.459436 7.1428571
-0.11510579 -0.38517341 -0.44276339 2.5
-0.0083092097 -0.35843244 -0.44313291 4.3333335
0.045028433 -0.34533009 -0.44558507 4.3333335
0.13723706 -0.34334463 -0.44382578 4.6666665
0.26277575 -0.34179738 -0.44152766 4.5714288
0.36964944 -0.34797007 -0.43799192 5.6666665
0.45033935 -0.3502557 -0.43500164 5.7272725
0.51994622 -0.33187342 -0.42956072 4
0.68822879 -0.3676565 -0.41165644 2.5
0.75246763 -0.37191162 -0.42092267 5.4444447
0.82493222 -0.34697294 -0.42325717 5.8000002
0.91010982 -0.35270727 -0.4276861 5.4444447
1.0309554 -0.35524249 -0.42886853 5
1.177482 -0.34331545 -0.42170665 5
1.2065574 -0.37549278 -0.41687694 5.3333335
1.3856777 -0.35279515 -0.42961776 2.75
1.4369267 -0.34907806 -0.42040142 2.75
1.6523724 -0.35181892 -0.41870421 1.5
1.7244643 -0.34906137 -0.40749153 1.6666666
2.062953 -0.34259373 -0.40141177 8.5
2.1464362 -0.34108141 -0.40121859 9.25
-2.8024654 -0.20235714 -0.49527293 8
-2.7367291 -0.25784522 -0.4943721 6
-2.4249849 -0.24109852 -0.49377891 7
-2.3782256 -0.28355604 -0.4933309 8
-2.1487112 -0.24749696 -0.48986745 10
-0.8363201 -0.24499093 -0.45955452 4
-0.73247844 -0.25921923 -0.45773137 5.1666665
-0.6214273 -0.24363147 -0.45645151 6.8333335
-0.54779321 -0.25139165 -0.46278778 8
-0.45231199 -0.24662553 -0.46182314 7.6666665
-0.34572941 -0.24124151 -0.46213374 7.3333335
-0.261419 -0.22611164 -0.44857231 5.2857141
-0.16956532 -0.24145587 -0.44334394 4.6999998
-0.0704524 -0.23273264 -0.44376984 4.6666665
0.043903247 -0.25611657 -0.44712958 4.1333332
0.14201364 -0.25875515 -0.44580582 4.6666665
0.2624121 -0.25054434 -0.44187877 4.2941175
0.36612207 -0.25128981 -0.43697461 4.9333334
0.46460283 -0.26043463 -0.43429837 5.2222223
0.55159783 -0.2431061 -0.42940521 5.3333335
0.84561014 -0.25424847 -0.42086485 5.75
0.90539294 -0.2489461 -0.41978186 5.4285712
1.0216712 -0.25208536 -0.42658344 4.0833335
1.1702719 -0.25019985 -0.41979092 5
1.3531002 -0.25355452 -0.42328405 3.8
1.4208399 -0.25560471 -0.42136508 3
1.6325331 -0.24317068 -0.41603348 1.1666666
1.7089094 -0.2549195 -0.40985417 1.5
2.0392063 -0.24545984 -0.40105787 6
2.1204052 -0.24810311 -0.40096194 10
2.2647259 -0.28817776 -0.40013155 11
-2.8633435 -0.14086755 -0.49522898 8.5
-2.5053346 -0.13067335 -0.4920885 9
-2.4810491 -0.17964943 -0.49458855 6.5
-2.2402375 -0.15421946 -0.48949888 8.333333
-0.8075102 -0.15804602 -0.46006072 3.6666667
-0.75904638 -0.14126126 -0.45439318 4.4285712
-0.67868423 -0.13393065 -0.4509463 6.6666665
-0.57991618 -0.14737128 -0.46189234 7.875
-0.46466172 -0.14551705 -0.4594062 7
-0.34249225 -0.14769663 -0.45408061 6.8000002
-0.22985789 -0.16051176 -0.4499737 5.3076925
-0.14856093 -0.14167877 -0.44232705 4.8823528
-0.044844139 -0.15219432 -0.45168561 5.4000001
0.051427066 -0.15355118 -0.44761381 4.8333335
0.15373936 -0.15444212 -0.44359779 4.9499998
0.25933769 -0.14783549 -0.43840265 4.4499998
0.36368406 -0.14881997 -0.43838397 4.875
0.45276424 -0.15375237 -0.43348187 5.1999998
0.56251836 -0.14914601 -0.43329799 5.1333332
0.60367066 -0.18088286 -0.43734005 6
0.84414774 -0.14897503 -0.42849362 6.875
0.90656811 -0.15567093 -0.4216359 6.1428571
1.0177644 -0.14925629 -0.42704177 4.5833335
1.1597399 -0.15452939 -0.42050648 4.7272725
1.3519371 -0.14827099 -0.42117602 5
1.404879 -0.16489309 -0.41629967 3
1.5997107 -0.12332343 -0.41868272 2
1.6446303 -0.15109415 -0.41551074 1.8571428
1.7000843 -0.10944755 -0.4104819 1
2.0364747 -0.16814016 -0.4015682 9
2.1107035 -0.14890857 -0.40083247 9.6000004
2.2526224 -0.15320869 -0.40027863 10
-2.920886 -0.055875756 -0.49381545 8
-2.5498478 -0.063380487 -0.49304295 9.333333
-2.3209827 -0.033267751 -0.48936978 7.6666665
-2.2844462 -0.095579408 -0.48946118 6
-0.80380988 -0.084807813 -0.45826134 4
-0.77276611 -0.043079697 -0.45774883 4
-0.66676784 -0.046249256 -0.45076126 6.1111112
-0.56319684 -0.048594978 -0.45919991 7.125
-0.44916531 -0.045336731 -0.45209855 6.7692308
-0.33869416 -0.047111958 -0.45266026 6.6875
-0.27709383 -0.054736219 -0.45692918 6.75
-0.15186939 -0.050893363 -0.43790185 4.6333332
-0.029293055 -0.047656894 -0.4496575 5.3000002
0.065921694 -0.059991218 -0.44575259 5.3571429
0.15372851 -0.050301813 -0.44407389 5.0714288
0.25874573 -0.045128565 -0.43625546 4.6666665
0.35824379 -0.051536411 -0.43781731 4.9523811
0.43712434 -0.04666055 -0.43738365 4.9047618
0.54548299 -0.047576614 -0.43584785 4.5
0.85028642 -0.057849701 -0.43158308 7.25
0.95203531 -0.042704307 -0.42604735 6.3846154
1.0256518 -0.059938233 -0.42216554 4.8333335
1.160385 -0.052410848 -0.42297256 4.1538463
1.3394599 -0.055282786 -0.42098096 5
1.4035527 -0.042579461 -0.41352087 5
1.5989802 -0.044827774 -0.41997308 2
1.6250688 -0.055612542 -0.41763496 2
1.7078013 -0.042449728 -0.41047183 1.3333334
2.0476093 -0.068146594 -0.40185016 9.5
2.1223691 -0.054228656 -0.40236139 9.5
-2.9615102 0.033120014 -0.49235237 7
-2.6061103 0.078230277 -0.49287283 7
-2.5878034 0.024250466 -0.49258459 9
-2.3514192 0.063381761 -0.48736694 9
-0.76204592 0.047753021 -0.45482084 4.3333335
-0.66048741 0.057352062 -0.45388764 4.4545455
-0.55814809 0.0513945 -0.4564679 7.3333335
-0.44529152 0.053640455 -0.44062474 6.5
-0.34431306 0.043911342 -0.43842778 6.6666665
-0.28274313 0.056296196 -0.44904843 6.8571429
-0.15523483 0.053380463 -0.43246728 4.5
-0.052198533 0.044948101 -0.44281718 5.2857141
0.069649346 0.048952579 -0.44931623 5.75
0.15558448 0.052102737 -0.44170609 4.8666668
0.26653987 0.042446729 -0.44008183 5.1052632
0.35519046 0.048596699 -0.4397997 5.2631578
0.44040605 0.051855698 -0.43688479 4.7272725
0.53861439 0.041362859 -0.43802956 4.647059
0.84667623 0.042742908 -0.43318433 8
0.95960307 0.049160991 -0.42941925 6.75
1.0417135 0.058444552 -0.42405051 5
1.1624665 0.046183359 -0.42070672 4
1.203204 0.092403784 -0.41695759 4
1.3311888 0.042443395 -0.42315733 5
1.4223788 0.058614336 -0.41535264 4.1999998
1.611153 0.050468396 -0.42118615 2
1.7285525 0.046157055 -0.41001216 1.2
-3.0031085 0.17261806 -0.49143848 8
-2.9846666 0.1016185 -0.49181366 7
-2.6078141 0.15222652 -0.4917163 9.333333
-2.3659971 0.16370605 -0.48684439 9.333333
-0.81288236 0.15416317 -0.44933066 4
-0.76141965 0.14751062 -0.45298314 4.1875
-0.66516227 0.14875934 -0.44772261 5.909091
-0.56208587 0.14461496 -0.45185888 7
-0.44817093 0.1540411 -0.44531599 7.0833335
-0.35911134 0.14956275 -0.43704504 6.75
-0.26473093 0.15724809 -0.43351308 6.0999999
-0.16019709 0.13702919 -0.42872205 4.8846154
-0.033259295 0.1473764 -0.44514051 5.8888888
0.068775557 0.1415129 -0.44702935 5.0714288
0.15747115 0.14957918 -0.44077328 5.1363635
0.26154974 0.14754684 -0.44478506 5.5
0.3484264 0.14425112 -0.44006589 5.0869565
0.44761941 0.1503527 -0.43887094 5.090909
0.55158973 0.1521606 -0.43748063 4.8125
0.85368556 0.1428934 -0.43246952 7.5714288
0.944233 0.1431201 -0.42983243 7.5
1.0378731 0.14673452 -0.42591181 4.6666665
1.1421163 0.14684653 -0.42267036 4.3333335
1.2106444 0.14640544 -0.41398746 4.8000002
1.3426369 0.14679478 -0.42144606 5
1.452147 0.15028973 -0.41841114 2.25
1.6328167 0.1496717 -0.42042312 1.8
1.7665842 0.14895108 -0.40856114 1
-3.007822 0.26712173 -0.49127379 9
-2.6078589 0.22622471 -0.49167764 11
-2.5877724 0.27973992 -0.48952574 10
-2.3497603 0.26338351 -0.48415756 9.333333
-0.83045286 0.25981688 -0.44901544 4.6923075
-0.74768567 0.24700937 -0.45085409 4.8823528
-0.65242499 0.24887854 -0.44452727 5.375
-0.57287997 0.24739997 -0.44779402 7.6999998
-0.46073923 0.25483114 -0.44407341 7.4545455
-0.35008571 0.24479041 -0.43832645 7.2857141
-0.24418844 0.23847502 -0.43875626 5.4545455
-0.16013953 0.24375983 -0.43596029 4.5
-0.053612076 0.2434327 -0.44172919 6.375
0.049753375 0.25138399 -0.43952441 5.2222223
0.15766111 0.25210863 -0.44485232 4.9615383
0.26764891 0.25214326 -0.44204143 5.1538463
0.33675468 0.24698263 -0.43992463 4.8333335
0.41882467 0.23991194 -0.43898603 5.2857141
0.56046766 0.24650081 -0.43668622 4.1538463
0.6108616 0.25433114 -0.43416634 2.3333333
0.85153186 0.2538465 -0.4293842 7.5
0.92696244 0.25079757 -0.42334706 6.6666665
1.042317 0.24711378 -0.42465293 4.6666665
1.1563991 0.2491843 -0.42197382 5
1.2365574 0.24224839 -0.41526276 5
1.372422 0.25123405 -0.42611647 3.4000001
1.4835382 0.23681125 -0.4176313 2
1.5105362 0.29508531 -0.41868722 2
1.6673231 0.25348192 -0.4184452 1.8
1.7947779 0.20946832 -0.40691257 1
1.8267881 0.26082611 -0.40772167 1
-2.987076 0.3596158 -0.48905715 7.5
-2.5529928 0.34876722 -0.48701951 9.5
-2.3257899 0.34489921 -0.48344451 10
-2.294867 0.39041877 -0.48137957 10
-0.91188395 0.38924375 -0.44882652 5
-0.86220926 0.34223536 -0.44864607 5.1176472
-0.75920099 0.35096648 -0.44920114 5.75
-0.6392116 0.34677288 -0.4404743 7.0833335
-0.53758115 0.35467297 -0.44009733 6.3000002
-0.46897659 0.32854271 -0.44410014 7.8000002
-0.27431127 0.3890647 -0.44140902 7
-0.11382539 0.37509719 -0.43461195 4
-0.084404595 0.35442653 -0.43387684 5.5
0.040356919 0.36496508 -0.44275251 4.3333335
0.16183251 0.34085637 -0.4410668 5.0769229
0.27980465 0.35056317 -0.43704563 4.25
0.32924905 0.36067432 -0.43829662 5.1428571
0.43520191 0.34670287 -0.43979511 5.5333333
0.55245751 0.31289175 -0.43643403 2
0.67113161 0.36518434 -0.43668509 2.8333333
0.71393228 0.37831333 -0.44266391 3
0.84886563 0.34814104 -0.42412812 6.7142859
0.94465518 0.3536728 -0.42823777 5.3333335
1.0595961 0.34997535 -0.4243629 4.9000001
1.1739762 0.35137382 -0.41916084 5
1.274617 0.35049134 -0.41770738 5
1.3948133 0.32192749 -0.42711294 3
1.4110426 0.37544116 -0.42480478 2.6666667
1.5389476 0.35710579 -0.41686702 2
1.697443 0.32068306 -0.41826659 2
1.7212133 0.36902034 -0.41758284 1
1.8716444 0.32902676 -0.40729347 5
1.9122452 0.37456271 -0.41034871 8
-2.9582996 0.45061159 -0.4892405 8
-2.513777 0.41629857 -0.4850902 10
-2.4622178 0.48034066 -0.48363739 9.5
-2.2565141 0.45044264 -0.48110834 10.666667
-0.93145919 0.44917354 -0.4457953 3.6666667
-0.85717946 0.44046757 -0.44470754 4.3333335
-0.74853927 0.45587677 -0.44633296 5.25
-0.66021436 0.4452858 -0.44754711 6.2857141
-0.54973119 0.44981444 -0.44331613 6.5555553
-0.44574338 0.49857602 -0.43177953 8
-0.35488442 0.48187906 -0.44219801 6
-0.25296304 0.45741811 -0.43961343 5.4000001
-0.0099866521 0.44153598 -0.43498296 5.5
0.021597603 0.45309249 -0.43461254 4.3333335
0.15035449 0.45895094 -0.44340178 4.6190476
0.27904347 0.45227277 -0.443501 5.0769229
0.35875407 0.44257894 -0.44176969 4.5
0.42662519 0.45895231 -0.43790326 5.7777777
0.52922165 0.48454893 -0.44757515 3
0.64255339 0.45509332 -0.43882507 4.2857141
0.75719237 0.44342569 -0.4375492 3
0.85156101 0.45546031 -0.43189496 4.7894735
0.95325506 0.45122948 -0.42734209 4.6999998
1.0409416 0.4466559 -0.42716461 5
1.1427002 0.44630697 -0.42079484 5.5
1.2044502 0.47136641 -0.4203465 6
1.3117865 0.44819596 -0.41779825 6
1.4395797 0.45770225 -0.42292142 2
1.5840783 0.43914545 -0.4165709 2
1.6039146 0.48119205 -0.41320398 2
1.7638942 0.44702783 -0.41684267 3.3333333
1.9583193 0.43759856 -0.40898874 2.6666667
-2.9151573 0.51462471 -0.48697031 8
-2.8677239 0.57563841 -0.48638657 8
-2.4118898 0.52338177 -0.4813571 10
-2.3714225 0.56741548 -0.48208126 10.5
-2.2016926 0.50547642 -0.47907031 10
-2.1494713 0.55750805 -0.47970036 13
-0.95205241 0.51898408 -0.44722679 0.5
-0.83195853 0.52396822 -0.44738355 1
-0.7501967 0.53352404 -0.44382739 3
-0.63558578 0.52848029 -0.44018856 4
-0.55817193 0.53077275 -0.44313383 4.25
-0.4365319 0.53602546 -0.44286764 5.4444447
-0.33861342 0.5512799 -0.44157648 5.9000001
-0.26786202 0.53744316 -0.44178882 5.8571429
-0.16647048 0.55277324 -0.44096714 4
0.1451312 0.54612291 -0.4426128 4.96
0.28311899 0.53905737 -0.44213325 4.3000002
0.30961367 0.5562467 -0.43323186 6
0.43677032 0.55636799 -0.43615854 6.8333335
0.54801106 0.54500616 -0.44525 4.625
0.68095005 0.53863776 -0.44485265 3.8
0.74713355 0.55340648 -0.43731201 3.8888888
0.85722667 0.54487818 -0.43490818 4.5714288
0.96113998 0.55146569 -0.42641667 5
1.0546355 0.54953575 -0.42311871 6
1.1419671 0.54722345 -0.41970566 6
1.2274076 0.54936188 -0.42110667 5.5
1.3607042 0.55259269 -0.42260417 3
1.4785322 0.55045861 -0.42184517 2
1.6450254 0.54656368 -0.41297829 1
1.799896 0.50369734 -0.41754484 1
1.8352094 0.55218899 -0.41928905 4.5
2.0409544 0.54066396 -0.40558752 8
-2.8089139 0.63265443 -0.48503041 10
-2.7728562 0.66966414 -0.48521918 10
-2.419045 0.63724732 -0.42827573 4.5
-2.3176293 0.6064598 -0.4809292 13
-2.2341185 0.63402706 -0.47326568 11.5
-2.1530015 0.67609394 -0.47182542 10.5
-2.0495291 0.6245684 -0.47751722 11.333333
-1.948875 0.66812861 -0.47339576 11.5
-1.8882638 0.69066447 -0.47203338 11
-0.83402503 0.68780434 -0.44763637 4
-0.75705731 0.66429698 -0.44647023 6.5
-0.41012269 0.69520855 -0.44007918 5
-0.36902142 0.63946611 -0.44443008 5.1428571
-0.22768728 0.64949888 -0.4437671 5.4285712
-0.19028831 0.63135111 -0.44022238 4
-0.054803889 0.65073204 -0.43604374 3.3333333
0.13995163 0.64272398 -0.45178202 3.8333333
0.27093306 0.65641385 -0.43621007 6.3333335
0.31374422 0.66784412 -0.43656102 5.25
0.4510141 0.65137196 -0.44479644 5.4375
0.58668011 0.66835451 -0.45290127 5.3333335
0.63414764 0.64932752 -0.44301504 4.75
0.7485981 0.64947075 -0.44370309 4.5
0.8532629 0.63768268 -0.43458697 3.8461537
0.94211823 0.65586895 -0.43787047 3.2727273
1.0499165 0.63900596 -0.42650774 4.75
1.1598846 0.66068715 -0.42930949 3.125
1.2617252 0.65367937 -0.42363417 3
1.3887447 0.62760907 -0.41701445 2
1.4065955 0.66362941 -0.41739938 2
1.5191145 0.64113623 -0.42070183 2
1.689716 0.61627215 -0.41254145 1
1.7290555 0.67580879 -0.41168365 4.5
1.8817804 0.61969018 -0.41929951 3.5
1.9176284 0.67269474 -0.41862592 7
-2.5772381 0.74971229 -0.47237593 11
-2.341012 0.73326683 -0.43866724 5
-2.2219605 0.74979424 -0.42847341 7
-2.122776 0.73322487 -0.44762403 11.5
-2.049685 0.75675946 -0.44652823 12.75
-1.9435422 0.75966477 -0.47059184 11.5
-1.8392735 0.74596822 -0.46987948 11
-1.7614259 0.75508958 -0.4696486 9.333333
-1.6661938 0.75228286 -0.46945828 8.5
-1.5623842 0.7665059 -0.46664891 4
-1.4787781 0.77188426 -0.46429265 1
-1.1586963 0.77906102 -0.4479579 0.2
-1.0460202 0.75992543 -0.45152289 1.125
-0.95875889 0.74600178 -0.45296466 2.2222223
-0.85959274 0.74360728 -0.45055586 5
-0.76415789 0.76498485 -0.44779414 5.8000002
-0.6322825 0.7709446 -0.44616175 1
-0.53250039 0.79886019 -0.44905394 1
-0.48033082 0.76449722 -0.44739649 1.5
-0.35013291 0.76680696 -0.44130832 3.4000001
-0.26997963 0.74543148 -0.43929386 4.4000001
-0.1159778 0.76227868 -0.43839127 6
-0.076921158 0.73035771 -0.43511835 5.3333335
0.07291086 0.77367455 -0.43503875 4
0.1116185 0.72034037 -0.45642897 0.5
0.26310474 0.71211338 -0.4320941 7
0.32614768 0.74577129 -0.4470048 4.5555553
0.46523628 0.75339043 -0.44353276 5.4000001
0.51427722 0.76045239 -0.44326442 5.5
0.64320028 0.73186374 -0.44543919 4.8333335
0.73827571 0.75294477 -0.44171432 4
0.84295779 0.75204813 -0.44426206 3
0.9476378 0.73841709 -0.43737862 2.3333333
1.0618138 0.75033653 -0.43641305 1.7777778
1.2439497 0.73521596 -0.42706785 1.75
1.3417599 0.76816857 -0.42837173 1.2
1.4401102 0.75434536 -0.41923839 1.75
1.5744599 0.74980515 -0.42167953 1.6666666
1.7839143 0.74537063 -0.41568989 1
1.8085861 0.7863875 -0.4117949 7
1.9566607 0.72870713 -0.4165163 7
2.025806 0.78057718 -0.41518903 5
-3.9814572 0.89920759 -0.49993193 9
-2.0551805 0.85183126 -0.44321072 15.5
-1.7496657 0.80681431 -0.47095287 10
-1.6507989 0.81188989 -0.46680173 6
-1.5457587 0.82197011 -0.46720955 1.5
-1.3078307 0.8989777 -0.45379055 1
-1.2287829 0.87325877 -0.44941017 1
-1.1452522 0.84902912 -0.44682264 1.375
-1.0340538 0.85494399 -0.44906721 3.1666667
-0.95575535 0.84644204 -0.4511874 3.5
-0.85011399 0.84800327 -0.44692057 3.75
-0.7648356 0.82935423 -0.44818887 4.6666665
-0.64011151 0.84538013 -0.44528177 5.3333335
-0.54143357 0.84990346 -0.43902326 4
-0.46002433 0.84946299 -0.43947434 4.3333335
-0.35656309 0.83923304 -0.43903083 4.7142859
-0.27149716 0.84841704 -0.43766484 4.5
-0.13260342 0.84062159 -0.43500742 6.4000001
-0.093510978 0.81612712 -0.4353916 6
0.05450188 0.85618353 -0.43412912 7.3333335
0.110845 0.8541773 -0.44535652 1.3333334
0.20828262 0.84663975 -0.456837 4.75
0.35674796 0.83822578 -0.43821022 5.4285712
0.46711555 0.84193844 -0.43550488 7.8571429
0.53964883 0.84520859 -0.43237674 12.666667
0.67392999 0.84511107 -0.45129144 5
0.7727024 0.83792657 -0.44133997 3.6666667
0.86185366 0.86138588 -0.44225907 2.6666667
0.92277026 0.884022 -0.45282072 3
1.0642246 0.83747441 -0.43700275 1
1.1409571 0.84446496 -0.43831533 0.40000001
1.2225132 0.87399733 -0.43875802 0
1.3147644 0.82737386 -0.41963401 1
1.47421 0.81605941 -0.42062783 1
1.5389984 0.83456165 -0.4275445 0.71428573
1.6412363 0.86142069 -0.42440668 3
1.7186537 0.8899492 -0.41671529 1
1.8609278 0.86043501 -0.40924171 3.5
2.0434961 0.8532387 -0.41111183 13.5
-3.8685803 0.9363144 -0.49511307 9
-2.0386562 0.92033434 -0.46700883 11
-1.9317256 0.93935657 -0.46853754 8
-1.8468362 0.94687396 -0.46787107 7
-1.7685626 0.95338559 -0.46886748 3
-1.6868631 0.95490259 -0.4684608 1
-1.3155485 0.97629344 -0.44366109 2
-1.2482188 0.94918263 -0.44769549 7.2857141
-1.1383505 0.95717859 -0.44774866 5.75
-1.0560938 0.93540114 -0.44349059 3.5999999
-0.92185843 0.95842296 -0.44176656 4
-0.84042543 0.97129446 -0.44455799 4
-0.7340343 0.94789261 -0.44540024 4.1666665
-0.67028618 0.92724395 -0.44721243 5
-0.53390741 0.94468689 -0.44429266 5
-0.40954578 0.96729881 -0.44373751 5
-0.36563835 0.94347835 -0.43850821 5
-0.25459716 0.95079219 -0.43854123 6
-0.16839507 0.94309998 -0.43628007 5.8571429
0.060554482 0.95389259 -0.43476832 4.5
0.12226301 0.94461614 -0.44531909 4
0.23046242 0.92750341 -0.43694293 6.625
0.59117079 0.97145367 -0.45521364 6
0.72460127 0.94282287 -0.45114878 4
0.86335069 0.95881003 -0.44477516 3.5714285
0.9597196 0.93752843 -0.44358754 2.6666667
1.1723876 0.90952766 -0.42840105 0
1.5118004 0.90272433 -0.40172487 1
1.6561502 0.91550136 -0.41692907 5
1.7905349 0.91146487 -0.41408774 1
1.9203905 0.94249201 -0.40775707 7
-2.0567062 1.0373248 -0.41455671 8.333333
-1.4071338 1.0871911 -0.44249636 13
-1.3470455 1.0499406 -0.44754592 9
-1.283453 1.0172932 -0.44775957 5.5
-1.1452812 1.0467347 -0.43876764 4.3333335
-0.94951874 1.0765909 -0.44172153 3.75
-0.86233777 1.0509253 -0.44512448 2.8
-0.75585955 1.0369595 -0.4424943 4
-0.68449783 1.0061389 -0.44111556 5
-0.55336916 1.0514472 -0.44065952 4.75
-0.41624022 1.0523015 -0.44288075 4
-0.36984506 1.0544891 -0.4369472 5.5
-0.25247765 1.0516644 -0.43764386 4.8571429
-0.18638794 1.0453328 -0.43347064 4
-0.018326834 1.0878096 -0.41718495 6.5
0.038774073 1.0389014 -0.42763838 5.4000001
0.10949643 1.006335 -0.46259764 4.5
0.62517303 1.0434566 -0.45226943 4.5
0.77877092 1.0538384 -0.45762685 4
0.86534429 1.0602509 -0.44390714 4
0.95616442 1.038283 -0.43922448 3.2857144
1.0714247 1.0516577 -0.44636819 2.25
1.1665277 1.0752152 -0.4347305 0
1.4003528 1.0635543 -0.42383108 3
1.5180556 1.0905509 -0.44539583 4
-2.0492435 1.1345441 -0.45607972 3.5
-1.9881488 1.1571167 -0.46825355 2
-1.4333348 1.1533277 -0.44285277 13.5
-1.3710461 1.152703 -0.44098049 14
-1.2301396 1.1447983 -0.43905172 16
-1.1675396 1.1369045 -0.43966979 11
-1.0239627 1.1613269 -0.44492716 10.5
-0.94566959 1.1334866 -0.44439101 8.25
-0.75479078 1.1449076 -0.43669775 4
-0.61763436 1.1608953 -0.43930218 3
-0.53709286 1.1515646 -0.43482804 5
-0.42438066 1.1418417 -0.43665725 4.5
-0.37320727 1.1455119 -0.43320239 5
-0.24385081 1.1508424 -0.43571121 5.25
-0.17205532 1.1500077 -0.4341788 5
0.42060792 1.109115 -0.4565686 6
0.58614743 1.168236 -0.46028703 5.5
0.66439366 1.1359601 -0.45401448 4
0.84786886 1.1448195 -0.45039588 3.75
0.9748559 1.1398075 -0.43542254 4
1.0440978 1.1646148 -0.44088292 1.3333334
1.1508154 1.1549193 -0.43705931 2.8333333
1.3494328 1.1628134 -0.42350659 4
1.4652495 1.1155119 -0.43145615 0
1.5494285 1.1472144 -0.43332133 1.6666666
1.6285024 1.1606206 -0.44150931 5
2.2444298 1.103767 -0.40710625 4
-1.5384201 1.2450327 -0.43570989 23
-1.4621825 1.2487706 -0.43483549 20.25
-1.3353769 1.2639989 -0.41473421 31
-1.2455627 1.2499393 -0.42605722 28.875
-1.1414589 1.2406276 -0.4415172 10.4
-1.0683293 1.2466842 -0.43389484 11.666667
-0.98548716 1.2251489 -0.43779993 21
-0.83938491 1.2449309 -0.43664595 9.5
-0.7464276 1.2722526 -0.44118103 10.5
-0.65041733 1.2291365 -0.43802011 8.5
-0.55273569 1.2516001 -0.42804715 4
-0.43427849 1.2513585 -0.43372968 5
-0.37684554 1.245554 -0.42601824 4
-0.25876176 1.2201287 -0.43129304 4.6666665
0.39879665 1.2383697 -0.45480502 5
0.65548879 1.2286141 -0.45654398 3.5
0.72170937 1.2584665 -0.45218503 3
0.8704735 1.2419926 -0.44660726 3.4000001
0.93545854 1.2632465 -0.44916296 3.5
1.0061996 1.2411814 -0.43526557 3
1.1573391 1.2662265 -0.43437669 4.75
1.2439206 1.2497253 -0.45043355 1.5
1.3792539 1.242854 -0.42592579 1
1.6648353 1.217585 -0.42983565 5
1.7539576 1.2631245 -0.43082336 6
1.8443184 1.2987194 -0.4385519 6
-1.0298758 1.3161288 -0.42464501 7.5
-0.83803505 1.3763434 -0.42920241 8.5
-0.76650429 1.3482614 -0.43039912 14.5
-0.669976 1.3215656 -0.43435937 9
-0.56686431 1.3376029 -0.42759588 3
-0.44162691 1.3343757 -0.4309077 4
-0.38203692 1.3735695 -0.42317039 5
0.64683616 1.3527977 -0.46109286 4.5
0.76375318 1.3519716 -0.45398003 2.5
0.85674286 1.3690108 -0.4488852 6.6666665
0.95753706 1.3352659 -0.45024347 3
1.0176592 1.3536907 -0.4347519 7.5
1.157751 1.3453687 -0.42987216 12
1.2200098 1.3342514 -0.43086189 2
1.4012315 1.3118706 -0.42099926 10
1.5112803 1.3573812 -0.42018729 5
1.8441477 1.3340962 -0.41699409 6.5
1.9147744 1.3308353 -0.41201517 1.3333334
-0.75117397 1.4032089 -0.44377714 3
-0.66503632 1.4178464 -0.43319041 9
-0.58122933 1.4286208 -0.42417955 12
-0.45073187 1.4353695 -0.43136716 19
-0.3853544 1.4715891 -0.41996512 20
0.68456966 1.4678336 -0.46238852 4
0.84259915 1.4423512 -0.4482742 12
0.98091131 1.4082863 -0.44915628 7.5
1.034339 1.4941671 -0.43866521 2
1.1829562 1.4504054 -0.43671277 2
1.2415233 1.4493001 -0.42461371 10
1.3178855 1.4546683 -0.43346298 2
1.4509964 1.4484284 -0.42002279 9
1.5395904 1.4383987 -0.41769049 9
1.8134344 1.4390866 -0.40930116 1
-0.68752939 1.5168508 -0.42955813 9
-0.59842855 1.5366271 -0.42308027 16
-0.46207762 1.5443822 -0.42905751 19
-0.39066577 1.5806078 -0.41697878 19
0.71416795 1.5578588 -0.46454227 3
0.85460424 1.5383908 -0.44848889 9.5
0.99386233 1.5034572 -0.44100779 12
1.0444428 1.5501972 -0.45265615 7.3333335
1.2381225 1.5683627 -0.42829961 9.5
1.3731762 1.5086917 -0.42952022 0
1.5776699 1.536402 -0.41743985 8
1.8649174 1.5371327 -0.40371671 3
-0.7141825 1.6298614 -0.42433855 40
-0.61602098 1.6426588 -0.41698599 57
-0.57683396 1.6314824 -0.4147566 76.5
-0.47107959 1.6424547 -0.41845322 84
0.56045169 1.6631401 -0.46183902 8
0.74526745 1.6428939 -0.46246988 12
0.85460281 1.6397908 -0.45028362 9.6000004
0.92740387 1.6984948 -0.45648485 9
1.0280721 1.6473484 -0.43640706 10.5
1.1202061 1.6552933 -0.45864815 8
1.2227576 1.6454469 -0.42998138 9
1.5100863 1.6089995 -0.42014733 8
1.6198035 1.6434097 -0.41649655 9
0.58721411 1.7751529 -0.46513784 15
0.78188568 1.7579224 -0.46622056 12
0.8485347 1.7731104 -0.45056707 11
0.97480035 1.7935024 -0.45519108 7
1.0177751 1.7294831 -0.44327801 9
1.1816312 1.764331 -0.4610942 7
1.24861 1.7684764 -0.42876524 8
1.3017834 1.7143079 -0.42483076 9
1.5507985 1.7230384 -0.41518041 7
1.6589504 1.7514447 -0.41142759 7
0.61751842 1.8961678 -0.46779114 12
0.81558919 1.8846538 -0.46260148 11.5
1.0409955 1.8600793 -0.44386801 8.333333
1.247388 1.8723893 -0.45938122 5
1.3291765 1.8383248 -0.42310464 10
1.6007869 1.861095 -0.41354346 7
1.752732 1.8579683 -0.43059948 4.5
0.86418933 1.9243555 -0.45145154 11.666667
1.0789824 1.9562427 -0.43174389 9
1.2824079 1.9165175 -0.4304249 7
1.3619473 1.9833431 -0.42127085 6
1.7864978 1.9277434 -0.42403546 2
1.8944825 1.9245771 -0.44502777 2
0.65208203 2.0291855 -0.46910429 13
0.84251183 2.0560644 -0.45800787 10.25
0.90291101 2.0711439 -0.44668424 11
1.0675895 2.0200195 -0.44955489 6
1.3217604 2.0414996 -0.44425339 4.5
1.6619244 2.0221655 -0.41215649 6
1.777648 2.0514534 -0.41087386 6
1.8906155 2.0277727 -0.41947728 3
0.69229168 2.1792061 -0.4705162 11
0.92578232 2.1720862 -0.46977562 7
1.0951842 2.117264 -0.42998514 7
1.1557716 2.1645324 -0.45694023 5
1.3991865 2.1503601 -0.41975248 7
1.4148375 2.1505129 -0.46050411 3
2.0313413 2.1717691 -0.42175636 4
0.56506163 2.2615659 -0.47506517 2
0.83381432 2.2584164 -0.45628759 9.333333
0.90527081 2.2391748 -0.44366235 9
1.0683542 2.2015388 -0.44434375 6
1.3589264 2.2695789 -0.42747116 6
1.7293167 2.2062418 -0.4099943 6
1.8524715 2.2364635 -0.40980706 6
2.1659083 2.2988064 -0.41600692 4
0.73678851 2.3352299 -0.46917355 9
0.98721963 2.3421478 -0.46774358 6
1.1149423 2.3042803 -0.42900068 7
1.2319415 2.3126075 -0.4554832 4
1.4418932 2.3383811 -0.41741097 6
1.5374843 2.3216822 -0.44255114 5
0.60087419 2.4676065 -0.47774786 11
0.80174327 2.4599221 -0.45857906 7
0.91318101 2.4721446 -0.44852072 8
1.0900978 2.4125626 -0.44430155 6
1.3168285 2.4756248 -0.45272398 4
1.6590016 2.4699039 -0.41174039 3
1.8167742 2.4343431 -0.40827683 5
1.9349877 2.4444888 -0.4064782 5
0.78831249 2.5232575 -0.46936941 7
0.90012652 2.5353894 -0.46088123 7
1.0605702 2.5532124 -0.46955585 5
1.1395801 2.5322881 -0.42940119 7
1.4537897 2.5375156 -0.42217696 5
0.64236575 2.6996524 -0.47769254 8
1.1176001 2.665591 -0.44491851 5
1.4221715 2.6826465 -0.45244515 4
0.79883176 2.7123184 -0.46593511 7
0.82497108 2.7508862 -0.46492419 7.5
0.91817284 2.7221653 -0.44715393 7
1.1564374 2.7903087 -0.44766301 5
1.4702784 2.7707045 -0.42554936 5
1.9229022 2.7114716 -0.40874603 5
2.040266 2.7045019 -0.40518925 5
0.90671182 2.801404 -0.45978081 7
1.5593872 2.8484297 -0.41362187 5
0.69368118 2.9777088 -0.47920966 7
0.91966516 2.9823294 -0.46601236 6
1.1482663 2.9636257 -0.44299048 5
1.5388722 2.9056709 -0.44953567 1
0.79351211 3.0269251 -0.46052006 6
0.92496407 3.02021 -0.44535029 6
1.2552931 3.0963881 -0.471506 6
2.0443203 3.0326076 -0.4041636 5
2.1608512 3.006531 -0.40158445 5
0.91458058 3.125417 -0.45937204 6
1.1989173 3.1173542 -0.42440182 5
1.5442271 3.1047866 -0.42366469 5
1.6383194 3.1864643 -0.41080433 5
0.75495785 3.2917743 -0.47523195 7
1.0071601 3.2983775 -0.46754664 7
1.6908315 3.2067029 -0.45148796 0
0.78794348 3.3783448 -0.4636057 6
1.1894733 3.3516655 -0.44504505 5
0.78681529 3.4425175 -0.45813197 7
0.93389833 3.4182162 -0.44665915 6
1.3907375 3.4735084 -0.47341603 4
2.2049508 3.4517934 -0.40087298 6
2.3301055 3.4155371 -0.40174243 8
0.92851061 3.5654206 -0.46314079 6
1.2450422 3.5413668 -0.42529163 6
1.6448178 3.5469015 -0.42464191 4
1.8753237 3.5687425 -0.45259511 1
1.745802 3.6374805 -0.41115546 5
2.3502781 3.6223259 -0.43313795 0
0.83565909 3.7648642 -0.48285961 6
1.1192809 3.7154398 -0.47305083 6
0.78089732 3.8823242 -0.46852517 3
1.2466284 3.8657188 -0.4485926 2
0.77902186 3.9655011 -0.46226746 2
0.94935095 3.9561808 -0.45380658 6
1.570563 3.9826622 -0.47855514 1
2.1303828 4.0837975 -0.46059757 0
0.94582826 4.1464162 -0.47019714 3
1.3094391 4.1183658 -0.42890725 2
1.7774537 4.1280522 -0.42591336 1
1.2631346 4.25352 -0.47982007 2
1.8908494 4.2414923 -0.41304642 2
0.94375837 4.3909841 -0.49162632 2
1.3273989 4.5927329 -0.45963079 0
0.77442425 4.6002641 -0.48096645 1
0.96497595 4.6241918 -0.45533198 2
0.76925701 4.703455 -0.47109491 1
1.8362434 4.7518725 -0.49433422 0
1.3918432 4.8703918 -0.43004256 1
0.97093785 4.9554057 -0.48098445 1
1.4514817 4.9366264 -0.48524678 1
1.9824284 5.0102921 -0.43603271 1
2.0870216 5.0635271 -0.41295353 5
2.1579595 5.6381583 -0.49655646 22
0.50888497 5.7419076 -0.46627688 71
0.7545017 5.7234068 -0.48099071 41
0.84408289 5.742053 -0.42041934 150
0.98886025 5.7268047 -0.46415216 85.5
1.2285898 5.7612782 -0.46081775 116
1.4692061 5.747191 -0.44776708 25
1.6907643 5.7747631 -0.48449218 21
1.7862691 5.7788253 -0.40055445 59
2.1386817 5.7694335 -0.40063131 55
-4.4667735 -6.5744209 -0.30048451 97
-3.9647837 -6.5761628 -0.37680194 109
-3.4578123 -6.5999265 -0.32697564 75
-3.1295574 -6.5552974 -0.35061774 119
-3.013365 -6.58535 -0.35073501 95
-2.7254212 -6.5621252 -0.30209279 116
-1.5426244 -6.537909 -0.33473128 118
-1.4289641 -6.5396104 -0.35879025 119
1.3009145 -6.5897121 -0.39434502 3
1.4291717 -6.5696487 -0.38934982 25
-0.83355492 -6.4632545 -0.36037886 83
-0.32790625 -6.4997272 -0.36929277 98
-0.28952587 -6.4614425 -0.37754792 83.5
0.33574197 -6.4852014 -0.32411429 104
0.63798743 -6.4891276 -0.37594134 95
1.8907297 -6.4916453 -0.30771187 11
0.29727626 -6.268209 -0.32639596 37
1.1457634 -5.3631492 -0.33108881 0
1.5453397 -5.2167988 -0.33384594 1
1.921798 -4.8716369 -0.36662772 17
0.97479439 -4.4783278 -0.35263234 5
1.3155301 -4.3669024 -0.35269025 2
1.8730592 -4.3750882 -0.32158086 59
1.8359551 -4.2633963 -0.34029332 1
0.85302615 -3.8214517 -0.36430684 8
-2.9342859 -3.7691863 -0.35234326 3
1.148178 -3.7409778 -0.36407787 7
1.5814595 -3.623611 -0.34782371 1
-3.0194643 -3.4302473 -0.39966652 0
-2.9477558 -3.3461969 -0.31402382 41
0.76045913 -3.3185451 -0.37286952 8
1.0226644 -3.2670345 -0.37261897 7
1.9033345 -3.2258928 -0.35525596 17
-3.0328062 -3.1392927 -0.38514876 0
1.401306 -3.1847789 -0.3583295 4
-2.9593644 -3.0492699 -0.30742991 36
1.7527682 -3.0030236 -0.37931383 5
0.92831159 -2.9170785 -0.3816717 6
1.2643993 -2.8479095 -0.36725891 4
0.85239697 -2.6421142 -0.38961238 13
1.5800925 -2.698055 -0.38340053 5
1.910336 -2.6954575 -0.35453004 32
-2.9629333 -2.5191145 -0.32830086 2
1.1586369 -2.5980217 -0.37795162 5
1.7705914 -2.516619 -0.3701441 5
1.9157017 -2.5961518 -0.301456 30
0.78855217 -2.4001446 -0.3956323 13
1.4504504 -2.4771051 -0.39172783 5
1.8711593 -2.4344292 -0.34871686 27.5
1.0671197 -2.3731098 -0.38460749 6
1.6225935 -2.3007197 -0.37446916 4
-3.0475492 -2.207835 -0.30312258 8
1.3371608 -2.2791381 -0.39683086 4
-3.1210763 -2.1389365 -0.31162834 30
-3.0609698 -2.1510389 -0.3002018 33
0.73469001 -2.1851699 -0.39757514 17
0.99049318 -2.187185 -0.3907311 8
1.510605 -2.1458242 -0.38277948 4
1.9215989 -2.1585512 -0.36421898 31
0.92385989 -2.0132394 -0.39277411 8
1.7984432 -2.069221 -0.39544767 5
1.9232476 -2.0507104 -0.30047378 24
1.405781 -1.9929014 -0.38699248 5
1.6718273 -1.9242291 -0.39646989 4
-3.0275567 -1.8187542 -0.38712558 3
0.86711597 -1.866291 -0.39634418 8
1.3177458 -1.8650199 -0.39133826 7
1.893351 -1.8416469 -0.37884802 7
1.9286568 -1.8284233 -0.3507812 10
0.8181808 -1.7423348 -0.39929056 9
1.2384226 -1.7460769 -0.39451364 7
1.5565947 -1.7882233 -0.39491057 5
1.7885095 -1.7537297 -0.38552976 7
1.9205056 -1.7580979 -0.31223783 21
0.77426642 -1.6183639 -0.39880151 10
1.1711133 -1.6481326 -0.39854085 7
1.4659755 -1.6862458 -0.39875993 7
1.6844549 -1.6567857 -0.38876203 7
-2.9733605 -1.597864 -0.30754027 18
0.7359966 -1.5173931 -0.39976689 14
1.1095244 -1.5541693 -0.39984238 8
1.5173622 -1.5058894 -0.3958683 7
1.6001693 -1.5838485 -0.3936933 7
1.8525246 -1.5173807 -0.39032781 6
1.4437315 -1.4369341 -0.39889872 8
1.6840197 -1.4004257 -0.39802808 7
1.7598077 -1.4513978 -0.39329898 6
1.8013281 -1.4151094 -0.345783 51
0.23665458 -1.3856705 -0.35123199 0
1.7843021 -1.3734983 -0.32705387 9
1.8104265 -1.345119 -0.35397166 35.5
-5.4965563 -1.2082163 -0.33736655 94
-3.0424483 -1.2293105 -0.37814155 5
-2.9694219 -1.2513778 -0.39180598 13
-2.8363481 -1.2423924 -0.39592829 30
0.28857175 -1.2294018 -0.36220333 5
0.30762172 -1.2235508 -0.35953224 4.5
1.6694708 -1.2293695 -0.39501488 9
1.7416415 -1.2723433 -0.39359957 8
1.8347989 -1.2559088 -0.34273174 49
-5.5028439 -1.1090819 -0.3117193 97
-3.0602934 -1.1541455 -0.34624335 1
0.33022404 -1.1513227 -0.36396915 6.1999998
0.64201951 -1.1884217 -0.37691456 8
1.5420625 -1.1524327 -0.39960074 8
1.6064398 -1.1944125 -0.39871013 9
1.8628836 -1.1426597 -0.36746874 29.666666
1.9557295 -1.1292664 -0.36290574 5.75
2.1303487 -1.1059854 -0.39514199 2
-3.0300891 -1.0589544 -0.30984899 3
0.36506605 -1.0670607 -0.39431331 4.5
0.44615012 -1.0200747 -0.36518192 4.5
1.7843915 -1.036021 -0.39809686 6
1.8623958 -1.0538429 -0.39588156 3.6666667
2.0837138 -1.0370325 -0.39696765 4
0.45915923 -0.94013613 -0.35107878 5
0.57359403 -0.91988426 -0.35254186 20.75
0.61218542 -0.90820575 -0.30508989 20
2.367115 -0.91315687 -0.35303277 2
2.5416441 -0.98243272 -0.38039339 10
1.7989918 -0.74212629 -0.38273999 2
1.8188249 -0.73534894 -0.35475692 2
1.780128 -0.68200743 -0.37332416 2.75
1.81619 -0.64932984 -0.38456804 8
2.3969066 -0.61401379 -0.39245436 12
2.4228959 -0.65399456 -0.3913587 14
-0.17674208 -0.50618482 -0.34386545 4
1.9300582 -0.52227008 -0.31243074 4
2.0822785 -0.52614558 -0.37599635 18
2.1316743 -0.55757314 -0.37016141 8
2.2285283 -0.5378688 -0.39591122 10
2.3497424 -0.5380494 -0.39313424 10.666667
2.0865622 -0.43065232 -0.39824027 9.5
2.1823876 -0.44189131 -0.39868736 9
2.2907062 -0.40510148 -0.39678475 10
2.3106532 -0.45258322 -0.39574853 9
2.0735219 -0.38516834 -0.39989835 8
2.2727706 -0.34512103 -0.39780304 10.666667
0.38688108 -0.21605021 -0.37668332 2
0.43782002 -0.20703471 -0.35594034 1
2.0428736 -0.2981163 -0.39863035 10
2.1135182 -0.24660388 -0.39920858 9
2.2541444 -0.23285966 -0.39955851 10.666667
2.0284882 -0.14215097 -0.39866641 0
2.247484 -0.13521405 -0.39716116 10.666667
-0.11501165 -0.031743787 -0.39773956 4
2.045001 -0.043653093 -0.3986454 0
2.1199913 -0.030234052 -0.3996129 9
2.2647512 -0.04988848 -0.39794269 10.666667
-0.16081375 0.071621373 -0.39383149 4
2.056206 0.040485486 -0.36494389 5.909091
-0.23726845 0.18549955 -0.32477385 1
-0.1680211 0.1503046 -0.3535943 1.7142857
0.47424746 0.19021642 -0.31457737 2
0.5196057 0.18008588 -0.35510531 2
2.0553615 0.14487347 -0.35127154 9.166667
-0.26882014 0.23203588 -0.32965246 2.6666667
2.06516 0.25477991 -0.33825991 17.5
-0.30631438 0.38558182 -0.38292211 6
2.0691357 0.32649517 -0.31317812 23
-0.45765996 0.43734619 -0.36573005 4
2.0625777 0.59866345 -0.38733172 27
-2.6137092 0.69737649 -0.33817655 6
2.043591 0.66081798 -0.34398055 26.4
2.1243553 0.61314017 -0.30801925 10
-2.8759792 0.72715092 -0.36776251 5
-2.5363674 0.73745704 -0.34137887 4
-2.3227944 0.7461437 -0.32774824 3.5
-2.2215176 0.78523827 -0.33133435 16.5
2.0427511 0.72242689 -0.36924034 14.2
-2.1370704 0.84517044 -0.34573603 38.333332
0.28101912 0.8879593 -0.32822087 7.3333335
0.34377876 0.85543561 -0.33561581 7
0.43319288 0.83393061 -0.35715631 8.1999998
0.54065847 0.8574267 -0.35939622 16.75
2.0475819 0.894844 -0.39134172 24
-2.1572373 0.95135772 -0.38231379 33
-2.0841923 0.97293687 -0.38927069 6
0.16333243 0.971825 -0.35511804 9.6999998
0.242318 0.9203167 -0.35758966 6.3571429
0.43450111 0.91913193 -0.39455199 7
1.9277368 0.98895109 -0.38215068 1.5
2.0667348 0.94692779 -0.37574685 17.5
-0.044206254 1.0812213 -0.36014104 8
0.048253592 1.0355071 -0.34947094 8.5
0.10556399 1.0039399 -0.3227407 9
2.0958104 1.0340879 -0.34592667 3
-0.24510987 1.1948738 -0.35359475 8
-0.16210045 1.1491668 -0.34310991 8
-0.08782018 1.1080457 -0.35138193 8.333333
0.43620276 1.1153915 -0.38831538 6
-1.5557753 1.2817109 -0.3511208 24.857143
-1.4622844 1.2767903 -0.36547002 27.583334
-1.3237182 1.2785864 -0.36798471 40.799999
-1.2614729 1.2820511 -0.36689913 45.75
-1.0762776 1.2837578 -0.35010245 15
-0.28043482 1.2103454 -0.35346672 8.666667
-1.4766231 1.3007907 -0.30674636 33.5
-1.3125378 1.3034996 -0.30349436 41
-1.0306119 1.3597637 -0.33958256 11.5
-0.94394809 1.3932374 -0.36790755 14.25
-0.84793323 1.3852695 -0.36246213 13.875
-0.79421175 1.3630507 -0.3968102 14
-2.2050204 1.4450666 -0.32296118 4
-0.9647153 1.404686 -0.32483158 16
-0.89383996 1.4136783 -0.31827715 14.5
-0.71743965 1.6358347 -0.3477225 77
-0.63801813 1.6337166 -0.3467257 84.428574
-0.47235709 1.6419127 -0.35384679 93.5
-0.39532384 1.655625 -0.35456058 73.666664
1.9204408 1.6411821 -0.39732993 4
1.9270804 1.7070901 -0.35485339 1
2.3796859 2.5225244 -0.31475982 4
2.3117611 3.4186275 -0.3543371 0
2.3676059 3.5818479 -0.35493782 5
2.5323486 4.0190139 -0.33095926 25
2.1807475 5.4133806 -0.38972455 22
0.59671366 5.7518401 -0.37437293 150
0.69930243 5.7472625 -0.36562949 150
0.71473479 5.743783 -0.39030114 150
0.93676782 5.7596626 -0.34528068 150
1.313054 5.7373333 -0.36682624 144
1.4092338 5.7429352 -0.3640331 103
2.2277491 5.7498527 -0.37234327 88
1.8888313 5.8048911 -0.31674024 100
-3.6082888 -6.6052012 -0.25331014 64
-3.968317 -6.5841336 -0.23355988 109
-3.1483886 -6.5757504 -0.23754127 107
-2.4518654 -6.5498657 -0.2684209 116
-2.0593743 -6.5344782 -0.28800076 122
-1.5484991 -6.5509882 -0.27309981 111
-0.44385844 -6.519073 -0.2836186 128
-0.03137926 -6.5048923 -0.25941935 108
1.2271682 -6.5548282 -0.24550384 42
1.3725946 -6.5677309 -0.26983589 28
2.0163562 -6.5355682 -0.20024085 48
2.2189291 -6.5295138 -0.23827323 29
-0.83610648 -6.4654098 -0.2163012 101
-0.6314413 -6.4881206 -0.28105175 100
-0.53969133 -6.4858375 -0.21973512 88
-0.39765686 -6.4898324 -0.27807105 91
-0.25289354 -6.4887161 -0.24796675 98.5
0.19892907 -6.4926448 -0.25239071 150
0.20898388 -6.4238009 -0.24057594 88
0.39399254 -6.4969487 -0.20974448 132
0.514525 -6.4865036 -0.2921479 124
-0.41670024 -6.3559618 -0.29154345 83
-1.5842493 -6.0857401 -0.24383524 16
-1.1555146 -6.0353036 -0.29452807 46
1.8411411 -4.7889318 -0.25067917 17
1.8267568 -4.3884087 -0.22500652 33
1.9441106 -4.3581061 -0.27639383 77
2.0198321 -4.3388104 -0.20372042 81
-2.9115067 -3.6028044 -0.29014009 20
-2.9118471 -3.4774652 -0.23486373 23
-2.9520628 -3.357204 -0.24211347 43
2.0220468 -3.2063594 -0.25094816 22
-2.9698887 -3.0553288 -0.24414128 42
1.8614001 -2.987525 -0.28179517 22
1.8618866 -2.6120613 -0.24786997 29
-2.9605796 -2.5251827 -0.24676548 40
1.8553294 -2.5339687 -0.25573742 25.666666
1.8970422 -2.4578483 -0.24665949 33
-2.9737401 -2.3581767 -0.24208719 37.5
-3.1280994 -2.1619537 -0.25561544 26.666666
-3.0558667 -2.1516533 -0.23297876 33
-2.9715579 -1.9983945 -0.22545263 39
1.9066802 -1.9594803 -0.25738582 16
1.9033794 -1.8892853 -0.22089577 12
1.8937151 -1.7204618 -0.21492158 8
0.10020295 -1.6649967 -0.28039986 3
1.8746176 -1.6436138 -0.25867295 36.333332
1.903281 -1.6765687 -0.25162336 12
-2.9600141 -1.5308995 -0.28387275 40
0.1672692 -1.5316383 -0.26274502 2
1.8290213 -1.5335063 -0.22972777 26
1.9227102 -1.5943717 -0.21591625 9
-2.9645452 -1.4454695 -0.25356957 50
0.22803676 -1.4062234 -0.24452081 0
1.7659571 -1.4354333 -0.26423183 29.5
-2.9665751 -1.3325522 -0.21586654 49
1.7770669 -1.3906326 -0.29337394 16
1.8107352 -1.3231995 -0.28111106 53
0.29121026 -1.2626851 -0.29542491 0
1.8413606 -1.25571 -0.22642334 36.333332
0.33427128 -1.1716949 -0.25219378 1
1.8535341 -1.1440073 -0.2656301 28
1.9261835 -1.1159024 -0.22605351 2
-5.5100055 -1.010963 -0.28910637 97
0.38188535 -1.080193 -0.24223256 2
2.1889429 -1.0310308 -0.22818172 0
-5.5120435 -0.91186953 -0.26762342 99
-2.9702196 -0.95676684 -0.27445972 44
0.45873275 -0.94389951 -0.24898925 4.8000002
0.55159503 -0.91970897 -0.24533589 14.166667
0.61083597 -0.90119541 -0.20968455 18
-5.5186892 -0.81476516 -0.24778515 101
-2.9726121 -0.85308033 -0.23876502 49
2.185132 -0.80729127 -0.22376883 5
2.2118213 -0.83304262 -0.23934934 7
-5.5236864 -0.71566653 -0.22908986 101
-3.463407 -0.7955035 -0.21973699 10
-3.2348483 -0.79448932 -0.21904606 13
-3.018496 -0.78847623 -0.21848845 30
1.8869196 -0.75029093 -0.21545994 13.666667
1.9434102 -0.73488414 -0.22898097 11.2
2.126066 -0.7620936 -0.23302278 7
2.2249198 -0.79623753 -0.21636343 2
-5.5253873 -0.61757934 -0.2126545 102
1.9180038 -0.62655842 -0.24395485 34.200001
1.8823315 -0.56704187 -0.24324621 10.5
1.9358234 -0.56683677 -0.25329956 7.5
2.1108649 -0.56714404 -0.29751223 0
0.37480715 -0.21688421 -0.22374807 2.5
0.4111971 -0.20731941 -0.29405594 1
-0.30864695 -0.15621668 -0.20258844 1
-0.23886621 -0.16038483 -0.23137213 2
-0.18090753 -0.15449879 -0.22548154 1
0.37678823 -0.19485515 -0.23206958 2.75
0.42869145 -0.19320683 -0.28662482 1
-0.31018245 0.17172761 -0.21728255 2.5
-0.22332725 0.16004819 -0.25431851 1
-0.18847874 0.16430336 -0.29371315 1
0.38655353 0.17795451 -0.21713692 1
0.44835073 0.18426086 -0.25223351 1.9230769
0.53242177 0.15041345 -0.27042764 1
0.42505449 0.20033079 -0.22786814 2
2.0528336 0.25529417 -0.26703408 25.333334
2.0606835 0.36909437 -0.26530629 23.799999
2.0466707 0.43982473 -0.23527472 24.5
2.0510817 0.54804856 -0.24652269 13.6
2.1107655 0.58578807 -0.20440298 14
2.0470574 0.64628643 -0.23632592 18.333334
2.1357591 0.61136723 -0.29251114 10
2.03861 0.74932885 -0.24833448 16
0.28866181 0.88416088 -0.2879864 6.5
0.35493767 0.85398811 -0.2483388 6.8333335
0.44352856 0.84139472 -0.23871785 6.8333335
0.53684181 0.85955644 -0.25044647 16.375
2.0352206 0.82249594 -0.25043219 11.8
0.16114902 0.97366333 -0.22711158 9
0.23143016 0.93711567 -0.27394626 8.2857141
1.9808046 0.98235083 -0.29589051 1
-0.01819014 1.0586001 -0.23473713 5
0.044345383 1.0351247 -0.26056412 8.7777777
0.11372961 1.0027622 -0.29446462 9
-2.1429858 1.1695802 -0.22520551 50.5
-0.24969152 1.1994665 -0.25834003 8
-0.18553987 1.1652327 -0.24825969 9
-2.1532626 1.2571353 -0.23115718 46.5
-1.2469065 1.2923248 -0.29596874 35
-0.27098206 1.2104527 -0.25809094 8.8000002
-2.1684203 1.3435754 -0.26243967 27.5
-2.0479014 1.3880885 -0.27385554 2
-1.5597016 1.3149568 -0.25002298 36.666668
-1.4801153 1.3158454 -0.24662797 34.166668
-1.3198801 1.3250699 -0.24320877 46
-1.2547313 1.3199042 -0.23308223 38.25
-1.148293 1.3147496 -0.23335776 26
-1.0609483 1.3312442 -0.25712764 12.454545
-0.80966228 1.3981352 -0.27546984 14
-2.1858094 1.4399329 -0.27260539 11
-1.0329714 1.4095322 -0.29276651 75
-0.90104336 1.4418869 -0.23417261 15
-0.84642297 1.4300184 -0.24248569 15
-0.79157859 1.4368117 -0.20492372 13
-0.78809154 1.5166185 -0.23571458 12
1.8830042 1.5644882 -0.25529504 1
-0.74067116 1.6309807 -0.25937787 85
-0.63366282 1.6406772 -0.25961685 87.75
-0.45283562 1.6576551 -0.24098721 50.799999
-0.39755386 1.6444454 -0.26739269 102
1.8803742 1.6462643 -0.21738541 0
1.8882564 1.7692928 -0.24699552 1
1.5688007 2.4646823 -0.24136826 0
1.6012844 2.4376893 -0.20444301 33
2.3830941 2.5804193 -0.26774406 3
2.3869851 2.6373117 -0.21940106 4
2.3399508 3.2391617 -0.23102838 4
2.3280046 3.3319025 -0.29132521 9
2.1843853 5.1495757 -0.28740138 21
0.43356335 5.7192717 -0.25685021 40
0.66329086 5.7591052 -0.26843515 150
0.88197827 5.7620897 -0.23444137 150
1.0329664 5.7651539 -0.24893284 150
1.3589548 5.747036 -0.24620333 94
1.410975 5.7579169 -0.28675896 127
2.0917656 5.7932682 -0.28340781 70
2.1690049 5.7736683 -0.26084191 66
1.9892927 5.816956 -0.23218137 90
-3.9150629 -6.602766 -0.1020519 55
-3.7598722 -6.6044812 -0.17769046 61
-3.2919917 -6.6001716 -0.17521434 92
-4.484602 -6.5762296 -0.16258208 98
-2.7250254 -6.56112 -0.1575073 117
-2.4510434 -6.5501518 -0.12590896 116
-2.0789523 -6.5485787 -0.14708391 113
-1.9453799 -6.5580244 -0.10904451 112
-1.5271454 -6.5312901 -0.18807213 120
-0.67546391 -6.5177479 -0.11037008 119
-0.028661812 -6.5099669 -0.16706052 114
1.288385 -6.5584979 -0.10085265 37
1.4982923 -6.5467024 -0.18323271 44
-0.65147555 -6.4718366 -0.14040938 99.5
-0.55812287 -6.4864006 -0.195878 102
-0.40215087 -6.4898958 -0.13295506 98
-0.21955553 -6.4797411 -0.11390364 100
0.085774906 -6.4992094 -0.16493678 142.5
-0.0079256091 -6.1115317 -0.10342847 29
-1.703869 -6.0808191 -0.1726688 17
-1.5665793 -6.075233 -0.17206313 20
-1.1711484 -6.0502853 -0.16325554 56
0.2284959 -5.9743099 -0.11518805 63
1.8244253 -4.5677919 -0.13685571 14
2.0870497 -4.2915196 -0.13096717 30
-2.9345891 -3.3606732 -0.17524812 32
2.1061916 -3.3148932 -0.1941922 21
2.2028265 -3.3068559 -0.15332016 33
-2.9262223 -3.2528315 -0.1317351 11
1.9990206 -3.1742151 -0.11142191 13
-2.9737825 -3.0484066 -0.14765555 41
1.9989257 -3.024045 -0.18830796 23
2.0275466 -3.0908945 -0.14028187 30
1.8690839 -2.7081654 -0.1995227 13
1.8696908 -2.6790445 -0.16549522 27
-2.963084 -2.5347776 -0.13855144 39.5
-2.9771571 -2.354393 -0.14471345 37
1.8627264 -2.3015757 -0.19586444 39
1.8643312 -2.2153299 -0.15324613 49
-3.1300087 -2.1477997 -0.15934645 31
-3.0488043 -2.1518061 -0.14248741 34.5
1.8792729 -2.1551058 -0.11572653 60
-2.9549959 -1.9142072 -0.19118521 38
-2.9609272 -1.8470286 -0.15958068 41
1.8753135 -1.8108852 -0.14446679 42.5
-2.9622512 -1.7442827 -0.11617288 44
1.874507 -1.7658905 -0.15135466 30.666666
1.9051836 -1.7097657 -0.12358779 7
0.16523303 -1.5252541 -0.15093195 4.5
1.9451553 -1.515293 -0.16234614 22.666666
2.0726886 -1.5212278 -0.11520063 15.666667
2.1520116 -1.5311148 -0.16673441 5.75
0.23726448 -1.3720499 -0.18019469 1
2.0352325 -1.3181387 -0.18577646 1
-2.9693153 -1.2501119 -0.18918446 56
0.28623933 -1.2746334 -0.17137121 1
1.964156 -1.2952198 -0.19964349 22
-2.9679062 -1.1681608 -0.16529532 50.5
0.34352329 -1.1534759 -0.13512982 1.6666666
-2.9702384 -1.0612268 -0.13523391 53.5
0.40258998 -1.0304301 -0.14334959 2
2.2431383 -1.0850972 -0.13290344 2
-2.9720252 -0.95628583 -0.10795369 54.5
0.4636983 -0.92206919 -0.14718536 5.8000002
0.56423539 -0.91680884 -0.14308688 15.538462
0.60828352 -0.9111039 -0.16815361 7
0.60468513 -0.89495701 -0.16644937 15
1.9455855 -0.84067726 -0.17770842 7
2.2399378 -0.82128978 -0.15641931 25
2.3052661 -0.81268203 -0.1146856 6
1.8749903 -0.75465816 -0.14643054 6
1.9137415 -0.71880281 -0.16729666 16.714285
2.0110104 -0.73068666 -0.11621472 150
2.2104609 -0.78175431 -0.1781963 10
1.9313453 -0.62184638 -0.16465764 22.333334
2.0256567 -0.67298692 -0.18040073 5
-5.5312586 -0.51949626 -0.19699356 108
1.9332474 -0.54513741 -0.12521261 17.222221
2.1557009 -0.54885978 -0.12766488 16
2.2623827 -0.53416234 -0.11860453 30.25
2.6229379 -0.52165926 -0.13641326 150
2.7202792 -0.51439667 -0.12066767 83.5
-5.5268812 -0.41941762 -0.18231791 109
2.3522701 -0.49610454 -0.1276574 18
2.4692047 -0.41953114 -0.11771269 151
-5.4284606 -0.31432953 -0.16676207 135
2.4232852 -0.35012886 -0.10854342 74.333336
-5.5306911 -0.22229141 -0.15887907 125
-0.35222358 -0.20120151 -0.18909383 1
2.4155648 -0.26140422 -0.10186925 66
-5.5288868 -0.12224119 -0.14971596 112
-0.31492299 -0.14981857 -0.15417132 0.92307693
-0.26639941 -0.14729455 -0.13539445 0.78947371
2.4149685 -0.13239852 -0.10101384 69.5
-5.5326443 -0.023196548 -0.14157949 110
2.4206212 -0.063428991 -0.10530587 62.333332
-5.5369678 0.076843835 -0.13427271 118
-5.5402093 0.17687421 -0.12892319 116
-0.32752526 0.15444794 -0.12172768 1.0465117
-0.27191913 0.15606277 -0.17355798 1.0769231
-5.5359831 0.27689731 -0.12506446 115
-0.38822657 0.2160712 -0.141903 1
-5.5459189 0.37891355 -0.12240614 106
-5.5489531 0.4809182 -0.12206267 109
2.03567 0.46237254 -0.14640729 17.666666
-5.543952 0.58291978 -0.12238668 104
2.0438056 0.5604015 -0.15252249 18.700001
-5.5500751 0.68691021 -0.12478499 103
2.0241103 0.64162475 -0.15078424 13.166667
2.1503892 0.62868834 -0.13344955 6
-5.5129356 0.78489971 -0.12775606 53
-2.4416635 0.76918745 -0.10229738 22
-2.3460121 0.78017288 -0.10618688 25
-2.2625666 0.79215711 -0.11018878 29
-2.172477 0.79913688 -0.11508939 29
-5.2077761 0.83692926 -0.12535162 94
-2.0924187 0.84772879 -0.13070099 47
0.38975897 0.84104156 -0.18896678 6
0.45412165 0.8506363 -0.15265165 8.6842108
0.52950376 0.86692584 -0.15026273 17.625
2.0275574 0.87796819 -0.17928562 6.5
-5.2131248 0.93589824 -0.13189596 94
-2.1040015 0.9609077 -0.16113575 50.5
-2.0870061 0.93171179 -0.10777371 60
0.10422616 0.99095523 -0.19667244 4
0.56122571 0.9257971 -0.1341417 18
1.9810146 0.90638608 -0.10049154 6
-5.2140436 1.0348642 -0.13905671 86
-2.1142466 1.0447505 -0.16302046 54.75
0.5749324 1.0147464 -0.13226475 2
2.1775842 1.0632151 -0.13119943 6
-5.2088857 1.1348213 -0.14797202 84
-2.125567 1.1282852 -0.16531751 58.5
-0.25361949 1.1988509 -0.19644383 8
-0.1927591 1.1693069 -0.14418872 9
2.2924156 1.160267 -0.13472515 10
-5.2104211 1.2347643 -0.15956803 87
-2.134757 1.2038251 -0.19036587 62
-0.2766231 1.2114232 -0.14303829 8.5714283
-5.2075272 1.3357043 -0.17178585 92
-1.5433046 1.3439111 -0.15679929 39
-1.4523544 1.3404523 -0.14722677 26.5
-1.3371763 1.3420492 -0.15222926 36.714287
-1.2690153 1.3397609 -0.16235504 37.666668
-1.1480314 1.3360515 -0.16153944 26.333334
-1.0634049 1.3511482 -0.16019031 13.666667
-0.92248839 1.4573669 -0.14855731 22.4
-0.84465492 1.4448322 -0.14636815 18.444445
-0.77826792 1.4298038 -0.15913738 15
-0.78715026 1.5458536 -0.19160306 12
1.8761704 1.5188257 -0.14974342 0
-0.71438026 1.6367698 -0.15540847 92.5
-0.62205589 1.6545286 -0.1506713 59.5
-0.54831463 1.6365787 -0.1278785 89.25
-0.45018455 1.6498599 -0.15744871 36.333332
1.8909152 1.6668787 -0.19131494 0
1.9140909 1.7546079 -0.15371475 0
1.6830243 2.3897457 -0.19270936 40
1.7035351 2.3844614 -0.1061714 19
1.6595365 2.4096744 -0.14858012 39
1.7382094 2.4417179 -0.10001756 5
2.400749 2.4689217 -0.18646021 6
2.4058254 2.5311735 -0.14495435 4
2.3993752 2.7102125 -0.17035002 4
2.4024777 2.7670951 -0.11796018 4
2.3504214 3.1484075 -0.1735393 8
2.6145747 4.8856835 -0.10637645 48
2.2496605 4.9708748 -0.15776843 95
0.55792111 5.7526164 -0.15192816 150.5
0.60857749 5.7550759 -0.15730767 150
0.77311718 5.7677002 -0.18846196 150
0.82669735 5.7627449 -0.11784574 150
1.1277437 5.777205 -0.16425624 150
1.3350511 5.7617311 -0.15821669 116.5
1.4923319 5.7724466 -0.18306367 150
2.0610385 5.794055 -0.15574984 78
2.1080263 5.7804861 -0.14913797 72
-4.0818815 -6.6170659 -0.025821995 54
-4.5023494 -6.5760422 -0.025679324 106
-3.9649696 -6.5791006 -0.088712052 109
-3.4303036 -6.5965657 -0.085184172 87
-3.1638801 -6.5591817 -0.072659031 116
-2.7274442 -6.5631156 -0.015175712 117
-2.0838776 -6.5508976 -0.019605543 113.5
-1.9133986 -6.5660715 -0.0094317393 117
-1.5284264 -6.5355263 -0.044694174 120
0.06489332 -6.5205398 -0.00029724179 21
0.15183142 -6.5008287 -0.043111015 142
0.94465405 -6.5302682 -0.058668707 80
1.1582856 -6.5509362 -0.09993647 42
1.6146661 -6.5595126 -0.071363375 44
2.1471989 -6.5408463 -0.094088137 29
-0.83941215 -6.4735751 -0.073053032 137
-0.78409868 -6.496552 -0.063593723 126
-0.30431575 -6.4915667 -0.092559174 97
-0.14992991 -6.488668 -0.0018207066 145
-0.092296891 -6.4658556 -0.023842249 4
-1.2182808 -6.2873225 -0.03682458 93
-1.6795168 -6.0796432 -0.090949029 16
-0.7575565 -6.0760469 -0.021256257 150
-0.051236704 -6.018146 -0.076011255 150.5
1.9572772 -5.7845654 -0.080554053 149
1.9585295 -5.2702608 -0.05964059 89
1.8922669 -3.5403972 -0.049533542 9
2.0948074 -3.4962289 -0.056533489 6
2.1270509 -3.490133 -0.018673133 5
-2.9565871 -3.3687155 -0.059276126 44.5
2.1036696 -3.3435583 -0.08633858 39
-2.9352615 -3.148536 -0.083703354 5
-2.9765117 -3.0374835 -0.053072233 41
1.9119264 -2.612504 -0.079880163 35
-2.9681234 -2.5433733 -0.030058376 38.5
1.9229512 -2.5282857 -0.036738474 56
-2.9414663 -2.4567184 -0.062346451 4.5
-2.9635651 -2.3381774 -0.038951192 33
-3.1389167 -2.1505687 -0.050236177 32.333332
-3.0482149 -2.1534641 -0.052572399 34
1.8970152 -2.1018882 -0.079644442 70
0.67137408 -2.0584683 -0.051301833 8
1.8648331 -1.9404814 -0.037692703 45.5
1.8605202 -1.8750066 -0.047937628 45
-2.9624927 -1.6425476 -0.074716464 47
1.8974587 -1.6446081 -0.09402898 15
-2.9631958 -1.5448308 -0.036560379 50
1.8889518 -1.553893 -0.053623356 22.5
1.994398 -1.5003867 -0.053315241 50
2.0613484 -1.5164655 -0.084358312 11.333333
2.1409822 -1.5132296 -0.074565828 3
-2.9650311 -1.4481231 -4.7945352e-05 50
1.8831993 -1.4711931 -0.016075674 50
1.9682387 -1.4853611 -0.025009479 57
2.4726553 -1.4944005 -0.024151128 0
-5.5112505 -1.2102157 -0.074478552 111
2.4188762 -1.2547536 -0.034760382 5
-5.5043521 -1.1112398 -0.058486428 108
2.4294655 -1.1960953 -0.0077952864 3
-5.5045261 -1.0152872 -0.043950815 115
0.36717534 -1.0980976 -0.085572422 2
0.40002349 -1.0261117 -0.060501706 2
-5.5167642 -0.92232978 -0.029551085 112
0.45232978 -0.93029851 -0.042252604 6.1666665
0.55826533 -0.91547942 -0.049483046 20.666666
0.61055237 -0.92111135 -0.020668996 9
2.4363685 -0.91727549 -0.037158985 39
-5.5193048 -0.82735783 -0.016852941 109
-2.9739609 -0.85333872 -0.083590418 56
2.4515228 -0.88516802 -0.024355192 7
-5.5151939 -0.73137647 -0.0050136643 111
-3.445374 -0.79192907 -0.054951761 12
-3.2199266 -0.79166055 -0.062017512 21
-3.024153 -0.79142678 -0.068402112 24
1.8469642 -0.75889599 -0.071811914 4.5999999
1.8759958 -0.69745749 -0.045074005 12
1.9216332 -0.63533205 -0.042432439 15.666667
2.3415413 -0.60226059 -0.049798902 101
2.458364 -0.60823107 -0.044955056 32
1.9385939 -0.54610759 -0.049001649 17.333334
2.2944248 -0.50512606 -0.097563505 18
2.3877931 -0.50111264 -0.09708643 25
2.4787261 -0.54781371 -0.031959567 32.666668
2.6081767 -0.51608312 -0.021790054 150
2.720758 -0.5080533 -0.016929407 86
2.4786055 -0.44604775 -0.064584516 111.66666
2.4173465 -0.35131371 -0.078739636 69.666664
2.5278871 -0.39699131 -0.0077934312 151
2.6507225 -0.36946183 -0.0029674647 33.5
2.413579 -0.24505118 -0.079774931 70.5
-0.2440322 -0.15070044 -0.059379395 0.91666669
2.4142792 -0.15843111 -0.078653589 72.800003
-0.25208181 -0.078428134 -0.096819639 0
2.0036786 -0.013939282 -0.00055178342 14
2.1376617 -0.0126551 -0.082238019 40.5
2.3435318 -0.049971472 -0.076170892 21
2.4170976 -0.080964684 -0.076345623 22
-0.33240569 0.067400388 -0.005704199 0
0.56549609 0.0033485417 -0.0018544992 0.60878241
1.9986664 0.0070472211 -0.0026815021 14
2.029259 0.056848254 -0.048418224 10.666667
2.1165764 0.0050381455 -0.0716611 4
-0.32660705 0.15710361 -0.071068838 0.86956519
-0.259969 0.15860918 -0.027265407 4.8163266
1.9979746 0.18188767 -0.027837303 14
2.0207927 0.13957089 -0.056064785 9.833333
1.9995331 0.26875401 -0.048946161 5
2.0056727 0.25581735 -0.031228675 11
2.0234816 0.35463461 -0.053009741 24.375
2.0306928 0.44455418 -0.079961412 9.5
2.0340164 0.52012861 -0.099956274 8
1.9954385 0.66953111 -0.0074481042 11
2.0261979 0.64249814 -0.078143775 17.4
-2.781872 0.72699368 -0.05863221 11.5
-2.6751273 0.74505043 -0.063532077 29
-2.5529723 0.75462115 -0.068015851 22.5
-2.4563363 0.76316786 -0.044555169 17
-2.3534639 0.77029699 -0.051080439 25
-2.2714002 0.78240353 -0.058061738 31
-2.1509318 0.79555905 -0.067978293 34.5
1.9862778 0.75269675 -0.028804377 12.5
2.0047572 0.71713042 -0.072797343 4
-2.071296 0.84218252 -0.084725276 58.5
0.49161091 0.87836361 -0.087982535 19
0.53861851 0.86843491 -0.0634645 18.799999
1.9799056 0.85255712 -0.059294041 20
2.0217938 0.82980716 -0.072199285 1.5
1.9829643 0.92249668 -0.092209354 21
-5.2092528 1.1260091 -0.0093316929 98
-0.20072687 1.1742196 -0.028811436 9
-0.1977694 1.1738803 -0.07171604 9
-5.209259 1.2210196 -0.021343913 104
-0.33473468 1.2232306 -0.016663082 7.5
-0.28364173 1.2122188 -0.040984593 8
1.9274451 1.27072 -0.040449943 0
-5.2088609 1.3180494 -0.034733925 103
-1.6036316 1.3760563 -0.0075006904 48
-1.5490214 1.371279 -0.054362707 36.625
-1.4806013 1.3579764 -0.087844931 25
-1.3373441 1.3798705 -0.048659854 42
-1.2891936 1.3681982 -0.07427416 42.5
-1.1176208 1.3819152 -0.027185638 22.799999
-1.0491832 1.3768587 -0.054439239 13.25
1.9348645 1.3428521 -0.032696493 0.5
-2.0223069 1.4428574 -0.014639718 23
-1.9479169 1.4387612 -0.031728264 9
-1.0380027 1.4560695 -0.055200536 42.200001
-0.93839765 1.4762117 -0.064707257 28.333334
-0.83827966 1.4678144 -0.043740835 15.666667
1.9488556 1.423841 -0.02027626 0
-0.72127104 1.6363724 -0.04578808 91
-0.64145726 1.6345004 -0.048674811 70.111115
-0.55591774 1.6332597 -0.086601116 85
-0.45461559 1.6505398 -0.045321621 22.6
1.9574794 2.2906251 -0.051317278 42
1.6581161 2.3829188 -0.036768556 35.5
1.9276462 2.3194456 -0.089742348 37
2.043591 2.3071661 -0.021710388 26
1.6294732 2.4129298 -0.069750115 40
2.407006 2.589448 -0.099706575 4
2.4135661 2.6547241 -0.054244693 3
2.4255841 2.7300155 -0.0063522132 4
2.3584836 3.4838545 -0.044380035 5
2.3419597 3.5908511 -0.097855523 5
2.3753233 4.9781675 -0.037579011 96
2.595607 4.9574614 -0.0090754824 114
0.45384344 5.7338357 -0.091027081 54
0.54901272 5.7612238 -0.020673415 150
0.61958367 5.7712512 -0.082393348 161
0.77109557 5.7597561 -0.017572705 151
0.86238599 5.7746301 -0.095172077 151
0.94953072 5.7735586 -0.0025679553 151
1.2416379 5.773242 -0.045359232 150
1.3014016 5.7721977 -0.073765054 145
1.583111 5.784512 -0.089882597 150
1.9877118 5.7949214 -0.048278425 93
2.0479562 5.7943072 -0.037069943 93
2.1634688 5.7200704 -0.059762511 59
-4.2459331 -6.6243653 0.050956529 52
-3.7268617 -6.6103349 0.097777627 74
-3.5796897 -6.6089492 0.0064872308 82
-3.9705839 -6.5840721 0.055350769 108
-3.1846123 -6.5656266 0.067042299 117
-2.4513757 -6.5494285 0.018513225 115
-2.2056096 -6.5642042 0.045066323 111
-2.0370588 -6.568428 0.07901831 117
-1.5296291 -6.5337677 0.097654969 130
-1.0298767 -6.535275 0.092360094 129
-0.27003628 -6.5042939 0.077639498 134
1.0746231 -6.5566111 0.047825821 50.5
1.218694 -6.5574169 0.044300482 39
1.730582 -6.5493002 0.038939908 45
2.075475 -6.5491657 0.050097492 28
2.2456939 -6.5123487 0.018651739 44
-0.90326589 -6.4944119 0.013594287 87
-0.65533835 -6.4738293 0.0038566319 87
-0.40672415 -6.4619532 0.01297697 87
-0.27275658 -6.493032 0.087426431 107
-0.15601686 -6.4676838 0.0024492135 86
-0.23147669 -6.2196889 0.033796743 66
-0.82078761 -6.1977353 0.070276983 68
-0.31515065 -6.1264558 0.052289218 50
-1.2023376 -6.0782571 0.098276936 38
-0.86691159 -6.0854273 0.059816275 49
0.0092000123 -6.001287 0.037211653 151
1.977591 -5.5774789 0.052376803 0
2.0510693 -3.6086388 0.096003734 34
1.9663091 -3.5481455 0.0091103455 10
2.0461302 -3.5281758 0.044324875 5
2.0737824 -3.4656541 0.056884538 65
-2.9538176 -3.3662174 0.051914036 41
-2.9772549 -3.0220599 0.041688547 36.5
-2.9704742 -2.5464449 0.053574052 34
-2.9829462 -2.3378158 0.047821023 34
-2.9394479 -2.2453845 0.0077268397 22
-3.156297 -2.1611767 0.069012284 33.333332
-3.0623043 -2.1696455 0.045212243 34
-2.97683 -2.1954908 0.032958448 49
1.8432492 -2.0055816 0.089397736 4
1.8425745 -1.9555143 0.038262464 49.200001
1.899091 -1.8793122 0.019466422 40
1.8727016 -1.7405858 0.060627542 25.5
2.3979733 -1.6399488 0.072170191 45
2.5850134 -1.649091 0.060404539 16.5
2.6377313 -1.6278059 0.040997531 11
1.8777118 -1.5017331 0.073741481 45
1.9044057 -1.5317221 0.097991221 38
2.538636 -1.5833824 8.366138e-06 4
2.7001524 -1.5967518 0.094618857 1
1.8959081 -1.4897933 0.055002198 54.5
1.9347019 -1.4736588 0.017287888 45.200001
2.0087593 -1.4548209 0.053427208 11
2.2436788 -1.4650711 0.045451779 4
2.5238521 -1.4838812 0.0010961696 0
-2.9688454 -1.3554389 0.0328895 52.5
2.1403508 -1.326793 0.048097502 1.5
-2.9697776 -1.2317042 0.074092433 50.5
0.56324875 -0.91248184 0.048996199 20.952381
0.60055643 -0.90431499 0.00094602915 19
1.7989632 -0.72141826 0.021531198 12
2.7296312 -0.70954269 0.047273833 84
-5.5288363 -0.63741237 0.0055095172 119
1.7947258 -0.67783439 0.03588203 12
1.8421445 -0.66274548 0.051194467 7
2.6648297 -0.60645854 0.059328888 10
2.7305083 -0.66748244 0.054687254 84
-5.520576 -0.54242027 0.014554786 107
1.8911527 -0.53647536 0.096261591 13
1.9254595 -0.53786778 0.031106347 13
2.0572731 -0.51684695 0.025394637 24
2.6833634 -0.57140344 0.065660797 11
2.7221127 -0.52132338 0.074557729 84.5
-5.5272942 -0.4484435 0.022828616 110
2.7183847 -0.43976325 0.082113408 85.5
-5.4710641 -0.34939274 0.029735792 121
2.4621727 -0.30036214 0.076625593 13
2.6575778 -0.36926323 0.08372923 150
-5.5127344 -0.25745153 0.036211487 126
2.4666295 -0.25589615 0.032647248 51.400002
-5.5325031 -0.16248249 0.041213196 119
2.4616661 -0.15781741 0.035893906 47
-5.5361891 -0.068492793 0.045034841 121
-0.23992535 -1.0374451e-05 0.0032314553 0
2.4715214 -0.064008124 0.044480108 36.799999
-5.5368285 0.026502116 0.0480127 127
-0.32393241 0.0030100595 0.093801931 0.484375
-0.26364836 0.0020090567 0.0074696364 0.29535326
0.58922452 0.0026890095 0.0027697652 0
0.60176313 0.00072383235 0.0039414191 0
2.0388954 0.077254012 0.040733948 14
2.4490218 0.018028054 0.063726693 38.5
2.5097365 0.068508022 0.059706606 26
-5.535809 0.12150124 0.04987378 121
-0.25712848 0.16333945 0.004514473 5
2.038311 0.14016713 0.028935019 14.25
-5.5422883 0.21749647 0.0495493 127
2.0526011 0.22968207 0.0087734163 26.333334
-5.5401683 0.31350088 0.049465168 123
-5.5413823 0.40950438 0.048007764 111
2.0362825 0.49040994 0.079769865 11.5
-5.543715 0.50751007 0.044894725 116
2.0085838 0.53230923 0.062205054 39.5
-5.5493817 0.60551482 0.040408656 109
1.9933414 0.68126708 0.023283264 12
2.030822 0.62882149 0.053144038 12
2.1180408 0.613262 0.053269368 7
-5.5411835 0.702537 0.035028715 108
-5.3820848 0.77573162 0.028124304 52
1.9853725 0.72641039 0.02044086 6.6666665
-5.2082858 0.84294569 0.019757535 102
-5.2081385 0.93596476 0.011351108 97
-5.2077227 1.0309869 0.00156065 102
-2.0550385 1.0884594 0.093528956 69
1.9812639 1.0654674 0.060352407 1.75
2.0074739 1.0469636 0.069128461 2
-2.0679491 1.1463927 0.081446685 4
-0.23633015 1.1821635 0.055931091 7.8333335
-2.0775023 1.2327784 0.06083332 14.5
-0.31471625 1.2220829 0.031655025 7.8000002
-0.26699284 1.2048392 0.069613308 8.666667
-2.0913138 1.3362786 0.067102678 24
-1.6185256 1.3899722 0.024342444 51
-1.5437922 1.3935227 0.019395849 30
-1.3368886 1.3945745 0.0055274451 42
-1.1486087 1.3926967 0.029265797 45
-1.0704865 1.3898211 0.012204565 30
1.9496174 1.3575218 0.015347041 1
-2.11254 1.4244833 0.03530525 32.333332
-2.0584073 1.4630413 0.052895736 31.5
-1.9500674 1.4587394 0.02398194 3
-1.6494297 1.4178357 0.072367549 87
-1.5593817 1.4110099 0.077162325 36.25
-1.3480151 1.4102069 0.069532968 29.428572
-1.2461592 1.4035481 0.059385847 34.666668
-1.1529258 1.4105574 0.071566023 28.666666
-1.0653715 1.4051952 0.051057354 16
-0.92296571 1.4925151 0.010671127 16
-0.83405674 1.4535978 0.064818054 12.6
-0.79447943 1.4882567 0.06779854 10
1.9555106 1.4465855 0.032751832 0
-0.93514103 1.5151941 0.063123941 16.5
-0.79038519 1.5771953 0.049529493 9.5
1.9564615 1.508693 0.067340031 0
-0.73873645 1.6286659 0.031988483 82.5
-0.62986273 1.6515446 0.048392393 21.5
-0.50130665 1.6329507 0.078596503 91
-0.4400588 1.6449052 0.052305225 30.636364
1.9940732 2.2671945 0.063849412 30
2.0241797 2.2723353 0.018334862 33
1.9117658 2.3157496 0.074511372 37
1.6132431 2.4115191 0.054118443 17.5
2.3983574 2.7354708 0.077270381 5
2.4318867 2.7983246 0.04446996 4
2.3952842 2.8222804 0.031433366 5
2.4297457 2.8546441 0.097006366 6
2.3758328 3.2568567 0.054356974 6
2.3622367 3.3568547 0.0064895405 8
2.4611287 4.9794064 0.046382241 99
2.5490537 4.9582009 0.090605035 99
2.1644421 5.0800824 0.098006204 35
2.1594307 5.3720737 0.022385027 30
0.63292468 5.7596207 0.092091404 150
0.73342997 5.7606502 0.038369313 151.33333
0.80625868 5.7682433 0.095774643 150
1.0395235 5.7754869 0.091408491 150
1.2408853 5.7670755 0.039340999 150
1.3146042 5.7553043 0.010786335 150
1.4129393 5.7833595 0.097528577 150
1.672487 5.7855749 0.0033210842 150
1.9583161 5.7839327 0.071994513 125
1.7668345 5.8006415 0.098562367 125
-4.4124799 -6.6246705 0.1294205 55
-3.8787227 -6.6107063 0.19106454 63
-4.5282321 -6.5838628 0.11254477 96
-3.9732118 -6.5830421 0.19967474 107
-2.7330251 -6.5691104 0.12888679 116
-2.4537017 -6.5537057 0.16280341 118
-2.336561 -6.5602965 0.12267591 109
-2.136153 -6.5572743 0.15217841 112.5
-0.41098154 -6.5040336 0.15537357 95
-0.088941537 -6.50771 0.12380157 144
1.021381 -6.5551462 0.18938395 44
1.1612139 -6.5462217 0.17534298 45
1.844384 -6.5310879 0.14998123 43
-1.0191249 -6.4567518 0.1500988 64
-0.66977453 -6.4906836 0.14630385 88
-0.32427606 -6.4823828 0.19472656 114
-0.2335338 -6.4936948 0.17503022 88
-0.38337868 -6.1034331 0.16356519 53
-0.21025604 -6.1862278 0.19575033 53
-1.0881255 -6.0540686 0.15990743 35
-0.38351822 -6.0879574 0.14879471 37
0.014364531 -5.9990525 0.14795163 25
1.8446511 -5.812664 0.18462628 7
1.8461566 -5.2836514 0.16945575 6
2.0210133 -5.2394266 0.1050006 74
2.0498488 -5.0013928 0.18437535 90
-2.9159892 -3.9100206 0.17146164 15
2.0821025 -3.8037951 0.17838785 23
2.0759645 -3.5691798 0.13218652 24
2.0867519 -3.4886618 0.12600359 9
2.1551247 -3.4754114 0.18469015 37
-2.9553208 -3.3642204 0.1260805 43
-2.9700744 -2.9886546 0.16625157 39
2.343945 -2.9018631 0.13795331 33
2.3452835 -2.859288 0.14304468 44
-2.9666719 -2.539505 0.13632084 39
-2.9391372 -2.4448271 0.19251023 8
-2.9777637 -2.3175077 0.14266044 38
-3.1452518 -2.137532 0.14749384 35
-3.0678215 -2.161176 0.15235072 33
-2.9662449 -1.9546492 0.10333921 38
-2.9656715 -1.8437264 0.13506231 45.5
2.0761695 -1.8206694 0.15905344 79.25
-2.9698136 -1.7408268 0.16511108 53
1.968846 -1.7677666 0.10638969 38
2.0883241 -1.7813393 0.16817278 102
-2.9675932 -1.6698668 0.18302026 51
1.9537023 -1.624709 0.13192867 29
2.0611477 -1.6852319 0.18872838 10
2.3981197 -1.6663551 0.19711366 54
2.4146717 -1.6483608 0.16400206 20
1.9303044 -1.5935656 0.10589017 31
2.2198141 -1.5100949 0.10602394 151
2.0956438 -1.4532001 0.16615872 52
2.1764469 -1.450773 0.13278212 76
2.23142 -1.4271927 0.14041924 3.5
2.6869507 -1.4684353 0.13638176 41
2.1667767 -1.3340337 0.13573509 1
2.6497035 -1.358243 0.1629377 9.5
-2.9889133 -1.1475385 0.10314579 38
-2.9777131 -1.0523875 0.12950164 53.5
2.6877177 -1.0334255 0.10696341 17
-2.9796047 -0.93370652 0.16230085 55.5
0.45890096 -0.90972418 0.14962225 8
0.54314721 -0.91644567 0.1387603 19.727272
2.6676583 -0.98034531 0.11925057 12
-2.9752767 -0.84408683 0.18309547 41
0.44266042 -0.89636207 0.18681559 7
1.7949889 -0.74992669 0.11095244 6
2.7183781 -0.70290315 0.19481386 88
1.7708586 -0.67414922 0.12604985 12.333333
1.8129416 -0.63664025 0.14650354 45
1.8858328 -0.5393616 0.16289669 12.25
2.1163094 -0.53625834 0.13361868 16
2.4974866 -0.55694878 0.18689544 2
1.8917921 -0.49224392 0.19443922 13
1.9006672 -0.4874002 0.1091648 13
0.61521441 -2.8586212e-05 0.11326978 0
0.58396745 0.0040439493 0.10816061 0.0088062622
0.60842115 0.0014708594 0.11265221 0.55378485
2.3791561 0.15172742 0.19256292 6
2.0109866 0.29467377 0.12575459 8
2.2877781 0.29087865 0.16109896 8
2.3294141 0.2379601 0.17518808 9
1.9974936 0.3535862 0.11055446 23
2.2883477 0.32084903 0.15596014 1
2.093802 0.44253519 0.10155369 155
2.470053 0.57583219 0.16597457 18
2.4758992 0.64870536 0.16483149 24.5
-2.3167703 0.77306032 0.19984205 8
-2.2187929 0.78296918 0.18346164 28
-2.1346705 0.79488361 0.16809192 33
2.459254 0.71597064 0.13533491 25.5
-2.0242438 0.8431254 0.15595424 52.75
0.56208003 0.87117434 0.18226704 17.5
1.9890493 0.8583532 0.1744296 14.666667
2.0172775 0.85607892 0.1666231 5.5
-2.0231662 0.94119972 0.15063345 61.75
1.9836488 0.92786741 0.18010128 28
2.0716476 0.97760594 0.14790384 1
-2.0361397 1.0307153 0.1438641 61.666668
1.9894416 1.0880724 0.12461933 2.5
2.042594 1.0435816 0.16088656 2.3333333
-2.0517263 1.1378422 0.14127646 51.5
-0.22465448 1.1805863 0.16172172 9
1.9889944 1.1285006 0.1603933 0.75
2.0015845 1.1064603 0.14089027 2
-2.0706758 1.2528781 0.11625031 31.5
-0.32410714 1.2307662 0.13994354 6.8888888
-0.27737013 1.2038583 0.13076304 8.333333
-0.40475109 1.3869643 0.18832245 21
-0.37800539 1.3729432 0.18160398 11
-1.6864916 1.4496888 0.12186362 108
-1.5803463 1.4278998 0.12653846 37
-1.4146975 1.4263101 0.12871823 13.5
-1.354544 1.4248499 0.12123081 28
-1.2741351 1.4147511 0.10364793 37
-1.1564374 1.438886 0.12679164 44
-1.0809271 1.420706 0.11693973 30
-0.85790992 1.4752425 0.1196474 23
-1.7468214 1.5476084 0.1668154 60
-1.6391891 1.5057266 0.15719973 60
-1.5451194 1.5964224 0.1859149 40
-1.4452934 1.5372074 0.1638796 69
-1.2018877 1.509865 0.16398077 80
-1.1634198 1.5581663 0.17492932 91
-0.9463855 1.5250393 0.14279084 50
-0.86738473 1.5031703 0.16516395 46
-1.7322683 1.6025834 0.19828814 88
-1.0299959 1.6136441 0.18788241 72.5
-0.99450964 1.6331016 0.19758892 100
-0.72886896 1.6364962 0.14302029 94
-0.63067734 1.6346481 0.16155536 58.285713
-0.53585482 1.6413574 0.13762893 53.333332
-0.45731434 1.6463431 0.14351484 24
1.9510413 2.2564731 0.13923959 38.25
2.0163832 2.267905 0.1416201 27
1.6278832 2.3864222 0.16295299 42
2.0021029 2.3007658 0.14367376 41
2.4158511 2.584841 0.16389962 3
2.4092391 2.6616604 0.12124163 4
2.22119 4.976048 0.17051604 112
2.5243888 4.9673052 0.15948123 93
2.6168153 4.9391341 0.14013335 87
0.59261453 5.7672143 0.13786635 150
0.72305012 5.7624631 0.15667205 150.5
0.89895719 5.7692304 0.18404104 150
1.155351 5.7756834 0.16884726 150
1.2102072 5.7683215 0.10273728 150
1.509907 5.7844129 0.18570048 138
1.8831849 5.7835693 0.18550724 123
1.9210364 5.7799363 0.1853735 109
1.8590814 5.8077044 0.19454698 97
-4.5914898 -6.6359925 0.2090414 55
-4.0422239 -6.6290727 0.28518194 63
-4.5502238 -6.5836802 0.25209448 100
-3.2012832 -6.5630751 0.20604438 116
-2.7357044 -6.5711064 0.27420697 116
-2.6128442 -6.5734982 0.2816003 107
-2.4727678 -6.5643954 0.20143175 110
-2.2887638 -6.5711098 0.26012018 115
-2.1275854 -6.5468936 0.27420729 112
-1.5330616 -6.5449924 0.24290654 131
-1.2808251 -6.5325537 0.24771024 87
-0.41539735 -6.5121021 0.29954439 88
1.2869143 -6.5470071 0.27356297 52
1.9610305 -6.5288711 0.26098266 44
-0.84502763 -6.4829044 0.21348155 82
-0.68122697 -6.4775367 0.28874964 84
-0.50808203 -6.4371271 0.24794601 80.5
-0.32618487 -6.4346232 0.28648287 73
0.07992366 -6.4742432 0.27102295 13
-1.0853213 -6.0741701 0.2239399 25
1.765162 -5.150023 0.29450586 35
2.1446524 -5.0043292 0.26903117 49
2.0989597 -3.9699843 0.26747474 27
-2.913733 -3.7550781 0.21101992 11
2.1123974 -3.7596612 0.21488181 22
-2.9175711 -3.6161404 0.24864699 3
2.2178037 -3.4491689 0.24203408 35
-2.9560833 -3.3597236 0.23746178 41.5
2.4554503 -3.1690805 0.24474901 98.5
-2.9746761 -2.9717376 0.25917214 40
-2.9709787 -2.536592 0.24847007 34.5
-2.973397 -2.3246882 0.23331417 27.333334
-2.9617558 -2.2438426 0.27050543 35
-3.1329288 -2.1157169 0.23497367 39
-3.0846081 -2.1640611 0.2685034 32
-3.1054213 -2.0843291 0.29822251 46
1.9955062 -1.8218311 0.28583124 13
2.0386686 -1.8318026 0.23360468 74.75
2.2639799 -1.7180781 0.28105879 70
2.2732215 -1.6770642 0.22579741 60
2.3403256 -1.6681916 0.28316122 41
2.4207082 -1.6498655 0.23988914 24.5
2.6712556 -1.6251351 0.27308446 7
-2.9648178 -1.5664253 0.209047 48.5
2.2825353 -1.5893667 0.22486001 3
-2.968977 -1.4370065 0.24098989 48.5
-2.9748034 -1.3440661 0.2631461 52
-2.9716961 -1.247592 0.28350735 57.5
0.37759885 -1.0170536 0.29132983 1
0.60763973 -1.0135083 0.23481451 1
2.7412164 -1.0378315 0.27615625 59
0.39192471 -0.99061656 0.26904923 2
0.4341971 -0.93274301 0.24736261 3.1666667
0.57416391 -0.90961885 0.25512755 19.333334
0.60029721 -0.90187329 0.23730794 6
-3.4900622 -0.79963487 0.26340878 9
-3.2209506 -0.79483443 0.22779351 13
-3.0202389 -0.79898828 0.20037808 34
1.7423906 -0.71947896 0.21241051 13.5
1.7577108 -0.65352285 0.23558955 12.666667
1.8397052 -0.62116951 0.27053964 21.5
2.7235157 -0.66285986 0.20222528 85
1.8704376 -0.56021971 0.292521 10.333333
2.7237527 -0.54175019 0.22107215 84.666664
1.9249461 -0.45913926 0.20647955 12
2.7140017 -0.44018725 0.23192216 90.5
2.4499674 -0.30081144 0.21065255 19
2.6769028 -0.37467802 0.23355001 143
2.4521637 -0.25029325 0.21383512 54
2.4438872 -0.15003282 0.21575651 50.25
2.451293 -0.03546745 0.21515413 34
2.4279857 0.059642226 0.2065773 8.5
2.5893898 0.065251 0.22538297 150
2.5297241 0.1917616 0.2934649 53
2.4735353 0.26057541 0.27160719 82
2.5317917 0.34453833 0.26389101 150
2.4798818 0.46371847 0.22454304 4
2.6389403 0.42308295 0.26460874 78.5
2.4461403 0.51105183 0.20444418 4
-2.6744146 0.73836786 0.25515509 27
-2.543474 0.75125879 0.23553205 16
-2.4228506 0.75834441 0.25487804 16
-2.3192868 0.76570868 0.27136192 43
-2.2217457 0.77487284 0.25154194 35
-2.1375129 0.78601676 0.23344886 34
-2.0585423 0.79515165 0.21648347 38
-1.9978784 0.81126094 0.20100129 63
0.53605741 0.86625022 0.25207353 18.727272
2.0658913 0.95209336 0.25163633 3.5
2.105762 0.97794467 0.25405726 1.6666666
2.0577672 1.0452658 0.24057971 2.3333333
2.289273 1.0730749 0.26853919 73.333336
2.3616443 1.0473604 0.270818 58
2.4344518 1.0464948 0.2958129 60
-0.21872427 1.1774726 0.25668058 9
1.9918212 1.1770514 0.22030808 0
-0.31788698 1.2258836 0.25472167 8
-0.2755526 1.2035853 0.24418487 9
1.9933136 1.2031143 0.20451219 0
2.0090084 1.2385552 0.25674248 0.2
-0.41547501 1.3865118 0.24079219 12.25
-0.43820053 1.4257619 0.23143359 83.5
-1.9323689 1.5898879 0.28105721 34
-1.8595437 1.5924417 0.26485455 43
-1.7397923 1.5975062 0.25484428 97
-1.8478999 1.6012979 0.21933594 76
-1.776144 1.6051282 0.25124615 79.333336
-1.5454516 1.6120262 0.26889342 88
-1.4937489 1.60638 0.23258454 86.5
-1.2427309 1.6217459 0.25595695 88.85714
-1.1460612 1.6149508 0.25081497 82
-1.0418969 1.6225642 0.24416542 86.666664
-0.94201666 1.6289313 0.24679604 100.25
-0.81267452 1.6235162 0.28962901 90
-0.74003184 1.625803 0.25297928 85.5
-0.64728802 1.6305389 0.22945657 76
-0.51161313 1.6457367 0.26536915 40.333332
-0.49931073 1.6282997 0.28338668 75
1.8890365 2.2955554 0.2930294 40
1.9220035 2.2628901 0.23489833 36.75
1.6845882 2.3660824 0.22240128 46
1.7306691 2.3651993 0.26396999 43
1.6318085 2.4637163 0.27572715 5
2.431776 2.4401779 0.24345939 5
2.427361 2.5160151 0.20429805 4
2.4290023 2.6948562 0.29466328 6
2.4205678 2.7818568 0.25873125 6
2.4156787 2.8748584 0.22344428 7
2.5520754 4.7788205 0.20353042 42
2.3115904 4.9811053 0.24534489 113
2.4563723 4.9566803 0.28905332 100
2.5649853 4.9497404 0.23417079 97
0.6714341 5.7635026 0.22779006 150
0.81276852 5.7674017 0.27727795 150
0.9938069 5.7752171 0.27439919 150
1.1434095 5.7736149 0.24131867 150
1.215263 5.7613406 0.27798632 127
1.8609662 5.785759 0.2974999 98
1.6096885 5.8024688 0.27382958 112
1.9506215 5.8017659 0.28983352 83
-4.2018137 -6.6314244 0.38135815 57
-4.5781898 -6.5895061 0.39114037 94
-3.9839778 -6.5930161 0.34529373 105
-3.2199481 -6.5615277 0.34488314 115
-2.7551446 -6.5766053 0.36205605 105
-2.4397154 -6.571209 0.32987913 119
-1.5344225 -6.5402226 0.38723344 123
-1.4088373 -6.5467787 0.33458769 109
-1.281637 -6.530735 0.35613865 90
-0.44773954 -6.518034 0.37496775 124
-0.33375531 -6.506289 0.33862615 103
0.95376199 -6.5452471 0.33223465 44
1.0814698 -6.5512738 0.33226487 40
1.4026406 -6.5449185 0.38404369 48
1.9301705 -6.5448256 0.33770707 28
-0.84733719 -6.4860678 0.35677961 76
-0.63203031 -6.4601579 0.32023525 51
-0.24106237 -6.4776673 0.31979281 83
0.8996802 -6.4986815 0.30546075 96
-0.61260343 -6.2211356 0.33232895 33
2.0610559 -4.4503522 0.31632528 47
2.1244764 -4.385304 0.3873615 87
2.1216788 -3.8871181 0.30127051 17
2.7571435 -3.7608879 0.39212912 39
2.4576561 -3.6105165 0.3798466 49
2.3295255 -3.5188599 0.30788898 60
-2.9580176 -3.3532267 0.35074762 41
2.4353802 -3.2791851 0.35086784 27
-2.9760785 -2.9498174 0.34986731 41
-2.9668396 -2.5206728 0.36080691 41
2.4801974 -2.464251 0.3578141 104
-2.985822 -2.2834129 0.33070049 36.5
-3.1065907 -2.1687484 0.36394301 33
-3.0707688 -2.1594119 0.33997893 54.5
-3.0762036 -2.0494332 0.3591215 69
-2.9669194 -1.956745 0.36632016 42
-2.9657438 -1.8765936 0.39050063 43
2.3196132 -1.8430451 0.36767703 17
2.4395185 -1.824508 0.38157117 17
2.2304282 -1.7151095 0.31505695 57
2.3265893 -1.7242409 0.33598307 98
2.3881755 -1.6998593 0.32733887 71
2.6830471 -1.5444638 0.30523533 52
2.709832 -1.5053364 0.32908604 33
2.7577481 -1.4506539 0.3632682 58.5
2.1904752 -1.2890484 0.37945384 1
-2.9741337 -1.1571238 0.3027595 72
0.31687033 -1.1378908 0.38679105 1
-2.9734645 -1.0656656 0.31932279 67.5
0.3514547 -1.0719724 0.33265331 1
-2.9802878 -0.94922972 0.34096676 56.5
0.44349158 -0.91248131 0.33886313 6.25
0.55252635 -0.9137975 0.34583354 19.888889
-3.1790452 -0.80163395 0.39901432 15
-3.01387 -0.81436133 0.3685852 53
-2.9786577 -0.86126328 0.35446814 55
0.54508138 -0.89794934 0.36269468 18
1.7433167 -0.73161149 0.32177895 11
1.7573986 -0.65480906 0.34245458 12.333333
1.8057896 -0.61429495 0.36776483 12
2.6898069 -0.62887585 0.33679438 26
1.8211797 -0.55519021 0.38309023 12.333333
2.7201619 -0.54525626 0.35062677 90.5
1.8656979 -0.47962043 0.33140635 13.25
1.9369354 -0.42031971 0.33487657 8.5
2.7177958 -0.45420742 0.35668665 89
2.7139623 -0.38667986 0.36013541 85
2.442436 -0.26011497 0.31535548 35
2.4354846 -0.14646858 0.31249529 42.666668
2.4431629 -0.053158544 0.30876714 44
2.449405 0.019807577 0.30381989 16.5
2.6955879 0.084146574 0.33637467 97
2.6967204 0.16706817 0.32578084 102
2.705394 0.12612528 0.33297685 96
-2.6520836 0.72715175 0.33735102 24
-2.5293248 0.74035537 0.31382453 32
2.4694366 0.75898242 0.38837427 25
0.48664403 0.88347054 0.35397017 18.4
0.53372216 0.86740255 0.34476769 17.875
2.4606884 0.85517001 0.36074317 22.666666
2.4537754 0.95368105 0.33116677 24
-1.9819962 1.0905893 0.39586401 51
2.0688171 1.0531723 0.34955609 1.8888888
2.3209887 1.042717 0.31096679 58
2.4494495 1.0506032 0.36106521 58
2.5058455 1.0436294 0.32085502 45
-1.991767 1.1515555 0.39006034 51
-0.22604378 1.1763127 0.34921995 8.333333
2.0279348 1.1129625 0.30418873 1
-2.0061028 1.2754576 0.37365413 54
-1.9982396 1.2125075 0.381993 48
-0.32434595 1.2279563 0.34682092 8.333333
-0.28099301 1.2025983 0.35445616 8.666667
2.0402441 1.2945602 0.32090768 0
-2.0195272 1.3444012 0.36424261 55
-0.41814551 1.3843586 0.34741899 13
2.1661143 1.382527 0.31190756 3
-2.0299799 1.4473052 0.3483333 50
-2.0618918 1.5813168 0.36705151 96
-1.9647578 1.5854136 0.33938825 40.666668
-1.8763971 1.5949802 0.35166883 75.666664
-1.7753111 1.597303 0.38925055 77
-1.8016974 1.6011668 0.36576399 73
-1.7725405 1.6020141 0.33024248 80
-1.547411 1.6082823 0.35314566 88
-1.3501447 1.6069034 0.36329961 45
-1.2598879 1.6145951 0.34046629 86.375
-1.0120119 1.6289214 0.35665849 92.666664
-0.9399249 1.6245826 0.37019137 88.400002
-0.86009395 1.6220071 0.33807462 83.599998
-0.74644732 1.6338868 0.3422198 97
-0.63887966 1.6302156 0.3588174 80.285713
-0.53494984 1.6342435 0.34761882 77.666664
2.0490022 1.8191011 0.39885208 0
1.8795468 2.279192 0.35313532 37.666668
1.6924521 2.3827529 0.34400651 43
1.7547352 2.3660469 0.34352881 48
1.8418814 2.3109126 0.3631618 44
1.6600116 2.4187334 0.30990368 46
2.446465 2.5348537 0.36015037 1
2.4345596 2.6098542 0.32781589 5
2.4077551 4.9697933 0.35422832 104
2.5064452 4.9752932 0.36386055 111
0.59843719 5.7614942 0.323526 150
0.62162888 5.7591729 0.36052138 150
0.77737641 5.7670512 0.32081446 150
0.90341371 5.767292 0.37055752 150
1.0765452 5.7714396 0.36973912 148.5
1.1127115 5.7795048 0.33651042 150
1.3038523 5.7532663 0.37196895 120
1.8353744 5.792397 0.30229172 94
1.705963 5.8015218 0.36271939 69
2.0435936 5.8018274 0.38651147 72
-4.3667836 -6.6337738 0.47860935 56
-3.9888611 -6.5899873 0.49243101 106
-3.2447534 -6.5709805 0.4852578 112
-2.9007547 -6.5847158 0.44475266 97
-2.7393804 -6.5681014 0.41943982 115
-2.550559 -6.5787735 0.44431192 115
-2.4603488 -6.5572596 0.45120177 114
-2.1461747 -6.5539994 0.41516003 113
-1.6623524 -6.54848 0.49687922 100
-1.5346214 -6.5446258 0.41627148 124
-1.3887993 -6.550693 0.41984394 119
-0.87963015 -6.5313797 0.48803622 121
-0.75090623 -6.5020685 0.41838679 84.5
-0.42005086 -6.5111504 0.44664758 87
-0.34347516 -6.5221715 0.48545521 96
0.88552654 -6.5522399 0.47937423 41
1.0142589 -6.5449457 0.44716579 45
1.5176623 -6.5298309 0.49524352 47
1.8610885 -6.5461483 0.48096365 27
2.0130246 -6.5557184 0.46924561 23
2.1971359 -6.5044303 0.48290893 9
-0.69482857 -6.4893742 0.43323019 81
-0.56525731 -6.4764938 0.45611876 85
-0.24759376 -6.4816389 0.46477661 83
1.9923246 -5.2836185 0.48420054 15
-2.9101577 -3.9372025 0.40591767 21
2.7752514 -3.9790788 0.4859674 54
2.778275 -3.8773706 0.48376566 53
-2.9120462 -3.7869027 0.44987246 18
-2.9267063 -3.6606085 0.49304828 13
-2.9545474 -3.3412244 0.42535284 40
-2.9790149 -2.9174261 0.46953356 43.5
-2.9387188 -2.7875075 0.46108571 10
-2.932344 -2.6765385 0.48337686 31
-2.9788301 -2.5207472 0.44559816 37
2.4681554 -2.5149245 0.43500954 55.25
-2.9864655 -2.2531583 0.44595608 35.333332
-3.1276703 -2.1684351 0.4604758 31
-3.0581098 -2.0225532 0.42102325 106
2.6438289 -2.0824137 0.48075664 59.5
-3.0271373 -1.9841491 0.47907436 63.5
2.2883592 -1.8430753 0.4038499 17
2.4352124 -1.807812 0.41108796 16
2.6853981 -1.828344 0.45573905 16
2.7597859 -1.8170801 0.49362397 26
-2.9655488 -1.7613857 0.42363274 47.5
-2.9606655 -1.64619 0.45475927 49
-2.967988 -1.5399946 0.48582792 50.5
0.2578811 -1.2588321 0.47766131 0
-5.5193071 -1.1976056 0.44963959 100
-5.5203924 -1.0864854 0.47038499 105
0.37243682 -1.0240352 0.48130494 1.5
-5.515399 -0.97437489 0.48937681 100
0.39327651 -0.98173392 0.44059381 2
0.43951377 -0.9524653 0.43115222 4
0.51454979 -0.93004924 0.43785399 19.200001
-3.4359503 -0.80504668 0.44173259 11
1.878859 -0.46346486 0.41400167 12.5
1.9423496 -0.43477538 0.43927518 39
2.6776905 0.54004514 0.49341768 98
2.6680384 0.64309692 0.47178379 101.33334
-2.1646812 0.77218872 0.49410975 30
-2.0724072 0.78301293 0.46588928 30
-1.9696825 0.79765093 0.46310526 42.5
2.5523291 0.73015422 0.42032963 150
2.6016455 0.70525825 0.43969536 150
-1.9417204 0.85459685 0.44719809 52.25
0.45644468 0.8599503 0.45888725 10.777778
0.5366357 0.8689549 0.44121429 17.75
-1.9541929 0.95756155 0.43756446 45
2.6648962 0.95030707 0.48066798 92
-1.9676095 1.0410314 0.43013453 50.5
2.0731809 1.0809637 0.43491244 1.6666666
2.5537882 1.0384535 0.40759954 81
2.6636226 1.0467643 0.44750348 99
-1.9729793 1.1344376 0.44855446 54.5
-0.21808319 1.1657155 0.4512746 7.75
2.064739 1.1233057 0.44620705 0.33333334
-1.990236 1.2554249 0.43498239 58.5
-0.33170915 1.2293867 0.44186214 8
-0.28587589 1.202567 0.45774218 8.666667
2.0581212 1.2228851 0.44166887 0.5
-2.0067666 1.3544147 0.42331171 60
-0.42461821 1.3843263 0.43558419 13
2.0428028 1.3196802 0.48432285 1
-2.0196991 1.456919 0.40982237 53.5
2.0694327 1.414155 0.44993556 0
-1.9122297 1.5916857 0.46863183 75
-1.8986369 1.5917881 0.42867267 83
-1.7930206 1.5957117 0.44741994 77.5
-1.3943 1.5982552 0.4185397 26
-1.8253989 1.600625 0.44431332 74.333336
-1.6073301 1.6090727 0.47716719 85.5
-1.5549653 1.6053488 0.43889239 88.25
-1.3123425 1.6206198 0.44542679 86.333336
-1.2440429 1.6141548 0.45125878 89.666664
-1.0385803 1.6216202 0.45414349 89.714287
-0.95704055 1.6226972 0.44209591 88.5
-0.80567241 1.6232619 0.48653394 87
-0.75042051 1.6274711 0.44980288 89.285713
-0.65231746 1.6292223 0.45242372 91.375
-0.55000144 1.6345607 0.43790427 89.166664
1.8769917 2.0417399 0.49815592 23
1.9006461 2.1567383 0.48330861 14
1.8554986 2.2886653 0.43123412 84
1.9320722 2.2927439 0.46897596 76
1.7722214 2.3448002 0.41548815 86
1.8253143 2.3127761 0.46660057 68.599998
2.4896905 2.3786457 0.42339465 4
2.500906 2.4265656 0.47730482 3
2.533963 4.8382473 0.46291009 52
2.3667729 4.9531651 0.48562518 97
2.4561744 4.9539762 0.42188698 99
0.5688985 5.7485576 0.47945556 123
0.86938667 5.7669716 0.41123363 74
1.0340407 5.7595634 0.46911496 14
1.1827881 5.7871923 0.45441946 23
1.7852809 5.7882218 0.41688854 78
1.8004026 5.7805724 0.40838173 84
2.1330407 5.7798843 0.4825387 115
1.8086247 5.8145804 0.45362705 11
-4.5429606 -6.6460986 0.57895762 54
-4.6040835 -6.5903335 0.52935296 99
-3.0469277 -6.5908294 0.52661812 98
-2.7511115 -6.5820975 0.5649718 118
-2.6830328 -6.5790954 0.53757697 112
-2.4678166 -6.5695281 0.59713322 116
-2.1648524 -6.5511007 0.55704498 124
-1.6316973 -6.5493169 0.5996111 118
-1.5247306 -6.5522246 0.52137357 124
-1.3128215 -6.5289745 0.52620792 83
-1.0019293 -6.5339952 0.57131958 128
-0.85938931 -6.5174532 0.51167893 101
-0.6890462 -6.5169067 0.54459131 104
-0.42354929 -6.5042105 0.59179753 85
1.130005 -6.5506592 0.5334186 46
-0.70735544 -6.492219 0.57672149 81
-0.78419739 -6.2105393 0.59999233 31
-1.6817639 -6.0823698 0.53850269 15
2.1144843 -5.3504014 0.58383644 2
2.5064449 -5.3761764 0.55545658 1
2.4902859 -5.1411028 0.54319119 5
2.4590378 -5.0124249 0.57343471 0
2.8424566 -4.1617045 0.51140761 47
2.7756302 -4.0742712 0.58194214 50
-2.9474359 -3.9908359 0.52612889 6
2.7760704 -3.9538651 0.57332098 52
2.8277063 -3.958545 0.55768043 55
-2.935029 -3.5323353 0.53307486 1
-2.9608796 -3.3332052 0.5372256 40
2.4346683 -2.9353478 0.5504874 19
-2.9726572 -2.8829989 0.55740529 42
-2.9555707 -2.5441842 0.50409746 37
2.4389997 -2.5460215 0.51742148 39.5
-2.9560387 -2.4897242 0.54305142 37.5
2.7480078 -2.4307368 0.59502065 62
-2.9374168 -2.3865881 0.54868019 41
2.7126915 -2.3497546 0.53111374 79
-2.9736876 -2.2432871 0.57057822 38.25
2.711165 -2.2421234 0.55731916 70
-3.1544914 -2.1696315 0.55950904 31.5
2.7242749 -2.1666212 0.55590862 68
-3.0024991 -1.9432988 0.55765182 38
2.7491922 -1.6648679 0.52974796 89
2.7493448 -1.5617145 0.55495334 55
-2.9770086 -1.4368141 0.51444095 50
0.14112253 -1.4644345 0.5744794 0
2.7459161 -1.4595746 0.57812017 15
-2.9692862 -1.362712 0.53052378 50
0.19840401 -1.373667 0.57132018 3
0.21819486 -1.3291365 0.54084408 4
-2.9786139 -1.2630448 0.55694234 51
0.24024715 -1.2839471 0.50870734 4
-2.9735699 -1.157401 0.57952344 48
0.32508472 -1.1100208 0.57407457 1
-2.9747555 -1.0913131 0.59327841 50
0.34476963 -1.0738291 0.5370298 1
0.45060831 -0.91793442 0.5872823 7
0.59921348 -0.91475695 0.59825945 0
-5.5289979 -0.86726767 0.50781918 101
-5.5301323 -0.75716746 0.52496392 98
1.7827139 -0.75701618 0.50563753 14
-5.5299258 -0.64708608 0.53876084 101
1.768416 -0.64633572 0.54849744 18.428572
-5.5355396 -0.53800267 0.55292052 104
1.7917081 -0.57498568 0.53801012 21
1.8288946 -0.52564025 0.56282026 17
2.7116766 -0.56673813 0.53483933 95
-5.5372896 -0.42792723 0.56563401 102
1.8838919 -0.4819608 0.59509927 15
2.7062569 -0.45352128 0.54451174 91.666664
-5.4712057 -0.31390208 0.56935132 102
2.7032347 -0.3431536 0.55119073 95.5
-5.5414047 -0.20780133 0.58663058 108
2.7026157 -0.25613427 0.55498564 94.5
2.6963596 -0.14846781 0.55516255 98.333336
-5.5459852 -0.097749092 0.5952211 98
2.6969244 -0.042637806 0.55470163 99
2.6907933 0.040339231 0.55052829 95.5
2.6868184 0.14413315 0.54324192 94
2.6832657 0.24775052 0.53406 90.5
2.6799457 0.35169253 0.52182031 95.666664
2.6784058 0.45561689 0.50693285 93
2.6779823 0.57359529 0.59047776 95
2.6765628 0.64405 0.57230699 94
-2.497036 0.73381788 0.59509033 20
-2.372978 0.74758911 0.55837876 22
-2.2594287 0.75837511 0.5240466 32
-2.1942859 0.76301831 0.57442522 33
-2.0582128 0.7792474 0.52675366 35.5
2.6716981 0.73739147 0.54703104 94.5
-5.2183738 0.85613859 0.5723058 92
0.38270372 0.85191041 0.54930222 7
0.44744703 0.85812676 0.55527425 10.285714
0.52551508 0.87753886 0.54919958 20
2.6660459 0.83020937 0.51823783 89.5
-5.2175899 0.96411514 0.56751788 91
-5.2187624 1.0750855 0.56162977 92
2.1182616 1.0694379 0.58159697 0.5
-5.2160711 1.1840478 0.554313 92
-0.34391367 1.1912682 0.59301448 14
-0.24579576 1.1682881 0.55613351 6.5555553
2.0769825 1.1588525 0.53722966 1
-5.2122984 1.2949991 0.54502779 91
-0.33878183 1.2311889 0.54160589 7
2.0605857 1.225423 0.50987256 2
-0.43290797 1.3842562 0.54428232 13.666667
-5.2295895 1.4129562 0.53682309 92
-1.9475347 1.593802 0.54950881 73.666664
-1.8416001 1.5959035 0.54639691 73.199997
-1.7364186 1.5921366 0.55557179 48
-1.6638898 1.5998757 0.53984618 3.5
-1.6289487 1.6044464 0.55757368 73.5
-1.5741928 1.6041665 0.54772139 89.5
-1.3339972 1.6165109 0.54692769 87.5
-1.2525609 1.6089786 0.56936961 53
-1.1598973 1.6117675 0.53043395 83.75
-1.0607133 1.6232066 0.52805048 97
-0.95196933 1.6239064 0.56723124 88.25
-0.86195308 1.6251081 0.53302777 87.199997
-0.7644369 1.6278765 0.56357682 88
-0.67662513 1.6277931 0.53724194 95.599998
-0.5309974 1.6358128 0.54185534 104.5
0.34014407 1.618427 0.5538156 65.5
1.83126 2.0483336 0.52590489 20.5
1.7534883 2.2791266 0.56273842 18
1.8823011 2.2658658 0.52040231 91
1.7971046 2.3215914 0.52657282 47.5
2.5123653 2.4555132 0.55523628 4
2.5126579 2.5083921 0.58672345 3
2.324204 4.9549098 0.58385873 89
2.4004045 4.9495902 0.51516449 94
2.148747 5.5028715 0.55292594 30
0.51693755 5.7379265 0.59433854 150
1.2741052 5.7561803 0.54267102 79
-4.6240096 -6.5811567 0.6680631 85
-3.9967313 -6.5879598 0.63930631 109
-3.3439658 -6.5930624 0.69591659 86
-3.2664938 -6.5714378 0.62484992 114
-3.19503 -6.5939445 0.61098903 96
-2.8238003 -6.5944018 0.63300109 113
-2.1845267 -6.5512047 0.69886696 119
-1.9178017 -6.5381813 0.6616388 73
-1.5434405 -6.5566611 0.67954093 126
-1.3262867 -6.5158792 0.66747016 70
-1.1160536 -6.5254698 0.67629534 92
-0.98718041 -6.5340009 0.61065811 124
-0.85534257 -6.5153646 0.64825732 67
-0.35305667 -6.5040536 0.63109601 86
0.81791532 -6.5283065 0.62224805 61
0.94739187 -6.5561295 0.62065035 41
1.2436823 -6.5336466 0.64605212 44
1.6355531 -6.5387411 0.60780984 45
1.7947377 -6.5574675 0.62547278 25
1.9437988 -6.546731 0.61345685 3
-0.25436383 -6.4895887 0.61277914 82
-0.89372629 -6.15803 0.67681247 28
-1.6489294 -6.0769739 0.64161509 16
2.1987975 -5.286231 0.67061812 1
2.545963 -5.0150566 0.61788464 1
2.6251104 -4.954998 0.69855374 0
2.7738276 -4.1654711 0.68021828 45
2.7727001 -4.0323319 0.66785115 50
-2.9561133 -3.9615726 0.6498304 18.5
2.8235688 -3.7843795 0.60312748 64
-2.9643166 -3.3191824 0.65035212 34
2.7480297 -3.0250823 0.65707898 114.5
-2.9783335 -2.8570864 0.64522326 41
-2.9674761 -2.4728777 0.64093518 31
2.7464404 -2.4697478 0.65276146 62
2.7448363 -2.3340991 0.64365375 62
-2.9986496 -2.2035649 0.62931722 35
2.7422676 -2.2390435 0.63661861 61.5
-3.1590407 -2.1662138 0.6608873 37.666668
-3.0212936 -2.1947527 0.65057367 35.5
-3.0057628 -1.9204888 0.63973665 33
-2.9637258 -1.9687836 0.64137506 46
-2.9665077 -1.8483305 0.66441214 49.5
-2.9756625 -1.7358843 0.68691736 44
-2.9745693 -1.6589085 0.69948435 43
0.11513583 -1.5579487 0.69560981 11
0.1652943 -1.4395012 0.62270272 2.5
0.44916552 -1.3501903 0.66294289 13.5
0.27288634 -1.2079555 0.67932326 2
0.29808637 -1.1618979 0.62781835 0
0.30655873 -1.1426094 0.61421859 6
-2.9848003 -1.0292175 0.60828698 54
0.43728805 -1.0715845 0.63875693 10
0.60128629 -1.0538647 0.64795852 3
-2.9776926 -0.9601422 0.61996907 51
0.43012637 -0.90980399 0.63760585 5
0.57671738 -0.91517168 0.65061384 21
-3.1113117 -0.80467153 0.68541402 22
-3.0039103 -0.83896196 0.64814436 44
-2.9852645 -0.89805686 0.63327944 43
0.42935413 -0.89957368 0.63404489 6
0.58948958 -0.89664716 0.61458516 10
1.8097012 -0.77005923 0.60221159 8
1.5512315 -0.63970995 0.69509971 1
1.6456208 -0.64841253 0.67207503 15.666667
2.7083628 -0.62886643 0.68992907 101
1.7798958 -0.56204039 0.60555804 17.5
1.811043 -0.52193362 0.62561178 15
2.7105956 -0.552351 0.69513094 92.5
1.6137314 -0.46591356 0.66267818 0
1.8653975 -0.4584271 0.65722537 12.666667
1.9235981 -0.45927936 0.65290475 33.5
2.0265775 -0.46294457 0.6675753 6
2.7063997 -0.44934931 0.69819486 90.5
1.9276003 -0.38056409 0.69262201 8
2.6992459 -0.32384354 0.69757843 89
2.7063806 -0.37383571 0.69914347 90
2.7024016 -0.25033069 0.69811106 88.5
2.6979995 -0.15285072 0.69335586 95
2.6932056 -0.056881592 0.68684709 89
-5.5431828 0.012276758 0.60236526 105
2.6951368 0.037092216 0.68055016 90
-5.5480714 0.12331639 0.60873634 101
2.6849077 0.13102271 0.66815722 88.5
-5.5446663 0.23434453 0.61305171 101
2.684025 0.24794109 0.65257466 91
-5.5504279 0.34636706 0.61637723 100
2.6822472 0.36433935 0.63382792 92.5
-5.55758 0.45938814 0.61943859 101
2.6768246 0.45673177 0.61496031 96
-5.5531416 0.57138491 0.61818516 101
2.6803718 0.52765799 0.6013341 99
-5.5487032 0.68438166 0.61692584 101
-5.4556732 0.78530967 0.60342479 32
-2.4049747 0.73666674 0.64645064 13
-2.2983899 0.75284511 0.60960412 35
0.35962155 0.86008942 0.64757872 3.25
0.44310743 0.85619831 0.62358087 10.75
0.52628022 0.87593573 0.64910316 19.4
2.1645503 1.0236644 0.62404084 0
2.2466145 1.0316758 0.66575766 2
-0.2478938 1.1732398 0.65008318 10.142858
-0.34869739 1.2313428 0.66354144 8
-0.29680648 1.2032722 0.6951468 8
-0.43897116 1.3873417 0.62070054 14
-0.4450742 1.4176248 0.67221767 15
-2.0017312 1.5901341 0.67354321 62
-1.9390876 1.5919335 0.65841353 70.800003
-1.8646997 1.5896645 0.63685787 69.800003
-1.7657683 1.5878515 0.61807513 42.5
-1.6384341 1.6019372 0.6575684 79.25
-1.5962702 1.6036167 0.61002553 86
-1.360898 1.6129576 0.65207666 90
-1.2896023 1.6122437 0.63367599 67.333336
-1.0531555 1.6214287 0.65688711 85
-0.95986968 1.6235687 0.64562386 90.833336
-0.85634422 1.6239429 0.64172381 91
-0.78804719 1.630242 0.65592968 86.5
-0.68380451 1.629149 0.65974247 95
-0.54275674 1.6381027 0.65089792 102.33334
0.35028741 1.6608055 0.63217729 22.5
1.7456973 2.3275266 0.63962221 46.25
1.6792158 2.4532988 0.64888644 15
1.7096425 2.4123106 0.68653703 70
1.6687371 2.5413034 0.62221265 2
2.5236211 2.5379019 0.64628786 4
2.1684082 4.9798398 0.67128187 97
2.2825415 4.9556537 0.68251318 98
2.3477786 4.9522076 0.60873252 95
2.1550815 5.2168517 0.61286676 35
1.1796635 5.8029513 0.65748119 12
2.0111609 5.8206954 0.63689762 25
2.2259929 8.1867447 0.69085896 3
-4.0149055 -6.6039367 0.78929526 104
-3.5034127 -6.6061912 0.78313529 82
-3.2913907 -6.5748925 0.76619589 112
-2.9634378 -6.5956964 0.72997153 109
-2.7590327 -6.5860939 0.71284473 119
-2.4732919 -6.5697956 0.74316162 117
-2.0543611 -6.5560327 0.74707335 124
-1.243039 -6.5439148 0.76612675 118.5
-0.85888666 -6.5165095 0.79445541 56
-0.72111797 -6.5050392 0.7232036 76
-0.42804509 -6.5092702 0.73694581 85
-0.36277908 -6.5109339 0.77785659 84
-0.26005769 -6.5025434 0.75989997 80
0.88035297 -6.5520582 0.76479465 22
1.3595474 -6.5426321 0.76074141 42
1.7374952 -6.5312204 0.74374712 24
0.75072044 -6.4973698 0.76421547 28
0.85412067 -6.4803848 0.77003324 145
-1.3059919 -6.2799459 0.78566116 35
2.7149096 -6.1574082 0.75222957 26
-1.7673603 -6.0863056 0.72890276 17
2.7370074 -4.9689226 0.78999162 2
2.7726295 -4.2616825 0.78428388 43
2.7781169 -4.1257472 0.76764911 48
-2.9657609 -3.9304039 0.77383882 33
-2.9699843 -3.3121858 0.72615463 35
2.7843847 -3.2760062 0.70964307 98
2.7935312 -3.1548619 0.74580133 56
2.764868 -3.063534 0.74667245 51.333332
-2.9778643 -2.812695 0.76018137 40.5
-2.9339464 -2.6848469 0.7498312 21
-2.9405053 -2.5876615 0.77672529 35
2.7470822 -2.532263 0.74242318 63.5
-2.9766402 -2.4534678 0.7561146 36
2.7452173 -2.4070754 0.75639361 60
2.7442598 -2.3488004 0.7361989 61
2.7397394 -2.2895277 0.71654904 56
-3.1414602 -2.1158926 0.72392428 27
-3.0276732 -2.1843548 0.74773359 31
-3.0473263 -2.0318317 0.74848449 36
-3.0165789 -1.9928613 0.78642261 36
-3.0062325 -1.8842195 0.74117535 32
0.056962982 -1.6446623 0.79368603 4
-2.9769468 -1.5469503 0.71862924 51.5
0.089316145 -1.5917349 0.74011672 22.5
-2.9757357 -1.4359827 0.73415053 43
-2.9757545 -1.3650063 0.74505377 47
0.42215461 -1.3633516 0.73406094 13.2
-5.5214629 -1.2262918 0.744129 97
-2.979115 -1.2610437 0.76003665 49
2.1426058 -1.2222954 0.73239666 10
-5.5195928 -1.1163174 0.75630599 107
-2.9808168 -1.1580777 0.7739017 49
-5.5191069 -1.009344 0.76820427 105
-2.9822454 -1.0576096 0.78637683 48
-5.5308247 -0.90338486 0.77987617 109
-2.9872775 -0.95914578 0.79886872 54
0.3853229 -0.97099096 0.76525247 0
0.40282112 -0.94336206 0.71476752 2
0.54539764 -0.91325027 0.74757826 19
-3.3973091 -0.81216943 0.76531857 11
1.7508998 -0.8343603 0.72830373 10
-5.5297971 -0.79540414 0.78900057 112
1.7001585 -0.7573871 0.70016068 15
-5.5307136 -0.68942326 0.79701954 107
1.6265556 -0.65156955 0.75096595 0
1.6902779 -0.43535894 0.71581352 1
2.0012383 -0.36335617 0.73132473 37
-5.2433014 0.76500547 0.76619166 77
-5.2176628 0.86506081 0.75632882 98
0.48975056 0.87428308 0.73630345 11.5
0.55534369 0.89038241 0.77823758 0
-5.221416 0.97007376 0.74937928 100
-5.2235117 1.0760914 0.74131548 99
2.3499494 1.056325 0.71360886 58
2.443562 1.0614634 0.76345658 58
-5.2178526 1.1811249 0.73044181 101
-0.30060261 1.1997119 0.7681058 7
-5.2285495 1.2891326 0.72214276 102
-0.35496703 1.2600678 0.75259972 8.5
-0.29866505 1.2014891 0.7311278 8
-0.18500084 1.2249522 0.7667982 1
2.1478586 1.284182 0.74505341 0
-5.2323236 1.3981541 0.71159673 114
2.1398003 1.3276508 0.74490833 0
-0.45220232 1.4719789 0.73656195 16
-2.1223192 1.5845302 0.77645093 73.5
-2.0422177 1.5911853 0.73836559 84
-1.9348949 1.5918182 0.73967379 72
-1.7153676 1.5975593 0.79290038 73
-1.6522629 1.596992 0.76069236 78
-1.5596975 1.5952473 0.78203994 37.666668
-1.6904956 1.6016674 0.72682989 71.5
-1.4426963 1.6083487 0.75495625 45
-1.339088 1.607605 0.74563998 88
-1.2032737 1.6089945 0.77767563 1
-1.1459341 1.6132618 0.73404169 36.5
-1.042684 1.6184273 0.76029128 79.428574
-0.9783054 1.6192846 0.73269308 81.25
-0.80734921 1.6293715 0.7677024 85
-0.7996462 1.6311202 0.72318476 88
-0.69580388 1.6245966 0.7481035 83
-0.55559999 1.6359174 0.7630614 98
0.33774009 1.6412549 0.76300186 39
1.8037149 2.2983468 0.7980268 105
1.7428619 2.3583832 0.74275225 80.666664
1.7345469 2.4140251 0.77621055 43.5
1.7206305 2.5419061 0.73373473 35.5
2.6324 2.7191386 0.73568475 21.5
2.2591403 4.9611268 0.761024 91.5
2.1404746 5.5517607 0.78384578 24
1.2545915 5.769237 0.7668367 73
2.1024797 5.7857466 0.72373956 89
2.3561587 7.8019581 0.7292313 37
2.2110326 8.1913967 0.70742363 7
-3.6631434 -6.6053209 0.87173444 78
-3.1055501 -6.5979781 0.82864517 112
-2.7648742 -6.5820899 0.85989559 115
-2.479003 -6.5700479 0.89218074 116
-2.2049916 -6.5574431 0.8401258 114
-2.1911995 -6.5578814 0.83384532 121
-2.0114353 -6.565165 0.88055134 116
-1.5481256 -6.5618987 0.82655787 120
-1.3760166 -6.5268345 0.82475555 77
-1.0546776 -6.5371809 0.80532122 127
-0.73472321 -6.5048761 0.86758721 77
-0.43186098 -6.5123029 0.88614768 84
0.97000337 -6.5363693 0.88897359 41
-1.3250552 -6.3600984 0.85742736 31
2.5742002 -6.1186581 0.88505858 105
2.6486523 -6.1618037 0.88682228 77
2.8157492 -6.1289544 0.81040585 28
-1.110615 -6.0440426 0.82647896 35
2.8653126 -5.0138373 0.88893372 31
2.7728782 -4.3579011 0.89233732 41
2.7736602 -4.2011719 0.86936188 44
-2.9524288 -3.9419112 0.86110771 20.5
-2.9658387 -3.2817464 0.83794081 39
2.7607167 -3.2227428 0.88635188 59
2.7536972 -3.152353 0.83483154 62.666668
2.7896218 -2.897635 0.80507827 6
-2.9787641 -2.779278 0.84491128 46
2.7413461 -2.5867116 0.83456403 58
-2.9624507 -2.4405282 0.8449021 34.666668
2.7429047 -2.4570577 0.8441503 59
-2.9423378 -2.3853352 0.82392907 40
2.739089 -2.3734989 0.85749888 60
-2.9557004 -2.2530854 0.86010683 45
-3.0618618 -2.1741061 0.84510124 34
-3.0031912 -1.9679151 0.82781732 29
-2.9970367 -1.9469805 0.87157559 25
-3.0045402 -1.8424431 0.84081066 23.5
0.039766051 -1.6559684 0.82244927 2
0.53423685 -0.91238767 0.80054897 8
-3.1473992 -0.81045842 0.86586964 14
-3.0053422 -0.83521014 0.81714541 44
-2.9826047 -0.89315611 0.80419904 58
1.7955301 -0.87129772 0.86719155 17.5
1.7458254 -0.64301062 0.83802962 11
-5.5316329 -0.58144224 0.80504286 110
1.7940284 -0.54590088 0.87422925 29
-5.5389304 -0.47646776 0.81253213 113
1.8436638 -0.45586407 0.84831125 15
1.9397755 -0.41714507 0.88337928 19
-5.4924684 -0.36640537 0.8103683 114
-5.5299788 -0.26347557 0.8213129 129
-5.5478225 -0.15751058 0.82746351 117
-5.540731 -0.050501406 0.82768327 117
-5.5508204 0.055479608 0.83102596 109
-5.5465045 0.16248672 0.83070272 117
-5.5481076 0.26947856 0.83071136 108
-5.5546098 0.37747249 0.83043796 108
-5.5586224 0.48547342 0.82848954 107
-5.5565434 0.5944857 0.82485265 104
-5.5644512 0.70448714 0.8207069 126
0.37589562 0.8531093 0.87599546 2
0.41970521 0.83089995 0.8943724 1
2.6496515 0.93126094 0.89289081 96
2.5421815 1.0646162 0.81601763 58.5
2.6497552 1.0400724 0.87890452 106.75
-0.19067603 1.1876503 0.86293936 0
-0.30411309 1.2048723 0.85006285 7
-0.18682165 1.216346 0.82089567 0.5
-0.36083883 1.3243517 0.84942859 10
-0.22995941 1.3596622 0.85846645 1
-0.19291124 1.3529544 0.86384541 1
2.1653907 1.3716627 0.81535131 2
-0.46502411 1.479725 0.87294686 151
-2.4156444 1.5684882 0.89422876 58
-2.3175187 1.5721557 0.84630889 63
-2.2497792 1.57709 0.84063071 71.5
-2.139184 1.5878168 0.86254644 57.666668
-2.0498462 1.5972358 0.84091413 63.5
-1.9726912 1.5942506 0.82866931 70.666664
-1.7299454 1.5950203 0.86903119 70.25
-1.6527467 1.5905678 0.83931839 70.25
-0.46614963 1.5690961 0.84878558 19.5
-1.4235091 1.608044 0.85190701 90
-1.3653879 1.6076286 0.86538815 90
-1.1314533 1.6142081 0.85607803 46.75
-1.0635579 1.6138949 0.83918774 60.75
-0.81964958 1.6287661 0.83741641 82
-0.70923221 1.6235712 0.841851 90.5
-0.56665897 1.6320906 0.8554858 96
2.2511561 1.7731824 0.88910317 16.25
1.8550535 2.2747583 0.86271763 55.666668
1.7963084 2.3114471 0.82539427 76
1.6937152 2.4564052 0.8835851 67
1.7348791 2.4590902 0.85399848 64
2.6358831 2.7723787 0.81797856 35
2.6381295 2.8110635 0.86126846 44
2.1643026 4.9867568 0.86743206 97
2.349139 4.9959517 0.85129648 106
2.2228451 5.0240583 0.88927329 43
2.1456625 5.2307534 0.82326633 29
1.335197 5.7735424 0.88042241 13
2.2207487 8.5951834 0.88447148 7
-4.0260258 -6.6029105 0.93889689 105
-3.8254681 -6.609303 0.96299583 78
-3.252352 -6.6052446 0.92935753 108
-3.3152971 -6.5723491 0.90760094 116
-2.3296893 -6.5657301 0.92175704 117
-2.2257669 -6.5565739 0.98283154 113
-2.1430666 -6.5734277 0.97687358 117
-1.5290592 -6.5522709 0.9440611 115
-1.4797473 -6.5482035 0.97453809 120
-0.86151296 -6.5166469 0.94172347 48
-0.3726607 -6.523798 0.92665648 84
-0.26583135 -6.5164909 0.90802467 84
0.81331402 -6.5429878 0.90890181 4
1.5912225 -6.5305982 0.98873442 41
1.6611185 -6.567102 0.91409206 24
-0.078641184 -6.4909039 0.91306841 82
-1.2955612 -6.1130285 0.90258545 26
2.734159 -6.1472526 0.97249067 96.5
-1.2288942 -6.0714774 0.91229546 25
-0.089404188 -5.9867406 0.98659343 23
2.8546054 -4.7538271 0.93149984 42
2.849544 -4.526814 0.97256112 49
2.7734165 -4.2835665 0.97633404 44
-2.9704075 -3.8711865 0.93283784 40
-2.9655075 -3.2619019 0.96631551 16.5
2.7541664 -3.2484641 0.96757555 58.5
-2.9402742 -3.1095409 0.99119461 11
-2.9837136 -2.7458444 0.9298684 42
2.7465129 -2.6512446 0.93460613 64
2.7386029 -2.5205336 0.96574068 60
2.7392778 -2.4234807 0.94697422 65
-2.9712322 -2.389096 0.95043612 30
2.7624514 -2.3232198 0.91317773 11
-3.066587 -2.2026355 0.92614591 40
2.7585123 -2.2241476 0.93128294 38
-3.1255572 -2.1714652 0.97547889 28
-3.0797343 -2.1384144 0.9326483 90.5
2.7523785 -2.1240892 0.94589186 71
2.7498004 -2.0320258 0.96116227 82
-3.0030911 -1.9340619 0.91724974 19
-2.9839013 -1.9293597 0.9454174 29.5
2.7457807 -1.9419686 0.97505409 85
-3.0042887 -1.815577 0.90012681 15
-2.9727473 -1.8614658 0.94922465 47
2.7417336 -1.8539162 0.98753774 78
-3.0082603 -1.7902219 0.9605819 8.5
-2.9736304 -1.777355 0.96503288 46
-2.976347 -1.6561906 0.98851949 49.5
-3.4140496 -0.81090963 0.95151818 19
1.7534984 -0.82410663 0.98762178 11
1.738593 -0.72513235 0.9757902 18
1.7550329 -0.67062098 0.98966151 67
2.7040153 -0.62991434 0.98815632 92
2.6980309 -0.55040395 0.99073565 93.5
1.8589861 -0.43100399 0.92119151 51
2.6984644 -0.44738969 0.99673891 93.5
1.9628226 -0.37803265 0.93100828 47.666668
2.6906683 -0.31887233 0.99758106 106
2.6878273 -0.26886538 0.99763 99
2.6803408 -0.14534813 0.99599099 102.5
2.6803656 -0.046874337 0.99528062 101
2.6785164 0.049139597 0.99212897 100.5
2.6752157 0.1451534 0.9868809 95.5
2.6701159 0.24166703 0.97989571 98.5
2.6653385 0.33718061 0.97113669 100
2.6623096 0.43369418 0.96128613 99
2.6609674 0.54596657 0.96995139 102.5
2.6586645 0.64794183 0.95438004 103.75
2.6552474 0.74991149 0.93599683 93
0.36409822 0.86091679 0.95435292 4.3333335
0.44919163 0.84862816 0.95191091 5
0.50136006 0.87417448 0.94830406 6
2.6557548 0.83818048 0.91780406 99.333336
2.660471 0.93848723 0.91362113 97.5
-0.30886862 1.2033311 0.95403332 8
-0.24609934 1.2263515 0.94802022 1
2.2671704 1.2446327 0.98993838 79
-0.36767665 1.3655832 0.93984354 11.5
-0.2352294 1.3332224 0.93049133 1
-0.19266573 1.3686244 0.96205252 0.5
2.2644703 1.3636509 0.97629088 77
-1.4069964 1.4961566 0.95825899 60
-1.3147535 1.4781235 0.96275377 26.666666
-1.2560198 1.4888759 0.92852342 8
-1.1084294 1.496649 0.99910092 41
-1.0622872 1.4938568 0.9600662 50
2.2778115 1.4550779 0.93749708 52.25
2.304497 1.4767606 0.97095865 64.5
-2.5246065 1.5678996 0.94711691 62
-2.4663053 1.5701101 0.97713017 66
-2.3579018 1.5682212 0.92322344 69
-2.1720688 1.5857488 0.97129285 21.5
-2.0384157 1.5941411 0.93424404 37.75
-1.8290745 1.5934683 0.96879745 70.333336
-1.7543443 1.5889664 0.93072826 58.799999
-1.4410028 1.5542806 0.94443017 97
-1.351382 1.5191442 0.94040668 106
-1.0550576 1.5712148 0.96582377 104
-0.82096821 1.5448604 0.93909526 36.5
-0.71224868 1.5390854 0.94386983 36.5
-0.56888294 1.5247542 0.94535786 44
-0.47782326 1.5712631 0.97074509 150
2.267601 1.5366497 0.94978154 85.75
2.3038945 1.5202568 0.96172738 57
-1.4346789 1.6062716 0.93119621 45.666668
-1.3875933 1.6052946 0.91940749 49.5
-1.1328216 1.6134214 0.94199932 89.5
-1.0617507 1.6142086 0.93913621 86
-0.83319253 1.6271778 0.91004354 79
-0.72046715 1.6224372 0.91420352 90
-0.57612956 1.6301228 0.92846429 72
0.33728403 1.641396 0.94016582 35
2.2623672 1.6603792 0.92074788 72
2.298888 1.8328733 0.95062047 72
2.3539009 1.933854 0.96606243 161
1.8911555 2.2855065 0.91147429 12
1.9448893 2.2684729 0.9410277 12
1.6716839 2.4787595 0.97313827 36.333332
1.7145047 2.4752946 0.96861738 51.5
1.6627852 2.5258079 0.97868907 6
2.647145 2.8954005 0.99315727 5
2.2569375 4.9838109 0.95001853 120
2.437741 4.9930043 0.94097894 116
2.2272744 5.0541849 0.90808386 42
2.2030094 8.5121832 0.90173948 6
2.0830827 8.6950083 0.99523169 6
-4.0422125 -6.6048861 1.0890583 99
-3.9968028 -6.6214342 1.0558459 78
-3.4019344 -6.6105156 1.0295362 103
-3.3484941 -6.5898013 1.0523198 114
-2.7769542 -6.589087 1.0094122 118
-2.4789414 -6.5739408 1.0252528 116.5
-2.273309 -6.5716877 1.0733765 116
-1.6215243 -6.5532551 1.0354403 116
-1.4296672 -6.5414147 1.0735199 114
-0.74856585 -6.521688 1.0150983 76
-0.43567729 -6.5263343 1.0354208 82
-0.38130867 -6.5166841 1.0723933 79
-0.27168515 -6.5224304 1.0570894 86
1.5939147 -6.5694199 1.0604305 27
-0.068326242 -6.4962888 1.0601356 113
0.85737252 -6.486002 1.0552195 107
-0.85350984 -6.3759046 1.0679442 35
-1.3245957 -6.1908841 1.051318 31
2.5841455 -6.1641941 1.0200317 78
2.7022307 -6.1642499 1.0808775 82
-1.6409268 -6.0736256 1.0444474 15.5
2.0146017 -5.224443 1.0419383 57
2.7741539 -4.4581289 1.0052764 38
2.7733331 -4.3709364 1.0878035 43
2.8394253 -4.3028049 1.0073447 47
2.8363874 -4.1037927 1.0420117 47
-2.9721928 -3.84008 1.0118803 38
2.8211696 -3.898788 1.0676923 50
-2.9675829 -3.7989759 1.0864389 35
2.8130562 -3.7177794 1.0946703 52
2.7544117 -3.3259363 1.0510173 58
-2.9682195 -3.2352462 1.024485 12
2.7532971 -3.2746661 1.0503256 57
-2.9353101 -2.9795415 1.0057627 28
-2.9488633 -2.8735576 1.0268419 48
-2.9599204 -2.724977 1.0243857 39.5
-2.9598212 -2.6555061 1.0579047 26.5
2.7381928 -2.6977885 1.0327767 66
-2.9406259 -2.5285699 1.0642469 28
2.7392223 -2.5720141 1.0625894 59
-2.9450612 -2.4285805 1.079175 46
2.7386489 -2.4699631 1.0393789 60.5
-2.9664104 -2.3516352 1.0538803 37.666668
-3.158103 -2.1611128 1.0530999 19
-3.0040274 -1.8755547 1.0505989 4.3333335
-2.998656 -1.7548367 1.0162297 4
2.7440987 -1.7728512 1.0020345 85
0.10871117 -1.6035495 1.0046289 9
-2.9779809 -1.5360395 1.0100564 52
0.083868906 -1.593555 1.052834 21.5
0.10254845 -1.5950383 1.0066426 23
2.7220519 -1.5607758 1.0204273 150
-2.9816449 -1.4589317 1.0253928 52
-2.9776573 -1.3413141 1.0418781 48.5
-2.978925 -1.2296883 1.0595824 47
2.2099888 -1.2260849 1.0118868 1
-2.9757333 -1.1536205 1.0690087 28
-2.9854481 -1.0479879 1.0876966 13
0.46208492 -0.91559553 1.0666687 0
0.43687454 -0.89665997 1.0826168 6
1.7376584 -0.74639779 1.0881211 7
1.7854739 -0.62360036 1.0156727 44
1.7649239 -0.55676788 1.0684768 20.333334
1.8283851 -0.51807117 1.0510273 47
1.7507855 -0.48934188 1.088798 30
1.8767657 -0.47453886 1.0922955 8
2.6947503 -0.42847022 1.0876907 75
2.7012322 -0.48646122 1.091329 98
2.6940486 -0.35327005 1.0571822 87
2.6868191 -0.22860433 1.0527722 90.666664
2.6829846 -0.15147793 1.0754695 86
2.6835546 -0.070978351 1.0715811 88.5
2.6801162 0.035469353 1.062428 91.5
2.6734161 0.14090005 1.0494585 87
2.6734724 0.24637717 1.0387521 90.5
2.668838 0.35083294 1.0235465 96.5
2.6641741 0.45578256 1.0069211 95.5
0.35361895 0.8600564 1.0313873 5
0.47081921 0.87366557 1.0580236 5.3333335
0.55138576 0.87028462 1.0731897 5
2.2837727 1.0728894 1.0508286 78.333336
2.3686559 1.0641862 1.084408 60
2.2715361 1.1419965 1.0182992 80
0.55069941 1.2581161 1.0172101 3
2.2663009 1.2317082 1.0192056 78
-0.37563586 1.3799291 1.0444305 45
2.2687309 1.3196982 1.0027212 74
-1.4116062 1.47993 1.0464256 52
-1.3638533 1.4767716 1.0211884 22.25
-1.1283348 1.4887493 1.0687582 27
-1.0528712 1.4882278 1.0438137 22
2.3054774 1.4947616 1.0232733 59
-2.7520339 1.5566577 1.0558712 57
-2.6606424 1.5615822 1.0428612 61.5
-2.5699971 1.5640051 1.0290669 71
-2.2176831 1.5810332 1.0440412 8
-2.1138597 1.5907164 1.039848 11.5
-2.0594833 1.5877384 1.0385605 34.333332
-1.9552132 1.5883007 1.0344721 76
-1.8409816 1.5890423 1.0464485 34.75
-1.7744344 1.5902472 1.023983 22
-1.6194932 1.5937742 1.0720196 74
-1.5577236 1.5970663 1.0286509 74.333336
-1.4670639 1.5493851 1.0680988 92
-0.83965331 1.5206639 1.0498812 41
-0.7247622 1.5205481 1.0332434 61.5
-0.58155322 1.5154414 1.039197 47.5
2.2990289 1.540745 1.04663 57
2.3023052 1.5262539 1.061457 55.5
-0.4872089 1.6217035 1.0509833 94
2.3131642 1.8628534 1.0003605 150
2.347892 1.915844 1.0629944 158
1.7571778 2.3292456 1.0860431 16
2.5959074 2.4802961 1.0180415 7
2.6264396 2.894722 1.0536997 22
2.6363957 2.9227407 1.0551451 55
2.5259364 4.7590318 1.073053 51
2.3553131 4.9938688 1.0381693 109
2.5206821 4.9700508 1.0293413 70
2.2187243 5.1387935 1.0090928 28
2.2273071 5.2180233 1.0345337 31
2.1104348 8.1009035 1.064405 1
2.3079381 11.01413 1.0763736 3
2.3991387 12.912308 1.0436944 15
-4.1728458 -6.6285715 1.1506629 79
-3.5567253 -6.618751 1.1345193 103
-3.3724906 -6.5832596 1.1947044 105
-2.7707024 -6.5836792 1.1758616 118
-2.6116393 -6.5784259 1.1009349 120
-2.4522057 -6.5782371 1.1819487 114.5
-2.2486968 -6.5636969 1.1274158 114
-1.5568807 -6.5545602 1.1448083 116
-0.76133591 -6.5195069 1.1615394 75
-0.43865526 -6.5273528 1.1866826 81
0.97333544 -6.5401263 1.1783667 22
1.6834525 -6.5567865 1.190485 19
1.7128221 -6.5405784 1.1075629 5
-1.8442479 -6.3372259 1.1444193 32
2.5214479 -6.1635842 1.1540953 76
2.8259275 -6.1211805 1.1081088 131
-1.7451273 -6.0797253 1.1656229 16
-0.084828429 -6.0157542 1.1257684 3
2.8866282 -5.9380355 1.1860181 30
2.76738 -4.5453677 1.118899 39
-2.9342563 -3.9385283 1.1475108 0
-2.9712772 -3.7678754 1.1643153 40
2.810606 -3.5527682 1.1215544 56
2.7565501 -3.3566298 1.1368141 54.5
2.8066974 -3.3977582 1.1456366 55
-2.9728997 -3.2192001 1.1003358 20
2.7984726 -3.2407513 1.1655487 33
-2.9745069 -3.1962001 1.1754932 36
2.8059385 -3.1177351 1.192271 10
2.7370043 -2.7513304 1.1381359 67
-2.9821072 -2.6345356 1.1458936 34.5
2.7360635 -2.614995 1.1604347 59
2.7362659 -2.5134466 1.1331723 56
-2.9800782 -2.3222346 1.1470127 19
-2.9484231 -2.2305996 1.1028998 54
-3.0236225 -2.195672 1.1452138 40
-3.1098366 -2.0886645 1.1026719 10
-3.0493815 -2.0196371 1.1221988 8
-3.0078635 -1.9516908 1.1686575 2.5
-2.9747491 -1.970649 1.1444732 50
-2.9744959 -1.8816586 1.1538376 50
-2.9729395 -1.7495103 1.1656325 48
-2.9751925 -1.6245267 1.1784436 53
0.059092514 -1.6087165 1.1106408 2
-2.9793625 -1.54554 1.1883919 49
-2.9799516 -1.4655513 1.1947125 48
-2.981097 -0.93839616 1.1003455 33
0.43973395 -0.90471286 1.1483736 3
-3.0338078 -0.8101244 1.1392795 29
-2.9944932 -0.87030011 1.1139276 50
0.42534775 -0.88783675 1.1168997 4
1.7605889 -0.71438318 1.1075454 5
1.7594105 -0.63888317 1.1398154 2
1.6826844 -0.52142143 1.1324066 30
1.6532682 -0.48923373 1.1870909 35
1.7177699 -0.45441866 1.1637018 21.5
0.32990885 0.86676645 1.1471603 3
0.44839877 0.87287027 1.1376876 1
0.52953911 0.86530912 1.1511836 12
2.4361377 1.0661218 1.1534154 54.5
-0.31819159 1.1991045 1.1660067 6
-0.25640953 1.1906784 1.1827509 1
-0.38223922 1.3895897 1.1260889 2
-1.1506798 1.482982 1.1431477 3
-1.0778527 1.4892324 1.1224284 2
0.32894284 1.4983606 1.1482542 2
-3.0310411 1.5505689 1.1866244 52
-2.8518662 1.5568665 1.1352322 62.5
-2.144598 1.5777959 1.1480905 75.666664
-2.0471895 1.5858507 1.1032504 74
-1.7602417 1.5935634 1.1744825 89
-1.6879351 1.5941635 1.1225293 91
-1.5518852 1.5963892 1.1646928 42.75
-0.86224049 1.5175877 1.1530397 15
-0.74302101 1.5185905 1.1381295 16
-0.59591186 1.5121911 1.1413833 24.5
2.2983222 1.5579914 1.1575011 52.5
2.3034546 1.5257617 1.1293535 56
-1.733811 1.6039072 1.1551735 90
-1.6649278 1.6067089 1.1070788 104
-0.49502403 1.6176383 1.1306448 84.5
0.33786881 1.67141 1.1688322 24
2.3590899 1.9418206 1.1146023 161
1.7824664 2.2722287 1.1138296 4
2.6314275 2.2588258 1.153583 150
2.6352384 2.9577453 1.1475172 53.333332
2.6306827 3.0035088 1.1949719 57
2.5166593 4.9109612 1.1907521 53
2.4536672 5.0009274 1.1249049 119
2.2161014 5.2605157 1.135151 29
2.221209 5.3708868 1.1648513 29
1.383572 5.7262707 1.1835412 53
2.0634041 5.8086262 1.1705962 39
1.5598038 13.823383 1.1088878 64
-4.3444657 -6.6257071 1.2448894 52
-4.0628181 -6.6148629 1.2438521 107
-3.7137311 -6.6239839 1.2397859 99
-2.9007859 -6.5771236 1.2837273 114
-2.5467322 -6.5851488 1.2741675 117
-2.2707174 -6.564815 1.2730409 115
-2.0344496 -6.563612 1.2765141 119
-1.5590549 -6.5465336 1.2700268 93
-0.39043397 -6.5255241 1.2242327 74
-0.27761915 -6.518363 1.20708 85
1.5271226 -6.5607343 1.2058821 28
-1.3813208 -6.4404883 1.2342527 33
-0.21660578 -6.4903445 1.2107688 5
-1.6325738 -6.3055024 1.2127093 13
-0.85466617 -6.3490763 1.2091519 34
-0.43568945 -6.1308632 1.2606045 35
2.4579074 -6.1669803 1.2899613 66
2.6429896 -6.1674027 1.2154384 93
-1.7045398 -6.0732188 1.2564629 15
2.8764327 -5.6019955 1.2247921 28
2.8589859 -5.2709718 1.2538016 34
2.8443749 -4.9759464 1.2813755 38
2.7675593 -4.6446171 1.2412624 37
2.7742383 -4.4582915 1.2019222 44
-2.9779592 -3.7397795 1.2419405 24
2.7574134 -3.441138 1.2288435 55
2.7495265 -3.3667896 1.2205293 57
-2.9532878 -3.1814437 1.2533571 26
-2.9322245 -3.0625374 1.2766699 29
-2.938329 -2.9433825 1.2969503 47
2.7399855 -2.808871 1.2487508 62
2.733027 -2.6579754 1.2627507 68
-2.9811597 -2.573642 1.2493694 40
2.7369635 -2.5579276 1.2333696 58.5
2.7658308 -2.4737735 1.2607023 5
2.7581515 -2.3617685 1.2700062 34
-2.981811 -2.2733068 1.257349 9.5
2.7547417 -2.257761 1.2806528 55
-3.1532888 -2.1977916 1.2086911 41
2.7534921 -2.1607521 1.2933854 76
2.7457685 -2.0597475 1.2998632 86
-2.9841452 -1.3495709 1.2064376 58.5
-2.9883368 -1.2365907 1.2181666 57
-2.9839525 -1.1595987 1.2211332 69
-2.9787517 -1.0461118 1.2271212 57
-2.98351 -0.9386338 1.2362282 58
0.40495405 -0.92299908 1.2055279 6
-3.3106503 -0.81328607 1.2625172 11
-3.0305877 -0.80969828 1.2666681 34
-2.9838228 -0.8676461 1.2411739 58
0.41620791 -0.89543641 1.2390809 14
1.6592482 -0.55305529 1.2362233 8.5
1.6498748 -0.46169844 1.2388002 15.166667
1.7063458 -0.42726812 1.2372489 13
0.4146128 0.85434383 1.2535886 3
0.50626665 0.86190313 1.2395097 12.5
2.6425407 0.86434364 1.2919128 104
2.643744 0.95284855 1.2833922 101
2.5575447 1.075269 1.2378614 72.5
2.6413755 1.0413513 1.2728114 102
-0.26000261 1.1842699 1.258764 7
-0.32201245 1.2046208 1.2519476 23.5
-3.1799226 1.5410525 1.2560532 46
-3.0843091 1.5443248 1.2823335 66
-2.9402325 1.5494812 1.2115744 62
-2.3607178 1.5719416 1.2857285 71
-2.2555647 1.5716714 1.2207046 73
-1.9084135 1.585392 1.2820953 82
-1.8596112 1.5961745 1.2464622 82.5
-1.705621 1.5953588 1.2881867 83.5
-1.6391836 1.5978923 1.2374113 88
-0.87242407 1.511878 1.2033966 1
2.2868533 1.5674787 1.2592483 57.75
2.3035471 1.5552087 1.2429919 54.5
-1.8073558 1.6011306 1.2088605 85
-1.6365045 1.6001002 1.2341801 85
-0.5067175 1.619271 1.246585 15.5
0.32151848 1.6534173 1.2064688 4
2.252465 1.6502326 1.2864006 81
2.2493174 1.7577317 1.2737464 82
2.2457395 1.8371487 1.2797884 77.5
2.2940125 1.9657638 1.2935432 168
2.645767 2.2991431 1.2159628 107
2.6482787 2.3264327 1.273016 54
2.6259735 2.9883752 1.2600793 51
2.6315849 3.0479209 1.2698752 51
2.5237298 4.6879606 1.2209872 46
2.135036 5.3664999 1.2760903 36
2.2109377 5.3822227 1.2666456 22
2.130646 5.6915517 1.2491777 38
0.59593278 5.761776 1.2905276 6
1.9769491 5.8371019 1.219831 3
2.5317011 10.796282 1.2941611 40
1.4707389 13.814619 1.2476234 57.5
1.6004375 13.821985 1.2099566 61
-4.5370889 -6.6468601 1.3473058 30
-4.0855036 -6.6238413 1.3994673 101
-3.8765111 -6.6291881 1.3490103 104
-3.4037888 -6.5907116 1.3405454 112
-3.0539079 -6.5869665 1.3803543 115
-2.7982991 -6.58708 1.310699 117
-2.6844001 -6.5853696 1.3757716 115
-2.5074954 -6.5837817 1.3434238 117
-2.1696727 -6.5681758 1.37103 119
-1.9953822 -6.5712619 1.3578988 122
-0.77442557 -6.5242934 1.3120241 68
-0.3992427 -6.5143938 1.3719325 62
-0.28339463 -6.5093088 1.3550415 70
1.4631368 -6.5750494 1.3547996 16
1.6238972 -6.5817485 1.3426453 31
0.85102981 -6.4725237 1.334452 105
2.4648902 -6.4191065 1.3957093 112
-0.8582111 -6.3502178 1.3553495 34
-1.3671026 -6.2466469 1.3412428 34
2.5810204 -6.1605639 1.3486903 103
2.7706449 -4.7558804 1.3715777 35
2.8332863 -4.70892 1.3067863 41
2.7644656 -4.5256376 1.3176496 43
2.8264635 -4.4668889 1.3321388 46
2.81744 -4.2388644 1.3525934 49
2.8119872 -4.0338359 1.373709 47
2.8000486 -3.82582 1.3885757 43
-2.9804926 -3.7036836 1.3179032 32
-2.974556 -3.6545889 1.3885527 39
2.7518883 -3.4533262 1.3158951 53.5
-2.9741523 -3.1286957 1.3592547 58
-2.9488626 -2.8342226 1.3179166 49
2.7353742 -2.8549199 1.3602426 65
-2.9478033 -2.7140944 1.3344907 46
2.7277181 -2.6799631 1.3309009 72
-2.9606774 -2.5593762 1.3363496 37.5
2.7300432 -2.5914135 1.3333232 65
-2.9650483 -2.4923463 1.370651 33
-2.9462488 -2.3827989 1.37694 50
-2.9649713 -2.2575221 1.3648313 29.5
2.7423382 -1.9657404 1.3090974 77
2.743897 -1.8807305 1.3203696 84
2.7333362 -1.7462237 1.3275964 95.5
-5.5402451 -1.2507806 1.3073283 96
-5.5399914 -1.126667 1.324578 107
-5.5485988 -1.0065455 1.3430815 107
0.38834819 -0.95048106 1.3277607 5.5
-5.550868 -0.8844437 1.3584352 109
-3.293004 -0.80893546 1.3909072 12
-5.5498395 -0.76235586 1.3715249 110
-3.5463777 -0.792557 1.369514 1
-5.5584946 -0.64125669 1.3864151 111
-5.5599885 -0.5201807 1.3976024 113
2.6901255 -0.44565779 1.3804371 105.5
-5.5227942 -0.39517239 1.3979802 103
2.6861246 -0.33015257 1.3787167 102.5
2.6828396 -0.24464899 1.3762826 108
2.6784759 -0.16014621 1.3728063 107.5
2.6765852 -0.049140044 1.3703444 108
2.6689415 0.060362138 1.3623242 110
2.6666427 0.17036751 1.3566878 111
2.663656 0.25337064 1.3510678 117
2.6631627 0.33537531 1.3464665 103
2.6590285 0.44487908 1.3369728 108.5
2.6545219 0.55488247 1.3264251 106
2.6527894 0.66240162 1.3440514 104
-5.2307539 0.78064781 1.360002 81
2.6504934 0.74476165 1.3599563 99.666664
-5.2260561 0.89863652 1.3572507 91
0.48727301 0.87414759 1.3333505 11
2.6465635 0.84342259 1.343613 99.333336
2.637774 0.94944376 1.3458054 94
-5.2280021 1.018631 1.3554075 83
2.2902024 1.0647439 1.3670554 59
2.6370144 1.0419354 1.3290288 95.5
-5.2310796 1.140615 1.3519025 90
-0.26283836 1.1778853 1.3378475 10
2.2591796 1.133224 1.3350632 76
-5.2363725 1.2636011 1.3486975 93
-0.32641274 1.205832 1.3704733 28
2.2638729 1.2635983 1.3600273 88.25
-5.2362609 1.3865278 1.343013 92
-0.40316778 1.3730378 1.3668265 10.5
2.2603755 1.356606 1.3477333 86
-5.1818981 1.495394 1.3207878 55
2.2582774 1.4538651 1.3347074 82.25
-3.3445208 1.5335857 1.3326085 47
-3.2402766 1.5381558 1.3587117 66
-2.5025253 1.5593097 1.3598759 61
-2.4292166 1.5731084 1.3416843 68
-2.0481243 1.590848 1.3812238 76
-1.9772261 1.5882198 1.330534 74
-1.7797225 1.593755 1.3454907 77.5
-0.79252666 1.5068982 1.396615 2
2.2878098 1.5756468 1.3444932 59.200001
2.2716911 1.632645 1.3450817 66
2.247647 1.7685554 1.3076315 75
2.6282072 2.2624021 1.3484011 150
2.649229 2.3638802 1.3611758 55
2.6306853 3.058804 1.3406539 50.5
2.1406121 4.9960704 1.397149 70
2.204361 4.9903822 1.3753794 119
2.1436408 5.0844512 1.304426 39
2.1344368 5.294076 1.384873 33
2.2159202 5.5318184 1.305379 23
2.1260574 5.6170831 1.3691278 26
1.3305135 5.7591605 1.3041719 74
1.4027357 5.7647791 1.3465798 5
2.069737 5.797092 1.310876 52
2.4110212 8.2666702 1.3708771 12
2.388113 8.8117647 1.3100253 8
2.5445437 10.787115 1.3305026 37
1.7763709 13.817119 1.3337501 65
-4.0472794 -6.6403599 1.4625423 90
-3.432025 -6.5861669 1.4855925 104
-3.2048252 -6.5838108 1.4766442 118
-2.8209081 -6.5928211 1.4728229 115.5
-2.521575 -6.5940113 1.4968495 120
-2.3120649 -6.5847239 1.4692887 123
-2.2948961 -6.5669255 1.4205011 117
-2.1286705 -6.5674877 1.4587761 119
-1.9482101 -6.5529428 1.4506779 124
-1.5694135 -6.5726967 1.4268484 120
-0.78751701 -6.5230794 1.4624603 70
-0.44560903 -6.5333877 1.4891531 77
0.96730059 -6.5327501 1.4615268 23
1.3945173 -6.5513606 1.499431 10
1.5584205 -6.5585065 1.47887 27
2.4231522 -6.2563858 1.4445553 30
2.5215809 -6.1738844 1.4732471 69.5
2.7648599 -4.6129332 1.4425257 43
-2.9821532 -3.6244993 1.4650947 27
2.7966762 -3.6477926 1.406139 26
2.7495856 -3.5244062 1.4575554 53
-2.9477475 -3.4356191 1.4949505 13
2.7502918 -3.4638402 1.4049157 54
2.8026104 -3.4927511 1.428499 6
-2.9711971 -3.0801904 1.4679468 62
2.735899 -2.905968 1.4796482 60
2.7401085 -2.727581 1.4527763 50.666668
2.7376328 -2.6205437 1.4526821 59.666668
-2.9945569 -2.4558818 1.4590017 7
2.7504618 -2.4808254 1.486318 64
2.7462409 -2.36481 1.4933516 71
-3.1080132 -2.2068992 1.4986755 47
-2.9905472 -2.2154434 1.4242667 44
-2.9814022 -2.0102925 1.4431602 74
-2.9727058 -1.9082377 1.449783 57
-2.9733877 -1.8181535 1.4604987 49
-2.9754601 -1.7300712 1.4709692 48
-3.011585 -1.6218518 1.4794931 1
-2.9783568 -1.6439848 1.4820194 52
-2.9845524 -1.5598817 1.4953458 45
-3.0132918 -1.4753354 1.451287 8.5
0.14660498 -1.4327836 1.4666148 11
0.34652233 -1.0474882 1.4726498 25
0.37231553 -0.97789139 1.4680625 8
0.56902438 -0.91071099 1.4962701 55
-5.5337129 -0.27509367 1.4095771 104
2.6792316 -0.2364025 1.4974856 93
-5.5490613 -0.15501103 1.4217881 96
2.6751156 -0.14589812 1.4899912 92
-5.548389 -0.032959361 1.4290547 95
2.6724131 -0.055392619 1.4824677 97
-5.5723376 0.088122413 1.441097 110
2.6686316 0.033610214 1.4739033 102.5
2.6647553 0.1511137 1.4617534 104
-5.5681086 0.21215121 1.4446961 108
2.6608653 0.26911581 1.4488919 102.5
-5.5683084 0.33418393 1.4489218 107
2.6605923 0.3576189 1.4388388 99
-5.5809736 0.45922473 1.4544058 104
2.6563978 0.44511569 1.4270921 97
-5.5770512 0.58423972 1.4557824 104
2.65172 0.56210971 1.4099939 93.5
-5.5756507 0.70824271 1.4552571 119
0.4731676 0.88261825 1.4027036 1
0.037828781 1.0508968 1.4554422 1
2.2839489 1.0674366 1.4348515 78
2.4028401 1.0718179 1.4620439 63
-0.25006649 1.1674957 1.4570236 25
-0.19862065 1.1302009 1.4786638 31
2.2660642 1.1469445 1.4086655 91.5
-0.33090496 1.2038984 1.464933 26
-0.4108659 1.3672605 1.4560457 36
-4.9619374 1.4964297 1.424924 43
-1.1850469 1.472749 1.4397664 19
-0.94282991 1.4955682 1.4966497 10
-3.5425079 1.5322106 1.4223182 48
-3.4214211 1.535959 1.4460604 61
-2.6424813 1.5590649 1.4601033 65
-2.5291188 1.567477 1.4273705 34
-2.4174783 1.5808805 1.4697456 1
-2.3753772 1.5730639 1.455707 3
-2.1555367 1.5814925 1.45959 67.5
-2.0780363 1.5793333 1.4043846 72
-1.9395515 1.5891001 1.4704869 74.5
-1.8572564 1.5911717 1.405754 79
-0.80454433 1.5042181 1.4598838 15
-0.65058875 1.5291054 1.486007 2
2.2907228 1.5876501 1.456524 51
2.2910407 1.6117454 1.4441135 52.5
2.6410315 2.2988403 1.4389392 83
2.6441042 2.354563 1.4721799 51
2.5855145 2.5049636 1.4966453 72
2.5813766 2.6099143 1.4902046 43
2.5742092 2.7084184 1.4701915 16
2.5789375 2.8299627 1.4600555 1
2.6258121 3.0630698 1.443383 49
2.6341233 3.1397891 1.4276934 53
2.2656631 4.993681 1.4812462 111.5
2.2082312 5.5159125 1.4070487 22
1.273247 5.761014 1.4198081 44
1.3545185 5.7505903 1.4642423 68
2.2127652 5.709815 1.4555635 49
1.941905 5.8309879 1.4795129 22
2.4230766 7.7395878 1.418506 11
2.345011 10.410162 1.4800268 18
2.3598075 11.668188 1.4692407 7
2.3279712 12.866219 1.4146104 36
1.482291 13.822187 1.4881959 50
1.7041881 13.866882 1.4305985 67
-4.2191329 -6.642518 1.577963 90
-4.1022162 -6.6198168 1.5556047 96
-2.9762337 -6.6027236 1.5904152 116
-3.3629193 -6.5876513 1.576618 109
-2.4519906 -6.5802832 1.5657398 122
-2.3223076 -6.5790234 1.5707666 120
-2.268295 -6.5846901 1.5629497 122
-2.0824554 -6.555305 1.5484105 120
-1.575471 -6.5718794 1.5798534 123
-1.4360409 -6.5540433 1.5517267 99
-0.40784925 -6.5361853 1.5299318 62
-0.28791752 -6.5232353 1.5111583 72
0.91683483 -6.5454283 1.5165129 29
1.0838385 -6.5498319 1.5812094 30
1.3222494 -6.5514679 1.5353838 2
1.6788883 -6.5422668 1.5885024 34
2.2042141 -6.5295262 1.5862346 5
-0.8646186 -6.3912954 1.5125889 32
2.6215734 -6.1049838 1.5585332 115
2.7697918 -4.8591561 1.5055904 38
2.7691321 -4.7121811 1.5758338 49
-2.9812796 -3.5814109 1.5363238 42
2.7493227 -3.5742154 1.5560944 53
-2.9502828 -3.2916124 1.5033672 53
-2.943423 -3.1446104 1.5078173 72
-2.9579234 -3.029397 1.5276747 70
2.7340095 -2.9350026 1.5593132 60
-2.9597802 -2.8985875 1.5312597 47
-2.9603803 -2.7745872 1.537233 51
2.7311928 -2.7669189 1.5576427 61
-2.9604154 -2.6545842 1.544048 51
2.7278028 -2.6653774 1.5485765 63
-2.9681823 -2.548579 1.5537429 51
-2.9591165 -2.427587 1.5543832 51
-2.9563966 -2.316591 1.5581576 51
-2.9616773 -2.2165892 1.5661913 52
2.7462981 -2.2587888 1.5017273 72
2.7362888 -2.1437857 1.5017955 68
2.7370467 -2.0447645 1.5094548 74
-2.9775085 -1.9315848 1.5903463 54
2.7313473 -1.9447545 1.512283 73
-2.976994 -1.8355901 1.5944686 54
2.7249007 -1.8447473 1.513002 77
-2.9786925 -1.7445966 1.5989022 56
2.7263632 -1.756726 1.5199481 72
-3.0182333 -1.6695766 1.562269 3.5
2.7213385 -1.6647174 1.5206461 78
-3.0145957 -1.5759468 1.5415556 12
-3.0150228 -1.4299567 1.5044476 13
-2.9896641 -1.4777929 1.506731 36
-3.0120099 -1.3815668 1.5550238 26.5
-2.9855022 -1.3497145 1.516268 48.5
-2.9860296 -1.2276213 1.5278507 52
-2.9878418 -1.1475488 1.536988 56
-2.9943445 -1.0684618 1.5481341 52
0.32507899 -1.06064 1.5564226 4
-2.9947414 -0.95137346 1.559057 56
0.56808978 -0.93680656 1.5360494 108.5
-3.0100322 -0.84023732 1.5765955 44
0.54812318 -0.85291672 1.5727799 74.5
-3.5554361 -0.79417515 1.5151389 1
2.685483 -0.55043733 1.5134161 124
2.6831896 -0.45442656 1.5090694 90.5
2.6830328 -0.36041301 1.5053899 89
2.6779304 -0.29841202 1.5004386 91
-5.268538 0.75892144 1.5634828 61
-5.2324095 0.8689757 1.5476508 103
-5.2353377 0.98696566 1.5436784 104
2.3825767 1.0661584 1.5263435 60
2.5190747 1.0758945 1.5605071 67
-5.2335596 1.1039644 1.5377406 104
-0.33382064 1.1982697 1.5269355 28
-0.24410458 1.1544967 1.5472374 27
-0.19905987 1.1286988 1.5468622 26
-5.2298536 1.2219695 1.5293002 108
-5.2347293 1.3399591 1.5242325 98
-0.4199062 1.3645673 1.5556664 51
-5.2376804 1.4619553 1.5166669 103
-1.3027363 1.4772974 1.5648137 26
-1.2506204 1.4756765 1.520486 26.5
-0.9593125 1.4919492 1.5625296 22
-0.8332743 1.4989014 1.5950789 42
-3.7597699 1.5309108 1.5228207 46
-3.6161129 1.5317482 1.540148 59
-2.8914132 1.5460416 1.5974578 57
-2.7747917 1.5558953 1.5412254 60.5
-2.6263316 1.5593657 1.5760014 13
-2.5443187 1.5680232 1.5550222 11
-2.455724 1.5694499 1.5478727 9.333333
-2.3458972 1.5837454 1.5960081 66
-2.2563939 1.5794206 1.5326977 64
-2.1470277 1.5870492 1.5601125 8
-2.0527492 1.5836228 1.5357261 41.25
-1.666229 1.5900242 1.5526857 15
-0.81763732 1.5005425 1.524076 36
-0.6593703 1.5185339 1.5445588 18
2.2655756 1.5668547 1.5580034 67.5
-1.7401723 1.61133 1.5607393 4
-0.54083836 1.6084974 1.5634661 32.5
2.2731731 1.6278299 1.5646062 61.833332
2.2385743 1.7660581 1.5833551 76
2.2377162 1.8480575 1.5799233 79
2.5485806 2.2707953 1.5167192 150
2.6431444 2.3287673 1.552518 53
2.5866883 2.4079008 1.5194228 66.5
2.6423123 2.4257939 1.5412343 46.5
2.5843399 2.5098531 1.5140111 46
2.6288903 3.1440573 1.5335929 50.5
2.6316013 3.226706 1.5942214 56
2.365952 5.0076671 1.5816631 120.5
2.2016094 5.6375895 1.5511096 31
0.61533934 5.7623053 1.5195825 92
1.2153397 5.7517605 1.5344639 67
1.3057556 5.7285309 1.5778232 69
2.1674514 5.7496305 1.578609 44
2.0376406 5.8073826 1.579726 26
2.4005206 8.2371092 1.5790799 11
2.3724051 8.7981243 1.539194 7
2.3527446 9.5051413 1.5064107 26
2.4574792 10.803781 1.5504028 23
2.4474509 10.936953 1.5206861 6
1.846531 13.007792 1.5545392 48
1.3235854 13.77322 1.5602329 60
-4.3940268 -6.6446691 1.6942549 72
-3.5281901 -6.5984888 1.6802756 118
-3.4635007 -6.5846167 1.6333898 105
-2.5617943 -6.5810413 1.6563425 117.5
-2.4024103 -6.5779123 1.6643661 120
-2.2260377 -6.5786176 1.6538866 121
-0.80068815 -6.5258565 1.6139253 66
-0.43324146 -6.5257177 1.6604524 70
-0.29333037 -6.5351257 1.6673229 54
1.0289025 -6.5115461 1.6264948 42
1.4357849 -6.5145674 1.6467422 48
1.1928279 -6.4658833 1.6785548 74
1.3223394 -6.4786515 1.6303694 120
1.4818338 -6.4748774 1.6167153 89
1.7872698 -6.467248 1.6892835 90
2.3134723 -6.4585023 1.6919203 56
2.4156845 -6.4488277 1.6281664 91
-0.86601251 -6.365447 1.6567928 31
2.4668312 -6.1648254 1.6252552 110
2.7501476 -6.1098852 1.6758716 129
2.7645164 -4.9534421 1.6419735 34
-1.112052 -3.9154048 1.6545161 9
-0.67022294 -3.9052458 1.6735471 2
-1.6531973 -3.8360269 1.6794162 23
-0.41559654 -3.8369894 1.6830182 29.5
-0.32767916 -3.8398795 1.688681 24
2.7481809 -3.6447244 1.6158191 51
-2.9855762 -3.5207839 1.6441989 41
2.7483015 -3.5983212 1.6992633 54
-2.9793105 -3.0231924 1.6168265 31
-2.9880672 -2.9971967 1.6933621 19
2.7335689 -2.9660382 1.6429651 58
2.7217326 -2.7426317 1.6631536 59.5
2.7253218 -2.6863663 1.6224617 70
-3.1203854 -2.1344578 1.6686816 73
-3.0585442 -2.1905062 1.6281621 42
-3.014977 -1.617694 1.61586 11
-2.9790022 -1.6536012 1.6036035 51
-3.0135088 -1.5522176 1.6455179 21.666666
-2.9815252 -1.5666068 1.6086131 55
-3.0198617 -1.4776297 1.6627455 29
-2.9801769 -1.4796134 1.6122062 49
-3.0119865 -1.3321795 1.6053371 31
-2.985199 -1.3546207 1.6205835 54.5
-5.5378957 -1.2352225 1.6015593 113
-3.0134139 -1.2822924 1.6550212 33.5
-2.9885554 -1.2332309 1.6268634 51
-5.543797 -1.1152596 1.6128333 109
-2.984458 -1.1502442 1.6274266 51
-2.9908502 -1.0712516 1.633908 53
-5.5425091 -0.99328333 1.6204692 120
-2.9896657 -0.95226765 1.6381389 56.5
-5.5434337 -0.87531006 1.6283895 113
-3.1977036 -0.81539339 1.691728 23
-3.0006249 -0.84027672 1.649419 44
-5.5540576 -0.75635064 1.638026 116
0.57293546 -0.77279449 1.6545303 155
-5.5591483 -0.63738108 1.6451398 114
-5.5517874 -0.51438993 1.6474823 108
-5.5427628 -0.39539516 1.6487026 126
-5.5445361 -0.27741852 1.6535833 118
-5.5629287 -0.16046733 1.6624311 118
-5.5641637 -0.040485915 1.6645414 115
-5.5637383 0.077499151 1.665532 115
-5.5691409 0.20047697 1.6668388 111
-5.5784168 0.32044807 1.6695486 109
-5.5813298 0.4414314 1.6691785 114
-5.5756631 0.56243002 1.6654382 109
2.6414094 0.55697864 1.6962447 99
-5.5760875 0.68241888 1.6633927 112
2.6390762 0.64997625 1.6892292 101
2.6309924 0.74197024 1.6766534 94
2.6315198 0.83896989 1.6717134 95.5
2.6265759 0.96696603 1.65874 99.5
2.264123 1.0750209 1.6345786 84
2.5069191 1.0731984 1.6394441 67
2.6188352 1.0639606 1.6458081 103
2.2583122 1.1369069 1.6629215 81
2.2549357 1.2334409 1.6538908 81.75
2.251121 1.3319525 1.6445475 81
-1.3284711 1.4735086 1.6318913 42
-1.2481353 1.4642557 1.609399 41
-0.97562724 1.4843199 1.6264396 35
-0.8452124 1.4862158 1.6574022 50
2.247839 1.4362152 1.6357325 81.5
-3.9853263 1.5216253 1.6254307 41
-3.839294 1.5295062 1.6474446 54
-3.0400283 1.5377049 1.6884842 57
-2.9299405 1.5494456 1.6509743 61
-2.6974261 1.56311 1.653035 20
-2.5543947 1.5634148 1.6650689 23.5
-2.4602089 1.5800915 1.6786653 67
-2.3809705 1.5690246 1.6240811 65
-2.2237117 1.5779997 1.6909809 54.666668
-2.1437337 1.5801356 1.6212919 44
-1.8004036 1.5923911 1.6890405 42
-1.7414131 1.5891819 1.6379453 28.5
-0.66988212 1.5140265 1.6119562 38
-0.5528959 1.5666021 1.6720746 108.5
2.239337 1.5408973 1.6504059 74
2.272855 1.626585 1.6499255 58.857143
2.2330868 1.7628745 1.6270082 78
2.2350426 1.8468888 1.6235905 70
2.6402659 2.3437095 1.6378151 49
2.6332829 2.4589093 1.6644559 50
2.623656 3.1327498 1.635677 46
2.6261184 3.2621696 1.678351 53
2.466682 5.0151191 1.6846604 127
2.1398664 5.1097827 1.6804926 40
2.1264429 5.3747625 1.6544316 34
2.1289201 5.4158192 1.6862643 34
2.1446087 5.7416129 1.6771625 52.333332
-4.1250792 -6.6207943 1.7132108 100
-3.6926413 -6.6013288 1.7833452 112
-3.1262767 -6.6058793 1.7005191 112
-3.4970512 -6.5890675 1.7820396 106
-2.7403681 -6.5813723 1.765712 121
-2.5431259 -6.5791011 1.7703643 120
-2.355547 -6.5775375 1.7385632 121
-1.5828404 -6.5770402 1.7367995 117
-1.4552981 -6.5568786 1.7026758 112
-0.81501687 -6.5286188 1.7673037 62
-0.45311826 -6.5333743 1.7985625 66
1.1438224 -6.4786639 1.7378424 13
1.5441818 -6.4466529 1.749058 19
2.3592842 -6.4712524 1.7794586 117
2.4183295 -6.1929002 1.7725712 51
2.8736939 -6.0897903 1.7897594 102
2.7644422 -5.0607443 1.7884828 35
2.7612419 -4.7854428 1.7067419 40
-1.6676948 -3.83149 1.7785218 12.5
-1.1060678 -3.8509924 1.730888 20
-1.0850635 -3.8582838 1.7499692 16.5
-0.67209232 -3.817934 1.7176518 30
-0.41843501 -3.8267879 1.7815448 26
-0.33027494 -3.8491073 1.796892 26
-0.68868691 -3.7932966 1.7910304 16
2.7426443 -3.6603389 1.7579945 53
-2.9318185 -3.5143237 1.7441916 3
-2.9855528 -3.4531612 1.748422 42
-2.9353039 -3.3682411 1.7538935 22
-2.9349241 -3.2231688 1.7621676 35
-2.9320683 -3.0821097 1.7687775 34
-2.9630358 -2.9575887 1.7729175 28.5
2.7350004 -2.9970737 1.7296985 60
-2.9481068 -2.8378949 1.7947757 51
2.7239344 -2.8183832 1.7517893 61.5
2.7190857 -2.7213454 1.772949 56
-3.0173414 -1.5149368 1.7212539 29
-3.0214415 -1.4497824 1.7571114 30
-3.0167007 -1.3652856 1.7736602 36.5
-3.0147562 -1.2294029 1.7037159 38
-3.0136383 -1.1558766 1.7655662 38.333332
-3.1624012 -0.8081879 1.7493198 23
2.6847978 -0.70600092 1.7773679 91
2.6804175 -0.63700503 1.7732079 92
2.6763301 -0.53700924 1.7672799 91.5
2.6744001 -0.43801206 1.7634375 94
2.6713932 -0.34101552 1.758553 89.5
2.6669502 -0.24601983 1.7522787 104
2.6653705 -0.1515222 1.7480786 96
2.6652298 -0.058023635 1.7452687 94
2.6614716 0.033972941 1.7375703 93.5
2.6537399 0.15696636 1.726763 99.5
2.6584885 0.24999337 1.7263149 96
2.654012 0.34198934 1.7179185 99
2.6480432 0.46448398 1.7067246 91.5
2.6332426 0.66813934 1.7982646 84
2.6300678 0.76566279 1.784936 86.5
2.6276109 0.86418611 1.772301 94
2.6258712 0.96520948 1.7603605 95
2.2599838 1.0747759 1.7065198 77
2.3605175 1.0700182 1.731982 61
2.6133432 1.0622289 1.7379978 90
2.2444282 1.3809311 1.7984192 86
-2.6295261 1.4753727 1.7999369 47
-0.43444246 1.4356223 1.7475535 152
2.2435727 1.4539334 1.7950319 77
-4.2539082 1.5154692 1.7466128 40
-4.0657792 1.5182618 1.7569803 46
-3.2159095 1.5364778 1.7945108 62
-3.0820262 1.5425506 1.7456379 62
-2.7642632 1.5598652 1.7274181 27
-2.6233821 1.5354207 1.7664747 34.400002
-2.584959 1.5573244 1.7698908 69
-2.4933968 1.5636551 1.705979 67
-2.3229322 1.5731734 1.7701125 70
-2.2452085 1.569816 1.7577463 34.666668
-1.8344783 1.5834231 1.7583704 56
-1.7594671 1.578984 1.7337154 56
-1.3317549 1.5442537 1.7727094 150
-1.0220766 1.5410907 1.7627491 150
-0.6895569 1.5427932 1.7174971 150
2.241996 1.5289363 1.7909532 85
2.2682068 1.6287707 1.7642983 52.166668
2.2351477 1.7619412 1.7794758 75
2.2296486 1.8492441 1.7832615 82
2.637074 2.3616326 1.7533154 49.5
2.6328797 2.4919162 1.7663355 50
2.6234183 3.173053 1.7554071 46
2.6216245 3.2996478 1.7651191 50
2.5328274 4.0280032 1.7887305 47
2.5251939 4.1980395 1.7679459 55
2.5234478 4.2720313 1.7894741 48
2.5070169 4.6820369 1.7633547 51
2.505733 4.7981505 1.7064049 54
2.1976733 4.9987702 1.7514702 114
2.5080745 4.9340405 1.7579747 53
2.2039564 5.0016584 1.7378746 127
0.51362503 5.7454448 1.7624429 8
1.263173 5.761343 1.7070121 7
2.1222155 5.7864609 1.7039084 12
1.3634219 13.82839 1.7727112 61
-4.5810332 -6.6547685 1.8176963 41
-4.1545262 -6.6317744 1.8772674 102
-3.8694973 -6.6151562 1.8948686 86
-3.2757556 -6.6050282 1.8114159 108
-2.8929515 -6.5878892 1.8720536 118
-2.6863165 -6.5842767 1.8780882 120
-2.5218756 -6.5777969 1.8321569 118.5
-2.3743219 -6.5812106 1.8733994 118
-1.5901315 -6.5772061 1.892722 125
-1.4758767 -6.5576835 1.8575152 125
-0.8858636 -6.5502691 1.8579473 25
-0.42542732 -6.5318294 1.8375099 55
-0.29782659 -6.5350084 1.8244785 59
1.6657972 -6.4557729 1.8750337 121
1.9073002 -6.4502335 1.8067988 115
2.4306788 -6.4184766 1.8052136 116
2.4930155 -6.1994576 1.8658942 33
2.8701448 -5.7427897 1.804665 29
-0.81318539 -5.5921602 1.8721609 31
2.1124046 -5.4954915 1.8362513 3
2.8521872 -5.3898001 1.8042562 39
-0.78831524 -5.2659974 1.8983119 21
2.8407097 -5.0818057 1.8086891 43
2.7621937 -4.874651 1.8472705 39
2.8300002 -4.7998486 1.8110265 50
2.817071 -4.5338554 1.8112389 54
2.1501896 -4.4830427 1.8935254 17
2.1654654 -4.2490301 1.8906094 10
2.8120253 -4.2998557 1.8162693 53
2.8069689 -4.084856 1.819886 49
-1.1264209 -3.9152901 1.8620416 5
2.164144 -3.9960184 1.8688909 14
-0.82839382 -3.8032296 1.8264067 1
-0.67836702 -3.8222015 1.8215292 20.5
0.78418863 -3.8004005 1.830467 19
2.0981336 -3.8906355 1.8529637 11
2.1614997 -3.802778 1.8253995 13
2.2019336 -3.8590083 1.8959382 13
2.8062396 -3.8878534 1.8276733 31
-0.72265196 -3.775013 1.8661708 12
0.6888023 -3.7897658 1.8315561 17
1.3390791 -3.7896395 1.8522866 11.5
1.4445385 -3.790303 1.8559043 15
1.7225778 -3.792279 1.8701626 12
1.8232514 -3.7286015 1.8869807 21
1.9779269 -3.7314148 1.8784744 22
2.0272298 -3.7827618 1.8963223 10
2.744431 -3.7430058 1.8269304 49
-2.9306097 -3.681993 1.8895854 14
2.7968824 -3.6908572 1.8271204 10
-2.9293165 -3.5160122 1.8888998 33
-2.9541979 -3.3583672 1.8550286 41.333332
-2.934413 -3.2180195 1.8941771 52
-2.9347167 -3.0756767 1.8933033 55
2.7332871 -3.0241122 1.8160698 52
-2.960742 -2.9294276 1.8651335 29
2.7446053 -2.8638628 1.8510408 34
-2.9529779 -2.7178135 1.8044221 51
2.7389355 -2.7385998 1.8376393 51.5
-2.9490347 -2.5957689 1.8092265 50
2.7499192 -2.59987 1.820118 64
-2.9563801 -2.4846745 1.8206391 51
2.7419519 -2.4708729 1.8153007 71
-2.9620743 -2.378588 1.830961 52
2.7390265 -2.3538721 1.8153491 78
-3.0127983 -2.2032166 1.8776315 42
-2.9520955 -2.2605851 1.8304504 48
2.7382622 -2.2428696 1.8174827 70
2.7310257 -2.1308718 1.8133609 72
2.7281084 -2.025871 1.8134097 69
-3.0085673 -1.9507535 1.8239232 9
-2.9680912 -1.9613408 1.8596092 80
2.7244503 -1.9238706 1.8113495 67
-2.9802451 -1.8799975 1.8630335 37.5
2.7215149 -1.8268697 1.8099843 76
-2.9762223 -1.7722135 1.8745672 45
2.7185805 -1.7318689 1.8086194 73
-2.9805698 -1.6811531 1.8816611 25
2.7134914 -1.6398696 1.8051696 76
-2.9878936 -1.5470436 1.894689 18.5
-3.0216186 -1.4061812 1.82549 32
-2.979543 -1.4060169 1.8969243 24
-3.0158005 -1.3353009 1.8406241 34.5
-2.9867902 -1.3160958 1.8862181 59.5
-3.013495 -1.2654064 1.8614637 42
-2.9906774 -1.243324 1.890263 23.5
-3.0161242 -1.061222 1.8410397 33
-3.0042031 -0.99678558 1.8758786 70
-2.999301 -0.95483243 1.8995014 45
-3.4869664 -0.80712038 1.865713 7
-3.4072592 -0.79004902 1.8995502 1
2.6586397 -0.24107125 1.8962557 90
2.6573355 -0.14154914 1.8889232 91
2.6502512 -0.042027421 1.8746185 90
2.6510966 0.054495543 1.8686564 86
2.6483185 0.15201861 1.8578069 90
2.6455541 0.24854089 1.8476617 89.5
2.6449232 0.34506476 1.8381846 96
2.6396279 0.44208652 1.8248984 91
2.6357722 0.53810847 1.8129991 89
2.6334162 0.6031242 1.8038836 90
2.2786591 1.0646491 1.8628758 62.5
2.3529027 1.0676882 1.8060827 59
2.4820824 1.0740142 1.8551441 57
2.2527254 1.1491829 1.8300595 79
2.2491066 1.2501932 1.8223699 78
2.2439229 1.3429624 1.8182505 80
-2.6282184 1.4725624 1.8079455 31
-2.4517946 1.4899826 1.8648694 65
2.2437592 1.4704871 1.8238854 75
-4.5497999 1.5073929 1.8792621 34
-4.345922 1.5149542 1.890677 45
-3.2589743 1.5396665 1.8535225 61
-2.9066963 1.5493462 1.8844337 32
-2.8280182 1.5516254 1.8010589 32
-2.4353623 1.5672884 1.8590927 73.5
-2.3267038 1.5658711 1.8611314 41.5
-1.8406283 1.5797095 1.8265572 64
-1.4435738 1.5941066 1.8405584 99
-0.90252835 1.5992541 1.8619618 94
-0.71723241 1.5988214 1.8593123 43
-0.57156718 1.5979592 1.8258991 69
2.2378464 1.5425031 1.8142453 72
2.2686827 1.6362964 1.8359383 42.333332
2.2330897 1.7775278 1.8021291 71
2.6347411 2.3735747 1.8421749 53
2.5740066 2.4340534 1.8953328 79
2.5687904 2.5380535 1.8863415 77
2.6271899 2.5052478 1.8318092 48
2.567878 2.6510534 1.8815321 78
2.5648065 2.7670538 1.8746406 70
2.5616601 2.8814158 1.8835469 45.5
2.560317 3.0084283 1.8756208 20
2.5577133 3.1490543 1.8560926 8
2.572803 3.2856917 1.8638185 50
2.6201046 3.2073507 1.8769971 50
2.531759 4.0890627 1.8024288 32
2.5879776 4.5158925 1.8150932 42
2.5840092 4.6874456 1.872198 42
2.2969775 5.0056753 1.8559294 111
2.3011308 5.0065322 1.8416682 117
2.1508234 5.7599406 1.8180478 39
2.4951727 11.929653 1.8826625 45
2.3091636 12.868474 1.8822324 29
1.1834804 13.769318 1.8304585 61
-3.4323988 -6.609148 1.9260478 109
-3.5318551 -6.5875106 1.9335711 107
-3.0463648 -6.5904059 1.9789343 120
-2.8322449 -6.5854287 1.9888635 118
-2.6472535 -6.5744343 1.9650066 121
-2.5587778 -6.5986347 1.9694294 129
-0.8298251 -6.5403318 1.9267354 63
-0.45625603 -6.5213766 1.9517338 85
-0.30316135 -6.5259051 1.9794972 72
-0.43308425 -6.4907122 1.9830663 83
1.7859403 -6.4548883 1.9982262 114
2.0325027 -6.4491568 1.9294542 133
2.2968793 -6.4696693 1.9247012 67
2.425019 -6.4106274 1.9759624 57
-0.8714264 -6.3367033 1.9531522 4
2.1407111 -6.092936 1.9587544 9
2.5892649 -6.0944309 1.9576908 108
-0.77530903 -5.5334015 1.9119763 22
-1.4009216 -5.4676371 1.9930652 21
-0.76042712 -5.2081938 1.9356369 17
2.1813877 -5.2210746 1.9822872 5
2.7654548 -5.1730604 1.942111 33
-0.76759034 -4.9778233 1.9263622 10
2.7620599 -4.9658184 1.9950086 39
-0.74549794 -4.8920908 1.9463314 4
2.1689758 -4.8390565 1.9389229 5
-1.7487698 -3.9537332 1.9337004 2
0.65169519 -3.791966 1.9323353 2
1.7849392 -3.7283335 1.9265689 12
2.0765882 -3.7595177 1.9835672 14
2.1269419 -3.7842994 1.9106467 12
2.7474797 -3.7981536 1.9408482 46
2.7419212 -3.6752334 1.9066902 55
2.7319207 -3.0611713 1.9489511 53.5
-2.9439318 -2.8176739 1.9016962 56
2.7248418 -2.8729639 1.9617854 58
-0.93573064 -2.704664 1.9689741 5
2.7239695 -2.7653165 1.9374542 54
-2.9434469 -2.69069 1.9018351 55
-2.9429605 -2.5667064 1.9019911 63
-2.9427345 -2.4487154 1.9035692 66
-2.943069 -2.3347292 1.904343 72
-2.9494479 -2.2297196 1.9104925 67
-2.9536769 -2.0197308 1.9157804 31
-0.84193796 -2.0694108 1.9991071 1
-2.9575729 -1.9207286 1.9202772 69
-0.82480109 -1.9614817 1.9848348 58
-2.9529407 -1.8187562 1.917744 46
-2.9535289 -1.7227631 1.9200083 43
-2.9541163 -1.6277701 1.9222794 43
-2.9569185 -1.5357769 1.9248656 42
-2.9726422 -1.4537357 1.9387225 139
2.7014005 -1.4601787 1.9977154 81
-2.9740531 -1.3647405 1.9415907 150
-3.0904698 -1.2156639 1.9822375 7
-2.9686351 -1.2513694 1.9187835 55
-2.9657555 -1.1435286 1.9267011 51.666668
-2.9754486 -1.0423415 1.9316857 73
-2.9741704 -0.93950659 1.9260297 59.666668
-2.9791985 -0.85679597 1.9363285 58
2.6757009 -0.80406618 1.9463687 78
2.6762633 -0.73105079 1.9428774 80
2.6667519 -0.65703821 1.9296628 88
-0.93165356 -0.51723683 1.9968897 21
2.6708374 -0.55151451 1.9275453 83
-0.92329144 -0.44422203 1.9986843 80.5
2.669167 -0.44599244 1.9198697 91
-0.91085881 -0.32420814 1.9995581 81
2.6617563 -0.34253326 1.9066856 84
2.6168451 0.93201417 1.9963192 95
2.4394188 1.0671797 1.9615848 59.5
2.6123295 1.0370123 1.9873126 105
-2.607058 1.4995415 1.9911526 150
-2.5834823 1.4900308 1.9673238 132
-3.4368644 1.537077 1.9460449 58.5
-2.9769549 1.5390865 1.9635168 40
-2.855957 1.5474602 1.9765717 68
-2.7966402 1.5328292 1.9725345 61
-2.3862607 1.5607388 1.9447297 44
-1.9132437 1.5762038 1.9567297 61.5
-1.8504368 1.5739433 1.9003884 62
-1.4552674 1.5883187 1.9608533 74.5
-1.3979772 1.5892533 1.9094411 75
-0.91986877 1.5916576 1.9418892 80
-0.72189081 1.53071 1.9110883 14
-1.0753251 1.6069833 1.9205194 88
-0.58197576 1.6034694 1.9193449 94
2.2812603 1.6216892 1.9542354 15
2.5782614 2.3328581 1.9280896 99
2.6320162 2.3835158 1.9330564 52
2.5734646 2.4336858 1.9414886 74
2.5696027 2.5347102 1.9297115 75
2.6284485 2.5353017 1.9410279 50.5
2.5671916 2.6447306 1.9207555 76
2.5640349 2.7567544 1.9096936 52
2.6168909 3.2272131 1.9594207 49
2.5499332 3.3118734 1.9873266 50
2.5820262 4.5706196 1.9316875 42
2.3965924 5.0069928 1.9529254 109
2.1203671 5.8096037 1.9540869 22
2.3941734 8.3444118 1.947554 10
2.3820393 8.9964161 1.9378998 8
2.3510368 9.6424532 1.9073622 12
2.3503275 10.730416 1.9646498 9
2.3400462 11.679446 1.9079854 4
2.2975199 11.724403 1.9820087 11
2.5590818 11.952473 1.9439098 8
-4.0469213 -6.6219888 2.0055411 41
-3.5997653 -6.6272116 2.0481367 114
-4.1566954 -6.5907454 2.0276489 82
-3.5624306 -6.5769634 2.0824115 103
-3.2041731 -6.5959044 2.0900342 122
-2.7946684 -6.5767088 2.0753708 120
-2.4009969 -6.5772972 2.0266368 123
-1.5921243 -6.5483904 2.0448961 111
-1.4966155 -6.565474 2.0144024 135
-2.5142765 -6.4231272 2.0773306 96
-0.8377431 -6.4702353 2.0619833 19
1.1327648 -6.4805832 2.0838416 123
1.2996904 -6.4927526 2.0756142 122
1.4925799 -6.4500651 2.095 81
1.549577 -6.4711361 2.0446367 19
2.1576011 -6.4451385 2.0532386 128
-0.44775018 -6.3582363 2.0804932 55.5
-0.30799431 -6.3671174 2.0893543 69
2.7209129 -6.1004 2.0848255 111
2.1830039 -5.6130924 2.0138032 5
-0.44225854 -5.3968601 2.0327606 16
-0.31850523 -5.3793592 2.0504355 1
-0.43675092 -5.0269661 2.0453522 3.5
-0.32317552 -5.0093946 2.0434356 0
-1.1831931 -4.2367616 2.0800402 4
-0.43071017 -4.2526674 2.0835209 1.5
-0.33194095 -4.2151556 2.0722363 1
-1.7236893 -3.9389491 2.0418384 1
-1.1468664 -3.9797001 2.0345621 16.5
-0.43420792 -3.9957962 2.0883794 1
-0.334014 -3.9771512 2.0713911 3
0.75700086 -3.9950743 2.0260632 18
-1.7433221 -3.8983109 2.0171125 13
2.7433288 -3.842308 2.0536273 46
-0.43378347 -3.7927432 2.0938883 1
-0.33512539 -3.7840519 2.0839822 5
1.9277968 -3.7836993 2.0060959 17
2.7432721 -3.7186513 2.0196316 54
-0.33691531 -3.6009812 2.092577 5
-2.4693763 -3.3170364 2.081888 0
-0.64985925 -3.3535357 2.0730922 1
-0.43149692 -3.3987741 2.0870535 9
-0.33787459 -3.390075 2.0779655 9
2.756012 -3.2672157 2.0927224 10
2.745048 -3.1067162 2.0903196 46.5
-0.33977658 -3.0959024 2.0998092 2
2.7505255 -2.9541872 2.0825045 58
-0.039563172 -2.8746998 2.0543826 1
2.7353611 -2.849561 2.0613534 59.5
2.7248673 -2.7823036 2.0206428 60
2.7421939 -2.6701596 2.0694754 72
2.731914 -2.5291471 2.0570533 62
2.7281668 -2.4033093 2.0508294 69
-0.91541487 -2.2521758 2.0089567 4
2.7243834 -2.282295 2.0446482 67
-0.90232712 -2.1511936 2.0072145 21
2.7191648 -2.1642811 2.0370734 68
-0.88999301 -2.0512352 2.0024107 55
2.7168317 -2.0532668 2.0322688 60
-0.86211729 -1.9337889 2.0274899 38
2.7173576 -1.9482509 2.0288215 65
-0.064139925 -1.8082067 2.0866795 21
2.714314 -1.8452368 2.0233123 65
-0.10228419 -1.7315446 2.0918281 21
-0.066883571 -1.7202235 2.0847743 19
2.7091134 -1.7432232 2.015717 62
-2.8547847 -1.691237 2.0793073 5
-0.10508566 -1.6495287 2.0905516 22
-0.070042573 -1.6372336 2.0838158 21
2.7074904 -1.6462077 2.010175 72
-2.8772686 -1.5157695 2.0959418 13
-0.10781976 -1.5715121 2.0915105 23
-0.075617872 -1.5631863 2.090616 21
2.7051775 -1.5531937 2.0053473 69
0.58099723 -1.4180828 2.0799308 76
-3.1419287 -1.1469426 2.0851629 6
-3.096674 -1.1528028 2.0925338 10
-0.37888917 -1.0429741 2.0827007 3
0.58181614 -1.0303093 2.0581088 150
-3.2107084 -0.93952787 2.0986464 5
-3.016963 -0.95879966 2.0895302 1
-0.39082479 -0.79140359 2.098428 34
-0.38575673 -0.63339776 2.0966055 10
-0.38272405 -0.55739439 2.0957568 9
-0.3786138 -0.45789629 2.0938079 5.5
-0.91600472 -0.37220263 2.0014019 88
-0.9052102 -0.25469092 2.0036678 84
2.6559322 -0.22296833 2.0970516 88
-0.89776397 -0.16068041 2.0042799 81
2.6557832 -0.15396926 2.0928767 86
-0.8935954 -0.067620844 2.0146694 82
-0.34731176 -0.074199513 2.0985684 10
2.6440601 -0.050970983 2.07549 93.5
-0.996355 0.026971178 2.0294578 1
-0.88734007 0.04856956 2.0175819 73.666664
2.6438391 0.049027771 2.069226 94
-0.88442892 0.16694784 2.0247335 53.5
2.6418211 0.14952655 2.0612254 90
-0.88069504 0.26143885 2.021538 45
2.6398029 0.25002539 2.0532258 87
-0.87934792 0.35895407 2.0231543 38
-0.33624232 0.37359017 2.0837097 19
-0.26965225 0.37086686 2.0888741 18.5
2.6370881 0.35202295 2.0459476 92.5
-0.99676853 0.44079867 2.0289931 2
-0.87961394 0.4579761 2.0261402 35.5
-0.3177546 0.4397839 2.0824423 16.5
-0.26916128 0.44702911 2.0839009 17.6
-0.063736238 0.45422739 2.0773749 15
0.17076673 0.4451558 2.0912452 13.5
1.4602839 0.43721491 2.0785239 2
2.6307578 0.4520219 2.0337777 92
-0.88107353 0.56101024 2.0315189 39
-0.31431836 0.5391466 2.0810432 16
-0.26575869 0.54316157 2.0838988 15.5
-0.058887377 0.5297516 2.0796013 15.75
0.17796776 0.53769541 2.0887156 13.5
2.6316361 0.55401969 2.0299778 95.5
-0.88166875 0.6629889 2.0259364 67.5
-0.31235281 0.63783646 2.0837963 17.666666
-0.26428303 0.64943641 2.0830173 16.428572
-0.052185543 0.63177574 2.0806537 14.75
0.18586251 0.63123453 2.0870605 12
2.6288984 0.65501881 2.0212877 96
-0.90114754 0.76730788 2.0880692 14
-0.72790581 0.79162395 2.085988 17
-0.60405564 0.79932386 2.0875778 16
-0.30945796 0.78874546 2.0966563 20
-0.26096621 0.75318992 2.084645 15.75
-0.043652058 0.73528683 2.0795097 14.25
0.19400433 0.72853625 2.0870798 12
2.6243966 0.75851595 2.0129838 102.5
-3.091507 0.80562752 2.0987694 10
-0.90363383 0.85280991 2.0874369 14
-0.73016441 0.84862989 2.0883994 16
-0.60336679 0.8573494 2.0913243 17
-0.30571103 0.84577328 2.099519 17
-0.25850186 0.8588497 2.0820737 15.714286
-0.047007546 0.8338601 2.0799646 14.666667
0.00091456476 0.86769515 2.0846992 13
0.20353279 0.82933617 2.0888348 11.5
2.6166558 0.85770535 2.0518751 106
-0.90854222 0.94339061 2.0935702 15
-0.7319355 0.93362933 2.0906482 16
-0.60228032 0.94384933 2.0899286 15.5
-0.27354717 0.94902563 2.0764875 15
-0.05998385 0.95249534 2.0736334 16
0.011330931 0.94916868 2.0817249 14
0.21199593 0.90237403 2.0824165 9
2.6066835 0.95942688 2.0852289 101
-0.9129042 1.0348842 2.0912528 14.5
-0.73521525 1.0536201 2.0925219 16
-0.60150909 1.0353711 2.0924931 16
-0.28438458 1.0013275 2.0709074 15
-0.056913622 1.0410314 2.0822077 9
0.01873224 1.0407611 2.0948915 9
2.3843987 1.0662413 2.0002995 55
2.6049545 1.0684546 2.0748456 96
-0.91988903 1.1324171 2.0967224 17
-0.73749799 1.143575 2.088676 16
-0.6020537 1.1014125 2.0991063 14
-0.74483883 1.4937426 2.0514474 16
-0.17069487 1.4764769 2.0980291 16.5
-4.9000044 1.5014914 2.0370185 29
-4.6553845 1.5086257 2.0381646 40
-3.6229622 1.5292825 2.0408576 53
-3.0380368 1.5467616 2.0655417 56
-2.912806 1.5432608 2.079551 45.5
-2.4589162 1.5615819 2.0402331 46.5
-1.9637159 1.5715973 2.0462012 56.5
-1.5142665 1.5906444 2.0122159 88
-1.4699461 1.5782579 2.0888362 72
-1.123825 1.5967628 2.0942459 81
-0.94145781 1.5921406 2.0374901 72
-0.59290802 1.599946 2.0067801 84
-1.1007133 1.6052746 2.0088191 80
-0.45576489 1.6140525 2.0473831 84
2.2807565 1.6164328 2.0681865 3.5
2.6299729 2.3964379 2.0579176 50
2.6243289 2.5593548 2.0500231 48
2.6155446 3.250073 2.0449317 48
2.5290964 4.1642151 2.0927162 18
0.81599969 4.2893801 2.0625267 64
2.5161633 4.3408637 2.0782356 40.5
2.5097849 4.5463705 2.0713582 53.5
2.5802855 4.635335 2.055799 40
2.5041251 4.771873 2.0666347 55.5
2.5890911 4.8013153 2.0145199 42
2.4952126 5.0038805 2.0580878 97.5
1.1286618 5.7957668 2.0902259 23
0.55525917 7.465868 2.0970495 19
2.3952298 8.4734488 2.0162256 11
0.70403016 8.8360348 2.0857005 17
2.3788273 9.1374369 2.0121868 15
0.80015045 9.7301378 2.0800359 15
2.3566139 9.8774271 2.0041554 12
0.91712391 10.806261 2.0739911 13
1.0515443 11.870347 2.0209079 14
1.2438577 13.779576 2.0470192 60
-4.219101 -6.6108236 2.115005 26
-3.7176032 -6.5415092 2.1391025 67
-2.9575257 -6.5677977 2.140193 107.5
-4.0956435 -6.4386969 2.1434083 97
-3.512624 -6.4025626 2.1801624 103
-3.3168919 -6.4915624 2.1673446 85
-3.0713704 -6.4410439 2.169482 78
1.6652517 -6.4402103 2.1580503 119
1.9045694 -6.4289956 2.1172531 121
2.2754271 -6.4011197 2.1672738 38
-2.3700204 -6.3947005 2.1233256 113
-1.5718732 -6.396791 2.1560416 109
-1.4836941 -6.3806601 2.1115215 106
1.0581484 -6.3350143 2.1912653 43
1.2188904 -6.3041129 2.1693327 42
2.2488573 -6.1722565 2.1941216 42
0.96984893 -5.8930979 2.1885958 40
1.1187311 -5.8661118 2.168947 43
2.0873039 -5.7582688 2.1913986 39
2.8405426 -5.7173524 2.1970098 30
-1.4298801 -5.571692 2.1698973 24
-1.3724518 -5.5674753 2.1282446 26
0.89077002 -5.4821572 2.1780164 52
1.0305772 -5.473125 2.1666591 52
1.9446329 -5.3912215 2.1889074 47
2.8264341 -5.3683391 2.1813467 39
1.7397451 -5.2569842 2.1998219 51
2.7639201 -5.2803917 2.1011839 32
-1.3105993 -5.1456432 2.1028826 6
0.82247227 -5.1482296 2.1822259 60
0.95458537 -5.1311207 2.1669796 58
1.8193278 -5.0642323 2.1867864 56
2.76349 -5.0589514 2.1489668 39
2.8195655 -5.0603247 2.1725864 43
1.6292336 -4.9461107 2.1976299 57
0.76163328 -4.8372822 2.17993 61
0.88448966 -4.7961884 2.1568501 54
2.8076813 -4.7703118 2.1589427 50
1.6873004 -4.6814861 2.1460676 19
2.798701 -4.5042977 2.1480508 31
1.5056075 -4.2054238 2.1557333 42
2.795512 -4.2702832 2.1426823 16
1.3556862 -4.1493907 2.1780317 55
2.1472189 -4.1862264 2.1898651 46
2.2491925 -4.153718 2.191644 58
0.72041452 -4.0361872 2.1569479 14
1.4347237 -4.0253029 2.1749945 59
1.2862018 -3.9494843 2.1825571 65
2.1437397 -3.9587007 2.1951807 59
-1.7369215 -3.8736668 2.115205 12
1.3589166 -3.810343 2.1687038 63
1.9523072 -3.8094637 2.1956987 62
2.7447381 -3.8934665 2.1734087 56
1.2196236 -3.7495542 2.1785064 70
2.0373144 -3.7517667 2.1839182 59
2.739578 -3.7520871 2.1291218 56
-0.43283856 -3.612643 2.105633 1
1.2942626 -3.6343086 2.1743472 62
1.8657756 -3.6375661 2.1965089 67
1.1603162 -3.5696235 2.1777976 68
1.9456052 -3.5757694 2.1839428 64
1.1068856 -3.4046896 2.1786888 71
1.2319425 -3.4523368 2.1700265 60
1.7831782 -3.4696565 2.1936293 62
1.8628345 -3.4147735 2.1837342 60
-1.58592 -3.3007784 2.116806 128
-0.51497585 -3.3004448 2.1737213 5
1.7086893 -3.3147409 2.192302 73
2.4767733 -3.3967347 2.1997836 54
-3.0476677 -3.2761137 2.1696675 6.5
-1.5971725 -3.2810619 2.1905804 5
-0.431027 -3.2556272 2.1050613 1
-0.33870286 -3.2559097 2.1000247 5
1.0546069 -3.2387369 2.172394 74
1.174922 -3.2813771 2.1637988 63
1.7848684 -3.2567961 2.1802402 64
2.3749709 -3.2437732 2.1932385 56
-3.0478423 -3.129621 2.1692309 2
-1.5465198 -3.1517282 2.1251826 11
1.1229441 -3.1273959 2.1610801 80
1.6404955 -3.1718202 2.1916814 79
1.7122816 -3.1098173 2.1770647 68
2.2864025 -3.110774 2.1939301 60
2.7291291 -3.116276 2.1793828 65
1.0086884 -3.0887835 2.1690271 73
1.5729705 -3.0258813 2.1825497 81
0.96652752 -2.9498305 2.1673696 84
1.0754356 -2.9804153 2.1582482 76
1.6469731 -2.9778192 2.1772954 70
2.0961087 -2.9271934 2.1997108 72
2.2017279 -2.979794 2.1909132 62
2.7228065 -2.9049332 2.1340892 59
0.92758644 -2.8298898 2.1726956 68
1.0335431 -2.8533907 2.162504 76
1.5493572 -2.8699083 2.1759467 72
2.0238485 -2.809267 2.1959417 71
2.1228478 -2.8548172 2.1872723 67
2.7247009 -2.8032844 2.1474781 65.5
0.89154553 -2.7049251 2.169457 72
0.99388522 -2.7323666 2.166719 68
1.4616992 -2.7810128 2.1819139 80
1.5283456 -2.7237704 2.1712508 71
2.0488522 -2.7358453 2.1825929 68
0.95671904 -2.6123767 2.1654828 60
1.4461087 -2.6454048 2.1808085 73.5
1.9663472 -2.6580968 2.1842873 71
0.85835534 -2.5929704 2.1719294 62
1.3648353 -2.5641332 2.1835306 69
1.4305775 -2.5097444 2.1770835 66
1.8671496 -2.5479376 2.1943476 72.5
1.9208791 -2.5268533 2.182512 62
2.2624466 -2.5067067 2.1991708 73
-3.4444523 -2.4298935 2.1799827 10
-0.47141981 -2.4622831 2.1855326 0
0.82637578 -2.4800026 2.1694515 38
0.92087805 -2.4973898 2.1637845 33
1.3537769 -2.4344704 2.179683 55.5
1.7844038 -2.403528 2.1929004 63
1.8640919 -2.4298515 2.1835952 67
0.79809278 -2.3790398 2.1708746 1
0.88974333 -2.3953617 2.1687138 1
1.2804375 -2.3642335 2.1821046 47
1.3433293 -2.3097532 2.176806 33
1.7337372 -2.3145847 2.1925545 54
1.8118542 -2.3408387 2.1867945 59
-0.47836244 -2.2331738 2.1972556 6
1.2437745 -2.2762897 2.1872625 27
1.3054111 -2.2197394 2.1798775 19
1.6885123 -2.2316391 2.1947415 45
1.7607808 -2.2488513 2.185014 50
1.2382896 -2.1590366 2.1831837 2.5
1.6431676 -2.1466877 2.1924615 31
1.7138424 -2.1648483 2.1862597 35
-0.55852264 -2.0540419 2.1417389 6
1.6342703 -2.0534668 2.1908762 17.333334
-0.3603572 -1.9442534 2.1457837 3.5
-0.6027196 -1.8414247 2.1248403 2
-0.54483485 -1.8650833 2.1326559 5
-0.35236469 -1.8333999 2.1377509 10.333333
-0.10410889 -1.8265623 2.1030807 21
0.65965545 -1.8331729 2.1574302 15
0.73776048 -1.8324444 2.1584451 22
-0.35774735 -1.7357087 2.1495805 7.5
0.64118946 -1.7561933 2.1567509 54
0.71740353 -1.7484887 2.1519222 53
1.0332057 -1.7085209 2.169735 2
-2.9840872 -1.6269045 2.1356051 0
-2.8495624 -1.6432739 2.1109056 26
-1.6626122 -1.6047106 2.1248021 8
-0.3554472 -1.6423266 2.1325717 5.5
0.66896105 -1.6545101 2.1587102 85.666664
1.0501125 -1.6456766 2.1704516 20
-2.825906 -1.5592998 2.1436381 23.5
-2.3248098 -1.5646585 2.1765652 7
-2.2301521 -1.5781956 2.1856372 6
-1.7478671 -1.5817356 2.1811161 6
-1.6578548 -1.5522566 2.1493826 90
-0.7952047 -1.568324 2.1927118 4
-0.41255641 -1.5612688 2.1829119 12.5
-0.35953641 -1.5372782 2.123925 8
-0.12506036 -1.5594764 2.1824999 14.5
0.59389579 -1.503131 2.1066844 66
0.63790363 -1.5624276 2.1463583 102
0.97905064 -1.54474 2.1724529 66.5
1.0543406 -1.5438585 2.1648142 52
1.3686872 -1.5134537 2.1785171 12
-1.6391345 -1.4577227 2.1641426 19
-0.56541854 -1.4561909 2.1835063 11
-0.34553096 -1.4506817 2.1420023 12.333333
0.65205127 -1.4626604 2.1598887 95
0.94929504 -1.4477725 2.168735 93
1.0240321 -1.4478467 2.1680303 84
1.2966621 -1.4030641 2.1819551 52
1.342834 -1.4509795 2.1758385 27.5
1.6101362 -1.4412748 2.1834104 3
1.7281055 -1.4214338 2.1911545 1.5
-1.6209732 -1.306702 2.1068904 5
-0.54729784 -1.3559076 2.1704874 13.5
-0.34906828 -1.3374696 2.1074324 20
0.63156152 -1.3606904 2.1559525 93
0.94495934 -1.3485016 2.1710494 92.333336
1.0063055 -1.3878239 2.1727939 95
1.274604 -1.346089 2.179476 67
1.3329105 -1.357419 2.1738269 47
1.5737119 -1.3643136 2.1879859 20
1.6775669 -1.3339372 2.1918542 17.666666
1.721911 -1.3628644 2.1905982 7
-2.9904025 -1.2163956 2.1386151 2
-2.7137392 -1.2356029 2.1176555 3
-2.6231134 -1.2371168 2.1108923 8
-2.120415 -1.2234964 2.1102693 6
-2.0632181 -1.2151995 2.1422172 8
-1.6256464 -1.263698 2.1486378 6
-1.589542 -1.2372059 2.1800246 5
-1.0964015 -1.2292985 2.1941371 14
-0.53003186 -1.2669362 2.1672614 12.333333
-0.33049187 -1.2337568 2.1083775 14
0.61346465 -1.263693 2.1564379 100
0.89244878 -1.2448554 2.169749 101
0.96226203 -1.2333659 2.167217 94.5
1.2675395 -1.254288 2.1759953 81
1.5272919 -1.2603605 2.1879163 52.5
1.6404239 -1.2379063 2.1905937 40.75
2.6914592 -1.2138505 2.1946349 91
-2.9816527 -1.1204484 2.1395302 10
-2.6520107 -1.1565261 2.1000838 7
-2.5816147 -1.1251179 2.1286492 7
-2.0601871 -1.1033326 2.1479847 4.5
-1.6083837 -1.1996769 2.156148 7
-1.5767703 -1.1236683 2.1388361 7
-0.74106091 -1.1610068 2.1531639 52
-0.57089841 -1.1491352 2.1579068 9
-0.32817164 -1.137779 2.1038666 11
0.59183246 -1.1179631 2.1137874 77
0.60125417 -1.1848761 2.1272938 90
0.8640008 -1.1338879 2.1655803 93.5
0.94081247 -1.1468681 2.1679358 94
1.2316638 -1.1483092 2.17522 89.25
1.4864647 -1.1619029 2.1876965 80
1.5780236 -1.1409154 2.1912107 66.5
1.6177349 -1.1384306 2.1889024 65
-3.063458 -1.0363458 2.1090596 3
-2.9790316 -1.0319501 2.1400681 5
-2.5701084 -1.024781 2.1300898 6
-2.0474207 -1.0324346 2.1237438 5
-1.9988562 -1.0342059 2.1384432 5
-1.5484257 -1.0524876 2.1566143 10.5
-1.044696 -1.0115147 2.1479635 16
-0.81452334 -1.0524971 2.1608162 10.5
-0.72382206 -1.0055096 2.1501746 55
-0.64457268 -1.0548171 2.1930747 10.333333
-0.57051277 -1.0979705 2.1775877 5
-0.36711296 -1.0460898 2.1243415 4.8333335
0.83915305 -1.0284175 2.161978 86.5
0.91937983 -1.0579386 2.1565583 83.5
1.1763244 -1.0607127 2.1732552 99
1.2200952 -1.0289736 2.1663179 93
1.4482079 -1.0649409 2.1831584 93
1.5603807 -1.0454369 2.1899426 83
-2.9750054 -0.9395805 2.1292 4.3333335
-2.5497065 -0.91539842 2.1333795 3
-2.493829 -0.94806015 2.1213946 5
-2.0084288 -0.91240072 2.1362243 3
-1.9705812 -0.92521083 2.1467335 10
-1.5144392 -0.92999291 2.1456642 4.5
-1.1361827 -0.99509144 2.180527 15
-0.80124813 -0.90605509 2.1562283 12
-0.60706264 -0.94293523 2.1957169 12
-0.56163073 -0.94455373 2.1655197 77.5
-0.48634714 -0.94594324 2.1603026 13
-0.36921144 -0.94673568 2.1375365 21.333334
-0.14274314 -0.94487065 2.1985574 9.5
0.15288475 -0.95075262 2.1947634 29
0.84207922 -0.92633575 2.1579053 84.333336
0.90148991 -0.97794396 2.1567407 86
1.1687381 -0.94437772 2.162895 86.75
1.3948615 -0.90745664 2.1804194 103
1.4427509 -0.95727366 2.1809895 89.333336
1.5356642 -0.96128923 2.1868112 95.666664
-1.0282137 -0.89547193 2.1546962 5
-0.71394598 -0.89442205 2.1643977 7
-0.63376057 -0.83628148 2.1815183 4.5
-0.59879386 -0.87494159 2.1893082 4
-0.37719616 -0.84967685 2.1307273 17.333334
-0.14065146 -0.85004318 2.1898756 7.5
0.20790088 -0.84998798 2.1858568 10
0.79451394 -0.80496746 2.1522095 90
0.85191441 -0.84972811 2.1542673 82.333336
1.1358763 -0.84098279 2.1605582 84.599998
1.3719518 -0.83897769 2.1714356 92.5
1.4845363 -0.84227282 2.1846406 99.333336
1.5168076 -0.86799216 2.1848741 94
-0.40220612 -0.72788131 2.1761954 7
-0.36967939 -0.74882942 2.1246257 15.6
0.78327197 -0.73699069 2.1537662 90.5
0.85919517 -0.74813032 2.1510365 87.5
1.092345 -0.7397958 2.1660571 89.5
1.1458915 -0.73803997 2.1562791 90
1.34899 -0.75550359 2.1696167 84.5
1.4562516 -0.74534887 2.1723495 88.199997
2.6709561 -0.7298556 2.1423278 86
-0.36989942 -0.66444093 2.1204731 20.666666
0.77003467 -0.64752257 2.1572113 93.5
0.84605742 -0.65262753 2.15276 92.5
1.064864 -0.64073652 2.1186092 86.5
1.1187699 -0.63674426 2.1175699 41
1.3372751 -0.63887358 2.1407058 63.75
1.4382361 -0.64174879 2.1556776 64.25
2.6714971 -0.65485579 2.1374309 89
-0.33602631 -0.5744496 2.1273627 20.5
0.75921869 -0.56104815 2.1590214 90
0.83499479 -0.55865002 2.1499436 100.5
1.0576872 -0.55264813 2.1593993 92
1.1153567 -0.56056327 2.1535447 93
1.2983959 -0.50157046 2.1710606 84
1.3350917 -0.54066664 2.1666687 88.666664
1.4185905 -0.5552119 2.1707745 86.5
2.6655176 -0.54385853 2.1256013 89.5
-0.34415761 -0.47655627 2.1308033 3.3333333
0.74758416 -0.45371047 2.1563032 93.333336
0.82612497 -0.4461346 2.1542554 93
1.0449488 -0.45434624 2.1621008 93
1.1047052 -0.45568785 2.158396 91.333336
1.2882719 -0.44408065 2.1630766 90.5
1.3871667 -0.44987974 2.1701229 80.5
1.4206294 -0.45203599 2.1741278 79.666664
2.6609526 -0.43385985 2.1137483 88
-5.3512778 -0.33289334 2.1982656 36
-0.3467924 -0.35690954 2.1198967 18.428572
0.73995674 -0.35056943 2.1599979 86.5
0.82029867 -0.33465621 2.1519017 87
1.059795 -0.35522556 2.1603627 86.199997
1.280216 -0.35359812 2.1671307 87
1.3783894 -0.35486868 2.1675127 84.666664
1.4096118 -0.34303853 2.1730669 79.333336
2.6636782 -0.36386088 2.1123488 90
-0.34265652 -0.23367853 2.1219704 27.666666
-0.29868671 -0.29214478 2.1262097 46
0.73458147 -0.24806577 2.1596282 90
0.81845355 -0.24813682 2.1566319 86
1.0603867 -0.24737294 2.1582062 88.833336
1.2738023 -0.24628031 2.1664526 87.666664
1.3725451 -0.24424589 2.164381 84
1.4045358 -0.23670419 2.1711013 81
2.6563392 -0.29186293 2.101218 84
-0.31332922 -0.13133079 2.1141829 80.5
-0.29037562 -0.14897381 2.1468885 4
0.73188508 -0.1480737 2.1617789 98.5
0.8191784 -0.16213529 2.1581411 85.5
1.0592887 -0.15097246 2.1576276 89.75
1.2726262 -0.14195818 2.1663809 90.666664
1.3749357 -0.15389758 2.1666136 82
1.4037948 -0.14947531 2.1689935 83.5
-0.30722919 -0.036286052 2.1190503 96
-0.28902018 -0.099278539 2.104496 152
0.7322132 -0.048402313 2.1598246 89
0.82339191 -0.055816222 2.1571014 86.333336
1.0545436 -0.064669035 2.1579263 90.800003
1.1007614 -0.013048665 2.1572874 88
1.2763145 -0.038600661 2.1655877 90
1.3792992 -0.064882584 2.1646168 78.666664
1.4069191 -0.063970067 2.1636827 80
-3.8262162 0.072448216 2.1508603 6.5
-0.30178618 0.058271721 2.125874 99
0.73463732 0.04943762 2.1581099 90
0.83088267 0.048858702 2.1601315 88.5
1.0310221 0.047566235 2.1580851 90
1.1070356 0.044450603 2.15766 86.5
1.2851849 0.062412426 2.1653986 91.333336
1.3908507 0.039137594 2.1641371 81.666664
1.4162995 0.035706948 2.161484 82
2.6394792 0.086912237 2.190155 94
-0.33632988 0.10613189 2.1273441 1
-0.29506886 0.15430683 2.1292775 80
0.74015826 0.14760463 2.1607888 94.333336
0.84171772 0.15383887 2.1558828 85
1.0403517 0.15591599 2.1593344 93.333336
1.1203873 0.14162485 2.1599605 85.666664
1.2969794 0.14741355 2.1671362 86
1.3056756 0.1974155 2.168494 79
1.4216008 0.13994177 2.1653686 78.666664
2.6383674 0.15719661 2.1836586 92
-0.32726014 0.23610632 2.1244431 6.5
-0.29000962 0.22735237 2.1347086 9
0.74813575 0.24594146 2.1633294 87
0.85628629 0.25933871 2.156271 85.5
1.0519841 0.24612701 2.1628807 84
1.140554 0.2579374 2.1568465 83.666664
1.3181163 0.26508644 2.1684935 79.333336
1.444993 0.2416306 2.1678565 78.166664
2.6337566 0.26122844 2.1697841 90
-0.3151775 0.33850366 2.1115868 26
0.75763249 0.34430322 2.1555412 71.333336
0.870794 0.34382659 2.1552858 77.5
1.0659466 0.33662686 2.162791 80
1.1610421 0.35492074 2.1543434 77.5
1.3355989 0.36343327 2.1521199 38
1.4739593 0.35000387 2.1592028 70.85714
2.6334822 0.36625436 2.1614952 91
-0.10497161 0.41877177 2.1184199 10
-0.058099575 0.40901324 2.1259317 9
0.77043492 0.44348711 2.1544538 93.5
0.88786328 0.42933011 2.1571126 84
0.90121818 0.49281442 2.1551669 81
1.0851742 0.44530416 2.1569235 83
1.1875869 0.45286205 2.1557736 78
1.3632035 0.45044288 2.165298 77.5
1.4850776 0.42016643 2.1312628 4
1.5159616 0.47718978 2.1583824 32.5
2.6304023 0.43427637 2.1517708 93
-0.50101101 0.50613832 2.1851232 11
-0.4981277 0.56825596 2.1635087 25.333334
0.78652865 0.5459978 2.1582129 88
0.91779697 0.55831301 2.1557803 81.5
1.1117195 0.55730534 2.1629498 82.666664
1.2187428 0.55182993 2.1561518 78
1.3850467 0.51895547 2.165647 76
1.4017465 0.57046556 2.1652298 79
1.5474043 0.54790264 2.1672142 74.166664
2.6258025 0.53880656 2.1386018 90
-3.2069511 0.65923655 2.1753764 9
-2.9386644 0.68879557 2.1904645 8
-2.8966763 0.63665932 2.1874011 5
-2.7184608 0.6568774 2.1824241 4.5
-2.3169436 0.64231575 2.1924188 7.5
-1.8320113 0.62496036 2.1981776 6
-1.3875487 0.63736868 2.1984351 13
-1.0650669 0.69165897 2.1964989 9
-0.74901253 0.66793156 2.1985388 30
-0.49520016 0.64096624 2.1639416 34.599998
0.80499983 0.6485219 2.157366 88.5
0.94086784 0.64581037 2.1564884 84
1.1349853 0.64965308 2.1594915 86.5
1.2545215 0.65316939 2.1578548 76.333336
1.4286003 0.64081424 2.1690273 77.333336
1.5821091 0.63430417 2.168061 81
1.6084259 0.65420079 2.1744111 91.5
2.6240792 0.64333469 2.1282129 94
-3.2085016 0.7920745 2.1836672 6
-3.1588011 0.73600143 2.1441979 9
-2.9350467 0.77331108 2.1933923 4
-2.7428756 0.77284324 2.185004 4.5
-1.846496 0.79995769 2.1908784 6
-0.74330193 0.76665163 2.1641498 8
-0.61020613 0.75853717 2.1274431 9
-0.55131578 0.75005388 2.1574781 9
-0.4916409 0.74626976 2.1620312 35
-0.31284776 0.73578042 2.1018162 21
0.6338098 0.76714182 2.1423259 80
0.82635456 0.7533837 2.1556947 88.333336
0.96642882 0.73327786 2.1517386 80
1.164723 0.74799567 2.1642249 79
1.2885369 0.73585731 2.1623271 78
1.3049983 0.77684337 2.1597366 79
1.4686068 0.74547368 2.1640151 78.333336
1.6416858 0.7418173 2.1759822 88
2.5416009 0.71996325 2.1999159 108
2.6187727 0.74786383 2.1150546 96.5
-5.2265682 0.80848098 2.1846552 89
-0.53568566 0.86194408 2.1369262 14.5
-0.48593128 0.84334159 2.1535783 28.25
0.65853661 0.86971372 2.1502137 87
0.85146558 0.86307383 2.1581862 90
0.98896122 0.8027975 2.1561458 78
1.0129462 0.87279963 2.1573663 81.5
1.1896296 0.82567853 2.162792 79
1.2035273 0.86668223 2.1660676 81
1.33155 0.83833253 2.1577983 76.5
1.5210847 0.85776728 2.1737666 90.333336
1.6839823 0.8257091 2.1748278 88.666664
1.7196182 0.87334442 2.1799843 90
-5.2356362 0.94052535 2.1899374 98
-0.30080757 0.90278643 2.1004684 18
-0.2381708 0.95046866 2.1164744 40
0.6852079 0.97121221 2.1513348 90.5
0.87276256 0.95210284 2.1562586 89
1.0476847 0.96780229 2.1589613 80
1.2329967 0.94969791 2.1682527 87.333336
1.3760397 0.92939055 2.1693852 92
1.4101982 0.99591172 2.1736374 91
1.5673409 0.9519664 2.1765525 89.5
1.7648579 0.95038873 2.1773875 75.800003
2.5519075 0.93997806 2.1995375 109
-5.2391906 1.0725518 2.1926506 117
-0.20224068 1.0258306 2.1142089 18
-0.19633567 1.086845 2.1152325 16
0.70712709 1.0492038 2.1509778 89
0.89109099 1.0221168 2.159512 83
0.90449655 1.0701278 2.1615036 90
1.0859827 1.0658019 2.1599655 85.5
1.2760015 1.0582163 2.1760869 93.5
1.4451059 1.0634124 2.1738296 79
1.599885 1.0124871 2.1835577 80
1.6306243 1.0695117 2.1814387 78.5
1.7885699 1.0044968 2.1777699 67
1.8368866 1.0614398 2.1746321 56.599998
2.5419998 1.0763426 2.1595054 77
-4.9585609 1.1083744 2.1925421 42
-3.8220608 1.1651204 2.1977463 55
-3.2036221 1.1620575 2.1964755 68
-3.0563893 1.1944692 2.1946113 47
-2.8777947 1.186746 2.1966538 67.5
-0.18967304 1.1518822 2.1192968 16
0.56106287 1.1412146 2.1442811 73
0.73020327 1.1302018 2.1516809 87
0.92548108 1.142647 2.1637986 94
1.1291169 1.1683226 2.1648006 89.5
1.3104191 1.1441067 2.1749825 89
1.4816729 1.1298949 2.1703875 93
1.5085573 1.1759 2.1714253 84
1.6742958 1.1480471 2.1787677 62.5
1.8855563 1.1371759 2.1718786 42
1.9252343 1.1865132 2.1736574 24.5
-5.234498 1.2025387 2.1897216 102
-4.9534507 1.2313575 2.1877961 40
-3.8559566 1.2367482 2.1973 58.5
-3.1947021 1.2337191 2.1956027 70
-3.0846164 1.2644364 2.1952825 48
-2.9017639 1.2065352 2.1963847 75
-2.886642 1.2892839 2.193264 76.5
-0.74703866 1.2592704 2.1181669 15.5
-0.2051782 1.2686198 2.1655929 43.5
-0.17940061 1.2514119 2.1218886 16
0.58214134 1.257141 2.1583447 110
0.76464665 1.2432284 2.1573806 94.5
0.95609176 1.2441733 2.1679187 97.5
1.1753298 1.2718666 2.1654806 85
1.348995 1.2341383 2.1750097 84
1.5489709 1.2453889 2.1691725 68.5
1.7342105 1.248929 2.1767261 34.666668
1.9703554 1.2460434 2.1732175 11.5
-5.2353191 1.3375435 2.1893256 98
-4.9663291 1.3593206 2.1903727 41
-3.8536363 1.344744 2.1975667 58.5
-3.1647837 1.3313669 2.1965749 61.333332
-2.8792884 1.3797985 2.1954165 77.5
-0.75287724 1.367816 2.1269433 17
-0.18313804 1.3536801 2.1290064 16.5
0.60649747 1.3681924 2.1545794 103
0.79281497 1.3282171 2.1565371 102
0.81307721 1.3892338 2.1599233 83
0.98911679 1.3487061 2.1704168 89.5
1.2126426 1.3508537 2.163939 88
1.380411 1.3026664 2.1738484 78
1.4138768 1.3741944 2.1742043 55
1.5921142 1.3168842 2.1681542 58
1.6214874 1.3628621 2.1637328 40
1.7890574 1.3356382 2.1796563 14
-5.2334075 1.4715265 2.1858492 101
-4.9656587 1.486299 2.186213 56
-3.1759439 1.437844 2.1979339 59
-2.8722203 1.4723067 2.1971421 82.5
-0.75581378 1.4377915 2.1251979 17
-0.17573544 1.4251946 2.1300941 15.5
0.62637627 1.4582188 2.1580458 102
0.8336755 1.4492311 2.1601717 94
1.024682 1.4547541 2.1674838 90.5
1.2526449 1.4328418 2.1625094 71.5
1.4620494 1.472737 2.1737714 24.5
1.6560655 1.4148802 2.1671486 22
-3.8475533 1.5182726 2.1767118 65
-3.676337 1.534948 2.1111135 55
-3.17346 1.5428451 2.1780586 74
-3.035604 1.5392094 2.1442032 58
-2.9959786 1.5383532 2.1837745 56
-2.8393111 1.5511732 2.1782846 82.5
-2.5535543 1.554553 2.1568739 52
-2.0420685 1.5708481 2.1625836 65
-1.5363975 1.5861256 2.1540525 75.5
-1.1519972 1.5943209 2.1922646 87
-0.96443659 1.5936483 2.1379924 78
-0.60454953 1.5994718 2.1031706 89
0.64764917 1.5477614 2.1549861 98
0.86788535 1.5422198 2.1592903 87
1.0645568 1.5673013 2.1671367 70.5
1.2948818 1.5168293 2.1609893 47
1.3242581 1.571802 2.156507 27
1.498988 1.5477749 2.1702411 5
-0.46480042 1.6148597 2.146976 91
-0.33596683 1.602788 2.1081605 93
-0.24673823 1.6063018 2.1584713 150
0.29161495 1.6695371 2.1637654 19
0.67078573 1.6432995 2.1550214 105
0.9161219 1.668694 2.1563666 59
1.0955937 1.6513513 2.1609187 40
1.3580077 1.6358279 2.1616642 3
0.687141 1.7053355 2.1506917 95
0.70408863 1.7743595 2.1521764 81
0.95456332 1.7641407 2.1486089 20
1.1188872 1.7143685 2.1653695 20
2.0956662 1.7688891 2.1888373 1
0.72230661 1.8433909 2.1509438 55
2.1611271 1.8524725 2.1929264 10.5
0.55902809 1.9554759 2.1529186 5
0.75149727 1.9529334 2.1521883 14.5
1.7292882 1.9629601 2.1872506 0
2.0606828 1.9564831 2.1796207 6
2.2458529 1.9590489 2.1874013 28
1.7719055 2.0349879 2.1951985 6
1.8069384 2.093035 2.1863246 19
2.1413105 2.053998 2.1818223 19
2.3196032 2.0481119 2.1888652 40
1.6629324 2.1508684 2.1721296 10.5
1.8479964 2.1600752 2.1858065 29
2.1995583 2.1220112 2.1838589 30
2.2530158 2.1839797 2.1771483 35
2.3673232 2.1061556 2.1858528 44
2.4246361 2.1732028 2.1906447 52
1.3365238 2.2436097 2.1709189 8
1.737443 2.2668648 2.1719694 29
1.8898441 2.2261226 2.1812408 40
2.3147421 2.2529788 2.1763701 44
2.4814074 2.240252 2.1918726 64
1.196897 2.3343482 2.1754475 6
1.3926044 2.3696661 2.174876 28
1.7897397 2.3458529 2.170119 43
1.9645476 2.3441863 2.186636 54
2.3796132 2.32498 2.1759114 57
2.4467189 2.3989809 2.1753619 59
2.5597537 2.3280122 2.1644802 86.333336
2.6006894 2.3753579 2.191494 69
0.8813225 2.4096258 2.1528296 0
1.2566566 2.4562664 2.1629694 38.5
1.4300156 2.4537144 2.1727414 49
1.845181 2.4268427 2.1685932 52
2.0395002 2.4602633 2.1844172 57
2.5540247 2.4599135 2.1592712 84
2.6305695 2.4054072 2.1558332 63
0.73473454 2.554033 2.1649356 15.5
0.91037345 2.510659 2.1567433 12
1.3257511 2.5992503 2.1612201 61
1.4715264 2.5427606 2.1736424 60
1.9353336 2.5578361 2.1677933 66
2.0958426 2.5453222 2.1866486 64
2.5752385 2.5582466 2.1537015 80
2.6263187 2.5797606 2.1299522 62
0.78431267 2.6994641 2.1552961 60
0.94069827 2.6086996 2.157932 30
1.5138227 2.6348171 2.1705034 66
2.0345042 2.6988399 2.1688542 65
2.1511438 2.6273811 2.1839938 65
2.563709 2.6748824 2.138413 89
0.97175175 2.7067549 2.152838 49
1.3754793 2.7012544 2.1624191 67
1.5602183 2.7318716 2.1703997 69
2.1047575 2.7958369 2.1685028 63
2.2155478 2.7224386 2.1878324 63
2.5656588 2.7906437 2.1288655 87
0.82006013 2.8094478 2.1533132 77
1.0070698 2.8207941 2.1575062 65
1.4254645 2.8002255 2.1582582 74
1.6093235 2.8359261 2.1715829 69
2.2807992 2.8175004 2.1898596 60
2.5650001 2.809119 2.1491358 87
0.5183785 2.9248481 2.1325209 54
0.85944629 2.9264421 2.152946 78
1.0426373 2.9318502 2.154556 72
1.4842106 2.9162409 2.1612906 70
1.6615075 2.9429886 2.1709027 67
2.1804695 2.9008474 2.1705978 62
2.3555768 2.9265633 2.1974754 61
2.5615401 2.9223886 2.1329536 67.5
0.54324913 3.0498915 2.1310616 72
0.90148258 3.0494301 2.1515508 76
1.0808563 3.0489113 2.1506529 65
1.5456859 3.0382638 2.1655326 72
1.720557 3.0640442 2.176785 64
2.2658606 3.0189276 2.1780608 57
2.5581255 3.051893 2.1286821 50
0.5691281 3.1929305 2.1345134 74
0.94624782 3.1804261 2.1513495 72
1.1223838 3.1768792 2.1517565 67
1.608743 3.1592507 2.1639078 66
1.7831628 3.1921053 2.182142 64
2.3532403 3.1369433 2.1810095 59
2.5371449 3.1701734 2.1460764 35
2.4440999 3.2559435 2.181144 59
2.6128721 3.2699308 2.1309195 52
0.59754527 3.3339784 2.1325231 72
0.99210167 3.3063745 2.1439841 81
1.1693236 3.3219299 2.1575289 89
1.2048362 3.3960688 2.1169226 37
1.6819655 3.3012924 2.1711919 76
1.7286252 3.3620009 2.1239758 52
1.8671407 3.3487544 2.1594911 62
2.5483556 3.3650579 2.1557722 30
1.0435711 3.4533687 2.1434419 66
2.6121244 3.4597657 2.1489744 62
0.6279915 3.5000181 2.1403446 66
1.8336499 3.5822763 2.1694851 56
0.66085595 3.662071 2.1382513 60
1.103779 3.6424894 2.1620035 56
1.2710427 3.6270568 2.1617384 56
1.9948701 3.6113358 2.1896148 57
1.3272059 3.7911308 2.161937 60
1.9230093 3.7523222 2.1773708 59
2.0761716 3.7684236 2.1927581 59
0.69679439 3.8301291 2.1342885 64
1.1643449 3.8155103 2.1654449 62
1.2292225 3.9925001 2.1642334 58
1.3878218 3.9702103 2.1620488 59
2.0161855 3.9203317 2.179317 55
2.1664522 3.9435174 2.1979439 56
0.73602647 4.0261836 2.1374204 55
0.56926113 4.1552253 2.1467817 63
1.299509 4.1835117 2.163156 58
1.4575273 4.1732864 2.1686811 59
2.1201985 4.1083574 2.1838899 54
2.2610841 4.1206264 2.1985464 58
0.77863854 4.2232494 2.1333003 53
0.61689717 4.3822637 2.1515148 62
1.5306724 4.3823781 2.1703131 59
2.2281077 4.3003607 2.184721 51
1.3804237 4.4105711 2.172236 58
0.66679472 4.5992131 2.1441612 59
2.3453703 4.5043559 2.1842537 52
2.4736965 4.5158834 2.1987946 55
0.87574071 4.6963816 2.1373348 56
1.4640889 4.6335588 2.1705067 52
1.6095992 4.6064777 2.1713755 52
2.4803331 4.7413931 2.1905656 55
2.581852 4.7080379 2.1869998 58
0.72245848 4.8582458 2.1479337 54
1.5568503 4.8815727 2.1727676 52
1.6984 4.8575835 2.1749177 55
2.5805266 4.885149 2.1507955 59
0.9318102 4.9624577 2.137382 57
0.78357714 5.1512961 2.1539514 58
1.6599548 5.1565957 2.176276 50
1.7961172 5.1297011 2.1782668 50
0.99456006 5.2515416 2.1372662 56
0.85290694 5.4512858 2.1515787 47
1.7750635 5.4556036 2.1774139 38
1.9031119 5.4248366 2.1782866 39
1.0630718 5.5746322 2.1365755 47
0.92517436 5.7311401 2.1309042 85
1.8951573 5.7525396 2.1676509 63
2.0220976 5.7469912 2.176255 72
1.014945 6.1933804 2.1619821 19
2.053256 6.187717 2.1941226 18
2.1678479 6.1601381 2.192497 18
1.2315376 6.3628383 2.1456463 19
2.2121496 6.5887089 2.1926003 19
1.1130592 6.6244001 2.1630168 21
1.3321011 6.8199649 2.1446443 20
1.2218506 7.0984063 2.1620231 19
2.3875172 7.0286846 2.1884515 15
1.3337907 7.5011349 2.1234064 10
2.144731 10.466775 2.141319 11
0.72455376 10.934525 2.1307178 14
2.420728 11.687098 2.1416655 15
0.8680011 12.278604 2.1331437 12
2.4208891 12.215729 2.1632547 11
1.0459121 13.810484 2.1091933 67
-4.355988 -6.5366888 2.2051291 0
-3.8318381 -6.445807 2.2299433 93
-3.438385 -6.4181805 2.2532349 99
-3.2115307 -6.4162283 2.2760937 105
-2.5277522 -6.419332 2.235749 111
-2.4008443 -6.4007831 2.2782905 115
1.6105139 -6.4382014 2.216152 105
2.0268331 -6.417109 2.2411394 116
2.1701696 -6.4415002 2.2121634 67
-3.0205977 -6.3976493 2.2379615 104
-0.45358023 -6.3870449 2.2482822 47
-0.31181231 -6.3789682 2.2506614 77
1.7765142 -6.3802752 2.263099 72
-1.4846121 -6.2767134 2.2330294 33
1.693046 -6.2162123 2.2633884 32
2.0915139 -6.1681066 2.2795005 44
1.826931 -6.0182152 2.2572114 46
2.8525205 -6.0913653 2.2105598 91
2.0061517 -5.992682 2.2063286 40
1.7441448 -5.8701367 2.2569609 30
2.1278207 -5.830049 2.2767951 47
1.8685881 -5.6495028 2.2279615 46.5
1.7917857 -5.5610704 2.2526293 43
2.1577301 -5.5119925 2.2706161 54
1.9166605 -5.4031162 2.2510974 54
1.840307 -5.2920208 2.2559729 49
2.1878254 -5.2290311 2.2684979 58
2.7187986 -5.2796969 2.2235889 55
1.955909 -5.1330733 2.248071 62
1.8802621 -5.0319686 2.2537785 49
2.5656297 -5.0018845 2.2299356 25
2.2157664 -4.9699869 2.2671835 62
2.6589582 -4.9046445 2.2037129 52
1.9938679 -4.8930411 2.2506733 61
1.9144469 -4.7729068 2.2446041 43
2.2292635 -4.692924 2.2491734 25
2.0027487 -4.5789652 2.2100334 19
2.5296125 -4.3909965 2.263468 60
-1.1976116 -4.1893811 2.2190189 31
1.9973508 -4.1017489 2.2185798 45
2.5464005 -4.1869869 2.2647502 47
-1.1844772 -4.0775957 2.2301812 15
2.0539093 -4.0143657 2.2051661 61
2.1100662 -4.0349097 2.2374611 62
2.3021598 -4.0808306 2.2563608 49
-1.1767527 -3.9631891 2.2820828 36
2.0392234 -3.9577453 2.2387249 51
2.3267734 -3.9068046 2.2612779 17
2.5617638 -3.9969776 2.264632 24
-3.4261339 -3.8569112 2.2560184 1
-1.7500569 -3.8546228 2.2158442 16.5
2.1389689 -3.8678935 2.243629 46
2.6748357 -3.8126073 2.2236571 62
2.0666001 -3.7857141 2.239368 36
2.7026458 -3.7276721 2.209969 61
2.0937717 -3.6296856 2.2440712 15
2.1598849 -3.6888649 2.2379267 30
2.554127 -3.634726 2.2172101 58
2.5833802 -3.554713 2.2030501 57
2.4473288 -3.4728322 2.2117193 54
2.348212 -3.321934 2.2086968 55
2.2594402 -3.1860271 2.2071731 62
2.6116073 -3.159946 2.2516885 12
2.1741755 -3.0521131 2.2028708 66
2.3990736 -3.0996528 2.247664 12
2.6453133 -3.0341434 2.2337656 52
2.1938386 -2.9095435 2.2348595 11
2.2528989 -2.948766 2.2270315 8
2.4072614 -2.9546213 2.2407649 44
2.582377 -2.9384258 2.2191362 62
2.7142942 -2.90892 2.2161937 81
2.2720423 -2.8276992 2.2305577 32
2.4580207 -2.8250532 2.2284589 70.5
2.6301417 -2.8429339 2.234278 67
2.247231 -2.7421002 2.2295392 42.5
2.4114377 -2.7115755 2.2090023 67
2.6533489 -2.7491381 2.2341409 78
2.2245445 -2.6594932 2.2292614 53
2.3379397 -2.6116419 2.2078612 62
2.4294708 -2.695569 2.2352881 89
2.5616817 -2.6651673 2.2119327 62
2.6441772 -2.6249309 2.2451839 103
-3.443722 -2.5132635 2.2642219 15
2.2670627 -2.5610669 2.2235737 79
2.45594 -2.5872521 2.225523 76.5
2.5034909 -2.5404353 2.2086656 65
-1.4318516 -2.4653828 2.2686825 27
2.2277372 -2.428091 2.2149622 69
2.3440197 -2.4578617 2.2131865 68
2.4441679 -2.4580023 2.2236876 77.5
2.6467557 -2.4979277 2.2381661 103
-1.4089053 -2.3583877 2.2688942 45
-0.48658705 -2.3521857 2.2036202 5
2.1440082 -2.3377802 2.20469 58
2.2666211 -2.3252065 2.2192109 68
2.3484075 -2.3650792 2.2183604 81.5
2.4644182 -2.3525095 2.2368453 99
2.6544247 -2.3839259 2.2388332 101
-1.3533151 -2.2448344 2.2388678 67.5
-0.51487386 -2.2079604 2.2783904 9
2.0861695 -2.2518325 2.2031257 53
2.244431 -2.2327013 2.2190166 59.5
2.3247015 -2.272593 2.2195868 71.5
2.4726927 -2.240484 2.2326999 97
2.6600552 -2.2708578 2.2360792 106
-1.342391 -2.1701956 2.2644002 78
2.0332899 -2.1728811 2.2027695 42
2.1691594 -2.1407967 2.2070537 41.5
2.2702971 -2.1624904 2.2174797 61
2.3560829 -2.1596303 2.2288704 85
2.487524 -2.1434729 2.2390208 92
2.6691453 -2.1638548 2.2367134 105
-1.354071 -2.0763373 2.2816665 88
-1.2913061 -2.0770144 2.2542601 84
1.9607413 -2.0604491 2.2042899 31
2.0736513 -2.0459924 2.2098241 32.5
2.1398852 -2.0516346 2.2089822 33
2.3404436 -2.048008 2.2307973 81
2.4943929 -2.0384488 2.2348828 91
2.6732283 -2.0578539 2.2338953 118
-1.3350216 -1.9843524 2.2806516 77
-1.2729145 -1.9889683 2.262289 80
-0.47435659 -1.9450461 2.2183297 4
1.8953868 -1.9550116 2.2069588 17
2.0481689 -1.9457804 2.2117262 21.333334
2.3498292 -1.9509937 2.2283585 85.5
2.5020108 -1.9394286 2.2328408 90
2.6837873 -1.959852 2.2373283 99
-1.3105938 -1.8558668 2.2808547 81.5
-1.2421386 -1.8549879 2.264539 69.5
1.857016 -1.8910507 2.2133694 6
1.9797931 -1.8553568 2.2081137 8
2.3628368 -1.8594851 2.2308006 85.5
2.5161324 -1.8494166 2.2384498 98
2.6871564 -1.8588511 2.2338121 103
-1.2870778 -1.7323879 2.2800131 82
2.342854 -1.7533442 2.2272401 88
2.4023218 -1.7825989 2.2301576 86
2.5201581 -1.7513932 2.2329285 93
2.6905277 -1.7608502 2.230294 115
-3.0674198 -1.6230177 2.2047622 0
-1.2756529 -1.659362 2.2865169 82
2.3533356 -1.6653297 2.2265589 91
2.4144702 -1.648085 2.2262955 92.5
2.5286012 -1.661466 2.2330015 90
2.7018375 -1.6718493 2.2358313 121
-3.1113887 -1.553267 2.2328365 9.5
-2.2277849 -1.528176 2.2158661 6
-1.7392815 -1.5237285 2.208967 7
-1.2371531 -1.5151277 2.2436459 50
-1.156325 -1.5212649 2.2049258 22
-0.86730355 -1.5075589 2.2107863 31
-0.78995311 -1.5091989 2.2148778 35
-0.52464455 -1.5276096 2.2054496 58
2.3609681 -1.5793154 2.2245057 97
2.4266472 -1.5185736 2.2238398 108
2.5384135 -1.5744506 2.2344348 97
2.7037764 -1.5788485 2.2309198 121
-1.2378247 -1.4383951 2.2872543 84
-0.41122311 -1.4695528 2.2093973 13
2.3745782 -1.4547963 2.2235022 93.5
2.4314115 -1.4325639 2.2189574 99
2.5439117 -1.4864312 2.2316988 95
2.7013998 -1.4828484 2.2218399 107
2.3889101 -1.3332777 2.2231872 88
2.447011 -1.3555658 2.227319 105
2.5528948 -1.3584044 2.2289867 105.5
2.7025404 -1.3498487 2.2141452 96
-1.2024859 -1.2324665 2.2818675 41
2.3951113 -1.2522619 2.2197316 104
2.4503431 -1.2735552 2.2210395 104
2.5618827 -1.2343777 2.2262657 118
-5.5320511 -1.1428409 2.2125833 121
-1.1658914 -1.1318705 2.214035 31
2.4412069 -1.1617817 2.2192304 100.33334
2.572448 -1.1563656 2.2297871 109
-5.5293789 -1.0077533 2.2243841 106
2.4333286 -1.0546716 2.2181628 95.333336
-5.5256238 -0.87367892 2.234235 106
-1.56205 -0.87196267 2.2893455 14
0.14447755 -0.84074664 2.2032213 9
-5.5367594 -0.74255973 2.2506828 117
-1.5440503 -0.73919702 2.2933218 118
-0.44087261 -0.75781083 2.2621679 4
2.4453776 -0.73319358 2.2158649 98
-5.5349603 -0.60949266 2.2594557 96
-1.5312963 -0.65842444 2.2932787 82
2.4552305 -0.66318792 2.2186897 111
2.5090637 -0.63897443 2.2197771 109
2.6066589 -0.65976143 2.2206848 111
-1.5118346 -0.54512966 2.2955508 88.5
2.4639256 -0.55817628 2.2184296 111
2.5145175 -0.5314672 2.2156301 100
2.6153519 -0.55024034 2.2204072 112
-5.4658685 -0.47162399 2.2390118 53
-1.5071592 -0.49104726 2.2996173 93
-1.4917569 -0.43062484 2.2952933 85.5
2.4725986 -0.45416135 2.2167535 105
2.5229616 -0.46146706 2.2184417 107
2.6222386 -0.44221625 2.2176809 121
-1.479363 -0.34562197 2.296874 89
2.4794874 -0.35064614 2.2140448 110.5
2.5291619 -0.3579627 2.2163985 114
2.6341825 -0.33619931 2.2212298 126
-5.5102897 -0.21136461 2.2749836 63
2.4842432 -0.24713191 2.210664 116
2.5367978 -0.25345924 2.2157485 106
2.6368732 -0.2651836 2.2184978 122
-1.4583827 -0.17861834 2.2976949 100
2.4929419 -0.14512022 2.2103982 113.5
2.540483 -0.15045324 2.2112718 101
2.6401672 -0.15815657 2.2122908 120.5
-5.5063233 -0.080323994 2.279856 56
-1.4494226 -0.047287717 2.2816801 107.5
2.4987895 -0.044108696 2.2087619 118
2.5463462 -0.046451081 2.2102983 100
2.6420243 -0.052128401 2.2046905 108
-5.4993176 0.050710708 2.2838559 50
2.5291371 0.056227311 2.2085657 110.75
2.6432788 0.017888406 2.2005639 104
-5.4739547 0.18209048 2.2775054 53
2.5367827 0.15923366 2.2086484 113
2.5433791 0.2622363 2.209456 110.25
-5.4697323 0.31512243 2.2809451 54
-0.28169954 0.3389259 2.21889 5
2.5470889 0.36574313 2.2067766 110.5
-5.4666419 0.44614276 2.2827485 56
-3.041153 0.45678121 2.2574735 2
2.5515881 0.43674725 2.2064936 112.5
-5.4652009 0.579171 2.2856686 52
-3.2941389 0.58668715 2.2344713 7
-2.9264381 0.5885551 2.2177811 5
2.5555098 0.54225338 2.203999 112.25
-3.2583234 0.62622499 2.2124412 6
-2.9677048 0.61142445 2.2078886 7.5
-2.7435598 0.60929251 2.2112365 3
-2.3486085 0.60960901 2.2218757 5
-1.8657174 0.66556585 2.2104087 6
-1.4468491 0.66150457 2.2180672 10
-1.0671854 0.6417588 2.2106581 16
-0.75541443 0.62216669 2.228462 6
-0.62386191 0.64748579 2.2117424 15
-0.58101994 0.67686111 2.2059627 5
-0.39341989 0.65590394 2.2066178 28
2.5612378 0.64925563 2.203954 114
-5.4596362 0.71317947 2.2857528 56
-2.3636687 0.77124488 2.2085931 3
-1.8957962 0.79379928 2.2112782 5
-1.4183975 0.77036124 2.24089 15
2.5736942 0.771694 2.2036152 112
-1.4531496 0.82346714 2.2488112 23
-1.0788305 0.81172436 2.2157464 22
2.5722575 0.87026513 2.2035179 123
2.5923281 0.94655877 2.2021446 131
-0.61164039 1.0894859 2.2836974 8
-0.59066027 1.0031785 2.2411075 6
2.5777936 1.0202968 2.2030048 130.5
-3.9437792 1.1038725 2.249121 42
-3.222405 1.1245165 2.2113028 58
-3.0409179 1.1314696 2.2018611 44
-2.9568229 1.1356041 2.2369709 50.5
-2.8808758 1.1315298 2.2216265 38
-2.4512551 1.141454 2.2196851 56
-1.9522699 1.1698025 2.2249126 61.666668
-1.520951 1.1715156 2.2277248 83
-1.4602873 1.1553372 2.2371852 66
-1.1158417 1.1876912 2.2336397 95
-0.48654222 1.1817347 2.2600827 82
-0.36513239 1.1836597 2.2397358 118
-0.23671484 1.1744369 2.2479627 91
-2.9239376 1.2696542 2.2042589 57
-2.8964424 1.2255459 2.2038546 49
-2.5096893 1.2719405 2.2195339 70
-2.4663281 1.2312577 2.2118027 68.666664
-2.0146835 1.2965211 2.2217739 76
-1.9743478 1.251228 2.2175293 74
-1.5294684 1.2344637 2.2207832 95
-1.4677354 1.2513297 2.2189574 85.5
-1.1204531 1.2516364 2.2278833 97
-0.96255821 1.2780977 2.230042 100
-0.61677748 1.2290192 2.2085872 140
-0.48346478 1.2335216 2.2338276 121
-0.3613736 1.2536838 2.2426136 106
-0.27700198 1.2568939 2.2385492 113.5
-2.9426448 1.35278 2.2041152 54.333332
-2.5337629 1.3408986 2.2185206 75
-2.4990718 1.3588601 2.2148046 69
-2.0360224 1.3674803 2.2239065 75
-1.9723955 1.3478882 2.2149224 65
-1.5485728 1.3369122 2.2198477 91.5
-1.4870722 1.3623214 2.22177 86
-1.1339293 1.3591218 2.2316873 108
-0.96885091 1.3521174 2.2331789 99
-0.62086368 1.3547037 2.2406726 99.5
-0.47984791 1.3405708 2.2372692 110
-0.35545859 1.3601987 2.2434316 102.5
-0.268635 1.365961 2.2458882 108
-3.8565598 1.4562492 2.2007835 64
-3.0187025 1.4885136 2.2064319 59
-2.9812682 1.4409556 2.2017846 58.5
-2.5559237 1.4438381 2.2154379 73.666664
-2.0605259 1.4424375 2.227772 78
-1.9947828 1.4268774 2.2179708 67
-1.5390269 1.4458504 2.2273417 86
-1.1470773 1.4685845 2.2314959 102
-0.97259921 1.4241024 2.2295048 98
-0.62166703 1.4682302 2.2439926 99
-0.47682601 1.4485791 2.2356374 97
-0.3494159 1.4685688 2.2403352 113
-0.26241776 1.4379436 2.2428119 111
-3.1877832 1.5055139 2.2075295 98
-2.5554972 1.5158209 2.2159452 69
-2.0520129 1.512629 2.2252431 79.5
-1.5687343 1.5449743 2.2205689 86.666664
-1.1570908 1.5445527 2.2302465 103
-0.98226178 1.5426139 2.2306428 105
-0.61942393 1.5706151 2.2215323 102.5
-0.4750883 1.5265992 2.2381573 107
-0.34303567 1.5719718 2.2226543 102.5
-0.25363082 1.5489206 2.2386315 116.5
-0.47294885 1.603579 2.2357013 122
2.431566 3.0356355 2.2001398 57
2.5950739 3.2647977 2.2020531 76
2.365175 4.3167391 2.2025235 51
-4.1335816 -6.454679 2.3127441 97
-3.996994 -6.436873 2.3515127 53
-3.6061134 -6.425653 2.371098 61
-3.5568104 -6.4150033 2.3359797 97
-3.3677111 -6.4172626 2.3952465 107
-3.179009 -6.4068694 2.357096 101
-1.1911038 -4.1159348 2.301403 21
-1.1841241 -4.0365205 2.377773 23
-2.8455114 -3.9441471 2.3330576 10
-2.5669043 -3.980238 2.3125746 3
-3.2785368 -3.8878193 2.3511 14
-2.5522258 -3.8929996 2.3756304 8
-1.7804949 -3.8804288 2.344933 12
-1.1790891 -3.8955884 2.3596177 34
-3.0892334 -2.7012446 2.3962779 0
-1.2342166 -1.7667211 2.3163812 28
-1.2110285 -1.6717886 2.3016822 24
-1.2298017 -1.3487813 2.3104339 58
-5.3039908 -1.0897007 2.3242755 118
-1.2099051 -1.0338864 2.3934016 93
-5.2783751 -0.95570123 2.3176541 133
-5.2947803 -0.8327381 2.3309972 104
-1.6050998 -0.83764917 2.3581703 174
-1.5604484 -0.82092947 2.3053479 38
-5.3236356 -0.71078652 2.3491371 123
-5.3135109 -0.5828011 2.3481693 114
-1.5204644 -0.57200855 2.3038025 94.5
-5.3185854 -0.459829 2.3550677 111
-1.5023897 -0.43905926 2.3018417 92
-5.2868967 -0.33182472 2.3431513 57
-1.4944859 -0.36008662 2.3022292 92.5
-5.3282032 -0.20988522 2.3660922 107
-1.4777111 -0.26004604 2.3027046 96.75
-1.4700803 -0.14411423 2.3033791 97.666664
-5.329556 -0.082788907 2.3668873 108
-1.4598973 -0.045250878 2.3044541 105
-0.20768982 -0.025212502 2.3617935 164
-5.3340993 0.041181371 2.3710527 107
-1.4573359 0.058975004 2.3087125 102.25
-5.3378162 0.16715246 2.3746603 101
-1.4597077 0.15213923 2.308229 98.666664
-5.3429251 0.29512209 2.3780017 106
-1.4548864 0.2464329 2.310822 98
-1.4563603 0.35590637 2.3125205 94.5
-0.25422776 0.36126721 2.3065257 3
-5.3535619 0.42108569 2.3838747 107
-1.4603883 0.46738145 2.3147502 92.25
-5.3520422 0.55006242 2.3827422 108
-1.4648112 0.55261499 2.3159885 94
-5.3560529 0.67803329 2.3841417 109
-1.4671569 0.60959816 2.3136888 78.5
-5.2491446 0.7911253 2.3335571 105
-1.5032253 0.77572125 2.3077726 77
-1.4469886 0.73036242 2.3036346 27
-1.5186132 0.89567035 2.3101013 88
-5.2362881 0.91611522 2.3259833 107
-1.5301347 0.95965391 2.314945 87
-1.4738648 0.95934987 2.3178215 89.5
-5.228137 1.0431001 2.3203819 104
-2.5730257 1.0936602 2.3948336 69
-1.5432255 1.0542254 2.3145382 104
-1.4842069 1.0583436 2.3154004 99
-3.4689574 1.1149014 2.3911703 39
-3.3862338 1.1326013 2.3281791 39
-3.1547508 1.1190974 2.3081977 32
-3.0123301 1.1210196 2.360384 32
-2.9773314 1.1235741 2.3087263 32
-2.5472012 1.1337581 2.3347163 36
-2.0313635 1.1442459 2.3425751 40
-1.5536492 1.1477734 2.3063283 94
-1.4932697 1.1273391 2.315604 105
-1.1435066 1.1702226 2.3257694 71
-0.63561857 1.1828214 2.3303633 8
-0.49842238 1.1777256 2.382561 61
-0.37737402 1.1717058 2.3640485 58
-0.21450442 1.1429296 2.3653362 145
-0.4260667 1.2342117 2.3925769 33
-4.1676035 -6.445282 2.4795876 54.5
-3.7821054 -6.4371014 2.4946103 35
-3.5980184 -6.414444 2.4919956 97
-3.3363373 -6.4081049 2.4742172 107
-2.5467613 -6.4255037 2.4008031 110
-2.4308412 -6.3998551 2.4352872 117
-0.45601505 -6.3992639 2.4320204 36
-1.2261833 -4.5033813 2.4055691 1
-1.1691955 -3.9172373 2.4294796 40
-1.1862943 -3.8509059 2.4479721 20
-3.4268732 -2.8148034 2.4507706 22
-3.4019704 -2.7882109 2.4639282 51
-1.0353032 -2.7247572 2.4790709 7
-3.7158258 -2.6057248 2.443507 11
-3.4317513 -2.6834092 2.4718888 58
-3.0521634 -2.6112127 2.4306736 13
-2.8481252 -2.6252453 2.42926 12
-2.2516937 -2.6068878 2.4241376 1
-2.1182125 -2.6396577 2.4369183 20
-0.64756429 -2.6853654 2.4703674 23.5
-0.43674576 -2.608779 2.4499006 30
-2.854214 -2.5761952 2.4878542 30
-2.103929 -2.5605474 2.4688873 51
-1.0183941 -2.5887451 2.4771397 7
-0.64386559 -2.5648389 2.4731512 56
-0.43659139 -2.5424023 2.4975588 65
-0.35993433 -2.5591278 2.4688742 29.666666
-0.20244509 -2.3146145 2.4057326 9
-1.2400835 -1.625955 2.4666829 30
-1.2328206 -1.1677867 2.4053779 43
-4.5564332 -0.96053302 2.4945095 50
-1.2273505 -0.99924296 2.4591653 66
-4.5503507 -0.84154046 2.4991391 13
-4.2679949 1.092025 2.4208488 30
-3.3085408 1.1156075 2.4461498 33
-3.1575463 1.1241368 2.4428537 41.75
-2.6637471 1.1235348 2.4558008 57
-2.1137223 1.1372414 2.4699106 40.5
-1.1801301 1.1628842 2.441184 71
-0.37587827 1.1630096 2.4637241 75
-0.2863223 1.174185 2.4054945 63
-0.62141955 1.2278292 2.4323888 51.5
-3.5314882 -6.4263005 2.5207269 90
-2.5657713 -6.4296751 2.5658469 98
-2.4619989 -6.4029188 2.5942192 114
-1.182115 -4.9468236 2.5227339 67
-1.1965474 -4.8808637 2.5551887 45
-1.1838851 -3.9375088 2.5648584 28
-1.1898551 -3.7460485 2.5587258 7.5
-3.7904136 -2.6079264 2.550386 16
-0.9353984 -2.6736298 2.5127099 47
-3.4810965 -2.5931358 2.5115542 68.5
-3.0889177 -2.5902364 2.5288363 32
-2.9103661 -2.5741313 2.5923963 44
-2.2770193 -2.5868816 2.5182827 46
-2.1461101 -2.5611849 2.5767012 80
-0.92585051 -2.5673451 2.5074041 46
-0.67411274 -2.5371568 2.5330615 75
-0.39747345 -2.5301647 2.5766158 49
-0.93897492 -2.4656649 2.5593557 25
-0.62432635 -2.4606972 2.5147657 86
-0.20862719 -2.4726532 2.5665402 57
-1.2430568 -1.5525692 2.5423172 29.5
-1.2384695 -0.92891395 2.5200162 44.5
-1.2392397 -0.84575099 2.5525467 43
-1.2388971 -0.76063299 2.5776339 44.5
-0.2235105 -0.051885825 2.5418744 158
-4.3481383 1.0994847 2.5195961 30
-3.7534604 1.1044861 2.5970397 38
-3.6578093 1.1234142 2.5263727 42
-3.4720004 1.1110899 2.591274 33
-3.2583058 1.1136522 2.58003 35
-2.2122931 1.1396962 2.5832293 42
-1.227613 1.162738 2.5907795 65
-0.51018912 1.1738062 2.5160832 59
-0.38257045 1.1548235 2.5986731 120
-0.69460076 1.2342997 2.5607584 67
-4.2035789 -6.4596424 2.6529305 99
-3.952589 -6.4285631 2.6154594 11
-3.6764941 -6.438077 2.6556978 81
-3.5040941 -6.4202771 2.6009638 74
-0.89281839 -6.3768697 2.6037889 104
-1.216691 -4.8371172 2.6116452 48
-1.2039074 -4.707583 2.6083081 21
-1.2144783 -4.6367941 2.6507022 20
-1.2061743 -4.5273409 2.6527288 20
-1.2197193 -4.4624386 2.6942465 16
-1.2093434 -4.3551002 2.6967669 17
-1.1923311 -3.9268634 2.6845148 15
-4.0964575 -2.6203592 2.6569393 23
-3.1735458 -2.6103132 2.6689346 42
-3.8426242 -2.5900898 2.6421764 22
-3.6454442 -2.5912185 2.6414464 72.5
-2.3183825 -2.5828781 2.6351151 60
-2.1860528 -2.5558341 2.681669 77
-0.68408686 -2.5342493 2.6446025 99
-0.44046289 -2.541537 2.6086044 86
-0.36897236 -2.5353584 2.6486998 46.5
-0.68473566 -2.4529171 2.6334009 56
-0.27402806 -2.4642088 2.6747975 46
-1.2461002 -1.4189835 2.656764 45
-1.2410049 -1.3538573 2.6809127 33
-1.2419627 -0.64892912 2.6193357 41
-1.2444967 -0.5342651 2.6545453 41
-1.2475996 -0.44712016 2.6848626 33
-1.248871 -0.38805705 2.6994498 37
-1.2193978 -0.024379533 2.6655774 150
-4.6872149 1.0778464 2.670748 25
-3.4317536 1.1227627 2.6161683 41
-3.3281493 1.1122267 2.6616976 32
-2.8052769 1.1271933 2.6160698 33
-2.7666092 1.118356 2.6086583 29
-2.2106037 1.1277678 2.6527445 35
-0.52399659 1.1699909 2.662483 61
-0.70759165 1.2242785 2.600569 60
-3.8760695 -6.44627 2.7857766 27
-3.6811926 -6.4433999 2.7353823 37
-4.1469812 -6.3065977 2.7622762 43
-3.9344153 -5.8985109 2.7517605 38
-0.84186894 -5.6398802 2.7670479 75
-3.7751517 -5.5804424 2.7656922 49
-0.85517532 -5.5742698 2.7938001 74
-0.45318246 -5.4220939 2.7644246 52
-0.82087821 -5.3517981 2.779067 83
-3.6167974 -5.2653913 2.76648 54
-0.44763279 -5.1121364 2.7558439 90
-0.79659921 -5.0423722 2.7698328 119
-3.4768336 -4.9833307 2.7716961 74
-0.44465154 -4.9068856 2.7928801 87
-0.78193629 -4.8301873 2.7988157 90
-0.44120842 -4.6648364 2.7986147 64
-1.2189771 -4.2841473 2.729501 5
-1.2109036 -4.1878867 2.7349596 8
-1.2299494 -3.1771038 2.7338223 0
-4.1723747 -2.610507 2.77775 51
-3.940949 -2.6013379 2.76805 36
-3.2335765 -2.603354 2.7921519 75
-4.105958 -2.5044489 2.7977672 55
-3.8211975 -2.5877366 2.7803345 56.5
-2.9744298 -2.5770624 2.7073054 54
-2.3629966 -2.5778756 2.7546742 77
-2.2340572 -2.555443 2.7990239 82
-1.0779191 -2.5233486 2.7783518 102
-0.99222296 -2.5382283 2.7742152 114
-0.65480375 -2.5373511 2.753119 58.5
-0.44365734 -2.5396395 2.7237093 93
-0.74268115 -2.4657042 2.7685804 94
-4.0188675 -2.3843584 2.7995415 64
-0.95322746 -2.2270689 2.7997012 150
-1.2504002 -1.2493157 2.7869799 57
-1.2501425 -0.32899415 2.7140377 38
-1.2500216 -0.23893696 2.729558 34
-1.2507336 -0.14789283 2.7429993 42
-1.2502701 -0.086882427 2.7486923 51
-1.2510397 0.098157749 2.7675943 89
-1.2514918 0.16016088 2.7722068 104
-1.257521 0.25672168 2.7892005 83
-1.2570857 0.35218298 2.7886753 93
-1.2601802 0.44966412 2.7943702 95
-1.2605371 0.5471099 2.7912643 105
-1.2671818 0.68109149 2.7969635 46
-1.2677286 0.74802983 2.7905118 56
-1.2607485 0.93966931 2.739819 121
-3.6387055 1.0995624 2.7391062 33
-1.2697296 1.0826026 2.7372594 49
-3.9919162 1.1184098 2.7695251 39
-3.4281099 1.1101019 2.7407026 34
-2.9414649 1.1218643 2.7727807 35
-2.3217137 1.1387336 2.7464342 41
-1.2696173 1.1494964 2.7228417 59
-0.38927579 1.1578679 2.771673 78
-0.78856802 1.2293458 2.7435255 54
-3.8533483 -6.4405475 2.8662279 18
-3.6765027 -6.3979378 2.8063774 72
-3.5304394 -6.0378571 2.8070874 49
-2.3629334 -5.8325391 2.8214755 63
-3.4027882 -5.7157707 2.8124325 55
-3.2794394 -5.4097204 2.8094594 53
-0.8410756 -5.2891364 2.8037188 81
-3.88129 -5.126657 2.8607483 20
-3.1715195 -5.1326623 2.8113344 68
-0.82633626 -5.0111127 2.8046675 103
-3.927114 -4.9439511 2.8252406 29
-3.8882899 -4.9016676 2.8613899 60
-0.81601924 -4.7879443 2.8237617 88
-4.0987153 -4.6217752 2.8165305 12
-3.9539843 -4.5495768 2.8774402 56.5
-2.0508492 -4.535285 2.8531241 37
-0.80434221 -4.5499134 2.8257897 82
-0.43676865 -4.4397869 2.8045378 87
-0.77127743 -4.3544893 2.81883 78
-0.43324661 -4.229744 2.8094814 77
-0.75962698 -4.1579099 2.8284097 59.5
-0.46425122 -4.1951923 2.8168833 52
-1.903212 -4.0312486 2.8257403 17
-0.44645396 -4.0318584 2.8271427 47.5
-0.34207636 -4.0177398 2.8274937 28
-3.9486337 -3.9621315 2.8721428 76
-0.74936891 -3.9802961 2.8430283 35.5
-0.70945328 -3.8168838 2.8406129 15
-0.4441945 -3.8546977 2.8366919 21
-0.34294975 -3.8416595 2.837213 12
-3.9444156 -3.7776628 2.8689981 79
-3.9741573 -3.6355863 2.8720481 83
-0.42263556 -3.6915343 2.8369455 4
-3.9301181 -3.5886502 2.8799374 81
-3.950521 -3.4426298 2.875356 81.5
-3.9419224 -2.5370214 2.8590529 83
-3.2092454 -2.5183313 2.8344607 89
-3.0396647 -2.5769939 2.8241169 65
-2.383085 -2.540868 2.8462653 112
-2.2536623 -2.5161872 2.8764694 103
-1.0487373 -2.5145254 2.8840437 143
-0.44701242 -2.5327265 2.8407691 90
-3.9469638 -2.4078827 2.8694212 86
-3.8672633 -2.4269676 2.8193467 61
-3.0193117 -2.4929616 2.8548284 76
-2.3393774 -2.4248505 2.8510897 105
-2.2184553 -2.4041994 2.8739502 99
-1.0844557 -2.4043632 2.8944867 130
-0.65598518 -2.4254317 2.8801503 150
-0.44650066 -2.446481 2.8712463 150
-3.9236307 -2.3835697 2.8763933 84
-3.1377244 -2.3932734 2.8307326 72
-2.9712491 -2.3859444 2.8547707 78
-2.2906375 -2.303833 2.8443091 124
-0.98413903 -2.3986745 2.8744199 123
-0.65012783 -2.3174152 2.8813591 130
-0.44439381 -2.3443904 2.8816636 129
-3.9260108 -2.2582884 2.8433836 102
-3.0680182 -2.2712171 2.8248363 83
-2.9218493 -2.277931 2.8508139 102
-2.2589293 -2.2048185 2.8601291 115
-2.1669657 -2.2743022 2.8446357 150
-1.0722046 -2.2943904 2.8906081 149
-0.68890566 -2.2082388 2.8883793 150
-0.5991922 -2.2235131 2.8839009 117
-0.44256562 -2.2393703 2.8830063 150
-3.9406056 -2.1398687 2.8713493 88
-3.0230489 -2.1701791 2.837842 74
-2.882261 -2.1819146 2.8560688 110
-1.0596306 -2.183449 2.8827355 150
-0.94414717 -2.1419308 2.8240364 73
-0.5910511 -2.1175168 2.8818996 117
-3.7391303 -1.9600723 2.8226128 68
-3.5888987 -1.9427739 2.8329475 58
-2.9136412 -1.9560896 2.8364549 85
-2.7770922 -1.9058847 2.8666778 97
-1.0326959 -1.9003402 2.893682 150
-4.2704482 -1.823687 2.8076456 62
-3.92542 -1.8747423 2.8747444 85
-3.6751077 -1.8600036 2.8243384 66
-3.5397489 -1.8527393 2.8322849 70
-2.8755498 -1.8640572 2.8478494 95
-2.7453816 -1.8188779 2.8702714 104
-2.1533372 -1.8977783 2.8683529 97
-2.0595284 -1.8280425 2.8821242 114
-0.92126042 -1.8935603 2.8887098 123
-0.43157899 -1.8018398 2.8173018 150
-4.2243376 -1.7426645 2.818908 42
-3.9250085 -1.7512344 2.877116 76
-3.6172342 -1.7639416 2.8275249 62
-3.5025063 -1.7707267 2.8416178 70
-2.8306081 -1.7670197 2.8498089 97
-2.7144938 -1.7338746 2.8717909 100
-2.035352 -1.739061 2.879811 110
-1.0165277 -1.7594279 2.884351 126
-0.90913552 -1.7995615 2.8871551 125
-0.89808589 -1.7065578 2.8865237 122
-0.43074661 -1.7296245 2.8438978 150
-0.37452018 -1.7750651 2.8895388 150
-4.2288337 -1.651124 2.8023231 46
-4.1545668 -1.651576 2.8122041 47
-3.9037127 -1.6156986 2.8702526 51
-3.4164102 -1.6026726 2.8422337 85
-1.0041552 -1.629441 2.8848319 150
-0.66165257 -1.645213 2.8920238 115
-0.42975467 -1.6574247 2.8684995 150
-0.37144196 -1.685065 2.8881953 122
-2.7563584 -1.5859567 2.8603806 115
-2.6555345 -1.566873 2.8725893 116
-1.997795 -1.5730737 2.8843567 150
-1.0278476 -1.5348122 2.8897932 12
-0.9991731 -1.5523622 2.896668 150
-0.55615497 -1.5685514 2.8923345 124
-0.42608774 -1.5457774 2.82178 150
-0.36710224 -1.5555422 2.8897038 150
-4.1156626 -1.4781131 2.8135674 51
-4.0624599 -1.4935102 2.8246739 65
-3.459451 -1.4887693 2.834667 56
-3.3426082 -1.4426346 2.8457878 71
-2.0162082 -1.4437153 2.8813138 138
-1.9632229 -1.4140898 2.8886819 95
-1.0418868 -1.4885899 2.899905 65
-0.86590666 -1.4416173 2.871587 151
-0.54894328 -1.445019 2.895674 141
-3.9835591 -1.341464 2.838979 70
-3.3805082 -1.3216584 2.8487694 46
-2.643811 -1.318862 2.8572659 109
-2.575382 -1.3288814 2.8710954 84
-1.9427742 -1.3341223 2.8830838 150
-0.97956795 -1.3113778 2.8993757 150
-0.65012634 -1.398158 2.8959653 147
-4.2181315 -1.2043606 2.8319323 63
-3.9708076 -1.2329623 2.8308377 56
-3.2502995 -1.2176013 2.855026 82
-0.85267562 -1.2894827 2.8938799 140
-4.2629018 -1.1470428 2.8851945 89
-4.1700473 -1.1273036 2.8323596 64
-3.9183047 -1.1584345 2.8681774 80.333336
-3.872154 -1.1493497 2.8371658 66
-3.260349 -1.1495057 2.8538883 77.5
-2.5413141 -1.1461347 2.8663852 106.66666
-1.9298471 -1.1625017 2.8847549 129.33333
-1.2545524 -1.1318521 2.8773446 72
-0.83810538 -1.13544 2.8992136 122
-0.5303551 -1.1665008 2.8939643 123
-0.31295937 -1.1070951 2.8943877 150
-5.0268917 -1.0670592 2.8824947 82
-4.276412 -1.062099 2.8791053 83.5
-4.1304593 -1.0522685 2.8380523 73
-3.9109447 -1.0477192 2.8855615 87.5
-3.8459251 -1.0560739 2.8354163 66
-3.2612393 -1.0743771 2.8515818 81
-3.196753 -1.0735878 2.8608208 89
-2.5558553 -1.0727859 2.8600142 89
-2.4962509 -1.0368087 2.8777511 97
-0.82996541 -1.0585073 2.8964264 116
-0.52410078 -1.0544715 2.8967931 113.5
-5.0156631 -0.93308854 2.8792682 84
-4.2735066 -0.94258881 2.8817449 84
-4.0652571 -0.94018865 2.8375692 64.5
-3.9050131 -0.93322819 2.8854475 88.5
-3.8358431 -0.99480152 2.8351691 67
-3.7890372 -0.9430114 2.8381472 66
-3.2240036 -0.99433357 2.849911 97
-3.167763 -0.94914621 2.8569176 102.66666
-2.5207343 -0.95625442 2.8651254 97
-2.4793007 -0.96681947 2.8781288 105
-1.232995 -0.94824612 2.8956726 130.5
-0.81895208 -0.94549829 2.8961849 116
-5.1448588 -0.82593882 2.8556519 69
-5.0226398 -0.80410355 2.8884015 87
-4.2854247 -0.8584497 2.8778808 82
-4.008286 -0.8301236 2.8393631 67
-3.9010134 -0.82223225 2.8860762 90
-3.7446861 -0.8557294 2.8424931 69
-3.1452627 -0.85142028 2.8607244 87.5
-2.4669187 -0.85513091 2.8773391 104
-1.2178433 -0.83574718 2.8937914 124
-0.80909312 -0.83647889 2.8978794 114
-0.51285428 -0.87243444 2.8995938 113
-4.2673941 -0.76556444 2.8859606 83
-3.9690719 -0.75807309 2.8379881 65
-3.8886273 -0.70927906 2.8803561 86.5
-3.7291975 -0.76867467 2.8419886 68
-3.6915121 -0.75719953 2.8448975 71
-3.1225057 -0.77940583 2.8637857 97.5
-3.0832295 -0.72556818 2.8670101 100
-2.4546216 -0.76428032 2.8815055 95
-1.0587207 -0.74675059 2.8870187 84
-0.50315523 -0.7274738 2.8904564 135
-0.29969496 -0.74554813 2.8958862 144
-5.1403384 -0.69188851 2.8612528 78
-5.0155478 -0.67312974 2.8879931 93
-4.2601023 -0.64658403 2.8843923 82
-3.9232745 -0.65202451 2.8412919 64.5
-3.881979 -0.60482758 2.8780065 87
-3.6699135 -0.65740132 2.8477216 71.75
-3.1170025 -0.690211 2.8636036 98
-3.0802999 -0.63787842 2.8676074 102
-2.4329624 -0.6585288 2.8853552 91.25
-1.0397637 -0.62381619 2.872345 80
-0.61589879 -0.66105425 2.8997557 150
-0.49955511 -0.65943617 2.8953452 139
-5.1341672 -0.55884641 2.8657303 76
-5.0084543 -0.54415578 2.8875914 87
-4.2548494 -0.52957839 2.886055 87
-3.8809118 -0.57037401 2.8624344 78
-3.62537 -0.5513469 2.8453364 70.5
-3.0422719 -0.55167466 2.8602753 86.333336
-2.4106164 -0.55315155 2.8863709 96
-1.045 -0.54867369 2.8903456 90
-0.78483015 -0.55347139 2.8942513 130
-5.1351609 -0.42677736 2.8739123 97
-5.012682 -0.41617611 2.8936622 85
-4.2468228 -0.44077069 2.8936946 85
-3.8627782 -0.46735317 2.8654046 80.5
-3.614373 -0.47852734 2.8466246 68
-3.5913708 -0.43859348 2.8528473 72.666664
-3.0272899 -0.46378425 2.8624089 87
-2.4014542 -0.47239089 2.8799117 93
-2.3896468 -0.44107476 2.8918941 98.666664
-4.2449465 -0.35810399 2.8854392 79.5
-3.8512905 -0.36848271 2.8702185 89.666664
-3.5697365 -0.34630445 2.8556635 72
-3.0094624 -0.37187269 2.8627923 87.333336
-2.9840004 -0.32845888 2.8640652 80
-2.3775725 -0.34565976 2.8911643 96
-5.1177025 -0.29278278 2.8718557 70
-4.9843345 -0.28721544 2.8800647 67
-4.2247066 -0.24167378 2.8762484 74.5
-3.86572 -0.27383679 2.8806233 96
-3.7857003 -0.23888215 2.8539486 73.5
-3.5461333 -0.25922775 2.8578765 74.666664
-2.9845574 -0.25826174 2.8653245 83
-2.3628929 -0.26310459 2.8900757 97.333336
-5.1167874 -0.16173221 2.8775232 81
-4.9940891 -0.15923448 2.888679 89
-4.2401543 -0.15835699 2.883635 88
-3.861568 -0.16633163 2.8823924 102
-3.739759 -0.13579166 2.8386848 69
-3.5230267 -0.15996851 2.8541677 77.666664
-2.9627073 -0.1564966 2.8613045 86.75
-2.348547 -0.14318091 2.8873162 101.5
-5.1144814 -0.030679582 2.8834496 78
-4.9966602 -0.033256199 2.8936396 92
-4.2291932 -0.071603462 2.8871632 83.5
-3.8571348 -0.059324406 2.8845787 102.5
-3.7431328 -0.035347134 2.8582106 71.5
-3.5068333 -0.057531077 2.8617506 78
-2.9496949 -0.038338583 2.8674831 89
-2.3411856 -0.041192047 2.8911784 102
-1.008177 -0.08759366 2.883244 92
-0.94286263 -0.037248697 2.8697946 115
-0.7280578 -0.042280629 2.886899 149.5
-0.5881092 -0.060092669 2.885052 150
-0.4618575 -0.054503039 2.8725853 150
-4.2235284 0.04239903 2.888566 93.5
-3.8432262 0.046626672 2.8784835 78.5
-3.7236474 0.066169195 2.8576794 66
-3.5027721 0.012623614 2.8633478 73
-3.4914975 0.060771734 2.8638425 65
-2.9450836 0.043740295 2.8700447 86.5
-2.3350556 0.059295025 2.8919237 95.25
-1.0073014 0.060540959 2.8969469 100
-0.9227317 0.02997889 2.8900199 114
-0.67411458 0.0018106368 2.8544819 86
-0.36220816 0.021770259 2.8834124 116
-4.2206211 0.15691131 2.8912482 99.5
-3.843051 0.15416011 2.8841848 102
-3.720175 0.13416266 2.8631651 68
-3.4868686 0.14347006 2.8685882 75.666664
-2.9363523 0.1457403 2.869642 87.5
-2.3299227 0.16128123 2.8925831 97
-1.0023704 0.13556668 2.8976014 100
-0.92343134 0.16257699 2.8983693 101.5
-5.1005392 0.23236994 2.8876841 79
-4.9885612 0.22169046 2.894582 88
-4.2149596 0.27191067 2.8926427 80.5
-3.8365531 0.26015869 2.8849719 101
-3.7124019 0.23767006 2.8650994 69
-3.47629 0.25205359 2.8664057 76
-2.9328189 0.24773249 2.8712926 85
-2.3300998 0.24778573 2.8922951 103
-0.96881372 0.25691676 2.896342 104
-0.67906529 0.21610226 2.8923483 150
-5.0905509 0.36437508 2.8871224 71
-4.9778895 0.34865898 2.8905687 75
-4.2071233 0.35806572 2.8936045 84
-3.8259461 0.36767226 2.8829811 96
-3.707617 0.34117463 2.8667681 72
-3.4783421 0.34811616 2.8720989 76.666664
-2.9334059 0.35172158 2.8740873 90
-2.3226852 0.34839961 2.8900394 99.666664
-0.93503982 0.36191142 2.8960545 97.333336
-0.69277328 0.34908932 2.8941295 120
-0.38713947 0.3404932 2.899775 111
-0.26879409 0.37738121 2.8887832 150
-5.0910258 0.49642372 2.8925204 80
-4.2022991 0.44287848 2.8907676 83.5
-3.8195786 0.47467661 2.8844557 99.5
-3.7073603 0.44617367 2.8685408 67.5
-3.4748721 0.43875265 2.8705542 75.5
-2.9308889 0.45571828 2.8701298 91
-2.3341277 0.45330906 2.8949318 101.33334
-0.92709661 0.43554601 2.8885777 110.66666
-0.89871675 0.49745521 2.8872077 95
-0.68900669 0.45763817 2.8950419 108.5
-0.32235575 0.47377181 2.8919196 46
-4.1980066 0.55738872 2.8937125 86
-3.7175968 0.55314904 2.8754113 76
-3.4787138 0.5449996 2.8704169 89
-2.9459324 0.54788864 2.8793786 92.333336
-2.3338299 0.54088777 2.8941538 107
-0.97565401 0.54912102 2.8888845 90
-0.89721507 0.55007666 2.892837 97.5
-0.68187809 0.56516856 2.8886948 150
-0.37336367 0.50781649 2.8802998 78
-0.0088069979 0.52822429 2.8992698 15
-5.0397506 0.62324893 2.8673313 111
-4.9548922 0.6035952 2.8814259 114
-4.1659369 0.66876948 2.8752856 99
-3.7409985 0.67135364 2.8611958 116.75
-3.4589314 0.64681482 2.8472633 74.5
-2.9250534 0.64344639 2.8549454 89
-2.3401432 0.63624722 2.8889458 107.66666
-2.2971117 0.66872942 2.8519502 150
-0.97011167 0.66364479 2.8878906 101
-0.89123982 0.64261478 2.8895047 103.33334
-5.0677514 0.76141745 2.8891263 74
-4.95995 0.732575 2.8880768 96
-3.468189 0.71880186 2.8490911 81.5
-2.9325194 0.73465586 2.8506401 109
-2.3302755 0.74934375 2.8687882 121
-0.96316701 0.73962325 2.881752 87
-0.88238591 0.72242934 2.8808248 150
-0.41711754 0.756504 2.8842735 150
-5.0632782 0.89544123 2.8911152 77
-4.9727564 0.86655456 2.897552 82
-0.96050256 0.81644118 2.8824635 90
-4.1819263 0.93697774 2.8998494 47
-3.7678127 0.95959663 2.8774242 33
-3.5477753 0.95514143 2.8896852 94.5
-2.9892988 0.95646346 2.8920705 53
-2.3573294 0.98871058 2.8958392 97
-0.71308523 0.96673298 2.8945997 150
-5.0601954 1.0314629 2.8928294 89
-4.8107719 1.0927942 2.8030856 31
-3.8000655 1.0790488 2.8833752 64
-3.5783818 1.0926119 2.8849993 71
-3.743834 1.1195109 2.8658237 81
-3.5197613 1.1087502 2.8414969 39
-2.9394896 1.1230795 2.8042195 30
-2.4200406 1.1257756 2.8975563 85
-2.3407917 1.1297226 2.8440857 40
-0.53801143 1.1652979 2.8239222 58
-0.8652491 1.2268354 2.8785951 115
-0.98686117 -5.6788855 2.9576805 12
-0.94575566 -5.3591433 2.9471407 3.5
-0.91846091 -4.301712 2.9446323 18
-0.88210851 -4.3084402 2.9326563 2
-1.2310207 -3.5197198 2.902842 12
-1.2247794 -3.4538653 2.915844 10
-1.2185943 -3.3296943 2.9214549 35.5
-1.211078 -3.2065272 2.923841 116
-0.81279153 -2.4630127 2.9091666 53.5
-1.0544471 -2.1002357 2.904532 121
-0.686055 -2.1171212 2.901916 150
-0.35557878 -2.0040636 2.9203224 6
0.054176874 -1.9902141 2.9508998 37
-1.1466466 -1.5074576 2.9228377 41
-0.4201259 -1.459342 2.9312282 30
-0.37008792 -1.4360466 2.9259882 62
-1.1249431 -1.3154484 2.9172165 71
-1.035778 -1.339494 2.9230814 150
-0.42321998 -1.374317 2.9353204 99
-0.37108904 -1.3480755 2.9226835 89
0.0012112916 -1.371122 2.9386051 28
-1.1224487 -1.2283698 2.9254825 68
-1.0313632 -1.2224017 2.9202521 100
-0.42393327 -1.2085947 2.9337988 128
-0.0081535224 -1.2110815 2.9301727 115
0.082974002 -1.2319723 2.9240651 33
-0.97102958 -1.1652759 2.9159791 139
-0.63991487 -1.167071 2.9039416 118
-0.31543428 -1.1850584 2.9007654 150
-1.2515297 -1.0647215 2.9023223 116
-1.1029955 -1.0496085 2.9198699 76
-1.0126978 -1.0534344 2.9250107 90.666664
-0.96061885 -1.0508411 2.9099102 129.5
-0.63418961 -1.0560391 2.9065106 116.5
-0.42203885 -1.0455421 2.9270008 110
-0.35087177 -1.050079 2.9147403 107
-0.017266417 -1.0600548 2.9306631 100
0.074435487 -1.074994 2.9223986 46
-1.0550406 -0.96446311 2.9221377 81.5
-0.9739719 -0.93391824 2.9130964 115
-0.74638104 -0.90672302 2.9142585 119
-0.62922055 -0.94503218 2.906009 126
-0.51708674 -0.94542366 2.9027092 124
-0.42169011 -0.96651578 2.9260783 109
-0.33954275 -0.94907212 2.9107614 104
-0.022617461 -0.94952816 2.9278531 99
0.068539813 -0.96297663 2.9260931 46.5
-1.043252 -0.87750924 2.9137139 86.5
-0.9679547 -0.8559134 2.9122519 105
-0.74830866 -0.82836974 2.9173846 131
-0.62433112 -0.83751708 2.9065318 122
-0.50809914 -0.80240852 2.9025562 120
-0.41905552 -0.85047561 2.9201589 106.5
-0.32579064 -0.85571867 2.9073999 112.66666
-0.026575545 -0.84200257 2.9267883 103
0.064721733 -0.85199028 2.9252467 53
-0.97172821 -0.76137173 2.9168577 103.8
-0.80350006 -0.76544458 2.9029527 117
-0.74532676 -0.74982524 2.9200161 103
-0.61952126 -0.73299384 2.9080756 123
-0.41852552 -0.7384361 2.918772 101
-0.36704019 -0.74313438 2.9140246 96
-0.029896222 -0.73697424 2.9243588 99.5
0.062941924 -0.74154234 2.9187398 49.5
-0.96637452 -0.64438432 2.9138622 95.5
-0.77916837 -0.66525167 2.9115412 113
-0.41768545 -0.66540885 2.9191747 112
-0.36574525 -0.63307649 2.9176414 95
-0.29577261 -0.64298642 2.9024806 139.5
-0.032731183 -0.63394743 2.9232535 113
0.061397932 -0.63504869 2.9189644 55
-0.95045108 -0.54920793 2.9144382 103.25
-0.734649 -0.56886381 2.9117086 116
-0.61214828 -0.56047463 2.9082685 135.5
-0.45480371 -0.5563755 2.9098997 119.25
-0.36193776 -0.55712909 2.9111271 97
-0.29161158 -0.54144675 2.9060912 148
-0.035091132 -0.53303838 2.9234548 110
0.06048099 -0.56506002 2.9180734 64
-1.0484929 -0.47154012 2.9069316 93
-0.95624459 -0.44593963 2.9148331 97.75
-0.76366597 -0.44922802 2.9066811 118
-0.60823756 -0.45991111 2.9147871 131
-0.45041129 -0.45184332 2.9093113 120.5
-0.35659385 -0.43101972 2.9104724 125.5
-0.037811466 -0.43413454 2.9267981 112
0.059004564 -0.46251026 2.9266024 58
-1.0406444 -0.3554998 2.9081059 93
-0.93621176 -0.35127449 2.90558 114.75
-0.77164418 -0.34939718 2.9042172 129
-0.60356474 -0.35892457 2.9118323 143.5
-0.44628817 -0.34880668 2.9099264 127.5
-0.37073779 -0.34107435 2.9115241 113.5
-0.2811152 -0.34038135 2.9114742 144
-0.03759145 -0.33459938 2.922699 116
0.061031893 -0.35906142 2.9202352 62
-1.0349561 -0.24044421 2.9115939 100
-0.93948239 -0.25351292 2.9086788 101
-0.74050725 -0.23407748 2.9074819 131
-0.59945327 -0.25988129 2.9158704 146
-0.44276536 -0.24676953 2.9130211 127
-0.36666605 -0.23807736 2.9106963 123.75
-0.27832243 -0.2724483 2.9011667 150
-0.038094305 -0.23707496 2.9248779 117
0.062918931 -0.25855333 2.9226198 61
-1.0245253 -0.16448329 2.9026661 93
-0.92525458 -0.15800783 2.90645 112.75
-0.72746509 -0.14763032 2.9067781 113
-0.59514153 -0.15985824 2.9174085 136
-0.43805173 -0.14525229 2.910274 124.75
-0.34927827 -0.13013646 2.913784 99
-0.037750654 -0.14004669 2.9252417 115
0.066310659 -0.15810016 2.9168975 61
-0.93694836 -0.061454047 2.9027853 103.33334
-0.73335457 -0.045527212 2.9078786 136
-0.37089089 -0.041993164 2.90832 148.5
-0.26557189 -0.04085679 2.9095116 150
-0.035230748 -0.04401236 2.9233067 115
0.069433086 -0.058069669 2.9225993 61.5
-0.90921062 0.052134585 2.9075067 126.33334
-0.72810966 0.059330698 2.907526 119
-0.69212997 0.072187088 2.9028804 136
-0.58669686 0.038524318 2.9108984 145.5
-0.45846137 0.044158611 2.9103894 149
-0.35032979 0.066916689 2.9083867 136.5
-0.25940681 0.056684028 2.9132991 143
-0.033555366 0.051018175 2.9231806 114.5
0.075722165 0.039881416 2.9165695 54
-0.9183529 0.15554757 2.9004519 100
-0.89992362 0.13544098 2.913702 135
-0.72950369 0.14946015 2.906805 119.66666
-0.58275247 0.138071 2.9169283 128
-0.45321631 0.14360131 2.9122245 150
-0.36939853 0.14654206 2.9079816 123.4
-0.25338215 0.15719151 2.9125383 148
-0.031035209 0.14705245 2.9212427 119
0.082000315 0.13887334 2.9165754 59
-0.91608363 0.22958529 2.902221 104
-0.89726883 0.23539621 2.9106486 135.5
-0.71390134 0.2476052 2.9058304 121
-0.57916248 0.23705222 2.9149084 137
-0.44686764 0.24408537 2.9076042 146
-0.34924945 0.24889319 2.905997 117
-0.24659956 0.25672168 2.914854 148
-0.026279615 0.24308938 2.9192419 117
0.090692699 0.23781331 2.9088888 53
-0.91123182 0.30360726 2.900775 109
-0.89461416 0.33535147 2.9075966 128
-0.73353094 0.36172575 2.9138861 132.5
-0.57449579 0.33702627 2.9119644 140
-0.4411512 0.34561756 2.9109519 144
-0.33844328 0.3566581 2.9108944 129.33333
-0.23907985 0.35773015 2.9142077 136.5
-0.02236853 0.33812252 2.9190502 119
0.095399953 0.30392283 2.9127431 54
0.101367 0.36785847 2.9040456 50
-4.9901309 0.47864115 2.9008739 77
-0.89456123 0.43636122 2.9118521 130
-0.72910106 0.46470463 2.9081557 127
-0.5710271 0.4390195 2.9114161 134.5
-0.43531623 0.44814074 2.9127975 141.5
-0.34901682 0.43389919 2.9028134 104.5
-0.01667575 0.43367052 2.9103093 108.5
0.1077271 0.43486977 2.9065011 44
-0.89343148 0.53936434 2.9151783 133
-0.72602552 0.5347051 2.9070125 130
-0.56648183 0.54200554 2.9099438 141
-0.42948127 0.55266392 2.9146304 133
0.11935819 0.56994098 2.9186041 2
-0.8935138 0.64333963 2.9148889 129
-0.72261095 0.6412797 2.90868 132.5
-0.5647431 0.61102492 2.9125345 147
-0.42305344 0.65564179 2.9089954 142.5
-0.89251918 0.74930829 2.9136703 129
-0.72066116 0.7508257 2.9152534 127
-4.9757757 0.9989208 2.901969 83
-3.021908 0.95007735 2.9031718 73
-2.4025517 0.97885364 2.9061954 104
-0.89171475 0.96416891 2.901087 150
-0.40542978 0.98570192 2.9128926 122
-3.0205064 1.0819408 2.9034538 95
-0.40114886 1.0647641 2.9217775 132
-3.0567005 1.1015871 2.9082198 122
-0.39607751 1.1427658 2.9206996 150
