# .PCD v0.7 - Point Cloud Data file format
VERSION 0.7
FIELDS x y z intensity
SIZE 4 4 4 4
TYPE F F F F
COUNT 1 1 1 1
WIDTH 4807
HEIGHT 1
VIEWPOINT 0 0 0 1 0 0 0
POINTS 4807
DATA ascii
-8.8102856 35.906746 -19.459881 12
24.037127 1.7192209 -1.6629243 4
24.061104 1.3756832 -1.5945276 4
23.467791 2.9920101 -1.1392585 56
-16.99959 -1.1613539 -1.0281641 4
23.952755 2.369837 -1.0107924 10
23.961861 2.716296 -1.0850292 5
24.008539 2.0323007 -0.94511175 19
24.010811 1.3412136 -0.82289505 25
24.019014 1.6887604 -0.88122839 17
23.914312 2.6117945 -0.84979481 16
-10.564666 -1.7697219 -0.7626006 4
12.758895 0.17623414 -0.73717391 1
8.077364 1.3113538 -0.73659045 2
15.296268 2.1403909 -0.78463238 2
23.943567 2.2463109 -0.76394629 25
6.2050457 1.1456763 -0.60838187 17
6.1458402 1.2125245 -0.63234609 2
23.97979 1.5082415 -0.60943079 93
23.969875 1.8807931 -0.68369645 74
18.030376 0.48259866 -0.53720635 26
18.689119 0.77004403 -0.59407902 63
3.1930392 1.0230137 -0.50074685 4
3.2566221 1.0030479 -0.50842321 5
3.4714015 1.0020448 -0.5022428 7
3.2980475 1.1010133 -0.50585419 4
3.369772 1.169013 -0.50110441 4
3.3935797 1.2323395 -0.50293481 6
8.0130939 1.6452417 -0.51808995 39
12.782742 1.9407225 -0.59908038 1
6.7205448 -1.9625388 -0.46755517 0
7.0359807 -1.9526103 -0.46730673 1
7.2864461 -1.9136378 -0.4630419 1
7.6188211 -1.8897257 -0.46466982 0
-5.2608371 -1.2910995 -0.45276701 1
-4.8857789 -1.2750618 -0.43685347 9
-4.5739818 -1.2660323 -0.42529285 13
-4.2602382 -1.2450016 -0.41264758 19
-1.7558695 -1.0198663 -0.43802595 29.666666
-1.6228476 -1.0148391 -0.43319193 40.200001
-1.3271418 -1.0063834 -0.43327409 11
-1.2520952 -1.0145384 -0.43242946 6
-1.71184 -0.97589439 -0.46367371 9
-1.6363118 -0.96583843 -0.46352133 12.5
-1.550191 -0.93787998 -0.46146712 9.333333
-1.3284016 -0.98313349 -0.44970822 12.333333
-1.2783178 -0.92572516 -0.46452445 3
-1.1529274 -0.9985469 -0.44514021 9
-1.0465996 -0.9697457 -0.45151705 8.2307692
-0.95708507 -0.93588227 -0.45757166 3
-0.82954186 -0.96268004 -0.45467755 11
-0.79774427 -0.93924159 -0.45572042 8.666667
-0.61836261 -0.95258564 -0.43972453 15.181818
-0.55978918 -0.94430512 -0.44272947 12
-0.48093644 -0.94563788 -0.43680698 15.6
-0.34541923 -0.94322127 -0.42653492 18
-0.24920012 -0.92850083 -0.44407395 11.666667
-0.1580552 -0.92020291 -0.44677693 13
-0.04154307 -0.91647655 -0.44108951 12.333333
0.061396301 -0.92154247 -0.43642983 12.833333
0.13486971 -0.92593169 -0.42908898 9.333333
0.25220591 -0.91108143 -0.43385738 10.428572
0.31538841 -0.91685897 -0.41487968 17
0.43475866 -0.90428412 -0.4127394 20.5
0.50467575 -0.90591866 -0.41084182 21
-1.6048414 -0.88688433 -0.45945519 6
-1.563664 -0.85088289 -0.45991677 6
-1.453565 -0.84785533 -0.46418619 8
-1.2299082 -0.86063796 -0.46332011 2
-1.1770419 -0.80772817 -0.46397108 1
-0.9768585 -0.85258478 -0.47150207 4
-0.83068323 -0.87683606 -0.46038148 2.5
-0.75606328 -0.83768338 -0.46596885 4.1666665
-0.60374409 -0.87604827 -0.47257853 6
-0.58756047 -0.84626406 -0.47521913 4.75
-0.4632836 -0.84394848 -0.47004411 6.1428571
-0.2266279 -0.8396228 -0.46353543 6.6666665
-0.13292859 -0.84476447 -0.46183243 6.6666665
-0.023783829 -0.84831017 -0.45984235 4.1428571
0.090348035 -0.86580575 -0.46629623 4.5
0.10062039 -0.81279737 -0.46189541 7
0.23591025 -0.86282176 -0.4573102 2
0.37157017 -0.84185016 -0.45707497 4.1999998
0.45006502 -0.86323214 -0.45398468 6.6666665
0.57892627 -0.8607083 -0.4465934 10.666667
0.61583352 -0.89495611 -0.41900909 20
0.76456809 -0.86111116 -0.4404856 10.166667
0.84766161 -0.86907989 -0.42436886 13
0.96483046 -0.83377182 -0.44755694 7.2857141
1.0471463 -0.85252261 -0.42484483 13.833333
1.1587586 -0.83191139 -0.4505986 8.5555553
1.2522285 -0.84257996 -0.43484327 10.857142
1.3351283 -0.83558255 -0.41374159 13
1.412776 -0.82576275 -0.45732379 7.5
1.5568246 -0.82250524 -0.45336679 9.333333
1.6709517 -0.81369495 -0.41099516 11
1.7389297 -0.81674695 -0.46202445 6.5
1.8752601 -0.80550104 -0.44231415 42.5
-2.1556506 -0.70198125 -0.4457761 4
-2.0598454 -0.71548045 -0.44587472 4
-1.9456145 -0.73197961 -0.44815189 5.5
-1.8344297 -0.74247861 -0.44958094 6
-1.7289331 -0.74797773 -0.45139554 8
-1.6280588 -0.72744846 -0.45151266 9.25
-1.5433612 -0.73044658 -0.45287025 3.75
-1.4593519 -0.74016446 -0.45427153 2.25
-1.3985734 -0.78692096 -0.46243769 7
-1.1486907 -0.75786173 -0.46181327 1
-0.92588913 -0.76624477 -0.467971 1.6
-0.72502059 -0.76906013 -0.46820173 2.4000001
-0.64375848 -0.75488842 -0.45969558 5.9000001
-0.57179701 -0.75779849 -0.46841115 3.5999999
-0.41321164 -0.77289689 -0.46438035 6
-0.35527515 -0.73925799 -0.46290737 5
-0.26446092 -0.73632944 -0.46226177 4.75
-0.16254224 -0.75365841 -0.46262568 5.5
-0.047470946 -0.75124353 -0.46041971 5.7142859
0.048634052 -0.7476204 -0.45648608 2.4000001
0.12702671 -0.7592513 -0.45902181 2.4000001
0.34399581 -0.74454015 -0.46312237 2.7777777
0.44641718 -0.74621058 -0.46192876 5
0.53331608 -0.7565434 -0.4500832 5.75
0.68663031 -0.73479664 -0.44999352 6
0.74004924 -0.756832 -0.4520455 5.4000001
0.85473949 -0.73708224 -0.45437416 4
0.95193744 -0.73975086 -0.45941368 4.625
1.0587963 -0.75001317 -0.45882329 3.8571429
1.1492106 -0.77051204 -0.45928064 4.5
1.2826174 -0.75266534 -0.47246647 4.3333335
1.389787 -0.72777337 -0.46487612 3
1.4036077 -0.77077484 -0.46609372 4
1.5478364 -0.74634999 -0.47616225 3
1.7116728 -0.73625696 -0.4698655 9
1.8846405 -0.72429013 -0.47992551 11.5
1.9263734 -0.79131055 -0.48165047 19
2.055763 -0.7967217 -0.41919878 40
2.1153965 -0.76275492 -0.46426097 19.666666
2.3621697 -0.77597922 -0.41357091 43
2.4616499 -0.76092619 -0.45701253 29.75
2.5297461 -0.76180071 -0.44576034 27.333334
2.6134319 -0.76284736 -0.43293053 28
2.7189486 -0.74835527 -0.47697759 6
-7.7378521 -0.64525223 -0.46844506 5
-2.4342935 -0.62998307 -0.43873477 3
-2.3389125 -0.65798241 -0.44035563 3
-2.2451992 -0.68098181 -0.44266108 3.5
-2.0247779 -0.61243314 -0.44220132 5
-1.9374425 -0.63692981 -0.4432148 5.5
-1.8670461 -0.66343027 -0.44787705 6
-1.758165 -0.680924 -0.44674957 7.3333335
-1.6821164 -0.6959222 -0.44900286 8
-1.3523043 -0.67283303 -0.44246948 1
-1.0260743 -0.68416142 -0.45189607 0.25
-0.94771045 -0.66830391 -0.45533329 3.125
-0.84689158 -0.63914227 -0.45271111 3.2222223
-0.75506294 -0.6165266 -0.45469508 5.125
-0.55127406 -0.66108513 -0.46398735 5
-0.4940317 -0.61278176 -0.46730116 5
-0.33306277 -0.64517343 -0.46952119 3.6666667
-0.25099528 -0.63865227 -0.46350533 4
-0.15274085 -0.64693666 -0.46402252 4.6666665
-0.030564904 -0.65938544 -0.46312648 3.8
0.050859693 -0.63532108 -0.45702645 4.5
0.14816879 -0.65156192 -0.45860365 4.8571429
0.22733454 -0.63457537 -0.45634928 4.2857141
0.33657804 -0.65203917 -0.4660202 7
0.46278644 -0.65355384 -0.45782891 3.8333333
0.50611675 -0.69004071 -0.45120323 5
0.65193528 -0.64702451 -0.45132405 5.1111112
0.76384389 -0.63862127 -0.45206437 4.8888888
0.84128726 -0.65177608 -0.45459607 4.9333334
0.94436169 -0.65347296 -0.45933893 5.9444447
1.0428234 -0.66656893 -0.46514744 5.8000002
1.1433066 -0.65578085 -0.46807504 6
1.2531396 -0.64533228 -0.47366941 5.3333335
1.3728851 -0.65644598 -0.46928716 3.6666667
1.4869787 -0.61230451 -0.47118914 3
1.5141131 -0.66883767 -0.47475943 3
1.6723986 -0.65225625 -0.46731344 8
1.8384466 -0.64376879 -0.47816002 12
2.0687242 -0.65876245 -0.470671 9.5
2.4566824 -0.65526253 -0.47651839 7.5999999
2.6581078 -0.65635747 -0.47779849 6
-2.7320826 -0.52098507 -0.43325576 2
-2.6407311 -0.56398451 -0.43637946 2.5
-2.5291154 -0.59798366 -0.43628508 3
-2.23632 -0.52794105 -0.43944699 3
-2.151896 -0.56543767 -0.44029492 4
-2.0882692 -0.58993566 -0.4415943 4
-1.5346565 -0.51392555 -0.4494766 8.5
-0.80203581 -0.52790123 -0.46645916 0
-0.77526039 -0.5207392 -0.45571959 0
-0.64172822 -0.55861336 -0.45778543 3.7272727
-0.51128381 -0.54799992 -0.46156996 3.75
-0.4506253 -0.56164616 -0.46375915 6
-0.3398228 -0.54544449 -0.46298164 5.8000002
-0.27542979 -0.54660726 -0.46396047 5.8000002
-0.16135086 -0.55813783 -0.45758477 4.8333335
0.057665944 -0.54570442 -0.45933235 5.25
0.16219421 -0.54340011 -0.4591836 5.25
0.22749439 -0.55338162 -0.45985627 5.3000002
0.34671497 -0.54746377 -0.46135893 6.0833335
0.45249319 -0.56490016 -0.46076211 3.2
0.58269435 -0.5359996 -0.44748965 3.5999999
0.65139014 -0.54697114 -0.4553318 5
0.75481147 -0.55106914 -0.45679048 4.7647057
0.83479357 -0.55916411 -0.45713332 4.8800001
0.932253 -0.55630177 -0.46723118 5.5
1.0518174 -0.55300486 -0.47577313 6.75
1.1253126 -0.54402852 -0.46681094 6.75
1.2273158 -0.54998153 -0.472363 5.3333335
1.3477722 -0.55611449 -0.47068349 6
1.4691588 -0.55199718 -0.4751046 3.6666667
1.6330396 -0.55875617 -0.46536615 3.3333333
1.7879379 -0.53976756 -0.47911951 7.5
1.8195437 -0.59430146 -0.48285156 2
1.9981438 -0.5217644 -0.46839857 10
2.0264893 -0.5787642 -0.47002473 11
2.3682661 -0.56064552 -0.4772633 8
2.4142306 -0.5477879 -0.47397661 7.5
2.5752063 -0.51286024 -0.47623998 6
2.6127026 -0.57385939 -0.47859153 6
-2.8794312 -0.43748578 -0.4273369 1
-2.7880795 -0.4889853 -0.4304603 3
-2.4180775 -0.42394638 -0.43518072 3
-2.3513942 -0.45944345 -0.4355171 3
-2.2910931 -0.49494126 -0.43637273 3
-1.817142 -0.41593134 -0.4446626 5
-1.7360694 -0.42667282 -0.4441483 5.75
-1.6624789 -0.45992166 -0.44674891 7
-1.5391402 -0.48441112 -0.44700301 8.5
-0.92463404 -0.45655778 -0.45463309 1.2857143
-0.8818298 -0.43438157 -0.45041981 4.6666665
-0.75177675 -0.45191458 -0.45440921 4.4545455
-0.61241853 -0.45148253 -0.4603304 5.1428571
-0.5654456 -0.45323291 -0.4610517 6.3333335
-0.47188425 -0.45643917 -0.4609274 7.3333335
-0.33616269 -0.45648181 -0.46109125 8.5384617
-0.27137473 -0.46402952 -0.45784888 6.4166665
-0.070434079 -0.4466905 -0.45890111 2.5
0.057960279 -0.44957858 -0.46010736 5
0.16615699 -0.45399734 -0.45936444 5.5454545
0.22614475 -0.44380388 -0.46212408 5.5454545
0.34334278 -0.45208785 -0.45917884 6.7894735
0.43873626 -0.4365899 -0.45752388 5.1999998
0.58379525 -0.48484474 -0.44045827 2
0.66928893 -0.44787472 -0.4461112 4
0.75039083 -0.45768857 -0.45454997 5.8571429
0.83520526 -0.44894925 -0.4606328 6.3000002
0.93395174 -0.45126066 -0.46513918 5.625
1.040064 -0.45051318 -0.47747788 6.5
1.1321533 -0.4352881 -0.47132778 6.1999998
1.2075649 -0.46697426 -0.47220111 7
1.3209356 -0.45102835 -0.46818101 8
1.4391339 -0.45359796 -0.4782477 4
1.5899582 -0.41926014 -0.46687233 4
1.6082693 -0.47925937 -0.4670853 4
1.741814 -0.44573435 -0.4757812 8.5
1.9722104 -0.45476612 -0.46878538 6.6666665
2.3443081 -0.45505181 -0.47566819 8.166667
2.549093 -0.44186196 -0.47778091 8
-3.0367866 -0.34298679 -0.42552474 0
-2.9760656 -0.38298643 -0.42668125 0
-2.5215907 -0.32094595 -0.42873773 2
-2.4583941 -0.38094527 -0.43152964 3
-1.9545771 -0.33226678 -0.43960392 4.6666665
-1.8635336 -0.35492453 -0.44169492 5
-1.7775218 -0.37791663 -0.4411971 6
-0.84662676 -0.34680319 -0.45125005 4.5714288
-0.71737486 -0.35970095 -0.45355996 6.1666665
-0.69085187 -0.34376043 -0.44656816 7.4000001
-0.57684278 -0.34946498 -0.45310512 7
-0.47170436 -0.34724775 -0.46234053 9
-0.352595 -0.38397887 -0.45077476 6.6666665
-0.16609246 -0.34014511 -0.45123485 3.6666667
-0.050641082 -0.34931266 -0.45538226 5.818182
0.078290433 -0.35872701 -0.46083048 5
0.16585311 -0.35441175 -0.45722452 5.9000001
0.23987752 -0.35187832 -0.46236992 5.875
0.35718253 -0.35176799 -0.45973891 6.4000001
0.45121831 -0.34403995 -0.45800343 6.8571429
0.52455509 -0.34013557 -0.44437736 4.75
0.69077688 -0.38796148 -0.4455519 2.3333333
0.76502168 -0.36871579 -0.44650531 5.5
0.83792198 -0.34322923 -0.4577443 6.1999998
0.9290266 -0.35015544 -0.4605127 6.0999999
1.0449587 -0.33708119 -0.46849272 6.2857141
1.155116 -0.35893831 -0.46667156 6
1.2963233 -0.32327715 -0.4668881 7
1.336464 -0.35329083 -0.47063985 5.6666665
1.4163717 -0.36502567 -0.4803547 4
1.572577 -0.34976086 -0.46633163 3.3333333
1.6941447 -0.32219774 -0.47330284 2
1.7058507 -0.3612034 -0.47315127 2
1.9351702 -0.34501681 -0.46703768 5.5
2.276963 -0.3596479 -0.47612453 7.6666665
2.3401823 -0.35379124 -0.47405908 7.6666665
2.5167704 -0.34019712 -0.47781762 6.6666665
-3.1583662 -0.23148626 -0.41958916 0
-3.086961 -0.29998705 -0.42303854 0
-2.6141791 -0.22444862 -0.42664737 3
-2.5638552 -0.27294585 -0.42618936 3
-2.0539436 -0.25243819 -0.43646139 3.75
-1.9600732 -0.24442112 -0.43727437 3.75
-1.8984021 -0.29791972 -0.43875781 4
-0.82163525 -0.25738633 -0.45331696 4.1666665
-0.78035027 -0.24033272 -0.44807366 6
-0.66622204 -0.25145429 -0.44783276 5.909091
-0.5528143 -0.25047415 -0.4574587 7.7142859
-0.43653554 -0.2446209 -0.46371067 8
-0.34624186 -0.25061083 -0.46194464 7.6999998
-0.21257627 -0.23616822 -0.43707752 4.6666665
-0.13640925 -0.24808329 -0.45444584 6
-0.027396033 -0.26235422 -0.45260647 4.8333335
0.084236167 -0.25373548 -0.45528695 6.125
0.12857127 -0.20982037 -0.45159131 5.875
0.24196115 -0.25731155 -0.46109644 4.5
0.3658554 -0.25068557 -0.45789981 5.8499999
0.46383211 -0.25132176 -0.45844379 5.8461537
0.55753821 -0.23813955 -0.45522365 6
0.60182834 -0.24027815 -0.4414112 5.5
0.79806197 -0.2430108 -0.45399064 7
0.84580743 -0.24374801 -0.45274159 6.2307692
0.92836082 -0.25272796 -0.45656717 5.8888888
1.0532901 -0.24587138 -0.46464229 5.4000001
1.1607184 -0.2502276 -0.46295014 5.3333335
1.2865289 -0.24397524 -0.46529084 6.1999998
1.3739495 -0.24605915 -0.46847495 3.8
1.5570151 -0.24896236 -0.46687952 3
1.6750755 -0.24959223 -0.47297454 2
1.9175382 -0.24610125 -0.46759984 7.3333335
2.2580893 -0.25694373 -0.47271723 7
2.3228712 -0.25929174 -0.47318208 8
2.496356 -0.22986528 -0.47616836 4.5
2.5041294 -0.27586478 -0.47748798 7
8.5879574 -0.24275522 -0.44257265 12
-2.6515791 -0.15394752 -0.42317447 3
-2.1551652 -0.14744142 -0.43387246 4.25
-2.0419657 -0.14917257 -0.43452561 4
-0.81552196 -0.10775575 -0.44590059 6
-0.75433046 -0.14745031 -0.44286725 5.6363635
-0.63246346 -0.14118992 -0.44734475 6.25
-0.53220791 -0.15077887 -0.4600563 7.5
-0.42967501 -0.14867879 -0.45473525 7
-0.33756116 -0.14953738 -0.46065834 7
-0.15494367 -0.156131 -0.45230481 5.5
-0.063800573 -0.14610976 -0.4536128 5.5833335
0.037988551 -0.1351607 -0.45938781 5.7142859
0.12578142 -0.14696996 -0.45571187 5.9523811
0.2449971 -0.1467521 -0.4589687 5.1111112
0.36793736 -0.15662614 -0.44425109 4.375
0.4522554 -0.15454081 -0.45577931 6.0714288
0.55125564 -0.15116903 -0.45750317 5.5357141
0.84108537 -0.14064877 -0.45168009 5.5
0.93496346 -0.14428915 -0.45796701 5
1.0439633 -0.14915432 -0.46217862 5.181818
1.1534321 -0.14804837 -0.46622688 5
1.2701249 -0.14751306 -0.45565933 5.75
1.3606703 -0.14505872 -0.4689993 4
1.550328 -0.14326328 -0.46732581 3
1.6582043 -0.14718844 -0.47280979 2
1.912801 -0.15301725 -0.46735263 4.5
2.2332854 -0.14848404 -0.47237283 6.5
2.317601 -0.15504184 -0.47130018 6.75
2.4969318 -0.15453281 -0.47538209 5
8.8469791 -0.1259997 -0.46945894 20
-2.2366908 -0.04394393 -0.43486926 5.6666665
-2.1368752 -0.029260887 -0.43798181 4.6666665
-2.0846362 -0.083923094 -0.43259659 4
-0.80641699 -0.078757092 -0.44715089 5
-0.75388443 -0.04766148 -0.4402726 5.7142859
-0.64829689 -0.053796615 -0.44752729 6.6666665
-0.53659981 -0.046980254 -0.45493427 7.1111112
-0.42630816 -0.048297241 -0.44928029 6.7692308
-0.33854875 -0.055252332 -0.45653278 7.4000001
-0.29844549 -0.024549572 -0.46255606 7
-0.166399 -0.049701344 -0.44656259 5
-0.081501827 -0.045633838 -0.44836789 5.4000001
0.031939398 -0.048420399 -0.45654106 5.4285712
0.13774982 -0.045632359 -0.45701906 6.1875
0.24532746 -0.048841443 -0.45335454 4.8125
0.36265203 -0.046469007 -0.45685521 4.7272725
0.46457431 -0.049471237 -0.46004221 5.590909
0.53492236 -0.05632811 -0.46269974 6.0555553
0.83179188 -0.056685448 -0.46071509 6.818182
0.93149787 -0.048928637 -0.45755494 6
1.0483047 -0.051028658 -0.46187899 4.9166665
1.1506642 -0.05209272 -0.46803364 5
1.2723622 -0.049929004 -0.45525083 5
1.3525146 -0.04883986 -0.46751732 3.2
1.5515563 -0.053261053 -0.46522045 2.25
1.6500221 -0.050172824 -0.47091475 2
1.9193906 -0.05051589 -0.46549129 4
2.2418423 -0.04398549 -0.4722777 6.25
2.3328037 -0.054458629 -0.47072187 7
2.5170741 -0.052117866 -0.47487789 4
8.9039383 -0.0031279218 -0.48640221 5
-2.7112451 0.053055447 -0.4162302 3
-2.2376289 0.034557547 -0.42619431 4
-2.1378372 0.061823647 -0.42334783 5.75
-0.75516349 0.043195285 -0.43829635 5.6923075
-0.6593551 0.043973994 -0.4404012 6.1666665
-0.5520457 0.054050479 -0.44675806 6.8888888
-0.43427053 0.051994897 -0.44937006 7
-0.34256899 0.046829883 -0.45268762 12.75
-0.29451859 0.039236903 -0.45606685 7.75
-0.16483295 0.049033307 -0.43948179 4.5
-0.072652623 0.054196525 -0.44431925 4.818182
0.038234033 0.041963592 -0.45620278 5.6363635
0.13249423 0.05390694 -0.45566049 6.2857141
0.25091469 0.048141178 -0.45728761 4.6363635
0.36888117 0.050729439 -0.45669076 5.0384617
0.46507323 0.048677545 -0.45986715 5.6111112
0.53218222 0.053848132 -0.46384251 5.8333335
0.84753585 0.054103911 -0.46274725 7.6666665
0.94314802 0.052735478 -0.4560532 7
1.0403978 0.038998313 -0.46260992 6
1.1351924 0.058363989 -0.46460566 5.3333335
1.2829673 0.054639053 -0.45448652 6
1.3515857 0.052117512 -0.46446368 6.5
1.5670836 0.045640144 -0.46479234 3
1.6567032 0.054234646 -0.46977776 2
1.9467311 0.050734922 -0.46553963 4.5
2.2704077 0.059016477 -0.4721595 5.75
2.3716273 0.045708638 -0.47052783 4.75
2.5574849 0.049464017 -0.474852 3
-2.1304491 0.14307852 -0.42627844 4.3333335
-0.81917912 0.19015026 -0.4311024 4
-0.75437093 0.14687352 -0.43733016 4.6875
-0.65618211 0.15265547 -0.43859279 5.5454545
-0.55595511 0.15401448 -0.44681564 7.7142859
-0.4404318 0.15150204 -0.44733003 7.0769229
-0.33956984 0.14192781 -0.44006297 6.7142859
-0.25982249 0.14285435 -0.43324208 5.8333335
-0.16013357 0.14298488 -0.44024077 4.9523811
-0.050696712 0.14815378 -0.44794044 5.4000001
0.058434486 0.1664779 -0.45649439 6.4285712
0.13411553 0.15279751 -0.45723614 6.2857141
0.25726268 0.15076271 -0.46033919 5.5263157
0.37209725 0.15104829 -0.45767036 5.3333335
0.46151009 0.1451415 -0.45831344 5.818182
0.54730833 0.15124935 -0.46454048 5.5238094
0.60189301 0.19216268 -0.47312808 6
0.85342836 0.14930424 -0.4650619 8.1999998
0.93757498 0.14717284 -0.45238695 7.1999998
1.0077817 0.14255698 -0.46028915 6.1666665
1.1360649 0.15034868 -0.46213245 5
1.2951021 0.12223972 -0.45423904 6
1.3440474 0.16257411 -0.46155176 5.125
1.5875775 0.13524389 -0.462201 3
1.6627623 0.15690866 -0.46841344 2.2
1.9840283 0.14256984 -0.46525633 2
2.0104735 0.19723819 -0.4643845 6
2.2940369 0.12501675 -0.47079253 7
2.3174963 0.16601621 -0.4725543 8.5
2.4296918 0.15020993 -0.47019044 4
2.6156394 0.14079686 -0.47646156 3.6666667
-2.6795306 0.26506165 -0.4106257 3
-2.2355664 0.27905735 -0.42155254 4
-2.1190813 0.23057646 -0.41763714 4.5
-2.0860724 0.2850827 -0.42086551 5
-0.83539808 0.25457242 -0.42877299 4.3846154
-0.76876289 0.25039446 -0.43560314 4.2666669
-0.66336077 0.2458079 -0.4337346 6.3333335
-0.56207377 0.25069502 -0.44182751 7.1666665
-0.43199104 0.24818908 -0.44620901 7.3571429
-0.33685821 0.23644669 -0.44457012 6.8000002
-0.26163319 0.23298118 -0.43391234 4.4000001
-0.15372698 0.24648879 -0.43977088 5.3571429
-0.049280584 0.24836656 -0.44790787 5.8000002
0.085120827 0.24746363 -0.4541342 5.3333335
0.13847578 0.248394 -0.45917076 6.0625
0.24759932 0.24709797 -0.45954028 4.9000001
0.38087013 0.2474007 -0.45374298 5.25
0.46791917 0.24500889 -0.45997727 6
0.54579914 0.24782887 -0.46160114 5.625
0.61677945 0.22927295 -0.46452582 3.6666667
0.85012943 0.24866979 -0.45116568 7.375
0.94476849 0.25107625 -0.45486581 7.090909
1.0188941 0.24636166 -0.46454859 6.3333335
1.1447308 0.24562946 -0.45744532 5.0999999
1.3572183 0.25110745 -0.45824969 4.6666665
1.6499901 0.234271 -0.46373037 2.1666667
1.7127825 0.27449563 -0.46710026 2
2.046886 0.25457302 -0.46438444 5.3333335
2.3653231 0.25076517 -0.47151679 5.5
2.4842656 0.22871175 -0.46888718 4
2.5331869 0.27921161 -0.47203875 4
2.6666598 0.21963051 -0.47421941 3
2.7005107 0.2681309 -0.472247 3
-2.6282463 0.35639989 -0.40778151 3
-2.208631 0.32405815 -0.41921341 4
-2.168376 0.38305914 -0.41681093 4
-2.0512838 0.35283405 -0.42059314 4
-0.90340847 0.39922786 -0.42653221 5
-0.85119736 0.34820411 -0.42839885 4.6666665
-0.74772006 0.34113985 -0.4338333 4.0999999
-0.64937997 0.35456541 -0.43322694 6
-0.54093415 0.34207898 -0.43434748 6.9285712
-0.45423171 0.32368505 -0.43955255 7.3333335
-0.33441675 0.39977077 -0.43706462 8
-0.26130006 0.38276404 -0.43517962 5.4000001
-0.13596196 0.33764243 -0.44226941 5.1999998
-0.04824705 0.3405011 -0.44715104 7.3333335
0.086397521 0.34656644 -0.45670381 5
0.12671512 0.32090408 -0.45483041 6
0.24065256 0.34916431 -0.45285353 4.0999999
0.35799053 0.34580892 -0.45393762 5.2142859
0.45227939 0.34786791 -0.4578594 6.0625
0.5121882 0.35043898 -0.45658606 5.4000001
0.63219398 0.3949981 -0.46024942 2
0.72431546 0.36956 -0.46039331 4.3333335
0.85769498 0.35217014 -0.44915786 6.8461537
0.94021976 0.34584951 -0.4597103 6.1428571
1.0204532 0.35535643 -0.46337938 5.625
1.1657908 0.34712201 -0.45796901 5.6999998
1.3728033 0.34412023 -0.45543104 4.5714288
1.4216769 0.37675124 -0.46676245 3.5
1.6733803 0.3467536 -0.45769984 2
1.749572 0.36057717 -0.46662998 3.75
2.0825944 0.31424227 -0.46287537 7
2.1179538 0.36174366 -0.46298736 6.5
2.435992 0.35634732 -0.46976176 4.3333335
2.5708733 0.32971394 -0.46884316 3.5
2.6210039 0.38421533 -0.46867383 3
2.7526355 0.32113111 -0.47278777 3
2.8118882 0.37613121 -0.47441828 3
-2.5641477 0.46140209 -0.40887451 4
-2.1233506 0.43906105 -0.41525945 4
-2.0460567 0.4480744 -0.41730109 4.5
-1.966053 0.4654201 -0.4211382 6
-0.92841452 0.45339766 -0.42600217 2
-0.84835732 0.43769321 -0.42571482 3.4000001
-0.73327172 0.44552511 -0.42990786 4.9000001
-0.62652576 0.46405253 -0.43861747 5.3333335
-0.55266243 0.4416618 -0.42852136 5.8333335
-0.41671905 0.4911209 -0.43765113 4.6666665
-0.32787421 0.48094153 -0.43619779 5.875
-0.2620925 0.44644776 -0.44138685 5.5652175
-0.1867688 0.48721489 -0.44114029 3
-0.045601718 0.42120916 -0.44990963 4.4000001
0.077529751 0.45152876 -0.4523586 4.625
0.13799828 0.46218258 -0.46202159 5.1999998
0.22753961 0.45079052 -0.45726588 5.0769229
0.33713183 0.46116877 -0.46128753 5.1666665
0.42402744 0.44409996 -0.45538387 5
0.53122759 0.45639041 -0.45703557 4.25
0.67008072 0.44148299 -0.46023032 4.125
0.75729847 0.44244605 -0.46196732 3.2857144
0.83879381 0.45740625 -0.45838973 5.3846154
0.91942036 0.44578171 -0.4595567 5.3333335
1.0271931 0.44694313 -0.45922565 5.3333335
1.1817561 0.45173413 -0.4590987 6.25
1.2069901 0.45352519 -0.46327874 7
1.3937198 0.4272429 -0.45400089 4
1.4370025 0.45791897 -0.46364251 3.1666667
1.7557194 0.44608021 -0.46134272 3
1.8180646 0.48579818 -0.46911985 1
2.1727142 0.42974448 -0.4629747 6.5
2.2211859 0.48424453 -0.46367264 5
2.4852552 0.42101333 -0.4688735 4
2.5389211 0.47501278 -0.47034186 4
2.6657207 0.42321599 -0.46991521 3
2.7149079 0.46521676 -0.47128004 3
2.8579342 0.41613129 -0.47613204 3
2.9286051 0.47713166 -0.47740439 3
-2.4604645 0.55307502 -0.40730897 3
-2.0359752 0.52939647 -0.41593376 5
-1.943051 0.55973941 -0.417447 6.3333335
-1.8500537 0.54575866 -0.41857943 7
-1.7992874 0.58409232 -0.42146578 7
-0.89261633 0.50927371 -0.4264189 0
-0.75983876 0.50972265 -0.4309907 3
-0.65069526 0.53166586 -0.42958337 3
-0.54186291 0.54520547 -0.43565872 4.3333335
-0.44132996 0.54746664 -0.43947837 4.875
-0.35950351 0.54912329 -0.44107008 4.75
-0.24795793 0.53273481 -0.44234645 4.7647057
-0.15682174 0.55688906 -0.44349194 3.6666667
0.066435404 0.53032893 -0.44919419 4.1428571
0.12656063 0.55256313 -0.46345004 5.875
0.22119813 0.54382813 -0.45658857 5
0.35701662 0.53821564 -0.45768636 5.1999998
0.44718003 0.56971323 -0.45651793 4.6666665
0.55250353 0.54144472 -0.46035719 3.5
0.61600709 0.57830846 -0.4696092 4
0.75496483 0.54200673 -0.46091729 4
0.85302329 0.54433441 -0.4576236 4.4000001
0.92458463 0.54288399 -0.45504856 5.375
1.0435566 0.5486635 -0.45635012 6.125
1.2217032 0.55097401 -0.46076289 6.4285712
1.4685584 0.55226517 -0.46013165 3.4285715
1.7727939 0.51425982 -0.45680785 1
1.8327868 0.55439281 -0.46297082 4.5999999
2.2749104 0.54324734 -0.46295273 6
2.5948219 0.53201222 -0.47187102 4
2.6315055 0.57101184 -0.47242725 3
2.7570281 0.50621873 -0.46931934 3
2.8382096 0.57422042 -0.47067618 3
2.9966793 0.54013258 -0.47547436 3
3.0539627 0.58613324 -0.47525924 3
-2.3395884 0.63208151 -0.40647462 3
-2.2612653 0.6810841 -0.40787482 4
-1.9149171 0.6170643 -0.41836765 6
-1.8383335 0.6493991 -0.4169414 6.3333335
-1.7492402 0.6468305 -0.41968483 6.75
-1.6508443 0.64634752 -0.42147577 7
-1.5523578 0.67859972 -0.42397028 3.5
-1.4971371 0.68810213 -0.42261311 4
-1.3750296 0.69310862 -0.41690478 1
-1.0210493 0.69261831 -0.42229974 0
-0.96526951 0.69411582 -0.4311583 1.6666666
-0.8526547 0.6749801 -0.4278765 4
-0.7861771 0.64512187 -0.42925152 3
-0.50012356 0.64001119 -0.43770388 5
-0.45429733 0.62866694 -0.43685812 4.6666665
-0.33642027 0.65667754 -0.44320926 4.625
-0.27311447 0.62871528 -0.44075704 4.25
-0.14865211 0.6530149 -0.44281864 4.7777777
-0.097586088 0.60224867 -0.44421202 4
0.0014141113 0.69915044 -0.44918895 1
0.15438738 0.651824 -0.45867836 4.181818
0.22823854 0.63433391 -0.45320469 4.4285712
0.37449145 0.66270447 -0.45864451 3.8333333
0.44492429 0.63823998 -0.45654255 5.8000002
0.52906603 0.65806496 -0.45901778 3.6428571
0.66227758 0.63893121 -0.4617075 4.5
0.75473475 0.64930689 -0.4611271 4.5
0.85361636 0.64858425 -0.45972794 4.5
0.93087912 0.65367389 -0.45645466 5.3000002
1.0644654 0.66025913 -0.46092644 4.909091
1.2494807 0.64883989 -0.46080342 6.3333335
1.4890801 0.63024294 -0.45622024 3
1.5204479 0.66716069 -0.45712128 3
1.8673717 0.63179123 -0.45822191 5
1.918819 0.66332114 -0.46432325 7
2.355463 0.62875068 -0.46298802 4.5
2.6593702 0.60801154 -0.46826851 3
2.7125454 0.65401119 -0.47106481 3
2.9265802 0.64722288 -0.47088969 3
3.1419117 0.65813422 -0.47454476 2.5
-2.2171578 0.70208555 -0.40869176 4
-2.1469665 0.72858906 -0.40840989 4
-2.0620871 0.76459068 -0.41140684 4
-1.9630448 0.7890954 -0.41128308 4
-1.6570802 0.71673441 -0.42015907 6
-1.5422236 0.74106908 -0.42161986 3
-1.4365988 0.74757111 -0.41946727 1
-1.1373018 0.75917089 -0.42038411 0
-1.0259883 0.75904107 -0.4235613 0.66666669
-0.94635576 0.75313598 -0.43021816 2
-0.87326336 0.74282175 -0.42633656 3
-0.7243675 0.77669919 -0.43230468 1.5
-0.6909641 0.74709153 -0.43551832 1
-0.56238556 0.76590508 -0.42978972 1.4
-0.43099961 0.76448071 -0.43621987 3.8571429
-0.3595449 0.73844284 -0.4345032 5.1666665
-0.22128403 0.74851811 -0.44012049 5
-0.16690364 0.73976195 -0.43660349 5
-0.016959464 0.74785262 -0.44511858 5.6666665
0.025049025 0.75326204 -0.44312683 2.3333333
0.12480183 0.70915568 -0.46219802 0
0.2482743 0.79616731 -0.46783358 2
0.3865079 0.7463665 -0.46116966 4.5
0.41146687 0.7477479 -0.44609427 4.6666665
0.55293727 0.74904901 -0.45695037 3.7272727
0.69147742 0.70074052 -0.46153694 5
0.74706149 0.75660264 -0.46327776 4.1111112
0.85462016 0.71135956 -0.44707829 0
0.94410771 0.73855215 -0.46395239 2.1111112
1.063055 0.75841218 -0.45953143 2.1111112
1.1556082 0.72789693 -0.46534812 1
1.2695336 0.75828922 -0.46031117 3.25
1.5544038 0.74726987 -0.45585424 2
1.6426308 0.74989754 -0.45510623 2
1.9460112 0.73454636 -0.45936573 6.25
2.4570079 0.72675407 -0.46427891 3.5
2.7710977 0.70301086 -0.47356045 3
2.822099 0.75101048 -0.47406036 3
2.9963677 0.70022464 -0.47148043 3
3.072109 0.7572155 -0.47177464 3
3.2490716 0.73913538 -0.4748041 3
3.334929 0.79813606 -0.47671384 1
-1.8486651 0.81676531 -0.4140667 5
-1.7410834 0.83959979 -0.41865999 3.5
-1.6519847 0.8496021 -0.4208287 2.5
-1.5676296 0.84310871 -0.41740811 1
-1.2229743 0.87316823 -0.4188616 2
-1.1632301 0.83753037 -0.41778433 1.1666666
-1.0652255 0.84416479 -0.41898775 1.6666666
-0.93972147 0.86217582 -0.42323136 2.5714285
-0.89152879 0.82012355 -0.42344457 3
-0.75102025 0.84954315 -0.42536247 3.3333333
-0.61191875 0.85275412 -0.42256254 3.5
-0.56264675 0.84652102 -0.4219327 4
-0.44965813 0.83882987 -0.42928627 5.1428571
-0.32749742 0.84994972 -0.42887926 3.8
-0.25022736 0.84744865 -0.43605423 6.1666665
-0.19945487 0.80626279 -0.43616685 6
-0.036514442 0.85057336 -0.44077751 4.8333335
0.0062787891 0.80726975 -0.43941742 6
0.26013604 0.86116982 -0.46529928 3.8333333
0.37669092 0.81131166 -0.44956845 2
0.41548657 0.84261364 -0.45736235 2.875
0.56613094 0.84188569 -0.45610523 2.7777777
0.61349148 0.86752731 -0.46201608 3.25
0.77851057 0.84121752 -0.46518555 4
0.84282255 0.86000836 -0.46426159 3.2
0.98086607 0.80544454 -0.46731448 2
1.0435905 0.84308481 -0.46085936 1.5
1.1408951 0.82615077 -0.46154952 0.5
1.2562327 0.84280503 -0.45699555 0.75
1.3345946 0.84700406 -0.46015635 1
1.4293388 0.89110619 -0.46425128 0
1.5873966 0.8115114 -0.45710465 2
1.6326246 0.85192269 -0.45784584 8
1.8072369 0.87772554 -0.45662981 0
1.9809327 0.80327177 -0.45612228 6
2.0370359 0.84943295 -0.46023858 5.5
2.44029 0.88446516 -0.47525686 1
2.5490448 0.85298872 -0.46618184 2.6666667
2.8740675 0.80101013 -0.47190213 3
2.9464538 0.8590098 -0.47567058 3
3.1468508 0.81621778 -0.47115815 3
3.4283986 0.86313689 -0.47838515 1
-1.3044107 0.98969442 -0.41182446 2
-1.2594659 0.95368421 -0.41696125 3.8
-1.1564757 0.94814688 -0.41704038 4.1666665
-1.040755 0.95263678 -0.42145577 1.75
-0.95970893 0.94984078 -0.41960898 2.8333333
-0.84297526 0.93722934 -0.42588919 2.4000001
-0.7724483 0.96009135 -0.42112684 4
-0.63809538 0.95175898 -0.42211202 3.5
-0.58680063 0.94052136 -0.42153621 3.5
-0.46591821 0.93879122 -0.42632753 4.25
-0.32831118 0.9500373 -0.43357483 5.7142859
-0.24820904 0.94558161 -0.42805067 5.1999998
-0.055756874 0.94726312 -0.43845773 4.5999999
0.15564987 0.94894326 -0.45723897 2.75
0.25778931 0.96057826 -0.46216974 3
0.44036776 0.95191729 -0.46754184 3.2
0.56559348 0.95566881 -0.44581378 1.5
0.65018648 0.95401657 -0.46324587 3.2
0.85762936 0.94790679 -0.46064076 3.6666667
0.9547103 0.95759267 -0.45987511 2.3333333
1.0821369 0.90044308 -0.46481639 1
1.1446581 0.95743495 -0.46467301 1
1.2766736 0.90790051 -0.45864195 0
1.3423361 0.94167596 -0.45526972 0.2
1.4661772 0.91011095 -0.46228045 0
1.5414774 0.95358109 -0.46512449 3
1.6507908 0.95214778 -0.45834622 2.6666667
2.0606384 0.90727794 -0.45439541 5
2.1112654 0.95655012 -0.45755744 4
2.6622632 0.91768837 -0.47363433 3
2.7854676 0.92237306 -0.47725236 3
2.907742 0.93931127 -0.48211151 0
3.0276389 0.93812764 -0.48205346 3.5
3.3173931 0.94815451 -0.49259961 4
3.4179366 0.98021823 -0.48937505 4
3.5456374 0.95564508 -0.47220495 11.5
3.6697345 0.98308843 -0.48937011 4
3.7794898 0.97210121 -0.48385704 1
3.9604838 0.97903222 -0.48777467 0
19.204353 0.90535784 -0.43089628 40
-2.3440726 1.0020118 -0.40275759 4
-2.2594552 1.0070119 -0.40071991 3
-2.1591849 1.0210119 -0.40320534 3.5
-2.0575264 1.0300119 -0.40542075 3
-1.9608614 1.0365119 -0.40788639 3
-1.8630785 1.0370117 -0.40869388 2
-1.7987249 1.0340118 -0.40987471 1
-1.3644613 1.0622109 -0.41021046 6.6666665
-1.2372141 1.068996 -0.41446811 5.1999998
-1.1600254 1.0651431 -0.42365867 4.5
-1.0530807 1.0415498 -0.41597629 2.3333333
-0.81983054 1.0640278 -0.41793689 3.25
-0.73390818 1.0388588 -0.42999446 2.3333333
-0.64228988 1.0571456 -0.41957375 3
-0.47962856 1.0518079 -0.42512307 4
-0.33532408 1.0568185 -0.43183389 3.5
-0.22574271 1.0498425 -0.43143621 4
-0.11847913 1.0509125 -0.4412013 2.6666667
-0.067260973 1.0547744 -0.43901536 3
0.15590431 1.0481008 -0.45507157 2.8888888
0.28462213 1.052668 -0.46756756 3
0.35769194 1.0484304 -0.43090749 1
0.4675962 1.0491207 -0.46545419 3.2
0.57337105 1.0326777 -0.44357184 2
0.65326822 1.0544771 -0.45884484 6.8000002
0.71353674 1.0485425 -0.46329051 3.5
0.87334001 1.0324661 -0.45779562 4.4000001
0.96170551 1.0568349 -0.45621005 3.3333333
1.0545028 1.0587388 -0.46167362 1.3333334
1.1332459 1.0421016 -0.44776386 0.5
1.2315236 1.032935 -0.46203387 0
1.4549822 1.0123618 -0.4598577 2.5
1.5475892 1.0628527 -0.45948127 2.5
1.6851846 1.0216503 -0.45886362 3.5
1.7483616 1.0642864 -0.46296898 2
2.163142 1.0190405 -0.45912656 3
2.2079554 1.0647867 -0.46372384 3
2.7749727 1.0092632 -0.47074389 3
2.8799767 1.0932641 -0.47592145 2
3.4986608 1.048223 -0.48266214 6
3.5575333 1.0580741 -0.43774632 16
-1.4497876 1.1681757 -0.40987387 5.3333335
-1.3625679 1.1389291 -0.41338754 5.25
-1.2851483 1.1296341 -0.41515204 6
-1.136025 1.1863894 -0.40988371 11
-1.0790273 1.1328764 -0.41286254 6.3333335
-0.91606396 1.1819906 -0.41852438 2
-0.85694647 1.1276802 -0.41747919 2
-0.66709024 1.1491547 -0.41459858 2.5
-0.50173306 1.1350982 -0.41835278 4
-0.47752064 1.1465787 -0.4220804 4
-0.34743181 1.1325153 -0.42606223 3.3333333
-0.21623094 1.1424657 -0.42576495 4
-0.14369462 1.1533008 -0.43414745 2
-0.091242097 1.113284 -0.43440461 3
0.14992194 1.1482189 -0.44971809 2.5714285
0.29686135 1.1251693 -0.46663916 2.5
0.33073023 1.1652247 -0.45909217 1.6666666
0.46619126 1.136784 -0.45489207 2.3333333
0.50790554 1.1811199 -0.46438542 3
0.65737736 1.1306593 -0.44304675 4
0.75217074 1.1588042 -0.46354574 3.2
0.8679738 1.1411772 -0.45166531 3.25
0.98190367 1.1435478 -0.4539201 3.75
1.0199442 1.1806946 -0.46410227 3
1.1591589 1.1475017 -0.45462981 4.4285712
1.3084639 1.1093775 -0.47170073 2
1.6595681 1.1253122 -0.46281022 5.5
1.7448688 1.1678112 -0.46113729 6
1.8778038 1.1289886 -0.47050571 2
1.9506857 1.1639775 -0.47006893 2
2.2386489 1.1405375 -0.44144207 1.8
2.9438877 1.1787822 -0.45447117 3
3.0643628 1.1678753 -0.4867852 0
3.1867604 1.1853577 -0.48595136 1
3.2628884 1.1970129 -0.43510464 3
3.3254519 1.188013 -0.46991968 4
3.4880073 1.158269 -0.439132 30
3.5744567 1.1341782 -0.4251405 16
-1.5021219 1.2302006 -0.40175438 6.5
-1.3683258 1.2445194 -0.40637812 7.6666665
-1.1536884 1.2492609 -0.40747261 9
-1.0220656 1.2646325 -0.42295212 0
-0.95616019 1.2390001 -0.41745049 7
-0.87172526 1.2375118 -0.42003834 5.6666665
-0.71844047 1.2462865 -0.41689831 12
-0.669541 1.2460227 -0.41171396 7
-0.51287067 1.2121028 -0.41762468 3
-0.48823461 1.2461402 -0.4146947 13.5
-0.33298588 1.2366165 -0.41753128 3.6666667
-0.21084708 1.2542698 -0.42425248 3.75
-0.14589024 1.2454011 -0.42588463 9.6000004
0.14519809 1.251366 -0.45307201 3.7142856
0.33278599 1.2537098 -0.46007717 2.25
0.4278878 1.2980937 -0.44000867 11
0.53350943 1.2477847 -0.4638873 3
0.76145875 1.2479438 -0.46565765 4
0.8493132 1.2683998 -0.45432207 5.6666665
0.98973185 1.2296509 -0.45153722 3
1.0314883 1.2634044 -0.45934182 3
1.1539656 1.259264 -0.45812106 2.3333333
1.4629991 1.2558161 -0.45937315 0.5
1.505851 1.267369 -0.46442646 1
1.8453151 1.2192855 -0.46234483 5.5
1.9500341 1.2687694 -0.46221715 5
2.0376797 1.2069536 -0.47138089 1
2.9447367 1.2333099 -0.41605753 3
3.3728116 1.2301577 -0.48925483 5
3.4894769 1.2337804 -0.48777056 8
6.1927128 1.2290542 -0.41910985 26
8.0739317 1.2025815 -0.42745748 32
-1.5734782 1.3136992 -0.40105301 7
-1.4337866 1.3103063 -0.402484 7
-1.2338039 1.3494042 -0.40564528 8
-1.1671547 1.3498276 -0.41614398 8
-1.061693 1.3479395 -0.42090231 8
-0.95686466 1.3388031 -0.4148353 10
-0.7236824 1.349664 -0.41073811 5.5
-0.5228169 1.3579582 -0.41621611 6.3333335
-0.33690372 1.3461808 -0.41824418 10.5
-0.20471004 1.3826597 -0.42175016 4
-0.18548681 1.3470145 -0.42521355 7
0.085315406 1.3292525 -0.4500258 9
0.15525304 1.3552163 -0.45001662 4.25
0.34861892 1.3556589 -0.45531234 6.1999998
0.42734671 1.3681011 -0.43744323 13
0.56256241 1.3648665 -0.46575007 3
0.60824019 1.385424 -0.44444329 3
0.78909326 1.3049452 -0.46423197 4
0.85466081 1.3650324 -0.45859456 7.4000001
0.99647492 1.3556712 -0.45214233 9.5
1.0126204 1.3681315 -0.45146644 15
1.1684719 1.3367932 -0.46135306 8
1.2009323 1.3092009 -0.45077163 14
1.3473314 1.3250605 -0.45584428 1
1.4074273 1.3810338 -0.45831788 1
1.5446352 1.3532904 -0.46018451 6
2.0327826 1.3107449 -0.46366686 3
2.1368599 1.3338734 -0.4445774 2
2.206825 1.3917147 -0.46390367 2
6.1757426 1.3402462 -0.44755754 51
8.0433292 1.305666 -0.42856306 52
-1.5022384 1.4003093 -0.40054858 7
-1.3257837 1.4727336 -0.41589692 7
-1.2583663 1.4257536 -0.40803722 8.666667
-1.1394701 1.460225 -0.41728503 7
-1.0103602 1.4637473 -0.40588367 9.5
-0.73510736 1.4539404 -0.41523024 8.333333
-0.53360909 1.4869001 -0.41239852 12.5
-0.33819094 1.4416987 -0.41546649 9
-0.21636146 1.4592996 -0.4290325 1
-0.15011598 1.4623058 -0.41748279 12
0.073486343 1.4492486 -0.45096916 12.75
0.15521879 1.441877 -0.45372471 13.333333
0.35506091 1.4625717 -0.45870304 5
0.4298518 1.4471056 -0.43575791 13
0.57404017 1.4791119 -0.46929121 3
0.62938601 1.4671488 -0.45167768 4.3333335
0.85445416 1.4487172 -0.45706531 9
0.94421101 1.4630409 -0.46452507 5
1.0203105 1.4836271 -0.45773271 2
1.1953971 1.4146601 -0.4669975 6
1.2293909 1.451574 -0.45641732 7
1.4801869 1.4509811 -0.46400952 1
1.5228676 1.4365146 -0.45322666 10
1.6606319 1.402303 -0.47309262 2
1.742667 1.4702805 -0.47504425 2
8.0634851 1.4247141 -0.43923458 7
-4.6747527 1.5919733 -0.40983412 3
-1.4705033 1.5578139 -0.40868905 6
-1.356106 1.5530043 -0.41236219 6.5
-1.2655587 1.5211737 -0.40795198 8
-1.0692621 1.5404141 -0.4047063 9
-0.80155575 1.5609272 -0.41539675 8
-0.75833392 1.5557702 -0.41425535 8.5
-0.52609617 1.5937054 -0.40843666 14
-0.33955848 1.5482242 -0.41175887 12
-0.24380639 1.5213083 -0.42510122 11
-0.18449318 1.56709 -0.41428822 13
-0.09271697 1.5805594 -0.41521695 10
0.062040012 1.5747595 -0.44815087 10.5
0.15160948 1.5295445 -0.45471096 5
0.36752015 1.5534674 -0.45955741 9.75
0.43593961 1.5410988 -0.43774778 12
0.59735388 1.5721039 -0.47206253 3
0.64485294 1.5478209 -0.44889095 9.666667
0.72719496 1.5216703 -0.44009522 2
0.85462475 1.5425438 -0.45617303 8.8000002
1.0206143 1.5711125 -0.45725998 9.666667
1.2546524 1.5835621 -0.45170045 10
1.3142228 1.5706325 -0.46990699 3
1.5567528 1.5273331 -0.45675278 7.6666665
1.6203315 1.5719751 -0.46239758 2
1.8311074 1.5402664 -0.47501051 3
-6.6177607 1.6828048 -0.47172177 0
-4.6276827 1.6619579 -0.425984 0
-1.6582559 1.6758648 -0.40628642 5
-1.554523 1.606847 -0.40626374 5
-1.4058939 1.6612253 -0.41270262 6
-1.122842 1.6604303 -0.40060511 11
-1.0504087 1.6080922 -0.40090647 10
-0.85503775 1.6525807 -0.41818762 8
-0.57093203 1.6081475 -0.40915507 13
-0.35747892 1.6249077 -0.41018409 11
-0.16775975 1.667488 -0.41285983 13
0.053565156 1.6737714 -0.45093918 11.5
0.15168042 1.6178797 -0.45316544 10.666667
0.37853119 1.6612525 -0.45473585 11
0.43347621 1.6261141 -0.4327189 11
0.65319878 1.6488967 -0.45419773 9.5
0.74552023 1.6216747 -0.43848884 6
0.84594113 1.6484505 -0.45273691 12.75
0.95330322 1.6479282 -0.46413806 11
1.032625 1.6669402 -0.44437423 11.25
1.2640125 1.689908 -0.45486248 10
1.3856429 1.6646129 -0.47236413 2
1.5706698 1.6037741 -0.45652878 11
1.6358131 1.6862485 -0.4509899 11
1.703083 1.6449517 -0.46409136 2
1.9336612 1.6222415 -0.47672892 3
-6.3187423 1.7168239 -0.46844131 0
-5.9686666 1.7258501 -0.46098119 1
-5.7356858 1.7608604 -0.46260196 0
-5.4502597 1.7698783 -0.45977217 0
-1.9978787 1.7892408 -0.40433842 5
-1.5004809 1.7312245 -0.41170096 6
-0.91937071 1.7356015 -0.41734245 8
-0.80329931 1.7160205 -0.40186942 8
-0.56636548 1.7364459 -0.40608233 10
-0.34274012 1.7552345 -0.41076368 10.5
-0.18043968 1.7347062 -0.41377258 12
-0.07488931 1.7155721 -0.41311491 10.5
0.058014866 1.7312599 -0.44337603 11.333333
0.17737451 1.7451793 -0.47280264 15
0.37809709 1.7613168 -0.44813263 9
0.4218002 1.757632 -0.45019799 13
0.66473234 1.7578284 -0.44817731 11
0.73354387 1.7333997 -0.45177758 10
0.84612954 1.763957 -0.45176288 11.75
1.0342298 1.7470636 -0.44660449 14
1.1065437 1.7400409 -0.46561164 7
1.290776 1.7525663 -0.45074141 12.5
1.4564511 1.750613 -0.46982664 1
1.6277766 1.728529 -0.44176233 8.5
1.7992523 1.7289181 -0.46687537 3
2.0510492 1.7162091 -0.47950643 3
-4.7668352 1.8049104 -0.4625271 0
-4.5887852 1.8219149 -0.46687073 1
-4.4157286 1.8349187 -0.47145927 2
-4.2518311 1.845921 -0.47710359 1
-2.0020885 1.8051226 -0.40308756 5
-1.9415725 1.8798053 -0.42048442 5
-1.8316036 1.8323964 -0.41013789 5
-1.6409038 1.8562063 -0.42326871 6
-0.9973312 1.8405933 -0.42068863 8
-0.87160271 1.8162926 -0.41464162 9
-0.61577362 1.8991848 -0.40213871 10
-0.55771786 1.8867514 -0.40425771 13
-0.32318628 1.8995734 -0.40943477 19
-0.16129635 1.8566105 -0.41128707 13.5
-0.038400095 1.8528728 -0.41384268 8.333333
0.069275573 1.8175436 -0.45329794 9.333333
0.18594438 1.8486843 -0.46882969 10.5
0.37747058 1.87844 -0.43013644 10
0.43627694 1.8401241 -0.42922583 10
0.67901397 1.8942821 -0.45386207 12.5
0.74511224 1.8535705 -0.44686985 10.666667
0.89976364 1.8380154 -0.45174521 11
1.168723 1.8530407 -0.46953404 6
1.3347129 1.8481905 -0.45459962 13
1.6601053 1.8280438 -0.43117321 10
1.8976209 1.8119109 -0.46616447 3
2.167028 1.8792896 -0.44836986 3
2.2203956 1.8746989 -0.46961179 4
-2.0716319 1.9548439 -0.41834202 4
-1.7907345 1.982193 -0.43090141 9
-1.0716169 1.92664 -0.41671503 8
-0.95178729 1.9322886 -0.41740164 9
-0.86637288 1.9310199 -0.41542563 9
-0.36592573 1.9399312 -0.40650943 18
-0.13832572 1.9895366 -0.4068262 18
0.059648454 1.9642037 -0.45796719 14.333333
0.19254315 1.98915 -0.47295493 16
0.39634284 1.9001876 -0.46900761 12
0.43159395 1.929644 -0.4464449 12
0.75320733 1.9770207 -0.45129853 13.5
0.82950979 1.9182724 -0.45194855 14.666667
1.0926125 1.9398954 -0.46978396 10
1.2449927 1.9910405 -0.47653288 7
1.3444297 1.9725482 -0.4541865 15
2.0220397 1.9218568 -0.47119105 4
2.1527228 1.9467509 -0.41700161 5.5
2.2176182 1.9263256 -0.4097344 4
2.3515775 1.9322087 -0.46916813 5
2.4467657 1.9563702 -0.4319095 5
-2.1897147 2.0099206 -0.41089901 0
-1.9659003 2.0532238 -0.40448064 12
-1.8788768 2.0202074 -0.41852316 10
-1.2348368 2.0997751 -0.40363505 9
-1.1525494 2.0176945 -0.41188049 9
-1.0205331 2.0083017 -0.40851983 9
-0.15740851 2.0607715 -0.40273634 18
-0.031457148 2.0476146 -0.40616536 14
0.047486767 2.0787401 -0.44439638 9.5
0.18340608 2.018204 -0.47645444 17
0.37834388 2.0124555 -0.42792636 12
0.43190998 2.0521612 -0.47301957 18
0.68745887 2.0304785 -0.43295524 12
0.76193547 2.0573511 -0.46243238 20
0.83692151 2.0546186 -0.44907451 16
0.90903181 2.0029979 -0.45785314 20
1.1661197 2.0958726 -0.47447878 16
1.7290014 2.0146883 -0.46589994 12
2.1423409 2.0188475 -0.47036868 5
-1.1064985 2.112309 -0.40374038 16
0.085874259 2.1338575 -0.45258233 61.666668
0.15374643 2.1429071 -0.42754921 83
0.23503789 2.1479526 -0.43800303 75
0.37624934 2.1515007 -0.42333165 15
0.44949421 2.1579914 -0.43647426 55
0.53182232 2.1796777 -0.41742575 99.5
0.74408305 2.1778388 -0.43456492 27.799999
0.83762586 2.1624589 -0.45012894 34.25
0.9136641 2.1610098 -0.45396399 16
1.0639867 2.1001766 -0.45199579 18
1.3431971 2.1334634 -0.47117829 13
1.4140167 2.1691923 -0.45248061 15
1.7873015 2.1736906 -0.46443903 11
1.8300159 2.1522491 -0.45167458 12
0.8538444 2.2052383 -0.42645779 85.5
0.91283232 2.2121265 -0.42977324 94
1.0663215 2.2202749 -0.43623546 70
1.1135201 2.2201595 -0.43964824 63
1.2556946 2.2344298 -0.45254463 57
1.3598515 2.2386992 -0.43909883 48
1.4507056 2.2587774 -0.42881656 43
1.8359945 2.2685761 -0.43533307 56
1.9791646 2.2987905 -0.40498444 34
-3.9681268 -1.2199718 -0.39988577 20
-3.7256842 -1.2029488 -0.39099732 25
-3.5145917 -1.1879295 -0.38387266 29
-3.3240337 -1.1749133 -0.3785724 27
-3.1481431 -1.1609087 -0.37404025 29
-2.9933703 -1.1498957 -0.36992335 30
-2.8560855 -1.1408867 -0.36847991 29
-2.7254531 -1.1308769 -0.36616844 32
-2.6048076 -1.1198683 -0.36435685 33
-2.4988739 -1.1128628 -0.36467749 38
7.8837566 -1.1272348 -0.38800123 28
-2.3848803 -1.0978537 -0.36200112 32
-2.2469375 -1.0863465 -0.3622779 39
-2.1250756 -1.0778424 -0.36490673 39
-2.0563159 -1.0748403 -0.36667919 41
-1.94985 -1.0643375 -0.36977902 37.5
-1.8528124 -1.0558349 -0.37254673 29
-1.742864 -1.032289 -0.36146703 34.333332
-1.6282376 -1.0232567 -0.3830156 41
-1.5914528 -1.0155228 -0.33450413 54.799999
-1.31396 -1.0018904 -0.33095121 13
7.8514018 -1.007176 -0.3810814 27
-4.4473076 -0.93594182 -0.34705913 1
-4.2950602 -0.97193474 -0.34842315 1
-1.3239424 -0.9970116 -0.36685625 10.5
-1.0392746 -0.99291533 -0.34827885 13.75
-0.81699187 -0.9746964 -0.33844912 15.833333
-0.7603696 -0.97038496 -0.34491715 18.1
-0.64301956 -0.96761382 -0.37304261 20.714285
-0.59948993 -0.96300334 -0.3245104 19.5
-0.47084701 -0.95787841 -0.34350345 20.166666
-0.36071408 -0.95388228 -0.35326162 21.4
-0.22919762 -0.93145198 -0.34279981 14.333333
-0.14252904 -0.92955577 -0.34529001 16.555555
-0.04063452 -0.93128461 -0.34840724 20.714285
0.059599277 -0.92749137 -0.3540937 13.083333
0.15548515 -0.92134678 -0.34183258 16.307692
0.23517285 -0.91489381 -0.34624609 15.428572
0.34557939 -0.91456616 -0.35028666 18.5
0.45806468 -0.90594918 -0.35198992 20.25
0.52851719 -0.90291327 -0.38084552 19.5
-4.4649749 -0.86692899 -0.33400419 6
0.15654394 -0.89675587 -0.36727026 12
0.23393881 -0.89864421 -0.33883771 19
0.54734296 -0.89715797 -0.32673484 19
0.67371267 -0.89310127 -0.35093889 19.75
0.75178558 -0.89024818 -0.34665745 19.200001
0.86183834 -0.87377393 -0.35434163 18.846153
0.93335748 -0.86684096 -0.3358956 16.666666
1.0535512 -0.85740578 -0.35530117 13.4
1.1399754 -0.84666568 -0.33946231 17.285715
1.2564014 -0.84466541 -0.35786128 16.571428
1.3525808 -0.83479971 -0.35269308 13.785714
1.4509908 -0.8350147 -0.34019387 11
1.5381718 -0.82322538 -0.33524537 10
1.6213233 -0.81915069 -0.36846334 10.5
1.7443625 -0.81724316 -0.34614253 11
1.844242 -0.81014651 -0.35254598 11.5
1.9342718 -0.80466825 -0.34561592 31
7.8430214 -0.89214593 -0.37746903 21
-4.4290991 -0.78691071 -0.31848747 1
2.0038083 -0.79969931 -0.38824207 46
2.1779401 -0.78988808 -0.31503502 42.666668
2.244061 -0.78435051 -0.34592897 43.5
2.3422055 -0.77902621 -0.36059389 42.799999
2.4656549 -0.77083635 -0.37162384 42
7.8282332 -0.77712816 -0.37584168 25
7.8564916 -0.66615129 -0.37864482 30
7.8267822 -0.55215245 -0.38022777 33
7.811872 -0.44017392 -0.38423598 36
-0.34939659 -0.3638075 -0.39968675 6
7.8075204 -0.32921425 -0.39058521 37
0.1770007 -0.27663958 -0.38233143 3
-2.437722 -0.11697493 -0.30617562 0
-0.25203574 -0.19988161 -0.34896076 1
-0.07234598 -0.12058353 -0.32737285 4
0.36601958 -0.11875487 -0.35813299 2
0.41474578 -0.11786392 -0.34155366 1
-2.3461568 -0.052213833 -0.36010051 31.666666
-2.4544675 0.013103077 -0.37351826 14
-2.1754222 0.072158039 -0.32297301 25
-2.1241286 0.12916784 -0.31378448 27.333334
-2.0454662 0.14732088 -0.3796967 9.5
-0.21299252 0.15433815 -0.3536036 1.8
-0.19484189 0.15007356 -0.38831696 4
0.4242745 0.15833415 -0.34739161 2
12.400367 0.15125135 -0.34235492 65
-0.33557326 0.27096781 -0.39838138 6
-0.23932323 0.21414663 -0.38358256 2
0.17825505 0.26422471 -0.38637027 3
0.31751022 0.25968623 -0.35760432 4
-3.3117528 0.34901321 -0.39689845 0
-3.2608156 0.45301345 -0.39385384 0
-0.50912327 0.41632706 -0.39531118 4
-0.35048118 0.40892994 -0.38880265 3.5
-3.2004564 0.52601379 -0.3911351 0
-3.1518943 0.57101405 -0.38890499 0
18.535799 0.58688509 -0.3676483 50
-3.1249843 0.62001401 -0.3901636 0
-3.079488 0.66301405 -0.39069039 1
-3.0262213 0.70401424 -0.39042693 3
-2.9413276 0.76001453 -0.38978103 1.5
-5.4373813 0.89703459 -0.32163224 1
-2.8313429 0.83051467 -0.39218408 1.5
-2.7385018 0.87601167 -0.39368126 2
-2.6691549 0.90101177 -0.39461273 2
-2.5604105 0.9320119 -0.39437115 3
-2.4599957 0.96201199 -0.39574856 3
-2.3948135 0.980012 -0.39748925 4
4.1325741 0.98807913 -0.34048146 19
3.5656946 1.0539807 -0.38333812 36
3.7443869 1.0559598 -0.37600663 44.5
3.8115108 1.0409324 -0.36994404 26
3.9611895 1.0650232 -0.36887056 36
4.0463948 1.0258048 -0.35198724 29.5
4.6192627 1.0849636 -0.35576048 9
4.7563601 1.0986767 -0.37686139 0
4.9213114 1.0979079 -0.35432458 1
6.3654733 1.0983222 -0.37733787 4
2.7822688 1.1803472 -0.35384941 2
3.3912978 1.1932757 -0.33751243 4
3.5529528 1.1436633 -0.36238667 30
6.1948786 1.1529294 -0.37542939 150
3.5326324 1.2162607 -0.3874681 20
3.6014004 1.2171687 -0.33375004 9
3.7010355 1.2961719 -0.3226184 11
-2.4195693 1.3901104 -0.39449769 4
-2.3083439 1.3691143 -0.39592952 0
-1.6391852 1.3852584 -0.395614 5
-1.4430091 1.3561329 -0.39726424 7
-3.2713504 1.4570867 -0.37847519 0
-3.1437769 1.4580883 -0.38251996 1
-2.982054 1.4360982 -0.38062888 0
-2.8500247 1.4241035 -0.38163322 1
-2.7501967 1.4261017 -0.38746503 4
-2.6198251 1.4061081 -0.38734168 5
-2.5202663 1.4011079 -0.39177731 4
-1.7263939 1.4912052 -0.3920216 4
-1.6432959 1.4011492 -0.39541885 5
-1.5466871 1.4752237 -0.39594156 6
-1.5951265 1.5541304 -0.39164162 7
-1.3520244 1.5434289 -0.39722106 9
4.0551977 1.5261787 -0.31309959 1
-1.8411307 1.6206985 -0.39465868 3.5
-1.6796479 1.6457244 -0.39115989 5
-1.4352711 1.6774331 -0.3966929 9
-1.3480006 1.6041228 -0.39446864 9
-0.8281827 1.6243595 -0.39748225 7
0.98428297 1.6796554 -0.37496218 19
1.01266 1.6913388 -0.36401278 8
-1.4276766 1.731122 -0.39045635 9
-1.143419 1.7607731 -0.39433032 9.5
1.6168352 1.7631106 -0.33645502 0
3.8527067 1.7523694 -0.33479038 25
-1.5240711 1.8194488 -0.3916339 8
2.276468 1.8999356 -0.32462257 3
-2.1237335 1.9371883 -0.39510468 5
-1.9372195 1.9533131 -0.39810082 5
-1.5427823 1.9141159 -0.39458963 10
-1.2574978 1.9554774 -0.38789225 9
-1.1851526 1.9070902 -0.39870712 10
2.0835831 1.9368047 -0.31771174 8
2.1484983 1.9271356 -0.35909763 5
2.2510653 1.9525995 -0.3693727 4
-2.2328925 2.0612552 -0.34603658 30
-2.1371875 2.0612876 -0.35345352 31
-2.0279541 2.0826647 -0.35201007 44
-1.9636694 2.0221136 -0.39109582 8
-1.6451924 2.0442839 -0.38953173 12.5
-1.4341239 2.0995924 -0.30176795 49
-1.246771 2.0420928 -0.38304755 10
-0.91117883 2.0813563 -0.35108948 64.333336
-0.66838807 2.08973 -0.36171752 49
-0.57754892 2.0548217 -0.39614275 13
-0.32325017 2.0486693 -0.39754131 21
-1.7029464 2.1060686 -0.33796871 60
-1.664685 2.1121376 -0.34411463 69
-1.3479972 2.1164293 -0.34576216 49
-1.2624228 2.1217968 -0.34232146 62
-1.1579621 2.1253443 -0.37988815 49
-0.65077984 2.1082108 -0.35333329 79.5
-0.58544761 2.1133189 -0.33151498 88
-0.34900981 2.1258788 -0.35447258 78.5
-0.14144874 2.1467433 -0.35341778 89
-0.021410065 2.1532366 -0.35007662 80.25
0.16916715 2.1482959 -0.37242925 100
0.25184366 2.1585712 -0.33820719 87.375
0.34144497 2.1683779 -0.34975561 97.85714
0.55059302 2.1823554 -0.35889113 108
0.63931048 2.1897302 -0.31923723 107
0.75773686 2.1974397 -0.35698101 96
0.96257377 2.1886389 -0.37688744 78
1.0162704 2.1607885 -0.35378963 55.5
0.78180367 2.2000859 -0.39097473 91
0.84992665 2.2058005 -0.35171711 93.833336
0.91762125 2.2104492 -0.31714517 104
1.060709 2.2214913 -0.34241596 91.5
1.2883424 2.2419753 -0.30322319 96
1.3597518 2.2481999 -0.35697064 83.833336
1.5482092 2.2700481 -0.36939716 28
1.6119668 2.2790508 -0.32383418 36
1.7535787 2.2659144 -0.36780679 78.5
1.8260033 2.2758899 -0.3555516 75.5
2.2833734 2.2958951 -0.30223191 12
2.047061 2.3009884 -0.35148537 59
9.4573135 -2.5642865 -0.21588883 3
9.2436628 -2.0587449 -0.28792617 1
9.4865351 -1.9697074 -0.27621698 6
-2.3199954 -1.1015589 -0.2063334 45
-2.2288589 -1.0956488 -0.21646506 49
-2.1402009 -1.0877254 -0.22492236 47
-2.0587537 -1.0798005 -0.23330596 49
-1.9500469 -1.0709195 -0.24696887 47.5
-1.853546 -1.0640379 -0.26076892 38
-1.726329 -1.0356569 -0.26581416 38.666668
-1.6934047 -1.0409347 -0.2472527 25
-1.5782187 -1.0181649 -0.25893003 54.285713
-1.3117181 -1.0028135 -0.24574624 12.5
-1.2853752 -1.0035721 -0.25162134 12.8
-1.1227014 -1.0044597 -0.20761856 8
-1.0471312 -1.0041534 -0.22458856 10.8
-0.98683769 -1.0025154 -0.25110137 11
-1.0256586 -0.99341321 -0.25154918 15
-0.93384904 -0.99586791 -0.26721156 12
-0.82970524 -0.98015755 -0.26057607 17.142857
-0.77565396 -0.97250557 -0.24933831 18.200001
-0.63526636 -0.97680455 -0.24888992 20.799999
-0.56417191 -0.97416168 -0.24712342 21.272728
-0.48878014 -0.96293062 -0.2577222 20.153847
-0.35064492 -0.95288813 -0.24782975 20.761906
-0.26075897 -0.9440608 -0.27735126 19
-0.14025752 -0.94121629 -0.22272953 20
-0.0481176 -0.93448806 -0.25404596 19.111111
0.04867116 -0.93010241 -0.25269449 16.90909
0.15092726 -0.92624569 -0.27384868 18.90909
0.2475737 -0.92302305 -0.25360125 20.727272
0.34175998 -0.91723537 -0.23645501 19.428572
0.43609166 -0.90723014 -0.25200486 18.333334
0.63432074 -0.90430552 -0.22530007 18
0.71558893 -0.90129066 -0.2140331 21
0.47541249 -0.89828312 -0.23692603 18.5
0.56438088 -0.89536816 -0.25554663 18.571428
0.65291452 -0.8930878 -0.2461156 18.09091
0.74918216 -0.88704228 -0.25486127 18.333334
0.84527093 -0.88913274 -0.25442272 18.375
0.96184152 -0.87262952 -0.26124325 19.90909
1.0362301 -0.86156869 -0.23781012 18
1.1423765 -0.85492146 -0.25494742 13.714286
1.2515738 -0.84895325 -0.25112435 16.5
1.3387024 -0.83665311 -0.22532979 17
1.4574949 -0.828412 -0.26533416 11.166667
1.5553997 -0.81810397 -0.2593832 7.0999999
1.6392661 -0.81329787 -0.26506808 5.5
1.7264748 -0.81069595 -0.23358758 9.333333
1.8182427 -0.81661111 -0.26837617 9
1.9986895 -0.80267638 -0.21083152 37
2.0193501 -0.80297208 -0.2346352 42
1.643295 -0.79508328 -0.22025067 1
1.8686037 -0.78173745 -0.23048815 2
1.9521679 -0.79012829 -0.21875291 16.333334
2.050035 -0.78953028 -0.23401508 34
2.1312909 -0.78878486 -0.24604499 38.599998
2.2559972 -0.78532451 -0.27911216 39
8.9241104 -0.27001029 -0.20733854 42
-0.40312153 -0.16315821 -0.22822818 2
-0.24688567 -0.13697048 -0.29484767 1
-0.13743168 -0.10542476 -0.22328267 0
-0.098172985 -0.12052003 -0.28838605 1
0.35741413 -0.14303052 -0.24761963 2.3636363
8.9239368 -0.14307547 -0.21677539 21
-2.4082241 -0.04047434 -0.29289109 23
-2.3771334 -0.039973848 -0.28792825 31
9.5450554 -0.01941249 -0.24471751 18
-4.693439 0.071147017 -0.24831411 17
-2.4395192 0.035025273 -0.28926229 5
-2.148608 0.080529071 -0.2478506 27.5
-2.1592534 0.14952856 -0.24669027 23.5
-0.34439415 0.16811356 -0.2022129 2
-0.2226349 0.16148517 -0.25474393 1
0.3794733 0.16146728 -0.21492639 1.8
0.43625617 0.16131724 -0.24028854 1.8333334
-0.24311197 0.22200753 -0.25023478 1
12.709565 0.20205623 -0.21747521 51
-5.2300224 0.51009029 -0.28380388 57
-4.8060989 0.54613388 -0.2634773 49
-4.3180842 0.55918503 -0.23932388 75
-4.5525551 0.66814953 -0.25976694 17
3.3669922 1.1881784 -0.25218144 0
2.7263837 1.2344186 -0.2287558 0
3.0709736 1.2462838 -0.20060682 4
1.9619368 1.352018 -0.24254446 2
2.0022144 1.416222 -0.26841068 3
4.0783567 1.5781837 -0.28466231 5
2.0629199 1.620487 -0.25548667 3
3.8597815 1.6965653 -0.29994985 10
4.047657 1.6668433 -0.24419212 10
4.1663537 1.658978 -0.2161518 12
3.8663983 1.7597615 -0.28841633 3
1.9762746 1.8452741 -0.25854027 8
2.051301 1.8625388 -0.23887864 4
-2.983609 1.9405564 -0.2130737 48
-2.885607 1.9473913 -0.23271284 35
-2.7605162 1.967145 -0.26243654 12.5
1.9247423 1.957516 -0.22009087 10
-2.2320449 2.0716057 -0.2561768 60.75
-2.0176094 2.0853856 -0.24398218 63.5
-1.5939921 2.0972059 -0.22552198 66
-1.3899581 2.0995436 -0.24621502 50
-0.91758096 2.0960293 -0.22667125 101.5
-0.83983815 2.0850055 -0.22907647 80.5
-0.75577605 2.0933974 -0.25417057 84.25
-0.69338965 2.0986292 -0.26622555 65
0.98720664 2.0801759 -0.21895938 4.5
1.9542785 2.0613353 -0.26563397 7
-1.6790819 2.1077278 -0.25154251 76.75
-1.5409778 2.1010027 -0.25077266 64
-1.4667541 2.1061802 -0.24889196 68
-1.3355974 2.1184008 -0.25445595 67.333336
-1.2904106 2.1202936 -0.2742117 62
-0.9843263 2.1439357 -0.22893688 67
-0.65126795 2.1087337 -0.26954907 87.5
-0.58909941 2.1116188 -0.22694074 96.5
-0.35469002 2.1280591 -0.24808975 104.25
-0.14896244 2.1457169 -0.24592233 109
-0.030248189 2.1502035 -0.24192208 91.5
0.27819934 2.1539254 -0.26792526 109
0.33726749 2.1637213 -0.24020651 112.25
0.4396255 2.172236 -0.23922157 113.4
0.66437274 2.187278 -0.2364406 111.5
0.73780113 2.194001 -0.25469407 103.14286
0.76354527 2.2007055 -0.21223101 97
0.82729691 2.2016149 -0.25051159 91
0.96649814 2.212712 -0.25410676 93
1.0705038 2.2128353 -0.28139389 82
1.1518645 2.2251818 -0.2224921 59
1.2549666 2.2243183 -0.25462234 79
1.3311675 2.2335713 -0.24961235 79.5
1.4586273 2.2551615 -0.26003307 54
1.6704794 2.2658002 -0.26677534 39
1.7452972 2.273519 -0.25920981 56.5
9.3235798 -2.3680804 -0.18744746 1
9.4124765 -2.2349625 -0.16536504 3
9.1909628 -2.0267606 -0.14083429 1
-3.7184525 -1.2076212 -0.10910618 29
-3.4958692 -1.1947492 -0.12174511 30
-3.2940919 -1.1818768 -0.13472591 38
-3.1042194 -1.1649871 -0.14567402 37
-2.9396122 -1.1520911 -0.15633482 42
-2.7935684 -1.1421977 -0.16761316 54
-2.6635988 -1.1332921 -0.17761016 46
-2.5422294 -1.1243868 -0.18779656 55
-2.4175167 -1.1084718 -0.19668368 48
-1.6733494 -1.0316896 -0.14174476 50
-1.5618665 -1.0239094 -0.14348093 40.5
-1.4981591 -1.0313514 -0.12058419 14
-1.3103801 -1.0067289 -0.1458251 12.8
-1.2652807 -1.0054555 -0.14950046 12.5
-1.154828 -1.0092328 -0.16582888 5.8333335
-1.0665841 -1.0126753 -0.18837152 11
7.9655271 -1.0396034 -0.17637464 5
-1.1934865 -0.98441976 -0.17673835 1
-1.0391065 -0.99442273 -0.15088049 15
-0.99113262 -0.98919803 -0.14671724 15.4
-0.81320697 -0.98215944 -0.1408159 18
-0.75756478 -0.97705758 -0.13626453 18.222221
-0.64464897 -0.97318977 -0.16382903 19.555555
-0.55805427 -0.97100478 -0.14285043 20
-0.45460361 -0.9605338 -0.137949 19.285715
-0.36049026 -0.9481411 -0.15486878 19.82353
-0.21754678 -0.94613767 -0.16366024 15.333333
-0.1350286 -0.94014531 -0.15694 18.333334
-0.047348678 -0.92682272 -0.17665987 17.166666
0.0031908364 -0.92509997 -0.19189095 20
0.26553971 -0.92344683 -0.16867699 20.857143
0.34929231 -0.91429985 -0.14694957 19.6
0.44507626 -0.90592098 -0.14704511 19
0.54968816 -0.90239698 -0.12627958 18.5
7.9543509 -0.9215591 -0.17135602 6
0.55465299 -0.89714831 -0.15435563 18
0.65325654 -0.89273733 -0.15579173 17.789474
0.74780625 -0.88672781 -0.14179613 17.4375
0.85244828 -0.88013285 -0.15314037 19
0.94759542 -0.88359517 -0.15045606 21.125
1.0665736 -0.86915731 -0.16291296 20.125
1.1476418 -0.85656518 -0.14913975 18.071428
1.2442026 -0.8525992 -0.13071898 15
1.3606853 -0.83780289 -0.15859622 12.333333
1.4597962 -0.83164787 -0.15362266 8.5714283
1.52658 -0.81889457 -0.13556063 1.6666666
1.7488698 -0.81725562 -0.14584073 3
1.8593528 -0.81130487 -0.13553207 2.25
1.9401293 -0.80914164 -0.16066015 10.833333
2.003649 -0.80180019 -0.15454498 21
3.0892138 -0.85300559 -0.16544068 25
7.9381804 -0.80452865 -0.16834314 4
1.8590453 -0.79579198 -0.16410163 2
1.9452815 -0.79028273 -0.16625081 8.25
2.0433824 -0.78590322 -0.16317815 30.333334
2.1407084 -0.77202117 -0.15004575 39.599998
2.252022 -0.76423305 -0.14752527 43.333332
2.353533 -0.75488311 -0.15061961 45
2.4463863 -0.74601632 -0.16160639 47.333332
2.5460496 -0.73925459 -0.1478049 44
2.6222405 -0.73174167 -0.14348055 30.5
7.9495325 -0.69152427 -0.1680236 4
7.9198527 -0.57451504 -0.16825207 4
7.9184184 -0.46152684 -0.1704825 7
7.9070244 -0.34855589 -0.17532487 8
8.9290686 -0.26644862 -0.1039461 46
-2.3810349 -0.1105924 -0.12320413 30
-0.34293726 -0.14334054 -0.13387218 1.0714285
-0.25390464 -0.12424932 -0.15886521 0.71428573
8.9263401 -0.13050978 -0.11568129 24
-2.4170351 -0.0015917275 -0.1195212 4
-2.3550549 -0.055085912 -0.11786571 32.5
-0.27441257 -0.084016718 -0.16966334 0
-2.1807804 0.080448478 -0.10431118 34.5
-0.23490676 0.087108403 -0.15261586 0
9.6493206 0.0051659923 -0.1435518 20
-2.1735461 0.14644739 -0.10442846 28
-0.33543354 0.15579668 -0.12688744 1.0882353
-0.2791177 0.15206708 -0.16726853 1
0.39123455 0.16455396 -0.19040935 1
1.9350896 1.1856157 -0.12374806 1
1.9358417 1.2624224 -0.1264201 2.6666667
3.0368276 1.2562025 -0.18269436 3
4.4900026 1.5964162 -0.12690127 31
1.0629551 1.6961999 -0.1317095 1
4.4907608 1.6556054 -0.14576499 30
1.0752556 1.7095958 -0.11470618 4
1.1301502 1.7078366 -0.10947734 3
1.9133699 1.7719277 -0.11374351 3
4.2411785 1.7023848 -0.19795528 2
4.4662333 1.7327547 -0.18853459 17
-3.5342155 1.8893729 -0.116908 59
-3.4078043 1.8982137 -0.1354593 60
1.9421821 1.8460455 -0.14960603 3.75
-3.298985 1.9130461 -0.15527043 58
-3.1873877 1.921882 -0.17450942 62
-3.075228 1.9257245 -0.19288376 55
-2.8730378 1.9435658 -0.12015681 45
-2.7496424 1.9620256 -0.15277916 21
1.9503574 1.9392503 -0.16785307 10
-2.224978 2.0677257 -0.15867676 63.5
-2.0151947 2.0847514 -0.14539744 66.25
-1.8165669 2.0760384 -0.12214737 61
-1.7324812 2.0867229 -0.16135634 61.5
-1.6494737 2.0944388 -0.1539121 68.25
-1.5467688 2.097646 -0.16790745 68
-0.92101896 2.0877049 -0.15626748 86
-0.84146267 2.0858359 -0.16772401 83
-1.669466 2.1034985 -0.14813358 73.666664
-1.4961547 2.1036065 -0.19483352 71
-1.3306303 2.1211171 -0.14069036 65.5
-1.2833269 2.1221433 -0.17245354 72
-1.0334028 2.1283455 -0.12182808 52.5
-0.98562253 2.1431966 -0.14976025 68.5
-0.65524387 2.1061654 -0.16450498 93.5
-0.59197384 2.1127081 -0.14991905 100
-0.4664197 2.1105998 -0.12813306 95
-0.36834916 2.1269872 -0.15752093 104.66666
-0.15695372 2.1336915 -0.1386348 107.5
-0.038299896 2.1464081 -0.1351743 93.75
0.3700588 2.1692176 -0.17742263 112
0.43566361 2.1732743 -0.15039621 117
0.54445744 2.1849482 -0.13810836 113.4
0.65834492 2.1863177 -0.13460037 96
0.74553174 2.189918 -0.15402721 106.5
1.2479745 2.14381 -0.12162039 0
0.77152383 2.2018797 -0.1093325 116
0.85096347 2.20681 -0.13481483 103.5
0.95563155 2.2079153 -0.14026159 87.333336
1.0358306 2.2114229 -0.18349345 67
1.1031952 2.2148981 -0.12225921 23
1.2889351 2.2412083 -0.11102577 61
1.5323997 2.2517066 -0.18761505 3
1.6185248 2.2699156 -0.11581838 13
1.7902974 2.2930582 -0.19894126 49
-4.7153864 -1.2891476 -0.065552965 24
-4.3474975 -1.2643231 -0.081711143 24
-4.0159249 -1.2364802 -0.096134096 30
7.9839797 -1.1010474 -0.069872797 4
-4.2870884 -1.0424135 -0.027713496 42.5
-2.2343209 -1.0931981 -0.0061456235 40
-2.1470358 -1.0882124 -0.018021259 42
-2.0633562 -1.0822266 -0.029877748 46
-1.944903 -1.0717468 -0.046514809 44
-1.8369528 -1.0622827 -0.06314712 47
-1.7453957 -1.0563011 -0.078513809 43
-1.6799417 -1.0333962 -0.061395783 51.666668
-1.5615768 -1.0347517 -0.040173978 30.5
-1.316986 -1.0112052 -0.049772792 13
-1.2565033 -1.0094421 -0.049973339 12
-1.0276303 -1.0035214 -0.017843414 6
-0.9506647 -1.0060233 -0.03414363 9.6000004
-0.85756606 -1.001138 -0.089279473 9
-1.0484257 -0.9966504 -0.0358794 12.666667
-0.96622449 -0.99163216 -0.051176835 14.6
-0.84078574 -0.98995477 -0.060371455 16.90909
-0.77123827 -0.98773402 -0.05742975 19.833334
-0.6410476 -0.9787823 -0.031176427 19.5
-0.55637306 -0.96750003 -0.049203269 18.6
-0.44851136 -0.96060115 -0.045241181 18
-0.35971317 -0.95195067 -0.047713473 19
0.36546871 -0.91603893 -0.073764212 19.428572
0.44436264 -0.90720868 -0.048922505 18.692308
0.53754103 -0.90396535 -0.033007529 18.4
0.61972433 -0.90168214 -0.047292147 17
7.9607377 -0.97202039 -0.066659138 5
0.57931226 -0.89510387 -0.057754021 17.833334
0.6455065 -0.89514798 -0.044596411 18.235294
0.75091892 -0.88687855 -0.055623714 17.6
0.84570795 -0.87823552 -0.038714241 18.083334
0.94854897 -0.87275159 -0.058836836 18.9
1.0459372 -0.8734622 -0.041392349 19.9
1.1664683 -0.8634153 -0.049495202 19.333334
1.2567483 -0.85284114 -0.058940116 18.727272
1.3466977 -0.84641403 -0.046098504 13.083333
1.4344984 -0.83882201 -0.04426967 5
1.5057676 -0.8284294 -0.037636306 3
1.7628006 -0.80545366 -0.054161891 1
1.8573102 -0.80768007 -0.061104741 3.6666667
3.0882399 -0.86707854 -0.085548222 96
7.9558458 -0.84700823 -0.065216854 4
1.7647089 -0.79784733 -0.068216234 2
1.8557113 -0.79895753 -0.038804591 7.3333335
1.9389576 -0.79058743 -0.037167154 12
2.0316949 -0.78044307 -0.016313113 53.5
2.1101747 -0.77383727 -0.00077416835 58
2.3617651 -0.75398338 -0.095905319 48
2.4326239 -0.7479558 -0.088927686 42
2.5498481 -0.7379247 -0.079755805 45.5
7.9431343 -0.72200644 -0.06573464 4
7.9324985 -0.59801847 -0.068411797 6
7.921804 -0.47604784 -0.073905468 6
7.9032888 -0.35308763 -0.081364781 6
-0.41938931 -0.13925028 -0.055657297 1
-0.35239935 -0.14862448 -0.037096653 1.9302325
-0.27254483 -0.1551135 -0.036722526 15.317073
-0.35375196 -0.079632513 -0.053271584 0
-0.24999946 0.076121084 -0.097880721 0
-0.34083644 0.15463294 -0.064862274 1.0153847
-0.27361876 0.16232999 -0.02130523 7.4444447
-0.31860405 0.20503792 -0.020927917 0
1.9278109 1.2531 -0.065344401 4.1999998
1.9442301 1.3675168 -0.049267612 5
1.9650702 1.4292798 -0.014839855 3
4.4852986 1.5491045 -0.097495049 37
4.5027013 1.5306013 -0.093534231 10
1.923545 1.6562268 -0.036847364 3
5.4836745 1.6533446 -0.0108545 24
1.0214875 1.7063485 -0.065668762 5.5
1.6135561 1.7510631 -0.076302767 38
1.8984513 1.7020572 -0.08064124 3
5.4028335 1.7708802 -0.067584962 10
5.5082164 1.7447073 -0.038902853 18
-4.3054838 1.8352354 -0.01928794 51
-4.1362 1.8500581 -0.039162766 55
-3.9691319 1.8608836 -0.058706854 54
-3.8128805 1.8697115 -0.078124925 62
-3.6674452 1.8785421 -0.097432539 59
-3.3794737 1.895702 -0.0087643536 69
1.9268652 1.8621038 -0.054171693 4.6666665
5.4057565 1.8300096 -0.089633912 20
-3.2700307 1.9076751 -0.030759621 70
-3.1611471 1.9166474 -0.053579938 71
-3.0603034 1.9256203 -0.075799629 71
-2.9644532 1.9345927 -0.098268315 65
1.9058849 1.9656159 -0.084926337 7
-2.2265847 2.0680935 -0.062441166 62.5
-2.0256767 2.0788381 -0.042383987 47.333332
-1.9458793 2.0754588 -0.070354134 41
-1.8653001 2.0766566 -0.047315214 62.666668
-1.7391896 2.084281 -0.076639578 68
-1.6757202 2.0992539 -0.051484622 74
-0.92988074 2.088273 -0.062601693 98
-0.63319486 2.0944521 -0.012186517 91
-0.59101349 2.0972407 -0.04089183 88
1.8847562 2.0325513 -0.017050769 8.5
1.9159222 2.0258658 -0.052146304 12
-1.6782275 2.1027162 -0.051707681 77.5
-1.3335204 2.1218824 -0.038062051 70
-1.288583 2.1251678 -0.072530515 69.5
-1.1389933 2.1190851 -0.04207151 48.25
-1.0365263 2.128058 -0.059010692 52
-0.98765457 2.1390445 -0.044541538 71.5
-0.65958965 2.1035919 -0.060997896 93
-0.55287677 2.1044877 -0.061743613 92
-0.47255909 2.1071379 -0.072133109 67
-0.3656227 2.1236997 -0.064591348 100.5
-0.15732653 2.1374636 -0.047177721 110.66666
-0.046892077 2.1351018 -0.029957457 101.75
0.4709467 2.1811566 -0.080916919 118.75
0.55352128 2.1829629 -0.040930685 116.5
0.64271289 2.1893404 -0.049211729 107.22222
0.72871113 2.1935427 -0.035513904 103.5
0.84592319 2.1968141 -0.029018391 103
0.96735263 2.1203914 -0.0095129358 150
1.1367593 2.1626039 -0.07194595 150
1.5903237 2.1260495 -0.073107079 21
0.84661925 2.2046483 -0.046356428 106
0.93211162 2.2114763 -0.049294543 101.25
1.151536 2.2234695 -0.041577447 95
1.2336497 2.2306616 -0.046096474 91
1.3495667 2.2457199 -0.062226042 88
1.4123313 2.2542317 -0.012757224 95
1.5342201 2.2508087 -0.049277186 58
1.6540946 2.2503271 -0.060456678 60.5
1.7281768 2.2811856 -0.022786103 86
1.9725808 2.2890503 -0.069161534 95
2.0264883 2.2390509 -0.025987301 39
-3.0083644 -1.1590891 0.085726768 32
-2.8406806 -1.1431102 0.067829296 36
-2.7057159 -1.1361294 0.051518001 37
-2.5737977 -1.1251478 0.036050536 40
-2.449919 -1.1131654 0.02118244 45
-2.3421199 -1.1051817 0.0075212521 41
-1.949319 -1.0814031 0.088230945 50
-1.8379784 -1.0711331 0.060672108 50
-1.7382803 -1.0628561 0.033801466 47
-1.6706476 -1.040186 0.044781126 50.5
-1.5906134 -1.0270662 0.023457516 52.5
-1.3305874 -1.016292 0.05133906 14.166667
-1.2530862 -1.0120807 0.048281409 12
-1.0515474 -1.0095109 0.050896544 10.833333
-0.97572869 -1.0102942 0.0039453683 10
-0.85605317 -1.0055774 0.093533084 9
-4.3384714 -0.93367881 0.0016624435 2
-1.0522869 -0.99711859 0.030521555 15
-0.98076028 -0.99413335 0.050505452 16
-0.83344436 -0.99020153 0.057520892 17.5
-0.75632328 -0.98899943 0.057163775 17.5
-0.66921705 -0.9853934 0.038106237 18.666666
-0.55080867 -0.98006088 0.061514601 18.777779
-0.45122427 -0.96636027 0.048831236 18.526316
-0.36551073 -0.95396554 0.046190947 19.35
0.47318137 -0.90815425 0.041587353 18.333334
0.54264534 -0.90415257 0.050797582 18.4
-4.3865218 -0.86353463 0.0193712 16
0.57517993 -0.89439869 0.055293288 18.142857
0.65387267 -0.89382803 0.055450883 18.25
0.74764442 -0.88662469 0.055149093 17.9375
0.84644538 -0.88059825 0.040353622 17.928572
0.94239753 -0.87407082 0.051411357 19
1.0392973 -0.87411958 0.056192916 20.111111
1.1448553 -0.86400312 0.064615756 19.363636
1.2548237 -0.85540682 0.048634652 16.714285
1.3616215 -0.83801419 0.042737436 11.5
1.4427543 -0.84012645 0.027636454 11.25
1.5623225 -0.82990438 0.078243747 9
1.6383332 -0.82112592 0.058251366 4.4444447
-4.3508205 -0.77541393 0.035531387 40
1.8847769 -0.78336233 0.0092978505 14
1.9657376 -0.78228295 0.026740933 15
2.0530756 -0.78020161 0.044755861 51
2.146909 -0.77000278 0.044949993 51.666668
2.2513616 -0.76244992 0.044584405 46
2.3329258 -0.75626528 0.068147548 48
2.428884 -0.74647546 0.053488109 50
2.5558596 -0.73986197 0.071135432 49.5
-2.3279228 -0.1244971 0.060631633 35
-0.34180319 -0.16422141 0.0037771706 3.75
-0.28509319 -0.16483866 0.005042674 9.5
-2.3663418 -0.044423319 0.069289982 25.5
-0.27951467 -2.6418543e-06 0.069400355 0
-2.2501607 0.073089279 0.07275261 31
-0.32969496 0.0021509216 0.087747417 0.60836011
-0.2681838 0.0010801741 0.012041681 0.21968788
0.56510699 0.0016322013 0.0050030681 0.26495728
0.60235918 8.768119e-05 0.0044518313 0
-2.2450297 0.15159908 0.074468225 43
-0.27193189 0.1667475 0.0054217554 14.333333
2.165252 1.1736445 0.098831929 1
2.2469811 1.1947285 0.042857341 3
2.3138075 1.2815917 0.025851183 2
2.4477167 1.2918833 0.066642366 4
1.9572694 1.3392571 0.013280962 3
2.6471002 1.3800603 0.093355276 17
1.9782367 1.4336343 0.031242173 2.5
2.049515 1.4928304 0.080379695 7
2.6746418 1.4045631 0.040790267 0
2.7600842 1.4116791 0.0687702 5
1.9679052 1.5310143 0.043811161 1.6666666
5.6261368 1.5778478 0.026260596 14
-4.7433004 1.618896 0.059243828 13
-4.6802149 1.6967497 0.041081995 5
1.9516097 1.6153862 0.0055673001 3
2.0888026 1.6810768 0.089766748 3
5.6815867 1.6250886 0.035348825 3
6.6093817 1.6861848 0.092769258 1
-5.4250503 1.7512064 0.086006664 38
1.6598182 1.7578449 0.070858017 141
6.5443459 1.7659621 0.061764974 3
-4.6997848 1.8056108 0.022140894 48
-4.4891896 1.8184159 0.00074954989 51
-3.9159412 1.858817 0.08669962 64
-3.7743387 1.8717877 0.062300544 83
-3.6313481 1.8787587 0.03817907 75
-3.5022197 1.8877307 0.01496588 75
1.9353577 1.941256 0.046319738 10.5
-2.2298822 2.0644588 0.03313607 62.75
-2.0169094 2.0741765 0.047900982 56.599998
-1.9515682 2.0709219 0.017231114 41
-1.7026448 2.0994446 0.091181614 74
-1.3976771 2.0975151 0.091087617 49
-0.93181121 2.0930457 0.072736137 106.5
-0.73412204 2.0815046 0.072188094 89.333336
-0.66668963 2.0891917 0.042936798 85.333336
-0.59797174 2.0953505 0.01383395 94
1.9566863 2.0129132 0.057708301 10
-1.6761645 2.1013355 0.031635437 77
-1.3308722 2.1127405 0.07157921 62
-1.2626616 2.1124783 0.034013409 56.833332
-1.1526161 2.1162038 0.012164141 50
-0.99250352 2.1358869 0.058424748 75.5
-0.64406675 2.1034293 0.045622263 97
-0.5985406 2.1048822 0.0041093258 95
-0.35590395 2.1173937 0.058472876 100.28571
-0.28698066 2.1184866 0.040482208 89
-0.16793579 2.1349416 0.043317985 111.75
-0.054696798 2.1370022 0.063842423 102.33334
0.57181865 2.1822333 0.032118239 112
0.64388245 2.1895545 0.055364713 104.66666
0.72853655 2.1925411 0.059194583 120
0.83605045 2.1939285 0.048346054 96.666664
1.0928847 2.1994419 0.089387603 147
0.77511978 2.2046065 0.058393199 110
0.81179923 2.202635 0.092405178 106
0.91865993 2.2108724 0.0442109 100.66666
1.0533854 2.2185223 0.057338636 88.75
1.145785 2.2196527 0.030719908 85.5
1.2501076 2.2335291 0.02894854 98
1.3272628 2.242398 0.096349128 91
1.4682389 2.2460508 0.031614363 91.333336
1.5410547 2.2651885 0.080930255 103.33334
1.6123452 2.2609606 0.030390102 85
1.7968334 2.2893531 0.034955412 89
1.8414294 2.288465 0.073727399 93
2.0162022 2.2733686 0.015247873 69
2.1058717 2.2749677 0.097103946 78
-13.08147 -1.9450071 0.18952419 6
-10.494375 -1.7529331 0.11665782 66
-3.8603883 -1.2199851 0.17471255 28
-3.603997 -1.2020153 0.14881672 31
-3.377548 -1.1840432 0.12503357 30
-3.1768765 -1.1690675 0.10417528 28
-2.3083994 -1.1076702 0.17584164 51
-2.2074184 -1.1008722 0.1517432 50
-2.1103053 -1.0910627 0.12904762 56
-2.0264883 -1.0852369 0.10818189 54
-1.7061058 -1.0386695 0.14744157 52.5
-1.6294276 -1.0431484 0.16085644 55
-1.5564864 -1.0487158 0.15704842 57
-1.4526939 -1.0412691 0.12495141 11
-1.3579807 -1.0238072 0.14716555 13
-1.2594652 -1.015713 0.14932933 12
-1.0798485 -1.0095638 0.14567296 15
-0.93437326 -1.0073447 0.1521835 8.6000004
-0.86768442 -1.0032109 0.13128048 12
-0.98382246 -0.9950493 0.15099075 12.8
-0.84479237 -0.99262899 0.14905614 18.333334
-0.7493822 -0.99439275 0.16920534 18.5
-0.65969056 -0.99068928 0.14594685 18.461538
-0.55716592 -0.98376191 0.15758522 20.6
-0.46324643 -0.96804011 0.13775022 19.25
-0.36951455 -0.95539069 0.14868455 19
0.45768306 -0.91503555 0.15467279 19
0.54612988 -0.90456367 0.14575574 18
0.62588966 -0.9027167 0.16996622 18
-7.6396289 -0.8240093 0.15719846 9
0.57708722 -0.89620513 0.12890862 18
0.64562154 -0.89172775 0.14659758 18.15
0.74429756 -0.88894445 0.16257064 17.533333
0.84446788 -0.8793391 0.15121411 17.75
0.94621617 -0.87405944 0.14345004 18.333334
1.0522437 -0.86785001 0.15244174 20.384615
1.1521045 -0.86904484 0.16495378 20.285715
1.240941 -0.85308242 0.14457951 16.333334
1.3355527 -0.84289771 0.14825994 12.833333
1.4705232 -0.83688641 0.16734363 14
1.5457032 -0.83534545 0.13590847 11.3
1.6419418 -0.81507337 0.13101386 9
1.74405 -0.80172127 0.13553725 13.666667
3.0862951 -0.86420232 0.10490202 51
1.7778841 -0.7996518 0.18791443 14
1.8312762 -0.7915051 0.14623812 15
1.9349887 -0.78826505 0.17854187 15
2.3782086 -0.74992234 0.10728414 54
2.4583848 -0.74286568 0.12046563 47
2.550622 -0.73680109 0.13552879 47
2.7922626 -0.78071648 0.15984906 151
-7.6355042 -0.67885959 0.17629682 84
-2.3232858 -0.17496759 0.1697444 20
-2.2844415 -0.13396743 0.17001878 36
-2.3330426 -0.037460465 0.17737123 32
-2.2833102 -0.094966106 0.17162116 36
-5.8129001 0.037963383 0.18491107 17
-2.2318635 0.057029169 0.17009498 35.666668
0.57510775 0.0021535344 0.11416689 0.0090534976
0.60802352 0.00037140871 0.11395403 0
-2.2488403 0.15402701 0.17037907 16
-4.1812272 0.4184151 0.14257327 121
-4.2649493 0.50743574 0.14330301 128
-4.8189001 0.67165208 0.16019346 13
-5.7998481 0.93102628 0.18904381 1
-5.9412851 1.072031 0.18635979 4
2.1959019 1.2166625 0.12301462 2
2.3536992 1.3711998 0.16667059 6.5
2.7119956 1.374229 0.1167098 3
3.060863 1.5436515 0.13227594 37
3.1594658 1.547317 0.16236922 34
3.2459939 1.5430821 0.17308401 18
7.0585909 1.59962 0.16058505 5
7.1193519 1.5088335 0.19035409 32
-6.788528 1.6471242 0.17980279 27
-6.4046087 1.680879 0.15509158 26
-6.0445385 1.7076415 0.1309551 34
-5.712749 1.7284169 0.10798563 33
1.0287677 1.7107559 0.11795866 78.5
1.6279368 1.7746298 0.11967023 3
2.3120778 1.791876 0.1108797 18
-4.611547 1.8099433 0.19307247 57
-4.4139352 1.8209114 0.16586018 62
-4.2349105 1.833878 0.13791952 63
-4.0700178 1.8468475 0.11227795 63
1.6756527 1.8230889 0.10296696 160
2.3405144 1.8659359 0.16818401 22.5
-2.6095729 2.0154784 0.17784397 30
-2.5205414 2.0202384 0.14861545 17
-2.4395466 2.0280046 0.12 0
-2.2367144 2.0603244 0.12889503 63
-2.0255775 2.0738444 0.14531857 68.75
-1.7081494 2.0975988 0.16599047 75
-1.6748416 2.0968971 0.14939091 77
-1.535943 2.0940986 0.16528094 72
-1.4492738 2.0907433 0.1202139 60
-1.3994856 2.0935004 0.15599018 54
-0.93788868 2.0729389 0.18913475 81
-0.8440727 2.0810027 0.14699551 80.199997
-0.77064371 2.0846353 0.12811193 86
-0.63836718 2.0981307 0.1359143 99
-0.49685818 2.0984302 0.18553095 89
1.0053266 2.0990772 0.13657315 69
-1.6778738 2.1013973 0.14962536 75
-1.4594963 2.1005645 0.18685037 72
-1.3357228 2.113867 0.15143031 63.25
-1.2981391 2.1202016 0.10129644 69
-1.001076 2.1323171 0.18716681 70
-0.96132112 2.1144154 0.16084348 93.666664
-0.42178649 2.1093853 0.15125372 98
-0.35963917 2.1150718 0.13042068 104.25
-0.22567195 2.1222103 0.19600266 97
-0.17782472 2.129832 0.15552907 100.16666
-0.059704527 2.1358888 0.14995512 103
0.49047437 2.1706486 0.19544452 118
0.54394454 2.1759365 0.14865056 104.42857
0.66227341 2.189465 0.1345171 110
0.73887432 2.1907115 0.14986892 102
0.84613633 2.1925471 0.16172987 96
1.0017985 2.1893759 0.17946905 100
1.1238816 2.1724584 0.12209897 21
0.75839818 2.201993 0.15199187 110
0.85228306 2.2072394 0.14312924 102.5
0.94947457 2.2145066 0.15136045 102.5
1.0304384 2.2193959 0.16177836 82
1.1525728 2.2209311 0.1722092 94
1.2169478 2.2355046 0.19397333 99
1.3762615 2.2440295 0.16082585 96
1.4185799 2.2462587 0.14005478 96
1.5564414 2.2558618 0.15230294 98
1.6561414 2.2737751 0.17534675 80.5
1.8919964 2.2841372 0.14962128 88
1.9187658 2.2673635 0.14325733 76
2.0711021 2.2810535 0.16583736 77
2.2873945 2.2920566 0.13467988 150
1.9915733 2.3018124 0.19463629 90
2.3729391 2.3300579 0.17278928 78
2.5868413 2.3096011 0.16557205 70
2.6315603 2.3172698 0.12335729 70
-16.694786 -2.1717002 0.29284686 58
-4.9278641 -1.3018694 0.27522287 24
-4.5156703 -1.2719133 0.23704824 23
-4.1736174 -1.2479515 0.20399804 28
-2.8435903 -1.1526818 0.29284257 58
-2.6941593 -1.14296 0.25990909 59
-2.5618923 -1.1342103 0.23020837 53
-2.4204602 -1.1164547 0.20145462 46
-4.1800056 -1.0158998 0.24419986 63
-1.9588586 -1.080523 0.27316409 45.5
-1.8374566 -1.0685792 0.23943031 49
-1.735078 -1.0495036 0.2378377 49.285713
-1.6435322 -1.0424008 0.2563324 58.200001
-1.5432022 -1.0422585 0.26335928 30
-1.4236877 -1.0446385 0.21249856 10.5
-1.3830863 -1.0221698 0.24531886 12.5
-1.2619193 -1.022763 0.26368433 11.142858
-1.1280701 -1.0176116 0.267313 13
-1.0508947 -1.0086799 0.25401959 15
-0.97202367 -1.0070662 0.24125248 8.25
-0.87629038 -1.0029147 0.26149112 8
-0.67382622 -1.0020903 0.24809499 21.666666
-4.2240052 -0.94988096 0.25933483 55
-0.98983651 -0.99618214 0.2162181 15
-0.84689146 -0.99323678 0.25746047 16
-0.76216257 -0.99575198 0.24445847 19.4
-0.65556061 -0.99467021 0.25291479 22
-0.57089293 -0.98829436 0.2402506 20.75
-0.44396815 -0.96865326 0.24774955 19.416666
-0.36039847 -0.95900887 0.24548957 20.375
0.38502297 -0.91458893 0.27141103 19.4
0.44637799 -0.91249913 0.24670576 19.083334
0.55327952 -0.90522468 0.25133684 18.125
0.61906528 -0.90240926 0.23854835 18
-4.3165345 -0.8918612 0.27586806 22
-4.2665639 -0.80285329 0.2818363 60
0.6741327 -0.89366597 0.24296556 18.888889
0.74294293 -0.88822383 0.24916892 18.526316
0.84265721 -0.87840688 0.25714225 18.5
0.94331867 -0.87108231 0.24877797 17.846153
1.0465668 -0.87476295 0.24828762 20.90909
1.1503294 -0.86257046 0.24056193 19.076923
1.2475901 -0.8512249 0.2559059 14.714286
1.3828348 -0.84185046 0.27211073 14.333333
1.4454046 -0.83854622 0.24204275 12.428572
1.5279588 -0.82622224 0.24906357 9.333333
-4.2809119 -0.72783989 0.29262933 53
1.8430792 -0.7900458 0.21309757 14
1.9541118 -0.78439426 0.24976505 34
2.0423405 -0.7787748 0.23411559 56.666668
2.1419973 -0.76891047 0.26440942 55.666668
2.2713101 -0.76355529 0.27730456 56
2.3374987 -0.75341916 0.29626331 52
2.3556871 1.4457709 0.27013588 2
7.0941372 1.4940035 0.24987188 24
-7.7443724 1.5716784 0.23398323 16
3.2758875 1.5539088 0.2159428 7
-7.2664495 1.6184012 0.20682396 29
-5.2675614 1.7520514 0.28480995 49
-5.0375214 1.775015 0.25379115 50
-4.803875 1.7879786 0.22276516 53
-2.9285669 1.9324162 0.29293317 62
-2.8270662 1.9411643 0.26243815 68
-2.7255659 1.9459125 0.23197401 71
-2.651813 2.0075154 0.2422372 47
-2.5300179 2.0242667 0.24723721 19
-2.2519026 2.0546396 0.24886055 62.833332
-2.0378563 2.0702097 0.24262494 64.25
-1.7269052 2.0911856 0.26821789 65.666664
-1.6617949 2.0897679 0.25525513 72
-1.5398161 2.0921574 0.23145467 72.5
-0.92744368 2.0763893 0.22925019 84
-0.63442326 2.092891 0.25202015 97.5
-0.55976921 2.0942521 0.23908781 86.666664
-1.3309543 2.1127019 0.24587512 68.75
-1.0286493 2.1220741 0.26177642 58.5
-0.95493132 2.1180565 0.25040063 96
-0.51647568 2.1002312 0.23020944 91
-0.43263113 2.1069274 0.23507625 102.66666
-0.33991912 2.1126664 0.26198584 99.666664
-0.23937674 2.1212993 0.24320564 100.8
-0.17318508 2.1263115 0.24042185 85.800003
-0.063333757 2.1323545 0.23704572 102
0.47239995 2.1684735 0.26178113 104.5
0.53148019 2.1752734 0.24691141 102
0.63659674 2.1872461 0.25272447 95.666664
0.75343543 2.1927872 0.24665336 99.666664
0.82771695 2.1936481 0.20609726 100
0.98237354 2.1367717 0.25707793 7
1.108453 2.1705635 0.2502853 89
0.78612506 2.2025428 0.23191196 106
0.83827728 2.2075651 0.25167581 106
0.95397544 2.2111804 0.24907318 93
1.0886745 2.2200258 0.24628159 96
1.1346661 2.220557 0.26233307 85
1.2557579 2.2325225 0.22865787 103
1.3291168 2.2345457 0.25491163 92.666664
1.4783119 2.2592466 0.24822706 104
1.5209613 2.2550511 0.26353565 100.5
1.7543104 2.2852917 0.24718164 95.5
1.844661 2.2641873 0.24949445 75.5
2.0179262 2.2751658 0.25634554 72
2.6908195 2.2930381 0.24938135 18
2.072701 2.307992 0.2574535 88
2.4681375 2.3222353 0.2492311 42.333332
2.5448451 2.3210862 0.24833079 44.333332
2.6788292 2.3150764 0.29668713 56
8.7318754 -2.6393201 0.36059928 52
8.7297192 -2.489095 0.38919789 20
-3.2210999 -1.1850162 0.37125596 41
-3.0204391 -1.167367 0.32997561 42
-2.4119771 -1.1183207 0.39458162 49
-2.2876458 -1.1043742 0.36249065 42
-2.1821506 -1.0964206 0.33468032 50
-2.0863526 -1.0894639 0.30859268 43
-1.8079989 -1.075379 0.37045148 51
-1.7520815 -1.052206 0.36225602 48.714287
-1.6658304 -1.0469675 0.33835176 55
-1.5882535 -1.0401634 0.34430692 58
-1.4358795 -1.0338846 0.35430118 12.857142
-1.3394853 -1.0311743 0.34723866 13.333333
-1.272 -1.0268887 0.35293019 10.666667
-1.1395422 -1.0173882 0.354736 13.5
-1.0324579 -1.0122268 0.36473829 16.4
-0.82353354 -1.0007329 0.34883857 10.5
-0.77263397 -1.0013463 0.3143684 25.5
-0.61124641 -1.0020287 0.38058731 21
-0.90515059 -0.9943378 0.39852852 16
-0.87440366 -0.99627012 0.35381198 13.833333
-0.75326318 -0.99547869 0.34481862 18.538462
-0.60492301 -0.99535936 0.33095631 21
-0.56251276 -0.99426287 0.35163894 20.799999
-0.45349616 -0.97971958 0.34492812 20.76923
-0.37382397 -0.97408605 0.34206906 21.666666
0.35449862 -0.9285304 0.356424 21
0.43948138 -0.91653478 0.34366608 19.625
0.54706168 -0.90624905 0.35077918 17.222221
0.66273904 -0.90250158 0.32884237 19
0.75668097 -0.90159065 0.35803485 19
0.8068099 -0.90257645 0.34722343 21
0.67017734 -0.895302 0.3787396 17.5
0.75828296 -0.88847947 0.3363466 19.555555
0.85331452 -0.88032085 0.34871003 19.611111
0.95394427 -0.88080972 0.35526899 20.75
1.0522499 -0.8700484 0.35181537 19.214285
1.1442622 -0.86745775 0.35796776 18.888889
1.2188244 -0.86147165 0.32371119 17.666666
1.3410357 -0.84254086 0.35340577 16.941177
1.4097404 -0.84036684 0.33926943 11.333333
1.5658493 -0.82200336 0.3091214 13.666667
1.6508271 -0.81419718 0.35179213 13.2
1.7268249 -0.80447859 0.3732934 14
2.1708207 -0.76410401 0.31998044 56
2.2526004 -0.76101023 0.34309471 48
2.3329952 -0.75390947 0.36763203 50
2.418467 -0.74703789 0.35491115 54.5
2.5498476 -0.73551774 0.35257527 50
-2.3287268 -0.18215621 0.36917686 35
-2.2954304 -0.13517037 0.36792204 34
-2.29246 -0.047127247 0.37331542 36.333332
-2.2744374 0.060891166 0.37576717 32
-2.2804716 0.12691705 0.37878668 23
-4.2997437 0.42821404 0.33635423 86
-4.4023232 0.52021796 0.34152824 35
2.5178914 1.3250586 0.36519146 2.5
2.3529456 1.4743021 0.31627291 7.5
2.3592186 1.5193461 0.38094181 16.5
-6.1628613 1.690244 0.39297482 33
1.0557371 1.6911445 0.39333773 26
-5.8502049 1.7171979 0.35564867 44
-5.5427952 1.7340903 0.31857592 45
0.96379215 1.7091199 0.38972089 1
1.0492355 1.7186844 0.38734937 50
10.416498 1.7868493 0.39881158 65
-3.2601886 1.8982255 0.39085618 56
-3.1467807 1.9119557 0.35826063 61
-3.0378053 1.9246912 0.32627234 57
-2.9188917 1.9284964 0.39884385 78
-2.8195004 1.9364457 0.3655296 80
-2.7223268 1.9433959 0.33250704 80
-2.6961021 2.0023594 0.30869254 59
-2.2763991 2.0506234 0.3701151 59
-2.0532649 2.0658112 0.34015286 65.25
-1.8277351 2.0752003 0.33798298 18
-1.7265646 2.090389 0.36356393 70.599998
-1.6848499 2.082819 0.30890575 72
-0.74839514 2.0815842 0.36651868 82
-0.65894258 2.0893719 0.33210406 92.14286
-0.45600495 2.0956664 0.355463 85
1.0071329 2.0667558 0.38632065 39
-1.3423024 2.1085975 0.34727728 65.75
-1.2470864 2.1063569 0.3798584 63
-1.1519289 2.1098566 0.34411007 54.75
-1.0316858 2.1239808 0.34850714 63.666668
-0.96677434 2.1275616 0.32816589 76.5
-0.43228912 2.1063709 0.36923778 94.400002
-0.36544862 2.1092765 0.33482799 98.333336
-0.22884071 2.121911 0.32770535 106.66666
-0.16969582 2.1258817 0.36721206 111.5
-0.071339495 2.1268878 0.33066973 103.25
0.45013288 2.1701348 0.35256416 96.85714
0.56161237 2.1840079 0.35496685 92.666664
0.64293212 2.182878 0.35648492 96.666664
0.7622776 2.1864944 0.35875058 96
0.88990343 2.1968565 0.39100838 89
1.0076959 2.131459 0.37716761 150
0.87614483 2.2076497 0.32154953 103
0.93886912 2.2065907 0.34718943 86.714287
1.0594096 2.2179966 0.32997462 96
1.1547354 2.2242954 0.35419673 73.5
1.2592241 2.2272568 0.37542593 86
1.3442212 2.2392185 0.31729129 89.666664
1.4489702 2.2481458 0.35539135 94
1.5771167 2.2649338 0.33288574 109
1.6217459 2.2700276 0.37449026 101
1.7613205 2.2601554 0.37460929 80
1.8374071 2.2820976 0.31897414 90.333336
2.4195518 2.2990716 0.35336784 67.5
2.1552687 2.3121748 0.32166442 91
2.2155519 2.3173044 0.36719462 87
2.6315184 2.3111422 0.36510283 60.5
5.1917725 2.5605409 0.34316272 43
8.7678709 -2.3518777 0.41771078 20
9.0545044 -2.2806211 0.45749497 138
9.0309849 -2.1244423 0.47944686 21
-3.6977248 -1.2201957 0.46761617 29
-3.4455721 -1.2016296 0.41665328 29
-2.6819599 -1.1392037 0.46470115 40
-2.535748 -1.1262659 0.42749134 41
-2.0522015 -1.0906093 0.46672034 57
-1.9682218 -1.0878735 0.43369839 55
-1.8378928 -1.0628842 0.44664216 42.400002
-1.7494714 -1.0572841 0.4599708 49.25
-1.633922 -1.0523789 0.44856137 54.599998
-1.5247257 -1.0484824 0.45173419 36.5
-1.4674675 -1.0425889 0.45176768 12.5
-1.3402629 -1.0321299 0.4473621 13.166667
-1.2265434 -1.0298872 0.46101183 13.5
-1.1569655 -1.0205882 0.44277087 15.857142
-1.0428323 -1.0176023 0.4526802 15
-0.93131441 -1.0044597 0.47357225 15.333333
-0.86161494 -1.0032873 0.41180301 6.5
-0.73832458 -1.0004934 0.4817825 20
-0.5827868 -1.0009403 0.47348592 21.5
-0.913261 -0.99726903 0.42292538 16
-0.80318213 -0.99631625 0.46156529 18
-0.74284399 -0.99446374 0.42942032 18.5
-0.53988743 -0.99462855 0.45503521 21
-0.44172394 -0.98880553 0.43814537 22.111111
-0.38588047 -0.98521483 0.46152303 23.5
0.28530425 -0.93084735 0.46757808 21.25
0.35238409 -0.9293893 0.443223 20.700001
0.45755506 -0.92024052 0.44538301 18.714285
0.52457368 -0.91816431 0.45825723 19
0.64561266 -0.90924585 0.4491044 18.75
0.77383721 -0.9034394 0.43060803 19.5
0.83477908 -0.90051436 0.45086557 19
0.75658453 -0.89711714 0.47272155 22
0.85894269 -0.88467467 0.44231588 20.700001
0.94763148 -0.87914658 0.45638517 19.5
1.0464369 -0.87401509 0.4481357 15.583333
1.1655064 -0.86448628 0.46029317 18.666666
1.2805865 -0.84851193 0.45076516 14.363636
1.3404026 -0.84361541 0.44081026 13.625
1.449631 -0.82883132 0.45121089 14.2
1.5441569 -0.83174133 0.49467391 13
1.7674037 -0.796758 0.41443634 14
1.8613272 -0.78847021 0.45570469 14.75
1.9426001 -0.78497285 0.48233542 15
2.5171857 -0.73869741 0.41977265 47
2.6174603 -0.72958195 0.44814831 44
-2.3075504 -0.18540335 0.47802106 64
-2.2740107 -0.13941304 0.47221041 64
-2.2475622 -0.052755471 0.46832693 67.666664
-2.3032825 0.075593747 0.48204815 55
-2.2731047 0.031584721 0.47500658 63
-2.331516 0.1426011 0.48835093 32
-5.8245192 0.8073386 0.45049983 20
-5.8783417 0.92632955 0.44565079 7
-5.7373104 1.1212897 0.41656247 2
2.3766034 1.3015326 0.43823048 5
2.4313941 1.3249624 0.41682407 11.75
2.3351047 1.5393314 0.42921615 12.333333
-6.9342775 1.6353476 0.47817174 31
-6.5179324 1.6612936 0.43359718 28
2.32761 1.6210583 0.40415987 8
0.94765335 1.7263601 0.4066205 2
1.12595 1.7418959 0.41258866 7
-3.5265882 1.8788306 0.46359766 56
-3.3855019 1.8855133 0.42550603 59
-3.1295509 1.9065679 0.46887103 76
-3.0207691 1.9165493 0.43384281 73
1.1143696 1.9547338 0.4745695 11
10.525726 1.9246227 0.48358509 1
-2.3061581 2.0437746 0.49225298 57
-2.291296 2.0442138 0.44285548 62
-2.0724008 2.0596781 0.43836528 68
-1.8676375 2.0640199 0.40463442 3
-1.7391043 2.0881445 0.47050261 67.25
-1.3446232 2.0950117 0.45131108 63
-1.2787783 2.0970359 0.42300344 57
-0.92355722 2.0682163 0.49201173 94.5
-0.85393763 2.0707374 0.44542304 90.25
-0.77561986 2.0787804 0.40570793 85
-0.6447221 2.0894504 0.45677218 95.571426
-0.55299664 2.0967782 0.45291784 75.666664
0.98514545 2.0879874 0.41730896 77
1.726 2.0084565 0.49627087 2
10.088654 2.0083244 0.41422483 2
-1.4092793 2.1000974 0.47933853 72
-1.3517395 2.1067801 0.45156088 66.666664
-1.2099955 2.1063302 0.40321344 62
-1.0280901 2.1222768 0.47191519 68
-0.97835618 2.1235683 0.43155277 64
-0.52216315 2.1024048 0.40851218 79
-0.44694942 2.1046991 0.44880128 90.25
-0.36987382 2.1096411 0.44056219 101.5
-0.21349904 2.1203413 0.44359905 111.5
-0.17582941 2.1181679 0.4711197 106
-0.077747226 2.1173506 0.43405724 104
0.37866318 2.1642511 0.44513157 98
0.41837344 2.1689746 0.44955817 93.666664
0.55001044 2.1750135 0.46463525 96.25
0.72506571 2.183713 0.44788986 100
0.85681576 2.1978073 0.45558226 90
0.95492947 2.19838 0.42001352 62.5
1.0668924 2.1630683 0.43931168 5.5
1.0238454 2.211832 0.47240412 70.5
1.1732631 2.2254159 0.43152374 30
1.2556857 2.2296624 0.42656612 47
1.3173453 2.2439501 0.45571029 37
1.4366246 2.2435696 0.42663085 37
1.5458521 2.2691467 0.47392774 13
1.6728038 2.2841289 0.41949108 5
1.719698 2.2689357 0.45005909 23.5
1.9224458 2.266386 0.43414986 63
2.3352492 2.2932053 0.45568129 64
1.995739 2.3123312 0.42118114 26
2.0473721 2.3083401 0.4612996 89
2.2758355 2.3224332 0.41272515 80
2.3389726 2.326566 0.45961931 35
2.5700269 2.3047271 0.45449162 58
5.2296762 2.5630867 0.40376917 47
5.4454308 2.5866466 0.43487519 45.5
5.6888905 2.6140895 0.47945726 43
9.1793165 -2.0082216 0.50843585 37
9.5210934 -1.9309837 0.54694921 20
-4.018271 -1.2496611 0.53017449 20
-3.0799816 -1.1922616 0.56167805 60
-2.8364806 -1.1501381 0.50389767 33
-2.2798903 -1.1199266 0.55183852 62
-2.1591344 -1.1042864 0.50698501 55
-1.9047397 -1.0771291 0.57258582 33.5
-1.8391644 -1.0623252 0.54737997 31.799999
-1.7586962 -1.0565424 0.5403164 29.666666
-1.6580114 -1.0558145 0.54318267 38.25
-1.5351278 -1.047096 0.54386115 39.75
-1.4731487 -1.0504146 0.54567111 66.5
-1.3592497 -1.0402366 0.54318589 12.833333
-1.2382941 -1.0389285 0.55527186 13.833333
-1.1456608 -1.0370468 0.53991449 14.666667
-1.0638176 -1.0282073 0.55402637 15.25
-0.97168827 -1.0308684 0.56151462 13
-0.83039874 -1.0151383 0.56474382 13.666667
-0.75265026 -1.0079626 0.53610808 18.666666
-0.63896078 -1.0133381 0.56542087 15.5
-0.54339916 -1.0096428 0.55411047 16.799999
-0.45148724 -1.0215431 0.5644834 20
-0.39349461 -1.0438378 0.56459486 24
9.0339231 -1.0976454 0.57537115 88
-7.5724497 -0.90450776 0.56966811 21
-0.80918247 -0.99581182 0.50169015 18
-0.5036155 -0.99044174 0.50016934 22
-0.43885413 -0.99185693 0.50413191 23
0.25966564 -0.95004153 0.54401469 19.166666
0.35029244 -0.92756861 0.53095883 18.799999
0.4483757 -0.94500917 0.56016511 6.6666665
0.59275389 -0.91173041 0.50963223 20
0.6500051 -0.91216195 0.51799244 20
0.74701583 -0.90483195 0.51022184 19
9.0029249 -0.95060468 0.57916862 90
0.73821467 -0.89768583 0.52924073 7
0.83623189 -0.88814014 0.52296972 13.333333
0.96459633 -0.87948334 0.52167952 13.714286
1.0665641 -0.88763964 0.5019666 23
1.1343848 -0.86896408 0.52312368 15.5
1.2588037 -0.85093725 0.54763061 14.0625
1.3216908 -0.84300631 0.54985303 14.5
1.4895585 -0.83034563 0.50582111 13
1.5569233 -0.8230722 0.53560114 13
1.6436468 -0.81208158 0.57357389 14
8.9817591 -0.80658907 0.57994163 103
-7.5915031 -0.76649237 0.58234155 32
1.9590946 -0.78482091 0.51416069 52
2.0460646 -0.77731651 0.54280072 60.25
2.1272645 -0.76896828 0.57034773 54
8.9690781 -0.66457635 0.5805425 77
8.9549198 -0.52358472 0.57835466 109
8.925869 -0.3836042 0.57438242 76
8.9165802 -0.24464139 0.56856519 115
8.9412546 -0.10867945 0.56343329 25
-7.3630962 1.5974032 0.52394354 32
10.424014 1.7288833 0.52710319 61
-4.0008163 1.8438444 0.58488315 53
-3.8331375 1.8564948 0.54314786 57
-3.669066 1.8641462 0.50148755 57
-3.5022385 1.8747406 0.58533728 72
-3.3660052 1.8836794 0.54404461 77
-3.2513835 1.8996236 0.50647199 71
-2.3438246 2.0411725 0.57100952 53
-2.2483909 2.0360901 0.54366189 17.333334
-2.1108613 2.0567198 0.55828238 61
-2.0940163 2.056488 0.53191257 66.666664
-1.7582116 2.0795252 0.5719853 41.75
-1.5545163 2.0922532 0.56729984 55.5
-1.4593977 2.0959847 0.54119802 77.666664
-1.3762317 2.0946805 0.57822865 64.5
-0.7427817 2.0780482 0.56807268 96.5
-0.65506446 2.0838461 0.53618658 86.85714
-0.57134831 2.0903673 0.51113588 75
-0.43731794 2.0979476 0.56460893 108.5
1.1315175 2.0596743 0.51222366 152
-1.370941 2.1026256 0.51921612 72.333336
-1.037043 2.1155798 0.56397241 64.666664
-0.99087822 2.1202583 0.53749788 65.25
-0.37656263 2.1054494 0.54540408 109
-0.22049899 2.1174927 0.54936796 106
-0.17980757 2.1067579 0.54914451 105
-0.08311417 2.119082 0.53996277 95.25
0.35256225 2.1636343 0.5228678 91.5
0.48262325 2.1668386 0.53223521 95
0.55310094 2.1702757 0.52877241 99
0.69722545 2.1823654 0.51490104 100
0.82323748 2.1927488 0.51887035 92
0.35223979 2.2103384 0.57431763 96
0.45965472 2.2199967 0.5886761 97
0.52934366 2.2276206 0.58463967 102
0.68093908 2.2354932 0.57116967 100
0.80663776 2.2441294 0.5736298 96
0.97847056 2.2360864 0.56734419 59.5
1.093326 2.2365701 0.56461525 106
1.1487528 2.2310178 0.56825894 84.333336
1.353942 2.250838 0.56999069 85.333336
1.4316959 2.2766476 0.56926894 29.5
1.6522716 2.2873399 0.56195432 59.666668
1.8471323 2.2835119 0.58038884 43
2.2581871 2.2901728 0.55818766 62.5
2.1361709 2.3128538 0.52339852 49.5
2.2305613 2.3223796 0.58963954 12
2.4056854 2.3307045 0.50856763 4
2.5172343 2.3023119 0.54296613 59.5
5.6998429 2.6079144 0.52097374 42
5.9419308 2.6233709 0.56776756 38
8.9037638 -2.7514875 0.61423123 9
8.8703699 -2.5713389 0.63938075 17
8.9219208 -2.4191854 0.668612 43
9.0144749 -2.2760444 0.69705772 14
10.141893 -1.8976684 0.60225123 15
10.796692 -1.8503432 0.65952188 16
-4.4727407 -1.258868 0.62333572 61.5
-3.5676877 -1.2440888 0.6810528 118
-3.4081905 -1.2581497 0.63855362 8
-2.4177108 -1.1375105 0.60219926 46
-2.010319 -1.1015203 0.60105169 28
-4.2320247 -1.0529851 0.61264944 95
-1.9404559 -1.0709157 0.64609069 6
-1.8604445 -1.0664732 0.65276992 22.5
-1.7405964 -1.0613391 0.65406615 20.5
-1.6355245 -1.059057 0.66282547 36.5
-1.5584717 -1.0541223 0.6279909 45.75
-1.4201343 -1.0441128 0.66242141 23
-1.3443615 -1.0511312 0.66222554 16.25
-1.2580961 -1.0485991 0.63515115 8.5
-0.48493829 -1.0065069 0.62978667 22.5
-4.2343292 -0.96586353 0.62808836 122
-0.48878771 -0.99929339 0.66955757 17
0.36116481 -0.93772399 0.64727128 19
0.4106285 -0.9158783 0.60048664 7
-4.3522649 -0.81347209 0.67582744 65
-4.2715764 -0.88569242 0.64921582 102
1.2461959 -0.86324793 0.64939332 12.375
1.3779268 -0.84697115 0.64593267 12.5
1.4385202 -0.83613139 0.65205753 14
1.6742821 -0.80501187 0.62887228 14
1.7509534 -0.8012954 0.65505773 15
-4.3543062 -0.72436124 0.6898616 31
1.795373 -0.79671633 0.66071117 15
1.8511472 -0.79270852 0.69651395 15
2.1869102 -0.76572734 0.60846817 52
2.2639296 -0.75766456 0.64381081 55.5
2.3523245 -0.75059855 0.68247986 55.5
-2.3046832 -0.30890262 0.68497241 28
-2.2387843 -0.22903383 0.6691581 32.5
-2.1913936 -0.13161297 0.65977412 41
-2.261764 -0.041865923 0.69071943 78
-2.0184023 0.08762867 0.68630433 0
9.8619089 0.030562147 0.61551768 7
-2.2131031 0.16706313 0.68078965 24
-2.0330482 0.15113676 0.69125581 35
-8.3732004 1.4985305 0.62914932 18
-4.4003954 1.8226494 0.68062168 46
-4.1900892 1.8322272 0.63043481 52
-3.8054557 1.8578721 0.67420065 75
-3.6467812 1.8658047 0.62861943 75
-2.6475904 1.9943291 0.69967568 47
-2.5603094 2.0100193 0.66069806 46
-2.4664178 2.0121641 0.65832508 49.5
-2.3557484 2.0310011 0.6584456 47.166668
-2.1277144 2.0509162 0.64033598 61.5
-1.8016051 2.0756869 0.69995624 66
-1.7791407 2.0796273 0.6507194 47.5
-1.6356186 2.080096 0.64779115 21.333334
-1.5415734 2.086935 0.60639948 69
-1.3648115 2.0933273 0.60942835 61
-1.1865276 2.0981021 0.6725266 63.5
-0.92036426 2.0608215 0.68837106 104.5
-0.85108131 2.0675786 0.63952506 96
-0.7361353 2.0790317 0.64625424 89
-0.64557362 2.0772786 0.64416277 107
-0.44688022 2.0940049 0.67119324 98
-0.38333401 2.0982661 0.65126562 106.5
-1.4120542 2.1021953 0.65429479 76
-1.3839144 2.1053417 0.66698045 85
-1.1358919 2.1039295 0.63757873 61.5
-1.0482804 2.1148865 0.62663555 64.833336
-0.22759692 2.1141472 0.65716493 106
-0.18315659 2.1158822 0.63158184 97
-0.08790046 2.1170776 0.64794958 99.25
0.23931713 2.1989667 0.69726574 105
0.27502814 2.2036457 0.62726921 63.5
0.32209349 2.2077537 0.60946298 75
0.66271031 2.2566087 0.62219709 5
1.1548884 2.2557886 0.61874944 4
1.2251019 2.2618091 0.60361212 8
1.6306428 2.2719669 0.60938519 6
1.8285277 2.2721272 0.65827447 78.5
1.9433814 2.2851858 0.66842943 51
2.185431 2.2844691 0.66012871 64
2.2131779 2.2861478 0.61895305 64
2.4541476 2.2964163 0.6527552 61
1.7812712 2.3057432 0.66781819 25
3.194607 2.3400893 0.6782285 54
3.2238157 2.3390613 0.63447708 57
6.2412806 2.6517725 0.64265251 29
-10.952297 -1.7312814 0.79145098 12
11.56127 -1.798986 0.72352344 11
12.415079 -1.7366058 0.79253572 5
-2.7153397 -1.1666369 0.71075451 3
8.9893913 -1.1255976 0.77181822 20
-1.9163774 -1.0755643 0.71811694 18.5
-1.7542626 -1.0731109 0.75519246 56
-1.6348027 -1.0526518 0.71980488 2
-1.5427252 -1.0603759 0.76141363 66.5
-1.4395037 -1.0464936 0.7382189 33.5
-1.3342898 -1.0490841 0.73949528 28
-1.2635989 -1.049691 0.72932327 72
-0.49555299 -1.0065084 0.71922714 6
0.35609683 -0.92046994 0.73398376 9.5
0.407498 -0.91778344 0.75101995 7
9.0167332 -0.97051686 0.77494669 98
1.2465655 -0.87050557 0.74631572 11.2
1.3387638 -0.84584194 0.76022083 13.75
1.4655988 -0.83132309 0.71925968 14
1.543072 -0.82088721 0.74618882 14.2
9.0011435 -0.81152791 0.77153629 108
1.8431792 -0.79272032 0.73669684 55.5
1.9417019 -0.78598171 0.76881701 58.666668
2.4154458 -0.72955012 0.71204144 36.5
2.3569779 -0.63767022 0.70359683 21.5
2.432178 -0.66646218 0.72026205 31
8.9791164 -0.65255672 0.76471937 52
8.9499636 -0.49459901 0.75522411 105
-2.3538165 -0.35292816 0.75113577 45.5
8.9363632 -0.33964628 0.74542749 95
-2.2863448 -0.13614562 0.78687215 73
8.9219828 -0.18571307 0.73211497 48
-2.2594705 -0.064167328 0.77823758 53.5
9.4545298 -0.035637178 0.7642352 13
-2.3401709 0.054387283 0.7222501 58.5
-2.2938468 0.1252854 0.70825243 16
-2.0618029 0.21865739 0.70211035 16
-4.3752041 0.34932554 0.77471423 89
-4.3596635 0.44030398 0.77191365 71
-4.6156974 1.8060708 0.73063588 8
-2.7522426 1.9437326 0.75073552 71
-2.645119 1.99182 0.78145945 54
-2.5386171 1.987718 0.7336657 8
12.765896 1.9224038 0.70450175 2
-2.4034286 2.0410943 0.74928188 4
-2.1520333 2.0465083 0.71752059 15
-1.8151643 2.0717955 0.75198781 65
-1.7890553 2.0716972 0.7326718 65.5
-1.2395144 2.0952768 0.70845622 20
-0.9297176 2.0596719 0.76866966 89
-0.86061668 2.0674155 0.71817255 86
-0.73242891 2.0760293 0.76841342 99
-0.65769148 2.0811191 0.75401568 102
-0.45436627 2.0899353 0.75336874 102
-0.39237332 2.0978401 0.79050326 107
-1.4258487 2.1043415 0.70930654 82
-1.3956947 2.1043553 0.72116089 16
-1.0383444 2.1141832 0.75572526 30.6
-0.98663932 2.1150966 0.7427181 65.5
-0.38882267 2.1034164 0.73556387 112
-0.23486221 2.1093152 0.76696384 100
-0.15935619 2.1149921 0.7548911 96
-0.089195617 2.1142595 0.74944878 94.333336
0.19841476 2.1523488 0.78103369 95
0.23477173 2.1896174 0.76285022 91.333336
0.25942686 2.2211378 0.77864605 13
1.06041 2.2280824 0.7901327 0
1.7928715 2.2877278 0.77384961 16
1.8426058 2.2847278 0.73941964 67.5
2.0650613 2.2836518 0.76435685 67
2.1454182 2.2839608 0.72316736 66.5
2.3895273 2.295542 0.7851752 61
2.4111211 2.2965004 0.74118209 63
3.1483166 2.338131 0.74325496 51.5
4.0684509 2.4610586 0.78950918 35
6.4608431 2.630017 0.70808655 6
-4.4397984 -1.2877785 0.89581984 110
-4.1715713 -1.1178479 0.84963793 114
-4.1936674 -1.0368298 0.86323094 130
-1.884446 -1.08439 0.82630175 58
-1.7176176 -1.0745658 0.87860966 64
-1.6413584 -1.0676358 0.8616519 62
-1.5371246 -1.0600913 0.8254084 64
-1.4316746 -1.0507616 0.87263268 63.333332
-1.3575146 -1.0452039 0.82424259 67.75
-4.2240734 -0.95780885 0.87881696 105
1.2430036 -0.87519968 0.84600151 8.6000004
1.35648 -0.84077263 0.85446405 13.666667
1.4483013 -0.82953519 0.84872705 14.333333
1.5876145 -0.81010902 0.81881899 15
1.6598378 -0.80919236 0.83675951 15.333333
1.7428596 -0.7982592 0.88134915 54
2.046608 -0.77547336 0.84923619 55
2.1135111 -0.77167261 0.86096239 56
-2.3478353 -0.26359704 0.80692899 79.5
-2.3422582 -0.18909842 0.80784935 71
-1.920956 0.091750905 0.84612 0
-1.8729812 0.065153569 0.84559381 0.5
-4.5791545 0.55966002 0.81288439 14
-3.0123794 1.9096208 0.86283439 62
-2.8920593 1.9161525 0.85620344 63.5
-2.7527051 1.9449344 0.83490837 82
-1.8315381 2.0683618 0.83789003 64.5
-1.0365686 2.095129 0.83256066 2
-0.74182689 2.0653689 0.84894353 95
-0.66823423 2.0699525 0.86311001 100.5
-0.4619582 2.0908465 0.83806443 99
-0.39592355 2.0942638 0.84542722 103
-0.19495019 2.098232 0.87809879 99
-0.99667543 2.1119537 0.8246935 65
-0.24031138 2.1023171 0.84933358 104
-0.13492841 2.1093574 0.85135508 88
-0.088072561 2.1033716 0.84241527 94
0.17065905 2.1476934 0.86243677 90.333336
0.22207199 2.1765077 0.8402099 100
1.0283988 2.2290974 0.85960674 84
2.0614405 2.2684107 0.84478557 75.5
2.358254 2.2926044 0.85113543 61.5
1.9981046 2.3038328 0.85073704 1
2.0956342 2.3060026 0.80058181 15
2.5970287 2.3614361 0.83641911 0
2.6729221 2.361448 0.88884306 19
2.8902133 2.3836453 0.84443337 1
3.0633545 2.3332343 0.87194967 51.5
3.1046841 2.3351717 0.80731452 50
2.164196 4.4051943 0.87121135 1
-13.340954 -1.8680248 0.99230361 7
-3.5080893 -1.2964101 0.98665988 11
-1.8921207 -1.0907696 0.99373627 73
-1.7555312 -1.0751996 0.93739617 58.5
-1.5475062 -1.0587548 0.95393848 65.5
-1.4841523 -1.0551314 0.92887306 67
1.2237551 -0.90050298 0.96882045 4.5
-4.3473854 -0.85325372 0.91847426 71
1.2373691 -0.8780449 0.94274765 6.7777777
1.3483108 -0.83778632 0.93144399 14
1.4437151 -0.82662684 0.9420076 14.666667
1.5480326 -0.82157826 0.96538848 15.333333
1.6960152 -0.80491763 0.90805376 51
1.7562966 -0.80181384 0.95644802 54
1.8342865 -0.79272354 0.95436144 59
2.1797357 -0.76241231 0.92482644 53
2.2772007 -0.75465053 0.96206641 63
2.3109004 -0.64814198 0.99046016 57.5
-5.6740136 1.7100797 0.96841985 34
-5.5024567 1.7827168 0.92479628 56
-3.2629662 1.8864448 0.96588761 64
-3.1350436 1.8990278 0.9137727 64
-3.0019305 1.9051815 0.95022917 72
-1.8654826 2.0590057 0.94787306 61.75
-0.75364065 2.0642295 0.9342463 90
-0.67894995 2.0681176 0.95004213 99
-0.43752 2.0871665 0.9414295 102
-0.24402782 2.0976579 0.90524316 104
-0.19950026 2.0931027 0.99315643 93
-0.24816176 2.1020296 0.96608078 104
-0.15346146 2.105701 0.94530284 93.5
-0.090506531 2.106504 0.93149781 85.5
0.098143078 2.1362274 0.97382027 83
0.15847839 2.1461959 0.93957865 89
1.0002356 2.2471724 0.93733513 16
1.7814741 2.2950943 0.96218026 63.5
1.981131 2.2670934 0.99660313 16
2.0170927 2.271596 0.93276894 45
2.3188417 2.2881863 0.93812537 61.5
2.6832006 2.3077102 0.96412051 51
2.7573731 2.3674607 0.94535965 39
2.9871416 2.3550596 0.9413498 45
3.0471051 2.3576314 0.9530921 51
-3.5538211 -1.230188 1.0149024 75
-1.9069945 -1.0947533 1.0728616 55
-1.8955277 -1.0830623 1.064523 7
-1.7475611 -1.0762392 1.0509818 63.333332
-1.6295035 -1.0679653 1.0289387 38
-1.5189677 -1.0602523 1.0867682 20
-1.4819093 -1.0593908 1.0237372 5.5
-1.2705696 -1.0614345 1.0408587 15
0.3082951 -0.96070111 1.0209986 1
0.41613021 -0.91326261 1.0626334 4
1.2278012 -0.90496129 1.0358226 3
1.2364994 -0.87721568 1.0622755 5.625
1.3927656 -0.82961917 1.0005329 15
1.4616238 -0.82708573 1.0599773 29.333334
1.5380268 -0.81664014 1.0550241 34.5
1.649404 -0.81146502 1.0614139 63
1.8553324 -0.79464328 1.0359483 55
1.9314187 -0.78318638 1.0301012 55
2.003119 -0.77715862 1.0868378 57
2.2717409 -0.75800288 1.0022336 52
2.3663545 -0.74473959 1.0381019 38
2.3188157 -0.64694619 1.0346503 60
2.3565402 -0.58725172 1.0401707 43
-2.3765953 -0.1015616 1.0703622 28
-2.3166416 -0.045772512 1.0424947 33
-2.2756331 -0.049755834 1.0871398 58
-2.331763 0.008308569 1.0536253 12
-2.2840497 0.0022937211 1.0926542 43
-4.5390835 0.43138614 1.0000854 8
-5.8015971 0.84463227 1.0411024 7
-6.0350838 1.6847281 1.0450428 34
-3.5489371 1.8613662 1.0809546 59
-3.4024954 1.8758961 1.0222625 64
-3.2437127 1.8804108 1.0568777 76
-3.1200559 1.8942934 1.0022855 69
-1.910677 2.0495868 1.0696049 37.666668
-1.8479772 2.0585539 1.0601614 38
-0.77075654 2.0622296 1.0522182 91.5
-0.68858755 2.0602751 1.0361059 95
-0.44753912 2.0794177 1.057796 96.25
-0.23634775 2.0969081 1.055359 95
-0.11348993 2.1068206 1.0420282 75
-0.093863524 2.1038432 1.0496447 77.5
0.065214358 2.1479146 1.0692748 104
0.12354967 2.1471035 1.0324106 97.333336
0.25091743 2.202338 1.0579631 66
1.9568303 2.2624278 1.0394849 34
2.2760942 2.2857921 1.0500358 62
2.6296618 2.3056777 1.0469877 53
2.8460908 2.3734736 1.0032164 64
2.9547684 2.3417253 1.049841 60
3.1740491 2.3931804 1.0399631 73
4.0334349 2.5010929 1.0172101 100
8.1133747 2.8914483 1.0786076 25
23.852179 3.4648457 1.0895866 81
23.814743 3.8352456 1.0149417 82
-2.7139215 -1.1689827 1.1475941 3
-1.9506983 -1.0979635 1.1219801 9
-1.8216103 -1.0818361 1.1386446 58
-1.759842 -1.07831 1.1618184 50
-1.6823004 -1.0720508 1.109431 42
-1.5619805 -1.0611027 1.154804 29.5
-1.3102889 -1.0579088 1.1337421 47.5
0.38986343 -0.91437286 1.1579103 12
0.40222588 -0.91372561 1.109639 12
1.2456291 -0.86662388 1.1357262 1.5
1.4635203 -0.82189661 1.1128446 59
1.5361547 -0.82044667 1.1530892 61.333332
1.6467288 -0.80947244 1.1655227 60
1.7441096 -0.80262822 1.1271327 58
1.802344 -0.79358399 1.1819749 59
1.9579685 -0.78146511 1.1189049 61
2.0598004 -0.77172804 1.1654456 55.5
-2.3019152 -0.10371781 1.1002074 29
18.0333 0.34206876 1.1301526 100
-6.6291094 1.7077457 1.1640581 4
-5.5515208 1.7205871 1.1532075 80
-5.4687696 1.8175364 1.1201341 6
-3.7191541 1.8538989 1.1473176 59
-3.5256264 1.8586705 1.1773574 72
-3.3817694 1.8715365 1.1151541 76
-2.6118901 2.0120201 1.1770774 12.333333
-2.5995383 2.0243404 1.1399494 7
-1.9216816 2.0376201 1.1636453 4.5
-1.8547642 2.0473301 1.1245059 28
-0.7318669 2.0630319 1.1562171 95
-0.45575577 2.080781 1.1526804 94
-0.22307418 2.0948987 1.1480875 98.333336
-0.11926796 2.0993524 1.1946225 75
-0.098092519 2.0997095 1.1404173 66
-0.1170729 2.1019328 1.1325742 68
-0.015716353 2.1392138 1.1910819 106
0.055131104 2.1424491 1.1375288 101
0.19723995 2.1596613 1.1748385 94
0.21703914 2.1855438 1.1321385 109
0.24493912 2.202132 1.1424154 90
1.8858862 2.247443 1.1698526 67
1.9150335 2.2621341 1.1303215 3
2.2354016 2.2818985 1.1634569 62
2.340369 2.3359687 1.1283395 18
2.4142792 2.3389978 1.188574 42
2.5551436 2.3213701 1.1577722 39
2.887481 2.3164408 1.1926546 54
2.9197261 2.3204002 1.1293541 52.5
3.0385587 2.3875024 1.129275 74
3.1401503 2.3915174 1.1953939 78
4.9100533 2.5932908 1.1489743 12
22.458502 2.5525334 1.151556 8
8.1818047 2.7597284 1.142248 8
23.88693 3.0953891 1.1631056 100
-3.5488102 -1.2612143 1.215968 99
-2.7052152 -1.181196 1.2728684 2
-1.9319915 -1.0992645 1.2221571 32
-1.8875711 -1.0906388 1.241823 60.5
-1.7583153 -1.0788543 1.2423234 37
-1.6318088 -1.0683707 1.2601767 38
-1.3576515 -1.0553589 1.2375492 54.5
-1.2677119 -1.0634181 1.2476745 52
-0.43438163 -1.045195 1.2345734 2.5
-4.2318554 -0.99294949 1.2946732 12
0.36748052 -0.92174816 1.2434605 12
-7.602459 -0.82415247 1.2957977 10
1.578136 -0.81702489 1.2216244 61
1.6450258 -0.8102935 1.2720848 52.333332
1.7503053 -0.80175793 1.2077099 53
1.8435806 -0.79058659 1.2590539 56.5
2.1498134 -0.76513451 1.236315 56
2.2698166 -0.75605673 1.2957476 56
-2.232713 -0.067451105 1.2914439 1
-5.7719641 0.79778916 1.2767985 6
-5.8766675 1.6957111 1.2363884 37
-3.8965473 1.8414608 1.2173949 8
-3.6896834 1.8498207 1.2471651 78
-2.822854 1.9161792 1.2972313 63
-2.7119148 1.9267217 1.2361976 67
-2.6645601 1.9884224 1.2483081 36.75
-2.6152096 2.0046206 1.2345517 27
-1.7394533 2.0583892 1.290889 27.5
-0.80611026 2.0611651 1.2719982 97
-0.75592899 2.0551562 1.2294233 84
-0.50432193 2.0805209 1.2610652 104.5
-0.42441317 2.0817895 1.2375244 86.5
-0.2466832 2.0904763 1.2421805 86
-0.10060119 2.0946259 1.2666799 55
-0.120301 2.1098397 1.266715 85
-0.048157174 2.1263895 1.2427578 85.666664
0.022965014 2.1405065 1.2242506 96.333336
0.16808188 2.1532044 1.2566038 90
0.21124554 2.1605082 1.2036695 93
1.8679278 2.2665687 1.2506007 71
2.1965215 2.2750051 1.2777259 64
2.2095358 2.2739613 1.2308391 66
2.5180032 2.2992983 1.2370479 57
2.0847485 2.3256304 1.2863686 6
2.4953585 2.3470297 1.2543384 67
2.6080339 2.3549778 1.2373254 49
2.8597674 2.3139825 1.2580667 55.5
23.948904 2.3493154 1.2891427 106
9.0244818 2.9490848 1.2598202 9
-4.627048 -1.3081179 1.3955333 25
-4.4173512 -1.3477669 1.314714 8
-1.825 -1.0867988 1.3393844 39
-1.6931595 -1.0766754 1.3487228 36
-1.4196285 -1.0603234 1.3611126 50.5
-1.3128942 -1.0571404 1.3471334 69.5
-0.44038847 -1.0485054 1.3479819 20.5
0.33867693 -0.95184869 1.3669621 65
0.40699214 -0.92576265 1.3607132 28
-4.2305903 -0.89686036 1.3064171 10
1.2457075 -0.86111599 1.3639802 3
1.3004596 -0.85532379 1.3675692 1
1.6842839 -0.80658591 1.3621103 54
1.7173282 -0.80401784 1.3276287 55.5
1.7952623 -0.79585099 1.3847566 56
1.8899411 -0.78850764 1.3437778 53
1.9475893 -0.7814737 1.3194469 55
2.2263634 -0.75800544 1.3331722 50
2.3766174 -0.7460165 1.3780354 57
-6.0107031 0.70488191 1.3379505 5
23.977919 1.5971014 1.3961532 107
-7.5043669 1.6032739 1.343769 7
-6.3807416 1.7058973 1.361876 25
-3.8529119 1.8329704 1.3164295 64
-2.9448385 1.9086751 1.3633409 69
-2.8609009 1.9110067 1.3767226 77
-2.7475915 1.9218322 1.3121673 83
-2.687902 1.9933213 1.3147843 5
24.039932 1.9807414 1.3486754 79
-1.8463243 2.0467963 1.3694472 34
-1.7624124 2.0531127 1.3980029 48
-0.81788033 2.0614522 1.339236 109
-0.73220575 2.0602322 1.3586724 108.5
-0.51486444 2.079047 1.361535 118
-0.43200582 2.08709 1.3412145 109
-0.23131041 2.0966399 1.3467423 111
-0.1133113 2.1099555 1.3577254 74.75
-0.048765287 2.1357605 1.3426917 84.800003
0.13437013 2.1509478 1.3421396 87.666664
1.8294535 2.2638211 1.3473902 65.5
2.1794972 2.2755406 1.3502591 62.5
2.4611664 2.294306 1.3470387 52.333332
2.150924 2.3256807 1.3488569 28
2.2290373 2.3305898 1.3678077 19
2.5799279 2.353075 1.3221484 75
2.6808484 2.359623 1.3510203 72.5
2.7854869 2.3653085 1.3860983 79
2.8248811 2.3100395 1.3471649 53
3.2548683 2.3095701 1.3701025 17.333334
9.0427332 2.8954399 1.3282069 50
9.3360519 2.8877168 1.348133 24
-2.4032974 -1.1561792 1.4736958 7
-2.2661121 -1.1362821 1.4801686 3
-1.9420363 -1.1057093 1.4957914 46
-1.8786 -1.0937567 1.4129972 42
-1.7569344 -1.08097 1.4420687 40.5
-1.4783998 -1.0692918 1.4709061 49
-1.3565553 -1.0573951 1.4347003 52
-1.1192689 -1.0807413 1.4712182 5
-1.0607466 -1.0658602 1.4840522 10
-0.79884964 -1.0639911 1.4728538 3
-0.58592063 -1.037838 1.4862835 43
-0.44139966 -1.0469371 1.4640735 80.666664
-0.36339098 -1.0572363 1.466996 38
0.35284966 -0.93844754 1.4408617 48.5
1.2545997 -0.86240387 1.4351803 10.333333
1.3204017 -0.86129582 1.4513597 7.5
1.7513593 -0.800493 1.4365898 49
1.7734756 -0.79899508 1.4152114 51
1.8716611 -0.79076034 1.4668577 60
1.9770206 -0.78335339 1.4277683 52
2.0345755 -0.77540857 1.4006605 55
2.1302197 -0.76933581 1.4916229 52
2.3397405 -0.74881285 1.4230124 52
2.5042307 -0.73796815 1.4776406 62
18.037218 0.24652064 1.460824 95
18.049969 0.56231338 1.4226921 18
23.913679 0.83769745 1.4762853 82
-6.4915957 1.0380212 1.4364673 4
-6.5392632 1.1830245 1.440684 3
23.949741 1.217417 1.4386081 95
-7.9525347 1.5240445 1.4343556 30
-6.694243 1.6450212 1.4444891 4
-3.0646091 1.8921688 1.429216 74
-2.9772561 1.8971839 1.4421375 77
-1.8341023 2.0454013 1.4526944 54
-0.83466154 2.0544925 1.4391062 93.5
-0.74681306 2.0570235 1.4623518 52
-0.52661443 2.0750866 1.464424 103
-0.44047302 2.0813789 1.4434123 96
-0.25694147 2.0918376 1.4480257 102
-0.12575611 2.1136851 1.4598727 38.166668
-0.087743126 2.127739 1.4399304 43
0.081698611 2.1457267 1.4461105 68.75
0.3742151 2.2325189 1.4942567 4
1.570944 2.2615581 1.496732 24
1.7871406 2.2668319 1.4775941 32
1.8032812 2.2634113 1.423407 33
2.1555738 2.2725968 1.4482632 61.5
2.3976097 2.2866893 1.4844097 47
2.4212337 2.2933509 1.4402002 51
1.9252756 2.3037741 1.4606556 5
2.0421336 2.314713 1.4880419 17.5
2.2702587 2.3270776 1.4442888 61.666668
2.7747536 2.3363793 1.4646766 62
2.844218 2.3430378 1.4423285 67
3.2370744 2.3221712 1.4550893 34.25
4.9069195 2.5591037 1.4227556 91
5.6571417 2.6522939 1.47491 14
22.447948 2.667568 1.4403672 16
9.6874132 2.9270685 1.4885446 21
23.914351 3.2613053 1.4445031 78
-4.4590631 -1.2924497 1.5763348 54
-3.5562434 -1.2037041 1.5878965 9
-3.4843054 -1.2670348 1.543014 56
-3.2872224 -1.2013489 1.5903853 21
-3.189415 -1.2474936 1.5352318 7
-2.7315335 -1.1633008 1.5347738 18.5
-2.6948407 -1.1499319 1.5338359 30
-2.5849481 -1.1642151 1.5271291 43
-2.4367335 -1.129416 1.5631438 18
-2.3339608 -1.1323042 1.5462655 34
-2.2584879 -1.1302695 1.5297173 62
-1.9773949 -1.0956752 1.5559306 20
-1.8339597 -1.0912335 1.549336 37
-1.5214825 -1.0742689 1.5504524 51
-1.4309236 -1.0669987 1.575852 55
-1.3913603 -1.0612092 1.5009618 51
-1.128289 -1.044737 1.5286417 44
-1.0726287 -1.0507007 1.5291417 78
-0.80564469 -1.0336359 1.5338299 40
-0.58835697 -1.0180575 1.5276 76
-0.43760076 -1.0199962 1.5233432 82.333336
-0.36255997 -1.0193871 1.5172176 96
0.5571366 -0.95341611 1.5323445 12.666667
0.62109447 -0.92804545 1.5338714 51.5
0.83057946 -0.93303204 1.5269076 46.333332
1.0294642 -0.90980893 1.5288754 52
1.1078024 -0.90098584 1.5361691 55
0.60856891 -0.8949753 1.5831624 7
0.79555106 -0.89266765 1.5437627 47
0.86589801 -0.88841569 1.5579001 11
1.0210178 -0.87968755 1.5445774 11
1.1012125 -0.87696469 1.5573571 14
1.2751801 -0.86146063 1.5319954 21.5
1.3421851 -0.85726118 1.5536638 18
1.8377978 -0.7946285 1.5097761 55
1.9444159 -0.78619683 1.5732325 54.5
2.0655656 -0.77519375 1.5145557 51
2.2323384 -0.7602579 1.5888343 53
2.4717591 -0.74159086 1.5266593 55
2.6255338 -0.72095019 1.5709703 21
-8.5753813 1.4580992 1.5579548 11
-3.3502498 1.8713287 1.583784 71
-3.2228215 1.8776431 1.5477818 76
-3.1001534 1.8823428 1.5120254 82
-2.5466533 1.9890444 1.5885377 60.5
-2.4590559 1.9940131 1.5205519 43
-2.0321233 1.9781797 1.5993783 69
-2.4303226 2.0003991 1.5206178 48
-2.1197701 2.0153337 1.5713222 62.5
-2.0393717 2.0280328 1.5125167 46
-1.9485234 2.0343652 1.5406092 62
-1.2336768 2.0888577 1.5152333 18
-0.8538186 2.0524569 1.5458672 39
-0.75782239 2.0545757 1.5347135 2
-0.53895456 2.0741634 1.5742728 51
-0.44843733 2.0787144 1.5516487 32
-0.24059726 2.0904746 1.5580734 55
-0.12817481 2.0996916 1.5400703 55
-0.11605722 2.1138921 1.5317886 19
0.029932387 2.1376848 1.5538048 16.666666
0.28995293 2.1636744 1.5474848 53
0.33866504 2.1759198 1.5525875 86.5
0.63080055 2.179863 1.5455736 92
0.73456687 2.1856611 1.5453902 81
0.3086307 2.2055972 1.5119631 85
0.65022141 2.2358191 1.5203199 30
0.76004767 2.2334447 1.5160402 88
1.0501673 2.2076707 1.5430192 91
1.2126777 2.2180617 1.5303917 77.5
1.5432079 2.2331305 1.5610609 61.5
1.7526829 2.2483692 1.5466332 55.5
2.1291528 2.2641826 1.5440705 65
2.3715746 2.2867486 1.5577291 53
1.9909165 2.3108683 1.5323273 27
2.1070285 2.3133006 1.5576186 56.5
2.376368 2.336853 1.5374796 73.5
2.4580667 2.3430002 1.5942107 77
2.7650776 2.3041558 1.5300081 52
2.8625574 2.3731856 1.5477556 68
2.9866221 2.3796799 1.5535212 85
3.1825514 2.3289227 1.5453184 47
3.2286363 2.3269594 1.5473235 43.5
3.6693304 2.460593 1.527022 7
3.7752633 2.4406087 1.5987281 3
4.0037937 2.4786336 1.5679625 75
3.9354649 2.5344663 1.507544 0
5.1136904 2.567106 1.5181565 45
5.8521099 2.6236234 1.5723954 35
10.070884 2.9468017 1.5038934 25
18.412693 -2.7278478 1.6228269 7
-5.2144179 -1.3634577 1.6011742 18
-2.7045958 -1.1478722 1.609277 4
-1.8887588 -1.0960649 1.6258974 25
-1.5623983 -1.0752466 1.6281792 50
-1.4727629 -1.0718061 1.6545209 53
1.2944547 -0.85997015 1.6398894 34.333332
1.3500155 -0.85406703 1.6723727 31
1.9079394 -0.78927189 1.6141495 52
2.0339599 -0.77709293 1.6699393 51.5
2.1670411 -0.76601386 1.6124228 54
2.3502593 -0.75116897 1.6999123 54
2.6102576 -0.72835517 1.6365386 30
-7.6375737 1.5533739 1.6808368 33
-5.0489326 1.7539744 1.654361 41
-4.6801486 1.7617142 1.6605773 44
-4.9209971 1.8335547 1.6017417 9
-4.5440383 1.8235847 1.601095 13
-3.5064652 1.8569551 1.6671865 73
-3.3994761 1.8667904 1.6782032 78
-2.7260511 1.9181712 1.6975268 73
-2.6558523 1.9293363 1.6603346 61.5
-2.5780671 1.9317247 1.6183636 73
-2.2310002 1.9409666 1.6500365 1
-2.167243 1.9650047 1.6031411 71.5
-0.86709195 2.0497758 1.6190114 4
-0.54562366 2.0615149 1.6410087 1
-0.45487756 2.0803149 1.629373 4
-0.25537455 2.0851636 1.6498811 18
-0.13103691 2.0921671 1.6101242 29
0.0050951005 2.1370313 1.614207 3
0.71239185 2.1871207 1.6078341 8
2.111465 2.2637763 1.6483542 69
2.3358612 2.2830057 1.6568917 50
2.0551436 2.3089621 1.6040357 55
2.16113 2.3162868 1.650323 72.333336
2.4573262 2.3389139 1.6376715 75
2.5437839 2.348155 1.679644 83
2.7364426 2.3027327 1.6510712 52.666668
2.9629853 2.3782251 1.6280346 79
3.0957904 2.386879 1.6434394 79
3.1651559 2.3234589 1.6331029 45.75
23.968714 2.4362864 1.624941 54
10.290303 2.9186912 1.6463659 3
-4.9974961 -1.3430015 1.7869163 18
-3.570498 -1.220937 1.7445427 43
-1.6181817 -1.0852182 1.7266922 47
-1.514663 -1.0725867 1.7332101 50
1.344861 -0.85515064 1.7534903 37.333332
1.9952358 -0.78014958 1.7123132 48
2.1498554 -0.76743144 1.7646226 58
2.2800584 -0.75681096 1.7228111 54
23.992144 1.5991287 1.7799 100
-3.6789513 1.8446549 1.7604365 65
-3.5520377 1.8500201 1.7632754 78
-2.9668393 1.9068859 1.7613533 2.5
-2.8374696 1.9006586 1.7721074 76
-2.7997832 1.9072168 1.767243 82
-2.697629 1.9399956 1.7984679 1
24.007078 2.019737 1.7085851 61
2.0961657 2.2648752 1.7581627 59
2.2964821 2.2800055 1.7879347 51
2.3136036 2.2836115 1.7363502 49
2.7078176 2.2973094 1.7725093 56
2.2378113 2.3210595 1.7331187 78.666664
2.3311574 2.3265769 1.7931492 86
2.5515332 2.3509851 1.7258251 83
2.6345139 2.3543158 1.7685211 77
3.080349 2.3430541 1.7516799 56.666668
3.143997 2.321876 1.7380718 45
3.2057037 2.3870828 1.7354825 31
4.04459 2.5356452 1.7531309 15
5.7656441 2.677114 1.7946099 15
6.1972318 2.6551051 1.7169622 30
-1.6818969 -1.0961869 1.8355539 54
-1.5670763 -1.0813186 1.829082 43
1.3426157 -0.85887462 1.8480989 38
1.4163108 -0.85316253 1.8453493 36
2.1149645 -0.77372813 1.818836 56.5
2.2644603 -0.75829554 1.8877716 48
2.4460754 -0.74332392 1.835608 51
23.980612 1.1744835 1.8447999 119
-5.6757531 1.6948377 1.885666 34
-5.4571443 1.7631725 1.8028336 6
-3.836823 1.8162905 1.8450639 18
-3.7156601 1.8312637 1.8534174 69
-2.9415627 1.8903451 1.8512714 78
-3.0299823 1.902486 1.8406733 8.5
-2.7365408 1.9290643 1.8547981 8
-0.80674392 2.0429575 1.8468498 2
-0.33698195 2.1128592 1.8461883 25.5
-0.29313385 2.1192143 1.8478661 28
-0.11345615 2.1235671 1.8675148 1
2.0836871 2.2614489 1.8406069 61
2.2763939 2.2796483 1.8722528 50.5
2.6963596 2.2978597 1.851566 57
2.2773507 2.3192837 1.8490276 83
2.3390474 2.3296866 1.8110834 74
2.4169772 2.3337123 1.8856728 83
2.6450212 2.3580554 1.8132879 72
2.727428 2.3574829 1.8609008 83
3.0486248 2.3169568 1.8634901 48
3.1471565 2.3464775 1.851359 50.666668
5.9098535 2.6211152 1.8713033 40
6.558042 2.6786089 1.8683288 15
-4.3433437 -1.3837698 1.9807291 0
-4.0052505 -1.2793108 1.9782764 34
-3.4048295 -1.2228127 1.9949542 47
-3.2343037 -1.2404059 1.9431313 3
-3.1954126 -1.20714 1.9316301 39
-2.8939281 -1.2077541 1.9546611 12
-3.1854012 -1.1862893 1.9920095 32
-2.8275857 -1.1887909 1.9305212 38
-2.7403522 -1.1660807 1.9715239 39.5
-2.6990209 -1.1934884 1.9344512 11
-2.3000069 -1.1364369 1.9744383 35
-2.2827139 -1.170464 1.9257842 38
-2.1322579 -1.1653925 1.9286511 38
-1.7469571 -1.1051545 1.9483124 47
-1.2598345 -1.1049892 1.9211862 40.5
-0.90549856 -1.1045268 1.9166063 5
-1.6320816 -1.0969994 1.9429586 45
-1.2637959 -1.0669376 1.9553964 61.5
-0.89091998 -1.0635418 1.9234365 75
-0.63368481 -1.054392 1.934544 59
-0.45240307 -1.0439754 1.9333696 50.200001
-0.36001179 -1.0127132 1.9677024 68.5
-0.54263341 -0.98090166 1.9476422 28
-0.35543168 -0.96631664 1.9335204 45
-0.26986185 -0.96262711 1.9451597 33
0.55748028 -0.93602252 1.9296366 45
0.84009725 -0.94646674 1.9280319 34.333332
1.0835201 -0.92285287 1.9183089 3
1.1656864 -0.9226439 1.9162134 3
10.10347 -0.95606643 1.9291393 98
0.84094381 -0.89373749 1.9474003 53
1.0721411 -0.88080645 1.9237295 74
1.157253 -0.87810791 1.951974 61.5
1.3730608 -0.85360813 1.951948 37
1.4371631 -0.85213685 1.9212825 36
2.2293129 -0.76355386 1.9465683 50
2.5535738 -0.73232377 1.9879799 50
2.6242054 -0.7239626 1.9574603 18
10.097889 -0.7750482 1.9307051 105
10.068116 -0.59307641 1.9257298 106
10.058169 -0.41409999 1.9217504 97
10.049603 -0.23713481 1.9163411 97
10.212244 -0.059937213 1.9446036 12
-3.1428044 1.8806177 1.9872488 26
-3.0815754 1.8839313 1.9284052 45
-2.8393705 1.9081469 1.9988866 25
-2.7879212 1.9171607 1.9316423 17.5
-2.6853547 1.9260943 1.9914348 59
-2.5343909 1.9602513 1.9920495 8
-1.8237898 1.9877541 1.9931313 8
-1.7899053 1.9840878 1.9296188 15
-0.81808448 2.0285401 1.9232891 26
-0.58534396 2.0632939 1.9788358 3
-0.48112816 2.0617669 1.9484413 20
-0.2302728 2.0831158 1.9188684 5
-0.10879367 2.0936246 1.9543748 5
-0.42166901 2.104677 1.9478071 55
-0.35209122 2.1085527 1.9517902 53.333332
-0.16137151 2.1250086 1.9607165 35.5
0.96032083 2.205761 1.9551011 0
1.0869992 2.2104259 1.9707618 13
1.4859374 2.2441306 1.9580832 13
1.6484199 2.2445831 1.9610015 31.5
2.0742307 2.2610264 1.9272151 63
2.2530899 2.2732723 1.9540349 52
2.682673 2.2938933 1.9284612 59.5
2.3639326 2.3304098 1.9450755 80
2.4240813 2.335783 1.9001032 78
2.508579 2.3448577 1.9851601 81
2.7406929 2.3621285 1.9042506 78
2.8267951 2.3616586 1.9581122 83
3.0424528 2.3143432 1.9727224 46.666668
3.1010721 2.3150799 1.9418423 48
3.3516848 2.4323752 1.9338014 56
3.5000515 2.4346058 1.9718347 16
4.3357344 2.5166869 1.9411238 9
4.6098723 2.5466492 1.9389642 36
11.759164 3.1308792 1.9585142 13
12.045593 3.1246369 1.9119251 16
-5.6543541 -1.3984549 2.0437191 21
-4.4566875 -1.3092837 2.0464475 25
-3.2676306 -1.1940514 2.0116355 27
-3.040215 -1.1880567 2.0684016 49
-2.9910517 -1.1852595 2.0564368 48
-2.8579373 -1.171957 2.0502105 30
-2.1716504 -1.1272247 2.0069501 30
-1.8100252 -1.1061223 2.0612426 44
-1.6835841 -1.0957296 2.0398846 46
-1.3487667 -1.0796859 2.0875385 68
-1.2712562 -1.0668073 2.0561368 45
-0.91390729 -1.0468774 2.0270782 59.5
-0.6673609 -1.0328501 2.0465424 59
-0.45895782 -1.0213146 2.0761733 54.5
-0.35897291 -1.0134578 2.0756667 58.5
-0.61806303 -0.98574764 2.0819035 35.5
-0.4536711 -0.97167158 2.030489 39.5
-0.32159868 -0.96131855 2.0611656 41
-0.14085442 -0.94712132 2.0402379 41
-0.046554185 -0.9464885 2.0295374 34
0.56720376 -0.9013719 2.0151515 36
0.84361482 -0.88931358 2.0367894 35
1.0861756 -0.87813079 2.0127482 35
1.1748358 -0.87049454 2.0716085 40
1.3864937 -0.85231781 2.0532951 37
1.4521213 -0.84930056 2.0550823 34
2.3854642 -0.749098 2.0522952 46.5
-6.0408516 1.6579173 2.0196366 34
-5.5626421 1.6944491 2.0191669 65
-4.2911477 1.7960109 2.08547 56
-4.1409807 1.8312087 2.0462682 38
-3.9928665 1.8616728 2.0057485 8
-3.2297077 1.8725432 2.0649941 54.25
-3.1558256 1.8757439 2.0015888 26
-2.7997344 1.898327 2.0730672 77
-2.9053428 1.9002233 2.0874898 36
-2.8500609 1.906383 2.0271749 32
-2.7736905 1.9016192 2.0584009 77
-2.607769 1.9175322 2.044435 78
-2.3773694 1.943463 2.0613108 31.5
-1.8413733 1.9708188 2.0541642 52
-1.3469518 1.9992542 2.0712552 71
-1.3636259 2.0086415 2.0232403 27
-0.94649917 2.0385809 2.0317862 25
-0.83248705 2.0252204 2.0124354 69
-0.59493417 2.0477042 2.0563793 35
-0.4575392 2.0863655 2.0695465 58.75
-0.31233311 2.065522 2.0377047 25
-0.2346438 2.0705652 2.0440323 44
-0.1250468 2.0820911 2.0292537 25
-0.39860046 2.1038597 2.013027 54
-0.21310717 2.1217341 2.0554757 48
-0.18622056 2.1230087 2.0288818 64
0.11038266 2.1551301 2.0620613 14
1.4646425 2.2207208 2.0369928 39.5
1.6264546 2.2383249 2.0566163 43
2.0632248 2.2596333 2.0467508 60.5
2.2375503 2.2754846 2.0475845 46.5
2.6675847 2.2899454 2.0355945 54.5
2.4519792 2.3375397 2.0439315 75
2.5586171 2.3459456 2.0414181 80
2.6093328 2.3469961 2.096971 77
2.8456914 2.3672078 2.0028284 77
2.9629846 2.3426702 2.0815115 62.5
3.0547857 2.3165724 2.0635545 45.333332
3.4686089 2.4244204 2.0272353 65
3.642235 2.4398627 2.0880251 70
4.5052195 2.5117106 2.0477855 51
4.7888961 2.5339692 2.0558648 49
6.2590365 2.6551192 2.0222092 31
6.9965024 2.7172077 2.0485482 33
-4.3968759 -1.3017451 2.1900034 26
-3.5098348 -1.2300264 2.1485412 33
-3.4145377 -1.2079062 2.1423709 24
-3.3171306 -1.1971236 2.1100304 25
-3.0111496 -1.1805834 2.134361 30
-2.9767556 -1.1808634 2.13693 42
-2.3994143 -1.1453649 2.1012654 29
-2.2589676 -1.1359692 2.12286 29
-1.8878733 -1.1140842 2.1939623 47
-1.7533473 -1.1053871 2.1623671 41
-1.3272908 -1.0823071 2.1949115 52
-0.94173688 -1.0521302 2.1497111 54
-0.659114 -1.0355563 2.1394577 54.5
-0.48201668 -1.0244716 2.1777318 52
-0.35004157 -1.0184895 2.1978042 52
-0.57283658 -0.98527634 2.153038 42
-0.1916002 -0.95218027 2.1787655 35
-0.089623265 -0.94621885 2.1528885 45
0.15746263 -0.93043095 2.1081285 26
0.22814821 -0.91850853 2.1394117 6
0.84863055 -0.8898108 2.1449194 36
1.1444044 -0.87041569 2.1334691 35
1.4264438 -0.85197842 2.163372 36
1.5179179 -0.84904522 2.1928763 41
10.096597 -0.8657977 2.1970112 96
2.3394732 -0.75366193 2.1043589 47
2.5484734 -0.73495901 2.1939173 46
10.087999 -0.66482282 2.1891599 91
10.067228 -0.46288085 2.1737652 91
10.050006 -0.26493666 2.1590238 98
10.095222 -0.068956815 2.1543655 20
-6.4819765 1.623201 2.1787503 28
-5.9242682 1.6647617 2.1645591 37
-4.3380713 1.7831911 2.1970704 59
-3.4105535 1.8521501 2.1532373 67
-3.3295224 1.8667603 2.1679356 50.333332
-2.9372637 1.8890918 2.1620994 57
-2.7274001 1.9070309 2.1389122 81
-2.4259942 1.9315702 2.1469336 44
-1.8836547 1.9664576 2.1478598 67.5
-1.383172 1.9965999 2.1371922 63.5
-0.96252984 2.0259411 2.1137714 57
-0.84788674 2.0188999 2.1015222 97
-0.60637873 2.0502284 2.1557512 68
-0.53500634 2.090059 2.1543596 49
-0.49281022 2.0689383 2.1521401 76
-0.31740943 2.0661092 2.1336107 55
-0.23792252 2.0721891 2.1922588 78
-0.12540147 2.0817556 2.1235509 51
-0.46029812 2.1023703 2.1749513 52
-0.24518585 2.1140196 2.1461318 64
0.08176963 2.1384163 2.1310241 42.5
0.45009357 2.1619709 2.1685221 10
1.4543555 2.2233424 2.1419635 15
1.5985993 2.2303746 2.1913779 13
1.6139659 2.2378759 2.1268373 27
2.0571251 2.2587183 2.1415441 58
2.2182922 2.2686672 2.1372967 38
2.65663 2.2865155 2.1490893 53
2.5450625 2.3446755 2.147649 79
2.6990027 2.3541603 2.1925123 73
2.9698699 2.3463912 2.1318693 59
3.0668073 2.3531127 2.1721101 63.5
3.6206331 2.4384787 2.1462114 66
4.7189822 2.5247402 2.1791303 51
6.629602 2.6841233 2.1826432 32
13.269194 3.2183881 2.1640422 16
-13.160479 -2.0212057 2.2110002 5
-10.059054 -1.7318602 2.2199538 9
-3.7393298 -1.2523799 2.2163398 33
-3.4896688 -1.2179148 2.2586379 24
-3.3276157 -1.2167056 2.2879274 35
-3.2720532 -1.2123314 2.2711201 36
-3.1607153 -1.1954546 2.2839246 28
-2.9363911 -1.1760181 2.205862 29
-2.5188429 -1.1592802 2.250437 26
-2.3597078 -1.1466783 2.2546749 28
-1.4040369 -1.0876517 2.2242777 62
-0.986561 -1.0619825 2.2677824 57
-0.64733219 -1.0399809 2.242677 60
-0.44513416 -1.0284046 2.2298009 49
-0.36607921 -1.0186375 2.2086353 54
10.122216 -1.0707641 2.2073705 16
-0.72407466 -0.9955979 2.2366335 31
-0.68798018 -0.99337268 2.2403257 40
-0.49094343 -0.97959691 2.2147028 45
-0.39152759 -0.97191274 2.2139597 43
0.16083944 -0.93134105 2.2688055 21.5
0.85460365 -0.88878393 2.2606139 35
1.1201386 -0.87555015 2.2210448 32
1.207942 -0.86630881 2.2679942 34
1.4588189 -0.85443735 2.2761238 37
1.5507407 -0.84800982 2.2975624 34
2.4881275 -0.74045235 2.2728612 45
2.527463 -0.73880845 2.2425823 47
-4.5183096 1.7689064 2.2051301 53
-3.5540125 1.83936 2.2606978 69
-3.4116013 1.8600562 2.2864485 45
-3.3878856 1.8640138 2.2650466 45
-3.0551205 1.8784866 2.2721045 64.333336
-2.8536515 1.8945541 2.2378914 77
-2.5091875 1.9175062 2.274399 54
-2.456636 1.9298848 2.2083249 50
-1.9265643 1.9600983 2.2430115 63.5
-1.4254719 1.9903121 2.254977 74
-0.98256749 2.0213523 2.2074234 77
-0.86510581 2.0176549 2.2004547 79
-0.61839896 2.0427275 2.250108 77
-0.5354712 2.0815854 2.2546082 56.75
-0.32323167 2.0596786 2.2264855 74
-0.24055573 2.0628881 2.2844281 81
-0.12708649 2.0744054 2.2157798 66.5
-0.3040579 2.1128054 2.2917283 62
-0.29380411 2.1078932 2.2176359 62
0.037916798 2.1352644 2.2397182 62
0.42746547 2.1651242 2.2550495 31
1.4469138 2.2224238 2.2124107 4
1.5828142 2.2198808 2.25685 1
2.0513284 2.2568054 2.2392378 41.5
2.2063928 2.2709465 2.2396779 34.5
2.6521533 2.2850704 2.2380216 54
2.643182 2.3498178 2.2562301 78
2.7160001 2.3601179 2.2096477 75
2.9637482 2.3129809 2.2375877 44
3.0692749 2.3418992 2.2357457 55.666668
3.7827036 2.4515407 2.2734988 65
3.8066356 2.4551542 2.2200496 67
5.0557513 2.5624092 2.2169552 47
7.489131 2.7578771 2.2503445 34
12.85564 3.1838884 2.2186975 15
-6.5430927 -1.4757181 2.3896303 20
-5.0093021 -1.3541722 2.329607 21
-3.6042485 -1.2317277 2.3035123 20
-3.2506845 -1.2057215 2.3566926 37
-3.0794039 -1.1907662 2.3500359 27
-2.4715326 -1.1583607 2.3985798 29
-1.9866163 -1.1300368 2.3589866 42
-1.8326274 -1.1169962 2.3021014 39
-1.4664335 -1.0946367 2.3754122 66
-1.381161 -1.0898148 2.3318348 49
-0.96531099 -1.0655241 2.3210614 68
-0.70401275 -1.0463241 2.3125322 56
-0.66215515 -1.0497727 2.3980739 67
-0.46844056 -1.0349181 2.3519371 60.5
-0.35665444 -1.0280013 2.3549283 62.5
-0.65512598 -0.98974174 2.3089015 43
-0.56712604 -0.98263228 2.3723085 44
-0.4622348 -0.97549593 2.3707843 40
-0.25143084 -0.96107328 2.3417628 39
-0.14286241 -0.95687121 2.3123405 46
0.89761502 -0.89146304 2.3681362 49
1.1439872 -0.87856489 2.3509572 36
1.2329364 -0.87018758 2.3966062 43
1.4724174 -0.85211992 2.3659022 40
-6.9847417 1.5826583 2.3593204 31
-6.3290505 1.6291136 2.3282564 30
-4.781354 1.7439393 2.343143 50
-4.5815611 1.7605543 2.3315656 59
-3.7417874 1.8249813 2.3856621 66
-3.5101895 1.854172 2.3922846 46
-3.4736371 1.8541522 2.3619828 49
-3.2250659 1.8626879 2.3939512 63
-3.1538765 1.8723565 2.3852715 61.666668
-3.0586305 1.8868477 2.3011637 58
-2.9994683 1.8891596 2.3525245 74
-2.5532053 1.9144192 2.3590374 61.666668
-1.9735254 1.9542444 2.3443363 71.5
-1.4479908 1.9872863 2.3766162 70
-1.0017786 2.012773 2.3031707 84
-0.88389784 2.0174625 2.3062725 77
-0.63548201 2.0620706 2.3486867 66.5
-0.55438155 2.0724919 2.3521783 58.666668
-0.32806647 2.058322 2.3314552 83
-0.24426195 2.0586855 2.3895149 77
-0.12715253 2.072629 2.3186429 74.5
-0.34289744 2.1067724 2.3483951 59.5
-0.017399216 2.1283903 2.3773203 77
0.013171753 2.1352284 2.3250668 63
0.43777198 2.1668475 2.342452 28.5
2.0478897 2.2568965 2.3413382 29
2.1945648 2.2712429 2.3443086 20
2.6521194 2.28813 2.3339868 49
2.754329 2.362982 2.3815432 85
2.8207045 2.3707941 2.3228216 80
2.9504392 2.3139777 2.3598657 42
3.0506971 2.3172224 2.3563795 45
3.1917207 2.3973486 2.3156033 74
3.2205791 2.4044385 2.3548145 74
3.9753811 2.4624581 2.3576703 55
4.9763041 2.5537758 2.3344641 51
5.3497925 2.5918937 2.3945036 46
7.0514169 2.7161281 2.3619847 34
-2.7242577 -1.6291376 2.4771426 0
4.8780131 -1.3253411 2.4867964 82
6.7319531 -1.335393 2.4522493 4
-3.9034863 -1.2721221 2.4127064 29
-3.8016286 -1.251541 2.4720101 47
-3.7296076 -1.2055919 2.4896531 68
-3.6805315 -1.2396857 2.4217105 28
-3.3599339 -1.2232916 2.473331 55
4.7741833 -1.251135 2.4835448 81
4.8773775 -1.2093379 2.49174 82
6.7256331 -1.2849065 2.4851639 31
-3.7590647 -1.1545153 2.4961817 62
-3.6951616 -1.1395832 2.4975753 61
-3.3396609 -1.1582745 2.4941094 75
-3.202189 -1.1915388 2.4808872 94
-3.1734581 -1.1265364 2.4852729 82
-2.6735702 -1.1566656 2.4532268 62
-2.5294468 -1.136167 2.4878592 92
-2.0478666 -1.1150045 2.4740784 90
-1.914415 -1.1245897 2.4476306 56
4.7806444 -1.1331164 2.4880352 81
6.7573929 -1.1686029 2.4848616 54
-3.6335721 -1.0390847 2.499279 61
-3.2780759 -1.0497744 2.4958682 76
-3.1489723 -1.0645293 2.4923058 70
-2.6569591 -1.0631486 2.4872384 82
-2.5074277 -1.0721725 2.4886155 94
-2.4919908 -1.0111635 2.4958346 86
-2.0362122 -1.0510019 2.4901309 100
-1.9132401 -1.0440087 2.480619 101
-1.5014729 -1.0736272 2.477742 115
-1.4505372 -1.0424169 2.4762504 123.33334
-1.0300584 -1.0516856 2.4486899 102.5
-0.99509233 -1.0654384 2.4630952 108
-0.82321048 -1.0028319 2.4100616 28
-0.75424588 -1.0254915 2.4361372 72.5
-0.66599196 -1.016227 2.4687402 141
-0.47153512 -1.0196927 2.4609423 130
-0.35486218 -1.0102657 2.4598155 133.5
3.6810436 -1.0105443 2.4902501 108
3.8127153 -1.0415305 2.4881105 99
4.7777944 -1.0131141 2.4863291 79
4.8724504 -1.0923352 2.4939291 78
6.7528296 -1.0220947 2.4864221 51
-3.2161434 -0.94227803 2.493643 77
-3.1177294 -0.99953711 2.4908876 78
-3.0919006 -0.93753684 2.4940228 74
-2.6189919 -0.95966589 2.4959822 75.5
-2.4720926 -0.94809663 2.4964964 85
-2.0152812 -0.98100358 2.491936 89
-1.9907511 -0.91000742 2.4870288 81
-1.8934609 -0.95051211 2.4840603 101
-1.434878 -0.93741035 2.4809735 122.33334
-1.0258772 -0.93658257 2.4761209 138.5
-0.98313284 -0.96788275 2.4698639 136.5
-0.83843291 -0.95630378 2.4800534 85
-0.73172069 -0.95756054 2.4759443 104
-0.63914347 -0.95394814 2.4760189 115.5
-0.50884569 -0.95120871 2.478085 108
-0.47698617 -0.94100112 2.4692075 130.33333
-0.35305378 -0.94921207 2.4680617 134.5
-0.29846734 -0.94620168 2.4697516 118
-0.19580436 -0.95653445 2.4663928 85
0.080981568 -0.92198157 2.4433815 69
0.1629952 -0.93598849 2.4521873 36
3.6824291 -0.91154313 2.4885881 102
3.8126993 -0.9435274 2.4880714 98
4.8696318 -0.97833258 2.4953749 78
-3.1656466 -0.83977801 2.4959455 62.5
-3.051317 -0.84354317 2.4948697 74
-2.5784132 -0.85616839 2.4969511 80
-2.4457126 -0.85610127 2.4990697 84
-1.9739791 -0.8430087 2.490479 87
-1.8802612 -0.86149693 2.493974 99.5
-1.4370352 -0.84062099 2.482372 120.33334
-1.0202624 -0.84705013 2.4867306 133
-0.96862841 -0.84032947 2.4761124 129
-0.83253443 -0.84926164 2.485867 79.25
-0.72063661 -0.84001619 2.4781597 122.33334
-0.63263595 -0.8534354 2.4768624 113.5
-0.50543118 -0.84660077 2.4773095 108.5
-0.45630956 -0.85027772 2.4711726 130
-0.33336613 -0.85302162 2.4716475 122.5
-0.20172247 -0.83049661 2.478822 101
-0.19960719 -0.89451164 2.4744227 116
0.068982206 -0.83969992 2.4807532 97
0.15299504 -0.85145247 2.4711185 63.5
0.84927672 -0.86052984 2.4636233 86
0.9009797 -0.88033539 2.474509 101
1.1589533 -0.84466982 2.4687929 106
1.2379328 -0.82711244 2.473382 108
1.4974514 -0.84305757 2.4636362 87
1.5528713 -0.83556557 2.4383061 67.75
3.0576277 -0.83041346 2.4868367 97
3.1758404 -0.8315497 2.4817996 110
3.6895218 -0.81353629 2.4896524 102
3.808367 -0.84452617 2.4838638 97
4.7842283 -0.8970992 2.4894102 78
4.8611073 -0.8633306 2.4940913 75
6.6946073 -0.85989904 2.4927735 51
6.8011856 -0.89127022 2.4810715 45
-3.0158012 -0.7525484 2.4962852 71
-2.5304015 -0.72217149 2.4990513 77
-2.410512 -0.73561668 2.4983268 85
-1.9502275 -0.74501109 2.4945283 88
-1.8578117 -0.7415092 2.495563 100
-1.4356606 -0.74063581 2.4834464 110
-1.3938644 -0.75658971 2.4893918 118
-1.0115511 -0.7550748 2.4845471 132
-0.95833331 -0.74630505 2.4787562 131
-0.8428883 -0.74246901 2.4847145 73
-0.74253577 -0.74318421 2.4822392 104.5
-0.63132411 -0.73667926 2.4762309 123
-0.50574589 -0.74796319 2.4869416 107
-0.45954955 -0.74281955 2.475348 136
-0.34539226 -0.73344946 2.4719353 135.25
-0.23612826 -0.74102384 2.4830465 105.66666
0.065322384 -0.74666309 2.4844482 95
0.14545429 -0.73394114 2.4740453 60.5
0.84763402 -0.76314384 2.4800723 106
1.1409233 -0.74214685 2.4712746 103
1.2192063 -0.73360372 2.4767218 104
1.4802285 -0.75537938 2.4728568 103
1.5435486 -0.75306427 2.4684033 95
2.6584418 -0.72621167 2.4664388 101
2.735245 -0.73446691 2.4736729 121
2.8072958 -0.74865204 2.4743786 105
3.0589316 -0.74242055 2.4809902 97
3.1743352 -0.74254954 2.4775186 100
3.6973605 -0.71752483 2.4928288 99
3.8112285 -0.74752176 2.4866035 93
4.7870603 -0.78109384 2.4890218 77
4.8568506 -0.75032824 2.4941475 76
6.6839762 -0.7208966 2.4922504 52
6.8061619 -0.74226171 2.4811218 48
-3.0878084 -0.67328227 2.4955547 71
-2.9759259 -0.63455272 2.4995365 78
-1.9250447 -0.64701504 2.4936841 91
-1.8445951 -0.65351069 2.4994605 89
-1.4228029 -0.64763784 2.4915833 107
-1.3792534 -0.63811117 2.4887149 116.5
-1.0033824 -0.6370759 2.488724 133.5
-0.94870114 -0.65476555 2.4833708 130.5
-0.83478492 -0.63845026 2.4858253 81
-0.74470448 -0.64500904 2.4841695 110
-0.61351085 -0.64448839 2.480902 111
-0.50182647 -0.67996657 2.4830725 99
-0.47275731 -0.63163215 2.4787333 130.75
-0.34147471 -0.64369941 2.4728794 139
-0.26691219 -0.64887738 2.4823973 103.66666
0.062081151 -0.65463293 2.4872425 97
0.1411476 -0.64693886 2.4724574 59
0.79898751 -0.63447672 2.4759445 107
0.84666634 -0.66669923 2.4805739 106
1.1271896 -0.64211369 2.4752035 102
1.2047086 -0.64159542 2.4792752 108
1.4737394 -0.65335727 2.4747298 92.25
1.563404 -0.64395386 2.4722302 95.666664
2.6758945 -0.65224546 2.4787638 112
2.7415824 -0.65546584 2.4727373 98
2.8165319 -0.66964531 2.4776709 97
3.0674593 -0.65741241 2.4835048 99
3.1835964 -0.65754217 2.482245 100
3.7066133 -0.62151361 2.4959786 99
3.81476 -0.65251821 2.4872103 91
4.791307 -0.66508871 2.488606 72
4.8540072 -0.6403259 2.4941795 74
-1.8272047 -0.56553364 2.4956889 108
-1.4082519 -0.5536406 2.491838 102
-1.3727649 -0.55260319 2.4949875 108
-0.95864516 -0.54050964 2.4922965 126
-0.82626104 -0.53543544 2.4860322 90
-0.73023164 -0.5453617 2.4829431 105
-0.65331602 -0.53892881 2.482271 141.33333
-0.59787691 -0.54660922 2.4857371 94
-0.45612633 -0.55185938 2.4827559 132
-0.33805689 -0.55642903 2.4768107 142
-0.23646481 -0.55365419 2.4862461 103.66666
0.061387789 -0.56313461 2.4857087 95
0.13600281 -0.56291997 2.4809637 65.5
0.79273176 -0.55447304 2.4757524 98
0.85530436 -0.5563187 2.4760623 113
1.1536095 -0.54711515 2.4766254 101
1.4624231 -0.5534147 2.4777532 94.199997
1.5488226 -0.5369758 2.4780295 95.5
2.682229 -0.57324386 2.4778516 118
2.7522371 -0.57745862 2.4759696 106
2.8256969 -0.54914081 2.4773855 104.5
3.0723622 -0.57341319 2.4811363 97
3.1892605 -0.57253754 2.4834979 99
3.7043726 -0.52552295 2.4894381 99
3.8161583 -0.55851507 2.4871471 98
4.7984076 -0.55108011 2.4895563 77
4.8497252 -0.53032386 2.4928222 73
6.6854258 -0.584894 2.4950523 54
6.8153806 -0.5942542 2.4810927 44
-1.3810956 -0.46412253 2.4978352 109.75
-0.97133368 -0.45746705 2.4925663 125.33334
-0.81906581 -0.43641835 2.4867415 90.5
-0.75688648 -0.43688342 2.4842727 94
-0.64729601 -0.44189963 2.4860775 134.33333
-0.58976406 -0.44763488 2.4795201 96
-0.46232858 -0.4521246 2.4864008 126
-0.33275867 -0.44214964 2.4822135 138.75
-0.25072861 -0.44773632 2.4884906 103.25
0.060438942 -0.44412923 2.4882345 103
0.13262823 -0.45141363 2.4808757 63.5
0.78630054 -0.45045739 2.4769468 106
0.84676111 -0.462805 2.4835706 110.5
1.1450534 -0.45484221 2.4785972 102.75
1.4452634 -0.44789505 2.4787796 93.800003
1.5379494 -0.45197123 2.4740534 91
2.6924381 -0.45774144 2.4764743 113.5
2.7646217 -0.46045291 2.4773455 106.5
2.834862 -0.43063626 2.4771023 101
3.080462 -0.4469105 2.4796903 97.5
3.1941595 -0.44403332 2.4819036 98.5
3.7124031 -0.43029171 2.4902902 103
3.8182759 -0.4645116 2.4877787 97
4.825089 -0.42870221 2.4892256 73.5
6.6740508 -0.4468917 2.49242 51
6.8323889 -0.44524583 2.4816155 45
-1.8654763 -0.33298743 2.4998281 107
-1.3776673 -0.30964756 2.498491 115
-0.95448625 -0.35315472 2.4935942 124.25
-0.81144989 -0.33640516 2.4865379 97
-0.7273584 -0.34196511 2.4844379 96
-0.6675995 -0.36165479 2.4914796 138.66667
-0.58836621 -0.35257047 2.48785 101
-0.46681565 -0.34184664 2.4886422 122.2
-0.32363904 -0.33852181 2.4888556 133.66667
-0.26337811 -0.34114528 2.4890397 109.66666
0.061302513 -0.35567141 2.4846592 104
0.13043344 -0.34140366 2.4829936 76
0.78349191 -0.34843248 2.48141 110.5
0.84008819 -0.36929739 2.4858818 109
1.1448262 -0.353295 2.477128 105.8
1.4422448 -0.35160691 2.4811954 96
1.5330733 -0.34962878 2.4796765 92.333336
2.7402115 -0.34334069 2.4786706 112
2.8397813 -0.35163403 2.4762268 102
3.0856571 -0.32041556 2.4740529 102
3.1983397 -0.3185297 2.4796169 101
3.7144566 -0.33529565 2.4864922 102
3.8167963 -0.37050971 2.4849372 99
4.8261986 -0.31714621 2.4883504 77
6.6726232 -0.31188923 2.4924426 51
-1.370594 -0.24964954 2.4980972 110
-0.9348343 -0.22925776 2.4915752 126.33334
-0.80697763 -0.27139747 2.486129 98
-0.77630138 -0.22731857 2.4822931 98.666664
-0.65967882 -0.25701526 2.4913797 126.6
-0.58193254 -0.25707358 2.4852834 98.5
-0.44686437 -0.24853115 2.4930103 133.2
-0.32721016 -0.26162463 2.4901955 139
-0.23321478 -0.25398073 2.4917481 106.66666
0.062948719 -0.26914978 2.486444 104
0.12826976 -0.23339185 2.486232 76.5
0.78212184 -0.24693778 2.4800005 106
0.83454323 -0.25396076 2.4833641 108.66666
1.1343732 -0.2528511 2.4764085 101
1.4396673 -0.24785013 2.4808977 93.666664
1.5296948 -0.24795532 2.4773545 94.5
2.7418706 -0.26584536 2.4732342 110
2.8439813 -0.27363259 2.4746575 108
3.0949042 -0.23840614 2.4772661 108
3.2011261 -0.23352726 2.4780908 96
3.720804 -0.24129358 2.485446 105
3.8196084 -0.27650648 2.4848487 104
4.8339815 -0.20664364 2.4887404 76.5
6.8429666 -0.29724911 2.4787297 44
-0.90771085 -0.15218934 2.4934649 122
-0.80076534 -0.14258008 2.4916134 106
-0.75862408 -0.14075752 2.4832873 99
-0.66109872 -0.1485007 2.4936237 121.16666
-0.57675809 -0.16255982 2.4854448 98
-0.45797887 -0.15872975 2.4911597 117.33334
-0.33462423 -0.15214336 2.4912786 141.8
-0.2451427 -0.14972284 2.4924681 108.75
0.065678388 -0.15463518 2.4868731 102.5
0.12885576 -0.15289137 2.483623 70
0.78364974 -0.14644599 2.478282 106.5
0.83252299 -0.14028983 2.4815712 112.5
1.140879 -0.15229945 2.4778934 101.2
1.4416159 -0.1453431 2.4811473 87
1.5337688 -0.14861341 2.4803467 90
2.755362 -0.15133533 2.4774346 106.5
2.8532915 -0.15464956 2.4764881 93.5
3.0638185 -0.15347043 2.4401844 98
3.1981573 -0.14952922 2.471009 14
3.7293119 -0.14728688 2.4864817 103
3.8267121 -0.18450201 2.4875152 106
6.6747184 -0.17688678 2.4916966 55
6.858614 -0.15034503 2.4766004 44
-0.90244085 -0.065163314 2.4962473 126.5
-0.77126938 -0.044418685 2.4842787 97.25
-0.65675348 -0.060158681 2.4949601 127.66666
-0.56945139 -0.069067411 2.4821911 104
-0.48232186 -0.055872712 2.491606 99
-0.34781837 -0.049310349 2.4973464 144.2
-0.26526546 -0.037932292 2.4919844 116.25
0.069805063 -0.041608222 2.489058 103
0.12914386 -0.072381981 2.4863901 76.5
0.78818309 -0.047931284 2.4796143 114.5
0.83273637 -0.050783981 2.4821305 112.5
1.1319218 -0.045801617 2.4759743 99.599998
1.4423797 -0.054075766 2.4784379 92.800003
1.5407121 -0.050438531 2.4819183 89
2.7252088 -0.039229374 2.4743388 102
2.8263211 -0.03604706 2.4714546 96.5
3.1047101 -0.072407812 2.4725301 96
3.211735 -0.066518545 2.4799027 95
3.7363534 -0.053286549 2.4847143 99
3.8223553 -0.090501368 2.481894 101
4.8410473 -0.096138015 2.4884315 76.5
6.6782269 -0.040884338 2.490926 51
6.8855205 -0.0013389078 2.4769349 44
-0.89666051 0.050363187 2.4988544 130.5
-0.76669526 0.050358705 2.4870484 101.5
-0.68434685 0.035997916 2.4860153 94
-0.56417269 0.053470377 2.4855323 107
-0.48065892 0.034146953 2.4948974 111
-0.31729823 0.068288662 2.4978216 150
-0.28694841 0.058460873 2.4945631 136
-0.19900669 0.030544041 2.492569 113
0.076305375 0.070398301 2.4884901 93.5
0.13045096 0.032623325 2.485733 70.5
0.79414433 0.050050154 2.4766541 105.5
0.83560735 0.03822083 2.4817224 114.5
1.1460654 0.051419348 2.4790606 100
1.4620792 0.044609036 2.4832301 87.599998
1.5514199 0.046068519 2.4793608 92.666664
2.7330074 0.035775594 2.476233 110
2.8370113 0.041462138 2.4768252 104
3.1181955 0.050603047 2.4755878 99
3.2141161 0.056483716 2.4758797 98.5
3.7441151 0.039715324 2.4836438 93
3.8326509 0.04750523 2.4855456 98.5
4.8445244 0.013359424 2.485364 74
6.678164 0.09211804 2.4880955 52
-0.75970459 0.14535955 2.4845986 99.25
-0.67974675 0.16102865 2.489938 103
-0.55794942 0.14647004 2.4834313 99
-0.47489715 0.15515545 2.4928427 113.5
-0.31207335 0.15326209 2.4951708 143
-0.27078372 0.13847914 2.4900682 107.5
-0.19475949 0.14405492 2.492655 110
0.080884628 0.15442516 2.4910929 102
0.13342226 0.13913445 2.4886057 77
0.82716578 0.14885499 2.4854658 113.6
1.1616049 0.14691843 2.4791031 98.199997
1.4679257 0.14334117 2.4825847 89
1.5690972 0.14257786 2.4835465 89
2.7396691 0.15027708 2.4742107 109
2.8438542 0.15846422 2.4749651 97.5
3.1273627 0.17460628 2.474478 97
3.2207892 0.18248823 2.4746079 96
3.7568905 0.13472478 2.4860115 98
3.8364725 0.18550897 2.482945 105
4.8522825 0.12436056 2.4843359 75
6.908103 0.14565259 2.4731157 44
11.532065 0.14820921 2.4578874 27
12.92031 0.14974262 2.4768088 27
-0.7554794 0.24088407 2.4869256 105
-0.67645365 0.25533605 2.4902132 105
-0.55525857 0.2395246 2.4901619 104.5
-0.47235912 0.24617317 2.4954338 107
-0.26312801 0.25749609 2.4906001 113.5
-0.19180921 0.25906932 2.4943392 114
0.088325098 0.23888919 2.4851007 94
0.13781524 0.24506973 2.4853978 72.5
0.83358276 0.25363743 2.4833245 110.75
1.16924 0.24441969 2.4769082 100.5
1.4699801 0.25666884 2.4811842 91.333336
1.5518543 0.24390735 2.4808967 87.333336
2.7441726 0.26577595 2.4701035 106
2.8485389 0.27546358 2.4710207 99.5
3.1338422 0.25756258 2.4735332 98
3.2242954 0.2664912 2.4737759 105
3.7653725 0.22872819 2.4856315 87
3.8428319 0.27851257 2.4835012 97
4.8614569 0.23486578 2.4832785 77.5
6.6965814 0.22712062 2.4906003 54
6.937089 0.29565039 2.4712825 44
-0.74936247 0.33588886 2.4851713 104.25
-0.67258185 0.35035622 2.4922314 104
-0.54613447 0.36352521 2.4875562 103.5
-0.46795622 0.33767664 2.4928246 115
-0.25830337 0.34702832 2.4938779 108
-0.18617663 0.34456348 2.4879577 112
0.096747532 0.35192555 2.4887133 87.5
0.14335053 0.35107368 2.4839516 65
0.84569806 0.34814793 2.4846466 105.75
1.1627038 0.33643341 2.4791398 103.5
1.2108388 0.34661341 2.480962 100.66666
1.489244 0.35100773 2.4752302 92.5
1.5403693 0.34991556 2.4791594 85.5
1.6173764 0.35312298 2.4785125 82
2.7519965 0.34278259 2.4734092 111
2.8574305 0.35447145 2.4746528 100
3.1445034 0.34257188 2.4767151 98
3.2293937 0.35045439 2.4743319 94
3.772388 0.32372519 2.4824469 96
3.8448999 0.37151483 2.4813035 100
4.8738289 0.34586692 2.4832282 74
6.7021742 0.36112303 2.4876709 51
11.624723 0.37619314 2.4556663 29
12.974089 0.38072959 2.4752557 27
-0.74316072 0.46466088 2.4860477 96
-0.66835392 0.44536543 2.4911067 97
-0.5406816 0.45754987 2.4894965 109
-0.46131927 0.4591831 2.4900694 108
-0.26430768 0.43841973 2.4918387 120
-0.18385591 0.43207824 2.4910598 112
0.12920797 0.46200371 2.4856677 65.5
0.86006522 0.44238761 2.4828851 105.75
1.1828744 0.42693847 2.4800389 96
1.2198143 0.46445367 2.4796112 91.666664
1.5430697 0.44954571 2.476275 86.333336
1.6479095 0.44964647 2.4806309 83.5
2.7601097 0.45978659 2.4734788 109
2.858048 0.43246877 2.4702992 102.5
3.1522858 0.42757609 2.4771199 97
3.2321801 0.43545681 2.4728055 103
3.7880177 0.41973755 2.4861729 101
3.8519785 0.46651873 2.4825532 95
4.8715119 0.44279832 2.4852476 79
4.9051356 0.47294381 2.4810162 75
6.7148609 0.49812546 2.4860322 49
6.9802976 0.44766057 2.4734092 46
-0.73947704 0.56243849 2.4889357 95.5
-0.66367233 0.54137528 2.4901876 101.5
-0.53436565 0.55196786 2.4873903 109
-0.45818067 0.55219406 2.4901748 107
-0.24599886 0.5300855 2.4994268 87
-0.17782652 0.54808843 2.4908633 81
0.14384609 0.56219548 2.4858387 57.666668
0.87700534 0.53815758 2.4845009 103
1.2399893 0.55774838 2.4813888 93.400002
1.5634805 0.54146737 2.4780951 86
1.6633937 0.55122131 2.4729805 79.75
2.763906 0.5767855 2.4693816 108
2.8667083 0.55322444 2.4712296 107.75
3.1646659 0.5555824 2.4777131 99
3.2335279 0.51945817 2.4698911 104
3.7957537 0.5157361 2.4836793 92
3.85618 0.56052136 2.481025 100
4.879261 0.55280066 2.4843833 76
4.9249358 0.58994615 2.4802983 71
-0.73710322 0.66272211 2.4928575 96.75
-0.65983272 0.63839161 2.4910791 104
-0.5293085 0.64740276 2.4880042 105
-0.45393094 0.64521003 2.4902468 107
-0.23236963 0.65003836 2.4905908 83
-0.17218719 0.6676029 2.4926827 100.5
0.14080517 0.64130145 2.4822452 62
0.89344174 0.6309824 2.4851582 97.666664
0.91015232 0.67170942 2.4880857 96
1.2598733 0.65383798 2.4659727 84
1.5776435 0.64132887 2.4748669 83.666664
1.6462559 0.65543222 2.4722836 81.666664
1.7267479 0.65916187 2.4706509 78.666664
2.7710104 0.65679127 2.4719884 99
2.87357 0.67397785 2.4704237 107.5
3.172008 0.6835798 2.4734464 97
3.2430906 0.64896536 2.4721014 112
3.8319106 0.63362789 2.4789248 93.5
4.8912768 0.66280335 2.4848585 76
6.72611 0.63412786 2.4830039 51
7.0348449 0.60167342 2.4767225 35
11.725839 0.60916805 2.451838 30
13.003644 0.61165929 2.4657559 31
-0.72965258 0.76145744 2.4870138 98
-0.6573205 0.73840976 2.4924445 95
-0.52322567 0.74441886 2.4885678 108
-0.45100921 0.74122745 2.4907956 107
-0.22415574 0.74252856 2.4877 102.5
-0.16766229 0.75861496 2.4945946 110
0.16061562 0.73052543 2.4831009 48.666668
0.92327446 0.75767148 2.4876692 95.25
1.2855562 0.74058348 2.476368 88.666664
1.3111646 0.7649321 2.4824421 94
1.6381378 0.73914862 2.4731314 85
1.749042 0.76426035 2.4711678 85
2.7730782 0.73579103 2.4697349 96
2.8591008 0.7585265 2.4742367 110
2.903228 0.75938058 2.4711206 118
3.1783254 0.77157885 2.4710424 103
3.2454593 0.77746707 2.4673669 115
3.8443303 0.73163438 2.4817433 94
4.9222136 0.74137247 2.480721 73
6.7622399 0.77313054 2.4873202 48
7.0737023 0.75766373 2.4732585 35
-0.72268099 0.85381788 2.4954345 87.666664
-0.65649199 0.84144092 2.4974272 100
-0.51504469 0.84140682 2.4845922 110
-0.44569874 0.83773184 2.4885898 114.5
-0.21454486 0.83703011 2.4865415 94
-0.16024743 0.84810829 2.4879274 111.5
0.17941366 0.81809396 2.4801641 38
0.94855267 0.85820556 2.4885378 93.25
1.3285115 0.8483156 2.4764125 90.199997
1.6579199 0.84001493 2.4735875 86.666664
1.7336388 0.84194255 2.4689066 81.5
1.8246274 0.85651463 2.475065 82.333336
2.7830276 0.85979974 2.4736528 110
2.8618653 0.84052455 2.4712379 126
2.9110501 0.84338731 2.4744306 108
3.1889613 0.86058551 2.4728012 114
3.2554147 0.86847401 2.4713671 115
3.8545675 0.82963842 2.4810624 96.5
4.934164 0.85537142 2.4767773 71
11.852434 0.84914249 2.4488835 30
13.114102 0.8496713 2.4685457 34
-0.7238543 0.96901119 2.4925494 87.5
-0.65184212 0.94244689 2.4953694 96.5
-0.51081479 0.94395494 2.4903221 105
-0.4433381 0.93725395 2.4927227 113
-0.20447987 0.93203282 2.4855881 102
-0.15608117 0.94362718 2.4929702 118
0.97639322 0.9589448 2.4844337 95.25
1.3647047 0.95114905 2.4746652 87.5
1.6947429 0.92102355 2.4741681 95
1.7596979 0.94030905 2.4752448 81.333336
1.8565855 0.96627617 2.469069 80
2.7879405 0.98380244 2.4727085 115
2.8711066 0.92553174 2.474484 106
2.9073606 0.92338187 2.4666319 109
3.1924253 0.94858211 2.469034 110
3.2531652 0.9544726 2.464977 105
3.8669484 0.93013954 2.4817598 98.5
4.9514604 0.97187078 2.4752111 73.5
6.7748775 0.91313291 2.4828527 48
7.1338792 0.91667002 2.475028 35
-0.72361779 1.0414877 2.4977984 87
-0.50364763 1.0454637 2.4897039 97
-0.43929127 1.0392659 2.4932208 108.5
-0.1695651 1.0510954 2.4876263 107
0.58886933 1.0339274 2.4804082 52
0.60438609 1.0783756 2.4854531 77
0.99329317 1.0347333 2.4889398 106
1.01231 1.072668 2.4813416 97.333336
1.3848673 1.014346 2.4706402 88
1.4090804 1.0550781 2.4745157 90.333336
1.7585558 1.0460368 2.4751732 83.333336
1.8572345 1.0594559 2.4757948 72.5
1.9426627 1.0588664 2.4748974 67
2.7928863 1.0688057 2.4732251 115
2.8792114 1.0540345 2.4737959 111.5
2.9166002 1.0538907 2.4705744 106
3.2294939 1.0425313 2.4664083 108
3.8725214 1.0286405 2.4772685 97
5.0053673 1.0689266 2.467464 66
6.8033166 1.054104 2.4823437 45
7.1797805 1.0776533 2.4699919 35
11.993891 1.0931162 2.4463186 29
13.195406 1.0896331 2.4641895 27
-0.7435382 1.1556386 2.4982514 86.5
-0.67102349 1.1501671 2.4963746 91.75
-0.47648677 1.1484141 2.4915178 103
-0.16061649 1.1508229 2.4888203 107.5
0.59880763 1.1095364 2.4888067 60
0.61461627 1.1529669 2.4884753 80
1.0333997 1.1570249 2.4814169 96
1.4451089 1.1418912 2.4730821 85.25
1.8446513 1.144186 2.4769814 67.333336
1.9631034 1.1568351 2.4764688 61
2.0246193 1.1842108 2.4741025 51
2.7949541 1.1528054 2.4709651 112
2.887316 1.1855371 2.4731033 104
2.9244008 1.1853982 2.4731262 108
3.2423086 1.1370418 2.4717104 108.5
3.8847697 1.1316736 2.4772439 98
4.9256721 1.1108112 2.4735589 80
5.0319924 1.1940739 2.4648883 63
6.8358493 1.1991066 2.4831879 47
-0.7403903 1.2666531 2.4981239 69
-0.66709054 1.2604289 2.4963267 70
-0.44677034 1.2473394 2.4841168 48
-0.15541542 1.2193356 2.49037 84
0.63518679 1.2432092 2.4882259 104
1.0678916 1.2499092 2.4789956 92.25
1.4862386 1.2320865 2.4753478 91.333336
1.5132202 1.2733457 2.476192 75
1.8681096 1.2415586 2.478159 60
1.9723651 1.2364488 2.4715068 56
2.0679436 1.246716 2.4722238 45
2.8471842 1.2588081 2.4742057 101
2.9300642 1.2774026 2.4743433 105
3.2486339 1.230042 2.4700584 106
3.8868539 1.222744 2.4753499 92
3.9066775 1.2486023 2.4769948 101
4.945477 1.2278142 2.4746029 78
7.2484417 1.2436576 2.4715686 35
-0.73345912 1.3386272 2.49 14
-0.63999206 1.339489 2.4933913 14
0.66811752 1.3517567 2.4845064 101.33334
1.085914 1.3476866 2.4820023 91
1.1237032 1.3521273 2.4787731 87.5
1.5451918 1.346656 2.4789059 79.25
1.9200633 1.3285643 2.4730995 45
2.0389237 1.3299375 2.4732542 41
2.1477337 1.3551756 2.4714298 22.333334
2.8524919 1.3493118 2.4750457 101.5
2.9256549 1.3633963 2.4658432 105
3.2553196 1.3255439 2.4687486 102
3.9083924 1.3406763 2.4740365 90
4.9681339 1.3488176 2.4770114 79
5.0659614 1.3230777 2.46527 65
6.8661995 1.345109 2.4805329 46
12.17788 1.3491044 2.4485083 24
13.337727 1.3376508 2.4683156 24
0.66615963 1.4390554 2.4916015 110.5
0.70873827 1.454385 2.4855099 100
1.1290609 1.4339832 2.4781008 99.333336
1.587172 1.4367498 2.47561 69.333336
1.6348528 1.4893049 2.4733365 59
1.9812335 1.4230766 2.4778481 26
2.0582972 1.4452925 2.4729633 18
2.1420031 1.4674443 2.4650531 9.5
2.2128685 1.4411817 2.4657412 5
2.8534691 1.4378086 2.4710145 99.5
2.9306233 1.4574015 2.4677768 110
3.2652559 1.4250506 2.4712653 105.5
3.920738 1.447679 2.4725924 93.5
4.9872193 1.4708204 2.4773595 79
5.1041994 1.4560846 2.4669728 65
6.9122019 1.4961116 2.4832625 49
7.3092318 1.4116453 2.4683385 37
0.28707761 1.5674175 2.4855294 55
0.68770468 1.5305523 2.486619 108
0.74034607 1.5558951 2.4866321 92
1.1658882 1.5353447 2.4831874 84
1.2170762 1.567632 2.4799225 80
1.6456776 1.5454346 2.4774115 51
1.70125 1.5982281 2.4645638 40
2.8090794 1.5120794 2.4715147 101
2.9202218 1.549973 2.4685056 104
3.274806 1.5245532 2.4720235 114.5
3.9359341 1.5586783 2.4725146 91.5
5.002708 1.5918224 2.4742348 73
5.1531091 1.5951003 2.4719923 61
7.3984385 1.5906527 2.4715881 37
13.477094 1.5906261 2.4668114 25
0.28028667 1.6545234 2.4940817 72
0.30196214 1.6434425 2.4885325 86
0.73250169 1.6408287 2.4880741 91.666664
1.185519 1.6366996 2.4784651 91
1.2620155 1.6626179 2.4784145 74.5
1.675898 1.6270089 2.4796555 26
1.7249829 1.6736484 2.4776783 18.5
2.810396 1.651077 2.4670649 104.5
2.9212108 1.6444716 2.4651845 109.5
3.2836647 1.6270614 2.4734907 109.5
3.9500537 1.6701818 2.4713845 88.5
6.9482079 1.647114 2.4805083 47
12.336223 1.6070532 2.441294 28
-4.8690038 1.7419782 2.4885254 53
-0.1082583 1.7633723 2.4951782 59
-0.089252256 1.7966228 2.4946127 53
0.2923609 1.7275271 2.4940593 107
0.32035443 1.7714716 2.4883652 91
0.76710474 1.7279351 2.4825716 96.5
1.2228041 1.7347124 2.4847021 67.5
1.3105891 1.7626159 2.4785407 51
1.7367015 1.7390183 2.4792187 4
2.8109927 1.7960742 2.4619129 104
2.9254351 1.7429745 2.4649792 104.5
3.2823515 1.7366227 2.4764981 101
3.3090909 1.7285104 2.4754272 115
3.9634395 1.7836802 2.4688554 86.5
5.0245967 1.7178251 2.4731188 69
5.1941495 1.7351025 2.4722056 62
7.4648304 1.7666286 2.4653883 38
-3.6046188 1.8422866 2.4964828 49
-3.5690489 1.8453007 2.4661057 53
-3.2278125 1.8685716 2.4919949 54
-3.1426952 1.8716393 2.4655411 76
-0.42768082 1.8244504 2.4922762 47
-0.088518746 1.8619903 2.4926519 90
0.33607346 1.8769913 2.4895768 89
0.7646724 1.8395703 2.4889407 86
0.83659494 1.8388201 2.4814324 83
1.2739422 1.8637168 2.4824667 35
1.3610086 1.8620737 2.4734659 19
2.6049383 1.8862237 2.4763315 1
2.9318929 1.8469644 2.4668605 99
3.2914977 1.8426216 2.4740059 107
3.311132 1.8315113 2.4717755 110
3.9637334 1.8996196 2.4693258 88
5.0486188 1.8458278 2.4726722 68
5.2308946 1.8750973 2.4696703 62
6.9891753 1.8031166 2.4783747 48
12.534933 1.8780074 2.4367499 29
13.654073 1.8556379 2.4707422 26
-2.6406488 1.9021516 2.4941931 59.5
-2.0216093 1.9453992 2.4470701 71
-1.4842341 1.9840918 2.4461608 76
-0.6227681 1.9145139 2.4827757 4
-0.42988083 1.9428624 2.4980266 76
-0.078033872 1.945493 2.4910598 86.5
0.35286593 1.9589889 2.4898174 95
0.79413456 1.9475724 2.4870684 90
0.87707323 1.9513088 2.4799511 69
1.3143648 1.9637204 2.4807854 9
2.376055 1.9611913 2.4758031 0
2.5868068 1.9694717 2.4738638 5
2.652225 1.9352266 2.4718881 6
2.7064011 1.9912319 2.4739645 9
2.8181481 1.9000838 2.4673059 95
2.9357474 1.9494658 2.4655998 98
3.3076296 1.9450692 2.4705048 97
4.0063477 1.9107566 2.4721878 83
5.0740547 1.9778305 2.4722002 69
7.0557427 1.9681195 2.4842806 38
7.5753317 1.9596468 2.4724145 39
-1.0262476 2.0142579 2.4134812 87
-0.90269059 2.01227 2.4121294 85
-0.65017104 2.0712187 2.4611011 58
-0.52215892 2.0384984 2.431901 75
-0.4150306 2.0519755 2.4948235 84
-0.33406532 2.0559776 2.4383402 83
-0.24721932 2.0545058 2.4976742 92
-0.1283816 2.0688667 2.4234297 75.5
-0.0685395 2.0360065 2.4939501 90
0.37053978 2.0409937 2.4893546 85
0.81611437 2.0265791 2.4894733 76
0.90654916 2.02829 2.4775259 48
2.4508514 2.0527005 2.4797168 7
2.6692472 2.0539758 2.4709289 11
2.7572522 2.0422344 2.4689755 17
2.8165741 2.0496614 2.4663558 60
2.9406934 2.0564694 2.4660816 109.5
3.3193264 2.0590737 2.4726171 101
3.979295 2.0186236 2.4704111 89
4.0283723 2.034699 2.4708893 81
5.2804203 2.0250981 2.4696922 63
-0.39005578 2.1037135 2.4477971 74.5
-0.044127822 2.1215966 2.4610848 86.333336
0.37040186 2.1459894 2.4618115 88
0.42974544 2.1497741 2.4633508 59.5
0.84932083 2.1425781 2.4854717 41.5
0.93637222 2.1052473 2.4719577 1
2.517185 2.1331992 2.4686589 20
2.7533782 2.1364791 2.4643695 23
2.8487015 2.131664 2.4668002 67.5
2.9459991 2.1664729 2.4669075 107
3.3252668 2.1715717 2.4691763 101.5
3.9919794 2.1386266 2.4687173 93
4.056705 2.1657059 2.4728806 81
5.0994897 2.1148336 2.4717262 68
5.3221021 2.1740897 2.4663279 64
7.1194324 2.1371224 2.4874072 38
7.6615486 2.1506233 2.4671865 39
12.734976 2.158941 2.4278865 28
13.840196 2.1266305 2.4723027 24
2.0438175 2.2519889 2.4448035 11
2.1769328 2.2594914 2.4425056 7.5
2.578733 2.2042117 2.4785538 33
2.6399279 2.2747014 2.4513249 47.5
2.8469765 2.2303541 2.4704444 60.333332
2.958725 2.2621136 2.4673817 72.25
3.3271599 2.2715182 2.4619589 112
4.0111127 2.2676318 2.4718571 89
5.1377254 2.2578373 2.4752712 71
2.8286798 2.3300917 2.4658432 111
2.9365652 2.3547952 2.4481068 82.333336
3.0460637 2.3162508 2.4479983 48
3.3332953 2.3455725 2.4642298 105
4.051899 2.3461709 2.4700816 85.5
5.3737354 2.3330879 2.4655743 62
7.1667252 2.3051248 2.4830408 39
7.7754903 2.3556221 2.4691479 41
3.3256376 2.4055865 2.4461284 114
3.9676948 2.4726112 2.4173548 74
4.1054254 2.4347003 2.4677982 86
5.168817 2.4038403 2.4746964 67
5.4231825 2.494076 2.4613183 68
7.2317557 2.4811273 2.4818997 39
13.045813 2.4688385 2.4368906 24
14.027637 2.4055896 2.4695292 23
5.182972 2.5418046 2.4645236 76
7.8779573 2.563592 2.4628313 42
7.3053188 2.6651301 2.483439 42
14.222843 2.6945407 2.4657993 25
7.9611559 2.768532 2.4477031 45
13.316616 2.7827663 2.429307 23
14.50172 3.0085514 2.4713304 26
13.638435 3.1197059 2.4262567 25
14.621423 3.2953317 2.4438367 26
-8.0678549 -1.5834291 2.5951219 40
-6.9883876 -1.4182752 2.5684793 48
-5.4464784 -1.3404714 2.5580115 66
-4.9830799 -1.3588972 2.5068157 49
-6.9753108 -1.253275 2.5713849 46
-5.0363693 -1.2458141 2.5401514 69
-4.1855335 -1.2984778 2.5100861 57
-4.0793004 -1.2197161 2.5327487 88
-3.6260343 -1.2303023 2.5160556 92
-3.5800796 -1.2343147 2.5065091 89
-5.4308553 -1.199447 2.562134 63
-5.0247011 -1.1148236 2.5391819 69
-4.2190871 -1.1953028 2.5383 76
-4.0693121 -1.1067359 2.5292516 82
-3.6248488 -1.1272817 2.5206966 94
-3.5960226 -1.1372581 2.521749 94
-3.4532261 -1.1868794 2.5193589 99
-5.4055753 -1.0584626 2.5608971 63
-4.2126384 -1.0802896 2.5416832 74
-3.6590743 -1.0368904 2.5125561 72.5
-3.5951414 -1.0352565 2.5243609 83
-3.4575737 -1.0878507 2.5266545 91
-5.388267 -0.9193505 2.5627434 63
-5.0216103 -0.98682362 2.5416048 70
-4.2037072 -0.96428746 2.5433757 79
-4.0709186 -0.99772888 2.5336158 85
-3.6258533 -0.93843269 2.5087922 68.666664
-3.5868115 -0.93709183 2.5140855 70.5
-3.4558618 -0.98784965 2.5286276 88
-5.0201755 -0.8618207 2.545156 69
-4.1980858 -0.85227066 2.5473411 80
-4.0700402 -0.88772756 2.5362952 83
-3.6147056 -0.82026935 2.5265353 88
-3.5538492 -0.84182465 2.5088689 68
-3.447263 -0.88687932 2.5247166 86
-5.3754244 -0.78432894 2.5663755 63
-5.0115542 -0.73682767 2.5450554 70
-4.1905446 -0.73926979 2.5487881 83
-4.0658488 -0.77773392 2.5367336 90
-3.6126931 -0.71925235 2.5306284 91
-3.542918 -0.74254602 2.512325 68.666664
-3.4607544 -0.76973617 2.5145602 80
-3.1233809 -0.74027634 2.5005434 71
-2.5578313 -0.79016721 2.5027213 74
-5.3625808 -0.64830744 2.5700016 67
-5.0101199 -0.61382473 2.5486126 68
-4.17417 -0.62730026 2.54545 75
-4.0608311 -0.66974223 2.5366182 86
-3.6054516 -0.61726451 2.5299568 94
-3.586885 -0.6336078 2.5303395 91
-3.4493105 -0.66563874 2.5133553 75.25
-3.0693927 -0.61027747 2.5031245 79
-2.9981158 -0.69354564 2.5007262 73
-2.5138915 -0.65717018 2.5054708 71
-2.3945699 -0.64811033 2.5055282 92
-5.3453398 -0.51431656 2.5694396 67
-4.1649742 -0.51630664 2.5457864 79
-4.0591249 -0.56374282 2.5387521 88
-3.6042674 -0.51924402 2.534631 85
-3.5851769 -0.53560811 2.5324223 91
-3.4337897 -0.55320609 2.5186548 81.25
-3.3826632 -0.53609651 2.505841 67
-3.0433078 -0.54527915 2.5033317 69
-2.9514742 -0.54715085 2.5039098 75
-2.4848995 -0.56017292 2.5069375 77
-2.3756623 -0.56161582 2.5074682 89
-1.9092442 -0.55301613 2.5025606 86
-5.0075889 -0.49082687 2.5502217 70
-4.1566072 -0.40630931 2.5466921 82
-4.0524497 -0.45575497 2.5375168 82
-3.5916219 -0.42942354 2.5357809 97.5
-3.43593 -0.4058722 2.5352232 104
-3.3660533 -0.43688169 2.5050466 66
-3.0140357 -0.45127881 2.507303 76
-2.9209943 -0.43175006 2.5082631 69.5
-2.450336 -0.43317735 2.5078678 81.5
-2.3477187 -0.44563755 2.5036001 86.5
-1.8400475 -0.45469543 2.5025237 100.66666
-5.3399725 -0.38228297 2.5745521 63
-5.0011845 -0.3658329 2.5504138 68
-4.059854 -0.3507345 2.5458205 84
-3.5838361 -0.33143929 2.5342565 91
-3.4235682 -0.31079048 2.5300229 96
-3.3298929 -0.35257253 2.5097985 69.666664
-2.9878395 -0.35727793 2.5120096 77
-2.8989272 -0.34575537 2.5085275 72
-2.425566 -0.33818227 2.5059559 78
-2.329844 -0.33314499 2.5058947 88
-1.8434352 -0.38175827 2.5047548 96.5
-1.7986705 -0.31055039 2.5024395 104
-1.3671527 -0.35929117 2.5013216 113
-4.1474123 -0.29831558 2.5470486 82
-4.0540071 -0.24474472 2.5451536 80
-3.5811508 -0.23443688 2.5367985 94.5
-3.4232173 -0.21577244 2.5353618 97
-3.3164721 -0.25002304 2.5091019 63
-3.2852826 -0.24106638 2.5099192 64.5
-2.9622912 -0.2637808 2.5126452 74.5
-2.8804774 -0.26075858 2.509985 71.5
-2.412755 -0.24518141 2.514544 85
-2.3229988 -0.24913658 2.5138237 83
-1.8548934 -0.24148974 2.5052373 103
-1.7959334 -0.22803667 2.5114746 107.5
-1.3523152 -0.24210764 2.5081856 118.5
-0.98321956 -0.26627204 2.5012479 127
-4.0531301 -0.13974346 2.5478532 83
-3.5813603 -0.136921 2.5413051 94.5
-3.4165413 -0.12278914 2.5340035 105
-3.2827785 -0.15654173 2.5149839 68
-2.9348762 -0.13978371 2.5149202 65.5
-2.8633204 -0.14775798 2.5147948 77.5
-2.339982 -0.16082418 2.5135367 79.333336
-1.8451322 -0.14999275 2.5085673 102
-1.784458 -0.14374514 2.5030785 109
-1.3558171 -0.1451318 2.5076933 112.5
-0.97837001 -0.15328288 2.5031722 131
-0.46130347 -0.14944459 2.5002751 142
-4.0481119 -0.032751773 2.5477448 83
-3.5728824 -0.040939622 2.5399232 98
-3.4128804 -0.027782999 2.5370982 114
-3.2623343 -0.067759916 2.5149317 71.5
-2.9179699 -0.047285914 2.5168102 72
-2.8499751 -0.034261186 2.5172653 79
-2.3431149 -0.056421265 2.5153053 84.25
-1.8379489 -0.058495596 2.5126758 97
-1.7812488 -0.060746692 2.506639 111
-1.3525609 -0.041975927 2.5087748 115.33334
-0.97444147 -0.069293141 2.5041425 126.5
-0.67788136 -0.0014469787 2.5006893 134
-0.59841514 -0.0069961473 2.5015957 134
-0.45803535 -0.064938985 2.5030384 136.5
-4.1253538 0.025682345 2.5506673 91
-4.0488915 0.071253315 2.5515695 83
-3.5729432 0.055084147 2.5455482 97.5
-3.4122641 0.064228013 2.5410647 107
-3.2447817 0.049988687 2.5180595 70
-2.907258 0.043713339 2.5206704 70.5
-2.8404911 0.049234476 2.5179462 75
-2.3466685 0.051486909 2.518121 90.333336
-2.2995226 0.085843965 2.5211196 84
-1.826165 0.062498141 2.51015 95.5
-1.7778602 0.05024264 2.508131 112
-1.346037 0.04136271 2.5129192 119.66666
-0.97154272 0.041193452 2.5054123 125
-0.67612123 0.054560624 2.5035448 135
-0.59432489 0.048995417 2.5004971 133
-0.45218155 0.047556631 2.5048442 138.5
-0.3895728 0.042632654 2.5001547 141
-5.0157924 0.12326876 2.5687659 12
-4.1225119 0.13369648 2.5541329 92
-4.0463572 0.17725071 2.5531468 82
-3.5659871 0.15206745 2.54459 97.5
-3.4041991 0.15821235 2.5399697 112
-3.2288601 0.15813307 2.5196218 72.333336
-2.8661692 0.15119161 2.521579 74
-2.3322134 0.17732608 2.5229301 90.5
-2.2974298 0.14183614 2.5201707 88
-1.8246784 0.15399575 2.5162702 100
-1.7794707 0.16174734 2.515214 113.5
-1.3442829 0.14410125 2.5139565 114.75
-0.96976727 0.15418625 2.5080824 132.5
-0.8915984 0.16688788 2.5029032 125
-0.67339665 0.1395666 2.5068271 136.5
-0.590096 0.13502043 2.5036931 135
-0.44715649 0.16003972 2.5045743 144
-0.384471 0.1286661 2.5049376 142
-0.28767678 0.14872319 2.5055275 148
-4.1155338 0.24169247 2.5547893 92
-4.0504489 0.28426337 2.5592053 81
-3.5613637 0.24906662 2.5464261 86
-3.3972278 0.25220662 2.5408261 114
-3.2336872 0.24017249 2.5234692 68.333336
-2.8555386 0.2540383 2.5255244 73.666664
-2.3611321 0.24879926 2.5217528 89
-2.2976606 0.25583082 2.5229056 88
-1.8218036 0.24699202 2.5179946 103
-1.781741 0.24724503 2.5182977 109
-1.3426371 0.26159707 2.5149057 122.25
-0.96832019 0.26817033 2.5087152 127
-0.88904148 0.25490996 2.5069625 123
-0.66994339 0.25354633 2.5075047 133.5
-0.58490062 0.25104839 2.5072393 138.5
-0.44280785 0.24553944 2.5064223 136
-0.34179819 0.24072993 2.5033791 149.25
-0.2815389 0.23320544 2.5039153 145
-4.1135187 0.34971017 2.5588186 88
-4.041851 0.38824296 2.5554779 83
-3.5583954 0.34557521 2.5493903 89
-3.3924735 0.34520283 2.5419829 106
-3.2286489 0.35023451 2.5260882 69.5
-2.8657184 0.36118907 2.5281091 73
-2.3219538 0.34281838 2.5259483 88.333336
-1.8209211 0.33998817 2.5195451 102
-1.7837538 0.33273476 2.518393 107.5
-1.3433058 0.35084483 2.5164557 119
-0.96951205 0.35569122 2.5167654 126
-0.88742638 0.34494764 2.5114264 126.5
-0.66703969 0.36903697 2.5086324 147
-0.57937539 0.36804557 2.5067914 138.5
-0.43820739 0.33252084 2.5052719 145.5
-0.3466042 0.34680632 2.5035937 147.33333
-0.28130397 0.35989928 2.504133 149.33333
-4.1139855 0.4597387 2.5645213 90
-4.043458 0.49624988 2.5598526 78
-3.5518382 0.44357032 2.5505142 92.5
-3.3855023 0.44019708 2.5428355 111
-3.2350304 0.46146929 2.5330513 67
-2.9002962 0.45264712 2.5359039 76
-2.8454256 0.45522803 2.5288656 78
-2.3382368 0.44956627 2.5288069 88
-1.8184323 0.43348223 2.5142095 108
-1.7900016 0.44922814 2.5210509 108.5
-1.3458914 0.442094 2.5203388 116
-0.968858 0.44266948 2.5149403 131
-0.88376975 0.46543634 2.509304 125
-0.66477054 0.45754004 2.5113585 132
-0.57514596 0.45707047 2.5099647 137
-0.43218511 0.44900411 2.5050654 143
-0.36324674 0.44552946 2.5002434 150
-0.26471293 0.46416181 2.5001173 131
-4.1111431 0.56875277 2.5679839 93
-3.542665 0.54055345 2.5492656 95.5
-3.3785312 0.53319132 2.5436988 100
-3.2481344 0.55083942 2.5358584 64.666664
-2.9062545 0.58163983 2.5352657 82
-2.8716545 0.53636885 2.5340786 71
-2.3459496 0.54327869 2.5327439 87.5
-1.8212596 0.57539868 2.5273001 92.333336
-1.7972964 0.53822643 2.5241954 109
-1.3492126 0.55073696 2.5214908 114.33334
-0.97061163 0.56216353 2.5177894 134
-0.88377243 0.55898458 2.5151126 123
-0.66312587 0.54755092 2.5155301 135
-0.57178897 0.54908329 2.511538 138.5
-0.42817104 0.53952813 2.5108707 141
-0.35752177 0.53505147 2.5035503 148.5
-0.26926821 0.55313003 2.5091846 111.25
-5.0057168 0.61924219 2.5679832 12
-4.1025105 0.6787414 2.567507 87
-4.0420203 0.6032536 2.5633779 85
-3.540791 0.63857067 2.5541723 100.5
-3.3776193 0.62921321 2.549866 112
-3.2541726 0.6504665 2.5378139 68.666664
-2.9178123 0.64964128 2.5412211 76
-2.8735852 0.6392383 2.5411589 77
-2.3569665 0.63827521 2.535419 86.75
-1.825587 0.66211236 2.532764 96.5
-1.3526863 0.64071316 2.5249929 115
-0.97433609 0.65568584 2.5261033 128
-0.8830297 0.65351033 2.5179648 124
-0.66097498 0.63852972 2.5137181 135
-0.56735295 0.6410889 2.512197 134
-0.42281213 0.6305511 2.51227 133
-0.34962356 0.65810227 2.5107975 143.5
-0.26399162 0.64925408 2.5081129 140.25
-5.0236511 0.74726462 2.5785899 20
-4.070406 0.75050336 2.5685153 81
-3.5374098 0.73807573 2.5568428 92
-3.3706479 0.72520739 2.5507157 106
-3.2770832 0.74583691 2.5417817 68
-2.9282148 0.74963462 2.5397198 77.5
-2.8859754 0.73323035 2.5394197 80
-2.3669288 0.75646067 2.5403919 86.333336
-1.8343725 0.75885111 2.5328631 94
-1.3595272 0.7383945 2.5248518 112.33334
-0.97739214 0.75069964 2.5324616 124
-0.88477379 0.75208044 2.5266008 119
-0.65974361 0.73203504 2.5168343 135
-0.56498319 0.7371459 2.5186808 127.5
-0.41627717 0.75505745 2.5115561 141
-0.34327531 0.75261301 2.512614 135
-0.25629508 0.7430228 2.5118599 134.5
-5.0324726 0.87627065 2.5830333 39
-4.0324488 0.81992024 2.5634992 76
-3.5296104 0.83706725 2.5571229 94
-3.3302455 0.83236337 2.5463657 80.5
-3.2903619 0.85143113 2.5460136 63.5
-2.9247751 0.85972232 2.5440657 78
-2.4091954 0.84120262 2.5417266 78.5
-2.371949 0.8628425 2.5462427 84
-1.8475723 0.85910374 2.5375929 92.5
-1.3642231 0.83670044 2.5271025 118.66666
-0.97826284 0.84365398 2.524965 138
-0.88473892 0.85007906 2.525856 110.5
-0.65850854 0.86206782 2.5257771 127.5
-0.5607931 0.83212662 2.5152891 124
-0.41093463 0.8525939 2.5194387 129
-0.33721584 0.84915006 2.5179038 134
-0.24845329 0.83852845 2.5138514 139.25
-4.0683384 0.91585618 2.5731072 77
-3.523186 0.93756592 2.5589323 94
-3.3403852 0.94568634 2.5566812 77.75
-2.9583359 0.96051711 2.5450628 77.333336
-2.4123154 0.97176969 2.5459321 81.5
-2.3873968 0.9298476 2.5507793 80
-1.8548642 0.94479924 2.5366104 93
-1.3768286 0.9370572 2.5316012 114.33334
-0.98268545 0.94316101 2.5296843 126
-0.88453895 0.95106232 2.5230947 130
-0.75291085 0.90561372 2.5005043 83
-0.6574024 0.96258098 2.5303524 132
-0.55855066 0.93469656 2.5242143 130.5
-0.40592209 0.95311797 2.525269 131.5
-0.32982868 0.94865721 2.5192673 131
-0.23973788 0.93754601 2.5173965 129
-5.0302343 1.0022629 2.5824208 71
-4.0647902 1.027956 2.574414 84.5
-3.5196562 1.0400771 2.5626979 95.5
-3.357439 1.0514077 2.5591271 77.5
-2.976202 1.0504603 2.5482318 79.5
-2.4383719 1.0604098 2.5484099 79
-1.878724 1.0483829 2.5421989 91.666664
-1.3833121 1.0450258 2.5352356 112.66666
-0.98693746 1.0456594 2.5323992 132
-0.88699019 1.0566053 2.5281067 121.5
-0.65454513 1.058864 2.5189486 120.66666
-0.55515504 1.0351589 2.5192032 123
-0.40015459 1.0535871 2.5221324 131
-0.32302186 1.0506717 2.5215681 129
-0.23117736 1.0390729 2.5194025 137.5
-5.0302119 1.1322562 2.5820901 70
-4.0629282 1.1419662 2.5774732 81
-3.5093737 1.1425595 2.5612803 97.5
-3.372514 1.1403918 2.5593853 80.666664
-3.0113783 1.160465 2.5545468 75.5
-2.9793179 1.1033062 2.5543115 80
-2.4539557 1.1532663 2.5516238 93
-1.9017433 1.1588392 2.5442524 95
-1.888566 1.1577272 2.546783 95
-1.4089404 1.1784215 2.5410848 109
-1.3967052 1.1353786 2.5421011 105
-0.99215698 1.1502607 2.5335026 130
-0.88927633 1.1651329 2.5311031 126
-0.65534186 1.1695536 2.5294247 117
-0.55258214 1.142198 2.5241079 115
-0.36761245 1.1576196 2.5239995 122
-0.22149526 1.1430893 2.519979 125.5
-5.0487065 1.2682765 2.5918503 71
-4.0650778 1.2589738 2.5826249 82
-3.5098112 1.2373614 2.5663321 88
-3.4431605 1.2510816 2.5640411 78.75
-3.3371198 1.2162131 2.5618653 99
-3.0367503 1.2369649 2.5577583 84
-2.4721642 1.2457875 2.5542054 87
-1.91467 1.2530367 2.550693 107
-1.4099286 1.245882 2.54422 101
-0.9983719 1.2588618 2.5344996 138
-0.89149195 1.2401534 2.5333574 134
-0.6539011 1.238518 2.5241623 132
-0.54868287 1.2512066 2.5250931 121
-0.34896037 1.2486458 2.5263448 131
-0.21793751 1.2391816 2.5186558 128.66667
-0.193645 1.2807407 2.5181584 132
-4.0590763 1.3744727 2.5828753 75.5
-3.4755311 1.3482767 2.5648725 82
-3.3254488 1.3151963 2.5607252 98
-3.105674 1.3876214 2.5663118 89
-3.0619926 1.3139622 2.5594742 79
-2.5189853 1.3316865 2.5579481 86
-2.4956367 1.3578417 2.5605383 82
-1.9377254 1.353664 2.5551021 98
-1.4192274 1.322376 2.5473013 105
-1.0025903 1.3338634 2.5368285 126
-0.89634627 1.358194 2.5375688 131.5
-0.65416801 1.3555545 2.5330524 137
-0.54699421 1.328235 2.5286515 127
-0.34424281 1.3216226 2.5237324 121
-0.25755334 1.3745703 2.5263238 128.5
-0.18581095 1.3577517 2.5202591 116
-5.0517292 1.4012721 2.592365 72
-4.0861492 1.4810289 2.5902429 80
-3.5080345 1.4684989 2.5700111 67.5
-3.4826298 1.4385647 2.5664804 81.333336
-3.313777 1.4161797 2.5595767 93
-3.128201 1.47997 2.5705552 79
-3.0858634 1.4053161 2.5676165 92
-2.5413628 1.4484023 2.5594237 83
-1.9546516 1.4505686 2.5540161 95.5
-1.4350874 1.4411211 2.547981 101.5
-1.0103271 1.4513612 2.5391777 117
-0.89805502 1.4711294 2.5280304 122
-0.6541813 1.4755749 2.5389383 119
-0.54437798 1.4477699 2.5329618 121
-0.37886256 1.4226004 2.5307164 127
-0.25075683 1.4530851 2.528836 130
-0.17839107 1.4377986 2.5273211 126
-7.5861855 1.5383952 2.5744553 33
-6.8104892 1.5945251 2.519603 33
-5.0564084 1.5372708 2.5939932 73
-4.04987 1.5509582 2.5829937 76
-3.5461593 1.5539261 2.5730476 65
-3.4820397 1.5651277 2.5709257 95
-3.3031986 1.5191727 2.5603685 90
-3.1609578 1.5639687 2.5721092 79.5
-2.5700028 1.5667852 2.5635874 95.333336
-1.9792629 1.552159 2.5605018 98.666664
-1.4567894 1.5698867 2.5581737 101.5
-1.0216459 1.5788882 2.5482047 115
-0.90573627 1.5672841 2.5477338 103
-0.65248621 1.5505233 2.5306568 144
-0.54093802 1.5662279 2.5273142 124
-0.37109858 1.5400701 2.5276487 122.5
-0.24354693 1.5351043 2.5323632 118.5
-0.16953954 1.5188311 2.528465 110
-5.064693 1.6772697 2.5956354 79
-4.0274034 1.623932 2.5842614 73
-3.5865636 1.6419255 2.5759349 67
-3.470365 1.673615 2.5697453 100
-3.2523408 1.6373999 2.5692863 82.5
-3.1880038 1.655322 2.5763762 79
-2.6100907 1.6787555 2.5639024 97
-2.0064163 1.6640701 2.5607128 97
-1.468685 1.6548781 2.5564959 108
-1.02652 1.6618724 2.5464308 113
-0.90878242 1.6522887 2.5478361 113
-0.65446824 1.6425771 2.5420451 107
-0.53998816 1.659325 2.5397191 102
-0.36350948 1.6726243 2.5385253 108
-0.28108457 1.6247529 2.5342493 112
-0.1721243 1.6511664 2.533834 105
-5.1153369 1.7302427 2.5172496 48
-4.0446706 1.7314599 2.5853989 79.5
-3.6309521 1.7324243 2.5784717 69.5
-3.459239 1.7836038 2.5695333 103
-3.252763 1.7390321 2.5731623 87
-2.6450996 1.7712553 2.5682607 89
-2.0297465 1.7545736 2.5635746 98
-1.4840407 1.7453847 2.5600286 108
-1.0350614 1.7518901 2.5523438 111
-0.91274196 1.7402853 2.5468364 106
-0.65444267 1.7275674 2.5415981 107
-0.53813273 1.7473377 2.5411999 104
-0.41510272 1.7633742 2.5079641 3
-0.3583321 1.7576039 2.5364408 99
-0.27432722 1.7137729 2.5371473 116
-0.15910418 1.7816579 2.5337572 99
-3.9524591 1.8106778 2.5267551 71
-3.66659 1.8199115 2.5727413 77.5
-3.3779831 1.8528006 2.5134892 80
-3.2606971 1.8443148 2.5555806 91.75
-2.6804328 1.8662531 2.5705795 101
-2.0544436 1.8475693 2.5648103 98
-1.510061 1.8314362 2.5613127 109
-1.4893932 1.8453199 2.5617375 95
-1.0420969 1.8428824 2.5523598 108
-0.91786247 1.8332962 2.5477095 106
-0.65483767 1.8195844 2.546097 106
-0.53619415 1.8403425 2.5416455 109
-0.35240841 1.8496019 2.5373878 106
-0.26386043 1.8477727 2.5375047 100
-0.14923199 1.8731654 2.5354462 97.5
-2.0743771 1.9375527 2.5574312 101
-1.5156407 1.9473318 2.5430419 96.666664
-1.0514637 1.9388912 2.5561705 133
-0.92339379 1.9323449 2.5535195 133
-0.65500969 1.9173329 2.5517282 110
-0.53466666 1.9383857 2.5470359 123
-0.34690303 1.9476298 2.5432813 116
-0.25264275 1.9927953 2.5408523 110
-0.13873774 1.973202 2.5416453 102
-1.0483854 2.0067267 2.5200148 96
-0.92305619 2.0081301 2.5248716 98
-0.65168321 2.0167763 2.5189164 70
-0.53215134 2.0303366 2.5405135 127
-0.34047556 2.0415914 2.5382388 131
-0.12861477 2.0651469 2.5343206 126.5
-15.623209 -2.0722229 2.674623 5
-11.704007 -1.7772977 2.6089227 36
-11.670676 -1.5232934 2.6150019 36
-11.627648 -1.2762914 2.6193726 33
-7.785985 0.83295792 2.6455333 38
-7.0520086 0.98778439 2.6332579 2
-5.3144145 0.9499799 2.6145084 3
-7.7812047 1.0159616 2.6457727 37
-5.2878489 1.08289 2.6027772 64
-7.027936 1.1477523 2.6203036 35
-7.7955041 1.2060122 2.651695 35
-5.2916422 1.2219182 2.6068227 64
-7.8109293 1.3960505 2.6559651 39
-7.0525723 1.3177571 2.6245472 35
-5.2896476 1.3619174 2.6069241 64
-7.0553517 1.4857433 2.6200635 47
-5.2846112 1.5019097 2.6061652 67
-5.2980943 1.6489522 2.6119111 75
18.595106 -6.0674858 3.2341025 114
18.558863 -5.6880784 3.2850449 114
18.528904 -5.3127003 3.3323431 121
18.493225 -4.939342 3.3769555 104
18.466623 -4.5750241 3.4164836 113
18.438484 -4.2107491 3.4503889 109
18.410246 -3.8535068 3.4801056 110
18.378365 -3.498301 3.5049696 109
18.352043 -3.1461296 3.5254889 108
18.333485 -2.7979658 3.5451593 106
18.30201 -2.4538629 3.5566607 108
18.277573 -2.111773 3.5666063 114
18.587809 -5.9943233 3.9397857 93
18.576826 -5.5782051 3.9841604 87
18.548653 -5.1620159 4.0202708 67
18.540907 -4.7538481 4.0524731 39
18.608379 -4.370635 4.0974398 32
18.562817 -3.9625385 4.1127062 23
18.541954 -3.5624578 4.1253943 5
18.699566 -2.8071899 4.1816678 19
18.687626 -2.4181738 4.1807837 31
18.825068 -3.2231317 4.2030497 8
18.72476 -5.9448071 7.1704316 57
18.725698 -5.7721205 7.1322579 62
18.61014 -5.4748011 7.1681848 61
18.643656 -5.2831044 7.1263728 65
18.513947 -5.0197949 7.1684446 78
18.587862 -4.8070755 7.1249766 69
18.465408 -4.5827889 7.1841383 88
18.55982 -4.3490195 7.1323018 60
18.393282 -4.1487832 7.1853933 107
