0.00075654 0.000136387 -0.000557348 1
-0.00640555 -0.00843226 -0.11617 0.993173
-0.0014291 -0.00478664 -0.121761 0.992547
-9.4903e-05 -0.00141602 -0.127637 0.99182
-0.00617133 0.00129199 -0.17559 0.984443
-0.0177215 0.0075842 -0.261179 0.965098
-0.0171658 0.00838482 -0.364826 0.93088
-0.00319269 -0.00342327 -0.42447 0.90543
-0.00301778 -0.000367223 -0.428711 0.903436
-0.0108371 0.010619 -0.428983 0.903185
-0.0139272 0.00653328 -0.497085 0.867566
-0.0171526 0.00762125 -0.604878 0.796097
-0.0124222 0.015609 -0.72533 0.688112
0.00249727 -0.000373996 -0.737903 0.674902
0.0130713 -0.0192476 -0.721286 0.692247
0.00583514 -0.00702315 -0.692892 0.720983
-0.00746011 0.00259738 -0.69139 0.722438
-0.0107345 0.0127059 -0.69921 0.714723
-0.00352582 0.00685809 -0.70128 0.712845
-0.00490979 -0.000465948 -0.70303 0.711143
-0.00938756 0.00761903 -0.700041 0.714001
-0.00844119 0.0135999 -0.6994 0.714551
-0.00508251 0.00286142 -0.705595 0.708592
0.00127578 0.00178803 -0.705933 0.708275
0.00157575 0.0177768 -0.703695 0.710278
-0.00642182 0.0165744 -0.699461 0.714449
-0.00335441 0.00479998 -0.701086 0.713053
-0.0012151 0.0127028 -0.704308 0.70978
0.00210453 0.0057718 -0.703192 0.710973
-0.00840341 0.0109281 -0.701071 0.712959
0.00156946 0.00662279 -0.81418 0.580573
-0.00128112 0.000134977 0.904529 -0.42641
0.0111102 0.000614456 0.965891 -0.258711
0.014546 -0.00479627 0.995787 -0.0904072
0.0157421 -0.00201969 0.99962 -0.0225405
0.00745426 0.00144433 0.989254 -0.14601
0.00768032 0.00190694 0.946752 -0.321867
0.0110086 -0.00212213 0.90893 -0.416799
0.0108283 -0.000165896 0.901734 -0.432156
0.00931249 0.00335983 0.897308 -0.441295
0.00918261 0.00377224 0.888366 -0.45903
0.00478743 0.00568991 0.867907 -0.496671
-0.00313917 -0.0109282 -0.839382 0.543424
-0.00901897 -0.00980925 -0.812739 0.582476
-0.00989821 0.00244732 -0.786467 0.617548
-0.012505 0.0142957 -0.782515 0.622342
-0.0114282 0.0124691 -0.784369 0.620063
0.00190204 0.0121632 -0.784221 0.620359
0.00504618 0.00828314 -0.769941 0.638041
-0.00693422 0.00254447 -0.742613 0.66968
-0.00358029 0.00621801 -0.716847 0.697194
-0.00541131 0.015386 -0.713915 0.700042
-0.012136 0.0122527 -0.719005 0.694791
-0.0124905 0.0139074 -0.737839 0.674718
-0.00878989 0.0136211 -0.760612 0.649004
-0.00392725 0.00642883 -0.783696 0.621099
-0.00192381 0.0102365 -0.814804 0.579643
0.014858 -0.0240148 0.895261 -0.444645
0.0106915 -0.0139654 0.954929 -0.296314
0.00326784 0.00193748 0.993948 -0.109786
0.00773942 -0.000867871 0.999964 -0.00349181
-0.00257447 0.00253659 0.983469 -0.181039
-0.00504586 -0.00437386 0.941843 -0.335986
0.00680656 -0.00915068 0.868847 -0.494949
-0.0176778 0.0165222 -0.776111 0.630132
-0.0254418 0.0161307 -0.642729 0.765501
-0.0195139 0.0025812 -0.514082 0.857515
-0.00953472 0.00915502 -0.36575 0.930619
-0.01074 -0.00724391 -0.190697 0.981563
-0.0042167 -0.006761 -0.00086594 0.999968
0.00387181 -0.0028882 0.179831 0.983686
0.00281718 -0.000419357 0.360183 0.932877
0.0142169 -0.00154207 0.527155 0.849649
0.0198818 0.00374215 0.633758 0.773267
0.00357911 -0.00189205 0.641642 0.766993
0.00901482 -0.0118021 0.647814 0.761654
0.0113022 -0.00867308 0.658534 0.752416
0.0189739 -0.000922265 0.67613 0.736537
0.0162302 -0.000525773 0.698854 0.71508
0.00573732 -0.0073252 0.701421 0.712686
-0.00366514 -0.0100649 0.687073 0.726509
-0.00295054 -0.0039558 0.635064 0.772444
0.00220528 -0.00857438 0.569054 0.822252
0.0154435 -0.000638158 0.553175 0.832922
0.022697 0.00866237 0.611975 0.790504
0.028293 0.00897443 0.696956 0.716499
0.00489713 -0.00129004 0.696851 0.717198
-0.00914733 -0.0096279 0.636833 0.770888
-0.00419957 -0.0106053 0.506057 0.862425
-0.00083748 0.00125526 0.389594 0.920985
0.00961225 0.0141459 0.400005 0.916353
0.0120475 0.0184216 0.404459 0.914291
0.00119607 0.00550986 0.388558 0.921407
-0.000474108 0.000835062 0.353566 0.935409
0.00185169 0.00210533 0.303652 0.952779
0.00331579 0.00337958 0.181094 0.983454
0.00126421 -0.0032965 0.0211759 0.99977
0.0026257 -0.000795195 -0.144484 0.989503
-0.00385381 0.00436657 -0.305407 0.952204
-0.00877448 0.00465075 -0.471843 0.881626
-0.0130612 0.00610516 -0.605418 0.795777
-0.0180523 0.00291909 -0.665479 0.746193
-0.0117709 -0.000260341 -0.701194 0.712873
-0.0121939 -0.00261701 -0.734772 0.6782
-0.00554797 -0.00194776 -0.767629 0.640867
-0.00130426 -0.004385 -0.777015 0.629466
-0.00178964 -0.0101228 -0.755791 0.654733
0.00919081 -0.00667899 -0.736736 0.676085
0.00720737 -0.0137382 -0.730269 0.682984
0.0118751 -0.0162522 -0.716162 0.697644
5.58208e-06 -0.00855398 -0.719492 0.694448
-0.0137449 0.00392549 -0.722544 0.691177
-0.0198599 0.0196177 -0.709295 0.704359
-0.0206861 0.0287778 -0.704516 0.708802
-0.011007 0.00259191 -0.725951 0.687653
0.0120657 0.00104295 -0.720167 0.693695
-0.000141882 0.00117336 -0.720052 0.693919
-0.00360338 -0.00515529 -0.714727 0.699375
-0.00925177 0.00657582 -0.696883 0.717095
-0.00841839 0.0149347 -0.688843 0.724707
-0.00537108 0.00649565 -0.690014 0.723747
-0.0159284 0.0060042 -0.685789 0.727602
-0.00586826 0.017503 -0.688371 0.725124
-0.00272966 0.0044198 -0.692583 0.72132
-0.0132466 0.00835957 -0.683515 0.729769
-0.0100175 0.0203374 -0.690364 0.723107
0.000292961 -0.000719851 -0.68873 0.725018
-0.00425619 0.00714626 -0.690651 0.72314
-0.00335313 0.00620383 -0.693144 0.720764
-0.0134236 0.0112363 -0.689763 0.723823
-0.00689739 0.0206889 -0.688629 0.724786
0.00435944 0.0095897 -0.696585 0.717397
-0.00782647 0.00641 -0.688608 0.725063
1.37614e-05 0.0200738 -0.691638 0.721965
0.00311726 0.00637975 -0.700565 0.713554
-0.0158411 0.0159482 -0.688634 0.724761
-0.0193111 0.0103608 -0.689516 0.723938
-0.00470875 0.0158419 -0.688854 0.724712
-0.00766668 0.0134094 -0.687753 0.725781
-0.00935207 -0.000883058 -0.692561 0.721298
0.00250571 0.0140555 -0.691483 0.722252
-0.00767664 0.0190687 -0.688197 0.725233
-0.0125709 0.0105595 -0.714272 0.699676
-0.0022421 0.0121063 -0.699857 0.714177
-0.00184975 0.00744553 -0.706165 0.708006
0.000684133 0.00197001 -0.709971 0.704228
-0.0093767 0.00247849 -0.70843 0.705714
-0.00303303 0.0167732 -0.708536 0.705469
0.0051243 0.00693592 -0.710665 0.703478
-0.00312752 0.00681914 -0.699058 0.715025
0.00444452 0.0242984 -0.689673 0.723699
-0.00232265 0.0131649 -0.66174 0.749614
0.00110815 0.00835127 -0.625074 0.78052
-0.00245416 0.014768 -0.610025 0.792241
-0.0126834 0.0197942 -0.607929 0.793644
-0.0120439 0.0167809 -0.611382 0.791066
-0.00245682 0.0168586 -0.665476 0.746225
-0.00421026 0.00698323 -0.667763 0.744329
-0.00420126 0.00138743 -0.668214 0.743956
-0.00249462 0.00633479 -0.671737 0.740758
-0.000811756 0.0148482 -0.693415 0.720385
-0.00506393 0.0180607 -0.709165 0.704793
-0.0063839 0.00630444 -0.708584 0.70557
0.00075057 -0.00151126 -0.712228 0.701946
-0.000926522 0.00131448 -0.713986 0.700158
-0.00439577 0.00210467 -0.711979 0.702184
-0.00477675 0.00772044 -0.729199 0.684241
-0.00846075 0.00795561 -0.815284 0.578944
-0.00448212 -0.00245063 0.902562 -0.430529
-0.00698037 0.00565709 0.967204 -0.25384
0.00190574 0.00429094 0.995362 -0.0960892
0.0153208 0.00517129 0.996967 0.0761315
0.0143139 -0.00807113 0.995588 -0.0923816
0.0195347 -0.0119151 0.960905 -0.275931
0.0199026 -0.0121656 0.897058 -0.441296
-0.0121225 0.00266099 -0.810181 0.586049
-0.00987701 -0.0111941 -0.708786 0.705266
-0.0058085 -0.0160185 -0.657063 0.753643
-0.0213762 0.00322871 -0.651535 0.75831
-0.0282055 0.0163984 -0.647848 0.761071
-0.0164468 0.021438 -0.649887 0.759551
-0.0127231 0.0186632 -0.674984 0.737486
-0.0103383 0.0125589 -0.70598 0.708045
-0.00802822 0.0120189 -0.735218 0.677677
-0.011858 0.00585309 -0.747637 0.663976
-0.00364987 0.00621982 -0.741862 0.670514
0.00290534 0.00253704 -0.735936 0.67704
0.00348571 -0.00924455 -0.725505 0.688146
0.00145325 -0.00191223 -0.718172 0.695861
-0.00558443 0.00894639 -0.720007 0.693886
-0.0150959 0.0120783 -0.737631 0.674927
-0.0191963 0.00694996 -0.755947 0.654315
0.00122228 0.00981015 -0.752007 0.659081
0.00952273 0.00947308 -0.732924 0.680178
-0.00030673 0.00272376 -0.703605 0.710586
0.00191812 0.005075 -0.690794 0.723032
-0.0184589 0.0262305 -0.786876 0.616277
-0.00501817 -0.0113026 0.871488 -0.490261
-0.0118663 0.00469367 0.94491 -0.327082
0.000329626 0.0052366 0.988229 -0.152893
0.0100051 0.00620771 0.999913 0.00596509
0.0147597 0.00223721 0.984569 0.174359
0.0075614 -0.00652015 0.946547 0.322411
0.0128696 0.00235773 0.880984 0.472965
0.0157065 0.00507746 0.781457 0.623741
0.0170309 -0.00323512 0.882786 0.469456
0.0166111 -0.00171329 0.95007 0.311589
0.0182157 0.00326119 0.98545 0.168956
0.015855 -0.00156763 0.998594 0.050551
0.0157516 -0.0155331 0.999473 0.0237474
0.022431 -0.0144304 0.999314 0.0256776
0.013803 -0.0101536 0.999595 0.0227292
0.00690009 0.000147984 0.999726 0.0223578
0.00703319 -0.00474622 0.99981 0.0175366
0.00375001 -0.00860476 0.999937 0.00610449
0.00201877 -0.0104316 0.999943 -0.000597614
0.0085653 -0.00871267 0.999925 0.000906595
0.0069625 -0.00244741 0.999962 0.00457484
0.00756077 -0.00165255 0.999942 0.00744864
0.00556564 -0.00274791 0.999957 0.0068454
0.00835883 -0.00809207 0.999931 0.00128468
0.00254278 -0.0104801 0.999941 -0.00142924
0.00234081 -0.0102759 0.999941 0.0027152
0.0122054 -0.00905992 0.99986 0.00701407
0.007269 -0.00872251 0.999922 0.00512076
0.00918631 -0.00752285 0.999929 -0.000489579
0.00460698 -0.00855934 0.999943 0.00440261
0.00495011 -0.000485858 0.999972 -0.00557149
0.0112326 -0.00609682 0.999812 -0.0145504
0.00454157 -0.0130492 0.999782 -0.015683
0.00474792 -0.00275804 0.999978 -0.00378613
0.00120177 0.0009551 0.999929 0.0118185
0.00398227 -0.00326053 0.998873 0.0471916
0.00375239 -0.0110144 0.997283 0.0727409
0.00945609 -0.0112571 0.993279 0.11481
0.0130857 0.00298196 0.961818 0.273361
0.0241139 0.00682332 0.897594 0.44011
0.0164865 0.00747453 0.800276 0.599359
0.0218255 0.00620638 0.677701 0.734988
0.0148628 0.00226339 0.531249 0.847082
0.0116329 0.00355435 0.361043 0.93247
0.00624009 -0.00330398 0.20692 0.978332
0.00341812 -0.0121507 0.0377012 0.999209
-0.00209545 -0.00985936 -0.0723382 0.997329
-0.00175349 -0.00780703 -0.0562029 0.998387
-0.00123396 -0.00697365 -0.0241798 0.999683
0.0058599 -0.000238778 0.0109756 0.999923
-0.000429636 -0.00549857 0.0211027 0.999762
-0.0109029 -0.00182233 0.0235061 0.999663
-0.00236823 0.00655983 0.0229672 0.999712
-0.00629915 0.0133832 0.00851973 0.999854
-0.00909866 0.00770463 -0.0211955 0.999704
7.83756e-05 -0.00483926 -0.0305729 0.999521
0.00539292 -0.0022723 -0.0301953 0.999527
-0.00565628 -0.000171508 -0.0231604 0.999716
-0.00233896 -0.00437622 -0.0182189 0.999822
0.00377167 0.00480619 -0.0152084 0.999866
-0.00640571 0.00703554 -0.00688548 0.999931
-0.00330955 0.00147705 -0.0107078 0.999936
0.00818308 0.00460414 0.0028365 0.999952
-0.000696481 0.00363836 0.0159062 0.999867
-0.000395175 -0.000919452 0.0254632 0.999675
0.00336136 0.00728851 0.0450864 0.998951
-0.00353673 0.00792772 0.0669834 0.997716
-3.42474e-06 0.0141723 0.0786134 0.996804
0.00180618 0.00989172 0.0608622 0.998096
-0.00278335 0.00804291 0.03229 0.999442
-0.00565987 0.00749236 0.00734368 0.999929
0.0026179 0.0141771 0.0063978 0.999876
0.00443357 0.0224168 0.16904 0.985344
-0.00812443 -0.00158633 0.325667 0.945448
0.00169234 -0.0110574 0.491349 0.870891
0.00440045 -0.0196153 0.605326 0.795724
0.000274198 -0.00308476 0.661679 0.749781
-0.00503041 -0.018247 0.667174 0.744661
-0.00211816 -0.0258755 0.665978 0.74552
-0.0015493 -0.0139899 0.667492 0.744484
0.000266297 -0.00654299 0.676192 0.736697
0.00622434 0.00260432 0.691574 0.722274
0.0109473 -0.000308569 0.70825 0.705876
0.00146978 -0.00521792 0.721662 0.692225
0.00939417 3.42666e-05 0.738124 0.6746
0.010691 -0.00587524 0.732095 0.681094
0.0154475 -0.0209762 0.729294 0.683704
-0.00240945 -0.0115907 0.742025 0.670268
-0.00723456 -0.00330859 0.758355 0.651793
-0.00824228 -0.000542352 0.777826 0.628426
-0.00646119 0.000367147 0.795654 0.605717
-0.00836038 -0.0133662 0.827413 0.561372
-0.0128817 -0.010435 0.869297 0.494011
0.000125611 -0.00434185 0.939577 0.34231
0.0081444 -0.0126073 0.979138 0.202643
0.0074087 -0.0209519 0.982034 0.187392
0.00972932 -0.0142123 0.991101 0.131994
0.0105531 -0.00780213 0.999908 0.00333634
0.00933523 -0.00408605 0.998364 -0.0562539
0.00831174 -0.00577055 0.990877 -0.134389
0.00802059 -0.00836399 0.954498 -0.297992
0.0144331 -0.00778032 0.913555 -0.406384
-0.00391997 0.00465165 -0.864984 0.501763
0.00133904 -0.00781432 -0.781118 0.624333
-0.0159892 0.000289616 -0.750172 0.661049
-0.022216 0.00831718 -0.747004 0.664397
-0.0143406 -0.00178653 -0.748556 0.662914
-0.0224287 0.0017276 -0.743149 0.668748
-0.00346534 0.012825 -0.748503 0.662999
-0.00721881 0.00810332 -0.778372 0.627709
-0.00600488 0.00938553 -0.806497 0.591133
-0.00802583 0.012316 -0.828404 0.559939
-0.0127922 0.0105448 -0.849812 0.526825
-0.00169436 -0.00885334 0.874901 -0.484218
0.0029912 -0.00371616 0.933082 -0.359632
0.0127264 -0.00605947 0.959244 -0.282228
0.00282214 -0.00203776 0.972232 -0.233992
0.00249024 -0.00422116 0.982696 -0.185159
0.000770844 0.00265508 0.990057 -0.140641
0.00185455 -0.00329637 0.995182 -0.0979742
0.00988722 -0.000465445 0.997913 -0.0638086
0.00223132 0.00188376 0.999589 -0.0285329
0.0020184 0.00366481 0.999989 -0.00220657
0.0120378 -0.000648706 0.999924 0.00262699
-0.00492538 -0.0104118 0.999549 0.0277165
-0.00122923 -0.0040069 0.998756 0.0496946
0.00460493 -0.00321764 0.99829 0.0581797
0.00613331 -0.00843869 0.998058 0.0614157
0.0120367 -0.00393479 0.997123 0.0747411
0.00213806 -0.00240522 0.996602 0.0823051
-0.00642002 -0.00871722 0.993408 0.114118
8.72532e-05 -0.00475165 0.982106 0.188267
0.00245694 7.83063e-06 0.969439 0.245321
0.00513121 0.000929946 0.95044 0.310865
0.00218078 0.00278078 0.913028 0.407881
0.00525613 -0.000922254 0.843738 0.536729
0.00338884 -0.00899399 0.757834 0.652376
0.019793 -0.00133637 0.74293 0.669075
0.0288205 0.015488 0.736256 0.675912
0.0272596 0.00511024 0.743135 0.668567
0.00871128 -0.00498608 0.738361 0.674331
0.00795742 -0.00269824 0.738102 0.674637
0.0066702 -0.00660832 0.733001 0.680162
-0.000857733 -0.00398838 0.712874 0.70128
0.010152 0.00101297 0.682985 0.730361
0.00712963 -0.00919055 0.66474 0.746984
0.00473331 0.00371661 0.659202 0.751941
0.0183718 0.00633221 0.655119 0.755276
0.0237602 0.0156951 0.657146 0.753225
0.0241013 0.0043752 0.6613 0.749722
0.00344256 0.00772997 0.665365 0.746471
-0.000201326 0.00793484 0.661507 0.749897
0.0055499 0.00723258 0.656505 0.754267
0.00518457 0.0161048 0.6554 0.755092
0.0169289 0.00400233 0.6528 0.75733
0.00538104 -0.00129788 0.641095 0.767441
0.00597719 -0.00203445 0.642626 0.766154
0.00863217 -0.00353889 0.64645 0.762899
0.0030784 0.00334545 0.644062 0.76496
0.0149186 0.00703778 0.641833 0.766667
0.00911868 0.0146182 0.648315 0.761177
0.00640433 0.00319974 0.653709 0.756712
-0.00279729 0.00115977 0.656326 0.754471
0.0151336 0.00213785 0.650673 0.759204
0.0108122 0.0135207 0.650257 0.759517
0.0103036 0.0053584 0.65563 0.754993
-0.00510459 0.00417727 0.656105 0.754641
-0.00509551 0.00430494 0.645699 0.763563
0.00737059 0.00252521 0.627957 0.778209
0.00693068 0.00822298 0.623591 0.781677
0.00412163 0.000329731 0.627192 0.778853
0.00738922 0.00224101 0.630945 0.775789
0.00368874 0.00684615 0.641545 0.767046
0.00515886 0.00920143 0.648513 0.76113
0.0163769 -0.000997692 0.657964 0.752871
0.00522097 -0.00146343 0.65451 0.756034
0.00679585 0.00118446 0.644359 0.764692
0.00338065 -0.00130276 0.638325 0.769758
0.00886654 -0.00309985 0.636333 0.771357
0.00731887 0.00371628 0.639434 0.768802
0.00256504 0.0005359 0.649848 0.760059
0.0129821 0.000957083 0.652146 0.757982
0.00769505 0.00945937 0.664929 0.746807
0.00171383 -0.00223663 0.678724 0.734388
0.0115423 -0.0048814 0.686228 0.727279
0.00289051 -0.00959049 0.70513 0.709008
-0.005129 -0.00563725 0.716153 0.697902
0.00968843 -0.00682295 0.712513 0.701559
0.00246475 -0.000127179 0.706256 0.707952
-0.00712747 -0.0111472 0.695625 0.718283
0.00413403 -0.0145239 0.676593 0.736202
-0.00237886 -0.00258709 0.673359 0.739307
0.000185671 -0.00506548 0.673473 0.739195
0.0227586 0.00904534 0.669529 0.742382
0.0177646 0.0185246 0.665652 0.745821
0.00886947 0.00780033 0.676345 0.73649
0.0116659 -0.00167576 0.681257 0.731949
-0.00192754 0.00260038 0.687955 0.725746
-0.00789915 -0.00716002 0.692131 0.721693
0.00403276 -0.00655889 0.681019 0.732226
-0.000926997 0.011039 0.690135 0.723595
-0.0111048 -0.00456478 0.683301 0.730038
0.00672982 -0.0117899 0.688637 0.724979
0.00204469 -0.000136678 0.688515 0.725219
0.00128979 -0.00146984 0.68906 0.724702
0.0095483 -0.00112313 0.686738 0.726842
0.00258306 0.00871681 0.697337 0.716686
-0.00343894 -0.00257728 0.704175 0.710014
0.00788084 -0.00591283 0.698003 0.716027
0.00475438 0.00503388 0.703781 0.710383
-0.000695062 0.00284453 0.702037 0.712135
0.00307904 -0.00464941 0.699602 0.714511
-0.0024952 0.00752879 0.700452 0.713656
-0.00231265 -0.00205058 0.703392 0.710795
-0.00849021 0.00147427 0.703769 0.710376
-0.00863371 0.00599669 0.703738 0.710382
0.00625957 0.00430772 0.704779 0.709386
0.00421141 0.00526389 0.703819 0.710347
0.00794942 0.0113062 0.707747 0.706331
0.00406033 0.0134751 0.696238 0.717673
-0.00226579 0.00630648 0.561208 0.827648
0.00638364 0.00226732 0.517761 0.855499
0.0164223 0.015398 0.515005 0.856891
0.0178442 0.020953 0.523254 0.851732
0.0187909 0.0215373 0.549131 0.835247
0.0145079 0.00514548 0.556672 0.83059
0.000915938 0.00062913 0.55512 0.831769
0.00148809 -0.000315743 0.543085 0.839676
0.0108818 0.00219656 0.514913 0.85717
0.00524059 0.00161444 0.468232 0.883588
-0.00345901 -3.39124e-05 0.348782 0.937197
0.0005352 0.000683827 0.283754 0.958897
0.0141029 0.00223059 0.234166 0.972092
0.0152312 0.00702059 0.186554 0.982301
0.0146364 -0.000432013 0.143737 0.989508
0.00797775 0.0023657 0.103169 0.994629
0.00187418 0.00393451 0.0787274 0.996887
0.000338597 0.00638346 0.0774248 0.996978
0.00990122 0.00759688 0.0874306 0.996092
0.00849072 0.0103921 0.10218 0.994675
-0.00189 0.00673317 0.103072 0.994649
0.00113449 0.00450104 0.107678 0.994175
0.00402696 0.00638548 0.112015 0.993678
0.0101186 0.00682274 0.141608 0.989848
0.0147701 0.0101564 0.223462 0.974548
0.0131185 0.00644087 0.348346 0.937252
0.00258797 -0.00268957 0.495869 0.868389
0.00555847 -0.00489407 0.628239 0.777986
0.00550951 -0.0110436 0.671163 0.741207
0.00493539 -0.00383941 0.532268 0.846553
0.000231009 -0.0055316 0.383113 0.923685
-0.000608 -0.0133018 0.212519 0.977066
0.0123548 -0.00732493 0.169443 0.985435
0.0140937 0.00363762 0.158046 0.987325
0.00178536 -0.00218967 0.162423 0.986717
0.00470235 0.000158806 0.161306 0.986893
0.00119123 -0.000144832 0.125102 0.992143
0.00101028 6.01191e-05 0.032081 0.999485
0.00177378 -0.00224728 -0.0391563 0.999229
-0.000373383 -0.000551763 -0.0663447 0.997797
-0.00114388 -0.00196127 -0.103476 0.994629
-0.00722948 0.00752351 -0.254729 0.966956
-0.00171916 -0.00290222 -0.394674 0.918815
0.00162856 -0.00615158 -0.40864 0.912673
-0.00178141 -0.00596942 -0.415089 0.90976
-0.005936 0.00282371 -0.573984 0.81884
-0.0116299 -0.00153949 -0.684299 0.729107
0.00203699 -0.00654251 -0.680565 0.732655
0.00937172 -0.00473775 -0.627558 0.778499
0.0116371 -0.00680502 -0.56995 0.821569
-0.000412328 0.00477626 -0.552681 0.833379
-0.0131376 0.0151629 -0.572704 0.819516
-0.0105857 0.0110091 -0.57239 0.819839
0.00110434 0.00223144 -0.562697 0.826659
0.00194186 0.000737082 -0.540389 0.841413
-0.00890949 0.00900368 -0.574432 0.818454
-0.0173529 0.0135184 -0.643876 0.764814
-0.0138858 0.00598714 -0.76827 0.639947
-0.0096333 -0.00367635 -0.855613 0.517513
0.00196571 0.0033268 0.90368 -0.428191
-0.000370806 -0.00327312 0.965622 -0.259928
-0.00550065 -0.000447015 0.995601 -0.0935369
0.00719135 0.00146148 0.99828 -0.0581724
0.0222972 -0.00390105 0.998158 -0.0562877
0.0199716 -0.00337632 0.999533 -0.0228654
0.0265886 -0.00596873 0.998327 -0.0509988
0.0240451 -0.000469415 0.999432 0.0236248
0.0255 0.000557064 0.992792 0.117106
0.032206 -0.000248217 0.976011 0.215324
0.0237931 0.00251107 0.924299 0.380919
0.0148059 -0.011931 0.912503 0.408627
0.00993383 -0.0152885 0.912623 0.408396
0.00166629 -0.0119021 0.914488 0.404433
0.000989993 -0.00731961 0.912408 0.409214
-0.00401599 -0.0123165 0.912428 0.409032
-0.000289777 -0.0135264 0.912277 0.409349
0.0130896 -0.0101641 0.910394 0.413411
0.00975124 -0.00686003 0.908471 0.417777
0.00337232 -0.00960747 0.908133 0.418559
-0.00818679 -0.0123462 0.88041 0.473982
0.0016505 -0.0201024 0.805541 0.592197
0.0150088 -0.00675667 0.770242 0.637539
0.0104985 -0.00843529 0.696686 0.71725
0.00191889 -0.011818 0.558092 0.829692
0.006977 -0.00636403 0.414402 0.910045
0.00973959 0.000366691 0.283047 0.959057
0.00887313 0.0074958 0.119197 0.992803
0.00760059 0.00451172 0.0217132 0.999725
0.00627041 0.00422098 -0.0336837 0.999404
0.00666087 0.00348253 -0.110957 0.993797
0.00342787 0.00558099 -0.166029 0.986099
-0.00479887 0.00822876 -0.278499 0.960389
-0.014802 0.00194489 -0.414672 0.909848
-0.00645827 0.000324082 -0.467946 0.883733
-0.00362071 0.00725653 -0.48613 0.873849
0.00100977 0.00455735 -0.483539 0.87531
0.0015823 0.00982369 -0.46258 0.886522
0.00230305 -0.00050197 -0.43632 0.899788
0.000119478 -0.0036883 -0.423824 0.905737
-0.0106443 3.65347e-05 -0.394876 0.918673
-0.0154819 0.00578989 -0.385458 0.922577
-0.0147743 0.000654241 -0.388706 0.921243
-0.00334756 0.0166725 -0.385899 0.922384
-0.00871885 0.017781 -0.381265 0.924254
-0.00855224 0.0244813 -0.381222 0.92412
-0.00680406 0.0233322 -0.382332 0.923705
-0.00582295 0.0248838 -0.382151 0.923746
-0.00414468 0.0180556 -0.382423 0.923801
0.00911723 -0.00810724 -0.380905 0.924534
0.00497048 -0.00760119 -0.393298 0.919366
0.000506088 -0.0100449 -0.388187 0.921526
0.00224452 -0.0179592 -0.389818 0.920714
-0.00519019 -0.0159078 -0.386594 0.922098
-0.00565015 -0.0186465 -0.38631 0.922163
-0.010947 -0.0183214 -0.315508 0.948683
-0.00822878 -0.0254055 -0.211552 0.977002
-0.0103742 -0.0253174 -0.0425093 0.998721
0.00354141 -0.0192267 0.126511 0.991773
0.000843499 -0.0213787 0.30318 0.952693
-0.00101885 -0.0207134 0.465271 0.884926
0.000508119 -0.0170255 0.624158 0.781113
0.028536 0.0031265 0.733028 0.679592
0.0230794 -0.00256229 0.777165 0.628868
0.0147006 -0.0252488 0.736289 0.676036
-0.00609411 -0.0350724 0.631734 0.774368
-0.00218372 -0.00849263 0.512939 0.85838
0.01017 0.00523832 0.368187 0.929682
0.0114267 0.0115279 0.187597 0.982112
0.00517854 0.00421994 0.0253087 0.999657
-0.00805141 -0.00331674 -0.153978 0.988036
-0.00805052 -0.00023855 -0.282076 0.959358
0.00363504 -0.00697645 -0.21427 0.976743
0.00453477 -0.00735727 -0.154663 0.987929
-0.00229251 -0.00277594 -0.146324 0.98923
-0.0054751 0.00529996 -0.184592 0.982786
-0.0109301 0.0109445 -0.236041 0.97162
-0.00583291 0.0131923 -0.281018 0.959594
-0.0072728 0.0140742 -0.32496 0.945595
-0.00995135 0.00170653 -0.363605 0.931499
-0.00664664 -0.00552011 -0.372203 0.928111
0.00729769 0.00964116 -0.371658 0.928291
-0.00318625 0.0206462 -0.362978 0.931563
-0.00396417 0.0299918 -0.347538 0.937178
-0.00364637 0.00848492 -0.333065 0.942858
-0.00417851 0.00272263 -0.298609 0.954363
-0.00212798 0.00106292 -0.180386 0.983593
-0.0105874 -0.00803567 -0.190286 0.981639
-0.0167666 0.00348741 -0.22107 0.975108
-0.0136626 0.00840361 -0.326483 0.945067
-0.00474765 0.0182701 -0.488389 0.872422
0.00712991 -0.000646364 -0.620908 0.783851
0.014546 -0.00831648 -0.742653 0.669467
0.0151196 -0.011187 -0.853786 0.520285
-0.00191665 0.00259382 0.932476 -0.361217
-3.63713e-05 0.00128203 0.982001 -0.188873
0.00392143 0.00183088 0.999989 -0.00153449
0.0129314 -0.00142662 0.985596 0.168614
0.0145753 -0.00722022 0.982461 0.185757
0.00113597 -0.00867739 0.965155 0.261531
0.011024 -0.00412644 0.963336 0.268041
0.00944594 -0.00716397 0.963352 0.267978
0.0118037 -0.00508957 0.963625 0.26695
0.0101845 -0.00888491 0.96276 0.270018
0.0195062 -0.0161784 0.938911 0.343224
0.0160912 -0.0196082 0.916083 0.400185
0.0222023 -0.010086 0.914391 0.404098
0.00428167 -0.00788847 0.91422 0.40512
-0.00270856 -0.0129811 0.910855 0.412514
0.00893796 -0.0198095 0.896996 0.441503
0.0034135 -0.0156869 0.854938 0.518481
-0.00284538 -0.0105604 0.792008 0.610413
0.0155259 0.0027138 0.786157 0.617826
0.0173274 0.00873494 0.71528 0.698568
-0.00125457 0.00332285 0.591768 0.806101
0.00734444 -0.00493659 0.435407 0.90019
0.00731414 0.004867 0.282241 0.959303
0.00379258 0.00134943 0.128736 0.991671
0.00389213 -0.00221677 0.100311 0.994946
0.027984 0.00492361 0.233958 0.971831
0.0115689 0.00504475 0.245817 0.969234
-0.000186337 2.92698e-05 0.177722 0.984081
0.00158342 -0.00421807 0.134126 0.990954
0.00585676 -0.000900127 0.0881783 0.996087
0.00290642 0.00441794 0.0413003 0.999133
-0.00108928 -0.000269358 0.0238314 0.999715
0.00270881 0.000614134 0.0419941 0.999114
0.0150564 0.00774659 0.040739 0.999026
0.00654991 0.0118062 0.00617123 0.99989
-0.00335033 0.0100497 -0.0420456 0.99906
-0.00211161 0.0079583 -0.153183 0.988164
-0.00716126 0.00831492 -0.307195 0.951583
-0.00876208 0.00680891 -0.454846 0.890501
-0.00419758 0.00209589 -0.505095 0.863051
-0.00369941 0.000297168 -0.581903 0.813249
-0.0120421 0.00672183 -0.635039 0.772357
-0.0128783 0.00852878 -0.68575 0.727673
-0.00332351 -0.00705284 -0.696967 0.717061
0.00648003 -0.0127899 -0.699008 0.714971
0.00725414 -0.00237663 -0.69962 0.714474
0.003443 0.0116658 -0.691921 0.721871
0.00260574 0.0107432 -0.682364 0.730929
0.00326353 0.0132269 -0.659429 0.751643
0.0110357 0.00485267 -0.578011 0.81594
0.00354514 -0.00434064 -0.474441 0.88027
-0.0129248 0.000548403 -0.439277 0.898259
-0.0195873 -0.00324871 -0.436554 0.899459
-0.0165795 0.00490331 -0.436138 0.899714
-0.0126798 0.0118118 -0.431118 0.902129
-0.00663093 0.0112998 -0.39766 0.917439
-0.00228793 -0.00265821 -0.253425 0.967349
-0.00951931 0.00221841 -0.205003 0.978713
-0.000894868 0.0247317 -0.349896 0.936462
0.00366493 0.015081 -0.508843 0.860719
0.00825468 -0.000719413 -0.63841 0.769652
0.00765923 -0.00781416 -0.771375 0.636287
-0.0012551 -0.0126607 -0.864464 0.502534
0.0208055 0.00429899 0.932039 -0.361735
0.0177391 0.0030584 0.983268 -0.181275
0.0319515 0.00142541 0.999317 -0.0184986
0.0214509 -0.00795055 0.987914 0.153308
0.0160123 -0.00830968 0.946369 0.322584
0.00491168 -0.00568748 0.879194 0.476405
0.010173 -0.00192382 0.876754 0.480828
0.0022485 -0.00469984 0.898312 0.439328
0.00566824 -0.00204461 0.897876 0.440207
0.000426599 -0.0126086 0.855302 0.517976
-0.00442265 -0.0086035 0.837774 0.545931
0.00284718 -0.00363949 0.834108 0.551582
0.0100277 -0.0137967 0.782572 0.622327
0.00693373 -0.0208763 0.70798 0.70589
0.0129959 -0.0154713 0.591099 0.806346
0.0210327 -0.00279334 0.464796 0.885164
0.00689811 0.0104614 0.319195 0.947606
0.00488807 0.00638326 0.141032 0.989972
0.00296671 0.00184774 -0.0482528 0.998829
-0.00720085 -0.00468082 -0.225202 0.974274
-0.00804382 0.000984706 -0.36212 0.932096
-0.00915119 -0.000405636 -0.44204 0.896949
0.0145723 -0.00601689 -0.346291 0.937995
0.00483598 0.00907092 -0.347834 0.9375
-0.0121383 0.0145077 -0.419418 0.907596
-0.0093038 0.00870038 -0.447293 0.894297
0.00366491 0.0086257 -0.399304 0.916771
-0.00482549 0.0116686 -0.380423 0.924726
-0.00810007 0.00996727 -0.365645 0.930666
-0.0123088 0.0124657 -0.367633 0.929806
-0.0159366 -0.00180379 -0.410849 0.911562
-0.0126429 -0.0265329 -0.431941 0.901423
-0.00253957 0.0016092 -0.439759 0.898111
-0.0105981 0.00906165 -0.440279 0.897753
-0.0105523 0.00584757 -0.437297 0.899236
-0.00823593 0.00816957 -0.43376 0.900954
-0.00650524 0.00255309 -0.411201 0.911518
-0.00277808 0.000274675 -0.36073 0.932666
0.000388982 -0.00446953 -0.215657 0.976459
-0.00869881 0.00550429 -0.0608015 0.998097
-0.00250609 0.00674978 0.1103 0.993872
-0.00529488 0.00261728 0.294329 0.955686
-0.00126486 0.00427429 0.465457 0.885059
-0.00288125 -0.00445902 0.60771 0.794141
-0.00369883 -0.0033263 0.619967 0.784612
0.0040675 -0.000730007 0.622661 0.782481
0.00512795 0.00521178 0.704753 0.709415
0.00311323 0.00457335 0.707856 0.706335
-0.00560382 -0.00791981 0.702652 0.711467
-0.00378644 -0.0120514 0.638424 0.769581
0.00613516 0.00336177 0.618201 0.785989
0.0152212 -0.00120311 0.622669 0.782336
0.0245632 -0.00261805 0.658489 0.752185
0.0194734 -0.00617602 0.66579 0.74586
0.0116688 -0.0137451 0.657835 0.752946
-0.00208154 -0.0128638 0.647109 0.762286
0.0033494 4.35648e-05 0.62224 0.782819
0.00545793 0.00724278 0.586862 0.809636
-0.00290821 0.00174819 0.454681 0.890648
0.00803036 0.00126339 0.292579 0.956207
0.0106154 0.00282249 0.214745 0.976608
0.0115618 0.0100149 0.118948 0.992783
0.00685623 -0.000559252 0.0697918 0.997538
0.0106816 0.00549353 0.0663571 0.997724
0.00821848 0.00303662 0.0624564 0.998009
0.00337363 0.00617733 0.0652148 0.997846
0.00385137 0.0118531 0.0499207 0.998675
0.00291681 0.00869815 -0.104854 0.994445
-0.00200611 0.00727291 -0.289936 0.957016
-0.00723912 0.00485026 -0.454904 0.890498
-0.006537 -0.0062963 -0.609458 0.792766
-0.00978499 -0.000421244 -0.730194 0.68317
-0.00883224 -0.00212694 -0.75858 0.651517
0.00102232 -0.0102725 -0.752861 0.658099
1.0414e-05 -0.0194249 -0.731561 0.681499
0.00288913 -0.0122417 -0.707857 0.706243
-0.00113227 0.000775571 -0.696479 0.717576
-0.010449 0.00030644 -0.696266 0.717708
-0.00834462 0.00342744 -0.695635 0.718338
-0.00205471 -0.00314557 -0.69128 0.722578
-0.00129653 -0.00241678 -0.688813 0.724934
-0.00410311 0.00594964 -0.692057 0.721806
-0.00421225 0.00559082 -0.697497 0.716553
-0.000254548 0.0131003 -0.695042 0.71885
0.00332597 0.0163062 -0.710528 0.703472
0.00091076 0.00894587 -0.730549 0.682801
0.000871496 0.00373995 -0.731856 0.681448
0.00337038 0.00409106 -0.732693 0.680539
0.00281585 0.00434904 -0.732943 0.68027
0.00229467 0.00769534 -0.737128 0.675706
-0.00336547 0.00959016 -0.74414 0.667946
-0.000634895 0.00755544 -0.742592 0.669701
-0.000504194 -0.000446526 -0.740786 0.671741
0.00330875 0.00296709 -0.745639 0.666336
-0.00662831 0.00720051 -0.744754 0.667267
-0.0153931 0.0212311 -0.739177 0.673001
-0.0080847 0.0103739 -0.738763 0.673837
0.00242919 0.00209943 -0.745353 0.666662
-0.0034178 0.00771089 -0.740968 0.671487
-0.006319 0.00396381 -0.743636 0.668543
-0.00330164 0.00929182 -0.743973 0.668137
-0.0105535 0.0126605 -0.741522 0.670726
-0.00789864 0.0125067 -0.744808 0.667115
-0.00592142 0.00225803 -0.844834 0.534991
0.0104732 0.000628934 0.926236 -0.376797
0.0162875 0.00192594 0.979257 -0.201959
0.0179951 6.46326e-05 0.999161 -0.0368005
0.0215438 -0.00033672 0.988244 0.151358
0.0253038 0.00132497 0.945915 0.323424
0.0226238 0.00603625 0.868595 0.494969
0.0219551 0.00684845 0.759891 0.649643
0.00323547 -0.0223677 0.657551 0.753071
0.0107195 -0.016764 0.656994 0.753634
0.0199739 -0.00230572 0.654285 0.755981
0.0173769 0.00789593 0.653834 0.756397
0.0128125 -0.0022688 0.657116 0.753677
0.00846166 -0.00973589 0.658178 0.752752
0.00125863 -0.0122851 0.657827 0.753068
-0.00154566 -0.00741484 0.658829 0.752255
0.00906736 0.000285449 0.656758 0.754047
0.0177313 -0.00273157 0.672385 0.739984
0.00793419 0.00603221 0.673135 0.739452
0.0152323 0.00810197 0.68187 0.73127
0.012567 -0.00850581 0.696938 0.716971
0.00179537 -0.00427414 0.706847 0.707352
0.0158132 0.00334302 0.719148 0.694669
0.00689859 -0.00059095 0.722989 0.690825
0.00620662 -0.0102388 0.717836 0.696109
-0.00121097 -0.0104635 0.714399 0.69966
-0.0132496 -0.0166614 0.696336 0.7174
-9.41498e-05 -0.019028 0.664813 0.746767
-0.00432643 -0.00145191 0.639611 0.768685
-0.004188 -0.00461969 0.613827 0.789416
0.00810391 -0.00625613 0.585747 0.810429
0.00429928 -0.00726759 0.582163 0.813028
0.0105048 0.00148008 0.581549 0.813442
0.0160635 0.0233191 0.5852 0.810394
0.013273 0.0197528 0.616184 0.787242
-0.000578906 0.022163 0.63762 0.770032
0.00807962 0.00491617 0.649623 0.760198
-0.00481869 -0.012443 0.657734 0.753132
-0.00697507 -0.0024349 0.672356 0.740191
0.00953885 0.00493488 0.663693 0.747928
0.0161431 0.0101944 0.682621 0.730524
0.0144327 0.0169543 0.706611 0.707252
0.0107697 0.0109669 0.74948 0.661849
0.00636502 0.00251905 0.823467 0.567322
-0.00108174 -0.0116947 0.904004 0.427362
-0.0153082 -0.0181541 0.962255 0.271112
-0.0101992 -0.0232747 0.993402 0.111838
0.0045741 -0.0228033 0.998441 -0.0507475
0.0187996 -0.0202313 0.977547 -0.208899
0.0288547 -0.00486953 0.933863 -0.356431
0.0207483 0.000121364 0.919523 -0.392488
0.0213822 -0.00691226 0.919259 -0.393011
0.0110232 -0.00688121 0.923542 -0.383276
0.0196875 -0.0121062 0.969938 -0.242251
0.0175846 -0.00864696 0.979206 -0.201922
0.00944866 -0.00543125 0.991245 -0.131583
0.00717612 -0.0130302 0.998974 -0.0427709
0.00860323 -0.000785008 0.999434 0.0325
0.00852062 0.000530113 0.999305 0.036298
0.00947524 -0.00682488 0.99871 0.0494219
0.0138774 -0.00685324 0.993219 0.11522
0.00913654 -0.00823614 0.969824 0.243495
0.0148102 -0.000882519 0.970339 0.241294
0.0128289 -0.00210158 0.981962 0.18863
0.014397 0.00187784 0.993035 0.116925
0.0079647 -0.00564952 0.99558 0.0934073
0.00925525 -0.00533165 0.996392 0.0841966
0.00727756 -0.00477078 0.995663 0.0926282
0.0139107 -0.00478159 0.995799 0.0903725
0.00976022 -0.00491817 0.996125 0.087272
0.00988579 -0.0109084 0.996656 0.080372
0.00908227 -0.00827379 0.996467 0.083082
0.00972871 -0.0106601 0.997318 0.0717568
0.00459115 -0.0148235 0.997793 0.0645624
0.00549132 -0.00102607 0.998168 0.0602528
0.00911458 -0.00685839 0.998736 0.0489448
0.010793 -0.0169091 0.998418 0.0525267
0.0107281 -0.0133651 0.998699 0.0480273
0.00844661 -0.0157042 0.99889 0.0435934
0.00151715 -0.00249866 0.998819 0.0484916
0.00492221 -0.00550482 0.99892 0.0458643
-0.00246791 -0.011386 0.99875 0.0485976
-0.000843749 -0.00474589 0.998496 0.054604
0.00525143 -0.00884473 0.99887 0.0463969
0.00334587 -0.011579 0.998903 0.0452554
0.00863061 0.000194182 0.998848 0.0472134
0.0069552 -0.00728789 0.999017 0.0431664
0.00958959 -0.00653435 0.99916 0.0393065
0.00374128 -0.00160892 0.999766 0.0212495
0.00104099 -0.0112507 0.999859 0.0124368
0.00829651 -0.0079247 0.999775 0.0178396
-0.00134927 -0.00192936 0.999861 0.0164922
-2.01567e-05 -0.0116167 0.999858 0.0122198
0.0106056 -0.0105603 0.999715 0.0186097
0.00538769 -0.00688298 0.999835 0.0159447
-0.00110436 -0.0112205 0.999899 0.00870866
0.00717893 -0.0051373 0.999844 0.015289
0.000503241 0.000189809 0.999819 0.0190045
0.00142714 -0.011634 0.999828 0.0143578
0.00909157 -0.0081248 0.99975 0.0187574
0.00047588 -0.00152886 0.999864 0.016436
-0.00044894 -0.00982897 0.999888 0.0113212
0.00746547 -0.00227544 0.999828 0.0168398
0.00273854 -0.00044994 0.999782 0.0206859
0.00081477 -0.0110665 0.999838 0.0141958
0.0086492 -0.00882716 0.999738 0.0192694
-0.00190717 -0.00147141 0.999778 0.0209187
-0.00157892 -0.0110689 0.999739 0.0199404
0.00605596 -0.00647022 0.999588 0.027317
-0.000365896 -0.00170163 0.999679 0.0252818
0.00221334 -0.0127258 0.999653 0.0229613
0.0107375 -0.00877895 0.999634 0.0232335
0.00259889 -0.00104726 0.999703 0.0242142
0.00123066 -0.00826011 0.999751 0.0206691
0.00415222 -0.00474344 0.999614 0.0270476
-0.00222183 -0.00106111 0.999619 0.0274875
-0.0012741 -0.0113552 0.999723 0.0205786
0.0113344 -0.00641763 0.999584 0.0257183
0.00301503 0.00200391 0.999696 0.0243806
0.00333571 -0.00761918 0.999703 0.0229216
0.00591839 -0.00620342 0.999583 0.0275821
0.00099759 0.000324946 0.999638 0.0268805
0.00144472 -0.0117178 0.999691 0.0218736
0.0100104 -0.00467457 0.999636 0.0246303
0.00219857 0.000661386 0.999652 0.0262911
0.000658069 -0.0111234 0.999692 0.0221886
0.00903871 -0.0107436 0.999743 0.0177891
0.00716848 -0.00891821 0.999929 -0.0033963
0.0119342 -0.0067098 0.999716 -0.0195189
0.000673804 0.00120908 0.998959 -0.0456047
-0.000918842 -0.00706092 0.998223 -0.0591567
-0.00300374 -0.00196908 0.998338 -0.057524
0.00738587 -0.0085507 0.998502 -0.0535291
0.00277756 -0.0169716 0.999153 -0.0373871
0.00286319 -0.00475456 0.999924 -0.0110416
0.00837171 -0.00465893 0.99995 -0.00288396
0.00874433 -0.00152525 0.999847 0.0150445
0.00116779 -0.00359006 0.999289 0.0375079
-0.00272659 -0.0105616 0.999161 0.0394818
-0.00395905 -0.0110489 0.997803 0.0652088
0.00494165 -0.00667379 0.99541 0.0953372
-0.00129047 0.000253215 0.994457 0.10514
0.00148942 -0.0075676 0.991603 0.129093
0.00118334 -0.0102601 0.984474 0.175224
0.00364271 -0.00568187 0.969152 0.246372
0.0127826 -0.00263478 0.96452 0.263687
0.0109804 -0.00391972 0.964029 0.265543
0.00364245 -0.00792113 0.963451 0.267744
0.00294785 -0.0112126 0.961539 0.274425
0.00935431 -0.00782256 0.956688 0.290858
0.0103673 -0.0073904 0.949572 0.313291
0.00756747 -0.00330547 0.943514 0.33123
0.00817312 -0.000300059 0.937093 0.348983
0.00854746 -0.00424887 0.925572 0.378452
0.000312309 -0.00371996 0.904763 0.425899
-0.00247778 -0.00980623 0.879554 0.475692
-0.000773276 -0.00687608 0.849415 0.527681
0.00501492 -0.012019 0.755143 0.65543
0.00785242 -0.00683176 0.679226 0.733856
0.0173495 0.00302467 0.662978 0.748432
0.0269597 0.00869399 0.660551 0.750246
0.0304581 0.0127997 0.66133 0.749368
0.0228747 0.00769008 0.680483 0.732367
0.0156911 0.00512213 0.700549 0.713413
0.00919052 -0.00685742 0.702945 0.711152
0.00610282 -0.00819536 0.703556 0.710566
0.001993 -0.00781036 0.704554 0.709604
-0.00168292 -0.00918885 0.705075 0.709071
0.00801497 0.00469108 0.703161 0.71097
0.010083 -0.0033836 0.70276 0.711348
-0.00105254 -0.00134408 0.692522 0.721395
-0.00488697 -0.00419103 0.66754 0.744546
-0.00330436 -0.000625244 0.665905 0.746029
-0.00459026 0.00537266 0.664562 0.7472
-0.00363481 0.00902541 0.665252 0.746555
-0.0034294 -0.00622837 0.618924 0.785418
-0.0171106 -0.00709694 0.557895 0.829705
-0.00546918 -0.00204642 0.544375 0.838822
0.00413379 0.00967028 0.54057 0.841234
0.00209365 0.0178284 0.54071 0.841018
0.0067234 0.0128455 0.542719 0.839789
0.004689 0.0128233 0.544054 0.838939
-0.00149581 0.00942182 0.54302 0.839666
-0.00843122 0.0050062 0.51935 0.854505
-0.00951072 -0.00586687 0.470578 0.882288
-0.00969534 -0.00453472 0.428157 0.903641
-0.00271738 0.00650997 0.420849 0.907103
0.00925007 0.0193073 0.420581 0.907002
0.00485992 0.0119687 0.419651 0.907594
0.0127003 0.00425557 0.420881 0.907017
0.013876 0.00561848 0.419244 0.90775
0.0156539 0.0127471 0.421771 0.906477
0.0195494 0.00797295 0.42342 0.905688
0.0218388 0.0121378 0.421286 0.906584
0.0159342 0.0199419 0.463597 0.885678
0.0242686 0.0215719 0.526431 0.849597
0.0349506 0.0249241 0.601985 0.797353
0.0332163 0.0392671 0.713194 0.699077
0.0136916 0.0142994 0.743539 0.6684
-0.00290785 -0.00839273 0.742445 0.669848
-0.0178802 -0.00973923 0.723778 0.689732
-0.0119385 -0.00616195 0.719169 0.694705
-0.00342286 0.000537214 0.717019 0.697045
-0.00441912 0.00172358 0.687898 0.725792
-0.0130115 -0.0142898 0.629792 0.776524
-0.0264521 -0.00392235 0.573729 0.818609
-0.0131032 0.0021626 0.575372 0.817784
0.00638382 0.00483417 0.604188 0.796802
0.0162078 0.0051414 0.645412 0.763645
0.00771721 0.00285451 0.651635 0.758488
-0.0049509 0.0133218 0.653548 0.756752
-0.00544271 0.00656311 0.651594 0.75852
0.000951504 0.00572441 0.651766 0.758398
-0.00127375 0.00307927 0.649845 0.760059
-0.000188629 0.0148492 0.622133 0.782771
-0.000401985 0.0147013 0.580401 0.814198
0.00406683 0.0177113 0.555188 0.831526
0.00357566 0.014931 0.535342 0.844496
0.0138878 0.0166733 0.513809 0.85763
0.0134664 0.0168415 0.500414 0.865518
0.0134517 0.0287837 0.49976 0.865581
0.00350844 0.0100467 0.499218 0.866411
0.012332 0.00449568 0.495101 0.868737
-0.00645097 0.00200237 0.49571 0.868462
-0.0066014 -0.00267763 0.493148 0.869916
-0.01077 0.00130651 0.491241 0.870956
-0.00317162 0.015347 0.494332 0.869132
0.00780595 0.0191346 0.496956 0.86753
0.00785148 0.00901042 0.498464 0.866828
-0.00299424 0.00599232 0.496882 0.867792
-0.00554395 0.000122791 0.495927 0.868347
0.00489958 -0.00569244 0.496655 0.867915
-0.00607897 -0.00161475 0.486078 0.873893
-0.00885554 -0.00609569 0.434057 0.900821
-0.0184472 -0.00350584 0.351687 0.935929
-0.0152893 0.00983194 0.277381 0.960588
-0.0190342 0.0045902 0.144989 0.989239
-0.0197503 0.00224012 -0.00935889 0.999759
-0.00120756 0.0168953 -0.010045 0.999806
0.0474424 0.014731 0.0381539 0.998036
0.010854 0.00815361 0.0419889 0.999026
-0.00611151 0.0113982 0.0422588 0.999023
-0.0123387 0.00338203 -0.0207717 0.999702
-0.00923246 0.0116053 -0.0718734 0.997304
0.00937361 0.0177473 -0.0735381 0.99709
0.0107228 0.0106336 -0.0750274 0.997067
0.015038 0.00681626 -0.0751779 0.997033
0.00142964 0.0101852 -0.0945568 0.995466
-0.0142721 0.0161119 -0.269074 0.962879
0.00298976 0.000330052 -0.412199 0.911089
0.00903134 -0.0143496 -0.567165 0.82343
0.0043958 -0.0193223 -0.708875 0.705056
-0.000241337 -0.0170398 -0.822924 0.567896
0.00141393 0.0157037 0.910689 -0.412791
0.0103109 0.0115004 0.970505 -0.240585
0.0180965 0.00339735 0.99586 -0.0890122
0.0131576 -0.0124697 0.996283 0.0842061
0.00937288 -0.0113885 0.993738 0.110759
0.00468334 0.00582961 0.999128 0.0410879
0.00343711 -0.00658567 0.999639 0.0258154
0.00688509 -0.00705718 0.999757 0.0197268
-0.000880622 -0.0148476 0.99968 0.0204672
0.00457144 -0.00557608 0.999791 0.0191449
0.00745734 -0.000239909 0.999783 0.0194662
0.00283179 -0.0142933 0.999646 0.0222503
0.00540978 -0.00566314 0.999762 0.0203508
0.00707967 -0.0115617 0.999679 0.021426
0.00575204 -0.0116512 0.999832 0.012943
0.00332144 0.000931613 0.999594 -0.0282931
-0.00543956 0.000491925 0.996341 -0.0852974
-0.00770505 0.00795834 0.982952 -0.183526
0.0142332 -0.0130583 0.998768 -0.0457185
0.0306938 -0.0124763 0.97673 -0.211899
0.0199541 0.00432127 0.926062 -0.376819
-0.000918818 -0.0197933 -0.859357 0.510992
-0.00384686 0.00468233 -0.853325 0.521344
-0.0187014 0.0248377 -0.859351 0.51044
-0.00313475 0.0201053 -0.86193 0.506619
-0.00606945 0.0197668 -0.863558 0.503825
-0.00331848 0.0211055 -0.864927 0.501442
0.00283912 0.0135133 -0.86585 0.500112
0.00367219 0.00541571 -0.863523 0.504266
0.00793699 0.0110094 -0.852613 0.522367
0.00427454 0.0140209 -0.847179 0.531105
-0.00518478 0.00911966 -0.846739 0.531906
0.0014431 0.0156137 -0.844692 0.535023
-0.0036798 0.0148345 -0.846211 0.532629
-0.00234468 0.0113396 -0.829131 0.558934
0.00486187 0.00886632 -0.82795 0.560711
-0.00125393 0.00605951 -0.826307 0.563186
-0.001494 0.00735936 -0.825355 0.564564
0.00427044 0.0105409 -0.825723 0.563961
-0.00257987 0.00925858 -0.825416 0.564443
-0.00668034 0.00861021 -0.812045 0.583493
-0.00246476 0.00335807 -0.722983 0.690853
-0.0013106 0.0139904 -0.639047 0.769039
0.00182003 0.0152154 -0.498808 0.866577
-0.0019615 0.0174197 -0.333223 0.942685
-0.00425404 0.0054036 -0.182678 0.983149
-0.0122504 0.00452773 -0.139088 0.990194
-0.0137698 0.00151108 -0.13105 0.991279
-0.00890392 -0.00108031 -0.131105 0.991328
-0.00607764 0.00848359 -0.134292 0.990887
0.00256771 0.00866112 -0.137115 0.990514
0.00553788 0.00767893 -0.132461 0.991143
0.00471651 0.0110216 -0.133516 0.990974
0.0106508 0.00740312 -0.0822304 0.996529
0.00890041 0.00845978 -0.0433423 0.998985
0.0124468 0.0116092 0.0191972 0.999671
0.00804796 0.00735719 0.183704 0.982921
0.0098864 0.00023614 0.283575 0.958899
0.0221954 0.018222 0.426464 0.904049
0.0257202 0.0180276 0.579007 0.814717
0.0156126 0.0194434 0.663233 0.747998
-0.0186637 0.00176673 0.669111 0.742926
-0.0230931 -0.0107392 0.621706 0.782837
-0.0329547 -0.00659249 0.488274 0.872043
-0.0252437 -0.00299074 0.329086 0.943958
-0.0189289 -0.00316025 0.160416 0.986863
-0.00480395 -0.00354695 -0.0217792 0.999745
0.00806733 -0.00501536 -0.200269 0.979695
0.00411644 -0.00992128 -0.370707 0.928688
-0.00277354 -0.0127416 -0.534294 0.845198
-0.0175798 -0.0111006 -0.67615 0.73647
-0.0301733 0.00068836 -0.786436 0.616933
-0.0188668 0.00335303 -0.814407 0.579978
0.000620726 -0.000440209 -0.813748 0.581218
-0.00163672 -0.00458677 -0.787536 0.616249
-0.000937848 -0.00143377 -0.780189 0.625541
0.000106947 0.000614882 -0.732065 0.681234
0.010338 0.00671186 -0.696337 0.71761
-0.00474241 0.0179236 -0.693609 0.720113
-0.010424 0.0151186 -0.706728 0.707247
-0.00841621 0.0119501 -0.713581 0.700421
0.00283099 0.0134213 -0.723599 0.690084
0.00286811 0.00991821 -0.734785 0.678221
-0.00308583 0.00113194 -0.747181 0.664612
-0.000599634 0.0152208 -0.758079 0.651985
-0.00377637 0.025119 -0.769642 0.63797
-0.00870669 0.0229209 -0.785809 0.617983
-0.0115079 0.0196606 -0.819503 0.572622
0.0064279 -0.0311709 0.909455 -0.414583
-0.00432059 -0.0263252 0.968207 -0.248724
-0.0155451 -0.0168161 0.995088 -0.096304
-0.00719018 -0.0047834 0.996269 0.0858639
-0.00190242 0.00328306 0.965576 0.260094
0.00406509 0.00975611 0.904594 0.426144
0.00896243 0.00194791 0.810384 0.585828
0.00458127 -0.00393607 0.694551 0.719419
0.00340391 -0.0100308 0.556641 0.830686
0.00338842 -0.0246003 0.405454 0.913778
-0.00131255 -0.0167222 0.408936 0.912409
0.0129358 -0.00211403 0.459635 0.888011
0.0112527 0.0133236 0.532576 0.846203
0.0223917 0.0115704 0.550618 0.834377
0.0107022 0.0126751 0.572944 0.819427
-0.00711898 0.00625075 0.573552 0.819115
-0.012643 -0.000307965 0.572737 0.819642
-0.00335834 -0.000914007 0.568729 0.822517
-0.0091335 0.000293284 0.56231 0.826876
-0.00692789 0.00427511 0.514352 0.85754
-0.0176454 0.00306458 0.366351 0.930304
-0.0115908 8.19868e-05 0.191645 0.981396
-0.00698311 -0.00308678 0.0177773 0.999813
0.00380928 -0.00347392 -0.0734655 0.997284
0.0200217 0.00401027 -0.0771239 0.996812
0.0109424 0.00595596 -0.078792 0.996813
0.00572338 0.0022979 -0.0690047 0.997597
0.00457915 0.00698976 -0.0530606 0.998556
0.004378 0.0155035 -0.0497696 0.998631
-0.00785608 0.0158344 -0.134206 0.990796
-0.0152347 0.0107401 -0.320193 0.947169
-0.0138371 0.016129 -0.471343 0.881694
-0.0126596 0.0285054 -0.616268 0.786919
-0.00970931 0.0151957 -0.706994 0.70699
0.00632551 -0.00325249 -0.709993 0.704172
0.00381117 -0.0112667 -0.710196 0.703904
-0.000758467 -0.00582535 -0.711922 0.702234
0.00707943 0.00694505 -0.712169 0.701938
0.00112262 0.00833289 -0.713084 0.701028
0.0093378 0.00847795 -0.712054 0.702012
0.00656457 0.00743416 -0.710914 0.703209
0.00638209 0.00981465 -0.709379 0.70473
0.00655933 0.00685031 -0.684348 0.729094
0.00497602 -0.00881513 -0.625331 0.780294
-0.0067216 0.00750389 -0.622844 0.782282
-0.0056078 0.0160558 -0.626892 0.77892
-0.0159987 0.0159809 -0.666801 0.744892
-0.0134596 0.0189025 -0.688148 0.725199
-0.00328714 0.0167838 -0.734366 0.678538
-0.0036394 0.0137321 -0.755869 0.654569
-0.00422637 0.0170441 -0.76867 0.639404
0.00955005 0.0134136 -0.769071 0.638952
0.00473063 0.00813054 -0.769634 0.638416
-0.00333861 0.00558576 -0.768255 0.640111
-0.00142077 0.010089 -0.769028 0.639134
0.00468022 0.0167859 -0.770157 0.637617
0.00561215 0.0193167 -0.770352 0.637302
0.0061757 0.00411081 -0.757535 0.652752
-0.00626362 -0.00915175 -0.742462 0.669796
0.00909594 0.00388678 -0.710455 0.703673
0.00925986 0.00668217 -0.669616 0.742619
0.00871133 0.00190473 -0.622185 0.782819
0.000939382 0.0100389 -0.56305 0.826361
0.0133646 0.00436861 -0.475502 0.879602
0.0151905 -0.00134895 -0.293351 0.955883
0.0126378 0.0119939 -0.17647 0.984152
-0.0183914 0.0211667 -0.118616 0.992544
-0.00703977 0.0147406 -0.0535088 0.998434
0.0122383 0.0180377 0.0459166 0.998707
0.000392428 0.0132818 0.0705335 0.997421
-0.0157711 0.0112984 0.0700499 0.997355
-0.0263574 0.0136513 0.0234828 0.999283
-0.0338847 0.0118168 -0.0494156 0.998133
-0.000469271 0.0133869 -0.054957 0.998399
-0.00333256 0.00584196 -0.0568901 0.998358
0.00491827 0.00915202 -0.2363 0.971625
0.00306453 0.00261667 -0.404778 0.914406
0.0099686 -0.00414777 -0.561098 0.827679
0.0138688 -0.0083705 -0.699718 0.714236
0.0106191 -0.00995165 -0.817949 0.575107
-0.00745098 0.00791696 0.906507 -0.422052
0.000103929 0.00687029 0.967073 -0.254405
0.0111848 0.000232302 0.997022 -0.0763023
0.0123496 -0.00961393 0.999424 -0.0301025
0.00164265 -0.00389124 0.99957 -0.0290224
0.00552554 -0.00534079 0.999545 -0.0291626
0.00987143 -0.00458602 0.999542 -0.0282461
0.0111925 -0.00250738 0.99927 -0.0364482
0.0045793 0.00619742 0.996006 -0.0889484
-0.00164759 0.00403173 0.992309 -0.123711
0.00405824 -0.0133709 0.991747 -0.12745
0.0100632 -0.0201885 0.997922 -0.0603591
0.0132989 -0.0300622 0.999336 0.0157195
0.0058488 -0.0137252 0.999852 -0.00858746
0.000494025 0.0108191 0.997547 -0.0691519
0.00359727 -0.0109781 0.994426 -0.1048
0.00277853 -0.0181862 0.998603 -0.0495354
0.00124912 -0.0258879 0.999618 0.00960477
0.00421563 -0.0191027 0.998988 0.0404942
0.0024371 -0.00555113 0.999982 -0.000234473
0.000565265 -0.0041275 0.999991 -0.000452812
0.000517567 -0.0128134 0.999917 -0.00107412
0.000588991 -0.0138207 0.999904 -0.000154993
-0.000659664 -0.0120622 0.999651 0.0234745
0.00445572 -0.0172654 0.997443 0.0692074
0.00263961 -0.0150649 0.994926 0.0994444
-0.00531064 -0.00575242 0.994578 0.103697
-0.000454839 0.0046671 0.999146 0.041055
0.00220425 0.0149832 0.997068 -0.0750045
-0.00666622 0.0145459 0.98094 -0.193652
-0.00617337 0.0133098 0.94721 -0.320277
-0.00752279 0.00374427 0.905803 -0.423616
0.00147278 -0.0319371 0.89715 -0.440567
0.00367112 -0.0343202 0.873136 -0.486252
-0.00649953 0.0242189 -0.839369 0.542984
-0.00341087 0.0228298 -0.835292 0.549322
-0.00563147 0.0158409 -0.809743 0.586544
-0.00477525 0.0196184 -0.808374 0.588322
-0.00588051 0.0299386 -0.807624 0.588908
-0.00438314 0.0206697 -0.809627 0.586564
-0.00794288 0.0187831 -0.810309 0.585648
-0.00192858 0.0181088 -0.809733 0.586516
-0.00150703 0.0140476 -0.79559 0.60567
0.00531087 0.000990038 -0.720775 0.693148
0.012428 -0.0175993 -0.610381 0.791815
-0.00724116 -0.00360496 -0.597291 0.801984
0.00433996 0.0116911 -0.499855 0.866019
0.0161634 0.0123528 -0.411771 0.91106
0.0175335 -0.000175349 -0.308709 0.950995
0.00970605 0.00400438 -0.214217 0.97673
-0.0155722 0.0187078 -0.207301 0.977974
-0.0271475 0.02047 -0.205885 0.977985
-0.0131011 0.0134908 -0.164226 0.986243
-0.00851516 0.0105862 -0.147001 0.989043
-0.0128806 0.00772672 -0.144865 0.989337
-0.00850299 0.0131506 -0.14444 0.98939
-0.00994447 0.0213388 -0.146245 0.988968
-0.00836734 0.0108256 -0.112501 0.993557
0.00326274 0.00473673 -0.100157 0.994955
0.00998851 0.013879 -0.00688391 0.99983
-0.00057195 0.0096474 -0.00216545 0.999951
-0.0116723 0.00626965 0.00118655 0.999912
-0.0161249 0.0126179 -0.000127126 0.99979
-0.0147073 0.0107274 -0.00449914 0.999824
-0.00852503 0.00880432 -0.00689952 0.999901
-0.00248185 0.016467 -0.00584944 0.999844
-0.00391126 0.00814602 -0.00507409 0.999946
-0.00804679 0.00687953 -0.00667989 0.999922
-0.00781993 0.00289781 -0.00366111 0.999959
-0.00092918 -0.010766 -0.00569246 0.999925
0.00526833 -0.00534274 -0.00391781 0.999964
-0.005498 -0.00212281 -0.0122301 0.999908
-0.00700348 -0.00144529 -0.0347533 0.99937
-0.00756913 0.00163841 -0.0529902 0.998565
-0.00967753 0.00758795 -0.0746095 0.997137
-0.00220771 -0.0011623 -0.0979897 0.995184
0.00609854 0.00696361 -0.104484 0.994484
-0.0058486 0.00688352 -0.09484 0.995452
-0.00311038 0.00049859 -0.0961097 0.995366
0.00260129 0.0088523 -0.0866519 0.996196
-0.00661217 0.00987734 -0.0760476 0.997033
0.00181621 -0.000485118 -0.0716055 0.997431
0.00109452 -0.000646668 -0.0612383 0.998122
-0.00745395 0.00825997 -0.0470353 0.998831
0.00211375 0.00801351 -0.0369729 0.999282
-0.00198234 0.00284041 -0.0287517 0.999581
-0.00845383 0.0101369 -0.0284079 0.999509
0.00349344 0.0110427 -0.0335859 0.999369
-0.00176453 0.00349539 -0.0285833 0.999584
-0.0114388 0.00402106 -0.0380584 0.999202
-0.00476879 0.0030815 -0.0406872 0.999156
-0.00809925 0.00747734 -0.0472222 0.998824
-0.00194591 0.00206821 -0.0716568 0.997425
0.0059071 0.0105596 -0.080827 0.996655
-0.00533275 0.00917127 -0.0777435 0.996917
-0.0024013 0.000872222 -0.0826689 0.996574
0.00369468 0.0109464 -0.0798921 0.996737
-0.00506139 0.0115615 -0.0733796 0.997224
0.000844754 0.00330711 -0.0807856 0.996726
0.00381153 0.00854377 -0.0831247 0.996495
-0.00613108 0.0129879 -0.0757146 0.997026
-0.0032353 0.00670427 -0.0798576 0.996778
0.00673588 0.0148307 -0.072642 0.997225
0.00323116 0.00740189 -0.0530434 0.99856
0.000105352 0.011811 -0.0172359 0.999782
-0.00506455 0.00233809 0.0285033 0.999578
-0.00113641 0.00238464 0.0965031 0.995329
0.00946849 0.00660165 0.246143 0.969165
0.00361882 0.00335717 0.371012 0.928615
-0.00200453 -0.00339089 0.450889 0.892571
0.00701598 -0.00679576 0.503636 0.863861
0.00389461 -0.0106472 0.584021 0.811659
0.00348758 -0.012577 0.595762 0.803055
-0.00464266 -0.0167194 0.559977 0.828327
-0.00111241 -0.00762596 0.517547 0.85562
0.00882522 0.00467042 0.501145 0.865306
0.00968636 0.0053483 0.503785 0.863758
0.00635493 0.000799696 0.509202 0.860623
-0.00107211 0.00313166 0.510464 0.859893
-0.0034496 -0.00120365 0.507605 0.861582
0.00934928 -0.00377774 0.504613 0.863287
0.0117823 0.00942861 0.502699 0.86433
0.0195036 0.0146492 0.503682 0.863545
0.0135137 0.0148608 0.503327 0.863862
0.00801178 0.00229998 0.508418 0.86107
-0.00112291 0.00188495 0.511351 0.859369
0.00221792 0.0128135 0.507495 0.861557
-0.00107586 0.0071822 0.50663 0.862133
-0.00945989 -0.000630435 0.506367 0.862266
-0.017206 -0.005822 0.427428 0.903867
-0.0131776 -0.00215704 0.397519 0.917497
0.00414974 0.00885624 0.392577 0.919667
0.00120574 0.0119119 0.390958 0.920331
0.00668873 0.00208499 0.390734 0.920477
0.00536356 0.0136051 0.394832 0.918637
0.00213878 0.0128307 0.389873 0.920777
-0.00876543 0.0103888 0.351946 0.935922
-0.00443684 0.0164193 0.36074 0.932511
-0.000902496 0.0105928 0.407337 0.913216
0.00998634 0.0131138 0.461197 0.887144
0.012155 0.0275311 0.521592 0.852664
0.010267 0.0217118 0.581663 0.813075
0.00865197 0.0121557 0.657848 0.753003
0.0126424 0.0169117 0.745157 0.666555
0.00983205 0.0128306 0.814339 0.580165
0.00286951 0.00927863 0.858288 0.513076
-0.01131 0.00265635 0.872209 0.488995
-0.000853756 -0.00839933 0.900676 0.434409
0.0207584 -0.0055331 0.955057 0.295641
0.00951049 0.00849934 0.987104 0.159573
6.24257e-06 0.000225172 0.994115 0.10833
0.000599436 -0.0151227 0.996246 0.0852314
-0.00122453 -0.0234876 0.996577 0.0792493
0.00535852 -0.0251184 0.996846 0.0750903
0.00238736 -0.0188851 0.99717 0.0727271
-0.00883286 -0.0133734 0.997034 0.0752704
-0.00417195 -0.00901378 0.996952 0.0773867
0.00103323 -0.0111673 0.996877 0.0781719
-0.00127411 -0.00545661 0.9969 0.078475
-0.000161357 -0.00328248 0.996986 0.0775076
-0.00463515 -0.00661669 0.997063 0.0761636
-0.00831009 -0.00874414 0.997034 0.0760048
0.00234341 -0.00282117 0.99684 0.0793511
0.00179688 -0.00723256 0.996789 0.07972
-0.0024771 -0.00279419 0.997439 0.0714194
-0.00173279 0.00671737 0.999888 0.0132345
-0.000844159 -0.00431387 0.999842 -0.017244
0.000794896 -0.0201809 0.999733 0.0112416
0.000621873 -0.026763 0.997339 0.0678116
-0.00406484 -0.00708447 0.997773 0.0662065
0.00556479 0.00101255 0.998492 0.0546128
0.00428775 0.00929793 0.999586 0.0268949
-0.00748048 0.00715397 0.998388 -0.0558083
-0.0101374 -0.000142266 0.973406 -0.228863
0.00328243 -0.0170193 0.918706 -0.394563
-0.01681 0.027119 -0.846706 0.531103
-0.0236776 0.026361 -0.739388 0.672347
-0.0287987 0.0292031 -0.613331 0.78876
-0.0162562 0.0155386 -0.490552 0.871121
-0.01813 0.00962565 -0.329153 0.944054
-0.0137642 0.00186216 -0.163648 0.986421
0.00985418 -0.0140142 -0.00395647 0.999845
0.00765186 0.00175927 0.00627896 0.999949
-0.00593742 0.00765313 0.00728829 0.999927
-0.0147015 0.00610992 -0.0160694 0.999744
-0.0234223 0.00416721 -0.0694712 0.9973
-0.0177424 0.00765012 -0.0892043 0.995826
-0.00327062 0.0183347 -0.0810706 0.996534
0.0208017 0.00343448 -0.0402469 0.998967
0.0115427 0.00597172 -0.0408045 0.999083
-0.00265117 0.0139061 -0.0363373 0.999239
-0.0129353 0.0100206 -0.0871203 0.996063
-0.00962165 0.0103124 -0.0896894 0.99587
0.0151698 0.00651893 -0.0310582 0.999381
0.0116058 0.00155601 -0.0221059 0.999687
-0.00290353 0.0104406 -0.0185244 0.99977
-0.00608478 0.0161264 -0.0289924 0.999431
-0.0191626 0.00588052 -0.0623427 0.997853
-0.000250564 0.00764099 -0.0645578 0.997885
-0.0027494 0.0139697 -0.0835058 0.996406
-0.00436639 0.0125719 -0.0999329 0.994905
0.00700303 0.0116893 -0.0769815 0.996939
0.0228046 0.0149385 -0.0661514 0.997437
0.00118433 0.0119368 -0.104536 0.994449
-0.0272433 0.0172816 -0.261449 0.964678
-0.0287023 0.0338066 -0.40611 0.912748
-0.0133353 0.0268586 -0.511609 0.858695
0.0219491 -0.0185836 -0.502806 0.863921
0.0212511 -0.0101357 -0.507621 0.861259
0.0036466 0.00841051 -0.556888 0.830537
-0.0177882 0.015717 -0.636201 0.771158
-0.0163459 0.0173669 -0.728467 0.684665
-0.016742 0.0212299 -0.817448 0.575367
0.0219859 -0.0229352 0.892763 -0.449406
0.0177428 -0.0233575 0.947054 -0.31973
0.00881421 -0.0213383 0.980763 -0.193831
0.00479425 -0.00812855 0.991315 -0.131172
-0.0017355 0.0299125 0.984025 -0.175492
-0.000196385 0.0189756 0.984419 -0.17481
0.00478374 0.00631911 0.987706 -0.15612
-0.000265799 -0.0204916 0.998614 -0.0484844
0.00217442 -0.0327546 0.998339 0.0473555
0.00343561 -0.00264955 0.998773 0.0493369
0.00335059 0.0168496 0.998493 0.0521247
-0.000222633 0.0138404 0.999749 0.0176353
-0.000394646 0.0182998 0.999318 -0.0320643
0.00495142 0.00347161 0.999045 -0.0432642
0.00214154 -0.0205681 0.998774 0.0449718
0.00580234 -0.0170831 0.998611 0.0494985
0.000423501 0.010047 0.999672 0.023554
-0.00146113 0.0063806 0.999978 0.00086863
-0.000126132 -0.0112952 0.999936 0.000907605
0.000363378 -0.0121912 0.999925 0.00109177
-0.00532581 -0.00465379 0.999975 -0.00044827
-0.00339039 -0.00397553 0.999985 -0.00187892
0.000692461 -0.00997594 0.999948 -0.00215193
-0.00250421 -0.00516757 0.999982 -0.00155336
0.000757206 -0.00964756 0.999953 -0.000588358
-0.00105941 -0.00985225 0.99995 0.00147514
-0.00516746 -0.00520035 0.999973 -0.000840635
0.00136012 -0.0105125 0.99993 0.0051929
-0.00668527 -0.0125851 0.999712 0.0192968
-0.00325107 -0.0117915 0.999613 0.0249818
-0.00397445 -0.00605929 0.999801 0.0185712
-0.00697057 -0.00153224 0.999974 -0.000736837
0.000417791 -0.0020841 0.999913 -0.0130293
-0.000616414 -0.00620081 0.99987 -0.0148937
-0.00501663 -0.0159344 0.999681 0.018953
-0.000845799 -0.0314908 0.995324 0.0913112
0.000433905 -0.00831078 0.998715 0.0499857
-0.00382102 0.0088638 0.999924 -0.00771731
0.000235159 -0.00299071 0.999911 -0.0129674
-0.000950332 -0.00811079 0.99984 -0.0159384
-0.00743521 -0.013024 0.999774 -0.0150612
0.00188163 -0.0133501 0.999807 -0.0142737
0.0114978 -0.00303529 0.999834 -0.0138324
0.0166154 -0.00934567 0.999705 -0.0150424
-0.00529361 -0.00798125 0.999842 -0.0149545
-0.0133929 -0.00804736 0.999764 -0.015093
-0.00590786 -0.0132608 0.999808 -0.0131941
-0.0109645 -0.00601128 0.999812 -0.0147863
-0.00564215 -0.00501515 0.999844 -0.0159404
-0.00609103 -0.00735247 0.999817 -0.0165545
-0.00392015 -0.016999 0.999721 -0.0159537
0.00140933 -0.00960006 0.999877 -0.0123463
-0.00324252 -0.00876934 0.999862 -0.0137444
-0.00119781 -0.00937812 0.999853 -0.0142816
0.00267106 -0.00610835 0.999857 -0.0155566
0.00264816 -0.0131632 0.999823 -0.0131942
0.00627684 -0.01186 0.999842 -0.0116489
0.00457152 -0.00704315 0.999908 -0.01068
-0.0018058 -0.00334231 0.999914 -0.01252
0.00653114 -0.00870274 0.999849 -0.0135474
0.00519534 -0.0003251 0.999875 -0.0149248
5.98416e-05 -0.00638184 0.999936 0.00935467
-0.00611767 -0.0303788 0.985563 0.16645
-0.00147738 -0.0288404 0.939752 0.340636
0.0154799 -0.0105517 0.87838 0.477596
0.0248578 0.00212842 0.779899 0.625408
0.0282071 0.00757046 0.655936 0.754251
0.0239551 0.00417811 0.506383 0.861966
0.0153905 7.24754e-05 0.345038 0.938463
-0.00134148 -0.00453782 0.196946 0.980403
-0.0157641 -0.00391123 0.0216642 0.999633
-0.0286468 0.00277348 -0.0491038 0.998379
-0.0165228 0.00975384 -0.0610727 0.997949
0.00570814 0.0201819 -0.0627744 0.997807
0.00454456 0.00779601 -0.0597572 0.998172
0.00548182 0.013732 -0.0295448 0.999454
-0.00125384 0.0120351 -0.0296588 0.999487
-0.00139865 0.0130901 -0.0303365 0.999453
0.00243003 0.0125315 -0.0291051 0.999495
0.00748748 0.00505545 -0.0271041 0.999592
0.00983613 0.00705061 -0.0270571 0.999561
0.00128288 0.0139124 -0.0278122 0.999516
-0.0030568 0.0115401 -0.0288201 0.999513
0.00154373 0.00336416 -0.0285983 0.999584
-0.00629968 0.00153735 -0.0285606 0.999571
-0.000279636 -0.00131958 -0.0263416 0.999652
0.000969074 0.00253658 -0.0256504 0.999667
-0.00536014 0.00922671 -0.0274788 0.999565
-0.0085712 0.00385466 -0.0277174 0.999572
0.00424113 0.0217833 -0.0272318 0.999383
0.00815009 0.0236712 0.0345492 0.999089
0.00188597 0.007376 0.0374974 0.999268
-0.00646839 0.0074785 0.0403845 0.999135
-0.0130156 0.00993204 0.0410746 0.999022
-0.00842613 0.00436547 0.0363475 0.999294
-0.00211602 0.00547308 0.0342088 0.999397
0.000522684 0.0106913 0.0340054 0.999364
-0.00915564 0.00821636 0.0157418 0.9998
0.00211014 0.00711255 0.00325112 0.999967
0.00322442 0.00974857 -0.000805499 0.999947
-0.00413721 0.00706703 -0.000702105 0.999966
-0.00317069 0.00925614 -0.0013683 0.999951
0.00111306 0.0103652 -0.00110447 0.999945
-0.00903129 0.00114145 1.27064e-05 0.999959
-0.000888044 0.00292016 -0.00647808 0.999974
-0.00761278 0.010886 -0.037377 0.999213
-0.0125044 0.0148075 -0.0669175 0.99757
-0.00671655 0.0068417 -0.0866944 0.996189
0.00385345 0.0100859 -0.0984766 0.995081
0.00279893 0.00714396 -0.0982566 0.995132
0.00361398 0.0112138 -0.0983786 0.995079
-0.000594393 0.0139175 -0.0982945 0.99506
-0.00916445 0.00770753 -0.121703 0.992494
-0.0354961 0.0114177 -0.282088 0.958664
-0.0465201 0.0138055 -0.442505 0.895452
-0.0354996 0.0145669 -0.585611 0.809683
-0.00427827 0.0115065 -0.683524 0.729825
0.0026749 0.00885031 -0.744493 0.667567
0.00818533 0.012673 -0.796207 0.604837
0.00852634 3.90996e-05 0.889926 -0.456024
0.0107577 0.00492874 0.960874 -0.276732
0.00818725 0.00600522 0.996258 -0.085826
0.0124634 0.00236239 0.995798 0.0906915
0.0524981 0.000282776 0.996761 0.0609192
0.236144 -0.0179858 0.969313 0.0659158
0.335376 -0.0405564 0.938882 0.0661769
0.303564 -0.0260026 0.950791 0.0563026
0.302965 -0.0385385 0.950575 0.0559895
0.323668 -0.00270032 0.944767 0.0514497
0.314875 -0.00796645 0.947604 0.0532557
0.29856 -0.0162098 0.953373 0.0409677
0.318037 -0.00420625 0.947045 0.0440578
0.324035 -0.0301671 0.943609 0.0607746
0.208088 -0.023108 0.976155 0.0573306
0.0629972 0.00274465 0.995065 0.0766066
-0.00733581 -0.00480623 0.999077 -0.0420525
0.00503776 -0.00956982 0.972525 -0.232548
0.00848409 -0.0159341 0.908253 -0.418032
-0.00811448 0.0177051 -0.809037 0.587435
-0.0141832 0.00712463 -0.718441 0.695407
0.0206237 0.0322825 -0.627664 0.777541
0.00464204 0.0170253 -0.618164 0.785851
-0.0125752 0.011431 -0.617254 0.78658
-0.00256104 0.0234107 -0.651177 0.75856
-0.0146762 0.0233671 -0.691596 0.721757
-0.00910906 0.00196437 -0.695141 0.718813
-0.00777892 0.00368175 -0.694986 0.718972
0.000896159 0.0209888 -0.702795 0.711083
0.0141179 0.00582556 -0.70741 0.706639
0.00271656 0.0083118 -0.813305 0.581772
0.000229753 0.00346798 0.899575 -0.436753
-0.000638201 0.0101961 0.965058 -0.261837
0.00407714 0.0160563 0.995796 -0.0900842
0.00957933 0.0169932 0.995654 0.0910664
0.0121485 0.0117005 0.966614 0.255682
0.0147671 0.00818995 0.908535 0.417467
0.0233429 0.00212958 0.819003 0.57331
0.0236138 -0.0149016 0.714797 0.698774
0.000426824 -0.00547896 0.636428 0.771317
0.00879687 -0.00191426 0.636248 0.771432
-0.000421741 0.00164095 0.641344 0.767252
0.000499244 0.0173092 0.670687 0.741538
0.0045892 0.0117332 0.728221 0.685226
0.0119901 0.00354675 0.808914 0.587794
0.0152101 0.00744016 0.883262 0.468574
0.00935166 0.0112845 0.948529 0.31635
0.00610334 0.0186709 0.987762 0.154728
0.00575088 -0.0270888 0.991913 0.123862
0.0103487 -0.02186 0.992622 0.118812
0.0025748 -0.0202722 0.99355 0.11154
0.000260964 -0.00707433 0.998522 0.0538832
0.00635106 -0.00451856 0.998629 0.0517556
0.01418 -0.0119395 0.999766 0.0111197
-0.00701478 0.00566424 0.99447 -0.104633
-0.00813698 -0.00326485 0.975479 -0.219918
-0.000688115 -0.00305458 0.930248 -0.366919
0.00362715 0.00967235 -0.865878 0.500149
0.00351769 -0.00275434 -0.775896 0.630845
0.00297346 -0.000262222 -0.714671 0.699454
-0.0323142 0.0231605 -0.719495 0.693359
-0.0163531 0.0365307 -0.757494 0.651615
-0.0147931 0.0194388 -0.761703 0.647465
-0.000964434 0.017414 -0.757462 0.652647
-8.87638e-05 0.0155659 -0.730644 0.682582
-0.000457496 0.0173497 -0.664572 0.747022
0.00317809 0.0181674 -0.51778 0.855315
-0.0106598 0.0119108 -0.36036 0.932676
-0.0278124 0.012182 -0.187816 0.981735
-0.0308159 0.00666235 -0.00274287 0.999499
-0.0234952 -0.00434209 0.173709 0.984507
-0.0135356 -0.00801618 0.343959 0.938853
-0.00726012 -0.00950557 0.509297 0.860508
0.00686531 -0.00990711 0.652385 0.757792
0.00867685 -0.00353388 0.694656 0.719281
0.00743106 0.00123323 0.696865 0.717163
3.5986e-05 -0.00228601 0.692699 0.721223
-0.00368056 -0.0043177 0.659108 0.752027
-0.00294024 0.00849101 0.657237 0.753631
-0.00485599 0.00604597 0.658005 0.752974
0.00332628 -0.00130191 0.661396 0.750029
0.00900213 0.00757869 0.723172 0.690568
0.0105372 0.00148322 0.833221 0.552838
0.0141803 -0.00293843 0.91513 0.402898
0.0132571 -0.0229968 0.966593 0.254938
0.0132824 -0.0283429 0.996545 0.0769303
0.0245965 -0.0405964 0.995893 -0.0771009
0.0282173 -0.0221338 0.98918 -0.142257
0.0337523 -0.0133375 0.988939 -0.143813
0.046007 -0.015223 0.993 -0.107714
0.0485978 -0.00224538 0.998723 0.0135906
0.0373762 -0.0198359 0.998629 0.0308159
0.0360789 -0.0218062 0.99861 0.0316331
0.0416438 -0.024046 0.996621 0.0665907
0.0264237 -0.0256716 0.993951 -0.103459
0.00542819 -0.0231357 0.965424 -0.259598
-0.00724695 -0.023734 0.908059 -0.418105
0.02454 0.00172176 0.887884 -0.459409
0.0238617 0.00804601 0.954111 -0.298392
0.0260055 -0.00364019 0.989423 -0.142665
0.0240571 0.0194261 0.99945 0.0119477
0.0299263 0.0126525 0.9992 0.0233339
0.181065 -0.0112869 0.983035 0.0270143
0.327771 0.000487209 0.944463 0.0235478
0.315202 -0.0203095 0.947581 0.0482166
0.309408 -0.0155127 0.950499 0.0240306
0.339745 -0.0145288 0.940156 0.0216358
0.305989 -0.00789801 0.951804 0.0194237
0.314155 -0.00714349 0.949102 0.0214713
0.245886 -0.0335629 0.968695 -0.00659694
0.214877 -0.0407762 0.970184 0.104441
0.322829 -0.0326536 0.933227 0.154279
0.252279 -0.0754588 0.958967 0.105085
0.196107 -0.0102324 0.980004 0.0320838
0.129356 0.00873714 0.989659 0.0613666
0.0580557 -0.0336359 0.997732 -0.00536286
0.0105009 -0.00887829 0.999715 0.0195314
0.0230028 -0.0168423 0.99927 -0.0254116
0.0332141 -0.0166171 0.978776 -0.201539
0.024137 -0.00955182 0.927625 -0.372609
-0.0223165 0.0101637 -0.841529 0.539656
-0.0175382 0.0057266 -0.736258 0.676449
-0.00908062 0.00285152 -0.635953 0.771669
-0.00878151 0.00279793 -0.618594 0.785657
-0.00991204 0.00831818 -0.615985 0.787652
-0.0168221 0.0161846 -0.636153 0.771209
-0.0131709 0.0126293 -0.704962 0.70901
-0.0148132 0.01232 -0.764915 0.643843
-0.0069338 0.00661662 -0.781122 0.624305
-0.00811105 0.0067331 -0.786909 0.616978
-0.0136152 0.0122276 -0.78329 0.621388
-0.00744012 0.00738036 -0.782905 0.622054
-0.0101544 0.00845206 -0.786722 0.617166
-0.0139409 0.00603675 -0.787233 0.616469
-0.0199222 0.00405303 -0.844296 0.535491
0.0330586 -0.0166964 0.899807 -0.434713
-0.00866341 0.000483902 -0.815473 0.57873
-0.0087878 0.000453372 -0.689097 0.724616
-0.0109878 0.00624178 -0.576866 0.816741
-0.0141017 0.0139762 -0.556436 0.830653
-0.0189111 0.0194452 -0.554037 0.83205
-0.016539 0.0167301 -0.541823 0.840163
-0.00571302 0.00677952 -0.456375 0.889743
0.000449678 0.00590317 -0.290746 0.956782
-0.0167097 0.00208074 -0.20861 0.977854
-0.0146047 -0.00537188 -0.20753 0.978105
-0.0115172 0.00573387 -0.199552 0.979803
-0.0209992 0.00833299 -0.201714 0.979184
-0.0200576 0.00260234 -0.205734 0.978399
-0.0125767 0.0153955 -0.208977 0.977718
-0.0117684 0.0136773 -0.207397 0.97809
-0.00829003 0.0151331 -0.209947 0.97756
-0.00914956 0.0160354 -0.224389 0.974325
-0.0213878 0.0308275 -0.342161 0.938892
-0.0169613 0.0245792 -0.506257 0.861866
-0.0110865 0.0172424 -0.642887 0.765686
-0.014705 0.00427994 -0.689633 0.723997
-0.0015869 -0.00537179 -0.692838 0.721071
-0.00200573 -0.00236228 -0.692478 0.721432
-0.015485 0.00872299 -0.691088 0.722552
-0.011687 0.0220438 -0.699665 0.714035
-0.00598195 0.0218566 -0.718108 0.695562
-0.00536359 0.0105712 -0.736972 0.67582
-0.000456172 0.00590036 -0.744484 0.667614
-0.00754027 0.00723236 -0.73843 0.674249
-0.0100279 0.0126286 -0.743775 0.668236
-0.00442049 -0.00896591 -0.744834 0.667175
-0.00260919 -0.0059156 -0.745083 0.66694
-0.01505 0.00684704 -0.742057 0.670132
-0.0162349 -0.00520194 -0.745377 0.666426
-0.00456486 -0.00016533 -0.742035 0.670345
-0.0175095 0.0116439 -0.742462 0.669558
-0.0128471 0.00926856 -0.745704 0.666089
0.00121239 0.0164473 -0.738608 0.673934
-0.00969101 0.0272829 -0.739465 0.672572
-0.0109892 0.0153019 -0.741635 0.670539
2.28618e-05 0.0168962 -0.740089 0.672296
-0.00153427 0.0239718 -0.738042 0.674327
-0.00616117 0.0107285 -0.748725 0.662765
-0.00381564 0.011881 -0.741208 0.67116
-0.0175721 0.0182088 -0.739782 0.67237
-0.0144763 0.000194948 -0.743515 0.668563
-0.00926749 -0.00387744 -0.739447 0.67314
-0.00896963 0.00280501 -0.743652 0.668501
-0.0180061 0.00216221 -0.746169 0.66551
-0.0210883 0.0145519 -0.740624 0.671431
-0.0232238 0.0253885 -0.735949 0.676162
-0.020431 0.00634956 -0.741913 0.670155
-0.00576982 0.017778 -0.736664 0.676
0.0130524 0.0376407 -0.719396 0.693456
0.00492704 0.0124056 -0.707861 0.706226
-0.00501072 0.0120534 -0.686196 0.7273
-0.0225296 0.0297287 -0.638095 0.769053
-0.0253038 0.025436 -0.630734 0.775169
-0.0120382 0.0137372 -0.626792 0.778973
-0.0176886 0.0190491 -0.627718 0.778007
-0.0171691 0.0230588 -0.632339 0.774158
-0.0161775 0.0186225 -0.663211 0.748026
-0.0138236 0.0106597 -0.70245 0.711519
-0.00792069 0.0137946 -0.73318 0.679849
-0.0100459 0.0158251 -0.760341 0.649253
-0.00755252 0.0124346 -0.771274 0.636338
-0.00299966 0.0069102 -0.772701 0.634725
0.00546494 -0.000691108 -0.778995 0.627005
-0.0036183 0.00453522 -0.783857 0.620914
-0.0131049 0.0171111 -0.776223 0.63009
-0.0103327 0.0209698 -0.77342 0.633463
-0.00842067 0.00650727 -0.778757 0.627235
-0.00156645 0.0102243 -0.779147 0.626756
-0.0122283 0.0199547 -0.775909 0.630411
-0.0141575 0.00104122 -0.774646 0.632236
-0.00669043 0.00804638 -0.761567 0.648002
-0.00806188 0.0125473 -0.742657 0.669505
-0.00195137 -0.00669197 -0.734419 0.678661
-0.00466835 0.00212938 -0.729349 0.684123
-0.019058 0.0254502 -0.719142 0.694136
-0.0251916 0.016009 -0.724062 0.689089
-0.00966485 0.0239261 -0.728698 0.684349
-0.0153338 0.0292562 -0.747223 0.663752
-0.0146077 0.0148703 -0.77102 0.63647
-0.00547716 0.0211843 -0.782559 0.622191
-0.0148865 0.025147 -0.790761 0.611426
-0.0105071 0.00468439 -0.790303 0.612608
0.0100092 -0.000757137 -0.795235 0.606219
-0.000675506 0.00803037 -0.794436 0.607294
-0.00223008 -0.00154873 -0.785353 0.619042
0.00244419 0.00811493 -0.772993 0.634358
-0.00602219 0.0228295 -0.764216 0.644528
-0.0138253 0.0128166 -0.769809 0.637996
-0.00841248 0.0109386 -0.758571 0.651444
-0.00535996 0.0119393 -0.762006 0.647438
-0.0100215 0.0054418 -0.766003 0.642736
-0.00578621 0.012715 -0.764169 0.644865
-0.00966532 0.0138786 -0.760398 0.649238
-0.0319848 0.00878131 -0.761013 0.647888
0.00722068 0.0239882 -0.762023 0.647066
0.0098689 0.0365648 -0.762957 0.645339
0.010834 0.0311205 -0.759613 0.649539
-0.0084246 0.00819152 -0.692198 0.721612
-0.0152019 0.00529629 -0.663293 0.748186
-0.0288639 0.0214995 -0.747262 0.663555
-0.0302008 0.0183833 -0.775673 0.630144
-0.0164974 -0.0145861 -0.728353 0.684848
-0.0112873 -0.0171331 -0.701379 0.712493
-0.000506457 0.0134219 -0.690797 0.722924
0.0135912 0.0479363 -0.687053 0.724897
0.0104184 0.0190112 -0.696455 0.717273
-0.0152669 0.0104696 -0.728135 0.685184
-0.0109911 0.0274593 -0.781519 0.62318
-0.00947684 0.0354637 -0.816157 0.576664
-0.00209138 0.0159493 -0.820684 0.571156
0.000536476 0.0120914 -0.813392 0.581589
-0.00362688 0.00533 -0.812241 0.583287
-0.0115881 0.00858643 -0.793659 0.608191
-0.00465254 0.00281673 -0.759506 0.650477
-0.00751346 0.00383432 -0.737514 0.675279
-0.0312411 0.0115523 -0.735142 0.677095
-0.0253607 0.0108331 -0.747923 0.663213
-0.0114907 0.0236418 -0.773983 0.632661
-0.0106126 0.0196952 -0.781005 0.624124
0.00375461 0.0052985 -0.744495 0.667596
0.00931302 -0.00312029 -0.674548 0.738166
-0.00194021 0.0233984 -0.667963 0.743824
-0.0160228 0.0285595 -0.747216 0.663773
-0.0174527 0.0167942 -0.783723 0.620638
0.0182912 -0.00599099 0.883319 -0.468377
0.0310116 -0.00887119 0.951148 -0.307046
0.0298298 -0.0224355 0.987075 -0.155849
0.0140672 -0.0246596 0.995426 -0.0912181
0.0107136 -0.00623253 0.986889 -0.160924
-0.000118967 -0.000451537 0.973792 -0.227439
-0.00847379 0.0151487 0.918617 -0.394768
0.00576547 -0.00882675 -0.840257 0.542086
0.00189012 0.00581859 -0.738397 0.674338
0.0131273 -0.0125612 -0.612793 0.790034
0.0122128 -0.0062809 -0.473319 0.880784
0.0266933 -0.00436445 -0.324651 0.945447
0.0203125 0.00554906 -0.261636 0.964937
-0.0359163 0.0338081 -0.356031 0.933172
-0.0432265 0.0150827 -0.370042 0.927886
0.0120569 -0.0024403 -0.286256 0.958074
0.035985 0.00140664 -0.158408 0.986717
0.0215592 0.0097516 -0.0713331 0.997172
-0.0185903 0.019981 -0.0652264 0.997497
-0.0307397 0.0181227 -0.0400947 0.998558
0.00352153 0.00551659 0.0425113 0.999075
0.0300294 0.0152338 0.199855 0.979247
0.0442184 0.0209983 0.371641 0.927085
0.0165449 0.00583347 0.483134 0.875371
-0.0211314 -0.0080867 0.492333 0.870113
-0.0254181 -0.00581587 0.491878 0.870273
-0.00402175 0.00434265 0.559873 0.828557
-0.00846447 0.00619435 0.562263 0.826892
-0.0119074 -0.00408423 0.563765 0.82584
-0.0090839 -0.00410512 0.56736 0.823409
0.00869637 0.00976537 0.650186 0.759663
0.0101396 0.0135618 0.698946 0.714974
-0.012578 -0.00479182 0.688717 0.724906
-0.0235863 -0.0227926 0.652568 0.75702
-0.00294023 -0.00275998 0.660998 0.750377
0.000351814 0.00537012 0.667184 0.744873
-0.0121388 0.00148491 0.667037 0.744924
-0.0132031 -0.000891505 0.667081 0.744868
-0.00827606 -0.010659 0.667804 0.744215
-0.005561 -0.0132401 0.671449 0.740911
-0.000913819 -0.0129955 0.666393 0.745487
0.0112053 -0.00360924 0.666642 0.745285
-0.00203839 -0.00956901 0.667534 0.744515
0.00396995 -0.0144055 0.66035 0.750809
0.0015199 -0.00963852 0.668378 0.743757
0.00245896 -0.00652644 0.665184 0.746647
0.00203813 -0.0021021 0.662958 0.748651
-0.00921627 -0.0119528 0.665191 0.746521
-0.000973139 -0.0117328 0.659076 0.751984
-0.00437749 -0.00220181 0.668496 0.7437
-0.0204034 -0.000794695 0.661039 0.750074
0.00255661 -0.00873876 0.650893 0.759115
-0.000337589 -0.00262027 0.657378 0.753556
-0.013288 -0.0107012 0.655553 0.754956
-0.0063607 -0.00560011 0.655575 0.755083
-0.00656955 -0.012183 0.659983 0.751153
-0.00570315 -0.00520938 0.655771 0.754921
0.00118784 0.00482241 0.650457 0.759527
-0.00403744 -0.00779491 0.65859 0.752451
-0.0104895 -0.00354204 0.653512 0.756835
-0.0088549 0.0156992 0.641771 0.766685
-0.00763095 -0.0110659 0.662937 0.748555
0.00260916 -0.00605349 0.656022 0.754713
0.000197328 -0.00573574 0.655744 0.754962
-0.0131948 -0.00912829 0.658742 0.752198
0.00242262 -0.0105813 0.653378 0.756954
-0.00509863 -0.00276987 0.656173 0.754588
-0.0140586 -0.00923159 0.658938 0.752009
-0.000196544 -0.00889488 0.648035 0.761559
-0.00464207 5.53045e-05 0.658425 0.752632
-0.0157841 -0.0071823 0.663827 0.747685
-0.00268338 -0.00205358 0.671779 0.740744
-0.00167824 -0.00673994 0.681762 0.731541
-0.00736281 -0.00499873 0.679964 0.733191
-0.000323913 -0.00202506 0.68189 0.731452
-0.00903122 -0.00822566 0.695111 0.718799
-0.0159808 -0.010619 0.68957 0.723965
-0.00416038 -0.00161848 0.692894 0.721026
-0.0051855 -0.0137462 0.703285 0.710756
0.00173219 -0.00558386 0.697152 0.7169
-0.00267171 -0.004647 0.69266 0.721244
-0.0203813 -0.0126922 0.684578 0.728544
-0.00711673 -0.0179825 0.666775 0.745008
-0.012331 -0.00562667 0.657553 0.753286
-0.0130802 -0.00771167 0.643772 0.765066
0.00337709 -0.00576633 0.635282 0.772251
0.00211697 0.00683386 0.640605 0.767838
-0.011221 -0.00653055 0.635885 0.771675
-0.00574166 -0.00318554 0.638189 0.769852
-0.0139197 -0.00466456 0.64338 0.765406
0.00408836 -0.00637625 0.637986 0.77001
-0.00268008 0.000865643 0.639491 0.768793
-0.0138302 -0.00524764 0.643556 0.765256
-0.000290745 -0.00799711 0.633191 0.773954
-0.00439956 0.000295068 0.644954 0.764209
-0.0158659 0.000574687 0.638812 0.769199
0.0125261 -0.0016578 0.640744 0.76765
0.0114878 0.00109361 0.638855 0.76924
-0.00276856 0.000208648 0.637149 0.770736
0.000916292 0.000487848 0.642411 0.766359
-0.0069485 -0.00473608 0.656721 0.754087
-0.0138338 -0.00308398 0.642403 0.766236
-0.00405405 0.00315282 0.644656 0.764455
-0.00335149 -0.0125996 0.651185 0.758807
-0.00560723 -0.0111883 0.649136 0.76057
-0.00457554 -0.00780344 0.658655 0.752391
-0.0108768 -0.0060678 0.668072 0.743992
0.00322067 -0.00964872 0.664198 0.747487
-0.00514944 -0.00526923 0.666781 0.745217
-0.0171028 -0.0090414 0.669644 0.742431
-0.0019495 -0.00920091 0.662422 0.749072
-0.00822411 0.000730399 0.669431 0.742828
-0.015113 -0.00420481 0.666171 0.745634
0.0109701 -0.00221421 0.666612 0.745321
0.00804814 -0.00236582 0.665195 0.746623
-0.00467587 -0.00465696 0.663855 0.747832
-0.00391477 -0.00195069 0.663383 0.748267
-0.00935659 -0.0117134 0.671842 0.740543
-0.00349979 -0.00348805 0.657689 0.753274
0.00220859 0.00425965 0.660536 0.750779
-0.000758977 -0.00878849 0.66595 0.745944
-0.0120718 -0.0129136 0.662372 0.748966
-0.010523 -0.0149313 0.666115 0.745625
-0.021852 -0.00825972 0.666733 0.74493
-0.00207547 -0.0102528 0.65675 0.754036
-0.0051357 -0.0026881 0.661154 0.750228
-0.0123776 -0.0014423 0.667468 0.744534
0.00035046 0.00115487 0.67605 0.736855
-0.00241014 0.0082653 0.705902 0.708257
-0.00426007 0.00644868 0.761901 0.647647
-0.00719219 -0.00189615 0.822484 0.568739
-0.00872725 -0.00981982 0.870923 0.491244
-0.00264773 -0.00959687 0.872084 0.489255
-0.0112216 -0.0232154 0.890268 0.454707
-0.0189362 -0.0153307 0.956654 0.290207
0.00315763 -0.0158484 0.992408 0.121919
0.0127663 -0.0194742 0.998574 -0.0480439
0.0159469 -0.0199446 0.971174 -0.237
0.0173639 -0.0164049 0.969855 -0.242508
0.0229612 -0.00843441 0.99544 -0.0921963
0.0111504 -0.0131772 0.999807 0.00935589
0.00771056 -0.00927296 0.998535 0.0527515
0.00983742 -0.00603391 0.997922 0.0633986
0.0185732 -0.0105193 0.990598 0.135132
0.0171038 -0.00915173 0.990169 0.138525
-0.00721323 -0.00482842 0.990794 0.1351
0.025209 -0.0117219 0.985106 0.169685
0.0168333 -0.00973964 0.983864 0.17786
0.0138427 -0.0105088 0.983158 0.181927
0.0107272 -0.0166474 0.981113 0.19242
0.0191732 -0.0116195 0.979773 0.198854
0.0102395 -0.012178 0.980163 0.197551
0.00527273 -0.0166243 0.97979 0.199269
0.00432558 -0.00749536 0.982024 0.188558
-0.000747219 -0.0171432 0.986499 0.162868
0.013091 -0.00533851 0.989648 0.142821
0.00981768 -0.00581257 0.992183 0.124266
0.00126275 -0.0143538 0.994348 0.105186
0.000506766 -0.00299832 0.996608 0.0822403
0.00483524 -0.00878189 0.99864 0.0511621
0.00389579 -0.0119801 0.999556 0.026991
-0.00183624 0.00137886 0.999988 0.0044397
0.0046273 -0.00795971 0.999748 -0.020458
0.00384865 -0.020547 0.999621 -0.0179046
0.00270648 -0.0112073 0.999892 -0.00914126
0.00199189 -0.0139882 0.999883 0.00578624
0.00655604 -0.0163549 0.998807 0.0455424
0.00101798 -0.00241843 0.997238 0.0742266
0.00151939 -0.013927 0.996927 0.0770751
0.00856273 -0.00722888 0.996206 0.0863012
0.00170352 -0.00352248 0.996462 0.0839551
-0.000896493 -0.0137789 0.996945 0.0768817
0.00651985 -0.00517336 0.996911 0.0781
0.00610119 -0.00705316 0.996919 0.0778869
0.00269165 -0.0146552 0.996815 0.0783428
0.000666668 -0.00383273 0.996821 0.0795742
0.00520061 -0.00901381 0.997268 0.0731365
-0.000622806 -0.0113885 0.996872 0.0782116
-0.00440439 -0.000610627 0.99649 0.083592
0.00478953 -0.00982795 0.997031 0.0762242
0.00695159 -0.0180984 0.996639 0.0795922
0.0042723 -0.00846794 0.99691 0.0779716
0.00247496 -0.00835719 0.99748 0.0704043
0.00298044 -0.010156 0.996965 0.0771241
-0.000984188 0.000233392 0.996797 0.0799646
0.00499509 -0.00920313 0.99758 0.0687399
-0.000322797 -0.012811 0.997726 0.066174
-0.00189062 -0.00142703 0.997907 0.0646169
0.00614486 -0.00689679 0.998425 0.0553336
0.00605408 -0.00492594 0.998084 0.0613723
0.00600685 -0.00676112 0.998075 0.0613576
0.0016419 -0.0137261 0.998044 0.0609713
-0.00161146 -0.0033491 0.997892 0.0647943
0.00411841 -0.00951351 0.998209 0.0589153
8.2125e-05 -0.0130375 0.99794 0.0628149
-0.00033922 -0.00101776 0.997825 0.0659095
0.00778377 -0.00958378 0.998125 0.0599454
0.00402918 -0.0172462 0.997738 0.0648481
0.00337649 -0.010278 0.998032 0.0617689
-0.00297318 -0.0138916 0.998422 0.0543374
0.00582303 -0.00615351 0.998111 0.0608454
0.00250341 -0.00251434 0.997936 0.0641137
-0.000895922 -0.0142772 0.998132 0.059401
0.00605127 -0.00991898 0.997762 0.0658456
0.00116383 -0.00543738 0.998109 0.061216
-0.00285793 -0.0129219 0.998335 0.0561435
0.00570613 -0.00444576 0.998045 0.0620867
0.00758203 -0.00598779 0.997916 0.0637944
0.00171004 -0.0134171 0.997791 0.065042
-0.00142472 -0.00459024 0.997775 0.0665002
0.00427709 -0.00994926 0.998171 0.0594772
0.00223648 -0.0120207 0.99791 0.0634453
-0.00299917 -0.000502654 0.997633 0.0686914
0.00422337 -0.00892156 0.998013 0.0622258
0.00552202 -0.0177121 0.997584 0.0669469
0.00505999 -0.0110085 0.997945 0.062924
-0.00127809 -0.0149572 0.998342 0.0555705
0.00652372 -0.00670488 0.99806 0.0615605
0.00281597 -0.00319243 0.997924 0.0642565
-0.00203761 -0.0148678 0.998061 0.0604122
0.00667883 -0.00943938 0.997785 0.065511
0.000958422 -0.00544271 0.998069 0.0618731
-0.000781436 -0.0141051 0.998014 0.061394
0.00496784 -0.00491013 0.997359 0.0722953
0.00176507 -0.00385513 0.996593 0.0823622
-0.00334457 -0.0142481 0.996114 0.0868532
0.000641965 -0.0117124 0.994039 0.108392
-0.00262168 -0.00351157 0.991509 0.129965
-0.0037707 -0.00436748 0.988543 0.150827
0.000241422 -0.00756649 0.985079 0.171938
0.00184119 -0.0128249 0.979686 0.20012
0.00280024 -0.0114739 0.972779 0.231435
0.00605146 -0.0085396 0.963157 0.268737
-3.84228e-05 -0.00541769 0.951908 0.306337
-0.00175838 -0.0069751 0.936585 0.350365
0.00572762 -0.011387 0.882046 0.470992
0.00743876 -0.0110906 0.837311 0.546563
0.00545325 -0.000525301 0.813752 0.581186
0.0090689 -0.000914541 0.781614 0.623696
0.00720432 -0.0019359 0.751249 0.659976
0.00252804 -0.00236482 0.687338 0.72633
0.000613732 -0.00533644 0.64207 0.766627
0.0152393 0.00208461 0.631089 0.775558
0.0194833 0.0077857 0.638956 0.768957
0.0169151 0.00386888 0.650717 0.759122
0.0016019 0.000284287 0.657934 0.753074
-0.005495 -0.0101938 0.656972 0.753826
0.00718891 -0.017495 0.655513 0.754947
0.0112932 0.0030396 0.658148 0.752798
0.00905826 0.00449932 0.66022 0.751004
0.00237365 -0.00556525 0.662973 0.748619
-0.00935333 -0.008639 0.66362 0.747961
-0.00754228 -0.00644633 0.660025 0.751178
0.0038881 -0.00712968 0.657959 0.75301
0.00474399 -0.00224102 0.656029 0.754717
-0.00477358 -0.00857872 0.662404 0.749082
-0.0151611 -0.00698564 0.663867 0.747665
-0.00475771 -0.00743052 0.663301 0.748301
0.0088574 -0.00546469 0.669247 0.742967
0.00628294 0.000925548 0.682927 0.730459
-0.00264952 -0.00402122 0.705636 0.708558
-0.00372615 -0.00916079 0.722592 0.691204
-0.00291033 -0.00290762 0.734823 0.678247
-0.00761646 -0.00752566 0.749313 0.66213
-0.00397892 -0.00515778 0.76671 0.641961
-0.0027791 -0.00543513 0.793492 0.60855
-0.0045538 -0.00459335 0.817385 0.576056
-0.00634864 -0.00966299 0.845406 0.533999
-0.0135175 -0.0183597 0.866488 0.498677
-0.0158996 -0.0215 0.87062 0.491228
-0.0155505 -0.0199614 0.869091 0.494004
-0.00878552 -0.0166652 0.856506 0.515793
-0.00783217 -0.0197476 0.835936 0.548415
-0.00529882 -0.0190472 0.814373 0.580005
-0.00774144 -0.00805199 0.792317 0.610008
-0.00917586 -0.0107291 0.766106 0.642559
-0.0128258 -0.0151193 0.738889 0.673535
-0.00885503 -0.0129712 0.704939 0.709094
0.00103806 -0.00741922 0.665825 0.74607
0.00231821 -0.0113162 0.640622 0.76777
-0.00302265 0.00634466 0.638288 0.769765
-0.00763711 -0.00219121 0.623429 0.78184
-0.00803125 -0.00379827 0.609012 0.793111
-0.00939332 -0.00291186 0.585906 0.81032
0.000810829 -0.00164887 0.556664 0.830736
0.00801313 0.00677444 0.531667 0.846888
0.00446899 -0.00608486 0.520244 0.853985
0.000652283 -0.00345746 0.493701 0.869625
0.0225901 0.00590951 0.458769 0.888249
0.0176437 0.00756303 0.437477 0.899025
0.00502549 -0.00144834 0.414124 0.910205
0.00720721 -0.00412844 0.38553 0.922658
0.00751659 0.000949285 0.363889 0.931411
0.000372055 -0.00140542 0.333316 0.942814
0.0116459 0.00675247 0.294691 0.955498
0.0151394 0.013177 0.276026 0.96094
0.00150326 0.00187336 0.259578 0.965719
0.00614464 0.0109922 0.257713 0.966139
0.0115528 0.012055 0.263279 0.964575
0.000875744 0.0107566 0.273156 0.961909
0.0107719 0.0147415 0.283974 0.958658
0.0151147 0.0184947 0.31105 0.950094
0.00588276 0.0109621 0.339491 0.940527
0.0196643 0.0109243 0.363451 0.931342
0.0170959 0.00376421 0.398913 0.916822
0.0108178 0.00545953 0.424152 0.90551
0.0125029 0.00400673 0.452145 0.891848
0.00543257 0.00058215 0.485177 0.874399
-0.00491353 0.0011685 0.513546 0.858047
0.00484752 0.000585442 0.530994 0.847362
-0.00105455 0.0060246 0.56176 0.827277
-0.00916402 -0.002203 0.585388 0.810699
0.00312801 -0.00822687 0.579384 0.815007
-0.0107337 -0.0200069 0.591247 0.806171
-0.0190888 -0.00836007 0.598922 0.800536
-0.0029899 -0.00992694 0.586004 0.810242
-0.00515636 -0.00189921 0.592389 0.805634
-0.00562879 -0.000388115 0.594912 0.803771
-0.00848531 0.00385283 0.592088 0.80582
-0.00221202 0.00702158 0.587009 0.809547
-0.00546602 -0.00608024 0.598308 0.801225
0.000403276 -0.0101488 0.586366 0.809983
-0.00155977 -0.0108771 0.551841 0.833877
0.000721845 -0.00590113 0.475558 0.879664
0.0035822 -0.00512192 0.329675 0.944074
-0.00785571 -0.00616353 0.173289 0.98482
-0.00957924 -0.00615047 0.0501836 0.998675
0.00395 -0.0036663 0.011146 0.999923
0.010501 0.00480931 -0.000557429 0.999933
0.00465706 0.00386767 0.0022909 0.999979
-0.00419137 -0.00509349 -0.00219766 0.999976
-0.00805824 -3.22789e-05 -0.0120335 0.999895
0.00562164 0.00645001 -0.0310162 0.999482
0.00244482 -0.000756281 -0.0455491 0.998959
-0.00332389 0.00378016 -0.0697097 0.997555
0.00310141 0.00839281 -0.0721234 0.997356
-0.00261711 0.00226107 -0.0488338 0.998801
-0.00530803 0.00719417 -0.0390925 0.999196
0.00957951 0.00594066 -0.0258022 0.999604
-0.000797479 -0.00066891 -0.0118856 0.999929
-0.00923713 0.00911539 -0.00218939 0.999913
0.00238433 0.00957896 0.00134051 0.99995
-0.00399393 0.00537622 0.0116742 0.999909
-0.00665965 0.0115999 0.00853216 0.999874
-0.00417082 0.014174 0.010492 0.999836
-0.00741323 0.00175272 0.168712 0.985636
-0.0119725 -0.00924728 0.333835 0.94251
0.00958488 -0.0084665 0.476776 0.878932
0.0178599 -0.00468495 0.574244 0.818476
0.0138559 -0.00284835 0.614673 0.788655
-0.00584703 -0.0120066 0.624392 0.780997
-0.002925 -0.0126513 0.62734 0.778638
3.07924e-05 -0.00576968 0.626332 0.779535
-0.0066352 -0.00939262 0.624163 0.78121
-0.00282074 0.000207167 0.6227 0.782456
-0.00257543 -0.00343993 0.621018 0.783784
-0.00654163 -0.00616123 0.622871 0.782273
-0.00921325 -0.00508904 0.623876 0.781452
0.00168909 0.00174198 0.612579 0.790406
-0.00465736 -0.00252093 0.593824 0.804577
-0.0107712 -0.00766011 0.565725 0.824488
-0.00617244 -0.00297348 0.552685 0.833362
0.000270131 0.00201165 0.552673 0.833396
-0.000690946 -0.00367177 0.556857 0.8306
-0.0039416 -0.00392965 0.566782 0.823849
-0.00425354 -0.00366347 0.572937 0.81958
-0.0031777 -0.00103495 0.580094 0.814543
-0.00687135 -4.8567e-05 0.592401 0.805614
-0.00406672 -0.00290318 0.607713 0.794141
0.00170065 -0.000929 0.637249 0.770655
-0.000207709 0.000671358 0.666079 0.745881
-0.00598676 -0.00784335 0.683478 0.729904
-0.00952873 -0.0163047 0.684808 0.728478
-0.00358218 -0.0144719 0.685768 0.727668
-0.0156454 -0.0212824 0.691832 0.721575
-0.0203479 -0.0181638 0.690836 0.722497
-0.013175 -0.0133215 0.68552 0.727813
-0.00490546 -0.0109646 0.680445 0.732701
-0.00913633 -0.00699992 0.679961 0.733158
-0.0222965 -0.0133668 0.68108 0.731748
-0.0103944 -0.0115394 0.675417 0.737273
0.00482101 -0.0021138 0.670544 0.741851
-4.45715e-05 -0.00433557 0.668745 0.743479
-0.00676145 -0.00673465 0.687505 0.726117
-0.00040193 -0.00480848 0.723039 0.69079
0.0082529 0.00182066 0.790205 0.612784
-0.00700595 -0.0113658 0.819386 0.573086
-0.0109735 -0.00842022 0.886815 0.461918
0.00359985 -0.00925721 0.947327 0.320113
0.00276336 -0.0115228 0.971565 0.236478
0.00316169 -0.0125841 0.997455 0.0701028
0.00857483 -0.00634883 0.999574 0.0271775
0.0132562 -0.0148064 0.99977 -0.00804503
0.0160059 -0.0124837 0.999565 -0.0214191
0.00462171 -0.00411418 0.998613 -0.0522946
-0.00354874 -0.000132161 0.991704 -0.128496
-0.00474458 0.000318392 0.968603 -0.248569
0.000995105 -0.00226765 0.924644 -0.380824
0.00300841 -0.00155448 -0.855006 0.518607
-0.00376538 0.00367354 -0.83624 0.548338
-0.0171963 0.0228639 -0.840362 0.541269
0.0174209 -0.0180943 0.872443 -0.48807
-0.00230637 -0.00206113 -0.810222 0.586115
-0.00103644 -0.00653572 -0.767534 0.640974
-0.0185317 0.0182322 -0.766591 0.641609
-0.0251242 0.029112 -0.767985 0.639313
-0.023682 0.0265484 -0.781344 0.623086
-0.0221343 0.0197253 -0.797647 0.602396
0.0125813 -0.0218423 0.887345 -0.460416
0.0219408 -0.0166949 0.956367 -0.290865
0.0165936 -0.00257896 0.991738 -0.127173
0.00943952 0.00262381 0.999455 -0.0315189
0.00337631 0.00255033 0.999568 0.0291009
0.0073393 -0.00380941 0.997299 0.0729859
0.00755871 -0.00601524 0.992144 0.124731
0.00406215 -0.00802211 0.983481 0.180789
0.00572784 0.000193147 0.980469 0.196592
0.00327948 -0.00483067 0.986948 0.160934
0.00781603 -0.00041279 0.998314 0.0575096
0.00653776 -0.00669219 0.998159 -0.0599203
0.00544355 -0.00737215 0.985882 -0.167188
0.0158377 -0.0140552 0.949403 -0.313345
0.019987 -0.0106966 0.916147 -0.4002
-0.00957401 0.0029971 -0.865315 0.501127
-0.0040876 -0.00156864 -0.784976 0.619511
-0.0116198 0.0119225 -0.667642 0.744296
-0.0125574 0.015181 -0.622716 0.7822
-0.00959823 0.013838 -0.617456 0.786425
-0.0118376 0.0150269 -0.599461 0.800176
-0.0110838 0.00773045 -0.531738 0.846801
-0.0113726 0.00889275 -0.432772 0.901388
-0.0152719 -0.00201672 -0.413955 0.910167
-0.0100744 0.00456085 -0.445603 0.895162
-0.0161464 0.00318431 -0.571372 0.820526
-0.0173475 0.00740007 -0.69722 0.716609
-0.0178307 0.0133551 -0.792559 0.609388
-0.00582912 0.0094399 -0.850349 0.526103
-0.00738189 0.00449354 -0.791041 0.611702
-0.0176188 0.00599393 -0.772813 0.634361
-0.0212905 0.0127 -0.774306 0.632326
-0.0218129 0.0233481 -0.81547 0.577917
0.0181062 -0.0124733 0.895032 -0.445459
0.00813426 -0.0156885 0.960067 -0.279212
0.00303196 -0.0027235 0.992375 -0.123185
0.00826526 0.00119871 0.997997 0.0627078
0.0173824 0.000412314 0.97418 0.225103
0.0243708 -7.35141e-05 0.918106 0.395584
0.0184302 -0.00751548 0.829556 0.558068
0.0108918 -0.00765076 0.712255 0.701795
0.0115973 -0.00348184 0.576605 0.816934
0.00844976 -0.00805873 0.506204 0.862335
0.00890046 -0.00493501 0.554157 0.83235
0.0159657 0.000315866 0.621401 0.78333
0.00502616 -0.00430413 0.659824 0.751391
-0.00671248 -0.0152958 0.667616 0.744319
-0.00253767 -0.0152871 0.669022 0.743081
-0.00311367 -0.00632039 0.680684 0.732543
-0.00463364 -0.00324551 0.803243 0.595624
-0.00329954 -0.0110243 0.890597 0.454648
-0.00131979 -0.0126414 0.901177 0.433265
0.000762299 -0.0119722 0.897424 0.441005
0.00187696 -0.0125929 0.822745 0.568267
-0.00628567 -0.0169089 0.772688 0.63453
-0.00114075 -0.0130174 0.751544 0.659553
0.00338048 -0.0103032 0.748318 0.663251
-0.00186282 -0.00992757 0.746437 0.665379
-0.00577796 -0.0154772 0.744737 0.667153
0.000180572 -0.0163938 0.74977 0.661496
0.00260498 -0.00671485 0.770347 0.637584
0.0100259 -0.000629038 0.845928 0.533202
0.0115244 -0.00180871 0.910897 0.412469
0.00418227 -0.00693259 0.949711 0.313023
0.00553084 -0.00855928 0.975683 0.218951
0.0101321 -0.0124242 0.986056 0.165637
0.00692934 -0.0103983 0.993047 0.117052
0.00385013 -0.00306859 0.99803 0.0625385
0.000297628 0.00495108 0.996131 -0.0877362
-0.000198602 0.00089381 0.961419 -0.275088
0.0114429 -0.000543698 0.903392 -0.428662
-0.0066794 -0.00140221 -0.81419 0.580558
-0.00307123 -0.00181198 -0.692166 0.721729
-0.016097 0.0152144 -0.643651 0.764999
-0.0354441 0.0291545 -0.664079 0.746253
-0.0285191 0.0242058 -0.771833 0.634725
-0.00719866 0.00332114 -0.744716 0.667334
-0.00574449 0.000864448 -0.732322 0.680934
-0.0169404 0.0165794 -0.74209 0.669881
-0.0213885 0.0263288 -0.767911 0.639658
-0.00824551 0.0105976 -0.778104 0.627992
0.00117878 -0.0147926 -0.779875 0.62576
0.000159325 -0.00949519 -0.782246 0.622897
-0.012871 0.00279677 -0.783577 0.621155
-0.0202225 0.0287517 -0.781486 0.622932
-0.0238702 0.0280823 -0.784157 0.619467
0.00662612 0.00424945 -0.724831 0.688882
0.00146127 0.00114684 -0.592673 0.805441
-0.00421926 0.0113696 -0.448891 0.893504
-0.00374828 0.0165115 -0.276392 0.960896
-0.00657925 0.0130995 -0.238649 0.970995
0.00150004 0.0121251 -0.0713374 0.997377
-0.00443706 0.011495 0.112797 0.993542
-0.00751111 0.000363974 0.294767 0.95554
-0.00462323 -0.0093668 0.461865 0.886889
0.000227896 -0.0111387 0.611011 0.791544
0.00109986 -0.0112405 0.749693 0.66169
0.00661213 -0.0126274 0.856937 0.515224
0.0194142 -0.0108834 0.936732 0.349338
0.0245533 -0.00474263 0.965599 0.258831
0.0113162 -0.010519 0.956517 0.291268
0.0135067 -0.0173667 0.90833 0.417675
0.00220355 -0.00984165 0.893384 0.44918
0.0109516 -0.00488808 0.946564 0.322292
0.0107222 -0.00349643 0.985204 0.171013
0.00706901 -0.003254 0.998689 0.0505998
0.0117869 -0.011324 0.998866 0.0447127
0.0106763 -0.010051 0.998936 0.0437161
0.00778233 -0.00416151 0.998888 0.0463147
0.00687589 -0.00492937 0.998809 0.0480584
0.00227415 -0.00857925 0.998674 0.0507115
0.00366518 -0.00901416 0.998815 0.0476784
-0.00230471 -0.00575565 0.998892 0.0466555
0.01114 -0.0123606 0.998671 0.0487697
0.0123943 -0.0121702 0.998792 0.0459694
0.0116182 -0.0130659 0.998673 0.0484354
0.0135829 -0.0119226 0.997858 0.0628651
0.0160441 -0.0128983 0.992235 0.122659
0.0431654 -0.0192472 0.99192 0.117734
-0.0443707 -0.0136272 0.99184 0.118741
0.0154823 -0.0049093 0.992038 0.124885
0.0226918 -0.013469 0.991431 0.127935
0.015876 -0.0147357 0.99191 0.12508
0.010537 -0.0145897 0.992317 0.122408
-0.000812001 -0.00940224 0.986269 0.164879
0.00158734 -0.00518127 0.941983 0.335617
0.0114454 0.000480367 0.867231 0.497774
0.0174358 0.00202824 0.760494 0.649108
0.0172873 -0.00134949 0.635134 0.772207
0.00983249 -0.0048453 0.481206 0.876539
0.00378757 -0.0109563 0.306523 0.951793
-0.00103617 -0.0118846 0.128862 0.991591
-0.00121471 -0.0103738 -0.0586761 0.998222
-0.0107852 -0.0140195 -0.234698 0.971907
-0.00835414 -0.00822462 -0.237752 0.971255
-0.00260555 0.00253252 -0.216311 0.976318
-0.00852785 0.0055164 -0.177881 0.984
-0.00528786 0.00436571 -0.153722 0.98809
-0.00432041 0.00613738 -0.120959 0.992629
-0.0254245 -0.00933455 -0.108261 0.993754
-0.00122045 0.0190221 -0.186802 0.982213
-0.00378907 0.00353048 -0.154821 0.987929
-0.00872334 -0.00462944 -0.129094 0.991583
-0.00587587 -0.00382382 -0.106595 0.994278
-0.00567688 0.00317647 -0.0546457 0.998485
-0.00820066 0.00236161 -0.0414951 0.999102
-0.00847065 0.00274786 -0.0390189 0.999199
-0.00782102 -0.00353101 -0.044439 0.998975
-0.00378973 -0.00675069 -0.0472152 0.998855
0.000997587 0.00501775 -0.0364379 0.999323
-0.00128868 0.0046926 0.00373548 0.999981
0.00701602 0.00528011 0.131256 0.99131
0.00857693 0.00732951 0.195718 0.980595
0.00372699 0.00471992 0.244219 0.969702
0.00568717 0.00543537 0.299242 0.954145
0.0138323 0.00896563 0.350978 0.936239
0.0113111 0.00853704 0.438239 0.898747
0.0150501 0.00461531 0.536877 0.843513
-0.00119261 -0.00607445 0.534991 0.844835
-0.0135438 -0.0147453 0.541881 0.840216
0.00824705 0.00544658 0.5948 0.803813
0.0110853 0.00432702 0.667082 0.744889
-0.0135139 -0.0156765 0.668045 0.743833
-0.0123489 -0.0123088 0.673262 0.739198
-0.0137426 0.0066173 0.604134 0.796736
-0.0162328 0.00405682 0.459725 0.887904
-0.00401823 0.00724618 0.289369 0.957182
0.00448638 0.0042807 0.113005 0.993575
-0.0050012 -0.00372553 -0.0481755 0.998819
-0.0110136 -0.0609599 -0.0552215 0.996551
-0.0136266 -0.2374 -0.0533353 0.969851
-0.0224134 -0.277925 -0.0538278 0.958831
-0.0161111 -0.291431 -0.0663667 0.954151
-0.00350045 -0.297417 -0.060435 0.952827
0.00256834 -0.294994 -0.0508054 0.954144
-0.00361258 -0.294267 -0.0592917 0.953876
-0.0193939 -0.286156 -0.0713855 0.955323
-0.0216635 -0.28711 -0.0806223 0.954253
-0.0134546 -0.309665 -0.0603131 0.948836
0.0012109 -0.294196 -0.0535131 0.954245
-0.013898 -0.146406 -0.0711773 0.986563
0.00149917 0.00905514 -0.0569806 0.998333
-0.00531685 0.0164802 -0.247624 0.968701
-0.00118246 0.0141688 -0.250864 0.967918
0.00171542 0.0142562 -0.0809985 0.996611
-0.00449076 -0.000678025 -0.242956 0.970027
-0.00702974 -0.00232618 -0.414136 0.910185
-0.00912536 -0.00593226 -0.567695 0.823167
-0.0119284 -0.00286447 -0.704233 0.709863
-0.0216377 0.00403874 -0.817092 0.576087
0.0218666 -0.00833813 0.909079 -0.415967
0.0136879 -0.00601366 0.946522 -0.322292
0.0150766 -0.00567018 0.981035 -0.193159
0.00564973 -0.00832555 0.966697 -0.255724
0.00336642 0.00405297 0.913238 -0.407392
0.0106467 -0.0171475 0.907581 -0.419391
0.0211153 -0.0246717 0.963142 -0.267026
0.0165337 -0.0105326 0.987593 -0.155806
0.00468872 0.00286241 0.994152 -0.107853
0.0066614 -0.000838903 0.997868 -0.0649171
0.0071066 -0.00276305 0.998812 -0.0481265
0.00793317 -0.00383412 0.999344 -0.0351156
0.0113276 -0.00488847 0.999561 -0.0269342
0.00944874 -0.00361681 0.99988 -0.0117487
0.0104478 -0.00421871 0.999833 0.0144223
0.00696629 -0.00559577 0.998789 0.0483891
0.00435538 -0.00893695 0.993536 0.113079
0.0133129 -0.00833881 0.97078 0.239455
0.023086 -0.0191909 0.983647 0.177589
0.0295688 -0.0172147 0.993097 0.112195
0.0289266 -0.0150904 0.998863 0.0347517
0.0336941 -0.0202423 0.989877 -0.136379
0.0241989 -0.0139023 0.973971 -0.224948
0.0227439 -0.0146492 0.973336 -0.227784
0.0229982 -0.015795 0.974656 -0.221961
0.0254335 -0.0118232 0.9964 -0.0799978
0.0269958 -0.0219954 0.981055 -0.190576
0.0188949 -0.0140115 0.955397 -0.294385
0.0197915 -0.0155836 0.95269 -0.302897
0.0211298 -0.0174078 0.952716 -0.302625
0.0215266 -0.0166031 0.953805 -0.299193
0.0241109 -0.0188495 0.937914 -0.345514
0.0313129 -0.0171499 0.895847 -0.442927
-0.0264956 0.00591742 -0.825728 0.563415
-0.0179719 0.00398666 -0.71674 0.697098
-0.017679 -0.00220767 -0.594997 0.80353
-0.013085 -0.00465558 -0.449597 0.893123
-0.0101032 -0.0120539 -0.296793 0.954812
-0.0136477 -0.0096699 -0.254241 0.966996
-0.0113452 0.00257037 -0.0766241 0.996992
-0.0125542 -0.101045 -0.103793 0.989373
-0.00581102 -0.241254 -0.109118 0.96429
-0.0262517 -0.269257 -0.101679 0.957326
-0.00478518 -0.300444 -0.0875387 0.949762
-0.0399109 -0.264264 -0.106686 0.9577
-0.00749021 -0.272722 -0.0809386 0.958653
-0.0435881 -0.312168 -0.108223 0.942836
-0.0243853 -0.274345 -0.0936367 0.956751
0.0119862 -0.299368 -0.0825344 0.950486
-0.0429946 -0.274538 -0.0895269 0.956434
-0.0117979 -0.242282 -0.114662 0.963334
-0.00872025 -0.0607121 -0.12065 0.990798
-0.01299 -0.00716124 -0.122318 0.99238
-0.0279563 -0.018229 -0.123391 0.991797
-0.0132956 -0.0115395 -0.124247 0.992095
-0.00177511 -0.0161467 -0.283446 0.958851
-0.0118626 -0.00750882 -0.434898 0.90037
-0.00967269 -0.00781969 -0.58959 0.807607
-0.0049021 -0.00775462 -0.723701 0.690053
-0.00822053 0.000419563 -0.841054 0.540889
0.0156737 -0.00354865 0.9276 -0.373229
0.0239945 -0.0114948 0.979862 -0.197894
0.018474 -0.00960149 0.999746 -0.00857218
0.0255787 -0.0125718 0.985472 0.167429
0.0183073 -0.0057316 0.982757 0.183906
0.0174145 -0.00256616 0.983106 0.182189
0.0165824 -0.00685495 0.985004 0.171595
0.00957355 -0.0109684 0.985731 0.167698
0.00587066 -0.00419511 0.98665 0.162697
0.00955856 -0.00549228 0.989347 0.145161
0.0055275 -0.00590782 0.99113 0.132649
0.00966942 -0.00544387 0.993359 0.11452
0.0129502 -0.00201727 0.995026 0.0987536
0.00682841 -0.0117436 0.994483 0.104013
0.011737 -0.00516307 0.993505 0.113065
0.00858924 -0.00780847 0.991162 0.132145
-0.0037457 -0.0167969 0.987791 0.154832
0.00880109 -0.0116476 0.981029 0.193313
0.00154114 -0.00378933 0.974708 0.223447
-0.00278837 -0.0131572 0.966566 0.256064
0.0056591 -0.00962425 0.959071 0.282945
-0.00311966 -0.00244667 0.96288 0.269901
0.0046172 -0.00239762 0.972733 0.23187
-0.00278195 -0.000432206 0.98954 0.144233
0.0086498 -0.00604626 0.990617 0.13626
0.0136195 -0.0154018 0.99105 0.131897
0.00964613 -0.0136761 0.990656 0.135351
0.00744429 -0.00495246 0.990079 0.140226
0.00948413 -0.00280621 0.991202 0.131987
0.00354627 -0.00688095 0.991869 0.127026
0.00111949 -0.00466579 0.994494 0.104682
-0.0029784 -0.00423966 0.998532 0.053913
-0.00456888 -0.00472254 0.997876 -0.0648132
-0.00502892 -0.00840093 0.989721 -0.142675
0.00157224 -0.00882878 0.953846 -0.300163
0.00595179 -0.00702574 0.923855 -0.382631
0.00760662 -0.0092552 0.887956 -0.459773
0.00889179 -0.015748 0.870955 -0.491031
-0.009452 0.0142008 -0.809516 0.58685
-0.0110295 0.00998711 -0.806665 0.590821
-0.023292 0.0227002 -0.808422 0.587703
-0.0242845 0.0377493 -0.810808 0.583589
-0.0190355 0.0252819 -0.817943 0.574429
-0.0135128 0.0107104 -0.82332 0.567315
-0.00153179 0.00793383 -0.828434 0.560028
-0.000914272 0.0157753 -0.86246 0.505879
0.0190701 -0.0264714 0.927811 -0.371622
0.00948478 -0.017872 0.97324 -0.228897
0.0118095 -0.00816642 0.997252 -0.072682
0.0134791 -0.00434199 0.999741 -0.0178132
0.00675179 -0.00215135 0.999451 0.0323679
0.00567772 -0.00204552 0.996207 0.0868003
0.0110062 -0.00377789 0.965266 0.261011
0.0138866 -0.0119755 0.961094 0.275611
0.00828455 -0.00450369 0.966173 0.257721
0.0086984 -0.0024001 0.972052 0.234594
0.00862386 -0.00428084 0.977935 0.208689
0.00554863 -0.00679236 0.983798 0.179065
0.00925125 -0.00688686 0.987316 0.158347
0.00846136 -0.00699323 0.991416 0.130285
0.00775315 -0.00860472 0.992085 0.125032
0.0027572 0.00068102 0.993299 0.115535
0.00671339 -0.00986108 0.994187 0.107004
0.00430984 -0.0164895 0.993762 0.11021
0.00804654 0.00142042 0.994213 0.10712
0.0109465 -0.0079933 0.994082 0.10778
0.00591074 -0.0130411 0.993812 0.110148
0.00668752 -0.00886448 0.993714 0.111401
-0.0013053 -0.00272701 0.993755 0.111547
-0.000552262 -0.00531229 0.996194 0.0870024
-0.00140246 -0.0018563 0.999098 0.0424039
0.0005268 -0.00872767 0.99991 -0.0101428
-0.000160243 0.00152105 0.987437 -0.158004
-0.00198192 0.00208828 0.941683 -0.336489
0.00251227 -0.00916175 0.870935 -0.491307
-0.0119283 0.00452531 -0.797599 0.603053
-0.0202193 0.0190414 -0.792281 0.609523
-0.0244917 0.0270746 -0.790338 0.611582
-0.0129577 0.0200321 -0.792234 0.609751
-0.0105103 0.0172589 -0.752233 0.658587
-0.00772571 0.0168372 -0.638449 0.769441
-0.00620144 0.0146665 -0.554365 0.832121
-0.00623847 0.0170603 -0.407234 0.913143
-0.0002734 0.00748336 -0.24028 0.970675
-0.00408756 0.0034915 -0.182171 0.983252
-0.00544642 0.000339091 -0.131645 0.991282
-0.00528207 -0.0015079 -0.122067 0.992507
-0.00331617 0.00490637 -0.120655 0.992677
-0.00113613 0.00513725 -0.118396 0.992952
0.000282643 0.00416502 -0.088961 0.996026
-0.00406812 0.00238882 -0.0512057 0.998677
-0.00300767 0.00889653 -0.017271 0.999807
-0.00917614 0.00542502 -0.0129359 0.99986
-0.0106113 0.000692923 -0.0226234 0.999688
-0.00459912 -0.00185404 -0.0446513 0.99899
0.00289145 0.00793282 -0.0667914 0.997731
0.00413999 0.00361536 -0.0641242 0.997927
-0.0022095 0.00776013 -0.0643477 0.997895
-0.00750303 0.00426225 -0.0728824 0.997303
-0.00572948 0.00166964 -0.0817475 0.996635
-0.00475107 0.00668436 -0.0848333 0.996361
-0.00726922 0.00932029 -0.0814856 0.996604
-0.000626467 0.00817397 -0.0906624 0.995848
-0.00292078 0.00590773 -0.0947952 0.995475
-0.00614531 0.00408183 -0.0891191 0.995994
-0.00699992 0.0042047 -0.0838836 0.996442
-0.00454067 0.011939 -0.0702717 0.997446
0.00162062 0.0135737 -0.0278694 0.999518
-0.00219357 0.0114339 0.0246481 0.999628
-0.00444149 0.00880406 0.0909433 0.995807
0.00499524 0.00640135 0.244978 0.969495
0.00626521 0.00275367 0.3975 0.917577
0.0106824 0.0028205 0.539809 0.841715
0.00039677 -0.0048386 0.574267 0.818654
-0.0193588 -0.021684 0.574607 0.817913
-0.018467 -0.0156199 0.593784 0.804261
-0.012207 -0.00230935 0.621353 0.783432
0.00699081 -0.00853726 0.722397 0.69139
-0.00825251 0.0154043 0.712531 0.701423
0.0647512 -0.0652646 0.660301 0.745352
0.138804 -0.179645 0.628811 0.743678
0.185532 -0.197897 0.631666 0.726232
0.202796 -0.211313 0.623419 0.724962
0.202688 -0.219939 0.620954 0.724541
0.199316 -0.236408 0.614569 0.725733
0.213912 -0.233146 0.617857 0.719818
0.206003 -0.207123 0.626502 0.722605
0.211686 -0.226405 0.617023 0.723334
0.175712 -0.193097 0.62647 0.734421
0.038363 -0.060632 0.649772 0.756735
-0.00562932 0.00191189 0.716294 0.697773
-0.00220583 0.00611165 0.832885 0.553408
-0.00176049 -0.00182088 0.925077 0.379771
0.00187029 -0.00871741 0.9767 0.214422
-0.00517777 -0.00558676 0.954418 0.298375
-0.00323479 -0.00461416 0.993526 0.113463
-0.017847 -0.0100252 0.999123 0.036526
-0.0123746 -0.00151997 0.992418 -0.122273
-0.00609154 -0.00217304 0.946192 -0.32354
-0.00354233 -0.00739303 0.866624 -0.498895
-0.00758224 0.013049 -0.761949 0.647461
-0.107451 -0.0886474 -0.761542 0.632969
-0.237208 -0.181325 -0.730932 0.613671
-0.225828 -0.201289 -0.722333 0.621868
-0.242315 -0.197326 -0.716584 0.623581
-0.226546 -0.194685 -0.725199 0.620372
-0.124464 -0.082475 -0.757497 0.635535
-0.0104587 0.00193804 -0.802151 0.597027
0.000314788 -0.0134938 0.884373 -0.466586
-0.0121497 -0.0227935 0.947559 -0.318536
-0.0123367 -0.00380384 0.962797 -0.269919
0.0158889 -0.0215386 0.96513 -0.260398
-0.000458278 -0.00306643 0.97468 -0.223581
0.0131551 -0.0066137 0.997737 -0.0655989
0.00697042 -0.00552647 0.998226 -0.0588687
0.00124913 -0.00242502 0.999654 -0.0261728
0.00699381 -0.00657429 0.999686 0.0231579
0.0123369 -0.0127351 0.993119 0.115757
0.0103668 -0.0100895 0.973011 0.230304
0.00818965 -0.00108629 0.974034 0.226249
0.00708497 -0.012197 0.979413 0.201374
0.0100168 -0.011854 0.98107 0.193032
0.0106755 -0.0092173 0.982083 0.187918
0.0105826 -0.00347111 0.981261 0.192359
0.00999762 -0.00726264 0.981875 0.189128
0.00935589 -0.00517186 0.982497 0.18597
0.00405471 -0.00688129 0.983617 0.180096
0.00695107 -0.00666065 0.988671 0.149789
0.00299715 -0.00473865 0.991429 0.130528
0.00091394 -0.00913475 0.992542 0.121559
0.00877536 -0.0100282 0.993213 0.115541
0.0120032 -0.0110137 0.994015 0.108018
0.00615529 -0.00783279 0.995352 0.0957894
0.00496597 -0.00579159 0.996517 0.0830412
-0.000983569 -0.00789108 0.998646 0.051417
0.00304558 -0.00918783 0.999898 0.0104859
0.000599958 -0.00775441 0.998173 -0.0599142
0.00150426 -0.0019506 0.969415 -0.245414
-0.000743156 -0.000542056 0.90836 -0.418188
-0.00320683 -0.00202769 -0.837895 0.545818
-0.0106903 0.0079102 -0.825825 0.56377
-0.0245875 0.0336579 -0.817382 0.574586
-0.0259527 0.0353424 -0.791029 0.610205
-0.00908019 0.0106869 -0.738666 0.673926
-0.00951399 0.00450329 -0.659144 0.751943
-0.0179595 0.0206941 -0.589431 0.807354
-0.0103402 0.0185353 -0.542803 0.839592
-0.0100071 0.0136536 -0.384061 0.923152
-0.00922019 0.00958622 -0.218617 0.97572
-0.00781312 0.00328844 -0.10852 0.994058
-0.00832446 0.00167298 -0.116062 0.993206
-0.00527387 0.00461065 -0.13156 0.991283
-0.00295889 -0.00175143 -0.133121 0.991094
-0.0055698 0.00336852 -0.116238 0.9932
-0.00334902 0.00349063 -0.0985317 0.995122
-0.00182288 0.0067019 -0.102678 0.99469
-0.00365691 0.000843702 -0.102245 0.994752
-0.0120383 -0.000512361 -0.0998544 0.994929
-0.0115819 -0.0016712 -0.111287 0.993719
-0.00754007 0.00215186 -0.112333 0.99364
-0.00540586 0.00723843 -0.0791933 0.996818
0.00406759 0.00743432 0.0196833 0.99977
-0.00472668 0.00550162 0.0199289 0.999775
-0.0090045 0.00356076 -0.00854014 0.999917
-0.00381796 0.00177437 -0.0217111 0.999755
-0.00123287 0.0107005 0.0358942 0.999298
-0.0107701 0.00399463 0.0186078 0.999761
-0.00868468 -0.00591916 -0.0591672 0.998193
-0.0078327 0.0046767 -0.0935364 0.995574
-0.0143294 -0.00241057 0.0564147 0.998302
-0.0169921 -0.00933483 0.237428 0.971212
-0.00897534 -0.011064 0.399078 0.916806
0.00576691 -0.002553 0.410791 0.911708
0.00237237 -0.00250988 0.483313 0.875441
-0.00277989 -0.00882904 0.484929 0.874505
-0.0042193 -0.00957101 0.485812 0.874001
-0.00576498 -0.00403577 0.408918 0.912544
-0.00115912 -0.00494729 0.385436 0.92272
0.0025796 -7.9938e-05 0.413925 0.910307
0.00585101 0.000471199 0.41753 0.908644
0.000346513 0.00581322 0.311146 0.950344
-0.00174441 -0.00580676 0.149886 0.988685
-0.00330908 -0.0013604 -0.0189267 0.999814
-0.00349579 -0.00278256 -0.191071 0.981566
-0.000791992 0.00678815 -0.364493 0.931181
-0.00077718 -0.0044783 -0.524387 0.851468
-0.000307758 -0.0109403 -0.663526 0.748074
-0.00494955 -0.00557053 -0.79616 0.605041
-0.0196607 0.00173718 -0.734878 0.677912
-0.0621686 -0.0322546 -0.779505 0.622468
-0.19949 -0.117881 -0.765364 0.600438
-0.226437 -0.17066 -0.739085 0.611028
-0.259227 -0.157942 -0.747605 0.590713
-0.238572 -0.179857 -0.751366 0.588374
-0.181964 -0.117687 -0.775504 0.592986
-0.0604259 -0.0391994 -0.786693 0.613128
-0.0165736 -0.00608558 -0.853213 0.521264
0.0191814 0.00383134 0.92807 -0.371892
0.0151308 0.0014029 0.984874 -0.172604
0.0232638 -0.00228703 0.999655 0.0120088
0.0164818 -0.028403 0.982465 0.183535
0.0245756 -0.0182686 0.933446 0.357408
0.02265 -0.00682385 0.855707 0.51692
0.00455446 -0.00142276 0.761865 0.647718
0.0123663 -0.00865671 0.640257 0.768012
0.116909 -0.130824 0.615537 0.76833
0.191056 -0.223295 0.592052 0.750407
0.175676 -0.219287 0.602937 0.746672
0.205612 -0.234622 0.590706 0.744139
0.196439 -0.221801 0.590122 0.750981
0.18148 -0.222083 0.594551 0.751168
0.204732 -0.234771 0.588434 0.746132
0.185062 -0.115392 0.63925 0.737425
0.169571 -0.219987 0.590733 0.757552
0.181811 -0.213464 0.590587 0.756693
0.11123 -0.180677 0.598548 0.772479
0.037363 -0.0441908 0.615792 0.785781
0.000830174 -0.00500986 0.721151 0.69276
0.00478481 -0.0090372 0.836196 0.548336
0.0122075 -0.00838601 0.917189 0.398177
0.0141559 -0.0105368 0.973355 0.228625
0.0167281 -0.00951451 0.998239 0.0561094
0.0129965 -0.00671101 0.998969 -0.0429709
0.00779645 -0.00711422 0.999167 0.0394149
0.00612094 -0.00800052 0.977452 0.210917
0.00723699 -0.00835469 0.924436 0.381177
0.0110498 -0.00882151 0.839094 0.543803
0.0147364 -0.00848773 0.723424 0.690194
0.0102305 -0.00390272 0.627203 0.778779
0.00509769 -0.006825 0.660951 0.750381
0.00661835 -0.00546293 0.687075 0.726536
-0.005859 -0.0137498 0.688436 0.725144
-0.00480367 -0.0109118 0.601137 0.799057
0.00515655 -0.0105263 0.569967 0.821584
0.0101293 -0.00653493 0.586045 0.810189
0.0105819 -0.00603991 0.602451 0.798063
0.00821115 -0.00745038 0.637254 0.770574
0.0046501 -0.00434105 0.721051 0.692853
0.00856856 -0.00427667 0.824604 0.56563
0.00185677 -0.0115134 0.895982 0.443937
-0.00483864 -0.0157978 0.896846 0.442035
-0.00171782 -0.0105246 0.895614 0.444704
-0.000598886 -0.0153139 0.896438 0.442904
0.00642613 -0.00864768 0.911167 0.411897
0.00194159 -0.00724365 0.961849 0.273479
0.00448818 -0.0082561 0.988282 0.152352
0.00581399 -0.0109243 0.996527 0.0823475
0.0021669 -0.00931125 0.999803 0.0174167
0.00823105 -0.0109714 0.999006 -0.0424162
0.0134229 -0.0114747 0.99871 -0.0476056
0.00859862 0.00770935 0.999205 -0.0381583
0.00825898 -0.00706114 0.999739 -0.0200871
0.00541161 -0.00588569 0.99995 0.00606364
0.0165317 -0.014921 0.999262 0.0312975
0.0127095 -0.0150681 0.997577 0.0667268
-0.0107867 0.0049158 0.994069 0.108102
0.00637861 -0.00727101 0.993986 0.109077
0.00429111 -0.00604429 0.993199 0.116189
0.000408809 0.00373262 0.994671 0.103032
0.00690769 -0.00874178 0.997545 0.0691342
0.00339062 -0.0100309 0.99943 0.03205
-0.00661276 0.00493701 0.999966 -0.000646625
0.00848425 -0.00694183 0.999322 -0.0351608
0.00517627 -0.0103451 0.998922 -0.0449457
-0.00110673 0.000392444 0.998919 -0.0464802
0.0051572 -0.0073162 0.998914 -0.0457212
0.000329197 -0.0102652 0.999623 -0.0254519
0.00339514 -0.00452335 0.999859 -0.0158049
0.00316814 -0.00970046 0.999927 -0.00643838
0.0033266 -0.0104955 0.999894 0.00955677
0.00169364 -0.0108784 0.998738 0.0490012
0.00309928 -0.00482017 0.995511 0.0944769
0.00382248 -0.00480147 0.991038 0.133437
-0.00127981 -0.0055898 0.983648 0.180012
0.00791573 -0.00979253 0.979892 0.199133
0.00351559 -0.0063226 0.980047 0.198635
0.00639667 -0.000862008 0.979783 0.199957
0.00219501 0.000728669 0.982207 0.187789
0.00474983 -0.00328376 0.988831 0.148927
0.00587909 -0.00578944 0.993731 0.111491
-0.00324959 -0.00686445 0.997889 0.064499
-0.00271624 -0.00692289 0.999897 0.0122433
-0.00392665 -0.00848676 0.994848 -0.100945
-0.00109203 -0.00352233 0.966809 -0.255472
0.00485286 0.00324471 0.913694 -0.406361
-0.00994215 0.00403171 -0.852754 0.522203
-0.0198123 0.0235161 -0.802877 0.595351
-0.0237752 0.0338326 -0.805338 0.591373
-0.0265224 0.0340149 -0.826464 0.561336
-0.019555 0.0236334 -0.851653 0.523208
0.0132414 -0.0164714 0.865976 -0.49964
-0.010487 0.00791969 -0.853562 0.520826
-0.0116915 0.0182187 -0.846496 0.531954
-0.0128382 0.0223817 -0.841756 0.539242
-0.0133321 0.0304314 -0.818837 0.573064
-0.0044547 0.00188921 -0.753353 0.657598
-0.0138897 0.0130254 -0.756745 0.653433
-0.0186755 0.0223405 -0.753088 0.657275
-0.016176 0.0228355 -0.752374 0.658141
-0.0121132 0.0219921 -0.752195 0.658462
-0.01385 0.0190113 -0.75206 0.658675
-0.0136874 0.0102392 -0.752852 0.657968
-0.0165238 0.0113118 -0.752348 0.658462
-0.0180787 0.0152266 -0.742118 0.669852
-0.00951926 0.0261881 -0.704914 0.708745
-0.00349074 0.0201676 -0.582829 0.812337
-0.00523707 0.0167656 -0.428701 0.903276
-0.0114074 0.0160836 -0.304674 0.952252
-0.0143516 0.0115477 -0.305439 0.952033
-0.00632036 0.00621165 -0.306944 0.951686
-0.00982624 0.004882 -0.311102 0.950313
-0.00840174 0.00691992 -0.30836 0.951208
-0.005211 0.0103179 -0.296352 0.955009
-0.00890035 0.00787503 -0.201869 0.97934
-0.0127575 0.005263 -0.164052 0.986355
-0.00514502 -0.00167141 -0.156233 0.987705
-0.00677389 -0.00888543 -0.107569 0.994135
-0.00267681 -0.00895847 -0.104834 0.994446
-0.0039664 -0.00795133 -0.104058 0.994532
-0.0118222 -0.00441661 -0.105871 0.9943
-0.00940685 0.0021969 -0.106889 0.994224
-0.0115205 0.00143759 -0.096769 0.995239
-0.00597886 0.00384714 -0.103068 0.994649
0.00628712 0.0100357 -0.106792 0.994211
0.00788768 0.0158033 -0.111239 0.993637
-0.00476791 0.00473885 -0.104745 0.994476
-0.00939053 0.00150912 -0.0980219 0.995139
-0.00499862 0.00238866 -0.104846 0.994473
-0.000785384 0.00192866 -0.109016 0.994038
0.00112621 0.00909359 -0.111056 0.993772
-0.00137411 0.00687505 -0.1047 0.994479
-0.00130765 0.0033676 -0.0996307 0.995018
0.00156517 0.0120346 -0.102328 0.994677
-0.00791556 0.00790623 -0.103572 0.994559
-0.00920983 0.00177261 -0.107048 0.99421
-0.00575903 0.000305257 -0.108759 0.994051
0.00212772 0.00660935 -0.109043 0.994013
0.00195108 0.00387532 -0.115691 0.993276
-0.00716649 -0.00276137 -0.106664 0.994265
-0.0159305 0.00342335 -0.102869 0.994561
-0.00680074 -0.0036716 -0.103718 0.994577
0.00531966 0.00520108 -0.101956 0.994761
-0.00372947 0.00919867 -0.108261 0.994073
0.00179661 0.00666216 -0.113027 0.993568
0.000381704 0.00507864 -0.10967 0.993955
-0.00944589 0.00967037 -0.110259 0.993811
0.00165592 0.00181817 -0.11788 0.993025
-0.0021427 -0.000387353 -0.126044 0.992022
-0.0073456 0.00277094 -0.142422 0.989775
-0.00366342 0.00308697 -0.15 0.988674
-0.00961654 0.0134795 -0.155531 0.987692
-4.68077e-05 0.00705064 -0.164659 0.986325
0.00279835 0.00599631 -0.159316 0.987205
-0.00768341 0.0100153 -0.146909 0.989069
-0.00389099 0.00553815 -0.144277 0.989514
-0.00584561 0.00433705 -0.137183 0.990519
-0.00984973 0.0132141 -0.129973 0.991381
-0.00118611 0.00578211 -0.136043 0.990685
0.000657343 0.00602973 -0.135946 0.990698
-0.00856105 0.0147717 -0.132373 0.991053
-0.00264272 0.00971745 -0.135739 0.990693
0.000818854 0.00863899 -0.122179 0.99247
-0.00727637 0.013528 -0.114071 0.993354
0.00210126 0.00659745 -0.111321 0.99376
-0.00126343 0.00273058 -0.109105 0.994026
-0.0042985 0.00724354 -0.0998842 0.994963
0.00471706 0.014998 -0.0971209 0.995148
-0.00443177 0.00474191 -0.089729 0.995945
-0.00688214 0.00599227 -0.0938969 0.99554
0.00573381 0.0121749 -0.0968067 0.995212
-0.003807 0.00379134 -0.0893169 0.995989
-0.00786439 0.0035633 -0.0964353 0.995302
-0.00167577 0.00775784 -0.0960227 0.995348
-0.00775194 0.0105494 -0.0882365 0.996014
0.000723794 0.00624829 -0.0948097 0.995476
0.00164224 0.00726146 -0.09791 0.995167
-0.00808007 0.0119498 -0.0996324 0.99492
-0.00217611 0.00580985 -0.11611 0.993217
-0.000944299 0.00690522 -0.123698 0.992295
-0.00883683 0.0117758 -0.136923 0.990472
0.00140976 0.00570854 -0.14702 0.989116
0.0030387 0.00631289 -0.151056 0.9885
-0.00566883 0.0133134 -0.146076 0.989168
-0.00302272 0.00688306 -0.148297 0.988914
-0.000662319 0.00738222 -0.143478 0.989626
-0.00768353 0.0154467 -0.139698 0.990044
-0.000166381 0.00781868 -0.14688 0.989123
-0.000460985 0.00800254 -0.143691 0.98959
-0.0104764 0.011567 -0.144062 0.989446
-0.00822711 -0.000864115 -0.144437 0.989479
-0.000676158 0.00438771 -0.142144 0.989836
-0.00285878 0.00675124 -0.146215 0.989226
0.00769087 0.0116 -0.150948 0.988444
-0.00447449 0.00205386 -0.143702 0.989609
-0.0048994 0.0110751 -0.145819 0.989237
0.00457807 0.0138301 -0.148037 0.988875
-0.000708192 0.00494613 -0.129302 0.991593
0.00305207 0.00593275 -0.12092 0.99264
0.00600091 0.0127584 -0.113536 0.993434
-0.00310655 0.00259497 -0.08968 0.995962
-0.00704627 0.00888453 -0.0831557 0.996472
0.00344594 0.0114458 -0.0848651 0.996321
-0.00488639 0.00530581 -0.0818243 0.996621
-0.00559937 0.00834401 -0.0914394 0.99576
0.00397177 0.0123357 -0.0950297 0.99539
-0.00756268 0.00051617 -0.0915864 0.995768
-0.00728281 0.000252653 -0.0906456 0.995857
0.000916321 0.00675482 -0.0881509 0.996084
-0.00426162 0.0147999 -0.0888968 0.995922
0.000221907 0.00902147 -0.0944103 0.995492
0.000300863 0.00665852 -0.0917619 0.995759
-0.00939432 0.0119255 -0.0881119 0.995995
-0.00146698 0.00530957 -0.0935043 0.995604
0.00574061 0.00552559 -0.0874764 0.996135
-6.91948e-05 0.00587386 -0.0944083 0.995516
0.00429195 0.0121293 -0.0999962 0.994905
-0.0039726 0.00405044 -0.0911851 0.995818
-0.00522019 0.00819468 -0.0920339 0.995708
0.00645141 0.013141 -0.0953845 0.995333
-0.00249694 0.00558563 -0.0885052 0.996057
-0.00482548 0.0111947 -0.0939803 0.995499
0.00374301 0.0139448 -0.0964661 0.995232
-0.00649139 0.00573439 -0.0916818 0.995751
-0.00516073 0.00391252 -0.0906309 0.995863
0.00269305 0.00738758 -0.0898207 0.995927
-0.00120648 0.00716408 -0.0953069 0.995421
0.00753245 0.0116018 -0.0987338 0.995018
-0.00375462 -6.95235e-05 -0.0909422 0.995849
-0.00429402 0.0116089 -0.099127 0.994998
0.00180648 0.0150363 -0.121146 0.992519
-0.00386462 0.00451984 -0.139493 0.990205
-0.00128083 0.0079155 -0.168571 0.985657
0.00593331 0.013495 -0.193238 0.981041
-0.00351003 0.00458687 -0.192298 0.98132
-0.00549747 0.00948702 -0.191716 0.981389
0.00721857 0.0119544 -0.183156 0.982985
-0.00142642 0.0032838 -0.162246 0.986744
-0.00270116 0.00947055 -0.146919 0.9891
0.00399891 0.0141602 -0.122082 0.992411
-0.00611252 0.00473159 -0.095186 0.995429
-0.0068792 0.00211784 -0.0858675 0.996281
-0.000148352 0.00434416 -0.0759316 0.997104
-0.00529109 0.0129487 -0.0746673 0.99711
0.00176928 0.00694391 -0.0796131 0.9968
0.000641435 0.00690961 -0.0779353 0.996934
-0.00905283 0.0125286 -0.0743119 0.997115
-0.00115026 0.00564933 -0.0802577 0.996757
0.00536968 0.00482082 -0.0740925 0.997225
-0.00260093 0.00817186 -0.0813311 0.99665
-7.9902e-05 0.0033603 -0.082858 0.996556
-0.00260272 0.00612516 -0.0801916 0.996757
-0.00912737 0.0164317 -0.0803387 0.99659
0.000947543 0.00586532 -0.08711 0.996181
0.00161253 0.00803742 -0.0848136 0.996363
-0.0053793 0.0118184 -0.0804686 0.996673
0.000834768 0.0109427 -0.0900026 0.995881
-0.0012668 0.00724718 -0.0868462 0.996195
-0.00686366 0.0135464 -0.0821385 0.996505
0.00227428 0.00999395 -0.103183 0.99461
0.00188462 0.00915229 -0.109213 0.993974
-0.00768245 0.0123564 -0.106232 0.994235
0.0001531 0.00776507 -0.113561 0.993501
0.00676515 0.0161371 -0.114987 0.993213
0.00317954 0.00954723 -0.109204 0.993968
0.00173493 0.013602 -0.109794 0.99386
-0.0024369 0.0141095 -0.111534 0.993657
-7.82469e-05 0.00787916 -0.110025 0.993898
-0.00251715 0.00099712 -0.106762 0.994281
-0.00217075 0.00114411 -0.10608 0.994355
-0.00854835 0.00388908 -0.104859 0.994443
-0.00740812 0.00354992 -0.107603 0.99416
-0.00524641 0.000818637 -0.110508 0.993861
-0.00124116 0.00867468 -0.110696 0.993816
0.00126983 0.00326167 -0.104005 0.994571
0.000498207 0.00386337 -0.103371 0.994635
-0.0021886 0.0122963 -0.103468 0.994554
-0.00336517 0.00498843 -0.108403 0.994089
-0.00449996 0.0014302 -0.115948 0.993244
-0.00495573 0.00472638 -0.129687 0.991531
-0.0113459 0.0102478 -0.186642 0.982309
-0.00228634 0.00697026 -0.315399 0.948931
-0.0121784 0.00232262 -0.310096 0.950624
-0.00853906 0.0100861 -0.352649 0.935662
-0.00159392 0.00702814 -0.506673 0.862108
-0.0133142 0.00444529 -0.621999 0.782893
-0.00683875 -0.00162432 -0.64922 0.760569
-0.0181806 0.00868932 -0.702571 0.711329
-0.00892819 0.001639 -0.717711 0.696282
-0.00650004 -0.0025425 -0.723526 0.690262
-0.01575 0.00533927 -0.724593 0.688977
-0.0110432 0.0151318 -0.723196 0.690389
-0.0149595 0.0193112 -0.773031 0.633898
-0.0111258 0.00968952 -0.775011 0.631775
-0.00952114 0.00750867 -0.773191 0.634057
-0.0124289 0.0139944 -0.769541 0.638323
-0.0107343 0.01074 -0.773181 0.634003
-0.0116763 0.00717244 -0.771929 0.635562
-0.0179954 0.00874041 -0.770822 0.636736
-0.0244032 0.0172712 -0.772974 0.633733
-0.0240382 0.0159543 -0.769712 0.63774
-0.0258345 0.0262988 -0.77145 0.635221
-0.0142125 0.0172304 -0.776709 0.629464
-0.0194106 0.0249847 -0.776158 0.629745
-0.0167618 0.0217993 -0.784168 0.61994
-0.00726655 0.0159866 -0.784788 0.619515
-0.0226968 0.0253971 -0.780652 0.624037
-0.0234787 0.0129881 -0.781041 0.623903
-0.0139267 0.0172179 -0.77968 0.625786
-0.0121679 0.0260749 -0.779712 0.625477
-0.0164375 0.0109916 -0.784945 0.61925
-0.0120701 0.0181549 -0.781128 0.62399
-0.0132134 0.0317451 -0.780694 0.623967
-0.0192137 0.0126781 -0.785893 0.617934
-0.0116686 0.0155436 -0.778662 0.627143
-0.00851394 0.0198543 -0.781308 0.623772
-0.00695006 0.0155332 -0.784448 0.61996
-0.0168491 0.0265301 -0.778886 0.626378
-0.0153115 0.0229295 -0.780123 0.625018
-0.00435831 0.0171302 -0.78449 0.61989
-0.0158628 0.0233845 -0.779768 0.625431
-0.0131418 0.0215196 -0.783862 0.620423
-0.00707208 0.0149207 -0.783901 0.620667
-0.0197066 0.0267066 -0.781979 0.622421
-0.0250539 0.0206487 -0.779848 0.625126
-0.0150094 0.0211053 -0.778653 0.626921
-0.00777179 0.027319 -0.777234 0.62857
-0.0140078 0.0132245 -0.785234 0.618899
-0.0113412 0.0185471 -0.781052 0.624087
-0.0124154 0.0337291 -0.77947 0.625408
-0.0168403 0.0127933 -0.784632 0.619601
-0.0108047 0.0141029 -0.778832 0.626981
-0.0099433 0.00724704 -0.782684 0.622297
-0.00888851 0.0137577 -0.782233 0.622771
-0.00941109 0.0372579 -0.776131 0.629399
-0.0211178 0.0166414 -0.782018 0.622676
-0.0143 0.0222713 -0.779204 0.626212
-0.00966425 0.0297245 -0.781086 0.623641
-0.0154161 0.0137123 -0.785386 0.618662
-0.0112485 0.0220446 -0.780094 0.625173
-0.0140022 0.0350455 -0.781116 0.623244
-0.0143445 0.0241754 -0.780954 0.623955
-0.0110757 0.0321225 -0.77854 0.626674
-0.0169893 0.0109281 -0.781942 0.623023
-0.00992876 0.0169642 -0.781166 0.624014
-0.0102381 0.0309365 -0.781945 0.622495
-0.0168555 0.016698 -0.785569 0.618319
-0.0123727 0.0234854 -0.779989 0.62523
-0.0124683 0.0305666 -0.780817 0.623887
-0.0150527 0.00433724 -0.781589 0.623597
-0.0133233 0.0121491 -0.782736 0.622093
-0.0154293 0.0216084 -0.784007 0.620184
-0.00679418 0.0203331 -0.782632 0.622115
-0.0133939 0.0276021 -0.779491 0.625661
-0.0134487 0.0231751 -0.784489 0.619564
-0.00723324 0.0137454 -0.785488 0.618682
-0.015945 0.022889 -0.78171 0.623018
-0.0141209 0.0263345 -0.784488 0.619424
-0.00680978 0.0294482 -0.785603 0.617992
-0.00971041 0.0260755 -0.780275 0.624818
-0.00857113 0.023572 -0.779484 0.625919
-0.0041308 0.0220764 -0.782922 0.621714
-0.0109003 0.0336803 -0.793775 0.60718
-0.00793693 0.0260042 -0.805539 0.591919
-0.0034592 0.0151355 -0.820519 0.571408
0.00876274 -0.0180888 0.871349 -0.490251
0.00514007 -0.0124061 0.935709 -0.352518
0.00136229 -0.00285076 0.982889 -0.184172
0.00035302 -5.84124e-05 0.999995 0.0029849
0.00583905 0.00618832 0.982513 0.186002
0.0164543 0.00049518 0.937559 0.347438
0.0141344 -0.00516181 0.930414 0.366201
0.0108966 -0.00785634 0.931254 0.364124
0.0141837 -0.0124589 0.933181 0.358911
0.0108261 -0.00817916 0.933847 0.357415
0.0148058 -0.0153331 0.932137 0.361477
0.00232353 -0.00166929 0.954833 0.29713
0.0123016 -0.0155224 0.98712 0.158753
0.0152258 -0.0163333 0.987374 0.156823
0.0145332 -0.0128537 0.987493 0.156465
0.00624967 -0.00477478 0.987539 0.157179
0.0126247 -0.0125709 0.988235 0.151902
0.0156134 -0.00924891 0.9882 0.15209
0.0132965 -0.0097957 0.986032 0.165733
0.0116616 -0.0156428 0.980256 0.19677
0.00764751 -0.0176218 0.97445 0.223783
0.0088037 -0.00927338 0.971157 0.238098
0.0123635 -0.00704728 0.969851 0.243283
0.00981459 -0.00470593 0.97234 0.233316
0.0117178 -0.0145875 0.976461 0.21488
0.0107157 -0.0144256 0.979851 0.198922
0.00400921 9.17475e-05 0.982139 0.188116
0.0064711 -0.00579405 0.986312 0.164659
0.00380844 -0.00886865 0.988185 0.15296
0.00141903 -0.000439368 0.991014 0.133753
0.0109154 -0.0108798 0.992928 0.117711
0.00803144 -0.0123983 0.992615 0.120403
0.00639646 0.00280117 0.992787 0.119686
0.00267291 -0.00787724 0.993191 0.116202
0.00151383 -0.00676783 0.992322 0.123485
0.00382776 -0.00511644 0.992749 0.120038
-0.0040706 -0.0141648 0.993402 0.113735
0.00361755 -0.00463478 0.992715 0.120346
0.00300346 -0.00198221 0.993098 0.117235
0.00187715 -0.0132935 0.99315 0.116073
0.00939146 -0.00947423 0.992257 0.123483
0.010951 -0.0101129 0.992785 0.118979
0.000507469 -0.0135483 0.9935 0.113019
0.00607215 -0.00431153 0.992633 0.120927
0.00389501 -0.00250674 0.992665 0.120811
0.00147498 -0.0090148 0.992429 0.122476
-0.00238565 0.000462471 0.992084 0.125556
0.00765237 -0.0099949 0.992995 0.117485
0.00335587 -0.0102665 0.992508 0.121699
-0.00186473 0.00292682 0.992211 0.124522
-0.00206001 -0.0067342 0.992714 0.120288
0.00250436 -0.00522141 0.992155 0.124881
0.00614756 -0.00446683 0.992582 0.121337
-0.00160586 -0.0131149 0.993127 0.116293
0.00469356 -0.00405765 0.992649 0.120866
0.00310012 -0.00141228 0.994467 0.10499
-0.00239497 -0.00925667 0.99596 0.089291
0.00436216 -0.00665318 0.995391 0.0955729
0.00809586 -0.0100626 0.995852 0.0900686
0.00812987 -0.0129032 0.99592 0.0889421
-0.00297257 0.000333665 0.995571 0.0939635
0.00486506 -0.00541005 0.996057 0.0884117
0.0012139 -0.00814681 0.995607 0.0932641
-0.00527808 -7.49264e-05 0.995351 0.0961744
0.00579854 -0.00914751 0.995977 0.0889575
0.00274814 -0.00959858 0.99567 0.09242
-0.00146944 0.00459047 0.995433 0.0953411
0.00161059 -0.00646961 0.995552 0.0939801
0.00379971 -0.00627438 0.99617 0.0871301
0.000243463 -0.00677022 0.998245 0.058831
-0.00609596 -0.00477241 0.999848 0.0156433
-0.0103279 -0.00743935 0.9996 -0.0252381
-0.00299482 -0.0112238 0.998683 -0.049965
0.00217209 -0.0147482 0.994555 -0.103142
0.000845742 -0.00539392 0.980312 -0.197378
0.00706453 -0.0271719 0.970746 -0.238461
0.0116276 -0.0171533 0.960611 -0.277121
0.00270117 -0.00495287 0.939466 -0.342595
0.00642646 -0.00914408 0.900771 -0.434151
-0.00898757 0.0238905 -0.857165 0.514409
-0.0140121 0.00974212 -0.832845 0.553243
-0.0153453 0.00450711 -0.825803 0.563732
-0.0202518 0.013298 -0.818736 0.573659
-0.0240593 0.0103312 -0.805484 0.592039
-0.0188545 0.0126493 -0.78458 0.619612
-0.0181229 0.0201273 -0.766824 0.641285
-0.0231005 0.00748521 -0.754042 0.656377
-0.0181922 0.0184963 -0.739916 0.672198
-0.0102348 0.0390658 -0.728986 0.683336
-0.0192683 0.00483291 -0.738418 0.67405
-0.0166317 0.0158533 -0.74421 0.66755
-0.0203346 0.0343927 -0.752364 0.657535
-0.0268551 0.0219569 -0.774943 0.631079
-0.0165803 0.0286645 -0.787015 0.616044
-0.013445 0.031474 -0.804908 0.592412
-0.0186353 0.0143346 -0.825105 0.56449
-0.0117762 0.0159277 -0.818976 0.573485
-0.0129746 0.0216361 -0.819015 0.573218
-0.0138256 0.0101726 -0.820205 0.571812
-0.0100645 0.00877163 -0.817585 0.575654
-0.00362024 0.0308951 -0.816487 0.576526
-0.0190377 0.0151411 -0.821362 0.569888
-0.0171479 0.0210233 -0.816074 0.57731
-0.0155473 0.0312338 -0.817983 0.574184
-0.014872 0.0111105 -0.820181 0.571803
-0.0024638 0.00940145 -0.820934 0.570941
-0.00510054 0.0188344 -0.815143 0.578932
-0.00694517 0.0154103 -0.807353 0.589826
-0.00253231 0.0102585 -0.804091 0.594412
-0.00647418 0.0157725 -0.797399 0.603212
-0.0125238 0.0266748 -0.78865 0.614135
-0.0201709 0.0334129 -0.783236 0.620498
-0.0197073 0.0263088 -0.785477 0.618018
-0.0122337 0.0254938 -0.784269 0.619776
-0.0104505 0.0154233 -0.77847 0.627405
-0.00624181 0.0168877 -0.777029 0.629207
-0.00847394 0.0168057 -0.773426 0.633607
-0.000550124 0.0336857 -0.702209 0.711174
-0.00484476 0.0280328 -0.579518 0.814463
-0.0154067 0.0115487 -0.427003 0.904045
-0.0166761 0.00634108 -0.334712 0.942151
-0.0171271 -0.00127812 -0.330609 0.943611
-0.0171961 -0.00623078 -0.329793 0.943876
-0.0166989 0.0129575 -0.326344 0.945015
-0.00661314 0.0094363 -0.328079 0.94458
-0.00941849 0.0301295 -0.407124 0.912827
-0.0114617 0.0236633 -0.549975 0.834767
-0.00700364 0.0166317 -0.630399 0.776061
-0.0114107 0.00573856 -0.662457 0.748991
-0.0108047 0.00160106 -0.677653 0.7353
-0.00843212 0.0133529 -0.70004 0.713929
-0.0114961 0.0193498 -0.726637 0.686653
-0.0171009 0.0241781 -0.753981 0.656228
-0.010524 0.0105615 -0.783202 0.621588
0.00206954 0.00479243 -0.80162 0.597812
-0.0212336 0.0120258 -0.801465 0.597544
-0.0254722 0.0129534 -0.800418 0.59876
-0.0215775 0.0178036 -0.796368 0.604165
-0.015301 0.020797 -0.796283 0.604374
-0.00600642 0.0101972 -0.79879 0.601493
-0.0150804 0.0142173 -0.795286 0.60588
-0.0142723 0.0162971 -0.801615 0.597448
-0.0058594 0.0104121 -0.80178 0.5975
-0.0143341 0.0218138 -0.79269 0.609066
-0.0157006 0.0227668 -0.799888 0.599511
-0.00723083 0.00538909 -0.797166 0.603692
-0.0146103 0.0112187 -0.797562 0.602956
-0.0163527 0.0229078 -0.800126 0.599171
-0.00612024 0.0192176 -0.802481 0.596336
-0.0160089 0.0268112 -0.807243 0.589393
-0.0155926 0.0203004 -0.823825 0.566266
-0.00575111 0.00963411 -0.8408 0.54123
-0.0207984 0.0199223 -0.851204 0.524045
-0.0222438 0.017851 -0.864466 0.501882
0.0141797 -0.0155445 0.874424 -0.484705
0.0168157 -0.012769 0.886615 -0.462025
0.0101886 -0.00567048 0.90352 -0.428387
-0.00296576 -6.30005e-05 0.918308 -0.395855
0.0154584 -0.00439679 0.92595 -0.377305
0.0116155 -0.00478483 0.938043 -0.34629
0.00434112 -0.00520036 0.949188 -0.314636
-0.0321933 0.0147661 0.960515 -0.275966
0.00481622 0.0135235 0.963057 -0.268913
0.00204618 0.00991464 0.964534 -0.263764
0.000561396 0.0123109 0.962628 -0.270548
0.00158251 -0.00313134 0.956457 -0.291851
0.00178651 0.0114166 0.948464 -0.316676
-0.00122567 0.0151392 0.935074 -0.354127
-0.00315789 -0.00399293 0.921443 -0.388479
0.0082655 0.00582047 0.908614 -0.417514
0.0181034 -0.0161682 0.888186 -0.458843
0.0140229 -0.0173754 0.878887 -0.476506
0.0044233 -0.012458 0.871894 -0.489516
0.0107946 -0.0200867 0.86744 -0.497019
0.0144407 -0.0211287 0.870656 -0.491226
0.00119183 -0.0151998 0.872813 -0.487816
-0.0157996 0.0220329 -0.86217 0.505893
0.0150136 -0.0174506 0.877437 -0.479139
0.00367229 -0.00503348 0.87087 -0.491473
0.00594419 -0.011733 0.871541 -0.490146
0.00333903 -0.00724635 0.873419 -0.486905
0.0173428 -0.0184659 0.874897 -0.483645
0.0146773 -0.0231763 0.884632 -0.465482
0.000384755 -0.0265309 0.90058 -0.43388
-0.0111355 -0.0166583 0.91242 -0.408763
0.0105316 -0.01005 0.917793 -0.396791
0.00676728 0.00590725 0.934004 -0.35715
-0.000319237 0.00692548 0.930209 -0.366965
-0.000630918 0.00136693 0.929128 -0.369755
-0.000834583 -0.00427147 0.937746 -0.347294
-0.00285357 -0.0140366 0.949502 -0.313432
-0.000849698 -0.0123861 0.96308 -0.268928
-0.00375734 -0.00232563 0.976952 -0.213415
-0.000622568 0.0080739 0.987301 -0.158654
-0.000479978 0.00195178 0.993433 -0.114397
-0.00570774 0.00275483 0.998065 0.0618486
0.0116244 -0.00833122 0.987719 0.155587
0.0111523 0.00597555 0.987238 0.158751
0.00212458 0.00847654 0.991548 0.129444
0.00805342 -0.00352109 0.993288 0.115336
0.00204346 -0.00301887 0.994161 0.107841
-0.00390876 -0.000973516 0.993953 0.109735
0.002684 -0.00271603 0.99424 0.107105
0.005705 -0.00935589 0.994238 0.106631
0.00295068 -0.0101369 0.994794 0.101357
0.000525976 -0.00695999 0.994586 0.103683
-0.000354183 -0.00642394 0.999828 0.017397
0.000769203 0.00177895 0.990464 -0.137759
0.00974578 -0.000615835 0.949308 -0.314195
0.0177121 -0.00846998 0.895717 -0.444191
-0.0120473 0.0245927 -0.805439 0.592046
-0.00683268 0.01971 -0.682143 0.730921
-0.00575461 0.0119562 -0.542828 0.839739
-0.0101118 0.0174537 -0.447104 0.894255
-0.0101626 0.0168993 -0.601622 0.798538
-0.00543639 0.00912587 -0.723026 0.690739
-0.00484199 0.00182221 -0.836961 0.547238
0.007663 -0.00143803 0.920138 -0.391517
0.00958605 -0.00611002 0.934509 -0.355757
0.00944155 0.00140975 0.898819 -0.438216
0.0125288 -0.00928121 0.870419 -0.492064
-0.0182802 0.0177179 -0.855948 0.516434
-0.0155512 0.0102619 -0.837283 0.546452
-0.0122171 0.016565 -0.803659 0.594734
-0.0160325 0.0197012 -0.788047 0.615091
-0.0156731 0.0243899 -0.78872 0.614068
-0.0103179 0.01561 -0.788695 0.6145
-0.0100581 0.0222618 -0.78641 0.617221
-0.00928308 0.0164754 -0.790292 0.612438
-0.0197561 0.00641637 -0.816745 0.576625
-0.029629 0.0170715 -0.841453 0.539247
-0.0214329 0.0219784 -0.841857 0.538826
-0.0121065 0.00787575 -0.83704 0.546951
-0.0123127 0.00851484 -0.821606 0.56986
-0.0144217 0.011525 -0.808997 0.587523
-0.0161341 0.0179269 -0.800083 0.599404
-0.0293957 0.0155488 -0.806266 0.590618
-0.0326657 0.0320577 -0.794204 0.605925
-0.0256341 0.0440339 -0.796461 0.602539
-0.0176182 0.0214128 -0.803222 0.595035
-0.0108298 0.0264431 -0.801714 0.597024
-0.0182325 0.0102846 -0.813314 0.581448
-0.0105732 0.0112792 -0.797545 0.603061
-0.0121057 0.023717 -0.789308 0.61342
-0.0186983 0.0100462 -0.788593 0.61455
-0.0162367 0.0138047 -0.775774 0.630651
-0.0170543 0.0122609 -0.779959 0.625478
-0.0148874 0.0154529 -0.780731 0.624498
-0.0167226 0.0389174 -0.782824 0.6208
-0.0132615 0.0253461 -0.796908 0.603423
-0.0202488 0.0355901 -0.809845 0.585213
-0.0150447 0.0198057 -0.82665 0.562166
0.00936758 0.0137837 -0.835207 0.549682
-0.0101378 0.0137269 -0.825469 0.56419
-0.0148529 0.0187578 -0.816655 0.57663
-0.00800798 0.0126784 -0.789886 0.613071
-0.00782669 0.0244463 -0.773675 0.633062
-0.0185387 0.01334 -0.769457 0.63829
-0.0164303 0.0217398 -0.7655 0.642859
-0.00971125 0.0419489 -0.769968 0.636629
-0.0223429 0.0248448 -0.793116 0.608153
-0.0167756 0.0308448 -0.804621 0.59275
-0.00998421 0.0300917 -0.8156 0.577746
-0.0131016 0.0049688 -0.821909 0.569446
-0.0124602 0.00845124 -0.816369 0.577335
-0.012929 0.00717242 -0.808578 0.588203
-0.00772946 0.0121388 -0.789811 0.613182
-0.00876043 0.0281277 -0.777364 0.628361
-0.0170906 0.0177316 -0.77534 0.631064
-0.0140862 0.0219518 -0.764169 0.644489
-0.00968956 0.0447218 -0.764217 0.643334
-0.023396 0.019747 -0.769915 0.637411
-0.0187493 0.0260897 -0.768603 0.638919
-0.0171818 0.0286924 -0.768977 0.638401
-0.0084801 0.0196547 -0.769821 0.637901
-0.0148294 0.0245089 -0.768231 0.639531
-0.0149566 0.0196252 -0.775107 0.631348
-0.00498609 0.0180778 -0.780342 0.625071
-0.0165893 0.0301229 -0.786037 0.617222
-0.0176419 0.0289209 -0.79655 0.603622
-0.00763271 0.0133629 -0.796112 0.604953
-0.00353021 0.0181731 -0.796237 0.604701
-0.00171621 0.0136171 -0.796236 0.60483
-0.00834701 0.0249521 -0.781636 0.62318
-0.00332614 0.0289535 -0.764518 0.643944
-0.00286588 0.0270942 -0.743887 0.66775
-0.00774139 0.0316005 -0.717306 0.695998
-0.00848579 0.0349453 -0.670219 0.741292
-0.00786494 0.0282416 -0.628021 0.777644
-0.00594568 0.0210263 -0.546802 0.836977
0.000656939 0.0181962 -0.417019 0.908715
-0.00695942 0.0143544 -0.251777 0.967654
-0.0045401 0.00876003 -0.108731 0.994022
-0.0111746 0.00710558 -0.053213 0.998495
-0.0151155 -0.0026654 -0.0350661 0.999267
-0.0062238 -0.000487916 -0.0332295 0.999428
-0.0055448 -0.00174795 -0.0144996 0.999878
0.00375364 0.00462744 -0.0111685 0.99992
0.00152041 0.000120981 0.0300958 0.999546
0.00159435 -0.00153711 0.0845129 0.99642
0.00617473 0.0121602 0.264113 0.964395
0.0097889 0.00807303 0.431533 0.902008
0.00805545 -0.0106148 0.562973 0.826368
0.0130603 -0.0101409 0.593337 0.804784
0.004359 -0.0163399 0.622045 0.782799
-0.0156187 -0.0231679 0.648652 0.760572
-0.00897105 -0.0210279 0.67871 0.734051
-0.0120279 -0.0220652 0.687392 0.725852
-0.00715985 -0.0062785 0.695989 0.717989
-0.0185192 -0.01644 0.70099 0.712741
-0.0194608 -0.0207239 0.686851 0.726242
-0.0130793 -0.00881511 0.67712 0.735704
-0.0254988 -0.0246876 0.659145 0.751178
-0.0225202 -0.0249386 0.634751 0.771986
-0.0143764 -0.00679753 0.609847 0.792359
-0.017685 -0.00671822 0.595386 0.803217
-0.000158916 -0.0119958 0.576835 0.816772
-0.00413443 -0.00699511 0.578616 0.81556
-0.0183159 -0.00791154 0.578372 0.815529
-0.00188433 -0.0117258 0.572159 0.820057
-0.0010835 -0.0063384 0.584755 0.811185
-0.00703244 -0.00309913 0.57896 0.81532
-0.00439078 -0.000323681 0.5743 0.818633
-0.0142972 -0.0113847 0.589786 0.807352
-0.00845593 -0.00970471 0.600693 0.799376
-0.00266773 0.00222417 0.621047 0.783765
-0.0083181 -0.00763867 0.648906 0.760785
-0.00873961 -0.0104208 0.657613 0.753233
-0.00940801 -0.00368177 0.66843 0.743706
-0.0297763 -0.0175341 0.678209 0.734056
-0.0232983 -0.0228416 0.67297 0.73895
-0.0147692 -0.00487172 0.670958 0.741332
-0.019871 -0.00388885 0.669948 0.742132
-0.0174307 -0.00709236 0.660905 0.750234
-0.0106119 -0.000423 0.657921 0.753012
-0.0206336 -0.00662253 0.661387 0.749732
-0.0183 -0.0131457 0.647677 0.761582
-0.00225884 -0.00222196 0.643069 0.765802
-0.0109981 -0.00546381 0.625296 0.780291
-0.0363382 -0.00562388 0.601858 0.797756
-0.0337381 0.00105714 0.525958 0.849841
-0.0157722 0.00742538 0.389525 0.920851
0.00719949 0.0164856 0.237607 0.971195
0.0153659 0.01507 0.0572832 0.998126
0.0122522 0.00409737 -0.123674 0.992239
0.00176278 -0.0107633 -0.285189 0.958409
-0.00676445 -0.00493601 -0.438812 0.89854
-0.0124358 -0.00130591 -0.595553 0.803219
-0.012822 0.00898686 -0.729704 0.683584
-0.0186492 0.00777259 -0.801621 0.597492
-0.0133396 -0.000108245 -0.807842 0.589248
-0.0144797 0.000234011 -0.809349 0.587149
-0.0193539 0.0149193 -0.810876 0.584708
-0.0193351 0.0130404 -0.812544 0.582434
-0.0201918 0.0037969 -0.812874 0.582077
-0.0171002 0.0029517 -0.809674 0.586623
-0.0254352 0.00333417 -0.812968 0.581743
-0.0167848 0.011975 -0.814693 0.579526
-0.0151278 0.0154283 -0.819778 0.572274
-0.0160233 0.00385864 -0.822712 0.56822
-0.0147629 0.00800585 -0.824574 0.565505
-0.0142467 0.00445487 -0.826535 0.562688
-0.0118192 0.0093899 -0.825269 0.564537
-0.0112379 0.0279647 -0.821763 0.569032
-0.0150991 0.0101725 -0.818095 0.574794
-0.0126794 0.0151341 -0.797525 0.602963
-0.00310646 0.0345736 -0.78346 0.620472
-0.0191991 0.0139772 -0.783038 0.62152
-0.0207522 0.0254972 -0.770216 0.636935
-0.0235084 0.02711 -0.772461 0.634048
-0.00936686 0.0193427 -0.77395 0.632882
-0.0154727 0.0244807 -0.772299 0.634599
-0.0178634 0.0211466 -0.777168 0.628684
-0.00751833 0.0164395 -0.777153 0.629052
-0.0171574 0.0289199 -0.773771 0.632572
-0.0215869 0.0257959 -0.779027 0.626087
-0.00862995 0.0105402 -0.774292 0.632682
-0.0090152 0.020479 -0.774266 0.632464
-0.00639061 0.0197451 -0.777788 0.628184
-0.0142697 0.0303969 -0.771794 0.634986
-0.0182134 0.0242802 -0.775102 0.631106
-0.00663828 0.0174772 -0.777046 0.629167
-0.0172107 0.023836 -0.773727 0.632837
-0.0161749 0.0244048 -0.777829 0.627794
-0.00800767 0.0197425 -0.776782 0.62941
-0.0182107 0.0325553 -0.776436 0.629091
-0.0241575 0.0261344 -0.773852 0.632366
-0.0142378 0.0249474 -0.773169 0.633549
-0.00615365 0.0291576 -0.77272 0.634047
-0.0136038 0.0126561 -0.773282 0.63379
-0.0103384 0.0183922 -0.754687 0.655746
-0.0102038 0.0280183 -0.733682 0.678838
-0.0141059 0.012116 -0.721142 0.692537
-0.0121115 0.0162144 -0.704287 0.709627
-0.0140267 0.0280944 -0.708676 0.704835
-0.0195132 0.0266326 -0.719363 0.693849
-0.0215224 0.0383197 -0.734283 0.677419
-0.0241686 0.0286188 -0.756866 0.652495
-0.00569634 0.0228426 -0.775754 0.630596
-0.0114886 0.0219761 -0.778003 0.62777
-0.012363 0.0185716 -0.783522 0.620963
-0.00582028 0.01784 -0.775465 0.631111
-0.0172306 0.0279317 -0.761432 0.647414
-0.0209144 0.0182597 -0.754883 0.655272
-0.0130144 0.0253724 -0.753276 0.657086
-0.0143848 0.019853 -0.755622 0.654549
-0.0036155 0.0189311 -0.756486 0.653726
-0.0125321 0.0277609 -0.752671 0.657692
-0.013597 0.0262272 -0.756223 0.653647
-0.00442379 0.0215219 -0.756583 0.653528
-0.00804996 0.0194217 -0.751717 0.65915
-0.00897367 0.0197526 -0.755773 0.654474
-0.0120386 0.015305 -0.756098 0.654168
-0.00414003 0.0172614 -0.758761 0.651127
-0.0122805 0.0268329 -0.753318 0.656994
-0.0129216 0.0309949 -0.75132 0.659084
-0.00629697 0.0268207 -0.754195 0.656072
-0.0126665 0.0249598 -0.756697 0.653166
-0.00603329 0.0307636 -0.78474 0.619032
0.0136906 -0.0263456 0.881018 -0.47215
0.0115759 -0.018784 0.947321 -0.319526
0.00767075 -0.00193164 0.986558 -0.16322
0.00284949 0.0110765 0.999685 -0.0223342
0.000570913 0.00655885 0.996677 -0.081188
0.0100465 -0.0114534 0.998076 0.0600989
0.0122501 -0.00792714 0.972991 0.230382
0.0118576 -0.00286853 0.912778 0.408274
0.0113262 -0.00810348 0.82282 0.568132
0.0145891 -0.00824644 0.70611 0.707904
0.0104716 -0.0119875 0.557649 0.829924
0.00119231 -0.0125073 0.48425 0.874839
0.00537608 -0.0117637 0.477583 0.878492
0.00809875 -0.00597346 0.45424 0.890823
0.0190896 -0.00141662 0.441371 0.89712
0.00845882 -0.00324441 0.445372 0.8953
0.0178294 0.00223898 0.448345 0.89368
0.0047864 -0.0108497 0.472649 0.881171
-0.000683937 -0.00584777 0.484049 0.875021
0.00169289 0.0114824 0.511296 0.859327
-0.0101536 -0.0144827 0.547008 0.83694
-0.00432463 -0.0163201 0.554802 0.831811
-0.0130106 -0.0147483 0.566041 0.824142
-0.00941891 -0.0146648 0.562483 0.826625
-0.00382455 -0.00441478 0.56066 0.828025
-0.0144607 -0.0122953 0.567852 0.822912
-0.0106116 -0.00933174 0.572003 0.820129
-0.00277924 0.00362167 0.594394 0.804161
-0.00529624 -0.00721598 0.633651 0.773567
0.00861361 -0.00696107 0.649198 0.760539
0.000422811 -0.00452998 0.66201 0.749481
-0.0385305 -0.00308191 0.682303 0.730047
-0.0202389 -0.0255653 0.66778 0.743644
-0.0309429 -0.0113642 0.655107 0.754817
-0.0349891 -0.00639474 0.628932 0.776646
-0.0125743 -0.00501475 0.587492 0.809116
-0.00869358 -0.00309006 0.55362 0.832718
-0.00971425 0.000856549 0.523333 0.852072
-0.00688089 -0.00123421 0.489384 0.87204
-0.00519043 5.96373e-05 0.440112 0.897928
-0.0097003 0.00103175 0.277722 0.960612
-0.00310622 -0.000178951 0.11996 0.992774
0.0224017 0.00845034 0.046168 0.998647
0.0182279 0.0155357 0.000885429 0.999713
0.0155945 0.0163685 -0.0570758 0.998114
0.00147087 0.0060762 -0.113215 0.993551
-0.0157256 0.00766888 -0.261467 0.965054
0.00873881 0.00419347 -0.276046 0.961096
0.00163343 0.000567558 -0.281489 0.959563
0.00159625 0.00571444 -0.284324 0.95871
0.00226022 0.0092694 -0.274806 0.961452
-0.0151466 -0.0016657 -0.177861 0.983938
-0.000787574 0.00253199 -0.0134607 0.999906
-0.00545703 -0.00637375 0.160013 0.987079
-0.00246802 -0.00386128 0.313194 0.949678
-0.00997812 -0.00690841 0.334684 0.942252
-0.0104255 -0.00701587 0.406021 0.913777
-0.0156268 -0.0189781 0.407545 0.912854
-0.00749125 -0.0101992 0.39781 0.917381
0.00508886 -0.00648307 0.425451 0.904944
0.0112216 0.00274516 0.473043 0.880964
0.00373296 -0.00192541 0.553156 0.833067
-0.0098626 -0.0159811 0.590068 0.807135
-0.0243206 -0.0208185 0.58454 0.810733
-0.0295501 -0.0179417 0.587417 0.808546
-0.0067544 -0.00654147 0.584433 0.811388
0.00809185 -0.00404519 0.574998 0.818105
0.00165144 -0.000951227 0.600349 0.799736
-0.00738369 -0.014621 0.614349 0.788864
-0.0349978 -0.019161 0.616788 0.786118
-0.0286798 -0.0221469 0.603444 0.796581
-0.00456162 -0.0128967 0.583544 0.811966
-0.0027234 -0.00878724 0.59205 0.805849
-0.0152751 -0.00792277 0.593379 0.80474
-0.00870014 -0.00802183 0.591054 0.806545
-0.00561391 -0.0123048 0.588235 0.808577
-0.0141817 -0.0148192 0.594908 0.803532
-0.0320563 -0.0143254 0.5992 0.799829
-0.0183859 -0.0112241 0.592843 0.80503
-0.00720241 -0.0089526 0.580514 0.814169
-0.00258942 -0.0026982 0.590223 0.807231
-0.00777043 -0.00295644 0.595315 0.803449
-0.0417735 -0.00546349 0.603078 0.796569
-0.0178995 -0.0185051 0.596063 0.802525
-0.0201295 -0.00877428 0.600144 0.79959
-0.0145633 0.00283653 0.598842 0.800729
0.0029278 -0.00632477 0.591528 0.806254
0.000490467 -0.0103555 0.595105 0.803581
-0.018494 -0.0125389 0.595336 0.803166
-0.0146401 -0.00823018 0.589804 0.807371
-0.00949775 -0.0033941 0.596659 0.802432
-0.0130661 -0.0141701 0.595857 0.802859
-0.00511581 -0.00465778 0.591598 0.806203
0.00232039 -0.00373015 0.588887 0.808203
0.00206543 -0.00234351 0.593449 0.804866
-0.0118881 -0.00745584 0.595996 0.802865
-0.0218421 -0.00553842 0.59741 0.801619
-0.00082289 -0.00519083 0.590093 0.807318
0.0195802 0.00851695 0.587333 0.809063
0.0116627 -0.00735886 0.58798 0.808758
-0.014449 -0.00996151 0.590402 0.806918
-0.0205513 -0.00542085 0.59371 0.804398
-0.0182283 -0.00652397 0.599259 0.800321
-0.013638 -0.00369113 0.599741 0.800069
-0.00767792 -0.00570743 0.590905 0.806685
-0.0124103 -0.0130146 0.586021 0.810096
-0.0305946 -0.0069122 0.626811 0.77854
-0.00588444 -0.00163354 0.741123 0.671342
0.00952934 0.000402251 0.838386 0.544994
-0.017586 -0.029556 0.90985 0.413509
0.0155184 -0.0135228 0.957135 0.28891
0.0141766 -0.00764631 0.988963 0.147284
0.0193847 -0.0261192 0.9908 0.131369
0.00834535 -0.0174274 0.990153 0.138652
0.0119238 -0.0213578 0.984028 0.176326
0.00855791 -0.00789268 0.97049 0.240858
-0.00603103 0.00529667 0.918568 0.395182
0.00582024 -0.000321153 0.833011 0.553226
0.0170969 -0.00117207 0.724294 0.689278
0.0209435 -0.00137037 0.584825 0.810888
0.0222963 0.00163603 0.421347 0.906624
0.010177 -0.00639079 0.270008 0.962783
0.00333781 -0.0108243 0.0969007 0.99523
-0.00471245 -0.0100412 -0.062909 0.997958
-0.00234743 -0.00523583 -0.042194 0.999093
0.00253481 0.0053601 -0.117091 0.993104
-0.00643023 0.00182729 -0.206708 0.97838
-0.0102643 0.00378337 -0.387965 0.921609
-0.0151457 0.00652862 -0.545022 0.83826
-0.0116673 0.00941123 -0.672309 0.740119
-0.0103545 0.00948675 -0.76194 0.647495
-0.0125824 -0.00556371 -0.769822 0.638111
-0.00634764 0.00401222 -0.769246 0.638908
-0.0170714 0.0138654 -0.770535 0.637018
-0.00902252 0.00776454 -0.766506 0.642127
-0.0196366 0.0170604 -0.766079 0.64222
-0.0175864 0.0163883 -0.765819 0.642606
-0.0142075 0.0130156 -0.768811 0.639185
-0.0169376 0.0100686 -0.7877 0.615744
-0.00980199 0.0171205 -0.79241 0.60967
-0.0149461 0.018657 -0.798175 0.601952
-0.0153322 0.0204224 -0.807753 0.588967
-0.00818088 0.0196787 -0.815844 0.577879
-0.0133728 0.0157918 -0.821562 0.569743
-0.0140354 0.0110432 -0.824485 0.565601
-0.00356467 0.0156422 -0.824473 0.565674
-0.010928 0.010086 -0.815199 0.57899
-0.01659 0.0088241 -0.802773 0.595988
-0.00178023 0.0253443 -0.796726 0.603806
-0.0110941 0.0224071 -0.798899 0.600945
-0.00887737 0.0180057 -0.798744 0.601336
-0.0120197 0.0143161 -0.793552 0.608215
-0.0172612 0.0117336 -0.794107 0.607419
-0.0165175 0.0269872 -0.7949 0.605915
-0.0239505 0.0196285 -0.796741 0.603526
-0.0189445 0.0276137 -0.797365 0.602567
-0.0148277 0.0306061 -0.800118 0.598878
-0.0144779 0.0189243 -0.806661 0.590534
-0.0144519 0.00770149 -0.809276 0.587201
-0.00473269 0.0220457 -0.805668 0.591938
-0.0116083 0.0235528 -0.794022 0.607321
-0.00882944 0.0190616 -0.789997 0.612751
-0.00710448 0.0215189 -0.788175 0.615034
-0.0105501 0.0157239 -0.789833 0.613029
-0.0140295 0.0151007 -0.792836 0.609086
-0.0112867 0.0206143 -0.787481 0.615891
-0.0118439 0.0228446 -0.786066 0.617607
-0.0153517 0.0172957 -0.792744 0.609116
-0.0110388 0.0228249 -0.79198 0.610021
-0.0157011 0.028369 -0.78547 0.61805
-0.012507 0.0162232 -0.788068 0.615248
-0.00457355 0.0127734 -0.790349 0.612506
-0.0133621 0.0268129 -0.796478 0.603925
-0.019879 0.0346869 -0.810649 0.584166
-0.0133792 0.0230542 -0.82787 0.560286
0.00587535 0.00404397 -0.846712 0.532004
-0.00457122 -0.000364689 -0.844663 0.535279
-0.00695599 0.00846374 -0.840929 0.541035
-0.00505171 0.0229146 -0.839383 0.543034
-0.0109608 0.0308717 -0.838815 0.54343
-0.00116844 0.0235715 -0.832215 0.55395
0.00725616 0.0148069 -0.830583 0.556651
-0.0167055 0.0161753 -0.842538 0.538134
-0.0211241 0.0175096 -0.826858 0.561741
-0.0145512 0.00898649 -0.811276 0.584413
-0.0104784 -0.00331612 -0.789075 0.614198
-0.0200118 0.0103295 -0.777635 0.628312
-0.0238566 0.015929 -0.76133 0.647729
-0.0285897 0.039876 -0.73517 0.676105
-0.0333791 0.0389564 -0.735008 0.676115
-0.0193688 0.022602 -0.738776 0.673294
-0.0148646 0.0303027 -0.748935 0.661783
-0.0216463 0.0142104 -0.769527 0.638089
-0.015113 0.0225916 -0.780896 0.624069
-0.0174875 0.0378168 -0.802396 0.595335
-0.0259489 0.0192159 -0.823712 0.566089
-0.0142397 0.019244 -0.832749 0.553132
-0.0109055 0.00667176 -0.841433 0.54021
-0.00884701 0.00685835 -0.84176 0.539735
-0.00827003 0.0203543 -0.838763 0.544053
-0.0134224 0.00932514 -0.837961 0.545485
-0.0106613 0.0135772 -0.828823 0.559244
9.679e-05 0.035205 -0.822518 0.567648
-0.016528 0.0175828 -0.829283 0.558307
-0.0127895 0.0235978 -0.817864 0.574785
-0.0157853 0.0353901 -0.822176 0.567913
-0.017263 0.028066 -0.821728 0.568926
-0.0154593 0.0310462 -0.818855 0.572952
-0.00969002 0.0208336 -0.820257 0.571533
0.0146401 0.0216114 -0.827874 0.560307
-0.00689217 0.0194454 -0.821441 0.569921
-0.012378 0.0150243 -0.818156 0.574667
-0.00522476 0.0130649 -0.813399 0.581536
-0.0151688 0.0230662 -0.805739 0.591627
-0.0143612 0.00952071 -0.809392 0.587016
-0.00596394 0.0186443 -0.811915 0.583448
-0.0156326 0.0286917 -0.8086 0.587451
-0.0145772 0.022556 -0.809874 0.585989
-0.00380448 0.0175002 -0.81293 0.582086
-0.00986368 0.0241041 -0.805487 0.592041
-0.0136068 0.0227039 -0.806367 0.590823
-0.00328132 0.0176641 -0.794058 0.607576
-0.0167498 0.0280082 -0.777277 0.628312
-0.0155123 0.0200074 -0.76367 0.64511
-0.00567084 0.0180321 -0.760202 0.649411
-0.0143764 0.0298739 -0.755364 0.654466
-0.0156685 0.0263892 -0.753834 0.656347
-0.00445315 0.0216407 -0.754965 0.655393
-0.0126728 0.0330419 -0.753078 0.656979
-0.0147193 0.0259293 -0.769889 0.637481
-0.00409437 0.0143855 -0.78602 0.61802
-0.0135003 0.0231436 -0.802532 0.596008
-0.0186236 0.0263486 -0.821821 0.568831
-0.010318 0.0214018 -0.840835 0.54077
-0.0165734 0.0238084 -0.853412 0.520429
0.0116035 -0.0132675 0.870266 -0.492266
0.00162242 -0.0090371 0.886268 -0.463083
0.0153933 -0.0196074 0.892734 -0.449893
0.0130265 -0.0127601 0.897296 -0.441053
0.00476552 -0.00460408 0.893049 -0.449911
0.00636816 -0.000691453 0.881036 -0.473005
0.00655542 0.000848273 0.870783 -0.491623
-4.73522e-05 0.00398137 -0.848135 0.529765
0.00301994 0.0264334 -0.802368 0.596237
-0.00890177 0.0146635 -0.804372 0.593878
-0.0146462 0.0127028 -0.805439 0.592362
-0.0125234 0.0222599 -0.8048 0.592996
-0.0132171 0.022892 -0.803459 0.594773
-0.00699168 0.0176478 -0.80379 0.59461
-0.00158513 0.0154445 -0.804253 0.594084
-0.0153251 0.00789808 -0.772315 0.635006
-0.0164562 0.00642057 -0.743883 0.668076
-0.0233116 0.014165 -0.744864 0.666658
-0.0267054 0.0177836 -0.760556 0.648479
-0.0184817 0.0153381 -0.778114 0.627664
-0.0253686 0.0216987 -0.800658 0.598191
-0.029255 0.0149443 -0.817037 0.575649
-0.0217189 0.022787 -0.835041 0.549286
-0.0189379 0.0321586 -0.846817 0.530574
-0.0209857 0.0124983 -0.855689 0.516914
-0.0123167 0.0125652 -0.848353 0.529138
-0.00646003 0.0243568 -0.845596 0.533229
-0.0127011 0.00255946 -0.840302 0.541964
-0.0107056 -0.000993833 -0.822401 0.568806
-0.00833967 0.0142462 -0.82483 0.56514
-0.00986008 0.0188611 -0.827735 0.560716
-0.0218589 0.0387247 -0.810458 0.584106
-0.0228095 0.0354484 -0.821173 0.569121
-0.0135957 0.0223871 -0.829708 0.557583
-0.0171589 0.0241749 -0.830455 0.556296
-0.0119469 0.0180662 -0.834602 0.550427
-0.00632726 0.0141975 -0.830399 0.556952
-0.0204345 0.0264482 -0.824874 0.564328
-0.0241125 0.0220091 -0.823885 0.565817
-0.0133054 0.0250671 -0.822264 0.568399
-0.00796912 0.0321446 -0.821296 0.56954
-0.0140061 0.0176423 -0.826958 0.561813
-0.0141834 0.0198422 -0.820627 0.570943
-0.00911982 0.0367385 -0.820213 0.570804
-0.0174275 0.0168622 -0.824957 0.564675
-0.0140817 0.0163324 -0.819211 0.573086
-0.0135811 0.00796489 -0.822417 0.568667
-0.0112344 0.0131546 -0.822194 0.568944
-0.00915898 0.0350817 -0.818571 0.573259
-0.00737661 0.0195509 -0.816972 0.576299
-0.0137875 0.0254364 -0.813052 0.581471
-0.0131888 0.023783 -0.817691 0.575015
-0.00609996 0.0178575 -0.817196 0.576051
-0.0152626 0.0274948 -0.813573 0.580612
-0.0191563 0.0270141 -0.81868 0.573294
-0.0180118 0.0236777 -0.816188 0.577019
-0.00993207 0.0363485 -0.821023 0.56965
-0.00766929 0.0256931 -0.840595 0.541
-0.00327871 0.0178112 -0.853246 0.521194
-0.00611493 0.00942048 -0.850413 0.525995
-0.00573671 0.0114643 -0.842651 0.538307
-0.00394214 0.0170156 -0.839815 0.542592
-0.00848978 0.00868383 -0.842175 0.539068
-0.00369859 0.0155186 -0.842596 0.53831
-0.0124679 0.0185544 -0.844436 0.53519
-0.00943577 0.0228671 -0.850429 0.525508
-0.00774616 0.0229143 -0.855556 0.517146
-0.0069772 0.0218136 -0.856444 0.515732
0.00234797 -0.0174443 0.866696 -0.498526
0.0121145 -0.0268448 0.896735 -0.441587
0.00586394 -0.0151553 0.896315 -0.44312
0.00765019 -0.0148486 0.959957 -0.279649
0.00770723 -0.00870263 0.993973 -0.109005
0.00936778 -0.00234326 0.996762 0.0798297
0.0155411 -0.0109393 0.977732 0.208995
0.0260047 -0.0107538 0.975757 0.217042
0.0185012 -0.00636809 0.974506 0.223506
0.0095874 0.00465977 0.976012 0.217456
0.0122367 0.00246642 0.979888 0.199158
0.00448694 7.99687e-05 0.979272 0.202499
0.00430068 -0.000566052 0.978478 0.206307
0.00855018 -0.000484918 0.981198 0.192813
0.000210938 -0.00878247 0.98288 0.184035
0.00219149 -0.00178522 0.98356 0.180561
0.00455002 0.00545122 0.988052 0.153959
-0.00263369 0.00570751 0.993456 0.114039
-0.00516616 0.00231795 0.998391 0.0564147
0.00529345 -0.00207079 0.999977 0.00372514
0.00186113 -0.00417948 0.998935 -0.0459078
-0.00426147 -0.0108822 0.989023 -0.147298
6.30356e-05 -0.00844511 0.947135 -0.320724
0.0105412 -0.0222489 0.88351 -0.467764
0.0195113 -0.0354113 0.949631 -0.31075
0.00980915 -0.0189717 0.987439 -0.156548
0.0121329 -0.00859872 0.999683 0.0203238
0.0143262 -0.00767154 0.977972 0.208101
0.0150196 -0.00796777 0.924962 0.379678
0.0191927 -0.0115489 0.838437 0.544539
0.0111538 -0.00938414 0.720307 0.693502
0.012455 -0.00173352 0.602728 0.797848
0.0113543 -0.00349713 0.718387 0.695543
0.0245071 -0.0029422 0.777796 0.628032
0.00299133 -0.01499 0.76564 0.643087
-0.00991854 -0.0174105 0.730073 0.683076
-0.0133426 -0.0138077 0.639501 0.768551
-0.00274061 -0.00808922 0.621382 0.783461
0.00891738 -0.0019409 0.64309 0.765736
0.00738673 -0.00826489 0.647068 0.762352
-0.00239771 -0.0135479 0.643979 0.764919
-0.0114338 -0.00634659 0.635425 0.772052
-0.00967838 -0.00668721 0.612359 0.790492
-0.00344124 -0.00133496 0.601879 0.798578
0.0076354 -0.000401244 0.599411 0.800405
-0.000645276 -0.00726655 0.599324 0.800474
-0.0133345 -0.00567003 0.605057 0.79605
-0.0122805 -0.00665303 0.558839 0.829158
-0.0102969 -0.00449851 0.511598 0.859152
-0.000373873 -0.00243206 0.505533 0.862803
0.00839045 0.00226433 0.518663 0.854935
0.0118343 0.000141253 0.525017 0.851009
-0.00115941 -0.00529686 0.535104 0.844769
-0.00733355 -0.00976637 0.541449 0.840645
0.00172013 -0.00606067 0.54704 0.837083
0.0104349 0.00225551 0.562615 0.82665
0.00386798 0.000200299 0.638906 0.769275
-0.0098898 -0.00625616 0.64174 0.766833
-0.0164515 -0.000192838 0.560891 0.827726
-0.0125856 -0.00947394 0.691666 0.722046
0.00669384 -0.0142367 0.801401 0.59792
0.0131821 -0.0157939 0.888376 0.458656
0.0155188 -0.013509 0.911536 0.410704
0.00249279 -0.0160778 0.883376 0.468382
-0.00188623 -0.0202933 0.811934 0.583393
0.0013692 -0.0116423 0.753959 0.656817
0.00281351 -0.0123305 0.740205 0.672263
-0.00237274 -0.00586125 0.728713 0.68479
-0.0102563 -0.0156169 0.69829 0.715571
-0.0159801 -0.0159592 0.661585 0.74953
-0.0138309 -0.0119237 0.627874 0.7781
-0.0094635 -0.0071593 0.589339 0.807799
0.00147359 -0.0184759 0.579492 0.814767
-0.00601747 -0.0180514 0.574551 0.818247
-0.0104862 -0.0179264 0.555906 0.830986
7.61402e-05 -0.00499524 0.527364 0.849625
-0.00638682 -0.00479494 0.510721 0.859709
0.00238506 -0.000318103 0.495543 0.86858
-0.0101313 -0.00515032 0.497681 0.867286
0.00487409 0.00332429 0.493177 0.869909
-0.00112788 -0.00555079 0.513284 0.8582
0.0012648 -0.00196571 0.529453 0.848336
0.000186196 0.0141287 0.556256 0.830891
-0.00300522 -0.00730775 0.609482 0.792761
-0.0172978 -0.0162242 0.615075 0.788112
-0.0211917 -0.0168487 0.636836 0.770524
-0.0267256 -0.0136897 0.634578 0.772275
-0.0155361 -0.012337 0.6255 0.779972
-0.00877433 -0.000138527 0.612182 0.790668
-0.0135074 -0.00845115 0.614534 0.788729
-0.0108608 -0.00913548 0.608965 0.79307
-0.00557163 -0.001674 0.609728 0.792589
-0.013391 -0.00985999 0.617934 0.786054
0.00387434 -0.0102035 0.613313 0.789765
-0.0029875 -0.00697216 0.612913 0.790114
-0.0284608 -0.000992131 0.619119 0.78478
-0.0080479 -0.0146063 0.613078 0.789846
-0.0127417 -0.00726172 0.614723 0.788606
-0.020627 -0.00491805 0.611706 0.790801
-0.00430985 -0.0134654 0.607158 0.794455
-0.0113159 -0.00894146 0.612403 0.790414
-0.0263512 -0.00775924 0.606091 0.794921
-0.0212758 -0.00596034 0.600955 0.798977
-0.0215052 -0.00633265 0.599698 0.799912
-0.00686731 -0.0111089 0.593359 0.804832
-0.0084964 -0.00561072 0.592498 0.805508
-0.0193144 -0.00468587 0.589174 0.807761
-0.00494173 -0.0111791 0.583427 0.812074
-0.0115304 -0.00534333 0.590218 0.807144
-0.0202049 -0.00580026 0.591357 0.806136
0.00402693 -0.00887355 0.589309 0.807849
-0.00533363 -0.00529439 0.58828 0.808623
-0.0102114 -0.0104175 0.584057 0.811581
-0.0114056 -0.00857821 0.594396 0.804046
-0.0231297 -0.00352363 0.59295 0.804899
-0.00366214 -0.0105988 0.58549 0.810602
-0.00768464 -0.00656355 0.589353 0.807813
-0.0206132 -0.00693965 0.587141 0.809192
-0.00879343 -0.014637 0.582616 0.812568
-0.0134467 -0.0119821 0.589676 0.807439
-0.0233647 -0.00273373 0.592864 0.804959
-0.00290106 -0.0105968 0.586459 0.809905
-0.00675648 -0.0046063 0.588781 0.808251
-0.0206875 -0.00465619 0.586153 0.809923
-0.00798484 -0.0129395 0.575457 0.817691
-0.0159131 -0.00659223 0.574967 0.817995
-0.0222043 -0.00656359 0.561209 0.82735
0.00495643 -0.010982 0.552518 0.833414
-0.0017232 -0.0060048 0.549624 0.835389
-0.00227996 -0.00887088 0.545315 0.838181
-0.00741817 -0.00626496 0.549819 0.835228
-0.0213567 -0.00331968 0.551551 0.833861
-0.00390084 -0.00917798 0.54392 0.839078
-0.0105369 -0.00432448 0.549155 0.835643
-0.0214352 -0.00199031 0.550981 0.83424
-0.00299229 -0.0103518 0.554033 0.832425
-0.0121763 -0.00876154 0.561819 0.827124
-0.0276732 -0.00302428 0.565472 0.824298
-0.0175275 -0.0109792 0.561001 0.827557
-0.0161848 -0.00363146 0.569986 0.821487
-0.0185257 0.00329128 0.566725 0.823692
-0.0121918 -0.000628338 0.558725 0.829263
-0.00762541 -0.00541048 0.555248 0.831632
-0.00673457 -0.00275399 0.558891 0.829209
-0.0108081 -0.00201791 0.556902 0.830505
-0.0191639 -0.000812832 0.542655 0.839737
-0.0224777 -0.00306396 0.455072 0.890166
-0.0131349 -0.0103905 0.330435 0.94368
0.00304827 -0.00152564 0.254514 0.967063
0.0114905 0.00929445 0.168884 0.985525
0.0191814 0.00896018 0.155624 0.98759
0.0167764 0.00906912 0.184101 0.982722
0.0180972 0.01217 0.312651 0.949618
0.0142879 0.00317893 0.486598 0.873503
-0.000541683 -0.0119123 0.579462 0.814912
-0.0226933 -0.0125271 0.565809 0.824129
-0.030355 -0.019074 0.526765 0.849255
-0.0250519 -0.0200525 0.487593 0.872481
-0.0120394 0.000574262 0.440531 0.897656
-0.00264694 -0.00210806 0.404371 0.914589
-0.00496544 -0.00372615 0.361472 0.932362
-0.0175663 0.00142146 0.322475 0.946414
-0.00960333 0.011633 0.266983 0.963583
-0.013421 0.00395133 0.17898 0.983753
-0.00148451 0.0050749 0.128394 0.991709
0.00974226 0.0050703 0.0792372 0.996795
0.0153393 0.00812562 0.0336142 0.999284
0.00551997 -0.00470349 0.00502447 0.999961
0.00136381 0.00266214 -0.0393128 0.999222
-0.00247869 0.00391532 -0.0929333 0.995662
0.00254804 0.00820131 -0.143905 0.989554
0.00532487 0.0112666 -0.192911 0.981137
0.00477867 0.0162303 -0.241196 0.970329
-0.00526532 0.00342515 -0.269102 0.963091
-0.00901507 -0.0021 -0.304512 0.952463
-0.00264856 -0.000879001 -0.330803 0.943696
-0.00524761 -0.001397 -0.325412 0.945557
9.75917e-05 0.00347855 -0.323912 0.946081
0.0097811 0.00836829 -0.303525 0.952736
-0.00231426 0.00129016 -0.281099 0.959675
-0.00650477 0.00809917 -0.283686 0.958861
0.00412908 0.00583827 -0.282334 0.95929
-0.00507905 0.005972 -0.284484 0.958649
-0.00946418 0.0135071 -0.298182 0.954367
