1770718621.359382868 -0.139128193 0.012041972 -0.062664509 0.003505668 0.002712939 0.013817270 0.999894679
1770718631.359711885 0.404196262 -0.001174703 -0.078156427 -0.000533040 0.002221348 -0.101850159 0.994797111
1770718632.059933186 0.954141080 -0.119506091 -0.071539477 0.005508671 0.007045750 -0.106601171 0.994261622
1770718632.659410477 1.475503325 -0.232405946 -0.072423436 0.004843026 0.008169526 -0.112899870 0.993560970
1770718633.359809875 2.039658785 -0.329720020 -0.070142947 -0.000558736 0.008601422 -0.160241559 0.987040222
1770718634.059508801 2.530534983 -0.439839482 -0.052887600 -0.010425718 0.012064591 -0.245494619 0.969266832
1770718634.859780073 2.976544619 -0.715284526 -0.045906503 -0.004741114 0.009562372 -0.350175947 0.936623156
1770718635.659439564 3.363255978 -1.128477454 -0.059550229 0.010872584 0.000244528 -0.409726381 0.912143648
1770718636.259813070 3.706977844 -1.497885585 -0.063698679 0.007331252 0.001809317 -0.414296627 0.910110593
1770718636.859869719 4.074424267 -1.876292706 -0.060632996 -0.000295145 0.011552873 -0.414326638 0.910054862
1770718637.559844494 4.452793598 -2.306662083 -0.068703361 -0.003257178 0.007720581 -0.484909385 0.874524236
1770718638.159736633 4.720783234 -2.748079300 -0.092441298 -0.008148898 0.008367744 -0.594135225 0.804280400
1770718638.859745502 4.860757351 -3.312645435 -0.116072118 -0.001935840 0.013749815 -0.715430498 0.698545992
1770718639.459989548 4.790341854 -3.834843874 -0.135642856 0.013044992 -0.003699026 -0.726977468 0.686527371
1770718640.059736490 4.700022221 -4.376703262 -0.122930653 0.022376239 -0.019097267 -0.710044742 0.703541815
1770718640.659784317 4.725381374 -4.952913284 -0.126162753 0.011023585 -0.005936703 -0.681300759 0.731896520
1770718641.159777641 4.812867641 -5.451250076 -0.131824523 -0.003692282 0.004084653 -0.680362880 0.732854724
1770718641.659474373 4.886875629 -5.971237183 -0.129361749 -0.006163949 0.010708137 -0.689058185 0.724600673
1770718642.159991026 4.880846024 -6.497806549 -0.155926436 0.004064621 0.005401308 -0.691767752 0.722088397
1770718642.659781694 4.895967960 -7.037357330 -0.157815710 0.000629545 -0.002541918 -0.693232775 0.720709026
1770718643.159763098 4.950789928 -7.591028690 -0.143018961 -0.006716802 0.008154262 -0.689273596 0.724424124
1770718643.659803152 4.991612434 -8.143857956 -0.142381832 -0.006275053 0.011099540 -0.689132035 0.724523604
1770718644.159898758 5.005232334 -8.645600319 -0.135814995 -0.003491592 0.000892659 -0.695557773 0.718461096
1770718644.759795666 4.991803646 -9.213438034 -0.139906123 0.001714483 -0.000253222 -0.696099043 0.717943609
1770718645.459886312 5.063008785 -9.791062355 -0.153017685 0.000269982 0.014472267 -0.693358660 0.720447302
1770718646.159785748 5.098793030 -10.344763756 -0.165365145 -0.007093620 0.009212114 -0.689071894 0.724599779
1770718646.859866142 5.098378181 -10.880455017 -0.151635334 -0.003580869 -0.001643726 -0.690688848 0.723141372
1770718647.859514952 5.131500721 -11.403594017 -0.166922733 -0.004469216 0.006736408 -0.694244444 0.719693959
1770718648.759580851 5.135815144 -11.929092407 -0.170566022 0.000916242 -0.001139066 -0.692892373 0.721039534
1770718649.859825134 5.185473919 -12.454113960 -0.174621448 -0.009852426 0.003500627 -0.690883338 0.722890675
1770718651.259915352 5.253579140 -12.753719330 -0.168807253 -0.002764013 -0.004640588 -0.807616532 0.589683115
1770718652.059955359 5.323031902 -12.743741989 -0.183839411 -0.000837294 0.010869510 0.900447607 -0.434827834
1770718652.859847307 5.344911098 -12.824758530 -0.176293030 0.006209724 0.008078273 0.963287115 -0.268279970
1770718653.559572935 5.151481628 -13.045716286 -0.148549855 0.007310329 0.003956854 0.994910836 -0.100415803
1770718654.459614754 4.605814457 -13.128962517 -0.148193732 0.001638177 0.008254685 0.999323666 -0.035795759
1770718655.059608459 4.096144199 -13.123157501 -0.149553984 -0.002862877 0.006672072 0.986953318 -0.160842583
1770718655.859853745 3.572264433 -13.303963661 -0.130872339 -0.000646676 0.004223482 0.941991985 -0.335608184
1770718656.459875584 3.195843935 -13.666656494 -0.153792739 0.001122363 -0.003544796 0.903047681 -0.429524153
1770718657.059923172 2.864648342 -14.096229553 -0.152790964 0.003915126 -0.000500859 0.896376967 -0.443275064
1770718657.759898663 2.501562119 -14.556727409 -0.157888919 0.002638619 0.002640271 0.891679049 -0.452652723
1770718658.359612465 2.153101206 -15.052680016 -0.150155976 0.002811590 0.002226024 0.882626593 -0.470061034
1770718658.959661245 1.837476969 -15.531825066 -0.149968356 0.001133392 -0.003642224 -0.861187994 0.508272231
1770718659.559925079 1.545930266 -16.036256790 -0.139385775 0.002168751 -0.006302032 -0.831904471 0.554878771
1770718660.059654713 1.363424182 -16.559476852 -0.145514414 -0.004748347 -0.003913556 -0.804503500 0.593916059
1770718660.559914589 1.248719096 -17.069225311 -0.128665775 -0.007228365 0.007525784 -0.777648687 0.628612518
1770718661.059982300 1.151856661 -17.620149612 -0.149118602 -0.009364089 0.021779228 -0.774062157 0.632665634
1770718661.559921265 1.042939425 -18.203224182 -0.148041055 -0.008060570 0.018886197 -0.776835084 0.629369199
1770718662.059322834 0.905776143 -18.788940430 -0.128408194 0.004597755 0.014826318 -0.776168704 0.630334258
1770718662.559884071 0.795899689 -19.347423553 -0.175400048 0.006548804 0.011612504 -0.761400998 0.648144186
1770718663.059926987 0.729140162 -19.922389984 -0.174051479 -0.004948049 0.005946157 -0.732973933 0.680212736
1770718663.562219858 0.708371758 -20.491521835 -0.167154461 -0.004522562 0.008826861 -0.706691086 0.707452714
1770718664.059902430 0.718062699 -21.024806976 -0.186808735 -0.008215938 0.020672431 -0.703437805 0.710408628
1770718664.559987068 0.746494591 -21.543048859 -0.175997958 -0.015946809 0.015438999 -0.709557533 0.704297900
1770718665.159612894 0.741005361 -22.117887497 -0.176704854 -0.015151336 0.015529711 -0.728929162 0.684245229
1770718665.760030985 0.710671067 -22.636367798 -0.182259008 -0.011279665 0.014470230 -0.751651168 0.659305573
1770718666.359969378 0.629040480 -23.171236038 -0.188086689 -0.004983800 0.006666320 -0.775064349 0.631827533
1770718666.959932327 0.518719077 -23.703495026 -0.168861404 -0.003544052 0.008936708 -0.806740820 0.590827286
1770718667.659677505 0.453313917 -24.149787903 -0.158984452 0.016411494 -0.017377796 0.889571190 -0.456170797
1770718668.359534740 0.105053693 -24.533094406 -0.168703794 0.011454212 -0.005710648 0.951243997 -0.308173835
1770718669.159632683 -0.387154728 -24.781349182 -0.184188157 0.004421521 0.009626042 0.992377400 -0.122780062
1770718669.959491014 -0.924085796 -24.893108368 -0.135501087 0.010331018 0.005415416 0.999749601 -0.019095669
1770718670.859563589 -1.171243072 -24.800598145 -0.147641003 0.008715025 0.005480019 0.979743183 -0.199993014
1770718671.559544563 -1.244015694 -24.812665939 -0.176577970 0.003594147 -0.003778486 0.934934199 -0.354782820
1770718672.360042334 -1.250249743 -24.758075714 -0.186663792 -0.014183797 0.009249726 -0.859195232 0.511367679
1770718673.059654951 -1.279474497 -24.723405838 -0.186730042 -0.024044316 0.016643230 -0.763022363 0.645710230
1770718673.859784842 -1.355954170 -24.705615997 -0.196320429 -0.029873269 0.013288353 -0.627400696 0.778009951
1770718674.559969902 -1.414281964 -24.775316238 -0.214028642 -0.018743161 0.004059926 -0.496297449 0.867940724
1770718675.259384155 -1.331449509 -24.996509552 -0.179914370 -0.008601736 0.010390879 -0.347265035 0.937669992
1770718676.059751749 -1.372710824 -25.081232071 -0.158093035 -0.007918494 0.002614702 -0.171597391 0.985131919
1770718676.859607458 -1.026677132 -25.260900497 -0.160398990 -0.002985741 0.006531703 0.017774446 0.999816239
1770718677.659601212 -0.604366481 -25.286405563 -0.168986052 0.005382824 0.006734909 0.196698159 0.980426192
1770718678.459673882 -0.208951160 -25.150669098 -0.181012079 0.000656729 0.007402216 0.376729935 0.926293314
1770718679.259600163 0.164531276 -24.817661285 -0.200592488 0.011807158 0.006711808 0.542198479 0.840140641
1770718679.959369659 0.387059778 -24.322843552 -0.203471139 0.012570987 0.012905109 0.645973086 0.763147533
1770718680.659727097 0.415747464 -23.771938324 -0.188984334 0.000974111 0.001191546 0.651321828 0.758800089
1770718685.359496832 0.554897010 -23.248382568 -0.217525259 0.004274701 -0.002176245 0.658266306 0.752769828
1770718685.959609985 0.631486237 -22.697063446 -0.203136533 0.005621516 0.003945821 0.669093251 0.743146718
1770718686.459851742 0.707185388 -22.170564651 -0.197339028 0.014842180 0.009078360 0.686406076 0.727010310
1770718687.059648275 0.740325451 -21.600492477 -0.192259386 0.011186529 0.006905209 0.709037602 0.705048084
1770718687.659599304 0.695883214 -21.074312210 -0.193609655 0.001108323 -0.000132791 0.710813642 0.703379512
1770718688.259510756 0.658469796 -20.546127319 -0.181656480 -0.005259783 -0.003061706 0.696156263 0.717864454
1770718688.959810734 0.696774125 -19.968408585 -0.184438512 -0.001107771 0.001942954 0.644311547 0.764759839
1770718689.559815645 0.800210118 -19.457624435 -0.164189443 0.006026711 -0.000302892 0.578492165 0.815665662
1770718690.159792423 1.026924968 -18.977603912 -0.164422959 0.018916184 0.005391421 0.563644111 0.825783491
1770718690.757876873 1.230207562 -18.496917725 -0.163195670 0.024818456 0.010204030 0.623801053 0.781122327
1770718691.459814787 1.336371899 -17.979209900 -0.178741321 0.026438881 0.009896312 0.706809759 0.706840158
1770718692.059678078 1.254930735 -17.430025101 -0.169083923 0.003089553 -0.002349548 0.704796493 0.709398925
1770718692.659711361 1.184970260 -16.920589447 -0.135764331 -0.006588814 -0.007918197 0.643906832 0.765034556
1770718693.359620810 1.294577599 -16.387254715 -0.137394249 -0.000069230 -0.004896279 0.513901889 0.857834995
1770718694.059858322 1.614322305 -15.891670227 -0.134900033 0.003472480 0.005370148 0.399575979 0.916677773
1770718694.659432173 2.004350662 -15.549642563 -0.144725367 0.013152545 0.017659146 0.412363261 0.910753369
1770718695.259881496 2.363112211 -15.164016724 -0.149434328 0.013874359 0.020986645 0.415975422 0.909027755
1770718695.859615803 2.668545008 -14.719112396 -0.151040584 0.002456897 0.007237338 0.399647892 0.916636884
1770718696.459456205 3.065070629 -14.281095505 -0.149256557 0.002670946 0.002758895 0.364063978 0.931366026
1770718697.059452295 3.488933086 -13.907821655 -0.142967314 0.007899543 0.003563098 0.313973963 0.949392021
1770718697.759696007 3.944239855 -13.588466644 -0.138288155 0.011809185 0.004458934 0.189094886 0.981877685
1770718698.459622145 4.465514660 -13.396846771 -0.153808713 0.010657839 0.000542192 0.029915493 0.999495447
1770718699.159864902 5.005697727 -13.397807121 -0.168630287 0.014818506 0.003796623 -0.137167394 0.990429759
1770718699.859835863 5.471781731 -13.522701263 -0.156000495 0.006012993 0.002949875 -0.296289682 0.955074608
1770718700.659562588 5.833017826 -13.792529106 -0.176279709 0.002479766 0.010768684 -0.461239010 0.887207091
1770718701.359514475 6.123320580 -14.210391998 -0.190619394 -0.000841582 0.011770051 -0.595502257 0.803266943
1770718701.959697008 6.279509544 -14.746261597 -0.189934596 -0.002333140 0.008233482 -0.655443966 0.755195320
1770718702.459867239 6.322838306 -15.312796593 -0.208170906 0.004594718 0.005185265 -0.691454411 0.722386897
1770718702.959647417 6.331258774 -15.893756866 -0.198647097 0.002289106 0.002310339 -0.726131916 0.687547684
1770718703.459799290 6.300285339 -16.469888687 -0.192745000 0.008569456 -0.000572952 -0.758842766 0.651217222
1770718703.959792376 6.201313019 -17.031467438 -0.210155874 0.013445225 -0.004672711 -0.767634571 0.640729666
1770718704.459728479 6.073060036 -17.595909119 -0.221499488 0.010809497 -0.011168154 -0.745140970 0.666725874
1770718704.959768534 6.005728722 -18.202733994 -0.208092704 0.018629529 -0.006264620 -0.725016475 0.688450992
1770718705.359764576 5.971550941 -18.707830429 -0.227673903 0.014897532 -0.009406654 -0.719191730 0.694588244
1770718705.759790659 5.941861629 -19.270374298 -0.229770422 0.024611179 -0.012614347 -0.704236150 0.709426999
1770718706.159804821 5.977180481 -19.936157227 -0.225340694 0.008156903 -0.002375949 -0.708331227 0.705829084
1770718706.559780836 6.039742947 -20.575540543 -0.252749741 -0.009257377 0.010744359 -0.711776793 0.702262521
1770718706.959821939 6.088800430 -21.166097641 -0.201735333 -0.013591561 0.021334298 -0.697922468 0.715726435
1770718707.359774828 6.127526760 -21.724920273 -0.221072599 -0.013146827 0.028119775 -0.692328334 0.720914602
1770718707.759717464 6.077960014 -22.332300186 -0.232772395 -0.003908044 0.005878345 -0.716822863 0.697219670
1770718708.159901381 6.028502464 -22.931234360 -0.267630845 0.021040551 0.003595138 -0.710259557 0.703616202
1770718708.559718370 6.052904129 -23.548690796 -0.257730842 0.006681259 0.001890642 -0.709336698 0.704835534
1770718708.959654093 6.049924374 -24.170660019 -0.306050330 -0.000166441 0.000880725 -0.704212308 0.709988952
1770718709.359948158 6.099280357 -24.818012238 -0.280979007 -0.002323699 0.010209216 -0.685498774 0.727998495
1770718709.659918070 6.152410030 -25.331773758 -0.278453708 -0.003270475 0.019229755 -0.677245975 0.735498011
1770718710.059640169 6.192666054 -25.980020523 -0.272203833 -0.002440642 0.007867726 -0.678956926 0.734131813
1770718710.459647655 6.262949467 -26.597490311 -0.293533385 -0.010168604 0.007074607 -0.674591005 0.738087773
1770718710.859765768 6.325453281 -27.237972260 -0.290292859 -0.003307016 0.020534664 -0.676861346 0.735816598
1770718711.259816408 6.355229378 -27.871284485 -0.284381568 -0.001143095 0.005495959 -0.681572676 0.731728911
1770718711.659827948 6.428291321 -28.477380753 -0.301746756 -0.007140481 0.007932308 -0.671679974 0.740764558
1770718712.059938908 6.510104656 -29.075094223 -0.317050070 -0.009132880 0.021051237 -0.678267121 0.734457076
1770718712.459807634 6.514846325 -29.704566956 -0.295129061 0.002873086 -0.000036722 -0.677088976 0.735895514
1770718712.759839535 6.577333927 -30.214750290 -0.289483547 -0.003154116 0.008628409 -0.678772569 0.734291136
1770718713.059828281 6.632372379 -30.715303421 -0.293715566 -0.002813777 0.005905301 -0.681532502 0.731758595
1770718713.459949255 6.696981907 -31.339448929 -0.301301867 -0.008618113 0.010119703 -0.677710354 0.735208809
1770718713.859947443 6.760804176 -31.985221863 -0.304396391 -0.005059381 0.020184351 -0.676553965 0.736099005
1770718714.259644032 6.773450375 -32.603126526 -0.282155633 0.005116072 0.007831503 -0.685061514 0.728425205
1770718714.659903049 6.829765797 -33.212459564 -0.314937353 -0.002389787 0.003101870 -0.675975323 0.736913860
1770718715.059722900 6.894781113 -33.842094421 -0.316053987 -0.000283000 0.019338381 -0.678400993 0.734437227
1770718715.459878683 6.917011738 -34.438842773 -0.317197084 0.001723816 0.003917537 -0.688920259 0.724824429
1770718715.859546423 7.028631210 -35.045951843 -0.313303262 -0.014511437 0.014509259 -0.675265670 0.737289071
1770718716.159731627 7.067708015 -35.548107147 -0.327755660 -0.020085199 0.009559039 -0.676424325 0.736176074
1770718716.559559822 7.101631641 -36.195793152 -0.318680912 -0.002302388 0.013228403 -0.675980031 0.736797631
1770718716.959862709 7.166709423 -36.841964722 -0.314188451 -0.008011988 0.008922396 -0.674308419 0.738352478
1770718717.359729767 7.219061375 -37.465579987 -0.326271147 -0.010050645 -0.000820972 -0.679654539 0.733463049
1770718717.759565353 7.265736103 -38.104728699 -0.317755908 0.003284626 0.011586485 -0.678481519 0.734518707
1770718718.159767389 7.354905605 -38.713146210 -0.304324090 -0.010052307 0.015689917 -0.674690664 0.737865329
1770718718.559695482 7.420842171 -39.310573578 -0.323661953 -0.016376533 0.009842204 -0.702261329 0.711662829
1770718718.959541321 7.417177200 -39.914573669 -0.315748006 0.001848455 0.007197138 -0.686993897 0.726625204
1770718719.259497881 7.448576927 -40.427265167 -0.329547197 0.001600119 0.007379218 -0.693226695 0.720680058
1770718719.659819126 7.480063915 -41.085391998 -0.322582990 0.000679868 -0.000343361 -0.697418571 0.716663659
1770718720.059544325 7.510961056 -41.730873108 -0.334967613 -0.004064770 0.000304232 -0.695627630 0.718391001
1770718720.459715843 7.549402237 -42.362926483 -0.333975405 -0.002181148 0.017691959 -0.694874823 0.718909740
1770718720.859782696 7.557270527 -43.000099182 -0.323008388 0.005138509 0.005737664 -0.697532415 0.716511905
1770718721.259600401 7.591817379 -43.615085602 -0.331784993 0.000403034 0.004231299 -0.685491920 0.728067875
1770718721.659751654 7.662157059 -44.202293396 -0.350705892 0.002974542 0.023482062 -0.674897671 0.737531602
1770718722.159813404 7.699671268 -44.754837036 -0.349219412 -0.007573714 0.010116717 -0.646426916 0.762871265
1770718722.659763813 7.780898094 -45.260509491 -0.355267286 -0.003230795 0.006498741 -0.609419048 0.792815089
1770718723.160222054 7.962433338 -45.810043335 -0.368837267 -0.005889700 0.014552366 -0.594406247 0.804011703
1770718723.659895658 8.150810242 -46.303966522 -0.380015492 -0.014985448 0.018587589 -0.592237413 0.805409729
1770718724.259464741 8.297369003 -46.812229156 -0.382455617 -0.015078352 0.011343340 -0.595199287 0.803356588
1770718724.959619761 8.430268288 -47.326416016 -0.392379999 -0.004957949 0.012303309 -0.651714325 0.758348465
1770718725.559835911 8.500834465 -47.860088348 -0.399404138 -0.002149976 0.003929903 -0.653513789 0.756901324
1770718726.059488058 8.573348045 -48.402614594 -0.395612866 -0.004623121 -0.000682184 -0.653535068 0.756881773
1770718726.659867764 8.671455383 -48.961524963 -0.395077020 -0.003052085 0.004152772 -0.656547904 0.754266679
1770718727.359489441 8.740237236 -49.468898773 -0.398010761 -0.005457709 0.008056168 -0.679182231 0.733905196
1770718728.259563923 8.801434517 -49.990180969 -0.402213991 -0.008341426 0.012270170 -0.694886863 0.718966007
1770718729.059649944 8.807447433 -50.495059967 -0.410932094 -0.005644892 0.002402017 -0.694422483 0.719541430
1770718729.759549141 8.812088966 -51.073551178 -0.405600190 0.001930464 -0.004499588 -0.698638737 0.715457857
1770718730.459682226 8.843077660 -51.639476776 -0.396989018 -0.000787131 -0.002089232 -0.700734377 0.713418782
1770718731.159907341 8.866290092 -52.168281555 -0.410463423 -0.004386109 -0.000371788 -0.698292792 0.715798736
1770718731.859510422 8.886671066 -52.670970917 -0.408839136 -0.006879381 0.003852441 -0.716067910 0.697986066
1770718732.959933043 8.854620934 -53.222499847 -0.399145365 -0.008090647 0.003015291 -0.803776860 0.594868124
1770718733.859787941 8.813965797 -53.401382446 -0.395235240 0.001072577 0.009111981 0.895255983 -0.445457637
1770718734.659798622 8.901006699 -53.404434204 -0.405635685 -0.003621934 0.013966778 0.963199615 -0.268399537
1770718735.359547138 8.946056366 -53.461215973 -0.404835463 0.006846183 0.009220095 0.993742168 -0.111106567
1770718736.259812355 8.993197441 -53.575397491 -0.414753169 0.014426799 0.009962393 0.998097658 0.059107151
1770718740.259840965 8.951797485 -53.500846863 -0.397306114 0.014244820 -0.007298361 0.993267238 -0.114734754
1770718741.059561014 8.928172112 -53.393760681 -0.417169571 0.019804904 -0.009891275 0.954602063 -0.297060251
1770718741.859759331 8.851724625 -53.336399078 -0.422649026 0.017192109 -0.010444860 0.887625992 -0.460125417
1770718745.759886742 8.585618973 -53.773349762 -0.420230418 -0.004298054 0.005758289 -0.797382593 0.603431284
1770718746.459540844 8.391306877 -54.285717010 -0.411373228 -0.000595315 -0.006355729 -0.693609595 0.720322847
1770718747.059496880 8.415592194 -54.823108673 -0.416268229 0.000868130 -0.007955451 -0.642298937 0.766412437
1770718747.659931421 8.600897789 -55.384441376 -0.420633167 -0.012650151 0.012704121 -0.637043595 0.770619333
1770718748.160037279 8.729881287 -55.907302856 -0.405021042 -0.022684511 0.021386337 -0.632302761 0.774093866
1770718748.659759998 8.824980736 -56.422374725 -0.389523029 -0.011010015 0.025955526 -0.634043336 0.772783339
1770718749.159963369 8.908167839 -56.921825409 -0.389359087 -0.008117837 0.021283908 -0.661015213 0.750026643
1770718749.658629179 8.971176147 -57.441619873 -0.391528338 -0.005380534 0.012856515 -0.692964911 0.720836580
1770718750.159825563 8.979228020 -57.979919434 -0.413406581 -0.000921631 0.010560734 -0.722591460 0.691194057
1770718750.658770323 8.953936577 -58.511665344 -0.417394102 -0.004469878 0.004393316 -0.733940303 0.679185033
1770718751.158664703 8.899967194 -59.061218262 -0.416157305 0.001225078 0.003935422 -0.727357388 0.686246574
1770718751.659908056 8.844629288 -59.613162994 -0.439740390 0.006548713 0.002723328 -0.721726358 0.692142189
1770718752.159723759 8.822701454 -60.170467377 -0.425378680 0.007317767 -0.007094125 -0.711169899 0.702946305
1770718752.659926414 8.845182419 -60.740188599 -0.414114743 0.002509096 -0.002572940 -0.703962147 0.710228384
1770718753.160095215 8.892048836 -61.303142548 -0.417382777 -0.003266822 0.007693764 -0.706123412 0.708039403
1770718753.660047293 8.915363312 -61.810798645 -0.411141783 -0.011372732 0.009618063 -0.723847091 0.689799666
1770718754.258780479 8.863032341 -62.391750336 -0.415042460 -0.016753707 0.002092310 -0.741565466 0.670668066
1770718754.759772301 8.786659241 -62.911422729 -0.420409113 0.002617028 0.007680704 -0.737445176 0.675358295
1770718755.259679317 8.733178139 -63.428211212 -0.412170529 0.009739189 0.010680260 -0.718254149 0.695630729
1770718755.759771347 8.731560707 -63.973133087 -0.424170077 -0.001894717 0.005317603 -0.687804818 0.725873709
1770718756.259943962 8.771694183 -64.497299194 -0.404398054 -0.002181277 0.004130661 -0.675805748 0.737064958
1770718757.158605814 8.933578491 -64.869842529 -0.404323697 -0.021017920 0.015467225 -0.776173949 0.629978657
1770718757.859724045 8.875894547 -65.002761841 -0.402939290 0.001294420 -0.007377046 -0.862428784 0.506123066
1770718758.658397198 8.917928696 -64.948532104 -0.430472165 -0.010623089 0.020525882 0.938142061 -0.345478326
1770718759.458566427 9.004879951 -64.983314514 -0.422292560 0.000983182 0.019269237 0.984662175 -0.173401862
1770718760.160073757 9.039031029 -65.058067322 -0.438245952 0.009773361 0.017271748 0.999714911 -0.013274876
1770718760.960006952 8.892670631 -65.137878418 -0.452418476 0.014079608 0.011310428 0.987942815 0.153762266
1770718761.759844542 8.736271858 -65.175750732 -0.456564039 0.015730144 -0.003298474 0.953093588 0.302248865
1770718762.759894848 8.701893806 -65.232818604 -0.454346299 0.020181561 0.008330245 0.889755845 0.455914319
1770718763.959868193 8.632797241 -65.281044006 -0.463633597 0.021186102 0.010759996 0.793443203 0.608180225
1770718765.359937191 8.650756836 -65.159469604 -0.475977659 0.020075865 0.003714891 0.893889725 0.447821736
1770718766.059705973 8.425299644 -64.804519653 -0.440673500 0.012805670 0.004249008 0.957748771 0.287289530
1770718766.659837723 8.000267982 -64.464881897 -0.426119119 0.012179274 0.006127071 0.989272535 0.145444065
1770718767.259709358 7.497045040 -64.324737549 -0.409410894 0.007386053 -0.000496779 0.999567568 0.028458351
1770718767.859983206 6.931900501 -64.345603943 -0.416837156 0.007810946 -0.015103512 0.999853492 0.001952993
1770718768.359764338 6.412071705 -64.367446899 -0.403838694 0.015734116 -0.011964663 0.999791622 0.005096032
1770718768.859966755 5.865994930 -64.373748779 -0.377999634 0.009590043 -0.006109611 0.999929190 0.003516478
1770718769.359832525 5.342342377 -64.352577209 -0.377483755 0.003403380 0.005191640 0.999971569 0.004280435
1770718769.859673500 4.806636333 -64.357841492 -0.366089135 0.003656211 -0.002052565 0.999988139 -0.002477631
1770718770.359867334 4.294843197 -64.360488892 -0.357351363 0.004187053 -0.006384942 0.999881506 -0.013363386
1770718770.859821320 3.772277594 -64.392593384 -0.363558978 0.002305785 -0.009165989 0.999769986 -0.019253928
1770718771.359907389 3.238858700 -64.399948120 -0.356099963 0.009242573 -0.008912769 0.999757707 -0.017878445
1770718771.859908819 2.713941574 -64.410255432 -0.339003026 0.008062084 0.000530555 0.999873281 -0.013713703
1770718772.359772682 2.192435741 -64.443222046 -0.335854769 0.009704206 0.001782830 0.999896944 -0.010430404
1770718772.960005045 1.603986025 -64.450889587 -0.318781316 0.007962990 -0.000657802 0.999909401 -0.010834886
1770718773.459888458 1.099119186 -64.468757629 -0.324089080 0.010264491 -0.004448670 0.999803066 -0.016392102
1770718773.959900141 0.571071088 -64.486434937 -0.305388480 0.005704570 -0.009161084 0.999719918 -0.021061454
1770718774.459829807 0.054378886 -64.508575439 -0.311637491 0.005014157 -0.008614422 0.999827504 -0.015672857
1770718774.959848404 -0.504134655 -64.518188477 -0.301951021 0.014481809 -0.009123125 0.999786258 -0.011596851
1770718775.359895468 -1.032389760 -64.554595947 -0.284492731 0.009581337 -0.005784459 0.999852836 -0.013003000
1770718775.859718084 -1.639991522 -64.552413940 -0.269966185 0.011220295 -0.006178237 0.999748528 -0.018404357
1770718776.259965897 -2.172628403 -64.564155579 -0.255404800 0.007232817 -0.009902985 0.999821186 -0.014395420
1770718776.659781456 -2.692337036 -64.585807800 -0.240347743 0.008570323 -0.001783172 0.999657214 -0.024676545
1770718777.059859514 -3.207187414 -64.627899170 -0.233795568 0.012472479 -0.004651755 0.999351859 -0.033445626
1770718777.460039139 -3.756890535 -64.672470093 -0.228199124 0.007350635 -0.016527887 0.999245763 -0.034361240
1770718777.859875917 -4.270154953 -64.702835083 -0.201614678 0.011001113 -0.001487903 0.999694407 -0.022088867
1770718778.359975815 -4.787750721 -64.724800110 -0.201962635 0.009313826 0.002694811 0.999905288 -0.009769921
1770718779.059858322 -5.357417107 -64.729232788 -0.171115816 0.012821212 -0.004334718 0.999614716 0.024233066
1770718779.659994841 -5.866909027 -64.757499695 -0.155759037 0.014559396 -0.009857880 0.998466492 0.052493293
1770718780.359947205 -6.385570049 -64.724693298 -0.153024510 0.019463968 -0.006860372 0.995414793 0.093400061
1770718782.759869576 -6.501128674 -64.686447144 -0.149569541 0.030237230 0.007248703 0.967163980 0.252244055
1770718784.258815050 -6.513228416 -64.777992249 -0.137843385 0.037067488 0.012816804 0.905617774 0.422277331
1770718785.059898853 -6.601630211 -64.819732666 -0.139725327 0.029549373 0.010232978 0.811411142 0.583638668
1770718785.859761953 -6.697040558 -64.872383118 -0.154746249 0.034279846 0.007756730 0.692258000 0.720793724
1770718786.659911871 -6.797184944 -64.866592407 -0.168185577 0.027910423 0.006016960 0.547616601 0.836242139
1770718787.459068775 -6.897338390 -64.814155579 -0.159094319 0.023341032 0.007763025 0.380194902 0.924579203
1770718788.159902573 -6.950980663 -64.739158630 -0.161400884 0.015602300 0.001525410 0.227029085 0.973761797
1770718789.059933901 -6.975215435 -64.660888672 -0.159582749 0.008229496 -0.003825579 0.057848409 0.998284101
1770718790.659817696 -6.422567368 -64.624023438 -0.171700224 -0.000053288 0.007228582 -0.048913404 0.998776853
1770718791.259885311 -5.859863281 -64.675903320 -0.190623909 -0.000016040 0.010511407 -0.032160688 0.999427438
1770718791.759969473 -5.342767239 -64.717552185 -0.194668382 0.000355890 0.011772011 -0.000022061 0.999930620
1770718792.259020805 -4.787881374 -64.726623535 -0.187356025 0.008815661 0.015815601 0.033500854 0.999274671
1770718792.659975052 -4.259102345 -64.669006348 -0.216646761 0.001911234 0.015387415 0.044104211 0.998906612
1770718793.059818983 -3.644341946 -64.556488037 -0.231852397 -0.008043010 0.018512867 0.044628676 0.998799682
1770718793.459931850 -3.018742800 -64.521034241 -0.224616975 0.002356070 0.021121681 0.043528441 0.998826087
1770718794.159933329 -2.492479563 -64.451797485 -0.213587612 -0.004088028 0.014596952 0.027346119 0.999511063
1770718794.859923124 -1.992456198 -64.428916931 -0.241598606 -0.002644979 0.016880482 -0.001698692 0.999852538
1770718795.359969616 -1.452597737 -64.447677612 -0.267333955 0.004718421 0.009899323 -0.010334992 0.999886453
1770718795.759899616 -0.924349487 -64.443252563 -0.265943736 0.011830498 0.013589408 -0.009515648 0.999792397
1770718796.159941912 -0.325498849 -64.436210632 -0.268898249 -0.004461249 0.014604988 -0.003296346 0.999877989
1770718796.559847116 0.304860830 -64.436920166 -0.292893499 -0.002210218 0.010675707 0.001854559 0.999938846
1770718796.958691359 0.897688389 -64.434013367 -0.307693034 0.005323765 0.017942069 0.005216647 0.999811232
1770718797.359911680 1.466507077 -64.381118774 -0.294487596 -0.004012574 0.018062588 0.014571228 0.999722600
1770718797.759901762 2.072345495 -64.379547119 -0.314795196 -0.004652448 0.012990567 0.010069436 0.999854088
1770718798.160120964 2.652292728 -64.351013184 -0.338202924 0.007181190 0.015674025 0.025212821 0.999533415
1770718798.559846401 3.264119387 -64.293052673 -0.340592593 -0.004460134 0.012551468 0.037738372 0.999198914
1770718798.959856510 3.881624222 -64.231567383 -0.368509501 -0.007582271 0.008968474 0.047513902 0.998801529
1770718799.362491608 4.483010769 -64.134994507 -0.358144999 -0.000440499 0.013952709 0.068665087 0.997542083
1770718799.759883404 4.998517036 -64.052207947 -0.359426141 -0.008998008 0.011851083 0.091000095 0.995739698
1770718800.260120869 5.618904591 -63.955242157 -0.377738893 -0.008300971 0.015621504 0.102969021 0.994527221
1770718800.758379698 6.151652813 -63.828285217 -0.372162223 -0.007693648 0.012465760 0.083202906 0.996424973
1770718801.259916544 6.707849503 -63.681602478 -0.385268122 -0.008313169 0.009533843 0.054887090 0.998412430
1770718801.759891033 7.271068096 -63.568798065 -0.367925704 -0.004366233 0.009802022 0.029744577 0.999499917
1770718802.358911276 7.832663059 -63.593311310 -0.321359158 0.008287042 0.012621939 0.030284408 0.999427259
1770718803.159988880 8.170075417 -63.685096741 -0.321302354 0.005182121 0.004275221 0.196321160 0.980516672
1770718803.859962940 8.132697105 -63.708602905 -0.408465922 -0.010609598 -0.013069673 0.350178570 0.936531663
1770718805.159952402 8.510868073 -63.352783203 -0.426048845 0.000072934 -0.016284222 0.513081551 0.858185351
1770718806.458969355 8.708389282 -62.831661224 -0.453203380 -0.001603219 -0.017731801 0.624217868 0.781047404
1770718807.459920645 8.864862442 -62.272735596 -0.448299199 -0.006767179 -0.000666102 0.678925335 0.734175861
1770718808.058902025 8.824699402 -61.758953094 -0.441974044 -0.014686649 -0.014367193 0.683777511 0.729401290
1770718808.558903456 8.868850708 -61.187095642 -0.436404496 -0.011752010 -0.019657331 0.682719529 0.730321527
1770718808.958760023 8.916604996 -60.648506165 -0.432932049 -0.009874007 -0.008099157 0.683537722 0.729803503
1770718809.358716011 8.950915337 -60.143947601 -0.418810159 -0.005292377 -0.002521068 0.692312241 0.721574247
1770718809.859961271 9.006148338 -59.550422668 -0.419209480 -0.001335688 0.004054364 0.708017111 0.706182420
1770718810.360045433 8.979966164 -58.994739532 -0.414475352 0.001301778 0.000009884 0.723338962 0.690491915
1770718810.858983517 8.920075417 -58.397609711 -0.423824906 -0.005869525 -0.005878124 0.736531913 0.676351786
1770718811.359987259 8.867822647 -57.774211884 -0.434690684 0.002375942 0.004930511 0.752816975 0.658207178
1770718811.761280060 8.761226654 -57.184009552 -0.396784693 0.001453569 -0.005310858 0.747142076 0.664641559
1770718812.160086393 8.656913757 -56.659675598 -0.407139182 0.006882847 -0.023585230 0.744499624 0.667170644
1770718812.558758497 8.590327263 -56.148555756 -0.393470526 -0.007850899 -0.011055104 0.757133782 0.653119147
1770718813.059097052 8.509236336 -55.581096649 -0.370322138 -0.010537642 -0.003364577 0.773447990 0.633763254
1770718813.559980869 8.394399643 -55.060245514 -0.372561246 -0.011942754 -0.003699628 0.792565942 0.609658003
1770718814.059057474 8.257083893 -54.552936554 -0.390123755 -0.012203068 -0.005262597 0.809625745 0.586795986
1770718814.659982443 8.040475845 -54.032005310 -0.381809980 -0.014661568 -0.020246355 0.840841174 0.540704489
1770718815.258969307 7.806157589 -53.524425507 -0.360905021 -0.015773298 -0.019698866 0.881355226 0.471779644
1770718815.960174322 7.560463905 -53.116703033 -0.363532096 -0.003998781 -0.013914010 0.947947443 0.318097502
1770718816.958951235 7.073879719 -52.837314606 -0.385848820 -0.000103852 -0.024014095 0.983104825 0.181461230
1770718817.559127331 6.551492214 -52.728061676 -0.401797146 0.000095090 -0.027314939 0.985740125 0.166043118
1770718818.160064220 6.078964233 -52.541641235 -0.380480021 0.001345174 -0.017013246 0.993895531 0.108997084
1770718818.760121107 5.567353725 -52.380207062 -0.374797851 0.002932943 -0.013541222 0.999652147 -0.022441415
1770718819.358729124 5.048961163 -52.421329498 -0.369193435 0.001084844 -0.013500855 0.996593297 -0.081353158
1770718819.959076166 4.508568764 -52.537899017 -0.362085283 0.002423196 -0.014577042 0.986829281 -0.161088869
1770718820.660088539 4.053880215 -52.735877991 -0.370104432 0.004043131 -0.018680317 0.945637643 -0.324660122
1770718821.359070539 3.615302324 -53.135787964 -0.362649500 0.008404342 -0.016747102 0.903137803 -0.428941637
1770718821.958986044 3.275792837 -53.558692932 -0.342994988 -0.005051925 0.008782417 -0.851439238 0.524355233
1770718822.758988619 3.054440498 -54.111156464 -0.371895939 0.005501231 -0.001197726 -0.766656518 0.642032743
1770718823.259201765 3.023218870 -54.664329529 -0.377913386 -0.008529622 0.008351473 -0.734986544 0.677976549
1770718823.659168720 3.006655216 -55.202838898 -0.395121425 -0.015120001 0.015115512 -0.732458830 0.680475593
1770718824.058867693 2.946751356 -55.767768860 -0.378035724 -0.007860727 0.005280316 -0.734971404 0.678031981
1770718824.458750963 2.919110298 -56.375389099 -0.379575133 -0.014366238 0.005964145 -0.729022086 0.684313476
1770718824.859174252 2.882585764 -57.024925232 -0.353307337 0.001037104 0.016602902 -0.734000981 0.678944647
1770718825.359151840 2.849046707 -57.603797913 -0.337414235 -0.008603937 0.007920517 -0.765408099 0.643438935
1770718825.859253645 2.751261950 -58.115921021 -0.320168138 -0.006274508 0.006320450 -0.794163108 0.607639492
1770718826.358496666 2.620345116 -58.633872986 -0.341667861 -0.006477630 0.007468739 -0.816208482 0.577672839
1770718826.859125853 2.440629721 -59.138374329 -0.326063693 -0.010175081 0.004573336 -0.837715149 0.545993507
1770718827.359200001 2.224231243 -59.599174500 -0.332703710 0.002200380 0.001486531 -0.863024294 0.505155385
1770718828.059066296 1.921702623 -60.067405701 -0.326624811 -0.001593376 0.005061516 0.925459802 -0.378808588
1770718828.659204721 1.540708780 -60.427268982 -0.339407772 0.001877428 0.003131550 0.952674687 -0.303969741
1770718829.159281254 1.019578099 -60.742488861 -0.336737543 -0.008458006 0.003539175 0.966885209 -0.255046993
1770718829.659321308 0.491224647 -61.055797577 -0.336601317 -0.012756353 0.000195004 0.978444576 -0.206115231
1770718830.070490837 0.032796074 -61.280246735 -0.321285605 -0.015326206 0.008288645 0.986736894 -0.161389947
1770718830.559097052 -0.545486748 -61.499240875 -0.334592283 -0.014055831 0.002740050 0.992752671 -0.119318932
1770718831.059130192 -1.127338529 -61.629291534 -0.337414682 -0.006755345 0.009127004 0.996342599 -0.084690496
1770718831.459345341 -1.672452331 -61.699672699 -0.334209025 -0.014129120 0.005755736 0.998611212 -0.050427034
1770718831.860112906 -2.166681051 -61.771751404 -0.311112046 -0.012342252 0.007406468 0.999603629 -0.024194408
1770718832.259222031 -2.684923410 -61.830875397 -0.324587286 -0.004183333 0.004833802 0.999784827 -0.019735446
1770718832.658920765 -3.194438457 -61.875972748 -0.311911076 -0.017833032 -0.008631208 0.999788165 0.005578550
1770718833.059178829 -3.696840286 -61.897953033 -0.306561530 -0.011772751 -0.000588691 0.999541700 0.027883613
1770718833.559062004 -4.308727741 -61.871913910 -0.294554800 -0.002920966 0.001953620 0.999376416 0.035133723
1770718833.958854198 -4.810270786 -61.846221924 -0.252822965 0.002390249 -0.002090384 0.999308586 0.037044983
1770718834.359185219 -5.309140205 -61.802818298 -0.154382840 0.010234497 0.002079269 0.998647153 0.050939668
1770718834.759114981 -5.892812729 -61.745883942 -0.066737421 0.003900643 0.006168057 0.998266339 0.058404047
1770718835.259219646 -6.461288452 -61.669647217 -0.056007948 0.001114389 -0.001600786 0.995907903 0.090353005
1770718835.959442139 -7.008812428 -61.565845490 -0.065021448 0.009380476 0.005759867 0.986298919 0.164600164
1770718836.559384584 -7.489808083 -61.353431702 -0.081098691 0.010963010 0.008499777 0.975086331 0.221391544
1770718837.158872604 -7.967474461 -61.119674683 -0.082130052 0.012462004 0.008535898 0.957811117 0.287001252
1770718837.759128809 -8.374342918 -60.825626373 -0.056345120 0.008332557 0.012479583 0.921718717 0.387568653
1770718838.458875418 -8.752281189 -60.428810120 -0.022316946 0.011898139 0.010199250 0.856151581 0.516486943
1770718839.159267664 -9.001997948 -59.953144073 -0.015011727 0.010986337 0.002012450 0.772443950 0.634984791
1770718839.759201288 -9.082692146 -59.379596710 -0.038242027 0.022895318 0.014256955 0.759501278 0.649946451
1770718840.259294987 -9.117323875 -58.795047760 -0.001104030 0.030361416 0.028974753 0.752804756 0.656904578
1770718840.659204245 -9.218851089 -58.278606415 -0.009786712 0.028076712 0.019610094 0.760627031 0.648285210
1770718841.059149981 -9.352185249 -57.777366638 -0.000841890 0.008737545 0.004561883 0.755789042 0.654741049
1770718841.459424257 -9.426107407 -57.235340118 0.016843531 0.010480857 0.006596013 0.755140722 0.655445755
1770718841.859157801 -9.501262665 -56.697029114 0.018607359 0.008909774 0.004189406 0.750050128 0.661307752
1770718842.259132624 -9.590431213 -56.169300079 0.022699667 0.000569359 0.003176726 0.729749024 0.683707595
1770718842.659267902 -9.572870255 -55.644691467 0.038223892 0.013390454 0.007944306 0.699823916 0.714145660
1770718843.059216499 -9.582232475 -55.139022827 0.029172577 0.012792624 0.001259347 0.682566285 0.730710626
1770718843.459403515 -9.557472229 -54.610069275 0.043255325 0.008448066 0.009961354 0.677968502 0.734974861
1770718843.959202766 -9.479859352 -54.017265320 0.047044177 0.020735260 0.013252789 0.673884869 0.738426507
1770718844.458901405 -9.407840729 -53.399562836 0.063723236 0.027286241 0.021530870 0.675168037 0.736844659
1770718844.859327555 -9.383737564 -52.863464355 0.073443167 0.026551444 0.010319709 0.679985344 0.732672155
1770718845.359258652 -9.374972343 -52.252445221 0.100267977 0.007039290 0.010800417 0.684161305 0.729216754
1770718845.859201193 -9.341242790 -51.634483337 0.089671195 0.002404650 0.009338000 0.680507183 0.732677937
1770718846.259267569 -9.296249390 -51.134078979 0.094391234 0.009968772 0.008097965 0.674455762 0.738203585
1770718846.758993626 -9.227878571 -50.541740417 0.071224548 0.009826940 0.020304291 0.674097598 0.738297760
1770718847.259162664 -9.174678802 -49.935195923 0.092630729 0.021852545 0.009357146 0.671924114 0.740238369
1770718847.662475109 -9.166602135 -49.416172028 0.093811400 0.004896525 0.000702901 0.660281599 0.751001775
1770718848.059364080 -9.084904671 -48.852382660 0.105162926 0.006322721 0.000901771 0.661740243 0.749705970
1770718848.459267855 -9.018607140 -48.338661194 0.103370093 0.012301167 0.000594086 0.665795088 0.746033013
1770718848.858916521 -8.973399162 -47.814922333 0.117433071 0.004148312 0.005454597 0.662648082 0.748899579
1770718849.359275818 -8.874622345 -47.193332672 0.120590225 0.013311904 0.010407350 0.660350502 0.750767410
1770718849.759219885 -8.815786362 -46.692703247 0.121352352 0.008647926 0.017101306 0.666530311 0.745231569
1770718850.259232283 -8.780636787 -46.085609436 0.117183976 0.007114052 0.006137555 0.672148287 0.740356922
1770718850.759184837 -8.739168167 -45.492946625 0.102922328 -0.000780347 0.002897457 0.675193548 0.737634540
1770718851.159283161 -8.659388542 -44.991771698 0.110730186 0.013676424 0.006543787 0.668543935 0.743518054
1770718851.559285402 -8.596394539 -44.463687897 0.117589310 0.009685786 0.016949970 0.668233275 0.743695617
1770718852.059275389 -8.556550980 -43.864425659 0.121846907 0.009096739 0.007164204 0.673949361 0.738686740
1770718852.559348106 -8.537993431 -43.273082733 0.116762452 -0.005280629 0.005609557 0.674735308 0.738019645
1770718853.059505224 -8.472198486 -42.693443298 0.101005957 -0.006183523 0.005624355 0.664540946 0.747205138
1770718853.559260368 -8.388466835 -42.123661041 0.090527527 0.004955644 0.004311045 0.646593928 0.762806058
1770718854.058978081 -8.302968979 -41.563751221 0.084003069 0.004736967 0.008543162 0.642120600 0.766541362
1770718854.559218168 -8.226662636 -40.962978363 0.096352890 0.002124953 0.004023845 0.646799743 0.762646258
1770718855.059355497 -8.134470940 -40.396823883 0.112041578 0.006876116 0.004474721 0.650512934 0.759450853
1770718855.559291601 -8.047944069 -39.830730438 0.107357204 0.002299623 0.006725176 0.661725700 0.749712348
1770718856.059501886 -7.972847939 -39.275932312 0.091986477 0.001176110 0.008543922 0.668554246 0.743613362
1770718856.559116840 -7.928031445 -38.718257904 0.088243745 0.010525931 -0.001140949 0.677022219 0.735886395
1770718857.059337378 -7.907682896 -38.113834381 0.092031620 0.002019433 -0.000712076 0.673194349 0.739462495
1770718857.558955908 -7.846408367 -37.522842407 0.100675978 0.001843225 0.005413376 0.663524985 0.748132288
1770718857.959322214 -7.796645164 -36.961025238 0.110360272 -0.001611638 0.000470150 0.657849371 0.753147602
1770718858.359089136 -7.728405476 -36.417026520 0.101653188 0.003220462 -0.001023037 0.656099617 0.754666686
1770718858.759500027 -7.645959377 -35.899787903 0.105360158 0.001736356 0.008901089 0.659272790 0.751849174
1770718859.162493944 -7.589305878 -35.363872528 0.114929274 -0.002013308 0.001972370 0.669607759 0.742709637
1770718859.559361696 -7.532430172 -34.860069275 0.108430631 0.003989138 0.001852874 0.671874702 0.740651727
1770718859.959548950 -7.472394466 -34.348205566 0.098223433 0.002226311 0.012592551 0.684246361 0.729138732
1770718860.359394550 -7.469364643 -33.828941345 0.101310506 -0.003168596 -0.000563496 0.698055327 0.716036618
1770718860.759375334 -7.464454174 -33.298339844 0.079732500 0.003213390 -0.005543286 0.704918325 0.709259570
1770718861.159611225 -7.481157780 -32.717586517 0.112761758 -0.004806126 -0.005410021 0.723997593 0.689764559
1770718861.559350014 -7.518237591 -32.139156342 0.116669737 -0.011713593 -0.002747737 0.734558225 0.678439021
1770718861.959283113 -7.557550430 -31.528772354 0.096938215 -0.000338116 -0.004170731 0.730844200 0.682531476
1770718862.359570742 -7.601586819 -30.922910690 0.105052419 -0.004996582 0.004258395 0.724136829 0.689625144
1770718862.759435892 -7.671825409 -30.360116959 0.111513436 -0.012153779 -0.008971963 0.713834345 0.700151682
1770718863.159287453 -7.676909924 -29.787313461 0.097589970 -0.003140990 -0.013587472 0.695033014 0.718842566
1770718863.559505701 -7.657401085 -29.213018417 0.085929133 -0.006243570 0.003529750 0.692151845 0.721716285
1770718863.959312916 -7.638354778 -28.634906769 0.082465552 -0.002791960 -0.000392244 0.692653954 0.721264482
1770718864.359420300 -7.546600819 -28.004198074 0.105871499 0.015830534 0.016114771 0.688158393 0.725208759
1770718864.759061337 -7.495486259 -27.330989838 0.105543174 0.009836968 0.024834469 0.684141576 0.728859901
1770718865.159455776 -7.507315159 -26.697179794 0.112234183 0.001243950 0.011917372 0.695537686 0.718389690
1770718865.559718132 -7.510306835 -26.054590225 0.091686405 0.002044038 -0.001189719 0.699991763 0.714146972
1770718865.959475756 -7.506758213 -25.435411453 0.091244876 -0.008755086 0.007374273 0.706242025 0.707877874
1770718866.359392405 -7.549162865 -24.810813904 0.099743240 -0.011090419 -0.004016093 0.710776329 0.703319192
1770718866.759174109 -7.546550274 -24.189319611 0.077629633 -0.003962838 -0.004184400 0.699222982 0.714880466
1770718867.159429550 -7.512627602 -23.574977875 0.051602606 -0.004765302 0.015631195 0.708171785 0.705851078
1770718867.559342146 -7.571997643 -22.995964050 0.081599668 -0.016105814 -0.001447551 0.702384710 0.711613834
1770718867.959346294 -7.542683601 -22.334405899 0.065185502 0.000652176 -0.008289494 0.706891358 0.707273304
1770718868.359619617 -7.524667740 -21.678667068 0.054779235 -0.003096916 0.005395181 0.706687450 0.707498550
1770718868.759536266 -7.538331985 -21.031660080 0.077326730 -0.001273019 0.001284788 0.707218885 0.706992328
1770718869.159339905 -7.559307575 -20.398925781 0.058642816 0.003108968 0.000986464 0.705128133 0.709072411
1770718869.559349298 -7.540402412 -19.763271332 0.060006019 -0.001556103 0.012999832 0.715095282 0.698904335
1770718869.959491968 -7.600015640 -19.156984329 0.047149148 -0.007638552 -0.001027933 0.721622586 0.692243695
1770718870.359475613 -7.635984421 -18.532411575 0.036743391 0.000747501 -0.006845443 0.715291739 0.698792040
1770718870.758638620 -7.628472328 -17.910524368 0.041709695 -0.001886383 0.009821679 0.721019387 0.692842662
1770718871.159581661 -7.688629150 -17.256952286 0.041040402 -0.006500269 0.005030301 0.718263924 0.695722222
1770718871.559210777 -7.730974197 -16.644622803 0.035493206 -0.000915015 -0.003257246 0.716811299 0.697259009
1770718871.959665537 -7.737692356 -16.117221832 0.028152330 -0.003875994 0.011009308 0.716701567 0.697282374
1770718872.459323645 -7.782573223 -15.519497871 0.028222049 -0.003041758 0.000774297 0.720427454 0.693523228
1770718872.959551096 -7.825066090 -14.940012932 0.025534119 -0.007193198 0.002236644 0.721572697 0.692297697
1770718873.459103823 -7.834753513 -14.398056030 0.007212588 -0.009534501 0.008697186 0.721218765 0.692587078
1770718873.959280968 -7.832347393 -13.848459244 -0.006262853 0.004143070 0.006415891 0.721315145 0.692564845
1770718874.459547758 -7.873856544 -13.256191254 0.007895170 0.004100632 0.008154839 0.720055819 0.693856061
1770718874.959395885 -7.889181137 -12.696600914 -0.005129112 0.006561112 0.014542399 0.723222136 0.690431178
1770718875.559618711 -7.936842442 -12.100096703 -0.007210180 0.005523248 0.014925952 0.711517990 0.702487588
1770718876.359405756 -7.955748558 -11.556189537 -0.008757576 0.001856421 0.003293564 0.576657057 0.816977561
1770718876.959448099 -7.762765884 -11.043513298 -0.021858431 0.010000161 0.009054045 0.536264837 0.843941987
1770718877.559726477 -7.455266476 -10.566420555 -0.026158284 0.018099975 0.021126311 0.533948302 0.845059395
1770718878.059415102 -7.221736908 -10.068378448 -0.017101206 0.019450340 0.024929605 0.542725563 0.839314699
1770718878.559654713 -7.013867378 -9.606188774 -0.036723763 0.019241076 0.025483547 0.568012536 0.822400212
1770718879.059769630 -6.863399982 -9.105475426 -0.045300324 0.013056413 0.008606040 0.575956047 0.817331076
1770718879.559571505 -6.733196735 -8.611262321 -0.039009489 0.002291736 0.002403316 0.574418664 0.818554938
1770718880.059162378 -6.554206848 -8.124033928 -0.055521391 0.002205165 0.002624328 0.562287807 0.826934516
1770718880.559711456 -6.348128796 -7.665211678 -0.047117408 0.012054701 0.006243158 0.533544123 0.845663249
1770718881.159531355 -6.138923168 -7.155266285 -0.031587057 0.006944424 0.003682929 0.487925112 0.872850120
1770718881.859119654 -5.827778816 -6.657893181 -0.025167735 0.000490856 0.002578762 0.368056864 0.929799557
1770718882.459612131 -5.401259899 -6.286453247 -0.033887550 0.004311771 0.006153145 0.305972129 0.952010810
1770718882.959718227 -4.969058037 -6.026448727 -0.029808516 0.019472910 0.010627034 0.255951196 0.966435134
1770718883.459515572 -4.515017033 -5.797154903 -0.019136211 0.020020662 0.012303432 0.208190411 0.977805972
1770718883.959262133 -4.019716740 -5.569517136 -0.033591297 0.019969447 0.006789390 0.165816456 0.985931039
1770718884.459419727 -3.472535372 -5.361406803 -0.032756649 0.013034162 0.010125693 0.125546902 0.991950333
1770718884.959711790 -2.931552887 -5.206539154 -0.024600005 0.006658204 0.007911142 0.101953462 0.994735479
1770718885.459149599 -2.400505304 -5.102275372 -0.042211432 0.003915620 0.008670517 0.101325035 0.994807899
1770718885.959474802 -1.901250124 -5.028084755 -0.036894813 0.012893715 0.011738593 0.110430896 0.993730843
1770718886.559242249 -1.325564861 -4.893663406 -0.052334055 0.008396886 0.012889970 0.124901950 0.992049813
1770718887.159739733 -0.848102450 -4.712558746 -0.067387275 -0.002611030 0.005504454 0.125479609 0.992077470
1770718887.759689093 -0.349751353 -4.574862003 -0.063371994 0.003852666 0.004385436 0.130342558 0.991451859
1770718888.559592009 0.198574483 -4.443279743 -0.082508914 0.004366158 0.004451975 0.135743782 0.990724325
1770718889.359593153 0.722935915 -4.317630768 -0.217599601 0.012432734 0.007817739 0.167197511 0.985814035
1770718890.059520245 1.272859693 -4.111086369 -0.258874655 0.011751213 0.012645034 0.248109356 0.968578219
1770718890.659465790 1.717679977 -3.839985847 -0.254788220 0.010495159 0.006959650 0.375579238 0.926704764
1770718891.459249735 2.015020847 -3.469547272 -0.261173666 -0.001133077 -0.007533608 0.520613551 0.853758454
1770718892.359486580 2.224295855 -2.984527588 -0.257858694 0.006861533 -0.007669482 0.649218500 0.760532260
1770718893.759639740 2.269252300 -2.457477570 -0.279470384 0.008100507 -0.017604006 0.689370990 0.724149227
1770718894.757260799 2.276215315 -1.978754997 -0.256418794 0.010062128 -0.004607402 0.552932739 0.833152413
1770718895.459543943 2.453633308 -1.557075620 -0.272077084 0.005131234 -0.003369301 0.406550646 0.913607597
1770718896.259660244 2.663255215 -1.315603256 -0.288556695 0.002355961 -0.009884519 0.237451732 0.971346200
1770718896.959735394 3.127647877 -1.118204951 -0.276399165 0.017746106 -0.001649240 0.197162449 0.980208814
1770718897.659381390 3.621734142 -0.940617144 -0.262468308 0.015601087 0.009306625 0.185720772 0.982434630
1770718901.559156895 4.060726643 -0.718828321 -0.128344804 0.003853453 0.002444634 0.189182401 0.981931388
1770718902.759302378 4.556699753 -0.523717701 -0.126832649 0.004704337 0.006881971 0.188876703 0.981965423
1770718903.759689093 5.067304611 -0.303399533 -0.127107665 0.002780465 0.004106813 0.151583880 0.988431931
1770718904.959839582 5.575693607 -0.152040765 -0.117520645 0.003293921 0.002159062 0.060482364 0.998161495
1770718906.059657812 6.105036736 -0.069214284 -0.124428771 0.006376334 0.000265085 -0.011694054 0.999911249
1770718907.059806824 6.611292362 -0.100538932 -0.104066625 0.004329507 0.000259241 -0.036563288 0.999321938
1770718907.959714651 7.160808563 -0.124893039 -0.125213787 0.001815651 0.003625907 -0.076911688 0.997029662
1770718908.659621477 7.673898220 -0.142579302 -0.099064127 -0.002359033 0.008026399 -0.229615316 0.973245502
1770718909.659371138 8.138007164 -0.447500616 -0.090609334 0.009000644 -0.001594630 -0.368108451 0.929737926
1770718910.359378099 8.552112579 -0.845560431 -0.089757375 0.010178060 -0.002675776 -0.381083190 0.924480855
1770718911.159472466 8.934430122 -1.255059719 -0.084573582 0.004923516 -0.004418837 -0.387672633 0.921773374
1770718912.159730434 9.274589539 -1.541266203 -0.074505970 0.003159066 -0.000205593 -0.550116420 0.835081995
1770718912.859642506 9.457748413 -2.011385202 -0.099446878 -0.003569750 -0.001526599 -0.663541675 0.748129249
1770718913.459733009 9.490406990 -2.514337778 -0.107049428 0.011189025 -0.005241943 -0.658026576 0.752893329
1770718914.059614182 9.556889534 -3.052462101 -0.118365832 0.017578717 -0.003694628 -0.602137625 0.798190236
1770718914.659798622 9.677083969 -3.553986073 -0.132170156 0.018136747 -0.003941631 -0.543207526 0.839393318
1770718915.259856462 9.962718010 -4.017938614 -0.158631399 0.002429496 0.005932249 -0.526228487 0.850319028
1770718915.859714270 10.258147240 -4.447536469 -0.147198126 -0.010314292 0.015941689 -0.548070014 0.836216927
1770718916.459680080 10.473375320 -4.959503174 -0.158557698 -0.003924525 0.012651705 -0.547044814 0.836998463
1770718917.059547663 10.638424873 -5.476293564 -0.161322817 0.005866136 0.005574887 -0.537391782 0.843293905
1770718917.659668446 10.886423111 -5.986282825 -0.159325093 0.002840911 0.003376563 -0.514596283 0.857421219
1770718918.259801388 11.171229362 -6.412593842 -0.176144868 -0.008251128 0.010031839 -0.550093472 0.835002065
1770718918.959426880 11.421202660 -6.893959999 -0.179734990 -0.013718316 0.011635024 -0.621737540 0.783019066
1770718919.859786034 11.474881172 -7.204390526 -0.182670832 -0.009827576 -0.003769049 -0.749354243 0.662085593
1770718920.659508228 11.383657455 -7.758180618 -0.180939898 0.000491713 -0.009609244 -0.839902341 0.542652309
1770718921.259845734 11.160574913 -8.208852768 -0.159223944 -0.005429416 0.011003157 0.890456676 -0.454902470
1770718922.059716940 10.837279320 -8.663894653 -0.186354890 -0.007853459 0.006931974 0.957640648 -0.287775367
1770718922.859708309 10.750761032 -8.779548645 -0.169871405 -0.007070705 0.010911966 0.992406905 -0.122308768
1770718924.559819698 11.275496483 -8.656186104 -0.219487548 0.008269199 0.008863784 0.996037900 -0.088099584
1770718925.659746408 11.802859306 -8.578217506 -0.229148149 0.020937942 0.003122576 0.995977581 -0.087065734
1770718926.759520292 12.322304726 -8.554237366 -0.223337352 0.018064469 0.002741610 0.998478115 -0.052034788
1770718927.859792233 12.824728012 -8.454318047 -0.212828487 0.023704873 0.000555270 0.996578753 -0.079174817
1770718928.959896088 13.322905540 -8.408760071 -0.219195008 0.019477958 0.004267146 0.999792695 -0.004116510
1770718930.059535503 13.816004753 -8.504601479 -0.224454761 0.021641901 0.004587479 0.995721757 0.089714199
1770718931.159815311 14.306106567 -8.667766571 -0.220726311 0.028238719 0.005793951 0.981771588 0.187865704
1770718931.959938765 14.298304558 -8.786119461 -0.228963524 0.017445536 0.008464695 0.934231520 0.356139570
1770718933.659573555 13.867123604 -8.454674721 -0.227122009 0.001114017 -0.002138162 0.924555540 0.381039679
1770718934.259830713 13.454910278 -8.075656891 -0.214758992 -0.004103780 -0.005522072 0.924303532 0.381596297
1770718934.759537697 13.069544792 -7.667778015 -0.195340812 -0.007780161 -0.004250444 0.925873399 0.377729803
1770718935.259846687 12.700208664 -7.285863400 -0.195508435 -0.005704173 -0.003324149 0.923933685 0.382495761
1770718935.859819412 12.317380905 -6.909677982 -0.196540058 -0.008201539 -0.010311172 0.924332321 0.381361067
1770718936.459840298 11.917985916 -6.503152847 -0.202030659 -0.004227534 -0.012145551 0.924407303 0.381189972
1770718936.959409475 11.544513702 -6.137057781 -0.185801163 0.008040939 -0.007250171 0.922699213 0.385368615
1770718937.459589243 11.181360245 -5.763113022 -0.168993965 0.006971204 -0.005140983 0.921008110 0.389447063
1770718937.959954262 10.789313316 -5.381540775 -0.173123270 0.002003467 -0.007076151 0.920508742 0.390652657
1770718938.559918165 10.383179665 -5.011426449 -0.148110375 -0.004186369 -0.011515858 0.894787490 0.446324199
1770718939.359565020 10.082890511 -4.507734776 -0.168813154 0.000595652 -0.014662654 0.823574662 0.567017913
1770718939.959374189 9.932142258 -3.968691111 -0.181455746 0.012717738 -0.001036595 0.789560676 0.613539875
1770718940.559858322 9.776572227 -3.451610565 -0.135169446 0.012667356 -0.003579479 0.718596280 0.695302784
1770718941.359452963 9.739032745 -2.915513277 -0.122516491 0.006996297 -0.003024962 0.583199680 0.812293053
1770718942.059540987 9.976126671 -2.418030500 -0.144072026 0.012319025 0.004815812 0.443703145 0.896076202
1770718942.659586430 10.315951347 -2.049877405 -0.161411524 0.013377617 0.010259027 0.314516515 0.949102283
1770718943.359364510 10.794728279 -1.717422485 -0.144226119 0.013700028 0.017572565 0.151772037 0.988164306
1770718943.959658384 11.330066681 -1.551455617 -0.133674353 0.013553583 0.012954579 0.056155488 0.998245955
1770718944.559549332 11.897079468 -1.514864206 -0.139788449 0.013674643 0.010938887 0.001384824 0.999845684
1770718945.159957409 12.429391861 -1.519082665 -0.133070275 0.015369448 0.009289239 -0.077166155 0.996856511
1770718945.759518623 12.994107246 -1.614796638 -0.134535447 0.011401480 0.008367131 -0.131655768 0.991194606
1770718946.459902525 13.483809471 -1.715211034 -0.118628703 0.004223267 0.005581580 -0.246600106 0.969092011
1770718947.259364367 13.983408928 -2.020463943 -0.115134932 -0.001342605 0.005650309 -0.383279085 0.923614323
1770718947.859883785 14.370239258 -2.486458063 -0.133994311 0.005965179 0.004705621 -0.437319279 0.899274230
1770718948.459780216 14.735990524 -2.944594383 -0.139957801 0.006684646 0.011025984 -0.454758972 0.890521169
1770718948.959644079 15.006036758 -3.366417646 -0.145848304 0.009582245 0.009310105 -0.451713681 0.892062902
1770718949.559586048 15.360646248 -3.832670689 -0.174909994 0.006534794 0.014035118 -0.430522919 0.902446806
1770718950.059920788 15.668936729 -4.243978024 -0.185496435 0.005726141 0.003041922 -0.404443920 0.914539814
1770718950.560017586 16.087873459 -4.666177273 -0.203445271 0.003318833 0.001852500 -0.391354948 0.920231938
1770718950.959673882 16.451005936 -5.009868622 -0.190378308 -0.009834302 0.004810036 -0.361020714 0.932493508
1770718951.459500551 16.905456543 -5.401536465 -0.202851251 -0.015655333 0.009680257 -0.352203161 0.935742557
1770718951.959690332 17.346359253 -5.774950027 -0.201109692 -0.013911988 0.003603522 -0.355552644 0.934545755
1770718952.359964609 17.718481064 -6.113002300 -0.195267811 -0.003147880 0.017351756 -0.353191108 0.935384989
1770718952.859520674 18.154609680 -6.491023540 -0.190155149 -0.008243017 0.018591030 -0.348472327 0.937098444
1770718953.359724998 18.554817200 -6.812736988 -0.196255356 -0.010559496 0.022791781 -0.348495096 0.936973989
1770718953.857692719 18.928102493 -7.151114941 -0.207550302 -0.008612182 0.020090261 -0.349559933 0.936658978
1770718954.559759617 19.328611374 -7.483737946 -0.210811272 -0.012497031 0.014279757 -0.349378794 0.936789393
1770718955.859978437 18.905336380 -7.149534225 -0.303560108 -0.009345886 -0.001413898 -0.350028306 0.936691463
1770718956.859520435 18.475147247 -6.822585583 -0.284263968 0.005064316 -0.019632708 -0.348003298 0.937274039
1770718957.859401703 18.058876038 -6.495970726 -0.261840045 0.002784756 -0.016162615 -0.361595571 0.932190776
1770718958.959579945 17.656248093 -6.179645061 -0.241613939 0.000208624 -0.015903613 -0.356120437 0.934304714
1770718960.159927368 17.239870071 -5.862613201 -0.227343380 0.002588568 -0.022708939 -0.357893884 0.933482528
1770718961.359480858 16.839815140 -5.520860195 -0.228494808 -0.005043103 -0.019114804 -0.354685962 0.934776485
1770718962.559530258 16.437225342 -5.178465843 -0.235201374 -0.005560711 -0.019528294 -0.353915155 0.935057104
1770718963.759479761 16.007516861 -4.875535488 -0.220307902 -0.011095094 -0.020179372 -0.281301796 0.959343016
1770718964.959693193 15.519838333 -4.704736710 -0.238271996 -0.004654525 -0.025957249 -0.175553918 0.984116554
1770718965.759718657 15.472495079 -4.765750408 -0.235075548 -0.003754505 -0.022099562 -0.004255484 0.999739647
1770718966.459647417 15.518730164 -4.908674240 -0.253196687 0.010368097 -0.017445475 0.166638359 0.985809207
1770718967.259701729 15.527635574 -5.022752285 -0.238293663 0.005559073 -0.022344781 0.342420965 0.939264476
1770718968.059411764 15.604207039 -5.085638046 -0.226741344 0.002596763 -0.020003650 0.500004947 0.865787566
1770718968.859605789 15.689844131 -5.090475559 -0.217746034 0.001546838 -0.013813453 0.653409004 0.756877422
1770718969.959600687 15.815863609 -4.544365406 -0.222143978 0.021961799 0.014219353 0.756733954 0.653199255
1770718970.559752464 15.759239197 -4.035058498 -0.202774823 0.016347012 0.004610471 0.798619986 0.601595998
1770718971.159434319 15.554375648 -3.577986240 -0.194240585 0.013291656 -0.022050541 0.757528186 0.652294457
1770718971.859582186 15.408882141 -3.054964781 -0.174008042 -0.003627141 -0.029110229 0.657054305 0.753272235
1770718972.459559202 15.552963257 -2.648946524 -0.195109770 -0.000851908 -0.000931221 0.542256594 0.840211987
1770718973.159475327 15.766047478 -2.262371302 -0.179882050 0.010327867 0.009591945 0.400587559 0.916150033
1770718973.959756613 16.028972626 -1.963126421 -0.158064857 0.014101597 0.013893482 0.222187489 0.974802971
1770718974.659587860 16.346794128 -1.785830975 -0.152914152 0.008104423 0.007206521 0.059121717 0.998191893
1770718975.459612131 16.920841217 -1.747214437 -0.148284093 -0.001504179 0.002108667 -0.120211698 0.992744863
1770718976.160061836 17.458143234 -1.894492984 -0.129046232 -0.000635627 0.003534049 -0.249067441 0.968479514
1770718976.859727144 17.925962448 -2.214577198 -0.146617040 0.010844461 -0.003637482 -0.177753001 0.984008670
1770718977.459692717 18.411081314 -2.423414469 -0.158250168 0.008395336 -0.003688358 -0.117811434 0.992993653
1770718978.059713125 18.921115875 -2.496274710 -0.178255349 -0.000223966 0.003400784 -0.110459782 0.993874788
1770718978.659602642 19.444049835 -2.587322712 -0.164359182 -0.001703368 0.008400059 -0.149740070 0.988688290
1770718979.259377480 19.974441528 -2.716700554 -0.187486798 -0.005711881 0.014689180 -0.201030269 0.979458213
1770718979.759642839 20.452377319 -2.960826397 -0.177157834 -0.001850201 0.015064419 -0.246210307 0.969097555
1770718980.259510994 20.911056519 -3.221954823 -0.188067406 -0.001916604 0.015835963 -0.291061163 0.956571460
1770718980.759852648 21.346506119 -3.517286062 -0.188555405 -0.003649958 0.003907923 -0.330121160 0.943923414
1770718981.259531736 21.785636902 -3.883471966 -0.184358090 0.000553829 -0.005585703 -0.337926745 0.941155672
1770718981.759660482 22.209197998 -4.258118153 -0.201311603 0.012798942 0.011992450 -0.337438524 0.941184163
1770718982.259707689 22.672496796 -4.587417126 -0.189022362 0.001413116 0.023387982 -0.327880085 0.944428742
1770718982.759635210 23.126533508 -4.915668964 -0.213479429 -0.000502818 0.029385420 -0.312456876 0.949477196
1770718983.259628534 23.592523575 -5.310472488 -0.238502011 -0.001249660 0.009023801 -0.297560662 0.954659462
1770718983.759732008 24.066923141 -5.624422550 -0.241633773 -0.004762372 0.000140055 -0.261869997 0.965091407
1770718984.459734917 24.530941010 -5.879772663 -0.269268155 -0.006412614 -0.001687328 -0.140855059 0.990007997
1770718984.959579468 25.030403137 -5.981182575 -0.274354666 -0.016571932 -0.008974226 -0.152491838 0.988125026
1770718985.459877729 25.571710587 -6.069952011 -0.257219702 -0.019142354 -0.000482827 -0.184349313 0.982674241
1770718986.159717083 26.071287155 -6.239618778 -0.240834460 -0.010940806 -0.000820579 -0.292349577 0.956248581
1770718986.959543705 26.144685745 -6.235194206 -0.219820634 -0.001374235 0.001659563 -0.456492037 0.889724851
1770718987.658270597 26.130733490 -6.217613220 -0.222601801 0.011276347 -0.012718197 -0.591871023 0.805853426
1770718988.359552622 26.158813477 -6.184644699 -0.231179759 0.019321496 -0.016031159 -0.717504561 0.696101248
1770718989.159828186 26.244926453 -6.160284519 -0.231842414 0.019805830 -0.017932171 -0.833594441 0.551730514
1770718989.959889650 26.378833771 -6.223394871 -0.265218556 -0.010366202 0.012790117 0.917768121 -0.396775246
1770718990.759892941 26.401199341 -6.278275967 -0.254866660 -0.008952715 0.010094518 0.974036813 -0.225987360
1770718991.559829235 26.459981918 -6.363065243 -0.278271407 -0.003148846 0.007723094 0.999184251 -0.039511979
1770718992.759673357 26.387624741 -6.454957008 -0.280596912 0.003459003 0.003505468 0.991386831 0.130873337
1770718993.659704208 25.882751465 -6.342548847 -0.275776774 -0.001232406 -0.002081618 0.989085674 0.147321746
1770718994.359864235 25.361772537 -6.225877285 -0.261348993 -0.009058570 -0.003439903 0.974445224 0.224416271
1770718995.159785032 24.875495911 -5.944876194 -0.261436045 -0.000899476 0.002987526 0.973067343 0.230500177
1770718995.759778261 24.398141861 -5.723696709 -0.266169131 0.000202666 -0.002623143 0.972930849 0.231081486
1770718996.359763384 23.934442520 -5.492477894 -0.272961229 0.002666771 -0.000018898 0.973151267 0.230151042
1770718996.959882736 23.438318253 -5.263411999 -0.251924902 0.003021397 -0.004652532 0.972583711 0.232487023
1770718997.559816599 22.981309891 -5.044993877 -0.241359368 0.014817461 -0.011738784 0.950949848 0.308766961
1770718998.259984970 22.538602829 -4.723102093 -0.227999076 0.012672264 -0.013283225 0.930960536 0.364657909
1770718998.859934807 22.194280624 -4.338882446 -0.206252828 0.016971298 -0.005084846 0.929700792 0.367889345
1770718999.459820032 21.751104355 -3.926218748 -0.189823121 -0.005053709 -0.005178576 0.929407597 0.368983954
1770718999.959793568 21.305343628 -3.567162037 -0.178482011 -0.006570967 -0.010771396 0.926257372 0.376680225
1770719000.559651136 20.903007507 -3.198240280 -0.176117688 0.007756841 -0.016252946 0.913457930 0.406534463
1770719001.259725809 20.523107529 -2.754811764 -0.173867390 0.004308255 -0.013794837 0.874264359 0.485234976
1770719001.960058212 20.254873276 -2.298082590 -0.152898386 0.000452806 -0.006999852 0.815009296 0.579405546
1770719002.659795046 20.143888474 -1.745617986 -0.169246063 0.018430613 0.010345832 0.810855269 0.584864914
1770719003.259891748 20.008090973 -1.250159144 -0.159062475 0.016592698 0.012117449 0.741763055 0.670347333
1770719003.959838629 19.897598267 -1.048615098 -0.168671250 0.006336483 0.002481664 0.622563541 0.782539666
1770719004.759879112 19.992811203 -0.731381118 -0.183736995 0.008474745 0.001907290 0.470478982 0.882368445
1770719005.459752560 20.340906143 -0.266548455 -0.205073342 0.008983958 0.013207502 0.319584608 0.947423100
1770719006.160004854 20.776958466 0.061804052 -0.165582612 0.006737979 0.007379920 0.167729229 0.985782444
1770719006.859484911 21.260822296 0.214242145 -0.186885610 0.010690674 0.003591380 0.142947167 0.989666045
1770719007.560045481 21.827428818 0.227276742 -0.195009202 0.031291343 0.008812729 0.276484102 0.960468471
1770719008.160014629 22.273595810 0.593849182 -0.205238611 0.010505225 0.007788244 0.287885517 0.957575560
1770719008.759714365 22.684059143 0.939550281 -0.192163944 0.000233718 0.001373783 0.218104094 0.975924551
1770719009.359768152 23.168979645 1.195157051 -0.196010143 0.006049181 -0.000110766 0.175446600 0.984470367
1770719009.858483553 23.665121078 1.320121169 -0.171277657 0.009740092 0.001780682 0.130886748 0.991347909
1770719010.360006332 24.153715134 1.446781874 -0.162590533 0.006091801 0.005364134 0.084096454 0.996424556
1770719010.959763527 24.723848343 1.553570986 -0.168740764 0.003946467 0.001193793 0.068630368 0.997633636
1770719011.459811211 25.351182938 1.593346953 -0.187431946 0.005678582 0.005754954 0.086839058 0.996189535
1770719011.860032320 25.876966476 1.648337603 -0.169885635 0.017563621 0.012224942 0.084916212 0.996158242
1770719012.360045433 26.450422287 1.798558831 -0.182290301 0.007963857 0.011162695 0.049637470 0.998673141
1770719012.960066319 27.035202026 1.931293607 -0.170616016 0.000503738 0.007504140 0.001610304 0.999970376
1770719013.659973621 27.607065201 1.884129763 -0.155530930 0.004313263 0.003895076 -0.112378590 0.993648469
1770719014.359988928 28.133552551 1.779450655 -0.154127181 0.001860374 0.005633070 -0.266913176 0.963702321
1770719015.059839964 28.602388382 1.432336807 -0.181912959 0.002386627 0.005571777 -0.416827649 0.908965290
1770719015.659823656 28.951728821 1.007049561 -0.189381853 0.005880472 0.002309777 -0.466834128 0.884322286
1770719016.259921312 29.236673355 0.505014122 -0.178803474 0.004855251 0.000158638 -0.547003925 0.837115943
1770719016.859949350 29.478124619 0.060563151 -0.177170217 -0.004050512 0.005824031 -0.599910617 0.800035536
1770719017.459721088 29.621641159 -0.492078274 -0.188052818 -0.003532188 0.008099573 -0.653277755 0.757066786
1770719017.959740400 29.663896561 -1.006091833 -0.187936261 0.008581062 -0.006272224 -0.664438725 0.747267127
1770719018.559888601 29.695499420 -1.595494509 -0.196974307 0.014865813 -0.010752643 -0.666817605 0.744994998
1770719019.059976816 29.773145676 -2.118808270 -0.215129018 0.012732110 -0.000259522 -0.667955339 0.744092345
1770719019.559957504 29.880233765 -2.643070459 -0.196459696 0.010121338 0.013362193 -0.659233093 0.751751781
1770719020.059966087 29.941251755 -3.147539616 -0.209201336 0.009159768 0.010493247 -0.649449468 0.760277212
1770719020.658559561 30.026393890 -3.702682018 -0.207550764 0.006052431 0.011416891 -0.624842405 0.780644000
1770719021.359971285 30.111814499 -4.225340366 -0.242333993 0.012138656 0.002982883 -0.539194584 0.842088461
1770719022.058533907 30.349515915 -4.685462952 -0.271972299 -0.000400278 -0.004313809 -0.433379889 0.901200950
1770719022.759894848 30.737380981 -5.056210518 -0.288303524 -0.018630667 0.000015318 -0.399145722 0.916698217
1770719023.359957457 31.132490158 -5.444463730 -0.289179206 -0.020303931 -0.000000382 -0.396922737 0.917627394
1770719023.859812021 31.532133102 -5.835617065 -0.277582794 -0.017117137 0.005802891 -0.396317750 0.917935491
1770719024.360006809 31.890396118 -6.193684578 -0.274703801 -0.012864417 0.011145938 -0.390363276 0.920503557
1770719024.959954977 32.245178223 -6.577417374 -0.272651285 -0.008934949 0.009381504 -0.355848581 0.934453845
1770719025.659923077 32.613990784 -6.934470177 -0.281717926 -0.007850029 -0.005490821 -0.207991675 0.978083670
1770719026.359583378 33.146068573 -7.105219364 -0.283371627 -0.015983004 0.000668970 -0.161649838 0.986718535
1770719027.559791088 33.329887390 -7.070917130 -0.276475310 -0.005919670 0.014198703 -0.309769303 0.950687289
1770719028.360085964 33.348014832 -7.026028156 -0.296272844 0.001793380 0.006463609 -0.472384065 0.881367266
1770719029.059946060 33.370792389 -6.975006580 -0.296399534 0.006775858 -0.007592609 -0.604910910 0.796228111
1770719029.860071421 33.464725494 -6.946523666 -0.287796617 0.005665785 -0.012475395 -0.742867410 0.669298232
1770719030.559888363 33.539527893 -6.958746910 -0.276081175 -0.002712172 -0.018447980 -0.841205597 0.540393949
1770719031.259993315 33.637744904 -7.019138813 -0.299117744 0.014894437 0.008956200 0.914527774 -0.404149711
1770719032.059945107 33.560455322 -7.193155289 -0.308230430 0.014442968 0.011527900 0.973590732 -0.227551311
1770719032.759894133 33.544708252 -7.288452148 -0.310371995 0.024716519 0.009135389 0.997500002 -0.065570101
1770719033.460000038 33.275913239 -7.426442623 -0.309441984 0.014668716 -0.002670317 0.993989170 0.108458407
1770719034.259950399 33.021430969 -7.426863194 -0.290726811 0.009498568 -0.001238827 0.959867775 0.280289024
1770719035.160011768 32.601272583 -7.146863937 -0.281800270 0.000040351 0.000455170 0.899386883 0.437153399
1770719036.059899569 32.283603668 -6.710774422 -0.269929081 0.003279848 0.004464283 0.897522390 0.440934062
1770719036.859990835 31.945627213 -6.289447784 -0.281675875 -0.002476011 0.000442031 0.917854488 0.396909028
1770719037.660089254 31.590602875 -5.913728237 -0.277708799 0.000994096 0.003468498 0.916047633 0.401053399
1770719038.359995604 31.193552017 -5.540986061 -0.261363417 -0.002063595 -0.009556280 0.877114952 0.480180889
1770719039.059986830 30.914493561 -5.117010593 -0.275107950 -0.006486894 -0.002786573 0.860848665 0.508812308
1770719039.760011911 30.667825699 -4.601776600 -0.264475316 0.002221989 0.001639213 0.857910991 0.513790965
1770719040.459928989 30.388231277 -4.096967697 -0.267329335 0.008566180 -0.008371739 0.810060263 0.586224139
1770719041.159975290 30.202060699 -3.574249506 -0.265491635 0.010442266 -0.014756042 0.737436771 0.675174236
1770719041.859942436 30.207185745 -3.000797272 -0.240862906 0.017323682 -0.009919060 0.624358416 0.780882895
1770719042.559867620 30.422029495 -2.459225655 -0.235752881 0.025183788 0.003854884 0.502041936 0.864467919
1770719043.260037422 30.648626328 -1.997020245 -0.195830524 0.016935987 0.008011873 0.359655291 0.932897151
1770719044.059894085 30.884338379 -1.741580367 -0.179273933 0.017745413 0.006113048 0.185253575 0.982511520
1770719044.859916687 31.255531311 -1.607550740 -0.204632193 0.016427089 0.002216127 -0.002718529 0.999858916
1770719045.660093784 31.692102432 -1.592897177 -0.207986161 0.002062032 0.000954550 -0.179372340 0.983778656
1770719046.359740496 32.195663452 -1.793601871 -0.207252637 0.000655094 0.005606234 -0.317661762 0.948187292
1770719047.059897184 32.597419739 -2.141446829 -0.215091899 0.000526405 0.004820954 -0.397230923 0.917705894
1770719047.759743452 32.930374146 -2.594637871 -0.223793149 0.021914950 -0.002776357 -0.298000008 0.954310238
1770719048.360012531 33.360153198 -2.857994318 -0.244092226 0.008441834 0.013111915 -0.301859945 0.953224719
1770719049.059902906 33.860626221 -3.118576050 -0.240644559 -0.007555020 0.015245236 -0.377598286 0.925813198
1770719049.759702921 34.251121521 -3.525287151 -0.262958497 -0.002501459 0.010627422 -0.403886199 0.914744079
1770719050.459915161 34.600822449 -3.953933716 -0.278516114 0.006730302 0.010759839 -0.353190958 0.935465217
1770719051.159778833 35.040725708 -4.299305916 -0.290268064 -0.002924911 0.012221414 -0.334513009 0.942307353
1770719051.859895945 35.470672607 -4.642155170 -0.310222566 -0.004165034 0.011312832 -0.318951339 0.947694421
1770719052.459932327 35.899288177 -4.930834770 -0.330253690 -0.010414964 0.015463028 -0.321301401 0.946793437
1770719053.159900904 36.331317902 -5.283625603 -0.318505347 -0.013389256 -0.003431915 -0.366476387 0.930324674
1770719053.859825850 36.705371857 -5.685987473 -0.319513440 -0.008454781 -0.028778560 -0.388118476 0.921121240
1770719054.559956074 37.093833923 -6.056455135 -0.307730794 -0.002137798 0.002964756 -0.395873427 0.918297827
1770719055.159833670 37.463623047 -6.392750740 -0.293758243 -0.012397749 0.008335666 -0.396014363 0.918122768
1770719055.759841442 37.838542938 -6.769764900 -0.303163081 -0.010023337 0.006825386 -0.392915875 0.919494450
1770719056.259805441 38.190727234 -7.140381336 -0.304562092 -0.008429331 0.007170695 -0.390000522 0.920748115
1770719056.859827518 38.574764252 -7.535679340 -0.324174404 -0.005606154 0.001006716 -0.365645170 0.930736899
1770719057.459733963 38.942005157 -7.897881508 -0.319845974 -0.005146774 -0.000364810 -0.312581271 0.949876964
1770719058.160037279 39.351898193 -8.202094078 -0.334672928 -0.004727984 -0.004627449 -0.162794709 0.986637771
1770719058.859922886 39.791759491 -8.308842659 -0.317956746 -0.017274769 0.004758172 -0.008022564 0.999807298
1770719059.859849691 40.195236206 -8.344127655 -0.314802557 -0.013760733 0.003817449 0.162162662 0.986660719
1770719060.659803629 40.439086914 -8.264976501 -0.328125745 -0.016238183 0.000497192 0.342662334 0.939318180
1770719061.459988117 40.611724854 -8.186111450 -0.337439090 -0.009989287 0.002634992 0.508792639 0.860827088
1770719062.359982014 40.684440613 -8.096948624 -0.349319279 -0.007756477 -0.003694703 0.643541574 0.765362918
1770719068.660049915 40.731449127 -7.596333981 -0.365032047 -0.004083157 -0.000187320 0.654031694 0.756456137
1770719071.660070181 40.814727783 -7.048336029 -0.378446907 0.000479040 0.005527897 0.658534467 0.752530098
1770719072.660041571 40.920021057 -6.533662796 -0.367954165 0.002361024 0.007944026 0.737571478 0.675218165
1770719073.659856796 40.847267151 -5.998126507 -0.381472081 0.001986008 0.006501091 0.739716530 0.672884166
1770719074.560053110 40.742042542 -5.447063923 -0.397149593 -0.007604936 -0.003500274 0.735170126 0.677830935
1770719075.259805679 40.705646515 -4.947521210 -0.408561796 -0.005091610 -0.006025427 0.674036086 0.738656342
1770719075.960016966 40.789569855 -4.372268200 -0.386304945 0.003628059 0.007799729 0.655641437 0.755023360
1770719076.559917212 40.867942810 -3.872860432 -0.401851833 0.013574246 0.001008672 0.660008729 0.751134574
1770719077.259881973 40.934848785 -3.312300682 -0.388220698 0.023824224 -0.002270892 0.694093704 0.719486713
1770719077.859876871 40.928916931 -2.747150421 -0.376244217 0.016831720 -0.005482511 0.700487733 0.713444889
1770719078.459901094 40.884220123 -2.174327135 -0.361277163 0.012665737 -0.014389701 0.693271697 0.720421314
1770719079.059898376 40.858856201 -1.580994964 -0.307289243 0.002646410 -0.011899547 0.681519508 0.731698453
1770719079.659979582 40.935173035 -1.085896492 -0.296585232 0.008140276 0.000014120 0.656837463 0.753988266
1770719080.260038137 41.011695862 -0.586113930 -0.298967689 0.010408374 0.006258888 0.623074472 0.782068253
1770719081.159992456 41.079998016 -0.074332789 -0.296292424 0.006165303 -0.002196781 0.494876027 0.868938982
1770719081.959968567 41.381557465 0.306456715 -0.322842389 0.018574383 0.001057614 0.336866170 0.941368699
1770719082.559983492 41.789924622 0.626674294 -0.305155426 0.016775167 0.007747049 0.262582034 0.964732707
1770719083.159836292 42.250114441 0.880412698 -0.287726194 0.018411810 0.011393419 0.165441379 0.985981941
1770719083.758826017 42.712814331 1.072755575 -0.288296729 0.017025748 0.002738901 0.118128546 0.992848575
1770719084.359862804 43.245567322 1.154937744 -0.276896030 0.018475883 0.005201304 0.113476329 0.993355274
1770719085.060003757 43.794944763 1.293751121 -0.283238709 0.013328681 0.000468976 0.109432533 0.993904769
1770719085.660068750 44.314025879 1.428398252 -0.262463212 0.009345244 0.002776606 0.113161542 0.993528783
1770719086.460083723 44.854003906 1.542605996 -0.261391401 0.009072414 0.006273205 0.097285978 0.995195329
1770719087.659900904 45.353584290 1.611351371 -0.292568177 0.006536745 0.004637789 -0.059052646 0.998222709
1770719088.660094976 45.845050812 1.603838325 -0.292056262 0.005486920 0.002372007 -0.245147184 0.969467461
1770719089.459919214 46.214355469 1.412406206 -0.301515669 0.004192423 0.003520079 -0.412506491 0.910938203
1770719090.259308815 46.488128662 1.055989504 -0.294744104 0.006951013 -0.005953010 -0.572414398 0.819913447
1770719090.959891081 46.685649872 0.499660552 -0.290840507 0.003624170 0.000113957 -0.698568642 0.715533793
1770719091.559912443 46.696136475 -0.036237836 -0.293405831 0.008258607 -0.005444568 -0.726153076 0.687461913
1770719092.159928083 46.640510559 -0.635003686 -0.277166992 0.018554594 -0.015483841 -0.719263673 0.694316745
1770719092.659979582 46.583156586 -1.147758842 -0.268750310 0.012886977 -0.023433559 -0.696547091 0.717012465
1770719093.159938335 46.633728027 -1.652079105 -0.265789300 0.012499584 -0.015479309 -0.671976388 0.740305245
1770719093.660100698 46.719429016 -2.172838688 -0.283930987 0.009072223 -0.004323419 -0.660597742 0.750672817
1770719094.159956455 46.812877655 -2.707680941 -0.277205408 -0.002023963 -0.004708465 -0.661763072 0.749695539
1770719094.660048723 46.895957947 -3.293317556 -0.269717395 0.000513931 -0.003298207 -0.662464440 0.749085903
1770719095.158608675 46.954902649 -3.876904249 -0.270993918 0.008581484 -0.008447972 -0.658406854 0.752565861
1770719095.560001135 47.036632538 -4.402223110 -0.255794168 0.007459321 -0.008739600 -0.654771745 0.755739272
1770719096.059028864 47.137214661 -4.998100758 -0.256541938 0.002670251 0.000929150 -0.658698440 0.752401710
1770719096.459945440 47.202892303 -5.496442795 -0.245728582 0.000579998 -0.001032020 -0.665147245 0.746711254
1770719096.960042477 47.295433044 -6.068603992 -0.253914267 0.005766854 0.004918436 -0.662879169 0.748687983
1770719097.560027361 47.356357574 -6.631066799 -0.244148359 0.007597462 0.006557825 -0.679438055 0.733664215
1770719098.258980751 47.394187927 -7.209853172 -0.251379341 0.003511772 0.000495238 -0.700813234 0.713335931
1770719098.859045744 47.402496338 -7.732083321 -0.243759096 0.002600900 -0.001559069 -0.701432586 0.712729394
1770719099.459073544 47.419406891 -8.248791695 -0.241241693 0.004533946 -0.000943066 -0.702937365 0.711236656
1770719100.058946133 47.437633514 -8.776159286 -0.244164035 0.003182691 -0.000475852 -0.703059435 0.711123824
1770719100.658991337 47.461460114 -9.297223091 -0.248507395 0.001864124 0.002835382 -0.707353473 0.706851840
1770719101.359239817 47.487770081 -9.871989250 -0.250085980 -0.003153239 0.004458885 -0.714515448 0.699598312
1770719102.059081316 47.472011566 -10.419880867 -0.258126676 0.000218698 0.002675731 -0.712340832 0.701828480
1770719102.858736277 47.451766968 -10.944439888 -0.246210590 0.000075396 -0.006806024 -0.710727096 0.703434885
1770719103.658998013 47.451343536 -11.503424644 -0.254118830 0.002411417 -0.000977587 -0.716441691 0.697642148
1770719104.358994484 47.465385437 -12.010721207 -0.259560823 -0.009152728 0.004675658 -0.715081215 0.698965788
1770719105.160097361 47.505470276 -12.572620392 -0.260511935 -0.015502943 0.016455241 -0.709109843 0.704735458
1770719105.858974218 47.476001740 -13.099744797 -0.248559356 -0.008472786 0.003290281 -0.708522379 0.705629766
1770719106.659123182 47.444709778 -13.654183388 -0.258476228 0.000970417 -0.000845744 -0.716301560 0.697789669
1770719107.559053183 47.470706940 -14.192498207 -0.259257704 -0.006863281 0.002948844 -0.710415006 0.703743339
1770719108.559330463 47.469394684 -14.717314720 -0.271933794 -0.008231501 0.000039089 -0.713389575 0.700719237
1770719109.560128212 47.471019745 -15.236877441 -0.273473710 -0.004340162 0.003575592 -0.713669419 0.700460076
1770719110.559145451 47.474720001 -15.760297775 -0.280724317 -0.012181057 0.007840114 -0.710444450 0.703604221
1770719111.659134388 47.469917297 -16.285503387 -0.274987012 -0.012864809 0.005810647 -0.714012265 0.699990869
1770719115.059181690 47.547489166 -16.362957001 -0.271245301 -0.010053478 -0.005297010 -0.821099639 0.570671678
1770719115.859202385 47.625263214 -16.373325348 -0.225839078 0.015904814 0.006720953 0.908418596 -0.417705059
1770719116.658776045 47.691360474 -16.437936783 -0.234253660 0.018897286 0.008169304 0.968879879 -0.246673718
1770719117.359192133 47.723857880 -16.512773514 -0.249503970 0.020805448 0.004626698 0.996251523 -0.083836988
1770719118.160168648 47.771720886 -16.671163559 -0.314691037 0.024246026 0.007311227 0.994274557 0.103811733
1770719118.959102631 47.746433258 -16.765562057 -0.317514479 0.028734697 0.010322405 0.960660875 0.276040673
1770719119.759234190 47.691371918 -16.815263748 -0.317117751 0.022732697 0.015132478 0.891684890 0.451832175
1770719120.560174227 47.603137970 -16.881587982 -0.308520198 0.022884572 0.015226060 0.788571537 0.614328325
1770719121.759270668 47.434719086 -16.392089844 -0.273521215 -0.001170189 -0.007047117 0.693382680 0.720534086
1770719122.359314203 47.464252472 -15.785850525 -0.279548138 0.003909971 0.003760736 0.692264318 0.721623600
1770719122.859156609 47.516563416 -15.239873886 -0.258422107 0.014501634 0.013670390 0.689742267 0.723780632
1770719123.359207392 47.548801422 -14.722727776 -0.270761967 0.011601833 0.021823019 0.689034641 0.724306822
1770719123.858883858 47.548755646 -14.204060555 -0.262336433 0.007678536 0.011377790 0.692849457 0.720951617
1770719124.459138155 47.541938782 -13.611976624 -0.270716548 0.006156683 0.004681414 0.694150984 0.719787896
1770719124.959137201 47.547016144 -13.014487267 -0.255907595 -0.001962317 -0.000424297 0.694336653 0.719647527
1770719125.459291935 47.563652039 -12.395544052 -0.263677627 -0.005969435 0.004558450 0.694776595 0.719186425
1770719125.859176874 47.615207672 -11.888255119 -0.246304631 0.004222361 0.010520175 0.692116201 0.721697092
1770719126.258846998 47.643211365 -11.374334335 -0.269416809 0.015713684 0.010760956 0.707632482 0.706323981
1770719126.660273790 47.626247406 -10.827065468 -0.261845499 0.000248326 0.014609445 0.708520472 0.705538929
1770719127.059100389 47.628776550 -10.255852699 -0.267707705 0.009472688 0.017830133 0.716181397 0.697622061
1770719127.459308147 47.585601807 -9.671082497 -0.275709212 0.007731848 0.004111576 0.731178463 0.682129979
1770719127.859327793 47.513305664 -9.076778412 -0.286728948 -0.003066283 0.004405380 0.740679741 0.671836853
1770719128.259413481 47.494815826 -8.482032776 -0.271197677 0.009443856 0.012079612 0.752037048 0.658942461
1770719128.558923006 47.404052734 -7.986398697 -0.261267155 -0.000029867 0.005708509 0.755881429 0.654683650
1770719128.962507486 47.275753021 -7.364535809 -0.278358638 -0.000351607 -0.006714877 0.750665963 0.660647690
1770719129.359140158 47.191547394 -6.777224064 -0.256728441 -0.005322740 -0.005935166 0.747134149 0.664625406
1770719129.759175777 47.067497253 -6.196837425 -0.247332796 -0.014475316 -0.009827739 0.729811311 0.683424711
1770719130.159159899 47.054927826 -5.581758976 -0.255319685 -0.002272693 -0.011986687 0.699465454 0.714562237
1770719130.559245825 47.099769592 -4.976579189 -0.268868685 -0.003627214 0.007351785 0.674735367 0.738014162
1770719130.959231377 47.148262024 -4.375432014 -0.256351024 -0.004154297 0.001812745 0.650531054 0.759466112
1770719131.359309435 47.253406525 -3.782534361 -0.260294110 0.005465075 -0.001820711 0.623520792 0.781785548
1770719131.659361124 47.357444763 -3.286336660 -0.253575951 0.004142765 0.001934356 0.621064186 0.783746362
1770719131.959382057 47.495616913 -2.784815311 -0.254324168 0.007483470 0.009267848 0.619428515 0.784962714
1770719132.360314846 47.679962158 -2.199382782 -0.253801644 0.016054023 0.028617663 0.621923566 0.782390118
1770719132.759041071 47.768199921 -1.703011632 -0.237717792 0.013391003 0.020426255 0.652587891 0.757319331
1770719133.259297132 47.826511383 -1.083093405 -0.262590170 -0.005209820 0.020059718 0.671959758 0.740297556
1770719133.659232140 47.870597839 -0.540599763 -0.269176066 0.003593277 0.004098551 0.682825804 0.730560958
1770719134.058905602 47.812068939 0.018813498 -0.260182828 -0.006718695 -0.009799327 0.691546023 0.722234666
1770719134.559282541 47.875583649 0.572602451 -0.285876870 -0.004860572 -0.004125840 0.706869245 0.707315445
1770719135.059340000 47.915317535 1.153017163 -0.276630580 0.005526595 0.007172129 0.698724091 0.715333939
1770719135.560249805 47.958724976 1.733341694 -0.288450420 0.012369829 0.009817575 0.718718529 0.695121706
1770719136.059006453 47.940238953 2.263461828 -0.275926530 0.011736775 0.013653928 0.742536187 0.669563949
1770719136.659179211 47.845130920 2.775437117 -0.303517759 0.006854277 0.007281096 0.784531236 0.620008707
1770719137.259033918 47.677104950 3.258432865 -0.323507398 0.006976718 -0.000710058 0.853762388 0.520615637
1770719137.959421158 47.415985107 3.655497074 -0.347385705 -0.000484445 -0.018807596 0.926850319 0.374959350
1770719138.659252882 47.196933746 3.876993895 -0.324325264 -0.009403183 -0.024388935 0.975859523 0.216829315
1770719139.359024048 47.241325378 3.904121161 -0.305132508 -0.005717922 -0.027692141 0.997989595 0.056720737
1770719140.059468746 47.278236389 3.947954178 -0.286706328 0.006087647 -0.023120757 0.994319499 -0.103716552
1770719140.759298563 47.303256989 4.036018372 -0.288482457 0.015085961 -0.015039104 0.965813339 -0.258361876
1770719141.459507942 47.222648621 4.085927486 -0.298098296 0.017391384 0.002471871 0.915600598 -0.401705116
1770719142.459377766 46.838409424 3.677858829 -0.309284508 0.003639170 0.003459475 0.901073396 -0.433637470
1770719142.958988905 46.534175873 3.281417847 -0.290982157 0.004269110 -0.002429637 0.901245177 -0.433281690
1770719143.459274292 46.203651428 2.880404234 -0.294972837 -0.001466804 -0.001149487 0.906087577 -0.423086047
1770719144.259063959 45.892059326 2.464454889 -0.269875765 0.009588744 -0.002050777 0.958988309 -0.283276111
1770719144.959041595 45.448879242 2.170456171 -0.281780094 0.006458894 0.000904255 0.969710767 -0.244168967
1770719145.659374952 44.994228363 1.950412273 -0.275619626 0.001466530 0.002569180 0.984367251 -0.176103204
1770719146.459237814 44.467182159 1.762818694 -0.268164486 0.001483937 -0.005839590 0.996141613 -0.087553687
1770719147.459513664 43.913997650 1.704068303 -0.273316801 0.003482509 0.008648407 0.999854863 -0.014262169
1770719148.259672642 43.359798431 1.736478209 -0.278603166 0.002299474 0.008634062 0.999875784 -0.012983312
1770719148.959014654 42.863979340 1.655136704 -0.288348526 0.003092654 -0.001036639 0.999994576 -0.000452088
1770719149.659430742 42.288394928 1.643726707 -0.280337036 0.006084713 -0.000683022 0.997931063 0.064000256
1770719150.359512329 41.737220764 1.703444004 -0.285634995 0.004104170 -0.001018709 0.981520176 0.191311896
1770719151.059329748 41.231510162 1.946714640 -0.278576285 0.010934386 0.005521125 0.982607305 0.185291141
1770719151.659572124 40.743122101 2.171551466 -0.271954805 0.009434780 0.001543594 0.991315722 0.131155044
1770719152.259117365 40.235473633 2.317616940 -0.260393441 0.008999259 0.003664469 0.998172104 0.059649285
1770719152.859516621 39.648403168 2.334863424 -0.267708391 0.004077800 -0.004126742 0.999270499 0.037747286
1770719153.459625006 39.052646637 2.361309528 -0.260491729 0.003751945 -0.001874072 0.999537766 0.030110929
1770719153.959560156 38.495018005 2.383095503 -0.263285279 0.001488973 0.000783402 0.999288440 0.037678640
1770719154.459129572 37.958518982 2.433187962 -0.261946648 0.008367860 0.000019231 0.999354720 0.034930050
1770719154.959431887 37.352523804 2.476270437 -0.237289220 0.004694252 -0.002302522 0.999477804 0.031886339
1770719155.459439993 36.741024017 2.502266884 -0.226928219 0.003445041 -0.010008173 0.999636233 0.024806960
1770719155.859394073 36.234661102 2.517492771 -0.202110589 0.004190172 -0.006214070 0.999567747 0.028426848
1770719156.259480238 35.725631714 2.523876190 -0.194906279 0.001419923 -0.007005152 0.999837458 0.016553571
1770719156.659302235 35.186054230 2.531031609 -0.184375390 -0.002195859 -0.014281820 0.999840021 0.010542073
1770719157.059071302 34.634727478 2.565235138 -0.167829990 -0.002150902 -0.000482104 0.999974608 0.006772394
1770719157.459517717 34.054115295 2.555359364 -0.171131566 -0.000317185 -0.004370907 0.999980330 -0.004475567
1770719157.859390020 33.431629181 2.509039164 -0.151718512 0.001107489 -0.018575069 0.999826074 -0.001212019
1770719158.159220219 32.911479950 2.483623981 -0.133913174 0.000624889 -0.013409286 0.999894202 -0.005598003
1770719158.459407091 32.408481598 2.455635548 -0.124057539 -0.000888693 -0.014591401 0.999838710 -0.010432978
1770719158.859372616 31.758081436 2.511896372 -0.111494876 -0.006136870 -0.002848618 0.999966025 -0.004708680
1770719159.259117603 31.116998672 2.520312548 -0.126092568 -0.001382153 -0.005237109 0.999957919 -0.007401889
1770719159.659466743 30.471769333 2.483020544 -0.115799859 -0.007970029 -0.015101589 0.999843895 -0.004544259
1770719160.059195995 29.841434479 2.479015589 -0.115081064 -0.004233874 -0.007124075 0.999964714 0.001383554
1770719160.459400654 29.236099243 2.459564924 -0.141256362 -0.000477059 -0.006338535 0.999954700 -0.007083116
1770719160.859403849 28.592893600 2.438853025 -0.157770038 -0.000729363 -0.011291813 0.999901533 -0.008296034
1770719161.259439468 27.942497253 2.478538990 -0.146709710 0.003994341 0.001396851 0.999967098 -0.006923291
1770719161.559175491 27.433019638 2.486526251 -0.136285856 0.002877139 -0.006255180 0.999910295 -0.011488824
1770719161.959534645 26.788101196 2.460626841 -0.137782410 0.005296815 -0.007621755 0.999836087 -0.015542164
1770719162.359405279 26.153224945 2.400830507 -0.123028353 -0.000692028 -0.001312214 0.999418139 -0.034076627
1770719162.759584427 25.526729584 2.332059860 -0.108280763 -0.001179412 -0.011092437 0.999027312 -0.042660963
1770719163.159569025 24.892957687 2.294299364 -0.118770823 0.003710803 -0.010330836 0.999239564 -0.037414338
1770719163.559195518 24.246875763 2.237824202 -0.102670752 -0.005180959 -0.001463150 0.999204576 -0.039513294
1770719163.959394217 23.621170044 2.161014318 -0.118699215 -0.002774519 -0.010889532 0.998973250 -0.043888737
1770719164.359535694 23.005435944 2.104429483 -0.133482203 0.007457686 -0.011701595 0.999208570 -0.037278496
1770719164.759528160 22.333042145 2.035320520 -0.107339814 0.001285933 -0.004763791 0.999190867 -0.039917290
1770719165.159675360 21.692182541 1.985926628 -0.104313202 -0.002870359 -0.008321770 0.998832464 -0.047499895
1770719165.559486628 21.076591492 1.942819118 -0.110992402 0.003012262 -0.003911955 0.999186397 -0.040027376
1770719165.959456444 20.427925110 1.901349425 -0.098999619 -0.002320264 0.001709119 0.999358654 -0.035694245
1770719166.359141588 19.793201447 1.832040787 -0.090234332 -0.000625024 -0.009830005 0.999091208 -0.041470557
1770719166.759448528 19.161457062 1.785942197 -0.109115556 0.005668754 -0.008219876 0.999286175 -0.036434364
1770719167.159437418 18.530010223 1.736992717 -0.101847149 -0.002419341 0.000791598 0.999267817 -0.038176317
1770719167.559553146 17.909193039 1.660159230 -0.107706137 -0.001299307 -0.006671409 0.999011695 -0.043924581
1770719167.959590673 17.259706497 1.618395805 -0.110664636 0.002476016 0.000332393 0.999308884 -0.037086513
1770719168.359325886 16.592720032 1.575228810 -0.093300089 -0.000645227 0.002481054 0.999443293 -0.033264440
1770719168.759393454 15.964108467 1.499110937 -0.080509402 -0.001478540 -0.008756443 0.999169946 -0.039756548
1770719169.159506798 15.316603661 1.434129119 -0.100614600 0.005660950 -0.007861403 0.999376118 -0.033961825
1770719169.559552670 14.679000854 1.391220212 -0.103321373 -0.004657802 0.002374093 0.999460578 -0.032422617
1770719169.959691525 14.054593086 1.342380524 -0.085195877 -0.002501560 -0.009143554 0.999399722 -0.033321507
1770719170.359533072 13.416134834 1.305620551 -0.079699159 0.002142229 -0.006276700 0.999647081 -0.025723137
1770719170.759537220 12.771603584 1.269373059 -0.092856526 -0.003331960 0.000463772 0.999615371 -0.027527357
1770719171.159655333 12.130887985 1.201213479 -0.061494950 -0.000385299 -0.012067328 0.999498129 -0.029288199
1770719171.559494257 11.481216431 1.153605580 -0.078525461 0.007074686 -0.006665382 0.999561012 -0.027987372
1770719171.959481478 10.832364082 1.141524076 -0.077270687 -0.000735864 0.002890726 0.999626279 -0.027173169
1770719172.359692335 10.188800812 1.085909367 -0.064942747 0.000695915 -0.004920473 0.999494612 -0.031397201
1770719172.759467602 9.567757607 1.046613932 -0.077993661 0.002187153 -0.003946691 0.999678969 -0.024932047
1770719173.159461021 8.922271729 1.017629743 -0.065047897 -0.002095969 0.000497994 0.999698758 -0.024447039
1770719173.559267759 8.308762550 0.949327826 -0.054066680 0.000564122 -0.009554458 0.999442935 -0.031972777
1770719173.959516764 7.683363914 0.920506001 -0.078256041 0.011304932 -0.004344761 0.999556601 -0.027200760
1770719174.359527349 7.061775684 0.896542251 -0.079786956 0.003663387 0.006992780 0.999564767 -0.028424487
1770719174.759624958 6.456983089 0.840748847 -0.053226940 0.005954700 -0.004165570 0.999502182 -0.030700499
1770719175.159698248 5.883588314 0.796696782 -0.066204406 0.007952245 -0.004135053 0.999608338 -0.026509413
1770719175.559330940 5.341594219 0.772203505 -0.045895819 0.002565404 0.003327782 0.999629080 -0.026909458
1770719175.959732771 4.746499062 0.696406543 -0.044189811 0.002073550 -0.008627467 0.999456048 -0.031764582
1770719176.359535933 4.098485470 0.677679658 -0.047185022 0.008573024 -0.003207403 0.999552131 -0.028492443
1770719176.759565592 3.465931654 0.658872962 -0.035160664 0.001603312 0.002139283 0.999643445 -0.026566891
1770719177.159746408 2.837433338 0.589533508 -0.027595146 0.001543057 -0.009454304 0.999450088 -0.031743594
1770719177.559577703 2.204821348 0.548601449 -0.050257206 0.009647420 -0.012593347 0.999245822 -0.035441305
1770719177.859500408 1.705018520 0.492840201 -0.038321458 0.004554110 -0.008527091 0.998307943 -0.057339277
1770719178.159919024 1.204608917 0.434392959 -0.031843290 0.010024379 -0.006975523 0.997186780 -0.073955245
1770719178.559318304 0.556058466 0.374418199 -0.028478565 -0.000401342 0.001806862 0.994928122 -0.100571342
1770719178.859337091 0.064699046 0.275481373 -0.020058617 -0.000826780 -0.010140475 0.993431330 -0.113976739
1770719179.259247065 -0.543321252 0.119157717 -0.008239063 -0.001115323 -0.004654649 0.993735552 -0.111654542
1770719179.659549236 -1.145555019 -0.061522860 -0.008540220 0.006416317 -0.009022869 0.994175255 -0.107204832
1770719180.059604406 -1.767527342 -0.229058310 -0.000484498 0.004206067 -0.018651633 0.995621920 -0.091495343
1770719180.459181070 -2.397199154 -0.323162943 0.013082474 0.003111509 -0.003456355 0.997947812 -0.063863724
1770719180.859721422 -3.015754461 -0.397485346 0.016741201 0.007618004 0.000819630 0.998339534 -0.057091679
1770719181.159516335 -3.520884275 -0.424918830 0.035124496 0.005237447 0.001033328 0.999245524 -0.038467858
1770719181.559561968 -4.169427395 -0.486451864 0.049833681 0.002065568 -0.001302306 0.999873877 -0.015693842
1770719181.959739685 -4.706348896 -0.542671084 0.074064881 0.003536947 -0.007888861 0.999857724 -0.014482955
1770719182.459503412 -5.339585781 -0.543880820 0.062990502 0.002967973 -0.007389992 0.999903083 0.011418574
1770719182.959569931 -5.932317257 -0.506619692 0.067425780 0.008441246 -0.005398627 0.999085665 0.041562486
1770719183.359502554 -6.471059799 -0.471511960 0.064589664 0.001777244 0.005513552 0.998719692 0.050252985
1770719183.859569073 -7.088959217 -0.431631327 0.066016033 0.006104157 -0.003791570 0.997157454 0.075002693
1770719184.459662199 -7.652188778 -0.358382523 0.080372967 0.010646466 -0.003298189 0.992489159 0.121824205
1770719185.059688568 -8.152300835 -0.199915662 0.096147448 0.012538536 0.002538917 0.980875671 0.194214255
1770719185.659667492 -8.675001144 0.042679768 0.096258983 0.018700695 0.006167173 0.977519214 0.209924892
1770719186.159263372 -9.148048401 0.266982317 0.119963422 0.017120589 0.001241682 0.977083027 0.212165400
1770719186.659515858 -9.617662430 0.451419324 0.115169361 0.009693285 -0.003932147 0.976610839 0.214759752
1770719187.259362459 -10.158033371 0.696021557 0.114713237 0.008356042 -0.007650458 0.975081146 0.221559048
1770719187.759587049 -10.638237000 0.932390690 0.125147834 0.013661072 -0.003563861 0.970940709 0.238903284
1770719188.359639883 -11.152290344 1.206388831 0.133535922 0.016495178 -0.003939204 0.965069711 0.261443734
1770719188.859541893 -11.587657928 1.462017059 0.159600854 0.014269625 0.001284292 0.959914148 0.279927909
1770719189.359701633 -12.034768105 1.760418057 0.153663352 0.013083948 0.005742432 0.954513788 0.297824144
1770719189.859674454 -12.460894585 2.057375669 0.173217162 0.013336026 0.001815441 0.944813609 0.327331781
1770719190.459561586 -12.925480843 2.403713942 0.177144155 0.007003639 0.002034477 0.926696479 0.375739902
1770719191.059651852 -13.316371918 2.789594173 0.190159902 0.003932180 -0.002714938 0.904196203 0.427090704
1770719191.559779167 -13.638122559 3.188359737 0.220046669 0.010374574 -0.000048958 0.876478612 0.481328994
1770719192.259650230 -13.921884537 3.658350468 0.231654912 0.017235065 -0.002157275 0.788573444 0.614695311
1770719192.859753370 -14.034513474 4.162043095 0.240109950 0.019746533 0.004302880 0.716564059 0.697228432
1770719193.459422350 -13.998325348 4.728749275 0.240652934 0.027615370 0.012285710 0.702785909 0.710758984
1770719194.059382915 -13.956944466 5.249983311 0.244207755 0.036255077 0.017106256 0.700726092 0.712303162
1770719194.659762859 -13.927585602 5.818699360 0.249977604 0.036429211 0.019347697 0.701505065 0.711469769
1770719195.259852648 -13.926421165 6.342282772 0.255859494 0.028815273 0.013505918 0.720062435 0.693179190
1770719195.859770298 -13.976187706 6.862022877 0.265059710 0.020964311 0.009345581 0.738985002 0.673330784
1770719196.459676027 -14.057055473 7.386978149 0.259457290 0.013585125 -0.002134122 0.741160691 0.671186805
1770719197.059708595 -14.120950699 7.959257126 0.270423353 0.012480476 -0.003914390 0.741352916 0.670987964
1770719197.659693241 -14.182276726 8.503976822 0.282589376 0.007794905 -0.004788116 0.742214620 0.670099795
1770719198.259832621 -14.249215126 9.001464844 0.302689165 0.004701640 -0.007109785 0.742868423 0.669383228
1770719199.459714651 -14.258627892 9.523325920 0.312066555 0.017924933 0.002835244 0.740940750 0.671325088
1770719200.359694481 -14.305875778 10.038771629 0.314501405 0.014867838 -0.000493386 0.740504801 0.671886444
1770719201.059313774 -14.374475479 10.610245705 0.333359003 0.002928405 0.000894884 0.730344296 0.683072329
1770719201.759786367 -14.414599419 11.161725998 0.344635725 0.000406385 -0.002899979 0.706945240 0.707262218
1770719202.459249496 -14.407338142 11.686205864 0.354719013 0.001533186 0.000396914 0.705304980 0.708902240
1770719203.159876108 -14.397107124 12.220493317 0.365065843 0.000157978 0.007757366 0.703966141 0.710191190
1770719203.859670639 -14.391342163 12.749262810 0.370308787 0.000217250 0.009796364 0.705100358 0.709039867
1770719204.659287691 -14.419863701 13.324061394 0.378601223 -0.000084823 -0.004595496 0.660536945 0.750779450
1770719205.359665871 -14.355824471 13.857088089 0.394618869 -0.010793998 -0.005018035 0.601512551 0.798774719
1770719206.059798956 -14.168166161 14.358099937 0.405205607 0.000271343 -0.000404143 0.589458883 0.807798266
1770719206.759191275 -13.984024048 14.867762566 0.408579677 0.009023014 0.012768451 0.585691333 0.810383379
1770719207.459424019 -13.825492859 15.364325523 0.414472342 0.006077550 0.019522389 0.585981846 0.810066164
1770719208.159820318 -13.664857864 15.854423523 0.410134494 0.011296880 0.015355815 0.587678313 0.808870077
1770719208.859824896 -13.506553650 16.363735199 0.405052513 0.006883173 0.013791040 0.589089692 0.807920694
1770719209.559386969 -13.357466698 16.865404129 0.413529783 0.001030324 0.009830289 0.588074625 0.808746278
1770719210.259209394 -13.216041565 17.368669510 0.416838735 -0.005519515 0.005547157 0.565368712 0.824801147
1770719210.959711552 -13.030797958 17.848796844 0.416717678 -0.003117090 -0.004147125 0.517502964 0.855665684
1770719211.657440662 -12.792389870 18.303649902 0.435232162 -0.002658352 -0.001707406 0.477329522 0.878718674
1770719212.359326839 -12.483766556 18.732383728 0.430867642 0.003312153 0.009821733 0.470591009 0.882290542
1770719213.059097052 -12.162652969 19.160478592 0.423690110 0.011832886 0.021550013 0.470608115 0.881999731
1770719213.759502888 -11.869628906 19.603338242 0.423719794 0.007058034 0.013465412 0.469936043 0.882569551
1770719214.459304571 -11.587780952 20.018886566 0.422288567 0.017000789 0.006371045 0.471398860 0.881733239
1770719215.159608603 -11.289982796 20.463289261 0.415593714 0.017121291 0.009770855 0.470048070 0.882420659
1770719215.859899759 -10.993173599 20.900850296 0.422263682 0.018720396 0.016671265 0.472786784 0.880820215
1770719216.559859514 -10.703686714 21.341785431 0.431205899 0.022412442 0.011518658 0.474295884 0.880004764
1770719217.259510756 -10.411408424 21.781387329 0.445262462 0.022298731 0.014675036 0.472572803 0.880887270
1770719217.959054470 -10.122334480 22.215255737 0.449920893 0.015703706 0.020373182 0.514613748 0.857036173
1770719218.659342289 -9.864097595 22.685247421 0.437309831 0.022681266 0.021201141 0.574921370 0.817619383
1770719219.359287262 -9.673113823 23.211248398 0.431670487 0.031331107 0.026502032 0.647540689 0.760925174
1770719220.059872150 -9.611889839 23.765108109 0.419784695 0.026818983 0.039954618 0.753451943 0.655739784
1770719220.759876251 -9.773044586 24.294610977 0.421243578 0.009142454 0.011208457 0.780738592 0.624690294
1770719221.459792852 -9.937711716 24.808469772 0.423822612 -0.004050863 -0.009149794 0.779503524 0.626317918
1770719222.153558493 -10.053408623 25.311214447 0.436037153 -0.016847052 -0.010319745 0.762129843 0.647122741
1770719222.859788179 -10.124948502 25.864824295 0.438418686 -0.009781004 -0.006834993 0.758036792 0.652102709
1770719223.559766531 -10.189407349 26.376594543 0.438704461 -0.001626833 0.002449732 0.756148994 0.654392898
1770719224.259871244 -10.277218819 26.892784119 0.453848124 -0.001665727 0.001671787 0.728244185 0.685313642
1770719225.059859514 -10.339775085 27.454536438 0.449678540 -0.010871212 -0.011605212 0.672568679 0.739863813
1770719225.759809494 -10.274682999 27.975404739 0.464248866 -0.024709472 -0.002048975 0.620037675 0.784180164
1770719226.459814548 -10.112857819 28.490024567 0.458981156 -0.010525771 0.003746037 0.621838152 0.783066094
1770719227.159862518 -9.989529610 29.013647079 0.449607819 0.008013736 0.006650514 0.649361312 0.760408759
1770719227.859910727 -9.901516914 29.528890610 0.454152733 0.018663401 0.007866103 0.689107120 0.724376380
1770719228.559424162 -9.889201164 30.065704346 0.459009051 0.008482699 0.003529584 0.694394350 0.719536006
1770719229.259847641 -9.878013611 30.595928192 0.469220787 -0.004644211 0.013247234 0.696712434 0.717213213
1770719229.959843874 -9.868212700 31.124876022 0.466254354 -0.004965988 0.006554046 0.694725156 0.719228268
1770719230.659941673 -9.843117714 31.647975922 0.470605910 0.002707386 0.006279479 0.694742203 0.719226360
1770719231.359415770 -9.845266342 32.156291962 0.467867017 0.000581135 0.004900333 0.693024218 0.720897377
1770719232.059890747 -9.814321518 32.681476593 0.474528760 0.001052299 0.016944919 0.665812075 0.745926261
1770719232.759464741 -9.763967514 33.190582275 0.470326394 0.001404028 0.017000670 0.626522362 0.779216766
1770719233.459936380 -9.630031586 33.698730469 0.470303714 0.004201611 0.019453924 0.602363348 0.797973931
1770719234.159621000 -9.504586220 34.188217163 0.484094858 0.005668178 0.015723489 0.584336877 0.811339021
1770719234.859725475 -9.320844650 34.669910431 0.476425260 0.014411283 0.017631488 0.563467741 0.825824201
1770719235.559983253 -9.135791779 35.147739410 0.468507230 0.013113215 0.019435067 0.550060391 0.834795713
1770719236.259839773 -8.933385849 35.641063690 0.473384470 0.013112858 0.031329542 0.549988031 0.834481657
1770719236.959880352 -8.752758980 36.129428864 0.465590000 0.005364107 0.010837109 0.549528718 0.835387349
1770719237.659619093 -8.548838615 36.592159271 0.469954967 0.010786846 0.005033388 0.545697749 0.837897539
1770719238.359744787 -8.359543800 37.064327240 0.483764976 -0.007200214 0.001488609 0.546686292 0.837305248
1770719239.059386730 -8.148877144 37.551841736 0.492414206 -0.006573198 -0.003599531 0.543744981 0.839217067
1770719239.759403706 -7.939065933 38.036682129 0.504751980 -0.009996791 0.001058538 0.542216718 0.840178549
1770719240.459684849 -7.720368385 38.501461029 0.512795508 -0.002651448 0.014704374 0.545429885 0.838023305
1770719241.159661293 -7.482317924 38.963459015 0.504009426 0.006985975 0.018871251 0.547691941 0.836438060
1770719241.859559059 -7.289087296 39.447376251 0.505780220 0.005486066 0.007619838 0.549592435 0.835380137
1770719242.559726715 -7.110626221 39.933372498 0.514980495 -0.005202388 0.003247841 0.548491240 0.836133778
1770719243.259601593 -6.903344631 40.421386719 0.517003059 -0.007352815 -0.003312172 0.547417998 0.836820483
1770719243.959096432 -6.698844910 40.893714905 0.518409848 0.004543446 -0.007446805 0.548320234 0.836222947
1770719244.659419298 -6.496490955 41.383300781 0.528427541 -0.006167663 -0.004640139 0.537642479 0.843137562
1770719245.359510899 -6.287136078 41.840919495 0.534791231 -0.008792203 -0.009066220 0.487535566 0.873011768
1770719246.059619427 -5.994823933 42.308025360 0.539784968 -0.019020746 -0.005736159 0.406532735 0.913420141
1770719246.759581804 -5.607059002 42.686477661 0.545288026 -0.014382941 0.008299283 0.332913846 0.942811012
1770719247.459440231 -5.199118614 42.997108459 0.542106271 -0.015713183 0.003839617 0.203057259 0.979033232
1770719248.159525156 -4.691846371 43.176425934 0.532162666 -0.014977565 0.002710184 0.051396407 0.998562336
1770719248.859607458 -4.142549038 43.199218750 0.541269422 0.005319596 0.018685892 0.056432895 0.998217344
1770719249.559433699 -3.627470255 43.197158813 0.522794366 0.047024354 0.015970929 0.099801406 0.993767262
1770719250.259959459 -3.088824511 43.378368378 0.542149425 0.009718928 0.005450661 0.103037335 0.994615078
1770719250.959437132 -2.597829342 43.507698059 0.530114353 -0.007736253 0.006924127 0.104157113 0.994506657
1770719251.659967422 -2.087191343 43.620666504 0.543243051 -0.012377311 0.000071303 0.038974002 0.999163568
1770719252.359245777 -1.543894172 43.655921936 0.554880977 -0.006338622 0.007665983 -0.012267595 0.999875247
1770719253.059483528 -1.030016661 43.618152618 0.555238068 0.010880290 0.014889937 -0.012156663 0.999756038
1770719253.759713411 -0.505275548 43.619495392 0.557525873 0.012354653 0.006189617 -0.014033467 0.999806046
1770719254.459780216 0.019400358 43.599266052 0.545035124 0.014973079 0.003668473 -0.014042971 0.999782562
1770719255.160006523 0.548686683 43.607620239 0.566539049 0.001172573 0.004629388 -0.033636134 0.999422729
1770719256.359555483 0.917714536 43.657802582 0.561596692 -0.009633616 0.000206577 -0.212490335 0.977115631
1770719256.960013628 0.894351959 43.688091278 0.557123542 0.010506706 -0.010209331 -0.358535290 0.933401227
1770719257.659421921 0.911007166 43.733730316 0.564316869 0.017367801 -0.021332223 -0.516212881 0.856018424
1770719258.359874249 0.983570278 43.775047302 0.568005919 0.015419412 -0.026113549 -0.661760807 0.749101460
1770719259.059813738 1.076787710 43.753677368 0.541769803 0.012875862 -0.028655764 -0.783548832 0.620535493
1770719259.759407520 1.152902365 43.739177704 0.531199574 -0.010244636 0.025334813 0.881679773 -0.471056253
1770719260.459742546 1.195925236 43.677600861 0.537093043 -0.001463813 0.019914862 0.953240037 -0.301553547
1770719261.059541225 1.161108494 43.583709717 0.548163891 0.005719929 0.007775350 0.988718152 -0.149476632
1770719261.759707451 0.955651045 43.465789795 0.544363916 0.001307446 -0.010226321 0.999643624 0.024623390
1770719262.759617805 0.427338660 43.506851196 0.551780283 -0.001761188 -0.008803611 0.998852491 0.047044653
1770719263.759726048 -0.109542735 43.566898346 0.544884503 -0.006181586 0.007395836 0.999671519 -0.023746418
1770719264.659599066 -0.648154259 43.505790710 0.554820538 -0.004672966 -0.006796661 0.999231756 -0.038312785
1770719265.759696245 -1.171755433 43.462440491 0.550572336 0.000554097 -0.004583773 0.999055445 -0.043208022
1770719266.659898043 -1.686727285 43.405403137 0.544734359 -0.007175006 -0.015409335 0.998933256 -0.042935353
1770719267.559822083 -2.237251043 43.374420166 0.542586982 -0.003564500 -0.004897841 0.999051213 -0.043128025
1770719268.259313345 -2.736286163 43.334804535 0.545722306 0.000410213 -0.001569851 0.999064922 -0.043204576
1770719269.159743547 -3.289792061 43.257961273 0.552428067 -0.001592990 -0.012705168 0.999064326 -0.041310530
1770719269.959838390 -3.790852308 43.215595245 0.547820032 -0.000014619 -0.004356621 0.999007761 -0.044322971
1770719270.759730577 -4.297272205 43.125343323 0.549395263 0.004304620 -0.007607074 0.998920083 -0.045631979
1770719271.559824467 -4.828292370 43.095420837 0.535918891 0.001585717 -0.006019948 0.998455644 -0.055204440
1770719272.359729290 -5.385896206 43.053642273 0.558006585 0.001642621 0.005116800 0.995385051 -0.095811211
1770719273.159572601 -5.876212597 42.945549011 0.551924825 -0.004795433 0.001868025 0.988344908 -0.152143911
1770719274.259673834 -6.381052017 42.823257446 0.551978052 -0.006088141 0.010326773 0.968957126 -0.246938080
1770719275.859808445 -6.310499191 42.720306396 0.543165267 0.020539330 -0.007674455 0.993896246 -0.108117737
1770719281.459888697 -6.392556667 42.788444519 0.524205267 0.026840445 -0.008808110 0.960188985 -0.277919114
1770719282.159826040 -6.701127052 42.638301849 0.520518780 0.009578637 0.006678411 0.898725331 -0.438356519
1770719282.759700775 -6.976592064 42.353160858 0.520358026 0.010601277 -0.020852011 -0.822657168 0.568056405
1770719283.559763432 -7.112936020 41.844001770 0.522819638 0.004011769 0.006282283 -0.817833304 0.575406849
1770719284.359825850 -7.262784481 41.317966461 0.515028059 -0.010751029 0.023316748 -0.825242937 0.564193904
1770719285.059590101 -7.456359863 40.816562653 0.503293931 0.003983535 0.020112975 -0.827846646 0.560579836
1770719285.759718180 -7.656894684 40.325389862 0.510890126 -0.000855887 0.019596176 -0.829824626 0.557679355
1770719286.459672928 -7.854714394 39.831359863 0.500471652 0.001418930 0.021106999 -0.830992401 0.555881381
1770719287.259696722 -8.065072060 39.315315247 0.491903156 0.007841697 0.009841187 -0.832043827 0.554567218
1770719288.059739828 -8.294173241 38.780399323 0.481153160 0.007379168 0.005133164 -0.829672873 0.558177590
1770719288.759716749 -8.486859322 38.310943604 0.488465160 0.008453377 0.011985109 -0.818035066 0.574981391
1770719289.659777641 -8.653788567 37.775703430 0.482789367 0.006655614 0.012061654 -0.811294377 0.584475458
1770719290.459974766 -8.819119453 37.276123047 0.466425419 -0.003154936 0.009968207 -0.811114252 0.584794164
1770719291.159780264 -8.971086502 36.784503937 0.464454770 0.002895710 0.015611800 -0.808489084 0.588296950
1770719291.859816074 -9.132478714 36.272991180 0.469934911 -0.002240242 0.015647665 -0.810528100 0.585486233
1770719292.559834003 -9.290678024 35.778182983 0.465805769 0.001114827 0.010309954 -0.791789174 0.610706449
1770719293.259829283 -9.434462547 35.263751984 0.475372851 0.006071003 0.008691452 -0.790696323 0.612116754
1770719293.959963799 -9.545228004 34.759590149 0.468937069 0.000922759 0.005030349 -0.788855910 0.614556968
1770719294.659805059 -9.665167809 34.257343292 0.472798467 0.000055723 0.008450679 -0.787786245 0.615890682
1770719295.359983206 -9.791807175 33.761711121 0.470197588 0.004393830 0.010793381 -0.788038969 0.615514994
1770719296.159914732 -9.896933556 33.256790161 0.474338800 -0.001662095 0.007802145 -0.787930131 0.615713000
1770719297.059974909 -10.010121346 32.756774902 0.469375491 -0.007486747 0.007049655 -0.772713125 0.634672165
1770719298.559823036 -10.120721817 32.262077332 0.469990909 -0.003588362 0.004422407 -0.675645113 0.737205029
1770719299.559910059 -10.045172691 31.719573975 0.465103447 -0.003127568 0.020195534 -0.585175276 0.810649276
1770719300.759720802 -9.875900269 31.235055923 0.449348539 -0.001031180 0.020454085 -0.438650131 0.898424506
1770719301.559941530 -9.754506111 30.996498108 0.464834094 -0.007042988 0.021680288 -0.266186833 0.963651896
1770719303.159837246 -9.261973381 30.792325974 0.455025613 -0.008697244 0.010936766 -0.118545145 0.992850363
1770719304.359856606 -8.731174469 30.663553238 0.450041622 -0.018765341 0.009786936 -0.075040132 0.996955872
1770719305.259741306 -8.231273651 30.611024857 0.445690721 -0.017327812 0.007936700 -0.067760438 0.997519553
1770719306.059986115 -7.722305775 30.532466888 0.439930707 -0.013806872 0.005390188 -0.068026923 0.997573376
1770719306.859770775 -7.187407494 30.446413040 0.433832318 -0.010410468 0.013049877 -0.070938922 0.997340977
1770719307.660079718 -6.632161617 30.359025955 0.437515318 -0.002353624 0.013356886 -0.073983788 0.997167230
1770719308.459853411 -6.076709270 30.283054352 0.422003239 -0.000216670 0.012477526 -0.069253899 0.997520983
1770719309.159953356 -5.571937084 30.222972870 0.421395421 -0.002242747 0.013822853 -0.069506496 0.997483194
1770719309.959768057 -5.004469395 30.146997452 0.411223263 0.007075891 0.009512113 -0.018125515 0.999765456
1770719310.759967089 -4.452055931 30.144222260 0.401028872 0.010025532 0.008542316 0.018733170 0.999737740
1770719311.659796476 -3.906838655 30.157598495 0.398981422 0.011934361 0.009679997 0.082739726 0.996452689
1770719312.759740353 -3.424625635 30.277822495 0.405304790 0.003191789 0.006765359 0.247853369 0.968768656
1770719313.559768915 -2.979737043 30.527263641 0.404044688 0.005448486 0.003092638 0.346327662 0.938092709
1770719314.259838820 -2.590247393 30.835441589 0.398574948 0.013797286 0.018758731 0.486608714 0.873309612
1770719314.959918022 -2.346490622 31.283990860 0.396895081 0.016629951 0.016363917 0.632422209 0.774272442
1770719315.659849405 -2.280680180 31.817399979 0.396609306 0.004582657 0.016182704 0.709462404 0.704542577
1770719316.359840870 -2.350092411 32.325775146 0.395098388 -0.025932515 -0.003116988 0.713758826 0.699904263
1770719317.259836197 -2.402703524 32.886352539 0.401849806 -0.022283187 -0.013277691 0.668972313 0.742834568
1770719318.259767771 -2.339188814 33.355464935 0.391828030 -0.031556919 -0.011839952 0.540690482 0.840546131
1770719319.059848547 -2.246030807 33.606079102 0.405184060 -0.020513495 -0.011083002 0.386105120 0.922160029
1770719319.759992361 -2.177528620 33.725360870 0.384390116 -0.014942296 -0.009786710 0.220573157 0.975206912
1770719320.459885836 -2.120356560 33.807823181 0.369840622 0.000206730 -0.008411319 0.039624851 0.999179184
1770719321.160033464 -2.049423456 33.876022339 0.362392753 0.015090719 -0.004972628 -0.139254943 0.990129113
1770719321.859945774 -1.985993862 33.934879303 0.359621793 0.011413709 -0.009152595 -0.311859846 0.950015426
1770719322.560001135 -1.868207574 33.936199188 0.368710339 0.006543783 -0.012712622 -0.480843931 0.876689613
1770719323.259796143 -1.732747793 33.843196869 0.357671767 -0.009667137 -0.008102126 -0.628636777 0.777596772
1770719323.960015774 -1.602565765 33.532413483 0.370477915 -0.020098319 -0.000204922 -0.746323824 0.665279508
1770719324.960091352 -1.687469482 33.013408661 0.375705898 -0.007889052 0.001216625 -0.774540901 0.632473409
1770719325.859877110 -1.822422743 32.500770569 0.394399822 0.010740938 -0.000055140 -0.773984432 0.633113503
1770719326.759888172 -1.934051275 31.987602234 0.400009394 0.007042874 -0.004008981 -0.744951665 0.667069256
1770719327.559832573 -1.969857812 31.487733841 0.398506999 0.006524599 -0.000868261 -0.736822009 0.676054776
1770719328.459879875 -1.989069343 30.966648102 0.400135040 0.004347191 0.002725605 -0.683730066 0.729716957
1770719329.360012770 -1.927372813 30.415576935 0.395894647 0.014054620 0.010217449 -0.647055030 0.762245297
1770719330.159865618 -1.799158931 29.918737411 0.385024399 -0.003380004 0.023331814 -0.644883454 0.763917208
1770719330.860027790 -1.718411684 29.413795471 0.367795140 -0.008146802 0.020433970 -0.660308421 0.750672281
1770719331.559899569 -1.671044111 28.906896591 0.374427080 -0.004335199 0.015826572 -0.668173015 0.743824959
1770719332.259881973 -1.623832107 28.362634659 0.377417743 0.007937673 0.015797228 -0.678254306 0.734614551
1770719332.960107088 -1.587705255 27.841068268 0.380807728 0.006706132 0.011725606 -0.689378440 0.724275410
1770719333.659987688 -1.572926164 27.333812714 0.364805102 0.001447836 0.002789482 -0.701623678 0.712540805
1770719334.359856844 -1.544445634 26.801898956 0.375713348 0.001664074 0.017449982 -0.713698208 0.700233996
1770719335.060029507 -1.525241733 26.289424896 0.383049995 -0.002191480 0.026385661 -0.725731373 0.687468469
1770719335.759798765 -1.541188717 25.743497849 0.371015787 -0.005680354 0.021256810 -0.744223535 0.667568147
1770719336.459890604 -1.600225568 25.244604111 0.379577845 -0.009429973 0.015391797 -0.781054974 0.624201298
1770719337.360022306 -1.704202294 24.742458344 0.377587914 0.006167477 -0.023056574 0.881392479 -0.471781284
1770719338.059837341 -1.832839608 24.542871475 0.371977508 -0.004410942 -0.017972350 0.951035500 -0.308527172
1770719338.660054684 -1.965919137 24.400672913 0.391207546 -0.014812573 -0.008781545 0.987124562 -0.159023866
1770719339.359908104 -2.013252974 24.341669083 0.371936291 -0.008199515 0.002301121 0.999720991 0.022032529
1770719340.059977770 -2.118745327 24.280487061 0.355589420 -0.000283865 0.010642328 0.980419636 0.196631595
1770719340.759873867 -2.225305796 24.263265610 0.331667900 0.006881517 0.016629478 0.929997325 0.367125392
1770719341.459980249 -2.342179537 24.256216049 0.345562816 0.011116243 0.007816231 0.847784877 0.530166149
1770719342.159988642 -2.431648254 24.315227509 0.341326147 0.006313912 0.001796999 0.741332769 0.671105504
1770719342.859923363 -2.490275145 24.424730301 0.354203820 0.004303837 -0.004814368 0.610078394 0.792314708
1770719343.560008287 -2.501982927 24.631774902 0.349912435 0.002553776 -0.016168412 0.465403050 0.884947479
1770719344.460067272 -2.185205460 25.053178787 0.355878860 -0.002912887 -0.010303694 0.471681356 0.881704032
1770719345.360003471 -1.899386287 25.464824677 0.388159811 0.009826777 0.003760203 0.521084964 0.853439987
1770719346.059940100 -1.668542027 25.955686569 0.392823637 0.006718752 0.017502559 0.592471600 0.805373132
1770719346.759909391 -1.496518493 26.460208893 0.388988614 0.017593386 0.015063298 0.608444393 0.793258488
1770719347.459960699 -1.383915067 26.979560852 0.386147022 0.005622155 0.013930235 0.628835559 0.777393222
1770719348.159981012 -1.289446235 27.508935928 0.395820230 -0.010375649 0.005268193 0.628123105 0.778026938
1770719348.859959841 -1.212775946 28.003646851 0.396614432 -0.015679197 -0.002894863 0.626925945 0.778915703
1770719349.759926796 -1.086810827 28.511264801 0.399235159 -0.004015045 -0.005457204 0.623747170 0.781596780
1770719350.560056925 -0.987383008 29.023109436 0.394529253 -0.009345198 -0.001814430 0.618425488 0.785785794
1770719351.559968233 -0.846331239 29.529346466 0.406045079 -0.005493572 0.000144834 0.572467566 0.819908917
1770719352.460009813 -0.768064380 29.843475342 0.420559675 -0.015465341 -0.003514495 0.428670764 0.903321564
1770719353.160015345 -0.704934359 29.958629608 0.406768590 -0.009150721 -0.006157033 0.257731855 0.966153562
1770719353.859902143 -0.551317871 30.087291718 0.390736461 -0.007989455 -0.006945242 0.086265445 0.996215940
1770719354.959924698 0.005846870 30.141939163 0.407369345 0.001724665 -0.002663717 -0.000866306 0.999994576
1770719355.759818554 0.518481076 30.110414505 0.395293087 0.018120280 0.006349970 -0.005673632 0.999799550
1770719356.559972525 1.085816264 30.129037857 0.421376169 0.008719054 0.002771925 -0.007710667 0.999928415
1770719357.259886742 1.587761760 30.139093399 0.418268859 0.003806514 -0.000214971 0.002588009 0.999989390
1770719357.959770679 2.135638237 30.125972748 0.419121236 0.001818687 0.003951032 0.018653598 0.999816537
1770719358.660014391 2.655897617 30.157434464 0.421840519 0.000800130 0.012615288 0.022642292 0.999663711
1770719359.459913492 3.185890675 30.212717056 0.409872621 -0.009482859 0.009742522 -0.063492216 0.997889757
1770719360.359846115 3.606474876 30.173675537 0.385022759 -0.008955961 0.005600657 -0.251845956 0.967709661
1770719361.159910917 4.021408558 29.896652222 0.377423614 -0.005402075 0.013682337 -0.408228755 0.912761092
1770719361.959892273 4.356641769 29.503355026 0.379239261 -0.000883719 0.028312258 -0.559605718 0.828274786
1770719362.760001183 4.515437603 28.980827332 0.376258045 0.004137495 0.012691760 -0.656574667 0.754142880
1770719363.559948206 4.565792561 28.438299179 0.368783683 0.022191945 -0.003406747 -0.658829510 0.751957178
1770719364.259889603 4.631070614 27.882963181 0.359456211 0.016496962 -0.010627754 -0.659198344 0.751712978
1770719364.959820032 4.719463348 27.359222412 0.377210230 0.011209799 -0.006209236 -0.661931276 0.749455035
1770719365.659890890 4.798855782 26.840484619 0.381081104 0.018197864 0.007361929 -0.661000013 0.750129044
1770719366.359837055 4.871694565 26.319965363 0.371888638 0.012811595 0.006214389 -0.661446095 0.749857485
1770719367.059925079 4.948571205 25.799869537 0.346579880 0.018943023 0.008481327 -0.660315335 0.750701547
1770719367.759853840 5.016869068 25.296306610 0.350121945 0.016158279 0.006173660 -0.659172952 0.751792371
1770719368.458789349 5.087034702 24.772750854 0.321748346 0.012471839 0.011962146 -0.657737136 0.753049314
1770719369.158978224 5.156788349 24.247976303 0.316391200 0.010049952 0.009289508 -0.630075037 0.776413620
1770719369.859824181 5.256372452 23.756546021 0.302854210 0.007127193 -0.004576548 -0.568102956 0.822913945
1770719370.558900356 5.494044781 23.265174866 0.311981887 -0.004887738 0.009025153 -0.565196633 0.824892342
1770719371.259924889 5.686053753 22.766462326 0.319362849 -0.004556039 0.015840795 -0.570016623 0.821467817
1770719371.959941626 5.898811340 22.278148651 0.318044841 -0.014853414 0.014412463 -0.612937391 0.789860368
1770719372.659874201 6.017447948 21.770994186 0.297721952 -0.010857811 0.016920859 -0.635414481 0.771909475
1770719373.356809378 6.083659172 21.252571106 0.322306573 0.001182296 0.015505404 -0.686085522 0.727354705
1770719374.060069561 6.123058319 20.716009140 0.326276571 0.000372935 0.012155975 -0.708618104 0.705487430
1770719374.758943081 6.132069111 20.189334869 0.306615859 0.002352705 0.015910929 -0.722206771 0.691490233
1770719375.460086346 6.100398064 19.661220551 0.321245044 0.015744057 0.010655900 -0.722416043 0.691197276
1770719376.159852982 6.076439857 19.150272369 0.305302233 0.008651153 0.007165191 -0.723301411 0.690441012
1770719376.859836102 6.059457779 18.627388000 0.298975587 0.001289934 0.005803332 -0.721865535 0.692007840
1770719377.559837580 6.047767162 18.079475403 0.302453190 0.001298533 0.010208859 -0.722744226 0.691038966
1770719378.259905338 6.015016556 17.552766800 0.300209075 0.006156141 0.017992519 -0.722559869 0.691046715
1770719378.959856033 6.014173985 17.036962509 0.291511357 0.007700587 0.018429913 -0.723330617 0.690213025
1770719379.659854650 5.982096672 16.526861191 0.281312019 0.009248841 0.003083250 -0.709389508 0.704749227
1770719380.358923912 5.983425617 15.995706558 0.276044339 -0.001746687 -0.010433978 -0.693971217 0.719924986
1770719381.060042620 6.001688957 15.446718216 0.274133146 0.009756528 0.007897809 -0.659113765 0.751938522
1770719381.758973360 6.080246449 14.907238007 0.272060066 0.006712910 0.009969969 -0.615896344 0.787735522
1770719382.460057974 6.220149517 14.395604134 0.252409607 0.004390591 0.004962456 -0.565741062 0.824556351
1770719383.159871817 6.440051556 13.928535461 0.234775230 -0.003012144 0.013124758 -0.503201365 0.864064276
1770719383.858721733 6.688424587 13.447136879 0.248012379 0.006638675 0.009251227 -0.411996722 0.911114156
1770719384.659244061 7.081670284 13.062309265 0.215874344 0.005468882 0.008429087 -0.223962516 0.974545956
1770719385.358718395 7.601759911 12.861076355 0.185020864 0.000693036 0.021739895 -0.108634561 0.993843794
1770719386.060015917 8.119389534 12.813339233 0.178054035 -0.028439429 0.028440846 -0.050112925 0.997933388
1770719386.758717537 8.642921448 12.733777046 0.157939807 -0.016218018 0.021888563 0.015253793 0.999512494
1770719387.459957361 9.174747467 12.757104874 0.147192597 0.001027217 0.025065221 0.115174808 0.993028402
1770719388.158981800 9.676776886 12.913728714 0.130888507 -0.010743816 0.017326582 0.139428020 0.990022302
1770719388.858847380 10.176706314 13.087738037 0.116155617 -0.026308559 0.014778739 0.138479427 0.989905477
1770719389.559203863 10.658499718 13.236409187 0.104944713 -0.035863467 0.016109502 0.090529896 0.995117426
1770719390.259944916 11.181275368 13.317922592 0.085732564 -0.041814208 0.012201837 0.017750459 0.998893201
1770719391.059096575 11.736128807 13.279193878 0.088752918 -0.006204783 0.014793377 0.012722574 0.999790370
1770719392.559170246 12.250186920 13.294531822 0.067990549 -0.010807828 0.004356207 0.011672230 0.999863982
1770719394.159986019 12.617611885 13.349525452 0.062207740 -0.002621082 0.001516701 -0.170838937 0.985294282
1770719394.859284401 12.644022942 13.434210777 0.062348720 -0.003685348 -0.004906706 -0.344530493 0.938755095
1770719395.558727741 12.686171532 13.473006248 0.067733787 0.004166853 -0.010311007 -0.504373550 0.863413990
1770719396.260040760 12.764840126 13.522404671 0.061132420 0.010067746 -0.013557171 -0.648658395 0.760892391
1770719396.958785772 12.841481209 13.534232140 0.057674274 0.009227178 -0.015188565 -0.776490569 0.629878223
1770719397.659231901 12.921958923 13.511642456 0.047765020 -0.007534479 0.015212797 0.874267340 -0.485147804
1770719398.360027552 12.964151382 13.466086388 0.046653245 0.000235259 0.013671925 0.946666300 -0.321925372
1770719399.058941364 12.890128136 13.310989380 0.054701142 0.008425827 0.006429150 0.989538908 -0.143876553
1770719400.359280348 12.404264450 13.169096947 0.066130966 0.007193785 -0.004219763 0.994760633 -0.101890787
1770719401.259190559 11.871302605 13.071503639 0.090388015 -0.000981706 0.001090074 0.995018601 -0.099678576
1770719402.258992672 11.348267555 12.961288452 0.094762377 0.003836965 -0.001442037 0.994923711 -0.100548550
1770719403.059213161 10.816147804 12.852896690 0.101872161 0.005548192 0.001246080 0.995024085 -0.099472448
1770719403.760035515 10.284951210 12.738429070 0.113856159 0.007558135 0.001986309 0.994084001 -0.108332731
1770719404.458890438 9.762295723 12.630446434 0.122960202 0.001042107 0.008413339 0.986712694 -0.162253186
1770719405.160141706 9.264591217 12.446418762 0.134680018 -0.002976171 0.003830929 0.980814457 -0.194883257
1770719405.859411240 8.807062149 12.215724945 0.143950835 0.003903684 -0.011909049 0.979961395 -0.198792964
1770719406.558876991 8.332433701 12.009850502 0.145157605 0.010419496 -0.017308783 0.991316557 -0.129935592
1770719407.259208918 7.803570747 11.867045403 0.165760413 0.014586552 -0.025205573 0.998096824 -0.054356512
1770719407.959034204 7.290928364 11.854943275 0.180504858 0.005936396 -0.010843631 0.996637285 -0.081002340
1770719408.658903360 6.736108780 11.794817924 0.204608500 -0.000775218 0.010256615 0.989965320 -0.140935957
1770719409.459076166 6.188468933 11.616740227 0.197175413 0.005186221 -0.015348728 0.984351933 -0.175467163
1770719410.160234928 5.686981201 11.416943550 0.201575190 0.004275625 -0.022318108 0.992545605 -0.119736552
1770719410.859187365 5.170363426 11.270071983 0.222974196 0.004742225 -0.027406270 0.997760057 -0.060838338
1770719411.559085846 4.642823696 11.199159622 0.242636383 0.006075940 -0.016790779 0.999389172 -0.030041715
1770719412.259309292 4.110230923 11.209545135 0.218746901 0.004452271 -0.008704920 0.997395217 -0.071464747
1770719412.958848238 3.606168270 11.107258797 0.233379439 0.001014757 -0.007126527 0.997444093 -0.071087971
1770719413.660126686 3.086866140 11.022132874 0.235095382 0.001405574 -0.014391680 0.997295797 -0.072056122
1770719414.358949184 2.562662363 10.922404289 0.223114416 0.001223956 -0.012796348 0.997353256 -0.071563236
1770719415.059291601 2.052168369 10.870440483 0.236207142 0.000058209 -0.012394244 0.998757124 -0.048276592
1770719415.759174585 1.558027864 10.790370941 0.237260535 0.004545166 -0.016164634 0.999856889 -0.002068483
1770719416.459339857 1.033961415 10.807842255 0.238937259 0.000956449 -0.014590689 0.999507606 0.027763024
1770719417.159212828 0.507874787 10.859068871 0.254090965 -0.006268827 -0.007803792 0.999466121 0.031101028
1770719417.859034061 -0.008682971 10.905958176 0.253153890 -0.002628169 0.000082378 0.999413073 -0.034154881
1770719418.559266806 -0.562097728 10.869798660 0.239127994 -0.002455334 0.007221036 0.988737762 -0.149464324
1770719419.259144783 -1.055106163 10.715310097 0.255209625 -0.011692444 0.002252012 0.964173734 -0.265004158
1770719419.959297657 -1.485858321 10.432464600 0.236246020 -0.013405818 0.000032294 0.921081543 -0.389139056
1770719420.659268141 -1.854154944 10.022903442 0.193987250 -0.014327939 -0.012970759 0.872022450 -0.489084125
1770719421.359248877 -2.081039429 9.504892349 0.195472345 -0.000415140 0.046659797 -0.862258077 0.504315078
1770719422.059226036 -2.323452950 9.048639297 0.188521415 -0.001001093 0.045731001 -0.834697425 0.548805833
1770719422.759471655 -2.537489176 8.533791542 0.153057560 -0.002177408 0.034199078 -0.796986878 0.603023708
1770719423.459171295 -2.659959316 7.999649525 0.156044334 -0.000812986 0.031636078 -0.793649673 0.607551336
1770719424.160236120 -2.795280457 7.511099339 0.137130424 0.000427063 0.022436818 -0.764583170 0.644134283
1770719424.859010220 -2.882197142 6.996404171 0.114421256 0.000224416 0.027825357 -0.763248980 0.645505071
1770719425.558903694 -2.949109554 6.478803158 0.118318923 -0.001803347 0.035689823 -0.762394965 0.646124542
1770719426.259051323 -3.044471979 5.970571041 0.106445864 0.000583685 0.026117725 -0.764352500 0.644269228
1770719426.959326744 -3.125600338 5.444601536 0.093086071 -0.002267105 0.022481797 -0.765423179 0.643130481
1770719427.659281015 -3.233458281 4.934630394 0.077285342 0.002311713 0.021205317 -0.764097512 0.644747913
1770719428.359290123 -3.306610107 4.408564091 0.072292283 0.004582154 0.016791277 -0.748290896 0.663142323
1770719429.059343815 -3.389181852 3.903333902 0.042768292 0.008598075 0.006590508 -0.666377544 0.745535731
1770719429.759379625 -3.348463297 3.345350266 0.029687528 0.015094139 -0.012309113 -0.549085796 0.835539043
1770719430.459216833 -3.064846992 2.881078959 0.041050907 -0.006768240 0.003520653 -0.536572576 0.843819678
1770719431.159348011 -2.822104216 2.403926611 0.054374631 0.004592436 0.017786261 -0.433932185 0.900758266
1770719431.859388351 -2.466582060 1.978578329 0.044200044 0.013735221 0.018097896 -0.342775285 0.939142644
1770719432.559143305 -2.073336840 1.656621218 0.026732162 0.014386495 0.007472397 -0.237101316 0.971349657
1770719433.259418011 -1.585354209 1.439447999 -0.006378849 0.003007291 0.011738876 -0.141134024 0.989916325
1770719433.959385633 -1.053719163 1.329762459 0.002557963 -0.023951404 0.021918932 -0.135290995 0.990273774
1770719434.659183741 -0.543297231 1.215489626 0.000746698 -0.032540306 0.022143716 -0.133401036 0.990280211
1770719435.358966827 -0.027929917 1.043802619 -0.016980978 -0.017386122 0.014756282 -0.091583550 0.995536268
1770719436.059315920 0.479254991 0.946186483 -0.033069585 -0.014229096 0.011261294 -0.075185016 0.997004509
1770719436.759094000 0.982740879 0.887171805 -0.021526173 -0.015921377 0.008431501 -0.072401449 0.997212827
1770719437.459458351 1.523569345 0.804296255 -0.037974305 -0.012018207 0.014540721 -0.072294012 0.997204959
1770719438.159329891 2.053353786 0.724225283 -0.035541266 -0.014396798 0.020480184 -0.074701317 0.996891677
1770719438.859151602 2.551919937 0.649058223 -0.048595298 -0.011128529 0.009094811 -0.039625756 0.999111235
1770719439.559464455 3.081072330 0.577292740 -0.067739107 -0.001886588 0.004773933 -0.027920181 0.999597013
1770719440.259666920 3.601677895 0.570934713 -0.078024790 0.001957203 0.014540233 0.065873533 0.997720063
1770719440.959532976 4.129155636 0.659530163 -0.076593295 -0.008495255 0.009293941 0.069076754 0.997531891
1770719441.659401417 4.653557301 0.760687768 -0.088862963 -0.019682728 0.005231092 0.072635256 0.997150600
1770719442.359430075 5.159914970 0.847420990 -0.095139876 -0.024205640 0.009832883 0.071084358 0.997128069
1770719443.059592485 5.678088665 0.915812910 -0.092680760 -0.022218734 0.008164575 0.066810459 0.997484863
1770719443.759119034 6.201758385 0.974900007 -0.103198200 -0.014389215 0.006892554 0.064469203 0.997792125
1770719444.459457874 6.733193398 1.051130056 -0.093456157 -0.008105230 0.013967805 0.065479092 0.997723281
1770719445.159375668 7.235639095 1.112454414 -0.084717080 -0.008195872 0.005343527 0.065696687 0.997791708
1770719445.859495401 7.747658730 1.209628105 -0.100678146 -0.012998762 0.006020760 0.064123005 0.997839153
1770719446.459057570 8.355428696 1.302773714 -0.108408794 -0.009680133 0.005282887 0.067367464 0.997667253
1770719446.959570885 8.987976074 1.374695778 -0.109373301 -0.002934437 -0.003183374 0.065644599 0.997833669
1770719447.359583855 9.594371796 1.427975297 -0.117876679 0.004435312 0.002894868 0.067345940 0.997715592
1770719447.759261370 10.237975121 1.548672318 -0.107753776 -0.007124736 0.003398808 0.058561448 0.998252571
1770719448.159177065 10.865012169 1.647675633 -0.136467591 -0.012402049 0.000709812 0.035077333 0.999307394
1770719448.559078693 11.536523819 1.720465541 -0.098984048 -0.008149235 0.004969859 0.017191563 0.999806643
1770719448.959389448 12.196510315 1.728939891 -0.090377815 -0.008424173 0.008486086 -0.004170316 0.999919832
1770719449.359241724 12.839596748 1.682050347 -0.091833569 -0.000980006 0.003054681 -0.027402552 0.999619365
1770719449.759506464 13.492029190 1.628700376 -0.087965958 0.008313603 0.009374017 -0.033256572 0.999368310
1770719450.159203291 14.143998146 1.618577003 -0.078397885 -0.004633528 0.007770611 -0.022671781 0.999702036
1770719450.559630156 14.760742188 1.585243583 -0.102369204 -0.005244716 0.003523658 -0.023992822 0.999692142
1770719450.959505796 15.389256477 1.563252211 -0.099559367 0.002116856 0.011467642 -0.014291059 0.999829888
1770719451.359396696 16.025442123 1.575032473 -0.101314157 -0.006230248 0.010233123 -0.002809639 0.999924302
1770719451.759211540 16.687477112 1.543390155 -0.106335260 0.000371313 0.003457988 0.001220023 0.999993205
1770719452.059101343 17.190196991 1.533858180 -0.108515427 0.000957257 0.002526798 0.011635294 0.999928653
1770719452.459585428 17.823835373 1.582214117 -0.108818352 -0.009544347 0.010539892 0.025272666 0.999579489
1770719452.859440565 18.455125809 1.623896599 -0.105306774 -0.000109607 0.009030587 0.035948258 0.999312818
1770719453.259216785 19.096738815 1.681606770 -0.121260047 -0.002461202 0.004980758 0.044104304 0.999011517
1770719453.659576178 19.738634109 1.749160290 -0.116772696 -0.012127562 0.009055347 0.044117153 0.998911738
1770719454.059457302 20.350292206 1.794965267 -0.111529343 0.000992157 0.010473686 0.038784567 0.999192238
1770719454.459402084 20.966218948 1.858684897 -0.135099217 -0.002053898 0.002936218 0.044408590 0.999007046
1770719454.859638214 21.611015320 1.937269688 -0.132344887 -0.013943025 0.003545007 0.034218751 0.999310851
1770719455.159188747 22.119089127 1.978632331 -0.131291673 -0.004832337 0.002614481 0.032038070 0.999471545
1770719455.559080601 22.765808105 2.020482540 -0.129498273 -0.006357529 0.004197445 0.024589939 0.999668598
1770719455.959200859 23.399282455 2.019223928 -0.120698363 -0.000018556 0.002201388 -0.000354113 0.999997497
1770719456.359538794 24.045049667 2.013689041 -0.115165539 0.009544129 0.009210140 -0.008912540 0.999872327
1770719456.759565592 24.677183151 2.024223804 -0.101781525 -0.003083705 0.006534575 -0.005799503 0.999957085
1770719457.159668922 25.309726715 2.016277075 -0.133803710 -0.002623677 0.001126307 -0.009810572 0.999947786
1770719457.559521675 25.945962906 1.996453166 -0.135065183 0.005834468 0.010696094 -0.006662023 0.999903560
1770719457.959293127 26.569164276 2.015562057 -0.147593394 -0.002519116 0.010261957 0.000528490 0.999944031
1770719458.359233618 27.209184647 1.986033678 -0.153356031 0.001826648 0.005766146 -0.006778066 0.999958754
1770719458.759542942 27.877046585 1.977236986 -0.147856325 0.003827700 0.009125713 -0.009184270 0.999908864
1770719459.159565210 28.506284714 1.996995330 -0.144839227 -0.006169926 0.011609010 -0.001765884 0.999912024
1770719459.559257269 29.107538223 1.989405394 -0.154232040 -0.004368395 0.004691805 -0.006299834 0.999959588
1770719459.959576368 29.633323669 1.946866274 -0.150483802 0.006574863 0.010143238 0.001611978 0.999925613
1770719460.459256172 30.223913193 1.978349209 -0.168786436 0.003817427 0.002125070 0.020863377 0.999772787
1770719461.059278727 30.814472198 2.011688948 -0.178286523 -0.000511958 0.004226212 0.057419792 0.998341024
1770719461.659621000 31.395475388 2.104785442 -0.190236732 -0.007193797 -0.003331764 0.103295371 0.994619131
1770719462.259237766 31.937938690 2.204531670 -0.178982317 -0.002192747 -0.006335354 0.171399444 0.985178769
1770719462.959582567 32.470809937 2.356799126 -0.197463751 0.002831907 -0.001715714 0.319680542 0.947519600
1770719463.659635067 32.899238586 2.747311592 -0.217466101 -0.006737583 -0.002414248 0.439769506 0.898082137
1770719464.259598732 33.167617798 3.218315363 -0.228342146 -0.010138946 -0.008632000 0.517484963 0.855588675
1770719464.859472275 33.437480927 3.666620255 -0.217197433 -0.002850238 -0.009545142 0.566887200 0.823735178
1770719465.459470749 33.554870605 4.198166847 -0.218162924 -0.004195772 -0.015415342 0.643344283 0.765410244
1770719466.059368849 33.647510529 4.692401886 -0.210823700 -0.005235141 -0.014879511 0.651444018 0.758532703
1770719466.659471035 33.682643890 5.290325642 -0.207210988 -0.009902940 -0.017629290 0.615762889 0.787671983
1770719467.259357452 33.826427460 5.833024979 -0.197062433 -0.004147222 -0.007234892 0.575352371 0.817863166
1770719467.859828472 34.044841766 6.364923000 -0.192424983 0.006235670 0.006100299 0.560322762 0.828228414
1770719468.359629631 34.241615295 6.841655731 -0.191076070 0.006868454 0.006999197 0.563234925 0.826238632
1770719468.859727859 34.421043396 7.334296703 -0.182178855 0.003214712 0.003453230 0.568436503 0.822713614
1770719469.359513998 34.588726044 7.849252224 -0.170212045 -0.003965610 0.003242764 0.570228636 0.821470022
1770719469.859557152 34.779090881 8.376819611 -0.196807876 -0.006790674 0.000202656 0.566856027 0.823788881
1770719470.359461308 34.992134094 8.923082352 -0.195298687 0.006638763 -0.000489180 0.563930273 0.825795531
1770719470.859616995 35.203746796 9.447216988 -0.193114460 0.011396433 0.010483136 0.561363280 0.827424645
1770719471.459466934 35.436870575 9.995573997 -0.176877216 0.017870331 0.015350549 0.562072217 0.826752603
1770719471.959553480 35.614704132 10.499628067 -0.181063727 0.011071935 0.014823560 0.562112272 0.826853991
1770719472.459754705 35.768257141 10.993565559 -0.178211838 0.006207149 0.004250589 0.566969872 0.823704183
1770719472.959895849 35.952098846 11.512347221 -0.185471237 -0.000670704 0.002035578 0.570273697 0.821451962
1770719473.459273815 36.145614624 12.006296158 -0.188054755 0.004110659 0.009406214 0.565779269 0.824492872
1770719474.259421110 36.314880371 12.516056061 -0.177877441 -0.000570537 0.002406325 0.565410912 0.824805677
1770719474.959338427 36.482391357 13.006894112 -0.175301284 -0.007348974 -0.003535613 0.565158904 0.824941695
1770719475.659233093 36.663108826 13.515026093 -0.162660688 -0.013218109 -0.009866698 0.488005280 0.872684836
1770719476.359322071 36.957313538 13.940530777 -0.161876634 -0.008940537 -0.003606903 0.460799694 0.887451768
1770719477.059768677 37.286952972 14.367905617 -0.174781606 0.004714397 0.008447152 0.456137031 0.889856994
1770719477.759428501 37.597351074 14.806699753 -0.155609742 0.001059910 0.009375540 0.454470664 0.890711725
1770719478.559761763 37.945404053 15.260562897 -0.161741525 0.008548005 0.001331314 0.454276502 0.890818715
1770719479.259644747 38.254981995 15.704216957 -0.149095312 0.005683910 0.011520551 0.458728880 0.888483405
1770719479.959873438 38.559303284 16.120668411 -0.149682224 0.002392201 0.010381021 0.454432875 0.890717268
1770719480.659656763 38.849868774 16.564823151 -0.157372013 -0.008949539 0.007739825 0.417346776 0.908670306
1770719481.359443426 39.213287354 16.956075668 -0.149062112 -0.004664640 0.012899060 0.426543802 0.904362857
1770719482.059419632 39.532352448 17.350936890 -0.167742684 -0.003289758 0.007346245 0.472286582 0.881408274
1770719482.759332180 39.831275940 17.785058975 -0.177027911 0.007685645 0.010859826 0.524117291 0.851542175
1770719483.459670067 40.058738708 18.252470016 -0.166289017 0.007225975 0.023947358 0.581267178 0.813328266
1770719484.159565687 40.207122803 18.781475067 -0.175684318 0.005356807 0.016939897 0.638843358 0.769131601
1770719484.859743834 40.271297455 19.316844940 -0.195146486 0.003635520 0.006157883 0.710944653 0.703211546
1770719485.559572935 40.263271332 19.836946487 -0.192353323 0.005170993 0.010855195 0.791440010 0.611128569
1770719486.259796858 40.083415985 20.357429504 -0.207032070 0.001632819 0.006726988 0.853853822 0.520466805
1770719486.959612608 39.798236847 20.821176529 -0.200638369 -0.004509368 0.003587534 0.892511427 0.450987965
1770719487.659846544 39.448024750 21.216737747 -0.178894952 -0.017604081 -0.003176839 0.904393911 0.426323414
1770719488.359378338 39.118083954 21.594467163 -0.192143366 -0.005860314 -0.013970247 0.928901732 0.370016336
1770719489.059294939 38.729053497 21.950838089 -0.174535334 0.012111391 -0.008087799 0.973914921 0.226445556
1770719489.759619951 38.248958588 22.164806366 -0.136180386 -0.003362568 0.003486112 0.996138871 0.087657779
1770719490.459453821 37.700225830 22.206407547 -0.133808777 -0.010597272 -0.004968171 0.999250412 0.036899533
1770719491.159770250 37.162044525 22.220142365 -0.118036211 -0.008883943 -0.017994575 0.999708474 0.013423151
1770719491.859532595 36.637306213 22.239810944 -0.118425116 -0.006880019 -0.024010083 0.999665678 0.006686760
1770719492.559809208 36.121940613 22.237230301 -0.123542219 0.000655600 -0.025278952 0.999675453 0.003089633
1770719493.259280920 35.595970154 22.248840332 -0.118099160 -0.004261306 -0.020672955 0.999777198 0.000121058
1770719493.959732533 35.061347961 22.262838364 -0.111231707 -0.014397549 -0.017246667 0.999741912 0.003360497
1770719494.659806490 34.544013977 22.267671585 -0.122525714 -0.009321472 -0.011580445 0.999873877 0.005584828
1770719495.359396696 34.027713776 22.266040802 -0.120223030 -0.004531389 -0.012163918 0.999901056 0.005425209
1770719496.059542656 33.500350952 22.270351410 -0.115405656 -0.006177314 -0.005609655 0.999942541 0.006729357
1770719496.759362698 32.973457336 22.276000977 -0.124951869 -0.004042682 -0.002721719 0.999968231 0.006306791
1770719497.457896948 32.442195892 22.277931213 -0.109395191 -0.008392388 -0.008478101 0.999919474 0.004322634
1770719498.159424305 31.929065704 22.276741028 -0.114250675 -0.009642260 -0.009582259 0.999894857 0.005045496
1770719498.859841347 31.422946930 22.289056778 -0.114552990 -0.001081370 -0.004665794 0.999946415 0.009174621
1770719499.559595108 30.887695312 22.287677765 -0.112500675 -0.001493338 -0.007748225 0.999930143 0.008798927
1770719500.259797096 30.364768982 22.301694870 -0.096225724 -0.004360144 -0.003343764 0.999984324 0.001050453
1770719500.959914446 29.823789597 22.291585922 -0.103764676 -0.005145940 0.005747446 0.998246372 -0.058690894
1770719501.759886742 29.257629395 22.202365875 -0.107404247 -0.003011373 -0.008532234 0.995972276 -0.089204080
1770719502.459578514 28.741394043 22.084390640 -0.109100476 0.000594244 -0.023015641 0.997913718 -0.060316578
1770719503.159912109 28.216640472 22.017799377 -0.101479411 0.000569013 -0.025740232 0.999667823 -0.001172734
1770719503.859548807 27.699594498 22.034372330 -0.085891828 -0.005145503 -0.005544378 0.999957740 -0.005229465
1770719504.559585094 27.164611816 22.036369324 -0.076789983 0.004372749 0.000898189 0.999837160 -0.017482378
1770719505.259541750 26.643863678 22.032341003 -0.084152475 0.001980869 0.006965484 0.998920500 -0.045884743
1770719505.959616423 26.141115189 21.969495773 -0.065640122 -0.005551900 0.003797236 0.991625667 -0.128969908
1770719506.859538794 25.948482513 21.951253891 -0.079593793 -0.001275162 -0.003673729 0.953289509 -0.302033126
1770719507.559597015 25.931871414 21.993331909 -0.101924621 0.013276920 -0.019338915 0.885996342 -0.463098526
1770719508.159618139 25.923019409 22.052824020 -0.108234145 -0.025995918 0.027045190 -0.804746032 0.592432678
1770719508.859509230 25.856611252 22.060602188 -0.088130496 -0.026341032 0.027483229 -0.687269330 0.725404501
1770719509.759475470 25.860809326 21.935787201 -0.088322461 -0.026054149 0.030321257 -0.554061234 0.831515431
1770719510.359841347 25.780067444 21.892213821 -0.067556679 -0.013144942 0.013791768 -0.425826788 0.904604077
1770719511.059529305 25.728740692 21.846681595 -0.076623619 -0.013786425 0.009260708 -0.259451985 0.965613186
1770719511.759891272 25.693433762 21.781272888 -0.086344332 -0.008459511 0.002648773 -0.093381479 0.995590925
1770719513.059524298 26.153535843 21.644079208 -0.084060252 0.013527137 -0.004165224 0.066285007 0.997700334
1770719513.859523296 26.703783035 21.739704132 -0.080143206 0.007395614 0.011440096 0.074749418 0.997109294
1770719514.559545755 27.217340469 21.843358994 -0.089267530 -0.004711042 0.015059990 0.074556790 0.997091889
1770719515.259833097 27.729425430 21.954639435 -0.099618696 -0.012641429 0.010939719 0.050210521 0.998598754
1770719515.959579468 28.257877350 22.036453247 -0.098655231 -0.019938562 0.006805937 -0.003536857 0.999771833
1770719516.659871817 28.783315659 22.013988495 -0.110179245 -0.014815593 0.010544161 -0.022775581 0.999575198
1770719517.359657288 29.321769714 21.957368851 -0.105519451 -0.000171090 0.020109346 -0.013804524 0.999702454
1770719518.059796810 29.828235626 21.903911591 -0.114923239 0.023340410 0.005324987 0.028148588 0.999317050
1770719518.759670973 30.346775055 21.973619461 -0.123360485 0.011399092 0.008182368 0.027270628 0.999529600
1770719519.459705591 30.885391235 22.036808014 -0.114533477 -0.002106800 0.013445504 0.033053763 0.999360919
1770719520.159718037 31.405857086 22.095048904 -0.115679853 -0.009182566 0.009494232 -0.019265419 0.999727130
1770719520.859900236 31.931928635 22.056798935 -0.120010726 -0.005575888 0.009450487 -0.020656332 0.999726415
1770719521.559633017 32.449317932 21.990676880 -0.124607138 0.015758751 0.005430853 0.038745321 0.999110103
1770719522.259604454 32.983043671 22.048229218 -0.133759096 0.010024155 0.001461808 0.048083086 0.998791993
1770719522.959637165 33.512123108 22.118993759 -0.135490000 -0.003410353 0.009281728 0.049587186 0.998720825
1770719523.659897327 34.045356750 22.201993942 -0.126806214 -0.006287293 0.011987649 0.039183140 0.999140322
1770719524.359606028 34.558830261 22.271940231 -0.126013592 -0.017956484 0.000722981 0.006575660 0.999816895
1770719525.059679985 35.075450897 22.235235214 -0.147644565 0.001965009 0.005391787 0.004486299 0.999973476
1770719525.759700060 35.597778320 22.224885941 -0.147559777 -0.002488592 0.010414748 -0.015107335 0.999828577
1770719526.459693909 36.119148254 22.227445602 -0.159830123 -0.004220667 0.010085377 -0.031095875 0.999456644
1770719527.159837723 36.657081604 22.163717270 -0.153357908 0.006983611 0.009084899 -0.007400933 0.999906957
1770719527.859748840 37.190704346 22.146070480 -0.159737617 0.021869320 0.012527620 0.003615569 0.999675810
1770719528.559728622 37.697330475 22.175491333 -0.168206319 0.001042162 0.008188777 -0.036233190 0.999309242
1770719529.259620905 38.213718414 22.199069977 -0.166564524 -0.024321029 0.014231792 -0.196746349 0.980049372
1770719529.860003471 38.622840881 22.006530762 -0.183453053 -0.021685231 0.032765802 -0.345890731 0.937451720
1770719530.559806585 39.013519287 21.601293564 -0.199154764 -0.005210951 0.023499303 -0.454202473 0.890573263
1770719531.259643793 39.249702454 21.116584778 -0.240399241 0.033103865 -0.021018181 -0.442540944 0.895890534
1770719531.959834814 39.583919525 20.695753098 -0.224678725 0.028319279 -0.007875605 -0.447491795 0.893804848
1770719532.659640789 39.931388855 20.292236328 -0.224996209 0.009743439 0.008371471 -0.499731898 0.866084874
1770719533.359928608 40.227405548 19.869104385 -0.221727952 -0.009059866 0.013422762 -0.582181334 0.812897682
1770719534.059670210 40.388938904 19.338628769 -0.209033951 -0.006301641 0.014398853 -0.680218875 0.732840538
1770719534.759753227 40.438194275 18.790538788 -0.199720114 -0.006215822 0.015893353 -0.776625693 0.629731059
1770719535.459707499 40.300422668 18.264152527 -0.177407146 -0.011378334 0.016766589 -0.860428154 0.509168804
1770719536.159654617 40.015426636 17.799140930 -0.169356674 0.005512201 -0.014231600 0.923054576 -0.384366155
1770719536.859772444 39.610206604 17.416326523 -0.149408758 -0.002247273 -0.010778838 0.965167761 -0.261400044
1770719537.559963942 39.120891571 17.182912827 -0.162627831 -0.005386414 0.003603783 0.979740560 -0.200165853
1770719538.259706259 38.608299255 17.051862717 -0.151852116 -0.013234151 0.037484467 0.968422711 -0.246124238
1770719538.959950447 38.159023285 16.778118134 -0.144026890 -0.008155121 0.024468444 0.969224334 -0.244824395
1770719539.659662724 37.709053040 16.517061234 -0.142977640 -0.001615645 0.011935345 0.973932385 -0.226518497
1770719540.359722614 37.224792480 16.245685577 -0.138093919 -0.005182201 -0.014451002 0.992814898 -0.118671238
1770719541.059835672 36.708385468 16.119871140 -0.139121220 0.001278437 -0.024064727 0.999417663 -0.024156351
1770719541.759769917 36.196846008 16.159425735 -0.146250114 -0.001383756 0.006988280 0.999698520 -0.023496872
1770719542.459858179 35.648666382 16.163053513 -0.129239097 -0.002382472 0.022008631 0.999536812 -0.020884342
1770719543.159749746 35.139957428 16.134704590 -0.133258313 -0.004559352 0.017810177 0.998330057 -0.054764483
1770719543.859848976 34.601726532 16.060649872 -0.124848016 -0.005340384 0.019800834 0.994276702 -0.104848348
1770719544.559703827 34.118156433 15.925343513 -0.146546572 0.000507456 0.007653302 0.993256330 -0.115685299
1770719545.259811640 33.609638214 15.767692566 -0.121307686 0.001711512 -0.015999213 0.999524772 -0.026292352
1770719545.959758997 33.074684143 15.770578384 -0.129347607 0.004125972 -0.010939728 0.999661446 -0.023245597
1770719546.659897089 32.560806274 15.766455650 -0.128561318 -0.004078560 0.012074542 0.998680711 -0.049742587
1770719547.359803677 32.025787354 15.706113815 -0.113269947 -0.004303226 0.007957921 0.997356832 -0.072094038
1770719548.059824228 31.530746460 15.588765144 -0.126640677 -0.002875343 -0.011299344 0.997333229 -0.072044961
1770719548.760108471 30.998477936 15.519630432 -0.123821601 -0.002048387 -0.009707774 0.997320414 -0.072481580
1770719549.459915638 30.474014282 15.444272041 -0.122502789 -0.007339008 -0.002175367 0.997219384 -0.074127614
1770719550.159901619 29.972501755 15.363417625 -0.116103657 -0.005637607 -0.001790050 0.997124791 -0.075545534
1770719550.859915495 29.446491241 15.257153511 -0.132045686 -0.000792328 -0.006646063 0.997173309 -0.074837267
1770719551.559838772 28.929300308 15.197034836 -0.134502962 -0.004013804 -0.002839691 0.997237861 -0.074111350
1770719552.260025263 28.412429810 15.115907669 -0.123115763 -0.000523856 -0.007378876 0.997356355 -0.072287895
1770719552.959831715 27.887960434 15.025470734 -0.130748928 -0.003432247 -0.004950876 0.997482061 -0.070662841
1770719553.660080194 27.360956192 14.952648163 -0.117230617 -0.006708338 -0.001279468 0.997318506 -0.072863467
1770719554.459766865 26.793840408 14.861767769 -0.125174195 -0.000554245 -0.009375283 0.997690320 -0.067274690
1770719555.159927368 26.275592804 14.781897545 -0.123561062 -0.007098966 -0.010819833 0.998542190 -0.052402716
1770719555.859792233 25.741546631 14.735306740 -0.126329094 -0.004513407 -0.009988419 0.998838305 -0.046924621
1770719556.559927464 25.232868195 14.687251091 -0.119692050 -0.006139935 -0.003732238 0.998515546 -0.053991858
1770719557.259587765 24.699886322 14.640045166 -0.120817125 -0.008104631 -0.002425742 0.997273326 -0.073309898
1770719557.959811211 24.186948776 14.564094543 -0.120866679 -0.001493832 -0.002092588 0.996349633 -0.085327551
1770719558.659826517 23.676101685 14.457195282 -0.124641024 -0.002280520 -0.006700156 0.996176541 -0.087076098
1770719559.359971046 23.159784317 14.364668846 -0.112522416 -0.005422202 -0.015775857 0.998538852 -0.051398985
1770719560.059934378 22.623620987 14.288979530 -0.103889368 -0.000647413 -0.030381471 0.999315917 0.021077100
1770719560.759831667 22.107021332 14.343235970 -0.100312240 -0.000112983 -0.004634488 0.999728441 -0.022836972
1770719561.459938526 21.575716019 14.335495949 -0.111504197 -0.006053141 0.009943766 0.996738911 -0.079849876
1770719562.159796953 21.062246323 14.209011078 -0.102261759 -0.000487591 -0.001854274 0.996430218 -0.084398285
1770719562.859914303 20.526123047 14.102135658 -0.107550412 -0.002607638 -0.006052233 0.996089637 -0.088102013
1770719563.559982777 20.011186600 14.009411812 -0.086600274 -0.007269667 -0.011627360 0.996111274 -0.087030336
1770719564.359659910 19.446165085 13.926340103 -0.082303308 0.001373246 -0.010263653 0.996198356 -0.086496808
1770719565.060006857 18.924690247 13.824769974 -0.069340557 0.011924775 0.000535058 0.996259391 -0.085585043
1770719565.759968519 18.415273666 13.734812737 -0.059559405 0.016910255 -0.007526698 0.996011674 -0.087282494
1770719566.459994793 17.891025543 13.654499054 -0.037962887 -0.006043986 -0.010559173 0.996118248 -0.087179810
1770719567.160037279 17.359638214 13.556935310 -0.035910293 -0.012261389 -0.011504923 0.996076703 -0.086881801
1770719567.959795237 16.792884827 13.452681541 -0.038292494 -0.005246215 -0.015162406 0.996255040 -0.084962271
1770719568.659998417 16.265501022 13.376339912 -0.037124544 -0.009907370 -0.008978806 0.996212006 -0.085923143
1770719569.359899044 15.754030228 13.301277161 -0.037935719 -0.004928861 -0.009267965 0.996136010 -0.087194212
1770719570.059959888 15.234780312 13.184294701 -0.040372793 -0.005576117 -0.013271760 0.995988250 -0.088318691
1770719570.760014772 14.697413445 13.098795891 -0.036219265 -0.001171321 -0.020729352 0.995920539 -0.087813266
1770719571.560016870 14.132201195 13.010713577 -0.036270604 0.003107755 -0.013258138 0.996321917 -0.084600769
1770719572.259949923 13.596642494 12.921810150 -0.021177122 -0.000485984 -0.013309335 0.996183038 -0.086266950
1770719572.959986687 13.078366280 12.841159821 -0.020656947 0.002641393 -0.014310202 0.996137559 -0.086592123
1770719573.659858704 12.544465065 12.745603561 -0.007641733 0.006463994 -0.012442709 0.996005595 -0.088183403
1770719574.360081196 12.047307014 12.657390594 0.008340696 0.007550192 -0.020642241 0.996039152 -0.086156137
1770719575.059882402 11.544260025 12.569784164 0.016645463 0.010912277 -0.018263131 0.996221364 -0.084204689
1770719575.759826660 11.012416840 12.488699913 0.025357071 0.008174091 -0.013305018 0.996422946 -0.083050914
1770719576.460004807 10.485906601 12.395368576 0.055329729 0.002920432 -0.009156593 0.996346831 -0.084857047
1770719577.160103559 9.952774048 12.325227737 0.070158489 0.013208779 -0.016444985 0.996001065 -0.086815268
1770719577.859996319 9.438975334 12.234183311 0.097185008 0.011318818 -0.010061298 0.995960474 -0.088506654
1770719578.560101509 8.920514107 12.151983261 0.111186028 0.008884139 -0.016180269 0.997834325 -0.063134350
1770719579.259961367 8.490396500 12.046825409 0.155362159 0.008846017 -0.038116898 0.994499683 0.097155169
1770719579.960021734 8.349561691 12.015727043 0.166451260 0.020000912 -0.028885741 0.961416006 0.272845954
1770719580.559855938 8.318288803 12.026038170 0.170129612 0.035240158 -0.004821612 0.909979045 0.413125902
1770719581.260023117 8.280853271 12.010354042 0.158073381 0.040283620 0.010146814 0.822728574 0.566914439
1770719581.959983587 8.194951057 12.044651031 0.164312869 0.043612842 0.016011411 0.710017264 0.702650011
1770719582.659867525 8.096431732 12.133305550 0.136869207 0.041818101 0.013265312 0.569091022 0.821103334
1770719583.359948635 8.088236809 12.249187469 0.141259477 0.032489132 0.011795310 0.414441377 0.909419417
1770719583.959958553 8.156506538 12.441079140 0.128152430 0.012996936 0.009246383 0.269743085 0.962800205
1770719584.659982920 8.429927826 12.638690948 0.136300310 -0.003654791 0.010539961 0.095386624 0.995377779
1770719585.359778404 8.958013535 12.743689537 0.120618805 -0.015296536 0.020066038 0.027383994 0.999306500
1770719585.959907770 9.459368706 12.734998703 0.111429662 -0.003301838 0.025060035 0.016164668 0.999549806
1770719586.659964085 10.007833481 12.727557182 0.093806043 0.014849919 0.033032753 0.014507995 0.999238610
1770719587.459889412 10.576198578 12.754784584 0.068584837 0.011092614 0.019828467 0.017331108 0.999591649
1770719588.159810305 11.119656563 12.777692795 0.042519197 0.012945458 0.022888234 0.048086356 0.998497009
1770719588.860026360 11.635051727 12.850229263 0.031508394 0.005130410 0.019310517 0.047050726 0.998692691
1770719589.559946775 12.167691231 12.904134750 0.023807978 0.006264455 0.019637804 0.046273507 0.998716116
1770719590.259933472 12.686729431 12.951662064 0.002649711 0.009199668 0.016626637 0.047805291 0.998675942
1770719590.959994555 13.196178436 12.977786064 -0.017623108 0.014846874 0.010962471 0.049491685 0.998604000
1770719591.659956217 13.730589867 13.030540466 -0.018750550 0.014002114 0.012107084 0.049441945 0.998605490
1770719592.359844446 14.258293152 13.093894005 -0.017489051 0.004342140 0.017850127 0.049306411 0.998614728
1770719593.059966564 14.789839745 13.162681580 -0.020033792 0.001872339 0.013770658 0.047906000 0.998755157
1770719593.759891272 15.310908318 13.202859879 -0.036272977 0.007299219 0.005555297 0.047788247 0.998815358
1770719594.459851980 15.823487282 13.275530815 -0.030314952 -0.000101307 0.003027500 0.048472013 0.998819947
1770719595.160037041 16.342693329 13.313689232 -0.036068592 0.005425372 0.000691226 0.050093811 0.998729527
1770719595.859792471 16.870929718 13.363631248 -0.040892668 0.003283492 0.004792242 0.050505564 0.998706877
1770719596.559838057 17.404804230 13.415234566 -0.037860159 -0.003505909 0.009533698 0.049090147 0.998742700
1770719597.259804249 17.909238815 13.474872589 -0.026294312 -0.005651242 0.003534220 0.049051557 0.998773992
1770719597.959999800 18.444219589 13.500071526 -0.044077620 0.005902512 0.024399111 0.048821494 0.998492002
1770719598.659793854 18.961345673 13.559600830 -0.053721350 0.008853291 0.023809245 0.112075582 0.993374944
1770719599.359761477 19.473724365 13.683362007 -0.089384258 0.001714882 0.007249737 0.113735169 0.993483186
1770719600.059857607 19.976104736 13.824870110 -0.085516296 -0.007438001 0.007359683 0.116854616 0.993093908
1770719600.759911060 20.485641479 13.952933311 -0.099573903 -0.014862943 0.009203614 0.117013939 0.992976367
1770719601.460031509 20.994911194 14.065311432 -0.109145954 -0.008816287 0.003533485 0.112001173 0.993662655
1770719602.160013199 21.515069962 14.177858353 -0.103682369 -0.001304297 0.005859294 0.109933935 0.993920743
1770719602.859753847 22.031805038 14.307366371 -0.102819353 0.002059380 0.010759545 0.110475138 0.993818521
1770719603.559835672 22.547554016 14.429409027 -0.098651454 -0.007877298 0.007032152 0.091158018 0.995780468
1770719604.259833813 23.059843063 14.496269226 -0.108473271 0.003639561 0.007713455 0.078032970 0.996914268
1770719604.959770918 23.573621750 14.577664375 -0.109498546 0.004502160 0.009932373 0.075146310 0.997112870
1770719605.659911633 24.089149475 14.671972275 -0.115367763 -0.003214180 0.006603346 0.074131668 0.997221410
1770719606.359904766 24.626655579 14.749525070 -0.117281556 -0.000788060 0.009675018 0.073706083 0.997232795
1770719607.059906960 25.130493164 14.833741188 -0.112793460 0.002287820 0.009370220 0.073353939 0.997259319
1770719607.759884834 25.633062363 14.930521011 -0.126405969 -0.006253292 0.000101876 0.075765096 0.997106075
1770719608.459814787 26.160011292 14.990379333 -0.127511084 -0.000416129 0.003222915 0.068633392 0.997636676
1770719609.159920454 26.697002411 15.071010590 -0.112153836 -0.007882523 0.009762779 0.036879100 0.999240935
1770719609.859854221 27.217473984 15.117412567 -0.116569184 -0.012853822 0.012414972 0.006959741 0.999816120
1770719610.560021639 27.722826004 15.109696388 -0.116149388 -0.003922282 0.005486739 -0.012777944 0.999895632
1770719611.259803772 28.265989304 15.107741356 -0.109228708 0.006251432 0.008635012 -0.023845606 0.999658823
1770719611.959900141 28.787099838 15.076210022 -0.118268549 0.006091674 0.005722423 -0.023026863 0.999699891
1770719612.659941435 29.327173233 15.046169281 -0.122767515 0.004417678 0.010968857 -0.023089156 0.999663472
1770719613.359889746 29.853754044 15.046874046 -0.117395528 0.000167444 0.010616592 -0.022896711 0.999681473
1770719614.060086489 30.360536575 15.031272888 -0.119581029 -0.007886807 0.005384231 -0.047041815 0.998847306
1770719614.760099649 30.882169724 15.019095421 -0.112488851 -0.029473659 0.007929598 -0.212139830 0.976762533
1770719615.459971905 31.353143692 14.773937225 -0.107002467 -0.038057037 0.008954952 -0.377052218 0.925366461
1770719616.159947634 31.718732834 14.367588043 -0.127492443 -0.025332537 0.008417702 -0.525425017 0.850421011
1770719616.859988213 31.908529282 13.818727493 -0.131776333 0.006042469 0.006660622 -0.628189445 0.778008401
1770719617.759891987 31.982795715 13.302201271 -0.117844902 0.003308237 -0.001210502 -0.692261934 0.721637726
1770719621.960039139 31.780071259 12.825484276 -0.164526597 0.006315680 0.008275259 -0.747185886 0.664533496
1770719625.360018015 31.819631577 12.550687790 -0.176190868 -0.011134284 -0.006499649 -0.853741586 0.520537376
1770719625.859897852 31.922962189 12.507390022 -0.187711626 0.011491226 0.011818332 0.937783778 -0.346828192
1770719626.359905005 31.967956543 12.434171677 -0.196239710 0.007529561 0.011053799 0.987000525 -0.160159633
1770719626.759827852 31.970972061 12.365304947 -0.199323013 0.010192806 0.005647613 0.999797821 0.016387574
1770719642.659888029 31.472015381 12.547891617 -0.164662257 0.048317928 0.002976816 0.998647153 -0.018983804
1770719643.459851503 31.141233444 12.521514893 -0.108225100 0.233445436 0.002064898 0.972302556 -0.011254996
1770719644.659895420 30.695781708 12.420267105 0.113579795 0.330209643 -0.010924874 0.943801284 -0.009025282
1770719645.758750439 30.264259338 12.393388748 0.441627473 0.298085243 -0.002155011 0.954308569 -0.020873008
1770719646.959918976 29.874071121 12.328802109 0.772500694 0.298635453 -0.013959725 0.954055846 -0.019984933
1770719648.059937954 29.413892746 12.406487465 1.034240723 0.317215919 0.019781558 0.947787046 -0.026125338
1770719649.159886360 29.024934769 12.413462639 1.361779213 0.313536525 0.015794555 0.949157119 -0.023368269
1770719650.358851671 28.608465195 12.318655014 1.624572754 0.293666065 0.010019314 0.955178320 -0.035977129
1770719651.658869743 28.196056366 12.318903923 1.947962761 0.314901024 0.018542200 0.948345542 -0.033678405
1770719653.159955978 27.793197632 12.246100426 2.270280123 0.322170347 -0.001377482 0.946564555 -0.014829979
1770719654.758812666 27.372095108 12.253005981 2.551095724 0.203836039 -0.009788832 0.978697300 -0.022506952
1770719655.558983564 27.156679153 12.280671120 2.661268473 0.058131419 0.007851683 0.998274267 -0.002772885
1770719658.160007238 26.705896378 12.274081230 2.727266312 -0.003401794 -0.012545888 0.992036581 -0.125277445
1770719658.660020113 26.698276520 12.371618271 2.725190878 0.009263106 -0.015539324 0.948727250 -0.315577775
1770719659.159034252 26.636428833 12.427731514 2.707746983 0.012814993 -0.019954763 0.869092941 -0.494079947
1770719659.658789635 26.572174072 12.435490608 2.703392506 -0.012571828 0.018808572 -0.755714834 0.654509902
1770719663.459993362 26.595209122 11.922007561 2.753379345 -0.011331242 0.007572543 -0.660328031 0.750853598
1770719664.658961535 26.647138596 11.381557465 2.739348412 0.021575240 0.034938782 -0.563268542 0.825252891
1770719665.558939457 26.843330383 10.908031464 2.726244926 0.004225205 0.017634261 -0.554079533 0.832266212
1770719666.458927631 27.075052261 10.411147118 2.716107368 -0.009210677 0.010718023 -0.552672088 0.833279014
1770719667.259112120 27.292451859 9.927163124 2.690423012 -0.000511450 0.023994472 -0.588244081 0.808327258
1770719668.059003830 27.438186646 9.439097404 2.679817200 -0.014072062 0.022192851 -0.631843746 0.774650216
1770719668.858932257 27.525022507 8.893374443 2.687246561 -0.007507118 0.000956992 -0.635136008 0.772363245
1770719669.659340382 27.629295349 8.365427971 2.696425676 -0.007985050 0.005979754 -0.634834409 0.772583783
1770719670.459126949 27.735750198 7.847913265 2.710604191 -0.001884436 0.019308219 -0.644245028 0.764573097
1770719671.458947182 27.819761276 7.314664364 2.692614079 0.010554824 0.005654793 -0.648980498 0.760710835
1770719673.659124136 27.950418472 6.984866619 2.698038816 -0.002777716 0.002618094 -0.765803218 0.643063545
1770719674.659070969 28.003131866 6.967285633 2.691268206 -0.001992469 -0.008811232 -0.862765908 0.505522609
1770719675.558915138 28.085577011 6.924438000 2.728653193 -0.000411749 0.014549466 0.941287935 -0.337290943
1770719676.358967066 28.108627319 6.857299805 2.736291409 0.002656951 0.019818218 0.985351205 -0.169360951
1770719677.159030676 28.120405197 6.789288998 2.701215267 0.005452313 0.022662118 0.999661982 0.011512167
1770719677.860078096 28.108570099 6.716131687 2.657611609 0.009053283 0.018975735 0.983921349 0.177360296
1770719678.558936834 28.087333679 6.638304710 2.661703825 0.011969834 0.015002090 0.939181685 0.342883945
1770719679.259072781 27.986389160 6.628782272 2.664718628 0.017350482 0.008763467 0.862282574 0.506054580
1770719679.959154844 27.857055664 6.683193684 2.683394194 0.019205155 -0.007167685 0.767448187 0.640783191
1770719681.160077572 27.778274536 7.200286865 2.696759939 -0.003945054 0.003785203 0.695971787 0.718048334
1770719682.159034252 27.803464890 7.717152596 2.693888903 0.005994773 0.007634922 0.696486115 0.717504561
1770719683.158705473 27.812595367 8.242313385 2.707092762 -0.005002569 0.008891534 0.701746762 0.712353408
1770719684.059020519 27.819746017 8.752985954 2.688094854 -0.005133359 0.024587441 0.729647994 0.683361471
1770719684.959232569 27.798372269 9.280677795 2.692986965 -0.000468454 0.017080426 0.783028722 0.621750712
1770719686.059202194 27.659076691 9.781637192 2.679580688 0.006434275 0.006209460 0.855453908 0.517801821
1770719687.059147358 27.395572662 10.254181862 2.689809084 0.007081559 0.008408929 0.919679284 0.392516404
1770719687.959239483 27.061676025 10.590288162 2.691352844 0.000776587 0.010353887 0.971995294 0.234770864
1770719688.759018183 26.762413025 10.756805420 2.675354958 -0.002917138 0.013722944 0.997408867 0.070559762
1770719689.759043217 26.222196579 10.732826233 2.693273067 0.002882758 -0.033633519 0.998611987 0.040429354
1770719690.559028625 25.677633286 10.761709213 2.692846775 0.006811787 -0.027965195 0.998926938 0.036283273
1770719691.259104252 25.151586533 10.806723595 2.690155268 -0.000612615 -0.026730992 0.999235690 0.028516078
1770719692.059150934 24.611549377 10.859380722 2.712456226 -0.002074139 -0.012467043 0.999452651 -0.030571921
1770719692.858743906 24.045785904 10.804902077 2.709361076 0.003438457 -0.008979326 0.999492764 -0.030359490
1770719693.559098721 23.533977509 10.750171661 2.718082666 0.012613016 -0.016381746 0.997195959 -0.071922198
1770719694.359441519 23.020311356 10.679770470 2.722771645 -0.009209763 -0.001074445 0.981953144 -0.188897073
1770719695.159326553 22.554964066 10.443366051 2.718277216 -0.011485868 -0.011636629 0.953194022 -0.301916957
1770719696.059147835 22.139223099 10.134510994 2.730136633 -0.000935661 -0.015718276 0.894879460 -0.446030080
1770719696.859227657 21.852563858 9.718542099 2.731862307 0.002228103 0.021966618 -0.819898188 0.572083592
1770719697.559068680 21.702705383 9.309754372 2.729554653 0.004352931 0.007471928 -0.720337033 0.693570256
1770719698.359060526 21.712217331 8.808475494 2.734698534 0.000395672 0.007282709 -0.654927075 0.755656898
1770719699.059368849 21.904756546 8.322512627 2.707297802 -0.036473714 0.023903186 -0.661171675 0.748966157
1770719699.859132767 21.938409805 7.784848213 2.729035139 -0.020908900 0.036299139 -0.701784134 0.711156964
1770719700.659155607 21.947633743 7.213861942 2.756833315 -0.020725271 0.014979823 -0.706281185 0.707469404
1770719701.359281778 21.930606842 6.712303638 2.756256819 -0.005394931 0.014814614 -0.701709092 0.712289155
1770719702.158848763 21.939008713 6.172344685 2.764284611 -0.006663958 0.011526325 -0.672380805 0.740085661
1770719703.059240580 22.016162872 5.672535419 2.774375439 -0.010278455 0.012154540 -0.600025237 0.799822628
1770719703.859097242 21.988904953 5.570991516 2.752763033 -0.010011121 0.008364455 -0.443822443 0.896019757
1770719704.559103012 21.890647888 5.556201935 2.722128153 -0.022740142 0.003297759 -0.282919139 0.958868504
1770719705.259099007 21.866964340 5.522032738 2.700531960 -0.037368704 0.006160944 -0.108151726 0.993412733
1770719705.959295750 21.860754013 5.443080425 2.692378283 -0.033622410 -0.001278599 0.079008617 0.996305943
1770719706.659101963 21.869220734 5.330024719 2.709457397 -0.024390785 -0.008026580 0.254392833 0.966760039
1770719707.359297037 21.914602280 5.290148258 2.726442099 -0.012077722 -0.007189911 0.419173628 0.907797277
1770719708.059258938 21.984590530 5.246952057 2.723680258 -0.007267144 -0.006120892 0.577895164 0.816055715
1770719708.759143353 22.109375000 5.324089527 2.733565331 0.001738338 -0.001115669 0.711294711 0.702890933
1770719710.059346437 22.058963776 5.842312813 2.747876406 -0.001780940 0.008069515 0.747984409 0.663664758
1770719711.059206009 21.999504089 6.352055073 2.739243269 -0.001905886 0.012393448 0.750624776 0.660609663
1770719712.059386015 21.910926819 6.893210888 2.735858679 -0.008252808 0.005595074 0.746445954 0.665371358
1770719713.158882618 21.822170258 7.415225506 2.735191584 -0.009046138 0.000389808 0.715921760 0.698121786
1770719714.159191608 21.832138062 7.946578026 2.736810684 -0.006620805 0.012714939 0.713267088 0.700745702
1770719715.359236479 21.817770004 8.464483261 2.723956108 -0.011852858 0.008469296 0.714575589 0.699406624
1770719716.459330559 21.795236588 8.983314514 2.701117516 -0.001374576 0.002502552 0.717478156 0.696575105
1770719717.559294224 21.812248230 9.484095573 2.721270323 0.009175551 0.009721467 0.774775624 0.632094920
1770719718.559443235 21.780006409 9.730353355 2.711148024 0.006844762 -0.001118751 0.874187648 0.485538691
1770719719.259431362 21.819721222 9.779188156 2.702222824 0.012636463 -0.007279912 0.944752753 0.327459157
1770719719.859293222 21.846599579 9.803302765 2.709362984 0.014049431 -0.026334284 0.984031081 0.175476179
1770719720.558977604 21.907739639 9.862597466 2.685987234 0.014796779 -0.030591035 0.999418914 -0.002656749
1770719721.559284210 22.196043015 9.906867027 2.698353052 0.030820901 -0.037932288 0.986445189 -0.156643018
1770719723.058995247 22.660984039 10.185613632 2.666613817 0.032077111 -0.016529385 0.975408733 -0.217429504
1770719724.458935738 23.138967514 10.440772057 2.667227268 0.034614027 -0.008868970 0.974880397 -0.219844162
1770719725.859524250 23.615951538 10.650903702 2.660090923 0.046049871 -0.010420166 0.982048869 -0.182622015
1770719727.359284401 24.119329453 10.761635780 2.668090820 0.047804970 0.001448461 0.996981442 -0.061161060
1770719728.958989859 24.630565643 10.770525932 2.657386541 0.037964746 -0.020606909 0.997991145 -0.046344154
1770719730.259377241 25.136936188 10.828473091 2.663693428 0.035524432 -0.021363150 0.998119414 -0.045158856
1770719731.959303141 25.665119171 10.828330994 2.669815302 0.042657237 -0.026559476 0.998687923 -0.009870264
1770719733.359279394 25.985206604 10.924765587 2.675952196 0.025613097 -0.026441127 0.982565463 -0.182235762
1770719736.459843636 26.372716904 11.199931145 2.701832056 0.005185876 -0.024425715 0.942079902 -0.334457636
1770719737.559475183 26.432384491 11.436043739 2.720251083 -0.005772274 -0.020749830 0.872951806 -0.487330765
1770719740.059418917 26.573234558 11.928210258 2.737563133 -0.025248906 -0.006836672 -0.851605773 0.523529589
1770719741.059390306 26.656345367 11.930746078 2.747827291 0.022788977 0.009184914 0.929900348 -0.366990060
1770719742.259400845 26.698730469 11.848623276 2.754072905 0.026127191 -0.003371905 0.976309478 -0.214769065
1770719743.759429693 26.640743256 12.020721436 2.741172552 0.021207653 0.021257823 0.997600496 -0.062382579
1770719753.259496689 26.949058533 12.400160789 2.615203142 0.029153574 0.011884034 0.998090029 -0.053151943
1770719756.459602594 27.374372482 12.406173706 2.440132141 0.182537302 -0.000917447 0.981987715 -0.048778750
1770719758.859697104 27.677747726 12.450611115 2.269863129 0.325925976 0.025752503 0.943764865 -0.049161490
1770719762.059222937 28.094961166 12.387302399 1.962569594 0.316380978 0.001474676 0.948309660 -0.024691211
1770719765.059537172 28.465869904 12.393726349 1.618400335 0.306576610 0.009044283 0.950498998 -0.049805865
1770719769.359636307 28.907594681 12.383675575 1.379086733 0.337624431 0.013920651 0.939826310 -0.050423454
1770719772.559649467 29.293239594 12.428134918 1.057085514 0.303615689 0.018208815 0.951081276 -0.054133244
1770719775.159625292 29.674545288 12.455850601 0.722462893 0.310310274 0.018065840 0.949060261 -0.051631019
1770719777.459621191 30.039215088 12.551607132 0.375538290 0.243727326 -0.013851338 0.966256738 -0.082176909
1770719779.359986067 30.456975937 12.798036575 0.207881555 0.214246660 -0.023773523 0.976040840 0.029622251
1770719781.059267044 30.392152786 12.678804398 0.220038056 0.319771767 -0.007124782 0.943829894 0.082948431
1770719783.759761333 30.874414444 12.778868675 0.084993608 0.253198206 -0.055652391 0.965326965 0.030616771
1770719785.059634924 31.115392685 12.841212273 -0.037952214 0.190011173 0.005175592 0.980730355 -0.045132030
1770719786.759817123 31.617841721 12.891636848 -0.155637965 0.125248030 0.018280812 0.991862416 -0.013703130
1770719788.559831381 31.959016800 12.890070915 -0.510065436 0.054735195 -0.031700261 0.994495809 -0.083530076
1770719812.459846735 32.367149353 12.913746834 -0.212926313 0.014607100 -0.009912618 0.998207152 -0.057191592
1770719813.859642506 32.888088226 12.971611977 -0.211485714 0.022422973 -0.014967218 0.994250655 -0.103628419
1770719815.359387398 33.214218140 13.149208069 -0.218603164 0.026301598 -0.012279616 0.959830403 -0.279075146
1770719816.159479856 33.115280151 13.248944283 -0.198248014 0.017448118 -0.003950333 0.895337820 -0.445028245
1770719816.959647894 33.023563385 13.298496246 -0.218746275 -0.018888703 0.002345284 -0.796537101 0.604290128
1770719817.859996080 32.906993866 13.314221382 -0.226504713 -0.012720214 -0.001801957 -0.682704270 0.730581820
1770719819.759925365 32.912605286 12.808641434 -0.191549018 -0.004198146 0.000921817 -0.576538384 0.817058742
1770719821.559556961 33.102558136 12.328535080 -0.203637347 -0.004087732 0.003539022 -0.559757054 0.828639150
1770719822.959407806 33.301959991 11.869665146 -0.197225481 -0.006169178 0.008760259 -0.557102323 0.830374718
1770719824.159315348 33.538803101 11.391543388 -0.211523861 -0.013883742 0.016358294 -0.578410149 0.815463841
1770719825.259945631 33.705780029 10.881903648 -0.206276223 -0.010263628 0.011885615 -0.652160645 0.757918179
1770719826.159951925 33.789295197 10.384785652 -0.200023204 -0.011653576 0.010158835 -0.716190994 0.697733045
1770719827.059319496 33.778938293 9.861675262 -0.189683005 -0.003847171 0.004115184 -0.733181417 0.680009782
1770719828.059689760 33.728267670 9.338600159 -0.208248556 -0.006501858 0.005512031 -0.739549577 0.673048079
1770719829.059559584 33.719478607 8.833681107 -0.210071817 -0.011364042 0.009259872 -0.735557079 0.677304149
1770719830.259578943 33.657978058 8.299981117 -0.202730238 -0.007207592 0.003851312 -0.734841824 0.678189278
1770719832.159569979 33.637344360 7.785562515 -0.216741800 -0.011209025 0.004613707 -0.739124596 0.673459768
1770719846.059746265 33.660522461 7.276190758 -0.217285097 -0.012486424 0.003084339 -0.739118874 0.673452139
1770719863.159710884 33.728599548 6.770842552 -0.225394741 -0.012933023 0.006483345 -0.802427948 0.596573651
1770719864.059607983 33.636386871 6.255193710 -0.207441047 -0.026084581 0.015919767 -0.864897311 0.501017690
1770719865.059775114 33.310649872 5.914699078 -0.216526568 -0.005405028 -0.002892540 -0.767830253 0.640623987
1770719865.959766626 33.234634399 5.436284065 -0.219933644 -0.004493086 0.003982875 -0.630480886 0.776181579
1770719866.659965754 33.359378815 4.930758476 -0.226039961 -0.008679887 0.009465463 -0.509975195 0.860093236
1770719867.259886980 33.620357513 4.498396397 -0.218929395 -0.012672300 0.015974283 -0.490363628 0.871279359
1770719867.959771633 33.921085358 4.029327869 -0.224539682 -0.017588368 0.021417256 -0.488400549 0.872179329
1770719868.559815407 34.204124451 3.572006941 -0.223163769 -0.015651314 0.018293930 -0.475094318 0.879605472
1770719869.159856796 34.431575775 3.113440275 -0.198076904 -0.008658792 0.007305233 -0.384175539 0.923190534
1770719869.959775448 34.746723175 2.798299074 -0.191873550 -0.009284803 0.004617305 -0.213380262 0.976914167
1770719870.759772301 35.266571045 2.635018826 -0.229621679 -0.023038138 0.004484450 -0.132535920 0.990900278
1770719871.259855032 35.769233704 2.548241138 -0.232174471 -0.018908223 -0.001290979 -0.132013500 0.991066754
1770719871.659750223 36.263774872 2.425830841 -0.255263388 -0.014882103 0.011918152 -0.123609468 0.992147744
1770719872.059969425 36.843360901 2.307458639 -0.253966868 -0.023364043 0.015051567 -0.125609085 0.991690457
1770719872.459850550 37.427223206 2.158089876 -0.248272955 -0.021999175 0.005135713 -0.129979625 0.991259277
1770719872.859921217 37.928569794 2.003888130 -0.235307932 -0.013804203 0.015477226 -0.132600784 0.990952551
1770719873.359966993 38.476451874 1.835247397 -0.236420065 -0.013166699 0.012243485 -0.130314186 0.991309702
1770719873.859981298 39.018898010 1.674871206 -0.235458165 -0.011080319 0.014734317 -0.132286951 0.991040051
1770719874.359890461 39.536128998 1.540265322 -0.257908285 -0.011078561 0.015776468 -0.146751598 0.988985479
1770719875.059903145 40.045093536 1.439695835 -0.245030567 -0.019563742 0.026739126 -0.268239290 0.962782443
1770719875.859818935 40.441051483 1.129430294 -0.246764570 -0.009351706 0.019401442 -0.438044727 0.898695111
1770719876.559999943 40.651409149 0.790019095 -0.267031640 -0.001551453 0.015735367 -0.583234489 0.812149942
1770719877.259930134 40.843612671 0.224545076 -0.300899237 -0.000445821 0.006114000 -0.632381618 0.774632752
1770719877.760009289 40.884777069 -0.300784558 -0.315442622 0.010423748 -0.002215972 -0.635788739 0.771789491
1770719878.259844303 40.999668121 -0.860211372 -0.332107544 0.008222508 0.002670284 -0.635472775 0.772074878
1770719878.759871244 41.148967743 -1.362993240 -0.324427456 -0.006333943 0.013832755 -0.634487033 0.772783756
1770719879.259850740 41.256683350 -1.874590039 -0.326193035 -0.003848120 0.024560668 -0.644223750 0.764432967
1770719879.759895086 41.356193542 -2.403966665 -0.346977472 0.001752684 0.023171110 -0.665418029 0.746109188
1770719880.259796143 41.398155212 -2.936893702 -0.354545832 0.003417450 0.012809822 -0.686979055 0.726556301
1770719880.759730816 41.432792664 -3.536259413 -0.354181111 0.009263636 0.007310580 -0.695691586 0.718243718
1770719881.159894228 41.466037750 -4.048576832 -0.371671677 0.001706675 0.007615155 -0.688425243 0.725265324
1770719881.559879541 41.496231079 -4.552927971 -0.386376441 -0.004740254 0.014149123 -0.694728017 0.719117761
1770719882.059974670 41.485134125 -5.186441422 -0.384957045 0.004029823 -0.006981635 -0.695783019 0.718206823
1770719882.459962130 41.525825500 -5.739102840 -0.377716541 0.004178058 -0.002785994 -0.695691168 0.718323469
1770719882.859977007 41.584136963 -6.255794048 -0.359358966 -0.010519122 0.007437814 -0.691327393 0.722426772
1770719883.259815454 41.587837219 -6.760142803 -0.363721371 -0.012188105 -0.003845522 -0.694304705 0.719567716
1770719883.659932375 41.589450836 -7.273883343 -0.358879119 0.000308860 0.001661245 -0.689538538 0.724247038
1770719884.059959173 41.652332306 -7.794818878 -0.335500747 -0.015560918 0.013715753 -0.690187573 0.723333180
1770719884.459846020 41.680797577 -8.321926117 -0.348293245 -0.011851375 0.011138794 -0.694335997 0.719467163
1770719884.859911680 41.705444336 -8.848323822 -0.348230392 0.006046413 0.017404431 -0.686802030 0.726610959
1770719885.259802818 41.776119232 -9.376368523 -0.320787132 -0.005740044 0.028796194 -0.688048720 0.725070179
1770719885.659984589 41.780330658 -9.952263832 -0.338877767 -0.007122941 0.016670305 -0.690143585 0.723445356
1770719886.059936047 41.789539337 -10.533344269 -0.347454578 0.005096775 0.016836815 -0.688725531 0.724808753
1770719886.460081577 41.842556000 -11.099349976 -0.331103146 0.000830358 0.024933865 -0.687006474 0.726222873
1770719886.859944105 41.874118805 -11.659447670 -0.346389711 -0.003726208 0.012095512 -0.699320078 0.714696586
1770719887.259863853 41.884792328 -12.237467766 -0.374429017 0.000776097 0.009712825 -0.690755606 0.723022640
1770719887.660002708 41.956806183 -12.792255402 -0.371817917 -0.013728853 0.016408661 -0.689373374 0.724090219
1770719888.059841394 41.950645447 -13.367316246 -0.365351230 -0.009507610 -0.000922135 -0.693709850 0.720191240
1770719888.459912777 41.946853638 -13.963293076 -0.373202592 0.000441953 -0.003597317 -0.689842820 0.723950088
1770719888.859699249 41.996150970 -14.625500679 -0.339881629 -0.003927654 0.003240776 -0.695130289 0.718865812
1770719889.259955883 42.045909882 -15.231817245 -0.342514068 -0.016811859 0.002775989 -0.697803319 0.716086805
1770719889.659919500 42.096923828 -15.875702858 -0.330194294 -0.016602591 0.014984042 -0.691662908 0.721874177
1770719890.059851885 42.153514862 -16.483060837 -0.307159901 -0.020222014 0.024259329 -0.686787307 0.726171970
1770719890.459884644 42.156623840 -17.098016739 -0.318460047 -0.018188151 0.004768203 -0.693810821 0.719911814
1770719890.859914303 42.169448853 -17.738376617 -0.332425594 -0.003047843 0.015646372 -0.688523650 0.725038648
1770719891.259889364 42.214294434 -18.347957611 -0.321525156 0.012750361 0.039698135 -0.669531524 0.741612434
1770719891.659886360 42.230789185 -18.902629852 -0.329691797 0.000242790 0.010415252 -0.657815456 0.753107131
1770719892.059958220 42.361522675 -19.419389725 -0.376325250 -0.010465028 0.011394972 -0.634472191 0.772790790
1770719892.559927464 42.544589996 -20.010723114 -0.368062109 -0.028488100 0.028264428 -0.582455695 0.811871231
1770719892.959991693 42.722606659 -20.505451202 -0.385840148 -0.031878456 0.025680149 -0.575675964 0.816652596
1770719893.359939575 42.894763947 -21.060037613 -0.385143757 -0.014788645 0.014217108 -0.572481573 0.819660962
1770719893.759954929 43.108585358 -21.595252991 -0.389868826 -0.020238144 0.018564519 -0.573157310 0.818985045
1770719894.159915686 43.304473877 -22.076631546 -0.372262180 -0.023264777 0.021119107 -0.577965677 0.815455973
1770719894.659898281 43.482669830 -22.612289429 -0.368760943 -0.023327846 0.012883024 -0.610544860 0.791533232
1770719895.259961128 43.612419128 -23.145793915 -0.381039619 -0.017697468 0.005472695 -0.652311862 0.757724226
1770719895.760044575 43.689506531 -23.691011429 -0.351769060 -0.008062514 0.008552615 -0.685907841 0.727593482
1770719896.259989738 43.742393494 -24.249786377 -0.348973989 -0.006573509 0.009747704 -0.714999914 0.699025691
1770719896.759880066 43.724422455 -24.803874969 -0.334678650 -0.004392059 0.004811753 -0.726582348 0.687048495
1770719897.259900093 43.651977539 -25.357294083 -0.334192544 -0.001819185 0.000520302 -0.727351248 0.686262727
1770719897.759953499 43.605602264 -25.913974762 -0.346094638 0.006821180 -0.004629153 -0.734763086 0.678273678
1770719898.258239031 43.594554901 -26.444402695 -0.353875369 -0.005472639 0.002896050 -0.739765227 0.672836542
1770719898.659945011 43.590873718 -26.981355667 -0.336688131 -0.008918876 0.014951058 -0.731461585 0.681660295
1770719899.059973478 43.559741974 -27.505905151 -0.321844786 -0.009381872 0.016538337 -0.728875101 0.684382558
1770719899.459964752 43.503242493 -28.012170792 -0.338199049 -0.009449608 0.005335890 -0.734551966 0.678465605
1770719899.860041380 43.456729889 -28.545179367 -0.328589171 0.000122661 0.008274458 -0.735729396 0.677224994
1770719900.259800911 43.467639923 -29.091117859 -0.328280419 -0.011442174 0.018311756 -0.731413066 0.681592762
1770719900.660047054 43.408538818 -29.653665543 -0.331886172 -0.010014555 -0.002242267 -0.730360687 0.682984531
1770719901.059760571 43.362007141 -30.218545914 -0.326156437 -0.003871660 0.004183722 -0.715665340 0.698420048
1770719901.459929228 43.367530823 -30.788406372 -0.332004756 -0.007238090 0.008890177 -0.695426524 0.718505800
1770719901.859903336 43.359580994 -31.353479385 -0.318031102 -0.002120491 -0.006244133 -0.686551571 0.727051198
1770719902.260005236 43.426654816 -31.981117249 -0.314009219 -0.002236622 0.004267962 -0.681195498 0.732085764
1770719902.659944057 43.543525696 -32.572120667 -0.290491164 -0.018223017 0.027521327 -0.669650733 0.741942346
1770719903.060048819 43.611396790 -33.174507141 -0.287403107 -0.028291523 0.013812860 -0.676235676 0.736012340
1770719903.459891796 43.634597778 -33.723541260 -0.306073993 -0.009682812 0.021444809 -0.681041420 0.731866717
1770719903.860002041 43.708957672 -34.287944794 -0.285860956 -0.016797684 0.027534664 -0.700728834 0.712698162
1770719904.260028839 43.696620941 -34.861537933 -0.277291775 -0.016464736 0.013123497 -0.727180839 0.686122835
1770719904.659878016 43.643714905 -35.431102753 -0.298514068 -0.003794603 0.018139796 -0.739248097 0.673178196
1770719905.060040236 43.621650696 -36.017089844 -0.279750973 -0.014512075 0.024654804 -0.747051954 0.664149821
1770719905.459914446 43.493537903 -36.652286530 -0.267239660 -0.006288574 0.001187140 -0.747310162 0.664444625
1770719905.860040903 43.365268707 -37.273738861 -0.284488380 0.013070470 -0.003805595 -0.752479434 0.658474982
1770719906.259961128 43.320922852 -37.902286530 -0.267275244 -0.002523364 0.009063969 -0.751764178 0.659364879
1770719906.660068512 43.238933563 -38.511253357 -0.275764674 -0.005145905 -0.000937306 -0.741943002 0.670442522
1770719907.059950352 43.186988831 -39.089504242 -0.276796192 0.000735939 0.008441407 -0.729170799 0.684279323
1770719907.459852457 43.213722229 -39.667610168 -0.252545357 -0.010358115 0.023329476 -0.718942761 0.694600463
1770719907.859848261 43.186641693 -40.195331573 -0.277186543 -0.021148495 0.013034045 -0.725825369 0.687430263
1770719908.260017395 43.135257721 -40.726749420 -0.292497277 -0.011383754 0.010743038 -0.713402092 0.700580120
1770719908.658738136 43.148853302 -41.309585571 -0.267807961 -0.010223802 0.014351653 -0.717353404 0.696486592
1770719909.060073853 43.132289886 -41.865615845 -0.265300572 -0.016226545 0.006985199 -0.721499026 0.692190051
1770719909.459952593 43.106769562 -42.389762878 -0.272355229 -0.009155569 0.013055474 -0.719840705 0.693956017
1770719909.959908962 43.121231079 -42.983600616 -0.255659163 -0.014744175 0.013675322 -0.715166271 0.698665023
1770719910.459938526 43.121322632 -43.585746765 -0.278479218 -0.039770968 0.007570367 -0.715147674 0.697799921
1770719910.960056305 43.105030060 -44.194805145 -0.269844919 0.004660225 0.024735628 -0.716895163 0.696726441
1770719911.559782982 43.106334686 -44.749694824 -0.234138370 0.001746738 0.035664685 -0.718879580 0.694217026
1770719912.160001993 43.090648651 -45.265769958 -0.264230609 0.002473617 0.026380025 -0.714642882 0.698987544
1770719918.059964895 43.078762054 -45.811515808 -0.312160969 -0.006993276 0.010737712 -0.641167164 0.767294228
1770719919.059920073 43.183929443 -46.303138733 -0.305706322 -0.015134259 0.010492803 -0.612138867 0.790535808
1770719919.859772444 43.337268829 -46.782722473 -0.299022645 -0.030794242 0.025231456 -0.702926278 0.710147738
1770719920.659761667 43.328014374 -47.329120636 -0.280408680 -0.031835862 0.019886257 -0.731426537 0.680886328
1770719921.459876299 43.247760773 -47.865604401 -0.276434720 -0.015790330 -0.012158644 -0.680311501 0.732652128
1770719922.259906292 43.283348083 -48.372344971 -0.250376582 -0.013002603 -0.012495730 -0.651455700 0.758472323
1770719923.059813023 43.401023865 -48.910938263 -0.236777112 -0.004419942 0.020936137 -0.641221702 0.767057240
1770719923.860056162 43.529266357 -49.473796844 -0.243264139 0.007388603 0.054752178 -0.635671973 0.769979656
1770719924.660027742 43.606754303 -50.026298523 -0.278101057 0.006915402 0.025401788 -0.646960557 0.762068868
1770719925.359939575 43.728919983 -50.517112732 -0.286959916 -0.017498916 0.015337514 -0.680539608 0.732341766
1770719926.059793949 43.770030975 -51.052062988 -0.268298477 -0.013639357 0.030852128 -0.738816679 0.673061669
1770719926.762514830 43.706233978 -51.562839508 -0.268936843 -0.013811818 0.037307356 -0.775899768 0.629600644
1770719927.459907055 43.558769226 -52.099945068 -0.278478593 -0.005128870 0.018010050 -0.781086504 0.624141991
1770719928.159813643 43.440769196 -52.590679169 -0.276584476 -0.005037293 0.015749235 -0.772311032 0.635029376
1770719928.859104395 43.332794189 -53.097133636 -0.272918940 -0.007957243 0.007830380 -0.771772683 0.635800540
1770719929.758700132 43.250099182 -53.643772125 -0.252097636 -0.019323161 0.011935489 -0.751312494 0.659555733
1770719930.659732819 43.190006256 -54.182235718 -0.240066722 -0.011387014 0.004964168 -0.713689268 0.700352252
1770719931.459722042 43.194320679 -54.683166504 -0.221733838 -0.013726947 0.006461675 -0.690917850 0.722774029
1770719932.360003233 43.261661530 -55.229732513 -0.213507459 -0.037063591 0.012498891 -0.688103080 0.724557936
1770719933.059892178 43.292339325 -55.734741211 -0.190108120 -0.031660516 0.012473251 -0.701435685 0.711919904
1770719933.859713316 43.286369324 -56.280269623 -0.160961449 -0.019690853 0.026427181 -0.729048491 0.683668196
1770719934.659763336 43.252666473 -56.789405823 -0.157986939 -0.017161122 0.022771589 -0.736056983 0.676318705
1770719935.459818125 43.179912567 -57.313056946 -0.160735041 -0.000113644 0.008892703 -0.695487976 0.718482673
1770719936.158953905 43.187198639 -57.830799103 -0.186586484 -0.000928026 0.006693201 -0.619696796 0.784812212
1770719936.959854364 43.359676361 -58.365139008 -0.158447444 -0.014825348 0.030997394 -0.613964915 0.788585126
1770719938.359879494 43.527610779 -58.855518341 -0.167126805 -0.026875580 0.028056972 -0.699338973 0.713733554
1770719940.559875250 43.523437500 -59.357406616 -0.151974589 -0.026026405 0.016107213 -0.739359498 0.672614753
1770719944.159923315 43.550655365 -59.481464386 -0.163195893 -0.024182748 0.004807820 -0.849197507 0.527499497
1770719944.860085487 43.576831818 -59.590763092 -0.170749977 0.033698220 -0.007000397 0.928867161 -0.368810534
1770719945.460062265 43.455528259 -59.788101196 -0.159596235 0.033390611 -0.018978300 0.975067973 -0.218557477
1770719946.659922123 42.959095001 -59.975158691 -0.135599852 0.013929705 -0.020380396 0.987253189 -0.157231629
1770719947.558919191 42.449497223 -60.131805420 -0.108560130 0.007499550 -0.005169344 0.974031150 -0.226230532
1770719948.258947372 41.998683929 -60.360111237 -0.084749229 0.001423124 0.000268084 0.955922782 -0.293614626
1770719949.159276724 41.560001373 -60.657909393 -0.072507083 -0.008409773 0.010192339 0.889496684 -0.456750542
1770719949.959110737 41.341896057 -61.015563965 -0.100529253 0.001974527 0.001854632 -0.801996112 0.597323179
1770719950.759055376 41.247894287 -61.451488495 -0.113619402 -0.001837918 0.018754020 -0.691646576 0.721990228
1770719951.459855318 41.269374847 -61.874038696 -0.126903474 0.012799327 0.003827752 -0.559233129 0.828902781
1770719952.158883572 41.457508087 -62.303916931 -0.131741464 0.007947188 0.013846343 -0.413641483 0.910299838
1770719952.859945297 41.844493866 -62.673805237 -0.156793177 0.023637520 0.017915808 -0.261520386 0.964742124
1770719953.559141159 42.346519470 -62.914913177 -0.178594723 0.011809651 0.028582195 -0.200214490 0.979263902
1770719954.358715534 42.897480011 -63.024997711 -0.167704538 -0.045677468 0.048753884 -0.296622783 0.952655017
1770719955.159036875 43.319473267 -63.336261749 -0.189063713 -0.041829508 0.026914701 -0.309183091 0.949700892
1770719955.758964300 43.677925110 -63.697406769 -0.204208791 0.009912416 0.014905956 -0.222069353 0.974866509
1770719956.459914923 44.189647675 -63.949829102 -0.229317516 0.029231016 0.021424100 -0.093107514 0.994996250
1770719957.158961058 44.758796692 -63.989173889 -0.245019168 0.012122876 0.029935433 -0.006740998 0.999455631
1770719957.858973265 45.308284760 -63.919685364 -0.264017731 -0.027739827 0.033671886 -0.001643892 0.999046564
1770719958.559949636 45.811794281 -63.900550842 -0.290916920 -0.038813334 0.030915646 0.025700709 0.998437405
1770719959.259896278 46.344745636 -63.902786255 -0.312419802 -0.002403819 0.019385815 0.108816549 0.993869901
1770719959.958994627 46.890293121 -63.801845551 -0.316667259 0.020585829 0.031128533 0.265547574 0.963375211
1770719960.659926176 47.352046967 -63.486522675 -0.343114942 0.033554208 0.036749884 0.431809634 0.900590897
1770719961.359099150 47.605541229 -63.020450592 -0.372798532 0.004268622 0.017007587 0.538467944 0.842463553
1770719962.058923483 47.774307251 -62.494850159 -0.371915281 -0.029102048 0.001589610 0.547627926 0.836214185
1770719962.759954929 47.982822418 -61.996063232 -0.383864284 -0.031123016 0.001779516 0.547369838 0.836310029
1770719963.460017681 48.212875366 -61.517288208 -0.401067138 -0.007923886 0.015273645 0.613118768 0.789803386
1770719964.159199476 48.336879730 -60.974273682 -0.401429474 -0.012414990 0.013243508 0.614691436 0.788558781
1770719964.859979868 48.445407867 -60.482376099 -0.401671618 -0.014032142 0.001920732 0.616528869 0.787204862
1770719965.560034037 48.568088531 -59.956241608 -0.425251871 -0.010687872 0.004121259 0.620272338 0.784302890
1770719966.260020018 48.707950592 -59.434780121 -0.430344105 0.008266849 0.018473355 0.699427128 0.714417279
1770719966.958669186 48.700183868 -58.901493073 -0.451305360 0.005856145 0.019821998 0.745152533 0.666573763
1770719967.659074306 48.583774567 -58.349277496 -0.448513359 -0.013589046 0.000176715 0.734950066 0.677985072
1770719968.358981371 48.515377045 -57.847473145 -0.432646990 -0.019705201 -0.017754333 0.702306569 0.711380363
1770719969.059205770 48.562831879 -57.308757782 -0.446901023 0.000746888 0.005304230 0.710552335 0.703624010
1770719969.758696795 48.560951233 -56.771171570 -0.453252912 -0.000017119 0.010640718 0.716603339 0.697399676
1770719970.458967686 48.525043488 -56.249397278 -0.433428913 -0.009794743 0.005897822 0.717127204 0.696848512
1770719971.158710480 48.503944397 -55.706649780 -0.432986170 -0.009948663 0.004048976 0.716991305 0.696999311
1770719971.859169245 48.470588684 -55.135803223 -0.460824937 -0.005308024 -0.002575330 0.718379796 0.695626080
1770719972.359010696 48.453895569 -54.582992554 -0.455943346 -0.004984285 -0.003385548 0.722060204 0.691803992
1770719972.759247303 48.424255371 -54.033386230 -0.459838808 -0.004023060 -0.000434496 0.717124999 0.696932793
1770719973.159045458 48.431964874 -53.399719238 -0.457179278 0.008121330 0.008756133 0.717305720 0.696656287
1770719973.459063053 48.380218506 -52.885814667 -0.458522111 -0.003868994 0.001297479 0.718959391 0.695040107
1770719973.860020161 48.352493286 -52.255455017 -0.459538460 0.001749135 -0.006854076 0.712067068 0.702075839
1770719974.259140730 48.333904266 -51.618766785 -0.447291702 0.002107716 0.004466926 0.720482945 0.693455100
1770719974.559082270 48.306285858 -51.104576111 -0.440704674 -0.000800025 0.003742041 0.716896713 0.697168827
1770719974.859123468 48.305160522 -50.604831696 -0.434906662 0.001255164 0.007247966 0.715426385 0.698649406
1770719975.259107113 48.249458313 -49.962867737 -0.411420345 -0.010002708 -0.006262386 0.718040764 0.695901036
1770719975.658729553 48.234817505 -49.318344116 -0.419741511 -0.000988985 -0.007188216 0.711773396 0.702371716
1770719976.059140444 48.230056763 -48.698169708 -0.416324675 -0.000007230 0.005314176 0.720679820 0.693247736
1770719976.459050894 48.169803619 -48.111660004 -0.397003949 -0.020326205 0.005432838 0.714922011 0.698887587
1770719976.858792067 48.202644348 -47.470264435 -0.396064311 0.002889805 -0.004749694 0.704103649 0.710075438
1770719977.259168863 48.193984985 -46.815700531 -0.426125169 0.002384196 0.005371715 0.710585356 0.703586459
1770719977.659102440 48.150447845 -46.200656891 -0.394462585 -0.012853786 -0.005790874 0.709522545 0.704541743
1770719977.959037781 48.159004211 -45.691253662 -0.387303531 -0.005612755 0.000437294 0.708772302 0.705414891
1770719978.359288216 48.153877258 -45.034908295 -0.395321667 -0.003402095 -0.006171622 0.713318348 0.700804710
1770719978.759204626 48.139930725 -44.388256073 -0.387073874 -0.006488496 -0.002506705 0.709238648 0.704934180
1770719979.159135342 48.157951355 -43.775222778 -0.370747209 0.001217692 0.009500642 0.703966200 0.710168839
1770719979.558806181 48.130718231 -43.147132874 -0.377202779 -0.000621684 -0.001856815 0.712468266 0.701701581
1770719979.959305048 48.092372894 -42.492931366 -0.379302233 -0.010698747 -0.001703476 0.707794368 0.706335485
1770719980.359055758 48.124214172 -41.895076752 -0.364155412 -0.008988106 0.016732033 0.695015728 0.718743622
1770719980.758864164 48.082332611 -41.338397980 -0.357416987 -0.001397802 -0.006749652 0.717595339 0.696426213
1770719981.159159422 48.087848663 -40.672927856 -0.362956405 0.000793787 -0.000447153 0.710009634 0.704191267
1770719981.459085464 48.081645966 -40.154022217 -0.369008154 0.000086163 0.000364976 0.709867120 0.704335511
1770719981.860079288 48.047851562 -39.505649567 -0.353122234 -0.012885490 -0.007484369 0.712488592 0.701525390
1770719982.258749008 48.045753479 -38.875961304 -0.358581007 0.002775852 -0.008496793 0.707257330 0.706899703
1770719982.659130812 48.052619934 -38.232543945 -0.353832811 -0.001736940 0.001769603 0.709872007 0.704326332
1770719983.058950424 48.014850616 -37.606327057 -0.336158663 -0.011640494 -0.007142841 0.713027477 0.701003015
1770719983.459325075 48.032196045 -36.982257843 -0.338721037 -0.000057281 -0.010180637 0.702387571 0.711721897
1770719983.859202385 48.039207458 -36.345844269 -0.357982874 -0.001632893 0.003282247 0.712110460 0.702057958
1770719984.259116411 47.982223511 -35.724647522 -0.325478852 -0.014570344 -0.003299393 0.718473434 0.695393920
1770719984.559142590 47.995803833 -35.203662872 -0.321195424 -0.001201636 0.001739001 0.724725306 0.689034641
1770719984.959293604 47.963840485 -34.564395905 -0.331086397 0.001819538 -0.002184405 0.734451234 0.678655505
1770719985.359199047 47.900436401 -33.933601379 -0.326198757 -0.007773322 -0.004616909 0.732604504 0.680594504
1770719985.759070635 47.866241455 -33.289340973 -0.313777000 0.001583324 -0.000838077 0.733907402 0.679247141
1770719986.158805847 47.792156219 -32.682315826 -0.316976994 -0.005599407 -0.004985425 0.746554673 0.665281832
1770719986.559150219 47.686992645 -32.059978485 -0.319618613 -0.013941210 -0.011006616 0.741165936 0.671086788
1770719986.959132433 47.660110474 -31.441764832 -0.319598228 -0.003803540 -0.000205767 0.743185818 0.669074178
1770719987.359345436 47.572250366 -30.834897995 -0.329155445 -0.001336986 -0.010228967 0.754110813 0.656666219
1770719987.759138346 47.491100311 -30.165687561 -0.307111740 -0.001258143 -0.003675898 0.747925103 0.663771868
1770719988.059204340 47.428615570 -29.657018661 -0.298239768 -0.003661047 -0.001531734 0.744042516 0.668120563
1770719988.459174633 47.308425903 -29.007553101 -0.277517468 -0.018392872 -0.011000019 0.736694634 0.675885916
1770719988.859364986 47.268051147 -28.374345779 -0.288722008 -0.005140327 -0.016438145 0.719843209 0.693923056
1770719989.259203911 47.271064758 -27.747259140 -0.286753446 -0.007204996 -0.001677579 0.711755812 0.702388048
1770719989.659204483 47.240913391 -27.117845535 -0.277065843 -0.007808891 -0.002352960 0.698608696 0.715457499
1770719990.059092999 47.298183441 -26.491834641 -0.269131660 0.005550644 -0.002695879 0.690599144 0.723211467
1770719990.459259272 47.348110199 -25.855579376 -0.303049684 0.005073059 0.011085024 0.695328832 0.718588293
1770719990.859791279 47.306266785 -25.219089508 -0.260095984 -0.008138346 -0.000214394 0.691796601 0.722046494
1770719991.159198523 47.342975616 -24.685703278 -0.263057083 -0.003151410 0.002861928 0.692976654 0.720947444
1770719991.459132433 47.352592468 -24.183103561 -0.248006254 -0.009886753 -0.000060245 0.698718846 0.715328097
1770719991.859404087 47.392448425 -23.532442093 -0.253115773 0.005645638 -0.004393637 0.693284571 0.720628440
1770719992.259165525 47.424961090 -22.899801254 -0.257149279 0.000547489 0.004848205 0.694246233 0.719721019
1770719992.659149885 47.411422729 -22.296602249 -0.244544983 -0.012067670 -0.002606445 0.698721051 0.715287685
1770719993.059409857 47.439838409 -21.681913376 -0.250749320 -0.000811440 -0.007233628 0.688209116 0.725475848
1770719993.458804369 47.473316193 -21.055236816 -0.262248427 -0.000103326 0.004512476 0.699657083 0.714464605
1770719993.859253168 47.448638916 -20.433944702 -0.252811015 -0.013963169 0.005275664 0.695628405 0.718246758
1770719994.259344339 47.528026581 -19.790737152 -0.243101999 0.011159376 0.003179361 0.695880115 0.718064249
1770719994.559449196 47.547748566 -19.267293930 -0.253899962 0.011522325 0.005835782 0.694224775 0.719642401
1770719994.959238529 47.531143188 -18.607172012 -0.236361057 -0.004038378 0.003923448 0.693228364 0.720696092
1770719995.359225750 47.553035736 -17.966789246 -0.220952019 0.002265615 0.002886445 0.697802365 0.716280997
1770719995.759306192 47.527091980 -17.351696014 -0.217011228 -0.003677431 -0.000265452 0.712086439 0.702082217
1770719996.159244061 47.497234344 -16.750949860 -0.236116022 -0.014802252 -0.001563271 0.698093534 0.715851843
1770719996.559172153 47.554542542 -16.114540100 -0.224280030 -0.005831266 0.007979103 0.699985802 0.714088440
1770719996.959341288 47.530227661 -15.473165512 -0.250656724 -0.000589803 -0.007050620 0.707159758 0.707018495
1770719997.359200239 47.513492584 -14.825606346 -0.237015218 -0.008534557 -0.007246322 0.705205560 0.708914518
1770719997.659276485 47.527229309 -14.303312302 -0.222905502 -0.005993728 -0.002252530 0.714818239 0.699280977
1770719998.059195518 47.497848511 -13.644624710 -0.219669566 -0.011871345 -0.002984555 0.723657608 0.690050602
1770719998.458923817 47.477806091 -13.035428047 -0.226234227 0.000383540 -0.008592716 0.719659567 0.694273770
1770719998.859210253 47.446006775 -12.384709358 -0.227435067 -0.005953463 0.000161667 0.721908808 0.691962600
1770719999.259220362 47.385421753 -11.764887810 -0.213352025 -0.018118264 -0.006301036 0.725008130 0.688473105
1770719999.659468174 47.382595062 -11.137967110 -0.220818564 -0.004987916 -0.008544663 0.718042731 0.695928693
1770720000.059273243 47.364067078 -10.503540993 -0.232895687 -0.008226791 0.005327527 0.724789381 0.688900828
1770720000.459206820 47.307800293 -9.903386116 -0.238410279 -0.016178025 0.000306462 0.722968280 0.690691710
1770720000.859271288 47.334205627 -9.242033005 -0.228527740 0.007560839 0.002526036 0.722517848 0.691306293
1770720001.159340620 47.299175262 -8.731952667 -0.228872538 0.005680764 0.002730302 0.721255004 0.692641020
1770720001.559278488 47.236972809 -8.088587761 -0.241545081 -0.008026171 -0.003514143 0.720055342 0.693861306
1770720001.959455252 47.208877563 -7.443996906 -0.224475518 -0.005829520 -0.000309232 0.719121516 0.694859862
1770720002.359298944 47.163463593 -6.864208221 -0.216141790 -0.007479283 -0.007837183 0.727415800 0.686111391
1770720002.759296894 47.131057739 -6.235722542 -0.224215224 -0.007442805 -0.000304515 0.713894010 0.700214148
1770720003.159220695 47.141345978 -5.618480682 -0.231937349 -0.000745734 0.008499701 0.716145515 0.697898924
1770720003.559433460 47.097812653 -4.977483273 -0.237989932 -0.000918018 -0.005415360 0.722120464 0.691745460
1770720003.959332466 47.028884888 -4.356207371 -0.247437701 -0.016629599 -0.012723590 0.717818916 0.695914865
1770720004.259220600 47.011184692 -3.853577614 -0.231563449 -0.013715136 -0.010294979 0.722213924 0.691457152
1770720004.659259081 46.965946198 -3.195339203 -0.224283621 -0.023124866 -0.005289444 0.722872436 0.690574169
1770720005.059317112 46.964157104 -2.581238747 -0.225741982 -0.002477823 -0.008986345 0.714028835 0.700054228
1770720005.459284544 46.964458466 -1.960769534 -0.234532714 -0.003481518 0.002276771 0.718846142 0.695156813
1770720005.859248400 46.926517487 -1.352486610 -0.225770891 -0.014254152 -0.001296565 0.725656748 0.687907994
1770720006.258930922 46.914299011 -0.782697380 -0.245667726 -0.002425126 -0.000053964 0.733311296 0.679888606
1770720006.759234667 46.858547211 -0.237261340 -0.238213375 -0.002202568 0.005804333 0.760693252 0.649081767
1770720007.359574556 46.736389160 0.287937075 -0.240555227 -0.004217112 0.002281708 0.812285066 0.583240926
1770720008.159349918 46.500423431 0.798244417 -0.261960298 -0.008032144 -0.007598428 0.866685092 0.498733014
1770720009.059311390 46.198406219 1.268788338 -0.291243434 -0.010780114 -0.013450288 0.908541977 0.417437822
1770720009.759283066 45.855728149 1.664610028 -0.292291254 -0.008493326 -0.010651856 0.908770621 0.417073548
1770720010.459567308 45.464126587 2.044061899 -0.298580974 -0.012061230 -0.028499600 0.924705863 0.379422456
1770720011.259046078 45.365474701 2.242295504 -0.269048572 -0.011587643 -0.019707242 0.978052676 0.207099929
1770720012.059351444 45.492229462 2.287041187 -0.288087726 -0.001229083 -0.018722855 0.999177933 0.035935048
1770720012.859412193 45.498653412 2.357388735 -0.272982925 0.007166224 -0.021299580 0.990613639 -0.134831920
1770720013.659387112 45.484466553 2.436667919 -0.291353166 0.006597246 -0.013809184 0.947110415 -0.320542723
1770720016.559735060 45.141395569 2.057623863 -0.296254992 0.003298401 -0.010774441 0.946568429 -0.322306067
1770720017.659556150 44.681114197 1.723903537 -0.299852490 0.004426595 -0.002007370 0.984359920 -0.176102117
1770720018.559468508 44.177185059 1.528717399 -0.278579026 0.000606584 -0.008639274 0.997149765 -0.074949443
1770720019.559540272 43.656841278 1.455381155 -0.289132327 -0.002739185 -0.003973241 0.999516308 -0.030723618
1770720020.459438801 43.150390625 1.444033861 -0.298165530 0.000284724 0.000080705 0.999794424 -0.020276129
1770720024.159410477 42.619018555 1.404790998 -0.306772172 0.009652863 -0.003427566 0.998625934 0.051394232
1770720024.859444380 42.079708099 1.466574669 -0.296079218 0.005161843 -0.000673226 0.998434961 0.055682644
1770720025.659603119 41.556442261 1.508369923 -0.280656129 -0.010029469 -0.000146007 0.998610675 0.051730774
1770720030.259525776 41.012157440 1.584216356 -0.314242125 0.012326120 -0.004048062 0.996214867 0.085951239
1770720030.759105206 40.516048431 1.674256921 -0.277259082 0.001997668 -0.003558380 0.995653093 0.093049385
1770720031.259428501 39.890205383 1.777371049 -0.276194364 -0.004066150 -0.004607582 0.995316207 0.096477076
1770720031.659613609 39.315753937 1.866127014 -0.248500779 -0.006536239 -0.009500411 0.994288504 0.106100336
1770720032.059414387 38.672145844 2.020188093 -0.252083719 0.001188252 -0.005441944 0.993572652 0.113058694
1770720032.359110832 38.186855316 2.141890526 -0.249759108 -0.004451266 -0.003992376 0.993719459 0.111739799
1770720032.753462553 37.543106079 2.285081863 -0.247521564 -0.007597849 -0.012736652 0.993286312 0.114727430
1770720033.059560061 37.057060242 2.400799036 -0.234831229 -0.006922679 -0.000738311 0.994623482 0.103323594
1770720033.459572554 36.450408936 2.488210201 -0.226019219 -0.010181837 -0.013113612 0.996881783 0.077143066
1770720033.859172106 35.825172424 2.640953779 -0.197885752 0.000761656 -0.001468731 0.998361588 0.057194978
1770720034.159501314 35.309333801 2.692083597 -0.187143669 -0.001984334 -0.001831427 0.999250412 0.038617808
1770720034.559432268 34.660476685 2.700794697 -0.175330952 -0.009297345 -0.013981485 0.999629915 0.021403434
1770720034.959162712 34.021095276 2.729779243 -0.166443095 -0.010102064 -0.002601378 0.999943256 -0.002158972
1770720035.359530449 33.377655029 2.694480419 -0.171391472 -0.004589377 -0.006697325 0.999396145 -0.033785682
1770720035.759839296 32.722446442 2.659945726 -0.167426229 -0.003659338 -0.014200611 0.998221576 -0.057780407
1770720036.159608841 32.113048553 2.592348814 -0.153136134 -0.010685351 -0.000958149 0.996748030 -0.079863943
1770720036.559502602 31.473373413 2.465740919 -0.163436085 -0.003853889 -0.009433093 0.994460046 -0.104620121
1770720036.959424973 30.874225616 2.291473627 -0.174453378 -0.003576492 -0.026248109 0.994467318 -0.101651691
1770720037.359807253 30.240879059 2.122936964 -0.174938917 -0.005234107 -0.011353747 0.995616317 -0.092692100
1770720037.759595871 29.604278564 2.008363724 -0.180132031 -0.004798898 -0.009240766 0.996943533 -0.077429064
1770720038.159474373 28.963603973 1.923773408 -0.172379449 -0.001589144 -0.013360424 0.999205410 -0.037517939
1770720038.559631109 28.325950623 1.911093473 -0.166455820 -0.006291482 0.002116741 0.999937832 -0.008954927
1770720038.859214783 27.818664551 1.895312428 -0.154926956 -0.004210307 -0.009890966 0.999915659 -0.007288133
1770720039.259698153 27.195932388 1.886472464 -0.154887944 0.002410243 -0.003944974 0.999985814 0.002654059
1770720039.659491062 26.565908432 1.888298035 -0.161489323 -0.002481763 0.000826023 0.999996066 0.001019745
1770720040.059450865 25.947414398 1.866004467 -0.161399484 -0.004354064 -0.010608472 0.999905884 -0.007533909
1770720040.459549189 25.287736893 1.883033633 -0.150490165 0.001314854 -0.002780756 0.999975801 -0.006229581
1770720040.759622812 24.782701492 1.864901900 -0.142364502 0.001672304 -0.002691047 0.999974012 -0.006473290
1770720041.159526825 24.140544891 1.830725789 -0.140334681 -0.001108345 -0.011708965 0.999907196 -0.006872294
1770720041.559711218 23.491935730 1.825191617 -0.124030083 -0.002323553 0.000601236 0.999985456 -0.004819050
1770720041.959600687 22.850633621 1.807145596 -0.128982812 0.001431531 -0.003474989 0.999927402 -0.011446277
1770720042.359782696 22.206968307 1.783446074 -0.130561516 -0.005239676 -0.008971785 0.999928117 -0.005979924
1770720042.759295702 21.582424164 1.790388584 -0.108018823 -0.007646377 0.001536226 0.999968231 0.001633974
1770720043.159734011 20.960895538 1.764853358 -0.116431922 0.001156508 -0.006804707 0.999951720 -0.006995190
1770720043.559651375 20.322937012 1.716787696 -0.117307812 0.003416529 -0.020661546 0.999777555 -0.002498703
1770720043.959622145 19.674589157 1.710142970 -0.100802414 0.001134845 -0.008105540 0.999958396 -0.004030204
1770720044.359586239 19.026447296 1.710061193 -0.112710848 0.000107879 -0.004641546 0.999915540 -0.012134259
1770720044.759526968 18.362937927 1.705284953 -0.100959837 -0.002022737 -0.009000311 0.999944150 -0.005148237
1770720045.159224272 17.735115051 1.719801903 -0.095014311 -0.004828559 0.000410449 0.999987423 -0.001252300
1770720045.559602976 17.096773148 1.681180954 -0.107715324 0.000681499 -0.006624264 0.999897540 -0.012667625
1770720045.959608793 16.440822601 1.639613986 -0.101601325 -0.004273701 -0.013752412 0.999769509 -0.015924117
1770720046.359222174 15.826888084 1.635251045 -0.091413721 -0.005551180 -0.001873971 0.999841630 -0.016807782
1770720046.759578943 15.209185600 1.579101682 -0.099918738 0.002573652 -0.003441808 0.999612510 -0.027500713
1770720047.059586525 14.708249092 1.567764044 -0.092644759 0.000811046 -0.005582326 0.999748528 -0.021703161
1770720047.359601021 14.201951981 1.540657401 -0.088178024 0.001361037 -0.006091736 0.999736011 -0.022110462
1770720047.759368420 13.554028511 1.479015708 -0.094132103 -0.004339637 -0.014658503 0.999633670 -0.022334699
1770720048.159648657 12.905328751 1.451135159 -0.087587833 -0.006852176 -0.003008268 0.999784708 -0.019356137
1770720048.559578657 12.277024269 1.421268702 -0.085446261 -0.000534678 -0.006929975 0.999655962 -0.025291303
1770720048.959896326 11.634435654 1.362074852 -0.087374531 -0.004157431 -0.013386230 0.999665022 -0.021758476
1770720049.359533310 11.004153252 1.350471020 -0.084549569 -0.004040568 0.000827884 0.999822915 -0.018362263
1770720049.759639502 10.367816925 1.303862810 -0.093421713 0.002508196 -0.005931809 0.999664426 -0.025090298
1770720050.159688234 9.732588768 1.249230862 -0.095437795 -0.002282265 -0.017137187 0.999635339 -0.020744072
1770720050.459567785 9.211221695 1.228963733 -0.092792511 -0.001972109 -0.007300182 0.999707818 -0.022957362
1770720050.859699249 8.575180054 1.186973929 -0.077505000 -0.003996514 -0.010141382 0.999473572 -0.030558292
1770720051.259609222 7.937398434 1.179812431 -0.079900473 0.003533937 -0.003984139 0.999702036 -0.023823058
1770720051.659591913 7.291436195 1.153382897 -0.082856171 -0.000884881 0.001987647 0.999790907 -0.020334788
1770720052.059644222 6.665011883 1.079866290 -0.077871218 -0.002840907 -0.007941580 0.999664903 -0.024475090
1770720052.459579706 6.036841869 1.062096953 -0.071544118 0.004732287 -0.007106515 0.999810517 -0.017492732
1770720052.859645128 5.406000614 1.035286665 -0.071335755 -0.001547041 -0.000005815 0.999765754 -0.021589687
1770720053.259850740 4.776872158 0.985092700 -0.071605481 -0.004135910 -0.008187916 0.999589801 -0.027131768
1770720053.659221888 4.131690502 0.985430419 -0.051004384 0.002610532 -0.001116444 0.999775827 -0.020982191
1770720053.959653616 3.615577698 0.960348666 -0.060037922 0.004888430 -0.000278706 0.999795437 -0.019623905
1770720054.359635115 2.963022709 0.906281114 -0.067586981 -0.001115247 -0.011893455 0.999772429 -0.017676346
1770720054.759574890 2.328547716 0.881562233 -0.040214710 -0.003438788 -0.000700714 0.999854147 -0.016714660
1770720055.159821033 1.691412568 0.842703164 -0.055722602 0.003076194 -0.003862531 0.999695063 -0.024192736
1770720055.559360743 1.032814384 0.801775813 -0.047677696 -0.000345994 -0.008918726 0.999758601 -0.020076247
1770720055.959315062 0.412229627 0.794710696 -0.025545998 -0.005409565 0.002819721 0.999871314 -0.014835696
1770720056.359640360 -0.218154252 0.750864089 -0.032581974 0.002420346 -0.003181129 0.999761701 -0.021462148
1770720056.759600639 -0.846518219 0.686022997 -0.020781372 0.002327013 -0.016683629 0.999706924 -0.017388809
1770720057.059873819 -1.359049678 0.670770168 -0.007993436 0.001309237 -0.007798806 0.999742925 -0.021251101
1770720057.459725142 -2.001843214 0.640086889 0.007962801 -0.002139226 -0.011764120 0.999511778 -0.028867299
1770720057.859675169 -2.633495569 0.623756051 0.017439077 0.004812324 -0.004503452 0.999729991 -0.022281069
1770720058.259649992 -3.277325153 0.605895698 0.021957450 0.001224291 0.000880169 0.999808788 -0.019495552
1770720058.659834862 -3.918272495 0.544297338 0.049466848 -0.001937123 -0.012136145 0.999625802 -0.024438910
1770720059.059731007 -4.534067154 0.526727676 0.043696377 0.006489601 -0.008045970 0.999771893 -0.018691940
1770720059.459725142 -5.188572884 0.511478722 0.047194161 -0.000243551 -0.000402116 0.999752343 -0.022248939
1770720059.859860420 -5.812704086 0.465017617 0.048821311 -0.000314497 -0.010775519 0.999671340 -0.023259399
1770720060.259723902 -6.460055351 0.462181658 0.073795624 0.003325036 -0.002855122 0.999912918 -0.012446301
1770720060.659607649 -7.102715492 0.449544311 0.076731339 0.001226835 -0.001666379 0.999996066 -0.001902173
1770720061.059800386 -7.689713478 0.407284290 0.110209331 -0.000507414 -0.013469188 0.999907672 0.001710874
1770720061.459707260 -8.226412773 0.395598173 0.104059123 0.005770068 -0.010745130 0.999634981 0.024105392
1770720061.959815025 -8.828727722 0.427457005 0.115142494 0.003311059 0.001659156 0.998911262 0.046503436
1770720062.459664822 -9.402330399 0.497554898 0.110863075 0.002274687 0.000659057 0.997746408 0.067055672
1770720062.959758520 -9.944100380 0.567383945 0.127614245 0.006641239 -0.002574917 0.996063888 0.088351868
1770720063.459877729 -10.484016418 0.634270906 0.133786127 0.008330972 -0.008586585 0.993145406 0.116271570
1770720063.959686041 -11.000623703 0.761027992 0.135590911 0.008951623 -0.006026123 0.988904834 0.148157895
1770720064.459711552 -11.485954285 0.918847620 0.156061441 0.012917833 -0.003058414 0.982420444 0.186209381
1770720064.959924698 -11.971093178 1.106179714 0.165957570 0.008543717 0.000150817 0.974345326 0.224895984
1770720065.559370279 -12.497749329 1.343858600 0.174013138 0.007592239 -0.000324572 0.962686121 0.270513743
1770720066.259695768 -12.965677261 1.651002049 0.183563635 0.015515711 -0.003062658 0.918093383 0.396048486
1770720066.859728575 -13.311306953 2.030199528 0.195968449 0.015617899 -0.001421499 0.880131006 0.474471837
1770720067.359778643 -13.570648193 2.470093727 0.203215688 0.011418519 0.011292698 0.859714866 0.510521770
1770720067.959721565 -13.847292900 2.977184057 0.221211374 0.016947465 0.008752327 0.831071317 0.555838764
1770720068.559662819 -14.075464249 3.478559017 0.229536951 0.016608741 0.008405808 0.804136038 0.594153702
1770720069.159578562 -14.224801064 3.960747004 0.234845206 0.011193580 0.006208723 0.745349348 0.666551173
1770720069.759748459 -14.302317619 4.459567547 0.234628320 0.009245103 0.004112760 0.705064297 0.709071159
1770720070.359886646 -14.261173248 5.059320450 0.251645505 0.020607423 0.013576356 0.695189476 0.718402803
1770720070.859448195 -14.207731247 5.589665890 0.252064824 0.024008231 0.017000273 0.702979505 0.710601449
1770720071.359828234 -14.223172188 6.090490818 0.268259943 0.022515828 0.011711637 0.714417279 0.699259520
1770720071.859726667 -14.267586708 6.601654530 0.273653954 0.004137385 0.005555076 0.721576869 0.692299664
1770720072.359456778 -14.323415756 7.128526688 0.262601137 -0.001079942 -0.007458271 0.720026195 0.693906009
1770720072.859711409 -14.337922096 7.646277428 0.268980712 0.013674395 -0.012347034 0.718572736 0.695207715
1770720073.359799862 -14.314514160 8.154129028 0.277498811 0.016077526 0.009373675 0.720719695 0.692976773
1770720073.859720469 -14.345471382 8.687869072 0.293027997 0.012551454 0.010332453 0.722895026 0.690766573
1770720074.359975338 -14.399374962 9.211215019 0.301723272 0.005874495 -0.000795771 0.725804687 0.687875271
1770720074.859459877 -14.447816849 9.741290092 0.314162970 -0.004656030 -0.006093674 0.726670265 0.686943591
1770720075.359749317 -14.488534927 10.274044037 0.311415702 -0.003400196 -0.003012003 0.723320127 0.690497935
1770720075.859734535 -14.486793518 10.799773216 0.321461737 0.007812159 -0.004068764 0.721051157 0.692825854
1770720076.359847069 -14.504644394 11.347051620 0.323203683 0.006890399 0.001104607 0.718731463 0.695252717
1770720076.759853840 -14.560056686 11.844974518 0.340605825 -0.002364839 -0.005415161 0.725644052 0.688044846
1770720077.259768009 -14.596584320 12.401877403 0.372165322 -0.011798518 -0.006511391 0.727728069 0.685733318
1770720077.759771109 -14.621121407 12.969817162 0.346328884 -0.001556784 -0.006312323 0.726414144 0.687226474
1770720078.259795427 -14.619146347 13.499862671 0.371285021 0.010747331 -0.003372899 0.731885672 0.681334317
1770720078.759512186 -14.657988548 14.039036751 0.373429358 0.009002955 0.001133890 0.744179070 0.667918622
1770720079.259625196 -14.754667282 14.587648392 0.364392251 -0.000687622 -0.003034951 0.765353322 0.643602848
1770720079.759772301 -14.871840477 15.099865913 0.375711888 -0.001056561 -0.007918564 0.780907810 0.624595165
1770720080.259478807 -14.993318558 15.694630623 0.400396913 -0.003867311 -0.002857478 0.792328954 0.610075176
1770720080.759979010 -15.153573990 16.219345093 0.401809782 -0.007030889 -0.009555431 0.805147648 0.592955828
1770720081.259788036 -15.283725739 16.710557938 0.409774035 -0.002948320 -0.007696430 0.820326805 0.571835756
1770720081.859820127 -15.488908768 17.213315964 0.412911534 -0.002404492 -0.010354089 0.844179034 0.535955787
1770720082.359732151 -15.696896553 17.671672821 0.409928262 -0.004545134 -0.009053519 0.865431309 0.500925004
1770720082.959756374 -16.021242142 18.158855438 0.397963464 -0.007245634 -0.014562285 0.889456153 0.456731051
1770720083.459881544 -16.398780823 18.598560333 0.407576650 -0.015505312 -0.021978389 0.907292306 0.419639289
1770720083.959814787 -16.762121201 19.009418488 0.435365438 -0.017322648 -0.024970671 0.910650969 0.412057310
1770720084.460005999 -17.129179001 19.428495407 0.444851696 -0.015201815 -0.023652561 0.909387350 0.414998949
1770720084.959853172 -17.472232819 19.852020264 0.444280684 -0.009232269 -0.018796716 0.898367941 0.438744158
1770720085.559792280 -17.846277237 20.336467743 0.453994274 -0.006316280 -0.021488030 0.880847037 0.472870797
1770720086.059832096 -18.127676010 20.756744385 0.467987955 -0.001883865 -0.020238360 0.861858726 0.506740987
1770720086.559922934 -18.370599747 21.219738007 0.480843663 -0.005720372 -0.006409866 0.842470467 0.538673937
1770720087.059787989 -18.609416962 21.726833344 0.483407974 -0.006837510 -0.008204969 0.819385111 0.573143959
1770720087.559831858 -18.809017181 22.220521927 0.491392702 -0.008663439 -0.012205579 0.795131803 0.606251836
1770720088.059836626 -18.930269241 22.760139465 0.503045559 -0.002607669 -0.009264090 0.764162958 0.644951403
1770720088.559835911 -19.007745743 23.306837082 0.497477680 0.003827425 -0.001651713 0.727879226 0.685692668
1770720089.059973001 -19.039079666 23.842336655 0.525339961 0.006801534 -0.007809178 0.705007672 0.709124088
1770720089.559800863 -19.023235321 24.411226273 0.519899070 -0.000592719 0.011704830 0.703134179 0.710960627
1770720090.059877157 -19.041738510 25.037412643 0.530367672 -0.004969915 0.003651449 0.689454794 0.724302471
1770720090.559855461 -19.023468018 25.634798050 0.529441953 -0.003702859 0.002182010 0.676432490 0.736492097
1770720090.959894896 -18.970991135 26.142282486 0.524620175 -0.005729941 0.002456585 0.654789388 0.755785704
1770720091.459800482 -18.864328384 26.716218948 0.536140800 0.003344063 0.005148548 0.627017915 0.778980672
1770720091.959869385 -18.727338791 27.301855087 0.529677391 0.012143261 0.014630902 0.603446662 0.797176659
1770720092.359927177 -18.616527557 27.795011520 0.532695711 0.009420254 0.000863947 0.593663692 0.804657638
1770720092.859553337 -18.444225311 28.378395081 0.518889070 0.006933572 0.003797816 0.568939269 0.822341561
1770720093.259944201 -18.204627991 28.830577850 0.547015607 0.025309209 0.016600026 0.534887373 0.844381034
1770720093.659508228 -17.968458176 29.347320557 0.543887496 0.020943062 0.018080568 0.515390396 0.856508732
1770720094.059889555 -17.742259979 29.839941025 0.566537797 0.008035550 0.005619616 0.493125468 0.869902909
1770720094.459994078 -17.471387863 30.307828903 0.569879532 0.010782530 0.002690462 0.465744525 0.884849429
1770720094.859968901 -17.167963028 30.736682892 0.557762444 0.014242881 0.010598146 0.445089012 0.895310283
1770720095.259871244 -16.846004486 31.185682297 0.574905515 0.006695564 0.006841687 0.415956110 0.909334302
1770720095.659956455 -16.443063736 31.587665558 0.576304793 0.014528476 0.017919723 0.378152639 0.925455809
1770720096.059855938 -16.023311615 31.979175568 0.546822786 0.021151321 0.024156885 0.360396206 0.932246566
1770720096.459976673 -15.590545654 32.393692017 0.573679566 0.004816747 0.010954271 0.345336914 0.938402474
1770720096.859848261 -15.116380692 32.787528992 0.561633348 0.007959431 0.020322306 0.343703389 0.938824594
1770720097.259708166 -14.657757759 33.166179657 0.555085421 0.015741104 0.021284636 0.349087447 0.936716139
1770720097.659938097 -14.218551636 33.592922211 0.564751089 0.002893544 0.017985487 0.359501570 0.932966650
1770720098.059896708 -13.768832207 33.985809326 0.540153980 0.010269292 0.022484642 0.369971037 0.928714395
1770720098.459928989 -13.337702751 34.385303497 0.524661243 0.016640982 0.025472149 0.396776080 0.917411029
1770720098.859906435 -12.960364342 34.837974548 0.527760386 0.005469993 0.013162452 0.424786538 0.905181348
1770720099.259891748 -12.612793922 35.267795563 0.515601814 0.016810957 0.014038721 0.447459757 0.894035816
1770720099.659929514 -12.269991875 35.731575012 0.508671105 0.016848881 0.008780567 0.482274652 0.875814021
1770720100.059966326 -11.965707779 36.268962860 0.532876432 0.008458197 0.008001431 0.506165564 0.862357676
1770720100.459883690 -11.699225426 36.798328400 0.535160780 0.009419237 0.003858338 0.532817543 0.846168935
1770720100.859673977 -11.458602905 37.327175140 0.541992962 0.003917657 0.001862700 0.564497948 0.825423121
1770720101.259970665 -11.294782639 37.875785828 0.545354486 -0.007288592 -0.000866475 0.591943502 0.805946052
1770720101.659428596 -11.133785248 38.354156494 0.539328218 0.000815371 -0.002454952 0.608208179 0.793773353
1770720102.059716463 -11.001561165 38.863178253 0.541184247 -0.002315227 0.004296926 0.637535334 0.770405650
1770720102.459982157 -10.936550140 39.403636932 0.530169547 -0.012244500 -0.006327749 0.659816921 0.751300037
1770720102.859647512 -10.858793259 39.939052582 0.522819161 -0.001759055 -0.013819283 0.653583229 0.756726384
1770720103.259891033 -10.825521469 40.573246002 0.544550657 -0.014391853 -0.020497670 0.665536940 0.745944560
1770720103.659962416 -10.769228935 41.144355774 0.559650004 -0.019548628 -0.011197079 0.672218859 0.740009665
1770720104.059886932 -10.691958427 41.671154022 0.576790929 -0.003902690 -0.014396002 0.659979463 0.751135528
1770720104.459999084 -10.609862328 42.170295715 0.563742101 -0.001749793 -0.006494674 0.666356385 0.745603085
1770720104.959623575 -10.541973114 42.692863464 0.584465742 -0.001353080 -0.008122920 0.668906748 0.743300736
1770720105.657966614 -10.496311188 43.252182007 0.571817756 -0.003230050 -0.005500390 0.666250408 0.745700836
1770720106.459944487 -10.429666519 43.788257599 0.579499125 0.001170315 -0.000253468 0.660623729 0.750716209
1770720110.359520674 -10.400302887 44.335605621 0.543136060 -0.002889391 -0.008425797 0.670792758 0.741591394
1770720111.059654236 -10.366539955 44.838859558 0.544059277 -0.000234765 -0.007884088 0.659561396 0.751609325
1770720111.659380913 -10.302229881 45.381702423 0.551254213 -0.001049768 -0.009263757 0.627462804 0.778590739
1770720112.359973669 -10.173641205 45.909950256 0.560202539 0.003809451 -0.004890693 0.554606676 0.832089543
1770720113.059595346 -9.944565773 46.355419159 0.556937635 0.005675682 -0.001848689 0.414314479 0.910114229
1770720113.759350538 -9.556288719 46.789497375 0.575044155 -0.006490796 -0.002582476 0.262348115 0.964947999
1770720114.359660149 -9.091047287 47.041595459 0.573258758 -0.005763047 -0.001593798 0.140304521 0.990090370
1770720114.860019684 -8.550400734 47.139549255 0.572029591 0.007183945 0.006179953 0.102241546 0.994714499
1770720115.359622955 -7.945749760 47.232772827 0.577228487 0.010894047 0.013643267 0.090746917 0.995720923
1770720115.859689474 -7.362581730 47.371059418 0.555879712 0.007026334 0.009721900 0.093276083 0.995568037
1770720116.359963655 -6.761482716 47.532936096 0.568876922 -0.001739003 0.002091386 0.088872045 0.996039331
1770720116.759690762 -6.249080181 47.651985168 0.566883385 -0.005327269 0.007305961 0.078595452 0.996865630
1770720117.159461975 -5.730893612 47.697330475 0.574039161 0.008541285 0.013311789 0.058000542 0.998191297
1770720117.559993982 -5.163099289 47.734241486 0.567565680 0.008284286 0.003356194 0.044732962 0.998959005
1770720117.959692717 -4.583131790 47.796611786 0.571756721 -0.002267590 0.009937343 0.020616978 0.999735475
1770720118.359554052 -4.002512455 47.835113525 0.576492012 0.004793905 0.012936346 0.018560076 0.999732554
1770720118.760001659 -3.437409163 47.877193451 0.566727519 0.001719681 0.006229614 0.043587916 0.999028683
1770720119.159299374 -2.854278803 47.938873291 0.553474188 -0.004671566 0.010921425 0.052330006 0.998559237
1770720119.559641600 -2.298689127 47.971813202 0.562450230 0.011372669 0.010867375 0.065449752 0.997731864
1770720119.959546804 -1.715139985 48.073028564 0.565315664 0.000960335 0.003063609 0.079386376 0.996838748
1770720120.359411478 -1.160863161 48.204322815 0.554366469 -0.012130245 0.012208550 0.088941008 0.995888174
1770720120.759697676 -0.612659633 48.293056488 0.569460511 0.001370368 0.012816499 0.091026664 0.995765030
1770720121.160077810 -0.084307067 48.412109375 0.545403779 -0.002180016 0.007452194 0.101548880 0.994800270
1770720121.560016394 0.420871407 48.517150879 0.537357688 -0.009186350 0.012205372 0.098086178 0.995060682
1770720122.159640074 0.996180236 48.643451691 0.543051660 -0.005391717 0.010105756 0.100131966 0.994908273
1770720124.360017061 1.307984233 48.662967682 0.487523288 -0.008259156 -0.006861079 0.259989887 0.965551615
1770720125.259685516 1.393870950 48.646945953 0.475879222 -0.013308757 -0.013021729 0.420679629 0.907018185
1770720126.159591675 1.708886027 48.929801941 0.482912511 0.001643803 -0.001212311 0.556788981 0.830651462
1770720126.759489536 1.923745751 49.406322479 0.493068576 0.004715418 0.005602806 0.647810459 0.761766315
1770720127.359654188 1.986743808 49.958034515 0.517370403 -0.001310658 0.004412160 0.683927596 0.729535341
1770720127.859403849 1.951791167 50.468780518 0.487582177 -0.020198127 -0.006087475 0.692129314 0.721465111
1770720128.459479570 1.981038570 51.028350830 0.487700731 -0.013552154 -0.006576768 0.694499612 0.719335377
1770720129.059738159 2.002789259 51.584918976 0.491491139 -0.008832307 -0.003436616 0.692968309 0.720905840
1770720129.659783840 2.004340887 52.088066101 0.500035107 -0.014204198 -0.007182430 0.691329241 0.722364545
1770720130.359629393 2.025984287 52.604446411 0.513121963 -0.009196506 0.000817155 0.689377010 0.724343956
1770720131.059825659 2.038888693 53.152008057 0.503231287 -0.008282081 -0.002972674 0.687781036 0.725864828
1770720131.759750366 2.051435947 53.672122955 0.482981920 -0.012080311 -0.005137940 0.690013349 0.723677516
1770720132.459739447 2.066023588 54.220603943 0.481228441 -0.011167924 -0.002149060 0.691057384 0.722710490
1770720133.059791565 2.124443769 54.748283386 0.499435395 -0.002983772 0.004586414 0.680547476 0.732683539
1770720133.659651279 2.145603657 55.248870850 0.490587026 -0.009377810 0.001312483 0.662800431 0.748736203
1770720134.259696722 2.171611547 55.766712189 0.492035270 -0.011245390 -0.001417366 0.635644019 0.771899104
1770720134.859738827 2.300357103 56.292476654 0.477050722 -0.007061786 0.003125156 0.624516129 0.780973673
1770720135.459742308 2.449321747 56.809547424 0.479116052 -0.002949447 0.005581643 0.624784052 0.780772090
1770720136.059638739 2.553835869 57.318847656 0.476459205 -0.004755345 0.000486894 0.628780127 0.777568460
1770720136.659752131 2.675551414 57.910362244 0.478382736 -0.008191657 -0.000601753 0.638307929 0.769737303
1770720137.259722948 2.766756535 58.481544495 0.475408286 -0.006745851 -0.000816696 0.643281341 0.765599787
1770720137.858285189 2.879065990 59.039405823 0.470811576 -0.005975253 0.000263617 0.650425315 0.759546638
1770720138.459667444 2.958305836 59.569469452 0.465388596 -0.009318419 0.000807836 0.662032902 0.749416471
1770720139.059769869 3.024212122 60.133689880 0.444805682 -0.006424989 -0.001499028 0.676105082 0.736775696
1770720139.659710884 3.077839851 60.719871521 0.464512944 -0.003222261 -0.000520736 0.703428924 0.710758090
1770720140.259732008 3.067698717 61.276927948 0.460622132 -0.004872082 0.001673041 0.730090499 0.683331132
1770720140.859707594 3.003197193 61.850868225 0.454047740 -0.013051321 -0.008348281 0.745247066 0.666608393
1770720141.359777927 2.901210785 62.414470673 0.438630462 -0.016742069 -0.016120780 0.746472180 0.665010631
1770720141.754392147 2.855997801 62.915481567 0.441746354 -0.009790112 -0.014217395 0.746433616 0.665235877
1770720142.159522533 2.761968374 63.429710388 0.445462108 -0.021750966 -0.019849835 0.752401292 0.658046603
1770720142.660015106 2.678719044 63.989654541 0.472003877 -0.022859439 -0.021520015 0.751571238 0.658904314
1770720143.159845114 2.617326021 64.513992310 0.465797603 -0.019977195 -0.013141407 0.747362494 0.663986087
1770720143.659646034 2.565573454 65.114898682 0.484460622 -0.010532212 -0.012450888 0.742359579 0.669803202
1770720144.259756565 2.498464823 65.667045593 0.492508262 -0.009713055 -0.012940834 0.742102683 0.670090973
1770720145.059725046 2.407884359 66.222633362 0.464397997 -0.022836246 -0.018424347 0.743835032 0.667718828
1770720145.759608269 2.373004913 66.775550842 0.452120751 -0.010141229 -0.012810718 0.738772273 0.673757017
1770720146.359637976 2.361575842 67.312797546 0.464510292 0.001238732 -0.003801245 0.734360456 0.678748012
1770720146.959969521 2.300915718 67.867752075 0.468221575 -0.003745515 -0.005193570 0.732621372 0.680606365
1770720147.559948444 2.240966320 68.378608704 0.470355928 -0.009377207 -0.008261025 0.750640452 0.660592735
1770720148.159809589 2.189023972 68.900978088 0.461054772 -0.004346532 -0.007236040 0.783272266 0.621621549
1770720148.859919786 2.060563803 69.476531982 0.453249723 0.000770948 -0.002123921 0.843765497 0.536707163
1770720149.459918022 1.773208261 69.956825256 0.453221828 -0.017577058 -0.018016264 0.868837655 0.494456828
1770720150.159831762 1.470260262 70.418907166 0.473569781 -0.016111076 -0.016264603 0.925894856 0.377086997
1770720150.959850788 1.076727152 70.778610229 0.455455840 -0.011740172 -0.017058095 0.972990572 0.229914278
1770720151.559891701 0.599911332 70.978149414 0.449161232 -0.012454155 -0.020455223 0.989077449 0.145438254
1770720152.259742498 0.066941664 71.086669922 0.445377558 -0.012717614 -0.015995618 0.999490678 -0.024511499
1770720152.859833717 -0.526139796 71.078277588 0.437706023 -0.011818308 -0.012065881 0.997712553 -0.065455534
1770720153.359708309 -1.043908238 70.950233459 0.425373912 -0.006065436 -0.018236205 0.994726956 -0.100741677
1770720153.859798193 -1.607540011 70.821296692 0.428823829 -0.003482645 -0.014685164 0.993401051 -0.113695115
1770720154.359659195 -2.139064312 70.701622009 0.424565285 -0.013369278 -0.005985357 0.989550471 -0.143441111
1770720154.959857941 -2.673678637 70.550544739 0.415675879 -0.017372904 -0.003705899 0.975175440 -0.220719978
1770720155.659745932 -3.153403044 70.295387268 0.387673169 -0.017192246 -0.005596097 0.940885067 -0.338243186
1770720156.359924078 -3.517353296 69.946342468 0.387295753 -0.010391759 -0.008386828 0.883648515 -0.467960477
1770720157.159937620 -3.802628279 69.495429993 0.378252953 0.014885483 0.004693785 -0.800434232 0.599217296
1770720157.859735727 -3.950996161 68.977577209 0.355614603 0.007546803 0.011469676 -0.779753089 0.625936627
1770720158.459908485 -4.014542103 68.443252563 0.342539847 -0.008696771 0.027038770 -0.784839272 0.619048178
1770720159.159779549 -4.165190220 67.931221008 0.359060317 -0.007163167 0.018678032 -0.821476102 0.569892049
1770720159.859811068 -4.409184456 67.435409546 0.348204792 0.007917376 0.002147168 -0.748559713 0.663016677
1770720160.559866905 -4.469729424 66.889251709 0.316563547 0.002598124 0.002595096 -0.702167511 0.712002337
1770720161.159753561 -4.335097313 66.399887085 0.308822662 -0.015392616 0.025799524 -0.701922119 0.711619854
1770720161.759933472 -4.325221062 65.798362732 0.304724425 -0.022210300 0.035956938 -0.705239058 0.707708716
1770720162.359796762 -4.321797848 65.201034546 0.298046529 -0.016669368 0.033125330 -0.720173478 0.692802310
1770720162.859887123 -4.340846062 64.667251587 0.314112842 -0.015580459 0.020899106 -0.738156617 0.674125671
1770720163.659628868 -4.421533108 64.131477356 0.323027611 -0.011434142 0.016613008 -0.841409504 0.540021777
1770720164.459982634 -4.618442059 63.702774048 0.318019062 0.014170217 -0.008113324 0.926680684 -0.375494719
1770720165.160550594 -5.037123680 63.371540070 0.303101450 0.003497118 0.005538328 0.976964712 -0.213300362
1770720165.759885311 -5.581633568 63.168968201 0.324272901 -0.004342927 0.010465506 0.992769361 -0.119501665
1770720166.359850883 -6.164227009 63.063961029 0.342019588 -0.007185074 0.007237396 0.998132288 -0.060231902
1770720166.859892130 -6.661173820 62.951168060 0.317356855 -0.002315454 0.002975209 0.999862015 -0.016180357
1770720167.459847689 -7.200613499 62.952323914 0.323978335 0.000882841 0.000319778 0.999361455 0.035718571
1770720168.059957743 -7.733029842 62.973258972 0.330998570 0.000460651 -0.001246641 0.995684385 0.092794746
1770720168.759664536 -8.270177841 63.115562439 0.338204235 0.002435345 0.003899760 0.994227648 0.107192397
1770720169.359966040 -8.799601555 63.216178894 0.347347885 0.001835497 -0.002603257 0.997622252 0.068845868
1770720170.059877396 -9.325390816 63.302062988 0.341593891 0.004360403 -0.000392065 0.999377251 -0.035013061
1770720170.759903193 -9.822386742 63.219417572 0.328758925 0.002106667 -0.009933757 0.988104105 -0.153450936
1770720171.459867001 -10.354965210 63.015743256 0.327983797 0.002042580 -0.010095445 0.965317607 -0.260875314
1770720175.759794474 -10.589810371 62.880714417 0.300793290 0.015780577 -0.015827456 0.914837658 -0.403202802
1770720177.859776258 -10.904874802 62.455242157 0.308697015 0.012283731 -0.016766051 0.874053836 -0.485384226
1770720178.860048056 -11.231886864 62.026451111 0.308343709 -0.007367657 0.009274320 -0.813234627 0.581815362
1770720179.759976864 -11.403188705 61.529953003 0.291806698 -0.002207868 0.006066652 -0.721232116 0.692663372
1770720181.059965372 -11.404847145 61.029228210 0.299519658 -0.013034841 0.019073483 -0.593123138 0.804780245
1770720182.559886932 -11.228985786 60.546909332 0.305436879 -0.015273660 0.023129670 -0.545586228 0.837596238
1770720184.059797764 -11.012575150 60.069725037 0.298126191 -0.013294281 0.020923482 -0.540602267 0.840912998
1770720186.059984446 -10.794078827 59.589836121 0.286539018 -0.015910747 0.020988539 -0.523560762 0.851581097
1770720189.559798479 -10.579539299 59.124153137 0.269630492 -0.011643760 0.015823891 -0.449331999 0.893148780
1770720192.959949970 -10.254175186 58.729957581 0.250792325 -0.011165537 0.015923489 -0.346844494 0.937721014
1770720198.259864569 -9.816869736 58.393871307 0.230512708 -0.013555170 0.012016694 -0.329342037 0.944036901
1770720200.459834099 -9.389809608 58.101997375 0.236478344 -0.011799468 0.012372674 -0.361761719 0.932113826
1770720201.960171223 -8.960710526 57.814937592 0.240371063 -0.012957329 0.010787582 -0.493767232 0.869430661
1770720202.759969711 -8.719802856 57.451583862 0.237103119 -0.018308053 0.016839949 -0.628559649 0.777363479
1770720203.459995031 -8.580655098 56.968322754 0.230654269 -0.015079385 0.021425027 -0.734619737 0.677972972
1770720204.759910345 -8.639871597 56.456626892 0.256522566 -0.004994852 0.005999754 -0.798094869 0.602481306
1770720206.759667158 -8.756352425 55.958816528 0.238249958 -0.007375727 0.004618014 -0.731776118 0.681489527
1770720207.959884644 -8.769653320 55.427005768 0.222387239 -0.015514097 0.008607714 -0.711343110 0.702621043
1770720208.559831142 -8.755180359 54.879745483 0.250557333 -0.018046333 0.017681098 -0.713454187 0.700246274
1770720209.459883690 -8.729399681 54.375026703 0.268350422 -0.026931642 0.018440843 -0.760868251 0.648085058
1770720210.259926319 -8.818797112 53.899883270 0.258619696 -0.015326658 0.010835689 -0.853270352 0.521130919
1770720211.059862375 -8.790906906 53.726047516 0.264604509 0.011976434 -0.006800338 0.932880759 -0.359921873
1770720211.759928703 -8.782517433 53.702102661 0.261574715 0.002761763 0.006195469 0.978789032 -0.204758644
1770720212.559902906 -8.758583069 53.635620117 0.261794776 0.005421916 0.008540733 0.999692261 -0.022649452
1770720213.260005713 -8.747963905 53.539962769 0.257376224 0.015205375 0.008567845 0.989685059 0.142192721
1770720214.058971405 -8.829114914 53.408260345 0.252527773 0.019007694 0.013544747 0.947405517 0.319183528
1770720214.858670712 -9.017078400 53.402828217 0.251737297 0.013209388 0.005585559 0.873839378 0.486003160
1770720215.659886599 -9.187098503 53.436500549 0.253911942 0.009883348 0.005160070 0.766751766 0.641846895
1770720216.459816933 -9.289008141 53.444141388 0.262663335 0.007928651 0.007452152 0.642194450 0.766464591
1770720217.958912849 -9.176759720 53.953540802 0.261327326 -0.000362211 0.010279510 0.576295853 0.817176402
1770720218.559727192 -9.000044823 54.426387787 0.268556893 -0.000157904 0.010356430 0.623008668 0.782146335
1770720219.259829998 -8.846938133 54.967327118 0.263564527 0.006220459 0.011971642 0.687206864 0.726336479
1770720219.959739685 -8.869751930 55.480152130 0.255642503 -0.003984861 0.003936958 0.724114537 0.689657032
1770720220.659948111 -8.954475403 56.006610870 0.263573885 -0.013121416 -0.006861768 0.730490327 0.682762504
1770720221.359749794 -9.001284599 56.528789520 0.258736193 -0.005210290 -0.006873782 0.733229101 0.679926991
1770720222.258685589 -9.048183441 57.062538147 0.274916053 -0.001622243 0.001811907 0.744606733 0.667499065
1770720223.659977198 -9.077450752 57.521720886 0.263898104 -0.002008206 0.001413064 0.855846882 0.517223299
1770720224.860000610 -9.168931007 57.791511536 0.239556998 -0.000753804 -0.007960374 0.928056121 0.372354537
1770720226.360002756 -9.548482895 58.148635864 0.245748922 0.000380599 -0.010335657 0.936986148 0.349213392
1770720227.259933233 -9.932157516 58.480815887 0.243962556 0.000125088 -0.008288270 0.934281886 0.356438905
1770720228.159946680 -10.325514793 58.819244385 0.272305876 0.000654077 -0.005286400 0.870746493 0.491703361
1770720228.759998798 -10.618077278 59.233848572 0.278385401 -0.006860918 -0.005295346 0.828110933 0.560497165
1770720229.259834051 -10.793050766 59.741107941 0.292044371 -0.001040485 0.000553517 0.810949743 0.585114658
1770720229.759775162 -10.930140495 60.267326355 0.301910222 0.003259637 0.000279832 0.808977246 0.587830961
1770720230.259836197 -11.090330124 60.789947510 0.317782670 -0.004839620 -0.002939140 0.806746125 0.590871096
1770720230.759880304 -11.255731583 61.283927917 0.309070706 -0.010106590 -0.010538400 0.805500329 0.592415392
1770720231.259828568 -11.413292885 61.792903900 0.329862505 -0.001227382 -0.012281615 0.810752928 0.585258424
1770720231.760062695 -11.547158241 62.290416718 0.348525077 0.003045480 -0.002248488 0.829507291 0.558483183
1770720232.459852695 -11.707208633 62.820613861 0.382376879 0.006618445 0.000305711 0.895325959 0.445362180
1770720233.059866905 -12.034069061 63.207073212 0.367895067 0.005889772 -0.003189721 0.947823644 0.318724722
1770720233.659791708 -12.507982254 63.471210480 0.360026330 0.000166301 -0.010846330 0.976143658 0.216854632
1770720234.259829760 -12.983866692 63.654693604 0.355977386 -0.000708128 -0.011300059 0.992415547 0.122405291
1770720234.859986305 -13.537325859 63.766799927 0.353968889 0.003700104 -0.017946169 0.997459233 0.068841994
1770720235.359886885 -14.081766129 63.827453613 0.378816873 -0.001483431 -0.014584306 0.999676824 0.020771567
1770720235.959825754 -14.665307045 63.861591339 0.384463757 -0.002651035 -0.008827710 0.999394000 -0.033566315
1770720236.659860849 -15.203786850 63.832252502 0.375572562 -0.005109289 -0.003424729 0.982620895 -0.185521603
1770720237.459898710 -15.667473793 63.568832397 0.324348420 -0.006026368 -0.008690790 0.928846002 -0.370314986
1770720238.159892559 -15.987456322 63.204742432 0.326256692 -0.006133356 0.007242915 -0.855120599 0.518342137
1770720238.959902525 -16.218055725 62.737987518 0.339059830 -0.002656285 0.007228414 -0.750196815 0.661169767
1770720239.759978771 -16.230241776 62.222599030 0.356319338 -0.000151257 0.011555262 -0.612914324 0.790064871
1770720240.460013151 -16.042762756 61.660129547 0.338901728 -0.015865738 0.029781541 -0.561526835 0.826770186
1770720241.059083939 -15.756718636 61.182136536 0.345551997 -0.037502911 0.037709318 -0.584645033 0.809544146
1770720241.859896183 -15.646327972 60.627254486 0.338401616 -0.027837232 0.027639447 -0.704107940 0.709008574
1770720242.459931612 -15.702040672 60.130283356 0.330920637 -0.006180143 0.008373242 -0.671973407 0.740502119
1770720243.159890652 -15.676783562 59.570426941 0.334547311 -0.007149584 0.008629138 -0.660241485 0.750969768
1770720243.760056257 -15.539338112 59.033409119 0.318538129 -0.017728368 0.023313258 -0.671692908 0.740250528
1770720244.358694315 -15.441942215 58.463634491 0.332189888 -0.022666020 0.027616747 -0.700769544 0.712492526
1770720244.959990740 -15.589404106 57.938835144 0.331991732 -0.002088715 0.013421189 -0.711571455 0.702482402
1770720245.460015774 -15.717213631 57.320770264 0.326569140 0.011167021 -0.008106428 -0.713362813 0.700659037
1770720245.860028505 -15.716892242 56.756958008 0.343538105 0.005818167 0.001791070 -0.715778470 0.698300898
1770720246.259939909 -15.702422142 56.224086761 0.326764494 -0.015138512 0.011537912 -0.717617273 0.696177483
1770720246.759931087 -15.689386368 55.684028625 0.362033367 -0.025107408 0.032578487 -0.716475010 0.696399212
1770720247.260088444 -15.737738609 55.155937195 0.339911819 -0.024213621 0.028728005 -0.718480408 0.694531739
1770720247.959955215 -15.825002670 54.662048340 0.408692211 -0.007095916 0.004129276 -0.650124192 0.759783566
1770720248.760084391 -15.780900955 54.311851501 0.393178076 -0.012907512 0.008014587 -0.508022308 0.861209869
1770720249.459169626 -15.603026390 53.973411560 0.368525922 -0.015733451 0.018613640 -0.357986599 0.933408558
1770720250.258745909 -15.306465149 53.705600739 0.354502469 -0.012919473 0.019414157 -0.182135403 0.982996881
1770720251.160010576 -14.789294243 53.533172607 0.323214680 -0.011977185 0.015372677 -0.146658391 0.988995254
1770720252.059948206 -14.483964920 53.410545349 0.324426055 -0.001076576 0.012443506 0.025464982 0.999597669
1770720252.860072851 -14.410390854 53.398902893 0.326208472 -0.010708022 0.007976023 0.208284304 0.977977157
1770720253.659952164 -14.398234367 53.342845917 0.309493303 -0.013753051 0.001427329 0.384843320 0.922878325
1770720254.460070372 -14.355388641 53.268417358 0.292113006 -0.007460224 -0.003551667 0.544125319 0.838963270
1770720255.259124994 -14.262719154 53.234649658 0.319094211 -0.000041273 -0.003677337 0.683171868 0.730248332
1770720256.060150862 -14.183786392 53.216766357 0.326894432 0.000780360 -0.000142085 0.810037971 0.586376846
1770720256.859967470 -14.108780861 53.223625183 0.330219716 0.005781469 0.003356663 0.901646674 0.432421803
1770720257.659986734 -14.214741707 53.487609863 0.302032590 0.015275009 0.005242017 0.964947820 0.261944532
1770720258.559166908 -14.662345886 53.756324768 0.326756358 0.015795145 0.005239515 0.985031724 0.171567887
1770720259.260079145 -15.197239876 53.906173706 0.331288159 0.004425428 0.001281102 0.978408515 0.206628680
1770720260.059071302 -15.678047180 54.065307617 0.367051661 0.011396055 -0.003184524 0.941182077 0.337692589
1770720260.858851194 -16.092353821 54.450336456 0.360221505 0.002344076 0.003885976 0.931185424 0.364517719
1770720261.560111284 -16.435756683 54.835670471 0.369602472 0.011218028 0.003949020 0.972544551 0.232412726
1770720262.260104179 -16.888633728 55.088817596 0.370853215 0.005100195 -0.002686881 0.996865332 0.078906924
1770720262.959095716 -17.423620224 55.134723663 0.381334394 0.002227962 -0.008440893 0.999224603 -0.038393278
1770720263.660193443 -17.978244781 55.027633667 0.391935468 0.009781703 -0.017044438 0.998841643 -0.043922316
1770720264.260044813 -18.497711182 54.981876373 0.399885505 0.007549878 -0.015081791 0.998822212 -0.045492750
1770720264.859436035 -19.011850357 54.937995911 0.407144159 0.003308924 -0.005543153 0.999047756 -0.043149889
1770720265.459088326 -19.560258865 54.882186890 0.417329371 0.005549947 -0.004656341 0.999092281 -0.041977644
1770720266.059040070 -20.085233688 54.822162628 0.405102164 0.003538040 -0.011378423 0.999211311 -0.037879776
1770720266.660123825 -20.616704941 54.754154205 0.422862977 0.004130294 -0.010559648 0.999116659 -0.040462814
1770720268.059031725 -21.135412216 54.782562256 0.391296595 0.003680653 -0.002911515 0.999122798 -0.041612908
1770720269.759349823 -21.645212173 54.764480591 0.377273887 0.017285343 -0.010547572 0.999039948 -0.038847059
1770720271.359109163 -22.155569077 54.701297760 0.400971651 0.016183067 -0.010160952 0.999023438 -0.039836779
1770720272.860205889 -22.658470154 54.672908783 0.412064642 0.015669445 -0.013008379 0.999024928 -0.039172154
1770720274.359106541 -23.166454315 54.623382568 0.421215326 0.016988302 -0.010979215 0.999480546 -0.025089463
1770720275.859165430 -23.671358109 54.613716125 0.434042931 0.020439830 -0.010423223 0.999175310 0.033500381
1770720277.358838320 -24.177745819 54.635551453 0.442115158 0.046300534 -0.015341894 0.998416960 0.028009910
1770720278.959110022 -24.680377960 54.676273346 0.494216144 -0.041293509 -0.023733355 0.998466074 0.028231991
1770720280.359274149 -25.203226089 54.728500366 0.475042790 0.014456918 -0.007640725 0.999246716 0.035193313
1770720281.058873892 -25.783611298 54.726287842 0.491221577 0.018521842 -0.013891770 0.999036789 0.037276030
1770720281.559449196 -26.391996384 54.741634369 0.519429326 0.010396738 -0.013914236 0.999294817 0.033287838
1770720281.958945990 -26.916042328 54.767368317 0.538430989 0.006030563 -0.013564691 0.999397099 0.031385958
1770720283.759170055 -27.442073822 54.812107086 0.540435612 0.005641433 -0.009527385 0.997159064 0.074505754
1770720285.459229708 -27.928501129 54.834785461 0.541406035 0.011357863 -0.006925459 0.968988538 0.246747211
1770720286.259304523 -27.942621231 54.746101379 0.537057042 0.018428531 0.001526059 0.909253418 0.415831983
1770720287.059251547 -27.987894058 54.683216095 0.527730823 0.022953598 0.000579705 0.818190813 0.574487984
1770720287.859261751 -28.118703842 54.588054657 0.510325551 0.020202411 0.006507499 0.704374492 0.709511161
1770720288.658960104 -28.230640411 54.623298645 0.525257766 0.012187902 0.003635042 0.560261786 0.828217983
1770720289.458873272 -28.294578552 54.762825012 0.514363110 0.006319250 0.000516965 0.392978758 0.919525683
1770720290.259461880 -28.193778992 54.952877045 0.517009020 0.000140297 0.000500969 0.219746083 0.975556970
1770720291.058892965 -27.994058609 55.115924835 0.520841599 -0.001423680 0.003214950 0.034262516 0.999406695
1770720291.859321117 -27.680189133 55.220161438 0.531994164 -0.009210697 -0.005506788 -0.142698035 0.989708066
1770720292.658994913 -27.133014679 55.060508728 0.529592991 -0.004302174 0.006825246 -0.142681614 0.989735723
1770720293.359410286 -26.626070023 54.902767181 0.518369734 -0.001918195 0.010390189 -0.121036410 0.992591858
1770720294.559242964 -26.094593048 54.823623657 0.520283222 -0.008610746 0.012953182 -0.082149863 0.996498585
1770720296.359220266 -25.598030090 54.743988037 0.475949883 -0.004786897 0.010426183 -0.057106972 0.998302162
1770720297.859286785 -25.093936920 54.717281342 0.459388703 -0.003023024 0.011327420 -0.026140055 0.999589562
1770720299.459378719 -24.592699051 54.738792419 0.435923785 -0.023208227 -0.005872033 -0.011058317 0.999652207
1770720300.958949327 -24.088348389 54.684959412 0.446771532 -0.004258081 0.023513831 -0.092362225 0.995438635
1770720302.459353685 -23.580303192 54.604011536 0.428517759 -0.005458416 0.006881761 -0.059336282 0.998199403
1770720303.459295750 -23.081565857 54.556327820 0.440271109 -0.008381904 0.005830649 -0.033137124 0.999398649
1770720304.059100389 -22.497406006 54.524074554 0.432876348 -0.006904223 0.007679310 -0.010930873 0.999886930
1770720304.659408808 -21.947877884 54.520401001 0.438977987 -0.006530553 0.011810370 0.043133039 0.998978198
1770720305.259327650 -21.414863586 54.564384460 0.428792834 -0.012066151 0.010859410 0.055082276 0.998349845
1770720305.859299660 -20.847608566 54.655769348 0.418155432 -0.010572941 0.009518125 0.058275357 0.998199165
1770720306.359460354 -20.345472336 54.714191437 0.401255071 -0.010196134 0.004457384 0.051711742 0.998600066
1770720306.859528065 -19.815933228 54.772815704 0.410847664 -0.005913934 0.000267572 0.049646944 0.998749256
1770720307.359459877 -19.314773560 54.822818756 0.408293754 -0.001824575 0.010026508 0.060998689 0.998085797
1770720307.959031820 -18.738737106 54.920528412 0.401630610 -0.001440794 0.009163944 0.102486871 0.994691074
1770720308.659156799 -18.205453873 55.032558441 0.411472976 0.005528320 0.008138984 0.231293678 0.972834229
1770720309.259418249 -17.725069046 55.267509460 0.384522974 0.003638853 0.012773100 0.291958481 0.956338763
1770720309.759431839 -17.329595566 55.602848053 0.384176612 0.001277807 0.010314760 0.338121027 0.941045225
1770720310.359350681 -16.898492813 55.968013763 0.381618828 0.002684766 0.009757040 0.389808238 0.920840442
1770720310.959470272 -16.520816803 56.333305359 0.382565051 0.008530850 0.016447054 0.439698696 0.897954226
1770720311.559600115 -16.222555161 56.793861389 0.385147065 0.007215874 0.013294709 0.524705350 0.851149499
1770720312.259210348 -15.969880104 57.310321808 0.367214680 0.008355963 0.007135525 0.617738783 0.786306620
1770720312.859143972 -15.933046341 57.825683594 0.367161781 -0.006593714 -0.006098210 0.614925802 0.788533807
1770720313.459332228 -15.791584969 58.366977692 0.367683262 -0.013924754 -0.012114166 0.622638524 0.782291889
1770720314.159537554 -15.577160835 58.891902924 0.347636431 0.008944077 0.009565030 0.674219429 0.738414943
1770720315.059501886 -15.536906242 59.453502655 0.344291538 0.005668235 0.008242553 0.738873243 0.673770189
1770720315.759445429 -15.678280830 59.996402740 0.354103684 -0.013638684 -0.014449400 0.740071595 0.672234476
1770720316.359460115 -15.707862854 60.528846741 0.342069626 -0.012991020 -0.007924877 0.745574713 0.666248322
1770720317.559409618 -15.751562119 61.030788422 0.356062829 -0.009514370 0.005631172 0.681982994 0.731284440
1770720318.459122181 -15.856032372 61.083633423 0.331941664 -0.008350417 -0.001347780 0.547504783 0.836759806
1770720319.259163380 -15.914943695 61.084114075 0.334712774 0.002729184 0.004547738 0.383652627 0.923462272
1770720320.059421778 -15.946219444 61.144828796 0.314984888 0.007903662 0.001846919 0.211660266 0.977309585
1770720321.059536219 -15.900406837 61.344150543 0.327350616 -0.002766130 -0.006019459 0.053287160 0.998557270
1770720325.959485054 -15.405716896 61.526165009 0.356588989 -0.000964481 -0.061596926 0.047098495 0.996988773
1770720326.759649754 -15.028914452 61.621822357 0.431509942 0.013129334 -0.236476719 0.047377143 0.970392585
1770720328.059519768 -14.585081100 61.721645355 0.720353186 0.010115364 -0.277051866 0.046428099 0.959679306
1770720329.959442854 -14.153799057 61.810256958 0.976705909 0.019170631 -0.289197206 0.033266503 0.956499219
1770720331.359608412 -13.758151054 61.813041687 1.292659760 0.033600625 -0.294051230 0.039664749 0.954374969
1770720332.659234047 -13.303180695 61.846672058 1.570588827 0.038513951 -0.290074229 0.049765691 0.954932988
1770720333.959629774 -12.863990784 61.879989624 1.856333375 0.028282121 -0.291361481 0.041512158 0.955293357
1770720335.359188557 -12.436418533 61.912048340 2.168218613 0.013456660 -0.284712374 0.029132234 0.958075702
1770720336.659543037 -11.986138344 61.919776917 2.416843653 0.011816924 -0.286052763 0.020076448 0.957930624
1770720337.959331751 -11.566336632 61.953720093 2.687299252 0.024100954 -0.309535384 0.040104941 0.949736059
1770720339.259266615 -11.154829979 61.945915222 3.008989096 0.037672691 -0.290331334 0.048401393 0.954958558
1770720340.159229755 -10.868099213 62.007568359 3.116860151 0.005189265 -0.144445404 0.033414077 0.988934815
1770720341.659480333 -10.406317711 62.028499603 3.237536192 0.003141057 0.008579980 0.048987143 0.998757601
1770720342.959515572 -10.166810036 62.122238159 3.222131252 -0.003610405 0.012355874 -0.149087682 0.988740146
1770720345.159612894 -9.694656372 61.938823700 3.215445757 0.000682781 0.013564781 -0.145619899 0.989247382
1770720345.659757853 -9.560427666 61.854881287 3.210438490 0.001980170 0.013995399 0.028789870 0.999485552
1770720347.359329939 -9.335283279 61.932044983 3.224673510 -0.000939708 -0.004037669 -0.140828907 0.990025282
1770720348.159653664 -9.161279678 61.925559998 3.227944613 -0.003416372 -0.003610200 -0.317212254 0.948341548
1770720349.159866095 -8.993347168 61.867424011 3.216068745 -0.003589193 -0.004382809 -0.478620738 0.878003478
1770720349.959680080 -8.848488808 61.768966675 3.223712444 -0.008010944 -0.003088304 -0.626623929 0.779274523
1770720350.759397745 -8.726852417 61.576885223 3.221534729 -0.016424110 0.004477036 -0.752269387 0.658635676
1770720351.659569263 -8.747418404 61.238872528 3.230085611 -0.015204754 0.003998835 -0.860164285 0.509774685
1770720352.959738731 -9.031150818 60.781879425 3.228660822 0.006731081 -0.004377163 0.906603754 -0.421906561
1770720354.059717178 -9.375386238 60.378356934 3.235107660 0.005756157 -0.002627897 0.954638362 -0.297700405
1770720355.059903622 -9.797891617 60.094825745 3.233070374 -0.001316237 -0.007177572 0.932799876 -0.360320926
1770720355.859754086 -10.124146461 59.906356812 3.229096889 0.003287195 -0.004957423 -0.862512767 0.506000578
1770720356.859678745 -10.296289444 59.404850006 3.219624996 -0.007767689 0.018383380 -0.855981290 0.516621530
1770720357.659749508 -10.468284607 58.924152374 3.211563110 0.014445799 -0.022981234 0.929315329 -0.368288219
1770720358.359741449 -10.909659386 58.563980103 3.204450369 0.006651247 -0.007930965 0.965333819 -0.260813087
1770720358.959810257 -11.369374275 58.362583160 3.220081568 -0.006309310 0.003777102 0.976657093 -0.214678586
1770720359.559507608 -11.858269691 58.122264862 3.215842485 -0.000384080 -0.000646785 0.985034049 -0.172358006
1770720360.159680367 -12.354434013 57.942913055 3.215716362 0.000263017 -0.001857210 0.987666965 -0.156558514
1770720360.759635448 -12.872188568 57.759796143 3.234804869 0.002358431 -0.003906603 0.989579797 -0.143912703
1770720361.359736681 -13.412955284 57.578201294 3.236767530 0.006094172 -0.004534105 0.990744293 -0.135528684
1770720361.959714174 -13.955097198 57.417537689 3.240932941 0.004866136 -0.002677943 0.992696345 -0.120512180
1770720362.559656382 -14.475802422 57.276153564 3.261771202 0.007784705 -0.001830981 0.995466352 -0.094777159
1770720363.159789562 -15.003119469 57.171726227 3.264736414 0.005572332 -0.002888023 0.998109460 -0.061140619
1770720363.759789228 -15.506732941 57.074005127 3.285774946 0.005045969 -0.004255751 0.999969125 0.004255731
1770720366.459968328 -15.031783104 56.857330322 3.222161293 0.025448930 -0.002676614 0.991281867 0.129249185
1770720367.559751987 -14.499246597 56.754203796 3.217812777 0.033675320 -0.014330862 0.997123599 0.066371500
1770720368.659727573 -13.986244202 56.761142731 3.211123705 0.036072966 -0.011744684 0.999280095 0.000389249
1770720369.959863663 -13.460430145 56.849185944 3.209870815 0.031825997 -0.009528112 0.996520281 -0.076443553
1770720371.259752512 -13.081354141 57.004692078 3.204799891 0.031739719 -0.016244400 0.968275487 -0.247328237
1770720372.459694624 -12.739039421 57.371021271 3.186344385 0.024279522 -0.010380011 0.943075240 -0.331529498
1770720373.759766579 -12.343025208 57.694252014 3.198005199 0.023431629 -0.010081527 0.942345858 -0.333666921
1770720374.959471226 -11.937479973 58.018627167 3.188894749 0.021959824 -0.012712146 0.944282830 -0.328155696
1770720376.659869432 -11.477662086 58.231914520 3.173804998 0.022700885 -0.010577997 0.981633306 -0.189126447
1770720378.660048485 -11.020502090 58.456825256 3.189645529 0.026163835 -0.019700585 0.953359246 -0.300055861
1770720380.559752941 -10.711702347 58.878021240 3.191700697 0.017973056 -0.010671539 0.916961253 -0.398428351
1770720381.659975529 -10.375567436 59.249122620 3.197944641 0.018548548 -0.012137848 0.913330376 -0.406615585
1770720382.859440327 -10.030473709 59.628936768 3.193694353 0.017829530 -0.014112997 0.913461447 -0.406289309
1770720384.159804106 -9.691103935 59.998153687 3.211795092 0.017854061 -0.014582342 0.915176153 -0.402394384
1770720385.559912920 -9.379007339 60.389652252 3.206274033 0.020125264 -0.016327804 0.894342661 -0.446631342
1770720387.059879780 -9.160003662 60.862380981 3.227604151 -0.028094167 0.011156121 -0.841212749 0.539858520
1770720388.959947586 -9.091246605 61.362739563 3.212244034 -0.020734176 0.002729437 -0.757032335 0.653042674
1770720389.859385252 -9.200582504 61.459857941 3.208467245 -0.012853678 0.001570081 -0.633430243 0.773691475
1770720390.659559011 -9.342894554 61.593605042 3.208802223 -0.011403396 -0.006590422 -0.500786304 0.865470767
1770720391.659438372 -9.485996246 61.641895294 3.198282719 -0.005846402 -0.006508223 -0.347266048 0.937725842
1770720392.959896326 -9.788001060 61.673744202 3.184675455 -0.001929351 -0.014540877 -0.190330178 0.981610537
1770720396.159561396 -10.289481163 61.794040680 3.201829195 -0.009084144 -0.011700701 -0.147215158 0.988993585
1770720403.859543085 -10.395559311 61.877285004 3.181518078 -0.008928920 0.001298425 0.034965068 0.999347806
1770720408.359945297 -10.868705750 61.906650543 3.015656948 0.003275687 -0.105215356 0.006013910 0.994425893
1770720411.059975386 -11.314508438 61.896049500 2.841679573 0.026222473 -0.243483901 -0.002902562 0.969546080
1770720413.959553957 -11.714842796 61.787696838 2.558233261 0.004820395 -0.270416141 0.004442591 0.962721229
1770720418.259564161 -12.127434731 61.795352936 2.243549585 0.035025943 -0.301364720 0.017789457 0.952699363
1770720423.359545946 -12.560308456 61.759346008 1.986679435 -0.006824189 -0.268899053 -0.000823974 0.963143826
1770720426.559706211 -12.995871544 61.712486267 1.694339514 0.028162483 -0.279114395 0.025419164 0.959508181
1770720432.559725761 -13.401017189 61.712860107 1.397704601 -0.004893980 -0.316373616 -0.004033037 0.948613465
1770720435.059947014 -13.843316078 61.748458862 1.138704658 0.011598113 -0.273878425 0.013054601 0.961605787
1770720438.059942484 -14.254211426 61.703395844 0.826038301 0.054183379 -0.299826950 0.022665683 0.952183902
1770720443.259918451 -14.666276932 61.675582886 0.522452354 -0.006815067 -0.276783317 0.017460315 0.960749567
1770720447.659647465 -15.090661049 61.623806000 0.261713058 0.019332632 -0.243165240 -0.007284331 0.969764829
1770720450.859738111 -15.549664497 61.631423950 0.199400723 -0.000374268 -0.059286967 -0.010298681 0.998187780
1770720453.259728670 -16.058216095 61.669616699 0.202730596 -0.010991874 -0.008723856 -0.010777930 0.999843419
1770720454.859963417 -16.558490753 61.691093445 0.228815004 -0.024943648 -0.021803603 -0.012546654 0.999372303
1770720456.059747458 -17.099668503 61.752326965 0.303281516 -0.006697794 -0.016442709 -0.012318956 0.999766469
1770720457.759766102 -17.535804749 61.770603180 0.325351179 0.001234052 -0.010087091 -0.175598547 0.984409392
1770720458.459756374 -17.470222473 61.896755219 0.342839181 -0.010706020 -0.003957063 -0.330712348 0.943662584
1770720459.259759426 -17.414766312 61.968925476 0.345002741 -0.011572041 -0.006318814 -0.493889183 0.869424880
1770720460.059673309 -17.331773758 62.006057739 0.345757574 -0.007644521 -0.004724488 -0.638813257 0.769309282
1770720460.859690666 -17.214296341 62.002208710 0.328614146 -0.012040968 0.000566354 -0.772930145 0.634376585
1770720461.659806490 -17.135898590 61.912437439 0.306801796 0.017384427 -0.001096303 0.878932595 -0.476627767
1770720462.459543943 -17.268575668 61.662300110 0.319492966 0.019904695 -0.009106331 0.951018393 -0.308358490
1770720463.259807348 -17.527326584 61.428554535 0.311598480 0.012999530 -0.006955386 0.992458582 -0.121690497
1770720464.059851646 -18.079214096 61.301391602 0.334871024 0.015808726 -0.008381037 0.998351574 0.054533787
1770720464.559948444 -18.651004791 61.366798401 0.351857483 0.007392918 -0.000121040 0.997626543 0.068459153
1770720465.059823275 -19.230743408 61.463939667 0.368864506 0.006680230 0.002319033 0.997780144 0.066218242
1770720465.559938431 -19.835533142 61.514453888 0.380634427 0.006595875 -0.002639597 0.998462260 0.054979119
1770720465.959856510 -20.346370697 61.545101166 0.394807458 0.000604002 -0.007545887 0.998630226 0.051771529
1770720466.359532833 -20.869857788 61.598033905 0.415419400 -0.002482461 -0.000985015 0.998903692 0.046735410
1770720466.759347200 -21.373468399 61.637779236 0.416105181 0.003290734 0.001167826 0.999594986 0.028245332
1770720467.159845829 -21.899848938 61.657058716 0.431121677 -0.000867132 -0.004366715 0.999867558 0.015653824
1770720467.659913301 -22.495697021 61.652843475 0.423664868 0.005054732 -0.005282850 0.999971569 -0.001823064
1770720468.059809208 -23.082389832 61.655853271 0.419161111 0.004924165 0.003363149 0.999814630 -0.018309830
1770720468.459989071 -23.732545853 61.603519440 0.424764901 -0.000040333 -0.008570559 0.999877036 -0.013132944
1770720468.859780550 -24.370702744 61.578605652 0.458289146 0.004192109 -0.001832867 0.999984384 -0.003199185
1770720469.259840965 -25.041545868 61.562896729 0.462427974 0.002157022 -0.003703926 0.999868333 0.015649421
1770720469.659845829 -25.640525818 61.529197693 0.487138629 -0.005319025 -0.013601078 0.999178946 0.037791483
1770720470.059901953 -26.191701889 61.586071014 0.488456130 0.006789956 -0.005987780 0.996948421 0.077536695
1770720470.459738731 -26.768033981 61.707954407 0.482814014 -0.002241159 0.005146734 0.994144857 0.107909188
1770720470.859931231 -27.349332809 61.816818237 0.498614728 -0.004943706 -0.006880469 0.990080476 0.140245795
1770720471.259756327 -27.883502960 61.994632721 0.506375611 0.003893479 -0.004931647 0.985690713 0.168446794
1770720471.759944916 -28.457416534 62.195659637 0.498927891 -0.001809225 0.001641876 0.988108456 0.153738901
1770720472.260024071 -28.981109619 62.359592438 0.495019019 0.004648022 0.002869980 0.993477046 0.113901801
1770720472.859962702 -29.542636871 62.491100311 0.506800056 0.001331990 0.000697160 0.999736845 0.022890234
1770720473.459755421 -30.148626328 62.486480713 0.487503737 0.007385358 -0.005497676 0.999801993 0.017641919
1770720473.959750652 -30.724761963 62.450763702 0.499403119 0.010898974 -0.013648134 0.999762118 0.013063055
1770720474.359897614 -31.245756149 62.455360413 0.493939996 0.006117169 -0.011854992 0.999779642 0.016207403
1770720474.859958649 -31.863847733 62.497200012 0.509446800 0.003786940 -0.004123966 0.999735415 0.022311958
1770720475.259853840 -32.412155151 62.518402100 0.502775550 0.004763992 0.001610446 0.999882340 0.014491119
1770720475.660084009 -32.960643768 62.518413544 0.526922941 0.000134247 -0.005724958 0.999935627 0.009797992
1770720476.159801960 -33.549259186 62.511917114 0.529448807 0.000803964 -0.005378841 0.999911666 -0.012125547
1770720476.759808302 -34.112056732 62.471233368 0.546248496 -0.001098880 -0.008014084 0.997961462 -0.063304693
1770720477.459734678 -34.666851044 62.337188721 0.536492407 -0.005188469 -0.011055347 0.983074665 -0.182797641
1770720478.059882164 -35.123573303 62.106849670 0.530798733 -0.006572930 -0.015437080 0.965253532 -0.260776013
1770720478.759854078 -35.571273804 61.847873688 0.526248932 -0.000355003 -0.016428120 0.908902526 -0.416684747
1770720479.359799385 -35.885890961 61.431030273 0.522463799 0.001593716 -0.016943404 0.869730175 -0.493234068
1770720479.959958792 -36.122951508 60.962970734 0.528020740 -0.004815606 0.020249277 -0.824075758 0.566096961
1770720480.559966564 -36.321636200 60.438533783 0.531544685 -0.010929132 0.028778512 -0.803041935 0.595126867
1770720481.259850740 -36.470508575 59.929832458 0.510281265 -0.012138434 0.025152594 -0.730496705 0.682344854
1770720481.859830141 -36.493568420 59.407455444 0.505052745 -0.009161907 0.021245450 -0.729376853 0.683720767
1770720482.359854698 -36.469711304 58.838500977 0.494661599 -0.020111755 0.035792932 -0.731498837 0.680605471
1770720482.859915972 -36.485012054 58.238441467 0.501780689 -0.023292830 0.046381608 -0.734855056 0.676235378
1770720483.359977961 -36.563980103 57.630241394 0.479567707 -0.015040377 0.032950535 -0.743304133 0.667972326
1770720483.859921694 -36.647220612 57.051784515 0.493403882 -0.009473305 0.017022694 -0.750574291 0.660498857
1770720484.360061407 -36.728546143 56.515178680 0.486608028 -0.000809068 0.015845582 -0.757317841 0.652853668
1770720484.959863663 -36.773365021 56.000942230 0.483513713 -0.005260381 0.014660852 -0.799217880 0.600839555
1770720485.759954691 -36.904815674 55.450260162 0.481288463 0.018377978 -0.022832531 0.878046274 -0.477677315
1770720486.459864616 -37.247207642 55.025405884 0.489119262 0.009277815 -0.012376424 0.939671040 -0.341729581
1770720487.159934521 -37.682151794 54.692707062 0.486048013 0.007312372 -0.000197347 0.982066870 -0.188390896
1770720487.759987116 -38.203048706 54.512649536 0.490085721 0.009168926 0.004111082 0.990515113 -0.137035966
1770720488.259795427 -38.689239502 54.378822327 0.490638822 0.001728718 0.002193834 0.996152461 -0.087592311
1770720488.859780073 -39.252403259 54.292751312 0.526772797 0.003042735 0.003311023 0.999421954 -0.033697829
1770720489.659796953 -39.807144165 54.247535706 0.538780451 0.010105236 0.008081391 0.989172518 0.146186084
1770720490.160045624 -40.311950684 54.346168518 0.531205237 0.009161049 0.002481933 0.987307847 0.158534452
1770720490.660043716 -40.866092682 54.569473267 0.541945696 0.006770477 0.007156594 0.990360737 0.138161451
1770720491.159895182 -41.363430023 54.728832245 0.546293199 0.005202118 0.005783478 0.993324995 0.115086526
1770720491.660056114 -41.911048889 54.844512939 0.551246524 0.007416686 0.001304242 0.996024251 0.088763475
1770720492.159983397 -42.494789124 54.908184052 0.570094943 0.004608539 -0.000917629 0.998237967 0.059151053
1770720492.659914970 -43.075294495 54.961448669 0.573466599 0.007134543 -0.000635266 0.999232233 0.038516242
1770720493.159823418 -43.654510498 55.008377075 0.597374856 0.007224942 -0.001982993 0.999935091 0.008584932
1770720493.560013056 -44.173194885 55.015567780 0.601881087 0.004130335 -0.009114366 0.999938786 0.004714717
1770720493.959868670 -44.692405701 55.016105652 0.610374033 -0.000253823 -0.001222076 0.999988079 -0.004719345
1770720494.359996796 -45.205493927 54.984714508 0.613119721 0.005799492 -0.008662878 0.999838173 -0.014663437
1770720494.759936571 -45.721923828 54.933998108 0.618384004 0.004527438 -0.018371731 0.999755502 -0.011444473
1770720495.159895658 -46.232326508 54.956115723 0.641302466 0.003931409 0.003247912 0.999888599 -0.014029321
1770720495.559957266 -46.782779694 54.925453186 0.648941875 0.011144699 -0.007983772 0.999795139 -0.014889418
1770720495.959934235 -47.300399780 54.870079041 0.653915644 0.008086221 -0.016006831 0.999749362 -0.013397503
1770720496.460031986 -47.894512177 54.859813690 0.675244689 0.008150494 -0.010123762 0.999843180 -0.012028787
1770720496.959814548 -48.474605560 54.854473114 0.686639369 0.001022175 -0.005051516 0.999923170 -0.011270706
1770720497.459969521 -49.011375427 54.828998566 0.685989141 0.003498810 -0.008739670 0.999269485 -0.037039358
1770720498.060079336 -49.603904724 54.774753571 0.681895375 0.003437567 -0.006680066 0.996612608 -0.081895351
1770720498.659745216 -50.146457672 54.643299103 0.696169436 0.006298761 -0.016228881 0.990625560 -0.135491624
1770720499.359894037 -50.664054871 54.492240906 0.702336907 0.005239781 -0.008449830 0.959305286 -0.282195777
1770720500.159889460 -51.098407745 54.179565430 0.696292460 0.006236722 -0.014371190 0.890126586 -0.455443978
1770720500.859898806 -51.251533508 53.901855469 0.706752419 -0.010827815 0.026647806 -0.798799872 0.600908875
1770720501.759905815 -51.364028931 53.353870392 0.699435711 -0.013830198 0.023886334 -0.714109719 0.699489415
1770720502.259966135 -51.317443848 52.841896057 0.688384414 -0.023017140 0.038895402 -0.707091391 0.705676436
1770720502.859931707 -51.298412323 52.342128754 0.690417826 -0.029493567 0.042330224 -0.704193771 0.708130956
1770720503.559917688 -51.311698914 51.792465210 0.708803535 -0.016162395 0.034415685 -0.708107233 0.705080509
1770720504.359874964 -51.307205200 51.218910217 0.680578709 -0.016734479 0.031432424 -0.660057366 0.750370741
1770720505.259888411 -51.214168549 50.681072235 0.683400154 -0.013906755 0.032587573 -0.532221437 0.845863461
1770720506.160038233 -50.934402466 50.202148438 0.684881985 -0.011071051 0.027942171 -0.441782534 0.896618545
1770720506.859684944 -50.706470490 49.896133423 0.671503246 -0.010827858 0.027329300 -0.284042805 0.958360851
1770720507.660006762 -50.276153564 49.628723145 0.630303860 -0.000450949 0.019840943 -0.114058763 0.993275762
1770720508.459997416 -49.760601044 49.554683685 0.604781210 -0.002894893 0.012072191 -0.059041932 0.998178303
1770720509.059895515 -49.255878448 49.527446747 0.604920387 -0.000707857 0.010411561 -0.006556685 0.999924064
1770720509.660010815 -48.700508118 49.525253296 0.577388525 -0.000298295 0.008756150 0.002311159 0.999958932
1770720510.159980059 -48.191867828 49.533866882 0.582550645 0.001541661 0.014924310 0.002460745 0.999884427
1770720510.759999752 -47.603149414 49.542736053 0.590023637 0.000774635 0.013991024 0.003339061 0.999896228
1770720511.259940863 -47.093883514 49.551330566 0.553253174 0.002990720 0.012709079 0.033287939 0.999360561
1770720511.759904861 -46.553298950 49.608951569 0.545617640 -0.000764780 0.010665293 0.072575286 0.997305632
1770720512.259770632 -46.020923615 49.676059723 0.557896256 -0.002564781 0.015361601 0.107469082 0.994086444
1770720512.860030413 -45.446022034 49.839260101 0.547733486 -0.008757317 0.012773585 0.110733293 0.993729472
1770720513.359904766 -44.850215912 49.973403931 0.529459417 -0.010274640 0.008128533 0.100222349 0.994878769
1770720513.859950542 -44.252922058 50.103721619 0.532760382 -0.000853541 0.003901571 0.078928165 0.996872306
1770720514.359921932 -43.708045959 50.180385590 0.520314574 0.007032821 0.013028852 0.054264307 0.998416841
1770720514.860078096 -43.159667969 50.230815887 0.521278083 0.009954087 0.008850730 0.059062224 0.998165429
1770720515.259805441 -42.642852783 50.297359467 0.545474410 -0.000161645 0.011465832 0.059163261 0.998182476
1770720515.759926319 -42.033737183 50.404190063 0.514866114 -0.007015353 0.008027705 0.049214873 0.998731315
1770720516.259852409 -41.447689056 50.463310242 0.527799666 -0.007014544 0.005657671 0.040633705 0.999133468
1770720516.659748077 -40.930545807 50.517509460 0.500860274 -0.003215394 0.010622925 0.037485935 0.999235511
1770720517.059937000 -40.427558899 50.567562103 0.505300105 -0.004199272 0.011908975 0.042380132 0.999021769
1770720517.559914112 -39.790111542 50.590042114 0.489612609 -0.000267251 0.012937987 0.032810621 0.999377787
1770720518.059730768 -39.210399628 50.646915436 0.493148893 -0.004848973 0.007449734 0.027468001 0.999583185
1770720518.460093498 -38.694751740 50.704441071 0.480737478 -0.005219042 0.006489415 0.032784574 0.999427736
1770720518.959794283 -38.095203400 50.764106750 0.472345144 -0.004078196 0.004358140 0.038602784 0.999236822
1770720519.460037231 -37.507450104 50.786766052 0.473783165 -0.005577259 0.008853446 0.053083096 0.998535275
1770720520.060001135 -36.921764374 50.823974609 0.463055938 -0.002673589 0.010774058 0.096043110 0.995315254
1770720520.659894466 -36.389919281 50.973049164 0.439540833 -0.004154996 0.008612365 0.146167502 0.989213645
1770720521.259979010 -35.898242950 51.136470795 0.416077524 -0.005262431 0.003375666 0.212905720 0.977052748
1770720521.959826469 -35.410633087 51.357826233 0.429088444 0.003412939 0.003514304 0.362688601 0.931897521
1770720522.659905195 -35.024738312 51.746860504 0.426873833 0.000841864 0.002179339 0.506365478 0.862315834
1770720523.359865904 -34.786029816 52.243083954 0.407494187 0.005941727 0.009335170 0.638123453 0.769854546
1770720523.959967613 -34.721878052 52.742992401 0.446009338 -0.007215737 -0.005861583 0.667072475 0.744934857
1770720524.660044670 -34.762474060 53.294219971 0.403077364 -0.019171281 -0.023660801 0.666140258 0.745204508
1770720525.359801769 -34.693435669 53.836662292 0.415374875 -0.018879609 -0.012702751 0.686083317 0.727167010
1770720526.159891129 -34.660972595 54.346874237 0.433281332 -0.012506001 -0.007598466 0.711474895 0.702559114
1770720528.559870243 -34.643394470 54.174465179 0.366414756 0.012809126 -0.005105318 0.801989436 0.597178996
1770720531.459910631 -34.669750214 54.677284241 0.374759704 -0.009245271 0.019131528 0.791018426 0.611423254
1770720533.059772730 -34.788272858 55.099994659 0.437366873 0.080456749 -0.053049948 0.742474914 0.662905276
1770720533.959799767 -34.849655151 55.457000732 0.506558478 0.160950869 -0.163030520 0.711727381 0.664048254
1770720535.559924603 -34.884029388 55.914337158 0.761193097 0.209035411 -0.172438160 0.713598490 0.646023631
1770720537.159893751 -34.905330658 56.333461761 1.077150345 0.226841956 -0.182304084 0.706071138 0.645578444
1770720538.659847975 -34.942813873 56.745029449 1.374831080 0.229194656 -0.192296952 0.702621222 0.645612180
1770720540.059930563 -34.987457275 57.182334900 1.614467621 0.226015106 -0.208132371 0.698391438 0.646411359
1770720541.359165668 -34.994003296 57.570549011 1.936275601 0.241731286 -0.204345614 0.700407743 0.639716983
1770720542.659881353 -35.004528046 58.002868652 2.238158941 0.231616706 -0.179410681 0.709703982 0.640691578
1770720544.059019804 -35.036922455 58.460945129 2.517219067 0.240161270 -0.199561238 0.699478328 0.642828047
1770720545.259913683 -35.065361023 58.870735168 2.819852829 0.202046648 -0.168118164 0.711052358 0.652164102
1770720546.559929371 -35.062252045 59.253932953 2.970723391 0.043223113 -0.049777254 0.736634433 0.673070371
1770720547.358731270 -35.095958710 59.524978638 3.032177925 -0.002696734 0.001404153 0.797982335 0.602673113
1770720547.859990597 -35.042903900 59.650371552 3.036884785 -0.002732088 0.004000331 0.895991802 0.444044113
1770720548.359064102 -34.995784760 59.715053558 3.043660879 -0.005070772 -0.004438386 0.964771628 0.263002485
1770720549.158874035 -35.000694275 59.720428467 3.040450811 -0.004470970 -0.008942914 0.995550394 0.093698308
1770720551.559912443 -35.510978699 59.773315430 3.055494547 -0.013174017 -0.005269316 0.983343303 0.181203485
1770720552.058706284 -35.629844666 59.883354187 3.051234484 -0.012568018 -0.003210192 0.999867082 -0.009879071
1770720553.659977436 -36.169567108 59.800678253 3.076471090 -0.027681094 -0.015475357 0.995980322 -0.083770543
1770720554.258769035 -36.403022766 59.791793823 3.089382648 -0.019968696 -0.005329895 0.969722033 -0.243335471
1770720554.758980513 -36.558197021 59.813438416 3.063269377 -0.011541443 -0.004102614 0.899209082 -0.437347651
1770720555.259165525 -36.640621185 59.825744629 3.057281494 0.002931202 0.009956871 -0.797943175 0.602643251
1770720556.359267473 -36.647895813 59.719619751 3.035986900 -0.006664638 0.009660251 -0.676340222 0.736495912
1770720557.759093761 -36.657905579 59.294895172 3.112206221 -0.094772413 -0.103227012 -0.681240261 0.718522072
1770720558.759994030 -36.632007599 58.868598938 3.217527628 -0.208768308 -0.213674188 -0.653359473 0.695615172
1770720560.059111595 -36.602779388 58.432624817 3.493962288 -0.195197180 -0.228968352 -0.643522620 0.703811169
1770720561.360021353 -36.500598907 57.998802185 3.782832861 -0.214874744 -0.226398960 -0.637452304 0.704433799
1770720562.660026789 -36.474765778 57.565227509 4.058245659 -0.199197769 -0.221408933 -0.647037387 0.701883793
1770720563.959099054 -36.404014587 57.180496216 4.295387745 -0.105731577 -0.093954049 -0.676579058 0.722657800
1770720565.358998775 -36.371913910 56.741783142 4.410793781 -0.003679002 0.001662297 -0.726298153 0.687367857
1770720566.059149265 -36.311687469 56.481998444 4.391038418 0.006581916 0.015483134 -0.822432756 0.568613589
1770720566.959297180 -36.423812866 56.198001862 4.425643444 -0.012097159 -0.027177367 0.904045701 -0.426399320
1770720568.458781004 -36.778701782 55.820888519 4.430375099 -0.018556751 -0.007353601 0.923260093 -0.383656532
1770720569.759131193 -37.101753235 55.372928619 4.378131866 0.010399638 -0.025716027 0.926517129 -0.375228733
1770720570.858792067 -37.483085632 55.039035797 4.413361073 -0.005290101 -0.002769604 0.940788150 -0.338942587
1770720572.359171152 -37.896770477 54.718105316 4.432251930 0.003548981 -0.003512504 0.982326448 -0.187109038
1770720573.059121847 -38.432415009 54.511528015 4.424417973 -0.003274273 -0.003315137 0.983424962 -0.181255654
1770720573.859199762 -38.929130554 54.326801300 4.441819191 -0.006755808 0.000235501 0.988760233 -0.149356708
1770720574.559118986 -39.407226562 54.161464691 4.428809166 -0.000269817 -0.002719631 0.994939029 -0.100443259
1770720575.259366751 -39.901710510 54.018104553 4.442120552 0.006954100 -0.003823909 0.999950171 -0.006049890
1770720576.059064150 -40.457508087 54.010597229 4.443213940 0.006266756 0.002835088 0.993994713 0.109211378
1770720576.759292841 -40.970340729 54.176620483 4.460906506 0.002362957 0.009157115 0.994432330 0.104952209
1770720577.559214830 -41.532737732 54.276290894 4.455171108 0.002622687 -0.006279934 0.996842206 0.079115875
1770720578.259161949 -42.095275879 54.341495514 4.464783669 0.008252048 -0.003575846 0.997543216 0.069474608
1770720578.958918810 -42.631351471 54.422168732 4.466212273 0.009680437 -0.001694867 0.997894824 0.064105146
1770720579.659149408 -43.166156769 54.527103424 4.481821537 0.006973153 0.003289060 0.997650504 0.068073928
1770720580.259160995 -43.688919067 54.592178345 4.480170727 0.005880878 -0.002539024 0.997875690 0.064830959
1770720580.859127998 -44.227939606 54.648986816 4.498922825 0.004101411 -0.000912763 0.998058259 0.062145531
1770720581.459182024 -44.779914856 54.716667175 4.499701023 0.001297051 -0.004386071 0.998428166 0.055859704
1770720582.059142113 -45.287281036 54.756992340 4.522540569 0.004833370 -0.003810969 0.999707401 0.023392629
1770720582.659251451 -45.804180145 54.789978027 4.525562286 0.001588878 -0.003299238 0.999985874 0.003856301
1770720583.259089470 -46.311203003 54.779872894 4.516371250 0.002211025 -0.008098936 0.999951899 -0.005075812
1770720583.859172106 -46.856662750 54.758869171 4.520620346 0.006468226 -0.009155155 0.999877453 -0.010928646
1770720584.359282255 -47.424076080 54.741447449 4.540047169 0.009350015 -0.009885751 0.999718130 -0.019455690
1770720584.859403610 -48.031719208 54.745708466 4.552345276 0.004279543 -0.009012828 0.999447167 -0.031714220
1770720585.359258652 -48.578800201 54.709880829 4.559383869 0.002820443 -0.009547977 0.998975933 -0.044135712
1770720585.959160328 -49.165393829 54.640045166 4.563539028 0.001275442 -0.015229292 0.996936440 -0.076707877
1770720586.559038401 -49.679069519 54.522686005 4.566001892 0.005827249 -0.014633824 0.993034124 -0.116769738
1770720587.159184456 -50.198436737 54.386318207 4.571265221 0.004265148 -0.014131705 0.982165515 -0.187437817
1770720587.959170103 -50.709793091 54.166614532 4.593585491 0.002782022 -0.014167477 0.929298341 -0.369047642
1770720588.759404421 -51.069816589 53.759422302 4.587409496 0.001331695 0.015677817 -0.846013904 0.532928705
1770720589.458884716 -51.275794983 53.221706390 4.594841003 -0.006647612 0.017667424 -0.759235919 0.650541782
1770720589.959150076 -51.327747345 52.712341309 4.580556870 -0.014502961 0.027597565 -0.746295154 0.664884686
1770720590.458998680 -51.302249908 52.166339874 4.567463875 -0.032589804 0.049777541 -0.735506773 0.674899876
1770720591.059242725 -51.337566376 51.631729126 4.605971813 -0.035007711 0.045465112 -0.703448057 0.708426595
1770720591.759411335 -51.379806519 51.118690491 4.622253895 -0.015929742 0.021411862 -0.644335508 0.764277160
1770720592.559274673 -51.275016785 50.565509796 4.572929859 -0.017588295 0.016142095 -0.555094123 0.831444860
1770720593.359237432 -51.003734589 50.078548431 4.586016655 -0.026980463 0.028695835 -0.478402317 0.877256989
1770720594.159140825 -50.746448517 49.623180389 4.593573093 -0.018761776 0.018350370 -0.430231243 0.902337134
1770720595.259041071 -50.554901123 49.376323700 4.577769756 -0.016459899 0.015083592 -0.258846670 0.965660393
1770720596.159296513 -50.383277893 49.217880249 4.559394836 -0.013918918 0.014504787 -0.089427151 0.995790422
1770720597.659202337 -49.874229431 49.078159332 4.524971962 -0.010554451 0.011478536 0.019258443 0.999692917
1770720598.359414101 -49.362495422 49.120140076 4.516674042 -0.007227778 0.010027807 0.010830548 0.999864936
1770720598.959446669 -48.846893311 49.143493652 4.505897045 -0.004074805 0.010332560 -0.005174475 0.999924898
1770720599.659379244 -48.305767059 49.134880066 4.471161366 0.003915533 0.005668175 -0.005735133 0.999959826
1770720600.359325409 -47.758808136 49.153121948 4.467371464 -0.000860505 0.006842378 0.011116801 0.999914408
1770720601.159412384 -47.205444336 49.155654907 4.473868847 -0.000858980 0.006090915 0.028379379 0.999578297
1770720601.958981752 -46.643302917 49.190174103 4.489730358 -0.001818966 0.007537277 0.024226010 0.999676406
1770720602.659703016 -46.126815796 49.221683502 4.488895416 -0.006546200 0.003527777 0.023887403 0.999687016
1770720603.359256029 -45.572704315 49.295520782 4.449583054 -0.012146776 0.002602044 0.026641075 0.999567866
1770720603.959258318 -45.069133759 49.323928833 4.457248211 -0.009800676 -0.000226467 0.013292560 0.999863565
1770720604.559095621 -44.511062622 49.353565216 4.450927734 -0.002283894 0.003694257 0.013160255 0.999903977
1770720605.259439468 -43.959953308 49.348030090 4.457440853 -0.002606560 0.004765825 0.046924934 0.998883665
1770720606.059289932 -43.386627197 49.391914368 4.441610336 0.007371476 0.007616507 0.145287395 0.989332676
1770720606.759519815 -42.923107147 49.580341339 4.420032024 -0.001341131 0.003165496 0.143365145 0.989663899
1770720607.659208536 -42.398796082 49.767154694 4.439047813 -0.006626448 0.001462511 0.113957398 0.993462443
1770720608.459128380 -41.894908905 49.871696472 4.447701931 -0.002890131 0.001816196 0.100444570 0.994936764
1770720609.459307194 -41.399517059 49.975551605 4.440223217 -0.003482914 0.005996156 0.158790201 0.987287998
1770720610.659296989 -40.928951263 50.189029694 4.432463169 -0.009807686 0.001850573 0.141140908 0.989939213
1770720611.659569502 -40.427082062 50.355064392 4.425977707 -0.005400204 -0.009605946 0.063191950 0.997940540
1770720612.459404469 -39.903339386 50.431621552 4.434479713 -0.004010254 0.003603654 0.029448466 0.999551773
1770720615.459461689 -39.767082214 50.396579742 4.422440052 -0.011645529 -0.008115183 0.181714952 0.983248830
1770720616.259590387 -39.734771729 50.301803589 4.393373013 -0.012994749 -0.013589108 0.357187629 0.933843374
1770720617.159337044 -39.637947083 50.267326355 4.395647049 -0.008790406 -0.007417956 0.509070277 0.860648096
1770720618.259300947 -39.361263275 50.739395142 4.398552418 0.005873976 0.007054361 0.517876089 0.855406344
1770720619.759436369 -39.122596741 51.233078003 4.407052517 0.002997389 0.004010821 0.585543215 0.810625732
1770720620.659449339 -38.985256195 51.725059509 4.403510571 0.002513035 0.001924279 0.587540209 0.809188783
1770720621.359608650 -38.842281342 52.209278107 4.405578136 0.000711729 -0.000115373 0.587878644 0.808948755
1770720622.359601974 -38.694225311 52.702762604 4.419546127 0.002420187 -0.000367514 0.514649510 0.857397139
1770720623.359505177 -38.421394348 53.175762177 4.401087761 0.004823994 0.000180114 0.495762229 0.868444860
1770720624.359397650 -38.131797791 53.625762939 4.400935173 0.005561850 0.004461828 0.522360563 0.852694929
1770720625.059644699 -37.891220093 54.109596252 4.407730103 0.008909833 0.002543986 0.525872767 0.850512743
1770720626.159151554 -37.674388885 54.575855255 4.416520596 0.009028419 0.003361936 0.423060238 0.906050384
1770720627.259489059 -37.456249237 54.885379791 4.423990250 0.007377354 -0.003852156 0.267651439 0.963479817
1770720628.259420872 -37.017749786 55.156394958 4.431913853 0.005629815 0.001766606 0.101514801 0.994816542
1770720629.059626818 -36.591854095 55.257270813 4.423280239 0.000153230 -0.002239465 -0.071174242 0.997461379
1770720629.859613657 -36.343460083 55.271705627 4.419780731 -0.000493099 0.003032837 -0.248316944 0.968673944
1770720630.659446001 -36.322296143 55.335075378 4.421696663 0.000551872 -0.006764852 -0.416865468 0.908942878
1770720633.559510708 -36.474967957 55.539989471 4.323242188 -0.001123945 -0.011173959 -0.567171037 0.823523521
1770720636.659717798 -36.508468628 56.059169769 4.314205647 -0.006886299 -0.002016723 -0.717015386 0.697020352
1770720639.259670973 -36.489521027 56.576034546 4.311932564 -0.018112145 0.002015665 -0.642756283 0.765853941
1770720642.160006762 -36.495399475 57.082920074 4.283397198 -0.059797850 -0.039253063 -0.694079220 0.716336131
1770720645.359797239 -36.493141174 57.487712860 4.063179016 -0.183559909 -0.142426208 -0.681876838 0.693588197
1770720652.159536839 -36.530181885 57.906650543 3.749324083 -0.203977004 -0.200652078 -0.652684510 0.701523364
1770720657.359866381 -36.409809113 58.360881805 3.489655256 -0.239184648 -0.188803524 -0.664969444 0.681879401
1770720659.959431648 -36.440986633 58.784210205 3.210862637 -0.209324509 -0.209737599 -0.671897411 0.678783655
1770720662.059686422 -36.437549591 59.255249023 2.983048916 -0.163133278 -0.141620710 -0.694718838 0.686073542
1770720663.659464598 -36.473117828 59.568847656 2.975937128 -0.050344203 -0.046341497 -0.701960623 0.708921134
1770720665.159628153 -36.429191589 59.644546509 3.037994385 -0.011300322 -0.006677039 -0.783214748 0.621612728
1770720665.559167385 -36.342746735 59.598392487 3.055905819 0.014880762 0.003927730 0.876020372 -0.482028455
1770720667.259917259 -36.085838318 59.762237549 2.984135151 0.010884915 0.003403733 0.956642091 -0.291042596
1770720669.459784031 -35.615879059 59.832397461 2.964204550 0.016857410 0.004966984 0.993831515 -0.109499261
1770720669.959797144 -35.504119873 59.743343353 2.975232124 0.012568706 -0.027020827 0.997566998 0.063023090
1770720670.459769964 -35.462566376 59.604709625 2.959237814 0.021049449 -0.017270945 0.969969392 0.241698280
1770720673.359801054 -35.137378693 59.409046173 2.942281008 0.014995717 -0.005264173 0.913014948 0.407616407
1770720673.759550095 -35.197929382 59.334674835 2.962999582 -0.002720208 -0.003143350 0.835597575 0.549326360
1770720674.259699583 -35.301013947 59.282718658 3.003580332 0.012638665 -0.007867067 0.730904996 0.682316840
1770720678.759735107 -35.113479614 58.945255280 2.769864798 0.134156257 -0.116844781 0.710892856 0.680426955
1770720681.459818363 -35.034626007 58.522834778 2.497735739 0.218003377 -0.194496334 0.684658587 0.667748749
1770720684.659951925 -34.967277527 58.103691101 2.209476233 0.202903554 -0.193157077 0.696184754 0.660944283
1770720688.659813404 -34.923130035 57.670715332 1.943929911 0.235799730 -0.205855459 0.683084965 0.659861267
1770720691.259118080 -34.858200073 57.266807556 1.627596140 0.222989351 -0.195208549 0.684692264 0.665857315
1770720693.559931040 -34.806640625 56.849544525 1.340501547 0.208937600 -0.194366813 0.689849198 0.665337980
1770720695.759419203 -34.720523834 56.439407349 1.042854071 0.235665843 -0.204951599 0.681541443 0.661783636
1770720696.660057783 -34.641784668 56.204231262 0.892645061 0.205861107 -0.082083806 0.730815589 0.645594299
1770720696.959953308 -34.606616974 56.058689117 0.896604657 0.199817002 -0.200737566 0.682875931 0.673392951
1770720699.659893274 -34.440509796 55.722099304 0.521193027 0.207933903 -0.188347727 0.685474813 0.671872675
1770720703.059397936 -34.497817993 55.267795563 0.310897648 0.134913504 -0.161695659 0.695548713 0.686924279
1770720705.659474134 -34.509616852 54.886314392 0.249665186 0.043308962 -0.033307675 0.714510143 0.697488546
1770720707.559817791 -34.516593933 54.709625244 0.320275903 0.003942739 0.002634385 0.809034526 0.587741971
1770720708.059632063 -34.419319153 54.749652863 0.316006750 0.009871594 0.001329498 0.902609289 0.430345476
1770720710.659471989 -34.381576538 54.827239990 0.363280058 0.016965320 -0.000351074 0.961377501 0.274709642
1770720712.859954834 -34.567173004 54.924465179 0.390810162 0.012749278 -0.000577392 0.994864345 0.100409634
1770720714.059627056 -34.690746307 55.028091431 0.412459731 0.011285413 -0.004702905 0.997168601 -0.074198030
1770720715.259508133 -35.193897247 54.924007416 0.424451739 0.002083373 -0.003905779 0.985481858 -0.169723213
1770720716.459595919 -35.704536438 54.739219666 0.429154694 0.003376606 -0.004862615 0.996230304 -0.086545967
1770720717.259955406 -35.842414856 54.613479614 0.438621879 0.008431438 -0.004242661 0.996165097 0.086982831
1770720718.059629679 -36.011486053 54.599998474 0.411213994 0.013310827 -0.000825746 0.965598345 0.259695888
1770720718.859553814 -36.166374207 54.620063782 0.409573853 0.015463633 0.001086282 0.902247250 0.430940479
1770720719.660042524 -36.327274323 54.736656189 0.416110545 0.020482095 0.001442943 0.806184351 0.591307938
1770720721.059636354 -36.438968658 55.247100830 0.420848548 0.012664116 0.004030418 0.724995852 0.688624918
1770720722.159393787 -36.467559814 55.777889252 0.412908584 0.007602130 -0.003072734 0.754677415 0.656044781
1770720722.959854126 -36.548240662 56.299434662 0.436806411 0.003908193 -0.001669985 0.777762771 0.628543496
1770720723.659661531 -36.701972961 56.775852203 0.436656535 -0.003262444 -0.010190742 0.778836131 0.627136171
1770720724.359550238 -36.786346436 57.277004242 0.457609236 -0.004495713 -0.007427037 0.700084746 0.714007020
1770720725.059763432 -36.741542816 57.844902039 0.463806182 0.004038763 -0.006393198 0.673531413 0.739119947
1770720725.659685850 -36.676818848 58.373874664 0.471479714 0.007411547 -0.003933451 0.688163280 0.725507379
1770720726.259362936 -36.666812897 58.934825897 0.482229352 0.010178886 -0.002709411 0.704453707 0.709671795
1770720726.859674215 -36.696521759 59.516872406 0.500836849 0.009013986 -0.006575692 0.736030400 0.676856518
1770720727.459726334 -36.743160248 60.041328430 0.515308976 0.004210276 -0.005535880 0.809705675 0.586794972
1770720728.159461498 -36.942741394 60.566814423 0.519206107 0.003863179 -0.007994556 0.894429207 0.447121352
1770720728.859646320 -37.317852020 60.991580963 0.495116740 -0.003932366 -0.016772993 0.947376430 0.319657773
1770720729.559851646 -37.766433716 61.275581360 0.510253906 -0.007159877 -0.021463223 0.947205484 0.319827825
1770720730.359686136 -38.203792572 61.600021362 0.532342076 -0.001180326 -0.014324542 0.946034729 0.323746443
1770720731.159592628 -38.651084900 61.922912598 0.532297730 0.000751501 -0.017444314 0.946767688 0.321443647
1770720731.759763956 -39.041229248 62.245574951 0.533218384 0.004214396 -0.008972319 0.957688451 0.287636131
1770720732.459408045 -39.542423248 62.526538849 0.551139474 0.001531612 -0.008642107 0.989836395 0.141939759
1770720733.059757471 -40.078464508 62.657794952 0.549606681 0.003334008 -0.010881280 0.999765575 0.018418740
1770720733.659761667 -40.651893616 62.648704529 0.555402458 0.003808715 -0.013875114 0.998607934 -0.050746519
1770720734.259699583 -41.219551086 62.578102112 0.558640659 0.000972087 -0.013205340 0.993179500 -0.115840763
1770720734.859664679 -41.763877869 62.418422699 0.549703062 0.004403108 -0.014024233 0.984402835 -0.175313964
1770720735.359747648 -42.343669891 62.203788757 0.550146103 0.006118718 -0.016067486 0.983774781 -0.178582266
1770720735.759685278 -42.880649567 62.033477783 0.567425251 -0.003046067 0.004648932 0.985794127 -0.167865992
1770720736.059538364 -43.345001221 61.830856323 0.575870156 -0.001413334 -0.011285103 0.988675833 -0.149635151
1770720736.359615803 -43.810890198 61.647811890 0.590300202 -0.002539632 -0.009367316 0.992286921 -0.123581618
1770720736.759940147 -44.417774200 61.440521240 0.607824385 0.010856976 -0.012344338 0.995016336 -0.098347649
1770720737.159753561 -45.073600769 61.323135376 0.627284110 0.007100489 -0.013205242 0.997900426 -0.063007399
1770720737.559768915 -45.664184570 61.278511047 0.644837558 -0.015923090 0.006629900 0.999630213 -0.021021167
1770720737.959688902 -46.271533966 61.239048004 0.655069292 0.006916384 -0.000697164 0.999728739 -0.022227623
1770720738.359564066 -46.898418427 61.246833801 0.670877874 0.002899738 -0.006384293 0.999837339 -0.016618311
1770720738.759672642 -47.494270325 61.232555389 0.672449708 -0.000084163 0.003067137 0.999557793 -0.029576430
1770720739.159582138 -48.104663849 61.125423431 0.709294736 0.009188444 -0.008967437 0.997799397 -0.065050073
1770720739.559717178 -48.686241150 61.050388336 0.719440758 0.005997883 -0.014226913 0.994574845 -0.102871448
1770720739.959530830 -49.200622559 60.956050873 0.731229246 -0.005604255 -0.000076450 0.990887761 -0.134573087
1770720740.359470129 -49.765956879 60.745780945 0.732346237 0.011012067 -0.009363671 0.985362470 -0.169858366
1770720740.759788752 -50.357650757 60.527599335 0.741927683 0.005832885 -0.017273607 0.983736217 -0.178691536
1770720741.159708977 -50.919502258 60.312259674 0.778300643 0.000913207 -0.004939446 0.983653963 -0.179999068
1770720741.559626102 -51.421569824 60.101295471 0.771715701 0.009910028 -0.008979391 0.983821750 -0.178650439
1770720741.959922075 -51.898021698 59.905567169 0.762791991 0.005944452 -0.015907818 0.987184107 -0.158679366
1770720742.459694862 -52.495025635 59.726837158 0.790342748 0.007794762 -0.008792110 0.988681734 -0.149567187
1770720742.859832287 -52.976348877 59.555641174 0.794028401 0.007937178 -0.013602288 0.989878178 -0.141043544
1770720743.359469175 -53.482273102 59.382198334 0.819698691 0.009604289 -0.011314652 0.991956472 -0.125706330
1770720743.859928370 -54.064048767 59.242813110 0.834817410 0.008984441 -0.012188068 0.996135235 -0.086517945
1770720744.359842777 -54.665313721 59.178421021 0.831437051 0.005285176 -0.006390268 0.999146640 -0.040463191
1770720744.859857082 -55.235073090 59.124267578 0.849862635 0.008424764 -0.006323216 0.999943793 -0.001205228
1770720745.359922409 -55.801044464 59.108879089 0.854893208 0.004071650 -0.005971817 0.998915315 0.045999162
1770720745.859777212 -56.389823914 59.142265320 0.859330952 0.009082941 -0.007281123 0.997947872 0.062964581
1770720746.259387970 -56.905117035 59.240753174 0.873278558 0.006241448 -0.006447431 0.998093307 0.061067872
1770720746.759769440 -57.526557922 59.339073181 0.876766741 0.005640265 -0.002264359 0.998001575 0.062896706
1770720747.159858227 -58.031154633 59.397014618 0.900997221 0.004163933 -0.002345231 0.998707533 0.050600413
1770720747.659760952 -58.648273468 59.437477112 0.891105473 0.006256935 -0.007613495 0.999902308 0.009913392
1770720748.159477472 -59.240043640 59.436687469 0.914531767 0.009103478 -0.011094518 0.999503732 -0.028041294
1770720748.659787893 -59.794975281 59.394943237 0.911303222 0.002780068 -0.015877459 0.996977985 -0.075993426
1770720749.259784460 -60.374710083 59.277538300 0.930892408 0.002828657 -0.018049838 0.991630197 -0.127811283
1770720749.859836817 -60.865222931 59.131668091 0.932108760 0.002310384 -0.022951070 0.970552444 -0.239782840
1770720750.559599400 -61.322025299 58.873470306 0.942900836 0.003336864 -0.018741729 0.921174288 -0.388684422
1770720751.259719372 -61.678638458 58.505668640 0.913228989 -0.004048681 0.014176346 -0.846942604 0.531479955
1770720751.859849930 -61.855312347 58.008541107 0.889759839 -0.007914201 0.021737304 -0.770335376 0.637219131
1770720752.459693909 -61.868377686 57.481372833 0.883462191 -0.018197402 0.038499676 -0.710412621 0.702495873
1770720753.059706926 -61.845928192 56.981002808 0.901903689 -0.025321621 0.043702003 -0.715094864 0.697200358
1770720753.659790277 -61.860004425 56.450366974 0.889658988 -0.025335314 0.042663150 -0.740346730 0.670391500
1770720754.259859800 -61.952117920 55.910110474 0.881127894 -0.017475985 0.030413950 -0.771363616 0.635427237
1770720754.859820604 -62.076457977 55.383354187 0.875090957 -0.010237803 0.023763018 -0.789045691 0.613789380
1770720755.759677887 -62.204650879 54.846607208 0.878824532 -0.010020691 0.016266093 -0.773655474 0.633318424
1770720756.459795475 -62.294120789 54.277980804 0.866963625 -0.009047402 0.026644858 -0.764248133 0.644308150
1770720757.059699297 -62.367214203 53.768970490 0.850318134 -0.010444725 0.031503130 -0.758624256 0.650682509
1770720757.759804487 -62.446399689 53.230972290 0.843462884 -0.014657081 0.037163623 -0.729853988 0.682434678
1770720758.459835529 -62.527359009 52.702079773 0.812798262 0.000708601 0.008342956 -0.654962063 0.755615354
1770720759.059799433 -62.384178162 52.163887024 0.797058284 -0.008889144 0.022805668 -0.659256577 0.751519561
1770720759.659885406 -62.294811249 51.612411499 0.799404621 -0.013351874 0.030516418 -0.654311180 0.755491495
1770720760.259829521 -62.207046509 51.024723053 0.791922152 -0.012705219 0.028061854 -0.653835177 0.756009638
1770720760.859784603 -62.130741119 50.497123718 0.769630432 -0.006825051 0.026647022 -0.653506160 0.756421149
1770720761.459702015 -62.065250397 49.933082581 0.748691201 -0.007016236 0.024267413 -0.654600441 0.755552888
1770720762.059833050 -61.985721588 49.343296051 0.739597797 -0.005152108 0.017382594 -0.654855788 0.755536377
1770720762.559861660 -61.891769409 48.806171417 0.728582501 -0.010521719 0.017701775 -0.654097915 0.756129503
1770720763.159840345 -61.801040649 48.218429565 0.731444657 -0.011403540 0.021296399 -0.642467797 0.765931845
1770720763.759701490 -61.699172974 47.670120239 0.724532545 -0.007539948 0.033185244 -0.598009646 0.800766051
1770720764.459681034 -61.571083069 47.143638611 0.702114046 -0.005722793 0.025946060 -0.461830616 0.886570096
1770720765.259882212 -61.285942078 46.800586700 0.691675603 -0.009847252 0.022163140 -0.295672834 0.954981327
1770720766.159898281 -60.764507294 46.563133240 0.669676244 -0.012758094 0.024503658 -0.168623865 0.985293269
1770720766.859873056 -60.241241455 46.413223267 0.654378116 -0.013439242 0.017601080 -0.170066655 0.985183716
1770720767.559754133 -59.762550354 46.223690033 0.646414876 -0.004145407 0.013399289 -0.172582239 0.984895229
1770720768.259881020 -59.240680695 46.035877228 0.629121363 -0.008845437 0.009567320 -0.176279142 0.984254003
1770720768.959771872 -58.709312439 45.836643219 0.616223872 -0.007753925 0.012935856 -0.173783153 0.984668434
1770720769.859716415 -58.200992584 45.646251678 0.616630971 -0.005382410 0.009672863 -0.160828561 0.986920297
1770720770.859752178 -57.685993195 45.498710632 0.596030831 -0.012733111 0.009153334 -0.062208146 0.997939944
1770720771.859736204 -57.156967163 45.477581024 0.584650755 -0.014926785 0.002818510 -0.027031815 0.999519169
1770720774.159739494 -56.620422363 45.440196991 0.554653704 -0.004100970 0.000215305 -0.020234950 0.999786854
1770720774.859722614 -56.105590820 45.444278717 0.553843319 -0.004544804 -0.003381166 0.031277902 0.999494672
1770720775.359807730 -55.585754395 45.462383270 0.546991587 -0.002356718 0.000783185 0.033536013 0.999434412
1770720775.759896994 -55.068084717 45.503299713 0.550501883 -0.003818519 0.001506242 0.034537461 0.999394953
1770720776.159676790 -54.498157501 45.569519043 0.547518194 -0.015580519 0.004889778 0.032724898 0.999330997
1770720776.559784174 -53.944854736 45.635749817 0.548434377 -0.012663933 0.008485089 0.030791651 0.999409556
1770720776.959961891 -53.429920197 45.698005676 0.552016139 -0.009094219 0.005569555 0.041739330 0.999071598
1770720777.359766722 -52.838253021 45.717071533 0.538680494 -0.007586268 0.011288595 0.034500249 0.999312162
1770720777.859733582 -52.236904144 45.720535278 0.550655007 0.002970412 0.013165893 0.030895256 0.999431491
1770720778.359887838 -51.716186523 45.753345490 0.535301030 0.003399781 0.015541941 0.024870727 0.999564052
1770720778.859778404 -51.199924469 45.842189789 0.531851232 -0.005495751 0.004869884 0.032478545 0.999445438
1770720779.359705448 -50.668190002 45.894824982 0.539099276 -0.009398040 0.000471820 0.039581530 0.999172032
1770720779.759925842 -50.156658173 45.930339813 0.526470959 -0.005952956 0.005123022 0.032946806 0.999426246
1770720780.259799957 -49.548370361 45.958709717 0.538100719 -0.003516574 0.002453289 0.028259208 0.999591470
1770720780.759876966 -48.934711456 46.001613617 0.537638128 -0.003046131 0.007739943 0.024654625 0.999661446
1770720781.259713173 -48.333900452 46.044513702 0.525937498 -0.004049083 0.005614693 0.031809520 0.999469995
1770720781.759778976 -47.765457153 46.092350006 0.529069543 -0.002789601 -0.001009306 0.037668757 0.999285877
1770720782.259777546 -47.180191040 46.114131927 0.542914152 -0.004451784 0.007334408 0.034934446 0.999352753
1770720782.859901428 -46.590824127 46.205696106 0.544581294 -0.012393798 0.002734075 0.033612173 0.999354362
1770720783.359747171 -46.017910004 46.244300842 0.533710659 -0.014203069 -0.002338408 0.029920619 0.999448597
1770720783.859897614 -45.459381104 46.253971100 0.539171875 -0.006075539 -0.004254731 0.027054293 0.999606431
1770720784.459781170 -44.876281738 46.206642151 0.535206735 -0.001845680 0.000290986 0.026396105 0.999649823
1770720785.059796333 -44.304824829 46.219474792 0.532474875 -0.005511161 0.001492819 0.019591482 0.999791801
1770720785.459721804 -43.754653931 46.291088104 0.525923848 -0.009998880 -0.000385619 0.029421588 0.999517024
1770720785.859818459 -43.182010651 46.370452881 0.562079430 -0.019373128 0.002143388 0.033223864 0.999257863
1770720786.259937286 -42.602413177 46.397754669 0.557538748 -0.008352296 -0.005878388 0.032053284 0.999433994
1770720786.659710407 -42.031982422 46.395309448 0.543433666 0.007253517 0.004711132 0.032986730 0.999418378
1770720787.059940100 -41.430385590 46.437339783 0.567857087 -0.006697508 0.006397050 0.027442465 0.999580503
1770720787.459842443 -40.865097046 46.459648132 0.558843374 -0.002907752 0.004425394 0.022231132 0.999738812
1770720787.859933853 -40.267650604 46.492549896 0.553141475 -0.000806950 0.004123563 0.025077449 0.999676704
1770720788.259938717 -39.670654297 46.559349060 0.553886712 -0.011175328 0.006429967 0.024413701 0.999618769
1770720788.659786701 -39.026847839 46.564430237 0.557728648 -0.001032898 0.001428752 0.016660545 0.999859691
1770720788.959883928 -38.521820068 46.586444855 0.566722631 -0.001907193 -0.003191906 0.007462495 0.999965250
1770720789.359946728 -37.877098083 46.633178711 0.569200337 -0.009437894 0.001574242 -0.008958864 0.999914110
1770720789.659925461 -37.374691010 46.620239258 0.572215915 -0.002974121 0.001520284 -0.016578106 0.999857008
1770720790.059911251 -36.745708466 46.615859985 0.594471753 -0.009897335 0.008919964 -0.021377197 0.999682724
1770720790.459907532 -36.114368439 46.568767548 0.598505497 -0.001557670 0.003798104 -0.031509284 0.999495029
1770720790.859787226 -35.484348297 46.519992828 0.580514431 0.005445326 0.002711374 -0.026462238 0.999631286
1770720791.259760618 -34.843772888 46.516201019 0.586943686 -0.009760258 0.004248709 -0.013311424 0.999854743
1770720791.659762621 -34.236118317 46.503639221 0.573233485 -0.008500307 -0.001247017 -0.011017415 0.999902368
1770720792.059952259 -33.569774628 46.526226044 0.584494054 -0.005774584 0.001264563 -0.003670799 0.999975801
1770720792.459717989 -32.913928986 46.534210205 0.595086515 -0.010822841 0.007684710 0.003248732 0.999906600
1770720792.859964371 -32.272674561 46.505645752 0.602683485 -0.004463725 0.000974736 -0.003395742 0.999983788
1770720793.259665489 -31.635208130 46.498924255 0.590029001 0.001267366 0.001793858 -0.003700588 0.999990702
1770720793.659864664 -30.991327286 46.520935059 0.605218232 -0.011404706 0.008072304 0.000553969 0.999902189
1770720794.059813738 -30.370939255 46.518539429 0.605683684 -0.006965138 0.003750998 -0.003617014 0.999962151
1770720794.459903717 -29.746978760 46.523670197 0.584329188 0.001020612 0.003958963 0.010002613 0.999941587
1770720794.859846115 -29.110685349 46.555286407 0.584788620 -0.008283844 0.007208216 0.018260008 0.999772966
1770720795.259886503 -28.471948624 46.556003571 0.594682634 0.000011813 0.002714063 0.020848492 0.999778986
1770720795.559900999 -27.962966919 46.581478119 0.593418539 -0.002087281 -0.002518106 0.022394616 0.999743879
1770720795.959807396 -27.338350296 46.649482727 0.585421801 -0.008063461 0.004222580 0.032228883 0.999439061
1770720796.359822989 -26.695281982 46.678535461 0.602147400 0.001800923 0.011458432 0.033326317 0.999377191
1770720796.759796143 -26.066486359 46.756263733 0.600344479 -0.004134389 -0.001931635 0.041687910 0.999120295
1770720797.159824610 -25.422016144 46.825214386 0.591192544 -0.010147376 0.001194696 0.037215352 0.999255002
1770720797.559886456 -24.789257050 46.855888367 0.601763189 0.003207808 0.008600017 0.033523984 0.999395788
1770720797.959790468 -24.156185150 46.925758362 0.596874058 -0.001634906 -0.002856543 0.041571375 0.999130130
1770720798.359897375 -23.545877457 46.999935150 0.599936247 -0.010713825 -0.000766017 0.034095578 0.999360859
1770720798.759862900 -22.887836456 47.051311493 0.610218644 -0.003471112 0.003194258 0.034411654 0.999396622
1770720799.059871197 -22.389810562 47.098281860 0.614102721 -0.009312095 0.004518860 0.042867925 0.999027133
1770720799.459848404 -21.764038086 47.134624481 0.623569310 -0.000902938 0.001921053 0.035796460 0.999356866
1770720799.859823942 -21.116901398 47.171379089 0.609951556 0.003073537 0.004165825 0.032097060 0.999471366
1770720800.259925604 -20.477226257 47.240154266 0.620962441 -0.010198406 0.006020568 0.030416135 0.999467194
1770720800.659889460 -19.849725723 47.277946472 0.623953223 -0.005396177 0.000285117 0.013054445 0.999900162
1770720801.059819698 -19.229776382 47.296558380 0.619752347 -0.000220503 0.003258064 0.005957951 0.999976933
1770720801.459901571 -18.593013763 47.333583832 0.618152618 -0.006570155 0.005729976 -0.007594591 0.999933124
1770720801.860141993 -17.935253143 47.284477234 0.632857502 0.003086197 0.003582396 -0.017707217 0.999832034
1770720802.260050774 -17.276149750 47.246280670 0.628640234 0.005868003 0.004624784 -0.022074612 0.999728382
1770720802.659924030 -16.638919830 47.250110626 0.644712627 -0.006107789 0.008578842 -0.017057337 0.999799073
1770720803.060023546 -16.005260468 47.235401154 0.635757744 -0.003160870 0.002660458 -0.020127483 0.999788880
1770720803.459774256 -15.364134789 47.219390869 0.631458700 0.001518954 0.004962663 -0.015333808 0.999868929
1770720803.859847546 -14.726776123 47.216899872 0.640968919 -0.009201580 0.010418067 -0.010493769 0.999848306
1770720804.259835720 -14.110233307 47.191741943 0.636585951 -0.001102192 0.003926911 -0.019115066 0.999808967
1770720804.659913540 -13.467335701 47.171672821 0.613973141 0.000411502 0.005337097 -0.015464763 0.999866068
1770720805.059826851 -12.823810577 47.201545715 0.634911060 -0.012351720 0.008748037 -0.016071731 0.999756277
1770720805.459913015 -12.172850609 47.189651489 0.630009353 -0.006911409 -0.004860089 -0.016534586 0.999827623
1770720805.859899998 -11.525548935 47.143486023 0.605782628 0.003580358 0.003555681 -0.014533670 0.999881625
1770720806.159973145 -11.025395393 47.131740570 0.622153699 -0.003984773 0.006715052 -0.018803857 0.999792695
1770720806.559933662 -10.404365540 47.086952209 0.637865186 0.007025810 0.011099941 -0.025717454 0.999582946
1770720806.959918022 -9.759803772 47.091304779 0.628700912 -0.003112513 -0.001346789 -0.017072298 0.999848485
1770720807.359886169 -9.126740456 47.099617004 0.621775925 -0.005390460 0.009545310 -0.019837378 0.999743104
1770720807.759800434 -8.513452530 47.050392151 0.619944215 0.003411710 0.012527271 -0.022059523 0.999672353
1770720808.159867287 -7.876962185 47.027462006 0.604582608 0.000264303 0.001893513 -0.002783892 0.999994278
1770720808.559816122 -7.213390350 47.012603760 0.603143096 0.000904091 0.008294170 0.005025256 0.999952555
1770720808.960006237 -6.557673454 47.025878906 0.604249835 0.002421580 0.013812917 0.011890374 0.999830961
1770720809.359930038 -5.923891068 47.086036682 0.599657774 -0.003618043 0.001469817 0.036615841 0.999321759
1770720809.759820938 -5.278060913 47.172897339 0.582740605 -0.010520093 0.008752841 0.041848276 0.999030232
1770720810.159885406 -4.648187160 47.211242676 0.591487944 0.002675519 0.011989295 0.038434703 0.999185562
1770720810.559938431 -4.021293640 47.284732819 0.578310013 -0.003877590 0.003907923 0.041991439 0.999102771
1770720810.959817886 -3.383749247 47.333602905 0.570975125 -0.008369449 0.008523800 0.031935118 0.999418557
1770720811.359880209 -2.770774603 47.363727570 0.556156039 0.001290667 0.012376523 0.027704388 0.999538720
1770720811.759904861 -2.120921850 47.450328827 0.571905732 -0.007699245 0.000037691 0.032512013 0.999441683
1770720812.059948921 -1.621897817 47.484222412 0.570789039 -0.007323358 -0.000423689 0.033850752 0.999399960
1770720812.459957123 -0.981071889 47.503566742 0.553613007 0.003101142 0.007716360 0.036742356 0.999290168
1770720812.860019207 -0.330686003 47.558303833 0.570849955 -0.006963364 0.013286510 0.036563385 0.999218762
1770720813.259871483 0.295098066 47.602687836 0.568811417 -0.003045607 0.008242416 0.030806912 0.999486744
1770720813.659879923 0.928557396 47.649822235 0.551394641 0.000466043 0.006829996 0.033263389 0.999423146
1770720814.059805870 1.556386828 47.721660614 0.552455425 -0.012001600 0.010490111 0.037344206 0.999175310
1770720814.459913969 2.189396143 47.765037537 0.542306602 -0.004246481 0.005663975 0.031322800 0.999484241
1770720814.859941483 2.824929237 47.781997681 0.520849288 0.006877194 0.008293212 0.037771694 0.999228299
1770720815.159776211 3.330313683 47.829799652 0.534342885 -0.001963760 0.009838371 0.030136723 0.999495447
1770720815.560023546 3.983787775 47.874092102 0.530157030 0.001931515 0.014665773 0.024037309 0.999601603
1770720815.959941626 4.610461235 47.933090210 0.519468963 -0.004198679 0.005043558 0.033653367 0.999412000
1770720816.359923124 5.254033089 47.989704132 0.503873646 -0.008942304 0.011302249 0.033396460 0.999338269
1770720816.759824514 5.884966373 48.016857147 0.508695126 0.003360701 0.016903138 0.029335378 0.999421060
1770720817.159924269 6.513742924 48.072032928 0.493223697 -0.002700085 0.006707764 0.036535501 0.999306202
1770720817.559927464 7.148073196 48.130481720 0.477137357 -0.008865000 0.013559349 0.030950930 0.999389589
1770720817.959956646 7.774310589 48.162307739 0.457379401 0.000089476 0.017329901 0.028185707 0.999452472
1770720818.359840393 8.416607857 48.250484467 0.458718628 -0.006280306 0.008807694 0.033428490 0.999382555
1770720818.659864187 8.916234016 48.294284821 0.447066337 -0.005516659 0.006209767 0.034956191 0.999354362
1770720819.059932947 9.552375793 48.306308746 0.433369130 0.003721711 0.012638506 0.035381701 0.999287009
1770720819.359846592 10.051061630 48.350688934 0.431782633 -0.003004706 0.012017424 0.029743148 0.999480844
1770720819.759998560 10.680105209 48.381034851 0.433437705 0.005584217 0.016413106 0.025762532 0.999517739
1770720820.159792662 11.306694031 48.453075409 0.427123338 -0.001411556 0.002783131 0.034074232 0.999414444
1770720820.559857845 11.948024750 48.522846222 0.407636911 -0.007379435 0.016017508 0.025088979 0.999529660
1770720820.959767818 12.572409630 48.548999786 0.408359021 0.000031006 0.018672522 0.002898389 0.999821484
1770720821.359934568 13.184627533 48.565540314 0.385097414 0.000078638 0.006387912 -0.015286101 0.999862731
1770720821.759860039 13.862401962 48.521846771 0.383168876 0.001527890 0.015349080 -0.044955418 0.998869896
1770720822.159023046 14.517389297 48.445888519 0.395467430 0.005537905 0.018766340 -0.070095621 0.997348368
1770720822.559833527 15.141915321 48.398902893 0.378821999 0.001014462 0.007707524 -0.067799740 0.997668684
1770720822.959945440 15.792210579 48.319759369 0.358306319 -0.004401124 0.013278340 -0.066486873 0.997689247
1770720823.359838009 16.431531906 48.216960907 0.362099230 0.005897003 0.016588410 -0.058590382 0.998126864
1770720823.759849072 17.041982651 48.161525726 0.343539625 0.000897319 0.005615155 -0.036339533 0.999323308
1770720824.159911394 17.674932480 48.126892090 0.321644574 -0.006321721 0.014308923 -0.021512320 0.999646187
1770720824.559764624 18.311929703 48.107959747 0.296270400 -0.000150646 0.018099442 0.003568335 0.999829829
1770720824.959913015 18.951173782 48.178504944 0.299278110 -0.007049986 0.009192454 0.030521151 0.999467015
1770720825.260042191 19.454267502 48.224582672 0.286819011 -0.008779280 0.005305960 0.039870143 0.999152184
1770720825.659881353 20.110900879 48.259128571 0.272481918 -0.000939671 0.010181197 0.049875069 0.998703122
1770720826.059984922 20.757434845 48.334480286 0.277490050 -0.008457915 0.016449595 0.050790858 0.998538017
1770720826.459209204 21.379833221 48.385303497 0.273177505 -0.003236917 0.010448487 0.046275206 0.998868823
1770720826.860070229 22.008888245 48.454051971 0.248001993 0.000667042 0.012591915 0.047527388 0.998790324
1770720827.259833097 22.632728577 48.546173096 0.253228724 -0.011336753 0.015528208 0.052012637 0.998461366
1770720827.659917593 23.269001007 48.604690552 0.237377658 -0.005272317 0.008939331 0.045932919 0.998890638
1770720828.060043097 23.890438080 48.636943817 0.210954353 0.005281217 0.011372986 0.052169636 0.998559535
1770720828.459770203 24.546758652 48.721130371 0.219816387 -0.005928090 0.011741950 0.045072496 0.998897135
1770720828.859943867 25.199186325 48.793632507 0.215111703 -0.004118790 0.006875911 0.043916799 0.999003053
1770720829.259987354 25.840120316 48.856712341 0.194025710 -0.003972875 0.012200346 0.046105091 0.998854160
1770720829.659927845 26.468437195 48.952995300 0.199373916 -0.011610009 0.019190960 0.046437040 0.998669386
1770720830.060053349 27.093294144 48.996742249 0.185653836 -0.001116498 0.009138213 0.039452802 0.999179006
1770720830.460057020 27.722522736 49.042816162 0.156489447 0.002766877 0.011445976 0.041598223 0.999065042
1770720830.859985113 28.320745468 49.106819153 0.154378250 -0.005901532 0.013549753 0.046927597 0.998788953
1770720831.259833813 28.892593384 49.148151398 0.145109698 -0.003145210 0.012593189 0.036412708 0.999252558
1770720831.660082340 29.479381561 49.212524414 0.128472805 -0.000799957 0.009617984 0.039935812 0.999155641
1770720832.059918642 30.018697739 49.271110535 0.133791208 -0.007264351 0.012737505 0.044707596 0.998892486
1770720832.459787607 30.553474426 49.294578552 0.124293797 0.000015085 0.010505903 0.023046063 0.999679208
1770720832.859910727 31.091146469 49.326335907 0.111300513 0.004016083 0.010678919 0.017319392 0.999784887
1770720833.260038376 31.630092621 49.374519348 0.117528543 -0.009508194 0.011791551 0.021273866 0.999658942
1770720833.659958601 32.140983582 49.389022827 0.107869647 0.000001477 0.006819391 0.013099580 0.999890924
1770720834.159976959 32.703273773 49.392353058 0.088195316 0.005324672 0.016028851 0.011167286 0.999795020
1770720834.660097599 33.231246948 49.422668457 0.079248056 0.003867264 0.007999245 0.017408788 0.999808967
1770720835.260039568 33.798614502 49.457195282 0.071104974 0.000784656 0.009790381 0.017092707 0.999805689
1770720835.959935427 34.359008789 49.514801025 0.065199897 -0.001138457 0.008536237 0.015089656 0.999849081
1770720836.559938431 34.883117676 49.533298492 0.053254850 0.000833816 0.006653649 0.016719472 0.999837756
1770720837.059967041 35.443054199 49.555484772 0.036039237 -0.001343514 0.002481459 0.020680496 0.999782145
1770720837.559864044 36.037006378 49.573345184 0.040779218 -0.002155546 0.001173172 0.021956259 0.999755979
1770720838.059789658 36.606258392 49.629142761 0.049647447 -0.009355301 0.002914421 0.023293961 0.999680638
1770720838.559907913 37.205081940 49.669174194 0.038845111 -0.007291852 0.003516292 0.020877542 0.999749243
1770720839.058801651 37.738113403 49.688991547 0.041399378 -0.007521340 -0.001243910 0.017596761 0.999816120
1770720839.559878588 38.297630310 49.722030640 0.042579528 -0.002416600 0.007019866 0.017671460 0.999816298
1770720840.060103655 38.886310577 49.734840393 0.026196407 0.001802127 0.002493220 0.024661761 0.999691129
1770720840.560139418 39.453952789 49.775375366 0.028735576 0.000935229 0.000932266 0.026146507 0.999657273
1770720841.059937716 39.962532043 49.808307648 0.025176497 -0.002809799 0.007829349 0.026333945 0.999618590
1770720841.560034275 40.489135742 49.840961456 0.023329170 -0.004912607 0.002572260 0.021312967 0.999757469
1770720842.060054779 41.081180573 49.893978119 0.034142233 -0.002503084 -0.001230991 0.013334858 0.999907196
1770720842.559837818 41.655387878 49.917961121 0.036593828 -0.003463028 -0.000826504 -0.001249767 0.999992847
1770720843.259883881 42.164283752 49.976627350 0.047750980 -0.009355501 -0.004233986 -0.059237871 0.998191118
1770720845.559952736 42.667053223 49.784934998 0.016210744 0.000442639 0.001933588 -0.188612640 0.982049584
1770720846.460000277 43.181247711 49.640670776 0.014069863 -0.005398857 -0.000369437 -0.181624591 0.983353019
1770720847.758890152 43.655185699 49.468730927 0.018000618 -0.003814743 -0.000099903 -0.227889359 0.973679543
1770720849.159012556 43.964355469 49.285633087 0.026814578 0.002982242 0.002834433 -0.389780611 0.920898557
1770720850.660003662 44.326229095 48.905342102 0.004660301 -0.005512563 0.004623848 -0.512889504 0.858424485
1770720851.559020519 44.546051025 48.440410614 0.005503902 -0.000572927 -0.000969379 -0.543647170 0.839313090
1770720852.459919453 44.801765442 47.954818726 0.013603932 -0.012360737 0.006698416 -0.602612078 0.797910392
1770720853.259240866 44.918373108 47.466762543 -0.000302395 0.000815129 0.001142107 -0.618603766 0.785701871
1770720853.959976196 45.018814087 46.921817780 0.005218548 0.001452211 0.000068539 -0.626376331 0.779519498
1770720854.658924818 45.178455353 46.384838104 0.014220991 -0.011179551 0.005422863 -0.627539873 0.778485298
1770720855.360132694 45.307758331 45.858783722 0.018304307 -0.005603234 0.013614719 -0.624724090 0.780706823
1770720856.858933449 45.445144653 45.365097046 0.024597919 -0.013374127 0.012715236 -0.682628453 0.730532587
1770720858.059187174 45.470226288 44.816211700 0.005284062 -0.007100570 0.007646014 -0.683682203 0.729705274
1770720858.959198713 45.511066437 44.253303528 0.001925019 -0.003999401 0.008006669 -0.682074308 0.731228054
1770720859.758800507 45.560420990 43.733863831 0.004568475 -0.006542627 0.011933331 -0.677705109 0.735207915
1770720860.559019804 45.603073120 43.180149078 -0.002345220 -0.004369129 0.009284114 -0.682234943 0.731061041
1770720861.159071445 45.652629852 42.587875366 0.006861298 -0.001578507 0.009020294 -0.680673063 0.732530117
1770720861.559387684 45.709003448 42.058094025 0.007853596 -0.006287139 0.011294766 -0.679135323 0.733899236
1770720861.959190845 45.786975861 41.470500946 0.004944995 -0.014722587 0.021801198 -0.681299984 0.731531441
1770720862.258816242 45.824119568 40.968345642 0.008613435 -0.008594788 0.020647012 -0.677201331 0.735457718
1770720862.559245825 45.892589569 40.449905396 0.010725457 -0.015428476 0.029865652 -0.679002583 0.733365834
1770720862.960022688 45.919479370 39.796020508 0.014613207 -0.001527835 0.016345447 -0.686251760 0.727178812
1770720863.359261751 45.961116791 39.158039093 0.004294240 -0.008823671 0.023681130 -0.684677362 0.728408039
1770720863.758772373 46.000957489 38.533412933 0.005056895 -0.010391542 0.024872892 -0.694082141 0.719390988
1770720864.159059286 45.998405457 37.914619446 -0.015737303 0.001322165 0.016634015 -0.695751905 0.718088329
1770720864.559243917 46.078983307 37.293483734 -0.003460264 -0.013632610 0.024446694 -0.690174103 0.723101854
1770720864.858820438 46.086021423 36.791053772 -0.007952368 -0.016675215 0.012716649 -0.690550983 0.722979605
1770720865.258712053 46.108245850 36.123817444 -0.015557137 -0.003698238 0.017437968 -0.688602209 0.724920154
1770720865.658983946 46.158313751 35.491123199 -0.001321742 -0.006341808 0.026920481 -0.688565731 0.724646330
1770720866.060016870 46.187351227 34.854835510 -0.010122706 -0.010584789 0.011503397 -0.694987237 0.718852103
1770720866.458725691 46.199542999 34.215988159 -0.023683051 -0.003734075 0.016775763 -0.690547109 0.723083198
1770720866.858965158 46.269611359 33.607006073 -0.019348476 -0.008340495 0.031795282 -0.689518690 0.723521650
1770720867.258742571 46.286510468 32.975227356 -0.036999572 -0.015246947 0.010721272 -0.695975304 0.717823744
1770720867.658875942 46.293060303 32.364204407 -0.050822496 -0.003689847 0.014621343 -0.687190413 0.726320803
1770720868.059182644 46.346313477 31.695783615 -0.041010365 -0.003097975 0.022814244 -0.690332294 0.723125994
1770720868.359123707 46.374904633 31.189624786 -0.045314267 -0.002703891 0.017945139 -0.694221616 0.719532549
1770720868.758979321 46.427776337 30.558944702 -0.047899555 -0.012454947 0.025151063 -0.688107252 0.725066006
1770720869.159284830 46.477203369 29.918201447 -0.065492205 -0.010966196 0.025281994 -0.689467788 0.723791838
1770720869.559146643 46.466705322 29.295438766 -0.065812998 -0.001201123 0.019510975 -0.695203841 0.718546808
1770720869.959277391 46.524406433 28.657432556 -0.069903895 -0.011816008 0.022087235 -0.688726485 0.724588454
1770720870.359157562 46.560939789 28.026901245 -0.093755290 -0.011580363 0.025125153 -0.693278968 0.720138073
1770720870.759054184 46.578189850 27.401166916 -0.108495839 -0.004183437 0.015576788 -0.694073856 0.719723105
1770720871.158941269 46.645328522 26.771598816 -0.087187253 -0.017144904 0.026820626 -0.691362083 0.721806884
1770720871.458959341 46.675502777 26.264432907 -0.084217094 -0.023249757 0.020245273 -0.688669086 0.724420130
1770720871.859161854 46.686393738 25.599925995 -0.104782701 -0.010840536 0.022125326 -0.687194169 0.726055920
1770720872.259196043 46.729965210 24.954559326 -0.099958859 -0.006334838 0.029102974 -0.685584486 0.727383614
1770720872.659095287 46.753566742 24.351678848 -0.094851285 -0.013205550 0.015939966 -0.695084274 0.718630254
1770720873.058906794 46.776668549 23.700262070 -0.121413596 -0.007695267 0.020535175 -0.690116704 0.723365784
1770720873.459195375 46.840900421 23.073057175 -0.114962779 -0.010687537 0.034325343 -0.687584400 0.725213885
1770720873.858938694 46.845218658 22.449617386 -0.136015460 -0.018005654 0.015249860 -0.694622397 0.718987405
1770720874.258889198 46.861087799 21.825872421 -0.152292952 -0.004914018 0.016695172 -0.687323332 0.726143062
1770720874.559294939 46.906291962 21.321420670 -0.151879355 -0.004459532 0.013506739 -0.692462862 0.721313357
1770720874.859232187 46.935115814 20.817003250 -0.155724689 -0.002606783 0.018517038 -0.691581666 0.722056150
1770720875.259026289 47.005619049 20.193904877 -0.139297634 -0.006092974 0.038696762 -0.683743238 0.728670478
1770720875.658911228 47.021827698 19.555223465 -0.150931284 -0.020263094 0.016849268 -0.691272318 0.722113669
1770720876.058739424 47.043235779 18.912162781 -0.157329515 -0.008376934 0.019924721 -0.688196957 0.725201905
1770720876.459221601 47.100543976 18.264785767 -0.169486746 -0.007837742 0.030589042 -0.689793825 0.723316848
1770720876.859156370 47.121952057 17.641878128 -0.176613435 -0.012401481 0.013243224 -0.694955289 0.718823969
1770720877.259269476 47.147060394 17.015100479 -0.187637165 -0.006596689 0.020716777 -0.688824892 0.724601686
1770720877.659169912 47.237606049 16.396093369 -0.177577272 -0.006972808 0.033041589 -0.689734757 0.723274231
1770720877.959113598 47.237880707 15.885265350 -0.188856199 -0.008163472 0.021661963 -0.690470457 0.722990096
1770720878.259209633 47.285900116 15.381511688 -0.176746026 -0.003216401 0.028133102 -0.687373400 0.725751996
1770720878.658944845 47.286808014 14.740017891 -0.185124412 -0.012847472 0.008856224 -0.691320479 0.722379744
1770720879.059301138 47.292888641 14.099974632 -0.205881327 -0.004995925 0.015844816 -0.690512776 0.723129392
1770720879.458990812 47.369346619 13.466070175 -0.197644785 -0.005763810 0.029638380 -0.690811098 0.722404540
1770720879.859280109 47.382190704 12.851946831 -0.205579028 -0.014002832 0.015130511 -0.695476174 0.718253374
1770720880.259166002 47.405479431 12.225237846 -0.224539250 -0.007383989 0.019115807 -0.688823760 0.724639177
1770720880.659036398 47.467227936 11.623111725 -0.256185532 -0.007708721 0.026743876 -0.690094888 0.723183513
1770720881.059351206 47.450969696 10.978834152 -0.242686689 -0.009959151 0.003937570 -0.690755367 0.723009288
1770720881.358943701 47.493328094 10.471288681 -0.240591198 -0.007033283 0.009945078 -0.692231297 0.721572936
1770720881.759336710 47.555484772 9.815261841 -0.254205585 -0.011098968 0.021720929 -0.693780303 0.719773471
1770720882.159256220 47.569831848 9.157523155 -0.242106184 -0.001365959 0.017229363 -0.692261755 0.721439540
1770720882.559005499 47.610599518 8.525751114 -0.248596281 -0.007057532 0.020215146 -0.688862979 0.724575341
1770720882.959279060 47.644798279 7.904222965 -0.261730552 -0.008205981 0.018981159 -0.694090605 0.719590604
1770720883.359220505 47.642406464 7.271392345 -0.272895187 -0.003230687 0.010264904 -0.696184397 0.717782378
1770720883.759381056 47.698368073 6.632938862 -0.269687444 -0.008539443 0.016622962 -0.690752447 0.722849786
1770720884.159285307 47.742191315 6.047312260 -0.283302397 -0.011821816 0.021010784 -0.694899499 0.718702674
1770720884.558991909 47.763427734 5.534815311 -0.259137034 -0.007321738 0.020564100 -0.696453750 0.717269599
1770720885.058831692 47.772289276 4.982071400 -0.274874032 -0.007620682 0.013902135 -0.690533459 0.723126709
1770720885.559328079 47.786262512 4.456147671 -0.281894356 -0.007507372 0.016043954 -0.688639581 0.724887431
1770720886.059463263 47.825962067 3.868561745 -0.277564317 -0.002429774 0.013407340 -0.692363381 0.721420348
1770720886.659159184 47.864280701 3.329300404 -0.294503719 -0.012296234 0.024624124 -0.705695391 0.707980514
1770720887.259124994 47.840732574 2.779727221 -0.303747833 -0.009524061 0.016393870 -0.719315052 0.694425225
1770720887.859211445 47.800376892 2.241599798 -0.287548661 0.000123470 0.005974578 -0.736909151 0.675965369
1770720888.559402943 47.767250061 1.721963286 -0.273341030 -0.006863367 0.005104720 -0.798724055 0.601636708
1770720889.459349871 47.584449768 1.205620527 -0.260259092 -0.000994493 0.000628284 0.878956795 -0.476900011
1770720890.559034348 47.263458252 0.773490667 -0.259471446 -0.002218694 0.010499087 0.947541177 -0.319453418
1770720891.459221125 47.261341095 0.681328654 -0.256580710 0.001165780 0.013106924 0.990295708 -0.138351709
1770720892.259276867 47.285625458 0.626188695 -0.311239868 0.002679077 0.018012075 0.998940706 0.042260617
1770720893.159274101 47.283775330 0.570919037 -0.355093867 0.017577274 0.012710780 0.978491247 0.205144733
1770720895.159386158 46.804222107 0.757764935 -0.342747897 0.007416920 0.006680792 0.975107670 0.221507162
1770720896.459290028 46.331790924 0.991799951 -0.348534882 0.004419227 0.003945686 0.975780785 0.218670398
1770720897.559053898 45.856922150 1.207656741 -0.339527488 0.008443329 -0.001759171 0.977205992 0.212118194
1770720898.759087563 45.382164001 1.434757352 -0.329541326 0.006581043 0.001881872 0.977403104 0.211273089
1770720899.759374857 44.906654358 1.668196678 -0.315815598 0.005535801 -0.006721057 0.976498961 0.215346396
1770720900.659341097 44.472202301 1.936339498 -0.288822889 0.001411647 0.001778537 0.989003420 0.147875547
1770720902.159388304 43.937023163 2.002948999 -0.300280899 0.003554501 -0.013992568 0.999854505 0.009085014
1770720902.759426594 43.378765106 1.980623245 -0.301019698 0.001990539 -0.012552501 0.999873102 0.009604992
1770720903.259427786 42.813159943 1.988772035 -0.304054230 0.003947014 -0.007473239 0.999904275 0.010953204
1770720903.858991146 42.264396667 2.016762972 -0.273183197 -0.000568548 -0.001731899 0.999887466 0.014892315
1770720906.459155321 41.733844757 2.017695427 -0.299100280 0.008377993 -0.008718986 0.999864161 0.011200042
1770720907.159459829 41.209941864 2.022304773 -0.288197547 0.005580571 -0.004061570 0.999907553 0.011717846
1770720907.759510279 40.620250702 2.035561323 -0.269668698 0.003387711 -0.006466995 0.999641836 0.025746236
1770720908.359142303 40.031330109 2.022875547 -0.258538783 0.001611904 -0.009104802 0.998353183 0.056616820
1770720908.859359980 39.500514984 2.082351208 -0.252979398 0.000747089 -0.011941304 0.996347964 0.084543079
1770720909.358981609 38.981067657 2.201489210 -0.245685667 -0.001265052 -0.002252846 0.995002925 0.099812083
1770720909.859523296 38.464118958 2.325110912 -0.240423813 0.002755150 -0.000388688 0.994409382 0.105557121
1770720910.359226465 37.854965210 2.458141327 -0.243604407 -0.001650914 -0.001077476 0.995368481 0.096112587
1770720910.759468555 37.309520721 2.518553972 -0.224691927 -0.000944805 -0.010269833 0.997108102 0.075293072
1770720911.159354687 36.708602905 2.583270073 -0.226247147 -0.002263978 -0.008854522 0.998123825 0.060542118
1770720911.559660196 36.177326202 2.693004131 -0.201864585 -0.007524173 0.005127888 0.998757780 0.048989777
1770720911.959503412 35.660015106 2.738002062 -0.191343129 -0.002116898 -0.000082046 0.999710977 0.023947341
1770720912.359305143 35.128917694 2.752235889 -0.192047462 -0.008651092 -0.008665272 0.999840140 0.013029665
1770720912.759213924 34.571159363 2.758262873 -0.180107862 -0.011982774 0.001420987 0.999914050 -0.005131814
1770720913.159513474 33.992454529 2.722230196 -0.194456056 -0.002141962 -0.006008697 0.999737859 -0.021989023
1770720913.559379578 33.342262268 2.694086552 -0.216229573 -0.005396030 -0.010960802 0.999760330 -0.018170089
1770720913.959193230 32.697929382 2.696752548 -0.196166426 -0.007976213 0.006387718 0.999786198 -0.017976148
1770720914.259576082 32.188369751 2.675043583 -0.195736617 -0.008248674 -0.005786175 0.999682367 -0.023100754
1770720914.666482687 31.538101196 2.637745619 -0.197503775 -0.007663097 -0.006739009 0.999826252 -0.015597718
1770720915.059272766 30.895795822 2.598643541 -0.199478328 -0.006441494 -0.000714030 0.999803424 -0.018740812
1770720915.459151506 30.256439209 2.552989960 -0.194463864 -0.011160102 -0.012372749 0.999526858 -0.025852988
1770720915.859466553 29.621034622 2.546891928 -0.195051715 -0.004069047 -0.003027198 0.999816298 -0.018483302
1770720916.259313822 28.995065689 2.536863089 -0.213523626 -0.004510116 0.002792560 0.999747515 -0.021835648
1770720916.659213305 28.354331970 2.476179838 -0.210939884 -0.002800085 -0.010187087 0.999675512 -0.023179900
1770720917.059476137 27.719339371 2.446254015 -0.210013568 0.004401572 -0.007916214 0.999835730 -0.015703062
1770720917.459353924 27.054834366 2.396777153 -0.193267122 0.003800417 -0.005476400 0.999767542 -0.020503918
1770720917.859226227 26.410179138 2.371948957 -0.176024467 -0.003343766 -0.009991751 0.999603093 -0.026127826
1770720918.259516478 25.793565750 2.358067989 -0.165591031 0.001112771 -0.002004482 0.999840558 -0.017710485
1770720918.659100294 25.151296616 2.359008789 -0.173981830 -0.001211202 0.002665715 0.999839604 -0.017672330
1770720918.959218264 24.649341583 2.328543901 -0.159993961 -0.002931824 -0.008462152 0.999826908 -0.016305050
1770720919.359217405 24.022928238 2.287533522 -0.158283591 -0.005802826 0.002984594 0.999895155 -0.012921180
1770720919.759527206 23.408927917 2.234718084 -0.146000162 0.006338777 -0.004294530 0.999742389 -0.021365371
1770720920.159461975 22.760334015 2.206303596 -0.157419831 0.000824049 -0.008151988 0.999828517 -0.016605888
1770720920.559593916 22.112169266 2.207313538 -0.139665231 -0.006568120 0.006679833 0.999864519 -0.013533273
1770720920.859272718 21.609714508 2.178615093 -0.126634121 -0.004619358 -0.004153845 0.999821186 -0.017862383
1770720921.259155750 20.989200592 2.149036884 -0.138292432 0.000238541 -0.003378969 0.999907613 -0.013161974
1770720921.659348965 20.341320038 2.126076698 -0.130986512 0.000401107 0.000111400 0.999869108 -0.016174622
1770720922.059265852 19.684171677 2.081454039 -0.117659435 -0.004247179 -0.011773765 0.999694288 -0.021323629
1770720922.459136248 19.058856964 2.067949772 -0.125455990 0.000667884 -0.001993392 0.999874175 -0.015721021
1770720922.859448433 18.423017502 2.043888092 -0.131048515 -0.002511756 0.003222639 0.999464869 -0.032455742
1770720923.259370804 17.796108246 1.982976675 -0.121677376 -0.006081956 -0.007944114 0.998778105 -0.048395958
1770720923.659128666 17.187427521 1.921651006 -0.124955580 0.000712865 -0.008019684 0.999097168 -0.041713443
1770720924.059486866 16.528848648 1.816391945 -0.112647332 0.000986845 -0.006717836 0.998857915 -0.047294300
1770720924.359792948 16.027616501 1.764129519 -0.112014599 0.001783161 -0.010954873 0.998782635 -0.048062611
1770720924.759249687 15.403781891 1.741810203 -0.089143895 -0.009190996 0.002285813 0.999078214 -0.041870210
1770720925.159190893 14.768510818 1.687359929 -0.093973711 0.002350415 -0.002810179 0.998832881 -0.048161071
1770720925.559351444 14.124238014 1.604156017 -0.108004026 -0.003292874 -0.009029398 0.998976171 -0.044206891
1770720925.959615231 13.495084763 1.547097445 -0.099780738 -0.009046971 -0.000074862 0.999124110 -0.040856287
1770720926.359647989 12.870058060 1.461932063 -0.103044979 0.004653426 -0.005117982 0.998777390 -0.048947588
1770720926.759530783 12.231225967 1.397931457 -0.105715133 0.001297705 -0.008193023 0.998947084 -0.045120582
1770720927.159221411 11.608533859 1.367873788 -0.083168328 -0.005528696 0.006700249 0.999103546 -0.041432340
1770720927.459251642 11.109181404 1.304947972 -0.078786977 0.000362981 -0.005161969 0.999020755 -0.043940652
1770720927.859184265 10.504897118 1.219211102 -0.083368987 0.005504183 -0.006870349 0.998643160 -0.051325966
1770720928.259557962 9.956362724 1.152793407 -0.078491203 0.001606357 -0.005227064 0.996853471 -0.079077810
1770720928.759273291 9.405776978 1.057895899 -0.067744367 -0.001457932 -0.004418784 0.992489576 -0.122240447
1770720929.259667873 8.901956558 0.923232734 -0.083305173 -0.005670808 -0.010496104 0.986589730 -0.162783340
1770720929.859672546 8.343301773 0.695952296 -0.101683721 0.000941649 -0.014010458 0.982506216 -0.185699672
1770720930.459637880 7.872729778 0.474191457 -0.100911416 0.009081917 -0.013861301 0.970978916 -0.238590300
1770720931.159168243 7.395088673 0.254466772 -0.110060051 0.003924674 -0.006091531 0.944187045 -0.329330087
1770720932.259398937 7.023646355 -0.131849706 -0.113550544 0.015002676 -0.028035313 0.929737568 -0.366847426
1770720933.059472084 6.635791302 -0.483700484 -0.124230787 0.012051402 -0.015150548 0.914711177 -0.403644294
1770720934.059269905 6.260921478 -0.846857071 -0.110760890 0.004159764 -0.007331983 0.884818017 -0.465860516
1770720934.959642410 5.995397568 -1.291417241 -0.102882765 -0.006296035 0.012208162 -0.834169030 0.551337719
1770720936.159624338 5.862474918 -1.780624866 -0.108664833 -0.013617380 0.024471765 -0.780898988 0.624029219
1770720948.859695435 5.825799465 -2.278738260 -0.132662654 -0.009453468 0.010699882 -0.751281381 0.659827590
1770720950.159447432 5.754107952 -2.813236713 -0.130707547 -0.005509071 0.010931564 -0.742628753 0.669591367
1770720950.759465694 5.721345425 -3.335772276 -0.118395127 -0.008056879 0.020612163 -0.734059393 0.678724587
1770720951.259687662 5.690987587 -3.929106474 -0.116497628 -0.012479593 0.016641583 -0.718312442 0.695409656
1770720951.659592628 5.669399261 -4.476293087 -0.111777432 -0.003814955 0.022218620 -0.693008304 0.720577061
1770720952.059460163 5.719090462 -5.085918427 -0.104812704 -0.007260070 0.031881809 -0.672181964 0.739663601
1770720952.459316254 5.767152786 -5.703574181 -0.134513780 -0.014466953 0.018113956 -0.659047961 0.751743495
1770720952.859516859 5.878545284 -6.322309971 -0.137889564 -0.008365503 0.026950430 -0.642225325 0.765996337
1770720953.259387732 6.013695717 -6.872446537 -0.149370909 -0.004978030 0.048723526 -0.629059672 0.775812626
1770720953.659727573 6.089931965 -7.467140675 -0.131013319 -0.013536667 0.011637826 -0.641189814 0.767174602
1770720954.059452772 6.232876778 -8.088079453 -0.146019518 -0.007121185 0.023031859 -0.646884739 0.762206674
1770720954.459750175 6.359932423 -8.693831444 -0.136709228 -0.016398551 0.039876193 -0.656227052 0.753330588
1770720954.859736204 6.422498226 -9.262090683 -0.145957246 -0.024798922 0.023535063 -0.683280647 0.729354978
1770720955.259504795 6.457262993 -9.853704453 -0.156819612 -0.009459260 0.027612481 -0.697156370 0.716324627
1770720955.659780741 6.484437466 -10.445695877 -0.152569234 -0.009586735 0.032295633 -0.717377186 0.695870042
1770720956.059677124 6.426953793 -11.050707817 -0.152659357 -0.014341293 0.015474122 -0.741970539 0.670100451
1770720956.459649086 6.361765862 -11.679472923 -0.188359305 -0.004162595 0.015638016 -0.733728886 0.679249644
1770720956.859850168 6.323002815 -12.308027267 -0.172411472 -0.007311268 0.023655554 -0.733474672 0.679265678
1770720957.259734392 6.257611275 -12.928970337 -0.172568008 -0.009784281 0.009082913 -0.735145152 0.677778244
1770720957.659655333 6.181398869 -13.488887787 -0.185365394 -0.003478387 0.006268363 -0.732557833 0.680667043
1770720958.059768915 6.201968670 -14.076632500 -0.174668849 0.000506295 0.035513934 -0.730249703 0.682256460
1770720958.459769487 6.141812325 -14.709371567 -0.176235646 -0.015874119 0.015093604 -0.736959934 0.675581396
1770720958.859625340 6.099776745 -15.340214729 -0.177909032 -0.011450114 0.020025186 -0.730884850 0.682110906
1770720959.259364605 6.099426746 -15.967398643 -0.178371340 -0.011859694 0.030515140 -0.732951045 0.679493189
1770720959.659707785 6.024808884 -16.544124603 -0.173733085 -0.012935307 0.008595559 -0.735882640 0.676930964
1770720960.159740686 5.966994762 -17.102754593 -0.180750400 0.000392294 0.006364669 -0.737369835 0.675459146
1770720960.659516573 5.940212250 -17.642953873 -0.182027966 -0.004634503 0.017496808 -0.730564475 0.682603836
1770720961.259527206 5.902530193 -18.165275574 -0.199211836 -0.003754669 0.011907053 -0.720893562 0.692933321
1770720961.859730959 5.855051041 -18.754152298 -0.215467721 0.000519938 0.007918816 -0.717217207 0.696804464
1770720962.459657907 5.865799427 -19.329082489 -0.216862440 -0.004502898 0.015642438 -0.709225476 0.704793751
1770720963.059552908 5.896358967 -19.897766113 -0.236528710 -0.011622961 0.025283948 -0.698534489 0.715035081
1770720963.559742689 5.945644379 -20.398958206 -0.235006124 -0.018225420 0.034354538 -0.692571759 0.720299959
1770720963.959441662 5.963873863 -20.909431458 -0.234269112 -0.014044597 0.030532049 -0.695133746 0.718094409
1770720964.359801769 5.973587036 -21.415849686 -0.232947886 -0.008374576 0.026355579 -0.693869472 0.719569623
1770720964.859582186 5.969229221 -22.009389877 -0.259231627 -0.006072475 0.015677344 -0.686225593 0.727194428
1770720965.259403229 6.011108875 -22.521596909 -0.261788815 -0.003785207 0.020110946 -0.684392989 0.728826046
1770720965.759914398 6.055686951 -23.048011780 -0.264472991 -0.009182147 0.017903456 -0.680176497 0.732772231
1770720966.559765816 6.113564014 -23.547170639 -0.266436607 -0.011361206 0.029360846 -0.597133934 0.801523507
1770720967.259493113 6.022774696 -23.530466080 -0.292858124 -0.016764466 0.020576492 -0.460631341 0.887194633
1770720968.059798002 6.060374260 -23.611505508 -0.314870238 -0.024088912 0.011951555 -0.297153652 0.954450965
1770720968.859506607 6.558265209 -23.870084763 -0.313202739 -0.019378601 0.011659161 -0.201388374 0.979250312
1770720969.359738350 7.015717506 -24.087638855 -0.319124281 -0.018265003 0.009031484 -0.199886918 0.979607105
1770720969.859745502 7.599900723 -24.321468353 -0.315800518 -0.017329834 0.006165647 -0.199028149 0.979821146
1770720970.259479046 8.094768524 -24.495691299 -0.324959666 -0.021478197 0.022152748 -0.195254847 0.980267048
1770720970.759790659 8.580121040 -24.637933731 -0.333390951 -0.007701107 0.015436014 -0.196694508 0.980313063
1770720971.359819174 9.098941803 -24.776063919 -0.293819577 -0.016649684 0.032503739 -0.282317579 0.958625615
1770720972.059734583 9.407323837 -24.877183914 -0.322751939 -0.005418011 0.021979555 -0.435048431 0.900122404
1770720972.659682751 9.687777519 -25.308622360 -0.354726970 -0.000353662 0.021882821 -0.521571577 0.852926791
1770720973.159816980 9.931198120 -25.828601837 -0.378338307 -0.000590873 0.012590445 -0.556190968 0.830958962
1770720973.559949875 10.153398514 -26.353937149 -0.369863570 0.002417109 0.010585676 -0.572842240 0.819593728
1770720973.959858418 10.363965034 -26.858484268 -0.375183910 -0.001189490 0.015552689 -0.598169208 0.801218033
1770720974.459508419 10.549815178 -27.384384155 -0.382664025 -0.003351556 0.017260643 -0.627599537 0.778337717
1770720974.959759235 10.636542320 -27.893327713 -0.371499389 -0.007938431 0.021457084 -0.658314824 0.752394974
1770720975.359580755 10.676883698 -28.417135239 -0.404605985 0.003645173 0.010482715 -0.691870332 0.721936464
1770720975.759598970 10.664502144 -28.958562851 -0.392777503 0.015753912 0.007664456 -0.712790489 0.701158166
1770720976.159885406 10.711843491 -29.586999893 -0.389004141 -0.008244566 0.013768170 -0.712539911 0.701448023
1770720976.459754229 10.706533432 -30.100940704 -0.413681179 -0.015784994 0.013497599 -0.711603224 0.702274561
1770720976.859558344 10.716111183 -30.774423599 -0.395980746 -0.008036630 0.021423984 -0.705887556 0.707954168
1770720977.159967661 10.731210709 -31.286020279 -0.397321969 -0.003421783 0.024845313 -0.706188381 0.707579672
1770720977.559923172 10.690129280 -31.934579849 -0.394543737 0.005084932 0.011685778 -0.708605170 0.705490112
1770720977.959840059 10.699765205 -32.565780640 -0.403435647 -0.007582871 0.015421496 -0.703772843 0.710217178
1770720978.359803915 10.721917152 -33.205406189 -0.410386384 -0.008581379 0.019232575 -0.711479962 0.702390730
1770720978.759608984 10.703771591 -33.841995239 -0.407405406 0.001450037 0.012047805 -0.711494982 0.702586353
1770720979.159857988 10.740915298 -34.446884155 -0.406067133 -0.009296063 0.020512722 -0.699572206 0.714206934
1770720979.559570312 10.750988007 -35.085769653 -0.436090827 -0.012865630 0.023888526 -0.709306598 0.704377651
1770720979.959944963 10.722210884 -35.707675934 -0.420267880 -0.000021609 0.005308827 -0.704985142 0.709202230
1770720980.359850645 10.748850822 -36.365581512 -0.422456652 -0.009473019 0.011484234 -0.705942094 0.708113015
1770720980.759855747 10.798464775 -37.023326874 -0.431956261 -0.015022349 0.024994018 -0.708912611 0.704693198
1770720981.159894943 10.765075684 -37.670623779 -0.410363913 -0.004188308 0.019748989 -0.711570501 0.702324629
1770720981.559939861 10.783901215 -38.296691895 -0.414013892 -0.011810651 0.022437250 -0.717129767 0.696478248
1770720981.959919930 10.761727333 -38.925964355 -0.431256413 -0.013080913 0.018486792 -0.737542212 0.674921274
1770720982.359964371 10.676448822 -39.516342163 -0.433100134 0.002582267 0.004541754 -0.757804036 0.652461231
1770720982.759951830 10.624394417 -40.128345490 -0.443926245 -0.014512249 0.014700118 -0.769074202 0.638825595
1770720983.159637690 10.516620636 -40.742927551 -0.446432173 -0.016117536 0.015345593 -0.785977960 0.617853820
1770720983.560005665 10.345853806 -41.376087189 -0.426189005 -0.007583330 0.011221291 -0.797628939 0.602996349
1770720983.959913731 10.156525612 -41.970703125 -0.420663029 -0.011171815 0.005422002 -0.812834740 0.582362056
1770720984.359595060 9.944556236 -42.554412842 -0.409507960 -0.002071774 0.002036391 -0.833844483 0.551991880
1770720984.759611607 9.684165955 -43.101104736 -0.381028205 0.009744451 -0.005002513 -0.853043616 0.521724641
1770720985.159757137 9.452547073 -43.602874756 -0.371312737 -0.010897188 -0.006147089 -0.862930417 0.505167902
1770720985.559634447 9.217843056 -44.053058624 -0.393353641 0.008344775 0.002283302 0.879514873 -0.475792706
1770720986.059883118 8.865612984 -44.542541504 -0.364928722 0.000867560 0.002794502 0.894830287 -0.446396828
1770720986.559536219 8.443091393 -44.978233337 -0.366009951 -0.042871647 0.019910786 0.911575854 -0.408405483
1770720986.959983826 8.088899612 -45.405509949 -0.373606354 -0.004227737 0.022440335 0.914604664 -0.403703839
1770720987.359857321 7.635915756 -45.878593445 -0.364396065 -0.009334860 0.011638622 0.916804075 -0.399058610
1770720987.659650564 7.289474010 -46.242042542 -0.374458462 -0.011407457 0.014526948 0.913623452 -0.406141579
1770720988.059762478 6.900457382 -46.755908966 -0.358441919 -0.003728277 -0.001752596 0.904398441 -0.426669002
1770720988.459956408 6.484430790 -47.227241516 -0.361194223 -0.002754464 0.011892143 0.893410206 -0.449075848
1770720988.859792948 6.146936893 -47.660614014 -0.372434586 -0.006486888 0.018609829 0.874271214 -0.485037565
1770720989.259578228 5.908106804 -48.120616913 -0.363052458 0.004371685 0.007038839 -0.855703235 0.517400503
1770720989.659759760 5.663922310 -48.613254547 -0.384423584 -0.007396253 -0.000162931 -0.839489460 0.543325484
1770720990.059644699 5.456536293 -49.242385864 -0.357813716 -0.013473441 0.021313174 -0.812997341 0.581721127
1770720990.359851599 5.308640957 -49.735061646 -0.353468806 -0.010989740 0.023311896 -0.802174747 0.596532822
1770720990.760046005 5.114398003 -50.363201141 -0.347834915 -0.003350453 0.017631756 -0.794100344 0.607521653
1770720991.159989119 4.973634720 -50.999977112 -0.344679028 -0.010039145 0.020571429 -0.788703799 0.614347100
1770720991.559927940 4.842027664 -51.615680695 -0.362698972 -0.015891103 0.024825739 -0.793071985 0.608414352
1770720991.959661961 4.672671318 -52.212368011 -0.360816211 0.001142512 0.016905745 -0.796491981 0.604411602
1770720992.360017061 4.537287712 -52.809101105 -0.355291009 -0.015336102 0.018517097 -0.781708181 0.623180807
1770720992.759875298 4.406497955 -53.401485443 -0.362286806 -0.015319838 0.017979123 -0.801040113 0.598144472
1770720993.160021782 4.193414688 -53.988101959 -0.356165439 0.000738371 0.006156061 -0.792701483 0.609578490
1770720993.459986925 4.086327553 -54.484962463 -0.348366827 -0.002989508 0.013276637 -0.792548835 0.609656572
1770720993.757995367 3.965217829 -54.976383209 -0.348998338 -0.000611548 0.007488376 -0.795323908 0.606138170
1770720994.159971714 3.820956707 -55.603977203 -0.338832736 -0.017707633 0.016065028 -0.796745420 0.603841960
1770720994.559926748 3.692442894 -56.178459167 -0.345262766 -0.018589342 0.020701809 -0.809037566 0.587097883
1770720995.059596062 3.507906914 -56.676780701 -0.308996290 -0.007326578 0.021714954 -0.829891264 0.557454288
1770720995.559719563 3.284359694 -57.179527283 -0.333876878 0.009907342 0.012797856 -0.844950199 0.534599960
1770720995.959945202 3.040982008 -57.629726410 -0.361632198 -0.008996210 -0.000948463 -0.851271927 0.524646759
1770720996.359753847 2.785584450 -58.064781189 -0.339889199 0.003993296 0.006522105 0.873459697 -0.486836433
1770720996.759688139 2.438239336 -58.613403320 -0.348246753 -0.008141624 0.007543795 0.867565930 -0.497198224
1770720997.059592962 2.165555716 -59.068992615 -0.326381058 -0.004652684 0.001921712 0.866240859 -0.499601245
1770720997.459821463 1.907151699 -59.544387817 -0.311418533 0.004167721 -0.001578068 0.878674984 -0.477399647
1770720997.959670305 1.657404780 -60.008178711 -0.300420225 0.006042737 -0.006840234 0.895643532 -0.444678962
1770720998.559627295 1.340877414 -60.399780273 -0.321926922 0.006492435 -0.004319238 0.915271819 -0.402761340
1770720999.159693956 0.975687027 -60.759456635 -0.326515436 0.000295446 0.005253705 0.936619341 -0.350309193
1770720999.759939909 0.500774801 -61.124607086 -0.320243180 0.000641231 0.014575144 0.954838037 -0.296768308
1770721000.259960175 0.048232477 -61.452697754 -0.291191012 0.004148238 0.008919068 0.966885626 -0.255020320
1770721001.059681654 -0.344866127 -61.690666199 -0.263971806 0.005531356 0.009449335 0.996846914 -0.078590691
1770721001.760021687 -0.909460962 -61.774436951 -0.265723318 0.014926618 0.003622343 0.999808431 0.012135932
1770721002.259658098 -1.451309085 -61.687393188 -0.254054874 0.010312142 0.017091710 0.999704421 0.013873084
1770721002.760116816 -2.013330936 -61.666255951 -0.224409923 0.006809894 0.014733014 0.999745309 -0.015679752
1770721003.259677172 -2.552117109 -61.728820801 -0.207861125 0.012590858 0.002689347 0.999431849 -0.031147992
1770721003.759631634 -3.055704355 -61.776302338 -0.170110181 0.009703980 0.004540492 0.999221265 -0.037975989
1770721004.259955883 -3.559819221 -61.806659698 -0.150984079 0.003810514 0.003416997 0.999322295 -0.036451723
1770721004.860013008 -4.109167576 -61.840270996 -0.147302061 0.011944182 0.002829277 0.999201238 -0.038029499
1770721005.459673643 -4.678382874 -61.915790558 -0.131411865 0.012630141 -0.004197999 0.999153733 -0.038918111
1770721006.059975624 -5.180330753 -61.957748413 -0.112284034 0.010818871 -0.004564193 0.998938322 -0.044547353
1770721006.660069704 -5.700037003 -61.985206604 -0.090181008 0.006550052 -0.005187545 0.999089837 -0.041829661
1770721007.359842062 -6.220179558 -62.023216248 -0.082070589 0.007692996 -0.004499678 0.991524518 -0.129613698
1770721008.059782505 -6.714530468 -62.120853424 -0.081518479 0.006707102 -0.003657216 0.959555089 -0.281417400
1770721008.859871626 -7.037080288 -62.396572113 -0.085462235 0.012383571 -0.010348851 0.893293560 -0.449184000
1770721009.559789658 -7.316318035 -62.883941650 -0.108278342 -0.017013097 0.022626761 -0.821485639 0.569526017
1770721010.259712934 -7.409677029 -63.355312347 -0.065616034 -0.015174544 0.036024570 -0.709338784 0.703782976
1770721011.059822083 -7.443020344 -63.668109894 -0.056241136 -0.007076090 0.032648314 -0.566521764 0.823369384
1770721011.859686852 -7.322084427 -63.972797394 -0.061367527 -0.004465706 0.027724387 -0.414227813 0.909739912
1770721013.260038853 -6.931726933 -64.307426453 -0.099589214 -0.012300296 0.028611798 -0.314091146 0.948881865
1770721014.559889793 -6.900658607 -64.229804993 -0.094638057 -0.009889026 0.021568576 -0.483592629 0.874971509
1770721015.260119200 -6.873911858 -64.202888489 -0.106438570 -0.002524764 0.013870480 -0.619342148 0.784994602
1770721016.059806824 -6.802483559 -64.164855957 -0.137052625 -0.002180032 0.004851766 -0.752693057 0.658350110
1770721016.859751940 -6.722613335 -64.137626648 -0.125434145 -0.005759050 0.004502612 -0.856457591 0.516165555
1770721018.559951305 -6.984334469 -64.570976257 -0.143024713 0.002583132 -0.010736662 0.874336421 -0.485194802
1770721019.559712887 -7.265790462 -64.999862671 -0.127835140 -0.002484032 0.003433498 -0.827048063 0.562115312
1770721020.459763527 -7.423213482 -65.483108521 -0.123137720 -0.006425277 0.014593356 -0.791908741 0.610431194
1770721021.259843588 -7.516047001 -65.976875305 -0.128135860 -0.009993447 0.022405325 -0.773454070 0.633377433
1770721022.059815168 -7.628242493 -66.482368469 -0.111270241 -0.008534812 0.015052130 -0.751271129 0.659766853
1770721022.859493256 -7.673103333 -67.006378174 -0.114296004 -0.006311750 0.023170840 -0.710351586 0.703437209
1770721023.659916401 -7.664893150 -67.547897339 -0.120067902 -0.011084988 0.025011372 -0.693516791 0.719920814
1770721024.360060692 -7.603373051 -68.068222046 -0.114229135 -0.011433296 0.028359566 -0.694996476 0.718362689
1770721025.159898043 -7.600817204 -68.582023621 -0.137487203 -0.005889587 0.020922173 -0.694680512 0.718989909
1770721026.559880733 -7.573392868 -69.105995178 -0.130831406 -0.009063022 0.022429811 -0.691712022 0.721768141
1770721028.659818411 -7.551218033 -69.613594055 -0.144029900 -0.006668857 0.016817044 -0.696475923 0.717352033
1770721032.259793043 -7.531059742 -70.124458313 -0.170485392 -0.011007408 0.012035570 -0.727934480 0.685452640
1770721032.860072851 -7.474388599 -70.705200195 -0.165623590 -0.021125531 0.019323248 -0.757184923 0.652572870
1770721033.359940767 -7.580935955 -71.210395813 -0.160978764 -0.012704570 0.024800679 -0.757483184 0.652259707
1770721033.959906340 -7.691580296 -71.803497314 -0.163391903 -0.001459169 0.011396560 -0.751786113 0.659307003
1770721034.459779978 -7.782489300 -72.360420227 -0.169795349 -0.001916650 0.013189630 -0.732698023 0.680423379
1770721034.959749460 -7.792376041 -72.920448303 -0.169844300 -0.005816425 0.015773240 -0.718077183 0.695760369
1770721035.459831715 -7.779361725 -73.518127441 -0.175654054 -0.008781537 0.024115290 -0.707441032 0.706306338
1770721035.859664679 -7.754246712 -74.055397034 -0.210750476 -0.024877634 0.020610221 -0.715451837 0.697914779
1770721036.259828329 -7.706196308 -74.701095581 -0.164383024 -0.021941302 0.037680067 -0.700747490 0.712075591
1770721036.659739971 -7.676587582 -75.361648560 -0.174923047 -0.017864924 0.048525207 -0.703765094 0.708548427
1770721036.959803820 -7.716849804 -75.868644714 -0.163906634 -0.006955214 0.023138434 -0.712323666 0.701435208
1770721037.259844065 -7.732228756 -76.369995117 -0.180269137 -0.002641192 0.029520964 -0.709529698 0.704051971
1770721037.659684420 -7.782051563 -76.970069885 -0.157031104 -0.012495098 0.011450102 -0.724288881 0.689288318
1770721038.059826136 -7.808450699 -77.618896484 -0.189907357 -0.000847222 0.011520733 -0.704426050 0.709683359
1770721038.459803820 -7.769811153 -78.232971191 -0.190422669 -0.007244485 0.025886007 -0.694778621 0.718721151
1770721038.859836578 -7.746230125 -78.861450195 -0.204937249 -0.015366646 0.011492572 -0.694918692 0.718832254
1770721039.259949684 -7.710206985 -79.473320007 -0.197882175 -0.007578751 0.013844023 -0.679633498 0.733381987
1770721039.559717655 -7.648019314 -79.970893860 -0.215216488 -0.009658626 0.016045274 -0.685087144 0.728220284
1770721039.859876633 -7.599097252 -80.486351013 -0.208927065 -0.006775430 0.016449694 -0.686032176 0.727353692
1770721040.259795189 -7.526773453 -81.125450134 -0.191450730 -0.013171537 0.039021324 -0.688070595 0.724474072
1770721040.559962034 -7.544829845 -81.627525330 -0.192696005 -0.008117245 0.022237808 -0.705892980 0.707922757
1770721040.959940434 -7.544373989 -82.260238647 -0.197888017 -0.014032353 0.028938565 -0.721196830 0.691983283
1770721041.359808683 -7.613121986 -82.916389465 -0.198936269 -0.006807539 0.017838035 -0.740845561 0.671404004
1770721041.759709835 -7.725390434 -83.542732239 -0.189434201 0.017395344 0.013186987 -0.751757920 0.659077883
1770721042.159814835 -7.767130852 -84.152145386 -0.197058722 -0.004024535 0.008732298 -0.738720417 0.673943460
1770721042.559699535 -7.797008991 -84.756607056 -0.232948408 -0.012247832 0.019852113 -0.728713810 0.684421003
1770721042.959916592 -7.817249775 -85.424850464 -0.205274001 -0.003310994 0.012751453 -0.696866453 0.717079937
1770721043.259690523 -7.775764942 -85.935958862 -0.218932435 -0.005125104 0.026441922 -0.677712083 0.734833896
1770721043.660248280 -7.721887112 -86.581527710 -0.219955340 -0.019098332 0.012731561 -0.673244953 0.739063203
1770721044.059752703 -7.627552986 -87.224555969 -0.227615014 -0.013184401 0.021464387 -0.668805718 0.743010402
1770721044.459905863 -7.524508476 -87.848670959 -0.213327825 -0.010889355 0.042510677 -0.673953891 0.737468958
1770721044.859827757 -7.507186890 -88.480331421 -0.228506342 -0.023828641 0.021547632 -0.702108800 0.711344659
1770721045.259771585 -7.499434948 -89.109039307 -0.231066018 -0.014083695 0.025425332 -0.715243459 0.698270738
1770721045.659801245 -7.520633698 -89.735244751 -0.250970125 -0.007032670 0.026120357 -0.727883279 0.685167372
1770721046.059801340 -7.617116928 -90.376403809 -0.224844575 -0.009595826 0.001739890 -0.735164344 0.677818775
1770721046.359817982 -7.639883518 -90.879394531 -0.229851186 -0.008642003 0.005362181 -0.728334129 0.685146570
1770721046.659763098 -7.660720348 -91.390174866 -0.236230969 -0.011630078 0.005381538 -0.718457162 0.695453167
1770721047.059986830 -7.677081108 -92.053230286 -0.236100495 -0.004784885 0.012329775 -0.696641088 0.717297912
1770721047.459903479 -7.592290878 -92.675704956 -0.235643506 -0.011318494 0.029423786 -0.681590617 0.731054246
1770721047.859842062 -7.547307491 -93.317634583 -0.252540976 -0.021130102 0.017296625 -0.679943562 0.732755840
1770721048.259855986 -7.510218620 -93.937057495 -0.238756657 -0.015574966 0.019831028 -0.666777730 0.744829893
1770721048.659834146 -7.382858276 -94.536071777 -0.265295416 -0.013473068 0.045926187 -0.666091144 0.744333148
1770721049.059861660 -7.333963871 -95.163986206 -0.280453086 -0.026494544 0.017838024 -0.673606038 0.738400161
1770721049.459833860 -7.255996227 -95.823837280 -0.265720755 -0.017084915 0.026584025 -0.671791017 0.740066409
1770721049.759847164 -7.182762623 -96.327590942 -0.272361010 -0.018554280 0.030000694 -0.672174811 0.739551723
1770721050.159785748 -7.154544353 -96.985481262 -0.256149262 -0.008812358 0.018207937 -0.673419833 0.738983393
1770721050.559846163 -7.083129883 -97.607559204 -0.265986651 -0.016247468 0.022189332 -0.671103656 0.740853250
1770721050.959775686 -7.015587330 -98.243438721 -0.275169611 -0.017087810 0.020667290 -0.678889096 0.733750999
1770721051.359947205 -6.984436512 -98.894714355 -0.263759375 -0.006068636 0.017254112 -0.685234189 0.728093147
1770721051.759925127 -6.911081791 -99.517768860 -0.263452560 -0.018791430 0.027392631 -0.691299319 0.721804559
1770721052.159786224 -6.871331215 -100.142150879 -0.286478460 -0.020725543 0.027686482 -0.703724205 0.709631026
1770721052.559703350 -6.918676376 -100.771591187 -0.271390468 -0.005785626 0.011661592 -0.703014970 0.711055875
1770721052.859944105 -6.889712811 -101.275802612 -0.278520763 -0.002583741 0.019495001 -0.702483356 0.711428404
1770721053.159860134 -6.886413097 -101.792091370 -0.267576963 -0.001686879 0.014527720 -0.702775776 0.711261094
1770721053.559707880 -6.856825829 -102.404289246 -0.254657805 -0.013009689 0.023178328 -0.684790909 0.728254735
1770721054.059827089 -6.815762043 -102.973953247 -0.262128472 -0.013921513 0.024704859 -0.664237678 0.746983409
1770721054.659710646 -6.732328892 -103.550712585 -0.274678320 -0.014671006 0.025371391 -0.639719427 0.768049538
1770721055.259899855 -6.603036404 -104.083663940 -0.308709562 -0.018805362 0.033207122 -0.609231114 0.792073905
1770721055.859850645 -6.451347351 -104.636489868 -0.289620012 -0.022727592 0.034029096 -0.555435121 0.830552399
1770721056.559912920 -6.257997990 -105.120620728 -0.300669432 -0.019084714 0.028310210 -0.509140790 0.860005796
1770721057.259786606 -5.990631104 -105.598480225 -0.324496478 -0.016136505 0.023425421 -0.418232411 0.907894552
1770721057.959982634 -5.663297176 -106.001533508 -0.330261111 -0.012073647 0.022426534 -0.278884560 0.959986806
1770721058.759819746 -5.252408028 -106.195869446 -0.344944656 -0.023262756 0.020284381 -0.105382338 0.993952692
1770721059.459881306 -4.727610111 -106.290115356 -0.351588786 -0.018455215 0.020278212 0.041210119 0.998774171
1770721060.059747934 -4.156027317 -106.172103882 -0.362363636 -0.024351168 0.018179612 0.096913226 0.994828820
1770721060.559763193 -3.618519783 -106.082290649 -0.388038397 -0.026339935 0.009766798 0.112735793 0.993227780
1770721060.959683657 -3.127867937 -105.966674805 -0.383881897 -0.014877977 0.011735006 0.112657897 0.993453145
1770721061.359928370 -2.632190943 -105.857826233 -0.406069785 -0.011646894 0.009701584 0.131204829 0.991239369
1770721061.759931087 -2.132446527 -105.769378662 -0.413129121 -0.004303052 0.015571109 0.133227423 0.990953863
1770721062.359871149 -1.564134598 -105.618331909 -0.408755422 -0.008770281 0.005965305 0.175072461 0.984498441
1770721062.959645987 -1.046835065 -105.351531982 -0.403625488 -0.006796477 0.003604028 0.228729203 0.973459721
1770721063.759944201 -0.600682020 -105.155662537 -0.381540537 0.000529030 0.007952532 0.403430432 0.914975643
1770721064.559995174 -0.424468547 -104.925529480 -0.400292635 0.001464558 0.006341097 0.559838057 0.828576505
1770721065.259924889 -0.288763851 -104.428260803 -0.417525053 -0.001947729 -0.006470587 0.677762508 0.735249817
1770721065.759931326 -0.236036286 -103.899291992 -0.422517866 0.001129312 -0.002503379 0.703022420 0.711162388
1770721066.159737825 -0.265741169 -103.372016907 -0.424688518 -0.008621383 -0.007992201 0.729296982 0.684096217
1770721066.559865236 -0.347471058 -102.784736633 -0.450225294 -0.030134037 -0.020329375 0.752314568 0.657800555
1770721066.859938622 -0.393434703 -102.285308838 -0.421356022 -0.021671290 -0.011911910 0.778599262 0.627034009
1770721067.159890890 -0.523930967 -101.792526245 -0.433396339 -0.024628205 -0.016714649 0.785825074 0.617732286
1770721067.559864283 -0.677382588 -101.144996643 -0.408257425 -0.018215947 0.000023322 0.792682469 0.609362364
1770721067.959743738 -0.864734173 -100.522972107 -0.405148655 -0.026307322 -0.011292414 0.797075450 0.603200614
1770721068.359732628 -1.058840752 -99.913963318 -0.420424551 -0.026244288 -0.019535748 0.784504354 0.619259655
1770721068.759769678 -1.189280510 -99.314727783 -0.413118571 -0.018070236 -0.004869658 0.776053667 0.630389035
1770721069.159935474 -1.375361919 -98.718261719 -0.379742503 -0.027695915 -0.021521593 0.760559380 0.648320258
1770721069.559691668 -1.497078419 -98.072731018 -0.389622301 -0.024737388 -0.019053085 0.739424050 0.672515571
1770721069.959716082 -1.495786071 -97.411338806 -0.358227819 -0.014423409 0.000178108 0.717395365 0.696516931
1770721070.259814739 -1.507232785 -96.905776978 -0.361851484 -0.017445235 -0.001294562 0.704270184 0.709716558
1770721070.659926891 -1.464728594 -96.258323669 -0.357752681 0.000810556 -0.006849998 0.687849641 0.725820363
1770721071.059757233 -1.421178579 -95.608718872 -0.363379955 -0.002582915 -0.000035244 0.690443873 0.723381400
1770721071.459830284 -1.424327612 -94.992195129 -0.353341341 -0.017511830 -0.005176470 0.690044284 0.723536730
1770721071.859745026 -1.375822306 -94.347610474 -0.358895630 -0.000295723 -0.009298176 0.683951557 0.729468107
1770721072.259955883 -1.323523402 -93.732933044 -0.362066299 0.002338446 0.000553067 0.696104288 0.717936695
1770721072.659809113 -1.313310146 -93.072929382 -0.338374436 -0.007881742 0.000173969 0.690318108 0.723462999
1770721072.959793091 -1.300491214 -92.566070557 -0.342593193 -0.003522232 0.002660941 0.685980499 0.727606595
1770721073.359754562 -1.287850142 -91.931610107 -0.321065277 -0.010020209 -0.008885434 0.700377107 0.713647306
1770721073.759732723 -1.275920391 -91.269302368 -0.336841822 -0.008063474 -0.007764815 0.709933341 0.704179943
1770721074.159823418 -1.256996512 -90.653533936 -0.321582764 -0.001875580 0.003914157 0.727641702 0.685943723
1770721074.559902191 -1.343233347 -90.023513794 -0.322431296 -0.006165999 -0.006811925 0.752570927 0.658447087
1770721074.959856510 -1.449467540 -89.390533447 -0.347716302 -0.010133991 -0.013891649 0.759269357 0.650549173
1770721075.359792471 -1.551818609 -88.768272400 -0.339511901 -0.009461085 -0.006894215 0.768404126 0.639857829
1770721075.759794950 -1.734575033 -88.207641602 -0.306657672 -0.028330578 -0.022741308 0.776594818 0.628952086
1770721076.159734964 -1.886443973 -87.565589905 -0.315948665 -0.021657590 -0.025553621 0.771753311 0.635039210
1770721076.559776306 -1.971129775 -86.912689209 -0.280502021 -0.012102952 -0.005102414 0.769904971 0.638023376
1770721076.959916592 -2.074714422 -86.279457092 -0.281553656 -0.016809124 -0.006201922 0.768971026 0.639032602
1770721077.359755993 -2.202618361 -85.681236267 -0.296448141 -0.016821928 -0.011208205 0.760709703 0.648777425
1770721077.759746790 -2.290374041 -85.050018311 -0.276752353 -0.007851754 -0.002990067 0.758182049 0.651988745
1770721078.159764051 -2.393254995 -84.427604675 -0.295810431 -0.016053896 -0.008869074 0.761448681 0.647965729
1770721078.559822798 -2.502293825 -83.822654724 -0.306073189 -0.015391405 -0.017782303 0.748822212 0.662353456
1770721078.959928513 -2.558095932 -83.184303284 -0.280173451 0.001280940 -0.001252948 0.744542956 0.667572200
1770721079.359919310 -2.643297672 -82.544509888 -0.267212749 -0.005956993 -0.007812137 0.728532612 0.684940636
1770721079.859857798 -2.723177195 -81.962409973 -0.248852566 -0.027853202 -0.012602891 0.707858562 0.705692351
1770721080.459702969 -2.701633930 -81.453254700 -0.239319131 -0.017603442 -0.008284239 0.639397323 0.768630326
1770721081.159914970 -2.631947041 -81.265037537 -0.245971218 0.004889191 -0.000736674 0.514138997 0.857692659
1770721081.859862089 -2.570341110 -81.205764771 -0.276157528 0.023535552 0.013258009 0.371307820 0.928116798
1770721082.659956694 -2.546931028 -81.136245728 -0.284999490 0.028019471 0.013937012 0.196489975 0.980006337
1770721083.459812403 -2.519204140 -81.051132202 -0.295766681 0.023648392 0.005831467 0.016323676 0.999570012
1770721084.159809351 -2.382957458 -80.938110352 -0.329632044 0.013843201 -0.002829908 -0.148555383 0.988803148
1770721084.859867334 -2.031001806 -80.980400085 -0.344603628 0.004860036 0.004130902 -0.308378100 0.951242507
1770721085.659696341 -1.622252941 -81.226631165 -0.320897818 0.000202334 0.005797665 -0.476693392 0.879050493
1770721086.459909201 -1.326125503 -81.625076294 -0.330099463 -0.001947083 0.015325786 -0.625480831 0.780086577
1770721087.159896135 -1.207609773 -82.118621826 -0.333864301 -0.003805996 0.014406369 -0.707583964 0.706472099
1770721087.659865856 -1.265826702 -82.620468140 -0.337069660 0.000456023 0.006389667 -0.713908494 0.700209677
1770721088.259963274 -1.271251321 -83.191513062 -0.331022203 -0.002212743 0.005956361 -0.715298593 0.698790073
1770721088.859861612 -1.253828168 -83.775009155 -0.326751739 -0.009321223 0.021194963 -0.717044413 0.696642876
1770721089.359881163 -1.257117033 -84.325866699 -0.336904138 -0.008359317 0.018855089 -0.718817949 0.694892347
1770721089.859807491 -1.299269915 -84.901412964 -0.328178555 -0.008708175 0.007977652 -0.719408870 0.694486439
1770721090.259814739 -1.322383881 -85.403518677 -0.341774702 -0.005453430 0.006836074 -0.715357900 0.698703527
1770721090.759637356 -1.343193769 -86.022994995 -0.333735108 -0.014745552 0.006136614 -0.718927562 0.694901407
1770721091.259830236 -1.352663994 -86.618865967 -0.325084597 -0.010227430 0.014790312 -0.720471919 0.693250895
1770721091.759843111 -1.368681908 -87.180801392 -0.330699950 -0.010699045 0.018972522 -0.726515770 0.686804473
1770721092.259893656 -1.426749349 -87.788414001 -0.312744975 -0.008085816 0.008475875 -0.730195880 0.683137476
1770721092.659932375 -1.456839204 -88.431945801 -0.331637055 -0.001924331 0.014765227 -0.732156157 0.680974066
1770721092.959984541 -1.489624977 -88.944442749 -0.329576105 -0.002661312 0.012921167 -0.734555542 0.678420365
1770721093.259799957 -1.542438626 -89.462020874 -0.327326566 -0.001702700 0.014699496 -0.732553840 0.680548191
1770721093.659923315 -1.550096154 -90.094284058 -0.324588656 -0.007240937 0.033368867 -0.727905750 0.684826612
1770721094.059861183 -1.615708351 -90.725143433 -0.330544323 -0.011527116 0.014403886 -0.724211693 0.689330935
1770721094.459790230 -1.645457029 -91.357025146 -0.353095025 -0.007855344 0.017441072 -0.698896706 0.714966774
1770721094.859698296 -1.589125752 -91.967369080 -0.364391506 -0.003449266 0.040958896 -0.682198942 0.730010331
1770721095.259948969 -1.570641518 -92.573501587 -0.384074062 -0.020149933 0.018616628 -0.682619095 0.730259240
1770721095.659694910 -1.466550946 -93.222198486 -0.375550181 -0.017665453 0.029753901 -0.667173922 0.744097829
1770721095.959855080 -1.401148915 -93.736358643 -0.376799077 -0.022249641 0.030759096 -0.669906139 0.741474628
1770721096.359767914 -1.365967274 -94.385490417 -0.365376055 -0.007391497 0.021867316 -0.671910644 0.740272522
1770721096.759960890 -1.300667763 -95.009681702 -0.377694428 -0.014813827 0.025885621 -0.669704199 0.742028832
1770721097.159742117 -1.214490175 -95.643180847 -0.379306316 -0.018964121 0.024616670 -0.675488293 0.736715674
1770721097.559738159 -1.185152531 -96.295341492 -0.384710044 -0.008131037 0.018993925 -0.675635874 0.736945927
1770721097.959762812 -1.108186007 -96.914550781 -0.390828699 -0.018271284 0.029688708 -0.671030939 0.740609348
1770721098.359816790 -1.020671010 -97.532211304 -0.406878114 -0.024618441 0.026975103 -0.677224636 0.734869421
1770721098.759889364 -0.997007191 -98.169090271 -0.396407962 -0.007136806 0.012222760 -0.670933962 0.741382062
1770721099.059857130 -0.944386423 -98.670135498 -0.379911751 -0.009824533 0.024021912 -0.670994163 0.741008282
1770721099.359940052 -0.881420612 -99.177238464 -0.381942153 -0.008820105 0.022317605 -0.675004721 0.737423062
1770721099.759844065 -0.792819738 -99.812728882 -0.384011775 -0.017507914 0.030352466 -0.667553425 0.743736923
1770721100.159817934 -0.732424080 -100.455856323 -0.395630389 -0.021361567 0.025322560 -0.671946704 0.739858150
1770721100.559946775 -0.700558364 -101.082038879 -0.400340110 -0.008891696 0.018096397 -0.674555719 0.737948537
1770721100.959794521 -0.602712989 -101.707099915 -0.415994078 -0.019578898 0.022180680 -0.669963717 0.741804063
1770721101.359891176 -0.528210938 -102.347953796 -0.418417305 -0.020331889 0.025225796 -0.675019681 0.737088025
1770721101.759729862 -0.493380070 -102.985153198 -0.423930526 -0.011121863 0.018797919 -0.674064398 0.738349617
1770721102.159728050 -0.383045882 -103.605743408 -0.405101240 -0.021184329 0.030685211 -0.673173368 0.738544047
1770721102.459854603 -0.347680956 -104.122474670 -0.403823078 -0.028157774 0.022828735 -0.670345902 0.741162837
1770721102.859802723 -0.304528624 -104.781448364 -0.401376277 -0.015106360 0.021198159 -0.669074535 0.742739260
1770721103.259975433 -0.230749980 -105.428382874 -0.385300994 -0.010756426 0.027320815 -0.667866886 0.743701339
1770721103.659749269 -0.194366127 -106.050613403 -0.387943268 -0.018701147 0.010908970 -0.667211533 0.744553566
1770721104.059882164 -0.111925542 -106.686035156 -0.398329973 -0.013671763 0.016910588 -0.643655419 0.765006423
1770721104.460498810 0.015623813 -107.300422668 -0.395644128 -0.018481815 0.028681289 -0.617960274 0.785468638
1770721104.859799147 0.153100818 -107.915458679 -0.411279202 -0.023161335 0.013603552 -0.603214204 0.797126830
1770721105.259968519 0.362181038 -108.516586304 -0.415368050 -0.016615903 0.017385479 -0.583331406 0.811878145
1770721105.659898043 0.611147165 -109.132026672 -0.406094521 -0.021066416 0.030405816 -0.588735938 0.807478547
1770721105.959813118 0.780646324 -109.603225708 -0.391149133 -0.027091041 0.025740011 -0.601451457 0.798034847
1770721106.359727621 0.972763181 -110.183990479 -0.384266615 -0.027815105 0.036259104 -0.619318902 0.783808410
1770721106.759681225 1.131708026 -110.826240540 -0.385085255 -0.026588259 0.025631664 -0.646120787 0.762341142
1770721107.159769058 1.167638183 -111.462532043 -0.383135021 -0.007266374 0.020189412 -0.668246925 0.743629992
1770721107.559862375 1.244642258 -112.098403931 -0.377435893 -0.013290032 0.017902385 -0.670235455 0.741813540
1770721107.959919930 1.310724735 -112.723861694 -0.392776281 -0.015952677 0.018386943 -0.676581502 0.735965252
1770721108.359934568 1.370413780 -113.363586426 -0.400224775 -0.010012298 0.016425537 -0.666680753 0.745095134
1770721108.759798765 1.493223429 -113.983863831 -0.376819402 -0.021584954 0.026128799 -0.650059879 0.759126842
1770721109.059870958 1.555367112 -114.483253479 -0.381407052 -0.025517413 0.016387658 -0.642273426 0.765875399
1770721109.359875917 1.632626891 -114.981040955 -0.376076043 -0.017928582 0.023456458 -0.640741885 0.767188489
1770721109.759865284 1.758350968 -115.622261047 -0.386912316 -0.019304371 0.020283978 -0.643565118 0.764878929
1770721110.159778833 1.847532034 -116.247581482 -0.381073773 -0.008696417 0.018414890 -0.644831240 0.764053583
1770721110.559789658 1.988325715 -116.858276367 -0.380932033 -0.017887525 0.025513330 -0.639970422 0.767767549
1770721110.960477352 2.118144751 -117.482887268 -0.388933420 -0.021417316 0.026445655 -0.644503951 0.763843298
1770721111.359821320 2.197776794 -118.063438416 -0.389799416 -0.012276110 0.017080372 -0.644892454 0.763983846
1770721111.859893560 2.304080725 -118.639251709 -0.400454193 -0.013322765 0.013908745 -0.638449907 0.769422352
1770721112.259832621 2.419121265 -119.196823120 -0.390412569 -0.014007569 0.018984279 -0.643249631 0.765292943
1770721112.659760714 2.506650925 -119.757972717 -0.368261725 -0.019856445 0.010951507 -0.643307209 0.765272200
1770721113.159850597 2.608445406 -120.353675842 -0.376477391 -0.011903601 0.014427053 -0.646350503 0.762811363
1770721113.658797264 2.741302013 -120.942825317 -0.386724025 -0.020799777 0.022652436 -0.639342427 0.768306911
1770721114.159880638 2.849793673 -121.497680664 -0.392094553 -0.020774018 0.026654538 -0.636223912 0.770763993
1770721114.659786463 2.967686176 -122.098892212 -0.384626657 -0.015631899 0.024970062 -0.639152586 0.768515527
1770721115.159848928 3.053674221 -122.615776062 -0.386154503 -0.023474151 0.020979254 -0.641767740 0.766252577
1770721115.859868288 3.145588398 -123.144653320 -0.367480844 -0.021363748 0.021193715 -0.675574362 0.736677527
1770721116.659782171 3.208746910 -123.462570190 -0.361404687 -0.022624405 0.013310176 -0.794612467 0.606549203
1770721117.359817743 3.148164511 -123.728507996 -0.365779907 0.015680062 -0.005505753 0.883828402 -0.467515945
1770721118.059931993 2.961759806 -123.963684082 -0.372115374 0.006674236 0.010230776 0.947007895 -0.320978045
1770721119.059831142 2.530730963 -124.225128174 -0.366891950 -0.003221375 0.021533029 0.981917322 -0.188053727
1770721119.759793282 2.044084072 -124.387145996 -0.351327956 -0.001894069 0.013221685 0.968776762 -0.247574702
1770721120.559888124 1.789502740 -124.662757874 -0.347559184 0.014318106 -0.002855005 0.994390130 -0.104762167
1770721121.359778881 1.500524402 -124.777770996 -0.349074692 0.014166637 0.006690295 0.997610986 0.067282759
1770721122.159900188 1.229884982 -124.755851746 -0.361763746 0.010416550 0.012311690 0.967602730 0.251961946
1770721122.958785295 0.926783919 -124.642799377 -0.355174750 0.009009742 0.007554895 0.905477643 0.424231082
1770721123.759867430 0.681240261 -124.394981384 -0.353589982 0.011294076 0.008682844 0.813223183 0.581777453
1770721124.559823036 0.538689375 -123.962646484 -0.354536831 0.005566008 0.005087866 0.686414003 0.727171838
1770721125.158892870 0.575357914 -123.397636414 -0.331637591 -0.004157848 0.005411364 0.623040140 0.782160103
1770721125.559804201 0.692324102 -122.903152466 -0.329686850 0.000622770 0.008407319 0.617987931 0.786142349
1770721125.959834576 0.853869975 -122.337844849 -0.336498350 0.000073935 0.016358351 0.596524715 0.802428007
1770721126.358657598 1.078716993 -121.758750916 -0.334125459 0.010900582 0.021836435 0.585014522 0.810655534
1770721126.659862995 1.197155356 -121.259346008 -0.334887713 0.001362193 0.016165815 0.589447975 0.807643414
1770721126.959827423 1.362146139 -120.772369385 -0.346464664 0.010382091 0.020657727 0.591587961 0.805908918
1770721127.359835863 1.517569542 -120.136924744 -0.341482550 0.000953872 0.005227122 0.614441454 0.788944542
1770721127.759886265 1.646234751 -119.525268555 -0.371157050 -0.008453056 0.004361918 0.624080241 0.781302392
1770721128.158674717 1.785844922 -118.944122314 -0.368823975 -0.006410550 0.022009052 0.648300767 0.761039257
1770721128.559938669 1.818062544 -118.316207886 -0.365412444 -0.014061754 -0.005349000 0.680264950 0.732811928
1770721128.859814167 1.853254914 -117.808181763 -0.375371426 -0.008685900 -0.008608297 0.686790407 0.726752639
1770721129.158386946 1.868764400 -117.308876038 -0.374262273 -0.016028985 -0.006710053 0.696403921 0.717439592
1770721129.559897661 1.888431430 -116.664176941 -0.388467818 -0.014643924 -0.008153996 0.692821324 0.720914483
1770721129.958968639 1.937611341 -116.034820557 -0.379402936 -0.007097348 0.002913057 0.691186666 0.722635567
1770721130.358763933 1.918758631 -115.399597168 -0.380383223 -0.015160465 -0.005403801 0.697563291 0.716342390
1770721130.758691072 1.938688278 -114.754730225 -0.397428095 -0.014437647 -0.004759575 0.700820804 0.713175356
1770721131.158776522 1.985472560 -114.129310608 -0.404885620 -0.006917850 0.009289396 0.720650911 0.693201363
1770721131.559923649 1.931019545 -113.528381348 -0.432938218 -0.005544690 -0.001057441 0.754793823 0.655937791
1770721131.958852053 1.854063034 -112.892280579 -0.418643951 0.001280972 -0.001069732 0.767177522 0.641432703
1770721132.259887218 1.732547879 -112.373321533 -0.415322900 -0.006490028 0.000302303 0.777946949 0.628296375
1770721132.658587217 1.523064971 -111.780258179 -0.405263811 -0.044667352 -0.006952194 0.794539511 0.605527341
1770721133.058756590 1.357847810 -111.189651489 -0.413794696 -0.018521247 -0.028122639 0.781356692 0.623175561
1770721133.458811760 1.247057915 -110.639137268 -0.398308843 -0.027136020 -0.012166961 0.770395041 0.636873007
1770721133.858732939 1.159086585 -110.136383057 -0.395309210 -0.031513888 -0.008747433 0.747702837 0.663227618
1770721134.359954834 1.151655555 -109.503822327 -0.410113037 -0.009619205 -0.003170143 0.711250663 0.702865541
1770721134.858813763 1.146688342 -108.946144104 -0.404308558 -0.004165791 -0.003640936 0.681404889 0.731885731
1770721135.359011650 1.178875446 -108.350036621 -0.400745302 -0.004576819 0.003275341 0.654851437 0.755736649
1770721135.858589411 1.270066857 -107.825286865 -0.403863966 0.000794475 0.000945165 0.625431061 0.780278504
1770721136.458737135 1.388580441 -107.311325073 -0.404134452 0.002711867 0.000917067 0.581952155 0.813217998
1770721137.258839130 1.557360291 -106.810592651 -0.412015200 -0.001168031 -0.001166521 0.430833429 0.902429998
1770721137.958880901 1.925162196 -106.440933228 -0.452578902 0.005468306 0.005568015 0.281261235 0.959599495
1770721138.558791399 2.416927338 -106.205970764 -0.467615575 0.025818087 0.023188349 0.210967869 0.976876795
1770721139.058877468 2.937401772 -105.999458313 -0.440114945 0.019290067 0.026922738 0.166813165 0.985432088
1770721139.659931660 3.470578909 -105.810470581 -0.442896456 0.015133794 0.022971632 0.108561762 0.993709028
1770721140.259939194 4.010917664 -105.626007080 -0.453079581 0.003993629 0.010951684 0.051568799 0.998601437
1770721141.059912443 4.566089630 -105.513656616 -0.462973356 -0.009091810 0.009964426 -0.100347206 0.994861007
1770721141.858565331 5.076777935 -105.726905823 -0.481444001 0.015667051 0.006184450 -0.114267044 0.993307292
1770721142.458890915 5.581677914 -105.857398987 -0.494624138 0.005082274 0.006203355 -0.121227272 0.992592394
1770721143.158861160 6.089040756 -105.986602783 -0.495110184 0.002514841 0.007524780 -0.126955330 0.991876662
1770721144.158898592 6.608926296 -106.063186646 -0.516575992 0.000119538 0.008680699 -0.116042070 0.993206322
1770721148.158866882 7.158403873 -105.973335266 -0.533327162 -0.018907709 0.002467835 -0.014398788 0.999714494
1770721148.959058762 7.516841412 -105.926902771 -0.545381188 -0.006582046 0.004612800 0.151602820 0.988408804
1770721149.758604527 7.940813541 -105.663223267 -0.543360949 -0.012887893 -0.002807923 0.320505142 0.947154939
1770721150.558845282 8.303982735 -105.247436523 -0.539437652 -0.011667109 0.001800737 0.462893277 0.886335373
1770721151.158973694 8.491189957 -104.734695435 -0.550837696 -0.018621847 -0.004942141 0.480985910 0.876516581
1770721151.858712196 8.673102379 -104.222137451 -0.538598239 -0.016032852 -0.006190908 0.546998680 0.836957097
1770721152.559040308 8.860461235 -103.695068359 -0.551274717 -0.018001335 -0.012695093 0.546785593 0.836982846
1770721152.958705187 9.075644493 -103.240051270 -0.548319817 -0.012148998 -0.001430695 0.536724389 0.843668938
1770721153.458632231 9.314889908 -102.725517273 -0.557091117 0.002068288 -0.001276145 0.563204944 0.826313615
1770721154.058554888 9.463171959 -102.197349548 -0.562582374 0.006416624 0.003878093 0.606541455 0.795016527
1770721154.658937931 9.483855247 -101.688743591 -0.552782059 -0.000640287 -0.006525339 0.678827286 0.734268725
1770721155.259345770 9.388067245 -101.132766724 -0.561617613 -0.012187910 -0.018963128 0.708588839 0.705261350
1770721155.758672237 9.307029724 -100.563980103 -0.564625859 -0.023648009 -0.018659273 0.704121411 0.709440291
1770721156.158911943 9.294844627 -100.050659180 -0.567292690 -0.027395923 -0.013338439 0.707258940 0.706297576
1770721156.558889151 9.338429451 -99.553047180 -0.587324977 -0.007168252 0.002048250 0.704475880 0.709688783
1770721157.059205294 9.347805977 -98.993110657 -0.548201442 0.006266844 0.000506964 0.695695579 0.718309283
1770721157.558701515 9.286393166 -98.411834717 -0.558963478 0.000814970 0.001111803 0.718819857 0.695195019
1770721158.058959246 9.174155235 -97.858222961 -0.561461866 -0.008816141 -0.010115240 0.730571270 0.682704628
1770721158.458636522 9.059770584 -97.344970703 -0.559260249 -0.036122866 -0.018091436 0.732856452 0.679182768
1770721158.858890533 9.031599045 -96.805862427 -0.524559200 -0.023115050 -0.022120157 0.719688177 0.693559885
1770721159.459013939 9.081300735 -96.201812744 -0.518727660 -0.002058639 -0.010186330 0.701627493 0.712468088
1770721159.858986616 9.071053505 -95.682670593 -0.538733006 -0.001502336 -0.003425360 0.709726453 0.704467356
1770721160.258756638 9.025696754 -95.154685974 -0.540800750 -0.015130190 -0.005858107 0.710844398 0.703162193
1770721160.758896351 9.006893158 -94.536865234 -0.545464635 -0.009317324 -0.005679405 0.708098114 0.706029773
1770721161.258978844 8.962388992 -93.923767090 -0.540848017 -0.004069616 -0.011826305 0.705521464 0.708578229
1770721161.659195423 8.915619850 -93.392906189 -0.535882533 -0.013682106 -0.011454810 0.711716115 0.702240467
1770721162.159165382 8.869653702 -92.770378113 -0.502606928 -0.029242545 -0.013987909 0.715762556 0.697590947
1770721162.559060812 8.877246857 -92.267601013 -0.493650496 -0.014928096 -0.009306970 0.709481180 0.704504848
1770721163.058880329 8.906110764 -91.700309753 -0.496559620 -0.005588730 -0.008095178 0.698451757 0.715589523
1770721163.458942890 8.900878906 -91.198631287 -0.506140471 -0.001430563 -0.000269335 0.708230436 0.705979943
1770721163.959038496 8.845647812 -90.605300903 -0.494134486 -0.007350174 -0.003334159 0.712779224 0.701342046
1770721164.459182978 8.759304047 -90.063949585 -0.499929845 -0.042595439 -0.010778296 0.719598830 0.692998528
1770721164.859003067 8.759971619 -89.562324524 -0.493091375 -0.015097952 -0.020068010 0.712607741 0.701113105
1770721165.258911371 8.759769440 -89.045234680 -0.494577497 -0.018644089 -0.007042897 0.716317773 0.697489500
1770721165.659174919 8.766523361 -88.495979309 -0.487804949 -0.013778057 0.003376274 0.714995027 0.698985636
1770721166.059011698 8.772432327 -87.977951050 -0.497928828 0.002155356 -0.005389016 0.708944142 0.705240726
1770721166.458990335 8.739190102 -87.431961060 -0.500380695 0.002497960 -0.005839057 0.712165356 0.701983035
1770721166.859149456 8.709430695 -86.894905090 -0.499953508 -0.017868677 -0.013513784 0.712872863 0.700935423
1770721167.259136677 8.713697433 -86.375442505 -0.488778412 -0.014124428 -0.011341167 0.707102835 0.706878662
1770721167.758969784 8.706106186 -85.749740601 -0.486999422 -0.006871141 -0.003684349 0.713225782 0.700891018
1770721168.159070015 8.680233002 -85.220046997 -0.480283171 -0.010315681 -0.013813190 0.713102937 0.700847328
1770721168.559143543 8.700440407 -84.687103271 -0.480103076 -0.003413701 -0.002239345 0.708671927 0.705526352
1770721169.059039116 8.729920387 -84.073402405 -0.464846969 0.003095248 -0.002354475 0.706570506 0.707632005
1770721169.459114790 8.721578598 -83.550926208 -0.467036396 0.002941315 -0.000885046 0.711140275 0.703043401
1770721169.959153414 8.685749054 -82.941207886 -0.470272303 -0.011097685 -0.007459273 0.713519514 0.700507641
1770721170.458685160 8.642621040 -82.334205627 -0.458283544 -0.020052304 -0.007602493 0.714647055 0.699156404
1770721170.959121227 8.680501938 -81.696075439 -0.471868604 -0.000036327 -0.002794876 0.708107173 0.706099451
1770721171.359149218 8.735332489 -81.158325195 -0.452991992 0.017578354 0.014497281 0.705717981 0.708126366
1770721171.759004593 8.686051369 -80.568328857 -0.446138531 0.009205964 -0.004061917 0.707230210 0.706911683
1770721172.158977985 8.605309486 -80.013435364 -0.458421439 -0.015339142 -0.014401439 0.709340930 0.704551518
1770721172.558804035 8.581556320 -79.511795044 -0.419312924 -0.017357340 -0.008648180 0.711916804 0.701996028
1770721173.059161901 8.592279434 -78.947143555 -0.436203539 -0.011995805 -0.008847374 0.717085540 0.696825802
1770721173.559140444 8.583491325 -78.373725891 -0.427969366 -0.008811979 -0.005909618 0.717457950 0.696520984
1770721173.959310770 8.561763763 -77.870193481 -0.448480368 -0.006074619 -0.008354529 0.709400773 0.704729617
1770721174.459067106 8.509230614 -77.282684326 -0.452695280 -0.007813067 -0.018278861 0.705040276 0.708888590
1770721174.959103584 8.453310013 -76.782096863 -0.420480520 -0.020450186 -0.017084412 0.741153359 0.670806766
1770721175.659096956 8.576414108 -76.577285767 -0.451917619 0.000776260 -0.010505501 0.837701678 0.546026409
1770721176.359000444 8.312331200 -76.225746155 -0.474533141 0.012434570 -0.006426450 0.914177120 0.405073196
1770721176.959030867 8.224218369 -76.365715027 -0.506352723 -0.007925734 -0.043857951 0.962906659 0.266128570
1770721178.059049606 7.798591614 -76.233802795 -0.483407199 0.012834428 -0.008814547 0.990591645 0.135962352
1770721178.758859158 7.276808262 -76.150444031 -0.452664226 0.005468698 -0.008525867 0.999909818 -0.008819682
1770721179.359007359 6.683115482 -76.254806519 -0.407859802 0.010687323 -0.024863914 0.999375820 -0.022706466
1770721179.859163523 6.138297558 -76.315902710 -0.390512496 0.008193518 -0.009946538 0.999837101 -0.012640431
1770721181.859096766 5.606180668 -76.253173828 -0.397004694 0.010487867 -0.013778325 0.999490619 0.026808361
1770721182.459012032 5.084353924 -76.133834839 -0.386117250 0.004646811 0.000941606 0.995747328 0.092003673
1770721183.258786440 4.873694420 -76.103057861 -0.365335464 0.002154392 0.011652098 0.967194319 0.253761292
1770721184.059085131 4.818327904 -76.185134888 -0.397328019 0.012361370 0.008306331 0.906093657 0.422814995
1770721184.859172106 4.743033409 -76.227882385 -0.394734830 0.021848587 0.008492332 0.821541190 0.569667041
1770721185.658771276 4.665243626 -76.260406494 -0.400990814 0.025553731 0.007899694 0.701990783 0.711683631
1770721186.459157467 4.582379818 -76.270179749 -0.404221684 0.026685366 0.007713866 0.556340694 0.830489874
1770721187.158806801 4.527485847 -76.273208618 -0.396195561 0.012441304 -0.003289105 0.416278034 0.909146309
1770721187.959130049 4.453619003 -76.181007385 -0.389458299 0.003342916 -0.006194089 0.249845013 0.968260288
1770721189.959297419 4.926613808 -75.961448669 -0.393929362 -0.007370872 0.001880604 0.094223328 0.995522022
1770721190.558840752 5.469643593 -75.837165833 -0.409508586 -0.004815642 0.008138540 0.115520753 0.993260026
1770721191.359129906 5.996214390 -75.753715515 -0.393022299 -0.004412846 0.014261796 0.039743092 0.999098420
1770721192.159307003 6.511204243 -75.657493591 -0.414697140 -0.012600214 0.009468443 -0.052253824 0.998509467
1770721193.059306383 6.997792721 -75.691734314 -0.437561363 -0.015718346 0.008512234 -0.241217986 0.970306337
1770721193.858824492 7.418565750 -75.876152039 -0.482139826 -0.016368704 0.014432310 -0.408810347 0.912358403
1770721194.559110880 7.793924809 -76.317398071 -0.476075202 -0.011402271 0.016166322 -0.549600065 0.835193634
1770721195.259363890 8.017901421 -76.793083191 -0.476349950 -0.006715432 0.013564645 -0.651850939 0.758196056
1770721196.059111118 8.058451653 -77.377105713 -0.465320826 -0.005649507 -0.000029190 -0.660103559 0.751153350
1770721196.559385538 8.155483246 -77.908981323 -0.472875714 0.000108506 0.008045962 -0.659401178 0.751748204
1770721197.359250546 8.260988235 -78.413383484 -0.458991915 -0.018848475 0.012195059 -0.661067545 0.749990463
1770721198.059211016 8.300024986 -78.924789429 -0.469289392 -0.006912168 0.010297959 -0.655416906 0.755165458
1770721198.759274721 8.407040596 -79.447090149 -0.461454570 -0.017008288 0.020061759 -0.654821754 0.755325556
1770721199.259292364 8.490820885 -80.005645752 -0.468799949 -0.013416916 0.023017567 -0.654382885 0.755693853
1770721199.758934736 8.571996689 -80.592033386 -0.477591336 -0.009795743 0.019111147 -0.658259273 0.752484918
1770721200.259147882 8.638983727 -81.169975281 -0.466671973 -0.013554025 0.014595076 -0.681095421 0.731923699
1770721200.758876324 8.684931755 -81.779495239 -0.477047354 -0.009575827 0.021753179 -0.686415076 0.726821423
1770721201.259011984 8.709889412 -82.381752014 -0.481117129 -0.013052300 0.023200363 -0.692926943 0.720516205
1770721201.759327173 8.751632690 -82.956153870 -0.472504109 -0.014586752 0.022590412 -0.704512477 0.709181905
1770721202.259162188 8.763573647 -83.564842224 -0.462335259 -0.006565171 0.022424327 -0.714530766 0.699213684
1770721202.758980036 8.741832733 -84.118980408 -0.471369952 -0.011539064 0.018056104 -0.722052574 0.691506267
1770721203.259373426 8.714941978 -84.692832947 -0.469288260 -0.011433710 0.011993188 -0.725613713 0.687902749
1770721203.759319782 8.689615250 -85.304344177 -0.473623008 -0.001929127 0.017154237 -0.725365579 0.688147426
1770721204.258938074 8.671595573 -85.868064880 -0.487937033 -0.007572649 0.009658846 -0.713417709 0.700631499
1770721204.759176493 8.658398628 -86.420127869 -0.479397982 -0.015601669 0.009341064 -0.697977602 0.715888679
1770721205.259694338 8.695750237 -86.955078125 -0.480339259 -0.003833423 0.029220181 -0.690900028 0.722349346
1770721205.759392500 8.734534264 -87.530281067 -0.483543396 -0.012493360 0.026519295 -0.693875909 0.719497621
1770721206.159207821 8.743330002 -88.039680481 -0.499045581 -0.008675041 0.019847702 -0.693917036 0.719729066
1770721206.659016371 8.754570007 -88.652740479 -0.535623193 -0.009984695 0.014129548 -0.686929166 0.726518393
1770721207.159283161 8.791973114 -89.275390625 -0.509382665 -0.015805343 0.013010115 -0.687468827 0.725925267
1770721207.658968449 8.851453781 -89.881523132 -0.510338962 -0.017471576 0.030256700 -0.688221574 0.724658847
1770721208.059172869 8.879019737 -90.450927734 -0.505737305 -0.025107550 0.021077646 -0.690657020 0.722439110
1770721208.459522009 8.929695129 -90.973396301 -0.512262225 -0.019615982 0.028505635 -0.691304326 0.721734643
1770721208.959281445 8.938906670 -91.589546204 -0.507369459 -0.017261671 0.029702408 -0.694896877 0.718288362
1770721209.359241486 8.933141708 -92.104804993 -0.515350282 -0.013856381 0.020779224 -0.702931464 0.710819006
1770721209.859195709 8.918763161 -92.707244873 -0.515686691 -0.014884962 0.008700475 -0.705679774 0.708321095
1770721210.359329462 8.950782776 -93.250991821 -0.522242248 -0.009919339 0.022725524 -0.701090753 0.712640822
1770721210.859454393 8.966788292 -93.776115417 -0.540908933 -0.013015002 0.023106355 -0.686779261 0.726382136
1770721211.359234333 8.993150711 -94.376937866 -0.522802353 -0.011398386 0.019652981 -0.681587934 0.731383443
1770721211.859477520 9.048226357 -94.964202881 -0.524361193 -0.010022696 0.023279341 -0.679126024 0.733583987
1770721212.358961582 9.088950157 -95.513847351 -0.537652791 -0.013450483 0.017662028 -0.681258023 0.731706679
1770721212.859242916 9.123117447 -96.092193604 -0.549510419 -0.016228866 0.017755162 -0.684587538 0.728533626
1770721213.258970022 9.159424782 -96.652954102 -0.563350499 -0.010348756 0.022589698 -0.677671015 0.734945357
1770721213.659478664 9.202877998 -97.182388306 -0.562611699 -0.015126430 0.024415847 -0.675814331 0.736512125
1770721214.158945560 9.258221626 -97.778907776 -0.572960496 -0.018127669 0.023419984 -0.683387756 0.729454577
1770721214.559347153 9.305029869 -98.309112549 -0.539518476 -0.014355139 0.025529454 -0.681782722 0.730968177
1770721214.959235668 9.356862068 -98.826461792 -0.546841681 -0.019441556 0.029656719 -0.673249781 0.738564312
1770721215.359513283 9.393234253 -99.382781982 -0.571554601 -0.014896708 0.020769687 -0.676317513 0.736166596
1770721215.759239197 9.404321671 -99.900711060 -0.555115163 -0.007404238 0.016863553 -0.679230154 0.733694196
1770721216.159318686 9.489474297 -100.398857117 -0.554920197 -0.017816603 0.029099600 -0.686463416 0.726363361
1770721216.559389830 9.578816414 -100.912925720 -0.582086861 -0.026036788 0.035472576 -0.703953326 0.708881915
1770721217.059365273 9.538924217 -101.519798279 -0.563399792 -0.014271790 0.019637499 -0.724968493 0.688354075
1770721217.559518099 9.440881729 -102.064811707 -0.549325287 0.009414764 0.003255025 -0.747818708 0.663828254
1770721218.059267521 9.386619568 -102.683578491 -0.536690354 0.000314099 -0.000970971 -0.744930387 0.667141438
1770721218.559366465 9.346645355 -103.252235413 -0.522904932 -0.005605455 0.006400657 -0.740239620 0.672289371
1770721219.159379244 9.324383736 -103.831497192 -0.527997732 -0.007668917 0.019008001 -0.738174617 0.674298227
1770721219.759262323 9.269846916 -104.435577393 -0.539529979 -0.012485430 0.026525270 -0.737563968 0.674640596
1770721220.259301424 9.186042786 -104.952728271 -0.537261963 -0.003669117 0.018953752 -0.728962839 0.684280992
1770721220.959272385 9.129674911 -105.450057983 -0.517565727 -0.002046150 0.008303910 -0.726904392 0.686685443
1770721225.259375811 9.161039352 -106.050369263 -0.552506626 -0.010645102 0.017121175 -0.740749717 0.671478570
1770721225.759638548 9.104386330 -106.565338135 -0.530040264 -0.014886289 0.019349981 -0.720951200 0.692555666
1770721226.159026146 9.053083420 -107.077209473 -0.538041055 -0.005912073 0.015046610 -0.701590300 0.712397158
1770721226.559068203 9.025928497 -107.646171570 -0.545144320 -0.002940928 0.004641108 -0.675026655 0.737772882
1770721226.859374523 9.141499519 -108.141036987 -0.549334407 -0.014404056 0.018995397 -0.661392868 0.749660730
1770721227.159420967 9.238867760 -108.651962280 -0.585021973 -0.022345921 0.023012614 -0.641563594 0.766398847
1770721227.559442043 9.398069382 -109.285110474 -0.538273931 -0.030598991 0.046307608 -0.610426188 0.790126026
1770721227.959176779 9.580297470 -109.920021057 -0.546061635 -0.037553839 0.042969245 -0.611477971 0.789200842
1770721228.359572172 9.712294579 -110.538681030 -0.541463435 -0.018609494 0.026528260 -0.616013646 0.787068725
1770721228.659571171 9.844932556 -111.032951355 -0.530124068 -0.015366135 0.034250095 -0.627860904 0.777419746
1770721229.059122562 9.954868317 -111.656875610 -0.496038049 -0.021836048 0.016333131 -0.652811706 0.757029235
1770721229.459574938 10.060681343 -112.297485352 -0.496490747 -0.013019697 0.024039797 -0.666353762 0.745134354
1770721229.859370708 10.155250549 -112.886238098 -0.489739597 -0.018249689 0.037302125 -0.692581892 0.720142841
1770721230.259340286 10.163141251 -113.513832092 -0.489106983 -0.024775138 0.015528337 -0.718292832 0.695126235
1770721230.659515142 10.119447708 -114.138465881 -0.499726802 -0.006887455 0.013867503 -0.728707790 0.684649646
1770721230.959612131 10.084386826 -114.637832642 -0.472289354 -0.002401408 0.006276325 -0.739259660 0.673386931
1770721231.259531021 10.018462181 -115.148262024 -0.479700685 -0.001490377 0.005465133 -0.739255190 0.673401654
1770721231.659385204 9.975997925 -115.800613403 -0.468028843 -0.006447971 0.019616684 -0.735105813 0.677637815
1770721232.059424877 9.918249130 -116.436531067 -0.459665209 -0.012708482 0.006936365 -0.733885467 0.679118931
1770721232.459119797 9.867677689 -117.051696777 -0.463358045 -0.008025502 0.009659744 -0.722375333 0.691387117
1770721232.859526396 9.880136490 -117.648101807 -0.456416100 -0.003121572 0.035079278 -0.715034604 0.698201418
1770721233.259422541 9.856517792 -118.260734558 -0.471552730 -0.020077541 0.015268592 -0.723873794 0.689471185
1770721233.659653902 9.856194496 -118.876075745 -0.483409494 -0.013461557 0.019811731 -0.709440053 0.704358637
1770721234.059415579 9.882431030 -119.507865906 -0.456881106 -0.019260623 0.034342628 -0.714781046 0.698238969
1770721234.359473705 9.871623993 -120.021614075 -0.461327910 -0.018247891 0.024407860 -0.714637458 0.698830843
1770721234.759207010 9.845116615 -120.668060303 -0.450207204 -0.018157767 0.026577797 -0.710271001 0.703191996
1770721235.159514904 9.811697006 -121.282188416 -0.461922526 -0.012650548 0.018996706 -0.712012649 0.701795578
1770721235.559405088 9.758020401 -121.833297729 -0.454499245 0.011739667 0.023097666 -0.722322047 0.691071272
1770721235.959664822 9.785348892 -122.382499695 -0.456629246 -0.009919075 0.016320547 -0.713369429 0.700527847
1770721236.359124899 9.779678345 -122.939147949 -0.480306506 -0.017158033 0.015595910 -0.708991706 0.704835534
1770721236.759518862 9.759312630 -123.540908813 -0.497402042 -0.008988365 0.013736446 -0.703210473 0.710792184
1770721237.159417152 9.813417435 -124.138603210 -0.487597913 -0.018513774 0.020278087 -0.693946779 0.719502568
1770721237.559144497 9.836979866 -124.781700134 -0.466642499 -0.014366375 0.011297892 -0.698385894 0.715488076
1770721237.959425211 9.850452423 -125.423805237 -0.452105194 -0.010430053 0.019143790 -0.701487184 0.712348640
1770721238.359416962 9.887870789 -126.046157837 -0.453016907 -0.020588174 0.026929880 -0.697253406 0.716022730
1770721238.759616137 9.907002449 -126.689964294 -0.460652679 -0.019043459 0.023607619 -0.698897004 0.714578927
1770721239.159494162 9.890895844 -127.298446655 -0.448585659 -0.008301662 0.017175771 -0.702936769 0.710996449
1770721239.559236050 9.933380127 -127.876098633 -0.441303760 -0.014016034 0.021848442 -0.693035126 0.720436335
1770721239.959670782 9.974551201 -128.486633301 -0.444196492 -0.019912051 0.022825830 -0.694047570 0.719291627
1770721240.359147549 9.973866463 -129.100021362 -0.470321715 -0.007913981 0.018137522 -0.679282069 0.733610451
1770721240.759461641 10.094384193 -129.701217651 -0.450344443 -0.022921612 0.027775725 -0.658713043 0.751531899
1770721241.159454584 10.189077377 -130.357879639 -0.450788319 -0.019978102 0.022883203 -0.642250419 0.765892684
1770721241.559431314 10.287229538 -130.978576660 -0.436309159 -0.012356605 0.018745365 -0.638361871 0.769408882
1770721241.959485531 10.439596176 -131.552947998 -0.430857629 -0.021801114 0.028256331 -0.632010520 0.774137557
1770721242.359136105 10.562891006 -132.124114990 -0.444192111 -0.023636507 0.025566749 -0.630708158 0.775238574
1770721242.759591579 10.653732300 -132.666076660 -0.439458817 -0.013079961 0.019249560 -0.632002473 0.774616838
1770721243.159516573 10.783252716 -133.163497925 -0.448932767 -0.021871027 0.029231753 -0.629284322 0.776317179
1770721243.559419870 10.894909859 -133.655181885 -0.460142523 -0.023552833 0.024388246 -0.649488986 0.759614766
1770721243.959547997 10.946177483 -134.173004150 -0.444212228 -0.007925516 0.012719708 -0.669141114 0.742984235
1770721244.359465122 11.066662788 -134.734893799 -0.428185672 -0.016900020 0.020089367 -0.688894868 0.724385679
1770721244.759677410 11.113945007 -135.299896240 -0.427242041 -0.022327166 0.023433276 -0.712556660 0.700867593
1770721245.159463167 11.074728012 -135.891281128 -0.416474730 -0.009853954 0.015287017 -0.736575067 0.676111281
1770721245.559233427 11.021854401 -136.474685669 -0.409340322 -0.016672719 0.015832780 -0.751825154 0.658961594
1770721245.959542513 10.929577827 -137.057846069 -0.406055212 -0.009450050 0.010162897 -0.772319913 0.635082185
1770721246.359464407 10.812318802 -137.603286743 -0.384388477 0.001152527 0.003110960 -0.793657959 0.608355045
1770721246.759526253 10.711055756 -138.131774902 -0.377646655 -0.012463299 0.009049596 -0.802032709 0.597081542
1770721247.159609079 10.551105499 -138.652923584 -0.381580800 -0.010702617 0.007934179 -0.807660103 0.589497805
1770721247.559524059 10.348243713 -139.168212891 -0.368718386 -0.001222417 -0.001024080 -0.801839471 0.597537339
1770721247.959569931 10.183589935 -139.701812744 -0.356769383 -0.004058688 -0.007136197 -0.785390258 0.618946433
1770721248.359192848 10.074411392 -140.218215942 -0.363203794 -0.007199228 -0.003016083 -0.771703064 0.635935068
1770721248.859722137 9.979568481 -140.766937256 -0.348213017 -0.005999489 0.000993970 -0.742504716 0.669813275
1770721249.659507513 10.012760162 -141.275604248 -0.359546095 -0.007644237 0.022973215 -0.685900748 0.727292240
1770721250.759614706 10.038312912 -141.841125488 -0.388509750 -0.012809189 0.013810877 -0.688799798 0.724706829
1770721251.259259701 10.083024979 -142.354232788 -0.396576852 -0.016567519 0.010048255 -0.690377235 0.723190010
1770721251.759220123 10.120588303 -142.861541748 -0.375589013 -0.017802931 0.018730033 -0.689418137 0.723902524
1770721252.359607220 10.167071342 -143.380493164 -0.387811095 -0.016456151 0.018780950 -0.687273860 0.725969076
1770721252.959516764 10.178731918 -143.907913208 -0.383770674 -0.010143984 0.014350835 -0.687654078 0.725825787
1770721253.559611797 10.205595016 -144.412948608 -0.388324380 -0.005614843 0.010722144 -0.688225150 0.725396156
1770721264.859662056 10.282412529 -144.910995483 -0.420834422 -0.009986318 0.012284004 -0.646739244 0.762546897
1770721265.459591866 10.386646271 -145.487182617 -0.415097386 -0.009763748 0.012184867 -0.613634706 0.789435625
1770721265.959308863 10.568189621 -146.039916992 -0.406087905 -0.017320821 0.020414600 -0.615358829 0.787792325
1770721266.359733105 10.722273827 -146.572418213 -0.400325984 -0.020071125 0.024505941 -0.634564817 0.772220194
1770721266.759572983 10.819889069 -147.171173096 -0.396437049 -0.011429759 0.019965058 -0.656247377 0.754195035
1770721267.159815073 10.931780815 -147.795272827 -0.379027188 -0.017671177 0.025036978 -0.683700502 0.729119003
1770721267.459401369 10.974418640 -148.301101685 -0.367219359 -0.022532016 0.016512409 -0.703805625 0.709843099
1770721267.859787464 10.968757629 -148.962661743 -0.357945949 -0.012427942 0.023396088 -0.726285219 0.686882794
1770721268.259703398 10.952026367 -149.609909058 -0.342408717 -0.014473383 0.032025512 -0.740293384 0.671364725
1770721268.659343958 10.854147911 -150.235671997 -0.330403626 -0.016611908 0.011736056 -0.751824677 0.659049392
1770721269.059868574 10.751873016 -150.864151001 -0.345388591 -0.005287531 0.009939171 -0.741918921 0.670395017
1770721269.459940434 10.710843086 -151.465698242 -0.325878650 -0.004564108 0.026216866 -0.737779319 0.674517274
1770721269.859349966 10.629325867 -152.094497681 -0.322345763 -0.012117578 0.004291430 -0.731878579 0.681313813
1770721270.259732723 10.565382957 -152.710296631 -0.344623506 -0.004359351 -0.000629844 -0.709178507 0.705015242
1770721270.659656048 10.611781120 -153.377349854 -0.320944101 -0.008261604 0.019302486 -0.712360203 0.701499820
1770721270.959661007 10.628543854 -153.896621704 -0.322540134 -0.013410831 0.021390181 -0.716716230 0.696907818
1770721271.359382153 10.675680161 -154.496246338 -0.292035073 -0.027058586 0.034972969 -0.694704473 0.717934787
1770721271.759820461 10.709088326 -155.132736206 -0.315517485 -0.027818728 0.034476314 -0.708707511 0.704110146
1770721272.159976959 10.676700592 -155.771667480 -0.303205878 -0.013632257 0.019044837 -0.719362319 0.694240034
1770721272.559923172 10.650819778 -156.411315918 -0.304395318 -0.018015549 0.020108381 -0.719771504 0.693685949
1770721272.959666491 10.630393982 -157.030136108 -0.302791923 -0.013722619 0.020737207 -0.724447668 0.688881159
1770721273.359713078 10.585382462 -157.673461914 -0.310133457 -0.008597791 0.013752212 -0.719746768 0.694047153
1770721273.759853840 10.619759560 -158.308334351 -0.292080164 -0.023510240 0.025017446 -0.711857438 0.701484323
1770721274.059808254 10.617605209 -158.828353882 -0.283526719 -0.028617743 0.019515414 -0.710738719 0.702602804
1770721274.459776402 10.601833344 -159.486434937 -0.293000430 -0.015415978 0.023119098 -0.708649039 0.705013812
1770721274.859643459 10.617604256 -160.131622314 -0.274936140 -0.014651048 0.032372523 -0.706916630 0.706403732
1770721275.259400606 10.598009109 -160.765808105 -0.270672441 -0.021223133 0.017010910 -0.714571595 0.699033380
1770721275.659702539 10.595378876 -161.405441284 -0.280055612 -0.016621597 0.016759906 -0.706735551 0.707083881
1770721276.059710026 10.634102821 -162.013168335 -0.271061957 -0.017039971 0.036705442 -0.705778778 0.707275510
1770721276.459431887 10.621194839 -162.631057739 -0.280316800 -0.023902765 0.014681523 -0.711694241 0.701929033
1770721276.859727859 10.587209702 -163.256851196 -0.286854625 -0.015131652 0.013716834 -0.704574704 0.709335864
1770721277.159878492 10.611073494 -163.771530151 -0.274630845 -0.014445679 0.010099650 -0.708795726 0.705193520
1770721277.459777355 10.602226257 -164.283889771 -0.273707896 -0.012968956 0.014072502 -0.708148539 0.705804110
1770721277.859516382 10.653971672 -164.914871216 -0.246404335 -0.016157210 0.035839826 -0.703007936 0.710094512
1770721278.159800529 10.629120827 -165.423110962 -0.250505656 -0.012373131 0.018742381 -0.701817155 0.712003052
1770721278.559451580 10.646173477 -166.053131104 -0.252698720 -0.019949110 0.022694111 -0.696284711 0.717129350
1770721278.959716082 10.681481361 -166.666549683 -0.250804275 -0.021009116 0.024568271 -0.702281654 0.711164832
1770721279.359726191 10.666515350 -167.314926147 -0.260240316 -0.011399322 0.016909784 -0.700747013 0.713118315
1770721279.759400368 10.705181122 -167.933013916 -0.243857801 -0.022495316 0.024226353 -0.695496321 0.717768729
1770721280.159757376 10.756155968 -168.545639038 -0.257385850 -0.027207617 0.027479293 -0.702598691 0.710534871
1770721280.459788084 10.760318756 -169.058776855 -0.245770663 -0.021779498 0.022943063 -0.698730528 0.714685202
1770721280.859758854 10.793530464 -169.702056885 -0.224351943 -0.020021213 0.034360416 -0.704640687 0.708449006
1770721281.359412909 10.768118858 -170.257293701 -0.216130599 -0.019591434 0.019415082 -0.729797304 0.683107018
1770721281.959798813 10.727266312 -170.837844849 -0.214106858 -0.013592740 0.015188208 -0.744763315 0.667017400
1770721282.459891081 10.643729210 -171.433517456 -0.220584795 -0.012402766 0.007765105 -0.741306663 0.671006918
1770721282.859461546 10.592984200 -171.938018799 -0.231210679 -0.011182765 0.008546669 -0.730217814 0.683069468
1770721283.259781837 10.583672523 -172.440734863 -0.233638987 -0.012145746 0.015950926 -0.726058066 0.687341094
1770721283.759784698 10.552417755 -173.065292358 -0.227349237 -0.013499302 0.011217178 -0.729766250 0.683471382
1770721284.159709215 10.531015396 -173.603546143 -0.202352405 -0.012611599 0.014658021 -0.729926884 0.683251739
1770721284.659751654 10.510169029 -174.173004150 -0.200427741 -0.021387788 0.014849865 -0.731986761 0.680821121
1770721285.259754896 10.469849586 -174.738769531 -0.185143381 -0.019325281 0.017238721 -0.739866018 0.672255695
1770721285.859841585 10.416692734 -175.304733276 -0.192417890 -0.017189080 0.016749501 -0.746206105 0.665282190
1770721286.459859610 10.347331047 -175.849105835 -0.195641637 -0.016555944 0.016587608 -0.747158587 0.664232492
1770721287.159768343 10.272355080 -176.413650513 -0.182982534 -0.011864364 0.013559858 -0.760606468 0.648963153
1770721287.959735632 10.219629288 -176.970611572 -0.165901348 -0.022911670 0.022412626 -0.800155997 0.598934889
1770721288.759968996 10.031271935 -177.450775146 -0.167758837 -0.015742199 0.006786920 -0.798360944 0.601935208
1770721290.259922504 10.016327858 -177.791824341 -0.161379442 0.018315064 -0.004492257 0.892092764 -0.451458514
1770721291.059569836 9.987511635 -177.891113281 -0.164216608 0.014286289 0.003635594 0.956678927 -0.290771514
1770721291.859901190 9.675168991 -178.090377808 -0.174161628 0.007714666 0.007740390 0.994068444 -0.108206138
1770721292.459833145 9.176886559 -178.243240356 -0.172669187 0.012091590 0.001595427 0.999717295 0.020411143
1770721292.959949732 8.610503197 -178.226455688 -0.146699414 0.019164512 0.006469915 0.999431312 0.026980141
1770721293.359848976 8.040289879 -178.145706177 -0.131447062 0.008901737 0.007561101 0.999367177 0.033597991
1770721293.760073662 7.469101906 -178.088851929 -0.095212609 0.002021375 0.015585996 0.999500751 0.027408876
1770721294.159383297 6.928111076 -178.052154541 -0.074380226 0.009358159 0.013289959 0.999836981 0.007861633
1770721294.559824944 6.407815933 -178.037612915 -0.071919724 0.001609308 0.005865389 0.999915242 0.011511263
1770721295.059396744 5.796931744 -178.046585083 -0.049961567 0.003528114 0.004046791 0.999872565 0.015037315
1770721295.459801912 5.265466213 -178.026977539 -0.048876259 0.006492287 0.008435580 0.999942362 0.001385082
1770721295.859753847 4.754163265 -178.031951904 -0.024777714 0.001461353 -0.003739635 0.999957383 -0.008306823
1770721296.359813690 4.116309643 -178.016357422 -0.029549215 0.002549216 0.004002391 0.999923110 -0.011451104
1770721296.859470844 3.503108025 -178.018112183 -0.014962631 0.002692824 0.009790077 0.999145865 -0.040056117
1770721297.359793663 2.908812523 -178.065017700 0.011311470 -0.000230604 0.005860538 0.996763766 -0.080172405
1770721297.959784031 2.328432083 -178.203506470 0.026074165 -0.000835518 0.001186742 0.990374327 -0.138407260
1770721298.459322691 1.857307076 -178.389556885 0.019924460 0.008315902 -0.001800822 0.981535554 -0.191090629
1770721298.960026741 1.396069169 -178.597732544 0.059518747 0.006446548 -0.006433720 0.970883429 -0.239379048
1770721299.659921169 0.938340962 -178.883850098 0.068849735 0.004672732 -0.015670514 0.941297293 -0.337182432
1770721300.459521294 0.704485714 -179.049926758 0.065920688 0.011196394 -0.014154231 0.866301179 -0.499195904
1770721301.459496975 0.622933447 -179.291610718 0.049828768 -0.021776116 0.025768317 -0.776291430 0.629470766
1770721302.859950304 0.667318463 -179.558517456 0.041445896 0.032834504 -0.032418102 0.873587966 -0.484473944
1770721303.559823036 0.647233963 -179.575042725 0.041085601 0.016008254 -0.016279494 0.939755797 -0.341083258
1770721304.359954119 0.597370327 -179.666320801 0.043066218 0.017859852 -0.004794673 0.985015392 -0.171471834
1770721305.160066605 0.501689911 -179.777282715 0.033913717 0.021024253 -0.001388980 0.999620140 0.017766846
1770721305.959940195 0.390015811 -179.826736450 0.028467670 0.022771858 -0.000433008 0.980708599 0.194144294
1770721306.760016203 0.160287291 -179.789871216 0.043053303 0.022565387 0.000515912 0.927417755 0.373345375
1770721307.559630871 -0.109152198 -179.536392212 0.054325368 0.014602071 0.003225393 0.840650320 0.541371703
1770721308.659958839 -0.290565282 -179.024322510 0.054226954 0.012417376 0.013688188 0.745974064 0.665718555
1770721309.559827089 -0.317764163 -178.478683472 0.043528434 0.010875739 0.008971810 0.841436207 0.540172577
1770721310.159864426 -0.506734788 -178.004684448 0.057770561 0.021017713 0.011462977 0.885955632 0.463151723
1770721310.759875298 -0.847694993 -177.633865356 0.078493036 0.004719767 -0.007436146 0.876295567 0.481693417
1770721311.459466934 -1.187537432 -177.175643921 0.090465829 -0.006485110 -0.009992406 0.848727107 0.528696835
1770721312.059960604 -1.412008524 -176.699066162 0.092162758 -0.008727971 -0.004742752 0.775956094 0.630708754
1770721312.759651423 -1.477129698 -176.116149902 0.084497608 -0.000319582 0.003929605 0.761637747 0.647991002
1770721313.259907007 -1.508377433 -175.593078613 0.085621409 0.008813187 0.009971854 0.779811859 0.625872493
1770721313.759960651 -1.639063716 -175.101898193 0.089225061 0.005428477 0.003085058 0.782752872 0.622301400
1770721314.260016203 -1.782712340 -174.610870361 0.099600002 -0.000571372 -0.007412173 0.780047715 0.625675797
1770721314.759961367 -1.902666330 -174.123184204 0.097573407 -0.009211187 -0.001287979 0.772832513 0.634541869
1770721315.359653711 -1.995114684 -173.543395996 0.092701994 -0.006332170 0.000447859 0.753872693 0.656989872
1770721315.959694386 -2.065401793 -173.022399902 0.097153321 0.000386983 0.005179567 0.745295227 0.666714430
1770721316.660076618 -2.099418640 -172.468307495 0.097657003 0.010176728 0.007378626 0.742941082 0.669238746
1770721317.359952927 -2.198206663 -171.962707520 0.099698357 0.001947506 -0.002674249 0.743068099 0.669207633
1770721318.060097218 -2.263288975 -171.403366089 0.086550593 -0.008954816 -0.002836582 0.748145163 0.663468599
1770721318.759577990 -2.343150139 -170.887817383 0.090194196 -0.007996508 -0.002237581 0.708744526 0.705416381
1770721319.459937096 -2.313674688 -170.306716919 0.072984129 -0.005405205 0.002337550 0.668140054 0.744012237
1770721320.059975863 -2.231059551 -169.798706055 0.083887391 0.003709371 0.005120397 0.663067281 0.748533070
1770721320.760097980 -2.149151087 -169.221908569 0.086704090 0.010825723 0.010552439 0.674233973 0.738363087
1770721321.359730482 -2.099825382 -168.628570557 0.082058243 0.011330742 0.011169839 0.679558754 0.733448565
1770721321.859664202 -2.096001387 -168.035507202 0.071643636 -0.000849464 0.001772667 0.688571334 0.725165963
1770721322.459933996 -2.068438053 -167.443954468 0.063185729 -0.004749340 -0.001936055 0.693888128 0.720064640
1770721322.959960699 -2.014261246 -166.897354126 0.070462584 0.006385070 0.001167352 0.698866606 0.715222597
1770721323.459746838 -1.965766788 -166.331710815 0.090465054 0.010402120 0.008825274 0.711533070 0.702520192
1770721324.160051107 -2.003460884 -165.756576538 0.067855708 0.003392412 0.003488342 0.776345015 0.630289495
1770721324.760026217 -2.180217743 -165.214691162 0.062080666 -0.009360631 -0.007097633 0.778122783 0.628002405
1770721326.559692621 -2.263190031 -164.715332031 0.056360427 -0.009206419 -0.004704620 0.709416449 0.704713762
1770721327.559984684 -2.206873655 -164.754714966 0.033980269 -0.004301945 -0.012425621 0.819457889 0.572988451
1770721328.560051441 -2.255126715 -164.525405884 0.010172327 0.007635332 -0.010544346 0.903275311 0.428863823
1770721329.260122538 -2.649956703 -164.139877319 0.040847648 0.009690920 -0.010066225 0.961512566 0.274405599
1770721329.859323025 -3.142646074 -163.883255005 0.048960157 0.010063525 -0.010565267 0.974316537 0.224709734
1770721330.459531546 -3.661888123 -163.697128296 0.061806098 0.005136322 -0.015160625 0.957212269 0.288943648
1770721331.160068035 -4.152443409 -163.424545288 0.075954117 0.003231551 -0.014565107 0.908623040 0.417350739
1770721331.760101795 -4.457026958 -162.963333130 0.080061302 0.002227993 -0.001680841 0.865959525 0.500106215
1770721332.259653568 -4.712103367 -162.518096924 0.079759516 0.004030139 -0.002866904 0.855760455 0.517348826
1770721332.760028362 -4.939341545 -162.029815674 0.084032156 -0.001115530 0.001719600 0.847108841 0.531415403
1770721333.259621143 -5.239829063 -161.551162720 0.082253940 -0.007832291 -0.008191938 0.823082805 0.567808270
1770721333.859571218 -5.455280781 -161.021575928 0.106430821 -0.009138217 -0.008450883 0.793615580 0.608292162
1770721334.360152245 -5.570838451 -160.510971069 0.103800282 -0.009773914 -0.002430929 0.765799642 0.643000305
1770721334.859431028 -5.641859055 -159.890838623 0.115328468 -0.007415231 0.002453724 0.733224571 0.679941714
1770721335.259665728 -5.688695431 -159.369903564 0.102120966 0.002601214 -0.006383348 0.725031912 0.688680768
1770721335.659533024 -5.744023323 -158.706817627 0.109672949 -0.006200278 -0.002794096 0.720901251 0.693004370
1770721335.959903479 -5.771147251 -158.193862915 0.100541584 -0.009844750 -0.005669470 0.705224693 0.708892882
1770721336.359463453 -5.728904247 -157.543624878 0.125729561 0.000537068 0.009058093 0.680325389 0.732854068
1770721336.660089254 -5.704522133 -157.029617310 0.134503439 -0.006272325 0.007300562 0.665522099 0.746316016
1770721336.959755182 -5.613964081 -156.522933960 0.134377733 0.002349406 0.011998982 0.652287066 0.757873356
1770721337.259779930 -5.575767040 -156.014587402 0.146042511 -0.008942829 0.004760303 0.654536903 0.755962193
1770721337.559374809 -5.468181133 -155.523727417 0.146685198 0.004771766 0.015119256 0.650304258 0.759508431
1770721337.960175037 -5.387494564 -154.919052124 0.139228001 0.001022345 0.004829733 0.668232083 0.743936539
1770721338.359379292 -5.341399670 -154.292343140 0.122472808 -0.000563893 0.004996526 0.681238711 0.732044101
1770721338.759891748 -5.272367954 -153.681503296 0.131985605 -0.005223816 0.019865718 0.704771221 0.709137261
1770721339.159762144 -5.329293251 -153.092346191 0.135585308 -0.002687373 -0.002567779 0.750618696 0.660725117
1770721339.559566736 -5.446801662 -152.472640991 0.065888122 -0.020514444 -0.018188022 0.754266739 0.655995429
1770721339.959707499 -5.584256172 -151.826049805 0.106888354 -0.023055110 -0.018384894 0.772454560 0.634384930
1770721340.359653950 -5.724497795 -151.192749023 0.108912468 -0.026897188 -0.013185282 0.770197809 0.637101233
1770721340.759865284 -5.844902515 -150.548065186 0.102571487 -0.017278904 -0.009386058 0.762278795 0.646950066
1770721341.159810543 -5.904326439 -149.895309448 0.100162894 -0.010346058 0.003323612 0.750866532 0.660364509
1770721341.559879065 -6.010434151 -149.269500732 0.105607770 -0.012709655 -0.005496572 0.753447831 0.657361865
1770721341.960073948 -6.090322971 -148.657882690 0.087102108 -0.012882016 -0.007098213 0.748267889 0.663233638
1770721342.359836102 -6.151887417 -148.022613525 0.069038525 -0.006761350 0.001355581 0.749084890 0.662438035
1770721342.759719849 -6.257792950 -147.428146362 0.063152201 -0.012060183 -0.005592210 0.756009102 0.654426098
1770721343.159660339 -6.320845127 -146.777999878 0.058666978 0.000288842 -0.001804390 0.751664937 0.659542561
1770721343.459680796 -6.393448353 -146.265670776 0.064566545 -0.006505639 -0.000502295 0.751479447 0.659724176
1770721343.859856129 -6.532638550 -145.647857666 0.075460441 -0.031667382 -0.000104644 0.756409764 0.653331101
1770721344.260206223 -6.596566200 -145.002197266 0.073241755 -0.008046244 -0.012411564 0.750947595 0.660196126
1770721344.659685373 -6.675429821 -144.368698120 0.046471491 -0.012459343 -0.003209125 0.752254248 0.658747375
1770721345.059440374 -6.770863056 -143.737350464 0.050987363 -0.021898801 -0.003890657 0.749511898 0.661617100
1770721345.459766626 -6.842566013 -143.119689941 0.039104797 -0.004514989 -0.010923439 0.745310545 0.666612685
1770721345.859501839 -6.922029495 -142.502426147 0.024093032 -0.010584115 -0.004726772 0.749537289 0.661860704
1770721346.259713650 -7.033097267 -141.894775391 0.024263501 -0.028396560 -0.005996908 0.744029343 0.667516291
1770721346.559651136 -7.075171947 -141.390151978 0.033656977 -0.022795955 -0.004285132 0.739583731 0.672664702
1770721346.960133553 -7.134925842 -140.736419678 0.037315935 -0.020946560 -0.003154250 0.738634944 0.673772752
1770721347.259817839 -7.161139488 -140.234741211 0.021214314 -0.006894953 -0.006402555 0.733153760 0.679997802
1770721347.659638405 -7.196285248 -139.594345093 -0.002392342 -0.008340822 0.000844921 0.732727289 0.680470705
1770721348.059719324 -7.269357204 -138.968780518 -0.005757776 -0.019585349 -0.001654900 0.729353607 0.683854580
1770721348.459816217 -7.291777611 -138.327865601 -0.017814092 -0.005382018 -0.007416160 0.724586546 0.689122856
1770721348.859682798 -7.331770897 -137.688888550 -0.027314214 -0.011640226 0.000345032 0.730583668 0.682723820
1770721349.259438276 -7.402819633 -137.083618164 -0.044140011 -0.020846225 -0.001883547 0.730920076 0.682142019
1770721349.659831524 -7.399715900 -136.435638428 -0.039215319 0.002245965 -0.001536934 0.728698075 0.684829652
1770721349.959697485 -7.444128036 -135.920898438 -0.033133905 -0.007974183 0.000631940 0.727771342 0.685773194
1770721350.259898424 -7.493587971 -135.423126221 -0.042526197 -0.011752519 -0.008564853 0.723694921 0.689966798
1770721350.659616709 -7.536651134 -134.813858032 -0.050006896 -0.011929923 -0.002489487 0.732101440 0.681086540
1770721351.059805870 -7.578005314 -134.178100586 -0.064114705 -0.024681967 -0.001162716 0.730514765 0.682449758
1770721351.460172653 -7.591940880 -133.538650513 -0.072579600 -0.005150099 -0.006495942 0.723920047 0.689834118
1770721351.859739542 -7.626440048 -132.905670166 -0.092494220 -0.008093425 -0.000939321 0.727267683 0.686305642
1770721352.259658575 -7.704623699 -132.283676147 -0.089695461 -0.021883003 -0.004583108 0.724941075 0.688447952
1770721352.659718037 -7.724205494 -131.648712158 -0.104818650 -0.009509080 -0.012934002 0.720803022 0.692954004
1770721353.060200930 -7.772360802 -130.987701416 -0.119606115 -0.016063130 -0.005714845 0.726520598 0.686933219
1770721353.459876537 -7.810442924 -130.334762573 -0.111351624 -0.025838640 0.000061421 0.729303777 0.683701992
1770721353.859727621 -7.823637486 -129.682388306 -0.108019389 -0.004519871 -0.006286453 0.723669529 0.690103352
1770721354.259610415 -7.857358456 -129.023147583 -0.134742349 -0.008330669 0.000624464 0.725854456 0.687797546
1770721354.659768105 -7.909752369 -128.410842896 -0.132452130 -0.023531524 -0.003216361 0.723123848 0.690309942
1770721355.060211897 -7.926842690 -127.788131714 -0.140372902 -0.009342135 -0.011652938 0.714139938 0.699843585
1770721355.459617615 -7.953756332 -127.158866882 -0.153634101 -0.016191147 -0.002782887 0.713667035 0.700292408
1770721355.859689236 -7.985036373 -126.533851624 -0.173205674 -0.022644335 -0.004034253 0.701624870 0.712175250
1770721356.259740353 -7.930444717 -125.884063721 -0.154153451 0.004062485 -0.003544544 0.693919778 0.720032156
1770721356.559754133 -7.935921192 -125.366729736 -0.152543843 -0.003023795 0.000420616 0.691366494 0.722497702
1770721356.859553337 -7.920172215 -124.861595154 -0.151110902 -0.004110483 -0.004776848 0.687437773 0.726215959
1770721357.259788513 -7.877081394 -124.205589294 -0.167923018 -0.008891205 0.000008652 0.691408932 0.722408950
1770721357.659766197 -7.872486115 -123.589927673 -0.167301312 -0.022855373 -0.001248933 0.692791104 0.720775008
1770721358.059846163 -7.819808483 -122.970123291 -0.176427275 -0.005707954 -0.006024024 0.685941637 0.727609277
1770721358.459781647 -7.786995888 -122.324111938 -0.185726866 -0.010982185 0.000325922 0.690815687 0.722947419
1770721358.859632969 -7.785332203 -121.696014404 -0.190037102 -0.023300814 -0.000307426 0.692115068 0.721410930
1770721359.259831667 -7.732948780 -121.089813232 -0.224806726 -0.005043372 -0.008042812 0.694552004 0.719379902
1770721359.659703016 -7.748950481 -120.452827454 -0.214378953 -0.014810134 -0.003969971 0.701232433 0.712767899
1770721360.059540510 -7.758746624 -119.792243958 -0.193273693 -0.029972514 -0.002636333 0.704252899 0.709311306
1770721360.459845543 -7.739273071 -119.224739075 -0.204912484 -0.016344756 -0.012384510 0.700080633 0.713769317
1770721360.859744549 -7.693590164 -118.711296082 -0.227500632 -0.012575144 -0.003313239 0.708115876 0.705976486
1770721361.259732723 -7.701253414 -118.209815979 -0.226982147 -0.018857976 0.001561718 0.704774618 0.709178805
1770721361.759918451 -7.690274239 -117.627357483 -0.243174151 -0.012558889 -0.002663516 0.697701514 0.716273665
1770721362.259579659 -7.674100399 -117.072853088 -0.250404894 -0.007267635 -0.006507108 0.694639206 0.719292164
1770721362.759949207 -7.664445400 -116.497978210 -0.262516260 -0.006128209 -0.002603081 0.697583735 0.716472268
1770721363.260288239 -7.657892704 -115.914871216 -0.269984186 -0.011406212 -0.000776232 0.696141958 0.717813075
1770721363.759905815 -7.665310860 -115.380592346 -0.262952805 -0.018677788 -0.002093443 0.683575332 0.729637921
1770721364.359803200 -7.641869545 -114.877609253 -0.249104038 -0.016263524 -0.006045923 0.605654180 0.795538783
1770721365.059756279 -7.449315548 -114.334312439 -0.274655789 -0.005085826 -0.008332592 0.492812604 0.870080650
1770721365.659747124 -7.140424728 -113.928382874 -0.279895335 0.009943266 0.003807246 0.422789395 0.906165421
1770721366.359769344 -6.773756027 -113.480361938 -0.259269267 0.015639517 0.015176935 0.341875911 0.939492404
1770721366.959996939 -6.384919167 -113.163230896 -0.261741519 0.021247126 0.017891988 0.330223441 0.943494022
1770721367.559617758 -5.937830448 -112.798919678 -0.269734383 0.017178401 0.016949423 0.358028173 0.933398843
1770721368.259863138 -5.580623627 -112.438743591 -0.285054535 0.016280493 0.013118506 0.479654640 0.877208233
1770721369.059753895 -5.294489861 -112.049606323 -0.325309694 0.010039263 0.005167346 0.637072206 0.770721436
1770721369.759795666 -5.240634441 -111.527580261 -0.337095499 -0.006207206 -0.010076548 0.716692567 0.697288871
1770721370.259808779 -5.316779137 -110.988739014 -0.317402244 -0.028275514 -0.012253656 0.703725874 0.709802926
1770721370.759686232 -5.373503685 -110.397056580 -0.318774641 -0.031892352 -0.019363241 0.668965578 0.742356300
1770721371.259768963 -5.287558079 -109.849914551 -0.327746242 -0.023806054 -0.018396497 0.634650767 0.772213161
1770721371.759875059 -5.136173248 -109.336776733 -0.325260609 -0.013079129 0.006451381 0.592960417 0.805099547
1770721372.259885073 -4.955029011 -108.765449524 -0.346961439 -0.002221599 0.005426576 0.560558558 0.828094006
1770721372.759946346 -4.743586063 -108.209938049 -0.325325429 -0.005001734 0.001451527 0.521686137 0.853121579
1770721373.259804964 -4.530069351 -107.745033264 -0.331898719 -0.015094955 0.004058772 0.485953242 0.873845041
1770721373.859934568 -4.195899010 -107.266006470 -0.338763386 -0.007728529 0.014043014 0.435064316 0.900256693
1770721374.459787369 -3.881805658 -106.863494873 -0.358216792 -0.011752637 0.007320697 0.352119267 0.935852706
1770721374.959827662 -3.426014185 -106.489959717 -0.390714556 -0.000860804 0.013504806 0.304027528 0.952567160
1770721375.459848404 -2.966361761 -106.188682556 -0.386530608 0.010913632 0.015528283 0.257288754 0.966148138
1770721375.960019350 -2.471666813 -105.935012817 -0.391682684 0.016507704 0.020143431 0.213528737 0.976589620
1770721376.359850645 -1.986535072 -105.694412231 -0.380379796 0.008596512 0.005304438 0.186916962 0.982323766
1770721376.859954596 -1.451734424 -105.477371216 -0.383721739 0.005674162 0.006888438 0.142787084 0.989713192
1770721377.459805727 -0.875478029 -105.331069946 -0.392748952 0.001755666 0.009094460 0.088862218 0.996000886
1770721377.959742785 -0.339939654 -105.243026733 -0.417948395 0.006577851 0.015505244 0.036890868 0.999177337
1770721378.459966660 0.158218175 -105.187164307 -0.411608607 0.008073948 0.018835457 -0.013919930 0.999693096
1770721378.959723711 0.727715671 -105.168304443 -0.442688167 0.005700836 0.023918951 -0.064221181 0.997632682
1770721379.359982729 1.232013941 -105.176071167 -0.440455317 -0.001295160 0.010444323 -0.093866952 0.995529115
1770721379.759753704 1.742262006 -105.233673096 -0.465952247 -0.003342375 0.004206791 -0.131586820 0.991290092
1770721380.159975052 2.255232096 -105.344856262 -0.454421967 0.001734506 0.005141615 -0.160084888 0.987088323
1770721380.559843063 2.766675472 -105.488761902 -0.448160380 0.000001003 0.002820454 -0.153203756 0.988190591
1770721380.960054636 3.315602541 -105.676559448 -0.445995569 0.001163807 0.010889186 -0.150826335 0.988499641
1770721381.359896183 3.791836023 -105.838981628 -0.440976977 0.007505076 0.014658595 -0.128419489 0.991583169
1770721381.759730101 4.301920414 -105.949798584 -0.458236068 -0.002182008 0.005681359 -0.103727430 0.994587123
1770721382.159864902 4.857835293 -106.054344177 -0.484399706 -0.010523111 0.011809040 -0.106372699 0.994200528
1770721382.559724092 5.413270473 -106.178588867 -0.469136983 0.002325215 0.009510717 -0.103497528 0.994581521
1770721382.959767342 5.941111088 -106.292266846 -0.472545117 -0.007469107 0.007495425 -0.103746735 0.994547486
1770721383.459899664 6.546194077 -106.399864197 -0.466820925 -0.013700535 0.011151265 -0.117030151 0.992971241
1770721414.959761858 10.672110558 -150.877883911 -0.323228687 -0.007886391 0.020070439 -0.700729728 0.713100851
1770721415.359889030 10.699308395 -151.456466675 -0.332747370 -0.017729279 0.021287227 -0.677911878 0.734621048
1770721415.659698963 10.733007431 -152.000610352 -0.328291208 -0.017508419 0.010962036 -0.688297749 0.725134134
1770721415.959797621 10.788259506 -152.505783081 -0.321253210 -0.016440764 0.019683847 -0.691075325 0.722327530
1770721416.359926224 10.867820740 -153.138107300 -0.333966941 -0.023321563 0.030751674 -0.692670166 0.720221102
1770721416.659724236 10.864577293 -153.642700195 -0.330271959 -0.017913459 0.024534114 -0.693006635 0.720290899
1770721417.059781551 10.908767700 -154.270217896 -0.324156880 -0.014249271 0.035239607 -0.696970463 0.716091692
1770721417.459653139 10.894072533 -154.908966064 -0.323495209 -0.019629424 0.016693410 -0.705621481 0.708120346
1770721417.859770536 10.897730827 -155.563461304 -0.340581924 -0.011848011 0.018135862 -0.699958444 0.713854969
1770721418.259677172 10.950865746 -156.185684204 -0.336679518 -0.015936710 0.030203879 -0.701759219 0.711595178
1770721418.659942865 10.947420120 -156.750534058 -0.325494558 -0.020586299 0.017666325 -0.705669522 0.708021641
1770721421.559829473 10.933779716 -157.004318237 -0.757362008 -0.001946524 0.004966449 -0.731863260 0.681430638
1770721467.658967257 10.941253662 -157.372802734 -0.374515057 -0.012333604 0.008034120 -0.729249835 0.684089243
1770721468.359989643 10.914793015 -157.968566895 -0.372611970 -0.010337745 0.014633634 -0.724809647 0.688716173
1770721468.958945751 10.882488251 -158.498474121 -0.365878195 -0.008009128 0.012243558 -0.704845965 0.709209502
1770721469.659990311 10.897597313 -159.069229126 -0.362987339 -0.011488075 0.010714778 -0.702156663 0.711849153
1770721470.259984255 10.940026283 -159.574142456 -0.348802865 -0.016650937 0.021601349 -0.699812829 0.713805377
1770721470.959059954 10.959825516 -160.106445312 -0.346679628 -0.017959919 0.016710894 -0.697906256 0.715768814
1770721471.659103394 10.972644806 -160.654830933 -0.355439842 -0.009323350 0.016629031 -0.696438909 0.717362761
1770721472.359326839 10.992385864 -161.163482666 -0.349055737 -0.013477467 0.016568160 -0.692631960 0.720974922
1770721473.059040308 10.997743607 -161.673538208 -0.356866568 -0.012244783 0.012014147 -0.692749441 0.720974267
1770721473.758953094 11.023223877 -162.241195679 -0.350563586 -0.009284245 0.011770448 -0.696684599 0.717220902
1770721474.459195614 11.049325943 -162.775970459 -0.343417674 -0.014430379 0.013823287 -0.699120164 0.714724898
1770721475.159047127 11.086393356 -163.327835083 -0.341114193 -0.018820312 0.011505897 -0.697636664 0.716112077
1770721475.859068871 11.111478806 -163.882858276 -0.356382608 -0.014116817 0.012119429 -0.696101844 0.717701912
1770721476.558892250 11.142256737 -164.427902222 -0.333151400 -0.017024728 0.017346829 -0.693260372 0.720277309
1770721477.158732653 11.170314789 -164.945388794 -0.323714465 -0.020730298 0.020314507 -0.692479312 0.720853686
1770721477.760014057 11.189534187 -165.468688965 -0.328139424 -0.019350663 0.018953359 -0.691644013 0.721730471
1770721478.358763695 11.208110809 -166.039688110 -0.326522380 -0.016794045 0.015295502 -0.691913366 0.721623123
1770721478.958704710 11.230424881 -166.596694946 -0.326141745 -0.016273776 0.017226378 -0.691603839 0.721888185
1770721479.559102297 11.248648643 -167.141372681 -0.333699882 -0.016671548 0.017617945 -0.691350400 0.722112417
1770721480.160022497 11.261053085 -167.734481812 -0.323395818 -0.014962980 0.012347491 -0.695013165 0.718735218
1770721480.758770704 11.309849739 -168.268402100 -0.304975450 -0.022184752 0.020099616 -0.694260001 0.719101429
1770721481.359230995 11.344330788 -168.801986694 -0.307673305 -0.024505436 0.025144178 -0.693168402 0.719919980
1770721481.958861828 11.376161575 -169.312683105 -0.309765995 -0.021230791 0.021650448 -0.710409701 0.703134835
1770721482.558958292 11.346942902 -169.840744019 -0.294662297 -0.018646620 0.013808344 -0.731296778 0.681664646
1770721483.159239769 11.310630798 -170.417968750 -0.281659365 -0.020592762 0.015856383 -0.751286209 0.659464657
1770721483.659047127 11.266541481 -170.924697876 -0.271576524 -0.018228646 0.018805487 -0.767266393 0.640793502
1770721484.259088755 11.144182205 -171.501846313 -0.258853495 -0.016713865 0.015567664 -0.785773516 0.618092477
1770721484.859024048 10.975722313 -172.064361572 -0.257429987 -0.010831768 0.004807687 -0.802305937 0.596795380
1770721485.458912134 10.795713425 -172.623321533 -0.244193956 -0.007089997 0.001242074 -0.797742188 0.602955699
1770721486.059102535 10.657424927 -173.183639526 -0.241035894 -0.011625025 0.007556597 -0.786824346 0.617021263
1770721486.558950424 10.541648865 -173.707977295 -0.218541607 -0.014850348 -0.000835606 -0.776481390 0.629964590
1770721487.059085369 10.444027901 -174.275100708 -0.200788677 -0.016493293 0.007134746 -0.766440570 0.642063797
1770721487.558718681 10.364356041 -174.797790527 -0.206272259 -0.018272843 0.015602490 -0.747572660 0.663745284
1770721488.159139395 10.299109459 -175.380325317 -0.204132214 -0.015665067 0.013665504 -0.735735595 0.676949799
1770721488.659202814 10.261975288 -175.895233154 -0.192313045 -0.018034881 0.013749463 -0.724180639 0.689237356
1770721489.158783674 10.249224663 -176.445587158 -0.189161107 -0.018180668 0.021575624 -0.716319382 0.697201848
1770721489.659421206 10.250473976 -176.966354370 -0.187413454 -0.030306064 0.030428214 -0.710844815 0.702036560
1770721490.159116268 10.247829437 -177.558486938 -0.176828101 -0.036312614 0.024566527 -0.704533458 0.708315253
1770721490.658900738 10.245015144 -178.117095947 -0.169758230 -0.023861779 0.020368481 -0.695927739 0.717426181
1770721491.159168243 10.248011589 -178.690948486 -0.174975753 -0.020197084 0.020272825 -0.683037400 0.729822576
1770721491.659120083 10.284016609 -179.237060547 -0.161554098 -0.020785300 0.020554237 -0.671014249 0.740867972
1770721492.159132242 10.370497704 -179.755523682 -0.169116691 -0.026886089 0.032385074 -0.657275438 0.752474129
1770721492.659173965 10.461356163 -180.264511108 -0.184224233 -0.035211172 0.034697812 -0.647407293 0.760539293
1770721493.159283638 10.520585060 -180.766693115 -0.178070962 -0.031470329 0.021608556 -0.632593930 0.773542285
1770721493.658908844 10.612711906 -181.274017334 -0.166851729 -0.026495315 0.023770990 -0.610663950 0.791089416
1770721494.158922672 10.761670113 -181.779663086 -0.177005246 -0.028657764 0.023707848 -0.576909363 0.815960944
1770721494.758884430 10.950496674 -182.347335815 -0.187575579 -0.026478471 0.024565587 -0.535228908 0.843934476
1770721495.359057426 11.225420952 -182.845779419 -0.197077096 -0.028939951 0.034578711 -0.492638022 0.869065344
1770721495.959335089 11.544894218 -183.329895020 -0.208167389 -0.032345597 0.038362104 -0.452441931 0.890381038
1770721496.559113503 11.886356354 -183.754959106 -0.215684116 -0.035939626 0.037987765 -0.429494858 0.901553929
1770721497.259294748 12.228202820 -184.186767578 -0.221735582 -0.028916396 0.029382687 -0.427340478 0.903150380
1770721498.059468985 12.594729424 -184.610168457 -0.237941206 -0.034050763 0.031124251 -0.432253450 0.900571346
1770721498.959126711 12.911371231 -185.022979736 -0.257340729 -0.028262619 0.025339423 -0.430597633 0.901745439
1770721499.858849764 13.241074562 -185.433563232 -0.269412875 -0.027925327 0.022533521 -0.465967476 0.884073913
1770721511.359329224 13.595982552 -185.883834839 -0.295007020 -0.027796434 0.018349010 -0.471379787 0.881301165
1770721511.959424496 13.908163071 -186.310623169 -0.289274961 -0.029187145 0.025899265 -0.509232521 0.859743893
1770721512.959352255 14.174160004 -186.668090820 -0.279951125 -0.034546591 0.022800941 -0.657106638 0.752660275
1770721513.659270287 14.229584694 -187.181198120 -0.287588835 -0.025890198 0.017708529 -0.667116940 0.744292378
1770721514.259234667 14.297773361 -187.740737915 -0.267278850 -0.027035417 0.017915506 -0.669124484 0.742442250
1770721514.858932734 14.369787216 -188.266143799 -0.254881263 -0.030880779 0.023318360 -0.668021679 0.743135035
1770721515.459067583 14.433138847 -188.779586792 -0.257436633 -0.032415159 0.024850514 -0.670899570 0.740422487
1770721515.959092379 14.466528893 -189.278839111 -0.230656251 -0.029718028 0.011748395 -0.672974885 0.738974690
1770721516.559375048 14.534144402 -189.856872559 -0.215864345 -0.032574262 0.016149115 -0.674480379 0.737397015
1770721517.059500456 14.591499329 -190.374343872 -0.203762546 -0.027870648 0.018769823 -0.674831808 0.737206161
1770721517.559513807 14.654502869 -190.931930542 -0.201467484 -0.028711379 0.022066882 -0.669947326 0.741524994
1770721518.059447289 14.710105896 -191.516799927 -0.185232088 -0.031807780 0.019842122 -0.667329490 0.743818402
1770721518.559323549 14.791771889 -192.113800049 -0.155619904 -0.031670865 0.024965808 -0.667232335 0.743757069
1770721519.059019327 14.854020119 -192.664550781 -0.171493545 -0.033574957 0.027455578 -0.672193527 0.739104033
1770721519.559385061 14.891527176 -193.248825073 -0.146534815 -0.033948399 0.015933104 -0.672666788 0.738994598
1770721520.059295654 14.956012726 -193.816665649 -0.126640901 -0.028598156 0.021008246 -0.675989151 0.736056685
1770721520.659046888 15.021440506 -194.368637085 -0.118677072 -0.033195928 0.023203077 -0.682495654 0.729766607
1770721521.359444857 15.066862106 -194.879196167 -0.104623593 -0.038586307 0.026008554 -0.737739205 0.673480153
1770721522.459457397 14.958038330 -195.392333984 -0.071363524 -0.018562535 -0.003764113 -0.832064629 0.554355145
1770721523.459611893 14.755401611 -195.872833252 -0.065498471 -0.019046741 -0.005220902 -0.802850604 0.595853031
1770721524.359377146 14.617078781 -196.353713989 -0.052290466 -0.024809491 0.001118349 -0.751058638 0.659768224
1770721525.359538555 14.607781410 -196.912277222 -0.066780224 -0.035216011 0.021666551 -0.740254045 0.671054721
1770721526.259486437 14.551753044 -197.461151123 -0.039031293 -0.030356258 0.013835793 -0.742022514 0.669544339
1770721527.059367895 14.500597954 -198.022628784 -0.019468853 -0.037885256 0.016224930 -0.750151157 0.659980774
1770721527.659322023 14.471204758 -198.546417236 0.006189820 -0.038540196 0.021847090 -0.775660753 0.629593313
1770721528.259404421 14.361886024 -199.108718872 0.029141102 -0.038538106 0.022280246 -0.801305890 0.596596360
1770721528.859384298 14.185150146 -199.629852295 0.055663779 -0.040266801 0.016405270 -0.830878496 0.554752469
1770721529.559548140 13.934635162 -200.140777588 0.091274470 0.036678109 -0.004677345 0.892142117 -0.450239152
1770721530.159058332 13.577758789 -200.560516357 0.135260686 0.024683617 0.007608191 0.912992477 -0.407157958
1770721530.759505272 13.222826958 -200.935745239 0.174687147 0.022017950 0.012108923 0.928999484 -0.369226843
1770721531.359484673 12.830916405 -201.271972656 0.214638233 0.017163115 0.017356344 0.927871883 -0.372099429
1770721532.059585810 12.451116562 -201.684967041 0.242002904 0.022056950 0.007823533 0.921521008 -0.387622625
1770721532.759718180 12.081983566 -202.131713867 0.282731354 0.034695756 -0.000163230 0.922370315 -0.384745628
1770721533.459074497 11.715972900 -202.519760132 0.314724654 0.034198489 -0.003164360 0.895050108 -0.444641143
1770721534.159436703 11.402552605 -202.934249878 0.346897244 -0.030613117 0.004240341 -0.816677511 0.576266229
1770721534.759441376 11.223885536 -203.427444458 0.357964367 -0.031650405 0.007877558 -0.753490686 0.656649053
1770721535.459416151 11.195546150 -204.007324219 0.342809647 -0.043397091 0.028018177 -0.674871564 0.736124992
1770721536.159591436 11.295956612 -204.599456787 0.341589153 -0.048743512 0.041770879 -0.606677651 0.792351902
1770721536.759637833 11.461664200 -205.105300903 0.339739829 -0.051586483 0.041881163 -0.598669887 0.798234999
1770721537.359651327 11.625811577 -205.639709473 0.346008182 -0.052808993 0.044113576 -0.609491765 0.789800584
1770721537.959684849 11.758697510 -206.162353516 0.352097780 -0.049005453 0.039428744 -0.626884341 0.776569307
1770721538.559615374 11.892253876 -206.731689453 0.368373394 -0.044182763 0.033492293 -0.656229079 0.752522111
1770721539.059451818 11.961806297 -207.242813110 0.379991055 -0.048719496 0.026104415 -0.681211233 0.729997456
1770721539.559857607 12.003266335 -207.796417236 0.415715128 -0.042279303 0.028960887 -0.707843125 0.704508245
1770721540.059140921 12.024045944 -208.306945801 0.424271822 -0.046986945 0.030141126 -0.727848828 0.683461666
1770721540.559226990 11.965064049 -208.833038330 0.455060393 -0.052350167 0.021631947 -0.749623537 0.659436166
1770721541.059418678 11.883730888 -209.366470337 0.482500583 -0.040436823 0.015081283 -0.771275342 0.635036826
1770721541.559156179 11.780023575 -209.873748779 0.498537630 -0.037175506 0.012348711 -0.771723390 0.634750664
1770721542.059489489 11.672883987 -210.379669189 0.520348608 -0.042559154 0.009155515 -0.771358669 0.634909928
1770721542.559517145 11.595967293 -210.901336670 0.556384206 -0.046354622 0.023604106 -0.772166550 0.633287430
1770721543.059206009 11.514738083 -211.423812866 0.574280381 -0.051024381 0.027546337 -0.772904575 0.631867290
1770721543.559520006 11.388952255 -211.942840576 0.606908083 -0.048294134 0.016552696 -0.767734051 0.638731658
1770721544.059519291 11.277225494 -212.463256836 0.636567354 -0.036496885 0.012749945 -0.762753904 0.645532310
1770721544.559651613 11.209746361 -212.972259521 0.646834791 -0.040625557 0.017067948 -0.749892116 0.660090983
1770721545.059816122 11.182102203 -213.507247925 0.671772063 -0.046778489 0.026198201 -0.731147826 0.680109084
1770721545.559445858 11.169828415 -214.020629883 0.688054144 -0.050120234 0.042982686 -0.722296655 0.688424289
1770721546.059514284 11.130032539 -214.622039795 0.698569655 -0.045922354 0.028792383 -0.724544644 0.687093318
1770721546.559604883 11.100025177 -215.190795898 0.730483532 -0.054157332 0.023642270 -0.722561657 0.688776195
1770721547.059659719 11.076346397 -215.776809692 0.761894107 -0.046759047 0.025757441 -0.714499176 0.697596669
1770721547.559610844 11.080093384 -216.370819092 0.768498778 -0.047855955 0.030153418 -0.703192830 0.708745718
1770721548.059605122 11.096424103 -216.899551392 0.799708188 -0.050568867 0.034600127 -0.698106170 0.713367641
1770721548.559614420 11.120771408 -217.480667114 0.807107151 -0.051701158 0.042261548 -0.696655512 0.714291275
1770721549.059575796 11.135534286 -218.027236938 0.811653197 -0.057115991 0.039940294 -0.701796770 0.708959699
1770721549.559215069 11.158247948 -218.639343262 0.840004385 -0.059796736 0.031496070 -0.702688158 0.708280742
1770721550.059267282 11.153745651 -219.240203857 0.874636948 -0.050201830 0.032522783 -0.703015983 0.708654046
1770721550.559176207 11.158127785 -219.836685181 0.871224582 -0.050225209 0.031452209 -0.690430164 0.720967650
1770721551.059594393 11.176763535 -220.407791138 0.893922389 -0.046111498 0.030509923 -0.667202294 0.742821634
1770721551.559767246 11.250959396 -220.958328247 0.903762996 -0.048584789 0.039872620 -0.642283499 0.763885856
1770721552.159498215 11.392124176 -221.508163452 0.890697181 -0.054042183 0.050201777 -0.602540255 0.794672549
1770721552.759603024 11.548055649 -222.054962158 0.907363236 -0.055249434 0.049337957 -0.559640348 0.825418591
1770721553.459735155 11.743372917 -222.537002563 0.896656632 -0.047732498 0.049993206 -0.421544909 0.904169321
1770721554.159276009 12.070455551 -222.921371460 0.859759033 -0.044872046 0.057786353 -0.273169756 0.959179640
1770721554.959281445 12.524646759 -223.143341064 0.827932060 -0.040720705 0.055505205 -0.098878920 0.992715418
1770721555.659288645 13.044273376 -223.206726074 0.751980186 -0.045663368 0.055847287 -0.028043782 0.997000277
1770721556.259642839 13.556988716 -223.197036743 0.702057362 -0.047005642 0.054545831 -0.024803035 0.997095764
1770721556.959571123 14.097154617 -223.217208862 0.664201736 -0.040784795 0.055712011 -0.018492559 0.997442126
1770721557.759486437 14.653623581 -223.254837036 0.592102647 -0.028200226 0.053086765 -0.024294563 0.997895956
1770721558.459619999 15.170421600 -223.282028198 0.535310090 -0.027106522 0.053399831 -0.034418106 0.997611701
1770721559.059574127 15.707722664 -223.333740234 0.480431467 -0.021289118 0.052572053 -0.031585958 0.997890413
1770721559.559301615 16.237131119 -223.355697632 0.428586125 -0.026149234 0.052816007 -0.034003273 0.997682512
1770721560.059709787 16.747032166 -223.367965698 0.389096707 -0.029390115 0.048807461 -0.027855709 0.997987032
1770721560.559365511 17.249944687 -223.397552490 0.340885133 -0.032212410 0.055311114 -0.022831408 0.997688234
1770721561.159585953 17.831735611 -223.408874512 0.279167205 -0.032498449 0.058358848 -0.023970993 0.997478604
1770721561.759695530 18.374689102 -223.446685791 0.208997682 -0.027606778 0.055953152 -0.021957932 0.997810125
1770721562.359604359 18.884317398 -223.486404419 0.163440228 -0.026443481 0.056026358 -0.014593634 0.997972369
1770721563.059662342 19.395635605 -223.519348145 0.101681493 -0.017668631 0.056583453 0.076760300 0.995285928
1770721564.059641123 19.894958496 -223.408157349 0.021430096 -0.008886191 0.055858169 0.259514391 0.964081526
1770721564.859383345 20.129968643 -223.278320312 -0.014933072 -0.000221598 0.056207024 0.436426669 0.897982419
1770721565.559292555 20.264638901 -223.120040894 -0.041592054 0.004373573 0.045369573 0.574288547 0.817383051
1770721566.359854221 20.391239166 -222.703613281 -0.031009931 0.022151962 0.037628315 0.704399228 0.708459735
1770721567.059613466 20.369277954 -222.156311035 -0.032409739 0.016662501 0.031163964 0.757444859 0.651942074
1770721567.759737492 20.253227234 -221.619338989 -0.035904311 0.006631485 0.026200615 0.783808529 0.620414317
1770721568.559344053 20.134794235 -221.126647949 -0.057524133 0.013087989 0.029294861 0.782580972 0.621721327
1770721569.359319687 20.024011612 -220.571990967 -0.049186762 0.026862044 0.031946301 0.776920676 0.628213525
1770721570.059731722 19.903202057 -220.075149536 -0.054023262 0.024942240 0.031948764 0.775532067 0.630005717
1770721570.859528303 19.753450394 -219.554534912 -0.047227561 0.016498899 0.027423887 0.770318449 0.636855543
1770721571.559419632 19.664129257 -219.040496826 -0.055871714 0.020382307 0.035163052 0.761023045 0.647450447
1770721572.259780645 19.590364456 -218.494842529 -0.027575284 0.028106494 0.039935008 0.755224884 0.653644085
1770721572.859653234 19.501747131 -217.985015869 -0.017313756 0.026893938 0.035000876 0.744057178 0.666656315
1770721573.559380293 19.421968460 -217.466278076 -0.017054172 0.028384622 0.031082500 0.741641819 0.669474244
1770721574.259805202 19.357725143 -216.902618408 -0.022953786 0.022068545 0.033163559 0.736454904 0.675312757
1770721575.159785509 19.329971313 -216.337463379 -0.030053413 0.033978362 0.039386973 0.735872686 0.675118864
1770721576.059684992 19.276575089 -215.807754517 -0.028297774 0.031599421 0.033246037 0.733175874 0.678490520
1770721576.859693766 19.223466873 -215.259140015 -0.027430916 0.032603707 0.033265926 0.729306400 0.682599902
1770721577.559802771 19.153560638 -214.755950928 -0.028102230 0.018123636 0.029379150 0.708273232 0.705094039
1770721578.459773064 19.151185989 -214.226470947 -0.031286303 0.018799737 0.033302363 0.685356259 0.727203071
1770721579.359709024 19.202777863 -213.701171875 -0.028802432 0.027509196 0.041399807 0.639613390 0.767087996
1770721580.449761152 19.303716660 -213.174179077 -0.031465065 0.025521250 0.039679281 0.562469006 0.825471282
1770721581.659753799 19.521497726 -212.688201904 -0.081278265 0.022326749 0.041028947 0.486392707 0.872490883
1770721582.559707642 19.806653976 -212.201187134 -0.094760783 0.008537916 0.032733649 0.368008286 0.929206908
1770721583.259760380 20.214729309 -211.807281494 -0.131814331 -0.006398475 0.032900829 0.226543650 0.973424137
1770721583.859942198 20.687002182 -211.622344971 -0.186689094 0.008201774 0.050241727 0.138090804 0.989110410
1770721584.559758902 21.259670258 -211.536224365 -0.224054366 0.022325363 0.058030650 0.201686114 0.977474689
1770721585.259809494 21.765165329 -211.307998657 -0.289410800 0.016814804 0.046821970 0.233539596 0.971073747
1770721585.859448910 22.255208969 -211.006561279 -0.334490031 0.006317477 0.045262162 0.208738849 0.976903021
1770721586.359921932 22.719730377 -210.767196655 -0.354564756 0.000189790 0.044336550 0.176454753 0.983309686
1770721586.859815598 23.202398300 -210.575042725 -0.415855318 0.003111293 0.049241357 0.149517626 0.987527251
1770721587.359760761 23.693540573 -210.431549072 -0.450722188 0.009879178 0.052024081 0.127082199 0.990477681
1770721587.859730959 24.212034225 -210.297363281 -0.490934879 0.015167972 0.055825632 0.118347071 0.991285741
1770721588.359348774 24.750074387 -210.178512573 -0.556476653 0.013377900 0.050316084 0.122140110 0.991146386
1770721588.859946966 25.264959335 -210.005462646 -0.594134986 0.006196243 0.042372078 0.124165051 0.991337061
1770721589.359805346 25.821523666 -209.853012085 -0.626780212 0.000765060 0.047402151 0.125984862 0.990898728
1770721589.859809875 26.351902008 -209.716140747 -0.690453351 0.002141816 0.052482501 0.114000708 0.992091119
1770721590.359496117 26.858432770 -209.596923828 -0.723765850 0.008402538 0.052931149 0.102680512 0.993269563
1770721590.859775066 27.407312393 -209.476989746 -0.775988758 0.010323497 0.053676896 0.098713093 0.993613601
1770721591.359582186 27.956205368 -209.343383789 -0.838671923 0.005357785 0.051497709 0.106189676 0.992996991
1770721591.859812021 28.504594803 -209.209793091 -0.886544824 0.008052999 0.044467118 0.110639252 0.992832720
1770721592.259442329 28.995864868 -209.101455688 -0.925161719 0.007798372 0.056835223 0.104294248 0.992890596
1770721592.759480238 29.592292786 -208.968399048 -0.974439561 0.005930905 0.049468596 0.100945815 0.993643641
1770721593.159792185 30.087848663 -208.840637207 -1.033497214 0.002134082 0.046962310 0.096000202 0.994270563
1770721593.659977674 30.677257538 -208.704650879 -1.070704579 0.002554420 0.041251335 0.098756708 0.994252920
1770721594.159810543 31.252767563 -208.595474243 -1.106867313 0.004077874 0.051375952 0.109304078 0.992671430
1770721594.759798765 31.812084198 -208.489135742 -1.169320345 0.005064937 0.055698697 0.122383259 0.990905821
1770721595.359633923 32.361068726 -208.327590942 -1.219788074 -0.002152604 0.049246076 0.151643395 0.987205386
1770721595.959815741 32.907855988 -208.148010254 -1.276612163 0.000946288 0.046702683 0.198978722 0.978889883
1770721596.559854031 33.412151337 -207.940887451 -1.320993066 0.005701456 0.048161723 0.253273636 0.966178238
1770721597.259542704 33.898239136 -207.640975952 -1.370173812 0.009327043 0.042206403 0.351871371 0.935049772
1770721597.959429979 34.317504883 -207.290893555 -1.431365132 0.017069614 0.039820932 0.482167184 0.875007272
1770721598.659798622 34.557884216 -206.762557983 -1.444883585 0.013565063 0.029953767 0.590383410 0.806452870
1770721599.259586334 34.652370453 -206.182891846 -1.458120823 -0.004359973 0.019240992 0.609269798 0.792717516
1770721599.859873295 34.765861511 -205.614349365 -1.470301509 -0.015030004 0.013539366 0.610631585 0.791656435
1770721600.459337950 34.905914307 -205.119964600 -1.494659662 -0.003546088 0.024000008 0.578173816 0.815552831
1770721601.059745789 35.088893890 -204.596618652 -1.526572585 -0.001946724 0.027692841 0.540435910 0.840927124
1770721601.659915209 35.324604034 -204.095794678 -1.556278944 0.005434537 0.029537641 0.493692994 0.869117498
1770721602.259905100 35.600391388 -203.619644165 -1.571338773 0.006447217 0.027302478 0.444165796 0.895505309
1770721602.859876871 35.924617767 -203.223312378 -1.599288940 0.005286740 0.030665880 0.344179034 0.938388228
1770721603.559630156 36.354076385 -202.858230591 -1.640059829 0.000621757 0.027847001 0.205279887 0.978306830
1770721604.159821987 36.864494324 -202.693817139 -1.683630705 0.009686338 0.039008088 0.140507638 0.989263415
1770721604.759826660 37.383083344 -202.566223145 -1.710044742 0.009217093 0.040866498 0.083260059 0.995646894
1770721605.359954357 37.910011292 -202.490112305 -1.737850308 0.005819463 0.041064158 0.013839770 0.999043703
1770721605.959578991 38.407596588 -202.439910889 -1.762371063 -0.011090138 0.031685285 -0.094170816 0.994989872
1770721606.559603453 38.929504395 -202.544998169 -1.801668048 -0.008903752 0.027580690 -0.148691550 0.988458812
1770721607.159487724 39.462436676 -202.742721558 -1.829284430 -0.011339508 0.026878046 -0.203569040 0.978625894
1770721607.659506083 39.936233521 -202.950408936 -1.853362322 -0.007811866 0.029620683 -0.224267587 0.974045992
1770721608.159947872 40.380947113 -203.174911499 -1.898113728 -0.007321352 0.029085910 -0.220235363 0.974985540
1770721608.659640312 40.897975922 -203.374145508 -1.922664165 -0.017467918 0.030523077 -0.219526529 0.974972486
1770721609.159869671 41.391441345 -203.614562988 -1.941077709 -0.020244693 0.033444360 -0.215158910 0.975796223
1770721609.659556627 41.881103516 -203.847625732 -1.979171157 -0.018573448 0.032810889 -0.220424935 0.974675000
1770721610.159956455 42.355930328 -204.079849243 -2.009226322 -0.015230751 0.029658325 -0.216663659 0.975676835
1770721610.659565210 42.831447601 -204.305892944 -2.028082371 -0.010688117 0.031998705 -0.196903035 0.979842305
1770721611.159462452 43.331596375 -204.487167358 -2.081147909 -0.014841726 0.032721393 -0.152358294 0.987672031
1770721611.659874439 43.848526001 -204.629165649 -2.118620872 -0.014198449 0.030246576 -0.101815663 0.994242013
1770721612.159477234 44.361877441 -204.746520996 -2.144758701 -0.014405748 0.036023393 -0.056761716 0.997633636
1770721612.759497404 44.903774261 -204.775604248 -2.185003519 -0.019131821 0.035303865 -0.001143177 0.999192834
1770721613.359275341 45.425514221 -204.750411987 -2.255098104 -0.012150061 0.038936343 0.112626225 0.992799938
1770721613.859886646 45.929698944 -204.656707764 -2.311932802 -0.013073877 0.039972227 0.113558188 0.992640853
1770721614.359991312 46.429710388 -204.502258301 -2.329623699 -0.014609098 0.028849561 0.114396043 0.992908776
1770721614.859388590 46.938842773 -204.364685059 -2.371269226 -0.014311274 0.029733334 0.116731562 0.992615163
1770721615.359911919 47.480445862 -204.210037231 -2.394079685 -0.014905296 0.029059496 0.133625969 0.990493596
1770721615.859709740 48.012107849 -204.082550049 -2.429507494 -0.005289687 0.031501055 0.160008997 0.986598611
1770721616.359451056 48.519279480 -203.915420532 -2.466861248 -0.003690452 0.038566485 0.195458189 0.979946494
1770721616.859529257 49.013034821 -203.715316772 -2.513316870 -0.002197829 0.039261535 0.229147002 0.972597241
1770721617.459482431 49.519924164 -203.427642822 -2.565713406 -0.005087150 0.036999740 0.283250242 0.958318532
1770721617.959934235 49.946636200 -203.123764038 -2.588425398 -0.000710900 0.027240701 0.327377379 0.944500685
1770721618.460013628 50.348911285 -202.797958374 -2.605542898 0.005489627 0.031454142 0.373145878 0.927223086
1770721618.960023642 50.711082458 -202.437896729 -2.653297424 0.008023513 0.032738939 0.417380214 0.908106565
1770721619.559673548 51.075897217 -201.987518311 -2.674343348 0.010019291 0.033467751 0.467520893 0.883291423
1770721620.159919262 51.345588684 -201.534088135 -2.718967676 0.012779631 0.034433261 0.534812212 0.844172359
1770721620.860102654 51.581901550 -201.008453369 -2.745628357 0.022733942 0.034705937 0.629841566 0.775614798
1770721621.359377146 51.595699310 -200.491760254 -2.778506994 -0.000768753 0.017729703 0.670163870 0.742000818
1770721621.960010767 51.576301575 -199.874725342 -2.770386934 -0.025914008 -0.004503551 0.682299733 0.730599284
1770721622.460011721 51.599567413 -199.308868408 -2.764051676 -0.020029582 0.004201028 0.683557689 0.729609430
1770721622.859526634 51.668697357 -198.813690186 -2.788532495 -0.005965515 0.017326269 0.679132521 0.733786881
1770721623.359692335 51.726612091 -198.311645508 -2.781158447 0.009300159 0.015205055 0.698411345 0.715474606
1770721623.859462738 51.738609314 -197.807235718 -2.796381712 0.011202142 0.023110284 0.727198541 0.685946584
1770721624.359550714 51.682453156 -197.254440308 -2.815642834 0.000988058 0.014992705 0.737348914 0.675344944
1770721624.860075235 51.600742340 -196.749786377 -2.814178467 -0.007053604 0.006625642 0.739900589 0.672646463
1770721625.359532118 51.539115906 -196.150390625 -2.796921730 -0.006192252 0.013324224 0.732787073 0.680299401
1770721625.859479189 51.504962921 -195.573394775 -2.806176662 -0.002040373 0.013968879 0.729942083 0.683363199
1770721626.359511614 51.485958099 -194.993148804 -2.807950020 0.010242377 0.010415373 0.726274908 0.687249124
1770721626.860008955 51.445781708 -194.382751465 -2.801895380 0.008488015 0.021301996 0.723596215 0.689842582
1770721627.359316111 51.392539978 -193.782394409 -2.827136278 0.006685507 0.020644860 0.729132950 0.684027970
1770721627.860113859 51.327716827 -193.183654785 -2.831500530 0.005402005 0.016019301 0.728928924 0.684380651
1770721628.359779596 51.258979797 -192.590103149 -2.826409817 0.000160945 0.016305856 0.728645921 0.684696376
1770721628.759987116 51.230716705 -192.088455200 -2.832029343 0.009033545 0.008174167 0.718035877 0.695899487
1770721629.159597397 51.211532593 -191.558822632 -2.839126587 0.006084720 0.015323666 0.719104528 0.694706380
1770721629.559695959 51.179039001 -191.042373657 -2.836849689 0.001038594 0.021519162 0.715719342 0.698055625
1770721629.959524155 51.212284088 -190.526672363 -2.839155436 0.020484032 0.018504620 0.701606870 0.712029278
1770721630.360026598 51.237682343 -190.013305664 -2.861385107 0.017278392 0.024846597 0.704444766 0.709113300
1770721630.859415770 51.213775635 -189.415191650 -2.864893675 0.017410005 0.021871237 0.709293127 0.704359114
1770721631.359625101 51.174961090 -188.793411255 -2.872765541 0.008624122 0.019875305 0.709929764 0.703939199
1770721631.859435558 51.182369232 -188.171630859 -2.856269121 0.019311849 0.023008985 0.705908835 0.707665563
1770721632.260077715 51.194694519 -187.642822266 -2.855474949 0.021778295 0.025996082 0.704630136 0.708763897
1770721632.659316063 51.181488037 -187.138000488 -2.856428862 0.021446774 0.021546723 0.715669572 0.697777092
1770721633.059579611 51.154506683 -186.625061035 -2.871024609 0.018068070 0.021985017 0.715625167 0.697904587
1770721633.559303999 51.149967194 -186.020355225 -2.857448101 0.025863949 0.018104317 0.716124713 0.697257876
1770721633.959352970 51.117263794 -185.506240845 -2.871368408 0.020376155 0.023709593 0.722199202 0.690978289
1770721634.459632397 51.072891235 -184.906265259 -2.869805574 0.017688552 0.018069604 0.723677456 0.689674973
1770721634.959362745 51.008743286 -184.288192749 -2.859188557 0.003286541 0.015485927 0.724831462 0.688744485
1770721635.359613895 50.995601654 -183.763153076 -2.848020315 0.016842341 0.008367851 0.726202846 0.687223077
1770721635.759765625 50.982891083 -183.257827759 -2.862979174 0.021976737 0.021286327 0.738060892 0.674040079
1770721636.159864902 50.902118683 -182.728469849 -2.837810278 0.010730005 0.016974092 0.746514618 0.665065825
1770721636.559233904 50.859718323 -182.224380493 -2.835000992 0.025012435 0.011634809 0.746966124 0.664289653
1770721636.959634066 50.805267334 -181.709213257 -2.843842506 0.019413073 0.017075503 0.756181121 0.653851449
1770721637.459213972 50.669990540 -181.095184326 -2.842564821 0.013889571 0.009088608 0.756802499 0.653432906
1770721637.859712839 50.585281372 -180.576583862 -2.847022057 0.010275710 0.007077998 0.755587280 0.654929042
1770721638.259538889 50.545845032 -180.043838501 -2.810380936 0.025699386 0.023119135 0.757087350 0.652398586
1770721638.660156727 50.440589905 -179.510421753 -2.789334059 0.022364153 0.015415379 0.757991314 0.651698947
1770721639.059234142 50.316829681 -178.988265991 -2.808590651 0.010237137 0.007749417 0.756567597 0.653789461
1770721639.459806919 50.268341064 -178.455566406 -2.776745319 0.019262280 0.017007209 0.757607639 0.652204335
1770721639.859694004 50.175498962 -177.956787109 -2.768687010 0.013989767 0.009784437 0.759122312 0.650723994
1770721640.259243727 50.083038330 -177.447860718 -2.776138067 0.014880652 0.010869303 0.752083063 0.658810496
1770721640.659793139 50.040706635 -176.920791626 -2.751790047 0.025875568 0.019016718 0.747570217 0.663406074
1770721641.059632540 49.939270020 -176.426849365 -2.742327690 0.016894722 0.008468117 0.747501671 0.663991034
1770721641.559593201 49.829051971 -175.811721802 -2.720594168 -0.000634397 0.004241691 0.742683947 0.669628263
1770721641.959460497 49.800434113 -175.241683960 -2.700344801 0.018718332 0.000331924 0.734991908 0.677817464
1770721642.359671593 49.776035309 -174.677810669 -2.713614225 0.019959191 0.017293837 0.727434635 0.685668707
1770721642.760098457 49.723937988 -174.140899658 -2.682341814 0.015059554 0.016704001 0.722904503 0.690581799
1770721643.159787655 49.702770233 -173.585525513 -2.676849604 0.025228804 0.008447823 0.717657924 0.695887446
1770721643.559669495 49.697086334 -173.022186279 -2.682863235 0.020524925 0.019018918 0.721911132 0.691419840
1770721643.959496498 49.645774841 -172.456848145 -2.660904408 0.010638152 0.011096801 0.721205175 0.692550957
1770721644.359649897 49.620258331 -171.922225952 -2.662588596 0.025499983 0.004355173 0.716061711 0.697557390
1770721644.759614944 49.624229431 -171.365661621 -2.656551361 0.026117761 0.015430676 0.722352207 0.690859616
1770721645.159866810 49.578880310 -170.737121582 -2.624136925 0.019523112 0.015483917 0.722326458 0.691103101
1770721645.559814215 49.537891388 -170.168518066 -2.622704744 0.023351597 0.004440391 0.717383981 0.696272433
1770721645.959951639 49.506870270 -169.590148926 -2.609360456 0.017258612 0.012362539 0.722324312 0.691228449
1770721646.359664440 49.465816498 -169.011993408 -2.597237587 0.007400569 0.011905212 0.726185918 0.687355399
1770721646.759657621 49.451808929 -168.456497192 -2.588178158 0.022667725 0.009109358 0.717738152 0.695884526
1770721647.159869194 49.426254272 -167.872756958 -2.591404200 0.019014331 0.015009822 0.720653713 0.692871809
1770721647.559742689 49.375759125 -167.341217041 -2.574683189 0.007039673 0.006936917 0.720845044 0.693025768
1770721647.959751129 49.357486725 -166.788986206 -2.584846258 0.025091594 -0.000585570 0.715743840 0.697911739
1770721648.359685898 49.325332642 -166.176300049 -2.553217888 0.017239489 0.005725188 0.722423553 0.691212177
1770721648.759699821 49.294635773 -165.587219238 -2.533042908 0.012125066 0.010369556 0.726357222 0.687132239
1770721649.159807205 49.281677246 -165.016021729 -2.518652678 0.031838514 0.009295434 0.719472468 0.693728685
1770721649.559753895 49.265159607 -164.446517944 -2.524059057 0.026695363 0.017257791 0.719998598 0.693246961
1770721649.959572792 49.203895569 -163.917831421 -2.493374348 0.009363709 0.006248682 0.722835362 0.690928698
1770721650.359738111 49.183010101 -163.369079590 -2.482882500 0.024617592 -0.001590603 0.715287983 0.698394179
1770721650.759692192 49.165439606 -162.798416138 -2.479265928 0.017294075 0.008724234 0.721702456 0.691932201
1770721651.159651279 49.128582001 -162.249191284 -2.473338127 0.012285339 0.007389007 0.722959459 0.690741718
1770721651.559854746 49.129482269 -161.677658081 -2.440543652 0.036330093 0.009810849 0.719957054 0.692997634
1770721651.959811687 49.078380585 -161.059829712 -2.448460817 0.028132558 0.015296230 0.719237387 0.694026053
1770721652.359501600 49.024745941 -160.502380371 -2.406244993 0.008699453 0.007175268 0.724383950 0.689304471
1770721652.759971142 49.015140533 -159.924880981 -2.383104801 0.025005605 -0.002683313 0.718658090 0.694908559
1770721653.159655333 48.992477417 -159.330291748 -2.393193960 0.021808719 0.007952152 0.722673357 0.690799832
1770721653.559960604 48.940605164 -158.751708984 -2.364629269 0.012030297 0.007867455 0.722357750 0.691370189
1770721653.959780455 48.941303253 -158.192047119 -2.344467163 0.027986929 0.001250138 0.716372848 0.697155118
1770721654.359697580 48.914093018 -157.618942261 -2.353142977 0.021517374 0.007776490 0.720911920 0.692648768
1770721654.759855032 48.845046997 -157.070663452 -2.312381744 0.004496996 -0.001680763 0.722350240 0.691510737
1770721655.159309387 48.812793732 -156.450119019 -2.302006006 0.022258203 -0.007022626 0.728235781 0.684929073
1770721655.560211420 48.791976929 -155.857238770 -2.287799597 0.020847496 0.006269814 0.741138518 0.670999050
1770721655.959737301 48.722843170 -155.276153564 -2.267960787 0.017793780 0.006079613 0.748370945 0.663013816
1770721656.359702110 48.659790039 -154.731246948 -2.258225679 0.031309407 -0.001859844 0.752873778 0.657417297
1770721656.759705067 48.571281433 -154.151763916 -2.229945183 0.021145364 0.003637224 0.763241172 0.645757496
1770721657.159310818 48.436489105 -153.653457642 -2.191265345 0.001391606 -0.000273843 0.771404684 0.636343420
1770721657.559642076 48.341701508 -153.135009766 -2.199427128 0.023286069 -0.011376348 0.755926013 0.654143810
1770721657.960015774 48.257656097 -152.621200562 -2.174598932 0.018180724 -0.002109363 0.752916574 0.657861412
1770721658.359686852 48.178588867 -152.107894897 -2.113146305 0.014904838 0.000927904 0.742872715 0.669265985
1770721658.859846115 48.133308411 -151.544876099 -2.118200302 0.019539805 0.001031944 0.725300133 0.688154578
1770721659.359713078 48.110374451 -151.027130127 -2.099590063 0.026165403 0.005138093 0.709030688 0.704673231
1770721659.859700680 48.090744019 -150.512817383 -2.087270021 0.030031580 0.011778059 0.702588141 0.710865200
1770721660.459765673 48.090797424 -149.934768677 -2.068519115 0.030809829 0.012984735 0.700038970 0.713321447
1770721661.059914112 48.094215393 -149.391326904 -2.059389353 0.032306027 0.014462455 0.700580895 0.712694585
1770721661.659754515 48.089534760 -148.851409912 -2.034034967 0.032837011 0.009902589 0.700015604 0.713303566
1770721662.359835148 48.075202942 -148.273422241 -2.012885094 0.030105926 0.004814506 0.701642632 0.711876452
1770721662.959850788 48.084808350 -147.758636475 -2.008495092 0.033297691 0.006781035 0.701288998 0.712066770
1770721663.659752846 48.111820221 -147.242401123 -2.008004189 0.039689362 0.020599704 0.700126946 0.712616742
1770721667.259685516 48.034904480 -146.685943604 -2.004800558 0.026711468 0.002428244 0.702426195 0.711251080
1770721667.859731436 48.004077911 -146.187149048 -1.973950028 0.018643178 -0.001957380 0.704989672 0.708969891
1770721668.559794188 47.994750977 -145.614624023 -1.941083550 0.015375047 0.000088184 0.674437165 0.738172114
1770721669.559851170 48.079391479 -145.070526123 -1.923436880 0.018568834 0.006519956 0.555498481 0.831284642
1770721670.559959412 48.356124878 -144.589889526 -1.956682205 0.036226973 0.021347629 0.490324646 0.870524943
1770721671.459821224 48.672996521 -144.134155273 -1.956258178 0.040420514 0.034226414 0.410424680 0.910355091
1770721672.359879255 48.989868164 -143.704925537 -1.958755612 0.023125239 0.025403509 0.255930096 0.966084719
1770721673.360033989 49.446365356 -143.463226318 -1.967084408 0.020486541 0.031620301 0.130428553 0.990741551
1770721674.659894705 49.935440063 -143.342269897 -1.998663068 0.015909556 0.024830632 0.171227902 0.984789968
1770721675.459973812 50.279956818 -143.310287476 -2.018638849 0.026748469 0.024448814 0.335187018 0.941454411
1770721676.259713411 50.574928284 -143.051269531 -2.048859596 0.017616350 0.018270345 0.504019558 0.863319218
1770721676.959857702 50.835884094 -142.595565796 -2.062038898 0.019927148 0.013402618 0.643706679 0.764895380
1770721677.659754992 50.920120239 -142.043167114 -2.053245306 0.026146941 0.006124634 0.722165108 0.691199243
1770721678.259784222 50.869621277 -141.545623779 -2.047923088 0.012387807 -0.000259058 0.727591991 0.685898185
1770721678.959822178 50.808063507 -140.975997925 -2.027211905 0.008242001 -0.000441348 0.727429450 0.686132908
1770721679.559903145 50.785934448 -140.468109131 -2.016501904 0.013612336 0.006781002 0.712131321 0.701881468
1770721680.159915686 50.766338348 -139.904403687 -2.003494263 0.011946046 0.005936051 0.702983797 0.711080790
1770721680.759777308 50.769100189 -139.330825806 -2.001641512 0.009610644 0.004269699 0.698345542 0.715683520
1770721681.259932041 50.759845734 -138.804550171 -1.977551699 0.004764657 -0.000328382 0.693931460 0.720025301
1770721681.759749889 50.767784119 -138.213684082 -1.952609658 0.004177738 0.003058795 0.693353534 0.720578969
1770721682.259756327 50.807312012 -137.629196167 -1.961187601 0.009404344 0.007313464 0.688446641 0.725189149
1770721682.759903193 50.856479645 -137.012252808 -1.940857291 0.021082124 0.005310585 0.682008862 0.731020689
1770721683.259918928 50.896724701 -136.416778564 -1.920541167 0.019612394 0.013620819 0.680958927 0.731932104
1770721683.759951830 50.930809021 -135.839996338 -1.928369522 0.016157141 0.009806665 0.693075895 0.720616877
1770721684.259893894 50.932365417 -135.278488159 -1.925228238 0.018575436 0.004546310 0.707652688 0.706301570
1770721684.759763002 50.918075562 -134.647949219 -1.898073435 0.018033493 0.007540027 0.716264427 0.697555244
1770721685.159944057 50.901546478 -134.130020142 -1.891775608 0.023437269 -0.003339359 0.714192510 0.699548900
1770721685.659813881 50.871856689 -133.526016235 -1.879288554 0.016997203 0.008748007 0.721632361 0.692012429
1770721686.059885502 50.833251953 -133.018737793 -1.862605691 0.012156142 0.004033579 0.727780581 0.685690522
1770721686.460028648 50.772918701 -132.504043579 -1.859019756 0.006613277 0.001497420 0.723336995 0.690461874
1770721686.859966040 50.775485992 -131.991317749 -1.847952127 0.018092608 0.008836597 0.721869648 0.691736042
1770721687.259740591 50.727371216 -131.454391479 -1.852867126 0.013139905 0.001261216 0.726700664 0.686827481
1770721687.659785271 50.675853729 -130.896743774 -1.840230465 0.011963124 -0.002416939 0.723242283 0.690486372
1770721688.059775829 50.643924713 -130.300445557 -1.814268947 0.012619592 0.003282851 0.724253416 0.689410627
1770721688.459941149 50.607757568 -129.712234497 -1.797749758 0.009974870 0.001320101 0.727686524 0.685836017
1770721688.859756470 50.571201324 -129.110336304 -1.788293362 0.011085401 0.002686592 0.722877383 0.690882087
1770721689.259911776 50.567504883 -128.552520752 -1.768494010 0.023357412 0.009719968 0.718634725 0.694927394
1770721689.659814119 50.526268005 -127.987754822 -1.758667231 0.015524427 0.000510344 0.723645270 0.689997315
1770721690.059967041 50.473545074 -127.410545349 -1.752570152 0.008562588 0.000801059 0.720118463 0.693797827
1770721690.459856987 50.477905273 -126.860092163 -1.735759139 0.020987814 0.009064985 0.716883659 0.696817875
1770721690.860025883 50.429847717 -126.271171570 -1.740590215 0.015639540 0.001466322 0.728029907 0.685365379
1770721691.259938478 50.400188446 -125.658996582 -1.710139990 0.019824052 0.004467712 0.722770631 0.690789044
1770721691.659796715 50.367408752 -125.076309204 -1.679667354 0.020381814 0.010575396 0.719325662 0.694293380
1770721692.059721470 50.318336487 -124.506538391 -1.664004922 0.012211289 -0.000738854 0.718687534 0.695225537
1770721692.459792137 50.272682190 -123.939735413 -1.652475238 0.010849407 0.004381072 0.713228881 0.700833559
1770721692.959786415 50.300743103 -123.335723877 -1.621379972 0.018719897 0.004416517 0.698487878 0.715363264
1770721693.459838152 50.303653717 -122.758262634 -1.616416931 0.012252770 0.014700527 0.692512035 0.721152425
1770721693.959966660 50.318481445 -122.139358521 -1.631430507 0.015052934 0.007499069 0.698782980 0.715135992
1770721694.359826088 50.278934479 -121.631614685 -1.603435993 -0.000335772 -0.003442547 0.697968662 0.716120005
1770721694.859956503 50.309432983 -121.024742126 -1.588249445 0.010474167 0.003603143 0.697767138 0.716239035
1770721695.359991074 50.359958649 -120.431846619 -1.563349724 0.022245891 0.005866851 0.693710327 0.719886482
1770721695.859817982 50.390972137 -119.857627869 -1.549236655 0.028513610 0.012467843 0.691006601 0.722178280
1770721696.359978676 50.387176514 -119.324554443 -1.552199721 0.018677901 0.004090637 0.696361780 0.717436254
1770721696.959737778 50.393566132 -118.778671265 -1.543161750 0.015889995 0.005073105 0.697529256 0.716362178
1770721697.559795380 50.432346344 -118.277252197 -1.535506725 0.028145581 0.010820495 0.698041201 0.715422273
1770721698.159802914 50.450962067 -117.776573181 -1.518912315 0.028791402 0.009377804 0.696004510 0.717398643
1770721698.859971762 50.438220978 -117.231040955 -1.502196074 0.021766920 0.006601621 0.693080306 0.720501482
1770721699.859843969 50.443164825 -116.698814392 -1.498929620 0.019399809 0.003380079 0.698957324 0.714892209
1770721700.659647942 50.443477631 -116.164527893 -1.494199395 0.019874841 0.001997368 0.693241835 0.720428169
1770721701.459809542 50.458797455 -115.593765259 -1.476950288 0.020612396 0.004505936 0.697207868 0.716558397
1770721702.359962702 50.496227264 -115.021484375 -1.466594219 0.029305141 0.007475578 0.696685374 0.716738939
1770721702.960012674 50.493888855 -114.515640259 -1.454066277 0.024260992 0.007144865 0.696776211 0.716842592
1770721703.559717178 50.491291046 -113.945343018 -1.441497803 0.019543625 0.005065994 0.695353031 0.718384683
1770721704.159816504 50.512458801 -113.370780945 -1.417039990 0.017028470 0.001489132 0.680713654 0.732349992
1770721704.759677887 50.525154114 -112.869575500 -1.387057185 0.014080972 0.000737848 0.666219056 0.745622754
1770721705.759948730 50.592887878 -112.321411133 -1.377030611 0.015950466 0.002750985 0.665851891 0.745908320
1770721706.660005093 50.680568695 -111.809028625 -1.374428988 0.027864156 0.010773485 0.659487903 0.751121223
1770721713.459835768 50.710296631 -111.285263062 -1.393014431 0.022335790 0.003396954 0.664451897 0.746989548
1770721714.259763241 50.744777679 -110.766265869 -1.384308338 0.014803143 0.001396670 0.683929026 0.729396999
1770721714.959747553 50.775573730 -110.222389221 -1.356819034 0.013487776 -0.001216259 0.713648260 0.700373352
1770721715.559757233 50.765129089 -109.714393616 -1.345533967 0.015883364 0.002605917 0.736266077 0.676500618
1770721716.259954453 50.706356049 -109.213684082 -1.325311422 0.015041162 0.002408487 0.735523999 0.677327335
1770721717.059781551 50.627246857 -108.642684937 -1.327321887 0.012995746 -0.001946297 0.739335477 0.673209071
1770721717.659899712 50.589897156 -108.104812622 -1.307566166 0.018968554 0.003367748 0.738858581 0.673585296
1770721718.259884119 50.515163422 -107.543830872 -1.286782742 0.014934074 -0.003676061 0.738757730 0.673795521
1770721718.859880686 50.446868896 -107.018501282 -1.272027850 0.015447172 -0.004015920 0.739021182 0.673493028
1770721719.459882498 50.390075684 -106.444175720 -1.249761343 0.009964378 -0.005199197 0.740063787 0.672442794
1770721720.059866905 50.322101593 -105.871986389 -1.239043117 0.010650509 -0.003726698 0.739140809 0.673456371
1770721720.559981108 50.276393890 -105.370521545 -1.218269706 0.017654754 -0.008392308 0.736109555 0.676580012
1770721721.060001850 50.214672089 -104.822502136 -1.188308358 0.011395355 -0.001991075 0.736014068 0.676867366
1770721721.559909821 50.170978546 -104.315567017 -1.181288719 0.012272420 -0.000484342 0.739886999 0.672619104
1770721722.159819603 50.120826721 -103.718879700 -1.166468143 0.014911508 0.000127854 0.740265787 0.672149003
1770721722.659945488 50.061374664 -103.222465515 -1.148175001 0.014949824 -0.000466687 0.741532505 0.670750141
1770721723.259974241 50.005538940 -102.633300781 -1.132800579 0.010953637 -0.002512658 0.741197586 0.671192884
1770721723.859745026 49.946514130 -102.048606873 -1.128623962 0.010269862 -0.002693569 0.741432309 0.670943677
1770721724.359764338 49.889610291 -101.504043579 -1.099575877 0.011689380 -0.000967854 0.740733206 0.671696901
1770721724.859840631 49.827346802 -100.990425110 -1.094330907 0.009371299 -0.004040684 0.737973034 0.674753070
1770721725.359833241 49.772819519 -100.492332458 -1.073626041 0.010138242 -0.008292346 0.735438824 0.677464485
1770721725.859873295 49.743904114 -99.985305786 -1.069769859 0.010804703 0.000219286 0.736567020 0.676278234
1770721726.359869242 49.696365356 -99.478927612 -1.062587738 0.009459275 -0.000071660 0.739669502 0.672903895
1770721726.959790468 49.663242340 -98.937332153 -1.055455446 0.012542550 0.004401777 0.739973605 0.672504425
1770721727.459989548 49.592632294 -98.427703857 -1.034757495 0.009841062 -0.001725822 0.738958001 0.673677504
1770721727.959832430 49.526725769 -97.896697998 -1.006273866 0.001073802 -0.006398865 0.740895808 0.671588600
1770721728.459735632 49.476085663 -97.350807190 -1.005391955 0.007930821 -0.003316987 0.737547398 0.675240636
1770721728.959733725 49.446708679 -96.827293396 -0.987177491 0.018440321 -0.003436979 0.734425008 0.678430498
1770721729.459872723 49.405490875 -96.279632568 -0.965045094 0.016299382 0.005017655 0.733069897 0.679939449
1770721729.959919214 49.349266052 -95.753929138 -0.972520232 0.014796386 0.002829761 0.737855792 0.674790144
1770721730.459852695 49.289176941 -95.226570129 -0.955168247 0.013944327 -0.003117754 0.740053415 0.672396243
1770721730.959917545 49.222629547 -94.634826660 -0.921656132 0.006484414 -0.003983209 0.739758432 0.672829568
1770721731.459948778 49.134838104 -94.046524048 -0.912976801 0.003937341 -0.007473492 0.737481952 0.675313950
1770721731.959758043 49.099430084 -93.468055725 -0.890165627 0.013017232 -0.010600615 0.734584212 0.678309858
1770721732.459891796 49.057746887 -92.864578247 -0.874289691 0.010886536 0.002189629 0.732440829 0.680740178
1770721732.959919214 49.029548645 -92.296142578 -0.879164040 0.011631654 0.004862028 0.733133793 0.679967701
1770721733.359844446 48.963760376 -91.796844482 -0.859716058 0.005184247 0.001976628 0.729939342 0.683489442
1770721733.859876394 48.885036469 -91.226219177 -0.850876212 -0.006034638 -0.012527078 0.717924356 0.695982218
1770721734.259908438 48.862884521 -90.698722839 -0.810098588 -0.003270912 -0.010185815 0.711649120 0.702453673
1770721734.759772301 48.880123138 -90.116096497 -0.812493801 -0.000149144 -0.005524183 0.713776171 0.700352132
1770721735.159890413 48.886138916 -89.597686768 -0.799653292 0.006302541 0.005297435 0.716045678 0.698004901
1770721735.658836603 48.892471313 -88.995780945 -0.803606570 0.012496846 0.007060865 0.707911313 0.706155419
1770721736.159888268 48.861885071 -88.415046692 -0.791037202 0.010231463 -0.001686140 0.704022408 0.710102141
1770721736.659941673 48.854701996 -87.819725037 -0.773613989 0.006055141 -0.000758656 0.705042720 0.709138572
1770721737.159947872 48.834457397 -87.218055725 -0.775091290 0.007386618 -0.001255524 0.712339997 0.701794505
1770721737.659805298 48.836620331 -86.620178223 -0.747939944 0.013006086 -0.000679640 0.713837326 0.700190544
1770721738.158874989 48.820579529 -86.033302307 -0.733561575 0.006422859 0.002045141 0.714300990 0.699806213
1770721738.659946203 48.806854248 -85.445655823 -0.734427810 0.008304838 0.002184651 0.710833490 0.703307986
1770721739.159836769 48.799560547 -84.856277466 -0.719934106 0.012419657 -0.002281071 0.709801078 0.704289079
1770721739.658813715 48.781810760 -84.267395020 -0.714815736 0.010491082 0.003611357 0.711681008 0.702415109
1770721740.159016371 48.758987427 -83.693153381 -0.722868204 0.007464755 0.001328020 0.720322907 0.693597496
1770721740.560031652 48.700069427 -83.191108704 -0.693105578 -0.003741180 -0.008059029 0.719251335 0.694693208
1770721740.959857464 48.676799774 -82.672157288 -0.686365783 0.006047648 -0.014194801 0.716192663 0.697732151
1770721741.459819317 48.692310333 -82.042030334 -0.661926389 0.009820291 0.001432931 0.716069758 0.697958171
1770721741.859831572 48.661949158 -81.509368896 -0.657516658 0.008356255 -0.004349290 0.719855547 0.694059908
1770721742.259817123 48.611454010 -81.005958557 -0.669376612 -0.004861995 -0.005958340 0.715692997 0.698372662
1770721742.658876181 48.611003876 -80.474975586 -0.642582238 0.004188045 0.002494338 0.716386735 0.697686315
1770721743.059882402 48.581100464 -79.972755432 -0.639001071 -0.000082715 -0.003668615 0.720682383 0.693255544
1770721743.459891558 48.557682037 -79.436721802 -0.644253671 0.001020131 -0.003244067 0.716545641 0.697531879
1770721743.859897375 48.579124451 -78.884101868 -0.623245180 0.016106445 0.007782707 0.715499461 0.698384166
1770721744.259068966 48.540599823 -78.312705994 -0.612885177 0.010082677 -0.000586902 0.716635585 0.697374761
1770721744.659893513 48.473880768 -77.756431580 -0.611046612 -0.009262757 -0.009599294 0.714423060 0.699586809
1770721745.059866428 48.475051880 -77.170623779 -0.576336145 -0.000595425 -0.000467641 0.717407286 0.696653605
1770721745.459938049 48.448619843 -76.593132019 -0.567136586 -0.004898323 -0.005017093 0.720030963 0.693906426
1770721745.859009504 48.419746399 -76.005027771 -0.573017895 -0.001389680 0.000836844 0.716425419 0.697661877
1770721746.258889198 48.436428070 -75.429374695 -0.558379352 0.007425514 0.006904669 0.711998701 0.702107549
1770721746.659900665 48.394351959 -74.851562500 -0.550486863 0.000419561 -0.002859490 0.715933561 0.698162436
1770721747.058969021 48.331115723 -74.270286560 -0.557043791 -0.010632929 -0.011431075 0.711124122 0.702893138
1770721747.459971666 48.328952789 -73.626564026 -0.529410362 -0.005148764 -0.006226991 0.713915467 0.700185239
1770721747.859879017 48.315723419 -73.020851135 -0.517962754 -0.005025317 -0.006759427 0.713000834 0.701112628
1770721748.259919882 48.305057526 -72.383171082 -0.508284688 -0.002106268 -0.001588657 0.707918704 0.706289053
1770721748.659887552 48.330867767 -71.781761169 -0.493393600 0.008831703 0.006407542 0.703555405 0.710556626
1770721749.060008764 48.316665649 -71.193367004 -0.497877300 0.001035155 -0.002435675 0.708504796 0.705701053
1770721749.459971189 48.287834167 -70.590950012 -0.505336881 -0.007273660 -0.000577648 0.704239011 0.709925532
1770721749.859933138 48.313079834 -70.003730774 -0.496923208 0.005097955 0.005506267 0.702773750 0.711373746
1770721750.259919167 48.298812866 -69.464958191 -0.501451433 0.003356796 -0.002335702 0.708887756 0.705309510
1770721750.659080029 48.304771423 -68.927337646 -0.489916921 0.008766730 0.000781272 0.704274416 0.709873259
1770721751.059953213 48.306953430 -68.404914856 -0.470141292 0.007089995 0.006050912 0.696451187 0.717543602
1770721751.458869696 48.290676117 -67.899131775 -0.471245110 -0.000351466 -0.002218692 0.698883772 0.715231776
1770721751.859986067 48.311489105 -67.354698181 -0.475534141 0.000943922 0.000204686 0.692660213 0.721263289
1770721752.258735418 48.330543518 -66.840110779 -0.466575146 0.003301165 0.001798726 0.686126769 0.727472365
1770721752.759989500 48.356498718 -66.199684143 -0.467479050 -0.001114921 -0.000578653 0.689400136 0.724379539
1770721753.259888172 48.377883911 -65.603767395 -0.459851921 -0.000169543 -0.001082794 0.685157716 0.728394032
1770721753.758955479 48.406082153 -64.985198975 -0.455052108 -0.009676144 -0.003507564 0.683890462 0.729512095
1770721754.159130335 48.459476471 -64.437057495 -0.455568492 0.005813427 -0.008736671 0.681827903 0.731437385
1770721754.558921576 48.509880066 -63.899826050 -0.451846361 0.000857515 -0.000046638 0.686664581 0.726973891
1770721754.959949017 48.513916016 -63.390651703 -0.436951518 -0.007527243 -0.001293415 0.692519248 0.721359015
1770721755.459034920 48.552528381 -62.779987335 -0.463611931 -0.008279770 -0.005005530 0.693863332 0.720041752
1770721755.959964752 48.585353851 -62.223937988 -0.444447935 0.000316732 -0.005254041 0.705810189 0.708381414
1770721756.459088087 48.616176605 -61.654144287 -0.454110503 0.005969519 0.010786887 0.723825812 0.689872563
1770721756.959021330 48.587028503 -61.139854431 -0.453883350 0.011390656 0.007307001 0.739954054 0.672521234
1770721757.459011316 48.490718842 -60.641971588 -0.458790690 -0.000277983 -0.001242799 0.744262278 0.667886257
1770721758.058693171 48.400573730 -60.110542297 -0.448604882 -0.012574779 -0.008538691 0.746509194 0.665201426
1770721758.759006262 48.324310303 -59.578277588 -0.448370129 -0.011657697 -0.010250596 0.722417772 0.691282690
1770721759.659995556 48.367866516 -59.057632446 -0.466110796 0.000769941 0.008965532 0.712491155 0.701623261
1770721763.954326868 48.316917419 -58.529479980 -0.474706918 0.001186608 0.002167800 0.713517249 0.700633228
1770721764.459071636 48.268100739 -58.028820038 -0.470870644 -0.008769818 -0.006728415 0.713548601 0.700518489
1770721764.960035563 48.214637756 -57.495166779 -0.444277138 -0.010188781 -0.011220092 0.713572502 0.700417459
1770721765.659027100 48.228912354 -56.908420563 -0.460656017 -0.007456417 0.001145592 0.715757489 0.698308229
1770721766.359033585 48.217376709 -56.323879242 -0.453371525 -0.005123822 0.002222580 0.717836618 0.696189284
1770721766.859203100 48.183853149 -55.818977356 -0.449867308 -0.006161094 -0.005854456 0.712666690 0.701451302
1770721767.258791924 48.161781311 -55.306442261 -0.440626919 -0.012124119 -0.005607327 0.713413179 0.700616360
1770721767.759168625 48.152458191 -54.698436737 -0.443346292 -0.008299228 0.000125242 0.722633839 0.691181183
1770721768.158987045 48.118469238 -54.163936615 -0.432293504 -0.010157632 0.000013377 0.724678814 0.689011872
1770721768.558737993 48.121471405 -53.661453247 -0.433992058 0.005623218 -0.004497662 0.723156810 0.690646350
1770721769.058996201 48.089260101 -53.054180145 -0.426836997 0.001441125 0.005434635 0.723091483 0.690729320
1770721769.559012175 48.035537720 -52.463279724 -0.438201427 -0.006422492 0.002485009 0.730806768 0.682549715
1770721770.059285879 47.985019684 -51.903560638 -0.435536861 -0.005611086 -0.003108706 0.735456824 0.677541256
1770721770.459085703 47.955444336 -51.382255554 -0.434774280 0.000738193 0.003334889 0.731713057 0.681604266
1770721770.858993053 47.920661926 -50.865051270 -0.417984247 -0.000793782 0.004511340 0.727951407 0.685613453
1770721771.259339809 47.874622345 -50.352310181 -0.422375172 -0.002770272 -0.003688697 0.733708918 0.679448187
1770721771.659209013 47.811176300 -49.784870148 -0.427360415 -0.005136217 -0.000966928 0.730579138 0.682808101
1770721772.059092522 47.787113190 -49.226451874 -0.415760666 -0.003813138 0.003648407 0.728516936 0.685007453
1770721772.459116936 47.730396271 -48.704444885 -0.406621695 -0.008783671 -0.004738595 0.733672917 0.679429412
1770721772.859191895 47.678585052 -48.173206329 -0.429292142 -0.009394782 -0.004872562 0.730182469 0.683170140
1770721773.260007143 47.654106140 -47.621387482 -0.428469658 -0.001997305 0.001116431 0.729760528 0.683699012
1770721773.659223557 47.579456329 -47.042850494 -0.401199162 -0.011825711 -0.009633871 0.731137812 0.682059348
1770721774.059124947 47.527137756 -46.473594666 -0.399217010 -0.016555676 -0.009247248 0.727525771 0.685818255
1770721774.459011793 47.518730164 -45.909587860 -0.382093132 -0.004277574 0.001890291 0.715440214 0.698658228
1770721774.858837128 47.496932983 -45.361953735 -0.382486850 -0.010742474 -0.005321059 0.709158063 0.704947591
1770721775.259034872 47.503768921 -44.834178925 -0.386822611 -0.007832758 -0.001320364 0.700072885 0.714027226
1770721775.759186983 47.546951294 -44.214836121 -0.385149598 0.000256551 -0.005935123 0.692808151 0.721097410
1770721776.159174204 47.571788788 -43.661689758 -0.393238246 -0.001149360 0.001604838 0.697297931 0.716778636
1770721776.558887720 47.581405640 -43.159084320 -0.404900819 -0.005556976 -0.000370874 0.699213028 0.714891672
1770721776.959362984 47.629207611 -42.606239319 -0.386790752 0.011840560 0.000473614 0.694443643 0.719449639
1770721777.359151363 47.616298676 -42.025371552 -0.392124444 0.001631579 0.001346061 0.694161057 0.719816566
1770721777.859025478 47.622375488 -41.420288086 -0.373399019 -0.004248005 -0.003414575 0.698683262 0.715410292
1770721778.259178162 47.626117706 -40.890155792 -0.375849098 -0.004443497 -0.003506481 0.696058333 0.717962801
1770721778.659065008 47.661788940 -40.361045837 -0.363384157 0.004543634 0.004600098 0.694379210 0.719580352
1770721779.058763981 47.653450012 -39.841739655 -0.359238863 -0.002143543 -0.002961836 0.698972702 0.715138972
1770721779.459179640 47.643356323 -39.323081970 -0.371732563 -0.007793518 -0.004506310 0.693584204 0.720319331
1770721779.859090805 47.676708221 -38.799636841 -0.374088645 0.000074137 -0.000746677 0.694475174 0.719516277
1770721780.258753061 47.652347565 -38.267654419 -0.346653610 -0.010610048 -0.008461276 0.697426796 0.716527462
1770721780.659204483 47.661708832 -37.714843750 -0.344628006 -0.009761576 -0.006925145 0.699854136 0.714185417
1770721781.059033155 47.702514648 -37.173778534 -0.333319128 0.001336182 0.003177107 0.697073281 0.716991603
1770721781.459092617 47.696216583 -36.600711823 -0.331646234 -0.003237493 -0.004962240 0.698802710 0.715289950
1770721781.862342119 47.696838379 -36.020423889 -0.340353459 -0.010074751 -0.003700800 0.698154628 0.715866566
1770721782.259118795 47.729663849 -35.479175568 -0.333256781 0.000399899 0.002705573 0.701543331 0.712621510
1770721782.658846855 47.716297150 -34.964965820 -0.330805093 -0.007404670 -0.004222246 0.711415052 0.702720344
1770721783.059201479 47.703136444 -34.454242706 -0.346400589 -0.009976915 -0.006141130 0.711026728 0.703067362
1770721783.459387302 47.731727600 -33.937129974 -0.328416854 0.004944794 0.003425260 0.714225471 0.699889719
1770721783.859336615 47.689224243 -33.372661591 -0.322127461 0.002753722 -0.002955282 0.722537041 0.691320360
1770721784.259235382 47.627857208 -32.810146332 -0.327073693 -0.009787740 -0.006633019 0.727305889 0.686211526
1770721784.658874273 47.600925446 -32.254100800 -0.306407690 -0.004229909 -0.003044380 0.731980085 0.681306243
1770721785.058866978 47.543548584 -31.755681992 -0.308763325 -0.009040821 -0.006403820 0.734915376 0.678068221
1770721785.459113121 47.483955383 -31.234067917 -0.318126887 -0.010174287 -0.007235887 0.728451371 0.684983671
1770721785.859091282 47.480068207 -30.700218201 -0.317804068 -0.003146925 -0.002067328 0.723989189 0.689801097
1770721786.258862019 47.426589966 -30.198978424 -0.311546624 -0.006765417 -0.005194987 0.728732824 0.684745014
1770721786.659212351 47.369686127 -29.690044403 -0.309802681 -0.012930949 -0.012886254 0.724850476 0.688664317
1770721787.059483767 47.340106964 -29.139257431 -0.290875524 -0.008693256 -0.004721746 0.723643482 0.690103114
1770721787.458885193 47.329639435 -28.638633728 -0.294065982 -0.009092965 -0.005182865 0.722137272 0.691670656
1770721787.859248877 47.286891937 -28.130966187 -0.300346434 -0.010991598 -0.007360936 0.712566614 0.701479673
1770721788.259126663 47.287754059 -27.624423981 -0.284503698 -0.006169064 -0.003850392 0.707306087 0.706870019
1770721788.759219885 47.293163300 -27.015102386 -0.299035817 -0.008540968 -0.004671900 0.712430418 0.701675355
1770721789.158920288 47.253158569 -26.505512238 -0.288407475 -0.016126877 -0.006185183 0.709136248 0.704859912
1770721789.559278965 47.277275085 -25.995733261 -0.292365402 0.000984627 -0.008556097 0.704907775 0.709246695
1770721789.959192038 47.301448822 -25.492389679 -0.302453995 0.005540150 0.003786650 0.706972420 0.707209349
1770721790.359398365 47.298545837 -24.946744919 -0.273153633 0.006008971 0.004191662 0.706586540 0.707588673
1770721790.859176397 47.262046814 -24.354299545 -0.279757172 -0.006198724 -0.005765615 0.703770757 0.710376740
1770721791.358888626 47.264392853 -23.769134521 -0.270284683 -0.003573012 -0.008428584 0.702755749 0.711372316
1770721791.859144211 47.268932343 -23.197116852 -0.270090163 -0.000861334 0.003537158 0.701778352 0.712386131
1770721792.359219551 47.276382446 -22.596076965 -0.287664592 -0.002819467 0.000217040 0.706939101 0.707268775
1770721792.860150099 47.263454437 -22.000249863 -0.281046599 -0.000399231 -0.004688787 0.708748758 0.705445290
1770721793.358977556 47.244571686 -21.375537872 -0.267263651 -0.012214134 -0.007095333 0.707574248 0.706497908
1770721793.758902311 47.229789734 -20.869295120 -0.257729501 -0.008132288 -0.016905189 0.705984771 0.707978547
1770721794.258880138 47.226634979 -20.262760162 -0.254165053 -0.009914452 -0.004980261 0.710109770 0.704003572
1770721794.759244919 47.238529205 -19.665372849 -0.265945911 -0.005500244 -0.003664884 0.712438822 0.701703191
1770721795.259287596 47.235321045 -19.063196182 -0.255929947 -0.007556418 -0.002385770 0.713251352 0.700863481
1770721795.659237623 47.185420990 -18.543216705 -0.276630878 -0.015527090 -0.006227441 0.708708704 0.705302894
1770721796.159399033 47.198043823 -17.932613373 -0.259531856 -0.003349458 -0.011045240 0.707741439 0.706377208
1770721796.559191227 47.237560272 -17.416587830 -0.275911212 0.007290176 0.007737375 0.713030517 0.701052487
1770721796.958954334 47.204254150 -16.865352631 -0.255755693 -0.003630722 0.002510761 0.712065578 0.702099025
1770721797.359200478 47.187068939 -16.327241898 -0.259773016 -0.005997277 -0.011509973 0.708067358 0.706025600
1770721797.759146929 47.143409729 -15.811041832 -0.264735073 -0.015805842 -0.009648008 0.712583661 0.701342642
1770721798.259326458 47.121135712 -15.199973106 -0.248306975 -0.016805530 -0.012355334 0.715072036 0.698739529
1770721798.659219265 47.106296539 -14.679609299 -0.257637411 -0.016160164 -0.005571337 0.711542010 0.702435493
1770721799.058923960 47.122383118 -14.157261848 -0.258978844 -0.006817922 -0.002169975 0.706739366 0.707437932
1770721799.459302187 47.092044830 -13.619986534 -0.255977184 -0.013457094 -0.011624282 0.710738778 0.703231335
1770721799.859279871 47.069866180 -13.063632965 -0.255880058 -0.014064507 -0.012799410 0.708448470 0.705506384
1770721800.259214163 47.064800262 -12.448357582 -0.237279892 -0.012520538 -0.006176375 0.709053695 0.705016315
1770721800.658968687 47.064823151 -11.858353615 -0.233948484 -0.013596975 -0.007135810 0.712725818 0.701274514
1770721801.059331656 47.048446655 -11.285761833 -0.245183483 -0.014942380 -0.004535189 0.709470212 0.704562366
1770721801.458994150 47.086219788 -10.738782883 -0.229210913 -0.004284448 0.004366321 0.704181790 0.709993422
1770721801.859484673 47.042411804 -10.149884224 -0.234721690 -0.011638503 -0.007689844 0.708017230 0.706057549
1770721802.259227037 47.001300812 -9.557884216 -0.257074863 -0.023590159 -0.012338767 0.704911590 0.708795369
1770721802.659244299 47.014976501 -8.939037323 -0.249999076 -0.010106884 -0.002497430 0.707474589 0.706662059
1770721803.059273005 46.998886108 -8.367595673 -0.255636692 -0.012852026 -0.010553296 0.706121743 0.707895100
1770721803.459238052 47.005374908 -7.773514748 -0.236661389 -0.010133009 -0.005851889 0.696429193 0.717530072
1770721803.858956337 47.023368835 -7.182837963 -0.223820820 -0.010355581 -0.002985801 0.686238170 0.727297068
1770721804.259368658 47.036426544 -6.659788609 -0.225903541 -0.013658511 -0.009236408 0.689842522 0.723771691
1770721804.659322977 47.076705933 -6.123802185 -0.238217413 -0.009934983 -0.003729193 0.685091317 0.728379905
1770721805.159351587 47.117950439 -5.534522057 -0.229198545 -0.004980836 -0.007257234 0.679602683 0.733527541
1770721805.559224129 47.164138794 -5.006594658 -0.237197757 -0.007841897 -0.002384139 0.684369028 0.729089737
1770721805.959028482 47.146297455 -4.436556816 -0.232882231 -0.023553789 -0.007316906 0.682349622 0.730609834
1770721806.359405756 47.174793243 -3.876399517 -0.257833630 -0.017016593 -0.022037521 0.678149462 0.734396398
1770721806.759331465 47.218360901 -3.310231209 -0.231028765 -0.017968131 -0.010573998 0.689751327 0.723746061
1770721807.159035921 47.252189636 -2.693733454 -0.223178610 -0.017416384 -0.003160501 0.689743638 0.723837316
1770721807.559447050 47.289295197 -2.180620909 -0.227003440 -0.006635790 -0.011145988 0.686933637 0.726604402
1770721807.959270239 47.341865540 -1.641125321 -0.241690487 -0.009993019 0.002487480 0.692500830 0.721343517
1770721808.359224796 47.311237335 -1.134033799 -0.229317054 -0.027530950 -0.007552911 0.701619267 0.711979926
1770721808.859303713 47.323471069 -0.548296392 -0.249331370 -0.020153370 -0.009256370 0.710545540 0.703301668
1770721809.359400988 47.352748871 -0.007118121 -0.252605021 -0.012935186 -0.010423636 0.726792753 0.686655879
1770721809.859098911 47.345172882 0.522779703 -0.263230771 -0.007499068 0.000544635 0.751175940 0.660059214
1770721810.459014416 47.295192719 1.051585793 -0.267144173 -0.004870700 -0.000108265 0.814450026 0.580213308
1770721811.159415007 47.165493011 1.498214364 -0.292217910 -0.007409340 -0.009595086 0.897508740 0.440829992
1770721811.859520435 47.026119232 1.659098387 -0.304545194 -0.021399561 -0.025251053 0.958573401 0.282916069
1770721812.559460878 46.855705261 1.798701167 -0.303851932 -0.017607855 -0.023276255 0.992370784 0.119785152
1770721813.259399652 46.638767242 1.898761153 -0.255664855 -0.007426298 -0.026621409 0.998640180 -0.044203535
1770721813.859467983 46.531539917 2.101106644 -0.269279778 0.001677903 -0.003937135 0.982834935 -0.184437513
1770721829.359636068 46.037143707 1.850535631 -0.290065110 0.000440414 0.002223969 0.995199025 -0.097845882
1770721830.259112835 45.509552002 1.765674114 -0.280663848 0.000597095 -0.003637918 0.996745408 -0.080529280
1770721831.159400940 44.991374969 1.675032854 -0.281186998 0.006079250 -0.007615277 0.996419370 -0.083985008
1770721831.759199619 44.443931580 1.604462624 -0.271816969 -0.004490412 -0.001049446 0.996464610 -0.083887085
1770721832.459490061 43.935630798 1.500770807 -0.278717160 0.002282036 -0.003867480 0.996486485 -0.083633088
1770721833.059465647 43.434223175 1.422162414 -0.275496602 0.002689451 -0.002067592 0.996393740 -0.084782265
1770721833.659555435 42.894622803 1.348293304 -0.269282550 0.001166601 0.001617617 0.999085665 -0.042707101
1770721834.259561300 42.345829010 1.280913472 -0.268094212 0.004277509 -0.001755947 0.999913931 0.012279385
1770721834.759677172 41.837329865 1.276458859 -0.258356482 0.001061051 -0.007487969 0.998309672 0.057625256
1770721835.259444237 41.330051422 1.342446089 -0.273831725 0.001757732 -0.004254115 0.994434059 0.105260365
1770721835.759647846 40.817436218 1.467848301 -0.262042731 0.007639379 -0.000555363 0.987969995 0.154455766
1770721836.259237051 40.266933441 1.664960504 -0.244838297 0.005089089 0.011422563 0.983047009 0.182926968
1770721836.659580469 39.775890350 1.857187629 -0.238403991 0.008080303 0.007719104 0.984167755 0.176886708
1770721837.059537411 39.260677338 2.015912533 -0.236835793 -0.002055667 -0.002564816 0.986002982 0.166695356
1770721837.459426641 38.731155396 2.208859921 -0.214780360 -0.002023426 0.008157365 0.989279747 0.145790622
1770721837.859705687 38.181327820 2.355904579 -0.221253961 0.004681491 0.000380666 0.993819892 0.110905245
1770721838.259532452 37.565334320 2.483902216 -0.227267310 -0.004398654 -0.003608309 0.996438563 0.084130250
1770721838.659197569 36.934524536 2.604702950 -0.217335641 -0.006157887 0.007163725 0.998665869 0.050766610
1770721839.059479237 36.295078278 2.631253481 -0.218957692 0.004496301 -0.000721653 0.999953628 0.008488902
1770721839.459779739 35.643260956 2.598029137 -0.214894623 -0.005279269 -0.016191661 0.999658525 -0.019818468
1770721839.759294748 35.138153076 2.579708338 -0.196938246 -0.002371336 -0.006569932 0.999231219 -0.038576510
1770721840.059498787 34.637641907 2.523681641 -0.188623756 -0.004365642 -0.011201737 0.998964906 -0.043870844
1770721840.459617615 34.012466431 2.486318111 -0.175685331 -0.011908076 0.000257326 0.999161184 -0.039180387
1770721840.859648228 33.369754791 2.427619934 -0.186619371 0.001717241 -0.004921824 0.998824358 -0.048194293
1770721841.259511709 32.715267181 2.353587627 -0.179162621 -0.003209364 -0.011028689 0.998980999 -0.043646809
1770721841.659210682 32.096149445 2.315119028 -0.168038458 -0.011154771 0.001673287 0.999204993 -0.038239203
1770721842.059557676 31.474500656 2.239591122 -0.174398020 -0.000569186 -0.004519226 0.998812020 -0.048515301
1770721842.459612370 30.844970703 2.151476860 -0.188781023 -0.006740391 -0.011285899 0.998966336 -0.043513119
1770721842.859293699 30.217302322 2.136850119 -0.184118152 -0.012620389 0.004756733 0.999140501 -0.039196290
1770721843.159581423 29.714027405 2.077004671 -0.177825496 -0.009793378 -0.004735611 0.999023318 -0.042825878
1770721843.559550762 29.077844620 2.008425951 -0.184959218 -0.000573392 -0.003721461 0.999188423 -0.040103707
1770721843.959561586 28.422346115 1.949521303 -0.191346481 0.001108330 -0.000393724 0.999050438 -0.043552656
1770721844.359751701 27.782014847 1.876886249 -0.172373131 -0.003126927 -0.011939247 0.998772025 -0.047979955
1770721844.759552002 27.153532028 1.829180002 -0.162666813 0.001840370 -0.002967615 0.999149442 -0.041088048
1770721845.159315348 26.510440826 1.779785275 -0.175428778 -0.003140548 0.001757717 0.999120116 -0.041786946
1770721845.559300184 25.877058029 1.703195691 -0.156808808 -0.005059318 -0.008478056 0.999001563 -0.043570973
1770721845.959638834 25.262941360 1.640590191 -0.166917041 -0.000377457 -0.007017469 0.999296308 -0.036843996
1770721846.359780788 24.627038956 1.578340173 -0.158895612 0.000205220 -0.003439262 0.999193549 -0.040005688
1770721846.759670973 24.026308060 1.514515758 -0.138606563 -0.003030162 -0.010338288 0.998942196 -0.044704027
1770721847.159731388 23.412714005 1.488191605 -0.136671990 -0.000072952 0.001265960 0.999356568 -0.035844322
1770721847.559550762 22.784967422 1.460016370 -0.146797717 -0.002856693 0.003870018 0.999466240 -0.032311693
1770721847.959790707 22.178396225 1.387414694 -0.136226237 -0.006582158 -0.007535159 0.999235809 -0.037784770
1770721848.359684944 21.574274063 1.344104528 -0.138949811 -0.001369596 -0.000946050 0.999499083 -0.031604260
1770721848.759558439 20.926000595 1.298232555 -0.150157422 -0.001814171 0.000869159 0.999679029 -0.025253339
1770721849.159758329 20.284523010 1.241296649 -0.152867422 -0.003341290 -0.006833988 0.999780059 -0.019543925
1770721849.559558630 19.658569336 1.253624082 -0.125582203 0.000991123 0.003638968 0.999992728 -0.000521360
1770721849.859658718 19.147314072 1.259123206 -0.125966936 0.006235419 0.002498492 0.999937177 0.008972489
1770721850.259660721 18.492803574 1.244125962 -0.126943275 -0.002050495 -0.003512071 0.999939442 0.010223204
1770721850.659764528 17.859228134 1.247883558 -0.112806387 -0.004752449 0.003980565 0.999974489 0.003538187
1770721851.059757233 17.236991882 1.242343307 -0.114292577 0.006275812 0.000754479 0.999833226 -0.017135039
1770721851.459630251 16.607788086 1.200577378 -0.118516535 -0.004063330 -0.005946485 0.999744713 -0.021416167
1770721851.859282017 15.988890648 1.174461007 -0.111363798 -0.007689362 0.004549468 0.999781907 -0.018878607
1770721852.259634733 15.349571228 1.135473371 -0.114147268 0.006909795 -0.001669772 0.999625385 -0.026428752
1770721852.659914255 14.712603569 1.064106584 -0.113320835 0.002274809 -0.010943994 0.999706388 -0.021497922
1770721853.059695005 14.055968285 1.031975031 -0.093778111 -0.002338114 -0.000331408 0.999796212 -0.020049643
1770721853.359262466 13.554690361 1.008278251 -0.093257591 -0.005764115 -0.005534047 0.999569118 -0.028243287
1770721853.759674549 12.937625885 0.989718318 -0.091948830 -0.002441428 0.002461047 0.999765635 -0.021372549
1770721854.159847260 12.276836395 0.969225943 -0.089814402 -0.000580502 0.004704175 0.999782264 -0.020322450
1770721854.559844255 11.655762672 0.906692922 -0.079308756 -0.003338736 -0.006629615 0.999406517 -0.033638276
1770721854.959745169 11.025687218 0.882504821 -0.084349357 0.002600170 0.001635328 0.999295354 -0.037407637
1770721855.359396458 10.382533073 0.825287700 -0.086112089 -0.003067144 0.001481912 0.998870075 -0.047402684
1770721855.759349108 9.764253616 0.740311027 -0.084570758 -0.007277112 -0.007357047 0.998223066 -0.058682933
1770721856.159603834 9.126226425 0.691404581 -0.070622392 -0.001549481 0.001060910 0.998461962 -0.055409256
1770721856.459701538 8.629386902 0.622473240 -0.065489314 0.004480931 -0.002018810 0.998676836 -0.051189978
1770721856.859345675 7.981165886 0.519883454 -0.063709460 0.001751369 -0.009887039 0.998583794 -0.052245703
1770721857.259854794 7.344648361 0.459404290 -0.055997074 -0.002548241 0.002576452 0.998634160 -0.052121345
1770721857.659561157 6.726165771 0.380132496 -0.053589083 0.005695037 -0.000091423 0.998234510 -0.059121851
1770721858.059633732 6.080133438 0.296051383 -0.060849581 -0.004967104 -0.006900301 0.998560786 -0.052953135
1770721858.459763050 5.455072403 0.236704201 -0.046442870 -0.008159819 0.006713305 0.998666584 -0.050530676
1770721858.859603882 4.841423035 0.152355760 -0.051412240 0.007083714 -0.001064389 0.998288512 -0.058041044
1770721859.259310961 4.200487137 0.046750475 -0.045969229 0.001144392 -0.010383499 0.998561561 -0.052589864
1770721859.559582233 3.696137905 0.001337437 -0.036521237 0.003705835 -0.003338099 0.998405516 -0.056227528
1770721859.959311962 3.048951626 -0.077454612 -0.031603724 -0.005435087 -0.006558596 0.998201072 -0.059347253
1770721860.359674215 2.449481964 -0.129516929 -0.020751381 -0.002731064 0.001577445 0.998524606 -0.054209314
1770721860.759627104 1.803232312 -0.183612362 -0.034603748 -0.001009267 0.004850394 0.998624384 -0.052199665
1770721861.159791470 1.190614462 -0.282246470 -0.021284638 -0.002285762 -0.008067578 0.998258293 -0.058396567
1770721861.559653997 0.642698288 -0.356280088 -0.023545707 0.003679486 -0.005777217 0.998632371 -0.051831380
1770721861.959880352 0.039933741 -0.420128733 -0.032430023 -0.002653051 0.000984701 0.998181283 -0.060216963
1770721862.359766483 -0.535259068 -0.504361808 -0.025222545 -0.002433235 -0.007070701 0.998064458 -0.061737143
1770721862.759691000 -1.109920740 -0.543148637 -0.008428662 0.001424452 0.002173587 0.998586535 -0.053086955
1770721863.159410954 -1.765277982 -0.630100787 -0.008881688 0.003478748 -0.001221413 0.998723149 -0.050383441
1770721863.559656858 -2.374652386 -0.723678470 0.019355858 0.000169225 -0.009975993 0.998254955 -0.058202051
1770721863.959629297 -2.980900526 -0.793580055 0.036340106 0.003105182 -0.000439261 0.998425841 -0.056000203
1770721864.359316587 -3.553432941 -0.847509801 0.024439318 0.002007576 0.000809718 0.998474181 -0.055177197
1770721864.859623671 -4.052042961 -0.912776470 0.060734529 0.003275416 -0.001182951 0.997990191 -0.063272998
1770721865.559376955 -4.643377781 -0.970576704 0.036911368 0.003512927 0.002228571 0.998135149 -0.060900535
1770721866.159437418 -5.220641136 -1.067536712 0.038361095 0.004700898 -0.003755603 0.998177290 -0.060048830
1770721866.660027266 -5.722781658 -1.124489546 0.054642424 0.003655991 -0.002337988 0.997923493 -0.064264216
1770721872.059877872 -5.307718277 -1.014450312 -0.018892571 0.021638609 -0.021673521 0.976673484 -0.212534606
1770721873.459847212 -5.071209908 -0.695353031 0.002030652 0.024497528 -0.020419879 0.928312421 -0.370430738
1770721874.259384155 -5.111146450 -0.609127581 0.002191288 -0.018465925 0.023736056 -0.850012898 0.525902808
1770721874.959851503 -5.226226330 -0.565506816 -0.001105027 -0.009379158 0.007755502 -0.762512863 0.646858573
1770721876.559748411 -5.153732777 -1.092384934 0.011707454 -0.014749051 0.020457136 -0.756558120 0.653439999
1770721877.159573555 -5.120348930 -1.647600770 0.023458485 -0.024589788 0.037759673 -0.753378510 0.656041443
1770721877.759826422 -5.166636467 -2.167295456 0.028735159 -0.016875876 0.041039634 -0.752494156 0.657102406
