1770718621.359382868 -0.139128198 0.012041972 -0.062664507 0.000756540 0.000136387 -0.000557348 0.999999549
1770718631.359711885 0.403088554 -0.017177807 -0.074962552 -0.003157959 -0.000703241 -0.116599829 0.993173707
1770718632.059933186 0.948666859 -0.152029115 -0.064410457 0.002799964 0.003999946 -0.121668511 0.992558781
1770718632.659410477 1.465789546 -0.280989804 -0.061506357 0.002010795 0.005176171 -0.128170869 0.991736554
1770718633.359809875 2.026088578 -0.395882491 -0.055362368 -0.003401803 0.005692840 -0.175509106 0.984455470
1770718634.059508801 2.512644477 -0.521260883 -0.034797334 -0.013160011 0.009288566 -0.260513904 0.965335715
1770718634.859780073 2.949303587 -0.810595700 -0.023633620 -0.007369975 0.006656474 -0.364518705 0.931143108
1770718635.659439564 3.320600576 -1.237991376 -0.036284469 0.007630037 -0.003365269 -0.422923200 0.906127157
1770718636.259813070 3.653036579 -1.617072612 -0.035736406 0.004061135 -0.001647690 -0.427342557 0.904079162
1770718636.859869719 4.009078545 -2.005688586 -0.027873272 -0.003437448 0.008377455 -0.427230076 0.904097597
1770718637.559844494 4.374688506 -2.446469592 -0.030846096 -0.006231317 0.004556662 -0.497053048 0.867685816
1770718638.159736633 4.629868098 -2.895130896 -0.049885440 -0.010859275 0.005109996 -0.605045655 0.796100320
1770718638.859745502 4.754185525 -3.463339682 -0.068274101 -0.004126640 0.010258602 -0.724598212 0.689082842
1770718639.459989548 4.669666245 -3.983447600 -0.083413754 0.010569735 -0.007143018 -0.735527292 0.677374977
1770718640.059736490 4.565769031 -4.522684915 -0.066428038 0.019474999 -0.022290300 -0.718553285 0.694841740
1770718640.659784317 4.576994709 -5.099294283 -0.065111913 0.008019378 -0.008575592 -0.690022282 0.723692890
1770718641.159777641 4.652512180 -5.599561889 -0.066964079 -0.006731989 0.001925869 -0.688945153 0.724779654
1770718641.659474373 4.714308588 -6.121056469 -0.060663235 -0.009259656 0.008836144 -0.697390996 0.716576570
1770718642.159991026 4.695937786 -6.647276714 -0.083060374 0.000726489 0.003680156 -0.699898830 0.714232144
1770718642.659781694 4.698929052 -7.187003257 -0.081087588 -0.002958578 -0.003937888 -0.701164519 0.712982508
1770718643.159763098 4.741575751 -7.741608649 -0.062539340 -0.010359564 0.007147399 -0.697129997 0.716834263
1770718643.659803152 4.770419089 -8.295148250 -0.058266598 -0.010084514 0.010367098 -0.696867354 0.717054194
1770718644.159898758 4.773383545 -8.796971498 -0.048339742 -0.007608613 0.000369778 -0.703077708 0.711072225
1770718644.759795666 4.748034385 -9.364375126 -0.048541711 -0.002622713 -0.000562602 -0.703513532 0.710676801
1770718645.459886312 4.807218410 -9.943389106 -0.058199622 -0.004127058 0.014461776 -0.700745199 0.713253104
1770718646.159785748 4.831634317 -10.497736576 -0.067116432 -0.011757103 0.009570720 -0.696370038 0.717522782
1770718646.859866142 4.820535265 -11.033171071 -0.049880256 -0.008569897 -0.001066867 -0.697870123 0.716172263
1770718647.859514952 4.843118569 -11.556915828 -0.062021622 -0.009596409 0.007556639 -0.701345541 0.712716801
1770718648.759580851 4.837039467 -12.082369905 -0.062309364 -0.004509412 -0.000103925 -0.699946966 0.714180578
1770718649.859825134 4.876381636 -12.608244328 -0.063437728 -0.015452074 0.004911143 -0.697871793 0.716039157
1770718651.259915352 4.938729547 -12.909044654 -0.056369456 -0.008852810 -0.004103589 -0.813269042 0.581806028
1770718652.059955359 5.008255874 -12.900475431 -0.072194997 0.005581006 0.011185775 0.904564542 -0.426153400
1770718652.859847307 5.028702805 -12.981815481 -0.064407341 0.012766165 0.009218917 0.965742353 -0.259024600
1770718653.559572935 4.831462468 -13.198803279 -0.033097981 0.013882736 0.006009124 0.995745944 -0.090891004
1770718654.459614754 4.284405074 -13.271528304 -0.025452098 0.008469001 0.010639613 0.999560622 -0.026337010
1770718655.059608459 3.774258908 -13.255958318 -0.019219966 0.004208535 0.009348071 0.988383734 -0.151632768
1770718655.859853745 3.246671696 -13.426683508 0.008457041 0.006742358 0.006672036 0.944982300 -0.326983909
1770718656.459875584 2.862730307 -13.782536228 -0.005542057 0.008524112 -0.000843556 0.906781742 -0.421513345
1770718657.059923172 2.523368634 -14.206087726 0.004845645 0.011065575 0.002991644 0.899979454 -0.435781579
1770718657.759898663 2.152667228 -14.660575716 0.009116737 0.009908844 0.006094781 0.895350881 -0.445209465
1770718658.359612465 1.796117565 -15.150580899 0.026604853 0.010198815 0.005560180 0.886454362 -0.462670220
1770718658.959661245 1.472583069 -15.624412083 0.036082400 -0.006520559 -0.006716207 -0.865358633 0.501065675
1770718659.559925079 1.172781107 -16.123774667 0.056181501 -0.005777192 -0.008985492 -0.836471800 0.547905843
1770718660.059654713 0.981482495 -16.643952622 0.058854678 -0.012901958 -0.006176822 -0.809400158 0.587083274
1770718660.559914589 0.858401144 -17.151493130 0.083739984 -0.015486021 0.005631045 -0.782924090 0.621898982
1770718661.059982300 0.752038078 -17.700987880 0.071799625 -0.017612940 0.019940745 -0.779478093 0.625864245
1770718661.559921265 0.633271901 -18.282124192 0.082048730 -0.016426430 0.016996526 -0.782229806 0.622541421
1770718662.059322834 0.486387488 -18.865154844 0.111283311 -0.003903931 0.012836996 -0.781632012 0.623595517
1770718662.559884071 0.366479233 -19.422335346 0.073321967 -0.002116080 0.009810885 -0.767026022 0.641537490
1770718663.059926987 0.289899464 -19.996060775 0.083533778 -0.013817023 0.004631926 -0.738790811 0.673777243
1770718663.562219858 0.259434295 -20.564668172 0.098770285 -0.013497141 0.007864694 -0.712782872 0.701210776
1770718664.059902430 0.259709025 -21.098338642 0.086662855 -0.017164145 0.019775506 -0.709630850 0.704086911
1770718664.559987068 0.279313762 -21.616863707 0.104645704 -0.025002560 0.014526961 -0.715622636 0.697888302
1770718665.159612894 0.263884201 -22.191540807 0.112376903 -0.024242099 0.014352463 -0.734827932 0.677668235
1770718665.760030985 0.224524112 -22.709512881 0.114780449 -0.020396629 0.012946960 -0.757347969 0.652564485
1770718666.359969378 0.133590635 -23.242977918 0.117798377 -0.014167837 0.004754835 -0.780500454 0.624976563
1770718666.959932327 0.014317834 -23.772968654 0.146213973 -0.012654268 0.006534176 -0.811843250 0.583701732
1770718667.659677505 -0.058674896 -24.217932664 0.163522207 0.025003714 -0.013660057 0.893482676 -0.448192954
1770718668.359534740 -0.413607886 -24.595283211 0.163702407 0.019471147 -0.000585868 0.953811499 -0.299773508
1770718669.159632683 -0.910201257 -24.835189757 0.157871987 0.011482028 0.016265059 0.993262645 -0.114161854
1770718669.959491014 -1.448364241 -24.936877936 0.214736300 0.016659735 0.012719954 0.999727130 -0.010311219
1770718670.859563589 -1.694027024 -24.840301095 0.204217504 0.016283123 0.011504209 0.981323077 -0.191330949
1770718671.559544563 -1.767373452 -24.851584349 0.176369616 0.011959187 0.000970725 0.937998026 -0.346432879
1770718672.360042334 -1.772790735 -24.797116716 0.165558843 -0.023188796 0.006154814 -0.863653051 0.503515447
1770718673.059654951 -1.801415386 -24.762007938 0.165347438 -0.033369729 0.015207694 -0.768713099 0.638541587
1770718673.859784842 -1.877699618 -24.743060103 0.156444341 -0.039345920 0.013750600 -0.634271655 0.771985937
1770718674.559969902 -1.937504384 -24.812015679 0.140501135 -0.028124291 0.005965093 -0.504043039 0.863199894
1770718675.259384155 -1.858278875 -25.034235682 0.176873785 -0.017484448 0.013744027 -0.355816225 0.934291287
1770718676.059751749 -1.900815809 -25.117935037 0.200456344 -0.016097632 0.007548407 -0.180599323 0.983396040
1770718676.859607458 -1.558199390 -25.304046719 0.196549652 -0.010025883 0.012892314 0.008521046 0.999830316
1770718677.659601212 -1.136589057 -25.337568683 0.183165804 -0.000367343 0.014193525 0.187529489 0.982156352
1770718678.459673882 -0.738944039 -25.209462724 0.164329432 -0.003572344 0.015770149 0.368060394 0.929661275
1770718679.259600163 -0.359677382 -24.883846763 0.135443024 0.009190906 0.015542542 0.534249420 0.845134021
1770718679.959369659 -0.128133997 -24.393418628 0.122833638 0.011164484 0.021918037 0.638683127 0.769076601
1770718680.659727097 -0.089140501 -23.843065395 0.129151067 -0.000504096 0.010247944 0.644222772 0.764769080
1770718685.359496832 0.059270482 -23.322712277 0.091582505 0.002819175 0.006789151 0.651226088 0.758848168
1770718685.959609985 0.146161940 -22.772838386 0.097315385 0.004319859 0.012848145 0.662088352 0.749303195
1770718686.459851742 0.231608476 -22.247885189 0.094854301 0.013762228 0.017857087 0.679457396 0.733368511
1770718687.059648275 0.275309260 -21.678584931 0.091572503 0.010325895 0.015689770 0.702320538 0.711613005
1770718687.659599304 0.240573074 -21.151807411 0.083358338 0.000158900 0.008690619 0.704205832 0.709942669
1770718688.259510756 0.213068773 -20.622973915 0.088344259 -0.006465771 0.005743508 0.689453654 0.724278168
1770718688.959810734 0.262044954 -20.046239538 0.077086842 -0.002901908 0.010479877 0.637098010 0.770706090
1770718689.559815645 0.375173534 -19.537332791 0.089176254 0.003490120 0.007863138 0.570763160 0.821069671
1770718690.159792423 0.610785583 -19.061787523 0.080014403 0.016267232 0.013266683 0.555697629 0.831119436
1770718690.757876873 0.823023386 -18.585123846 0.072643054 0.022796748 0.018085537 0.616193718 0.787056875
1770718691.459814787 0.938711525 -18.069842931 0.049055714 0.025287195 0.017838076 0.699877894 0.713591826
1770718692.059678078 0.867708292 -17.519205088 0.052136979 0.001750256 0.005706926 0.698016018 0.716057265
1770718692.659711361 0.807694826 -17.008209860 0.079328290 -0.008684068 -0.000011985 0.636657450 0.771097840
1770718693.359620810 0.927361752 -16.477204007 0.069615066 -0.003386902 0.002417332 0.505695448 0.862702034
1770718694.059858322 1.256480473 -15.987923198 0.062679948 -0.000674043 0.012061147 0.390703871 0.920437157
1770718694.659432173 1.652851072 -15.653690041 0.044921366 0.009201708 0.024209284 0.403406274 0.914654370
1770718695.259881496 2.018860072 -15.275217069 0.032075822 0.009925418 0.027412014 0.407002289 0.912961776
1770718695.859615803 2.332727521 -14.836419628 0.022109905 -0.001799137 0.013568707 0.390737650 0.920400316
1770718696.459456205 2.737568997 -14.406224148 0.014977538 -0.001923686 0.008788494 0.355049472 0.934804222
1770718697.059452295 3.167840607 -14.041080760 0.013931411 0.002119418 0.008938152 0.305176090 0.952251632
1770718697.759696007 3.628232793 -13.730068334 0.011838904 0.004464976 0.008762067 0.180290162 0.983564308
1770718698.459622145 4.152004609 -13.547971125 -0.008917141 0.001729192 0.003452411 0.021229285 0.999767177
1770718699.159864902 4.692052140 -13.558532401 -0.026603262 0.005687776 0.005349899 -0.145762574 0.989288785
1770718699.859835863 5.156043467 -13.691178183 -0.014428270 -0.003167054 0.003295710 -0.304507018 0.952499125
1770718700.659562588 5.512526911 -13.967455790 -0.032215350 -0.006490567 0.009742875 -0.468903288 0.883171929
1770718701.359514475 5.795601649 -14.390390599 -0.041305411 -0.009504915 0.009598941 -0.602434118 0.798054291
1770718701.959697008 5.942670414 -14.928741944 -0.032730565 -0.010946492 0.005584954 -0.661937502 0.749458289
1770718702.459867239 5.976214165 -15.496124111 -0.041843562 -0.004029533 0.002224892 -0.697688591 0.716386378
1770718702.959647417 5.974781815 -16.076867311 -0.022740003 -0.006340835 -0.000894690 -0.732064122 0.681205633
1770718703.459799290 5.933721022 -16.651599540 -0.007376194 0.000249736 -0.003487516 -0.764644125 0.644443277
1770718703.959792376 5.824408778 -17.210910396 -0.015713378 0.005210689 -0.007043945 -0.773463280 0.633780550
1770718704.459728479 5.685602560 -17.772409455 -0.018246550 0.002468034 -0.012591752 -0.751225455 0.659920960
1770718704.959768534 5.607071321 -18.377059079 0.003440048 0.010264928 -0.006937409 -0.731397394 0.681838951
1770718705.359764576 5.563175832 -18.881034539 -0.009897381 0.006406118 -0.009455877 -0.725567265 0.688056460
1770718705.759790659 5.522958199 -19.442320851 -0.005413410 0.015941760 -0.012115908 -0.710725092 0.703184832
1770718706.159804821 5.546071310 -20.107950994 0.005704272 -0.000656595 -0.001398226 -0.714622226 0.699508891
1770718706.559780836 5.596671314 -20.748010878 -0.015843086 -0.018345789 0.012053311 -0.717832712 0.695869490
1770718706.959821939 5.636035267 -21.338140413 0.040761593 -0.023005826 0.023023326 -0.703936789 0.709516494
1770718707.359774828 5.664848316 -21.897124432 0.027009631 -0.023004106 0.029972341 -0.698213319 0.714892042
1770718707.759717464 5.605056842 -22.503107698 0.023237635 -0.014596492 0.007324207 -0.722188924 0.691503041
1770718708.159901381 5.545554855 -23.100992945 -0.003269567 0.009675789 0.004898308 -0.715567873 0.698459021
1770718708.559718370 5.561143332 -23.718473019 0.014866994 -0.004990564 0.003632555 -0.714575377 0.699531222
1770718708.959654093 5.548072793 -24.340863682 -0.024651784 -0.012131213 0.003071081 -0.709474796 0.704619696
1770718709.359948158 5.588272168 -24.988410781 0.008514861 -0.014450893 0.013041081 -0.690997366 0.722595144
1770718709.659918070 5.633697331 -25.502769465 0.017144666 -0.015588749 0.022518963 -0.682909339 0.729989535
1770718710.059640169 5.664214610 -26.151342066 0.031631584 -0.015154894 0.011435486 -0.684590774 0.728680336
1770718710.459647655 5.724505039 -26.769998521 0.017423621 -0.023199477 0.011070499 -0.680208962 0.732567401
1770718710.859765768 5.777135064 -27.411209034 0.028289614 -0.016581667 0.024719285 -0.682683254 0.730107924
1770718711.259816408 5.797145071 -28.044700390 0.042536417 -0.014909994 0.009862449 -0.687325200 0.726129805
1770718711.659827948 5.860186109 -28.652004009 0.032094147 -0.021172504 0.012810351 -0.677487399 0.735117980
1770718712.059938908 5.932073343 -29.251050252 0.023388008 -0.023451418 0.026084916 -0.684129410 0.728516684
1770718712.459807634 5.927343522 -29.880066156 0.054450729 -0.011969035 0.005198797 -0.683009234 0.730293161
1770718712.759839535 5.981745301 -30.391002975 0.065965558 -0.018296685 0.014140160 -0.684693375 0.728464323
1770718713.059828281 6.028525580 -30.892335053 0.067712978 -0.018364421 0.011615689 -0.687448918 0.725907576
1770718713.459949255 6.082710007 -31.517444286 0.067767357 -0.024470348 0.016212006 -0.683629695 0.729238516
1770718713.859947443 6.135828141 -32.164102140 0.072742583 -0.021189626 0.026517865 -0.682640150 0.729965909
1770718714.259644032 6.139000172 -32.781646387 0.104281487 -0.011594078 0.014142064 -0.691173131 0.722457807
1770718714.659903049 6.184149052 -33.392210643 0.079440511 -0.019461568 0.009929915 -0.682022879 0.731004403
1770718715.059722900 6.238639370 -34.022733281 0.086401914 -0.017646822 0.026323702 -0.684613934 0.728216598
1770718715.459878683 6.250881704 -34.619645029 0.094363943 -0.016287865 0.010868611 -0.694975697 0.718766554
1770718715.859546423 6.352419230 -35.228372181 0.104578791 -0.032709378 0.022158310 -0.681244549 0.730989036
1770718716.159731627 6.382536517 -35.731229568 0.097338607 -0.038754918 0.017453936 -0.682257252 0.729875646
1770718716.559559822 6.405901178 -36.379087598 0.116465397 -0.021366379 0.021208253 -0.682187501 0.730557254
1770718716.959862709 6.460232391 -37.026048957 0.130003044 -0.027521624 0.017214809 -0.680389647 0.732131231
1770718717.359729767 6.501573322 -37.650531528 0.127224682 -0.030137328 0.007560135 -0.685565949 0.727347177
1770718717.759565353 6.537773809 -38.290074632 0.145713395 -0.017124073 0.020087577 -0.684783470 0.728268395
1770718718.159767389 6.617144614 -38.899547606 0.167020738 -0.030827424 0.024636834 -0.680789461 0.731415344
1770718718.559695482 6.672138752 -39.498225193 0.156473404 -0.037985778 0.018250292 -0.707931671 0.705022522
1770718718.959541321 6.658628869 -40.101738955 0.176371357 -0.020074774 0.016124996 -0.693153456 0.720329976
1770718719.259497881 6.680754966 -40.615002248 0.171481885 -0.020867414 0.016323967 -0.699322664 0.714314980
1770718719.659819126 6.701441022 -41.273245207 0.190475029 -0.022381698 0.008678407 -0.703368510 0.710419935
1770718720.059544325 6.720898080 -41.919219417 0.190148377 -0.027576154 0.009617151 -0.701475001 0.712095421
1770718720.459715843 6.748744960 -42.551626493 0.202797689 -0.026015761 0.027190933 -0.700935778 0.712230909
1770718720.859782696 6.746471373 -43.188401540 0.227192484 -0.019327834 0.015276528 -0.703597232 0.710171808
1770718721.259600401 6.770308047 -43.803876259 0.230386159 -0.024402308 0.014405665 -0.691505846 0.721814844
1770718721.659751654 6.829883391 -44.392431909 0.221333831 -0.022006213 0.034163633 -0.681252481 0.730919716
1770718722.159813404 6.858292545 -44.945312118 0.233702176 -0.032721293 0.022059116 -0.652563134 0.756706065
1770718722.659763813 6.930779834 -45.452264879 0.235454267 -0.028290308 0.019823939 -0.615861677 0.787096604
1770718723.160222054 7.102353084 -46.004996132 0.225750907 -0.031095628 0.028596363 -0.600946230 0.798172249
1770718723.659895658 7.281768593 -46.502660704 0.216770288 -0.040353457 0.032965452 -0.598631849 0.799327710
1770718724.259464741 7.419605536 -47.013732462 0.219053445 -0.040815103 0.025814971 -0.601483584 0.797424111
1770718724.959619761 7.543294080 -47.530667507 0.214759650 -0.031938029 0.024933112 -0.657845456 0.752062270
1770718725.559835911 7.604618338 -48.065902220 0.217268641 -0.029521432 0.016611332 -0.659556572 0.750891255
1770718726.059488058 7.668402070 -48.609748644 0.230791562 -0.032334196 0.012139374 -0.659381487 0.751014774
1770718726.659867764 7.757392945 -49.170481364 0.240192313 -0.031090230 0.016949195 -0.662381519 0.748329370
1770718727.359489441 7.817860907 -49.679265613 0.246562670 -0.034168418 0.020086717 -0.684708278 0.727738701
1770718728.259563923 7.870620177 -50.201836111 0.252613099 -0.037570484 0.023818137 -0.700131321 0.712627033
1770718729.059649944 7.868456322 -50.707193269 0.256964734 -0.035260659 0.014068947 -0.699483128 0.713640038
1770718729.759549141 7.864841845 -51.285734656 0.277541419 -0.028139232 0.007035177 -0.703647643 0.709956819
1770718730.459682226 7.888137018 -51.852048422 0.299700840 -0.031215886 0.009456211 -0.705519068 0.707939964
1770718731.159907341 7.903132151 -52.381704608 0.299445098 -0.035116763 0.011369923 -0.702838661 0.710390987
1770718731.859510422 7.916802102 -52.884804985 0.313892208 -0.038234547 0.014876178 -0.720279162 0.692470033
1770718732.959933043 7.878264099 -53.435719568 0.341140359 -0.041034747 0.009684105 -0.807020625 0.589016195
1770718733.859787941 7.835669267 -53.614225224 0.352629655 0.035130289 0.008433069 0.897376427 -0.439784373
1770718734.659798622 7.921804492 -53.619141683 0.336950994 0.030332365 0.019909135 0.964145669 -0.262881538
1770718735.359547138 7.966120886 -53.676845402 0.336604092 0.039704440 0.020658670 0.993414196 -0.105475173
1770718736.259812355 8.011274037 -53.792244188 0.327184752 0.045091738 0.026977584 0.996536046 0.064458157
1770718740.259840965 7.971754142 -53.717102513 0.344835338 0.047590866 0.004343273 0.992888852 -0.109031982
1770718741.059561014 7.947864885 -53.610802843 0.323115296 0.055024377 -0.004560123 0.954968112 -0.291526032
1770718741.859759331 7.871678360 -53.553201311 0.320666876 0.053133399 -0.011321339 0.888803494 -0.455057159
1770718745.759886742 7.602602986 -53.987462151 0.354162174 -0.039963612 0.012631551 -0.799493494 0.599210737
1770718746.459540844 7.405200398 -54.497715812 0.392177472 -0.035168000 0.006020264 -0.696089697 0.717067711
1770718747.059496880 7.425035087 -55.035270339 0.403336013 -0.032959106 0.007025625 -0.645132524 0.763327168
1770718747.659931421 7.605230475 -55.598340466 0.405114024 -0.046453884 0.028207989 -0.639863403 0.766564525
1770718748.160037279 7.730745753 -56.121784822 0.429185579 -0.056526961 0.037369366 -0.635003951 0.769531166
1770718748.659759998 7.822425174 -56.637126308 0.455088646 -0.045072319 0.042046554 -0.637251812 0.768186632
1770718749.159963369 7.901237501 -57.137237983 0.465946217 -0.043021483 0.036323317 -0.664149457 0.745476537
1770718749.658629179 7.959542783 -57.657547297 0.476572273 -0.041229970 0.026516663 -0.695907932 0.716455935
1770718750.159825563 7.961471961 -58.196407750 0.472031185 -0.037620344 0.022820518 -0.725490189 0.686824519
1770718750.658770323 7.931431555 -58.727780651 0.487548532 -0.041696879 0.016190646 -0.736536152 0.674917572
1770718751.158664703 7.873016259 -59.276459813 0.511032125 -0.036202753 0.016186023 -0.730166477 0.682117504
1770718751.659908056 7.811472839 -59.828339535 0.510121773 -0.031102360 0.015371709 -0.724709321 0.688180757
1770718752.159723759 7.785973703 -60.384661573 0.545006215 -0.030504720 0.006241369 -0.714032961 0.699419358
1770718752.659926414 7.804512234 -60.953964566 0.574191307 -0.035478857 0.011280087 -0.706712271 0.706520896
1770718753.160095215 7.846452720 -61.517247345 0.587038442 -0.041579315 0.021550315 -0.708757466 0.703896014
1770718753.660047293 7.866143180 -62.024682185 0.609310663 -0.050351101 0.022615437 -0.726035568 0.685438300
1770718754.258780479 7.809208530 -62.604933514 0.629840108 -0.056477933 0.014187924 -0.743225432 0.666501990
1770718754.759772301 7.728790511 -63.123769643 0.648776967 -0.037430077 0.020026406 -0.739857809 0.671422635
1770718755.259679317 7.672400658 -63.639468104 0.679699759 -0.030345520 0.024202135 -0.720985809 0.691861886
1770718755.759771347 7.666154335 -64.184507597 0.687783952 -0.041783702 0.020706805 -0.690015578 0.722290699
1770718756.259943962 7.704305694 -64.708028511 0.723778562 -0.042231501 0.020279943 -0.677894330 0.733665115
1770718757.158605814 7.863416697 -65.081820864 0.725206386 -0.063355737 0.025665150 -0.777106265 0.625646228
1770718757.859724045 7.805223125 -65.214183158 0.736127721 -0.042629721 -0.003762938 -0.863172876 0.503091576
1770718758.658397198 7.845148906 -65.161455410 0.703259470 0.033701089 0.024852985 0.938312591 -0.343243422
1770718759.458566427 7.932248361 -65.196658245 0.705784096 0.044211197 0.031528248 0.983752239 -0.171122388
1770718760.160073757 7.964617931 -65.272302696 0.690055792 0.050809504 0.036509533 0.997979392 -0.011071647
1770718760.960006952 7.817224826 -65.351664628 0.690991357 0.051632053 0.037306503 0.985718669 0.155887980
1770718761.759844542 7.660824115 -65.388708988 0.701180370 0.049148982 0.028357468 0.950795688 0.304578054
1770718762.759894848 7.626516314 -65.445500059 0.708506573 0.048163324 0.045351502 0.886817760 0.457359592
1770718763.959868193 7.556699745 -65.493739298 0.706955950 0.042262624 0.052528018 0.790291450 0.609010757
1770718765.359937191 7.573743767 -65.373023320 0.688169618 0.048586221 0.040570810 0.891223914 0.449125065
1770718766.059705973 7.352606188 -65.015950780 0.727837908 0.047164939 0.035466698 0.955643399 0.288553765
1770718766.659837723 6.930710443 -64.674133712 0.764212749 0.050596195 0.031853918 0.987371914 0.146703974
1770718767.259709358 6.430744901 -64.531308882 0.817204291 0.048431096 0.020399115 0.998168453 0.029967402
1770718767.859983206 5.866854396 -64.550142537 0.857594836 0.049248742 0.004549804 0.998767855 0.004078182
1770718768.359764338 5.349807050 -64.569376638 0.914462376 0.056988900 0.007646601 0.998319170 0.007254649
1770718768.859966755 4.807668701 -64.572473550 0.985555806 0.050857361 0.013267583 0.998603325 0.005375828
1770718769.359832525 4.285812559 -64.549131014 1.028475860 0.044649499 0.024426521 0.998688016 0.005658142
1770718769.859673500 3.753658244 -64.551379772 1.084103549 0.044961082 0.016930099 0.998845158 -0.000471796
1770718770.359867334 3.245113124 -64.550898132 1.134946567 0.045636091 0.012168562 0.998824905 -0.010866580
1770718770.859821320 2.724515466 -64.580054343 1.172866176 0.043823294 0.009169125 0.998862658 -0.016396205
1770718771.359907389 2.194288751 -64.583613767 1.224299217 0.050702252 0.009478159 0.998561403 -0.014648251
1770718771.859908819 1.673312955 -64.589539790 1.284716787 0.049457758 0.019103599 0.998536492 -0.010670335
1770718772.359772682 1.154488243 -64.618412144 1.331815250 0.051036633 0.020500079 0.998460427 -0.007196120
1770718772.960005045 0.570197999 -64.620748295 1.397293911 0.049302581 0.018064322 0.998593492 -0.007346625
1770718773.459888458 0.067311492 -64.634585196 1.434018212 0.051710679 0.014051806 0.998484616 -0.012530903
1770718773.959900141 -0.456701881 -64.646947980 1.496565572 0.047232311 0.009143485 0.998698394 -0.016941781
1770718774.459829807 -0.971482020 -64.664664838 1.533511578 0.046468550 0.009893282 0.998804965 -0.011464635
1770718774.959848404 -1.526555617 -64.668750818 1.589302199 0.055878364 0.009491854 0.998367314 -0.007086590
1770718775.359895468 -2.050993967 -64.699480240 1.651413506 0.051066130 0.012764128 0.998576397 -0.008631717
1770718775.859718084 -2.654506490 -64.690920387 1.715690692 0.052851443 0.012111917 0.998431871 -0.013922088
1770718776.259965897 -3.183391402 -64.696913453 1.774421229 0.048838421 0.008545620 0.998722015 -0.009803941
1770718776.659781456 -3.699409199 -64.712882756 1.833020873 0.050462550 0.016192741 0.998386908 -0.020369319
1770718777.059859514 -4.211417179 -64.749617988 1.883601210 0.054579526 0.012911261 0.998006695 -0.028931148
1770718777.460039139 -4.758244968 -64.788537212 1.936288506 0.049515985 0.000997506 0.998338433 -0.029454123
1770718777.859875917 -5.266911058 -64.812822371 2.006402926 0.053100066 0.016495191 0.998294811 -0.017769697
1770718778.359975815 -5.782074112 -64.829702305 2.049829609 0.051249504 0.021155763 0.998445457 -0.005708875
1770718779.059858322 -6.346399789 -64.827443695 2.128031507 0.054117198 0.015490973 0.998006161 0.028549283
1770718779.659994841 -6.852201779 -64.850228297 2.186751370 0.055306644 0.011084754 0.996781980 0.056956017
1770718780.359947205 -7.367815721 -64.812450813 2.231404160 0.059390369 0.015675150 0.993323307 0.097651834
1770718782.759869576 -7.481665154 -64.772971299 2.242939614 0.066115402 0.035829814 0.963829260 0.255691487
1770718784.258815050 -7.492459989 -64.863814445 2.258961030 0.067266012 0.047341756 0.901393139 0.425116985
1770718785.059898853 -7.580142417 -64.904747682 2.265950848 0.052850976 0.049816109 0.807145949 0.585867346
1770718785.859761953 -7.675963262 -64.957022058 2.260863072 0.050076137 0.050908653 0.687559599 0.722608115
1770718786.659911871 -7.776068511 -64.950818575 2.255571797 0.035539887 0.051420581 0.543064802 0.837361010
1770718787.459068775 -7.874055025 -64.897194740 2.270992581 0.022338434 0.053868370 0.375803685 0.924862576
1770718788.159902573 -7.926568635 -64.821824636 2.270316418 0.007149667 0.046926128 0.223241248 0.973606782
1770718789.059933901 -7.949440520 -64.743265099 2.271134991 -0.007890786 0.039511214 0.054765576 0.997685988
1770718790.659817696 -7.398879897 -64.710674585 2.210865819 -0.020707743 0.048605038 -0.051568383 0.997270997
1770718791.259885311 -6.839203674 -64.766907466 2.146291793 -0.020011724 0.052208742 -0.034778863 0.997829749
1770718791.759969473 -6.323662974 -64.811939079 2.100019868 -0.018336149 0.054062756 -0.002639540 0.998365683
1770718792.259020805 -5.769394037 -64.824151931 2.060669773 -0.008497936 0.058640719 0.030458735 0.997778190
1770718792.659975052 -5.244022472 -64.770874429 1.984608649 -0.014994308 0.058370244 0.041389560 0.997323914
1770718793.059818983 -4.631619983 -64.662710558 1.913293578 -0.024958238 0.061468592 0.042324915 0.996898841
1770718793.459931850 -4.006752892 -64.630719087 1.866386176 -0.014663065 0.063961201 0.040769791 0.997011426
1770718794.159933329 -3.480449164 -64.564184878 1.830405558 -0.021857502 0.057091440 0.025029384 0.997815788
1770718794.859923124 -2.983698821 -64.545257880 1.759603625 -0.021709142 0.058727026 -0.004074135 0.998029684
1770718795.359969616 -2.447162617 -64.568079372 1.689429689 -0.014804754 0.051463769 -0.012896396 0.998481839
1770718795.759899616 -1.919849999 -64.566656152 1.646467216 -0.007730118 0.055020964 -0.012490003 0.998377152
1770718796.159941912 -1.322524571 -64.563266158 1.593337897 -0.023820493 0.056056573 -0.005693373 0.998127161
1770718796.559847116 -0.695554563 -64.568704215 1.517110647 -0.021447063 0.052083275 -0.000673710 0.998412190
1770718796.958691359 -0.105193702 -64.570072198 1.453185251 -0.013841905 0.059228783 0.002095663 0.998146262
1770718797.359911680 0.463743783 -64.520416177 1.417358551 -0.022860892 0.059378687 0.011675934 0.997905418
1770718797.759901762 1.066655904 -64.523762200 1.347329182 -0.023783162 0.054051096 0.007125418 0.998229467
1770718798.160120964 1.643646298 -64.500317383 1.275485934 -0.011414234 0.056794775 0.021522658 0.998088595
1770718798.559846401 2.254290203 -64.447124504 1.221040085 -0.022624950 0.053746229 0.034365301 0.997706610
1770718798.959856510 2.868586198 -64.391714763 1.140814006 -0.025407691 0.050064263 0.044114924 0.997447689
1770718799.362491608 3.470154206 -64.299861275 1.098970075 -0.017439778 0.055077571 0.064658337 0.996233715
1770718799.759883404 3.985170426 -64.221712724 1.053278946 -0.025135547 0.053062462 0.087159193 0.994462596
1770718800.260120869 4.602682170 -64.131502391 0.982215484 -0.023810282 0.056706769 0.098930625 0.993191897
1770718800.758379698 5.134955296 -64.009653631 0.941012969 -0.023904922 0.052921912 0.079165295 0.995168670
1770718801.259916544 5.689313973 -63.869078574 0.878960651 -0.025540372 0.049199762 0.050940212 0.997162057
1770718801.759891033 6.252847193 -63.761247641 0.848416225 -0.022442419 0.048683734 0.025692625 0.998231497
1770718802.358911276 6.816120057 -63.789450262 0.852833021 -0.009624516 0.051131871 0.025777616 0.998312784
1770718803.159988880 7.151897782 -63.884464001 0.830839045 -0.006002916 0.044910538 0.192127985 0.980323338
1770718803.859962940 7.107840133 -63.911056620 0.747674487 -0.015180611 0.028536398 0.347039747 0.937293250
1770718805.159952402 7.485701504 -63.559651775 0.688504522 0.003056044 0.025154831 0.509862086 0.859882869
1770718806.458969355 7.683596408 -63.041760289 0.627243022 0.006928544 0.022647410 0.621368448 0.783160483
1770718807.459920645 7.843034758 -62.484507649 0.599805428 0.004683194 0.038716962 0.676159612 0.735722260
1770718808.058902025 7.806115408 -61.970692328 0.590096362 -0.003035989 0.024682065 0.681639178 0.731265758
1770718808.558903456 7.853434746 -61.399533874 0.571549916 -0.000197069 0.019110695 0.680630992 0.732377085
1770718808.958760023 7.903944620 -60.861701110 0.552085571 0.001736902 0.030354158 0.681229634 0.731438168
1770718809.358716011 7.941583319 -60.357390109 0.545645338 0.006775930 0.035474976 0.689805418 0.723093422
1770718809.859961271 7.999426757 -59.764825904 0.520305161 0.011561335 0.041455047 0.705325113 0.707576356
1770718810.360045433 7.976215518 -59.209300371 0.507443191 0.014979632 0.036806759 0.720681537 0.692126430
1770718810.858983517 7.918566873 -58.612588021 0.481704518 0.008482371 0.030358584 0.734264114 0.678131711
1770718811.359987259 7.868575754 -57.989714013 0.453253850 0.017682651 0.040459737 0.750107286 0.659840430
1770718811.761280060 7.767678209 -57.397993767 0.478645302 0.016481355 0.030043062 0.744587706 0.666644528
1770718812.160086393 7.665443832 -56.873699760 0.458222096 0.021778708 0.011489147 0.741996363 0.669951554
1770718812.558758497 7.602541352 -56.362088275 0.459834326 0.007818868 0.023450609 0.754905993 0.655366978
1770718813.059097052 7.526243391 -55.793744430 0.470364854 0.006084156 0.030409151 0.771163182 0.635881761
1770718813.559980869 7.414428235 -55.272490894 0.459645275 0.005760037 0.029217778 0.790310467 0.611982442
1770718814.059057474 7.279235940 -54.765011596 0.435856514 0.006471200 0.026798191 0.807366732 0.589405583
1770718814.659982443 7.066985386 -54.242409611 0.443086163 0.005735665 0.010393440 0.838919437 0.544126141
1770718815.258969307 6.838070955 -53.732845425 0.464677560 0.006857279 0.009079540 0.879712668 0.475369499
1770718815.960174322 6.595520091 -53.323680927 0.466461426 0.022967981 0.010513544 0.946371215 0.322092317
1770718816.958951235 6.110453512 -53.041158691 0.468371101 0.029875086 -0.003655838 0.982038917 0.186262393
1770718817.559127331 5.588930787 -52.928001841 0.483895387 0.030277664 -0.007439554 0.984728350 0.171283371
1770718818.160064220 5.120320306 -52.736811917 0.530919887 0.032594364 0.001074060 0.992897878 0.114412660
1770718818.760121107 4.611611550 -52.570226173 0.565585577 0.036238084 0.000273921 0.999207761 -0.016449217
1770718819.358729124 4.094283785 -52.605449803 0.606517094 0.035098525 -0.001650629 0.996587228 -0.074694487
1770718819.959076166 3.554197339 -52.715050881 0.652575333 0.037235880 -0.005483508 0.987417217 -0.153592514
1770718820.660088539 3.097792813 -52.906082592 0.680288047 0.039997355 -0.015762359 0.947238359 -0.317633830
1770718821.359070539 2.656262997 -53.299162084 0.728421286 0.044592496 -0.018113079 0.905057807 -0.422556259
1770718821.958986044 2.314530692 -53.716601831 0.782864661 -0.041035772 0.014250487 -0.853715441 0.518924787
1770718822.758988619 2.086517127 -54.266649656 0.784737954 -0.029456518 0.009577035 -0.769589225 0.637787597
1770718823.259201765 2.050174599 -54.819080625 0.796621814 -0.042989434 0.020982986 -0.737563665 0.673581074
1770718823.659168720 2.028179576 -55.357340527 0.795914034 -0.049621206 0.028018300 -0.734756524 0.675933104
1770718824.058867693 1.965320179 -55.920622658 0.833097211 -0.042590496 0.018157453 -0.737259932 0.674020882
1770718824.458750963 1.933208897 -56.527436771 0.850732048 -0.049105080 0.019282471 -0.731089685 0.680238744
1770718824.859174252 1.893889215 -57.175275999 0.897919608 -0.033892745 0.029696566 -0.736757039 0.674654328
1770718825.359151840 1.857324583 -57.752799336 0.932566063 -0.044286788 0.019483294 -0.767618575 0.639078090
1770718825.859253645 1.757147381 -58.262895602 0.971144463 -0.042600314 0.016302868 -0.796375741 0.603079687
1770718826.358496666 1.620945004 -58.779512348 0.973624957 -0.043295704 0.016161243 -0.818430566 0.572744013
1770718826.859125853 1.438498949 -59.281011353 1.016219814 -0.047466612 0.011929178 -0.839770020 0.540731845
1770718827.359200001 1.217988299 -59.738890611 1.038060014 0.035593934 -0.007019273 0.865420788 -0.499730589
1770718828.059066296 0.911175164 -60.203011900 1.080207105 0.039222599 0.004823886 0.926925236 -0.373159383
1770718828.659204721 0.525922986 -60.558174404 1.108450547 0.044889856 0.006138341 0.953494813 -0.297984670
1770718829.159281254 0.002778179 -60.866238270 1.164036061 0.036363426 0.008838539 0.967740249 -0.249155356
1770718829.659321308 -0.527566320 -61.172265678 1.219993292 0.033421441 0.007808531 0.979166571 -0.200137106
1770718830.070490837 -0.985790278 -61.389900969 1.283920213 0.031946595 0.018038032 0.987098006 -0.155857532
1770718830.559097052 -1.565700989 -61.601411885 1.331330207 0.033842394 0.014507231 0.992844684 -0.113594301
1770718831.059130192 -2.147146245 -61.723684659 1.387713452 0.041534003 0.022521855 0.995736464 -0.079224915
1770718831.459345341 -2.690739820 -61.786679197 1.445490566 0.034165895 0.020872942 0.998183787 -0.045012660
1770718831.860112906 -3.181745849 -61.851403845 1.518860010 0.035799070 0.023785257 0.998897267 -0.018892816
1770718832.259222031 -3.699974087 -61.904144940 1.557912847 0.043834059 0.021374238 0.998709333 -0.014191003
1770718832.658920765 -4.206880921 -61.942108011 1.621622979 0.029548761 0.009132009 0.999455441 0.011502148
1770718833.059178829 -4.707189722 -61.957315840 1.676409488 0.034853462 0.018085571 0.998665808 0.033537334
1770718833.559062004 -5.315420036 -61.922823434 1.746010213 0.042860821 0.020817540 0.998026558 0.040897070
1770718833.958854198 -5.811124199 -61.889080393 1.834122697 0.047136862 0.016749432 0.997812911 0.043208416
1770718834.359185219 -6.298981824 -61.835652135 1.976850039 0.053526134 0.021408667 0.996696804 0.057202294
1770718834.759114981 -6.872436716 -61.767733899 2.114650338 0.045594275 0.025795006 0.996535096 0.064603263
1770718835.259219646 -7.436986389 -61.682890287 2.171104473 0.042102936 0.019125971 0.994215654 0.096936959
1770718835.959442139 -7.982003098 -61.571306701 2.205169369 0.048746366 0.029179200 0.983634672 0.170983036
1770718836.559384584 -8.460009724 -61.352281643 2.222869572 0.048933883 0.033890812 0.971925306 0.227635866
1770718837.158872604 -8.933110052 -61.111403511 2.254619326 0.048641719 0.036180460 0.954145321 0.293141030
1770718837.759128809 -9.332609522 -60.810441803 2.305148806 0.041359373 0.043519634 0.917508285 0.393158989
1770718838.458875418 -9.701282266 -60.406935280 2.358171628 0.040095844 0.045318798 0.851005195 0.521659552
1770718839.159267664 -9.943470032 -59.927414159 2.371390403 0.033802823 0.040533566 0.766735719 0.639789603
1770718839.759201288 -10.018588036 -59.353550948 2.337146047 0.045075804 0.052804903 0.753031128 0.654311802
1770718840.259294987 -10.042577928 -58.767587703 2.359133151 0.052315802 0.067341963 0.745784130 0.660707309
1770718840.659204245 -10.137928916 -58.250024964 2.343420400 0.050479328 0.057456061 0.753920323 0.652498877
1770718841.059149981 -10.263696779 -57.746673122 2.348604688 0.030814026 0.042457123 0.750093994 0.659247213
1770718841.459424257 -10.329041295 -57.203206893 2.356617083 0.032582878 0.044202346 0.749372130 0.659868108
1770718841.859157801 -10.397008360 -56.663876893 2.349233832 0.030751871 0.041689831 0.744380088 0.665743618
1770718842.259132624 -10.478909546 -56.134852375 2.345866626 0.021319606 0.041093900 0.724342268 0.687884470
1770718842.659267902 -10.453588815 -55.610220559 2.345471250 0.032570327 0.046265278 0.693695020 0.718043116
1770718843.059216499 -10.457381494 -55.104759643 2.323599692 0.031057078 0.039694509 0.676501273 0.734714796
1770718843.459403515 -10.425028451 -54.575920451 2.321675058 0.026583464 0.048191047 0.671991545 0.738510870
1770718843.959202766 -10.340091861 -53.984261451 2.303881491 0.038720235 0.051151811 0.667400639 0.741930336
1770718844.458901405 -10.259429338 -53.367310145 2.299096407 0.045433549 0.059003375 0.668379219 0.740083518
1770718844.859327555 -10.228113563 -52.831410822 2.293571612 0.044905789 0.047374591 0.673434620 0.736359241
1770718845.359258652 -10.209858933 -52.220002013 2.304767216 0.025651452 0.047573012 0.678445912 0.732659508
1770718845.859201193 -10.169653624 -51.602855577 2.276838369 0.020852647 0.045920669 0.675018203 0.736075325
1770718846.259267569 -10.118454500 -51.103021851 2.266344233 0.028125953 0.044470897 0.668699139 0.741668883
1770718846.758993626 -10.045081831 -50.512207754 2.224376936 0.028065637 0.056363742 0.668256805 0.741261284
1770718847.259162664 -9.983221453 -49.906001590 2.227986338 0.039871484 0.045062407 0.665775784 0.743721890
1770718847.662475109 -9.968987574 -49.387109995 2.217122920 0.022275532 0.036475959 0.654869217 0.754532712
1770718848.059364080 -9.880090807 -48.824229261 2.210007275 0.023733085 0.036300476 0.656321758 0.753233540
1770718848.459267855 -9.808170806 -48.311454263 2.192285507 0.029853061 0.035532702 0.660215320 0.749641216
1770718848.858916521 -9.755993645 -47.788061211 2.191981048 0.021540920 0.040193835 0.657353792 0.752201061
1770718849.359275818 -9.650142854 -47.167753182 2.174998370 0.030571346 0.044818224 0.654695615 0.753943215
1770718849.759219885 -9.585709625 -46.667883469 2.161306754 0.026178149 0.051079330 0.661053294 0.748140461
1770718850.259232283 -9.544081543 -46.061363209 2.142535394 0.024768890 0.039702271 0.666898515 0.743677755
1770718850.759184837 -9.497088937 -45.469529517 2.113730757 0.016926315 0.036141843 0.670314644 0.741003067
1770718851.159283161 -9.411332106 -44.969228605 2.106104115 0.031023075 0.039557073 0.663112005 0.746830151
1770718851.559285402 -9.342111835 -44.441821032 2.098423270 0.027019935 0.049652676 0.662886860 0.746582578
1770718852.059275389 -9.295403514 -43.843007962 2.088708005 0.026553291 0.039424542 0.668774507 0.741944262
1770718852.559348106 -9.270709228 -43.252003390 2.071559216 0.012133692 0.037618416 0.670122037 0.741197736
1770718853.059505224 -9.199809234 -42.673454387 2.040847282 0.010712834 0.037558842 0.659943966 0.750298961
1770718853.559260368 -9.110771300 -42.104872357 2.014533453 0.020998249 0.036263780 0.641571968 0.765917373
1770718854.058978081 -9.019821304 -41.546111495 1.992425426 0.020538169 0.040281009 0.637082254 0.769468534
1770718854.559218168 -8.936308100 -40.946063041 1.989283550 0.018010547 0.035384323 0.641935898 0.765729634
1770718855.059355497 -8.837120865 -40.380763782 1.989170556 0.022823826 0.035434489 0.645524959 0.762575240
1770718855.559291601 -8.744990875 -39.815767825 1.969312552 0.018621966 0.037182288 0.656945918 0.752789984
1770718856.059501886 -8.665114941 -39.262093032 1.939926457 0.017680001 0.038574846 0.663849086 0.746661764
1770718856.559116840 -8.614644479 -38.704998239 1.924273658 0.027234630 0.028384981 0.672140220 0.739378179
1770718857.059337378 -8.587592472 -38.100752521 1.917172747 0.018499539 0.028687879 0.668591854 0.742845681
1770718857.558955908 -8.519544239 -37.510346711 1.912596149 0.017891167 0.034763689 0.658857463 0.751251114
1770718857.959322214 -8.463241756 -36.948950700 1.910416052 0.014102533 0.029709271 0.653323571 0.756364191
1770718858.359089136 -8.389897038 -36.405854911 1.889104189 0.018766005 0.027977176 0.651437421 0.757954089
1770718858.759500027 -8.301866643 -35.889495298 1.879808405 0.017365472 0.037593094 0.654614377 0.754827938
1770718859.162493944 -8.239006570 -35.354078208 1.877861371 0.013872208 0.030234558 0.665176038 0.745945221
1770718859.559361696 -8.177292246 -34.850988393 1.860454082 0.019849683 0.029800491 0.667276917 0.743948545
1770718859.959548950 -8.112568579 -34.339926103 1.839137809 0.018500640 0.040045131 0.679697120 0.732165240
1770718860.359394550 -8.103827663 -33.820626568 1.834626959 0.013432546 0.026395696 0.693841670 0.719518291
1770718860.759375334 -8.094618347 -33.290346105 1.805292868 0.019959769 0.020992461 0.700587315 0.712978498
1770718861.159611225 -8.103093986 -32.708936401 1.831192975 0.012570072 0.020479115 0.720021097 0.693536026
1770718861.559350014 -8.133728021 -32.130004749 1.829407211 0.005976998 0.022687284 0.730844252 0.682140925
1770718861.959283113 -8.167698806 -31.519408450 1.803818458 0.017093699 0.021090173 0.726794075 0.686318718
1770718862.359570742 -8.204771803 -30.912919878 1.806450838 0.012126684 0.029501674 0.720157125 0.693077420
1770718862.759435892 -8.268580838 -30.349222373 1.809636008 0.004415114 0.016357584 0.710124451 0.703872290
1770718863.159287453 -8.268488581 -29.776503956 1.788546987 0.012612646 0.011924445 0.691021342 0.722625929
1770718863.559505701 -8.243727929 -29.202536738 1.768326753 0.009384975 0.028918549 0.688136861 0.724943653
1770718863.959312916 -8.218942114 -28.624645171 1.756338946 0.012710558 0.024777476 0.688595063 0.724611177
1770718864.359420300 -8.119516045 -27.994631580 1.766372192 0.031133666 0.041076929 0.683472002 0.728154794
1770718864.759061337 -8.061634692 -27.321962685 1.754591433 0.024988598 0.049657742 0.679587073 0.731485535
1770718865.159455776 -8.066623854 -26.687912999 1.754075197 0.016647925 0.036322141 0.691385858 0.721380028
1770718865.559718132 -8.064277180 -26.045499582 1.725905561 0.017451521 0.022889323 0.695946003 0.717517027
1770718865.959475756 -8.054540517 -25.426326036 1.717863431 0.006826456 0.031138545 0.702508236 0.710961299
1770718866.359392405 -8.090172339 -24.801147559 1.721359459 0.004492726 0.019441272 0.707225754 0.706706152
1770718866.759174109 -8.082629042 -24.179883055 1.691951542 0.011137378 0.019271701 0.695457498 0.718222409
1770718867.159429550 -8.044147554 -23.566134655 1.657117061 0.010625314 0.038676648 0.704395831 0.708673220
1770718867.559342146 -8.096160127 -22.986139219 1.683778389 -0.001091891 0.021577593 0.699019760 0.714775902
1770718867.959346294 -8.061390546 -22.325014963 1.658476415 0.015656429 0.014362819 0.703172782 0.710701502
1770718868.359619617 -8.037693381 -21.669523913 1.639934966 0.011848896 0.027871678 0.703035133 0.710509940
1770718868.759536266 -8.044028667 -21.022101667 1.656146311 0.013594591 0.023499229 0.703584605 0.710092724
1770718869.159339905 -8.060034052 -20.389302007 1.631872871 0.017828080 0.022985519 0.701416872 0.712157424
1770718869.559349298 -8.035203036 -19.753766241 1.625652330 0.013443397 0.034571847 0.711534931 0.701670937
1770718869.959491968 -8.089852048 -19.146975324 1.609714903 0.007402024 0.020212944 0.718364492 0.695333807
1770718870.359475613 -8.120667592 -18.522103843 1.594928187 0.015464479 0.014274486 0.711871149 0.701994698
1770718870.758638620 -8.107380603 -17.900182116 1.593417333 0.012973077 0.030610610 0.717663722 0.695595768
1770718871.159581661 -8.161765441 -17.246006192 1.589469241 0.008143544 0.025690989 0.715090238 0.698512424
1770718871.559210777 -8.199053669 -16.633279563 1.580228216 0.013529508 0.017208492 0.713590665 0.700220810
1770718871.959665537 -8.201658959 -16.105816687 1.568302598 0.010505073 0.031283670 0.713549708 0.699826971
1770718872.459323645 -8.241516579 -15.507632898 1.565048349 0.011274258 0.020779317 0.717380336 0.696280522
1770718872.959551096 -8.279371216 -14.927738967 1.559134576 0.007036023 0.022015735 0.718690032 0.694946358
1770718873.459103823 -8.285608219 -14.385785894 1.536438330 0.004578851 0.028276216 0.718430038 0.695009187
1770718873.959280968 -8.279567187 -13.836250077 1.518007126 0.018107577 0.025734685 0.718284096 0.695037984
1770718874.459547758 -8.315865840 -13.243460130 1.528924940 0.017894133 0.027295941 0.717088604 0.696217398
1770718874.959395885 -8.327635347 -12.683782573 1.511800012 0.020316545 0.033410480 0.720260112 0.692601147
1770718875.559618711 -8.371046145 -12.086860158 1.506813947 0.018808934 0.033831882 0.708618482 0.704529257
1770718876.359405756 -8.386200095 -11.542746989 1.501522621 0.011439782 0.024040441 0.573609946 0.818695804
1770718876.959448099 -8.190532745 -11.031470993 1.475460079 0.018467029 0.029997135 0.533019194 0.845369552
1770718877.559726477 -7.880398291 -10.556458054 1.453515262 0.026430949 0.041848747 0.530549519 0.846207596
1770718878.059415102 -7.643510941 -10.059834421 1.448149649 0.027886238 0.045357666 0.539368314 0.840384949
1770718878.559654713 -7.433803140 -9.599088378 1.415666190 0.028142427 0.045424105 0.564767485 0.823518271
1770718879.059769630 -7.280775386 -9.099332803 1.396477046 0.021935926 0.028276260 0.572981671 0.818786464
1770718879.559571505 -7.147450643 -8.605809887 1.393132465 0.010952051 0.021913905 0.571741708 0.820067834
1770718880.059162378 -6.966430943 -8.119746038 1.365082670 0.010411088 0.022050011 0.559629413 0.828384166
1770718880.559711456 -6.757510618 -7.662036009 1.361124629 0.019434810 0.025695842 0.530652562 0.846976901
1770718881.159531355 -6.544911450 -7.153149911 1.363814911 0.013118902 0.023301530 0.485103909 0.874047556
1770718881.859119654 -6.230924988 -6.657515384 1.353484735 0.003879689 0.022633069 0.365239286 0.930630408
1770718882.459612131 -5.802980646 -6.288622126 1.324649480 0.006263884 0.026145412 0.303000733 0.952611010
1770718882.959718227 -5.369457487 -6.031099901 1.309541399 0.020284676 0.030414547 0.252601018 0.966879627
1770718883.459515572 -4.914012056 -5.804394082 1.300622882 0.019765457 0.031874077 0.204743440 0.978096873
1770718883.959262133 -4.418278454 -5.579874439 1.265231703 0.018713200 0.026053822 0.162298505 0.986220163
1770718884.459419727 -3.870183245 -5.375169297 1.243592164 0.010876004 0.029068856 0.122021136 0.992042114
1770718884.959711790 -3.328286778 -5.223726048 1.230268022 0.003921088 0.026547681 0.098407203 0.994784332
1770718885.459149599 -2.797544065 -5.123209327 1.192310376 0.001046003 0.027049574 0.097650762 0.994852529
1770718885.959474802 -2.297898783 -5.052508710 1.178970787 0.010076954 0.029849214 0.106382831 0.993826027
1770718886.559242249 -1.722131477 -4.922573007 1.141845264 0.005719419 0.030807713 0.120699540 0.992194434
1770718887.159739733 -1.244064962 -4.745427094 1.108340955 -0.005441226 0.023229745 0.121245478 0.992335783
1770718887.759689093 -0.744719071 -4.611932214 1.093827309 0.000966171 0.021861031 0.125718947 0.991824535
1770718888.559592009 -0.196186814 -4.485539747 1.054768793 0.001434777 0.021712063 0.130798096 0.991170210
1770718889.359593153 0.324554731 -4.366402651 0.900931306 0.009913824 0.024902906 0.161777052 0.986463252
1770718890.059520245 0.874927423 -4.166053762 0.839345020 0.010485960 0.029682526 0.242386241 0.969668965
1770718890.659465790 1.322625544 -3.899898333 0.825980020 0.011274465 0.023863729 0.369751029 0.928755934
1770718891.459249735 1.623986448 -3.533100402 0.805838921 0.002039638 0.008982424 0.515112917 0.857072832
1770718892.359486580 1.839401191 -3.050736907 0.796822608 0.012329067 0.008002872 0.643847933 0.765012279
1770718893.759639740 1.890795216 -2.524549631 0.767408846 0.014053491 -0.002316541 0.683977891 0.729363680
1770718894.757260799 1.905354688 -2.045633527 0.784238619 0.013073359 0.011389551 0.546306143 0.837406092
1770718895.459543943 2.088631019 -1.626893959 0.757826137 0.005176368 0.012811350 0.398998801 0.916847332
1770718896.259660244 2.301545834 -1.389030334 0.731962671 -0.000775765 0.005896377 0.229110329 0.973382293
1770718896.959735394 2.769402609 -1.199472204 0.727908047 0.013807967 0.013669452 0.188012782 0.981974378
1770718897.659381390 3.264528089 -1.033405611 0.721644705 0.011012561 0.023736136 0.176892789 0.983882239
1770718901.559156895 3.710569085 -0.817822735 0.840800286 -0.000903194 0.017058500 0.180406262 0.983443833
1770718902.759302378 4.209575958 -0.631977553 0.826180049 -0.000183138 0.021582660 0.179971142 0.983435073
1770718903.759689093 4.723627263 -0.421309583 0.808854639 -0.002863051 0.018753084 0.142667183 0.989588904
1770718904.959839582 5.234507184 -0.279391455 0.802285163 -0.003899265 0.016374878 0.051571999 0.998527410
1770718906.059657812 5.764667584 -0.206554508 0.779642476 -0.002053181 0.014062487 -0.020472910 0.999689397
1770718907.059806824 6.270594696 -0.246463387 0.786475654 -0.004367560 0.013823942 -0.045572324 0.998855839
1770718907.959714651 6.818698535 -0.281131820 0.750543800 -0.007316645 0.016818182 -0.086148658 0.996113459
1770718908.659621477 7.331820608 -0.307983433 0.762818143 -0.013294531 0.019670191 -0.238836604 0.970769497
1770718909.659371138 7.790099364 -0.621590414 0.763487839 -0.003514142 0.008221438 -0.377199964 0.926088681
1770718910.359378099 8.196247287 -1.027666810 0.759429434 -0.002403301 0.006951404 -0.390337692 0.920642378
1770718911.159472466 8.570336545 -1.444655938 0.760723983 -0.007745423 0.005140999 -0.397002399 0.917770491
1770718912.159730434 8.904733941 -1.737605483 0.766101785 -0.011010195 0.006866366 -0.558705675 0.829264492
1770718912.859642506 9.077378059 -2.211803270 0.743779033 -0.018606231 0.003498630 -0.671233156 0.741004466
1770718913.459733009 9.099255317 -2.715406289 0.743419183 -0.003838857 -0.000288059 -0.666053040 0.745894449
1770718914.059614182 9.153954057 -3.254954825 0.738996089 0.002980765 0.002227906 -0.610861292 0.791728889
1770718914.659798622 9.262885399 -3.759144976 0.730058017 0.004024392 0.002980150 -0.552485096 0.833507733
1770718915.259856462 9.537510215 -4.229645699 0.703394338 -0.011414153 0.013285073 -0.535569934 0.844309226
1770718915.859714270 9.823626463 -4.665482089 0.713802431 -0.024215093 0.023049015 -0.557218769 0.829692483
1770718916.459680080 10.027098413 -5.182259540 0.704938641 -0.017838970 0.019689891 -0.556305298 0.830553126
1770718917.059547663 10.180470223 -5.702619864 0.706108635 -0.008028311 0.012650010 -0.546821298 0.837115279
1770718917.659668446 10.417027778 -6.217983499 0.709694402 -0.010911481 0.010810904 -0.524131070 0.851499081
1770718918.259801388 10.691705673 -6.650823999 0.692187447 -0.022254545 0.016955998 -0.559261798 0.828518842
1770718918.959426880 10.930732544 -7.137698890 0.689790950 -0.028272971 0.017296659 -0.630224637 0.775705081
1770718919.859786034 10.977397263 -7.449274700 0.690537083 -0.025306186 -0.000854483 -0.756370655 0.653653041
1770718920.659508228 10.874079052 -8.000804862 0.703866184 -0.015302412 -0.009195172 -0.845634873 0.533463164
1770718921.259845734 10.641841043 -8.446025695 0.739009432 0.010339573 0.012278668 0.895231869 -0.445311384
1770718922.059716940 10.308116108 -8.894234308 0.728092177 0.007386079 0.011066308 0.960619869 -0.277547204
1770718922.859708309 10.219542183 -9.007704351 0.748811833 0.007291060 0.017574745 0.993538619 -0.111888255
1770718924.559819698 10.745169912 -8.896533340 0.683254584 0.022349171 0.015891143 0.996607608 -0.077596786
1770718925.659746408 11.273522016 -8.830035435 0.658348252 0.034925313 0.010073515 0.996407799 -0.076486900
1770718926.759520292 11.793243619 -8.816972531 0.650050562 0.031785388 0.010188443 0.998578183 -0.041563170
1770718927.859792233 12.297631838 -8.727451919 0.645612618 0.037601700 0.007548119 0.996896488 -0.068749761
1770718928.959896088 12.796205035 -8.692353328 0.625341659 0.032833283 0.012306370 0.999366249 0.006134288
1770718930.059535503 13.286884868 -8.798373961 0.608693527 0.034172541 0.013797683 0.994324330 0.099804751
1770718931.159815311 13.773498809 -8.971374186 0.602230861 0.039791842 0.016108235 0.979319402 0.197713537
1770718931.959938765 13.763083670 -9.089678085 0.596196059 0.027018993 0.020711852 0.930290282 0.365240995
1770718933.659573555 13.338512922 -8.749801887 0.603904402 0.010265018 0.010502589 0.920721754 0.389943301
1770718934.259830713 12.934012074 -8.362666514 0.620854994 0.005018057 0.007156205 0.920599440 0.390410398
1770718934.759537697 12.557005185 -7.947164202 0.643687216 0.001415936 0.008406541 0.922274904 0.386440586
1770718935.259846687 12.194942184 -7.558299697 0.646967695 0.003442706 0.009344129 0.920278897 0.391136277
1770718935.859819412 11.819218555 -7.174963468 0.649850853 0.000968247 0.002314122 0.920794230 0.390040629
1770718936.459840298 11.427349321 -6.761083910 0.648316298 0.004998197 0.000386330 0.920840897 0.389906286
1770718936.959409475 11.061207027 -6.387788485 0.668556382 0.017324322 0.005155318 0.918892100 0.394094658
1770718937.459589243 10.705536956 -6.006838097 0.689060940 0.016288483 0.007263896 0.917155791 0.398129597
1770718937.959954262 10.320573187 -5.618032887 0.689379837 0.011354094 0.005337075 0.916715343 0.399343937
1770718938.559918165 9.922134730 -5.239946673 0.719474659 0.004411721 0.001464421 0.890571987 0.454818567
1770718939.359565020 9.630750991 -4.730963805 0.698996105 0.007340393 -0.000670973 0.818148876 0.574959202
1770718939.959374189 9.489795088 -4.189381539 0.682091068 0.018844087 0.013180970 0.783369948 0.621130169
1770718940.559858322 9.345340960 -3.668795774 0.724657285 0.017255322 0.011197063 0.711573131 0.702310870
1770718941.359452963 9.318397943 -3.131949251 0.730160954 0.008934855 0.012387839 0.575026829 0.817991966
1770718942.059540987 9.564379024 -2.639662269 0.694627688 0.011836662 0.020201724 0.434463852 0.900384887
1770718942.659586430 9.910725116 -2.278714542 0.662529904 0.010844825 0.025329156 0.304557533 0.952095338
1770718943.359364510 10.396321606 -1.955989597 0.661844496 0.008804995 0.031914883 0.141217938 0.989424786
1770718943.959658384 10.934955686 -1.801110016 0.655531353 0.007310734 0.026685770 0.045375848 0.998586729
1770718944.559549332 11.502154245 -1.776657639 0.633676351 0.006730959 0.024244682 -0.009560309 0.999637679
1770718945.159957409 12.034166483 -1.792269028 0.626229396 0.007447367 0.021933895 -0.088243381 0.995829577
1770718945.759518623 12.596368260 -1.900345833 0.611101939 0.002856709 0.020556903 -0.142760603 0.989539622
1770718946.459902525 13.083931844 -2.011398791 0.615437517 -0.005651667 0.016730567 -0.257474288 0.966123769
1770718947.259364367 13.576483865 -2.327760101 0.610009581 -0.012637972 0.015304728 -0.393674761 0.919035489
1770718947.859883785 13.952047497 -2.802669911 0.587445037 -0.005807710 0.013580129 -0.447625169 0.894099300
1770718948.459780216 14.306955507 -3.269155290 0.578182260 -0.005223550 0.019607559 -0.465097993 0.885026619
1770718948.959644079 14.566960982 -3.697185622 0.571070954 -0.002351606 0.017850426 -0.462165342 0.886610979
1770718949.559586048 14.909779590 -4.171954805 0.539268576 -0.005170187 0.022844499 -0.441141198 0.897132009
1770718950.059920788 15.208015904 -4.590502859 0.526437317 -0.005882592 0.012156708 -0.415155012 0.909650442
1770718950.560017586 15.616353464 -5.022667203 0.503577249 -0.008205723 0.011118810 -0.402111133 0.915486578
1770718950.959673882 15.971544778 -5.374628953 0.512112095 -0.021045965 0.014563197 -0.371776181 0.927969532
1770718951.459500551 16.416216271 -5.777054439 0.493487287 -0.026751304 0.019568049 -0.362941325 0.931222344
1770718951.959690332 16.848156292 -6.160701998 0.489213584 -0.025148162 0.013397427 -0.366223865 0.930090404
1770718952.359964609 17.212310830 -6.507298866 0.490353490 -0.014234839 0.027012602 -0.364063972 0.930873306
1770718952.859520674 17.639529888 -6.895318766 0.489738421 -0.019299257 0.028335883 -0.359245320 0.932613219
1770718953.359724998 18.031898665 -7.226316566 0.478059095 -0.021610775 0.032520011 -0.359189565 0.932447467
1770718953.857692719 18.396904584 -7.573358315 0.462178909 -0.019749762 0.029745395 -0.360163853 0.932205534
1770718954.559759617 18.789527032 -7.915083473 0.453594210 -0.023740847 0.023944677 -0.359784083 0.932426104
1770718955.859978437 18.371453368 -7.572763162 0.366741136 -0.020813614 0.008169318 -0.360264408 0.932582228
1770718956.859520435 17.949152029 -7.236004465 0.392115167 -0.006625985 -0.010227061 -0.358217080 0.933558797
1770718957.859401703 17.540772695 -6.899913428 0.420208476 -0.009043830 -0.006943982 -0.371682932 0.928289712
1770718958.959579945 17.145703594 -6.574496185 0.445857034 -0.011604031 -0.006634256 -0.366150385 0.930459687
1770718960.159927368 16.736715634 -6.248197936 0.465834446 -0.009357906 -0.013535584 -0.367856837 0.929736826
1770718961.359480858 16.344151964 -5.897807348 0.469537962 -0.016961960 -0.009867094 -0.364572356 0.930968275
1770718962.559530258 15.948909462 -5.546820170 0.467678732 -0.017521223 -0.010316520 -0.363788958 0.931259454
1770718963.759479761 15.526265419 -5.234365814 0.488650486 -0.022370317 -0.010077891 -0.291384802 0.956291222
1770718964.959693193 15.042000001 -5.053217748 0.480281834 -0.014893782 -0.014824814 -0.185979077 0.982328959
1770718965.759718657 14.993368775 -5.113131887 0.485651867 -0.011960762 -0.009464427 -0.014938344 0.999772079
1770718966.459647417 15.035949254 -5.257315776 0.468689538 0.004420240 -0.003810763 0.155852720 0.987763063
1770718967.259701729 15.042680964 -5.371326814 0.485221056 0.002082961 -0.007853135 0.332207707 0.943171262
1770718968.059411764 15.118062195 -5.435708537 0.495892541 0.001655242 -0.005138848 0.490583550 0.871377434
1770718968.859605789 15.203695378 -5.442303380 0.502840768 0.003416120 0.000947491 0.645113239 0.764078754
1770718969.959600687 15.341286436 -4.899259661 0.486300728 0.026211134 0.028317377 0.749055090 0.661383078
1770718970.559752464 15.296159298 -4.388591509 0.498600931 0.021379594 0.018498123 0.791621017 0.610358008
1770718971.159434319 15.101507929 -3.927015842 0.504547136 0.017040060 -0.007807391 0.750195639 0.660950213
1770718971.859582186 14.967990411 -3.400626438 0.519543644 -0.002081923 -0.014263757 0.648825579 0.760800617
1770718972.459559202 15.120358414 -2.998366346 0.488047400 -0.001178811 0.013989860 0.532723815 0.846172696
1770718973.159475327 15.342243683 -2.616544831 0.491488541 0.007695012 0.024123775 0.389893436 0.920511781
1770718973.959756613 15.612226835 -2.323103797 0.501775052 0.008791981 0.027587119 0.210653671 0.977131866
1770718974.659587860 15.933954052 -2.153177723 0.496145191 0.000484929 0.019860290 0.047348912 0.998680837
1770718975.459612131 16.508597550 -2.127973403 0.486144667 -0.011363861 0.013266030 -0.131853941 0.991115237
1770718976.160061836 17.042559040 -2.287617188 0.494868993 -0.011875147 0.013262891 -0.260537321 0.965299633
1770718976.859727144 17.502066467 -2.619069183 0.471509098 0.000232027 0.006725765 -0.189598575 0.981838628
1770718977.459692717 17.981579970 -2.839734322 0.451774955 -0.001588593 0.007301680 -0.129833807 0.991507612
1770718978.059713125 18.489003843 -2.925315340 0.420734874 -0.010064191 0.014545396 -0.122532504 0.992306872
1770718978.659602642 19.009699954 -3.028905336 0.423612227 -0.011957974 0.019077959 -0.161842345 0.986559726
1770718979.259377480 19.536002474 -3.171697410 0.390068197 -0.016465976 0.024775896 -0.213082311 0.976581259
1770718979.759642839 20.007883950 -3.427386398 0.393339776 -0.013085708 0.024502496 -0.258229032 0.965684296
1770718980.259510994 20.459563818 -3.700005178 0.376236889 -0.013596662 0.024648983 -0.302962058 0.952586768
1770718980.759852648 20.887421439 -4.006087739 0.370803018 -0.015854185 0.012167764 -0.341757035 0.939575819
1770718981.259531736 21.317309508 -4.383023857 0.371333074 -0.011859783 0.002441031 -0.349499432 0.936858332
1770718981.759660482 21.730925822 -4.768402550 0.351332435 0.000584482 0.019789252 -0.349302370 0.936800885
1770718982.259707689 22.186071549 -5.108926130 0.358911538 -0.010598509 0.031370476 -0.339731709 0.939939323
1770718982.759635210 22.631143842 -5.448797468 0.330044367 -0.012330114 0.037512538 -0.324367081 0.945106753
1770718983.259628534 23.086552925 -5.855461133 0.301648544 -0.013225694 0.017284529 -0.309287345 0.950719551
1770718983.759732008 23.552898332 -6.181070856 0.293543685 -0.016583687 0.008812603 -0.273536431 0.961678293
1770718984.459734917 24.009769476 -6.448222633 0.260192316 -0.017162494 0.008328576 -0.152722718 0.988084943
1770718984.959579468 24.506326664 -6.561881587 0.245790390 -0.027580395 0.000967762 -0.164056032 0.986064908
1770718985.459877729 25.045539040 -6.663416114 0.252498004 -0.030413826 0.009061810 -0.195790270 0.980132161
1770718986.159717083 25.541141485 -6.844707090 0.260991939 -0.023232599 0.007247010 -0.303436645 0.952540776
1770718986.959543705 25.614999926 -6.841651047 0.280296034 -0.014883404 0.007245439 -0.466794561 0.884210849
1770718987.658270597 25.601320298 -6.823813331 0.277494130 -0.003135392 -0.009577033 -0.601082276 0.799123612
1770718988.359552622 25.629868764 -6.791688678 0.267674130 0.004520108 -0.015482336 -0.725402989 0.688135429
1770718989.159828186 25.716398931 -6.769352054 0.264665653 0.005100976 -0.020181195 -0.839744447 0.542582679
1770718989.959889650 25.848003447 -6.836146772 0.229642887 0.003676461 0.017531228 0.922048298 -0.386660156
1770718990.759892941 25.869290138 -6.891322282 0.240600632 0.004068287 0.017224390 0.976378213 -0.215342413
1770718991.559829235 25.925582858 -6.977854726 0.217613334 0.008361482 0.017084732 0.999408273 -0.028658352
1770718992.759673357 25.851133768 -7.068160546 0.218698884 0.013231555 0.014614210 0.989727547 0.141600616
1770718993.659704208 25.348945526 -6.944657726 0.232410782 0.008353665 0.009252615 0.987372769 0.157922832
1770718994.359864235 24.830941998 -6.816474870 0.256059689 -0.000346211 0.008714069 0.972033316 0.234681013
1770718995.159785032 24.350725580 -6.525168095 0.261234764 0.007859235 0.015128016 0.970458305 0.240665857
1770718995.759778261 23.878021695 -6.294026512 0.262805734 0.008947735 0.009531875 0.970377243 0.241240726
1770718996.359763384 23.419086967 -6.053254350 0.261863461 0.011500810 0.012122054 0.970569657 0.240240146
1770718996.959882736 22.928307382 -5.813477952 0.289559089 0.011827462 0.007528012 0.970032267 0.242571311
1770718997.559816599 22.476141479 -5.585419231 0.306161159 0.022598250 0.001008562 0.947562048 0.318770243
1770718998.259984970 22.040418151 -5.254211102 0.323215690 0.019755854 -0.000071991 0.927049772 0.374417443
1770718998.859934807 21.704479178 -4.862601833 0.345261495 0.024188159 0.008102749 0.925628712 0.377572201
1770718999.459820032 21.270181079 -4.440623899 0.363810927 0.002246304 0.008242389 0.925578837 0.378458497
1770718999.959793568 20.832103566 -4.072267823 0.378495553 0.000652739 0.002725789 0.922412004 0.386197151
1770719000.559651136 20.437438082 -3.695102072 0.383094820 0.014571364 -0.002668994 0.909171352 0.416158629
1770719001.259725809 20.066752287 -3.243894331 0.385685840 0.010009259 0.000397745 0.869157134 0.494434559
1770719001.960058212 19.808456392 -2.781332237 0.404156030 0.004692049 0.007817367 0.808865884 0.587922491
1770719002.659795046 19.708484970 -2.227063357 0.379764774 0.022829282 0.025021133 0.804207273 0.593383037
1770719003.259891748 19.583287171 -1.728724256 0.383641904 0.019431273 0.027226423 0.734141742 0.678171844
1770719003.959838629 19.476798534 -1.525066646 0.372842152 0.006613215 0.017988926 0.613873752 0.789171515
1770719004.759879112 19.578304634 -1.210343396 0.349349962 0.005900848 0.017231562 0.460584553 0.887428940
1770719005.459752560 19.935690499 -0.753843750 0.310489390 0.004018307 0.027939239 0.308734868 0.950729211
1770719006.160004854 20.379646767 -0.434714800 0.332845365 -0.000582046 0.021206508 0.156394364 0.987466834
1770719006.859484911 20.866031871 -0.293818565 0.296627656 0.002943049 0.017230746 0.131387319 0.991176983
1770719007.560045481 21.432325395 -0.294103963 0.274214720 0.025523347 0.023191088 0.264759688 0.963697587
1770719008.160014629 21.886344345 0.061586505 0.245669233 0.004870914 0.022538497 0.276287951 0.960798240
1770719008.759714365 22.304912328 0.397549822 0.241646688 -0.006568619 0.015853118 0.206306808 0.978336871
1770719009.359768152 22.795444472 0.641165147 0.220570212 -0.001434653 0.014043748 0.163299481 0.986475542
1770719009.858483553 23.294856249 0.754282632 0.230321134 0.001603571 0.015593052 0.118399533 0.992842302
1770719010.360006332 23.786402479 0.868773503 0.224129848 -0.002689956 0.018878272 0.071364870 0.997267983
1770719010.959763527 24.359657290 0.958513721 0.200274234 -0.005346102 0.014562033 0.055069649 0.998362009
1770719011.459811211 24.988121373 0.978442267 0.163848731 -0.003535902 0.018901444 0.073079643 0.997140712
1770719011.860032320 25.516452664 1.016927683 0.166274288 0.008164577 0.024534681 0.071437334 0.997109872
1770719012.360045433 26.093173109 1.151535517 0.137418210 -0.001984555 0.023137468 0.036222630 0.999073891
1770719012.960066319 26.681332535 1.268830584 0.132863470 -0.010154500 0.018962314 -0.011715882 0.999699982
1770719013.659973621 27.251949737 1.206717002 0.136056135 -0.007710430 0.013878823 -0.125625351 0.991950704
1770719014.359988928 27.775390958 1.088019258 0.127997881 -0.011625564 0.013498466 -0.279739779 0.959910565
1770719015.059839964 28.234171777 0.727925876 0.097565089 -0.012219806 0.011037079 -0.428913387 0.903195530
1770719015.659823656 28.571924291 0.293339228 0.091974782 -0.009081409 0.006768903 -0.478591988 0.877964361
1770719016.259921312 28.843694511 -0.215829452 0.107700994 -0.010505543 0.003086676 -0.558085091 0.829711478
1770719016.859949350 29.073310521 -0.666477166 0.114255549 -0.019583752 0.007736581 -0.610454661 0.791771261
1770719017.459721088 29.201924205 -1.222896617 0.113049751 -0.019202800 0.008794141 -0.663268717 0.748083234
1770719017.959740400 29.230600404 -1.737741131 0.124270951 -0.007363610 -0.006106018 -0.674256745 0.738435059
1770719018.559888601 29.246448177 -2.327848691 0.128500549 -0.001208075 -0.010854407 -0.676612049 0.736258689
1770719019.059976816 29.309866679 -2.853356173 0.121237011 -0.003269962 -0.000488754 -0.677830126 0.735211118
1770719019.559957504 29.403491938 -3.379732330 0.150335301 -0.005764172 0.013223465 -0.669337822 0.742818143
1770719020.059966087 29.450932428 -3.885832975 0.148666494 -0.006828519 0.010452816 -0.659613726 0.751501060
1770719020.658559561 29.521476489 -4.442870954 0.162269890 -0.009979224 0.011813816 -0.635247649 0.772153659
1770719021.359971285 29.592393656 -4.968336333 0.138790894 -0.003941702 0.004893399 -0.550374559 0.834894222
1770719022.058533907 29.817279699 -5.435248503 0.115887617 -0.016292431 -0.000396773 -0.445120740 0.895322247
1770719022.759894848 30.194884410 -5.816510008 0.101076310 -0.034347793 0.004673170 -0.410939016 0.911003576
1770719023.359957457 30.579622678 -6.215051073 0.102120437 -0.036055354 0.004630324 -0.408682165 0.911952553
1770719023.859812021 30.969103490 -6.616269931 0.115720000 -0.032835394 0.010317969 -0.408154579 0.912263787
1770719024.360006809 31.317936653 -6.983518737 0.120684890 -0.028529900 0.015626790 -0.402309387 0.914925683
1770719024.959954977 31.662637389 -7.376312536 0.125651306 -0.024499161 0.014322572 -0.367958980 0.929408868
1770719025.659923077 32.021863267 -7.743064971 0.118618310 -0.022733850 0.001729635 -0.220470393 0.975127164
1770719026.359583378 32.549232074 -7.927683953 0.110959362 -0.030488445 0.008624845 -0.174194017 0.984201459
1770719027.559791088 32.733958804 -7.898033300 0.113347828 -0.021310629 0.019660415 -0.322039730 0.946282060
1770719028.360085964 32.752812839 -7.854176626 0.092029209 -0.014441740 0.008929966 -0.483653077 0.875095077
1770719029.059946060 32.776855937 -7.803797634 0.090112757 -0.009852145 -0.007856113 -0.614879339 0.788520523
1770719029.860071421 32.871623494 -7.777540405 0.096141904 -0.010707040 -0.015811120 -0.751076363 0.659939137
1770719030.559888363 32.946309241 -7.791377844 0.106742703 -0.018423090 -0.024260052 -0.847566589 0.529814040
1770719031.259993315 33.042496516 -7.854855170 0.083448405 0.029401709 0.016942762 0.919137096 -0.392473543
1770719032.059945107 32.960729977 -8.027051806 0.080524304 0.027220574 0.022055335 0.975927875 -0.215261201
1770719032.759894133 32.942584845 -8.121960610 0.081262480 0.035545118 0.021460290 0.997735427 -0.052915191
1770719033.460000038 32.670543734 -8.253098703 0.091130295 0.023001309 0.011460565 0.992324944 0.120957847
1770719034.259950399 32.416547114 -8.246677011 0.114800216 0.015221706 0.014204297 0.956132615 0.292193361
1770719035.160011768 32.003589337 -7.956182524 0.124361702 0.003091767 0.016763179 0.893825519 0.448090814
1770719036.059899569 31.696894641 -7.512205786 0.130670058 0.006300625 0.020752283 0.891850523 0.451810016
1770719036.859990835 31.369025056 -7.083133164 0.114152034 0.001272070 0.016648380 0.912843907 0.407967173
1770719037.660089254 31.023299036 -6.698830675 0.114882429 0.004737799 0.019609589 0.910927932 0.412071984
1770719038.359995604 30.635714438 -6.316170117 0.128928058 0.000117733 0.006852328 0.871261924 0.490770508
1770719039.059986830 30.366664584 -5.886014984 0.109280147 -0.004732525 0.013708657 0.854620739 0.519050160
1770719039.760011911 30.132636876 -5.364824733 0.110973972 0.003960706 0.018008677 0.851491904 0.524043450
1770719040.459928989 29.865156588 -4.853613833 0.100152871 0.008781003 0.007983777 0.802858596 0.596051363
1770719041.159975290 29.691552402 -4.326666170 0.091765971 0.008717370 0.001483818 0.729255163 0.684184707
1770719041.859942436 29.710801499 -3.753078746 0.101121320 0.013174675 0.005788084 0.614808444 0.788545182
1770719042.559867620 29.938503603 -3.216948817 0.087751000 0.018917302 0.018686591 0.491267515 0.870602766
1770719043.260037422 30.176756062 -2.759512501 0.111060648 0.008438015 0.021761432 0.348130402 0.937155517
1770719044.059894085 30.418734110 -2.509530708 0.116294768 0.006867276 0.018078796 0.173202138 0.984696408
1770719044.859916687 30.792400968 -2.385234261 0.080179945 0.003298240 0.011918607 -0.014855447 0.999813175
1770719045.660093784 31.229031648 -2.381237541 0.067916421 -0.012730619 0.008328075 -0.191098059 0.981453059
1770719046.359740496 31.727623957 -2.593950947 0.064179650 -0.015087540 0.010777923 -0.328955020 0.944163544
1770719047.059897184 32.120843180 -2.951460419 0.057869347 -0.015707947 0.008590833 -0.408102643 0.912760478
1770719047.759743452 32.442827484 -3.412595022 0.054972304 0.005980161 0.002415547 -0.309400512 0.950909946
1770719048.360012531 32.865830535 -3.686620568 0.033490097 -0.007425057 0.018374668 -0.313288636 0.949451142
1770719049.059902906 33.360059469 -3.958881754 0.034326854 -0.023869652 0.019362280 -0.388514565 0.920929843
1770719049.759702921 33.740481171 -4.375221301 0.015665195 -0.019075200 0.014188573 -0.414606188 0.909690349
1770719050.459915161 34.079803740 -4.812295136 0.005236273 -0.009718415 0.015105108 -0.364204932 0.931145615
1770719051.159778833 34.511320668 -5.168127577 -0.005435587 -0.019355818 0.016995365 -0.345476351 0.938073878
1770719051.859895945 34.932828229 -5.521382569 -0.024135131 -0.020642035 0.016359123 -0.329891824 0.943651244
1770719052.459932327 35.354275190 -5.820420597 -0.044371515 -0.026969018 0.020526036 -0.332159532 0.942614131
1770719053.159900904 35.778382667 -6.182650572 -0.031030597 -0.030490412 0.000845246 -0.376764018 0.925806943
1770719053.859825850 36.143225099 -6.593380397 -0.027799954 -0.026038825 -0.024968635 -0.397903245 0.916717816
1770719054.559956074 36.523512112 -6.972138253 -0.012942048 -0.019512952 0.006545734 -0.406068146 0.913611000
1770719055.159833670 36.886001225 -7.316191767 0.003523842 -0.029818510 0.012018461 -0.406097332 0.913264130
1770719055.759841442 37.252310495 -7.701662234 -0.002230394 -0.027557370 0.010537731 -0.402928489 0.914755804
1770719056.259805441 37.596270927 -8.079928308 0.000328385 -0.026054746 0.010921044 -0.399956590 0.916098579
1770719056.859827518 37.971237974 -8.484030403 -0.015176925 -0.023301335 0.005198767 -0.375554486 0.926492768
1770719057.459733963 38.330701737 -8.853904918 -0.007374465 -0.022697241 0.004829592 -0.322588357 0.946254861
1770719058.160037279 38.733696656 -9.167244198 -0.021313197 -0.021396458 0.003235251 -0.173054608 0.984674478
1770719058.859922886 39.171494365 -9.282858524 -0.010360355 -0.032494591 0.015276553 -0.018348706 0.999186696
1770719059.859849691 39.574127313 -9.326591997 -0.014427872 -0.027066464 0.016807591 0.152033799 0.987861648
1770719060.659803629 39.819189199 -9.253023655 -0.035210069 -0.026999926 0.015840432 0.333175035 0.942345202
1770719061.459988117 39.993131191 -9.178088079 -0.050530486 -0.017800829 0.019709158 0.500076944 0.865573642
1770719062.359982014 40.067316328 -9.090854044 -0.066672836 -0.012746056 0.014501362 0.635926696 0.771507930
1770719068.660049915 40.123746547 -8.592026310 -0.098924532 -0.008804834 0.018125107 0.646503136 0.762645167
1770719071.660070181 40.217265289 -8.046492594 -0.131201603 -0.004096570 0.023912038 0.650997457 0.758692127
1770719072.660041571 40.333412244 -7.534564050 -0.139241655 -0.000352390 0.026663688 0.729860088 0.683076259
1770719073.659856796 40.272797061 -6.998875058 -0.168318507 -0.000868421 0.025170415 0.731355862 0.681530850
1770719074.560053110 40.181159132 -6.446834256 -0.199511185 -0.010845557 0.015170981 0.726445308 0.686971200
1770719075.259805679 40.158015545 -5.947771497 -0.226247973 -0.010053480 0.012141748 0.664105736 0.747472459
1770719075.960016966 40.258437645 -5.375242327 -0.224124796 -0.001667742 0.025555698 0.644937907 0.763805748
1770719076.559917212 40.350867313 -4.879584697 -0.257174709 0.008243979 0.018473336 0.649301618 0.760261917
1770719077.259881973 40.434193349 -4.321612779 -0.262662505 0.019242638 0.015070860 0.683901778 0.729164555
1770719077.859876871 40.444609899 -3.757064739 -0.268418666 0.012356412 0.011766583 0.690804066 0.722840652
1770719078.459901094 40.416068166 -3.183711896 -0.270526496 0.007926163 0.002617344 0.684158173 0.729285897
1770719079.059898376 40.406005370 -2.589292349 -0.234025956 -0.002433267 0.005215563 0.672545266 0.740033609
1770719079.659979582 40.494022051 -2.096864863 -0.239712627 0.002501319 0.016986568 0.647528281 0.761847968
1770719080.260038137 40.581897649 -1.600127205 -0.258788443 0.003921611 0.023070267 0.613420890 0.789409397
1770719081.159992456 40.661797748 -1.091028933 -0.273258655 -0.003253261 0.013592882 0.484428636 0.874719125
1770719081.959968567 40.971184963 -0.719349863 -0.317213650 0.006253518 0.014955195 0.325497982 0.945403776
1770719082.559983492 41.386686575 -0.409289910 -0.317147459 0.003102976 0.020818510 0.251003766 0.967757238
1770719083.159836292 41.852371286 -0.166756961 -0.316322040 0.003125709 0.023193116 0.153816179 0.987822298
1770719083.758826017 42.318712367 0.014007733 -0.331719331 0.000658281 0.014024039 0.106982716 0.994161753
1770719084.359862804 42.852782001 0.083916687 -0.332863523 0.001650506 0.016674706 0.102827217 0.994558090
1770719085.060003757 43.401174490 0.212072303 -0.353995950 -0.003654191 0.011922640 0.098995733 0.995009720
1770719085.660068750 43.919711847 0.337768191 -0.347308652 -0.007641328 0.014523047 0.102246373 0.994623733
1770719086.460083723 44.460765644 0.441231215 -0.360475659 -0.008201083 0.017948608 0.085928758 0.996105837
1770719087.659900904 44.959858310 0.498610057 -0.403618564 -0.012584317 0.013741455 -0.071037974 0.997299561
1770719088.660094976 45.449784763 0.480458796 -0.412358130 -0.015361474 0.008056559 -0.257623974 0.966089543
1770719089.459919214 45.812704180 0.280430240 -0.421898362 -0.017697499 0.005779540 -0.425157317 0.904927981
1770719090.259308815 46.075563865 -0.081876375 -0.407055624 -0.015530227 -0.007437259 -0.584422624 0.811266723
1770719090.959891081 46.255545715 -0.642194582 -0.385787622 -0.018640917 -0.004562878 -0.709617389 0.704325818
1770719091.559912443 46.248210820 -1.176669900 -0.367490566 -0.014244379 -0.010605038 -0.737040079 0.675615684
1770719092.159928083 46.172768075 -1.771040290 -0.326433148 -0.004412467 -0.020026333 -0.730298776 0.682820016
1770719092.659979582 46.098040188 -2.279739282 -0.296616570 -0.010480528 -0.026498370 -0.707600359 0.706038049
1770719093.159938335 46.131490550 -2.783804387 -0.275786774 -0.010884595 -0.017021999 -0.683220706 0.729932356
1770719093.660100698 46.199389695 -3.306147639 -0.276942309 -0.014142568 -0.004649268 -0.671622744 0.740743722
1770719094.159956455 46.276135959 -3.841833987 -0.253655218 -0.025158253 -0.004007422 -0.671863427 0.740236813
1770719094.660048723 46.343464459 -4.428750548 -0.228698766 -0.022936864 -0.003142921 -0.672204536 0.740003435
1770719095.158608675 46.387109544 -5.013156264 -0.211141818 -0.015256442 -0.008739591 -0.667836425 0.744100377
1770719095.560001135 46.456118140 -5.539299057 -0.179290649 -0.016686819 -0.009350783 -0.663851226 0.747619999
1770719096.059028864 46.542269048 -6.136890615 -0.160732331 -0.021643308 -0.000184650 -0.667509124 0.744286976
1770719096.459945440 46.596707528 -6.635658406 -0.132705354 -0.024016914 -0.002751867 -0.673512722 0.738780230
1770719096.960042477 46.676150264 -7.209467124 -0.121057123 -0.019027637 0.002807556 -0.671187404 0.741038147
1770719097.560027361 46.725183895 -7.772080329 -0.090395109 -0.017361386 0.003479831 -0.687388170 0.726074360
1770719098.258980751 46.750669255 -8.351112285 -0.074863469 -0.021618703 -0.003655952 -0.708134367 0.705737192
1770719098.859045744 46.748597922 -8.872366620 -0.045533254 -0.022735622 -0.006089896 -0.708492279 0.705325950
1770719099.459073544 46.755370982 -9.388481407 -0.021374572 -0.020959680 -0.005901029 -0.709843263 0.704023019
1770719100.058946133 46.763353078 -9.915480362 -0.001839658 -0.022475756 -0.005711939 -0.709796524 0.704024935
1770719100.658991337 46.777241156 -10.436343634 0.016180676 -0.023884706 -0.002818169 -0.713964282 0.699768949
1770719101.359239817 46.792897084 -11.010756950 0.039607314 -0.028962295 -0.001669009 -0.720905676 0.692425740
1770719102.059081316 46.766999672 -11.557775790 0.056862204 -0.025749672 -0.003647094 -0.718663819 0.694871189
1770719102.858736277 46.737757319 -12.080498223 0.093380925 -0.026098754 -0.013293520 -0.716764298 0.696700135
1770719103.658998013 46.727275540 -12.638879640 0.111389957 -0.023743883 -0.007915969 -0.722526624 0.690889892
1770719104.358994484 46.732327390 -13.145791119 0.129293385 -0.035337509 -0.002310546 -0.721106247 0.691918855
1770719105.160097361 46.762642913 -13.707508554 0.153738132 -0.041691215 0.009557460 -0.715359333 0.697446429
1770719105.858974218 46.724443209 -14.232577934 0.191499686 -0.034838138 -0.003808167 -0.714560701 0.698695074
1770719106.659123182 46.683345921 -14.785915686 0.208925986 -0.025380893 -0.008474131 -0.722304866 0.691056929
1770719107.559053183 46.700022963 -15.323783945 0.233309465 -0.033235543 -0.004497943 -0.716489927 0.696790751
1770719108.559330463 46.689183256 -15.847949274 0.245895232 -0.034451481 -0.007588110 -0.719405010 0.693694420
1770719109.560128212 46.681587268 -16.366393243 0.269225568 -0.030378458 -0.004179064 -0.719875341 0.693425683
1770719110.559145451 46.675760554 -16.889001299 0.286936776 -0.038059703 0.000195229 -0.716738031 0.696303107
1770719111.659134388 46.661662255 -17.412616834 0.317869960 -0.038569112 -0.002033464 -0.720271604 0.692616132
1770719115.059181690 46.737896249 -17.490752650 0.323332510 -0.034004925 -0.017409092 -0.825932889 0.562472623
1770719115.859202385 46.816620133 -17.499950096 0.367221042 0.037177912 0.022786228 0.911711438 -0.408510519
1770719116.658776045 46.881278960 -17.565639240 0.360249586 0.036729914 0.027745286 0.970471969 -0.236781057
1770719117.359192133 46.911971840 -17.641202104 0.347762568 0.034941374 0.026788949 0.996322208 -0.073508569
1770719118.160168648 46.955163633 -17.802864060 0.288985294 0.033821962 0.031612300 0.992372448 0.114252626
1770719118.959102631 46.927984137 -17.896205979 0.291194991 0.033741585 0.035697684 0.956882946 0.286290427
1770719119.759234190 46.871982348 -17.944127200 0.295184228 0.022750460 0.040848143 0.886044621 0.461236138
1770719120.560174227 46.782667432 -18.007552589 0.308861321 0.017846157 0.040223940 0.781225146 0.622696411
1770719121.759270668 46.625139813 -17.512920035 0.324833543 -0.010026978 0.017001856 0.685704302 0.727612539
1770719122.359314203 46.666985768 -16.907827998 0.290141716 -0.004928180 0.027519633 0.684218549 0.728740942
1770719122.859156609 46.731060853 -16.362176479 0.284995085 0.005634865 0.037057901 0.681272752 0.731069352
1770719123.359207392 46.773828028 -15.846407561 0.248314673 0.002747322 0.045011728 0.680340997 0.731507023
1770719123.858883858 46.784924493 -15.327471566 0.233098238 -0.001230058 0.034448616 0.684402933 0.728288682
1770719124.459138155 46.790559828 -14.735813666 0.198016798 -0.002849372 0.027578238 0.685817912 0.727244879
1770719124.959137201 46.808815975 -14.137982405 0.185729442 -0.011081971 0.022356919 0.686134034 0.727047072
1770719125.459291935 46.838742496 -13.519991413 0.149820753 -0.015050455 0.027065581 0.686437603 0.726528978
1770719125.859176874 46.901772591 -13.013198280 0.143589071 -0.004907210 0.032552883 0.683441184 0.729262900
1770719126.258846998 46.940728619 -12.501018202 0.097296359 0.007024787 0.032540263 0.698933175 0.714411787
1770719126.660273790 46.936216541 -11.953148908 0.081218824 -0.008410695 0.036261900 0.699812013 0.713356489
1770719127.059100389 46.951622928 -11.382392288 0.050543677 0.001036188 0.039157850 0.707334424 0.705792889
1770719127.459308147 46.921763512 -10.797093071 0.018141705 -0.000465141 0.025344064 0.722748289 0.690646344
1770719127.859327793 46.863103886 -10.201686112 -0.017011269 -0.011029858 0.025580911 0.732397266 0.680307433
1770719128.259413481 46.858811221 -9.605999436 -0.026351723 0.001855290 0.032938800 0.743591764 0.667819498
1770719128.558923006 46.779940958 -9.107787115 -0.035812480 -0.007651863 0.026432806 0.747660571 0.663510683
1770719128.962507486 46.666171016 -8.483678624 -0.076827090 -0.008370520 0.013664962 0.742621117 0.669520037
1770719129.359140158 46.596306079 -7.893556612 -0.078231104 -0.013449669 0.014136648 0.739064062 0.673352489
1770719129.759175777 46.486265033 -7.309874627 -0.090772449 -0.023157153 0.009815797 0.721685870 0.691763617
1770719130.159159899 46.488189003 -6.694943017 -0.123375806 -0.011816305 0.006801820 0.690957775 0.722766534
1770719130.559245825 46.547167254 -6.091494914 -0.161620394 -0.013561709 0.025506600 0.665600309 0.745749101
1770719130.959231377 46.610040786 -5.491125000 -0.173418934 -0.014714557 0.019329642 0.641267730 0.766932556
1770719131.359309435 46.729128103 -4.900993114 -0.201751153 -0.005718629 0.014892464 0.613995133 0.789148584
1770719131.659361124 46.844989111 -4.407020884 -0.215390338 -0.007020474 0.018320334 0.611417210 0.791065152
1770719131.959382057 46.993801998 -3.908290342 -0.236631819 -0.002972678 0.025187362 0.610754527 0.791413715
1770719132.360314846 47.189120620 -3.326211532 -0.259452239 0.006458291 0.044120907 0.613656966 0.788312606
1770719132.759041071 47.285747703 -2.830306491 -0.261654713 0.004914721 0.035994923 0.645193222 0.763155238
1770719133.259297132 47.353546644 -2.211653529 -0.307940549 -0.012787399 0.035687576 0.664989062 0.745890359
1770719133.659232140 47.405789814 -1.669449151 -0.332538973 -0.003457169 0.019468512 0.676011849 0.736625417
1770719134.058905602 47.356146859 -1.107969264 -0.340251669 -0.013314455 0.005484739 0.684719439 0.728664486
1770719134.559282541 47.428532891 -0.555457524 -0.383476733 -0.010750175 0.011043742 0.699448946 0.714516369
1770719135.059340000 47.479147661 0.025097693 -0.391839411 -0.000115065 0.021966060 0.690065393 0.723413597
1770719135.560249805 47.534642686 0.604743105 -0.420917963 0.007436181 0.024510494 0.709037626 0.704705317
1770719136.059006453 47.529206427 1.136404831 -0.423121818 0.007604005 0.028372862 0.731788747 0.680898223
1770719136.659179211 47.448202499 1.651214537 -0.463681034 0.003742872 0.022210597 0.773224351 0.633732422
1770719137.259033918 47.296957923 2.138067401 -0.495040543 0.005633860 0.014408372 0.845035583 0.534486223
1770719137.959421158 47.048511034 2.541600130 -0.526558211 0.000473883 -0.003696309 0.921256506 0.388937736
1770719138.659252882 46.836519128 2.769091502 -0.506772119 -0.005943438 -0.009653207 0.973028434 0.230406506
1770719139.359024048 46.881909100 2.794393940 -0.489035564 0.000093028 -0.013907608 0.997480264 0.069567901
1770719140.059468746 46.920174259 2.836663797 -0.472414008 0.014142567 -0.010734813 0.995607789 -0.091923236
1770719140.759298563 46.947189843 2.922968560 -0.476999730 0.025128567 -0.004305318 0.968435518 -0.247956987
1770719141.459507942 46.867500828 2.973219208 -0.486939089 0.029158376 0.011409927 0.919028743 -0.392944999
1770719142.459377766 46.475723577 2.571191665 -0.482170927 0.015770920 0.012004605 0.904489471 -0.426035167
1770719142.958988905 46.165300127 2.179471429 -0.449356264 0.016428882 0.006039208 0.904405811 -0.426314144
1770719143.459274292 45.828793502 1.782537613 -0.438291134 0.010719629 0.007436344 0.908955394 -0.416689191
1770719144.259063959 45.511906423 1.370768582 -0.397961669 0.020506007 0.008175547 0.960684812 -0.276762275
1770719144.959041595 45.064817655 1.081456511 -0.395697622 0.017156448 0.011594790 0.971091918 -0.237806021
1770719145.659374952 44.607583414 0.866546509 -0.376942824 0.011741764 0.013966649 0.985336491 -0.169643930
1770719146.459237814 44.078373899 0.685155827 -0.356267062 0.011021015 0.006432218 0.996666118 -0.080584198
1770719147.459513664 43.524448826 0.632995091 -0.350731113 0.012612707 0.021605860 0.999664523 -0.006704375
1770719148.259672642 42.970806894 0.672716721 -0.347260821 0.011872896 0.021641875 0.999685268 -0.004475290
1770719148.959014654 42.473605455 0.598692705 -0.345831508 0.012902643 0.012121400 0.999799168 0.009392406
1770719149.659430742 41.901226923 0.595798784 -0.326948912 0.016131579 0.013499042 0.996910286 0.075679785
1770719150.359512329 41.351645909 0.665878782 -0.322517766 0.012470999 0.014435287 0.978662337 0.204587701
1770719151.059329748 40.852962348 0.920535375 -0.311557351 0.019878387 0.020853780 0.979162265 0.201025442
1770719151.659572124 40.371786627 1.160849493 -0.300329958 0.018912120 0.016105659 0.988955801 0.146114213
1770719152.259117365 39.868675710 1.322233900 -0.281738915 0.019356446 0.017228833 0.996933682 0.073835824
1770719152.859516621 39.281875345 1.355796744 -0.276974016 0.014580348 0.008980650 0.998541838 0.051195308
1770719153.459625006 38.686913413 1.398236654 -0.257775461 0.014428813 0.010855703 0.998918772 0.042839825
1770719153.959560156 38.130972691 1.434154783 -0.248997423 0.012025122 0.013505526 0.998572184 0.050265207
1770719154.459129572 37.596942821 1.497834028 -0.237337499 0.018860581 0.012508903 0.998613825 0.047520893
1770719154.959431887 36.993784640 1.556728873 -0.200762402 0.015132361 0.010084776 0.998849879 0.044364713
1770719155.459439993 36.384381404 1.598221781 -0.178010113 0.013818811 0.002204371 0.999207444 0.037264784
1770719155.859394073 35.880092409 1.626559974 -0.142850978 0.014509884 0.005910033 0.999045968 0.040763821
1770719156.259480238 35.372538337 1.645617999 -0.125082323 0.011824273 0.004912539 0.999503350 0.028794232
1770719156.659302235 34.834538535 1.666193166 -0.103412598 0.008148026 -0.002498865 0.999704826 0.022751410
1770719157.059071302 34.285562598 1.714149591 -0.076166460 0.008364924 0.011142897 0.999726767 0.018768465
1770719157.459517717 33.705839129 1.718227830 -0.067152279 0.010330583 0.006994025 0.999893786 0.007535158
1770719157.859390020 33.083885599 1.687347778 -0.033656206 0.011600411 -0.007309092 0.999846040 0.010950076
1770719158.159220219 32.564681859 1.674830917 -0.004348600 0.011286444 -0.002301437 0.999912433 0.006515012
1770719158.459407091 32.062390873 1.659157027 0.016761842 0.009874409 -0.003633860 0.999943180 0.001711082
1770719158.859372616 31.414832134 1.731349104 0.041902958 0.004777970 0.008116293 0.999929176 0.007275987
1770719159.259117603 30.774860007 1.754936579 0.040863948 0.009624285 0.005523864 0.999927391 0.004698106
1770719159.659466743 30.130206279 1.733522624 0.065917160 0.002987107 -0.004344891 0.999956747 0.007661812
1770719160.059195995 29.501027489 1.744896497 0.080476612 0.006872161 0.003537626 0.999877257 0.013628250
1770719160.459400654 28.895855895 1.739761376 0.068077462 0.010866177 0.004065241 0.999918631 0.005303963
1770719160.859403849 28.253020545 1.734645538 0.066377017 0.010724086 -0.001015388 0.999932820 0.004279896
1770719161.259439468 27.605128745 1.790816258 0.091335205 0.015808532 0.011508691 0.999792625 0.005687461
1770719161.559175491 27.097293816 1.811881975 0.113339673 0.014863329 0.003697592 0.999881797 0.001342260
1770719161.959534645 26.452975169 1.802462011 0.127557570 0.017540964 0.002129848 0.999840748 -0.002501276
1770719162.359405279 25.818228898 1.759439910 0.158766330 0.012056622 0.008162217 0.999674212 -0.020963915
1770719162.759584427 25.191623609 1.707490620 0.190240494 0.011765959 -0.001842913 0.999503331 -0.029176327
1770719163.159569025 24.557909454 1.686563423 0.196355430 0.016880194 -0.001200890 0.999578243 -0.023599838
1770719163.559195518 23.912074804 1.648144382 0.230064107 0.008403849 0.007639857 0.999608502 -0.025570519
1770719163.959394217 23.285233452 1.588838938 0.231887932 0.010763456 -0.001963994 0.999495378 -0.029820804
1770719164.359535694 22.668950994 1.549464483 0.234355150 0.020982919 -0.002913118 0.999507770 -0.023139782
1770719164.759528160 21.996810943 1.499870761 0.279533858 0.014987568 0.003987515 0.999542061 -0.025983463
1770719165.159675360 21.356110156 1.468598460 0.300464772 0.010951354 0.000276907 0.999374103 -0.033636189
1770719165.559486628 20.740573268 1.442631072 0.311030229 0.016941664 0.004604181 0.999500791 -0.026266904
1770719165.959456444 20.092554502 1.419422988 0.341257251 0.011762719 0.010251867 0.999632092 -0.022186001
1770719166.359141588 19.457642530 1.367782889 0.368536314 0.013464864 -0.001495849 0.999518047 -0.027930870
1770719166.759448528 18.825571428 1.338595596 0.367819168 0.019867562 -0.000003037 0.999537480 -0.023024013
1770719167.159437418 18.194469208 1.306796413 0.393442872 0.012047418 0.008982776 0.999570719 -0.025150509
1770719167.559553146 17.572913595 1.246384331 0.406309119 0.013257264 0.001317057 0.999431207 -0.030980204
1770719167.959590673 16.923715979 1.221575958 0.422437247 0.017215250 0.008266267 0.999519113 -0.024430429
1770719168.359325886 16.257600642 1.195860253 0.459595368 0.014237104 0.010404227 0.999625721 -0.020915906
1770719168.759393454 15.628913888 1.135835035 0.491832466 0.013463010 -0.001024955 0.999530300 -0.027511370
1770719169.159506798 14.980680688 1.086539367 0.491732518 0.020759331 -0.000255906 0.999543632 -0.021943394
1770719169.559552670 14.343408794 1.058996818 0.508599098 0.010749994 0.009994351 0.999672954 -0.020941228
1770719169.959691525 13.719844567 1.025163081 0.546238286 0.012976882 -0.001689524 0.999672992 -0.021969397
1770719170.359533072 13.082156095 1.003119523 0.571729302 0.017796793 0.001115715 0.999732534 -0.014727150
1770719170.759537220 12.437853905 0.980986439 0.579010956 0.012621863 0.007756796 0.999744723 -0.017059010
1770719171.159655333 11.798131449 0.927053650 0.631439252 0.015654749 -0.004961288 0.999684747 -0.018992662
1770719171.559494257 11.148382570 0.892618037 0.635723113 0.023378035 0.000259476 0.999562088 -0.018139248
1770719171.959481478 10.501160927 0.893145186 0.658400118 0.015606972 0.009547743 0.999678692 -0.017543519
1770719172.359692335 9.858740967 0.850226790 0.692432953 0.016553807 0.001191901 0.999624849 -0.021787891
1770719172.759467602 9.238316898 0.822637948 0.699587354 0.017500701 0.001785580 0.999726099 -0.015435811
1770719173.159461021 8.594450308 0.806002399 0.732680599 0.012665887 0.005802869 0.999788837 -0.015105768
1770719173.559267759 7.979916010 0.749557154 0.762283088 0.015302822 -0.004504012 0.999627870 -0.022128260
1770719173.959516764 7.353194423 0.732845152 0.756687578 0.026107771 0.000548129 0.999513116 -0.017076728
1770719174.359527349 6.731041398 0.721528444 0.773621754 0.018641957 0.011820903 0.999589663 -0.018255107
1770719174.759624958 6.125858483 0.678647446 0.818548219 0.020898004 0.000483393 0.999578414 -0.020150309
1770719175.159698248 5.551110719 0.646686971 0.822978497 0.022952395 0.000432940 0.999611764 -0.015789900
1770719175.559330940 5.009061405 0.633764106 0.859744133 0.017914027 0.008165428 0.999670423 -0.016475980
1770719175.959732771 4.412335912 0.570335467 0.880371623 0.017563613 -0.003639830 0.999613322 -0.021247982
1770719176.359535933 3.763784534 0.564879765 0.897707367 0.024304085 0.001974137 0.999539371 -0.018068193
1770719176.759565592 3.131150222 0.559143723 0.929707274 0.017573695 0.007646795 0.999684382 -0.016242810
1770719177.159746408 2.501405392 0.502792056 0.957982206 0.017595234 -0.003816930 0.999614098 -0.021154053
1770719177.559577703 1.867170678 0.474675449 0.956057865 0.025826058 -0.006894014 0.999339922 -0.024600961
1770719177.859500408 1.366446466 0.429510956 0.984833818 0.021029646 -0.002928560 0.998697017 -0.046405231
1770719178.159919024 0.864870997 0.381809038 1.008351160 0.026719327 -0.001511274 0.997668828 -0.062775013
1770719178.559318304 0.215116071 0.336082687 1.033711615 0.016630988 0.007137636 0.995838529 -0.089320147
1770719178.859337091 -0.278303618 0.248286388 1.059674234 0.016214634 -0.004830245 0.994619225 -0.102207391
1770719179.259247065 -0.888995480 0.106580206 1.093475599 0.016180189 0.000670566 0.994831752 -0.100237404
1770719179.659549236 -1.494772237 -0.060100774 1.115578901 0.023905006 -0.003718820 0.995093474 -0.095935909
1770719180.059604406 -2.119593473 -0.213421462 1.146830491 0.021839577 -0.013044545 0.996441084 -0.080361919
1770719180.459181070 -2.750235570 -0.293464321 1.183186580 0.021152231 0.002665333 0.998350746 -0.053303546
1770719180.859721422 -3.369968854 -0.354547364 1.209580495 0.025917336 0.006706169 0.998544559 -0.046819692
1770719181.159516335 -3.874851769 -0.371216937 1.246266708 0.023719002 0.006978870 0.999288863 -0.028468798
1770719181.559561968 -4.523800528 -0.419399092 1.285254330 0.020722570 0.004797126 0.999756083 -0.005944517
1770719181.959739685 -5.060291406 -0.464721330 1.329985073 0.022020171 -0.002031481 0.999744901 -0.004595373
1770719182.459503412 -5.693276778 -0.453585705 1.342154623 0.021231099 -0.001302668 0.999547103 0.021286902
1770719182.959569931 -6.284446107 -0.404634596 1.368089208 0.026522754 0.000928646 0.998325226 0.051404507
1770719183.359502554 -6.822026565 -0.358970216 1.384505959 0.019901536 0.011808624 0.997939666 0.059840684
1770719183.859569073 -7.438449169 -0.306952648 1.408025309 0.023999442 0.002657478 0.996110295 0.084742230
1770719184.459662199 -7.999135879 -0.222546521 1.442138552 0.028279351 0.003691423 0.990907417 0.131488188
1770719185.059688568 -8.495082136 -0.054205989 1.474563419 0.029760385 0.010534684 0.978544785 0.203601187
1770719185.659667492 -9.012587622 0.198482859 1.491497092 0.035864304 0.014044777 0.974927453 0.219164225
1770719186.159263372 -9.479994284 0.432045557 1.530483765 0.034284829 0.008836324 0.974542173 0.221391107
1770719186.659515858 -9.945787918 0.625381916 1.541221083 0.026877529 0.003430982 0.974228105 0.223931743
1770719187.259362459 -10.481055152 0.880107715 1.558707767 0.025574845 -0.000506499 0.972702265 0.230642526
1770719187.759587049 -10.956019556 1.125402038 1.585144636 0.030933841 0.003482467 0.968329517 0.247727505
1770719188.359639883 -11.464275029 1.408758307 1.610805843 0.033774063 0.003125452 0.962250881 0.270042192
1770719188.859541893 -11.893672872 1.672228758 1.651609064 0.031662832 0.008338496 0.957018959 0.288171209
1770719189.359701633 -12.335543761 1.978940968 1.661059386 0.030389355 0.012851608 0.951356165 0.306321352
1770719189.859674454 -12.755268580 2.284273298 1.695296461 0.030397873 0.009170830 0.941298415 0.336079098
1770719190.459561586 -13.212905945 2.639887348 1.715282428 0.023705870 0.010035385 0.922791409 0.384438991
1770719191.059651852 -13.595710320 3.033789249 1.741652483 0.020117653 0.005890688 0.899850638 0.435694170
1770719191.559779167 -13.908533198 3.439301182 1.782454821 0.026064244 0.009108088 0.871521416 0.489579533
1770719192.259650230 -14.182746192 3.915241364 1.803682063 0.031328953 0.008964096 0.782312084 0.622033717
1770719192.859753370 -14.285551013 4.421584062 1.815794900 0.032725169 0.016534366 0.709589190 0.703661040
1770719193.459422350 -14.238899487 4.988138014 1.814981248 0.040573922 0.024346096 0.695627859 0.716842316
1770719194.059382915 -14.187890546 5.509137634 1.817375289 0.049377204 0.028770632 0.693464455 0.718220852
1770719194.659762859 -14.148015027 6.077829723 1.822856904 0.049745873 0.030645157 0.694292633 0.717317197
1770719195.259852648 -14.137171097 6.601905949 1.829767989 0.042540275 0.024172199 0.713166051 0.699285502
1770719195.859770298 -14.177191809 7.123042601 1.842144741 0.035103147 0.019341021 0.732417923 0.679674687
1770719196.459676027 -14.248727429 7.650004278 1.841199377 0.027808335 0.007518710 0.734741009 0.677735801
1770719197.059708595 -14.301906403 8.223892702 1.856812671 0.026809336 0.005327488 0.734974372 0.677543763
1770719197.659693241 -14.353010564 8.770159585 1.873821921 0.022253278 0.004055298 0.735945129 0.676663220
1770719198.259832621 -14.410342361 9.269234354 1.899082506 0.019280290 0.001317191 0.736675278 0.675970465
1770719199.459714651 -14.410147496 9.791715560 1.912267622 0.032702071 0.010746972 0.734569673 0.677659555
1770719200.359694481 -14.448126411 10.308494832 1.920137778 0.029752634 0.007018824 0.734185072 0.678260862
1770719201.059313774 -14.505933611 10.881510156 1.946002109 0.017868121 0.008294207 0.724146289 0.689364989
1770719201.759786367 -14.535912170 11.434087994 1.963661770 0.015231889 0.004577535 0.700574585 0.713401911
1770719202.459249496 -14.519076120 11.958839950 1.978825511 0.016553526 0.007450944 0.698921792 0.714967686
1770719203.159876108 -14.499088281 12.493330617 1.994740331 0.015419451 0.014397865 0.697625674 0.716151773
1770719203.859670639 -14.483796971 13.022430721 2.006115917 0.015700513 0.015955071 0.698759649 0.715006212
1770719204.659287691 -14.501811001 13.598094668 2.022668268 0.015050073 0.002036851 0.653708034 0.756594444
1770719205.359665871 -14.427788255 14.130247569 2.044075792 0.004014720 0.002394730 0.594353264 0.804190491
1770719206.059798956 -14.230873789 14.628250560 2.056425489 0.015245118 0.006680871 0.581963993 0.813044195
1770719206.759191275 -14.037279586 15.134408773 2.062360811 0.024176668 0.019423726 0.578072319 0.815395979
1770719207.459424019 -13.869344787 15.627850688 2.071763533 0.021389733 0.025784560 0.578391400 0.815071177
1770719208.159820318 -13.699615524 16.114927383 2.071175630 0.026673642 0.021128371 0.579922994 0.813960336
1770719208.859824896 -13.531771310 16.621232867 2.070640226 0.022345045 0.019172500 0.581325927 0.813137923
1770719209.559386969 -13.372830567 17.119788855 2.084172061 0.016535900 0.014883962 0.580283933 0.814110305
1770719210.259209394 -13.221573213 17.620150312 2.093162282 0.009894887 0.010691818 0.557412578 0.830107821
1770719210.959711552 -13.026983833 18.096582216 2.097524820 0.012003916 0.001451194 0.509070042 0.860640164
1770719211.657440662 -12.779222090 18.546315294 2.119050240 0.012284694 0.004174485 0.468640847 0.883293505
1770719212.359326839 -12.462307500 18.969014727 2.115824914 0.018396137 0.015352118 0.461864824 0.886626629
1770719213.059097052 -12.132928760 19.390849611 2.109891156 0.027102206 0.026588666 0.461866005 0.886136731
1770719213.759502888 -11.831106300 19.827796377 2.112560416 0.022318631 0.018167958 0.461114303 0.886873950
1770719214.459304571 -11.540988427 20.237660493 2.113833410 0.032266003 0.010553086 0.462356324 0.886044111
1770719215.159608603 -11.234408887 20.676135934 2.110524395 0.032482663 0.013580302 0.461002623 0.886700081
1770719215.859899759 -10.928627973 21.107449377 2.120843581 0.034228485 0.020023249 0.463791663 0.885056367
1770719216.559859514 -10.630013988 21.542190655 2.134065952 0.037938091 0.014418966 0.465184197 0.884283019
1770719217.259510756 -10.328503907 21.975385230 2.152704025 0.037913534 0.017219488 0.463470200 0.885133565
1770719217.959054470 -10.030471516 22.403112419 2.162262905 0.031538089 0.021847142 0.505863265 0.861760065
1770719218.659342289 -9.762811946 22.867979607 2.156435226 0.038603273 0.021094064 0.566496639 0.822889049
1770719219.359287262 -9.561057249 23.389991585 2.160612965 0.047214285 0.024483330 0.639671953 0.766805823
1770719220.059872150 -9.488517471 23.942636680 2.161944036 0.042321502 0.035310187 0.746868123 0.662684003
1770719220.759876251 -9.638539764 24.475105876 2.180108359 0.024067927 0.005768092 0.774243676 0.632403505
1770719221.459792852 -9.792381033 24.991977904 2.199163413 0.010570210 -0.014776729 0.772827994 0.634355429
1770719222.153558493 -9.897365062 25.496472062 2.226876580 -0.002191184 -0.015770614 0.755331571 0.655149376
1770719222.859788179 -9.957322617 26.051161893 2.245616949 0.004845403 -0.012620616 0.751194753 0.659942183
1770719223.559766531 -10.011133599 26.563944957 2.261172914 0.013008310 -0.003732151 0.749377317 0.662004903
1770719224.259871244 -10.088032511 27.081181565 2.292206694 0.013115837 -0.004252618 0.721180661 0.692609806
1770719225.059859514 -10.139061607 27.643988608 2.305055088 0.004127921 -0.016626315 0.664863948 0.746768007
1770719225.759809494 -10.063142185 28.162814726 2.333961978 -0.009351051 -0.006279145 0.612160488 0.790653316
1770719226.459814548 -9.890952056 28.674059784 2.341923212 0.004825658 -0.001056306 0.614021803 0.789273604
1770719227.159862518 -9.757180237 29.195204724 2.346821410 0.023133133 0.000730921 0.641764698 0.766552279
1770719227.859910727 -9.658811931 29.708258870 2.366058734 0.033359835 0.000661602 0.681888641 0.730694577
1770719228.559424162 -9.635781896 30.244344376 2.387314817 0.022989238 -0.004058892 0.687274068 0.726022986
1770719229.259847641 -9.614065340 30.773695722 2.413946861 0.009828561 0.005359908 0.689897827 0.723820184
1770719229.959843874 -9.594098746 31.302119390 2.427599443 0.009413757 -0.001499845 0.687952108 0.725693481
1770719230.659941673 -9.559137038 31.824188586 2.448372063 0.017027872 -0.002051469 0.688084743 0.725427618
1770719231.359415770 -9.551963355 32.332217518 2.461928382 0.014851037 -0.003577805 0.686474443 0.726993456
1770719232.059890747 -9.511521205 32.856207712 2.485266521 0.015675773 0.008794876 0.659360857 0.751611722
1770719232.759464741 -9.452215265 33.364152209 2.497192300 0.016357990 0.009384635 0.619900436 0.784453819
1770719233.459936380 -9.309482495 33.869571584 2.512790602 0.019334781 0.012054225 0.595721059 0.802868159
1770719234.159621000 -9.175614904 34.356066132 2.541780151 0.020867153 0.008437468 0.577614563 0.815999257
1770719234.859725475 -8.983834494 34.834531543 2.548833417 0.029740129 0.010449173 0.556721717 0.830100758
1770719235.559983253 -8.790907790 35.309150902 2.555647418 0.028507552 0.012304477 0.543354160 0.838929184
1770719236.259839773 -8.580396515 35.798580574 2.575809217 0.028534782 0.023997646 0.543550259 0.838548147
1770719236.959880352 -8.391878133 36.283857980 2.583389764 0.020566943 0.003385927 0.542814658 0.839593820
1770719237.659619093 -8.180500023 36.742758590 2.602288413 0.025907122 -0.002582629 0.538900689 0.841966863
1770719238.359744787 -7.983609988 37.211030038 2.631129272 0.007815157 -0.006185601 0.539899653 0.841670379
1770719239.059386730 -7.765164192 37.694478648 2.655362307 0.008354458 -0.011406201 0.536877020 0.843542036
1770719239.759403706 -7.547637220 38.175148641 2.683312544 0.004907409 -0.006864408 0.535433995 0.844534922
1770719240.459684849 -7.321576436 38.635780038 2.706375645 0.012249892 0.006498964 0.538885012 0.842265188
1770719241.159661293 -7.076252242 39.093890814 2.712576390 0.021813238 0.010388588 0.541212224 0.840538868
1770719241.859559059 -6.875363340 39.574258519 2.730272833 0.020122453 -0.001036357 0.542914474 0.839546238
1770719242.559726715 -6.689180397 40.056673602 2.755574942 0.009324437 -0.005451449 0.541710999 0.840495407
1770719243.259601593 -6.474126823 40.540872775 2.773797194 0.007041058 -0.012118073 0.540480352 0.841239897
1770719243.959096432 -6.262065354 41.009440806 2.790951014 0.018797231 -0.016503300 0.541261165 0.840482395
1770719244.659419298 -6.051810170 41.494971673 2.817363517 0.008128569 -0.013561054 0.530515689 0.847527656
1770719245.359510899 -5.835016179 41.948534090 2.839098781 0.005874405 -0.017247507 0.480020385 0.877068096
1770719246.059619427 -5.535045151 42.410202033 2.859821465 -0.003722267 -0.012600494 0.398661430 0.917004055
1770719246.759581804 -5.141044793 42.781595993 2.878144143 0.001477391 0.002506303 0.324951755 0.945726119
1770719247.459440231 -4.727950383 43.085089341 2.885600671 0.000711431 0.000109285 0.194637618 0.980874956
1770719248.159525156 -4.217735496 43.255794882 2.882035557 0.001803714 0.001389585 0.042728577 0.999084123
1770719248.859607458 -3.668220887 43.268625208 2.892407390 0.022196392 0.016977511 0.047978994 0.998457360
1770719249.559433699 -3.153308742 43.258067725 2.874475189 0.063728392 0.013052663 0.091316836 0.993694901
1770719250.259959459 -2.611673623 43.428910341 2.900652029 0.026309549 0.002697840 0.094297477 0.995192703
1770719250.959437132 -2.118522839 43.549757262 2.893756120 0.008828324 0.004201819 0.095395424 0.995391440
1770719251.659967422 -1.606074233 43.653038195 2.911598621 0.004239733 -0.001626417 0.030044584 0.999538245
1770719252.359245777 -1.062350353 43.678106017 2.925523542 0.010386792 0.006669105 -0.021062060 0.999701969
1770719253.059483528 -0.549311314 43.631099184 2.925780623 0.027635473 0.013644565 -0.020789669 0.999308709
1770719253.759713411 -0.024720484 43.622938522 2.929390597 0.028980289 0.004911705 -0.022772840 0.999308469
1770719254.459780216 0.499469773 43.593749416 2.917570944 0.031520926 0.002321205 -0.022765395 0.999241102
1770719255.160006523 1.028667772 43.591971013 2.940735643 0.017698924 0.003685129 -0.042284666 0.998942028
1770719256.359555483 1.398445933 43.635753768 2.938458340 0.006707964 0.002283354 -0.220922174 0.975265698
1770719256.960013628 1.375542452 43.666507893 2.934936159 0.026222285 -0.005898991 -0.366628439 0.929979130
1770719257.659421921 1.392868737 43.711527856 2.943684097 0.031940833 -0.014442239 -0.523717914 0.851170225
1770719258.359874249 1.466025875 43.751394169 2.948948166 0.028427094 -0.016730245 -0.668353124 0.743112442
1770719259.059813738 1.558881726 43.729249399 2.922330959 0.023971833 -0.017131015 -0.789031265 0.613646106
1770719259.759407520 1.634700478 43.713761434 2.911550219 -0.019123848 0.012018543 0.885809695 -0.463498671
1770719260.459742546 1.676601279 43.651256886 2.915610665 -0.007799574 0.005148999 0.955861002 -0.293670563
1770719261.059541225 1.640139624 43.557576611 2.923567078 0.001755663 -0.007881281 0.989896682 -0.141560454
1770719261.759707451 1.432746600 43.443112289 2.915380234 0.000063389 -0.026292298 0.999124275 0.032548331
1770719262.759617805 0.905049136 43.492290123 2.922618732 -0.002548049 -0.024851185 0.998177205 0.054938087
1770719263.759726048 0.369122131 43.560954321 2.916224780 -0.007895613 -0.008517481 0.999807802 -0.015794674
1770719264.659599066 -0.170488768 43.507972099 2.922853049 -0.006656450 -0.022682513 0.999256915 -0.030443615
1770719265.759696245 -0.694768759 43.472911777 2.915988572 -0.001422242 -0.020492308 0.999160600 -0.035442027
1770719266.659898043 -1.210627841 43.424065808 2.907189477 -0.009166777 -0.031245822 0.998854333 -0.035066941
1770719267.559822083 -1.761640399 43.401680379 2.902900761 -0.005421277 -0.020757184 0.999146683 -0.035293832
1770719268.259313345 -2.261319011 43.369708102 2.903783641 -0.001370546 -0.017452392 0.999219704 -0.035405063
1770719269.159743547 -2.816051489 43.301296103 2.906996354 -0.003384255 -0.028564132 0.999026369 -0.033450740
1770719269.959838390 -3.317783804 43.266918071 2.900148464 -0.001694726 -0.020231981 0.999130129 -0.036424992
1770719270.759730577 -3.825648239 43.184627476 2.898040739 0.002665587 -0.023521203 0.999007244 -0.037738221
1770719271.559824467 -4.357131949 43.163563350 2.882867539 -0.000110363 -0.021905980 0.998645989 -0.047183729
1770719272.359729290 -4.915456963 43.130035119 2.902917568 -0.000530982 -0.010702805 0.996089210 -0.087700937
1770719273.159572601 -5.407539694 43.030149352 2.892861300 -0.007816751 -0.013763048 0.989470022 -0.143869917
1770719274.259673834 -5.914411330 42.916224665 2.888541813 -0.010474526 -0.004949308 0.971033437 -0.238662635
1770719275.859808445 -5.845664394 42.812368587 2.876525868 0.018264230 -0.023663101 0.994541107 -0.099972310
1770719281.459888697 -5.926610282 42.882402164 2.859713981 0.021920121 -0.024259134 0.962301036 -0.270014295
1770719282.159826040 -6.237802872 42.737743468 2.851080261 0.002310733 -0.007614595 0.902527480 -0.430558737
1770719282.759700775 -6.518301115 42.457563252 2.841706352 0.019743200 -0.007952440 -0.827899095 0.560473063
1770719283.559763432 -6.663753473 41.951022918 2.827856682 0.013374970 0.019216279 -0.822772173 0.567888894
1770719284.359825850 -6.823116839 41.428218801 2.803292919 -0.001541203 0.036563588 -0.829860407 0.556769641
1770719285.059590101 -7.025851955 40.930981117 2.775656869 0.012977742 0.033332207 -0.832525946 0.552830075
1770719285.759718180 -7.235441370 40.443508042 2.767746249 0.007965621 0.032958182 -0.834520771 0.549932169
1770719286.459672928 -7.442436789 39.953728970 2.741807487 0.010107972 0.034535834 -0.835676977 0.548041144
1770719287.259696722 -7.662431435 39.442142723 2.717095346 0.016291487 0.023301370 -0.836919378 0.546587219
1770719288.059739828 -7.901563055 38.912130826 2.689688993 0.015737806 0.018639584 -0.834670879 0.550208517
1770719288.759716749 -8.103071729 38.446297015 2.682412508 0.017051098 0.025388557 -0.823090897 0.567085582
1770719289.659777641 -8.280089440 37.914654954 2.660055062 0.015317179 0.025469008 -0.816435114 0.576671846
1770719290.459974766 -8.454855220 37.418956473 2.628173809 0.005405874 0.023554949 -0.816269807 0.577165091
1770719291.159780264 -8.616070682 36.930499981 2.610920492 0.011457447 0.029184964 -0.813574083 0.580615343
1770719291.859816074 -8.787059636 36.422059858 2.600512390 0.006098732 0.029403616 -0.815659969 0.577751718
1770719292.559834003 -8.954705446 35.930602045 2.581111534 0.009655177 0.023881408 -0.797324842 0.603000458
1770719293.259829283 -9.108397637 35.418864867 2.574814436 0.014440574 0.022308143 -0.796341378 0.604263375
1770719293.959963799 -9.229033744 34.917294873 2.552806001 0.009119915 0.018779316 -0.794621867 0.606745625
1770719294.659805059 -9.358851886 34.417503098 2.541265433 0.008127786 0.022298532 -0.793545321 0.608048137
1770719295.359983206 -9.495324314 33.924672543 2.523589253 0.012297966 0.024704843 -0.793791604 0.607563429
1770719296.159914732 -9.610482552 33.421926965 2.512332878 0.006031223 0.021874161 -0.793727396 0.607850283
1770719297.059974909 -9.733667220 32.924540872 2.492257641 0.000354568 0.021094011 -0.778692467 0.627051002
1770719298.559823036 -9.854131479 32.432234031 2.477995387 0.005946680 0.017323526 -0.682685093 0.730483125
1770719299.559910059 -9.789440169 31.888685193 2.455621621 0.007843367 0.032026571 -0.592661062 0.804776768
1770719300.759720802 -9.629918210 31.401606165 2.423575825 0.011667942 0.030410351 -0.446941298 0.893970103
1770719301.559941530 -9.513195297 31.160294179 2.430738454 0.007184640 0.029399894 -0.274993981 0.960969478
1770719303.159837246 -9.024754736 30.947190718 2.410838706 0.006443590 0.016515343 -0.127841733 0.991636130
1770719304.359856606 -8.496580539 30.808536744 2.397772955 -0.003386594 0.014824668 -0.084386176 0.996317085
1770719305.259741306 -7.997824225 30.746620865 2.387920646 -0.001908175 0.012869350 -0.077167228 0.996933276
1770719306.059986115 -7.490521461 30.658544868 2.375757054 0.001610145 0.010308443 -0.077505190 0.996937355
1770719306.859770775 -6.957445102 30.562473375 2.362802621 0.005087610 0.017988005 -0.080323245 0.996593560
1770719307.660079718 -6.403984581 30.464353537 2.359411847 0.013153567 0.018267722 -0.083405207 0.996261434
1770719308.459853411 -5.850235664 30.378228030 2.337185755 0.015326171 0.017292754 -0.078713298 0.996629463
1770719309.159953356 -5.346741340 30.308473591 2.330748920 0.013384984 0.018609042 -0.078947032 0.996615228
1770719309.959768057 -4.780943709 30.221918177 2.313820259 0.022954688 0.013344088 -0.027707604 0.999263382
1770719310.759967089 -4.228766875 30.208793473 2.299358738 0.026094243 0.011691483 0.009113339 0.999549572
1770719311.659796476 -3.683411736 30.211682570 2.293680835 0.028250579 0.011700057 0.073148930 0.996852169
1770719312.759740353 -3.198901840 30.322288937 2.300317885 0.019659819 0.006040430 0.238484477 0.970928503
1770719313.559768915 -2.749230821 30.562983243 2.303875011 0.021760575 0.000557379 0.337174007 0.941190659
1770719314.259838820 -2.353825596 30.863577935 2.305609969 0.029702409 0.013548721 0.478290175 0.877594843
1770719314.959918022 -2.101358000 31.307140591 2.316773684 0.031380628 0.008324094 0.624998868 0.779950242
1770719315.659849405 -2.025140655 31.838895897 2.333376846 0.018434781 0.006662416 0.702744168 0.711172556
1770719316.359840870 -2.084624386 32.348285151 2.348906740 -0.012326043 -0.012549476 0.706865638 0.707129090
1770719317.259836197 -2.126258493 32.909238427 2.374385401 -0.008120311 -0.021969382 0.661499907 0.749579402
1770719318.259767771 -2.053678729 33.377102679 2.379485334 -0.016037129 -0.018106304 0.532357417 0.846174068
1770719319.059848547 -1.955590418 33.625283861 2.400597245 -0.003965287 -0.014696833 0.377005837 0.926085784
1770719319.759992361 -1.884896403 33.743855676 2.383383015 0.002150471 -0.010556064 0.211014454 0.977423575
1770719320.459885836 -1.826212224 33.825640622 2.371264553 0.017320845 -0.006208024 0.029866504 0.999384531
1770719321.160033464 -1.754009149 33.892679820 2.365695894 0.031695664 0.000121170 -0.148857189 0.988350599
1770719321.859945774 -1.689465149 33.950367290 2.364545485 0.026923010 -0.001139495 -0.321086790 0.946666323
1770719322.560001135 -1.571621212 33.949118696 2.372943451 0.020389130 -0.001881102 -0.489366202 0.871837981
1770719323.259796143 -1.438026912 33.853991303 2.357831900 0.002187409 0.005253517 -0.636040174 0.771634961
1770719323.960015774 -1.313753784 33.540528898 2.358902713 -0.010376335 0.015086248 -0.752449610 0.658395262
1770719324.960091352 -1.408536170 33.023356184 2.346223727 0.001175299 0.016868448 -0.780344929 0.625120681
1770719325.859877110 -1.553146369 32.513011805 2.347488676 0.019790248 0.015477157 -0.779860086 0.625449479
1770719326.759888172 -1.674500636 32.002160620 2.335486201 0.016731569 0.011202297 -0.751206173 0.659760448
1770719327.559832573 -1.719820453 31.503419584 2.316352470 0.016411258 0.014287827 -0.743097645 0.668829140
1770719328.459879875 -1.748924121 30.983057075 2.299455079 0.015372220 0.017168820 -0.690446295 0.723016487
1770719329.360012770 -1.697730076 30.431423057 2.275073306 0.025826462 0.024062757 -0.653975770 0.755691518
1770719330.159865618 -1.579033628 29.932967806 2.245544726 0.008536122 0.037354841 -0.651524973 0.757658868
1770719330.860027790 -1.507981536 29.427539405 2.209656514 0.003432147 0.034783468 -0.666853914 0.744368315
1770719331.559899569 -1.470192166 28.919924078 2.197748777 0.007023021 0.030302095 -0.674744106 0.737395994
1770719332.259881973 -1.433286102 28.375111092 2.180850318 0.019062106 0.030345612 -0.684775777 0.727872184
1770719332.960107088 -1.407028622 27.853166299 2.165237229 0.017473733 0.026462755 -0.695870498 0.717466823
1770719333.659987688 -1.401967459 27.346617467 2.130968300 0.011780921 0.017763127 -0.708146558 0.705743674
1770719334.359856844 -1.383503166 26.814204428 2.122681363 0.011770507 0.032591144 -0.719845538 0.693268832
1770719335.060029507 -1.373971164 26.301518129 2.111657836 0.007623877 0.041724168 -0.731589152 0.680425075
1770719335.759798765 -1.400355170 25.756746786 2.080435916 0.003558168 0.036872295 -0.749974501 0.660428664
1770719336.459890604 -1.468792381 25.259047677 2.071876102 -0.001258547 0.031511299 -0.786485575 0.616802962
1770719337.360022306 -1.582305591 24.759311605 2.053105896 0.001083112 -0.040286199 0.885248366 -0.463369377
1770719338.059837341 -1.714750990 24.562483985 2.041555602 -0.006229265 -0.035627459 0.953469279 -0.299312905
1770719338.660054684 -1.850363907 24.422222870 2.056910867 -0.013715316 -0.026300439 0.988340664 -0.149341586
1770719339.359908104 -1.898954292 24.364812395 2.035991766 -0.003748597 -0.014681575 0.999384081 0.031652156
1770719340.059977770 -2.005714632 24.306220773 2.018429563 0.007246051 -0.005339056 0.978536615 0.205876377
1770719340.759873867 -2.112765659 24.291836677 1.994830971 0.017256201 0.002203090 0.926569422 0.375721274
1770719341.459980249 -2.229628933 24.286515757 2.009483460 0.023914427 -0.004483804 0.842642415 0.537923560
1770719342.159988642 -2.317972270 24.347312391 2.008043465 0.021058050 -0.007948360 0.734773962 0.677938498
1770719342.859923363 -2.374360897 24.457393627 2.025157176 0.020514328 -0.011676347 0.602271217 0.797942483
1770719343.560008287 -2.382102540 24.664639636 2.027995718 0.019608706 -0.020035241 0.456539709 0.889261256
1770719344.460067272 -2.057193577 25.079488673 2.045224535 0.014202932 -0.014153884 0.462962741 0.886150915
1770719345.360003471 -1.763174631 25.484272060 2.088650109 0.026863079 -0.001107649 0.512798147 0.858088112
1770719346.059940100 -1.522825007 25.970194953 2.107645700 0.023458405 0.011290516 0.584874622 0.810705806
1770719346.759909391 -1.341089458 26.471178906 2.119156845 0.034229730 0.008483615 0.600861361 0.798574967
1770719347.459960699 -1.218458781 26.988075085 2.132741043 0.022175323 0.007081460 0.621439208 0.783116479
1770719348.159981012 -1.113639056 27.514905210 2.159389342 0.006201872 -0.001372958 0.620654862 0.784058157
1770719348.859959841 -1.027371773 28.007739414 2.176209217 0.000930428 -0.009425304 0.619339627 0.785066063
1770719349.759926796 -0.891553745 28.512465713 2.194806790 0.012700370 -0.012001517 0.616034140 0.787525620
1770719350.560056925 -0.782263102 29.022176363 2.206558862 0.007556807 -0.008168583 0.610769784 0.791730030
1770719351.559968233 -0.631304307 29.524927077 2.233917102 0.011876173 -0.005240541 0.564514641 0.825320976
1770719352.460009813 -0.546810749 29.836809635 2.258384194 0.002634896 -0.005807644 0.419949844 0.907524907
1770719353.160015345 -0.481609959 29.951149134 2.247858999 0.009162257 -0.005120528 0.248375655 0.968606921
1770719353.859902143 -0.325713239 30.077354327 2.234520049 0.009958372 -0.002673523 0.076651130 0.997004658
1770719354.959924698 0.232560153 30.120830824 2.246462706 0.019357091 0.003144234 -0.010462842 0.999752942
1770719355.759818554 0.744329285 30.080078702 2.227137774 0.035904961 0.012149630 -0.015186203 0.999165952
1770719356.559972525 1.312185346 30.087063809 2.246986037 0.026563307 0.008759404 -0.017212448 0.999460552
1770719357.259886742 1.814168981 30.087783966 2.238092870 0.021787680 0.005690587 -0.006918753 0.999722484
1770719357.959770679 2.361672824 30.064367757 2.231707504 0.020035380 0.009631945 0.009256571 0.999710021
1770719358.660014391 2.882441672 30.085973198 2.229079521 0.019222869 0.018272309 0.013436753 0.999557931
1770719359.459913492 3.413221200 30.131764198 2.212476398 0.008458732 0.017096206 -0.072620125 0.997177260
1770719360.359846115 3.832668218 30.085848015 2.180911808 0.007332564 0.016266454 -0.260694282 0.965256508
1770719361.159910917 4.242162441 29.801655663 2.157902106 0.009067232 0.026916663 -0.416368034 0.908752408
1770719361.959892273 4.569909164 29.402436842 2.140950162 0.011287140 0.043851064 -0.566648335 0.822714622
1770719362.760001183 4.718795517 28.877547253 2.116580099 0.014233837 0.029606501 -0.663200866 0.747720177
1770719363.559948206 4.758868985 28.334837967 2.088263440 0.031980171 0.013467003 -0.665826695 0.745299081
1770719364.259889603 4.813629602 27.779135434 2.057426233 0.026109547 0.006395514 -0.666270808 0.745225200
1770719364.959820032 4.892459166 27.253569050 2.054518546 0.020697225 0.010983036 -0.668845179 0.743032384
1770719365.659890890 4.962236918 26.733686731 2.038049394 0.027716000 0.024555383 -0.667696499 0.743512099
1770719366.359837055 5.025283293 26.212632403 2.008562982 0.022197986 0.023541173 -0.668107450 0.743360947
1770719367.059925079 5.092179535 25.692529993 1.962949452 0.028254303 0.025810225 -0.666969735 0.744101404
1770719367.759853840 5.151215874 25.188029943 1.946919596 0.025356392 0.023585052 -0.665845993 0.745285121
1770719368.458789349 5.211326067 24.664705352 1.898264863 0.021632355 0.029454560 -0.664275044 0.746594358
1770719369.158978224 5.271343129 24.139316765 1.872605263 0.019693282 0.026533076 -0.636849469 0.770279770
1770719369.859824181 5.361692069 23.647014236 1.839578658 0.017836663 0.011978311 -0.575530930 0.817497720
1770719370.558900356 5.590439558 23.151487905 1.827100584 0.005863472 0.025677083 -0.572290150 0.819628142
1770719371.259924889 5.773392982 22.649503064 1.813376463 0.006011846 0.032574352 -0.576945088 0.816110982
1770719371.959941626 5.977163575 22.157863778 1.791071638 -0.005350365 0.031781636 -0.619505913 0.784330112
1770719372.659874201 6.086216749 21.649747125 1.750680430 -0.001985461 0.034520298 -0.641793745 0.766097380
1770719373.356809378 6.143366081 21.129681750 1.755708294 0.008683377 0.033536726 -0.692168767 0.720903797
1770719374.060069561 6.173071841 20.592701501 1.740050584 0.007115358 0.030399276 -0.714548171 0.698889238
1770719374.758943081 6.172211160 20.066965619 1.701760850 0.008608370 0.034234670 -0.727955738 0.684714777
1770719375.460086346 6.131216140 19.539290860 1.698507893 0.021776861 0.028832995 -0.728364097 0.684236925
1770719376.159852982 6.097750411 19.029698446 1.665318064 0.014464108 0.025382129 -0.729243141 0.683630733
1770719376.859836102 6.071204252 18.507716976 1.641357861 0.006957858 0.024038258 -0.727782261 0.685351539
1770719377.559837580 6.049662119 17.960287296 1.626409840 0.006754013 0.028404622 -0.728578978 0.684339268
1770719378.259905338 6.007354982 17.434603669 1.607041503 0.011450085 0.036091998 -0.728311299 0.684199470
1770719378.959856033 5.997030750 16.919464214 1.581227586 0.012742311 0.036468839 -0.729087862 0.683329018
1770719379.659854650 5.955554145 16.410611717 1.554877555 0.014278136 0.020961694 -0.715551829 0.698099077
1770719380.358923912 5.947173474 15.879964013 1.532374935 0.003306857 0.007383522 -0.700394619 0.713709973
1770719381.060042620 5.955452992 15.331078870 1.512563522 0.015556418 0.025303733 -0.665651575 0.745671308
1770719381.758973360 6.024166528 14.790634151 1.491975614 0.013247656 0.027022621 -0.622712404 0.781871818
1770719382.460057974 6.154371100 14.277483739 1.453722869 0.011671732 0.021584733 -0.572963502 0.819213461
1770719383.159871817 6.365379469 13.807382227 1.417480313 0.005289721 0.029226259 -0.510605555 0.859301933
1770719383.858721733 6.605167515 13.321498293 1.411253392 0.016241299 0.024363298 -0.420007634 0.907048090
1770719384.659244061 6.990640942 12.930927955 1.359803992 0.017666273 0.021388593 -0.232594623 0.972178056
1770719385.358718395 7.506273298 12.721540504 1.312557850 0.014239198 0.033267679 -0.117234150 0.992444790
1770719386.060015917 8.022713107 12.664876559 1.293688484 -0.014384352 0.039461303 -0.058384162 0.997410239
1770719386.758717537 8.544207088 12.576667757 1.260621181 -0.001743928 0.031929091 0.006728701 0.999465966
1770719387.459957361 9.076055858 12.590860276 1.239618304 0.016250935 0.033536610 0.106550538 0.993608668
1770719388.158981800 9.580443864 12.738950052 1.217310784 0.004424218 0.025600536 0.130834106 0.991063810
1770719388.858847380 10.083079841 12.904402186 1.196993855 -0.011363632 0.023263086 0.130010222 0.991174575
1770719389.559203863 10.567192952 13.044750126 1.179793200 -0.021517957 0.025425103 0.082140496 0.996063994
1770719390.259944916 11.090880172 13.117463788 1.151886242 -0.028393806 0.022604609 0.009354522 0.999297411
1770719391.059096575 11.644887522 13.068838778 1.142344773 0.006996748 0.024968384 0.003993962 0.999655778
1770719392.559170246 12.158617604 13.075604415 1.111271808 0.002143323 0.014585952 0.002865465 0.999887216
1770719394.159986019 12.526796560 13.124215385 1.099227909 0.008096403 0.013825186 -0.179591830 0.983610740
1770719394.859284401 12.554746196 13.208381663 1.100925397 0.004467227 0.009072247 -0.352894586 0.935608438
1770719395.558727741 12.597700415 13.246271197 1.106374959 0.009565626 0.004741803 -0.512172410 0.858816299
1770719396.260040760 12.677106703 13.294416033 1.099336610 0.012585827 0.002072708 -0.655606384 0.754995079
1770719396.958785772 12.753870337 13.304967292 1.094558906 0.008738163 0.000547795 -0.782250193 0.622902866
1770719397.659231901 12.833716430 13.281206313 1.082428507 -0.004238044 -0.000103934 0.878697287 -0.477360561
1770719398.360027552 12.875055904 13.234949012 1.079347624 0.006238201 -0.000765400 0.949530449 -0.313611904
1770719399.058941364 12.798438729 13.081015358 1.085276061 0.016907548 -0.006618013 0.990645690 -0.135245898
1770719400.359280348 12.310441416 12.947404052 1.103422606 0.016131957 -0.016737895 0.995384644 -0.093107536
1770719401.259190559 11.776419206 12.858592914 1.136404237 0.008104738 -0.011232897 0.995767115 -0.090862471
1770719402.258992672 11.251697219 12.757443308 1.149108167 0.012966817 -0.013710528 0.995601650 -0.091767298
1770719403.059213161 10.717984841 12.658207195 1.164869577 0.014797402 -0.010922776 0.995704756 -0.090740121
1770719403.760035515 10.185191153 12.552771016 1.185449208 0.016794157 -0.010177048 0.994830043 -0.099637191
1770719404.458890438 9.660994980 12.453733183 1.203218710 0.009764153 -0.004076768 0.988075165 -0.153608296
1770719405.160141706 9.160435842 12.278192340 1.221536190 0.005396227 -0.008805332 0.982459675 -0.186188975
1770719405.859411240 8.699152032 12.055362530 1.235673712 0.012198344 -0.024537449 0.981401019 -0.190003039
1770719406.558876991 8.221048908 11.857824182 1.242785069 0.019633888 -0.029268136 0.992020096 -0.121053768
1770719407.259208918 7.690279706 11.723875691 1.271929201 0.024709616 -0.036336336 0.998003489 -0.045366752
1770719407.959034204 7.177949579 11.720439735 1.297702873 0.016010952 -0.022062078 0.997026954 -0.072070574
1770719408.658903360 6.622804875 11.669563893 1.332902363 0.008932898 -0.001416587 0.991181666 -0.132200986
1770719409.459076166 6.072017398 11.501328413 1.334181934 0.014394544 -0.027321669 0.985553045 -0.166527830
1770719410.160234928 5.567229032 11.310347395 1.345980734 0.014222367 -0.033647928 0.993191556 -0.110616787
1770719410.859187365 5.048656914 11.172221188 1.376342932 0.015436361 -0.038021607 0.997824605 -0.051595873
1770719411.559085846 4.520510966 11.110287892 1.406885266 0.017335693 -0.026977748 0.999267323 -0.020892408
1770719412.259309292 3.987791926 11.130610919 1.395756449 0.015512941 -0.019249140 0.997746757 -0.062371694
1770719412.958848238 3.482431199 11.037066718 1.420449044 0.012256200 -0.017539957 0.997850231 -0.061943943
1770719413.660126686 2.961847142 10.961238035 1.433102425 0.012736721 -0.024721471 0.997639243 -0.062789852
1770719414.358949184 2.435761418 10.871200551 1.432096522 0.012747189 -0.023022400 0.997712227 -0.062271908
1770719415.059291601 1.924872512 10.828228067 1.456889337 0.011995506 -0.022234145 0.998922695 -0.038925582
1770719415.759174585 1.429511555 10.757133327 1.468908328 0.017064373 -0.025364109 0.999505681 0.007339060
1770719416.459339857 0.906079241 10.784126671 1.484266108 0.013936940 -0.023257091 0.998939018 0.037225084
1770719417.159212828 0.381615566 10.844702480 1.513933556 0.006988740 -0.016241805 0.999019428 0.040589935
1770719417.859034061 -0.133806851 10.901113681 1.527375929 0.010316547 -0.009136737 0.999598937 -0.024739742
1770719418.559266806 -0.687980047 10.875472838 1.527466039 0.009613671 -0.003353065 0.990074547 -0.140173915
1770719419.259144783 -1.183240219 10.729941773 1.554215990 -0.000776337 -0.009517501 0.966702325 -0.255725302
1770719419.959297657 -1.619703455 10.455593815 1.542298575 -0.003925963 -0.013018080 0.924825420 -0.380148733
1770719420.659268141 -1.996876989 10.053839794 1.503495123 -0.006254324 -0.026977453 0.876666783 -0.480300377
1770719421.359248877 -2.233673482 9.540269381 1.502845907 0.008145210 -0.060936103 0.866599317 -0.495203061
1770719422.059226036 -2.485083160 9.088918016 1.495526859 -0.008228438 0.060433931 -0.839514913 0.539902532
1770719422.759471655 -2.710173114 8.578935239 1.458134182 -0.008845989 0.049308289 -0.802465543 0.594591871
1770719423.459171295 -2.843092764 8.047281548 1.456485337 -0.007744709 0.046684451 -0.799264193 0.599113789
1770719424.160236120 -2.988663022 7.561808900 1.434388785 -0.006215962 0.037726861 -0.770705626 0.636043146
1770719424.859010220 -3.086577097 7.049309637 1.406978270 -0.006667746 0.043051054 -0.769398302 0.637282041
1770719425.558903694 -3.163831920 6.533125786 1.405825676 -0.008934963 0.050858500 -0.768523132 0.637734878
1770719426.259051323 -3.269887992 6.027106970 1.390242258 -0.007029172 0.041164729 -0.770620479 0.635924629
1770719426.959326744 -3.362214065 5.503094260 1.372832925 -0.010285869 0.037460138 -0.771715161 0.634780788
1770719427.659281015 -3.481082798 4.995655421 1.354373600 -0.006039633 0.036064182 -0.770546692 0.636333790
1770719428.359290123 -3.565348219 4.471290943 1.345757036 -0.003808619 0.031746795 -0.755058105 0.654877770
1770719429.059343815 -3.659474221 3.968241377 1.313508229 0.001528860 0.022353629 -0.674214072 0.738196019
1770719429.759379625 -3.631507716 3.409527814 1.293361374 0.009816219 0.004215489 -0.558175569 0.829654088
1770719430.459216833 -3.357693634 2.939268579 1.290810674 -0.012041896 0.020305975 -0.545385596 0.837852739
1770719431.159348011 -3.125012133 2.456936099 1.291749870 0.001041617 0.034949076 -0.443596401 0.895544365
1770719431.859388351 -2.779399839 2.024130719 1.266018602 0.011481054 0.035479465 -0.353125161 0.934832613
1770719432.559143305 -2.394159756 1.693848575 1.232626308 0.013544555 0.025090597 -0.247970280 0.968347947
1770719433.259418011 -1.912557621 1.466266945 1.181055336 0.003542599 0.029600346 -0.152109363 0.987913970
1770719433.959385633 -1.383516884 1.344797169 1.170557845 -0.023604020 0.040178724 -0.145857506 0.988207523
1770719434.659183741 -0.876178748 1.219178776 1.149971303 -0.032566081 0.040603217 -0.143903252 0.988221981
1770719435.358966827 -0.366442015 1.035930026 1.112956470 -0.017184420 0.033224336 -0.102701037 0.994008720
1770719436.059315920 0.136790747 0.926628300 1.078040375 -0.014216401 0.029840498 -0.086584419 0.995696026
1770719436.759094000 0.638197493 0.855702958 1.070864666 -0.016290949 0.027145424 -0.083925525 0.995968994
1770719437.459458351 1.175289830 0.759952277 1.034212444 -0.012715129 0.033287083 -0.083979475 0.995830178
1770719438.159329891 1.702097910 0.667126060 1.016795133 -0.015470164 0.039302044 -0.086375795 0.995366890
1770719438.859151602 2.197251880 0.579920389 0.985049511 -0.012086161 0.027956946 -0.051380937 0.998214573
1770719439.559464455 2.722817191 0.495384090 0.946079070 -0.003082610 0.023549701 -0.039784199 0.998925987
1770719440.259666920 3.241745171 0.476504808 0.916196630 0.002236011 0.033320404 0.054030359 0.997980697
1770719440.959532976 3.770219867 0.552506680 0.897526023 -0.008616217 0.028192357 0.057544191 0.997907620
1770719441.659401417 4.295383621 0.641214496 0.865204975 -0.020178394 0.024222987 0.061429790 0.997613382
1770719442.359430075 4.802394241 0.716041093 0.839599283 -0.025071154 0.028807435 0.060063468 0.997463758
1770719443.059592485 5.321101583 0.772400636 0.822406590 -0.023577680 0.027021499 0.055871856 0.997793700
1770719443.759119034 5.844596794 0.819392071 0.792168591 -0.016132413 0.025553844 0.053518375 0.998109478
1770719444.459457874 6.377330333 0.883819683 0.781852238 -0.010059157 0.032439178 0.054499971 0.997936003
1770719445.159375668 6.880352740 0.933883729 0.771825775 -0.010560331 0.023673495 0.054863181 0.998157341
1770719445.859495401 7.392819572 1.019527088 0.736629896 -0.015698619 0.024221348 0.053485211 0.998151397
1770719446.459057570 8.001122127 1.099206746 0.706398894 -0.012645557 0.023242578 0.056823472 0.998033549
1770719446.959570885 8.633998368 1.157370598 0.682506757 -0.006334420 0.014455425 0.055182744 0.998351532
1770719447.359583855 9.244879010 1.197827916 0.655438870 0.001373114 0.019819864 0.056844215 0.998185365
1770719447.759261370 9.894985625 1.305204589 0.645935523 -0.010191465 0.020746587 0.048540626 0.998553715
1770719448.159177065 10.526705461 1.391302753 0.597951116 -0.015875228 0.019384189 0.025596771 0.999358312
1770719448.559078693 11.200231882 1.451093410 0.610334054 -0.012251193 0.022736571 0.007056587 0.999641516
1770719448.959389448 11.859957928 1.445857085 0.595910443 -0.013180508 0.025390913 -0.014822436 0.999480801
1770719449.359241724 12.501291728 1.384888316 0.573570621 -0.006479485 0.019055913 -0.038595121 0.999052203
1770719449.759506464 13.151969983 1.316724961 0.557256166 0.002507931 0.024596837 -0.045018135 0.998680166
1770719450.159203291 13.803324679 1.291333491 0.547027683 -0.010582108 0.022650169 -0.034577965 0.999089262
1770719450.559630156 14.417915336 1.242773074 0.505330653 -0.011548253 0.017915182 -0.036162361 0.999118595
1770719450.959505796 15.045335846 1.205195045 0.490543870 -0.004236094 0.025411951 -0.026865078 0.999307038
1770719451.359396696 15.681123214 1.200820332 0.471079121 -0.012726193 0.024017021 -0.015464417 0.999510920
1770719451.759211540 16.341569042 1.152084350 0.448662004 -0.006444223 0.016923451 -0.011627881 0.999768404
1770719452.059101343 16.843448012 1.129404327 0.433407170 -0.006016744 0.015852123 -0.001321719 0.999855371
1770719452.459585428 17.477693346 1.161094990 0.415951693 -0.016520953 0.023965843 0.012332088 0.999500183
1770719452.859440565 18.109529676 1.186148302 0.402619852 -0.007245387 0.022330054 0.022874489 0.999462671
1770719453.259216785 18.751587715 1.226630745 0.369407867 -0.009821970 0.018364455 0.031116436 0.999298776
1770719453.659576178 19.394714844 1.277280938 0.356454973 -0.019717574 0.022629499 0.031286557 0.999059695
1770719454.059457302 20.007080479 1.307073017 0.345304024 -0.006941611 0.023974292 0.025871286 0.999353653
1770719454.459402084 20.623391149 1.354303240 0.304752167 -0.010294794 0.016729456 0.031747184 0.999302886
1770719454.859638214 21.269604634 1.416271617 0.289203252 -0.022607166 0.017677372 0.021899103 0.999348216
1770719455.159188747 21.778188049 1.444685630 0.275962267 -0.013837930 0.016949790 0.019822976 0.999564038
1770719455.559080601 22.425336424 1.470383953 0.259253815 -0.015750588 0.018888724 0.012647222 0.999617518
1770719455.959200859 23.058227717 1.453873369 0.250063423 -0.009987216 0.015702471 -0.012181412 0.999752620
1770719456.359538794 23.703239873 1.432976661 0.238474059 -0.000639945 0.021650562 -0.020721892 0.999550622
1770719456.759565592 24.335160719 1.428705501 0.235833799 -0.013463789 0.018564617 -0.017493632 0.999583941
1770719457.159668922 24.965236560 1.405034788 0.189188407 -0.013081440 0.012364837 -0.022350744 0.999588131
1770719457.559521675 25.599130302 1.369091286 0.174407996 -0.004444647 0.021374144 -0.019610649 0.999569314
1770719457.959293127 26.220735583 1.371898009 0.148443710 -0.012705842 0.020708450 -0.012553781 0.999625992
1770719458.359233618 26.858060111 1.325516852 0.130431551 -0.008470420 0.015744645 -0.020056960 0.999638973
1770719458.759542942 27.523979982 1.299094394 0.123121938 -0.006421116 0.018803024 -0.022704479 0.999544757
1770719459.159565210 28.151999912 1.301954797 0.113817057 -0.016285681 0.021330572 -0.015414660 0.999520971
1770719459.559257269 28.751075313 1.277749838 0.093420451 -0.014596800 0.014247575 -0.020084744 0.999590188
1770719459.959576368 29.274020183 1.220751069 0.088424263 -0.003471922 0.019598524 -0.012489358 0.999723892
1770719460.459256172 29.863336796 1.235305589 0.058667176 -0.006126490 0.011846910 0.006693859 0.999888648
1770719461.059278727 30.452848194 1.251688650 0.037636229 -0.010038612 0.014521155 0.043087892 0.998915310
1770719461.659621000 31.034459467 1.327785768 0.012928286 -0.016320178 0.007710006 0.088891862 0.995877726
1770719462.259237766 31.578247122 1.411818905 0.011781627 -0.010553068 0.005525766 0.156775244 0.987562465
1770719462.959582567 32.113440208 1.547669739 -0.020298648 -0.003477907 0.011530538 0.305069109 0.952254057
1770719463.659635067 32.551582563 1.924325209 -0.057035210 -0.011185954 0.012067504 0.425348513 0.904880043
1770719464.259598732 32.836669468 2.386013598 -0.083346465 -0.013587034 0.005937819 0.503404023 0.863923911
1770719464.859472275 33.123435542 2.825139127 -0.087006760 -0.005693531 0.004832173 0.553247604 0.832983387
1770719465.459470749 33.260330273 3.352272952 -0.101300563 -0.006022634 -0.000988347 0.631163208 0.775626041
1770719466.059368849 33.370887048 3.843241950 -0.106053273 -0.007206968 -0.000539882 0.640216069 0.768160890
1770719466.659471035 33.425891103 4.439717712 -0.115767195 -0.012905518 -0.003413304 0.605563070 0.795685343
1770719467.259357452 33.583951846 4.978531520 -0.120188102 -0.007659770 0.006548896 0.564689235 0.825242090
1770719467.859828472 33.816095510 5.504507565 -0.131028937 0.002706976 0.019487568 0.549380279 0.835340779
1770719468.359629631 34.025029366 5.975898316 -0.143365080 0.003458158 0.020199272 0.552388997 0.833334523
1770719468.859727859 34.217075671 6.463836988 -0.147980983 -0.000100357 0.016533586 0.557784453 0.829821146
1770719469.359513998 34.397911090 6.974479001 -0.149585644 -0.007199095 0.016234377 0.559731499 0.828483716
1770719469.859557152 34.600962960 7.496412483 -0.190188850 -0.010062152 0.013032155 0.556452442 0.830716315
1770719470.359461308 34.827573149 8.037052544 -0.203254498 0.003362773 0.011979191 0.553455496 0.832785809
1770719470.859616995 35.052130315 8.555660968 -0.214973256 0.008268628 0.022701788 0.550779565 0.834300982
1770719471.459466934 35.298967953 9.098242861 -0.213272015 0.014861832 0.027315213 0.551449432 0.833628532
1770719471.959553480 35.489043747 9.597565165 -0.230026875 0.008102714 0.026702080 0.551597089 0.833643807
1770719472.459754705 35.654670123 10.087533305 -0.238984467 0.003234322 0.016049893 0.556671708 0.830571219
1770719472.959895849 35.850973031 10.601416760 -0.258827093 -0.003568067 0.013773669 0.560112074 0.828294645
1770719473.459273815 36.056378108 11.090345905 -0.273513819 0.001292372 0.020912821 0.555505461 0.831248860
1770719474.259421110 36.238102601 11.595917339 -0.275184467 -0.003428020 0.013817616 0.555255673 0.831557851
1770719474.959338427 36.417467702 12.082496764 -0.283924686 -0.010231494 0.007807762 0.555123386 0.831668432
1770719475.659233093 36.610591087 12.586220355 -0.282951158 -0.017123844 0.001101437 0.477509372 0.878459083
1770719476.359322071 36.914967638 13.004383441 -0.293935810 -0.013040016 0.007049105 0.450046548 0.892882060
1770719477.059768677 37.254593363 13.423325807 -0.319004559 0.000767134 0.018779687 0.445151377 0.895258056
1770719477.759428501 37.575748616 13.854686875 -0.311756156 -0.002833153 0.019613473 0.443487510 0.896061445
1770719478.559761763 37.934543287 14.299769018 -0.330442944 0.004613958 0.011350098 0.443289193 0.896294917
1770719479.259644747 38.254925968 14.735882800 -0.329478487 0.001963912 0.021479012 0.447686879 0.893930229
1770719479.959873438 38.569217088 15.144707919 -0.341100717 -0.001352390 0.020251217 0.443369372 0.896109178
1770719480.659656763 38.870363350 15.581432602 -0.359959149 -0.013089443 0.017475936 0.406133327 0.913552943
1770719481.359443426 39.243307789 15.963705986 -0.362865369 -0.008605473 0.022521435 0.415269235 0.909379015
1770719482.059419632 39.571663692 16.350237192 -0.392092148 -0.006773500 0.017048545 0.461274841 0.887067635
1770719482.759332180 39.881028643 16.776621867 -0.412159228 0.004852091 0.020520610 0.513314928 0.857941225
1770719483.459670067 40.120115955 17.238337028 -0.411662102 0.005249850 0.033691220 0.570782037 0.820393324
1770719484.159565687 40.281481907 17.763270582 -0.431098175 0.004019353 0.026751230 0.628913065 0.777004874
1770719484.859743834 40.358785133 18.296525531 -0.459506821 0.003128106 0.016002948 0.701871143 0.712117279
1770719485.559572935 40.363912698 18.816674172 -0.464427490 0.005915888 0.020586269 0.783426892 0.621114734
1770719486.259796858 40.197151369 19.341347662 -0.484570723 0.003436750 0.016353513 0.846996400 0.531335910
1770719486.959612608 39.924027158 19.812362327 -0.481408047 -0.001950990 0.013101265 0.886564008 0.462416275
1770719487.659846544 39.584426913 20.217179858 -0.461013034 -0.014845079 0.006409708 0.898860802 0.437935838
1770719488.359378338 39.264237463 20.603200411 -0.475563324 -0.002650701 -0.004749183 0.924067353 0.382190980
1770719489.059294939 38.884893930 20.969922281 -0.458156111 0.016746393 0.000256034 0.970775979 0.239402363
1770719489.759619951 38.411124668 21.197075090 -0.416723843 0.002584575 0.011255310 0.994837802 0.100818581
1770719490.459453821 37.863751605 21.253329421 -0.407856604 -0.004370549 0.002559049 0.998727074 0.050185470
1770719491.159770250 37.326365362 21.281719143 -0.385316005 -0.002659077 -0.010668404 0.999578122 0.026882954
1770719491.859532595 36.802362910 21.315521193 -0.379190120 -0.000690690 -0.016783784 0.999653601 0.020260932
1770719492.559809208 36.287079086 21.326826572 -0.377593357 0.006846907 -0.018207234 0.999669976 0.016779647
1770719493.259280920 35.761714753 21.352806567 -0.365508681 0.002071193 -0.013578506 0.999810474 0.013796735
1770719493.959732533 35.227789164 21.381477536 -0.351859968 -0.007986391 -0.010017768 0.999773687 0.016983450
1770719494.659806490 34.710656179 21.400309694 -0.356407585 -0.002797709 -0.004429505 0.999801124 0.019242285
1770719495.359396696 34.194567060 21.412877056 -0.347230081 0.002032867 -0.005103238 0.999801550 0.019149029
1770719496.059542656 33.667617976 21.431747814 -0.335424805 0.000512924 0.001457647 0.999790307 0.020419433
1770719496.759362698 33.140975422 21.451771466 -0.337957835 0.002731618 0.004289199 0.999786901 0.020007322
1770719497.457896948 32.610217701 21.468553284 -0.315237213 -0.001644494 -0.001444979 0.999834856 0.018040728
1770719498.159424305 32.097215449 21.481451129 -0.313086593 -0.002879054 -0.002551318 0.999816535 0.018764286
1770719498.859841347 31.591649950 21.507716394 -0.306630851 0.005752593 0.002251827 0.999718360 0.022913685
1770719499.559595108 31.056627924 21.521123212 -0.297197367 0.005330172 -0.000851457 0.999731252 0.022545256
1770719500.259797096 30.534545725 21.549758029 -0.273895265 0.002641451 0.003519078 0.999881813 0.014730880
1770719500.959914446 29.993423646 21.554437235 -0.273750801 0.002433261 0.012164115 0.998904546 -0.045120090
1770719501.759886742 29.425032849 21.480757762 -0.268200908 0.004618592 -0.002399607 0.997126477 -0.075575781
1770719502.459578514 28.905799145 21.376961917 -0.260958693 0.007898692 -0.016732996 0.998743341 -0.046576355
1770719503.159912109 28.379586499 21.324840656 -0.244930059 0.007502757 -0.019038212 0.999711751 0.012556659
1770719503.859548807 27.863445198 21.355690867 -0.222129221 0.002140022 0.001183488 0.999962846 0.008265934
1770719504.559585094 27.328888829 21.372315395 -0.205304449 0.011869338 0.007384978 0.999894162 -0.004030709
1770719505.259541750 26.808151242 21.382254529 -0.205017682 0.009782180 0.013245721 0.999333831 -0.032569222
1770719505.959616423 26.304226514 21.333188014 -0.178286510 0.002742248 0.009487780 0.993218765 -0.115840175
1770719506.859538794 26.110973525 21.319934849 -0.189143784 0.007811017 0.000385830 0.957183061 -0.289377654
1770719507.559597015 26.095122734 21.362169884 -0.211776787 0.022658852 -0.017111434 0.891987914 -0.451166640
1770719508.159618139 26.087720378 21.421814056 -0.218738700 -0.035469903 0.026461560 -0.812360792 0.581473658
1770719508.859509230 26.021830459 21.431614684 -0.197762208 -0.035766552 0.028628420 -0.696582594 0.716012470
1770719509.759475470 26.022778382 21.306766580 -0.196343122 -0.035117782 0.033075450 -0.564727098 0.823866531
1770719510.359841347 25.941239859 21.265597323 -0.173832024 -0.021927796 0.017707873 -0.437367607 0.898841020
1770719511.059529305 25.888625086 21.221313766 -0.181552115 -0.021790869 0.014659198 -0.271685867 0.962027575
1770719511.759891272 25.851513925 21.156735321 -0.189898460 -0.015529098 0.009217849 -0.105933231 0.994209248
1770719513.059524298 26.307976726 21.007959059 -0.192258010 0.007507091 0.003120401 0.053651826 0.998526609
1770719513.859523296 26.860434498 21.089723123 -0.197241137 0.001653251 0.018800196 0.062134846 0.997889313
1770719514.559545755 27.376220580 21.180345049 -0.214801799 -0.010391437 0.022520961 0.062065661 0.997763839
1770719515.259833097 27.890697761 21.278678825 -0.233615588 -0.018549965 0.018230506 0.037838625 0.998945337
1770719515.959579468 28.420956337 21.347349917 -0.240827794 -0.026264374 0.013731123 -0.015795268 0.999435915
1770719516.659871817 28.945461487 21.311749259 -0.259007898 -0.021214070 0.017164228 -0.035047962 0.999013009
1770719517.359657288 29.482362786 21.241933485 -0.260612983 -0.006386704 0.026492811 -0.026202000 0.999285143
1770719518.059796810 29.987186485 21.175930127 -0.275790309 0.017219275 0.011576613 0.015724634 0.999661050
1770719518.759670973 30.507104184 21.232790110 -0.291629881 0.005311651 0.014468422 0.014925161 0.999769819
1770719519.459705591 31.047153607 21.282880133 -0.290259807 -0.008087665 0.019827599 0.020775195 0.999554825
1770719520.159718037 31.568811483 21.328362186 -0.298464552 -0.015526495 0.015532310 -0.031467213 0.999263474
1770719520.859900236 32.093687595 21.277220324 -0.308575816 -0.011920286 0.015338219 -0.032878765 0.999270550
1770719521.559633017 32.609207539 21.198426845 -0.318391108 0.009724055 0.011336775 0.026419048 0.999539371
1770719522.259604454 33.144012292 21.242801568 -0.334437204 0.003990399 0.007425221 0.035807123 0.999323167
1770719522.959637165 33.674587113 21.300576253 -0.343104713 -0.009346134 0.015350746 0.037320658 0.999141718
1770719523.659897327 34.209736074 21.370591807 -0.341492162 -0.012259484 0.017964556 0.026884836 0.999401914
1770719524.359606028 34.724722295 21.427917460 -0.347314101 -0.024260568 0.006581038 -0.005624579 0.999668184
1770719525.059679985 35.239992633 21.378238014 -0.374159597 -0.004302558 0.010934113 -0.007896597 0.999899783
1770719525.759700060 35.761863441 21.354994787 -0.379633133 -0.008805864 0.015831503 -0.027540095 0.999456534
1770719526.459693909 36.282951491 21.344478368 -0.397558207 -0.010631044 0.015368353 -0.043563851 0.998875861
1770719527.159837723 36.819159694 21.267465512 -0.396013073 0.000680717 0.014333389 -0.019990572 0.999697188
1770719527.859748840 37.352063436 21.236400496 -0.407813197 0.015663680 0.017612296 -0.009139373 0.999680413
1770719528.559728622 37.859125212 21.252966400 -0.421976299 -0.005429748 0.013237050 -0.048912437 0.998700592
1770719529.259620905 38.375919563 21.263500659 -0.426014024 -0.031450368 0.018471703 -0.209145846 0.977204014
1770719529.860003471 38.779804619 21.060420757 -0.444665489 -0.029103828 0.035790128 -0.357941591 0.932603802
1770719530.559806585 39.159806919 20.645152901 -0.459180195 -0.013030107 0.025371945 -0.465743508 0.884459985
1770719531.259643793 39.382983781 20.154047155 -0.496586947 0.024725912 -0.019531217 -0.454143566 0.890371149
1770719531.959834814 39.706345334 19.724930710 -0.478886642 0.020093438 -0.006367927 -0.459200571 0.888082507
1770719532.659640789 40.043151109 19.312515697 -0.477587622 0.001628452 0.009644084 -0.511151382 0.859435050
1770719533.359928608 40.327987597 18.881835415 -0.471915394 -0.017206582 0.014140475 -0.592893023 0.804973195
1770719534.059670210 40.475591317 18.347496408 -0.454021600 -0.014447357 0.014037239 -0.689941052 0.723585222
1770719534.759753227 40.510367891 17.798475146 -0.438107426 -0.014198214 0.014376769 -0.785023170 0.619136772
1770719535.459707499 40.358834535 17.276325644 -0.407515636 0.019027745 -0.014154503 0.867215739 -0.497367526
1770719536.159654617 40.061552052 16.819331389 -0.390431585 0.012862730 -0.010520010 0.928193859 -0.371725759
1770719536.859772444 39.646394088 16.447949844 -0.361127610 0.004726814 -0.006050163 0.968673961 -0.248217263
1770719537.559963942 39.150800007 16.227819372 -0.365872965 0.001603531 0.008785692 0.982348586 -0.186846185
1770719538.259706259 38.634983122 16.110994003 -0.347557653 -0.005426783 0.042398619 0.971497852 -0.233162671
1770719538.959950447 38.178524248 15.849812513 -0.330949414 -0.000407300 0.029294130 0.972343015 -0.231712643
1770719539.659662724 37.721618848 15.601276154 -0.321159303 0.005990683 0.016781157 0.976845402 -0.213203108
1770719540.359722614 37.230192272 15.343443382 -0.306875973 0.001608755 -0.008788717 0.994437154 -0.104951978
1770719541.059835672 36.710543644 15.231934405 -0.299872664 0.007491913 -0.017864504 0.999759861 -0.010244539
1770719541.759769917 36.200216446 15.285518445 -0.301047815 0.005369012 0.013217460 0.999850268 -0.009793588
1770719542.459858179 35.652599835 15.304511775 -0.277035237 0.004670334 0.028256178 0.999563199 -0.007293044
1770719543.159749746 35.143281004 15.290187080 -0.274030514 0.002793268 0.023791687 0.998864432 -0.041182525
1770719543.859848976 34.603375520 15.231137547 -0.257465366 0.002470880 0.025355707 0.995492698 -0.091352456
1770719544.559703827 34.116007612 15.108971353 -0.270820182 0.008350905 0.012974171 0.994653882 -0.102105772
1770719545.259811640 33.603770038 14.965707654 -0.236488405 0.008864662 -0.010083132 0.999831815 -0.012493577
1770719545.959758997 33.069014327 14.983198627 -0.236922496 0.011470046 -0.005096208 0.999876065 -0.009503707
1770719546.659897089 32.555269254 14.993172172 -0.228600072 0.003868167 0.017760367 0.999176516 -0.036275295
1770719547.359803677 32.019089812 14.947655572 -0.204632369 0.003841506 0.013402992 0.998180383 -0.058664522
1770719548.059824228 31.520899707 14.843678568 -0.209096217 0.005135318 -0.005939933 0.998255502 -0.058517501
1770719548.760108471 30.987059479 14.789031006 -0.197262447 0.006110168 -0.004432684 0.998227882 -0.059026368
1770719549.459915638 30.460838665 14.727865694 -0.186847092 0.001050405 0.003085743 0.998142435 -0.060836296
1770719550.159901619 29.957672404 14.660556150 -0.171545682 0.002848923 0.003320575 0.998047893 -0.062299764
1770719550.859915495 29.428990146 14.568197687 -0.177816668 0.007712231 -0.001708556 0.998071432 -0.061571250
1770719551.559838772 28.910571759 14.521830378 -0.171192839 0.004625611 0.002030807 0.998128650 -0.060939956
1770719552.260025263 28.392158443 14.454554864 -0.150411303 0.008133868 -0.002653124 0.998215261 -0.059102395
1770719552.959831715 27.865594696 14.377924568 -0.148335659 0.005339025 -0.000287876 0.998328159 -0.057552570
1770719553.660080194 27.337325983 14.319142057 -0.125174705 0.002209633 0.003291191 0.998199967 -0.059842389
1770719554.459766865 26.768130941 14.243100230 -0.122511845 0.008321809 -0.004948515 0.998483991 -0.054184685
1770719555.159927368 26.248241570 14.176838195 -0.111156354 0.001784302 -0.006287442 0.999203839 -0.039356989
1770719555.859792233 25.713349509 14.144175446 -0.104154057 0.004449767 -0.005552827 0.999399756 -0.033904172
1770719556.559927464 25.203949077 14.109439934 -0.088084456 0.003028374 0.000545966 0.999151443 -0.041072193
1770719557.259587765 24.670142940 14.076074400 -0.079258665 0.001276792 0.001556494 0.998168691 -0.060458337
1770719557.959811211 24.155658807 14.013427680 -0.069327015 0.008052701 0.001547698 0.997335300 -0.072491778
1770719558.659826517 23.642405962 13.919723462 -0.062764267 0.007329075 -0.003209231 0.997208991 -0.074230812
1770719559.359971046 23.124360204 13.840629598 -0.040232535 0.004061321 -0.012038364 0.999178614 -0.038479609
1770719560.059934378 22.586851266 13.778819448 -0.020846194 0.008485277 -0.026142113 0.999039228 0.034135199
1770719560.759831667 22.072117263 13.846336461 -0.007848393 0.009654414 -0.000961373 0.999902490 -0.010043806
1770719561.459938526 21.540816413 13.852110941 -0.008685082 0.004211760 0.012981028 0.997640312 -0.067287162
1770719562.159796953 21.024739598 13.738840586 0.011618088 0.009758155 0.000924949 0.997375928 -0.071729920
1770719562.859914303 20.486236633 13.645614372 0.017798219 0.007713276 -0.003427031 0.997115633 -0.075426616
1770719563.559982777 19.969805596 13.566148216 0.049794663 0.003095115 -0.009074524 0.997187345 -0.074333514
1770719564.359659910 19.403227611 13.497462692 0.066207837 0.011878536 -0.007976338 0.997170301 -0.073801548
1770719565.060006857 18.879893369 13.409212091 0.090640859 0.022687493 0.002535894 0.997071774 -0.072984409
1770719565.759968519 18.368846044 13.332226421 0.111681653 0.027697796 -0.005767803 0.996812269 -0.074598018
1770719566.459994793 17.843477580 13.265304441 0.144907477 0.004833002 -0.008671167 0.997168921 -0.074535869
1770719567.160037279 17.310127556 13.181197006 0.158969768 -0.001272668 -0.009697104 0.997191836 -0.074248158
1770719567.959795237 16.741171300 13.091262922 0.169526231 0.005817545 -0.013582076 0.997275808 -0.072267874
1770719568.659998417 16.212344003 13.028251817 0.182744299 0.001362129 -0.007512848 0.997280196 -0.073306968
1770719569.359899044 15.699409067 12.966106083 0.193746933 0.006464196 -0.008040447 0.997163119 -0.074560575
1770719570.059959888 15.177616264 12.862245319 0.203616034 0.005893769 -0.012210027 0.997043507 -0.075633481
1770719570.760014772 14.638658786 12.790345650 0.220466818 0.010328869 -0.019877537 0.996930222 -0.075022200
1770719571.560016870 14.071713758 12.716555938 0.233898999 0.014812987 -0.012549000 0.997224924 -0.071871748
1770719572.259949923 13.534741394 12.641256966 0.261899187 0.011332577 -0.012700670 0.997147776 -0.073529445
1770719572.959986687 13.014906755 12.573739519 0.275003219 0.014559443 -0.013870717 0.997068793 -0.073820379
1770719573.659858704 12.479382933 12.491764848 0.301134046 0.018517880 -0.012197226 0.996906089 -0.075409326
1770719574.360081196 11.980838438 12.416224950 0.329428823 0.019609122 -0.020510391 0.996909363 -0.073256595
1770719575.059882402 11.476240538 12.341439978 0.350293487 0.023112115 -0.018275730 0.997019527 -0.071301404
1770719575.759826660 10.943039571 12.273931253 0.372364069 0.020550231 -0.013394508 0.997232602 -0.070181290
1770719576.460004807 10.415391484 12.194107915 0.415698466 0.015461143 -0.009327940 0.997240180 -0.072013656
1770719577.160103559 9.881337975 12.137637570 0.444116834 0.025761249 -0.016897328 0.996794010 -0.073841314
1770719577.859996319 9.366386521 12.059821357 0.484391282 0.024061589 -0.010638058 0.996792601 -0.075580305
1770719578.560101509 8.846670434 11.990981176 0.511851375 0.021602771 -0.016420355 0.998376840 -0.050073731
1770719579.259961367 8.415426487 11.896984871 0.567284840 0.021176142 -0.036300955 0.992990268 0.110472343
1770719579.960021734 8.274319737 11.869555725 0.582063406 0.031950805 -0.024967896 0.957479778 0.285636525
1770719580.559855938 8.243580303 11.880686667 0.586530336 0.046789035 0.000685335 0.904001411 0.424960898
1770719581.260023117 8.205597317 11.865980192 0.575473566 0.050840969 0.017546651 0.814665896 0.577431198
1770719581.959983587 8.120958998 11.902520959 0.583900052 0.052734823 0.025093070 0.700127371 0.711625632
1770719582.659867525 8.024250562 11.993709494 0.558913176 0.049026848 0.023872388 0.557673267 0.828267471
1770719583.359948635 8.019361446 12.109780347 0.563340066 0.037628338 0.023637139 0.401993682 0.914563543
1770719583.959958553 8.092420702 12.299813263 0.548147564 0.016193871 0.022013986 0.256869140 0.966059723
1770719584.659982920 8.371205228 12.490185409 0.548745278 -0.002747141 0.023913388 0.082338991 0.996313652
1770719585.359778404 8.901406907 12.581270351 0.518839579 -0.015255841 0.033497228 0.014452192 0.999217859
1770719585.959907770 9.402092507 12.559416989 0.496407997 -0.003429938 0.038217379 0.003071806 0.999258841
1770719586.659964085 9.949671497 12.537569197 0.464424486 0.014718253 0.045833802 0.001174859 0.998839955
1770719587.459889412 10.517855802 12.549842678 0.424391160 0.010740756 0.032577672 0.004049010 0.999403290
1770719588.159810305 11.061022817 12.558443306 0.384287258 0.012943377 0.035517980 0.034782192 0.998679699
1770719588.860026360 11.577842309 12.617404938 0.359959241 0.004981950 0.031939050 0.033843715 0.998904240
1770719589.559946775 12.111494814 12.657288416 0.338650283 0.006023015 0.032144846 0.033048358 0.998918534
1770719590.259933472 12.631055012 12.691124888 0.304354407 0.008850050 0.028991837 0.034543967 0.998943374
1770719590.959994555 13.140499395 12.703811938 0.271345400 0.014355329 0.023151592 0.036163882 0.998974525
1770719591.659956217 13.676069452 12.742495391 0.256892571 0.013437495 0.024202681 0.036119673 0.998963980
1770719592.359844446 14.205275830 12.791951703 0.245068909 0.003717540 0.029924084 0.036090590 0.998893487
1770719593.059966564 14.738377356 12.846725161 0.229478424 0.001042227 0.025729180 0.034721839 0.999065222
1770719593.759891272 15.259933492 12.873132567 0.200695245 0.006223545 0.017296664 0.034550312 0.999233891
1770719594.459851980 15.774390855 12.932307628 0.194333066 -0.001336245 0.014719256 0.035325010 0.999266582
1770719595.160037041 16.294293743 12.956766718 0.176388698 0.004042382 0.012164112 0.036887831 0.999237200
1770719595.859792471 16.823557963 12.992768337 0.159270393 0.001824001 0.016144567 0.037315406 0.999171450
1770719596.559838057 17.358684593 13.030308286 0.150025265 -0.005053370 0.020822387 0.035964060 0.999123355
1770719597.259804249 17.864792460 13.076691915 0.150083360 -0.007413020 0.014701203 0.035961123 0.999217554
1770719597.959999800 18.399877586 13.087714512 0.120447818 0.004276404 0.035257043 0.035554792 0.998736457
1770719598.659793854 18.918205540 13.133555957 0.099318729 0.007772570 0.034588505 0.098833747 0.994472279
1770719599.359761477 19.432923508 13.243598550 0.052073694 0.000264640 0.017996399 0.100615096 0.994762616
1770719600.059857607 19.938964200 13.371845304 0.044578054 -0.009022044 0.018096384 0.103844812 0.994387942
1770719600.759911060 20.451429324 13.486375744 0.019208836 -0.016590102 0.019902373 0.104091324 0.994230185
1770719601.460031509 20.963311901 13.585272177 -0.001450612 -0.010841567 0.014010204 0.099046444 0.994925111
1770719602.160013199 21.486387231 13.684163547 -0.007173215 -0.003491047 0.016096899 0.096919073 0.995155966
1770719602.859753847 22.006387395 13.800097660 -0.017418311 -0.000227440 0.020816552 0.097443431 0.995023315
1770719603.559835672 22.525266745 13.908650578 -0.024162678 -0.010573195 0.017028997 0.078249766 0.996732258
1770719604.259833813 23.038979863 13.962072821 -0.044282256 0.000656163 0.017380251 0.065038001 0.997731204
1770719604.959770918 23.554729763 14.030088184 -0.055609130 0.001355150 0.019434760 0.062174040 0.997875164
1770719605.659911633 24.072463355 14.110970378 -0.071779618 -0.006576908 0.016058439 0.061287275 0.997969309
1770719606.359904766 24.611807392 14.174613276 -0.084117671 -0.004293823 0.018953533 0.060872788 0.997956327
1770719607.059906960 25.117781274 14.245886803 -0.089368990 -0.001403734 0.018463970 0.060543345 0.997993795
1770719607.759884834 25.622481167 14.329645528 -0.112677938 -0.010218185 0.009171710 0.063126049 0.997911103
1770719608.459814787 26.150826541 14.376035380 -0.123423639 -0.004583451 0.012044516 0.055977737 0.998348844
1770719609.159920454 26.690015562 14.443147708 -0.117936057 -0.012416578 0.018386416 0.024293542 0.999458650
1770719609.859854221 27.211491036 14.476334904 -0.131450319 -0.017774608 0.020798654 -0.005548171 0.999610273
1770719610.560021639 27.716578550 14.455909795 -0.139165653 -0.009257846 0.013496666 -0.025270749 0.999546658
1770719611.259803772 28.259715141 14.440416540 -0.140880157 0.000703396 0.016292575 -0.036384170 0.999204809
1770719611.959900141 28.779823404 14.395791860 -0.157701794 0.000350571 0.013223048 -0.035506133 0.999281914
1770719612.659941435 29.319001704 14.352277016 -0.170110529 -0.001421700 0.018324486 -0.035549096 0.999198906
1770719613.359889746 29.845611798 14.339980901 -0.172625229 -0.005854214 0.017865517 -0.035291617 0.999200207
1770719614.060086489 30.351917004 14.311823295 -0.182041454 -0.014321233 0.012416942 -0.059306565 0.998059845
1770719614.760099649 30.873126355 14.286875879 -0.182253573 -0.037108668 0.013910134 -0.223903400 0.973805280
1770719615.459971905 31.338000045 14.030341203 -0.180239870 -0.046677925 0.013458364 -0.388051908 0.920356323
1770719616.159947634 31.693291108 13.614981245 -0.200397911 -0.034634246 0.011080468 -0.535525933 0.843735544
1770719616.859988213 31.869716123 13.061693105 -0.199758153 -0.003602938 0.007553679 -0.637553270 0.770360818
1770719617.759891987 31.931765564 12.543791976 -0.179550039 -0.006553570 -0.001312891 -0.700811934 0.713314769
1770719621.960039139 31.717121630 12.071486296 -0.216606955 -0.003453768 0.007155556 -0.755082062 0.655582145
1770719625.360018015 31.750001287 11.795711440 -0.224702520 -0.020750243 -0.009362024 -0.859648091 0.510379212
1770719625.859897852 31.852110014 11.749840661 -0.236893567 0.020394601 0.016659760 0.941562249 -0.335808047
1770719626.359905005 31.895199209 11.675363281 -0.244756443 0.015365304 0.017547666 0.988609167 -0.148687262
1770719626.759827852 31.896509062 11.606305881 -0.246702783 0.016741577 0.013388498 0.999379020 0.027965016
1770719642.659888029 31.402317655 11.800820495 -0.208298520 0.055133429 0.010067275 0.998402659 -0.007147460
1770719643.459851503 31.071736746 11.782860845 -0.147020198 0.240013767 0.006912499 0.970743381 0.001702268
1770719644.659895420 30.627059835 11.695240545 0.082296634 0.336416993 -0.007352096 0.941673908 0.004450212
1770719645.758750439 30.199444655 11.683302807 0.416484097 0.304558360 0.001837737 0.952461895 -0.007560863
1770719646.959918976 29.812321737 11.632808338 0.753554059 0.304955590 -0.009909916 0.952292515 -0.006545846
1770719648.059937954 29.357548184 11.725121512 1.020133415 0.323909480 0.023588758 0.945707950 -0.012755088
1770719649.159886360 28.973227729 11.746246259 1.352678776 0.320145288 0.019750586 0.947111001 -0.009882351
1770719650.358851671 28.558166380 11.665349411 1.622502810 0.300317341 0.014255646 0.953469199 -0.022422253
1770719651.658869743 28.150149583 11.680506935 1.951252114 0.321594924 0.022557272 0.946398559 -0.019940952
1770719653.159955978 27.749954474 11.622563354 2.280043519 0.328454919 0.002739010 0.944515372 -0.000759058
1770719654.758812666 27.332847283 11.644219691 2.566220031 0.210298528 -0.003927184 0.977589496 -0.008825192
1770719655.558983564 27.119574785 11.678903257 2.678760989 0.064764421 0.015911371 0.997724210 0.009939806
1770719658.160007238 26.669610239 11.684483173 2.750750372 0.004003188 -0.004427931 0.993594420 -0.112847229
1770719658.660020113 26.664313408 11.782028968 2.747109694 0.018059335 -0.009043010 0.952667125 -0.303343756
1770719659.159034252 26.603605615 11.839272195 2.729521666 0.022702619 -0.015223044 0.875418085 -0.482593023
1770719659.658789635 26.539446921 11.848506704 2.725930985 -0.023298202 0.016004009 -0.764241232 0.644310798
1770719663.459993362 26.549709841 11.335521071 2.785484635 -0.022576373 0.006143690 -0.670163782 0.741844369
1770719664.658961535 26.587128114 10.793612454 2.781341250 0.010529365 0.034367490 -0.574706585 0.817569783
1770719665.558939457 26.770369543 10.314716474 2.775171629 -0.007144324 0.017344665 -0.565448768 0.824570077
1770719666.458927631 26.988409163 9.811516294 2.772118201 -0.020743603 0.010569794 -0.563990838 0.825452795
1770719667.259112120 27.192179090 9.321251157 2.753540472 -0.011892386 0.023175437 -0.599465171 0.799976861
1770719668.059003830 27.324321885 8.829143908 2.751061928 -0.025447768 0.020891722 -0.642534563 0.765549008
1770719668.858932257 27.396189869 8.281384123 2.768537332 -0.019193249 -0.000483227 -0.645645484 0.763395896
1770719669.659340382 27.485968926 7.750939305 2.787209094 -0.019605319 0.004564713 -0.645398432 0.763580814
1770719670.459126949 27.578271019 7.230956882 2.810631508 -0.013288913 0.017697595 -0.654854470 0.755430885
1770719671.458947182 27.647318733 6.695236210 2.802449275 -0.001001052 0.003859255 -0.659447419 0.751740119
1770719673.659124136 27.768894520 6.362030110 2.812963154 -0.013915671 -0.000817519 -0.774483938 0.632439970
1770719674.659070969 27.820947858 6.342778467 2.805991350 0.012533951 0.013998851 0.869412438 -0.493729628
1770719675.558915138 27.902607337 6.298324363 2.843285286 0.009060751 0.021464965 0.945571153 -0.324580271
1770719676.358967066 27.923863968 6.230642645 2.852038154 0.010885822 0.028049480 0.987274133 -0.156155407
1770719677.159030676 27.933279025 6.161589975 2.818226508 0.012138874 0.032017691 0.999105466 0.024814974
1770719677.860078096 27.918850223 6.087882376 2.776267367 0.014103043 0.029077558 0.981173002 0.190407823
1770719678.558936834 27.895539812 6.010640372 2.782178546 0.015239298 0.025610257 0.934281552 0.355288417
1770719679.259072781 27.794357324 6.003764077 2.786771188 0.018659834 0.019568983 0.855291587 0.517440979
1770719679.959154844 27.666688657 6.061801881 2.806244362 0.018595024 0.003571722 0.758866311 0.650971113
1770719681.160077572 27.601552246 6.580845855 2.811580997 -0.005454181 0.014650896 0.686476578 0.726983846
1770719682.159034252 27.640075590 7.096647357 2.799452669 0.004632237 0.018326576 0.686917706 0.726489329
1770719683.158705473 27.662954261 7.621436645 2.803561077 -0.006196427 0.019711005 0.692314464 0.721300051
1770719684.059020519 27.683030010 8.131256123 2.775821045 -0.005593976 0.035361407 0.720454462 0.692577538
1770719684.959232569 27.675373690 8.659236106 2.772186872 -0.000081851 0.027750929 0.774646711 0.631785052
1770719686.059202194 27.548929274 9.163295344 2.752380446 0.008067461 0.016620637 0.848436651 0.528974403
1770719687.059147358 27.297968506 9.642630157 2.758403945 0.010214413 0.018435182 0.914243212 0.404617299
1770719687.959239483 26.973017508 9.987361719 2.758965510 0.005554561 0.019780924 0.968636573 0.247630878
1770719688.759018183 26.678016407 10.161453319 2.744309883 0.003367229 0.022268163 0.996222718 0.083863504
1770719689.759043217 26.137574954 10.152274370 2.769819093 0.008707616 -0.025383005 0.998165383 0.054274752
1770719690.559028625 25.593966759 10.195931366 2.776110835 0.012649975 -0.019825320 0.998456535 0.050313834
1770719691.259104252 25.069337865 10.255447364 2.779432655 0.005325668 -0.018620786 0.998909450 0.042483110
1770719692.059150934 24.531265096 10.323380349 2.807824527 0.004544872 -0.004808062 0.999838763 -0.016693568
1770719692.858743906 23.964194454 10.284551278 2.812882858 0.010148882 -0.001426033 0.999812139 -0.016451515
1770719693.559098721 23.451205163 10.244166137 2.829108694 0.019574240 -0.009279073 0.998086965 -0.057906458
1770719694.359441519 22.935871635 10.188120422 2.841619831 -0.001182775 0.005394181 0.984494245 -0.175329934
1770719695.159326553 22.464126818 9.964687971 2.846961342 -0.002883159 -0.006156627 0.957407219 -0.288661046
1770719696.059147835 22.040179925 9.667725581 2.869159783 0.008360793 -0.011854004 0.901067075 -0.433437084
1770719696.859227657 21.742141058 9.259963759 2.881192790 -0.007468367 0.019568623 -0.827910530 0.560468952
1770719697.559068680 21.580972313 8.855510110 2.887244878 -0.005813967 0.006696615 -0.729961533 0.683430694
1770719698.359060526 21.576632574 8.354278074 2.900006962 -0.009811678 0.007546327 -0.665395318 0.746388541
1770719699.059368849 21.755198344 7.862754457 2.877463186 -0.046453489 0.024636920 -0.671406231 0.739221732
1770719699.859132767 21.774228511 7.324727988 2.906991955 -0.030737651 0.036293783 -0.711675139 0.700896893
1770719700.659155607 21.768030727 6.754166416 2.943403905 -0.030860286 0.014953926 -0.715939833 0.697319280
1770719701.359281778 21.737133236 6.253304712 2.950726047 -0.015545699 0.014683700 -0.711517086 0.702343333
1770719702.158848763 21.730756528 5.713480417 2.966857457 -0.016866803 0.011870067 -0.682510676 0.730584554
1770719703.059240580 21.794280400 5.211914818 2.983448608 -0.020406546 0.013555661 -0.610925012 0.791309324
1770719703.859097242 21.763914244 5.110834168 2.963762114 -0.019784747 0.011659728 -0.455989834 0.889688646
1770719704.559103012 21.664820064 5.098277470 2.934752330 -0.031877899 0.008457162 -0.295787509 0.954684254
1770719705.259099007 21.639871233 5.064436268 2.914010588 -0.045438259 0.013101610 -0.121376621 0.991479414
1770719705.959295750 21.631379905 4.985553063 2.907131046 -0.040428583 0.007050203 0.065800754 0.996988508
1770719706.659101963 21.637025075 4.872552905 2.925775190 -0.029759766 0.001284544 0.241596361 0.969919535
1770719707.359297037 21.681537351 4.831698689 2.942690889 -0.015759504 0.002758467 0.407102265 0.913242451
1770719708.059258938 21.750269165 4.786582898 2.939550810 -0.009064996 0.004251137 0.567034572 0.823633139
1770719708.759143353 21.877158330 4.860470430 2.946462144 0.001845123 0.009271695 0.701862033 0.712250179
1770719710.059346437 21.840649297 5.379986901 2.953816090 -0.000970550 0.018471993 0.739060284 0.673385283
1770719711.059206009 21.794472941 5.890932253 2.938512408 -0.000973384 0.022784159 0.741738562 0.670301305
1770719712.059386015 21.720053687 6.434119120 2.928444426 -0.007450345 0.016064999 0.737616459 0.674987679
1770719713.158882618 21.644960061 6.958213373 2.921405382 -0.008750712 0.010883247 0.706726666 0.707348852
1770719714.159191608 21.668800806 7.489069564 2.915091254 -0.006176324 0.023164606 0.703942170 0.709852573
1770719715.359236479 21.667730263 8.006919707 2.894888985 -0.011416628 0.018975848 0.705343079 0.708520090
1770719716.459330559 21.658362591 8.525770771 2.864840169 -0.000948011 0.012859383 0.708246229 0.705847729
1770719717.559294224 21.688704277 9.026147724 2.877481150 0.010612242 0.019849838 0.766244405 0.642154869
1770719718.559443235 21.662720409 9.272983335 2.864282628 0.009941376 0.008616290 0.867651907 0.496998085
1770719719.259431362 21.703526327 9.320608409 2.854066877 0.017306482 0.001658894 0.940277112 0.339965713
1770719719.859293222 21.731098335 9.344083778 2.860460022 0.019834788 -0.018309740 0.981666580 0.188685082
1770719720.558977604 21.793376511 9.401396875 2.835339626 0.021883345 -0.023837952 0.999417627 0.010829475
1770719721.559284210 22.082864505 9.438179853 2.842815337 0.038772810 -0.032666860 0.988404536 -0.143129378
1770719723.058995247 22.554394994 9.704054550 2.800298879 0.040634233 -0.011849968 0.978014961 -0.204193960
1770719724.458935738 23.038838122 9.946438985 2.790293362 0.043267904 -0.004281856 0.977449316 -0.206645562
1770719725.859524250 23.520986792 10.143726253 2.773207497 0.054463513 -0.005694177 0.984053041 -0.169236266
1770719727.359284401 24.027135140 10.241154139 2.772265471 0.055645725 0.007117061 0.997286723 -0.047666473
1770719728.958989859 24.538176791 10.236319531 2.753926423 0.045408913 -0.014727086 0.998323189 -0.032740710
1770719730.259377241 25.045903476 10.280873799 2.752008347 0.042946028 -0.015443100 0.998459147 -0.031567093
1770719731.959303141 25.573900769 10.266786781 2.750385476 0.049769019 -0.020469057 0.998543739 0.003803215
1770719733.359279394 25.896438128 10.354757098 2.750512833 0.033762031 -0.021512321 0.984823950 -0.168876084
1770719736.459843636 26.291360064 10.619862102 2.766957997 0.014080569 -0.020626886 0.946487829 -0.321771748
1770719737.559475183 26.357448354 10.854518261 2.781275288 0.003681217 -0.018401438 0.879439153 -0.475641264
1770719740.059418917 26.511386704 11.342952459 2.789810271 -0.035138607 -0.008362210 -0.858159674 0.512110657
1770719741.059390306 26.594647785 11.343405903 2.798821812 0.032226856 0.012423354 0.934382357 -0.354593713
1770719742.259400845 26.634917276 11.260261626 2.805564062 0.034710128 0.001256327 0.978837919 -0.201667937
1770719743.759429693 26.581253625 11.433628776 2.791162329 0.029241451 0.027208974 0.997988299 -0.049233782
1770719753.259496689 26.897450391 11.802976436 2.655673337 0.036958684 0.017931027 0.998367238 -0.039691210
1770719756.459602594 27.320066504 11.795116891 2.474522178 0.189965751 0.003125210 0.981189614 -0.034208007
1770719758.859697104 27.621921196 11.828851011 2.299412746 0.333396604 0.027673432 0.941762767 -0.034114182
1770719762.059222937 28.032643925 11.749700654 1.987255179 0.323357356 0.003820278 0.946223280 -0.009323678
1770719765.059537172 28.398456308 11.740826042 1.637900722 0.313843602 0.011431463 0.948782471 -0.034399664
1770719769.359636307 28.836133401 11.714882933 1.392640185 0.344881374 0.015855379 0.937864529 -0.034865039
1770719772.559649467 29.218070941 11.743662544 1.064687731 0.311051634 0.020733062 0.949381680 -0.038619252
1770719775.159625292 29.595023973 11.755542529 0.724428173 0.317720576 0.020545984 0.947276641 -0.036034215
1770719777.459621191 29.957071664 11.835639178 0.371048079 0.251070566 -0.010476383 0.965619988 -0.066572187
1770719779.359986067 30.379026022 12.067482270 0.193788427 0.220693426 -0.019052532 0.974108124 0.045219187
1770719781.059267044 30.310992194 11.950234791 0.208826797 0.325812471 -0.003716051 0.940250030 0.098804385
1770719783.759761333 30.793767149 12.034398542 0.065461393 0.259212665 -0.051471274 0.963320068 0.046625624
1770719785.059634924 31.034477044 12.087886955 -0.061821372 0.197695798 0.009831617 0.979759677 -0.029844378
1770719786.759817123 31.536241398 12.122138642 -0.187535095 0.133082321 0.024197390 0.990808957 0.001092352
1770719788.559831381 31.871697073 12.105351991 -0.546829689 0.062570675 -0.025291244 0.995336992 -0.068916882
1770719812.459846735 32.284834291 12.122042000 -0.256212495 0.022731377 -0.002698993 0.998808912 -0.043090097
1770719813.859642506 32.807120803 12.165356108 -0.263724440 0.030823582 -0.008149609 0.995473085 -0.089536738
1770719815.359387398 33.137855438 12.333695986 -0.278735224 0.035903596 -0.007061029 0.963422322 -0.265477879
1770719816.159479856 33.042015777 12.436473585 -0.258480511 0.028054415 -0.000336353 0.901205020 -0.432483929
1770719816.959647894 32.951355120 12.488226703 -0.278367806 -0.030115316 0.000723060 -0.804546216 0.593125561
1770719817.859996080 32.835132177 12.507044705 -0.284576107 -0.024241178 -0.001646505 -0.692426504 0.721079185
1770719819.759925365 32.827585264 12.002176842 -0.241089388 -0.015707438 0.002541187 -0.587489555 0.809075300
1770719821.559556961 33.004296216 11.516967943 -0.247849989 -0.015654031 0.005405376 -0.570834359 0.820898208
1770719822.959407806 33.191380239 11.053066721 -0.236572503 -0.017783799 0.010707815 -0.568174183 0.822646447
1770719824.159315348 33.415103795 10.568584454 -0.246203756 -0.025562515 0.018118143 -0.589225070 0.807361200
1770719825.259945631 33.568549449 10.054843747 -0.234560655 -0.022223018 0.012486591 -0.662131133 0.748954328
1770719826.159951925 33.638997682 9.555886964 -0.220717634 -0.023751982 0.009712022 -0.725272703 0.687983303
1770719827.059319496 33.615086437 9.033526742 -0.200702412 -0.016128800 0.003265533 -0.741982734 0.670216995
1770719828.059689760 33.550471908 8.511747099 -0.208827335 -0.018872565 0.004580624 -0.748191304 0.663198776
1770719829.059559584 33.528563487 8.007307342 -0.201163116 -0.023805248 0.008466360 -0.744186599 0.667493772
1770719830.259578943 33.453484926 7.475635395 -0.182828800 -0.019833711 0.003024351 -0.743404296 0.668541345
1770719832.159569979 33.419470074 6.961777270 -0.186815993 -0.023935647 0.003792982 -0.747530018 0.663785787
1770719846.059746265 33.429713582 6.452081107 -0.178137099 -0.025347615 0.002318189 -0.747428324 0.663854672
1770719863.159710884 33.484907683 5.945126394 -0.177843566 -0.025712611 0.004472422 -0.809718503 0.586237839
1770719864.059607983 33.380216212 5.432418178 -0.148412352 0.038526939 -0.012637811 0.870891920 -0.489799167
1770719865.059775114 33.046050394 5.100093219 -0.145087247 -0.018627372 -0.004195264 -0.775509468 0.631047135
1770719865.959766626 32.958305904 4.623754806 -0.137895098 -0.017746417 0.005287154 -0.639827986 0.768295034
1770719866.659965754 33.070636987 4.115321720 -0.136535804 -0.021624671 0.012830344 -0.520268172 0.853632699
1770719867.259886980 33.323425906 3.676900035 -0.125721661 -0.025732241 0.019510399 -0.500059510 0.865388747
1770719867.959771633 33.615670351 3.201098236 -0.127376409 -0.030814926 0.024931307 -0.497786552 0.866393340
1770719868.559815407 33.890982497 2.737786042 -0.121744103 -0.029056620 0.021951075 -0.484643174 0.873953578
1770719869.159856796 34.111068412 2.274879348 -0.091187216 -0.021938074 0.012214179 -0.394713227 0.918461215
1770719869.959775448 34.416911734 1.953869075 -0.085164305 -0.021801535 0.012960482 -0.224190860 0.974215160
1770719870.759772301 34.929982267 1.779317845 -0.131352380 -0.035081161 0.014829282 -0.143131022 0.988970634
1770719871.259855032 35.428343993 1.682558967 -0.144480793 -0.031271931 0.009630022 -0.142553908 0.989246032
1770719871.659750223 35.917304038 1.549944375 -0.177766759 -0.027307820 0.023254287 -0.134466606 0.990268778
1770719872.059969425 36.491916819 1.419870052 -0.189218754 -0.036092766 0.026542645 -0.136699481 0.989598935
1770719872.459850550 37.070135692 1.258451659 -0.195729265 -0.035248969 0.016379155 -0.141448405 0.989182279
1770719872.859921217 37.565816794 1.093793968 -0.192508096 -0.027351588 0.026179622 -0.144891807 0.988722854
1770719873.359966993 38.107101441 0.912619595 -0.203616962 -0.027169694 0.022303292 -0.143307350 0.989053777
1770719873.859981298 38.642974585 0.739122917 -0.211877239 -0.025548913 0.023811358 -0.146195034 0.988639107
1770719874.359890461 39.153572734 0.590566504 -0.242551461 -0.026146592 0.023431000 -0.161649267 0.986223534
1770719875.059903145 39.659030136 0.474601117 -0.236233562 -0.035477007 0.032495933 -0.282867338 0.957951703
1770719875.859818935 40.044988039 0.152066923 -0.236290298 -0.026286830 0.021912988 -0.451587132 0.891570460
1770719876.559999943 40.244281001 -0.194441537 -0.250413131 -0.018851896 0.015148404 -0.595301095 0.803138679
1770719877.259930134 40.418680680 -0.766591273 -0.271040743 -0.017926788 0.004424567 -0.643464419 0.765253288
1770719877.760009289 40.444094790 -1.293546738 -0.270582969 -0.007234587 -0.004103020 -0.646433442 0.762925049
1770719878.259844303 40.542733747 -1.856679604 -0.272634215 -0.009394522 0.000898687 -0.645676448 0.763552788
1770719878.759871244 40.678465848 -2.363297305 -0.252759708 -0.023809860 0.012384780 -0.644110642 0.764461372
1770719879.259850740 40.773035317 -2.877735687 -0.241359544 -0.021158527 0.023007517 -0.653213981 0.756527902
1770719879.759895086 40.860894393 -3.410045305 -0.248817704 -0.015195060 0.021207657 -0.673404418 0.738813803
1770719880.259796143 40.892602131 -3.944115805 -0.242207289 -0.013359784 0.010438003 -0.693992391 0.719782693
1770719880.759730816 40.916836918 -4.544173055 -0.225925989 -0.007345347 0.004754568 -0.702162495 0.711962970
1770719881.159894228 40.941599789 -5.057665986 -0.230091636 -0.014757798 0.005337075 -0.694601804 0.719223232
1770719881.559879541 40.963914108 -5.563047599 -0.231785167 -0.020989498 0.011795976 -0.700746114 0.713004333
1770719882.059974670 40.943330744 -6.196388626 -0.213195557 -0.012291548 -0.009448543 -0.701665517 0.712337803
1770719882.459962130 40.975848914 -6.749648741 -0.192020325 -0.012032319 -0.005313623 -0.701871781 0.712181853
1770719882.859977007 41.026440986 -7.266997354 -0.161034796 -0.026591957 0.005037805 -0.697940715 0.715643938
1770719883.259815454 41.021657980 -7.771636328 -0.152030600 -0.028331443 -0.006415964 -0.701278734 0.712295095
1770719883.659932375 41.013990545 -8.285363945 -0.133454643 -0.015799912 -0.001093317 -0.697469711 0.716439229
1770719884.059959173 41.065851924 -8.806507260 -0.096986851 -0.031668261 0.011237628 -0.697782324 0.715521254
1770719884.459846020 41.083004202 -9.334004760 -0.095886397 -0.028145394 0.008612791 -0.701548231 0.712013859
1770719884.859911680 41.097098207 -9.860348251 -0.081837364 -0.010389840 0.014957591 -0.694005678 0.719739147
1770719885.259802818 41.158205385 -10.388482159 -0.041203350 -0.022235821 0.026514850 -0.694947090 0.718227731
1770719885.659984589 41.151599241 -10.964380742 -0.043423374 -0.023908385 0.014439709 -0.696513651 0.716999733
1770719886.059936047 41.150616241 -11.545296664 -0.036017778 -0.011876994 0.014615925 -0.694902577 0.718857232
1770719886.460081577 41.194721769 -12.111194637 -0.004929457 -0.016264384 0.022866055 -0.692938514 0.720450435
1770719886.859944105 41.217325978 -12.671680527 -0.005126557 -0.021073678 0.009845935 -0.704612496 0.709210961
1770719887.259863853 41.219024062 -13.250099904 -0.017053357 -0.016805265 0.007710177 -0.695802785 0.717994862
1770719887.660002708 41.283528065 -13.805308140 -0.000225920 -0.031454652 0.014599636 -0.694048533 0.719092545
1770719888.059841394 41.270201680 -14.379568732 0.022794199 -0.027527041 -0.002797719 -0.697840029 0.715719029
1770719888.459912777 41.259188470 -14.975181059 0.032156328 -0.017845540 -0.005370018 -0.693749049 0.719975664
1770719888.859699249 41.301986676 -15.636429641 0.083542741 -0.022404242 0.001419565 -0.698742855 0.715020599
1770719889.259955883 41.345570247 -16.242812861 0.097497392 -0.035523320 0.001003576 -0.700935045 0.712339210
1770719889.659919500 41.390932462 -16.886282671 0.127607682 -0.035519212 0.013419721 -0.694698626 0.718298069
1770719890.059851885 41.442987842 -17.492927405 0.167349898 -0.039356888 0.022885278 -0.689633881 0.722725680
1770719890.459884644 41.441200674 -18.107698554 0.174440826 -0.037641976 0.003256234 -0.696061427 0.716987425
1770719890.859914303 41.449394519 -18.748012182 0.179565133 -0.022736338 0.014274160 -0.690846231 0.722503144
1770719891.259889364 41.490935216 -19.357009402 0.207966287 -0.007147668 0.038833294 -0.672180700 0.739333478
1770719891.659886360 41.504428568 -19.911501948 0.216498158 -0.020017142 0.009977209 -0.659581446 0.751300263
1770719892.059958220 41.631725562 -20.429859269 0.182604113 -0.030985540 0.011657105 -0.635861850 0.771092547
1770719892.559927464 41.812921628 -21.021162784 0.204634446 -0.049117597 0.029956010 -0.583658864 0.809958289
1770719892.959991693 41.989070696 -21.516579527 0.197790345 -0.052716277 0.027609660 -0.576517922 0.814914589
1770719893.359939575 42.160077644 -22.071097145 0.211538576 -0.035866658 0.016284982 -0.573111596 0.818530073
1770719893.759954929 42.372968597 -22.606409420 0.218181271 -0.041530527 0.020675627 -0.573538291 0.817864024
1770719894.159915686 42.568907968 -23.087032514 0.245950788 -0.044786080 0.023160229 -0.578120616 0.814392021
1770719894.659898281 42.747019277 -23.622235246 0.261967918 -0.045142508 0.014099069 -0.610348872 0.790719688
1770719895.259961128 42.876524650 -24.155682755 0.263619330 -0.039778445 0.005546723 -0.651881962 0.757256110
1770719895.760044575 42.954841483 -24.699382936 0.308802587 -0.030357274 0.007653440 -0.685501702 0.727397606
1770719896.259989738 43.008464902 -25.257481113 0.328830890 -0.029044588 0.007952255 -0.714486774 0.699000589
1770719896.759880066 42.991831570 -25.810519949 0.362434768 -0.027059707 0.002652023 -0.725870144 0.687294168
1770719897.259900093 42.920590728 -26.363420288 0.384025182 -0.024754472 -0.001584839 -0.726446944 0.686774739
1770719897.759953499 42.875288575 -26.919993650 0.392735313 -0.016361576 -0.006901663 -0.733748990 0.679188549
1770719898.258239031 42.865604629 -27.450137426 0.403724471 -0.028924518 0.000499460 -0.738536375 0.673592715
1770719898.659945011 42.864333679 -27.985909773 0.439799710 -0.032694423 0.012896952 -0.730217152 0.682310526
1770719899.059973478 42.835770002 -28.509436938 0.474122666 -0.033450666 0.014638878 -0.727481796 0.685154722
1770719899.459964752 42.781015625 -29.015894024 0.477618745 -0.033769013 0.003303301 -0.732796607 0.679601261
1770719899.860041380 42.737478028 -29.548128229 0.507849784 -0.024491066 0.006281976 -0.734015122 0.678662306
1770719900.259800911 42.751364893 -30.093389765 0.527506689 -0.036375445 0.016497811 -0.729503890 0.682809434
1770719900.660047054 42.695526758 -30.655712259 0.546399785 -0.035190542 -0.003946120 -0.727914684 0.684752705
1770719901.059760571 42.652879398 -31.219976978 0.574465875 -0.029391220 0.003095941 -0.713215497 0.700321516
1770719901.459929228 42.662189611 -31.789365197 0.589520924 -0.033117166 0.008620034 -0.692754835 0.720360803
1770719901.859903336 42.659005005 -32.353297461 0.624847146 -0.028273980 -0.006066321 -0.683464038 0.729411195
1770719902.260005236 42.731248217 -32.979612446 0.650046504 -0.028753679 0.004740420 -0.678097169 0.734394297
1770719902.659944057 42.853979897 -33.568176183 0.691641909 -0.045131545 0.028429893 -0.666483927 0.743608808
1770719903.060048819 42.927395699 -34.169199376 0.715230338 -0.055477305 0.014545253 -0.672458530 0.737909365
1770719903.459891796 42.955124844 -34.718090329 0.716891380 -0.037256086 0.022181189 -0.677611658 0.734140600
1770719903.860002041 43.035861893 -35.280354982 0.756165061 -0.044740677 0.027565136 -0.697201061 0.714946932
1770719904.260028839 43.029884650 -35.852990150 0.787733715 -0.044672445 0.012188936 -0.723333972 0.688943950
1770719904.659878016 42.982412260 -36.423164269 0.791224784 -0.032363111 0.016833108 -0.735656926 0.676371320
1770719905.060040236 42.967802393 -37.007845097 0.834276115 -0.043437503 0.023005728 -0.743260910 0.667193480
1770719905.459914446 42.847862114 -37.643026416 0.877662955 -0.035467388 -0.000353591 -0.743036544 0.668310282
1770719905.860040903 42.726698377 -38.265748943 0.891118006 -0.016445216 -0.005411943 -0.748360828 0.663065861
1770719906.259961128 42.691244992 -38.893232945 0.936036678 -0.032489221 0.007437351 -0.747393927 0.663544614
1770719906.660068512 42.617187469 -39.502684512 0.956390548 -0.035445226 -0.002084645 -0.737044856 0.674910491
1770719907.059950352 42.573383008 -40.080796485 0.981889716 -0.030023378 0.007953763 -0.724312108 0.688772317
1770719907.459852457 42.609618371 -40.656685140 1.029402339 -0.041592686 0.023260884 -0.713889066 0.698635371
1770719907.859848261 42.589510364 -41.185040819 1.028607164 -0.052688793 0.012630056 -0.720146735 0.691703009
1770719908.260017395 42.545905529 -41.717026101 1.038640119 -0.043305052 0.011033722 -0.707588608 0.705210104
1770719908.658738136 42.570189446 -42.297684448 1.088098769 -0.042563470 0.014517761 -0.711463875 0.701282212
1770719909.060073853 42.563233651 -42.852975471 1.115901519 -0.048894265 0.006958541 -0.715121607 0.697253194
1770719909.459952593 42.546656391 -43.376983837 1.133426359 -0.042213500 0.013185354 -0.713538910 0.699218414
1770719909.959908962 42.572731127 -43.968872201 1.176088038 -0.048135528 0.013997240 -0.708491312 0.703936864
1770719910.459938526 42.583086295 -44.571094709 1.180631084 -0.073410951 0.007662764 -0.707512763 0.702835546
1770719910.960056305 42.579092377 -45.179025240 1.217932898 -0.029527765 0.025179092 -0.710539902 0.702586060
1770719911.559782982 42.593285678 -45.731250847 1.279131215 -0.032881120 0.035984631 -0.712522545 0.699953971
1770719912.160001993 42.586818185 -46.248124438 1.273958480 -0.032420916 0.026948546 -0.707828297 0.705125352
1770719918.059964895 42.584196337 -46.795419971 1.252428708 -0.041851676 0.014732071 -0.632862164 0.772992163
1770719919.059920073 42.700318045 -47.283757877 1.276828490 -0.050153969 0.015742703 -0.603161436 0.795885060
1770719919.859772444 42.864572189 -47.759008738 1.298551029 -0.066693551 0.026037234 -0.694497045 0.715924498
1770719920.659761667 42.868906248 -48.303633767 1.344063238 -0.068052085 0.019213444 -0.722940988 0.687281664
1770719921.459876299 42.801685716 -48.840567052 1.378499234 -0.051949797 -0.010027474 -0.670685080 0.739852817
1770719922.259906292 42.850864671 -49.344203682 1.427623981 -0.049390848 -0.008933618 -0.641392496 0.765569331
1770719923.059813023 42.982430054 -49.878407190 1.461739216 -0.041507815 0.025060831 -0.631933418 0.773504500
1770719923.860056162 43.124388970 -50.437547209 1.476696316 -0.030406168 0.059213246 -0.627351828 0.775885907
1770719924.660027742 43.214183176 -50.988927226 1.465869947 -0.030984341 0.029363279 -0.637774814 0.769039047
1770719925.359939575 43.348607517 -51.476259017 1.475566079 -0.055755904 0.017277023 -0.670596583 0.739522147
1770719926.059793949 43.405024484 -52.008057900 1.519728314 -0.052496738 0.029591507 -0.729944781 0.680844367
1770719926.762514830 43.355271842 -52.519270566 1.549538577 -0.052982561 0.033755227 -0.767580191 0.637866823
1770719927.459907055 43.222493254 -53.059336255 1.576922206 -0.044411571 0.014205142 -0.772394722 0.633428938
1770719928.159813643 43.118719400 -53.551791681 1.611903841 -0.044703490 0.012407107 -0.763246897 0.644439164
1770719928.859104395 43.025783879 -54.059611851 1.649261913 -0.047834667 0.004368394 -0.762210701 0.645544428
1770719929.758700132 42.960517912 -54.605938645 1.704788313 -0.059646470 0.009443738 -0.741026670 0.668754506
1770719930.659732819 42.917400154 -55.144006287 1.750119741 -0.052012694 0.004726671 -0.702671123 0.709595400
1770719931.459722042 42.938096659 -55.642491034 1.796181736 -0.054682151 0.007397169 -0.679346160 0.731740350
1770719932.360003233 43.022844455 -56.185307013 1.831320080 -0.078388133 0.013120356 -0.675781918 0.732804173
1770719933.059892178 43.070888457 -56.686734378 1.881666038 -0.073343315 0.012319271 -0.689235770 0.720710100
1770719933.859713316 43.084310102 -57.229256666 1.942542447 -0.061913356 0.024692898 -0.717816039 0.693034726
1770719934.659763336 43.067667517 -57.737817337 1.977191682 -0.059648822 0.020541847 -0.724695783 0.686174958
1770719935.459818125 43.012528130 -58.262370142 2.009655244 -0.042789280 0.009326652 -0.683363873 0.728763273
1770719936.158953905 43.036008803 -58.780009685 2.014216811 -0.043654307 0.011331038 -0.606241183 0.794000968
1770719936.959854364 43.228366978 -59.305686968 2.063782774 -0.058129616 0.035515035 -0.600558747 0.796673598
1770719938.359879494 43.412759912 -59.789826709 2.074554456 -0.070608466 0.027302780 -0.686460946 0.723215301
1770719940.559875250 43.427541881 -60.289377572 2.120570732 -0.069698802 0.012696691 -0.726614176 0.683383282
1770719944.159923315 43.458552433 -60.412700018 2.115350938 -0.066591560 -0.006620435 -0.838401115 0.540930036
1770719944.860085487 43.488258280 -60.521080226 2.112996354 0.073642801 0.012180055 0.920449494 -0.383667972
1770719945.460062265 43.375314895 -60.721010107 2.143936770 0.070233879 0.006511706 0.969601619 -0.234302155
1770719946.659922123 42.888655409 -60.922713636 2.210236147 0.049293751 0.007287756 0.983453962 -0.174170373
1770719947.558919191 42.388009256 -61.094640957 2.278583641 0.044539913 0.020111169 0.968570081 -0.243892875
1770719948.258947372 41.948782399 -61.336515794 2.344842438 0.040154486 0.023043774 0.949069553 -0.311646572
1770719949.159276724 41.524019017 -61.648385460 2.403518958 0.033691518 0.025834434 0.879296535 -0.474378611
1770719949.959110737 41.319668657 -62.014802044 2.412544570 -0.042594686 -0.006973103 -0.788990888 0.612886978
1770719950.759055376 41.243717316 -62.453656799 2.434133989 -0.047843850 0.017132954 -0.676292617 0.734878033
1770719951.459855318 41.282826249 -62.874690651 2.447722979 -0.032800070 0.010133387 -0.541287996 0.840136165
1770719952.158883572 41.489426666 -63.295611605 2.460086948 -0.036531993 0.027399566 -0.393855002 0.918037534
1770719952.859945297 41.890813696 -63.649648051 2.436092316 -0.018535466 0.038677476 -0.240899782 0.969601869
1770719953.559141159 42.401404978 -63.869836115 2.399528115 -0.029569741 0.051597250 -0.178965141 0.982056430
1770719954.358715534 42.956655574 -63.954579315 2.383516176 -0.089777630 0.066096306 -0.274495404 0.955103936
1770719955.159036875 43.391213189 -64.247418617 2.357563694 -0.086039975 0.043716633 -0.286174543 0.953304836
1770719955.758964300 43.765405555 -64.592091398 2.345487714 -0.032681888 0.036761873 -0.199500523 0.978662352
1770719956.459914923 44.286610215 -64.822101569 2.306396280 -0.010703241 0.048993070 -0.070897008 0.996222231
1770719957.158961058 44.855076724 -64.836359046 2.257928858 -0.025830338 0.060196247 0.015766569 0.997727729
1770719957.858973265 45.398311641 -64.743236417 2.199744752 -0.065867039 0.062945535 0.021941143 0.995599306
1770719958.559949636 45.897786000 -64.702937584 2.140390128 -0.076332594 0.060733579 0.049628092 0.993992867
1770719959.259896278 46.428022428 -64.682203921 2.086362438 -0.037383450 0.052913357 0.131764811 0.989161609
1770719959.958994627 46.966679452 -64.556918001 2.041283018 -0.009263870 0.070110539 0.286252547 0.955540775
1770719960.659926176 47.409910451 -64.223809539 1.963255913 0.010471686 0.080485159 0.449983879 0.889340763
1770719961.359099150 47.638031459 -63.750370333 1.883112396 -0.013336915 0.062489968 0.556521973 0.828372153
1770719962.058923483 47.780725657 -63.219138170 1.833700049 -0.046186351 0.046490076 0.566856952 0.821205632
1770719962.759954929 47.963934572 -62.713999373 1.770949836 -0.048616075 0.046622424 0.566394797 0.821376747
1770719963.460017681 48.169602193 -62.228426763 1.703020414 -0.022431693 0.061920855 0.629529326 0.774180505
1770719964.159199476 48.267735558 -61.682193952 1.652779130 -0.027130101 0.059731026 0.631005698 0.772999335
1770719964.859979868 48.353187546 -61.187586672 1.607400884 -0.028746004 0.048334471 0.633027704 0.772083786
1770719965.560034037 48.450313448 -60.660292651 1.535099186 -0.025590757 0.050584810 0.636227371 0.769416027
1770719966.260020018 48.566193565 -60.135541312 1.480421920 -0.002319659 0.066556125 0.712399528 0.698607053
1770719966.958669186 48.533864257 -59.606278957 1.417090597 -0.001923131 0.068385150 0.756810117 0.650044783
1770719967.659074306 48.393992315 -59.060408100 1.381613917 -0.022045354 0.048219973 0.747928534 0.661658330
1770719968.358981371 48.305251775 -58.561742683 1.360295299 -0.030401711 0.029676430 0.716644811 0.696143132
1770719969.059205770 48.329413883 -58.024462866 1.299448709 -0.010253902 0.053187529 0.722970884 0.688751802
1770719969.758696795 48.305159643 -57.488736650 1.248892297 -0.010893216 0.058414754 0.728541134 0.682419864
1770719970.458967686 48.249143864 -56.967766458 1.227467366 -0.020704193 0.053308735 0.729361754 0.681733780
1770719971.158710480 48.206337454 -56.426994621 1.184238762 -0.021020762 0.051206600 0.729176833 0.682082955
1770719971.859169245 48.149045015 -55.861030061 1.111213277 -0.016360084 0.044451514 0.730574409 0.681188259
1770719972.359010696 48.110906425 -55.309671016 1.071405353 -0.015952164 0.043447297 0.734086809 0.677476508
1770719972.759247303 48.059762701 -54.762673900 1.023825338 -0.015550310 0.046065407 0.728996593 0.682788498
1770719973.159045458 48.043187726 -54.130104529 0.974076214 -0.003731432 0.055185609 0.728387416 0.682929277
1770719973.459063053 47.971873479 -53.619150276 0.933159975 -0.015615689 0.047265347 0.730506705 0.681088901
1770719973.860020161 47.920336612 -52.991355477 0.881966215 -0.010449753 0.038810166 0.723862568 0.688772500
1770719974.259140730 47.878486126 -52.355818670 0.843138326 -0.009867174 0.049960237 0.731557541 0.679875120
1770719974.559082270 47.832093568 -51.843045802 0.809186475 -0.013105099 0.048804478 0.728061296 0.683646932
1770719974.859123468 47.812790371 -51.343826291 0.774508384 -0.011308333 0.051986137 0.726352456 0.685260295
1770719975.259107113 47.734710810 -50.703274020 0.748664053 -0.022219577 0.037905060 0.729655453 0.682401947
1770719975.658729553 47.696323203 -50.061391318 0.689369557 -0.013660167 0.036579242 0.723290002 0.689439578
1770719976.059140444 47.669326713 -49.442455649 0.643590884 -0.012388080 0.048787737 0.731454583 0.680029768
1770719976.459050894 47.588926663 -48.857546728 0.619089899 -0.033063766 0.047980168 0.726187713 0.685022698
1770719976.858792067 47.598880076 -48.216393243 0.568285623 -0.010384425 0.037526195 0.715439228 0.697589176
1770719977.259168863 47.565838636 -47.565869946 0.487777283 -0.010690173 0.047264622 0.721373238 0.690849063
1770719977.659102440 47.501929833 -46.950945632 0.473667509 -0.025776868 0.035333111 0.721029924 0.691522215
1770719977.959037781 47.492891244 -46.441518652 0.441476226 -0.018678912 0.041149616 0.719871794 0.692634396
1770719978.359288216 47.464597550 -45.787225997 0.383996178 -0.016073697 0.034144729 0.724504270 0.688236396
1770719978.759204626 47.428562358 -45.141594834 0.344293930 -0.019411807 0.037143633 0.720380230 0.692311964
1770719979.159135342 47.426023567 -44.527813693 0.314398906 -0.012132665 0.048584526 0.714569042 0.697770325
1770719979.558806181 47.377083912 -43.902114679 0.262994824 -0.013239025 0.036773140 0.723341767 0.689383168
1770719979.959305048 47.316424165 -43.250362627 0.215029344 -0.023471081 0.036074652 0.718897755 0.693782203
1770719980.359055758 47.328439736 -42.651570940 0.186336889 -0.022769799 0.053860960 0.705746141 0.706047391
1770719980.758864164 47.267786227 -42.096737182 0.155162597 -0.013652280 0.030518703 0.728743952 0.683969646
1770719981.159159422 47.250210635 -41.432809806 0.102721766 -0.012007091 0.036291019 0.721127646 0.691746854
1770719981.459085464 47.225830563 -40.915394637 0.060739363 -0.012770314 0.036661715 0.721059476 0.691784699
1770719981.860079288 47.169992908 -40.268235663 0.032912758 -0.025486669 0.028212285 0.724199241 0.688541906
1770719982.258749008 47.145677620 -39.640152050 -0.015628813 -0.010116207 0.026937186 0.718924433 0.694492412
1770719982.659130812 47.130042455 -38.997358634 -0.054860021 -0.014693971 0.036728106 0.721282478 0.691510463
1770719983.058950424 47.070719908 -38.372290455 -0.078232667 -0.024323216 0.027213722 0.724899809 0.687886664
1770719983.459325075 47.065840035 -37.748898814 -0.123004100 -0.013257178 0.023683383 0.714437419 0.699172739
1770719983.859202385 47.049663415 -37.114631334 -0.184523510 -0.014648376 0.036793934 0.723610498 0.689071461
1770719984.259116411 46.971488990 -36.494217423 -0.191108933 -0.027192724 0.029601718 0.730303914 0.681938771
1770719984.559142590 46.966541216 -35.973216407 -0.221033292 -0.013671086 0.034475296 0.736134541 0.675818388
1770719984.959293604 46.911464298 -35.336701088 -0.271037707 -0.010167223 0.030272836 0.745801585 0.665402269
1770719985.359199047 46.825624209 -34.708730230 -0.304498371 -0.019841385 0.027128519 0.744240201 0.667065879
1770719985.759070635 46.768608935 -34.065830220 -0.331688614 -0.010538278 0.030574944 0.745329875 0.665911026
1770719986.158805847 46.672640864 -33.462415993 -0.370699221 -0.017095912 0.026007696 0.757996342 0.651515829
1770719986.559150219 46.545020042 -32.844758574 -0.408943897 -0.025608777 0.019225133 0.753066941 0.657164186
1770719986.959132433 46.495714857 -32.228322975 -0.445830695 -0.015635644 0.029705884 0.754674208 0.655240358
1770719987.359345436 46.385596764 -31.625904880 -0.489740211 -0.012551423 0.019394064 0.765726558 0.642751250
1770719987.759138346 46.280438375 -30.959156586 -0.505598225 -0.012913692 0.025298792 0.759570987 0.649803912
1770719988.059204340 46.199403307 -30.452697737 -0.525190011 -0.015559009 0.026786596 0.755834854 0.654029104
1770719988.459174633 46.055578699 -29.807161388 -0.539531532 -0.030428510 0.016367633 0.749172077 0.661473662
1770719988.859364986 45.991305914 -29.176835166 -0.586039299 -0.017770476 0.010317682 0.732813055 0.680119682
1770719989.259203911 45.970649771 -28.550265766 -0.619451700 -0.020421901 0.024326498 0.724609160 0.688427725
1770719989.659204483 45.916705736 -27.922145427 -0.644171148 -0.021477925 0.022831072 0.711859812 0.701621728
1770719990.059092999 45.950024655 -27.294253643 -0.671563258 -0.008374430 0.022025345 0.704001278 0.709807688
1770719990.459259272 45.974814961 -26.658666048 -0.740617814 -0.008935757 0.035322312 0.708359209 0.704911142
1770719990.859791279 45.908931961 -26.022132661 -0.730876428 -0.022043708 0.023096188 0.705381709 0.708108245
1770719991.159198523 45.924760897 -25.487937949 -0.762329499 -0.017082383 0.025675851 0.706492188 0.707048606
1770719991.459132433 45.914886225 -24.984538606 -0.773336336 -0.023572798 0.022114789 0.712300652 0.701129831
1770719991.859404087 45.929118126 -24.333241280 -0.811946195 -0.008128535 0.017360111 0.707025718 0.706927993
1770719992.259165525 45.936696017 -23.700118937 -0.847900207 -0.013369931 0.025893198 0.707797720 0.705813839
1770719992.659149885 45.899569833 -23.097312628 -0.864672999 -0.025692267 0.017652835 0.712452285 0.701027835
1770719993.059409857 45.903726115 -22.482310582 -0.900735710 -0.014633335 0.012415918 0.702201788 0.711719298
1770719993.458804369 45.912449923 -21.855368336 -0.942140670 -0.013834368 0.023759294 0.713141013 0.700481264
1770719993.859253168 45.863486175 -21.235039209 -0.961264087 -0.027792309 0.023540009 0.709213445 0.704052374
1770719994.259344339 45.917697491 -20.588775353 -0.981455576 -0.002615727 0.021296976 0.709382169 0.704497363
1770719994.559449196 45.916926992 -20.065275583 -1.015708573 -0.002309335 0.023247477 0.707655884 0.706170923
1770719994.959238529 45.874811151 -19.405453972 -1.026829053 -0.017808287 0.020331584 0.706711625 0.706985269
1770719995.359225750 45.872030354 -18.763936997 -1.038811684 -0.011335785 0.018810406 0.711140673 0.702706633
1770719995.759306192 45.822524015 -18.149957080 -1.060310685 -0.016858002 0.015119737 0.725155046 0.688213165
1770719996.159244061 45.769744505 -17.551355742 -1.103636091 -0.028206642 0.012655805 0.711393753 0.702113342
1770719996.559172153 45.802924115 -16.912577202 -1.117107628 -0.019330855 0.021700998 0.712963671 0.700598451
1770719996.959341288 45.754524305 -16.273361655 -1.168095590 -0.013631566 0.006212556 0.720190745 0.693614356
1770719997.359200239 45.713665983 -15.626125523 -1.178698376 -0.021558941 0.005131977 0.718170313 0.695514396
1770719997.659276485 45.708069048 -15.102823424 -1.183618116 -0.018896271 0.009642158 0.727401138 0.685884498
1770719998.059195518 45.654702303 -14.445522814 -1.203618385 -0.024608439 0.008415200 0.736003909 0.676477535
1770719998.458923817 45.612638410 -13.837622657 -1.231197999 -0.012322724 0.002379030 0.732139640 0.681038940
1770719998.859210253 45.557413795 -13.188466779 -1.254364205 -0.018795083 0.010493068 0.734150373 0.678645614
1770719999.259220362 45.474556191 -12.570684113 -1.260856136 -0.030817338 0.003316093 0.737241888 0.674917546
1770719999.659468174 45.449307095 -11.944409714 -1.288448111 -0.017789206 0.000637791 0.730471791 0.682710847
1770720000.059273243 45.408151657 -11.311326538 -1.320520283 -0.021241653 0.014047095 0.736872553 0.675551857
1770720000.459206820 45.330471824 -10.713616130 -1.344792700 -0.029189988 0.008335918 0.735158572 0.677215129
1770720000.859271288 45.333046894 -10.051317482 -1.354624572 -0.005584715 0.010472799 0.734814951 0.678163785
1770720001.159340620 45.279695904 -9.542647637 -1.370258701 -0.007571774 0.010127652 0.733621595 0.679440545
1770720001.559278488 45.194421663 -8.902178691 -1.402041625 -0.021277301 0.003134822 0.732542591 0.680381365
1770720001.959455252 45.142748761 -8.258401228 -1.403527308 -0.019263961 0.005892378 0.731679925 0.681350620
1770720002.359298944 45.076071154 -7.680249949 -1.411810824 -0.020806564 -0.001979287 0.740007576 0.672273722
1770720002.759296894 45.020607355 -7.053428953 -1.437421856 -0.021140572 0.004822356 0.726770530 0.686537995
1770720003.159220695 45.008003645 -6.436231884 -1.461602462 -0.014725481 0.013344162 0.729036920 0.684185840
1770720003.559433460 44.940469597 -5.797301541 -1.485134514 -0.014740213 -0.000886573 0.735224739 0.677662544
1770720003.959332466 44.848086820 -5.179155954 -1.511661250 -0.030489653 -0.009004409 0.731154113 0.681471177
1770720004.259220600 44.811522503 -4.677506143 -1.508884819 -0.028046734 -0.007112018 0.735399545 0.677015738
1770720004.659259081 44.741624890 -4.021689964 -1.518943378 -0.038009661 -0.002943402 0.736005273 0.675901502
1770720005.059317112 44.718054416 -3.408964413 -1.535920342 -0.018389842 -0.006905417 0.726801079 0.686567055
1770720005.459284544 44.696573702 -2.789101851 -1.560573666 -0.019166871 0.003832098 0.730970568 0.682129001
1770720005.859248400 44.637681558 -2.182306666 -1.567229173 -0.029486851 -0.000352989 0.737334364 0.674884017
1770720006.258930922 44.606862944 -1.613656172 -1.600312768 -0.017321397 0.000715989 0.744849522 0.667007231
1770720006.759234667 44.532976809 -1.070223917 -1.605688686 -0.016867441 0.006661957 0.771665297 0.635770224
1770720007.359574556 44.393592109 -0.549524375 -1.621186844 -0.018491364 0.003804661 0.822261980 0.568795948
1770720008.159349918 44.141160914 -0.048141113 -1.657306777 -0.021781517 -0.005216190 0.875436075 0.482814701
1770720009.059311390 43.821531809 0.410771326 -1.701334442 -0.023782093 -0.010250145 0.915953567 0.400447762
1770720009.759283066 43.463119828 0.793860955 -1.716114864 -0.021309449 -0.007750704 0.916179989 0.400125057
1770720010.459567308 43.056519648 1.158710411 -1.736506879 -0.024314126 -0.025444373 0.931434346 0.362203625
1770720011.259046078 42.948547254 1.353885397 -1.711826676 -0.023180541 -0.014688862 0.981508417 0.189441620
1770720012.059351444 43.072389110 1.403050518 -1.728486428 -0.011780326 -0.011824898 0.999689956 0.018476686
1770720012.859412193 43.074424625 1.474015511 -1.713891010 -0.002051775 -0.012772140 0.988361045 -0.151575417
1770720013.659387112 43.056361162 1.552743769 -1.733282975 -0.001006255 -0.003840224 0.941885709 -0.335910034
1770720016.559735060 42.724229198 1.162944561 -1.739639917 -0.004459805 -0.001108264 0.941328671 -0.337459947
1770720017.659556150 42.273342878 0.814837135 -1.748006776 -0.005024730 0.006040335 0.981379869 -0.191916177
1770720018.559468508 41.773952990 0.603955784 -1.734566223 -0.009755264 -0.002047900 0.995760497 -0.091442183
1770720019.559540272 41.255015121 0.513579517 -1.755141887 -0.013823220 0.001677188 0.998763618 -0.047721505
1770720020.459438801 40.747940828 0.485144554 -1.775006726 -0.011411649 0.005248864 0.999206828 -0.037788085
1770720024.159410477 40.216976617 0.427392620 -1.795238883 -0.002899957 0.000596159 0.999444063 0.033208421
1770720024.859444380 39.674040531 0.469762571 -1.798004538 -0.008147120 0.002754820 0.999285316 0.036808864
1770720025.659603119 39.150719117 0.491525580 -1.796098928 -0.023113164 0.002985086 0.999180017 0.033108366
1770720030.259525776 38.606422675 0.546485912 -1.843784208 -0.000678555 -0.001013131 0.997701522 0.067750911
1770720030.759105206 38.107953790 0.618299113 -1.819687152 -0.010916650 -0.000902232 0.997108756 0.075194020
1770720031.259428501 37.480379723 0.698634839 -1.834747091 -0.016995475 -0.002192130 0.996727538 0.078997232
1770720031.659613609 36.904032628 0.767120612 -1.821801199 -0.019580618 -0.007334113 0.995811538 0.089006694
1770720032.059414387 36.255563156 0.900333422 -1.843767699 -0.012866674 -0.003239191 0.995195646 0.097003002
1770720032.359110832 35.765139387 1.007319005 -1.856726151 -0.019015126 -0.001988653 0.995227829 0.095687191
1770720032.753462553 35.115733303 1.130685758 -1.874926748 -0.022207091 -0.010979931 0.994844862 0.098336090
1770720033.059560061 34.624423780 1.231539384 -1.878138532 -0.021651800 0.001014432 0.995996229 0.086727632
1770720033.459572554 34.013598354 1.299697910 -1.888423373 -0.024301371 -0.011226837 0.997855730 0.059727249
1770720033.859172106 33.381329008 1.431880169 -1.879932917 -0.012866133 0.000630439 0.999150184 0.039153219
1770720034.159501314 32.862264962 1.465351990 -1.884365490 -0.014666592 0.000184884 0.999701793 0.019523905
1770720034.559432268 32.211843140 1.450291145 -1.889892112 -0.020366254 -0.012219991 0.999717584 0.000799352
1770720034.959162712 31.574420350 1.453136162 -1.895241508 -0.021301928 -0.000948748 0.999520251 -0.022463226
1770720035.359530449 30.935863563 1.391756881 -1.914169718 -0.015677629 -0.004940084 0.998413560 -0.053853238
1770720035.759839296 30.285286254 1.331022265 -1.924515985 -0.014682781 -0.012517891 0.996800328 -0.077568190
1770720036.159608841 29.677910752 1.239369594 -1.923670130 -0.021244322 0.000567527 0.994803250 -0.099573343
1770720036.559502602 29.043162181 1.087394485 -1.947104267 -0.013609973 -0.007798096 0.992097862 -0.124482093
1770720036.959424973 28.450821291 0.889257440 -1.969635045 -0.012486908 -0.024937310 0.992157434 -0.121843484
1770720037.359807253 27.823932810 0.695277500 -1.981746420 -0.014024596 -0.010479653 0.993442976 -0.112980271
1770720037.759595871 27.191764679 0.554812532 -1.998178890 -0.013291656 -0.008814565 0.995062388 -0.097961619
1770720038.159474373 26.554125728 0.443833320 -2.001335676 -0.009720134 -0.013526327 0.998155393 -0.058381230
1770720038.559631109 25.916598912 0.404518801 -2.005905086 -0.014420887 0.001283409 0.999447426 -0.029920439
1770720038.859214783 25.409365372 0.367292555 -2.002373704 -0.011826595 -0.011017803 0.999461943 -0.028540588
1770720039.259698153 24.786700942 0.331941817 -2.011880861 -0.005139077 -0.005337116 0.999797223 -0.018724795
1770720039.659491062 24.156407034 0.306758247 -2.027899414 -0.010032953 -0.000988765 0.999740251 -0.020439996
1770720040.059450865 23.538571252 0.257796119 -2.037010686 -0.011651393 -0.012730300 0.999425438 -0.029171546
1770720040.459549189 22.878935384 0.243963086 -2.036893860 -0.006443608 -0.005148888 0.999577966 -0.027854245
1770720040.759622812 22.375340062 0.201646633 -2.037674823 -0.006160387 -0.005390860 0.999587488 -0.027528926
1770720041.159526825 21.736228732 0.138114922 -2.047124780 -0.008261761 -0.014511386 0.999483648 -0.027451771
1770720041.559711218 21.087955452 0.105743517 -2.040490983 -0.009454110 -0.002319020 0.999616919 -0.025908649
1770720041.959600687 20.447853520 0.060525941 -2.054729996 -0.005363998 -0.006342774 0.999416834 -0.033120831
1770720042.359782696 19.805633606 0.008834465 -2.065323114 -0.011582038 -0.012146739 0.999462329 -0.028166759
1770720042.759295702 19.180889293 -0.012194179 -2.050973480 -0.013884337 -0.001868340 0.999682979 -0.020920723
1770720043.159734011 18.561033529 -0.065879416 -2.067350097 -0.004610834 -0.010078111 0.999487974 -0.030016018
1770720043.559651375 17.925748089 -0.143360620 -2.076156703 -0.001701734 -0.024027010 0.999373214 -0.025941972
1770720043.959622145 17.278007684 -0.180510680 -2.067048540 -0.003971177 -0.011642329 0.999541060 -0.027683140
1770720044.359586239 16.630487825 -0.211259954 -2.085910385 -0.004803479 -0.008287229 0.999306230 -0.035990376
1770720044.759526968 15.967613459 -0.247907219 -2.080912767 -0.006497733 -0.012854452 0.999470074 -0.029190978
1770720045.159224272 15.339524313 -0.263759438 -2.080838010 -0.009209989 -0.003655229 0.999629310 -0.025358580
1770720045.559602976 14.703657844 -0.333190198 -2.099529836 -0.003277196 -0.010631862 0.999257581 -0.036885093
1770720045.959608793 14.050195617 -0.406654006 -2.099208445 -0.007773416 -0.017992085 0.999001155 -0.040156580
1770720046.359222174 13.436869228 -0.440983186 -2.093804668 -0.008995278 -0.006261922 0.999100970 -0.040952726
1770720046.759578943 12.822410779 -0.527011219 -2.107132662 -0.000537982 -0.007717242 0.998638242 -0.051592784
1770720047.059586525 12.322302541 -0.562699682 -2.103139613 -0.001880974 -0.010037319 0.998904306 -0.045671683
1770720047.359601021 11.818367576 -0.614477462 -2.100993404 -0.000444869 -0.010818783 0.998872635 -0.046219209
1770720047.759368420 11.174691914 -0.707619597 -2.109283430 -0.005318919 -0.019832890 0.998711681 -0.046404135
1770720048.159648657 10.528574481 -0.767188358 -2.103972727 -0.007735039 -0.008572795 0.998998144 -0.043236373
1770720048.559578657 9.902916804 -0.827512462 -2.102595820 -0.001249494 -0.012672425 0.998722743 -0.048895101
1770720048.959896326 9.264343712 -0.917372997 -2.105528683 -0.004847192 -0.019573447 0.998788647 -0.044884562
1770720049.359533310 8.635361367 -0.958344104 -2.103740220 -0.005211268 -0.005528092 0.999119360 -0.041264848
1770720049.759639502 8.006175107 -1.033632166 -2.111489107 0.002604905 -0.013048393 0.998751070 -0.048158634
1770720050.159688234 7.378471030 -1.117142439 -2.111116933 -0.001684760 -0.025393623 0.998714859 -0.043828718
1770720050.459567785 6.862930413 -1.161217124 -2.105410833 -0.002253939 -0.016620818 0.998795827 -0.046103851
1770720050.859699249 6.233841339 -1.232596660 -2.088267792 -0.005975737 -0.020626907 0.998326298 -0.053697522
1770720051.259609222 5.596751287 -1.269388685 -2.093487595 0.001789464 -0.014475668 0.998765112 -0.047492140
1770720051.659591913 4.952493086 -1.326360878 -2.099330269 -0.002441769 -0.008778756 0.998974476 -0.044350500
1770720052.059644222 4.329996184 -1.430122403 -2.097806060 -0.003927180 -0.018913601 0.998619535 -0.048845445
1770720052.459579706 3.703107418 -1.478796611 -2.093416876 0.003958391 -0.018067218 0.998934504 -0.042281950
1770720052.859645128 3.074037229 -1.536916461 -2.095040477 -0.002301432 -0.011289589 0.998847362 -0.046596094
1770720053.259850740 2.447881471 -1.618663077 -2.097378993 -0.004525260 -0.019700708 0.998423329 -0.052366590
1770720053.659221888 1.803177083 -1.651576368 -2.077462251 0.002315763 -0.012633146 0.998834812 -0.046519440
1770720053.959653616 1.288679723 -1.702891206 -2.087403597 0.004811721 -0.011934782 0.998886892 -0.045380441
1770720054.359635115 0.639425422 -1.790390584 -2.096367849 -0.000660919 -0.023898461 0.998766652 -0.043515526
1770720054.759574890 0.006779079 -1.848694031 -2.069478176 -0.003069188 -0.012970059 0.999001079 -0.042652111
1770720055.159821033 -0.627539560 -1.920541195 -2.085654808 0.003616939 -0.016158480 0.998596757 -0.050302457
1770720055.559360743 -1.283427375 -1.996119172 -2.078029228 0.000537975 -0.021501522 0.998700427 -0.046204465
1770720055.959315062 -1.903074223 -2.036345668 -2.055323138 -0.004618276 -0.010097129 0.999100041 -0.040936861
1770720056.359640360 -2.530653024 -2.113101119 -2.062525349 0.003407226 -0.016098586 0.998729162 -0.047637027
1770720056.759600639 -3.155062159 -2.211178449 -2.051304224 0.003831354 -0.029795332 0.998601713 -0.043499164
1770720057.059873819 -3.665765468 -2.253537034 -2.037812824 0.002540133 -0.021201170 0.998648915 -0.047375132
1770720057.459725142 -4.305733017 -2.318217445 -2.021317305 -0.000943644 -0.025518164 0.998163517 -0.054932008
1770720057.859675169 -4.935345056 -2.367821620 -2.010989128 0.005848365 -0.018362902 0.998639665 -0.048450177
1770720058.259649992 -5.577054620 -2.419443618 -2.005720469 0.002060842 -0.013363852 0.998868166 -0.045602050
1770720058.659834862 -6.213537024 -2.515202062 -1.978862485 -0.000977609 -0.026753678 0.998368308 -0.050438153
1770720059.059731007 -6.827722581 -2.564713052 -1.984276742 0.007696846 -0.022774330 0.998703782 -0.044864727
1770720059.459725142 -7.480654690 -2.614255702 -1.979965782 0.000951501 -0.015648234 0.998706950 -0.048359651
1770720059.859860420 -8.101625917 -2.693356169 -1.978245619 0.001339195 -0.026355999 0.998431783 -0.049371465
1770720060.259723902 -8.747957749 -2.730885372 -1.951547701 0.005110981 -0.018663936 0.999065295 -0.038653236
1770720060.659607649 -9.389184992 -2.777291764 -1.946987455 0.003291400 -0.017846234 0.999440713 -0.028088075
1770720061.059800386 -9.973124999 -2.851344592 -1.912882302 0.002037658 -0.030016256 0.999249084 -0.024415975
1770720061.459707260 -10.508630486 -2.890960580 -1.917450200 0.008700927 -0.027412170 0.999584093 -0.002123269
1770720061.959815025 -11.111855728 -2.891126303 -1.903014124 0.006320936 -0.015361920 0.999655526 0.020319617
1770720062.459664822 -11.688473556 -2.851065321 -1.902688581 0.005661095 -0.016666722 0.999006099 0.040951017
1770720062.959758520 -12.233172133 -2.810299409 -1.881457647 0.010457151 -0.020051991 0.997803632 0.062261364
1770720063.459877729 -12.775919653 -2.771950038 -1.870930716 0.012753068 -0.026248509 0.995488044 0.090288040
1770720063.959686041 -13.298513776 -2.672413035 -1.862705126 0.013819097 -0.023873306 0.992106091 0.122329888
1770720064.459711552 -13.791368744 -2.540863149 -1.834802348 0.018326885 -0.020951837 0.986635960 0.160544787
1770720064.959924698 -14.285581769 -2.379367671 -1.816386931 0.014501353 -0.017974917 0.979602858 0.199611756
1770720065.559370279 -14.823583569 -2.170155499 -1.797915259 0.014542859 -0.018571575 0.969185043 0.245201863
1770720066.259695768 -15.306671594 -1.888997243 -1.775164932 0.025088635 -0.020385718 0.927873845 0.371490391
1770720066.859728575 -15.671489478 -1.529850486 -1.746715608 0.026842878 -0.018198975 0.892053954 0.450763797
1770720067.359778643 -15.953414353 -1.105485980 -1.720842526 0.023140477 -0.005554485 0.872875913 0.487361576
1770720067.959721565 -16.256128402 -0.615472977 -1.681068449 0.029771250 -0.007692375 0.845355308 0.533318763
1770720068.559662819 -16.510141608 -0.128210495 -1.650936152 0.030365003 -0.007818367 0.819378933 0.572394098
1770720069.159578562 -16.684347952 0.344193242 -1.624429753 0.026676668 -0.009160864 0.762396601 0.646495056
1770720069.759748459 -16.787599968 0.837200659 -1.602461039 0.025862032 -0.010726008 0.723103245 0.690172301
1770720070.359886646 -16.777384789 1.436291236 -1.558493604 0.037351933 -0.001090818 0.713607784 0.699548121
1770720070.859448195 -16.751251163 1.967496864 -1.533841805 0.040660545 0.001889236 0.721224319 0.691504615
1770720071.359828234 -16.792276123 2.464952063 -1.494375669 0.039203137 -0.004046649 0.732205821 0.679942184
1770720071.859726667 -16.862748785 2.971717817 -1.464866739 0.020974220 -0.011175272 0.739012886 0.673271973
1770720072.359456778 -16.945417547 3.494341470 -1.450710077 0.016264991 -0.024601288 0.737153822 0.675081084
1770720072.859711409 -16.986259821 4.009136161 -1.419245427 0.031256992 -0.029423629 0.735575631 0.676081165
1770720073.359799862 -16.988694153 4.515871280 -1.385790484 0.033130774 -0.008050125 0.738186844 0.673734169
1770720073.859720469 -17.046725032 5.045286071 -1.343793285 0.029596182 -0.007568233 0.740323910 0.671555877
1770720074.359975338 -17.127150659 5.563482114 -1.308886946 0.023191663 -0.019256663 0.742869326 0.668757424
1770720074.859459877 -17.202464436 6.088461775 -1.269628575 0.012824872 -0.025156520 0.743563553 0.668068795
1770720075.359749317 -17.270214509 6.617266372 -1.245131346 0.014133743 -0.022268932 0.740380656 0.671670169
1770720075.859734535 -17.295204572 7.140552857 -1.207867637 0.025458136 -0.023280924 0.738161018 0.673741934
1770720076.359847069 -17.340888178 7.684747302 -1.177583914 0.024493362 -0.018367760 0.736058313 0.676225451
1770720076.759853840 -17.421612709 8.176959747 -1.134151866 0.015222756 -0.025577935 0.742615969 0.669055723
1770720077.259768009 -17.486553418 8.728179582 -1.073198100 0.005751627 -0.027237584 0.744617430 0.666910725
1770720077.759771109 -17.540067512 9.294068400 -1.068727317 0.015987092 -0.027028956 0.743389322 0.668121369
1770720078.259795427 -17.565297174 9.820777707 -1.015266919 0.027987590 -0.024186629 0.748847372 0.661709389
1770720078.759512186 -17.631799650 10.355711698 -0.984126703 0.025676437 -0.020301720 0.760951730 0.647982273
1770720079.259625196 -17.756605810 10.897669569 -0.963813826 0.015313747 -0.025504054 0.781383701 0.623341435
1770720079.759772301 -17.900247134 11.401728777 -0.925176539 0.014555365 -0.031088484 0.796396428 0.603799948
1770720080.259478807 -18.052727999 11.987061285 -0.868435202 0.011216560 -0.026695056 0.807652647 0.588947167
1770720080.759979010 -18.240370185 12.501747211 -0.838828080 0.007743075 -0.034093858 0.819894955 0.571445462
1770720081.259788036 -18.396368409 12.984173007 -0.804141886 0.011149416 -0.032805446 0.834639773 0.549705323
1770720081.859820127 -18.628031722 13.474355323 -0.773967853 0.010670442 -0.036326263 0.857507541 0.513076370
1770720082.359732151 -18.860229510 13.920402819 -0.752289140 0.007408555 -0.035889802 0.877890020 0.477458006
1770720082.959756374 -19.210234888 14.389433464 -0.738694580 0.003470390 -0.042279802 0.900582651 0.432609828
1770720083.459881544 -19.611015062 14.806942653 -0.706659173 -0.005767591 -0.050565293 0.917189490 0.395187709
1770720083.959814787 -19.996246111 15.195296638 -0.657980016 -0.007782136 -0.053932229 0.920267235 0.387477701
1770720084.460005999 -20.385612826 15.592638567 -0.627062277 -0.005653200 -0.052785616 0.919148712 0.390317005
1770720084.959853172 -20.751262642 15.996242716 -0.605639127 0.000888033 -0.047787841 0.908968156 0.414116440
1770720085.559792280 -21.151309190 16.458213620 -0.570538098 0.004935117 -0.050260710 0.892335682 0.448538222
1770720086.059832096 -21.455424142 16.860938588 -0.534035711 0.010405445 -0.048709973 0.874355599 0.482722852
1770720086.559922934 -21.723503577 17.308359497 -0.495607093 0.007229153 -0.034797239 0.856272121 0.515300830
1770720087.059787989 -21.989871918 17.800554996 -0.464611379 0.007308963 -0.036318523 0.834095405 0.550374781
1770720087.559831858 -22.216419087 18.281166251 -0.428482473 0.006722998 -0.040019891 0.810638024 0.584139712
1770720088.059836626 -22.367319582 18.811567606 -0.384850606 0.014023042 -0.036427130 0.780871625 0.623470868
1770720088.559835911 -22.474775134 19.352471476 -0.357286582 0.021692215 -0.028001373 0.745998613 0.665004843
1770720089.059973001 -22.535832787 19.882608215 -0.296318578 0.025689824 -0.033759262 0.723596984 0.688917811
1770720089.559800863 -22.551330005 20.450677937 -0.265695638 0.017836556 -0.014699933 0.722336755 0.691155107
1770720090.059877157 -22.604409359 21.072946205 -0.215778241 0.014189216 -0.022785553 0.708727603 0.704971396
1770720090.559855461 -22.619051935 21.669229659 -0.178347921 0.015968283 -0.024150691 0.695978111 0.717479078
1770720090.959894896 -22.594526544 22.178024295 -0.149872417 0.014700689 -0.023625214 0.674840199 0.737439113
1770720091.459800482 -22.519677592 22.754884963 -0.099827606 0.024638825 -0.020203826 0.647828334 0.761119691
1770720091.959869385 -22.414949976 23.346190161 -0.066275038 0.033944360 -0.010108382 0.625095830 0.779744063
1770720092.359927177 -22.331348763 23.843290097 -0.029421241 0.031936805 -0.023933060 0.615003556 0.787513730
1770720092.859553337 -22.191024934 24.434682123 -0.002273045 0.030119506 -0.020705484 0.590802067 0.805988223
1770720093.259944201 -21.976803654 24.896125649 0.059429057 0.049111726 -0.006774544 0.557876961 0.828441573
1770720093.659508228 -21.769067284 25.423745309 0.094464237 0.045271688 -0.005179191 0.538681950 0.841276059
1770720094.059889555 -21.570256099 25.925017190 0.153747647 0.033350106 -0.017653602 0.516211331 0.855629583
1770720094.459994078 -21.325173707 26.405266464 0.193184779 0.036921024 -0.020021091 0.489105993 0.871212558
1770720094.859968901 -21.045195853 26.849341766 0.215464302 0.040724898 -0.011731638 0.468972350 0.882195436
1770720095.259871244 -20.748162803 27.312395682 0.268945569 0.034051421 -0.015123883 0.439970499 0.897238947
1770720095.659956455 -20.367451025 27.733865739 0.305394725 0.042518960 -0.003003228 0.403002895 0.914205549
1770720096.059855938 -19.968836364 28.147830010 0.310999200 0.049424267 0.003646656 0.385643885 0.921315764
1770720096.459976673 -19.559311623 28.581397790 0.374987402 0.033869146 -0.009810405 0.370074697 0.928332567
1770720096.859848261 -19.106639411 28.999130530 0.399961058 0.036824506 -0.000705041 0.368729927 0.928806600
1770720097.259708166 -18.668714402 29.400447643 0.429490947 0.044475223 -0.000093946 0.374088226 0.926326047
1770720097.659938097 -18.252958318 29.847430931 0.478543441 0.031511922 -0.004435078 0.384067949 0.922756273
1770720098.059896708 -17.824211554 30.263563889 0.491735415 0.038520910 -0.000454037 0.394576926 0.918055000
1770720098.459928989 -17.414482644 30.684592970 0.514462080 0.044123244 0.001490354 0.421165098 0.905908869
1770720098.859906435 -17.061563563 31.154444837 0.558585562 0.032525108 -0.012329446 0.448190876 0.893260903
1770720099.259891748 -16.736785119 31.601039215 0.585524983 0.043153325 -0.012216398 0.470642419 0.881183445
1770720099.659929514 -16.418584732 32.080772448 0.620325668 0.042223964 -0.018869372 0.504691089 0.862060316
1770720100.059966326 -16.143297982 32.629556730 0.690768239 0.033038646 -0.020922566 0.528003052 0.848341600
1770720100.459883690 -15.904759893 33.169981678 0.738111416 0.033124152 -0.026157030 0.553995545 0.831449058
1770720100.859673977 -15.692039134 33.708207321 0.789557121 0.026468980 -0.029513938 0.584888164 0.810144528
1770720101.259970665 -15.556843187 34.262499863 0.837100499 0.014209471 -0.033602723 0.611473797 0.790423142
1770720101.659428596 -15.420506157 34.747370271 0.870411646 0.021537373 -0.035834400 0.627564306 0.777441367
1770720102.059716463 -15.314827504 35.260785529 0.913212950 0.016806935 -0.030324832 0.656565804 0.753471484
1770720102.459982157 -15.277695170 35.803129748 0.943652031 0.005951663 -0.042129586 0.677886861 0.733933975
1770720102.859647512 -15.227829968 36.340820391 0.977945922 0.016722749 -0.049578247 0.671765469 0.738913731
1770720103.259891033 -15.228540522 36.972477797 1.047199344 0.003492852 -0.057226492 0.683068947 0.728100091
1770720103.659962416 -15.202952531 37.542952865 1.106101315 -0.002437919 -0.048588877 0.689932389 0.722237133
1770720104.059886932 -15.154312828 38.070207873 1.164615340 0.013667619 -0.051456317 0.678212431 0.732934747
1770720104.459999084 -15.098617122 38.572444813 1.191294444 0.015073568 -0.044001338 0.684852215 0.727196062
1770720104.959623575 -15.059562344 39.094736934 1.252971290 0.015115324 -0.045970537 0.687370135 0.724693407
1770720105.657966614 -15.043754419 39.655017829 1.283330316 0.013031161 -0.043632217 0.684929893 0.727184612
1770720106.459944487 -15.006566673 40.191701187 1.333024269 0.017291880 -0.038436060 0.679802125 0.732183536
1770720110.359520674 -15.005853116 40.741015378 1.338250518 0.012636905 -0.047192805 0.689419994 0.722712405
1770720111.059654236 -14.999752059 41.243836178 1.377532020 0.015557595 -0.046614463 0.678623265 0.732840717
1770720111.659380913 -14.965707471 41.787203244 1.427146785 0.016096961 -0.047598762 0.647308185 0.760570417
1770720112.359973669 -14.866934198 42.319286374 1.480010921 0.023947429 -0.041707674 0.576335002 0.815797129
1770720113.059595346 -14.662995695 42.775178602 1.518809363 0.031146216 -0.035262326 0.438584192 0.897457736
1770720113.759350538 -14.300515300 43.226571164 1.584855751 0.023903271 -0.032138743 0.288134665 0.956751875
1770720114.359660149 -13.850419653 43.502412229 1.621348637 0.027876669 -0.027488867 0.167091940 0.985163711
1770720114.860019684 -13.316524244 43.628824128 1.650793419 0.041392795 -0.018466534 0.129870017 0.990494524
1770720115.359622955 -12.718818731 43.753566830 1.689566918 0.045013635 -0.010901798 0.118880892 0.991827736
1770720115.859689474 -12.144064896 43.924124824 1.704627495 0.041036719 -0.015394057 0.121283483 0.991649801
1770720116.359963655 -11.554252939 44.116697324 1.756845324 0.032446115 -0.023475821 0.116531655 0.992379216
1770720116.759690762 -11.049894572 44.263065549 1.787337698 0.028816263 -0.018372022 0.106502898 0.993724924
1770720117.159461975 -10.535976191 44.335773759 1.822323154 0.042860371 -0.011620207 0.086611012 0.995251974
1770720117.559993982 -9.972228626 44.403282287 1.845636982 0.042899655 -0.021498413 0.072476540 0.996215132
1770720117.959692717 -9.398204197 44.495394694 1.882358683 0.032468283 -0.014802533 0.047993295 0.998210068
1770720118.359554052 -8.822173994 44.563264039 1.918437997 0.039179831 -0.012017172 0.045958278 0.998102382
1770720118.760001659 -8.261133764 44.634622825 1.940042743 0.035331656 -0.020171239 0.070511862 0.996680928
1770720119.159299374 -7.683032774 44.726548229 1.960993623 0.028219526 -0.016545732 0.079255076 0.996317485
1770720119.559641600 -7.131929506 44.786863718 2.001352376 0.043496396 -0.017227740 0.092918329 0.994574006
1770720119.959546804 -6.556504940 44.917259059 2.042402684 0.032519904 -0.026416898 0.106569076 0.993422184
1770720120.359411478 -6.011369616 45.077367181 2.070786482 0.018511632 -0.018644477 0.116433070 0.992850967
1770720120.759697676 -5.471412376 45.193389162 2.122702021 0.031511405 -0.018462586 0.119426337 0.992171111
1770720121.160077810 -4.950382206 45.342362679 2.137374846 0.027629905 -0.024523567 0.129898372 0.990838835
1770720121.560016394 -4.452601674 45.475287461 2.166005049 0.020450355 -0.020160063 0.126671464 0.991528968
1770720122.159640074 -3.887042513 45.632624633 2.214162165 0.024081266 -0.022508077 0.129019029 0.991094127
1770720124.360017061 -3.574348441 45.673258217 2.178910273 0.015864553 -0.044201365 0.287421271 0.956652271
1770720125.259685516 -3.487151043 45.662928132 2.171508091 0.004088185 -0.054267250 0.446061273 0.893346345
1770720126.159591675 -3.190927941 45.962189650 2.215849967 0.011856520 -0.044362353 0.580773894 0.812768779
1770720126.759489536 -3.006778544 46.448547191 2.269399789 0.009464733 -0.038494366 0.670120668 0.741192885
1770720127.359654188 -2.979713490 47.000136924 2.332231261 0.001069760 -0.040197065 0.705172734 0.707894389
1770720127.859403849 -3.044759047 47.508798833 2.332318593 -0.018245254 -0.051422362 0.712364146 0.699685768
1770720128.459479570 -3.050972363 48.067877246 2.369226411 -0.011991720 -0.051871645 0.715019616 0.697074229
1770720129.059738159 -3.064967799 48.623275978 2.409028072 -0.007527484 -0.048748986 0.713947219 0.698459907
1770720129.659783840 -3.096224605 49.123940999 2.448843704 -0.012919897 -0.052814148 0.712219225 0.699848210
1770720130.359629393 -3.108848348 49.638691734 2.495242434 -0.008284403 -0.044839161 0.710897464 0.701815940
1770720131.059825659 -3.131017823 50.185478745 2.520038063 -0.007384921 -0.048766195 0.709405383 0.703072773
1770720131.759750366 -3.151333901 50.705583240 2.532736401 -0.011478793 -0.051227538 0.711510556 0.700711571
1770720132.459739447 -3.172875971 51.252838230 2.565680304 -0.010890182 -0.048412734 0.712781624 0.699628450
1770720133.059791565 -3.150901908 51.780782077 2.620213596 -0.002425631 -0.041622003 0.703228143 0.709740731
1770720133.659651279 -3.162705409 52.281205490 2.643624310 -0.007744966 -0.045278355 0.685841930 0.726299341
1770720134.259696722 -3.171705641 52.798424437 2.678711675 -0.008000681 -0.048196685 0.659462763 0.750147941
1770720134.859738827 -3.078086038 53.331111014 2.705114180 -0.003429977 -0.043704179 0.649063786 0.759469803
1770720135.459742308 -2.965067465 53.855327121 2.749473497 0.000459629 -0.041351402 0.649666190 0.759093994
1770720136.059638739 -2.895648850 54.369313394 2.785628802 -0.001529556 -0.046753770 0.653440668 0.755530965
1770720136.659752131 -2.815237744 54.965976383 2.832752818 -0.005617015 -0.048233301 0.662646288 0.747356605
1770720137.259722948 -2.763667644 55.540771571 2.871680716 -0.004581016 -0.048663303 0.667618247 0.742897553
1770720137.858285189 -2.690245164 56.103788043 2.909810024 -0.004399441 -0.047829454 0.674704382 0.736523581
1770720138.459667444 -2.647918112 56.637045325 2.943118883 -0.008568244 -0.047687892 0.685938181 0.726044945
1770720139.059769869 -2.620361242 57.204462587 2.962649246 -0.006587785 -0.050175217 0.699667427 0.712674217
1770720139.659710884 -2.609511455 57.790223487 3.022917608 -0.005331154 -0.049325316 0.726279144 0.685607174
1770720140.259732008 -2.658584966 58.344382224 3.053301380 -0.008997936 -0.047353908 0.752034286 0.657359169
1770720140.859707594 -2.762890715 58.911931311 3.078154881 -0.018004113 -0.057810826 0.766017543 0.639961627
1770720141.359777927 -2.903263507 59.467289878 3.090856224 -0.021595818 -0.065965895 0.766838593 0.638075774
1770720141.754392147 -2.984133711 59.962796572 3.122433920 -0.014784766 -0.064125553 0.767169846 0.638059364
1770720142.159522533 -3.114659861 60.468147434 3.151858472 -0.027058431 -0.070388445 0.772279380 0.630791461
1770720142.660015106 -3.239479739 61.018105084 3.207886390 -0.028108259 -0.072398276 0.771410552 0.631580696
1770720143.159845114 -3.337732046 61.536324166 3.230868165 -0.025246218 -0.064289681 0.767801774 0.636953610
1770720143.659646034 -3.433801886 62.129621680 3.284481592 -0.015421363 -0.063642273 0.763416027 0.642579032
1770720144.259756565 -3.540953950 62.674082687 3.323413279 -0.014525794 -0.064428691 0.763203724 0.642773693
1770720145.059725046 -3.669110130 63.222943351 3.325015924 -0.027533537 -0.070657022 0.764170060 0.640541653
1770720145.759608269 -3.742908045 63.771722718 3.346855294 -0.014600468 -0.065000699 0.760019893 0.646476216
1770720146.359637976 -3.794147572 64.304675561 3.394328396 -0.003150908 -0.055986964 0.756554872 0.651521494
1770720146.959969521 -3.895043366 64.852538183 3.430734405 -0.007874536 -0.057903562 0.754644860 0.653526055
1770720147.559948444 -3.991959904 65.356664209 3.462913882 -0.014736333 -0.061371767 0.771594087 0.632976233
1770720148.159809589 -4.080923878 65.873613219 3.485440617 -0.012374915 -0.060174544 0.803019152 0.592778313
1770720148.859919786 -4.249994445 66.438203740 3.507250358 -0.012878603 -0.054110020 0.860786344 0.505918093
1770720149.459918022 -4.570750227 66.896757034 3.517489646 -0.033154604 -0.070228267 0.882994894 0.462913360
1770720150.159831762 -4.907254059 67.334592057 3.545622617 -0.038251956 -0.066197592 0.935922950 0.343806483
1770720150.959850788 -5.323434177 67.667449961 3.521066922 -0.041159788 -0.063079003 0.977885579 0.195106906
1770720151.559891701 -5.811661844 67.834502029 3.490094580 -0.045539370 -0.064080060 0.990800962 0.110151556
1770720152.259742498 -6.349284832 67.907099332 3.450488319 -0.052835181 -0.053614936 0.995380482 -0.059595121
1770720152.859833717 -6.937859881 67.859723804 3.393537380 -0.053602938 -0.048304179 0.992342734 -0.100246345
1770720153.359708309 -7.442465750 67.698781320 3.329236076 -0.048927348 -0.053076925 0.988102817 -0.135800509
1770720153.859798193 -7.993825305 67.532682397 3.276682560 -0.046961522 -0.049210943 0.986551952 -0.148620811
1770720154.359659195 -8.513342454 67.378588133 3.219709237 -0.058183144 -0.039873440 0.981605639 -0.177412516
1770720154.959857941 -9.033293191 67.193481783 3.155407744 -0.064800200 -0.034422979 0.964483020 -0.253748885
1770720155.659745932 -9.489614411 66.910137522 3.068533316 -0.067968599 -0.030577073 0.926086291 -0.369877674
1770720156.359924078 -9.826086975 66.538911670 3.011188070 -0.064027556 -0.025923225 0.864604429 -0.497682268
1770720157.159937620 -10.076249092 66.072366000 2.943657567 0.070684824 0.014078891 -0.776962683 0.625407410
1770720157.859735727 -10.184360846 65.549522547 2.868417293 0.063432504 0.018932518 -0.755401539 0.651909804
1770720158.459908485 -10.207644744 65.015159933 2.808098131 0.046630423 0.034619321 -0.760703208 0.646496509
1770720159.159779549 -10.321398048 64.494688260 2.771665376 0.047881061 0.030002887 -0.799240150 0.598349742
1770720159.859811068 -10.527085499 63.986477164 2.701593651 0.064528698 0.007611315 -0.723306693 0.687463122
1770720160.559866905 -10.545078236 63.442211567 2.621516797 0.059470109 0.004259606 -0.675469150 0.734973870
1770720161.159753561 -10.374869586 62.965368156 2.585272392 0.040720046 0.027002590 -0.674933663 0.736258982
1770720161.759933472 -10.320763335 62.368436623 2.533362115 0.033557544 0.037397432 -0.678174845 0.733180880
1770720162.359796762 -10.273135183 61.775486938 2.478501938 0.039156983 0.036172968 -0.693455548 0.718524634
1770720162.859887123 -10.254134543 61.242249126 2.449424721 0.040501692 0.025594951 -0.712488630 0.700046044
1770720163.659628868 -10.295704981 60.703524581 2.408149797 0.042993822 0.031054006 -0.820215691 0.569590555
1770720164.459982634 -10.459661111 60.264629344 2.352556239 -0.036761572 -0.032431652 0.911533308 -0.408293771
1770720165.160550594 -10.850601042 59.908533132 2.277577396 -0.042828782 -0.027532308 0.967589907 -0.247340737
1770720165.759885311 -11.378783027 59.668633562 2.239145127 -0.047323466 -0.027148141 0.986583924 -0.153868872
1770720166.359850883 -11.951785731 59.523341347 2.202433292 -0.047594530 -0.032953794 0.993792672 -0.094999651
1770720166.859892130 -12.435949335 59.379712872 2.129816029 -0.040632331 -0.038772833 0.997089904 -0.051550024
1770720167.459847689 -12.973087522 59.343647067 2.094428482 -0.034971192 -0.043232565 0.998452782 -0.000057750
1770720168.059957743 -13.504744252 59.327597556 2.061769858 -0.032616583 -0.046775613 0.996749436 0.056910126
1770720168.759664536 -14.050174979 59.431748795 2.039023759 -0.029990844 -0.042029746 0.996112875 0.071366589
1770720169.359966040 -14.584970686 59.494745058 2.015580506 -0.031886232 -0.047288509 0.997836554 0.032699786
1770720170.059877396 -15.114020419 59.544560898 1.976637154 -0.033686330 -0.041291028 0.996045831 -0.071084353
1770720170.759903193 -15.601337739 59.429401902 1.919279351 -0.039976881 -0.046155536 0.980043458 -0.189172767
1770720171.459867001 -16.115819269 59.190391417 1.861505108 -0.043543680 -0.041543405 0.953412157 -0.295606752
1770720175.759794474 -16.337443556 59.042368672 1.805719953 -0.033641319 -0.039609052 0.898129121 -0.436650279
1770720177.859776258 -16.619342830 58.596890978 1.754995097 0.039122842 0.036288200 -0.854244057 0.517126349
1770720178.860048056 -16.912244272 58.147978511 1.694759401 0.046261953 0.023237424 -0.790175108 0.610690718
1770720179.759976864 -17.044005649 57.643989327 1.624311084 0.052872564 0.012357308 -0.694379000 0.717558077
1770720181.059965372 -17.008427297 57.145413297 1.590256494 0.041731298 0.015529919 -0.562406250 0.825661268
1770720182.559886932 -16.797599870 56.677526390 1.569077551 0.038945958 0.016368110 -0.513774372 0.856884585
1770720184.059797764 -16.546010958 56.218656368 1.538168622 0.040853417 0.013885979 -0.508778674 0.859815352
1770720186.059984446 -16.291934808 55.757569727 1.503017112 0.037983633 0.012736606 -0.491538962 0.869933601
1770720189.559798479 -16.042561206 55.310753379 1.463534248 0.041476176 0.003111335 -0.416095555 0.908369163
1770720192.959949970 -15.688161302 54.942714801 1.436175023 0.040135916 -0.002678687 -0.312230937 0.949154242
1770720198.259864569 -15.226627245 54.640206902 1.420359117 0.037436388 -0.007616597 -0.294768065 0.954804845
1770720200.459834099 -14.780320928 54.378671669 1.433525351 0.039695509 -0.005408794 -0.327409232 0.944032948
1770720201.960171223 -14.332173159 54.122305182 1.445193817 0.040457814 0.000705968 -0.461396974 0.886270556
1770720202.759969711 -14.065030165 53.777856140 1.429881978 0.035627496 0.015399192 -0.599050478 0.799770012
1770720203.459995031 -13.889836268 53.307524875 1.394344267 0.038111144 0.027957673 -0.708080742 0.704547778
1770720204.759910345 -13.911887453 52.792412089 1.374332376 0.047690189 0.018161026 -0.774381315 0.630657912
1770720206.759667158 -13.988911647 52.290886699 1.307523716 0.046243044 0.011170576 -0.705401610 0.707209564
1770720207.959884644 -13.960770795 51.762550611 1.247929457 0.038036494 0.013266264 -0.684294037 0.728092647
1770720208.559831142 -13.906643391 51.217042127 1.232957736 0.035039768 0.022392171 -0.686141283 0.726278834
1770720209.459883690 -13.843728907 50.715499495 1.211984308 0.025507662 0.026579537 -0.735593434 0.676420865
1770720210.259926319 -13.895774921 50.237579527 1.157819573 0.035188939 0.027592352 -0.832350672 0.552442539
1770720211.059862375 -13.855103340 50.066054828 1.151862369 -0.034655648 -0.032478205 0.917759245 -0.394286850
1770720211.759928703 -13.844680302 50.042896220 1.147531521 -0.039413610 -0.027008203 0.969501886 -0.240381399
1770720212.559902906 -13.815743692 49.978283882 1.144155144 -0.029984579 -0.031589852 0.997276297 -0.059523050
1770720213.260005713 -13.797507919 49.884124248 1.132905749 -0.013040884 -0.036333383 0.993735570 0.104878199
1770720214.058971405 -13.867773409 49.747648230 1.111860001 -0.000680220 -0.035427468 0.958456810 0.283028222
1770720214.858670712 -14.054266716 49.728698557 1.097308441 0.003270174 -0.046243646 0.890731035 0.452160430
1770720215.659886599 -14.226108520 49.749632530 1.090109492 0.010094526 -0.047664059 0.789540569 0.611761333
1770720216.459816933 -14.328605992 49.748995273 1.092221947 0.017487145 -0.044509620 0.669911961 0.740898818
1770720217.958912849 -14.255998756 50.263183552 1.139294603 0.013509715 -0.040948437 0.605897914 0.794372979
1770720218.559727192 -14.117008443 50.744925499 1.196529083 0.010792458 -0.041563628 0.651262015 0.757636968
1770720219.259829998 -14.006026145 51.293702541 1.245400337 0.012740451 -0.040449339 0.713582943 0.699286004
1770720219.959739685 -14.067806010 51.802168507 1.276854094 0.000206546 -0.049110662 0.748429059 0.661394015
1770720220.659948111 -14.193334633 52.318378739 1.320898666 -0.008908059 -0.060228652 0.753841097 0.654229896
1770720221.359749794 -14.280084959 52.834119822 1.354594015 -0.001126745 -0.059928346 0.756789688 0.650904518
1770720222.258685589 -14.369240192 53.359553110 1.410157828 0.001327248 -0.051149250 0.768214794 0.638144202
1770720223.659977198 -14.433421193 53.814461145 1.433965458 -0.008867350 -0.051261517 0.873570014 0.483910175
1770720224.860000610 -14.543951717 54.077760772 1.425102215 -0.015591874 -0.058854238 0.939830609 0.336171828
1770720226.360002756 -14.949907654 54.404226830 1.433804640 -0.015563693 -0.060865876 0.947817325 0.312562689
1770720227.259933233 -15.357547000 54.706240409 1.432362977 -0.015442348 -0.059034490 0.945472588 0.319934444
1770720228.159946680 -15.777210342 55.011150241 1.460802732 -0.007213000 -0.057883714 0.887339222 0.457412891
1770720228.759998798 -16.101163453 55.401022157 1.480303389 -0.010352383 -0.058712939 0.847132176 0.528027173
1770720229.259834051 -16.315823773 55.890896082 1.523049940 -0.003093046 -0.052797648 0.831345466 0.553233728
1770720229.759775162 -16.493988278 56.402705472 1.566273639 0.001461430 -0.052964783 0.829573975 0.555877339
1770720230.259836197 -16.695169229 56.908755998 1.613689778 -0.006225778 -0.056536079 0.827020510 0.559287035
1770720230.759880304 -16.897701602 57.388118362 1.634059883 -0.011017894 -0.064362246 0.825295470 0.560913090
1770720231.259828568 -17.095361519 57.880418696 1.685624462 -0.002439408 -0.065852703 0.830431677 0.553209454
1770720231.760062695 -17.268339461 58.363230672 1.735925877 -0.000179803 -0.055700355 0.848653357 0.526008476
1770720232.459852695 -17.470760287 58.875320997 1.802402937 -0.003572455 -0.052237593 0.910273292 0.410683584
1770720233.059866905 -17.824959766 59.236889641 1.797699246 -0.011203718 -0.053991640 0.957712055 0.282395113
1770720233.659791708 -18.316384025 59.465906707 1.779517661 -0.021845546 -0.059876524 0.981625530 0.179857980
1770720234.259829760 -18.803737407 59.614491176 1.758395121 -0.027232847 -0.058133021 0.994288943 0.085255034
1770720234.859986305 -19.362991875 59.686884024 1.728210479 -0.025001715 -0.062964218 0.997211289 0.031306028
1770720235.359886885 -19.910996323 59.706510921 1.721103627 -0.032383963 -0.058223163 0.997644880 -0.016310595
1770720235.959825754 -20.494718309 59.698840600 1.690110993 -0.036037664 -0.050639718 0.995596393 -0.070176405
1770720236.659860849 -21.027904000 59.632664703 1.642486934 -0.044606609 -0.039606772 0.973492312 -0.220803698
1770720237.459898710 -21.466419790 59.342935108 1.538456099 -0.051376860 -0.036469770 0.912908498 -0.403272176
1770720238.159892559 -21.757677420 58.958618400 1.488780525 0.043088002 0.026540525 -0.834495838 0.548685448
1770720238.959902525 -21.953050310 58.477594319 1.447676255 0.049092678 0.017504136 -0.724603286 0.687192544
1770720239.759978771 -21.927793205 57.962999831 1.421876756 0.052314842 0.011906610 -0.582792378 0.810847972
1770720240.460013151 -21.698299158 57.418368027 1.371315737 0.035731646 0.026144747 -0.530022395 0.846826997
1770720241.059083939 -21.378547764 56.962354845 1.358299955 0.013743742 0.034764636 -0.554152416 0.831575390
1770720241.859896183 -21.227192521 56.418980406 1.313667272 0.023264160 0.033221162 -0.677139799 0.734735888
1770720242.459931612 -21.245521879 55.921774563 1.262400985 0.045739400 0.012386476 -0.644113054 0.763461103
1770720243.159890652 -21.179532072 55.366669640 1.222558208 0.044630841 0.011870356 -0.632403020 0.773261665
1770720243.760056257 -21.002839946 54.843445129 1.172529394 0.033289957 0.027050099 -0.644240483 0.763619192
1770720244.358694315 -20.865869224 54.282319463 1.146754980 0.027792137 0.033239640 -0.674461470 0.737037617
1770720244.959990740 -20.975455514 53.750788083 1.094878420 0.048550998 0.020514899 -0.685742788 0.725933033
1770720245.460015774 -21.058888413 53.128298909 1.031843108 0.062298804 -0.000420010 -0.688232349 0.722810429
1770720245.860028505 -21.020171924 52.566247164 1.003939131 0.056406371 0.009417644 -0.690617182 0.720955989
1770720246.259939909 -20.967728449 52.038670133 0.946004615 0.034936747 0.018546933 -0.692870676 0.719976154
1770720246.759931087 -20.919423440 51.499504629 0.939341176 0.024057211 0.039127128 -0.691234243 0.721169564
1770720247.260088444 -20.929778084 50.973014159 0.872744304 0.024870383 0.035413934 -0.693443914 0.719209883
1770720247.959955215 -20.986614573 50.470520550 0.896944853 0.043103213 0.006663326 -0.623465183 0.780633639
1770720248.760084391 -20.917649246 50.126339638 0.857035295 0.036682520 0.001565274 -0.478181490 0.877493251
1770720249.459169626 -20.715707220 49.803255346 0.817551415 0.031612380 0.003907659 -0.325557699 0.944985488
1770720250.258745909 -20.401057140 49.557294124 0.801685277 0.030925529 -0.003704480 -0.148107366 0.988480701
1770720251.160010576 -19.872330191 49.422071881 0.790012207 0.031067617 -0.009310446 -0.112475494 0.993125059
1770720252.059948206 -19.559910253 49.320013793 0.801122546 0.037141805 -0.018986823 0.060072863 0.997322033
1770720252.860072851 -19.486122107 49.313120155 0.806653266 0.021180591 -0.030310021 0.241510499 0.969693438
1770720253.659952164 -19.469264357 49.259502088 0.786494462 0.010746834 -0.042190781 0.415659262 0.908477750
1770720254.460070372 -19.420480457 49.189711829 0.766228844 0.008987011 -0.050597719 0.571895061 0.818715545
1770720255.259124994 -19.327544808 49.160145393 0.796371556 0.007846205 -0.052541850 0.707263783 0.704950872
1770720256.060150862 -19.248311381 49.147029293 0.807769654 -0.000986956 -0.049490460 0.829143758 0.556839608
1770720256.859967470 -19.174516517 49.158640028 0.816341461 -0.004941303 -0.044626671 0.915546521 0.399698150
1770720257.659986734 -19.297796141 49.416188184 0.801476633 -0.004108190 -0.039596817 0.973118219 0.226839474
1770720258.559166908 -19.764719135 49.650825489 0.817902799 -0.007677012 -0.037662394 0.989995385 0.135763566
1770720259.260079145 -20.308724747 49.762749370 0.799782931 -0.017293407 -0.042875806 0.984150961 0.171200145
1770720260.059071302 -20.801399915 49.885006380 0.816898773 -0.003910849 -0.049659355 0.951736681 0.302846402
1770720260.858851194 -21.242098359 50.239790319 0.812940862 -0.011809994 -0.043394868 0.942737857 0.330488643
1770720261.560111284 -21.613208248 50.598429327 0.829683709 -0.009322377 -0.040672519 0.979558952 0.196781854
1770720262.260104179 -22.083082593 50.818681817 0.821453213 -0.021892004 -0.043872173 0.997882659 0.042733717
1770720262.959095716 -22.619909360 50.826441127 0.801539257 -0.029187634 -0.046320371 0.995718341 -0.074481478
1770720263.660193443 -23.164985921 50.680711243 0.768905010 -0.021520992 -0.054513970 0.995026906 -0.080538999
1770720264.260044813 -23.679441048 50.598613775 0.740535590 -0.023856271 -0.052645784 0.994958366 -0.081958223
1770720264.859436035 -24.188693606 50.518805512 0.711977022 -0.028321906 -0.043415451 0.995512055 -0.079175222
1770720265.459088326 -24.731351896 50.424532724 0.683280344 -0.026000408 -0.042523140 0.995700803 -0.078074792
1770720266.059040070 -25.249088768 50.329490683 0.633506860 -0.027539758 -0.049468458 0.995640679 -0.074122004
1770720266.660123825 -25.774415685 50.223619808 0.612624422 -0.027005863 -0.048584473 0.995502732 -0.076710770
1770720268.059031725 -26.291361066 50.218479630 0.550909763 -0.027707154 -0.040968643 0.995755249 -0.077623245
1770720269.759349823 -26.797000121 50.166294014 0.503716897 -0.013676505 -0.048217284 0.995875143 -0.075635621
1770720271.359109163 -27.302000643 50.066158700 0.490629781 -0.014761785 -0.047876424 0.995803661 -0.076583336
1770720272.860205889 -27.801437527 50.002140158 0.468199219 -0.015077867 -0.050792309 0.995699093 -0.076000764
1770720274.359106541 -28.304260651 49.916888330 0.441961285 -0.013221748 -0.049189727 0.996777287 -0.061972552
1770720275.859165430 -28.807176191 49.871160695 0.422704645 -0.007395598 -0.050262740 0.998702084 -0.003620730
1770720277.358838320 -29.313639846 49.857020016 0.401118463 0.018470299 -0.054080111 0.998313041 -0.010259721
1770720278.959110022 -29.820231376 49.858316886 0.425104392 -0.068589648 -0.065647497 0.995459379 -0.006818405
1770720280.359274149 -30.343823337 49.875435657 0.377868830 -0.013210329 -0.047844432 0.998766091 -0.001640746
1770720281.058873892 -30.922639756 49.831547305 0.358138443 -0.008778964 -0.054020623 0.998501223 0.000100613
1770720281.559449196 -31.531309340 49.802181153 0.350085113 -0.016991942 -0.054259548 0.998375921 -0.003563249
1770720281.958945990 -32.056264765 49.789759052 0.338908945 -0.021377492 -0.054046923 0.998295611 -0.005273134
1770720283.759170055 -32.583662636 49.797489748 0.312235386 -0.020063406 -0.051227067 0.997762347 0.037994029
1770720285.459229708 -33.069942094 49.786136976 0.285305257 -0.006696526 -0.052328328 0.976106242 0.210792569
1770720286.259304523 -33.077386912 49.697313419 0.273229314 0.008607130 -0.046167209 0.923100432 0.381680623
1770720287.059251547 -33.117497959 49.632391393 0.256308185 0.022199160 -0.047900355 0.838001515 0.543107921
1770720287.859261751 -33.239943660 49.530100279 0.223658991 0.027990179 -0.041418138 0.729411229 0.682246544
1770720288.658960104 -33.355030894 49.556123682 0.234480939 0.029045337 -0.042269176 0.589487671 0.806147611
1770720289.458873272 -33.428633944 49.691274478 0.230629467 0.031835644 -0.041552973 0.425491851 0.903447025
1770720290.259461880 -33.342678639 49.886982143 0.254173486 0.032971933 -0.036474517 0.254385701 0.965852150
1770720291.058892965 -33.156278334 50.062600494 0.282795886 0.037683461 -0.027062263 0.070121567 0.996459009
1770720291.859321117 -32.852247620 50.187025943 0.321026381 0.034998898 -0.028638429 -0.107488013 0.993177348
1770720292.658994913 -32.295673617 50.066312132 0.339216016 0.039516179 -0.016147003 -0.106870393 0.993356162
1770720293.359410286 -31.778826241 49.945400253 0.346324845 0.041317565 -0.013453877 -0.084971821 0.995435403
1770720294.559242964 -31.244062589 49.903218309 0.374152794 0.033640139 -0.012815525 -0.046119303 0.998287090
1770720296.359220266 -30.741500573 49.861950196 0.353804521 0.036956172 -0.016269040 -0.021052817 0.998962631
1770720297.859286785 -30.236858796 49.871522866 0.365718461 0.037901525 -0.016604185 0.009991695 0.999093560
1770720299.459378719 -29.738232986 49.929410101 0.374403532 0.017977328 -0.035170982 0.023762979 0.998937004
1770720300.958949327 -29.232843818 49.909747805 0.411533006 0.038069921 -0.001798514 -0.055789619 0.997714872
1770720302.459353685 -28.720178888 49.865812187 0.417847690 0.036664637 -0.019928443 -0.023423327 0.998854298
1770720303.459295750 -28.220889006 49.851808778 0.456148587 0.033113666 -0.022246515 0.002662813 0.999200424
1770720304.059100389 -27.636624545 49.860660883 0.481899740 0.033935982 -0.021332002 0.024989513 0.998883787
1770720304.659408808 -27.089706474 49.894431951 0.521302933 0.032582290 -0.019439519 0.079126487 0.996142308
1770720305.259327650 -26.561855133 49.975826418 0.547344838 0.026752219 -0.021122903 0.090855548 0.995280569
1770720305.859299660 -26.003396043 50.106774538 0.578883038 0.028227137 -0.022600874 0.094044894 0.994911045
1770720306.359460354 -25.507000658 50.200987634 0.597638202 0.029030985 -0.027449124 0.087326796 0.995378209
1770720306.859528065 -24.984817061 50.295092074 0.644531410 0.033559426 -0.031462716 0.085236592 0.995298240
1770720307.359459877 -24.489580836 50.379686759 0.676970573 0.036994460 -0.022159700 0.097069519 0.994342932
1770720307.959031820 -23.923104407 50.517232831 0.713926628 0.036099368 -0.024750439 0.138329834 0.989418571
1770720308.659156799 -23.401197056 50.664651459 0.765950416 0.038398121 -0.030316586 0.266257261 0.962659628
1770720309.259418249 -22.938988967 50.933680220 0.788062930 0.033884740 -0.027915376 0.326315108 0.944240969
1770720309.759431839 -22.570254677 51.294345354 0.839515327 0.029625399 -0.032049436 0.371605424 0.927364318
1770720310.359350681 -22.168092210 51.687240259 0.893570372 0.028674639 -0.034233598 0.422396129 0.905310630
1770720310.959470272 -21.819268006 52.076207094 0.947895799 0.031825117 -0.028871841 0.471707308 0.880707553
1770720311.559600115 -21.556511672 52.554182444 1.006626950 0.026096934 -0.034318477 0.554561562 0.831025069
1770720312.259210348 -21.341878093 53.086267925 1.046702693 0.021898583 -0.042462269 0.644718989 0.762925182
1770720312.859143972 -21.342873769 53.601043740 1.090762775 0.007608610 -0.056291208 0.640758734 0.765638070
1770720313.459332228 -21.241319336 54.148549674 1.144335203 0.000047915 -0.062820308 0.647502337 0.759469769
1770720314.159537554 -21.064381264 54.686305207 1.180995357 0.018735515 -0.041349405 0.698805109 0.713870175
1770720315.059501886 -21.064046025 55.247520065 1.226169789 0.010824575 -0.043647440 0.760679681 0.647567875
1770720315.759445429 -21.243565084 55.777247847 1.271282471 -0.007757682 -0.067091502 0.759940516 0.646474254
1770720316.359460115 -21.309054802 56.305732281 1.301270635 -0.007847653 -0.060833497 0.765466026 0.640546222
1770720317.559409618 -21.387982631 56.800739837 1.353797624 -0.000159737 -0.046761676 0.704764415 0.707898608
1770720318.459122181 -21.494225218 56.848726159 1.327351211 0.009914486 -0.051549622 0.573691562 0.817387503
1770720319.259163380 -21.553121922 56.845204417 1.326288898 0.029681356 -0.041331950 0.413533327 0.909065935
1770720320.059421778 -21.587240678 56.905282036 1.309676968 0.042785437 -0.038490706 0.243607411 0.968164914
1770720321.059536219 -21.556006134 57.105199074 1.341691188 0.038489153 -0.040838639 0.085464067 0.994759611
1770720325.959485054 -21.077644045 57.314443108 1.419470011 0.042283845 -0.096132514 0.076818267 0.991498649
1770720326.759649754 -20.713650922 57.426379582 1.527643389 0.060924247 -0.269533100 0.069091533 0.958575247
1770720328.059519768 -20.296664221 57.527729315 1.853570523 0.058822893 -0.309899527 0.065864519 0.946659398
1770720329.959442854 -19.889454339 57.619910957 2.145548281 0.068565647 -0.321207885 0.052322834 0.943072939
1770720331.359608412 -19.515797905 57.619215573 2.487253890 0.082828607 -0.325928693 0.058839698 0.939919038
1770720332.659234047 -19.082820514 57.656111032 2.797966464 0.087295518 -0.322378290 0.069212448 0.940032642
1770720333.959629774 -18.666107996 57.690960727 3.115431619 0.077420265 -0.323755747 0.060534598 0.941022785
1770720335.359188557 -18.262621847 57.721471955 3.458055497 0.062947289 -0.317247103 0.048010269 0.945032766
1770720336.659543037 -17.830875212 57.734713439 3.737420290 0.061651773 -0.318317298 0.038815925 0.945180660
1770720337.959331751 -17.432683403 57.770188237 4.038614946 0.073627458 -0.342007419 0.057911966 0.935016645
1770720339.259266615 -17.043311942 57.759086442 4.386694067 0.086447810 -0.322988395 0.067638296 0.940016135
1770720340.159229755 -16.768980296 57.828310697 4.519325726 0.051278327 -0.178980600 0.058947609 0.980745460
1770720341.659480333 -16.318477720 57.866589769 4.673624297 0.044178185 -0.027357443 0.081313439 0.995333101
1770720342.959515572 -16.085303246 57.975698940 4.683100555 0.043562594 -0.014968969 -0.116761408 0.992091228
1770720345.159612894 -15.602558820 57.822644423 4.694484158 0.047663273 -0.013806572 -0.113087551 0.992345100
1770720345.659757853 -15.463019416 57.747757466 4.692018684 0.043407996 -0.021173312 0.061364336 0.996946265
1770720347.359329939 -15.244964193 57.836907715 4.728544462 0.046378792 -0.031674200 -0.109082276 0.992444865
1770720348.159653664 -15.071531883 57.840737738 4.743584418 0.048051732 -0.022366209 -0.286502083 0.956612429
1770720349.159866095 -14.899708632 57.794171262 4.738840293 0.050330615 -0.013862822 -0.449865380 0.891569286
1770720349.959680080 -14.749434476 57.704404631 4.748522069 0.046638939 -0.003053736 -0.600814426 0.798020995
1770720350.759397745 -14.615383390 57.520986737 4.739036922 0.037043197 0.013647724 -0.730022905 0.682281539
1770720351.659569263 -14.613847781 57.182859065 4.718129762 0.035532171 0.022812368 -0.842440648 0.537132028
1770720352.959738731 -14.865706588 56.711193017 4.658989757 -0.041768399 -0.028374116 0.891292195 -0.450609069
1770720354.059717178 -15.181870273 56.288292209 4.607902404 -0.039121032 -0.032868141 0.943252578 -0.328121631
1770720355.059903622 -15.583432555 55.980612404 4.552826416 -0.047934407 -0.034556631 0.919003359 -0.389796046
1770720355.859754086 -15.895396882 55.773504477 4.510453167 0.054077789 0.014568682 -0.844604880 0.532452760
1770720356.859678745 -16.032543116 55.265057796 4.447667944 0.042521127 0.036850726 -0.837113967 0.544126993
1770720357.659749508 -16.170999811 54.777170707 4.388023797 -0.031920781 -0.049343320 0.915099014 -0.398923671
1770720358.359741449 -16.585788539 54.392464021 4.320294154 -0.036880941 -0.039739615 0.954875113 -0.292017256
1770720358.959810257 -17.030975840 54.162503531 4.286930664 -0.048663296 -0.030520733 0.967712825 -0.245422607
1770720359.559507608 -17.501283043 53.893740287 4.228511407 -0.041045553 -0.036541626 0.977450817 -0.203886911
1770720360.159680367 -17.983198627 53.684765351 4.178741970 -0.039741258 -0.038384169 0.980557056 -0.188295375
1770720360.759635448 -18.487592012 53.469024500 4.146283985 -0.037087216 -0.040881987 0.982857197 -0.175911714
1770720361.359736681 -19.013885381 53.254840808 4.095333516 -0.033011958 -0.041734743 0.984388591 -0.167772238
1770720361.959714174 -19.543099978 53.061178767 4.048208761 -0.033730924 -0.040530212 0.986858963 -0.152738055
1770720362.559656382 -20.053352638 52.886564763 4.020745762 -0.029865045 -0.040598628 0.990591075 -0.127236604
1770720363.159789562 -20.571526518 52.749842240 3.978076241 -0.030731451 -0.042999057 0.994198080 -0.093684777
1770720363.759789228 -21.067724995 52.619697963 3.955558358 -0.028541047 -0.046702874 0.998094571 -0.028486446
1770720366.459968328 -20.576139384 52.439077765 3.907914982 -0.002651700 -0.048372593 0.994227846 0.095729046
1770720367.559751987 -20.038734948 52.369750904 3.932644311 0.003050738 -0.057889792 0.997804163 0.032036192
1770720368.659727573 -19.528055721 52.408862697 3.962786445 0.002390482 -0.053137364 0.998008366 -0.033911755
1770720369.959863663 -19.010459162 52.528938797 4.006049701 -0.005177698 -0.048375391 0.992710778 -0.110264794
1770720371.259752512 -18.643275028 52.707373191 4.040806944 -0.011446098 -0.048076402 0.958686776 -0.280138022
1770720372.459694624 -18.326084496 53.094328501 4.077215905 -0.021881064 -0.038528033 0.930791926 -0.362854240
1770720373.759766579 -17.954510184 53.439127089 4.143862207 -0.022855683 -0.038163485 0.929967754 -0.364939916
1770720374.959471226 -17.572184154 53.787490074 4.190689896 -0.024109136 -0.041113654 0.931906134 -0.359554411
1770720376.659869432 -17.127923146 54.029306546 4.226243866 -0.018797586 -0.045334943 0.973808409 -0.222010306
1770720378.660048485 -16.689147861 54.279835488 4.293347814 -0.018833547 -0.049308817 0.941699779 -0.332288226
1770720380.559752941 -16.410514061 54.717536642 4.352508398 -0.030262576 -0.035621106 0.902263587 -0.428644064
1770720381.659975529 -16.101567872 55.106790154 4.413613486 -0.029854106 -0.036615785 0.898316867 -0.436800668
1770720382.859440327 -15.783630606 55.506199891 4.465634435 -0.030444417 -0.038618587 0.898336610 -0.436546764
1770720384.159804106 -15.472158308 55.892783074 4.538531681 -0.030230980 -0.039278263 0.900144085 -0.432763136
1770720385.559912920 -15.187828916 56.301918950 4.587793798 -0.029004772 -0.038523635 0.877897680 -0.476414018
1770720387.059879780 -15.003496969 56.783679694 4.663792878 0.023290594 0.027631243 -0.822304199 0.567899522
1770720388.959947586 -14.968248618 57.286744390 4.694870502 0.032758797 0.012003008 -0.734682834 0.677513042
1770720389.859385252 -15.083517928 57.376753792 4.691456778 0.041480544 0.001742762 -0.607145288 0.793505467
1770720390.659559011 -15.234390771 57.500760492 4.692823942 0.042481702 -0.015088715 -0.472045757 0.880420603
1770720391.659438372 -15.379506009 57.540683686 4.676306372 0.045780973 -0.023751676 -0.316263280 0.947268440
1770720392.959896326 -15.681496515 57.554570762 4.644198770 0.046404947 -0.039726340 -0.158404664 0.985482806
1770720396.159561396 -16.190117124 57.641228069 4.635940314 0.037934694 -0.039170745 -0.115261554 0.991837379
1770720403.859543085 -16.300134167 57.719061297 4.615166267 0.031828182 -0.034164711 0.067437324 0.996630296
1770720408.359945297 -16.762517640 57.732846470 4.419561847 0.048153450 -0.138655084 0.034314844 0.988573975
1770720411.059975386 -17.194436595 57.709270241 4.214571388 0.074730036 -0.274673081 0.019585516 0.958429198
1770720413.959553957 -17.567367174 57.600679890 3.896007890 0.053609521 -0.302330860 0.024845201 0.951369952
1770720418.259564161 -17.958399647 57.609315560 3.554939155 0.083793931 -0.332463581 0.037559428 0.938635091
1770720423.359545946 -18.370363258 57.568335228 3.266316997 0.042282412 -0.300957420 0.019273729 0.952504778
1770720426.559706211 -18.782003639 57.519500891 2.941384772 0.076757359 -0.310931406 0.046101256 0.946205391
1770720432.559725761 -19.166342821 57.519991451 2.618187945 0.045778913 -0.347543654 0.013669412 0.936445859
1770720435.059947014 -19.592538233 57.549995970 2.332755782 0.061073384 -0.305694365 0.033505418 0.949578003
1770720438.059942484 -19.978530945 57.506524096 1.989555413 0.103965048 -0.330222596 0.043103117 0.937169369
1770720443.259918451 -20.367490122 57.479431020 1.656761443 0.043039978 -0.309220540 0.037166568 0.949288610
1770720447.659647465 -20.769846848 57.424007301 1.363770338 0.069400166 -0.273947172 0.015117150 0.959118364
1770720450.859738111 -21.223419400 57.407949395 1.270672012 0.045107745 -0.091812069 0.020384101 0.994545285
1770720453.259728670 -21.732610449 57.413272241 1.242063956 0.033071560 -0.041633168 0.021866067 0.998346045
1770720454.859963417 -22.233841616 57.400413452 1.235344694 0.019779365 -0.054946323 0.019125368 0.998110164
1770720456.059747458 -22.781599425 57.420071733 1.277392126 0.037974686 -0.048886605 0.020265565 0.997876410
1770720457.759766102 -23.218497910 57.408340333 1.271026708 0.050494214 -0.034484084 -0.142590480 0.987891258
1770720458.459756374 -23.163132916 57.536355287 1.303620367 0.041761344 -0.020459933 -0.298810149 0.953178827
1770720459.259759426 -23.113131328 57.611446258 1.315693040 0.043095527 -0.013057508 -0.464220610 0.884574192
1770720460.059673309 -23.033178821 57.653619793 1.325225559 0.047279184 -0.001486371 -0.611968192 0.789466530
1770720460.859690666 -22.914914170 57.658928391 1.315748312 0.041110333 0.014125497 -0.750224080 0.659753166
1770720461.659806490 -22.829231283 57.576763395 1.291536205 0.032169816 0.024454529 -0.861452186 0.506228416
1770720462.459543943 -22.944494203 57.318444280 1.273444769 -0.024162451 -0.041169329 0.938782443 -0.341187319
1770720463.259807348 -23.185147201 57.070104770 1.227804721 -0.024027622 -0.047270280 0.986331370 -0.156008406
1770720464.059851646 -23.727066255 56.905724586 1.202824099 -0.013340750 -0.054653531 0.998227741 0.019400851
1770720464.559948444 -24.302056948 56.931882074 1.187247255 -0.021266138 -0.047260682 0.998080762 0.033896502
1770720465.059823275 -24.887223257 56.988963103 1.174078471 -0.022057298 -0.044937666 0.998243094 0.031698677
1770720465.559938431 -25.493711070 56.998489916 1.150046391 -0.022387866 -0.049716182 0.998307226 0.020242722
1770720465.959856510 -26.005385440 56.994128132 1.132995235 -0.028226869 -0.054877338 0.997947658 0.017093659
1770720466.359532833 -26.531636575 57.010405807 1.123615386 -0.031641608 -0.048444970 0.998248181 0.012347611
1770720466.759347200 -27.035974382 57.016691815 1.094695799 -0.026604893 -0.045729818 0.998579067 -0.006388356
1770720467.159845829 -27.562376741 56.999725441 1.076911647 -0.030925819 -0.051199089 0.998028615 -0.019003414
1770720467.659913301 -28.154948651 56.956881965 1.030392347 -0.025566624 -0.051559248 0.997663807 -0.036809248
1770720468.059809208 -28.739111144 56.921466564 0.988316499 -0.026522591 -0.042613017 0.997329923 -0.053044393
1770720468.459989071 -29.383080074 56.825836966 0.947449590 -0.030576996 -0.055042060 0.996857454 -0.048069060
1770720468.859780550 -30.018675785 56.755482509 0.937890472 -0.025868654 -0.048662322 0.997748732 -0.038213333
1770720469.259840965 -30.685816160 56.694825207 0.898219062 -0.026674594 -0.051339116 0.998136119 -0.019417751
1770720469.659845829 -31.281259378 56.619022159 0.882165136 -0.032441252 -0.062273197 0.997528084 0.002708558
1770720470.059901953 -31.834356303 56.638539072 0.854522863 -0.018377563 -0.055478728 0.997405082 0.042041379
1770720470.459738731 -32.416855274 56.721530766 0.824785854 -0.025942451 -0.045588602 0.995940755 0.073148349
1770720470.859931231 -33.004546373 56.789104398 0.815209282 -0.026186230 -0.058649801 0.992365126 0.105289787
1770720471.259756327 -33.549898606 56.929006866 0.807397706 -0.015572659 -0.057205533 0.989319018 0.133164937
1770720471.759944916 -34.135744552 57.090705682 0.784749665 -0.021885935 -0.050772923 0.991375297 0.118819767
1770720472.260024071 -34.669095710 57.218541798 0.765552985 -0.017188329 -0.048713332 0.995570403 0.078556641
1770720472.859962702 -35.238601549 57.310009289 0.757094244 -0.024676373 -0.049079417 0.998412848 -0.012412605
1770720473.459755421 -35.840909534 57.266380520 0.702556033 -0.018302218 -0.055185508 0.998143257 -0.018155649
1770720473.959750652 -36.412801288 57.190718666 0.678132470 -0.014351822 -0.063347505 0.997619762 -0.023150168
1770720474.359897614 -36.931865344 57.160506096 0.643881996 -0.018639755 -0.062087422 0.997700955 -0.019761500
1770720474.859958649 -37.551416182 57.158484314 0.629134776 -0.020530692 -0.054886644 0.998191755 -0.013385363
1770720475.259853840 -38.098893315 57.142925490 0.594622435 -0.019750755 -0.049215236 0.998369283 -0.021131577
1770720475.660084009 -38.646464818 57.103108010 0.589057731 -0.023886842 -0.056892939 0.997761000 -0.025799196
1770720476.159801960 -39.232547647 57.056261930 0.559723882 -0.023883590 -0.056300666 0.996986271 -0.047730339
1770720476.759808302 -39.791065552 56.975714775 0.543006952 -0.027810448 -0.057999120 0.993034146 -0.098721149
1770720477.459734678 -40.333610357 56.805801243 0.491355867 -0.037174260 -0.057963727 0.973671935 -0.217304494
1770720478.059882164 -40.771576010 56.546601331 0.439283908 -0.041639562 -0.060068189 0.952843598 -0.294528501
1770720478.759854078 -41.198516956 56.259458519 0.386140165 -0.041930295 -0.054820423 0.891137726 -0.448453035
1770720479.359799385 -41.481299166 55.824750123 0.324157052 0.042826432 0.052005099 -0.849311579 0.523575407
1770720479.959958792 -41.683403381 55.343576051 0.269850067 0.042097422 0.051711694 -0.801016953 0.594916422
1770720480.559966564 -41.843013320 54.809340882 0.209356249 0.036551170 0.058794479 -0.778619106 0.623666184
1770720481.259850740 -41.953173283 54.296840301 0.128028076 0.038440204 0.049991165 -0.703278078 0.708112406
1770720481.859830141 -41.937512382 53.777773251 0.066615769 0.041432689 0.046531411 -0.702205731 0.709242745
1770720482.359854698 -41.871617606 53.216900962 -0.002165691 0.029461937 0.060975990 -0.703886103 0.707077278
1770720482.859915972 -41.843118616 52.620535582 -0.058365162 0.025493656 0.072004816 -0.706845756 0.703231440
1770720483.359977961 -41.876434816 52.014863904 -0.147326304 0.033847093 0.059970982 -0.716035914 0.694658496
1770720483.859921694 -41.917315585 51.434480673 -0.197793823 0.039791977 0.045422197 -0.724160282 0.686982757
1770720484.360061407 -41.958505851 50.898035917 -0.264731697 0.048416009 0.045816966 -0.730862521 0.679261858
1770720484.959863663 -41.964848891 50.386010342 -0.324817591 0.042209123 0.048637804 -0.774464032 0.629331564
1770720485.759954691 -42.054333671 49.831137539 -0.393226528 0.023116753 0.062901834 -0.857421359 0.510232876
1770720486.459864616 -42.363878406 49.384761827 -0.445874377 -0.025868882 -0.058609389 0.924331858 -0.376173307
1770720487.159934521 -42.772293236 49.024332448 -0.502600664 -0.020281194 -0.051514392 0.972916035 -0.224431123
1770720487.759987116 -43.278091591 48.808235370 -0.538591296 -0.015662450 -0.048491021 0.983508248 -0.173536261
1770720488.259795427 -43.752681868 48.640811472 -0.571399044 -0.020158337 -0.051811467 0.990719688 -0.124031100
1770720488.859780073 -44.308649594 48.511216299 -0.566340189 -0.015755368 -0.051707824 0.996050969 -0.070431079
1770720489.659796953 -44.858584955 48.425416975 -0.580222490 0.001475623 -0.049072306 0.992817400 0.109102437
1770720490.160045624 -45.368983469 48.487959005 -0.595692078 0.001613305 -0.054724606 0.991083957 0.121471005
1770720490.660043716 -45.938440480 48.668507976 -0.580941559 -0.001978644 -0.049914096 0.993603514 0.101275492
1770720491.159895182 -46.446291060 48.790466108 -0.577319396 -0.004682304 -0.051063048 0.995614060 0.078251421
1770720491.660056114 -47.001002770 48.865521542 -0.579571960 -0.003679990 -0.055111528 0.997131681 0.051745407
1770720492.159983397 -47.588210020 48.884941621 -0.574873590 -0.007951708 -0.057019282 0.998092355 0.022298506
1770720492.659914970 -48.170989653 48.896068189 -0.586419940 -0.006482519 -0.056315286 0.998390701 0.001604194
1770720493.159823418 -48.752574542 48.898780872 -0.578071306 -0.007871058 -0.057219894 0.997931052 -0.028240845
1770720493.560013056 -49.270335516 48.868629660 -0.591042492 -0.010781558 -0.064384037 0.997354773 -0.031967333
1770720493.959868670 -49.788242650 48.831466673 -0.600658093 -0.015841012 -0.056523890 0.997435845 -0.040937123
1770720494.359996796 -50.297540344 48.763806346 -0.619128997 -0.009965122 -0.063567766 0.996612547 -0.051217840
1770720494.759936571 -50.808821673 48.676546595 -0.637203679 -0.010597796 -0.073346093 0.996094807 -0.047991392
1770720495.159895658 -51.319938237 48.660030734 -0.629451214 -0.012016793 -0.051767052 0.997328228 -0.050121596
1770720495.559957266 -51.866709358 48.590174347 -0.643906310 -0.004372007 -0.062698204 0.996696120 -0.051445758
1770720495.959934235 -52.378889606 48.498519428 -0.662497126 -0.006971325 -0.070835848 0.996219541 -0.049802703
1770720496.460031986 -52.971066411 48.444525601 -0.662386610 -0.006970661 -0.064993181 0.996694265 -0.048247683
1770720496.959814548 -53.549377347 48.397615512 -0.671043079 -0.014158928 -0.060205431 0.996982582 -0.046910158
1770720497.459969521 -54.082738884 48.335222977 -0.692342559 -0.012939616 -0.063365307 0.995257135 -0.072668013
1770720498.060079336 -54.669547373 48.240968662 -0.722019650 -0.015492030 -0.060492288 0.991146752 -0.117169941
1770720498.659745216 -55.201449719 48.071700495 -0.740196474 -0.015162145 -0.068789950 0.982818218 -0.170605985
1770720499.359894037 -55.706904777 47.885748902 -0.767714700 -0.024139512 -0.057174750 0.946866573 -0.315582040
1770720500.159889460 -56.117529914 47.546740658 -0.822262500 -0.031505268 -0.056679327 0.871523132 -0.486047634
1770720500.859898806 -56.250730914 47.259801748 -0.847274295 0.033207188 0.061585528 -0.774788692 0.628336684
1770720501.759905815 -56.323841456 46.709657368 -0.918154483 0.034530010 0.052602074 -0.687135318 0.723799527
1770720502.259966135 -56.240898298 46.206398286 -0.983554228 0.025100795 0.066791317 -0.679292479 0.730390716
1770720502.859931707 -56.186723468 45.711918573 -1.035549033 0.018637312 0.069815436 -0.676282229 0.733089901
1770720503.559917688 -56.161760106 45.163962120 -1.077855274 0.032129308 0.062661869 -0.680585425 0.729276818
1770720504.359874964 -56.116276145 44.598707873 -1.168532631 0.033505550 0.056205836 -0.631315034 0.772761030
1770720505.259888411 -55.985866334 44.071321463 -1.221435394 0.039704415 0.048836604 -0.500429095 0.863486692
1770720506.160038233 -55.673399245 43.614943056 -1.262881485 0.044164614 0.038414311 -0.408704851 0.910787666
1770720506.859684944 -55.424370625 43.328182711 -1.301851523 0.045462703 0.028045721 -0.249263492 0.966961370
1770720507.660006762 -54.975501109 43.096254742 -1.357281817 0.055401705 0.010902084 -0.078739426 0.995294880
1770720508.459997416 -54.455583266 43.059975829 -1.373020977 0.052632013 -0.000149111 -0.024156791 0.998321741
1770720509.059895515 -53.950425162 43.066514890 -1.358428765 0.054127394 -0.004748230 0.028205986 0.998124292
1770720509.660010815 -53.395765141 43.104308824 -1.366747094 0.054423670 -0.006963196 0.036968759 0.997809044
1770720510.159980059 -52.889347519 43.146080277 -1.342940348 0.056007957 -0.000832657 0.037486996 0.997725985
1770720510.759999752 -52.303166909 43.193174634 -1.313929249 0.055226411 -0.001908557 0.038309488 0.997736831
1770720511.259940863 -51.794977095 43.239625589 -1.331611389 0.056919663 -0.004901692 0.068146691 0.996038229
1770720511.759904861 -51.259797022 43.333540703 -1.313765657 0.052437930 -0.009335136 0.107117174 0.992818729
1770720512.259770632 -50.734032610 43.434129077 -1.275252547 0.049671978 -0.006702721 0.142068069 0.988587089
1770720512.860030413 -50.171973128 43.635327138 -1.246964799 0.043433281 -0.009789137 0.145088280 0.988416468
1770720513.359904766 -49.586814986 43.810012138 -1.228998769 0.042236016 -0.014029288 0.134381517 0.989929748
1770720513.859950542 -49.000533865 43.978646048 -1.189837788 0.052163356 -0.016893614 0.113151158 0.992063710
1770720514.359921932 -48.462307630 44.092338499 -1.173922528 0.060135770 -0.006288819 0.089252542 0.994172079
1770720514.860078096 -47.919147212 44.178797450 -1.147287266 0.063025012 -0.010699915 0.093885540 0.993528492
1770720515.259805441 -47.409287555 44.276614726 -1.096915282 0.052764078 -0.008520278 0.093997085 0.994136764
1770720515.759926319 -46.808618622 44.426603035 -1.093158324 0.046162932 -0.011722396 0.083827540 0.995341405
1770720516.259852409 -46.228902162 44.523003102 -1.052051144 0.046326265 -0.013733665 0.075192167 0.995997692
1770720516.659748077 -45.716350767 44.614320845 -1.053556871 0.049918563 -0.008577563 0.072434381 0.996086253
1770720517.059937000 -45.218578990 44.697190469 -1.024769524 0.048709876 -0.007679360 0.077412794 0.995778909
1770720517.559914112 -44.584190134 44.763982783 -1.013736636 0.052693735 -0.006085212 0.068055596 0.996270433
1770720518.059730768 -44.010404930 44.858980904 -0.982036247 0.048327785 -0.011506344 0.062417070 0.996812991
1770720518.460093498 -43.500063952 44.952110552 -0.968488100 0.047802634 -0.012824054 0.067722838 0.996475825
1770720518.959794283 -42.906369538 45.052652752 -0.947440865 0.048813674 -0.015273326 0.073496162 0.995983065
1770720519.460037231 -42.322107034 45.114713522 -0.920948033 0.046779850 -0.011647869 0.088210144 0.994934643
1770720520.060001135 -41.740582575 45.192465168 -0.905031413 0.048593556 -0.011907194 0.131196214 0.990093146
1770720520.659894466 -41.220368668 45.378981135 -0.892044957 0.045891019 -0.016709381 0.180935986 0.982281518
1770720521.259979010 -40.741265718 45.577077129 -0.879045899 0.043058692 -0.025305455 0.246884646 0.967756971
1770720521.959826469 -40.271560004 45.828501511 -0.823894420 0.046587858 -0.032019108 0.394989383 0.916944783
1770720522.659905195 -39.914932059 46.240997446 -0.770240734 0.037765211 -0.039809769 0.535851738 0.842527083
1770720523.359865904 -39.712318161 46.751615692 -0.728187495 0.035306406 -0.037789264 0.664579362 0.745425852
1770720523.959967613 -39.685856052 47.247719624 -0.635079932 0.020814493 -0.054420344 0.691594902 0.719931715
1770720524.660044670 -39.765064578 47.796235691 -0.621717084 0.009467129 -0.072456743 0.689565040 0.720527896
1770720525.359801769 -39.736107058 48.337711718 -0.550300184 0.007986016 -0.062138202 0.709439746 0.701976007
1770720526.159891129 -39.741466703 48.844114889 -0.478216959 0.012342131 -0.057604646 0.734303894 0.676259690
1770720528.559870243 -39.709372790 48.681378126 -0.561831768 0.030340711 -0.057010411 0.821467419 0.566586740
1770720531.459910631 -39.772574225 49.177430400 -0.502568204 0.008334797 -0.033147019 0.811926845 0.582757758
1770720533.059772730 -39.923874382 49.582866185 -0.400525652 0.104099957 -0.100567334 0.763283286 0.629641196
1770720533.959799767 -40.013858426 49.926264077 -0.296336904 0.189081701 -0.205965292 0.728423571 0.625480223
1770720535.559924603 -40.090327901 50.351240764 0.003743846 0.236524475 -0.213492026 0.730103525 0.604504897
1770720537.159893751 -40.153061614 50.732563916 0.361418397 0.254898009 -0.222363165 0.722443176 0.603040203
1770720538.659847975 -40.230935854 51.107046794 0.699641368 0.257834241 -0.232135932 0.718551889 0.602758323
1770720540.059930563 -40.316172131 51.512645309 0.982743943 0.255508797 -0.247884088 0.713473232 0.603510299
1770720541.359165668 -40.362323311 51.863336663 1.343931996 0.270845741 -0.243556540 0.715673039 0.595931958
1770720542.659881353 -40.415111419 52.259511471 1.689950809 0.259936255 -0.219590749 0.726060714 0.597535677
1770720544.059019804 -40.490828927 52.682014528 2.015329117 0.269704812 -0.238866663 0.714876708 0.599294022
1770720545.259913683 -40.559490770 53.054282541 2.359298977 0.231067613 -0.209664712 0.727661410 0.610866056
1770720546.559929371 -40.589998002 53.418901298 2.550964909 0.069167043 -0.099077501 0.757547656 0.641499118
1770720547.358731270 -40.646014530 53.679446002 2.640523508 0.016836528 -0.051729467 0.818075857 0.572531647
1770720547.859990597 -40.602975681 53.807916866 2.661340023 0.006715823 -0.051727488 0.910146491 0.410989696
1770720548.359064102 -40.561362701 53.875534266 2.677487733 -0.005988796 -0.060925205 0.971697621 0.228157812
1770720549.158874035 -40.566972688 53.881782071 2.675506529 -0.014630935 -0.064303670 0.996117140 0.058323389
1770720551.559912443 -41.080376069 53.898290572 2.679051164 -0.018489057 -0.061587173 0.987096708 0.146646733
1770720552.058706284 -41.207131393 54.000595479 2.683205389 -0.028516166 -0.057330174 0.996951291 -0.044589264
1770720553.659977436 -41.740364614 53.879597501 2.681486254 -0.047268882 -0.068681078 0.989527821 -0.117827224
1770720554.258769035 -41.972678560 53.852543549 2.685316201 -0.048006601 -0.054591469 0.958267841 -0.276474017
1770720554.758980513 -42.128104760 53.865399992 2.656422608 -0.048985476 -0.046478557 0.881127734 -0.468032139
1770720555.259165525 -42.210871933 53.871861623 2.649103877 0.047542915 0.044206795 -0.773939279 0.629923347
1770720556.359267473 -42.209636209 53.767820824 2.616474517 0.043420442 0.035164213 -0.647923395 0.759653485
1770720557.759093761 -42.190316793 53.337001770 2.646257245 -0.041293454 -0.079823910 -0.660934528 0.745042646
1770720558.759994030 -42.135793441 52.903913945 2.705805422 -0.152672100 -0.195029759 -0.641699224 0.725862748
1770720560.059111595 -42.081567041 52.442475093 2.934193728 -0.138232216 -0.210215050 -0.632246373 0.732779647
1770720561.360021353 -41.955001431 51.986808851 3.177386112 -0.157988325 -0.208485346 -0.626312893 0.734374366
1770720562.660026789 -41.904146886 51.527455032 3.404536566 -0.142527154 -0.202182172 -0.635473189 0.731424778
1770720563.959099054 -41.811086789 51.123889802 3.600358417 -0.052294195 -0.070140816 -0.655784538 0.749861469
1770720565.358998775 -41.749597451 50.677702992 3.667946564 0.044818173 0.032377916 -0.699902140 0.712095497
1770720566.059149265 -41.669904921 50.426008065 3.621776535 0.049260290 0.053785539 -0.799168757 0.596665599
1770720566.959297180 -41.761596756 50.132124089 3.621346364 -0.047404860 -0.072385332 0.884992737 -0.457494261
1770720568.458781004 -42.087867975 49.732355684 3.573263370 -0.052350416 -0.054715533 0.906794728 -0.414715524
1770720569.759131193 -42.376111814 49.271170737 3.461673211 -0.022358254 -0.072579073 0.909818367 -0.407998684
1770720570.858792067 -42.732992172 48.909315970 3.447782855 -0.036975717 -0.051821458 0.926580999 -0.370668296
1770720572.359171152 -43.123015754 48.560309782 3.418018780 -0.020082517 -0.056958288 0.973505302 -0.220544493
1770720573.059121847 -43.642586223 48.320663384 3.370588122 -0.026589903 -0.057043920 0.974687229 -0.214531520
1770720573.859199762 -44.125347859 48.102199763 3.351870470 -0.028454080 -0.054259776 0.981236406 -0.182815091
1770720574.559118986 -44.590139945 47.907519825 3.305701028 -0.019198216 -0.057898057 0.988993883 -0.134797414
1770720575.259366751 -45.073367174 47.730350565 3.287640469 -0.006682561 -0.060207052 0.997305811 -0.041371179
1770720576.059064150 -45.627071087 47.684902189 3.270804743 -0.001018225 -0.054709200 0.995769207 0.073821084
1770720576.759292841 -46.150686778 47.812334286 3.291191296 -0.005360467 -0.048533287 0.996370525 0.069724905
1770720577.559214830 -46.718474050 47.873130856 3.279366057 -0.006030911 -0.063743209 0.996999021 0.043513023
1770720578.259161949 -47.284287156 47.897857838 3.278933197 -0.001041917 -0.060784676 0.997589157 0.033466578
1770720578.958918810 -47.824647517 47.940538488 3.272939972 0.000032112 -0.058833147 0.997877041 0.027929744
1770720579.659149408 -48.365831365 48.005616531 3.283815454 -0.002592125 -0.054023868 0.998022929 0.032014608
1770720580.259160995 -48.891733475 48.033884798 3.273463540 -0.003634346 -0.059874847 0.997787735 0.028660592
1770720580.859127998 -49.433710592 48.050396972 3.281971355 -0.005595127 -0.058318726 0.997943394 0.026011601
1770720581.459182024 -49.989001387 48.078736198 3.273480008 -0.008601830 -0.061850491 0.997852657 0.019763607
1770720582.059142113 -50.498307936 48.080479207 3.285209955 -0.006929242 -0.060821387 0.998040796 -0.012934998
1770720582.659251451 -51.016140746 48.076479656 3.276165878 -0.011270744 -0.060214931 0.997598927 -0.032303472
1770720583.259089470 -51.520691484 48.031811090 3.250466032 -0.010934868 -0.064901116 0.996974099 -0.041363258
1770720583.859172106 -52.063062373 47.972037632 3.235765626 -0.006930805 -0.065760285 0.996680274 -0.047497155
1770720584.359282255 -52.627913889 47.912479934 3.235929505 -0.004461644 -0.066304716 0.996205310 -0.056202840
1770720584.859403610 -53.234314845 47.872343793 3.230302755 -0.010195049 -0.065482923 0.995472140 -0.068141516
1770720585.359258652 -53.777263442 47.797341599 3.216805261 -0.012281377 -0.065923177 0.994500485 -0.080449290
1770720585.959160328 -54.357036678 47.686166512 3.195470805 -0.015398878 -0.071152786 0.990941181 -0.112852699
1770720586.559038401 -54.860578324 47.533249274 3.169312353 -0.013067409 -0.069701024 0.985691299 -0.152917212
1770720587.159184456 -55.368456592 47.360787965 3.143662404 -0.018497720 -0.067778528 0.972305381 -0.222903906
1770720587.959170103 -55.862599482 47.104374430 3.125795565 -0.029657682 -0.062581886 0.912993794 -0.402052560
1770720588.759404421 -56.191484535 46.676188475 3.062875218 0.042007355 0.057449442 -0.823879452 0.562278927
1770720589.458884716 -56.357536205 46.128001062 3.003192192 0.039576755 0.052607653 -0.733106136 0.676920608
1770720589.959150076 -56.371699487 45.621251366 2.929768741 0.031994749 0.061233510 -0.719269983 0.691286833
1770720590.458998680 -56.306064681 45.083479706 2.855748303 0.013544973 0.081895182 -0.707176575 0.702147423
1770720591.059242725 -56.303083314 44.546797173 2.832572330 0.012744119 0.075180425 -0.674345218 0.734468528
1770720591.759411335 -56.308202151 44.033548971 2.789645332 0.035009363 0.047719172 -0.614588747 0.786624368
1770720592.559274673 -56.162503338 43.498255147 2.681458400 0.036161204 0.036412026 -0.523579886 0.850429676
1770720593.359237432 -55.857026138 43.032968624 2.647704803 0.027899129 0.043610875 -0.444949861 0.894057801
1770720594.159140825 -55.567768788 42.598577768 2.611682027 0.037197618 0.030478411 -0.396591232 0.916734857
1770720595.259041071 -55.358648062 42.368900786 2.573967085 0.040921867 0.016755169 -0.223635540 0.973669251
1770720596.159296513 -55.175723093 42.225715002 2.543045977 0.042925468 0.006286972 -0.053659423 0.997616432
1770720597.659202337 -54.657341831 42.125987654 2.508256182 0.045157150 -0.002872577 0.054677075 0.997478319
1770720598.359414101 -54.149803309 42.203463667 2.519854056 0.048584941 -0.003809829 0.046136346 0.997745672
1770720598.959446669 -53.637018175 42.262921160 2.527098686 0.051871980 -0.002576846 0.030138494 0.998195536
1770720599.659379244 -53.095973160 42.295030669 2.507822427 0.059956905 -0.007004284 0.029343382 0.997744995
1770720600.359325409 -52.551691142 42.350575165 2.522530182 0.054867193 -0.007026909 0.046089756 0.997404606
1770720601.159412384 -52.000139772 42.389736279 2.545988015 0.054586052 -0.008823557 0.063200539 0.996467862
1770720601.958981752 -51.442298679 42.460075189 2.582650227 0.053576941 -0.007266586 0.059079752 0.996787987
1770720602.659703016 -50.929392608 42.526179623 2.601085390 0.048941629 -0.011496909 0.058415627 0.997025653
1770720603.359256029 -50.381056914 42.641064287 2.587219824 0.043279908 -0.012852048 0.061003599 0.997115959
1770720603.959258318 -49.881006557 42.702195865 2.613521792 0.045854459 -0.014939729 0.047550601 0.997703921
1770720604.559095621 -49.326372036 42.769755451 2.627841604 0.053148596 -0.010880814 0.047731887 0.997385834
1770720605.259439468 -48.776506688 42.800520962 2.650939148 0.052189333 -0.011808250 0.081441344 0.995240748
1770720606.059289932 -48.207430937 42.884278092 2.658114848 0.060059885 -0.014073515 0.179564100 0.981810308
1770720606.759519815 -47.757885898 43.104609376 2.672118652 0.051475649 -0.018823695 0.177310877 0.982627487
1770720607.659208536 -47.248599147 43.322907408 2.728302137 0.046800204 -0.019241590 0.147964985 0.987697254
1770720608.459128380 -46.753661883 43.459452125 2.764612012 0.050704637 -0.018149594 0.134651450 0.989428430
1770720609.459307194 -46.266761010 43.596587269 2.784653950 0.048613965 -0.017234386 0.192880302 0.979865729
1770720610.659296989 -45.812377954 43.840817908 2.815699809 0.042758987 -0.020769155 0.175107373 0.983401098
1770720611.659569502 -45.323488885 44.040042842 2.843953513 0.049056025 -0.027984043 0.097121433 0.993668872
1770720612.459404469 -44.806859154 44.150434558 2.878172827 0.050493614 -0.013047051 0.064348018 0.996563847
1770720615.459461689 -44.668157460 44.126248545 2.866962327 0.039981432 -0.033260890 0.215036329 0.975220270
1770720616.259590387 -44.628379776 44.037657835 2.828874746 0.033321180 -0.047756393 0.388154592 0.919752705
1770720617.159337044 -44.529400706 44.009797021 2.830691108 0.030817353 -0.048729735 0.537615754 0.841216384
1770720618.259300947 -44.287440381 44.496440674 2.894131457 0.044350725 -0.034230564 0.547323597 0.835043809
1770720619.759436369 -44.085208737 45.001356279 2.964107710 0.037925961 -0.040415619 0.613145632 0.788023244
1770720620.659449339 -43.983673213 45.498995490 3.018346290 0.037234694 -0.042642945 0.615067871 0.786439235
1770720621.359608650 -43.876242216 45.988741303 3.077441258 0.035319185 -0.044799365 0.615367375 0.786173369
1770720622.359601974 -43.764897563 46.486772442 3.149456707 0.040653212 -0.041840476 0.544164608 0.836947770
1770720623.359505177 -43.526909038 46.976756814 3.191441489 0.043765410 -0.040424072 0.525919315 0.848445259
1770720624.359397650 -43.271192949 47.443193702 3.249728230 0.042899082 -0.037367813 0.552279928 0.831715214
1770720625.059644699 -43.067204482 47.939080101 3.316716763 0.045936013 -0.039415626 0.555808152 0.829104089
1770720626.159151554 -42.885833670 48.415724585 3.382924109 0.050517897 -0.034098100 0.455456905 0.888169054
1770720627.259489059 -42.691526914 48.736667395 3.431414151 0.055039345 -0.034106890 0.301620828 0.951226717
1770720628.259420872 -42.274441942 49.034583302 3.484641173 0.057783769 -0.020170609 0.136942312 0.988686495
1770720629.059626818 -41.856825755 49.164438762 3.502887529 0.055705737 -0.015013337 -0.035750373 0.997694032
1770720629.859613657 -41.609995261 49.195629674 3.510376582 0.056460532 0.000440457 -0.213331358 0.975346987
1770720630.659446001 -41.593403202 49.259067545 3.520077790 0.057559477 0.001031444 -0.384208142 0.921449915
1770720633.559510708 -41.757384480 49.462018376 3.438979873 0.054008241 0.006382369 -0.537558587 0.841470820
1770720636.659717798 -41.827756137 49.974842638 3.485368709 0.043541947 0.025789599 -0.691175698 0.720912720
1770720639.259670973 -41.845751418 50.488190305 3.540318915 0.034821432 0.024258367 -0.614693955 0.787623223
1770720642.160006762 -41.886939406 50.992878467 3.567269264 -0.007222433 -0.014704139 -0.670642316 0.741599965
1770720645.359797239 -41.907085596 51.418275527 3.392972983 -0.128563093 -0.122225828 -0.667031809 0.723602753
1770720652.159536839 -41.964688543 51.865481071 3.125784056 -0.146922845 -0.182702156 -0.641205800 0.730676893
1770720657.359866381 -41.869437876 52.352331585 2.922121926 -0.183316887 -0.171010045 -0.654040590 0.713709598
1770720659.959431648 -41.922601640 52.800448434 2.690609922 -0.152800658 -0.190293635 -0.661700389 0.708937858
1770720662.059686422 -41.946217347 53.292555149 2.516355443 -0.108267696 -0.119424412 -0.679615469 0.715638687
1770720663.659464598 -42.003837773 53.601172745 2.542703610 0.002337184 -0.020253134 -0.678830195 0.734012203
1770720665.159628153 -41.967096749 53.671583227 2.614456574 0.036320352 0.026747980 -0.760047207 0.648300564
1770720665.559167385 -41.877944763 53.629100582 2.630439654 0.026297977 0.036905703 -0.857390786 0.512666974
1770720667.259917259 -41.631523389 53.816643982 2.586672259 -0.020770544 -0.045243027 0.944412708 -0.324971213
1770720669.459784031 -41.167958283 53.921885357 2.592224701 -0.005284622 -0.048140905 0.988177185 -0.145466067
1770720669.959797144 -41.050772824 53.841018715 2.598171687 0.001126701 -0.082904239 0.996209411 0.026314019
1770720670.459769964 -40.999235237 53.709162614 2.569376369 0.019566704 -0.073971716 0.975702741 0.205303413
1770720673.359801054 -40.660776361 53.540431865 2.543558093 0.023247013 -0.061494232 0.925271906 0.373563831
1770720673.759550095 -40.716758736 53.461146874 2.554711642 0.014566348 -0.057796732 0.852804060 0.518818460
1770720674.259699583 -40.817321603 53.398994555 2.586576893 0.039020359 -0.058166858 0.752953502 0.654335581
1770720678.759735107 -40.600212893 53.103993999 2.325100590 0.164313213 -0.161385710 0.728738723 0.644899756
1770720681.459818363 -40.484498205 52.721513210 2.012485312 0.250406392 -0.234202566 0.699084913 0.627475960
1770720684.659951925 -40.380192208 52.343215441 1.683832282 0.234748749 -0.233833427 0.710148735 0.621211499
1770720688.659813404 -40.298743963 51.947065765 1.375489566 0.268158992 -0.244563005 0.696832505 0.618630869
1770720691.259118080 -40.197341519 51.586716566 1.020564821 0.255279008 -0.234499442 0.699050887 0.625436245
1770720693.559931040 -40.109099794 51.208948257 0.692844385 0.241080455 -0.234370418 0.704059662 0.625500371
1770720695.759419203 -39.986586629 50.841712789 0.356637605 0.267997779 -0.243445109 0.695540841 0.620592143
1770720696.660057783 -39.887736345 50.631255707 0.185570065 0.232289047 -0.124278749 0.750433513 0.606173354
1770720696.959953308 -39.842792866 50.489806886 0.175869414 0.232648094 -0.240676836 0.697074945 0.634063124
1770720699.659893274 -39.643529675 50.209429671 -0.226837941 0.240137892 -0.228088189 0.700457406 0.632193795
1770720703.059397936 -39.662947395 49.778935911 -0.485693363 0.166966036 -0.204836926 0.711477728 0.651124888
1770720705.659474134 -39.646057078 49.407447677 -0.587041688 0.071331984 -0.081248138 0.736472701 0.667771255
1770720707.559817791 -39.642530916 49.224942652 -0.535284627 0.023411371 -0.050412712 0.828375072 0.557409370
1770720708.059632063 -39.548396621 49.271826072 -0.531813026 0.019131608 -0.053936398 0.916166870 0.396690197
1770720710.659471989 -39.517746363 49.346192800 -0.475187354 0.016696922 -0.055945464 0.969287572 0.238899393
1770720712.859954834 -39.710661647 49.426690336 -0.443958047 0.002376477 -0.055172206 0.996419409 0.064021415
1770720714.059627056 -39.842056076 49.518502479 -0.415799387 -0.008504133 -0.056442769 0.992261995 -0.110263441
1770720715.259508133 -40.336473126 49.379023992 -0.432837596 -0.022767999 -0.053552846 0.977103628 -0.204651439
1770720716.459595919 -40.832262953 49.159782602 -0.465987401 -0.017349775 -0.056126278 0.990775738 -0.122115780
1770720717.259955406 -40.960877290 49.024464851 -0.474728486 -0.003332852 -0.057944444 0.997021467 0.050789043
1770720718.059629679 -41.127690991 49.002259697 -0.509563355 0.010791858 -0.055427584 0.972945014 0.224029725
1770720718.859553814 -41.283555265 49.011575555 -0.514837701 0.022655311 -0.052850400 0.915973161 0.397097897
1770720719.660042524 -41.452689781 49.115368568 -0.502317446 0.037367712 -0.049929202 0.825933109 0.560308154
1770720721.059636354 -41.601394302 49.613496581 -0.449393810 0.035620598 -0.045020645 0.748372513 0.660789601
1770720722.159393787 -41.668323893 50.138916102 -0.404113604 0.028284656 -0.053263274 0.776356975 0.627401665
1770720722.959854126 -41.787632472 50.648832442 -0.329607713 0.023131577 -0.053255332 0.798508465 0.599176961
1770720723.659661531 -41.975919021 51.111307078 -0.285799840 0.016432375 -0.062500604 0.799047588 0.597784747
1770720724.359550238 -42.097741578 51.600776466 -0.215298029 0.021220626 -0.057489700 0.723820995 0.687261076
1770720725.059763432 -42.095467788 52.166996511 -0.147092591 0.031505290 -0.055349540 0.698523161 0.712747668
1770720725.659685850 -42.070653904 52.695838947 -0.080587193 0.033659464 -0.053316776 0.712868544 0.698457444
1770720726.259362936 -42.102919118 53.252222609 -0.009947321 0.034955945 -0.052433686 0.728686344 0.681942082
1770720726.859674215 -42.176621747 53.825939682 0.068767613 0.031191132 -0.057104984 0.758786168 0.648081542
1770720727.459726334 -42.262568191 54.341318826 0.135299417 0.020364950 -0.058532188 0.829011673 0.555786738
1770720728.159461498 -42.500720875 54.848042299 0.185376304 0.011293114 -0.062982744 0.908346503 0.413294410
1770720728.859646320 -42.905435905 55.245424128 0.190262976 -0.003724494 -0.072540378 0.955944236 0.284419830
1770720729.559851646 -43.374197352 55.493813005 0.216727289 -0.006651104 -0.077395424 0.955473814 0.284667353
1770720730.359686136 -43.835012469 55.782331543 0.254875682 -0.000597795 -0.070129417 0.954930655 0.288424951
1770720731.159592628 -44.304908050 56.070955761 0.270615592 0.001434333 -0.073236431 0.955444125 0.285938617
1770720731.759763956 -44.717856262 56.363276265 0.289706431 0.002726710 -0.064703651 0.965615850 0.251777744
1770720732.459408045 -45.238927366 56.604560319 0.317106998 -0.008135093 -0.063676526 0.992356754 0.105390671
1770720733.059757471 -45.782961029 56.696994012 0.308299915 -0.012874864 -0.064297648 0.997679121 -0.018341830
1770720733.659761667 -46.354055363 56.646819698 0.290737432 -0.015835662 -0.066109007 0.993853122 -0.087377356
1770720734.259699583 -46.914737711 56.536333740 0.264522129 -0.021950140 -0.064244247 0.986053186 -0.151953884
1770720734.859664679 -47.445179702 56.340487688 0.217842232 -0.021406886 -0.063569256 0.975146800 -0.211162054
1770720735.359747648 -48.007178980 56.086631269 0.173433329 -0.019608685 -0.065542645 0.974320804 -0.214519540
1770720735.759685278 -48.530324572 55.877929669 0.152253329 -0.028779826 -0.045579669 0.977682595 -0.203054077
1770720736.059538364 -48.978412111 55.643270588 0.121779428 -0.025448556 -0.061957726 0.980392838 -0.185319979
1770720736.359615803 -49.429667699 55.427260498 0.099435072 -0.025100306 -0.060782678 0.985027614 -0.159361350
1770720736.759940147 -50.019766716 55.176893714 0.072603936 -0.010101522 -0.063890409 0.988724955 -0.135051610
1770720737.159753561 -50.665385767 55.011988289 0.055716713 -0.011739958 -0.065667253 0.992778267 -0.099706056
1770720737.559768915 -51.251315439 54.924038212 0.047285436 -0.032965463 -0.047520046 0.996736134 -0.056322319
1770720737.959688902 -51.854144181 54.840797349 0.031806287 -0.009736445 -0.054031683 0.996754396 -0.058876590
1770720738.359564066 -52.480107856 54.802399378 0.026510319 -0.012986662 -0.059987432 0.996698368 -0.053152776
1770720738.759672642 -53.073116656 54.745851683 0.006091434 -0.016745143 -0.050499049 0.996415720 -0.065765939
1770720739.159582138 -53.674670094 54.592356957 0.010628359 -0.008682093 -0.061591153 0.992861130 -0.101773907
1770720739.559717178 -54.249191688 54.475619764 -0.006665059 -0.013401439 -0.066281152 0.987939545 -0.139293455
1770720739.959530830 -54.755336200 54.344316712 -0.021879848 -0.026877766 -0.051991441 0.983711735 -0.169957928
1770720740.359470129 -55.303446951 54.095601542 -0.061454999 -0.011511776 -0.059929084 0.976648844 -0.205992766
1770720740.759788752 -55.877468936 53.836226835 -0.093986921 -0.016559804 -0.067872247 0.974205853 -0.214574199
1770720741.159708977 -56.422573591 53.578848949 -0.098330112 -0.021690122 -0.055793588 0.974679364 -0.215445471
1770720741.559626102 -56.907421622 53.334719388 -0.142751256 -0.012192631 -0.059594040 0.974794843 -0.214650656
1770720741.959922075 -57.367824960 53.107754835 -0.186801982 -0.014548351 -0.067153109 0.978448446 -0.194724019
1770720742.459694862 -57.950471438 52.885058795 -0.196001514 -0.012166006 -0.060239007 0.980682112 -0.185703652
1770720742.859832287 -58.417832186 52.680646387 -0.224437128 -0.011074916 -0.065255629 0.981925760 -0.177315682
1770720743.359469175 -58.910004128 52.469825444 -0.231638171 -0.008390400 -0.063212218 0.984702448 -0.162157039
1770720743.859928370 -59.480109742 52.288488617 -0.247430332 -0.006597267 -0.064780327 0.990244526 -0.123189953
1770720744.359842777 -60.074835874 52.182098985 -0.273726905 -0.007727491 -0.059791803 0.995199849 -0.077087521
1770720744.859857082 -60.639313788 52.085703453 -0.276056348 -0.002162787 -0.060049946 0.997464852 -0.038120793
1770720745.359922409 -61.202633221 52.029445195 -0.287083905 -0.003631374 -0.060255269 0.998133528 0.009250780
1770720745.859777212 -61.792291397 52.019947153 -0.293671816 0.002675049 -0.061444115 0.997770163 0.025926192
1770720746.259387970 -62.313623866 52.079198041 -0.281681943 0.000044609 -0.060646211 0.997866207 0.024188184
1770720746.759769440 -62.940633585 52.131791622 -0.282236791 -0.000260572 -0.056448567 0.998064562 0.026088717
1770720747.159858227 -63.448455526 52.150453018 -0.263412225 -0.002044987 -0.056451752 0.998306845 0.013873010
1770720747.659760952 -64.066704798 52.147381738 -0.282483321 -0.001602110 -0.061290419 0.997755446 -0.026925599
1770720748.159477472 -64.657097242 52.101604417 -0.271853028 -0.000311046 -0.064234716 0.995818297 -0.064959399
1770720748.659787893 -65.207397040 52.020720983 -0.290903071 -0.008629020 -0.068645908 0.991250699 -0.112406988
1770720749.259784460 -65.777151694 51.860556305 -0.295400562 -0.010855047 -0.070074658 0.983920097 -0.163929718
1770720749.859836817 -66.255632706 51.680531240 -0.319041398 -0.016640371 -0.073013638 0.958553453 -0.274895223
1770720750.559599400 -66.692359948 51.390497156 -0.344080181 -0.022984800 -0.065131991 0.904099264 -0.421703740
1770720751.259719372 -67.020747308 51.003283054 -0.418830392 0.029176269 0.055743812 -0.825078426 0.561504197
1770720751.859849930 -67.160290866 50.500082802 -0.497774799 0.029818143 0.058560039 -0.744402421 0.664489756
1770720752.459693909 -67.134641667 49.977024810 -0.560001885 0.021699008 0.071530904 -0.681387681 0.728095674
1770720753.059706926 -67.075728491 49.480453470 -0.594155774 0.013779251 0.076929181 -0.685999789 0.723392233
1770720753.659790277 -67.050805744 48.954483825 -0.662441722 0.012137903 0.077537615 -0.712210822 0.697564574
1770720754.259859800 -67.103017001 48.412919343 -0.728966446 0.018295118 0.067424231 -0.745038158 0.663353152
1770720754.859820604 -67.188359588 47.882101899 -0.791676454 0.024262671 0.062077273 -0.763778543 0.642028093
1770720755.759677887 -67.276835830 47.340028701 -0.845399068 0.025266153 0.053723963 -0.748076055 0.660952021
1770720756.459795475 -67.324250660 46.770730502 -0.917119670 0.025942549 0.063593090 -0.737718847 0.671605394
1770720757.059699297 -67.359666930 46.262207508 -0.986913337 0.024224497 0.068082825 -0.731599053 0.677894334
1770720757.759804487 -67.399007211 45.723428537 -1.049666147 0.020896686 0.072018893 -0.701407347 0.708804869
1770720758.459835529 -67.440692930 45.195937634 -1.134830206 0.040372273 0.039855074 -0.625352723 0.778277344
1770720759.059799433 -67.258142198 44.674101094 -1.203820427 0.029596906 0.054216388 -0.629024201 0.774927843
1770720759.659885406 -67.128214346 44.133291595 -1.256354436 0.024578715 0.061538688 -0.623502444 0.779008074
1770720760.259829521 -66.997104758 43.557410721 -1.322029276 0.024866207 0.059131598 -0.623065079 0.779535139
1770720760.859784603 -66.881819480 43.041769491 -1.396228397 0.030268072 0.057880901 -0.622721336 0.779712629
1770720761.459702015 -66.774516620 42.488990837 -1.472348840 0.029580316 0.055506281 -0.623894032 0.778973873
1770720762.059833050 -66.651153571 41.910511928 -1.538690183 0.031150046 0.048662851 -0.624407185 0.778959093
1770720762.559861660 -66.517240205 41.385540094 -1.601317658 0.025254917 0.048682389 -0.623529327 0.779873960
1770720763.159840345 -66.382568936 40.808731332 -1.654593490 0.024151603 0.051618278 -0.611286210 0.789355067
1770720763.759701490 -66.239654385 40.272827474 -1.713343740 0.028661610 0.061488958 -0.564929626 0.822345510
1770720764.459681034 -66.072176338 39.762030642 -1.784975424 0.034304162 0.048007713 -0.425961995 0.902814966
1770720765.259882212 -65.761854908 39.444175214 -1.826871852 0.033116015 0.036520453 -0.257526819 0.965012706
1770720766.159898281 -65.223978205 39.250381757 -1.870097837 0.031138629 0.033117173 -0.129279726 0.990565692
1770720766.859873056 -64.690893340 39.143193180 -1.898744482 0.030186803 0.026466742 -0.130877557 0.990585349
1770720767.559754133 -64.199123780 38.992718904 -1.923844981 0.039057684 0.022856073 -0.133446519 0.990022285
1770720768.259881020 -63.664471359 38.848285230 -1.958117381 0.033926652 0.019113122 -0.137157976 0.989783492
1770720768.959771872 -63.119380998 38.693026964 -1.989056124 0.034355208 0.022503319 -0.134335647 0.990084468
1770720769.859716415 -62.597802603 38.543758899 -2.005950080 0.036426422 0.018873013 -0.121289794 0.991768981
1770720770.859752178 -62.073045477 38.439560228 -2.040084401 0.029291278 0.013977514 -0.022226660 0.999226013
1770720771.859736204 -61.544142628 38.461416232 -2.054318323 0.026979004 0.006222978 0.012875871 0.999533701
1770720774.159739494 -61.006645871 38.469468662 -2.088661948 0.037387512 0.003918090 0.019720116 0.999098563
1770720774.859722614 -60.493822304 38.514741351 -2.090559521 0.036707667 -0.001662379 0.071179751 0.996786450
1770720775.359807730 -59.977207856 38.575034755 -2.097517478 0.038205735 0.002654128 0.073786264 0.996538441
1770720775.759896994 -59.464498603 38.657178066 -2.092475539 0.036195372 0.003433982 0.075009589 0.996519776
1770720776.159676790 -58.901849104 38.769423822 -2.092273988 0.023797140 0.006456699 0.073558933 0.996986003
1770720776.559784174 -58.355764409 38.880231926 -2.088243011 0.026049791 0.010282238 0.071947371 0.997015175
1770720776.959961891 -57.847618637 38.983959553 -2.081828626 0.029250887 0.007129813 0.082922866 0.996101074
1770720777.359766722 -57.259678991 39.052571266 -2.096009350 0.029996776 0.013209700 0.076102935 0.996561107
1770720777.859733582 -56.660579584 39.104775820 -2.086229971 0.039942325 0.015677697 0.072725559 0.996428529
1770720778.359887838 -56.144549473 39.181725466 -2.101200402 0.039747344 0.018304931 0.066986191 0.996793824
1770720778.859778404 -55.637511110 39.313298506 -2.100179098 0.030826947 0.007004270 0.074402952 0.996727064
1770720779.359705448 -55.111985777 39.409601538 -2.091290520 0.026625872 0.002192338 0.081527848 0.996312936
1770720779.759925842 -54.605393414 39.488822304 -2.103428089 0.029351723 0.007212805 0.075257704 0.996705939
1770720780.259799957 -54.001578242 39.567585575 -2.092295115 0.031383099 0.004799189 0.070672240 0.996994234
1770720780.759876966 -53.393790311 39.662334880 -2.092236197 0.031140180 0.010191370 0.067448064 0.997184629
1770720781.259713173 -52.798951078 39.756992901 -2.103341700 0.029769599 0.007742133 0.074705000 0.996731154
1770720781.759778976 -52.236668102 39.852998584 -2.099183946 0.030848149 0.000940335 0.080512810 0.996275662
1770720782.259777546 -51.655334792 39.924056906 -2.086144974 0.028346050 0.009240899 0.078261746 0.996486932
1770720782.859901428 -51.076057257 40.065880756 -2.080608759 0.020135135 0.004287252 0.077008441 0.996817885
1770720783.359747171 -50.508768520 40.154668756 -2.090997144 0.018066626 -0.000806733 0.073362855 0.997141333
1770720783.859897614 -49.953185524 40.212603030 -2.086858709 0.025789580 -0.002352086 0.070619257 0.997167130
1770720784.459781170 -49.368267136 40.216838222 -2.095744836 0.029340275 0.002307476 0.070293336 0.997092107
1770720785.059796333 -48.800203309 40.280008157 -2.099467072 0.025139009 0.003461726 0.063751599 0.997643113
1770720785.459721804 -48.258563548 40.400187885 -2.103234295 0.020287613 0.000985127 0.073709563 0.997072887
1770720785.859818459 -47.694931217 40.527717404 -2.063925902 0.010379089 0.002839797 0.077791895 0.996911546
1770720786.259937286 -47.120124884 40.606766751 -2.068275139 0.021307658 -0.004790052 0.076565329 0.996825356
1770720786.659710407 -46.551899793 40.656194778 -2.083757818 0.035981111 0.006305080 0.077970478 0.996286209
1770720787.059940100 -45.956359462 40.750643227 -2.058084568 0.021529657 0.007359424 0.072719504 0.997092868
1770720787.459842443 -45.395473969 40.824354995 -2.066706431 0.024961577 0.005538353 0.067659556 0.997380785
1770720787.859933853 -44.803527669 40.911548960 -2.071296709 0.026641633 0.005074016 0.070688713 0.997129672
1770720788.259938717 -44.215108116 41.032279082 -2.067395702 0.015745872 0.006734560 0.070303877 0.997378603
1770720788.659786701 -43.574466014 41.095995727 -2.063623381 0.025666157 0.002217120 0.062626743 0.997704477
1770720788.959883928 -43.073573641 41.163786419 -2.053543747 0.024568201 -0.002400133 0.053531742 0.998260986
1770720789.359946728 -42.435923561 41.269598863 -2.048448444 0.016384487 0.002217624 0.037469451 0.999160983
1770720789.659925461 -41.934499734 41.303121205 -2.045781931 0.022428682 0.002428898 0.030058930 0.999293508
1770720790.059911251 -41.307784162 41.356161656 -2.023098855 0.014758129 0.009374620 0.025655735 0.999517932
1770720790.459907532 -40.674824394 41.368138470 -2.020472958 0.022915524 0.004650233 0.015607859 0.999604746
1770720790.859787226 -40.043084476 41.379662680 -2.039604894 0.029561388 0.003510628 0.020841072 0.999339507
1770720791.259760618 -39.405022037 41.435976102 -2.031803406 0.013903068 0.003743324 0.034231573 0.999310208
1770720791.659762621 -38.798957933 41.481689045 -2.044318092 0.015017427 -0.002012169 0.036609906 0.999214763
1770720792.059952259 -38.137807000 41.567009815 -2.029726771 0.017210141 0.000175826 0.044227043 0.998873240
1770720792.459717989 -37.485757366 41.637126160 -2.016186991 0.011444419 0.005901410 0.051490977 0.998590446
1770720792.859964371 -36.844753224 41.669925136 -2.007007304 0.017720672 -0.000637276 0.044935812 0.998832491
1770720793.259665489 -36.209633725 41.725263627 -2.016732798 0.022998817 0.000162569 0.044881830 0.998727515
1770720793.659864664 -35.570970628 41.808844189 -1.996988877 0.009606653 0.005455175 0.049460020 0.998715004
1770720794.059813738 -34.953333971 41.866797360 -1.992833329 0.013838982 0.001167366 0.045438402 0.998870598
1770720794.459903717 -34.332851800 41.933779898 -2.009817518 0.021346446 0.001201450 0.059287837 0.998011943
1770720794.859846115 -33.702789713 42.027666638 -2.003509045 0.011443316 0.003532581 0.067792040 0.997627591
1770720795.259886503 -33.067322673 42.090981284 -1.988664723 0.019515311 -0.000888687 0.070540707 0.997317588
1770720795.559900999 -32.563416840 42.166785089 -1.984721533 0.017248159 -0.006546187 0.072205504 0.997219140
1770720795.959807396 -31.948700343 42.296882987 -1.984578607 0.010475124 -0.000605891 0.082347680 0.996548425
1770720796.359822989 -31.311921072 42.389431374 -1.960695733 0.019526732 0.006784355 0.083843924 0.996264461
1770720796.759796143 -30.694186620 42.529942941 -1.953329104 0.013806581 -0.007353997 0.092142067 0.995622989
1770720797.159824610 -30.059985450 42.663856959 -1.953121639 0.007239615 -0.004783881 0.087942858 0.996087725
1770720797.559886456 -29.433758641 42.758116175 -1.934309748 0.019815160 0.003059694 0.084692781 0.996205366
1770720797.959790468 -28.811150046 42.892216461 -1.929270757 0.015116605 -0.009065436 0.092729980 0.995535262
1770720798.359897375 -28.211763779 43.028288679 -1.916105892 0.005588807 -0.007633136 0.085497074 0.996293506
1770720798.759862900 -27.562692175 43.146644896 -1.895515141 0.012215553 -0.003631338 0.086157196 0.996200046
1770720799.059871197 -27.072310960 43.244626681 -1.883295196 0.005855118 -0.003070048 0.094801084 0.995474282
1770720799.459848404 -26.453896382 43.345346030 -1.863688866 0.014038813 -0.005451771 0.088009377 0.996005793
1770720799.859823942 -25.814066590 43.449722025 -1.866433380 0.017521430 -0.003290145 0.084623122 0.996253533
1770720800.259925604 -25.185376657 43.584699206 -1.843341825 0.003788132 -0.002465762 0.083112846 0.996529892
1770720800.659889460 -24.565497736 43.688139557 -1.828952093 0.008634469 -0.008059641 0.065993775 0.997750124
1770720801.059819698 -23.951050151 43.772235716 -1.821989718 0.013316357 -0.005096437 0.059237738 0.998142070
1770720801.459901571 -23.321933842 43.876635054 -1.811200097 0.006558221 -0.003140557 0.045926334 0.998918364
1770720801.860141993 -22.663035415 43.897526633 -1.785542614 0.016006120 -0.005003372 0.036126127 0.999206522
1770720802.260050774 -22.003693843 43.930244424 -1.778003466 0.018372859 -0.004136536 0.032048929 0.999308858
1770720802.659924030 -21.371009071 44.002173666 -1.749111373 0.005761767 -0.001289215 0.037245577 0.999288700
1770720803.060023546 -20.739467886 44.056257749 -1.745280261 0.008663104 -0.007400044 0.034387547 0.999343628
1770720803.459774256 -20.100480760 44.110058460 -1.736181558 0.012768520 -0.005308389 0.039506101 0.999123643
1770720803.859847546 -19.467024872 44.176871062 -1.712573214 0.001318944 -0.000917430 0.044535136 0.999006527
1770720804.259835720 -18.851527841 44.219536523 -1.703303521 0.009464713 -0.007280861 0.036199745 0.999273229
1770720804.659913540 -18.210044180 44.270877097 -1.711017523 0.010464396 -0.006258971 0.040137807 0.999119752
1770720805.059826851 -17.574480269 44.371291933 -1.673700716 -0.002853215 -0.003997101 0.039663084 0.999201042
1770720805.459913015 -16.926349060 44.431917562 -1.662274880 0.002959308 -0.017710619 0.039401029 0.999062128
1770720805.859899998 -16.277586923 44.458819996 -1.670314125 0.012549445 -0.009181446 0.041879096 0.999001679
1770720806.159973145 -15.779889484 44.502945944 -1.640619229 0.004488409 -0.006865035 0.037803748 0.999251521
1770720806.559933662 -15.158426351 44.528161147 -1.608291214 0.014939222 -0.002261312 0.031345088 0.999394412
1770720806.959918022 -14.518557498 44.605653846 -1.598850456 0.005023807 -0.015803974 0.040016840 0.999061384
1770720807.359886169 -13.890671788 44.686076773 -1.586896708 0.001781936 -0.005515162 0.037569200 0.999277220
1770720807.759800434 -13.276017914 44.707345362 -1.570652337 0.010044994 -0.002499491 0.035771678 0.999306378
1770720808.159867287 -12.640984880 44.757945294 -1.566279084 0.006831815 -0.013921501 0.055183854 0.998355778
1770720808.559816122 -11.980462013 44.819823202 -1.546413729 0.006579321 -0.008037896 0.063304285 0.997940215
1770720808.960006237 -11.331148330 44.909065643 -1.523330772 0.007259164 -0.002978752 0.070484141 0.997482039
1770720809.359930038 -10.708976676 45.042760671 -1.505622500 0.001144811 -0.016288369 0.095237007 0.995320698
1770720809.759820938 -10.077000530 45.205539206 -1.498794811 -0.006433275 -0.009905802 0.101106854 0.994805454
1770720810.159885406 -9.456229921 45.318883232 -1.466762660 0.006439282 -0.006280822 0.098547680 0.995091675
1770720810.559938431 -8.842017424 45.467765086 -1.455964905 0.000150735 -0.015116298 0.102365040 0.994632029
1770720810.959817886 -8.214609255 45.593965198 -1.438699231 -0.004593003 -0.011050335 0.092558174 0.995635364
1770720811.359880209 -7.609093334 45.699008393 -1.429619530 0.004720914 -0.006861987 0.088655409 0.996027532
1770720811.759904861 -6.975060930 45.864363254 -1.387857913 -0.003763320 -0.019964976 0.093174740 0.995442467
1770720812.059948921 -6.483569024 45.959245879 -1.368977145 -0.003560047 -0.020591384 0.094343385 0.995320374
1770720812.459957123 -5.849019218 46.056865131 -1.360449338 0.006116073 -0.011978824 0.097119216 0.995181872
1770720812.860019207 -5.210531347 46.189959966 -1.316785474 -0.004429393 -0.007114102 0.096252454 0.995321674
1770720813.259871483 -4.594968509 46.308762139 -1.293461823 -0.000513621 -0.012451852 0.090675345 0.995802525
1770720813.659879923 -3.971551194 46.431485564 -1.284531698 0.002611267 -0.014200022 0.093285315 0.995534726
1770720814.059805870 -3.357483478 46.578015737 -1.256648062 -0.010555467 -0.011832486 0.097179907 0.995140513
1770720814.459913969 -2.734435589 46.697129426 -1.239241467 -0.002811459 -0.016687567 0.091433572 0.995667376
1770720814.859941483 -2.105250411 46.790532247 -1.232480082 0.007567732 -0.013902387 0.098199838 0.995040826
1770720815.159776211 -1.610439234 46.898755859 -1.196037709 -0.001593368 -0.013376934 0.090489537 0.995806288
1770720815.560023546 -0.967602223 47.021573528 -1.169977088 0.001725770 -0.008797193 0.084594576 0.996375125
1770720815.959941626 -0.352861737 47.155914506 -1.151109960 -0.004457097 -0.019241900 0.094109537 0.995365902
1770720816.359923124 0.279115342 47.290069464 -1.135815234 -0.009988001 -0.013733263 0.093821119 0.995444240
1770720816.759824514 0.901102263 47.393485899 -1.100169716 0.001624113 -0.007835494 0.090160523 0.995895099
1770720817.159924269 1.518506811 47.524647521 -1.084470830 -0.004394325 -0.018827038 0.097270410 0.995070198
1770720817.559927464 2.141013585 47.659843569 -1.068609007 -0.011232661 -0.012811809 0.091621094 0.995648161
1770720817.959956646 2.758891948 47.767745080 -1.056212688 -0.002868018 -0.008935751 0.089172663 0.995971969
1770720818.359840393 3.384684046 47.933619727 -1.021726980 -0.009255804 -0.018233905 0.094319570 0.995331941
1770720818.659864187 3.875128795 48.038138924 -1.007068387 -0.008792414 -0.021178420 0.095944466 0.995122519
1770720819.059932947 4.504828305 48.127909707 -0.986513456 -0.000398276 -0.014583396 0.096680720 0.995208523
1770720819.359846592 4.993658249 48.233075398 -0.961169022 -0.007333649 -0.016014684 0.090957654 0.995698977
1770720819.759998560 5.613158666 48.340403943 -0.924918387 0.000659600 -0.011481434 0.087290825 0.996116486
1770720820.159792662 6.225525927 48.488904624 -0.896754247 -0.006137361 -0.025832726 0.095498600 0.995075384
1770720820.559857845 6.853494389 48.637024086 -0.880516631 -0.013069866 -0.013374607 0.086390271 0.996085849
1770720820.959767818 7.468817640 48.739956036 -0.844216569 -0.005591191 -0.010752589 0.064543085 0.997841325
1770720821.359934568 8.074647422 48.831835272 -0.832016103 -0.004637495 -0.023467046 0.046532330 0.998630329
1770720821.759860039 8.751524811 48.872260900 -0.793455097 -0.003234011 -0.014927302 0.016941694 0.999739814
1770720822.159023046 9.408906808 48.878063163 -0.741106619 0.000953059 -0.011726784 -0.008060777 0.999898294
1770720822.559833527 10.034286563 48.908746840 -0.719427183 -0.003314111 -0.023395136 -0.005756565 0.999704229
1770720822.959945440 10.689377483 48.910785324 -0.699117142 -0.009471723 -0.018511523 -0.004580238 0.999773290
1770720823.359838009 11.334979746 48.888301829 -0.654382430 -0.000024361 -0.014861034 0.003690080 0.999882759
1770720823.759849072 11.947530246 48.909115111 -0.634120473 -0.005415053 -0.026312613 0.025945063 0.999302345
1770720824.159911394 12.579982500 48.953420828 -0.615788451 -0.014013529 -0.018282451 0.040525677 0.998912930
1770720824.559764624 13.214710225 49.013862610 -0.600621226 -0.009289344 -0.014198940 0.065784072 0.997689608
1770720824.959913015 13.838698153 49.163774101 -0.558440317 -0.016857520 -0.023564874 0.092554874 0.995285947
1770720825.260042191 14.331900496 49.272281862 -0.539612804 -0.019019693 -0.027723358 0.101896587 0.994226711
1770720825.659881353 14.978644015 49.388628582 -0.512302822 -0.012211417 -0.022512454 0.112122381 0.993364305
1770720826.059984922 15.608994641 49.544549251 -0.466964954 -0.020515751 -0.016946449 0.112773474 0.993264348
1770720826.459209204 16.219089888 49.673069537 -0.431712160 -0.015168862 -0.022876262 0.108575979 0.993709132
1770720826.860070229 16.834934506 49.819979593 -0.417035446 -0.011836882 -0.020682598 0.109984396 0.993647599
1770720827.259833097 17.440597696 49.989970215 -0.372753213 -0.024531212 -0.018640416 0.114050791 0.992997065
1770720827.659917593 18.064174943 50.127942309 -0.347664811 -0.018255554 -0.025087661 0.108340780 0.993629518
1770720828.060043097 18.677055961 50.237880016 -0.333259824 -0.008483833 -0.022079687 0.114925931 0.993092414
1770720828.459770203 19.315495097 50.404437582 -0.282538746 -0.019838498 -0.022660117 0.107526618 0.993745933
1770720828.859943867 19.952460102 50.558755648 -0.245168411 -0.018056494 -0.027592403 0.106549385 0.993760460
1770720829.259987354 20.580357867 50.702031753 -0.224482843 -0.018690759 -0.022403255 0.108709819 0.993645271
1770720829.659927845 21.189717987 50.877244724 -0.179109296 -0.027130089 -0.016051401 0.108716894 0.993572820
1770720830.060053349 21.803561205 50.999597342 -0.151316784 -0.016163681 -0.025658796 0.102324859 0.994288683
1770720830.460057020 22.422525984 51.124544546 -0.138569540 -0.012884674 -0.023203088 0.104607183 0.994159413
1770720830.859985113 23.006598633 51.263990732 -0.101433744 -0.022223449 -0.021680782 0.109609384 0.993489731
1770720831.259833813 23.567915816 51.377509047 -0.072456370 -0.019423163 -0.022723011 0.099303094 0.994608114
1770720831.660082340 24.141645903 51.515660563 -0.050476596 -0.017397993 -0.025575028 0.102975552 0.994202828
1770720832.059918642 24.667512005 51.642612137 -0.009665733 -0.024588676 -0.022868882 0.107477334 0.993640294
1770720832.459787607 25.194363163 51.733854852 0.017290651 -0.016802760 -0.025055407 0.086256594 0.995816094
1770720832.859910727 25.723281437 51.833647244 0.040712439 -0.012989739 -0.024784250 0.080729914 0.996343158
1770720833.260038376 26.249972990 51.950445426 0.082821769 -0.027058593 -0.024518236 0.084195264 0.995780019
1770720833.659958601 26.754299440 52.029894176 0.108368967 -0.017340623 -0.029055191 0.076516274 0.996494033
1770720834.159976959 27.311613968 52.104601977 0.127953831 -0.012919261 -0.019593480 0.074654714 0.996933228
1770720834.660097599 27.830782034 52.202021232 0.154815639 -0.014461160 -0.027607234 0.080994212 0.996227210
1770720835.260039568 28.388330607 52.308732975 0.185046471 -0.018012573 -0.026029454 0.080566926 0.996246448
1770720835.959935427 28.935902573 52.437539813 0.216067293 -0.020155415 -0.027435036 0.078554217 0.996328416
1770720836.559938431 29.452944633 52.522777772 0.240044510 -0.018505073 -0.029141026 0.080312625 0.996171795
1770720837.059967041 30.005350739 52.616146812 0.261065225 -0.020930670 -0.033336336 0.084285687 0.995663858
1770720837.559864044 30.590310453 52.710350423 0.306450718 -0.022081604 -0.034625631 0.085579623 0.995484604
1770720838.059789658 31.145756747 52.839163077 0.352532671 -0.029800445 -0.033269199 0.086642317 0.995237762
1770720838.559907913 31.733900653 52.955539339 0.381626148 -0.028078961 -0.032523758 0.084324915 0.995511469
1770720839.058801651 32.258509901 53.043913117 0.420242092 -0.028271425 -0.037279246 0.081169802 0.995601551
1770720839.559878588 32.807762168 53.148790590 0.458610907 -0.024097825 -0.028626753 0.081281454 0.995988518
1770720840.060103655 33.389711692 53.236786386 0.482266759 -0.020235887 -0.032621848 0.088508909 0.995335369
1770720840.560139418 33.945965570 53.350269708 0.521903111 -0.021439779 -0.034088473 0.090009181 0.995126454
1770720841.059937716 34.445197452 53.448401282 0.551607511 -0.026008881 -0.027322071 0.089929289 0.995233523
1770720841.560034275 34.962174165 53.548678320 0.584091743 -0.027983591 -0.032679945 0.084989437 0.995452528
1770720842.060054779 35.540406290 53.678115862 0.632452656 -0.025450977 -0.036357978 0.077231505 0.996024919
1770720842.559837818 36.105266827 53.776180925 0.672482291 -0.026317166 -0.036199780 0.062668432 0.997030416
1770720843.259883881 36.600520314 53.900555415 0.714841550 -0.030328433 -0.041061123 0.004622602 0.998685537
1770720845.559952736 37.124383954 53.774337646 0.726752816 -0.016510268 -0.036610614 -0.125196637 0.991318756
1770720846.460000277 37.651460520 53.697847529 0.766162841 -0.022910561 -0.039010296 -0.118280945 0.991949052
1770720847.758890152 38.141764343 53.589022850 0.810292013 -0.019975217 -0.039288078 -0.164969595 0.985313387
1770720849.159012556 38.470115084 53.448065417 0.849040751 -0.007016755 -0.038039913 -0.329596637 0.943329098
1770720850.660003662 38.877689936 53.117220884 0.871013817 -0.010327807 -0.037746704 -0.456669578 0.888775235
1770720851.559020519 39.153754764 52.685221672 0.911560023 -0.003990442 -0.043139841 -0.488241633 0.871632456
1770720852.459919453 39.467440637 52.237783299 0.962989163 -0.013656474 -0.036405712 -0.550267763 0.834082439
1770720853.259240866 39.645336453 51.768853740 0.984091833 0.000229462 -0.041133517 -0.566401428 0.823102304
1770720853.959976196 39.813065088 51.242452078 1.027078205 0.000902884 -0.042179984 -0.574486531 0.817425997
1770720854.658924818 40.038152639 50.731815422 1.077037676 -0.012486767 -0.037692995 -0.576258185 0.816302532
1770720855.360132694 40.232185380 50.227860128 1.119941479 -0.008116032 -0.029194933 -0.573344265 0.818754017
1770720856.858933449 40.430002599 49.757149903 1.163946653 -0.013056588 -0.030651851 -0.634509866 0.772196361
1770720858.059187174 40.525364331 49.215906616 1.179350167 -0.006914527 -0.035360559 -0.635259409 0.771457908
1770720858.959198713 40.637032642 48.663686165 1.212837211 -0.004427516 -0.034847131 -0.633459522 0.772978078
1770720859.758800507 40.751261990 48.155956249 1.250501807 -0.007948008 -0.031124570 -0.629028705 0.776718082
1770720860.559019804 40.863825232 47.612929526 1.280735456 -0.005822761 -0.033656719 -0.633653122 0.772862887
1770720861.159071445 40.987064479 47.033541073 1.330214606 -0.003580731 -0.033753479 -0.631894652 0.774310681
1770720861.559387684 41.109715043 46.516482608 1.368262754 -0.008968238 -0.031788190 -0.630469199 0.775511232
1770720861.959190845 41.261320757 45.944810015 1.407660560 -0.018368809 -0.021846319 -0.633336506 0.773349983
1770720862.258816242 41.361318658 45.452802125 1.446104587 -0.012984043 -0.022664141 -0.628769293 0.777153091
1770720862.559245825 41.494512007 44.948697911 1.486189534 -0.020822196 -0.013970829 -0.631177388 0.775233099
1770720862.960022688 41.603571167 44.305269256 1.535251991 -0.006227831 -0.026663893 -0.637958814 0.769583525
1770720863.359261751 41.726124287 43.678693171 1.570384124 -0.014590610 -0.019850879 -0.636740838 0.770684217
1770720863.758772373 41.844554075 43.065803677 1.616025472 -0.016194230 -0.018856705 -0.646766176 0.762283205
1770720864.159059286 41.921598617 42.451866914 1.638050008 -0.004409918 -0.026368835 -0.647900232 0.761255888
1770720864.559243917 42.079306946 41.848546717 1.697876667 -0.020651308 -0.019516095 -0.642671358 0.765614898
1770720864.858820438 42.150188051 41.352067459 1.729304897 -0.023413894 -0.031428186 -0.642717931 0.765099810
1770720865.258712053 42.257202085 40.694341970 1.770488172 -0.011390201 -0.025869910 -0.640439858 0.767487980
1770720865.658983946 42.386187731 40.075878331 1.832725858 -0.015111866 -0.016567338 -0.640798658 0.767381414
1770720866.060016870 42.496175400 39.449644928 1.871634206 -0.018539757 -0.032298755 -0.647125861 0.761473038
1770720866.458725691 42.590098357 38.818401031 1.905668249 -0.012869047 -0.026556599 -0.642412123 0.765790963
1770720866.858965158 42.736593231 38.225499111 1.958468919 -0.019021096 -0.011847219 -0.641991840 0.766383924
1770720867.258742571 42.834580965 37.601637856 1.989041767 -0.024714914 -0.033378636 -0.648183117 0.760351028
1770720867.658875942 42.919500790 36.997247629 2.021824997 -0.014501551 -0.028604737 -0.638704962 0.768783094
1770720868.059182644 43.056761688 36.343881915 2.084991433 -0.014769033 -0.020397314 -0.642306331 0.766034204
1770720868.359123707 43.149744206 35.846801731 2.120935042 -0.014348971 -0.025239351 -0.646200282 0.762615419
1770720868.758979321 43.282596779 35.229923513 2.169572622 -0.025394317 -0.018530855 -0.640217268 0.767550380
1770720869.159284830 43.414147334 34.601601970 2.204240798 -0.024336901 -0.018256985 -0.641597123 0.766438210
1770720869.559146643 43.483215319 33.984485164 2.252588730 -0.014386608 -0.023400196 -0.647184627 0.761838247
1770720869.959277391 43.622040625 33.361000373 2.301453916 -0.026045152 -0.021353005 -0.640640124 0.767102295
1770720870.359157562 43.739965958 32.740704447 2.329573281 -0.026259561 -0.018324776 -0.645548070 0.763048050
1770720870.759054184 43.837788608 32.123323909 2.366002599 -0.018747369 -0.027312350 -0.645801801 0.762786081
1770720871.158941269 43.983862431 31.511465670 2.440856900 -0.033046955 -0.016799873 -0.643644074 0.764426562
1770720871.458959341 44.078587124 31.014386706 2.486395412 -0.039364755 -0.023605370 -0.640614139 0.766489875
1770720871.859161854 44.175515859 30.357493096 2.520996615 -0.027703296 -0.020791018 -0.638821754 0.768574673
1770720872.259196043 44.301284208 29.725807424 2.580762101 -0.024234655 -0.013385066 -0.637286159 0.770129777
1770720872.659095287 44.401877288 29.133545464 2.636873214 -0.030160325 -0.027046311 -0.646886924 0.761509133
1770720873.058906794 44.509677048 28.490799139 2.665744260 -0.025721196 -0.021858556 -0.641667711 0.766239631
1770720873.459195375 44.653761533 27.880038261 2.727033388 -0.030186074 -0.008090654 -0.639604871 0.768068325
1770720873.858938694 44.739246513 27.262942196 2.758944795 -0.036357549 -0.027637760 -0.646329303 0.761690695
1770720874.258889198 44.836078093 26.647477059 2.796295378 -0.024328573 -0.025027065 -0.638369174 0.768938596
1770720874.559294939 44.945976597 26.155118135 2.841208477 -0.023869264 -0.028162514 -0.643624668 0.764450403
1770720874.859232187 45.039874324 25.660316205 2.881599618 -0.022884079 -0.022869854 -0.642834860 0.765321260
1770720875.259026289 45.189714804 25.055480422 2.953767593 -0.028570559 -0.002593562 -0.635457670 0.771602583
1770720875.658911228 45.288935802 24.425799803 2.998091905 -0.041331476 -0.025343494 -0.642640948 0.764631956
1770720876.058739424 45.393770827 23.792947695 3.048371438 -0.030326283 -0.021227998 -0.639270675 0.768090290
1770720876.459221601 45.535039614 23.160136337 3.094383744 -0.030838726 -0.010406849 -0.641389850 0.766524449
1770720876.859156370 45.637467080 22.547190255 3.142561486 -0.034421564 -0.027951413 -0.646098055 0.761965339
1770720877.259269476 45.744289822 21.930610070 3.187448743 -0.029901149 -0.019719989 -0.639797603 0.767708324
1770720877.659169912 45.914332966 21.332204105 3.254218243 -0.031522454 -0.007263059 -0.641286584 0.766619267
1770720877.959113598 45.981614919 20.826858415 3.288385930 -0.032431595 -0.018487419 -0.641507780 0.766207658
1770720878.259209633 46.094618401 20.336869789 3.346328066 -0.028577905 -0.011373384 -0.638411261 0.769080628
1770720878.658944845 46.179675100 19.702886842 3.395413307 -0.037185209 -0.031113849 -0.641781455 0.765353351
1770720879.059301138 46.270135295 19.069979212 3.432316799 -0.030335663 -0.023346509 -0.641090700 0.766509884
1770720879.458990812 46.428793077 18.455048429 3.498868776 -0.032444072 -0.009388636 -0.642005389 0.765955818
1770720879.859280109 46.522383291 17.849794997 3.546611120 -0.039914824 -0.024287362 -0.646314508 0.761639343
1770720880.259166002 46.628371946 17.232566457 3.584777018 -0.034381450 -0.019357293 -0.639313503 0.767933237
1770720880.659036398 46.769654719 16.643643752 3.608689755 -0.035573791 -0.011522800 -0.640965795 0.766658060
1770720881.059351206 46.838173899 16.006704138 3.680443044 -0.036712935 -0.034126931 -0.640571209 0.766261078
1770720881.358943701 46.947126211 15.511577101 3.729179609 -0.034596249 -0.027705029 -0.642323644 0.765150879
1770720881.759336710 47.095780476 14.871172459 3.776059652 -0.039810167 -0.015991689 -0.644491803 0.763406663
1770720882.159256220 47.196855297 14.225005705 3.848313125 -0.030356020 -0.019447263 -0.642532103 0.765410225
1770720882.559005499 47.321179786 13.606372814 3.899978068 -0.036845004 -0.016392615 -0.639049441 0.768107766
1770720882.959279060 47.437881900 12.996397885 3.944077799 -0.038090277 -0.017570467 -0.644482421 0.763467628
1770720883.359220505 47.519903591 12.370561153 3.990984707 -0.032887824 -0.025665653 -0.646202102 0.762025267
1770720883.759381056 47.660374694 11.748326757 4.053042073 -0.039291552 -0.019107508 -0.640702174 0.766545368
1770720884.159285307 47.782170661 11.175095502 4.093422573 -0.043067885 -0.014760039 -0.645263525 0.762602309
1770720884.558991909 47.871357236 10.674433865 4.164618120 -0.038894192 -0.014595496 -0.646803634 0.761524309
1770720885.058831692 47.954352720 10.128791557 4.199731635 -0.039436462 -0.020622224 -0.640137552 0.766970276
1770720885.559328079 48.038808640 9.611108277 4.241041174 -0.040009859 -0.017902889 -0.638164765 0.768651046
1770720886.059463263 48.157011595 9.037093607 4.299195310 -0.035052718 -0.019845765 -0.641915014 0.765717028
1770720886.659159184 48.267696721 8.508651364 4.331614347 -0.045457179 -0.009414808 -0.656574489 0.752831287
1770720887.259124994 48.318499189 7.962396894 4.372733303 -0.041955331 -0.017532983 -0.670619969 0.740406106
1770720887.859211445 48.351032265 7.427484847 4.438160338 -0.031240062 -0.027556727 -0.688866327 0.723690451
1770720888.559402943 48.388386567 6.911614967 4.499816792 -0.035260569 -0.031266493 -0.755417284 0.653547110
1770720889.459349871 48.275606059 6.380608051 4.561323682 -0.021775072 -0.039447970 -0.844865605 0.533077681
1770720890.559034348 48.012391717 5.914071236 4.603916438 0.013352781 0.051773188 0.923797433 -0.379129982
1770720891.459221125 48.020508367 5.824994271 4.615185453 0.009177545 0.056181686 0.978230435 -0.199561034
1770720892.259276867 48.049927564 5.770686457 4.565498376 0.003153108 0.061506940 0.997933308 -0.018332105
1770720893.159274101 48.053197176 5.713991013 4.526810102 0.011962305 0.056262477 0.987377440 0.147571092
1770720895.159386158 47.553460162 5.845636314 4.529794746 0.002146567 0.049071769 0.985091376 0.164870659
1770720896.459290028 47.055583416 6.024506790 4.511359831 0.000010987 0.045715450 0.985610501 0.162733024
1770720897.559053898 46.557734253 6.187227335 4.509842098 0.005117310 0.039815141 0.986815392 0.156792696
1770720898.759087563 46.058887420 6.361679558 4.508949091 0.003500748 0.042894615 0.986824149 0.155967611
1770720899.759374857 45.558646278 6.542771328 4.511796183 0.003111487 0.033801471 0.986555312 0.159863676
1770720900.659341097 45.095282865 6.763690610 4.524907859 0.001524659 0.041693733 0.994965886 0.091116373
1770720902.159388304 44.554384080 6.770059901 4.517478073 0.010194203 0.025199501 0.998437269 -0.048827065
1770720902.759426594 44.000985007 6.685416924 4.528129994 0.008551665 0.026070814 0.998370129 -0.050042651
1770720903.259427786 43.436906096 6.628043095 4.534320087 0.010074741 0.030783813 0.998177259 -0.050921670
1770720903.858991146 42.887584395 6.592410125 4.572511660 0.005042044 0.035701130 0.998096922 -0.050025412
1770720906.459155321 42.359642773 6.524946920 4.555840050 0.014449213 0.028785203 0.997869906 -0.056729908
1770720907.159459829 41.839346837 6.459113035 4.575315800 0.011758284 0.032928814 0.997777143 -0.056729253
1770720907.759510279 41.252827044 6.393018985 4.603381681 0.009637712 0.030150009 0.998566558 -0.043161569
1770720908.359142303 40.670660502 6.300428822 4.626377993 0.007320379 0.027258152 0.999520765 -0.012713983
1770720908.859359980 40.136051927 6.286294721 4.638036306 0.006017001 0.024206297 0.999577660 0.014911484
1770720909.358981609 39.604400944 6.332428315 4.647430803 0.003133420 0.033506976 0.998989594 0.029786838
1770720909.859523296 39.074559068 6.382886457 4.654838988 0.007126510 0.035392464 0.998719624 0.035435850
1770720910.359226465 38.451991226 6.428917777 4.655490648 0.003403377 0.034072670 0.999085257 0.025614834
1770720910.759468555 37.902984973 6.413469095 4.682114717 0.005745265 0.024559460 0.999670918 0.004677570
1770720911.159354687 37.298222995 6.392881160 4.689523026 0.005206232 0.025478403 0.999608933 -0.010282419
1770720911.559660196 36.756363128 6.428187916 4.718670718 -0.000294805 0.038655964 0.999005241 -0.022229646
1770720911.959503412 36.237336885 6.400476918 4.738321792 0.006618025 0.033331551 0.998312301 -0.047093090
1770720912.359305143 35.708886178 6.339614331 4.749417791 0.001346854 0.023892013 0.998019830 -0.058170232
1770720912.759213924 35.155418106 6.267690608 4.774568986 -0.001853759 0.033208961 0.996512172 -0.076532476
1770720913.159513474 34.586814413 6.149463089 4.776937336 0.009227652 0.025992815 0.995285549 -0.092983337
1770720913.559379578 33.946232117 6.028401595 4.773368954 0.006364286 0.020527313 0.995773592 -0.089292097
1770720913.959193230 33.307746575 5.941268234 4.809627561 0.002675232 0.037302955 0.995291734 -0.089418655
1770720914.259576082 32.805807838 5.847740703 4.824508125 0.003526241 0.024748522 0.995214843 -0.094458946
1770720914.666482687 32.166827675 5.718711533 4.841821323 0.004005452 0.023579346 0.995918636 -0.087028964
1770720915.059272766 31.536001104 5.588919361 4.858862520 0.005015160 0.029298590 0.995474250 -0.090263268
1770720915.459151506 30.909172484 5.453411132 4.883304449 0.001449109 0.016908018 0.995096868 -0.097438400
1770720915.859466553 30.280521140 5.357073083 4.899787859 0.007686603 0.026474605 0.995552375 -0.090085957
1770720916.259313822 29.661473850 5.256980000 4.898453127 0.006943783 0.031856715 0.995077122 -0.093586611
1770720916.659213305 29.035476233 5.105916935 4.921423802 0.009598954 0.018668152 0.995271793 -0.094833630
1770720917.059476137 28.410742089 4.985816393 4.940756145 0.016347573 0.021178355 0.995820976 -0.087320207
1770720917.459353924 27.759926705 4.842974403 4.977633934 0.015628828 0.023151522 0.995341774 -0.092274047
1770720917.859226227 27.125233674 4.727162284 5.012965094 0.008878353 0.017705224 0.994974028 -0.098154891
1770720918.259516478 26.516613256 4.625599609 5.040005140 0.012370086 0.025719667 0.995544226 -0.089873095
1770720918.659100294 25.880163241 4.533745005 5.047898887 0.009535225 0.029838454 0.995442242 -0.090074902
1770720918.959218264 25.387474947 4.432129327 5.076071455 0.008445915 0.018219315 0.995849337 -0.088773989
1770720919.359217405 24.773012097 4.301329934 5.095400504 0.004486994 0.029039662 0.995884027 -0.085741295
1770720919.759527206 24.172751082 4.161044281 5.125316003 0.017137350 0.022154427 0.995186276 -0.093913620
1770720920.159461975 23.534368331 4.038371184 5.130826662 0.011552920 0.017529732 0.995770216 -0.089447839
1770720920.559593916 22.892791468 3.946103543 5.163803946 0.003966522 0.031603663 0.995703053 -0.086953469
1770720920.859272718 22.399699315 3.845166103 5.191108377 0.007689132 0.020684314 0.995578292 -0.091306630
1770720921.259155750 21.789596955 3.724658369 5.197816627 0.013138875 0.021650280 0.995912595 -0.086699131
1770720921.659348965 21.151903051 3.607466883 5.224855263 0.013806610 0.024873529 0.995544176 -0.089902603
1770720922.059265852 20.508454715 3.467635911 5.260080983 0.010771338 0.012366442 0.995330650 -0.095120697
1770720922.459136248 19.891456084 3.361955180 5.272506997 0.015312277 0.022311987 0.995603107 -0.089678111
1770720922.859448433 19.265707355 3.244278475 5.288564372 0.012606454 0.026754317 0.993864702 -0.106575035
1770720923.259370804 18.654674890 3.092163432 5.321510365 0.010604984 0.014815772 0.992311955 -0.122413282
1770720923.659128666 18.061438350 2.941593008 5.341636511 0.017493706 0.015049902 0.993018627 -0.115678338
1770720924.059486866 17.425864610 2.740958340 5.381258865 0.017968958 0.015956279 0.992324519 -0.121303594
1770720924.359792948 16.937649159 2.615225541 5.401649141 0.019191706 0.011447627 0.992273859 -0.122037777
1770720924.759249687 16.324414033 2.501976594 5.447204168 0.007142027 0.023597706 0.992899156 -0.116376135
1770720925.159190893 15.703912958 2.353915379 5.466861255 0.019081782 0.018928830 0.992128142 -0.122308357
1770720925.559351444 15.077748781 2.175764889 5.477923849 0.013128481 0.012149249 0.992837933 -0.118122297
1770720925.959615231 14.463115849 2.027048067 5.508664839 0.006117184 0.020494223 0.993153376 -0.114843105
1770720926.359647989 13.856344566 1.850872410 5.528253955 0.019933539 0.016175133 0.992147508 -0.122410544
1770720926.759530783 13.232757121 1.693726607 5.547472597 0.016532761 0.012724877 0.992720265 -0.118622176
1770720927.159221411 12.620706876 1.573631584 5.589711965 0.008519328 0.026938064 0.992922733 -0.115352537
1770720927.459251642 12.135036578 1.438283277 5.611334678 0.015419062 0.015345518 0.992812766 -0.117684235
1770720927.859184265 11.548824617 1.264447055 5.628197986 0.021066390 0.013771330 0.991823372 -0.125111773
1770720928.259557962 11.015174065 1.118073908 5.652281097 0.017996854 0.014558276 0.987946318 -0.153056340
1770720928.759273291 10.484005946 0.943188319 5.683821254 0.016241300 0.014283971 0.980317323 -0.196239992
1770720929.259667873 10.004501209 0.734399592 5.689674651 0.013890998 0.007041452 0.971450562 -0.236730359
1770720929.859672546 9.486770731 0.425371724 5.699103564 0.021234119 0.003133260 0.965400999 -0.259884985
1770720930.459637880 9.056365238 0.135168534 5.724283061 0.030315944 0.002383076 0.949487742 -0.312327221
1770720931.159168243 8.618792101 -0.155281581 5.739726736 0.026033620 0.007295789 0.915411103 -0.401611174
1770720932.259398937 8.312645282 -0.594175774 5.763131327 0.039373354 -0.015016717 0.898036968 -0.437897066
1770720933.059472084 7.985238967 -1.002322814 5.778564669 0.035985552 -0.003703116 0.879695004 -0.474160338
1770720934.059269905 7.673630041 -1.419001542 5.817972722 -0.028287281 -0.001471294 -0.844702973 0.534485316
1770720934.959642410 7.483133350 -1.899256235 5.850525643 -0.031638124 0.005977504 -0.787235137 0.615811771
1770720936.159624338 7.430559835 -2.403191483 5.865893771 -0.040434779 0.020187512 -0.728231983 0.683838923
1770720948.859695435 7.474059392 -2.901313488 5.859567744 -0.035429664 0.008288175 -0.695539997 0.717565438
1770720950.159447432 7.489880859 -3.439908439 5.881523228 -0.031690214 0.009460356 -0.686159914 0.726698565
1770720950.759465694 7.542583527 -3.960089678 5.911809197 -0.035190208 0.019477704 -0.677043738 0.734842871
1770720951.259687662 7.608655446 -4.550130849 5.933798970 -0.039484030 0.015973409 -0.659987187 0.750068514
1770720951.659592628 7.675376376 -5.093101003 5.956972264 -0.031479332 0.023420305 -0.632984943 0.773169194
1770720952.059460163 7.822559819 -5.686218097 5.981407944 -0.035983268 0.033667080 -0.610767251 0.790275330
1770720952.459316254 7.968173510 -6.288906444 5.969666768 -0.042364857 0.020014391 -0.596276072 0.801410937
1770720952.859516859 8.177435872 -6.881527152 5.981669980 -0.037256098 0.030085934 -0.578594700 0.814208200
1770720953.259387732 8.398850189 -7.402979253 5.982360991 -0.035876010 0.052693906 -0.565095039 0.822559336
1770720953.659727573 8.570555805 -7.976607121 6.016849169 -0.041836359 0.014862716 -0.576958465 0.815565907
1770720954.059452772 8.811078437 -8.566731568 6.015991751 -0.036716760 0.026735043 -0.583304057 0.810983042
1770720954.459750175 9.034528115 -9.143409726 6.039619630 -0.047679184 0.042623085 -0.593362637 0.802390646
1770720954.859736204 9.187691718 -9.694141278 6.046432869 -0.055198117 0.024853971 -0.621682393 0.780926661
1770720955.259504795 9.317263866 -10.272398161 6.053737415 -0.040633340 0.029823486 -0.636886614 0.769308087
1770720955.659780741 9.440162781 -10.851601213 6.076535112 -0.041537161 0.033853789 -0.658678988 0.750513542
1770720956.059677124 9.481676830 -11.457394744 6.099564194 -0.045389261 0.015829636 -0.684740621 0.727199780
1770720956.459649086 9.518092349 -12.089301937 6.088402561 -0.035634641 0.017366678 -0.675912158 0.735915298
1770720956.859850168 9.582958689 -12.714586905 6.127637601 -0.039803678 0.025290860 -0.675610458 0.735748971
1770720957.259734392 9.619839736 -13.337310026 6.152031785 -0.041468580 0.010698928 -0.676919764 0.734809855
1770720957.659655333 9.635723849 -13.902130797 6.162424166 -0.035318851 0.008733648 -0.674059418 0.737780593
1770720958.059768915 9.752841189 -14.477689072 6.192257689 -0.034085499 0.038489330 -0.672142720 0.738634493
1770720958.459769487 9.797487697 -15.111190865 6.215767247 -0.049126826 0.016719818 -0.678395562 0.732861831
1770720958.859625340 9.859948067 -15.739852524 6.238222006 -0.045449334 0.022507896 -0.671837946 0.738959760
1770720959.259364605 9.963219244 -16.358016796 6.259530872 -0.047074659 0.033046604 -0.674119289 0.736379714
1770720959.659707785 9.985889118 -16.938834877 6.288690948 -0.046936586 0.010581119 -0.676492965 0.734875680
1770720960.159740686 10.021997696 -17.499520403 6.305421238 -0.034026001 0.009055623 -0.678162077 0.734068406
1770720960.659516573 10.086243069 -18.036618313 6.326112738 -0.040409817 0.019789073 -0.670694580 0.740367624
1770720961.259527206 10.136250315 -18.558603438 6.331426338 -0.039445332 0.014591077 -0.659956256 0.750125927
1770720961.859730959 10.188064211 -19.147699467 6.341263800 -0.035184009 0.011052556 -0.655909220 0.753938341
1770720962.459657907 10.295742215 -19.712645702 6.362363218 -0.041075984 0.018688055 -0.647271052 0.760922930
1770720963.059552908 10.421003200 -20.269028192 6.364056038 -0.049130892 0.028269543 -0.635783617 0.769783203
1770720963.559742689 10.554400897 -20.754782276 6.383170141 -0.056586495 0.037158209 -0.629455983 0.774081651
1770720963.959441662 10.658707320 -21.254882689 6.403709487 -0.052231420 0.033782693 -0.632293758 0.772227435
1770720964.359801769 10.753880847 -21.752395241 6.425095286 -0.046281160 0.030434971 -0.631089414 0.773729875
1770720964.859582186 10.848231056 -22.339449386 6.423091295 -0.043022545 0.020729188 -0.622833881 0.780895203
1770720965.259403229 10.975455783 -22.837635594 6.438446474 -0.041076736 0.025818918 -0.621238828 0.782117896
1770720965.759914398 11.107430709 -23.349463103 6.453734345 -0.046150887 0.023848631 -0.616747424 0.785445067
1770720966.559765816 11.247386344 -23.831841700 6.467136353 -0.048604003 0.038966651 -0.528322129 0.846755560
1770720967.259493113 11.153791649 -23.831504834 6.445824340 -0.051348111 0.035378463 -0.384685090 0.920939258
1770720968.059798002 11.203168365 -23.906142540 6.424657653 -0.054762758 0.031912786 -0.215636459 0.974414456
1770720968.859506607 11.736723882 -24.078444086 6.404871822 -0.047929742 0.035073011 -0.118111587 0.991222617
1770720969.359738350 12.223216317 -24.217180063 6.378290765 -0.046762923 0.032823793 -0.116357098 0.991562834
1770720969.859745502 12.837727638 -24.350265072 6.353205673 -0.045767689 0.030316844 -0.115264156 0.991816708
1770720970.259479046 13.353597795 -24.439913949 6.318837185 -0.051338546 0.046236377 -0.111532606 0.991356156
1770720970.759790659 13.854740392 -24.499466120 6.284292827 -0.037299451 0.040944082 -0.113091054 0.992039690
1770720971.359819174 14.390912899 -24.546831190 6.294959523 -0.050054425 0.054751243 -0.200153366 0.976952141
1770720972.059734583 14.709769738 -24.596258083 6.249642621 -0.041707279 0.040057619 -0.357172941 0.932246416
1770720972.659682751 15.057207582 -24.975675356 6.216326886 -0.038579394 0.037048851 -0.447381646 0.892742223
1770720973.159816980 15.383877998 -25.447977791 6.197391684 -0.038884271 0.026414925 -0.483409384 0.874131359
1770720973.559949875 15.692602967 -25.927401322 6.212088719 -0.036245714 0.024065574 -0.500935071 0.864390624
1770720973.959858418 15.985572549 -26.388979651 6.212966584 -0.040907298 0.027660163 -0.527654986 0.848022243
1770720974.459508419 16.257810881 -26.875805977 6.214256018 -0.043887992 0.027880541 -0.558826566 0.827652940
1770720974.959759235 16.430876331 -27.361590137 6.240337539 -0.049470189 0.030228408 -0.591524740 0.804199867
1770720975.359580755 16.558159788 -27.872113734 6.226201138 -0.037656939 0.018619072 -0.627625714 0.777381019
1770720975.759598970 16.639464186 -28.406460215 6.261366280 -0.025823647 0.015788857 -0.650546417 0.758863104
1770720976.159885406 16.793914461 -29.016836420 6.287911486 -0.050615076 0.019945673 -0.649585295 0.758339785
1770720976.459754229 16.875188344 -29.524867884 6.285277611 -0.058462425 0.019201917 -0.648302428 0.758892214
1770720976.859558344 17.001181295 -30.185149279 6.330676797 -0.051730640 0.028217832 -0.642585661 0.763944607
1770720977.159967661 17.103628099 -30.686181944 6.349995259 -0.047790003 0.032134034 -0.643167404 0.763556946
1770720977.559923172 17.174582924 -31.331227526 6.383574745 -0.038587389 0.019771612 -0.645742778 0.762323003
1770720977.959840059 17.291622982 -31.951313005 6.401147963 -0.051802893 0.022855891 -0.640187704 0.766129083
1770720978.359803915 17.422497890 -32.577489486 6.420193364 -0.053542423 0.026254210 -0.648609370 0.758781794
1770720978.759608984 17.513871227 -33.206883224 6.452192128 -0.043280846 0.020133910 -0.648828994 0.759435534
1770720979.159857988 17.653994241 -33.795909069 6.477013495 -0.054868446 0.028557185 -0.635831125 0.769345645
1770720979.559570312 17.771070351 -34.424706765 6.474255357 -0.059136534 0.031196139 -0.646355117 0.760101792
1770720979.959944963 17.850179556 -35.040710889 6.519546893 -0.045095595 0.014243597 -0.641711759 0.765486463
1770720980.359850645 17.988539744 -35.683926558 6.544237643 -0.055388046 0.019694831 -0.642616287 0.763929700
1770720980.759855747 18.148814562 -36.323588951 6.559909501 -0.062426739 0.032645637 -0.646063211 0.760025981
1770720981.159894943 18.227861579 -36.965031898 6.612888486 -0.051578087 0.028369044 -0.649271285 0.758275475
1770720981.559939861 18.352638155 -37.578353147 6.635640272 -0.059788502 0.030224839 -0.655153890 0.752519218
1770720981.959919930 18.436519558 -38.202448394 6.648458648 -0.061295267 0.025005645 -0.677223181 0.732793540
1770720982.359964371 18.452769560 -38.797826964 6.680211319 -0.045083071 0.011218716 -0.699634874 0.712988569
1770720982.759951830 18.504498319 -39.409532013 6.701317274 -0.063372269 0.019248786 -0.711667622 0.699387329
1770720983.159637690 18.502363810 -40.032484723 6.735629043 -0.065482124 0.018663930 -0.730294635 0.679730458
1770720983.560005665 18.443030139 -40.682755740 6.798918232 -0.057045017 0.014559984 -0.743471039 0.666171665
1770720983.959913731 18.357642497 -41.298956069 6.847564158 -0.060618351 0.007450550 -0.760120027 0.646906059
1770720984.359595060 18.248440456 -41.907755113 6.903502668 -0.051756133 0.003227075 -0.783943925 0.618662113
1770720984.759611607 18.086646355 -42.486947725 6.979485987 -0.039819396 -0.004379413 -0.805974691 0.590592951
1770720985.159757137 17.943945966 -43.018240710 7.032447242 -0.060644957 -0.008001564 -0.816361879 0.574292126
1770720985.559634447 17.786861927 -43.501056038 7.051959773 -0.058754111 -0.005454414 -0.835589309 0.546176447
1770720986.059883118 17.524835739 -44.038600127 7.134302668 -0.051545545 -0.006842480 -0.853646838 0.518250242
1770720986.559536219 17.182213932 -44.536200559 7.191572238 0.006717647 0.022209814 0.874995277 -0.483575084
1770720986.959983826 16.904657018 -45.014731963 7.235999070 0.045356720 0.028026762 0.876685867 -0.478099528
1770720987.359857321 16.538889735 -45.552757903 7.308690090 0.041698814 0.017054479 0.879723701 -0.473346135
1770720987.659650564 16.258047009 -45.966754789 7.347824881 0.039982501 0.019269990 0.875911561 -0.480425857
1770720988.059762478 15.962812502 -46.534265657 7.424224972 0.049706581 0.002382147 0.864992110 -0.499311758
1770720988.459956408 15.632627303 -47.065491243 7.483197411 -0.050222212 -0.014540458 -0.851612872 0.521557112
1770720988.859792948 15.372818552 -47.547266319 7.524873486 -0.046570998 -0.018506875 -0.829349393 0.556478410
1770720989.259578228 15.216598422 -48.038083996 7.578927404 -0.051334082 0.009121175 -0.808500656 0.586181119
1770720989.659759760 15.058307025 -48.563923389 7.604718023 -0.062864298 0.002924975 -0.789124038 0.611001454
1770720990.059644699 14.964266139 -49.215229907 7.680953411 -0.070940370 0.026680085 -0.759466519 0.646116277
1770720990.359851599 14.903875950 -49.723838903 7.722907088 -0.068956229 0.030243587 -0.747247044 0.660266779
1770720990.760046005 14.822046772 -50.373462245 7.777154409 -0.061186624 0.026385177 -0.738109273 0.671382694
1770720991.159989119 14.794660317 -51.022853759 7.823783116 -0.068398232 0.029623370 -0.731484929 0.677771301
1770720991.559927940 14.771296885 -51.651322878 7.847412821 -0.075029607 0.033340293 -0.735733493 0.672276141
1770720991.959661961 14.710293161 -52.266300617 7.893917420 -0.057836782 0.027025184 -0.739715723 0.669884464
1770720992.360017061 14.683455404 -52.876205425 7.940387202 -0.074334385 0.028715596 -0.722919804 0.686321186
1770720992.759875298 14.658464869 -53.481787110 7.973852785 -0.074841002 0.026523979 -0.744602301 0.662768977
1770720993.160021782 14.552612215 -54.094779513 8.029153654 -0.057938643 0.017151800 -0.736105791 0.674164070
1770720993.459986925 14.534678673 -54.601432654 8.070655562 -0.062465297 0.024108617 -0.736152914 0.673495174
1770720993.757995367 14.500892518 -55.105599076 8.105128687 -0.059863267 0.018492868 -0.739354241 0.670395189
1770720994.159971714 14.468800930 -55.746929965 8.158900918 -0.077809874 0.025616863 -0.740387811 0.667169611
1770720994.559926748 14.441061786 -56.334391174 8.192116050 -0.079484658 0.029152320 -0.754170078 0.651198760
1770720995.059596062 14.349585779 -56.853589675 8.270625122 -0.068902255 0.029192497 -0.778085685 0.623684972
1770720995.559719563 14.214319455 -57.387416552 8.293011117 -0.051402181 0.020385469 -0.795695675 0.603167175
1770720995.959945202 14.050281532 -57.873008435 8.312511077 -0.069306277 0.004687591 -0.801399079 0.594082640
1770720996.359753847 13.877073365 -58.342672190 8.381850490 -0.064278886 -0.002793728 -0.826758305 0.558865928
1770720996.759688139 13.630328859 -58.941299123 8.436624351 -0.052251094 -0.001744706 -0.820580840 0.569134311
1770720997.059592962 13.443994684 -59.434141732 8.508894113 -0.056365337 0.004029488 -0.818911073 0.571131654
1770720997.459821463 13.274516625 -59.944583069 8.573452960 -0.065734804 0.005513874 -0.832650003 0.549856805
1770720997.959670305 13.112060055 -60.441902761 8.631301227 -0.066071538 0.008791744 -0.852433212 0.518570030
1770720998.559627295 12.868161773 -60.881445040 8.659582556 0.064509923 -0.003918371 0.875573410 -0.478742437
1770720999.159693956 12.572659873 -61.296873692 8.707004484 0.055855552 0.007939047 0.901537484 -0.429007335
1770720999.759939909 12.171441106 -61.735615598 8.775464008 0.053868255 0.020050875 0.924158541 -0.377660118
1770721000.259960175 11.787677729 -62.132927185 8.861420620 0.056532840 0.016805314 0.939788750 -0.336628468
1770721001.059681654 11.446217403 -62.431580267 8.935359140 0.054870061 0.026389450 0.984674202 -0.163430689
1770721001.760021687 10.907165962 -62.608447072 8.991921062 0.062541798 0.025453360 0.995062403 -0.072742457
1770721002.259658098 10.362332405 -62.612484303 9.053543660 0.056583066 0.038105051 0.995096345 -0.071621411
1770721002.760116816 9.810594347 -62.683842363 9.136899121 0.053962646 0.033610154 0.992861325 -0.100919675
1770721003.259677172 9.294717653 -62.834339622 9.207511366 0.061364161 0.020976098 0.991181383 -0.115559115
1770721003.759631634 8.812811262 -62.963122398 9.295563195 0.059044448 0.021877764 0.990472055 -0.122475404
1770721004.259955883 8.325807491 -63.075982850 9.365199443 0.054098268 0.020001886 0.990969248 -0.121050619
1770721004.860013008 7.793635351 -63.200313875 9.425015258 0.063389510 0.019717178 0.990245223 -0.122504696
1770721005.459673643 7.250486843 -63.368757852 9.501368942 0.066094109 0.012478152 0.990111757 -0.123103909
1770721006.059975624 6.768107374 -63.492857511 9.574364772 0.066074674 0.011421620 0.989398534 -0.128818576
1770721006.660069704 6.266434519 -63.605614293 9.653537195 0.063707798 0.010319381 0.989887547 -0.126322888
1770721007.359842062 5.764526761 -63.729905731 9.722096352 0.066348635 0.005811808 0.974734835 -0.213204322
1770721008.059782505 5.297402349 -63.909122405 9.782106402 0.066510720 -0.002874343 0.929919409 -0.361687648
1770721008.859871626 5.028730096 -64.235167893 9.822338850 -0.072152852 0.020114843 -0.849326709 0.522526077
1770721009.559789658 4.836996487 -64.763236925 9.843900673 -0.076001989 0.040480341 -0.767392183 0.635369402
1770721010.259712934 4.831933142 -65.241390629 9.908148581 -0.071272672 0.064083464 -0.644502201 0.758571308
1770721011.059822083 4.854551423 -65.554697569 9.928491201 -0.056669459 0.071271132 -0.492440769 0.865569805
1770721011.859686852 5.025119092 -65.834460526 9.915603412 -0.046108207 0.074691848 -0.333453627 0.938671316
1770721013.260038853 5.460620988 -66.099257027 9.837619653 -0.048632635 0.079357613 -0.229857693 0.968763478
1770721014.559889793 5.478078236 -66.017399336 9.837097661 -0.054713384 0.065950535 -0.404643388 0.910450823
1770721015.260119200 5.498158391 -65.986903978 9.821544769 -0.053704508 0.051788978 -0.547575559 0.833423503
1770721016.059806824 5.557714627 -65.938584386 9.781549181 -0.058988005 0.033446770 -0.690894270 0.719768599
1770721016.859751940 5.632402745 -65.897676655 9.782565286 -0.067010467 0.022794421 -0.806083019 0.587554404
1770721018.559951305 5.450627816 -66.369950933 9.806527872 -0.065358803 0.027410836 -0.826728619 0.558118862
1770721019.559712887 5.252938222 -66.839933416 9.865483987 -0.063138386 0.026030279 -0.772755777 0.631018603
1770721020.459763527 5.184892496 -67.342545654 9.899346214 -0.066831308 0.040715238 -0.733375709 0.675304313
1770721021.259843588 5.180768035 -67.844775363 9.915464497 -0.070504191 0.050276023 -0.712769183 0.696032738
1770721022.059815168 5.162680591 -68.361008329 9.955874483 -0.067634852 0.045495814 -0.688245882 0.720883668
1770721022.859493256 5.211305662 -68.884612128 9.968052315 -0.064383280 0.057567440 -0.643847291 0.760264065
1770721023.659916401 5.314648037 -69.416339604 9.970714531 -0.068657836 0.060696317 -0.625234922 0.775037645
1770721024.360060692 5.467869819 -69.917440881 9.977293800 -0.069658088 0.064199628 -0.626720673 0.773464516
1770721025.159898043 5.558843720 -70.423513682 9.962609779 -0.063760179 0.057676711 -0.626462056 0.774695636
1770721026.559880733 5.679873014 -70.934038503 9.974338902 -0.067172101 0.059451862 -0.622931001 0.777116692
1770721028.659818411 5.790455682 -71.430124932 9.966718282 -0.064827462 0.054059275 -0.627990901 0.773629384
1770721032.259793043 5.898075190 -71.930277294 9.946190011 -0.070650813 0.046665699 -0.661590692 0.745069481
1770721032.860072851 6.058049814 -72.491462668 9.952753396 -0.083159323 0.050687075 -0.692867523 0.714457797
1770721033.359940767 6.045492137 -73.006977640 9.980076028 -0.075605626 0.057164921 -0.693700479 0.713999725
1770721033.959906340 6.043985833 -73.609971662 10.002376841 -0.063247856 0.045727972 -0.687853979 0.721640883
1770721034.459779978 6.054854453 -74.174058118 10.017411912 -0.063147430 0.049506624 -0.666859840 0.740850491
1770721034.959749460 6.146251922 -74.726640847 10.027470605 -0.066748013 0.053314907 -0.650591758 0.754607572
1770721035.459831715 6.266143579 -75.312407037 10.029101123 -0.070230696 0.062478802 -0.638847561 0.763569147
1770721035.859664679 6.383081245 -75.837781727 9.999118034 -0.086721778 0.057106029 -0.646241568 0.756035760
1770721036.259828329 6.553302574 -76.462346837 10.048185977 -0.084887330 0.075795349 -0.630658869 0.767670892
1770721036.659739971 6.700655471 -77.107077443 10.043785111 -0.082357452 0.086908499 -0.634274040 0.763780469
1770721036.959803820 6.755236967 -77.612317789 10.068378774 -0.070104916 0.062316387 -0.643692944 0.759513899
1770721037.259844065 6.829359009 -78.108698654 10.062247158 -0.066611144 0.069541083 -0.640946172 0.761521502
1770721037.659684420 6.893687825 -78.706586766 10.101886632 -0.075982272 0.049680160 -0.655836284 0.749424675
1770721038.059826136 6.981997298 -79.350565370 10.083418359 -0.063645655 0.052850049 -0.634967161 0.768096874
1770721038.459803820 7.131979451 -79.947353147 10.086856997 -0.071101086 0.067609467 -0.624170070 0.775103425
1770721038.859836578 7.268127669 -80.561536565 10.078897632 -0.078226540 0.052859005 -0.623350959 0.776221693
1770721039.259949684 7.416597927 -81.156216529 10.090138474 -0.070192216 0.057448051 -0.607311576 0.789268917
1770721039.559717655 7.566128932 -81.634873830 10.071574192 -0.073186835 0.059218981 -0.612934378 0.784505098
1770721039.859876633 7.709633512 -82.132413939 10.078666571 -0.070818361 0.060046863 -0.614031439 0.783801331
1770721040.259795189 7.900510733 -82.746711870 10.095280490 -0.079754146 0.081859369 -0.616036560 0.779382625
1770721040.559962034 7.975671073 -83.243434667 10.105008238 -0.074694267 0.064369339 -0.635239205 0.765995109
1770721040.959940434 8.092596494 -83.865307384 10.110219312 -0.082514158 0.069249695 -0.651412854 0.751037407
1770721041.359808683 8.147532777 -84.522570461 10.130711545 -0.075613147 0.056893320 -0.672984085 0.733579051
1770721041.759709835 8.156627377 -85.157929751 10.168045498 -0.051905318 0.053283950 -0.686543416 0.723273667
1770721042.159814835 8.228846452 -85.764590888 10.177422524 -0.072093454 0.048096179 -0.670328757 0.736986193
1770721042.559699535 8.307760807 -86.365483458 10.157124971 -0.080797200 0.059212075 -0.658799028 0.745620267
1770721042.959916592 8.417760289 -87.024281051 10.199409098 -0.069508600 0.055864323 -0.624544435 0.775881422
1770721043.259690523 8.552258236 -87.519336494 10.188722606 -0.071573921 0.070814124 -0.603799525 0.790751963
1770721043.660248280 8.726242967 -88.143486533 10.191266565 -0.084041746 0.056155119 -0.597523740 0.795455195
1770721044.059752703 8.938280496 -88.757944294 10.181174843 -0.078875576 0.065620318 -0.593206777 0.798485026
1770721044.459905863 9.158690793 -89.351102278 10.191281372 -0.079036431 0.086079562 -0.599243699 0.791991503
1770721044.859827757 9.293167578 -89.968824790 10.185959405 -0.091756756 0.061435665 -0.628185439 0.770187906
1770721045.259771585 9.419874686 -90.584760430 10.194757977 -0.083373680 0.064839323 -0.643170156 0.758404142
1770721045.659801245 9.515614330 -91.204412612 10.191099341 -0.077318216 0.064836364 -0.657422613 0.746735326
1770721046.059801340 9.548150172 -91.850371781 10.245129970 -0.078114149 0.039570315 -0.664647805 0.742007861
1770721046.359817982 9.621358179 -92.348594479 10.254292789 -0.077251531 0.043805351 -0.657256868 0.748416129
1770721046.659763098 9.697808869 -92.854166464 10.262147877 -0.079830837 0.044388105 -0.646200321 0.757681911
1770721047.059986830 9.808745939 -93.507986579 10.279261034 -0.072609184 0.053892559 -0.623096969 0.776900036
1770721047.459903479 10.010184273 -94.103187519 10.280316688 -0.080000888 0.071461761 -0.606650428 0.787698123
1770721047.859842062 10.174193490 -94.725742472 10.271113732 -0.088674103 0.058553845 -0.603862533 0.789973665
1770721048.259855986 10.330833719 -95.326070087 10.293170077 -0.082802591 0.062673466 -0.590126104 0.800604115
1770721048.659834146 10.565162115 -95.891739143 10.261079169 -0.083312310 0.088648642 -0.590164690 0.798063980
1770721049.059861660 10.730592958 -96.499720008 10.253384840 -0.094207518 0.058846372 -0.596658836 0.794770584
1770721049.459833860 10.934781099 -97.132067502 10.271659943 -0.085768673 0.068491373 -0.595624116 0.795728960
1770721049.759847164 11.101296376 -97.613269501 10.265987697 -0.087743828 0.071607270 -0.596045876 0.794923099
1770721050.159785748 11.256996254 -98.252832165 10.293940689 -0.077215540 0.060672866 -0.597900286 0.795532408
1770721050.559846163 11.443807784 -98.850675382 10.288739101 -0.085022997 0.064024884 -0.594989510 0.796655124
1770721050.959775686 11.629523794 -99.462772834 10.285382759 -0.086359629 0.061645459 -0.603359433 0.790379179
1770721051.359947205 11.785857920 -100.095586976 10.308716878 -0.075664533 0.058649123 -0.611051653 0.785780527
1770721051.759925127 11.975984482 -100.693567101 10.313956204 -0.089770430 0.066813336 -0.616980668 0.778981452
1770721052.159786224 12.130148276 -101.300375223 10.301720567 -0.092604612 0.065639677 -0.630415180 0.767914396
1770721052.559703350 12.206329045 -101.926045533 10.341208730 -0.076425221 0.051188086 -0.630510291 0.770711190
1770721052.859944105 12.329257621 -102.416088138 10.343519383 -0.074129541 0.059221437 -0.630487394 0.770378659
1770721053.159860134 12.432135457 -102.921682052 10.368250258 -0.072969350 0.054276483 -0.630891366 0.770522953
1770721053.559707880 12.578820918 -103.516523620 10.393689783 -0.084163531 0.063434312 -0.610910038 0.784653754
1770721054.059827089 12.725327406 -104.068738172 10.396195312 -0.084198275 0.066701896 -0.588889559 0.801043441
1770721054.659710646 12.913314847 -104.620570020 10.387389998 -0.083673868 0.069453070 -0.562730540 0.819456707
1770721055.259899855 13.134095894 -105.122411236 10.348949982 -0.086773682 0.079379963 -0.530281798 0.839625133
1770721055.859850645 13.388113413 -105.636712709 10.360070675 -0.087514738 0.084024912 -0.473239085 0.872539829
1770721056.559912920 13.664926482 -106.077933779 10.332885200 -0.080525272 0.082026431 -0.424935593 0.897895922
1770721057.259786606 14.010288331 -106.500558900 10.281211542 -0.071232496 0.083248909 -0.330628738 0.937379426
1770721057.959982634 14.402446055 -106.838064398 10.235621595 -0.057496662 0.089876458 -0.188045699 0.976347874
1770721058.759819746 14.835388740 -106.956343689 10.161607866 -0.055697930 0.093358630 -0.012008317 0.994000859
1770721059.459881306 15.361503884 -106.955686034 10.074280005 -0.039641986 0.097573694 0.133376682 0.985453473
1770721060.059747934 15.893056899 -106.738642385 9.968812900 -0.040916525 0.095999597 0.188683058 0.976477659
1770721060.559763193 16.394527381 -106.556399065 9.854844011 -0.040906050 0.087800267 0.204501655 0.974062052
1770721060.959683657 16.851030623 -106.353593550 9.776580778 -0.029441228 0.090820633 0.204444920 0.974211015
1770721061.359928370 17.309285095 -106.157188502 9.671772703 -0.024295532 0.089344976 0.223063941 0.970396662
1770721061.759931087 17.777357098 -105.978557142 9.581887621 -0.017173024 0.095863392 0.224633767 0.969564319
1770721062.359871149 18.301778931 -105.725042351 9.490517135 -0.017081385 0.086289828 0.266067533 0.959932477
1770721062.959645987 18.755036692 -105.367153638 9.404806844 -0.010259860 0.084364482 0.317895068 0.944309322
1770721063.759944201 19.155386293 -105.091072170 9.349374143 0.011762055 0.088421400 0.484689629 0.870126010
1770721064.559995174 19.281440049 -104.832690777 9.295935154 0.027105742 0.083334365 0.631476279 0.770427395
1770721065.259924889 19.319085479 -104.319199580 9.243101681 0.036254506 0.065321117 0.740247552 0.668170879
1770721065.759931326 19.271687493 -103.790246478 9.215225639 0.041382573 0.067940719 0.762651989 0.641898344
1770721066.159737825 19.145240014 -103.277433357 9.203410317 0.034757914 0.059803575 0.787011626 0.613048221
1770721066.559865236 18.953935566 -102.716138410 9.175230138 0.016935047 0.043743327 0.809272151 0.585558120
1770721066.859938622 18.821969692 -102.231736724 9.197685424 0.027298603 0.050727515 0.831628464 0.552336495
1770721067.159890890 18.603153862 -101.770990056 9.193492482 0.025586836 0.044834238 0.838188919 0.542931433
1770721067.559864283 18.339537647 -101.160110622 9.225798664 0.031168094 0.061238550 0.843330162 0.532984642
1770721067.959743738 18.044535911 -100.581368774 9.242559417 0.024637021 0.048610240 0.847920616 0.527314604
1770721068.359732628 17.742756082 -100.017498518 9.242747701 0.024170261 0.041156877 0.836991590 0.545130249
1770721068.759769678 17.508142325 -99.450791538 9.255680829 0.030108061 0.056881742 0.828652207 0.556051699
1770721069.159935474 17.223949651 -98.895190114 9.303296059 0.020523426 0.040302939 0.815912309 0.576403996
1770721069.559691668 16.987040905 -98.282239582 9.297158614 0.021166083 0.044219183 0.796813114 0.602233777
1770721069.959716082 16.873036911 -97.629978447 9.312474976 0.027550790 0.065413286 0.775942355 0.626797828
1770721070.259814739 16.769741511 -97.134937226 9.299011119 0.023463219 0.064112408 0.764352240 0.641174492
1770721070.659926891 16.694379383 -96.490497874 9.281847652 0.040569484 0.060838704 0.748209204 0.659420773
1770721071.059757233 16.618257721 -95.844241373 9.255173640 0.036846221 0.066846467 0.750708198 0.656209652
1770721071.459830284 16.505062210 -95.237917507 9.252162085 0.022460452 0.060096551 0.751557845 0.656539975
1770721071.859745026 16.434747343 -94.595678038 9.225476170 0.039362791 0.057590226 0.744829011 0.663599036
1770721072.259955883 16.373905383 -93.982059733 9.201458346 0.042198572 0.066659566 0.755512270 0.650366814
1770721072.659809113 16.267861483 -93.329980531 9.209691675 0.031537784 0.065394486 0.751062602 0.656227017
1770721072.959793091 16.187989519 -92.829356894 9.193291960 0.035225432 0.068212295 0.746789913 0.660614167
1770721073.359754562 16.088579972 -92.202069770 9.199970012 0.031085408 0.055089298 0.760544259 0.646197568
1770721073.759732723 15.977996699 -91.549281501 9.169530492 0.033748133 0.055568662 0.769057625 0.635864418
1770721074.159823418 15.887096426 -90.939586466 9.169805316 0.040407789 0.066376849 0.784396462 0.615372664
1770721074.559902191 15.688939007 -90.335161335 9.169849241 0.039337432 0.053435184 0.807224045 0.586503698
1770721074.959856510 15.467208746 -89.732482328 9.148807382 0.036574482 0.045304323 0.813634602 0.578453594
1770721075.359792471 15.255909033 -89.138184279 9.160611406 0.037360339 0.051412541 0.821654188 0.566432124
1770721075.759794950 14.980962835 -88.617648771 9.209958541 0.020722555 0.033040973 0.830519222 0.555622797
1770721076.159734964 14.715114557 -88.013544722 9.211631739 0.027044424 0.030963687 0.825914746 0.562294123
1770721076.559776306 14.518817606 -87.384951065 9.247513926 0.034380966 0.052076723 0.823445794 0.563953002
1770721076.959916592 14.302334707 -86.780735697 9.250518912 0.029596212 0.050370984 0.823090169 0.564897691
1770721077.359755993 14.066407853 -86.215961896 9.244071405 0.029158533 0.045734016 0.815985883 0.575521692
1770721077.759746790 13.868115274 -85.610178386 9.265443894 0.036945323 0.054670946 0.813146111 0.578307473
1770721078.159764051 13.651015462 -85.017535237 9.250882279 0.029455261 0.047623769 0.816860117 0.574111412
1770721078.559822798 13.432067576 -84.442882044 9.246204304 0.029628423 0.039452034 0.805901955 0.589989604
1770721078.959928513 13.263447967 -83.824367383 9.269034809 0.044091817 0.057497530 0.800883925 0.594419787
1770721079.359919310 13.063794956 -83.210413178 9.283261016 0.035917893 0.051095520 0.787402520 0.613267009
1770721079.859857798 12.880334180 -82.652007032 9.303017855 0.012974837 0.045536099 0.770399137 0.635801295
1770721080.459702969 12.807909224 -82.147226271 9.300812671 0.017078909 0.054283093 0.707424473 0.704494338
1770721081.159914970 12.839745017 -81.949701947 9.281095141 0.028594837 0.068398614 0.589530516 0.804336829
1770721081.859862089 12.884421146 -81.881333234 9.241401201 0.034687926 0.087004501 0.452623239 0.886768948
1770721082.659956694 12.892993758 -81.808914229 9.228153546 0.025902644 0.089304665 0.283437443 0.954472077
1770721083.459812403 12.902606670 -81.720471562 9.212116721 0.009184464 0.079695425 0.106712198 0.991048330
1770721084.159809351 13.009391933 -81.585944350 9.157056778 -0.011506093 0.067069881 -0.057241141 0.996038500
1770721084.859867334 13.357428185 -81.564157231 9.091925407 -0.032099807 0.068153229 -0.218975438 0.972817813
1770721085.659696341 13.803873899 -81.730879699 9.060147954 -0.048027045 0.061720920 -0.392598271 0.916379031
1770721086.459909201 14.164256524 -82.069081092 9.014748797 -0.060399382 0.061646104 -0.549595711 0.830961026
1770721087.159896135 14.370049756 -82.532639757 9.002284804 -0.067118958 0.054031546 -0.637882372 0.765298450
1770721087.659865856 14.405348575 -83.036170905 9.016429008 -0.062680363 0.045949884 -0.645052444 0.760175720
1770721088.259963274 14.505857914 -83.597848124 9.033317551 -0.065531891 0.045197984 -0.646488968 0.758758675
1770721088.859861612 14.630438447 -84.167781463 9.045406987 -0.074228910 0.059554485 -0.648264332 0.755444696
1770721089.359881163 14.726662284 -84.710015464 9.045771621 -0.073311730 0.057224096 -0.650335923 0.753932345
1770721089.859807491 14.792090830 -85.282628119 9.071051799 -0.072850382 0.046420119 -0.650870965 0.754257901
1770721090.259814739 14.859292059 -85.780679118 9.070179659 -0.069536391 0.045946904 -0.646778762 0.758110022
1770721090.759637356 14.953094373 -86.392742859 9.092719464 -0.079144474 0.044076571 -0.650062526 0.754461477
1770721091.259830236 15.053580183 -86.979582227 9.113941149 -0.075763263 0.052942095 -0.652297911 0.752306119
1770721091.759843111 15.139356530 -87.534875511 9.121567109 -0.077178528 0.056493484 -0.658991034 0.746044756
1770721092.259893656 15.195792781 -88.141447503 9.159825754 -0.074069753 0.045996273 -0.663059207 0.743471924
1770721092.659932375 15.280575967 -88.780100168 9.158355391 -0.068844403 0.052631411 -0.665817303 0.741065248
1770721092.959984541 15.341879692 -89.289432182 9.175556576 -0.069756968 0.050536891 -0.668393669 0.738803012
1770721093.259799957 15.384581492 -89.807284600 9.196182296 -0.069058321 0.052620418 -0.666356222 0.740561561
1770721093.659923315 15.491997338 -90.429913093 9.212939338 -0.076161784 0.071108003 -0.661296756 0.742852365
1770721094.059861183 15.541464187 -91.061792257 9.229950401 -0.078706962 0.052347489 -0.656602514 0.748290113
1770721094.459790230 15.623543083 -91.689153385 9.225270453 -0.074111875 0.058046363 -0.629501387 0.771275601
1770721094.859698296 15.787065270 -92.279680129 9.218387776 -0.071083093 0.083224690 -0.612325969 0.782992817
1770721095.259948969 15.911768103 -92.873120787 9.209043720 -0.085916666 0.059570793 -0.611085228 0.784630162
1770721095.659694910 16.131531135 -93.492017320 9.215582010 -0.083744701 0.072199001 -0.594906607 0.796153414
1770721095.959855080 16.287878909 -93.985912267 9.215574270 -0.088754864 0.072577756 -0.597545011 0.793596247
1770721096.359767914 16.441075575 -94.617199044 9.235786819 -0.073536233 0.065001035 -0.600623887 0.793484867
1770721096.759960890 16.615533258 -95.219860645 9.227486450 -0.081327820 0.068551844 -0.597803786 0.794554632
1770721097.159742117 16.813518083 -95.827496823 9.226855113 -0.085869643 0.066471575 -0.603704915 0.789777380
1770721097.559738159 16.959005413 -96.463647178 9.231755096 -0.074811528 0.061940890 -0.604571241 0.790607473
1770721097.959762812 17.144706089 -97.059092292 9.227922783 -0.085733633 0.072090663 -0.599114350 0.792789175
1770721098.359816790 17.338868866 -97.651684187 9.212670672 -0.092363522 0.068316420 -0.605263426 0.787691584
1770721098.759889364 17.478321412 -98.273007308 9.234082847 -0.073522013 0.055899905 -0.599520101 0.795012807
1770721099.059857130 17.622285098 -98.755415101 9.253884849 -0.077433322 0.067403299 -0.599648594 0.793651334
1770721099.359940052 17.774604183 -99.242912854 9.253989241 -0.076711139 0.065513620 -0.604019579 0.790559115
1770721099.759844065 17.974956431 -99.852201760 9.253140373 -0.085778456 0.073415520 -0.595565560 0.795332561
1770721100.159817934 18.147781921 -100.474424675 9.247530693 -0.089596437 0.067773860 -0.599906241 0.792143727
1770721100.559946775 18.290803976 -101.084614249 9.252884809 -0.076907097 0.061600429 -0.603520736 0.791235367
1770721100.959794521 18.496059899 -101.682792975 9.237068173 -0.087763820 0.065181907 -0.597894319 0.794085143
1770721101.359891176 18.683404942 -102.299893124 9.238406894 -0.089246118 0.067773540 -0.603364032 0.789552863
1770721101.759729862 18.831003708 -102.920486106 9.242912050 -0.079634085 0.062436005 -0.602927980 0.791352013
1770721102.159728050 19.052631908 -103.510362152 9.259085508 -0.090760577 0.073485822 -0.601502468 0.790289271
1770721102.459854603 19.180000381 -104.012070414 9.267319472 -0.096952232 0.065445092 -0.597796775 0.793067601
1770721102.859802723 19.341464607 -104.650704609 9.278608439 -0.083971293 0.065408184 -0.597655411 0.794656279
1770721103.259975433 19.532169813 -105.271618680 9.298080093 -0.080313330 0.072203354 -0.597442094 0.794606437
1770721103.659749269 19.676868755 -105.879025490 9.304934873 -0.087163529 0.055062073 -0.597157924 0.795470365
1770721104.059882164 19.865399686 -106.492581203 9.297868503 -0.081646639 0.063328314 -0.573683033 0.812533771
1770721104.460498810 20.094546367 -107.077820007 9.296603260 -0.086208579 0.076571734 -0.547194031 0.829025659
1770721104.859799147 20.329418034 -107.663549119 9.276324704 -0.089080950 0.062275270 -0.531502823 0.840054239
1770721105.259968519 20.632633495 -108.223744756 9.256029305 -0.082028097 0.068020225 -0.511431221 0.852691472
1770721105.659898043 20.978792088 -108.791123606 9.243353145 -0.088258996 0.079972835 -0.517032856 0.847638910
1770721105.959813118 21.224408552 -109.228730087 9.245154238 -0.095037110 0.073614398 -0.529543032 0.839722005
1770721106.359727621 21.510190378 -109.769121484 9.238919745 -0.097939622 0.082342546 -0.548312325 0.826426724
1770721106.759681225 21.773338481 -110.375655895 9.232618735 -0.097684214 0.069446619 -0.576288508 0.808409870
1770721107.159769058 21.916628382 -110.995954181 9.249085308 -0.079566165 0.063542187 -0.600986028 0.792746750
1770721107.559862375 22.100820420 -111.608826778 9.262763341 -0.085648161 0.060464058 -0.602343302 0.791322334
1770721107.959919930 22.269717524 -112.214362619 9.257338454 -0.088878124 0.059995081 -0.608726161 0.786100331
1770721108.359934568 22.436403082 -112.834429510 9.261414209 -0.082406234 0.059411632 -0.598365057 0.794757025
1770721108.759798765 22.666239103 -113.423015382 9.285170424 -0.093886249 0.069490035 -0.579820244 0.806328092
1770721109.059870958 22.812102375 -113.904197036 9.287341350 -0.096663555 0.060122769 -0.570832272 0.813137090
1770721109.359875917 22.974102055 -114.380642596 9.296918516 -0.089800780 0.067846630 -0.569868458 0.813991766
1770721109.759865284 23.205703043 -114.991213659 9.287706120 -0.091214880 0.064242625 -0.572607525 0.812202778
1770721110.159778833 23.401721143 -115.591095701 9.300546975 -0.080748026 0.063117872 -0.574697031 0.811923157
1770721110.559789658 23.644588779 -116.168355881 9.298987505 -0.090319740 0.069725554 -0.568984456 0.814393873
1770721110.960477352 23.877951855 -116.761646270 9.291857845 -0.094308761 0.069852884 -0.573591197 0.810690798
1770721111.359821320 24.055942923 -117.319435223 9.298597530 -0.084603210 0.061271212 -0.574524289 0.811794294
1770721111.859893560 24.257459250 -117.868788006 9.291307419 -0.085123337 0.058569534 -0.567589034 0.816802495
1770721112.259832621 24.467425738 -118.397486847 9.302489614 -0.086646415 0.063039865 -0.572899352 0.812591353
1770721112.659760714 24.652989440 -118.933502934 9.330407321 -0.091896715 0.054515432 -0.572432159 0.812960321
1770721113.159850597 24.853479411 -119.503199836 9.327466015 -0.084598285 0.058317221 -0.576570051 0.810561046
1770721113.658797264 25.082494405 -120.061560731 9.317332484 -0.093818917 0.066310695 -0.568857025 0.814372512
1770721114.159880638 25.282395859 -120.589956862 9.314888497 -0.094013871 0.070548936 -0.565910860 0.816044814
1770721114.659786463 25.501052570 -121.161746982 9.325391917 -0.089012240 0.069039995 -0.569665320 0.814120215
1770721115.159848928 25.672503489 -121.656411463 9.329208455 -0.096682941 0.064165412 -0.572026573 0.811985720
1770721115.859868288 25.854536481 -122.160747517 9.352505459 -0.096629336 0.061289404 -0.608561201 0.785213121
1770721116.659782171 25.970589785 -122.462880866 9.360185683 -0.103530349 0.039750635 -0.737531660 0.666144432
1770721117.359817743 25.955575297 -122.734332082 9.376020514 -0.099647157 0.018999804 -0.838172733 0.535887975
1770721118.059931993 25.812401272 -122.995557736 9.409533079 0.090763452 0.009409986 0.913401778 -0.396699686
1770721119.059831142 25.437036052 -123.320424190 9.495839800 0.079419440 0.031516266 0.959502056 -0.268430777
1770721119.759793282 24.992463255 -123.555154603 9.597724162 0.081937529 0.018222199 0.941782516 -0.325576236
1770721120.559888124 24.790713091 -123.866006389 9.654119041 0.097714819 0.015806959 0.977936186 -0.183964047
1770721121.359778881 24.528038925 -124.024248644 9.704785417 0.092577656 0.039222519 0.994833267 -0.014062083
1770721122.159900188 24.258864559 -124.045359615 9.736112218 0.081186914 0.058612970 0.980127944 0.171237897
1770721122.958785295 23.946076837 -123.980452091 9.788295399 0.070707380 0.066051525 0.932620536 0.347644357
1770721123.759867430 23.666325252 -123.774082377 9.820900000 0.061380968 0.077672125 0.853597405 0.511440013
1770721124.559823036 23.455952704 -123.369958921 9.827010088 0.042014394 0.082096361 0.740108692 0.666133697
1770721125.158892870 23.401757634 -122.805451218 9.822069762 0.025842525 0.084409366 0.682534874 0.725502149
1770721125.559804201 23.433974548 -122.299160817 9.785990419 0.029890591 0.087929459 0.677484122 0.729650757
1770721125.959834576 23.496325033 -121.716609587 9.731326805 0.026589290 0.096522542 0.657430336 0.746834494
1770721126.358657598 23.619312962 -121.109852356 9.674818528 0.035791302 0.103199241 0.645718978 0.755722105
1770721126.659862995 23.651378109 -120.598622442 9.635833324 0.027254221 0.096642476 0.650845993 0.752540320
1770721126.959827423 23.729068980 -120.092954353 9.579007700 0.036176446 0.101577243 0.652019473 0.750495793
1770721127.359835863 23.775304383 -119.441433453 9.534817864 0.030459232 0.084511584 0.674496317 0.732792430
1770721127.759886265 23.794033642 -118.819761782 9.462007685 0.022249562 0.082340769 0.684231027 0.724260213
1770721128.158674717 23.833533198 -118.224384896 9.420273822 0.025375440 0.098835602 0.706017227 0.700804742
1770721128.559938669 23.760904005 -117.599858923 9.395791428 0.023360634 0.069391577 0.736742954 0.672197077
1770721128.859814167 23.709062265 -117.093824132 9.362102259 0.029699741 0.066110437 0.742374236 0.666053923
1770721129.158386946 23.641256165 -116.598803752 9.343012836 0.023307108 0.066726658 0.751711152 0.655694041
1770721129.559897661 23.550939399 -115.960779766 9.303186687 0.024473088 0.065453863 0.748374035 0.659585600
1770721129.958968639 23.495537783 -115.331762555 9.282168864 0.030930860 0.077020065 0.746034483 0.660714569
1770721130.358763933 23.371346446 -114.708361163 9.262337597 0.024302640 0.067611036 0.752729531 0.654397725
1770721130.758691072 23.280776966 -114.070275794 9.220142388 0.025367701 0.067915854 0.755667391 0.650930650
1770721131.158776522 23.221055461 -113.446506114 9.183925885 0.033799079 0.081139727 0.772830476 0.628495841
1770721131.559923649 23.063598553 -112.864175297 9.144959160 0.039652822 0.068588435 0.803873489 0.589500376
1770721131.958852053 22.884870576 -112.248257808 9.150435063 0.047786683 0.068060021 0.814509671 0.574158743
1770721132.259887218 22.680472275 -111.755563178 9.156383519 0.041139499 0.067779853 0.824809202 0.559824271
1770721132.658587217 22.378941865 -111.203559620 9.180984579 0.005680670 0.055785373 0.842745542 0.535383670
1770721133.058756590 22.117829881 -110.648103745 9.180316729 0.031959093 0.037814846 0.829659506 0.556069922
1770721133.458811760 21.919870598 -110.122139822 9.195977219 0.020918558 0.053579216 0.820407603 0.568878762
1770721133.858732939 21.749941212 -109.640380073 9.197309471 0.013912698 0.057984173 0.800535965 0.596310692
1770721134.359954834 21.633417588 -109.018841092 9.164207254 0.031437514 0.067482619 0.766012334 0.638500496
1770721134.858813763 21.534143647 -108.471339666 9.153696346 0.033807167 0.069002114 0.738576708 0.669776253
1770721135.359011650 21.463840633 -107.880092696 9.133845526 0.030102919 0.077030581 0.714127141 0.695113322
1770721135.858589411 21.462063208 -107.349881190 9.100130289 0.032677995 0.076344840 0.686515900 0.722356929
1770721136.458737135 21.489294864 -106.825670917 9.065179518 0.030340588 0.077994072 0.645747426 0.758951010
1770721137.258839130 21.566846214 -106.306765713 9.015084804 0.012732021 0.079127878 0.503147004 0.860476476
1770721137.958880901 21.855785551 -105.886689632 8.905048188 0.005742891 0.087362820 0.358381650 0.929460785
1770721138.558791399 22.292310856 -105.578070479 8.804760089 0.018634653 0.106156034 0.287893288 0.951578216
1770721139.058877468 22.768147169 -105.290555394 8.742964476 0.008238693 0.108839466 0.245266835 0.963291375
1770721139.659931660 23.254691281 -105.019882389 8.650017986 -0.000221031 0.103753598 0.188833780 0.976512645
1770721140.259939194 23.747715582 -104.752586606 8.548997317 -0.014721201 0.089832704 0.134333483 0.986746111
1770721141.059912443 24.267201687 -104.553289275 8.448355678 -0.039204380 0.083919251 -0.014970812 0.995588495
1770721141.858565331 24.797623891 -104.681517824 8.356300326 -0.015156859 0.081632017 -0.029500785 0.996110530
1770721142.458890915 25.309166845 -104.727587069 8.268073240 -0.025975145 0.080318571 -0.034043521 0.995849013
1770721143.158861160 25.824945287 -104.769560519 8.192118882 -0.028825741 0.081010928 -0.037651531 0.995584586
1770721144.158898592 26.341072790 -104.755372347 8.092046021 -0.030092429 0.082120622 -0.026432325 0.995817243
1770721148.158866882 26.856568541 -104.571965462 7.987645635 -0.040406395 0.076655837 0.076751460 0.993277614
1770721148.959058762 27.194882749 -104.464259920 7.918966971 -0.015128800 0.082150722 0.239677116 0.967252427
1770721149.758604527 27.559602864 -104.130620495 7.848621205 -0.006759194 0.074141998 0.404399358 0.911547276
1770721150.558845282 27.837845705 -103.657923846 7.786076817 0.006273484 0.076655100 0.540222720 0.838000031
1770721151.158973694 27.925048970 -103.121428364 7.733536168 0.001705204 0.068738936 0.558002560 0.826985607
1770721151.858712196 28.010576822 -102.584806093 7.705453528 0.010374662 0.065753295 0.619838209 0.781901186
1770721152.559040308 28.095105790 -102.034195900 7.651959934 0.009233456 0.058882812 0.619914251 0.782402633
1770721152.958705187 28.222083590 -101.548703637 7.611658769 0.013389845 0.070691137 0.609889176 0.789213956
1770721153.458632231 28.359950951 -101.001012740 7.555108274 0.030027704 0.071067857 0.633542909 0.769851336
1770721154.058554888 28.407404973 -100.455771354 7.515755202 0.037905835 0.074753229 0.673328696 0.734577137
1770721154.658937931 28.336613032 -99.951497900 7.511724203 0.038509122 0.060222135 0.740333104 0.668428932
1770721155.259345770 28.141279779 -99.422064877 7.506369964 0.031059001 0.044908610 0.768341866 0.637706306
1770721155.758672237 27.958860026 -98.877144047 7.504576095 0.019405946 0.044174649 0.765129105 0.642066555
1770721156.158911943 27.853545001 -98.374588840 7.494010416 0.015644973 0.048697151 0.768147301 0.638226877
1770721156.558889151 27.802812392 -97.878422670 7.458378813 0.034229890 0.065773230 0.763917728 0.641039704
1770721157.059205294 27.716200800 -97.324320719 7.485538732 0.047085834 0.065638009 0.754986078 0.650746185
1770721157.558701515 27.549649963 -96.763936344 7.474122100 0.043861282 0.064056274 0.776263000 0.625610691
1770721158.058959246 27.339931813 -96.239340224 7.479375866 0.036516667 0.050966558 0.787692973 0.612869254
1770721158.458636522 27.136150462 -95.754591187 7.490567166 0.010473805 0.040044524 0.791792711 0.609385787
1770721158.858890533 27.016316969 -95.227825885 7.520786221 0.022698829 0.037782138 0.779089040 0.625361928
1770721159.459013939 26.956345773 -94.624674553 7.510118890 0.041061946 0.052374147 0.761111087 0.645198247
1770721159.858986616 26.849694811 -94.116641889 7.484487607 0.041847702 0.058358851 0.768294894 0.636055005
1770721160.258756638 26.709937130 -93.605360671 7.482019422 0.028754678 0.054342862 0.770324830 0.634680769
1770721160.758896351 26.579469788 -93.001132867 7.472118026 0.034385744 0.054930348 0.767416242 0.637865651
1770721161.258978844 26.426239666 -92.405699373 7.475614752 0.040036069 0.049168879 0.764771522 0.641173965
1770721161.659195423 26.285726551 -91.891531917 7.481097142 0.031100903 0.047994626 0.771051489 0.634199377
1770721162.159165382 26.133594242 -91.285977489 7.513666649 0.016329776 0.043502047 0.775820576 0.629240291
1770721162.559060812 26.051691162 -90.789680826 7.515881219 0.029677428 0.049585188 0.769085119 0.636528584
1770721163.058880329 25.977204085 -90.226594914 7.502794514 0.037998463 0.052033183 0.758416817 0.648577363
1770721163.458942890 25.880435807 -89.734290379 7.489088996 0.042341066 0.059316627 0.766863738 0.637658827
1770721163.959038496 25.721660544 -89.159881606 7.503461888 0.037200534 0.055185749 0.771426113 0.632828891
1770721164.459182978 25.539448662 -88.642713489 7.505531645 0.003520853 0.043833592 0.780095625 0.624112999
1770721164.859003067 25.450902533 -88.148807877 7.507892086 0.031133740 0.037326806 0.771965719 0.633803068
1770721165.258911371 25.357584162 -87.640132606 7.502236628 0.026812120 0.049466690 0.775434897 0.628915637
1770721165.659174919 25.266478398 -87.098292819 7.503701546 0.030654893 0.060095980 0.773784643 0.629846074
1770721166.059011698 25.177795839 -86.587876228 7.489029340 0.046807638 0.052933691 0.767261994 0.637429292
1770721166.458990335 25.047119976 -86.056596428 7.487662393 0.047489940 0.052043851 0.770141540 0.633970150
1770721166.859149456 24.921888469 -85.533384983 7.488903258 0.028037262 0.042262720 0.772281916 0.633252254
1770721167.259136677 24.834501493 -85.021134490 7.496159696 0.031116424 0.044867524 0.766778959 0.639584789
1770721167.758969784 24.715253362 -84.406740984 7.495407553 0.038150284 0.052494405 0.771721575 0.632641055
1770721168.159070015 24.596143898 -83.889861644 7.502915925 0.035638528 0.041868852 0.771921881 0.633335223
1770721168.559143543 24.520447930 -83.361847511 7.497492890 0.041109758 0.054031432 0.767328763 0.637649717
1770721169.059039116 24.441501955 -82.752290304 7.505455670 0.047421458 0.054389266 0.764952725 0.640031516
1770721169.459114790 24.339645450 -82.239661122 7.502165191 0.047498613 0.055311854 0.769066848 0.634996586
1770721169.959153414 24.195332555 -81.646062893 7.501541569 0.034317823 0.047136087 0.772239171 0.632650882
1770721170.458685160 24.046573331 -81.055966521 7.517191347 0.025514009 0.045865035 0.773855097 0.631184380
1770721170.959121227 23.967669888 -80.421696987 7.496090964 0.044435638 0.052627304 0.766507688 0.638530974
1770721171.359149218 23.927754724 -79.882280166 7.505253151 0.060189707 0.071269022 0.762921074 0.639726004
1770721171.759004593 23.775493440 -79.310112212 7.517193328 0.053615602 0.051782125 0.765031232 0.639664906
1770721172.158977985 23.596254311 -78.778538888 7.514836640 0.030281887 0.038950186 0.768695806 0.637708906
1770721172.558804035 23.489147086 -78.287910997 7.555605729 0.027924224 0.044107729 0.771103293 0.634566354
1770721173.059161901 23.396776299 -77.730740403 7.536056661 0.033620150 0.043851404 0.775384465 0.629067302
1770721173.559140444 23.287336496 -77.167687186 7.544205121 0.036496883 0.046826090 0.775462986 0.628595619
1770721173.959310770 23.173840626 -76.676428377 7.525931611 0.038758732 0.044946469 0.767993528 0.637701745
1770721174.459067106 23.017683453 -76.107498349 7.527991645 0.037518978 0.034986988 0.764198769 0.642937383
1770721174.959103584 22.878660397 -75.623732957 7.566815665 0.027510998 0.032517930 0.797541968 0.601757873
1770721175.659096956 22.958033035 -75.401272280 7.518392283 0.055400737 0.032890987 0.880877569 0.468938855
1770721176.359000444 22.635175170 -75.102117607 7.531798987 0.072691434 0.028724376 0.943532256 0.321928172
1770721176.959030867 22.569777200 -75.256042723 7.512611761 0.059899869 -0.019538805 0.981280864 0.181983806
1770721178.059049606 22.134494871 -75.200148712 7.593409856 0.080014661 0.008363659 0.995605088 0.047939679
1770721178.758859158 21.615080164 -75.208710630 7.694963502 0.074087487 -0.001834578 0.992535932 -0.096850924
1770721179.359007359 21.060655290 -75.414295734 7.820284793 0.080573064 -0.018600015 0.990539073 -0.109518794
1770721179.859163523 20.542530201 -75.569503557 7.911463770 0.076520207 -0.003366981 0.991967367 -0.100668087
1770721181.859096766 20.011632505 -75.601314248 7.976912756 0.078636746 -0.004376465 0.995008668 -0.061276913
1770721182.459012032 19.482990112 -75.575283358 8.057899435 0.070619560 0.014008502 0.997401359 0.002677404
1770721183.258786440 19.274807814 -75.581493601 8.106773063 0.064077558 0.034899667 0.983574854 0.165095691
1770721184.059085131 19.231211058 -75.672713563 8.082572778 0.069248658 0.043188141 0.937348529 0.338699193
1770721184.859172106 19.165735856 -75.727918285 8.095244749 0.072035289 0.053260044 0.865910476 0.492111098
1770721185.658771276 19.094853153 -75.773753015 8.099435019 0.066927193 0.061480944 0.759698402 0.643893767
1770721186.459157467 19.015353683 -75.798043672 8.107257872 0.057719753 0.068169622 0.625681542 0.774947702
1770721187.158806801 18.963390031 -75.810489197 8.122504504 0.034890964 0.060107409 0.494718802 0.866269604
1770721187.959130049 18.875646560 -75.732681708 8.139003958 0.014899010 0.059130086 0.335426645 0.940090750
1770721189.959297419 19.296745311 -75.432268437 8.072554944 -0.006734570 0.066917684 0.184036599 0.980615725
1770721190.558840752 19.801815542 -75.213160455 7.986045215 -0.003248540 0.073146208 0.204906756 0.976039088
1770721191.359129906 20.302318902 -75.036305085 7.933655962 -0.008266861 0.079073980 0.130156973 0.988300626
1770721192.159307003 20.784307089 -74.849734691 7.845166468 -0.021758383 0.072826124 0.039290019 0.996332888
1770721193.059306383 21.262043500 -74.796511520 7.759240627 -0.036659509 0.068639194 -0.150822848 0.985493384
1770721193.858824492 21.699982690 -74.903137418 7.660193485 -0.048698372 0.070050837 -0.322551537 0.942699239
1770721194.559110880 22.146539942 -75.269397671 7.616645177 -0.052988435 0.066604147 -0.469764865 0.878679171
1770721195.259363890 22.450905940 -75.696841801 7.586477096 -0.054680786 0.058949690 -0.578641721 0.811608714
1770721196.059111118 22.597486346 -76.263513327 7.591488427 -0.053210387 0.045093000 -0.587470130 0.806234533
1770721196.559385538 22.787295413 -76.769178571 7.570864777 -0.048495816 0.053746050 -0.587144926 0.806238397
1770721197.359250546 22.983172274 -77.245819302 7.570514137 -0.068123436 0.056092497 -0.587740219 0.804222770
1770721198.059211016 23.112353016 -77.741850792 7.555127109 -0.056060349 0.055737976 -0.582447050 0.809015420
1770721198.759274721 23.312114908 -78.235973798 7.548806176 -0.067247569 0.064616028 -0.581248976 0.808363879
1770721199.259292364 23.493763157 -78.770314580 7.530682172 -0.064271734 0.067918055 -0.581062016 0.808469675
1770721199.758934736 23.677678566 -79.332549912 7.511728186 -0.060908472 0.064137337 -0.585449490 0.805869378
1770721200.259147882 23.848809027 -79.888526521 7.514438607 -0.065974361 0.057778037 -0.609745741 0.787730419
1770721200.758876324 24.002269267 -80.479891427 7.499191875 -0.063335687 0.064875728 -0.615847131 0.782631486
1770721201.259011984 24.134752590 -81.067710146 7.493278552 -0.067656308 0.065533103 -0.622697086 0.776773053
1770721201.759327173 24.280209426 -81.624807203 7.497812750 -0.070164705 0.063937474 -0.635158470 0.766526341
1770721202.259162188 24.402968529 -82.220910545 7.508310093 -0.063119246 0.063744736 -0.646594460 0.757540872
1770721202.758980036 24.480442447 -82.769896939 7.504459857 -0.068451808 0.058374604 -0.654418699 0.750761561
1770721203.259373426 24.557903707 -83.338886575 7.512653358 -0.068344779 0.052092451 -0.658265863 0.747864574
1770721203.759319782 24.642759642 -83.944831941 7.514693213 -0.059677788 0.058107487 -0.658725122 0.747758848
1770721204.258938074 24.724727102 -84.502771189 7.505850053 -0.064255433 0.051116998 -0.645296768 0.759506664
1770721204.759176493 24.812376303 -85.047696325 7.519175367 -0.071627888 0.051285894 -0.628043130 0.773175937
1770721205.259694338 24.944864785 -85.567125736 7.516190719 -0.061645930 0.072623328 -0.621464684 0.777629268
1770721205.759392500 25.085645896 -86.125967220 7.511241548 -0.070539818 0.068950601 -0.624074052 0.775113879
1770721206.159207821 25.183651744 -86.625799618 7.498139417 -0.066503588 0.062700334 -0.624324316 0.775799645
1770721206.659016371 25.299718644 -87.227866245 7.464800364 -0.067217061 0.057474145 -0.616649386 0.782254514
1770721207.159283161 25.451645566 -87.832688606 7.490251077 -0.073276253 0.055821876 -0.616841849 0.781678094
1770721207.658968449 25.618287707 -88.418277787 7.485735276 -0.076859506 0.072739883 -0.617799099 0.779182777
1770721208.059172869 25.747980373 -88.973198475 7.491202122 -0.084110738 0.062789423 -0.619805397 0.777704405
1770721208.459522009 25.890144729 -89.478252770 7.482125546 -0.079695722 0.070640781 -0.621021879 0.776524499
1770721208.959281445 26.010294732 -90.082407863 7.491392462 -0.078046959 0.071748275 -0.625116825 0.773298010
1770721209.359241486 26.095907573 -90.590390396 7.489404180 -0.074721311 0.062553640 -0.633941263 0.767217207
1770721209.859195709 26.189801894 -91.185404202 7.497384153 -0.075191888 0.050248060 -0.636706028 0.765785052
1770721210.359329462 26.317424268 -91.714747140 7.492090893 -0.071586888 0.064992197 -0.632323313 0.768647227
1770721210.859454393 26.424352618 -92.229044800 7.477195684 -0.074175936 0.066279527 -0.616695549 0.780891512
1770721211.359234333 26.560113263 -92.814621483 7.498266498 -0.072295272 0.063442062 -0.611203865 0.785606985
1770721211.859477520 26.718539174 -93.382583291 7.495734683 -0.071446453 0.067382298 -0.608749671 0.787260356
1770721212.358961582 26.854523333 -93.916529090 7.483485819 -0.074828460 0.061357335 -0.610750129 0.785888197
1770721212.859242916 26.989400362 -94.479809336 7.474222763 -0.078143221 0.060951264 -0.614176786 0.782921105
1770721213.258970022 27.122865355 -95.025518005 7.462673569 -0.072647503 0.066875134 -0.607283469 0.788325342
1770721213.659478664 27.259739811 -95.538600361 7.464249254 -0.077813275 0.068398655 -0.605016328 0.789444084
1770721214.158945560 27.418484876 -96.116070637 7.454297310 -0.081544508 0.066503810 -0.612974792 0.783064263
1770721214.559347153 27.563425011 -96.627999295 7.488211222 -0.078254237 0.069067885 -0.611610733 0.784243720
1770721214.959235668 27.704940203 -97.128103076 7.481116276 -0.083506332 0.073415327 -0.602197304 0.790566436
1770721215.359513283 27.835729219 -97.670017074 7.460042424 -0.078766488 0.064772059 -0.605723907 0.789112774
1770721215.759239197 27.941065676 -98.176777239 7.483122363 -0.071524685 0.061333495 -0.609399727 0.787244812
1770721216.159318686 28.112480440 -98.651978252 7.478712235 -0.083740586 0.071907544 -0.616691004 0.779428653
1770721216.559389830 28.286663151 -99.143352116 7.447096075 -0.093881742 0.075911825 -0.635142480 0.762900808
1770721217.059365273 28.358319663 -99.746347954 7.482580909 -0.082436020 0.059321820 -0.658528287 0.745671321
1770721217.559518099 28.361669342 -100.298707617 7.521682788 -0.059179038 0.042882186 -0.684980837 0.724886344
1770721218.059267521 28.420397629 -100.916148316 7.554242117 -0.068067410 0.038194491 -0.681093876 0.728024134
1770721218.559366465 28.484257179 -101.481746758 7.585063421 -0.074702763 0.045484736 -0.675686523 0.731982485
1770721219.159379244 28.564322010 -102.055636674 7.594958837 -0.078114567 0.058033106 -0.673549640 0.732708097
1770721219.759262323 28.616347922 -102.659776636 7.604343717 -0.083893314 0.065136129 -0.672700733 0.732251952
1770721220.259301424 28.626584281 -103.182736407 7.630481515 -0.074346106 0.059323684 -0.663901215 0.741746947
1770721220.959272385 28.662620193 -103.680642857 7.669326778 -0.072053991 0.049154353 -0.661610068 0.744757806
1770721225.259375811 28.793794348 -104.267641388 7.642712196 -0.082396400 0.055770994 -0.676127230 0.730035888
1770721225.759638548 28.833157052 -104.782887961 7.685045394 -0.085828902 0.059688859 -0.654285188 0.748987004
1770721226.159026146 28.872552602 -105.295671828 7.696489522 -0.075576003 0.058186782 -0.633910961 0.767502091
1770721226.559068203 28.945716628 -105.860446470 7.706295839 -0.070271690 0.050683131 -0.605314156 0.791257153
1770721226.859374523 29.145004747 -106.327704599 7.694492011 -0.082308053 0.065101648 -0.590036998 0.800527014
1770721227.159420967 29.324626422 -106.815453454 7.655049014 -0.089538757 0.070076207 -0.568276988 0.814943803
1770721227.559442043 29.598837405 -107.408658945 7.689898353 -0.097998235 0.094946818 -0.535016733 0.833749688
1770721227.959176779 29.887345174 -108.002412194 7.667435894 -0.104937689 0.090929335 -0.535489754 0.833049015
1770721228.359572172 30.126130190 -108.588124110 7.665129204 -0.085269623 0.076018273 -0.541353696 0.832998493
1770721228.659571171 30.344546533 -109.050983440 7.666574621 -0.083754048 0.082967773 -0.554346573 0.823894098
1770721229.059122562 30.567525448 -109.644082232 7.697436234 -0.090469443 0.062485151 -0.580015818 0.807150876
1770721229.459574938 30.784109244 -110.256098942 7.695502559 -0.083510317 0.069678249 -0.595345772 0.796074356
1770721229.859370708 30.981709514 -110.818626926 7.701410384 -0.091746508 0.079830765 -0.623404334 0.772383754
1770721230.259340286 31.101084328 -111.434551231 7.716661895 -0.098141745 0.055082402 -0.650144349 0.751429606
1770721230.659515142 31.168084807 -112.056994422 7.729440048 -0.081163986 0.053907822 -0.662797478 0.742432393
1770721230.959612131 31.227215025 -112.552634907 7.775326273 -0.076959619 0.045594637 -0.674447523 0.732883950
1770721231.259531021 31.252879512 -113.066351343 7.792465432 -0.076272015 0.044828312 -0.674472958 0.732979693
1770721231.659385204 31.329669658 -113.714582948 7.828596462 -0.082475011 0.058830530 -0.669846764 0.735555677
1770721232.059424877 31.388220221 -114.349428935 7.863834763 -0.087789072 0.045803336 -0.667695766 0.737819420
1770721232.459119797 31.448181826 -114.963286228 7.885696955 -0.082983587 0.050137428 -0.655602231 0.748856246
1770721232.859526396 31.567747486 -115.547278143 7.907265413 -0.080183481 0.076488008 -0.648640904 0.752984178
1770721233.259422541 31.651708194 -116.154664711 7.913799073 -0.096087080 0.054392545 -0.656325147 0.746355160
1770721233.659653902 31.759343876 -116.760521870 7.919990402 -0.089339744 0.061005632 -0.641303466 0.759622661
1770721234.059415579 31.901898536 -117.375745897 7.960265910 -0.096962707 0.074267526 -0.646958096 0.752680404
1770721234.359473705 31.982488827 -117.883035553 7.972981424 -0.095383550 0.064504426 -0.646594063 0.754093678
1770721234.759207010 32.074116047 -118.522569225 8.007919007 -0.095520722 0.067084666 -0.641901031 0.757851242
1770721235.159514904 32.149639161 -119.132843989 8.020833735 -0.089798221 0.059850156 -0.644004311 0.757372224
1770721235.559405088 32.197373718 -119.683449665 8.054361538 -0.066866586 0.064896212 -0.657280198 0.747863679
1770721235.959664822 32.321893436 -120.218862636 8.064906099 -0.087528578 0.057219035 -0.645558803 0.756517390
1770721236.359124899 32.412285369 -120.768571127 8.060315295 -0.094678052 0.056287492 -0.640174453 0.760292348
1770721236.759518862 32.497622750 -121.364728211 8.066415386 -0.086359028 0.055767909 -0.634517449 0.766041556
1770721237.159417152 32.658921573 -121.942434392 8.086384351 -0.096112716 0.062343449 -0.623876554 0.773080647
1770721237.559144497 32.800612918 -122.569294336 8.124310389 -0.091773677 0.053325312 -0.628732653 0.770343595
1770721237.959425211 32.931358126 -123.197290222 8.157875930 -0.089038557 0.061088825 -0.632579248 0.766931409
1770721238.359416962 33.079316130 -123.802713240 8.171689833 -0.099813034 0.068289199 -0.627355299 0.769284910
1770721238.759616137 33.212346562 -124.432777207 8.183027106 -0.098364202 0.064924852 -0.629131486 0.768311669
1770721239.159494162 33.308136704 -125.032858554 8.218887057 -0.087663923 0.059047254 -0.634177425 0.765929143
1770721239.559236050 33.454475997 -125.592887062 8.239037512 -0.093414696 0.064196397 -0.623120780 0.773868859
1770721239.959670782 33.603831414 -126.186100353 8.250791209 -0.099678595 0.064485016 -0.623719325 0.772580135
1770721240.359147549 33.709332550 -126.790829667 8.247309476 -0.086738691 0.062472833 -0.608679810 0.786182189
1770721240.759461641 33.937825377 -127.359729724 8.267832597 -0.101455000 0.072754936 -0.585627264 0.800908428
1770721241.159454584 34.147938815 -127.988909790 8.275017940 -0.097334905 0.069813711 -0.568125642 0.814177632
1770721241.559431314 34.357432834 -128.581111924 8.295162871 -0.089435071 0.066779691 -0.564483771 0.817863016
1770721241.959485531 34.609666168 -129.119104535 8.295367631 -0.099493216 0.075947197 -0.557190506 0.820896987
1770721242.359136105 34.830029362 -129.660205672 8.282255966 -0.101233887 0.073230519 -0.555561706 0.822034173
1770721242.759591579 35.016687412 -130.176913363 8.291690697 -0.090538296 0.067795859 -0.557637032 0.822342678
1770721243.159516573 35.230437247 -130.644190603 8.278763225 -0.100193897 0.077125728 -0.554300239 0.822656702
1770721243.559419870 35.425548614 -131.109017676 8.267206600 -0.102966320 0.070149124 -0.575543388 0.808224502
1770721243.959547997 35.571393110 -131.607949082 8.294219917 -0.087917761 0.057947043 -0.597546763 0.794890227
1770721244.359465122 35.792302937 -132.138370200 8.310960634 -0.098909373 0.062263786 -0.618216656 0.777269788
1770721244.759677410 35.940291930 -132.685401068 8.326180937 -0.106225491 0.062350315 -0.643394485 0.755560798
1770721245.159463167 36.010872679 -133.272419388 8.367731561 -0.094762635 0.052492902 -0.670271411 0.734166720
1770721245.559233427 36.066166619 -133.854163413 8.408039294 -0.102649345 0.050451316 -0.686334577 0.718235772
1770721245.959542513 36.082591156 -134.442664132 8.451818923 -0.096322842 0.042737321 -0.709242653 0.697043966
1770721246.359464407 36.071114581 -134.996982112 8.516800374 -0.086552696 0.033668431 -0.733488146 0.673327712
1770721246.759526253 36.069572062 -135.532984130 8.563778083 -0.101255361 0.037063736 -0.741752299 0.661949513
1770721247.159609079 36.008065104 -136.072550109 8.610746313 -0.099947272 0.035224013 -0.748108736 0.655059639
1770721247.559524059 35.906811986 -136.612407317 8.681959785 -0.089736821 0.028007477 -0.742175421 0.663580085
1770721247.959569931 35.845767731 -137.163794034 8.746422281 -0.091448025 0.024032897 -0.723507550 0.683810284
1770721248.359192848 35.832265991 -137.690172204 8.782279921 -0.094480497 0.029718184 -0.708243358 0.698986130
1770721248.859722137 35.842204387 -138.244250724 8.838221723 -0.092328577 0.037662638 -0.676483359 0.729676109
1770721249.659507513 35.964445541 -138.739150533 8.843479114 -0.092863515 0.066134116 -0.615752437 0.779648371
1770721250.759614706 36.086592951 -139.292524997 8.835498269 -0.097614521 0.056270546 -0.618086709 0.777993477
1770721251.259259701 36.221427177 -139.789566313 8.842381037 -0.101362547 0.052021024 -0.619303760 0.776841232
1770721251.759220123 36.353322165 -140.279864074 8.879002561 -0.103552038 0.060612313 -0.618417589 0.776635570
1770721252.359607220 36.490277842 -140.782626370 8.882059854 -0.102351530 0.061034291 -0.616203950 0.778518896
1770721252.959516764 36.597898277 -141.298374925 8.908030576 -0.095987927 0.057178236 -0.616996989 0.778994019
1770721253.559611797 36.714723183 -141.790196740 8.921902156 -0.091470914 0.053927927 -0.617870411 0.779077022
1770721264.859662056 36.873818550 -142.268829469 8.898940844 -0.093626015 0.059764872 -0.573076289 0.811939589
1770721265.459591866 37.080296458 -142.816540783 8.912247235 -0.091509406 0.063195286 -0.537868590 0.835661274
1770721265.959308863 37.357932063 -143.327790734 8.913483685 -0.100089142 0.070509769 -0.539287526 0.833174352
1770721266.359733105 37.604772467 -143.824101325 8.915783074 -0.104677028 0.072316964 -0.559581887 0.818951213
1770721266.759572983 37.808710514 -144.395213160 8.930011616 -0.097225326 0.066391121 -0.583129901 0.803802820
1770721267.159815073 38.033690162 -144.987646195 8.955963219 -0.105690973 0.067834565 -0.611996520 0.780825300
1770721267.459401369 38.169343618 -145.476089888 8.983634209 -0.111200432 0.056585116 -0.632752242 0.764236343
1770721267.859787464 38.286527937 -146.125870045 9.025377483 -0.103352730 0.061517304 -0.658073892 0.743284997
1770721268.259703398 38.391761720 -146.762930214 9.074784319 -0.107173938 0.068038367 -0.673291039 0.728398039
1770721268.659343958 38.414214821 -147.393071467 9.135089139 -0.108370767 0.046252511 -0.684820517 0.719122619
1770721269.059868574 38.428399115 -148.028791762 9.170041852 -0.096682373 0.046887598 -0.674826919 0.730111431
1770721269.459940434 38.503171616 -148.624690742 9.226118291 -0.097424429 0.063631583 -0.670821352 0.732433080
1770721269.859349966 38.541233595 -149.255618070 9.275660015 -0.102849591 0.042074622 -0.662803912 0.740501629
1770721270.259732723 38.589505659 -149.872823435 9.296082433 -0.093634727 0.040886156 -0.638592529 0.762732221
1770721270.659656048 38.762303253 -150.517414105 9.343260914 -0.099723927 0.059887474 -0.642245661 0.757620709
1770721270.959661007 38.874704139 -151.024158693 9.364132736 -0.105509150 0.060947207 -0.646455594 0.753158962
1770721271.359382153 39.037284427 -151.601767111 9.414767277 -0.119151596 0.075859879 -0.621812297 0.770323077
1770721271.759820461 39.183969722 -152.222379606 9.417098374 -0.120937528 0.073517770 -0.636758762 0.757962751
1770721272.159976959 39.274136243 -152.853812904 9.467426738 -0.106374495 0.058213448 -0.648928597 0.751124050
1770721272.559923172 39.368447701 -153.485890013 9.503506730 -0.111069148 0.058781801 -0.648925539 0.750402551
1770721272.959666491 39.464774551 -154.096306596 9.540418038 -0.107383614 0.059161654 -0.654345327 0.746190895
1770721273.359713078 39.540470782 -154.735803900 9.574749922 -0.101641233 0.053334652 -0.649387473 0.751744893
1770721273.759853840 39.695937128 -155.350950191 9.618416674 -0.117195540 0.064086406 -0.639813683 0.756833264
1770721274.059808254 39.792981575 -155.860601489 9.654090052 -0.121923544 0.058290799 -0.637870549 0.758193903
1770721274.459776402 39.899615549 -156.509561996 9.682089757 -0.109299822 0.063346324 -0.636905419 0.760521058
1770721274.859643459 40.039356025 -157.137962460 9.730487378 -0.109512701 0.072752545 -0.635420962 0.760890423
1770721275.259400606 40.140461621 -157.762923571 9.771869761 -0.115309664 0.055916227 -0.642477172 0.755513163
1770721275.659702539 40.256551300 -158.391438805 9.797096941 -0.110498123 0.057085998 -0.634378982 0.762951283
1770721276.059710026 40.409937594 -158.979797611 9.830782801 -0.112882977 0.076810676 -0.634071507 0.761124745
1770721276.459431887 40.512121928 -159.588722300 9.857434102 -0.118265179 0.053593638 -0.638962329 0.758200641
1770721276.859727859 40.595975393 -160.208826714 9.891526300 -0.109307920 0.054355454 -0.632027750 0.765270009
1770721277.159878492 40.718169618 -160.708206751 9.926846293 -0.108780924 0.050234606 -0.636522281 0.761894075
1770721277.459777355 40.806303171 -161.211998905 9.957576668 -0.107873790 0.054334347 -0.636118501 0.762078918
1770721277.859516382 40.980063072 -161.819160308 10.008977637 -0.112919714 0.076150525 -0.631148264 0.763611226
1770721278.159800529 41.051045088 -162.322131085 10.038104534 -0.107796620 0.059735751 -0.629548085 0.767124982
1770721278.559451580 41.185705260 -162.937048572 10.067868494 -0.115554347 0.063602505 -0.623049685 0.770980548
1770721278.959716082 41.335569955 -163.532140397 10.097338509 -0.117344484 0.064509453 -0.629542720 0.765339641
1770721279.359726191 41.441366371 -164.171266566 10.127856281 -0.107269962 0.057990431 -0.628529100 0.768167583
1770721279.759400368 41.597896459 -164.769016426 10.171553129 -0.118813758 0.064815436 -0.622167460 0.771096558
1770721280.159757376 41.759689362 -165.362044942 10.183457318 -0.124405441 0.066581355 -0.629594259 0.764003454
1770721280.459788084 41.862192092 -165.863316025 10.223710433 -0.118619230 0.063071897 -0.625807465 0.768320526
1770721280.859758854 42.018850800 -166.486245033 10.275581038 -0.118465023 0.073647443 -0.632916875 0.761549947
1770721281.359412909 42.099906006 -167.034216143 10.321270745 -0.118357087 0.055390432 -0.659680049 0.740098462
1770721281.959798813 42.169552017 -167.610247960 10.365700009 -0.113075644 0.049530943 -0.676463304 0.726056459
1770721282.459891081 42.199142346 -168.209222679 10.411465883 -0.111262868 0.042730269 -0.672592586 0.730351910
1770721282.859461546 42.242444319 -168.713571594 10.441433786 -0.109740650 0.045144260 -0.660762625 0.741155678
1770721283.259781837 42.326782839 -169.208287495 10.471258713 -0.111314052 0.052912914 -0.656560104 0.744135899
1770721283.759784698 42.414130460 -169.825406604 10.521579323 -0.112624494 0.047520861 -0.660372551 0.740922118
1770721284.159709215 42.498235739 -170.354408453 10.583177338 -0.112249708 0.050921056 -0.660890747 0.740290801
1770721284.659751654 42.584226869 -170.916173693 10.624221096 -0.121250836 0.049943729 -0.662421835 0.737564350
1770721285.259754896 42.653057746 -171.476313581 10.682216223 -0.120035739 0.051279079 -0.671415376 0.729495216
1770721285.859841585 42.705149409 -172.041037419 10.720964816 -0.118403043 0.049982049 -0.678636680 0.723142290
1770721286.459859610 42.738145301 -172.586906700 10.765833168 -0.118115374 0.049670343 -0.679912088 0.722011889
1770721287.159768343 42.772135246 -173.151962772 10.828947065 -0.114196508 0.044974605 -0.695101744 0.708357260
1770721287.959735632 42.826769154 -173.705392022 10.891735021 -0.128048478 0.046147285 -0.738145410 0.660768771
1770721288.759968996 42.732630402 -174.208005097 10.958808621 -0.119805038 0.031592889 -0.736318017 0.665195024
1770721290.259922504 42.781733410 -174.544370631 10.990131434 -0.125377575 0.010336297 -0.842184449 0.524308095
1770721291.059569836 42.771476963 -174.646789027 10.999667404 0.120582922 0.015991260 0.920406860 -0.371557870
1770721291.859901190 42.504376000 -174.894858277 11.066443795 0.109990169 0.039217701 0.973936853 -0.194450868
1770721292.459833145 42.051467915 -175.126724280 11.179372594 0.110209017 0.046634481 0.990582223 -0.066528627
1770721292.959949732 41.506707590 -175.200594022 11.319139416 0.116652433 0.052854716 0.989951564 -0.059954061
1770721293.359848976 40.944680187 -175.213109893 11.445175035 0.106272998 0.053837213 0.991423982 -0.053722357
1770721293.760073662 40.390034642 -175.246836721 11.593656081 0.099202498 0.060713522 0.991353164 -0.060758847
1770721294.159383297 39.865253624 -175.296741021 11.722424255 0.107692769 0.057267651 0.989350399 -0.079425881
1770721294.559824944 39.360942545 -175.366674663 11.830655713 0.100671538 0.049743768 0.990822733 -0.075240359
1770721295.059396744 38.777143425 -175.472169067 11.978290978 0.102729612 0.048586209 0.990957953 -0.071332612
1770721295.459801912 38.260900123 -175.538703816 12.087462636 0.106044896 0.051907816 0.989357902 -0.085035291
1770721295.859753847 37.772928687 -175.623598813 12.216776126 0.102688003 0.038528977 0.989559308 -0.093504378
1770721296.359813690 37.153639272 -175.711502452 12.342818667 0.103394520 0.046051617 0.988803595 -0.097243363
1770721296.859470844 36.564972296 -175.810340163 12.484035035 0.104354760 0.048953682 0.985311500 -0.125995513
1770721297.359793663 36.004863600 -175.949129276 12.636010151 0.103445437 0.040726477 0.979977744 -0.165178744
1770721297.959784031 35.472288799 -176.176669246 12.780304162 0.105275857 0.029938232 0.968929705 -0.221801540
1770721298.459322691 35.049584752 -176.435443456 12.884935340 0.116138202 0.022088521 0.954871697 -0.272477629
1770721298.960026741 34.649207804 -176.709595097 13.033824301 0.115854906 0.012015435 0.940580858 -0.318968525
1770721299.659921169 34.260251465 -177.062780468 13.157960605 0.116286922 -0.008481979 0.903505036 -0.412412485
1770721300.459521294 34.063588193 -177.263523093 13.215331885 -0.122191846 0.026168464 -0.814673903 0.566295679
1770721301.459496975 34.024758628 -177.515425373 13.233318449 -0.130227912 0.053921768 -0.713850582 0.685966822
1770721302.859950304 34.113410055 -177.771128669 13.234264018 -0.145389780 0.040530340 -0.821721971 0.549538085
1770721303.559823036 34.096889088 -177.790549646 13.239263795 0.127886008 -0.008457522 0.900479448 -0.415584412
1770721304.359954119 34.065400138 -177.887862512 13.257946334 0.125985090 0.022375630 0.959072779 -0.252599470
1770721305.160066605 33.991054928 -178.012996081 13.276733325 0.122073913 0.045995906 0.989209232 -0.066689065
1770721305.959940195 33.891060453 -178.079945189 13.298240735 0.114095625 0.064302761 0.985317441 0.109530289
1770721306.760016203 33.665717368 -178.078966764 13.358036210 0.100532000 0.081224044 0.947833687 0.291388526
1770721307.559630871 33.362852622 -177.872087872 13.407885963 0.076189531 0.096620807 0.876975067 0.464515131
1770721308.659958839 33.096602379 -177.398486660 13.410204820 0.057994668 0.115383909 0.793634806 0.594530880
1770721309.559827089 32.971021265 -176.868340039 13.367480381 0.072132639 0.102028744 0.877797083 0.462449239
1770721310.159864426 32.706994776 -176.431864329 13.387953735 0.089906417 0.099423096 0.914159285 0.382550239
1770721310.759875298 32.316010371 -176.120360619 13.453840560 0.073590419 0.080749085 0.908693480 0.402914625
1770721311.459466934 31.908785837 -175.723839722 13.504895659 0.057840277 0.080810045 0.886698566 0.451541683
1770721312.059960604 31.607527866 -175.291896982 13.520486785 0.043267936 0.092997480 0.823409241 0.558100866
1770721312.759651423 31.439110211 -174.730997889 13.486183775 0.048635671 0.103408503 0.809505702 0.575883471
1770721313.259907007 31.315708225 -174.222468283 13.457539140 0.059987337 0.108685535 0.824437361 0.552170274
1770721313.759960651 31.102538576 -173.761001921 13.454392482 0.057683310 0.101313872 0.827721455 0.548894642
1770721314.260016203 30.878164849 -173.301077108 13.460596480 0.052218215 0.090604882 0.826437501 0.553231479
1770721314.759961367 30.674782383 -172.841937152 13.449990336 0.042009622 0.096489318 0.820701942 0.561581095
1770721315.359653711 30.480827240 -172.288284601 13.424489733 0.041788049 0.099890810 0.803525060 0.585340126
1770721315.959694386 30.320531742 -171.787817378 13.407525315 0.046715073 0.105658686 0.795019303 0.595481529
1770721316.660076618 30.188467534 -171.249420783 13.376892688 0.055847858 0.108724565 0.791855934 0.598351205
1770721317.359952927 30.002880521 -170.768931452 13.364709291 0.048557081 0.097958006 0.793298316 0.598935907
1770721318.060097218 29.837164596 -170.231860185 13.327015180 0.038516264 0.096390518 0.798988202 0.592320200
1770721318.759577990 29.668258418 -169.738416740 13.311845727 0.033561510 0.099508512 0.763513812 0.637195684
1770721319.459937096 29.588942717 -169.165106640 13.249079432 0.029912292 0.106311867 0.726222486 0.678530724
1770721320.059975863 29.579408849 -168.651992029 13.207738821 0.037963496 0.109991633 0.720588042 0.683530166
1770721320.760097980 29.555219328 -168.072345691 13.154016182 0.046085993 0.115341024 0.729850342 0.672228390
1770721321.359730482 29.495140517 -167.482493155 13.098722386 0.047253750 0.115634453 0.734658448 0.666837853
1770721321.859664202 29.390069426 -166.900920934 13.047328364 0.037240926 0.104736440 0.744540071 0.658257909
1770721322.459933996 29.308506911 -166.316753187 12.993056151 0.034432306 0.100280889 0.749952474 0.652939083
1770721322.959960699 29.263718868 -165.770772885 12.951784404 0.045870896 0.103886183 0.753239607 0.647868517
1770721323.459746838 29.212444247 -165.205695532 12.922918704 0.050974668 0.110927495 0.763980744 0.633585114
1770721324.160051107 29.068114248 -164.649705918 12.869743413 0.054070711 0.100401938 0.822868085 0.556672186
1770721324.760026217 28.798821143 -164.147271368 12.864034804 0.042580524 0.088514369 0.826195708 0.554754682
1770721326.559692621 28.627661947 -163.671304868 12.841928061 0.032301661 0.095507621 0.764721217 0.636424668
1770721327.559984684 28.684804602 -163.702983302 12.811137737 0.054420691 0.079643172 0.862137327 0.497407864
1770721328.560051441 28.592341362 -163.488198915 12.782438783 0.080526728 0.071562378 0.931391583 0.347712511
1770721329.260122538 28.147654833 -163.171189441 12.867677575 0.094808326 0.059142888 0.975462054 0.189703138
1770721329.859323025 27.627447906 -162.998992090 12.959517881 0.098491632 0.054160794 0.983837608 0.139389982
1770721330.459531546 27.095193332 -162.899897206 13.066015738 0.089541419 0.054763659 0.973186605 0.204673175
1770721331.160068035 26.575237332 -162.711239131 13.162118873 0.077296546 0.065821315 0.936428658 0.335848430
1770721331.760101795 26.198712821 -162.308108043 13.197822985 0.067414993 0.084825601 0.900978884 0.420115325
1770721332.259653568 25.871949735 -161.913042413 13.220190179 0.067539944 0.084989536 0.892300534 0.438195039
1770721332.760028362 25.565056068 -161.470768652 13.238527894 0.060569880 0.090013919 0.885331149 0.452125581
1770721333.259621143 25.187987215 -161.050648946 13.266585093 0.050847328 0.082113583 0.865857109 0.490880206
1770721333.859571218 24.888565204 -160.564016507 13.299327713 0.044936620 0.084421155 0.840418927 0.533432091
1770721334.360152245 24.683815095 -160.082297302 13.286818420 0.039552675 0.092501556 0.815790680 0.569530169
1770721334.859431028 24.504707859 -159.484371776 13.271955421 0.036674060 0.099743119 0.786404303 0.608501928
1770721335.259665728 24.362192980 -158.982291847 13.234561879 0.046179085 0.092294634 0.778511040 0.619087840
1770721335.659533024 24.189398232 -158.340085421 13.209968093 0.036576353 0.095123561 0.775599594 0.622943776
1770721335.959903479 24.067940754 -157.842184264 13.173283216 0.031030578 0.092668562 0.762029061 0.640126043
1770721336.359463453 23.994748600 -157.194677176 13.147352416 0.036589780 0.109300972 0.737926716 0.664965148
1770721336.660089254 23.926011764 -156.685412637 13.117963641 0.028011603 0.107476971 0.725276108 0.679439929
1770721336.959755182 23.920727481 -156.173179870 13.067123682 0.034383688 0.113288580 0.712225952 0.691894250
1770721337.259779930 23.866744260 -155.666899524 13.038446812 0.024161726 0.104830636 0.715766467 0.690003705
1770721337.559374809 23.880791456 -155.167238014 12.986264177 0.036289525 0.116286269 0.710194145 0.693386508
1770721337.960175037 23.846443398 -154.561202205 12.924562097 0.035890987 0.104775295 0.727426598 0.677188688
1770721338.359379292 23.772860685 -153.940242917 12.859526077 0.036067237 0.103974758 0.739469347 0.664133638
1770721338.759891748 23.729155777 -153.328423531 12.816725562 0.033356262 0.116813336 0.760664136 0.637677095
1770721339.159762144 23.566691458 -152.759608836 12.794931449 0.044295308 0.091695230 0.802489774 0.587911621
1770721339.559566736 23.326447600 -152.178104891 12.711899699 0.028576828 0.074086660 0.808098512 0.583670563
1770721339.959707499 23.082527880 -151.562891198 12.739616820 0.028707298 0.072048815 0.824499265 0.560522811
1770721340.359653950 22.831050135 -150.964973568 12.730768546 0.024107069 0.076795181 0.822725552 0.562711307
1770721340.759865284 22.595010164 -150.353395928 12.709260424 0.032132726 0.081823754 0.814731483 0.573136085
1770721341.159810543 22.417005910 -149.723216452 12.679148054 0.036228749 0.095650886 0.803511395 0.586436547
1770721341.559879065 22.200275241 -149.126648495 12.667805522 0.035032476 0.086285218 0.806433417 0.583945828
1770721341.960073948 22.006984393 -148.541858165 12.628847850 0.034265192 0.084821932 0.801964808 0.590324981
1770721342.359836102 21.827036399 -147.930705485 12.585441431 0.039668088 0.093474459 0.801846050 0.588839435
1770721342.759719849 21.613975421 -147.365974599 12.565303794 0.035997098 0.085393496 0.808826985 0.580698776
1770721343.159660339 21.432197566 -146.739258917 12.534928793 0.047269169 0.090292078 0.803712812 0.586224089
1770721343.459680796 21.268495922 -146.248376403 12.524916257 0.040387261 0.090702108 0.804210140 0.585993215
1770721343.859856129 21.021856669 -145.664937495 12.526889982 0.016125629 0.088135143 0.810973333 0.578181990
1770721344.260206223 20.840275580 -145.042563782 12.499833976 0.039833190 0.078232892 0.804449741 0.587497698
1770721344.659685373 20.641981814 -144.436938071 12.452578307 0.034794431 0.086589097 0.805750105 0.584857628
1770721345.059440374 20.433710035 -143.833403305 12.439506791 0.025113719 0.084961754 0.804275780 0.587614900
1770721345.459766626 20.247845437 -143.240753847 12.406717078 0.042360721 0.079604546 0.799238277 0.594211126
1770721345.859501839 20.053924161 -142.650119540 12.372577329 0.036338805 0.084635848 0.803406047 0.588264386
1770721346.259713650 19.833937586 -142.072965689 12.360152541 0.018046589 0.081835749 0.800250099 0.593781955
1770721346.559651136 19.701306022 -141.584237153 12.349316480 0.022802606 0.084092862 0.795780460 0.599284482
1770721346.960133553 19.522805232 -140.952797668 12.328144450 0.024405161 0.085134238 0.794786000 0.600393008
1770721347.259817839 19.401351178 -140.466543567 12.289787149 0.037882205 0.083257987 0.788778839 0.607833028
1770721347.659638405 19.244091940 -139.846374229 12.238411631 0.035735782 0.090027657 0.788336424 0.607571936
1770721348.059719324 19.056514956 -139.245516516 12.215201738 0.024379956 0.086420482 0.786501753 0.611025459
1770721348.459816217 18.913410725 -138.621617334 12.173179232 0.038338594 0.082014667 0.781197990 0.617683938
1770721348.859682798 18.754087936 -138.002430822 12.137368756 0.032208719 0.088452914 0.786929264 0.609820477
1770721349.259438276 18.569678907 -137.422336561 12.102313850 0.023325984 0.085067000 0.788202266 0.609062141
1770721349.659831524 18.452769868 -136.785596464 12.072444661 0.045861492 0.087381085 0.784155363 0.612667639
1770721349.959697485 18.314931680 -136.287736641 12.059929234 0.035400112 0.088361675 0.784252596 0.613096169
1770721350.259898424 18.172597821 -135.808714013 12.034246735 0.031952047 0.078856045 0.781319325 0.618304862
1770721350.659616709 18.015933779 -135.219048688 12.003645782 0.032316029 0.084009574 0.788705655 0.608145916
1770721351.059805870 17.854766985 -134.603657276 11.965128615 0.019375365 0.083912932 0.788435764 0.609058504
1770721351.460172653 17.720365104 -133.979391407 11.927079374 0.038373760 0.080541333 0.781020324 0.618100155
1770721351.859739542 17.565246225 -133.365981196 11.882246196 0.035380103 0.085255354 0.784153197 0.613664026
1770721352.259658575 17.373881132 -132.769097104 11.868660576 0.021764831 0.080189756 0.783473612 0.615844943
1770721352.659718037 17.233576062 -132.150742069 11.826157681 0.034266688 0.073004138 0.778987602 0.621831574
1770721353.060200930 17.060794854 -131.511799601 11.788274741 0.027824411 0.078895068 0.784511670 0.614445124
1770721353.459876537 16.903217144 -130.877108663 11.771774583 0.017955928 0.083219489 0.787719720 0.610122729
1770721353.859727621 16.768914444 -130.239029286 11.746109647 0.038940159 0.078968963 0.781053936 0.618225134
1770721354.259610415 16.608243024 -129.600240586 11.694650041 0.034787497 0.085033568 0.783179747 0.614970411
1770721354.659768105 16.443269159 -129.008428858 11.677565060 0.019759891 0.079613506 0.782239250 0.617554040
1770721355.060211897 16.308707792 -128.401023237 11.643764177 0.033504723 0.072762693 0.773251322 0.629019410
1770721355.459617615 16.162480905 -127.789323318 11.606508834 0.025858719 0.080599216 0.773201729 0.628485624
1770721355.859689236 16.011728620 -127.183047197 11.564334468 0.018144646 0.079097683 0.763012791 0.641268905
1770721356.259740353 15.945971633 -126.534276815 11.543619603 0.043661444 0.082145341 0.753753492 0.650539387
1770721356.559754133 15.843946773 -126.027442153 11.522955615 0.035984973 0.085220324 0.752001177 0.652638344
1770721356.859553337 15.764697247 -125.528826412 11.499052572 0.034938098 0.079833219 0.748746497 0.657103241
1770721357.259788513 15.680510950 -124.878718045 11.445879778 0.030233520 0.083582807 0.752651091 0.652392661
1770721357.659766197 15.569583919 -124.273659271 11.418834490 0.016680228 0.080612139 0.755173572 0.650335551
1770721358.059846163 15.502757836 -123.656744331 11.373670011 0.033319760 0.077514127 0.747686092 0.658670526
1770721358.459781647 15.411764904 -123.017627962 11.331056604 0.028108392 0.082695570 0.752395643 0.652895211
1770721358.859632969 15.294834031 -122.401213477 11.300010146 0.016144146 0.080474755 0.754664253 0.650957023
1770721359.259831667 15.226022686 -121.799521929 11.231224052 0.035258210 0.074018595 0.755558301 0.649930581
1770721359.659703016 15.092810438 -121.176408844 11.218064246 0.025991372 0.076418510 0.762329564 0.642135730
1770721360.059540510 14.962968122 -120.528255143 11.213649249 0.011211106 0.075775952 0.766301649 0.637898189
1770721360.459845543 14.873485419 -119.968598189 11.175929527 0.025152164 0.067276830 0.761695061 0.643942413
1770721360.859744549 14.817725413 -119.458105281 11.125258828 0.028974654 0.075822858 0.768388430 0.634815393
1770721361.259732723 14.716396221 -118.967175907 11.107400008 0.021928114 0.079911402 0.765794040 0.637724717
1770721361.759918451 14.615214414 -118.394617618 11.066919321 0.027772144 0.076367172 0.759029420 0.645965249
1770721362.259579659 14.525800745 -117.847910058 11.035689085 0.033037485 0.072872538 0.755941994 0.649730575
1770721362.759949207 14.425488116 -117.282689505 11.000267291 0.034145279 0.076346245 0.758417173 0.646381267
1770721363.260288239 14.321423505 -116.709611903 10.969902162 0.028592166 0.077406853 0.757524505 0.647570299
1770721363.759905815 14.215359653 -116.185936266 10.958289817 0.020135297 0.075759351 0.746811710 0.660399394
1770721364.359803200 14.146181504 -115.687000502 10.949448834 0.014627857 0.075236893 0.675504376 0.733361626
1770721365.059756279 14.226950552 -115.120994670 10.871546849 0.014570869 0.077003870 0.569566297 0.818200664
1770721365.659747124 14.449483697 -114.667703941 10.798972166 0.021659610 0.091334104 0.501854606 0.859843531
1770721366.359769344 14.724377244 -114.161058707 10.740835218 0.018772058 0.103552304 0.423880704 0.899583059
1770721366.959996939 15.041563946 -113.780469051 10.661129519 0.023144613 0.106505083 0.412128093 0.904583567
1770721367.559617758 15.405600075 -113.343541242 10.564787379 0.021884786 0.104761376 0.439104655 0.892038795
1770721368.259863138 15.682216949 -112.927180613 10.476933380 0.032917725 0.098947771 0.554720465 0.825476206
1770721369.059753895 15.880666049 -112.496646165 10.375831706 0.043126316 0.085283975 0.701775466 0.705958893
1770721369.759795666 15.833833429 -111.975147996 10.337644998 0.036756586 0.064281242 0.775699474 0.626743329
1770721370.259808779 15.662935367 -111.458243941 10.351912316 0.013668749 0.060529823 0.765805446 0.640071343
1770721370.759686232 15.497811921 -110.887291814 10.340569113 0.007079302 0.054695610 0.734717155 0.676127929
1770721371.259768963 15.478234477 -110.335180406 10.299545499 0.011486052 0.057736305 0.702661592 0.709084816
1770721371.759875059 15.530361879 -109.804112558 10.260226757 0.015683157 0.084785995 0.662776875 0.743836130
1770721372.259885073 15.596913415 -109.212111525 10.190488230 0.023388054 0.085593359 0.631801913 0.770034492
1770721372.759946346 15.702742616 -108.627601235 10.159196771 0.017277892 0.082245949 0.595756135 0.798756350
1770721373.259804964 15.823046442 -108.133461861 10.102858909 0.003686340 0.084494710 0.562855539 0.822216941
1770721373.859934568 16.057932053 -107.604142104 10.026159516 0.005417285 0.095769179 0.513835478 0.852509248
1770721374.459787369 16.285630455 -107.154336047 9.942984719 -0.005424672 0.089394824 0.435124007 0.895905261
1770721374.959827662 16.654339397 -106.708819302 9.824926458 0.000633847 0.096468846 0.387770335 0.916693802
1770721375.459848404 17.045154963 -106.333371409 9.745258001 0.007969757 0.099255092 0.340769877 0.934858706
1770721375.960019350 17.477955636 -105.999906693 9.652379829 0.009296040 0.103874571 0.297100717 0.949133721
1770721376.359850645 17.906840365 -105.680538173 9.577928619 0.000434145 0.088026109 0.271784223 0.958323824
1770721376.859954596 18.386276911 -105.376985803 9.481983150 -0.006324215 0.088678192 0.228750404 0.969417059
1770721377.459805727 18.917917182 -105.136267897 9.376223675 -0.014821598 0.089571347 0.176337214 0.980133910
1770721377.959742785 19.417905231 -104.960484802 9.263102144 -0.014730115 0.095234110 0.125191982 0.987441368
1770721378.459966660 19.891989350 -104.820258762 9.188291856 -0.017487874 0.097403976 0.075675861 0.992209556
1770721378.959723711 20.437612727 -104.701877513 9.066034115 -0.023757096 0.101042665 0.027316270 0.994223215
1770721379.359982729 20.929531350 -104.617465777 8.987809358 -0.031325049 0.086245559 -0.000072913 0.995781321
1770721379.759753704 21.432209175 -104.581089811 8.882700925 -0.035263612 0.078777868 -0.036556359 0.995597387
1770721380.159975052 21.953288141 -104.593552032 8.815123665 -0.032106701 0.079326963 -0.064957262 0.994211721
1770721380.559843063 22.478395630 -104.637956005 8.743379554 -0.032755098 0.077166290 -0.057517403 0.994818685
1770721380.960054636 23.047707512 -104.718278220 8.662651759 -0.031885547 0.085431265 -0.055470146 0.994287621
1770721381.359896183 23.542062829 -104.787184758 8.595588490 -0.023965624 0.090541306 -0.033956321 0.995025070
1770721381.759730101 24.055877490 -104.800819833 8.499768245 -0.030590144 0.081515456 -0.009022145 0.996161671
1770721382.159864902 24.611561298 -104.801132977 8.387638362 -0.039429338 0.086818526 -0.012315780 0.995367366
1770721382.559724092 25.176785709 -104.819949134 8.316895390 -0.026047338 0.085895962 -0.011946646 0.995891911
1770721382.959767342 25.710353801 -104.836067302 8.231840223 -0.035435047 0.083086536 -0.013306926 0.995823233
1770721383.459899664 26.318556913 -104.835603105 8.143397196 -0.042964384 0.085776157 -0.026214077 0.995042378
1770721414.959761858 -0.010934086 -0.031928880 -0.098779114 -0.073180499 0.023856060 -0.018544798 0.996860870
1770721415.359889030 0.567681280 -0.038144923 -0.125958059 -0.080674276 0.019505805 0.013045225 0.996464253
1770721415.659698963 1.112695740 -0.034667028 -0.138895996 -0.073676917 0.011275920 -0.000874444 0.997218031
1770721415.959797621 1.620054301 -0.007486052 -0.150458041 -0.078959752 0.017975167 -0.005262167 0.996701841
1770721416.359926224 2.255021530 0.034393675 -0.187248916 -0.091577669 0.020993120 -0.007990857 0.995544557
1770721416.659724236 2.758580688 0.002913214 -0.195471743 -0.083422571 0.020047877 -0.008401462 0.996277157
1770721417.059781551 3.387447904 0.011648074 -0.209220480 -0.088191860 0.029877362 -0.014762404 0.995545886
1770721417.459653139 4.024171564 -0.039434794 -0.222089643 -0.079569744 0.011968492 -0.025832048 0.996422659
1770721417.859770536 4.677073797 -0.075230889 -0.254769263 -0.074823003 0.018653978 -0.018302771 0.996854330
1770721418.259677172 5.301105952 -0.057933618 -0.271021821 -0.086099517 0.024317820 -0.021408108 0.995759614
1770721418.659942865 5.864980876 -0.092806780 -0.272422269 -0.080970676 0.011620016 -0.026197451 0.996304380
1770721421.559829473 6.105127449 -0.167260252 -0.705876433 -0.059199088 0.013035500 -0.064029904 0.996105273
1770721467.658967257 6.484168436 -0.140288234 -0.334401937 -0.068803956 0.008214414 -0.059982924 0.995791438
1770721468.359989643 7.077336159 -0.201031299 -0.342756029 -0.071814625 0.014596269 -0.053938944 0.995851494
1770721468.958945751 7.604597885 -0.263283897 -0.344088396 -0.068161611 0.015884492 -0.025492222 0.997222054
1770721469.659990311 8.175138950 -0.281322867 -0.355127689 -0.069603031 0.012473070 -0.021568748 0.997263571
1770721470.259984255 8.681811552 -0.267229032 -0.356367222 -0.080774425 0.016881185 -0.018646519 0.996414986
1770721470.959059954 9.214231912 -0.278522836 -0.367592887 -0.078354634 0.012466694 -0.015741916 0.996723294
1770721471.659103394 9.762021554 -0.298877522 -0.389087048 -0.072019870 0.018332099 -0.014007116 0.997136336
1770721472.359326839 10.270956748 -0.308425869 -0.395338640 -0.074937988 0.015611662 -0.008586756 0.997029007
1770721473.059040308 10.780090711 -0.333860508 -0.414050853 -0.070940175 0.013037774 -0.008599990 0.997358285
1770721473.758953094 11.348237589 -0.341186244 -0.421967943 -0.068706319 0.014491070 -0.014157424 0.997431210
1770721474.459195614 11.883621090 -0.345865713 -0.428339816 -0.073899717 0.012160864 -0.017449356 0.997038848
1770721475.159047127 12.436549168 -0.341162938 -0.440941547 -0.075483900 0.007476267 -0.015129572 0.997004204
1770721475.859068871 12.991514034 -0.350395920 -0.469656916 -0.072478766 0.011165794 -0.013134146 0.997220962
1770721476.558892250 13.537820037 -0.349223336 -0.460425328 -0.078132739 0.013075147 -0.009294792 0.996813886
1770721477.158732653 14.056121231 -0.350577697 -0.463978407 -0.082851619 0.012644081 -0.008209207 0.996447864
1770721477.760014057 14.579391995 -0.362479910 -0.480363214 -0.080917989 0.012573961 -0.006972710 0.996617056
1770721478.358763695 15.150382292 -0.377082190 -0.491473241 -0.076576092 0.011567108 -0.007187359 0.996970735
1770721478.958704710 15.707578879 -0.387219243 -0.503859691 -0.077528721 0.013258098 -0.006795111 0.996878802
1770721479.559102297 16.252068378 -0.401473438 -0.523372236 -0.078093483 0.013200796 -0.006373786 0.996838263
1770721480.160022497 16.845010455 -0.422286425 -0.525293703 -0.073315125 0.010195648 -0.011177165 0.997194069
1770721480.758770704 17.381089779 -0.402590879 -0.521944151 -0.083861114 0.010826041 -0.010193426 0.996366501
1770721481.359230995 17.915524641 -0.399249552 -0.537941269 -0.088992454 0.012884838 -0.008787486 0.995910189
1770721481.958861828 18.426990664 -0.397050210 -0.552565106 -0.084498734 0.011216145 -0.032741934 0.995822337
1770721482.558958292 18.952857274 -0.454464118 -0.543690511 -0.077539536 0.005595033 -0.062379892 0.995020133
1770721483.159239769 19.527386408 -0.521797226 -0.536921988 -0.080583865 0.004037092 -0.091958885 0.992488542
1770721483.659047127 20.031068374 -0.593038090 -0.530909606 -0.081044000 0.006377310 -0.116425937 0.989866759
1770721484.259088755 20.600914101 -0.745490157 -0.514906742 -0.077859932 0.003388004 -0.145250728 0.986320728
1770721484.859024048 21.153475249 -0.943933262 -0.504796593 -0.066294903 -0.001928021 -0.171634556 0.982925657
1770721485.458912134 21.702186377 -1.152191674 -0.481563502 -0.061118822 -0.001584148 -0.163991137 0.984565329
1770721486.059102535 22.254327046 -1.320013157 -0.472852846 -0.068687324 0.000798838 -0.146237437 0.986861705
1770721486.558950424 22.772212655 -1.461234497 -0.446712690 -0.065198158 -0.006645292 -0.129259834 0.989442740
1770721487.059085369 23.333700676 -1.587076334 -0.427928782 -0.071789998 -0.001191194 -0.113657088 0.990922219
1770721487.558718681 23.851298134 -1.694989536 -0.433404883 -0.078727994 0.005240978 -0.085076439 0.993245405
1770721488.159139395 24.429588990 -1.790727728 -0.433830173 -0.075299508 0.006613548 -0.067186106 0.994872993
1770721488.659202814 24.942046750 -1.853586969 -0.426617350 -0.076847929 0.005973494 -0.049969478 0.995771944
1770721489.158783674 25.490978558 -1.894724230 -0.431298198 -0.082142046 0.012150376 -0.038743777 0.995793137
1770721489.659421206 26.011063249 -1.920256558 -0.438431430 -0.096823521 0.010604817 -0.030890983 0.994765546
1770721490.159116268 26.602406724 -1.952053416 -0.437588464 -0.096957539 0.002705920 -0.021258326 0.995057786
1770721490.658900738 27.160221674 -1.982354944 -0.439687302 -0.084868879 0.008912999 -0.008901041 0.996312503
1770721491.159168243 27.733283812 -2.008639283 -0.454912314 -0.081870409 0.012318268 0.009083268 0.996525459
1770721491.659120083 28.280633106 -1.998450682 -0.454716716 -0.082203995 0.012975533 0.025687492 0.996199926
1770721492.159132242 28.802251334 -1.938705406 -0.480350057 -0.094420332 0.018252617 0.043805142 0.994400700
1770721492.659173965 29.314409077 -1.874657777 -0.513795159 -0.101749043 0.014830764 0.057076167 0.993060669
1770721493.159283638 29.818761751 -1.839147730 -0.522601380 -0.089672496 0.008969719 0.077255509 0.992929995
1770721493.658908844 30.329827405 -1.770386710 -0.529980293 -0.087043261 0.015394636 0.105179911 0.990516866
1770721494.158922672 30.841234902 -1.647075010 -0.564639594 -0.087732353 0.015971509 0.147075965 0.985097257
1770721494.758884430 31.416285455 -1.486779122 -0.605009127 -0.085667222 0.020579461 0.196604916 0.976516318
1770721495.359057426 31.925855109 -1.237372508 -0.652259595 -0.093146899 0.028480750 0.244746612 0.964682123
1770721495.959335089 32.422860948 -0.942954311 -0.705528430 -0.097001510 0.030979669 0.288748888 0.951974289
1770721496.559113503 32.861735410 -0.623419955 -0.756503536 -0.098577646 0.029364907 0.313430671 0.944024028
1770721497.259294748 33.307238549 -0.303412600 -0.806115355 -0.087439938 0.028090268 0.316278005 0.944210473
1770721498.059468985 33.744967020 0.040650870 -0.868218929 -0.092399549 0.025476435 0.311362768 0.945445134
1770721498.959126711 34.169851702 0.335497903 -0.927985057 -0.084108274 0.025349848 0.313518838 0.945509980
1770721499.858849764 34.593059738 0.644398185 -0.981736419 -0.082859521 0.021656690 0.276113645 0.957301699
1770721511.359329224 35.056492339 0.975479375 -1.052191954 -0.079939028 0.018388245 0.270642137 0.959179054
1770721511.959424496 35.495272621 1.268567185 -1.086538667 -0.087081262 0.020722372 0.228522981 0.969414609
1770721512.959352255 35.862966062 1.519185520 -1.111222635 -0.091940791 0.005608979 0.048502854 0.994566691
1770721513.659270287 36.377527454 1.552632978 -1.133386061 -0.082271013 0.007226764 0.035501814 0.995951242
1770721514.259234667 36.939536818 1.600025186 -1.129856300 -0.083171405 0.006401290 0.033038387 0.995966870
1770721514.858932734 37.467409222 1.652003884 -1.133979186 -0.089553086 0.007646638 0.034532798 0.995353836
1770721515.459067583 37.982675489 1.694534186 -1.151836144 -0.091662703 0.007437022 0.030817824 0.995285337
1770721515.959092379 38.483244858 1.711078782 -1.137141520 -0.080593597 -0.000290162 0.028807513 0.996330625
1770721516.559375048 39.063530555 1.757596358 -1.139214976 -0.085613749 0.000736115 0.026832164 0.995966756
1770721517.059500456 39.582853267 1.796185018 -1.141840980 -0.083956770 0.005812642 0.026373100 0.996103375
1770721517.559513807 40.142229489 1.838096625 -1.155440102 -0.086665468 0.007879678 0.033020388 0.995658908
1770721518.059447289 40.728879499 1.873295340 -1.154829451 -0.087204993 0.004256134 0.036891821 0.995497950
1770721518.559323549 41.328819886 1.935560969 -1.143746012 -0.090553905 0.007977582 0.036959859 0.995173511
1770721519.059019327 41.880937907 1.975814748 -1.175089877 -0.093623421 0.008042753 0.030371353 0.995111828
1770721519.559385061 42.466505945 1.994639648 -1.163800902 -0.085814732 -0.000571324 0.030504626 0.995843850
1770721520.059295654 43.036467794 2.040585326 -1.159980022 -0.085446956 0.006504076 0.025893959 0.995984949
1770721520.659046888 43.590327716 2.087040294 -1.167804501 -0.090261297 0.004370490 0.017174384 0.995760432
1770721521.359444857 44.102265476 2.115872001 -1.166805148 -0.096651462 -0.001416539 -0.061230997 0.993432058
1770721522.459457397 44.612129881 1.993375490 -1.131061310 -0.061967786 -0.016718018 -0.211437243 0.975281905
1770721523.459611893 45.085850294 1.776137323 -1.112530262 -0.061183064 -0.015538546 -0.161407153 0.984866954
1770721524.359377146 45.562237925 1.623753003 -1.093192159 -0.069317423 -0.010845078 -0.079608502 0.994354044
1770721525.359538555 46.119820334 1.594495028 -1.115634293 -0.090832407 -0.002601493 -0.064000358 0.993804136
1770721526.259486437 46.667094118 1.523519422 -1.091155489 -0.081829689 -0.005017686 -0.066111012 0.994438565
1770721527.059367895 47.226992332 1.456363857 -1.075467587 -0.088842533 -0.009233074 -0.078165724 0.992930951
1770721527.659322023 47.750010982 1.412873113 -1.055252646 -0.093282553 -0.007721532 -0.117542119 0.988646850
1770721528.259404421 48.309091404 1.288590106 -1.030301209 -0.093570219 -0.009579662 -0.158708758 0.982834866
1770721528.859384298 48.825139376 1.099100483 -0.994396844 -0.090611323 -0.017634071 -0.208590841 0.973636734
1770721529.559548140 49.329042413 0.837627861 -0.941930422 -0.079239144 -0.029666706 -0.324828988 0.941980453
1770721530.159058332 49.738997307 0.474159157 -0.869165013 -0.061578749 -0.032532738 -0.369707488 0.926534431
1770721530.759505272 50.104556409 0.113660255 -0.800474103 -0.055968319 -0.035946005 -0.407380572 0.910832861
1770721531.359484673 50.430226329 -0.282280193 -0.727041363 -0.048756671 -0.036202960 -0.404451460 0.912541040
1770721532.059585810 50.832876143 -0.669562223 -0.668514741 -0.058971901 -0.031995842 -0.389005407 0.918789080
1770721532.759718180 51.269927702 -1.045760239 -0.598267588 -0.073416490 -0.035250285 -0.391164770 0.916710183
1770721533.459074497 51.648381059 -1.417864583 -0.536169925 -0.075669083 -0.029584034 -0.329827247 0.940538655
1770721534.159436703 52.054823177 -1.738244386 -0.479462992 -0.074403463 -0.018797529 -0.182039584 0.980291981
1770721534.759441376 52.543236786 -1.928667215 -0.458104077 -0.077370683 -0.011926263 -0.080691768 0.993660093
1770721535.459416151 53.121808516 -1.974278491 -0.478750858 -0.098871848 -0.000322374 0.031020492 0.994616500
1770721536.159591436 53.716184798 -1.890542425 -0.498197846 -0.111103791 0.009913434 0.118996720 0.986609067
1770721536.759637833 54.225931148 -1.739361913 -0.523312982 -0.112985746 0.008372985 0.129117223 0.985135959
1770721537.359651327 54.764255004 -1.589500349 -0.540496119 -0.115520880 0.008364037 0.115659016 0.986513031
1770721537.959684849 55.290007114 -1.470249371 -0.554554952 -0.109756456 0.006534699 0.094156068 0.989467257
1770721538.559615374 55.862569500 -1.350345209 -0.559078970 -0.102543159 0.003754105 0.056558545 0.993112249
1770721539.059451818 56.375289932 -1.292899137 -0.561154798 -0.100872222 -0.006400215 0.023550245 0.994600029
1770721539.559857607 56.930191978 -1.261961667 -0.537006300 -0.098474669 -0.001732323 -0.013434795 0.995047358
1770721540.059140921 57.441109966 -1.252961207 -0.537240684 -0.102738361 -0.005671567 -0.042102205 0.993800819
1770721540.559226990 57.966114885 -1.321399251 -0.507803810 -0.100683423 -0.017154795 -0.073810407 0.992028520
1770721541.059418678 58.497911751 -1.412396854 -0.479575829 -0.087630855 -0.015182386 -0.106420712 0.990335782
1770721541.559156179 59.002924411 -1.525955252 -0.460149830 -0.083298469 -0.014972127 -0.106824937 0.990669286
1770721542.059489489 59.506648533 -1.642178327 -0.434565195 -0.084799194 -0.021087927 -0.105991788 0.990520135
1770721542.559517145 60.026975965 -1.727158792 -0.397829173 -0.097481170 -0.013603084 -0.107814068 0.989286867
1770721543.059206009 60.547810888 -1.817998797 -0.378670892 -0.103452492 -0.014224457 -0.109110263 0.988529310
1770721543.559520006 61.064483619 -1.951538192 -0.340498950 -0.093720008 -0.019851788 -0.100251630 0.990339375
1770721544.059519291 61.582846407 -2.071227864 -0.306558827 -0.082547974 -0.014018519 -0.092124477 0.992220940
1770721544.559651613 62.090453102 -2.148292177 -0.295896537 -0.088346041 -0.013002344 -0.072581661 0.993356844
1770721545.059816122 62.625053665 -2.184703270 -0.274604891 -0.098893353 -0.009599865 -0.045090561 0.994029571
1770721545.559445858 63.138248690 -2.206006654 -0.263035190 -0.112826146 0.000492583 -0.033169775 0.993060816
1770721546.059514284 63.738836124 -2.256869087 -0.255498090 -0.099859300 -0.006922483 -0.035297984 0.994351171
1770721546.559604883 64.307262728 -2.295136236 -0.227108408 -0.102008459 -0.016350514 -0.032100515 0.994131024
1770721547.059659719 64.893048131 -2.327311806 -0.199886576 -0.098074111 -0.009223188 -0.020369221 0.994927885
1770721547.559610844 65.487051308 -2.334470615 -0.199890617 -0.101744011 -0.006237136 -0.004448433 0.994781114
1770721548.059605122 66.016301420 -2.325380204 -0.175775049 -0.106644685 -0.004771921 0.002526776 0.994282533
1770721548.559614420 66.597784220 -2.311339704 -0.176522840 -0.112696841 -0.000154909 0.004167615 0.993620667
1770721549.059575796 67.144515200 -2.306289429 -0.178749480 -0.114872455 -0.006072652 -0.002824058 0.993357673
1770721549.559215069 67.757179361 -2.292141735 -0.158519289 -0.110790603 -0.014146668 -0.003455506 0.993737075
1770721550.059267282 68.358211023 -2.304127865 -0.129269233 -0.104604017 -0.006823421 -0.003670936 0.994483768
1770721550.559176207 68.954573217 -2.310524237 -0.138542791 -0.103684093 -0.006924263 0.014082767 0.994486470
1770721551.059594393 69.526103497 -2.299715304 -0.122765194 -0.099808409 -0.003387714 0.045944122 0.993939607
1770721551.559767246 70.077808638 -2.234257635 -0.124580655 -0.107767974 0.002886853 0.078389443 0.991076599
1770721552.159498215 70.629612223 -2.104052169 -0.155198055 -0.118296377 0.008528094 0.128274844 0.984621147
1770721552.759603024 71.178890045 -1.956216181 -0.157376367 -0.117857266 0.009258400 0.180549092 0.976435340
1770721553.459735155 71.663713609 -1.770470898 -0.189729216 -0.110338241 0.021653774 0.333872261 0.935887760
1770721554.159276009 72.052594053 -1.454228945 -0.259267638 -0.110130634 0.035315870 0.477814148 0.870814373
1770721554.959281445 72.280951902 -1.008319570 -0.333951506 -0.100459764 0.042712442 0.625376218 0.772650030
1770721555.659288645 72.351246131 -0.498755101 -0.457231649 -0.101894537 0.041544269 0.679028446 0.725818123
1770721556.259642839 72.348513077 0.007426026 -0.553339675 -0.101852088 0.039600727 0.681558564 0.723557779
1770721556.959571123 72.376015915 0.541605279 -0.640013341 -0.098061294 0.044814570 0.686110982 0.719463243
1770721557.759486437 72.420846960 1.088701494 -0.762259505 -0.087505063 0.051441282 0.682013395 0.724261270
1770721558.459619999 72.454746101 1.597850594 -0.865503745 -0.087307614 0.051945728 0.674630674 0.731130957
1770721559.059574127 72.513355342 2.127269035 -0.968713797 -0.082523688 0.055351904 0.676728854 0.729495762
1770721559.559301615 72.542090700 2.649548090 -1.067903060 -0.086249010 0.051857481 0.675078690 0.730849281
1770721560.059709787 72.560882052 3.153661315 -1.152872598 -0.085564942 0.046743385 0.679945197 0.726751832
1770721560.559365511 72.596783090 3.649822201 -1.245881085 -0.091979910 0.049343804 0.683259686 0.722676336
1770721561.159585953 72.615317678 4.223614001 -1.359154005 -0.094375108 0.051085234 0.682266150 0.723184996
1770721561.759695530 72.659743372 4.757646782 -1.477386862 -0.089173182 0.052692333 0.683880607 0.722204249
1770721562.359604359 72.705734279 5.260672109 -1.568031712 -0.088181451 0.053597609 0.689228006 0.717158340
1770721563.059662342 72.744860730 5.764064683 -1.674810433 -0.079294631 0.062586721 0.752021871 0.651351187
1770721564.059641123 72.639601301 6.255788246 -1.798304112 -0.065723670 0.072462157 0.859809712 0.501155558
1770721564.859383345 72.512554538 6.488351810 -1.854724372 -0.052209186 0.081739184 0.938912596 0.330206063
1770721565.559292555 72.355839731 6.622180892 -1.892586554 -0.034619955 0.078614445 0.980528842 0.176591103
1770721566.359854221 71.941055112 6.754498748 -1.891947008 -0.009283680 0.085848039 0.996228146 0.008567870
1770721567.059613466 71.393500478 6.739396441 -1.890068229 -0.005428984 0.077068904 0.994631354 -0.068843155
1770721567.759737492 70.855120367 6.630199170 -1.882285084 -0.007456476 0.066183961 0.991703366 -0.109947801
1770721568.559344053 70.360938575 6.516446697 -1.892614650 -0.005272337 0.072820972 0.991454326 -0.108109338
1770721569.359319687 69.804988649 6.413611464 -1.873822844 0.002132246 0.084310592 0.991482773 -0.099242573
1770721570.059731722 69.306701324 6.298875193 -1.867546994 0.000518556 0.082877897 0.991817473 -0.097103478
1770721570.859528303 68.784355097 6.156526464 -1.847330200 -0.002818033 0.073687723 0.993321135 -0.088742895
1770721571.559419632 68.269259554 6.072906990 -1.847853360 -0.006240915 0.081859271 0.993808422 -0.074866090
1770721572.259780645 67.722816727 6.008242920 -1.813037448 -0.004608772 0.090586269 0.993664027 -0.066367820
1770721572.859653234 67.211999966 5.926739742 -1.795091951 -0.002872528 0.086183981 0.995058166 -0.049227187
1770721573.559380293 66.692368814 5.853215711 -1.788012060 0.000644935 0.084352767 0.995399506 -0.045431470
1770721574.259805202 66.127990184 5.795074121 -1.788541620 -0.005768750 0.081306396 0.995949309 -0.037960041
1770721575.159785509 65.562527899 5.773115749 -1.793505852 -0.001824549 0.093962851 0.994864189 -0.037588542
1770721576.059684992 65.032247434 5.725872534 -1.787602673 0.000488619 0.087840218 0.995579038 -0.033260136
1770721576.859693766 64.483085430 5.678955031 -1.782763915 0.000822563 0.088456621 0.995695337 -0.027668498
1770721577.559802771 63.979153345 5.614593286 -1.778137488 -0.008144892 0.075440132 0.997113439 0.002690307
1770721578.459773064 63.449662218 5.617495353 -1.781830632 -0.011871183 0.078545438 0.996248784 0.034322713
1770721579.359709024 62.924899412 5.674510307 -1.784491154 -0.014011538 0.090084887 0.991318530 0.094741556
1770721580.449761152 62.398959306 5.780190090 -1.796493246 -0.018289036 0.086713243 0.977711279 0.190333863
1770721581.659753799 61.915228130 5.997889728 -1.865185723 -0.025184326 0.084360744 0.956831973 0.276986624
1770721582.559707642 61.431066048 6.285674555 -1.903305009 -0.034287580 0.066706537 0.913339258 0.400232432
1770721583.259760380 61.041186906 6.693038989 -1.974865191 -0.050392831 0.053189195 0.844468906 0.530569259
1770721583.859942198 60.860865960 7.160899337 -2.068897189 -0.055215846 0.073399355 0.791831855 0.603793060
1770721584.559758902 60.780197605 7.729332311 -2.153358477 -0.048561300 0.090272999 0.828208048 0.550966437
1770721585.259809494 60.556813602 8.229822112 -2.260545406 -0.043541561 0.079053970 0.846848251 0.524120828
1770721585.859448910 60.259970416 8.717209705 -2.346433556 -0.050787471 0.069820307 0.833727754 0.545384076
1770721586.359921932 60.024844800 9.180628625 -2.405051334 -0.055591076 0.063899298 0.815561443 0.572438683
1770721586.859815598 59.837167184 9.658366871 -2.505979274 -0.057851370 0.068578120 0.799226664 0.594295381
1770721587.359760761 59.698087055 10.146274278 -2.580983828 -0.055720087 0.074555229 0.785154554 0.612265560
1770721587.859730959 59.568537513 10.660935540 -2.663388283 -0.054913419 0.080564538 0.779306758 0.619011186
1770721588.359348774 59.454544665 11.192924134 -2.772438715 -0.052210532 0.075334470 0.782148190 0.616314033
1770721588.859946966 59.286009766 11.704525811 -2.851979567 -0.051676432 0.064538750 0.784180234 0.615000534
1770721589.359805346 59.138390749 12.257909514 -2.929651911 -0.059014981 0.064154799 0.785185318 0.613094944
1770721589.859809875 59.006222290 12.782605232 -3.035978894 -0.061970804 0.068227002 0.777360150 0.622266738
1770721590.359496117 58.891359462 13.285816003 -3.109947025 -0.058179952 0.072468477 0.770004925 0.631233577
1770721590.859775066 58.776194259 13.829763879 -3.206003512 -0.057456334 0.074062882 0.767381992 0.634301456
1770721591.359582186 58.647414377 14.373028039 -3.312442958 -0.059233799 0.069050393 0.772463335 0.628509186
1770721591.859812021 58.518565065 14.916974820 -3.403956546 -0.052255124 0.065908016 0.775658951 0.625522764
1770721592.259442329 58.414443128 15.404528760 -3.481500748 -0.061302399 0.074134346 0.770850522 0.629710718
1770721592.759480238 58.286534909 15.996294893 -3.577902903 -0.057546962 0.067331798 0.769280660 0.632741687
1770721593.159792185 58.163160772 16.486721090 -3.676054724 -0.058614841 0.062567355 0.766389579 0.636629123
1770721593.659977674 58.032212005 17.072495796 -3.759616623 -0.054222182 0.058708325 0.768493964 0.634846686
1770721594.159810543 57.927986794 17.644313829 -3.840736104 -0.059952878 0.067049637 0.774525151 0.626115636
1770721594.759798765 57.826636423 18.197971258 -3.946659534 -0.061916540 0.070966905 0.782405988 0.615606132
1770721595.359633923 57.669979624 18.742702170 -4.040114367 -0.061670923 0.061895992 0.800920285 0.592361613
1770721595.959815741 57.495335493 19.284926934 -4.139749708 -0.056296053 0.063279308 0.828641359 0.553335325
1770721596.559854031 57.292741980 19.785979596 -4.223851198 -0.052283893 0.068767029 0.858049875 0.506248854
1770721597.259542704 56.997304910 20.269274998 -4.312015257 -0.042281577 0.069068247 0.906179323 0.415067320
1770721597.959429979 56.651265314 20.685477215 -4.407472549 -0.030311674 0.075056143 0.956257197 0.281104875
1770721598.659798622 56.125128038 20.928333358 -4.443493608 -0.021374548 0.066987253 0.985174364 0.156484215
1770721599.259586334 55.546426772 21.026181573 -4.468860868 -0.025798212 0.046836488 0.989644356 0.133209776
1770721599.859873295 54.979004458 21.143013841 -4.494582397 -0.029381734 0.035127483 0.990277207 0.131353824
1770721600.459337950 54.486087197 21.284869151 -4.533807384 -0.030117599 0.050053427 0.983488643 0.171282438
1770721601.059745789 53.964674251 21.469253860 -4.584061338 -0.033252433 0.053094281 0.974416532 0.215841828
1770721601.659915209 53.466256682 21.706245761 -4.635809744 -0.031250043 0.058684837 0.960857405 0.268947154
1770721602.259905100 52.992757764 21.984119283 -4.675658873 -0.030884537 0.056770604 0.944313580 0.322637732
1770721602.859876871 52.599660728 22.308736628 -4.731079519 -0.037570623 0.056188300 0.903442064 0.423348273
1770721603.559630156 52.238927050 22.737156183 -4.806544251 -0.043116446 0.047548251 0.833113791 0.549364677
1770721604.159821987 52.079662393 23.244465585 -4.888444386 -0.046248684 0.060010984 0.794308112 0.602772232
1770721604.759826660 51.957173084 23.760879130 -4.953287419 -0.049282491 0.059284688 0.758097914 0.647567846
1770721605.359954357 51.886302626 24.285096113 -5.019402636 -0.053376005 0.054905562 0.711248215 0.698757725
1770721605.959578991 51.841100865 24.780082878 -5.079709130 -0.060896944 0.032956104 0.632313177 0.771612275
1770721606.559603453 51.951630334 25.296930763 -5.154547549 -0.057341035 0.029684260 0.589039697 0.805520382
1770721607.159487724 52.154833493 25.824778784 -5.217237787 -0.059350572 0.025504097 0.543179441 0.837127915
1770721607.659506083 52.367461453 26.293790721 -5.271920973 -0.058977807 0.029062176 0.525051310 0.848527036
1770721608.159947872 52.596910360 26.732187340 -5.344792363 -0.058104550 0.028981110 0.528517746 0.846435437
1770721608.659640312 52.801689854 27.244349660 -5.402620354 -0.066212384 0.022704296 0.529107198 0.845663058
1770721609.159869671 53.047406730 27.733023372 -5.451965171 -0.070080998 0.022784049 0.532686109 0.843098482
1770721609.659556627 53.286082361 28.216601806 -5.520544531 -0.068426323 0.023150676 0.528063473 0.846126972
1770721610.159956455 53.523747747 28.685917260 -5.579875907 -0.063695199 0.023200347 0.531381020 0.844416294
1770721610.659565210 53.755207273 29.156721700 -5.627936845 -0.061754642 0.028508869 0.548107078 0.833637955
1770721611.159462452 53.942719769 29.650221879 -5.712155725 -0.064494154 0.027324064 0.585230859 0.807835838
1770721611.659874439 54.091069299 30.161919037 -5.782248443 -0.061446934 0.027375409 0.625732297 0.777131876
1770721612.159477234 54.214727585 30.671059530 -5.840906896 -0.064834979 0.032469267 0.659885495 0.747859148
1770721612.759497404 54.250786087 31.208705798 -5.916548009 -0.066641960 0.030028745 0.700531713 0.709867905
1770721613.359275341 54.232886141 31.724900932 -6.021203723 -0.061924349 0.040393684 0.776601576 0.625638648
1770721613.859886646 54.146227657 32.225281953 -6.112279742 -0.063256477 0.040286038 0.777058969 0.624944007
1770721614.359991312 53.998410211 32.724824862 -6.164750980 -0.056497564 0.031107070 0.778098956 0.624821886
1770721614.859388590 53.868055815 33.231770817 -6.241303065 -0.056825500 0.031783322 0.779436572 0.623088528
1770721615.359911919 53.720950444 33.772605073 -6.301242000 -0.056390596 0.031099795 0.789904100 0.609839664
1770721615.859709740 53.601218362 34.302439442 -6.372537265 -0.050674340 0.040031839 0.805616957 0.588906514
1770721616.359451056 53.441721154 34.808283060 -6.444638837 -0.053686431 0.046829594 0.825861129 0.559355122
1770721616.859529257 53.249373125 35.300677922 -6.525337891 -0.052327761 0.048957267 0.844551069 0.530658537
1770721617.459482431 52.969930246 35.807077956 -6.614053171 -0.051500663 0.046355933 0.873072377 0.482642138
1770721617.959934235 52.672813064 36.235674323 -6.668279898 -0.040442084 0.043244677 0.894917705 0.442285696
1770721618.460013628 52.353460706 36.640665021 -6.715673760 -0.037784992 0.051348549 0.915104057 0.398145935
1770721618.960023642 51.999886377 37.004359877 -6.791667197 -0.035678369 0.054724935 0.933064379 0.353727438
1770721619.559673548 51.555762950 37.373821761 -6.842648615 -0.033337265 0.057403697 0.951276101 0.301109983
1770721620.159919262 51.107569006 37.647133802 -6.911401408 -0.029987784 0.061042087 0.971679817 0.226302739
1770721620.860102654 50.586453513 37.889520296 -6.961479722 -0.019838164 0.069551576 0.991152569 0.111290656
1770721621.359377146 50.070695837 37.909503651 -7.004327178 -0.023256843 0.041363992 0.997137277 0.058867557
1770721621.960010767 49.453367938 37.900625620 -7.006209377 -0.025209036 0.007847358 0.998766414 0.042054425
1770721622.460011721 48.887988581 37.933583979 -7.011594982 -0.027168794 0.017984086 0.998641156 0.040672735
1770721622.859526634 48.394641201 38.009493714 -7.049225739 -0.026608492 0.036922822 0.997852031 0.047117064
1770721623.359692335 47.893691819 38.076374390 -7.054616118 -0.013566211 0.046153824 0.998617873 0.021169012
1770721623.859462738 47.389948451 38.096313082 -7.080040390 -0.016651578 0.053281780 0.998241565 -0.019938785
1770721624.359550714 46.836631374 38.049032859 -7.106621916 -0.017935033 0.040262558 0.998428654 -0.034604676
1770721624.860075235 46.330539146 37.976739341 -7.110269850 -0.017814469 0.028491533 0.998702841 -0.038255893
1770721625.359532118 45.729842272 37.927308322 -7.101271262 -0.022289671 0.033581431 0.998802815 -0.027719932
1770721625.859479189 45.152541011 37.903564477 -7.119975129 -0.019995313 0.036706599 0.998854753 -0.023280781
1770721626.359511614 44.572173585 37.895610510 -7.132240899 -0.008986734 0.042510827 0.998903812 -0.017413833
1770721626.860008955 43.961071174 37.867720634 -7.136247988 -0.018049439 0.048810634 0.998550743 -0.013716878
1770721627.359316111 43.360335831 37.825049482 -7.170708403 -0.018745405 0.046949214 0.998487152 -0.021628424
1770721627.860113859 42.760540981 37.772109194 -7.183795509 -0.016527817 0.042542015 0.998735901 -0.021061998
1770721628.359779596 42.165674504 37.715851899 -7.187257249 -0.020570922 0.038872912 0.998819318 -0.020632570
1770721628.759987116 41.663727634 37.697683257 -7.201790435 -0.009047988 0.038916159 0.999190268 -0.004740726
1770721629.159597397 41.134052555 37.689232546 -7.218961741 -0.016191084 0.041769423 0.998975847 -0.006357711
1770721629.559695959 40.617054865 37.667860393 -7.225890767 -0.024331458 0.042413062 0.998802465 -0.001657851
1770721629.959524155 40.102402176 37.712007358 -7.240900477 -0.008918857 0.053432851 0.998353374 0.018865960
1770721630.360026598 39.590303494 37.747371113 -7.275414083 -0.015605974 0.055557761 0.998224027 0.014784461
1770721630.859415770 38.991992202 37.736496421 -7.290605104 -0.013328311 0.053388045 0.998451475 0.008168560
1770721631.359625101 38.369754648 37.711201169 -7.310007903 -0.018266227 0.045627064 0.998764461 0.007353019
1770721631.859435558 37.748118970 37.733461275 -7.307516077 -0.013015036 0.055062031 0.998310894 0.013196267
1770721632.260077715 37.219851811 37.757864449 -7.318984106 -0.013440642 0.058691164 0.998072453 0.015035796
1770721632.659316063 36.714989836 37.756268995 -7.330465123 -0.010246092 0.055238824 0.998420529 -0.000369693
1770721633.059579611 36.201971865 37.740555082 -7.355144011 -0.013035038 0.052985573 0.998510176 -0.000212449
1770721633.559303999 35.597187760 37.750939747 -7.354920280 -0.004787888 0.055451043 0.998449702 -0.000670607
1770721633.959352970 35.082830835 37.729835131 -7.378826890 -0.012474128 0.055515407 0.998334955 -0.009473864
1770721634.459632397 34.482022088 37.700026552 -7.388735649 -0.010473560 0.049421577 0.998658751 -0.011336259
1770721634.959362745 33.862435547 37.651484157 -7.389164029 -0.019001945 0.037334235 0.999037246 -0.013025469
1770721635.359613895 33.337111635 37.651752345 -7.389407571 -0.004340049 0.041514121 0.999022334 -0.014564263
1770721635.759765625 32.832077475 37.650842416 -7.415371595 -0.009312259 0.054314713 0.997962664 -0.032151423
1770721636.159864902 32.300362151 37.584558620 -7.398728298 -0.014122990 0.043305996 0.997965709 -0.044604656
1770721636.559233904 31.795397775 37.555028306 -7.405672699 -0.000207653 0.049247559 0.997773206 -0.044980710
1770721636.959634066 31.279275109 37.513310114 -7.424030139 -0.007743870 0.049170979 0.997018502 -0.058960615
1770721637.459213972 30.661984141 37.393980535 -7.431030273 -0.006170481 0.039406742 0.997421217 -0.059665314
1770721637.859712839 30.141528274 37.322547501 -7.443879913 -0.007457561 0.035225148 0.997683195 -0.057721894
1770721638.259538889 29.607218875 37.298636602 -7.418094165 -0.007579597 0.057284217 0.996510005 -0.060240170
1770721638.660156727 29.070791557 37.208406395 -7.405079739 -0.004624373 0.049253082 0.996892493 -0.061303394
1770721639.059234142 28.546000935 37.097715429 -7.431335613 -0.008076266 0.035083782 0.997611165 -0.058956469
1770721639.459806919 28.011586305 37.064799562 -7.410118585 -0.008068992 0.047819166 0.996984286 -0.060585080
1770721639.859694004 27.510364556 36.985741954 -7.410023825 -0.006813217 0.038790602 0.997255472 -0.062692850
1770721640.259243727 26.999344839 36.906747885 -7.425749078 -0.007209989 0.039876657 0.997829875 -0.051898068
1770721640.659793139 26.470877187 36.879743608 -7.412304283 -0.005185597 0.053101620 0.997553027 -0.045180599
1770721641.059632540 25.974176657 36.792258834 -7.410541358 -0.004321194 0.039080712 0.998222887 -0.044778266
1770721641.559593201 25.355820703 36.699901051 -7.399151415 -0.014133254 0.023556085 0.998912120 -0.037682076
1770721641.959460497 24.784881436 36.687819595 -7.391526457 0.002199215 0.033911405 0.999086243 -0.025920239
1770721642.359671593 24.220991027 36.678498114 -7.417439246 -0.008979735 0.046605948 0.998759904 -0.015030136
1770721642.760098457 23.682223892 36.642629933 -7.397141874 -0.012240112 0.042491246 0.998986608 -0.008392253
1770721643.159787655 23.126484926 36.637211136 -7.404297106 0.000636118 0.043365633 0.999058887 -0.000597980
1770721643.559669495 22.563511067 36.647093369 -7.423765759 -0.009997603 0.047533240 0.998796031 -0.006864996
1770721643.959496498 21.996548033 36.612626086 -7.413607377 -0.011612359 0.034751174 0.999312389 -0.005679652
1770721644.359649897 21.461578993 36.602200293 -7.427333825 0.003591444 0.039978690 0.999192256 0.001908131
1770721644.759614944 20.905375188 36.622206621 -7.435008053 -0.003516355 0.048250571 0.998802653 -0.007264788
1770721645.159866810 20.275189264 36.596067928 -7.416262397 -0.008298536 0.043491312 0.998993655 -0.007163652
1770721645.559814215 19.705742379 36.571462600 -7.427192027 0.001997719 0.037950983 0.999277591 0.000167752
1770721645.959951639 19.126534589 36.557589840 -7.426842061 -0.007766649 0.039267514 0.999173959 -0.007010140
1770721646.359664440 18.547280886 36.533698243 -7.427361008 -0.014425653 0.031934697 0.999305921 -0.012639305
1770721646.759657621 17.991551448 36.536111027 -7.431362850 -0.001745076 0.040215594 0.999189467 -0.000262566
1770721647.159869194 17.407530361 36.527413282 -7.447925164 -0.008400234 0.041748395 0.999082642 -0.004514568
1770721647.559742689 16.874474463 36.493040054 -7.442425774 -0.011369470 0.027418765 0.999548249 -0.004716295
1770721647.959751129 16.322323915 36.490551833 -7.465407782 0.006702872 0.034302093 0.999385178 0.002775702
1770721648.359685898 15.708365710 36.477462920 -7.447635497 -0.003157903 0.033269805 0.999418053 -0.006833930
1770721648.759699821 15.118308900 36.464778635 -7.440780100 -0.009958359 0.032902085 0.999329672 -0.012589310
1770721649.159807205 14.546785289 36.469124905 -7.439852844 0.004786199 0.045537022 0.998947713 -0.002634273
1770721649.559753895 13.977326061 36.469235928 -7.458535312 -0.004424784 0.047473496 0.998856740 -0.003449808
1770721649.959572792 13.446433202 36.424660078 -7.438712860 -0.009126931 0.027352095 0.999556992 -0.007374430
1770721650.359738111 12.897198499 36.420379954 -7.440840798 0.007122806 0.032017052 0.999455528 0.003580818
1770721650.759692192 12.326335108 36.419866184 -7.450456855 -0.005151794 0.034222375 0.999384848 -0.005675622
1770721651.159651279 11.776244575 36.399544284 -7.456628911 -0.007771209 0.029594168 0.999503791 -0.007480974
1770721651.559854746 11.204386104 36.418472477 -7.437633576 0.007766437 0.047816366 0.998820491 -0.003302285
1770721651.959811687 10.585623363 36.385573866 -7.458828996 -0.001932572 0.045830138 0.998944906 -0.002222180
1770721652.359501600 10.025956071 36.349898168 -7.428391090 -0.010097602 0.026355520 0.999556187 -0.009531693
1770721652.759971142 9.448047798 36.358236832 -7.418772216 0.008377280 0.030334217 0.999503997 -0.001190279
1770721653.159655333 8.853427142 36.353063410 -7.442352392 -0.001207343 0.035602654 0.999340700 -0.007011314
1770721653.559960604 8.273010040 36.319366170 -7.426057228 -0.008145494 0.028525416 0.999538360 -0.006558808
1770721653.959780455 7.713306117 36.337385982 -7.419167871 0.007830137 0.034583112 0.999369024 0.002061819
1770721654.359697580 7.139981686 36.327102282 -7.440593815 -0.001231158 0.034632906 0.999389377 -0.004463041
1770721654.759855032 6.589042668 36.275667602 -7.410850441 -0.006801226 0.015816463 0.999830169 -0.006573859
1770721655.159309387 5.967722435 36.262307021 -7.414134128 0.009827252 0.024238792 0.999544150 -0.015079720
1770721655.560211420 5.374303283 36.259640864 -7.413202456 -0.000140278 0.032798165 0.998879678 -0.034112295
1770721655.959737301 4.791064185 36.208485061 -7.405056203 -0.002015074 0.030445960 0.998523478 -0.044942705
1770721656.359702110 4.244392064 36.162042230 -7.406296003 0.013349572 0.034024079 0.997984861 -0.051868767
1770721656.759705067 3.661985668 36.091658270 -7.389119375 0.002473777 0.030850722 0.997228846 -0.067651626
1770721657.159310818 3.159063462 35.972845573 -7.358508672 -0.008776807 0.014212830 0.996619563 -0.080438863
1770721657.559642076 2.638258950 35.893399160 -7.376149418 0.014395208 0.021041819 0.998074850 -0.056538606
1770721657.960015774 2.121708156 35.825347029 -7.360949101 0.004259696 0.023885144 0.998357871 -0.051893316
1770721658.359686852 1.605007334 35.763116730 -7.309221024 -0.000349318 0.023422657 0.999048058 -0.036799932
1770721658.859846115 1.041099428 35.734485166 -7.325831656 0.002645539 0.026248622 0.999591790 -0.010966539
1770721659.359713078 0.522604719 35.727373067 -7.318238092 0.004331912 0.033355142 0.999358667 0.012285139
1770721659.859700680 0.007780922 35.723278572 -7.316869387 0.002448291 0.040511674 0.998950350 0.021236975
1770721660.459765673 -0.570290492 35.740848272 -7.310846966 0.002196328 0.041679968 0.998822052 0.024748014
1770721661.059914112 -1.113458997 35.760505212 -7.313674593 0.002321012 0.043589979 0.998760805 0.023903566
1770721661.659754515 -1.653698276 35.772280802 -7.299954811 0.005941160 0.040479445 0.998857360 0.024700031
1770721662.359835148 -2.232190865 35.775395352 -7.290977659 0.007621606 0.034751034 0.999114587 0.022457039
1770721662.959850788 -2.746443660 35.800166407 -7.297805998 0.008615277 0.038179312 0.998972689 0.022840382
1770721663.659752846 -3.261574319 35.842257610 -7.308827303 0.003645200 0.052327047 0.998332697 0.024091867
1770721667.259685516 -3.820017245 35.781678605 -7.315842960 0.007092089 0.030085047 0.999295885 0.021267963
1770721667.859731436 -4.320049606 35.765981650 -7.294845015 0.004472693 0.021155338 0.999609885 0.017678357
1770721668.559794188 -4.893154916 35.773888100 -7.273695544 0.000399840 0.019706872 0.998015068 0.059811404
1770721669.559851170 -5.434789626 35.874526178 -7.268816888 -0.002891637 0.024669785 0.977503007 0.209453842
1770721670.559959412 -5.906401283 36.164312184 -7.316862887 -0.000915486 0.046523739 0.957930617 0.283202466
1770721671.459821224 -6.352667128 36.494079103 -7.331261029 -0.007207572 0.057423240 0.928239139 0.367454382
1770721672.359879255 -6.772404426 36.822998303 -7.347836608 -0.013900189 0.036828053 0.856409772 0.514793921
1770721673.360033989 -7.000626229 37.285975850 -7.368668012 -0.020141076 0.037685463 0.783544270 0.619864921
1770721674.659894705 -7.106834063 37.777668196 -7.410672336 -0.018461425 0.030036372 0.808768180 0.587069862
1770721675.459973812 -7.128529095 38.122555153 -7.436797488 -0.009875847 0.039273254 0.896181038 0.441836651
1770721676.259713411 -7.378389560 38.424200011 -7.476619839 -0.011198584 0.030473698 0.962873120 0.267994961
1770721676.959857702 -7.826145194 38.697671616 -7.502471835 -0.005010180 0.030207347 0.994510540 0.100055985
1770721677.659754992 -8.376006881 38.797561073 -7.505372058 0.005390603 0.030142180 0.999503385 -0.007441302
1770721678.259784222 -8.874801920 38.761153661 -7.508633438 0.000119067 0.015832388 0.999758601 -0.015233550
1770721678.959822178 -9.446234010 38.715905086 -7.497612575 -0.002636974 0.012596091 0.999804066 -0.015040431
1770721679.559903145 -9.954680658 38.708142703 -7.495904613 -0.003877683 0.021109122 0.999745555 0.006942192
1770721680.159915686 -10.518863389 38.704459218 -7.492847604 -0.004467794 0.019015519 0.999612156 0.019849075
1770721680.759777308 -11.092097789 38.723200379 -7.501292958 -0.004916450 0.015925190 0.999514953 0.026307345
1770721681.259932041 -11.618770395 38.728856911 -7.486398883 -0.005113539 0.008987108 0.999421822 0.032389885
1770721681.759749889 -12.209539962 38.753432832 -7.471873226 -0.007788466 0.010789713 0.999362112 0.033140458
1770721682.259756327 -12.792483367 38.808947048 -7.490977535 -0.006931176 0.017216336 0.999032276 0.039875646
1770721682.759903193 -13.408106329 38.875271609 -7.481690129 0.002908745 0.023640467 0.998534271 0.048600179
1770721683.259918928 -14.002512197 38.932018236 -7.471798056 -0.003825235 0.028352372 0.998342826 0.049931079
1770721683.759951830 -14.577938222 38.981727485 -7.489515985 -0.003440713 0.023138823 0.999172488 0.033273039
1770721684.259893894 -15.139189020 38.998561153 -7.495546982 0.002178553 0.021010002 0.999694973 0.012798248
1770721684.759763002 -15.770246000 39.001599359 -7.478392093 -0.000121407 0.022661524 0.999743080 0.000463220
1770721685.159944057 -16.288483915 38.999080374 -7.480139698 0.011445257 0.018399611 0.999759783 0.003291946
1770721685.659813881 -16.893209953 38.985711110 -7.476803646 -0.001434522 0.022435968 0.999719930 -0.007391322
1770721686.059885502 -17.401538392 38.960799204 -7.467577430 -0.001457711 0.015532513 0.999744944 -0.016329807
1770721686.460028648 -17.917678785 38.914189034 -7.471275606 -0.003564255 0.009586539 0.999898364 -0.009932584
1770721686.859966040 -18.430281561 38.930389991 -7.467811809 -0.000342786 0.022623973 0.999712286 -0.007961415
1770721687.259740591 -18.968181576 38.896374510 -7.480195262 0.001544277 0.013576666 0.999794407 -0.014981079
1770721687.659785271 -19.527116685 38.859541958 -7.475177684 0.003378430 0.009871861 0.999895123 -0.010043660
1770721688.059775829 -20.124371873 38.843298470 -7.457364655 0.000006021 0.014208174 0.999832006 -0.011579581
1770721688.459941149 -20.713506743 38.822452757 -7.448705556 -0.000372274 0.010775252 0.999803394 -0.016641179
1770721688.859756470 -21.316236741 38.801433613 -7.447139893 -0.000415827 0.012268747 0.999877166 -0.009744582
1770721689.259911776 -21.874181964 38.812087533 -7.434651844 0.003586025 0.025619203 0.999657823 -0.003877444
1770721689.659814119 -22.439906609 38.785239155 -7.431901704 0.004559723 0.013388328 0.999838695 -0.011070071
1770721690.059967041 -23.018310885 38.747111531 -7.432843687 -0.000497744 0.008490902 0.999945719 -0.006017925
1770721690.459856987 -23.568667278 38.765316854 -7.422794432 0.002764091 0.022842078 0.999733987 -0.001598334
1770721690.860025883 -24.158515360 38.731894782 -7.434515318 0.004410889 0.013548396 0.999741313 -0.017728278
1770721691.259938478 -24.771560520 38.717439863 -7.411117745 0.005444972 0.018361534 0.999764111 -0.010243458
1770721691.659796715 -25.355200295 38.699014860 -7.387178449 0.001721469 0.022881471 0.999722063 -0.005410256
1770721692.059721470 -25.926150876 38.663834607 -7.377706650 0.003926832 0.008859126 0.999943035 -0.004474596
1770721692.459792137 -26.493996514 38.631867960 -7.372179038 -0.000474771 0.011317843 0.999930535 0.003256602
1770721692.959786415 -27.097469699 38.674391201 -7.347382693 0.005282982 0.016525832 0.999564433 0.023873242
1770721693.459838152 -27.674734794 38.690983083 -7.348226123 -0.006365808 0.019115073 0.999281890 0.032090415
1770721693.959966660 -28.292965199 38.720334485 -7.369257260 0.000835288 0.015753446 0.999604549 0.023278263
1770721694.359826088 -28.801742410 38.692602304 -7.346040091 -0.002356292 -0.003041756 0.999696007 0.024353442
1770721694.859956503 -29.407883886 38.737069598 -7.336324075 0.000621974 0.009342676 0.999655475 0.024520584
1770721695.359991074 -29.999678440 38.801088914 -7.316530702 0.007634962 0.018958928 0.999344376 0.029884529
1770721695.859817982 -30.573166209 38.845052376 -7.307169961 0.007680586 0.027839261 0.999027118 0.033328691
1770721696.359978676 -31.106164820 38.853181713 -7.314407983 0.006673324 0.014793429 0.999529656 0.026020902
1770721696.959737778 -31.651847327 38.871626972 -7.309531739 0.004169395 0.013343715 0.999606688 0.024311114
1770721697.559795380 -32.152353010 38.921353615 -7.305426155 0.009088297 0.025818262 0.999356240 0.023193246
1770721698.159802914 -32.652634734 38.950751334 -7.292242833 0.010743980 0.025021239 0.999293705 0.025895877
1770721698.859971762 -33.198424376 38.949635449 -7.279154821 0.007857303 0.017902064 0.999358355 0.030010961
1770721699.859843969 -33.730462633 38.965824197 -7.279166121 0.008587719 0.013760241 0.999631934 0.021746359
1770721700.659647942 -34.264655107 38.977282312 -7.277545868 0.010100748 0.012874495 0.999428988 0.029562137
1770721701.459809542 -34.835087908 39.004307270 -7.263331559 0.009047653 0.014989255 0.999561123 0.023896085
1770721702.359962702 -35.406543557 39.053345449 -7.255676860 0.013370207 0.022985501 0.999351931 0.024261526
1770721702.960012674 -35.912412641 39.061114207 -7.245530914 0.010191120 0.019009890 0.999476059 0.024132382
1770721703.559717178 -36.482709933 39.069771374 -7.235427914 0.008479260 0.014009966 0.999525606 0.026084200
1770721704.159816504 -37.056860004 39.102032571 -7.213074260 0.009456817 0.009452410 0.998844943 0.046151928
1770721704.759677887 -37.557849175 39.124200720 -7.184761431 0.008156914 0.006619649 0.997788381 0.065635290
1770721705.759948730 -38.104674556 39.202283166 -7.175936977 0.008293451 0.009164893 0.997745935 0.065956598
1770721706.660005093 -38.615343869 39.299535033 -7.174035291 0.011421645 0.023028684 0.996927273 0.073994857
1770721713.459835768 -39.138437712 39.339084753 -7.193577697 0.012829993 0.013697466 0.997549219 0.067404203
1770721714.259763241 -39.656755844 39.382921908 -7.185552460 0.008952644 0.006806633 0.999093084 0.041067370
1770721714.959747553 -40.200061386 39.423198083 -7.158585813 0.009860403 0.003836144 0.999943835 -0.000619362
1770721715.559757233 -40.708194791 39.421591254 -7.147937795 0.008932711 0.008042805 0.999361591 -0.033644163
1770721716.259954453 -41.209875584 39.371298547 -7.128618996 0.008676201 0.007089633 0.999402848 -0.032686502
1770721717.059781551 -41.782163148 39.301941162 -7.131570103 0.010443097 0.002330243 0.999202831 -0.038460564
1770721717.659899712 -42.320594006 39.273369643 -7.112102582 0.011181302 0.010085530 0.999163479 -0.038021087
1770721718.259884119 -42.882736075 39.207610001 -7.091794756 0.013451813 0.002013143 0.999186227 -0.037972097
1770721718.859880686 -43.409104513 39.147601713 -7.077266805 0.014261061 0.001909451 0.999153449 -0.038540396
1770721719.459882498 -43.984243676 39.099596645 -7.054811950 0.011384921 -0.003003061 0.999123738 -0.040163672
1770721720.059866905 -44.557414676 39.040330699 -7.043818003 0.011061441 -0.001693363 0.999178112 -0.038959942
1770721720.559981108 -45.059490193 39.001930130 -7.022425960 0.019568230 -0.000317020 0.999201429 -0.034835161
1770721721.060001850 -45.608299185 38.947905266 -6.991720605 0.010835809 -0.000371956 0.999339764 -0.034676827
1770721721.559909821 -46.115804301 38.911431316 -6.983620034 0.010579746 0.001087148 0.999119037 -0.040596010
1770721722.159819603 -46.713108244 38.869467206 -6.967257874 0.012243281 0.003153214 0.999063075 -0.041389996
1770721722.659945488 -47.210231409 38.816567512 -6.947730542 0.012894055 0.002531265 0.998968793 -0.043459014
1770721723.259974241 -47.800037999 38.768381080 -6.930424428 0.011713770 -0.001953482 0.999001442 -0.043070755
1770721723.859745026 -48.385442836 38.716894696 -6.924133627 0.011576537 -0.002785866 0.998978392 -0.043593532
1770721724.359764338 -48.930547195 38.666417775 -6.892916683 0.011609301 -0.000780402 0.999017678 -0.042758550
1770721724.859840631 -49.444871950 38.610372137 -6.885540604 0.012383976 -0.004805930 0.999157648 -0.038826974
1770721725.359833241 -49.943457612 38.561418679 -6.862459750 0.016182632 -0.007499650 0.999216500 -0.035330787
1770721725.859873295 -50.450765905 38.538270770 -6.855504019 0.010892431 -0.001204517 0.999250103 -0.037136715
1770721726.359869242 -50.957599905 38.496232264 -6.845319987 0.010333792 -0.002595077 0.999064898 -0.041902369
1770721726.959790468 -51.499473926 38.468789422 -6.834413988 0.009610110 0.002529333 0.999042272 -0.042612056
1770721727.459989548 -52.009640808 38.403065118 -6.810655613 0.012253461 -0.003942115 0.999065507 -0.041260453
1770721727.959832430 -52.541030794 38.341896197 -6.778607006 0.009525583 -0.013665394 0.998882117 -0.044238404
1770721728.459735632 -53.087374615 38.296437605 -6.773479158 0.012520819 -0.006850575 0.999115593 -0.039551617
1770721728.959733725 -53.610951364 38.271463574 -6.750574890 0.020359308 0.000264088 0.999165445 -0.035409643
1770721729.459872723 -54.158720112 38.234559674 -6.723482919 0.013154585 0.004551085 0.999340289 -0.033544461
1770721729.959919214 -54.684946833 38.182843458 -6.726279405 0.013801153 0.001682240 0.999071615 -0.040775067
1770721730.459852695 -55.212565358 38.126528591 -6.704069532 0.017598984 -0.003378130 0.998859828 -0.044248244
1770721730.959917545 -55.804376606 38.063653707 -6.664813430 0.013173099 -0.009466937 0.998905815 -0.043863642
1770721731.459948778 -56.393164713 37.979791053 -6.650607750 0.014119025 -0.013939254 0.998974580 -0.040695692
1770721731.959758043 -56.971535183 37.947652060 -6.620966909 0.023069413 -0.009950551 0.999003997 -0.036875512
1770721732.459891796 -57.575019696 37.909279267 -6.597765827 0.012841100 -0.002580607 0.999342830 -0.033798727
1770721732.959919214 -58.143646990 37.884393586 -6.595190646 0.011733944 -0.000387053 0.999316079 -0.035064794
1770721733.359844446 -58.642978147 37.820737119 -6.569913583 0.009520724 -0.007165953 0.999464771 -0.030465990
1770721733.859876394 -59.213816462 37.744497828 -6.554213063 0.012284096 -0.025443837 0.999512912 -0.013253305
1770721734.259908438 -59.740720956 37.723585040 -6.505618017 0.012980163 -0.021976868 0.999664072 -0.004502890
1770721734.759772301 -60.323252727 37.743060096 -6.498015415 0.012143851 -0.016708944 0.999756550 -0.007757520
1770721735.159890413 -60.841368506 37.750445806 -6.476227339 0.009310643 -0.004732253 0.999881335 -0.011324056
1770721735.658836603 -61.443248463 37.758557373 -6.469460784 0.012879380 0.000779449 0.999916743 -0.000141930
1770721736.159888268 -62.023766931 37.728990464 -6.447184772 0.017809450 -0.007170553 0.999802343 0.005165516
1770721736.659941673 -62.618692043 37.722428413 -6.418850436 0.014467617 -0.009686459 0.999841981 0.003588071
1770721737.159947872 -63.220338378 37.703023119 -6.409300096 0.015907958 -0.009408126 0.999804459 -0.007033345
1770721737.659805298 -63.817580879 37.704929419 -6.370265127 0.019732977 -0.005262204 0.999745647 -0.009568736
1770721738.158874989 -64.404077811 37.688680191 -6.344379485 0.013433779 -0.008208468 0.999823017 -0.010300003
1770721738.659946203 -64.991639449 37.674870007 -6.333314128 0.015028224 -0.006939711 0.999846974 -0.005658825
1770721739.159836769 -65.580591204 37.666745979 -6.306339540 0.021409784 -0.007380526 0.999733067 -0.004576414
1770721739.658813715 -66.169229382 37.648132252 -6.288705988 0.016136588 -0.004822073 0.999830486 -0.007440299
1770721740.159016371 -66.743497543 37.624549910 -6.284375260 0.015726804 -0.008930662 0.999636526 -0.019993148
1770721740.560031652 -67.244638228 37.563626361 -6.244687119 0.014780048 -0.023688553 0.999438379 -0.018529164
1770721740.959857464 -67.763253569 37.538701987 -6.226244904 0.026404329 -0.021251552 0.999317572 -0.014682434
1770721741.459819317 -68.392635967 37.551346169 -6.185895875 0.018310361 -0.007760274 0.999693528 -0.014743095
1770721741.859831572 -68.924952999 37.518786699 -6.169051480 0.021591348 -0.013159435 0.999471557 -0.020426706
1770721742.259817123 -69.428332189 37.466458123 -6.169541270 0.013811693 -0.023797136 0.999517150 -0.014436081
1770721742.658876181 -69.958431711 37.462501003 -6.128793146 0.014499261 -0.011650565 0.999701304 -0.015853632
1770721743.059882402 -70.460251568 37.429714538 -6.112643150 0.016065869 -0.019321650 0.999437352 -0.022215790
1770721743.459891558 -70.996118914 37.403207915 -6.103874666 0.016955417 -0.018374240 0.999550143 -0.016565406
1770721743.859897375 -71.548047379 37.420258501 -6.066583441 0.020099688 -0.000097396 0.999672897 -0.015814285
1770721744.259068966 -72.118676925 37.377273510 -6.041058504 0.022083815 -0.010503861 0.999547873 -0.017493548
1770721744.659893513 -72.674202480 37.306187558 -6.025112889 0.015229578 -0.030745183 0.999310043 -0.014220804
1770721745.059866428 -73.258708849 37.301251453 -5.972767409 0.015101974 -0.018443953 0.999537710 -0.018871052
1770721745.459938049 -73.835427120 37.269337415 -5.946755177 0.015559670 -0.024975242 0.999305619 -0.022856365
1770721745.859009504 -74.423178274 37.235067473 -5.935202664 0.014291550 -0.018499949 0.999564385 -0.018015081
1770721746.258889198 -74.998203341 37.245371297 -5.901549396 0.016621904 -0.008082713 0.999754249 -0.012240238
1770721746.659900665 -75.575032672 37.196834138 -5.876320009 0.018861241 -0.020233467 0.999456320 -0.017942254
1770721747.058969021 -76.155553094 37.127284155 -5.865826910 0.017642371 -0.034213188 0.999195806 -0.011222534
1770721747.459971666 -76.797915442 37.116408982 -5.816438219 0.018063676 -0.026938525 0.999353101 -0.015537025
1770721747.859879017 -77.402687383 37.095149480 -5.784524967 0.018893197 -0.027415869 0.999339861 -0.014534771
1770721748.259919882 -78.039459259 37.075720351 -5.752757171 0.017746064 -0.021791530 0.999575709 -0.007655576
1770721748.659887552 -78.640226049 37.092639272 -5.715261541 0.020194335 -0.008491796 0.999757711 -0.002144113
1770721749.060008764 -79.228164944 37.070128208 -5.698735134 0.021226853 -0.020588906 0.999520531 -0.009177512
1770721749.459971189 -79.830012024 37.032534919 -5.684842426 0.014540020 -0.025297859 0.999568915 -0.003254423
1770721749.859933138 -80.416791578 37.048205013 -5.653126739 0.019275351 -0.012389755 0.999735740 -0.001845115
1770721750.259919167 -80.955078273 37.025328830 -5.637387157 0.023818668 -0.019509361 0.999468431 -0.010719648
1770721750.659080029 -81.491861164 37.021685278 -5.604469123 0.025872356 -0.013548368 0.999562379 -0.004702411
1770721751.059953213 -82.013027966 37.013849723 -5.563716034 0.021517757 -0.011032934 0.999689705 0.005979422
1770721751.458869696 -82.518113555 36.988383483 -5.544890694 0.022491782 -0.022409914 0.999492641 0.002525020
1770721751.859986067 -83.062534668 36.999038432 -5.525740081 0.022210609 -0.019809070 0.999498376 0.010829847
1770721752.258735418 -83.576556234 37.007608740 -5.494307469 0.023273453 -0.017015897 0.999395165 0.019445037
1770721752.759989500 -84.216793877 37.020592085 -5.466664961 0.022153583 -0.022134348 0.999400583 0.014756804
1770721753.259888172 -84.812108816 37.029153462 -5.432179924 0.023667363 -0.021881092 0.999275432 0.020240679
1770721753.758955479 -85.430287924 37.043744891 -5.398784858 0.019159646 -0.030526678 0.999110256 0.021902633
1770721754.159130335 -85.978877350 37.084881901 -5.372292736 0.034159734 -0.023249283 0.998859876 0.023906733
1770721754.558921576 -86.516303941 37.122718959 -5.341787013 0.024723165 -0.021075972 0.999324925 0.017154090
1770721754.959949017 -87.024192374 37.114052904 -5.303119260 0.019956616 -0.028340239 0.999358652 0.008991656
1770721755.459034920 -87.636158364 37.138935857 -5.299189592 0.022423185 -0.031722833 0.999221941 0.006809978
1770721755.959964752 -88.191238965 37.156938598 -5.251954066 0.028604756 -0.026368549 0.999187844 -0.010493822
1770721756.459088087 -88.761395389 37.173501231 -5.232486961 0.020841211 -0.011979554 0.999031746 -0.036847035
1770721756.959021330 -89.274189967 37.130795669 -5.208274411 0.026906822 -0.011329404 0.997709703 -0.061016516
1770721757.459011316 -89.769160176 37.021343391 -5.192825867 0.025103366 -0.026032709 0.997079984 -0.067257892
1770721758.058693171 -90.296898463 36.916062649 -5.159998401 0.022038355 -0.040241708 0.996446562 -0.070634017
1770721758.759006262 -90.826262350 36.824708601 -5.136030493 0.025170135 -0.040106416 0.998244818 -0.035569967
1770721759.659995556 -91.348115496 36.853796497 -5.124393153 0.020793786 -0.017659958 0.999383928 -0.022079584
1770721763.954326868 -91.874380068 36.787497822 -5.107480684 0.026306497 -0.022350720 0.999119237 -0.023857145
1770721764.459071636 -92.371750862 36.723231689 -5.079177130 0.025980247 -0.035922149 0.998736588 -0.023661234
1770721764.960035563 -92.900622366 36.652107495 -5.026421738 0.028422229 -0.040306162 0.998500569 -0.023752994
1770721765.659027100 -93.486775780 36.648960117 -5.009992526 0.021590826 -0.030065690 0.998950223 -0.026987827
1770721766.359033585 -94.068653462 36.618855960 -4.971161274 0.022561203 -0.027966517 0.998900336 -0.030116201
1770721766.859203100 -94.570624108 36.569383258 -4.941430275 0.028008718 -0.034364799 0.998757614 -0.022755240
1770721767.258791924 -95.080195659 36.530737322 -4.904788312 0.023827957 -0.038739395 0.998684031 -0.023700077
1770721767.759168625 -95.686070836 36.502319383 -4.873877711 0.022196177 -0.032621763 0.998532601 -0.037091709
1770721768.158987045 -96.217077703 36.450836178 -4.834500640 0.021054271 -0.034358759 0.998385155 -0.040040934
1770721768.558737993 -96.717931359 36.437888179 -4.807527910 0.035473764 -0.026358077 0.998281840 -0.038473768
1770721769.058996201 -97.321799224 36.385911192 -4.767508389 0.025575314 -0.022688584 0.998682610 -0.038264549
1770721769.559012175 -97.909779465 36.313893098 -4.747916976 0.022034997 -0.030943824 0.998066401 -0.049197541
1770721770.059285879 -98.465902693 36.245298714 -4.715833966 0.026533985 -0.034690775 0.997472228 -0.056050447
1770721770.459085703 -98.984407349 36.198928529 -4.686596488 0.026593495 -0.025743137 0.998022497 -0.050805242
1770721770.858993053 -99.497705170 36.146608998 -4.641811121 0.024936161 -0.026110908 0.998323009 -0.045250172
1770721771.259339809 -100.007486684 36.084351348 -4.618947578 0.029288118 -0.033718759 0.997565509 -0.053556583
1770721771.659209013 -100.571368171 36.003004022 -4.594399110 0.025906511 -0.033635790 0.997903941 -0.048838625
1770721772.059092522 -101.126390177 35.960357948 -4.551519018 0.023676129 -0.029633912 0.998228385 -0.045840640
1770721772.459116936 -101.644289318 35.886478021 -4.515048947 0.026066940 -0.039496088 0.997465153 -0.053139838
1770721772.859191895 -102.173469407 35.819055393 -4.509407116 0.025951222 -0.040124513 0.997707148 -0.047927063
1770721773.260007143 -102.722550262 35.776994390 -4.477481815 0.026878680 -0.030880067 0.998032740 -0.047482711
1770721773.659223557 -103.295255495 35.682583130 -4.420546610 0.027714913 -0.045710878 0.997363198 -0.049082082
1770721774.059124947 -103.860892910 35.612320387 -4.388009775 0.024329996 -0.048923774 0.997555958 -0.043550274
1770721774.459011793 -104.421601908 35.585281038 -4.338032086 0.025450010 -0.032100611 0.998813121 -0.026347620
1770721774.858837128 -104.966679612 35.546549853 -4.307274945 0.026398685 -0.041730295 0.998634370 -0.017061266
1770721775.259034872 -105.492982595 35.537368420 -4.279863514 0.025956020 -0.036717006 0.998979608 -0.004229627
1770721775.759186983 -106.111259311 35.561403683 -4.238769244 0.035203392 -0.034068703 0.998783311 0.005651793
1770721776.159174204 -106.663596439 35.569857127 -4.212453903 0.028632528 -0.030263022 0.999131699 -0.000418540
1770721776.558887720 -107.165312184 35.564970104 -4.193649822 0.026890848 -0.035123164 0.999017130 -0.002831803
1770721776.959362984 -107.716351263 35.594907806 -4.139793456 0.038584738 -0.022114814 0.999005889 0.003063799
1770721777.359151363 -108.295485703 35.564977753 -4.111497689 0.031089043 -0.029065852 0.999085309 0.004146395
1770721777.859025478 -108.897791455 35.551954808 -4.056322651 0.030423164 -0.037046498 0.998848814 -0.001741986
1770721778.259178162 -109.426541689 35.540313824 -4.026637545 0.030689252 -0.037396069 0.998827006 0.002077465
1770721778.659065008 -109.954142792 35.559752599 -3.979841472 0.031442863 -0.025500321 0.999171605 0.004145318
1770721779.058763981 -110.471358894 35.536218989 -3.944578811 0.032211886 -0.036019566 0.998830146 -0.001823153
1770721779.459179640 -110.988933224 35.512138041 -3.925822658 0.029846098 -0.041160987 0.998688559 0.006012126
1770721779.859090805 -111.511687363 35.530703548 -3.893545437 0.032829571 -0.033210327 0.998898676 0.004552814
1770721780.258753061 -112.039639125 35.489584945 -3.834708741 0.030984391 -0.046626934 0.998431287 0.000928251
1770721780.659204483 -112.590807308 35.483258073 -3.797357033 0.030588207 -0.045321728 0.998501137 -0.002404639
1770721781.059033155 -113.130378798 35.508055444 -3.749107136 0.031454908 -0.030476939 0.999039822 0.001085429
1770721781.459092617 -113.701371095 35.485659945 -3.711405377 0.034231511 -0.039766710 0.998621857 -0.001094970
1770721781.862342119 -114.280396809 35.470688462 -3.682846852 0.028818793 -0.044012757 0.998615211 0.000122934
1770721782.259118795 -114.820178152 35.487856019 -3.638563181 0.031606216 -0.032477334 0.998959843 -0.005049975
1770721782.658846855 -115.332190144 35.460019452 -3.603665598 0.030856527 -0.043620075 0.998397372 -0.018650789
1770721783.059201479 -115.841931275 35.433715262 -3.586723542 0.030682760 -0.047048884 0.998258611 -0.018019864
1770721783.459387302 -116.356740242 35.446492929 -3.532724767 0.034307732 -0.030129603 0.998685983 -0.023270024
1770721783.859336615 -116.917896224 35.387806856 -3.492111855 0.037134891 -0.036814459 0.998013909 -0.035127371
1770721784.259235382 -117.477401126 35.311104484 -3.463954567 0.030988978 -0.048853148 0.997461441 -0.041517794
1770721784.658874273 -118.029480279 35.267031432 -3.408001549 0.032264254 -0.042879226 0.997376120 -0.048592858
1770721785.058866978 -118.524943387 35.195833144 -3.380871943 0.031368943 -0.049082843 0.996907226 -0.052752693
1770721785.459113121 -119.043950701 35.122207266 -3.359105409 0.031761214 -0.050433984 0.997283049 -0.043291557
1770721785.859091282 -119.575780178 35.103005556 -3.322481117 0.033443325 -0.041860590 0.997872517 -0.037143962
1770721786.258862019 -120.073475738 35.034793393 -3.285705393 0.033122587 -0.047139990 0.997371887 -0.043932154
1770721786.659212351 -120.579060031 34.963206852 -3.252942962 0.034770751 -0.056991052 0.997038731 -0.038167830
1770721787.059483767 -121.125770165 34.916274250 -3.197864529 0.032189144 -0.048485780 0.997635173 -0.036565688
1770721787.458885193 -121.624491384 34.891437099 -3.166606911 0.032558666 -0.049291857 0.997659241 -0.034442486
1770721787.859248877 -122.129663894 34.834362211 -3.140204409 0.033567602 -0.051951942 0.997869878 -0.020734494
1770721788.259126663 -122.633114299 34.819012947 -3.088257760 0.034949324 -0.046056861 0.998235324 -0.013548016
1770721788.759219885 -123.241368352 34.807329500 -3.058537797 0.033842397 -0.048863378 0.998015137 -0.020805029
1770721789.158920288 -123.747203088 34.751318129 -3.014326087 0.030064212 -0.055446858 0.997881880 -0.015923042
1770721789.559278965 -124.255849650 34.760205610 -2.979263905 0.044166803 -0.044899157 0.997955258 -0.010893179
1770721789.959192038 -124.758536444 34.769685698 -2.950508987 0.038636153 -0.033426272 0.998593793 -0.014155171
1770721790.359398365 -125.299705324 34.747609186 -2.881423747 0.038936700 -0.033061164 0.998599361 -0.013791659
1770721790.859176397 -125.889383936 34.693246639 -2.847041388 0.037978438 -0.048852655 0.998040052 -0.009333371
1770721791.358888626 -126.471523193 34.676321495 -2.793778218 0.042018487 -0.049042305 0.997878506 -0.008233230
1770721791.859144211 -127.041298269 34.662527489 -2.750267367 0.035642780 -0.038996363 0.998577931 -0.007140900
1770721792.359219551 -127.641432542 34.651891992 -2.721706102 0.036613915 -0.043263852 0.998287364 -0.014491340
1770721792.860150099 -128.233920814 34.618905672 -2.670920709 0.041956920 -0.045315272 0.997939350 -0.017412558
1770721793.358977556 -128.854415308 34.578155376 -2.611033278 0.035783470 -0.055665625 0.997689404 -0.015386159
1770721793.758902311 -129.357265777 34.545545381 -2.563860967 0.045993248 -0.059743957 0.997059504 -0.013697673
1770721794.258880138 -129.960814178 34.521303958 -2.513624258 0.036220898 -0.053244522 0.997733273 -0.019529018
1770721794.759244919 -130.556866393 34.513337520 -2.477764097 0.038459368 -0.049576087 0.997757412 -0.023307420
1770721795.259287596 -131.155468837 34.487989570 -2.420900033 0.036315979 -0.050489292 0.997760432 -0.024619143
1770721795.659237623 -131.673290106 34.421358369 -2.404819666 0.034071240 -0.058894557 0.997518698 -0.018083927
1770721796.159399033 -132.280086398 34.410154220 -2.338294796 0.046304123 -0.053722605 0.997325314 -0.017664287
1770721796.559191227 -132.796215600 34.431715232 -2.309888881 0.040132309 -0.033641526 0.998287713 -0.026063137
1770721796.958954334 -133.342138180 34.375966063 -2.248594200 0.036630534 -0.045333504 0.998003986 -0.024312974
1770721797.359200478 -133.877438403 34.338486673 -2.210672172 0.045566020 -0.056799013 0.997165679 -0.018926665
1770721797.759146929 -134.390126820 34.275227480 -2.177610831 0.037401787 -0.063101457 0.996989220 -0.025135778
1770721798.259326458 -134.996086884 34.227228345 -2.113397827 0.038753050 -0.066126064 0.996636632 -0.028999454
1770721798.659219265 -135.514133184 34.192155721 -2.081253296 0.034825248 -0.061038601 0.997232521 -0.024264983
1770721799.058923960 -136.034458000 34.186692256 -2.037930305 0.039433445 -0.051962453 0.997702813 -0.018275797
1770721799.459302187 -136.567634831 34.133612378 -1.993094565 0.041636236 -0.063802855 0.996804036 -0.024027746
1770721799.859279871 -137.120300068 34.087681534 -1.948544669 0.042480343 -0.065195903 0.996743783 -0.021136367
1770721800.259214163 -137.730549042 34.054091307 -1.878820601 0.039015743 -0.059827072 0.997195050 -0.022372427
1770721800.658968687 -138.317103174 34.027568993 -1.825615170 0.038982518 -0.061776970 0.996937343 -0.027926757
1770721801.059331656 -138.886979306 33.986354396 -1.789619474 0.036667416 -0.061035260 0.997182214 -0.023618422
1770721801.458994150 -139.430930780 33.997204423 -1.723391850 0.038238794 -0.047168607 0.998007468 -0.017146765
1770721801.859484673 -140.015331304 33.926417702 -1.682433707 0.041858719 -0.061315259 0.996984156 -0.022602661
1770721802.259227037 -140.604380667 33.859207363 -1.657393663 0.037432358 -0.073229424 0.996447451 -0.018131373
1770721802.659244299 -141.219603818 33.841887499 -1.595238335 0.039760370 -0.057168684 0.997312900 -0.022755976
1770721803.059273005 -141.787551788 33.797941400 -1.552449076 0.044044713 -0.064900722 0.996693371 -0.021219876
1770721803.459238052 -142.376630921 33.772423917 -1.480777667 0.043461846 -0.059362821 0.997255986 -0.008223241
1770721803.858956337 -142.963330989 33.758498804 -1.414062231 0.042191434 -0.057175632 0.997457612 0.005398267
1770721804.259368658 -143.483896277 33.744056448 -1.368357473 0.044471583 -0.064379524 0.996934075 0.000078777
1770721804.659322977 -144.019477996 33.756406639 -1.328644389 0.043656649 -0.057873560 0.997351306 0.005926178
1770721805.159351587 -144.606076430 33.764138252 -1.262631874 0.050257776 -0.056634893 0.997050239 0.012548534
1770721805.559224129 -145.133497334 33.781205329 -1.218218456 0.044735330 -0.055956438 0.997414238 0.005697852
1770721805.959028482 -145.698536353 33.730411555 -1.164073500 0.037919486 -0.070869195 0.996726569 0.008707261
1770721806.359405756 -146.258751074 33.728427159 -1.134787443 0.053638234 -0.076231536 0.995557811 0.013279220
1770721806.759331465 -146.820669167 33.735271646 -1.051846427 0.044200499 -0.070130275 0.996553774 -0.002938677
1770721807.159035921 -147.433909343 33.730519126 -0.983772581 0.039493268 -0.064944653 0.997100865 -0.003512554
1770721807.559447050 -147.945712527 33.735810266 -0.936189871 0.053152050 -0.062687490 0.996616345 -0.000999194
1770721807.959270239 -148.486175525 33.754465086 -0.895029347 0.040884346 -0.056055796 0.997553794 -0.008523304
1770721808.359224796 -148.987240786 33.689704066 -0.838577643 0.035816067 -0.076150681 0.996245665 -0.020318932
1770721808.859303713 -149.571968620 33.665715377 -0.801918987 0.041800395 -0.072446376 0.995947351 -0.033062431
1770721809.359400988 -150.111653230 33.660039832 -0.750725556 0.046725565 -0.069005124 0.994925000 -0.056384912
1770721809.859098911 -150.638881294 33.619599309 -0.711360458 0.040933086 -0.059133053 0.993147449 -0.092118992
1770721810.459014416 -151.162176097 33.537013729 -0.669470874 0.037852300 -0.062030413 0.978664621 -0.192184781
1770721811.159415007 -151.602060643 33.383030338 -0.664373113 0.033391258 -0.076226738 0.934188255 -0.346939207
1770721811.859520435 -151.756551774 33.235713970 -0.675288590 0.024198279 -0.101512934 0.861044167 -0.497707254
1770721812.559460878 -151.887323144 33.057755860 -0.678444242 -0.014048003 0.100011370 -0.766937793 0.633724547
1770721813.259399652 -151.972063939 32.831335210 -0.643153524 -0.012040521 0.095700121 -0.653141294 0.751067881
1770721813.859467983 -152.170051539 32.714673744 -0.647285989 0.007842562 0.072765376 -0.543421847 0.836263350
1770721829.359636068 -151.903098157 32.237642948 -0.743876139 0.006498517 0.070368435 -0.615522075 0.784944984
1770721830.259112835 -151.797084913 31.715926373 -0.797006642 0.000539844 0.074557894 -0.629241995 0.773624806
1770721831.159400940 -151.687592855 31.204626051 -0.859464318 -0.006220529 0.073522510 -0.626763407 0.775708306
1770721831.759199619 -151.596639722 30.662148513 -0.912873434 0.005431429 0.076776049 -0.627858417 0.774512586
1770721832.459490061 -151.476620587 30.161539053 -0.981766443 -0.001651944 0.074026705 -0.628256445 0.774474762
1770721833.059465647 -151.381234461 29.665532022 -1.037196346 -0.000913356 0.072659255 -0.627870156 0.774918619
1770721833.659555435 -151.289478579 29.130934951 -1.092851572 -0.000662470 0.071394909 -0.660555813 0.747374301
1770721834.259561300 -151.204887329 28.587296913 -1.153558091 -0.009638281 0.071456496 -0.700614781 0.709887316
1770721834.759677172 -151.183504262 28.080186371 -1.194869344 -0.015223368 0.077520148 -0.731865867 0.676853920
1770721835.259444237 -151.235277518 27.573718200 -1.253157570 -0.017243471 0.074355784 -0.763793131 0.640932082
1770721835.759647846 -151.343128413 27.056935251 -1.278269215 -0.022638601 0.066907720 -0.795029302 0.602444404
1770721836.259237051 -151.520742852 26.499098139 -1.293553215 -0.014751925 0.059965807 -0.813113439 0.578820367
1770721836.659580469 -151.696782382 26.001709999 -1.313862590 -0.019448756 0.060552793 -0.809446096 0.583739773
1770721837.059537411 -151.839743206 25.482140806 -1.344734300 -0.019461862 0.075197737 -0.802904758 0.591024945
1770721837.459426641 -152.014254283 24.945186154 -1.352545085 -0.010689919 0.068172902 -0.791195043 0.607658280
1770721837.859705687 -152.146315819 24.392520225 -1.395341450 -0.018773748 0.069414051 -0.768937368 0.635267314
1770721838.259532452 -152.258077725 23.774744527 -1.445842148 -0.013775283 0.079155945 -0.751568363 0.654743899
1770721838.659197569 -152.360849539 23.141072156 -1.482438802 -0.002794957 0.073450914 -0.730262564 0.679200809
1770721839.059479237 -152.371639698 22.503279717 -1.541784850 -0.013111466 0.071848904 -0.700412672 0.709991488
1770721839.459779739 -152.322498476 21.854740205 -1.603314928 -0.015685797 0.089921669 -0.679040698 0.728403583
1770721839.759294748 -152.290270593 21.350387732 -1.635283022 -0.009829299 0.081406529 -0.666141313 0.741304332
1770721840.059498787 -152.222060337 20.852755635 -1.680570111 -0.011770920 0.086187516 -0.661924291 0.744506138
1770721840.459617615 -152.169041851 20.229941976 -1.730490444 0.000895368 0.083684467 -0.666389137 0.740892453
1770721840.859648228 -152.097415585 19.592500475 -1.807909174 -0.012007222 0.077708223 -0.659157408 0.747882859
1770721841.259511709 -152.008047280 18.942195300 -1.869818467 -0.013706205 0.085529697 -0.662038077 0.744447711
1770721841.659210682 -151.954214952 18.325546597 -1.920318974 0.000075507 0.082430857 -0.666988202 0.740494353
1770721842.059557676 -151.865528556 17.709191013 -1.992570169 -0.011338122 0.079339327 -0.658594549 0.748217841
1770721842.459612370 -151.764893486 17.086141823 -2.074775259 -0.012677209 0.088488921 -0.661609991 0.744500651
1770721842.859293699 -151.734433306 16.460701429 -2.128763695 0.002154537 0.081602989 -0.665829585 0.741624753
1770721843.159581423 -151.661638667 15.960617459 -2.175263540 -0.006733873 0.086283910 -0.662075589 0.744423036
1770721843.559550762 -151.577957852 15.329726137 -2.247842825 -0.013009570 0.079026547 -0.663713232 0.743686964
1770721843.959561586 -151.502620918 14.679227547 -2.319983076 -0.011921521 0.075624859 -0.660938543 0.746524615
1770721844.359751701 -151.410122435 14.042291755 -2.367208450 -0.017328807 0.086767753 -0.656264863 0.749324695
1770721844.759552002 -151.343043974 13.417020422 -2.419197964 -0.015257035 0.076980085 -0.661533531 0.745798013
1770721845.159315348 -151.275845241 12.779224531 -2.494663810 -0.008758476 0.077358765 -0.660850633 0.746468587
1770721845.559300184 -151.176942953 12.149769902 -2.541501405 -0.015052004 0.085885289 -0.658088995 0.747874340
1770721845.959638834 -151.095209808 11.541376058 -2.613061393 -0.018145082 0.081473892 -0.662462413 0.744430193
1770721846.359780788 -151.009366429 10.910244608 -2.668349699 -0.016067257 0.078809215 -0.660203131 0.746768222
1770721846.759670973 -150.921366051 10.313235801 -2.708587935 -0.018781741 0.086131329 -0.655995012 0.749599349
1770721847.159731388 -150.872201532 9.703128514 -2.763135102 -0.013492206 0.076053128 -0.663311308 0.744346687
1770721847.559550762 -150.822026259 9.080004494 -2.830935147 -0.010314952 0.076379264 -0.665995682 0.741963316
1770721847.959790707 -150.725596619 8.478493957 -2.882154236 -0.015888918 0.087168054 -0.660897816 0.745227045
1770721848.359684944 -150.659784281 7.879065556 -2.942352489 -0.015563445 0.078943564 -0.665748781 0.741824948
1770721848.759558439 -150.590598031 7.236501549 -3.014924856 -0.014792715 0.078069517 -0.670399488 0.737733592
1770721849.159758329 -150.509243072 6.600609658 -3.079868399 -0.020090351 0.084529346 -0.673817876 0.733771516
1770721849.559558630 -150.492638817 5.974297687 -3.104509747 -0.017357037 0.073991561 -0.688206203 0.721523530
1770721849.859658718 -150.477413234 5.464699081 -3.147497616 -0.022887185 0.070941302 -0.694629773 0.715494925
1770721850.259660721 -150.435864600 4.813587849 -3.205785371 -0.021988366 0.081159284 -0.695040213 0.714036963
1770721850.659764528 -150.411309650 4.181162747 -3.244675626 -0.014582126 0.078221154 -0.690688516 0.718761564
1770721851.059757233 -150.379910343 3.561731300 -3.299115766 -0.023259933 0.073027968 -0.675004572 0.733821994
1770721851.459630251 -150.312467878 2.937513435 -3.361617899 -0.021029190 0.085311793 -0.671352505 0.735911330
1770721851.859282017 -150.259030268 2.321857410 -3.409715627 -0.011538376 0.080794694 -0.673909134 0.734292560
1770721852.259634733 -150.193090480 1.687340242 -3.470917857 -0.025846909 0.074806704 -0.667345175 0.740531101
1770721852.659914255 -150.094390437 1.056694279 -3.532687774 -0.030130212 0.084544930 -0.670127894 0.736799112
1770721853.059695005 -150.030598189 0.402911535 -3.571968017 -0.019799172 0.080682307 -0.671958499 0.735914489
1770721853.359262466 -149.984517101 -0.095225700 -3.615903129 -0.020948771 0.087017570 -0.665340679 0.741155094
1770721853.759674549 -149.937846969 -0.708981437 -3.667629676 -0.018386167 0.079100677 -0.670778369 0.737198353
1770721854.159847260 -149.886817389 -1.366212173 -3.722165759 -0.018517835 0.076304894 -0.671467603 0.736862206
1770721854.559844255 -149.794491458 -1.982073432 -3.770998426 -0.024161606 0.086473518 -0.660534556 0.745407705
1770721854.959745169 -149.741576311 -2.607966733 -3.830218112 -0.022353326 0.076705572 -0.658012603 0.748756301
1770721855.359396458 -149.654504220 -3.245161197 -3.891681149 -0.018313302 0.080988124 -0.650553976 0.754907326
1770721855.759349108 -149.540583422 -3.856220486 -3.951347517 -0.021432693 0.090220985 -0.641299781 0.761666203
1770721856.159603834 -149.459369909 -4.489976470 -3.994598957 -0.020024169 0.080158002 -0.644287161 0.760307689
1770721856.459701538 -149.366389081 -4.981353930 -4.038015243 -0.027198570 0.077744352 -0.647027439 0.758004978
1770721856.859345675 -149.233252324 -5.621268366 -4.100929288 -0.031393044 0.085091921 -0.645597373 0.758272955
1770721857.259854794 -149.141253600 -6.252455420 -4.150530372 -0.019875152 0.079648279 -0.646761554 0.758261579
1770721857.659561157 -149.032287616 -6.864217935 -4.206393005 -0.027310606 0.075684221 -0.640931087 0.763369747
1770721858.059633732 -148.918609002 -7.502502117 -4.274249477 -0.025819926 0.087953821 -0.645337098 0.758378195
1770721858.459763050 -148.827018727 -8.122826529 -4.315228772 -0.014347982 0.080936042 -0.648277084 0.756954632
1770721858.859603882 -148.714193960 -8.729022805 -4.377945732 -0.030173905 0.075503603 -0.641488480 0.762811426
1770721859.259310961 -148.577392882 -9.361812992 -4.435388842 -0.033620429 0.086157574 -0.645018022 0.758550124
1770721859.559582233 -148.506082644 -9.862424568 -4.469710909 -0.030303783 0.079702354 -0.642713443 0.761346600
1770721859.959311962 -148.395428151 -10.503021898 -4.523826161 -0.026420665 0.088756362 -0.640298067 0.762523863
1770721860.359674215 -148.312553550 -11.098079002 -4.564487188 -0.023076731 0.081273479 -0.644766116 0.759696480
1770721860.759627104 -148.229188002 -11.738032175 -4.633136739 -0.022304671 0.077934299 -0.646469900 0.758620732
1770721861.159791470 -148.099307564 -12.343537525 -4.679342230 -0.030516377 0.088091860 -0.640724327 0.762089832
1770721861.559653997 -147.999342550 -12.885076442 -4.732493234 -0.033695248 0.082280190 -0.645701834 0.758395505
1770721861.959880352 -147.907755382 -13.481440847 -4.794633775 -0.023981606 0.082733267 -0.640038023 0.763499455
1770721862.359766483 -147.794919218 -14.050128745 -4.842164809 -0.030015982 0.088425109 -0.638186353 0.764197762
1770721862.759691000 -147.725412951 -14.621639709 -4.873295057 -0.026839029 0.079387551 -0.645408548 0.759226639
1770721863.159410954 -147.607207928 -15.269509956 -4.934939927 -0.031066955 0.080491838 -0.647107360 0.757501138
1770721863.559656858 -147.480197088 -15.873009925 -4.966233312 -0.034614198 0.089456169 -0.640512078 0.761934202
1770721863.959629297 -147.378606607 -16.473748869 -5.004992239 -0.029906837 0.080745602 -0.642900980 0.761093988
1770721864.359316587 -147.299067213 -17.040005975 -5.067210272 -0.028319775 0.080662336 -0.643666110 0.760516612
1770721864.859623671 -147.204253932 -17.535056686 -5.078323598 -0.029958323 0.081329368 -0.637274022 0.765747905
1770721865.559376955 -147.121904668 -18.119039322 -5.154271447 -0.027849038 0.078757539 -0.639358941 0.764357133
1770721866.159437418 -146.997572753 -18.688268338 -5.210459094 -0.033063210 0.081970974 -0.639481201 0.763708961
1770721866.660027266 -146.913997912 -19.186045710 -5.240233417 -0.030972277 0.081871118 -0.636405280 0.766372075
1770721872.059877872 -147.054823813 -18.774519624 -5.264881032 -0.044581502 0.085126169 -0.512416983 0.853343343
1770721873.459847212 -147.377675486 -18.559589397 -5.176715640 -0.031288136 0.083341280 -0.365054647 0.926720232
1770721874.259384155 -147.460662574 -18.604594439 -5.165922250 -0.014451798 0.088615294 -0.198864066 0.975905507
1770721874.959851503 -147.498506006 -18.721648499 -5.170749940 0.015938618 0.081037159 -0.053013988 0.995172576
1770721876.559748411 -146.980678206 -18.618398777 -5.235707724 0.003794688 0.085575694 -0.042973141 0.995397262
1770721877.159573555 -146.433162969 -18.552321706 -5.309039316 -0.015151051 0.090126124 -0.037196370 0.995120172
1770721877.759826422 -145.917770132 -18.567335917 -5.389004358 -0.012129062 0.097916274 -0.035804599 0.994476405
